time;symbol;tf;cycle;event;detail;state;risk;active_orders;pending_orders;pyramid_level;buy_stop_ticket;sell_stop_ticket;entry_price;profit_money;price_move;peak_profit;worst_profit;lot_mode;auto_lot;last_lot;lot_base;lot_raw;lot_reason;balance;equity;spread;last_error
2026.08.06 09:33:06;XAUUSD;5;1786008786;EA_INIT;V6.48|Preset=AGGRESSIVE|MaxLoss=$50.0 SL=$12.0 RiskPct=1.50|TrailOppPending=ON OppATR=1.0|HedgeEnabled=OFF|DailyDD=4.0% WeeklyLim=$100|AutoLotMode=KELLY_LITE|Session=ALL NewsFilter=OFF (0 times);IDLE;SAFE;0;0;0;-1;-1;0.00;0.00;0.00;0.00;0.00;KELLY_LITE;true;0.00;0.00;0.0000;INIT;213535.53;213535.53;36;0
2026.08.06 09:33:06;XAUUSD;5;1786008786;DAILY_BASELINE_RESTORED;startEquity=213544.66 paused=false hardStop=false;IDLE;SAFE;0;0;0;-1;-1;0.00;0.00;0.00;0.00;0.00;KELLY_LITE;true;0.00;0.00;0.0000;INIT;213535.53;213535.53;36;0
2026.08.06 09:33:06;XAUUSD;5;1786008786;WEEKLY_BASELINE_RESTORED;startEquity=214135.37 paused=false;IDLE;SAFE;0;0;0;-1;-1;0.00;0.00;0.00;0.00;0.00;KELLY_LITE;true;0.00;0.00;0.0000;INIT;213535.53;213535.53;36;0
2026.08.06 09:33:06;XAUUSD;5;1786008786;FILTER_BLOCK_TREND;TREND_NEUTRAL_EMA;BLOCKED;SAFE;0;0;0;-1;-1;0.00;0.00;0.00;0.00;0.00;KELLY_LITE;true;0.00;0.00;0.0000;INIT;213535.53;213535.53;36;0
2026.08.06 09:38:06;XAUUSD;5;1786008786;FILTER_BLOCK_TREND;TREND_NEUTRAL_EMA;BLOCKED;SAFE;0;0;0;-1;-1;0.00;0.00;0.00;0.00;0.00;KELLY_LITE;true;0.00;0.00;0.0000;INIT;213535.53;213535.53;36;0
2026.08.06 09:43:06;XAUUSD;5;1786008787;PLACE_PENDING_START;cycle=1786008787 trend=1 consecLosses=0 preset=AGGRESSIVE;PLACE_PENDING;SAFE;0;0;0;-1;-1;0.00;0.00;0.00;0.00;0.00;KELLY_LITE;true;0.00;0.00;0.0000;INIT;213535.53;213535.53;33;0
2026.08.06 09:43:07;XAUUSD;5;1786008787;DIR_OCO_PLACED;dir=BULL ticket=118047817 price=4273.37 sl=4258.37 tp=4295.87 lot=0.04 dist=1.91;PLACE_PENDING;SAFE;0;1;0;118047817;-1;0.00;0.00;0.00;0.00;0.00;KELLY_LITE;true;0.04;213535.53;0.0417;KELLY_LITE(mult=1.00 taper=1.00 n=0)+HARD_RISK_CAP(2.0%)+MAXLOSS_CAP;213535.53;213535.53;33;0
2026.08.06 09:43:08;XAUUSD;5;1786008787;DIR_OCO_COUNTER_PLACED;dir=BEAR(counter) ticket=118047819 price=4269.57 lot=0.03;PLACE_PENDING;SAFE;0;2;0;118047817;118047819;0.00;0.00;0.00;0.00;0.00;KELLY_LITE;true;0.04;213535.53;0.0417;KELLY_LITE(mult=1.00 taper=1.00 n=0)+HARD_RISK_CAP(2.0%)+MAXLOSS_CAP;213535.53;213535.53;33;0
2026.08.06 09:43:19;XAUUSD;5;1786008787;BUY_STOP_TRAILED;Old=4273.37 New=4272.98;WAIT_TRIGGER;SAFE;0;2;0;118047817;118047819;0.00;0.00;0.00;0.00;0.00;KELLY_LITE;true;0.04;213535.53;0.0417;KELLY_LITE(mult=1.00 taper=1.00 n=0)+HARD_RISK_CAP(2.0%)+MAXLOSS_CAP;213535.53;213535.53;36;0
2026.08.06 09:43:40;XAUUSD;5;1786008787;SELL_STOP_TRAILED;Old=4269.57 New=4270.19;WAIT_TRIGGER;SAFE;0;2;0;118047817;118047819;0.00;0.00;0.00;0.00;0.00;KELLY_LITE;true;0.04;213535.53;0.0417;KELLY_LITE(mult=1.00 taper=1.00 n=0)+HARD_RISK_CAP(2.0%)+MAXLOSS_CAP;213535.53;213535.53;36;0
2026.08.06 09:43:45;XAUUSD;5;1786008787;SELL_STOP_TRAILED;Old=4270.19 New=4270.52;WAIT_TRIGGER;SAFE;0;2;0;118047817;118047819;0.00;0.00;0.00;0.00;0.00;KELLY_LITE;true;0.04;213535.53;0.0417;KELLY_LITE(mult=1.00 taper=1.00 n=0)+HARD_RISK_CAP(2.0%)+MAXLOSS_CAP;213535.53;213535.53;36;0
2026.08.06 09:43:46;XAUUSD;5;1786008787;OCO_TRIGGERED_BUY;ticket=118047817 entry=4272.98;POSITION_ACTIVE;SAFE;1;1;0;-1;118047819;0.00;0.44;-1.04;0.00;0.00;KELLY_LITE;true;0.04;213535.53;0.0417;KELLY_LITE(mult=1.00 taper=1.00 n=0)+HARD_RISK_CAP(2.0%)+MAXLOSS_CAP;213535.53;213535.97;37;0
2026.08.06 09:43:46;XAUUSD;5;1786008787;OPPOSITE_TRAIL_ARMED;opposite_ticket=118047819 will trail price;POSITION_ACTIVE;SAFE;1;1;0;-1;118047819;0.00;0.44;-1.04;0.00;0.00;KELLY_LITE;true;0.04;213535.53;0.0417;KELLY_LITE(mult=1.00 taper=1.00 n=0)+HARD_RISK_CAP(2.0%)+MAXLOSS_CAP;213535.53;213535.97;37;0
2026.08.06 09:48:05;XAUUSD;5;1786008787;REVERSAL_CHASER_TRIGGERED_FLIP;newDir=BEAR ticket=118047819 entry=4270.52 lot=0.03;MANAGE_PROFIT;SAFE;2;0;1;-1;-1;4272.98;-11.06;-0.66;7.92;-9.72;KELLY_LITE;true;0.04;213535.53;0.0417;KELLY_LITE(mult=1.00 taper=1.00 n=0)+HARD_RISK_CAP(2.0%)+MAXLOSS_CAP;213535.53;213524.47;36;0
2026.08.06 09:48:05;XAUUSD;5;1786008787;POSITION_CLOSED;ticket=118047817 reason=reversal_chaser_flip lots=0.04 price=4270.38 pnl=-10.40;MANAGE_PROFIT;SAFE;1;0;1;-1;-1;4272.98;-0.96;-0.96;7.92;-9.72;KELLY_LITE;true;0.04;213535.53;0.0417;KELLY_LITE(mult=1.00 taper=1.00 n=0)+HARD_RISK_CAP(2.0%)+MAXLOSS_CAP;213525.53;213524.57;36;0
2026.08.06 09:48:05;XAUUSD;5;1786008787;CYCLE_RESET;oldState=MANAGE_PROFIT realizedPnL=-10.00 peak=7.92 worst=-9.72 pyramid=1 consLosses=1 reason=chaser_flip;MANAGE_PROFIT;SAFE;1;0;1;-1;-1;4272.98;-0.96;-0.96;7.92;-9.72;KELLY_LITE;true;0.04;213535.53;0.0417;KELLY_LITE(mult=1.00 taper=1.00 n=0)+HARD_RISK_CAP(2.0%)+MAXLOSS_CAP;213525.53;213524.57;36;0
2026.08.06 09:58:05;XAUUSD;5;1786008788;EXIT_TIME_LOSS;held=10 profit=-18.36;MANAGE_PROFIT;SAFE;1;0;1;-1;-1;4270.52;-18.36;-18.36;0.00;-20.97;KELLY_LITE;true;0.04;213535.53;0.0417;KELLY_LITE(mult=1.00 taper=1.00 n=0)+HARD_RISK_CAP(2.0%)+MAXLOSS_CAP;213525.53;213507.17;36;0
2026.08.06 09:58:05;XAUUSD;5;1786008788;POSITION_CLOSED;ticket=118047819 reason=time_loss_exit lots=0.03 price=4276.64 pnl=-18.36;MANAGE_PROFIT;SAFE;0;0;1;-1;-1;4270.52;0.00;0.00;0.00;-20.97;KELLY_LITE;true;0.04;213535.53;0.0417;KELLY_LITE(mult=1.00 taper=1.00 n=0)+HARD_RISK_CAP(2.0%)+MAXLOSS_CAP;213506.84;213506.84;36;0
2026.08.06 09:58:05;XAUUSD;5;1786008788;CYCLE_RESET;oldState=RESET realizedPnL=-28.69 peak=0.00 worst=-20.97 pyramid=0 consLosses=2;RESET;SAFE;0;0;0;-1;-1;4270.52;0.00;0.00;0.00;-20.97;KELLY_LITE;true;0.04;213535.53;0.0417;KELLY_LITE(mult=1.00 taper=1.00 n=0)+HARD_RISK_CAP(2.0%)+MAXLOSS_CAP;213506.84;213506.84;36;0
2026.08.06 10:03:05;XAUUSD;5;1786008789;PLACE_PENDING_START;cycle=1786008789 trend=1 consecLosses=2 preset=AGGRESSIVE;PLACE_PENDING;SAFE;0;0;0;-1;-1;0.00;0.00;0.00;0.00;0.00;KELLY_LITE;true;0.04;213535.53;0.0417;KELLY_LITE(mult=1.00 taper=1.00 n=0)+HARD_RISK_CAP(2.0%)+MAXLOSS_CAP;213506.84;213506.84;36;0
2026.08.06 10:03:05;XAUUSD;5;1786008789;DIR_OCO_PLACED;dir=BULL ticket=118050466 price=4284.31 sl=4269.31 tp=4306.81 lot=0.04 dist=1.95;PLACE_PENDING;SAFE;0;1;0;118050466;-1;0.00;0.00;0.00;0.00;0.00;KELLY_LITE;true;0.04;213506.84;0.0417;KELLY_LITE(mult=1.00 taper=1.00 n=2)+CONSEC_REDUCE(0.50)+HARD_RISK_CAP(2.0%)+MAXLOSS_CAP;213506.84;213506.84;36;0
2026.08.06 10:03:06;XAUUSD;5;1786008789;DIR_OCO_COUNTER_PLACED;dir=BEAR(counter) ticket=118050468 price=4280.17 lot=0.03;PLACE_PENDING;SAFE;0;2;0;118050466;118050468;0.00;0.00;0.00;0.00;0.00;KELLY_LITE;true;0.04;213506.84;0.0417;KELLY_LITE(mult=1.00 taper=1.00 n=2)+CONSEC_REDUCE(0.50)+HARD_RISK_CAP(2.0%)+MAXLOSS_CAP;213506.84;213506.84;33;0
2026.08.06 10:03:08;XAUUSD;5;1786008789;SELL_STOP_TRAILED;Old=4280.17 New=4280.51;WAIT_TRIGGER;SAFE;0;2;0;118050466;118050468;0.00;0.00;0.00;0.00;0.00;KELLY_LITE;true;0.04;213506.84;0.0417;KELLY_LITE(mult=1.00 taper=1.00 n=2)+CONSEC_REDUCE(0.50)+HARD_RISK_CAP(2.0%)+MAXLOSS_CAP;213506.84;213506.84;36;0
2026.08.06 10:03:36;XAUUSD;5;1786008789;BUY_STOP_TRAILED;Old=4284.31 New=4283.95;WAIT_TRIGGER;SAFE;0;2;0;118050466;118050468;0.00;0.00;0.00;0.00;0.00;KELLY_LITE;true;0.04;213506.84;0.0417;KELLY_LITE(mult=1.00 taper=1.00 n=2)+CONSEC_REDUCE(0.50)+HARD_RISK_CAP(2.0%)+MAXLOSS_CAP;213506.84;213506.84;34;0
2026.08.06 10:03:37;XAUUSD;5;1786008789;BUY_STOP_TRAILED;Old=4283.95 New=4283.64;WAIT_TRIGGER;SAFE;0;2;0;118050466;118050468;0.00;0.00;0.00;0.00;0.00;KELLY_LITE;true;0.04;213506.84;0.0417;KELLY_LITE(mult=1.00 taper=1.00 n=2)+CONSEC_REDUCE(0.50)+HARD_RISK_CAP(2.0%)+MAXLOSS_CAP;213506.84;213506.84;36;0
2026.08.06 10:03:47;XAUUSD;5;1786008789;BUY_STOP_TRAILED;Old=4283.64 New=4283.28;WAIT_TRIGGER;SAFE;1;1;0;118050466;118050468;0.00;-1.08;-1.08;0.00;0.00;KELLY_LITE;true;0.04;213506.84;0.0417;KELLY_LITE(mult=1.00 taper=1.00 n=2)+CONSEC_REDUCE(0.50)+HARD_RISK_CAP(2.0%)+MAXLOSS_CAP;213506.84;213505.76;36;0
2026.08.06 10:03:47;XAUUSD;5;1786008789;OCO_TRIGGERED_SELL;ticket=118050468 entry=4280.51;POSITION_ACTIVE;SAFE;1;1;0;118050466;-1;0.00;-1.08;-1.08;0.00;0.00;KELLY_LITE;true;0.04;213506.84;0.0417;KELLY_LITE(mult=1.00 taper=1.00 n=2)+CONSEC_REDUCE(0.50)+HARD_RISK_CAP(2.0%)+MAXLOSS_CAP;213506.84;213505.76;36;0
2026.08.06 10:03:47;XAUUSD;5;1786008789;OPPOSITE_TRAIL_ARMED;opposite_ticket=118050466 will trail price;POSITION_ACTIVE;SAFE;1;1;0;118050466;-1;0.00;-1.08;-1.08;0.00;0.00;KELLY_LITE;true;0.04;213506.84;0.0417;KELLY_LITE(mult=1.00 taper=1.00 n=2)+CONSEC_REDUCE(0.50)+HARD_RISK_CAP(2.0%)+MAXLOSS_CAP;213506.84;213505.76;36;0
2026.08.06 10:03:51;XAUUSD;5;1786008789;OPPOSITE_PENDING_TRAILED;BUY_STOP trailed DOWN: ticket=118050466 old=4283.28 new=4282.84 dist=2.93;MANAGE_PROFIT;SAFE;1;1;1;-1;-1;4280.51;1.65;1.65;1.14;-1.17;KELLY_LITE;true;0.04;213506.84;0.0417;KELLY_LITE(mult=1.00 taper=1.00 n=2)+CONSEC_REDUCE(0.50)+HARD_RISK_CAP(2.0%)+MAXLOSS_CAP;213506.84;213508.49;36;0
2026.08.06 10:03:53;XAUUSD;5;1786008789;OPPOSITE_PENDING_TRAILED;BUY_STOP trailed DOWN: ticket=118050466 old=4282.84 new=4282.38 dist=2.93;MANAGE_PROFIT;SAFE;1;1;1;-1;-1;4280.51;3.03;3.03;2.52;-1.17;KELLY_LITE;true;0.04;213506.84;0.0417;KELLY_LITE(mult=1.00 taper=1.00 n=2)+CONSEC_REDUCE(0.50)+HARD_RISK_CAP(2.0%)+MAXLOSS_CAP;213506.84;213509.87;36;0
2026.08.06 10:04:01;XAUUSD;5;1786008789;OPPOSITE_PENDING_TRAILED;BUY_STOP trailed DOWN: ticket=118050466 old=4282.38 new=4282.02 dist=2.93;MANAGE_PROFIT;SAFE;1;1;1;-1;-1;4280.51;3.90;3.90;3.81;-1.17;KELLY_LITE;true;0.04;213506.84;0.0417;KELLY_LITE(mult=1.00 taper=1.00 n=2)+CONSEC_REDUCE(0.50)+HARD_RISK_CAP(2.0%)+MAXLOSS_CAP;213506.84;213510.74;34;0
2026.08.06 10:04:04;XAUUSD;5;1786008789;OPPOSITE_PENDING_TRAILED;BUY_STOP trailed DOWN: ticket=118050466 old=4282.02 new=4281.68 dist=2.93;MANAGE_PROFIT;SAFE;1;1;1;-1;-1;4280.51;5.07;5.07;5.16;-1.17;KELLY_LITE;true;0.04;213506.84;0.0417;KELLY_LITE(mult=1.00 taper=1.00 n=2)+CONSEC_REDUCE(0.50)+HARD_RISK_CAP(2.0%)+MAXLOSS_CAP;213506.84;213511.91;35;0
2026.08.06 10:06:16;XAUUSD;5;1786008789;OPPOSITE_PENDING_TRAILED;BUY_STOP trailed DOWN: ticket=118050466 old=4281.68 new=4281.25 dist=2.85;MANAGE_PROFIT;SAFE;1;1;1;-1;-1;4280.51;6.63;6.63;5.64;-1.50;KELLY_LITE;true;0.04;213506.84;0.0417;KELLY_LITE(mult=1.00 taper=1.00 n=2)+CONSEC_REDUCE(0.50)+HARD_RISK_CAP(2.0%)+MAXLOSS_CAP;213506.84;213513.47;36;0
2026.08.06 10:06:19;XAUUSD;5;1786008789;OPPOSITE_PENDING_TRAILED;BUY_STOP trailed DOWN: ticket=118050466 old=4281.25 new=4280.94 dist=2.87;MANAGE_PROFIT;SAFE;1;1;1;-1;-1;4280.51;6.69;6.69;7.29;-1.50;KELLY_LITE;true;0.04;213506.84;0.0417;KELLY_LITE(mult=1.00 taper=1.00 n=2)+CONSEC_REDUCE(0.50)+HARD_RISK_CAP(2.0%)+MAXLOSS_CAP;213506.84;213513.53;36;0
2026.08.06 10:07:24;XAUUSD;5;1786008789;OPPOSITE_PENDING_TRAILED;BUY_STOP trailed DOWN: ticket=118050466 old=4280.94 new=4280.62 dist=2.88;MANAGE_PROFIT;SAFE;1;1;1;-1;-1;4280.51;8.79;8.79;7.95;-1.50;KELLY_LITE;true;0.04;213506.84;0.0417;KELLY_LITE(mult=1.00 taper=1.00 n=2)+CONSEC_REDUCE(0.50)+HARD_RISK_CAP(2.0%)+MAXLOSS_CAP;213506.84;213515.63;36;0
2026.08.06 10:07:24;XAUUSD;5;1786008789;SL_MODIFIED;ticket=118050468 oldSL=4292.51 newSL=4278.84 reason=break_even_lock_leg_0;MANAGE_PROFIT;SAFE;1;1;1;-1;-1;4280.51;8.85;8.85;8.79;-1.50;KELLY_LITE;true;0.04;213506.84;0.0417;KELLY_LITE(mult=1.00 taper=1.00 n=2)+CONSEC_REDUCE(0.50)+HARD_RISK_CAP(2.0%)+MAXLOSS_CAP;213506.84;213515.69;36;0
2026.08.06 10:07:24;XAUUSD;5;1786008789;PROFIT_RATCHET_LOCKED;floor=3.74 peak=8.79;MANAGE_PROFIT;SAFE;1;1;1;-1;-1;4280.51;8.85;8.85;8.79;-1.50;KELLY_LITE;true;0.04;213506.84;0.0417;KELLY_LITE(mult=1.00 taper=1.00 n=2)+CONSEC_REDUCE(0.50)+HARD_RISK_CAP(2.0%)+MAXLOSS_CAP;213506.84;213515.69;36;0
2026.08.06 10:07:24;XAUUSD;5;1786008789;PROFIT_RATCHET_LOCKED;floor=3.76 peak=8.85;MANAGE_PROFIT;SAFE;1;1;1;-1;-1;4280.51;8.85;8.85;8.85;-1.50;KELLY_LITE;true;0.04;213506.84;0.0417;KELLY_LITE(mult=1.00 taper=1.00 n=2)+CONSEC_REDUCE(0.50)+HARD_RISK_CAP(2.0%)+MAXLOSS_CAP;213506.84;213515.69;36;0
2026.08.06 10:07:24;XAUUSD;5;1786008789;PROFIT_RATCHET_LOCKED;floor=3.76 peak=8.85;MANAGE_PROFIT;SAFE;1;1;1;-1;-1;4280.51;8.82;8.82;8.85;-1.50;KELLY_LITE;true;0.04;213506.84;0.0417;KELLY_LITE(mult=1.00 taper=1.00 n=2)+CONSEC_REDUCE(0.50)+HARD_RISK_CAP(2.0%)+MAXLOSS_CAP;213506.84;213515.66;36;0
2026.08.06 10:07:25;XAUUSD;5;1786008789;PROFIT_RATCHET_LOCKED;floor=3.76 peak=8.85;MANAGE_PROFIT;SAFE;1;1;1;-1;-1;4280.51;8.19;8.19;8.85;-1.50;KELLY_LITE;true;0.04;213506.84;0.0417;KELLY_LITE(mult=1.00 taper=1.00 n=2)+CONSEC_REDUCE(0.50)+HARD_RISK_CAP(2.0%)+MAXLOSS_CAP;213506.84;213515.03;37;0
2026.08.06 10:07:25;XAUUSD;5;1786008789;PROFIT_RATCHET_LOCKED;floor=3.76 peak=8.85;MANAGE_PROFIT;SAFE;1;1;1;-1;-1;4280.51;8.01;8.01;8.85;-1.50;KELLY_LITE;true;0.04;213506.84;0.0417;KELLY_LITE(mult=1.00 taper=1.00 n=2)+CONSEC_REDUCE(0.50)+HARD_RISK_CAP(2.0%)+MAXLOSS_CAP;213506.84;213514.85;36;0
2026.08.06 10:07:25;XAUUSD;5;1786008789;PROFIT_RATCHET_LOCKED;floor=3.76 peak=8.85;MANAGE_PROFIT;SAFE;1;1;1;-1;-1;4280.51;8.07;8.07;8.85;-1.50;KELLY_LITE;true;0.04;213506.84;0.0417;KELLY_LITE(mult=1.00 taper=1.00 n=2)+CONSEC_REDUCE(0.50)+HARD_RISK_CAP(2.0%)+MAXLOSS_CAP;213506.84;213514.91;36;0
2026.08.06 10:07:25;XAUUSD;5;1786008789;PROFIT_RATCHET_LOCKED;floor=3.76 peak=8.85;MANAGE_PROFIT;SAFE;1;1;1;-1;-1;4280.51;8.13;8.13;8.85;-1.50;KELLY_LITE;true;0.04;213506.84;0.0417;KELLY_LITE(mult=1.00 taper=1.00 n=2)+CONSEC_REDUCE(0.50)+HARD_RISK_CAP(2.0%)+MAXLOSS_CAP;213506.84;213514.97;36;0
2026.08.06 10:07:26;XAUUSD;5;1786008789;PROFIT_RATCHET_LOCKED;floor=3.76 peak=8.85;MANAGE_PROFIT;SAFE;1;1;1;-1;-1;4280.51;8.28;8.28;8.85;-1.50;KELLY_LITE;true;0.04;213506.84;0.0417;KELLY_LITE(mult=1.00 taper=1.00 n=2)+CONSEC_REDUCE(0.50)+HARD_RISK_CAP(2.0%)+MAXLOSS_CAP;213506.84;213515.12;36;0
2026.08.06 10:07:26;XAUUSD;5;1786008789;PROFIT_RATCHET_LOCKED;floor=3.76 peak=8.85;MANAGE_PROFIT;SAFE;1;1;1;-1;-1;4280.51;8.52;8.52;8.85;-1.50;KELLY_LITE;true;0.04;213506.84;0.0417;KELLY_LITE(mult=1.00 taper=1.00 n=2)+CONSEC_REDUCE(0.50)+HARD_RISK_CAP(2.0%)+MAXLOSS_CAP;213506.84;213515.36;36;0
2026.08.06 10:07:26;XAUUSD;5;1786008789;PROFIT_RATCHET_LOCKED;floor=3.76 peak=8.85;MANAGE_PROFIT;SAFE;1;1;1;-1;-1;4280.51;8.67;8.67;8.85;-1.50;KELLY_LITE;true;0.04;213506.84;0.0417;KELLY_LITE(mult=1.00 taper=1.00 n=2)+CONSEC_REDUCE(0.50)+HARD_RISK_CAP(2.0%)+MAXLOSS_CAP;213506.84;213515.51;36;0
2026.08.06 10:07:27;XAUUSD;5;1786008789;OPPOSITE_PENDING_TRAILED;BUY_STOP trailed DOWN: ticket=118050466 old=4280.62 new=4280.31 dist=2.89;MANAGE_PROFIT;SAFE;1;1;1;-1;-1;4280.51;9.72;9.72;8.85;-1.50;KELLY_LITE;true;0.04;213506.84;0.0417;KELLY_LITE(mult=1.00 taper=1.00 n=2)+CONSEC_REDUCE(0.50)+HARD_RISK_CAP(2.0%)+MAXLOSS_CAP;213506.84;213516.56;36;0
2026.08.06 10:07:27;XAUUSD;5;1786008789;PROFIT_RATCHET_LOCKED;floor=4.13 peak=9.72;MANAGE_PROFIT;SAFE;1;1;1;-1;-1;4280.51;9.72;9.72;9.72;-1.50;KELLY_LITE;true;0.04;213506.84;0.0417;KELLY_LITE(mult=1.00 taper=1.00 n=2)+CONSEC_REDUCE(0.50)+HARD_RISK_CAP(2.0%)+MAXLOSS_CAP;213506.84;213516.56;36;0
2026.08.06 10:07:27;XAUUSD;5;1786008789;PROFIT_RATCHET_LOCKED;floor=4.13 peak=9.72;MANAGE_PROFIT;SAFE;1;1;1;-1;-1;4280.51;9.72;9.72;9.72;-1.50;KELLY_LITE;true;0.04;213506.84;0.0417;KELLY_LITE(mult=1.00 taper=1.00 n=2)+CONSEC_REDUCE(0.50)+HARD_RISK_CAP(2.0%)+MAXLOSS_CAP;213506.84;213516.56;36;0
2026.08.06 10:07:27;XAUUSD;5;1786008789;PROFIT_RATCHET_LOCKED;floor=4.27 peak=10.05;MANAGE_PROFIT;SAFE;1;1;1;-1;-1;4280.51;10.05;10.05;10.05;-1.50;KELLY_LITE;true;0.04;213506.84;0.0417;KELLY_LITE(mult=1.00 taper=1.00 n=2)+CONSEC_REDUCE(0.50)+HARD_RISK_CAP(2.0%)+MAXLOSS_CAP;213506.84;213516.89;36;0
2026.08.06 10:07:27;XAUUSD;5;1786008789;PROFIT_RATCHET_LOCKED;floor=4.27 peak=10.05;MANAGE_PROFIT;SAFE;1;1;1;-1;-1;4280.51;9.99;9.99;10.05;-1.50;KELLY_LITE;true;0.04;213506.84;0.0417;KELLY_LITE(mult=1.00 taper=1.00 n=2)+CONSEC_REDUCE(0.50)+HARD_RISK_CAP(2.0%)+MAXLOSS_CAP;213506.84;213516.83;36;0
2026.08.06 10:07:27;XAUUSD;5;1786008789;PROFIT_RATCHET_LOCKED;floor=4.27 peak=10.05;MANAGE_PROFIT;SAFE;1;1;1;-1;-1;4280.51;9.96;9.96;10.05;-1.50;KELLY_LITE;true;0.04;213506.84;0.0417;KELLY_LITE(mult=1.00 taper=1.00 n=2)+CONSEC_REDUCE(0.50)+HARD_RISK_CAP(2.0%)+MAXLOSS_CAP;213506.84;213516.80;33;0
2026.08.06 10:07:28;XAUUSD;5;1786008789;PROFIT_RATCHET_LOCKED;floor=4.27 peak=10.05;MANAGE_PROFIT;SAFE;1;1;1;-1;-1;4280.51;9.36;9.36;10.05;-1.50;KELLY_LITE;true;0.04;213506.84;0.0417;KELLY_LITE(mult=1.00 taper=1.00 n=2)+CONSEC_REDUCE(0.50)+HARD_RISK_CAP(2.0%)+MAXLOSS_CAP;213506.84;213516.20;36;0
2026.08.06 10:07:28;XAUUSD;5;1786008789;PROFIT_RATCHET_LOCKED;floor=4.27 peak=10.05;MANAGE_PROFIT;SAFE;1;1;1;-1;-1;4280.51;9.30;9.30;10.05;-1.50;KELLY_LITE;true;0.04;213506.84;0.0417;KELLY_LITE(mult=1.00 taper=1.00 n=2)+CONSEC_REDUCE(0.50)+HARD_RISK_CAP(2.0%)+MAXLOSS_CAP;213506.84;213516.14;36;0
2026.08.06 10:07:28;XAUUSD;5;1786008789;PROFIT_RATCHET_LOCKED;floor=4.27 peak=10.05;MANAGE_PROFIT;SAFE;1;1;1;-1;-1;4280.51;9.48;9.48;10.05;-1.50;KELLY_LITE;true;0.04;213506.84;0.0417;KELLY_LITE(mult=1.00 taper=1.00 n=2)+CONSEC_REDUCE(0.50)+HARD_RISK_CAP(2.0%)+MAXLOSS_CAP;213506.84;213516.32;35;0
2026.08.06 10:07:29;XAUUSD;5;1786008789;PROFIT_RATCHET_LOCKED;floor=4.27 peak=10.05;MANAGE_PROFIT;SAFE;1;1;1;-1;-1;4280.51;9.36;9.36;10.05;-1.50;KELLY_LITE;true;0.04;213506.84;0.0417;KELLY_LITE(mult=1.00 taper=1.00 n=2)+CONSEC_REDUCE(0.50)+HARD_RISK_CAP(2.0%)+MAXLOSS_CAP;213506.84;213516.20;36;0
2026.08.06 10:07:29;XAUUSD;5;1786008789;PROFIT_RATCHET_LOCKED;floor=4.27 peak=10.05;MANAGE_PROFIT;SAFE;1;1;1;-1;-1;4280.51;9.60;9.60;10.05;-1.50;KELLY_LITE;true;0.04;213506.84;0.0417;KELLY_LITE(mult=1.00 taper=1.00 n=2)+CONSEC_REDUCE(0.50)+HARD_RISK_CAP(2.0%)+MAXLOSS_CAP;213506.84;213516.44;36;0
2026.08.06 10:07:29;XAUUSD;5;1786008789;PROFIT_RATCHET_LOCKED;floor=4.27 peak=10.05;MANAGE_PROFIT;SAFE;1;1;1;-1;-1;4280.51;9.66;9.66;10.05;-1.50;KELLY_LITE;true;0.04;213506.84;0.0417;KELLY_LITE(mult=1.00 taper=1.00 n=2)+CONSEC_REDUCE(0.50)+HARD_RISK_CAP(2.0%)+MAXLOSS_CAP;213506.84;213516.50;36;0
2026.08.06 10:07:29;XAUUSD;5;1786008789;PROFIT_RATCHET_LOCKED;floor=4.27 peak=10.05;MANAGE_PROFIT;SAFE;1;1;1;-1;-1;4280.51;9.72;9.72;10.05;-1.50;KELLY_LITE;true;0.04;213506.84;0.0417;KELLY_LITE(mult=1.00 taper=1.00 n=2)+CONSEC_REDUCE(0.50)+HARD_RISK_CAP(2.0%)+MAXLOSS_CAP;213506.84;213516.56;36;0
2026.08.06 10:07:30;XAUUSD;5;1786008789;PROFIT_RATCHET_LOCKED;floor=4.27 peak=10.05;MANAGE_PROFIT;SAFE;1;1;1;-1;-1;4280.51;9.78;9.78;10.05;-1.50;KELLY_LITE;true;0.04;213506.84;0.0417;KELLY_LITE(mult=1.00 taper=1.00 n=2)+CONSEC_REDUCE(0.50)+HARD_RISK_CAP(2.0%)+MAXLOSS_CAP;213506.84;213516.62;36;0
2026.08.06 10:07:30;XAUUSD;5;1786008789;PROFIT_RATCHET_LOCKED;floor=4.27 peak=10.05;MANAGE_PROFIT;SAFE;1;1;1;-1;-1;4280.51;9.84;9.84;10.05;-1.50;KELLY_LITE;true;0.04;213506.84;0.0417;KELLY_LITE(mult=1.00 taper=1.00 n=2)+CONSEC_REDUCE(0.50)+HARD_RISK_CAP(2.0%)+MAXLOSS_CAP;213506.84;213516.68;35;0
2026.08.06 10:07:30;XAUUSD;5;1786008789;PROFIT_RATCHET_LOCKED;floor=4.27 peak=10.05;MANAGE_PROFIT;SAFE;1;1;1;-1;-1;4280.51;9.75;9.75;10.05;-1.50;KELLY_LITE;true;0.04;213506.84;0.0417;KELLY_LITE(mult=1.00 taper=1.00 n=2)+CONSEC_REDUCE(0.50)+HARD_RISK_CAP(2.0%)+MAXLOSS_CAP;213506.84;213516.59;35;0
2026.08.06 10:07:30;XAUUSD;5;1786008789;PROFIT_RATCHET_LOCKED;floor=4.27 peak=10.05;MANAGE_PROFIT;SAFE;1;1;1;-1;-1;4280.51;9.72;9.72;10.05;-1.50;KELLY_LITE;true;0.04;213506.84;0.0417;KELLY_LITE(mult=1.00 taper=1.00 n=2)+CONSEC_REDUCE(0.50)+HARD_RISK_CAP(2.0%)+MAXLOSS_CAP;213506.84;213516.56;36;0
2026.08.06 10:07:30;XAUUSD;5;1786008789;PROFIT_RATCHET_LOCKED;floor=4.27 peak=10.05;MANAGE_PROFIT;SAFE;1;1;1;-1;-1;4280.51;9.84;9.84;10.05;-1.50;KELLY_LITE;true;0.04;213506.84;0.0417;KELLY_LITE(mult=1.00 taper=1.00 n=2)+CONSEC_REDUCE(0.50)+HARD_RISK_CAP(2.0%)+MAXLOSS_CAP;213506.84;213516.68;36;0
2026.08.06 10:07:31;XAUUSD;5;1786008789;PROFIT_RATCHET_LOCKED;floor=4.27 peak=10.05;MANAGE_PROFIT;SAFE;1;1;1;-1;-1;4280.51;9.87;9.87;10.05;-1.50;KELLY_LITE;true;0.04;213506.84;0.0417;KELLY_LITE(mult=1.00 taper=1.00 n=2)+CONSEC_REDUCE(0.50)+HARD_RISK_CAP(2.0%)+MAXLOSS_CAP;213506.84;213516.71;36;0
2026.08.06 10:07:31;XAUUSD;5;1786008789;PROFIT_RATCHET_LOCKED;floor=4.27 peak=10.05;MANAGE_PROFIT;SAFE;1;1;1;-1;-1;4280.51;9.90;9.90;10.05;-1.50;KELLY_LITE;true;0.04;213506.84;0.0417;KELLY_LITE(mult=1.00 taper=1.00 n=2)+CONSEC_REDUCE(0.50)+HARD_RISK_CAP(2.0%)+MAXLOSS_CAP;213506.84;213516.74;35;0
2026.08.06 10:07:32;XAUUSD;5;1786008789;PROFIT_RATCHET_LOCKED;floor=4.27 peak=10.05;MANAGE_PROFIT;SAFE;1;1;1;-1;-1;4280.51;9.90;9.90;10.05;-1.50;KELLY_LITE;true;0.04;213506.84;0.0417;KELLY_LITE(mult=1.00 taper=1.00 n=2)+CONSEC_REDUCE(0.50)+HARD_RISK_CAP(2.0%)+MAXLOSS_CAP;213506.84;213516.74;36;0
2026.08.06 10:07:32;XAUUSD;5;1786008789;PROFIT_RATCHET_LOCKED;floor=4.27 peak=10.05;MANAGE_PROFIT;SAFE;1;1;1;-1;-1;4280.51;9.93;9.93;10.05;-1.50;KELLY_LITE;true;0.04;213506.84;0.0417;KELLY_LITE(mult=1.00 taper=1.00 n=2)+CONSEC_REDUCE(0.50)+HARD_RISK_CAP(2.0%)+MAXLOSS_CAP;213506.84;213516.77;33;0
2026.08.06 10:07:32;XAUUSD;5;1786008789;PROFIT_RATCHET_LOCKED;floor=4.27 peak=10.05;MANAGE_PROFIT;SAFE;1;1;1;-1;-1;4280.51;9.96;9.96;10.05;-1.50;KELLY_LITE;true;0.04;213506.84;0.0417;KELLY_LITE(mult=1.00 taper=1.00 n=2)+CONSEC_REDUCE(0.50)+HARD_RISK_CAP(2.0%)+MAXLOSS_CAP;213506.84;213516.80;36;0
2026.08.06 10:07:33;XAUUSD;5;1786008789;PROFIT_RATCHET_LOCKED;floor=4.27 peak=10.05;MANAGE_PROFIT;SAFE;1;1;1;-1;-1;4280.51;9.93;9.93;10.05;-1.50;KELLY_LITE;true;0.04;213506.84;0.0417;KELLY_LITE(mult=1.00 taper=1.00 n=2)+CONSEC_REDUCE(0.50)+HARD_RISK_CAP(2.0%)+MAXLOSS_CAP;213506.84;213516.77;34;0
2026.08.06 10:07:33;XAUUSD;5;1786008789;PROFIT_RATCHET_LOCKED;floor=4.27 peak=10.05;MANAGE_PROFIT;SAFE;1;1;1;-1;-1;4280.51;9.33;9.33;10.05;-1.50;KELLY_LITE;true;0.04;213506.84;0.0417;KELLY_LITE(mult=1.00 taper=1.00 n=2)+CONSEC_REDUCE(0.50)+HARD_RISK_CAP(2.0%)+MAXLOSS_CAP;213506.84;213516.17;36;0
2026.08.06 10:07:33;XAUUSD;5;1786008789;PROFIT_RATCHET_LOCKED;floor=4.27 peak=10.05;MANAGE_PROFIT;SAFE;1;1;1;-1;-1;4280.51;9.33;9.33;10.05;-1.50;KELLY_LITE;true;0.04;213506.84;0.0417;KELLY_LITE(mult=1.00 taper=1.00 n=2)+CONSEC_REDUCE(0.50)+HARD_RISK_CAP(2.0%)+MAXLOSS_CAP;213506.84;213516.17;35;0
2026.08.06 10:07:33;XAUUSD;5;1786008789;PROFIT_RATCHET_LOCKED;floor=4.27 peak=10.05;MANAGE_PROFIT;SAFE;1;1;1;-1;-1;4280.51;9.72;9.72;10.05;-1.50;KELLY_LITE;true;0.04;213506.84;0.0417;KELLY_LITE(mult=1.00 taper=1.00 n=2)+CONSEC_REDUCE(0.50)+HARD_RISK_CAP(2.0%)+MAXLOSS_CAP;213506.84;213516.56;36;0
2026.08.06 10:07:34;XAUUSD;5;1786008789;PROFIT_RATCHET_LOCKED;floor=4.27 peak=10.05;MANAGE_PROFIT;SAFE;1;1;1;-1;-1;4280.51;9.54;9.54;10.05;-1.50;KELLY_LITE;true;0.04;213506.84;0.0417;KELLY_LITE(mult=1.00 taper=1.00 n=2)+CONSEC_REDUCE(0.50)+HARD_RISK_CAP(2.0%)+MAXLOSS_CAP;213506.84;213516.38;36;0
2026.08.06 10:07:34;XAUUSD;5;1786008789;PROFIT_RATCHET_LOCKED;floor=4.27 peak=10.05;MANAGE_PROFIT;SAFE;1;1;1;-1;-1;4280.51;9.33;9.33;10.05;-1.50;KELLY_LITE;true;0.04;213506.84;0.0417;KELLY_LITE(mult=1.00 taper=1.00 n=2)+CONSEC_REDUCE(0.50)+HARD_RISK_CAP(2.0%)+MAXLOSS_CAP;213506.84;213516.17;36;0
2026.08.06 10:07:34;XAUUSD;5;1786008789;PROFIT_RATCHET_LOCKED;floor=4.27 peak=10.05;MANAGE_PROFIT;SAFE;1;1;1;-1;-1;4280.51;9.36;9.36;10.05;-1.50;KELLY_LITE;true;0.04;213506.84;0.0417;KELLY_LITE(mult=1.00 taper=1.00 n=2)+CONSEC_REDUCE(0.50)+HARD_RISK_CAP(2.0%)+MAXLOSS_CAP;213506.84;213516.20;36;0
2026.08.06 10:07:34;XAUUSD;5;1786008789;PROFIT_RATCHET_LOCKED;floor=4.27 peak=10.05;MANAGE_PROFIT;SAFE;1;1;1;-1;-1;4280.51;9.24;9.24;10.05;-1.50;KELLY_LITE;true;0.04;213506.84;0.0417;KELLY_LITE(mult=1.00 taper=1.00 n=2)+CONSEC_REDUCE(0.50)+HARD_RISK_CAP(2.0%)+MAXLOSS_CAP;213506.84;213516.08;36;0
2026.08.06 10:07:35;XAUUSD;5;1786008789;PROFIT_RATCHET_LOCKED;floor=4.27 peak=10.05;MANAGE_PROFIT;SAFE;1;1;1;-1;-1;4280.51;8.58;8.58;10.05;-1.50;KELLY_LITE;true;0.04;213506.84;0.0417;KELLY_LITE(mult=1.00 taper=1.00 n=2)+CONSEC_REDUCE(0.50)+HARD_RISK_CAP(2.0%)+MAXLOSS_CAP;213506.84;213515.42;36;0
2026.08.06 10:07:35;XAUUSD;5;1786008789;PROFIT_RATCHET_LOCKED;floor=4.27 peak=10.05;MANAGE_PROFIT;SAFE;1;1;1;-1;-1;4280.51;8.67;8.67;10.05;-1.50;KELLY_LITE;true;0.04;213506.84;0.0417;KELLY_LITE(mult=1.00 taper=1.00 n=2)+CONSEC_REDUCE(0.50)+HARD_RISK_CAP(2.0%)+MAXLOSS_CAP;213506.84;213515.51;36;0
2026.08.06 10:07:35;XAUUSD;5;1786008789;PROFIT_RATCHET_LOCKED;floor=4.27 peak=10.05;MANAGE_PROFIT;SAFE;1;1;1;-1;-1;4280.51;8.64;8.64;10.05;-1.50;KELLY_LITE;true;0.04;213506.84;0.0417;KELLY_LITE(mult=1.00 taper=1.00 n=2)+CONSEC_REDUCE(0.50)+HARD_RISK_CAP(2.0%)+MAXLOSS_CAP;213506.84;213515.48;36;0
2026.08.06 10:07:35;XAUUSD;5;1786008789;PROFIT_RATCHET_LOCKED;floor=4.27 peak=10.05;MANAGE_PROFIT;SAFE;1;1;1;-1;-1;4280.51;8.67;8.67;10.05;-1.50;KELLY_LITE;true;0.04;213506.84;0.0417;KELLY_LITE(mult=1.00 taper=1.00 n=2)+CONSEC_REDUCE(0.50)+HARD_RISK_CAP(2.0%)+MAXLOSS_CAP;213506.84;213515.51;36;0
2026.08.06 10:07:36;XAUUSD;5;1786008789;PROFIT_RATCHET_LOCKED;floor=4.27 peak=10.05;MANAGE_PROFIT;SAFE;1;1;1;-1;-1;4280.51;9.09;9.09;10.05;-1.50;KELLY_LITE;true;0.04;213506.84;0.0417;KELLY_LITE(mult=1.00 taper=1.00 n=2)+CONSEC_REDUCE(0.50)+HARD_RISK_CAP(2.0%)+MAXLOSS_CAP;213506.84;213515.93;36;0
2026.08.06 10:07:36;XAUUSD;5;1786008789;PROFIT_RATCHET_LOCKED;floor=4.28 peak=10.08;MANAGE_PROFIT;SAFE;1;1;1;-1;-1;4280.51;10.08;10.08;10.08;-1.50;KELLY_LITE;true;0.04;213506.84;0.0417;KELLY_LITE(mult=1.00 taper=1.00 n=2)+CONSEC_REDUCE(0.50)+HARD_RISK_CAP(2.0%)+MAXLOSS_CAP;213506.84;213516.92;36;0
2026.08.06 10:07:36;XAUUSD;5;1786008789;OPPOSITE_PENDING_TRAILED;BUY_STOP trailed DOWN: ticket=118050466 old=4280.31 new=4279.81 dist=2.92;MANAGE_PROFIT;SAFE;1;1;1;-1;-1;4280.51;12.57;12.57;10.08;-1.50;KELLY_LITE;true;0.04;213506.84;0.0417;KELLY_LITE(mult=1.00 taper=1.00 n=2)+CONSEC_REDUCE(0.50)+HARD_RISK_CAP(2.0%)+MAXLOSS_CAP;213506.84;213519.41;36;0
2026.08.06 10:07:37;XAUUSD;5;1786008789;SL_MODIFIED;ticket=118050468 oldSL=4278.84 newSL=4278.73 reason=profit_ratchet_lock_leg_0;MANAGE_PROFIT;SAFE;1;1;1;-1;-1;4280.51;12.33;12.33;12.57;-1.50;KELLY_LITE;true;0.04;213506.84;0.0417;KELLY_LITE(mult=1.00 taper=1.00 n=2)+CONSEC_REDUCE(0.50)+HARD_RISK_CAP(2.0%)+MAXLOSS_CAP;213506.84;213519.17;36;0
2026.08.06 10:07:37;XAUUSD;5;1786008789;PROFIT_RATCHET_LOCKED;floor=5.34 peak=12.57;MANAGE_PROFIT;SAFE;1;1;1;-1;-1;4280.51;12.33;12.33;12.57;-1.50;KELLY_LITE;true;0.04;213506.84;0.0417;KELLY_LITE(mult=1.00 taper=1.00 n=2)+CONSEC_REDUCE(0.50)+HARD_RISK_CAP(2.0%)+MAXLOSS_CAP;213506.84;213519.17;36;0
2026.08.06 10:07:37;XAUUSD;5;1786008789;OPPOSITE_PENDING_TRAILED;BUY_STOP trailed DOWN: ticket=118050466 old=4279.81 new=4279.34 dist=2.94;MANAGE_PROFIT;SAFE;1;1;1;-1;-1;4280.51;12.39;12.39;12.57;-1.50;KELLY_LITE;true;0.04;213506.84;0.0417;KELLY_LITE(mult=1.00 taper=1.00 n=2)+CONSEC_REDUCE(0.50)+HARD_RISK_CAP(2.0%)+MAXLOSS_CAP;213506.84;213519.23;36;0
2026.08.06 10:07:39;XAUUSD;5;1786008789;EXIT_TIERED_TRAIL;profit=10.41 peak=12.57 allowedRetrace=1.89;MANAGE_PROFIT;SAFE;1;1;1;-1;-1;4280.51;10.41;10.41;12.57;-1.50;KELLY_LITE;true;0.04;213506.84;0.0417;KELLY_LITE(mult=1.00 taper=1.00 n=2)+CONSEC_REDUCE(0.50)+HARD_RISK_CAP(2.0%)+MAXLOSS_CAP;213506.84;213517.25;36;0
2026.08.06 10:07:40;XAUUSD;5;1786008789;POSITION_CLOSED;ticket=118050468 reason=tiered_profit_trail lots=0.03 price=4277.04 pnl=10.41;MANAGE_PROFIT;SAFE;0;1;1;-1;-1;4280.51;0.00;0.00;12.57;-1.50;KELLY_LITE;true;0.04;213506.84;0.0417;KELLY_LITE(mult=1.00 taper=1.00 n=2)+CONSEC_REDUCE(0.50)+HARD_RISK_CAP(2.0%)+MAXLOSS_CAP;213517.28;213517.28;35;0
2026.08.06 10:07:40;XAUUSD;5;1786008789;PENDING_DELETED;ticket=118050466 reason=close_all_cleanup;MANAGE_PROFIT;SAFE;0;0;1;-1;-1;4280.51;0.00;0.00;12.57;-1.50;KELLY_LITE;true;0.04;213506.84;0.0417;KELLY_LITE(mult=1.00 taper=1.00 n=2)+CONSEC_REDUCE(0.50)+HARD_RISK_CAP(2.0%)+MAXLOSS_CAP;213517.28;213517.28;36;0
2026.08.06 10:07:40;XAUUSD;5;1786008789;CYCLE_RESET;oldState=RESET realizedPnL=10.44 peak=12.57 worst=-1.50 pyramid=0 consLosses=0;RESET;SAFE;0;0;0;-1;-1;4280.51;0.00;0.00;12.57;-1.50;KELLY_LITE;true;0.04;213506.84;0.0417;KELLY_LITE(mult=1.00 taper=1.00 n=2)+CONSEC_REDUCE(0.50)+HARD_RISK_CAP(2.0%)+MAXLOSS_CAP;213517.28;213517.28;36;0
2026.08.06 10:12:40;XAUUSD;5;1786008790;PLACE_PENDING_START;cycle=1786008790 trend=1 consecLosses=0 preset=AGGRESSIVE;PLACE_PENDING;SAFE;0;0;0;-1;-1;0.00;0.00;0.00;0.00;0.00;KELLY_LITE;true;0.04;213506.84;0.0417;KELLY_LITE(mult=1.00 taper=1.00 n=2)+CONSEC_REDUCE(0.50)+HARD_RISK_CAP(2.0%)+MAXLOSS_CAP;213517.28;213517.28;36;0
2026.08.06 10:12:40;XAUUSD;5;1786008790;DIR_OCO_PLACED;dir=BULL ticket=118051313 price=4279.98 sl=4264.98 tp=4302.48 lot=0.04 dist=1.87;PLACE_PENDING;SAFE;0;1;0;118051313;-1;0.00;0.00;0.00;0.00;0.00;KELLY_LITE;true;0.04;213517.28;0.0417;KELLY_LITE(mult=1.00 taper=1.00 n=3)+HARD_RISK_CAP(2.0%)+MAXLOSS_CAP;213517.28;213517.28;36;0
2026.08.06 10:12:40;XAUUSD;5;1786008790;DIR_OCO_COUNTER_PLACED;dir=BEAR(counter) ticket=118051314 price=4275.87 lot=0.03;PLACE_PENDING;SAFE;0;2;0;118051313;118051314;0.00;0.00;0.00;0.00;0.00;KELLY_LITE;true;0.04;213517.28;0.0417;KELLY_LITE(mult=1.00 taper=1.00 n=3)+HARD_RISK_CAP(2.0%)+MAXLOSS_CAP;213517.28;213517.28;35;0
2026.08.06 10:12:46;XAUUSD;5;1786008790;SELL_STOP_TRAILED;Old=4275.87 New=4276.23;WAIT_TRIGGER;SAFE;0;2;0;118051313;118051314;0.00;0.00;0.00;0.00;0.00;KELLY_LITE;true;0.04;213517.28;0.0417;KELLY_LITE(mult=1.00 taper=1.00 n=3)+HARD_RISK_CAP(2.0%)+MAXLOSS_CAP;213517.28;213517.28;35;0
2026.08.06 10:12:49;XAUUSD;5;1786008790;BUY_STOP_TRAILED;Old=4279.98 New=4279.64;WAIT_TRIGGER;SAFE;0;2;0;118051313;118051314;0.00;0.00;0.00;0.00;0.00;KELLY_LITE;true;0.04;213517.28;0.0417;KELLY_LITE(mult=1.00 taper=1.00 n=3)+HARD_RISK_CAP(2.0%)+MAXLOSS_CAP;213517.28;213517.28;36;0
2026.08.06 10:13:05;XAUUSD;5;1786008790;BUY_STOP_TRAILED;Old=4279.64 New=4279.09;WAIT_TRIGGER;SAFE;0;2;0;118051313;118051314;0.00;0.00;0.00;0.00;0.00;KELLY_LITE;true;0.04;213517.28;0.0417;KELLY_LITE(mult=1.00 taper=1.00 n=3)+HARD_RISK_CAP(2.0%)+MAXLOSS_CAP;213517.28;213517.28;36;0
2026.08.06 10:13:10;XAUUSD;5;1786008790;BUY_STOP_TRAILED;Old=4279.09 New=4278.73;WAIT_TRIGGER;SAFE;0;2;0;118051313;118051314;0.00;0.00;0.00;0.00;0.00;KELLY_LITE;true;0.04;213517.28;0.0417;KELLY_LITE(mult=1.00 taper=1.00 n=3)+HARD_RISK_CAP(2.0%)+MAXLOSS_CAP;213517.28;213517.28;36;0
2026.08.06 10:14:31;XAUUSD;5;1786008790;OCO_TRIGGERED_BUY;ticket=118051313 entry=4278.73;POSITION_ACTIVE;SAFE;1;1;0;-1;118051314;0.00;0.76;-0.72;0.00;0.00;KELLY_LITE;true;0.04;213517.28;0.0417;KELLY_LITE(mult=1.00 taper=1.00 n=3)+HARD_RISK_CAP(2.0%)+MAXLOSS_CAP;213517.28;213518.04;37;0
2026.08.06 10:14:31;XAUUSD;5;1786008790;OPPOSITE_TRAIL_ARMED;opposite_ticket=118051314 will trail price;POSITION_ACTIVE;SAFE;1;1;0;-1;118051314;0.00;0.76;-0.72;0.00;0.00;KELLY_LITE;true;0.04;213517.28;0.0417;KELLY_LITE(mult=1.00 taper=1.00 n=3)+HARD_RISK_CAP(2.0%)+MAXLOSS_CAP;213517.28;213518.04;37;0
2026.08.06 10:15:35;XAUUSD;5;1786008790;SL_MODIFIED;ticket=118051313 oldSL=4266.73 newSL=4279.98 reason=break_even_lock_leg_0;MANAGE_PROFIT;SAFE;1;1;1;-1;-1;4278.73;8.12;8.12;8.20;-2.08;KELLY_LITE;true;0.04;213517.28;0.0417;KELLY_LITE(mult=1.00 taper=1.00 n=3)+HARD_RISK_CAP(2.0%)+MAXLOSS_CAP;213517.28;213525.40;36;0
2026.08.06 10:15:35;XAUUSD;5;1786008790;PROFIT_RATCHET_LOCKED;floor=2.77 peak=8.20;MANAGE_PROFIT;SAFE;1;1;1;-1;-1;4278.73;8.12;8.12;8.20;-2.08;KELLY_LITE;true;0.04;213517.28;0.0417;KELLY_LITE(mult=1.00 taper=1.00 n=3)+HARD_RISK_CAP(2.0%)+MAXLOSS_CAP;213517.28;213525.40;36;0
2026.08.06 10:15:35;XAUUSD;5;1786008790;PROFIT_RATCHET_LOCKED;floor=2.77 peak=8.20;MANAGE_PROFIT;SAFE;1;1;1;-1;-1;4278.73;8.12;8.12;8.20;-2.08;KELLY_LITE;true;0.04;213517.28;0.0417;KELLY_LITE(mult=1.00 taper=1.00 n=3)+HARD_RISK_CAP(2.0%)+MAXLOSS_CAP;213517.28;213525.40;36;0
2026.08.06 10:15:35;XAUUSD;5;1786008790;PROFIT_RATCHET_LOCKED;floor=2.77 peak=8.20;MANAGE_PROFIT;SAFE;1;1;1;-1;-1;4278.73;8.16;8.16;8.20;-2.08;KELLY_LITE;true;0.04;213517.28;0.0417;KELLY_LITE(mult=1.00 taper=1.00 n=3)+HARD_RISK_CAP(2.0%)+MAXLOSS_CAP;213517.28;213525.44;33;0
2026.08.06 10:15:35;XAUUSD;5;1786008790;PROFIT_RATCHET_LOCKED;floor=2.77 peak=8.20;MANAGE_PROFIT;SAFE;1;1;1;-1;-1;4278.73;7.60;7.60;8.20;-2.08;KELLY_LITE;true;0.04;213517.28;0.0417;KELLY_LITE(mult=1.00 taper=1.00 n=3)+HARD_RISK_CAP(2.0%)+MAXLOSS_CAP;213517.28;213524.88;36;0
2026.08.06 10:15:36;XAUUSD;5;1786008790;PROFIT_RATCHET_LOCKED;floor=2.77 peak=8.20;MANAGE_PROFIT;SAFE;1;1;1;-1;-1;4278.73;7.64;7.64;8.20;-2.08;KELLY_LITE;true;0.04;213517.28;0.0417;KELLY_LITE(mult=1.00 taper=1.00 n=3)+HARD_RISK_CAP(2.0%)+MAXLOSS_CAP;213517.28;213524.92;36;0
2026.08.06 10:15:36;XAUUSD;5;1786008790;PROFIT_RATCHET_LOCKED;floor=2.77 peak=8.20;MANAGE_PROFIT;SAFE;1;1;1;-1;-1;4278.73;7.52;7.52;8.20;-2.08;KELLY_LITE;true;0.04;213517.28;0.0417;KELLY_LITE(mult=1.00 taper=1.00 n=3)+HARD_RISK_CAP(2.0%)+MAXLOSS_CAP;213517.28;213524.80;36;0
2026.08.06 10:15:36;XAUUSD;5;1786008790;PROFIT_RATCHET_LOCKED;floor=2.77 peak=8.20;MANAGE_PROFIT;SAFE;1;1;1;-1;-1;4278.73;7.60;7.60;8.20;-2.08;KELLY_LITE;true;0.04;213517.28;0.0417;KELLY_LITE(mult=1.00 taper=1.00 n=3)+HARD_RISK_CAP(2.0%)+MAXLOSS_CAP;213517.28;213524.88;36;0
2026.08.06 10:15:37;XAUUSD;5;1786008790;PROFIT_RATCHET_LOCKED;floor=2.77 peak=8.20;MANAGE_PROFIT;SAFE;1;1;1;-1;-1;4278.73;7.72;7.72;8.20;-2.08;KELLY_LITE;true;0.04;213517.28;0.0417;KELLY_LITE(mult=1.00 taper=1.00 n=3)+HARD_RISK_CAP(2.0%)+MAXLOSS_CAP;213517.28;213525.00;36;0
2026.08.06 10:15:37;XAUUSD;5;1786008790;PROFIT_RATCHET_LOCKED;floor=2.78 peak=8.24;MANAGE_PROFIT;SAFE;1;1;1;-1;-1;4278.73;8.24;8.24;8.24;-2.08;KELLY_LITE;true;0.04;213517.28;0.0417;KELLY_LITE(mult=1.00 taper=1.00 n=3)+HARD_RISK_CAP(2.0%)+MAXLOSS_CAP;213517.28;213525.52;34;0
2026.08.06 10:15:37;XAUUSD;5;1786008790;PROFIT_RATCHET_LOCKED;floor=2.78 peak=8.24;MANAGE_PROFIT;SAFE;1;1;1;-1;-1;4278.73;8.04;8.04;8.24;-2.08;KELLY_LITE;true;0.04;213517.28;0.0417;KELLY_LITE(mult=1.00 taper=1.00 n=3)+HARD_RISK_CAP(2.0%)+MAXLOSS_CAP;213517.28;213525.32;36;0
2026.08.06 10:15:38;XAUUSD;5;1786008790;PROFIT_RATCHET_LOCKED;floor=2.78 peak=8.24;MANAGE_PROFIT;SAFE;1;1;1;-1;-1;4278.73;7.96;7.96;8.24;-2.08;KELLY_LITE;true;0.04;213517.28;0.0417;KELLY_LITE(mult=1.00 taper=1.00 n=3)+HARD_RISK_CAP(2.0%)+MAXLOSS_CAP;213517.28;213525.24;36;0
2026.08.06 10:15:38;XAUUSD;5;1786008790;PROFIT_RATCHET_LOCKED;floor=2.78 peak=8.24;MANAGE_PROFIT;SAFE;1;1;1;-1;-1;4278.73;7.92;7.92;8.24;-2.08;KELLY_LITE;true;0.04;213517.28;0.0417;KELLY_LITE(mult=1.00 taper=1.00 n=3)+HARD_RISK_CAP(2.0%)+MAXLOSS_CAP;213517.28;213525.20;36;0
2026.08.06 10:15:38;XAUUSD;5;1786008790;PROFIT_RATCHET_LOCKED;floor=2.78 peak=8.24;MANAGE_PROFIT;SAFE;1;1;1;-1;-1;4278.73;7.76;7.76;8.24;-2.08;KELLY_LITE;true;0.04;213517.28;0.0417;KELLY_LITE(mult=1.00 taper=1.00 n=3)+HARD_RISK_CAP(2.0%)+MAXLOSS_CAP;213517.28;213525.04;36;0
2026.08.06 10:15:38;XAUUSD;5;1786008790;PROFIT_RATCHET_LOCKED;floor=2.78 peak=8.24;MANAGE_PROFIT;SAFE;1;1;1;-1;-1;4278.73;7.96;7.96;8.24;-2.08;KELLY_LITE;true;0.04;213517.28;0.0417;KELLY_LITE(mult=1.00 taper=1.00 n=3)+HARD_RISK_CAP(2.0%)+MAXLOSS_CAP;213517.28;213525.24;36;0
2026.08.06 10:15:38;XAUUSD;5;1786008790;PROFIT_RATCHET_LOCKED;floor=2.78 peak=8.24;MANAGE_PROFIT;SAFE;1;1;1;-1;-1;4278.73;7.80;7.80;8.24;-2.08;KELLY_LITE;true;0.04;213517.28;0.0417;KELLY_LITE(mult=1.00 taper=1.00 n=3)+HARD_RISK_CAP(2.0%)+MAXLOSS_CAP;213517.28;213525.08;36;0
2026.08.06 10:15:39;XAUUSD;5;1786008790;PROFIT_RATCHET_LOCKED;floor=2.78 peak=8.24;MANAGE_PROFIT;SAFE;1;1;1;-1;-1;4278.73;7.84;7.84;8.24;-2.08;KELLY_LITE;true;0.04;213517.28;0.0417;KELLY_LITE(mult=1.00 taper=1.00 n=3)+HARD_RISK_CAP(2.0%)+MAXLOSS_CAP;213517.28;213525.12;36;0
2026.08.06 10:15:40;XAUUSD;5;1786008790;PROFIT_RATCHET_LOCKED;floor=2.78 peak=8.24;MANAGE_PROFIT;SAFE;1;1;1;-1;-1;4278.73;7.84;7.84;8.24;-2.08;KELLY_LITE;true;0.04;213517.28;0.0417;KELLY_LITE(mult=1.00 taper=1.00 n=3)+HARD_RISK_CAP(2.0%)+MAXLOSS_CAP;213517.28;213525.12;33;0
2026.08.06 10:15:40;XAUUSD;5;1786008790;PROFIT_RATCHET_LOCKED;floor=2.78 peak=8.24;MANAGE_PROFIT;SAFE;1;1;1;-1;-1;4278.73;7.32;7.32;8.24;-2.08;KELLY_LITE;true;0.04;213517.28;0.0417;KELLY_LITE(mult=1.00 taper=1.00 n=3)+HARD_RISK_CAP(2.0%)+MAXLOSS_CAP;213517.28;213524.60;36;0
2026.08.06 10:15:40;XAUUSD;5;1786008790;PROFIT_RATCHET_LOCKED;floor=2.78 peak=8.24;MANAGE_PROFIT;SAFE;1;1;1;-1;-1;4278.73;7.24;7.24;8.24;-2.08;KELLY_LITE;true;0.04;213517.28;0.0417;KELLY_LITE(mult=1.00 taper=1.00 n=3)+HARD_RISK_CAP(2.0%)+MAXLOSS_CAP;213517.28;213524.52;36;0
2026.08.06 10:15:40;XAUUSD;5;1786008790;PROFIT_RATCHET_LOCKED;floor=2.78 peak=8.24;MANAGE_PROFIT;SAFE;1;1;1;-1;-1;4278.73;7.72;7.72;8.24;-2.08;KELLY_LITE;true;0.04;213517.28;0.0417;KELLY_LITE(mult=1.00 taper=1.00 n=3)+HARD_RISK_CAP(2.0%)+MAXLOSS_CAP;213517.28;213525.00;36;0
2026.08.06 10:15:40;XAUUSD;5;1786008790;PROFIT_RATCHET_LOCKED;floor=2.78 peak=8.24;MANAGE_PROFIT;SAFE;1;1;1;-1;-1;4278.73;7.68;7.68;8.24;-2.08;KELLY_LITE;true;0.04;213517.28;0.0417;KELLY_LITE(mult=1.00 taper=1.00 n=3)+HARD_RISK_CAP(2.0%)+MAXLOSS_CAP;213517.28;213524.96;36;0
2026.08.06 10:15:41;XAUUSD;5;1786008790;PROFIT_RATCHET_LOCKED;floor=2.78 peak=8.24;MANAGE_PROFIT;SAFE;1;1;1;-1;-1;4278.73;7.32;7.32;8.24;-2.08;KELLY_LITE;true;0.04;213517.28;0.0417;KELLY_LITE(mult=1.00 taper=1.00 n=3)+HARD_RISK_CAP(2.0%)+MAXLOSS_CAP;213517.28;213524.60;36;0
2026.08.06 10:15:41;XAUUSD;5;1786008790;PROFIT_RATCHET_LOCKED;floor=2.78 peak=8.24;MANAGE_PROFIT;SAFE;1;1;1;-1;-1;4278.73;7.72;7.72;8.24;-2.08;KELLY_LITE;true;0.04;213517.28;0.0417;KELLY_LITE(mult=1.00 taper=1.00 n=3)+HARD_RISK_CAP(2.0%)+MAXLOSS_CAP;213517.28;213525.00;36;0
2026.08.06 10:15:41;XAUUSD;5;1786008790;PROFIT_RATCHET_LOCKED;floor=2.78 peak=8.24;MANAGE_PROFIT;SAFE;1;1;1;-1;-1;4278.73;7.48;7.48;8.24;-2.08;KELLY_LITE;true;0.04;213517.28;0.0417;KELLY_LITE(mult=1.00 taper=1.00 n=3)+HARD_RISK_CAP(2.0%)+MAXLOSS_CAP;213517.28;213524.76;36;0
2026.08.06 10:15:42;XAUUSD;5;1786008790;PROFIT_RATCHET_LOCKED;floor=2.78 peak=8.24;MANAGE_PROFIT;SAFE;1;1;1;-1;-1;4278.73;7.56;7.56;8.24;-2.08;KELLY_LITE;true;0.04;213517.28;0.0417;KELLY_LITE(mult=1.00 taper=1.00 n=3)+HARD_RISK_CAP(2.0%)+MAXLOSS_CAP;213517.28;213524.84;36;0
2026.08.06 10:15:42;XAUUSD;5;1786008790;PROFIT_RATCHET_LOCKED;floor=2.78 peak=8.24;MANAGE_PROFIT;SAFE;1;1;1;-1;-1;4278.73;7.24;7.24;8.24;-2.08;KELLY_LITE;true;0.04;213517.28;0.0417;KELLY_LITE(mult=1.00 taper=1.00 n=3)+HARD_RISK_CAP(2.0%)+MAXLOSS_CAP;213517.28;213524.52;36;0
2026.08.06 10:15:42;XAUUSD;5;1786008790;PROFIT_RATCHET_LOCKED;floor=2.78 peak=8.24;MANAGE_PROFIT;SAFE;1;1;1;-1;-1;4278.73;6.84;6.84;8.24;-2.08;KELLY_LITE;true;0.04;213517.28;0.0417;KELLY_LITE(mult=1.00 taper=1.00 n=3)+HARD_RISK_CAP(2.0%)+MAXLOSS_CAP;213517.28;213524.12;36;0
2026.08.06 10:15:42;XAUUSD;5;1786008790;PROFIT_RATCHET_LOCKED;floor=2.78 peak=8.24;MANAGE_PROFIT;SAFE;1;1;1;-1;-1;4278.73;7.08;7.08;8.24;-2.08;KELLY_LITE;true;0.04;213517.28;0.0417;KELLY_LITE(mult=1.00 taper=1.00 n=3)+HARD_RISK_CAP(2.0%)+MAXLOSS_CAP;213517.28;213524.36;33;0
2026.08.06 10:15:42;XAUUSD;5;1786008790;PROFIT_RATCHET_LOCKED;floor=2.78 peak=8.24;MANAGE_PROFIT;SAFE;1;1;1;-1;-1;4278.73;6.96;6.96;8.24;-2.08;KELLY_LITE;true;0.04;213517.28;0.0417;KELLY_LITE(mult=1.00 taper=1.00 n=3)+HARD_RISK_CAP(2.0%)+MAXLOSS_CAP;213517.28;213524.24;35;0
2026.08.06 10:15:43;XAUUSD;5;1786008790;PROFIT_RATCHET_LOCKED;floor=2.78 peak=8.24;MANAGE_PROFIT;SAFE;1;1;1;-1;-1;4278.73;6.96;6.96;8.24;-2.08;KELLY_LITE;true;0.04;213517.28;0.0417;KELLY_LITE(mult=1.00 taper=1.00 n=3)+HARD_RISK_CAP(2.0%)+MAXLOSS_CAP;213517.28;213524.24;33;0
2026.08.06 10:15:43;XAUUSD;5;1786008790;PROFIT_RATCHET_LOCKED;floor=2.78 peak=8.24;MANAGE_PROFIT;SAFE;1;1;1;-1;-1;4278.73;6.80;6.80;8.24;-2.08;KELLY_LITE;true;0.04;213517.28;0.0417;KELLY_LITE(mult=1.00 taper=1.00 n=3)+HARD_RISK_CAP(2.0%)+MAXLOSS_CAP;213517.28;213524.08;33;0
2026.08.06 10:15:43;XAUUSD;5;1786008790;PROFIT_RATCHET_LOCKED;floor=2.78 peak=8.24;MANAGE_PROFIT;SAFE;1;1;1;-1;-1;4278.73;6.84;6.84;8.24;-2.08;KELLY_LITE;true;0.04;213517.28;0.0417;KELLY_LITE(mult=1.00 taper=1.00 n=3)+HARD_RISK_CAP(2.0%)+MAXLOSS_CAP;213517.28;213524.12;36;0
2026.08.06 10:15:43;XAUUSD;5;1786008790;EXIT_TIERED_TRAIL;profit=5.16 peak=8.24 allowedRetrace=2.68;MANAGE_PROFIT;SAFE;1;1;1;-1;-1;4278.73;5.16;5.16;8.24;-2.08;KELLY_LITE;true;0.04;213517.28;0.0417;KELLY_LITE(mult=1.00 taper=1.00 n=3)+HARD_RISK_CAP(2.0%)+MAXLOSS_CAP;213517.28;213522.44;37;0
2026.08.06 10:15:44;XAUUSD;5;1786008790;PENDING_DELETED;ticket=118051314 reason=close_all_cleanup;MANAGE_PROFIT;SAFE;0;0;1;-1;-1;4278.73;0.00;0.00;8.24;-2.08;KELLY_LITE;true;0.04;213517.28;0.0417;KELLY_LITE(mult=1.00 taper=1.00 n=3)+HARD_RISK_CAP(2.0%)+MAXLOSS_CAP;213522.28;213522.28;36;0
2026.08.06 10:15:44;XAUUSD;5;1786008790;CYCLE_RESET;oldState=RESET realizedPnL=5.00 peak=8.24 worst=-2.08 pyramid=0 consLosses=0;RESET;SAFE;0;0;0;-1;-1;4278.73;0.00;0.00;8.24;-2.08;KELLY_LITE;true;0.04;213517.28;0.0417;KELLY_LITE(mult=1.00 taper=1.00 n=3)+HARD_RISK_CAP(2.0%)+MAXLOSS_CAP;213522.28;213522.28;36;0
2026.08.06 10:20:44;XAUUSD;5;1786008791;PLACE_PENDING_START;cycle=1786008791 trend=1 consecLosses=0 preset=AGGRESSIVE;PLACE_PENDING;SAFE;0;0;0;-1;-1;0.00;0.00;0.00;0.00;0.00;KELLY_LITE;true;0.04;213517.28;0.0417;KELLY_LITE(mult=1.00 taper=1.00 n=3)+HARD_RISK_CAP(2.0%)+MAXLOSS_CAP;213522.28;213522.28;33;0
2026.08.06 10:20:44;XAUUSD;5;1786008791;DIR_OCO_PLACED;dir=BULL ticket=118052051 price=4283.38 sl=4268.38 tp=4305.88 lot=0.04 dist=1.78;PLACE_PENDING;SAFE;0;1;0;118052051;-1;0.00;0.00;0.00;0.00;0.00;KELLY_LITE;true;0.04;213522.28;0.0417;KELLY_LITE(mult=1.00 taper=1.00 n=4)+HARD_RISK_CAP(2.0%)+MAXLOSS_CAP;213522.28;213522.28;36;0
2026.08.06 10:20:44;XAUUSD;5;1786008791;DIR_OCO_COUNTER_PLACED;dir=BEAR(counter) ticket=118052052 price=4279.45 lot=0.03;PLACE_PENDING;SAFE;0;2;0;118052051;118052052;0.00;0.00;0.00;0.00;0.00;KELLY_LITE;true;0.04;213522.28;0.0417;KELLY_LITE(mult=1.00 taper=1.00 n=4)+HARD_RISK_CAP(2.0%)+MAXLOSS_CAP;213522.28;213522.28;35;0
2026.08.06 10:20:53;XAUUSD;5;1786008791;BUY_STOP_TRAILED;Old=4283.38 New=4282.92;WAIT_TRIGGER;SAFE;0;2;0;118052051;118052052;0.00;0.00;0.00;0.00;0.00;KELLY_LITE;true;0.04;213522.28;0.0417;KELLY_LITE(mult=1.00 taper=1.00 n=4)+HARD_RISK_CAP(2.0%)+MAXLOSS_CAP;213522.28;213522.28;35;0
2026.08.06 10:21:13;XAUUSD;5;1786008791;SELL_STOP_TRAILED;Old=4279.45 New=4279.83;WAIT_TRIGGER;SAFE;0;2;0;118052051;118052052;0.00;0.00;0.00;0.00;0.00;KELLY_LITE;true;0.04;213522.28;0.0417;KELLY_LITE(mult=1.00 taper=1.00 n=4)+HARD_RISK_CAP(2.0%)+MAXLOSS_CAP;213522.28;213522.28;36;0
2026.08.06 10:21:46;XAUUSD;5;1786008791;SELL_STOP_TRAILED;Old=4279.83 New=4280.28;WAIT_TRIGGER;SAFE;0;2;0;118052051;118052052;0.00;0.00;0.00;0.00;0.00;KELLY_LITE;true;0.04;213522.28;0.0417;KELLY_LITE(mult=1.00 taper=1.00 n=4)+HARD_RISK_CAP(2.0%)+MAXLOSS_CAP;213522.28;213522.28;36;0
2026.08.06 10:21:51;XAUUSD;5;1786008791;SELL_STOP_TRAILED;Old=4280.28 New=4280.59;WAIT_TRIGGER;SAFE;0;2;0;118052051;118052052;0.00;0.00;0.00;0.00;0.00;KELLY_LITE;true;0.04;213522.28;0.0417;KELLY_LITE(mult=1.00 taper=1.00 n=4)+HARD_RISK_CAP(2.0%)+MAXLOSS_CAP;213522.28;213522.28;36;0
2026.08.06 10:21:51;XAUUSD;5;1786008791;OCO_TRIGGERED_BUY;ticket=118052051 entry=4282.92;POSITION_ACTIVE;SAFE;1;1;0;-1;118052052;0.00;0.24;-1.20;0.00;0.00;KELLY_LITE;true;0.04;213522.28;0.0417;KELLY_LITE(mult=1.00 taper=1.00 n=4)+HARD_RISK_CAP(2.0%)+MAXLOSS_CAP;213522.28;213522.52;36;0
2026.08.06 10:21:51;XAUUSD;5;1786008791;OPPOSITE_TRAIL_ARMED;opposite_ticket=118052052 will trail price;POSITION_ACTIVE;SAFE;1;1;0;-1;118052052;0.00;0.24;-1.20;0.00;0.00;KELLY_LITE;true;0.04;213522.28;0.0417;KELLY_LITE(mult=1.00 taper=1.00 n=4)+HARD_RISK_CAP(2.0%)+MAXLOSS_CAP;213522.28;213522.52;36;0
2026.08.06 10:26:29;XAUUSD;5;1786008791;REVERSAL_CHASER_TRIGGERED_FLIP;newDir=BEAR ticket=118052052 entry=4280.59 lot=0.03;MANAGE_PROFIT;SAFE;2;0;1;-1;-1;4282.92;-10.33;-0.93;6.68;-8.88;KELLY_LITE;true;0.04;213522.28;0.0417;KELLY_LITE(mult=1.00 taper=1.00 n=4)+HARD_RISK_CAP(2.0%)+MAXLOSS_CAP;213522.28;213511.95;33;0
2026.08.06 10:26:29;XAUUSD;5;1786008791;POSITION_CLOSED;ticket=118052051 reason=reversal_chaser_flip lots=0.04 price=4280.57 pnl=-9.40;MANAGE_PROFIT;SAFE;1;0;1;-1;-1;4282.92;-0.90;-0.90;6.68;-8.88;KELLY_LITE;true;0.04;213522.28;0.0417;KELLY_LITE(mult=1.00 taper=1.00 n=4)+HARD_RISK_CAP(2.0%)+MAXLOSS_CAP;213512.84;213511.94;33;0
2026.08.06 10:26:29;XAUUSD;5;1786008791;CYCLE_RESET;oldState=MANAGE_PROFIT realizedPnL=-9.44 peak=6.68 worst=-8.88 pyramid=1 consLosses=1 reason=chaser_flip;MANAGE_PROFIT;SAFE;1;0;1;-1;-1;4282.92;-0.90;-0.90;6.68;-8.88;KELLY_LITE;true;0.04;213522.28;0.0417;KELLY_LITE(mult=1.00 taper=1.00 n=4)+HARD_RISK_CAP(2.0%)+MAXLOSS_CAP;213512.84;213511.94;33;0
2026.08.06 10:35:31;XAUUSD;5;1786008792;SL_MODIFIED;ticket=118052052 oldSL=4292.59 newSL=4278.92 reason=break_even_lock_leg_0;MANAGE_PROFIT;SAFE;1;0;1;-1;-1;4280.59;8.37;8.37;8.58;-11.64;KELLY_LITE;true;0.04;213522.28;0.0417;KELLY_LITE(mult=1.00 taper=1.00 n=4)+HARD_RISK_CAP(2.0%)+MAXLOSS_CAP;213512.84;213521.21;36;0
2026.08.06 10:35:31;XAUUSD;5;1786008792;PROFIT_RATCHET_LOCKED;floor=3.65 peak=8.58;MANAGE_PROFIT;SAFE;1;0;1;-1;-1;4280.59;8.37;8.37;8.58;-11.64;KELLY_LITE;true;0.04;213522.28;0.0417;KELLY_LITE(mult=1.00 taper=1.00 n=4)+HARD_RISK_CAP(2.0%)+MAXLOSS_CAP;213512.84;213521.21;36;0
2026.08.06 10:35:31;XAUUSD;5;1786008792;PROFIT_RATCHET_LOCKED;floor=3.65 peak=8.58;MANAGE_PROFIT;SAFE;1;0;1;-1;-1;4280.59;8.37;8.37;8.58;-11.64;KELLY_LITE;true;0.04;213522.28;0.0417;KELLY_LITE(mult=1.00 taper=1.00 n=4)+HARD_RISK_CAP(2.0%)+MAXLOSS_CAP;213512.84;213521.21;36;0
2026.08.06 10:35:31;XAUUSD;5;1786008792;PROFIT_RATCHET_LOCKED;floor=3.65 peak=8.58;MANAGE_PROFIT;SAFE;1;0;1;-1;-1;4280.59;8.34;8.34;8.58;-11.64;KELLY_LITE;true;0.04;213522.28;0.0417;KELLY_LITE(mult=1.00 taper=1.00 n=4)+HARD_RISK_CAP(2.0%)+MAXLOSS_CAP;213512.84;213521.18;36;0
2026.08.06 10:35:31;XAUUSD;5;1786008792;PROFIT_RATCHET_LOCKED;floor=3.65 peak=8.58;MANAGE_PROFIT;SAFE;1;0;1;-1;-1;4280.59;8.25;8.25;8.58;-11.64;KELLY_LITE;true;0.04;213522.28;0.0417;KELLY_LITE(mult=1.00 taper=1.00 n=4)+HARD_RISK_CAP(2.0%)+MAXLOSS_CAP;213512.84;213521.09;36;0
2026.08.06 10:35:31;XAUUSD;5;1786008792;PROFIT_RATCHET_LOCKED;floor=3.65 peak=8.58;MANAGE_PROFIT;SAFE;1;0;1;-1;-1;4280.59;8.22;8.22;8.58;-11.64;KELLY_LITE;true;0.04;213522.28;0.0417;KELLY_LITE(mult=1.00 taper=1.00 n=4)+HARD_RISK_CAP(2.0%)+MAXLOSS_CAP;213512.84;213521.06;36;0
2026.08.06 10:35:32;XAUUSD;5;1786008792;PROFIT_RATCHET_LOCKED;floor=3.65 peak=8.58;MANAGE_PROFIT;SAFE;1;0;1;-1;-1;4280.59;8.07;8.07;8.58;-11.64;KELLY_LITE;true;0.04;213522.28;0.0417;KELLY_LITE(mult=1.00 taper=1.00 n=4)+HARD_RISK_CAP(2.0%)+MAXLOSS_CAP;213512.84;213520.91;35;0
2026.08.06 10:35:32;XAUUSD;5;1786008792;PROFIT_RATCHET_LOCKED;floor=3.65 peak=8.58;MANAGE_PROFIT;SAFE;1;0;1;-1;-1;4280.59;8.13;8.13;8.58;-11.64;KELLY_LITE;true;0.04;213522.28;0.0417;KELLY_LITE(mult=1.00 taper=1.00 n=4)+HARD_RISK_CAP(2.0%)+MAXLOSS_CAP;213512.84;213520.97;36;0
2026.08.06 10:35:32;XAUUSD;5;1786008792;PROFIT_RATCHET_LOCKED;floor=3.65 peak=8.58;MANAGE_PROFIT;SAFE;1;0;1;-1;-1;4280.59;8.07;8.07;8.58;-11.64;KELLY_LITE;true;0.04;213522.28;0.0417;KELLY_LITE(mult=1.00 taper=1.00 n=4)+HARD_RISK_CAP(2.0%)+MAXLOSS_CAP;213512.84;213520.91;33;0
2026.08.06 10:35:32;XAUUSD;5;1786008792;PROFIT_RATCHET_LOCKED;floor=3.65 peak=8.58;MANAGE_PROFIT;SAFE;1;0;1;-1;-1;4280.59;8.10;8.10;8.58;-11.64;KELLY_LITE;true;0.04;213522.28;0.0417;KELLY_LITE(mult=1.00 taper=1.00 n=4)+HARD_RISK_CAP(2.0%)+MAXLOSS_CAP;213512.84;213520.94;36;0
2026.08.06 10:35:33;XAUUSD;5;1786008792;PROFIT_RATCHET_LOCKED;floor=3.65 peak=8.58;MANAGE_PROFIT;SAFE;1;0;1;-1;-1;4280.59;8.13;8.13;8.58;-11.64;KELLY_LITE;true;0.04;213522.28;0.0417;KELLY_LITE(mult=1.00 taper=1.00 n=4)+HARD_RISK_CAP(2.0%)+MAXLOSS_CAP;213512.84;213520.97;36;0
2026.08.06 10:35:33;XAUUSD;5;1786008792;PROFIT_RATCHET_LOCKED;floor=3.65 peak=8.58;MANAGE_PROFIT;SAFE;1;0;1;-1;-1;4280.59;8.25;8.25;8.58;-11.64;KELLY_LITE;true;0.04;213522.28;0.0417;KELLY_LITE(mult=1.00 taper=1.00 n=4)+HARD_RISK_CAP(2.0%)+MAXLOSS_CAP;213512.84;213521.09;33;0
2026.08.06 10:35:33;XAUUSD;5;1786008792;PROFIT_RATCHET_LOCKED;floor=3.65 peak=8.58;MANAGE_PROFIT;SAFE;1;0;1;-1;-1;4280.59;8.28;8.28;8.58;-11.64;KELLY_LITE;true;0.04;213522.28;0.0417;KELLY_LITE(mult=1.00 taper=1.00 n=4)+HARD_RISK_CAP(2.0%)+MAXLOSS_CAP;213512.84;213521.12;36;0
2026.08.06 10:35:33;XAUUSD;5;1786008792;PROFIT_RATCHET_LOCKED;floor=3.65 peak=8.58;MANAGE_PROFIT;SAFE;1;0;1;-1;-1;4280.59;8.34;8.34;8.58;-11.64;KELLY_LITE;true;0.04;213522.28;0.0417;KELLY_LITE(mult=1.00 taper=1.00 n=4)+HARD_RISK_CAP(2.0%)+MAXLOSS_CAP;213512.84;213521.18;36;0
2026.08.06 10:35:34;XAUUSD;5;1786008792;PROFIT_RATCHET_LOCKED;floor=3.65 peak=8.58;MANAGE_PROFIT;SAFE;1;0;1;-1;-1;4280.59;8.31;8.31;8.58;-11.64;KELLY_LITE;true;0.04;213522.28;0.0417;KELLY_LITE(mult=1.00 taper=1.00 n=4)+HARD_RISK_CAP(2.0%)+MAXLOSS_CAP;213512.84;213521.15;36;0
2026.08.06 10:35:34;XAUUSD;5;1786008792;PROFIT_RATCHET_LOCKED;floor=3.65 peak=8.58;MANAGE_PROFIT;SAFE;1;0;1;-1;-1;4280.59;8.28;8.28;8.58;-11.64;KELLY_LITE;true;0.04;213522.28;0.0417;KELLY_LITE(mult=1.00 taper=1.00 n=4)+HARD_RISK_CAP(2.0%)+MAXLOSS_CAP;213512.84;213521.12;36;0
2026.08.06 10:35:34;XAUUSD;5;1786008792;PROFIT_RATCHET_LOCKED;floor=3.65 peak=8.58;MANAGE_PROFIT;SAFE;1;0;1;-1;-1;4280.59;8.25;8.25;8.58;-11.64;KELLY_LITE;true;0.04;213522.28;0.0417;KELLY_LITE(mult=1.00 taper=1.00 n=4)+HARD_RISK_CAP(2.0%)+MAXLOSS_CAP;213512.84;213521.09;36;0
2026.08.06 10:35:34;XAUUSD;5;1786008792;PROFIT_RATCHET_LOCKED;floor=3.65 peak=8.58;MANAGE_PROFIT;SAFE;1;0;1;-1;-1;4280.59;8.10;8.10;8.58;-11.64;KELLY_LITE;true;0.04;213522.28;0.0417;KELLY_LITE(mult=1.00 taper=1.00 n=4)+HARD_RISK_CAP(2.0%)+MAXLOSS_CAP;213512.84;213520.94;36;0
2026.08.06 10:35:34;XAUUSD;5;1786008792;PROFIT_RATCHET_LOCKED;floor=3.65 peak=8.58;MANAGE_PROFIT;SAFE;1;0;1;-1;-1;4280.59;8.13;8.13;8.58;-11.64;KELLY_LITE;true;0.04;213522.28;0.0417;KELLY_LITE(mult=1.00 taper=1.00 n=4)+HARD_RISK_CAP(2.0%)+MAXLOSS_CAP;213512.84;213520.97;36;0
2026.08.06 10:35:35;XAUUSD;5;1786008792;PROFIT_RATCHET_LOCKED;floor=3.65 peak=8.58;MANAGE_PROFIT;SAFE;1;0;1;-1;-1;4280.59;8.16;8.16;8.58;-11.64;KELLY_LITE;true;0.04;213522.28;0.0417;KELLY_LITE(mult=1.00 taper=1.00 n=4)+HARD_RISK_CAP(2.0%)+MAXLOSS_CAP;213512.84;213521.00;36;0
2026.08.06 10:35:35;XAUUSD;5;1786008792;PROFIT_RATCHET_LOCKED;floor=3.65 peak=8.58;MANAGE_PROFIT;SAFE;1;0;1;-1;-1;4280.59;8.13;8.13;8.58;-11.64;KELLY_LITE;true;0.04;213522.28;0.0417;KELLY_LITE(mult=1.00 taper=1.00 n=4)+HARD_RISK_CAP(2.0%)+MAXLOSS_CAP;213512.84;213520.97;36;0
2026.08.06 10:35:36;XAUUSD;5;1786008792;PROFIT_RATCHET_LOCKED;floor=3.65 peak=8.58;MANAGE_PROFIT;SAFE;1;0;1;-1;-1;4280.59;8.16;8.16;8.58;-11.64;KELLY_LITE;true;0.04;213522.28;0.0417;KELLY_LITE(mult=1.00 taper=1.00 n=4)+HARD_RISK_CAP(2.0%)+MAXLOSS_CAP;213512.84;213521.00;36;0
2026.08.06 10:35:37;XAUUSD;5;1786008792;PROFIT_RATCHET_LOCKED;floor=3.65 peak=8.58;MANAGE_PROFIT;SAFE;1;0;1;-1;-1;4280.59;8.13;8.13;8.58;-11.64;KELLY_LITE;true;0.04;213522.28;0.0417;KELLY_LITE(mult=1.00 taper=1.00 n=4)+HARD_RISK_CAP(2.0%)+MAXLOSS_CAP;213512.84;213520.97;36;0
2026.08.06 10:35:37;XAUUSD;5;1786008792;PROFIT_RATCHET_LOCKED;floor=3.65 peak=8.58;MANAGE_PROFIT;SAFE;1;0;1;-1;-1;4280.59;7.95;7.95;8.58;-11.64;KELLY_LITE;true;0.04;213522.28;0.0417;KELLY_LITE(mult=1.00 taper=1.00 n=4)+HARD_RISK_CAP(2.0%)+MAXLOSS_CAP;213512.84;213520.79;36;0
2026.08.06 10:35:37;XAUUSD;5;1786008792;PROFIT_RATCHET_LOCKED;floor=3.65 peak=8.58;MANAGE_PROFIT;SAFE;1;0;1;-1;-1;4280.59;7.71;7.71;8.58;-11.64;KELLY_LITE;true;0.04;213522.28;0.0417;KELLY_LITE(mult=1.00 taper=1.00 n=4)+HARD_RISK_CAP(2.0%)+MAXLOSS_CAP;213512.84;213520.55;33;0
2026.08.06 10:35:38;XAUUSD;5;1786008792;PROFIT_RATCHET_LOCKED;floor=3.65 peak=8.58;MANAGE_PROFIT;SAFE;1;0;1;-1;-1;4280.59;7.80;7.80;8.58;-11.64;KELLY_LITE;true;0.04;213522.28;0.0417;KELLY_LITE(mult=1.00 taper=1.00 n=4)+HARD_RISK_CAP(2.0%)+MAXLOSS_CAP;213512.84;213520.64;35;0
2026.08.06 10:35:38;XAUUSD;5;1786008792;PROFIT_RATCHET_LOCKED;floor=3.65 peak=8.58;MANAGE_PROFIT;SAFE;1;0;1;-1;-1;4280.59;7.83;7.83;8.58;-11.64;KELLY_LITE;true;0.04;213522.28;0.0417;KELLY_LITE(mult=1.00 taper=1.00 n=4)+HARD_RISK_CAP(2.0%)+MAXLOSS_CAP;213512.84;213520.67;36;0
2026.08.06 10:35:38;XAUUSD;5;1786008792;PROFIT_RATCHET_LOCKED;floor=3.65 peak=8.58;MANAGE_PROFIT;SAFE;1;0;1;-1;-1;4280.59;7.68;7.68;8.58;-11.64;KELLY_LITE;true;0.04;213522.28;0.0417;KELLY_LITE(mult=1.00 taper=1.00 n=4)+HARD_RISK_CAP(2.0%)+MAXLOSS_CAP;213512.84;213520.52;36;0
2026.08.06 10:35:38;XAUUSD;5;1786008792;PROFIT_RATCHET_LOCKED;floor=3.65 peak=8.58;MANAGE_PROFIT;SAFE;1;0;1;-1;-1;4280.59;7.77;7.77;8.58;-11.64;KELLY_LITE;true;0.04;213522.28;0.0417;KELLY_LITE(mult=1.00 taper=1.00 n=4)+HARD_RISK_CAP(2.0%)+MAXLOSS_CAP;213512.84;213520.61;36;0
2026.08.06 10:35:38;XAUUSD;5;1786008792;PROFIT_RATCHET_LOCKED;floor=3.65 peak=8.58;MANAGE_PROFIT;SAFE;1;0;1;-1;-1;4280.59;7.74;7.74;8.58;-11.64;KELLY_LITE;true;0.04;213522.28;0.0417;KELLY_LITE(mult=1.00 taper=1.00 n=4)+HARD_RISK_CAP(2.0%)+MAXLOSS_CAP;213512.84;213520.58;36;0
2026.08.06 10:35:39;XAUUSD;5;1786008792;PROFIT_RATCHET_LOCKED;floor=3.65 peak=8.58;MANAGE_PROFIT;SAFE;1;0;1;-1;-1;4280.59;7.59;7.59;8.58;-11.64;KELLY_LITE;true;0.04;213522.28;0.0417;KELLY_LITE(mult=1.00 taper=1.00 n=4)+HARD_RISK_CAP(2.0%)+MAXLOSS_CAP;213512.84;213520.43;36;0
2026.08.06 10:35:39;XAUUSD;5;1786008792;EXIT_TIERED_TRAIL;profit=7.17 peak=8.58 allowedRetrace=1.29;MANAGE_PROFIT;SAFE;1;0;1;-1;-1;4280.59;7.17;7.17;8.58;-11.64;KELLY_LITE;true;0.04;213522.28;0.0417;KELLY_LITE(mult=1.00 taper=1.00 n=4)+HARD_RISK_CAP(2.0%)+MAXLOSS_CAP;213512.84;213520.01;36;0
2026.08.06 10:35:40;XAUUSD;5;1786008792;POSITION_CLOSED;ticket=118052052 reason=tiered_profit_trail lots=0.03 price=4278.20 pnl=7.17;MANAGE_PROFIT;SAFE;0;0;1;-1;-1;4280.59;0.00;0.00;8.58;-11.64;KELLY_LITE;true;0.04;213522.28;0.0417;KELLY_LITE(mult=1.00 taper=1.00 n=4)+HARD_RISK_CAP(2.0%)+MAXLOSS_CAP;213520.10;213520.10;36;0
2026.08.06 10:35:40;XAUUSD;5;1786008792;CYCLE_RESET;oldState=RESET realizedPnL=-2.18 peak=8.58 worst=-11.64 pyramid=0 consLosses=2;RESET;SAFE;0;0;0;-1;-1;4280.59;0.00;0.00;8.58;-11.64;KELLY_LITE;true;0.04;213522.28;0.0417;KELLY_LITE(mult=1.00 taper=1.00 n=4)+HARD_RISK_CAP(2.0%)+MAXLOSS_CAP;213520.10;213520.10;36;0
2026.08.06 10:40:40;XAUUSD;5;1786008793;PLACE_PENDING_START;cycle=1786008793 trend=1 consecLosses=2 preset=AGGRESSIVE;PLACE_PENDING;SAFE;0;0;0;-1;-1;0.00;0.00;0.00;0.00;0.00;KELLY_LITE;true;0.04;213522.28;0.0417;KELLY_LITE(mult=1.00 taper=1.00 n=4)+HARD_RISK_CAP(2.0%)+MAXLOSS_CAP;213520.10;213520.10;36;0
2026.08.06 10:40:40;XAUUSD;5;1786008793;DIR_OCO_PLACED;dir=BULL ticket=118054179 price=4280.04 sl=4265.04 tp=4302.54 lot=0.04 dist=1.69;PLACE_PENDING;SAFE;0;1;0;118054179;-1;0.00;0.00;0.00;0.00;0.00;KELLY_LITE;true;0.04;213520.10;0.0417;KELLY_LITE(mult=0.90 taper=1.00 n=6)+CONSEC_REDUCE(0.50)+HARD_RISK_CAP(2.0%)+MAXLOSS_CAP;213520.10;213520.10;37;0
2026.08.06 10:40:41;XAUUSD;5;1786008793;DIR_OCO_COUNTER_PLACED;dir=BEAR(counter) ticket=118054182 price=4275.84 lot=0.03;PLACE_PENDING;SAFE;0;2;0;118054179;118054182;0.00;0.00;0.00;0.00;0.00;KELLY_LITE;true;0.04;213520.10;0.0417;KELLY_LITE(mult=0.90 taper=1.00 n=6)+CONSEC_REDUCE(0.50)+HARD_RISK_CAP(2.0%)+MAXLOSS_CAP;213520.10;213520.10;36;0
2026.08.06 10:40:41;XAUUSD;5;1786008793;BUY_STOP_TRAILED;Old=4280.04 New=4279.66;WAIT_TRIGGER;SAFE;0;2;0;118054179;118054182;0.00;0.00;0.00;0.00;0.00;KELLY_LITE;true;0.04;213520.10;0.0417;KELLY_LITE(mult=0.90 taper=1.00 n=6)+CONSEC_REDUCE(0.50)+HARD_RISK_CAP(2.0%)+MAXLOSS_CAP;213520.10;213520.10;36;0
2026.08.06 10:40:47;XAUUSD;5;1786008793;BUY_STOP_TRAILED;Old=4279.66 New=4279.32;WAIT_TRIGGER;SAFE;0;2;0;118054179;118054182;0.00;0.00;0.00;0.00;0.00;KELLY_LITE;true;0.04;213520.10;0.0417;KELLY_LITE(mult=0.90 taper=1.00 n=6)+CONSEC_REDUCE(0.50)+HARD_RISK_CAP(2.0%)+MAXLOSS_CAP;213520.10;213520.10;36;0
2026.08.06 10:40:50;XAUUSD;5;1786008793;BUY_STOP_TRAILED;Old=4279.32 New=4278.85;WAIT_TRIGGER;SAFE;0;2;0;118054179;118054182;0.00;0.00;0.00;0.00;0.00;KELLY_LITE;true;0.04;213520.10;0.0417;KELLY_LITE(mult=0.90 taper=1.00 n=6)+CONSEC_REDUCE(0.50)+HARD_RISK_CAP(2.0%)+MAXLOSS_CAP;213520.10;213520.10;36;0
2026.08.06 10:40:55;XAUUSD;5;1786008793;BUY_STOP_TRAILED;Old=4278.85 New=4278.46;WAIT_TRIGGER;SAFE;0;2;0;118054179;118054182;0.00;0.00;0.00;0.00;0.00;KELLY_LITE;true;0.04;213520.10;0.0417;KELLY_LITE(mult=0.90 taper=1.00 n=6)+CONSEC_REDUCE(0.50)+HARD_RISK_CAP(2.0%)+MAXLOSS_CAP;213520.10;213520.10;36;0
2026.08.06 10:41:06;XAUUSD;5;1786008793;BUY_STOP_TRAILED;Old=4278.46 New=4278.07;WAIT_TRIGGER;SAFE;1;1;0;118054179;118054182;0.00;-0.81;-0.81;0.00;0.00;KELLY_LITE;true;0.04;213520.10;0.0417;KELLY_LITE(mult=0.90 taper=1.00 n=6)+CONSEC_REDUCE(0.50)+HARD_RISK_CAP(2.0%)+MAXLOSS_CAP;213520.10;213519.29;34;0
2026.08.06 10:41:06;XAUUSD;5;1786008793;OCO_TRIGGERED_SELL;ticket=118054182 entry=4275.84;POSITION_ACTIVE;SAFE;1;1;0;118054179;-1;0.00;-0.81;-0.81;0.00;0.00;KELLY_LITE;true;0.04;213520.10;0.0417;KELLY_LITE(mult=0.90 taper=1.00 n=6)+CONSEC_REDUCE(0.50)+HARD_RISK_CAP(2.0%)+MAXLOSS_CAP;213520.10;213519.29;34;0
2026.08.06 10:41:06;XAUUSD;5;1786008793;OPPOSITE_TRAIL_ARMED;opposite_ticket=118054179 will trail price;POSITION_ACTIVE;SAFE;1;1;0;118054179;-1;0.00;-0.81;-0.81;0.00;0.00;KELLY_LITE;true;0.04;213520.10;0.0417;KELLY_LITE(mult=0.90 taper=1.00 n=6)+CONSEC_REDUCE(0.50)+HARD_RISK_CAP(2.0%)+MAXLOSS_CAP;213520.10;213519.29;34;0
2026.08.06 10:41:45;XAUUSD;5;1786008793;OPPOSITE_PENDING_TRAILED;BUY_STOP trailed DOWN: ticket=118054179 old=4278.07 new=4277.76 dist=2.67;MANAGE_PROFIT;SAFE;1;1;1;-1;-1;4275.84;1.74;1.74;2.19;-1.05;KELLY_LITE;true;0.04;213520.10;0.0417;KELLY_LITE(mult=0.90 taper=1.00 n=6)+CONSEC_REDUCE(0.50)+HARD_RISK_CAP(2.0%)+MAXLOSS_CAP;213520.10;213521.84;36;0
2026.08.06 10:42:01;XAUUSD;5;1786008793;OPPOSITE_PENDING_TRAILED;BUY_STOP trailed DOWN: ticket=118054179 old=4277.76 new=4277.45 dist=2.68;MANAGE_PROFIT;SAFE;1;1;1;-1;-1;4275.84;3.03;3.03;3.15;-1.05;KELLY_LITE;true;0.04;213520.10;0.0417;KELLY_LITE(mult=0.90 taper=1.00 n=6)+CONSEC_REDUCE(0.50)+HARD_RISK_CAP(2.0%)+MAXLOSS_CAP;213520.10;213523.13;36;0
2026.08.06 10:43:34;XAUUSD;5;1786008793;OPPOSITE_PENDING_TRAILED;BUY_STOP trailed DOWN: ticket=118054179 old=4277.45 new=4277.14 dist=2.70;MANAGE_PROFIT;SAFE;1;1;1;-1;-1;4275.84;4.17;4.17;4.17;-1.05;KELLY_LITE;true;0.04;213520.10;0.0417;KELLY_LITE(mult=0.90 taper=1.00 n=6)+CONSEC_REDUCE(0.50)+HARD_RISK_CAP(2.0%)+MAXLOSS_CAP;213520.10;213524.27;33;0
2026.08.06 10:43:44;XAUUSD;5;1786008793;OPPOSITE_PENDING_TRAILED;BUY_STOP trailed DOWN: ticket=118054179 old=4277.14 new=4276.77 dist=2.71;MANAGE_PROFIT;SAFE;1;1;1;-1;-1;4275.84;5.58;5.58;5.01;-1.05;KELLY_LITE;true;0.04;213520.10;0.0417;KELLY_LITE(mult=0.90 taper=1.00 n=6)+CONSEC_REDUCE(0.50)+HARD_RISK_CAP(2.0%)+MAXLOSS_CAP;213520.10;213525.68;33;0
2026.08.06 10:44:00;XAUUSD;5;1786008793;OPPOSITE_PENDING_TRAILED;BUY_STOP trailed DOWN: ticket=118054179 old=4276.77 new=4276.37 dist=2.73;MANAGE_PROFIT;SAFE;1;1;1;-1;-1;4275.84;6.15;6.15;5.82;-1.05;KELLY_LITE;true;0.04;213520.10;0.0417;KELLY_LITE(mult=0.90 taper=1.00 n=6)+CONSEC_REDUCE(0.50)+HARD_RISK_CAP(2.0%)+MAXLOSS_CAP;213520.10;213526.25;35;0
2026.08.06 10:44:06;XAUUSD;5;1786008793;OPPOSITE_PENDING_TRAILED;BUY_STOP trailed DOWN: ticket=118054179 old=4276.37 new=4276.05 dist=2.74;MANAGE_PROFIT;SAFE;1;1;1;-1;-1;4275.84;7.83;7.83;7.50;-1.05;KELLY_LITE;true;0.04;213520.10;0.0417;KELLY_LITE(mult=0.90 taper=1.00 n=6)+CONSEC_REDUCE(0.50)+HARD_RISK_CAP(2.0%)+MAXLOSS_CAP;213520.10;213527.93;33;0
2026.08.06 10:44:07;XAUUSD;5;1786008793;SL_MODIFIED;ticket=118054182 oldSL=4290.84 newSL=4274.17 reason=break_even_lock_leg_0;MANAGE_PROFIT;SAFE;1;1;1;-1;-1;4275.84;8.01;8.01;8.22;-1.05;KELLY_LITE;true;0.04;213520.10;0.0417;KELLY_LITE(mult=0.90 taper=1.00 n=6)+CONSEC_REDUCE(0.50)+HARD_RISK_CAP(2.0%)+MAXLOSS_CAP;213520.10;213528.11;33;0
2026.08.06 10:44:07;XAUUSD;5;1786008793;PROFIT_RATCHET_LOCKED;floor=3.49 peak=8.22;MANAGE_PROFIT;SAFE;1;1;1;-1;-1;4275.84;8.01;8.01;8.22;-1.05;KELLY_LITE;true;0.04;213520.10;0.0417;KELLY_LITE(mult=0.90 taper=1.00 n=6)+CONSEC_REDUCE(0.50)+HARD_RISK_CAP(2.0%)+MAXLOSS_CAP;213520.10;213528.11;33;0
2026.08.06 10:44:07;XAUUSD;5;1786008793;PROFIT_RATCHET_LOCKED;floor=3.49 peak=8.22;MANAGE_PROFIT;SAFE;1;1;1;-1;-1;4275.84;8.01;8.01;8.22;-1.05;KELLY_LITE;true;0.04;213520.10;0.0417;KELLY_LITE(mult=0.90 taper=1.00 n=6)+CONSEC_REDUCE(0.50)+HARD_RISK_CAP(2.0%)+MAXLOSS_CAP;213520.10;213528.11;33;0
2026.08.06 10:44:07;XAUUSD;5;1786008793;PROFIT_RATCHET_LOCKED;floor=3.49 peak=8.22;MANAGE_PROFIT;SAFE;1;1;1;-1;-1;4275.84;7.86;7.86;8.22;-1.05;KELLY_LITE;true;0.04;213520.10;0.0417;KELLY_LITE(mult=0.90 taper=1.00 n=6)+CONSEC_REDUCE(0.50)+HARD_RISK_CAP(2.0%)+MAXLOSS_CAP;213520.10;213527.96;33;0
2026.08.06 10:44:07;XAUUSD;5;1786008793;PROFIT_RATCHET_LOCKED;floor=3.49 peak=8.22;MANAGE_PROFIT;SAFE;1;1;1;-1;-1;4275.84;7.89;7.89;8.22;-1.05;KELLY_LITE;true;0.04;213520.10;0.0417;KELLY_LITE(mult=0.90 taper=1.00 n=6)+CONSEC_REDUCE(0.50)+HARD_RISK_CAP(2.0%)+MAXLOSS_CAP;213520.10;213527.99;33;0
2026.08.06 10:44:07;XAUUSD;5;1786008793;PROFIT_RATCHET_LOCKED;floor=3.49 peak=8.22;MANAGE_PROFIT;SAFE;1;1;1;-1;-1;4275.84;7.95;7.95;8.22;-1.05;KELLY_LITE;true;0.04;213520.10;0.0417;KELLY_LITE(mult=0.90 taper=1.00 n=6)+CONSEC_REDUCE(0.50)+HARD_RISK_CAP(2.0%)+MAXLOSS_CAP;213520.10;213528.05;33;0
2026.08.06 10:44:07;XAUUSD;5;1786008793;PROFIT_RATCHET_LOCKED;floor=3.49 peak=8.22;MANAGE_PROFIT;SAFE;1;1;1;-1;-1;4275.84;8.16;8.16;8.22;-1.05;KELLY_LITE;true;0.04;213520.10;0.0417;KELLY_LITE(mult=0.90 taper=1.00 n=6)+CONSEC_REDUCE(0.50)+HARD_RISK_CAP(2.0%)+MAXLOSS_CAP;213520.10;213528.26;33;0
2026.08.06 10:44:08;XAUUSD;5;1786008793;PROFIT_RATCHET_LOCKED;floor=3.49 peak=8.22;MANAGE_PROFIT;SAFE;1;1;1;-1;-1;4275.84;8.19;8.19;8.22;-1.05;KELLY_LITE;true;0.04;213520.10;0.0417;KELLY_LITE(mult=0.90 taper=1.00 n=6)+CONSEC_REDUCE(0.50)+HARD_RISK_CAP(2.0%)+MAXLOSS_CAP;213520.10;213528.29;33;0
2026.08.06 10:44:08;XAUUSD;5;1786008793;PROFIT_RATCHET_LOCKED;floor=3.49 peak=8.22;MANAGE_PROFIT;SAFE;1;1;1;-1;-1;4275.84;8.16;8.16;8.22;-1.05;KELLY_LITE;true;0.04;213520.10;0.0417;KELLY_LITE(mult=0.90 taper=1.00 n=6)+CONSEC_REDUCE(0.50)+HARD_RISK_CAP(2.0%)+MAXLOSS_CAP;213520.10;213528.26;33;0
2026.08.06 10:44:08;XAUUSD;5;1786008793;PROFIT_RATCHET_LOCKED;floor=3.49 peak=8.22;MANAGE_PROFIT;SAFE;1;1;1;-1;-1;4275.84;8.19;8.19;8.22;-1.05;KELLY_LITE;true;0.04;213520.10;0.0417;KELLY_LITE(mult=0.90 taper=1.00 n=6)+CONSEC_REDUCE(0.50)+HARD_RISK_CAP(2.0%)+MAXLOSS_CAP;213520.10;213528.29;33;0
2026.08.06 10:44:09;XAUUSD;5;1786008793;PROFIT_RATCHET_LOCKED;floor=3.49 peak=8.22;MANAGE_PROFIT;SAFE;1;1;1;-1;-1;4275.84;8.16;8.16;8.22;-1.05;KELLY_LITE;true;0.04;213520.10;0.0417;KELLY_LITE(mult=0.90 taper=1.00 n=6)+CONSEC_REDUCE(0.50)+HARD_RISK_CAP(2.0%)+MAXLOSS_CAP;213520.10;213528.26;33;0
2026.08.06 10:44:09;XAUUSD;5;1786008793;PROFIT_RATCHET_LOCKED;floor=3.49 peak=8.22;MANAGE_PROFIT;SAFE;1;1;1;-1;-1;4275.84;7.98;7.98;8.22;-1.05;KELLY_LITE;true;0.04;213520.10;0.0417;KELLY_LITE(mult=0.90 taper=1.00 n=6)+CONSEC_REDUCE(0.50)+HARD_RISK_CAP(2.0%)+MAXLOSS_CAP;213520.10;213528.08;33;0
2026.08.06 10:44:10;XAUUSD;5;1786008793;PROFIT_RATCHET_LOCKED;floor=3.49 peak=8.22;MANAGE_PROFIT;SAFE;1;1;1;-1;-1;4275.84;7.83;7.83;8.22;-1.05;KELLY_LITE;true;0.04;213520.10;0.0417;KELLY_LITE(mult=0.90 taper=1.00 n=6)+CONSEC_REDUCE(0.50)+HARD_RISK_CAP(2.0%)+MAXLOSS_CAP;213520.10;213527.93;33;0
2026.08.06 10:44:10;XAUUSD;5;1786008793;PROFIT_RATCHET_LOCKED;floor=3.49 peak=8.22;MANAGE_PROFIT;SAFE;1;1;1;-1;-1;4275.84;7.95;7.95;8.22;-1.05;KELLY_LITE;true;0.04;213520.10;0.0417;KELLY_LITE(mult=0.90 taper=1.00 n=6)+CONSEC_REDUCE(0.50)+HARD_RISK_CAP(2.0%)+MAXLOSS_CAP;213520.10;213528.05;33;0
2026.08.06 10:44:10;XAUUSD;5;1786008793;PROFIT_RATCHET_LOCKED;floor=3.49 peak=8.22;MANAGE_PROFIT;SAFE;1;1;1;-1;-1;4275.84;7.83;7.83;8.22;-1.05;KELLY_LITE;true;0.04;213520.10;0.0417;KELLY_LITE(mult=0.90 taper=1.00 n=6)+CONSEC_REDUCE(0.50)+HARD_RISK_CAP(2.0%)+MAXLOSS_CAP;213520.10;213527.93;33;0
2026.08.06 10:44:11;XAUUSD;5;1786008793;PROFIT_RATCHET_LOCKED;floor=3.49 peak=8.22;MANAGE_PROFIT;SAFE;1;1;1;-1;-1;4275.84;7.74;7.74;8.22;-1.05;KELLY_LITE;true;0.04;213520.10;0.0417;KELLY_LITE(mult=0.90 taper=1.00 n=6)+CONSEC_REDUCE(0.50)+HARD_RISK_CAP(2.0%)+MAXLOSS_CAP;213520.10;213527.84;33;0
2026.08.06 10:44:11;XAUUSD;5;1786008793;PROFIT_RATCHET_LOCKED;floor=3.49 peak=8.22;MANAGE_PROFIT;SAFE;1;1;1;-1;-1;4275.84;7.77;7.77;8.22;-1.05;KELLY_LITE;true;0.04;213520.10;0.0417;KELLY_LITE(mult=0.90 taper=1.00 n=6)+CONSEC_REDUCE(0.50)+HARD_RISK_CAP(2.0%)+MAXLOSS_CAP;213520.10;213527.87;33;0
2026.08.06 10:44:11;XAUUSD;5;1786008793;PROFIT_RATCHET_LOCKED;floor=3.49 peak=8.22;MANAGE_PROFIT;SAFE;1;1;1;-1;-1;4275.84;7.83;7.83;8.22;-1.05;KELLY_LITE;true;0.04;213520.10;0.0417;KELLY_LITE(mult=0.90 taper=1.00 n=6)+CONSEC_REDUCE(0.50)+HARD_RISK_CAP(2.0%)+MAXLOSS_CAP;213520.10;213527.93;33;0
2026.08.06 10:44:13;XAUUSD;5;1786008793;PROFIT_RATCHET_LOCKED;floor=3.49 peak=8.22;MANAGE_PROFIT;SAFE;1;1;1;-1;-1;4275.84;7.71;7.71;8.22;-1.05;KELLY_LITE;true;0.04;213520.10;0.0417;KELLY_LITE(mult=0.90 taper=1.00 n=6)+CONSEC_REDUCE(0.50)+HARD_RISK_CAP(2.0%)+MAXLOSS_CAP;213520.10;213527.81;33;0
2026.08.06 10:44:13;XAUUSD;5;1786008793;PROFIT_RATCHET_LOCKED;floor=3.49 peak=8.22;MANAGE_PROFIT;SAFE;1;1;1;-1;-1;4275.84;7.65;7.65;8.22;-1.05;KELLY_LITE;true;0.04;213520.10;0.0417;KELLY_LITE(mult=0.90 taper=1.00 n=6)+CONSEC_REDUCE(0.50)+HARD_RISK_CAP(2.0%)+MAXLOSS_CAP;213520.10;213527.75;33;0
2026.08.06 10:44:13;XAUUSD;5;1786008793;PROFIT_RATCHET_LOCKED;floor=3.49 peak=8.22;MANAGE_PROFIT;SAFE;1;1;1;-1;-1;4275.84;7.68;7.68;8.22;-1.05;KELLY_LITE;true;0.04;213520.10;0.0417;KELLY_LITE(mult=0.90 taper=1.00 n=6)+CONSEC_REDUCE(0.50)+HARD_RISK_CAP(2.0%)+MAXLOSS_CAP;213520.10;213527.78;33;0
2026.08.06 10:44:14;XAUUSD;5;1786008793;PROFIT_RATCHET_LOCKED;floor=3.49 peak=8.22;MANAGE_PROFIT;SAFE;1;1;1;-1;-1;4275.84;7.71;7.71;8.22;-1.05;KELLY_LITE;true;0.04;213520.10;0.0417;KELLY_LITE(mult=0.90 taper=1.00 n=6)+CONSEC_REDUCE(0.50)+HARD_RISK_CAP(2.0%)+MAXLOSS_CAP;213520.10;213527.81;33;0
2026.08.06 10:44:14;XAUUSD;5;1786008793;PROFIT_RATCHET_LOCKED;floor=3.49 peak=8.22;MANAGE_PROFIT;SAFE;1;1;1;-1;-1;4275.84;7.47;7.47;8.22;-1.05;KELLY_LITE;true;0.04;213520.10;0.0417;KELLY_LITE(mult=0.90 taper=1.00 n=6)+CONSEC_REDUCE(0.50)+HARD_RISK_CAP(2.0%)+MAXLOSS_CAP;213520.10;213527.57;35;0
2026.08.06 10:44:14;XAUUSD;5;1786008793;EXIT_TIERED_TRAIL;profit=6.93 peak=8.22 allowedRetrace=1.23;MANAGE_PROFIT;SAFE;1;1;1;-1;-1;4275.84;6.93;6.93;8.22;-1.05;KELLY_LITE;true;0.04;213520.10;0.0417;KELLY_LITE(mult=0.90 taper=1.00 n=6)+CONSEC_REDUCE(0.50)+HARD_RISK_CAP(2.0%)+MAXLOSS_CAP;213520.10;213527.03;33;0
2026.08.06 10:44:15;XAUUSD;5;1786008793;POSITION_CLOSED;ticket=118054182 reason=tiered_profit_trail lots=0.03 price=4273.53 pnl=6.93;MANAGE_PROFIT;SAFE;0;1;1;-1;-1;4275.84;0.00;0.00;8.22;-1.05;KELLY_LITE;true;0.04;213520.10;0.0417;KELLY_LITE(mult=0.90 taper=1.00 n=6)+CONSEC_REDUCE(0.50)+HARD_RISK_CAP(2.0%)+MAXLOSS_CAP;213526.97;213526.97;33;0
2026.08.06 10:44:15;XAUUSD;5;1786008793;PENDING_DELETED;ticket=118054179 reason=close_all_cleanup;MANAGE_PROFIT;SAFE;0;0;1;-1;-1;4275.84;0.00;0.00;8.22;-1.05;KELLY_LITE;true;0.04;213520.10;0.0417;KELLY_LITE(mult=0.90 taper=1.00 n=6)+CONSEC_REDUCE(0.50)+HARD_RISK_CAP(2.0%)+MAXLOSS_CAP;213526.97;213526.97;33;0
2026.08.06 10:44:15;XAUUSD;5;1786008793;CYCLE_RESET;oldState=RESET realizedPnL=6.87 peak=8.22 worst=-1.05 pyramid=0 consLosses=0;RESET;SAFE;0;0;0;-1;-1;4275.84;0.00;0.00;8.22;-1.05;KELLY_LITE;true;0.04;213520.10;0.0417;KELLY_LITE(mult=0.90 taper=1.00 n=6)+CONSEC_REDUCE(0.50)+HARD_RISK_CAP(2.0%)+MAXLOSS_CAP;213526.97;213526.97;33;0
2026.08.06 10:49:15;XAUUSD;5;1786008793;FILTER_BLOCK_TREND_DISAGREE;TREND_DISAGREE (main=1 fast=-1 rsi=48.7, no extreme);BLOCKED;SAFE;0;0;0;-1;-1;0.00;0.00;0.00;0.00;0.00;KELLY_LITE;true;0.04;213520.10;0.0417;KELLY_LITE(mult=0.90 taper=1.00 n=6)+CONSEC_REDUCE(0.50)+HARD_RISK_CAP(2.0%)+MAXLOSS_CAP;213526.97;213526.97;36;0
2026.08.06 10:54:15;XAUUSD;5;1786008793;FILTER_BLOCK_TREND_DISAGREE;TREND_DISAGREE (main=1 fast=-1 rsi=54.6, no extreme);BLOCKED;SAFE;0;0;0;-1;-1;0.00;0.00;0.00;0.00;0.00;KELLY_LITE;true;0.04;213520.10;0.0417;KELLY_LITE(mult=0.90 taper=1.00 n=6)+CONSEC_REDUCE(0.50)+HARD_RISK_CAP(2.0%)+MAXLOSS_CAP;213526.97;213526.97;34;0
2026.08.06 10:59:15;XAUUSD;5;1786008793;FILTER_BLOCK_TREND_DISAGREE;TREND_DISAGREE (main=1 fast=-1 rsi=48.3, no extreme);BLOCKED;SAFE;0;0;0;-1;-1;0.00;0.00;0.00;0.00;0.00;KELLY_LITE;true;0.04;213520.10;0.0417;KELLY_LITE(mult=0.90 taper=1.00 n=6)+CONSEC_REDUCE(0.50)+HARD_RISK_CAP(2.0%)+MAXLOSS_CAP;213526.97;213526.97;34;0
2026.08.06 11:04:15;XAUUSD;5;1786008793;FILTER_BLOCK_TREND_DISAGREE;TREND_DISAGREE (main=1 fast=-1 rsi=50.3, no extreme);BLOCKED;SAFE;0;0;0;-1;-1;0.00;0.00;0.00;0.00;0.00;KELLY_LITE;true;0.04;213520.10;0.0417;KELLY_LITE(mult=0.90 taper=1.00 n=6)+CONSEC_REDUCE(0.50)+HARD_RISK_CAP(2.0%)+MAXLOSS_CAP;213526.97;213526.97;36;0
2026.08.06 11:09:15;XAUUSD;5;1786008793;FILTER_BLOCK_TREND_DISAGREE;TREND_DISAGREE (main=1 fast=-1 rsi=48.3, no extreme);BLOCKED;SAFE;0;0;0;-1;-1;0.00;0.00;0.00;0.00;0.00;KELLY_LITE;true;0.04;213520.10;0.0417;KELLY_LITE(mult=0.90 taper=1.00 n=6)+CONSEC_REDUCE(0.50)+HARD_RISK_CAP(2.0%)+MAXLOSS_CAP;213526.97;213526.97;36;0
2026.08.06 11:14:15;XAUUSD;5;1786008793;FILTER_BLOCK_TREND_DISAGREE;TREND_DISAGREE (main=1 fast=-1 rsi=47.2, no extreme);BLOCKED;SAFE;0;0;0;-1;-1;0.00;0.00;0.00;0.00;0.00;KELLY_LITE;true;0.04;213520.10;0.0417;KELLY_LITE(mult=0.90 taper=1.00 n=6)+CONSEC_REDUCE(0.50)+HARD_RISK_CAP(2.0%)+MAXLOSS_CAP;213526.97;213526.97;36;0
2026.08.06 11:19:15;XAUUSD;5;1786008793;FILTER_BLOCK_TREND_DISAGREE;TREND_DISAGREE (main=1 fast=-1 rsi=45.6, no extreme);BLOCKED;SAFE;0;0;0;-1;-1;0.00;0.00;0.00;0.00;0.00;KELLY_LITE;true;0.04;213520.10;0.0417;KELLY_LITE(mult=0.90 taper=1.00 n=6)+CONSEC_REDUCE(0.50)+HARD_RISK_CAP(2.0%)+MAXLOSS_CAP;213526.97;213526.97;33;0
2026.08.06 11:24:15;XAUUSD;5;1786008794;PLACE_PENDING_START;cycle=1786008794 trend=1 consecLosses=0 preset=AGGRESSIVE;PLACE_PENDING;SAFE;0;0;0;-1;-1;0.00;0.00;0.00;0.00;0.00;KELLY_LITE;true;0.04;213520.10;0.0417;KELLY_LITE(mult=0.90 taper=1.00 n=6)+CONSEC_REDUCE(0.50)+HARD_RISK_CAP(2.0%)+MAXLOSS_CAP;213526.97;213526.97;35;0
2026.08.06 11:24:15;XAUUSD;5;1786008794;DIR_OCO_PLACED;dir=BULL ticket=118056860 price=4272.28 sl=4257.28 tp=4294.78 lot=0.04 dist=1.53;PLACE_PENDING;SAFE;0;1;0;118056860;-1;0.00;0.00;0.00;0.00;0.00;KELLY_LITE;true;0.04;213526.97;0.0417;KELLY_LITE(mult=0.95 taper=1.00 n=7)+HARD_RISK_CAP(2.0%)+MAXLOSS_CAP;213526.97;213526.97;36;0
2026.08.06 11:24:16;XAUUSD;5;1786008794;DIR_OCO_COUNTER_PLACED;dir=BEAR(counter) ticket=118056861 price=4268.86 lot=0.03;PLACE_PENDING;SAFE;0;2;0;118056860;118056861;0.00;0.00;0.00;0.00;0.00;KELLY_LITE;true;0.04;213526.97;0.0417;KELLY_LITE(mult=0.95 taper=1.00 n=7)+HARD_RISK_CAP(2.0%)+MAXLOSS_CAP;213526.97;213526.97;33;0
2026.08.06 11:24:18;XAUUSD;5;1786008794;SELL_STOP_TRAILED;Old=4268.86 New=4269.19;WAIT_TRIGGER;SAFE;0;2;0;118056860;118056861;0.00;0.00;0.00;0.00;0.00;KELLY_LITE;true;0.04;213526.97;0.0417;KELLY_LITE(mult=0.95 taper=1.00 n=7)+HARD_RISK_CAP(2.0%)+MAXLOSS_CAP;213526.97;213526.97;36;0
2026.08.06 11:25:11;XAUUSD;5;1786008794;BUY_STOP_TRAILED;Old=4272.28 New=4271.97;WAIT_TRIGGER;SAFE;0;2;0;118056860;118056861;0.00;0.00;0.00;0.00;0.00;KELLY_LITE;true;0.04;213526.97;0.0417;KELLY_LITE(mult=0.95 taper=1.00 n=7)+HARD_RISK_CAP(2.0%)+MAXLOSS_CAP;213526.97;213526.97;33;0
2026.08.06 11:26:35;XAUUSD;5;1786008794;BUY_STOP_TRAILED;Old=4271.97 New=4271.59;WAIT_TRIGGER;SAFE;0;2;0;118056860;118056861;0.00;0.00;0.00;0.00;0.00;KELLY_LITE;true;0.04;213526.97;0.0417;KELLY_LITE(mult=0.95 taper=1.00 n=7)+HARD_RISK_CAP(2.0%)+MAXLOSS_CAP;213526.97;213526.97;34;0
2026.08.06 11:26:38;XAUUSD;5;1786008794;BUY_STOP_TRAILED;Old=4271.59 New=4271.20;WAIT_TRIGGER;SAFE;0;2;0;118056860;118056861;0.00;0.00;0.00;0.00;0.00;KELLY_LITE;true;0.04;213526.97;0.0417;KELLY_LITE(mult=0.95 taper=1.00 n=7)+HARD_RISK_CAP(2.0%)+MAXLOSS_CAP;213526.97;213526.97;34;0
2026.08.06 11:26:41;XAUUSD;5;1786008794;OCO_TRIGGERED_SELL;ticket=118056861 entry=4269.19;POSITION_ACTIVE;SAFE;1;1;0;118056860;-1;0.00;0.00;-1.08;0.00;0.00;KELLY_LITE;true;0.04;213526.97;0.0417;KELLY_LITE(mult=0.95 taper=1.00 n=7)+HARD_RISK_CAP(2.0%)+MAXLOSS_CAP;213526.97;213526.97;36;0
2026.08.06 11:26:41;XAUUSD;5;1786008794;OPPOSITE_TRAIL_ARMED;opposite_ticket=118056860 will trail price;POSITION_ACTIVE;SAFE;1;1;0;118056860;-1;0.00;0.00;-1.08;0.00;0.00;KELLY_LITE;true;0.04;213526.97;0.0417;KELLY_LITE(mult=0.95 taper=1.00 n=7)+HARD_RISK_CAP(2.0%)+MAXLOSS_CAP;213526.97;213526.97;36;0
2026.08.06 11:27:06;XAUUSD;5;1786008794;OPPOSITE_PENDING_TRAILED;BUY_STOP trailed DOWN: ticket=118056860 old=4271.20 new=4270.89 dist=2.28;MANAGE_PROFIT;SAFE;1;1;1;-1;-1;4269.19;1.65;1.65;1.62;-1.14;KELLY_LITE;true;0.04;213526.97;0.0417;KELLY_LITE(mult=0.95 taper=1.00 n=7)+HARD_RISK_CAP(2.0%)+MAXLOSS_CAP;213526.97;213528.62;35;0
2026.08.06 11:27:10;XAUUSD;5;1786008794;OPPOSITE_PENDING_TRAILED;BUY_STOP trailed DOWN: ticket=118056860 old=4270.89 new=4270.56 dist=2.29;MANAGE_PROFIT;SAFE;1;1;1;-1;-1;4269.19;3.21;3.21;2.58;-1.14;KELLY_LITE;true;0.04;213526.97;0.0417;KELLY_LITE(mult=0.95 taper=1.00 n=7)+HARD_RISK_CAP(2.0%)+MAXLOSS_CAP;213526.97;213530.18;36;0
2026.08.06 11:30:27;XAUUSD;5;1786008794;OPPOSITE_PENDING_TRAILED;BUY_STOP trailed DOWN: ticket=118056860 old=4270.56 new=4270.14 dist=2.20;MANAGE_PROFIT;SAFE;1;1;1;-1;-1;4269.19;4.26;4.26;3.21;-4.08;KELLY_LITE;true;0.04;213526.97;0.0417;KELLY_LITE(mult=0.95 taper=1.00 n=7)+HARD_RISK_CAP(2.0%)+MAXLOSS_CAP;213526.97;213531.23;33;0
2026.08.06 11:31:16;XAUUSD;5;1786008794;OPPOSITE_PENDING_TRAILED;BUY_STOP trailed DOWN: ticket=118056860 old=4270.14 new=4269.75 dist=2.22;MANAGE_PROFIT;SAFE;1;1;1;-1;-1;4269.19;5.10;5.10;4.65;-4.08;KELLY_LITE;true;0.04;213526.97;0.0417;KELLY_LITE(mult=0.95 taper=1.00 n=7)+HARD_RISK_CAP(2.0%)+MAXLOSS_CAP;213526.97;213532.07;36;0
2026.08.06 11:31:17;XAUUSD;5;1786008794;OPPOSITE_PENDING_TRAILED;BUY_STOP trailed DOWN: ticket=118056860 old=4269.75 new=4269.14 dist=2.24;MANAGE_PROFIT;SAFE;1;1;1;-1;-1;4269.19;6.75;6.75;5.49;-4.08;KELLY_LITE;true;0.04;213526.97;0.0417;KELLY_LITE(mult=0.95 taper=1.00 n=7)+HARD_RISK_CAP(2.0%)+MAXLOSS_CAP;213526.97;213533.72;36;0
2026.08.06 11:32:16;XAUUSD;5;1786008794;REVERSAL_CHASER_TRIGGERED_FLIP;newDir=BULL ticket=118056860 entry=4269.14 lot=0.04;MANAGE_PROFIT;SAFE;2;0;1;-1;-1;4269.19;0.17;0.09;6.90;-4.08;KELLY_LITE;true;0.04;213526.97;0.0417;KELLY_LITE(mult=0.95 taper=1.00 n=7)+HARD_RISK_CAP(2.0%)+MAXLOSS_CAP;213526.97;213527.14;36;0
2026.08.06 11:32:16;XAUUSD;5;1786008794;POSITION_CLOSED;ticket=118056861 reason=reversal_chaser_flip lots=0.03 price=4269.16 pnl=0.09;MANAGE_PROFIT;SAFE;1;0;1;-1;-1;4269.19;-1.96;-1.96;6.90;-4.08;KELLY_LITE;true;0.04;213526.97;0.0417;KELLY_LITE(mult=0.95 taper=1.00 n=7)+HARD_RISK_CAP(2.0%)+MAXLOSS_CAP;213527.51;213525.55;36;0
2026.08.06 11:32:16;XAUUSD;5;1786008794;CYCLE_RESET;oldState=MANAGE_PROFIT realizedPnL=0.54 peak=6.90 worst=-4.08 pyramid=1 consLosses=0 reason=chaser_flip;MANAGE_PROFIT;SAFE;1;0;1;-1;-1;4269.19;-1.96;-1.96;6.90;-4.08;KELLY_LITE;true;0.04;213526.97;0.0417;KELLY_LITE(mult=0.95 taper=1.00 n=7)+HARD_RISK_CAP(2.0%)+MAXLOSS_CAP;213527.51;213525.55;36;0
2026.08.06 11:44:44;XAUUSD;5;1786008795;RECONCILED_BROKER_CLOSE;ticket=118056860 type=main pnl=-16.00;MANAGE_PROFIT;SAFE;0;0;1;-1;-1;4269.14;0.00;0.00;2.24;-13.56;KELLY_LITE;true;0.04;213526.97;0.0417;KELLY_LITE(mult=0.95 taper=1.00 n=7)+HARD_RISK_CAP(2.0%)+MAXLOSS_CAP;213511.51;213511.51;35;0
2026.08.06 11:44:44;XAUUSD;5;1786008795;CYCLE_RESET;oldState=MANAGE_PROFIT realizedPnL=-15.46 peak=2.24 worst=-13.56 pyramid=1 consLosses=1;MANAGE_PROFIT;SAFE;0;0;1;-1;-1;4269.14;0.00;0.00;2.24;-13.56;KELLY_LITE;true;0.04;213526.97;0.0417;KELLY_LITE(mult=0.95 taper=1.00 n=7)+HARD_RISK_CAP(2.0%)+MAXLOSS_CAP;213511.51;213511.51;35;0
2026.08.06 11:49:44;XAUUSD;5;1786008796;PLACE_PENDING_START;cycle=1786008796 trend=1 consecLosses=1 preset=AGGRESSIVE;PLACE_PENDING;SAFE;0;0;0;-1;-1;0.00;0.00;0.00;0.00;0.00;KELLY_LITE;true;0.04;213526.97;0.0417;KELLY_LITE(mult=0.95 taper=1.00 n=7)+HARD_RISK_CAP(2.0%)+MAXLOSS_CAP;213511.51;213511.51;36;0
2026.08.06 11:49:45;XAUUSD;5;1786008796;DIR_OCO_PLACED;dir=BULL ticket=118058168 price=4271.66 sl=4256.66 tp=4294.16 lot=0.04 dist=1.50;PLACE_PENDING;SAFE;0;1;0;118058168;-1;0.00;0.00;0.00;0.00;0.00;KELLY_LITE;true;0.04;213511.51;0.0417;KELLY_LITE(mult=0.95 taper=1.00 n=9)+HARD_RISK_CAP(2.0%)+MAXLOSS_CAP;213511.51;213511.51;36;0
2026.08.06 11:49:45;XAUUSD;5;1786008796;DIR_OCO_COUNTER_PLACED;dir=BEAR(counter) ticket=118058169 price=4268.32 lot=0.03;PLACE_PENDING;SAFE;0;2;0;118058168;118058169;0.00;0.00;0.00;0.00;0.00;KELLY_LITE;true;0.04;213511.51;0.0417;KELLY_LITE(mult=0.95 taper=1.00 n=9)+HARD_RISK_CAP(2.0%)+MAXLOSS_CAP;213511.51;213511.51;36;0
2026.08.06 11:49:51;XAUUSD;5;1786008796;SELL_STOP_TRAILED;Old=4268.32 New=4268.68;WAIT_TRIGGER;SAFE;0;2;0;118058168;118058169;0.00;0.00;0.00;0.00;0.00;KELLY_LITE;true;0.04;213511.51;0.0417;KELLY_LITE(mult=0.95 taper=1.00 n=9)+HARD_RISK_CAP(2.0%)+MAXLOSS_CAP;213511.51;213511.51;36;0
2026.08.06 11:50:16;XAUUSD;5;1786008796;BUY_STOP_TRAILED;Old=4271.66 New=4271.35;WAIT_TRIGGER;SAFE;0;2;0;118058168;118058169;0.00;0.00;0.00;0.00;0.00;KELLY_LITE;true;0.04;213511.51;0.0417;KELLY_LITE(mult=0.95 taper=1.00 n=9)+HARD_RISK_CAP(2.0%)+MAXLOSS_CAP;213511.51;213511.51;33;0
2026.08.06 11:50:25;XAUUSD;5;1786008796;BUY_STOP_TRAILED;Old=4271.35 New=4270.99;WAIT_TRIGGER;SAFE;0;2;0;118058168;118058169;0.00;0.00;0.00;0.00;0.00;KELLY_LITE;true;0.04;213511.51;0.0417;KELLY_LITE(mult=0.95 taper=1.00 n=9)+HARD_RISK_CAP(2.0%)+MAXLOSS_CAP;213511.51;213511.51;36;0
2026.08.06 11:51:15;XAUUSD;5;1786008796;BUY_STOP_TRAILED;Old=4270.99 New=4270.68;WAIT_TRIGGER;SAFE;0;2;0;118058168;118058169;0.00;0.00;0.00;0.00;0.00;KELLY_LITE;true;0.04;213511.51;0.0417;KELLY_LITE(mult=0.95 taper=1.00 n=9)+HARD_RISK_CAP(2.0%)+MAXLOSS_CAP;213511.51;213511.51;36;0
2026.08.06 11:52:22;XAUUSD;5;1786008796;OCO_TRIGGERED_BUY;ticket=118058168 entry=4270.68;POSITION_ACTIVE;SAFE;1;1;0;-1;118058169;0.00;-1.44;-1.44;0.00;0.00;KELLY_LITE;true;0.04;213511.51;0.0417;KELLY_LITE(mult=0.95 taper=1.00 n=9)+HARD_RISK_CAP(2.0%)+MAXLOSS_CAP;213511.51;213510.07;36;0
2026.08.06 11:52:22;XAUUSD;5;1786008796;OPPOSITE_TRAIL_ARMED;opposite_ticket=118058169 will trail price;POSITION_ACTIVE;SAFE;1;1;0;-1;118058169;0.00;-1.44;-1.44;0.00;0.00;KELLY_LITE;true;0.04;213511.51;0.0417;KELLY_LITE(mult=0.95 taper=1.00 n=9)+HARD_RISK_CAP(2.0%)+MAXLOSS_CAP;213511.51;213510.07;36;0
2026.08.06 12:00:53;XAUUSD;5;1786008796;SL_MODIFIED;ticket=118058168 oldSL=4258.68 newSL=4271.93 reason=break_even_lock_leg_0;MANAGE_PROFIT;SAFE;1;1;1;-1;-1;4270.68;8.52;8.52;8.12;-6.08;KELLY_LITE;true;0.04;213511.51;0.0417;KELLY_LITE(mult=0.95 taper=1.00 n=9)+HARD_RISK_CAP(2.0%)+MAXLOSS_CAP;213511.51;213520.03;36;0
2026.08.06 12:00:53;XAUUSD;5;1786008796;PROFIT_RATCHET_LOCKED;floor=2.74 peak=8.12;MANAGE_PROFIT;SAFE;1;1;1;-1;-1;4270.68;8.52;8.52;8.12;-6.08;KELLY_LITE;true;0.04;213511.51;0.0417;KELLY_LITE(mult=0.95 taper=1.00 n=9)+HARD_RISK_CAP(2.0%)+MAXLOSS_CAP;213511.51;213520.03;36;0
2026.08.06 12:00:53;XAUUSD;5;1786008796;PROFIT_RATCHET_LOCKED;floor=2.88 peak=8.52;MANAGE_PROFIT;SAFE;1;1;1;-1;-1;4270.68;8.52;8.52;8.52;-6.08;KELLY_LITE;true;0.04;213511.51;0.0417;KELLY_LITE(mult=0.95 taper=1.00 n=9)+HARD_RISK_CAP(2.0%)+MAXLOSS_CAP;213511.51;213520.03;36;0
2026.08.06 12:00:53;XAUUSD;5;1786008796;PROFIT_RATCHET_LOCKED;floor=3.17 peak=9.40;MANAGE_PROFIT;SAFE;1;1;1;-1;-1;4270.68;9.40;9.40;9.40;-6.08;KELLY_LITE;true;0.04;213511.51;0.0417;KELLY_LITE(mult=0.95 taper=1.00 n=9)+HARD_RISK_CAP(2.0%)+MAXLOSS_CAP;213511.51;213520.91;33;0
2026.08.06 12:00:53;XAUUSD;5;1786008796;PROFIT_RATCHET_LOCKED;floor=3.33 peak=9.88;MANAGE_PROFIT;SAFE;1;1;1;-1;-1;4270.68;9.88;9.88;9.88;-6.08;KELLY_LITE;true;0.04;213511.51;0.0417;KELLY_LITE(mult=0.95 taper=1.00 n=9)+HARD_RISK_CAP(2.0%)+MAXLOSS_CAP;213511.51;213521.39;36;0
2026.08.06 12:00:54;XAUUSD;5;1786008796;PROFIT_RATCHET_LOCKED;floor=3.40 peak=10.08;MANAGE_PROFIT;SAFE;1;1;1;-1;-1;4270.68;10.08;10.08;10.08;-6.08;KELLY_LITE;true;0.04;213511.51;0.0417;KELLY_LITE(mult=0.95 taper=1.00 n=9)+HARD_RISK_CAP(2.0%)+MAXLOSS_CAP;213511.51;213521.59;36;0
2026.08.06 12:00:54;XAUUSD;5;1786008796;PROFIT_RATCHET_LOCKED;floor=3.46 peak=10.24;MANAGE_PROFIT;SAFE;1;1;1;-1;-1;4270.68;10.24;10.24;10.24;-6.08;KELLY_LITE;true;0.04;213511.51;0.0417;KELLY_LITE(mult=0.95 taper=1.00 n=9)+HARD_RISK_CAP(2.0%)+MAXLOSS_CAP;213511.51;213521.75;36;0
2026.08.06 12:00:55;XAUUSD;5;1786008796;PROFIT_RATCHET_LOCKED;floor=3.50 peak=10.36;MANAGE_PROFIT;SAFE;1;1;1;-1;-1;4270.68;10.36;10.36;10.36;-6.08;KELLY_LITE;true;0.04;213511.51;0.0417;KELLY_LITE(mult=0.95 taper=1.00 n=9)+HARD_RISK_CAP(2.0%)+MAXLOSS_CAP;213511.51;213521.87;36;0
2026.08.06 12:00:55;XAUUSD;5;1786008796;PROFIT_RATCHET_LOCKED;floor=3.50 peak=10.36;MANAGE_PROFIT;SAFE;1;1;1;-1;-1;4270.68;10.32;10.32;10.36;-6.08;KELLY_LITE;true;0.04;213511.51;0.0417;KELLY_LITE(mult=0.95 taper=1.00 n=9)+HARD_RISK_CAP(2.0%)+MAXLOSS_CAP;213511.51;213521.83;36;0
2026.08.06 12:00:55;XAUUSD;5;1786008796;PROFIT_RATCHET_LOCKED;floor=3.50 peak=10.36;MANAGE_PROFIT;SAFE;1;1;1;-1;-1;4270.68;9.64;9.64;10.36;-6.08;KELLY_LITE;true;0.04;213511.51;0.0417;KELLY_LITE(mult=0.95 taper=1.00 n=9)+HARD_RISK_CAP(2.0%)+MAXLOSS_CAP;213511.51;213521.15;36;0
2026.08.06 12:00:55;XAUUSD;5;1786008796;PROFIT_RATCHET_LOCKED;floor=3.50 peak=10.36;MANAGE_PROFIT;SAFE;1;1;1;-1;-1;4270.68;9.80;9.80;10.36;-6.08;KELLY_LITE;true;0.04;213511.51;0.0417;KELLY_LITE(mult=0.95 taper=1.00 n=9)+HARD_RISK_CAP(2.0%)+MAXLOSS_CAP;213511.51;213521.31;33;0
2026.08.06 12:00:56;XAUUSD;5;1786008796;PROFIT_RATCHET_LOCKED;floor=3.50 peak=10.36;MANAGE_PROFIT;SAFE;1;1;1;-1;-1;4270.68;9.44;9.44;10.36;-6.08;KELLY_LITE;true;0.04;213511.51;0.0417;KELLY_LITE(mult=0.95 taper=1.00 n=9)+HARD_RISK_CAP(2.0%)+MAXLOSS_CAP;213511.51;213520.95;36;0
2026.08.06 12:00:56;XAUUSD;5;1786008796;PROFIT_RATCHET_LOCKED;floor=3.50 peak=10.36;MANAGE_PROFIT;SAFE;1;1;1;-1;-1;4270.68;9.36;9.36;10.36;-6.08;KELLY_LITE;true;0.04;213511.51;0.0417;KELLY_LITE(mult=0.95 taper=1.00 n=9)+HARD_RISK_CAP(2.0%)+MAXLOSS_CAP;213511.51;213520.87;36;0
2026.08.06 12:00:56;XAUUSD;5;1786008796;PROFIT_RATCHET_LOCKED;floor=3.50 peak=10.36;MANAGE_PROFIT;SAFE;1;1;1;-1;-1;4270.68;9.56;9.56;10.36;-6.08;KELLY_LITE;true;0.04;213511.51;0.0417;KELLY_LITE(mult=0.95 taper=1.00 n=9)+HARD_RISK_CAP(2.0%)+MAXLOSS_CAP;213511.51;213521.07;36;0
2026.08.06 12:00:56;XAUUSD;5;1786008796;PROFIT_RATCHET_LOCKED;floor=3.50 peak=10.36;MANAGE_PROFIT;SAFE;1;1;1;-1;-1;4270.68;9.40;9.40;10.36;-6.08;KELLY_LITE;true;0.04;213511.51;0.0417;KELLY_LITE(mult=0.95 taper=1.00 n=9)+HARD_RISK_CAP(2.0%)+MAXLOSS_CAP;213511.51;213520.91;33;0
2026.08.06 12:00:57;XAUUSD;5;1786008796;PROFIT_RATCHET_LOCKED;floor=3.50 peak=10.36;MANAGE_PROFIT;SAFE;1;1;1;-1;-1;4270.68;8.64;8.64;10.36;-6.08;KELLY_LITE;true;0.04;213511.51;0.0417;KELLY_LITE(mult=0.95 taper=1.00 n=9)+HARD_RISK_CAP(2.0%)+MAXLOSS_CAP;213511.51;213520.15;36;0
2026.08.06 12:00:57;XAUUSD;5;1786008796;PROFIT_RATCHET_LOCKED;floor=3.50 peak=10.36;MANAGE_PROFIT;SAFE;1;1;1;-1;-1;4270.68;8.76;8.76;10.36;-6.08;KELLY_LITE;true;0.04;213511.51;0.0417;KELLY_LITE(mult=0.95 taper=1.00 n=9)+HARD_RISK_CAP(2.0%)+MAXLOSS_CAP;213511.51;213520.27;36;0
2026.08.06 12:00:57;XAUUSD;5;1786008796;PROFIT_RATCHET_LOCKED;floor=3.50 peak=10.36;MANAGE_PROFIT;SAFE;1;1;1;-1;-1;4270.68;8.52;8.52;10.36;-6.08;KELLY_LITE;true;0.04;213511.51;0.0417;KELLY_LITE(mult=0.95 taper=1.00 n=9)+HARD_RISK_CAP(2.0%)+MAXLOSS_CAP;213511.51;213520.03;33;0
2026.08.06 12:00:57;XAUUSD;5;1786008796;PROFIT_RATCHET_LOCKED;floor=3.50 peak=10.36;MANAGE_PROFIT;SAFE;1;1;1;-1;-1;4270.68;7.88;7.88;10.36;-6.08;KELLY_LITE;true;0.04;213511.51;0.0417;KELLY_LITE(mult=0.95 taper=1.00 n=9)+HARD_RISK_CAP(2.0%)+MAXLOSS_CAP;213511.51;213519.39;36;0
2026.08.06 12:00:57;XAUUSD;5;1786008796;PROFIT_RATCHET_LOCKED;floor=3.50 peak=10.36;MANAGE_PROFIT;SAFE;1;1;1;-1;-1;4270.68;8.08;8.08;10.36;-6.08;KELLY_LITE;true;0.04;213511.51;0.0417;KELLY_LITE(mult=0.95 taper=1.00 n=9)+HARD_RISK_CAP(2.0%)+MAXLOSS_CAP;213511.51;213519.59;36;0
2026.08.06 12:00:58;XAUUSD;5;1786008796;PROFIT_RATCHET_LOCKED;floor=3.50 peak=10.36;MANAGE_PROFIT;SAFE;1;1;1;-1;-1;4270.68;8.96;8.96;10.36;-6.08;KELLY_LITE;true;0.04;213511.51;0.0417;KELLY_LITE(mult=0.95 taper=1.00 n=9)+HARD_RISK_CAP(2.0%)+MAXLOSS_CAP;213511.51;213520.47;33;0
2026.08.06 12:00:58;XAUUSD;5;1786008796;PROFIT_RATCHET_LOCKED;floor=3.50 peak=10.36;MANAGE_PROFIT;SAFE;1;1;1;-1;-1;4270.68;8.80;8.80;10.36;-6.08;KELLY_LITE;true;0.04;213511.51;0.0417;KELLY_LITE(mult=0.95 taper=1.00 n=9)+HARD_RISK_CAP(2.0%)+MAXLOSS_CAP;213511.51;213520.31;36;0
2026.08.06 12:00:58;XAUUSD;5;1786008796;PROFIT_RATCHET_LOCKED;floor=3.50 peak=10.36;MANAGE_PROFIT;SAFE;1;1;1;-1;-1;4270.68;8.72;8.72;10.36;-6.08;KELLY_LITE;true;0.04;213511.51;0.0417;KELLY_LITE(mult=0.95 taper=1.00 n=9)+HARD_RISK_CAP(2.0%)+MAXLOSS_CAP;213511.51;213520.23;36;0
2026.08.06 12:00:58;XAUUSD;5;1786008796;PROFIT_RATCHET_LOCKED;floor=3.50 peak=10.36;MANAGE_PROFIT;SAFE;1;1;1;-1;-1;4270.68;8.56;8.56;10.36;-6.08;KELLY_LITE;true;0.04;213511.51;0.0417;KELLY_LITE(mult=0.95 taper=1.00 n=9)+HARD_RISK_CAP(2.0%)+MAXLOSS_CAP;213511.51;213520.07;36;0
2026.08.06 12:00:58;XAUUSD;5;1786008796;PROFIT_RATCHET_LOCKED;floor=3.50 peak=10.36;MANAGE_PROFIT;SAFE;1;1;1;-1;-1;4270.68;8.12;8.12;10.36;-6.08;KELLY_LITE;true;0.04;213511.51;0.0417;KELLY_LITE(mult=0.95 taper=1.00 n=9)+HARD_RISK_CAP(2.0%)+MAXLOSS_CAP;213511.51;213519.63;36;0
2026.08.06 12:00:59;XAUUSD;5;1786008796;PROFIT_RATCHET_LOCKED;floor=3.50 peak=10.36;MANAGE_PROFIT;SAFE;1;1;1;-1;-1;4270.68;8.20;8.20;10.36;-6.08;KELLY_LITE;true;0.04;213511.51;0.0417;KELLY_LITE(mult=0.95 taper=1.00 n=9)+HARD_RISK_CAP(2.0%)+MAXLOSS_CAP;213511.51;213519.71;36;0
2026.08.06 12:00:59;XAUUSD;5;1786008796;PROFIT_RATCHET_LOCKED;floor=3.50 peak=10.36;MANAGE_PROFIT;SAFE;1;1;1;-1;-1;4270.68;8.24;8.24;10.36;-6.08;KELLY_LITE;true;0.04;213511.51;0.0417;KELLY_LITE(mult=0.95 taper=1.00 n=9)+HARD_RISK_CAP(2.0%)+MAXLOSS_CAP;213511.51;213519.75;36;0
2026.08.06 12:01:00;XAUUSD;5;1786008796;PROFIT_RATCHET_LOCKED;floor=3.50 peak=10.36;MANAGE_PROFIT;SAFE;1;1;1;-1;-1;4270.68;8.28;8.28;10.36;-6.08;KELLY_LITE;true;0.04;213511.51;0.0417;KELLY_LITE(mult=0.95 taper=1.00 n=9)+HARD_RISK_CAP(2.0%)+MAXLOSS_CAP;213511.51;213519.79;36;0
2026.08.06 12:01:00;XAUUSD;5;1786008796;PROFIT_RATCHET_LOCKED;floor=3.50 peak=10.36;MANAGE_PROFIT;SAFE;1;1;1;-1;-1;4270.68;8.16;8.16;10.36;-6.08;KELLY_LITE;true;0.04;213511.51;0.0417;KELLY_LITE(mult=0.95 taper=1.00 n=9)+HARD_RISK_CAP(2.0%)+MAXLOSS_CAP;213511.51;213519.67;36;0
2026.08.06 12:01:00;XAUUSD;5;1786008796;PROFIT_RATCHET_LOCKED;floor=3.50 peak=10.36;MANAGE_PROFIT;SAFE;1;1;1;-1;-1;4270.68;8.20;8.20;10.36;-6.08;KELLY_LITE;true;0.04;213511.51;0.0417;KELLY_LITE(mult=0.95 taper=1.00 n=9)+HARD_RISK_CAP(2.0%)+MAXLOSS_CAP;213511.51;213519.71;36;0
2026.08.06 12:01:00;XAUUSD;5;1786008796;PROFIT_RATCHET_LOCKED;floor=3.50 peak=10.36;MANAGE_PROFIT;SAFE;1;1;1;-1;-1;4270.68;8.28;8.28;10.36;-6.08;KELLY_LITE;true;0.04;213511.51;0.0417;KELLY_LITE(mult=0.95 taper=1.00 n=9)+HARD_RISK_CAP(2.0%)+MAXLOSS_CAP;213511.51;213519.79;36;0
2026.08.06 12:01:01;XAUUSD;5;1786008796;PROFIT_RATCHET_LOCKED;floor=3.50 peak=10.36;MANAGE_PROFIT;SAFE;1;1;1;-1;-1;4270.68;8.32;8.32;10.36;-6.08;KELLY_LITE;true;0.04;213511.51;0.0417;KELLY_LITE(mult=0.95 taper=1.00 n=9)+HARD_RISK_CAP(2.0%)+MAXLOSS_CAP;213511.51;213519.83;36;0
2026.08.06 12:01:01;XAUUSD;5;1786008796;PROFIT_RATCHET_LOCKED;floor=3.50 peak=10.36;MANAGE_PROFIT;SAFE;1;1;1;-1;-1;4270.68;8.28;8.28;10.36;-6.08;KELLY_LITE;true;0.04;213511.51;0.0417;KELLY_LITE(mult=0.95 taper=1.00 n=9)+HARD_RISK_CAP(2.0%)+MAXLOSS_CAP;213511.51;213519.79;36;0
2026.08.06 12:01:01;XAUUSD;5;1786008796;PROFIT_RATCHET_LOCKED;floor=3.50 peak=10.36;MANAGE_PROFIT;SAFE;1;1;1;-1;-1;4270.68;8.32;8.32;10.36;-6.08;KELLY_LITE;true;0.04;213511.51;0.0417;KELLY_LITE(mult=0.95 taper=1.00 n=9)+HARD_RISK_CAP(2.0%)+MAXLOSS_CAP;213511.51;213519.83;36;0
2026.08.06 12:01:01;XAUUSD;5;1786008796;PROFIT_RATCHET_LOCKED;floor=3.50 peak=10.36;MANAGE_PROFIT;SAFE;1;1;1;-1;-1;4270.68;8.20;8.20;10.36;-6.08;KELLY_LITE;true;0.04;213511.51;0.0417;KELLY_LITE(mult=0.95 taper=1.00 n=9)+HARD_RISK_CAP(2.0%)+MAXLOSS_CAP;213511.51;213519.71;36;0
2026.08.06 12:01:01;XAUUSD;5;1786008796;PROFIT_RATCHET_LOCKED;floor=3.50 peak=10.36;MANAGE_PROFIT;SAFE;1;1;1;-1;-1;4270.68;8.44;8.44;10.36;-6.08;KELLY_LITE;true;0.04;213511.51;0.0417;KELLY_LITE(mult=0.95 taper=1.00 n=9)+HARD_RISK_CAP(2.0%)+MAXLOSS_CAP;213511.51;213519.95;36;0
2026.08.06 12:01:02;XAUUSD;5;1786008796;PROFIT_RATCHET_LOCKED;floor=3.50 peak=10.36;MANAGE_PROFIT;SAFE;1;1;1;-1;-1;4270.68;8.52;8.52;10.36;-6.08;KELLY_LITE;true;0.04;213511.51;0.0417;KELLY_LITE(mult=0.95 taper=1.00 n=9)+HARD_RISK_CAP(2.0%)+MAXLOSS_CAP;213511.51;213520.03;36;0
2026.08.06 12:01:02;XAUUSD;5;1786008796;PROFIT_RATCHET_LOCKED;floor=3.50 peak=10.36;MANAGE_PROFIT;SAFE;1;1;1;-1;-1;4270.68;8.48;8.48;10.36;-6.08;KELLY_LITE;true;0.04;213511.51;0.0417;KELLY_LITE(mult=0.95 taper=1.00 n=9)+HARD_RISK_CAP(2.0%)+MAXLOSS_CAP;213511.51;213519.99;36;0
2026.08.06 12:01:02;XAUUSD;5;1786008796;PROFIT_RATCHET_LOCKED;floor=3.50 peak=10.36;MANAGE_PROFIT;SAFE;1;1;1;-1;-1;4270.68;8.80;8.80;10.36;-6.08;KELLY_LITE;true;0.04;213511.51;0.0417;KELLY_LITE(mult=0.95 taper=1.00 n=9)+HARD_RISK_CAP(2.0%)+MAXLOSS_CAP;213511.51;213520.31;36;0
2026.08.06 12:01:02;XAUUSD;5;1786008796;PROFIT_RATCHET_LOCKED;floor=3.50 peak=10.36;MANAGE_PROFIT;SAFE;1;1;1;-1;-1;4270.68;8.44;8.44;10.36;-6.08;KELLY_LITE;true;0.04;213511.51;0.0417;KELLY_LITE(mult=0.95 taper=1.00 n=9)+HARD_RISK_CAP(2.0%)+MAXLOSS_CAP;213511.51;213519.95;36;0
2026.08.06 12:01:03;XAUUSD;5;1786008796;PROFIT_RATCHET_LOCKED;floor=3.50 peak=10.36;MANAGE_PROFIT;SAFE;1;1;1;-1;-1;4270.68;8.72;8.72;10.36;-6.08;KELLY_LITE;true;0.04;213511.51;0.0417;KELLY_LITE(mult=0.95 taper=1.00 n=9)+HARD_RISK_CAP(2.0%)+MAXLOSS_CAP;213511.51;213520.23;36;0
2026.08.06 12:01:03;XAUUSD;5;1786008796;PROFIT_RATCHET_LOCKED;floor=3.50 peak=10.36;MANAGE_PROFIT;SAFE;1;1;1;-1;-1;4270.68;8.92;8.92;10.36;-6.08;KELLY_LITE;true;0.04;213511.51;0.0417;KELLY_LITE(mult=0.95 taper=1.00 n=9)+HARD_RISK_CAP(2.0%)+MAXLOSS_CAP;213511.51;213520.43;36;0
2026.08.06 12:01:03;XAUUSD;5;1786008796;PROFIT_RATCHET_LOCKED;floor=3.50 peak=10.36;MANAGE_PROFIT;SAFE;1;1;1;-1;-1;4270.68;8.84;8.84;10.36;-6.08;KELLY_LITE;true;0.04;213511.51;0.0417;KELLY_LITE(mult=0.95 taper=1.00 n=9)+HARD_RISK_CAP(2.0%)+MAXLOSS_CAP;213511.51;213520.35;36;0
2026.08.06 12:01:03;XAUUSD;5;1786008796;PROFIT_RATCHET_LOCKED;floor=3.50 peak=10.36;MANAGE_PROFIT;SAFE;1;1;1;-1;-1;4270.68;8.80;8.80;10.36;-6.08;KELLY_LITE;true;0.04;213511.51;0.0417;KELLY_LITE(mult=0.95 taper=1.00 n=9)+HARD_RISK_CAP(2.0%)+MAXLOSS_CAP;213511.51;213520.31;36;0
2026.08.06 12:01:04;XAUUSD;5;1786008796;PROFIT_RATCHET_LOCKED;floor=3.50 peak=10.36;MANAGE_PROFIT;SAFE;1;1;1;-1;-1;4270.68;8.92;8.92;10.36;-6.08;KELLY_LITE;true;0.04;213511.51;0.0417;KELLY_LITE(mult=0.95 taper=1.00 n=9)+HARD_RISK_CAP(2.0%)+MAXLOSS_CAP;213511.51;213520.43;36;0
2026.08.06 12:01:05;XAUUSD;5;1786008796;PROFIT_RATCHET_LOCKED;floor=3.50 peak=10.36;MANAGE_PROFIT;SAFE;1;1;1;-1;-1;4270.68;9.32;9.32;10.36;-6.08;KELLY_LITE;true;0.04;213511.51;0.0417;KELLY_LITE(mult=0.95 taper=1.00 n=9)+HARD_RISK_CAP(2.0%)+MAXLOSS_CAP;213511.51;213520.83;36;0
2026.08.06 12:01:06;XAUUSD;5;1786008796;PROFIT_RATCHET_LOCKED;floor=3.50 peak=10.36;MANAGE_PROFIT;SAFE;1;1;1;-1;-1;4270.68;8.84;8.84;10.36;-6.08;KELLY_LITE;true;0.04;213511.51;0.0417;KELLY_LITE(mult=0.95 taper=1.00 n=9)+HARD_RISK_CAP(2.0%)+MAXLOSS_CAP;213511.51;213520.35;36;0
2026.08.06 12:01:06;XAUUSD;5;1786008796;PROFIT_RATCHET_LOCKED;floor=3.50 peak=10.36;MANAGE_PROFIT;SAFE;1;1;1;-1;-1;4270.68;8.80;8.80;10.36;-6.08;KELLY_LITE;true;0.04;213511.51;0.0417;KELLY_LITE(mult=0.95 taper=1.00 n=9)+HARD_RISK_CAP(2.0%)+MAXLOSS_CAP;213511.51;213520.31;36;0
2026.08.06 12:01:07;XAUUSD;5;1786008796;PROFIT_RATCHET_LOCKED;floor=3.50 peak=10.36;MANAGE_PROFIT;SAFE;1;1;1;-1;-1;4270.68;8.60;8.60;10.36;-6.08;KELLY_LITE;true;0.04;213511.51;0.0417;KELLY_LITE(mult=0.95 taper=1.00 n=9)+HARD_RISK_CAP(2.0%)+MAXLOSS_CAP;213511.51;213520.11;36;0
2026.08.06 12:01:07;XAUUSD;5;1786008796;PROFIT_RATCHET_LOCKED;floor=3.50 peak=10.36;MANAGE_PROFIT;SAFE;1;1;1;-1;-1;4270.68;7.68;7.68;10.36;-6.08;KELLY_LITE;true;0.04;213511.51;0.0417;KELLY_LITE(mult=0.95 taper=1.00 n=9)+HARD_RISK_CAP(2.0%)+MAXLOSS_CAP;213511.51;213519.19;37;0
2026.08.06 12:01:07;XAUUSD;5;1786008796;PROFIT_RATCHET_LOCKED;floor=3.50 peak=10.36;MANAGE_PROFIT;SAFE;1;1;1;-1;-1;4270.68;7.48;7.48;10.36;-6.08;KELLY_LITE;true;0.04;213511.51;0.0417;KELLY_LITE(mult=0.95 taper=1.00 n=9)+HARD_RISK_CAP(2.0%)+MAXLOSS_CAP;213511.51;213518.99;35;0
2026.08.06 12:01:07;XAUUSD;5;1786008796;PROFIT_RATCHET_LOCKED;floor=3.50 peak=10.36;MANAGE_PROFIT;SAFE;1;1;1;-1;-1;4270.68;7.40;7.40;10.36;-6.08;KELLY_LITE;true;0.04;213511.51;0.0417;KELLY_LITE(mult=0.95 taper=1.00 n=9)+HARD_RISK_CAP(2.0%)+MAXLOSS_CAP;213511.51;213518.91;36;0
2026.08.06 12:01:07;XAUUSD;5;1786008796;EXIT_TIERED_TRAIL;profit=6.96 peak=10.36 allowedRetrace=3.37;MANAGE_PROFIT;SAFE;1;1;1;-1;-1;4270.68;6.96;6.96;10.36;-6.08;KELLY_LITE;true;0.04;213511.51;0.0417;KELLY_LITE(mult=0.95 taper=1.00 n=9)+HARD_RISK_CAP(2.0%)+MAXLOSS_CAP;213511.51;213518.47;36;0
2026.08.06 12:01:08;XAUUSD;5;1786008796;POSITION_CLOSED;ticket=118058168 reason=tiered_profit_trail lots=0.04 price=4272.42 pnl=6.96;MANAGE_PROFIT;SAFE;0;1;1;-1;-1;4270.68;0.00;0.00;10.36;-6.08;KELLY_LITE;true;0.04;213511.51;0.0417;KELLY_LITE(mult=0.95 taper=1.00 n=9)+HARD_RISK_CAP(2.0%)+MAXLOSS_CAP;213518.35;213518.35;36;0
2026.08.06 12:01:09;XAUUSD;5;1786008796;PENDING_DELETED;ticket=118058169 reason=close_all_cleanup;MANAGE_PROFIT;SAFE;0;0;1;-1;-1;4270.68;0.00;0.00;10.36;-6.08;KELLY_LITE;true;0.04;213511.51;0.0417;KELLY_LITE(mult=0.95 taper=1.00 n=9)+HARD_RISK_CAP(2.0%)+MAXLOSS_CAP;213518.35;213518.35;36;0
2026.08.06 12:01:09;XAUUSD;5;1786008796;CYCLE_RESET;oldState=RESET realizedPnL=6.84 peak=10.36 worst=-6.08 pyramid=0 consLosses=0;RESET;SAFE;0;0;0;-1;-1;4270.68;0.00;0.00;10.36;-6.08;KELLY_LITE;true;0.04;213511.51;0.0417;KELLY_LITE(mult=0.95 taper=1.00 n=9)+HARD_RISK_CAP(2.0%)+MAXLOSS_CAP;213518.35;213518.35;36;0
2026.08.06 12:06:09;XAUUSD;5;1786008796;FILTER_BLOCK_TREND_DISAGREE;TREND_DISAGREE (main=1 fast=-1 rsi=46.1, no extreme);BLOCKED;SAFE;0;0;0;-1;-1;0.00;0.00;0.00;0.00;0.00;KELLY_LITE;true;0.04;213511.51;0.0417;KELLY_LITE(mult=0.95 taper=1.00 n=9)+HARD_RISK_CAP(2.0%)+MAXLOSS_CAP;213518.35;213518.35;36;0
2026.08.06 12:11:09;XAUUSD;5;1786008797;PLACE_PENDING_START;cycle=1786008797 trend=1 consecLosses=0 preset=AGGRESSIVE;PLACE_PENDING;SAFE;0;0;0;-1;-1;0.00;0.00;0.00;0.00;0.00;KELLY_LITE;true;0.04;213511.51;0.0417;KELLY_LITE(mult=0.95 taper=1.00 n=9)+HARD_RISK_CAP(2.0%)+MAXLOSS_CAP;213518.35;213518.35;36;0
2026.08.06 12:11:09;XAUUSD;5;1786008797;DIR_OCO_PLACED;dir=BULL ticket=118059574 price=4269.54 sl=4254.54 tp=4292.04 lot=0.04 dist=1.50;PLACE_PENDING;SAFE;0;1;0;118059574;-1;0.00;0.00;0.00;0.00;0.00;KELLY_LITE;true;0.04;213518.35;0.0417;KELLY_LITE(mult=1.00 taper=1.00 n=10)+HARD_RISK_CAP(2.0%)+MAXLOSS_CAP;213518.35;213518.35;36;0
2026.08.06 12:11:10;XAUUSD;5;1786008797;DIR_OCO_COUNTER_PLACED;dir=BEAR(counter) ticket=118059575 price=4266.20 lot=0.03;PLACE_PENDING;SAFE;0;2;0;118059574;118059575;0.00;0.00;0.00;0.00;0.00;KELLY_LITE;true;0.04;213518.35;0.0417;KELLY_LITE(mult=1.00 taper=1.00 n=10)+HARD_RISK_CAP(2.0%)+MAXLOSS_CAP;213518.35;213518.35;37;0
2026.08.06 12:11:14;XAUUSD;5;1786008797;BUY_STOP_TRAILED;Old=4269.54 New=4269.21;WAIT_TRIGGER;SAFE;0;2;0;118059574;118059575;0.00;0.00;0.00;0.00;0.00;KELLY_LITE;true;0.04;213518.35;0.0417;KELLY_LITE(mult=1.00 taper=1.00 n=10)+HARD_RISK_CAP(2.0%)+MAXLOSS_CAP;213518.35;213518.35;36;0
2026.08.06 12:11:22;XAUUSD;5;1786008797;BUY_STOP_TRAILED;Old=4269.21 New=4268.80;WAIT_TRIGGER;SAFE;0;2;0;118059574;118059575;0.00;0.00;0.00;0.00;0.00;KELLY_LITE;true;0.04;213518.35;0.0417;KELLY_LITE(mult=1.00 taper=1.00 n=10)+HARD_RISK_CAP(2.0%)+MAXLOSS_CAP;213518.35;213518.35;33;0
2026.08.06 12:12:37;XAUUSD;5;1786008797;SELL_STOP_TRAILED;Old=4266.20 New=4266.74;WAIT_TRIGGER;SAFE;0;2;0;118059574;118059575;0.00;0.00;0.00;0.00;0.00;KELLY_LITE;true;0.04;213518.35;0.0417;KELLY_LITE(mult=1.00 taper=1.00 n=10)+HARD_RISK_CAP(2.0%)+MAXLOSS_CAP;213518.35;213518.35;36;0
2026.08.06 12:12:37;XAUUSD;5;1786008797;OCO_TRIGGERED_BUY;ticket=118059574 entry=4268.80;POSITION_ACTIVE;SAFE;1;1;0;-1;118059575;0.00;-1.40;-1.40;0.00;0.00;KELLY_LITE;true;0.04;213518.35;0.0417;KELLY_LITE(mult=1.00 taper=1.00 n=10)+HARD_RISK_CAP(2.0%)+MAXLOSS_CAP;213518.35;213516.95;36;0
2026.08.06 12:12:37;XAUUSD;5;1786008797;OPPOSITE_TRAIL_ARMED;opposite_ticket=118059575 will trail price;POSITION_ACTIVE;SAFE;1;1;0;-1;118059575;0.00;-1.40;-1.40;0.00;0.00;KELLY_LITE;true;0.04;213518.35;0.0417;KELLY_LITE(mult=1.00 taper=1.00 n=10)+HARD_RISK_CAP(2.0%)+MAXLOSS_CAP;213518.35;213516.95;36;0
2026.08.06 12:16:49;XAUUSD;5;1786008797;SL_MODIFIED;ticket=118059574 oldSL=4256.80 newSL=4270.05 reason=break_even_lock_leg_0;MANAGE_PROFIT;SAFE;1;1;1;-1;-1;4268.80;9.32;9.32;10.40;-4.88;KELLY_LITE;true;0.04;213518.35;0.0417;KELLY_LITE(mult=1.00 taper=1.00 n=10)+HARD_RISK_CAP(2.0%)+MAXLOSS_CAP;213518.35;213527.67;36;0
2026.08.06 12:16:49;XAUUSD;5;1786008797;PROFIT_RATCHET_LOCKED;floor=3.51 peak=10.40;MANAGE_PROFIT;SAFE;1;1;1;-1;-1;4268.80;9.32;9.32;10.40;-4.88;KELLY_LITE;true;0.04;213518.35;0.0417;KELLY_LITE(mult=1.00 taper=1.00 n=10)+HARD_RISK_CAP(2.0%)+MAXLOSS_CAP;213518.35;213527.67;36;0
2026.08.06 12:16:49;XAUUSD;5;1786008797;PROFIT_RATCHET_LOCKED;floor=3.51 peak=10.40;MANAGE_PROFIT;SAFE;1;1;1;-1;-1;4268.80;9.32;9.32;10.40;-4.88;KELLY_LITE;true;0.04;213518.35;0.0417;KELLY_LITE(mult=1.00 taper=1.00 n=10)+HARD_RISK_CAP(2.0%)+MAXLOSS_CAP;213518.35;213527.67;36;0
2026.08.06 12:16:49;XAUUSD;5;1786008797;PROFIT_RATCHET_LOCKED;floor=3.51 peak=10.40;MANAGE_PROFIT;SAFE;1;1;1;-1;-1;4268.80;9.88;9.88;10.40;-4.88;KELLY_LITE;true;0.04;213518.35;0.0417;KELLY_LITE(mult=1.00 taper=1.00 n=10)+HARD_RISK_CAP(2.0%)+MAXLOSS_CAP;213518.35;213528.23;36;0
2026.08.06 12:16:50;XAUUSD;5;1786008797;PROFIT_RATCHET_LOCKED;floor=3.51 peak=10.40;MANAGE_PROFIT;SAFE;1;1;1;-1;-1;4268.80;9.64;9.64;10.40;-4.88;KELLY_LITE;true;0.04;213518.35;0.0417;KELLY_LITE(mult=1.00 taper=1.00 n=10)+HARD_RISK_CAP(2.0%)+MAXLOSS_CAP;213518.35;213527.99;36;0
2026.08.06 12:16:50;XAUUSD;5;1786008797;PROFIT_RATCHET_LOCKED;floor=3.51 peak=10.40;MANAGE_PROFIT;SAFE;1;1;1;-1;-1;4268.80;10.20;10.20;10.40;-4.88;KELLY_LITE;true;0.04;213518.35;0.0417;KELLY_LITE(mult=1.00 taper=1.00 n=10)+HARD_RISK_CAP(2.0%)+MAXLOSS_CAP;213518.35;213528.55;36;0
2026.08.06 12:16:50;XAUUSD;5;1786008797;PROFIT_RATCHET_LOCKED;floor=3.51 peak=10.40;MANAGE_PROFIT;SAFE;1;1;1;-1;-1;4268.80;9.96;9.96;10.40;-4.88;KELLY_LITE;true;0.04;213518.35;0.0417;KELLY_LITE(mult=1.00 taper=1.00 n=10)+HARD_RISK_CAP(2.0%)+MAXLOSS_CAP;213518.35;213528.31;36;0
2026.08.06 12:16:51;XAUUSD;5;1786008797;PROFIT_RATCHET_LOCKED;floor=3.51 peak=10.40;MANAGE_PROFIT;SAFE;1;1;1;-1;-1;4268.80;9.92;9.92;10.40;-4.88;KELLY_LITE;true;0.04;213518.35;0.0417;KELLY_LITE(mult=1.00 taper=1.00 n=10)+HARD_RISK_CAP(2.0%)+MAXLOSS_CAP;213518.35;213528.27;36;0
2026.08.06 12:16:51;XAUUSD;5;1786008797;PROFIT_RATCHET_LOCKED;floor=3.51 peak=10.40;MANAGE_PROFIT;SAFE;1;1;1;-1;-1;4268.80;9.72;9.72;10.40;-4.88;KELLY_LITE;true;0.04;213518.35;0.0417;KELLY_LITE(mult=1.00 taper=1.00 n=10)+HARD_RISK_CAP(2.0%)+MAXLOSS_CAP;213518.35;213528.07;36;0
2026.08.06 12:16:51;XAUUSD;5;1786008797;PROFIT_RATCHET_LOCKED;floor=3.51 peak=10.40;MANAGE_PROFIT;SAFE;1;1;1;-1;-1;4268.80;9.20;9.20;10.40;-4.88;KELLY_LITE;true;0.04;213518.35;0.0417;KELLY_LITE(mult=1.00 taper=1.00 n=10)+HARD_RISK_CAP(2.0%)+MAXLOSS_CAP;213518.35;213527.55;36;0
2026.08.06 12:16:51;XAUUSD;5;1786008797;PROFIT_RATCHET_LOCKED;floor=3.51 peak=10.40;MANAGE_PROFIT;SAFE;1;1;1;-1;-1;4268.80;8.44;8.44;10.40;-4.88;KELLY_LITE;true;0.04;213518.35;0.0417;KELLY_LITE(mult=1.00 taper=1.00 n=10)+HARD_RISK_CAP(2.0%)+MAXLOSS_CAP;213518.35;213526.79;36;0
2026.08.06 12:16:51;XAUUSD;5;1786008797;PROFIT_RATCHET_LOCKED;floor=3.51 peak=10.40;MANAGE_PROFIT;SAFE;1;1;1;-1;-1;4268.80;8.84;8.84;10.40;-4.88;KELLY_LITE;true;0.04;213518.35;0.0417;KELLY_LITE(mult=1.00 taper=1.00 n=10)+HARD_RISK_CAP(2.0%)+MAXLOSS_CAP;213518.35;213527.19;36;0
2026.08.06 12:16:52;XAUUSD;5;1786008797;PROFIT_RATCHET_LOCKED;floor=3.51 peak=10.40;MANAGE_PROFIT;SAFE;1;1;1;-1;-1;4268.80;8.32;8.32;10.40;-4.88;KELLY_LITE;true;0.04;213518.35;0.0417;KELLY_LITE(mult=1.00 taper=1.00 n=10)+HARD_RISK_CAP(2.0%)+MAXLOSS_CAP;213518.35;213526.67;36;0
2026.08.06 12:16:52;XAUUSD;5;1786008797;PROFIT_RATCHET_LOCKED;floor=3.51 peak=10.40;MANAGE_PROFIT;SAFE;1;1;1;-1;-1;4268.80;8.16;8.16;10.40;-4.88;KELLY_LITE;true;0.04;213518.35;0.0417;KELLY_LITE(mult=1.00 taper=1.00 n=10)+HARD_RISK_CAP(2.0%)+MAXLOSS_CAP;213518.35;213526.51;36;0
2026.08.06 12:16:52;XAUUSD;5;1786008797;PROFIT_RATCHET_LOCKED;floor=3.51 peak=10.40;MANAGE_PROFIT;SAFE;1;1;1;-1;-1;4268.80;7.92;7.92;10.40;-4.88;KELLY_LITE;true;0.04;213518.35;0.0417;KELLY_LITE(mult=1.00 taper=1.00 n=10)+HARD_RISK_CAP(2.0%)+MAXLOSS_CAP;213518.35;213526.27;36;0
2026.08.06 12:16:53;XAUUSD;5;1786008797;PROFIT_RATCHET_LOCKED;floor=3.51 peak=10.40;MANAGE_PROFIT;SAFE;1;1;1;-1;-1;4268.80;8.04;8.04;10.40;-4.88;KELLY_LITE;true;0.04;213518.35;0.0417;KELLY_LITE(mult=1.00 taper=1.00 n=10)+HARD_RISK_CAP(2.0%)+MAXLOSS_CAP;213518.35;213526.39;36;0
2026.08.06 12:16:53;XAUUSD;5;1786008797;PROFIT_RATCHET_LOCKED;floor=3.51 peak=10.40;MANAGE_PROFIT;SAFE;1;1;1;-1;-1;4268.80;8.12;8.12;10.40;-4.88;KELLY_LITE;true;0.04;213518.35;0.0417;KELLY_LITE(mult=1.00 taper=1.00 n=10)+HARD_RISK_CAP(2.0%)+MAXLOSS_CAP;213518.35;213526.47;36;0
2026.08.06 12:16:53;XAUUSD;5;1786008797;PROFIT_RATCHET_LOCKED;floor=3.51 peak=10.40;MANAGE_PROFIT;SAFE;1;1;1;-1;-1;4268.80;8.16;8.16;10.40;-4.88;KELLY_LITE;true;0.04;213518.35;0.0417;KELLY_LITE(mult=1.00 taper=1.00 n=10)+HARD_RISK_CAP(2.0%)+MAXLOSS_CAP;213518.35;213526.51;36;0
2026.08.06 12:16:54;XAUUSD;5;1786008797;PROFIT_RATCHET_LOCKED;floor=3.51 peak=10.40;MANAGE_PROFIT;SAFE;1;1;1;-1;-1;4268.80;7.88;7.88;10.40;-4.88;KELLY_LITE;true;0.04;213518.35;0.0417;KELLY_LITE(mult=1.00 taper=1.00 n=10)+HARD_RISK_CAP(2.0%)+MAXLOSS_CAP;213518.35;213526.23;36;0
2026.08.06 12:16:54;XAUUSD;5;1786008797;PROFIT_RATCHET_LOCKED;floor=3.51 peak=10.40;MANAGE_PROFIT;SAFE;1;1;1;-1;-1;4268.80;7.80;7.80;10.40;-4.88;KELLY_LITE;true;0.04;213518.35;0.0417;KELLY_LITE(mult=1.00 taper=1.00 n=10)+HARD_RISK_CAP(2.0%)+MAXLOSS_CAP;213518.35;213526.15;36;0
2026.08.06 12:16:55;XAUUSD;5;1786008797;PROFIT_RATCHET_LOCKED;floor=3.51 peak=10.40;MANAGE_PROFIT;SAFE;1;1;1;-1;-1;4268.80;7.76;7.76;10.40;-4.88;KELLY_LITE;true;0.04;213518.35;0.0417;KELLY_LITE(mult=1.00 taper=1.00 n=10)+HARD_RISK_CAP(2.0%)+MAXLOSS_CAP;213518.35;213526.11;36;0
2026.08.06 12:16:55;XAUUSD;5;1786008797;PROFIT_RATCHET_LOCKED;floor=3.51 peak=10.40;MANAGE_PROFIT;SAFE;1;1;1;-1;-1;4268.80;7.72;7.72;10.40;-4.88;KELLY_LITE;true;0.04;213518.35;0.0417;KELLY_LITE(mult=1.00 taper=1.00 n=10)+HARD_RISK_CAP(2.0%)+MAXLOSS_CAP;213518.35;213526.07;36;0
2026.08.06 12:16:56;XAUUSD;5;1786008797;PROFIT_RATCHET_LOCKED;floor=3.51 peak=10.40;MANAGE_PROFIT;SAFE;1;1;1;-1;-1;4268.80;7.32;7.32;10.40;-4.88;KELLY_LITE;true;0.04;213518.35;0.0417;KELLY_LITE(mult=1.00 taper=1.00 n=10)+HARD_RISK_CAP(2.0%)+MAXLOSS_CAP;213518.35;213525.67;36;0
2026.08.06 12:16:56;XAUUSD;5;1786008797;PROFIT_RATCHET_LOCKED;floor=3.51 peak=10.40;MANAGE_PROFIT;SAFE;1;1;1;-1;-1;4268.80;7.24;7.24;10.40;-4.88;KELLY_LITE;true;0.04;213518.35;0.0417;KELLY_LITE(mult=1.00 taper=1.00 n=10)+HARD_RISK_CAP(2.0%)+MAXLOSS_CAP;213518.35;213525.59;36;0
2026.08.06 12:16:56;XAUUSD;5;1786008797;PROFIT_RATCHET_LOCKED;floor=3.51 peak=10.40;MANAGE_PROFIT;SAFE;1;1;1;-1;-1;4268.80;7.28;7.28;10.40;-4.88;KELLY_LITE;true;0.04;213518.35;0.0417;KELLY_LITE(mult=1.00 taper=1.00 n=10)+HARD_RISK_CAP(2.0%)+MAXLOSS_CAP;213518.35;213525.63;36;0
2026.08.06 12:16:57;XAUUSD;5;1786008797;PROFIT_RATCHET_LOCKED;floor=3.51 peak=10.40;MANAGE_PROFIT;SAFE;1;1;1;-1;-1;4268.80;7.28;7.28;10.40;-4.88;KELLY_LITE;true;0.04;213518.35;0.0417;KELLY_LITE(mult=1.00 taper=1.00 n=10)+HARD_RISK_CAP(2.0%)+MAXLOSS_CAP;213518.35;213525.63;35;0
2026.08.06 12:16:57;XAUUSD;5;1786008797;PROFIT_RATCHET_LOCKED;floor=3.51 peak=10.40;MANAGE_PROFIT;SAFE;1;1;1;-1;-1;4268.80;7.24;7.24;10.40;-4.88;KELLY_LITE;true;0.04;213518.35;0.0417;KELLY_LITE(mult=1.00 taper=1.00 n=10)+HARD_RISK_CAP(2.0%)+MAXLOSS_CAP;213518.35;213525.59;36;0
2026.08.06 12:16:58;XAUUSD;5;1786008797;PROFIT_RATCHET_LOCKED;floor=3.51 peak=10.40;MANAGE_PROFIT;SAFE;1;1;1;-1;-1;4268.80;7.16;7.16;10.40;-4.88;KELLY_LITE;true;0.04;213518.35;0.0417;KELLY_LITE(mult=1.00 taper=1.00 n=10)+HARD_RISK_CAP(2.0%)+MAXLOSS_CAP;213518.35;213525.51;36;0
2026.08.06 12:16:58;XAUUSD;5;1786008797;PROFIT_RATCHET_LOCKED;floor=3.51 peak=10.40;MANAGE_PROFIT;SAFE;1;1;1;-1;-1;4268.80;8.36;8.36;10.40;-4.88;KELLY_LITE;true;0.04;213518.35;0.0417;KELLY_LITE(mult=1.00 taper=1.00 n=10)+HARD_RISK_CAP(2.0%)+MAXLOSS_CAP;213518.35;213526.71;36;0
2026.08.06 12:16:58;XAUUSD;5;1786008797;PROFIT_RATCHET_LOCKED;floor=3.51 peak=10.40;MANAGE_PROFIT;SAFE;1;1;1;-1;-1;4268.80;8.08;8.08;10.40;-4.88;KELLY_LITE;true;0.04;213518.35;0.0417;KELLY_LITE(mult=1.00 taper=1.00 n=10)+HARD_RISK_CAP(2.0%)+MAXLOSS_CAP;213518.35;213526.43;36;0
2026.08.06 12:16:59;XAUUSD;5;1786008797;PROFIT_RATCHET_LOCKED;floor=3.51 peak=10.40;MANAGE_PROFIT;SAFE;1;1;1;-1;-1;4268.80;8.20;8.20;10.40;-4.88;KELLY_LITE;true;0.04;213518.35;0.0417;KELLY_LITE(mult=1.00 taper=1.00 n=10)+HARD_RISK_CAP(2.0%)+MAXLOSS_CAP;213518.35;213526.55;36;0
2026.08.06 12:16:59;XAUUSD;5;1786008797;PROFIT_RATCHET_LOCKED;floor=3.51 peak=10.40;MANAGE_PROFIT;SAFE;1;1;1;-1;-1;4268.80;8.32;8.32;10.40;-4.88;KELLY_LITE;true;0.04;213518.35;0.0417;KELLY_LITE(mult=1.00 taper=1.00 n=10)+HARD_RISK_CAP(2.0%)+MAXLOSS_CAP;213518.35;213526.67;36;0
2026.08.06 12:16:59;XAUUSD;5;1786008797;PROFIT_RATCHET_LOCKED;floor=3.51 peak=10.40;MANAGE_PROFIT;SAFE;1;1;1;-1;-1;4268.80;8.24;8.24;10.40;-4.88;KELLY_LITE;true;0.04;213518.35;0.0417;KELLY_LITE(mult=1.00 taper=1.00 n=10)+HARD_RISK_CAP(2.0%)+MAXLOSS_CAP;213518.35;213526.59;36;0
2026.08.06 12:17:00;XAUUSD;5;1786008797;PROFIT_RATCHET_LOCKED;floor=3.51 peak=10.40;MANAGE_PROFIT;SAFE;1;1;1;-1;-1;4268.80;8.16;8.16;10.40;-4.88;KELLY_LITE;true;0.04;213518.35;0.0417;KELLY_LITE(mult=1.00 taper=1.00 n=10)+HARD_RISK_CAP(2.0%)+MAXLOSS_CAP;213518.35;213526.51;33;0
2026.08.06 12:17:00;XAUUSD;5;1786008797;PROFIT_RATCHET_LOCKED;floor=3.51 peak=10.40;MANAGE_PROFIT;SAFE;1;1;1;-1;-1;4268.80;8.16;8.16;10.40;-4.88;KELLY_LITE;true;0.04;213518.35;0.0417;KELLY_LITE(mult=1.00 taper=1.00 n=10)+HARD_RISK_CAP(2.0%)+MAXLOSS_CAP;213518.35;213526.51;34;0
2026.08.06 12:17:00;XAUUSD;5;1786008797;PROFIT_RATCHET_LOCKED;floor=3.51 peak=10.40;MANAGE_PROFIT;SAFE;1;1;1;-1;-1;4268.80;7.64;7.64;10.40;-4.88;KELLY_LITE;true;0.04;213518.35;0.0417;KELLY_LITE(mult=1.00 taper=1.00 n=10)+HARD_RISK_CAP(2.0%)+MAXLOSS_CAP;213518.35;213525.99;36;0
2026.08.06 12:17:00;XAUUSD;5;1786008797;PROFIT_RATCHET_LOCKED;floor=3.51 peak=10.40;MANAGE_PROFIT;SAFE;1;1;1;-1;-1;4268.80;7.56;7.56;10.40;-4.88;KELLY_LITE;true;0.04;213518.35;0.0417;KELLY_LITE(mult=1.00 taper=1.00 n=10)+HARD_RISK_CAP(2.0%)+MAXLOSS_CAP;213518.35;213525.91;36;0
2026.08.06 12:17:01;XAUUSD;5;1786008797;PROFIT_RATCHET_LOCKED;floor=3.51 peak=10.40;MANAGE_PROFIT;SAFE;1;1;1;-1;-1;4268.80;7.60;7.60;10.40;-4.88;KELLY_LITE;true;0.04;213518.35;0.0417;KELLY_LITE(mult=1.00 taper=1.00 n=10)+HARD_RISK_CAP(2.0%)+MAXLOSS_CAP;213518.35;213525.95;36;0
2026.08.06 12:17:01;XAUUSD;5;1786008797;PROFIT_RATCHET_LOCKED;floor=3.51 peak=10.40;MANAGE_PROFIT;SAFE;1;1;1;-1;-1;4268.80;7.72;7.72;10.40;-4.88;KELLY_LITE;true;0.04;213518.35;0.0417;KELLY_LITE(mult=1.00 taper=1.00 n=10)+HARD_RISK_CAP(2.0%)+MAXLOSS_CAP;213518.35;213526.07;36;0
2026.08.06 12:17:02;XAUUSD;5;1786008797;PROFIT_RATCHET_LOCKED;floor=3.51 peak=10.40;MANAGE_PROFIT;SAFE;1;1;1;-1;-1;4268.80;7.72;7.72;10.40;-4.88;KELLY_LITE;true;0.04;213518.35;0.0417;KELLY_LITE(mult=1.00 taper=1.00 n=10)+HARD_RISK_CAP(2.0%)+MAXLOSS_CAP;213518.35;213526.07;33;0
2026.08.06 12:17:02;XAUUSD;5;1786008797;PROFIT_RATCHET_LOCKED;floor=3.51 peak=10.40;MANAGE_PROFIT;SAFE;1;1;1;-1;-1;4268.80;7.36;7.36;10.40;-4.88;KELLY_LITE;true;0.04;213518.35;0.0417;KELLY_LITE(mult=1.00 taper=1.00 n=10)+HARD_RISK_CAP(2.0%)+MAXLOSS_CAP;213518.35;213525.71;35;0
2026.08.06 12:17:02;XAUUSD;5;1786008797;PROFIT_RATCHET_LOCKED;floor=3.51 peak=10.40;MANAGE_PROFIT;SAFE;1;1;1;-1;-1;4268.80;7.32;7.32;10.40;-4.88;KELLY_LITE;true;0.04;213518.35;0.0417;KELLY_LITE(mult=1.00 taper=1.00 n=10)+HARD_RISK_CAP(2.0%)+MAXLOSS_CAP;213518.35;213525.67;36;0
2026.08.06 12:17:02;XAUUSD;5;1786008797;PROFIT_RATCHET_LOCKED;floor=3.51 peak=10.40;MANAGE_PROFIT;SAFE;1;1;1;-1;-1;4268.80;7.20;7.20;10.40;-4.88;KELLY_LITE;true;0.04;213518.35;0.0417;KELLY_LITE(mult=1.00 taper=1.00 n=10)+HARD_RISK_CAP(2.0%)+MAXLOSS_CAP;213518.35;213525.55;36;0
2026.08.06 12:17:03;XAUUSD;5;1786008797;PROFIT_RATCHET_LOCKED;floor=3.51 peak=10.40;MANAGE_PROFIT;SAFE;1;1;1;-1;-1;4268.80;7.16;7.16;10.40;-4.88;KELLY_LITE;true;0.04;213518.35;0.0417;KELLY_LITE(mult=1.00 taper=1.00 n=10)+HARD_RISK_CAP(2.0%)+MAXLOSS_CAP;213518.35;213525.51;36;0
2026.08.06 12:17:03;XAUUSD;5;1786008797;PROFIT_RATCHET_LOCKED;floor=3.51 peak=10.40;MANAGE_PROFIT;SAFE;1;1;1;-1;-1;4268.80;7.20;7.20;10.40;-4.88;KELLY_LITE;true;0.04;213518.35;0.0417;KELLY_LITE(mult=1.00 taper=1.00 n=10)+HARD_RISK_CAP(2.0%)+MAXLOSS_CAP;213518.35;213525.55;36;0
2026.08.06 12:17:04;XAUUSD;5;1786008797;PROFIT_RATCHET_LOCKED;floor=3.51 peak=10.40;MANAGE_PROFIT;SAFE;1;1;1;-1;-1;4268.80;7.36;7.36;10.40;-4.88;KELLY_LITE;true;0.04;213518.35;0.0417;KELLY_LITE(mult=1.00 taper=1.00 n=10)+HARD_RISK_CAP(2.0%)+MAXLOSS_CAP;213518.35;213525.71;36;0
2026.08.06 12:17:04;XAUUSD;5;1786008797;PROFIT_RATCHET_LOCKED;floor=3.51 peak=10.40;MANAGE_PROFIT;SAFE;1;1;1;-1;-1;4268.80;7.48;7.48;10.40;-4.88;KELLY_LITE;true;0.04;213518.35;0.0417;KELLY_LITE(mult=1.00 taper=1.00 n=10)+HARD_RISK_CAP(2.0%)+MAXLOSS_CAP;213518.35;213525.83;36;0
2026.08.06 12:17:04;XAUUSD;5;1786008797;PROFIT_RATCHET_LOCKED;floor=3.51 peak=10.40;MANAGE_PROFIT;SAFE;1;1;1;-1;-1;4268.80;7.12;7.12;10.40;-4.88;KELLY_LITE;true;0.04;213518.35;0.0417;KELLY_LITE(mult=1.00 taper=1.00 n=10)+HARD_RISK_CAP(2.0%)+MAXLOSS_CAP;213518.35;213525.47;36;0
2026.08.06 12:17:05;XAUUSD;5;1786008797;PROFIT_RATCHET_LOCKED;floor=3.51 peak=10.40;MANAGE_PROFIT;SAFE;1;1;1;-1;-1;4268.80;7.28;7.28;10.40;-4.88;KELLY_LITE;true;0.04;213518.35;0.0417;KELLY_LITE(mult=1.00 taper=1.00 n=10)+HARD_RISK_CAP(2.0%)+MAXLOSS_CAP;213518.35;213525.63;36;0
2026.08.06 12:17:05;XAUUSD;5;1786008797;PROFIT_RATCHET_LOCKED;floor=3.51 peak=10.40;MANAGE_PROFIT;SAFE;1;1;1;-1;-1;4268.80;7.20;7.20;10.40;-4.88;KELLY_LITE;true;0.04;213518.35;0.0417;KELLY_LITE(mult=1.00 taper=1.00 n=10)+HARD_RISK_CAP(2.0%)+MAXLOSS_CAP;213518.35;213525.55;36;0
2026.08.06 12:17:05;XAUUSD;5;1786008797;PROFIT_RATCHET_LOCKED;floor=3.51 peak=10.40;MANAGE_PROFIT;SAFE;1;1;1;-1;-1;4268.80;7.24;7.24;10.40;-4.88;KELLY_LITE;true;0.04;213518.35;0.0417;KELLY_LITE(mult=1.00 taper=1.00 n=10)+HARD_RISK_CAP(2.0%)+MAXLOSS_CAP;213518.35;213525.59;36;0
2026.08.06 12:17:05;XAUUSD;5;1786008797;PROFIT_RATCHET_LOCKED;floor=3.51 peak=10.40;MANAGE_PROFIT;SAFE;1;1;1;-1;-1;4268.80;7.16;7.16;10.40;-4.88;KELLY_LITE;true;0.04;213518.35;0.0417;KELLY_LITE(mult=1.00 taper=1.00 n=10)+HARD_RISK_CAP(2.0%)+MAXLOSS_CAP;213518.35;213525.51;36;0
2026.08.06 12:17:05;XAUUSD;5;1786008797;PROFIT_RATCHET_LOCKED;floor=3.51 peak=10.40;MANAGE_PROFIT;SAFE;1;1;1;-1;-1;4268.80;7.20;7.20;10.40;-4.88;KELLY_LITE;true;0.04;213518.35;0.0417;KELLY_LITE(mult=1.00 taper=1.00 n=10)+HARD_RISK_CAP(2.0%)+MAXLOSS_CAP;213518.35;213525.55;36;0
2026.08.06 12:17:06;XAUUSD;5;1786008797;PROFIT_RATCHET_LOCKED;floor=3.51 peak=10.40;MANAGE_PROFIT;SAFE;1;1;1;-1;-1;4268.80;7.20;7.20;10.40;-4.88;KELLY_LITE;true;0.04;213518.35;0.0417;KELLY_LITE(mult=1.00 taper=1.00 n=10)+HARD_RISK_CAP(2.0%)+MAXLOSS_CAP;213518.35;213525.55;35;0
2026.08.06 12:17:06;XAUUSD;5;1786008797;PROFIT_RATCHET_LOCKED;floor=3.51 peak=10.40;MANAGE_PROFIT;SAFE;1;1;1;-1;-1;4268.80;7.16;7.16;10.40;-4.88;KELLY_LITE;true;0.04;213518.35;0.0417;KELLY_LITE(mult=1.00 taper=1.00 n=10)+HARD_RISK_CAP(2.0%)+MAXLOSS_CAP;213518.35;213525.51;36;0
2026.08.06 12:17:06;XAUUSD;5;1786008797;EXIT_TIERED_TRAIL;profit=6.88 peak=10.40 allowedRetrace=3.38;MANAGE_PROFIT;SAFE;1;1;1;-1;-1;4268.80;6.88;6.88;10.40;-4.88;KELLY_LITE;true;0.04;213518.35;0.0417;KELLY_LITE(mult=1.00 taper=1.00 n=10)+HARD_RISK_CAP(2.0%)+MAXLOSS_CAP;213518.35;213525.23;33;0
2026.08.06 12:17:06;XAUUSD;5;1786008797;POSITION_CLOSED;ticket=118059574 reason=tiered_profit_trail lots=0.04 price=4270.52 pnl=6.88;MANAGE_PROFIT;SAFE;0;1;1;-1;-1;4268.80;0.00;0.00;10.40;-4.88;KELLY_LITE;true;0.04;213518.35;0.0417;KELLY_LITE(mult=1.00 taper=1.00 n=10)+HARD_RISK_CAP(2.0%)+MAXLOSS_CAP;213524.87;213524.87;36;0
2026.08.06 12:17:07;XAUUSD;5;1786008797;PENDING_DELETED;ticket=118059575 reason=close_all_cleanup;MANAGE_PROFIT;SAFE;0;0;1;-1;-1;4268.80;0.00;0.00;10.40;-4.88;KELLY_LITE;true;0.04;213518.35;0.0417;KELLY_LITE(mult=1.00 taper=1.00 n=10)+HARD_RISK_CAP(2.0%)+MAXLOSS_CAP;213524.87;213524.87;36;0
2026.08.06 12:17:07;XAUUSD;5;1786008797;CYCLE_RESET;oldState=RESET realizedPnL=6.52 peak=10.40 worst=-4.88 pyramid=0 consLosses=0;RESET;SAFE;0;0;0;-1;-1;4268.80;0.00;0.00;10.40;-4.88;KELLY_LITE;true;0.04;213518.35;0.0417;KELLY_LITE(mult=1.00 taper=1.00 n=10)+HARD_RISK_CAP(2.0%)+MAXLOSS_CAP;213524.87;213524.87;36;0
2026.08.06 12:22:07;XAUUSD;5;1786008797;FILTER_BLOCK_TREND;TREND_NEUTRAL_EMA;BLOCKED;SAFE;0;0;0;-1;-1;0.00;0.00;0.00;0.00;0.00;KELLY_LITE;true;0.04;213518.35;0.0417;KELLY_LITE(mult=1.00 taper=1.00 n=10)+HARD_RISK_CAP(2.0%)+MAXLOSS_CAP;213524.87;213524.87;36;0
2026.08.06 12:27:07;XAUUSD;5;1786008797;FILTER_BLOCK_TREND;TREND_NEUTRAL_EMA;BLOCKED;SAFE;0;0;0;-1;-1;0.00;0.00;0.00;0.00;0.00;KELLY_LITE;true;0.04;213518.35;0.0417;KELLY_LITE(mult=1.00 taper=1.00 n=10)+HARD_RISK_CAP(2.0%)+MAXLOSS_CAP;213524.87;213524.87;33;0
2026.08.06 12:32:07;XAUUSD;5;1786008797;FILTER_BLOCK_TREND;TREND_NEUTRAL_EMA;BLOCKED;SAFE;0;0;0;-1;-1;0.00;0.00;0.00;0.00;0.00;KELLY_LITE;true;0.04;213518.35;0.0417;KELLY_LITE(mult=1.00 taper=1.00 n=10)+HARD_RISK_CAP(2.0%)+MAXLOSS_CAP;213524.87;213524.87;33;0
2026.08.06 12:37:07;XAUUSD;5;1786008797;FILTER_BLOCK_TREND;TREND_NEUTRAL_EMA;BLOCKED;SAFE;0;0;0;-1;-1;0.00;0.00;0.00;0.00;0.00;KELLY_LITE;true;0.04;213518.35;0.0417;KELLY_LITE(mult=1.00 taper=1.00 n=10)+HARD_RISK_CAP(2.0%)+MAXLOSS_CAP;213524.87;213524.87;36;0
2026.08.06 12:39:17;XAUUSD;5;1786008797;EA_DEINIT;reason=5;IDLE;SAFE;0;0;0;-1;-1;0.00;0.00;0.00;0.00;0.00;KELLY_LITE;true;0.04;213518.35;0.0417;KELLY_LITE(mult=1.00 taper=1.00 n=10)+HARD_RISK_CAP(2.0%)+MAXLOSS_CAP;213524.87;213524.87;36;0
2026.08.06 12:39:17;XAUUSD;5;1786019957;EA_INIT;V6.48|Preset=AGGRESSIVE|MaxLoss=$50.0 SL=$12.0 RiskPct=1.50|TrailOppPending=ON OppATR=1.0|HedgeEnabled=OFF|DailyDD=4.0% WeeklyLim=$100|AutoLotMode=KELLY_LITE|Session=ALL NewsFilter=OFF (0 times);IDLE;SAFE;0;0;0;-1;-1;0.00;0.00;0.00;0.00;0.00;KELLY_LITE;true;0.04;213518.35;0.0417;KELLY_LITE(mult=1.00 taper=1.00 n=10)+HARD_RISK_CAP(2.0%)+MAXLOSS_CAP;213524.87;213524.87;36;0
2026.08.06 12:39:17;XAUUSD;5;1786019957;DAILY_BASELINE_RESTORED;startEquity=213544.66 paused=false hardStop=false;IDLE;SAFE;0;0;0;-1;-1;0.00;0.00;0.00;0.00;0.00;KELLY_LITE;true;0.04;213518.35;0.0417;KELLY_LITE(mult=1.00 taper=1.00 n=10)+HARD_RISK_CAP(2.0%)+MAXLOSS_CAP;213524.87;213524.87;36;0
2026.08.06 12:39:17;XAUUSD;5;1786019957;WEEKLY_BASELINE_RESTORED;startEquity=214135.37 paused=false;IDLE;SAFE;0;0;0;-1;-1;0.00;0.00;0.00;0.00;0.00;KELLY_LITE;true;0.04;213518.35;0.0417;KELLY_LITE(mult=1.00 taper=1.00 n=10)+HARD_RISK_CAP(2.0%)+MAXLOSS_CAP;213524.87;213524.87;36;0
2026.08.06 12:42:07;XAUUSD;5;1786019958;PLACE_PENDING_START;cycle=1786019958 trend=-1 consecLosses=0 preset=AGGRESSIVE;PLACE_PENDING;SAFE;0;0;0;-1;-1;0.00;0.00;0.00;0.00;0.00;KELLY_LITE;true;0.04;213518.35;0.0417;KELLY_LITE(mult=1.00 taper=1.00 n=10)+HARD_RISK_CAP(2.0%)+MAXLOSS_CAP;213524.87;213524.87;36;0
2026.08.06 12:42:07;XAUUSD;5;1786019958;DIR_OCO_PLACED;dir=BEAR ticket=118061864 price=4259.28 sl=4274.28 tp=4236.78 lot=0.04 dist=1.63;PLACE_PENDING;SAFE;0;1;0;-1;118061864;0.00;0.00;0.00;0.00;0.00;KELLY_LITE;true;0.04;213524.87;0.0417;KELLY_LITE(mult=1.00 taper=1.00 n=0)+HARD_RISK_CAP(2.0%)+MAXLOSS_CAP;213524.87;213524.87;36;0
2026.08.06 12:42:08;XAUUSD;5;1786019958;DIR_OCO_COUNTER_PLACED;dir=BULL(counter) ticket=118061865 price=4262.93 lot=0.03;PLACE_PENDING;SAFE;0;2;0;118061865;118061864;0.00;0.00;0.00;0.00;0.00;KELLY_LITE;true;0.04;213524.87;0.0417;KELLY_LITE(mult=1.00 taper=1.00 n=0)+HARD_RISK_CAP(2.0%)+MAXLOSS_CAP;213524.87;213524.87;36;0
2026.08.06 12:42:19;XAUUSD;5;1786019958;BUY_STOP_TRAILED;Old=4262.93 New=4262.57;WAIT_TRIGGER;SAFE;0;2;0;118061865;118061864;0.00;0.00;0.00;0.00;0.00;KELLY_LITE;true;0.04;213524.87;0.0417;KELLY_LITE(mult=1.00 taper=1.00 n=0)+HARD_RISK_CAP(2.0%)+MAXLOSS_CAP;213524.87;213524.87;36;0
2026.08.06 12:42:35;XAUUSD;5;1786019958;BUY_STOP_TRAILED;Old=4262.57 New=4262.25;WAIT_TRIGGER;SAFE;0;2;0;118061865;118061864;0.00;0.00;0.00;0.00;0.00;KELLY_LITE;true;0.04;213524.87;0.0417;KELLY_LITE(mult=1.00 taper=1.00 n=0)+HARD_RISK_CAP(2.0%)+MAXLOSS_CAP;213524.87;213524.87;37;0
2026.08.06 12:43:13;XAUUSD;5;1786019958;BUY_STOP_TRAILED;Old=4262.25 New=4261.94;WAIT_TRIGGER;SAFE;0;2;0;118061865;118061864;0.00;0.00;0.00;0.00;0.00;KELLY_LITE;true;0.04;213524.87;0.0417;KELLY_LITE(mult=1.00 taper=1.00 n=0)+HARD_RISK_CAP(2.0%)+MAXLOSS_CAP;213524.87;213524.87;33;0
2026.08.06 12:44:10;XAUUSD;5;1786019958;SELL_STOP_TRAILED;Old=4259.28 New=4259.61;WAIT_TRIGGER;SAFE;0;2;0;118061865;118061864;0.00;0.00;0.00;0.00;0.00;KELLY_LITE;true;0.04;213524.87;0.0417;KELLY_LITE(mult=1.00 taper=1.00 n=0)+HARD_RISK_CAP(2.0%)+MAXLOSS_CAP;213524.87;213524.87;36;0
2026.08.06 12:45:54;XAUUSD;5;1786019958;OCO_TRIGGERED_SELL;ticket=118061864 entry=4259.61;POSITION_ACTIVE;SAFE;1;1;0;118061865;-1;0.00;0.36;-0.96;0.00;0.00;KELLY_LITE;true;0.04;213524.87;0.0417;KELLY_LITE(mult=1.00 taper=1.00 n=0)+HARD_RISK_CAP(2.0%)+MAXLOSS_CAP;213524.87;213525.23;33;0
2026.08.06 12:45:54;XAUUSD;5;1786019958;OPPOSITE_TRAIL_ARMED;opposite_ticket=118061865 will trail price;POSITION_ACTIVE;SAFE;1;1;0;118061865;-1;0.00;0.36;-0.96;0.00;0.00;KELLY_LITE;true;0.04;213524.87;0.0417;KELLY_LITE(mult=1.00 taper=1.00 n=0)+HARD_RISK_CAP(2.0%)+MAXLOSS_CAP;213524.87;213525.23;33;0
2026.08.06 12:45:54;XAUUSD;5;1786019958;SL_MODIFIED;ticket=118061864 oldSL=4271.61 newSL=4261.61 reason=early_loss_hard_sl_leg_0;MANAGE_PROFIT;SAFE;1;1;1;-1;-1;4259.61;5.32;2.96;2.12;0.00;KELLY_LITE;true;0.04;213524.87;0.0417;KELLY_LITE(mult=1.00 taper=1.00 n=0)+HARD_RISK_CAP(2.0%)+MAXLOSS_CAP;213524.87;213530.19;33;0
2026.08.06 12:45:58;XAUUSD;5;1786019958;SL_MODIFIED;ticket=118061864 oldSL=4261.61 newSL=4258.36 reason=break_even_lock_leg_0;MANAGE_PROFIT;SAFE;1;1;1;-1;-1;4259.61;7.96;7.96;8.72;0.00;KELLY_LITE;true;0.04;213524.87;0.0417;KELLY_LITE(mult=1.00 taper=1.00 n=0)+HARD_RISK_CAP(2.0%)+MAXLOSS_CAP;213524.87;213532.83;36;0
2026.08.06 12:45:58;XAUUSD;5;1786019958;PROFIT_RATCHET_LOCKED;floor=2.94 peak=8.72;MANAGE_PROFIT;SAFE;1;1;1;-1;-1;4259.61;7.96;7.96;8.72;0.00;KELLY_LITE;true;0.04;213524.87;0.0417;KELLY_LITE(mult=1.00 taper=1.00 n=0)+HARD_RISK_CAP(2.0%)+MAXLOSS_CAP;213524.87;213532.83;36;0
2026.08.06 12:45:58;XAUUSD;5;1786019958;PROFIT_RATCHET_LOCKED;floor=2.94 peak=8.72;MANAGE_PROFIT;SAFE;1;1;1;-1;-1;4259.61;7.96;7.96;8.72;0.00;KELLY_LITE;true;0.04;213524.87;0.0417;KELLY_LITE(mult=1.00 taper=1.00 n=0)+HARD_RISK_CAP(2.0%)+MAXLOSS_CAP;213524.87;213532.83;36;0
2026.08.06 12:45:58;XAUUSD;5;1786019958;PROFIT_RATCHET_LOCKED;floor=2.94 peak=8.72;MANAGE_PROFIT;SAFE;1;1;1;-1;-1;4259.61;8.00;8.00;8.72;0.00;KELLY_LITE;true;0.04;213524.87;0.0417;KELLY_LITE(mult=1.00 taper=1.00 n=0)+HARD_RISK_CAP(2.0%)+MAXLOSS_CAP;213524.87;213532.87;37;0
2026.08.06 12:45:58;XAUUSD;5;1786019958;PROFIT_RATCHET_LOCKED;floor=2.94 peak=8.72;MANAGE_PROFIT;SAFE;1;1;1;-1;-1;4259.61;7.32;7.32;8.72;0.00;KELLY_LITE;true;0.04;213524.87;0.0417;KELLY_LITE(mult=1.00 taper=1.00 n=0)+HARD_RISK_CAP(2.0%)+MAXLOSS_CAP;213524.87;213532.19;36;0
2026.08.06 12:45:59;XAUUSD;5;1786019958;PROFIT_RATCHET_LOCKED;floor=2.94 peak=8.72;MANAGE_PROFIT;SAFE;1;1;1;-1;-1;4259.61;7.24;7.24;8.72;0.00;KELLY_LITE;true;0.04;213524.87;0.0417;KELLY_LITE(mult=1.00 taper=1.00 n=0)+HARD_RISK_CAP(2.0%)+MAXLOSS_CAP;213524.87;213532.11;36;0
2026.08.06 12:45:59;XAUUSD;5;1786019958;PROFIT_RATCHET_LOCKED;floor=2.94 peak=8.72;MANAGE_PROFIT;SAFE;1;1;1;-1;-1;4259.61;7.92;7.92;8.72;0.00;KELLY_LITE;true;0.04;213524.87;0.0417;KELLY_LITE(mult=1.00 taper=1.00 n=0)+HARD_RISK_CAP(2.0%)+MAXLOSS_CAP;213524.87;213532.79;37;0
2026.08.06 12:45:59;XAUUSD;5;1786019958;PROFIT_RATCHET_LOCKED;floor=2.94 peak=8.72;MANAGE_PROFIT;SAFE;1;1;1;-1;-1;4259.61;8.32;8.32;8.72;0.00;KELLY_LITE;true;0.04;213524.87;0.0417;KELLY_LITE(mult=1.00 taper=1.00 n=0)+HARD_RISK_CAP(2.0%)+MAXLOSS_CAP;213524.87;213533.19;33;0
2026.08.06 12:45:59;XAUUSD;5;1786019958;PROFIT_RATCHET_LOCKED;floor=2.94 peak=8.72;MANAGE_PROFIT;SAFE;1;1;1;-1;-1;4259.61;7.92;7.92;8.72;0.00;KELLY_LITE;true;0.04;213524.87;0.0417;KELLY_LITE(mult=1.00 taper=1.00 n=0)+HARD_RISK_CAP(2.0%)+MAXLOSS_CAP;213524.87;213532.79;33;0
2026.08.06 12:46:00;XAUUSD;5;1786019958;PROFIT_RATCHET_LOCKED;floor=2.94 peak=8.72;MANAGE_PROFIT;SAFE;1;1;1;-1;-1;4259.61;7.76;7.76;8.72;0.00;KELLY_LITE;true;0.04;213524.87;0.0417;KELLY_LITE(mult=1.00 taper=1.00 n=0)+HARD_RISK_CAP(2.0%)+MAXLOSS_CAP;213524.87;213532.63;33;0
2026.08.06 12:46:00;XAUUSD;5;1786019958;PROFIT_RATCHET_LOCKED;floor=2.94 peak=8.72;MANAGE_PROFIT;SAFE;1;1;1;-1;-1;4259.61;8.20;8.20;8.72;0.00;KELLY_LITE;true;0.04;213524.87;0.0417;KELLY_LITE(mult=1.00 taper=1.00 n=0)+HARD_RISK_CAP(2.0%)+MAXLOSS_CAP;213524.87;213533.07;33;0
2026.08.06 12:46:00;XAUUSD;5;1786019958;PROFIT_RATCHET_LOCKED;floor=2.94 peak=8.72;MANAGE_PROFIT;SAFE;1;1;1;-1;-1;4259.61;6.80;6.80;8.72;0.00;KELLY_LITE;true;0.04;213524.87;0.0417;KELLY_LITE(mult=1.00 taper=1.00 n=0)+HARD_RISK_CAP(2.0%)+MAXLOSS_CAP;213524.87;213531.67;36;0
2026.08.06 12:46:00;XAUUSD;5;1786019958;PROFIT_RATCHET_LOCKED;floor=2.94 peak=8.72;MANAGE_PROFIT;SAFE;1;1;1;-1;-1;4259.61;7.44;7.44;8.72;0.00;KELLY_LITE;true;0.04;213524.87;0.0417;KELLY_LITE(mult=1.00 taper=1.00 n=0)+HARD_RISK_CAP(2.0%)+MAXLOSS_CAP;213524.87;213532.31;33;0
2026.08.06 12:46:01;XAUUSD;5;1786019958;PROFIT_RATCHET_LOCKED;floor=2.94 peak=8.72;MANAGE_PROFIT;SAFE;1;1;1;-1;-1;4259.61;7.60;7.60;8.72;0.00;KELLY_LITE;true;0.04;213524.87;0.0417;KELLY_LITE(mult=1.00 taper=1.00 n=0)+HARD_RISK_CAP(2.0%)+MAXLOSS_CAP;213524.87;213532.47;33;0
2026.08.06 12:46:01;XAUUSD;5;1786019958;PROFIT_RATCHET_LOCKED;floor=2.94 peak=8.72;MANAGE_PROFIT;SAFE;1;1;1;-1;-1;4259.61;7.64;7.64;8.72;0.00;KELLY_LITE;true;0.04;213524.87;0.0417;KELLY_LITE(mult=1.00 taper=1.00 n=0)+HARD_RISK_CAP(2.0%)+MAXLOSS_CAP;213524.87;213532.51;36;0
2026.08.06 12:46:01;XAUUSD;5;1786019958;PROFIT_RATCHET_LOCKED;floor=2.94 peak=8.72;MANAGE_PROFIT;SAFE;1;1;1;-1;-1;4259.61;7.80;7.80;8.72;0.00;KELLY_LITE;true;0.04;213524.87;0.0417;KELLY_LITE(mult=1.00 taper=1.00 n=0)+HARD_RISK_CAP(2.0%)+MAXLOSS_CAP;213524.87;213532.67;33;0
2026.08.06 12:46:01;XAUUSD;5;1786019958;PROFIT_RATCHET_LOCKED;floor=2.94 peak=8.72;MANAGE_PROFIT;SAFE;1;1;1;-1;-1;4259.61;6.96;6.96;8.72;0.00;KELLY_LITE;true;0.04;213524.87;0.0417;KELLY_LITE(mult=1.00 taper=1.00 n=0)+HARD_RISK_CAP(2.0%)+MAXLOSS_CAP;213524.87;213531.83;33;0
2026.08.06 12:46:02;XAUUSD;5;1786019958;PROFIT_RATCHET_LOCKED;floor=2.94 peak=8.72;MANAGE_PROFIT;SAFE;1;1;1;-1;-1;4259.61;6.52;6.52;8.72;0.00;KELLY_LITE;true;0.04;213524.87;0.0417;KELLY_LITE(mult=1.00 taper=1.00 n=0)+HARD_RISK_CAP(2.0%)+MAXLOSS_CAP;213524.87;213531.39;33;0
2026.08.06 12:46:02;XAUUSD;5;1786019958;PROFIT_RATCHET_LOCKED;floor=2.94 peak=8.72;MANAGE_PROFIT;SAFE;1;1;1;-1;-1;4259.61;6.60;6.60;8.72;0.00;KELLY_LITE;true;0.04;213524.87;0.0417;KELLY_LITE(mult=1.00 taper=1.00 n=0)+HARD_RISK_CAP(2.0%)+MAXLOSS_CAP;213524.87;213531.47;33;0
2026.08.06 12:46:02;XAUUSD;5;1786019958;PROFIT_RATCHET_LOCKED;floor=2.94 peak=8.72;MANAGE_PROFIT;SAFE;1;1;1;-1;-1;4259.61;7.72;7.72;8.72;0.00;KELLY_LITE;true;0.04;213524.87;0.0417;KELLY_LITE(mult=1.00 taper=1.00 n=0)+HARD_RISK_CAP(2.0%)+MAXLOSS_CAP;213524.87;213532.59;36;0
2026.08.06 12:46:02;XAUUSD;5;1786019958;PROFIT_RATCHET_LOCKED;floor=2.94 peak=8.72;MANAGE_PROFIT;SAFE;1;1;1;-1;-1;4259.61;8.32;8.32;8.72;0.00;KELLY_LITE;true;0.04;213524.87;0.0417;KELLY_LITE(mult=1.00 taper=1.00 n=0)+HARD_RISK_CAP(2.0%)+MAXLOSS_CAP;213524.87;213533.19;36;0
2026.08.06 12:46:02;XAUUSD;5;1786019958;PROFIT_RATCHET_LOCKED;floor=2.94 peak=8.72;MANAGE_PROFIT;SAFE;1;1;1;-1;-1;4259.61;8.72;8.72;8.72;0.00;KELLY_LITE;true;0.04;213524.87;0.0417;KELLY_LITE(mult=1.00 taper=1.00 n=0)+HARD_RISK_CAP(2.0%)+MAXLOSS_CAP;213524.87;213533.59;36;0
2026.08.06 12:46:03;XAUUSD;5;1786019958;PROFIT_RATCHET_LOCKED;floor=2.94 peak=8.72;MANAGE_PROFIT;SAFE;1;1;1;-1;-1;4259.61;8.72;8.72;8.72;0.00;KELLY_LITE;true;0.04;213524.87;0.0417;KELLY_LITE(mult=1.00 taper=1.00 n=0)+HARD_RISK_CAP(2.0%)+MAXLOSS_CAP;213524.87;213533.59;37;0
2026.08.06 12:46:03;XAUUSD;5;1786019958;PROFIT_RATCHET_LOCKED;floor=2.97 peak=8.80;MANAGE_PROFIT;SAFE;1;1;1;-1;-1;4259.61;8.80;8.80;8.80;0.00;KELLY_LITE;true;0.04;213524.87;0.0417;KELLY_LITE(mult=1.00 taper=1.00 n=0)+HARD_RISK_CAP(2.0%)+MAXLOSS_CAP;213524.87;213533.67;36;0
2026.08.06 12:46:03;XAUUSD;5;1786019958;PROFIT_RATCHET_LOCKED;floor=2.98 peak=8.84;MANAGE_PROFIT;SAFE;1;1;1;-1;-1;4259.61;8.84;8.84;8.84;0.00;KELLY_LITE;true;0.04;213524.87;0.0417;KELLY_LITE(mult=1.00 taper=1.00 n=0)+HARD_RISK_CAP(2.0%)+MAXLOSS_CAP;213524.87;213533.71;37;0
2026.08.06 12:46:04;XAUUSD;5;1786019958;PROFIT_RATCHET_LOCKED;floor=2.98 peak=8.84;MANAGE_PROFIT;SAFE;1;1;1;-1;-1;4259.61;8.84;8.84;8.84;0.00;KELLY_LITE;true;0.04;213524.87;0.0417;KELLY_LITE(mult=1.00 taper=1.00 n=0)+HARD_RISK_CAP(2.0%)+MAXLOSS_CAP;213524.87;213533.71;36;0
2026.08.06 12:46:04;XAUUSD;5;1786019958;PROFIT_RATCHET_LOCKED;floor=2.98 peak=8.84;MANAGE_PROFIT;SAFE;1;1;1;-1;-1;4259.61;8.76;8.76;8.84;0.00;KELLY_LITE;true;0.04;213524.87;0.0417;KELLY_LITE(mult=1.00 taper=1.00 n=0)+HARD_RISK_CAP(2.0%)+MAXLOSS_CAP;213524.87;213533.63;37;0
2026.08.06 12:46:04;XAUUSD;5;1786019958;PROFIT_RATCHET_LOCKED;floor=2.98 peak=8.84;MANAGE_PROFIT;SAFE;1;1;1;-1;-1;4259.61;8.84;8.84;8.84;0.00;KELLY_LITE;true;0.04;213524.87;0.0417;KELLY_LITE(mult=1.00 taper=1.00 n=0)+HARD_RISK_CAP(2.0%)+MAXLOSS_CAP;213524.87;213533.71;36;0
2026.08.06 12:46:04;XAUUSD;5;1786019958;PROFIT_RATCHET_LOCKED;floor=2.98 peak=8.84;MANAGE_PROFIT;SAFE;1;1;1;-1;-1;4259.61;8.76;8.76;8.84;0.00;KELLY_LITE;true;0.04;213524.87;0.0417;KELLY_LITE(mult=1.00 taper=1.00 n=0)+HARD_RISK_CAP(2.0%)+MAXLOSS_CAP;213524.87;213533.63;37;0
2026.08.06 12:46:05;XAUUSD;5;1786019958;PROFIT_RATCHET_LOCKED;floor=3.02 peak=8.96;MANAGE_PROFIT;SAFE;1;1;1;-1;-1;4259.61;8.96;8.96;8.96;0.00;KELLY_LITE;true;0.04;213524.87;0.0417;KELLY_LITE(mult=1.00 taper=1.00 n=0)+HARD_RISK_CAP(2.0%)+MAXLOSS_CAP;213524.87;213533.83;37;0
2026.08.06 12:46:05;XAUUSD;5;1786019958;PROFIT_RATCHET_LOCKED;floor=3.02 peak=8.96;MANAGE_PROFIT;SAFE;1;1;1;-1;-1;4259.61;8.92;8.92;8.96;0.00;KELLY_LITE;true;0.04;213524.87;0.0417;KELLY_LITE(mult=1.00 taper=1.00 n=0)+HARD_RISK_CAP(2.0%)+MAXLOSS_CAP;213524.87;213533.79;36;0
2026.08.06 12:46:05;XAUUSD;5;1786019958;PROFIT_RATCHET_LOCKED;floor=3.02 peak=8.96;MANAGE_PROFIT;SAFE;1;1;1;-1;-1;4259.61;8.88;8.88;8.96;0.00;KELLY_LITE;true;0.04;213524.87;0.0417;KELLY_LITE(mult=1.00 taper=1.00 n=0)+HARD_RISK_CAP(2.0%)+MAXLOSS_CAP;213524.87;213533.75;36;0
2026.08.06 12:46:05;XAUUSD;5;1786019958;PROFIT_RATCHET_LOCKED;floor=3.02 peak=8.96;MANAGE_PROFIT;SAFE;1;1;1;-1;-1;4259.61;8.92;8.92;8.96;0.00;KELLY_LITE;true;0.04;213524.87;0.0417;KELLY_LITE(mult=1.00 taper=1.00 n=0)+HARD_RISK_CAP(2.0%)+MAXLOSS_CAP;213524.87;213533.79;37;0
2026.08.06 12:46:06;XAUUSD;5;1786019958;PROFIT_RATCHET_LOCKED;floor=3.04 peak=9.00;MANAGE_PROFIT;SAFE;1;1;1;-1;-1;4259.61;9.00;9.00;9.00;0.00;KELLY_LITE;true;0.04;213524.87;0.0417;KELLY_LITE(mult=1.00 taper=1.00 n=0)+HARD_RISK_CAP(2.0%)+MAXLOSS_CAP;213524.87;213533.87;36;0
2026.08.06 12:46:06;XAUUSD;5;1786019958;PROFIT_RATCHET_LOCKED;floor=3.04 peak=9.00;MANAGE_PROFIT;SAFE;1;1;1;-1;-1;4259.61;8.60;8.60;9.00;0.00;KELLY_LITE;true;0.04;213524.87;0.0417;KELLY_LITE(mult=1.00 taper=1.00 n=0)+HARD_RISK_CAP(2.0%)+MAXLOSS_CAP;213524.87;213533.47;33;0
2026.08.06 12:46:06;XAUUSD;5;1786019958;PROFIT_RATCHET_LOCKED;floor=3.04 peak=9.00;MANAGE_PROFIT;SAFE;1;1;1;-1;-1;4259.61;8.36;8.36;9.00;0.00;KELLY_LITE;true;0.04;213524.87;0.0417;KELLY_LITE(mult=1.00 taper=1.00 n=0)+HARD_RISK_CAP(2.0%)+MAXLOSS_CAP;213524.87;213533.23;33;0
2026.08.06 12:46:06;XAUUSD;5;1786019958;PROFIT_RATCHET_LOCKED;floor=3.04 peak=9.00;MANAGE_PROFIT;SAFE;1;1;1;-1;-1;4259.61;8.52;8.52;9.00;0.00;KELLY_LITE;true;0.04;213524.87;0.0417;KELLY_LITE(mult=1.00 taper=1.00 n=0)+HARD_RISK_CAP(2.0%)+MAXLOSS_CAP;213524.87;213533.39;33;0
2026.08.06 12:46:07;XAUUSD;5;1786019958;PROFIT_RATCHET_LOCKED;floor=3.04 peak=9.00;MANAGE_PROFIT;SAFE;1;1;1;-1;-1;4259.61;8.48;8.48;9.00;0.00;KELLY_LITE;true;0.04;213524.87;0.0417;KELLY_LITE(mult=1.00 taper=1.00 n=0)+HARD_RISK_CAP(2.0%)+MAXLOSS_CAP;213524.87;213533.35;33;0
2026.08.06 12:46:07;XAUUSD;5;1786019958;PROFIT_RATCHET_LOCKED;floor=3.04 peak=9.00;MANAGE_PROFIT;SAFE;1;1;1;-1;-1;4259.61;8.52;8.52;9.00;0.00;KELLY_LITE;true;0.04;213524.87;0.0417;KELLY_LITE(mult=1.00 taper=1.00 n=0)+HARD_RISK_CAP(2.0%)+MAXLOSS_CAP;213524.87;213533.39;33;0
2026.08.06 12:46:08;XAUUSD;5;1786019958;PROFIT_RATCHET_LOCKED;floor=3.04 peak=9.00;MANAGE_PROFIT;SAFE;1;1;1;-1;-1;4259.61;9.00;9.00;9.00;0.00;KELLY_LITE;true;0.04;213524.87;0.0417;KELLY_LITE(mult=1.00 taper=1.00 n=0)+HARD_RISK_CAP(2.0%)+MAXLOSS_CAP;213524.87;213533.87;36;0
2026.08.06 12:46:08;XAUUSD;5;1786019958;PROFIT_RATCHET_LOCKED;floor=3.04 peak=9.00;MANAGE_PROFIT;SAFE;1;1;1;-1;-1;4259.61;8.64;8.64;9.00;0.00;KELLY_LITE;true;0.04;213524.87;0.0417;KELLY_LITE(mult=1.00 taper=1.00 n=0)+HARD_RISK_CAP(2.0%)+MAXLOSS_CAP;213524.87;213533.51;37;0
2026.08.06 12:46:08;XAUUSD;5;1786019958;PROFIT_RATCHET_LOCKED;floor=3.04 peak=9.00;MANAGE_PROFIT;SAFE;1;1;1;-1;-1;4259.61;8.68;8.68;9.00;0.00;KELLY_LITE;true;0.04;213524.87;0.0417;KELLY_LITE(mult=1.00 taper=1.00 n=0)+HARD_RISK_CAP(2.0%)+MAXLOSS_CAP;213524.87;213533.55;33;0
2026.08.06 12:46:08;XAUUSD;5;1786019958;PROFIT_RATCHET_LOCKED;floor=3.04 peak=9.00;MANAGE_PROFIT;SAFE;1;1;1;-1;-1;4259.61;7.72;7.72;9.00;0.00;KELLY_LITE;true;0.04;213524.87;0.0417;KELLY_LITE(mult=1.00 taper=1.00 n=0)+HARD_RISK_CAP(2.0%)+MAXLOSS_CAP;213524.87;213532.59;37;0
2026.08.06 12:46:08;XAUUSD;5;1786019958;PROFIT_RATCHET_LOCKED;floor=3.04 peak=9.00;MANAGE_PROFIT;SAFE;1;1;1;-1;-1;4259.61;7.56;7.56;9.00;0.00;KELLY_LITE;true;0.04;213524.87;0.0417;KELLY_LITE(mult=1.00 taper=1.00 n=0)+HARD_RISK_CAP(2.0%)+MAXLOSS_CAP;213524.87;213532.43;36;0
2026.08.06 12:46:08;XAUUSD;5;1786019958;PROFIT_RATCHET_LOCKED;floor=3.04 peak=9.00;MANAGE_PROFIT;SAFE;1;1;1;-1;-1;4259.61;7.28;7.28;9.00;0.00;KELLY_LITE;true;0.04;213524.87;0.0417;KELLY_LITE(mult=1.00 taper=1.00 n=0)+HARD_RISK_CAP(2.0%)+MAXLOSS_CAP;213524.87;213532.15;36;0
2026.08.06 12:46:09;XAUUSD;5;1786019958;PROFIT_RATCHET_LOCKED;floor=3.04 peak=9.00;MANAGE_PROFIT;SAFE;1;1;1;-1;-1;4259.61;7.44;7.44;9.00;0.00;KELLY_LITE;true;0.04;213524.87;0.0417;KELLY_LITE(mult=1.00 taper=1.00 n=0)+HARD_RISK_CAP(2.0%)+MAXLOSS_CAP;213524.87;213532.31;37;0
2026.08.06 12:46:09;XAUUSD;5;1786019958;PROFIT_RATCHET_LOCKED;floor=3.04 peak=9.00;MANAGE_PROFIT;SAFE;1;1;1;-1;-1;4259.61;7.96;7.96;9.00;0.00;KELLY_LITE;true;0.04;213524.87;0.0417;KELLY_LITE(mult=1.00 taper=1.00 n=0)+HARD_RISK_CAP(2.0%)+MAXLOSS_CAP;213524.87;213532.83;34;0
2026.08.06 12:46:09;XAUUSD;5;1786019958;PROFIT_RATCHET_LOCKED;floor=3.04 peak=9.00;MANAGE_PROFIT;SAFE;1;1;1;-1;-1;4259.61;7.96;7.96;9.00;0.00;KELLY_LITE;true;0.04;213524.87;0.0417;KELLY_LITE(mult=1.00 taper=1.00 n=0)+HARD_RISK_CAP(2.0%)+MAXLOSS_CAP;213524.87;213532.83;36;0
2026.08.06 12:46:09;XAUUSD;5;1786019958;PROFIT_RATCHET_LOCKED;floor=3.04 peak=9.00;MANAGE_PROFIT;SAFE;1;1;1;-1;-1;4259.61;7.52;7.52;9.00;0.00;KELLY_LITE;true;0.04;213524.87;0.0417;KELLY_LITE(mult=1.00 taper=1.00 n=0)+HARD_RISK_CAP(2.0%)+MAXLOSS_CAP;213524.87;213532.39;36;0
2026.08.06 12:46:10;XAUUSD;5;1786019958;PROFIT_RATCHET_LOCKED;floor=3.04 peak=9.00;MANAGE_PROFIT;SAFE;1;1;1;-1;-1;4259.61;7.56;7.56;9.00;0.00;KELLY_LITE;true;0.04;213524.87;0.0417;KELLY_LITE(mult=1.00 taper=1.00 n=0)+HARD_RISK_CAP(2.0%)+MAXLOSS_CAP;213524.87;213532.43;36;0
2026.08.06 12:46:10;XAUUSD;5;1786019958;PROFIT_RATCHET_LOCKED;floor=3.04 peak=9.00;MANAGE_PROFIT;SAFE;1;1;1;-1;-1;4259.61;8.04;8.04;9.00;0.00;KELLY_LITE;true;0.04;213524.87;0.0417;KELLY_LITE(mult=1.00 taper=1.00 n=0)+HARD_RISK_CAP(2.0%)+MAXLOSS_CAP;213524.87;213532.91;36;0
2026.08.06 12:46:10;XAUUSD;5;1786019958;PROFIT_RATCHET_LOCKED;floor=3.04 peak=9.00;MANAGE_PROFIT;SAFE;1;1;1;-1;-1;4259.61;8.08;8.08;9.00;0.00;KELLY_LITE;true;0.04;213524.87;0.0417;KELLY_LITE(mult=1.00 taper=1.00 n=0)+HARD_RISK_CAP(2.0%)+MAXLOSS_CAP;213524.87;213532.95;36;0
2026.08.06 12:46:10;XAUUSD;5;1786019958;PROFIT_RATCHET_LOCKED;floor=3.04 peak=9.00;MANAGE_PROFIT;SAFE;1;1;1;-1;-1;4259.61;8.20;8.20;9.00;0.00;KELLY_LITE;true;0.04;213524.87;0.0417;KELLY_LITE(mult=1.00 taper=1.00 n=0)+HARD_RISK_CAP(2.0%)+MAXLOSS_CAP;213524.87;213533.07;34;0
2026.08.06 12:46:11;XAUUSD;5;1786019958;PROFIT_RATCHET_LOCKED;floor=3.04 peak=9.00;MANAGE_PROFIT;SAFE;1;1;1;-1;-1;4259.61;8.24;8.24;9.00;0.00;KELLY_LITE;true;0.04;213524.87;0.0417;KELLY_LITE(mult=1.00 taper=1.00 n=0)+HARD_RISK_CAP(2.0%)+MAXLOSS_CAP;213524.87;213533.11;33;0
2026.08.06 12:46:11;XAUUSD;5;1786019958;PROFIT_RATCHET_LOCKED;floor=3.04 peak=9.00;MANAGE_PROFIT;SAFE;1;1;1;-1;-1;4259.61;8.68;8.68;9.00;0.00;KELLY_LITE;true;0.04;213524.87;0.0417;KELLY_LITE(mult=1.00 taper=1.00 n=0)+HARD_RISK_CAP(2.0%)+MAXLOSS_CAP;213524.87;213533.55;35;0
2026.08.06 12:46:11;XAUUSD;5;1786019958;PROFIT_RATCHET_LOCKED;floor=3.04 peak=9.00;MANAGE_PROFIT;SAFE;1;1;1;-1;-1;4259.61;8.60;8.60;9.00;0.00;KELLY_LITE;true;0.04;213524.87;0.0417;KELLY_LITE(mult=1.00 taper=1.00 n=0)+HARD_RISK_CAP(2.0%)+MAXLOSS_CAP;213524.87;213533.47;37;0
2026.08.06 12:46:11;XAUUSD;5;1786019958;PROFIT_RATCHET_LOCKED;floor=3.04 peak=9.00;MANAGE_PROFIT;SAFE;1;1;1;-1;-1;4259.61;8.56;8.56;9.00;0.00;KELLY_LITE;true;0.04;213524.87;0.0417;KELLY_LITE(mult=1.00 taper=1.00 n=0)+HARD_RISK_CAP(2.0%)+MAXLOSS_CAP;213524.87;213533.43;36;0
2026.08.06 12:46:12;XAUUSD;5;1786019958;PROFIT_RATCHET_LOCKED;floor=3.04 peak=9.00;MANAGE_PROFIT;SAFE;1;1;1;-1;-1;4259.61;8.52;8.52;9.00;0.00;KELLY_LITE;true;0.04;213524.87;0.0417;KELLY_LITE(mult=1.00 taper=1.00 n=0)+HARD_RISK_CAP(2.0%)+MAXLOSS_CAP;213524.87;213533.39;37;0
2026.08.06 12:46:12;XAUUSD;5;1786019958;PROFIT_RATCHET_LOCKED;floor=3.04 peak=9.00;MANAGE_PROFIT;SAFE;1;1;1;-1;-1;4259.61;8.48;8.48;9.00;0.00;KELLY_LITE;true;0.04;213524.87;0.0417;KELLY_LITE(mult=1.00 taper=1.00 n=0)+HARD_RISK_CAP(2.0%)+MAXLOSS_CAP;213524.87;213533.35;36;0
2026.08.06 12:46:12;XAUUSD;5;1786019958;PROFIT_RATCHET_LOCKED;floor=3.04 peak=9.00;MANAGE_PROFIT;SAFE;1;1;1;-1;-1;4259.61;8.36;8.36;9.00;0.00;KELLY_LITE;true;0.04;213524.87;0.0417;KELLY_LITE(mult=1.00 taper=1.00 n=0)+HARD_RISK_CAP(2.0%)+MAXLOSS_CAP;213524.87;213533.23;33;0
2026.08.06 12:46:12;XAUUSD;5;1786019958;PROFIT_RATCHET_LOCKED;floor=3.04 peak=9.00;MANAGE_PROFIT;SAFE;1;1;1;-1;-1;4259.61;8.04;8.04;9.00;0.00;KELLY_LITE;true;0.04;213524.87;0.0417;KELLY_LITE(mult=1.00 taper=1.00 n=0)+HARD_RISK_CAP(2.0%)+MAXLOSS_CAP;213524.87;213532.91;33;0
2026.08.06 12:46:13;XAUUSD;5;1786019958;PROFIT_RATCHET_LOCKED;floor=3.04 peak=9.00;MANAGE_PROFIT;SAFE;1;1;1;-1;-1;4259.61;7.36;7.36;9.00;0.00;KELLY_LITE;true;0.04;213524.87;0.0417;KELLY_LITE(mult=1.00 taper=1.00 n=0)+HARD_RISK_CAP(2.0%)+MAXLOSS_CAP;213524.87;213532.23;36;0
2026.08.06 12:46:13;XAUUSD;5;1786019958;PROFIT_RATCHET_LOCKED;floor=3.04 peak=9.00;MANAGE_PROFIT;SAFE;1;1;1;-1;-1;4259.61;7.68;7.68;9.00;0.00;KELLY_LITE;true;0.04;213524.87;0.0417;KELLY_LITE(mult=1.00 taper=1.00 n=0)+HARD_RISK_CAP(2.0%)+MAXLOSS_CAP;213524.87;213532.55;33;0
2026.08.06 12:46:13;XAUUSD;5;1786019958;PROFIT_RATCHET_LOCKED;floor=3.04 peak=9.00;MANAGE_PROFIT;SAFE;1;1;1;-1;-1;4259.61;7.28;7.28;9.00;0.00;KELLY_LITE;true;0.04;213524.87;0.0417;KELLY_LITE(mult=1.00 taper=1.00 n=0)+HARD_RISK_CAP(2.0%)+MAXLOSS_CAP;213524.87;213532.15;37;0
2026.08.06 12:46:13;XAUUSD;5;1786019958;PROFIT_RATCHET_LOCKED;floor=3.04 peak=9.00;MANAGE_PROFIT;SAFE;1;1;1;-1;-1;4259.61;8.04;8.04;9.00;0.00;KELLY_LITE;true;0.04;213524.87;0.0417;KELLY_LITE(mult=1.00 taper=1.00 n=0)+HARD_RISK_CAP(2.0%)+MAXLOSS_CAP;213524.87;213532.91;36;0
2026.08.06 12:46:14;XAUUSD;5;1786019958;PROFIT_RATCHET_LOCKED;floor=3.04 peak=9.00;MANAGE_PROFIT;SAFE;1;1;1;-1;-1;4259.61;8.20;8.20;9.00;0.00;KELLY_LITE;true;0.04;213524.87;0.0417;KELLY_LITE(mult=1.00 taper=1.00 n=0)+HARD_RISK_CAP(2.0%)+MAXLOSS_CAP;213524.87;213533.07;35;0
2026.08.06 12:46:14;XAUUSD;5;1786019958;PROFIT_RATCHET_LOCKED;floor=3.04 peak=9.00;MANAGE_PROFIT;SAFE;1;1;1;-1;-1;4259.61;7.96;7.96;9.00;0.00;KELLY_LITE;true;0.04;213524.87;0.0417;KELLY_LITE(mult=1.00 taper=1.00 n=0)+HARD_RISK_CAP(2.0%)+MAXLOSS_CAP;213524.87;213532.83;35;0
2026.08.06 12:46:14;XAUUSD;5;1786019958;PROFIT_RATCHET_LOCKED;floor=3.04 peak=9.00;MANAGE_PROFIT;SAFE;1;1;1;-1;-1;4259.61;7.92;7.92;9.00;0.00;KELLY_LITE;true;0.04;213524.87;0.0417;KELLY_LITE(mult=1.00 taper=1.00 n=0)+HARD_RISK_CAP(2.0%)+MAXLOSS_CAP;213524.87;213532.79;35;0
2026.08.06 12:46:14;XAUUSD;5;1786019958;PROFIT_RATCHET_LOCKED;floor=3.04 peak=9.00;MANAGE_PROFIT;SAFE;1;1;1;-1;-1;4259.61;8.80;8.80;9.00;0.00;KELLY_LITE;true;0.04;213524.87;0.0417;KELLY_LITE(mult=1.00 taper=1.00 n=0)+HARD_RISK_CAP(2.0%)+MAXLOSS_CAP;213524.87;213533.67;33;0
2026.08.06 12:46:14;XAUUSD;5;1786019958;PROFIT_RATCHET_LOCKED;floor=3.46 peak=10.24;MANAGE_PROFIT;SAFE;1;1;1;-1;-1;4259.61;10.24;10.24;10.24;0.00;KELLY_LITE;true;0.04;213524.87;0.0417;KELLY_LITE(mult=1.00 taper=1.00 n=0)+HARD_RISK_CAP(2.0%)+MAXLOSS_CAP;213524.87;213535.11;37;0
2026.08.06 12:46:15;XAUUSD;5;1786019958;PROFIT_RATCHET_LOCKED;floor=3.55 peak=10.52;MANAGE_PROFIT;SAFE;1;1;1;-1;-1;4259.61;10.52;10.52;10.52;0.00;KELLY_LITE;true;0.04;213524.87;0.0417;KELLY_LITE(mult=1.00 taper=1.00 n=0)+HARD_RISK_CAP(2.0%)+MAXLOSS_CAP;213524.87;213535.39;36;0
2026.08.06 12:46:15;XAUUSD;5;1786019958;PROFIT_RATCHET_LOCKED;floor=3.55 peak=10.52;MANAGE_PROFIT;SAFE;1;1;1;-1;-1;4259.61;10.28;10.28;10.52;0.00;KELLY_LITE;true;0.04;213524.87;0.0417;KELLY_LITE(mult=1.00 taper=1.00 n=0)+HARD_RISK_CAP(2.0%)+MAXLOSS_CAP;213524.87;213535.15;37;0
2026.08.06 12:46:15;XAUUSD;5;1786019958;PROFIT_RATCHET_LOCKED;floor=3.55 peak=10.52;MANAGE_PROFIT;SAFE;1;1;1;-1;-1;4259.61;10.36;10.36;10.52;0.00;KELLY_LITE;true;0.04;213524.87;0.0417;KELLY_LITE(mult=1.00 taper=1.00 n=0)+HARD_RISK_CAP(2.0%)+MAXLOSS_CAP;213524.87;213535.23;36;0
2026.08.06 12:46:15;XAUUSD;5;1786019958;PROFIT_RATCHET_LOCKED;floor=3.55 peak=10.52;MANAGE_PROFIT;SAFE;1;1;1;-1;-1;4259.61;10.36;10.36;10.52;0.00;KELLY_LITE;true;0.04;213524.87;0.0417;KELLY_LITE(mult=1.00 taper=1.00 n=0)+HARD_RISK_CAP(2.0%)+MAXLOSS_CAP;213524.87;213535.23;37;0
2026.08.06 12:46:16;XAUUSD;5;1786019958;PROFIT_RATCHET_LOCKED;floor=3.55 peak=10.52;MANAGE_PROFIT;SAFE;1;1;1;-1;-1;4259.61;10.48;10.48;10.52;0.00;KELLY_LITE;true;0.04;213524.87;0.0417;KELLY_LITE(mult=1.00 taper=1.00 n=0)+HARD_RISK_CAP(2.0%)+MAXLOSS_CAP;213524.87;213535.35;35;0
2026.08.06 12:46:16;XAUUSD;5;1786019958;PROFIT_RATCHET_LOCKED;floor=3.55 peak=10.52;MANAGE_PROFIT;SAFE;1;1;1;-1;-1;4259.61;10.08;10.08;10.52;0.00;KELLY_LITE;true;0.04;213524.87;0.0417;KELLY_LITE(mult=1.00 taper=1.00 n=0)+HARD_RISK_CAP(2.0%)+MAXLOSS_CAP;213524.87;213534.95;37;0
2026.08.06 12:46:16;XAUUSD;5;1786019958;PROFIT_RATCHET_LOCKED;floor=3.55 peak=10.52;MANAGE_PROFIT;SAFE;1;1;1;-1;-1;4259.61;10.24;10.24;10.52;0.00;KELLY_LITE;true;0.04;213524.87;0.0417;KELLY_LITE(mult=1.00 taper=1.00 n=0)+HARD_RISK_CAP(2.0%)+MAXLOSS_CAP;213524.87;213535.11;33;0
2026.08.06 12:46:17;XAUUSD;5;1786019958;PROFIT_RATCHET_LOCKED;floor=3.55 peak=10.52;MANAGE_PROFIT;SAFE;1;1;1;-1;-1;4259.61;10.24;10.24;10.52;0.00;KELLY_LITE;true;0.04;213524.87;0.0417;KELLY_LITE(mult=1.00 taper=1.00 n=0)+HARD_RISK_CAP(2.0%)+MAXLOSS_CAP;213524.87;213535.11;36;0
2026.08.06 12:46:17;XAUUSD;5;1786019958;PROFIT_RATCHET_LOCKED;floor=3.55 peak=10.52;MANAGE_PROFIT;SAFE;1;1;1;-1;-1;4259.61;10.32;10.32;10.52;0.00;KELLY_LITE;true;0.04;213524.87;0.0417;KELLY_LITE(mult=1.00 taper=1.00 n=0)+HARD_RISK_CAP(2.0%)+MAXLOSS_CAP;213524.87;213535.19;37;0
2026.08.06 12:46:17;XAUUSD;5;1786019958;PROFIT_RATCHET_LOCKED;floor=3.55 peak=10.52;MANAGE_PROFIT;SAFE;1;1;1;-1;-1;4259.61;10.08;10.08;10.52;0.00;KELLY_LITE;true;0.04;213524.87;0.0417;KELLY_LITE(mult=1.00 taper=1.00 n=0)+HARD_RISK_CAP(2.0%)+MAXLOSS_CAP;213524.87;213534.95;37;0
2026.08.06 12:46:17;XAUUSD;5;1786019958;PROFIT_RATCHET_LOCKED;floor=3.55 peak=10.52;MANAGE_PROFIT;SAFE;1;1;1;-1;-1;4259.61;10.52;10.52;10.52;0.00;KELLY_LITE;true;0.04;213524.87;0.0417;KELLY_LITE(mult=1.00 taper=1.00 n=0)+HARD_RISK_CAP(2.0%)+MAXLOSS_CAP;213524.87;213535.39;35;0
2026.08.06 12:46:17;XAUUSD;5;1786019958;PROFIT_RATCHET_LOCKED;floor=3.55 peak=10.52;MANAGE_PROFIT;SAFE;1;1;1;-1;-1;4259.61;10.12;10.12;10.52;0.00;KELLY_LITE;true;0.04;213524.87;0.0417;KELLY_LITE(mult=1.00 taper=1.00 n=0)+HARD_RISK_CAP(2.0%)+MAXLOSS_CAP;213524.87;213534.99;33;0
2026.08.06 12:46:18;XAUUSD;5;1786019958;PROFIT_RATCHET_LOCKED;floor=3.55 peak=10.52;MANAGE_PROFIT;SAFE;1;1;1;-1;-1;4259.61;10.36;10.36;10.52;0.00;KELLY_LITE;true;0.04;213524.87;0.0417;KELLY_LITE(mult=1.00 taper=1.00 n=0)+HARD_RISK_CAP(2.0%)+MAXLOSS_CAP;213524.87;213535.23;33;0
2026.08.06 12:46:18;XAUUSD;5;1786019958;PROFIT_RATCHET_LOCKED;floor=3.55 peak=10.52;MANAGE_PROFIT;SAFE;1;1;1;-1;-1;4259.61;10.32;10.32;10.52;0.00;KELLY_LITE;true;0.04;213524.87;0.0417;KELLY_LITE(mult=1.00 taper=1.00 n=0)+HARD_RISK_CAP(2.0%)+MAXLOSS_CAP;213524.87;213535.19;35;0
2026.08.06 12:46:18;XAUUSD;5;1786019958;PROFIT_RATCHET_LOCKED;floor=3.56 peak=10.56;MANAGE_PROFIT;SAFE;1;1;1;-1;-1;4259.61;10.56;10.56;10.56;0.00;KELLY_LITE;true;0.04;213524.87;0.0417;KELLY_LITE(mult=1.00 taper=1.00 n=0)+HARD_RISK_CAP(2.0%)+MAXLOSS_CAP;213524.87;213535.43;37;0
2026.08.06 12:46:18;XAUUSD;5;1786019958;PROFIT_RATCHET_LOCKED;floor=3.58 peak=10.60;MANAGE_PROFIT;SAFE;1;1;1;-1;-1;4259.61;10.60;10.60;10.60;0.00;KELLY_LITE;true;0.04;213524.87;0.0417;KELLY_LITE(mult=1.00 taper=1.00 n=0)+HARD_RISK_CAP(2.0%)+MAXLOSS_CAP;213524.87;213535.47;36;0
2026.08.06 12:46:19;XAUUSD;5;1786019958;PROFIT_RATCHET_LOCKED;floor=3.60 peak=10.68;MANAGE_PROFIT;SAFE;1;1;1;-1;-1;4259.61;10.68;10.68;10.68;0.00;KELLY_LITE;true;0.04;213524.87;0.0417;KELLY_LITE(mult=1.00 taper=1.00 n=0)+HARD_RISK_CAP(2.0%)+MAXLOSS_CAP;213524.87;213535.55;34;0
2026.08.06 12:46:19;XAUUSD;5;1786019958;PROFIT_RATCHET_LOCKED;floor=3.60 peak=10.68;MANAGE_PROFIT;SAFE;1;1;1;-1;-1;4259.61;10.68;10.68;10.68;0.00;KELLY_LITE;true;0.04;213524.87;0.0417;KELLY_LITE(mult=1.00 taper=1.00 n=0)+HARD_RISK_CAP(2.0%)+MAXLOSS_CAP;213524.87;213535.55;37;0
2026.08.06 12:46:19;XAUUSD;5;1786019958;PROFIT_RATCHET_LOCKED;floor=3.60 peak=10.68;MANAGE_PROFIT;SAFE;1;1;1;-1;-1;4259.61;10.60;10.60;10.68;0.00;KELLY_LITE;true;0.04;213524.87;0.0417;KELLY_LITE(mult=1.00 taper=1.00 n=0)+HARD_RISK_CAP(2.0%)+MAXLOSS_CAP;213524.87;213535.47;36;0
2026.08.06 12:46:19;XAUUSD;5;1786019958;PROFIT_RATCHET_LOCKED;floor=3.63 peak=10.76;MANAGE_PROFIT;SAFE;1;1;1;-1;-1;4259.61;10.76;10.76;10.76;0.00;KELLY_LITE;true;0.04;213524.87;0.0417;KELLY_LITE(mult=1.00 taper=1.00 n=0)+HARD_RISK_CAP(2.0%)+MAXLOSS_CAP;213524.87;213535.63;37;0
2026.08.06 12:46:20;XAUUSD;5;1786019958;PROFIT_RATCHET_LOCKED;floor=3.63 peak=10.76;MANAGE_PROFIT;SAFE;1;1;1;-1;-1;4259.61;10.72;10.72;10.76;0.00;KELLY_LITE;true;0.04;213524.87;0.0417;KELLY_LITE(mult=1.00 taper=1.00 n=0)+HARD_RISK_CAP(2.0%)+MAXLOSS_CAP;213524.87;213535.59;37;0
2026.08.06 12:46:20;XAUUSD;5;1786019958;PROFIT_RATCHET_LOCKED;floor=3.63 peak=10.76;MANAGE_PROFIT;SAFE;1;1;1;-1;-1;4259.61;10.44;10.44;10.76;0.00;KELLY_LITE;true;0.04;213524.87;0.0417;KELLY_LITE(mult=1.00 taper=1.00 n=0)+HARD_RISK_CAP(2.0%)+MAXLOSS_CAP;213524.87;213535.31;36;0
2026.08.06 12:46:20;XAUUSD;5;1786019958;PROFIT_RATCHET_LOCKED;floor=3.63 peak=10.76;MANAGE_PROFIT;SAFE;1;1;1;-1;-1;4259.61;10.48;10.48;10.76;0.00;KELLY_LITE;true;0.04;213524.87;0.0417;KELLY_LITE(mult=1.00 taper=1.00 n=0)+HARD_RISK_CAP(2.0%)+MAXLOSS_CAP;213524.87;213535.35;35;0
2026.08.06 12:46:20;XAUUSD;5;1786019958;PROFIT_RATCHET_LOCKED;floor=3.63 peak=10.76;MANAGE_PROFIT;SAFE;1;1;1;-1;-1;4259.61;10.48;10.48;10.76;0.00;KELLY_LITE;true;0.04;213524.87;0.0417;KELLY_LITE(mult=1.00 taper=1.00 n=0)+HARD_RISK_CAP(2.0%)+MAXLOSS_CAP;213524.87;213535.35;36;0
2026.08.06 12:46:20;XAUUSD;5;1786019958;PROFIT_RATCHET_LOCKED;floor=3.63 peak=10.76;MANAGE_PROFIT;SAFE;1;1;1;-1;-1;4259.61;10.44;10.44;10.76;0.00;KELLY_LITE;true;0.04;213524.87;0.0417;KELLY_LITE(mult=1.00 taper=1.00 n=0)+HARD_RISK_CAP(2.0%)+MAXLOSS_CAP;213524.87;213535.31;33;0
2026.08.06 12:46:21;XAUUSD;5;1786019958;PROFIT_RATCHET_LOCKED;floor=3.63 peak=10.76;MANAGE_PROFIT;SAFE;1;1;1;-1;-1;4259.61;9.64;9.64;10.76;0.00;KELLY_LITE;true;0.04;213524.87;0.0417;KELLY_LITE(mult=1.00 taper=1.00 n=0)+HARD_RISK_CAP(2.0%)+MAXLOSS_CAP;213524.87;213534.51;37;0
2026.08.06 12:46:21;XAUUSD;5;1786019958;PROFIT_RATCHET_LOCKED;floor=3.63 peak=10.76;MANAGE_PROFIT;SAFE;1;1;1;-1;-1;4259.61;9.68;9.68;10.76;0.00;KELLY_LITE;true;0.04;213524.87;0.0417;KELLY_LITE(mult=1.00 taper=1.00 n=0)+HARD_RISK_CAP(2.0%)+MAXLOSS_CAP;213524.87;213534.55;33;0
2026.08.06 12:46:21;XAUUSD;5;1786019958;PROFIT_RATCHET_LOCKED;floor=3.63 peak=10.76;MANAGE_PROFIT;SAFE;1;1;1;-1;-1;4259.61;9.36;9.36;10.76;0.00;KELLY_LITE;true;0.04;213524.87;0.0417;KELLY_LITE(mult=1.00 taper=1.00 n=0)+HARD_RISK_CAP(2.0%)+MAXLOSS_CAP;213524.87;213534.23;34;0
2026.08.06 12:46:21;XAUUSD;5;1786019958;PROFIT_RATCHET_LOCKED;floor=3.63 peak=10.76;MANAGE_PROFIT;SAFE;1;1;1;-1;-1;4259.61;8.36;8.36;10.76;0.00;KELLY_LITE;true;0.04;213524.87;0.0417;KELLY_LITE(mult=1.00 taper=1.00 n=0)+HARD_RISK_CAP(2.0%)+MAXLOSS_CAP;213524.87;213533.23;33;0
2026.08.06 12:46:21;XAUUSD;5;1786019958;PROFIT_RATCHET_LOCKED;floor=3.63 peak=10.76;MANAGE_PROFIT;SAFE;1;1;1;-1;-1;4259.61;7.52;7.52;10.76;0.00;KELLY_LITE;true;0.04;213524.87;0.0417;KELLY_LITE(mult=1.00 taper=1.00 n=0)+HARD_RISK_CAP(2.0%)+MAXLOSS_CAP;213524.87;213532.39;33;0
2026.08.06 12:46:21;XAUUSD;5;1786019958;PROFIT_RATCHET_LOCKED;floor=3.63 peak=10.76;MANAGE_PROFIT;SAFE;1;1;1;-1;-1;4259.61;7.44;7.44;10.76;0.00;KELLY_LITE;true;0.04;213524.87;0.0417;KELLY_LITE(mult=1.00 taper=1.00 n=0)+HARD_RISK_CAP(2.0%)+MAXLOSS_CAP;213524.87;213532.31;33;0
2026.08.06 12:46:22;XAUUSD;5;1786019958;PROFIT_RATCHET_LOCKED;floor=3.63 peak=10.76;MANAGE_PROFIT;SAFE;1;1;1;-1;-1;4259.61;7.56;7.56;10.76;0.00;KELLY_LITE;true;0.04;213524.87;0.0417;KELLY_LITE(mult=1.00 taper=1.00 n=0)+HARD_RISK_CAP(2.0%)+MAXLOSS_CAP;213524.87;213532.43;33;0
2026.08.06 12:46:22;XAUUSD;5;1786019958;PROFIT_RATCHET_LOCKED;floor=3.63 peak=10.76;MANAGE_PROFIT;SAFE;1;1;1;-1;-1;4259.61;7.36;7.36;10.76;0.00;KELLY_LITE;true;0.04;213524.87;0.0417;KELLY_LITE(mult=1.00 taper=1.00 n=0)+HARD_RISK_CAP(2.0%)+MAXLOSS_CAP;213524.87;213532.23;37;0
2026.08.06 12:46:22;XAUUSD;5;1786019958;PROFIT_RATCHET_LOCKED;floor=3.63 peak=10.76;MANAGE_PROFIT;SAFE;1;1;1;-1;-1;4259.61;7.48;7.48;10.76;0.00;KELLY_LITE;true;0.04;213524.87;0.0417;KELLY_LITE(mult=1.00 taper=1.00 n=0)+HARD_RISK_CAP(2.0%)+MAXLOSS_CAP;213524.87;213532.35;33;0
2026.08.06 12:46:22;XAUUSD;5;1786019958;PROFIT_RATCHET_LOCKED;floor=3.63 peak=10.76;MANAGE_PROFIT;SAFE;1;1;1;-1;-1;4259.61;7.28;7.28;10.76;0.00;KELLY_LITE;true;0.04;213524.87;0.0417;KELLY_LITE(mult=1.00 taper=1.00 n=0)+HARD_RISK_CAP(2.0%)+MAXLOSS_CAP;213524.87;213532.15;36;0
2026.08.06 12:46:23;XAUUSD;5;1786019958;EXIT_TIERED_TRAIL;profit=7.08 peak=10.76 allowedRetrace=3.50;MANAGE_PROFIT;SAFE;1;1;1;-1;-1;4259.61;7.08;7.08;10.76;0.00;KELLY_LITE;true;0.04;213524.87;0.0417;KELLY_LITE(mult=1.00 taper=1.00 n=0)+HARD_RISK_CAP(2.0%)+MAXLOSS_CAP;213524.87;213531.95;36;0
2026.08.06 12:46:23;XAUUSD;5;1786019958;POSITION_CLOSED;ticket=118061864 reason=tiered_profit_trail lots=0.04 price=4257.84 pnl=7.08;MANAGE_PROFIT;SAFE;0;1;1;-1;-1;4259.61;0.00;0.00;10.76;0.00;KELLY_LITE;true;0.04;213524.87;0.0417;KELLY_LITE(mult=1.00 taper=1.00 n=0)+HARD_RISK_CAP(2.0%)+MAXLOSS_CAP;213531.79;213531.79;36;0
2026.08.06 12:46:24;XAUUSD;5;1786019958;PENDING_DELETED;ticket=118061865 reason=close_all_cleanup;MANAGE_PROFIT;SAFE;0;0;1;-1;-1;4259.61;0.00;0.00;10.76;0.00;KELLY_LITE;true;0.04;213524.87;0.0417;KELLY_LITE(mult=1.00 taper=1.00 n=0)+HARD_RISK_CAP(2.0%)+MAXLOSS_CAP;213531.79;213531.79;36;0
2026.08.06 12:46:24;XAUUSD;5;1786019958;CYCLE_RESET;oldState=RESET realizedPnL=6.92 peak=10.76 worst=0.00 pyramid=0 consLosses=0;RESET;SAFE;0;0;0;-1;-1;4259.61;0.00;0.00;10.76;0.00;KELLY_LITE;true;0.04;213524.87;0.0417;KELLY_LITE(mult=1.00 taper=1.00 n=0)+HARD_RISK_CAP(2.0%)+MAXLOSS_CAP;213531.79;213531.79;36;0
2026.08.06 12:51:24;XAUUSD;5;1786019959;PLACE_PENDING_START;cycle=1786019959 trend=-1 consecLosses=0 preset=AGGRESSIVE;PLACE_PENDING;SAFE;0;0;0;-1;-1;0.00;0.00;0.00;0.00;0.00;KELLY_LITE;true;0.04;213524.87;0.0417;KELLY_LITE(mult=1.00 taper=1.00 n=0)+HARD_RISK_CAP(2.0%)+MAXLOSS_CAP;213531.79;213531.79;33;0
2026.08.06 12:51:24;XAUUSD;5;1786019959;DIR_OCO_PLACED;dir=BEAR ticket=118062702 price=4254.99 sl=4269.99 tp=4232.49 lot=0.04 dist=1.62;PLACE_PENDING;SAFE;0;1;0;-1;118062702;0.00;0.00;0.00;0.00;0.00;KELLY_LITE;true;0.04;213531.79;0.0417;KELLY_LITE(mult=1.00 taper=1.00 n=1)+HARD_RISK_CAP(2.0%)+MAXLOSS_CAP;213531.79;213531.79;33;0
2026.08.06 12:51:25;XAUUSD;5;1786019959;DIR_OCO_COUNTER_PLACED;dir=BULL(counter) ticket=118062703 price=4258.56 lot=0.03;PLACE_PENDING;SAFE;0;2;0;118062703;118062702;0.00;0.00;0.00;0.00;0.00;KELLY_LITE;true;0.04;213531.79;0.0417;KELLY_LITE(mult=1.00 taper=1.00 n=1)+HARD_RISK_CAP(2.0%)+MAXLOSS_CAP;213531.79;213531.79;33;0
2026.08.06 12:51:33;XAUUSD;5;1786019959;BUY_STOP_TRAILED;Old=4258.56 New=4258.20;WAIT_TRIGGER;SAFE;0;2;0;118062703;118062702;0.00;0.00;0.00;0.00;0.00;KELLY_LITE;true;0.04;213531.79;0.0417;KELLY_LITE(mult=1.00 taper=1.00 n=1)+HARD_RISK_CAP(2.0%)+MAXLOSS_CAP;213531.79;213531.79;34;0
2026.08.06 12:51:47;XAUUSD;5;1786019959;SELL_STOP_TRAILED;Old=4254.99 New=4255.30;WAIT_TRIGGER;SAFE;0;2;0;118062703;118062702;0.00;0.00;0.00;0.00;0.00;KELLY_LITE;true;0.04;213531.79;0.0417;KELLY_LITE(mult=1.00 taper=1.00 n=1)+HARD_RISK_CAP(2.0%)+MAXLOSS_CAP;213531.79;213531.79;36;0
2026.08.06 12:51:48;XAUUSD;5;1786019959;SELL_STOP_TRAILED;Old=4255.30 New=4255.64;WAIT_TRIGGER;SAFE;0;2;0;118062703;118062702;0.00;0.00;0.00;0.00;0.00;KELLY_LITE;true;0.04;213531.79;0.0417;KELLY_LITE(mult=1.00 taper=1.00 n=1)+HARD_RISK_CAP(2.0%)+MAXLOSS_CAP;213531.79;213531.79;33;0
2026.08.06 12:52:10;XAUUSD;5;1786019959;SELL_STOP_TRAILED;Old=4255.64 New=4256.13;WAIT_TRIGGER;SAFE;1;1;0;118062703;118062702;0.00;-0.78;-0.78;0.00;0.00;KELLY_LITE;true;0.04;213531.79;0.0417;KELLY_LITE(mult=1.00 taper=1.00 n=1)+HARD_RISK_CAP(2.0%)+MAXLOSS_CAP;213531.79;213531.01;34;0
2026.08.06 12:52:10;XAUUSD;5;1786019959;OCO_TRIGGERED_BUY;ticket=118062703 entry=4258.20;POSITION_ACTIVE;SAFE;1;1;0;-1;118062702;0.00;-0.78;-0.78;0.00;0.00;KELLY_LITE;true;0.04;213531.79;0.0417;KELLY_LITE(mult=1.00 taper=1.00 n=1)+HARD_RISK_CAP(2.0%)+MAXLOSS_CAP;213531.79;213531.01;34;0
2026.08.06 12:52:10;XAUUSD;5;1786019959;OPPOSITE_TRAIL_ARMED;opposite_ticket=118062702 will trail price;POSITION_ACTIVE;SAFE;1;1;0;-1;118062702;0.00;-0.78;-0.78;0.00;0.00;KELLY_LITE;true;0.04;213531.79;0.0417;KELLY_LITE(mult=1.00 taper=1.00 n=1)+HARD_RISK_CAP(2.0%)+MAXLOSS_CAP;213531.79;213531.01;34;0
2026.08.06 12:52:11;XAUUSD;5;1786019959;SL_MODIFIED;ticket=118062703 oldSL=4246.20 newSL=4255.53 reason=early_loss_hard_sl_leg_0;MANAGE_PROFIT;SAFE;1;1;1;-1;-1;4258.20;-1.50;-1.71;0.00;-0.78;KELLY_LITE;true;0.04;213531.79;0.0417;KELLY_LITE(mult=1.00 taper=1.00 n=1)+HARD_RISK_CAP(2.0%)+MAXLOSS_CAP;213531.79;213530.29;36;0
2026.08.06 12:52:25;XAUUSD;5;1786019959;REVERSAL_CHASER_TRIGGERED_FLIP;newDir=BEAR ticket=118062702 entry=4256.13 lot=0.04;MANAGE_PROFIT;SAFE;2;0;1;-1;-1;4258.20;-6.20;-6.24;1.14;-6.15;KELLY_LITE;true;0.04;213531.79;0.0417;KELLY_LITE(mult=1.00 taper=1.00 n=1)+HARD_RISK_CAP(2.0%)+MAXLOSS_CAP;213531.79;213525.59;36;0
2026.08.06 12:52:25;XAUUSD;5;1786019959;POSITION_CLOSED;ticket=118062703 reason=reversal_chaser_flip lots=0.03 price=4256.12 pnl=-6.24;MANAGE_PROFIT;SAFE;1;0;1;-1;-1;4258.20;-1.60;-1.60;1.14;-6.15;KELLY_LITE;true;0.04;213531.79;0.0417;KELLY_LITE(mult=1.00 taper=1.00 n=1)+HARD_RISK_CAP(2.0%)+MAXLOSS_CAP;213525.70;213524.10;36;0
2026.08.06 12:52:25;XAUUSD;5;1786019959;CYCLE_RESET;oldState=MANAGE_PROFIT realizedPnL=-6.09 peak=1.14 worst=-6.15 pyramid=1 consLosses=1 reason=chaser_flip;MANAGE_PROFIT;SAFE;1;0;1;-1;-1;4258.20;-1.60;-1.60;1.14;-6.15;KELLY_LITE;true;0.04;213531.79;0.0417;KELLY_LITE(mult=1.00 taper=1.00 n=1)+HARD_RISK_CAP(2.0%)+MAXLOSS_CAP;213525.70;213524.10;36;0
2026.08.06 12:52:26;XAUUSD;5;1786019960;SL_MODIFIED;ticket=118062702 oldSL=4268.13 newSL=4258.13 reason=early_loss_hard_sl_leg_0;POSITION_ACTIVE;SAFE;1;0;1;-1;-1;4256.13;-1.52;-1.52;0.00;-1.60;KELLY_LITE;true;0.04;213531.79;0.0417;KELLY_LITE(mult=1.00 taper=1.00 n=1)+HARD_RISK_CAP(2.0%)+MAXLOSS_CAP;213525.70;213524.18;36;0
2026.08.06 12:56:07;XAUUSD;5;1786019960;RECONCILED_BROKER_CLOSE;ticket=118062702 type=main pnl=-8.00;MANAGE_PROFIT;SAFE;0;0;1;-1;-1;4256.13;0.00;0.00;6.64;-7.36;KELLY_LITE;true;0.04;213531.79;0.0417;KELLY_LITE(mult=1.00 taper=1.00 n=1)+HARD_RISK_CAP(2.0%)+MAXLOSS_CAP;213517.70;213517.70;36;0
2026.08.06 12:56:07;XAUUSD;5;1786019960;CYCLE_RESET;oldState=MANAGE_PROFIT realizedPnL=-14.09 peak=6.64 worst=-7.36 pyramid=1 consLosses=2;MANAGE_PROFIT;SAFE;0;0;1;-1;-1;4256.13;0.00;0.00;6.64;-7.36;KELLY_LITE;true;0.04;213531.79;0.0417;KELLY_LITE(mult=1.00 taper=1.00 n=1)+HARD_RISK_CAP(2.0%)+MAXLOSS_CAP;213517.70;213517.70;36;0
2026.08.06 13:01:32;XAUUSD;5;1786019961;PLACE_PENDING_START;cycle=1786019961 trend=-1 consecLosses=2 preset=AGGRESSIVE;PLACE_PENDING;SAFE;0;0;0;-1;-1;0.00;0.00;0.00;0.00;0.00;KELLY_LITE;true;0.04;213531.79;0.0417;KELLY_LITE(mult=1.00 taper=1.00 n=1)+HARD_RISK_CAP(2.0%)+MAXLOSS_CAP;213517.70;213517.70;36;0
2026.08.06 13:01:32;XAUUSD;5;1786019961;DIR_OCO_PLACED;dir=BEAR ticket=118063874 price=4260.64 sl=4275.64 tp=4238.14 lot=0.04 dist=1.78;PLACE_PENDING;SAFE;0;1;0;-1;118063874;0.00;0.00;0.00;0.00;0.00;KELLY_LITE;true;0.04;213517.70;0.0417;KELLY_LITE(mult=1.00 taper=1.00 n=3)+CONSEC_REDUCE(0.50)+HARD_RISK_CAP(2.0%)+MAXLOSS_CAP;213517.70;213517.70;36;0
2026.08.06 13:01:33;XAUUSD;5;1786019961;DIR_OCO_COUNTER_PLACED;dir=BULL(counter) ticket=118063876 price=4264.59 lot=0.03;PLACE_PENDING;SAFE;0;2;0;118063876;118063874;0.00;0.00;0.00;0.00;0.00;KELLY_LITE;true;0.04;213517.70;0.0417;KELLY_LITE(mult=1.00 taper=1.00 n=3)+CONSEC_REDUCE(0.50)+HARD_RISK_CAP(2.0%)+MAXLOSS_CAP;213517.70;213517.70;36;0
2026.08.06 13:01:42;XAUUSD;5;1786019961;SELL_STOP_TRAILED;Old=4260.64 New=4261.05;WAIT_TRIGGER;SAFE;0;2;0;118063876;118063874;0.00;0.00;0.00;0.00;0.00;KELLY_LITE;true;0.04;213517.70;0.0417;KELLY_LITE(mult=1.00 taper=1.00 n=3)+CONSEC_REDUCE(0.50)+HARD_RISK_CAP(2.0%)+MAXLOSS_CAP;213517.70;213517.70;36;0
2026.08.06 13:01:55;XAUUSD;5;1786019961;BUY_STOP_TRAILED;Old=4264.59 New=4264.28;WAIT_TRIGGER;SAFE;0;2;0;118063876;118063874;0.00;0.00;0.00;0.00;0.00;KELLY_LITE;true;0.04;213517.70;0.0417;KELLY_LITE(mult=1.00 taper=1.00 n=3)+CONSEC_REDUCE(0.50)+HARD_RISK_CAP(2.0%)+MAXLOSS_CAP;213517.70;213517.70;36;0
2026.08.06 13:02:13;XAUUSD;5;1786019961;BUY_STOP_TRAILED;Old=4264.28 New=4263.84;WAIT_TRIGGER;SAFE;0;2;0;118063876;118063874;0.00;0.00;0.00;0.00;0.00;KELLY_LITE;true;0.04;213517.70;0.0417;KELLY_LITE(mult=1.00 taper=1.00 n=3)+CONSEC_REDUCE(0.50)+HARD_RISK_CAP(2.0%)+MAXLOSS_CAP;213517.70;213517.70;36;0
2026.08.06 13:02:27;XAUUSD;5;1786019961;BUY_STOP_TRAILED;Old=4263.84 New=4263.46;WAIT_TRIGGER;SAFE;0;2;0;118063876;118063874;0.00;0.00;0.00;0.00;0.00;KELLY_LITE;true;0.04;213517.70;0.0417;KELLY_LITE(mult=1.00 taper=1.00 n=3)+CONSEC_REDUCE(0.50)+HARD_RISK_CAP(2.0%)+MAXLOSS_CAP;213517.70;213517.70;36;0
2026.08.06 13:02:34;XAUUSD;5;1786019961;OCO_TRIGGERED_SELL;ticket=118063874 entry=4261.05;POSITION_ACTIVE;SAFE;1;1;0;118063876;-1;0.00;-1.20;-1.20;0.00;0.00;KELLY_LITE;true;0.04;213517.70;0.0417;KELLY_LITE(mult=1.00 taper=1.00 n=3)+CONSEC_REDUCE(0.50)+HARD_RISK_CAP(2.0%)+MAXLOSS_CAP;213517.70;213516.50;33;0
2026.08.06 13:02:34;XAUUSD;5;1786019961;OPPOSITE_TRAIL_ARMED;opposite_ticket=118063876 will trail price;POSITION_ACTIVE;SAFE;1;1;0;118063876;-1;0.00;-1.20;-1.20;0.00;0.00;KELLY_LITE;true;0.04;213517.70;0.0417;KELLY_LITE(mult=1.00 taper=1.00 n=3)+CONSEC_REDUCE(0.50)+HARD_RISK_CAP(2.0%)+MAXLOSS_CAP;213517.70;213516.50;33;0
2026.08.06 13:02:35;XAUUSD;5;1786019961;SL_MODIFIED;ticket=118063874 oldSL=4273.05 newSL=4263.05 reason=early_loss_hard_sl_leg_0;MANAGE_PROFIT;SAFE;1;1;1;-1;-1;4261.05;-1.68;-1.68;0.00;-1.20;KELLY_LITE;true;0.04;213517.70;0.0417;KELLY_LITE(mult=1.00 taper=1.00 n=3)+CONSEC_REDUCE(0.50)+HARD_RISK_CAP(2.0%)+MAXLOSS_CAP;213517.70;213516.02;36;0
2026.08.06 13:03:07;XAUUSD;5;1786019961;RECONCILED_BROKER_CLOSE;ticket=118063874 type=main pnl=-8.00;MANAGE_PROFIT;SAFE;0;1;1;-1;-1;4261.05;0.00;0.00;0.28;-7.72;KELLY_LITE;true;0.04;213517.70;0.0417;KELLY_LITE(mult=1.00 taper=1.00 n=3)+CONSEC_REDUCE(0.50)+HARD_RISK_CAP(2.0%)+MAXLOSS_CAP;213509.70;213509.70;36;0
2026.08.06 13:03:07;XAUUSD;5;1786019961;REVERSAL_CHASER_TRIGGERED_FLIP;newDir=BULL ticket=118063876 entry=4263.46 lot=0.03;MANAGE_PROFIT;SAFE;1;0;1;-1;-1;4261.05;0.72;-0.27;0.28;-7.72;KELLY_LITE;true;0.04;213517.70;0.0417;KELLY_LITE(mult=1.00 taper=1.00 n=3)+CONSEC_REDUCE(0.50)+HARD_RISK_CAP(2.0%)+MAXLOSS_CAP;213509.70;213510.42;33;0
2026.08.06 13:03:07;XAUUSD;5;1786019961;CONSECUTIVE_LOSS_PAUSE;losses=3 pauseUntil=2026.08.06 13:18:07;MANAGE_PROFIT;SAFE;1;0;1;-1;-1;4261.05;0.72;-0.27;0.28;-7.72;KELLY_LITE;true;0.04;213517.70;0.0417;KELLY_LITE(mult=1.00 taper=1.00 n=3)+CONSEC_REDUCE(0.50)+HARD_RISK_CAP(2.0%)+MAXLOSS_CAP;213509.70;213510.42;33;0
2026.08.06 13:03:07;XAUUSD;5;1786019961;CYCLE_RESET;oldState=MANAGE_PROFIT realizedPnL=-8.00 peak=0.28 worst=-7.72 pyramid=1 consLosses=3 reason=chaser_flip;MANAGE_PROFIT;SAFE;1;0;1;-1;-1;4261.05;0.72;-0.27;0.28;-7.72;KELLY_LITE;true;0.04;213517.70;0.0417;KELLY_LITE(mult=1.00 taper=1.00 n=3)+CONSEC_REDUCE(0.50)+HARD_RISK_CAP(2.0%)+MAXLOSS_CAP;213509.70;213510.42;33;0
2026.08.06 13:03:08;XAUUSD;5;1786019962;SL_MODIFIED;ticket=118063876 oldSL=4251.46 newSL=4260.79 reason=early_loss_hard_sl_leg_0;POSITION_ACTIVE;SAFE;1;0;1;-1;-1;4263.46;0.06;0.06;0.72;0.00;KELLY_LITE;true;0.04;213517.70;0.0417;KELLY_LITE(mult=1.00 taper=1.00 n=3)+CONSEC_REDUCE(0.50)+HARD_RISK_CAP(2.0%)+MAXLOSS_CAP;213509.70;213509.76;36;0
2026.08.06 13:06:49;XAUUSD;5;1786019962;RECONCILED_BROKER_CLOSE;ticket=118063876 type=main pnl=-8.01;MANAGE_PROFIT;SAFE;0;0;1;-1;-1;4263.46;0.00;0.00;6.81;-7.77;KELLY_LITE;true;0.04;213517.70;0.0417;KELLY_LITE(mult=1.00 taper=1.00 n=3)+CONSEC_REDUCE(0.50)+HARD_RISK_CAP(2.0%)+MAXLOSS_CAP;213501.69;213501.69;36;0
2026.08.06 13:06:49;XAUUSD;5;1786019962;CONSECUTIVE_LOSS_PAUSE;losses=4 pauseUntil=2026.08.06 13:21:49;MANAGE_PROFIT;SAFE;0;0;1;-1;-1;4263.46;0.00;0.00;6.81;-7.77;KELLY_LITE;true;0.04;213517.70;0.0417;KELLY_LITE(mult=1.00 taper=1.00 n=3)+CONSEC_REDUCE(0.50)+HARD_RISK_CAP(2.0%)+MAXLOSS_CAP;213501.69;213501.69;36;0
2026.08.06 13:06:49;XAUUSD;5;1786019962;CONSEC_LOSS_HARD_STOP;losses=4 threshold=4 pause=3600s;MANAGE_PROFIT;SAFE;0;0;1;-1;-1;4263.46;0.00;0.00;6.81;-7.77;KELLY_LITE;true;0.04;213517.70;0.0417;KELLY_LITE(mult=1.00 taper=1.00 n=3)+CONSEC_REDUCE(0.50)+HARD_RISK_CAP(2.0%)+MAXLOSS_CAP;213501.69;213501.69;36;0
2026.08.06 13:06:49;XAUUSD;5;1786019962;CYCLE_RESET;oldState=MANAGE_PROFIT realizedPnL=-16.01 peak=6.81 worst=-7.77 pyramid=1 consLosses=4;MANAGE_PROFIT;SAFE;0;0;1;-1;-1;4263.46;0.00;0.00;6.81;-7.77;KELLY_LITE;true;0.04;213517.70;0.0417;KELLY_LITE(mult=1.00 taper=1.00 n=3)+CONSEC_REDUCE(0.50)+HARD_RISK_CAP(2.0%)+MAXLOSS_CAP;213501.69;213501.69;36;0
2026.08.06 13:14:08;XAUUSD;5;1786019962;EA_DEINIT;reason=5;BLOCKED;SAFE;0;0;0;-1;-1;0.00;0.00;0.00;0.00;0.00;KELLY_LITE;true;0.04;213517.70;0.0417;KELLY_LITE(mult=1.00 taper=1.00 n=3)+CONSEC_REDUCE(0.50)+HARD_RISK_CAP(2.0%)+MAXLOSS_CAP;213501.69;213501.69;37;0
2026.08.06 13:14:08;XAUUSD;5;1786022048;EA_INIT;V6.48|Preset=AGGRESSIVE|MaxLoss=$50.0 SL=$12.0 RiskPct=1.50|TrailOppPending=ON OppATR=1.0|HedgeEnabled=OFF|DailyDD=4.0% WeeklyLim=$100|AutoLotMode=KELLY_LITE|Session=ALL NewsFilter=OFF (0 times);IDLE;SAFE;0;0;0;-1;-1;0.00;0.00;0.00;0.00;0.00;KELLY_LITE;true;0.04;213517.70;0.0417;KELLY_LITE(mult=1.00 taper=1.00 n=3)+CONSEC_REDUCE(0.50)+HARD_RISK_CAP(2.0%)+MAXLOSS_CAP;213501.69;213501.69;37;0
2026.08.06 13:14:08;XAUUSD;5;1786022048;DAILY_BASELINE_RESTORED;startEquity=213544.66 paused=false hardStop=false;IDLE;SAFE;0;0;0;-1;-1;0.00;0.00;0.00;0.00;0.00;KELLY_LITE;true;0.04;213517.70;0.0417;KELLY_LITE(mult=1.00 taper=1.00 n=3)+CONSEC_REDUCE(0.50)+HARD_RISK_CAP(2.0%)+MAXLOSS_CAP;213501.69;213501.69;37;0
2026.08.06 13:14:08;XAUUSD;5;1786022048;WEEKLY_BASELINE_RESTORED;startEquity=214135.37 paused=false;IDLE;SAFE;0;0;0;-1;-1;0.00;0.00;0.00;0.00;0.00;KELLY_LITE;true;0.04;213517.70;0.0417;KELLY_LITE(mult=1.00 taper=1.00 n=3)+CONSEC_REDUCE(0.50)+HARD_RISK_CAP(2.0%)+MAXLOSS_CAP;213501.69;213501.69;37;0
2026.08.06 13:14:08;XAUUSD;5;1786022049;PLACE_PENDING_START;cycle=1786022049 trend=-1 consecLosses=0 preset=AGGRESSIVE;PLACE_PENDING;SAFE;0;0;0;-1;-1;0.00;0.00;0.00;0.00;0.00;KELLY_LITE;true;0.04;213517.70;0.0417;KELLY_LITE(mult=1.00 taper=1.00 n=3)+CONSEC_REDUCE(0.50)+HARD_RISK_CAP(2.0%)+MAXLOSS_CAP;213501.69;213501.69;36;0
2026.08.06 13:14:08;XAUUSD;5;1786022049;DIR_OCO_PLACED;dir=BEAR ticket=118065102 price=4255.73 sl=4270.73 tp=4233.23 lot=0.04 dist=1.95;PLACE_PENDING;SAFE;0;1;0;-1;118065102;0.00;0.00;0.00;0.00;0.00;KELLY_LITE;true;0.04;213501.69;0.0417;KELLY_LITE(mult=1.00 taper=1.00 n=0)+HARD_RISK_CAP(2.0%)+MAXLOSS_CAP;213501.69;213501.69;37;0
2026.08.06 13:14:09;XAUUSD;5;1786022049;DIR_OCO_COUNTER_PLACED;dir=BULL(counter) ticket=118065103 price=4260.04 lot=0.03;PLACE_PENDING;SAFE;0;2;0;118065103;118065102;0.00;0.00;0.00;0.00;0.00;KELLY_LITE;true;0.04;213501.69;0.0417;KELLY_LITE(mult=1.00 taper=1.00 n=0)+HARD_RISK_CAP(2.0%)+MAXLOSS_CAP;213501.69;213501.69;36;0
2026.08.06 13:14:13;XAUUSD;5;1786022049;SELL_STOP_TRAILED;Old=4255.73 New=4256.15;WAIT_TRIGGER;SAFE;0;2;0;118065103;118065102;0.00;0.00;0.00;0.00;0.00;KELLY_LITE;true;0.04;213501.69;0.0417;KELLY_LITE(mult=1.00 taper=1.00 n=0)+HARD_RISK_CAP(2.0%)+MAXLOSS_CAP;213501.69;213501.69;33;0
2026.08.06 13:14:32;XAUUSD;5;1786022049;BUY_STOP_TRAILED;Old=4260.04 New=4259.72;WAIT_TRIGGER;SAFE;0;2;0;118065103;118065102;0.00;0.00;0.00;0.00;0.00;KELLY_LITE;true;0.04;213501.69;0.0417;KELLY_LITE(mult=1.00 taper=1.00 n=0)+HARD_RISK_CAP(2.0%)+MAXLOSS_CAP;213501.69;213501.69;36;0
2026.08.06 13:14:33;XAUUSD;5;1786022049;BUY_STOP_TRAILED;Old=4259.72 New=4259.39;WAIT_TRIGGER;SAFE;0;2;0;118065103;118065102;0.00;0.00;0.00;0.00;0.00;KELLY_LITE;true;0.04;213501.69;0.0417;KELLY_LITE(mult=1.00 taper=1.00 n=0)+HARD_RISK_CAP(2.0%)+MAXLOSS_CAP;213501.69;213501.69;36;0
2026.08.06 13:14:39;XAUUSD;5;1786022049;BUY_STOP_TRAILED;Old=4259.39 New=4259.08;WAIT_TRIGGER;SAFE;0;2;0;118065103;118065102;0.00;0.00;0.00;0.00;0.00;KELLY_LITE;true;0.04;213501.69;0.0417;KELLY_LITE(mult=1.00 taper=1.00 n=0)+HARD_RISK_CAP(2.0%)+MAXLOSS_CAP;213501.69;213501.69;33;0
2026.08.06 13:14:51;XAUUSD;5;1786022049;BUY_STOP_TRAILED;Old=4259.08 New=4258.51;WAIT_TRIGGER;SAFE;1;1;0;118065103;118065102;0.00;0.04;-1.64;0.00;0.00;KELLY_LITE;true;0.04;213501.69;0.0417;KELLY_LITE(mult=1.00 taper=1.00 n=0)+HARD_RISK_CAP(2.0%)+MAXLOSS_CAP;213501.69;213501.73;36;0
2026.08.06 13:14:51;XAUUSD;5;1786022049;OCO_TRIGGERED_SELL;ticket=118065102 entry=4256.15;POSITION_ACTIVE;SAFE;1;1;0;118065103;-1;0.00;0.04;-1.64;0.00;0.00;KELLY_LITE;true;0.04;213501.69;0.0417;KELLY_LITE(mult=1.00 taper=1.00 n=0)+HARD_RISK_CAP(2.0%)+MAXLOSS_CAP;213501.69;213501.73;36;0
2026.08.06 13:14:51;XAUUSD;5;1786022049;OPPOSITE_TRAIL_ARMED;opposite_ticket=118065103 will trail price;POSITION_ACTIVE;SAFE;1;1;0;118065103;-1;0.00;0.04;-1.64;0.00;0.00;KELLY_LITE;true;0.04;213501.69;0.0417;KELLY_LITE(mult=1.00 taper=1.00 n=0)+HARD_RISK_CAP(2.0%)+MAXLOSS_CAP;213501.69;213501.73;36;0
2026.08.06 13:16:48;XAUUSD;5;1786022049;SL_MODIFIED;ticket=118065102 oldSL=4268.15 newSL=4254.90 reason=break_even_lock_leg_0;MANAGE_PROFIT;SAFE;1;1;1;-1;-1;4256.15;8.40;8.40;8.12;-3.92;KELLY_LITE;true;0.04;213501.69;0.0417;KELLY_LITE(mult=1.00 taper=1.00 n=0)+HARD_RISK_CAP(2.0%)+MAXLOSS_CAP;213501.69;213510.09;36;0
2026.08.06 13:16:48;XAUUSD;5;1786022049;PROFIT_RATCHET_LOCKED;floor=2.74 peak=8.12;MANAGE_PROFIT;SAFE;1;1;1;-1;-1;4256.15;8.40;8.40;8.12;-3.92;KELLY_LITE;true;0.04;213501.69;0.0417;KELLY_LITE(mult=1.00 taper=1.00 n=0)+HARD_RISK_CAP(2.0%)+MAXLOSS_CAP;213501.69;213510.09;36;0
2026.08.06 13:16:48;XAUUSD;5;1786022049;PROFIT_RATCHET_LOCKED;floor=2.83 peak=8.40;MANAGE_PROFIT;SAFE;1;1;1;-1;-1;4256.15;8.40;8.40;8.40;-3.92;KELLY_LITE;true;0.04;213501.69;0.0417;KELLY_LITE(mult=1.00 taper=1.00 n=0)+HARD_RISK_CAP(2.0%)+MAXLOSS_CAP;213501.69;213510.09;36;0
2026.08.06 13:16:49;XAUUSD;5;1786022049;PROFIT_RATCHET_LOCKED;floor=2.85 peak=8.44;MANAGE_PROFIT;SAFE;1;1;1;-1;-1;4256.15;8.44;8.44;8.44;-3.92;KELLY_LITE;true;0.04;213501.69;0.0417;KELLY_LITE(mult=1.00 taper=1.00 n=0)+HARD_RISK_CAP(2.0%)+MAXLOSS_CAP;213501.69;213510.13;36;0
2026.08.06 13:16:49;XAUUSD;5;1786022049;PROFIT_RATCHET_LOCKED;floor=2.85 peak=8.44;MANAGE_PROFIT;SAFE;1;1;1;-1;-1;4256.15;8.24;8.24;8.44;-3.92;KELLY_LITE;true;0.04;213501.69;0.0417;KELLY_LITE(mult=1.00 taper=1.00 n=0)+HARD_RISK_CAP(2.0%)+MAXLOSS_CAP;213501.69;213509.93;36;0
2026.08.06 13:16:49;XAUUSD;5;1786022049;PROFIT_RATCHET_LOCKED;floor=3.13 peak=9.28;MANAGE_PROFIT;SAFE;1;1;1;-1;-1;4256.15;9.28;9.28;9.28;-3.92;KELLY_LITE;true;0.04;213501.69;0.0417;KELLY_LITE(mult=1.00 taper=1.00 n=0)+HARD_RISK_CAP(2.0%)+MAXLOSS_CAP;213501.69;213510.97;33;0
2026.08.06 13:16:49;XAUUSD;5;1786022049;PROFIT_RATCHET_LOCKED;floor=3.16 peak=9.36;MANAGE_PROFIT;SAFE;1;1;1;-1;-1;4256.15;9.36;9.36;9.36;-3.92;KELLY_LITE;true;0.04;213501.69;0.0417;KELLY_LITE(mult=1.00 taper=1.00 n=0)+HARD_RISK_CAP(2.0%)+MAXLOSS_CAP;213501.69;213511.05;36;0
2026.08.06 13:16:50;XAUUSD;5;1786022049;PROFIT_RATCHET_LOCKED;floor=3.31 peak=9.80;MANAGE_PROFIT;SAFE;1;1;1;-1;-1;4256.15;9.80;9.80;9.80;-3.92;KELLY_LITE;true;0.04;213501.69;0.0417;KELLY_LITE(mult=1.00 taper=1.00 n=0)+HARD_RISK_CAP(2.0%)+MAXLOSS_CAP;213501.69;213511.49;36;0
2026.08.06 13:16:50;XAUUSD;5;1786022049;PROFIT_RATCHET_LOCKED;floor=3.31 peak=9.80;MANAGE_PROFIT;SAFE;1;1;1;-1;-1;4256.15;9.48;9.48;9.80;-3.92;KELLY_LITE;true;0.04;213501.69;0.0417;KELLY_LITE(mult=1.00 taper=1.00 n=0)+HARD_RISK_CAP(2.0%)+MAXLOSS_CAP;213501.69;213511.17;36;0
2026.08.06 13:16:50;XAUUSD;5;1786022049;PROFIT_RATCHET_LOCKED;floor=3.31 peak=9.80;MANAGE_PROFIT;SAFE;1;1;1;-1;-1;4256.15;9.52;9.52;9.80;-3.92;KELLY_LITE;true;0.04;213501.69;0.0417;KELLY_LITE(mult=1.00 taper=1.00 n=0)+HARD_RISK_CAP(2.0%)+MAXLOSS_CAP;213501.69;213511.21;36;0
2026.08.06 13:16:50;XAUUSD;5;1786022049;PROFIT_RATCHET_LOCKED;floor=3.31 peak=9.80;MANAGE_PROFIT;SAFE;1;1;1;-1;-1;4256.15;9.56;9.56;9.80;-3.92;KELLY_LITE;true;0.04;213501.69;0.0417;KELLY_LITE(mult=1.00 taper=1.00 n=0)+HARD_RISK_CAP(2.0%)+MAXLOSS_CAP;213501.69;213511.25;36;0
2026.08.06 13:16:50;XAUUSD;5;1786022049;PROFIT_RATCHET_LOCKED;floor=3.52 peak=10.44;MANAGE_PROFIT;SAFE;1;1;1;-1;-1;4256.15;10.44;10.44;10.44;-3.92;KELLY_LITE;true;0.04;213501.69;0.0417;KELLY_LITE(mult=1.00 taper=1.00 n=0)+HARD_RISK_CAP(2.0%)+MAXLOSS_CAP;213501.69;213512.13;36;0
2026.08.06 13:16:50;XAUUSD;5;1786022049;PROFIT_RATCHET_LOCKED;floor=3.52 peak=10.44;MANAGE_PROFIT;SAFE;1;1;1;-1;-1;4256.15;10.40;10.40;10.44;-3.92;KELLY_LITE;true;0.04;213501.69;0.0417;KELLY_LITE(mult=1.00 taper=1.00 n=0)+HARD_RISK_CAP(2.0%)+MAXLOSS_CAP;213501.69;213512.09;36;0
2026.08.06 13:16:51;XAUUSD;5;1786022049;PROFIT_RATCHET_LOCKED;floor=3.52 peak=10.44;MANAGE_PROFIT;SAFE;1;1;1;-1;-1;4256.15;10.20;10.20;10.44;-3.92;KELLY_LITE;true;0.04;213501.69;0.0417;KELLY_LITE(mult=1.00 taper=1.00 n=0)+HARD_RISK_CAP(2.0%)+MAXLOSS_CAP;213501.69;213511.89;36;0
2026.08.06 13:16:51;XAUUSD;5;1786022049;PROFIT_RATCHET_LOCKED;floor=3.52 peak=10.44;MANAGE_PROFIT;SAFE;1;1;1;-1;-1;4256.15;9.52;9.52;10.44;-3.92;KELLY_LITE;true;0.04;213501.69;0.0417;KELLY_LITE(mult=1.00 taper=1.00 n=0)+HARD_RISK_CAP(2.0%)+MAXLOSS_CAP;213501.69;213511.21;36;0
2026.08.06 13:16:51;XAUUSD;5;1786022049;PROFIT_RATCHET_LOCKED;floor=3.52 peak=10.44;MANAGE_PROFIT;SAFE;1;1;1;-1;-1;4256.15;8.80;8.80;10.44;-3.92;KELLY_LITE;true;0.04;213501.69;0.0417;KELLY_LITE(mult=1.00 taper=1.00 n=0)+HARD_RISK_CAP(2.0%)+MAXLOSS_CAP;213501.69;213510.49;36;0
2026.08.06 13:16:51;XAUUSD;5;1786022049;PROFIT_RATCHET_LOCKED;floor=3.52 peak=10.44;MANAGE_PROFIT;SAFE;1;1;1;-1;-1;4256.15;8.52;8.52;10.44;-3.92;KELLY_LITE;true;0.04;213501.69;0.0417;KELLY_LITE(mult=1.00 taper=1.00 n=0)+HARD_RISK_CAP(2.0%)+MAXLOSS_CAP;213501.69;213510.21;33;0
2026.08.06 13:16:51;XAUUSD;5;1786022049;PROFIT_RATCHET_LOCKED;floor=3.52 peak=10.44;MANAGE_PROFIT;SAFE;1;1;1;-1;-1;4256.15;8.28;8.28;10.44;-3.92;KELLY_LITE;true;0.04;213501.69;0.0417;KELLY_LITE(mult=1.00 taper=1.00 n=0)+HARD_RISK_CAP(2.0%)+MAXLOSS_CAP;213501.69;213509.97;36;0
2026.08.06 13:16:52;XAUUSD;5;1786022049;PROFIT_RATCHET_LOCKED;floor=3.52 peak=10.44;MANAGE_PROFIT;SAFE;1;1;1;-1;-1;4256.15;8.32;8.32;10.44;-3.92;KELLY_LITE;true;0.04;213501.69;0.0417;KELLY_LITE(mult=1.00 taper=1.00 n=0)+HARD_RISK_CAP(2.0%)+MAXLOSS_CAP;213501.69;213510.01;36;0
2026.08.06 13:16:52;XAUUSD;5;1786022049;PROFIT_RATCHET_LOCKED;floor=3.52 peak=10.44;MANAGE_PROFIT;SAFE;1;1;1;-1;-1;4256.15;8.28;8.28;10.44;-3.92;KELLY_LITE;true;0.04;213501.69;0.0417;KELLY_LITE(mult=1.00 taper=1.00 n=0)+HARD_RISK_CAP(2.0%)+MAXLOSS_CAP;213501.69;213509.97;36;0
2026.08.06 13:16:52;XAUUSD;5;1786022049;PROFIT_RATCHET_LOCKED;floor=3.52 peak=10.44;MANAGE_PROFIT;SAFE;1;1;1;-1;-1;4256.15;7.92;7.92;10.44;-3.92;KELLY_LITE;true;0.04;213501.69;0.0417;KELLY_LITE(mult=1.00 taper=1.00 n=0)+HARD_RISK_CAP(2.0%)+MAXLOSS_CAP;213501.69;213509.61;36;0
2026.08.06 13:16:53;XAUUSD;5;1786022049;PROFIT_RATCHET_LOCKED;floor=3.52 peak=10.44;MANAGE_PROFIT;SAFE;1;1;1;-1;-1;4256.15;7.72;7.72;10.44;-3.92;KELLY_LITE;true;0.04;213501.69;0.0417;KELLY_LITE(mult=1.00 taper=1.00 n=0)+HARD_RISK_CAP(2.0%)+MAXLOSS_CAP;213501.69;213509.41;36;0
2026.08.06 13:16:53;XAUUSD;5;1786022049;PROFIT_RATCHET_LOCKED;floor=3.52 peak=10.44;MANAGE_PROFIT;SAFE;1;1;1;-1;-1;4256.15;7.60;7.60;10.44;-3.92;KELLY_LITE;true;0.04;213501.69;0.0417;KELLY_LITE(mult=1.00 taper=1.00 n=0)+HARD_RISK_CAP(2.0%)+MAXLOSS_CAP;213501.69;213509.29;36;0
2026.08.06 13:16:53;XAUUSD;5;1786022049;PROFIT_RATCHET_LOCKED;floor=3.52 peak=10.44;MANAGE_PROFIT;SAFE;1;1;1;-1;-1;4256.15;7.56;7.56;10.44;-3.92;KELLY_LITE;true;0.04;213501.69;0.0417;KELLY_LITE(mult=1.00 taper=1.00 n=0)+HARD_RISK_CAP(2.0%)+MAXLOSS_CAP;213501.69;213509.25;36;0
2026.08.06 13:16:53;XAUUSD;5;1786022049;PROFIT_RATCHET_LOCKED;floor=3.52 peak=10.44;MANAGE_PROFIT;SAFE;1;1;1;-1;-1;4256.15;7.60;7.60;10.44;-3.92;KELLY_LITE;true;0.04;213501.69;0.0417;KELLY_LITE(mult=1.00 taper=1.00 n=0)+HARD_RISK_CAP(2.0%)+MAXLOSS_CAP;213501.69;213509.29;36;0
2026.08.06 13:16:54;XAUUSD;5;1786022049;PROFIT_RATCHET_LOCKED;floor=3.52 peak=10.44;MANAGE_PROFIT;SAFE;1;1;1;-1;-1;4256.15;7.68;7.68;10.44;-3.92;KELLY_LITE;true;0.04;213501.69;0.0417;KELLY_LITE(mult=1.00 taper=1.00 n=0)+HARD_RISK_CAP(2.0%)+MAXLOSS_CAP;213501.69;213509.37;36;0
2026.08.06 13:16:54;XAUUSD;5;1786022049;PROFIT_RATCHET_LOCKED;floor=3.52 peak=10.44;MANAGE_PROFIT;SAFE;1;1;1;-1;-1;4256.15;7.60;7.60;10.44;-3.92;KELLY_LITE;true;0.04;213501.69;0.0417;KELLY_LITE(mult=1.00 taper=1.00 n=0)+HARD_RISK_CAP(2.0%)+MAXLOSS_CAP;213501.69;213509.29;36;0
2026.08.06 13:16:54;XAUUSD;5;1786022049;PROFIT_RATCHET_LOCKED;floor=3.52 peak=10.44;MANAGE_PROFIT;SAFE;1;1;1;-1;-1;4256.15;7.40;7.40;10.44;-3.92;KELLY_LITE;true;0.04;213501.69;0.0417;KELLY_LITE(mult=1.00 taper=1.00 n=0)+HARD_RISK_CAP(2.0%)+MAXLOSS_CAP;213501.69;213509.09;36;0
2026.08.06 13:16:54;XAUUSD;5;1786022049;PROFIT_RATCHET_LOCKED;floor=3.52 peak=10.44;MANAGE_PROFIT;SAFE;1;1;1;-1;-1;4256.15;7.48;7.48;10.44;-3.92;KELLY_LITE;true;0.04;213501.69;0.0417;KELLY_LITE(mult=1.00 taper=1.00 n=0)+HARD_RISK_CAP(2.0%)+MAXLOSS_CAP;213501.69;213509.17;36;0
2026.08.06 13:16:55;XAUUSD;5;1786022049;PROFIT_RATCHET_LOCKED;floor=3.52 peak=10.44;MANAGE_PROFIT;SAFE;1;1;1;-1;-1;4256.15;7.52;7.52;10.44;-3.92;KELLY_LITE;true;0.04;213501.69;0.0417;KELLY_LITE(mult=1.00 taper=1.00 n=0)+HARD_RISK_CAP(2.0%)+MAXLOSS_CAP;213501.69;213509.21;36;0
2026.08.06 13:16:55;XAUUSD;5;1786022049;PROFIT_RATCHET_LOCKED;floor=3.52 peak=10.44;MANAGE_PROFIT;SAFE;1;1;1;-1;-1;4256.15;7.56;7.56;10.44;-3.92;KELLY_LITE;true;0.04;213501.69;0.0417;KELLY_LITE(mult=1.00 taper=1.00 n=0)+HARD_RISK_CAP(2.0%)+MAXLOSS_CAP;213501.69;213509.25;36;0
2026.08.06 13:16:55;XAUUSD;5;1786022049;PROFIT_RATCHET_LOCKED;floor=3.52 peak=10.44;MANAGE_PROFIT;SAFE;1;1;1;-1;-1;4256.15;7.44;7.44;10.44;-3.92;KELLY_LITE;true;0.04;213501.69;0.0417;KELLY_LITE(mult=1.00 taper=1.00 n=0)+HARD_RISK_CAP(2.0%)+MAXLOSS_CAP;213501.69;213509.13;36;0
2026.08.06 13:16:56;XAUUSD;5;1786022049;EXIT_TIERED_TRAIL;profit=6.44 peak=10.44 allowedRetrace=3.39;MANAGE_PROFIT;SAFE;1;1;1;-1;-1;4256.15;6.44;6.44;10.44;-3.92;KELLY_LITE;true;0.04;213501.69;0.0417;KELLY_LITE(mult=1.00 taper=1.00 n=0)+HARD_RISK_CAP(2.0%)+MAXLOSS_CAP;213501.69;213508.13;37;0
2026.08.06 13:16:56;XAUUSD;5;1786022049;POSITION_CLOSED;ticket=118065102 reason=tiered_profit_trail lots=0.04 price=4254.54 pnl=6.44;MANAGE_PROFIT;SAFE;0;1;1;-1;-1;4256.15;0.00;0.00;10.44;-3.92;KELLY_LITE;true;0.04;213501.69;0.0417;KELLY_LITE(mult=1.00 taper=1.00 n=0)+HARD_RISK_CAP(2.0%)+MAXLOSS_CAP;213507.93;213507.93;36;0
2026.08.06 13:16:57;XAUUSD;5;1786022049;PENDING_DELETED;ticket=118065103 reason=close_all_cleanup;MANAGE_PROFIT;SAFE;0;0;1;-1;-1;4256.15;0.00;0.00;10.44;-3.92;KELLY_LITE;true;0.04;213501.69;0.0417;KELLY_LITE(mult=1.00 taper=1.00 n=0)+HARD_RISK_CAP(2.0%)+MAXLOSS_CAP;213507.93;213507.93;36;0
2026.08.06 13:16:57;XAUUSD;5;1786022049;CYCLE_RESET;oldState=RESET realizedPnL=6.24 peak=10.44 worst=-3.92 pyramid=0 consLosses=0;RESET;SAFE;0;0;0;-1;-1;4256.15;0.00;0.00;10.44;-3.92;KELLY_LITE;true;0.04;213501.69;0.0417;KELLY_LITE(mult=1.00 taper=1.00 n=0)+HARD_RISK_CAP(2.0%)+MAXLOSS_CAP;213507.93;213507.93;36;0
2026.08.06 13:21:57;XAUUSD;5;1786022050;PLACE_PENDING_START;cycle=1786022050 trend=-1 consecLosses=0 preset=AGGRESSIVE;PLACE_PENDING;SAFE;0;0;0;-1;-1;0.00;0.00;0.00;0.00;0.00;KELLY_LITE;true;0.04;213501.69;0.0417;KELLY_LITE(mult=1.00 taper=1.00 n=0)+HARD_RISK_CAP(2.0%)+MAXLOSS_CAP;213507.93;213507.93;36;0
2026.08.06 13:21:57;XAUUSD;5;1786022050;DIR_OCO_PLACED;dir=BEAR ticket=118066137 price=4258.44 sl=4273.44 tp=4235.94 lot=0.04 dist=2.10;PLACE_PENDING;SAFE;0;1;0;-1;118066137;0.00;0.00;0.00;0.00;0.00;KELLY_LITE;true;0.04;213507.93;0.0417;KELLY_LITE(mult=1.00 taper=1.00 n=1)+HARD_RISK_CAP(2.0%)+MAXLOSS_CAP;213507.93;213507.93;36;0
2026.08.06 13:21:58;XAUUSD;5;1786022050;DIR_OCO_COUNTER_PLACED;dir=BULL(counter) ticket=118066138 price=4263.00 lot=0.03;PLACE_PENDING;SAFE;0;2;0;118066138;118066137;0.00;0.00;0.00;0.00;0.00;KELLY_LITE;true;0.04;213507.93;0.0417;KELLY_LITE(mult=1.00 taper=1.00 n=1)+HARD_RISK_CAP(2.0%)+MAXLOSS_CAP;213507.93;213507.93;34;0
2026.08.06 13:22:09;XAUUSD;5;1786022050;BUY_STOP_TRAILED;Old=4263.00 New=4262.57;WAIT_TRIGGER;SAFE;0;2;0;118066138;118066137;0.00;0.00;0.00;0.00;0.00;KELLY_LITE;true;0.04;213507.93;0.0417;KELLY_LITE(mult=1.00 taper=1.00 n=1)+HARD_RISK_CAP(2.0%)+MAXLOSS_CAP;213507.93;213507.93;34;0
2026.08.06 13:22:10;XAUUSD;5;1786022050;BUY_STOP_TRAILED;Old=4262.57 New=4262.25;WAIT_TRIGGER;SAFE;0;2;0;118066138;118066137;0.00;0.00;0.00;0.00;0.00;KELLY_LITE;true;0.04;213507.93;0.0417;KELLY_LITE(mult=1.00 taper=1.00 n=1)+HARD_RISK_CAP(2.0%)+MAXLOSS_CAP;213507.93;213507.93;36;0
2026.08.06 13:22:57;XAUUSD;5;1786022050;BUY_STOP_TRAILED;Old=4262.25 New=4261.93;WAIT_TRIGGER;SAFE;0;2;0;118066138;118066137;0.00;0.00;0.00;0.00;0.00;KELLY_LITE;true;0.04;213507.93;0.0417;KELLY_LITE(mult=1.00 taper=1.00 n=1)+HARD_RISK_CAP(2.0%)+MAXLOSS_CAP;213507.93;213507.93;36;0
2026.08.06 13:23:22;XAUUSD;5;1786022050;SELL_STOP_TRAILED;Old=4258.44 New=4258.78;WAIT_TRIGGER;SAFE;0;2;0;118066138;118066137;0.00;0.00;0.00;0.00;0.00;KELLY_LITE;true;0.04;213507.93;0.0417;KELLY_LITE(mult=1.00 taper=1.00 n=1)+HARD_RISK_CAP(2.0%)+MAXLOSS_CAP;213507.93;213507.93;36;0
2026.08.06 13:23:23;XAUUSD;5;1786022050;SELL_STOP_TRAILED;Old=4258.78 New=4259.27;WAIT_TRIGGER;SAFE;0;2;0;118066138;118066137;0.00;0.00;0.00;0.00;0.00;KELLY_LITE;true;0.04;213507.93;0.0417;KELLY_LITE(mult=1.00 taper=1.00 n=1)+HARD_RISK_CAP(2.0%)+MAXLOSS_CAP;213507.93;213507.93;36;0
2026.08.06 13:23:32;XAUUSD;5;1786022050;OCO_TRIGGERED_BUY;ticket=118066138 entry=4261.93;POSITION_ACTIVE;SAFE;1;1;0;-1;118066137;0.00;0.36;-0.63;0.00;0.00;KELLY_LITE;true;0.04;213507.93;0.0417;KELLY_LITE(mult=1.00 taper=1.00 n=1)+HARD_RISK_CAP(2.0%)+MAXLOSS_CAP;213507.93;213508.29;33;0
2026.08.06 13:23:32;XAUUSD;5;1786022050;OPPOSITE_TRAIL_ARMED;opposite_ticket=118066137 will trail price;POSITION_ACTIVE;SAFE;1;1;0;-1;118066137;0.00;0.36;-0.63;0.00;0.00;KELLY_LITE;true;0.04;213507.93;0.0417;KELLY_LITE(mult=1.00 taper=1.00 n=1)+HARD_RISK_CAP(2.0%)+MAXLOSS_CAP;213507.93;213508.29;33;0
2026.08.06 13:25:54;XAUUSD;5;1786022050;REVERSAL_CHASER_TRIGGERED_FLIP;newDir=BEAR ticket=118066137 entry=4259.27 lot=0.04;MANAGE_PROFIT;SAFE;2;0;1;-1;-1;4261.93;-8.52;-9.36;2.07;-7.29;KELLY_LITE;true;0.04;213507.93;0.0417;KELLY_LITE(mult=1.00 taper=1.00 n=1)+HARD_RISK_CAP(2.0%)+MAXLOSS_CAP;213507.93;213499.41;33;0
2026.08.06 13:25:55;XAUUSD;5;1786022050;POSITION_CLOSED;ticket=118066138 reason=reversal_chaser_flip lots=0.03 price=4258.81 pnl=-9.36;MANAGE_PROFIT;SAFE;1;0;1;-1;-1;4261.93;1.80;1.80;2.07;-7.29;KELLY_LITE;true;0.04;213507.93;0.0417;KELLY_LITE(mult=1.00 taper=1.00 n=1)+HARD_RISK_CAP(2.0%)+MAXLOSS_CAP;213497.73;213499.53;36;0
2026.08.06 13:25:55;XAUUSD;5;1786022050;CYCLE_RESET;oldState=MANAGE_PROFIT realizedPnL=-10.20 peak=2.07 worst=-7.29 pyramid=1 consLosses=1 reason=chaser_flip;MANAGE_PROFIT;SAFE;1;0;1;-1;-1;4261.93;1.80;1.80;2.07;-7.29;KELLY_LITE;true;0.04;213507.93;0.0417;KELLY_LITE(mult=1.00 taper=1.00 n=1)+HARD_RISK_CAP(2.0%)+MAXLOSS_CAP;213497.73;213499.53;36;0
2026.08.06 13:26:06;XAUUSD;5;1786022051;SL_MODIFIED;ticket=118066137 oldSL=4271.27 newSL=4258.02 reason=break_even_lock_leg_0;MANAGE_PROFIT;SAFE;1;0;1;-1;-1;4259.27;8.72;8.72;8.28;0.00;KELLY_LITE;true;0.04;213507.93;0.0417;KELLY_LITE(mult=1.00 taper=1.00 n=1)+HARD_RISK_CAP(2.0%)+MAXLOSS_CAP;213497.73;213506.45;36;0
2026.08.06 13:26:06;XAUUSD;5;1786022051;PROFIT_RATCHET_LOCKED;floor=2.79 peak=8.28;MANAGE_PROFIT;SAFE;1;0;1;-1;-1;4259.27;8.72;8.72;8.28;0.00;KELLY_LITE;true;0.04;213507.93;0.0417;KELLY_LITE(mult=1.00 taper=1.00 n=1)+HARD_RISK_CAP(2.0%)+MAXLOSS_CAP;213497.73;213506.45;36;0
2026.08.06 13:26:06;XAUUSD;5;1786022051;PROFIT_RATCHET_LOCKED;floor=2.94 peak=8.72;MANAGE_PROFIT;SAFE;1;0;1;-1;-1;4259.27;8.72;8.72;8.72;0.00;KELLY_LITE;true;0.04;213507.93;0.0417;KELLY_LITE(mult=1.00 taper=1.00 n=1)+HARD_RISK_CAP(2.0%)+MAXLOSS_CAP;213497.73;213506.45;36;0
2026.08.06 13:26:06;XAUUSD;5;1786022051;PROFIT_RATCHET_LOCKED;floor=3.10 peak=9.20;MANAGE_PROFIT;SAFE;1;0;1;-1;-1;4259.27;9.20;9.20;9.20;0.00;KELLY_LITE;true;0.04;213507.93;0.0417;KELLY_LITE(mult=1.00 taper=1.00 n=1)+HARD_RISK_CAP(2.0%)+MAXLOSS_CAP;213497.73;213506.93;36;0
2026.08.06 13:26:06;XAUUSD;5;1786022051;PROFIT_RATCHET_LOCKED;floor=3.10 peak=9.20;MANAGE_PROFIT;SAFE;1;0;1;-1;-1;4259.27;8.36;8.36;9.20;0.00;KELLY_LITE;true;0.04;213507.93;0.0417;KELLY_LITE(mult=1.00 taper=1.00 n=1)+HARD_RISK_CAP(2.0%)+MAXLOSS_CAP;213497.73;213506.09;34;0
2026.08.06 13:26:06;XAUUSD;5;1786022051;PROFIT_RATCHET_LOCKED;floor=3.10 peak=9.20;MANAGE_PROFIT;SAFE;1;0;1;-1;-1;4259.27;8.52;8.52;9.20;0.00;KELLY_LITE;true;0.04;213507.93;0.0417;KELLY_LITE(mult=1.00 taper=1.00 n=1)+HARD_RISK_CAP(2.0%)+MAXLOSS_CAP;213497.73;213506.25;36;0
2026.08.06 13:26:07;XAUUSD;5;1786022051;PROFIT_RATCHET_LOCKED;floor=3.10 peak=9.20;MANAGE_PROFIT;SAFE;1;0;1;-1;-1;4259.27;8.48;8.48;9.20;0.00;KELLY_LITE;true;0.04;213507.93;0.0417;KELLY_LITE(mult=1.00 taper=1.00 n=1)+HARD_RISK_CAP(2.0%)+MAXLOSS_CAP;213497.73;213506.21;36;0
2026.08.06 13:26:07;XAUUSD;5;1786022051;PROFIT_RATCHET_LOCKED;floor=3.10 peak=9.20;MANAGE_PROFIT;SAFE;1;0;1;-1;-1;4259.27;8.40;8.40;9.20;0.00;KELLY_LITE;true;0.04;213507.93;0.0417;KELLY_LITE(mult=1.00 taper=1.00 n=1)+HARD_RISK_CAP(2.0%)+MAXLOSS_CAP;213497.73;213506.13;36;0
2026.08.06 13:26:07;XAUUSD;5;1786022051;PROFIT_RATCHET_LOCKED;floor=3.10 peak=9.20;MANAGE_PROFIT;SAFE;1;0;1;-1;-1;4259.27;7.56;7.56;9.20;0.00;KELLY_LITE;true;0.04;213507.93;0.0417;KELLY_LITE(mult=1.00 taper=1.00 n=1)+HARD_RISK_CAP(2.0%)+MAXLOSS_CAP;213497.73;213505.29;36;0
2026.08.06 13:26:07;XAUUSD;5;1786022051;PROFIT_RATCHET_LOCKED;floor=3.10 peak=9.20;MANAGE_PROFIT;SAFE;1;0;1;-1;-1;4259.27;7.08;7.08;9.20;0.00;KELLY_LITE;true;0.04;213507.93;0.0417;KELLY_LITE(mult=1.00 taper=1.00 n=1)+HARD_RISK_CAP(2.0%)+MAXLOSS_CAP;213497.73;213504.81;36;0
2026.08.06 13:26:07;XAUUSD;5;1786022051;PROFIT_RATCHET_LOCKED;floor=3.10 peak=9.20;MANAGE_PROFIT;SAFE;1;0;1;-1;-1;4259.27;7.32;7.32;9.20;0.00;KELLY_LITE;true;0.04;213507.93;0.0417;KELLY_LITE(mult=1.00 taper=1.00 n=1)+HARD_RISK_CAP(2.0%)+MAXLOSS_CAP;213497.73;213505.05;36;0
2026.08.06 13:26:07;XAUUSD;5;1786022051;PROFIT_RATCHET_LOCKED;floor=3.10 peak=9.20;MANAGE_PROFIT;SAFE;1;0;1;-1;-1;4259.27;7.16;7.16;9.20;0.00;KELLY_LITE;true;0.04;213507.93;0.0417;KELLY_LITE(mult=1.00 taper=1.00 n=1)+HARD_RISK_CAP(2.0%)+MAXLOSS_CAP;213497.73;213504.89;36;0
2026.08.06 13:26:08;XAUUSD;5;1786022051;PROFIT_RATCHET_LOCKED;floor=3.10 peak=9.20;MANAGE_PROFIT;SAFE;1;0;1;-1;-1;4259.27;7.08;7.08;9.20;0.00;KELLY_LITE;true;0.04;213507.93;0.0417;KELLY_LITE(mult=1.00 taper=1.00 n=1)+HARD_RISK_CAP(2.0%)+MAXLOSS_CAP;213497.73;213504.81;36;0
2026.08.06 13:26:08;XAUUSD;5;1786022051;PROFIT_RATCHET_LOCKED;floor=3.10 peak=9.20;MANAGE_PROFIT;SAFE;1;0;1;-1;-1;4259.27;7.16;7.16;9.20;0.00;KELLY_LITE;true;0.04;213507.93;0.0417;KELLY_LITE(mult=1.00 taper=1.00 n=1)+HARD_RISK_CAP(2.0%)+MAXLOSS_CAP;213497.73;213504.89;36;0
2026.08.06 13:26:08;XAUUSD;5;1786022051;PROFIT_RATCHET_LOCKED;floor=3.10 peak=9.20;MANAGE_PROFIT;SAFE;1;0;1;-1;-1;4259.27;6.92;6.92;9.20;0.00;KELLY_LITE;true;0.04;213507.93;0.0417;KELLY_LITE(mult=1.00 taper=1.00 n=1)+HARD_RISK_CAP(2.0%)+MAXLOSS_CAP;213497.73;213504.65;36;0
2026.08.06 13:26:09;XAUUSD;5;1786022051;PROFIT_RATCHET_LOCKED;floor=3.10 peak=9.20;MANAGE_PROFIT;SAFE;1;0;1;-1;-1;4259.27;6.32;6.32;9.20;0.00;KELLY_LITE;true;0.04;213507.93;0.0417;KELLY_LITE(mult=1.00 taper=1.00 n=1)+HARD_RISK_CAP(2.0%)+MAXLOSS_CAP;213497.73;213504.05;36;0
2026.08.06 13:26:09;XAUUSD;5;1786022051;EXIT_TIERED_TRAIL;profit=5.76 peak=9.20 allowedRetrace=2.99;MANAGE_PROFIT;SAFE;1;0;1;-1;-1;4259.27;5.76;5.76;9.20;0.00;KELLY_LITE;true;0.04;213507.93;0.0417;KELLY_LITE(mult=1.00 taper=1.00 n=1)+HARD_RISK_CAP(2.0%)+MAXLOSS_CAP;213497.73;213503.49;36;0
2026.08.06 13:26:09;XAUUSD;5;1786022051;POSITION_CLOSED;ticket=118066137 reason=tiered_profit_trail lots=0.04 price=4257.83 pnl=5.76;MANAGE_PROFIT;SAFE;0;0;1;-1;-1;4259.27;0.00;0.00;9.20;0.00;KELLY_LITE;true;0.04;213507.93;0.0417;KELLY_LITE(mult=1.00 taper=1.00 n=1)+HARD_RISK_CAP(2.0%)+MAXLOSS_CAP;213503.29;213503.29;36;0
2026.08.06 13:26:09;XAUUSD;5;1786022051;CYCLE_RESET;oldState=RESET realizedPnL=5.56 peak=9.20 worst=0.00 pyramid=0 consLosses=0;RESET;SAFE;0;0;0;-1;-1;4259.27;0.00;0.00;9.20;0.00;KELLY_LITE;true;0.04;213507.93;0.0417;KELLY_LITE(mult=1.00 taper=1.00 n=1)+HARD_RISK_CAP(2.0%)+MAXLOSS_CAP;213503.29;213503.29;36;0
2026.08.06 13:31:09;XAUUSD;5;1786022052;PLACE_PENDING_START;cycle=1786022052 trend=-1 consecLosses=0 preset=AGGRESSIVE;PLACE_PENDING;SAFE;0;0;0;-1;-1;0.00;0.00;0.00;0.00;0.00;KELLY_LITE;true;0.04;213507.93;0.0417;KELLY_LITE(mult=1.00 taper=1.00 n=1)+HARD_RISK_CAP(2.0%)+MAXLOSS_CAP;213503.29;213503.29;36;0
2026.08.06 13:31:18;XAUUSD;5;1786022052;DIR_OCO_PLACED;dir=BEAR ticket=118067454 price=4263.27 sl=4278.27 tp=4240.77 lot=0.04 dist=2.10;PLACE_PENDING;SAFE;0;1;0;-1;118067454;0.00;0.00;0.00;0.00;0.00;KELLY_LITE;true;0.04;213503.29;0.0417;KELLY_LITE(mult=1.00 taper=1.00 n=3)+HARD_RISK_CAP(2.0%)+MAXLOSS_CAP;213503.29;213503.29;34;0
2026.08.06 13:31:19;XAUUSD;5;1786022052;DIR_OCO_COUNTER_PLACED;dir=BULL(counter) ticket=118067494 price=4268.98 lot=0.03;PLACE_PENDING;SAFE;0;2;0;118067494;118067454;0.00;0.00;0.00;0.00;0.00;KELLY_LITE;true;0.04;213503.29;0.0417;KELLY_LITE(mult=1.00 taper=1.00 n=3)+HARD_RISK_CAP(2.0%)+MAXLOSS_CAP;213503.29;213503.29;36;0
2026.08.06 13:31:19;XAUUSD;5;1786022052;SELL_STOP_TRAILED;Old=4263.27 New=4264.27;WAIT_TRIGGER;SAFE;0;2;0;118067494;118067454;0.00;0.00;0.00;0.00;0.00;KELLY_LITE;true;0.04;213503.29;0.0417;KELLY_LITE(mult=1.00 taper=1.00 n=3)+HARD_RISK_CAP(2.0%)+MAXLOSS_CAP;213503.29;213503.29;36;0
2026.08.06 13:31:22;XAUUSD;5;1786022052;SELL_STOP_TRAILED;Old=4264.27 New=4264.65;WAIT_TRIGGER;SAFE;0;2;0;118067494;118067454;0.00;0.00;0.00;0.00;0.00;KELLY_LITE;true;0.04;213503.29;0.0417;KELLY_LITE(mult=1.00 taper=1.00 n=3)+HARD_RISK_CAP(2.0%)+MAXLOSS_CAP;213503.29;213503.29;36;0
2026.08.06 13:31:29;XAUUSD;5;1786022052;BUY_STOP_TRAILED;Old=4268.98 New=4268.59;WAIT_TRIGGER;SAFE;0;2;0;118067494;118067454;0.00;0.00;0.00;0.00;0.00;KELLY_LITE;true;0.04;213503.29;0.0417;KELLY_LITE(mult=1.00 taper=1.00 n=3)+HARD_RISK_CAP(2.0%)+MAXLOSS_CAP;213503.29;213503.29;33;0
2026.08.06 13:31:42;XAUUSD;5;1786022052;SELL_STOP_TRAILED;Old=4264.65 New=4264.98;WAIT_TRIGGER;SAFE;0;2;0;118067494;118067454;0.00;0.00;0.00;0.00;0.00;KELLY_LITE;true;0.04;213503.29;0.0417;KELLY_LITE(mult=1.00 taper=1.00 n=3)+HARD_RISK_CAP(2.0%)+MAXLOSS_CAP;213503.29;213503.29;37;0
2026.08.06 13:31:45;XAUUSD;5;1786022052;SELL_STOP_TRAILED;Old=4264.98 New=4265.36;WAIT_TRIGGER;SAFE;0;2;0;118067494;118067454;0.00;0.00;0.00;0.00;0.00;KELLY_LITE;true;0.04;213503.29;0.0417;KELLY_LITE(mult=1.00 taper=1.00 n=3)+HARD_RISK_CAP(2.0%)+MAXLOSS_CAP;213503.29;213503.29;36;0
2026.08.06 13:31:54;XAUUSD;5;1786022052;SELL_STOP_TRAILED;Old=4265.36 New=4265.88;WAIT_TRIGGER;SAFE;0;2;0;118067494;118067454;0.00;0.00;0.00;0.00;0.00;KELLY_LITE;true;0.04;213503.29;0.0417;KELLY_LITE(mult=1.00 taper=1.00 n=3)+HARD_RISK_CAP(2.0%)+MAXLOSS_CAP;213503.29;213503.29;33;0
2026.08.06 13:32:15;XAUUSD;5;1786022052;OCO_TRIGGERED_BUY;ticket=118067494 entry=4268.59;POSITION_ACTIVE;SAFE;1;1;0;-1;118067454;0.00;0.54;0.06;0.00;0.00;KELLY_LITE;true;0.04;213503.29;0.0417;KELLY_LITE(mult=1.00 taper=1.00 n=3)+HARD_RISK_CAP(2.0%)+MAXLOSS_CAP;213503.29;213503.83;36;0
2026.08.06 13:32:15;XAUUSD;5;1786022052;OPPOSITE_TRAIL_SKIPPED_COOLDOWN;cooldownOk=true flipsThisHour=3/3 — deleting opposite leg instead;POSITION_ACTIVE;SAFE;1;1;0;-1;118067454;0.00;0.54;0.06;0.00;0.00;KELLY_LITE;true;0.04;213503.29;0.0417;KELLY_LITE(mult=1.00 taper=1.00 n=3)+HARD_RISK_CAP(2.0%)+MAXLOSS_CAP;213503.29;213503.83;36;0
2026.08.06 13:32:16;XAUUSD;5;1786022052;PENDING_DELETED;ticket=118067454 reason=oco_buy_triggered;POSITION_ACTIVE;SAFE;1;0;0;-1;118067454;0.00;1.11;1.11;0.00;0.00;KELLY_LITE;true;0.04;213503.29;0.0417;KELLY_LITE(mult=1.00 taper=1.00 n=3)+HARD_RISK_CAP(2.0%)+MAXLOSS_CAP;213503.29;213504.40;33;0
2026.08.06 13:46:19;XAUUSD;5;1786022052;EXIT_TIME_LOSS;held=14 profit=-10.17;MANAGE_PROFIT;SAFE;1;0;1;-1;-1;4268.59;-10.17;-10.17;6.39;-10.17;KELLY_LITE;true;0.04;213503.29;0.0417;KELLY_LITE(mult=1.00 taper=1.00 n=3)+HARD_RISK_CAP(2.0%)+MAXLOSS_CAP;213503.29;213493.12;36;0
2026.08.06 13:46:19;XAUUSD;5;1786022052;POSITION_CLOSED;ticket=118067494 reason=time_loss_exit lots=0.03 price=4265.20 pnl=-10.17;MANAGE_PROFIT;SAFE;0;0;1;-1;-1;4268.59;0.00;0.00;6.39;-10.17;KELLY_LITE;true;0.04;213503.29;0.0417;KELLY_LITE(mult=1.00 taper=1.00 n=3)+HARD_RISK_CAP(2.0%)+MAXLOSS_CAP;213493.03;213493.03;36;0
2026.08.06 13:46:19;XAUUSD;5;1786022052;CYCLE_RESET;oldState=RESET realizedPnL=-10.26 peak=6.39 worst=-10.17 pyramid=0 consLosses=1;RESET;SAFE;0;0;0;-1;-1;4268.59;0.00;0.00;6.39;-10.17;KELLY_LITE;true;0.04;213503.29;0.0417;KELLY_LITE(mult=1.00 taper=1.00 n=3)+HARD_RISK_CAP(2.0%)+MAXLOSS_CAP;213493.03;213493.03;36;0
2026.08.06 13:51:19;XAUUSD;5;1786022052;FILTER_BLOCK_TREND_DISAGREE;TREND_DISAGREE (main=-1 fast=1 rsi=40.4, no extreme);BLOCKED;SAFE;0;0;0;-1;-1;0.00;0.00;0.00;0.00;0.00;KELLY_LITE;true;0.04;213503.29;0.0417;KELLY_LITE(mult=1.00 taper=1.00 n=3)+HARD_RISK_CAP(2.0%)+MAXLOSS_CAP;213493.03;213493.03;37;0
2026.08.06 13:56:19;XAUUSD;5;1786022053;PLACE_PENDING_START;cycle=1786022053 trend=-1 consecLosses=1 preset=AGGRESSIVE;PLACE_PENDING;SAFE;0;0;0;-1;-1;0.00;0.00;0.00;0.00;0.00;KELLY_LITE;true;0.04;213503.29;0.0417;KELLY_LITE(mult=1.00 taper=1.00 n=3)+HARD_RISK_CAP(2.0%)+MAXLOSS_CAP;213493.03;213493.03;34;0
2026.08.06 13:56:19;XAUUSD;5;1786022053;DIR_OCO_PLACED;dir=BEAR ticket=118071764 price=4248.96 sl=4263.96 tp=4226.46 lot=0.04 dist=2.47;PLACE_PENDING;SAFE;0;1;0;-1;118071764;0.00;0.00;0.00;0.00;0.00;KELLY_LITE;true;0.04;213493.03;0.0417;KELLY_LITE(mult=1.00 taper=1.00 n=4)+HARD_RISK_CAP(2.0%)+MAXLOSS_CAP;213493.03;213493.03;35;0
2026.08.06 13:56:20;XAUUSD;5;1786022053;DIR_OCO_COUNTER_PLACED;dir=BULL(counter) ticket=118071768 price=4254.24 lot=0.03;PLACE_PENDING;SAFE;0;2;0;118071768;118071764;0.00;0.00;0.00;0.00;0.00;KELLY_LITE;true;0.04;213493.03;0.0417;KELLY_LITE(mult=1.00 taper=1.00 n=4)+HARD_RISK_CAP(2.0%)+MAXLOSS_CAP;213493.03;213493.03;36;0
2026.08.06 13:56:25;XAUUSD;5;1786022053;SELL_STOP_TRAILED;Old=4248.96 New=4249.37;WAIT_TRIGGER;SAFE;0;2;0;118071768;118071764;0.00;0.00;0.00;0.00;0.00;KELLY_LITE;true;0.04;213493.03;0.0417;KELLY_LITE(mult=1.00 taper=1.00 n=4)+HARD_RISK_CAP(2.0%)+MAXLOSS_CAP;213493.03;213493.03;36;0
2026.08.06 13:56:45;XAUUSD;5;1786022053;BUY_STOP_TRAILED;Old=4254.24 New=4253.72;WAIT_TRIGGER;SAFE;0;2;0;118071768;118071764;0.00;0.00;0.00;0.00;0.00;KELLY_LITE;true;0.04;213493.03;0.0417;KELLY_LITE(mult=1.00 taper=1.00 n=4)+HARD_RISK_CAP(2.0%)+MAXLOSS_CAP;213493.03;213493.03;33;0
2026.08.06 13:56:46;XAUUSD;5;1786022053;BUY_STOP_TRAILED;Old=4253.72 New=4253.32;WAIT_TRIGGER;SAFE;0;2;0;118071768;118071764;0.00;0.00;0.00;0.00;0.00;KELLY_LITE;true;0.04;213493.03;0.0417;KELLY_LITE(mult=1.00 taper=1.00 n=4)+HARD_RISK_CAP(2.0%)+MAXLOSS_CAP;213493.03;213493.03;33;0
2026.08.06 13:56:54;XAUUSD;5;1786022053;BUY_STOP_TRAILED;Old=4253.32 New=4252.88;WAIT_TRIGGER;SAFE;0;2;0;118071768;118071764;0.00;0.00;0.00;0.00;0.00;KELLY_LITE;true;0.04;213493.03;0.0417;KELLY_LITE(mult=1.00 taper=1.00 n=4)+HARD_RISK_CAP(2.0%)+MAXLOSS_CAP;213493.03;213493.03;36;0
2026.08.06 13:56:57;XAUUSD;5;1786022053;BUY_STOP_TRAILED;Old=4252.88 New=4252.49;WAIT_TRIGGER;SAFE;0;2;0;118071768;118071764;0.00;0.00;0.00;0.00;0.00;KELLY_LITE;true;0.04;213493.03;0.0417;KELLY_LITE(mult=1.00 taper=1.00 n=4)+HARD_RISK_CAP(2.0%)+MAXLOSS_CAP;213493.03;213493.03;36;0
2026.08.06 13:57:22;XAUUSD;5;1786022053;OCO_TRIGGERED_SELL;ticket=118071764 entry=4249.37;POSITION_ACTIVE;SAFE;1;1;0;118071768;-1;0.00;0.20;-1.24;0.00;0.00;KELLY_LITE;true;0.04;213493.03;0.0417;KELLY_LITE(mult=1.00 taper=1.00 n=4)+HARD_RISK_CAP(2.0%)+MAXLOSS_CAP;213493.03;213493.23;36;0
2026.08.06 13:57:22;XAUUSD;5;1786022053;OPPOSITE_TRAIL_ARMED;opposite_ticket=118071768 will trail price;POSITION_ACTIVE;SAFE;1;1;0;118071768;-1;0.00;0.20;-1.24;0.00;0.00;KELLY_LITE;true;0.04;213493.03;0.0417;KELLY_LITE(mult=1.00 taper=1.00 n=4)+HARD_RISK_CAP(2.0%)+MAXLOSS_CAP;213493.03;213493.23;36;0
2026.08.06 14:00:13;XAUUSD;5;1786022053;REVERSAL_CHASER_TRIGGERED_FLIP;newDir=BULL ticket=118071768 entry=4252.49 lot=0.03;MANAGE_PROFIT;SAFE;2;0;1;-1;-1;4249.37;-12.55;-0.90;0.20;-12.04;KELLY_LITE;true;0.04;213493.03;0.0417;KELLY_LITE(mult=1.00 taper=1.00 n=4)+HARD_RISK_CAP(2.0%)+MAXLOSS_CAP;213493.03;213480.48;37;0
2026.08.06 14:00:14;XAUUSD;5;1786022053;POSITION_CLOSED;ticket=118071764 reason=reversal_chaser_flip lots=0.04 price=4252.56 pnl=-12.76;MANAGE_PROFIT;SAFE;1;0;1;-1;-1;4249.37;1.38;1.38;0.20;-12.04;KELLY_LITE;true;0.04;213493.03;0.0417;KELLY_LITE(mult=1.00 taper=1.00 n=4)+HARD_RISK_CAP(2.0%)+MAXLOSS_CAP;213477.27;213478.65;36;0
2026.08.06 14:00:14;XAUUSD;5;1786022053;CYCLE_RESET;oldState=MANAGE_PROFIT realizedPnL=-15.76 peak=0.20 worst=-12.04 pyramid=1 consLosses=2 reason=chaser_flip;MANAGE_PROFIT;SAFE;1;0;1;-1;-1;4249.37;1.38;1.38;0.20;-12.04;KELLY_LITE;true;0.04;213493.03;0.0417;KELLY_LITE(mult=1.00 taper=1.00 n=4)+HARD_RISK_CAP(2.0%)+MAXLOSS_CAP;213477.27;213478.65;36;0
2026.08.06 14:01:30;XAUUSD;5;1786022054;SL_MODIFIED;ticket=118071768 oldSL=4240.49 newSL=4254.16 reason=break_even_lock_leg_0;MANAGE_PROFIT;SAFE;1;0;1;-1;-1;4252.49;8.43;8.43;8.07;-7.17;KELLY_LITE;true;0.04;213493.03;0.0417;KELLY_LITE(mult=1.00 taper=1.00 n=4)+HARD_RISK_CAP(2.0%)+MAXLOSS_CAP;213477.27;213485.70;36;0
2026.08.06 14:01:30;XAUUSD;5;1786022054;PROFIT_RATCHET_LOCKED;floor=3.43 peak=8.07;MANAGE_PROFIT;SAFE;1;0;1;-1;-1;4252.49;8.43;8.43;8.07;-7.17;KELLY_LITE;true;0.04;213493.03;0.0417;KELLY_LITE(mult=1.00 taper=1.00 n=4)+HARD_RISK_CAP(2.0%)+MAXLOSS_CAP;213477.27;213485.70;36;0
2026.08.06 14:01:30;XAUUSD;5;1786022054;PROFIT_RATCHET_LOCKED;floor=3.58 peak=8.43;MANAGE_PROFIT;SAFE;1;0;1;-1;-1;4252.49;8.43;8.43;8.43;-7.17;KELLY_LITE;true;0.04;213493.03;0.0417;KELLY_LITE(mult=1.00 taper=1.00 n=4)+HARD_RISK_CAP(2.0%)+MAXLOSS_CAP;213477.27;213485.70;36;0
2026.08.06 14:01:30;XAUUSD;5;1786022054;PROFIT_RATCHET_LOCKED;floor=3.58 peak=8.43;MANAGE_PROFIT;SAFE;1;0;1;-1;-1;4252.49;7.20;7.20;8.43;-7.17;KELLY_LITE;true;0.04;213493.03;0.0417;KELLY_LITE(mult=1.00 taper=1.00 n=4)+HARD_RISK_CAP(2.0%)+MAXLOSS_CAP;213477.27;213484.47;36;0
2026.08.06 14:01:30;XAUUSD;5;1786022054;PROFIT_RATCHET_LOCKED;floor=3.58 peak=8.43;MANAGE_PROFIT;SAFE;1;0;1;-1;-1;4252.49;7.74;7.74;8.43;-7.17;KELLY_LITE;true;0.04;213493.03;0.0417;KELLY_LITE(mult=1.00 taper=1.00 n=4)+HARD_RISK_CAP(2.0%)+MAXLOSS_CAP;213477.27;213485.01;35;0
2026.08.06 14:01:31;XAUUSD;5;1786022054;PROFIT_RATCHET_LOCKED;floor=3.58 peak=8.43;MANAGE_PROFIT;SAFE;1;0;1;-1;-1;4252.49;7.92;7.92;8.43;-7.17;KELLY_LITE;true;0.04;213493.03;0.0417;KELLY_LITE(mult=1.00 taper=1.00 n=4)+HARD_RISK_CAP(2.0%)+MAXLOSS_CAP;213477.27;213485.19;36;0
2026.08.06 14:01:31;XAUUSD;5;1786022054;PROFIT_RATCHET_LOCKED;floor=3.63 peak=8.55;MANAGE_PROFIT;SAFE;1;0;1;-1;-1;4252.49;8.55;8.55;8.55;-7.17;KELLY_LITE;true;0.04;213493.03;0.0417;KELLY_LITE(mult=1.00 taper=1.00 n=4)+HARD_RISK_CAP(2.0%)+MAXLOSS_CAP;213477.27;213485.82;33;0
2026.08.06 14:01:31;XAUUSD;5;1786022054;PROFIT_RATCHET_LOCKED;floor=3.66 peak=8.61;MANAGE_PROFIT;SAFE;1;0;1;-1;-1;4252.49;8.61;8.61;8.61;-7.17;KELLY_LITE;true;0.04;213493.03;0.0417;KELLY_LITE(mult=1.00 taper=1.00 n=4)+HARD_RISK_CAP(2.0%)+MAXLOSS_CAP;213477.27;213485.88;36;0
2026.08.06 14:01:31;XAUUSD;5;1786022054;PROFIT_RATCHET_LOCKED;floor=3.66 peak=8.61;MANAGE_PROFIT;SAFE;1;0;1;-1;-1;4252.49;8.58;8.58;8.61;-7.17;KELLY_LITE;true;0.04;213493.03;0.0417;KELLY_LITE(mult=1.00 taper=1.00 n=4)+HARD_RISK_CAP(2.0%)+MAXLOSS_CAP;213477.27;213485.85;33;0
2026.08.06 14:01:31;XAUUSD;5;1786022054;PROFIT_RATCHET_LOCKED;floor=3.66 peak=8.61;MANAGE_PROFIT;SAFE;1;0;1;-1;-1;4252.49;8.58;8.58;8.61;-7.17;KELLY_LITE;true;0.04;213493.03;0.0417;KELLY_LITE(mult=1.00 taper=1.00 n=4)+HARD_RISK_CAP(2.0%)+MAXLOSS_CAP;213477.27;213485.85;34;0
2026.08.06 14:01:31;XAUUSD;5;1786022054;PROFIT_RATCHET_LOCKED;floor=3.67 peak=8.64;MANAGE_PROFIT;SAFE;1;0;1;-1;-1;4252.49;8.64;8.64;8.64;-7.17;KELLY_LITE;true;0.04;213493.03;0.0417;KELLY_LITE(mult=1.00 taper=1.00 n=4)+HARD_RISK_CAP(2.0%)+MAXLOSS_CAP;213477.27;213485.91;36;0
2026.08.06 14:01:32;XAUUSD;5;1786022054;PROFIT_RATCHET_LOCKED;floor=3.75 peak=8.82;MANAGE_PROFIT;SAFE;1;0;1;-1;-1;4252.49;8.82;8.82;8.82;-7.17;KELLY_LITE;true;0.04;213493.03;0.0417;KELLY_LITE(mult=1.00 taper=1.00 n=4)+HARD_RISK_CAP(2.0%)+MAXLOSS_CAP;213477.27;213486.09;33;0
2026.08.06 14:01:32;XAUUSD;5;1786022054;PROFIT_RATCHET_LOCKED;floor=3.90 peak=9.18;MANAGE_PROFIT;SAFE;1;0;1;-1;-1;4252.49;9.18;9.18;9.18;-7.17;KELLY_LITE;true;0.04;213493.03;0.0417;KELLY_LITE(mult=1.00 taper=1.00 n=4)+HARD_RISK_CAP(2.0%)+MAXLOSS_CAP;213477.27;213486.45;36;0
2026.08.06 14:01:32;XAUUSD;5;1786022054;PROFIT_RATCHET_LOCKED;floor=4.03 peak=9.48;MANAGE_PROFIT;SAFE;1;0;1;-1;-1;4252.49;9.48;9.48;9.48;-7.17;KELLY_LITE;true;0.04;213493.03;0.0417;KELLY_LITE(mult=1.00 taper=1.00 n=4)+HARD_RISK_CAP(2.0%)+MAXLOSS_CAP;213477.27;213486.75;33;0
2026.08.06 14:01:32;XAUUSD;5;1786022054;PROFIT_RATCHET_LOCKED;floor=4.08 peak=9.60;MANAGE_PROFIT;SAFE;1;0;1;-1;-1;4252.49;9.60;9.60;9.60;-7.17;KELLY_LITE;true;0.04;213493.03;0.0417;KELLY_LITE(mult=1.00 taper=1.00 n=4)+HARD_RISK_CAP(2.0%)+MAXLOSS_CAP;213477.27;213486.87;35;0
2026.08.06 14:01:32;XAUUSD;5;1786022054;PROFIT_RATCHET_LOCKED;floor=4.08 peak=9.60;MANAGE_PROFIT;SAFE;1;0;1;-1;-1;4252.49;9.57;9.57;9.60;-7.17;KELLY_LITE;true;0.04;213493.03;0.0417;KELLY_LITE(mult=1.00 taper=1.00 n=4)+HARD_RISK_CAP(2.0%)+MAXLOSS_CAP;213477.27;213486.84;36;0
2026.08.06 14:01:33;XAUUSD;5;1786022054;PROFIT_RATCHET_LOCKED;floor=4.09 peak=9.63;MANAGE_PROFIT;SAFE;1;0;1;-1;-1;4252.49;9.63;9.63;9.63;-7.17;KELLY_LITE;true;0.04;213493.03;0.0417;KELLY_LITE(mult=1.00 taper=1.00 n=4)+HARD_RISK_CAP(2.0%)+MAXLOSS_CAP;213477.27;213486.90;36;0
2026.08.06 14:01:33;XAUUSD;5;1786022054;PROFIT_RATCHET_LOCKED;floor=4.09 peak=9.63;MANAGE_PROFIT;SAFE;1;0;1;-1;-1;4252.49;9.18;9.18;9.63;-7.17;KELLY_LITE;true;0.04;213493.03;0.0417;KELLY_LITE(mult=1.00 taper=1.00 n=4)+HARD_RISK_CAP(2.0%)+MAXLOSS_CAP;213477.27;213486.45;37;0
2026.08.06 14:01:33;XAUUSD;5;1786022054;PROFIT_RATCHET_LOCKED;floor=4.09 peak=9.63;MANAGE_PROFIT;SAFE;1;0;1;-1;-1;4252.49;8.67;8.67;9.63;-7.17;KELLY_LITE;true;0.04;213493.03;0.0417;KELLY_LITE(mult=1.00 taper=1.00 n=4)+HARD_RISK_CAP(2.0%)+MAXLOSS_CAP;213477.27;213485.94;36;0
2026.08.06 14:01:33;XAUUSD;5;1786022054;PROFIT_RATCHET_LOCKED;floor=4.09 peak=9.63;MANAGE_PROFIT;SAFE;1;0;1;-1;-1;4252.49;8.73;8.73;9.63;-7.17;KELLY_LITE;true;0.04;213493.03;0.0417;KELLY_LITE(mult=1.00 taper=1.00 n=4)+HARD_RISK_CAP(2.0%)+MAXLOSS_CAP;213477.27;213486.00;36;0
2026.08.06 14:01:33;XAUUSD;5;1786022054;EXIT_TIERED_TRAIL;profit=8.16 peak=9.63 allowedRetrace=1.44;MANAGE_PROFIT;SAFE;1;0;1;-1;-1;4252.49;8.16;8.16;9.63;-7.17;KELLY_LITE;true;0.04;213493.03;0.0417;KELLY_LITE(mult=1.00 taper=1.00 n=4)+HARD_RISK_CAP(2.0%)+MAXLOSS_CAP;213477.27;213485.43;35;0
2026.08.06 14:01:34;XAUUSD;5;1786022054;POSITION_CLOSED;ticket=118071768 reason=tiered_profit_trail lots=0.03 price=4255.21 pnl=8.16;MANAGE_PROFIT;SAFE;0;0;1;-1;-1;4252.49;0.00;0.00;9.63;-7.17;KELLY_LITE;true;0.04;213493.03;0.0417;KELLY_LITE(mult=1.00 taper=1.00 n=4)+HARD_RISK_CAP(2.0%)+MAXLOSS_CAP;213483.93;213483.93;33;0
2026.08.06 14:01:34;XAUUSD;5;1786022054;CONSECUTIVE_LOSS_PAUSE;losses=3 pauseUntil=2026.08.06 14:16:34;RESET;SAFE;0;0;0;-1;-1;4252.49;0.00;0.00;9.63;-7.17;KELLY_LITE;true;0.04;213493.03;0.0417;KELLY_LITE(mult=1.00 taper=1.00 n=4)+HARD_RISK_CAP(2.0%)+MAXLOSS_CAP;213483.93;213483.93;33;0
2026.08.06 14:01:34;XAUUSD;5;1786022054;CYCLE_RESET;oldState=RESET realizedPnL=-9.10 peak=9.63 worst=-7.17 pyramid=0 consLosses=3;RESET;SAFE;0;0;0;-1;-1;4252.49;0.00;0.00;9.63;-7.17;KELLY_LITE;true;0.04;213493.03;0.0417;KELLY_LITE(mult=1.00 taper=1.00 n=4)+HARD_RISK_CAP(2.0%)+MAXLOSS_CAP;213483.93;213483.93;33;0
2026.08.06 14:16:34;XAUUSD;5;1786022055;PLACE_PENDING_START;cycle=1786022055 trend=-1 consecLosses=3 preset=AGGRESSIVE;PLACE_PENDING;SAFE;0;0;0;-1;-1;0.00;0.00;0.00;0.00;0.00;KELLY_LITE;true;0.04;213493.03;0.0417;KELLY_LITE(mult=1.00 taper=1.00 n=4)+HARD_RISK_CAP(2.0%)+MAXLOSS_CAP;213483.93;213483.93;36;0
2026.08.06 14:16:34;XAUUSD;5;1786022055;DIR_OCO_PLACED;dir=BEAR ticket=118076520 price=4235.12 sl=4250.12 tp=4212.62 lot=0.04 dist=2.98;PLACE_PENDING;SAFE;0;1;0;-1;118076520;0.00;0.00;0.00;0.00;0.00;KELLY_LITE;true;0.04;213483.93;0.0417;KELLY_LITE(mult=0.90 taper=1.00 n=6)+CONSEC_REDUCE(0.50)+HARD_RISK_CAP(2.0%)+MAXLOSS_CAP;213483.93;213483.93;36;0
2026.08.06 14:16:35;XAUUSD;5;1786022055;DIR_OCO_COUNTER_PLACED;dir=BULL(counter) ticket=118076521 price=4241.45 lot=0.03;PLACE_PENDING;SAFE;0;2;0;118076521;118076520;0.00;0.00;0.00;0.00;0.00;KELLY_LITE;true;0.04;213483.93;0.0417;KELLY_LITE(mult=0.90 taper=1.00 n=6)+CONSEC_REDUCE(0.50)+HARD_RISK_CAP(2.0%)+MAXLOSS_CAP;213483.93;213483.93;36;0
2026.08.06 14:16:37;XAUUSD;5;1786022055;SELL_STOP_TRAILED;Old=4235.12 New=4235.46;WAIT_TRIGGER;SAFE;0;2;0;118076521;118076520;0.00;0.00;0.00;0.00;0.00;KELLY_LITE;true;0.04;213483.93;0.0417;KELLY_LITE(mult=0.90 taper=1.00 n=6)+CONSEC_REDUCE(0.50)+HARD_RISK_CAP(2.0%)+MAXLOSS_CAP;213483.93;213483.93;36;0
2026.08.06 14:16:51;XAUUSD;5;1786022055;BUY_STOP_TRAILED;Old=4241.45 New=4241.10;WAIT_TRIGGER;SAFE;0;2;0;118076521;118076520;0.00;0.00;0.00;0.00;0.00;KELLY_LITE;true;0.04;213483.93;0.0417;KELLY_LITE(mult=0.90 taper=1.00 n=6)+CONSEC_REDUCE(0.50)+HARD_RISK_CAP(2.0%)+MAXLOSS_CAP;213483.93;213483.93;36;0
2026.08.06 14:16:52;XAUUSD;5;1786022055;BUY_STOP_TRAILED;Old=4241.10 New=4240.72;WAIT_TRIGGER;SAFE;0;2;0;118076521;118076520;0.00;0.00;0.00;0.00;0.00;KELLY_LITE;true;0.04;213483.93;0.0417;KELLY_LITE(mult=0.90 taper=1.00 n=6)+CONSEC_REDUCE(0.50)+HARD_RISK_CAP(2.0%)+MAXLOSS_CAP;213483.93;213483.93;33;0
2026.08.06 14:16:57;XAUUSD;5;1786022055;BUY_STOP_TRAILED;Old=4240.72 New=4240.36;WAIT_TRIGGER;SAFE;0;2;0;118076521;118076520;0.00;0.00;0.00;0.00;0.00;KELLY_LITE;true;0.04;213483.93;0.0417;KELLY_LITE(mult=0.90 taper=1.00 n=6)+CONSEC_REDUCE(0.50)+HARD_RISK_CAP(2.0%)+MAXLOSS_CAP;213483.93;213483.93;36;0
2026.08.06 14:17:04;XAUUSD;5;1786022055;SELL_STOP_TRAILED;Old=4235.46 New=4235.78;WAIT_TRIGGER;SAFE;0;2;0;118076521;118076520;0.00;0.00;0.00;0.00;0.00;KELLY_LITE;true;0.04;213483.93;0.0417;KELLY_LITE(mult=0.90 taper=1.00 n=6)+CONSEC_REDUCE(0.50)+HARD_RISK_CAP(2.0%)+MAXLOSS_CAP;213483.93;213483.93;36;0
2026.08.06 14:17:09;XAUUSD;5;1786022055;SELL_STOP_TRAILED;Old=4235.78 New=4236.29;WAIT_TRIGGER;SAFE;0;2;0;118076521;118076520;0.00;0.00;0.00;0.00;0.00;KELLY_LITE;true;0.04;213483.93;0.0417;KELLY_LITE(mult=0.90 taper=1.00 n=6)+CONSEC_REDUCE(0.50)+HARD_RISK_CAP(2.0%)+MAXLOSS_CAP;213483.93;213483.93;36;0
2026.08.06 14:17:18;XAUUSD;5;1786022055;BUY_STOP_TRAILED;Old=4240.36 New=4239.95;WAIT_TRIGGER;SAFE;0;2;0;118076521;118076520;0.00;0.00;0.00;0.00;0.00;KELLY_LITE;true;0.04;213483.93;0.0417;KELLY_LITE(mult=0.90 taper=1.00 n=6)+CONSEC_REDUCE(0.50)+HARD_RISK_CAP(2.0%)+MAXLOSS_CAP;213483.93;213483.93;36;0
2026.08.06 14:17:23;XAUUSD;5;1786022055;OCO_TRIGGERED_SELL;ticket=118076520 entry=4236.29;POSITION_ACTIVE;SAFE;1;1;0;118076521;-1;0.00;0.20;-1.24;0.00;0.00;KELLY_LITE;true;0.04;213483.93;0.0417;KELLY_LITE(mult=0.90 taper=1.00 n=6)+CONSEC_REDUCE(0.50)+HARD_RISK_CAP(2.0%)+MAXLOSS_CAP;213483.93;213484.13;36;0
2026.08.06 14:17:23;XAUUSD;5;1786022055;OPPOSITE_TRAIL_ARMED;opposite_ticket=118076521 will trail price;POSITION_ACTIVE;SAFE;1;1;0;118076521;-1;0.00;0.20;-1.24;0.00;0.00;KELLY_LITE;true;0.04;213483.93;0.0417;KELLY_LITE(mult=0.90 taper=1.00 n=6)+CONSEC_REDUCE(0.50)+HARD_RISK_CAP(2.0%)+MAXLOSS_CAP;213483.93;213484.13;36;0
2026.08.06 14:19:00;XAUUSD;5;1786022055;REVERSAL_CHASER_TRIGGERED_FLIP;newDir=BULL ticket=118076521 entry=4239.95 lot=0.03;MANAGE_PROFIT;SAFE;2;0;1;-1;-1;4236.29;-14.65;-4.41;0.36;-14.28;KELLY_LITE;true;0.04;213483.93;0.0417;KELLY_LITE(mult=0.90 taper=1.00 n=6)+CONSEC_REDUCE(0.50)+HARD_RISK_CAP(2.0%)+MAXLOSS_CAP;213483.93;213469.28;37;0
2026.08.06 14:19:00;XAUUSD;5;1786022055;POSITION_CLOSED;ticket=118076520 reason=reversal_chaser_flip lots=0.04 price=4238.85 pnl=-10.24;MANAGE_PROFIT;SAFE;1;0;1;-1;-1;4236.29;-5.13;-5.13;0.36;-14.28;KELLY_LITE;true;0.04;213483.93;0.0417;KELLY_LITE(mult=0.90 taper=1.00 n=6)+CONSEC_REDUCE(0.50)+HARD_RISK_CAP(2.0%)+MAXLOSS_CAP;213474.69;213469.56;36;0
2026.08.06 14:19:00;XAUUSD;5;1786022055;CONSECUTIVE_LOSS_PAUSE;losses=4 pauseUntil=2026.08.06 14:34:00;MANAGE_PROFIT;SAFE;1;0;1;-1;-1;4236.29;-5.13;-5.13;0.36;-14.28;KELLY_LITE;true;0.04;213483.93;0.0417;KELLY_LITE(mult=0.90 taper=1.00 n=6)+CONSEC_REDUCE(0.50)+HARD_RISK_CAP(2.0%)+MAXLOSS_CAP;213474.69;213469.56;36;0
2026.08.06 14:19:00;XAUUSD;5;1786022055;CONSEC_LOSS_HARD_STOP;losses=4 threshold=4 pause=3600s;MANAGE_PROFIT;SAFE;1;0;1;-1;-1;4236.29;-5.13;-5.13;0.36;-14.28;KELLY_LITE;true;0.04;213483.93;0.0417;KELLY_LITE(mult=0.90 taper=1.00 n=6)+CONSEC_REDUCE(0.50)+HARD_RISK_CAP(2.0%)+MAXLOSS_CAP;213474.69;213469.56;36;0
2026.08.06 14:19:00;XAUUSD;5;1786022055;CYCLE_RESET;oldState=MANAGE_PROFIT realizedPnL=-9.24 peak=0.36 worst=-14.28 pyramid=1 consLosses=4 reason=chaser_flip;MANAGE_PROFIT;SAFE;1;0;1;-1;-1;4236.29;-5.13;-5.13;0.36;-14.28;KELLY_LITE;true;0.04;213483.93;0.0417;KELLY_LITE(mult=0.90 taper=1.00 n=6)+CONSEC_REDUCE(0.50)+HARD_RISK_CAP(2.0%)+MAXLOSS_CAP;213474.69;213469.56;36;0
2026.08.06 14:19:49;XAUUSD;5;1786022056;SL_MODIFIED;ticket=118076521 oldSL=4227.95 newSL=4241.62 reason=break_even_lock_leg_0;MANAGE_PROFIT;SAFE;1;0;1;-1;-1;4239.95;8.34;8.34;8.40;-5.79;KELLY_LITE;true;0.04;213483.93;0.0417;KELLY_LITE(mult=0.90 taper=1.00 n=6)+CONSEC_REDUCE(0.50)+HARD_RISK_CAP(2.0%)+MAXLOSS_CAP;213474.69;213483.03;33;0
2026.08.06 14:19:49;XAUUSD;5;1786022056;PROFIT_RATCHET_LOCKED;floor=3.57 peak=8.40;MANAGE_PROFIT;SAFE;1;0;1;-1;-1;4239.95;8.34;8.34;8.40;-5.79;KELLY_LITE;true;0.04;213483.93;0.0417;KELLY_LITE(mult=0.90 taper=1.00 n=6)+CONSEC_REDUCE(0.50)+HARD_RISK_CAP(2.0%)+MAXLOSS_CAP;213474.69;213483.03;33;0
2026.08.06 14:19:49;XAUUSD;5;1786022056;PROFIT_RATCHET_LOCKED;floor=3.57 peak=8.40;MANAGE_PROFIT;SAFE;1;0;1;-1;-1;4239.95;8.34;8.34;8.40;-5.79;KELLY_LITE;true;0.04;213483.93;0.0417;KELLY_LITE(mult=0.90 taper=1.00 n=6)+CONSEC_REDUCE(0.50)+HARD_RISK_CAP(2.0%)+MAXLOSS_CAP;213474.69;213483.03;33;0
2026.08.06 14:19:50;XAUUSD;5;1786022056;PROFIT_RATCHET_LOCKED;floor=3.57 peak=8.40;MANAGE_PROFIT;SAFE;1;0;1;-1;-1;4239.95;7.95;7.95;8.40;-5.79;KELLY_LITE;true;0.04;213483.93;0.0417;KELLY_LITE(mult=0.90 taper=1.00 n=6)+CONSEC_REDUCE(0.50)+HARD_RISK_CAP(2.0%)+MAXLOSS_CAP;213474.69;213482.64;36;0
2026.08.06 14:19:50;XAUUSD;5;1786022056;PROFIT_RATCHET_LOCKED;floor=4.23 peak=9.96;MANAGE_PROFIT;SAFE;1;0;1;-1;-1;4239.95;9.96;9.96;9.96;-5.79;KELLY_LITE;true;0.04;213483.93;0.0417;KELLY_LITE(mult=0.90 taper=1.00 n=6)+CONSEC_REDUCE(0.50)+HARD_RISK_CAP(2.0%)+MAXLOSS_CAP;213474.69;213484.65;33;0
2026.08.06 14:19:50;XAUUSD;5;1786022056;PROFIT_RATCHET_LOCKED;floor=4.23 peak=9.96;MANAGE_PROFIT;SAFE;1;0;1;-1;-1;4239.95;9.87;9.87;9.96;-5.79;KELLY_LITE;true;0.04;213483.93;0.0417;KELLY_LITE(mult=0.90 taper=1.00 n=6)+CONSEC_REDUCE(0.50)+HARD_RISK_CAP(2.0%)+MAXLOSS_CAP;213474.69;213484.56;33;0
2026.08.06 14:19:50;XAUUSD;5;1786022056;PROFIT_RATCHET_LOCKED;floor=4.26 peak=10.02;MANAGE_PROFIT;SAFE;1;0;1;-1;-1;4239.95;10.02;10.02;10.02;-5.79;KELLY_LITE;true;0.04;213483.93;0.0417;KELLY_LITE(mult=0.90 taper=1.00 n=6)+CONSEC_REDUCE(0.50)+HARD_RISK_CAP(2.0%)+MAXLOSS_CAP;213474.69;213484.71;36;0
2026.08.06 14:19:51;XAUUSD;5;1786022056;PROFIT_RATCHET_LOCKED;floor=4.31 peak=10.14;MANAGE_PROFIT;SAFE;1;0;1;-1;-1;4239.95;10.14;10.14;10.14;-5.79;KELLY_LITE;true;0.04;213483.93;0.0417;KELLY_LITE(mult=0.90 taper=1.00 n=6)+CONSEC_REDUCE(0.50)+HARD_RISK_CAP(2.0%)+MAXLOSS_CAP;213474.69;213484.83;36;0
2026.08.06 14:19:51;XAUUSD;5;1786022056;PROFIT_RATCHET_LOCKED;floor=4.46 peak=10.50;MANAGE_PROFIT;SAFE;1;0;1;-1;-1;4239.95;10.50;10.50;10.50;-5.79;KELLY_LITE;true;0.04;213483.93;0.0417;KELLY_LITE(mult=0.90 taper=1.00 n=6)+CONSEC_REDUCE(0.50)+HARD_RISK_CAP(2.0%)+MAXLOSS_CAP;213474.69;213485.19;36;0
2026.08.06 14:19:51;XAUUSD;5;1786022056;PROFIT_RATCHET_LOCKED;floor=4.48 peak=10.53;MANAGE_PROFIT;SAFE;1;0;1;-1;-1;4239.95;10.53;10.53;10.53;-5.79;KELLY_LITE;true;0.04;213483.93;0.0417;KELLY_LITE(mult=0.90 taper=1.00 n=6)+CONSEC_REDUCE(0.50)+HARD_RISK_CAP(2.0%)+MAXLOSS_CAP;213474.69;213485.22;36;0
2026.08.06 14:19:51;XAUUSD;5;1786022056;PROFIT_RATCHET_LOCKED;floor=4.68 peak=11.01;MANAGE_PROFIT;SAFE;1;0;1;-1;-1;4239.95;11.01;11.01;11.01;-5.79;KELLY_LITE;true;0.04;213483.93;0.0417;KELLY_LITE(mult=0.90 taper=1.00 n=6)+CONSEC_REDUCE(0.50)+HARD_RISK_CAP(2.0%)+MAXLOSS_CAP;213474.69;213485.70;37;0
2026.08.06 14:19:51;XAUUSD;5;1786022056;PROFIT_RATCHET_LOCKED;floor=4.68 peak=11.01;MANAGE_PROFIT;SAFE;1;0;1;-1;-1;4239.95;10.86;10.86;11.01;-5.79;KELLY_LITE;true;0.04;213483.93;0.0417;KELLY_LITE(mult=0.90 taper=1.00 n=6)+CONSEC_REDUCE(0.50)+HARD_RISK_CAP(2.0%)+MAXLOSS_CAP;213474.69;213485.55;36;0
2026.08.06 14:19:52;XAUUSD;5;1786022056;PROFIT_RATCHET_LOCKED;floor=4.68 peak=11.01;MANAGE_PROFIT;SAFE;1;0;1;-1;-1;4239.95;10.83;10.83;11.01;-5.79;KELLY_LITE;true;0.04;213483.93;0.0417;KELLY_LITE(mult=0.90 taper=1.00 n=6)+CONSEC_REDUCE(0.50)+HARD_RISK_CAP(2.0%)+MAXLOSS_CAP;213474.69;213485.52;37;0
2026.08.06 14:19:52;XAUUSD;5;1786022056;PROFIT_RATCHET_LOCKED;floor=4.68 peak=11.01;MANAGE_PROFIT;SAFE;1;0;1;-1;-1;4239.95;10.53;10.53;11.01;-5.79;KELLY_LITE;true;0.04;213483.93;0.0417;KELLY_LITE(mult=0.90 taper=1.00 n=6)+CONSEC_REDUCE(0.50)+HARD_RISK_CAP(2.0%)+MAXLOSS_CAP;213474.69;213485.22;37;0
2026.08.06 14:19:52;XAUUSD;5;1786022056;PROFIT_RATCHET_LOCKED;floor=4.77 peak=11.22;MANAGE_PROFIT;SAFE;1;0;1;-1;-1;4239.95;11.22;11.22;11.22;-5.79;KELLY_LITE;true;0.04;213483.93;0.0417;KELLY_LITE(mult=0.90 taper=1.00 n=6)+CONSEC_REDUCE(0.50)+HARD_RISK_CAP(2.0%)+MAXLOSS_CAP;213474.69;213485.91;33;0
2026.08.06 14:19:52;XAUUSD;5;1786022056;PROFIT_RATCHET_LOCKED;floor=4.77 peak=11.22;MANAGE_PROFIT;SAFE;1;0;1;-1;-1;4239.95;11.16;11.16;11.22;-5.79;KELLY_LITE;true;0.04;213483.93;0.0417;KELLY_LITE(mult=0.90 taper=1.00 n=6)+CONSEC_REDUCE(0.50)+HARD_RISK_CAP(2.0%)+MAXLOSS_CAP;213474.69;213485.85;33;0
2026.08.06 14:19:53;XAUUSD;5;1786022056;PROFIT_RATCHET_LOCKED;floor=4.77 peak=11.22;MANAGE_PROFIT;SAFE;1;0;1;-1;-1;4239.95;11.13;11.13;11.22;-5.79;KELLY_LITE;true;0.04;213483.93;0.0417;KELLY_LITE(mult=0.90 taper=1.00 n=6)+CONSEC_REDUCE(0.50)+HARD_RISK_CAP(2.0%)+MAXLOSS_CAP;213474.69;213485.82;33;0
2026.08.06 14:19:53;XAUUSD;5;1786022056;PROFIT_RATCHET_LOCKED;floor=4.77 peak=11.22;MANAGE_PROFIT;SAFE;1;0;1;-1;-1;4239.95;10.92;10.92;11.22;-5.79;KELLY_LITE;true;0.04;213483.93;0.0417;KELLY_LITE(mult=0.90 taper=1.00 n=6)+CONSEC_REDUCE(0.50)+HARD_RISK_CAP(2.0%)+MAXLOSS_CAP;213474.69;213485.61;33;0
2026.08.06 14:19:53;XAUUSD;5;1786022056;PROFIT_RATCHET_LOCKED;floor=4.77 peak=11.22;MANAGE_PROFIT;SAFE;1;0;1;-1;-1;4239.95;10.92;10.92;11.22;-5.79;KELLY_LITE;true;0.04;213483.93;0.0417;KELLY_LITE(mult=0.90 taper=1.00 n=6)+CONSEC_REDUCE(0.50)+HARD_RISK_CAP(2.0%)+MAXLOSS_CAP;213474.69;213485.61;36;0
2026.08.06 14:19:53;XAUUSD;5;1786022056;PROFIT_RATCHET_LOCKED;floor=4.77 peak=11.22;MANAGE_PROFIT;SAFE;1;0;1;-1;-1;4239.95;11.10;11.10;11.22;-5.79;KELLY_LITE;true;0.04;213483.93;0.0417;KELLY_LITE(mult=0.90 taper=1.00 n=6)+CONSEC_REDUCE(0.50)+HARD_RISK_CAP(2.0%)+MAXLOSS_CAP;213474.69;213485.79;33;0
2026.08.06 14:19:53;XAUUSD;5;1786022056;PROFIT_RATCHET_LOCKED;floor=4.77 peak=11.22;MANAGE_PROFIT;SAFE;1;0;1;-1;-1;4239.95;11.13;11.13;11.22;-5.79;KELLY_LITE;true;0.04;213483.93;0.0417;KELLY_LITE(mult=0.90 taper=1.00 n=6)+CONSEC_REDUCE(0.50)+HARD_RISK_CAP(2.0%)+MAXLOSS_CAP;213474.69;213485.82;33;0
2026.08.06 14:19:54;XAUUSD;5;1786022056;PROFIT_RATCHET_LOCKED;floor=4.79 peak=11.28;MANAGE_PROFIT;SAFE;1;0;1;-1;-1;4239.95;11.28;11.28;11.28;-5.79;KELLY_LITE;true;0.04;213483.93;0.0417;KELLY_LITE(mult=0.90 taper=1.00 n=6)+CONSEC_REDUCE(0.50)+HARD_RISK_CAP(2.0%)+MAXLOSS_CAP;213474.69;213485.97;36;0
2026.08.06 14:19:54;XAUUSD;5;1786022056;PROFIT_RATCHET_LOCKED;floor=4.79 peak=11.28;MANAGE_PROFIT;SAFE;1;0;1;-1;-1;4239.95;11.25;11.25;11.28;-5.79;KELLY_LITE;true;0.04;213483.93;0.0417;KELLY_LITE(mult=0.90 taper=1.00 n=6)+CONSEC_REDUCE(0.50)+HARD_RISK_CAP(2.0%)+MAXLOSS_CAP;213474.69;213485.94;36;0
2026.08.06 14:19:54;XAUUSD;5;1786022056;PROFIT_RATCHET_LOCKED;floor=4.79 peak=11.28;MANAGE_PROFIT;SAFE;1;0;1;-1;-1;4239.95;11.10;11.10;11.28;-5.79;KELLY_LITE;true;0.04;213483.93;0.0417;KELLY_LITE(mult=0.90 taper=1.00 n=6)+CONSEC_REDUCE(0.50)+HARD_RISK_CAP(2.0%)+MAXLOSS_CAP;213474.69;213485.79;36;0
2026.08.06 14:19:55;XAUUSD;5;1786022056;PROFIT_RATCHET_LOCKED;floor=4.79 peak=11.28;MANAGE_PROFIT;SAFE;1;0;1;-1;-1;4239.95;11.04;11.04;11.28;-5.79;KELLY_LITE;true;0.04;213483.93;0.0417;KELLY_LITE(mult=0.90 taper=1.00 n=6)+CONSEC_REDUCE(0.50)+HARD_RISK_CAP(2.0%)+MAXLOSS_CAP;213474.69;213485.73;36;0
2026.08.06 14:19:55;XAUUSD;5;1786022056;PROFIT_RATCHET_LOCKED;floor=4.79 peak=11.28;MANAGE_PROFIT;SAFE;1;0;1;-1;-1;4239.95;11.16;11.16;11.28;-5.79;KELLY_LITE;true;0.04;213483.93;0.0417;KELLY_LITE(mult=0.90 taper=1.00 n=6)+CONSEC_REDUCE(0.50)+HARD_RISK_CAP(2.0%)+MAXLOSS_CAP;213474.69;213485.85;33;0
2026.08.06 14:19:55;XAUUSD;5;1786022056;PROFIT_RATCHET_LOCKED;floor=4.79 peak=11.28;MANAGE_PROFIT;SAFE;1;0;1;-1;-1;4239.95;11.16;11.16;11.28;-5.79;KELLY_LITE;true;0.04;213483.93;0.0417;KELLY_LITE(mult=0.90 taper=1.00 n=6)+CONSEC_REDUCE(0.50)+HARD_RISK_CAP(2.0%)+MAXLOSS_CAP;213474.69;213485.85;36;0
2026.08.06 14:19:55;XAUUSD;5;1786022056;PROFIT_RATCHET_LOCKED;floor=5.00 peak=11.76;MANAGE_PROFIT;SAFE;1;0;1;-1;-1;4239.95;11.76;11.76;11.76;-5.79;KELLY_LITE;true;0.04;213483.93;0.0417;KELLY_LITE(mult=0.90 taper=1.00 n=6)+CONSEC_REDUCE(0.50)+HARD_RISK_CAP(2.0%)+MAXLOSS_CAP;213474.69;213486.45;37;0
2026.08.06 14:19:56;XAUUSD;5;1786022056;SL_MODIFIED;ticket=118076521 oldSL=4241.62 newSL=4241.68 reason=profit_ratchet_lock_leg_0;MANAGE_PROFIT;SAFE;1;0;1;-1;-1;4239.95;12.03;12.03;12.18;-5.79;KELLY_LITE;true;0.04;213483.93;0.0417;KELLY_LITE(mult=0.90 taper=1.00 n=6)+CONSEC_REDUCE(0.50)+HARD_RISK_CAP(2.0%)+MAXLOSS_CAP;213474.69;213486.72;36;0
2026.08.06 14:19:56;XAUUSD;5;1786022056;PROFIT_RATCHET_LOCKED;floor=5.18 peak=12.18;MANAGE_PROFIT;SAFE;1;0;1;-1;-1;4239.95;12.03;12.03;12.18;-5.79;KELLY_LITE;true;0.04;213483.93;0.0417;KELLY_LITE(mult=0.90 taper=1.00 n=6)+CONSEC_REDUCE(0.50)+HARD_RISK_CAP(2.0%)+MAXLOSS_CAP;213474.69;213486.72;36;0
2026.08.06 14:19:57;XAUUSD;5;1786022056;SL_MODIFIED;ticket=118076521 oldSL=4241.68 newSL=4241.71 reason=profit_ratchet_lock_leg_0;MANAGE_PROFIT;SAFE;1;0;1;-1;-1;4239.95;12.15;12.15;12.42;-5.79;KELLY_LITE;true;0.04;213483.93;0.0417;KELLY_LITE(mult=0.90 taper=1.00 n=6)+CONSEC_REDUCE(0.50)+HARD_RISK_CAP(2.0%)+MAXLOSS_CAP;213474.69;213486.84;36;0
2026.08.06 14:19:57;XAUUSD;5;1786022056;PROFIT_RATCHET_LOCKED;floor=5.28 peak=12.42;MANAGE_PROFIT;SAFE;1;0;1;-1;-1;4239.95;12.15;12.15;12.42;-5.79;KELLY_LITE;true;0.04;213483.93;0.0417;KELLY_LITE(mult=0.90 taper=1.00 n=6)+CONSEC_REDUCE(0.50)+HARD_RISK_CAP(2.0%)+MAXLOSS_CAP;213474.69;213486.84;36;0
2026.08.06 14:19:59;XAUUSD;5;1786022056;SL_MODIFIED;ticket=118076521 oldSL=4241.71 newSL=4241.74 reason=profit_ratchet_lock_leg_0;MANAGE_PROFIT;SAFE;1;0;1;-1;-1;4239.95;11.97;11.97;12.60;-5.79;KELLY_LITE;true;0.04;213483.93;0.0417;KELLY_LITE(mult=0.90 taper=1.00 n=6)+CONSEC_REDUCE(0.50)+HARD_RISK_CAP(2.0%)+MAXLOSS_CAP;213474.69;213486.66;33;0
2026.08.06 14:19:59;XAUUSD;5;1786022056;PROFIT_RATCHET_LOCKED;floor=5.35 peak=12.60;MANAGE_PROFIT;SAFE;1;0;1;-1;-1;4239.95;11.97;11.97;12.60;-5.79;KELLY_LITE;true;0.04;213483.93;0.0417;KELLY_LITE(mult=0.90 taper=1.00 n=6)+CONSEC_REDUCE(0.50)+HARD_RISK_CAP(2.0%)+MAXLOSS_CAP;213474.69;213486.66;33;0
2026.08.06 14:20:00;XAUUSD;5;1786022056;SL_MODIFIED;ticket=118076521 oldSL=4241.74 newSL=4241.76 reason=profit_ratchet_lock_leg_0;MANAGE_PROFIT;SAFE;1;0;1;-1;-1;4239.95;11.34;11.34;12.78;-5.79;KELLY_LITE;true;0.04;213483.93;0.0417;KELLY_LITE(mult=0.90 taper=1.00 n=6)+CONSEC_REDUCE(0.50)+HARD_RISK_CAP(2.0%)+MAXLOSS_CAP;213474.69;213486.03;37;0
2026.08.06 14:20:00;XAUUSD;5;1786022056;PROFIT_RATCHET_LOCKED;floor=5.43 peak=12.78;MANAGE_PROFIT;SAFE;1;0;1;-1;-1;4239.95;11.34;11.34;12.78;-5.79;KELLY_LITE;true;0.04;213483.93;0.0417;KELLY_LITE(mult=0.90 taper=1.00 n=6)+CONSEC_REDUCE(0.50)+HARD_RISK_CAP(2.0%)+MAXLOSS_CAP;213474.69;213486.03;37;0
2026.08.06 14:20:09;XAUUSD;5;1786022056;SL_MODIFIED;ticket=118076521 oldSL=4241.76 newSL=4241.79 reason=profit_ratchet_lock_leg_0;MANAGE_PROFIT;SAFE;1;0;1;-1;-1;4239.95;12.78;12.78;12.96;-5.79;KELLY_LITE;true;0.04;213483.93;0.0417;KELLY_LITE(mult=0.90 taper=1.00 n=6)+CONSEC_REDUCE(0.50)+HARD_RISK_CAP(2.0%)+MAXLOSS_CAP;213474.69;213487.47;36;0
2026.08.06 14:20:09;XAUUSD;5;1786022056;PROFIT_RATCHET_LOCKED;floor=5.51 peak=12.96;MANAGE_PROFIT;SAFE;1;0;1;-1;-1;4239.95;12.78;12.78;12.96;-5.79;KELLY_LITE;true;0.04;213483.93;0.0417;KELLY_LITE(mult=0.90 taper=1.00 n=6)+CONSEC_REDUCE(0.50)+HARD_RISK_CAP(2.0%)+MAXLOSS_CAP;213474.69;213487.47;36;0
2026.08.06 14:20:11;XAUUSD;5;1786022056;SL_MODIFIED;ticket=118076521 oldSL=4241.79 newSL=4241.81 reason=profit_ratchet_lock_leg_0;MANAGE_PROFIT;SAFE;1;0;1;-1;-1;4239.95;13.38;13.38;13.11;-5.79;KELLY_LITE;true;0.04;213483.93;0.0417;KELLY_LITE(mult=0.90 taper=1.00 n=6)+CONSEC_REDUCE(0.50)+HARD_RISK_CAP(2.0%)+MAXLOSS_CAP;213474.69;213488.07;36;0
2026.08.06 14:20:11;XAUUSD;5;1786022056;PROFIT_RATCHET_LOCKED;floor=5.57 peak=13.11;MANAGE_PROFIT;SAFE;1;0;1;-1;-1;4239.95;13.38;13.38;13.11;-5.79;KELLY_LITE;true;0.04;213483.93;0.0417;KELLY_LITE(mult=0.90 taper=1.00 n=6)+CONSEC_REDUCE(0.50)+HARD_RISK_CAP(2.0%)+MAXLOSS_CAP;213474.69;213488.07;36;0
2026.08.06 14:20:11;XAUUSD;5;1786022056;SL_MODIFIED;ticket=118076521 oldSL=4241.81 newSL=4241.85 reason=profit_ratchet_lock_leg_0;MANAGE_PROFIT;SAFE;1;0;1;-1;-1;4239.95;13.65;13.65;13.38;-5.79;KELLY_LITE;true;0.04;213483.93;0.0417;KELLY_LITE(mult=0.90 taper=1.00 n=6)+CONSEC_REDUCE(0.50)+HARD_RISK_CAP(2.0%)+MAXLOSS_CAP;213474.69;213488.34;36;0
2026.08.06 14:20:11;XAUUSD;5;1786022056;PROFIT_RATCHET_LOCKED;floor=5.69 peak=13.38;MANAGE_PROFIT;SAFE;1;0;1;-1;-1;4239.95;13.65;13.65;13.38;-5.79;KELLY_LITE;true;0.04;213483.93;0.0417;KELLY_LITE(mult=0.90 taper=1.00 n=6)+CONSEC_REDUCE(0.50)+HARD_RISK_CAP(2.0%)+MAXLOSS_CAP;213474.69;213488.34;36;0
2026.08.06 14:20:12;XAUUSD;5;1786022056;SL_MODIFIED;ticket=118076521 oldSL=4241.85 newSL=4241.88 reason=profit_ratchet_lock_leg_0;MANAGE_PROFIT;SAFE;1;0;1;-1;-1;4239.95;12.72;12.72;13.65;-5.79;KELLY_LITE;true;0.04;213483.93;0.0417;KELLY_LITE(mult=0.90 taper=1.00 n=6)+CONSEC_REDUCE(0.50)+HARD_RISK_CAP(2.0%)+MAXLOSS_CAP;213474.69;213487.41;36;0
2026.08.06 14:20:12;XAUUSD;5;1786022056;PROFIT_RATCHET_LOCKED;floor=5.80 peak=13.65;MANAGE_PROFIT;SAFE;1;0;1;-1;-1;4239.95;12.72;12.72;13.65;-5.79;KELLY_LITE;true;0.04;213483.93;0.0417;KELLY_LITE(mult=0.90 taper=1.00 n=6)+CONSEC_REDUCE(0.50)+HARD_RISK_CAP(2.0%)+MAXLOSS_CAP;213474.69;213487.41;36;0
2026.08.06 14:20:17;XAUUSD;5;1786022056;SL_MODIFIED;ticket=118076521 oldSL=4241.88 newSL=4241.94 reason=profit_ratchet_lock_leg_0;MANAGE_PROFIT;SAFE;1;0;1;-1;-1;4239.95;13.89;14.13;14.04;-5.79;KELLY_LITE;true;0.04;213483.93;0.0417;KELLY_LITE(mult=0.90 taper=1.00 n=6)+CONSEC_REDUCE(0.50)+HARD_RISK_CAP(2.0%)+MAXLOSS_CAP;213474.69;213488.58;36;0
2026.08.06 14:20:17;XAUUSD;5;1786022056;PROFIT_RATCHET_LOCKED;floor=5.97 peak=14.04;MANAGE_PROFIT;SAFE;1;0;1;-1;-1;4239.95;13.89;14.13;14.04;-5.79;KELLY_LITE;true;0.04;213483.93;0.0417;KELLY_LITE(mult=0.90 taper=1.00 n=6)+CONSEC_REDUCE(0.50)+HARD_RISK_CAP(2.0%)+MAXLOSS_CAP;213474.69;213488.58;36;0
2026.08.06 14:20:17;XAUUSD;5;1786022056;SL_MODIFIED;ticket=118076521 oldSL=4241.94 newSL=4241.96 reason=profit_ratchet_lock_leg_0;MANAGE_PROFIT;SAFE;1;0;1;-1;-1;4239.95;14.19;14.19;14.19;-5.79;KELLY_LITE;true;0.04;213483.93;0.0417;KELLY_LITE(mult=0.90 taper=1.00 n=6)+CONSEC_REDUCE(0.50)+HARD_RISK_CAP(2.0%)+MAXLOSS_CAP;213474.69;213488.88;36;0
2026.08.06 14:20:17;XAUUSD;5;1786022056;PROFIT_RATCHET_LOCKED;floor=6.03 peak=14.19;MANAGE_PROFIT;SAFE;1;0;1;-1;-1;4239.95;14.19;14.19;14.19;-5.79;KELLY_LITE;true;0.04;213483.93;0.0417;KELLY_LITE(mult=0.90 taper=1.00 n=6)+CONSEC_REDUCE(0.50)+HARD_RISK_CAP(2.0%)+MAXLOSS_CAP;213474.69;213488.88;36;0
2026.08.06 14:20:18;XAUUSD;5;1786022056;PROFIT_RATCHET_LOCKED;floor=6.07 peak=14.28;MANAGE_PROFIT;SAFE;1;0;1;-1;-1;4239.95;14.28;14.28;14.28;-5.79;KELLY_LITE;true;0.04;213483.93;0.0417;KELLY_LITE(mult=0.90 taper=1.00 n=6)+CONSEC_REDUCE(0.50)+HARD_RISK_CAP(2.0%)+MAXLOSS_CAP;213474.69;213488.97;36;0
2026.08.06 14:20:18;XAUUSD;5;1786022056;SL_MODIFIED;ticket=118076521 oldSL=4241.96 newSL=4241.99 reason=profit_ratchet_lock_leg_0;MANAGE_PROFIT;SAFE;1;0;1;-1;-1;4239.95;14.19;14.19;14.37;-5.79;KELLY_LITE;true;0.04;213483.93;0.0417;KELLY_LITE(mult=0.90 taper=1.00 n=6)+CONSEC_REDUCE(0.50)+HARD_RISK_CAP(2.0%)+MAXLOSS_CAP;213474.69;213488.88;36;0
2026.08.06 14:20:18;XAUUSD;5;1786022056;PROFIT_RATCHET_LOCKED;floor=6.11 peak=14.37;MANAGE_PROFIT;SAFE;1;0;1;-1;-1;4239.95;14.19;14.19;14.37;-5.79;KELLY_LITE;true;0.04;213483.93;0.0417;KELLY_LITE(mult=0.90 taper=1.00 n=6)+CONSEC_REDUCE(0.50)+HARD_RISK_CAP(2.0%)+MAXLOSS_CAP;213474.69;213488.88;36;0
2026.08.06 14:20:19;XAUUSD;5;1786022056;SL_MODIFIED;ticket=118076521 oldSL=4241.99 newSL=4242.04 reason=profit_ratchet_lock_leg_0;MANAGE_PROFIT;SAFE;1;0;1;-1;-1;4239.95;14.52;14.52;14.73;-5.79;KELLY_LITE;true;0.04;213483.93;0.0417;KELLY_LITE(mult=0.90 taper=1.00 n=6)+CONSEC_REDUCE(0.50)+HARD_RISK_CAP(2.0%)+MAXLOSS_CAP;213474.69;213489.21;36;0
2026.08.06 14:20:19;XAUUSD;5;1786022056;PROFIT_RATCHET_LOCKED;floor=6.26 peak=14.73;MANAGE_PROFIT;SAFE;1;0;1;-1;-1;4239.95;14.52;14.52;14.73;-5.79;KELLY_LITE;true;0.04;213483.93;0.0417;KELLY_LITE(mult=0.90 taper=1.00 n=6)+CONSEC_REDUCE(0.50)+HARD_RISK_CAP(2.0%)+MAXLOSS_CAP;213474.69;213489.21;36;0
2026.08.06 14:20:20;XAUUSD;5;1786022056;PROFIT_RATCHET_LOCKED;floor=6.30 peak=14.82;MANAGE_PROFIT;SAFE;1;0;1;-1;-1;4239.95;14.82;14.82;14.82;-5.79;KELLY_LITE;true;0.04;213483.93;0.0417;KELLY_LITE(mult=0.90 taper=1.00 n=6)+CONSEC_REDUCE(0.50)+HARD_RISK_CAP(2.0%)+MAXLOSS_CAP;213474.69;213489.51;36;0
2026.08.06 14:20:21;XAUUSD;5;1786022056;SL_MODIFIED;ticket=118076521 oldSL=4242.04 newSL=4242.08 reason=profit_ratchet_lock_leg_0;MANAGE_PROFIT;SAFE;1;0;1;-1;-1;4239.95;14.97;14.97;15.03;-5.79;KELLY_LITE;true;0.04;213483.93;0.0417;KELLY_LITE(mult=0.90 taper=1.00 n=6)+CONSEC_REDUCE(0.50)+HARD_RISK_CAP(2.0%)+MAXLOSS_CAP;213474.69;213489.66;37;0
2026.08.06 14:20:21;XAUUSD;5;1786022056;PROFIT_RATCHET_LOCKED;floor=6.39 peak=15.03;MANAGE_PROFIT;SAFE;1;0;1;-1;-1;4239.95;14.97;14.97;15.03;-5.79;KELLY_LITE;true;0.04;213483.93;0.0417;KELLY_LITE(mult=0.90 taper=1.00 n=6)+CONSEC_REDUCE(0.50)+HARD_RISK_CAP(2.0%)+MAXLOSS_CAP;213474.69;213489.66;37;0
2026.08.06 14:20:25;XAUUSD;5;1786022056;SL_MODIFIED;ticket=118076521 oldSL=4242.08 newSL=4242.15 reason=profit_ratchet_lock_leg_0;MANAGE_PROFIT;SAFE;1;0;1;-1;-1;4239.95;16.32;16.32;15.54;-5.79;KELLY_LITE;true;0.04;213483.93;0.0417;KELLY_LITE(mult=0.90 taper=1.00 n=6)+CONSEC_REDUCE(0.50)+HARD_RISK_CAP(2.0%)+MAXLOSS_CAP;213474.69;213491.01;36;0
2026.08.06 14:20:25;XAUUSD;5;1786022056;PROFIT_RATCHET_LOCKED;floor=6.60 peak=15.54;MANAGE_PROFIT;SAFE;1;0;1;-1;-1;4239.95;16.32;16.32;15.54;-5.79;KELLY_LITE;true;0.04;213483.93;0.0417;KELLY_LITE(mult=0.90 taper=1.00 n=6)+CONSEC_REDUCE(0.50)+HARD_RISK_CAP(2.0%)+MAXLOSS_CAP;213474.69;213491.01;36;0
2026.08.06 14:20:26;XAUUSD;5;1786022056;SL_MODIFIED;ticket=118076521 oldSL=4242.15 newSL=4242.26 reason=profit_ratchet_lock_leg_0;MANAGE_PROFIT;SAFE;1;0;1;-1;-1;4239.95;16.50;16.50;16.32;-5.79;KELLY_LITE;true;0.04;213483.93;0.0417;KELLY_LITE(mult=0.90 taper=1.00 n=6)+CONSEC_REDUCE(0.50)+HARD_RISK_CAP(2.0%)+MAXLOSS_CAP;213474.69;213491.19;36;0
2026.08.06 14:20:26;XAUUSD;5;1786022056;PROFIT_RATCHET_LOCKED;floor=6.94 peak=16.32;MANAGE_PROFIT;SAFE;1;0;1;-1;-1;4239.95;16.50;16.50;16.32;-5.79;KELLY_LITE;true;0.04;213483.93;0.0417;KELLY_LITE(mult=0.90 taper=1.00 n=6)+CONSEC_REDUCE(0.50)+HARD_RISK_CAP(2.0%)+MAXLOSS_CAP;213474.69;213491.19;36;0
2026.08.06 14:20:26;XAUUSD;5;1786022056;SL_MODIFIED;ticket=118076521 oldSL=4242.26 newSL=4242.29 reason=profit_ratchet_lock_leg_0;MANAGE_PROFIT;SAFE;1;0;1;-1;-1;4239.95;17.49;17.34;16.50;-5.79;KELLY_LITE;true;0.04;213483.93;0.0417;KELLY_LITE(mult=0.90 taper=1.00 n=6)+CONSEC_REDUCE(0.50)+HARD_RISK_CAP(2.0%)+MAXLOSS_CAP;213474.69;213492.18;37;0
2026.08.06 14:20:26;XAUUSD;5;1786022056;PROFIT_RATCHET_LOCKED;floor=7.01 peak=16.50;MANAGE_PROFIT;SAFE;1;0;1;-1;-1;4239.95;17.49;17.34;16.50;-5.79;KELLY_LITE;true;0.04;213483.93;0.0417;KELLY_LITE(mult=0.90 taper=1.00 n=6)+CONSEC_REDUCE(0.50)+HARD_RISK_CAP(2.0%)+MAXLOSS_CAP;213474.69;213492.18;37;0
2026.08.06 14:20:27;XAUUSD;5;1786022056;SL_MODIFIED;ticket=118076521 oldSL=4242.29 newSL=4242.43 reason=profit_ratchet_lock_leg_0;MANAGE_PROFIT;SAFE;1;0;1;-1;-1;4239.95;17.91;17.91;17.49;-5.79;KELLY_LITE;true;0.04;213483.93;0.0417;KELLY_LITE(mult=0.90 taper=1.00 n=6)+CONSEC_REDUCE(0.50)+HARD_RISK_CAP(2.0%)+MAXLOSS_CAP;213474.69;213492.60;37;0
2026.08.06 14:20:27;XAUUSD;5;1786022056;PROFIT_RATCHET_LOCKED;floor=7.43 peak=17.49;MANAGE_PROFIT;SAFE;1;0;1;-1;-1;4239.95;17.91;17.91;17.49;-5.79;KELLY_LITE;true;0.04;213483.93;0.0417;KELLY_LITE(mult=0.90 taper=1.00 n=6)+CONSEC_REDUCE(0.50)+HARD_RISK_CAP(2.0%)+MAXLOSS_CAP;213474.69;213492.60;37;0
2026.08.06 14:20:28;XAUUSD;5;1786022056;SL_MODIFIED;ticket=118076521 oldSL=4242.43 newSL=4242.49 reason=profit_ratchet_lock_leg_0;MANAGE_PROFIT;SAFE;1;0;1;-1;-1;4239.95;17.88;17.88;17.91;-5.79;KELLY_LITE;true;0.04;213483.93;0.0417;KELLY_LITE(mult=0.90 taper=1.00 n=6)+CONSEC_REDUCE(0.50)+HARD_RISK_CAP(2.0%)+MAXLOSS_CAP;213474.69;213492.57;36;0
2026.08.06 14:20:28;XAUUSD;5;1786022056;PROFIT_RATCHET_LOCKED;floor=7.61 peak=17.91;MANAGE_PROFIT;SAFE;1;0;1;-1;-1;4239.95;17.88;17.88;17.91;-5.79;KELLY_LITE;true;0.04;213483.93;0.0417;KELLY_LITE(mult=0.90 taper=1.00 n=6)+CONSEC_REDUCE(0.50)+HARD_RISK_CAP(2.0%)+MAXLOSS_CAP;213474.69;213492.57;36;0
2026.08.06 14:20:28;XAUUSD;5;1786022056;SL_MODIFIED;ticket=118076521 oldSL=4242.49 newSL=4242.52 reason=profit_ratchet_lock_leg_0;MANAGE_PROFIT;SAFE;1;0;1;-1;-1;4239.95;17.67;17.67;18.12;-5.79;KELLY_LITE;true;0.04;213483.93;0.0417;KELLY_LITE(mult=0.90 taper=1.00 n=6)+CONSEC_REDUCE(0.50)+HARD_RISK_CAP(2.0%)+MAXLOSS_CAP;213474.69;213492.36;36;0
2026.08.06 14:20:28;XAUUSD;5;1786022056;PROFIT_RATCHET_LOCKED;floor=7.70 peak=18.12;MANAGE_PROFIT;SAFE;1;0;1;-1;-1;4239.95;17.67;17.67;18.12;-5.79;KELLY_LITE;true;0.04;213483.93;0.0417;KELLY_LITE(mult=0.90 taper=1.00 n=6)+CONSEC_REDUCE(0.50)+HARD_RISK_CAP(2.0%)+MAXLOSS_CAP;213474.69;213492.36;36;0
2026.08.06 14:20:29;XAUUSD;5;1786022056;SL_MODIFIED;ticket=118076521 oldSL=4242.52 newSL=4242.56 reason=profit_ratchet_lock_leg_0;MANAGE_PROFIT;SAFE;1;0;1;-1;-1;4239.95;18.27;18.27;18.45;-5.79;KELLY_LITE;true;0.04;213483.93;0.0417;KELLY_LITE(mult=0.90 taper=1.00 n=6)+CONSEC_REDUCE(0.50)+HARD_RISK_CAP(2.0%)+MAXLOSS_CAP;213474.69;213492.96;35;0
2026.08.06 14:20:29;XAUUSD;5;1786022056;PROFIT_RATCHET_LOCKED;floor=7.84 peak=18.45;MANAGE_PROFIT;SAFE;1;0;1;-1;-1;4239.95;18.27;18.27;18.45;-5.79;KELLY_LITE;true;0.04;213483.93;0.0417;KELLY_LITE(mult=0.90 taper=1.00 n=6)+CONSEC_REDUCE(0.50)+HARD_RISK_CAP(2.0%)+MAXLOSS_CAP;213474.69;213492.96;35;0
2026.08.06 14:20:31;XAUUSD;5;1786022056;SL_MODIFIED;ticket=118076521 oldSL=4242.56 newSL=4242.59 reason=profit_ratchet_lock_leg_0;MANAGE_PROFIT;SAFE;1;0;1;-1;-1;4239.95;20.67;20.67;18.63;-5.79;KELLY_LITE;true;0.04;213483.93;0.0417;KELLY_LITE(mult=0.90 taper=1.00 n=6)+CONSEC_REDUCE(0.50)+HARD_RISK_CAP(2.0%)+MAXLOSS_CAP;213474.69;213495.36;33;0
2026.08.06 14:20:31;XAUUSD;5;1786022056;PROFIT_RATCHET_LOCKED;floor=7.92 peak=18.63;MANAGE_PROFIT;SAFE;1;0;1;-1;-1;4239.95;20.67;20.67;18.63;-5.79;KELLY_LITE;true;0.04;213483.93;0.0417;KELLY_LITE(mult=0.90 taper=1.00 n=6)+CONSEC_REDUCE(0.50)+HARD_RISK_CAP(2.0%)+MAXLOSS_CAP;213474.69;213495.36;33;0
2026.08.06 14:20:32;XAUUSD;5;1786022056;SL_MODIFIED;ticket=118076521 oldSL=4242.59 newSL=4242.98 reason=profit_ratchet_lock_leg_0;MANAGE_PROFIT;SAFE;1;0;1;-1;-1;4239.95;19.71;19.71;20.67;-5.79;KELLY_LITE;true;0.04;213483.93;0.0417;KELLY_LITE(mult=0.90 taper=1.00 n=6)+CONSEC_REDUCE(0.50)+HARD_RISK_CAP(2.0%)+MAXLOSS_CAP;213474.69;213494.40;36;0
2026.08.06 14:20:32;XAUUSD;5;1786022056;PROFIT_RATCHET_LOCKED;floor=9.09 peak=20.67;MANAGE_PROFIT;SAFE;1;0;1;-1;-1;4239.95;19.71;19.71;20.67;-5.79;KELLY_LITE;true;0.04;213483.93;0.0417;KELLY_LITE(mult=0.90 taper=1.00 n=6)+CONSEC_REDUCE(0.50)+HARD_RISK_CAP(2.0%)+MAXLOSS_CAP;213474.69;213494.40;36;0
2026.08.06 14:20:36;XAUUSD;5;1786022056;EXIT_TIERED_TRAIL;profit=16.80 peak=20.67 allowedRetrace=2.48;MANAGE_PROFIT;SAFE;1;0;1;-1;-1;4239.95;16.80;16.80;20.67;-5.79;KELLY_LITE;true;0.04;213483.93;0.0417;KELLY_LITE(mult=0.90 taper=1.00 n=6)+CONSEC_REDUCE(0.50)+HARD_RISK_CAP(2.0%)+MAXLOSS_CAP;213474.69;213491.49;33;0
2026.08.06 14:20:37;XAUUSD;5;1786022056;POSITION_CLOSED;ticket=118076521 reason=tiered_profit_trail lots=0.03 price=4245.55 pnl=16.80;MANAGE_PROFIT;SAFE;0;0;1;-1;-1;4239.95;0.00;0.00;20.67;-5.79;KELLY_LITE;true;0.04;213483.93;0.0417;KELLY_LITE(mult=0.90 taper=1.00 n=6)+CONSEC_REDUCE(0.50)+HARD_RISK_CAP(2.0%)+MAXLOSS_CAP;213491.10;213491.10;36;0
2026.08.06 14:20:37;XAUUSD;5;1786022056;CYCLE_RESET;oldState=RESET realizedPnL=7.17 peak=20.67 worst=-5.79 pyramid=0 consLosses=0;RESET;SAFE;0;0;0;-1;-1;4239.95;0.00;0.00;20.67;-5.79;KELLY_LITE;true;0.04;213483.93;0.0417;KELLY_LITE(mult=0.90 taper=1.00 n=6)+CONSEC_REDUCE(0.50)+HARD_RISK_CAP(2.0%)+MAXLOSS_CAP;213491.10;213491.10;36;0
2026.08.06 15:04:40;XAUUSD;5;1786022056;EA_DEINIT;reason=5;BLOCKED;SAFE;0;0;0;-1;-1;0.00;0.00;0.00;0.00;0.00;KELLY_LITE;true;0.04;213483.93;0.0417;KELLY_LITE(mult=0.90 taper=1.00 n=6)+CONSEC_REDUCE(0.50)+HARD_RISK_CAP(2.0%)+MAXLOSS_CAP;213491.10;213491.10;36;0
2026.08.06 15:04:40;XAUUSD;5;1786028680;EA_INIT;V6.48|Preset=AGGRESSIVE|MaxLoss=$50.0 SL=$12.0 RiskPct=1.50|TrailOppPending=ON OppATR=1.0|HedgeEnabled=OFF|DailyDD=4.0% WeeklyLim=$100|AutoLotMode=KELLY_LITE|Session=ALL NewsFilter=OFF (0 times);IDLE;SAFE;0;0;0;-1;-1;0.00;0.00;0.00;0.00;0.00;KELLY_LITE;true;0.04;213483.93;0.0417;KELLY_LITE(mult=0.90 taper=1.00 n=6)+CONSEC_REDUCE(0.50)+HARD_RISK_CAP(2.0%)+MAXLOSS_CAP;213491.10;213491.10;36;0
2026.08.06 15:04:40;XAUUSD;5;1786028680;DAILY_BASELINE_RESTORED;startEquity=213544.66 paused=false hardStop=false;IDLE;SAFE;0;0;0;-1;-1;0.00;0.00;0.00;0.00;0.00;KELLY_LITE;true;0.04;213483.93;0.0417;KELLY_LITE(mult=0.90 taper=1.00 n=6)+CONSEC_REDUCE(0.50)+HARD_RISK_CAP(2.0%)+MAXLOSS_CAP;213491.10;213491.10;36;0
2026.08.06 15:04:40;XAUUSD;5;1786028680;WEEKLY_BASELINE_RESTORED;startEquity=214135.37 paused=false;IDLE;SAFE;0;0;0;-1;-1;0.00;0.00;0.00;0.00;0.00;KELLY_LITE;true;0.04;213483.93;0.0417;KELLY_LITE(mult=0.90 taper=1.00 n=6)+CONSEC_REDUCE(0.50)+HARD_RISK_CAP(2.0%)+MAXLOSS_CAP;213491.10;213491.10;36;0
2026.08.06 15:04:40;XAUUSD;5;1786028681;PLACE_PENDING_START;cycle=1786028681 trend=-1 consecLosses=0 preset=AGGRESSIVE;PLACE_PENDING;SAFE;0;0;0;-1;-1;0.00;0.00;0.00;0.00;0.00;KELLY_LITE;true;0.04;213483.93;0.0417;KELLY_LITE(mult=0.90 taper=1.00 n=6)+CONSEC_REDUCE(0.50)+HARD_RISK_CAP(2.0%)+MAXLOSS_CAP;213491.10;213491.10;33;0
2026.08.06 15:04:41;XAUUSD;5;1786028681;DIR_OCO_PLACED;dir=BEAR ticket=118084858 price=4262.75 sl=4277.75 tp=4240.25 lot=0.04 dist=3.58;PLACE_PENDING;SAFE;0;1;0;-1;118084858;0.00;0.00;0.00;0.00;0.00;KELLY_LITE;true;0.04;213491.10;0.0417;KELLY_LITE(mult=1.00 taper=1.00 n=0)+HARD_RISK_CAP(2.0%)+MAXLOSS_CAP;213491.10;213491.10;36;0
2026.08.06 15:04:41;XAUUSD;5;1786028681;DIR_OCO_COUNTER_PLACED;dir=BULL(counter) ticket=118084860 price=4270.23 lot=0.03;PLACE_PENDING;SAFE;0;2;0;118084860;118084858;0.00;0.00;0.00;0.00;0.00;KELLY_LITE;true;0.04;213491.10;0.0417;KELLY_LITE(mult=1.00 taper=1.00 n=0)+HARD_RISK_CAP(2.0%)+MAXLOSS_CAP;213491.10;213491.10;33;0
2026.08.06 15:04:42;XAUUSD;5;1786028681;SELL_STOP_TRAILED;Old=4262.75 New=4263.28;WAIT_TRIGGER;SAFE;0;2;0;118084860;118084858;0.00;0.00;0.00;0.00;0.00;KELLY_LITE;true;0.04;213491.10;0.0417;KELLY_LITE(mult=1.00 taper=1.00 n=0)+HARD_RISK_CAP(2.0%)+MAXLOSS_CAP;213491.10;213491.10;36;0
2026.08.06 15:04:47;XAUUSD;5;1786028681;BUY_STOP_TRAILED;Old=4270.23 New=4269.89;WAIT_TRIGGER;SAFE;0;2;0;118084860;118084858;0.00;0.00;0.00;0.00;0.00;KELLY_LITE;true;0.04;213491.10;0.0417;KELLY_LITE(mult=1.00 taper=1.00 n=0)+HARD_RISK_CAP(2.0%)+MAXLOSS_CAP;213491.10;213491.10;36;0
2026.08.06 15:04:49;XAUUSD;5;1786028681;BUY_STOP_TRAILED;Old=4269.89 New=4269.42;WAIT_TRIGGER;SAFE;0;2;0;118084860;118084858;0.00;0.00;0.00;0.00;0.00;KELLY_LITE;true;0.04;213491.10;0.0417;KELLY_LITE(mult=1.00 taper=1.00 n=0)+HARD_RISK_CAP(2.0%)+MAXLOSS_CAP;213491.10;213491.10;36;0
2026.08.06 15:04:55;XAUUSD;5;1786028681;SELL_STOP_TRAILED;Old=4263.28 New=4263.60;WAIT_TRIGGER;SAFE;0;2;0;118084860;118084858;0.00;0.00;0.00;0.00;0.00;KELLY_LITE;true;0.04;213491.10;0.0417;KELLY_LITE(mult=1.00 taper=1.00 n=0)+HARD_RISK_CAP(2.0%)+MAXLOSS_CAP;213491.10;213491.10;36;0
2026.08.06 15:05:01;XAUUSD;5;1786028681;SELL_STOP_TRAILED;Old=4263.60 New=4263.94;WAIT_TRIGGER;SAFE;0;2;0;118084860;118084858;0.00;0.00;0.00;0.00;0.00;KELLY_LITE;true;0.04;213491.10;0.0417;KELLY_LITE(mult=1.00 taper=1.00 n=0)+HARD_RISK_CAP(2.0%)+MAXLOSS_CAP;213491.10;213491.10;36;0
2026.08.06 15:05:15;XAUUSD;5;1786028681;BUY_STOP_TRAILED;Old=4269.42 New=4269.10;WAIT_TRIGGER;SAFE;0;2;0;118084860;118084858;0.00;0.00;0.00;0.00;0.00;KELLY_LITE;true;0.04;213491.10;0.0417;KELLY_LITE(mult=1.00 taper=1.00 n=0)+HARD_RISK_CAP(2.0%)+MAXLOSS_CAP;213491.10;213491.10;36;0
2026.08.06 15:05:17;XAUUSD;5;1786028681;BUY_STOP_TRAILED;Old=4269.10 New=4268.64;WAIT_TRIGGER;SAFE;0;2;0;118084860;118084858;0.00;0.00;0.00;0.00;0.00;KELLY_LITE;true;0.04;213491.10;0.0417;KELLY_LITE(mult=1.00 taper=1.00 n=0)+HARD_RISK_CAP(2.0%)+MAXLOSS_CAP;213491.10;213491.10;36;0
2026.08.06 15:05:18;XAUUSD;5;1786028681;BUY_STOP_TRAILED;Old=4268.64 New=4268.00;WAIT_TRIGGER;SAFE;0;2;0;118084860;118084858;0.00;0.00;0.00;0.00;0.00;KELLY_LITE;true;0.04;213491.10;0.0417;KELLY_LITE(mult=1.00 taper=1.00 n=0)+HARD_RISK_CAP(2.0%)+MAXLOSS_CAP;213491.10;213491.10;35;0
2026.08.06 15:05:50;XAUUSD;5;1786028681;OCO_TRIGGERED_BUY;ticket=118084860 entry=4268.00;POSITION_ACTIVE;SAFE;1;1;0;-1;118084858;0.00;0.12;-0.99;0.00;0.00;KELLY_LITE;true;0.04;213491.10;0.0417;KELLY_LITE(mult=1.00 taper=1.00 n=0)+HARD_RISK_CAP(2.0%)+MAXLOSS_CAP;213491.10;213491.22;37;0
2026.08.06 15:05:50;XAUUSD;5;1786028681;OPPOSITE_TRAIL_ARMED;opposite_ticket=118084858 will trail price;POSITION_ACTIVE;SAFE;1;1;0;-1;118084858;0.00;0.12;-0.99;0.00;0.00;KELLY_LITE;true;0.04;213491.10;0.0417;KELLY_LITE(mult=1.00 taper=1.00 n=0)+HARD_RISK_CAP(2.0%)+MAXLOSS_CAP;213491.10;213491.22;37;0
2026.08.06 15:07:48;XAUUSD;5;1786028681;OPPOSITE_PENDING_TRAILED;SELL_STOP trailed UP: ticket=118084858 old=4263.94 new=4264.56 dist=5.38;MANAGE_PROFIT;SAFE;1;1;1;-1;-1;4268.00;6.30;6.30;3.63;-8.40;KELLY_LITE;true;0.04;213491.10;0.0417;KELLY_LITE(mult=1.00 taper=1.00 n=0)+HARD_RISK_CAP(2.0%)+MAXLOSS_CAP;213491.10;213497.40;37;0
2026.08.06 15:07:49;XAUUSD;5;1786028681;OPPOSITE_PENDING_TRAILED;SELL_STOP trailed UP: ticket=118084858 old=4264.56 new=4265.64 dist=5.43;MANAGE_PROFIT;SAFE;1;1;1;-1;-1;4268.00;8.97;8.97;6.30;-8.40;KELLY_LITE;true;0.04;213491.10;0.0417;KELLY_LITE(mult=1.00 taper=1.00 n=0)+HARD_RISK_CAP(2.0%)+MAXLOSS_CAP;213491.10;213500.07;36;0
2026.08.06 15:07:50;XAUUSD;5;1786028681;SL_MODIFIED;ticket=118084860 oldSL=4256.00 newSL=4269.67 reason=break_even_lock_leg_0;MANAGE_PROFIT;SAFE;1;1;1;-1;-1;4268.00;9.39;9.39;8.97;-8.40;KELLY_LITE;true;0.04;213491.10;0.0417;KELLY_LITE(mult=1.00 taper=1.00 n=0)+HARD_RISK_CAP(2.0%)+MAXLOSS_CAP;213491.10;213500.49;33;0
2026.08.06 15:07:50;XAUUSD;5;1786028681;PROFIT_RATCHET_LOCKED;floor=3.81 peak=8.97;MANAGE_PROFIT;SAFE;1;1;1;-1;-1;4268.00;9.39;9.39;8.97;-8.40;KELLY_LITE;true;0.04;213491.10;0.0417;KELLY_LITE(mult=1.00 taper=1.00 n=0)+HARD_RISK_CAP(2.0%)+MAXLOSS_CAP;213491.10;213500.49;33;0
2026.08.06 15:07:50;XAUUSD;5;1786028681;PROFIT_RATCHET_LOCKED;floor=3.99 peak=9.39;MANAGE_PROFIT;SAFE;1;1;1;-1;-1;4268.00;9.39;9.39;9.39;-8.40;KELLY_LITE;true;0.04;213491.10;0.0417;KELLY_LITE(mult=1.00 taper=1.00 n=0)+HARD_RISK_CAP(2.0%)+MAXLOSS_CAP;213491.10;213500.49;33;0
2026.08.06 15:07:50;XAUUSD;5;1786028681;PROFIT_RATCHET_LOCKED;floor=3.99 peak=9.39;MANAGE_PROFIT;SAFE;1;1;1;-1;-1;4268.00;8.79;8.79;9.39;-8.40;KELLY_LITE;true;0.04;213491.10;0.0417;KELLY_LITE(mult=1.00 taper=1.00 n=0)+HARD_RISK_CAP(2.0%)+MAXLOSS_CAP;213491.10;213499.89;33;0
2026.08.06 15:07:50;XAUUSD;5;1786028681;PROFIT_RATCHET_LOCKED;floor=3.99 peak=9.39;MANAGE_PROFIT;SAFE;1;1;1;-1;-1;4268.00;8.49;8.49;9.39;-8.40;KELLY_LITE;true;0.04;213491.10;0.0417;KELLY_LITE(mult=1.00 taper=1.00 n=0)+HARD_RISK_CAP(2.0%)+MAXLOSS_CAP;213491.10;213499.59;33;0
2026.08.06 15:07:50;XAUUSD;5;1786028681;PROFIT_RATCHET_LOCKED;floor=3.99 peak=9.39;MANAGE_PROFIT;SAFE;1;1;1;-1;-1;4268.00;8.31;8.31;9.39;-8.40;KELLY_LITE;true;0.04;213491.10;0.0417;KELLY_LITE(mult=1.00 taper=1.00 n=0)+HARD_RISK_CAP(2.0%)+MAXLOSS_CAP;213491.10;213499.41;33;0
2026.08.06 15:07:51;XAUUSD;5;1786028681;PROFIT_RATCHET_LOCKED;floor=3.99 peak=9.39;MANAGE_PROFIT;SAFE;1;1;1;-1;-1;4268.00;8.19;8.19;9.39;-8.40;KELLY_LITE;true;0.04;213491.10;0.0417;KELLY_LITE(mult=1.00 taper=1.00 n=0)+HARD_RISK_CAP(2.0%)+MAXLOSS_CAP;213491.10;213499.29;33;0
2026.08.06 15:07:51;XAUUSD;5;1786028681;EXIT_TIERED_TRAIL;profit=7.41 peak=9.39 allowedRetrace=1.41;MANAGE_PROFIT;SAFE;1;1;1;-1;-1;4268.00;7.41;7.41;9.39;-8.40;KELLY_LITE;true;0.04;213491.10;0.0417;KELLY_LITE(mult=1.00 taper=1.00 n=0)+HARD_RISK_CAP(2.0%)+MAXLOSS_CAP;213491.10;213498.51;33;0
2026.08.06 15:07:51;XAUUSD;5;1786028681;POSITION_CLOSED;ticket=118084860 reason=tiered_profit_trail lots=0.03 price=4270.47 pnl=7.41;MANAGE_PROFIT;SAFE;0;1;1;-1;-1;4268.00;0.00;0.00;9.39;-8.40;KELLY_LITE;true;0.04;213491.10;0.0417;KELLY_LITE(mult=1.00 taper=1.00 n=0)+HARD_RISK_CAP(2.0%)+MAXLOSS_CAP;213498.42;213498.42;33;0
2026.08.06 15:07:52;XAUUSD;5;1786028681;PENDING_DELETED;ticket=118084858 reason=close_all_cleanup;MANAGE_PROFIT;SAFE;0;0;1;-1;-1;4268.00;0.00;0.00;9.39;-8.40;KELLY_LITE;true;0.04;213491.10;0.0417;KELLY_LITE(mult=1.00 taper=1.00 n=0)+HARD_RISK_CAP(2.0%)+MAXLOSS_CAP;213498.42;213498.42;33;0
2026.08.06 15:07:52;XAUUSD;5;1786028681;CYCLE_RESET;oldState=RESET realizedPnL=7.32 peak=9.39 worst=-8.40 pyramid=0 consLosses=0;RESET;SAFE;0;0;0;-1;-1;4268.00;0.00;0.00;9.39;-8.40;KELLY_LITE;true;0.04;213491.10;0.0417;KELLY_LITE(mult=1.00 taper=1.00 n=0)+HARD_RISK_CAP(2.0%)+MAXLOSS_CAP;213498.42;213498.42;33;0
2026.08.06 15:12:52;XAUUSD;5;1786028682;PLACE_PENDING_START;cycle=1786028682 trend=-1 consecLosses=0 preset=AGGRESSIVE;PLACE_PENDING;SAFE;0;0;0;-1;-1;0.00;0.00;0.00;0.00;0.00;KELLY_LITE;true;0.04;213491.10;0.0417;KELLY_LITE(mult=1.00 taper=1.00 n=0)+HARD_RISK_CAP(2.0%)+MAXLOSS_CAP;213498.42;213498.42;33;0
2026.08.06 15:12:52;XAUUSD;5;1786028682;DIR_OCO_PLACED;dir=BEAR ticket=118086278 price=4271.08 sl=4286.08 tp=4248.58 lot=0.04 dist=3.75;PLACE_PENDING;SAFE;0;1;0;-1;118086278;0.00;0.00;0.00;0.00;0.00;KELLY_LITE;true;0.04;213498.42;0.0417;KELLY_LITE(mult=1.00 taper=1.00 n=1)+HARD_RISK_CAP(2.0%)+MAXLOSS_CAP;213498.42;213498.42;36;0
2026.08.06 15:12:53;XAUUSD;5;1786028682;DIR_OCO_COUNTER_PLACED;dir=BULL(counter) ticket=118086279 price=4278.90 lot=0.03;PLACE_PENDING;SAFE;0;2;0;118086279;118086278;0.00;0.00;0.00;0.00;0.00;KELLY_LITE;true;0.04;213498.42;0.0417;KELLY_LITE(mult=1.00 taper=1.00 n=1)+HARD_RISK_CAP(2.0%)+MAXLOSS_CAP;213498.42;213498.42;36;0
2026.08.06 15:12:53;XAUUSD;5;1786028682;SELL_STOP_TRAILED;Old=4271.08 New=4271.45;WAIT_TRIGGER;SAFE;0;2;0;118086279;118086278;0.00;0.00;0.00;0.00;0.00;KELLY_LITE;true;0.04;213498.42;0.0417;KELLY_LITE(mult=1.00 taper=1.00 n=1)+HARD_RISK_CAP(2.0%)+MAXLOSS_CAP;213498.42;213498.42;33;0
2026.08.06 15:12:59;XAUUSD;5;1786028682;BUY_STOP_TRAILED;Old=4278.90 New=4278.55;WAIT_TRIGGER;SAFE;0;2;0;118086279;118086278;0.00;0.00;0.00;0.00;0.00;KELLY_LITE;true;0.04;213498.42;0.0417;KELLY_LITE(mult=1.00 taper=1.00 n=1)+HARD_RISK_CAP(2.0%)+MAXLOSS_CAP;213498.42;213498.42;36;0
2026.08.06 15:13:01;XAUUSD;5;1786028682;BUY_STOP_TRAILED;Old=4278.55 New=4278.05;WAIT_TRIGGER;SAFE;0;2;0;118086279;118086278;0.00;0.00;0.00;0.00;0.00;KELLY_LITE;true;0.04;213498.42;0.0417;KELLY_LITE(mult=1.00 taper=1.00 n=1)+HARD_RISK_CAP(2.0%)+MAXLOSS_CAP;213498.42;213498.42;33;0
2026.08.06 15:13:05;XAUUSD;5;1786028682;BUY_STOP_TRAILED;Old=4278.05 New=4277.59;WAIT_TRIGGER;SAFE;0;2;0;118086279;118086278;0.00;0.00;0.00;0.00;0.00;KELLY_LITE;true;0.04;213498.42;0.0417;KELLY_LITE(mult=1.00 taper=1.00 n=1)+HARD_RISK_CAP(2.0%)+MAXLOSS_CAP;213498.42;213498.42;33;0
2026.08.06 15:13:06;XAUUSD;5;1786028682;BUY_STOP_TRAILED;Old=4277.59 New=4277.26;WAIT_TRIGGER;SAFE;0;2;0;118086279;118086278;0.00;0.00;0.00;0.00;0.00;KELLY_LITE;true;0.04;213498.42;0.0417;KELLY_LITE(mult=1.00 taper=1.00 n=1)+HARD_RISK_CAP(2.0%)+MAXLOSS_CAP;213498.42;213498.42;36;0
2026.08.06 15:13:11;XAUUSD;5;1786028682;BUY_STOP_TRAILED;Old=4277.26 New=4276.79;WAIT_TRIGGER;SAFE;0;2;0;118086279;118086278;0.00;0.00;0.00;0.00;0.00;KELLY_LITE;true;0.04;213498.42;0.0417;KELLY_LITE(mult=1.00 taper=1.00 n=1)+HARD_RISK_CAP(2.0%)+MAXLOSS_CAP;213498.42;213498.42;34;0
2026.08.06 15:13:33;XAUUSD;5;1786028682;BUY_STOP_TRAILED;Old=4276.79 New=4276.39;WAIT_TRIGGER;SAFE;0;2;0;118086279;118086278;0.00;0.00;0.00;0.00;0.00;KELLY_LITE;true;0.04;213498.42;0.0417;KELLY_LITE(mult=1.00 taper=1.00 n=1)+HARD_RISK_CAP(2.0%)+MAXLOSS_CAP;213498.42;213498.42;35;0
2026.08.06 15:13:34;XAUUSD;5;1786028682;BUY_STOP_TRAILED;Old=4276.39 New=4275.98;WAIT_TRIGGER;SAFE;0;2;0;118086279;118086278;0.00;0.00;0.00;0.00;0.00;KELLY_LITE;true;0.04;213498.42;0.0417;KELLY_LITE(mult=1.00 taper=1.00 n=1)+HARD_RISK_CAP(2.0%)+MAXLOSS_CAP;213498.42;213498.42;35;0
2026.08.06 15:13:36;XAUUSD;5;1786028682;OCO_TRIGGERED_SELL;ticket=118086278 entry=4271.45;POSITION_ACTIVE;SAFE;1;1;0;118086279;-1;0.00;0.12;-1.20;0.00;0.00;KELLY_LITE;true;0.04;213498.42;0.0417;KELLY_LITE(mult=1.00 taper=1.00 n=1)+HARD_RISK_CAP(2.0%)+MAXLOSS_CAP;213498.42;213498.54;33;0
2026.08.06 15:13:36;XAUUSD;5;1786028682;OPPOSITE_TRAIL_ARMED;opposite_ticket=118086279 will trail price;POSITION_ACTIVE;SAFE;1;1;0;118086279;-1;0.00;0.12;-1.20;0.00;0.00;KELLY_LITE;true;0.04;213498.42;0.0417;KELLY_LITE(mult=1.00 taper=1.00 n=1)+HARD_RISK_CAP(2.0%)+MAXLOSS_CAP;213498.42;213498.54;33;0
2026.08.06 15:14:44;XAUUSD;5;1786028682;SL_MODIFIED;ticket=118086278 oldSL=4283.45 newSL=4270.20 reason=break_even_lock_leg_0;MANAGE_PROFIT;SAFE;1;1;1;-1;-1;4271.45;9.24;9.20;10.36;-6.40;KELLY_LITE;true;0.04;213498.42;0.0417;KELLY_LITE(mult=1.00 taper=1.00 n=1)+HARD_RISK_CAP(2.0%)+MAXLOSS_CAP;213498.42;213507.66;35;0
2026.08.06 15:14:44;XAUUSD;5;1786028682;PROFIT_RATCHET_LOCKED;floor=3.50 peak=10.36;MANAGE_PROFIT;SAFE;1;1;1;-1;-1;4271.45;9.24;9.20;10.36;-6.40;KELLY_LITE;true;0.04;213498.42;0.0417;KELLY_LITE(mult=1.00 taper=1.00 n=1)+HARD_RISK_CAP(2.0%)+MAXLOSS_CAP;213498.42;213507.66;35;0
2026.08.06 15:14:44;XAUUSD;5;1786028682;PROFIT_RATCHET_LOCKED;floor=3.50 peak=10.36;MANAGE_PROFIT;SAFE;1;1;1;-1;-1;4271.45;9.24;9.20;10.36;-6.40;KELLY_LITE;true;0.04;213498.42;0.0417;KELLY_LITE(mult=1.00 taper=1.00 n=1)+HARD_RISK_CAP(2.0%)+MAXLOSS_CAP;213498.42;213507.66;35;0
2026.08.06 15:14:44;XAUUSD;5;1786028682;PROFIT_RATCHET_LOCKED;floor=3.50 peak=10.36;MANAGE_PROFIT;SAFE;1;1;1;-1;-1;4271.45;8.72;8.72;10.36;-6.40;KELLY_LITE;true;0.04;213498.42;0.0417;KELLY_LITE(mult=1.00 taper=1.00 n=1)+HARD_RISK_CAP(2.0%)+MAXLOSS_CAP;213498.42;213507.14;36;0
2026.08.06 15:14:45;XAUUSD;5;1786028682;PROFIT_RATCHET_LOCKED;floor=3.50 peak=10.36;MANAGE_PROFIT;SAFE;1;1;1;-1;-1;4271.45;8.56;8.56;10.36;-6.40;KELLY_LITE;true;0.04;213498.42;0.0417;KELLY_LITE(mult=1.00 taper=1.00 n=1)+HARD_RISK_CAP(2.0%)+MAXLOSS_CAP;213498.42;213506.98;36;0
2026.08.06 15:14:45;XAUUSD;5;1786028682;PROFIT_RATCHET_LOCKED;floor=3.50 peak=10.36;MANAGE_PROFIT;SAFE;1;1;1;-1;-1;4271.45;8.68;8.68;10.36;-6.40;KELLY_LITE;true;0.04;213498.42;0.0417;KELLY_LITE(mult=1.00 taper=1.00 n=1)+HARD_RISK_CAP(2.0%)+MAXLOSS_CAP;213498.42;213507.10;36;0
2026.08.06 15:14:45;XAUUSD;5;1786028682;PROFIT_RATCHET_LOCKED;floor=3.50 peak=10.36;MANAGE_PROFIT;SAFE;1;1;1;-1;-1;4271.45;8.40;8.40;10.36;-6.40;KELLY_LITE;true;0.04;213498.42;0.0417;KELLY_LITE(mult=1.00 taper=1.00 n=1)+HARD_RISK_CAP(2.0%)+MAXLOSS_CAP;213498.42;213506.82;36;0
2026.08.06 15:14:45;XAUUSD;5;1786028682;PROFIT_RATCHET_LOCKED;floor=3.50 peak=10.36;MANAGE_PROFIT;SAFE;1;1;1;-1;-1;4271.45;8.52;8.52;10.36;-6.40;KELLY_LITE;true;0.04;213498.42;0.0417;KELLY_LITE(mult=1.00 taper=1.00 n=1)+HARD_RISK_CAP(2.0%)+MAXLOSS_CAP;213498.42;213506.94;36;0
2026.08.06 15:14:45;XAUUSD;5;1786028682;PROFIT_RATCHET_LOCKED;floor=3.50 peak=10.36;MANAGE_PROFIT;SAFE;1;1;1;-1;-1;4271.45;8.28;8.28;10.36;-6.40;KELLY_LITE;true;0.04;213498.42;0.0417;KELLY_LITE(mult=1.00 taper=1.00 n=1)+HARD_RISK_CAP(2.0%)+MAXLOSS_CAP;213498.42;213506.70;36;0
2026.08.06 15:14:46;XAUUSD;5;1786028682;PROFIT_RATCHET_LOCKED;floor=3.50 peak=10.36;MANAGE_PROFIT;SAFE;1;1;1;-1;-1;4271.45;8.36;8.36;10.36;-6.40;KELLY_LITE;true;0.04;213498.42;0.0417;KELLY_LITE(mult=1.00 taper=1.00 n=1)+HARD_RISK_CAP(2.0%)+MAXLOSS_CAP;213498.42;213506.78;36;0
2026.08.06 15:14:46;XAUUSD;5;1786028682;PROFIT_RATCHET_LOCKED;floor=3.50 peak=10.36;MANAGE_PROFIT;SAFE;1;1;1;-1;-1;4271.45;7.76;7.76;10.36;-6.40;KELLY_LITE;true;0.04;213498.42;0.0417;KELLY_LITE(mult=1.00 taper=1.00 n=1)+HARD_RISK_CAP(2.0%)+MAXLOSS_CAP;213498.42;213506.18;36;0
2026.08.06 15:14:46;XAUUSD;5;1786028682;PROFIT_RATCHET_LOCKED;floor=3.50 peak=10.36;MANAGE_PROFIT;SAFE;1;1;1;-1;-1;4271.45;8.00;8.00;10.36;-6.40;KELLY_LITE;true;0.04;213498.42;0.0417;KELLY_LITE(mult=1.00 taper=1.00 n=1)+HARD_RISK_CAP(2.0%)+MAXLOSS_CAP;213498.42;213506.42;36;0
2026.08.06 15:14:46;XAUUSD;5;1786028682;PROFIT_RATCHET_LOCKED;floor=3.50 peak=10.36;MANAGE_PROFIT;SAFE;1;1;1;-1;-1;4271.45;7.40;7.40;10.36;-6.40;KELLY_LITE;true;0.04;213498.42;0.0417;KELLY_LITE(mult=1.00 taper=1.00 n=1)+HARD_RISK_CAP(2.0%)+MAXLOSS_CAP;213498.42;213505.82;36;0
2026.08.06 15:14:46;XAUUSD;5;1786028682;PROFIT_RATCHET_LOCKED;floor=3.50 peak=10.36;MANAGE_PROFIT;SAFE;1;1;1;-1;-1;4271.45;8.40;8.40;10.36;-6.40;KELLY_LITE;true;0.04;213498.42;0.0417;KELLY_LITE(mult=1.00 taper=1.00 n=1)+HARD_RISK_CAP(2.0%)+MAXLOSS_CAP;213498.42;213506.82;33;0
2026.08.06 15:14:47;XAUUSD;5;1786028682;PROFIT_RATCHET_LOCKED;floor=3.50 peak=10.36;MANAGE_PROFIT;SAFE;1;1;1;-1;-1;4271.45;9.04;9.04;10.36;-6.40;KELLY_LITE;true;0.04;213498.42;0.0417;KELLY_LITE(mult=1.00 taper=1.00 n=1)+HARD_RISK_CAP(2.0%)+MAXLOSS_CAP;213498.42;213507.46;36;0
2026.08.06 15:14:47;XAUUSD;5;1786028682;PROFIT_RATCHET_LOCKED;floor=3.50 peak=10.36;MANAGE_PROFIT;SAFE;1;1;1;-1;-1;4271.45;9.60;9.60;10.36;-6.40;KELLY_LITE;true;0.04;213498.42;0.0417;KELLY_LITE(mult=1.00 taper=1.00 n=1)+HARD_RISK_CAP(2.0%)+MAXLOSS_CAP;213498.42;213508.02;36;0
2026.08.06 15:14:47;XAUUSD;5;1786028682;PROFIT_RATCHET_LOCKED;floor=3.50 peak=10.36;MANAGE_PROFIT;SAFE;1;1;1;-1;-1;4271.45;9.52;9.52;10.36;-6.40;KELLY_LITE;true;0.04;213498.42;0.0417;KELLY_LITE(mult=1.00 taper=1.00 n=1)+HARD_RISK_CAP(2.0%)+MAXLOSS_CAP;213498.42;213507.94;36;0
2026.08.06 15:14:47;XAUUSD;5;1786028682;PROFIT_RATCHET_LOCKED;floor=3.50 peak=10.36;MANAGE_PROFIT;SAFE;1;1;1;-1;-1;4271.45;10.08;10.08;10.36;-6.40;KELLY_LITE;true;0.04;213498.42;0.0417;KELLY_LITE(mult=1.00 taper=1.00 n=1)+HARD_RISK_CAP(2.0%)+MAXLOSS_CAP;213498.42;213508.50;36;0
2026.08.06 15:14:47;XAUUSD;5;1786028682;PROFIT_RATCHET_LOCKED;floor=3.50 peak=10.36;MANAGE_PROFIT;SAFE;1;1;1;-1;-1;4271.45;9.88;9.88;10.36;-6.40;KELLY_LITE;true;0.04;213498.42;0.0417;KELLY_LITE(mult=1.00 taper=1.00 n=1)+HARD_RISK_CAP(2.0%)+MAXLOSS_CAP;213498.42;213508.30;36;0
2026.08.06 15:14:48;XAUUSD;5;1786028682;PROFIT_RATCHET_LOCKED;floor=3.50 peak=10.36;MANAGE_PROFIT;SAFE;1;1;1;-1;-1;4271.45;9.56;9.56;10.36;-6.40;KELLY_LITE;true;0.04;213498.42;0.0417;KELLY_LITE(mult=1.00 taper=1.00 n=1)+HARD_RISK_CAP(2.0%)+MAXLOSS_CAP;213498.42;213507.98;36;0
2026.08.06 15:14:48;XAUUSD;5;1786028682;PROFIT_RATCHET_LOCKED;floor=3.50 peak=10.36;MANAGE_PROFIT;SAFE;1;1;1;-1;-1;4271.45;9.84;9.84;10.36;-6.40;KELLY_LITE;true;0.04;213498.42;0.0417;KELLY_LITE(mult=1.00 taper=1.00 n=1)+HARD_RISK_CAP(2.0%)+MAXLOSS_CAP;213498.42;213508.26;36;0
2026.08.06 15:14:48;XAUUSD;5;1786028682;PROFIT_RATCHET_LOCKED;floor=3.50 peak=10.36;MANAGE_PROFIT;SAFE;1;1;1;-1;-1;4271.45;9.72;9.72;10.36;-6.40;KELLY_LITE;true;0.04;213498.42;0.0417;KELLY_LITE(mult=1.00 taper=1.00 n=1)+HARD_RISK_CAP(2.0%)+MAXLOSS_CAP;213498.42;213508.14;36;0
2026.08.06 15:14:48;XAUUSD;5;1786028682;PROFIT_RATCHET_LOCKED;floor=3.50 peak=10.36;MANAGE_PROFIT;SAFE;1;1;1;-1;-1;4271.45;9.64;9.64;10.36;-6.40;KELLY_LITE;true;0.04;213498.42;0.0417;KELLY_LITE(mult=1.00 taper=1.00 n=1)+HARD_RISK_CAP(2.0%)+MAXLOSS_CAP;213498.42;213508.06;36;0
2026.08.06 15:14:49;XAUUSD;5;1786028682;PROFIT_RATCHET_LOCKED;floor=3.50 peak=10.36;MANAGE_PROFIT;SAFE;1;1;1;-1;-1;4271.45;9.64;9.64;10.36;-6.40;KELLY_LITE;true;0.04;213498.42;0.0417;KELLY_LITE(mult=1.00 taper=1.00 n=1)+HARD_RISK_CAP(2.0%)+MAXLOSS_CAP;213498.42;213508.06;33;0
2026.08.06 15:14:49;XAUUSD;5;1786028682;PROFIT_RATCHET_LOCKED;floor=3.50 peak=10.36;MANAGE_PROFIT;SAFE;1;1;1;-1;-1;4271.45;9.76;9.76;10.36;-6.40;KELLY_LITE;true;0.04;213498.42;0.0417;KELLY_LITE(mult=1.00 taper=1.00 n=1)+HARD_RISK_CAP(2.0%)+MAXLOSS_CAP;213498.42;213508.18;36;0
2026.08.06 15:14:49;XAUUSD;5;1786028682;PROFIT_RATCHET_LOCKED;floor=3.50 peak=10.36;MANAGE_PROFIT;SAFE;1;1;1;-1;-1;4271.45;9.80;9.80;10.36;-6.40;KELLY_LITE;true;0.04;213498.42;0.0417;KELLY_LITE(mult=1.00 taper=1.00 n=1)+HARD_RISK_CAP(2.0%)+MAXLOSS_CAP;213498.42;213508.22;36;0
2026.08.06 15:14:49;XAUUSD;5;1786028682;PROFIT_RATCHET_LOCKED;floor=3.50 peak=10.36;MANAGE_PROFIT;SAFE;1;1;1;-1;-1;4271.45;9.68;9.68;10.36;-6.40;KELLY_LITE;true;0.04;213498.42;0.0417;KELLY_LITE(mult=1.00 taper=1.00 n=1)+HARD_RISK_CAP(2.0%)+MAXLOSS_CAP;213498.42;213508.10;36;0
2026.08.06 15:14:50;XAUUSD;5;1786028682;PROFIT_RATCHET_LOCKED;floor=3.85 peak=11.40;MANAGE_PROFIT;SAFE;1;1;1;-1;-1;4271.45;11.40;11.40;11.40;-6.40;KELLY_LITE;true;0.04;213498.42;0.0417;KELLY_LITE(mult=1.00 taper=1.00 n=1)+HARD_RISK_CAP(2.0%)+MAXLOSS_CAP;213498.42;213509.82;33;0
2026.08.06 15:14:50;XAUUSD;5;1786028682;PROFIT_RATCHET_LOCKED;floor=3.85 peak=11.40;MANAGE_PROFIT;SAFE;1;1;1;-1;-1;4271.45;11.40;11.40;11.40;-6.40;KELLY_LITE;true;0.04;213498.42;0.0417;KELLY_LITE(mult=1.00 taper=1.00 n=1)+HARD_RISK_CAP(2.0%)+MAXLOSS_CAP;213498.42;213509.82;36;0
2026.08.06 15:14:50;XAUUSD;5;1786028682;PROFIT_RATCHET_LOCKED;floor=3.85 peak=11.40;MANAGE_PROFIT;SAFE;1;1;1;-1;-1;4271.45;11.20;11.20;11.40;-6.40;KELLY_LITE;true;0.04;213498.42;0.0417;KELLY_LITE(mult=1.00 taper=1.00 n=1)+HARD_RISK_CAP(2.0%)+MAXLOSS_CAP;213498.42;213509.62;36;0
2026.08.06 15:14:50;XAUUSD;5;1786028682;PROFIT_RATCHET_LOCKED;floor=3.85 peak=11.40;MANAGE_PROFIT;SAFE;1;1;1;-1;-1;4271.45;10.68;10.68;11.40;-6.40;KELLY_LITE;true;0.04;213498.42;0.0417;KELLY_LITE(mult=1.00 taper=1.00 n=1)+HARD_RISK_CAP(2.0%)+MAXLOSS_CAP;213498.42;213509.10;36;0
2026.08.06 15:14:50;XAUUSD;5;1786028682;PROFIT_RATCHET_LOCKED;floor=3.85 peak=11.40;MANAGE_PROFIT;SAFE;1;1;1;-1;-1;4271.45;11.04;11.04;11.40;-6.40;KELLY_LITE;true;0.04;213498.42;0.0417;KELLY_LITE(mult=1.00 taper=1.00 n=1)+HARD_RISK_CAP(2.0%)+MAXLOSS_CAP;213498.42;213509.46;36;0
2026.08.06 15:14:51;XAUUSD;5;1786028682;PROFIT_RATCHET_LOCKED;floor=3.85 peak=11.40;MANAGE_PROFIT;SAFE;1;1;1;-1;-1;4271.45;10.84;10.84;11.40;-6.40;KELLY_LITE;true;0.04;213498.42;0.0417;KELLY_LITE(mult=1.00 taper=1.00 n=1)+HARD_RISK_CAP(2.0%)+MAXLOSS_CAP;213498.42;213509.26;36;0
2026.08.06 15:14:51;XAUUSD;5;1786028682;PROFIT_RATCHET_LOCKED;floor=3.85 peak=11.40;MANAGE_PROFIT;SAFE;1;1;1;-1;-1;4271.45;10.80;10.80;11.40;-6.40;KELLY_LITE;true;0.04;213498.42;0.0417;KELLY_LITE(mult=1.00 taper=1.00 n=1)+HARD_RISK_CAP(2.0%)+MAXLOSS_CAP;213498.42;213509.22;35;0
2026.08.06 15:14:51;XAUUSD;5;1786028682;PROFIT_RATCHET_LOCKED;floor=3.85 peak=11.40;MANAGE_PROFIT;SAFE;1;1;1;-1;-1;4271.45;10.96;10.96;11.40;-6.40;KELLY_LITE;true;0.04;213498.42;0.0417;KELLY_LITE(mult=1.00 taper=1.00 n=1)+HARD_RISK_CAP(2.0%)+MAXLOSS_CAP;213498.42;213509.38;36;0
2026.08.06 15:14:51;XAUUSD;5;1786028682;PROFIT_RATCHET_LOCKED;floor=3.85 peak=11.40;MANAGE_PROFIT;SAFE;1;1;1;-1;-1;4271.45;10.72;10.72;11.40;-6.40;KELLY_LITE;true;0.04;213498.42;0.0417;KELLY_LITE(mult=1.00 taper=1.00 n=1)+HARD_RISK_CAP(2.0%)+MAXLOSS_CAP;213498.42;213509.14;36;0
2026.08.06 15:14:51;XAUUSD;5;1786028682;PROFIT_RATCHET_LOCKED;floor=3.85 peak=11.40;MANAGE_PROFIT;SAFE;1;1;1;-1;-1;4271.45;10.68;10.68;11.40;-6.40;KELLY_LITE;true;0.04;213498.42;0.0417;KELLY_LITE(mult=1.00 taper=1.00 n=1)+HARD_RISK_CAP(2.0%)+MAXLOSS_CAP;213498.42;213509.10;36;0
2026.08.06 15:14:52;XAUUSD;5;1786028682;PROFIT_RATCHET_LOCKED;floor=3.85 peak=11.40;MANAGE_PROFIT;SAFE;1;1;1;-1;-1;4271.45;10.72;10.72;11.40;-6.40;KELLY_LITE;true;0.04;213498.42;0.0417;KELLY_LITE(mult=1.00 taper=1.00 n=1)+HARD_RISK_CAP(2.0%)+MAXLOSS_CAP;213498.42;213509.14;36;0
2026.08.06 15:14:52;XAUUSD;5;1786028682;PROFIT_RATCHET_LOCKED;floor=3.85 peak=11.40;MANAGE_PROFIT;SAFE;1;1;1;-1;-1;4271.45;11.12;11.12;11.40;-6.40;KELLY_LITE;true;0.04;213498.42;0.0417;KELLY_LITE(mult=1.00 taper=1.00 n=1)+HARD_RISK_CAP(2.0%)+MAXLOSS_CAP;213498.42;213509.54;36;0
2026.08.06 15:14:52;XAUUSD;5;1786028682;PROFIT_RATCHET_LOCKED;floor=3.85 peak=11.40;MANAGE_PROFIT;SAFE;1;1;1;-1;-1;4271.45;10.96;10.96;11.40;-6.40;KELLY_LITE;true;0.04;213498.42;0.0417;KELLY_LITE(mult=1.00 taper=1.00 n=1)+HARD_RISK_CAP(2.0%)+MAXLOSS_CAP;213498.42;213509.38;36;0
2026.08.06 15:14:53;XAUUSD;5;1786028682;PROFIT_RATCHET_LOCKED;floor=3.85 peak=11.40;MANAGE_PROFIT;SAFE;1;1;1;-1;-1;4271.45;11.04;11.04;11.40;-6.40;KELLY_LITE;true;0.04;213498.42;0.0417;KELLY_LITE(mult=1.00 taper=1.00 n=1)+HARD_RISK_CAP(2.0%)+MAXLOSS_CAP;213498.42;213509.46;36;0
2026.08.06 15:14:53;XAUUSD;5;1786028682;PROFIT_RATCHET_LOCKED;floor=3.85 peak=11.40;MANAGE_PROFIT;SAFE;1;1;1;-1;-1;4271.45;11.28;11.28;11.40;-6.40;KELLY_LITE;true;0.04;213498.42;0.0417;KELLY_LITE(mult=1.00 taper=1.00 n=1)+HARD_RISK_CAP(2.0%)+MAXLOSS_CAP;213498.42;213509.70;33;0
2026.08.06 15:14:53;XAUUSD;5;1786028682;PROFIT_RATCHET_LOCKED;floor=3.90 peak=11.56;MANAGE_PROFIT;SAFE;1;1;1;-1;-1;4271.45;11.56;11.56;11.56;-6.40;KELLY_LITE;true;0.04;213498.42;0.0417;KELLY_LITE(mult=1.00 taper=1.00 n=1)+HARD_RISK_CAP(2.0%)+MAXLOSS_CAP;213498.42;213509.98;36;0
2026.08.06 15:14:53;XAUUSD;5;1786028682;PROFIT_RATCHET_LOCKED;floor=3.90 peak=11.56;MANAGE_PROFIT;SAFE;1;1;1;-1;-1;4271.45;11.48;11.48;11.56;-6.40;KELLY_LITE;true;0.04;213498.42;0.0417;KELLY_LITE(mult=1.00 taper=1.00 n=1)+HARD_RISK_CAP(2.0%)+MAXLOSS_CAP;213498.42;213509.90;36;0
2026.08.06 15:14:54;XAUUSD;5;1786028682;PROFIT_RATCHET_LOCKED;floor=3.98 peak=11.80;MANAGE_PROFIT;SAFE;1;1;1;-1;-1;4271.45;11.80;11.80;11.80;-6.40;KELLY_LITE;true;0.04;213498.42;0.0417;KELLY_LITE(mult=1.00 taper=1.00 n=1)+HARD_RISK_CAP(2.0%)+MAXLOSS_CAP;213498.42;213510.22;36;0
2026.08.06 15:14:54;XAUUSD;5;1786028682;PROFIT_RATCHET_LOCKED;floor=3.98 peak=11.80;MANAGE_PROFIT;SAFE;1;1;1;-1;-1;4271.45;11.00;11.00;11.80;-6.40;KELLY_LITE;true;0.04;213498.42;0.0417;KELLY_LITE(mult=1.00 taper=1.00 n=1)+HARD_RISK_CAP(2.0%)+MAXLOSS_CAP;213498.42;213509.42;36;0
2026.08.06 15:14:54;XAUUSD;5;1786028682;PROFIT_RATCHET_LOCKED;floor=3.98 peak=11.80;MANAGE_PROFIT;SAFE;1;1;1;-1;-1;4271.45;11.04;11.04;11.80;-6.40;KELLY_LITE;true;0.04;213498.42;0.0417;KELLY_LITE(mult=1.00 taper=1.00 n=1)+HARD_RISK_CAP(2.0%)+MAXLOSS_CAP;213498.42;213509.46;36;0
2026.08.06 15:14:54;XAUUSD;5;1786028682;PROFIT_RATCHET_LOCKED;floor=3.98 peak=11.80;MANAGE_PROFIT;SAFE;1;1;1;-1;-1;4271.45;11.44;11.44;11.80;-6.40;KELLY_LITE;true;0.04;213498.42;0.0417;KELLY_LITE(mult=1.00 taper=1.00 n=1)+HARD_RISK_CAP(2.0%)+MAXLOSS_CAP;213498.42;213509.86;33;0
2026.08.06 15:14:55;XAUUSD;5;1786028682;PROFIT_RATCHET_LOCKED;floor=3.98 peak=11.80;MANAGE_PROFIT;SAFE;1;1;1;-1;-1;4271.45;11.68;11.68;11.80;-6.40;KELLY_LITE;true;0.04;213498.42;0.0417;KELLY_LITE(mult=1.00 taper=1.00 n=1)+HARD_RISK_CAP(2.0%)+MAXLOSS_CAP;213498.42;213510.10;36;0
2026.08.06 15:14:55;XAUUSD;5;1786028682;PROFIT_RATCHET_LOCKED;floor=3.98 peak=11.80;MANAGE_PROFIT;SAFE;1;1;1;-1;-1;4271.45;11.64;11.64;11.80;-6.40;KELLY_LITE;true;0.04;213498.42;0.0417;KELLY_LITE(mult=1.00 taper=1.00 n=1)+HARD_RISK_CAP(2.0%)+MAXLOSS_CAP;213498.42;213510.06;36;0
2026.08.06 15:14:55;XAUUSD;5;1786028682;PROFIT_RATCHET_LOCKED;floor=4.00 peak=11.84;MANAGE_PROFIT;SAFE;1;1;1;-1;-1;4271.45;11.84;11.84;11.84;-6.40;KELLY_LITE;true;0.04;213498.42;0.0417;KELLY_LITE(mult=1.00 taper=1.00 n=1)+HARD_RISK_CAP(2.0%)+MAXLOSS_CAP;213498.42;213510.26;36;0
2026.08.06 15:14:55;XAUUSD;5;1786028682;PROFIT_RATCHET_LOCKED;floor=4.00 peak=11.84;MANAGE_PROFIT;SAFE;1;1;1;-1;-1;4271.45;11.64;11.64;11.84;-6.40;KELLY_LITE;true;0.04;213498.42;0.0417;KELLY_LITE(mult=1.00 taper=1.00 n=1)+HARD_RISK_CAP(2.0%)+MAXLOSS_CAP;213498.42;213510.06;36;0
2026.08.06 15:14:56;XAUUSD;5;1786028682;PROFIT_RATCHET_LOCKED;floor=4.00 peak=11.84;MANAGE_PROFIT;SAFE;1;1;1;-1;-1;4271.45;11.72;11.72;11.84;-6.40;KELLY_LITE;true;0.04;213498.42;0.0417;KELLY_LITE(mult=1.00 taper=1.00 n=1)+HARD_RISK_CAP(2.0%)+MAXLOSS_CAP;213498.42;213510.14;36;0
2026.08.06 15:14:56;XAUUSD;5;1786028682;PROFIT_RATCHET_LOCKED;floor=4.00 peak=11.84;MANAGE_PROFIT;SAFE;1;1;1;-1;-1;4271.45;11.76;11.76;11.84;-6.40;KELLY_LITE;true;0.04;213498.42;0.0417;KELLY_LITE(mult=1.00 taper=1.00 n=1)+HARD_RISK_CAP(2.0%)+MAXLOSS_CAP;213498.42;213510.18;36;0
2026.08.06 15:14:56;XAUUSD;5;1786028682;PROFIT_RATCHET_LOCKED;floor=4.12 peak=12.20;MANAGE_PROFIT;SAFE;1;1;1;-1;-1;4271.45;12.20;12.20;12.20;-6.40;KELLY_LITE;true;0.04;213498.42;0.0417;KELLY_LITE(mult=1.00 taper=1.00 n=1)+HARD_RISK_CAP(2.0%)+MAXLOSS_CAP;213498.42;213510.62;36;0
2026.08.06 15:14:57;XAUUSD;5;1786028682;PROFIT_RATCHET_LOCKED;floor=4.12 peak=12.20;MANAGE_PROFIT;SAFE;1;1;1;-1;-1;4271.45;11.92;11.92;12.20;-6.40;KELLY_LITE;true;0.04;213498.42;0.0417;KELLY_LITE(mult=1.00 taper=1.00 n=1)+HARD_RISK_CAP(2.0%)+MAXLOSS_CAP;213498.42;213510.34;36;0
2026.08.06 15:14:57;XAUUSD;5;1786028682;PROFIT_RATCHET_LOCKED;floor=4.12 peak=12.20;MANAGE_PROFIT;SAFE;1;1;1;-1;-1;4271.45;11.64;11.64;12.20;-6.40;KELLY_LITE;true;0.04;213498.42;0.0417;KELLY_LITE(mult=1.00 taper=1.00 n=1)+HARD_RISK_CAP(2.0%)+MAXLOSS_CAP;213498.42;213510.06;36;0
2026.08.06 15:14:57;XAUUSD;5;1786028682;PROFIT_RATCHET_LOCKED;floor=4.12 peak=12.20;MANAGE_PROFIT;SAFE;1;1;1;-1;-1;4271.45;11.56;11.56;12.20;-6.40;KELLY_LITE;true;0.04;213498.42;0.0417;KELLY_LITE(mult=1.00 taper=1.00 n=1)+HARD_RISK_CAP(2.0%)+MAXLOSS_CAP;213498.42;213509.98;36;0
2026.08.06 15:14:57;XAUUSD;5;1786028682;PROFIT_RATCHET_LOCKED;floor=4.12 peak=12.20;MANAGE_PROFIT;SAFE;1;1;1;-1;-1;4271.45;11.44;11.44;12.20;-6.40;KELLY_LITE;true;0.04;213498.42;0.0417;KELLY_LITE(mult=1.00 taper=1.00 n=1)+HARD_RISK_CAP(2.0%)+MAXLOSS_CAP;213498.42;213509.86;36;0
2026.08.06 15:14:57;XAUUSD;5;1786028682;PROFIT_RATCHET_LOCKED;floor=4.12 peak=12.20;MANAGE_PROFIT;SAFE;1;1;1;-1;-1;4271.45;11.40;11.40;12.20;-6.40;KELLY_LITE;true;0.04;213498.42;0.0417;KELLY_LITE(mult=1.00 taper=1.00 n=1)+HARD_RISK_CAP(2.0%)+MAXLOSS_CAP;213498.42;213509.82;36;0
2026.08.06 15:14:58;XAUUSD;5;1786028682;PROFIT_RATCHET_LOCKED;floor=4.12 peak=12.20;MANAGE_PROFIT;SAFE;1;1;1;-1;-1;4271.45;11.48;11.48;12.20;-6.40;KELLY_LITE;true;0.04;213498.42;0.0417;KELLY_LITE(mult=1.00 taper=1.00 n=1)+HARD_RISK_CAP(2.0%)+MAXLOSS_CAP;213498.42;213509.90;36;0
2026.08.06 15:14:58;XAUUSD;5;1786028682;PROFIT_RATCHET_LOCKED;floor=4.12 peak=12.20;MANAGE_PROFIT;SAFE;1;1;1;-1;-1;4271.45;11.60;11.60;12.20;-6.40;KELLY_LITE;true;0.04;213498.42;0.0417;KELLY_LITE(mult=1.00 taper=1.00 n=1)+HARD_RISK_CAP(2.0%)+MAXLOSS_CAP;213498.42;213510.02;36;0
2026.08.06 15:14:59;XAUUSD;5;1786028682;PROFIT_RATCHET_LOCKED;floor=4.12 peak=12.20;MANAGE_PROFIT;SAFE;1;1;1;-1;-1;4271.45;11.56;11.56;12.20;-6.40;KELLY_LITE;true;0.04;213498.42;0.0417;KELLY_LITE(mult=1.00 taper=1.00 n=1)+HARD_RISK_CAP(2.0%)+MAXLOSS_CAP;213498.42;213509.98;36;0
2026.08.06 15:14:59;XAUUSD;5;1786028682;PROFIT_RATCHET_LOCKED;floor=4.12 peak=12.20;MANAGE_PROFIT;SAFE;1;1;1;-1;-1;4271.45;11.52;11.52;12.20;-6.40;KELLY_LITE;true;0.04;213498.42;0.0417;KELLY_LITE(mult=1.00 taper=1.00 n=1)+HARD_RISK_CAP(2.0%)+MAXLOSS_CAP;213498.42;213509.94;36;0
2026.08.06 15:14:59;XAUUSD;5;1786028682;PROFIT_RATCHET_LOCKED;floor=4.12 peak=12.20;MANAGE_PROFIT;SAFE;1;1;1;-1;-1;4271.45;11.40;11.40;12.20;-6.40;KELLY_LITE;true;0.04;213498.42;0.0417;KELLY_LITE(mult=1.00 taper=1.00 n=1)+HARD_RISK_CAP(2.0%)+MAXLOSS_CAP;213498.42;213509.82;36;0
2026.08.06 15:14:59;XAUUSD;5;1786028682;PROFIT_RATCHET_LOCKED;floor=4.12 peak=12.20;MANAGE_PROFIT;SAFE;1;1;1;-1;-1;4271.45;11.36;11.36;12.20;-6.40;KELLY_LITE;true;0.04;213498.42;0.0417;KELLY_LITE(mult=1.00 taper=1.00 n=1)+HARD_RISK_CAP(2.0%)+MAXLOSS_CAP;213498.42;213509.78;36;0
2026.08.06 15:14:59;XAUUSD;5;1786028682;PROFIT_RATCHET_LOCKED;floor=4.12 peak=12.20;MANAGE_PROFIT;SAFE;1;1;1;-1;-1;4271.45;11.32;11.32;12.20;-6.40;KELLY_LITE;true;0.04;213498.42;0.0417;KELLY_LITE(mult=1.00 taper=1.00 n=1)+HARD_RISK_CAP(2.0%)+MAXLOSS_CAP;213498.42;213509.74;36;0
2026.08.06 15:15:00;XAUUSD;5;1786028682;OPPOSITE_PENDING_TRAILED;BUY_STOP trailed DOWN: ticket=118086279 old=4275.98 new=4273.27 dist=4.69;MANAGE_PROFIT;SAFE;1;1;1;-1;-1;4271.45;11.32;11.32;12.20;-6.40;KELLY_LITE;true;0.04;213498.42;0.0417;KELLY_LITE(mult=1.00 taper=1.00 n=1)+HARD_RISK_CAP(2.0%)+MAXLOSS_CAP;213498.42;213509.74;36;0
2026.08.06 15:15:01;XAUUSD;5;1786028682;SL_MODIFIED;ticket=118086278 oldSL=4270.20 newSL=4270.15 reason=profit_ratchet_lock_leg_0;MANAGE_PROFIT;SAFE;1;1;1;-1;-1;4271.45;12.80;12.80;12.20;-6.40;KELLY_LITE;true;0.04;213498.42;0.0417;KELLY_LITE(mult=1.00 taper=1.00 n=1)+HARD_RISK_CAP(2.0%)+MAXLOSS_CAP;213498.42;213511.22;37;0
2026.08.06 15:15:01;XAUUSD;5;1786028682;PROFIT_RATCHET_LOCKED;floor=5.18 peak=12.20;MANAGE_PROFIT;SAFE;1;1;1;-1;-1;4271.45;12.80;12.80;12.20;-6.40;KELLY_LITE;true;0.04;213498.42;0.0417;KELLY_LITE(mult=1.00 taper=1.00 n=1)+HARD_RISK_CAP(2.0%)+MAXLOSS_CAP;213498.42;213511.22;37;0
2026.08.06 15:15:01;XAUUSD;5;1786028682;OPPOSITE_PENDING_TRAILED;BUY_STOP trailed DOWN: ticket=118086279 old=4273.27 new=4272.95 dist=4.70;MANAGE_PROFIT;SAFE;1;1;1;-1;-1;4271.45;13.00;13.00;12.20;-6.40;KELLY_LITE;true;0.04;213498.42;0.0417;KELLY_LITE(mult=1.00 taper=1.00 n=1)+HARD_RISK_CAP(2.0%)+MAXLOSS_CAP;213498.42;213511.42;36;0
2026.08.06 15:15:02;XAUUSD;5;1786028682;SL_MODIFIED;ticket=118086278 oldSL=4270.15 newSL=4270.07 reason=profit_ratchet_lock_leg_0;MANAGE_PROFIT;SAFE;1;1;1;-1;-1;4271.45;11.76;11.76;13.00;-6.40;KELLY_LITE;true;0.04;213498.42;0.0417;KELLY_LITE(mult=1.00 taper=1.00 n=1)+HARD_RISK_CAP(2.0%)+MAXLOSS_CAP;213498.42;213510.18;37;0
2026.08.06 15:15:02;XAUUSD;5;1786028682;PROFIT_RATCHET_LOCKED;floor=5.53 peak=13.00;MANAGE_PROFIT;SAFE;1;1;1;-1;-1;4271.45;11.76;11.76;13.00;-6.40;KELLY_LITE;true;0.04;213498.42;0.0417;KELLY_LITE(mult=1.00 taper=1.00 n=1)+HARD_RISK_CAP(2.0%)+MAXLOSS_CAP;213498.42;213510.18;37;0
2026.08.06 15:15:02;XAUUSD;5;1786028682;EXIT_TIERED_TRAIL;profit=10.16 peak=13.00 allowedRetrace=1.95;MANAGE_PROFIT;SAFE;1;1;1;-1;-1;4271.45;10.16;10.16;13.00;-6.40;KELLY_LITE;true;0.04;213498.42;0.0417;KELLY_LITE(mult=1.00 taper=1.00 n=1)+HARD_RISK_CAP(2.0%)+MAXLOSS_CAP;213498.42;213508.58;35;0
2026.08.06 15:15:03;XAUUSD;5;1786028682;POSITION_CLOSED;ticket=118086278 reason=tiered_profit_trail lots=0.04 price=4268.91 pnl=10.16;MANAGE_PROFIT;SAFE;0;1;1;-1;-1;4271.45;0.00;0.00;13.00;-6.40;KELLY_LITE;true;0.04;213498.42;0.0417;KELLY_LITE(mult=1.00 taper=1.00 n=1)+HARD_RISK_CAP(2.0%)+MAXLOSS_CAP;213508.78;213508.78;36;0
2026.08.06 15:15:03;XAUUSD;5;1786028682;PENDING_DELETED;ticket=118086279 reason=close_all_cleanup;MANAGE_PROFIT;SAFE;0;0;1;-1;-1;4271.45;0.00;0.00;13.00;-6.40;KELLY_LITE;true;0.04;213498.42;0.0417;KELLY_LITE(mult=1.00 taper=1.00 n=1)+HARD_RISK_CAP(2.0%)+MAXLOSS_CAP;213508.78;213508.78;35;0
2026.08.06 15:15:03;XAUUSD;5;1786028682;CYCLE_RESET;oldState=RESET realizedPnL=10.36 peak=13.00 worst=-6.40 pyramid=0 consLosses=0;RESET;SAFE;0;0;0;-1;-1;4271.45;0.00;0.00;13.00;-6.40;KELLY_LITE;true;0.04;213498.42;0.0417;KELLY_LITE(mult=1.00 taper=1.00 n=1)+HARD_RISK_CAP(2.0%)+MAXLOSS_CAP;213508.78;213508.78;35;0
2026.08.06 15:20:03;XAUUSD;5;1786028682;FILTER_BLOCK_TREND;TREND_NEUTRAL_EMA;BLOCKED;SAFE;0;0;0;-1;-1;0.00;0.00;0.00;0.00;0.00;KELLY_LITE;true;0.04;213498.42;0.0417;KELLY_LITE(mult=1.00 taper=1.00 n=1)+HARD_RISK_CAP(2.0%)+MAXLOSS_CAP;213508.78;213508.78;36;0
2026.08.06 15:25:03;XAUUSD;5;1786028682;FILTER_BLOCK_TREND;TREND_NEUTRAL_EMA;BLOCKED;SAFE;0;0;0;-1;-1;0.00;0.00;0.00;0.00;0.00;KELLY_LITE;true;0.04;213498.42;0.0417;KELLY_LITE(mult=1.00 taper=1.00 n=1)+HARD_RISK_CAP(2.0%)+MAXLOSS_CAP;213508.78;213508.78;35;0
2026.08.06 15:30:03;XAUUSD;5;1786028682;FILTER_BLOCK_TREND;TREND_NEUTRAL_EMA;BLOCKED;SAFE;0;0;0;-1;-1;0.00;0.00;0.00;0.00;0.00;KELLY_LITE;true;0.04;213498.42;0.0417;KELLY_LITE(mult=1.00 taper=1.00 n=1)+HARD_RISK_CAP(2.0%)+MAXLOSS_CAP;213508.78;213508.78;36;0
2026.08.06 15:35:03;XAUUSD;5;1786028682;FILTER_BLOCK_TREND;TREND_NEUTRAL_EMA;BLOCKED;SAFE;0;0;0;-1;-1;0.00;0.00;0.00;0.00;0.00;KELLY_LITE;true;0.04;213498.42;0.0417;KELLY_LITE(mult=1.00 taper=1.00 n=1)+HARD_RISK_CAP(2.0%)+MAXLOSS_CAP;213508.78;213508.78;36;0
2026.08.06 15:40:03;XAUUSD;5;1786028682;FILTER_BLOCK_TREND;TREND_NEUTRAL_EMA;BLOCKED;SAFE;0;0;0;-1;-1;0.00;0.00;0.00;0.00;0.00;KELLY_LITE;true;0.04;213498.42;0.0417;KELLY_LITE(mult=1.00 taper=1.00 n=1)+HARD_RISK_CAP(2.0%)+MAXLOSS_CAP;213508.78;213508.78;36;0
2026.08.06 15:45:03;XAUUSD;5;1786028683;PLACE_PENDING_START;cycle=1786028683 trend=1 consecLosses=0 preset=AGGRESSIVE;PLACE_PENDING;SAFE;0;0;0;-1;-1;0.00;0.00;0.00;0.00;0.00;KELLY_LITE;true;0.04;213498.42;0.0417;KELLY_LITE(mult=1.00 taper=1.00 n=1)+HARD_RISK_CAP(2.0%)+MAXLOSS_CAP;213508.78;213508.78;36;0
2026.08.06 15:45:03;XAUUSD;5;1786028683;DIR_OCO_PLACED;dir=BULL ticket=118090355 price=4276.62 sl=4261.62 tp=4299.12 lot=0.04 dist=2.83;PLACE_PENDING;SAFE;0;1;0;118090355;-1;0.00;0.00;0.00;0.00;0.00;KELLY_LITE;true;0.04;213508.78;0.0417;KELLY_LITE(mult=1.00 taper=1.00 n=2)+HARD_RISK_CAP(2.0%)+MAXLOSS_CAP;213508.78;213508.78;36;0
2026.08.06 15:45:04;XAUUSD;5;1786028683;DIR_OCO_COUNTER_PLACED;dir=BEAR(counter) ticket=118090358 price=4270.60 lot=0.03;PLACE_PENDING;SAFE;0;2;0;118090355;118090358;0.00;0.00;0.00;0.00;0.00;KELLY_LITE;true;0.04;213508.78;0.0417;KELLY_LITE(mult=1.00 taper=1.00 n=2)+HARD_RISK_CAP(2.0%)+MAXLOSS_CAP;213508.78;213508.78;36;0
2026.08.06 15:45:07;XAUUSD;5;1786028683;SELL_STOP_TRAILED;Old=4270.60 New=4270.92;WAIT_TRIGGER;SAFE;0;2;0;118090355;118090358;0.00;0.00;0.00;0.00;0.00;KELLY_LITE;true;0.04;213508.78;0.0417;KELLY_LITE(mult=1.00 taper=1.00 n=2)+HARD_RISK_CAP(2.0%)+MAXLOSS_CAP;213508.78;213508.78;36;0
2026.08.06 15:45:12;XAUUSD;5;1786028683;BUY_STOP_TRAILED;Old=4276.62 New=4276.27;WAIT_TRIGGER;SAFE;0;2;0;118090355;118090358;0.00;0.00;0.00;0.00;0.00;KELLY_LITE;true;0.04;213508.78;0.0417;KELLY_LITE(mult=1.00 taper=1.00 n=2)+HARD_RISK_CAP(2.0%)+MAXLOSS_CAP;213508.78;213508.78;36;0
2026.08.06 15:45:14;XAUUSD;5;1786028683;BUY_STOP_TRAILED;Old=4276.27 New=4275.83;WAIT_TRIGGER;SAFE;0;2;0;118090355;118090358;0.00;0.00;0.00;0.00;0.00;KELLY_LITE;true;0.04;213508.78;0.0417;KELLY_LITE(mult=1.00 taper=1.00 n=2)+HARD_RISK_CAP(2.0%)+MAXLOSS_CAP;213508.78;213508.78;36;0
2026.08.06 15:45:22;XAUUSD;5;1786028683;BUY_STOP_TRAILED;Old=4275.83 New=4275.35;WAIT_TRIGGER;SAFE;0;2;0;118090355;118090358;0.00;0.00;0.00;0.00;0.00;KELLY_LITE;true;0.04;213508.78;0.0417;KELLY_LITE(mult=1.00 taper=1.00 n=2)+HARD_RISK_CAP(2.0%)+MAXLOSS_CAP;213508.78;213508.78;36;0
2026.08.06 15:45:26;XAUUSD;5;1786028683;BUY_STOP_TRAILED;Old=4275.35 New=4275.00;WAIT_TRIGGER;SAFE;0;2;0;118090355;118090358;0.00;0.00;0.00;0.00;0.00;KELLY_LITE;true;0.04;213508.78;0.0417;KELLY_LITE(mult=1.00 taper=1.00 n=2)+HARD_RISK_CAP(2.0%)+MAXLOSS_CAP;213508.78;213508.78;36;0
2026.08.06 15:45:30;XAUUSD;5;1786028683;BUY_STOP_TRAILED;Old=4275.00 New=4274.61;WAIT_TRIGGER;SAFE;0;2;0;118090355;118090358;0.00;0.00;0.00;0.00;0.00;KELLY_LITE;true;0.04;213508.78;0.0417;KELLY_LITE(mult=1.00 taper=1.00 n=2)+HARD_RISK_CAP(2.0%)+MAXLOSS_CAP;213508.78;213508.78;36;0
2026.08.06 15:46:01;XAUUSD;5;1786028683;SELL_STOP_TRAILED;Old=4270.92 New=4271.23;WAIT_TRIGGER;SAFE;1;1;0;118090355;118090358;0.00;-0.52;-0.52;0.00;0.00;KELLY_LITE;true;0.04;213508.78;0.0417;KELLY_LITE(mult=1.00 taper=1.00 n=2)+HARD_RISK_CAP(2.0%)+MAXLOSS_CAP;213508.78;213508.26;36;0
2026.08.06 15:46:01;XAUUSD;5;1786028683;OCO_TRIGGERED_BUY;ticket=118090355 entry=4274.61;POSITION_ACTIVE;SAFE;1;1;0;-1;118090358;0.00;-0.52;-0.52;0.00;0.00;KELLY_LITE;true;0.04;213508.78;0.0417;KELLY_LITE(mult=1.00 taper=1.00 n=2)+HARD_RISK_CAP(2.0%)+MAXLOSS_CAP;213508.78;213508.26;36;0
2026.08.06 15:46:01;XAUUSD;5;1786028683;OPPOSITE_TRAIL_ARMED;opposite_ticket=118090358 will trail price;POSITION_ACTIVE;SAFE;1;1;0;-1;118090358;0.00;-0.52;-0.52;0.00;0.00;KELLY_LITE;true;0.04;213508.78;0.0417;KELLY_LITE(mult=1.00 taper=1.00 n=2)+HARD_RISK_CAP(2.0%)+MAXLOSS_CAP;213508.78;213508.26;36;0
2026.08.06 15:46:37;XAUUSD;5;1786028683;REVERSAL_CHASER_TRIGGERED_FLIP;newDir=BEAR ticket=118090358 entry=4271.23 lot=0.03;MANAGE_PROFIT;SAFE;2;0;1;-1;-1;4274.61;-13.62;-0.69;0.80;-13.44;KELLY_LITE;true;0.04;213508.78;0.0417;KELLY_LITE(mult=1.00 taper=1.00 n=2)+HARD_RISK_CAP(2.0%)+MAXLOSS_CAP;213508.78;213495.16;33;0
2026.08.06 15:46:37;XAUUSD;5;1786028683;POSITION_CLOSED;ticket=118090355 reason=reversal_chaser_flip lots=0.04 price=4271.13 pnl=-13.92;MANAGE_PROFIT;SAFE;1;0;1;-1;-1;4274.61;-0.78;-0.78;0.80;-13.44;KELLY_LITE;true;0.04;213508.78;0.0417;KELLY_LITE(mult=1.00 taper=1.00 n=2)+HARD_RISK_CAP(2.0%)+MAXLOSS_CAP;213494.98;213494.20;33;0
2026.08.06 15:46:37;XAUUSD;5;1786028683;CYCLE_RESET;oldState=MANAGE_PROFIT realizedPnL=-13.80 peak=0.80 worst=-13.44 pyramid=1 consLosses=1 reason=chaser_flip;MANAGE_PROFIT;SAFE;1;0;1;-1;-1;4274.61;-0.78;-0.78;0.80;-13.44;KELLY_LITE;true;0.04;213508.78;0.0417;KELLY_LITE(mult=1.00 taper=1.00 n=2)+HARD_RISK_CAP(2.0%)+MAXLOSS_CAP;213494.98;213494.20;33;0
2026.08.06 15:49:09;XAUUSD;5;1786028684;SL_MODIFIED;ticket=118090358 oldSL=4283.23 newSL=4269.56 reason=break_even_lock_leg_0;MANAGE_PROFIT;SAFE;1;0;1;-1;-1;4271.23;8.73;8.73;8.16;-1.32;KELLY_LITE;true;0.04;213508.78;0.0417;KELLY_LITE(mult=1.00 taper=1.00 n=2)+HARD_RISK_CAP(2.0%)+MAXLOSS_CAP;213494.98;213503.71;37;0
2026.08.06 15:49:09;XAUUSD;5;1786028684;PROFIT_RATCHET_LOCKED;floor=3.47 peak=8.16;MANAGE_PROFIT;SAFE;1;0;1;-1;-1;4271.23;8.73;8.73;8.16;-1.32;KELLY_LITE;true;0.04;213508.78;0.0417;KELLY_LITE(mult=1.00 taper=1.00 n=2)+HARD_RISK_CAP(2.0%)+MAXLOSS_CAP;213494.98;213503.71;37;0
2026.08.06 15:49:09;XAUUSD;5;1786028684;PROFIT_RATCHET_LOCKED;floor=3.71 peak=8.73;MANAGE_PROFIT;SAFE;1;0;1;-1;-1;4271.23;8.73;8.73;8.73;-1.32;KELLY_LITE;true;0.04;213508.78;0.0417;KELLY_LITE(mult=1.00 taper=1.00 n=2)+HARD_RISK_CAP(2.0%)+MAXLOSS_CAP;213494.98;213503.71;37;0
2026.08.06 15:49:09;XAUUSD;5;1786028684;PROFIT_RATCHET_LOCKED;floor=3.85 peak=9.06;MANAGE_PROFIT;SAFE;1;0;1;-1;-1;4271.23;9.06;9.06;9.06;-1.32;KELLY_LITE;true;0.04;213508.78;0.0417;KELLY_LITE(mult=1.00 taper=1.00 n=2)+HARD_RISK_CAP(2.0%)+MAXLOSS_CAP;213494.98;213504.04;34;0
2026.08.06 15:49:10;XAUUSD;5;1786028684;PROFIT_RATCHET_LOCKED;floor=3.89 peak=9.15;MANAGE_PROFIT;SAFE;1;0;1;-1;-1;4271.23;9.15;9.15;9.15;-1.32;KELLY_LITE;true;0.04;213508.78;0.0417;KELLY_LITE(mult=1.00 taper=1.00 n=2)+HARD_RISK_CAP(2.0%)+MAXLOSS_CAP;213494.98;213504.13;34;0
2026.08.06 15:49:10;XAUUSD;5;1786028684;PROFIT_RATCHET_LOCKED;floor=4.12 peak=9.69;MANAGE_PROFIT;SAFE;1;0;1;-1;-1;4271.23;9.69;9.69;9.69;-1.32;KELLY_LITE;true;0.04;213508.78;0.0417;KELLY_LITE(mult=1.00 taper=1.00 n=2)+HARD_RISK_CAP(2.0%)+MAXLOSS_CAP;213494.98;213504.67;37;0
2026.08.06 15:49:10;XAUUSD;5;1786028684;PROFIT_RATCHET_LOCKED;floor=4.12 peak=9.69;MANAGE_PROFIT;SAFE;1;0;1;-1;-1;4271.23;9.69;9.69;9.69;-1.32;KELLY_LITE;true;0.04;213508.78;0.0417;KELLY_LITE(mult=1.00 taper=1.00 n=2)+HARD_RISK_CAP(2.0%)+MAXLOSS_CAP;213494.98;213504.67;36;0
2026.08.06 15:49:10;XAUUSD;5;1786028684;PROFIT_RATCHET_LOCKED;floor=4.12 peak=9.69;MANAGE_PROFIT;SAFE;1;0;1;-1;-1;4271.23;9.66;9.66;9.69;-1.32;KELLY_LITE;true;0.04;213508.78;0.0417;KELLY_LITE(mult=1.00 taper=1.00 n=2)+HARD_RISK_CAP(2.0%)+MAXLOSS_CAP;213494.98;213504.64;35;0
2026.08.06 15:49:11;XAUUSD;5;1786028684;PROFIT_RATCHET_LOCKED;floor=4.16 peak=9.78;MANAGE_PROFIT;SAFE;1;0;1;-1;-1;4271.23;9.78;9.78;9.78;-1.32;KELLY_LITE;true;0.04;213508.78;0.0417;KELLY_LITE(mult=1.00 taper=1.00 n=2)+HARD_RISK_CAP(2.0%)+MAXLOSS_CAP;213494.98;213504.76;33;0
2026.08.06 15:49:11;XAUUSD;5;1786028684;PROFIT_RATCHET_LOCKED;floor=4.17 peak=9.81;MANAGE_PROFIT;SAFE;1;0;1;-1;-1;4271.23;9.81;9.81;9.81;-1.32;KELLY_LITE;true;0.04;213508.78;0.0417;KELLY_LITE(mult=1.00 taper=1.00 n=2)+HARD_RISK_CAP(2.0%)+MAXLOSS_CAP;213494.98;213504.79;36;0
2026.08.06 15:49:11;XAUUSD;5;1786028684;PROFIT_RATCHET_LOCKED;floor=4.17 peak=9.81;MANAGE_PROFIT;SAFE;1;0;1;-1;-1;4271.23;9.78;9.78;9.81;-1.32;KELLY_LITE;true;0.04;213508.78;0.0417;KELLY_LITE(mult=1.00 taper=1.00 n=2)+HARD_RISK_CAP(2.0%)+MAXLOSS_CAP;213494.98;213504.76;36;0
2026.08.06 15:49:11;XAUUSD;5;1786028684;PROFIT_RATCHET_LOCKED;floor=4.17 peak=9.81;MANAGE_PROFIT;SAFE;1;0;1;-1;-1;4271.23;9.63;9.63;9.81;-1.32;KELLY_LITE;true;0.04;213508.78;0.0417;KELLY_LITE(mult=1.00 taper=1.00 n=2)+HARD_RISK_CAP(2.0%)+MAXLOSS_CAP;213494.98;213504.61;36;0
2026.08.06 15:49:11;XAUUSD;5;1786028684;PROFIT_RATCHET_LOCKED;floor=4.17 peak=9.81;MANAGE_PROFIT;SAFE;1;0;1;-1;-1;4271.23;9.66;9.66;9.81;-1.32;KELLY_LITE;true;0.04;213508.78;0.0417;KELLY_LITE(mult=1.00 taper=1.00 n=2)+HARD_RISK_CAP(2.0%)+MAXLOSS_CAP;213494.98;213504.64;36;0
2026.08.06 15:49:12;XAUUSD;5;1786028684;PROFIT_RATCHET_LOCKED;floor=4.17 peak=9.81;MANAGE_PROFIT;SAFE;1;0;1;-1;-1;4271.23;9.63;9.63;9.81;-1.32;KELLY_LITE;true;0.04;213508.78;0.0417;KELLY_LITE(mult=1.00 taper=1.00 n=2)+HARD_RISK_CAP(2.0%)+MAXLOSS_CAP;213494.98;213504.61;35;0
2026.08.06 15:49:12;XAUUSD;5;1786028684;PROFIT_RATCHET_LOCKED;floor=4.17 peak=9.81;MANAGE_PROFIT;SAFE;1;0;1;-1;-1;4271.23;9.72;9.72;9.81;-1.32;KELLY_LITE;true;0.04;213508.78;0.0417;KELLY_LITE(mult=1.00 taper=1.00 n=2)+HARD_RISK_CAP(2.0%)+MAXLOSS_CAP;213494.98;213504.70;36;0
2026.08.06 15:49:12;XAUUSD;5;1786028684;PROFIT_RATCHET_LOCKED;floor=4.18 peak=9.84;MANAGE_PROFIT;SAFE;1;0;1;-1;-1;4271.23;9.84;9.84;9.84;-1.32;KELLY_LITE;true;0.04;213508.78;0.0417;KELLY_LITE(mult=1.00 taper=1.00 n=2)+HARD_RISK_CAP(2.0%)+MAXLOSS_CAP;213494.98;213504.82;33;0
2026.08.06 15:49:12;XAUUSD;5;1786028684;PROFIT_RATCHET_LOCKED;floor=4.26 peak=10.02;MANAGE_PROFIT;SAFE;1;0;1;-1;-1;4271.23;10.02;10.02;10.02;-1.32;KELLY_LITE;true;0.04;213508.78;0.0417;KELLY_LITE(mult=1.00 taper=1.00 n=2)+HARD_RISK_CAP(2.0%)+MAXLOSS_CAP;213494.98;213505.00;36;0
2026.08.06 15:49:13;XAUUSD;5;1786028684;PROFIT_RATCHET_LOCKED;floor=4.26 peak=10.02;MANAGE_PROFIT;SAFE;1;0;1;-1;-1;4271.23;9.84;9.84;10.02;-1.32;KELLY_LITE;true;0.04;213508.78;0.0417;KELLY_LITE(mult=1.00 taper=1.00 n=2)+HARD_RISK_CAP(2.0%)+MAXLOSS_CAP;213494.98;213504.82;36;0
2026.08.06 15:49:13;XAUUSD;5;1786028684;PROFIT_RATCHET_LOCKED;floor=4.44 peak=10.44;MANAGE_PROFIT;SAFE;1;0;1;-1;-1;4271.23;10.44;10.44;10.44;-1.32;KELLY_LITE;true;0.04;213508.78;0.0417;KELLY_LITE(mult=1.00 taper=1.00 n=2)+HARD_RISK_CAP(2.0%)+MAXLOSS_CAP;213494.98;213505.42;37;0
2026.08.06 15:49:13;XAUUSD;5;1786028684;PROFIT_RATCHET_LOCKED;floor=4.55 peak=10.71;MANAGE_PROFIT;SAFE;1;0;1;-1;-1;4271.23;10.71;10.71;10.71;-1.32;KELLY_LITE;true;0.04;213508.78;0.0417;KELLY_LITE(mult=1.00 taper=1.00 n=2)+HARD_RISK_CAP(2.0%)+MAXLOSS_CAP;213494.98;213505.69;34;0
2026.08.06 15:49:13;XAUUSD;5;1786028684;PROFIT_RATCHET_LOCKED;floor=4.55 peak=10.71;MANAGE_PROFIT;SAFE;1;0;1;-1;-1;4271.23;10.53;10.53;10.71;-1.32;KELLY_LITE;true;0.04;213508.78;0.0417;KELLY_LITE(mult=1.00 taper=1.00 n=2)+HARD_RISK_CAP(2.0%)+MAXLOSS_CAP;213494.98;213505.51;36;0
2026.08.06 15:49:13;XAUUSD;5;1786028684;PROFIT_RATCHET_LOCKED;floor=4.55 peak=10.71;MANAGE_PROFIT;SAFE;1;0;1;-1;-1;4271.23;10.68;10.68;10.71;-1.32;KELLY_LITE;true;0.04;213508.78;0.0417;KELLY_LITE(mult=1.00 taper=1.00 n=2)+HARD_RISK_CAP(2.0%)+MAXLOSS_CAP;213494.98;213505.66;36;0
2026.08.06 15:49:14;XAUUSD;5;1786028684;PROFIT_RATCHET_LOCKED;floor=4.56 peak=10.74;MANAGE_PROFIT;SAFE;1;0;1;-1;-1;4271.23;10.74;10.74;10.74;-1.32;KELLY_LITE;true;0.04;213508.78;0.0417;KELLY_LITE(mult=1.00 taper=1.00 n=2)+HARD_RISK_CAP(2.0%)+MAXLOSS_CAP;213494.98;213505.72;36;0
2026.08.06 15:49:14;XAUUSD;5;1786028684;PROFIT_RATCHET_LOCKED;floor=4.56 peak=10.74;MANAGE_PROFIT;SAFE;1;0;1;-1;-1;4271.23;10.38;10.38;10.74;-1.32;KELLY_LITE;true;0.04;213508.78;0.0417;KELLY_LITE(mult=1.00 taper=1.00 n=2)+HARD_RISK_CAP(2.0%)+MAXLOSS_CAP;213494.98;213505.36;35;0
2026.08.06 15:49:14;XAUUSD;5;1786028684;PROFIT_RATCHET_LOCKED;floor=4.56 peak=10.74;MANAGE_PROFIT;SAFE;1;0;1;-1;-1;4271.23;10.26;10.26;10.74;-1.32;KELLY_LITE;true;0.04;213508.78;0.0417;KELLY_LITE(mult=1.00 taper=1.00 n=2)+HARD_RISK_CAP(2.0%)+MAXLOSS_CAP;213494.98;213505.24;33;0
2026.08.06 15:49:14;XAUUSD;5;1786028684;PROFIT_RATCHET_LOCKED;floor=4.56 peak=10.74;MANAGE_PROFIT;SAFE;1;0;1;-1;-1;4271.23;10.65;10.65;10.74;-1.32;KELLY_LITE;true;0.04;213508.78;0.0417;KELLY_LITE(mult=1.00 taper=1.00 n=2)+HARD_RISK_CAP(2.0%)+MAXLOSS_CAP;213494.98;213505.63;36;0
2026.08.06 15:49:14;XAUUSD;5;1786028684;PROFIT_RATCHET_LOCKED;floor=4.56 peak=10.74;MANAGE_PROFIT;SAFE;1;0;1;-1;-1;4271.23;10.47;10.47;10.74;-1.32;KELLY_LITE;true;0.04;213508.78;0.0417;KELLY_LITE(mult=1.00 taper=1.00 n=2)+HARD_RISK_CAP(2.0%)+MAXLOSS_CAP;213494.98;213505.45;36;0
2026.08.06 15:49:15;XAUUSD;5;1786028684;PROFIT_RATCHET_LOCKED;floor=4.56 peak=10.74;MANAGE_PROFIT;SAFE;1;0;1;-1;-1;4271.23;10.50;10.50;10.74;-1.32;KELLY_LITE;true;0.04;213508.78;0.0417;KELLY_LITE(mult=1.00 taper=1.00 n=2)+HARD_RISK_CAP(2.0%)+MAXLOSS_CAP;213494.98;213505.48;36;0
2026.08.06 15:49:15;XAUUSD;5;1786028684;PROFIT_RATCHET_LOCKED;floor=4.56 peak=10.74;MANAGE_PROFIT;SAFE;1;0;1;-1;-1;4271.23;10.59;10.59;10.74;-1.32;KELLY_LITE;true;0.04;213508.78;0.0417;KELLY_LITE(mult=1.00 taper=1.00 n=2)+HARD_RISK_CAP(2.0%)+MAXLOSS_CAP;213494.98;213505.57;35;0
2026.08.06 15:49:15;XAUUSD;5;1786028684;PROFIT_RATCHET_LOCKED;floor=4.58 peak=10.77;MANAGE_PROFIT;SAFE;1;0;1;-1;-1;4271.23;10.77;10.77;10.77;-1.32;KELLY_LITE;true;0.04;213508.78;0.0417;KELLY_LITE(mult=1.00 taper=1.00 n=2)+HARD_RISK_CAP(2.0%)+MAXLOSS_CAP;213494.98;213505.75;36;0
2026.08.06 15:49:15;XAUUSD;5;1786028684;PROFIT_RATCHET_LOCKED;floor=4.58 peak=10.77;MANAGE_PROFIT;SAFE;1;0;1;-1;-1;4271.23;10.47;10.47;10.77;-1.32;KELLY_LITE;true;0.04;213508.78;0.0417;KELLY_LITE(mult=1.00 taper=1.00 n=2)+HARD_RISK_CAP(2.0%)+MAXLOSS_CAP;213494.98;213505.45;36;0
2026.08.06 15:49:16;XAUUSD;5;1786028684;PROFIT_RATCHET_LOCKED;floor=4.58 peak=10.77;MANAGE_PROFIT;SAFE;1;0;1;-1;-1;4271.23;10.41;10.41;10.77;-1.32;KELLY_LITE;true;0.04;213508.78;0.0417;KELLY_LITE(mult=1.00 taper=1.00 n=2)+HARD_RISK_CAP(2.0%)+MAXLOSS_CAP;213494.98;213505.39;36;0
2026.08.06 15:49:16;XAUUSD;5;1786028684;PROFIT_RATCHET_LOCKED;floor=4.58 peak=10.77;MANAGE_PROFIT;SAFE;1;0;1;-1;-1;4271.23;9.69;9.69;10.77;-1.32;KELLY_LITE;true;0.04;213508.78;0.0417;KELLY_LITE(mult=1.00 taper=1.00 n=2)+HARD_RISK_CAP(2.0%)+MAXLOSS_CAP;213494.98;213504.67;37;0
2026.08.06 15:49:16;XAUUSD;5;1786028684;PROFIT_RATCHET_LOCKED;floor=4.58 peak=10.77;MANAGE_PROFIT;SAFE;1;0;1;-1;-1;4271.23;9.36;9.36;10.77;-1.32;KELLY_LITE;true;0.04;213508.78;0.0417;KELLY_LITE(mult=1.00 taper=1.00 n=2)+HARD_RISK_CAP(2.0%)+MAXLOSS_CAP;213494.98;213504.34;36;0
2026.08.06 15:49:16;XAUUSD;5;1786028684;PROFIT_RATCHET_LOCKED;floor=4.58 peak=10.77;MANAGE_PROFIT;SAFE;1;0;1;-1;-1;4271.23;9.42;9.42;10.77;-1.32;KELLY_LITE;true;0.04;213508.78;0.0417;KELLY_LITE(mult=1.00 taper=1.00 n=2)+HARD_RISK_CAP(2.0%)+MAXLOSS_CAP;213494.98;213504.40;34;0
2026.08.06 15:49:17;XAUUSD;5;1786028684;PROFIT_RATCHET_LOCKED;floor=4.58 peak=10.77;MANAGE_PROFIT;SAFE;1;0;1;-1;-1;4271.23;9.42;9.42;10.77;-1.32;KELLY_LITE;true;0.04;213508.78;0.0417;KELLY_LITE(mult=1.00 taper=1.00 n=2)+HARD_RISK_CAP(2.0%)+MAXLOSS_CAP;213494.98;213504.40;35;0
2026.08.06 15:49:17;XAUUSD;5;1786028684;PROFIT_RATCHET_LOCKED;floor=4.58 peak=10.77;MANAGE_PROFIT;SAFE;1;0;1;-1;-1;4271.23;9.39;9.39;10.77;-1.32;KELLY_LITE;true;0.04;213508.78;0.0417;KELLY_LITE(mult=1.00 taper=1.00 n=2)+HARD_RISK_CAP(2.0%)+MAXLOSS_CAP;213494.98;213504.37;36;0
2026.08.06 15:49:17;XAUUSD;5;1786028684;PROFIT_RATCHET_LOCKED;floor=4.58 peak=10.77;MANAGE_PROFIT;SAFE;1;0;1;-1;-1;4271.23;9.63;9.63;10.77;-1.32;KELLY_LITE;true;0.04;213508.78;0.0417;KELLY_LITE(mult=1.00 taper=1.00 n=2)+HARD_RISK_CAP(2.0%)+MAXLOSS_CAP;213494.98;213504.61;33;0
2026.08.06 15:49:17;XAUUSD;5;1786028684;PROFIT_RATCHET_LOCKED;floor=4.58 peak=10.77;MANAGE_PROFIT;SAFE;1;0;1;-1;-1;4271.23;9.66;9.66;10.77;-1.32;KELLY_LITE;true;0.04;213508.78;0.0417;KELLY_LITE(mult=1.00 taper=1.00 n=2)+HARD_RISK_CAP(2.0%)+MAXLOSS_CAP;213494.98;213504.64;36;0
2026.08.06 15:49:17;XAUUSD;5;1786028684;PROFIT_RATCHET_LOCKED;floor=4.58 peak=10.77;MANAGE_PROFIT;SAFE;1;0;1;-1;-1;4271.23;9.78;9.78;10.77;-1.32;KELLY_LITE;true;0.04;213508.78;0.0417;KELLY_LITE(mult=1.00 taper=1.00 n=2)+HARD_RISK_CAP(2.0%)+MAXLOSS_CAP;213494.98;213504.76;33;0
2026.08.06 15:49:18;XAUUSD;5;1786028684;PROFIT_RATCHET_LOCKED;floor=4.58 peak=10.77;MANAGE_PROFIT;SAFE;1;0;1;-1;-1;4271.23;9.90;9.90;10.77;-1.32;KELLY_LITE;true;0.04;213508.78;0.0417;KELLY_LITE(mult=1.00 taper=1.00 n=2)+HARD_RISK_CAP(2.0%)+MAXLOSS_CAP;213494.98;213504.88;36;0
2026.08.06 15:49:18;XAUUSD;5;1786028684;PROFIT_RATCHET_LOCKED;floor=4.58 peak=10.77;MANAGE_PROFIT;SAFE;1;0;1;-1;-1;4271.23;9.93;9.93;10.77;-1.32;KELLY_LITE;true;0.04;213508.78;0.0417;KELLY_LITE(mult=1.00 taper=1.00 n=2)+HARD_RISK_CAP(2.0%)+MAXLOSS_CAP;213494.98;213504.91;36;0
2026.08.06 15:49:18;XAUUSD;5;1786028684;PROFIT_RATCHET_LOCKED;floor=4.58 peak=10.77;MANAGE_PROFIT;SAFE;1;0;1;-1;-1;4271.23;9.90;9.90;10.77;-1.32;KELLY_LITE;true;0.04;213508.78;0.0417;KELLY_LITE(mult=1.00 taper=1.00 n=2)+HARD_RISK_CAP(2.0%)+MAXLOSS_CAP;213494.98;213504.88;36;0
2026.08.06 15:49:18;XAUUSD;5;1786028684;PROFIT_RATCHET_LOCKED;floor=4.58 peak=10.77;MANAGE_PROFIT;SAFE;1;0;1;-1;-1;4271.23;10.65;10.65;10.77;-1.32;KELLY_LITE;true;0.04;213508.78;0.0417;KELLY_LITE(mult=1.00 taper=1.00 n=2)+HARD_RISK_CAP(2.0%)+MAXLOSS_CAP;213494.98;213505.63;37;0
2026.08.06 15:49:18;XAUUSD;5;1786028684;PROFIT_RATCHET_LOCKED;floor=4.65 peak=10.95;MANAGE_PROFIT;SAFE;1;0;1;-1;-1;4271.23;10.95;10.95;10.95;-1.32;KELLY_LITE;true;0.04;213508.78;0.0417;KELLY_LITE(mult=1.00 taper=1.00 n=2)+HARD_RISK_CAP(2.0%)+MAXLOSS_CAP;213494.98;213505.93;35;0
2026.08.06 15:49:19;XAUUSD;5;1786028684;PROFIT_RATCHET_LOCKED;floor=4.65 peak=10.95;MANAGE_PROFIT;SAFE;1;0;1;-1;-1;4271.23;10.95;10.95;10.95;-1.32;KELLY_LITE;true;0.04;213508.78;0.0417;KELLY_LITE(mult=1.00 taper=1.00 n=2)+HARD_RISK_CAP(2.0%)+MAXLOSS_CAP;213494.98;213505.93;36;0
2026.08.06 15:49:19;XAUUSD;5;1786028684;PROFIT_RATCHET_LOCKED;floor=4.92 peak=11.58;MANAGE_PROFIT;SAFE;1;0;1;-1;-1;4271.23;11.58;11.58;11.58;-1.32;KELLY_LITE;true;0.04;213508.78;0.0417;KELLY_LITE(mult=1.00 taper=1.00 n=2)+HARD_RISK_CAP(2.0%)+MAXLOSS_CAP;213494.98;213506.56;33;0
2026.08.06 15:49:19;XAUUSD;5;1786028684;SL_MODIFIED;ticket=118090358 oldSL=4269.56 newSL=4269.51 reason=profit_ratchet_lock_leg_0;MANAGE_PROFIT;SAFE;1;0;1;-1;-1;4271.23;13.26;13.26;12.12;-1.32;KELLY_LITE;true;0.04;213508.78;0.0417;KELLY_LITE(mult=1.00 taper=1.00 n=2)+HARD_RISK_CAP(2.0%)+MAXLOSS_CAP;213494.98;213508.24;36;0
2026.08.06 15:49:19;XAUUSD;5;1786028684;PROFIT_RATCHET_LOCKED;floor=5.15 peak=12.12;MANAGE_PROFIT;SAFE;1;0;1;-1;-1;4271.23;13.26;13.26;12.12;-1.32;KELLY_LITE;true;0.04;213508.78;0.0417;KELLY_LITE(mult=1.00 taper=1.00 n=2)+HARD_RISK_CAP(2.0%)+MAXLOSS_CAP;213494.98;213508.24;36;0
2026.08.06 15:49:20;XAUUSD;5;1786028684;SL_MODIFIED;ticket=118090358 oldSL=4269.51 newSL=4269.35 reason=profit_ratchet_lock_leg_0;MANAGE_PROFIT;SAFE;1;0;1;-1;-1;4271.23;10.71;10.71;13.26;-1.32;KELLY_LITE;true;0.04;213508.78;0.0417;KELLY_LITE(mult=1.00 taper=1.00 n=2)+HARD_RISK_CAP(2.0%)+MAXLOSS_CAP;213494.98;213505.69;36;0
2026.08.06 15:49:20;XAUUSD;5;1786028684;PROFIT_RATCHET_LOCKED;floor=5.64 peak=13.26;MANAGE_PROFIT;SAFE;1;0;1;-1;-1;4271.23;10.71;10.71;13.26;-1.32;KELLY_LITE;true;0.04;213508.78;0.0417;KELLY_LITE(mult=1.00 taper=1.00 n=2)+HARD_RISK_CAP(2.0%)+MAXLOSS_CAP;213494.98;213505.69;36;0
2026.08.06 15:49:20;XAUUSD;5;1786028684;EXIT_TIERED_TRAIL;profit=10.71 peak=13.26 allowedRetrace=1.99;MANAGE_PROFIT;SAFE;1;0;1;-1;-1;4271.23;10.71;10.71;13.26;-1.32;KELLY_LITE;true;0.04;213508.78;0.0417;KELLY_LITE(mult=1.00 taper=1.00 n=2)+HARD_RISK_CAP(2.0%)+MAXLOSS_CAP;213494.98;213505.69;36;0
2026.08.06 15:49:20;XAUUSD;5;1786028684;POSITION_CLOSED;ticket=118090358 reason=tiered_profit_trail lots=0.03 price=4267.66 pnl=10.71;MANAGE_PROFIT;SAFE;0;0;1;-1;-1;4271.23;0.00;0.00;13.26;-1.32;KELLY_LITE;true;0.04;213508.78;0.0417;KELLY_LITE(mult=1.00 taper=1.00 n=2)+HARD_RISK_CAP(2.0%)+MAXLOSS_CAP;213504.13;213504.13;36;0
2026.08.06 15:49:20;XAUUSD;5;1786028684;CYCLE_RESET;oldState=RESET realizedPnL=-4.65 peak=13.26 worst=-1.32 pyramid=0 consLosses=2;RESET;SAFE;0;0;0;-1;-1;4271.23;0.00;0.00;13.26;-1.32;KELLY_LITE;true;0.04;213508.78;0.0417;KELLY_LITE(mult=1.00 taper=1.00 n=2)+HARD_RISK_CAP(2.0%)+MAXLOSS_CAP;213504.13;213504.13;36;0
2026.08.06 15:54:20;XAUUSD;5;1786028685;PLACE_PENDING_START;cycle=1786028685 trend=1 consecLosses=2 preset=AGGRESSIVE;PLACE_PENDING;SAFE;0;0;0;-1;-1;0.00;0.00;0.00;0.00;0.00;KELLY_LITE;true;0.04;213508.78;0.0417;KELLY_LITE(mult=1.00 taper=1.00 n=2)+HARD_RISK_CAP(2.0%)+MAXLOSS_CAP;213504.13;213504.13;36;0
2026.08.06 15:54:20;XAUUSD;5;1786028685;DIR_OCO_PLACED;dir=BULL ticket=118091721 price=4271.79 sl=4256.79 tp=4294.29 lot=0.04 dist=2.83;PLACE_PENDING;SAFE;0;1;0;118091721;-1;0.00;0.00;0.00;0.00;0.00;KELLY_LITE;true;0.04;213504.13;0.0417;KELLY_LITE(mult=1.00 taper=1.00 n=4)+CONSEC_REDUCE(0.50)+HARD_RISK_CAP(2.0%)+MAXLOSS_CAP;213504.13;213504.13;36;0
2026.08.06 15:54:21;XAUUSD;5;1786028685;DIR_OCO_COUNTER_PLACED;dir=BEAR(counter) ticket=118091728 price=4265.79 lot=0.03;PLACE_PENDING;SAFE;0;2;0;118091721;118091728;0.00;0.00;0.00;0.00;0.00;KELLY_LITE;true;0.04;213504.13;0.0417;KELLY_LITE(mult=1.00 taper=1.00 n=4)+CONSEC_REDUCE(0.50)+HARD_RISK_CAP(2.0%)+MAXLOSS_CAP;213504.13;213504.13;36;0
2026.08.06 15:54:29;XAUUSD;5;1786028685;SELL_STOP_TRAILED;Old=4265.79 New=4266.12;WAIT_TRIGGER;SAFE;0;2;0;118091721;118091728;0.00;0.00;0.00;0.00;0.00;KELLY_LITE;true;0.04;213504.13;0.0417;KELLY_LITE(mult=1.00 taper=1.00 n=4)+CONSEC_REDUCE(0.50)+HARD_RISK_CAP(2.0%)+MAXLOSS_CAP;213504.13;213504.13;36;0
2026.08.06 15:54:35;XAUUSD;5;1786028685;SELL_STOP_TRAILED;Old=4266.12 New=4266.55;WAIT_TRIGGER;SAFE;0;2;0;118091721;118091728;0.00;0.00;0.00;0.00;0.00;KELLY_LITE;true;0.04;213504.13;0.0417;KELLY_LITE(mult=1.00 taper=1.00 n=4)+CONSEC_REDUCE(0.50)+HARD_RISK_CAP(2.0%)+MAXLOSS_CAP;213504.13;213504.13;36;0
2026.08.06 15:54:35;XAUUSD;5;1786028685;SELL_STOP_TRAILED;Old=4266.55 New=4266.86;WAIT_TRIGGER;SAFE;0;2;0;118091721;118091728;0.00;0.00;0.00;0.00;0.00;KELLY_LITE;true;0.04;213504.13;0.0417;KELLY_LITE(mult=1.00 taper=1.00 n=4)+CONSEC_REDUCE(0.50)+HARD_RISK_CAP(2.0%)+MAXLOSS_CAP;213504.13;213504.13;36;0
2026.08.06 15:54:37;XAUUSD;5;1786028685;SELL_STOP_TRAILED;Old=4266.86 New=4267.23;WAIT_TRIGGER;SAFE;0;2;0;118091721;118091728;0.00;0.00;0.00;0.00;0.00;KELLY_LITE;true;0.04;213504.13;0.0417;KELLY_LITE(mult=1.00 taper=1.00 n=4)+CONSEC_REDUCE(0.50)+HARD_RISK_CAP(2.0%)+MAXLOSS_CAP;213504.13;213504.13;36;0
2026.08.06 15:54:45;XAUUSD;5;1786028685;SELL_STOP_TRAILED;Old=4267.23 New=4267.63;WAIT_TRIGGER;SAFE;0;2;0;118091721;118091728;0.00;0.00;0.00;0.00;0.00;KELLY_LITE;true;0.04;213504.13;0.0417;KELLY_LITE(mult=1.00 taper=1.00 n=4)+CONSEC_REDUCE(0.50)+HARD_RISK_CAP(2.0%)+MAXLOSS_CAP;213504.13;213504.13;35;0
2026.08.06 15:54:49;XAUUSD;5;1786028685;SELL_STOP_TRAILED;Old=4267.63 New=4267.96;WAIT_TRIGGER;SAFE;0;2;0;118091721;118091728;0.00;0.00;0.00;0.00;0.00;KELLY_LITE;true;0.04;213504.13;0.0417;KELLY_LITE(mult=1.00 taper=1.00 n=4)+CONSEC_REDUCE(0.50)+HARD_RISK_CAP(2.0%)+MAXLOSS_CAP;213504.13;213504.13;36;0
2026.08.06 15:55:00;XAUUSD;5;1786028685;SELL_STOP_TRAILED;Old=4267.96 New=4268.31;WAIT_TRIGGER;SAFE;0;2;0;118091721;118091728;0.00;0.00;0.00;0.00;0.00;KELLY_LITE;true;0.04;213504.13;0.0417;KELLY_LITE(mult=1.00 taper=1.00 n=4)+CONSEC_REDUCE(0.50)+HARD_RISK_CAP(2.0%)+MAXLOSS_CAP;213504.13;213504.13;36;0
2026.08.06 15:55:06;XAUUSD;5;1786028685;OCO_TRIGGERED_BUY;ticket=118091721 entry=4271.79;POSITION_ACTIVE;SAFE;1;1;0;-1;118091728;0.00;0.36;-1.08;0.00;0.00;KELLY_LITE;true;0.04;213504.13;0.0417;KELLY_LITE(mult=1.00 taper=1.00 n=4)+CONSEC_REDUCE(0.50)+HARD_RISK_CAP(2.0%)+MAXLOSS_CAP;213504.13;213504.49;36;0
2026.08.06 15:55:06;XAUUSD;5;1786028685;OPPOSITE_TRAIL_ARMED;opposite_ticket=118091728 will trail price;POSITION_ACTIVE;SAFE;1;1;0;-1;118091728;0.00;0.36;-1.08;0.00;0.00;KELLY_LITE;true;0.04;213504.13;0.0417;KELLY_LITE(mult=1.00 taper=1.00 n=4)+CONSEC_REDUCE(0.50)+HARD_RISK_CAP(2.0%)+MAXLOSS_CAP;213504.13;213504.49;36;0
2026.08.06 15:57:19;XAUUSD;5;1786028685;REVERSAL_CHASER_TRIGGERED_FLIP;newDir=BEAR ticket=118091728 entry=4268.31 lot=0.03;MANAGE_PROFIT;SAFE;2;0;1;-1;-1;4271.79;-14.94;-1.02;3.12;-13.72;KELLY_LITE;true;0.04;213504.13;0.0417;KELLY_LITE(mult=1.00 taper=1.00 n=4)+CONSEC_REDUCE(0.50)+HARD_RISK_CAP(2.0%)+MAXLOSS_CAP;213504.13;213489.19;34;0
2026.08.06 15:57:20;XAUUSD;5;1786028685;POSITION_CLOSED;ticket=118091721 reason=reversal_chaser_flip lots=0.04 price=4268.31 pnl=-13.92;MANAGE_PROFIT;SAFE;1;0;1;-1;-1;4271.79;-0.54;-0.54;3.12;-13.72;KELLY_LITE;true;0.04;213504.13;0.0417;KELLY_LITE(mult=1.00 taper=1.00 n=4)+CONSEC_REDUCE(0.50)+HARD_RISK_CAP(2.0%)+MAXLOSS_CAP;213489.57;213489.03;34;0
2026.08.06 15:57:20;XAUUSD;5;1786028685;CONSECUTIVE_LOSS_PAUSE;losses=3 pauseUntil=2026.08.06 16:12:20;MANAGE_PROFIT;SAFE;1;0;1;-1;-1;4271.79;-0.54;-0.54;3.12;-13.72;KELLY_LITE;true;0.04;213504.13;0.0417;KELLY_LITE(mult=1.00 taper=1.00 n=4)+CONSEC_REDUCE(0.50)+HARD_RISK_CAP(2.0%)+MAXLOSS_CAP;213489.57;213489.03;34;0
2026.08.06 15:57:20;XAUUSD;5;1786028685;CYCLE_RESET;oldState=MANAGE_PROFIT realizedPnL=-14.56 peak=3.12 worst=-13.72 pyramid=1 consLosses=3 reason=chaser_flip;MANAGE_PROFIT;SAFE;1;0;1;-1;-1;4271.79;-0.54;-0.54;3.12;-13.72;KELLY_LITE;true;0.04;213504.13;0.0417;KELLY_LITE(mult=1.00 taper=1.00 n=4)+CONSEC_REDUCE(0.50)+HARD_RISK_CAP(2.0%)+MAXLOSS_CAP;213489.57;213489.03;34;0
2026.08.06 16:07:49;XAUUSD;5;1786028686;EXIT_TIME_LOSS;held=10 profit=-10.11;MANAGE_PROFIT;SAFE;1;0;1;-1;-1;4268.31;-10.11;-10.11;2.07;-19.02;KELLY_LITE;true;0.04;213504.13;0.0417;KELLY_LITE(mult=1.00 taper=1.00 n=4)+CONSEC_REDUCE(0.50)+HARD_RISK_CAP(2.0%)+MAXLOSS_CAP;213489.57;213479.46;34;0
2026.08.06 16:07:49;XAUUSD;5;1786028686;POSITION_CLOSED;ticket=118091728 reason=time_loss_exit lots=0.03 price=4271.68 pnl=-10.11;MANAGE_PROFIT;SAFE;0;0;1;-1;-1;4268.31;0.00;0.00;2.07;-19.02;KELLY_LITE;true;0.04;213504.13;0.0417;KELLY_LITE(mult=1.00 taper=1.00 n=4)+CONSEC_REDUCE(0.50)+HARD_RISK_CAP(2.0%)+MAXLOSS_CAP;213478.71;213478.71;33;0
2026.08.06 16:07:49;XAUUSD;5;1786028686;CONSECUTIVE_LOSS_PAUSE;losses=4 pauseUntil=2026.08.06 16:22:49;RESET;SAFE;0;0;0;-1;-1;4268.31;0.00;0.00;2.07;-19.02;KELLY_LITE;true;0.04;213504.13;0.0417;KELLY_LITE(mult=1.00 taper=1.00 n=4)+CONSEC_REDUCE(0.50)+HARD_RISK_CAP(2.0%)+MAXLOSS_CAP;213478.71;213478.71;33;0
2026.08.06 16:07:49;XAUUSD;5;1786028686;CONSEC_LOSS_HARD_STOP;losses=4 threshold=4 pause=3600s;RESET;SAFE;0;0;0;-1;-1;4268.31;0.00;0.00;2.07;-19.02;KELLY_LITE;true;0.04;213504.13;0.0417;KELLY_LITE(mult=1.00 taper=1.00 n=4)+CONSEC_REDUCE(0.50)+HARD_RISK_CAP(2.0%)+MAXLOSS_CAP;213478.71;213478.71;33;0
2026.08.06 16:07:49;XAUUSD;5;1786028686;CYCLE_RESET;oldState=RESET realizedPnL=-25.42 peak=2.07 worst=-19.02 pyramid=0 consLosses=4;RESET;SAFE;0;0;0;-1;-1;4268.31;0.00;0.00;2.07;-19.02;KELLY_LITE;true;0.04;213504.13;0.0417;KELLY_LITE(mult=1.00 taper=1.00 n=4)+CONSEC_REDUCE(0.50)+HARD_RISK_CAP(2.0%)+MAXLOSS_CAP;213478.71;213478.71;33;0
2026.08.06 17:07:49;XAUUSD;5;1786028686;FILTER_BLOCK_TREND_DISAGREE;TREND_DISAGREE (main=-1 fast=1 rsi=34.2, no extreme);BLOCKED;SAFE;0;0;0;-1;-1;0.00;0.00;0.00;0.00;0.00;KELLY_LITE;true;0.04;213504.13;0.0417;KELLY_LITE(mult=1.00 taper=1.00 n=4)+CONSEC_REDUCE(0.50)+HARD_RISK_CAP(2.0%)+MAXLOSS_CAP;213478.71;213478.71;33;0
2026.08.06 17:12:49;XAUUSD;5;1786028687;PLACE_PENDING_START;cycle=1786028687 trend=-1 consecLosses=4 preset=AGGRESSIVE;PLACE_PENDING;SAFE;0;0;0;-1;-1;0.00;0.00;0.00;0.00;0.00;KELLY_LITE;true;0.04;213504.13;0.0417;KELLY_LITE(mult=1.00 taper=1.00 n=4)+CONSEC_REDUCE(0.50)+HARD_RISK_CAP(2.0%)+MAXLOSS_CAP;213478.71;213478.71;36;0
2026.08.06 17:12:49;XAUUSD;5;1786028687;DIR_OCO_PLACED;dir=BEAR ticket=118105397 price=4233.59 sl=4248.59 tp=4211.09 lot=0.04 dist=2.79;PLACE_PENDING;SAFE;0;1;0;-1;118105397;0.00;0.00;0.00;0.00;0.00;KELLY_LITE;true;0.04;213478.71;0.0417;KELLY_LITE(mult=0.90 taper=1.00 n=6)+CONSEC_REDUCE(0.50)+TIME_REDUCE(50%)+HARD_RISK_CAP(2.0%)+MAXLOSS_CAP;213478.71;213478.71;36;0
2026.08.06 17:12:50;XAUUSD;5;1786028687;DIR_OCO_COUNTER_PLACED;dir=BULL(counter) ticket=118105402 price=4239.51 lot=0.03;PLACE_PENDING;SAFE;0;2;0;118105402;118105397;0.00;0.00;0.00;0.00;0.00;KELLY_LITE;true;0.04;213478.71;0.0417;KELLY_LITE(mult=0.90 taper=1.00 n=6)+CONSEC_REDUCE(0.50)+TIME_REDUCE(50%)+HARD_RISK_CAP(2.0%)+MAXLOSS_CAP;213478.71;213478.71;36;0
2026.08.06 17:12:55;XAUUSD;5;1786028687;SELL_STOP_TRAILED;Old=4233.59 New=4233.93;WAIT_TRIGGER;SAFE;0;2;0;118105402;118105397;0.00;0.00;0.00;0.00;0.00;KELLY_LITE;true;0.04;213478.71;0.0417;KELLY_LITE(mult=0.90 taper=1.00 n=6)+CONSEC_REDUCE(0.50)+TIME_REDUCE(50%)+HARD_RISK_CAP(2.0%)+MAXLOSS_CAP;213478.71;213478.71;36;0
2026.08.06 17:13:05;XAUUSD;5;1786028687;SELL_STOP_TRAILED;Old=4233.93 New=4234.36;WAIT_TRIGGER;SAFE;0;2;0;118105402;118105397;0.00;0.00;0.00;0.00;0.00;KELLY_LITE;true;0.04;213478.71;0.0417;KELLY_LITE(mult=0.90 taper=1.00 n=6)+CONSEC_REDUCE(0.50)+TIME_REDUCE(50%)+HARD_RISK_CAP(2.0%)+MAXLOSS_CAP;213478.71;213478.71;36;0
2026.08.06 17:13:11;XAUUSD;5;1786028687;BUY_STOP_TRAILED;Old=4239.51 New=4239.12;WAIT_TRIGGER;SAFE;0;2;0;118105402;118105397;0.00;0.00;0.00;0.00;0.00;KELLY_LITE;true;0.04;213478.71;0.0417;KELLY_LITE(mult=0.90 taper=1.00 n=6)+CONSEC_REDUCE(0.50)+TIME_REDUCE(50%)+HARD_RISK_CAP(2.0%)+MAXLOSS_CAP;213478.71;213478.71;33;0
2026.08.06 17:13:15;XAUUSD;5;1786028687;BUY_STOP_TRAILED;Old=4239.12 New=4238.80;WAIT_TRIGGER;SAFE;0;2;0;118105402;118105397;0.00;0.00;0.00;0.00;0.00;KELLY_LITE;true;0.04;213478.71;0.0417;KELLY_LITE(mult=0.90 taper=1.00 n=6)+CONSEC_REDUCE(0.50)+TIME_REDUCE(50%)+HARD_RISK_CAP(2.0%)+MAXLOSS_CAP;213478.71;213478.71;36;0
2026.08.06 17:13:18;XAUUSD;5;1786028687;BUY_STOP_TRAILED;Old=4238.80 New=4238.44;WAIT_TRIGGER;SAFE;0;2;0;118105402;118105397;0.00;0.00;0.00;0.00;0.00;KELLY_LITE;true;0.04;213478.71;0.0417;KELLY_LITE(mult=0.90 taper=1.00 n=6)+CONSEC_REDUCE(0.50)+TIME_REDUCE(50%)+HARD_RISK_CAP(2.0%)+MAXLOSS_CAP;213478.71;213478.71;34;0
2026.08.06 17:13:28;XAUUSD;5;1786028687;BUY_STOP_TRAILED;Old=4238.44 New=4237.98;WAIT_TRIGGER;SAFE;0;2;0;118105402;118105397;0.00;0.00;0.00;0.00;0.00;KELLY_LITE;true;0.04;213478.71;0.0417;KELLY_LITE(mult=0.90 taper=1.00 n=6)+CONSEC_REDUCE(0.50)+TIME_REDUCE(50%)+HARD_RISK_CAP(2.0%)+MAXLOSS_CAP;213478.71;213478.71;36;0
2026.08.06 17:13:35;XAUUSD;5;1786028687;BUY_STOP_TRAILED;Old=4237.98 New=4237.63;WAIT_TRIGGER;SAFE;1;1;0;118105402;118105397;0.00;-0.20;-0.20;0.00;0.00;KELLY_LITE;true;0.04;213478.71;0.0417;KELLY_LITE(mult=0.90 taper=1.00 n=6)+CONSEC_REDUCE(0.50)+TIME_REDUCE(50%)+HARD_RISK_CAP(2.0%)+MAXLOSS_CAP;213478.71;213478.51;36;0
2026.08.06 17:13:35;XAUUSD;5;1786028687;OCO_TRIGGERED_SELL;ticket=118105397 entry=4234.36;POSITION_ACTIVE;SAFE;1;1;0;118105402;-1;0.00;-0.20;-0.20;0.00;0.00;KELLY_LITE;true;0.04;213478.71;0.0417;KELLY_LITE(mult=0.90 taper=1.00 n=6)+CONSEC_REDUCE(0.50)+TIME_REDUCE(50%)+HARD_RISK_CAP(2.0%)+MAXLOSS_CAP;213478.71;213478.51;36;0
2026.08.06 17:13:35;XAUUSD;5;1786028687;OPPOSITE_TRAIL_ARMED;opposite_ticket=118105402 will trail price;POSITION_ACTIVE;SAFE;1;1;0;118105402;-1;0.00;-0.20;-0.20;0.00;0.00;KELLY_LITE;true;0.04;213478.71;0.0417;KELLY_LITE(mult=0.90 taper=1.00 n=6)+CONSEC_REDUCE(0.50)+TIME_REDUCE(50%)+HARD_RISK_CAP(2.0%)+MAXLOSS_CAP;213478.71;213478.51;36;0
2026.08.06 17:13:59;XAUUSD;5;1786028687;SL_MODIFIED;ticket=118105397 oldSL=4246.36 newSL=4233.11 reason=break_even_lock_leg_0;MANAGE_PROFIT;SAFE;1;1;1;-1;-1;4234.36;8.36;8.36;8.20;-0.24;KELLY_LITE;true;0.04;213478.71;0.0417;KELLY_LITE(mult=0.90 taper=1.00 n=6)+CONSEC_REDUCE(0.50)+TIME_REDUCE(50%)+HARD_RISK_CAP(2.0%)+MAXLOSS_CAP;213478.71;213487.07;36;0
2026.08.06 17:13:59;XAUUSD;5;1786028687;PROFIT_RATCHET_LOCKED;floor=2.77 peak=8.20;MANAGE_PROFIT;SAFE;1;1;1;-1;-1;4234.36;8.36;8.36;8.20;-0.24;KELLY_LITE;true;0.04;213478.71;0.0417;KELLY_LITE(mult=0.90 taper=1.00 n=6)+CONSEC_REDUCE(0.50)+TIME_REDUCE(50%)+HARD_RISK_CAP(2.0%)+MAXLOSS_CAP;213478.71;213487.07;36;0
2026.08.06 17:13:59;XAUUSD;5;1786028687;PROFIT_RATCHET_LOCKED;floor=2.82 peak=8.36;MANAGE_PROFIT;SAFE;1;1;1;-1;-1;4234.36;8.36;8.36;8.36;-0.24;KELLY_LITE;true;0.04;213478.71;0.0417;KELLY_LITE(mult=0.90 taper=1.00 n=6)+CONSEC_REDUCE(0.50)+TIME_REDUCE(50%)+HARD_RISK_CAP(2.0%)+MAXLOSS_CAP;213478.71;213487.07;36;0
2026.08.06 17:13:59;XAUUSD;5;1786028687;PROFIT_RATCHET_LOCKED;floor=3.00 peak=8.88;MANAGE_PROFIT;SAFE;1;1;1;-1;-1;4234.36;8.88;8.88;8.88;-0.24;KELLY_LITE;true;0.04;213478.71;0.0417;KELLY_LITE(mult=0.90 taper=1.00 n=6)+CONSEC_REDUCE(0.50)+TIME_REDUCE(50%)+HARD_RISK_CAP(2.0%)+MAXLOSS_CAP;213478.71;213487.59;36;0
2026.08.06 17:13:59;XAUUSD;5;1786028687;PROFIT_RATCHET_LOCKED;floor=3.00 peak=8.88;MANAGE_PROFIT;SAFE;1;1;1;-1;-1;4234.36;8.76;8.76;8.88;-0.24;KELLY_LITE;true;0.04;213478.71;0.0417;KELLY_LITE(mult=0.90 taper=1.00 n=6)+CONSEC_REDUCE(0.50)+TIME_REDUCE(50%)+HARD_RISK_CAP(2.0%)+MAXLOSS_CAP;213478.71;213487.47;36;0
2026.08.06 17:14:00;XAUUSD;5;1786028687;PROFIT_RATCHET_LOCKED;floor=3.00 peak=8.88;MANAGE_PROFIT;SAFE;1;1;1;-1;-1;4234.36;8.68;8.68;8.88;-0.24;KELLY_LITE;true;0.04;213478.71;0.0417;KELLY_LITE(mult=0.90 taper=1.00 n=6)+CONSEC_REDUCE(0.50)+TIME_REDUCE(50%)+HARD_RISK_CAP(2.0%)+MAXLOSS_CAP;213478.71;213487.39;36;0
2026.08.06 17:14:00;XAUUSD;5;1786028687;PROFIT_RATCHET_LOCKED;floor=3.28 peak=9.72;MANAGE_PROFIT;SAFE;1;1;1;-1;-1;4234.36;9.72;9.72;9.72;-0.24;KELLY_LITE;true;0.04;213478.71;0.0417;KELLY_LITE(mult=0.90 taper=1.00 n=6)+CONSEC_REDUCE(0.50)+TIME_REDUCE(50%)+HARD_RISK_CAP(2.0%)+MAXLOSS_CAP;213478.71;213488.43;37;0
2026.08.06 17:14:00;XAUUSD;5;1786028687;PROFIT_RATCHET_LOCKED;floor=3.33 peak=9.88;MANAGE_PROFIT;SAFE;1;1;1;-1;-1;4234.36;9.88;9.88;9.88;-0.24;KELLY_LITE;true;0.04;213478.71;0.0417;KELLY_LITE(mult=0.90 taper=1.00 n=6)+CONSEC_REDUCE(0.50)+TIME_REDUCE(50%)+HARD_RISK_CAP(2.0%)+MAXLOSS_CAP;213478.71;213488.59;36;0
2026.08.06 17:14:00;XAUUSD;5;1786028687;PROFIT_RATCHET_LOCKED;floor=3.44 peak=10.20;MANAGE_PROFIT;SAFE;1;1;1;-1;-1;4234.36;10.20;10.20;10.20;-0.24;KELLY_LITE;true;0.04;213478.71;0.0417;KELLY_LITE(mult=0.90 taper=1.00 n=6)+CONSEC_REDUCE(0.50)+TIME_REDUCE(50%)+HARD_RISK_CAP(2.0%)+MAXLOSS_CAP;213478.71;213488.91;36;0
2026.08.06 17:14:00;XAUUSD;5;1786028687;PROFIT_RATCHET_LOCKED;floor=3.44 peak=10.20;MANAGE_PROFIT;SAFE;1;1;1;-1;-1;4234.36;9.72;9.72;10.20;-0.24;KELLY_LITE;true;0.04;213478.71;0.0417;KELLY_LITE(mult=0.90 taper=1.00 n=6)+CONSEC_REDUCE(0.50)+TIME_REDUCE(50%)+HARD_RISK_CAP(2.0%)+MAXLOSS_CAP;213478.71;213488.43;33;0
2026.08.06 17:14:01;XAUUSD;5;1786028687;PROFIT_RATCHET_LOCKED;floor=3.44 peak=10.20;MANAGE_PROFIT;SAFE;1;1;1;-1;-1;4234.36;9.88;9.88;10.20;-0.24;KELLY_LITE;true;0.04;213478.71;0.0417;KELLY_LITE(mult=0.90 taper=1.00 n=6)+CONSEC_REDUCE(0.50)+TIME_REDUCE(50%)+HARD_RISK_CAP(2.0%)+MAXLOSS_CAP;213478.71;213488.59;36;0
2026.08.06 17:14:01;XAUUSD;5;1786028687;PROFIT_RATCHET_LOCKED;floor=3.51 peak=10.40;MANAGE_PROFIT;SAFE;1;1;1;-1;-1;4234.36;10.40;10.40;10.40;-0.24;KELLY_LITE;true;0.04;213478.71;0.0417;KELLY_LITE(mult=0.90 taper=1.00 n=6)+CONSEC_REDUCE(0.50)+TIME_REDUCE(50%)+HARD_RISK_CAP(2.0%)+MAXLOSS_CAP;213478.71;213489.11;35;0
2026.08.06 17:14:01;XAUUSD;5;1786028687;PROFIT_RATCHET_LOCKED;floor=3.51 peak=10.40;MANAGE_PROFIT;SAFE;1;1;1;-1;-1;4234.36;10.20;10.20;10.40;-0.24;KELLY_LITE;true;0.04;213478.71;0.0417;KELLY_LITE(mult=0.90 taper=1.00 n=6)+CONSEC_REDUCE(0.50)+TIME_REDUCE(50%)+HARD_RISK_CAP(2.0%)+MAXLOSS_CAP;213478.71;213488.91;36;0
2026.08.06 17:14:01;XAUUSD;5;1786028687;PROFIT_RATCHET_LOCKED;floor=3.51 peak=10.40;MANAGE_PROFIT;SAFE;1;1;1;-1;-1;4234.36;9.72;9.72;10.40;-0.24;KELLY_LITE;true;0.04;213478.71;0.0417;KELLY_LITE(mult=0.90 taper=1.00 n=6)+CONSEC_REDUCE(0.50)+TIME_REDUCE(50%)+HARD_RISK_CAP(2.0%)+MAXLOSS_CAP;213478.71;213488.43;36;0
2026.08.06 17:14:01;XAUUSD;5;1786028687;PROFIT_RATCHET_LOCKED;floor=3.51 peak=10.40;MANAGE_PROFIT;SAFE;1;1;1;-1;-1;4234.36;9.64;9.64;10.40;-0.24;KELLY_LITE;true;0.04;213478.71;0.0417;KELLY_LITE(mult=0.90 taper=1.00 n=6)+CONSEC_REDUCE(0.50)+TIME_REDUCE(50%)+HARD_RISK_CAP(2.0%)+MAXLOSS_CAP;213478.71;213488.35;36;0
2026.08.06 17:14:02;XAUUSD;5;1786028687;PROFIT_RATCHET_LOCKED;floor=3.51 peak=10.40;MANAGE_PROFIT;SAFE;1;1;1;-1;-1;4234.36;9.44;9.44;10.40;-0.24;KELLY_LITE;true;0.04;213478.71;0.0417;KELLY_LITE(mult=0.90 taper=1.00 n=6)+CONSEC_REDUCE(0.50)+TIME_REDUCE(50%)+HARD_RISK_CAP(2.0%)+MAXLOSS_CAP;213478.71;213488.15;33;0
2026.08.06 17:14:02;XAUUSD;5;1786028687;PROFIT_RATCHET_LOCKED;floor=3.51 peak=10.40;MANAGE_PROFIT;SAFE;1;1;1;-1;-1;4234.36;9.92;9.92;10.40;-0.24;KELLY_LITE;true;0.04;213478.71;0.0417;KELLY_LITE(mult=0.90 taper=1.00 n=6)+CONSEC_REDUCE(0.50)+TIME_REDUCE(50%)+HARD_RISK_CAP(2.0%)+MAXLOSS_CAP;213478.71;213488.63;36;0
2026.08.06 17:14:02;XAUUSD;5;1786028687;PROFIT_RATCHET_LOCKED;floor=3.51 peak=10.40;MANAGE_PROFIT;SAFE;1;1;1;-1;-1;4234.36;9.56;9.56;10.40;-0.24;KELLY_LITE;true;0.04;213478.71;0.0417;KELLY_LITE(mult=0.90 taper=1.00 n=6)+CONSEC_REDUCE(0.50)+TIME_REDUCE(50%)+HARD_RISK_CAP(2.0%)+MAXLOSS_CAP;213478.71;213488.27;36;0
2026.08.06 17:14:02;XAUUSD;5;1786028687;PROFIT_RATCHET_LOCKED;floor=3.51 peak=10.40;MANAGE_PROFIT;SAFE;1;1;1;-1;-1;4234.36;10.16;10.16;10.40;-0.24;KELLY_LITE;true;0.04;213478.71;0.0417;KELLY_LITE(mult=0.90 taper=1.00 n=6)+CONSEC_REDUCE(0.50)+TIME_REDUCE(50%)+HARD_RISK_CAP(2.0%)+MAXLOSS_CAP;213478.71;213488.87;36;0
2026.08.06 17:14:03;XAUUSD;5;1786028687;PROFIT_RATCHET_LOCKED;floor=3.51 peak=10.40;MANAGE_PROFIT;SAFE;1;1;1;-1;-1;4234.36;10.12;10.12;10.40;-0.24;KELLY_LITE;true;0.04;213478.71;0.0417;KELLY_LITE(mult=0.90 taper=1.00 n=6)+CONSEC_REDUCE(0.50)+TIME_REDUCE(50%)+HARD_RISK_CAP(2.0%)+MAXLOSS_CAP;213478.71;213488.83;36;0
2026.08.06 17:14:03;XAUUSD;5;1786028687;PROFIT_RATCHET_LOCKED;floor=3.51 peak=10.40;MANAGE_PROFIT;SAFE;1;1;1;-1;-1;4234.36;9.80;9.80;10.40;-0.24;KELLY_LITE;true;0.04;213478.71;0.0417;KELLY_LITE(mult=0.90 taper=1.00 n=6)+CONSEC_REDUCE(0.50)+TIME_REDUCE(50%)+HARD_RISK_CAP(2.0%)+MAXLOSS_CAP;213478.71;213488.51;36;0
2026.08.06 17:14:03;XAUUSD;5;1786028687;PROFIT_RATCHET_LOCKED;floor=3.67 peak=10.88;MANAGE_PROFIT;SAFE;1;1;1;-1;-1;4234.36;10.88;10.88;10.88;-0.24;KELLY_LITE;true;0.04;213478.71;0.0417;KELLY_LITE(mult=0.90 taper=1.00 n=6)+CONSEC_REDUCE(0.50)+TIME_REDUCE(50%)+HARD_RISK_CAP(2.0%)+MAXLOSS_CAP;213478.71;213489.59;37;0
2026.08.06 17:14:03;XAUUSD;5;1786028687;PROFIT_RATCHET_LOCKED;floor=3.71 peak=11.00;MANAGE_PROFIT;SAFE;1;1;1;-1;-1;4234.36;11.00;11.00;11.00;-0.24;KELLY_LITE;true;0.04;213478.71;0.0417;KELLY_LITE(mult=0.90 taper=1.00 n=6)+CONSEC_REDUCE(0.50)+TIME_REDUCE(50%)+HARD_RISK_CAP(2.0%)+MAXLOSS_CAP;213478.71;213489.71;36;0
2026.08.06 17:14:03;XAUUSD;5;1786028687;PROFIT_RATCHET_LOCKED;floor=3.71 peak=11.00;MANAGE_PROFIT;SAFE;1;1;1;-1;-1;4234.36;10.76;10.76;11.00;-0.24;KELLY_LITE;true;0.04;213478.71;0.0417;KELLY_LITE(mult=0.90 taper=1.00 n=6)+CONSEC_REDUCE(0.50)+TIME_REDUCE(50%)+HARD_RISK_CAP(2.0%)+MAXLOSS_CAP;213478.71;213489.47;36;0
2026.08.06 17:14:04;XAUUSD;5;1786028687;PROFIT_RATCHET_LOCKED;floor=3.71 peak=11.00;MANAGE_PROFIT;SAFE;1;1;1;-1;-1;4234.36;10.72;10.72;11.00;-0.24;KELLY_LITE;true;0.04;213478.71;0.0417;KELLY_LITE(mult=0.90 taper=1.00 n=6)+CONSEC_REDUCE(0.50)+TIME_REDUCE(50%)+HARD_RISK_CAP(2.0%)+MAXLOSS_CAP;213478.71;213489.43;36;0
2026.08.06 17:14:04;XAUUSD;5;1786028687;PROFIT_RATCHET_LOCKED;floor=3.71 peak=11.00;MANAGE_PROFIT;SAFE;1;1;1;-1;-1;4234.36;10.28;10.28;11.00;-0.24;KELLY_LITE;true;0.04;213478.71;0.0417;KELLY_LITE(mult=0.90 taper=1.00 n=6)+CONSEC_REDUCE(0.50)+TIME_REDUCE(50%)+HARD_RISK_CAP(2.0%)+MAXLOSS_CAP;213478.71;213488.99;34;0
2026.08.06 17:14:04;XAUUSD;5;1786028687;PROFIT_RATCHET_LOCKED;floor=3.71 peak=11.00;MANAGE_PROFIT;SAFE;1;1;1;-1;-1;4234.36;10.48;10.48;11.00;-0.24;KELLY_LITE;true;0.04;213478.71;0.0417;KELLY_LITE(mult=0.90 taper=1.00 n=6)+CONSEC_REDUCE(0.50)+TIME_REDUCE(50%)+HARD_RISK_CAP(2.0%)+MAXLOSS_CAP;213478.71;213489.19;33;0
2026.08.06 17:14:04;XAUUSD;5;1786028687;PROFIT_RATCHET_LOCKED;floor=3.71 peak=11.00;MANAGE_PROFIT;SAFE;1;1;1;-1;-1;4234.36;10.68;10.68;11.00;-0.24;KELLY_LITE;true;0.04;213478.71;0.0417;KELLY_LITE(mult=0.90 taper=1.00 n=6)+CONSEC_REDUCE(0.50)+TIME_REDUCE(50%)+HARD_RISK_CAP(2.0%)+MAXLOSS_CAP;213478.71;213489.39;36;0
2026.08.06 17:14:04;XAUUSD;5;1786028687;PROFIT_RATCHET_LOCKED;floor=3.71 peak=11.00;MANAGE_PROFIT;SAFE;1;1;1;-1;-1;4234.36;10.56;10.56;11.00;-0.24;KELLY_LITE;true;0.04;213478.71;0.0417;KELLY_LITE(mult=0.90 taper=1.00 n=6)+CONSEC_REDUCE(0.50)+TIME_REDUCE(50%)+HARD_RISK_CAP(2.0%)+MAXLOSS_CAP;213478.71;213489.27;36;0
2026.08.06 17:14:05;XAUUSD;5;1786028687;PROFIT_RATCHET_LOCKED;floor=3.71 peak=11.00;MANAGE_PROFIT;SAFE;1;1;1;-1;-1;4234.36;10.60;10.60;11.00;-0.24;KELLY_LITE;true;0.04;213478.71;0.0417;KELLY_LITE(mult=0.90 taper=1.00 n=6)+CONSEC_REDUCE(0.50)+TIME_REDUCE(50%)+HARD_RISK_CAP(2.0%)+MAXLOSS_CAP;213478.71;213489.31;36;0
2026.08.06 17:14:05;XAUUSD;5;1786028687;PROFIT_RATCHET_LOCKED;floor=3.89 peak=11.52;MANAGE_PROFIT;SAFE;1;1;1;-1;-1;4234.36;11.52;11.52;11.52;-0.24;KELLY_LITE;true;0.04;213478.71;0.0417;KELLY_LITE(mult=0.90 taper=1.00 n=6)+CONSEC_REDUCE(0.50)+TIME_REDUCE(50%)+HARD_RISK_CAP(2.0%)+MAXLOSS_CAP;213478.71;213490.23;33;0
2026.08.06 17:14:05;XAUUSD;5;1786028687;PROFIT_RATCHET_LOCKED;floor=4.20 peak=12.44;MANAGE_PROFIT;SAFE;1;1;1;-1;-1;4234.36;12.44;12.44;12.44;-0.24;KELLY_LITE;true;0.04;213478.71;0.0417;KELLY_LITE(mult=0.90 taper=1.00 n=6)+CONSEC_REDUCE(0.50)+TIME_REDUCE(50%)+HARD_RISK_CAP(2.0%)+MAXLOSS_CAP;213478.71;213491.15;33;0
2026.08.06 17:14:05;XAUUSD;5;1786028687;PROFIT_RATCHET_LOCKED;floor=4.20 peak=12.44;MANAGE_PROFIT;SAFE;1;1;1;-1;-1;4234.36;12.36;12.36;12.44;-0.24;KELLY_LITE;true;0.04;213478.71;0.0417;KELLY_LITE(mult=0.90 taper=1.00 n=6)+CONSEC_REDUCE(0.50)+TIME_REDUCE(50%)+HARD_RISK_CAP(2.0%)+MAXLOSS_CAP;213478.71;213491.07;33;0
2026.08.06 17:14:06;XAUUSD;5;1786028687;PROFIT_RATCHET_LOCKED;floor=4.20 peak=12.44;MANAGE_PROFIT;SAFE;1;1;1;-1;-1;4234.36;11.80;11.80;12.44;-0.24;KELLY_LITE;true;0.04;213478.71;0.0417;KELLY_LITE(mult=0.90 taper=1.00 n=6)+CONSEC_REDUCE(0.50)+TIME_REDUCE(50%)+HARD_RISK_CAP(2.0%)+MAXLOSS_CAP;213478.71;213490.51;36;0
2026.08.06 17:14:06;XAUUSD;5;1786028687;PROFIT_RATCHET_LOCKED;floor=4.27 peak=12.64;MANAGE_PROFIT;SAFE;1;1;1;-1;-1;4234.36;12.64;12.64;12.64;-0.24;KELLY_LITE;true;0.04;213478.71;0.0417;KELLY_LITE(mult=0.90 taper=1.00 n=6)+CONSEC_REDUCE(0.50)+TIME_REDUCE(50%)+HARD_RISK_CAP(2.0%)+MAXLOSS_CAP;213478.71;213491.35;35;0
2026.08.06 17:14:06;XAUUSD;5;1786028687;PROFIT_RATCHET_LOCKED;floor=4.27 peak=12.64;MANAGE_PROFIT;SAFE;1;1;1;-1;-1;4234.36;10.48;10.48;12.64;-0.24;KELLY_LITE;true;0.04;213478.71;0.0417;KELLY_LITE(mult=0.90 taper=1.00 n=6)+CONSEC_REDUCE(0.50)+TIME_REDUCE(50%)+HARD_RISK_CAP(2.0%)+MAXLOSS_CAP;213478.71;213489.19;36;0
2026.08.06 17:14:06;XAUUSD;5;1786028687;PROFIT_RATCHET_LOCKED;floor=4.27 peak=12.64;MANAGE_PROFIT;SAFE;1;1;1;-1;-1;4234.36;11.32;11.32;12.64;-0.24;KELLY_LITE;true;0.04;213478.71;0.0417;KELLY_LITE(mult=0.90 taper=1.00 n=6)+CONSEC_REDUCE(0.50)+TIME_REDUCE(50%)+HARD_RISK_CAP(2.0%)+MAXLOSS_CAP;213478.71;213490.03;36;0
2026.08.06 17:14:06;XAUUSD;5;1786028687;PROFIT_RATCHET_LOCKED;floor=4.27 peak=12.64;MANAGE_PROFIT;SAFE;1;1;1;-1;-1;4234.36;11.60;11.60;12.64;-0.24;KELLY_LITE;true;0.04;213478.71;0.0417;KELLY_LITE(mult=0.90 taper=1.00 n=6)+CONSEC_REDUCE(0.50)+TIME_REDUCE(50%)+HARD_RISK_CAP(2.0%)+MAXLOSS_CAP;213478.71;213490.31;36;0
2026.08.06 17:14:07;XAUUSD;5;1786028687;PROFIT_RATCHET_LOCKED;floor=4.27 peak=12.64;MANAGE_PROFIT;SAFE;1;1;1;-1;-1;4234.36;11.68;11.68;12.64;-0.24;KELLY_LITE;true;0.04;213478.71;0.0417;KELLY_LITE(mult=0.90 taper=1.00 n=6)+CONSEC_REDUCE(0.50)+TIME_REDUCE(50%)+HARD_RISK_CAP(2.0%)+MAXLOSS_CAP;213478.71;213490.39;36;0
2026.08.06 17:14:07;XAUUSD;5;1786028687;PROFIT_RATCHET_LOCKED;floor=4.27 peak=12.64;MANAGE_PROFIT;SAFE;1;1;1;-1;-1;4234.36;12.12;12.12;12.64;-0.24;KELLY_LITE;true;0.04;213478.71;0.0417;KELLY_LITE(mult=0.90 taper=1.00 n=6)+CONSEC_REDUCE(0.50)+TIME_REDUCE(50%)+HARD_RISK_CAP(2.0%)+MAXLOSS_CAP;213478.71;213490.83;35;0
2026.08.06 17:14:07;XAUUSD;5;1786028687;PROFIT_RATCHET_LOCKED;floor=4.27 peak=12.64;MANAGE_PROFIT;SAFE;1;1;1;-1;-1;4234.36;12.32;12.32;12.64;-0.24;KELLY_LITE;true;0.04;213478.71;0.0417;KELLY_LITE(mult=0.90 taper=1.00 n=6)+CONSEC_REDUCE(0.50)+TIME_REDUCE(50%)+HARD_RISK_CAP(2.0%)+MAXLOSS_CAP;213478.71;213491.03;36;0
2026.08.06 17:14:07;XAUUSD;5;1786028687;PROFIT_RATCHET_LOCKED;floor=4.27 peak=12.64;MANAGE_PROFIT;SAFE;1;1;1;-1;-1;4234.36;12.28;12.28;12.64;-0.24;KELLY_LITE;true;0.04;213478.71;0.0417;KELLY_LITE(mult=0.90 taper=1.00 n=6)+CONSEC_REDUCE(0.50)+TIME_REDUCE(50%)+HARD_RISK_CAP(2.0%)+MAXLOSS_CAP;213478.71;213490.99;36;0
2026.08.06 17:14:07;XAUUSD;5;1786028687;PROFIT_RATCHET_LOCKED;floor=4.27 peak=12.64;MANAGE_PROFIT;SAFE;1;1;1;-1;-1;4234.36;12.16;12.16;12.64;-0.24;KELLY_LITE;true;0.04;213478.71;0.0417;KELLY_LITE(mult=0.90 taper=1.00 n=6)+CONSEC_REDUCE(0.50)+TIME_REDUCE(50%)+HARD_RISK_CAP(2.0%)+MAXLOSS_CAP;213478.71;213490.87;36;0
2026.08.06 17:14:08;XAUUSD;5;1786028687;PROFIT_RATCHET_LOCKED;floor=4.27 peak=12.64;MANAGE_PROFIT;SAFE;1;1;1;-1;-1;4234.36;11.72;11.72;12.64;-0.24;KELLY_LITE;true;0.04;213478.71;0.0417;KELLY_LITE(mult=0.90 taper=1.00 n=6)+CONSEC_REDUCE(0.50)+TIME_REDUCE(50%)+HARD_RISK_CAP(2.0%)+MAXLOSS_CAP;213478.71;213490.43;36;0
2026.08.06 17:14:08;XAUUSD;5;1786028687;PROFIT_RATCHET_LOCKED;floor=4.27 peak=12.64;MANAGE_PROFIT;SAFE;1;1;1;-1;-1;4234.36;11.32;11.32;12.64;-0.24;KELLY_LITE;true;0.04;213478.71;0.0417;KELLY_LITE(mult=0.90 taper=1.00 n=6)+CONSEC_REDUCE(0.50)+TIME_REDUCE(50%)+HARD_RISK_CAP(2.0%)+MAXLOSS_CAP;213478.71;213490.03;36;0
2026.08.06 17:14:08;XAUUSD;5;1786028687;PROFIT_RATCHET_LOCKED;floor=4.27 peak=12.64;MANAGE_PROFIT;SAFE;1;1;1;-1;-1;4234.36;11.64;11.64;12.64;-0.24;KELLY_LITE;true;0.04;213478.71;0.0417;KELLY_LITE(mult=0.90 taper=1.00 n=6)+CONSEC_REDUCE(0.50)+TIME_REDUCE(50%)+HARD_RISK_CAP(2.0%)+MAXLOSS_CAP;213478.71;213490.35;36;0
2026.08.06 17:14:08;XAUUSD;5;1786028687;PROFIT_RATCHET_LOCKED;floor=4.27 peak=12.64;MANAGE_PROFIT;SAFE;1;1;1;-1;-1;4234.36;12.16;12.16;12.64;-0.24;KELLY_LITE;true;0.04;213478.71;0.0417;KELLY_LITE(mult=0.90 taper=1.00 n=6)+CONSEC_REDUCE(0.50)+TIME_REDUCE(50%)+HARD_RISK_CAP(2.0%)+MAXLOSS_CAP;213478.71;213490.87;34;0
2026.08.06 17:14:08;XAUUSD;5;1786028687;PROFIT_RATCHET_LOCKED;floor=4.27 peak=12.64;MANAGE_PROFIT;SAFE;1;1;1;-1;-1;4234.36;12.00;12.00;12.64;-0.24;KELLY_LITE;true;0.04;213478.71;0.0417;KELLY_LITE(mult=0.90 taper=1.00 n=6)+CONSEC_REDUCE(0.50)+TIME_REDUCE(50%)+HARD_RISK_CAP(2.0%)+MAXLOSS_CAP;213478.71;213490.71;36;0
2026.08.06 17:14:09;XAUUSD;5;1786028687;PROFIT_RATCHET_LOCKED;floor=4.27 peak=12.64;MANAGE_PROFIT;SAFE;1;1;1;-1;-1;4234.36;12.20;12.20;12.64;-0.24;KELLY_LITE;true;0.04;213478.71;0.0417;KELLY_LITE(mult=0.90 taper=1.00 n=6)+CONSEC_REDUCE(0.50)+TIME_REDUCE(50%)+HARD_RISK_CAP(2.0%)+MAXLOSS_CAP;213478.71;213490.91;36;0
2026.08.06 17:14:09;XAUUSD;5;1786028687;PROFIT_RATCHET_LOCKED;floor=4.27 peak=12.64;MANAGE_PROFIT;SAFE;1;1;1;-1;-1;4234.36;11.92;11.92;12.64;-0.24;KELLY_LITE;true;0.04;213478.71;0.0417;KELLY_LITE(mult=0.90 taper=1.00 n=6)+CONSEC_REDUCE(0.50)+TIME_REDUCE(50%)+HARD_RISK_CAP(2.0%)+MAXLOSS_CAP;213478.71;213490.63;36;0
2026.08.06 17:14:09;XAUUSD;5;1786028687;PROFIT_RATCHET_LOCKED;floor=4.27 peak=12.64;MANAGE_PROFIT;SAFE;1;1;1;-1;-1;4234.36;11.88;11.88;12.64;-0.24;KELLY_LITE;true;0.04;213478.71;0.0417;KELLY_LITE(mult=0.90 taper=1.00 n=6)+CONSEC_REDUCE(0.50)+TIME_REDUCE(50%)+HARD_RISK_CAP(2.0%)+MAXLOSS_CAP;213478.71;213490.59;36;0
2026.08.06 17:14:10;XAUUSD;5;1786028687;PROFIT_RATCHET_LOCKED;floor=4.27 peak=12.64;MANAGE_PROFIT;SAFE;1;1;1;-1;-1;4234.36;12.00;12.00;12.64;-0.24;KELLY_LITE;true;0.04;213478.71;0.0417;KELLY_LITE(mult=0.90 taper=1.00 n=6)+CONSEC_REDUCE(0.50)+TIME_REDUCE(50%)+HARD_RISK_CAP(2.0%)+MAXLOSS_CAP;213478.71;213490.71;36;0
2026.08.06 17:14:10;XAUUSD;5;1786028687;PROFIT_RATCHET_LOCKED;floor=4.27 peak=12.64;MANAGE_PROFIT;SAFE;1;1;1;-1;-1;4234.36;11.96;11.96;12.64;-0.24;KELLY_LITE;true;0.04;213478.71;0.0417;KELLY_LITE(mult=0.90 taper=1.00 n=6)+CONSEC_REDUCE(0.50)+TIME_REDUCE(50%)+HARD_RISK_CAP(2.0%)+MAXLOSS_CAP;213478.71;213490.67;36;0
2026.08.06 17:14:10;XAUUSD;5;1786028687;PROFIT_RATCHET_LOCKED;floor=4.27 peak=12.64;MANAGE_PROFIT;SAFE;1;1;1;-1;-1;4234.36;12.32;12.32;12.64;-0.24;KELLY_LITE;true;0.04;213478.71;0.0417;KELLY_LITE(mult=0.90 taper=1.00 n=6)+CONSEC_REDUCE(0.50)+TIME_REDUCE(50%)+HARD_RISK_CAP(2.0%)+MAXLOSS_CAP;213478.71;213491.03;36;0
2026.08.06 17:14:10;XAUUSD;5;1786028687;PROFIT_RATCHET_LOCKED;floor=4.27 peak=12.64;MANAGE_PROFIT;SAFE;1;1;1;-1;-1;4234.36;11.80;11.80;12.64;-0.24;KELLY_LITE;true;0.04;213478.71;0.0417;KELLY_LITE(mult=0.90 taper=1.00 n=6)+CONSEC_REDUCE(0.50)+TIME_REDUCE(50%)+HARD_RISK_CAP(2.0%)+MAXLOSS_CAP;213478.71;213490.51;36;0
2026.08.06 17:14:11;XAUUSD;5;1786028687;PROFIT_RATCHET_LOCKED;floor=4.27 peak=12.64;MANAGE_PROFIT;SAFE;1;1;1;-1;-1;4234.36;11.76;11.76;12.64;-0.24;KELLY_LITE;true;0.04;213478.71;0.0417;KELLY_LITE(mult=0.90 taper=1.00 n=6)+CONSEC_REDUCE(0.50)+TIME_REDUCE(50%)+HARD_RISK_CAP(2.0%)+MAXLOSS_CAP;213478.71;213490.47;36;0
2026.08.06 17:14:11;XAUUSD;5;1786028687;PROFIT_RATCHET_LOCKED;floor=4.27 peak=12.64;MANAGE_PROFIT;SAFE;1;1;1;-1;-1;4234.36;11.88;11.88;12.64;-0.24;KELLY_LITE;true;0.04;213478.71;0.0417;KELLY_LITE(mult=0.90 taper=1.00 n=6)+CONSEC_REDUCE(0.50)+TIME_REDUCE(50%)+HARD_RISK_CAP(2.0%)+MAXLOSS_CAP;213478.71;213490.59;36;0
2026.08.06 17:14:11;XAUUSD;5;1786028687;PROFIT_RATCHET_LOCKED;floor=4.27 peak=12.64;MANAGE_PROFIT;SAFE;1;1;1;-1;-1;4234.36;11.40;11.40;12.64;-0.24;KELLY_LITE;true;0.04;213478.71;0.0417;KELLY_LITE(mult=0.90 taper=1.00 n=6)+CONSEC_REDUCE(0.50)+TIME_REDUCE(50%)+HARD_RISK_CAP(2.0%)+MAXLOSS_CAP;213478.71;213490.11;36;0
2026.08.06 17:14:11;XAUUSD;5;1786028687;PROFIT_RATCHET_LOCKED;floor=4.27 peak=12.64;MANAGE_PROFIT;SAFE;1;1;1;-1;-1;4234.36;11.04;11.04;12.64;-0.24;KELLY_LITE;true;0.04;213478.71;0.0417;KELLY_LITE(mult=0.90 taper=1.00 n=6)+CONSEC_REDUCE(0.50)+TIME_REDUCE(50%)+HARD_RISK_CAP(2.0%)+MAXLOSS_CAP;213478.71;213489.75;33;0
2026.08.06 17:14:11;XAUUSD;5;1786028687;PROFIT_RATCHET_LOCKED;floor=4.27 peak=12.64;MANAGE_PROFIT;SAFE;1;1;1;-1;-1;4234.36;10.64;10.64;12.64;-0.24;KELLY_LITE;true;0.04;213478.71;0.0417;KELLY_LITE(mult=0.90 taper=1.00 n=6)+CONSEC_REDUCE(0.50)+TIME_REDUCE(50%)+HARD_RISK_CAP(2.0%)+MAXLOSS_CAP;213478.71;213489.35;36;0
2026.08.06 17:14:12;XAUUSD;5;1786028687;PROFIT_RATCHET_LOCKED;floor=4.27 peak=12.64;MANAGE_PROFIT;SAFE;1;1;1;-1;-1;4234.36;10.60;10.60;12.64;-0.24;KELLY_LITE;true;0.04;213478.71;0.0417;KELLY_LITE(mult=0.90 taper=1.00 n=6)+CONSEC_REDUCE(0.50)+TIME_REDUCE(50%)+HARD_RISK_CAP(2.0%)+MAXLOSS_CAP;213478.71;213489.31;35;0
2026.08.06 17:14:12;XAUUSD;5;1786028687;PROFIT_RATCHET_LOCKED;floor=4.27 peak=12.64;MANAGE_PROFIT;SAFE;1;1;1;-1;-1;4234.36;10.16;10.16;12.64;-0.24;KELLY_LITE;true;0.04;213478.71;0.0417;KELLY_LITE(mult=0.90 taper=1.00 n=6)+CONSEC_REDUCE(0.50)+TIME_REDUCE(50%)+HARD_RISK_CAP(2.0%)+MAXLOSS_CAP;213478.71;213488.87;35;0
2026.08.06 17:14:12;XAUUSD;5;1786028687;PROFIT_RATCHET_LOCKED;floor=4.27 peak=12.64;MANAGE_PROFIT;SAFE;1;1;1;-1;-1;4234.36;10.16;10.16;12.64;-0.24;KELLY_LITE;true;0.04;213478.71;0.0417;KELLY_LITE(mult=0.90 taper=1.00 n=6)+CONSEC_REDUCE(0.50)+TIME_REDUCE(50%)+HARD_RISK_CAP(2.0%)+MAXLOSS_CAP;213478.71;213488.87;36;0
2026.08.06 17:14:12;XAUUSD;5;1786028687;PROFIT_RATCHET_LOCKED;floor=4.27 peak=12.64;MANAGE_PROFIT;SAFE;1;1;1;-1;-1;4234.36;10.52;10.52;12.64;-0.24;KELLY_LITE;true;0.04;213478.71;0.0417;KELLY_LITE(mult=0.90 taper=1.00 n=6)+CONSEC_REDUCE(0.50)+TIME_REDUCE(50%)+HARD_RISK_CAP(2.0%)+MAXLOSS_CAP;213478.71;213489.23;36;0
2026.08.06 17:14:13;XAUUSD;5;1786028687;PROFIT_RATCHET_LOCKED;floor=4.27 peak=12.64;MANAGE_PROFIT;SAFE;1;1;1;-1;-1;4234.36;9.96;9.96;12.64;-0.24;KELLY_LITE;true;0.04;213478.71;0.0417;KELLY_LITE(mult=0.90 taper=1.00 n=6)+CONSEC_REDUCE(0.50)+TIME_REDUCE(50%)+HARD_RISK_CAP(2.0%)+MAXLOSS_CAP;213478.71;213488.67;36;0
2026.08.06 17:14:13;XAUUSD;5;1786028687;PROFIT_RATCHET_LOCKED;floor=4.27 peak=12.64;MANAGE_PROFIT;SAFE;1;1;1;-1;-1;4234.36;10.16;10.16;12.64;-0.24;KELLY_LITE;true;0.04;213478.71;0.0417;KELLY_LITE(mult=0.90 taper=1.00 n=6)+CONSEC_REDUCE(0.50)+TIME_REDUCE(50%)+HARD_RISK_CAP(2.0%)+MAXLOSS_CAP;213478.71;213488.87;34;0
2026.08.06 17:14:13;XAUUSD;5;1786028687;PROFIT_RATCHET_LOCKED;floor=4.27 peak=12.64;MANAGE_PROFIT;SAFE;1;1;1;-1;-1;4234.36;10.24;10.24;12.64;-0.24;KELLY_LITE;true;0.04;213478.71;0.0417;KELLY_LITE(mult=0.90 taper=1.00 n=6)+CONSEC_REDUCE(0.50)+TIME_REDUCE(50%)+HARD_RISK_CAP(2.0%)+MAXLOSS_CAP;213478.71;213488.95;36;0
2026.08.06 17:14:13;XAUUSD;5;1786028687;PROFIT_RATCHET_LOCKED;floor=4.27 peak=12.64;MANAGE_PROFIT;SAFE;1;1;1;-1;-1;4234.36;10.20;10.20;12.64;-0.24;KELLY_LITE;true;0.04;213478.71;0.0417;KELLY_LITE(mult=0.90 taper=1.00 n=6)+CONSEC_REDUCE(0.50)+TIME_REDUCE(50%)+HARD_RISK_CAP(2.0%)+MAXLOSS_CAP;213478.71;213488.91;36;0
2026.08.06 17:14:13;XAUUSD;5;1786028687;PROFIT_RATCHET_LOCKED;floor=4.27 peak=12.64;MANAGE_PROFIT;SAFE;1;1;1;-1;-1;4234.36;10.32;10.32;12.64;-0.24;KELLY_LITE;true;0.04;213478.71;0.0417;KELLY_LITE(mult=0.90 taper=1.00 n=6)+CONSEC_REDUCE(0.50)+TIME_REDUCE(50%)+HARD_RISK_CAP(2.0%)+MAXLOSS_CAP;213478.71;213489.03;36;0
2026.08.06 17:14:14;XAUUSD;5;1786028687;PROFIT_RATCHET_LOCKED;floor=4.27 peak=12.64;MANAGE_PROFIT;SAFE;1;1;1;-1;-1;4234.36;9.80;9.80;12.64;-0.24;KELLY_LITE;true;0.04;213478.71;0.0417;KELLY_LITE(mult=0.90 taper=1.00 n=6)+CONSEC_REDUCE(0.50)+TIME_REDUCE(50%)+HARD_RISK_CAP(2.0%)+MAXLOSS_CAP;213478.71;213488.51;36;0
2026.08.06 17:14:14;XAUUSD;5;1786028687;PROFIT_RATCHET_LOCKED;floor=4.27 peak=12.64;MANAGE_PROFIT;SAFE;1;1;1;-1;-1;4234.36;10.32;10.32;12.64;-0.24;KELLY_LITE;true;0.04;213478.71;0.0417;KELLY_LITE(mult=0.90 taper=1.00 n=6)+CONSEC_REDUCE(0.50)+TIME_REDUCE(50%)+HARD_RISK_CAP(2.0%)+MAXLOSS_CAP;213478.71;213489.03;36;0
2026.08.06 17:14:14;XAUUSD;5;1786028687;PROFIT_RATCHET_LOCKED;floor=4.27 peak=12.64;MANAGE_PROFIT;SAFE;1;1;1;-1;-1;4234.36;10.52;10.52;12.64;-0.24;KELLY_LITE;true;0.04;213478.71;0.0417;KELLY_LITE(mult=0.90 taper=1.00 n=6)+CONSEC_REDUCE(0.50)+TIME_REDUCE(50%)+HARD_RISK_CAP(2.0%)+MAXLOSS_CAP;213478.71;213489.23;36;0
2026.08.06 17:14:15;XAUUSD;5;1786028687;PROFIT_RATCHET_LOCKED;floor=4.27 peak=12.64;MANAGE_PROFIT;SAFE;1;1;1;-1;-1;4234.36;10.40;10.40;12.64;-0.24;KELLY_LITE;true;0.04;213478.71;0.0417;KELLY_LITE(mult=0.90 taper=1.00 n=6)+CONSEC_REDUCE(0.50)+TIME_REDUCE(50%)+HARD_RISK_CAP(2.0%)+MAXLOSS_CAP;213478.71;213489.11;36;0
2026.08.06 17:14:15;XAUUSD;5;1786028687;PROFIT_RATCHET_LOCKED;floor=4.27 peak=12.64;MANAGE_PROFIT;SAFE;1;1;1;-1;-1;4234.36;11.44;11.44;12.64;-0.24;KELLY_LITE;true;0.04;213478.71;0.0417;KELLY_LITE(mult=0.90 taper=1.00 n=6)+CONSEC_REDUCE(0.50)+TIME_REDUCE(50%)+HARD_RISK_CAP(2.0%)+MAXLOSS_CAP;213478.71;213490.15;36;0
2026.08.06 17:14:15;XAUUSD;5;1786028687;PROFIT_RATCHET_LOCKED;floor=4.27 peak=12.64;MANAGE_PROFIT;SAFE;1;1;1;-1;-1;4234.36;11.36;11.36;12.64;-0.24;KELLY_LITE;true;0.04;213478.71;0.0417;KELLY_LITE(mult=0.90 taper=1.00 n=6)+CONSEC_REDUCE(0.50)+TIME_REDUCE(50%)+HARD_RISK_CAP(2.0%)+MAXLOSS_CAP;213478.71;213490.07;36;0
2026.08.06 17:14:15;XAUUSD;5;1786028687;PROFIT_RATCHET_LOCKED;floor=4.27 peak=12.64;MANAGE_PROFIT;SAFE;1;1;1;-1;-1;4234.36;11.92;11.92;12.64;-0.24;KELLY_LITE;true;0.04;213478.71;0.0417;KELLY_LITE(mult=0.90 taper=1.00 n=6)+CONSEC_REDUCE(0.50)+TIME_REDUCE(50%)+HARD_RISK_CAP(2.0%)+MAXLOSS_CAP;213478.71;213490.63;36;0
2026.08.06 17:14:16;XAUUSD;5;1786028687;PROFIT_RATCHET_LOCKED;floor=4.27 peak=12.64;MANAGE_PROFIT;SAFE;1;1;1;-1;-1;4234.36;11.80;11.80;12.64;-0.24;KELLY_LITE;true;0.04;213478.71;0.0417;KELLY_LITE(mult=0.90 taper=1.00 n=6)+CONSEC_REDUCE(0.50)+TIME_REDUCE(50%)+HARD_RISK_CAP(2.0%)+MAXLOSS_CAP;213478.71;213490.51;36;0
2026.08.06 17:14:16;XAUUSD;5;1786028687;PROFIT_RATCHET_LOCKED;floor=4.27 peak=12.64;MANAGE_PROFIT;SAFE;1;1;1;-1;-1;4234.36;11.96;11.96;12.64;-0.24;KELLY_LITE;true;0.04;213478.71;0.0417;KELLY_LITE(mult=0.90 taper=1.00 n=6)+CONSEC_REDUCE(0.50)+TIME_REDUCE(50%)+HARD_RISK_CAP(2.0%)+MAXLOSS_CAP;213478.71;213490.67;33;0
2026.08.06 17:14:16;XAUUSD;5;1786028687;PROFIT_RATCHET_LOCKED;floor=4.27 peak=12.64;MANAGE_PROFIT;SAFE;1;1;1;-1;-1;4234.36;12.24;12.24;12.64;-0.24;KELLY_LITE;true;0.04;213478.71;0.0417;KELLY_LITE(mult=0.90 taper=1.00 n=6)+CONSEC_REDUCE(0.50)+TIME_REDUCE(50%)+HARD_RISK_CAP(2.0%)+MAXLOSS_CAP;213478.71;213490.95;36;0
2026.08.06 17:14:16;XAUUSD;5;1786028687;PROFIT_RATCHET_LOCKED;floor=4.27 peak=12.64;MANAGE_PROFIT;SAFE;1;1;1;-1;-1;4234.36;12.00;12.00;12.64;-0.24;KELLY_LITE;true;0.04;213478.71;0.0417;KELLY_LITE(mult=0.90 taper=1.00 n=6)+CONSEC_REDUCE(0.50)+TIME_REDUCE(50%)+HARD_RISK_CAP(2.0%)+MAXLOSS_CAP;213478.71;213490.71;36;0
2026.08.06 17:14:17;XAUUSD;5;1786028687;PROFIT_RATCHET_LOCKED;floor=4.27 peak=12.64;MANAGE_PROFIT;SAFE;1;1;1;-1;-1;4234.36;11.68;11.68;12.64;-0.24;KELLY_LITE;true;0.04;213478.71;0.0417;KELLY_LITE(mult=0.90 taper=1.00 n=6)+CONSEC_REDUCE(0.50)+TIME_REDUCE(50%)+HARD_RISK_CAP(2.0%)+MAXLOSS_CAP;213478.71;213490.39;36;0
2026.08.06 17:14:17;XAUUSD;5;1786028687;PROFIT_RATCHET_LOCKED;floor=4.27 peak=12.64;MANAGE_PROFIT;SAFE;1;1;1;-1;-1;4234.36;11.16;11.16;12.64;-0.24;KELLY_LITE;true;0.04;213478.71;0.0417;KELLY_LITE(mult=0.90 taper=1.00 n=6)+CONSEC_REDUCE(0.50)+TIME_REDUCE(50%)+HARD_RISK_CAP(2.0%)+MAXLOSS_CAP;213478.71;213489.87;35;0
2026.08.06 17:14:17;XAUUSD;5;1786028687;PROFIT_RATCHET_LOCKED;floor=4.27 peak=12.64;MANAGE_PROFIT;SAFE;1;1;1;-1;-1;4234.36;11.16;11.16;12.64;-0.24;KELLY_LITE;true;0.04;213478.71;0.0417;KELLY_LITE(mult=0.90 taper=1.00 n=6)+CONSEC_REDUCE(0.50)+TIME_REDUCE(50%)+HARD_RISK_CAP(2.0%)+MAXLOSS_CAP;213478.71;213489.87;36;0
2026.08.06 17:14:17;XAUUSD;5;1786028687;PROFIT_RATCHET_LOCKED;floor=4.27 peak=12.64;MANAGE_PROFIT;SAFE;1;1;1;-1;-1;4234.36;11.04;11.04;12.64;-0.24;KELLY_LITE;true;0.04;213478.71;0.0417;KELLY_LITE(mult=0.90 taper=1.00 n=6)+CONSEC_REDUCE(0.50)+TIME_REDUCE(50%)+HARD_RISK_CAP(2.0%)+MAXLOSS_CAP;213478.71;213489.75;36;0
2026.08.06 17:14:17;XAUUSD;5;1786028687;PROFIT_RATCHET_LOCKED;floor=4.27 peak=12.64;MANAGE_PROFIT;SAFE;1;1;1;-1;-1;4234.36;11.20;11.20;12.64;-0.24;KELLY_LITE;true;0.04;213478.71;0.0417;KELLY_LITE(mult=0.90 taper=1.00 n=6)+CONSEC_REDUCE(0.50)+TIME_REDUCE(50%)+HARD_RISK_CAP(2.0%)+MAXLOSS_CAP;213478.71;213489.91;36;0
2026.08.06 17:14:18;XAUUSD;5;1786028687;PROFIT_RATCHET_LOCKED;floor=4.27 peak=12.64;MANAGE_PROFIT;SAFE;1;1;1;-1;-1;4234.36;10.92;10.92;12.64;-0.24;KELLY_LITE;true;0.04;213478.71;0.0417;KELLY_LITE(mult=0.90 taper=1.00 n=6)+CONSEC_REDUCE(0.50)+TIME_REDUCE(50%)+HARD_RISK_CAP(2.0%)+MAXLOSS_CAP;213478.71;213489.63;36;0
2026.08.06 17:14:18;XAUUSD;5;1786028687;PROFIT_RATCHET_LOCKED;floor=4.27 peak=12.64;MANAGE_PROFIT;SAFE;1;1;1;-1;-1;4234.36;11.08;11.08;12.64;-0.24;KELLY_LITE;true;0.04;213478.71;0.0417;KELLY_LITE(mult=0.90 taper=1.00 n=6)+CONSEC_REDUCE(0.50)+TIME_REDUCE(50%)+HARD_RISK_CAP(2.0%)+MAXLOSS_CAP;213478.71;213489.79;36;0
2026.08.06 17:14:18;XAUUSD;5;1786028687;PROFIT_RATCHET_LOCKED;floor=4.27 peak=12.64;MANAGE_PROFIT;SAFE;1;1;1;-1;-1;4234.36;11.12;11.12;12.64;-0.24;KELLY_LITE;true;0.04;213478.71;0.0417;KELLY_LITE(mult=0.90 taper=1.00 n=6)+CONSEC_REDUCE(0.50)+TIME_REDUCE(50%)+HARD_RISK_CAP(2.0%)+MAXLOSS_CAP;213478.71;213489.83;36;0
2026.08.06 17:14:18;XAUUSD;5;1786028687;PROFIT_RATCHET_LOCKED;floor=4.27 peak=12.64;MANAGE_PROFIT;SAFE;1;1;1;-1;-1;4234.36;11.12;11.12;12.64;-0.24;KELLY_LITE;true;0.04;213478.71;0.0417;KELLY_LITE(mult=0.90 taper=1.00 n=6)+CONSEC_REDUCE(0.50)+TIME_REDUCE(50%)+HARD_RISK_CAP(2.0%)+MAXLOSS_CAP;213478.71;213489.83;33;0
2026.08.06 17:14:19;XAUUSD;5;1786028687;PROFIT_RATCHET_LOCKED;floor=4.27 peak=12.64;MANAGE_PROFIT;SAFE;1;1;1;-1;-1;4234.36;10.52;10.52;12.64;-0.24;KELLY_LITE;true;0.04;213478.71;0.0417;KELLY_LITE(mult=0.90 taper=1.00 n=6)+CONSEC_REDUCE(0.50)+TIME_REDUCE(50%)+HARD_RISK_CAP(2.0%)+MAXLOSS_CAP;213478.71;213489.23;36;0
2026.08.06 17:14:19;XAUUSD;5;1786028687;PROFIT_RATCHET_LOCKED;floor=4.27 peak=12.64;MANAGE_PROFIT;SAFE;1;1;1;-1;-1;4234.36;10.56;10.56;12.64;-0.24;KELLY_LITE;true;0.04;213478.71;0.0417;KELLY_LITE(mult=0.90 taper=1.00 n=6)+CONSEC_REDUCE(0.50)+TIME_REDUCE(50%)+HARD_RISK_CAP(2.0%)+MAXLOSS_CAP;213478.71;213489.27;36;0
2026.08.06 17:14:19;XAUUSD;5;1786028687;PROFIT_RATCHET_LOCKED;floor=4.27 peak=12.64;MANAGE_PROFIT;SAFE;1;1;1;-1;-1;4234.36;10.48;10.48;12.64;-0.24;KELLY_LITE;true;0.04;213478.71;0.0417;KELLY_LITE(mult=0.90 taper=1.00 n=6)+CONSEC_REDUCE(0.50)+TIME_REDUCE(50%)+HARD_RISK_CAP(2.0%)+MAXLOSS_CAP;213478.71;213489.19;36;0
2026.08.06 17:14:19;XAUUSD;5;1786028687;PROFIT_RATCHET_LOCKED;floor=4.27 peak=12.64;MANAGE_PROFIT;SAFE;1;1;1;-1;-1;4234.36;9.68;9.68;12.64;-0.24;KELLY_LITE;true;0.04;213478.71;0.0417;KELLY_LITE(mult=0.90 taper=1.00 n=6)+CONSEC_REDUCE(0.50)+TIME_REDUCE(50%)+HARD_RISK_CAP(2.0%)+MAXLOSS_CAP;213478.71;213488.39;36;0
2026.08.06 17:14:19;XAUUSD;5;1786028687;PROFIT_RATCHET_LOCKED;floor=4.27 peak=12.64;MANAGE_PROFIT;SAFE;1;1;1;-1;-1;4234.36;9.60;9.60;12.64;-0.24;KELLY_LITE;true;0.04;213478.71;0.0417;KELLY_LITE(mult=0.90 taper=1.00 n=6)+CONSEC_REDUCE(0.50)+TIME_REDUCE(50%)+HARD_RISK_CAP(2.0%)+MAXLOSS_CAP;213478.71;213488.31;34;0
2026.08.06 17:14:19;XAUUSD;5;1786028687;PROFIT_RATCHET_LOCKED;floor=4.27 peak=12.64;MANAGE_PROFIT;SAFE;1;1;1;-1;-1;4234.36;9.04;9.04;12.64;-0.24;KELLY_LITE;true;0.04;213478.71;0.0417;KELLY_LITE(mult=0.90 taper=1.00 n=6)+CONSEC_REDUCE(0.50)+TIME_REDUCE(50%)+HARD_RISK_CAP(2.0%)+MAXLOSS_CAP;213478.71;213487.75;36;0
2026.08.06 17:14:20;XAUUSD;5;1786028687;PROFIT_RATCHET_LOCKED;floor=4.27 peak=12.64;MANAGE_PROFIT;SAFE;1;1;1;-1;-1;4234.36;9.12;9.12;12.64;-0.24;KELLY_LITE;true;0.04;213478.71;0.0417;KELLY_LITE(mult=0.90 taper=1.00 n=6)+CONSEC_REDUCE(0.50)+TIME_REDUCE(50%)+HARD_RISK_CAP(2.0%)+MAXLOSS_CAP;213478.71;213487.83;36;0
2026.08.06 17:14:20;XAUUSD;5;1786028687;PROFIT_RATCHET_LOCKED;floor=4.27 peak=12.64;MANAGE_PROFIT;SAFE;1;1;1;-1;-1;4234.36;9.60;9.60;12.64;-0.24;KELLY_LITE;true;0.04;213478.71;0.0417;KELLY_LITE(mult=0.90 taper=1.00 n=6)+CONSEC_REDUCE(0.50)+TIME_REDUCE(50%)+HARD_RISK_CAP(2.0%)+MAXLOSS_CAP;213478.71;213488.31;36;0
2026.08.06 17:14:20;XAUUSD;5;1786028687;PROFIT_RATCHET_LOCKED;floor=4.27 peak=12.64;MANAGE_PROFIT;SAFE;1;1;1;-1;-1;4234.36;9.56;9.56;12.64;-0.24;KELLY_LITE;true;0.04;213478.71;0.0417;KELLY_LITE(mult=0.90 taper=1.00 n=6)+CONSEC_REDUCE(0.50)+TIME_REDUCE(50%)+HARD_RISK_CAP(2.0%)+MAXLOSS_CAP;213478.71;213488.27;36;0
2026.08.06 17:14:20;XAUUSD;5;1786028687;PROFIT_RATCHET_LOCKED;floor=4.27 peak=12.64;MANAGE_PROFIT;SAFE;1;1;1;-1;-1;4234.36;10.32;10.32;12.64;-0.24;KELLY_LITE;true;0.04;213478.71;0.0417;KELLY_LITE(mult=0.90 taper=1.00 n=6)+CONSEC_REDUCE(0.50)+TIME_REDUCE(50%)+HARD_RISK_CAP(2.0%)+MAXLOSS_CAP;213478.71;213489.03;36;0
2026.08.06 17:14:21;XAUUSD;5;1786028687;PROFIT_RATCHET_LOCKED;floor=4.27 peak=12.64;MANAGE_PROFIT;SAFE;1;1;1;-1;-1;4234.36;10.20;10.20;12.64;-0.24;KELLY_LITE;true;0.04;213478.71;0.0417;KELLY_LITE(mult=0.90 taper=1.00 n=6)+CONSEC_REDUCE(0.50)+TIME_REDUCE(50%)+HARD_RISK_CAP(2.0%)+MAXLOSS_CAP;213478.71;213488.91;36;0
2026.08.06 17:14:21;XAUUSD;5;1786028687;PROFIT_RATCHET_LOCKED;floor=4.27 peak=12.64;MANAGE_PROFIT;SAFE;1;1;1;-1;-1;4234.36;10.44;10.44;12.64;-0.24;KELLY_LITE;true;0.04;213478.71;0.0417;KELLY_LITE(mult=0.90 taper=1.00 n=6)+CONSEC_REDUCE(0.50)+TIME_REDUCE(50%)+HARD_RISK_CAP(2.0%)+MAXLOSS_CAP;213478.71;213489.15;36;0
2026.08.06 17:14:21;XAUUSD;5;1786028687;PROFIT_RATCHET_LOCKED;floor=4.27 peak=12.64;MANAGE_PROFIT;SAFE;1;1;1;-1;-1;4234.36;10.08;10.08;12.64;-0.24;KELLY_LITE;true;0.04;213478.71;0.0417;KELLY_LITE(mult=0.90 taper=1.00 n=6)+CONSEC_REDUCE(0.50)+TIME_REDUCE(50%)+HARD_RISK_CAP(2.0%)+MAXLOSS_CAP;213478.71;213488.79;34;0
2026.08.06 17:14:21;XAUUSD;5;1786028687;PROFIT_RATCHET_LOCKED;floor=4.27 peak=12.64;MANAGE_PROFIT;SAFE;1;1;1;-1;-1;4234.36;10.08;10.08;12.64;-0.24;KELLY_LITE;true;0.04;213478.71;0.0417;KELLY_LITE(mult=0.90 taper=1.00 n=6)+CONSEC_REDUCE(0.50)+TIME_REDUCE(50%)+HARD_RISK_CAP(2.0%)+MAXLOSS_CAP;213478.71;213488.79;36;0
2026.08.06 17:14:22;XAUUSD;5;1786028687;PROFIT_RATCHET_LOCKED;floor=4.27 peak=12.64;MANAGE_PROFIT;SAFE;1;1;1;-1;-1;4234.36;9.88;9.88;12.64;-0.24;KELLY_LITE;true;0.04;213478.71;0.0417;KELLY_LITE(mult=0.90 taper=1.00 n=6)+CONSEC_REDUCE(0.50)+TIME_REDUCE(50%)+HARD_RISK_CAP(2.0%)+MAXLOSS_CAP;213478.71;213488.59;36;0
2026.08.06 17:14:22;XAUUSD;5;1786028687;PROFIT_RATCHET_LOCKED;floor=4.27 peak=12.64;MANAGE_PROFIT;SAFE;1;1;1;-1;-1;4234.36;9.40;9.40;12.64;-0.24;KELLY_LITE;true;0.04;213478.71;0.0417;KELLY_LITE(mult=0.90 taper=1.00 n=6)+CONSEC_REDUCE(0.50)+TIME_REDUCE(50%)+HARD_RISK_CAP(2.0%)+MAXLOSS_CAP;213478.71;213488.11;36;0
2026.08.06 17:14:23;XAUUSD;5;1786028687;PROFIT_RATCHET_LOCKED;floor=4.27 peak=12.64;MANAGE_PROFIT;SAFE;1;1;1;-1;-1;4234.36;9.36;9.36;12.64;-0.24;KELLY_LITE;true;0.04;213478.71;0.0417;KELLY_LITE(mult=0.90 taper=1.00 n=6)+CONSEC_REDUCE(0.50)+TIME_REDUCE(50%)+HARD_RISK_CAP(2.0%)+MAXLOSS_CAP;213478.71;213488.07;36;0
2026.08.06 17:14:23;XAUUSD;5;1786028687;PROFIT_RATCHET_LOCKED;floor=4.27 peak=12.64;MANAGE_PROFIT;SAFE;1;1;1;-1;-1;4234.36;9.04;9.04;12.64;-0.24;KELLY_LITE;true;0.04;213478.71;0.0417;KELLY_LITE(mult=0.90 taper=1.00 n=6)+CONSEC_REDUCE(0.50)+TIME_REDUCE(50%)+HARD_RISK_CAP(2.0%)+MAXLOSS_CAP;213478.71;213487.75;36;0
2026.08.06 17:14:23;XAUUSD;5;1786028687;PROFIT_RATCHET_LOCKED;floor=4.27 peak=12.64;MANAGE_PROFIT;SAFE;1;1;1;-1;-1;4234.36;9.24;9.24;12.64;-0.24;KELLY_LITE;true;0.04;213478.71;0.0417;KELLY_LITE(mult=0.90 taper=1.00 n=6)+CONSEC_REDUCE(0.50)+TIME_REDUCE(50%)+HARD_RISK_CAP(2.0%)+MAXLOSS_CAP;213478.71;213487.95;36;0
2026.08.06 17:14:23;XAUUSD;5;1786028687;PROFIT_RATCHET_LOCKED;floor=4.27 peak=12.64;MANAGE_PROFIT;SAFE;1;1;1;-1;-1;4234.36;9.36;9.36;12.64;-0.24;KELLY_LITE;true;0.04;213478.71;0.0417;KELLY_LITE(mult=0.90 taper=1.00 n=6)+CONSEC_REDUCE(0.50)+TIME_REDUCE(50%)+HARD_RISK_CAP(2.0%)+MAXLOSS_CAP;213478.71;213488.07;36;0
2026.08.06 17:14:23;XAUUSD;5;1786028687;PROFIT_RATCHET_LOCKED;floor=4.27 peak=12.64;MANAGE_PROFIT;SAFE;1;1;1;-1;-1;4234.36;9.24;9.24;12.64;-0.24;KELLY_LITE;true;0.04;213478.71;0.0417;KELLY_LITE(mult=0.90 taper=1.00 n=6)+CONSEC_REDUCE(0.50)+TIME_REDUCE(50%)+HARD_RISK_CAP(2.0%)+MAXLOSS_CAP;213478.71;213487.95;36;0
2026.08.06 17:14:24;XAUUSD;5;1786028687;PROFIT_RATCHET_LOCKED;floor=4.27 peak=12.64;MANAGE_PROFIT;SAFE;1;1;1;-1;-1;4234.36;9.12;9.12;12.64;-0.24;KELLY_LITE;true;0.04;213478.71;0.0417;KELLY_LITE(mult=0.90 taper=1.00 n=6)+CONSEC_REDUCE(0.50)+TIME_REDUCE(50%)+HARD_RISK_CAP(2.0%)+MAXLOSS_CAP;213478.71;213487.83;36;0
2026.08.06 17:14:24;XAUUSD;5;1786028687;PROFIT_RATCHET_LOCKED;floor=4.27 peak=12.64;MANAGE_PROFIT;SAFE;1;1;1;-1;-1;4234.36;9.16;9.16;12.64;-0.24;KELLY_LITE;true;0.04;213478.71;0.0417;KELLY_LITE(mult=0.90 taper=1.00 n=6)+CONSEC_REDUCE(0.50)+TIME_REDUCE(50%)+HARD_RISK_CAP(2.0%)+MAXLOSS_CAP;213478.71;213487.87;36;0
2026.08.06 17:14:24;XAUUSD;5;1786028687;PROFIT_RATCHET_LOCKED;floor=4.27 peak=12.64;MANAGE_PROFIT;SAFE;1;1;1;-1;-1;4234.36;9.12;9.12;12.64;-0.24;KELLY_LITE;true;0.04;213478.71;0.0417;KELLY_LITE(mult=0.90 taper=1.00 n=6)+CONSEC_REDUCE(0.50)+TIME_REDUCE(50%)+HARD_RISK_CAP(2.0%)+MAXLOSS_CAP;213478.71;213487.83;36;0
2026.08.06 17:14:24;XAUUSD;5;1786028687;PROFIT_RATCHET_LOCKED;floor=4.27 peak=12.64;MANAGE_PROFIT;SAFE;1;1;1;-1;-1;4234.36;9.24;9.24;12.64;-0.24;KELLY_LITE;true;0.04;213478.71;0.0417;KELLY_LITE(mult=0.90 taper=1.00 n=6)+CONSEC_REDUCE(0.50)+TIME_REDUCE(50%)+HARD_RISK_CAP(2.0%)+MAXLOSS_CAP;213478.71;213487.95;36;0
2026.08.06 17:14:24;XAUUSD;5;1786028687;PROFIT_RATCHET_LOCKED;floor=4.27 peak=12.64;MANAGE_PROFIT;SAFE;1;1;1;-1;-1;4234.36;9.12;9.12;12.64;-0.24;KELLY_LITE;true;0.04;213478.71;0.0417;KELLY_LITE(mult=0.90 taper=1.00 n=6)+CONSEC_REDUCE(0.50)+TIME_REDUCE(50%)+HARD_RISK_CAP(2.0%)+MAXLOSS_CAP;213478.71;213487.83;35;0
2026.08.06 17:14:25;XAUUSD;5;1786028687;PROFIT_RATCHET_LOCKED;floor=4.27 peak=12.64;MANAGE_PROFIT;SAFE;1;1;1;-1;-1;4234.36;8.96;8.96;12.64;-0.24;KELLY_LITE;true;0.04;213478.71;0.0417;KELLY_LITE(mult=0.90 taper=1.00 n=6)+CONSEC_REDUCE(0.50)+TIME_REDUCE(50%)+HARD_RISK_CAP(2.0%)+MAXLOSS_CAP;213478.71;213487.67;36;0
2026.08.06 17:14:25;XAUUSD;5;1786028687;PROFIT_RATCHET_LOCKED;floor=4.27 peak=12.64;MANAGE_PROFIT;SAFE;1;1;1;-1;-1;4234.36;8.60;8.60;12.64;-0.24;KELLY_LITE;true;0.04;213478.71;0.0417;KELLY_LITE(mult=0.90 taper=1.00 n=6)+CONSEC_REDUCE(0.50)+TIME_REDUCE(50%)+HARD_RISK_CAP(2.0%)+MAXLOSS_CAP;213478.71;213487.31;36;0
2026.08.06 17:14:25;XAUUSD;5;1786028687;PROFIT_RATCHET_LOCKED;floor=4.27 peak=12.64;MANAGE_PROFIT;SAFE;1;1;1;-1;-1;4234.36;8.64;8.64;12.64;-0.24;KELLY_LITE;true;0.04;213478.71;0.0417;KELLY_LITE(mult=0.90 taper=1.00 n=6)+CONSEC_REDUCE(0.50)+TIME_REDUCE(50%)+HARD_RISK_CAP(2.0%)+MAXLOSS_CAP;213478.71;213487.35;36;0
2026.08.06 17:14:25;XAUUSD;5;1786028687;PROFIT_RATCHET_LOCKED;floor=4.27 peak=12.64;MANAGE_PROFIT;SAFE;1;1;1;-1;-1;4234.36;8.68;8.68;12.64;-0.24;KELLY_LITE;true;0.04;213478.71;0.0417;KELLY_LITE(mult=0.90 taper=1.00 n=6)+CONSEC_REDUCE(0.50)+TIME_REDUCE(50%)+HARD_RISK_CAP(2.0%)+MAXLOSS_CAP;213478.71;213487.39;36;0
2026.08.06 17:14:26;XAUUSD;5;1786028687;PROFIT_RATCHET_LOCKED;floor=4.27 peak=12.64;MANAGE_PROFIT;SAFE;1;1;1;-1;-1;4234.36;8.84;8.84;12.64;-0.24;KELLY_LITE;true;0.04;213478.71;0.0417;KELLY_LITE(mult=0.90 taper=1.00 n=6)+CONSEC_REDUCE(0.50)+TIME_REDUCE(50%)+HARD_RISK_CAP(2.0%)+MAXLOSS_CAP;213478.71;213487.55;36;0
2026.08.06 17:14:26;XAUUSD;5;1786028687;PROFIT_RATCHET_LOCKED;floor=4.27 peak=12.64;MANAGE_PROFIT;SAFE;1;1;1;-1;-1;4234.36;8.96;8.96;12.64;-0.24;KELLY_LITE;true;0.04;213478.71;0.0417;KELLY_LITE(mult=0.90 taper=1.00 n=6)+CONSEC_REDUCE(0.50)+TIME_REDUCE(50%)+HARD_RISK_CAP(2.0%)+MAXLOSS_CAP;213478.71;213487.67;36;0
2026.08.06 17:14:26;XAUUSD;5;1786028687;PROFIT_RATCHET_LOCKED;floor=4.27 peak=12.64;MANAGE_PROFIT;SAFE;1;1;1;-1;-1;4234.36;8.88;8.88;12.64;-0.24;KELLY_LITE;true;0.04;213478.71;0.0417;KELLY_LITE(mult=0.90 taper=1.00 n=6)+CONSEC_REDUCE(0.50)+TIME_REDUCE(50%)+HARD_RISK_CAP(2.0%)+MAXLOSS_CAP;213478.71;213487.59;36;0
2026.08.06 17:14:26;XAUUSD;5;1786028687;PROFIT_RATCHET_LOCKED;floor=4.27 peak=12.64;MANAGE_PROFIT;SAFE;1;1;1;-1;-1;4234.36;8.72;8.72;12.64;-0.24;KELLY_LITE;true;0.04;213478.71;0.0417;KELLY_LITE(mult=0.90 taper=1.00 n=6)+CONSEC_REDUCE(0.50)+TIME_REDUCE(50%)+HARD_RISK_CAP(2.0%)+MAXLOSS_CAP;213478.71;213487.43;36;0
2026.08.06 17:14:27;XAUUSD;5;1786028687;PROFIT_RATCHET_LOCKED;floor=4.27 peak=12.64;MANAGE_PROFIT;SAFE;1;1;1;-1;-1;4234.36;8.92;8.92;12.64;-0.24;KELLY_LITE;true;0.04;213478.71;0.0417;KELLY_LITE(mult=0.90 taper=1.00 n=6)+CONSEC_REDUCE(0.50)+TIME_REDUCE(50%)+HARD_RISK_CAP(2.0%)+MAXLOSS_CAP;213478.71;213487.63;36;0
2026.08.06 17:14:27;XAUUSD;5;1786028687;PROFIT_RATCHET_LOCKED;floor=4.27 peak=12.64;MANAGE_PROFIT;SAFE;1;1;1;-1;-1;4234.36;9.24;9.24;12.64;-0.24;KELLY_LITE;true;0.04;213478.71;0.0417;KELLY_LITE(mult=0.90 taper=1.00 n=6)+CONSEC_REDUCE(0.50)+TIME_REDUCE(50%)+HARD_RISK_CAP(2.0%)+MAXLOSS_CAP;213478.71;213487.95;36;0
2026.08.06 17:14:27;XAUUSD;5;1786028687;PROFIT_RATCHET_LOCKED;floor=4.27 peak=12.64;MANAGE_PROFIT;SAFE;1;1;1;-1;-1;4234.36;8.96;8.96;12.64;-0.24;KELLY_LITE;true;0.04;213478.71;0.0417;KELLY_LITE(mult=0.90 taper=1.00 n=6)+CONSEC_REDUCE(0.50)+TIME_REDUCE(50%)+HARD_RISK_CAP(2.0%)+MAXLOSS_CAP;213478.71;213487.67;36;0
2026.08.06 17:14:28;XAUUSD;5;1786028687;PROFIT_RATCHET_LOCKED;floor=4.27 peak=12.64;MANAGE_PROFIT;SAFE;1;1;1;-1;-1;4234.36;9.16;9.16;12.64;-0.24;KELLY_LITE;true;0.04;213478.71;0.0417;KELLY_LITE(mult=0.90 taper=1.00 n=6)+CONSEC_REDUCE(0.50)+TIME_REDUCE(50%)+HARD_RISK_CAP(2.0%)+MAXLOSS_CAP;213478.71;213487.87;36;0
2026.08.06 17:14:28;XAUUSD;5;1786028687;PROFIT_RATCHET_LOCKED;floor=4.27 peak=12.64;MANAGE_PROFIT;SAFE;1;1;1;-1;-1;4234.36;9.44;9.44;12.64;-0.24;KELLY_LITE;true;0.04;213478.71;0.0417;KELLY_LITE(mult=0.90 taper=1.00 n=6)+CONSEC_REDUCE(0.50)+TIME_REDUCE(50%)+HARD_RISK_CAP(2.0%)+MAXLOSS_CAP;213478.71;213488.15;36;0
2026.08.06 17:14:28;XAUUSD;5;1786028687;PROFIT_RATCHET_LOCKED;floor=4.27 peak=12.64;MANAGE_PROFIT;SAFE;1;1;1;-1;-1;4234.36;9.40;9.40;12.64;-0.24;KELLY_LITE;true;0.04;213478.71;0.0417;KELLY_LITE(mult=0.90 taper=1.00 n=6)+CONSEC_REDUCE(0.50)+TIME_REDUCE(50%)+HARD_RISK_CAP(2.0%)+MAXLOSS_CAP;213478.71;213488.11;36;0
2026.08.06 17:14:28;XAUUSD;5;1786028687;PROFIT_RATCHET_LOCKED;floor=4.27 peak=12.64;MANAGE_PROFIT;SAFE;1;1;1;-1;-1;4234.36;10.20;10.20;12.64;-0.24;KELLY_LITE;true;0.04;213478.71;0.0417;KELLY_LITE(mult=0.90 taper=1.00 n=6)+CONSEC_REDUCE(0.50)+TIME_REDUCE(50%)+HARD_RISK_CAP(2.0%)+MAXLOSS_CAP;213478.71;213488.91;36;0
2026.08.06 17:14:29;XAUUSD;5;1786028687;PROFIT_RATCHET_LOCKED;floor=4.27 peak=12.64;MANAGE_PROFIT;SAFE;1;1;1;-1;-1;4234.36;10.36;10.36;12.64;-0.24;KELLY_LITE;true;0.04;213478.71;0.0417;KELLY_LITE(mult=0.90 taper=1.00 n=6)+CONSEC_REDUCE(0.50)+TIME_REDUCE(50%)+HARD_RISK_CAP(2.0%)+MAXLOSS_CAP;213478.71;213489.07;33;0
2026.08.06 17:14:29;XAUUSD;5;1786028687;PROFIT_RATCHET_LOCKED;floor=4.27 peak=12.64;MANAGE_PROFIT;SAFE;1;1;1;-1;-1;4234.36;10.48;10.48;12.64;-0.24;KELLY_LITE;true;0.04;213478.71;0.0417;KELLY_LITE(mult=0.90 taper=1.00 n=6)+CONSEC_REDUCE(0.50)+TIME_REDUCE(50%)+HARD_RISK_CAP(2.0%)+MAXLOSS_CAP;213478.71;213489.19;36;0
2026.08.06 17:14:29;XAUUSD;5;1786028687;PROFIT_RATCHET_LOCKED;floor=4.27 peak=12.64;MANAGE_PROFIT;SAFE;1;1;1;-1;-1;4234.36;10.20;10.20;12.64;-0.24;KELLY_LITE;true;0.04;213478.71;0.0417;KELLY_LITE(mult=0.90 taper=1.00 n=6)+CONSEC_REDUCE(0.50)+TIME_REDUCE(50%)+HARD_RISK_CAP(2.0%)+MAXLOSS_CAP;213478.71;213488.91;36;0
2026.08.06 17:14:29;XAUUSD;5;1786028687;PROFIT_RATCHET_LOCKED;floor=4.27 peak=12.64;MANAGE_PROFIT;SAFE;1;1;1;-1;-1;4234.36;10.40;10.40;12.64;-0.24;KELLY_LITE;true;0.04;213478.71;0.0417;KELLY_LITE(mult=0.90 taper=1.00 n=6)+CONSEC_REDUCE(0.50)+TIME_REDUCE(50%)+HARD_RISK_CAP(2.0%)+MAXLOSS_CAP;213478.71;213489.11;34;0
2026.08.06 17:14:30;XAUUSD;5;1786028687;PROFIT_RATCHET_LOCKED;floor=4.27 peak=12.64;MANAGE_PROFIT;SAFE;1;1;1;-1;-1;4234.36;10.40;10.40;12.64;-0.24;KELLY_LITE;true;0.04;213478.71;0.0417;KELLY_LITE(mult=0.90 taper=1.00 n=6)+CONSEC_REDUCE(0.50)+TIME_REDUCE(50%)+HARD_RISK_CAP(2.0%)+MAXLOSS_CAP;213478.71;213489.11;36;0
2026.08.06 17:14:30;XAUUSD;5;1786028687;PROFIT_RATCHET_LOCKED;floor=4.27 peak=12.64;MANAGE_PROFIT;SAFE;1;1;1;-1;-1;4234.36;10.32;10.32;12.64;-0.24;KELLY_LITE;true;0.04;213478.71;0.0417;KELLY_LITE(mult=0.90 taper=1.00 n=6)+CONSEC_REDUCE(0.50)+TIME_REDUCE(50%)+HARD_RISK_CAP(2.0%)+MAXLOSS_CAP;213478.71;213489.03;36;0
2026.08.06 17:14:30;XAUUSD;5;1786028687;PROFIT_RATCHET_LOCKED;floor=4.27 peak=12.64;MANAGE_PROFIT;SAFE;1;1;1;-1;-1;4234.36;10.20;10.20;12.64;-0.24;KELLY_LITE;true;0.04;213478.71;0.0417;KELLY_LITE(mult=0.90 taper=1.00 n=6)+CONSEC_REDUCE(0.50)+TIME_REDUCE(50%)+HARD_RISK_CAP(2.0%)+MAXLOSS_CAP;213478.71;213488.91;36;0
2026.08.06 17:14:31;XAUUSD;5;1786028687;PROFIT_RATCHET_LOCKED;floor=4.27 peak=12.64;MANAGE_PROFIT;SAFE;1;1;1;-1;-1;4234.36;9.76;9.76;12.64;-0.24;KELLY_LITE;true;0.04;213478.71;0.0417;KELLY_LITE(mult=0.90 taper=1.00 n=6)+CONSEC_REDUCE(0.50)+TIME_REDUCE(50%)+HARD_RISK_CAP(2.0%)+MAXLOSS_CAP;213478.71;213488.47;36;0
2026.08.06 17:14:31;XAUUSD;5;1786028687;PROFIT_RATCHET_LOCKED;floor=4.27 peak=12.64;MANAGE_PROFIT;SAFE;1;1;1;-1;-1;4234.36;9.72;9.72;12.64;-0.24;KELLY_LITE;true;0.04;213478.71;0.0417;KELLY_LITE(mult=0.90 taper=1.00 n=6)+CONSEC_REDUCE(0.50)+TIME_REDUCE(50%)+HARD_RISK_CAP(2.0%)+MAXLOSS_CAP;213478.71;213488.43;36;0
2026.08.06 17:14:31;XAUUSD;5;1786028687;PROFIT_RATCHET_LOCKED;floor=4.27 peak=12.64;MANAGE_PROFIT;SAFE;1;1;1;-1;-1;4234.36;9.68;9.68;12.64;-0.24;KELLY_LITE;true;0.04;213478.71;0.0417;KELLY_LITE(mult=0.90 taper=1.00 n=6)+CONSEC_REDUCE(0.50)+TIME_REDUCE(50%)+HARD_RISK_CAP(2.0%)+MAXLOSS_CAP;213478.71;213488.39;36;0
2026.08.06 17:14:31;XAUUSD;5;1786028687;PROFIT_RATCHET_LOCKED;floor=4.27 peak=12.64;MANAGE_PROFIT;SAFE;1;1;1;-1;-1;4234.36;9.88;9.88;12.64;-0.24;KELLY_LITE;true;0.04;213478.71;0.0417;KELLY_LITE(mult=0.90 taper=1.00 n=6)+CONSEC_REDUCE(0.50)+TIME_REDUCE(50%)+HARD_RISK_CAP(2.0%)+MAXLOSS_CAP;213478.71;213488.59;36;0
2026.08.06 17:14:31;XAUUSD;5;1786028687;PROFIT_RATCHET_LOCKED;floor=4.27 peak=12.64;MANAGE_PROFIT;SAFE;1;1;1;-1;-1;4234.36;10.24;10.24;12.64;-0.24;KELLY_LITE;true;0.04;213478.71;0.0417;KELLY_LITE(mult=0.90 taper=1.00 n=6)+CONSEC_REDUCE(0.50)+TIME_REDUCE(50%)+HARD_RISK_CAP(2.0%)+MAXLOSS_CAP;213478.71;213488.95;36;0
2026.08.06 17:14:32;XAUUSD;5;1786028687;PROFIT_RATCHET_LOCKED;floor=4.27 peak=12.64;MANAGE_PROFIT;SAFE;1;1;1;-1;-1;4234.36;10.40;10.40;12.64;-0.24;KELLY_LITE;true;0.04;213478.71;0.0417;KELLY_LITE(mult=0.90 taper=1.00 n=6)+CONSEC_REDUCE(0.50)+TIME_REDUCE(50%)+HARD_RISK_CAP(2.0%)+MAXLOSS_CAP;213478.71;213489.11;36;0
2026.08.06 17:14:32;XAUUSD;5;1786028687;PROFIT_RATCHET_LOCKED;floor=4.27 peak=12.64;MANAGE_PROFIT;SAFE;1;1;1;-1;-1;4234.36;10.72;10.72;12.64;-0.24;KELLY_LITE;true;0.04;213478.71;0.0417;KELLY_LITE(mult=0.90 taper=1.00 n=6)+CONSEC_REDUCE(0.50)+TIME_REDUCE(50%)+HARD_RISK_CAP(2.0%)+MAXLOSS_CAP;213478.71;213489.43;33;0
2026.08.06 17:14:33;XAUUSD;5;1786028687;PROFIT_RATCHET_LOCKED;floor=4.27 peak=12.64;MANAGE_PROFIT;SAFE;1;1;1;-1;-1;4234.36;10.44;10.44;12.64;-0.24;KELLY_LITE;true;0.04;213478.71;0.0417;KELLY_LITE(mult=0.90 taper=1.00 n=6)+CONSEC_REDUCE(0.50)+TIME_REDUCE(50%)+HARD_RISK_CAP(2.0%)+MAXLOSS_CAP;213478.71;213489.15;36;0
2026.08.06 17:14:33;XAUUSD;5;1786028687;PROFIT_RATCHET_LOCKED;floor=4.27 peak=12.64;MANAGE_PROFIT;SAFE;1;1;1;-1;-1;4234.36;8.84;8.84;12.64;-0.24;KELLY_LITE;true;0.04;213478.71;0.0417;KELLY_LITE(mult=0.90 taper=1.00 n=6)+CONSEC_REDUCE(0.50)+TIME_REDUCE(50%)+HARD_RISK_CAP(2.0%)+MAXLOSS_CAP;213478.71;213487.55;33;0
2026.08.06 17:14:33;XAUUSD;5;1786028687;EXIT_TIERED_TRAIL;profit=7.20 peak=12.64 allowedRetrace=4.11;MANAGE_PROFIT;SAFE;1;1;1;-1;-1;4234.36;7.20;7.20;12.64;-0.24;KELLY_LITE;true;0.04;213478.71;0.0417;KELLY_LITE(mult=0.90 taper=1.00 n=6)+CONSEC_REDUCE(0.50)+TIME_REDUCE(50%)+HARD_RISK_CAP(2.0%)+MAXLOSS_CAP;213478.71;213485.91;36;0
2026.08.06 17:14:33;XAUUSD;5;1786028687;POSITION_CLOSED;ticket=118105397 reason=tiered_profit_trail lots=0.04 price=4232.56 pnl=7.20;MANAGE_PROFIT;SAFE;0;1;1;-1;-1;4234.36;0.00;0.00;12.64;-0.24;KELLY_LITE;true;0.04;213478.71;0.0417;KELLY_LITE(mult=0.90 taper=1.00 n=6)+CONSEC_REDUCE(0.50)+TIME_REDUCE(50%)+HARD_RISK_CAP(2.0%)+MAXLOSS_CAP;213487.11;213487.11;35;0
2026.08.06 17:14:34;XAUUSD;5;1786028687;PENDING_DELETED;ticket=118105402 reason=close_all_cleanup;MANAGE_PROFIT;SAFE;0;0;1;-1;-1;4234.36;0.00;0.00;12.64;-0.24;KELLY_LITE;true;0.04;213478.71;0.0417;KELLY_LITE(mult=0.90 taper=1.00 n=6)+CONSEC_REDUCE(0.50)+TIME_REDUCE(50%)+HARD_RISK_CAP(2.0%)+MAXLOSS_CAP;213487.11;213487.11;36;0
2026.08.06 17:14:34;XAUUSD;5;1786028687;CYCLE_RESET;oldState=RESET realizedPnL=8.40 peak=12.64 worst=-0.24 pyramid=0 consLosses=0;RESET;SAFE;0;0;0;-1;-1;4234.36;0.00;0.00;12.64;-0.24;KELLY_LITE;true;0.04;213478.71;0.0417;KELLY_LITE(mult=0.90 taper=1.00 n=6)+CONSEC_REDUCE(0.50)+TIME_REDUCE(50%)+HARD_RISK_CAP(2.0%)+MAXLOSS_CAP;213487.11;213487.11;36;0
2026.08.06 17:19:34;XAUUSD;5;1786028688;PLACE_PENDING_START;cycle=1786028688 trend=-1 consecLosses=0 preset=AGGRESSIVE;PLACE_PENDING;SAFE;0;0;0;-1;-1;0.00;0.00;0.00;0.00;0.00;KELLY_LITE;true;0.04;213478.71;0.0417;KELLY_LITE(mult=0.90 taper=1.00 n=6)+CONSEC_REDUCE(0.50)+TIME_REDUCE(50%)+HARD_RISK_CAP(2.0%)+MAXLOSS_CAP;213487.11;213487.11;36;0
2026.08.06 17:19:34;XAUUSD;5;1786028688;DIR_OCO_PLACED;dir=BEAR ticket=118106855 price=4224.92 sl=4239.92 tp=4202.42 lot=0.04 dist=3.01;PLACE_PENDING;SAFE;0;1;0;-1;118106855;0.00;0.00;0.00;0.00;0.00;KELLY_LITE;true;0.04;213487.11;0.0417;KELLY_LITE(mult=0.95 taper=1.00 n=7)+TIME_REDUCE(50%)+HARD_RISK_CAP(2.0%)+MAXLOSS_CAP;213487.11;213487.11;36;0
2026.08.06 17:19:35;XAUUSD;5;1786028688;DIR_OCO_COUNTER_PLACED;dir=BULL(counter) ticket=118106856 price=4231.31 lot=0.03;PLACE_PENDING;SAFE;0;2;0;118106856;118106855;0.00;0.00;0.00;0.00;0.00;KELLY_LITE;true;0.04;213487.11;0.0417;KELLY_LITE(mult=0.95 taper=1.00 n=7)+TIME_REDUCE(50%)+HARD_RISK_CAP(2.0%)+MAXLOSS_CAP;213487.11;213487.11;36;0
2026.08.06 17:19:36;XAUUSD;5;1786028688;BUY_STOP_TRAILED;Old=4231.31 New=4229.47;WAIT_TRIGGER;SAFE;0;2;0;118106856;118106855;0.00;0.00;0.00;0.00;0.00;KELLY_LITE;true;0.04;213487.11;0.0417;KELLY_LITE(mult=0.95 taper=1.00 n=7)+TIME_REDUCE(50%)+HARD_RISK_CAP(2.0%)+MAXLOSS_CAP;213487.11;213487.11;36;0
2026.08.06 17:19:39;XAUUSD;5;1786028688;BUY_STOP_TRAILED;Old=4229.47 New=4229.10;WAIT_TRIGGER;SAFE;0;2;0;118106856;118106855;0.00;0.00;0.00;0.00;0.00;KELLY_LITE;true;0.04;213487.11;0.0417;KELLY_LITE(mult=0.95 taper=1.00 n=7)+TIME_REDUCE(50%)+HARD_RISK_CAP(2.0%)+MAXLOSS_CAP;213487.11;213487.11;36;0
2026.08.06 17:19:41;XAUUSD;5;1786028688;BUY_STOP_TRAILED;Old=4229.10 New=4228.71;WAIT_TRIGGER;SAFE;0;2;0;118106856;118106855;0.00;0.00;0.00;0.00;0.00;KELLY_LITE;true;0.04;213487.11;0.0417;KELLY_LITE(mult=0.95 taper=1.00 n=7)+TIME_REDUCE(50%)+HARD_RISK_CAP(2.0%)+MAXLOSS_CAP;213487.11;213487.11;36;0
2026.08.06 17:20:28;XAUUSD;5;1786028688;BUY_STOP_TRAILED;Old=4228.71 New=4228.30;WAIT_TRIGGER;SAFE;0;2;0;118106856;118106855;0.00;0.00;0.00;0.00;0.00;KELLY_LITE;true;0.04;213487.11;0.0417;KELLY_LITE(mult=0.95 taper=1.00 n=7)+TIME_REDUCE(50%)+HARD_RISK_CAP(2.0%)+MAXLOSS_CAP;213487.11;213487.11;35;0
2026.08.06 17:20:30;XAUUSD;5;1786028688;OCO_TRIGGERED_SELL;ticket=118106855 entry=4224.92;POSITION_ACTIVE;SAFE;1;1;0;118106856;-1;0.00;-0.48;-0.48;0.00;0.00;KELLY_LITE;true;0.04;213487.11;0.0417;KELLY_LITE(mult=0.95 taper=1.00 n=7)+TIME_REDUCE(50%)+HARD_RISK_CAP(2.0%)+MAXLOSS_CAP;213487.11;213486.63;36;0
2026.08.06 17:20:30;XAUUSD;5;1786028688;OPPOSITE_TRAIL_ARMED;opposite_ticket=118106856 will trail price;POSITION_ACTIVE;SAFE;1;1;0;118106856;-1;0.00;-0.48;-0.48;0.00;0.00;KELLY_LITE;true;0.04;213487.11;0.0417;KELLY_LITE(mult=0.95 taper=1.00 n=7)+TIME_REDUCE(50%)+HARD_RISK_CAP(2.0%)+MAXLOSS_CAP;213487.11;213486.63;36;0
2026.08.06 17:26:45;XAUUSD;5;1786028688;REVERSAL_CHASER_TRIGGERED_FLIP;newDir=BULL ticket=118106856 entry=4228.30 lot=0.03;MANAGE_PROFIT;SAFE;2;0;1;-1;-1;4224.92;-14.61;-1.05;5.16;-13.40;KELLY_LITE;true;0.04;213487.11;0.0417;KELLY_LITE(mult=0.95 taper=1.00 n=7)+TIME_REDUCE(50%)+HARD_RISK_CAP(2.0%)+MAXLOSS_CAP;213487.11;213472.50;36;0
2026.08.06 17:26:46;XAUUSD;5;1786028688;POSITION_CLOSED;ticket=118106855 reason=reversal_chaser_flip lots=0.04 price=4228.31 pnl=-13.56;MANAGE_PROFIT;SAFE;1;0;1;-1;-1;4224.92;-1.95;-1.95;5.16;-13.40;KELLY_LITE;true;0.04;213487.11;0.0417;KELLY_LITE(mult=0.95 taper=1.00 n=7)+TIME_REDUCE(50%)+HARD_RISK_CAP(2.0%)+MAXLOSS_CAP;213474.75;213472.80;36;0
2026.08.06 17:26:46;XAUUSD;5;1786028688;CYCLE_RESET;oldState=MANAGE_PROFIT realizedPnL=-12.36 peak=5.16 worst=-13.40 pyramid=1 consLosses=1 reason=chaser_flip;MANAGE_PROFIT;SAFE;1;0;1;-1;-1;4224.92;-1.95;-1.95;5.16;-13.40;KELLY_LITE;true;0.04;213487.11;0.0417;KELLY_LITE(mult=0.95 taper=1.00 n=7)+TIME_REDUCE(50%)+HARD_RISK_CAP(2.0%)+MAXLOSS_CAP;213474.75;213472.80;36;0
2026.08.06 17:30:04;XAUUSD;5;1786028689;SL_MODIFIED;ticket=118106856 oldSL=4216.30 newSL=4229.97 reason=break_even_lock_leg_0;MANAGE_PROFIT;SAFE;1;0;1;-1;-1;4228.30;9.21;9.21;8.07;-5.94;KELLY_LITE;true;0.04;213487.11;0.0417;KELLY_LITE(mult=0.95 taper=1.00 n=7)+TIME_REDUCE(50%)+HARD_RISK_CAP(2.0%)+MAXLOSS_CAP;213474.75;213483.96;37;0
2026.08.06 17:30:04;XAUUSD;5;1786028689;PROFIT_RATCHET_LOCKED;floor=3.43 peak=8.07;MANAGE_PROFIT;SAFE;1;0;1;-1;-1;4228.30;9.21;9.21;8.07;-5.94;KELLY_LITE;true;0.04;213487.11;0.0417;KELLY_LITE(mult=0.95 taper=1.00 n=7)+TIME_REDUCE(50%)+HARD_RISK_CAP(2.0%)+MAXLOSS_CAP;213474.75;213483.96;37;0
2026.08.06 17:30:04;XAUUSD;5;1786028689;PROFIT_RATCHET_LOCKED;floor=3.91 peak=9.21;MANAGE_PROFIT;SAFE;1;0;1;-1;-1;4228.30;9.21;9.21;9.21;-5.94;KELLY_LITE;true;0.04;213487.11;0.0417;KELLY_LITE(mult=0.95 taper=1.00 n=7)+TIME_REDUCE(50%)+HARD_RISK_CAP(2.0%)+MAXLOSS_CAP;213474.75;213483.96;37;0
2026.08.06 17:30:04;XAUUSD;5;1786028689;PROFIT_RATCHET_LOCKED;floor=4.23 peak=9.96;MANAGE_PROFIT;SAFE;1;0;1;-1;-1;4228.30;9.96;9.96;9.96;-5.94;KELLY_LITE;true;0.04;213487.11;0.0417;KELLY_LITE(mult=0.95 taper=1.00 n=7)+TIME_REDUCE(50%)+HARD_RISK_CAP(2.0%)+MAXLOSS_CAP;213474.75;213484.71;33;0
2026.08.06 17:30:04;XAUUSD;5;1786028689;PROFIT_RATCHET_LOCKED;floor=4.40 peak=10.35;MANAGE_PROFIT;SAFE;1;0;1;-1;-1;4228.30;10.35;10.35;10.35;-5.94;KELLY_LITE;true;0.04;213487.11;0.0417;KELLY_LITE(mult=0.95 taper=1.00 n=7)+TIME_REDUCE(50%)+HARD_RISK_CAP(2.0%)+MAXLOSS_CAP;213474.75;213485.10;36;0
2026.08.06 17:30:04;XAUUSD;5;1786028689;PROFIT_RATCHET_LOCKED;floor=4.82 peak=11.34;MANAGE_PROFIT;SAFE;1;0;1;-1;-1;4228.30;11.34;11.34;11.34;-5.94;KELLY_LITE;true;0.04;213487.11;0.0417;KELLY_LITE(mult=0.95 taper=1.00 n=7)+TIME_REDUCE(50%)+HARD_RISK_CAP(2.0%)+MAXLOSS_CAP;213474.75;213486.09;37;0
2026.08.06 17:30:04;XAUUSD;5;1786028689;PROFIT_RATCHET_LOCKED;floor=4.95 peak=11.64;MANAGE_PROFIT;SAFE;1;0;1;-1;-1;4228.30;11.64;11.64;11.64;-5.94;KELLY_LITE;true;0.04;213487.11;0.0417;KELLY_LITE(mult=0.95 taper=1.00 n=7)+TIME_REDUCE(50%)+HARD_RISK_CAP(2.0%)+MAXLOSS_CAP;213474.75;213486.39;36;0
2026.08.06 17:30:05;XAUUSD;5;1786028689;PROFIT_RATCHET_LOCKED;floor=4.95 peak=11.64;MANAGE_PROFIT;SAFE;1;0;1;-1;-1;4228.30;11.28;11.28;11.64;-5.94;KELLY_LITE;true;0.04;213487.11;0.0417;KELLY_LITE(mult=0.95 taper=1.00 n=7)+TIME_REDUCE(50%)+HARD_RISK_CAP(2.0%)+MAXLOSS_CAP;213474.75;213486.03;36;0
2026.08.06 17:30:05;XAUUSD;5;1786028689;PROFIT_RATCHET_LOCKED;floor=4.95 peak=11.64;MANAGE_PROFIT;SAFE;1;0;1;-1;-1;4228.30;11.34;11.34;11.64;-5.94;KELLY_LITE;true;0.04;213487.11;0.0417;KELLY_LITE(mult=0.95 taper=1.00 n=7)+TIME_REDUCE(50%)+HARD_RISK_CAP(2.0%)+MAXLOSS_CAP;213474.75;213486.09;36;0
2026.08.06 17:30:05;XAUUSD;5;1786028689;PROFIT_RATCHET_LOCKED;floor=4.95 peak=11.64;MANAGE_PROFIT;SAFE;1;0;1;-1;-1;4228.30;11.43;11.43;11.64;-5.94;KELLY_LITE;true;0.04;213487.11;0.0417;KELLY_LITE(mult=0.95 taper=1.00 n=7)+TIME_REDUCE(50%)+HARD_RISK_CAP(2.0%)+MAXLOSS_CAP;213474.75;213486.18;36;0
2026.08.06 17:30:06;XAUUSD;5;1786028689;PROFIT_RATCHET_LOCKED;floor=4.95 peak=11.64;MANAGE_PROFIT;SAFE;1;0;1;-1;-1;4228.30;11.52;11.52;11.64;-5.94;KELLY_LITE;true;0.04;213487.11;0.0417;KELLY_LITE(mult=0.95 taper=1.00 n=7)+TIME_REDUCE(50%)+HARD_RISK_CAP(2.0%)+MAXLOSS_CAP;213474.75;213486.27;36;0
2026.08.06 17:30:06;XAUUSD;5;1786028689;PROFIT_RATCHET_LOCKED;floor=4.95 peak=11.64;MANAGE_PROFIT;SAFE;1;0;1;-1;-1;4228.30;11.46;11.46;11.64;-5.94;KELLY_LITE;true;0.04;213487.11;0.0417;KELLY_LITE(mult=0.95 taper=1.00 n=7)+TIME_REDUCE(50%)+HARD_RISK_CAP(2.0%)+MAXLOSS_CAP;213474.75;213486.21;36;0
2026.08.06 17:30:06;XAUUSD;5;1786028689;PROFIT_RATCHET_LOCKED;floor=4.95 peak=11.64;MANAGE_PROFIT;SAFE;1;0;1;-1;-1;4228.30;11.25;11.25;11.64;-5.94;KELLY_LITE;true;0.04;213487.11;0.0417;KELLY_LITE(mult=0.95 taper=1.00 n=7)+TIME_REDUCE(50%)+HARD_RISK_CAP(2.0%)+MAXLOSS_CAP;213474.75;213486.00;36;0
2026.08.06 17:30:06;XAUUSD;5;1786028689;PROFIT_RATCHET_LOCKED;floor=4.95 peak=11.64;MANAGE_PROFIT;SAFE;1;0;1;-1;-1;4228.30;11.55;11.55;11.64;-5.94;KELLY_LITE;true;0.04;213487.11;0.0417;KELLY_LITE(mult=0.95 taper=1.00 n=7)+TIME_REDUCE(50%)+HARD_RISK_CAP(2.0%)+MAXLOSS_CAP;213474.75;213486.30;36;0
2026.08.06 17:30:06;XAUUSD;5;1786028689;PROFIT_RATCHET_LOCKED;floor=4.95 peak=11.64;MANAGE_PROFIT;SAFE;1;0;1;-1;-1;4228.30;11.52;11.52;11.64;-5.94;KELLY_LITE;true;0.04;213487.11;0.0417;KELLY_LITE(mult=0.95 taper=1.00 n=7)+TIME_REDUCE(50%)+HARD_RISK_CAP(2.0%)+MAXLOSS_CAP;213474.75;213486.27;36;0
2026.08.06 17:30:07;XAUUSD;5;1786028689;PROFIT_RATCHET_LOCKED;floor=4.95 peak=11.64;MANAGE_PROFIT;SAFE;1;0;1;-1;-1;4228.30;11.46;11.46;11.64;-5.94;KELLY_LITE;true;0.04;213487.11;0.0417;KELLY_LITE(mult=0.95 taper=1.00 n=7)+TIME_REDUCE(50%)+HARD_RISK_CAP(2.0%)+MAXLOSS_CAP;213474.75;213486.21;36;0
2026.08.06 17:30:07;XAUUSD;5;1786028689;PROFIT_RATCHET_LOCKED;floor=4.96 peak=11.67;MANAGE_PROFIT;SAFE;1;0;1;-1;-1;4228.30;11.67;11.67;11.67;-5.94;KELLY_LITE;true;0.04;213487.11;0.0417;KELLY_LITE(mult=0.95 taper=1.00 n=7)+TIME_REDUCE(50%)+HARD_RISK_CAP(2.0%)+MAXLOSS_CAP;213474.75;213486.42;36;0
2026.08.06 17:30:08;XAUUSD;5;1786028689;SL_MODIFIED;ticket=118106856 oldSL=4229.97 newSL=4230.09 reason=profit_ratchet_lock_leg_0;MANAGE_PROFIT;SAFE;1;0;1;-1;-1;4228.30;12.81;12.81;12.66;-5.94;KELLY_LITE;true;0.04;213487.11;0.0417;KELLY_LITE(mult=0.95 taper=1.00 n=7)+TIME_REDUCE(50%)+HARD_RISK_CAP(2.0%)+MAXLOSS_CAP;213474.75;213487.56;36;0
2026.08.06 17:30:08;XAUUSD;5;1786028689;PROFIT_RATCHET_LOCKED;floor=5.38 peak=12.66;MANAGE_PROFIT;SAFE;1;0;1;-1;-1;4228.30;12.81;12.81;12.66;-5.94;KELLY_LITE;true;0.04;213487.11;0.0417;KELLY_LITE(mult=0.95 taper=1.00 n=7)+TIME_REDUCE(50%)+HARD_RISK_CAP(2.0%)+MAXLOSS_CAP;213474.75;213487.56;36;0
2026.08.06 17:30:08;XAUUSD;5;1786028689;PROFIT_RATCHET_LOCKED;floor=5.44 peak=12.81;MANAGE_PROFIT;SAFE;1;0;1;-1;-1;4228.30;12.81;12.81;12.81;-5.94;KELLY_LITE;true;0.04;213487.11;0.0417;KELLY_LITE(mult=0.95 taper=1.00 n=7)+TIME_REDUCE(50%)+HARD_RISK_CAP(2.0%)+MAXLOSS_CAP;213474.75;213487.56;36;0
2026.08.06 17:30:08;XAUUSD;5;1786028689;SL_MODIFIED;ticket=118106856 oldSL=4230.09 newSL=4230.13 reason=profit_ratchet_lock_leg_0;MANAGE_PROFIT;SAFE;1;0;1;-1;-1;4228.30;12.93;12.93;12.90;-5.94;KELLY_LITE;true;0.04;213487.11;0.0417;KELLY_LITE(mult=0.95 taper=1.00 n=7)+TIME_REDUCE(50%)+HARD_RISK_CAP(2.0%)+MAXLOSS_CAP;213474.75;213487.68;36;0
2026.08.06 17:30:08;XAUUSD;5;1786028689;PROFIT_RATCHET_LOCKED;floor=5.48 peak=12.90;MANAGE_PROFIT;SAFE;1;0;1;-1;-1;4228.30;12.93;12.93;12.90;-5.94;KELLY_LITE;true;0.04;213487.11;0.0417;KELLY_LITE(mult=0.95 taper=1.00 n=7)+TIME_REDUCE(50%)+HARD_RISK_CAP(2.0%)+MAXLOSS_CAP;213474.75;213487.68;36;0
2026.08.06 17:30:08;XAUUSD;5;1786028689;PROFIT_RATCHET_LOCKED;floor=5.50 peak=12.93;MANAGE_PROFIT;SAFE;1;0;1;-1;-1;4228.30;12.93;12.93;12.93;-5.94;KELLY_LITE;true;0.04;213487.11;0.0417;KELLY_LITE(mult=0.95 taper=1.00 n=7)+TIME_REDUCE(50%)+HARD_RISK_CAP(2.0%)+MAXLOSS_CAP;213474.75;213487.68;36;0
2026.08.06 17:30:09;XAUUSD;5;1786028689;SL_MODIFIED;ticket=118106856 oldSL=4230.13 newSL=4230.17 reason=profit_ratchet_lock_leg_0;MANAGE_PROFIT;SAFE;1;0;1;-1;-1;4228.30;12.93;12.93;13.20;-5.94;KELLY_LITE;true;0.04;213487.11;0.0417;KELLY_LITE(mult=0.95 taper=1.00 n=7)+TIME_REDUCE(50%)+HARD_RISK_CAP(2.0%)+MAXLOSS_CAP;213474.75;213487.68;36;0
2026.08.06 17:30:09;XAUUSD;5;1786028689;PROFIT_RATCHET_LOCKED;floor=5.61 peak=13.20;MANAGE_PROFIT;SAFE;1;0;1;-1;-1;4228.30;12.93;12.93;13.20;-5.94;KELLY_LITE;true;0.04;213487.11;0.0417;KELLY_LITE(mult=0.95 taper=1.00 n=7)+TIME_REDUCE(50%)+HARD_RISK_CAP(2.0%)+MAXLOSS_CAP;213474.75;213487.68;36;0
2026.08.06 17:30:10;XAUUSD;5;1786028689;SL_MODIFIED;ticket=118106856 oldSL=4230.17 newSL=4230.26 reason=profit_ratchet_lock_leg_0;MANAGE_PROFIT;SAFE;1;0;1;-1;-1;4228.30;13.77;13.77;13.83;-5.94;KELLY_LITE;true;0.04;213487.11;0.0417;KELLY_LITE(mult=0.95 taper=1.00 n=7)+TIME_REDUCE(50%)+HARD_RISK_CAP(2.0%)+MAXLOSS_CAP;213474.75;213488.52;36;0
2026.08.06 17:30:10;XAUUSD;5;1786028689;PROFIT_RATCHET_LOCKED;floor=5.88 peak=13.83;MANAGE_PROFIT;SAFE;1;0;1;-1;-1;4228.30;13.77;13.77;13.83;-5.94;KELLY_LITE;true;0.04;213487.11;0.0417;KELLY_LITE(mult=0.95 taper=1.00 n=7)+TIME_REDUCE(50%)+HARD_RISK_CAP(2.0%)+MAXLOSS_CAP;213474.75;213488.52;36;0
2026.08.06 17:30:15;XAUUSD;5;1786028689;SL_MODIFIED;ticket=118106856 oldSL=4230.26 newSL=4230.31 reason=profit_ratchet_lock_leg_0;MANAGE_PROFIT;SAFE;1;0;1;-1;-1;4228.30;13.71;13.71;14.19;-5.94;KELLY_LITE;true;0.04;213487.11;0.0417;KELLY_LITE(mult=0.95 taper=1.00 n=7)+TIME_REDUCE(50%)+HARD_RISK_CAP(2.0%)+MAXLOSS_CAP;213474.75;213488.46;36;0
2026.08.06 17:30:15;XAUUSD;5;1786028689;PROFIT_RATCHET_LOCKED;floor=6.03 peak=14.19;MANAGE_PROFIT;SAFE;1;0;1;-1;-1;4228.30;13.71;13.71;14.19;-5.94;KELLY_LITE;true;0.04;213487.11;0.0417;KELLY_LITE(mult=0.95 taper=1.00 n=7)+TIME_REDUCE(50%)+HARD_RISK_CAP(2.0%)+MAXLOSS_CAP;213474.75;213488.46;36;0
2026.08.06 17:30:23;XAUUSD;5;1786028689;EXIT_TIERED_TRAIL;profit=7.89 peak=14.19 allowedRetrace=2.13;MANAGE_PROFIT;SAFE;1;0;1;-1;-1;4228.30;7.89;7.89;14.19;-5.94;KELLY_LITE;true;0.04;213487.11;0.0417;KELLY_LITE(mult=0.95 taper=1.00 n=7)+TIME_REDUCE(50%)+HARD_RISK_CAP(2.0%)+MAXLOSS_CAP;213474.75;213482.64;37;0
2026.08.06 17:30:23;XAUUSD;5;1786028689;POSITION_CLOSED;ticket=118106856 reason=tiered_profit_trail lots=0.03 price=4230.93 pnl=7.89;MANAGE_PROFIT;SAFE;0;0;1;-1;-1;4228.30;0.00;0.00;14.19;-5.94;KELLY_LITE;true;0.04;213487.11;0.0417;KELLY_LITE(mult=0.95 taper=1.00 n=7)+TIME_REDUCE(50%)+HARD_RISK_CAP(2.0%)+MAXLOSS_CAP;213483.00;213483.00;36;0
2026.08.06 17:30:23;XAUUSD;5;1786028689;CYCLE_RESET;oldState=RESET realizedPnL=-4.11 peak=14.19 worst=-5.94 pyramid=0 consLosses=2;RESET;SAFE;0;0;0;-1;-1;4228.30;0.00;0.00;14.19;-5.94;KELLY_LITE;true;0.04;213487.11;0.0417;KELLY_LITE(mult=0.95 taper=1.00 n=7)+TIME_REDUCE(50%)+HARD_RISK_CAP(2.0%)+MAXLOSS_CAP;213483.00;213483.00;36;0
2026.08.06 17:35:23;XAUUSD;5;1786028690;PLACE_PENDING_START;cycle=1786028690 trend=-1 consecLosses=2 preset=AGGRESSIVE;PLACE_PENDING;SAFE;0;0;0;-1;-1;0.00;0.00;0.00;0.00;0.00;KELLY_LITE;true;0.04;213487.11;0.0417;KELLY_LITE(mult=0.95 taper=1.00 n=7)+TIME_REDUCE(50%)+HARD_RISK_CAP(2.0%)+MAXLOSS_CAP;213483.00;213483.00;36;0
2026.08.06 17:35:23;XAUUSD;5;1786028690;DIR_OCO_PLACED;dir=BEAR ticket=118108569 price=4230.51 sl=4245.51 tp=4208.01 lot=0.04 dist=2.71;PLACE_PENDING;SAFE;0;1;0;-1;118108569;0.00;0.00;0.00;0.00;0.00;KELLY_LITE;true;0.04;213483.00;0.0417;KELLY_LITE(mult=0.85 taper=1.00 n=9)+CONSEC_REDUCE(0.50)+TIME_REDUCE(50%)+HARD_RISK_CAP(2.0%)+MAXLOSS_CAP;213483.00;213483.00;36;0
2026.08.06 17:35:24;XAUUSD;5;1786028690;DIR_OCO_COUNTER_PLACED;dir=BULL(counter) ticket=118108570 price=4236.26 lot=0.03;PLACE_PENDING;SAFE;0;2;0;118108570;118108569;0.00;0.00;0.00;0.00;0.00;KELLY_LITE;true;0.04;213483.00;0.0417;KELLY_LITE(mult=0.85 taper=1.00 n=9)+CONSEC_REDUCE(0.50)+TIME_REDUCE(50%)+HARD_RISK_CAP(2.0%)+MAXLOSS_CAP;213483.00;213483.00;36;0
2026.08.06 17:35:28;XAUUSD;5;1786028690;SELL_STOP_TRAILED;Old=4230.51 New=4230.85;WAIT_TRIGGER;SAFE;0;2;0;118108570;118108569;0.00;0.00;0.00;0.00;0.00;KELLY_LITE;true;0.04;213483.00;0.0417;KELLY_LITE(mult=0.85 taper=1.00 n=9)+CONSEC_REDUCE(0.50)+TIME_REDUCE(50%)+HARD_RISK_CAP(2.0%)+MAXLOSS_CAP;213483.00;213483.00;36;0
2026.08.06 17:35:39;XAUUSD;5;1786028690;SELL_STOP_TRAILED;Old=4230.85 New=4231.16;WAIT_TRIGGER;SAFE;0;2;0;118108570;118108569;0.00;0.00;0.00;0.00;0.00;KELLY_LITE;true;0.04;213483.00;0.0417;KELLY_LITE(mult=0.85 taper=1.00 n=9)+CONSEC_REDUCE(0.50)+TIME_REDUCE(50%)+HARD_RISK_CAP(2.0%)+MAXLOSS_CAP;213483.00;213483.00;36;0
2026.08.06 17:35:48;XAUUSD;5;1786028690;BUY_STOP_TRAILED;Old=4236.26 New=4235.84;WAIT_TRIGGER;SAFE;0;2;0;118108570;118108569;0.00;0.00;0.00;0.00;0.00;KELLY_LITE;true;0.04;213483.00;0.0417;KELLY_LITE(mult=0.85 taper=1.00 n=9)+CONSEC_REDUCE(0.50)+TIME_REDUCE(50%)+HARD_RISK_CAP(2.0%)+MAXLOSS_CAP;213483.00;213483.00;36;0
2026.08.06 17:36:10;XAUUSD;5;1786028690;BUY_STOP_TRAILED;Old=4235.84 New=4235.53;WAIT_TRIGGER;SAFE;0;2;0;118108570;118108569;0.00;0.00;0.00;0.00;0.00;KELLY_LITE;true;0.04;213483.00;0.0417;KELLY_LITE(mult=0.85 taper=1.00 n=9)+CONSEC_REDUCE(0.50)+TIME_REDUCE(50%)+HARD_RISK_CAP(2.0%)+MAXLOSS_CAP;213483.00;213483.00;36;0
2026.08.06 17:36:14;XAUUSD;5;1786028690;BUY_STOP_TRAILED;Old=4235.53 New=4235.21;WAIT_TRIGGER;SAFE;0;2;0;118108570;118108569;0.00;0.00;0.00;0.00;0.00;KELLY_LITE;true;0.04;213483.00;0.0417;KELLY_LITE(mult=0.85 taper=1.00 n=9)+CONSEC_REDUCE(0.50)+TIME_REDUCE(50%)+HARD_RISK_CAP(2.0%)+MAXLOSS_CAP;213483.00;213483.00;36;0
2026.08.06 17:38:03;XAUUSD;5;1786028690;SELL_STOP_TRAILED;Old=4231.16 New=4231.57;WAIT_TRIGGER;SAFE;0;2;0;118108570;118108569;0.00;0.00;0.00;0.00;0.00;KELLY_LITE;true;0.04;213483.00;0.0417;KELLY_LITE(mult=0.85 taper=1.00 n=9)+CONSEC_REDUCE(0.50)+TIME_REDUCE(50%)+HARD_RISK_CAP(2.0%)+MAXLOSS_CAP;213483.00;213483.00;36;0
2026.08.06 17:38:08;XAUUSD;5;1786028690;SELL_STOP_TRAILED;Old=4231.57 New=4231.93;WAIT_TRIGGER;SAFE;0;2;0;118108570;118108569;0.00;0.00;0.00;0.00;0.00;KELLY_LITE;true;0.04;213483.00;0.0417;KELLY_LITE(mult=0.85 taper=1.00 n=9)+CONSEC_REDUCE(0.50)+TIME_REDUCE(50%)+HARD_RISK_CAP(2.0%)+MAXLOSS_CAP;213483.00;213483.00;36;0
2026.08.06 17:38:13;XAUUSD;5;1786028690;OCO_TRIGGERED_BUY;ticket=118108570 entry=4235.21;POSITION_ACTIVE;SAFE;1;1;0;-1;118108569;0.00;0.09;-0.99;0.00;0.00;KELLY_LITE;true;0.04;213483.00;0.0417;KELLY_LITE(mult=0.85 taper=1.00 n=9)+CONSEC_REDUCE(0.50)+TIME_REDUCE(50%)+HARD_RISK_CAP(2.0%)+MAXLOSS_CAP;213483.00;213483.09;36;0
2026.08.06 17:38:13;XAUUSD;5;1786028690;OPPOSITE_TRAIL_ARMED;opposite_ticket=118108569 will trail price;POSITION_ACTIVE;SAFE;1;1;0;-1;118108569;0.00;0.09;-0.99;0.00;0.00;KELLY_LITE;true;0.04;213483.00;0.0417;KELLY_LITE(mult=0.85 taper=1.00 n=9)+CONSEC_REDUCE(0.50)+TIME_REDUCE(50%)+HARD_RISK_CAP(2.0%)+MAXLOSS_CAP;213483.00;213483.09;36;0
2026.08.06 17:46:24;XAUUSD;5;1786028690;REVERSAL_CHASER_TRIGGERED_FLIP;newDir=BEAR ticket=118108569 entry=4231.93 lot=0.04;MANAGE_PROFIT;SAFE;2;0;1;-1;-1;4235.21;-9.64;-10.44;2.25;-9.72;KELLY_LITE;true;0.04;213483.00;0.0417;KELLY_LITE(mult=0.85 taper=1.00 n=9)+CONSEC_REDUCE(0.50)+TIME_REDUCE(50%)+HARD_RISK_CAP(2.0%)+MAXLOSS_CAP;213483.00;213473.36;37;0
2026.08.06 17:46:24;XAUUSD;5;1786028690;POSITION_CLOSED;ticket=118108570 reason=reversal_chaser_flip lots=0.03 price=4231.73 pnl=-10.44;MANAGE_PROFIT;SAFE;1;0;1;-1;-1;4235.21;-1.48;-1.48;2.25;-9.72;KELLY_LITE;true;0.04;213483.00;0.0417;KELLY_LITE(mult=0.85 taper=1.00 n=9)+CONSEC_REDUCE(0.50)+TIME_REDUCE(50%)+HARD_RISK_CAP(2.0%)+MAXLOSS_CAP;213473.28;213471.80;33;0
2026.08.06 17:46:24;XAUUSD;5;1786028690;CONSECUTIVE_LOSS_PAUSE;losses=3 pauseUntil=2026.08.06 18:01:24;MANAGE_PROFIT;SAFE;1;0;1;-1;-1;4235.21;-1.48;-1.48;2.25;-9.72;KELLY_LITE;true;0.04;213483.00;0.0417;KELLY_LITE(mult=0.85 taper=1.00 n=9)+CONSEC_REDUCE(0.50)+TIME_REDUCE(50%)+HARD_RISK_CAP(2.0%)+MAXLOSS_CAP;213473.28;213471.80;33;0
2026.08.06 17:46:24;XAUUSD;5;1786028690;CYCLE_RESET;oldState=MANAGE_PROFIT realizedPnL=-9.72 peak=2.25 worst=-9.72 pyramid=1 consLosses=3 reason=chaser_flip;MANAGE_PROFIT;SAFE;1;0;1;-1;-1;4235.21;-1.48;-1.48;2.25;-9.72;KELLY_LITE;true;0.04;213483.00;0.0417;KELLY_LITE(mult=0.85 taper=1.00 n=9)+CONSEC_REDUCE(0.50)+TIME_REDUCE(50%)+HARD_RISK_CAP(2.0%)+MAXLOSS_CAP;213473.28;213471.80;33;0
2026.08.06 17:55:09;XAUUSD;5;1786028691;EXIT_SOFT_SL_MOMENTUM;profit=-29.84 rsi=45.6 dir=-1;MANAGE_PROFIT;WATCH;1;0;1;-1;-1;4231.93;-29.84;-29.84;0.00;-29.84;KELLY_LITE;true;0.04;213483.00;0.0417;KELLY_LITE(mult=0.85 taper=1.00 n=9)+CONSEC_REDUCE(0.50)+TIME_REDUCE(50%)+HARD_RISK_CAP(2.0%)+MAXLOSS_CAP;213473.28;213443.44;33;0
2026.08.06 17:55:09;XAUUSD;5;1786028691;POSITION_CLOSED;ticket=118108569 reason=soft_sl_momentum lots=0.04 price=4239.39 pnl=-29.84;MANAGE_PROFIT;WATCH;0;0;1;-1;-1;4231.93;0.00;0.00;0.00;-29.84;KELLY_LITE;true;0.04;213483.00;0.0417;KELLY_LITE(mult=0.85 taper=1.00 n=9)+CONSEC_REDUCE(0.50)+TIME_REDUCE(50%)+HARD_RISK_CAP(2.0%)+MAXLOSS_CAP;213443.88;213443.88;36;0
2026.08.06 17:55:09;XAUUSD;5;1786028691;CONSECUTIVE_LOSS_PAUSE;losses=4 pauseUntil=2026.08.06 18:10:09;RESET;WATCH;0;0;0;-1;-1;4231.93;0.00;0.00;0.00;-29.84;KELLY_LITE;true;0.04;213483.00;0.0417;KELLY_LITE(mult=0.85 taper=1.00 n=9)+CONSEC_REDUCE(0.50)+TIME_REDUCE(50%)+HARD_RISK_CAP(2.0%)+MAXLOSS_CAP;213443.88;213443.88;36;0
2026.08.06 17:55:09;XAUUSD;5;1786028691;CONSEC_LOSS_HARD_STOP;losses=4 threshold=4 pause=3600s;RESET;WATCH;0;0;0;-1;-1;4231.93;0.00;0.00;0.00;-29.84;KELLY_LITE;true;0.04;213483.00;0.0417;KELLY_LITE(mult=0.85 taper=1.00 n=9)+CONSEC_REDUCE(0.50)+TIME_REDUCE(50%)+HARD_RISK_CAP(2.0%)+MAXLOSS_CAP;213443.88;213443.88;36;0
2026.08.06 17:55:09;XAUUSD;5;1786028691;CYCLE_RESET;oldState=RESET realizedPnL=-39.12 peak=0.00 worst=-29.84 pyramid=0 consLosses=4;RESET;WATCH;0;0;0;-1;-1;4231.93;0.00;0.00;0.00;-29.84;KELLY_LITE;true;0.04;213483.00;0.0417;KELLY_LITE(mult=0.85 taper=1.00 n=9)+CONSEC_REDUCE(0.50)+TIME_REDUCE(50%)+HARD_RISK_CAP(2.0%)+MAXLOSS_CAP;213443.88;213443.88;36;0
2026.08.06 18:55:09;XAUUSD;5;1786028692;PLACE_PENDING_START;cycle=1786028692 trend=-1 consecLosses=4 preset=AGGRESSIVE;PLACE_PENDING;SAFE;0;0;0;-1;-1;0.00;0.00;0.00;0.00;0.00;KELLY_LITE;true;0.04;213483.00;0.0417;KELLY_LITE(mult=0.85 taper=1.00 n=9)+CONSEC_REDUCE(0.50)+TIME_REDUCE(50%)+HARD_RISK_CAP(2.0%)+MAXLOSS_CAP;213443.88;213443.88;36;0
2026.08.06 18:55:09;XAUUSD;5;1786028692;DIR_OCO_PLACED;dir=BEAR ticket=118113192 price=4245.33 sl=4260.33 tp=4222.83 lot=0.04 dist=1.50;PLACE_PENDING;SAFE;0;1;0;-1;118113192;0.00;0.00;0.00;0.00;0.00;KELLY_LITE;true;0.04;213443.88;0.0417;KELLY_LITE(mult=0.75 taper=1.00 n=11)+CONSEC_REDUCE(0.50)+TIME_REDUCE(50%)+HARD_RISK_CAP(2.0%)+MAXLOSS_CAP;213443.88;213443.88;36;0
2026.08.06 18:55:09;XAUUSD;5;1786028692;DIR_OCO_COUNTER_PLACED;dir=BULL(counter) ticket=118113193 price=4248.67 lot=0.03;PLACE_PENDING;SAFE;0;2;0;118113193;118113192;0.00;0.00;0.00;0.00;0.00;KELLY_LITE;true;0.04;213443.88;0.0417;KELLY_LITE(mult=0.75 taper=1.00 n=11)+CONSEC_REDUCE(0.50)+TIME_REDUCE(50%)+HARD_RISK_CAP(2.0%)+MAXLOSS_CAP;213443.88;213443.88;36;0
2026.08.06 18:55:18;XAUUSD;5;1786028692;BUY_STOP_TRAILED;Old=4248.67 New=4248.32;WAIT_TRIGGER;SAFE;0;2;0;118113193;118113192;0.00;0.00;0.00;0.00;0.00;KELLY_LITE;true;0.04;213443.88;0.0417;KELLY_LITE(mult=0.75 taper=1.00 n=11)+CONSEC_REDUCE(0.50)+TIME_REDUCE(50%)+HARD_RISK_CAP(2.0%)+MAXLOSS_CAP;213443.88;213443.88;36;0
2026.08.06 18:55:21;XAUUSD;5;1786028692;BUY_STOP_TRAILED;Old=4248.32 New=4247.96;WAIT_TRIGGER;SAFE;0;2;0;118113193;118113192;0.00;0.00;0.00;0.00;0.00;KELLY_LITE;true;0.04;213443.88;0.0417;KELLY_LITE(mult=0.75 taper=1.00 n=11)+CONSEC_REDUCE(0.50)+TIME_REDUCE(50%)+HARD_RISK_CAP(2.0%)+MAXLOSS_CAP;213443.88;213443.88;36;0
2026.08.06 18:55:52;XAUUSD;5;1786028692;BUY_STOP_TRAILED;Old=4247.96 New=4247.62;WAIT_TRIGGER;SAFE;0;2;0;118113193;118113192;0.00;0.00;0.00;0.00;0.00;KELLY_LITE;true;0.04;213443.88;0.0417;KELLY_LITE(mult=0.75 taper=1.00 n=11)+CONSEC_REDUCE(0.50)+TIME_REDUCE(50%)+HARD_RISK_CAP(2.0%)+MAXLOSS_CAP;213443.88;213443.88;36;0
2026.08.06 18:56:08;XAUUSD;5;1786028692;SELL_STOP_TRAILED;Old=4245.33 New=4245.65;WAIT_TRIGGER;SAFE;1;1;0;118113193;118113192;0.00;-0.06;-0.06;0.00;0.00;KELLY_LITE;true;0.04;213443.88;0.0417;KELLY_LITE(mult=0.75 taper=1.00 n=11)+CONSEC_REDUCE(0.50)+TIME_REDUCE(50%)+HARD_RISK_CAP(2.0%)+MAXLOSS_CAP;213443.88;213443.82;36;0
2026.08.06 18:56:08;XAUUSD;5;1786028692;OCO_TRIGGERED_BUY;ticket=118113193 entry=4247.62;POSITION_ACTIVE;SAFE;1;1;0;-1;118113192;0.00;-0.06;-0.06;0.00;0.00;KELLY_LITE;true;0.04;213443.88;0.0417;KELLY_LITE(mult=0.75 taper=1.00 n=11)+CONSEC_REDUCE(0.50)+TIME_REDUCE(50%)+HARD_RISK_CAP(2.0%)+MAXLOSS_CAP;213443.88;213443.82;36;0
2026.08.06 18:56:08;XAUUSD;5;1786028692;OPPOSITE_TRAIL_ARMED;opposite_ticket=118113192 will trail price;POSITION_ACTIVE;SAFE;1;1;0;-1;118113192;0.00;-0.06;-0.06;0.00;0.00;KELLY_LITE;true;0.04;213443.88;0.0417;KELLY_LITE(mult=0.75 taper=1.00 n=11)+CONSEC_REDUCE(0.50)+TIME_REDUCE(50%)+HARD_RISK_CAP(2.0%)+MAXLOSS_CAP;213443.88;213443.82;36;0
2026.08.06 18:58:53;XAUUSD;5;1786028692;REVERSAL_CHASER_TRIGGERED_FLIP;newDir=BEAR ticket=118113192 entry=4245.65 lot=0.04;MANAGE_PROFIT;SAFE;2;0;1;-1;-1;4247.62;-7.29;-6.09;1.02;-5.70;KELLY_LITE;true;0.04;213443.88;0.0417;KELLY_LITE(mult=0.75 taper=1.00 n=11)+CONSEC_REDUCE(0.50)+TIME_REDUCE(50%)+HARD_RISK_CAP(2.0%)+MAXLOSS_CAP;213443.88;213436.59;36;0
2026.08.06 18:58:53;XAUUSD;5;1786028692;POSITION_CLOSED;ticket=118113193 reason=reversal_chaser_flip lots=0.03 price=4245.59 pnl=-6.09;MANAGE_PROFIT;SAFE;1;0;1;-1;-1;4247.62;-1.12;-1.12;1.02;-5.70;KELLY_LITE;true;0.04;213443.88;0.0417;KELLY_LITE(mult=0.75 taper=1.00 n=11)+CONSEC_REDUCE(0.50)+TIME_REDUCE(50%)+HARD_RISK_CAP(2.0%)+MAXLOSS_CAP;213437.73;213436.61;36;0
2026.08.06 18:58:53;XAUUSD;5;1786028692;CONSECUTIVE_LOSS_PAUSE;losses=5 pauseUntil=2026.08.06 19:13:53;MANAGE_PROFIT;SAFE;1;0;1;-1;-1;4247.62;-1.12;-1.12;1.02;-5.70;KELLY_LITE;true;0.04;213443.88;0.0417;KELLY_LITE(mult=0.75 taper=1.00 n=11)+CONSEC_REDUCE(0.50)+TIME_REDUCE(50%)+HARD_RISK_CAP(2.0%)+MAXLOSS_CAP;213437.73;213436.61;36;0
2026.08.06 18:58:53;XAUUSD;5;1786028692;CONSEC_LOSS_HARD_STOP;losses=5 threshold=4 pause=3600s;MANAGE_PROFIT;SAFE;1;0;1;-1;-1;4247.62;-1.12;-1.12;1.02;-5.70;KELLY_LITE;true;0.04;213443.88;0.0417;KELLY_LITE(mult=0.75 taper=1.00 n=11)+CONSEC_REDUCE(0.50)+TIME_REDUCE(50%)+HARD_RISK_CAP(2.0%)+MAXLOSS_CAP;213437.73;213436.61;36;0
2026.08.06 18:58:53;XAUUSD;5;1786028692;CYCLE_RESET;oldState=MANAGE_PROFIT realizedPnL=-6.15 peak=1.02 worst=-5.70 pyramid=1 consLosses=5 reason=chaser_flip;MANAGE_PROFIT;SAFE;1;0;1;-1;-1;4247.62;-1.12;-1.12;1.02;-5.70;KELLY_LITE;true;0.04;213443.88;0.0417;KELLY_LITE(mult=0.75 taper=1.00 n=11)+CONSEC_REDUCE(0.50)+TIME_REDUCE(50%)+HARD_RISK_CAP(2.0%)+MAXLOSS_CAP;213437.73;213436.61;36;0
2026.08.06 19:08:53;XAUUSD;5;1786028693;EXIT_TIME_LOSS;held=10 profit=-11.52;MANAGE_PROFIT;SAFE;1;0;1;-1;-1;4245.65;-11.52;-11.52;5.00;-12.00;KELLY_LITE;true;0.04;213443.88;0.0417;KELLY_LITE(mult=0.75 taper=1.00 n=11)+CONSEC_REDUCE(0.50)+TIME_REDUCE(50%)+HARD_RISK_CAP(2.0%)+MAXLOSS_CAP;213437.73;213426.21;36;0
2026.08.06 19:08:53;XAUUSD;5;1786028693;POSITION_CLOSED;ticket=118113192 reason=time_loss_exit lots=0.04 price=4248.53 pnl=-11.52;MANAGE_PROFIT;SAFE;0;0;1;-1;-1;4245.65;0.00;0.00;5.00;-12.00;KELLY_LITE;true;0.04;213443.88;0.0417;KELLY_LITE(mult=0.75 taper=1.00 n=11)+CONSEC_REDUCE(0.50)+TIME_REDUCE(50%)+HARD_RISK_CAP(2.0%)+MAXLOSS_CAP;213426.21;213426.21;36;0
2026.08.06 19:08:54;XAUUSD;5;1786028693;CONSECUTIVE_LOSS_PAUSE;losses=6 pauseUntil=2026.08.06 19:23:54;RESET;SAFE;0;0;0;-1;-1;4245.65;0.00;0.00;5.00;-12.00;KELLY_LITE;true;0.04;213443.88;0.0417;KELLY_LITE(mult=0.75 taper=1.00 n=11)+CONSEC_REDUCE(0.50)+TIME_REDUCE(50%)+HARD_RISK_CAP(2.0%)+MAXLOSS_CAP;213426.21;213426.21;36;0
2026.08.06 19:08:54;XAUUSD;5;1786028693;CONSEC_LOSS_HARD_STOP;losses=6 threshold=4 pause=3600s;RESET;SAFE;0;0;0;-1;-1;4245.65;0.00;0.00;5.00;-12.00;KELLY_LITE;true;0.04;213443.88;0.0417;KELLY_LITE(mult=0.75 taper=1.00 n=11)+CONSEC_REDUCE(0.50)+TIME_REDUCE(50%)+HARD_RISK_CAP(2.0%)+MAXLOSS_CAP;213426.21;213426.21;36;0
2026.08.06 19:08:54;XAUUSD;5;1786028693;CONSEC_LOSS_FULL_DAY_STOP;losses=6 threshold=6 — no new cycles until next calendar day;RESET;SAFE;0;0;0;-1;-1;4245.65;0.00;0.00;5.00;-12.00;KELLY_LITE;true;0.04;213443.88;0.0417;KELLY_LITE(mult=0.75 taper=1.00 n=11)+CONSEC_REDUCE(0.50)+TIME_REDUCE(50%)+HARD_RISK_CAP(2.0%)+MAXLOSS_CAP;213426.21;213426.21;36;0
2026.08.06 19:08:54;XAUUSD;5;1786028693;CYCLE_RESET;oldState=RESET realizedPnL=-17.67 peak=5.00 worst=-12.00 pyramid=0 consLosses=6;RESET;SAFE;0;0;0;-1;-1;4245.65;0.00;0.00;5.00;-12.00;KELLY_LITE;true;0.04;213443.88;0.0417;KELLY_LITE(mult=0.75 taper=1.00 n=11)+CONSEC_REDUCE(0.50)+TIME_REDUCE(50%)+HARD_RISK_CAP(2.0%)+MAXLOSS_CAP;213426.21;213426.21;36;0
2026.08.06 23:36:29;XAUUSD;5;1786028693;EA_DEINIT;reason=1;BLOCKED;SAFE;0;0;0;-1;-1;0.00;0.00;0.00;0.00;0.00;KELLY_LITE;true;0.04;213443.88;0.0417;KELLY_LITE(mult=0.75 taper=1.00 n=11)+CONSEC_REDUCE(0.50)+TIME_REDUCE(50%)+HARD_RISK_CAP(2.0%)+MAXLOSS_CAP;213426.21;213426.21;36;0
2026.08.06 23:36:43;XAUUSD;5;1786059403;EA_INIT;V6.47|Preset=AGGRESSIVE|MaxLoss=$50.0 SL=$12.0 RiskPct=1.50|TrailOppPending=ON OppATR=1.0|HedgeEnabled=OFF|DailyDD=4.0% WeeklyLim=$100|AutoLotMode=KELLY_LITE|Session=ALL NewsFilter=OFF (0 times);IDLE;SAFE;0;0;0;-1;-1;0.00;0.00;0.00;0.00;0.00;KELLY_LITE;true;0.00;0.00;0.0000;INIT;213426.21;213426.21;36;0
2026.08.06 23:36:43;XAUUSD;5;1786059403;DAILY_BASELINE_RESTORED;startEquity=213544.66 paused=false hardStop=true;IDLE;SAFE;0;0;0;-1;-1;0.00;0.00;0.00;0.00;0.00;KELLY_LITE;true;0.00;0.00;0.0000;INIT;213426.21;213426.21;36;0
2026.08.06 23:36:43;XAUUSD;5;1786059403;WEEKLY_BASELINE_RESTORED;startEquity=214135.37 paused=false;IDLE;SAFE;0;0;0;-1;-1;0.00;0.00;0.00;0.00;0.00;KELLY_LITE;true;0.00;0.00;0.0000;INIT;213426.21;213426.21;36;0
2026.08.07 00:00:00;XAUUSD;5;1786059403;CONSEC_LOSS_FULL_DAY_STOP_CLEARED;real day rollover (no restart) — resuming new-cycle checks;BLOCKED;SAFE;0;0;0;-1;-1;0.00;0.00;0.00;0.00;0.00;KELLY_LITE;true;0.00;0.00;0.0000;INIT;213426.21;213426.21;36;0
2026.08.07 00:00:00;XAUUSD;5;1786059403;FILTER_BLOCK_TREND_DISAGREE;TREND_DISAGREE (main=-1 fast=1 rsi=48.8, no extreme);BLOCKED;SAFE;0;0;0;-1;-1;0.00;0.00;0.00;0.00;0.00;KELLY_LITE;true;0.00;0.00;0.0000;INIT;213426.21;213426.21;36;0
2026.08.07 00:05:00;XAUUSD;5;1786059403;FILTER_BLOCK_TREND_DISAGREE;TREND_DISAGREE (main=-1 fast=1 rsi=51.9, no extreme);BLOCKED;SAFE;0;0;0;-1;-1;0.00;0.00;0.00;0.00;0.00;KELLY_LITE;true;0.00;0.00;0.0000;INIT;213426.21;213426.21;36;0
2026.08.07 00:10:00;XAUUSD;5;1786059404;PLACE_PENDING_START;cycle=1786059404 trend=-1 consecLosses=0 preset=AGGRESSIVE;PLACE_PENDING;SAFE;0;0;0;-1;-1;0.00;0.00;0.00;0.00;0.00;KELLY_LITE;true;0.00;0.00;0.0000;INIT;213426.21;213426.21;36;0
2026.08.07 00:10:00;XAUUSD;5;1786059404;DIR_OCO_PLACED;dir=BEAR ticket=118126050 price=4242.46 sl=4257.46 tp=4219.96 lot=0.04 dist=1.50;PLACE_PENDING;SAFE;0;1;0;-1;118126050;0.00;0.00;0.00;0.00;0.00;KELLY_LITE;true;0.04;213426.21;0.0417;KELLY_LITE(mult=1.00 taper=1.00 n=0)+HARD_RISK_CAP(2.0%)+MAXLOSS_CAP;213426.21;213426.21;36;0
2026.08.07 00:10:00;XAUUSD;5;1786059404;DIR_OCO_COUNTER_PLACED;dir=BULL(counter) ticket=118126061 price=4245.79 lot=0.03;PLACE_PENDING;SAFE;0;2;0;118126061;118126050;0.00;0.00;0.00;0.00;0.00;KELLY_LITE;true;0.04;213426.21;0.0417;KELLY_LITE(mult=1.00 taper=1.00 n=0)+HARD_RISK_CAP(2.0%)+MAXLOSS_CAP;213426.21;213426.21;36;0
2026.08.07 00:12:41;XAUUSD;5;1786059404;SELL_STOP_TRAILED;Old=4242.46 New=4242.82;WAIT_TRIGGER;SAFE;0;2;0;118126061;118126050;0.00;0.00;0.00;0.00;0.00;KELLY_LITE;true;0.04;213426.21;0.0417;KELLY_LITE(mult=1.00 taper=1.00 n=0)+HARD_RISK_CAP(2.0%)+MAXLOSS_CAP;213426.21;213426.21;36;0
2026.08.07 00:12:46;XAUUSD;5;1786059404;SELL_STOP_TRAILED;Old=4242.82 New=4243.14;WAIT_TRIGGER;SAFE;0;2;0;118126061;118126050;0.00;0.00;0.00;0.00;0.00;KELLY_LITE;true;0.04;213426.21;0.0417;KELLY_LITE(mult=1.00 taper=1.00 n=0)+HARD_RISK_CAP(2.0%)+MAXLOSS_CAP;213426.21;213426.21;36;0
2026.08.07 00:14:58;XAUUSD;5;1786059404;SELL_STOP_TRAILED;Old=4243.14 New=4243.57;WAIT_TRIGGER;SAFE;0;2;0;118126061;118126050;0.00;0.00;0.00;0.00;0.00;KELLY_LITE;true;0.04;213426.21;0.0417;KELLY_LITE(mult=1.00 taper=1.00 n=0)+HARD_RISK_CAP(2.0%)+MAXLOSS_CAP;213426.21;213426.21;36;0
2026.08.07 00:14:59;XAUUSD;5;1786059404;SELL_STOP_TRAILED;Old=4243.57 New=4243.88;WAIT_TRIGGER;SAFE;0;2;0;118126061;118126050;0.00;0.00;0.00;0.00;0.00;KELLY_LITE;true;0.04;213426.21;0.0417;KELLY_LITE(mult=1.00 taper=1.00 n=0)+HARD_RISK_CAP(2.0%)+MAXLOSS_CAP;213426.21;213426.21;36;0
2026.08.07 00:16:31;XAUUSD;5;1786059404;OCO_TRIGGERED_BUY;ticket=118126061 entry=4245.79;POSITION_ACTIVE;SAFE;1;1;0;-1;118126050;0.00;-0.96;-0.96;0.00;0.00;KELLY_LITE;true;0.04;213426.21;0.0417;KELLY_LITE(mult=1.00 taper=1.00 n=0)+HARD_RISK_CAP(2.0%)+MAXLOSS_CAP;213426.21;213425.25;36;0
2026.08.07 00:16:31;XAUUSD;5;1786059404;OPPOSITE_TRAIL_ARMED;opposite_ticket=118126050 will trail price;POSITION_ACTIVE;SAFE;1;1;0;-1;118126050;0.00;-0.96;-0.96;0.00;0.00;KELLY_LITE;true;0.04;213426.21;0.0417;KELLY_LITE(mult=1.00 taper=1.00 n=0)+HARD_RISK_CAP(2.0%)+MAXLOSS_CAP;213426.21;213425.25;36;0
2026.08.07 00:16:31;XAUUSD;5;1786059404;OPPOSITE_PENDING_TRAILED;SELL_STOP trailed UP: ticket=118126050 old=4243.88 new=4244.23 dist=1.25;MANAGE_PROFIT;SAFE;1;1;1;-1;-1;4245.79;-0.99;-0.99;0.00;-0.96;KELLY_LITE;true;0.04;213426.21;0.0417;KELLY_LITE(mult=1.00 taper=1.00 n=0)+HARD_RISK_CAP(2.0%)+MAXLOSS_CAP;213426.21;213425.22;36;0
2026.08.07 00:19:31;XAUUSD;5;1786059404;OPPOSITE_PENDING_TRAILED;SELL_STOP trailed UP: ticket=118126050 old=4244.23 new=4244.54 dist=1.26;MANAGE_PROFIT;SAFE;1;1;1;-1;-1;4245.79;0.03;0.03;0.00;-1.59;KELLY_LITE;true;0.04;213426.21;0.0417;KELLY_LITE(mult=1.00 taper=1.00 n=0)+HARD_RISK_CAP(2.0%)+MAXLOSS_CAP;213426.21;213426.24;36;0
2026.08.07 00:22:21;XAUUSD;5;1786059404;OPPOSITE_PENDING_TRAILED;SELL_STOP trailed UP: ticket=118126050 old=4244.54 new=4244.87 dist=1.16;MANAGE_PROFIT;SAFE;1;1;1;-1;-1;4245.79;0.54;0.54;0.96;-1.59;KELLY_LITE;true;0.04;213426.21;0.0417;KELLY_LITE(mult=1.00 taper=1.00 n=0)+HARD_RISK_CAP(2.0%)+MAXLOSS_CAP;213426.21;213426.75;36;0
2026.08.07 00:27:30;XAUUSD;5;1786059404;REVERSAL_CHASER_TRIGGERED_FLIP;newDir=BEAR ticket=118126050 entry=4244.87 lot=0.04;MANAGE_PROFIT;SAFE;2;0;1;-1;-1;4245.79;-4.19;-2.79;0.96;-2.67;KELLY_LITE;true;0.04;213426.21;0.0417;KELLY_LITE(mult=1.00 taper=1.00 n=0)+HARD_RISK_CAP(2.0%)+MAXLOSS_CAP;213426.21;213422.02;36;0
2026.08.07 00:27:30;XAUUSD;5;1786059404;POSITION_CLOSED;ticket=118126061 reason=reversal_chaser_flip lots=0.03 price=4244.86 pnl=-2.79;MANAGE_PROFIT;SAFE;1;0;1;-1;-1;4245.79;-1.52;-1.52;0.96;-2.67;KELLY_LITE;true;0.04;213426.21;0.0417;KELLY_LITE(mult=1.00 taper=1.00 n=0)+HARD_RISK_CAP(2.0%)+MAXLOSS_CAP;213423.48;213421.96;37;0
2026.08.07 00:27:30;XAUUSD;5;1786059404;CYCLE_RESET;oldState=MANAGE_PROFIT realizedPnL=-2.73 peak=0.96 worst=-2.67 pyramid=1 consLosses=1 reason=chaser_flip;MANAGE_PROFIT;SAFE;1;0;1;-1;-1;4245.79;-1.52;-1.52;0.96;-2.67;KELLY_LITE;true;0.04;213426.21;0.0417;KELLY_LITE(mult=1.00 taper=1.00 n=0)+HARD_RISK_CAP(2.0%)+MAXLOSS_CAP;213423.48;213421.96;37;0
2026.08.07 00:33:23;XAUUSD;5;1786059405;RECONCILED_BROKER_CLOSE;ticket=118126050 type=main pnl=-16.00;MANAGE_PROFIT;SAFE;0;0;1;-1;-1;4244.87;0.00;0.00;5.60;-16.40;KELLY_LITE;true;0.04;213426.21;0.0417;KELLY_LITE(mult=1.00 taper=1.00 n=0)+HARD_RISK_CAP(2.0%)+MAXLOSS_CAP;213407.48;213407.48;36;0
2026.08.07 00:33:23;XAUUSD;5;1786059405;CYCLE_RESET;oldState=MANAGE_PROFIT realizedPnL=-18.73 peak=5.60 worst=-16.40 pyramid=1 consLosses=2;MANAGE_PROFIT;SAFE;0;0;1;-1;-1;4244.87;0.00;0.00;5.60;-16.40;KELLY_LITE;true;0.04;213426.21;0.0417;KELLY_LITE(mult=1.00 taper=1.00 n=0)+HARD_RISK_CAP(2.0%)+MAXLOSS_CAP;213407.48;213407.48;36;0
2026.08.07 00:38:25;XAUUSD;5;1786059405;FILTER_BLOCK_TREND;TREND_NEUTRAL_EMA;BLOCKED;SAFE;0;0;0;-1;-1;0.00;0.00;0.00;0.00;0.00;KELLY_LITE;true;0.04;213426.21;0.0417;KELLY_LITE(mult=1.00 taper=1.00 n=0)+HARD_RISK_CAP(2.0%)+MAXLOSS_CAP;213407.48;213407.48;36;0
2026.08.07 00:43:29;XAUUSD;5;1786059405;FILTER_BLOCK_TREND;TREND_NEUTRAL_EMA;BLOCKED;SAFE;0;0;0;-1;-1;0.00;0.00;0.00;0.00;0.00;KELLY_LITE;true;0.04;213426.21;0.0417;KELLY_LITE(mult=1.00 taper=1.00 n=0)+HARD_RISK_CAP(2.0%)+MAXLOSS_CAP;213407.48;213407.48;37;0
2026.08.07 00:48:30;XAUUSD;5;1786059406;PLACE_PENDING_START;cycle=1786059406 trend=1 consecLosses=2 preset=AGGRESSIVE;PLACE_PENDING;SAFE;0;0;0;-1;-1;0.00;0.00;0.00;0.00;0.00;KELLY_LITE;true;0.04;213426.21;0.0417;KELLY_LITE(mult=1.00 taper=1.00 n=0)+HARD_RISK_CAP(2.0%)+MAXLOSS_CAP;213407.48;213407.48;36;0
2026.08.07 00:48:31;XAUUSD;5;1786059406;DIR_OCO_PLACED;dir=BULL ticket=118127155 price=4249.93 sl=4234.93 tp=4272.43 lot=0.04 dist=1.50;PLACE_PENDING;SAFE;0;1;0;118127155;-1;0.00;0.00;0.00;0.00;0.00;KELLY_LITE;true;0.04;213407.48;0.0417;KELLY_LITE(mult=1.00 taper=1.00 n=2)+CONSEC_REDUCE(0.50)+HARD_RISK_CAP(2.0%)+MAXLOSS_CAP;213407.48;213407.48;36;0
2026.08.07 00:48:31;XAUUSD;5;1786059406;DIR_OCO_COUNTER_PLACED;dir=BEAR(counter) ticket=118127156 price=4246.60 lot=0.03;PLACE_PENDING;SAFE;0;2;0;118127155;118127156;0.00;0.00;0.00;0.00;0.00;KELLY_LITE;true;0.04;213407.48;0.0417;KELLY_LITE(mult=1.00 taper=1.00 n=2)+CONSEC_REDUCE(0.50)+HARD_RISK_CAP(2.0%)+MAXLOSS_CAP;213407.48;213407.48;36;0
2026.08.07 00:48:38;XAUUSD;5;1786059406;SELL_STOP_TRAILED;Old=4246.60 New=4246.91;WAIT_TRIGGER;SAFE;0;2;0;118127155;118127156;0.00;0.00;0.00;0.00;0.00;KELLY_LITE;true;0.04;213407.48;0.0417;KELLY_LITE(mult=1.00 taper=1.00 n=2)+CONSEC_REDUCE(0.50)+HARD_RISK_CAP(2.0%)+MAXLOSS_CAP;213407.48;213407.48;36;0
2026.08.07 00:48:58;XAUUSD;5;1786059406;SELL_STOP_TRAILED;Old=4246.91 New=4247.25;WAIT_TRIGGER;SAFE;0;2;0;118127155;118127156;0.00;0.00;0.00;0.00;0.00;KELLY_LITE;true;0.04;213407.48;0.0417;KELLY_LITE(mult=1.00 taper=1.00 n=2)+CONSEC_REDUCE(0.50)+HARD_RISK_CAP(2.0%)+MAXLOSS_CAP;213407.48;213407.48;36;0
2026.08.07 00:50:13;XAUUSD;5;1786059406;SELL_STOP_TRAILED;Old=4247.25 New=4247.68;WAIT_TRIGGER;SAFE;0;2;0;118127155;118127156;0.00;0.00;0.00;0.00;0.00;KELLY_LITE;true;0.04;213407.48;0.0417;KELLY_LITE(mult=1.00 taper=1.00 n=2)+CONSEC_REDUCE(0.50)+HARD_RISK_CAP(2.0%)+MAXLOSS_CAP;213407.48;213407.48;36;0
2026.08.07 00:50:18;XAUUSD;5;1786059406;SELL_STOP_TRAILED;Old=4247.68 New=4247.99;WAIT_TRIGGER;SAFE;0;2;0;118127155;118127156;0.00;0.00;0.00;0.00;0.00;KELLY_LITE;true;0.04;213407.48;0.0417;KELLY_LITE(mult=1.00 taper=1.00 n=2)+CONSEC_REDUCE(0.50)+HARD_RISK_CAP(2.0%)+MAXLOSS_CAP;213407.48;213407.48;36;0
2026.08.07 00:50:26;XAUUSD;5;1786059406;OCO_TRIGGERED_BUY;ticket=118127155 entry=4249.93;POSITION_ACTIVE;SAFE;1;1;0;-1;118127156;0.00;-1.40;-1.40;0.00;0.00;KELLY_LITE;true;0.04;213407.48;0.0417;KELLY_LITE(mult=1.00 taper=1.00 n=2)+CONSEC_REDUCE(0.50)+HARD_RISK_CAP(2.0%)+MAXLOSS_CAP;213407.48;213406.08;36;0
2026.08.07 00:50:26;XAUUSD;5;1786059406;OPPOSITE_TRAIL_ARMED;opposite_ticket=118127156 will trail price;POSITION_ACTIVE;SAFE;1;1;0;-1;118127156;0.00;-1.40;-1.40;0.00;0.00;KELLY_LITE;true;0.04;213407.48;0.0417;KELLY_LITE(mult=1.00 taper=1.00 n=2)+CONSEC_REDUCE(0.50)+HARD_RISK_CAP(2.0%)+MAXLOSS_CAP;213407.48;213406.08;36;0
2026.08.07 00:52:23;XAUUSD;5;1786059406;OPPOSITE_PENDING_TRAILED;SELL_STOP trailed UP: ticket=118127156 old=4247.99 new=4248.35 dist=3.42;MANAGE_PROFIT;SAFE;1;1;1;-1;-1;4249.93;7.44;7.44;6.56;-4.24;KELLY_LITE;true;0.04;213407.48;0.0417;KELLY_LITE(mult=1.00 taper=1.00 n=2)+CONSEC_REDUCE(0.50)+HARD_RISK_CAP(2.0%)+MAXLOSS_CAP;213407.48;213414.92;36;0
2026.08.07 00:52:43;XAUUSD;5;1786059406;SL_MODIFIED;ticket=118127155 oldSL=4234.93 newSL=4251.29 reason=break_even_lock_leg_0 (retry buf=8pt);MANAGE_PROFIT;SAFE;1;1;1;-1;-1;4249.93;7.84;7.84;8.36;-4.24;KELLY_LITE;true;0.04;213407.48;0.0417;KELLY_LITE(mult=1.00 taper=1.00 n=2)+CONSEC_REDUCE(0.50)+HARD_RISK_CAP(2.0%)+MAXLOSS_CAP;213407.48;213415.32;36;0
2026.08.07 00:52:43;XAUUSD;5;1786059406;PROFIT_RATCHET_LOCKED;floor=2.82 peak=8.36;MANAGE_PROFIT;SAFE;1;1;1;-1;-1;4249.93;7.84;7.84;8.36;-4.24;KELLY_LITE;true;0.04;213407.48;0.0417;KELLY_LITE(mult=1.00 taper=1.00 n=2)+CONSEC_REDUCE(0.50)+HARD_RISK_CAP(2.0%)+MAXLOSS_CAP;213407.48;213415.32;36;0
2026.08.07 00:52:43;XAUUSD;5;1786059406;SL_MODIFIED;ticket=118127155 oldSL=4251.29 newSL=4251.37 reason=break_even_lock_leg_0;MANAGE_PROFIT;SAFE;1;1;1;-1;-1;4249.93;8.28;8.28;8.36;-4.24;KELLY_LITE;true;0.04;213407.48;0.0417;KELLY_LITE(mult=1.00 taper=1.00 n=2)+CONSEC_REDUCE(0.50)+HARD_RISK_CAP(2.0%)+MAXLOSS_CAP;213407.48;213415.76;36;0
2026.08.07 00:52:43;XAUUSD;5;1786059406;PROFIT_RATCHET_LOCKED;floor=2.82 peak=8.36;MANAGE_PROFIT;SAFE;1;1;1;-1;-1;4249.93;8.28;8.28;8.36;-4.24;KELLY_LITE;true;0.04;213407.48;0.0417;KELLY_LITE(mult=1.00 taper=1.00 n=2)+CONSEC_REDUCE(0.50)+HARD_RISK_CAP(2.0%)+MAXLOSS_CAP;213407.48;213415.76;36;0
2026.08.07 00:52:44;XAUUSD;5;1786059406;SL_MODIFY_FAILED;ticket=118127155 newSL=4251.48 reason=break_even_lock_leg_0 err=0;MANAGE_PROFIT;SAFE;1;1;1;-1;-1;4249.93;7.76;7.76;8.36;-4.24;KELLY_LITE;true;0.04;213407.48;0.0417;KELLY_LITE(mult=1.00 taper=1.00 n=2)+CONSEC_REDUCE(0.50)+HARD_RISK_CAP(2.0%)+MAXLOSS_CAP;213407.48;213415.24;36;0
2026.08.07 00:52:44;XAUUSD;5;1786059406;PROFIT_RATCHET_LOCKED;floor=2.82 peak=8.36;MANAGE_PROFIT;SAFE;1;1;1;-1;-1;4249.93;7.76;7.76;8.36;-4.24;KELLY_LITE;true;0.04;213407.48;0.0417;KELLY_LITE(mult=1.00 taper=1.00 n=2)+CONSEC_REDUCE(0.50)+HARD_RISK_CAP(2.0%)+MAXLOSS_CAP;213407.48;213415.24;36;0
2026.08.07 00:52:44;XAUUSD;5;1786059406;PROFIT_RATCHET_LOCKED;floor=2.82 peak=8.36;MANAGE_PROFIT;SAFE;1;1;1;-1;-1;4249.93;7.76;7.76;8.36;-4.24;KELLY_LITE;true;0.04;213407.48;0.0417;KELLY_LITE(mult=1.00 taper=1.00 n=2)+CONSEC_REDUCE(0.50)+HARD_RISK_CAP(2.0%)+MAXLOSS_CAP;213407.48;213415.24;36;0
2026.08.07 00:52:44;XAUUSD;5;1786059406;PROFIT_RATCHET_LOCKED;floor=2.82 peak=8.36;MANAGE_PROFIT;SAFE;1;1;1;-1;-1;4249.93;7.84;7.84;8.36;-4.24;KELLY_LITE;true;0.04;213407.48;0.0417;KELLY_LITE(mult=1.00 taper=1.00 n=2)+CONSEC_REDUCE(0.50)+HARD_RISK_CAP(2.0%)+MAXLOSS_CAP;213407.48;213415.32;36;0
2026.08.07 00:52:45;XAUUSD;5;1786059406;PROFIT_RATCHET_LOCKED;floor=2.82 peak=8.36;MANAGE_PROFIT;SAFE;1;1;1;-1;-1;4249.93;7.80;7.80;8.36;-4.24;KELLY_LITE;true;0.04;213407.48;0.0417;KELLY_LITE(mult=1.00 taper=1.00 n=2)+CONSEC_REDUCE(0.50)+HARD_RISK_CAP(2.0%)+MAXLOSS_CAP;213407.48;213415.28;36;0
2026.08.07 00:52:45;XAUUSD;5;1786059406;PROFIT_RATCHET_LOCKED;floor=2.82 peak=8.36;MANAGE_PROFIT;SAFE;1;1;1;-1;-1;4249.93;7.76;7.76;8.36;-4.24;KELLY_LITE;true;0.04;213407.48;0.0417;KELLY_LITE(mult=1.00 taper=1.00 n=2)+CONSEC_REDUCE(0.50)+HARD_RISK_CAP(2.0%)+MAXLOSS_CAP;213407.48;213415.24;36;0
2026.08.07 00:52:45;XAUUSD;5;1786059406;PROFIT_RATCHET_LOCKED;floor=2.82 peak=8.36;MANAGE_PROFIT;SAFE;1;1;1;-1;-1;4249.93;7.72;7.72;8.36;-4.24;KELLY_LITE;true;0.04;213407.48;0.0417;KELLY_LITE(mult=1.00 taper=1.00 n=2)+CONSEC_REDUCE(0.50)+HARD_RISK_CAP(2.0%)+MAXLOSS_CAP;213407.48;213415.20;36;0
2026.08.07 00:52:46;XAUUSD;5;1786059406;PROFIT_RATCHET_LOCKED;floor=2.82 peak=8.36;MANAGE_PROFIT;SAFE;1;1;1;-1;-1;4249.93;7.88;7.88;8.36;-4.24;KELLY_LITE;true;0.04;213407.48;0.0417;KELLY_LITE(mult=1.00 taper=1.00 n=2)+CONSEC_REDUCE(0.50)+HARD_RISK_CAP(2.0%)+MAXLOSS_CAP;213407.48;213415.36;36;0
2026.08.07 00:52:46;XAUUSD;5;1786059406;PROFIT_RATCHET_LOCKED;floor=2.82 peak=8.36;MANAGE_PROFIT;SAFE;1;1;1;-1;-1;4249.93;7.56;7.56;8.36;-4.24;KELLY_LITE;true;0.04;213407.48;0.0417;KELLY_LITE(mult=1.00 taper=1.00 n=2)+CONSEC_REDUCE(0.50)+HARD_RISK_CAP(2.0%)+MAXLOSS_CAP;213407.48;213415.04;36;0
2026.08.07 00:52:46;XAUUSD;5;1786059406;PROFIT_RATCHET_LOCKED;floor=2.82 peak=8.36;MANAGE_PROFIT;SAFE;1;1;1;-1;-1;4249.93;7.76;7.76;8.36;-4.24;KELLY_LITE;true;0.04;213407.48;0.0417;KELLY_LITE(mult=1.00 taper=1.00 n=2)+CONSEC_REDUCE(0.50)+HARD_RISK_CAP(2.0%)+MAXLOSS_CAP;213407.48;213415.24;36;0
2026.08.07 00:52:46;XAUUSD;5;1786059406;PROFIT_RATCHET_LOCKED;floor=2.82 peak=8.36;MANAGE_PROFIT;SAFE;1;1;1;-1;-1;4249.93;7.60;7.60;8.36;-4.24;KELLY_LITE;true;0.04;213407.48;0.0417;KELLY_LITE(mult=1.00 taper=1.00 n=2)+CONSEC_REDUCE(0.50)+HARD_RISK_CAP(2.0%)+MAXLOSS_CAP;213407.48;213415.08;36;0
2026.08.07 00:52:47;XAUUSD;5;1786059406;PROFIT_RATCHET_LOCKED;floor=2.82 peak=8.36;MANAGE_PROFIT;SAFE;1;1;1;-1;-1;4249.93;7.56;7.56;8.36;-4.24;KELLY_LITE;true;0.04;213407.48;0.0417;KELLY_LITE(mult=1.00 taper=1.00 n=2)+CONSEC_REDUCE(0.50)+HARD_RISK_CAP(2.0%)+MAXLOSS_CAP;213407.48;213415.04;36;0
2026.08.07 00:52:47;XAUUSD;5;1786059406;PROFIT_RATCHET_LOCKED;floor=2.82 peak=8.36;MANAGE_PROFIT;SAFE;1;1;1;-1;-1;4249.93;7.76;7.76;8.36;-4.24;KELLY_LITE;true;0.04;213407.48;0.0417;KELLY_LITE(mult=1.00 taper=1.00 n=2)+CONSEC_REDUCE(0.50)+HARD_RISK_CAP(2.0%)+MAXLOSS_CAP;213407.48;213415.24;36;0
2026.08.07 00:52:47;XAUUSD;5;1786059406;PROFIT_RATCHET_LOCKED;floor=2.82 peak=8.36;MANAGE_PROFIT;SAFE;1;1;1;-1;-1;4249.93;7.84;7.84;8.36;-4.24;KELLY_LITE;true;0.04;213407.48;0.0417;KELLY_LITE(mult=1.00 taper=1.00 n=2)+CONSEC_REDUCE(0.50)+HARD_RISK_CAP(2.0%)+MAXLOSS_CAP;213407.48;213415.32;36;0
2026.08.07 00:52:47;XAUUSD;5;1786059406;PROFIT_RATCHET_LOCKED;floor=2.82 peak=8.36;MANAGE_PROFIT;SAFE;1;1;1;-1;-1;4249.93;7.84;7.84;8.36;-4.24;KELLY_LITE;true;0.04;213407.48;0.0417;KELLY_LITE(mult=1.00 taper=1.00 n=2)+CONSEC_REDUCE(0.50)+HARD_RISK_CAP(2.0%)+MAXLOSS_CAP;213407.48;213415.32;36;0
2026.08.07 00:52:48;XAUUSD;5;1786059406;PROFIT_RATCHET_LOCKED;floor=2.82 peak=8.36;MANAGE_PROFIT;SAFE;1;1;1;-1;-1;4249.93;6.52;6.52;8.36;-4.24;KELLY_LITE;true;0.04;213407.48;0.0417;KELLY_LITE(mult=1.00 taper=1.00 n=2)+CONSEC_REDUCE(0.50)+HARD_RISK_CAP(2.0%)+MAXLOSS_CAP;213407.48;213414.00;36;0
2026.08.07 00:52:48;XAUUSD;5;1786059406;PROFIT_RATCHET_LOCKED;floor=2.82 peak=8.36;MANAGE_PROFIT;SAFE;1;1;1;-1;-1;4249.93;6.60;6.60;8.36;-4.24;KELLY_LITE;true;0.04;213407.48;0.0417;KELLY_LITE(mult=1.00 taper=1.00 n=2)+CONSEC_REDUCE(0.50)+HARD_RISK_CAP(2.0%)+MAXLOSS_CAP;213407.48;213414.08;36;0
2026.08.07 00:52:48;XAUUSD;5;1786059406;PROFIT_RATCHET_LOCKED;floor=2.82 peak=8.36;MANAGE_PROFIT;SAFE;1;1;1;-1;-1;4249.93;6.56;6.56;8.36;-4.24;KELLY_LITE;true;0.04;213407.48;0.0417;KELLY_LITE(mult=1.00 taper=1.00 n=2)+CONSEC_REDUCE(0.50)+HARD_RISK_CAP(2.0%)+MAXLOSS_CAP;213407.48;213414.04;36;0
2026.08.07 00:52:48;XAUUSD;5;1786059406;PROFIT_RATCHET_LOCKED;floor=2.82 peak=8.36;MANAGE_PROFIT;SAFE;1;1;1;-1;-1;4249.93;6.04;6.04;8.36;-4.24;KELLY_LITE;true;0.04;213407.48;0.0417;KELLY_LITE(mult=1.00 taper=1.00 n=2)+CONSEC_REDUCE(0.50)+HARD_RISK_CAP(2.0%)+MAXLOSS_CAP;213407.48;213413.52;36;0
2026.08.07 00:52:48;XAUUSD;5;1786059406;PROFIT_RATCHET_LOCKED;floor=2.82 peak=8.36;MANAGE_PROFIT;SAFE;1;1;1;-1;-1;4249.93;6.00;6.00;8.36;-4.24;KELLY_LITE;true;0.04;213407.48;0.0417;KELLY_LITE(mult=1.00 taper=1.00 n=2)+CONSEC_REDUCE(0.50)+HARD_RISK_CAP(2.0%)+MAXLOSS_CAP;213407.48;213413.48;36;0
2026.08.07 00:52:49;XAUUSD;5;1786059406;PROFIT_RATCHET_LOCKED;floor=2.82 peak=8.36;MANAGE_PROFIT;SAFE;1;1;1;-1;-1;4249.93;5.96;5.96;8.36;-4.24;KELLY_LITE;true;0.04;213407.48;0.0417;KELLY_LITE(mult=1.00 taper=1.00 n=2)+CONSEC_REDUCE(0.50)+HARD_RISK_CAP(2.0%)+MAXLOSS_CAP;213407.48;213413.44;36;0
2026.08.07 00:52:49;XAUUSD;5;1786059406;PROFIT_RATCHET_LOCKED;floor=2.82 peak=8.36;MANAGE_PROFIT;SAFE;1;1;1;-1;-1;4249.93;6.00;6.00;8.36;-4.24;KELLY_LITE;true;0.04;213407.48;0.0417;KELLY_LITE(mult=1.00 taper=1.00 n=2)+CONSEC_REDUCE(0.50)+HARD_RISK_CAP(2.0%)+MAXLOSS_CAP;213407.48;213413.48;36;0
2026.08.07 00:52:49;XAUUSD;5;1786059406;PROFIT_RATCHET_LOCKED;floor=2.82 peak=8.36;MANAGE_PROFIT;SAFE;1;1;1;-1;-1;4249.93;6.08;6.08;8.36;-4.24;KELLY_LITE;true;0.04;213407.48;0.0417;KELLY_LITE(mult=1.00 taper=1.00 n=2)+CONSEC_REDUCE(0.50)+HARD_RISK_CAP(2.0%)+MAXLOSS_CAP;213407.48;213413.56;36;0
2026.08.07 00:52:50;XAUUSD;5;1786059406;PROFIT_RATCHET_LOCKED;floor=2.82 peak=8.36;MANAGE_PROFIT;SAFE;1;1;1;-1;-1;4249.93;6.96;6.96;8.36;-4.24;KELLY_LITE;true;0.04;213407.48;0.0417;KELLY_LITE(mult=1.00 taper=1.00 n=2)+CONSEC_REDUCE(0.50)+HARD_RISK_CAP(2.0%)+MAXLOSS_CAP;213407.48;213414.44;36;0
2026.08.07 00:52:50;XAUUSD;5;1786059406;PROFIT_RATCHET_LOCKED;floor=2.82 peak=8.36;MANAGE_PROFIT;SAFE;1;1;1;-1;-1;4249.93;7.16;7.16;8.36;-4.24;KELLY_LITE;true;0.04;213407.48;0.0417;KELLY_LITE(mult=1.00 taper=1.00 n=2)+CONSEC_REDUCE(0.50)+HARD_RISK_CAP(2.0%)+MAXLOSS_CAP;213407.48;213414.64;36;0
2026.08.07 00:52:50;XAUUSD;5;1786059406;PROFIT_RATCHET_LOCKED;floor=2.82 peak=8.36;MANAGE_PROFIT;SAFE;1;1;1;-1;-1;4249.93;7.08;7.08;8.36;-4.24;KELLY_LITE;true;0.04;213407.48;0.0417;KELLY_LITE(mult=1.00 taper=1.00 n=2)+CONSEC_REDUCE(0.50)+HARD_RISK_CAP(2.0%)+MAXLOSS_CAP;213407.48;213414.56;36;0
2026.08.07 00:52:50;XAUUSD;5;1786059406;PROFIT_RATCHET_LOCKED;floor=2.82 peak=8.36;MANAGE_PROFIT;SAFE;1;1;1;-1;-1;4249.93;7.04;7.04;8.36;-4.24;KELLY_LITE;true;0.04;213407.48;0.0417;KELLY_LITE(mult=1.00 taper=1.00 n=2)+CONSEC_REDUCE(0.50)+HARD_RISK_CAP(2.0%)+MAXLOSS_CAP;213407.48;213414.52;36;0
2026.08.07 00:52:51;XAUUSD;5;1786059406;PROFIT_RATCHET_LOCKED;floor=2.82 peak=8.36;MANAGE_PROFIT;SAFE;1;1;1;-1;-1;4249.93;6.80;6.80;8.36;-4.24;KELLY_LITE;true;0.04;213407.48;0.0417;KELLY_LITE(mult=1.00 taper=1.00 n=2)+CONSEC_REDUCE(0.50)+HARD_RISK_CAP(2.0%)+MAXLOSS_CAP;213407.48;213414.28;36;0
2026.08.07 00:52:51;XAUUSD;5;1786059406;PROFIT_RATCHET_LOCKED;floor=2.82 peak=8.36;MANAGE_PROFIT;SAFE;1;1;1;-1;-1;4249.93;7.08;7.08;8.36;-4.24;KELLY_LITE;true;0.04;213407.48;0.0417;KELLY_LITE(mult=1.00 taper=1.00 n=2)+CONSEC_REDUCE(0.50)+HARD_RISK_CAP(2.0%)+MAXLOSS_CAP;213407.48;213414.56;36;0
2026.08.07 00:52:51;XAUUSD;5;1786059406;PROFIT_RATCHET_LOCKED;floor=2.82 peak=8.36;MANAGE_PROFIT;SAFE;1;1;1;-1;-1;4249.93;7.00;7.00;8.36;-4.24;KELLY_LITE;true;0.04;213407.48;0.0417;KELLY_LITE(mult=1.00 taper=1.00 n=2)+CONSEC_REDUCE(0.50)+HARD_RISK_CAP(2.0%)+MAXLOSS_CAP;213407.48;213414.48;36;0
2026.08.07 00:52:52;XAUUSD;5;1786059406;PROFIT_RATCHET_LOCKED;floor=2.82 peak=8.36;MANAGE_PROFIT;SAFE;1;1;1;-1;-1;4249.93;7.16;7.16;8.36;-4.24;KELLY_LITE;true;0.04;213407.48;0.0417;KELLY_LITE(mult=1.00 taper=1.00 n=2)+CONSEC_REDUCE(0.50)+HARD_RISK_CAP(2.0%)+MAXLOSS_CAP;213407.48;213414.64;36;0
2026.08.07 00:52:52;XAUUSD;5;1786059406;PROFIT_RATCHET_LOCKED;floor=2.82 peak=8.36;MANAGE_PROFIT;SAFE;1;1;1;-1;-1;4249.93;7.12;7.12;8.36;-4.24;KELLY_LITE;true;0.04;213407.48;0.0417;KELLY_LITE(mult=1.00 taper=1.00 n=2)+CONSEC_REDUCE(0.50)+HARD_RISK_CAP(2.0%)+MAXLOSS_CAP;213407.48;213414.60;36;0
2026.08.07 00:52:52;XAUUSD;5;1786059406;PROFIT_RATCHET_LOCKED;floor=2.82 peak=8.36;MANAGE_PROFIT;SAFE;1;1;1;-1;-1;4249.93;7.28;7.28;8.36;-4.24;KELLY_LITE;true;0.04;213407.48;0.0417;KELLY_LITE(mult=1.00 taper=1.00 n=2)+CONSEC_REDUCE(0.50)+HARD_RISK_CAP(2.0%)+MAXLOSS_CAP;213407.48;213414.76;36;0
2026.08.07 00:52:52;XAUUSD;5;1786059406;PROFIT_RATCHET_LOCKED;floor=2.82 peak=8.36;MANAGE_PROFIT;SAFE;1;1;1;-1;-1;4249.93;7.20;7.20;8.36;-4.24;KELLY_LITE;true;0.04;213407.48;0.0417;KELLY_LITE(mult=1.00 taper=1.00 n=2)+CONSEC_REDUCE(0.50)+HARD_RISK_CAP(2.0%)+MAXLOSS_CAP;213407.48;213414.68;36;0
2026.08.07 00:52:52;XAUUSD;5;1786059406;PROFIT_RATCHET_LOCKED;floor=2.82 peak=8.36;MANAGE_PROFIT;SAFE;1;1;1;-1;-1;4249.93;7.88;7.88;8.36;-4.24;KELLY_LITE;true;0.04;213407.48;0.0417;KELLY_LITE(mult=1.00 taper=1.00 n=2)+CONSEC_REDUCE(0.50)+HARD_RISK_CAP(2.0%)+MAXLOSS_CAP;213407.48;213415.36;36;0
2026.08.07 00:52:53;XAUUSD;5;1786059406;PROFIT_RATCHET_LOCKED;floor=2.82 peak=8.36;MANAGE_PROFIT;SAFE;1;1;1;-1;-1;4249.93;7.64;7.64;8.36;-4.24;KELLY_LITE;true;0.04;213407.48;0.0417;KELLY_LITE(mult=1.00 taper=1.00 n=2)+CONSEC_REDUCE(0.50)+HARD_RISK_CAP(2.0%)+MAXLOSS_CAP;213407.48;213415.12;36;0
2026.08.07 00:52:53;XAUUSD;5;1786059406;PROFIT_RATCHET_LOCKED;floor=2.82 peak=8.36;MANAGE_PROFIT;SAFE;1;1;1;-1;-1;4249.93;6.52;6.52;8.36;-4.24;KELLY_LITE;true;0.04;213407.48;0.0417;KELLY_LITE(mult=1.00 taper=1.00 n=2)+CONSEC_REDUCE(0.50)+HARD_RISK_CAP(2.0%)+MAXLOSS_CAP;213407.48;213414.00;33;0
2026.08.07 00:52:53;XAUUSD;5;1786059406;PROFIT_RATCHET_LOCKED;floor=2.82 peak=8.36;MANAGE_PROFIT;SAFE;1;1;1;-1;-1;4249.93;6.88;6.88;8.36;-4.24;KELLY_LITE;true;0.04;213407.48;0.0417;KELLY_LITE(mult=1.00 taper=1.00 n=2)+CONSEC_REDUCE(0.50)+HARD_RISK_CAP(2.0%)+MAXLOSS_CAP;213407.48;213414.36;36;0
2026.08.07 00:52:53;XAUUSD;5;1786059406;PROFIT_RATCHET_LOCKED;floor=2.82 peak=8.36;MANAGE_PROFIT;SAFE;1;1;1;-1;-1;4249.93;7.12;7.12;8.36;-4.24;KELLY_LITE;true;0.04;213407.48;0.0417;KELLY_LITE(mult=1.00 taper=1.00 n=2)+CONSEC_REDUCE(0.50)+HARD_RISK_CAP(2.0%)+MAXLOSS_CAP;213407.48;213414.60;36;0
2026.08.07 00:52:53;XAUUSD;5;1786059406;PROFIT_RATCHET_LOCKED;floor=2.82 peak=8.36;MANAGE_PROFIT;SAFE;1;1;1;-1;-1;4249.93;6.20;6.20;8.36;-4.24;KELLY_LITE;true;0.04;213407.48;0.0417;KELLY_LITE(mult=1.00 taper=1.00 n=2)+CONSEC_REDUCE(0.50)+HARD_RISK_CAP(2.0%)+MAXLOSS_CAP;213407.48;213413.68;36;0
2026.08.07 00:52:54;XAUUSD;5;1786059406;PROFIT_RATCHET_LOCKED;floor=2.82 peak=8.36;MANAGE_PROFIT;SAFE;1;1;1;-1;-1;4249.93;6.56;6.56;8.36;-4.24;KELLY_LITE;true;0.04;213407.48;0.0417;KELLY_LITE(mult=1.00 taper=1.00 n=2)+CONSEC_REDUCE(0.50)+HARD_RISK_CAP(2.0%)+MAXLOSS_CAP;213407.48;213414.04;36;0
2026.08.07 00:52:54;XAUUSD;5;1786059406;PROFIT_RATCHET_LOCKED;floor=2.82 peak=8.36;MANAGE_PROFIT;SAFE;1;1;1;-1;-1;4249.93;6.44;6.44;8.36;-4.24;KELLY_LITE;true;0.04;213407.48;0.0417;KELLY_LITE(mult=1.00 taper=1.00 n=2)+CONSEC_REDUCE(0.50)+HARD_RISK_CAP(2.0%)+MAXLOSS_CAP;213407.48;213413.92;36;0
2026.08.07 00:52:54;XAUUSD;5;1786059406;PROFIT_RATCHET_LOCKED;floor=2.82 peak=8.36;MANAGE_PROFIT;SAFE;1;1;1;-1;-1;4249.93;6.52;6.52;8.36;-4.24;KELLY_LITE;true;0.04;213407.48;0.0417;KELLY_LITE(mult=1.00 taper=1.00 n=2)+CONSEC_REDUCE(0.50)+HARD_RISK_CAP(2.0%)+MAXLOSS_CAP;213407.48;213414.00;36;0
2026.08.07 00:52:54;XAUUSD;5;1786059406;PROFIT_RATCHET_LOCKED;floor=2.82 peak=8.36;MANAGE_PROFIT;SAFE;1;1;1;-1;-1;4249.93;6.48;6.48;8.36;-4.24;KELLY_LITE;true;0.04;213407.48;0.0417;KELLY_LITE(mult=1.00 taper=1.00 n=2)+CONSEC_REDUCE(0.50)+HARD_RISK_CAP(2.0%)+MAXLOSS_CAP;213407.48;213413.96;36;0
2026.08.07 00:52:55;XAUUSD;5;1786059406;PROFIT_RATCHET_LOCKED;floor=2.82 peak=8.36;MANAGE_PROFIT;SAFE;1;1;1;-1;-1;4249.93;6.52;6.52;8.36;-4.24;KELLY_LITE;true;0.04;213407.48;0.0417;KELLY_LITE(mult=1.00 taper=1.00 n=2)+CONSEC_REDUCE(0.50)+HARD_RISK_CAP(2.0%)+MAXLOSS_CAP;213407.48;213414.00;36;0
2026.08.07 00:52:55;XAUUSD;5;1786059406;PROFIT_RATCHET_LOCKED;floor=2.82 peak=8.36;MANAGE_PROFIT;SAFE;1;1;1;-1;-1;4249.93;6.56;6.56;8.36;-4.24;KELLY_LITE;true;0.04;213407.48;0.0417;KELLY_LITE(mult=1.00 taper=1.00 n=2)+CONSEC_REDUCE(0.50)+HARD_RISK_CAP(2.0%)+MAXLOSS_CAP;213407.48;213414.04;36;0
2026.08.07 00:52:55;XAUUSD;5;1786059406;PROFIT_RATCHET_LOCKED;floor=2.82 peak=8.36;MANAGE_PROFIT;SAFE;1;1;1;-1;-1;4249.93;6.92;6.92;8.36;-4.24;KELLY_LITE;true;0.04;213407.48;0.0417;KELLY_LITE(mult=1.00 taper=1.00 n=2)+CONSEC_REDUCE(0.50)+HARD_RISK_CAP(2.0%)+MAXLOSS_CAP;213407.48;213414.40;36;0
2026.08.07 00:52:55;XAUUSD;5;1786059406;PROFIT_RATCHET_LOCKED;floor=2.82 peak=8.36;MANAGE_PROFIT;SAFE;1;1;1;-1;-1;4249.93;6.72;6.72;8.36;-4.24;KELLY_LITE;true;0.04;213407.48;0.0417;KELLY_LITE(mult=1.00 taper=1.00 n=2)+CONSEC_REDUCE(0.50)+HARD_RISK_CAP(2.0%)+MAXLOSS_CAP;213407.48;213414.20;36;0
2026.08.07 00:52:56;XAUUSD;5;1786059406;PROFIT_RATCHET_LOCKED;floor=2.82 peak=8.36;MANAGE_PROFIT;SAFE;1;1;1;-1;-1;4249.93;6.68;6.68;8.36;-4.24;KELLY_LITE;true;0.04;213407.48;0.0417;KELLY_LITE(mult=1.00 taper=1.00 n=2)+CONSEC_REDUCE(0.50)+HARD_RISK_CAP(2.0%)+MAXLOSS_CAP;213407.48;213414.16;36;0
2026.08.07 00:52:56;XAUUSD;5;1786059406;PROFIT_RATCHET_LOCKED;floor=2.82 peak=8.36;MANAGE_PROFIT;SAFE;1;1;1;-1;-1;4249.93;6.76;6.76;8.36;-4.24;KELLY_LITE;true;0.04;213407.48;0.0417;KELLY_LITE(mult=1.00 taper=1.00 n=2)+CONSEC_REDUCE(0.50)+HARD_RISK_CAP(2.0%)+MAXLOSS_CAP;213407.48;213414.24;36;0
2026.08.07 00:52:56;XAUUSD;5;1786059406;PROFIT_RATCHET_LOCKED;floor=2.82 peak=8.36;MANAGE_PROFIT;SAFE;1;1;1;-1;-1;4249.93;7.00;7.00;8.36;-4.24;KELLY_LITE;true;0.04;213407.48;0.0417;KELLY_LITE(mult=1.00 taper=1.00 n=2)+CONSEC_REDUCE(0.50)+HARD_RISK_CAP(2.0%)+MAXLOSS_CAP;213407.48;213414.48;36;0
2026.08.07 00:52:57;XAUUSD;5;1786059406;PROFIT_RATCHET_LOCKED;floor=2.82 peak=8.36;MANAGE_PROFIT;SAFE;1;1;1;-1;-1;4249.93;6.92;6.92;8.36;-4.24;KELLY_LITE;true;0.04;213407.48;0.0417;KELLY_LITE(mult=1.00 taper=1.00 n=2)+CONSEC_REDUCE(0.50)+HARD_RISK_CAP(2.0%)+MAXLOSS_CAP;213407.48;213414.40;36;0
2026.08.07 00:52:57;XAUUSD;5;1786059406;PROFIT_RATCHET_LOCKED;floor=2.82 peak=8.36;MANAGE_PROFIT;SAFE;1;1;1;-1;-1;4249.93;6.68;6.68;8.36;-4.24;KELLY_LITE;true;0.04;213407.48;0.0417;KELLY_LITE(mult=1.00 taper=1.00 n=2)+CONSEC_REDUCE(0.50)+HARD_RISK_CAP(2.0%)+MAXLOSS_CAP;213407.48;213414.16;36;0
2026.08.07 00:52:57;XAUUSD;5;1786059406;PROFIT_RATCHET_LOCKED;floor=2.82 peak=8.36;MANAGE_PROFIT;SAFE;1;1;1;-1;-1;4249.93;6.80;6.80;8.36;-4.24;KELLY_LITE;true;0.04;213407.48;0.0417;KELLY_LITE(mult=1.00 taper=1.00 n=2)+CONSEC_REDUCE(0.50)+HARD_RISK_CAP(2.0%)+MAXLOSS_CAP;213407.48;213414.28;36;0
2026.08.07 00:52:57;XAUUSD;5;1786059406;PROFIT_RATCHET_LOCKED;floor=2.82 peak=8.36;MANAGE_PROFIT;SAFE;1;1;1;-1;-1;4249.93;6.64;6.64;8.36;-4.24;KELLY_LITE;true;0.04;213407.48;0.0417;KELLY_LITE(mult=1.00 taper=1.00 n=2)+CONSEC_REDUCE(0.50)+HARD_RISK_CAP(2.0%)+MAXLOSS_CAP;213407.48;213414.12;36;0
2026.08.07 00:52:58;XAUUSD;5;1786059406;PROFIT_RATCHET_LOCKED;floor=2.82 peak=8.36;MANAGE_PROFIT;SAFE;1;1;1;-1;-1;4249.93;6.72;6.72;8.36;-4.24;KELLY_LITE;true;0.04;213407.48;0.0417;KELLY_LITE(mult=1.00 taper=1.00 n=2)+CONSEC_REDUCE(0.50)+HARD_RISK_CAP(2.0%)+MAXLOSS_CAP;213407.48;213414.20;36;0
2026.08.07 00:52:58;XAUUSD;5;1786059406;PROFIT_RATCHET_LOCKED;floor=2.82 peak=8.36;MANAGE_PROFIT;SAFE;1;1;1;-1;-1;4249.93;6.88;6.88;8.36;-4.24;KELLY_LITE;true;0.04;213407.48;0.0417;KELLY_LITE(mult=1.00 taper=1.00 n=2)+CONSEC_REDUCE(0.50)+HARD_RISK_CAP(2.0%)+MAXLOSS_CAP;213407.48;213414.36;36;0
2026.08.07 00:52:59;XAUUSD;5;1786059406;PROFIT_RATCHET_LOCKED;floor=2.82 peak=8.36;MANAGE_PROFIT;SAFE;1;1;1;-1;-1;4249.93;6.96;6.96;8.36;-4.24;KELLY_LITE;true;0.04;213407.48;0.0417;KELLY_LITE(mult=1.00 taper=1.00 n=2)+CONSEC_REDUCE(0.50)+HARD_RISK_CAP(2.0%)+MAXLOSS_CAP;213407.48;213414.44;36;0
2026.08.07 00:52:59;XAUUSD;5;1786059406;PROFIT_RATCHET_LOCKED;floor=2.82 peak=8.36;MANAGE_PROFIT;SAFE;1;1;1;-1;-1;4249.93;6.92;6.92;8.36;-4.24;KELLY_LITE;true;0.04;213407.48;0.0417;KELLY_LITE(mult=1.00 taper=1.00 n=2)+CONSEC_REDUCE(0.50)+HARD_RISK_CAP(2.0%)+MAXLOSS_CAP;213407.48;213414.40;36;0
2026.08.07 00:52:59;XAUUSD;5;1786059406;PROFIT_RATCHET_LOCKED;floor=2.82 peak=8.36;MANAGE_PROFIT;SAFE;1;1;1;-1;-1;4249.93;6.60;6.60;8.36;-4.24;KELLY_LITE;true;0.04;213407.48;0.0417;KELLY_LITE(mult=1.00 taper=1.00 n=2)+CONSEC_REDUCE(0.50)+HARD_RISK_CAP(2.0%)+MAXLOSS_CAP;213407.48;213414.08;36;0
2026.08.07 00:52:59;XAUUSD;5;1786059406;PROFIT_RATCHET_LOCKED;floor=2.82 peak=8.36;MANAGE_PROFIT;SAFE;1;1;1;-1;-1;4249.93;6.52;6.52;8.36;-4.24;KELLY_LITE;true;0.04;213407.48;0.0417;KELLY_LITE(mult=1.00 taper=1.00 n=2)+CONSEC_REDUCE(0.50)+HARD_RISK_CAP(2.0%)+MAXLOSS_CAP;213407.48;213414.00;36;0
2026.08.07 00:53:00;XAUUSD;5;1786059406;PROFIT_RATCHET_LOCKED;floor=2.82 peak=8.36;MANAGE_PROFIT;SAFE;1;1;1;-1;-1;4249.93;6.60;6.60;8.36;-4.24;KELLY_LITE;true;0.04;213407.48;0.0417;KELLY_LITE(mult=1.00 taper=1.00 n=2)+CONSEC_REDUCE(0.50)+HARD_RISK_CAP(2.0%)+MAXLOSS_CAP;213407.48;213414.08;36;0
2026.08.07 00:53:00;XAUUSD;5;1786059406;PROFIT_RATCHET_LOCKED;floor=2.82 peak=8.36;MANAGE_PROFIT;SAFE;1;1;1;-1;-1;4249.93;6.48;6.48;8.36;-4.24;KELLY_LITE;true;0.04;213407.48;0.0417;KELLY_LITE(mult=1.00 taper=1.00 n=2)+CONSEC_REDUCE(0.50)+HARD_RISK_CAP(2.0%)+MAXLOSS_CAP;213407.48;213413.96;36;0
2026.08.07 00:53:00;XAUUSD;5;1786059406;PROFIT_RATCHET_LOCKED;floor=2.82 peak=8.36;MANAGE_PROFIT;SAFE;1;1;1;-1;-1;4249.93;6.32;6.32;8.36;-4.24;KELLY_LITE;true;0.04;213407.48;0.0417;KELLY_LITE(mult=1.00 taper=1.00 n=2)+CONSEC_REDUCE(0.50)+HARD_RISK_CAP(2.0%)+MAXLOSS_CAP;213407.48;213413.80;36;0
2026.08.07 00:53:01;XAUUSD;5;1786059406;PROFIT_RATCHET_LOCKED;floor=2.82 peak=8.36;MANAGE_PROFIT;SAFE;1;1;1;-1;-1;4249.93;6.44;6.44;8.36;-4.24;KELLY_LITE;true;0.04;213407.48;0.0417;KELLY_LITE(mult=1.00 taper=1.00 n=2)+CONSEC_REDUCE(0.50)+HARD_RISK_CAP(2.0%)+MAXLOSS_CAP;213407.48;213413.92;36;0
2026.08.07 00:53:01;XAUUSD;5;1786059406;PROFIT_RATCHET_LOCKED;floor=2.82 peak=8.36;MANAGE_PROFIT;SAFE;1;1;1;-1;-1;4249.93;6.40;6.40;8.36;-4.24;KELLY_LITE;true;0.04;213407.48;0.0417;KELLY_LITE(mult=1.00 taper=1.00 n=2)+CONSEC_REDUCE(0.50)+HARD_RISK_CAP(2.0%)+MAXLOSS_CAP;213407.48;213413.88;36;0
2026.08.07 00:53:01;XAUUSD;5;1786059406;PROFIT_RATCHET_LOCKED;floor=2.82 peak=8.36;MANAGE_PROFIT;SAFE;1;1;1;-1;-1;4249.93;6.52;6.52;8.36;-4.24;KELLY_LITE;true;0.04;213407.48;0.0417;KELLY_LITE(mult=1.00 taper=1.00 n=2)+CONSEC_REDUCE(0.50)+HARD_RISK_CAP(2.0%)+MAXLOSS_CAP;213407.48;213414.00;36;0
2026.08.07 00:53:01;XAUUSD;5;1786059406;PROFIT_RATCHET_LOCKED;floor=2.82 peak=8.36;MANAGE_PROFIT;SAFE;1;1;1;-1;-1;4249.93;6.60;6.60;8.36;-4.24;KELLY_LITE;true;0.04;213407.48;0.0417;KELLY_LITE(mult=1.00 taper=1.00 n=2)+CONSEC_REDUCE(0.50)+HARD_RISK_CAP(2.0%)+MAXLOSS_CAP;213407.48;213414.08;36;0
2026.08.07 00:53:02;XAUUSD;5;1786059406;PROFIT_RATCHET_LOCKED;floor=2.82 peak=8.36;MANAGE_PROFIT;SAFE;1;1;1;-1;-1;4249.93;6.52;6.52;8.36;-4.24;KELLY_LITE;true;0.04;213407.48;0.0417;KELLY_LITE(mult=1.00 taper=1.00 n=2)+CONSEC_REDUCE(0.50)+HARD_RISK_CAP(2.0%)+MAXLOSS_CAP;213407.48;213414.00;36;0
2026.08.07 00:53:03;XAUUSD;5;1786059406;PROFIT_RATCHET_LOCKED;floor=2.82 peak=8.36;MANAGE_PROFIT;SAFE;1;1;1;-1;-1;4249.93;6.40;6.40;8.36;-4.24;KELLY_LITE;true;0.04;213407.48;0.0417;KELLY_LITE(mult=1.00 taper=1.00 n=2)+CONSEC_REDUCE(0.50)+HARD_RISK_CAP(2.0%)+MAXLOSS_CAP;213407.48;213413.88;36;0
2026.08.07 00:53:03;XAUUSD;5;1786059406;RECONCILED_BROKER_CLOSE;ticket=118127155 type=main pnl=5.76;MANAGE_PROFIT;SAFE;0;1;1;-1;-1;4249.93;0.00;0.00;8.36;-4.24;KELLY_LITE;true;0.04;213407.48;0.0417;KELLY_LITE(mult=1.00 taper=1.00 n=2)+CONSEC_REDUCE(0.50)+HARD_RISK_CAP(2.0%)+MAXLOSS_CAP;213413.24;213413.24;36;0
2026.08.07 01:00:53;XAUUSD;5;1786059406;REVERSAL_CHASER_TRIGGERED_FLIP;newDir=BEAR ticket=118127156 entry=4248.35 lot=0.03;MANAGE_PROFIT;SAFE;1;0;1;-1;-1;4249.93;-1.05;-1.05;8.36;-4.24;KELLY_LITE;true;0.04;213407.48;0.0417;KELLY_LITE(mult=1.00 taper=1.00 n=2)+CONSEC_REDUCE(0.50)+HARD_RISK_CAP(2.0%)+MAXLOSS_CAP;213413.24;213412.19;36;0
2026.08.07 01:00:53;XAUUSD;5;1786059406;CYCLE_RESET;oldState=MANAGE_PROFIT realizedPnL=5.76 peak=8.36 worst=-4.24 pyramid=1 consLosses=0 reason=chaser_flip;MANAGE_PROFIT;SAFE;1;0;1;-1;-1;4249.93;-1.05;-1.05;8.36;-4.24;KELLY_LITE;true;0.04;213407.48;0.0417;KELLY_LITE(mult=1.00 taper=1.00 n=2)+CONSEC_REDUCE(0.50)+HARD_RISK_CAP(2.0%)+MAXLOSS_CAP;213413.24;213412.19;36;0
2026.08.07 01:12:20;XAUUSD;5;1786059407;SL_MODIFIED;ticket=118127156 oldSL=4252.35 newSL=4246.17 reason=break_even_lock_leg_0;MANAGE_PROFIT;SAFE;1;0;1;-1;-1;4248.35;8.10;8.10;8.10;-8.97;KELLY_LITE;true;0.04;213407.48;0.0417;KELLY_LITE(mult=1.00 taper=1.00 n=2)+CONSEC_REDUCE(0.50)+HARD_RISK_CAP(2.0%)+MAXLOSS_CAP;213413.24;213421.34;36;0
2026.08.07 01:12:20;XAUUSD;5;1786059407;PROFIT_RATCHET_LOCKED;floor=3.44 peak=8.10;MANAGE_PROFIT;SAFE;1;0;1;-1;-1;4248.35;8.10;8.10;8.10;-8.97;KELLY_LITE;true;0.04;213407.48;0.0417;KELLY_LITE(mult=1.00 taper=1.00 n=2)+CONSEC_REDUCE(0.50)+HARD_RISK_CAP(2.0%)+MAXLOSS_CAP;213413.24;213421.34;36;0
2026.08.07 01:12:20;XAUUSD;5;1786059407;PROFIT_RATCHET_LOCKED;floor=3.44 peak=8.10;MANAGE_PROFIT;SAFE;1;0;1;-1;-1;4248.35;8.10;8.10;8.10;-8.97;KELLY_LITE;true;0.04;213407.48;0.0417;KELLY_LITE(mult=1.00 taper=1.00 n=2)+CONSEC_REDUCE(0.50)+HARD_RISK_CAP(2.0%)+MAXLOSS_CAP;213413.24;213421.34;36;0
2026.08.07 01:12:20;XAUUSD;5;1786059407;PROFIT_RATCHET_LOCKED;floor=3.44 peak=8.10;MANAGE_PROFIT;SAFE;1;0;1;-1;-1;4248.35;7.56;7.56;8.10;-8.97;KELLY_LITE;true;0.04;213407.48;0.0417;KELLY_LITE(mult=1.00 taper=1.00 n=2)+CONSEC_REDUCE(0.50)+HARD_RISK_CAP(2.0%)+MAXLOSS_CAP;213413.24;213420.80;36;0
2026.08.07 01:12:20;XAUUSD;5;1786059407;PROFIT_RATCHET_LOCKED;floor=3.44 peak=8.10;MANAGE_PROFIT;SAFE;1;0;1;-1;-1;4248.35;7.74;7.74;8.10;-8.97;KELLY_LITE;true;0.04;213407.48;0.0417;KELLY_LITE(mult=1.00 taper=1.00 n=2)+CONSEC_REDUCE(0.50)+HARD_RISK_CAP(2.0%)+MAXLOSS_CAP;213413.24;213420.98;36;0
2026.08.07 01:12:20;XAUUSD;5;1786059407;PROFIT_RATCHET_LOCKED;floor=3.44 peak=8.10;MANAGE_PROFIT;SAFE;1;0;1;-1;-1;4248.35;7.83;7.83;8.10;-8.97;KELLY_LITE;true;0.04;213407.48;0.0417;KELLY_LITE(mult=1.00 taper=1.00 n=2)+CONSEC_REDUCE(0.50)+HARD_RISK_CAP(2.0%)+MAXLOSS_CAP;213413.24;213421.07;36;0
2026.08.07 01:12:21;XAUUSD;5;1786059407;PROFIT_RATCHET_LOCKED;floor=3.46 peak=8.13;MANAGE_PROFIT;SAFE;1;0;1;-1;-1;4248.35;8.13;8.13;8.13;-8.97;KELLY_LITE;true;0.04;213407.48;0.0417;KELLY_LITE(mult=1.00 taper=1.00 n=2)+CONSEC_REDUCE(0.50)+HARD_RISK_CAP(2.0%)+MAXLOSS_CAP;213413.24;213421.37;36;0
2026.08.07 01:12:21;XAUUSD;5;1786059407;PROFIT_RATCHET_LOCKED;floor=3.46 peak=8.13;MANAGE_PROFIT;SAFE;1;0;1;-1;-1;4248.35;7.98;7.98;8.13;-8.97;KELLY_LITE;true;0.04;213407.48;0.0417;KELLY_LITE(mult=1.00 taper=1.00 n=2)+CONSEC_REDUCE(0.50)+HARD_RISK_CAP(2.0%)+MAXLOSS_CAP;213413.24;213421.22;36;0
2026.08.07 01:12:21;XAUUSD;5;1786059407;PROFIT_RATCHET_LOCKED;floor=3.46 peak=8.13;MANAGE_PROFIT;SAFE;1;0;1;-1;-1;4248.35;8.01;8.01;8.13;-8.97;KELLY_LITE;true;0.04;213407.48;0.0417;KELLY_LITE(mult=1.00 taper=1.00 n=2)+CONSEC_REDUCE(0.50)+HARD_RISK_CAP(2.0%)+MAXLOSS_CAP;213413.24;213421.25;36;0
2026.08.07 01:12:21;XAUUSD;5;1786059407;PROFIT_RATCHET_LOCKED;floor=3.46 peak=8.13;MANAGE_PROFIT;SAFE;1;0;1;-1;-1;4248.35;7.83;7.83;8.13;-8.97;KELLY_LITE;true;0.04;213407.48;0.0417;KELLY_LITE(mult=1.00 taper=1.00 n=2)+CONSEC_REDUCE(0.50)+HARD_RISK_CAP(2.0%)+MAXLOSS_CAP;213413.24;213421.07;36;0
2026.08.07 01:12:21;XAUUSD;5;1786059407;PROFIT_RATCHET_LOCKED;floor=3.46 peak=8.13;MANAGE_PROFIT;SAFE;1;0;1;-1;-1;4248.35;8.01;8.01;8.13;-8.97;KELLY_LITE;true;0.04;213407.48;0.0417;KELLY_LITE(mult=1.00 taper=1.00 n=2)+CONSEC_REDUCE(0.50)+HARD_RISK_CAP(2.0%)+MAXLOSS_CAP;213413.24;213421.25;36;0
2026.08.07 01:12:22;XAUUSD;5;1786059407;PROFIT_RATCHET_LOCKED;floor=3.46 peak=8.13;MANAGE_PROFIT;SAFE;1;0;1;-1;-1;4248.35;7.89;7.89;8.13;-8.97;KELLY_LITE;true;0.04;213407.48;0.0417;KELLY_LITE(mult=1.00 taper=1.00 n=2)+CONSEC_REDUCE(0.50)+HARD_RISK_CAP(2.0%)+MAXLOSS_CAP;213413.24;213421.13;36;0
2026.08.07 01:12:22;XAUUSD;5;1786059407;PROFIT_RATCHET_LOCKED;floor=3.46 peak=8.13;MANAGE_PROFIT;SAFE;1;0;1;-1;-1;4248.35;7.92;7.92;8.13;-8.97;KELLY_LITE;true;0.04;213407.48;0.0417;KELLY_LITE(mult=1.00 taper=1.00 n=2)+CONSEC_REDUCE(0.50)+HARD_RISK_CAP(2.0%)+MAXLOSS_CAP;213413.24;213421.16;36;0
2026.08.07 01:12:22;XAUUSD;5;1786059407;PROFIT_RATCHET_LOCKED;floor=3.46 peak=8.13;MANAGE_PROFIT;SAFE;1;0;1;-1;-1;4248.35;7.98;7.98;8.13;-8.97;KELLY_LITE;true;0.04;213407.48;0.0417;KELLY_LITE(mult=1.00 taper=1.00 n=2)+CONSEC_REDUCE(0.50)+HARD_RISK_CAP(2.0%)+MAXLOSS_CAP;213413.24;213421.22;36;0
2026.08.07 01:12:23;XAUUSD;5;1786059407;SL_MODIFIED;ticket=118127156 oldSL=4246.17 newSL=4246.15 reason=break_even_lock_leg_0;MANAGE_PROFIT;SAFE;1;0;1;-1;-1;4248.35;8.13;8.13;8.16;-8.97;KELLY_LITE;true;0.04;213407.48;0.0417;KELLY_LITE(mult=1.00 taper=1.00 n=2)+CONSEC_REDUCE(0.50)+HARD_RISK_CAP(2.0%)+MAXLOSS_CAP;213413.24;213421.37;36;0
2026.08.07 01:12:23;XAUUSD;5;1786059407;PROFIT_RATCHET_LOCKED;floor=3.47 peak=8.16;MANAGE_PROFIT;SAFE;1;0;1;-1;-1;4248.35;8.13;8.13;8.16;-8.97;KELLY_LITE;true;0.04;213407.48;0.0417;KELLY_LITE(mult=1.00 taper=1.00 n=2)+CONSEC_REDUCE(0.50)+HARD_RISK_CAP(2.0%)+MAXLOSS_CAP;213413.24;213421.37;36;0
2026.08.07 01:12:23;XAUUSD;5;1786059407;PROFIT_RATCHET_LOCKED;floor=3.47 peak=8.16;MANAGE_PROFIT;SAFE;1;0;1;-1;-1;4248.35;8.13;8.13;8.16;-8.97;KELLY_LITE;true;0.04;213407.48;0.0417;KELLY_LITE(mult=1.00 taper=1.00 n=2)+CONSEC_REDUCE(0.50)+HARD_RISK_CAP(2.0%)+MAXLOSS_CAP;213413.24;213421.37;36;0
2026.08.07 01:12:23;XAUUSD;5;1786059407;PROFIT_RATCHET_LOCKED;floor=3.47 peak=8.16;MANAGE_PROFIT;SAFE;1;0;1;-1;-1;4248.35;8.04;8.04;8.16;-8.97;KELLY_LITE;true;0.04;213407.48;0.0417;KELLY_LITE(mult=1.00 taper=1.00 n=2)+CONSEC_REDUCE(0.50)+HARD_RISK_CAP(2.0%)+MAXLOSS_CAP;213413.24;213421.28;36;0
2026.08.07 01:12:23;XAUUSD;5;1786059407;PROFIT_RATCHET_LOCKED;floor=3.47 peak=8.16;MANAGE_PROFIT;SAFE;1;0;1;-1;-1;4248.35;8.07;8.07;8.16;-8.97;KELLY_LITE;true;0.04;213407.48;0.0417;KELLY_LITE(mult=1.00 taper=1.00 n=2)+CONSEC_REDUCE(0.50)+HARD_RISK_CAP(2.0%)+MAXLOSS_CAP;213413.24;213421.31;36;0
2026.08.07 01:12:23;XAUUSD;5;1786059407;PROFIT_RATCHET_LOCKED;floor=3.47 peak=8.16;MANAGE_PROFIT;SAFE;1;0;1;-1;-1;4248.35;8.04;8.04;8.16;-8.97;KELLY_LITE;true;0.04;213407.48;0.0417;KELLY_LITE(mult=1.00 taper=1.00 n=2)+CONSEC_REDUCE(0.50)+HARD_RISK_CAP(2.0%)+MAXLOSS_CAP;213413.24;213421.28;36;0
2026.08.07 01:12:24;XAUUSD;5;1786059407;PROFIT_RATCHET_LOCKED;floor=3.47 peak=8.16;MANAGE_PROFIT;SAFE;1;0;1;-1;-1;4248.35;8.10;8.10;8.16;-8.97;KELLY_LITE;true;0.04;213407.48;0.0417;KELLY_LITE(mult=1.00 taper=1.00 n=2)+CONSEC_REDUCE(0.50)+HARD_RISK_CAP(2.0%)+MAXLOSS_CAP;213413.24;213421.34;36;0
2026.08.07 01:12:24;XAUUSD;5;1786059407;PROFIT_RATCHET_LOCKED;floor=3.47 peak=8.16;MANAGE_PROFIT;SAFE;1;0;1;-1;-1;4248.35;8.04;8.04;8.16;-8.97;KELLY_LITE;true;0.04;213407.48;0.0417;KELLY_LITE(mult=1.00 taper=1.00 n=2)+CONSEC_REDUCE(0.50)+HARD_RISK_CAP(2.0%)+MAXLOSS_CAP;213413.24;213421.28;36;0
2026.08.07 01:12:24;XAUUSD;5;1786059407;PROFIT_RATCHET_LOCKED;floor=3.47 peak=8.16;MANAGE_PROFIT;SAFE;1;0;1;-1;-1;4248.35;8.07;8.07;8.16;-8.97;KELLY_LITE;true;0.04;213407.48;0.0417;KELLY_LITE(mult=1.00 taper=1.00 n=2)+CONSEC_REDUCE(0.50)+HARD_RISK_CAP(2.0%)+MAXLOSS_CAP;213413.24;213421.31;36;0
2026.08.07 01:12:25;XAUUSD;5;1786059407;PROFIT_RATCHET_LOCKED;floor=3.47 peak=8.16;MANAGE_PROFIT;SAFE;1;0;1;-1;-1;4248.35;7.83;7.83;8.16;-8.97;KELLY_LITE;true;0.04;213407.48;0.0417;KELLY_LITE(mult=1.00 taper=1.00 n=2)+CONSEC_REDUCE(0.50)+HARD_RISK_CAP(2.0%)+MAXLOSS_CAP;213413.24;213421.07;36;0
2026.08.07 01:12:25;XAUUSD;5;1786059407;PROFIT_RATCHET_LOCKED;floor=3.47 peak=8.16;MANAGE_PROFIT;SAFE;1;0;1;-1;-1;4248.35;7.68;7.68;8.16;-8.97;KELLY_LITE;true;0.04;213407.48;0.0417;KELLY_LITE(mult=1.00 taper=1.00 n=2)+CONSEC_REDUCE(0.50)+HARD_RISK_CAP(2.0%)+MAXLOSS_CAP;213413.24;213420.92;36;0
2026.08.07 01:12:26;XAUUSD;5;1786059407;PROFIT_RATCHET_LOCKED;floor=3.47 peak=8.16;MANAGE_PROFIT;SAFE;1;0;1;-1;-1;4248.35;7.74;7.74;8.16;-8.97;KELLY_LITE;true;0.04;213407.48;0.0417;KELLY_LITE(mult=1.00 taper=1.00 n=2)+CONSEC_REDUCE(0.50)+HARD_RISK_CAP(2.0%)+MAXLOSS_CAP;213413.24;213420.98;36;0
2026.08.07 01:12:26;XAUUSD;5;1786059407;PROFIT_RATCHET_LOCKED;floor=3.47 peak=8.16;MANAGE_PROFIT;SAFE;1;0;1;-1;-1;4248.35;7.80;7.80;8.16;-8.97;KELLY_LITE;true;0.04;213407.48;0.0417;KELLY_LITE(mult=1.00 taper=1.00 n=2)+CONSEC_REDUCE(0.50)+HARD_RISK_CAP(2.0%)+MAXLOSS_CAP;213413.24;213421.04;36;0
2026.08.07 01:12:26;XAUUSD;5;1786059407;PROFIT_RATCHET_LOCKED;floor=3.47 peak=8.16;MANAGE_PROFIT;SAFE;1;0;1;-1;-1;4248.35;7.74;7.74;8.16;-8.97;KELLY_LITE;true;0.04;213407.48;0.0417;KELLY_LITE(mult=1.00 taper=1.00 n=2)+CONSEC_REDUCE(0.50)+HARD_RISK_CAP(2.0%)+MAXLOSS_CAP;213413.24;213420.98;36;0
2026.08.07 01:12:26;XAUUSD;5;1786059407;PROFIT_RATCHET_LOCKED;floor=3.47 peak=8.16;MANAGE_PROFIT;SAFE;1;0;1;-1;-1;4248.35;7.44;7.44;8.16;-8.97;KELLY_LITE;true;0.04;213407.48;0.0417;KELLY_LITE(mult=1.00 taper=1.00 n=2)+CONSEC_REDUCE(0.50)+HARD_RISK_CAP(2.0%)+MAXLOSS_CAP;213413.24;213420.68;36;0
2026.08.07 01:12:27;XAUUSD;5;1786059407;PROFIT_RATCHET_LOCKED;floor=3.47 peak=8.16;MANAGE_PROFIT;SAFE;1;0;1;-1;-1;4248.35;7.59;7.59;8.16;-8.97;KELLY_LITE;true;0.04;213407.48;0.0417;KELLY_LITE(mult=1.00 taper=1.00 n=2)+CONSEC_REDUCE(0.50)+HARD_RISK_CAP(2.0%)+MAXLOSS_CAP;213413.24;213420.83;36;0
2026.08.07 01:12:27;XAUUSD;5;1786059407;PROFIT_RATCHET_LOCKED;floor=3.47 peak=8.16;MANAGE_PROFIT;SAFE;1;0;1;-1;-1;4248.35;7.65;7.65;8.16;-8.97;KELLY_LITE;true;0.04;213407.48;0.0417;KELLY_LITE(mult=1.00 taper=1.00 n=2)+CONSEC_REDUCE(0.50)+HARD_RISK_CAP(2.0%)+MAXLOSS_CAP;213413.24;213420.89;36;0
2026.08.07 01:12:27;XAUUSD;5;1786059407;PROFIT_RATCHET_LOCKED;floor=3.47 peak=8.16;MANAGE_PROFIT;SAFE;1;0;1;-1;-1;4248.35;7.71;7.71;8.16;-8.97;KELLY_LITE;true;0.04;213407.48;0.0417;KELLY_LITE(mult=1.00 taper=1.00 n=2)+CONSEC_REDUCE(0.50)+HARD_RISK_CAP(2.0%)+MAXLOSS_CAP;213413.24;213420.95;36;0
2026.08.07 01:12:27;XAUUSD;5;1786059407;PROFIT_RATCHET_LOCKED;floor=3.47 peak=8.16;MANAGE_PROFIT;SAFE;1;0;1;-1;-1;4248.35;7.74;7.74;8.16;-8.97;KELLY_LITE;true;0.04;213407.48;0.0417;KELLY_LITE(mult=1.00 taper=1.00 n=2)+CONSEC_REDUCE(0.50)+HARD_RISK_CAP(2.0%)+MAXLOSS_CAP;213413.24;213420.98;36;0
2026.08.07 01:12:27;XAUUSD;5;1786059407;PROFIT_RATCHET_LOCKED;floor=3.47 peak=8.16;MANAGE_PROFIT;SAFE;1;0;1;-1;-1;4248.35;7.98;7.98;8.16;-8.97;KELLY_LITE;true;0.04;213407.48;0.0417;KELLY_LITE(mult=1.00 taper=1.00 n=2)+CONSEC_REDUCE(0.50)+HARD_RISK_CAP(2.0%)+MAXLOSS_CAP;213413.24;213421.22;36;0
2026.08.07 01:12:28;XAUUSD;5;1786059407;PROFIT_RATCHET_LOCKED;floor=3.47 peak=8.16;MANAGE_PROFIT;SAFE;1;0;1;-1;-1;4248.35;8.04;8.04;8.16;-8.97;KELLY_LITE;true;0.04;213407.48;0.0417;KELLY_LITE(mult=1.00 taper=1.00 n=2)+CONSEC_REDUCE(0.50)+HARD_RISK_CAP(2.0%)+MAXLOSS_CAP;213413.24;213421.28;36;0
2026.08.07 01:12:28;XAUUSD;5;1786059407;PROFIT_RATCHET_LOCKED;floor=3.47 peak=8.16;MANAGE_PROFIT;SAFE;1;0;1;-1;-1;4248.35;8.01;8.01;8.16;-8.97;KELLY_LITE;true;0.04;213407.48;0.0417;KELLY_LITE(mult=1.00 taper=1.00 n=2)+CONSEC_REDUCE(0.50)+HARD_RISK_CAP(2.0%)+MAXLOSS_CAP;213413.24;213421.25;36;0
2026.08.07 01:12:28;XAUUSD;5;1786059407;PROFIT_RATCHET_LOCKED;floor=3.47 peak=8.16;MANAGE_PROFIT;SAFE;1;0;1;-1;-1;4248.35;7.95;7.95;8.16;-8.97;KELLY_LITE;true;0.04;213407.48;0.0417;KELLY_LITE(mult=1.00 taper=1.00 n=2)+CONSEC_REDUCE(0.50)+HARD_RISK_CAP(2.0%)+MAXLOSS_CAP;213413.24;213421.19;36;0
2026.08.07 01:12:29;XAUUSD;5;1786059407;PROFIT_RATCHET_LOCKED;floor=3.47 peak=8.16;MANAGE_PROFIT;SAFE;1;0;1;-1;-1;4248.35;7.80;7.80;8.16;-8.97;KELLY_LITE;true;0.04;213407.48;0.0417;KELLY_LITE(mult=1.00 taper=1.00 n=2)+CONSEC_REDUCE(0.50)+HARD_RISK_CAP(2.0%)+MAXLOSS_CAP;213413.24;213421.04;36;0
2026.08.07 01:12:29;XAUUSD;5;1786059407;PROFIT_RATCHET_LOCKED;floor=3.47 peak=8.16;MANAGE_PROFIT;SAFE;1;0;1;-1;-1;4248.35;7.77;7.77;8.16;-8.97;KELLY_LITE;true;0.04;213407.48;0.0417;KELLY_LITE(mult=1.00 taper=1.00 n=2)+CONSEC_REDUCE(0.50)+HARD_RISK_CAP(2.0%)+MAXLOSS_CAP;213413.24;213421.01;36;0
2026.08.07 01:12:29;XAUUSD;5;1786059407;PROFIT_RATCHET_LOCKED;floor=3.47 peak=8.16;MANAGE_PROFIT;SAFE;1;0;1;-1;-1;4248.35;7.86;7.86;8.16;-8.97;KELLY_LITE;true;0.04;213407.48;0.0417;KELLY_LITE(mult=1.00 taper=1.00 n=2)+CONSEC_REDUCE(0.50)+HARD_RISK_CAP(2.0%)+MAXLOSS_CAP;213413.24;213421.10;36;0
2026.08.07 01:12:30;XAUUSD;5;1786059407;SL_MODIFY_FAILED;ticket=118127156 newSL=4246.06 reason=break_even_lock_leg_0 err=0;MANAGE_PROFIT;SAFE;1;0;1;-1;-1;4248.35;7.65;7.65;8.43;-8.97;KELLY_LITE;true;0.04;213407.48;0.0417;KELLY_LITE(mult=1.00 taper=1.00 n=2)+CONSEC_REDUCE(0.50)+HARD_RISK_CAP(2.0%)+MAXLOSS_CAP;213413.24;213420.89;36;0
2026.08.07 01:12:30;XAUUSD;5;1786059407;PROFIT_RATCHET_LOCKED;floor=3.58 peak=8.43;MANAGE_PROFIT;SAFE;1;0;1;-1;-1;4248.35;7.65;7.65;8.43;-8.97;KELLY_LITE;true;0.04;213407.48;0.0417;KELLY_LITE(mult=1.00 taper=1.00 n=2)+CONSEC_REDUCE(0.50)+HARD_RISK_CAP(2.0%)+MAXLOSS_CAP;213413.24;213420.89;36;0
2026.08.07 01:12:30;XAUUSD;5;1786059407;PROFIT_RATCHET_LOCKED;floor=3.58 peak=8.43;MANAGE_PROFIT;SAFE;1;0;1;-1;-1;4248.35;7.65;7.65;8.43;-8.97;KELLY_LITE;true;0.04;213407.48;0.0417;KELLY_LITE(mult=1.00 taper=1.00 n=2)+CONSEC_REDUCE(0.50)+HARD_RISK_CAP(2.0%)+MAXLOSS_CAP;213413.24;213420.89;36;0
2026.08.07 01:12:30;XAUUSD;5;1786059407;PROFIT_RATCHET_LOCKED;floor=3.58 peak=8.43;MANAGE_PROFIT;SAFE;1;0;1;-1;-1;4248.35;7.68;7.68;8.43;-8.97;KELLY_LITE;true;0.04;213407.48;0.0417;KELLY_LITE(mult=1.00 taper=1.00 n=2)+CONSEC_REDUCE(0.50)+HARD_RISK_CAP(2.0%)+MAXLOSS_CAP;213413.24;213420.92;36;0
2026.08.07 01:12:30;XAUUSD;5;1786059407;PROFIT_RATCHET_LOCKED;floor=3.58 peak=8.43;MANAGE_PROFIT;SAFE;1;0;1;-1;-1;4248.35;7.77;7.77;8.43;-8.97;KELLY_LITE;true;0.04;213407.48;0.0417;KELLY_LITE(mult=1.00 taper=1.00 n=2)+CONSEC_REDUCE(0.50)+HARD_RISK_CAP(2.0%)+MAXLOSS_CAP;213413.24;213421.01;36;0
2026.08.07 01:12:31;XAUUSD;5;1786059407;PROFIT_RATCHET_LOCKED;floor=3.58 peak=8.43;MANAGE_PROFIT;SAFE;1;0;1;-1;-1;4248.35;8.16;8.16;8.43;-8.97;KELLY_LITE;true;0.04;213407.48;0.0417;KELLY_LITE(mult=1.00 taper=1.00 n=2)+CONSEC_REDUCE(0.50)+HARD_RISK_CAP(2.0%)+MAXLOSS_CAP;213413.24;213421.40;36;0
2026.08.07 01:12:31;XAUUSD;5;1786059407;PROFIT_RATCHET_LOCKED;floor=3.58 peak=8.43;MANAGE_PROFIT;SAFE;1;0;1;-1;-1;4248.35;8.13;8.13;8.43;-8.97;KELLY_LITE;true;0.04;213407.48;0.0417;KELLY_LITE(mult=1.00 taper=1.00 n=2)+CONSEC_REDUCE(0.50)+HARD_RISK_CAP(2.0%)+MAXLOSS_CAP;213413.24;213421.37;36;0
2026.08.07 01:12:31;XAUUSD;5;1786059407;PROFIT_RATCHET_LOCKED;floor=3.58 peak=8.43;MANAGE_PROFIT;SAFE;1;0;1;-1;-1;4248.35;8.01;8.01;8.43;-8.97;KELLY_LITE;true;0.04;213407.48;0.0417;KELLY_LITE(mult=1.00 taper=1.00 n=2)+CONSEC_REDUCE(0.50)+HARD_RISK_CAP(2.0%)+MAXLOSS_CAP;213413.24;213421.25;36;0
2026.08.07 01:12:32;XAUUSD;5;1786059407;PROFIT_RATCHET_LOCKED;floor=3.58 peak=8.43;MANAGE_PROFIT;SAFE;1;0;1;-1;-1;4248.35;8.04;8.04;8.43;-8.97;KELLY_LITE;true;0.04;213407.48;0.0417;KELLY_LITE(mult=1.00 taper=1.00 n=2)+CONSEC_REDUCE(0.50)+HARD_RISK_CAP(2.0%)+MAXLOSS_CAP;213413.24;213421.28;36;0
2026.08.07 01:12:32;XAUUSD;5;1786059407;PROFIT_RATCHET_LOCKED;floor=3.58 peak=8.43;MANAGE_PROFIT;SAFE;1;0;1;-1;-1;4248.35;8.07;8.07;8.43;-8.97;KELLY_LITE;true;0.04;213407.48;0.0417;KELLY_LITE(mult=1.00 taper=1.00 n=2)+CONSEC_REDUCE(0.50)+HARD_RISK_CAP(2.0%)+MAXLOSS_CAP;213413.24;213421.31;36;0
2026.08.07 01:12:32;XAUUSD;5;1786059407;PROFIT_RATCHET_LOCKED;floor=3.58 peak=8.43;MANAGE_PROFIT;SAFE;1;0;1;-1;-1;4248.35;7.65;7.65;8.43;-8.97;KELLY_LITE;true;0.04;213407.48;0.0417;KELLY_LITE(mult=1.00 taper=1.00 n=2)+CONSEC_REDUCE(0.50)+HARD_RISK_CAP(2.0%)+MAXLOSS_CAP;213413.24;213420.89;36;0
2026.08.07 01:12:32;XAUUSD;5;1786059407;PROFIT_RATCHET_LOCKED;floor=3.58 peak=8.43;MANAGE_PROFIT;SAFE;1;0;1;-1;-1;4248.35;7.74;7.74;8.43;-8.97;KELLY_LITE;true;0.04;213407.48;0.0417;KELLY_LITE(mult=1.00 taper=1.00 n=2)+CONSEC_REDUCE(0.50)+HARD_RISK_CAP(2.0%)+MAXLOSS_CAP;213413.24;213420.98;36;0
2026.08.07 01:12:32;XAUUSD;5;1786059407;PROFIT_RATCHET_LOCKED;floor=3.58 peak=8.43;MANAGE_PROFIT;SAFE;1;0;1;-1;-1;4248.35;7.68;7.68;8.43;-8.97;KELLY_LITE;true;0.04;213407.48;0.0417;KELLY_LITE(mult=1.00 taper=1.00 n=2)+CONSEC_REDUCE(0.50)+HARD_RISK_CAP(2.0%)+MAXLOSS_CAP;213413.24;213420.92;36;0
2026.08.07 01:12:33;XAUUSD;5;1786059407;PROFIT_RATCHET_LOCKED;floor=3.58 peak=8.43;MANAGE_PROFIT;SAFE;1;0;1;-1;-1;4248.35;7.89;7.89;8.43;-8.97;KELLY_LITE;true;0.04;213407.48;0.0417;KELLY_LITE(mult=1.00 taper=1.00 n=2)+CONSEC_REDUCE(0.50)+HARD_RISK_CAP(2.0%)+MAXLOSS_CAP;213413.24;213421.13;36;0
2026.08.07 01:12:33;XAUUSD;5;1786059407;PROFIT_RATCHET_LOCKED;floor=3.58 peak=8.43;MANAGE_PROFIT;SAFE;1;0;1;-1;-1;4248.35;8.07;8.07;8.43;-8.97;KELLY_LITE;true;0.04;213407.48;0.0417;KELLY_LITE(mult=1.00 taper=1.00 n=2)+CONSEC_REDUCE(0.50)+HARD_RISK_CAP(2.0%)+MAXLOSS_CAP;213413.24;213421.31;36;0
2026.08.07 01:12:33;XAUUSD;5;1786059407;PROFIT_RATCHET_LOCKED;floor=3.58 peak=8.43;MANAGE_PROFIT;SAFE;1;0;1;-1;-1;4248.35;8.01;8.01;8.43;-8.97;KELLY_LITE;true;0.04;213407.48;0.0417;KELLY_LITE(mult=1.00 taper=1.00 n=2)+CONSEC_REDUCE(0.50)+HARD_RISK_CAP(2.0%)+MAXLOSS_CAP;213413.24;213421.25;36;0
2026.08.07 01:12:34;XAUUSD;5;1786059407;PROFIT_RATCHET_LOCKED;floor=3.58 peak=8.43;MANAGE_PROFIT;SAFE;1;0;1;-1;-1;4248.35;8.07;8.07;8.43;-8.97;KELLY_LITE;true;0.04;213407.48;0.0417;KELLY_LITE(mult=1.00 taper=1.00 n=2)+CONSEC_REDUCE(0.50)+HARD_RISK_CAP(2.0%)+MAXLOSS_CAP;213413.24;213421.31;36;0
2026.08.07 01:12:34;XAUUSD;5;1786059407;PROFIT_RATCHET_LOCKED;floor=3.58 peak=8.43;MANAGE_PROFIT;SAFE;1;0;1;-1;-1;4248.35;8.04;8.04;8.43;-8.97;KELLY_LITE;true;0.04;213407.48;0.0417;KELLY_LITE(mult=1.00 taper=1.00 n=2)+CONSEC_REDUCE(0.50)+HARD_RISK_CAP(2.0%)+MAXLOSS_CAP;213413.24;213421.28;36;0
2026.08.07 01:12:34;XAUUSD;5;1786059407;PROFIT_RATCHET_LOCKED;floor=3.58 peak=8.43;MANAGE_PROFIT;SAFE;1;0;1;-1;-1;4248.35;8.16;8.16;8.43;-8.97;KELLY_LITE;true;0.04;213407.48;0.0417;KELLY_LITE(mult=1.00 taper=1.00 n=2)+CONSEC_REDUCE(0.50)+HARD_RISK_CAP(2.0%)+MAXLOSS_CAP;213413.24;213421.40;36;0
2026.08.07 01:12:35;XAUUSD;5;1786059407;SL_MODIFIED;ticket=118127156 oldSL=4246.15 newSL=4246.10 reason=break_even_lock_leg_0;MANAGE_PROFIT;SAFE;1;0;1;-1;-1;4248.35;8.25;7.80;8.43;-8.97;KELLY_LITE;true;0.04;213407.48;0.0417;KELLY_LITE(mult=1.00 taper=1.00 n=2)+CONSEC_REDUCE(0.50)+HARD_RISK_CAP(2.0%)+MAXLOSS_CAP;213413.24;213421.49;36;0
2026.08.07 01:12:35;XAUUSD;5;1786059407;PROFIT_RATCHET_LOCKED;floor=3.58 peak=8.43;MANAGE_PROFIT;SAFE;1;0;1;-1;-1;4248.35;8.25;7.80;8.43;-8.97;KELLY_LITE;true;0.04;213407.48;0.0417;KELLY_LITE(mult=1.00 taper=1.00 n=2)+CONSEC_REDUCE(0.50)+HARD_RISK_CAP(2.0%)+MAXLOSS_CAP;213413.24;213421.49;36;0
2026.08.07 01:12:35;XAUUSD;5;1786059407;PROFIT_RATCHET_LOCKED;floor=3.58 peak=8.43;MANAGE_PROFIT;SAFE;1;0;1;-1;-1;4248.35;8.25;7.80;8.43;-8.97;KELLY_LITE;true;0.04;213407.48;0.0417;KELLY_LITE(mult=1.00 taper=1.00 n=2)+CONSEC_REDUCE(0.50)+HARD_RISK_CAP(2.0%)+MAXLOSS_CAP;213413.24;213421.49;36;0
2026.08.07 01:12:35;XAUUSD;5;1786059407;PROFIT_RATCHET_LOCKED;floor=3.58 peak=8.43;MANAGE_PROFIT;SAFE;1;0;1;-1;-1;4248.35;8.07;8.07;8.43;-8.97;KELLY_LITE;true;0.04;213407.48;0.0417;KELLY_LITE(mult=1.00 taper=1.00 n=2)+CONSEC_REDUCE(0.50)+HARD_RISK_CAP(2.0%)+MAXLOSS_CAP;213413.24;213421.31;36;0
2026.08.07 01:12:35;XAUUSD;5;1786059407;PROFIT_RATCHET_LOCKED;floor=3.58 peak=8.43;MANAGE_PROFIT;SAFE;1;0;1;-1;-1;4248.35;8.01;8.01;8.43;-8.97;KELLY_LITE;true;0.04;213407.48;0.0417;KELLY_LITE(mult=1.00 taper=1.00 n=2)+CONSEC_REDUCE(0.50)+HARD_RISK_CAP(2.0%)+MAXLOSS_CAP;213413.24;213421.25;36;0
2026.08.07 01:12:36;XAUUSD;5;1786059407;PROFIT_RATCHET_LOCKED;floor=3.58 peak=8.43;MANAGE_PROFIT;SAFE;1;0;1;-1;-1;4248.35;7.98;7.98;8.43;-8.97;KELLY_LITE;true;0.04;213407.48;0.0417;KELLY_LITE(mult=1.00 taper=1.00 n=2)+CONSEC_REDUCE(0.50)+HARD_RISK_CAP(2.0%)+MAXLOSS_CAP;213413.24;213421.22;36;0
2026.08.07 01:12:36;XAUUSD;5;1786059407;PROFIT_RATCHET_LOCKED;floor=3.58 peak=8.43;MANAGE_PROFIT;SAFE;1;0;1;-1;-1;4248.35;8.01;8.01;8.43;-8.97;KELLY_LITE;true;0.04;213407.48;0.0417;KELLY_LITE(mult=1.00 taper=1.00 n=2)+CONSEC_REDUCE(0.50)+HARD_RISK_CAP(2.0%)+MAXLOSS_CAP;213413.24;213421.25;35;0
2026.08.07 01:12:36;XAUUSD;5;1786059407;PROFIT_RATCHET_LOCKED;floor=3.58 peak=8.43;MANAGE_PROFIT;SAFE;1;0;1;-1;-1;4248.35;7.98;7.98;8.43;-8.97;KELLY_LITE;true;0.04;213407.48;0.0417;KELLY_LITE(mult=1.00 taper=1.00 n=2)+CONSEC_REDUCE(0.50)+HARD_RISK_CAP(2.0%)+MAXLOSS_CAP;213413.24;213421.22;36;0
2026.08.07 01:12:36;XAUUSD;5;1786059407;PROFIT_RATCHET_LOCKED;floor=3.58 peak=8.43;MANAGE_PROFIT;SAFE;1;0;1;-1;-1;4248.35;8.07;8.07;8.43;-8.97;KELLY_LITE;true;0.04;213407.48;0.0417;KELLY_LITE(mult=1.00 taper=1.00 n=2)+CONSEC_REDUCE(0.50)+HARD_RISK_CAP(2.0%)+MAXLOSS_CAP;213413.24;213421.31;36;0
2026.08.07 01:12:37;XAUUSD;5;1786059407;PROFIT_RATCHET_LOCKED;floor=3.58 peak=8.43;MANAGE_PROFIT;SAFE;1;0;1;-1;-1;4248.35;8.04;8.04;8.43;-8.97;KELLY_LITE;true;0.04;213407.48;0.0417;KELLY_LITE(mult=1.00 taper=1.00 n=2)+CONSEC_REDUCE(0.50)+HARD_RISK_CAP(2.0%)+MAXLOSS_CAP;213413.24;213421.28;36;0
2026.08.07 01:12:37;XAUUSD;5;1786059407;PROFIT_RATCHET_LOCKED;floor=3.58 peak=8.43;MANAGE_PROFIT;SAFE;1;0;1;-1;-1;4248.35;7.98;7.98;8.43;-8.97;KELLY_LITE;true;0.04;213407.48;0.0417;KELLY_LITE(mult=1.00 taper=1.00 n=2)+CONSEC_REDUCE(0.50)+HARD_RISK_CAP(2.0%)+MAXLOSS_CAP;213413.24;213421.22;36;0
2026.08.07 01:12:38;XAUUSD;5;1786059407;PROFIT_RATCHET_LOCKED;floor=3.58 peak=8.43;MANAGE_PROFIT;SAFE;1;0;1;-1;-1;4248.35;7.62;7.62;8.43;-8.97;KELLY_LITE;true;0.04;213407.48;0.0417;KELLY_LITE(mult=1.00 taper=1.00 n=2)+CONSEC_REDUCE(0.50)+HARD_RISK_CAP(2.0%)+MAXLOSS_CAP;213413.24;213420.86;36;0
2026.08.07 01:12:38;XAUUSD;5;1786059407;PROFIT_RATCHET_LOCKED;floor=3.58 peak=8.43;MANAGE_PROFIT;SAFE;1;0;1;-1;-1;4248.35;7.47;7.47;8.43;-8.97;KELLY_LITE;true;0.04;213407.48;0.0417;KELLY_LITE(mult=1.00 taper=1.00 n=2)+CONSEC_REDUCE(0.50)+HARD_RISK_CAP(2.0%)+MAXLOSS_CAP;213413.24;213420.71;36;0
2026.08.07 01:12:38;XAUUSD;5;1786059407;PROFIT_RATCHET_LOCKED;floor=3.58 peak=8.43;MANAGE_PROFIT;SAFE;1;0;1;-1;-1;4248.35;7.56;7.56;8.43;-8.97;KELLY_LITE;true;0.04;213407.48;0.0417;KELLY_LITE(mult=1.00 taper=1.00 n=2)+CONSEC_REDUCE(0.50)+HARD_RISK_CAP(2.0%)+MAXLOSS_CAP;213413.24;213420.80;36;0
2026.08.07 01:12:39;XAUUSD;5;1786059407;PROFIT_RATCHET_LOCKED;floor=3.58 peak=8.43;MANAGE_PROFIT;SAFE;1;0;1;-1;-1;4248.35;7.62;7.62;8.43;-8.97;KELLY_LITE;true;0.04;213407.48;0.0417;KELLY_LITE(mult=1.00 taper=1.00 n=2)+CONSEC_REDUCE(0.50)+HARD_RISK_CAP(2.0%)+MAXLOSS_CAP;213413.24;213420.86;36;0
2026.08.07 01:12:39;XAUUSD;5;1786059407;PROFIT_RATCHET_LOCKED;floor=3.58 peak=8.43;MANAGE_PROFIT;SAFE;1;0;1;-1;-1;4248.35;7.68;7.68;8.43;-8.97;KELLY_LITE;true;0.04;213407.48;0.0417;KELLY_LITE(mult=1.00 taper=1.00 n=2)+CONSEC_REDUCE(0.50)+HARD_RISK_CAP(2.0%)+MAXLOSS_CAP;213413.24;213420.92;36;0
2026.08.07 01:12:39;XAUUSD;5;1786059407;PROFIT_RATCHET_LOCKED;floor=3.58 peak=8.43;MANAGE_PROFIT;SAFE;1;0;1;-1;-1;4248.35;7.74;7.74;8.43;-8.97;KELLY_LITE;true;0.04;213407.48;0.0417;KELLY_LITE(mult=1.00 taper=1.00 n=2)+CONSEC_REDUCE(0.50)+HARD_RISK_CAP(2.0%)+MAXLOSS_CAP;213413.24;213420.98;36;0
2026.08.07 01:12:39;XAUUSD;5;1786059407;PROFIT_RATCHET_LOCKED;floor=3.58 peak=8.43;MANAGE_PROFIT;SAFE;1;0;1;-1;-1;4248.35;7.86;7.86;8.43;-8.97;KELLY_LITE;true;0.04;213407.48;0.0417;KELLY_LITE(mult=1.00 taper=1.00 n=2)+CONSEC_REDUCE(0.50)+HARD_RISK_CAP(2.0%)+MAXLOSS_CAP;213413.24;213421.10;36;0
2026.08.07 01:12:40;XAUUSD;5;1786059407;PROFIT_RATCHET_LOCKED;floor=3.58 peak=8.43;MANAGE_PROFIT;SAFE;1;0;1;-1;-1;4248.35;7.74;7.74;8.43;-8.97;KELLY_LITE;true;0.04;213407.48;0.0417;KELLY_LITE(mult=1.00 taper=1.00 n=2)+CONSEC_REDUCE(0.50)+HARD_RISK_CAP(2.0%)+MAXLOSS_CAP;213413.24;213420.98;36;0
2026.08.07 01:12:40;XAUUSD;5;1786059407;PROFIT_RATCHET_LOCKED;floor=3.58 peak=8.43;MANAGE_PROFIT;SAFE;1;0;1;-1;-1;4248.35;7.98;7.98;8.43;-8.97;KELLY_LITE;true;0.04;213407.48;0.0417;KELLY_LITE(mult=1.00 taper=1.00 n=2)+CONSEC_REDUCE(0.50)+HARD_RISK_CAP(2.0%)+MAXLOSS_CAP;213413.24;213421.22;36;0
2026.08.07 01:12:40;XAUUSD;5;1786059407;PROFIT_RATCHET_LOCKED;floor=3.58 peak=8.43;MANAGE_PROFIT;SAFE;1;0;1;-1;-1;4248.35;7.95;7.95;8.43;-8.97;KELLY_LITE;true;0.04;213407.48;0.0417;KELLY_LITE(mult=1.00 taper=1.00 n=2)+CONSEC_REDUCE(0.50)+HARD_RISK_CAP(2.0%)+MAXLOSS_CAP;213413.24;213421.19;36;0
2026.08.07 01:12:41;XAUUSD;5;1786059407;PROFIT_RATCHET_LOCKED;floor=3.58 peak=8.43;MANAGE_PROFIT;SAFE;1;0;1;-1;-1;4248.35;7.98;7.98;8.43;-8.97;KELLY_LITE;true;0.04;213407.48;0.0417;KELLY_LITE(mult=1.00 taper=1.00 n=2)+CONSEC_REDUCE(0.50)+HARD_RISK_CAP(2.0%)+MAXLOSS_CAP;213413.24;213421.22;36;0
2026.08.07 01:12:41;XAUUSD;5;1786059407;PROFIT_RATCHET_LOCKED;floor=3.58 peak=8.43;MANAGE_PROFIT;SAFE;1;0;1;-1;-1;4248.35;7.92;7.92;8.43;-8.97;KELLY_LITE;true;0.04;213407.48;0.0417;KELLY_LITE(mult=1.00 taper=1.00 n=2)+CONSEC_REDUCE(0.50)+HARD_RISK_CAP(2.0%)+MAXLOSS_CAP;213413.24;213421.16;36;0
2026.08.07 01:12:41;XAUUSD;5;1786059407;PROFIT_RATCHET_LOCKED;floor=3.58 peak=8.43;MANAGE_PROFIT;SAFE;1;0;1;-1;-1;4248.35;8.04;8.04;8.43;-8.97;KELLY_LITE;true;0.04;213407.48;0.0417;KELLY_LITE(mult=1.00 taper=1.00 n=2)+CONSEC_REDUCE(0.50)+HARD_RISK_CAP(2.0%)+MAXLOSS_CAP;213413.24;213421.28;36;0
2026.08.07 01:12:41;XAUUSD;5;1786059407;PROFIT_RATCHET_LOCKED;floor=3.58 peak=8.43;MANAGE_PROFIT;SAFE;1;0;1;-1;-1;4248.35;8.01;8.01;8.43;-8.97;KELLY_LITE;true;0.04;213407.48;0.0417;KELLY_LITE(mult=1.00 taper=1.00 n=2)+CONSEC_REDUCE(0.50)+HARD_RISK_CAP(2.0%)+MAXLOSS_CAP;213413.24;213421.25;36;0
2026.08.07 01:12:42;XAUUSD;5;1786059407;PROFIT_RATCHET_LOCKED;floor=3.58 peak=8.43;MANAGE_PROFIT;SAFE;1;0;1;-1;-1;4248.35;7.98;7.98;8.43;-8.97;KELLY_LITE;true;0.04;213407.48;0.0417;KELLY_LITE(mult=1.00 taper=1.00 n=2)+CONSEC_REDUCE(0.50)+HARD_RISK_CAP(2.0%)+MAXLOSS_CAP;213413.24;213421.22;36;0
2026.08.07 01:12:42;XAUUSD;5;1786059407;PROFIT_RATCHET_LOCKED;floor=3.58 peak=8.43;MANAGE_PROFIT;SAFE;1;0;1;-1;-1;4248.35;8.13;8.13;8.43;-8.97;KELLY_LITE;true;0.04;213407.48;0.0417;KELLY_LITE(mult=1.00 taper=1.00 n=2)+CONSEC_REDUCE(0.50)+HARD_RISK_CAP(2.0%)+MAXLOSS_CAP;213413.24;213421.37;33;0
2026.08.07 01:12:42;XAUUSD;5;1786059407;PROFIT_RATCHET_LOCKED;floor=3.58 peak=8.43;MANAGE_PROFIT;SAFE;1;0;1;-1;-1;4248.35;7.89;7.89;8.43;-8.97;KELLY_LITE;true;0.04;213407.48;0.0417;KELLY_LITE(mult=1.00 taper=1.00 n=2)+CONSEC_REDUCE(0.50)+HARD_RISK_CAP(2.0%)+MAXLOSS_CAP;213413.24;213421.13;36;0
2026.08.07 01:12:42;XAUUSD;5;1786059407;PROFIT_RATCHET_LOCKED;floor=3.58 peak=8.43;MANAGE_PROFIT;SAFE;1;0;1;-1;-1;4248.35;7.92;7.92;8.43;-8.97;KELLY_LITE;true;0.04;213407.48;0.0417;KELLY_LITE(mult=1.00 taper=1.00 n=2)+CONSEC_REDUCE(0.50)+HARD_RISK_CAP(2.0%)+MAXLOSS_CAP;213413.24;213421.16;36;0
2026.08.07 01:12:43;XAUUSD;5;1786059407;PROFIT_RATCHET_LOCKED;floor=3.58 peak=8.43;MANAGE_PROFIT;SAFE;1;0;1;-1;-1;4248.35;7.77;7.77;8.43;-8.97;KELLY_LITE;true;0.04;213407.48;0.0417;KELLY_LITE(mult=1.00 taper=1.00 n=2)+CONSEC_REDUCE(0.50)+HARD_RISK_CAP(2.0%)+MAXLOSS_CAP;213413.24;213421.01;36;0
2026.08.07 01:12:43;XAUUSD;5;1786059407;PROFIT_RATCHET_LOCKED;floor=3.58 peak=8.43;MANAGE_PROFIT;SAFE;1;0;1;-1;-1;4248.35;7.95;7.95;8.43;-8.97;KELLY_LITE;true;0.04;213407.48;0.0417;KELLY_LITE(mult=1.00 taper=1.00 n=2)+CONSEC_REDUCE(0.50)+HARD_RISK_CAP(2.0%)+MAXLOSS_CAP;213413.24;213421.19;36;0
2026.08.07 01:12:43;XAUUSD;5;1786059407;PROFIT_RATCHET_LOCKED;floor=3.58 peak=8.43;MANAGE_PROFIT;SAFE;1;0;1;-1;-1;4248.35;8.04;8.04;8.43;-8.97;KELLY_LITE;true;0.04;213407.48;0.0417;KELLY_LITE(mult=1.00 taper=1.00 n=2)+CONSEC_REDUCE(0.50)+HARD_RISK_CAP(2.0%)+MAXLOSS_CAP;213413.24;213421.28;36;0
2026.08.07 01:12:43;XAUUSD;5;1786059407;PROFIT_RATCHET_LOCKED;floor=3.58 peak=8.43;MANAGE_PROFIT;SAFE;1;0;1;-1;-1;4248.35;8.07;8.07;8.43;-8.97;KELLY_LITE;true;0.04;213407.48;0.0417;KELLY_LITE(mult=1.00 taper=1.00 n=2)+CONSEC_REDUCE(0.50)+HARD_RISK_CAP(2.0%)+MAXLOSS_CAP;213413.24;213421.31;36;0
2026.08.07 01:12:44;XAUUSD;5;1786059407;PROFIT_RATCHET_LOCKED;floor=3.58 peak=8.43;MANAGE_PROFIT;SAFE;1;0;1;-1;-1;4248.35;7.89;7.89;8.43;-8.97;KELLY_LITE;true;0.04;213407.48;0.0417;KELLY_LITE(mult=1.00 taper=1.00 n=2)+CONSEC_REDUCE(0.50)+HARD_RISK_CAP(2.0%)+MAXLOSS_CAP;213413.24;213421.13;36;0
2026.08.07 01:12:44;XAUUSD;5;1786059407;PROFIT_RATCHET_LOCKED;floor=3.58 peak=8.43;MANAGE_PROFIT;SAFE;1;0;1;-1;-1;4248.35;7.89;7.89;8.43;-8.97;KELLY_LITE;true;0.04;213407.48;0.0417;KELLY_LITE(mult=1.00 taper=1.00 n=2)+CONSEC_REDUCE(0.50)+HARD_RISK_CAP(2.0%)+MAXLOSS_CAP;213413.24;213421.13;33;0
2026.08.07 01:12:44;XAUUSD;5;1786059407;PROFIT_RATCHET_LOCKED;floor=3.58 peak=8.43;MANAGE_PROFIT;SAFE;1;0;1;-1;-1;4248.35;7.89;7.89;8.43;-8.97;KELLY_LITE;true;0.04;213407.48;0.0417;KELLY_LITE(mult=1.00 taper=1.00 n=2)+CONSEC_REDUCE(0.50)+HARD_RISK_CAP(2.0%)+MAXLOSS_CAP;213413.24;213421.13;36;0
2026.08.07 01:12:44;XAUUSD;5;1786059407;PROFIT_RATCHET_LOCKED;floor=3.58 peak=8.43;MANAGE_PROFIT;SAFE;1;0;1;-1;-1;4248.35;7.74;7.74;8.43;-8.97;KELLY_LITE;true;0.04;213407.48;0.0417;KELLY_LITE(mult=1.00 taper=1.00 n=2)+CONSEC_REDUCE(0.50)+HARD_RISK_CAP(2.0%)+MAXLOSS_CAP;213413.24;213420.98;36;0
2026.08.07 01:12:45;XAUUSD;5;1786059407;PROFIT_RATCHET_LOCKED;floor=3.58 peak=8.43;MANAGE_PROFIT;SAFE;1;0;1;-1;-1;4248.35;7.71;7.71;8.43;-8.97;KELLY_LITE;true;0.04;213407.48;0.0417;KELLY_LITE(mult=1.00 taper=1.00 n=2)+CONSEC_REDUCE(0.50)+HARD_RISK_CAP(2.0%)+MAXLOSS_CAP;213413.24;213420.95;36;0
2026.08.07 01:12:46;XAUUSD;5;1786059407;PROFIT_RATCHET_LOCKED;floor=3.58 peak=8.43;MANAGE_PROFIT;SAFE;1;0;1;-1;-1;4248.35;7.74;7.74;8.43;-8.97;KELLY_LITE;true;0.04;213407.48;0.0417;KELLY_LITE(mult=1.00 taper=1.00 n=2)+CONSEC_REDUCE(0.50)+HARD_RISK_CAP(2.0%)+MAXLOSS_CAP;213413.24;213420.98;36;0
2026.08.07 01:12:47;XAUUSD;5;1786059407;PROFIT_RATCHET_LOCKED;floor=3.58 peak=8.43;MANAGE_PROFIT;SAFE;1;0;1;-1;-1;4248.35;7.62;7.62;8.43;-8.97;KELLY_LITE;true;0.04;213407.48;0.0417;KELLY_LITE(mult=1.00 taper=1.00 n=2)+CONSEC_REDUCE(0.50)+HARD_RISK_CAP(2.0%)+MAXLOSS_CAP;213413.24;213420.86;36;0
2026.08.07 01:12:47;XAUUSD;5;1786059407;PROFIT_RATCHET_LOCKED;floor=3.58 peak=8.43;MANAGE_PROFIT;SAFE;1;0;1;-1;-1;4248.35;7.74;7.74;8.43;-8.97;KELLY_LITE;true;0.04;213407.48;0.0417;KELLY_LITE(mult=1.00 taper=1.00 n=2)+CONSEC_REDUCE(0.50)+HARD_RISK_CAP(2.0%)+MAXLOSS_CAP;213413.24;213420.98;36;0
2026.08.07 01:12:48;XAUUSD;5;1786059407;PROFIT_RATCHET_LOCKED;floor=3.58 peak=8.43;MANAGE_PROFIT;SAFE;1;0;1;-1;-1;4248.35;7.89;7.89;8.43;-8.97;KELLY_LITE;true;0.04;213407.48;0.0417;KELLY_LITE(mult=1.00 taper=1.00 n=2)+CONSEC_REDUCE(0.50)+HARD_RISK_CAP(2.0%)+MAXLOSS_CAP;213413.24;213421.13;36;0
2026.08.07 01:12:48;XAUUSD;5;1786059407;PROFIT_RATCHET_LOCKED;floor=3.58 peak=8.43;MANAGE_PROFIT;SAFE;1;0;1;-1;-1;4248.35;7.92;7.92;8.43;-8.97;KELLY_LITE;true;0.04;213407.48;0.0417;KELLY_LITE(mult=1.00 taper=1.00 n=2)+CONSEC_REDUCE(0.50)+HARD_RISK_CAP(2.0%)+MAXLOSS_CAP;213413.24;213421.16;36;0
2026.08.07 01:12:48;XAUUSD;5;1786059407;PROFIT_RATCHET_LOCKED;floor=3.58 peak=8.43;MANAGE_PROFIT;SAFE;1;0;1;-1;-1;4248.35;7.95;7.95;8.43;-8.97;KELLY_LITE;true;0.04;213407.48;0.0417;KELLY_LITE(mult=1.00 taper=1.00 n=2)+CONSEC_REDUCE(0.50)+HARD_RISK_CAP(2.0%)+MAXLOSS_CAP;213413.24;213421.19;36;0
2026.08.07 01:12:48;XAUUSD;5;1786059407;PROFIT_RATCHET_LOCKED;floor=3.58 peak=8.43;MANAGE_PROFIT;SAFE;1;0;1;-1;-1;4248.35;7.89;7.89;8.43;-8.97;KELLY_LITE;true;0.04;213407.48;0.0417;KELLY_LITE(mult=1.00 taper=1.00 n=2)+CONSEC_REDUCE(0.50)+HARD_RISK_CAP(2.0%)+MAXLOSS_CAP;213413.24;213421.13;36;0
2026.08.07 01:12:49;XAUUSD;5;1786059407;PROFIT_RATCHET_LOCKED;floor=3.58 peak=8.43;MANAGE_PROFIT;SAFE;1;0;1;-1;-1;4248.35;7.95;7.95;8.43;-8.97;KELLY_LITE;true;0.04;213407.48;0.0417;KELLY_LITE(mult=1.00 taper=1.00 n=2)+CONSEC_REDUCE(0.50)+HARD_RISK_CAP(2.0%)+MAXLOSS_CAP;213413.24;213421.19;36;0
2026.08.07 01:12:49;XAUUSD;5;1786059407;PROFIT_RATCHET_LOCKED;floor=3.58 peak=8.43;MANAGE_PROFIT;SAFE;1;0;1;-1;-1;4248.35;8.04;8.04;8.43;-8.97;KELLY_LITE;true;0.04;213407.48;0.0417;KELLY_LITE(mult=1.00 taper=1.00 n=2)+CONSEC_REDUCE(0.50)+HARD_RISK_CAP(2.0%)+MAXLOSS_CAP;213413.24;213421.28;36;0
2026.08.07 01:12:50;XAUUSD;5;1786059407;PROFIT_RATCHET_LOCKED;floor=3.58 peak=8.43;MANAGE_PROFIT;SAFE;1;0;1;-1;-1;4248.35;8.07;8.07;8.43;-8.97;KELLY_LITE;true;0.04;213407.48;0.0417;KELLY_LITE(mult=1.00 taper=1.00 n=2)+CONSEC_REDUCE(0.50)+HARD_RISK_CAP(2.0%)+MAXLOSS_CAP;213413.24;213421.31;36;0
2026.08.07 01:12:51;XAUUSD;5;1786059407;PROFIT_RATCHET_LOCKED;floor=3.58 peak=8.43;MANAGE_PROFIT;SAFE;1;0;1;-1;-1;4248.35;8.04;8.04;8.43;-8.97;KELLY_LITE;true;0.04;213407.48;0.0417;KELLY_LITE(mult=1.00 taper=1.00 n=2)+CONSEC_REDUCE(0.50)+HARD_RISK_CAP(2.0%)+MAXLOSS_CAP;213413.24;213421.28;36;0
2026.08.07 01:12:51;XAUUSD;5;1786059407;PROFIT_RATCHET_LOCKED;floor=3.58 peak=8.43;MANAGE_PROFIT;SAFE;1;0;1;-1;-1;4248.35;8.10;8.10;8.43;-8.97;KELLY_LITE;true;0.04;213407.48;0.0417;KELLY_LITE(mult=1.00 taper=1.00 n=2)+CONSEC_REDUCE(0.50)+HARD_RISK_CAP(2.0%)+MAXLOSS_CAP;213413.24;213421.34;36;0
2026.08.07 01:12:51;XAUUSD;5;1786059407;PROFIT_RATCHET_LOCKED;floor=3.58 peak=8.43;MANAGE_PROFIT;SAFE;1;0;1;-1;-1;4248.35;8.04;8.04;8.43;-8.97;KELLY_LITE;true;0.04;213407.48;0.0417;KELLY_LITE(mult=1.00 taper=1.00 n=2)+CONSEC_REDUCE(0.50)+HARD_RISK_CAP(2.0%)+MAXLOSS_CAP;213413.24;213421.28;36;0
2026.08.07 01:12:51;XAUUSD;5;1786059407;PROFIT_RATCHET_LOCKED;floor=3.58 peak=8.43;MANAGE_PROFIT;SAFE;1;0;1;-1;-1;4248.35;8.01;8.01;8.43;-8.97;KELLY_LITE;true;0.04;213407.48;0.0417;KELLY_LITE(mult=1.00 taper=1.00 n=2)+CONSEC_REDUCE(0.50)+HARD_RISK_CAP(2.0%)+MAXLOSS_CAP;213413.24;213421.25;36;0
2026.08.07 01:12:53;XAUUSD;5;1786059407;PROFIT_RATCHET_LOCKED;floor=3.58 peak=8.43;MANAGE_PROFIT;SAFE;1;0;1;-1;-1;4248.35;8.25;8.25;8.43;-8.97;KELLY_LITE;true;0.04;213407.48;0.0417;KELLY_LITE(mult=1.00 taper=1.00 n=2)+CONSEC_REDUCE(0.50)+HARD_RISK_CAP(2.0%)+MAXLOSS_CAP;213413.24;213421.49;36;0
2026.08.07 01:12:53;XAUUSD;5;1786059407;PROFIT_RATCHET_LOCKED;floor=3.58 peak=8.43;MANAGE_PROFIT;SAFE;1;0;1;-1;-1;4248.35;7.86;7.86;8.43;-8.97;KELLY_LITE;true;0.04;213407.48;0.0417;KELLY_LITE(mult=1.00 taper=1.00 n=2)+CONSEC_REDUCE(0.50)+HARD_RISK_CAP(2.0%)+MAXLOSS_CAP;213413.24;213421.10;33;0
2026.08.07 01:12:53;XAUUSD;5;1786059407;PROFIT_RATCHET_LOCKED;floor=3.58 peak=8.43;MANAGE_PROFIT;SAFE;1;0;1;-1;-1;4248.35;7.17;7.17;8.43;-8.97;KELLY_LITE;true;0.04;213407.48;0.0417;KELLY_LITE(mult=1.00 taper=1.00 n=2)+CONSEC_REDUCE(0.50)+HARD_RISK_CAP(2.0%)+MAXLOSS_CAP;213413.24;213420.41;37;0
2026.08.07 01:12:53;XAUUSD;5;1786059407;EXIT_TIERED_TRAIL;profit=6.84 peak=8.43 allowedRetrace=1.26;MANAGE_PROFIT;SAFE;1;0;1;-1;-1;4248.35;6.84;6.84;8.43;-8.97;KELLY_LITE;true;0.04;213407.48;0.0417;KELLY_LITE(mult=1.00 taper=1.00 n=2)+CONSEC_REDUCE(0.50)+HARD_RISK_CAP(2.0%)+MAXLOSS_CAP;213413.24;213420.08;36;0
2026.08.07 01:12:54;XAUUSD;5;1786059407;POSITION_CLOSED;ticket=118127156 reason=tiered_profit_trail lots=0.03 price=4246.07 pnl=6.84;MANAGE_PROFIT;SAFE;0;0;1;-1;-1;4248.35;0.00;0.00;8.43;-8.97;KELLY_LITE;true;0.04;213407.48;0.0417;KELLY_LITE(mult=1.00 taper=1.00 n=2)+CONSEC_REDUCE(0.50)+HARD_RISK_CAP(2.0%)+MAXLOSS_CAP;213420.08;213420.08;36;0
2026.08.07 01:12:55;XAUUSD;5;1786059407;CYCLE_RESET;oldState=RESET realizedPnL=6.84 peak=8.43 worst=-8.97 pyramid=0 consLosses=0;RESET;SAFE;0;0;0;-1;-1;4248.35;0.00;0.00;8.43;-8.97;KELLY_LITE;true;0.04;213407.48;0.0417;KELLY_LITE(mult=1.00 taper=1.00 n=2)+CONSEC_REDUCE(0.50)+HARD_RISK_CAP(2.0%)+MAXLOSS_CAP;213420.08;213420.08;36;0
2026.08.07 01:17:55;XAUUSD;5;1786059408;PLACE_PENDING_START;cycle=1786059408 trend=1 consecLosses=0 preset=AGGRESSIVE;PLACE_PENDING;SAFE;0;0;0;-1;-1;0.00;0.00;0.00;0.00;0.00;KELLY_LITE;true;0.04;213407.48;0.0417;KELLY_LITE(mult=1.00 taper=1.00 n=2)+CONSEC_REDUCE(0.50)+HARD_RISK_CAP(2.0%)+MAXLOSS_CAP;213420.08;213420.08;36;0
2026.08.07 01:17:55;XAUUSD;5;1786059408;DIR_OCO_PLACED;dir=BULL ticket=118129579 price=4245.20 sl=4230.20 tp=4267.70 lot=0.04 dist=1.50;PLACE_PENDING;SAFE;0;1;0;118129579;-1;0.00;0.00;0.00;0.00;0.00;KELLY_LITE;true;0.04;213420.08;0.0417;KELLY_LITE(mult=1.00 taper=1.00 n=4)+HARD_RISK_CAP(2.0%)+MAXLOSS_CAP;213420.08;213420.08;36;0
2026.08.07 01:17:56;XAUUSD;5;1786059408;DIR_OCO_COUNTER_PLACED;dir=BEAR(counter) ticket=118129581 price=4241.83 lot=0.03;PLACE_PENDING;SAFE;0;2;0;118129579;118129581;0.00;0.00;0.00;0.00;0.00;KELLY_LITE;true;0.04;213420.08;0.0417;KELLY_LITE(mult=1.00 taper=1.00 n=4)+HARD_RISK_CAP(2.0%)+MAXLOSS_CAP;213420.08;213420.08;36;0
2026.08.07 01:18:06;XAUUSD;5;1786059408;BUY_STOP_TRAILED;Old=4245.20 New=4244.89;WAIT_TRIGGER;SAFE;0;2;0;118129579;118129581;0.00;0.00;0.00;0.00;0.00;KELLY_LITE;true;0.04;213420.08;0.0417;KELLY_LITE(mult=1.00 taper=1.00 n=4)+HARD_RISK_CAP(2.0%)+MAXLOSS_CAP;213420.08;213420.08;36;0
2026.08.07 01:18:07;XAUUSD;5;1786059408;BUY_STOP_TRAILED;Old=4244.89 New=4244.52;WAIT_TRIGGER;SAFE;0;2;0;118129579;118129581;0.00;0.00;0.00;0.00;0.00;KELLY_LITE;true;0.04;213420.08;0.0417;KELLY_LITE(mult=1.00 taper=1.00 n=4)+HARD_RISK_CAP(2.0%)+MAXLOSS_CAP;213420.08;213420.08;36;0
2026.08.07 01:18:19;XAUUSD;5;1786059408;BUY_STOP_TRAILED;Old=4244.52 New=4244.18;WAIT_TRIGGER;SAFE;0;2;0;118129579;118129581;0.00;0.00;0.00;0.00;0.00;KELLY_LITE;true;0.04;213420.08;0.0417;KELLY_LITE(mult=1.00 taper=1.00 n=4)+HARD_RISK_CAP(2.0%)+MAXLOSS_CAP;213420.08;213420.08;36;0
2026.08.07 01:18:29;XAUUSD;5;1786059408;BUY_STOP_TRAILED;Old=4244.18 New=4243.82;WAIT_TRIGGER;SAFE;1;1;0;118129579;118129581;0.00;-0.15;-0.15;0.00;0.00;KELLY_LITE;true;0.04;213420.08;0.0417;KELLY_LITE(mult=1.00 taper=1.00 n=4)+HARD_RISK_CAP(2.0%)+MAXLOSS_CAP;213420.08;213419.93;36;0
2026.08.07 01:18:29;XAUUSD;5;1786059408;OCO_TRIGGERED_SELL;ticket=118129581 entry=4241.83;POSITION_ACTIVE;SAFE;1;1;0;118129579;-1;0.00;-0.15;-0.15;0.00;0.00;KELLY_LITE;true;0.04;213420.08;0.0417;KELLY_LITE(mult=1.00 taper=1.00 n=4)+HARD_RISK_CAP(2.0%)+MAXLOSS_CAP;213420.08;213419.93;36;0
2026.08.07 01:18:29;XAUUSD;5;1786059408;OPPOSITE_TRAIL_ARMED;opposite_ticket=118129579 will trail price;POSITION_ACTIVE;SAFE;1;1;0;118129579;-1;0.00;-0.15;-0.15;0.00;0.00;KELLY_LITE;true;0.04;213420.08;0.0417;KELLY_LITE(mult=1.00 taper=1.00 n=4)+HARD_RISK_CAP(2.0%)+MAXLOSS_CAP;213420.08;213419.93;36;0
2026.08.07 01:19:06;XAUUSD;5;1786059408;OPPOSITE_PENDING_TRAILED;BUY_STOP trailed DOWN: ticket=118129579 old=4243.82 new=4243.51 dist=1.82;MANAGE_PROFIT;SAFE;1;1;1;-1;-1;4241.83;0.48;0.48;0.18;-2.64;KELLY_LITE;true;0.04;213420.08;0.0417;KELLY_LITE(mult=1.00 taper=1.00 n=4)+HARD_RISK_CAP(2.0%)+MAXLOSS_CAP;213420.08;213420.56;36;0
2026.08.07 01:20:26;XAUUSD;5;1786059408;REVERSAL_CHASER_TRIGGERED_FLIP;newDir=BULL ticket=118129579 entry=4243.51 lot=0.04;MANAGE_PROFIT;SAFE;2;0;1;-1;-1;4241.83;-6.47;-5.07;0.78;-4.92;KELLY_LITE;true;0.04;213420.08;0.0417;KELLY_LITE(mult=1.00 taper=1.00 n=4)+HARD_RISK_CAP(2.0%)+MAXLOSS_CAP;213420.08;213413.61;36;0
2026.08.07 01:20:27;XAUUSD;5;1786059408;POSITION_CLOSED;ticket=118129581 reason=reversal_chaser_flip lots=0.03 price=4243.52 pnl=-5.07;MANAGE_PROFIT;SAFE;1;0;1;-1;-1;4241.83;-1.48;-1.48;0.78;-4.92;KELLY_LITE;true;0.04;213420.08;0.0417;KELLY_LITE(mult=1.00 taper=1.00 n=4)+HARD_RISK_CAP(2.0%)+MAXLOSS_CAP;213415.07;213413.59;36;0
2026.08.07 01:20:27;XAUUSD;5;1786059408;CYCLE_RESET;oldState=MANAGE_PROFIT realizedPnL=-5.01 peak=0.78 worst=-4.92 pyramid=1 consLosses=1 reason=chaser_flip;MANAGE_PROFIT;SAFE;1;0;1;-1;-1;4241.83;-1.48;-1.48;0.78;-4.92;KELLY_LITE;true;0.04;213420.08;0.0417;KELLY_LITE(mult=1.00 taper=1.00 n=4)+HARD_RISK_CAP(2.0%)+MAXLOSS_CAP;213415.07;213413.59;36;0
2026.08.07 01:24:56;XAUUSD;5;1786059409;RECONCILED_BROKER_CLOSE;ticket=118129579 type=main pnl=-16.00;MANAGE_PROFIT;SAFE;0;0;1;-1;-1;4243.51;0.00;0.00;7.56;-16.00;KELLY_LITE;true;0.04;213420.08;0.0417;KELLY_LITE(mult=1.00 taper=1.00 n=4)+HARD_RISK_CAP(2.0%)+MAXLOSS_CAP;213399.07;213399.07;36;0
2026.08.07 01:24:56;XAUUSD;5;1786059409;CYCLE_RESET;oldState=MANAGE_PROFIT realizedPnL=-21.01 peak=7.56 worst=-16.00 pyramid=1 consLosses=2;MANAGE_PROFIT;SAFE;0;0;1;-1;-1;4243.51;0.00;0.00;7.56;-16.00;KELLY_LITE;true;0.04;213420.08;0.0417;KELLY_LITE(mult=1.00 taper=1.00 n=4)+HARD_RISK_CAP(2.0%)+MAXLOSS_CAP;213399.07;213399.07;36;0
2026.08.07 01:29:56;XAUUSD;5;1786059410;PLACE_PENDING_START;cycle=1786059410 trend=1 consecLosses=2 preset=AGGRESSIVE;PLACE_PENDING;SAFE;0;0;0;-1;-1;0.00;0.00;0.00;0.00;0.00;KELLY_LITE;true;0.04;213420.08;0.0417;KELLY_LITE(mult=1.00 taper=1.00 n=4)+HARD_RISK_CAP(2.0%)+MAXLOSS_CAP;213399.07;213399.07;36;0
2026.08.07 01:29:56;XAUUSD;5;1786059410;DIR_OCO_PLACED;dir=BULL ticket=118130493 price=4245.82 sl=4230.82 tp=4268.32 lot=0.04 dist=1.50;PLACE_PENDING;SAFE;0;1;0;118130493;-1;0.00;0.00;0.00;0.00;0.00;KELLY_LITE;true;0.04;213399.07;0.0417;KELLY_LITE(mult=0.90 taper=1.00 n=6)+CONSEC_REDUCE(0.50)+HARD_RISK_CAP(2.0%)+MAXLOSS_CAP;213399.07;213399.07;36;0
2026.08.07 01:29:57;XAUUSD;5;1786059410;DIR_OCO_COUNTER_PLACED;dir=BEAR(counter) ticket=118130494 price=4242.47 lot=0.03;PLACE_PENDING;SAFE;0;2;0;118130493;118130494;0.00;0.00;0.00;0.00;0.00;KELLY_LITE;true;0.04;213399.07;0.0417;KELLY_LITE(mult=0.90 taper=1.00 n=6)+CONSEC_REDUCE(0.50)+HARD_RISK_CAP(2.0%)+MAXLOSS_CAP;213399.07;213399.07;35;0
2026.08.07 01:30:02;XAUUSD;5;1786059410;BUY_STOP_TRAILED;Old=4245.82 New=4245.29;WAIT_TRIGGER;SAFE;0;2;0;118130493;118130494;0.00;0.00;0.00;0.00;0.00;KELLY_LITE;true;0.04;213399.07;0.0417;KELLY_LITE(mult=0.90 taper=1.00 n=6)+CONSEC_REDUCE(0.50)+HARD_RISK_CAP(2.0%)+MAXLOSS_CAP;213399.07;213399.07;36;0
2026.08.07 01:30:04;XAUUSD;5;1786059410;BUY_STOP_TRAILED;Old=4245.29 New=4244.94;WAIT_TRIGGER;SAFE;0;2;0;118130493;118130494;0.00;0.00;0.00;0.00;0.00;KELLY_LITE;true;0.04;213399.07;0.0417;KELLY_LITE(mult=0.90 taper=1.00 n=6)+CONSEC_REDUCE(0.50)+HARD_RISK_CAP(2.0%)+MAXLOSS_CAP;213399.07;213399.07;36;0
2026.08.07 01:30:04;XAUUSD;5;1786059410;BUY_STOP_TRAILED;Old=4244.94 New=4244.62;WAIT_TRIGGER;SAFE;0;2;0;118130493;118130494;0.00;0.00;0.00;0.00;0.00;KELLY_LITE;true;0.04;213399.07;0.0417;KELLY_LITE(mult=0.90 taper=1.00 n=6)+CONSEC_REDUCE(0.50)+HARD_RISK_CAP(2.0%)+MAXLOSS_CAP;213399.07;213399.07;36;0
2026.08.07 01:30:05;XAUUSD;5;1786059410;OCO_TRIGGERED_SELL;ticket=118130494 entry=4242.47;POSITION_ACTIVE;SAFE;1;1;0;118130493;-1;0.00;-0.60;-0.60;0.00;0.00;KELLY_LITE;true;0.04;213399.07;0.0417;KELLY_LITE(mult=0.90 taper=1.00 n=6)+CONSEC_REDUCE(0.50)+HARD_RISK_CAP(2.0%)+MAXLOSS_CAP;213399.07;213398.47;33;0
2026.08.07 01:30:05;XAUUSD;5;1786059410;OPPOSITE_TRAIL_ARMED;opposite_ticket=118130493 will trail price;POSITION_ACTIVE;SAFE;1;1;0;118130493;-1;0.00;-0.60;-0.60;0.00;0.00;KELLY_LITE;true;0.04;213399.07;0.0417;KELLY_LITE(mult=0.90 taper=1.00 n=6)+CONSEC_REDUCE(0.50)+HARD_RISK_CAP(2.0%)+MAXLOSS_CAP;213399.07;213398.47;33;0
2026.08.07 01:30:15;XAUUSD;5;1786059410;OPPOSITE_PENDING_TRAILED;BUY_STOP trailed DOWN: ticket=118130493 old=4244.62 new=4244.21 dist=2.24;MANAGE_PROFIT;SAFE;1;1;1;-1;-1;4242.47;1.80;1.80;1.17;-1.05;KELLY_LITE;true;0.04;213399.07;0.0417;KELLY_LITE(mult=0.90 taper=1.00 n=6)+CONSEC_REDUCE(0.50)+HARD_RISK_CAP(2.0%)+MAXLOSS_CAP;213399.07;213400.87;36;0
2026.08.07 01:30:16;XAUUSD;5;1786059410;OPPOSITE_PENDING_TRAILED;BUY_STOP trailed DOWN: ticket=118130493 old=4244.21 new=4243.69 dist=2.26;MANAGE_PROFIT;SAFE;1;1;1;-1;-1;4242.47;3.39;3.39;1.80;-1.05;KELLY_LITE;true;0.04;213399.07;0.0417;KELLY_LITE(mult=0.90 taper=1.00 n=6)+CONSEC_REDUCE(0.50)+HARD_RISK_CAP(2.0%)+MAXLOSS_CAP;213399.07;213402.46;36;0
2026.08.07 01:33:32;XAUUSD;5;1786059410;OPPOSITE_PENDING_TRAILED;BUY_STOP trailed DOWN: ticket=118130493 old=4243.69 new=4243.36 dist=2.28;MANAGE_PROFIT;SAFE;1;1;1;-1;-1;4242.47;4.26;4.26;4.02;-1.68;KELLY_LITE;true;0.04;213399.07;0.0417;KELLY_LITE(mult=0.90 taper=1.00 n=6)+CONSEC_REDUCE(0.50)+HARD_RISK_CAP(2.0%)+MAXLOSS_CAP;213399.07;213403.33;36;0
2026.08.07 01:33:38;XAUUSD;5;1786059410;OPPOSITE_PENDING_TRAILED;BUY_STOP trailed DOWN: ticket=118130493 old=4243.36 new=4243.00 dist=2.30;MANAGE_PROFIT;SAFE;1;1;1;-1;-1;4242.47;5.43;5.43;4.77;-1.68;KELLY_LITE;true;0.04;213399.07;0.0417;KELLY_LITE(mult=0.90 taper=1.00 n=6)+CONSEC_REDUCE(0.50)+HARD_RISK_CAP(2.0%)+MAXLOSS_CAP;213399.07;213404.50;36;0
2026.08.07 01:35:46;XAUUSD;5;1786059410;OPPOSITE_PENDING_TRAILED;BUY_STOP trailed DOWN: ticket=118130493 old=4243.00 new=4242.67 dist=2.26;MANAGE_PROFIT;SAFE;1;1;1;-1;-1;4242.47;6.48;6.48;5.82;-1.68;KELLY_LITE;true;0.04;213399.07;0.0417;KELLY_LITE(mult=0.90 taper=1.00 n=6)+CONSEC_REDUCE(0.50)+HARD_RISK_CAP(2.0%)+MAXLOSS_CAP;213399.07;213405.55;36;0
2026.08.07 01:35:50;XAUUSD;5;1786059410;OPPOSITE_PENDING_TRAILED;BUY_STOP trailed DOWN: ticket=118130493 old=4242.67 new=4242.35 dist=2.28;MANAGE_PROFIT;SAFE;1;1;1;-1;-1;4242.47;6.57;6.57;6.48;-1.68;KELLY_LITE;true;0.04;213399.07;0.0417;KELLY_LITE(mult=0.90 taper=1.00 n=6)+CONSEC_REDUCE(0.50)+HARD_RISK_CAP(2.0%)+MAXLOSS_CAP;213399.07;213405.64;35;0
2026.08.07 01:35:55;XAUUSD;5;1786059410;OPPOSITE_PENDING_TRAILED;BUY_STOP trailed DOWN: ticket=118130493 old=4242.35 new=4242.02 dist=2.29;MANAGE_PROFIT;SAFE;1;1;1;-1;-1;4242.47;7.92;7.92;7.32;-1.68;KELLY_LITE;true;0.04;213399.07;0.0417;KELLY_LITE(mult=0.90 taper=1.00 n=6)+CONSEC_REDUCE(0.50)+HARD_RISK_CAP(2.0%)+MAXLOSS_CAP;213399.07;213406.99;36;0
2026.08.07 01:35:56;XAUUSD;5;1786059410;SL_MODIFIED;ticket=118130494 oldSL=4257.47 newSL=4240.24 reason=break_even_lock_leg_0;MANAGE_PROFIT;SAFE;1;1;1;-1;-1;4242.47;8.31;8.31;8.25;-1.68;KELLY_LITE;true;0.04;213399.07;0.0417;KELLY_LITE(mult=0.90 taper=1.00 n=6)+CONSEC_REDUCE(0.50)+HARD_RISK_CAP(2.0%)+MAXLOSS_CAP;213399.07;213407.38;36;0
2026.08.07 01:35:56;XAUUSD;5;1786059410;PROFIT_RATCHET_LOCKED;floor=3.51 peak=8.25;MANAGE_PROFIT;SAFE;1;1;1;-1;-1;4242.47;8.31;8.31;8.25;-1.68;KELLY_LITE;true;0.04;213399.07;0.0417;KELLY_LITE(mult=0.90 taper=1.00 n=6)+CONSEC_REDUCE(0.50)+HARD_RISK_CAP(2.0%)+MAXLOSS_CAP;213399.07;213407.38;36;0
2026.08.07 01:35:56;XAUUSD;5;1786059410;PROFIT_RATCHET_LOCKED;floor=3.53 peak=8.31;MANAGE_PROFIT;SAFE;1;1;1;-1;-1;4242.47;8.31;8.31;8.31;-1.68;KELLY_LITE;true;0.04;213399.07;0.0417;KELLY_LITE(mult=0.90 taper=1.00 n=6)+CONSEC_REDUCE(0.50)+HARD_RISK_CAP(2.0%)+MAXLOSS_CAP;213399.07;213407.38;36;0
2026.08.07 01:35:56;XAUUSD;5;1786059410;SL_MODIFY_FAILED;ticket=118130494 newSL=4240.02 reason=break_even_lock_leg_0 err=0;MANAGE_PROFIT;SAFE;1;1;1;-1;-1;4242.47;7.50;7.50;8.91;-1.68;KELLY_LITE;true;0.04;213399.07;0.0417;KELLY_LITE(mult=0.90 taper=1.00 n=6)+CONSEC_REDUCE(0.50)+HARD_RISK_CAP(2.0%)+MAXLOSS_CAP;213399.07;213406.57;36;0
2026.08.07 01:35:56;XAUUSD;5;1786059410;PROFIT_RATCHET_LOCKED;floor=3.79 peak=8.91;MANAGE_PROFIT;SAFE;1;1;1;-1;-1;4242.47;7.50;7.50;8.91;-1.68;KELLY_LITE;true;0.04;213399.07;0.0417;KELLY_LITE(mult=0.90 taper=1.00 n=6)+CONSEC_REDUCE(0.50)+HARD_RISK_CAP(2.0%)+MAXLOSS_CAP;213399.07;213406.57;36;0
2026.08.07 01:35:56;XAUUSD;5;1786059410;EXIT_TIERED_TRAIL;profit=7.50 peak=8.91 allowedRetrace=1.34;MANAGE_PROFIT;SAFE;1;1;1;-1;-1;4242.47;7.50;7.50;8.91;-1.68;KELLY_LITE;true;0.04;213399.07;0.0417;KELLY_LITE(mult=0.90 taper=1.00 n=6)+CONSEC_REDUCE(0.50)+HARD_RISK_CAP(2.0%)+MAXLOSS_CAP;213399.07;213406.57;36;0
2026.08.07 01:35:57;XAUUSD;5;1786059410;POSITION_CLOSED;ticket=118130494 reason=tiered_profit_trail lots=0.03 price=4239.97 pnl=7.50;MANAGE_PROFIT;SAFE;0;1;1;-1;-1;4242.47;0.00;0.00;8.91;-1.68;KELLY_LITE;true;0.04;213399.07;0.0417;KELLY_LITE(mult=0.90 taper=1.00 n=6)+CONSEC_REDUCE(0.50)+HARD_RISK_CAP(2.0%)+MAXLOSS_CAP;213406.60;213406.60;36;0
2026.08.07 01:35:57;XAUUSD;5;1786059410;PENDING_DELETED;ticket=118130493 reason=close_all_cleanup;MANAGE_PROFIT;SAFE;0;0;1;-1;-1;4242.47;0.00;0.00;8.91;-1.68;KELLY_LITE;true;0.04;213399.07;0.0417;KELLY_LITE(mult=0.90 taper=1.00 n=6)+CONSEC_REDUCE(0.50)+HARD_RISK_CAP(2.0%)+MAXLOSS_CAP;213406.60;213406.60;36;0
2026.08.07 01:35:57;XAUUSD;5;1786059410;CYCLE_RESET;oldState=RESET realizedPnL=7.53 peak=8.91 worst=-1.68 pyramid=0 consLosses=0;RESET;SAFE;0;0;0;-1;-1;4242.47;0.00;0.00;8.91;-1.68;KELLY_LITE;true;0.04;213399.07;0.0417;KELLY_LITE(mult=0.90 taper=1.00 n=6)+CONSEC_REDUCE(0.50)+HARD_RISK_CAP(2.0%)+MAXLOSS_CAP;213406.60;213406.60;36;0
2026.08.07 01:40:57;XAUUSD;5;1786059410;FILTER_BLOCK_TREND;TREND_NEUTRAL_EMA;BLOCKED;SAFE;0;0;0;-1;-1;0.00;0.00;0.00;0.00;0.00;KELLY_LITE;true;0.04;213399.07;0.0417;KELLY_LITE(mult=0.90 taper=1.00 n=6)+CONSEC_REDUCE(0.50)+HARD_RISK_CAP(2.0%)+MAXLOSS_CAP;213406.60;213406.60;33;0
2026.08.07 01:45:57;XAUUSD;5;1786059410;FILTER_BLOCK_TREND;TREND_NEUTRAL_EMA;BLOCKED;SAFE;0;0;0;-1;-1;0.00;0.00;0.00;0.00;0.00;KELLY_LITE;true;0.04;213399.07;0.0417;KELLY_LITE(mult=0.90 taper=1.00 n=6)+CONSEC_REDUCE(0.50)+HARD_RISK_CAP(2.0%)+MAXLOSS_CAP;213406.60;213406.60;36;0
2026.08.07 01:50:57;XAUUSD;5;1786059411;PLACE_PENDING_START;cycle=1786059411 trend=-1 consecLosses=0 preset=AGGRESSIVE;PLACE_PENDING;SAFE;0;0;0;-1;-1;0.00;0.00;0.00;0.00;0.00;KELLY_LITE;true;0.04;213399.07;0.0417;KELLY_LITE(mult=0.90 taper=1.00 n=6)+CONSEC_REDUCE(0.50)+HARD_RISK_CAP(2.0%)+MAXLOSS_CAP;213406.60;213406.60;36;0
2026.08.07 01:50:57;XAUUSD;5;1786059411;DIR_OCO_PLACED;dir=BEAR ticket=118132683 price=4232.64 sl=4247.64 tp=4210.14 lot=0.04 dist=1.83;PLACE_PENDING;SAFE;0;1;0;-1;118132683;0.00;0.00;0.00;0.00;0.00;KELLY_LITE;true;0.04;213406.60;0.0417;KELLY_LITE(mult=0.95 taper=1.00 n=7)+HARD_RISK_CAP(2.0%)+MAXLOSS_CAP;213406.60;213406.60;36;0
2026.08.07 01:50:58;XAUUSD;5;1786059411;DIR_OCO_COUNTER_PLACED;dir=BULL(counter) ticket=118132685 price=4236.65 lot=0.03;PLACE_PENDING;SAFE;0;2;0;118132685;118132683;0.00;0.00;0.00;0.00;0.00;KELLY_LITE;true;0.04;213406.60;0.0417;KELLY_LITE(mult=0.95 taper=1.00 n=7)+HARD_RISK_CAP(2.0%)+MAXLOSS_CAP;213406.60;213406.60;36;0
2026.08.07 01:51:07;XAUUSD;5;1786059411;BUY_STOP_TRAILED;Old=4236.65 New=4236.03;WAIT_TRIGGER;SAFE;0;2;0;118132685;118132683;0.00;0.00;0.00;0.00;0.00;KELLY_LITE;true;0.04;213406.60;0.0417;KELLY_LITE(mult=0.95 taper=1.00 n=7)+HARD_RISK_CAP(2.0%)+MAXLOSS_CAP;213406.60;213406.60;36;0
2026.08.07 01:51:08;XAUUSD;5;1786059411;BUY_STOP_TRAILED;Old=4236.03 New=4235.64;WAIT_TRIGGER;SAFE;0;2;0;118132685;118132683;0.00;0.00;0.00;0.00;0.00;KELLY_LITE;true;0.04;213406.60;0.0417;KELLY_LITE(mult=0.95 taper=1.00 n=7)+HARD_RISK_CAP(2.0%)+MAXLOSS_CAP;213406.60;213406.60;36;0
2026.08.07 01:51:11;XAUUSD;5;1786059411;BUY_STOP_TRAILED;Old=4235.64 New=4235.26;WAIT_TRIGGER;SAFE;0;2;0;118132685;118132683;0.00;0.00;0.00;0.00;0.00;KELLY_LITE;true;0.04;213406.60;0.0417;KELLY_LITE(mult=0.95 taper=1.00 n=7)+HARD_RISK_CAP(2.0%)+MAXLOSS_CAP;213406.60;213406.60;36;0
2026.08.07 01:52:56;XAUUSD;5;1786059411;OCO_TRIGGERED_BUY;ticket=118132685 entry=4235.26;POSITION_ACTIVE;SAFE;1;1;0;-1;118132683;0.00;-1.11;-1.11;0.00;0.00;KELLY_LITE;true;0.04;213406.60;0.0417;KELLY_LITE(mult=0.95 taper=1.00 n=7)+HARD_RISK_CAP(2.0%)+MAXLOSS_CAP;213406.60;213405.49;37;0
2026.08.07 01:52:56;XAUUSD;5;1786059411;OPPOSITE_TRAIL_ARMED;opposite_ticket=118132683 will trail price;POSITION_ACTIVE;SAFE;1;1;0;-1;118132683;0.00;-1.11;-1.11;0.00;0.00;KELLY_LITE;true;0.04;213406.60;0.0417;KELLY_LITE(mult=0.95 taper=1.00 n=7)+HARD_RISK_CAP(2.0%)+MAXLOSS_CAP;213406.60;213405.49;37;0
2026.08.07 01:55:32;XAUUSD;5;1786059411;REVERSAL_CHASER_TRIGGERED_FLIP;newDir=BEAR ticket=118132683 entry=4232.64 lot=0.04;MANAGE_PROFIT;SAFE;2;0;1;-1;-1;4235.26;-9.31;-7.83;0.00;-7.95;KELLY_LITE;true;0.04;213406.60;0.0417;KELLY_LITE(mult=0.95 taper=1.00 n=7)+HARD_RISK_CAP(2.0%)+MAXLOSS_CAP;213406.60;213397.29;36;0
2026.08.07 01:55:32;XAUUSD;5;1786059411;POSITION_CLOSED;ticket=118132685 reason=reversal_chaser_flip lots=0.03 price=4232.65 pnl=-7.83;MANAGE_PROFIT;SAFE;1;0;1;-1;-1;4235.26;-1.36;-1.36;0.00;-7.95;KELLY_LITE;true;0.04;213406.60;0.0417;KELLY_LITE(mult=0.95 taper=1.00 n=7)+HARD_RISK_CAP(2.0%)+MAXLOSS_CAP;213398.68;213397.32;36;0
2026.08.07 01:55:32;XAUUSD;5;1786059411;CYCLE_RESET;oldState=MANAGE_PROFIT realizedPnL=-7.92 peak=0.00 worst=-7.95 pyramid=1 consLosses=1 reason=chaser_flip;MANAGE_PROFIT;SAFE;1;0;1;-1;-1;4235.26;-1.36;-1.36;0.00;-7.95;KELLY_LITE;true;0.04;213406.60;0.0417;KELLY_LITE(mult=0.95 taper=1.00 n=7)+HARD_RISK_CAP(2.0%)+MAXLOSS_CAP;213398.68;213397.32;36;0
2026.08.07 01:59:07;XAUUSD;5;1786059412;SL_MODIFIED;ticket=118132683 oldSL=4247.64 newSL=4231.08 reason=break_even_lock_leg_0;MANAGE_PROFIT;SAFE;1;0;1;-1;-1;4232.64;9.72;9.72;8.32;-3.40;KELLY_LITE;true;0.04;213406.60;0.0417;KELLY_LITE(mult=0.95 taper=1.00 n=7)+HARD_RISK_CAP(2.0%)+MAXLOSS_CAP;213398.68;213408.40;36;0
2026.08.07 01:59:07;XAUUSD;5;1786059412;PROFIT_RATCHET_LOCKED;floor=2.81 peak=8.32;MANAGE_PROFIT;SAFE;1;0;1;-1;-1;4232.64;9.72;9.72;8.32;-3.40;KELLY_LITE;true;0.04;213406.60;0.0417;KELLY_LITE(mult=0.95 taper=1.00 n=7)+HARD_RISK_CAP(2.0%)+MAXLOSS_CAP;213398.68;213408.40;36;0
2026.08.07 01:59:07;XAUUSD;5;1786059412;SL_MODIFIED;ticket=118132683 oldSL=4231.08 newSL=4230.73 reason=break_even_lock_leg_0;MANAGE_PROFIT;SAFE;1;0;1;-1;-1;4232.64;10.36;10.36;9.72;-3.40;KELLY_LITE;true;0.04;213406.60;0.0417;KELLY_LITE(mult=0.95 taper=1.00 n=7)+HARD_RISK_CAP(2.0%)+MAXLOSS_CAP;213398.68;213409.04;36;0
2026.08.07 01:59:07;XAUUSD;5;1786059412;PROFIT_RATCHET_LOCKED;floor=3.28 peak=9.72;MANAGE_PROFIT;SAFE;1;0;1;-1;-1;4232.64;10.36;10.36;9.72;-3.40;KELLY_LITE;true;0.04;213406.60;0.0417;KELLY_LITE(mult=0.95 taper=1.00 n=7)+HARD_RISK_CAP(2.0%)+MAXLOSS_CAP;213398.68;213409.04;36;0
2026.08.07 01:59:08;XAUUSD;5;1786059412;SL_MODIFIED;ticket=118132683 oldSL=4230.73 newSL=4230.57 reason=break_even_lock_leg_0;MANAGE_PROFIT;SAFE;1;0;1;-1;-1;4232.64;10.32;10.32;10.36;-3.40;KELLY_LITE;true;0.04;213406.60;0.0417;KELLY_LITE(mult=0.95 taper=1.00 n=7)+HARD_RISK_CAP(2.0%)+MAXLOSS_CAP;213398.68;213409.00;36;0
2026.08.07 01:59:08;XAUUSD;5;1786059412;PROFIT_RATCHET_LOCKED;floor=3.50 peak=10.36;MANAGE_PROFIT;SAFE;1;0;1;-1;-1;4232.64;10.32;10.32;10.36;-3.40;KELLY_LITE;true;0.04;213406.60;0.0417;KELLY_LITE(mult=0.95 taper=1.00 n=7)+HARD_RISK_CAP(2.0%)+MAXLOSS_CAP;213398.68;213409.00;36;0
2026.08.07 01:59:08;XAUUSD;5;1786059412;PROFIT_RATCHET_LOCKED;floor=3.50 peak=10.36;MANAGE_PROFIT;SAFE;1;0;1;-1;-1;4232.64;10.32;10.32;10.36;-3.40;KELLY_LITE;true;0.04;213406.60;0.0417;KELLY_LITE(mult=0.95 taper=1.00 n=7)+HARD_RISK_CAP(2.0%)+MAXLOSS_CAP;213398.68;213409.00;36;0
2026.08.07 01:59:08;XAUUSD;5;1786059412;SL_MODIFY_FAILED;ticket=118132683 newSL=4230.48 reason=break_even_lock_leg_0 err=0;MANAGE_PROFIT;SAFE;1;0;1;-1;-1;4232.64;10.04;10.04;10.72;-3.40;KELLY_LITE;true;0.04;213406.60;0.0417;KELLY_LITE(mult=0.95 taper=1.00 n=7)+HARD_RISK_CAP(2.0%)+MAXLOSS_CAP;213398.68;213408.72;36;0
2026.08.07 01:59:08;XAUUSD;5;1786059412;PROFIT_RATCHET_LOCKED;floor=3.62 peak=10.72;MANAGE_PROFIT;SAFE;1;0;1;-1;-1;4232.64;10.04;10.04;10.72;-3.40;KELLY_LITE;true;0.04;213406.60;0.0417;KELLY_LITE(mult=0.95 taper=1.00 n=7)+HARD_RISK_CAP(2.0%)+MAXLOSS_CAP;213398.68;213408.72;36;0
2026.08.07 01:59:08;XAUUSD;5;1786059412;PROFIT_RATCHET_LOCKED;floor=3.62 peak=10.72;MANAGE_PROFIT;SAFE;1;0;1;-1;-1;4232.64;10.04;10.04;10.72;-3.40;KELLY_LITE;true;0.04;213406.60;0.0417;KELLY_LITE(mult=0.95 taper=1.00 n=7)+HARD_RISK_CAP(2.0%)+MAXLOSS_CAP;213398.68;213408.72;36;0
2026.08.07 01:59:08;XAUUSD;5;1786059412;PROFIT_RATCHET_LOCKED;floor=3.62 peak=10.72;MANAGE_PROFIT;SAFE;1;0;1;-1;-1;4232.64;10.24;10.24;10.72;-3.40;KELLY_LITE;true;0.04;213406.60;0.0417;KELLY_LITE(mult=0.95 taper=1.00 n=7)+HARD_RISK_CAP(2.0%)+MAXLOSS_CAP;213398.68;213408.92;36;0
2026.08.07 01:59:09;XAUUSD;5;1786059412;PROFIT_RATCHET_LOCKED;floor=3.62 peak=10.72;MANAGE_PROFIT;SAFE;1;0;1;-1;-1;4232.64;10.04;10.04;10.72;-3.40;KELLY_LITE;true;0.04;213406.60;0.0417;KELLY_LITE(mult=0.95 taper=1.00 n=7)+HARD_RISK_CAP(2.0%)+MAXLOSS_CAP;213398.68;213408.72;36;0
2026.08.07 01:59:09;XAUUSD;5;1786059412;PROFIT_RATCHET_LOCKED;floor=3.62 peak=10.72;MANAGE_PROFIT;SAFE;1;0;1;-1;-1;4232.64;10.16;10.16;10.72;-3.40;KELLY_LITE;true;0.04;213406.60;0.0417;KELLY_LITE(mult=0.95 taper=1.00 n=7)+HARD_RISK_CAP(2.0%)+MAXLOSS_CAP;213398.68;213408.84;36;0
2026.08.07 01:59:09;XAUUSD;5;1786059412;PROFIT_RATCHET_LOCKED;floor=3.62 peak=10.72;MANAGE_PROFIT;SAFE;1;0;1;-1;-1;4232.64;9.80;9.80;10.72;-3.40;KELLY_LITE;true;0.04;213406.60;0.0417;KELLY_LITE(mult=0.95 taper=1.00 n=7)+HARD_RISK_CAP(2.0%)+MAXLOSS_CAP;213398.68;213408.48;36;0
2026.08.07 01:59:09;XAUUSD;5;1786059412;PROFIT_RATCHET_LOCKED;floor=3.62 peak=10.72;MANAGE_PROFIT;SAFE;1;0;1;-1;-1;4232.64;9.72;9.72;10.72;-3.40;KELLY_LITE;true;0.04;213406.60;0.0417;KELLY_LITE(mult=0.95 taper=1.00 n=7)+HARD_RISK_CAP(2.0%)+MAXLOSS_CAP;213398.68;213408.40;36;0
2026.08.07 01:59:09;XAUUSD;5;1786059412;PROFIT_RATCHET_LOCKED;floor=3.62 peak=10.72;MANAGE_PROFIT;SAFE;1;0;1;-1;-1;4232.64;9.44;9.44;10.72;-3.40;KELLY_LITE;true;0.04;213406.60;0.0417;KELLY_LITE(mult=0.95 taper=1.00 n=7)+HARD_RISK_CAP(2.0%)+MAXLOSS_CAP;213398.68;213408.12;36;0
2026.08.07 01:59:10;XAUUSD;5;1786059412;PROFIT_RATCHET_LOCKED;floor=3.62 peak=10.72;MANAGE_PROFIT;SAFE;1;0;1;-1;-1;4232.64;9.56;9.56;10.72;-3.40;KELLY_LITE;true;0.04;213406.60;0.0417;KELLY_LITE(mult=0.95 taper=1.00 n=7)+HARD_RISK_CAP(2.0%)+MAXLOSS_CAP;213398.68;213408.24;36;0
2026.08.07 01:59:10;XAUUSD;5;1786059412;PROFIT_RATCHET_LOCKED;floor=3.62 peak=10.72;MANAGE_PROFIT;SAFE;1;0;1;-1;-1;4232.64;9.76;9.76;10.72;-3.40;KELLY_LITE;true;0.04;213406.60;0.0417;KELLY_LITE(mult=0.95 taper=1.00 n=7)+HARD_RISK_CAP(2.0%)+MAXLOSS_CAP;213398.68;213408.44;36;0
2026.08.07 01:59:10;XAUUSD;5;1786059412;PROFIT_RATCHET_LOCKED;floor=3.62 peak=10.72;MANAGE_PROFIT;SAFE;1;0;1;-1;-1;4232.64;9.68;9.68;10.72;-3.40;KELLY_LITE;true;0.04;213406.60;0.0417;KELLY_LITE(mult=0.95 taper=1.00 n=7)+HARD_RISK_CAP(2.0%)+MAXLOSS_CAP;213398.68;213408.36;36;0
2026.08.07 01:59:11;XAUUSD;5;1786059412;PROFIT_RATCHET_LOCKED;floor=3.62 peak=10.72;MANAGE_PROFIT;SAFE;1;0;1;-1;-1;4232.64;9.24;9.24;10.72;-3.40;KELLY_LITE;true;0.04;213406.60;0.0417;KELLY_LITE(mult=0.95 taper=1.00 n=7)+HARD_RISK_CAP(2.0%)+MAXLOSS_CAP;213398.68;213407.92;36;0
2026.08.07 01:59:11;XAUUSD;5;1786059412;PROFIT_RATCHET_LOCKED;floor=3.62 peak=10.72;MANAGE_PROFIT;SAFE;1;0;1;-1;-1;4232.64;9.28;9.28;10.72;-3.40;KELLY_LITE;true;0.04;213406.60;0.0417;KELLY_LITE(mult=0.95 taper=1.00 n=7)+HARD_RISK_CAP(2.0%)+MAXLOSS_CAP;213398.68;213407.96;36;0
2026.08.07 01:59:11;XAUUSD;5;1786059412;PROFIT_RATCHET_LOCKED;floor=3.62 peak=10.72;MANAGE_PROFIT;SAFE;1;0;1;-1;-1;4232.64;9.16;9.16;10.72;-3.40;KELLY_LITE;true;0.04;213406.60;0.0417;KELLY_LITE(mult=0.95 taper=1.00 n=7)+HARD_RISK_CAP(2.0%)+MAXLOSS_CAP;213398.68;213407.84;36;0
2026.08.07 01:59:12;XAUUSD;5;1786059412;RECONCILED_BROKER_CLOSE;ticket=118132683 type=main pnl=8.28;MANAGE_PROFIT;SAFE;0;0;1;-1;-1;4232.64;0.00;0.00;10.72;-3.40;KELLY_LITE;true;0.04;213406.60;0.0417;KELLY_LITE(mult=0.95 taper=1.00 n=7)+HARD_RISK_CAP(2.0%)+MAXLOSS_CAP;213406.96;213406.96;36;0
2026.08.07 01:59:12;XAUUSD;5;1786059412;CYCLE_RESET;oldState=MANAGE_PROFIT realizedPnL=0.36 peak=10.72 worst=-3.40 pyramid=1 consLosses=0;MANAGE_PROFIT;SAFE;0;0;1;-1;-1;4232.64;0.00;0.00;10.72;-3.40;KELLY_LITE;true;0.04;213406.60;0.0417;KELLY_LITE(mult=0.95 taper=1.00 n=7)+HARD_RISK_CAP(2.0%)+MAXLOSS_CAP;213406.96;213406.96;36;0
2026.08.07 02:04:12;XAUUSD;5;1786059413;PLACE_PENDING_START;cycle=1786059413 trend=-1 consecLosses=0 preset=AGGRESSIVE;PLACE_PENDING;SAFE;0;0;0;-1;-1;0.00;0.00;0.00;0.00;0.00;KELLY_LITE;true;0.04;213406.60;0.0417;KELLY_LITE(mult=0.95 taper=1.00 n=7)+HARD_RISK_CAP(2.0%)+MAXLOSS_CAP;213406.96;213406.96;36;0
2026.08.07 02:04:12;XAUUSD;5;1786059413;DIR_OCO_PLACED;dir=BEAR ticket=118134318 price=4238.17 sl=4253.17 tp=4215.67 lot=0.04 dist=2.09;PLACE_PENDING;SAFE;0;1;0;-1;118134318;0.00;0.00;0.00;0.00;0.00;KELLY_LITE;true;0.04;213406.96;0.0417;KELLY_LITE(mult=0.95 taper=1.00 n=9)+HARD_RISK_CAP(2.0%)+MAXLOSS_CAP;213406.96;213406.96;36;0
2026.08.07 02:04:13;XAUUSD;5;1786059413;DIR_OCO_COUNTER_PLACED;dir=BULL(counter) ticket=118134319 price=4242.69 lot=0.03;PLACE_PENDING;SAFE;0;2;0;118134319;118134318;0.00;0.00;0.00;0.00;0.00;KELLY_LITE;true;0.04;213406.96;0.0417;KELLY_LITE(mult=0.95 taper=1.00 n=9)+HARD_RISK_CAP(2.0%)+MAXLOSS_CAP;213406.96;213406.96;36;0
2026.08.07 02:04:15;XAUUSD;5;1786059413;BUY_STOP_TRAILED;Old=4242.69 New=4242.35;WAIT_TRIGGER;SAFE;0;2;0;118134319;118134318;0.00;0.00;0.00;0.00;0.00;KELLY_LITE;true;0.04;213406.96;0.0417;KELLY_LITE(mult=0.95 taper=1.00 n=9)+HARD_RISK_CAP(2.0%)+MAXLOSS_CAP;213406.96;213406.96;37;0
2026.08.07 02:04:16;XAUUSD;5;1786059413;SELL_STOP_TRAILED;Old=4238.17 New=4238.84;WAIT_TRIGGER;SAFE;0;2;0;118134319;118134318;0.00;0.00;0.00;0.00;0.00;KELLY_LITE;true;0.04;213406.96;0.0417;KELLY_LITE(mult=0.95 taper=1.00 n=9)+HARD_RISK_CAP(2.0%)+MAXLOSS_CAP;213406.96;213406.96;37;0
2026.08.07 02:04:20;XAUUSD;5;1786059413;SELL_STOP_TRAILED;Old=4238.84 New=4239.29;WAIT_TRIGGER;SAFE;0;2;0;118134319;118134318;0.00;0.00;0.00;0.00;0.00;KELLY_LITE;true;0.04;213406.96;0.0417;KELLY_LITE(mult=0.95 taper=1.00 n=9)+HARD_RISK_CAP(2.0%)+MAXLOSS_CAP;213406.96;213406.96;36;0
2026.08.07 02:04:24;XAUUSD;5;1786059413;SELL_STOP_TRAILED;Old=4239.29 New=4239.87;WAIT_TRIGGER;SAFE;1;1;0;118134319;118134318;0.00;-1.08;-1.08;0.00;0.00;KELLY_LITE;true;0.04;213406.96;0.0417;KELLY_LITE(mult=0.95 taper=1.00 n=9)+HARD_RISK_CAP(2.0%)+MAXLOSS_CAP;213406.96;213405.88;36;0
2026.08.07 02:04:24;XAUUSD;5;1786059413;OCO_TRIGGERED_BUY;ticket=118134319 entry=4242.35;POSITION_ACTIVE;SAFE;1;1;0;-1;118134318;0.00;-1.08;-1.08;0.00;0.00;KELLY_LITE;true;0.04;213406.96;0.0417;KELLY_LITE(mult=0.95 taper=1.00 n=9)+HARD_RISK_CAP(2.0%)+MAXLOSS_CAP;213406.96;213405.88;36;0
2026.08.07 02:04:24;XAUUSD;5;1786059413;OPPOSITE_TRAIL_ARMED;opposite_ticket=118134318 will trail price;POSITION_ACTIVE;SAFE;1;1;0;-1;118134318;0.00;-1.08;-1.08;0.00;0.00;KELLY_LITE;true;0.04;213406.96;0.0417;KELLY_LITE(mult=0.95 taper=1.00 n=9)+HARD_RISK_CAP(2.0%)+MAXLOSS_CAP;213406.96;213405.88;36;0
2026.08.07 02:07:14;XAUUSD;5;1786059413;OPPOSITE_PENDING_TRAILED;SELL_STOP trailed UP: ticket=118134318 old=4239.87 new=4240.23 dist=3.18;MANAGE_PROFIT;SAFE;1;1;1;-1;-1;4242.35;3.06;3.06;2.97;-7.05;KELLY_LITE;true;0.04;213406.96;0.0417;KELLY_LITE(mult=0.95 taper=1.00 n=9)+HARD_RISK_CAP(2.0%)+MAXLOSS_CAP;213406.96;213410.02;36;0
2026.08.07 02:07:15;XAUUSD;5;1786059413;OPPOSITE_PENDING_TRAILED;SELL_STOP trailed UP: ticket=118134318 old=4240.23 new=4240.58 dist=3.20;MANAGE_PROFIT;SAFE;1;1;1;-1;-1;4242.35;5.73;5.73;3.54;-7.05;KELLY_LITE;true;0.04;213406.96;0.0417;KELLY_LITE(mult=0.95 taper=1.00 n=9)+HARD_RISK_CAP(2.0%)+MAXLOSS_CAP;213406.96;213412.69;36;0
2026.08.07 02:07:16;XAUUSD;5;1786059413;OPPOSITE_PENDING_TRAILED;SELL_STOP trailed UP: ticket=118134318 old=4240.58 new=4241.04 dist=3.22;MANAGE_PROFIT;SAFE;1;1;1;-1;-1;4242.35;5.82;5.82;5.73;-7.05;KELLY_LITE;true;0.04;213406.96;0.0417;KELLY_LITE(mult=0.95 taper=1.00 n=9)+HARD_RISK_CAP(2.0%)+MAXLOSS_CAP;213406.96;213412.78;36;0
2026.08.07 02:07:31;XAUUSD;5;1786059413;OPPOSITE_PENDING_TRAILED;SELL_STOP trailed UP: ticket=118134318 old=4241.04 new=4241.49 dist=3.24;MANAGE_PROFIT;SAFE;1;1;1;-1;-1;4242.35;6.69;6.69;6.51;-7.05;KELLY_LITE;true;0.04;213406.96;0.0417;KELLY_LITE(mult=0.95 taper=1.00 n=9)+HARD_RISK_CAP(2.0%)+MAXLOSS_CAP;213406.96;213413.65;36;0
2026.08.07 02:07:58;XAUUSD;5;1786059413;OPPOSITE_PENDING_TRAILED;SELL_STOP trailed UP: ticket=118134318 old=4241.49 new=4241.80 dist=3.25;MANAGE_PROFIT;SAFE;1;1;1;-1;-1;4242.35;7.05;7.05;7.26;-7.05;KELLY_LITE;true;0.04;213406.96;0.0417;KELLY_LITE(mult=0.95 taper=1.00 n=9)+HARD_RISK_CAP(2.0%)+MAXLOSS_CAP;213406.96;213414.01;36;0
2026.08.07 02:08:01;XAUUSD;5;1786059413;SL_MODIFIED;ticket=118134319 oldSL=4230.35 newSL=4244.53 reason=break_even_lock_leg_0;MANAGE_PROFIT;SAFE;1;1;1;-1;-1;4242.35;8.16;8.16;8.10;-7.05;KELLY_LITE;true;0.04;213406.96;0.0417;KELLY_LITE(mult=0.95 taper=1.00 n=9)+HARD_RISK_CAP(2.0%)+MAXLOSS_CAP;213406.96;213415.12;36;0
2026.08.07 02:08:01;XAUUSD;5;1786059413;PROFIT_RATCHET_LOCKED;floor=3.44 peak=8.10;MANAGE_PROFIT;SAFE;1;1;1;-1;-1;4242.35;8.16;8.16;8.10;-7.05;KELLY_LITE;true;0.04;213406.96;0.0417;KELLY_LITE(mult=0.95 taper=1.00 n=9)+HARD_RISK_CAP(2.0%)+MAXLOSS_CAP;213406.96;213415.12;36;0
2026.08.07 02:08:02;XAUUSD;5;1786059413;SL_MODIFIED;ticket=118134319 oldSL=4244.53 newSL=4244.55 reason=break_even_lock_leg_0;MANAGE_PROFIT;SAFE;1;1;1;-1;-1;4242.35;8.28;8.25;8.16;-7.05;KELLY_LITE;true;0.04;213406.96;0.0417;KELLY_LITE(mult=0.95 taper=1.00 n=9)+HARD_RISK_CAP(2.0%)+MAXLOSS_CAP;213406.96;213415.24;36;0
2026.08.07 02:08:02;XAUUSD;5;1786059413;PROFIT_RATCHET_LOCKED;floor=3.47 peak=8.16;MANAGE_PROFIT;SAFE;1;1;1;-1;-1;4242.35;8.28;8.25;8.16;-7.05;KELLY_LITE;true;0.04;213406.96;0.0417;KELLY_LITE(mult=0.95 taper=1.00 n=9)+HARD_RISK_CAP(2.0%)+MAXLOSS_CAP;213406.96;213415.24;36;0
2026.08.07 02:08:02;XAUUSD;5;1786059413;SL_MODIFIED;ticket=118134319 oldSL=4244.55 newSL=4244.58 reason=break_even_lock_leg_0;MANAGE_PROFIT;SAFE;1;1;1;-1;-1;4242.35;9.00;9.00;8.28;-7.05;KELLY_LITE;true;0.04;213406.96;0.0417;KELLY_LITE(mult=0.95 taper=1.00 n=9)+HARD_RISK_CAP(2.0%)+MAXLOSS_CAP;213406.96;213415.96;36;0
2026.08.07 02:08:02;XAUUSD;5;1786059413;PROFIT_RATCHET_LOCKED;floor=3.52 peak=8.28;MANAGE_PROFIT;SAFE;1;1;1;-1;-1;4242.35;9.00;9.00;8.28;-7.05;KELLY_LITE;true;0.04;213406.96;0.0417;KELLY_LITE(mult=0.95 taper=1.00 n=9)+HARD_RISK_CAP(2.0%)+MAXLOSS_CAP;213406.96;213415.96;36;0
2026.08.07 02:08:03;XAUUSD;5;1786059413;SL_MODIFIED;ticket=118134319 oldSL=4244.58 newSL=4244.83 reason=break_even_lock_leg_0;MANAGE_PROFIT;SAFE;1;1;1;-1;-1;4242.35;9.51;9.51;9.00;-7.05;KELLY_LITE;true;0.04;213406.96;0.0417;KELLY_LITE(mult=0.95 taper=1.00 n=9)+HARD_RISK_CAP(2.0%)+MAXLOSS_CAP;213406.96;213416.47;36;0
2026.08.07 02:08:03;XAUUSD;5;1786059413;PROFIT_RATCHET_LOCKED;floor=3.83 peak=9.00;MANAGE_PROFIT;SAFE;1;1;1;-1;-1;4242.35;9.51;9.51;9.00;-7.05;KELLY_LITE;true;0.04;213406.96;0.0417;KELLY_LITE(mult=0.95 taper=1.00 n=9)+HARD_RISK_CAP(2.0%)+MAXLOSS_CAP;213406.96;213416.47;36;0
2026.08.07 02:08:04;XAUUSD;5;1786059413;OPPOSITE_PENDING_TRAILED;SELL_STOP trailed UP: ticket=118134318 old=4241.80 new=4242.25 dist=3.27;MANAGE_PROFIT;SAFE;1;1;1;-1;-1;4242.35;9.24;9.24;9.00;-7.05;KELLY_LITE;true;0.04;213406.96;0.0417;KELLY_LITE(mult=0.95 taper=1.00 n=9)+HARD_RISK_CAP(2.0%)+MAXLOSS_CAP;213406.96;213416.20;36;0
2026.08.07 02:08:04;XAUUSD;5;1786059413;SL_MODIFIED;ticket=118134319 oldSL=4244.83 newSL=4244.91 reason=break_even_lock_leg_0;MANAGE_PROFIT;SAFE;1;1;1;-1;-1;4242.35;9.48;9.48;9.24;-7.05;KELLY_LITE;true;0.04;213406.96;0.0417;KELLY_LITE(mult=0.95 taper=1.00 n=9)+HARD_RISK_CAP(2.0%)+MAXLOSS_CAP;213406.96;213416.44;36;0
2026.08.07 02:08:04;XAUUSD;5;1786059413;PROFIT_RATCHET_LOCKED;floor=3.93 peak=9.24;MANAGE_PROFIT;SAFE;1;1;1;-1;-1;4242.35;9.48;9.48;9.24;-7.05;KELLY_LITE;true;0.04;213406.96;0.0417;KELLY_LITE(mult=0.95 taper=1.00 n=9)+HARD_RISK_CAP(2.0%)+MAXLOSS_CAP;213406.96;213416.44;36;0
2026.08.07 02:08:05;XAUUSD;5;1786059413;SL_MODIFY_FAILED;ticket=118134319 newSL=4244.99 reason=break_even_lock_leg_0 err=0;MANAGE_PROFIT;SAFE;1;1;1;-1;-1;4242.35;8.91;8.91;9.48;-7.05;KELLY_LITE;true;0.04;213406.96;0.0417;KELLY_LITE(mult=0.95 taper=1.00 n=9)+HARD_RISK_CAP(2.0%)+MAXLOSS_CAP;213406.96;213415.87;34;0
2026.08.07 02:08:05;XAUUSD;5;1786059413;PROFIT_RATCHET_LOCKED;floor=4.03 peak=9.48;MANAGE_PROFIT;SAFE;1;1;1;-1;-1;4242.35;8.91;8.91;9.48;-7.05;KELLY_LITE;true;0.04;213406.96;0.0417;KELLY_LITE(mult=0.95 taper=1.00 n=9)+HARD_RISK_CAP(2.0%)+MAXLOSS_CAP;213406.96;213415.87;34;0
2026.08.07 02:08:05;XAUUSD;5;1786059413;PROFIT_RATCHET_LOCKED;floor=4.03 peak=9.48;MANAGE_PROFIT;SAFE;1;1;1;-1;-1;4242.35;8.91;8.91;9.48;-7.05;KELLY_LITE;true;0.04;213406.96;0.0417;KELLY_LITE(mult=0.95 taper=1.00 n=9)+HARD_RISK_CAP(2.0%)+MAXLOSS_CAP;213406.96;213415.87;34;0
2026.08.07 02:08:06;XAUUSD;5;1786059413;PROFIT_RATCHET_LOCKED;floor=4.03 peak=9.48;MANAGE_PROFIT;SAFE;1;1;1;-1;-1;4242.35;8.94;8.94;9.48;-7.05;KELLY_LITE;true;0.04;213406.96;0.0417;KELLY_LITE(mult=0.95 taper=1.00 n=9)+HARD_RISK_CAP(2.0%)+MAXLOSS_CAP;213406.96;213415.90;36;0
2026.08.07 02:08:06;XAUUSD;5;1786059413;PROFIT_RATCHET_LOCKED;floor=4.03 peak=9.48;MANAGE_PROFIT;SAFE;1;1;1;-1;-1;4242.35;9.06;9.06;9.48;-7.05;KELLY_LITE;true;0.04;213406.96;0.0417;KELLY_LITE(mult=0.95 taper=1.00 n=9)+HARD_RISK_CAP(2.0%)+MAXLOSS_CAP;213406.96;213416.02;36;0
2026.08.07 02:08:06;XAUUSD;5;1786059413;PROFIT_RATCHET_LOCKED;floor=4.03 peak=9.48;MANAGE_PROFIT;SAFE;1;1;1;-1;-1;4242.35;9.00;9.00;9.48;-7.05;KELLY_LITE;true;0.04;213406.96;0.0417;KELLY_LITE(mult=0.95 taper=1.00 n=9)+HARD_RISK_CAP(2.0%)+MAXLOSS_CAP;213406.96;213415.96;36;0
2026.08.07 02:08:06;XAUUSD;5;1786059413;PROFIT_RATCHET_LOCKED;floor=4.03 peak=9.48;MANAGE_PROFIT;SAFE;1;1;1;-1;-1;4242.35;8.91;8.91;9.48;-7.05;KELLY_LITE;true;0.04;213406.96;0.0417;KELLY_LITE(mult=0.95 taper=1.00 n=9)+HARD_RISK_CAP(2.0%)+MAXLOSS_CAP;213406.96;213415.87;36;0
2026.08.07 02:08:07;XAUUSD;5;1786059413;PROFIT_RATCHET_LOCKED;floor=4.03 peak=9.48;MANAGE_PROFIT;SAFE;1;1;1;-1;-1;4242.35;8.94;8.94;9.48;-7.05;KELLY_LITE;true;0.04;213406.96;0.0417;KELLY_LITE(mult=0.95 taper=1.00 n=9)+HARD_RISK_CAP(2.0%)+MAXLOSS_CAP;213406.96;213415.90;36;0
2026.08.07 02:08:07;XAUUSD;5;1786059413;PROFIT_RATCHET_LOCKED;floor=4.03 peak=9.48;MANAGE_PROFIT;SAFE;1;1;1;-1;-1;4242.35;8.73;8.73;9.48;-7.05;KELLY_LITE;true;0.04;213406.96;0.0417;KELLY_LITE(mult=0.95 taper=1.00 n=9)+HARD_RISK_CAP(2.0%)+MAXLOSS_CAP;213406.96;213415.69;36;0
2026.08.07 02:08:07;XAUUSD;5;1786059413;PROFIT_RATCHET_LOCKED;floor=4.03 peak=9.48;MANAGE_PROFIT;SAFE;1;1;1;-1;-1;4242.35;8.64;8.64;9.48;-7.05;KELLY_LITE;true;0.04;213406.96;0.0417;KELLY_LITE(mult=0.95 taper=1.00 n=9)+HARD_RISK_CAP(2.0%)+MAXLOSS_CAP;213406.96;213415.60;36;0
2026.08.07 02:08:07;XAUUSD;5;1786059413;PROFIT_RATCHET_LOCKED;floor=4.03 peak=9.48;MANAGE_PROFIT;SAFE;1;1;1;-1;-1;4242.35;9.12;9.12;9.48;-7.05;KELLY_LITE;true;0.04;213406.96;0.0417;KELLY_LITE(mult=0.95 taper=1.00 n=9)+HARD_RISK_CAP(2.0%)+MAXLOSS_CAP;213406.96;213416.08;33;0
2026.08.07 02:08:08;XAUUSD;5;1786059413;SL_MODIFIED;ticket=118134319 oldSL=4244.91 newSL=4244.98 reason=break_even_lock_leg_0;MANAGE_PROFIT;SAFE;1;1;1;-1;-1;4242.35;9.51;9.51;9.48;-7.05;KELLY_LITE;true;0.04;213406.96;0.0417;KELLY_LITE(mult=0.95 taper=1.00 n=9)+HARD_RISK_CAP(2.0%)+MAXLOSS_CAP;213406.96;213416.47;36;0
2026.08.07 02:08:08;XAUUSD;5;1786059413;PROFIT_RATCHET_LOCKED;floor=4.03 peak=9.48;MANAGE_PROFIT;SAFE;1;1;1;-1;-1;4242.35;9.51;9.51;9.48;-7.05;KELLY_LITE;true;0.04;213406.96;0.0417;KELLY_LITE(mult=0.95 taper=1.00 n=9)+HARD_RISK_CAP(2.0%)+MAXLOSS_CAP;213406.96;213416.47;36;0
2026.08.07 02:08:08;XAUUSD;5;1786059413;SL_MODIFIED;ticket=118134319 oldSL=4244.98 newSL=4245.00 reason=break_even_lock_leg_0;MANAGE_PROFIT;SAFE;1;1;1;-1;-1;4242.35;9.60;9.60;9.51;-7.05;KELLY_LITE;true;0.04;213406.96;0.0417;KELLY_LITE(mult=0.95 taper=1.00 n=9)+HARD_RISK_CAP(2.0%)+MAXLOSS_CAP;213406.96;213416.56;36;0
2026.08.07 02:08:08;XAUUSD;5;1786059413;PROFIT_RATCHET_LOCKED;floor=4.04 peak=9.51;MANAGE_PROFIT;SAFE;1;1;1;-1;-1;4242.35;9.60;9.60;9.51;-7.05;KELLY_LITE;true;0.04;213406.96;0.0417;KELLY_LITE(mult=0.95 taper=1.00 n=9)+HARD_RISK_CAP(2.0%)+MAXLOSS_CAP;213406.96;213416.56;36;0
2026.08.07 02:08:09;XAUUSD;5;1786059413;SL_MODIFIED;ticket=118134319 oldSL=4245.00 newSL=4245.03 reason=break_even_lock_leg_0;MANAGE_PROFIT;SAFE;1;1;1;-1;-1;4242.35;9.57;9.57;9.60;-7.05;KELLY_LITE;true;0.04;213406.96;0.0417;KELLY_LITE(mult=0.95 taper=1.00 n=9)+HARD_RISK_CAP(2.0%)+MAXLOSS_CAP;213406.96;213416.53;36;0
2026.08.07 02:08:09;XAUUSD;5;1786059413;PROFIT_RATCHET_LOCKED;floor=4.08 peak=9.60;MANAGE_PROFIT;SAFE;1;1;1;-1;-1;4242.35;9.57;9.57;9.60;-7.05;KELLY_LITE;true;0.04;213406.96;0.0417;KELLY_LITE(mult=0.95 taper=1.00 n=9)+HARD_RISK_CAP(2.0%)+MAXLOSS_CAP;213406.96;213416.53;36;0
2026.08.07 02:08:09;XAUUSD;5;1786059413;PROFIT_RATCHET_LOCKED;floor=4.08 peak=9.60;MANAGE_PROFIT;SAFE;1;1;1;-1;-1;4242.35;9.57;9.57;9.60;-7.05;KELLY_LITE;true;0.04;213406.96;0.0417;KELLY_LITE(mult=0.95 taper=1.00 n=9)+HARD_RISK_CAP(2.0%)+MAXLOSS_CAP;213406.96;213416.53;36;0
2026.08.07 02:08:10;XAUUSD;5;1786059413;SL_MODIFIED;ticket=118134319 oldSL=4245.03 newSL=4245.06 reason=break_even_lock_leg_0 (retry buf=3pt);MANAGE_PROFIT;SAFE;1;1;1;-1;-1;4242.35;9.84;9.99;9.93;-7.05;KELLY_LITE;true;0.04;213406.96;0.0417;KELLY_LITE(mult=0.95 taper=1.00 n=9)+HARD_RISK_CAP(2.0%)+MAXLOSS_CAP;213406.96;213416.80;36;0
2026.08.07 02:08:10;XAUUSD;5;1786059413;PROFIT_RATCHET_LOCKED;floor=4.22 peak=9.93;MANAGE_PROFIT;SAFE;1;1;1;-1;-1;4242.35;9.84;9.99;9.93;-7.05;KELLY_LITE;true;0.04;213406.96;0.0417;KELLY_LITE(mult=0.95 taper=1.00 n=9)+HARD_RISK_CAP(2.0%)+MAXLOSS_CAP;213406.96;213416.80;36;0
2026.08.07 02:08:10;XAUUSD;5;1786059413;SL_MODIFIED;ticket=118134319 oldSL=4245.06 newSL=4245.10 reason=break_even_lock_leg_0 (retry buf=8pt);MANAGE_PROFIT;SAFE;1;1;1;-1;-1;4242.35;10.35;10.35;9.93;-7.05;KELLY_LITE;true;0.04;213406.96;0.0417;KELLY_LITE(mult=0.95 taper=1.00 n=9)+HARD_RISK_CAP(2.0%)+MAXLOSS_CAP;213406.96;213417.31;36;0
2026.08.07 02:08:10;XAUUSD;5;1786059413;PROFIT_RATCHET_LOCKED;floor=4.22 peak=9.93;MANAGE_PROFIT;SAFE;1;1;1;-1;-1;4242.35;10.35;10.35;9.93;-7.05;KELLY_LITE;true;0.04;213406.96;0.0417;KELLY_LITE(mult=0.95 taper=1.00 n=9)+HARD_RISK_CAP(2.0%)+MAXLOSS_CAP;213406.96;213417.31;36;0
2026.08.07 02:08:11;XAUUSD;5;1786059413;SL_MODIFIED;ticket=118134319 oldSL=4245.10 newSL=4245.28 reason=break_even_lock_leg_0;MANAGE_PROFIT;SAFE;1;1;1;-1;-1;4242.35;10.44;10.44;10.35;-7.05;KELLY_LITE;true;0.04;213406.96;0.0417;KELLY_LITE(mult=0.95 taper=1.00 n=9)+HARD_RISK_CAP(2.0%)+MAXLOSS_CAP;213406.96;213417.40;36;0
2026.08.07 02:08:11;XAUUSD;5;1786059413;PROFIT_RATCHET_LOCKED;floor=4.40 peak=10.35;MANAGE_PROFIT;SAFE;1;1;1;-1;-1;4242.35;10.44;10.44;10.35;-7.05;KELLY_LITE;true;0.04;213406.96;0.0417;KELLY_LITE(mult=0.95 taper=1.00 n=9)+HARD_RISK_CAP(2.0%)+MAXLOSS_CAP;213406.96;213417.40;36;0
2026.08.07 02:08:12;XAUUSD;5;1786059413;SL_MODIFIED;ticket=118134319 oldSL=4245.28 newSL=4245.31 reason=break_even_lock_leg_0 (retry buf=3pt);MANAGE_PROFIT;SAFE;1;1;1;-1;-1;4242.35;10.65;10.65;10.44;-7.05;KELLY_LITE;true;0.04;213406.96;0.0417;KELLY_LITE(mult=0.95 taper=1.00 n=9)+HARD_RISK_CAP(2.0%)+MAXLOSS_CAP;213406.96;213417.61;36;0
2026.08.07 02:08:12;XAUUSD;5;1786059413;PROFIT_RATCHET_LOCKED;floor=4.44 peak=10.44;MANAGE_PROFIT;SAFE;1;1;1;-1;-1;4242.35;10.65;10.65;10.44;-7.05;KELLY_LITE;true;0.04;213406.96;0.0417;KELLY_LITE(mult=0.95 taper=1.00 n=9)+HARD_RISK_CAP(2.0%)+MAXLOSS_CAP;213406.96;213417.61;36;0
2026.08.07 02:08:12;XAUUSD;5;1786059413;OPPOSITE_PENDING_TRAILED;SELL_STOP trailed UP: ticket=118134318 old=4242.25 new=4242.61 dist=3.29;MANAGE_PROFIT;SAFE;1;1;1;-1;-1;4242.35;11.25;11.25;10.44;-7.05;KELLY_LITE;true;0.04;213406.96;0.0417;KELLY_LITE(mult=0.95 taper=1.00 n=9)+HARD_RISK_CAP(2.0%)+MAXLOSS_CAP;213406.96;213418.21;36;0
2026.08.07 02:08:13;XAUUSD;5;1786059413;SL_MODIFIED;ticket=118134319 oldSL=4245.31 newSL=4245.58 reason=break_even_lock_leg_0;MANAGE_PROFIT;SAFE;1;1;1;-1;-1;4242.35;11.40;11.40;11.25;-7.05;KELLY_LITE;true;0.04;213406.96;0.0417;KELLY_LITE(mult=0.95 taper=1.00 n=9)+HARD_RISK_CAP(2.0%)+MAXLOSS_CAP;213406.96;213418.36;36;0
2026.08.07 02:08:13;XAUUSD;5;1786059413;PROFIT_RATCHET_LOCKED;floor=4.78 peak=11.25;MANAGE_PROFIT;SAFE;1;1;1;-1;-1;4242.35;11.40;11.40;11.25;-7.05;KELLY_LITE;true;0.04;213406.96;0.0417;KELLY_LITE(mult=0.95 taper=1.00 n=9)+HARD_RISK_CAP(2.0%)+MAXLOSS_CAP;213406.96;213418.36;36;0
2026.08.07 02:08:14;XAUUSD;5;1786059413;SL_MODIFIED;ticket=118134319 oldSL=4245.58 newSL=4245.63 reason=break_even_lock_leg_0;MANAGE_PROFIT;SAFE;1;1;1;-1;-1;4242.35;11.82;11.82;11.40;-7.05;KELLY_LITE;true;0.04;213406.96;0.0417;KELLY_LITE(mult=0.95 taper=1.00 n=9)+HARD_RISK_CAP(2.0%)+MAXLOSS_CAP;213406.96;213418.78;36;0
2026.08.07 02:08:14;XAUUSD;5;1786059413;PROFIT_RATCHET_LOCKED;floor=4.85 peak=11.40;MANAGE_PROFIT;SAFE;1;1;1;-1;-1;4242.35;11.82;11.82;11.40;-7.05;KELLY_LITE;true;0.04;213406.96;0.0417;KELLY_LITE(mult=0.95 taper=1.00 n=9)+HARD_RISK_CAP(2.0%)+MAXLOSS_CAP;213406.96;213418.78;36;0
2026.08.07 02:08:14;XAUUSD;5;1786059413;OPPOSITE_PENDING_TRAILED;SELL_STOP trailed UP: ticket=118134318 old=4242.61 new=4242.99 dist=3.30;MANAGE_PROFIT;SAFE;1;1;1;-1;-1;4242.35;12.66;12.66;11.40;-7.05;KELLY_LITE;true;0.04;213406.96;0.0417;KELLY_LITE(mult=0.95 taper=1.00 n=9)+HARD_RISK_CAP(2.0%)+MAXLOSS_CAP;213406.96;213419.62;36;0
2026.08.07 02:08:15;XAUUSD;5;1786059413;SL_MODIFIED;ticket=118134319 oldSL=4245.63 newSL=4246.00 reason=break_even_lock_leg_0 (retry buf=3pt);MANAGE_PROFIT;SAFE;1;1;1;-1;-1;4242.35;12.60;12.60;12.66;-7.05;KELLY_LITE;true;0.04;213406.96;0.0417;KELLY_LITE(mult=0.95 taper=1.00 n=9)+HARD_RISK_CAP(2.0%)+MAXLOSS_CAP;213406.96;213419.56;36;0
2026.08.07 02:08:15;XAUUSD;5;1786059413;PROFIT_RATCHET_LOCKED;floor=5.38 peak=12.66;MANAGE_PROFIT;SAFE;1;1;1;-1;-1;4242.35;12.60;12.60;12.66;-7.05;KELLY_LITE;true;0.04;213406.96;0.0417;KELLY_LITE(mult=0.95 taper=1.00 n=9)+HARD_RISK_CAP(2.0%)+MAXLOSS_CAP;213406.96;213419.56;36;0
2026.08.07 02:08:15;XAUUSD;5;1786059413;SL_MODIFIED;ticket=118134319 oldSL=4246.00 newSL=4246.03 reason=break_even_lock_leg_0;MANAGE_PROFIT;SAFE;1;1;1;-1;-1;4242.35;12.57;12.57;12.66;-7.05;KELLY_LITE;true;0.04;213406.96;0.0417;KELLY_LITE(mult=0.95 taper=1.00 n=9)+HARD_RISK_CAP(2.0%)+MAXLOSS_CAP;213406.96;213419.53;36;0
2026.08.07 02:08:15;XAUUSD;5;1786059413;PROFIT_RATCHET_LOCKED;floor=5.38 peak=12.66;MANAGE_PROFIT;SAFE;1;1;1;-1;-1;4242.35;12.57;12.57;12.66;-7.05;KELLY_LITE;true;0.04;213406.96;0.0417;KELLY_LITE(mult=0.95 taper=1.00 n=9)+HARD_RISK_CAP(2.0%)+MAXLOSS_CAP;213406.96;213419.53;36;0
2026.08.07 02:08:15;XAUUSD;5;1786059413;PROFIT_RATCHET_LOCKED;floor=5.38 peak=12.66;MANAGE_PROFIT;SAFE;1;1;1;-1;-1;4242.35;12.57;12.57;12.66;-7.05;KELLY_LITE;true;0.04;213406.96;0.0417;KELLY_LITE(mult=0.95 taper=1.00 n=9)+HARD_RISK_CAP(2.0%)+MAXLOSS_CAP;213406.96;213419.53;36;0
2026.08.07 02:08:16;XAUUSD;5;1786059413;PROFIT_RATCHET_LOCKED;floor=5.38 peak=12.66;MANAGE_PROFIT;SAFE;1;1;1;-1;-1;4242.35;12.51;12.51;12.66;-7.05;KELLY_LITE;true;0.04;213406.96;0.0417;KELLY_LITE(mult=0.95 taper=1.00 n=9)+HARD_RISK_CAP(2.0%)+MAXLOSS_CAP;213406.96;213419.47;36;0
2026.08.07 02:08:16;XAUUSD;5;1786059413;PROFIT_RATCHET_LOCKED;floor=5.38 peak=12.66;MANAGE_PROFIT;SAFE;1;1;1;-1;-1;4242.35;12.42;12.42;12.66;-7.05;KELLY_LITE;true;0.04;213406.96;0.0417;KELLY_LITE(mult=0.95 taper=1.00 n=9)+HARD_RISK_CAP(2.0%)+MAXLOSS_CAP;213406.96;213419.38;36;0
2026.08.07 02:08:16;XAUUSD;5;1786059413;PROFIT_RATCHET_LOCKED;floor=5.38 peak=12.66;MANAGE_PROFIT;SAFE;1;1;1;-1;-1;4242.35;11.94;11.94;12.66;-7.05;KELLY_LITE;true;0.04;213406.96;0.0417;KELLY_LITE(mult=0.95 taper=1.00 n=9)+HARD_RISK_CAP(2.0%)+MAXLOSS_CAP;213406.96;213418.90;36;0
2026.08.07 02:08:17;XAUUSD;5;1786059413;PROFIT_RATCHET_LOCKED;floor=5.38 peak=12.66;MANAGE_PROFIT;SAFE;1;1;1;-1;-1;4242.35;11.85;11.85;12.66;-7.05;KELLY_LITE;true;0.04;213406.96;0.0417;KELLY_LITE(mult=0.95 taper=1.00 n=9)+HARD_RISK_CAP(2.0%)+MAXLOSS_CAP;213406.96;213418.81;36;0
2026.08.07 02:08:17;XAUUSD;5;1786059413;PROFIT_RATCHET_LOCKED;floor=5.38 peak=12.66;MANAGE_PROFIT;SAFE;1;1;1;-1;-1;4242.35;12.36;12.36;12.66;-7.05;KELLY_LITE;true;0.04;213406.96;0.0417;KELLY_LITE(mult=0.95 taper=1.00 n=9)+HARD_RISK_CAP(2.0%)+MAXLOSS_CAP;213406.96;213419.32;36;0
2026.08.07 02:08:17;XAUUSD;5;1786059413;PROFIT_RATCHET_LOCKED;floor=5.38 peak=12.66;MANAGE_PROFIT;SAFE;1;1;1;-1;-1;4242.35;11.70;11.70;12.66;-7.05;KELLY_LITE;true;0.04;213406.96;0.0417;KELLY_LITE(mult=0.95 taper=1.00 n=9)+HARD_RISK_CAP(2.0%)+MAXLOSS_CAP;213406.96;213418.66;36;0
2026.08.07 02:08:17;XAUUSD;5;1786059413;PROFIT_RATCHET_LOCKED;floor=5.38 peak=12.66;MANAGE_PROFIT;SAFE;1;1;1;-1;-1;4242.35;10.95;10.95;12.66;-7.05;KELLY_LITE;true;0.04;213406.96;0.0417;KELLY_LITE(mult=0.95 taper=1.00 n=9)+HARD_RISK_CAP(2.0%)+MAXLOSS_CAP;213406.96;213417.91;36;0
2026.08.07 02:08:17;XAUUSD;5;1786059413;RECONCILED_BROKER_CLOSE;ticket=118134319 type=main pnl=11.04;MANAGE_PROFIT;SAFE;0;1;1;-1;-1;4242.35;0.00;0.00;12.66;-7.05;KELLY_LITE;true;0.04;213406.96;0.0417;KELLY_LITE(mult=0.95 taper=1.00 n=9)+HARD_RISK_CAP(2.0%)+MAXLOSS_CAP;213418.00;213418.00;36;0
2026.08.07 02:09:07;XAUUSD;5;1786059413;REVERSAL_CHASER_TRIGGERED_FLIP;newDir=BEAR ticket=118134318 entry=4242.99 lot=0.04;MANAGE_PROFIT;SAFE;1;0;1;-1;-1;4242.35;-1.28;-1.28;12.66;-7.05;KELLY_LITE;true;0.04;213406.96;0.0417;KELLY_LITE(mult=0.95 taper=1.00 n=9)+HARD_RISK_CAP(2.0%)+MAXLOSS_CAP;213418.00;213416.72;36;0
2026.08.07 02:09:07;XAUUSD;5;1786059413;CYCLE_RESET;oldState=MANAGE_PROFIT realizedPnL=11.04 peak=12.66 worst=-7.05 pyramid=1 consLosses=0 reason=chaser_flip;MANAGE_PROFIT;SAFE;1;0;1;-1;-1;4242.35;-1.28;-1.28;12.66;-7.05;KELLY_LITE;true;0.04;213406.96;0.0417;KELLY_LITE(mult=0.95 taper=1.00 n=9)+HARD_RISK_CAP(2.0%)+MAXLOSS_CAP;213418.00;213416.72;36;0
2026.08.07 02:12:06;XAUUSD;5;1786059414;SL_MODIFIED;ticket=118134318 oldSL=4246.99 newSL=4241.47 reason=break_even_lock_leg_0;MANAGE_PROFIT;SAFE;1;0;1;-1;-1;4242.99;8.48;8.48;8.16;-4.08;KELLY_LITE;true;0.04;213406.96;0.0417;KELLY_LITE(mult=0.95 taper=1.00 n=9)+HARD_RISK_CAP(2.0%)+MAXLOSS_CAP;213418.00;213426.48;36;0
2026.08.07 02:12:06;XAUUSD;5;1786059414;PROFIT_RATCHET_LOCKED;floor=2.75 peak=8.16;MANAGE_PROFIT;SAFE;1;0;1;-1;-1;4242.99;8.48;8.48;8.16;-4.08;KELLY_LITE;true;0.04;213406.96;0.0417;KELLY_LITE(mult=0.95 taper=1.00 n=9)+HARD_RISK_CAP(2.0%)+MAXLOSS_CAP;213418.00;213426.48;36;0
2026.08.07 02:12:06;XAUUSD;5;1786059414;SL_MODIFIED;ticket=118134318 oldSL=4241.47 newSL=4241.39 reason=break_even_lock_leg_0;MANAGE_PROFIT;SAFE;1;0;1;-1;-1;4242.99;8.72;8.72;8.48;-4.08;KELLY_LITE;true;0.04;213406.96;0.0417;KELLY_LITE(mult=0.95 taper=1.00 n=9)+HARD_RISK_CAP(2.0%)+MAXLOSS_CAP;213418.00;213426.72;36;0
2026.08.07 02:12:06;XAUUSD;5;1786059414;PROFIT_RATCHET_LOCKED;floor=2.86 peak=8.48;MANAGE_PROFIT;SAFE;1;0;1;-1;-1;4242.99;8.72;8.72;8.48;-4.08;KELLY_LITE;true;0.04;213406.96;0.0417;KELLY_LITE(mult=0.95 taper=1.00 n=9)+HARD_RISK_CAP(2.0%)+MAXLOSS_CAP;213418.00;213426.72;36;0
2026.08.07 02:12:07;XAUUSD;5;1786059414;SL_MODIFIED;ticket=118134318 oldSL=4241.39 newSL=4241.33 reason=break_even_lock_leg_0;MANAGE_PROFIT;SAFE;1;0;1;-1;-1;4242.99;8.48;8.48;8.72;-4.08;KELLY_LITE;true;0.04;213406.96;0.0417;KELLY_LITE(mult=0.95 taper=1.00 n=9)+HARD_RISK_CAP(2.0%)+MAXLOSS_CAP;213418.00;213426.48;36;0
2026.08.07 02:12:07;XAUUSD;5;1786059414;PROFIT_RATCHET_LOCKED;floor=2.94 peak=8.72;MANAGE_PROFIT;SAFE;1;0;1;-1;-1;4242.99;8.48;8.48;8.72;-4.08;KELLY_LITE;true;0.04;213406.96;0.0417;KELLY_LITE(mult=0.95 taper=1.00 n=9)+HARD_RISK_CAP(2.0%)+MAXLOSS_CAP;213418.00;213426.48;36;0
2026.08.07 02:12:07;XAUUSD;5;1786059414;PROFIT_RATCHET_LOCKED;floor=2.94 peak=8.72;MANAGE_PROFIT;SAFE;1;0;1;-1;-1;4242.99;8.48;8.48;8.72;-4.08;KELLY_LITE;true;0.04;213406.96;0.0417;KELLY_LITE(mult=0.95 taper=1.00 n=9)+HARD_RISK_CAP(2.0%)+MAXLOSS_CAP;213418.00;213426.48;36;0
2026.08.07 02:12:07;XAUUSD;5;1786059414;PROFIT_RATCHET_LOCKED;floor=2.94 peak=8.72;MANAGE_PROFIT;SAFE;1;0;1;-1;-1;4242.99;8.24;8.24;8.72;-4.08;KELLY_LITE;true;0.04;213406.96;0.0417;KELLY_LITE(mult=0.95 taper=1.00 n=9)+HARD_RISK_CAP(2.0%)+MAXLOSS_CAP;213418.00;213426.24;36;0
2026.08.07 02:12:07;XAUUSD;5;1786059414;PROFIT_RATCHET_LOCKED;floor=2.94 peak=8.72;MANAGE_PROFIT;SAFE;1;0;1;-1;-1;4242.99;8.20;8.20;8.72;-4.08;KELLY_LITE;true;0.04;213406.96;0.0417;KELLY_LITE(mult=0.95 taper=1.00 n=9)+HARD_RISK_CAP(2.0%)+MAXLOSS_CAP;213418.00;213426.20;36;0
2026.08.07 02:12:07;XAUUSD;5;1786059414;PROFIT_RATCHET_LOCKED;floor=2.94 peak=8.72;MANAGE_PROFIT;SAFE;1;0;1;-1;-1;4242.99;7.36;7.36;8.72;-4.08;KELLY_LITE;true;0.04;213406.96;0.0417;KELLY_LITE(mult=0.95 taper=1.00 n=9)+HARD_RISK_CAP(2.0%)+MAXLOSS_CAP;213418.00;213425.36;36;0
2026.08.07 02:12:08;XAUUSD;5;1786059414;PROFIT_RATCHET_LOCKED;floor=2.94 peak=8.72;MANAGE_PROFIT;SAFE;1;0;1;-1;-1;4242.99;7.44;7.44;8.72;-4.08;KELLY_LITE;true;0.04;213406.96;0.0417;KELLY_LITE(mult=0.95 taper=1.00 n=9)+HARD_RISK_CAP(2.0%)+MAXLOSS_CAP;213418.00;213425.44;36;0
2026.08.07 02:12:08;XAUUSD;5;1786059414;PROFIT_RATCHET_LOCKED;floor=2.94 peak=8.72;MANAGE_PROFIT;SAFE;1;0;1;-1;-1;4242.99;7.32;7.32;8.72;-4.08;KELLY_LITE;true;0.04;213406.96;0.0417;KELLY_LITE(mult=0.95 taper=1.00 n=9)+HARD_RISK_CAP(2.0%)+MAXLOSS_CAP;213418.00;213425.32;36;0
2026.08.07 02:12:08;XAUUSD;5;1786059414;PROFIT_RATCHET_LOCKED;floor=2.94 peak=8.72;MANAGE_PROFIT;SAFE;1;0;1;-1;-1;4242.99;7.36;7.36;8.72;-4.08;KELLY_LITE;true;0.04;213406.96;0.0417;KELLY_LITE(mult=0.95 taper=1.00 n=9)+HARD_RISK_CAP(2.0%)+MAXLOSS_CAP;213418.00;213425.36;36;0
2026.08.07 02:12:09;XAUUSD;5;1786059414;PROFIT_RATCHET_LOCKED;floor=2.94 peak=8.72;MANAGE_PROFIT;SAFE;1;0;1;-1;-1;4242.99;7.44;7.44;8.72;-4.08;KELLY_LITE;true;0.04;213406.96;0.0417;KELLY_LITE(mult=0.95 taper=1.00 n=9)+HARD_RISK_CAP(2.0%)+MAXLOSS_CAP;213418.00;213425.44;36;0
2026.08.07 02:12:09;XAUUSD;5;1786059414;PROFIT_RATCHET_LOCKED;floor=2.94 peak=8.72;MANAGE_PROFIT;SAFE;1;0;1;-1;-1;4242.99;7.52;7.52;8.72;-4.08;KELLY_LITE;true;0.04;213406.96;0.0417;KELLY_LITE(mult=0.95 taper=1.00 n=9)+HARD_RISK_CAP(2.0%)+MAXLOSS_CAP;213418.00;213425.52;36;0
2026.08.07 02:12:09;XAUUSD;5;1786059414;PROFIT_RATCHET_LOCKED;floor=2.94 peak=8.72;MANAGE_PROFIT;SAFE;1;0;1;-1;-1;4242.99;7.56;7.56;8.72;-4.08;KELLY_LITE;true;0.04;213406.96;0.0417;KELLY_LITE(mult=0.95 taper=1.00 n=9)+HARD_RISK_CAP(2.0%)+MAXLOSS_CAP;213418.00;213425.56;36;0
2026.08.07 02:12:10;XAUUSD;5;1786059414;PROFIT_RATCHET_LOCKED;floor=2.94 peak=8.72;MANAGE_PROFIT;SAFE;1;0;1;-1;-1;4242.99;7.52;7.52;8.72;-4.08;KELLY_LITE;true;0.04;213406.96;0.0417;KELLY_LITE(mult=0.95 taper=1.00 n=9)+HARD_RISK_CAP(2.0%)+MAXLOSS_CAP;213418.00;213425.52;36;0
2026.08.07 02:12:10;XAUUSD;5;1786059414;PROFIT_RATCHET_LOCKED;floor=2.94 peak=8.72;MANAGE_PROFIT;SAFE;1;0;1;-1;-1;4242.99;7.64;7.64;8.72;-4.08;KELLY_LITE;true;0.04;213406.96;0.0417;KELLY_LITE(mult=0.95 taper=1.00 n=9)+HARD_RISK_CAP(2.0%)+MAXLOSS_CAP;213418.00;213425.64;36;0
2026.08.07 02:12:10;XAUUSD;5;1786059414;PROFIT_RATCHET_LOCKED;floor=2.94 peak=8.72;MANAGE_PROFIT;SAFE;1;0;1;-1;-1;4242.99;7.08;7.08;8.72;-4.08;KELLY_LITE;true;0.04;213406.96;0.0417;KELLY_LITE(mult=0.95 taper=1.00 n=9)+HARD_RISK_CAP(2.0%)+MAXLOSS_CAP;213418.00;213425.08;33;0
2026.08.07 02:12:10;XAUUSD;5;1786059414;RECONCILED_BROKER_CLOSE;ticket=118134318 type=main pnl=6.64;MANAGE_PROFIT;SAFE;0;0;1;-1;-1;4242.99;0.00;0.00;8.72;-4.08;KELLY_LITE;true;0.04;213406.96;0.0417;KELLY_LITE(mult=0.95 taper=1.00 n=9)+HARD_RISK_CAP(2.0%)+MAXLOSS_CAP;213424.64;213424.64;37;0
2026.08.07 02:12:10;XAUUSD;5;1786059414;CYCLE_RESET;oldState=MANAGE_PROFIT realizedPnL=6.64 peak=8.72 worst=-4.08 pyramid=1 consLosses=0;MANAGE_PROFIT;SAFE;0;0;1;-1;-1;4242.99;0.00;0.00;8.72;-4.08;KELLY_LITE;true;0.04;213406.96;0.0417;KELLY_LITE(mult=0.95 taper=1.00 n=9)+HARD_RISK_CAP(2.0%)+MAXLOSS_CAP;213424.64;213424.64;37;0
2026.08.07 02:17:10;XAUUSD;5;1786059414;FILTER_BLOCK_TREND_DISAGREE;TREND_DISAGREE (main=-1 fast=1 rsi=54.2, no extreme);BLOCKED;SAFE;0;0;0;-1;-1;0.00;0.00;0.00;0.00;0.00;KELLY_LITE;true;0.04;213406.96;0.0417;KELLY_LITE(mult=0.95 taper=1.00 n=9)+HARD_RISK_CAP(2.0%)+MAXLOSS_CAP;213424.64;213424.64;37;0
2026.08.07 02:22:10;XAUUSD;5;1786059414;FILTER_BLOCK_TREND_DISAGREE;TREND_DISAGREE (main=-1 fast=1 rsi=54.5, no extreme);BLOCKED;SAFE;0;0;0;-1;-1;0.00;0.00;0.00;0.00;0.00;KELLY_LITE;true;0.04;213406.96;0.0417;KELLY_LITE(mult=0.95 taper=1.00 n=9)+HARD_RISK_CAP(2.0%)+MAXLOSS_CAP;213424.64;213424.64;36;0
2026.08.07 02:27:10;XAUUSD;5;1786059414;FILTER_BLOCK_TREND_DISAGREE;TREND_DISAGREE (main=-1 fast=1 rsi=49.9, no extreme);BLOCKED;SAFE;0;0;0;-1;-1;0.00;0.00;0.00;0.00;0.00;KELLY_LITE;true;0.04;213406.96;0.0417;KELLY_LITE(mult=0.95 taper=1.00 n=9)+HARD_RISK_CAP(2.0%)+MAXLOSS_CAP;213424.64;213424.64;36;0
2026.08.07 02:32:10;XAUUSD;5;1786059414;FILTER_BLOCK_TREND_DISAGREE;TREND_DISAGREE (main=-1 fast=1 rsi=52.6, no extreme);BLOCKED;SAFE;0;0;0;-1;-1;0.00;0.00;0.00;0.00;0.00;KELLY_LITE;true;0.04;213406.96;0.0417;KELLY_LITE(mult=0.95 taper=1.00 n=9)+HARD_RISK_CAP(2.0%)+MAXLOSS_CAP;213424.64;213424.64;36;0
2026.08.07 02:37:10;XAUUSD;5;1786059414;FILTER_BLOCK_TREND;TREND_NEUTRAL_EMA;BLOCKED;SAFE;0;0;0;-1;-1;0.00;0.00;0.00;0.00;0.00;KELLY_LITE;true;0.04;213406.96;0.0417;KELLY_LITE(mult=0.95 taper=1.00 n=9)+HARD_RISK_CAP(2.0%)+MAXLOSS_CAP;213424.64;213424.64;36;0
2026.08.07 02:42:10;XAUUSD;5;1786059414;FILTER_BLOCK_TREND;TREND_NEUTRAL_EMA;BLOCKED;SAFE;0;0;0;-1;-1;0.00;0.00;0.00;0.00;0.00;KELLY_LITE;true;0.04;213406.96;0.0417;KELLY_LITE(mult=0.95 taper=1.00 n=9)+HARD_RISK_CAP(2.0%)+MAXLOSS_CAP;213424.64;213424.64;36;0
2026.08.07 02:47:10;XAUUSD;5;1786059414;FILTER_BLOCK_TREND;TREND_NEUTRAL_EMA;BLOCKED;SAFE;0;0;0;-1;-1;0.00;0.00;0.00;0.00;0.00;KELLY_LITE;true;0.04;213406.96;0.0417;KELLY_LITE(mult=0.95 taper=1.00 n=9)+HARD_RISK_CAP(2.0%)+MAXLOSS_CAP;213424.64;213424.64;37;0
2026.08.07 02:52:10;XAUUSD;5;1786059414;FILTER_BLOCK_TREND;TREND_NEUTRAL_EMA;BLOCKED;SAFE;0;0;0;-1;-1;0.00;0.00;0.00;0.00;0.00;KELLY_LITE;true;0.04;213406.96;0.0417;KELLY_LITE(mult=0.95 taper=1.00 n=9)+HARD_RISK_CAP(2.0%)+MAXLOSS_CAP;213424.64;213424.64;33;0
2026.08.07 02:57:10;XAUUSD;5;1786059415;PLACE_PENDING_START;cycle=1786059415 trend=1 consecLosses=0 preset=AGGRESSIVE;PLACE_PENDING;SAFE;0;0;0;-1;-1;0.00;0.00;0.00;0.00;0.00;KELLY_LITE;true;0.04;213406.96;0.0417;KELLY_LITE(mult=0.95 taper=1.00 n=9)+HARD_RISK_CAP(2.0%)+MAXLOSS_CAP;213424.64;213424.64;36;0
2026.08.07 02:57:10;XAUUSD;5;1786059415;DIR_OCO_PLACED;dir=BULL ticket=118140566 price=4258.49 sl=4243.49 tp=4280.99 lot=0.04 dist=2.41;PLACE_PENDING;SAFE;0;1;0;118140566;-1;0.00;0.00;0.00;0.00;0.00;KELLY_LITE;true;0.04;213424.64;0.0417;KELLY_LITE(mult=1.05 taper=1.00 n=11)+HARD_RISK_CAP(2.0%)+MAXLOSS_CAP;213424.64;213424.64;35;0
2026.08.07 02:57:11;XAUUSD;5;1786059415;DIR_OCO_COUNTER_PLACED;dir=BEAR(counter) ticket=118140567 price=4253.65 lot=0.03;PLACE_PENDING;SAFE;0;2;0;118140566;118140567;0.00;0.00;0.00;0.00;0.00;KELLY_LITE;true;0.04;213424.64;0.0417;KELLY_LITE(mult=1.05 taper=1.00 n=11)+HARD_RISK_CAP(2.0%)+MAXLOSS_CAP;213424.64;213424.64;36;0
2026.08.07 02:57:20;XAUUSD;5;1786059415;BUY_STOP_TRAILED;Old=4258.49 New=4258.15;WAIT_TRIGGER;SAFE;0;2;0;118140566;118140567;0.00;0.00;0.00;0.00;0.00;KELLY_LITE;true;0.04;213424.64;0.0417;KELLY_LITE(mult=1.05 taper=1.00 n=11)+HARD_RISK_CAP(2.0%)+MAXLOSS_CAP;213424.64;213424.64;36;0
2026.08.07 02:57:21;XAUUSD;5;1786059415;BUY_STOP_TRAILED;Old=4258.15 New=4257.82;WAIT_TRIGGER;SAFE;0;2;0;118140566;118140567;0.00;0.00;0.00;0.00;0.00;KELLY_LITE;true;0.04;213424.64;0.0417;KELLY_LITE(mult=1.05 taper=1.00 n=11)+HARD_RISK_CAP(2.0%)+MAXLOSS_CAP;213424.64;213424.64;36;0
2026.08.07 02:57:31;XAUUSD;5;1786059415;SELL_STOP_TRAILED;Old=4253.65 New=4254.06;WAIT_TRIGGER;SAFE;0;2;0;118140566;118140567;0.00;0.00;0.00;0.00;0.00;KELLY_LITE;true;0.04;213424.64;0.0417;KELLY_LITE(mult=1.05 taper=1.00 n=11)+HARD_RISK_CAP(2.0%)+MAXLOSS_CAP;213424.64;213424.64;36;0
2026.08.07 02:57:32;XAUUSD;5;1786059415;SELL_STOP_TRAILED;Old=4254.06 New=4254.42;WAIT_TRIGGER;SAFE;0;2;0;118140566;118140567;0.00;0.00;0.00;0.00;0.00;KELLY_LITE;true;0.04;213424.64;0.0417;KELLY_LITE(mult=1.05 taper=1.00 n=11)+HARD_RISK_CAP(2.0%)+MAXLOSS_CAP;213424.64;213424.64;36;0
2026.08.07 02:58:02;XAUUSD;5;1786059415;SELL_STOP_TRAILED;Old=4254.42 New=4254.76;WAIT_TRIGGER;SAFE;0;2;0;118140566;118140567;0.00;0.00;0.00;0.00;0.00;KELLY_LITE;true;0.04;213424.64;0.0417;KELLY_LITE(mult=1.05 taper=1.00 n=11)+HARD_RISK_CAP(2.0%)+MAXLOSS_CAP;213424.64;213424.64;33;0
2026.08.07 02:58:05;XAUUSD;5;1786059415;OCO_TRIGGERED_BUY;ticket=118140566 entry=4257.82;POSITION_ACTIVE;SAFE;1;1;0;-1;118140567;0.00;0.24;-1.08;0.00;0.00;KELLY_LITE;true;0.04;213424.64;0.0417;KELLY_LITE(mult=1.05 taper=1.00 n=11)+HARD_RISK_CAP(2.0%)+MAXLOSS_CAP;213424.64;213424.88;33;0
2026.08.07 02:58:05;XAUUSD;5;1786059415;OPPOSITE_TRAIL_ARMED;opposite_ticket=118140567 will trail price;POSITION_ACTIVE;SAFE;1;1;0;-1;118140567;0.00;0.24;-1.08;0.00;0.00;KELLY_LITE;true;0.04;213424.64;0.0417;KELLY_LITE(mult=1.05 taper=1.00 n=11)+HARD_RISK_CAP(2.0%)+MAXLOSS_CAP;213424.64;213424.88;33;0
2026.08.07 03:01:07;XAUUSD;5;1786059415;SL_MODIFIED;ticket=118140566 oldSL=4245.82 newSL=4259.40 reason=break_even_lock_leg_0;MANAGE_PROFIT;SAFE;1;1;1;-1;-1;4257.82;10.92;10.92;8.40;-7.32;KELLY_LITE;true;0.04;213424.64;0.0417;KELLY_LITE(mult=1.05 taper=1.00 n=11)+HARD_RISK_CAP(2.0%)+MAXLOSS_CAP;213424.64;213435.56;37;0
2026.08.07 03:01:07;XAUUSD;5;1786059415;PROFIT_RATCHET_LOCKED;floor=2.83 peak=8.40;MANAGE_PROFIT;SAFE;1;1;1;-1;-1;4257.82;10.92;10.92;8.40;-7.32;KELLY_LITE;true;0.04;213424.64;0.0417;KELLY_LITE(mult=1.05 taper=1.00 n=11)+HARD_RISK_CAP(2.0%)+MAXLOSS_CAP;213424.64;213435.56;37;0
2026.08.07 03:01:07;XAUUSD;5;1786059415;SL_MODIFIED;ticket=118140566 oldSL=4259.40 newSL=4260.03 reason=break_even_lock_leg_0;MANAGE_PROFIT;SAFE;1;1;1;-1;-1;4257.82;11.20;11.40;10.92;-7.32;KELLY_LITE;true;0.04;213424.64;0.0417;KELLY_LITE(mult=1.05 taper=1.00 n=11)+HARD_RISK_CAP(2.0%)+MAXLOSS_CAP;213424.64;213435.84;36;0
2026.08.07 03:01:07;XAUUSD;5;1786059415;PROFIT_RATCHET_LOCKED;floor=3.69 peak=10.92;MANAGE_PROFIT;SAFE;1;1;1;-1;-1;4257.82;11.20;11.40;10.92;-7.32;KELLY_LITE;true;0.04;213424.64;0.0417;KELLY_LITE(mult=1.05 taper=1.00 n=11)+HARD_RISK_CAP(2.0%)+MAXLOSS_CAP;213424.64;213435.84;36;0
2026.08.07 03:01:08;XAUUSD;5;1786059415;SL_MODIFY_FAILED;ticket=118140566 newSL=4260.15 reason=break_even_lock_leg_0 err=0;MANAGE_PROFIT;SAFE;1;1;1;-1;-1;4257.82;10.76;10.76;11.20;-7.32;KELLY_LITE;true;0.04;213424.64;0.0417;KELLY_LITE(mult=1.05 taper=1.00 n=11)+HARD_RISK_CAP(2.0%)+MAXLOSS_CAP;213424.64;213435.40;36;0
2026.08.07 03:01:08;XAUUSD;5;1786059415;PROFIT_RATCHET_LOCKED;floor=3.78 peak=11.20;MANAGE_PROFIT;SAFE;1;1;1;-1;-1;4257.82;10.76;10.76;11.20;-7.32;KELLY_LITE;true;0.04;213424.64;0.0417;KELLY_LITE(mult=1.05 taper=1.00 n=11)+HARD_RISK_CAP(2.0%)+MAXLOSS_CAP;213424.64;213435.40;36;0
2026.08.07 03:01:08;XAUUSD;5;1786059415;PROFIT_RATCHET_LOCKED;floor=3.78 peak=11.20;MANAGE_PROFIT;SAFE;1;1;1;-1;-1;4257.82;10.76;10.76;11.20;-7.32;KELLY_LITE;true;0.04;213424.64;0.0417;KELLY_LITE(mult=1.05 taper=1.00 n=11)+HARD_RISK_CAP(2.0%)+MAXLOSS_CAP;213424.64;213435.40;36;0
2026.08.07 03:01:08;XAUUSD;5;1786059415;PROFIT_RATCHET_LOCKED;floor=3.78 peak=11.20;MANAGE_PROFIT;SAFE;1;1;1;-1;-1;4257.82;10.28;10.28;11.20;-7.32;KELLY_LITE;true;0.04;213424.64;0.0417;KELLY_LITE(mult=1.05 taper=1.00 n=11)+HARD_RISK_CAP(2.0%)+MAXLOSS_CAP;213424.64;213434.92;36;0
2026.08.07 03:01:08;XAUUSD;5;1786059415;PROFIT_RATCHET_LOCKED;floor=3.78 peak=11.20;MANAGE_PROFIT;SAFE;1;1;1;-1;-1;4257.82;10.00;10.00;11.20;-7.32;KELLY_LITE;true;0.04;213424.64;0.0417;KELLY_LITE(mult=1.05 taper=1.00 n=11)+HARD_RISK_CAP(2.0%)+MAXLOSS_CAP;213424.64;213434.64;36;0
2026.08.07 03:01:08;XAUUSD;5;1786059415;PROFIT_RATCHET_LOCKED;floor=3.78 peak=11.20;MANAGE_PROFIT;SAFE;1;1;1;-1;-1;4257.82;9.92;9.92;11.20;-7.32;KELLY_LITE;true;0.04;213424.64;0.0417;KELLY_LITE(mult=1.05 taper=1.00 n=11)+HARD_RISK_CAP(2.0%)+MAXLOSS_CAP;213424.64;213434.56;36;0
2026.08.07 03:01:09;XAUUSD;5;1786059415;PROFIT_RATCHET_LOCKED;floor=3.78 peak=11.20;MANAGE_PROFIT;SAFE;1;1;1;-1;-1;4257.82;9.84;9.84;11.20;-7.32;KELLY_LITE;true;0.04;213424.64;0.0417;KELLY_LITE(mult=1.05 taper=1.00 n=11)+HARD_RISK_CAP(2.0%)+MAXLOSS_CAP;213424.64;213434.48;36;0
2026.08.07 03:01:09;XAUUSD;5;1786059415;PROFIT_RATCHET_LOCKED;floor=3.78 peak=11.20;MANAGE_PROFIT;SAFE;1;1;1;-1;-1;4257.82;9.80;9.80;11.20;-7.32;KELLY_LITE;true;0.04;213424.64;0.0417;KELLY_LITE(mult=1.05 taper=1.00 n=11)+HARD_RISK_CAP(2.0%)+MAXLOSS_CAP;213424.64;213434.44;36;0
2026.08.07 03:01:09;XAUUSD;5;1786059415;PROFIT_RATCHET_LOCKED;floor=3.78 peak=11.20;MANAGE_PROFIT;SAFE;1;1;1;-1;-1;4257.82;9.84;9.84;11.20;-7.32;KELLY_LITE;true;0.04;213424.64;0.0417;KELLY_LITE(mult=1.05 taper=1.00 n=11)+HARD_RISK_CAP(2.0%)+MAXLOSS_CAP;213424.64;213434.48;36;0
2026.08.07 03:01:09;XAUUSD;5;1786059415;PROFIT_RATCHET_LOCKED;floor=3.78 peak=11.20;MANAGE_PROFIT;SAFE;1;1;1;-1;-1;4257.82;9.08;9.08;11.20;-7.32;KELLY_LITE;true;0.04;213424.64;0.0417;KELLY_LITE(mult=1.05 taper=1.00 n=11)+HARD_RISK_CAP(2.0%)+MAXLOSS_CAP;213424.64;213433.72;36;0
2026.08.07 03:01:10;XAUUSD;5;1786059415;RECONCILED_BROKER_CLOSE;ticket=118140566 type=main pnl=8.84;MANAGE_PROFIT;SAFE;0;1;1;-1;-1;4257.82;0.00;0.00;11.20;-7.32;KELLY_LITE;true;0.04;213424.64;0.0417;KELLY_LITE(mult=1.05 taper=1.00 n=11)+HARD_RISK_CAP(2.0%)+MAXLOSS_CAP;213433.48;213433.48;36;0
2026.08.07 03:27:11;XAUUSD;5;1786059415;PENDING_DELETED;ticket=118140567 reason=pending_expired;WAIT_TRIGGER;SAFE;0;0;1;-1;-1;4257.82;0.00;0.00;11.20;-7.32;KELLY_LITE;true;0.04;213424.64;0.0417;KELLY_LITE(mult=1.05 taper=1.00 n=11)+HARD_RISK_CAP(2.0%)+MAXLOSS_CAP;213433.48;213433.48;36;0
2026.08.07 03:27:11;XAUUSD;5;1786059415;CYCLE_RESET;oldState=RESET realizedPnL=8.84 peak=11.20 worst=-7.32 pyramid=1 consLosses=0;RESET;SAFE;0;0;1;-1;-1;4257.82;0.00;0.00;11.20;-7.32;KELLY_LITE;true;0.04;213424.64;0.0417;KELLY_LITE(mult=1.05 taper=1.00 n=11)+HARD_RISK_CAP(2.0%)+MAXLOSS_CAP;213433.48;213433.48;36;0
2026.08.07 03:32:11;XAUUSD;5;1786059416;PLACE_PENDING_START;cycle=1786059416 trend=1 consecLosses=0 preset=AGGRESSIVE;PLACE_PENDING;SAFE;0;0;0;-1;-1;0.00;0.00;0.00;0.00;0.00;KELLY_LITE;true;0.04;213424.64;0.0417;KELLY_LITE(mult=1.05 taper=1.00 n=11)+HARD_RISK_CAP(2.0%)+MAXLOSS_CAP;213433.48;213433.48;36;0
2026.08.07 03:32:11;XAUUSD;5;1786059416;DIR_OCO_PLACED;dir=BULL ticket=118142796 price=4260.31 sl=4245.31 tp=4282.81 lot=0.04 dist=1.95;PLACE_PENDING;SAFE;0;1;0;118142796;-1;0.00;0.00;0.00;0.00;0.00;KELLY_LITE;true;0.04;213433.48;0.0417;KELLY_LITE(mult=1.10 taper=1.00 n=12)+HARD_RISK_CAP(2.0%)+MAXLOSS_CAP;213433.48;213433.48;36;0
2026.08.07 03:32:12;XAUUSD;5;1786059416;DIR_OCO_COUNTER_PLACED;dir=BEAR(counter) ticket=118142798 price=4255.99 lot=0.03;PLACE_PENDING;SAFE;0;2;0;118142796;118142798;0.00;0.00;0.00;0.00;0.00;KELLY_LITE;true;0.04;213433.48;0.0417;KELLY_LITE(mult=1.10 taper=1.00 n=12)+HARD_RISK_CAP(2.0%)+MAXLOSS_CAP;213433.48;213433.48;36;0
2026.08.07 03:32:13;XAUUSD;5;1786059416;BUY_STOP_TRAILED;Old=4260.31 New=4259.99;WAIT_TRIGGER;SAFE;0;2;0;118142796;118142798;0.00;0.00;0.00;0.00;0.00;KELLY_LITE;true;0.04;213433.48;0.0417;KELLY_LITE(mult=1.10 taper=1.00 n=12)+HARD_RISK_CAP(2.0%)+MAXLOSS_CAP;213433.48;213433.48;36;0
2026.08.07 03:32:45;XAUUSD;5;1786059416;BUY_STOP_TRAILED;Old=4259.99 New=4259.51;WAIT_TRIGGER;SAFE;0;2;0;118142796;118142798;0.00;0.00;0.00;0.00;0.00;KELLY_LITE;true;0.04;213433.48;0.0417;KELLY_LITE(mult=1.10 taper=1.00 n=12)+HARD_RISK_CAP(2.0%)+MAXLOSS_CAP;213433.48;213433.48;36;0
2026.08.07 03:32:55;XAUUSD;5;1786059416;SELL_STOP_TRAILED;Old=4255.99 New=4256.32;WAIT_TRIGGER;SAFE;0;2;0;118142796;118142798;0.00;0.00;0.00;0.00;0.00;KELLY_LITE;true;0.04;213433.48;0.0417;KELLY_LITE(mult=1.10 taper=1.00 n=12)+HARD_RISK_CAP(2.0%)+MAXLOSS_CAP;213433.48;213433.48;36;0
2026.08.07 03:33:10;XAUUSD;5;1786059416;SELL_STOP_TRAILED;Old=4256.32 New=4256.73;WAIT_TRIGGER;SAFE;0;2;0;118142796;118142798;0.00;0.00;0.00;0.00;0.00;KELLY_LITE;true;0.04;213433.48;0.0417;KELLY_LITE(mult=1.10 taper=1.00 n=12)+HARD_RISK_CAP(2.0%)+MAXLOSS_CAP;213433.48;213433.48;36;0
2026.08.07 03:34:32;XAUUSD;5;1786059416;BUY_STOP_TRAILED;Old=4259.51 New=4259.14;WAIT_TRIGGER;SAFE;0;2;0;118142796;118142798;0.00;0.00;0.00;0.00;0.00;KELLY_LITE;true;0.04;213433.48;0.0417;KELLY_LITE(mult=1.10 taper=1.00 n=12)+HARD_RISK_CAP(2.0%)+MAXLOSS_CAP;213433.48;213433.48;36;0
2026.08.07 03:34:34;XAUUSD;5;1786059416;OCO_TRIGGERED_SELL;ticket=118142798 entry=4256.73;POSITION_ACTIVE;SAFE;1;1;0;118142796;-1;0.00;-1.05;-1.05;0.00;0.00;KELLY_LITE;true;0.04;213433.48;0.0417;KELLY_LITE(mult=1.10 taper=1.00 n=12)+HARD_RISK_CAP(2.0%)+MAXLOSS_CAP;213433.48;213432.43;36;0
2026.08.07 03:34:34;XAUUSD;5;1786059416;OPPOSITE_TRAIL_ARMED;opposite_ticket=118142796 will trail price;POSITION_ACTIVE;SAFE;1;1;0;118142796;-1;0.00;-1.05;-1.05;0.00;0.00;KELLY_LITE;true;0.04;213433.48;0.0417;KELLY_LITE(mult=1.10 taper=1.00 n=12)+HARD_RISK_CAP(2.0%)+MAXLOSS_CAP;213433.48;213432.43;36;0
2026.08.07 03:35:29;XAUUSD;5;1786059416;OPPOSITE_PENDING_TRAILED;BUY_STOP trailed DOWN: ticket=118142796 old=4259.14 new=4258.77 dist=2.78;MANAGE_PROFIT;SAFE;1;1;1;-1;-1;4256.73;2.10;2.10;1.92;-2.40;KELLY_LITE;true;0.04;213433.48;0.0417;KELLY_LITE(mult=1.10 taper=1.00 n=12)+HARD_RISK_CAP(2.0%)+MAXLOSS_CAP;213433.48;213435.58;36;0
2026.08.07 03:35:46;XAUUSD;5;1786059416;OPPOSITE_PENDING_TRAILED;BUY_STOP trailed DOWN: ticket=118142796 old=4258.77 new=4258.45 dist=2.80;MANAGE_PROFIT;SAFE;1;1;1;-1;-1;4256.73;2.91;2.91;3.18;-2.40;KELLY_LITE;true;0.04;213433.48;0.0417;KELLY_LITE(mult=1.10 taper=1.00 n=12)+HARD_RISK_CAP(2.0%)+MAXLOSS_CAP;213433.48;213436.39;36;0
2026.08.07 03:35:51;XAUUSD;5;1786059416;OPPOSITE_PENDING_TRAILED;BUY_STOP trailed DOWN: ticket=118142796 old=4258.45 new=4258.09 dist=2.81;MANAGE_PROFIT;SAFE;1;1;1;-1;-1;4256.73;4.08;4.08;4.14;-2.40;KELLY_LITE;true;0.04;213433.48;0.0417;KELLY_LITE(mult=1.10 taper=1.00 n=12)+HARD_RISK_CAP(2.0%)+MAXLOSS_CAP;213433.48;213437.56;36;0
2026.08.07 03:36:01;XAUUSD;5;1786059416;OPPOSITE_PENDING_TRAILED;BUY_STOP trailed DOWN: ticket=118142796 old=4258.09 new=4257.71 dist=2.83;MANAGE_PROFIT;SAFE;1;1;1;-1;-1;4256.73;6.00;6.00;4.86;-2.40;KELLY_LITE;true;0.04;213433.48;0.0417;KELLY_LITE(mult=1.10 taper=1.00 n=12)+HARD_RISK_CAP(2.0%)+MAXLOSS_CAP;213433.48;213439.48;36;0
2026.08.07 03:36:15;XAUUSD;5;1786059416;OPPOSITE_PENDING_TRAILED;BUY_STOP trailed DOWN: ticket=118142796 old=4257.71 new=4257.37 dist=2.85;MANAGE_PROFIT;SAFE;1;1;1;-1;-1;4256.73;8.49;8.49;6.21;-2.40;KELLY_LITE;true;0.04;213433.48;0.0417;KELLY_LITE(mult=1.10 taper=1.00 n=12)+HARD_RISK_CAP(2.0%)+MAXLOSS_CAP;213433.48;213441.97;36;0
2026.08.07 03:36:16;XAUUSD;5;1786059416;SL_MODIFIED;ticket=118142798 oldSL=4268.73 newSL=4254.42 reason=break_even_lock_leg_0;MANAGE_PROFIT;SAFE;1;1;1;-1;-1;4256.73;9.15;9.15;8.49;-2.40;KELLY_LITE;true;0.04;213433.48;0.0417;KELLY_LITE(mult=1.10 taper=1.00 n=12)+HARD_RISK_CAP(2.0%)+MAXLOSS_CAP;213433.48;213442.63;37;0
2026.08.07 03:36:16;XAUUSD;5;1786059416;PROFIT_RATCHET_LOCKED;floor=3.61 peak=8.49;MANAGE_PROFIT;SAFE;1;1;1;-1;-1;4256.73;9.15;9.15;8.49;-2.40;KELLY_LITE;true;0.04;213433.48;0.0417;KELLY_LITE(mult=1.10 taper=1.00 n=12)+HARD_RISK_CAP(2.0%)+MAXLOSS_CAP;213433.48;213442.63;37;0
2026.08.07 03:36:16;XAUUSD;5;1786059416;OPPOSITE_PENDING_TRAILED;BUY_STOP trailed DOWN: ticket=118142796 old=4257.37 new=4256.56 dist=2.88;MANAGE_PROFIT;SAFE;1;1;1;-1;-1;4256.73;8.61;8.61;8.49;-2.40;KELLY_LITE;true;0.04;213433.48;0.0417;KELLY_LITE(mult=1.10 taper=1.00 n=12)+HARD_RISK_CAP(2.0%)+MAXLOSS_CAP;213433.48;213442.09;36;0
2026.08.07 03:36:17;XAUUSD;5;1786059416;SL_MODIFY_FAILED;ticket=118142798 newSL=4254.38 reason=break_even_lock_leg_0 err=0;MANAGE_PROFIT;SAFE;1;1;1;-1;-1;4256.73;7.53;7.53;8.61;-2.40;KELLY_LITE;true;0.04;213433.48;0.0417;KELLY_LITE(mult=1.10 taper=1.00 n=12)+HARD_RISK_CAP(2.0%)+MAXLOSS_CAP;213433.48;213441.01;36;0
2026.08.07 03:36:17;XAUUSD;5;1786059416;PROFIT_RATCHET_LOCKED;floor=3.66 peak=8.61;MANAGE_PROFIT;SAFE;1;1;1;-1;-1;4256.73;7.53;7.53;8.61;-2.40;KELLY_LITE;true;0.04;213433.48;0.0417;KELLY_LITE(mult=1.10 taper=1.00 n=12)+HARD_RISK_CAP(2.0%)+MAXLOSS_CAP;213433.48;213441.01;36;0
2026.08.07 03:36:17;XAUUSD;5;1786059416;PROFIT_RATCHET_LOCKED;floor=3.66 peak=8.61;MANAGE_PROFIT;SAFE;1;1;1;-1;-1;4256.73;7.53;7.53;8.61;-2.40;KELLY_LITE;true;0.04;213433.48;0.0417;KELLY_LITE(mult=1.10 taper=1.00 n=12)+HARD_RISK_CAP(2.0%)+MAXLOSS_CAP;213433.48;213441.01;36;0
2026.08.07 03:36:17;XAUUSD;5;1786059416;PROFIT_RATCHET_LOCKED;floor=3.66 peak=8.61;MANAGE_PROFIT;SAFE;1;1;1;-1;-1;4256.73;7.92;7.92;8.61;-2.40;KELLY_LITE;true;0.04;213433.48;0.0417;KELLY_LITE(mult=1.10 taper=1.00 n=12)+HARD_RISK_CAP(2.0%)+MAXLOSS_CAP;213433.48;213441.40;36;0
2026.08.07 03:36:17;XAUUSD;5;1786059416;PROFIT_RATCHET_LOCKED;floor=3.66 peak=8.61;MANAGE_PROFIT;SAFE;1;1;1;-1;-1;4256.73;7.89;7.89;8.61;-2.40;KELLY_LITE;true;0.04;213433.48;0.0417;KELLY_LITE(mult=1.10 taper=1.00 n=12)+HARD_RISK_CAP(2.0%)+MAXLOSS_CAP;213433.48;213441.37;36;0
2026.08.07 03:36:17;XAUUSD;5;1786059416;PROFIT_RATCHET_LOCKED;floor=3.66 peak=8.61;MANAGE_PROFIT;SAFE;1;1;1;-1;-1;4256.73;7.32;7.32;8.61;-2.40;KELLY_LITE;true;0.04;213433.48;0.0417;KELLY_LITE(mult=1.10 taper=1.00 n=12)+HARD_RISK_CAP(2.0%)+MAXLOSS_CAP;213433.48;213440.80;36;0
2026.08.07 03:36:18;XAUUSD;5;1786059416;PROFIT_RATCHET_LOCKED;floor=3.66 peak=8.61;MANAGE_PROFIT;SAFE;1;1;1;-1;-1;4256.73;7.47;7.47;8.61;-2.40;KELLY_LITE;true;0.04;213433.48;0.0417;KELLY_LITE(mult=1.10 taper=1.00 n=12)+HARD_RISK_CAP(2.0%)+MAXLOSS_CAP;213433.48;213440.95;36;0
2026.08.07 03:36:18;XAUUSD;5;1786059416;PROFIT_RATCHET_LOCKED;floor=3.66 peak=8.61;MANAGE_PROFIT;SAFE;1;1;1;-1;-1;4256.73;7.44;7.44;8.61;-2.40;KELLY_LITE;true;0.04;213433.48;0.0417;KELLY_LITE(mult=1.10 taper=1.00 n=12)+HARD_RISK_CAP(2.0%)+MAXLOSS_CAP;213433.48;213440.92;36;0
2026.08.07 03:36:18;XAUUSD;5;1786059416;EXIT_TIERED_TRAIL;profit=7.17 peak=8.61 allowedRetrace=1.29;MANAGE_PROFIT;SAFE;1;1;1;-1;-1;4256.73;7.17;7.17;8.61;-2.40;KELLY_LITE;true;0.04;213433.48;0.0417;KELLY_LITE(mult=1.10 taper=1.00 n=12)+HARD_RISK_CAP(2.0%)+MAXLOSS_CAP;213433.48;213440.65;36;0
2026.08.07 03:36:19;XAUUSD;5;1786059416;POSITION_CLOSED;ticket=118142798 reason=tiered_profit_trail lots=0.03 price=4254.34 pnl=7.17;MANAGE_PROFIT;SAFE;0;1;1;-1;-1;4256.73;0.00;0.00;8.61;-2.40;KELLY_LITE;true;0.04;213433.48;0.0417;KELLY_LITE(mult=1.10 taper=1.00 n=12)+HARD_RISK_CAP(2.0%)+MAXLOSS_CAP;213440.47;213440.47;33;0
2026.08.07 03:36:19;XAUUSD;5;1786059416;PENDING_DELETED;ticket=118142796 reason=close_all_cleanup;MANAGE_PROFIT;SAFE;0;0;1;-1;-1;4256.73;0.00;0.00;8.61;-2.40;KELLY_LITE;true;0.04;213433.48;0.0417;KELLY_LITE(mult=1.10 taper=1.00 n=12)+HARD_RISK_CAP(2.0%)+MAXLOSS_CAP;213440.47;213440.47;36;0
2026.08.07 03:36:19;XAUUSD;5;1786059416;CYCLE_RESET;oldState=RESET realizedPnL=6.99 peak=8.61 worst=-2.40 pyramid=0 consLosses=0;RESET;SAFE;0;0;0;-1;-1;4256.73;0.00;0.00;8.61;-2.40;KELLY_LITE;true;0.04;213433.48;0.0417;KELLY_LITE(mult=1.10 taper=1.00 n=12)+HARD_RISK_CAP(2.0%)+MAXLOSS_CAP;213440.47;213440.47;36;0
2026.08.07 03:41:19;XAUUSD;5;1786059417;PLACE_PENDING_START;cycle=1786059417 trend=1 consecLosses=0 preset=AGGRESSIVE;PLACE_PENDING;SAFE;0;0;0;-1;-1;0.00;0.00;0.00;0.00;0.00;KELLY_LITE;true;0.04;213433.48;0.0417;KELLY_LITE(mult=1.10 taper=1.00 n=12)+HARD_RISK_CAP(2.0%)+MAXLOSS_CAP;213440.47;213440.47;36;0
2026.08.07 03:41:19;XAUUSD;5;1786059417;DIR_OCO_PLACED;dir=BULL ticket=118143571 price=4255.55 sl=4240.55 tp=4278.05 lot=0.04 dist=1.87;PLACE_PENDING;SAFE;0;1;0;118143571;-1;0.00;0.00;0.00;0.00;0.00;KELLY_LITE;true;0.04;213440.47;0.0417;KELLY_LITE(mult=1.15 taper=1.00 n=13)+HARD_RISK_CAP(2.0%)+MAXLOSS_CAP;213440.47;213440.47;36;0
2026.08.07 03:41:20;XAUUSD;5;1786059417;DIR_OCO_COUNTER_PLACED;dir=BEAR(counter) ticket=118143572 price=4251.36 lot=0.03;PLACE_PENDING;SAFE;0;2;0;118143571;118143572;0.00;0.00;0.00;0.00;0.00;KELLY_LITE;true;0.04;213440.47;0.0417;KELLY_LITE(mult=1.15 taper=1.00 n=13)+HARD_RISK_CAP(2.0%)+MAXLOSS_CAP;213440.47;213440.47;36;0
2026.08.07 03:41:24;XAUUSD;5;1786059417;SELL_STOP_TRAILED;Old=4251.36 New=4251.75;WAIT_TRIGGER;SAFE;0;2;0;118143571;118143572;0.00;0.00;0.00;0.00;0.00;KELLY_LITE;true;0.04;213440.47;0.0417;KELLY_LITE(mult=1.15 taper=1.00 n=13)+HARD_RISK_CAP(2.0%)+MAXLOSS_CAP;213440.47;213440.47;36;0
2026.08.07 03:41:28;XAUUSD;5;1786059417;SELL_STOP_TRAILED;Old=4251.75 New=4252.15;WAIT_TRIGGER;SAFE;0;2;0;118143571;118143572;0.00;0.00;0.00;0.00;0.00;KELLY_LITE;true;0.04;213440.47;0.0417;KELLY_LITE(mult=1.15 taper=1.00 n=13)+HARD_RISK_CAP(2.0%)+MAXLOSS_CAP;213440.47;213440.47;36;0
2026.08.07 03:41:33;XAUUSD;5;1786059417;SELL_STOP_TRAILED;Old=4252.15 New=4252.47;WAIT_TRIGGER;SAFE;0;2;0;118143571;118143572;0.00;0.00;0.00;0.00;0.00;KELLY_LITE;true;0.04;213440.47;0.0417;KELLY_LITE(mult=1.15 taper=1.00 n=13)+HARD_RISK_CAP(2.0%)+MAXLOSS_CAP;213440.47;213440.47;36;0
2026.08.07 03:42:04;XAUUSD;5;1786059417;SELL_STOP_TRAILED;Old=4252.47 New=4252.95;WAIT_TRIGGER;SAFE;0;2;0;118143571;118143572;0.00;0.00;0.00;0.00;0.00;KELLY_LITE;true;0.04;213440.47;0.0417;KELLY_LITE(mult=1.15 taper=1.00 n=13)+HARD_RISK_CAP(2.0%)+MAXLOSS_CAP;213440.47;213440.47;36;0
2026.08.07 03:42:18;XAUUSD;5;1786059417;OCO_TRIGGERED_SELL;ticket=118143572 entry=4252.95;POSITION_ACTIVE;SAFE;1;1;0;118143571;-1;0.00;0.21;-0.78;0.00;0.00;KELLY_LITE;true;0.04;213440.47;0.0417;KELLY_LITE(mult=1.15 taper=1.00 n=13)+HARD_RISK_CAP(2.0%)+MAXLOSS_CAP;213440.47;213440.68;33;0
2026.08.07 03:42:18;XAUUSD;5;1786059417;OPPOSITE_TRAIL_ARMED;opposite_ticket=118143571 will trail price;POSITION_ACTIVE;SAFE;1;1;0;118143571;-1;0.00;0.21;-0.78;0.00;0.00;KELLY_LITE;true;0.04;213440.47;0.0417;KELLY_LITE(mult=1.15 taper=1.00 n=13)+HARD_RISK_CAP(2.0%)+MAXLOSS_CAP;213440.47;213440.68;33;0
2026.08.07 03:42:52;XAUUSD;5;1786059417;OPPOSITE_PENDING_TRAILED;BUY_STOP trailed DOWN: ticket=118143571 old=4255.55 new=4255.16 dist=2.86;MANAGE_PROFIT;SAFE;1;1;1;-1;-1;4252.95;2.70;2.70;1.38;-2.13;KELLY_LITE;true;0.04;213440.47;0.0417;KELLY_LITE(mult=1.15 taper=1.00 n=13)+HARD_RISK_CAP(2.0%)+MAXLOSS_CAP;213440.47;213443.17;33;0
2026.08.07 03:42:53;XAUUSD;5;1786059417;OPPOSITE_PENDING_TRAILED;BUY_STOP trailed DOWN: ticket=118143571 old=4255.16 new=4254.67 dist=2.86;MANAGE_PROFIT;SAFE;1;1;1;-1;-1;4252.95;3.36;3.36;2.76;-2.13;KELLY_LITE;true;0.04;213440.47;0.0417;KELLY_LITE(mult=1.15 taper=1.00 n=13)+HARD_RISK_CAP(2.0%)+MAXLOSS_CAP;213440.47;213443.83;33;0
2026.08.07 03:43:00;XAUUSD;5;1786059417;OPPOSITE_PENDING_TRAILED;BUY_STOP trailed DOWN: ticket=118143571 old=4254.67 new=4254.35 dist=2.86;MANAGE_PROFIT;SAFE;1;1;1;-1;-1;4252.95;4.56;4.56;3.81;-2.13;KELLY_LITE;true;0.04;213440.47;0.0417;KELLY_LITE(mult=1.15 taper=1.00 n=13)+HARD_RISK_CAP(2.0%)+MAXLOSS_CAP;213440.47;213445.03;36;0
2026.08.07 03:43:01;XAUUSD;5;1786059417;OPPOSITE_PENDING_TRAILED;BUY_STOP trailed DOWN: ticket=118143571 old=4254.35 new=4253.97 dist=2.86;MANAGE_PROFIT;SAFE;1;1;1;-1;-1;4252.95;5.55;5.55;5.04;-2.13;KELLY_LITE;true;0.04;213440.47;0.0417;KELLY_LITE(mult=1.15 taper=1.00 n=13)+HARD_RISK_CAP(2.0%)+MAXLOSS_CAP;213440.47;213446.02;36;0
2026.08.07 03:43:08;XAUUSD;5;1786059417;OPPOSITE_PENDING_TRAILED;BUY_STOP trailed DOWN: ticket=118143571 old=4253.97 new=4253.60 dist=2.88;MANAGE_PROFIT;SAFE;1;1;1;-1;-1;4252.95;6.69;6.69;6.09;-2.13;KELLY_LITE;true;0.04;213440.47;0.0417;KELLY_LITE(mult=1.15 taper=1.00 n=13)+HARD_RISK_CAP(2.0%)+MAXLOSS_CAP;213440.47;213447.16;33;0
2026.08.07 03:43:09;XAUUSD;5;1786059417;OPPOSITE_PENDING_TRAILED;BUY_STOP trailed DOWN: ticket=118143571 old=4253.60 new=4253.19 dist=2.90;MANAGE_PROFIT;SAFE;1;1;1;-1;-1;4252.95;7.74;7.74;7.41;-2.13;KELLY_LITE;true;0.04;213440.47;0.0417;KELLY_LITE(mult=1.15 taper=1.00 n=13)+HARD_RISK_CAP(2.0%)+MAXLOSS_CAP;213440.47;213448.21;36;0
2026.08.07 03:44:55;XAUUSD;5;1786059417;SL_MODIFIED;ticket=118143572 oldSL=4264.95 newSL=4250.95 reason=break_even_lock_leg_0 (retry buf=3pt);MANAGE_PROFIT;SAFE;1;1;1;-1;-1;4252.95;7.62;7.62;8.43;-2.13;KELLY_LITE;true;0.04;213440.47;0.0417;KELLY_LITE(mult=1.15 taper=1.00 n=13)+HARD_RISK_CAP(2.0%)+MAXLOSS_CAP;213440.47;213448.09;36;0
2026.08.07 03:44:55;XAUUSD;5;1786059417;PROFIT_RATCHET_LOCKED;floor=3.58 peak=8.43;MANAGE_PROFIT;SAFE;1;1;1;-1;-1;4252.95;7.62;7.62;8.43;-2.13;KELLY_LITE;true;0.04;213440.47;0.0417;KELLY_LITE(mult=1.15 taper=1.00 n=13)+HARD_RISK_CAP(2.0%)+MAXLOSS_CAP;213440.47;213448.09;36;0
2026.08.07 03:44:55;XAUUSD;5;1786059417;PROFIT_RATCHET_LOCKED;floor=3.58 peak=8.43;MANAGE_PROFIT;SAFE;1;1;1;-1;-1;4252.95;7.62;7.62;8.43;-2.13;KELLY_LITE;true;0.04;213440.47;0.0417;KELLY_LITE(mult=1.15 taper=1.00 n=13)+HARD_RISK_CAP(2.0%)+MAXLOSS_CAP;213440.47;213448.09;36;0
2026.08.07 03:44:56;XAUUSD;5;1786059417;SL_MODIFIED;ticket=118143572 oldSL=4250.95 newSL=4250.78 reason=break_even_lock_leg_0;MANAGE_PROFIT;SAFE;1;1;1;-1;-1;4252.95;8.07;8.07;8.43;-2.13;KELLY_LITE;true;0.04;213440.47;0.0417;KELLY_LITE(mult=1.15 taper=1.00 n=13)+HARD_RISK_CAP(2.0%)+MAXLOSS_CAP;213440.47;213448.54;36;0
2026.08.07 03:44:56;XAUUSD;5;1786059417;PROFIT_RATCHET_LOCKED;floor=3.58 peak=8.43;MANAGE_PROFIT;SAFE;1;1;1;-1;-1;4252.95;8.07;8.07;8.43;-2.13;KELLY_LITE;true;0.04;213440.47;0.0417;KELLY_LITE(mult=1.15 taper=1.00 n=13)+HARD_RISK_CAP(2.0%)+MAXLOSS_CAP;213440.47;213448.54;36;0
2026.08.07 03:44:56;XAUUSD;5;1786059417;PROFIT_RATCHET_LOCKED;floor=3.58 peak=8.43;MANAGE_PROFIT;SAFE;1;1;1;-1;-1;4252.95;8.10;8.10;8.43;-2.13;KELLY_LITE;true;0.04;213440.47;0.0417;KELLY_LITE(mult=1.15 taper=1.00 n=13)+HARD_RISK_CAP(2.0%)+MAXLOSS_CAP;213440.47;213448.57;36;0
2026.08.07 03:44:56;XAUUSD;5;1786059417;PROFIT_RATCHET_LOCKED;floor=3.58 peak=8.43;MANAGE_PROFIT;SAFE;1;1;1;-1;-1;4252.95;7.98;7.98;8.43;-2.13;KELLY_LITE;true;0.04;213440.47;0.0417;KELLY_LITE(mult=1.15 taper=1.00 n=13)+HARD_RISK_CAP(2.0%)+MAXLOSS_CAP;213440.47;213448.45;36;0
2026.08.07 03:44:57;XAUUSD;5;1786059417;SL_MODIFY_FAILED;ticket=118143572 newSL=4250.75 reason=break_even_lock_leg_0 err=0;MANAGE_PROFIT;SAFE;1;1;1;-1;-1;4252.95;8.04;8.04;8.43;-2.13;KELLY_LITE;true;0.04;213440.47;0.0417;KELLY_LITE(mult=1.15 taper=1.00 n=13)+HARD_RISK_CAP(2.0%)+MAXLOSS_CAP;213440.47;213448.51;36;0
2026.08.07 03:44:57;XAUUSD;5;1786059417;PROFIT_RATCHET_LOCKED;floor=3.58 peak=8.43;MANAGE_PROFIT;SAFE;1;1;1;-1;-1;4252.95;8.04;8.04;8.43;-2.13;KELLY_LITE;true;0.04;213440.47;0.0417;KELLY_LITE(mult=1.15 taper=1.00 n=13)+HARD_RISK_CAP(2.0%)+MAXLOSS_CAP;213440.47;213448.51;36;0
2026.08.07 03:44:57;XAUUSD;5;1786059417;PROFIT_RATCHET_LOCKED;floor=3.58 peak=8.43;MANAGE_PROFIT;SAFE;1;1;1;-1;-1;4252.95;8.04;8.04;8.43;-2.13;KELLY_LITE;true;0.04;213440.47;0.0417;KELLY_LITE(mult=1.15 taper=1.00 n=13)+HARD_RISK_CAP(2.0%)+MAXLOSS_CAP;213440.47;213448.51;36;0
2026.08.07 03:44:58;XAUUSD;5;1786059417;SL_MODIFIED;ticket=118143572 oldSL=4250.78 newSL=4250.73 reason=break_even_lock_leg_0;MANAGE_PROFIT;SAFE;1;1;1;-1;-1;4252.95;8.22;8.22;8.43;-2.13;KELLY_LITE;true;0.04;213440.47;0.0417;KELLY_LITE(mult=1.15 taper=1.00 n=13)+HARD_RISK_CAP(2.0%)+MAXLOSS_CAP;213440.47;213448.69;35;0
2026.08.07 03:44:58;XAUUSD;5;1786059417;PROFIT_RATCHET_LOCKED;floor=3.58 peak=8.43;MANAGE_PROFIT;SAFE;1;1;1;-1;-1;4252.95;8.22;8.22;8.43;-2.13;KELLY_LITE;true;0.04;213440.47;0.0417;KELLY_LITE(mult=1.15 taper=1.00 n=13)+HARD_RISK_CAP(2.0%)+MAXLOSS_CAP;213440.47;213448.69;35;0
2026.08.07 03:44:58;XAUUSD;5;1786059417;PROFIT_RATCHET_LOCKED;floor=3.58 peak=8.43;MANAGE_PROFIT;SAFE;1;1;1;-1;-1;4252.95;8.22;8.22;8.43;-2.13;KELLY_LITE;true;0.04;213440.47;0.0417;KELLY_LITE(mult=1.15 taper=1.00 n=13)+HARD_RISK_CAP(2.0%)+MAXLOSS_CAP;213440.47;213448.69;35;0
2026.08.07 03:44:58;XAUUSD;5;1786059417;PROFIT_RATCHET_LOCKED;floor=3.58 peak=8.43;MANAGE_PROFIT;SAFE;1;1;1;-1;-1;4252.95;8.19;8.19;8.43;-2.13;KELLY_LITE;true;0.04;213440.47;0.0417;KELLY_LITE(mult=1.15 taper=1.00 n=13)+HARD_RISK_CAP(2.0%)+MAXLOSS_CAP;213440.47;213448.66;36;0
2026.08.07 03:44:58;XAUUSD;5;1786059417;PROFIT_RATCHET_LOCKED;floor=3.58 peak=8.43;MANAGE_PROFIT;SAFE;1;1;1;-1;-1;4252.95;8.28;8.28;8.43;-2.13;KELLY_LITE;true;0.04;213440.47;0.0417;KELLY_LITE(mult=1.15 taper=1.00 n=13)+HARD_RISK_CAP(2.0%)+MAXLOSS_CAP;213440.47;213448.75;36;0
2026.08.07 03:44:59;XAUUSD;5;1786059417;SL_MODIFIED;ticket=118143572 oldSL=4250.73 newSL=4250.67 reason=break_even_lock_leg_0;MANAGE_PROFIT;SAFE;1;1;1;-1;-1;4252.95;8.46;8.46;8.43;-2.13;KELLY_LITE;true;0.04;213440.47;0.0417;KELLY_LITE(mult=1.15 taper=1.00 n=13)+HARD_RISK_CAP(2.0%)+MAXLOSS_CAP;213440.47;213448.93;36;0
2026.08.07 03:44:59;XAUUSD;5;1786059417;PROFIT_RATCHET_LOCKED;floor=3.58 peak=8.43;MANAGE_PROFIT;SAFE;1;1;1;-1;-1;4252.95;8.46;8.46;8.43;-2.13;KELLY_LITE;true;0.04;213440.47;0.0417;KELLY_LITE(mult=1.15 taper=1.00 n=13)+HARD_RISK_CAP(2.0%)+MAXLOSS_CAP;213440.47;213448.93;36;0
2026.08.07 03:45:00;XAUUSD;5;1786059417;SL_MODIFIED;ticket=118143572 oldSL=4250.67 newSL=4250.65 reason=break_even_lock_leg_0;MANAGE_PROFIT;SAFE;1;1;1;-1;-1;4252.95;8.85;8.85;8.46;-2.13;KELLY_LITE;true;0.04;213440.47;0.0417;KELLY_LITE(mult=1.15 taper=1.00 n=13)+HARD_RISK_CAP(2.0%)+MAXLOSS_CAP;213440.47;213449.32;36;0
2026.08.07 03:45:00;XAUUSD;5;1786059417;PROFIT_RATCHET_LOCKED;floor=3.60 peak=8.46;MANAGE_PROFIT;SAFE;1;1;1;-1;-1;4252.95;8.85;8.85;8.46;-2.13;KELLY_LITE;true;0.04;213440.47;0.0417;KELLY_LITE(mult=1.15 taper=1.00 n=13)+HARD_RISK_CAP(2.0%)+MAXLOSS_CAP;213440.47;213449.32;36;0
2026.08.07 03:45:00;XAUUSD;5;1786059417;SL_MODIFIED;ticket=118143572 oldSL=4250.65 newSL=4250.52 reason=break_even_lock_leg_0;MANAGE_PROFIT;SAFE;1;1;1;-1;-1;4252.95;9.75;9.75;8.85;-2.13;KELLY_LITE;true;0.04;213440.47;0.0417;KELLY_LITE(mult=1.15 taper=1.00 n=13)+HARD_RISK_CAP(2.0%)+MAXLOSS_CAP;213440.47;213450.22;33;0
2026.08.07 03:45:00;XAUUSD;5;1786059417;PROFIT_RATCHET_LOCKED;floor=3.76 peak=8.85;MANAGE_PROFIT;SAFE;1;1;1;-1;-1;4252.95;9.75;9.75;8.85;-2.13;KELLY_LITE;true;0.04;213440.47;0.0417;KELLY_LITE(mult=1.15 taper=1.00 n=13)+HARD_RISK_CAP(2.0%)+MAXLOSS_CAP;213440.47;213450.22;33;0
2026.08.07 03:45:01;XAUUSD;5;1786059417;OPPOSITE_PENDING_TRAILED;BUY_STOP trailed DOWN: ticket=118143571 old=4253.19 new=4252.42 dist=2.72;MANAGE_PROFIT;SAFE;1;1;1;-1;-1;4252.95;9.96;9.96;8.85;-2.13;KELLY_LITE;true;0.04;213440.47;0.0417;KELLY_LITE(mult=1.15 taper=1.00 n=13)+HARD_RISK_CAP(2.0%)+MAXLOSS_CAP;213440.47;213450.43;36;0
2026.08.07 03:45:01;XAUUSD;5;1786059417;SL_MODIFIED;ticket=118143572 oldSL=4250.52 newSL=4250.37 reason=break_even_lock_leg_0 (retry buf=3pt);MANAGE_PROFIT;SAFE;1;1;1;-1;-1;4252.95;9.24;9.24;9.96;-2.13;KELLY_LITE;true;0.04;213440.47;0.0417;KELLY_LITE(mult=1.15 taper=1.00 n=13)+HARD_RISK_CAP(2.0%)+MAXLOSS_CAP;213440.47;213449.71;36;0
2026.08.07 03:45:01;XAUUSD;5;1786059417;PROFIT_RATCHET_LOCKED;floor=4.23 peak=9.96;MANAGE_PROFIT;SAFE;1;1;1;-1;-1;4252.95;9.24;9.24;9.96;-2.13;KELLY_LITE;true;0.04;213440.47;0.0417;KELLY_LITE(mult=1.15 taper=1.00 n=13)+HARD_RISK_CAP(2.0%)+MAXLOSS_CAP;213440.47;213449.71;36;0
2026.08.07 03:45:01;XAUUSD;5;1786059417;PROFIT_RATCHET_LOCKED;floor=4.23 peak=9.96;MANAGE_PROFIT;SAFE;1;1;1;-1;-1;4252.95;9.24;9.24;9.96;-2.13;KELLY_LITE;true;0.04;213440.47;0.0417;KELLY_LITE(mult=1.15 taper=1.00 n=13)+HARD_RISK_CAP(2.0%)+MAXLOSS_CAP;213440.47;213449.71;36;0
2026.08.07 03:45:02;XAUUSD;5;1786059417;SL_MODIFIED;ticket=118143572 oldSL=4250.37 newSL=4250.34 reason=break_even_lock_leg_0;MANAGE_PROFIT;SAFE;1;1;1;-1;-1;4252.95;9.78;9.78;9.96;-2.13;KELLY_LITE;true;0.04;213440.47;0.0417;KELLY_LITE(mult=1.15 taper=1.00 n=13)+HARD_RISK_CAP(2.0%)+MAXLOSS_CAP;213440.47;213450.25;36;0
2026.08.07 03:45:02;XAUUSD;5;1786059417;PROFIT_RATCHET_LOCKED;floor=4.23 peak=9.96;MANAGE_PROFIT;SAFE;1;1;1;-1;-1;4252.95;9.78;9.78;9.96;-2.13;KELLY_LITE;true;0.04;213440.47;0.0417;KELLY_LITE(mult=1.15 taper=1.00 n=13)+HARD_RISK_CAP(2.0%)+MAXLOSS_CAP;213440.47;213450.25;36;0
2026.08.07 03:45:03;XAUUSD;5;1786059417;SL_MODIFIED;ticket=118143572 oldSL=4250.34 newSL=4250.21 reason=break_even_lock_leg_0;MANAGE_PROFIT;SAFE;1;1;1;-1;-1;4252.95;9.81;9.81;9.96;-2.13;KELLY_LITE;true;0.04;213440.47;0.0417;KELLY_LITE(mult=1.15 taper=1.00 n=13)+HARD_RISK_CAP(2.0%)+MAXLOSS_CAP;213440.47;213450.28;36;0
2026.08.07 03:45:03;XAUUSD;5;1786059417;PROFIT_RATCHET_LOCKED;floor=4.23 peak=9.96;MANAGE_PROFIT;SAFE;1;1;1;-1;-1;4252.95;9.81;9.81;9.96;-2.13;KELLY_LITE;true;0.04;213440.47;0.0417;KELLY_LITE(mult=1.15 taper=1.00 n=13)+HARD_RISK_CAP(2.0%)+MAXLOSS_CAP;213440.47;213450.28;36;0
2026.08.07 03:45:03;XAUUSD;5;1786059417;PROFIT_RATCHET_LOCKED;floor=4.23 peak=9.96;MANAGE_PROFIT;SAFE;1;1;1;-1;-1;4252.95;9.81;9.81;9.96;-2.13;KELLY_LITE;true;0.04;213440.47;0.0417;KELLY_LITE(mult=1.15 taper=1.00 n=13)+HARD_RISK_CAP(2.0%)+MAXLOSS_CAP;213440.47;213450.28;36;0
2026.08.07 03:45:04;XAUUSD;5;1786059417;SL_MODIFIED;ticket=118143572 oldSL=4250.21 newSL=4250.13 reason=break_even_lock_leg_0;MANAGE_PROFIT;SAFE;1;1;1;-1;-1;4252.95;9.99;9.99;10.02;-2.13;KELLY_LITE;true;0.04;213440.47;0.0417;KELLY_LITE(mult=1.15 taper=1.00 n=13)+HARD_RISK_CAP(2.0%)+MAXLOSS_CAP;213440.47;213450.46;36;0
2026.08.07 03:45:04;XAUUSD;5;1786059417;PROFIT_RATCHET_LOCKED;floor=4.26 peak=10.02;MANAGE_PROFIT;SAFE;1;1;1;-1;-1;4252.95;9.99;9.99;10.02;-2.13;KELLY_LITE;true;0.04;213440.47;0.0417;KELLY_LITE(mult=1.15 taper=1.00 n=13)+HARD_RISK_CAP(2.0%)+MAXLOSS_CAP;213440.47;213450.46;36;0
2026.08.07 03:45:04;XAUUSD;5;1786059417;PROFIT_RATCHET_LOCKED;floor=4.26 peak=10.02;MANAGE_PROFIT;SAFE;1;1;1;-1;-1;4252.95;9.99;9.99;10.02;-2.13;KELLY_LITE;true;0.04;213440.47;0.0417;KELLY_LITE(mult=1.15 taper=1.00 n=13)+HARD_RISK_CAP(2.0%)+MAXLOSS_CAP;213440.47;213450.46;36;0
2026.08.07 03:45:04;XAUUSD;5;1786059417;PROFIT_RATCHET_LOCKED;floor=4.27 peak=10.05;MANAGE_PROFIT;SAFE;1;1;1;-1;-1;4252.95;10.05;10.05;10.05;-2.13;KELLY_LITE;true;0.04;213440.47;0.0417;KELLY_LITE(mult=1.15 taper=1.00 n=13)+HARD_RISK_CAP(2.0%)+MAXLOSS_CAP;213440.47;213450.52;36;0
2026.08.07 03:45:04;XAUUSD;5;1786059417;PROFIT_RATCHET_LOCKED;floor=4.27 peak=10.05;MANAGE_PROFIT;SAFE;1;1;1;-1;-1;4252.95;9.72;9.72;10.05;-2.13;KELLY_LITE;true;0.04;213440.47;0.0417;KELLY_LITE(mult=1.15 taper=1.00 n=13)+HARD_RISK_CAP(2.0%)+MAXLOSS_CAP;213440.47;213450.19;36;0
2026.08.07 03:45:04;XAUUSD;5;1786059417;PROFIT_RATCHET_LOCKED;floor=4.27 peak=10.05;MANAGE_PROFIT;SAFE;1;1;1;-1;-1;4252.95;9.57;9.57;10.05;-2.13;KELLY_LITE;true;0.04;213440.47;0.0417;KELLY_LITE(mult=1.15 taper=1.00 n=13)+HARD_RISK_CAP(2.0%)+MAXLOSS_CAP;213440.47;213450.04;36;0
2026.08.07 03:45:05;XAUUSD;5;1786059417;PROFIT_RATCHET_LOCKED;floor=4.27 peak=10.05;MANAGE_PROFIT;SAFE;1;1;1;-1;-1;4252.95;9.75;9.75;10.05;-2.13;KELLY_LITE;true;0.04;213440.47;0.0417;KELLY_LITE(mult=1.15 taper=1.00 n=13)+HARD_RISK_CAP(2.0%)+MAXLOSS_CAP;213440.47;213450.22;36;0
2026.08.07 03:45:05;XAUUSD;5;1786059417;PROFIT_RATCHET_LOCKED;floor=4.27 peak=10.05;MANAGE_PROFIT;SAFE;1;1;1;-1;-1;4252.95;9.81;9.81;10.05;-2.13;KELLY_LITE;true;0.04;213440.47;0.0417;KELLY_LITE(mult=1.15 taper=1.00 n=13)+HARD_RISK_CAP(2.0%)+MAXLOSS_CAP;213440.47;213450.28;36;0
2026.08.07 03:45:06;XAUUSD;5;1786059417;PROFIT_RATCHET_LOCKED;floor=4.27 peak=10.05;MANAGE_PROFIT;SAFE;1;1;1;-1;-1;4252.95;9.78;9.78;10.05;-2.13;KELLY_LITE;true;0.04;213440.47;0.0417;KELLY_LITE(mult=1.15 taper=1.00 n=13)+HARD_RISK_CAP(2.0%)+MAXLOSS_CAP;213440.47;213450.25;36;0
2026.08.07 03:45:06;XAUUSD;5;1786059417;PROFIT_RATCHET_LOCKED;floor=4.27 peak=10.05;MANAGE_PROFIT;SAFE;1;1;1;-1;-1;4252.95;9.81;9.81;10.05;-2.13;KELLY_LITE;true;0.04;213440.47;0.0417;KELLY_LITE(mult=1.15 taper=1.00 n=13)+HARD_RISK_CAP(2.0%)+MAXLOSS_CAP;213440.47;213450.28;36;0
2026.08.07 03:45:07;XAUUSD;5;1786059417;PROFIT_RATCHET_LOCKED;floor=4.27 peak=10.05;MANAGE_PROFIT;SAFE;1;1;1;-1;-1;4252.95;9.72;9.72;10.05;-2.13;KELLY_LITE;true;0.04;213440.47;0.0417;KELLY_LITE(mult=1.15 taper=1.00 n=13)+HARD_RISK_CAP(2.0%)+MAXLOSS_CAP;213440.47;213450.19;36;0
2026.08.07 03:45:07;XAUUSD;5;1786059417;PROFIT_RATCHET_LOCKED;floor=4.27 peak=10.05;MANAGE_PROFIT;SAFE;1;1;1;-1;-1;4252.95;9.93;9.93;10.05;-2.13;KELLY_LITE;true;0.04;213440.47;0.0417;KELLY_LITE(mult=1.15 taper=1.00 n=13)+HARD_RISK_CAP(2.0%)+MAXLOSS_CAP;213440.47;213450.40;36;0
2026.08.07 03:45:07;XAUUSD;5;1786059417;PROFIT_RATCHET_LOCKED;floor=4.27 peak=10.05;MANAGE_PROFIT;SAFE;1;1;1;-1;-1;4252.95;9.75;9.75;10.05;-2.13;KELLY_LITE;true;0.04;213440.47;0.0417;KELLY_LITE(mult=1.15 taper=1.00 n=13)+HARD_RISK_CAP(2.0%)+MAXLOSS_CAP;213440.47;213450.22;36;0
2026.08.07 03:45:08;XAUUSD;5;1786059417;PROFIT_RATCHET_LOCKED;floor=4.27 peak=10.05;MANAGE_PROFIT;SAFE;1;1;1;-1;-1;4252.95;9.66;9.66;10.05;-2.13;KELLY_LITE;true;0.04;213440.47;0.0417;KELLY_LITE(mult=1.15 taper=1.00 n=13)+HARD_RISK_CAP(2.0%)+MAXLOSS_CAP;213440.47;213450.13;36;0
2026.08.07 03:45:08;XAUUSD;5;1786059417;PROFIT_RATCHET_LOCKED;floor=4.27 peak=10.05;MANAGE_PROFIT;SAFE;1;1;1;-1;-1;4252.95;9.75;9.75;10.05;-2.13;KELLY_LITE;true;0.04;213440.47;0.0417;KELLY_LITE(mult=1.15 taper=1.00 n=13)+HARD_RISK_CAP(2.0%)+MAXLOSS_CAP;213440.47;213450.22;33;0
2026.08.07 03:45:08;XAUUSD;5;1786059417;PROFIT_RATCHET_LOCKED;floor=4.27 peak=10.05;MANAGE_PROFIT;SAFE;1;1;1;-1;-1;4252.95;9.69;9.69;10.05;-2.13;KELLY_LITE;true;0.04;213440.47;0.0417;KELLY_LITE(mult=1.15 taper=1.00 n=13)+HARD_RISK_CAP(2.0%)+MAXLOSS_CAP;213440.47;213450.16;36;0
2026.08.07 03:45:08;XAUUSD;5;1786059417;PROFIT_RATCHET_LOCKED;floor=4.27 peak=10.05;MANAGE_PROFIT;SAFE;1;1;1;-1;-1;4252.95;9.75;9.75;10.05;-2.13;KELLY_LITE;true;0.04;213440.47;0.0417;KELLY_LITE(mult=1.15 taper=1.00 n=13)+HARD_RISK_CAP(2.0%)+MAXLOSS_CAP;213440.47;213450.22;36;0
2026.08.07 03:45:09;XAUUSD;5;1786059417;PROFIT_RATCHET_LOCKED;floor=4.27 peak=10.05;MANAGE_PROFIT;SAFE;1;1;1;-1;-1;4252.95;9.96;9.96;10.05;-2.13;KELLY_LITE;true;0.04;213440.47;0.0417;KELLY_LITE(mult=1.15 taper=1.00 n=13)+HARD_RISK_CAP(2.0%)+MAXLOSS_CAP;213440.47;213450.43;36;0
2026.08.07 03:45:09;XAUUSD;5;1786059417;PROFIT_RATCHET_LOCKED;floor=4.27 peak=10.05;MANAGE_PROFIT;SAFE;1;1;1;-1;-1;4252.95;9.93;9.93;10.05;-2.13;KELLY_LITE;true;0.04;213440.47;0.0417;KELLY_LITE(mult=1.15 taper=1.00 n=13)+HARD_RISK_CAP(2.0%)+MAXLOSS_CAP;213440.47;213450.40;36;0
2026.08.07 03:45:09;XAUUSD;5;1786059417;PROFIT_RATCHET_LOCKED;floor=4.27 peak=10.05;MANAGE_PROFIT;SAFE;1;1;1;-1;-1;4252.95;9.69;9.69;10.05;-2.13;KELLY_LITE;true;0.04;213440.47;0.0417;KELLY_LITE(mult=1.15 taper=1.00 n=13)+HARD_RISK_CAP(2.0%)+MAXLOSS_CAP;213440.47;213450.16;36;0
2026.08.07 03:45:10;XAUUSD;5;1786059417;PROFIT_RATCHET_LOCKED;floor=4.27 peak=10.05;MANAGE_PROFIT;SAFE;1;1;1;-1;-1;4252.95;9.93;9.93;10.05;-2.13;KELLY_LITE;true;0.04;213440.47;0.0417;KELLY_LITE(mult=1.15 taper=1.00 n=13)+HARD_RISK_CAP(2.0%)+MAXLOSS_CAP;213440.47;213450.40;36;0
2026.08.07 03:45:10;XAUUSD;5;1786059417;SL_MODIFIED;ticket=118143572 oldSL=4250.13 newSL=4250.10 reason=break_even_lock_leg_0;MANAGE_PROFIT;SAFE;1;1;1;-1;-1;4252.95;10.23;10.23;10.11;-2.13;KELLY_LITE;true;0.04;213440.47;0.0417;KELLY_LITE(mult=1.15 taper=1.00 n=13)+HARD_RISK_CAP(2.0%)+MAXLOSS_CAP;213440.47;213450.70;36;0
2026.08.07 03:45:10;XAUUSD;5;1786059417;PROFIT_RATCHET_LOCKED;floor=4.30 peak=10.11;MANAGE_PROFIT;SAFE;1;1;1;-1;-1;4252.95;10.23;10.23;10.11;-2.13;KELLY_LITE;true;0.04;213440.47;0.0417;KELLY_LITE(mult=1.15 taper=1.00 n=13)+HARD_RISK_CAP(2.0%)+MAXLOSS_CAP;213440.47;213450.70;36;0
2026.08.07 03:45:11;XAUUSD;5;1786059417;PROFIT_RATCHET_LOCKED;floor=4.35 peak=10.23;MANAGE_PROFIT;SAFE;1;1;1;-1;-1;4252.95;10.08;10.08;10.23;-2.13;KELLY_LITE;true;0.04;213440.47;0.0417;KELLY_LITE(mult=1.15 taper=1.00 n=13)+HARD_RISK_CAP(2.0%)+MAXLOSS_CAP;213440.47;213450.55;36;0
2026.08.07 03:45:11;XAUUSD;5;1786059417;PROFIT_RATCHET_LOCKED;floor=4.35 peak=10.23;MANAGE_PROFIT;SAFE;1;1;1;-1;-1;4252.95;10.08;10.08;10.23;-2.13;KELLY_LITE;true;0.04;213440.47;0.0417;KELLY_LITE(mult=1.15 taper=1.00 n=13)+HARD_RISK_CAP(2.0%)+MAXLOSS_CAP;213440.47;213450.55;36;0
2026.08.07 03:45:11;XAUUSD;5;1786059417;PROFIT_RATCHET_LOCKED;floor=4.35 peak=10.23;MANAGE_PROFIT;SAFE;1;1;1;-1;-1;4252.95;10.02;10.02;10.23;-2.13;KELLY_LITE;true;0.04;213440.47;0.0417;KELLY_LITE(mult=1.15 taper=1.00 n=13)+HARD_RISK_CAP(2.0%)+MAXLOSS_CAP;213440.47;213450.49;36;0
2026.08.07 03:45:12;XAUUSD;5;1786059417;PROFIT_RATCHET_LOCKED;floor=4.35 peak=10.23;MANAGE_PROFIT;SAFE;1;1;1;-1;-1;4252.95;10.05;10.05;10.23;-2.13;KELLY_LITE;true;0.04;213440.47;0.0417;KELLY_LITE(mult=1.15 taper=1.00 n=13)+HARD_RISK_CAP(2.0%)+MAXLOSS_CAP;213440.47;213450.52;36;0
2026.08.07 03:45:12;XAUUSD;5;1786059417;PROFIT_RATCHET_LOCKED;floor=4.35 peak=10.23;MANAGE_PROFIT;SAFE;1;1;1;-1;-1;4252.95;10.08;10.08;10.23;-2.13;KELLY_LITE;true;0.04;213440.47;0.0417;KELLY_LITE(mult=1.15 taper=1.00 n=13)+HARD_RISK_CAP(2.0%)+MAXLOSS_CAP;213440.47;213450.55;36;0
2026.08.07 03:45:12;XAUUSD;5;1786059417;PROFIT_RATCHET_LOCKED;floor=4.35 peak=10.23;MANAGE_PROFIT;SAFE;1;1;1;-1;-1;4252.95;10.11;10.11;10.23;-2.13;KELLY_LITE;true;0.04;213440.47;0.0417;KELLY_LITE(mult=1.15 taper=1.00 n=13)+HARD_RISK_CAP(2.0%)+MAXLOSS_CAP;213440.47;213450.58;36;0
2026.08.07 03:45:12;XAUUSD;5;1786059417;PROFIT_RATCHET_LOCKED;floor=4.35 peak=10.23;MANAGE_PROFIT;SAFE;1;1;1;-1;-1;4252.95;9.75;9.75;10.23;-2.13;KELLY_LITE;true;0.04;213440.47;0.0417;KELLY_LITE(mult=1.15 taper=1.00 n=13)+HARD_RISK_CAP(2.0%)+MAXLOSS_CAP;213440.47;213450.22;36;0
2026.08.07 03:45:13;XAUUSD;5;1786059417;PROFIT_RATCHET_LOCKED;floor=4.35 peak=10.23;MANAGE_PROFIT;SAFE;1;1;1;-1;-1;4252.95;10.05;10.05;10.23;-2.13;KELLY_LITE;true;0.04;213440.47;0.0417;KELLY_LITE(mult=1.15 taper=1.00 n=13)+HARD_RISK_CAP(2.0%)+MAXLOSS_CAP;213440.47;213450.52;36;0
2026.08.07 03:45:13;XAUUSD;5;1786059417;PROFIT_RATCHET_LOCKED;floor=4.35 peak=10.23;MANAGE_PROFIT;SAFE;1;1;1;-1;-1;4252.95;9.36;9.36;10.23;-2.13;KELLY_LITE;true;0.04;213440.47;0.0417;KELLY_LITE(mult=1.15 taper=1.00 n=13)+HARD_RISK_CAP(2.0%)+MAXLOSS_CAP;213440.47;213449.83;36;0
2026.08.07 03:45:13;XAUUSD;5;1786059417;PROFIT_RATCHET_LOCKED;floor=4.35 peak=10.23;MANAGE_PROFIT;SAFE;1;1;1;-1;-1;4252.95;9.60;9.60;10.23;-2.13;KELLY_LITE;true;0.04;213440.47;0.0417;KELLY_LITE(mult=1.15 taper=1.00 n=13)+HARD_RISK_CAP(2.0%)+MAXLOSS_CAP;213440.47;213450.07;36;0
2026.08.07 03:45:13;XAUUSD;5;1786059417;PROFIT_RATCHET_LOCKED;floor=4.35 peak=10.23;MANAGE_PROFIT;SAFE;1;1;1;-1;-1;4252.95;9.87;9.87;10.23;-2.13;KELLY_LITE;true;0.04;213440.47;0.0417;KELLY_LITE(mult=1.15 taper=1.00 n=13)+HARD_RISK_CAP(2.0%)+MAXLOSS_CAP;213440.47;213450.34;36;0
2026.08.07 03:45:13;XAUUSD;5;1786059417;PROFIT_RATCHET_LOCKED;floor=4.35 peak=10.23;MANAGE_PROFIT;SAFE;1;1;1;-1;-1;4252.95;9.48;9.48;10.23;-2.13;KELLY_LITE;true;0.04;213440.47;0.0417;KELLY_LITE(mult=1.15 taper=1.00 n=13)+HARD_RISK_CAP(2.0%)+MAXLOSS_CAP;213440.47;213449.95;36;0
2026.08.07 03:45:14;XAUUSD;5;1786059417;PROFIT_RATCHET_LOCKED;floor=4.35 peak=10.23;MANAGE_PROFIT;SAFE;1;1;1;-1;-1;4252.95;9.54;9.54;10.23;-2.13;KELLY_LITE;true;0.04;213440.47;0.0417;KELLY_LITE(mult=1.15 taper=1.00 n=13)+HARD_RISK_CAP(2.0%)+MAXLOSS_CAP;213440.47;213450.01;36;0
2026.08.07 03:45:14;XAUUSD;5;1786059417;PROFIT_RATCHET_LOCKED;floor=4.35 peak=10.23;MANAGE_PROFIT;SAFE;1;1;1;-1;-1;4252.95;9.51;9.51;10.23;-2.13;KELLY_LITE;true;0.04;213440.47;0.0417;KELLY_LITE(mult=1.15 taper=1.00 n=13)+HARD_RISK_CAP(2.0%)+MAXLOSS_CAP;213440.47;213449.98;36;0
2026.08.07 03:45:15;XAUUSD;5;1786059417;PROFIT_RATCHET_LOCKED;floor=4.35 peak=10.23;MANAGE_PROFIT;SAFE;1;1;1;-1;-1;4252.95;9.48;9.48;10.23;-2.13;KELLY_LITE;true;0.04;213440.47;0.0417;KELLY_LITE(mult=1.15 taper=1.00 n=13)+HARD_RISK_CAP(2.0%)+MAXLOSS_CAP;213440.47;213449.95;36;0
2026.08.07 03:45:15;XAUUSD;5;1786059417;PROFIT_RATCHET_LOCKED;floor=4.35 peak=10.23;MANAGE_PROFIT;SAFE;1;1;1;-1;-1;4252.95;9.36;9.36;10.23;-2.13;KELLY_LITE;true;0.04;213440.47;0.0417;KELLY_LITE(mult=1.15 taper=1.00 n=13)+HARD_RISK_CAP(2.0%)+MAXLOSS_CAP;213440.47;213449.83;36;0
2026.08.07 03:45:15;XAUUSD;5;1786059417;PROFIT_RATCHET_LOCKED;floor=4.35 peak=10.23;MANAGE_PROFIT;SAFE;1;1;1;-1;-1;4252.95;9.30;9.30;10.23;-2.13;KELLY_LITE;true;0.04;213440.47;0.0417;KELLY_LITE(mult=1.15 taper=1.00 n=13)+HARD_RISK_CAP(2.0%)+MAXLOSS_CAP;213440.47;213449.77;36;0
2026.08.07 03:45:16;XAUUSD;5;1786059417;PROFIT_RATCHET_LOCKED;floor=4.35 peak=10.23;MANAGE_PROFIT;SAFE;1;1;1;-1;-1;4252.95;9.27;9.27;10.23;-2.13;KELLY_LITE;true;0.04;213440.47;0.0417;KELLY_LITE(mult=1.15 taper=1.00 n=13)+HARD_RISK_CAP(2.0%)+MAXLOSS_CAP;213440.47;213449.74;36;0
2026.08.07 03:45:16;XAUUSD;5;1786059417;PROFIT_RATCHET_LOCKED;floor=4.35 peak=10.23;MANAGE_PROFIT;SAFE;1;1;1;-1;-1;4252.95;9.30;9.30;10.23;-2.13;KELLY_LITE;true;0.04;213440.47;0.0417;KELLY_LITE(mult=1.15 taper=1.00 n=13)+HARD_RISK_CAP(2.0%)+MAXLOSS_CAP;213440.47;213449.77;36;0
2026.08.07 03:45:16;XAUUSD;5;1786059417;PROFIT_RATCHET_LOCKED;floor=4.35 peak=10.23;MANAGE_PROFIT;SAFE;1;1;1;-1;-1;4252.95;9.33;9.33;10.23;-2.13;KELLY_LITE;true;0.04;213440.47;0.0417;KELLY_LITE(mult=1.15 taper=1.00 n=13)+HARD_RISK_CAP(2.0%)+MAXLOSS_CAP;213440.47;213449.80;36;0
2026.08.07 03:45:17;XAUUSD;5;1786059417;PROFIT_RATCHET_LOCKED;floor=4.35 peak=10.23;MANAGE_PROFIT;SAFE;1;1;1;-1;-1;4252.95;9.30;9.30;10.23;-2.13;KELLY_LITE;true;0.04;213440.47;0.0417;KELLY_LITE(mult=1.15 taper=1.00 n=13)+HARD_RISK_CAP(2.0%)+MAXLOSS_CAP;213440.47;213449.77;36;0
2026.08.07 03:45:17;XAUUSD;5;1786059417;PROFIT_RATCHET_LOCKED;floor=4.35 peak=10.23;MANAGE_PROFIT;SAFE;1;1;1;-1;-1;4252.95;9.21;9.21;10.23;-2.13;KELLY_LITE;true;0.04;213440.47;0.0417;KELLY_LITE(mult=1.15 taper=1.00 n=13)+HARD_RISK_CAP(2.0%)+MAXLOSS_CAP;213440.47;213449.68;36;0
2026.08.07 03:45:17;XAUUSD;5;1786059417;PROFIT_RATCHET_LOCKED;floor=4.35 peak=10.23;MANAGE_PROFIT;SAFE;1;1;1;-1;-1;4252.95;9.15;9.15;10.23;-2.13;KELLY_LITE;true;0.04;213440.47;0.0417;KELLY_LITE(mult=1.15 taper=1.00 n=13)+HARD_RISK_CAP(2.0%)+MAXLOSS_CAP;213440.47;213449.62;36;0
2026.08.07 03:45:18;XAUUSD;5;1786059417;PROFIT_RATCHET_LOCKED;floor=4.35 peak=10.23;MANAGE_PROFIT;SAFE;1;1;1;-1;-1;4252.95;8.94;8.94;10.23;-2.13;KELLY_LITE;true;0.04;213440.47;0.0417;KELLY_LITE(mult=1.15 taper=1.00 n=13)+HARD_RISK_CAP(2.0%)+MAXLOSS_CAP;213440.47;213449.41;36;0
2026.08.07 03:45:18;XAUUSD;5;1786059417;PROFIT_RATCHET_LOCKED;floor=4.35 peak=10.23;MANAGE_PROFIT;SAFE;1;1;1;-1;-1;4252.95;8.85;8.85;10.23;-2.13;KELLY_LITE;true;0.04;213440.47;0.0417;KELLY_LITE(mult=1.15 taper=1.00 n=13)+HARD_RISK_CAP(2.0%)+MAXLOSS_CAP;213440.47;213449.32;36;0
2026.08.07 03:45:18;XAUUSD;5;1786059417;PROFIT_RATCHET_LOCKED;floor=4.35 peak=10.23;MANAGE_PROFIT;SAFE;1;1;1;-1;-1;4252.95;8.76;8.76;10.23;-2.13;KELLY_LITE;true;0.04;213440.47;0.0417;KELLY_LITE(mult=1.15 taper=1.00 n=13)+HARD_RISK_CAP(2.0%)+MAXLOSS_CAP;213440.47;213449.23;36;0
2026.08.07 03:45:18;XAUUSD;5;1786059417;PROFIT_RATCHET_LOCKED;floor=4.35 peak=10.23;MANAGE_PROFIT;SAFE;1;1;1;-1;-1;4252.95;8.79;8.79;10.23;-2.13;KELLY_LITE;true;0.04;213440.47;0.0417;KELLY_LITE(mult=1.15 taper=1.00 n=13)+HARD_RISK_CAP(2.0%)+MAXLOSS_CAP;213440.47;213449.26;36;0
2026.08.07 03:45:18;XAUUSD;5;1786059417;PROFIT_RATCHET_LOCKED;floor=4.35 peak=10.23;MANAGE_PROFIT;SAFE;1;1;1;-1;-1;4252.95;8.70;8.70;10.23;-2.13;KELLY_LITE;true;0.04;213440.47;0.0417;KELLY_LITE(mult=1.15 taper=1.00 n=13)+HARD_RISK_CAP(2.0%)+MAXLOSS_CAP;213440.47;213449.17;36;0
2026.08.07 03:45:19;XAUUSD;5;1786059417;PROFIT_RATCHET_LOCKED;floor=4.35 peak=10.23;MANAGE_PROFIT;SAFE;1;1;1;-1;-1;4252.95;9.03;9.03;10.23;-2.13;KELLY_LITE;true;0.04;213440.47;0.0417;KELLY_LITE(mult=1.15 taper=1.00 n=13)+HARD_RISK_CAP(2.0%)+MAXLOSS_CAP;213440.47;213449.50;36;0
2026.08.07 03:45:19;XAUUSD;5;1786059417;PROFIT_RATCHET_LOCKED;floor=4.35 peak=10.23;MANAGE_PROFIT;SAFE;1;1;1;-1;-1;4252.95;9.09;9.09;10.23;-2.13;KELLY_LITE;true;0.04;213440.47;0.0417;KELLY_LITE(mult=1.15 taper=1.00 n=13)+HARD_RISK_CAP(2.0%)+MAXLOSS_CAP;213440.47;213449.56;36;0
2026.08.07 03:45:19;XAUUSD;5;1786059417;PROFIT_RATCHET_LOCKED;floor=4.35 peak=10.23;MANAGE_PROFIT;SAFE;1;1;1;-1;-1;4252.95;9.12;9.12;10.23;-2.13;KELLY_LITE;true;0.04;213440.47;0.0417;KELLY_LITE(mult=1.15 taper=1.00 n=13)+HARD_RISK_CAP(2.0%)+MAXLOSS_CAP;213440.47;213449.59;36;0
2026.08.07 03:45:20;XAUUSD;5;1786059417;PROFIT_RATCHET_LOCKED;floor=4.35 peak=10.23;MANAGE_PROFIT;SAFE;1;1;1;-1;-1;4252.95;9.09;9.09;10.23;-2.13;KELLY_LITE;true;0.04;213440.47;0.0417;KELLY_LITE(mult=1.15 taper=1.00 n=13)+HARD_RISK_CAP(2.0%)+MAXLOSS_CAP;213440.47;213449.56;36;0
2026.08.07 03:45:20;XAUUSD;5;1786059417;PROFIT_RATCHET_LOCKED;floor=4.35 peak=10.23;MANAGE_PROFIT;SAFE;1;1;1;-1;-1;4252.95;9.15;9.15;10.23;-2.13;KELLY_LITE;true;0.04;213440.47;0.0417;KELLY_LITE(mult=1.15 taper=1.00 n=13)+HARD_RISK_CAP(2.0%)+MAXLOSS_CAP;213440.47;213449.62;36;0
2026.08.07 03:45:20;XAUUSD;5;1786059417;PROFIT_RATCHET_LOCKED;floor=4.35 peak=10.23;MANAGE_PROFIT;SAFE;1;1;1;-1;-1;4252.95;9.18;9.18;10.23;-2.13;KELLY_LITE;true;0.04;213440.47;0.0417;KELLY_LITE(mult=1.15 taper=1.00 n=13)+HARD_RISK_CAP(2.0%)+MAXLOSS_CAP;213440.47;213449.65;36;0
2026.08.07 03:45:20;XAUUSD;5;1786059417;PROFIT_RATCHET_LOCKED;floor=4.35 peak=10.23;MANAGE_PROFIT;SAFE;1;1;1;-1;-1;4252.95;9.24;9.24;10.23;-2.13;KELLY_LITE;true;0.04;213440.47;0.0417;KELLY_LITE(mult=1.15 taper=1.00 n=13)+HARD_RISK_CAP(2.0%)+MAXLOSS_CAP;213440.47;213449.71;34;0
2026.08.07 03:45:21;XAUUSD;5;1786059417;PROFIT_RATCHET_LOCKED;floor=4.35 peak=10.23;MANAGE_PROFIT;SAFE;1;1;1;-1;-1;4252.95;9.24;9.24;10.23;-2.13;KELLY_LITE;true;0.04;213440.47;0.0417;KELLY_LITE(mult=1.15 taper=1.00 n=13)+HARD_RISK_CAP(2.0%)+MAXLOSS_CAP;213440.47;213449.71;36;0
2026.08.07 03:45:21;XAUUSD;5;1786059417;PROFIT_RATCHET_LOCKED;floor=4.35 peak=10.23;MANAGE_PROFIT;SAFE;1;1;1;-1;-1;4252.95;9.21;9.21;10.23;-2.13;KELLY_LITE;true;0.04;213440.47;0.0417;KELLY_LITE(mult=1.15 taper=1.00 n=13)+HARD_RISK_CAP(2.0%)+MAXLOSS_CAP;213440.47;213449.68;36;0
2026.08.07 03:45:21;XAUUSD;5;1786059417;PROFIT_RATCHET_LOCKED;floor=4.35 peak=10.23;MANAGE_PROFIT;SAFE;1;1;1;-1;-1;4252.95;9.54;9.54;10.23;-2.13;KELLY_LITE;true;0.04;213440.47;0.0417;KELLY_LITE(mult=1.15 taper=1.00 n=13)+HARD_RISK_CAP(2.0%)+MAXLOSS_CAP;213440.47;213450.01;36;0
2026.08.07 03:45:21;XAUUSD;5;1786059417;PROFIT_RATCHET_LOCKED;floor=4.35 peak=10.23;MANAGE_PROFIT;SAFE;1;1;1;-1;-1;4252.95;9.60;9.60;10.23;-2.13;KELLY_LITE;true;0.04;213440.47;0.0417;KELLY_LITE(mult=1.15 taper=1.00 n=13)+HARD_RISK_CAP(2.0%)+MAXLOSS_CAP;213440.47;213450.07;36;0
2026.08.07 03:45:21;XAUUSD;5;1786059417;PROFIT_RATCHET_LOCKED;floor=4.35 peak=10.23;MANAGE_PROFIT;SAFE;1;1;1;-1;-1;4252.95;9.72;9.72;10.23;-2.13;KELLY_LITE;true;0.04;213440.47;0.0417;KELLY_LITE(mult=1.15 taper=1.00 n=13)+HARD_RISK_CAP(2.0%)+MAXLOSS_CAP;213440.47;213450.19;36;0
2026.08.07 03:45:22;XAUUSD;5;1786059417;PROFIT_RATCHET_LOCKED;floor=4.35 peak=10.23;MANAGE_PROFIT;SAFE;1;1;1;-1;-1;4252.95;9.75;9.75;10.23;-2.13;KELLY_LITE;true;0.04;213440.47;0.0417;KELLY_LITE(mult=1.15 taper=1.00 n=13)+HARD_RISK_CAP(2.0%)+MAXLOSS_CAP;213440.47;213450.22;36;0
2026.08.07 03:45:22;XAUUSD;5;1786059417;PROFIT_RATCHET_LOCKED;floor=4.35 peak=10.23;MANAGE_PROFIT;SAFE;1;1;1;-1;-1;4252.95;10.05;10.05;10.23;-2.13;KELLY_LITE;true;0.04;213440.47;0.0417;KELLY_LITE(mult=1.15 taper=1.00 n=13)+HARD_RISK_CAP(2.0%)+MAXLOSS_CAP;213440.47;213450.52;36;0
2026.08.07 03:45:23;XAUUSD;5;1786059417;OPPOSITE_PENDING_TRAILED;BUY_STOP trailed DOWN: ticket=118143571 old=4252.42 new=4252.00 dist=2.74;MANAGE_PROFIT;SAFE;1;1;1;-1;-1;4252.95;11.01;11.01;10.23;-2.13;KELLY_LITE;true;0.04;213440.47;0.0417;KELLY_LITE(mult=1.15 taper=1.00 n=13)+HARD_RISK_CAP(2.0%)+MAXLOSS_CAP;213440.47;213451.48;36;0
2026.08.07 03:45:23;XAUUSD;5;1786059417;SL_MODIFIED;ticket=118143572 oldSL=4250.10 newSL=4249.80 reason=break_even_lock_leg_0;MANAGE_PROFIT;SAFE;1;1;1;-1;-1;4252.95;11.01;11.01;11.01;-2.13;KELLY_LITE;true;0.04;213440.47;0.0417;KELLY_LITE(mult=1.15 taper=1.00 n=13)+HARD_RISK_CAP(2.0%)+MAXLOSS_CAP;213440.47;213451.48;34;0
2026.08.07 03:45:23;XAUUSD;5;1786059417;PROFIT_RATCHET_LOCKED;floor=4.68 peak=11.01;MANAGE_PROFIT;SAFE;1;1;1;-1;-1;4252.95;11.01;11.01;11.01;-2.13;KELLY_LITE;true;0.04;213440.47;0.0417;KELLY_LITE(mult=1.15 taper=1.00 n=13)+HARD_RISK_CAP(2.0%)+MAXLOSS_CAP;213440.47;213451.48;34;0
2026.08.07 03:45:23;XAUUSD;5;1786059417;PROFIT_RATCHET_LOCKED;floor=4.68 peak=11.01;MANAGE_PROFIT;SAFE;1;1;1;-1;-1;4252.95;11.01;11.01;11.01;-2.13;KELLY_LITE;true;0.04;213440.47;0.0417;KELLY_LITE(mult=1.15 taper=1.00 n=13)+HARD_RISK_CAP(2.0%)+MAXLOSS_CAP;213440.47;213451.48;34;0
2026.08.07 03:45:23;XAUUSD;5;1786059417;PROFIT_RATCHET_LOCKED;floor=4.68 peak=11.01;MANAGE_PROFIT;SAFE;1;1;1;-1;-1;4252.95;11.01;11.01;11.01;-2.13;KELLY_LITE;true;0.04;213440.47;0.0417;KELLY_LITE(mult=1.15 taper=1.00 n=13)+HARD_RISK_CAP(2.0%)+MAXLOSS_CAP;213440.47;213451.48;36;0
2026.08.07 03:45:24;XAUUSD;5;1786059417;SL_MODIFIED;ticket=118143572 oldSL=4249.80 newSL=4249.76 reason=break_even_lock_leg_0;MANAGE_PROFIT;SAFE;1;1;1;-1;-1;4252.95;11.70;11.70;11.13;-2.13;KELLY_LITE;true;0.04;213440.47;0.0417;KELLY_LITE(mult=1.15 taper=1.00 n=13)+HARD_RISK_CAP(2.0%)+MAXLOSS_CAP;213440.47;213452.17;37;0
2026.08.07 03:45:24;XAUUSD;5;1786059417;PROFIT_RATCHET_LOCKED;floor=4.73 peak=11.13;MANAGE_PROFIT;SAFE;1;1;1;-1;-1;4252.95;11.70;11.70;11.13;-2.13;KELLY_LITE;true;0.04;213440.47;0.0417;KELLY_LITE(mult=1.15 taper=1.00 n=13)+HARD_RISK_CAP(2.0%)+MAXLOSS_CAP;213440.47;213452.17;37;0
2026.08.07 03:45:25;XAUUSD;5;1786059417;SL_MODIFIED;ticket=118143572 oldSL=4249.76 newSL=4249.57 reason=break_even_lock_leg_0;MANAGE_PROFIT;SAFE;1;1;1;-1;-1;4252.95;11.82;11.82;11.70;-2.13;KELLY_LITE;true;0.04;213440.47;0.0417;KELLY_LITE(mult=1.15 taper=1.00 n=13)+HARD_RISK_CAP(2.0%)+MAXLOSS_CAP;213440.47;213452.29;36;0
2026.08.07 03:45:25;XAUUSD;5;1786059417;PROFIT_RATCHET_LOCKED;floor=4.97 peak=11.70;MANAGE_PROFIT;SAFE;1;1;1;-1;-1;4252.95;11.82;11.82;11.70;-2.13;KELLY_LITE;true;0.04;213440.47;0.0417;KELLY_LITE(mult=1.15 taper=1.00 n=13)+HARD_RISK_CAP(2.0%)+MAXLOSS_CAP;213440.47;213452.29;36;0
2026.08.07 03:45:25;XAUUSD;5;1786059417;SL_MODIFIED;ticket=118143572 oldSL=4249.57 newSL=4249.53 reason=break_even_lock_leg_0;MANAGE_PROFIT;SAFE;1;1;1;-1;-1;4252.95;13.77;13.77;11.82;-2.13;KELLY_LITE;true;0.04;213440.47;0.0417;KELLY_LITE(mult=1.15 taper=1.00 n=13)+HARD_RISK_CAP(2.0%)+MAXLOSS_CAP;213440.47;213454.24;36;0
2026.08.07 03:45:25;XAUUSD;5;1786059417;PROFIT_RATCHET_LOCKED;floor=5.02 peak=11.82;MANAGE_PROFIT;SAFE;1;1;1;-1;-1;4252.95;13.77;13.77;11.82;-2.13;KELLY_LITE;true;0.04;213440.47;0.0417;KELLY_LITE(mult=1.15 taper=1.00 n=13)+HARD_RISK_CAP(2.0%)+MAXLOSS_CAP;213440.47;213454.24;36;0
2026.08.07 03:45:26;XAUUSD;5;1786059417;OPPOSITE_PENDING_TRAILED;BUY_STOP trailed DOWN: ticket=118143571 old=4252.00 new=4251.14 dist=2.78;MANAGE_PROFIT;SAFE;1;1;1;-1;-1;4252.95;13.44;13.44;11.82;-2.13;KELLY_LITE;true;0.04;213440.47;0.0417;KELLY_LITE(mult=1.15 taper=1.00 n=13)+HARD_RISK_CAP(2.0%)+MAXLOSS_CAP;213440.47;213453.91;36;0
2026.08.07 03:45:27;XAUUSD;5;1786059417;SL_MODIFIED;ticket=118143572 oldSL=4249.53 newSL=4248.99 reason=break_even_lock_leg_0;MANAGE_PROFIT;SAFE;1;1;1;-1;-1;4252.95;13.65;13.65;13.44;-2.13;KELLY_LITE;true;0.04;213440.47;0.0417;KELLY_LITE(mult=1.15 taper=1.00 n=13)+HARD_RISK_CAP(2.0%)+MAXLOSS_CAP;213440.47;213454.12;36;0
2026.08.07 03:45:27;XAUUSD;5;1786059417;PROFIT_RATCHET_LOCKED;floor=5.71 peak=13.44;MANAGE_PROFIT;SAFE;1;1;1;-1;-1;4252.95;13.65;13.65;13.44;-2.13;KELLY_LITE;true;0.04;213440.47;0.0417;KELLY_LITE(mult=1.15 taper=1.00 n=13)+HARD_RISK_CAP(2.0%)+MAXLOSS_CAP;213440.47;213454.12;36;0
2026.08.07 03:45:27;XAUUSD;5;1786059417;SL_MODIFIED;ticket=118143572 oldSL=4248.99 newSL=4248.92 reason=break_even_lock_leg_0;MANAGE_PROFIT;SAFE;1;1;1;-1;-1;4252.95;13.74;13.74;13.65;-2.13;KELLY_LITE;true;0.04;213440.47;0.0417;KELLY_LITE(mult=1.15 taper=1.00 n=13)+HARD_RISK_CAP(2.0%)+MAXLOSS_CAP;213440.47;213454.21;36;0
2026.08.07 03:45:27;XAUUSD;5;1786059417;PROFIT_RATCHET_LOCKED;floor=5.80 peak=13.65;MANAGE_PROFIT;SAFE;1;1;1;-1;-1;4252.95;13.74;13.74;13.65;-2.13;KELLY_LITE;true;0.04;213440.47;0.0417;KELLY_LITE(mult=1.15 taper=1.00 n=13)+HARD_RISK_CAP(2.0%)+MAXLOSS_CAP;213440.47;213454.21;36;0
2026.08.07 03:45:28;XAUUSD;5;1786059417;SL_MODIFIED;ticket=118143572 oldSL=4248.92 newSL=4248.89 reason=break_even_lock_leg_0;MANAGE_PROFIT;SAFE;1;1;1;-1;-1;4252.95;13.77;13.50;13.74;-2.13;KELLY_LITE;true;0.04;213440.47;0.0417;KELLY_LITE(mult=1.15 taper=1.00 n=13)+HARD_RISK_CAP(2.0%)+MAXLOSS_CAP;213440.47;213454.24;36;0
2026.08.07 03:45:28;XAUUSD;5;1786059417;PROFIT_RATCHET_LOCKED;floor=5.84 peak=13.74;MANAGE_PROFIT;SAFE;1;1;1;-1;-1;4252.95;13.77;13.50;13.74;-2.13;KELLY_LITE;true;0.04;213440.47;0.0417;KELLY_LITE(mult=1.15 taper=1.00 n=13)+HARD_RISK_CAP(2.0%)+MAXLOSS_CAP;213440.47;213454.24;36;0
2026.08.07 03:45:28;XAUUSD;5;1786059417;PROFIT_RATCHET_LOCKED;floor=5.85 peak=13.77;MANAGE_PROFIT;SAFE;1;1;1;-1;-1;4252.95;13.77;13.50;13.77;-2.13;KELLY_LITE;true;0.04;213440.47;0.0417;KELLY_LITE(mult=1.15 taper=1.00 n=13)+HARD_RISK_CAP(2.0%)+MAXLOSS_CAP;213440.47;213454.24;36;0
2026.08.07 03:45:28;XAUUSD;5;1786059417;PROFIT_RATCHET_LOCKED;floor=5.85 peak=13.77;MANAGE_PROFIT;SAFE;1;1;1;-1;-1;4252.95;13.65;13.65;13.77;-2.13;KELLY_LITE;true;0.04;213440.47;0.0417;KELLY_LITE(mult=1.15 taper=1.00 n=13)+HARD_RISK_CAP(2.0%)+MAXLOSS_CAP;213440.47;213454.12;36;0
2026.08.07 03:45:28;XAUUSD;5;1786059417;PROFIT_RATCHET_LOCKED;floor=5.85 peak=13.77;MANAGE_PROFIT;SAFE;1;1;1;-1;-1;4252.95;13.68;13.68;13.77;-2.13;KELLY_LITE;true;0.04;213440.47;0.0417;KELLY_LITE(mult=1.15 taper=1.00 n=13)+HARD_RISK_CAP(2.0%)+MAXLOSS_CAP;213440.47;213454.15;36;0
2026.08.07 03:45:29;XAUUSD;5;1786059417;SL_MODIFIED;ticket=118143572 oldSL=4248.89 newSL=4248.78 reason=break_even_lock_leg_0;MANAGE_PROFIT;SAFE;1;1;1;-1;-1;4252.95;14.16;14.16;14.07;-2.13;KELLY_LITE;true;0.04;213440.47;0.0417;KELLY_LITE(mult=1.15 taper=1.00 n=13)+HARD_RISK_CAP(2.0%)+MAXLOSS_CAP;213440.47;213454.63;36;0
2026.08.07 03:45:29;XAUUSD;5;1786059417;PROFIT_RATCHET_LOCKED;floor=5.98 peak=14.07;MANAGE_PROFIT;SAFE;1;1;1;-1;-1;4252.95;14.16;14.16;14.07;-2.13;KELLY_LITE;true;0.04;213440.47;0.0417;KELLY_LITE(mult=1.15 taper=1.00 n=13)+HARD_RISK_CAP(2.0%)+MAXLOSS_CAP;213440.47;213454.63;36;0
2026.08.07 03:45:30;XAUUSD;5;1786059417;SL_MODIFIED;ticket=118143572 oldSL=4248.78 newSL=4248.75 reason=break_even_lock_leg_0;MANAGE_PROFIT;SAFE;1;1;1;-1;-1;4252.95;14.25;14.25;14.16;-2.13;KELLY_LITE;true;0.04;213440.47;0.0417;KELLY_LITE(mult=1.15 taper=1.00 n=13)+HARD_RISK_CAP(2.0%)+MAXLOSS_CAP;213440.47;213454.72;36;0
2026.08.07 03:45:30;XAUUSD;5;1786059417;PROFIT_RATCHET_LOCKED;floor=6.02 peak=14.16;MANAGE_PROFIT;SAFE;1;1;1;-1;-1;4252.95;14.25;14.25;14.16;-2.13;KELLY_LITE;true;0.04;213440.47;0.0417;KELLY_LITE(mult=1.15 taper=1.00 n=13)+HARD_RISK_CAP(2.0%)+MAXLOSS_CAP;213440.47;213454.72;36;0
2026.08.07 03:45:30;XAUUSD;5;1786059417;SL_MODIFIED;ticket=118143572 oldSL=4248.75 newSL=4248.72 reason=break_even_lock_leg_0;MANAGE_PROFIT;SAFE;1;1;1;-1;-1;4252.95;14.49;14.49;14.25;-2.13;KELLY_LITE;true;0.04;213440.47;0.0417;KELLY_LITE(mult=1.15 taper=1.00 n=13)+HARD_RISK_CAP(2.0%)+MAXLOSS_CAP;213440.47;213454.96;36;0
2026.08.07 03:45:30;XAUUSD;5;1786059417;PROFIT_RATCHET_LOCKED;floor=6.06 peak=14.25;MANAGE_PROFIT;SAFE;1;1;1;-1;-1;4252.95;14.49;14.49;14.25;-2.13;KELLY_LITE;true;0.04;213440.47;0.0417;KELLY_LITE(mult=1.15 taper=1.00 n=13)+HARD_RISK_CAP(2.0%)+MAXLOSS_CAP;213440.47;213454.96;36;0
2026.08.07 03:45:31;XAUUSD;5;1786059417;SL_MODIFIED;ticket=118143572 oldSL=4248.72 newSL=4248.64 reason=break_even_lock_leg_0;MANAGE_PROFIT;SAFE;1;1;1;-1;-1;4252.95;14.49;14.49;14.49;-2.13;KELLY_LITE;true;0.04;213440.47;0.0417;KELLY_LITE(mult=1.15 taper=1.00 n=13)+HARD_RISK_CAP(2.0%)+MAXLOSS_CAP;213440.47;213454.96;36;0
2026.08.07 03:45:31;XAUUSD;5;1786059417;PROFIT_RATCHET_LOCKED;floor=6.16 peak=14.49;MANAGE_PROFIT;SAFE;1;1;1;-1;-1;4252.95;14.49;14.49;14.49;-2.13;KELLY_LITE;true;0.04;213440.47;0.0417;KELLY_LITE(mult=1.15 taper=1.00 n=13)+HARD_RISK_CAP(2.0%)+MAXLOSS_CAP;213440.47;213454.96;36;0
2026.08.07 03:45:31;XAUUSD;5;1786059417;PROFIT_RATCHET_LOCKED;floor=6.16 peak=14.49;MANAGE_PROFIT;SAFE;1;1;1;-1;-1;4252.95;14.46;14.46;14.49;-2.13;KELLY_LITE;true;0.04;213440.47;0.0417;KELLY_LITE(mult=1.15 taper=1.00 n=13)+HARD_RISK_CAP(2.0%)+MAXLOSS_CAP;213440.47;213454.93;36;0
2026.08.07 03:45:31;XAUUSD;5;1786059417;PROFIT_RATCHET_LOCKED;floor=6.16 peak=14.49;MANAGE_PROFIT;SAFE;1;1;1;-1;-1;4252.95;14.22;14.22;14.49;-2.13;KELLY_LITE;true;0.04;213440.47;0.0417;KELLY_LITE(mult=1.15 taper=1.00 n=13)+HARD_RISK_CAP(2.0%)+MAXLOSS_CAP;213440.47;213454.69;36;0
2026.08.07 03:45:31;XAUUSD;5;1786059417;PROFIT_RATCHET_LOCKED;floor=6.16 peak=14.49;MANAGE_PROFIT;SAFE;1;1;1;-1;-1;4252.95;13.95;13.95;14.49;-2.13;KELLY_LITE;true;0.04;213440.47;0.0417;KELLY_LITE(mult=1.15 taper=1.00 n=13)+HARD_RISK_CAP(2.0%)+MAXLOSS_CAP;213440.47;213454.42;36;0
2026.08.07 03:45:32;XAUUSD;5;1786059417;PROFIT_RATCHET_LOCKED;floor=6.16 peak=14.49;MANAGE_PROFIT;SAFE;1;1;1;-1;-1;4252.95;14.01;14.01;14.49;-2.13;KELLY_LITE;true;0.04;213440.47;0.0417;KELLY_LITE(mult=1.15 taper=1.00 n=13)+HARD_RISK_CAP(2.0%)+MAXLOSS_CAP;213440.47;213454.48;36;0
2026.08.07 03:45:32;XAUUSD;5;1786059417;PROFIT_RATCHET_LOCKED;floor=6.16 peak=14.49;MANAGE_PROFIT;SAFE;1;1;1;-1;-1;4252.95;14.19;14.19;14.49;-2.13;KELLY_LITE;true;0.04;213440.47;0.0417;KELLY_LITE(mult=1.15 taper=1.00 n=13)+HARD_RISK_CAP(2.0%)+MAXLOSS_CAP;213440.47;213454.66;36;0
2026.08.07 03:45:33;XAUUSD;5;1786059417;SL_MODIFIED;ticket=118143572 oldSL=4248.64 newSL=4248.60 reason=break_even_lock_leg_0;MANAGE_PROFIT;SAFE;1;1;1;-1;-1;4252.95;15.48;15.48;14.61;-2.13;KELLY_LITE;true;0.04;213440.47;0.0417;KELLY_LITE(mult=1.15 taper=1.00 n=13)+HARD_RISK_CAP(2.0%)+MAXLOSS_CAP;213440.47;213455.95;36;0
2026.08.07 03:45:33;XAUUSD;5;1786059417;PROFIT_RATCHET_LOCKED;floor=6.21 peak=14.61;MANAGE_PROFIT;SAFE;1;1;1;-1;-1;4252.95;15.48;15.48;14.61;-2.13;KELLY_LITE;true;0.04;213440.47;0.0417;KELLY_LITE(mult=1.15 taper=1.00 n=13)+HARD_RISK_CAP(2.0%)+MAXLOSS_CAP;213440.47;213455.95;36;0
2026.08.07 03:45:33;XAUUSD;5;1786059417;OPPOSITE_PENDING_TRAILED;BUY_STOP trailed DOWN: ticket=118143571 old=4251.14 new=4250.59 dist=2.80;MANAGE_PROFIT;SAFE;1;1;1;-1;-1;4252.95;15.45;15.45;14.61;-2.13;KELLY_LITE;true;0.04;213440.47;0.0417;KELLY_LITE(mult=1.15 taper=1.00 n=13)+HARD_RISK_CAP(2.0%)+MAXLOSS_CAP;213440.47;213455.92;36;0
2026.08.07 03:45:33;XAUUSD;5;1786059417;SL_MODIFIED;ticket=118143572 oldSL=4248.60 newSL=4248.32 reason=break_even_lock_leg_0;MANAGE_PROFIT;SAFE;1;1;1;-1;-1;4252.95;15.42;15.42;15.45;-2.13;KELLY_LITE;true;0.04;213440.47;0.0417;KELLY_LITE(mult=1.15 taper=1.00 n=13)+HARD_RISK_CAP(2.0%)+MAXLOSS_CAP;213440.47;213455.89;36;0
2026.08.07 03:45:33;XAUUSD;5;1786059417;PROFIT_RATCHET_LOCKED;floor=6.57 peak=15.45;MANAGE_PROFIT;SAFE;1;1;1;-1;-1;4252.95;15.42;15.42;15.45;-2.13;KELLY_LITE;true;0.04;213440.47;0.0417;KELLY_LITE(mult=1.15 taper=1.00 n=13)+HARD_RISK_CAP(2.0%)+MAXLOSS_CAP;213440.47;213455.89;36;0
2026.08.07 03:45:33;XAUUSD;5;1786059417;PROFIT_RATCHET_LOCKED;floor=6.57 peak=15.45;MANAGE_PROFIT;SAFE;1;1;1;-1;-1;4252.95;15.42;15.42;15.45;-2.13;KELLY_LITE;true;0.04;213440.47;0.0417;KELLY_LITE(mult=1.15 taper=1.00 n=13)+HARD_RISK_CAP(2.0%)+MAXLOSS_CAP;213440.47;213455.89;36;0
2026.08.07 03:45:34;XAUUSD;5;1786059417;PROFIT_RATCHET_LOCKED;floor=6.57 peak=15.45;MANAGE_PROFIT;SAFE;1;1;1;-1;-1;4252.95;15.36;15.36;15.45;-2.13;KELLY_LITE;true;0.04;213440.47;0.0417;KELLY_LITE(mult=1.15 taper=1.00 n=13)+HARD_RISK_CAP(2.0%)+MAXLOSS_CAP;213440.47;213455.83;36;0
2026.08.07 03:45:34;XAUUSD;5;1786059417;SL_MODIFIED;ticket=118143572 oldSL=4248.32 newSL=4248.27 reason=break_even_lock_leg_0;MANAGE_PROFIT;SAFE;1;1;1;-1;-1;4252.95;15.69;15.69;15.60;-2.13;KELLY_LITE;true;0.04;213440.47;0.0417;KELLY_LITE(mult=1.15 taper=1.00 n=13)+HARD_RISK_CAP(2.0%)+MAXLOSS_CAP;213440.47;213456.16;36;0
2026.08.07 03:45:34;XAUUSD;5;1786059417;PROFIT_RATCHET_LOCKED;floor=6.63 peak=15.60;MANAGE_PROFIT;SAFE;1;1;1;-1;-1;4252.95;15.69;15.69;15.60;-2.13;KELLY_LITE;true;0.04;213440.47;0.0417;KELLY_LITE(mult=1.15 taper=1.00 n=13)+HARD_RISK_CAP(2.0%)+MAXLOSS_CAP;213440.47;213456.16;36;0
2026.08.07 03:45:35;XAUUSD;5;1786059417;SL_MODIFY_FAILED;ticket=118143572 newSL=4248.24 reason=break_even_lock_leg_0 err=0;MANAGE_PROFIT;SAFE;1;1;1;-1;-1;4252.95;15.39;15.39;15.69;-2.13;KELLY_LITE;true;0.04;213440.47;0.0417;KELLY_LITE(mult=1.15 taper=1.00 n=13)+HARD_RISK_CAP(2.0%)+MAXLOSS_CAP;213440.47;213455.86;36;0
2026.08.07 03:45:35;XAUUSD;5;1786059417;PROFIT_RATCHET_LOCKED;floor=6.67 peak=15.69;MANAGE_PROFIT;SAFE;1;1;1;-1;-1;4252.95;15.39;15.39;15.69;-2.13;KELLY_LITE;true;0.04;213440.47;0.0417;KELLY_LITE(mult=1.15 taper=1.00 n=13)+HARD_RISK_CAP(2.0%)+MAXLOSS_CAP;213440.47;213455.86;36;0
2026.08.07 03:45:35;XAUUSD;5;1786059417;PROFIT_RATCHET_LOCKED;floor=6.67 peak=15.69;MANAGE_PROFIT;SAFE;1;1;1;-1;-1;4252.95;15.39;15.39;15.69;-2.13;KELLY_LITE;true;0.04;213440.47;0.0417;KELLY_LITE(mult=1.15 taper=1.00 n=13)+HARD_RISK_CAP(2.0%)+MAXLOSS_CAP;213440.47;213455.86;36;0
2026.08.07 03:45:35;XAUUSD;5;1786059417;PROFIT_RATCHET_LOCKED;floor=6.67 peak=15.69;MANAGE_PROFIT;SAFE;1;1;1;-1;-1;4252.95;15.15;15.15;15.69;-2.13;KELLY_LITE;true;0.04;213440.47;0.0417;KELLY_LITE(mult=1.15 taper=1.00 n=13)+HARD_RISK_CAP(2.0%)+MAXLOSS_CAP;213440.47;213455.62;36;0
2026.08.07 03:45:35;XAUUSD;5;1786059417;PROFIT_RATCHET_LOCKED;floor=6.67 peak=15.69;MANAGE_PROFIT;SAFE;1;1;1;-1;-1;4252.95;14.61;14.61;15.69;-2.13;KELLY_LITE;true;0.04;213440.47;0.0417;KELLY_LITE(mult=1.15 taper=1.00 n=13)+HARD_RISK_CAP(2.0%)+MAXLOSS_CAP;213440.47;213455.08;36;0
2026.08.07 03:45:36;XAUUSD;5;1786059417;PROFIT_RATCHET_LOCKED;floor=6.67 peak=15.69;MANAGE_PROFIT;SAFE;1;1;1;-1;-1;4252.95;14.64;14.64;15.69;-2.13;KELLY_LITE;true;0.04;213440.47;0.0417;KELLY_LITE(mult=1.15 taper=1.00 n=13)+HARD_RISK_CAP(2.0%)+MAXLOSS_CAP;213440.47;213455.11;36;0
2026.08.07 03:45:36;XAUUSD;5;1786059417;PROFIT_RATCHET_LOCKED;floor=6.67 peak=15.69;MANAGE_PROFIT;SAFE;1;1;1;-1;-1;4252.95;14.82;14.82;15.69;-2.13;KELLY_LITE;true;0.04;213440.47;0.0417;KELLY_LITE(mult=1.15 taper=1.00 n=13)+HARD_RISK_CAP(2.0%)+MAXLOSS_CAP;213440.47;213455.29;36;0
2026.08.07 03:45:36;XAUUSD;5;1786059417;PROFIT_RATCHET_LOCKED;floor=6.67 peak=15.69;MANAGE_PROFIT;SAFE;1;1;1;-1;-1;4252.95;15.51;15.51;15.69;-2.13;KELLY_LITE;true;0.04;213440.47;0.0417;KELLY_LITE(mult=1.15 taper=1.00 n=13)+HARD_RISK_CAP(2.0%)+MAXLOSS_CAP;213440.47;213455.98;36;0
2026.08.07 03:45:37;XAUUSD;5;1786059417;SL_MODIFIED;ticket=118143572 oldSL=4248.27 newSL=4248.25 reason=break_even_lock_leg_0;MANAGE_PROFIT;SAFE;1;1;1;-1;-1;4252.95;15.66;15.66;15.69;-2.13;KELLY_LITE;true;0.04;213440.47;0.0417;KELLY_LITE(mult=1.15 taper=1.00 n=13)+HARD_RISK_CAP(2.0%)+MAXLOSS_CAP;213440.47;213456.13;36;0
2026.08.07 03:45:37;XAUUSD;5;1786059417;PROFIT_RATCHET_LOCKED;floor=6.67 peak=15.69;MANAGE_PROFIT;SAFE;1;1;1;-1;-1;4252.95;15.66;15.66;15.69;-2.13;KELLY_LITE;true;0.04;213440.47;0.0417;KELLY_LITE(mult=1.15 taper=1.00 n=13)+HARD_RISK_CAP(2.0%)+MAXLOSS_CAP;213440.47;213456.13;36;0
2026.08.07 03:45:37;XAUUSD;5;1786059417;SL_MODIFIED;ticket=118143572 oldSL=4248.25 newSL=4248.22 reason=break_even_lock_leg_0;MANAGE_PROFIT;SAFE;1;1;1;-1;-1;4252.95;15.78;15.78;15.75;-2.13;KELLY_LITE;true;0.04;213440.47;0.0417;KELLY_LITE(mult=1.15 taper=1.00 n=13)+HARD_RISK_CAP(2.0%)+MAXLOSS_CAP;213440.47;213456.25;36;0
2026.08.07 03:45:37;XAUUSD;5;1786059417;PROFIT_RATCHET_LOCKED;floor=6.69 peak=15.75;MANAGE_PROFIT;SAFE;1;1;1;-1;-1;4252.95;15.78;15.78;15.75;-2.13;KELLY_LITE;true;0.04;213440.47;0.0417;KELLY_LITE(mult=1.15 taper=1.00 n=13)+HARD_RISK_CAP(2.0%)+MAXLOSS_CAP;213440.47;213456.25;36;0
2026.08.07 03:45:37;XAUUSD;5;1786059417;PROFIT_RATCHET_LOCKED;floor=6.71 peak=15.78;MANAGE_PROFIT;SAFE;1;1;1;-1;-1;4252.95;15.78;15.78;15.78;-2.13;KELLY_LITE;true;0.04;213440.47;0.0417;KELLY_LITE(mult=1.15 taper=1.00 n=13)+HARD_RISK_CAP(2.0%)+MAXLOSS_CAP;213440.47;213456.25;36;0
2026.08.07 03:45:38;XAUUSD;5;1786059417;PROFIT_RATCHET_LOCKED;floor=6.71 peak=15.78;MANAGE_PROFIT;SAFE;1;1;1;-1;-1;4252.95;15.51;15.51;15.78;-2.13;KELLY_LITE;true;0.04;213440.47;0.0417;KELLY_LITE(mult=1.15 taper=1.00 n=13)+HARD_RISK_CAP(2.0%)+MAXLOSS_CAP;213440.47;213455.98;36;0
2026.08.07 03:45:39;XAUUSD;5;1786059417;SL_MODIFIED;ticket=118143572 oldSL=4248.22 newSL=4248.15 reason=break_even_lock_leg_0 (retry buf=3pt);MANAGE_PROFIT;SAFE;1;1;1;-1;-1;4252.95;16.05;16.05;16.17;-2.13;KELLY_LITE;true;0.04;213440.47;0.0417;KELLY_LITE(mult=1.15 taper=1.00 n=13)+HARD_RISK_CAP(2.0%)+MAXLOSS_CAP;213440.47;213456.52;36;0
2026.08.07 03:45:39;XAUUSD;5;1786059417;PROFIT_RATCHET_LOCKED;floor=6.87 peak=16.17;MANAGE_PROFIT;SAFE;1;1;1;-1;-1;4252.95;16.05;16.05;16.17;-2.13;KELLY_LITE;true;0.04;213440.47;0.0417;KELLY_LITE(mult=1.15 taper=1.00 n=13)+HARD_RISK_CAP(2.0%)+MAXLOSS_CAP;213440.47;213456.52;36;0
2026.08.07 03:45:39;XAUUSD;5;1786059417;PROFIT_RATCHET_LOCKED;floor=6.87 peak=16.17;MANAGE_PROFIT;SAFE;1;1;1;-1;-1;4252.95;15.90;15.90;16.17;-2.13;KELLY_LITE;true;0.04;213440.47;0.0417;KELLY_LITE(mult=1.15 taper=1.00 n=13)+HARD_RISK_CAP(2.0%)+MAXLOSS_CAP;213440.47;213456.37;36;0
2026.08.07 03:45:39;XAUUSD;5;1786059417;PROFIT_RATCHET_LOCKED;floor=6.87 peak=16.17;MANAGE_PROFIT;SAFE;1;1;1;-1;-1;4252.95;15.90;15.90;16.17;-2.13;KELLY_LITE;true;0.04;213440.47;0.0417;KELLY_LITE(mult=1.15 taper=1.00 n=13)+HARD_RISK_CAP(2.0%)+MAXLOSS_CAP;213440.47;213456.37;36;0
2026.08.07 03:45:39;XAUUSD;5;1786059417;PROFIT_RATCHET_LOCKED;floor=6.87 peak=16.17;MANAGE_PROFIT;SAFE;1;1;1;-1;-1;4252.95;15.69;15.69;16.17;-2.13;KELLY_LITE;true;0.04;213440.47;0.0417;KELLY_LITE(mult=1.15 taper=1.00 n=13)+HARD_RISK_CAP(2.0%)+MAXLOSS_CAP;213440.47;213456.16;36;0
2026.08.07 03:45:40;XAUUSD;5;1786059417;PROFIT_RATCHET_LOCKED;floor=6.87 peak=16.17;MANAGE_PROFIT;SAFE;1;1;1;-1;-1;4252.95;15.66;15.66;16.17;-2.13;KELLY_LITE;true;0.04;213440.47;0.0417;KELLY_LITE(mult=1.15 taper=1.00 n=13)+HARD_RISK_CAP(2.0%)+MAXLOSS_CAP;213440.47;213456.13;36;0
2026.08.07 03:45:40;XAUUSD;5;1786059417;PROFIT_RATCHET_LOCKED;floor=6.87 peak=16.17;MANAGE_PROFIT;SAFE;1;1;1;-1;-1;4252.95;15.48;15.48;16.17;-2.13;KELLY_LITE;true;0.04;213440.47;0.0417;KELLY_LITE(mult=1.15 taper=1.00 n=13)+HARD_RISK_CAP(2.0%)+MAXLOSS_CAP;213440.47;213455.95;36;0
2026.08.07 03:45:41;XAUUSD;5;1786059417;PROFIT_RATCHET_LOCKED;floor=6.87 peak=16.17;MANAGE_PROFIT;SAFE;1;1;1;-1;-1;4252.95;15.63;15.63;16.17;-2.13;KELLY_LITE;true;0.04;213440.47;0.0417;KELLY_LITE(mult=1.15 taper=1.00 n=13)+HARD_RISK_CAP(2.0%)+MAXLOSS_CAP;213440.47;213456.10;36;0
2026.08.07 03:45:41;XAUUSD;5;1786059417;PROFIT_RATCHET_LOCKED;floor=6.87 peak=16.17;MANAGE_PROFIT;SAFE;1;1;1;-1;-1;4252.95;15.75;15.75;16.17;-2.13;KELLY_LITE;true;0.04;213440.47;0.0417;KELLY_LITE(mult=1.15 taper=1.00 n=13)+HARD_RISK_CAP(2.0%)+MAXLOSS_CAP;213440.47;213456.22;36;0
2026.08.07 03:45:41;XAUUSD;5;1786059417;PROFIT_RATCHET_LOCKED;floor=6.87 peak=16.17;MANAGE_PROFIT;SAFE;1;1;1;-1;-1;4252.95;15.75;15.75;16.17;-2.13;KELLY_LITE;true;0.04;213440.47;0.0417;KELLY_LITE(mult=1.15 taper=1.00 n=13)+HARD_RISK_CAP(2.0%)+MAXLOSS_CAP;213440.47;213456.22;36;0
2026.08.07 03:45:42;XAUUSD;5;1786059417;PROFIT_RATCHET_LOCKED;floor=6.87 peak=16.17;MANAGE_PROFIT;SAFE;1;1;1;-1;-1;4252.95;15.57;15.57;16.17;-2.13;KELLY_LITE;true;0.04;213440.47;0.0417;KELLY_LITE(mult=1.15 taper=1.00 n=13)+HARD_RISK_CAP(2.0%)+MAXLOSS_CAP;213440.47;213456.04;36;0
2026.08.07 03:45:42;XAUUSD;5;1786059417;PROFIT_RATCHET_LOCKED;floor=6.87 peak=16.17;MANAGE_PROFIT;SAFE;1;1;1;-1;-1;4252.95;15.60;15.60;16.17;-2.13;KELLY_LITE;true;0.04;213440.47;0.0417;KELLY_LITE(mult=1.15 taper=1.00 n=13)+HARD_RISK_CAP(2.0%)+MAXLOSS_CAP;213440.47;213456.07;36;0
2026.08.07 03:45:43;XAUUSD;5;1786059417;PROFIT_RATCHET_LOCKED;floor=6.87 peak=16.17;MANAGE_PROFIT;SAFE;1;1;1;-1;-1;4252.95;15.57;15.57;16.17;-2.13;KELLY_LITE;true;0.04;213440.47;0.0417;KELLY_LITE(mult=1.15 taper=1.00 n=13)+HARD_RISK_CAP(2.0%)+MAXLOSS_CAP;213440.47;213456.04;36;0
2026.08.07 03:45:43;XAUUSD;5;1786059417;PROFIT_RATCHET_LOCKED;floor=6.87 peak=16.17;MANAGE_PROFIT;SAFE;1;1;1;-1;-1;4252.95;15.60;15.60;16.17;-2.13;KELLY_LITE;true;0.04;213440.47;0.0417;KELLY_LITE(mult=1.15 taper=1.00 n=13)+HARD_RISK_CAP(2.0%)+MAXLOSS_CAP;213440.47;213456.07;36;0
2026.08.07 03:45:43;XAUUSD;5;1786059417;PROFIT_RATCHET_LOCKED;floor=6.87 peak=16.17;MANAGE_PROFIT;SAFE;1;1;1;-1;-1;4252.95;15.54;15.54;16.17;-2.13;KELLY_LITE;true;0.04;213440.47;0.0417;KELLY_LITE(mult=1.15 taper=1.00 n=13)+HARD_RISK_CAP(2.0%)+MAXLOSS_CAP;213440.47;213456.01;36;0
2026.08.07 03:45:44;XAUUSD;5;1786059417;PROFIT_RATCHET_LOCKED;floor=6.87 peak=16.17;MANAGE_PROFIT;SAFE;1;1;1;-1;-1;4252.95;15.51;15.51;16.17;-2.13;KELLY_LITE;true;0.04;213440.47;0.0417;KELLY_LITE(mult=1.15 taper=1.00 n=13)+HARD_RISK_CAP(2.0%)+MAXLOSS_CAP;213440.47;213455.98;36;0
2026.08.07 03:45:44;XAUUSD;5;1786059417;PROFIT_RATCHET_LOCKED;floor=6.87 peak=16.17;MANAGE_PROFIT;SAFE;1;1;1;-1;-1;4252.95;15.48;15.48;16.17;-2.13;KELLY_LITE;true;0.04;213440.47;0.0417;KELLY_LITE(mult=1.15 taper=1.00 n=13)+HARD_RISK_CAP(2.0%)+MAXLOSS_CAP;213440.47;213455.95;36;0
2026.08.07 03:45:44;XAUUSD;5;1786059417;PROFIT_RATCHET_LOCKED;floor=6.87 peak=16.17;MANAGE_PROFIT;SAFE;1;1;1;-1;-1;4252.95;15.30;15.30;16.17;-2.13;KELLY_LITE;true;0.04;213440.47;0.0417;KELLY_LITE(mult=1.15 taper=1.00 n=13)+HARD_RISK_CAP(2.0%)+MAXLOSS_CAP;213440.47;213455.77;36;0
2026.08.07 03:45:45;XAUUSD;5;1786059417;PROFIT_RATCHET_LOCKED;floor=6.87 peak=16.17;MANAGE_PROFIT;SAFE;1;1;1;-1;-1;4252.95;15.27;15.27;16.17;-2.13;KELLY_LITE;true;0.04;213440.47;0.0417;KELLY_LITE(mult=1.15 taper=1.00 n=13)+HARD_RISK_CAP(2.0%)+MAXLOSS_CAP;213440.47;213455.74;36;0
2026.08.07 03:45:45;XAUUSD;5;1786059417;PROFIT_RATCHET_LOCKED;floor=6.87 peak=16.17;MANAGE_PROFIT;SAFE;1;1;1;-1;-1;4252.95;15.72;15.72;16.17;-2.13;KELLY_LITE;true;0.04;213440.47;0.0417;KELLY_LITE(mult=1.15 taper=1.00 n=13)+HARD_RISK_CAP(2.0%)+MAXLOSS_CAP;213440.47;213456.19;36;0
2026.08.07 03:45:46;XAUUSD;5;1786059417;PROFIT_RATCHET_LOCKED;floor=6.87 peak=16.17;MANAGE_PROFIT;SAFE;1;1;1;-1;-1;4252.95;16.02;16.02;16.17;-2.13;KELLY_LITE;true;0.04;213440.47;0.0417;KELLY_LITE(mult=1.15 taper=1.00 n=13)+HARD_RISK_CAP(2.0%)+MAXLOSS_CAP;213440.47;213456.49;36;0
2026.08.07 03:45:46;XAUUSD;5;1786059417;PROFIT_RATCHET_LOCKED;floor=6.87 peak=16.17;MANAGE_PROFIT;SAFE;1;1;1;-1;-1;4252.95;15.93;15.93;16.17;-2.13;KELLY_LITE;true;0.04;213440.47;0.0417;KELLY_LITE(mult=1.15 taper=1.00 n=13)+HARD_RISK_CAP(2.0%)+MAXLOSS_CAP;213440.47;213456.40;36;0
2026.08.07 03:45:46;XAUUSD;5;1786059417;PROFIT_RATCHET_LOCKED;floor=6.87 peak=16.17;MANAGE_PROFIT;SAFE;1;1;1;-1;-1;4252.95;15.75;15.75;16.17;-2.13;KELLY_LITE;true;0.04;213440.47;0.0417;KELLY_LITE(mult=1.15 taper=1.00 n=13)+HARD_RISK_CAP(2.0%)+MAXLOSS_CAP;213440.47;213456.22;36;0
2026.08.07 03:45:46;XAUUSD;5;1786059417;PROFIT_RATCHET_LOCKED;floor=6.87 peak=16.17;MANAGE_PROFIT;SAFE;1;1;1;-1;-1;4252.95;15.54;15.54;16.17;-2.13;KELLY_LITE;true;0.04;213440.47;0.0417;KELLY_LITE(mult=1.15 taper=1.00 n=13)+HARD_RISK_CAP(2.0%)+MAXLOSS_CAP;213440.47;213456.01;36;0
2026.08.07 03:45:47;XAUUSD;5;1786059417;PROFIT_RATCHET_LOCKED;floor=6.87 peak=16.17;MANAGE_PROFIT;SAFE;1;1;1;-1;-1;4252.95;15.33;15.33;16.17;-2.13;KELLY_LITE;true;0.04;213440.47;0.0417;KELLY_LITE(mult=1.15 taper=1.00 n=13)+HARD_RISK_CAP(2.0%)+MAXLOSS_CAP;213440.47;213455.80;36;0
2026.08.07 03:45:48;XAUUSD;5;1786059417;PROFIT_RATCHET_LOCKED;floor=6.87 peak=16.17;MANAGE_PROFIT;SAFE;1;1;1;-1;-1;4252.95;15.57;15.57;16.17;-2.13;KELLY_LITE;true;0.04;213440.47;0.0417;KELLY_LITE(mult=1.15 taper=1.00 n=13)+HARD_RISK_CAP(2.0%)+MAXLOSS_CAP;213440.47;213456.04;36;0
2026.08.07 03:45:48;XAUUSD;5;1786059417;PROFIT_RATCHET_LOCKED;floor=6.87 peak=16.17;MANAGE_PROFIT;SAFE;1;1;1;-1;-1;4252.95;15.72;15.72;16.17;-2.13;KELLY_LITE;true;0.04;213440.47;0.0417;KELLY_LITE(mult=1.15 taper=1.00 n=13)+HARD_RISK_CAP(2.0%)+MAXLOSS_CAP;213440.47;213456.19;36;0
2026.08.07 03:45:48;XAUUSD;5;1786059417;PROFIT_RATCHET_LOCKED;floor=6.87 peak=16.17;MANAGE_PROFIT;SAFE;1;1;1;-1;-1;4252.95;15.66;15.66;16.17;-2.13;KELLY_LITE;true;0.04;213440.47;0.0417;KELLY_LITE(mult=1.15 taper=1.00 n=13)+HARD_RISK_CAP(2.0%)+MAXLOSS_CAP;213440.47;213456.13;36;0
2026.08.07 03:45:49;XAUUSD;5;1786059417;PROFIT_RATCHET_LOCKED;floor=6.87 peak=16.17;MANAGE_PROFIT;SAFE;1;1;1;-1;-1;4252.95;15.63;15.63;16.17;-2.13;KELLY_LITE;true;0.04;213440.47;0.0417;KELLY_LITE(mult=1.15 taper=1.00 n=13)+HARD_RISK_CAP(2.0%)+MAXLOSS_CAP;213440.47;213456.10;36;0
2026.08.07 03:45:50;XAUUSD;5;1786059417;PROFIT_RATCHET_LOCKED;floor=6.87 peak=16.17;MANAGE_PROFIT;SAFE;1;1;1;-1;-1;4252.95;15.15;15.15;16.17;-2.13;KELLY_LITE;true;0.04;213440.47;0.0417;KELLY_LITE(mult=1.15 taper=1.00 n=13)+HARD_RISK_CAP(2.0%)+MAXLOSS_CAP;213440.47;213455.62;36;0
2026.08.07 03:45:50;XAUUSD;5;1786059417;PROFIT_RATCHET_LOCKED;floor=6.87 peak=16.17;MANAGE_PROFIT;SAFE;1;1;1;-1;-1;4252.95;14.79;14.79;16.17;-2.13;KELLY_LITE;true;0.04;213440.47;0.0417;KELLY_LITE(mult=1.15 taper=1.00 n=13)+HARD_RISK_CAP(2.0%)+MAXLOSS_CAP;213440.47;213455.26;36;0
2026.08.07 03:45:50;XAUUSD;5;1786059417;PROFIT_RATCHET_LOCKED;floor=6.87 peak=16.17;MANAGE_PROFIT;SAFE;1;1;1;-1;-1;4252.95;14.82;14.82;16.17;-2.13;KELLY_LITE;true;0.04;213440.47;0.0417;KELLY_LITE(mult=1.15 taper=1.00 n=13)+HARD_RISK_CAP(2.0%)+MAXLOSS_CAP;213440.47;213455.29;36;0
2026.08.07 03:45:50;XAUUSD;5;1786059417;PROFIT_RATCHET_LOCKED;floor=6.87 peak=16.17;MANAGE_PROFIT;SAFE;1;1;1;-1;-1;4252.95;14.79;14.79;16.17;-2.13;KELLY_LITE;true;0.04;213440.47;0.0417;KELLY_LITE(mult=1.15 taper=1.00 n=13)+HARD_RISK_CAP(2.0%)+MAXLOSS_CAP;213440.47;213455.26;36;0
2026.08.07 03:45:51;XAUUSD;5;1786059417;PROFIT_RATCHET_LOCKED;floor=6.87 peak=16.17;MANAGE_PROFIT;SAFE;1;1;1;-1;-1;4252.95;14.73;14.73;16.17;-2.13;KELLY_LITE;true;0.04;213440.47;0.0417;KELLY_LITE(mult=1.15 taper=1.00 n=13)+HARD_RISK_CAP(2.0%)+MAXLOSS_CAP;213440.47;213455.20;33;0
2026.08.07 03:45:51;XAUUSD;5;1786059417;PROFIT_RATCHET_LOCKED;floor=6.87 peak=16.17;MANAGE_PROFIT;SAFE;1;1;1;-1;-1;4252.95;14.76;14.76;16.17;-2.13;KELLY_LITE;true;0.04;213440.47;0.0417;KELLY_LITE(mult=1.15 taper=1.00 n=13)+HARD_RISK_CAP(2.0%)+MAXLOSS_CAP;213440.47;213455.23;36;0
2026.08.07 03:45:51;XAUUSD;5;1786059417;PROFIT_RATCHET_LOCKED;floor=6.87 peak=16.17;MANAGE_PROFIT;SAFE;1;1;1;-1;-1;4252.95;14.79;14.79;16.17;-2.13;KELLY_LITE;true;0.04;213440.47;0.0417;KELLY_LITE(mult=1.15 taper=1.00 n=13)+HARD_RISK_CAP(2.0%)+MAXLOSS_CAP;213440.47;213455.26;36;0
2026.08.07 03:45:51;XAUUSD;5;1786059417;PROFIT_RATCHET_LOCKED;floor=6.87 peak=16.17;MANAGE_PROFIT;SAFE;1;1;1;-1;-1;4252.95;14.85;14.85;16.17;-2.13;KELLY_LITE;true;0.04;213440.47;0.0417;KELLY_LITE(mult=1.15 taper=1.00 n=13)+HARD_RISK_CAP(2.0%)+MAXLOSS_CAP;213440.47;213455.32;36;0
2026.08.07 03:45:52;XAUUSD;5;1786059417;PROFIT_RATCHET_LOCKED;floor=6.87 peak=16.17;MANAGE_PROFIT;SAFE;1;1;1;-1;-1;4252.95;15.06;15.06;16.17;-2.13;KELLY_LITE;true;0.04;213440.47;0.0417;KELLY_LITE(mult=1.15 taper=1.00 n=13)+HARD_RISK_CAP(2.0%)+MAXLOSS_CAP;213440.47;213455.53;36;0
2026.08.07 03:45:52;XAUUSD;5;1786059417;PROFIT_RATCHET_LOCKED;floor=6.87 peak=16.17;MANAGE_PROFIT;SAFE;1;1;1;-1;-1;4252.95;15.27;15.27;16.17;-2.13;KELLY_LITE;true;0.04;213440.47;0.0417;KELLY_LITE(mult=1.15 taper=1.00 n=13)+HARD_RISK_CAP(2.0%)+MAXLOSS_CAP;213440.47;213455.74;36;0
2026.08.07 03:45:53;XAUUSD;5;1786059417;PROFIT_RATCHET_LOCKED;floor=6.87 peak=16.17;MANAGE_PROFIT;SAFE;1;1;1;-1;-1;4252.95;15.06;15.06;16.17;-2.13;KELLY_LITE;true;0.04;213440.47;0.0417;KELLY_LITE(mult=1.15 taper=1.00 n=13)+HARD_RISK_CAP(2.0%)+MAXLOSS_CAP;213440.47;213455.53;36;0
2026.08.07 03:45:53;XAUUSD;5;1786059417;PROFIT_RATCHET_LOCKED;floor=6.87 peak=16.17;MANAGE_PROFIT;SAFE;1;1;1;-1;-1;4252.95;15.09;15.09;16.17;-2.13;KELLY_LITE;true;0.04;213440.47;0.0417;KELLY_LITE(mult=1.15 taper=1.00 n=13)+HARD_RISK_CAP(2.0%)+MAXLOSS_CAP;213440.47;213455.56;36;0
2026.08.07 03:45:53;XAUUSD;5;1786059417;PROFIT_RATCHET_LOCKED;floor=6.87 peak=16.17;MANAGE_PROFIT;SAFE;1;1;1;-1;-1;4252.95;15.00;15.00;16.17;-2.13;KELLY_LITE;true;0.04;213440.47;0.0417;KELLY_LITE(mult=1.15 taper=1.00 n=13)+HARD_RISK_CAP(2.0%)+MAXLOSS_CAP;213440.47;213455.47;36;0
2026.08.07 03:45:54;XAUUSD;5;1786059417;PROFIT_RATCHET_LOCKED;floor=6.87 peak=16.17;MANAGE_PROFIT;SAFE;1;1;1;-1;-1;4252.95;15.12;15.12;16.17;-2.13;KELLY_LITE;true;0.04;213440.47;0.0417;KELLY_LITE(mult=1.15 taper=1.00 n=13)+HARD_RISK_CAP(2.0%)+MAXLOSS_CAP;213440.47;213455.59;36;0
2026.08.07 03:45:54;XAUUSD;5;1786059417;PROFIT_RATCHET_LOCKED;floor=6.87 peak=16.17;MANAGE_PROFIT;SAFE;1;1;1;-1;-1;4252.95;15.24;15.24;16.17;-2.13;KELLY_LITE;true;0.04;213440.47;0.0417;KELLY_LITE(mult=1.15 taper=1.00 n=13)+HARD_RISK_CAP(2.0%)+MAXLOSS_CAP;213440.47;213455.71;36;0
2026.08.07 03:45:54;XAUUSD;5;1786059417;PROFIT_RATCHET_LOCKED;floor=6.87 peak=16.17;MANAGE_PROFIT;SAFE;1;1;1;-1;-1;4252.95;15.27;15.27;16.17;-2.13;KELLY_LITE;true;0.04;213440.47;0.0417;KELLY_LITE(mult=1.15 taper=1.00 n=13)+HARD_RISK_CAP(2.0%)+MAXLOSS_CAP;213440.47;213455.74;36;0
2026.08.07 03:45:54;XAUUSD;5;1786059417;PROFIT_RATCHET_LOCKED;floor=6.87 peak=16.17;MANAGE_PROFIT;SAFE;1;1;1;-1;-1;4252.95;15.21;15.21;16.17;-2.13;KELLY_LITE;true;0.04;213440.47;0.0417;KELLY_LITE(mult=1.15 taper=1.00 n=13)+HARD_RISK_CAP(2.0%)+MAXLOSS_CAP;213440.47;213455.68;36;0
2026.08.07 03:45:55;XAUUSD;5;1786059417;PROFIT_RATCHET_LOCKED;floor=6.87 peak=16.17;MANAGE_PROFIT;SAFE;1;1;1;-1;-1;4252.95;15.18;15.18;16.17;-2.13;KELLY_LITE;true;0.04;213440.47;0.0417;KELLY_LITE(mult=1.15 taper=1.00 n=13)+HARD_RISK_CAP(2.0%)+MAXLOSS_CAP;213440.47;213455.65;36;0
2026.08.07 03:45:55;XAUUSD;5;1786059417;PROFIT_RATCHET_LOCKED;floor=6.87 peak=16.17;MANAGE_PROFIT;SAFE;1;1;1;-1;-1;4252.95;15.21;15.21;16.17;-2.13;KELLY_LITE;true;0.04;213440.47;0.0417;KELLY_LITE(mult=1.15 taper=1.00 n=13)+HARD_RISK_CAP(2.0%)+MAXLOSS_CAP;213440.47;213455.68;36;0
2026.08.07 03:45:55;XAUUSD;5;1786059417;PROFIT_RATCHET_LOCKED;floor=6.87 peak=16.17;MANAGE_PROFIT;SAFE;1;1;1;-1;-1;4252.95;15.24;15.24;16.17;-2.13;KELLY_LITE;true;0.04;213440.47;0.0417;KELLY_LITE(mult=1.15 taper=1.00 n=13)+HARD_RISK_CAP(2.0%)+MAXLOSS_CAP;213440.47;213455.71;36;0
2026.08.07 03:45:56;XAUUSD;5;1786059417;PROFIT_RATCHET_LOCKED;floor=6.87 peak=16.17;MANAGE_PROFIT;SAFE;1;1;1;-1;-1;4252.95;15.21;15.21;16.17;-2.13;KELLY_LITE;true;0.04;213440.47;0.0417;KELLY_LITE(mult=1.15 taper=1.00 n=13)+HARD_RISK_CAP(2.0%)+MAXLOSS_CAP;213440.47;213455.68;36;0
2026.08.07 03:45:56;XAUUSD;5;1786059417;PROFIT_RATCHET_LOCKED;floor=6.87 peak=16.17;MANAGE_PROFIT;SAFE;1;1;1;-1;-1;4252.95;15.24;15.24;16.17;-2.13;KELLY_LITE;true;0.04;213440.47;0.0417;KELLY_LITE(mult=1.15 taper=1.00 n=13)+HARD_RISK_CAP(2.0%)+MAXLOSS_CAP;213440.47;213455.71;36;0
2026.08.07 03:45:56;XAUUSD;5;1786059417;PROFIT_RATCHET_LOCKED;floor=6.87 peak=16.17;MANAGE_PROFIT;SAFE;1;1;1;-1;-1;4252.95;15.33;15.33;16.17;-2.13;KELLY_LITE;true;0.04;213440.47;0.0417;KELLY_LITE(mult=1.15 taper=1.00 n=13)+HARD_RISK_CAP(2.0%)+MAXLOSS_CAP;213440.47;213455.80;36;0
2026.08.07 03:45:56;XAUUSD;5;1786059417;PROFIT_RATCHET_LOCKED;floor=6.87 peak=16.17;MANAGE_PROFIT;SAFE;1;1;1;-1;-1;4252.95;15.36;15.36;16.17;-2.13;KELLY_LITE;true;0.04;213440.47;0.0417;KELLY_LITE(mult=1.15 taper=1.00 n=13)+HARD_RISK_CAP(2.0%)+MAXLOSS_CAP;213440.47;213455.83;36;0
2026.08.07 03:45:57;XAUUSD;5;1786059417;PROFIT_RATCHET_LOCKED;floor=6.87 peak=16.17;MANAGE_PROFIT;SAFE;1;1;1;-1;-1;4252.95;15.33;15.33;16.17;-2.13;KELLY_LITE;true;0.04;213440.47;0.0417;KELLY_LITE(mult=1.15 taper=1.00 n=13)+HARD_RISK_CAP(2.0%)+MAXLOSS_CAP;213440.47;213455.80;36;0
2026.08.07 03:45:57;XAUUSD;5;1786059417;PROFIT_RATCHET_LOCKED;floor=6.87 peak=16.17;MANAGE_PROFIT;SAFE;1;1;1;-1;-1;4252.95;15.21;15.21;16.17;-2.13;KELLY_LITE;true;0.04;213440.47;0.0417;KELLY_LITE(mult=1.15 taper=1.00 n=13)+HARD_RISK_CAP(2.0%)+MAXLOSS_CAP;213440.47;213455.68;36;0
2026.08.07 03:45:57;XAUUSD;5;1786059417;PROFIT_RATCHET_LOCKED;floor=6.87 peak=16.17;MANAGE_PROFIT;SAFE;1;1;1;-1;-1;4252.95;15.33;15.33;16.17;-2.13;KELLY_LITE;true;0.04;213440.47;0.0417;KELLY_LITE(mult=1.15 taper=1.00 n=13)+HARD_RISK_CAP(2.0%)+MAXLOSS_CAP;213440.47;213455.80;36;0
2026.08.07 03:45:57;XAUUSD;5;1786059417;PROFIT_RATCHET_LOCKED;floor=6.87 peak=16.17;MANAGE_PROFIT;SAFE;1;1;1;-1;-1;4252.95;15.18;15.18;16.17;-2.13;KELLY_LITE;true;0.04;213440.47;0.0417;KELLY_LITE(mult=1.15 taper=1.00 n=13)+HARD_RISK_CAP(2.0%)+MAXLOSS_CAP;213440.47;213455.65;36;0
2026.08.07 03:45:58;XAUUSD;5;1786059417;PROFIT_RATCHET_LOCKED;floor=6.87 peak=16.17;MANAGE_PROFIT;SAFE;1;1;1;-1;-1;4252.95;15.21;15.21;16.17;-2.13;KELLY_LITE;true;0.04;213440.47;0.0417;KELLY_LITE(mult=1.15 taper=1.00 n=13)+HARD_RISK_CAP(2.0%)+MAXLOSS_CAP;213440.47;213455.68;36;0
2026.08.07 03:45:58;XAUUSD;5;1786059417;PROFIT_RATCHET_LOCKED;floor=6.87 peak=16.17;MANAGE_PROFIT;SAFE;1;1;1;-1;-1;4252.95;15.12;15.12;16.17;-2.13;KELLY_LITE;true;0.04;213440.47;0.0417;KELLY_LITE(mult=1.15 taper=1.00 n=13)+HARD_RISK_CAP(2.0%)+MAXLOSS_CAP;213440.47;213455.59;36;0
2026.08.07 03:45:58;XAUUSD;5;1786059417;PROFIT_RATCHET_LOCKED;floor=6.87 peak=16.17;MANAGE_PROFIT;SAFE;1;1;1;-1;-1;4252.95;15.00;15.00;16.17;-2.13;KELLY_LITE;true;0.04;213440.47;0.0417;KELLY_LITE(mult=1.15 taper=1.00 n=13)+HARD_RISK_CAP(2.0%)+MAXLOSS_CAP;213440.47;213455.47;36;0
2026.08.07 03:45:58;XAUUSD;5;1786059417;PROFIT_RATCHET_LOCKED;floor=6.87 peak=16.17;MANAGE_PROFIT;SAFE;1;1;1;-1;-1;4252.95;15.06;15.06;16.17;-2.13;KELLY_LITE;true;0.04;213440.47;0.0417;KELLY_LITE(mult=1.15 taper=1.00 n=13)+HARD_RISK_CAP(2.0%)+MAXLOSS_CAP;213440.47;213455.53;36;0
2026.08.07 03:45:59;XAUUSD;5;1786059417;PROFIT_RATCHET_LOCKED;floor=6.87 peak=16.17;MANAGE_PROFIT;SAFE;1;1;1;-1;-1;4252.95;15.21;15.21;16.17;-2.13;KELLY_LITE;true;0.04;213440.47;0.0417;KELLY_LITE(mult=1.15 taper=1.00 n=13)+HARD_RISK_CAP(2.0%)+MAXLOSS_CAP;213440.47;213455.68;36;0
2026.08.07 03:45:59;XAUUSD;5;1786059417;PROFIT_RATCHET_LOCKED;floor=6.87 peak=16.17;MANAGE_PROFIT;SAFE;1;1;1;-1;-1;4252.95;15.27;15.27;16.17;-2.13;KELLY_LITE;true;0.04;213440.47;0.0417;KELLY_LITE(mult=1.15 taper=1.00 n=13)+HARD_RISK_CAP(2.0%)+MAXLOSS_CAP;213440.47;213455.74;36;0
2026.08.07 03:45:59;XAUUSD;5;1786059417;PROFIT_RATCHET_LOCKED;floor=6.87 peak=16.17;MANAGE_PROFIT;SAFE;1;1;1;-1;-1;4252.95;15.24;15.24;16.17;-2.13;KELLY_LITE;true;0.04;213440.47;0.0417;KELLY_LITE(mult=1.15 taper=1.00 n=13)+HARD_RISK_CAP(2.0%)+MAXLOSS_CAP;213440.47;213455.71;36;0
2026.08.07 03:46:00;XAUUSD;5;1786059417;PROFIT_RATCHET_LOCKED;floor=6.87 peak=16.17;MANAGE_PROFIT;SAFE;1;1;1;-1;-1;4252.95;15.45;15.45;16.17;-2.13;KELLY_LITE;true;0.04;213440.47;0.0417;KELLY_LITE(mult=1.15 taper=1.00 n=13)+HARD_RISK_CAP(2.0%)+MAXLOSS_CAP;213440.47;213455.92;36;0
2026.08.07 03:46:00;XAUUSD;5;1786059417;PROFIT_RATCHET_LOCKED;floor=6.87 peak=16.17;MANAGE_PROFIT;SAFE;1;1;1;-1;-1;4252.95;15.30;15.30;16.17;-2.13;KELLY_LITE;true;0.04;213440.47;0.0417;KELLY_LITE(mult=1.15 taper=1.00 n=13)+HARD_RISK_CAP(2.0%)+MAXLOSS_CAP;213440.47;213455.77;36;0
2026.08.07 03:46:00;XAUUSD;5;1786059417;PROFIT_RATCHET_LOCKED;floor=6.87 peak=16.17;MANAGE_PROFIT;SAFE;1;1;1;-1;-1;4252.95;15.24;15.24;16.17;-2.13;KELLY_LITE;true;0.04;213440.47;0.0417;KELLY_LITE(mult=1.15 taper=1.00 n=13)+HARD_RISK_CAP(2.0%)+MAXLOSS_CAP;213440.47;213455.71;36;0
2026.08.07 03:46:01;XAUUSD;5;1786059417;PROFIT_RATCHET_LOCKED;floor=6.87 peak=16.17;MANAGE_PROFIT;SAFE;1;1;1;-1;-1;4252.95;15.63;15.63;16.17;-2.13;KELLY_LITE;true;0.04;213440.47;0.0417;KELLY_LITE(mult=1.15 taper=1.00 n=13)+HARD_RISK_CAP(2.0%)+MAXLOSS_CAP;213440.47;213456.10;36;0
2026.08.07 03:46:01;XAUUSD;5;1786059417;PROFIT_RATCHET_LOCKED;floor=6.87 peak=16.17;MANAGE_PROFIT;SAFE;1;1;1;-1;-1;4252.95;15.72;15.72;16.17;-2.13;KELLY_LITE;true;0.04;213440.47;0.0417;KELLY_LITE(mult=1.15 taper=1.00 n=13)+HARD_RISK_CAP(2.0%)+MAXLOSS_CAP;213440.47;213456.19;36;0
2026.08.07 03:46:01;XAUUSD;5;1786059417;PROFIT_RATCHET_LOCKED;floor=6.87 peak=16.17;MANAGE_PROFIT;SAFE;1;1;1;-1;-1;4252.95;15.21;15.21;16.17;-2.13;KELLY_LITE;true;0.04;213440.47;0.0417;KELLY_LITE(mult=1.15 taper=1.00 n=13)+HARD_RISK_CAP(2.0%)+MAXLOSS_CAP;213440.47;213455.68;36;0
2026.08.07 03:46:01;XAUUSD;5;1786059417;PROFIT_RATCHET_LOCKED;floor=6.87 peak=16.17;MANAGE_PROFIT;SAFE;1;1;1;-1;-1;4252.95;15.15;15.15;16.17;-2.13;KELLY_LITE;true;0.04;213440.47;0.0417;KELLY_LITE(mult=1.15 taper=1.00 n=13)+HARD_RISK_CAP(2.0%)+MAXLOSS_CAP;213440.47;213455.62;36;0
2026.08.07 03:46:02;XAUUSD;5;1786059417;PROFIT_RATCHET_LOCKED;floor=6.87 peak=16.17;MANAGE_PROFIT;SAFE;1;1;1;-1;-1;4252.95;15.39;15.39;16.17;-2.13;KELLY_LITE;true;0.04;213440.47;0.0417;KELLY_LITE(mult=1.15 taper=1.00 n=13)+HARD_RISK_CAP(2.0%)+MAXLOSS_CAP;213440.47;213455.86;36;0
2026.08.07 03:46:02;XAUUSD;5;1786059417;PROFIT_RATCHET_LOCKED;floor=6.87 peak=16.17;MANAGE_PROFIT;SAFE;1;1;1;-1;-1;4252.95;15.42;15.42;16.17;-2.13;KELLY_LITE;true;0.04;213440.47;0.0417;KELLY_LITE(mult=1.15 taper=1.00 n=13)+HARD_RISK_CAP(2.0%)+MAXLOSS_CAP;213440.47;213455.89;36;0
2026.08.07 03:46:02;XAUUSD;5;1786059417;PROFIT_RATCHET_LOCKED;floor=6.87 peak=16.17;MANAGE_PROFIT;SAFE;1;1;1;-1;-1;4252.95;15.21;15.21;16.17;-2.13;KELLY_LITE;true;0.04;213440.47;0.0417;KELLY_LITE(mult=1.15 taper=1.00 n=13)+HARD_RISK_CAP(2.0%)+MAXLOSS_CAP;213440.47;213455.68;36;0
2026.08.07 03:46:02;XAUUSD;5;1786059417;PROFIT_RATCHET_LOCKED;floor=6.87 peak=16.17;MANAGE_PROFIT;SAFE;1;1;1;-1;-1;4252.95;15.12;15.12;16.17;-2.13;KELLY_LITE;true;0.04;213440.47;0.0417;KELLY_LITE(mult=1.15 taper=1.00 n=13)+HARD_RISK_CAP(2.0%)+MAXLOSS_CAP;213440.47;213455.59;36;0
2026.08.07 03:46:03;XAUUSD;5;1786059417;PROFIT_RATCHET_LOCKED;floor=6.87 peak=16.17;MANAGE_PROFIT;SAFE;1;1;1;-1;-1;4252.95;15.09;15.09;16.17;-2.13;KELLY_LITE;true;0.04;213440.47;0.0417;KELLY_LITE(mult=1.15 taper=1.00 n=13)+HARD_RISK_CAP(2.0%)+MAXLOSS_CAP;213440.47;213455.56;36;0
2026.08.07 03:46:03;XAUUSD;5;1786059417;PROFIT_RATCHET_LOCKED;floor=6.87 peak=16.17;MANAGE_PROFIT;SAFE;1;1;1;-1;-1;4252.95;15.48;15.48;16.17;-2.13;KELLY_LITE;true;0.04;213440.47;0.0417;KELLY_LITE(mult=1.15 taper=1.00 n=13)+HARD_RISK_CAP(2.0%)+MAXLOSS_CAP;213440.47;213455.95;36;0
2026.08.07 03:46:03;XAUUSD;5;1786059417;PROFIT_RATCHET_LOCKED;floor=6.87 peak=16.17;MANAGE_PROFIT;SAFE;1;1;1;-1;-1;4252.95;15.21;15.21;16.17;-2.13;KELLY_LITE;true;0.04;213440.47;0.0417;KELLY_LITE(mult=1.15 taper=1.00 n=13)+HARD_RISK_CAP(2.0%)+MAXLOSS_CAP;213440.47;213455.68;36;0
2026.08.07 03:46:03;XAUUSD;5;1786059417;PROFIT_RATCHET_LOCKED;floor=6.87 peak=16.17;MANAGE_PROFIT;SAFE;1;1;1;-1;-1;4252.95;15.66;15.66;16.17;-2.13;KELLY_LITE;true;0.04;213440.47;0.0417;KELLY_LITE(mult=1.15 taper=1.00 n=13)+HARD_RISK_CAP(2.0%)+MAXLOSS_CAP;213440.47;213456.13;36;0
2026.08.07 03:46:04;XAUUSD;5;1786059417;PROFIT_RATCHET_LOCKED;floor=6.87 peak=16.17;MANAGE_PROFIT;SAFE;1;1;1;-1;-1;4252.95;15.36;15.36;16.17;-2.13;KELLY_LITE;true;0.04;213440.47;0.0417;KELLY_LITE(mult=1.15 taper=1.00 n=13)+HARD_RISK_CAP(2.0%)+MAXLOSS_CAP;213440.47;213455.83;36;0
2026.08.07 03:46:04;XAUUSD;5;1786059417;PROFIT_RATCHET_LOCKED;floor=6.87 peak=16.17;MANAGE_PROFIT;SAFE;1;1;1;-1;-1;4252.95;15.12;15.12;16.17;-2.13;KELLY_LITE;true;0.04;213440.47;0.0417;KELLY_LITE(mult=1.15 taper=1.00 n=13)+HARD_RISK_CAP(2.0%)+MAXLOSS_CAP;213440.47;213455.59;36;0
2026.08.07 03:46:05;XAUUSD;5;1786059417;PROFIT_RATCHET_LOCKED;floor=6.87 peak=16.17;MANAGE_PROFIT;SAFE;1;1;1;-1;-1;4252.95;15.18;15.18;16.17;-2.13;KELLY_LITE;true;0.04;213440.47;0.0417;KELLY_LITE(mult=1.15 taper=1.00 n=13)+HARD_RISK_CAP(2.0%)+MAXLOSS_CAP;213440.47;213455.65;36;0
2026.08.07 03:46:05;XAUUSD;5;1786059417;PROFIT_RATCHET_LOCKED;floor=6.87 peak=16.17;MANAGE_PROFIT;SAFE;1;1;1;-1;-1;4252.95;14.91;14.91;16.17;-2.13;KELLY_LITE;true;0.04;213440.47;0.0417;KELLY_LITE(mult=1.15 taper=1.00 n=13)+HARD_RISK_CAP(2.0%)+MAXLOSS_CAP;213440.47;213455.38;36;0
2026.08.07 03:46:05;XAUUSD;5;1786059417;PROFIT_RATCHET_LOCKED;floor=6.87 peak=16.17;MANAGE_PROFIT;SAFE;1;1;1;-1;-1;4252.95;14.85;14.85;16.17;-2.13;KELLY_LITE;true;0.04;213440.47;0.0417;KELLY_LITE(mult=1.15 taper=1.00 n=13)+HARD_RISK_CAP(2.0%)+MAXLOSS_CAP;213440.47;213455.32;36;0
2026.08.07 03:46:06;XAUUSD;5;1786059417;PROFIT_RATCHET_LOCKED;floor=6.87 peak=16.17;MANAGE_PROFIT;SAFE;1;1;1;-1;-1;4252.95;15.87;15.87;16.17;-2.13;KELLY_LITE;true;0.04;213440.47;0.0417;KELLY_LITE(mult=1.15 taper=1.00 n=13)+HARD_RISK_CAP(2.0%)+MAXLOSS_CAP;213440.47;213456.34;36;0
2026.08.07 03:46:06;XAUUSD;5;1786059417;PROFIT_RATCHET_LOCKED;floor=6.87 peak=16.17;MANAGE_PROFIT;SAFE;1;1;1;-1;-1;4252.95;15.96;15.96;16.17;-2.13;KELLY_LITE;true;0.04;213440.47;0.0417;KELLY_LITE(mult=1.15 taper=1.00 n=13)+HARD_RISK_CAP(2.0%)+MAXLOSS_CAP;213440.47;213456.43;36;0
2026.08.07 03:46:07;XAUUSD;5;1786059417;OPPOSITE_PENDING_TRAILED;BUY_STOP trailed DOWN: ticket=118143571 old=4250.59 new=4250.24 dist=2.82;MANAGE_PROFIT;SAFE;1;1;1;-1;-1;4252.95;16.59;16.59;16.17;-2.13;KELLY_LITE;true;0.04;213440.47;0.0417;KELLY_LITE(mult=1.15 taper=1.00 n=13)+HARD_RISK_CAP(2.0%)+MAXLOSS_CAP;213440.47;213457.06;36;0
2026.08.07 03:46:07;XAUUSD;5;1786059417;SL_MODIFIED;ticket=118143572 oldSL=4248.15 newSL=4247.95 reason=break_even_lock_leg_0;MANAGE_PROFIT;SAFE;1;1;1;-1;-1;4252.95;16.59;16.59;16.59;-2.13;KELLY_LITE;true;0.04;213440.47;0.0417;KELLY_LITE(mult=1.15 taper=1.00 n=13)+HARD_RISK_CAP(2.0%)+MAXLOSS_CAP;213440.47;213457.06;36;0
2026.08.07 03:46:07;XAUUSD;5;1786059417;PROFIT_RATCHET_LOCKED;floor=7.05 peak=16.59;MANAGE_PROFIT;SAFE;1;1;1;-1;-1;4252.95;16.59;16.59;16.59;-2.13;KELLY_LITE;true;0.04;213440.47;0.0417;KELLY_LITE(mult=1.15 taper=1.00 n=13)+HARD_RISK_CAP(2.0%)+MAXLOSS_CAP;213440.47;213457.06;36;0
2026.08.07 03:46:07;XAUUSD;5;1786059417;PROFIT_RATCHET_LOCKED;floor=7.05 peak=16.59;MANAGE_PROFIT;SAFE;1;1;1;-1;-1;4252.95;16.59;16.59;16.59;-2.13;KELLY_LITE;true;0.04;213440.47;0.0417;KELLY_LITE(mult=1.15 taper=1.00 n=13)+HARD_RISK_CAP(2.0%)+MAXLOSS_CAP;213440.47;213457.06;36;0
2026.08.07 03:46:07;XAUUSD;5;1786059417;PROFIT_RATCHET_LOCKED;floor=7.05 peak=16.59;MANAGE_PROFIT;SAFE;1;1;1;-1;-1;4252.95;16.26;16.26;16.59;-2.13;KELLY_LITE;true;0.04;213440.47;0.0417;KELLY_LITE(mult=1.15 taper=1.00 n=13)+HARD_RISK_CAP(2.0%)+MAXLOSS_CAP;213440.47;213456.73;36;0
2026.08.07 03:46:08;XAUUSD;5;1786059417;PROFIT_RATCHET_LOCKED;floor=7.05 peak=16.59;MANAGE_PROFIT;SAFE;1;1;1;-1;-1;4252.95;16.35;16.35;16.59;-2.13;KELLY_LITE;true;0.04;213440.47;0.0417;KELLY_LITE(mult=1.15 taper=1.00 n=13)+HARD_RISK_CAP(2.0%)+MAXLOSS_CAP;213440.47;213456.82;36;0
2026.08.07 03:46:08;XAUUSD;5;1786059417;PROFIT_RATCHET_LOCKED;floor=7.05 peak=16.59;MANAGE_PROFIT;SAFE;1;1;1;-1;-1;4252.95;16.53;16.53;16.59;-2.13;KELLY_LITE;true;0.04;213440.47;0.0417;KELLY_LITE(mult=1.15 taper=1.00 n=13)+HARD_RISK_CAP(2.0%)+MAXLOSS_CAP;213440.47;213457.00;36;0
2026.08.07 03:46:08;XAUUSD;5;1786059417;PROFIT_RATCHET_LOCKED;floor=7.05 peak=16.59;MANAGE_PROFIT;SAFE;1;1;1;-1;-1;4252.95;16.26;16.26;16.59;-2.13;KELLY_LITE;true;0.04;213440.47;0.0417;KELLY_LITE(mult=1.15 taper=1.00 n=13)+HARD_RISK_CAP(2.0%)+MAXLOSS_CAP;213440.47;213456.73;36;0
2026.08.07 03:46:08;XAUUSD;5;1786059417;PROFIT_RATCHET_LOCKED;floor=7.05 peak=16.59;MANAGE_PROFIT;SAFE;1;1;1;-1;-1;4252.95;16.17;16.17;16.59;-2.13;KELLY_LITE;true;0.04;213440.47;0.0417;KELLY_LITE(mult=1.15 taper=1.00 n=13)+HARD_RISK_CAP(2.0%)+MAXLOSS_CAP;213440.47;213456.64;36;0
2026.08.07 03:46:08;XAUUSD;5;1786059417;PROFIT_RATCHET_LOCKED;floor=7.05 peak=16.59;MANAGE_PROFIT;SAFE;1;1;1;-1;-1;4252.95;16.44;16.44;16.59;-2.13;KELLY_LITE;true;0.04;213440.47;0.0417;KELLY_LITE(mult=1.15 taper=1.00 n=13)+HARD_RISK_CAP(2.0%)+MAXLOSS_CAP;213440.47;213456.91;36;0
2026.08.07 03:46:09;XAUUSD;5;1786059417;PROFIT_RATCHET_LOCKED;floor=7.06 peak=16.62;MANAGE_PROFIT;SAFE;1;1;1;-1;-1;4252.95;16.62;16.62;16.62;-2.13;KELLY_LITE;true;0.04;213440.47;0.0417;KELLY_LITE(mult=1.15 taper=1.00 n=13)+HARD_RISK_CAP(2.0%)+MAXLOSS_CAP;213440.47;213457.09;36;0
2026.08.07 03:46:09;XAUUSD;5;1786059417;PROFIT_RATCHET_LOCKED;floor=7.06 peak=16.62;MANAGE_PROFIT;SAFE;1;1;1;-1;-1;4252.95;16.53;16.53;16.62;-2.13;KELLY_LITE;true;0.04;213440.47;0.0417;KELLY_LITE(mult=1.15 taper=1.00 n=13)+HARD_RISK_CAP(2.0%)+MAXLOSS_CAP;213440.47;213457.00;36;0
2026.08.07 03:46:09;XAUUSD;5;1786059417;PROFIT_RATCHET_LOCKED;floor=7.06 peak=16.62;MANAGE_PROFIT;SAFE;1;1;1;-1;-1;4252.95;16.56;16.56;16.62;-2.13;KELLY_LITE;true;0.04;213440.47;0.0417;KELLY_LITE(mult=1.15 taper=1.00 n=13)+HARD_RISK_CAP(2.0%)+MAXLOSS_CAP;213440.47;213457.03;36;0
2026.08.07 03:46:09;XAUUSD;5;1786059417;PROFIT_RATCHET_LOCKED;floor=7.06 peak=16.62;MANAGE_PROFIT;SAFE;1;1;1;-1;-1;4252.95;16.50;16.50;16.62;-2.13;KELLY_LITE;true;0.04;213440.47;0.0417;KELLY_LITE(mult=1.15 taper=1.00 n=13)+HARD_RISK_CAP(2.0%)+MAXLOSS_CAP;213440.47;213456.97;36;0
2026.08.07 03:46:09;XAUUSD;5;1786059417;PROFIT_RATCHET_LOCKED;floor=7.06 peak=16.62;MANAGE_PROFIT;SAFE;1;1;1;-1;-1;4252.95;15.81;15.81;16.62;-2.13;KELLY_LITE;true;0.04;213440.47;0.0417;KELLY_LITE(mult=1.15 taper=1.00 n=13)+HARD_RISK_CAP(2.0%)+MAXLOSS_CAP;213440.47;213456.28;37;0
2026.08.07 03:46:10;XAUUSD;5;1786059417;PROFIT_RATCHET_LOCKED;floor=7.06 peak=16.62;MANAGE_PROFIT;SAFE;1;1;1;-1;-1;4252.95;15.81;15.81;16.62;-2.13;KELLY_LITE;true;0.04;213440.47;0.0417;KELLY_LITE(mult=1.15 taper=1.00 n=13)+HARD_RISK_CAP(2.0%)+MAXLOSS_CAP;213440.47;213456.28;36;0
2026.08.07 03:46:10;XAUUSD;5;1786059417;PROFIT_RATCHET_LOCKED;floor=7.06 peak=16.62;MANAGE_PROFIT;SAFE;1;1;1;-1;-1;4252.95;15.84;15.84;16.62;-2.13;KELLY_LITE;true;0.04;213440.47;0.0417;KELLY_LITE(mult=1.15 taper=1.00 n=13)+HARD_RISK_CAP(2.0%)+MAXLOSS_CAP;213440.47;213456.31;36;0
2026.08.07 03:46:10;XAUUSD;5;1786059417;PROFIT_RATCHET_LOCKED;floor=7.06 peak=16.62;MANAGE_PROFIT;SAFE;1;1;1;-1;-1;4252.95;15.42;15.42;16.62;-2.13;KELLY_LITE;true;0.04;213440.47;0.0417;KELLY_LITE(mult=1.15 taper=1.00 n=13)+HARD_RISK_CAP(2.0%)+MAXLOSS_CAP;213440.47;213455.89;36;0
2026.08.07 03:46:10;XAUUSD;5;1786059417;PROFIT_RATCHET_LOCKED;floor=7.06 peak=16.62;MANAGE_PROFIT;SAFE;1;1;1;-1;-1;4252.95;15.36;15.36;16.62;-2.13;KELLY_LITE;true;0.04;213440.47;0.0417;KELLY_LITE(mult=1.15 taper=1.00 n=13)+HARD_RISK_CAP(2.0%)+MAXLOSS_CAP;213440.47;213455.83;36;0
2026.08.07 03:46:11;XAUUSD;5;1786059417;PROFIT_RATCHET_LOCKED;floor=7.06 peak=16.62;MANAGE_PROFIT;SAFE;1;1;1;-1;-1;4252.95;15.45;15.45;16.62;-2.13;KELLY_LITE;true;0.04;213440.47;0.0417;KELLY_LITE(mult=1.15 taper=1.00 n=13)+HARD_RISK_CAP(2.0%)+MAXLOSS_CAP;213440.47;213455.92;36;0
2026.08.07 03:46:11;XAUUSD;5;1786059417;RECONCILED_BROKER_CLOSE;ticket=118143572 type=main pnl=15.00;MANAGE_PROFIT;SAFE;0;1;1;-1;-1;4252.95;0.00;0.00;16.62;-2.13;KELLY_LITE;true;0.04;213440.47;0.0417;KELLY_LITE(mult=1.15 taper=1.00 n=13)+HARD_RISK_CAP(2.0%)+MAXLOSS_CAP;213455.47;213455.47;33;0
2026.08.07 03:47:01;XAUUSD;5;1786059417;REVERSAL_CHASER_TRIGGERED_FLIP;newDir=BULL ticket=118143571 entry=4250.24 lot=0.04;MANAGE_PROFIT;SAFE;1;0;1;-1;-1;4252.95;-3.00;-3.00;16.62;-2.13;KELLY_LITE;true;0.04;213440.47;0.0417;KELLY_LITE(mult=1.15 taper=1.00 n=13)+HARD_RISK_CAP(2.0%)+MAXLOSS_CAP;213455.47;213452.47;36;0
2026.08.07 03:47:01;XAUUSD;5;1786059417;CYCLE_RESET;oldState=MANAGE_PROFIT realizedPnL=15.00 peak=16.62 worst=-2.13 pyramid=1 consLosses=0 reason=chaser_flip;MANAGE_PROFIT;SAFE;1;0;1;-1;-1;4252.95;-3.00;-3.00;16.62;-2.13;KELLY_LITE;true;0.04;213440.47;0.0417;KELLY_LITE(mult=1.15 taper=1.00 n=13)+HARD_RISK_CAP(2.0%)+MAXLOSS_CAP;213455.47;213452.47;36;0
2026.08.07 03:48:54;XAUUSD;5;1786059418;SL_MODIFIED;ticket=118143571 oldSL=4246.24 newSL=4251.56 reason=break_even_lock_leg_0 (retry buf=3pt);MANAGE_PROFIT;SAFE;1;0;1;-1;-1;4250.24;7.36;7.36;8.04;-4.44;KELLY_LITE;true;0.04;213440.47;0.0417;KELLY_LITE(mult=1.15 taper=1.00 n=13)+HARD_RISK_CAP(2.0%)+MAXLOSS_CAP;213455.47;213462.83;36;0
2026.08.07 03:48:54;XAUUSD;5;1786059418;PROFIT_RATCHET_LOCKED;floor=2.71 peak=8.04;MANAGE_PROFIT;SAFE;1;0;1;-1;-1;4250.24;7.36;7.36;8.04;-4.44;KELLY_LITE;true;0.04;213440.47;0.0417;KELLY_LITE(mult=1.15 taper=1.00 n=13)+HARD_RISK_CAP(2.0%)+MAXLOSS_CAP;213455.47;213462.83;36;0
2026.08.07 03:48:54;XAUUSD;5;1786059418;PROFIT_RATCHET_LOCKED;floor=2.71 peak=8.04;MANAGE_PROFIT;SAFE;1;0;1;-1;-1;4250.24;7.36;7.36;8.04;-4.44;KELLY_LITE;true;0.04;213440.47;0.0417;KELLY_LITE(mult=1.15 taper=1.00 n=13)+HARD_RISK_CAP(2.0%)+MAXLOSS_CAP;213455.47;213462.83;36;0
2026.08.07 03:48:54;XAUUSD;5;1786059418;PROFIT_RATCHET_LOCKED;floor=2.71 peak=8.04;MANAGE_PROFIT;SAFE;1;0;1;-1;-1;4250.24;7.40;7.40;8.04;-4.44;KELLY_LITE;true;0.04;213440.47;0.0417;KELLY_LITE(mult=1.15 taper=1.00 n=13)+HARD_RISK_CAP(2.0%)+MAXLOSS_CAP;213455.47;213462.87;36;0
2026.08.07 03:48:55;XAUUSD;5;1786059418;SL_MODIFY_FAILED;ticket=118143571 newSL=4251.61 reason=break_even_lock_leg_0 err=0;MANAGE_PROFIT;SAFE;1;0;1;-1;-1;4250.24;7.40;7.40;8.04;-4.44;KELLY_LITE;true;0.04;213440.47;0.0417;KELLY_LITE(mult=1.15 taper=1.00 n=13)+HARD_RISK_CAP(2.0%)+MAXLOSS_CAP;213455.47;213462.87;36;0
2026.08.07 03:48:55;XAUUSD;5;1786059418;PROFIT_RATCHET_LOCKED;floor=2.71 peak=8.04;MANAGE_PROFIT;SAFE;1;0;1;-1;-1;4250.24;7.40;7.40;8.04;-4.44;KELLY_LITE;true;0.04;213440.47;0.0417;KELLY_LITE(mult=1.15 taper=1.00 n=13)+HARD_RISK_CAP(2.0%)+MAXLOSS_CAP;213455.47;213462.87;36;0
2026.08.07 03:48:55;XAUUSD;5;1786059418;PROFIT_RATCHET_LOCKED;floor=2.71 peak=8.04;MANAGE_PROFIT;SAFE;1;0;1;-1;-1;4250.24;7.40;7.40;8.04;-4.44;KELLY_LITE;true;0.04;213440.47;0.0417;KELLY_LITE(mult=1.15 taper=1.00 n=13)+HARD_RISK_CAP(2.0%)+MAXLOSS_CAP;213455.47;213462.87;36;0
2026.08.07 03:48:55;XAUUSD;5;1786059418;PROFIT_RATCHET_LOCKED;floor=2.71 peak=8.04;MANAGE_PROFIT;SAFE;1;0;1;-1;-1;4250.24;7.24;7.24;8.04;-4.44;KELLY_LITE;true;0.04;213440.47;0.0417;KELLY_LITE(mult=1.15 taper=1.00 n=13)+HARD_RISK_CAP(2.0%)+MAXLOSS_CAP;213455.47;213462.71;36;0
2026.08.07 03:48:56;XAUUSD;5;1786059418;PROFIT_RATCHET_LOCKED;floor=2.71 peak=8.04;MANAGE_PROFIT;SAFE;1;0;1;-1;-1;4250.24;7.28;7.28;8.04;-4.44;KELLY_LITE;true;0.04;213440.47;0.0417;KELLY_LITE(mult=1.15 taper=1.00 n=13)+HARD_RISK_CAP(2.0%)+MAXLOSS_CAP;213455.47;213462.75;36;0
2026.08.07 03:48:56;XAUUSD;5;1786059418;PROFIT_RATCHET_LOCKED;floor=2.71 peak=8.04;MANAGE_PROFIT;SAFE;1;0;1;-1;-1;4250.24;6.60;6.60;8.04;-4.44;KELLY_LITE;true;0.04;213440.47;0.0417;KELLY_LITE(mult=1.15 taper=1.00 n=13)+HARD_RISK_CAP(2.0%)+MAXLOSS_CAP;213455.47;213462.07;36;0
2026.08.07 03:48:57;XAUUSD;5;1786059418;PROFIT_RATCHET_LOCKED;floor=2.71 peak=8.04;MANAGE_PROFIT;SAFE;1;0;1;-1;-1;4250.24;6.56;6.56;8.04;-4.44;KELLY_LITE;true;0.04;213440.47;0.0417;KELLY_LITE(mult=1.15 taper=1.00 n=13)+HARD_RISK_CAP(2.0%)+MAXLOSS_CAP;213455.47;213462.03;36;0
2026.08.07 03:48:57;XAUUSD;5;1786059418;PROFIT_RATCHET_LOCKED;floor=2.71 peak=8.04;MANAGE_PROFIT;SAFE;1;0;1;-1;-1;4250.24;6.52;6.52;8.04;-4.44;KELLY_LITE;true;0.04;213440.47;0.0417;KELLY_LITE(mult=1.15 taper=1.00 n=13)+HARD_RISK_CAP(2.0%)+MAXLOSS_CAP;213455.47;213461.99;36;0
2026.08.07 03:48:57;XAUUSD;5;1786059418;PROFIT_RATCHET_LOCKED;floor=2.71 peak=8.04;MANAGE_PROFIT;SAFE;1;0;1;-1;-1;4250.24;6.56;6.56;8.04;-4.44;KELLY_LITE;true;0.04;213440.47;0.0417;KELLY_LITE(mult=1.15 taper=1.00 n=13)+HARD_RISK_CAP(2.0%)+MAXLOSS_CAP;213455.47;213462.03;36;0
2026.08.07 03:48:58;XAUUSD;5;1786059418;PROFIT_RATCHET_LOCKED;floor=2.71 peak=8.04;MANAGE_PROFIT;SAFE;1;0;1;-1;-1;4250.24;6.48;6.48;8.04;-4.44;KELLY_LITE;true;0.04;213440.47;0.0417;KELLY_LITE(mult=1.15 taper=1.00 n=13)+HARD_RISK_CAP(2.0%)+MAXLOSS_CAP;213455.47;213461.95;36;0
2026.08.07 03:48:58;XAUUSD;5;1786059418;PROFIT_RATCHET_LOCKED;floor=2.71 peak=8.04;MANAGE_PROFIT;SAFE;1;0;1;-1;-1;4250.24;6.68;6.68;8.04;-4.44;KELLY_LITE;true;0.04;213440.47;0.0417;KELLY_LITE(mult=1.15 taper=1.00 n=13)+HARD_RISK_CAP(2.0%)+MAXLOSS_CAP;213455.47;213462.15;36;0
2026.08.07 03:48:58;XAUUSD;5;1786059418;PROFIT_RATCHET_LOCKED;floor=2.71 peak=8.04;MANAGE_PROFIT;SAFE;1;0;1;-1;-1;4250.24;6.60;6.60;8.04;-4.44;KELLY_LITE;true;0.04;213440.47;0.0417;KELLY_LITE(mult=1.15 taper=1.00 n=13)+HARD_RISK_CAP(2.0%)+MAXLOSS_CAP;213455.47;213462.07;36;0
2026.08.07 03:48:58;XAUUSD;5;1786059418;PROFIT_RATCHET_LOCKED;floor=2.71 peak=8.04;MANAGE_PROFIT;SAFE;1;0;1;-1;-1;4250.24;6.48;6.48;8.04;-4.44;KELLY_LITE;true;0.04;213440.47;0.0417;KELLY_LITE(mult=1.15 taper=1.00 n=13)+HARD_RISK_CAP(2.0%)+MAXLOSS_CAP;213455.47;213461.95;36;0
2026.08.07 03:48:58;XAUUSD;5;1786059418;PROFIT_RATCHET_LOCKED;floor=2.71 peak=8.04;MANAGE_PROFIT;SAFE;1;0;1;-1;-1;4250.24;6.44;6.44;8.04;-4.44;KELLY_LITE;true;0.04;213440.47;0.0417;KELLY_LITE(mult=1.15 taper=1.00 n=13)+HARD_RISK_CAP(2.0%)+MAXLOSS_CAP;213455.47;213461.91;36;0
2026.08.07 03:48:59;XAUUSD;5;1786059418;PROFIT_RATCHET_LOCKED;floor=2.71 peak=8.04;MANAGE_PROFIT;SAFE;1;0;1;-1;-1;4250.24;6.52;6.52;8.04;-4.44;KELLY_LITE;true;0.04;213440.47;0.0417;KELLY_LITE(mult=1.15 taper=1.00 n=13)+HARD_RISK_CAP(2.0%)+MAXLOSS_CAP;213455.47;213461.99;36;0
2026.08.07 03:48:59;XAUUSD;5;1786059418;PROFIT_RATCHET_LOCKED;floor=2.71 peak=8.04;MANAGE_PROFIT;SAFE;1;0;1;-1;-1;4250.24;6.56;6.56;8.04;-4.44;KELLY_LITE;true;0.04;213440.47;0.0417;KELLY_LITE(mult=1.15 taper=1.00 n=13)+HARD_RISK_CAP(2.0%)+MAXLOSS_CAP;213455.47;213462.03;36;0
2026.08.07 03:49:00;XAUUSD;5;1786059418;PROFIT_RATCHET_LOCKED;floor=2.71 peak=8.04;MANAGE_PROFIT;SAFE;1;0;1;-1;-1;4250.24;6.64;6.64;8.04;-4.44;KELLY_LITE;true;0.04;213440.47;0.0417;KELLY_LITE(mult=1.15 taper=1.00 n=13)+HARD_RISK_CAP(2.0%)+MAXLOSS_CAP;213455.47;213462.11;36;0
2026.08.07 03:49:00;XAUUSD;5;1786059418;PROFIT_RATCHET_LOCKED;floor=2.71 peak=8.04;MANAGE_PROFIT;SAFE;1;0;1;-1;-1;4250.24;6.68;6.68;8.04;-4.44;KELLY_LITE;true;0.04;213440.47;0.0417;KELLY_LITE(mult=1.15 taper=1.00 n=13)+HARD_RISK_CAP(2.0%)+MAXLOSS_CAP;213455.47;213462.15;36;0
2026.08.07 03:49:00;XAUUSD;5;1786059418;PROFIT_RATCHET_LOCKED;floor=2.71 peak=8.04;MANAGE_PROFIT;SAFE;1;0;1;-1;-1;4250.24;6.28;6.28;8.04;-4.44;KELLY_LITE;true;0.04;213440.47;0.0417;KELLY_LITE(mult=1.15 taper=1.00 n=13)+HARD_RISK_CAP(2.0%)+MAXLOSS_CAP;213455.47;213461.75;36;0
2026.08.07 03:49:00;XAUUSD;5;1786059418;PROFIT_RATCHET_LOCKED;floor=2.71 peak=8.04;MANAGE_PROFIT;SAFE;1;0;1;-1;-1;4250.24;6.28;6.28;8.04;-4.44;KELLY_LITE;true;0.04;213440.47;0.0417;KELLY_LITE(mult=1.15 taper=1.00 n=13)+HARD_RISK_CAP(2.0%)+MAXLOSS_CAP;213455.47;213461.75;35;0
2026.08.07 03:49:01;XAUUSD;5;1786059418;PROFIT_RATCHET_LOCKED;floor=2.71 peak=8.04;MANAGE_PROFIT;SAFE;1;0;1;-1;-1;4250.24;6.24;6.24;8.04;-4.44;KELLY_LITE;true;0.04;213440.47;0.0417;KELLY_LITE(mult=1.15 taper=1.00 n=13)+HARD_RISK_CAP(2.0%)+MAXLOSS_CAP;213455.47;213461.71;36;0
2026.08.07 03:49:01;XAUUSD;5;1786059418;PROFIT_RATCHET_LOCKED;floor=2.71 peak=8.04;MANAGE_PROFIT;SAFE;1;0;1;-1;-1;4250.24;6.28;6.28;8.04;-4.44;KELLY_LITE;true;0.04;213440.47;0.0417;KELLY_LITE(mult=1.15 taper=1.00 n=13)+HARD_RISK_CAP(2.0%)+MAXLOSS_CAP;213455.47;213461.75;36;0
2026.08.07 03:49:01;XAUUSD;5;1786059418;PROFIT_RATCHET_LOCKED;floor=2.71 peak=8.04;MANAGE_PROFIT;SAFE;1;0;1;-1;-1;4250.24;6.16;6.16;8.04;-4.44;KELLY_LITE;true;0.04;213440.47;0.0417;KELLY_LITE(mult=1.15 taper=1.00 n=13)+HARD_RISK_CAP(2.0%)+MAXLOSS_CAP;213455.47;213461.63;36;0
2026.08.07 03:49:02;XAUUSD;5;1786059418;PROFIT_RATCHET_LOCKED;floor=2.71 peak=8.04;MANAGE_PROFIT;SAFE;1;0;1;-1;-1;4250.24;6.32;6.32;8.04;-4.44;KELLY_LITE;true;0.04;213440.47;0.0417;KELLY_LITE(mult=1.15 taper=1.00 n=13)+HARD_RISK_CAP(2.0%)+MAXLOSS_CAP;213455.47;213461.79;36;0
2026.08.07 03:49:02;XAUUSD;5;1786059418;PROFIT_RATCHET_LOCKED;floor=2.71 peak=8.04;MANAGE_PROFIT;SAFE;1;0;1;-1;-1;4250.24;6.36;6.36;8.04;-4.44;KELLY_LITE;true;0.04;213440.47;0.0417;KELLY_LITE(mult=1.15 taper=1.00 n=13)+HARD_RISK_CAP(2.0%)+MAXLOSS_CAP;213455.47;213461.83;36;0
2026.08.07 03:49:02;XAUUSD;5;1786059418;PROFIT_RATCHET_LOCKED;floor=2.71 peak=8.04;MANAGE_PROFIT;SAFE;1;0;1;-1;-1;4250.24;6.24;6.24;8.04;-4.44;KELLY_LITE;true;0.04;213440.47;0.0417;KELLY_LITE(mult=1.15 taper=1.00 n=13)+HARD_RISK_CAP(2.0%)+MAXLOSS_CAP;213455.47;213461.71;36;0
2026.08.07 03:49:02;XAUUSD;5;1786059418;PROFIT_RATCHET_LOCKED;floor=2.71 peak=8.04;MANAGE_PROFIT;SAFE;1;0;1;-1;-1;4250.24;6.28;6.28;8.04;-4.44;KELLY_LITE;true;0.04;213440.47;0.0417;KELLY_LITE(mult=1.15 taper=1.00 n=13)+HARD_RISK_CAP(2.0%)+MAXLOSS_CAP;213455.47;213461.75;36;0
2026.08.07 03:49:03;XAUUSD;5;1786059418;PROFIT_RATCHET_LOCKED;floor=2.71 peak=8.04;MANAGE_PROFIT;SAFE;1;0;1;-1;-1;4250.24;6.32;6.32;8.04;-4.44;KELLY_LITE;true;0.04;213440.47;0.0417;KELLY_LITE(mult=1.15 taper=1.00 n=13)+HARD_RISK_CAP(2.0%)+MAXLOSS_CAP;213455.47;213461.79;36;0
2026.08.07 03:49:03;XAUUSD;5;1786059418;PROFIT_RATCHET_LOCKED;floor=2.71 peak=8.04;MANAGE_PROFIT;SAFE;1;0;1;-1;-1;4250.24;6.28;6.28;8.04;-4.44;KELLY_LITE;true;0.04;213440.47;0.0417;KELLY_LITE(mult=1.15 taper=1.00 n=13)+HARD_RISK_CAP(2.0%)+MAXLOSS_CAP;213455.47;213461.75;34;0
2026.08.07 03:49:03;XAUUSD;5;1786059418;PROFIT_RATCHET_LOCKED;floor=2.71 peak=8.04;MANAGE_PROFIT;SAFE;1;0;1;-1;-1;4250.24;6.20;6.20;8.04;-4.44;KELLY_LITE;true;0.04;213440.47;0.0417;KELLY_LITE(mult=1.15 taper=1.00 n=13)+HARD_RISK_CAP(2.0%)+MAXLOSS_CAP;213455.47;213461.67;36;0
2026.08.07 03:49:04;XAUUSD;5;1786059418;PROFIT_RATCHET_LOCKED;floor=2.71 peak=8.04;MANAGE_PROFIT;SAFE;1;0;1;-1;-1;4250.24;6.32;6.32;8.04;-4.44;KELLY_LITE;true;0.04;213440.47;0.0417;KELLY_LITE(mult=1.15 taper=1.00 n=13)+HARD_RISK_CAP(2.0%)+MAXLOSS_CAP;213455.47;213461.79;36;0
2026.08.07 03:49:04;XAUUSD;5;1786059418;PROFIT_RATCHET_LOCKED;floor=2.71 peak=8.04;MANAGE_PROFIT;SAFE;1;0;1;-1;-1;4250.24;6.28;6.28;8.04;-4.44;KELLY_LITE;true;0.04;213440.47;0.0417;KELLY_LITE(mult=1.15 taper=1.00 n=13)+HARD_RISK_CAP(2.0%)+MAXLOSS_CAP;213455.47;213461.75;36;0
2026.08.07 03:49:04;XAUUSD;5;1786059418;PROFIT_RATCHET_LOCKED;floor=2.71 peak=8.04;MANAGE_PROFIT;SAFE;1;0;1;-1;-1;4250.24;6.32;6.32;8.04;-4.44;KELLY_LITE;true;0.04;213440.47;0.0417;KELLY_LITE(mult=1.15 taper=1.00 n=13)+HARD_RISK_CAP(2.0%)+MAXLOSS_CAP;213455.47;213461.79;36;0
2026.08.07 03:49:04;XAUUSD;5;1786059418;PROFIT_RATCHET_LOCKED;floor=2.71 peak=8.04;MANAGE_PROFIT;SAFE;1;0;1;-1;-1;4250.24;5.72;5.72;8.04;-4.44;KELLY_LITE;true;0.04;213440.47;0.0417;KELLY_LITE(mult=1.15 taper=1.00 n=13)+HARD_RISK_CAP(2.0%)+MAXLOSS_CAP;213455.47;213461.19;33;0
2026.08.07 03:49:04;XAUUSD;5;1786059418;RECONCILED_BROKER_CLOSE;ticket=118143571 type=main pnl=5.28;MANAGE_PROFIT;SAFE;0;0;1;-1;-1;4250.24;0.00;0.00;8.04;-4.44;KELLY_LITE;true;0.04;213440.47;0.0417;KELLY_LITE(mult=1.15 taper=1.00 n=13)+HARD_RISK_CAP(2.0%)+MAXLOSS_CAP;213460.75;213460.75;36;0
2026.08.07 03:49:04;XAUUSD;5;1786059418;CYCLE_RESET;oldState=MANAGE_PROFIT realizedPnL=5.28 peak=8.04 worst=-4.44 pyramid=1 consLosses=0;MANAGE_PROFIT;SAFE;0;0;1;-1;-1;4250.24;0.00;0.00;8.04;-4.44;KELLY_LITE;true;0.04;213440.47;0.0417;KELLY_LITE(mult=1.15 taper=1.00 n=13)+HARD_RISK_CAP(2.0%)+MAXLOSS_CAP;213460.75;213460.75;36;0
2026.08.07 03:54:04;XAUUSD;5;1786059418;FILTER_BLOCK_TREND_DISAGREE;TREND_DISAGREE (main=1 fast=-1 rsi=49.8, no extreme);BLOCKED;SAFE;0;0;0;-1;-1;0.00;0.00;0.00;0.00;0.00;KELLY_LITE;true;0.04;213440.47;0.0417;KELLY_LITE(mult=1.15 taper=1.00 n=13)+HARD_RISK_CAP(2.0%)+MAXLOSS_CAP;213460.75;213460.75;36;0
2026.08.07 03:59:04;XAUUSD;5;1786059418;FILTER_BLOCK_TREND_DISAGREE;TREND_DISAGREE (main=1 fast=-1 rsi=54.8, no extreme);BLOCKED;SAFE;0;0;0;-1;-1;0.00;0.00;0.00;0.00;0.00;KELLY_LITE;true;0.04;213440.47;0.0417;KELLY_LITE(mult=1.15 taper=1.00 n=13)+HARD_RISK_CAP(2.0%)+MAXLOSS_CAP;213460.75;213460.75;34;0
2026.08.07 04:04:04;XAUUSD;5;1786059418;FILTER_BLOCK_TREND_DISAGREE;TREND_DISAGREE (main=1 fast=-1 rsi=48.5, no extreme);BLOCKED;SAFE;0;0;0;-1;-1;0.00;0.00;0.00;0.00;0.00;KELLY_LITE;true;0.04;213440.47;0.0417;KELLY_LITE(mult=1.15 taper=1.00 n=13)+HARD_RISK_CAP(2.0%)+MAXLOSS_CAP;213460.75;213460.75;36;0
2026.08.07 04:09:04;XAUUSD;5;1786059419;PLACE_PENDING_START;cycle=1786059419 trend=1 consecLosses=0 preset=AGGRESSIVE;PLACE_PENDING;SAFE;0;0;0;-1;-1;0.00;0.00;0.00;0.00;0.00;KELLY_LITE;true;0.04;213440.47;0.0417;KELLY_LITE(mult=1.15 taper=1.00 n=13)+HARD_RISK_CAP(2.0%)+MAXLOSS_CAP;213460.75;213460.75;36;0
2026.08.07 04:09:04;XAUUSD;5;1786059419;DIR_OCO_PLACED;dir=BULL ticket=118146318 price=4259.69 sl=4244.69 tp=4282.19 lot=0.04 dist=1.81;PLACE_PENDING;SAFE;0;1;0;118146318;-1;0.00;0.00;0.00;0.00;0.00;KELLY_LITE;true;0.04;213460.75;0.0417;KELLY_LITE(mult=1.25 taper=1.00 n=15)+HARD_RISK_CAP(2.0%)+MAXLOSS_CAP;213460.75;213460.75;36;0
2026.08.07 04:09:04;XAUUSD;5;1786059419;DIR_OCO_COUNTER_PLACED;dir=BEAR(counter) ticket=118146319 price=4255.72 lot=0.03;PLACE_PENDING;SAFE;0;2;0;118146318;118146319;0.00;0.00;0.00;0.00;0.00;KELLY_LITE;true;0.04;213460.75;0.0417;KELLY_LITE(mult=1.25 taper=1.00 n=15)+HARD_RISK_CAP(2.0%)+MAXLOSS_CAP;213460.75;213460.75;36;0
2026.08.07 04:09:21;XAUUSD;5;1786059419;BUY_STOP_TRAILED;Old=4259.69 New=4259.16;WAIT_TRIGGER;SAFE;0;2;0;118146318;118146319;0.00;0.00;0.00;0.00;0.00;KELLY_LITE;true;0.04;213460.75;0.0417;KELLY_LITE(mult=1.25 taper=1.00 n=15)+HARD_RISK_CAP(2.0%)+MAXLOSS_CAP;213460.75;213460.75;36;0
2026.08.07 04:09:33;XAUUSD;5;1786059419;BUY_STOP_TRAILED;Old=4259.16 New=4258.85;WAIT_TRIGGER;SAFE;0;2;0;118146318;118146319;0.00;0.00;0.00;0.00;0.00;KELLY_LITE;true;0.04;213460.75;0.0417;KELLY_LITE(mult=1.25 taper=1.00 n=15)+HARD_RISK_CAP(2.0%)+MAXLOSS_CAP;213460.75;213460.75;36;0
2026.08.07 04:10:40;XAUUSD;5;1786059419;BUY_STOP_TRAILED;Old=4258.85 New=4258.37;WAIT_TRIGGER;SAFE;0;2;0;118146318;118146319;0.00;0.00;0.00;0.00;0.00;KELLY_LITE;true;0.04;213460.75;0.0417;KELLY_LITE(mult=1.25 taper=1.00 n=15)+HARD_RISK_CAP(2.0%)+MAXLOSS_CAP;213460.75;213460.75;36;0
2026.08.07 04:11:04;XAUUSD;5;1786059419;BUY_STOP_TRAILED;Old=4258.37 New=4258.02;WAIT_TRIGGER;SAFE;0;2;0;118146318;118146319;0.00;0.00;0.00;0.00;0.00;KELLY_LITE;true;0.04;213460.75;0.0417;KELLY_LITE(mult=1.25 taper=1.00 n=15)+HARD_RISK_CAP(2.0%)+MAXLOSS_CAP;213460.75;213460.75;33;0
2026.08.07 04:11:06;XAUUSD;5;1786059419;OCO_TRIGGERED_SELL;ticket=118146319 entry=4255.72;POSITION_ACTIVE;SAFE;1;1;0;118146318;-1;0.00;-0.87;-0.87;0.00;0.00;KELLY_LITE;true;0.04;213460.75;0.0417;KELLY_LITE(mult=1.25 taper=1.00 n=15)+HARD_RISK_CAP(2.0%)+MAXLOSS_CAP;213460.75;213459.88;36;0
2026.08.07 04:11:06;XAUUSD;5;1786059419;OPPOSITE_TRAIL_ARMED;opposite_ticket=118146318 will trail price;POSITION_ACTIVE;SAFE;1;1;0;118146318;-1;0.00;-0.87;-0.87;0.00;0.00;KELLY_LITE;true;0.04;213460.75;0.0417;KELLY_LITE(mult=1.25 taper=1.00 n=15)+HARD_RISK_CAP(2.0%)+MAXLOSS_CAP;213460.75;213459.88;36;0
2026.08.07 04:11:15;XAUUSD;5;1786059419;OPPOSITE_PENDING_TRAILED;BUY_STOP trailed DOWN: ticket=118146318 old=4258.02 new=4257.61 dist=2.59;MANAGE_PROFIT;SAFE;1;1;1;-1;-1;4255.72;2.52;2.52;1.77;-1.08;KELLY_LITE;true;0.04;213460.75;0.0417;KELLY_LITE(mult=1.25 taper=1.00 n=15)+HARD_RISK_CAP(2.0%)+MAXLOSS_CAP;213460.75;213463.27;36;0
2026.08.07 04:11:16;XAUUSD;5;1786059419;OPPOSITE_PENDING_TRAILED;BUY_STOP trailed DOWN: ticket=118146318 old=4257.61 new=4257.27 dist=2.61;MANAGE_PROFIT;SAFE;1;1;1;-1;-1;4255.72;3.18;3.18;2.91;-1.08;KELLY_LITE;true;0.04;213460.75;0.0417;KELLY_LITE(mult=1.25 taper=1.00 n=15)+HARD_RISK_CAP(2.0%)+MAXLOSS_CAP;213460.75;213463.93;36;0
2026.08.07 04:11:17;XAUUSD;5;1786059419;OPPOSITE_PENDING_TRAILED;BUY_STOP trailed DOWN: ticket=118146318 old=4257.27 new=4256.86 dist=2.63;MANAGE_PROFIT;SAFE;1;1;1;-1;-1;4255.72;4.44;4.44;3.54;-1.08;KELLY_LITE;true;0.04;213460.75;0.0417;KELLY_LITE(mult=1.25 taper=1.00 n=15)+HARD_RISK_CAP(2.0%)+MAXLOSS_CAP;213460.75;213465.19;36;0
2026.08.07 04:11:22;XAUUSD;5;1786059419;OPPOSITE_PENDING_TRAILED;BUY_STOP trailed DOWN: ticket=118146318 old=4256.86 new=4256.48 dist=2.65;MANAGE_PROFIT;SAFE;1;1;1;-1;-1;4255.72;5.97;5.97;5.31;-1.08;KELLY_LITE;true;0.04;213460.75;0.0417;KELLY_LITE(mult=1.25 taper=1.00 n=15)+HARD_RISK_CAP(2.0%)+MAXLOSS_CAP;213460.75;213466.72;36;0
2026.08.07 04:11:29;XAUUSD;5;1786059419;OPPOSITE_PENDING_TRAILED;BUY_STOP trailed DOWN: ticket=118146318 old=4256.48 new=4256.02 dist=2.67;MANAGE_PROFIT;SAFE;1;1;1;-1;-1;4255.72;7.53;7.53;6.60;-1.08;KELLY_LITE;true;0.04;213460.75;0.0417;KELLY_LITE(mult=1.25 taper=1.00 n=15)+HARD_RISK_CAP(2.0%)+MAXLOSS_CAP;213460.75;213468.28;36;0
2026.08.07 04:12:57;XAUUSD;5;1786059419;REVERSAL_CHASER_TRIGGERED_FLIP;newDir=BULL ticket=118146318 entry=4256.02 lot=0.04;MANAGE_PROFIT;SAFE;2;0;1;-1;-1;4255.72;-2.33;-0.93;7.68;-1.08;KELLY_LITE;true;0.04;213460.75;0.0417;KELLY_LITE(mult=1.25 taper=1.00 n=15)+HARD_RISK_CAP(2.0%)+MAXLOSS_CAP;213460.75;213458.42;36;0
2026.08.07 04:12:58;XAUUSD;5;1786059419;POSITION_CLOSED;ticket=118146319 reason=reversal_chaser_flip lots=0.03 price=4256.03 pnl=-0.93;MANAGE_PROFIT;SAFE;1;0;1;-1;-1;4255.72;-1.64;-1.64;7.68;-1.08;KELLY_LITE;true;0.04;213460.75;0.0417;KELLY_LITE(mult=1.25 taper=1.00 n=15)+HARD_RISK_CAP(2.0%)+MAXLOSS_CAP;213460.00;213458.36;36;0
2026.08.07 04:12:58;XAUUSD;5;1786059419;CYCLE_RESET;oldState=MANAGE_PROFIT realizedPnL=-0.75 peak=7.68 worst=-1.08 pyramid=1 consLosses=0 reason=chaser_flip;MANAGE_PROFIT;SAFE;1;0;1;-1;-1;4255.72;-1.64;-1.64;7.68;-1.08;KELLY_LITE;true;0.04;213460.75;0.0417;KELLY_LITE(mult=1.25 taper=1.00 n=15)+HARD_RISK_CAP(2.0%)+MAXLOSS_CAP;213460.00;213458.36;36;0
2026.08.07 04:22:33;XAUUSD;5;1786059420;RECONCILED_BROKER_CLOSE;ticket=118146318 type=main pnl=-16.00;MANAGE_PROFIT;SAFE;0;0;1;-1;-1;4256.02;0.00;0.00;2.04;-16.20;KELLY_LITE;true;0.04;213460.75;0.0417;KELLY_LITE(mult=1.25 taper=1.00 n=15)+HARD_RISK_CAP(2.0%)+MAXLOSS_CAP;213444.00;213444.00;36;0
2026.08.07 04:22:33;XAUUSD;5;1786059420;CYCLE_RESET;oldState=MANAGE_PROFIT realizedPnL=-16.75 peak=2.04 worst=-16.20 pyramid=1 consLosses=1;MANAGE_PROFIT;SAFE;0;0;1;-1;-1;4256.02;0.00;0.00;2.04;-16.20;KELLY_LITE;true;0.04;213460.75;0.0417;KELLY_LITE(mult=1.25 taper=1.00 n=15)+HARD_RISK_CAP(2.0%)+MAXLOSS_CAP;213444.00;213444.00;36;0
2026.08.07 04:27:33;XAUUSD;5;1786059421;PLACE_PENDING_START;cycle=1786059421 trend=1 consecLosses=1 preset=AGGRESSIVE;PLACE_PENDING;SAFE;0;0;0;-1;-1;0.00;0.00;0.00;0.00;0.00;KELLY_LITE;true;0.04;213460.75;0.0417;KELLY_LITE(mult=1.25 taper=1.00 n=15)+HARD_RISK_CAP(2.0%)+MAXLOSS_CAP;213444.00;213444.00;36;0
2026.08.07 04:27:33;XAUUSD;5;1786059421;DIR_OCO_PLACED;dir=BULL ticket=118147582 price=4258.72 sl=4243.72 tp=4281.22 lot=0.04 dist=1.83;PLACE_PENDING;SAFE;0;1;0;118147582;-1;0.00;0.00;0.00;0.00;0.00;KELLY_LITE;true;0.04;213444.00;0.0417;KELLY_LITE(mult=1.15 taper=1.00 n=17)+HARD_RISK_CAP(2.0%)+MAXLOSS_CAP;213444.00;213444.00;36;0
2026.08.07 04:27:34;XAUUSD;5;1786059421;DIR_OCO_COUNTER_PLACED;dir=BEAR(counter) ticket=118147583 price=4254.79 lot=0.03;PLACE_PENDING;SAFE;0;2;0;118147582;118147583;0.00;0.00;0.00;0.00;0.00;KELLY_LITE;true;0.04;213444.00;0.0417;KELLY_LITE(mult=1.15 taper=1.00 n=17)+HARD_RISK_CAP(2.0%)+MAXLOSS_CAP;213444.00;213444.00;36;0
2026.08.07 04:27:37;XAUUSD;5;1786059421;SELL_STOP_TRAILED;Old=4254.79 New=4255.19;WAIT_TRIGGER;SAFE;0;2;0;118147582;118147583;0.00;0.00;0.00;0.00;0.00;KELLY_LITE;true;0.04;213444.00;0.0417;KELLY_LITE(mult=1.15 taper=1.00 n=17)+HARD_RISK_CAP(2.0%)+MAXLOSS_CAP;213444.00;213444.00;36;0
2026.08.07 04:29:40;XAUUSD;5;1786059421;SELL_STOP_TRAILED;Old=4255.19 New=4255.55;WAIT_TRIGGER;SAFE;0;2;0;118147582;118147583;0.00;0.00;0.00;0.00;0.00;KELLY_LITE;true;0.04;213444.00;0.0417;KELLY_LITE(mult=1.15 taper=1.00 n=17)+HARD_RISK_CAP(2.0%)+MAXLOSS_CAP;213444.00;213444.00;36;0
2026.08.07 04:29:41;XAUUSD;5;1786059421;SELL_STOP_TRAILED;Old=4255.55 New=4255.87;WAIT_TRIGGER;SAFE;0;2;0;118147582;118147583;0.00;0.00;0.00;0.00;0.00;KELLY_LITE;true;0.04;213444.00;0.0417;KELLY_LITE(mult=1.15 taper=1.00 n=17)+HARD_RISK_CAP(2.0%)+MAXLOSS_CAP;213444.00;213444.00;36;0
2026.08.07 04:29:43;XAUUSD;5;1786059421;SELL_STOP_TRAILED;Old=4255.87 New=4256.24;WAIT_TRIGGER;SAFE;1;1;0;118147582;118147583;0.00;-0.88;-0.88;0.00;0.00;KELLY_LITE;true;0.04;213444.00;0.0417;KELLY_LITE(mult=1.15 taper=1.00 n=17)+HARD_RISK_CAP(2.0%)+MAXLOSS_CAP;213444.00;213443.12;35;0
2026.08.07 04:29:43;XAUUSD;5;1786059421;OCO_TRIGGERED_BUY;ticket=118147582 entry=4258.72;POSITION_ACTIVE;SAFE;1;1;0;-1;118147583;0.00;-0.88;-0.88;0.00;0.00;KELLY_LITE;true;0.04;213444.00;0.0417;KELLY_LITE(mult=1.15 taper=1.00 n=17)+HARD_RISK_CAP(2.0%)+MAXLOSS_CAP;213444.00;213443.12;35;0
2026.08.07 04:29:43;XAUUSD;5;1786059421;OPPOSITE_TRAIL_ARMED;opposite_ticket=118147583 will trail price;POSITION_ACTIVE;SAFE;1;1;0;-1;118147583;0.00;-0.88;-0.88;0.00;0.00;KELLY_LITE;true;0.04;213444.00;0.0417;KELLY_LITE(mult=1.15 taper=1.00 n=17)+HARD_RISK_CAP(2.0%)+MAXLOSS_CAP;213444.00;213443.12;35;0
2026.08.07 04:30:52;XAUUSD;5;1786059421;SL_MODIFIED;ticket=118147582 oldSL=4243.72 newSL=4259.99 reason=break_even_lock_leg_0 (retry buf=3pt);MANAGE_PROFIT;SAFE;1;1;1;-1;-1;4258.72;7.20;7.20;8.36;-2.12;KELLY_LITE;true;0.04;213444.00;0.0417;KELLY_LITE(mult=1.15 taper=1.00 n=17)+HARD_RISK_CAP(2.0%)+MAXLOSS_CAP;213444.00;213451.20;33;0
2026.08.07 04:30:52;XAUUSD;5;1786059421;PROFIT_RATCHET_LOCKED;floor=2.82 peak=8.36;MANAGE_PROFIT;SAFE;1;1;1;-1;-1;4258.72;7.20;7.20;8.36;-2.12;KELLY_LITE;true;0.04;213444.00;0.0417;KELLY_LITE(mult=1.15 taper=1.00 n=17)+HARD_RISK_CAP(2.0%)+MAXLOSS_CAP;213444.00;213451.20;33;0
2026.08.07 04:30:52;XAUUSD;5;1786059421;PROFIT_RATCHET_LOCKED;floor=2.82 peak=8.36;MANAGE_PROFIT;SAFE;1;1;1;-1;-1;4258.72;7.20;7.20;8.36;-2.12;KELLY_LITE;true;0.04;213444.00;0.0417;KELLY_LITE(mult=1.15 taper=1.00 n=17)+HARD_RISK_CAP(2.0%)+MAXLOSS_CAP;213444.00;213451.20;33;0
2026.08.07 04:30:52;XAUUSD;5;1786059421;SL_MODIFIED;ticket=118147582 oldSL=4259.99 newSL=4260.04 reason=break_even_lock_leg_0;MANAGE_PROFIT;SAFE;1;1;1;-1;-1;4258.72;7.36;7.36;8.36;-2.12;KELLY_LITE;true;0.04;213444.00;0.0417;KELLY_LITE(mult=1.15 taper=1.00 n=17)+HARD_RISK_CAP(2.0%)+MAXLOSS_CAP;213444.00;213451.36;33;0
2026.08.07 04:30:52;XAUUSD;5;1786059421;PROFIT_RATCHET_LOCKED;floor=2.82 peak=8.36;MANAGE_PROFIT;SAFE;1;1;1;-1;-1;4258.72;7.36;7.36;8.36;-2.12;KELLY_LITE;true;0.04;213444.00;0.0417;KELLY_LITE(mult=1.15 taper=1.00 n=17)+HARD_RISK_CAP(2.0%)+MAXLOSS_CAP;213444.00;213451.36;33;0
2026.08.07 04:30:52;XAUUSD;5;1786059421;PROFIT_RATCHET_LOCKED;floor=2.82 peak=8.36;MANAGE_PROFIT;SAFE;1;1;1;-1;-1;4258.72;7.36;7.36;8.36;-2.12;KELLY_LITE;true;0.04;213444.00;0.0417;KELLY_LITE(mult=1.15 taper=1.00 n=17)+HARD_RISK_CAP(2.0%)+MAXLOSS_CAP;213444.00;213451.36;33;0
2026.08.07 04:30:52;XAUUSD;5;1786059421;PROFIT_RATCHET_LOCKED;floor=2.82 peak=8.36;MANAGE_PROFIT;SAFE;1;1;1;-1;-1;4258.72;7.24;7.24;8.36;-2.12;KELLY_LITE;true;0.04;213444.00;0.0417;KELLY_LITE(mult=1.15 taper=1.00 n=17)+HARD_RISK_CAP(2.0%)+MAXLOSS_CAP;213444.00;213451.24;36;0
2026.08.07 04:30:54;XAUUSD;5;1786059421;SL_MODIFIED;ticket=118147582 oldSL=4260.04 newSL=4260.10 reason=break_even_lock_leg_0 (retry buf=3pt);MANAGE_PROFIT;SAFE;1;1;1;-1;-1;4258.72;7.72;7.72;8.36;-2.12;KELLY_LITE;true;0.04;213444.00;0.0417;KELLY_LITE(mult=1.15 taper=1.00 n=17)+HARD_RISK_CAP(2.0%)+MAXLOSS_CAP;213444.00;213451.72;36;0
2026.08.07 04:30:54;XAUUSD;5;1786059421;PROFIT_RATCHET_LOCKED;floor=2.82 peak=8.36;MANAGE_PROFIT;SAFE;1;1;1;-1;-1;4258.72;7.72;7.72;8.36;-2.12;KELLY_LITE;true;0.04;213444.00;0.0417;KELLY_LITE(mult=1.15 taper=1.00 n=17)+HARD_RISK_CAP(2.0%)+MAXLOSS_CAP;213444.00;213451.72;36;0
2026.08.07 04:30:54;XAUUSD;5;1786059421;SL_MODIFIED;ticket=118147582 oldSL=4260.10 newSL=4260.13 reason=break_even_lock_leg_0;MANAGE_PROFIT;SAFE;1;1;1;-1;-1;4258.72;7.72;7.72;8.36;-2.12;KELLY_LITE;true;0.04;213444.00;0.0417;KELLY_LITE(mult=1.15 taper=1.00 n=17)+HARD_RISK_CAP(2.0%)+MAXLOSS_CAP;213444.00;213451.72;36;0
2026.08.07 04:30:54;XAUUSD;5;1786059421;PROFIT_RATCHET_LOCKED;floor=2.82 peak=8.36;MANAGE_PROFIT;SAFE;1;1;1;-1;-1;4258.72;7.72;7.72;8.36;-2.12;KELLY_LITE;true;0.04;213444.00;0.0417;KELLY_LITE(mult=1.15 taper=1.00 n=17)+HARD_RISK_CAP(2.0%)+MAXLOSS_CAP;213444.00;213451.72;36;0
2026.08.07 04:30:54;XAUUSD;5;1786059421;PROFIT_RATCHET_LOCKED;floor=2.82 peak=8.36;MANAGE_PROFIT;SAFE;1;1;1;-1;-1;4258.72;7.68;7.68;8.36;-2.12;KELLY_LITE;true;0.04;213444.00;0.0417;KELLY_LITE(mult=1.15 taper=1.00 n=17)+HARD_RISK_CAP(2.0%)+MAXLOSS_CAP;213444.00;213451.68;36;0
2026.08.07 04:30:54;XAUUSD;5;1786059421;PROFIT_RATCHET_LOCKED;floor=2.82 peak=8.36;MANAGE_PROFIT;SAFE;1;1;1;-1;-1;4258.72;7.72;7.72;8.36;-2.12;KELLY_LITE;true;0.04;213444.00;0.0417;KELLY_LITE(mult=1.15 taper=1.00 n=17)+HARD_RISK_CAP(2.0%)+MAXLOSS_CAP;213444.00;213451.72;36;0
2026.08.07 04:30:55;XAUUSD;5;1786059421;PROFIT_RATCHET_LOCKED;floor=2.82 peak=8.36;MANAGE_PROFIT;SAFE;1;1;1;-1;-1;4258.72;7.68;7.68;8.36;-2.12;KELLY_LITE;true;0.04;213444.00;0.0417;KELLY_LITE(mult=1.15 taper=1.00 n=17)+HARD_RISK_CAP(2.0%)+MAXLOSS_CAP;213444.00;213451.68;36;0
2026.08.07 04:30:55;XAUUSD;5;1786059421;PROFIT_RATCHET_LOCKED;floor=2.82 peak=8.36;MANAGE_PROFIT;SAFE;1;1;1;-1;-1;4258.72;7.36;7.36;8.36;-2.12;KELLY_LITE;true;0.04;213444.00;0.0417;KELLY_LITE(mult=1.15 taper=1.00 n=17)+HARD_RISK_CAP(2.0%)+MAXLOSS_CAP;213444.00;213451.36;33;0
2026.08.07 04:30:55;XAUUSD;5;1786059421;PROFIT_RATCHET_LOCKED;floor=2.82 peak=8.36;MANAGE_PROFIT;SAFE;1;1;1;-1;-1;4258.72;7.44;7.44;8.36;-2.12;KELLY_LITE;true;0.04;213444.00;0.0417;KELLY_LITE(mult=1.15 taper=1.00 n=17)+HARD_RISK_CAP(2.0%)+MAXLOSS_CAP;213444.00;213451.44;36;0
2026.08.07 04:30:55;XAUUSD;5;1786059421;PROFIT_RATCHET_LOCKED;floor=2.82 peak=8.36;MANAGE_PROFIT;SAFE;1;1;1;-1;-1;4258.72;7.28;7.28;8.36;-2.12;KELLY_LITE;true;0.04;213444.00;0.0417;KELLY_LITE(mult=1.15 taper=1.00 n=17)+HARD_RISK_CAP(2.0%)+MAXLOSS_CAP;213444.00;213451.28;34;0
2026.08.07 04:30:56;XAUUSD;5;1786059421;SL_MODIFIED;ticket=118147582 oldSL=4260.13 newSL=4260.17 reason=break_even_lock_leg_0;MANAGE_PROFIT;SAFE;1;1;1;-1;-1;4258.72;7.96;7.96;8.36;-2.12;KELLY_LITE;true;0.04;213444.00;0.0417;KELLY_LITE(mult=1.15 taper=1.00 n=17)+HARD_RISK_CAP(2.0%)+MAXLOSS_CAP;213444.00;213451.96;36;0
2026.08.07 04:30:56;XAUUSD;5;1786059421;PROFIT_RATCHET_LOCKED;floor=2.82 peak=8.36;MANAGE_PROFIT;SAFE;1;1;1;-1;-1;4258.72;7.96;7.96;8.36;-2.12;KELLY_LITE;true;0.04;213444.00;0.0417;KELLY_LITE(mult=1.15 taper=1.00 n=17)+HARD_RISK_CAP(2.0%)+MAXLOSS_CAP;213444.00;213451.96;36;0
2026.08.07 04:30:56;XAUUSD;5;1786059421;PROFIT_RATCHET_LOCKED;floor=2.82 peak=8.36;MANAGE_PROFIT;SAFE;1;1;1;-1;-1;4258.72;7.96;7.96;8.36;-2.12;KELLY_LITE;true;0.04;213444.00;0.0417;KELLY_LITE(mult=1.15 taper=1.00 n=17)+HARD_RISK_CAP(2.0%)+MAXLOSS_CAP;213444.00;213451.96;36;0
2026.08.07 04:30:56;XAUUSD;5;1786059421;PROFIT_RATCHET_LOCKED;floor=2.82 peak=8.36;MANAGE_PROFIT;SAFE;1;1;1;-1;-1;4258.72;7.84;7.84;8.36;-2.12;KELLY_LITE;true;0.04;213444.00;0.0417;KELLY_LITE(mult=1.15 taper=1.00 n=17)+HARD_RISK_CAP(2.0%)+MAXLOSS_CAP;213444.00;213451.84;36;0
2026.08.07 04:30:57;XAUUSD;5;1786059421;SL_MODIFIED;ticket=118147582 oldSL=4260.17 newSL=4260.18 reason=break_even_lock_leg_0 (retry buf=3pt);MANAGE_PROFIT;SAFE;1;1;1;-1;-1;4258.72;7.88;7.88;8.36;-2.12;KELLY_LITE;true;0.04;213444.00;0.0417;KELLY_LITE(mult=1.15 taper=1.00 n=17)+HARD_RISK_CAP(2.0%)+MAXLOSS_CAP;213444.00;213451.88;35;0
2026.08.07 04:30:57;XAUUSD;5;1786059421;PROFIT_RATCHET_LOCKED;floor=2.82 peak=8.36;MANAGE_PROFIT;SAFE;1;1;1;-1;-1;4258.72;7.88;7.88;8.36;-2.12;KELLY_LITE;true;0.04;213444.00;0.0417;KELLY_LITE(mult=1.15 taper=1.00 n=17)+HARD_RISK_CAP(2.0%)+MAXLOSS_CAP;213444.00;213451.88;35;0
2026.08.07 04:30:57;XAUUSD;5;1786059421;PROFIT_RATCHET_LOCKED;floor=2.82 peak=8.36;MANAGE_PROFIT;SAFE;1;1;1;-1;-1;4258.72;7.88;7.88;8.36;-2.12;KELLY_LITE;true;0.04;213444.00;0.0417;KELLY_LITE(mult=1.15 taper=1.00 n=17)+HARD_RISK_CAP(2.0%)+MAXLOSS_CAP;213444.00;213451.88;35;0
2026.08.07 04:30:58;XAUUSD;5;1786059421;SL_MODIFIED;ticket=118147582 oldSL=4260.18 newSL=4260.22 reason=break_even_lock_leg_0;MANAGE_PROFIT;SAFE;1;1;1;-1;-1;4258.72;8.16;8.16;8.36;-2.12;KELLY_LITE;true;0.04;213444.00;0.0417;KELLY_LITE(mult=1.15 taper=1.00 n=17)+HARD_RISK_CAP(2.0%)+MAXLOSS_CAP;213444.00;213452.16;36;0
2026.08.07 04:30:58;XAUUSD;5;1786059421;PROFIT_RATCHET_LOCKED;floor=2.82 peak=8.36;MANAGE_PROFIT;SAFE;1;1;1;-1;-1;4258.72;8.16;8.16;8.36;-2.12;KELLY_LITE;true;0.04;213444.00;0.0417;KELLY_LITE(mult=1.15 taper=1.00 n=17)+HARD_RISK_CAP(2.0%)+MAXLOSS_CAP;213444.00;213452.16;36;0
2026.08.07 04:30:58;XAUUSD;5;1786059421;PROFIT_RATCHET_LOCKED;floor=2.82 peak=8.36;MANAGE_PROFIT;SAFE;1;1;1;-1;-1;4258.72;8.16;8.16;8.36;-2.12;KELLY_LITE;true;0.04;213444.00;0.0417;KELLY_LITE(mult=1.15 taper=1.00 n=17)+HARD_RISK_CAP(2.0%)+MAXLOSS_CAP;213444.00;213452.16;36;0
2026.08.07 04:30:59;XAUUSD;5;1786059421;SL_MODIFIED;ticket=118147582 oldSL=4260.22 newSL=4260.45 reason=break_even_lock_leg_0;MANAGE_PROFIT;SAFE;1;1;1;-1;-1;4258.72;8.88;8.88;9.00;-2.12;KELLY_LITE;true;0.04;213444.00;0.0417;KELLY_LITE(mult=1.15 taper=1.00 n=17)+HARD_RISK_CAP(2.0%)+MAXLOSS_CAP;213444.00;213452.88;36;0
2026.08.07 04:30:59;XAUUSD;5;1786059421;PROFIT_RATCHET_LOCKED;floor=3.04 peak=9.00;MANAGE_PROFIT;SAFE;1;1;1;-1;-1;4258.72;8.88;8.88;9.00;-2.12;KELLY_LITE;true;0.04;213444.00;0.0417;KELLY_LITE(mult=1.15 taper=1.00 n=17)+HARD_RISK_CAP(2.0%)+MAXLOSS_CAP;213444.00;213452.88;36;0
2026.08.07 04:30:59;XAUUSD;5;1786059421;PROFIT_RATCHET_LOCKED;floor=3.04 peak=9.00;MANAGE_PROFIT;SAFE;1;1;1;-1;-1;4258.72;8.88;8.88;9.00;-2.12;KELLY_LITE;true;0.04;213444.00;0.0417;KELLY_LITE(mult=1.15 taper=1.00 n=17)+HARD_RISK_CAP(2.0%)+MAXLOSS_CAP;213444.00;213452.88;36;0
2026.08.07 04:30:59;XAUUSD;5;1786059421;PROFIT_RATCHET_LOCKED;floor=3.04 peak=9.00;MANAGE_PROFIT;SAFE;1;1;1;-1;-1;4258.72;7.56;7.56;9.00;-2.12;KELLY_LITE;true;0.04;213444.00;0.0417;KELLY_LITE(mult=1.15 taper=1.00 n=17)+HARD_RISK_CAP(2.0%)+MAXLOSS_CAP;213444.00;213451.56;36;0
2026.08.07 04:30:59;XAUUSD;5;1786059421;PROFIT_RATCHET_LOCKED;floor=3.04 peak=9.00;MANAGE_PROFIT;SAFE;1;1;1;-1;-1;4258.72;7.88;7.88;9.00;-2.12;KELLY_LITE;true;0.04;213444.00;0.0417;KELLY_LITE(mult=1.15 taper=1.00 n=17)+HARD_RISK_CAP(2.0%)+MAXLOSS_CAP;213444.00;213451.88;36;0
2026.08.07 04:31:00;XAUUSD;5;1786059421;PROFIT_RATCHET_LOCKED;floor=3.04 peak=9.00;MANAGE_PROFIT;SAFE;1;1;1;-1;-1;4258.72;7.84;7.84;9.00;-2.12;KELLY_LITE;true;0.04;213444.00;0.0417;KELLY_LITE(mult=1.15 taper=1.00 n=17)+HARD_RISK_CAP(2.0%)+MAXLOSS_CAP;213444.00;213451.84;36;0
2026.08.07 04:31:00;XAUUSD;5;1786059421;PROFIT_RATCHET_LOCKED;floor=3.04 peak=9.00;MANAGE_PROFIT;SAFE;1;1;1;-1;-1;4258.72;7.96;7.96;9.00;-2.12;KELLY_LITE;true;0.04;213444.00;0.0417;KELLY_LITE(mult=1.15 taper=1.00 n=17)+HARD_RISK_CAP(2.0%)+MAXLOSS_CAP;213444.00;213451.96;36;0
2026.08.07 04:31:00;XAUUSD;5;1786059421;PROFIT_RATCHET_LOCKED;floor=3.04 peak=9.00;MANAGE_PROFIT;SAFE;1;1;1;-1;-1;4258.72;8.12;8.12;9.00;-2.12;KELLY_LITE;true;0.04;213444.00;0.0417;KELLY_LITE(mult=1.15 taper=1.00 n=17)+HARD_RISK_CAP(2.0%)+MAXLOSS_CAP;213444.00;213452.12;36;0
2026.08.07 04:31:00;XAUUSD;5;1786059421;PROFIT_RATCHET_LOCKED;floor=3.04 peak=9.00;MANAGE_PROFIT;SAFE;1;1;1;-1;-1;4258.72;7.28;7.28;9.00;-2.12;KELLY_LITE;true;0.04;213444.00;0.0417;KELLY_LITE(mult=1.15 taper=1.00 n=17)+HARD_RISK_CAP(2.0%)+MAXLOSS_CAP;213444.00;213451.28;36;0
2026.08.07 04:31:00;XAUUSD;5;1786059421;PROFIT_RATCHET_LOCKED;floor=3.04 peak=9.00;MANAGE_PROFIT;SAFE;1;1;1;-1;-1;4258.72;7.24;7.24;9.00;-2.12;KELLY_LITE;true;0.04;213444.00;0.0417;KELLY_LITE(mult=1.15 taper=1.00 n=17)+HARD_RISK_CAP(2.0%)+MAXLOSS_CAP;213444.00;213451.24;36;0
2026.08.07 04:31:01;XAUUSD;5;1786059421;PROFIT_RATCHET_LOCKED;floor=3.04 peak=9.00;MANAGE_PROFIT;SAFE;1;1;1;-1;-1;4258.72;7.28;7.28;9.00;-2.12;KELLY_LITE;true;0.04;213444.00;0.0417;KELLY_LITE(mult=1.15 taper=1.00 n=17)+HARD_RISK_CAP(2.0%)+MAXLOSS_CAP;213444.00;213451.28;36;0
2026.08.07 04:31:01;XAUUSD;5;1786059421;PROFIT_RATCHET_LOCKED;floor=3.04 peak=9.00;MANAGE_PROFIT;SAFE;1;1;1;-1;-1;4258.72;7.24;7.24;9.00;-2.12;KELLY_LITE;true;0.04;213444.00;0.0417;KELLY_LITE(mult=1.15 taper=1.00 n=17)+HARD_RISK_CAP(2.0%)+MAXLOSS_CAP;213444.00;213451.24;36;0
2026.08.07 04:31:01;XAUUSD;5;1786059421;PROFIT_RATCHET_LOCKED;floor=3.04 peak=9.00;MANAGE_PROFIT;SAFE;1;1;1;-1;-1;4258.72;7.16;7.16;9.00;-2.12;KELLY_LITE;true;0.04;213444.00;0.0417;KELLY_LITE(mult=1.15 taper=1.00 n=17)+HARD_RISK_CAP(2.0%)+MAXLOSS_CAP;213444.00;213451.16;36;0
2026.08.07 04:31:01;XAUUSD;5;1786059421;PROFIT_RATCHET_LOCKED;floor=3.04 peak=9.00;MANAGE_PROFIT;SAFE;1;1;1;-1;-1;4258.72;7.12;7.12;9.00;-2.12;KELLY_LITE;true;0.04;213444.00;0.0417;KELLY_LITE(mult=1.15 taper=1.00 n=17)+HARD_RISK_CAP(2.0%)+MAXLOSS_CAP;213444.00;213451.12;36;0
2026.08.07 04:31:02;XAUUSD;5;1786059421;PROFIT_RATCHET_LOCKED;floor=3.04 peak=9.00;MANAGE_PROFIT;SAFE;1;1;1;-1;-1;4258.72;7.24;7.24;9.00;-2.12;KELLY_LITE;true;0.04;213444.00;0.0417;KELLY_LITE(mult=1.15 taper=1.00 n=17)+HARD_RISK_CAP(2.0%)+MAXLOSS_CAP;213444.00;213451.24;36;0
2026.08.07 04:31:02;XAUUSD;5;1786059421;PROFIT_RATCHET_LOCKED;floor=3.04 peak=9.00;MANAGE_PROFIT;SAFE;1;1;1;-1;-1;4258.72;7.08;7.08;9.00;-2.12;KELLY_LITE;true;0.04;213444.00;0.0417;KELLY_LITE(mult=1.15 taper=1.00 n=17)+HARD_RISK_CAP(2.0%)+MAXLOSS_CAP;213444.00;213451.08;36;0
2026.08.07 04:31:02;XAUUSD;5;1786059421;PROFIT_RATCHET_LOCKED;floor=3.04 peak=9.00;MANAGE_PROFIT;SAFE;1;1;1;-1;-1;4258.72;7.04;7.04;9.00;-2.12;KELLY_LITE;true;0.04;213444.00;0.0417;KELLY_LITE(mult=1.15 taper=1.00 n=17)+HARD_RISK_CAP(2.0%)+MAXLOSS_CAP;213444.00;213451.04;36;0
2026.08.07 04:31:03;XAUUSD;5;1786059421;PROFIT_RATCHET_LOCKED;floor=3.04 peak=9.00;MANAGE_PROFIT;SAFE;1;1;1;-1;-1;4258.72;7.08;7.08;9.00;-2.12;KELLY_LITE;true;0.04;213444.00;0.0417;KELLY_LITE(mult=1.15 taper=1.00 n=17)+HARD_RISK_CAP(2.0%)+MAXLOSS_CAP;213444.00;213451.08;36;0
2026.08.07 04:31:04;XAUUSD;5;1786059421;PROFIT_RATCHET_LOCKED;floor=3.04 peak=9.00;MANAGE_PROFIT;SAFE;1;1;1;-1;-1;4258.72;7.00;7.00;9.00;-2.12;KELLY_LITE;true;0.04;213444.00;0.0417;KELLY_LITE(mult=1.15 taper=1.00 n=17)+HARD_RISK_CAP(2.0%)+MAXLOSS_CAP;213444.00;213451.00;36;0
2026.08.07 04:31:04;XAUUSD;5;1786059421;PROFIT_RATCHET_LOCKED;floor=3.04 peak=9.00;MANAGE_PROFIT;SAFE;1;1;1;-1;-1;4258.72;6.96;6.96;9.00;-2.12;KELLY_LITE;true;0.04;213444.00;0.0417;KELLY_LITE(mult=1.15 taper=1.00 n=17)+HARD_RISK_CAP(2.0%)+MAXLOSS_CAP;213444.00;213450.96;36;0
2026.08.07 04:31:04;XAUUSD;5;1786059421;PROFIT_RATCHET_LOCKED;floor=3.04 peak=9.00;MANAGE_PROFIT;SAFE;1;1;1;-1;-1;4258.72;6.96;6.96;9.00;-2.12;KELLY_LITE;true;0.04;213444.00;0.0417;KELLY_LITE(mult=1.15 taper=1.00 n=17)+HARD_RISK_CAP(2.0%)+MAXLOSS_CAP;213444.00;213450.96;33;0
2026.08.07 04:31:05;XAUUSD;5;1786059421;RECONCILED_BROKER_CLOSE;ticket=118147582 type=main pnl=6.92;MANAGE_PROFIT;SAFE;0;1;1;-1;-1;4258.72;0.00;0.00;9.00;-2.12;KELLY_LITE;true;0.04;213444.00;0.0417;KELLY_LITE(mult=1.15 taper=1.00 n=17)+HARD_RISK_CAP(2.0%)+MAXLOSS_CAP;213450.92;213450.92;36;0
2026.08.07 04:57:34;XAUUSD;5;1786059421;PENDING_DELETED;ticket=118147583 reason=pending_expired;WAIT_TRIGGER;SAFE;0;0;1;-1;-1;4258.72;0.00;0.00;9.00;-2.12;KELLY_LITE;true;0.04;213444.00;0.0417;KELLY_LITE(mult=1.15 taper=1.00 n=17)+HARD_RISK_CAP(2.0%)+MAXLOSS_CAP;213450.92;213450.92;36;0
2026.08.07 04:57:34;XAUUSD;5;1786059421;CYCLE_RESET;oldState=RESET realizedPnL=6.92 peak=9.00 worst=-2.12 pyramid=1 consLosses=0;RESET;SAFE;0;0;1;-1;-1;4258.72;0.00;0.00;9.00;-2.12;KELLY_LITE;true;0.04;213444.00;0.0417;KELLY_LITE(mult=1.15 taper=1.00 n=17)+HARD_RISK_CAP(2.0%)+MAXLOSS_CAP;213450.92;213450.92;36;0
2026.08.07 05:02:34;XAUUSD;5;1786059422;PLACE_PENDING_START;cycle=1786059422 trend=1 consecLosses=0 preset=AGGRESSIVE;PLACE_PENDING;SAFE;0;0;0;-1;-1;0.00;0.00;0.00;0.00;0.00;KELLY_LITE;true;0.04;213444.00;0.0417;KELLY_LITE(mult=1.15 taper=1.00 n=17)+HARD_RISK_CAP(2.0%)+MAXLOSS_CAP;213450.92;213450.92;36;0
2026.08.07 05:02:34;XAUUSD;5;1786059422;DIR_OCO_PLACED;dir=BULL ticket=118150312 price=4265.01 sl=4250.01 tp=4287.51 lot=0.04 dist=1.65;PLACE_PENDING;SAFE;0;1;0;118150312;-1;0.00;0.00;0.00;0.00;0.00;KELLY_LITE;true;0.04;213450.92;0.0417;KELLY_LITE(mult=1.20 taper=1.00 n=18)+HARD_RISK_CAP(2.0%)+MAXLOSS_CAP;213450.92;213450.92;36;0
2026.08.07 05:02:35;XAUUSD;5;1786059422;DIR_OCO_COUNTER_PLACED;dir=BEAR(counter) ticket=118150316 price=4261.23 lot=0.03;PLACE_PENDING;SAFE;0;2;0;118150312;118150316;0.00;0.00;0.00;0.00;0.00;KELLY_LITE;true;0.04;213450.92;0.0417;KELLY_LITE(mult=1.20 taper=1.00 n=18)+HARD_RISK_CAP(2.0%)+MAXLOSS_CAP;213450.92;213450.92;36;0
2026.08.07 05:02:38;XAUUSD;5;1786059422;SELL_STOP_TRAILED;Old=4261.23 New=4261.63;WAIT_TRIGGER;SAFE;0;2;0;118150312;118150316;0.00;0.00;0.00;0.00;0.00;KELLY_LITE;true;0.04;213450.92;0.0417;KELLY_LITE(mult=1.20 taper=1.00 n=18)+HARD_RISK_CAP(2.0%)+MAXLOSS_CAP;213450.92;213450.92;36;0
2026.08.07 05:02:49;XAUUSD;5;1786059422;BUY_STOP_TRAILED;Old=4265.01 New=4264.66;WAIT_TRIGGER;SAFE;0;2;0;118150312;118150316;0.00;0.00;0.00;0.00;0.00;KELLY_LITE;true;0.04;213450.92;0.0417;KELLY_LITE(mult=1.20 taper=1.00 n=18)+HARD_RISK_CAP(2.0%)+MAXLOSS_CAP;213450.92;213450.92;36;0
2026.08.07 05:03:05;XAUUSD;5;1786059422;BUY_STOP_TRAILED;Old=4264.66 New=4264.35;WAIT_TRIGGER;SAFE;0;2;0;118150312;118150316;0.00;0.00;0.00;0.00;0.00;KELLY_LITE;true;0.04;213450.92;0.0417;KELLY_LITE(mult=1.20 taper=1.00 n=18)+HARD_RISK_CAP(2.0%)+MAXLOSS_CAP;213450.92;213450.92;36;0
2026.08.07 05:04:41;XAUUSD;5;1786059422;SELL_STOP_TRAILED;Old=4261.63 New=4261.95;WAIT_TRIGGER;SAFE;0;2;0;118150312;118150316;0.00;0.00;0.00;0.00;0.00;KELLY_LITE;true;0.04;213450.92;0.0417;KELLY_LITE(mult=1.20 taper=1.00 n=18)+HARD_RISK_CAP(2.0%)+MAXLOSS_CAP;213450.92;213450.92;36;0
2026.08.07 05:04:48;XAUUSD;5;1786059422;SELL_STOP_TRAILED;Old=4261.95 New=4262.27;WAIT_TRIGGER;SAFE;1;1;0;118150312;118150316;0.00;-1.00;-1.00;0.00;0.00;KELLY_LITE;true;0.04;213450.92;0.0417;KELLY_LITE(mult=1.20 taper=1.00 n=18)+HARD_RISK_CAP(2.0%)+MAXLOSS_CAP;213450.92;213449.92;36;0
2026.08.07 05:04:48;XAUUSD;5;1786059422;OCO_TRIGGERED_BUY;ticket=118150312 entry=4264.35;POSITION_ACTIVE;SAFE;1;1;0;-1;118150316;0.00;-1.00;-1.00;0.00;0.00;KELLY_LITE;true;0.04;213450.92;0.0417;KELLY_LITE(mult=1.20 taper=1.00 n=18)+HARD_RISK_CAP(2.0%)+MAXLOSS_CAP;213450.92;213449.92;36;0
2026.08.07 05:04:48;XAUUSD;5;1786059422;OPPOSITE_TRAIL_ARMED;opposite_ticket=118150316 will trail price;POSITION_ACTIVE;SAFE;1;1;0;-1;118150316;0.00;-1.00;-1.00;0.00;0.00;KELLY_LITE;true;0.04;213450.92;0.0417;KELLY_LITE(mult=1.20 taper=1.00 n=18)+HARD_RISK_CAP(2.0%)+MAXLOSS_CAP;213450.92;213449.92;36;0
2026.08.07 05:05:16;XAUUSD;5;1786059422;SL_MODIFIED;ticket=118150312 oldSL=4252.35 newSL=4265.94 reason=break_even_lock_leg_0;MANAGE_PROFIT;SAFE;1;1;1;-1;-1;4264.35;9.24;9.24;8.44;-1.00;KELLY_LITE;true;0.04;213450.92;0.0417;KELLY_LITE(mult=1.20 taper=1.00 n=18)+HARD_RISK_CAP(2.0%)+MAXLOSS_CAP;213450.92;213460.16;36;0
2026.08.07 05:05:16;XAUUSD;5;1786059422;PROFIT_RATCHET_LOCKED;floor=2.85 peak=8.44;MANAGE_PROFIT;SAFE;1;1;1;-1;-1;4264.35;9.24;9.24;8.44;-1.00;KELLY_LITE;true;0.04;213450.92;0.0417;KELLY_LITE(mult=1.20 taper=1.00 n=18)+HARD_RISK_CAP(2.0%)+MAXLOSS_CAP;213450.92;213460.16;36;0
2026.08.07 05:05:17;XAUUSD;5;1786059422;SL_MODIFY_FAILED;ticket=118150312 newSL=4266.14 reason=break_even_lock_leg_0 err=0;MANAGE_PROFIT;SAFE;1;1;1;-1;-1;4264.35;8.48;8.48;9.24;-1.00;KELLY_LITE;true;0.04;213450.92;0.0417;KELLY_LITE(mult=1.20 taper=1.00 n=18)+HARD_RISK_CAP(2.0%)+MAXLOSS_CAP;213450.92;213459.40;36;0
2026.08.07 05:05:17;XAUUSD;5;1786059422;PROFIT_RATCHET_LOCKED;floor=3.12 peak=9.24;MANAGE_PROFIT;SAFE;1;1;1;-1;-1;4264.35;8.48;8.48;9.24;-1.00;KELLY_LITE;true;0.04;213450.92;0.0417;KELLY_LITE(mult=1.20 taper=1.00 n=18)+HARD_RISK_CAP(2.0%)+MAXLOSS_CAP;213450.92;213459.40;36;0
2026.08.07 05:05:17;XAUUSD;5;1786059422;PROFIT_RATCHET_LOCKED;floor=3.12 peak=9.24;MANAGE_PROFIT;SAFE;1;1;1;-1;-1;4264.35;8.48;8.48;9.24;-1.00;KELLY_LITE;true;0.04;213450.92;0.0417;KELLY_LITE(mult=1.20 taper=1.00 n=18)+HARD_RISK_CAP(2.0%)+MAXLOSS_CAP;213450.92;213459.40;36;0
2026.08.07 05:05:18;XAUUSD;5;1786059422;PROFIT_RATCHET_LOCKED;floor=3.12 peak=9.24;MANAGE_PROFIT;SAFE;1;1;1;-1;-1;4264.35;8.16;8.16;9.24;-1.00;KELLY_LITE;true;0.04;213450.92;0.0417;KELLY_LITE(mult=1.20 taper=1.00 n=18)+HARD_RISK_CAP(2.0%)+MAXLOSS_CAP;213450.92;213459.08;36;0
2026.08.07 05:05:18;XAUUSD;5;1786059422;PROFIT_RATCHET_LOCKED;floor=3.12 peak=9.24;MANAGE_PROFIT;SAFE;1;1;1;-1;-1;4264.35;8.16;8.16;9.24;-1.00;KELLY_LITE;true;0.04;213450.92;0.0417;KELLY_LITE(mult=1.20 taper=1.00 n=18)+HARD_RISK_CAP(2.0%)+MAXLOSS_CAP;213450.92;213459.08;36;0
2026.08.07 05:05:18;XAUUSD;5;1786059422;PROFIT_RATCHET_LOCKED;floor=3.12 peak=9.24;MANAGE_PROFIT;SAFE;1;1;1;-1;-1;4264.35;7.96;7.96;9.24;-1.00;KELLY_LITE;true;0.04;213450.92;0.0417;KELLY_LITE(mult=1.20 taper=1.00 n=18)+HARD_RISK_CAP(2.0%)+MAXLOSS_CAP;213450.92;213458.88;36;0
2026.08.07 05:05:18;XAUUSD;5;1786059422;PROFIT_RATCHET_LOCKED;floor=3.12 peak=9.24;MANAGE_PROFIT;SAFE;1;1;1;-1;-1;4264.35;7.40;7.40;9.24;-1.00;KELLY_LITE;true;0.04;213450.92;0.0417;KELLY_LITE(mult=1.20 taper=1.00 n=18)+HARD_RISK_CAP(2.0%)+MAXLOSS_CAP;213450.92;213458.32;36;0
2026.08.07 05:05:18;XAUUSD;5;1786059422;PROFIT_RATCHET_LOCKED;floor=3.12 peak=9.24;MANAGE_PROFIT;SAFE;1;1;1;-1;-1;4264.35;7.48;7.48;9.24;-1.00;KELLY_LITE;true;0.04;213450.92;0.0417;KELLY_LITE(mult=1.20 taper=1.00 n=18)+HARD_RISK_CAP(2.0%)+MAXLOSS_CAP;213450.92;213458.40;36;0
2026.08.07 05:05:19;XAUUSD;5;1786059422;PROFIT_RATCHET_LOCKED;floor=3.12 peak=9.24;MANAGE_PROFIT;SAFE;1;1;1;-1;-1;4264.35;7.44;7.44;9.24;-1.00;KELLY_LITE;true;0.04;213450.92;0.0417;KELLY_LITE(mult=1.20 taper=1.00 n=18)+HARD_RISK_CAP(2.0%)+MAXLOSS_CAP;213450.92;213458.36;36;0
2026.08.07 05:05:19;XAUUSD;5;1786059422;PROFIT_RATCHET_LOCKED;floor=3.12 peak=9.24;MANAGE_PROFIT;SAFE;1;1;1;-1;-1;4264.35;7.76;7.76;9.24;-1.00;KELLY_LITE;true;0.04;213450.92;0.0417;KELLY_LITE(mult=1.20 taper=1.00 n=18)+HARD_RISK_CAP(2.0%)+MAXLOSS_CAP;213450.92;213458.68;33;0
2026.08.07 05:05:19;XAUUSD;5;1786059422;PROFIT_RATCHET_LOCKED;floor=3.12 peak=9.24;MANAGE_PROFIT;SAFE;1;1;1;-1;-1;4264.35;8.24;8.24;9.24;-1.00;KELLY_LITE;true;0.04;213450.92;0.0417;KELLY_LITE(mult=1.20 taper=1.00 n=18)+HARD_RISK_CAP(2.0%)+MAXLOSS_CAP;213450.92;213459.16;36;0
2026.08.07 05:05:19;XAUUSD;5;1786059422;PROFIT_RATCHET_LOCKED;floor=3.12 peak=9.24;MANAGE_PROFIT;SAFE;1;1;1;-1;-1;4264.35;8.28;8.28;9.24;-1.00;KELLY_LITE;true;0.04;213450.92;0.0417;KELLY_LITE(mult=1.20 taper=1.00 n=18)+HARD_RISK_CAP(2.0%)+MAXLOSS_CAP;213450.92;213459.20;36;0
2026.08.07 05:05:19;XAUUSD;5;1786059422;PROFIT_RATCHET_LOCKED;floor=3.12 peak=9.24;MANAGE_PROFIT;SAFE;1;1;1;-1;-1;4264.35;8.32;8.32;9.24;-1.00;KELLY_LITE;true;0.04;213450.92;0.0417;KELLY_LITE(mult=1.20 taper=1.00 n=18)+HARD_RISK_CAP(2.0%)+MAXLOSS_CAP;213450.92;213459.24;36;0
2026.08.07 05:05:20;XAUUSD;5;1786059422;PROFIT_RATCHET_LOCKED;floor=3.12 peak=9.24;MANAGE_PROFIT;SAFE;1;1;1;-1;-1;4264.35;8.36;8.36;9.24;-1.00;KELLY_LITE;true;0.04;213450.92;0.0417;KELLY_LITE(mult=1.20 taper=1.00 n=18)+HARD_RISK_CAP(2.0%)+MAXLOSS_CAP;213450.92;213459.28;36;0
2026.08.07 05:05:20;XAUUSD;5;1786059422;PROFIT_RATCHET_LOCKED;floor=3.12 peak=9.24;MANAGE_PROFIT;SAFE;1;1;1;-1;-1;4264.35;8.28;8.28;9.24;-1.00;KELLY_LITE;true;0.04;213450.92;0.0417;KELLY_LITE(mult=1.20 taper=1.00 n=18)+HARD_RISK_CAP(2.0%)+MAXLOSS_CAP;213450.92;213459.20;36;0
2026.08.07 05:05:20;XAUUSD;5;1786059422;PROFIT_RATCHET_LOCKED;floor=3.12 peak=9.24;MANAGE_PROFIT;SAFE;1;1;1;-1;-1;4264.35;8.44;8.44;9.24;-1.00;KELLY_LITE;true;0.04;213450.92;0.0417;KELLY_LITE(mult=1.20 taper=1.00 n=18)+HARD_RISK_CAP(2.0%)+MAXLOSS_CAP;213450.92;213459.36;36;0
2026.08.07 05:05:20;XAUUSD;5;1786059422;PROFIT_RATCHET_LOCKED;floor=3.12 peak=9.24;MANAGE_PROFIT;SAFE;1;1;1;-1;-1;4264.35;8.36;8.36;9.24;-1.00;KELLY_LITE;true;0.04;213450.92;0.0417;KELLY_LITE(mult=1.20 taper=1.00 n=18)+HARD_RISK_CAP(2.0%)+MAXLOSS_CAP;213450.92;213459.28;36;0
2026.08.07 05:05:21;XAUUSD;5;1786059422;PROFIT_RATCHET_LOCKED;floor=3.12 peak=9.24;MANAGE_PROFIT;SAFE;1;1;1;-1;-1;4264.35;6.48;6.48;9.24;-1.00;KELLY_LITE;true;0.04;213450.92;0.0417;KELLY_LITE(mult=1.20 taper=1.00 n=18)+HARD_RISK_CAP(2.0%)+MAXLOSS_CAP;213450.92;213457.40;36;0
2026.08.07 05:05:21;XAUUSD;5;1786059422;PROFIT_RATCHET_LOCKED;floor=3.12 peak=9.24;MANAGE_PROFIT;SAFE;1;1;1;-1;-1;4264.35;6.48;6.48;9.24;-1.00;KELLY_LITE;true;0.04;213450.92;0.0417;KELLY_LITE(mult=1.20 taper=1.00 n=18)+HARD_RISK_CAP(2.0%)+MAXLOSS_CAP;213450.92;213457.40;36;0
2026.08.07 05:05:21;XAUUSD;5;1786059422;RECONCILED_BROKER_CLOSE;ticket=118150312 type=main pnl=6.36;MANAGE_PROFIT;SAFE;0;1;1;-1;-1;4264.35;0.00;0.00;9.24;-1.00;KELLY_LITE;true;0.04;213450.92;0.0417;KELLY_LITE(mult=1.20 taper=1.00 n=18)+HARD_RISK_CAP(2.0%)+MAXLOSS_CAP;213457.28;213457.28;36;0
2026.08.07 05:19:00;XAUUSD;5;1786059422;REVERSAL_CHASER_TRIGGERED_FLIP;newDir=BEAR ticket=118150316 entry=4262.27 lot=0.03;MANAGE_PROFIT;SAFE;1;0;1;-1;-1;4264.35;-1.02;-1.02;9.24;-1.00;KELLY_LITE;true;0.04;213450.92;0.0417;KELLY_LITE(mult=1.20 taper=1.00 n=18)+HARD_RISK_CAP(2.0%)+MAXLOSS_CAP;213457.28;213456.26;36;0
2026.08.07 05:19:00;XAUUSD;5;1786059422;CYCLE_RESET;oldState=MANAGE_PROFIT realizedPnL=6.36 peak=9.24 worst=-1.00 pyramid=1 consLosses=0 reason=chaser_flip;MANAGE_PROFIT;SAFE;1;0;1;-1;-1;4264.35;-1.02;-1.02;9.24;-1.00;KELLY_LITE;true;0.04;213450.92;0.0417;KELLY_LITE(mult=1.20 taper=1.00 n=18)+HARD_RISK_CAP(2.0%)+MAXLOSS_CAP;213457.28;213456.26;36;0
2026.08.07 05:29:23;XAUUSD;5;1786059423;EXIT_TIME_LOSS;held=10 profit=-15.00;MANAGE_PROFIT;SAFE;1;0;1;-1;-1;4262.27;-15.00;-15.00;0.18;-18.96;KELLY_LITE;true;0.04;213450.92;0.0417;KELLY_LITE(mult=1.20 taper=1.00 n=18)+HARD_RISK_CAP(2.0%)+MAXLOSS_CAP;213457.28;213442.28;36;0
2026.08.07 05:29:24;XAUUSD;5;1786059423;POSITION_CLOSED;ticket=118150316 reason=time_loss_exit lots=0.03 price=4267.27 pnl=-15.00;MANAGE_PROFIT;SAFE;0;0;1;-1;-1;4262.27;0.00;0.00;0.18;-18.96;KELLY_LITE;true;0.04;213450.92;0.0417;KELLY_LITE(mult=1.20 taper=1.00 n=18)+HARD_RISK_CAP(2.0%)+MAXLOSS_CAP;213442.28;213442.28;36;0
2026.08.07 05:29:24;XAUUSD;5;1786059423;CYCLE_RESET;oldState=RESET realizedPnL=-15.00 peak=0.18 worst=-18.96 pyramid=0 consLosses=1;RESET;SAFE;0;0;0;-1;-1;4262.27;0.00;0.00;0.18;-18.96;KELLY_LITE;true;0.04;213450.92;0.0417;KELLY_LITE(mult=1.20 taper=1.00 n=18)+HARD_RISK_CAP(2.0%)+MAXLOSS_CAP;213442.28;213442.28;34;0
2026.08.07 05:34:25;XAUUSD;5;1786059424;PLACE_PENDING_START;cycle=1786059424 trend=1 consecLosses=1 preset=AGGRESSIVE;PLACE_PENDING;SAFE;0;0;0;-1;-1;0.00;0.00;0.00;0.00;0.00;KELLY_LITE;true;0.04;213450.92;0.0417;KELLY_LITE(mult=1.20 taper=1.00 n=18)+HARD_RISK_CAP(2.0%)+MAXLOSS_CAP;213442.28;213442.28;36;0
2026.08.07 05:34:25;XAUUSD;5;1786059424;DIR_OCO_PLACED;dir=BULL ticket=118152539 price=4269.65 sl=4254.65 tp=4292.15 lot=0.04 dist=1.56;PLACE_PENDING;SAFE;0;1;0;118152539;-1;0.00;0.00;0.00;0.00;0.00;KELLY_LITE;true;0.04;213442.28;0.0417;KELLY_LITE(mult=1.20 taper=1.00 n=20)+HARD_RISK_CAP(2.0%)+MAXLOSS_CAP;213442.28;213442.28;36;0
2026.08.07 05:34:26;XAUUSD;5;1786059424;DIR_OCO_COUNTER_PLACED;dir=BEAR(counter) ticket=118152540 price=4266.17 lot=0.03;PLACE_PENDING;SAFE;0;2;0;118152539;118152540;0.00;0.00;0.00;0.00;0.00;KELLY_LITE;true;0.04;213442.28;0.0417;KELLY_LITE(mult=1.20 taper=1.00 n=20)+HARD_RISK_CAP(2.0%)+MAXLOSS_CAP;213442.28;213442.28;36;0
2026.08.07 05:34:50;XAUUSD;5;1786059424;BUY_STOP_TRAILED;Old=4269.65 New=4269.23;WAIT_TRIGGER;SAFE;0;2;0;118152539;118152540;0.00;0.00;0.00;0.00;0.00;KELLY_LITE;true;0.04;213442.28;0.0417;KELLY_LITE(mult=1.20 taper=1.00 n=20)+HARD_RISK_CAP(2.0%)+MAXLOSS_CAP;213442.28;213442.28;36;0
2026.08.07 05:35:40;XAUUSD;5;1786059424;SELL_STOP_TRAILED;Old=4266.17 New=4266.55;WAIT_TRIGGER;SAFE;0;2;0;118152539;118152540;0.00;0.00;0.00;0.00;0.00;KELLY_LITE;true;0.04;213442.28;0.0417;KELLY_LITE(mult=1.20 taper=1.00 n=20)+HARD_RISK_CAP(2.0%)+MAXLOSS_CAP;213442.28;213442.28;36;0
2026.08.07 05:35:54;XAUUSD;5;1786059424;BUY_STOP_TRAILED;Old=4269.23 New=4268.83;WAIT_TRIGGER;SAFE;0;2;0;118152539;118152540;0.00;0.00;0.00;0.00;0.00;KELLY_LITE;true;0.04;213442.28;0.0417;KELLY_LITE(mult=1.20 taper=1.00 n=20)+HARD_RISK_CAP(2.0%)+MAXLOSS_CAP;213442.28;213442.28;36;0
2026.08.07 05:36:52;XAUUSD;5;1786059424;BUY_STOP_TRAILED;Old=4268.83 New=4268.46;WAIT_TRIGGER;SAFE;0;2;0;118152539;118152540;0.00;0.00;0.00;0.00;0.00;KELLY_LITE;true;0.04;213442.28;0.0417;KELLY_LITE(mult=1.20 taper=1.00 n=20)+HARD_RISK_CAP(2.0%)+MAXLOSS_CAP;213442.28;213442.28;36;0
2026.08.07 05:37:29;XAUUSD;5;1786059424;OCO_TRIGGERED_SELL;ticket=118152540 entry=4266.55;POSITION_ACTIVE;SAFE;1;1;0;118152539;-1;0.00;-1.05;-1.05;0.00;0.00;KELLY_LITE;true;0.04;213442.28;0.0417;KELLY_LITE(mult=1.20 taper=1.00 n=20)+HARD_RISK_CAP(2.0%)+MAXLOSS_CAP;213442.28;213441.23;36;0
2026.08.07 05:37:29;XAUUSD;5;1786059424;OPPOSITE_TRAIL_ARMED;opposite_ticket=118152539 will trail price;POSITION_ACTIVE;SAFE;1;1;0;118152539;-1;0.00;-1.05;-1.05;0.00;0.00;KELLY_LITE;true;0.04;213442.28;0.0417;KELLY_LITE(mult=1.20 taper=1.00 n=20)+HARD_RISK_CAP(2.0%)+MAXLOSS_CAP;213442.28;213441.23;36;0
2026.08.07 05:38:04;XAUUSD;5;1786059424;OPPOSITE_PENDING_TRAILED;BUY_STOP trailed DOWN: ticket=118152539 old=4268.46 new=4268.12 dist=2.28;MANAGE_PROFIT;SAFE;1;1;1;-1;-1;4266.55;1.53;1.53;1.05;-1.50;KELLY_LITE;true;0.04;213442.28;0.0417;KELLY_LITE(mult=1.20 taper=1.00 n=20)+HARD_RISK_CAP(2.0%)+MAXLOSS_CAP;213442.28;213443.81;36;0
2026.08.07 05:38:18;XAUUSD;5;1786059424;OPPOSITE_PENDING_TRAILED;BUY_STOP trailed DOWN: ticket=118152539 old=4268.12 new=4267.78 dist=2.30;MANAGE_PROFIT;SAFE;1;1;1;-1;-1;4266.55;3.12;3.12;3.03;-1.50;KELLY_LITE;true;0.04;213442.28;0.0417;KELLY_LITE(mult=1.20 taper=1.00 n=20)+HARD_RISK_CAP(2.0%)+MAXLOSS_CAP;213442.28;213445.40;36;0
2026.08.07 05:38:27;XAUUSD;5;1786059424;OPPOSITE_PENDING_TRAILED;BUY_STOP trailed DOWN: ticket=118152539 old=4267.78 new=4267.36 dist=2.32;MANAGE_PROFIT;SAFE;1;1;1;-1;-1;4266.55;4.29;4.29;4.14;-1.50;KELLY_LITE;true;0.04;213442.28;0.0417;KELLY_LITE(mult=1.20 taper=1.00 n=20)+HARD_RISK_CAP(2.0%)+MAXLOSS_CAP;213442.28;213446.57;36;0
2026.08.07 05:39:23;XAUUSD;5;1786059424;OPPOSITE_PENDING_TRAILED;BUY_STOP trailed DOWN: ticket=118152539 old=4267.36 new=4266.97 dist=2.33;MANAGE_PROFIT;SAFE;1;1;1;-1;-1;4266.55;5.46;5.46;5.31;-1.50;KELLY_LITE;true;0.04;213442.28;0.0417;KELLY_LITE(mult=1.20 taper=1.00 n=20)+HARD_RISK_CAP(2.0%)+MAXLOSS_CAP;213442.28;213447.74;36;0
2026.08.07 05:40:03;XAUUSD;5;1786059424;OPPOSITE_PENDING_TRAILED;BUY_STOP trailed DOWN: ticket=118152539 old=4266.97 new=4266.53 dist=2.25;MANAGE_PROFIT;SAFE;1;1;1;-1;-1;4266.55;7.29;7.29;6.24;-1.50;KELLY_LITE;true;0.04;213442.28;0.0417;KELLY_LITE(mult=1.20 taper=1.00 n=20)+HARD_RISK_CAP(2.0%)+MAXLOSS_CAP;213442.28;213449.57;36;0
2026.08.07 05:40:04;XAUUSD;5;1786059424;OPPOSITE_PENDING_TRAILED;BUY_STOP trailed DOWN: ticket=118152539 old=4266.53 new=4266.19 dist=2.26;MANAGE_PROFIT;SAFE;1;1;1;-1;-1;4266.55;7.47;7.47;7.68;-1.50;KELLY_LITE;true;0.04;213442.28;0.0417;KELLY_LITE(mult=1.20 taper=1.00 n=20)+HARD_RISK_CAP(2.0%)+MAXLOSS_CAP;213442.28;213449.75;36;0
2026.08.07 05:40:37;XAUUSD;5;1786059424;OPPOSITE_PENDING_TRAILED;BUY_STOP trailed DOWN: ticket=118152539 old=4266.19 new=4265.83 dist=2.28;MANAGE_PROFIT;SAFE;1;1;1;-1;-1;4266.55;10.35;10.35;7.68;-1.50;KELLY_LITE;true;0.04;213442.28;0.0417;KELLY_LITE(mult=1.20 taper=1.00 n=20)+HARD_RISK_CAP(2.0%)+MAXLOSS_CAP;213442.28;213452.63;36;0
2026.08.07 05:40:38;XAUUSD;5;1786059424;SL_MODIFIED;ticket=118152540 oldSL=4278.55 newSL=4263.80 reason=break_even_lock_leg_0 (retry buf=3pt);MANAGE_PROFIT;SAFE;1;1;1;-1;-1;4266.55;9.81;9.81;10.35;-1.50;KELLY_LITE;true;0.04;213442.28;0.0417;KELLY_LITE(mult=1.20 taper=1.00 n=20)+HARD_RISK_CAP(2.0%)+MAXLOSS_CAP;213442.28;213452.09;36;0
2026.08.07 05:40:38;XAUUSD;5;1786059424;PROFIT_RATCHET_LOCKED;floor=4.40 peak=10.35;MANAGE_PROFIT;SAFE;1;1;1;-1;-1;4266.55;9.81;9.81;10.35;-1.50;KELLY_LITE;true;0.04;213442.28;0.0417;KELLY_LITE(mult=1.20 taper=1.00 n=20)+HARD_RISK_CAP(2.0%)+MAXLOSS_CAP;213442.28;213452.09;36;0
2026.08.07 05:40:38;XAUUSD;5;1786059424;PROFIT_RATCHET_LOCKED;floor=4.40 peak=10.35;MANAGE_PROFIT;SAFE;1;1;1;-1;-1;4266.55;9.81;9.81;10.35;-1.50;KELLY_LITE;true;0.04;213442.28;0.0417;KELLY_LITE(mult=1.20 taper=1.00 n=20)+HARD_RISK_CAP(2.0%)+MAXLOSS_CAP;213442.28;213452.09;36;0
2026.08.07 05:40:39;XAUUSD;5;1786059424;OPPOSITE_PENDING_TRAILED;BUY_STOP trailed DOWN: ticket=118152539 old=4265.83 new=4265.49 dist=2.30;MANAGE_PROFIT;SAFE;1;1;1;-1;-1;4266.55;9.84;9.84;10.35;-1.50;KELLY_LITE;true;0.04;213442.28;0.0417;KELLY_LITE(mult=1.20 taper=1.00 n=20)+HARD_RISK_CAP(2.0%)+MAXLOSS_CAP;213442.28;213452.12;36;0
2026.08.07 05:40:39;XAUUSD;5;1786059424;PROFIT_RATCHET_LOCKED;floor=4.40 peak=10.35;MANAGE_PROFIT;SAFE;1;1;1;-1;-1;4266.55;9.84;9.84;10.35;-1.50;KELLY_LITE;true;0.04;213442.28;0.0417;KELLY_LITE(mult=1.20 taper=1.00 n=20)+HARD_RISK_CAP(2.0%)+MAXLOSS_CAP;213442.28;213452.12;36;0
2026.08.07 05:40:39;XAUUSD;5;1786059424;PROFIT_RATCHET_LOCKED;floor=4.40 peak=10.35;MANAGE_PROFIT;SAFE;1;1;1;-1;-1;4266.55;9.84;9.84;10.35;-1.50;KELLY_LITE;true;0.04;213442.28;0.0417;KELLY_LITE(mult=1.20 taper=1.00 n=20)+HARD_RISK_CAP(2.0%)+MAXLOSS_CAP;213442.28;213452.12;36;0
2026.08.07 05:40:40;XAUUSD;5;1786059424;SL_MODIFIED;ticket=118152540 oldSL=4263.80 newSL=4263.77 reason=break_even_lock_leg_0;MANAGE_PROFIT;SAFE;1;1;1;-1;-1;4266.55;9.90;9.90;10.35;-1.50;KELLY_LITE;true;0.04;213442.28;0.0417;KELLY_LITE(mult=1.20 taper=1.00 n=20)+HARD_RISK_CAP(2.0%)+MAXLOSS_CAP;213442.28;213452.18;36;0
2026.08.07 05:40:40;XAUUSD;5;1786059424;PROFIT_RATCHET_LOCKED;floor=4.40 peak=10.35;MANAGE_PROFIT;SAFE;1;1;1;-1;-1;4266.55;9.90;9.90;10.35;-1.50;KELLY_LITE;true;0.04;213442.28;0.0417;KELLY_LITE(mult=1.20 taper=1.00 n=20)+HARD_RISK_CAP(2.0%)+MAXLOSS_CAP;213442.28;213452.18;36;0
2026.08.07 05:40:41;XAUUSD;5;1786059424;SL_MODIFY_FAILED;ticket=118152540 newSL=4263.72 reason=break_even_lock_leg_0 err=0;MANAGE_PROFIT;SAFE;1;1;1;-1;-1;4266.55;9.93;9.93;10.35;-1.50;KELLY_LITE;true;0.04;213442.28;0.0417;KELLY_LITE(mult=1.20 taper=1.00 n=20)+HARD_RISK_CAP(2.0%)+MAXLOSS_CAP;213442.28;213452.21;36;0
2026.08.07 05:40:41;XAUUSD;5;1786059424;PROFIT_RATCHET_LOCKED;floor=4.40 peak=10.35;MANAGE_PROFIT;SAFE;1;1;1;-1;-1;4266.55;9.93;9.93;10.35;-1.50;KELLY_LITE;true;0.04;213442.28;0.0417;KELLY_LITE(mult=1.20 taper=1.00 n=20)+HARD_RISK_CAP(2.0%)+MAXLOSS_CAP;213442.28;213452.21;36;0
2026.08.07 05:40:41;XAUUSD;5;1786059424;PROFIT_RATCHET_LOCKED;floor=4.40 peak=10.35;MANAGE_PROFIT;SAFE;1;1;1;-1;-1;4266.55;9.93;9.93;10.35;-1.50;KELLY_LITE;true;0.04;213442.28;0.0417;KELLY_LITE(mult=1.20 taper=1.00 n=20)+HARD_RISK_CAP(2.0%)+MAXLOSS_CAP;213442.28;213452.21;36;0
2026.08.07 05:40:41;XAUUSD;5;1786059424;PROFIT_RATCHET_LOCKED;floor=4.40 peak=10.35;MANAGE_PROFIT;SAFE;1;1;1;-1;-1;4266.55;9.51;9.51;10.35;-1.50;KELLY_LITE;true;0.04;213442.28;0.0417;KELLY_LITE(mult=1.20 taper=1.00 n=20)+HARD_RISK_CAP(2.0%)+MAXLOSS_CAP;213442.28;213451.79;36;0
2026.08.07 05:40:41;XAUUSD;5;1786059424;PROFIT_RATCHET_LOCKED;floor=4.40 peak=10.35;MANAGE_PROFIT;SAFE;1;1;1;-1;-1;4266.55;9.72;9.72;10.35;-1.50;KELLY_LITE;true;0.04;213442.28;0.0417;KELLY_LITE(mult=1.20 taper=1.00 n=20)+HARD_RISK_CAP(2.0%)+MAXLOSS_CAP;213442.28;213452.00;36;0
2026.08.07 05:40:41;XAUUSD;5;1786059424;PROFIT_RATCHET_LOCKED;floor=4.40 peak=10.35;MANAGE_PROFIT;SAFE;1;1;1;-1;-1;4266.55;9.81;9.81;10.35;-1.50;KELLY_LITE;true;0.04;213442.28;0.0417;KELLY_LITE(mult=1.20 taper=1.00 n=20)+HARD_RISK_CAP(2.0%)+MAXLOSS_CAP;213442.28;213452.09;36;0
2026.08.07 05:40:42;XAUUSD;5;1786059424;PROFIT_RATCHET_LOCKED;floor=4.40 peak=10.35;MANAGE_PROFIT;SAFE;1;1;1;-1;-1;4266.55;9.75;9.75;10.35;-1.50;KELLY_LITE;true;0.04;213442.28;0.0417;KELLY_LITE(mult=1.20 taper=1.00 n=20)+HARD_RISK_CAP(2.0%)+MAXLOSS_CAP;213442.28;213452.03;36;0
2026.08.07 05:40:42;XAUUSD;5;1786059424;PROFIT_RATCHET_LOCKED;floor=4.40 peak=10.35;MANAGE_PROFIT;SAFE;1;1;1;-1;-1;4266.55;9.87;9.87;10.35;-1.50;KELLY_LITE;true;0.04;213442.28;0.0417;KELLY_LITE(mult=1.20 taper=1.00 n=20)+HARD_RISK_CAP(2.0%)+MAXLOSS_CAP;213442.28;213452.15;36;0
2026.08.07 05:40:43;XAUUSD;5;1786059424;PROFIT_RATCHET_LOCKED;floor=4.40 peak=10.35;MANAGE_PROFIT;SAFE;1;1;1;-1;-1;4266.55;9.78;9.78;10.35;-1.50;KELLY_LITE;true;0.04;213442.28;0.0417;KELLY_LITE(mult=1.20 taper=1.00 n=20)+HARD_RISK_CAP(2.0%)+MAXLOSS_CAP;213442.28;213452.06;36;0
2026.08.07 05:40:43;XAUUSD;5;1786059424;PROFIT_RATCHET_LOCKED;floor=4.40 peak=10.35;MANAGE_PROFIT;SAFE;1;1;1;-1;-1;4266.55;9.75;9.75;10.35;-1.50;KELLY_LITE;true;0.04;213442.28;0.0417;KELLY_LITE(mult=1.20 taper=1.00 n=20)+HARD_RISK_CAP(2.0%)+MAXLOSS_CAP;213442.28;213452.03;36;0
2026.08.07 05:40:43;XAUUSD;5;1786059424;PROFIT_RATCHET_LOCKED;floor=4.40 peak=10.35;MANAGE_PROFIT;SAFE;1;1;1;-1;-1;4266.55;9.81;9.81;10.35;-1.50;KELLY_LITE;true;0.04;213442.28;0.0417;KELLY_LITE(mult=1.20 taper=1.00 n=20)+HARD_RISK_CAP(2.0%)+MAXLOSS_CAP;213442.28;213452.09;36;0
2026.08.07 05:40:44;XAUUSD;5;1786059424;PROFIT_RATCHET_LOCKED;floor=4.40 peak=10.35;MANAGE_PROFIT;SAFE;1;1;1;-1;-1;4266.55;9.78;9.78;10.35;-1.50;KELLY_LITE;true;0.04;213442.28;0.0417;KELLY_LITE(mult=1.20 taper=1.00 n=20)+HARD_RISK_CAP(2.0%)+MAXLOSS_CAP;213442.28;213452.06;36;0
2026.08.07 05:40:44;XAUUSD;5;1786059424;PROFIT_RATCHET_LOCKED;floor=4.40 peak=10.35;MANAGE_PROFIT;SAFE;1;1;1;-1;-1;4266.55;9.72;9.72;10.35;-1.50;KELLY_LITE;true;0.04;213442.28;0.0417;KELLY_LITE(mult=1.20 taper=1.00 n=20)+HARD_RISK_CAP(2.0%)+MAXLOSS_CAP;213442.28;213452.00;36;0
2026.08.07 05:40:44;XAUUSD;5;1786059424;PROFIT_RATCHET_LOCKED;floor=4.40 peak=10.35;MANAGE_PROFIT;SAFE;1;1;1;-1;-1;4266.55;9.30;9.30;10.35;-1.50;KELLY_LITE;true;0.04;213442.28;0.0417;KELLY_LITE(mult=1.20 taper=1.00 n=20)+HARD_RISK_CAP(2.0%)+MAXLOSS_CAP;213442.28;213451.58;36;0
2026.08.07 05:40:44;XAUUSD;5;1786059424;PROFIT_RATCHET_LOCKED;floor=4.40 peak=10.35;MANAGE_PROFIT;SAFE;1;1;1;-1;-1;4266.55;9.24;9.24;10.35;-1.50;KELLY_LITE;true;0.04;213442.28;0.0417;KELLY_LITE(mult=1.20 taper=1.00 n=20)+HARD_RISK_CAP(2.0%)+MAXLOSS_CAP;213442.28;213451.52;36;0
2026.08.07 05:40:45;XAUUSD;5;1786059424;PROFIT_RATCHET_LOCKED;floor=4.40 peak=10.35;MANAGE_PROFIT;SAFE;1;1;1;-1;-1;4266.55;9.39;9.39;10.35;-1.50;KELLY_LITE;true;0.04;213442.28;0.0417;KELLY_LITE(mult=1.20 taper=1.00 n=20)+HARD_RISK_CAP(2.0%)+MAXLOSS_CAP;213442.28;213451.67;36;0
2026.08.07 05:40:45;XAUUSD;5;1786059424;PROFIT_RATCHET_LOCKED;floor=4.40 peak=10.35;MANAGE_PROFIT;SAFE;1;1;1;-1;-1;4266.55;9.36;9.36;10.35;-1.50;KELLY_LITE;true;0.04;213442.28;0.0417;KELLY_LITE(mult=1.20 taper=1.00 n=20)+HARD_RISK_CAP(2.0%)+MAXLOSS_CAP;213442.28;213451.64;36;0
2026.08.07 05:40:46;XAUUSD;5;1786059424;PROFIT_RATCHET_LOCKED;floor=4.40 peak=10.35;MANAGE_PROFIT;SAFE;1;1;1;-1;-1;4266.55;9.42;9.42;10.35;-1.50;KELLY_LITE;true;0.04;213442.28;0.0417;KELLY_LITE(mult=1.20 taper=1.00 n=20)+HARD_RISK_CAP(2.0%)+MAXLOSS_CAP;213442.28;213451.70;36;0
2026.08.07 05:40:46;XAUUSD;5;1786059424;PROFIT_RATCHET_LOCKED;floor=4.40 peak=10.35;MANAGE_PROFIT;SAFE;1;1;1;-1;-1;4266.55;9.39;9.39;10.35;-1.50;KELLY_LITE;true;0.04;213442.28;0.0417;KELLY_LITE(mult=1.20 taper=1.00 n=20)+HARD_RISK_CAP(2.0%)+MAXLOSS_CAP;213442.28;213451.67;36;0
2026.08.07 05:40:46;XAUUSD;5;1786059424;PROFIT_RATCHET_LOCKED;floor=4.40 peak=10.35;MANAGE_PROFIT;SAFE;1;1;1;-1;-1;4266.55;9.42;9.42;10.35;-1.50;KELLY_LITE;true;0.04;213442.28;0.0417;KELLY_LITE(mult=1.20 taper=1.00 n=20)+HARD_RISK_CAP(2.0%)+MAXLOSS_CAP;213442.28;213451.70;36;0
2026.08.07 05:40:46;XAUUSD;5;1786059424;PROFIT_RATCHET_LOCKED;floor=4.40 peak=10.35;MANAGE_PROFIT;SAFE;1;1;1;-1;-1;4266.55;9.39;9.39;10.35;-1.50;KELLY_LITE;true;0.04;213442.28;0.0417;KELLY_LITE(mult=1.20 taper=1.00 n=20)+HARD_RISK_CAP(2.0%)+MAXLOSS_CAP;213442.28;213451.67;36;0
2026.08.07 05:40:47;XAUUSD;5;1786059424;PROFIT_RATCHET_LOCKED;floor=4.40 peak=10.35;MANAGE_PROFIT;SAFE;1;1;1;-1;-1;4266.55;9.42;9.42;10.35;-1.50;KELLY_LITE;true;0.04;213442.28;0.0417;KELLY_LITE(mult=1.20 taper=1.00 n=20)+HARD_RISK_CAP(2.0%)+MAXLOSS_CAP;213442.28;213451.70;36;0
2026.08.07 05:40:47;XAUUSD;5;1786059424;PROFIT_RATCHET_LOCKED;floor=4.40 peak=10.35;MANAGE_PROFIT;SAFE;1;1;1;-1;-1;4266.55;9.45;9.45;10.35;-1.50;KELLY_LITE;true;0.04;213442.28;0.0417;KELLY_LITE(mult=1.20 taper=1.00 n=20)+HARD_RISK_CAP(2.0%)+MAXLOSS_CAP;213442.28;213451.73;36;0
2026.08.07 05:40:47;XAUUSD;5;1786059424;PROFIT_RATCHET_LOCKED;floor=4.40 peak=10.35;MANAGE_PROFIT;SAFE;1;1;1;-1;-1;4266.55;9.42;9.42;10.35;-1.50;KELLY_LITE;true;0.04;213442.28;0.0417;KELLY_LITE(mult=1.20 taper=1.00 n=20)+HARD_RISK_CAP(2.0%)+MAXLOSS_CAP;213442.28;213451.70;36;0
2026.08.07 05:40:48;XAUUSD;5;1786059424;PROFIT_RATCHET_LOCKED;floor=4.40 peak=10.35;MANAGE_PROFIT;SAFE;1;1;1;-1;-1;4266.55;9.45;9.45;10.35;-1.50;KELLY_LITE;true;0.04;213442.28;0.0417;KELLY_LITE(mult=1.20 taper=1.00 n=20)+HARD_RISK_CAP(2.0%)+MAXLOSS_CAP;213442.28;213451.73;36;0
2026.08.07 05:40:48;XAUUSD;5;1786059424;PROFIT_RATCHET_LOCKED;floor=4.40 peak=10.35;MANAGE_PROFIT;SAFE;1;1;1;-1;-1;4266.55;9.48;9.48;10.35;-1.50;KELLY_LITE;true;0.04;213442.28;0.0417;KELLY_LITE(mult=1.20 taper=1.00 n=20)+HARD_RISK_CAP(2.0%)+MAXLOSS_CAP;213442.28;213451.76;36;0
2026.08.07 05:40:49;XAUUSD;5;1786059424;PROFIT_RATCHET_LOCKED;floor=4.40 peak=10.35;MANAGE_PROFIT;SAFE;1;1;1;-1;-1;4266.55;9.78;9.78;10.35;-1.50;KELLY_LITE;true;0.04;213442.28;0.0417;KELLY_LITE(mult=1.20 taper=1.00 n=20)+HARD_RISK_CAP(2.0%)+MAXLOSS_CAP;213442.28;213452.06;36;0
2026.08.07 05:40:49;XAUUSD;5;1786059424;PROFIT_RATCHET_LOCKED;floor=4.40 peak=10.35;MANAGE_PROFIT;SAFE;1;1;1;-1;-1;4266.55;9.87;9.87;10.35;-1.50;KELLY_LITE;true;0.04;213442.28;0.0417;KELLY_LITE(mult=1.20 taper=1.00 n=20)+HARD_RISK_CAP(2.0%)+MAXLOSS_CAP;213442.28;213452.15;36;0
2026.08.07 05:40:52;XAUUSD;5;1786059424;SL_MODIFIED;ticket=118152540 oldSL=4263.77 newSL=4263.69 reason=break_even_lock_leg_0;MANAGE_PROFIT;SAFE;1;1;1;-1;-1;4266.55;10.17;10.17;10.35;-1.50;KELLY_LITE;true;0.04;213442.28;0.0417;KELLY_LITE(mult=1.20 taper=1.00 n=20)+HARD_RISK_CAP(2.0%)+MAXLOSS_CAP;213442.28;213452.45;36;0
2026.08.07 05:40:52;XAUUSD;5;1786059424;PROFIT_RATCHET_LOCKED;floor=4.40 peak=10.35;MANAGE_PROFIT;SAFE;1;1;1;-1;-1;4266.55;10.17;10.17;10.35;-1.50;KELLY_LITE;true;0.04;213442.28;0.0417;KELLY_LITE(mult=1.20 taper=1.00 n=20)+HARD_RISK_CAP(2.0%)+MAXLOSS_CAP;213442.28;213452.45;36;0
2026.08.07 05:40:52;XAUUSD;5;1786059424;PROFIT_RATCHET_LOCKED;floor=4.40 peak=10.35;MANAGE_PROFIT;SAFE;1;1;1;-1;-1;4266.55;10.17;10.17;10.35;-1.50;KELLY_LITE;true;0.04;213442.28;0.0417;KELLY_LITE(mult=1.20 taper=1.00 n=20)+HARD_RISK_CAP(2.0%)+MAXLOSS_CAP;213442.28;213452.45;36;0
2026.08.07 05:40:53;XAUUSD;5;1786059424;PROFIT_RATCHET_LOCKED;floor=4.40 peak=10.35;MANAGE_PROFIT;SAFE;1;1;1;-1;-1;4266.55;9.99;9.99;10.35;-1.50;KELLY_LITE;true;0.04;213442.28;0.0417;KELLY_LITE(mult=1.20 taper=1.00 n=20)+HARD_RISK_CAP(2.0%)+MAXLOSS_CAP;213442.28;213452.27;36;0
2026.08.07 05:40:53;XAUUSD;5;1786059424;PROFIT_RATCHET_LOCKED;floor=4.40 peak=10.35;MANAGE_PROFIT;SAFE;1;1;1;-1;-1;4266.55;9.99;9.99;10.35;-1.50;KELLY_LITE;true;0.04;213442.28;0.0417;KELLY_LITE(mult=1.20 taper=1.00 n=20)+HARD_RISK_CAP(2.0%)+MAXLOSS_CAP;213442.28;213452.27;36;0
2026.08.07 05:40:53;XAUUSD;5;1786059424;PROFIT_RATCHET_LOCKED;floor=4.40 peak=10.35;MANAGE_PROFIT;SAFE;1;1;1;-1;-1;4266.55;10.14;10.14;10.35;-1.50;KELLY_LITE;true;0.04;213442.28;0.0417;KELLY_LITE(mult=1.20 taper=1.00 n=20)+HARD_RISK_CAP(2.0%)+MAXLOSS_CAP;213442.28;213452.42;36;0
2026.08.07 05:40:53;XAUUSD;5;1786059424;PROFIT_RATCHET_LOCKED;floor=4.40 peak=10.35;MANAGE_PROFIT;SAFE;1;1;1;-1;-1;4266.55;10.17;10.17;10.35;-1.50;KELLY_LITE;true;0.04;213442.28;0.0417;KELLY_LITE(mult=1.20 taper=1.00 n=20)+HARD_RISK_CAP(2.0%)+MAXLOSS_CAP;213442.28;213452.45;36;0
2026.08.07 05:40:53;XAUUSD;5;1786059424;PROFIT_RATCHET_LOCKED;floor=4.40 peak=10.35;MANAGE_PROFIT;SAFE;1;1;1;-1;-1;4266.55;9.84;9.84;10.35;-1.50;KELLY_LITE;true;0.04;213442.28;0.0417;KELLY_LITE(mult=1.20 taper=1.00 n=20)+HARD_RISK_CAP(2.0%)+MAXLOSS_CAP;213442.28;213452.12;36;0
2026.08.07 05:40:54;XAUUSD;5;1786059424;PROFIT_RATCHET_LOCKED;floor=4.40 peak=10.35;MANAGE_PROFIT;SAFE;1;1;1;-1;-1;4266.55;9.87;9.87;10.35;-1.50;KELLY_LITE;true;0.04;213442.28;0.0417;KELLY_LITE(mult=1.20 taper=1.00 n=20)+HARD_RISK_CAP(2.0%)+MAXLOSS_CAP;213442.28;213452.15;36;0
2026.08.07 05:40:54;XAUUSD;5;1786059424;PROFIT_RATCHET_LOCKED;floor=4.40 peak=10.35;MANAGE_PROFIT;SAFE;1;1;1;-1;-1;4266.55;9.78;9.78;10.35;-1.50;KELLY_LITE;true;0.04;213442.28;0.0417;KELLY_LITE(mult=1.20 taper=1.00 n=20)+HARD_RISK_CAP(2.0%)+MAXLOSS_CAP;213442.28;213452.06;36;0
2026.08.07 05:40:54;XAUUSD;5;1786059424;PROFIT_RATCHET_LOCKED;floor=4.40 peak=10.35;MANAGE_PROFIT;SAFE;1;1;1;-1;-1;4266.55;9.81;9.81;10.35;-1.50;KELLY_LITE;true;0.04;213442.28;0.0417;KELLY_LITE(mult=1.20 taper=1.00 n=20)+HARD_RISK_CAP(2.0%)+MAXLOSS_CAP;213442.28;213452.09;36;0
2026.08.07 05:40:55;XAUUSD;5;1786059424;PROFIT_RATCHET_LOCKED;floor=4.40 peak=10.35;MANAGE_PROFIT;SAFE;1;1;1;-1;-1;4266.55;9.84;9.84;10.35;-1.50;KELLY_LITE;true;0.04;213442.28;0.0417;KELLY_LITE(mult=1.20 taper=1.00 n=20)+HARD_RISK_CAP(2.0%)+MAXLOSS_CAP;213442.28;213452.12;35;0
2026.08.07 05:40:55;XAUUSD;5;1786059424;PROFIT_RATCHET_LOCKED;floor=4.40 peak=10.35;MANAGE_PROFIT;SAFE;1;1;1;-1;-1;4266.55;9.84;9.84;10.35;-1.50;KELLY_LITE;true;0.04;213442.28;0.0417;KELLY_LITE(mult=1.20 taper=1.00 n=20)+HARD_RISK_CAP(2.0%)+MAXLOSS_CAP;213442.28;213452.12;36;0
2026.08.07 05:40:55;XAUUSD;5;1786059424;PROFIT_RATCHET_LOCKED;floor=4.40 peak=10.35;MANAGE_PROFIT;SAFE;1;1;1;-1;-1;4266.55;9.87;9.87;10.35;-1.50;KELLY_LITE;true;0.04;213442.28;0.0417;KELLY_LITE(mult=1.20 taper=1.00 n=20)+HARD_RISK_CAP(2.0%)+MAXLOSS_CAP;213442.28;213452.15;36;0
2026.08.07 05:40:56;XAUUSD;5;1786059424;PROFIT_RATCHET_LOCKED;floor=4.40 peak=10.35;MANAGE_PROFIT;SAFE;1;1;1;-1;-1;4266.55;9.72;9.72;10.35;-1.50;KELLY_LITE;true;0.04;213442.28;0.0417;KELLY_LITE(mult=1.20 taper=1.00 n=20)+HARD_RISK_CAP(2.0%)+MAXLOSS_CAP;213442.28;213452.00;36;0
2026.08.07 05:40:56;XAUUSD;5;1786059424;PROFIT_RATCHET_LOCKED;floor=4.40 peak=10.35;MANAGE_PROFIT;SAFE;1;1;1;-1;-1;4266.55;9.75;9.75;10.35;-1.50;KELLY_LITE;true;0.04;213442.28;0.0417;KELLY_LITE(mult=1.20 taper=1.00 n=20)+HARD_RISK_CAP(2.0%)+MAXLOSS_CAP;213442.28;213452.03;36;0
2026.08.07 05:40:57;XAUUSD;5;1786059424;PROFIT_RATCHET_LOCKED;floor=4.40 peak=10.35;MANAGE_PROFIT;SAFE;1;1;1;-1;-1;4266.55;9.81;9.81;10.35;-1.50;KELLY_LITE;true;0.04;213442.28;0.0417;KELLY_LITE(mult=1.20 taper=1.00 n=20)+HARD_RISK_CAP(2.0%)+MAXLOSS_CAP;213442.28;213452.09;36;0
2026.08.07 05:40:57;XAUUSD;5;1786059424;PROFIT_RATCHET_LOCKED;floor=4.40 peak=10.35;MANAGE_PROFIT;SAFE;1;1;1;-1;-1;4266.55;9.75;9.75;10.35;-1.50;KELLY_LITE;true;0.04;213442.28;0.0417;KELLY_LITE(mult=1.20 taper=1.00 n=20)+HARD_RISK_CAP(2.0%)+MAXLOSS_CAP;213442.28;213452.03;36;0
2026.08.07 05:40:57;XAUUSD;5;1786059424;PROFIT_RATCHET_LOCKED;floor=4.40 peak=10.35;MANAGE_PROFIT;SAFE;1;1;1;-1;-1;4266.55;9.63;9.63;10.35;-1.50;KELLY_LITE;true;0.04;213442.28;0.0417;KELLY_LITE(mult=1.20 taper=1.00 n=20)+HARD_RISK_CAP(2.0%)+MAXLOSS_CAP;213442.28;213451.91;36;0
2026.08.07 05:40:58;XAUUSD;5;1786059424;PROFIT_RATCHET_LOCKED;floor=4.40 peak=10.35;MANAGE_PROFIT;SAFE;1;1;1;-1;-1;4266.55;9.66;9.66;10.35;-1.50;KELLY_LITE;true;0.04;213442.28;0.0417;KELLY_LITE(mult=1.20 taper=1.00 n=20)+HARD_RISK_CAP(2.0%)+MAXLOSS_CAP;213442.28;213451.94;36;0
2026.08.07 05:40:58;XAUUSD;5;1786059424;PROFIT_RATCHET_LOCKED;floor=4.40 peak=10.35;MANAGE_PROFIT;SAFE;1;1;1;-1;-1;4266.55;9.12;9.12;10.35;-1.50;KELLY_LITE;true;0.04;213442.28;0.0417;KELLY_LITE(mult=1.20 taper=1.00 n=20)+HARD_RISK_CAP(2.0%)+MAXLOSS_CAP;213442.28;213451.40;36;0
2026.08.07 05:40:58;XAUUSD;5;1786059424;PROFIT_RATCHET_LOCKED;floor=4.40 peak=10.35;MANAGE_PROFIT;SAFE;1;1;1;-1;-1;4266.55;9.15;9.15;10.35;-1.50;KELLY_LITE;true;0.04;213442.28;0.0417;KELLY_LITE(mult=1.20 taper=1.00 n=20)+HARD_RISK_CAP(2.0%)+MAXLOSS_CAP;213442.28;213451.43;33;0
2026.08.07 05:40:58;XAUUSD;5;1786059424;PROFIT_RATCHET_LOCKED;floor=4.40 peak=10.35;MANAGE_PROFIT;SAFE;1;1;1;-1;-1;4266.55;9.21;9.21;10.35;-1.50;KELLY_LITE;true;0.04;213442.28;0.0417;KELLY_LITE(mult=1.20 taper=1.00 n=20)+HARD_RISK_CAP(2.0%)+MAXLOSS_CAP;213442.28;213451.49;36;0
2026.08.07 05:40:59;XAUUSD;5;1786059424;PROFIT_RATCHET_LOCKED;floor=4.40 peak=10.35;MANAGE_PROFIT;SAFE;1;1;1;-1;-1;4266.55;9.24;9.24;10.35;-1.50;KELLY_LITE;true;0.04;213442.28;0.0417;KELLY_LITE(mult=1.20 taper=1.00 n=20)+HARD_RISK_CAP(2.0%)+MAXLOSS_CAP;213442.28;213451.52;35;0
2026.08.07 05:40:59;XAUUSD;5;1786059424;PROFIT_RATCHET_LOCKED;floor=4.40 peak=10.35;MANAGE_PROFIT;SAFE;1;1;1;-1;-1;4266.55;9.24;9.24;10.35;-1.50;KELLY_LITE;true;0.04;213442.28;0.0417;KELLY_LITE(mult=1.20 taper=1.00 n=20)+HARD_RISK_CAP(2.0%)+MAXLOSS_CAP;213442.28;213451.52;36;0
2026.08.07 05:40:59;XAUUSD;5;1786059424;PROFIT_RATCHET_LOCKED;floor=4.40 peak=10.35;MANAGE_PROFIT;SAFE;1;1;1;-1;-1;4266.55;9.18;9.18;10.35;-1.50;KELLY_LITE;true;0.04;213442.28;0.0417;KELLY_LITE(mult=1.20 taper=1.00 n=20)+HARD_RISK_CAP(2.0%)+MAXLOSS_CAP;213442.28;213451.46;36;0
2026.08.07 05:41:00;XAUUSD;5;1786059424;PROFIT_RATCHET_LOCKED;floor=4.40 peak=10.35;MANAGE_PROFIT;SAFE;1;1;1;-1;-1;4266.55;8.85;8.85;10.35;-1.50;KELLY_LITE;true;0.04;213442.28;0.0417;KELLY_LITE(mult=1.20 taper=1.00 n=20)+HARD_RISK_CAP(2.0%)+MAXLOSS_CAP;213442.28;213451.13;36;0
2026.08.07 05:41:00;XAUUSD;5;1786059424;PROFIT_RATCHET_LOCKED;floor=4.40 peak=10.35;MANAGE_PROFIT;SAFE;1;1;1;-1;-1;4266.55;9.12;9.12;10.35;-1.50;KELLY_LITE;true;0.04;213442.28;0.0417;KELLY_LITE(mult=1.20 taper=1.00 n=20)+HARD_RISK_CAP(2.0%)+MAXLOSS_CAP;213442.28;213451.40;36;0
2026.08.07 05:41:00;XAUUSD;5;1786059424;PROFIT_RATCHET_LOCKED;floor=4.40 peak=10.35;MANAGE_PROFIT;SAFE;1;1;1;-1;-1;4266.55;9.15;9.15;10.35;-1.50;KELLY_LITE;true;0.04;213442.28;0.0417;KELLY_LITE(mult=1.20 taper=1.00 n=20)+HARD_RISK_CAP(2.0%)+MAXLOSS_CAP;213442.28;213451.43;35;0
2026.08.07 05:41:01;XAUUSD;5;1786059424;PROFIT_RATCHET_LOCKED;floor=4.40 peak=10.35;MANAGE_PROFIT;SAFE;1;1;1;-1;-1;4266.55;8.88;8.88;10.35;-1.50;KELLY_LITE;true;0.04;213442.28;0.0417;KELLY_LITE(mult=1.20 taper=1.00 n=20)+HARD_RISK_CAP(2.0%)+MAXLOSS_CAP;213442.28;213451.16;36;0
2026.08.07 05:41:01;XAUUSD;5;1786059424;EXIT_TIERED_TRAIL;profit=8.34 peak=10.35 allowedRetrace=1.55;MANAGE_PROFIT;SAFE;1;1;1;-1;-1;4266.55;8.34;8.34;10.35;-1.50;KELLY_LITE;true;0.04;213442.28;0.0417;KELLY_LITE(mult=1.20 taper=1.00 n=20)+HARD_RISK_CAP(2.0%)+MAXLOSS_CAP;213442.28;213450.62;36;0
2026.08.07 05:41:02;XAUUSD;5;1786059424;PENDING_DELETED;ticket=118152539 reason=close_all_cleanup;MANAGE_PROFIT;SAFE;0;0;1;-1;-1;4266.55;0.00;0.00;10.35;-1.50;KELLY_LITE;true;0.04;213442.28;0.0417;KELLY_LITE(mult=1.20 taper=1.00 n=20)+HARD_RISK_CAP(2.0%)+MAXLOSS_CAP;213450.86;213450.86;36;0
2026.08.07 05:41:02;XAUUSD;5;1786059424;CYCLE_RESET;oldState=RESET realizedPnL=8.58 peak=10.35 worst=-1.50 pyramid=0 consLosses=0;RESET;SAFE;0;0;0;-1;-1;4266.55;0.00;0.00;10.35;-1.50;KELLY_LITE;true;0.04;213442.28;0.0417;KELLY_LITE(mult=1.20 taper=1.00 n=20)+HARD_RISK_CAP(2.0%)+MAXLOSS_CAP;213450.86;213450.86;36;0
2026.08.07 05:46:02;XAUUSD;5;1786059425;PLACE_PENDING_START;cycle=1786059425 trend=1 consecLosses=0 preset=AGGRESSIVE;PLACE_PENDING;SAFE;0;0;0;-1;-1;0.00;0.00;0.00;0.00;0.00;KELLY_LITE;true;0.04;213442.28;0.0417;KELLY_LITE(mult=1.20 taper=1.00 n=20)+HARD_RISK_CAP(2.0%)+MAXLOSS_CAP;213450.86;213450.86;36;0
2026.08.07 05:46:02;XAUUSD;5;1786059425;DIR_OCO_PLACED;dir=BULL ticket=118153366 price=4265.23 sl=4250.23 tp=4287.73 lot=0.04 dist=1.57;PLACE_PENDING;SAFE;0;1;0;118153366;-1;0.00;0.00;0.00;0.00;0.00;KELLY_LITE;true;0.04;213450.86;0.0417;KELLY_LITE(mult=1.30 taper=1.00 n=20)+HARD_RISK_CAP(2.0%)+MAXLOSS_CAP;213450.86;213450.86;36;0
2026.08.07 05:46:03;XAUUSD;5;1786059425;DIR_OCO_COUNTER_PLACED;dir=BEAR(counter) ticket=118153367 price=4261.80 lot=0.03;PLACE_PENDING;SAFE;0;2;0;118153366;118153367;0.00;0.00;0.00;0.00;0.00;KELLY_LITE;true;0.04;213450.86;0.0417;KELLY_LITE(mult=1.30 taper=1.00 n=20)+HARD_RISK_CAP(2.0%)+MAXLOSS_CAP;213450.86;213450.86;36;0
2026.08.07 05:47:03;XAUUSD;5;1786059425;BUY_STOP_TRAILED;Old=4265.23 New=4264.76;WAIT_TRIGGER;SAFE;0;2;0;118153366;118153367;0.00;0.00;0.00;0.00;0.00;KELLY_LITE;true;0.04;213450.86;0.0417;KELLY_LITE(mult=1.30 taper=1.00 n=20)+HARD_RISK_CAP(2.0%)+MAXLOSS_CAP;213450.86;213450.86;36;0
2026.08.07 05:47:47;XAUUSD;5;1786059425;BUY_STOP_TRAILED;Old=4264.76 New=4264.33;WAIT_TRIGGER;SAFE;0;2;0;118153366;118153367;0.00;0.00;0.00;0.00;0.00;KELLY_LITE;true;0.04;213450.86;0.0417;KELLY_LITE(mult=1.30 taper=1.00 n=20)+HARD_RISK_CAP(2.0%)+MAXLOSS_CAP;213450.86;213450.86;36;0
2026.08.07 05:48:07;XAUUSD;5;1786059425;SELL_STOP_TRAILED;Old=4261.80 New=4262.31;WAIT_TRIGGER;SAFE;1;1;0;118153366;118153367;0.00;-1.88;-1.88;0.00;0.00;KELLY_LITE;true;0.04;213450.86;0.0417;KELLY_LITE(mult=1.30 taper=1.00 n=20)+HARD_RISK_CAP(2.0%)+MAXLOSS_CAP;213450.86;213448.98;36;0
2026.08.07 05:48:07;XAUUSD;5;1786059425;OCO_TRIGGERED_BUY;ticket=118153366 entry=4264.33;POSITION_ACTIVE;SAFE;1;1;0;-1;118153367;0.00;-1.88;-1.88;0.00;0.00;KELLY_LITE;true;0.04;213450.86;0.0417;KELLY_LITE(mult=1.30 taper=1.00 n=20)+HARD_RISK_CAP(2.0%)+MAXLOSS_CAP;213450.86;213448.98;36;0
2026.08.07 05:48:07;XAUUSD;5;1786059425;OPPOSITE_TRAIL_ARMED;opposite_ticket=118153367 will trail price;POSITION_ACTIVE;SAFE;1;1;0;-1;118153367;0.00;-1.88;-1.88;0.00;0.00;KELLY_LITE;true;0.04;213450.86;0.0417;KELLY_LITE(mult=1.30 taper=1.00 n=20)+HARD_RISK_CAP(2.0%)+MAXLOSS_CAP;213450.86;213448.98;36;0
2026.08.07 05:54:40;XAUUSD;5;1786059425;SL_MODIFIED;ticket=118153366 oldSL=4252.33 newSL=4265.76 reason=break_even_lock_leg_0 (retry buf=3pt);MANAGE_PROFIT;SAFE;1;1;1;-1;-1;4264.33;7.80;7.80;8.00;-2.76;KELLY_LITE;true;0.04;213450.86;0.0417;KELLY_LITE(mult=1.30 taper=1.00 n=20)+HARD_RISK_CAP(2.0%)+MAXLOSS_CAP;213450.86;213458.66;36;0
2026.08.07 05:54:40;XAUUSD;5;1786059425;PROFIT_RATCHET_LOCKED;floor=2.70 peak=8.00;MANAGE_PROFIT;SAFE;1;1;1;-1;-1;4264.33;7.80;7.80;8.00;-2.76;KELLY_LITE;true;0.04;213450.86;0.0417;KELLY_LITE(mult=1.30 taper=1.00 n=20)+HARD_RISK_CAP(2.0%)+MAXLOSS_CAP;213450.86;213458.66;36;0
2026.08.07 05:54:40;XAUUSD;5;1786059425;PROFIT_RATCHET_LOCKED;floor=2.70 peak=8.00;MANAGE_PROFIT;SAFE;1;1;1;-1;-1;4264.33;7.80;7.80;8.00;-2.76;KELLY_LITE;true;0.04;213450.86;0.0417;KELLY_LITE(mult=1.30 taper=1.00 n=20)+HARD_RISK_CAP(2.0%)+MAXLOSS_CAP;213450.86;213458.66;36;0
2026.08.07 05:54:40;XAUUSD;5;1786059425;PROFIT_RATCHET_LOCKED;floor=2.70 peak=8.00;MANAGE_PROFIT;SAFE;1;1;1;-1;-1;4264.33;7.76;7.76;8.00;-2.76;KELLY_LITE;true;0.04;213450.86;0.0417;KELLY_LITE(mult=1.30 taper=1.00 n=20)+HARD_RISK_CAP(2.0%)+MAXLOSS_CAP;213450.86;213458.62;36;0
2026.08.07 05:54:41;XAUUSD;5;1786059425;PROFIT_RATCHET_LOCKED;floor=2.70 peak=8.00;MANAGE_PROFIT;SAFE;1;1;1;-1;-1;4264.33;7.84;7.84;8.00;-2.76;KELLY_LITE;true;0.04;213450.86;0.0417;KELLY_LITE(mult=1.30 taper=1.00 n=20)+HARD_RISK_CAP(2.0%)+MAXLOSS_CAP;213450.86;213458.70;36;0
2026.08.07 05:54:41;XAUUSD;5;1786059425;PROFIT_RATCHET_LOCKED;floor=2.70 peak=8.00;MANAGE_PROFIT;SAFE;1;1;1;-1;-1;4264.33;7.88;7.88;8.00;-2.76;KELLY_LITE;true;0.04;213450.86;0.0417;KELLY_LITE(mult=1.30 taper=1.00 n=20)+HARD_RISK_CAP(2.0%)+MAXLOSS_CAP;213450.86;213458.74;36;0
2026.08.07 05:54:42;XAUUSD;5;1786059425;SL_MODIFIED;ticket=118153366 oldSL=4265.76 newSL=4265.79 reason=break_even_lock_leg_0;MANAGE_PROFIT;SAFE;1;1;1;-1;-1;4264.33;7.92;7.92;8.00;-2.76;KELLY_LITE;true;0.04;213450.86;0.0417;KELLY_LITE(mult=1.30 taper=1.00 n=20)+HARD_RISK_CAP(2.0%)+MAXLOSS_CAP;213450.86;213458.78;36;0
2026.08.07 05:54:42;XAUUSD;5;1786059425;PROFIT_RATCHET_LOCKED;floor=2.70 peak=8.00;MANAGE_PROFIT;SAFE;1;1;1;-1;-1;4264.33;7.92;7.92;8.00;-2.76;KELLY_LITE;true;0.04;213450.86;0.0417;KELLY_LITE(mult=1.30 taper=1.00 n=20)+HARD_RISK_CAP(2.0%)+MAXLOSS_CAP;213450.86;213458.78;36;0
2026.08.07 05:54:42;XAUUSD;5;1786059425;PROFIT_RATCHET_LOCKED;floor=2.70 peak=8.00;MANAGE_PROFIT;SAFE;1;1;1;-1;-1;4264.33;7.88;7.88;8.00;-2.76;KELLY_LITE;true;0.04;213450.86;0.0417;KELLY_LITE(mult=1.30 taper=1.00 n=20)+HARD_RISK_CAP(2.0%)+MAXLOSS_CAP;213450.86;213458.74;36;0
2026.08.07 05:54:42;XAUUSD;5;1786059425;PROFIT_RATCHET_LOCKED;floor=2.70 peak=8.00;MANAGE_PROFIT;SAFE;1;1;1;-1;-1;4264.33;7.84;7.84;8.00;-2.76;KELLY_LITE;true;0.04;213450.86;0.0417;KELLY_LITE(mult=1.30 taper=1.00 n=20)+HARD_RISK_CAP(2.0%)+MAXLOSS_CAP;213450.86;213458.70;36;0
2026.08.07 05:54:44;XAUUSD;5;1786059425;PROFIT_RATCHET_LOCKED;floor=2.70 peak=8.00;MANAGE_PROFIT;SAFE;1;1;1;-1;-1;4264.33;7.96;7.96;8.00;-2.76;KELLY_LITE;true;0.04;213450.86;0.0417;KELLY_LITE(mult=1.30 taper=1.00 n=20)+HARD_RISK_CAP(2.0%)+MAXLOSS_CAP;213450.86;213458.82;36;0
2026.08.07 05:54:45;XAUUSD;5;1786059425;SL_MODIFIED;ticket=118153366 oldSL=4265.79 newSL=4265.81 reason=break_even_lock_leg_0;MANAGE_PROFIT;SAFE;1;1;1;-1;-1;4264.33;7.96;7.96;8.00;-2.76;KELLY_LITE;true;0.04;213450.86;0.0417;KELLY_LITE(mult=1.30 taper=1.00 n=20)+HARD_RISK_CAP(2.0%)+MAXLOSS_CAP;213450.86;213458.82;36;0
2026.08.07 05:54:45;XAUUSD;5;1786059425;PROFIT_RATCHET_LOCKED;floor=2.70 peak=8.00;MANAGE_PROFIT;SAFE;1;1;1;-1;-1;4264.33;7.96;7.96;8.00;-2.76;KELLY_LITE;true;0.04;213450.86;0.0417;KELLY_LITE(mult=1.30 taper=1.00 n=20)+HARD_RISK_CAP(2.0%)+MAXLOSS_CAP;213450.86;213458.82;36;0
2026.08.07 05:54:45;XAUUSD;5;1786059425;PROFIT_RATCHET_LOCKED;floor=2.70 peak=8.00;MANAGE_PROFIT;SAFE;1;1;1;-1;-1;4264.33;7.96;7.96;8.00;-2.76;KELLY_LITE;true;0.04;213450.86;0.0417;KELLY_LITE(mult=1.30 taper=1.00 n=20)+HARD_RISK_CAP(2.0%)+MAXLOSS_CAP;213450.86;213458.82;36;0
2026.08.07 05:54:46;XAUUSD;5;1786059425;SL_MODIFIED;ticket=118153366 oldSL=4265.81 newSL=4265.87 reason=break_even_lock_leg_0;MANAGE_PROFIT;SAFE;1;1;1;-1;-1;4264.33;8.68;8.68;8.24;-2.76;KELLY_LITE;true;0.04;213450.86;0.0417;KELLY_LITE(mult=1.30 taper=1.00 n=20)+HARD_RISK_CAP(2.0%)+MAXLOSS_CAP;213450.86;213459.54;36;0
2026.08.07 05:54:46;XAUUSD;5;1786059425;PROFIT_RATCHET_LOCKED;floor=2.78 peak=8.24;MANAGE_PROFIT;SAFE;1;1;1;-1;-1;4264.33;8.68;8.68;8.24;-2.76;KELLY_LITE;true;0.04;213450.86;0.0417;KELLY_LITE(mult=1.30 taper=1.00 n=20)+HARD_RISK_CAP(2.0%)+MAXLOSS_CAP;213450.86;213459.54;36;0
2026.08.07 05:54:47;XAUUSD;5;1786059425;SL_MODIFIED;ticket=118153366 oldSL=4265.87 newSL=4265.92 reason=break_even_lock_leg_0 (retry buf=3pt);MANAGE_PROFIT;SAFE;1;1;1;-1;-1;4264.33;8.72;8.72;8.68;-2.76;KELLY_LITE;true;0.04;213450.86;0.0417;KELLY_LITE(mult=1.30 taper=1.00 n=20)+HARD_RISK_CAP(2.0%)+MAXLOSS_CAP;213450.86;213459.58;36;0
2026.08.07 05:54:47;XAUUSD;5;1786059425;PROFIT_RATCHET_LOCKED;floor=2.93 peak=8.68;MANAGE_PROFIT;SAFE;1;1;1;-1;-1;4264.33;8.72;8.72;8.68;-2.76;KELLY_LITE;true;0.04;213450.86;0.0417;KELLY_LITE(mult=1.30 taper=1.00 n=20)+HARD_RISK_CAP(2.0%)+MAXLOSS_CAP;213450.86;213459.58;36;0
2026.08.07 05:54:48;XAUUSD;5;1786059425;SL_MODIFIED;ticket=118153366 oldSL=4265.92 newSL=4265.99 reason=break_even_lock_leg_0;MANAGE_PROFIT;SAFE;1;1;1;-1;-1;4264.33;8.68;8.68;8.72;-2.76;KELLY_LITE;true;0.04;213450.86;0.0417;KELLY_LITE(mult=1.30 taper=1.00 n=20)+HARD_RISK_CAP(2.0%)+MAXLOSS_CAP;213450.86;213459.54;36;0
2026.08.07 05:54:48;XAUUSD;5;1786059425;PROFIT_RATCHET_LOCKED;floor=2.94 peak=8.72;MANAGE_PROFIT;SAFE;1;1;1;-1;-1;4264.33;8.68;8.68;8.72;-2.76;KELLY_LITE;true;0.04;213450.86;0.0417;KELLY_LITE(mult=1.30 taper=1.00 n=20)+HARD_RISK_CAP(2.0%)+MAXLOSS_CAP;213450.86;213459.54;36;0
2026.08.07 05:54:48;XAUUSD;5;1786059425;PROFIT_RATCHET_LOCKED;floor=2.94 peak=8.72;MANAGE_PROFIT;SAFE;1;1;1;-1;-1;4264.33;8.68;8.68;8.72;-2.76;KELLY_LITE;true;0.04;213450.86;0.0417;KELLY_LITE(mult=1.30 taper=1.00 n=20)+HARD_RISK_CAP(2.0%)+MAXLOSS_CAP;213450.86;213459.54;36;0
2026.08.07 05:54:48;XAUUSD;5;1786059425;PROFIT_RATCHET_LOCKED;floor=2.94 peak=8.72;MANAGE_PROFIT;SAFE;1;1;1;-1;-1;4264.33;8.72;8.72;8.72;-2.76;KELLY_LITE;true;0.04;213450.86;0.0417;KELLY_LITE(mult=1.30 taper=1.00 n=20)+HARD_RISK_CAP(2.0%)+MAXLOSS_CAP;213450.86;213459.58;36;0
2026.08.07 05:54:49;XAUUSD;5;1786059425;SL_MODIFIED;ticket=118153366 oldSL=4265.99 newSL=4266.02 reason=break_even_lock_leg_0 (retry buf=3pt);MANAGE_PROFIT;SAFE;1;1;1;-1;-1;4264.33;8.64;8.64;9.00;-2.76;KELLY_LITE;true;0.04;213450.86;0.0417;KELLY_LITE(mult=1.30 taper=1.00 n=20)+HARD_RISK_CAP(2.0%)+MAXLOSS_CAP;213450.86;213459.50;36;0
2026.08.07 05:54:49;XAUUSD;5;1786059425;PROFIT_RATCHET_LOCKED;floor=3.04 peak=9.00;MANAGE_PROFIT;SAFE;1;1;1;-1;-1;4264.33;8.64;8.64;9.00;-2.76;KELLY_LITE;true;0.04;213450.86;0.0417;KELLY_LITE(mult=1.30 taper=1.00 n=20)+HARD_RISK_CAP(2.0%)+MAXLOSS_CAP;213450.86;213459.50;36;0
2026.08.07 05:54:49;XAUUSD;5;1786059425;PROFIT_RATCHET_LOCKED;floor=3.04 peak=9.00;MANAGE_PROFIT;SAFE;1;1;1;-1;-1;4264.33;8.64;8.64;9.00;-2.76;KELLY_LITE;true;0.04;213450.86;0.0417;KELLY_LITE(mult=1.30 taper=1.00 n=20)+HARD_RISK_CAP(2.0%)+MAXLOSS_CAP;213450.86;213459.50;36;0
2026.08.07 05:54:50;XAUUSD;5;1786059425;PROFIT_RATCHET_LOCKED;floor=3.04 peak=9.00;MANAGE_PROFIT;SAFE;1;1;1;-1;-1;4264.33;8.68;8.68;9.00;-2.76;KELLY_LITE;true;0.04;213450.86;0.0417;KELLY_LITE(mult=1.30 taper=1.00 n=20)+HARD_RISK_CAP(2.0%)+MAXLOSS_CAP;213450.86;213459.54;36;0
2026.08.07 05:54:51;XAUUSD;5;1786059425;SL_MODIFIED;ticket=118153366 oldSL=4266.02 newSL=4266.04 reason=break_even_lock_leg_0 (retry buf=8pt);MANAGE_PROFIT;SAFE;1;1;1;-1;-1;4264.33;9.44;9.44;9.64;-2.76;KELLY_LITE;true;0.04;213450.86;0.0417;KELLY_LITE(mult=1.30 taper=1.00 n=20)+HARD_RISK_CAP(2.0%)+MAXLOSS_CAP;213450.86;213460.30;36;0
2026.08.07 05:54:51;XAUUSD;5;1786059425;PROFIT_RATCHET_LOCKED;floor=3.25 peak=9.64;MANAGE_PROFIT;SAFE;1;1;1;-1;-1;4264.33;9.44;9.44;9.64;-2.76;KELLY_LITE;true;0.04;213450.86;0.0417;KELLY_LITE(mult=1.30 taper=1.00 n=20)+HARD_RISK_CAP(2.0%)+MAXLOSS_CAP;213450.86;213460.30;36;0
2026.08.07 05:54:52;XAUUSD;5;1786059425;SL_MODIFIED;ticket=118153366 oldSL=4266.04 newSL=4266.17 reason=break_even_lock_leg_0;MANAGE_PROFIT;SAFE;1;1;1;-1;-1;4264.33;9.48;9.48;9.64;-2.76;KELLY_LITE;true;0.04;213450.86;0.0417;KELLY_LITE(mult=1.30 taper=1.00 n=20)+HARD_RISK_CAP(2.0%)+MAXLOSS_CAP;213450.86;213460.34;36;0
2026.08.07 05:54:52;XAUUSD;5;1786059425;PROFIT_RATCHET_LOCKED;floor=3.25 peak=9.64;MANAGE_PROFIT;SAFE;1;1;1;-1;-1;4264.33;9.48;9.48;9.64;-2.76;KELLY_LITE;true;0.04;213450.86;0.0417;KELLY_LITE(mult=1.30 taper=1.00 n=20)+HARD_RISK_CAP(2.0%)+MAXLOSS_CAP;213450.86;213460.34;36;0
2026.08.07 05:54:52;XAUUSD;5;1786059425;PROFIT_RATCHET_LOCKED;floor=3.25 peak=9.64;MANAGE_PROFIT;SAFE;1;1;1;-1;-1;4264.33;9.48;9.48;9.64;-2.76;KELLY_LITE;true;0.04;213450.86;0.0417;KELLY_LITE(mult=1.30 taper=1.00 n=20)+HARD_RISK_CAP(2.0%)+MAXLOSS_CAP;213450.86;213460.34;36;0
2026.08.07 05:54:53;XAUUSD;5;1786059425;SL_MODIFIED;ticket=118153366 oldSL=4266.17 newSL=4266.23 reason=break_even_lock_leg_0;MANAGE_PROFIT;SAFE;1;1;1;-1;-1;4264.33;9.60;9.60;9.68;-2.76;KELLY_LITE;true;0.04;213450.86;0.0417;KELLY_LITE(mult=1.30 taper=1.00 n=20)+HARD_RISK_CAP(2.0%)+MAXLOSS_CAP;213450.86;213460.46;36;0
2026.08.07 05:54:53;XAUUSD;5;1786059425;PROFIT_RATCHET_LOCKED;floor=3.27 peak=9.68;MANAGE_PROFIT;SAFE;1;1;1;-1;-1;4264.33;9.60;9.60;9.68;-2.76;KELLY_LITE;true;0.04;213450.86;0.0417;KELLY_LITE(mult=1.30 taper=1.00 n=20)+HARD_RISK_CAP(2.0%)+MAXLOSS_CAP;213450.86;213460.46;36;0
2026.08.07 05:54:53;XAUUSD;5;1786059425;PROFIT_RATCHET_LOCKED;floor=3.27 peak=9.68;MANAGE_PROFIT;SAFE;1;1;1;-1;-1;4264.33;9.60;9.60;9.68;-2.76;KELLY_LITE;true;0.04;213450.86;0.0417;KELLY_LITE(mult=1.30 taper=1.00 n=20)+HARD_RISK_CAP(2.0%)+MAXLOSS_CAP;213450.86;213460.46;36;0
2026.08.07 05:54:54;XAUUSD;5;1786059425;PROFIT_RATCHET_LOCKED;floor=3.27 peak=9.68;MANAGE_PROFIT;SAFE;1;1;1;-1;-1;4264.33;9.60;9.60;9.68;-2.76;KELLY_LITE;true;0.04;213450.86;0.0417;KELLY_LITE(mult=1.30 taper=1.00 n=20)+HARD_RISK_CAP(2.0%)+MAXLOSS_CAP;213450.86;213460.46;35;0
2026.08.07 05:54:55;XAUUSD;5;1786059425;PROFIT_RATCHET_LOCKED;floor=3.27 peak=9.68;MANAGE_PROFIT;SAFE;1;1;1;-1;-1;4264.33;9.56;9.56;9.68;-2.76;KELLY_LITE;true;0.04;213450.86;0.0417;KELLY_LITE(mult=1.30 taper=1.00 n=20)+HARD_RISK_CAP(2.0%)+MAXLOSS_CAP;213450.86;213460.42;36;0
2026.08.07 05:54:55;XAUUSD;5;1786059425;SL_MODIFIED;ticket=118153366 oldSL=4266.23 newSL=4266.35 reason=break_even_lock_leg_0;MANAGE_PROFIT;SAFE;1;1;1;-1;-1;4264.33;10.28;10.28;10.16;-2.76;KELLY_LITE;true;0.04;213450.86;0.0417;KELLY_LITE(mult=1.30 taper=1.00 n=20)+HARD_RISK_CAP(2.0%)+MAXLOSS_CAP;213450.86;213461.14;36;0
2026.08.07 05:54:55;XAUUSD;5;1786059425;PROFIT_RATCHET_LOCKED;floor=3.43 peak=10.16;MANAGE_PROFIT;SAFE;1;1;1;-1;-1;4264.33;10.28;10.28;10.16;-2.76;KELLY_LITE;true;0.04;213450.86;0.0417;KELLY_LITE(mult=1.30 taper=1.00 n=20)+HARD_RISK_CAP(2.0%)+MAXLOSS_CAP;213450.86;213461.14;36;0
2026.08.07 05:54:56;XAUUSD;5;1786059425;SL_MODIFIED;ticket=118153366 oldSL=4266.35 newSL=4266.38 reason=break_even_lock_leg_0;MANAGE_PROFIT;SAFE;1;1;1;-1;-1;4264.33;10.32;10.32;10.28;-2.76;KELLY_LITE;true;0.04;213450.86;0.0417;KELLY_LITE(mult=1.30 taper=1.00 n=20)+HARD_RISK_CAP(2.0%)+MAXLOSS_CAP;213450.86;213461.18;36;0
2026.08.07 05:54:56;XAUUSD;5;1786059425;PROFIT_RATCHET_LOCKED;floor=3.47 peak=10.28;MANAGE_PROFIT;SAFE;1;1;1;-1;-1;4264.33;10.32;10.32;10.28;-2.76;KELLY_LITE;true;0.04;213450.86;0.0417;KELLY_LITE(mult=1.30 taper=1.00 n=20)+HARD_RISK_CAP(2.0%)+MAXLOSS_CAP;213450.86;213461.18;36;0
2026.08.07 05:54:56;XAUUSD;5;1786059425;PROFIT_RATCHET_LOCKED;floor=3.48 peak=10.32;MANAGE_PROFIT;SAFE;1;1;1;-1;-1;4264.33;10.32;10.32;10.32;-2.76;KELLY_LITE;true;0.04;213450.86;0.0417;KELLY_LITE(mult=1.30 taper=1.00 n=20)+HARD_RISK_CAP(2.0%)+MAXLOSS_CAP;213450.86;213461.18;36;0
2026.08.07 05:54:56;XAUUSD;5;1786059425;PROFIT_RATCHET_LOCKED;floor=3.48 peak=10.32;MANAGE_PROFIT;SAFE;1;1;1;-1;-1;4264.33;10.32;10.32;10.32;-2.76;KELLY_LITE;true;0.04;213450.86;0.0417;KELLY_LITE(mult=1.30 taper=1.00 n=20)+HARD_RISK_CAP(2.0%)+MAXLOSS_CAP;213450.86;213461.18;35;0
2026.08.07 05:54:56;XAUUSD;5;1786059425;PROFIT_RATCHET_LOCKED;floor=3.48 peak=10.32;MANAGE_PROFIT;SAFE;1;1;1;-1;-1;4264.33;10.28;10.28;10.32;-2.76;KELLY_LITE;true;0.04;213450.86;0.0417;KELLY_LITE(mult=1.30 taper=1.00 n=20)+HARD_RISK_CAP(2.0%)+MAXLOSS_CAP;213450.86;213461.14;36;0
2026.08.07 05:54:57;XAUUSD;5;1786059425;PROFIT_RATCHET_LOCKED;floor=3.48 peak=10.32;MANAGE_PROFIT;SAFE;1;1;1;-1;-1;4264.33;10.32;10.32;10.32;-2.76;KELLY_LITE;true;0.04;213450.86;0.0417;KELLY_LITE(mult=1.30 taper=1.00 n=20)+HARD_RISK_CAP(2.0%)+MAXLOSS_CAP;213450.86;213461.18;36;0
2026.08.07 05:54:57;XAUUSD;5;1786059425;PROFIT_RATCHET_LOCKED;floor=3.48 peak=10.32;MANAGE_PROFIT;SAFE;1;1;1;-1;-1;4264.33;10.28;10.28;10.32;-2.76;KELLY_LITE;true;0.04;213450.86;0.0417;KELLY_LITE(mult=1.30 taper=1.00 n=20)+HARD_RISK_CAP(2.0%)+MAXLOSS_CAP;213450.86;213461.14;36;0
2026.08.07 05:54:59;XAUUSD;5;1786059425;PROFIT_RATCHET_LOCKED;floor=3.48 peak=10.32;MANAGE_PROFIT;SAFE;1;1;1;-1;-1;4264.33;10.24;10.24;10.32;-2.76;KELLY_LITE;true;0.04;213450.86;0.0417;KELLY_LITE(mult=1.30 taper=1.00 n=20)+HARD_RISK_CAP(2.0%)+MAXLOSS_CAP;213450.86;213461.10;36;0
2026.08.07 05:55:00;XAUUSD;5;1786059425;PROFIT_RATCHET_LOCKED;floor=3.48 peak=10.32;MANAGE_PROFIT;SAFE;1;1;1;-1;-1;4264.33;9.88;9.88;10.32;-2.76;KELLY_LITE;true;0.04;213450.86;0.0417;KELLY_LITE(mult=1.30 taper=1.00 n=20)+HARD_RISK_CAP(2.0%)+MAXLOSS_CAP;213450.86;213460.74;36;0
2026.08.07 05:55:00;XAUUSD;5;1786059425;PROFIT_RATCHET_LOCKED;floor=3.48 peak=10.32;MANAGE_PROFIT;SAFE;1;1;1;-1;-1;4264.33;9.96;9.96;10.32;-2.76;KELLY_LITE;true;0.04;213450.86;0.0417;KELLY_LITE(mult=1.30 taper=1.00 n=20)+HARD_RISK_CAP(2.0%)+MAXLOSS_CAP;213450.86;213460.82;36;0
2026.08.07 05:55:00;XAUUSD;5;1786059425;PROFIT_RATCHET_LOCKED;floor=3.48 peak=10.32;MANAGE_PROFIT;SAFE;1;1;1;-1;-1;4264.33;9.84;9.84;10.32;-2.76;KELLY_LITE;true;0.04;213450.86;0.0417;KELLY_LITE(mult=1.30 taper=1.00 n=20)+HARD_RISK_CAP(2.0%)+MAXLOSS_CAP;213450.86;213460.70;36;0
2026.08.07 05:55:01;XAUUSD;5;1786059425;PROFIT_RATCHET_LOCKED;floor=3.48 peak=10.32;MANAGE_PROFIT;SAFE;1;1;1;-1;-1;4264.33;9.88;9.88;10.32;-2.76;KELLY_LITE;true;0.04;213450.86;0.0417;KELLY_LITE(mult=1.30 taper=1.00 n=20)+HARD_RISK_CAP(2.0%)+MAXLOSS_CAP;213450.86;213460.74;36;0
2026.08.07 05:55:01;XAUUSD;5;1786059425;PROFIT_RATCHET_LOCKED;floor=3.48 peak=10.32;MANAGE_PROFIT;SAFE;1;1;1;-1;-1;4264.33;9.84;9.84;10.32;-2.76;KELLY_LITE;true;0.04;213450.86;0.0417;KELLY_LITE(mult=1.30 taper=1.00 n=20)+HARD_RISK_CAP(2.0%)+MAXLOSS_CAP;213450.86;213460.70;36;0
2026.08.07 05:55:01;XAUUSD;5;1786059425;PROFIT_RATCHET_LOCKED;floor=3.48 peak=10.32;MANAGE_PROFIT;SAFE;1;1;1;-1;-1;4264.33;10.28;10.28;10.32;-2.76;KELLY_LITE;true;0.04;213450.86;0.0417;KELLY_LITE(mult=1.30 taper=1.00 n=20)+HARD_RISK_CAP(2.0%)+MAXLOSS_CAP;213450.86;213461.14;36;0
2026.08.07 05:55:01;XAUUSD;5;1786059425;PROFIT_RATCHET_LOCKED;floor=3.48 peak=10.32;MANAGE_PROFIT;SAFE;1;1;1;-1;-1;4264.33;10.32;10.32;10.32;-2.76;KELLY_LITE;true;0.04;213450.86;0.0417;KELLY_LITE(mult=1.30 taper=1.00 n=20)+HARD_RISK_CAP(2.0%)+MAXLOSS_CAP;213450.86;213461.18;36;0
2026.08.07 05:55:02;XAUUSD;5;1786059425;PROFIT_RATCHET_LOCKED;floor=3.48 peak=10.32;MANAGE_PROFIT;SAFE;1;1;1;-1;-1;4264.33;9.96;9.96;10.32;-2.76;KELLY_LITE;true;0.04;213450.86;0.0417;KELLY_LITE(mult=1.30 taper=1.00 n=20)+HARD_RISK_CAP(2.0%)+MAXLOSS_CAP;213450.86;213460.82;36;0
2026.08.07 05:55:02;XAUUSD;5;1786059425;PROFIT_RATCHET_LOCKED;floor=3.48 peak=10.32;MANAGE_PROFIT;SAFE;1;1;1;-1;-1;4264.33;10.08;10.08;10.32;-2.76;KELLY_LITE;true;0.04;213450.86;0.0417;KELLY_LITE(mult=1.30 taper=1.00 n=20)+HARD_RISK_CAP(2.0%)+MAXLOSS_CAP;213450.86;213460.94;36;0
2026.08.07 05:55:02;XAUUSD;5;1786059425;PROFIT_RATCHET_LOCKED;floor=3.48 peak=10.32;MANAGE_PROFIT;SAFE;1;1;1;-1;-1;4264.33;10.12;10.12;10.32;-2.76;KELLY_LITE;true;0.04;213450.86;0.0417;KELLY_LITE(mult=1.30 taper=1.00 n=20)+HARD_RISK_CAP(2.0%)+MAXLOSS_CAP;213450.86;213460.98;36;0
2026.08.07 05:55:03;XAUUSD;5;1786059425;PROFIT_RATCHET_LOCKED;floor=3.48 peak=10.32;MANAGE_PROFIT;SAFE;1;1;1;-1;-1;4264.33;10.20;10.20;10.32;-2.76;KELLY_LITE;true;0.04;213450.86;0.0417;KELLY_LITE(mult=1.30 taper=1.00 n=20)+HARD_RISK_CAP(2.0%)+MAXLOSS_CAP;213450.86;213461.06;36;0
2026.08.07 05:55:03;XAUUSD;5;1786059425;PROFIT_RATCHET_LOCKED;floor=3.48 peak=10.32;MANAGE_PROFIT;SAFE;1;1;1;-1;-1;4264.33;10.16;10.16;10.32;-2.76;KELLY_LITE;true;0.04;213450.86;0.0417;KELLY_LITE(mult=1.30 taper=1.00 n=20)+HARD_RISK_CAP(2.0%)+MAXLOSS_CAP;213450.86;213461.02;36;0
2026.08.07 05:55:03;XAUUSD;5;1786059425;PROFIT_RATCHET_LOCKED;floor=3.48 peak=10.32;MANAGE_PROFIT;SAFE;1;1;1;-1;-1;4264.33;9.88;9.88;10.32;-2.76;KELLY_LITE;true;0.04;213450.86;0.0417;KELLY_LITE(mult=1.30 taper=1.00 n=20)+HARD_RISK_CAP(2.0%)+MAXLOSS_CAP;213450.86;213460.74;36;0
2026.08.07 05:55:04;XAUUSD;5;1786059425;PROFIT_RATCHET_LOCKED;floor=3.48 peak=10.32;MANAGE_PROFIT;SAFE;1;1;1;-1;-1;4264.33;9.80;9.80;10.32;-2.76;KELLY_LITE;true;0.04;213450.86;0.0417;KELLY_LITE(mult=1.30 taper=1.00 n=20)+HARD_RISK_CAP(2.0%)+MAXLOSS_CAP;213450.86;213460.66;36;0
2026.08.07 05:55:04;XAUUSD;5;1786059425;PROFIT_RATCHET_LOCKED;floor=3.48 peak=10.32;MANAGE_PROFIT;SAFE;1;1;1;-1;-1;4264.33;9.68;9.68;10.32;-2.76;KELLY_LITE;true;0.04;213450.86;0.0417;KELLY_LITE(mult=1.30 taper=1.00 n=20)+HARD_RISK_CAP(2.0%)+MAXLOSS_CAP;213450.86;213460.54;36;0
2026.08.07 05:55:04;XAUUSD;5;1786059425;PROFIT_RATCHET_LOCKED;floor=3.48 peak=10.32;MANAGE_PROFIT;SAFE;1;1;1;-1;-1;4264.33;9.84;9.84;10.32;-2.76;KELLY_LITE;true;0.04;213450.86;0.0417;KELLY_LITE(mult=1.30 taper=1.00 n=20)+HARD_RISK_CAP(2.0%)+MAXLOSS_CAP;213450.86;213460.70;36;0
2026.08.07 05:55:04;XAUUSD;5;1786059425;PROFIT_RATCHET_LOCKED;floor=3.48 peak=10.32;MANAGE_PROFIT;SAFE;1;1;1;-1;-1;4264.33;9.80;9.80;10.32;-2.76;KELLY_LITE;true;0.04;213450.86;0.0417;KELLY_LITE(mult=1.30 taper=1.00 n=20)+HARD_RISK_CAP(2.0%)+MAXLOSS_CAP;213450.86;213460.66;36;0
2026.08.07 05:55:05;XAUUSD;5;1786059425;PROFIT_RATCHET_LOCKED;floor=3.48 peak=10.32;MANAGE_PROFIT;SAFE;1;1;1;-1;-1;4264.33;9.72;9.72;10.32;-2.76;KELLY_LITE;true;0.04;213450.86;0.0417;KELLY_LITE(mult=1.30 taper=1.00 n=20)+HARD_RISK_CAP(2.0%)+MAXLOSS_CAP;213450.86;213460.58;36;0
2026.08.07 05:55:06;XAUUSD;5;1786059425;PROFIT_RATCHET_LOCKED;floor=3.48 peak=10.32;MANAGE_PROFIT;SAFE;1;1;1;-1;-1;4264.33;9.88;9.88;10.32;-2.76;KELLY_LITE;true;0.04;213450.86;0.0417;KELLY_LITE(mult=1.30 taper=1.00 n=20)+HARD_RISK_CAP(2.0%)+MAXLOSS_CAP;213450.86;213460.74;36;0
2026.08.07 05:55:07;XAUUSD;5;1786059425;PROFIT_RATCHET_LOCKED;floor=3.48 peak=10.32;MANAGE_PROFIT;SAFE;1;1;1;-1;-1;4264.33;9.88;9.88;10.32;-2.76;KELLY_LITE;true;0.04;213450.86;0.0417;KELLY_LITE(mult=1.30 taper=1.00 n=20)+HARD_RISK_CAP(2.0%)+MAXLOSS_CAP;213450.86;213460.74;35;0
2026.08.07 05:55:07;XAUUSD;5;1786059425;PROFIT_RATCHET_LOCKED;floor=3.48 peak=10.32;MANAGE_PROFIT;SAFE;1;1;1;-1;-1;4264.33;9.84;9.84;10.32;-2.76;KELLY_LITE;true;0.04;213450.86;0.0417;KELLY_LITE(mult=1.30 taper=1.00 n=20)+HARD_RISK_CAP(2.0%)+MAXLOSS_CAP;213450.86;213460.70;36;0
2026.08.07 05:55:08;XAUUSD;5;1786059425;PROFIT_RATCHET_LOCKED;floor=3.48 peak=10.32;MANAGE_PROFIT;SAFE;1;1;1;-1;-1;4264.33;9.92;9.92;10.32;-2.76;KELLY_LITE;true;0.04;213450.86;0.0417;KELLY_LITE(mult=1.30 taper=1.00 n=20)+HARD_RISK_CAP(2.0%)+MAXLOSS_CAP;213450.86;213460.78;36;0
2026.08.07 05:55:08;XAUUSD;5;1786059425;PROFIT_RATCHET_LOCKED;floor=3.48 peak=10.32;MANAGE_PROFIT;SAFE;1;1;1;-1;-1;4264.33;10.32;10.32;10.32;-2.76;KELLY_LITE;true;0.04;213450.86;0.0417;KELLY_LITE(mult=1.30 taper=1.00 n=20)+HARD_RISK_CAP(2.0%)+MAXLOSS_CAP;213450.86;213461.18;36;0
2026.08.07 05:55:09;XAUUSD;5;1786059425;PROFIT_RATCHET_LOCKED;floor=3.50 peak=10.36;MANAGE_PROFIT;SAFE;1;1;1;-1;-1;4264.33;10.36;10.36;10.36;-2.76;KELLY_LITE;true;0.04;213450.86;0.0417;KELLY_LITE(mult=1.30 taper=1.00 n=20)+HARD_RISK_CAP(2.0%)+MAXLOSS_CAP;213450.86;213461.22;36;0
2026.08.07 05:55:10;XAUUSD;5;1786059425;SL_MODIFIED;ticket=118153366 oldSL=4266.38 newSL=4266.43 reason=break_even_lock_leg_0;MANAGE_PROFIT;SAFE;1;1;1;-1;-1;4264.33;10.44;10.44;10.48;-2.76;KELLY_LITE;true;0.04;213450.86;0.0417;KELLY_LITE(mult=1.30 taper=1.00 n=20)+HARD_RISK_CAP(2.0%)+MAXLOSS_CAP;213450.86;213461.30;36;0
2026.08.07 05:55:10;XAUUSD;5;1786059425;PROFIT_RATCHET_LOCKED;floor=3.54 peak=10.48;MANAGE_PROFIT;SAFE;1;1;1;-1;-1;4264.33;10.44;10.44;10.48;-2.76;KELLY_LITE;true;0.04;213450.86;0.0417;KELLY_LITE(mult=1.30 taper=1.00 n=20)+HARD_RISK_CAP(2.0%)+MAXLOSS_CAP;213450.86;213461.30;36;0
2026.08.07 05:55:10;XAUUSD;5;1786059425;PROFIT_RATCHET_LOCKED;floor=3.54 peak=10.48;MANAGE_PROFIT;SAFE;1;1;1;-1;-1;4264.33;10.44;10.44;10.48;-2.76;KELLY_LITE;true;0.04;213450.86;0.0417;KELLY_LITE(mult=1.30 taper=1.00 n=20)+HARD_RISK_CAP(2.0%)+MAXLOSS_CAP;213450.86;213461.30;36;0
2026.08.07 05:55:10;XAUUSD;5;1786059425;PROFIT_RATCHET_LOCKED;floor=3.54 peak=10.48;MANAGE_PROFIT;SAFE;1;1;1;-1;-1;4264.33;10.40;10.40;10.48;-2.76;KELLY_LITE;true;0.04;213450.86;0.0417;KELLY_LITE(mult=1.30 taper=1.00 n=20)+HARD_RISK_CAP(2.0%)+MAXLOSS_CAP;213450.86;213461.26;36;0
2026.08.07 05:55:11;XAUUSD;5;1786059425;SL_MODIFY_FAILED;ticket=118153366 newSL=4266.50 reason=break_even_lock_leg_0 err=0;MANAGE_PROFIT;SAFE;1;1;1;-1;-1;4264.33;10.48;10.48;10.76;-2.76;KELLY_LITE;true;0.04;213450.86;0.0417;KELLY_LITE(mult=1.30 taper=1.00 n=20)+HARD_RISK_CAP(2.0%)+MAXLOSS_CAP;213450.86;213461.34;36;0
2026.08.07 05:55:11;XAUUSD;5;1786059425;PROFIT_RATCHET_LOCKED;floor=3.63 peak=10.76;MANAGE_PROFIT;SAFE;1;1;1;-1;-1;4264.33;10.48;10.48;10.76;-2.76;KELLY_LITE;true;0.04;213450.86;0.0417;KELLY_LITE(mult=1.30 taper=1.00 n=20)+HARD_RISK_CAP(2.0%)+MAXLOSS_CAP;213450.86;213461.34;36;0
2026.08.07 05:55:11;XAUUSD;5;1786059425;PROFIT_RATCHET_LOCKED;floor=3.63 peak=10.76;MANAGE_PROFIT;SAFE;1;1;1;-1;-1;4264.33;10.48;10.48;10.76;-2.76;KELLY_LITE;true;0.04;213450.86;0.0417;KELLY_LITE(mult=1.30 taper=1.00 n=20)+HARD_RISK_CAP(2.0%)+MAXLOSS_CAP;213450.86;213461.34;36;0
2026.08.07 05:55:11;XAUUSD;5;1786059425;PROFIT_RATCHET_LOCKED;floor=3.63 peak=10.76;MANAGE_PROFIT;SAFE;1;1;1;-1;-1;4264.33;10.36;10.36;10.76;-2.76;KELLY_LITE;true;0.04;213450.86;0.0417;KELLY_LITE(mult=1.30 taper=1.00 n=20)+HARD_RISK_CAP(2.0%)+MAXLOSS_CAP;213450.86;213461.22;36;0
2026.08.07 05:55:12;XAUUSD;5;1786059425;PROFIT_RATCHET_LOCKED;floor=3.63 peak=10.76;MANAGE_PROFIT;SAFE;1;1;1;-1;-1;4264.33;10.32;10.32;10.76;-2.76;KELLY_LITE;true;0.04;213450.86;0.0417;KELLY_LITE(mult=1.30 taper=1.00 n=20)+HARD_RISK_CAP(2.0%)+MAXLOSS_CAP;213450.86;213461.18;37;0
2026.08.07 05:55:12;XAUUSD;5;1786059425;PROFIT_RATCHET_LOCKED;floor=3.63 peak=10.76;MANAGE_PROFIT;SAFE;1;1;1;-1;-1;4264.33;10.32;10.32;10.76;-2.76;KELLY_LITE;true;0.04;213450.86;0.0417;KELLY_LITE(mult=1.30 taper=1.00 n=20)+HARD_RISK_CAP(2.0%)+MAXLOSS_CAP;213450.86;213461.18;36;0
2026.08.07 05:55:14;XAUUSD;5;1786059425;SL_MODIFIED;ticket=118153366 oldSL=4266.43 newSL=4266.49 reason=break_even_lock_leg_0;MANAGE_PROFIT;SAFE;1;1;1;-1;-1;4264.33;10.68;10.68;10.76;-2.76;KELLY_LITE;true;0.04;213450.86;0.0417;KELLY_LITE(mult=1.30 taper=1.00 n=20)+HARD_RISK_CAP(2.0%)+MAXLOSS_CAP;213450.86;213461.54;36;0
2026.08.07 05:55:14;XAUUSD;5;1786059425;PROFIT_RATCHET_LOCKED;floor=3.63 peak=10.76;MANAGE_PROFIT;SAFE;1;1;1;-1;-1;4264.33;10.68;10.68;10.76;-2.76;KELLY_LITE;true;0.04;213450.86;0.0417;KELLY_LITE(mult=1.30 taper=1.00 n=20)+HARD_RISK_CAP(2.0%)+MAXLOSS_CAP;213450.86;213461.54;36;0
2026.08.07 05:55:14;XAUUSD;5;1786059425;PROFIT_RATCHET_LOCKED;floor=3.63 peak=10.76;MANAGE_PROFIT;SAFE;1;1;1;-1;-1;4264.33;10.68;10.68;10.76;-2.76;KELLY_LITE;true;0.04;213450.86;0.0417;KELLY_LITE(mult=1.30 taper=1.00 n=20)+HARD_RISK_CAP(2.0%)+MAXLOSS_CAP;213450.86;213461.54;36;0
2026.08.07 05:55:14;XAUUSD;5;1786059425;PROFIT_RATCHET_LOCKED;floor=3.63 peak=10.76;MANAGE_PROFIT;SAFE;1;1;1;-1;-1;4264.33;10.64;10.64;10.76;-2.76;KELLY_LITE;true;0.04;213450.86;0.0417;KELLY_LITE(mult=1.30 taper=1.00 n=20)+HARD_RISK_CAP(2.0%)+MAXLOSS_CAP;213450.86;213461.50;36;0
2026.08.07 05:55:15;XAUUSD;5;1786059425;PROFIT_RATCHET_LOCKED;floor=3.63 peak=10.76;MANAGE_PROFIT;SAFE;1;1;1;-1;-1;4264.33;10.76;10.76;10.76;-2.76;KELLY_LITE;true;0.04;213450.86;0.0417;KELLY_LITE(mult=1.30 taper=1.00 n=20)+HARD_RISK_CAP(2.0%)+MAXLOSS_CAP;213450.86;213461.62;36;0
2026.08.07 05:55:15;XAUUSD;5;1786059425;PROFIT_RATCHET_LOCKED;floor=3.63 peak=10.76;MANAGE_PROFIT;SAFE;1;1;1;-1;-1;4264.33;10.72;10.72;10.76;-2.76;KELLY_LITE;true;0.04;213450.86;0.0417;KELLY_LITE(mult=1.30 taper=1.00 n=20)+HARD_RISK_CAP(2.0%)+MAXLOSS_CAP;213450.86;213461.58;36;0
2026.08.07 05:55:16;XAUUSD;5;1786059425;PROFIT_RATCHET_LOCKED;floor=3.63 peak=10.76;MANAGE_PROFIT;SAFE;1;1;1;-1;-1;4264.33;10.76;10.76;10.76;-2.76;KELLY_LITE;true;0.04;213450.86;0.0417;KELLY_LITE(mult=1.30 taper=1.00 n=20)+HARD_RISK_CAP(2.0%)+MAXLOSS_CAP;213450.86;213461.62;36;0
2026.08.07 05:55:16;XAUUSD;5;1786059425;PROFIT_RATCHET_LOCKED;floor=3.63 peak=10.76;MANAGE_PROFIT;SAFE;1;1;1;-1;-1;4264.33;10.72;10.72;10.76;-2.76;KELLY_LITE;true;0.04;213450.86;0.0417;KELLY_LITE(mult=1.30 taper=1.00 n=20)+HARD_RISK_CAP(2.0%)+MAXLOSS_CAP;213450.86;213461.58;36;0
2026.08.07 05:55:17;XAUUSD;5;1786059425;PROFIT_RATCHET_LOCKED;floor=3.63 peak=10.76;MANAGE_PROFIT;SAFE;1;1;1;-1;-1;4264.33;10.76;10.76;10.76;-2.76;KELLY_LITE;true;0.04;213450.86;0.0417;KELLY_LITE(mult=1.30 taper=1.00 n=20)+HARD_RISK_CAP(2.0%)+MAXLOSS_CAP;213450.86;213461.62;36;0
2026.08.07 05:55:18;XAUUSD;5;1786059425;PROFIT_RATCHET_LOCKED;floor=3.63 peak=10.76;MANAGE_PROFIT;SAFE;1;1;1;-1;-1;4264.33;10.24;10.24;10.76;-2.76;KELLY_LITE;true;0.04;213450.86;0.0417;KELLY_LITE(mult=1.30 taper=1.00 n=20)+HARD_RISK_CAP(2.0%)+MAXLOSS_CAP;213450.86;213461.10;36;0
2026.08.07 05:55:18;XAUUSD;5;1786059425;PROFIT_RATCHET_LOCKED;floor=3.63 peak=10.76;MANAGE_PROFIT;SAFE;1;1;1;-1;-1;4264.33;10.44;10.44;10.76;-2.76;KELLY_LITE;true;0.04;213450.86;0.0417;KELLY_LITE(mult=1.30 taper=1.00 n=20)+HARD_RISK_CAP(2.0%)+MAXLOSS_CAP;213450.86;213461.30;36;0
2026.08.07 05:55:18;XAUUSD;5;1786059425;PROFIT_RATCHET_LOCKED;floor=3.63 peak=10.76;MANAGE_PROFIT;SAFE;1;1;1;-1;-1;4264.33;10.48;10.48;10.76;-2.76;KELLY_LITE;true;0.04;213450.86;0.0417;KELLY_LITE(mult=1.30 taper=1.00 n=20)+HARD_RISK_CAP(2.0%)+MAXLOSS_CAP;213450.86;213461.34;36;0
2026.08.07 05:55:18;XAUUSD;5;1786059425;PROFIT_RATCHET_LOCKED;floor=3.63 peak=10.76;MANAGE_PROFIT;SAFE;1;1;1;-1;-1;4264.33;10.56;10.56;10.76;-2.76;KELLY_LITE;true;0.04;213450.86;0.0417;KELLY_LITE(mult=1.30 taper=1.00 n=20)+HARD_RISK_CAP(2.0%)+MAXLOSS_CAP;213450.86;213461.42;36;0
2026.08.07 05:55:19;XAUUSD;5;1786059425;PROFIT_RATCHET_LOCKED;floor=3.63 peak=10.76;MANAGE_PROFIT;SAFE;1;1;1;-1;-1;4264.33;10.68;10.68;10.76;-2.76;KELLY_LITE;true;0.04;213450.86;0.0417;KELLY_LITE(mult=1.30 taper=1.00 n=20)+HARD_RISK_CAP(2.0%)+MAXLOSS_CAP;213450.86;213461.54;36;0
2026.08.07 05:55:20;XAUUSD;5;1786059425;SL_MODIFIED;ticket=118153366 oldSL=4266.49 newSL=4266.51 reason=break_even_lock_leg_0;MANAGE_PROFIT;SAFE;1;1;1;-1;-1;4264.33;10.72;10.72;10.80;-2.76;KELLY_LITE;true;0.04;213450.86;0.0417;KELLY_LITE(mult=1.30 taper=1.00 n=20)+HARD_RISK_CAP(2.0%)+MAXLOSS_CAP;213450.86;213461.58;36;0
2026.08.07 05:55:20;XAUUSD;5;1786059425;PROFIT_RATCHET_LOCKED;floor=3.65 peak=10.80;MANAGE_PROFIT;SAFE;1;1;1;-1;-1;4264.33;10.72;10.72;10.80;-2.76;KELLY_LITE;true;0.04;213450.86;0.0417;KELLY_LITE(mult=1.30 taper=1.00 n=20)+HARD_RISK_CAP(2.0%)+MAXLOSS_CAP;213450.86;213461.58;36;0
2026.08.07 05:55:20;XAUUSD;5;1786059425;PROFIT_RATCHET_LOCKED;floor=3.65 peak=10.80;MANAGE_PROFIT;SAFE;1;1;1;-1;-1;4264.33;10.72;10.72;10.80;-2.76;KELLY_LITE;true;0.04;213450.86;0.0417;KELLY_LITE(mult=1.30 taper=1.00 n=20)+HARD_RISK_CAP(2.0%)+MAXLOSS_CAP;213450.86;213461.58;36;0
2026.08.07 05:55:21;XAUUSD;5;1786059425;PROFIT_RATCHET_LOCKED;floor=3.66 peak=10.84;MANAGE_PROFIT;SAFE;1;1;1;-1;-1;4264.33;10.84;10.84;10.84;-2.76;KELLY_LITE;true;0.04;213450.86;0.0417;KELLY_LITE(mult=1.30 taper=1.00 n=20)+HARD_RISK_CAP(2.0%)+MAXLOSS_CAP;213450.86;213461.70;36;0
2026.08.07 05:55:21;XAUUSD;5;1786059425;PROFIT_RATCHET_LOCKED;floor=3.66 peak=10.84;MANAGE_PROFIT;SAFE;1;1;1;-1;-1;4264.33;10.76;10.76;10.84;-2.76;KELLY_LITE;true;0.04;213450.86;0.0417;KELLY_LITE(mult=1.30 taper=1.00 n=20)+HARD_RISK_CAP(2.0%)+MAXLOSS_CAP;213450.86;213461.62;36;0
2026.08.07 05:55:21;XAUUSD;5;1786059425;PROFIT_RATCHET_LOCKED;floor=3.66 peak=10.84;MANAGE_PROFIT;SAFE;1;1;1;-1;-1;4264.33;10.28;10.28;10.84;-2.76;KELLY_LITE;true;0.04;213450.86;0.0417;KELLY_LITE(mult=1.30 taper=1.00 n=20)+HARD_RISK_CAP(2.0%)+MAXLOSS_CAP;213450.86;213461.14;36;0
2026.08.07 05:55:22;XAUUSD;5;1786059425;PROFIT_RATCHET_LOCKED;floor=3.66 peak=10.84;MANAGE_PROFIT;SAFE;1;1;1;-1;-1;4264.33;10.32;10.32;10.84;-2.76;KELLY_LITE;true;0.04;213450.86;0.0417;KELLY_LITE(mult=1.30 taper=1.00 n=20)+HARD_RISK_CAP(2.0%)+MAXLOSS_CAP;213450.86;213461.18;36;0
2026.08.07 05:55:22;XAUUSD;5;1786059425;PROFIT_RATCHET_LOCKED;floor=3.66 peak=10.84;MANAGE_PROFIT;SAFE;1;1;1;-1;-1;4264.33;10.24;10.24;10.84;-2.76;KELLY_LITE;true;0.04;213450.86;0.0417;KELLY_LITE(mult=1.30 taper=1.00 n=20)+HARD_RISK_CAP(2.0%)+MAXLOSS_CAP;213450.86;213461.10;36;0
2026.08.07 05:55:23;XAUUSD;5;1786059425;PROFIT_RATCHET_LOCKED;floor=3.66 peak=10.84;MANAGE_PROFIT;SAFE;1;1;1;-1;-1;4264.33;10.20;10.20;10.84;-2.76;KELLY_LITE;true;0.04;213450.86;0.0417;KELLY_LITE(mult=1.30 taper=1.00 n=20)+HARD_RISK_CAP(2.0%)+MAXLOSS_CAP;213450.86;213461.06;36;0
2026.08.07 05:55:24;XAUUSD;5;1786059425;PROFIT_RATCHET_LOCKED;floor=3.66 peak=10.84;MANAGE_PROFIT;SAFE;1;1;1;-1;-1;4264.33;10.16;10.16;10.84;-2.76;KELLY_LITE;true;0.04;213450.86;0.0417;KELLY_LITE(mult=1.30 taper=1.00 n=20)+HARD_RISK_CAP(2.0%)+MAXLOSS_CAP;213450.86;213461.02;36;0
2026.08.07 05:55:24;XAUUSD;5;1786059425;PROFIT_RATCHET_LOCKED;floor=3.66 peak=10.84;MANAGE_PROFIT;SAFE;1;1;1;-1;-1;4264.33;10.08;10.08;10.84;-2.76;KELLY_LITE;true;0.04;213450.86;0.0417;KELLY_LITE(mult=1.30 taper=1.00 n=20)+HARD_RISK_CAP(2.0%)+MAXLOSS_CAP;213450.86;213460.94;36;0
2026.08.07 05:55:24;XAUUSD;5;1786059425;PROFIT_RATCHET_LOCKED;floor=3.66 peak=10.84;MANAGE_PROFIT;SAFE;1;1;1;-1;-1;4264.33;10.16;10.16;10.84;-2.76;KELLY_LITE;true;0.04;213450.86;0.0417;KELLY_LITE(mult=1.30 taper=1.00 n=20)+HARD_RISK_CAP(2.0%)+MAXLOSS_CAP;213450.86;213461.02;36;0
2026.08.07 05:55:24;XAUUSD;5;1786059425;PROFIT_RATCHET_LOCKED;floor=3.66 peak=10.84;MANAGE_PROFIT;SAFE;1;1;1;-1;-1;4264.33;10.04;10.04;10.84;-2.76;KELLY_LITE;true;0.04;213450.86;0.0417;KELLY_LITE(mult=1.30 taper=1.00 n=20)+HARD_RISK_CAP(2.0%)+MAXLOSS_CAP;213450.86;213460.90;36;0
2026.08.07 05:55:25;XAUUSD;5;1786059425;PROFIT_RATCHET_LOCKED;floor=3.66 peak=10.84;MANAGE_PROFIT;SAFE;1;1;1;-1;-1;4264.33;9.92;9.92;10.84;-2.76;KELLY_LITE;true;0.04;213450.86;0.0417;KELLY_LITE(mult=1.30 taper=1.00 n=20)+HARD_RISK_CAP(2.0%)+MAXLOSS_CAP;213450.86;213460.78;36;0
2026.08.07 05:55:25;XAUUSD;5;1786059425;PROFIT_RATCHET_LOCKED;floor=3.66 peak=10.84;MANAGE_PROFIT;SAFE;1;1;1;-1;-1;4264.33;9.96;9.96;10.84;-2.76;KELLY_LITE;true;0.04;213450.86;0.0417;KELLY_LITE(mult=1.30 taper=1.00 n=20)+HARD_RISK_CAP(2.0%)+MAXLOSS_CAP;213450.86;213460.82;36;0
2026.08.07 05:55:26;XAUUSD;5;1786059425;PROFIT_RATCHET_LOCKED;floor=3.66 peak=10.84;MANAGE_PROFIT;SAFE;1;1;1;-1;-1;4264.33;9.92;9.92;10.84;-2.76;KELLY_LITE;true;0.04;213450.86;0.0417;KELLY_LITE(mult=1.30 taper=1.00 n=20)+HARD_RISK_CAP(2.0%)+MAXLOSS_CAP;213450.86;213460.78;36;0
2026.08.07 05:55:27;XAUUSD;5;1786059425;PROFIT_RATCHET_LOCKED;floor=3.66 peak=10.84;MANAGE_PROFIT;SAFE;1;1;1;-1;-1;4264.33;10.00;10.00;10.84;-2.76;KELLY_LITE;true;0.04;213450.86;0.0417;KELLY_LITE(mult=1.30 taper=1.00 n=20)+HARD_RISK_CAP(2.0%)+MAXLOSS_CAP;213450.86;213460.86;36;0
2026.08.07 05:55:28;XAUUSD;5;1786059425;PROFIT_RATCHET_LOCKED;floor=3.66 peak=10.84;MANAGE_PROFIT;SAFE;1;1;1;-1;-1;4264.33;9.96;9.96;10.84;-2.76;KELLY_LITE;true;0.04;213450.86;0.0417;KELLY_LITE(mult=1.30 taper=1.00 n=20)+HARD_RISK_CAP(2.0%)+MAXLOSS_CAP;213450.86;213460.82;36;0
2026.08.07 05:55:28;XAUUSD;5;1786059425;PROFIT_RATCHET_LOCKED;floor=3.66 peak=10.84;MANAGE_PROFIT;SAFE;1;1;1;-1;-1;4264.33;10.00;10.00;10.84;-2.76;KELLY_LITE;true;0.04;213450.86;0.0417;KELLY_LITE(mult=1.30 taper=1.00 n=20)+HARD_RISK_CAP(2.0%)+MAXLOSS_CAP;213450.86;213460.86;36;0
2026.08.07 05:55:29;XAUUSD;5;1786059425;PROFIT_RATCHET_LOCKED;floor=3.66 peak=10.84;MANAGE_PROFIT;SAFE;1;1;1;-1;-1;4264.33;10.24;10.24;10.84;-2.76;KELLY_LITE;true;0.04;213450.86;0.0417;KELLY_LITE(mult=1.30 taper=1.00 n=20)+HARD_RISK_CAP(2.0%)+MAXLOSS_CAP;213450.86;213461.10;36;0
2026.08.07 05:55:29;XAUUSD;5;1786059425;PROFIT_RATCHET_LOCKED;floor=3.66 peak=10.84;MANAGE_PROFIT;SAFE;1;1;1;-1;-1;4264.33;10.16;10.16;10.84;-2.76;KELLY_LITE;true;0.04;213450.86;0.0417;KELLY_LITE(mult=1.30 taper=1.00 n=20)+HARD_RISK_CAP(2.0%)+MAXLOSS_CAP;213450.86;213461.02;36;0
2026.08.07 05:55:30;XAUUSD;5;1786059425;PROFIT_RATCHET_LOCKED;floor=3.66 peak=10.84;MANAGE_PROFIT;SAFE;1;1;1;-1;-1;4264.33;9.48;9.48;10.84;-2.76;KELLY_LITE;true;0.04;213450.86;0.0417;KELLY_LITE(mult=1.30 taper=1.00 n=20)+HARD_RISK_CAP(2.0%)+MAXLOSS_CAP;213450.86;213460.34;37;0
2026.08.07 05:55:30;XAUUSD;5;1786059425;PROFIT_RATCHET_LOCKED;floor=3.66 peak=10.84;MANAGE_PROFIT;SAFE;1;1;1;-1;-1;4264.33;8.92;8.92;10.84;-2.76;KELLY_LITE;true;0.04;213450.86;0.0417;KELLY_LITE(mult=1.30 taper=1.00 n=20)+HARD_RISK_CAP(2.0%)+MAXLOSS_CAP;213450.86;213459.78;36;0
2026.08.07 05:55:30;XAUUSD;5;1786059425;PROFIT_RATCHET_LOCKED;floor=3.66 peak=10.84;MANAGE_PROFIT;SAFE;1;1;1;-1;-1;4264.33;8.96;8.96;10.84;-2.76;KELLY_LITE;true;0.04;213450.86;0.0417;KELLY_LITE(mult=1.30 taper=1.00 n=20)+HARD_RISK_CAP(2.0%)+MAXLOSS_CAP;213450.86;213459.82;36;0
2026.08.07 05:55:31;XAUUSD;5;1786059425;PROFIT_RATCHET_LOCKED;floor=3.66 peak=10.84;MANAGE_PROFIT;SAFE;1;1;1;-1;-1;4264.33;9.08;9.08;10.84;-2.76;KELLY_LITE;true;0.04;213450.86;0.0417;KELLY_LITE(mult=1.30 taper=1.00 n=20)+HARD_RISK_CAP(2.0%)+MAXLOSS_CAP;213450.86;213459.94;36;0
2026.08.07 05:55:31;XAUUSD;5;1786059425;PROFIT_RATCHET_LOCKED;floor=3.66 peak=10.84;MANAGE_PROFIT;SAFE;1;1;1;-1;-1;4264.33;9.16;9.16;10.84;-2.76;KELLY_LITE;true;0.04;213450.86;0.0417;KELLY_LITE(mult=1.30 taper=1.00 n=20)+HARD_RISK_CAP(2.0%)+MAXLOSS_CAP;213450.86;213460.02;36;0
2026.08.07 05:55:31;XAUUSD;5;1786059425;PROFIT_RATCHET_LOCKED;floor=3.66 peak=10.84;MANAGE_PROFIT;SAFE;1;1;1;-1;-1;4264.33;9.16;9.16;10.84;-2.76;KELLY_LITE;true;0.04;213450.86;0.0417;KELLY_LITE(mult=1.30 taper=1.00 n=20)+HARD_RISK_CAP(2.0%)+MAXLOSS_CAP;213450.86;213460.02;34;0
2026.08.07 05:55:32;XAUUSD;5;1786059425;PROFIT_RATCHET_LOCKED;floor=3.66 peak=10.84;MANAGE_PROFIT;SAFE;1;1;1;-1;-1;4264.33;9.08;9.08;10.84;-2.76;KELLY_LITE;true;0.04;213450.86;0.0417;KELLY_LITE(mult=1.30 taper=1.00 n=20)+HARD_RISK_CAP(2.0%)+MAXLOSS_CAP;213450.86;213459.94;36;0
2026.08.07 05:55:32;XAUUSD;5;1786059425;PROFIT_RATCHET_LOCKED;floor=3.66 peak=10.84;MANAGE_PROFIT;SAFE;1;1;1;-1;-1;4264.33;9.04;9.04;10.84;-2.76;KELLY_LITE;true;0.04;213450.86;0.0417;KELLY_LITE(mult=1.30 taper=1.00 n=20)+HARD_RISK_CAP(2.0%)+MAXLOSS_CAP;213450.86;213459.90;36;0
2026.08.07 05:55:33;XAUUSD;5;1786059425;PROFIT_RATCHET_LOCKED;floor=3.66 peak=10.84;MANAGE_PROFIT;SAFE;1;1;1;-1;-1;4264.33;8.96;8.96;10.84;-2.76;KELLY_LITE;true;0.04;213450.86;0.0417;KELLY_LITE(mult=1.30 taper=1.00 n=20)+HARD_RISK_CAP(2.0%)+MAXLOSS_CAP;213450.86;213459.82;36;0
2026.08.07 05:55:33;XAUUSD;5;1786059425;PROFIT_RATCHET_LOCKED;floor=3.66 peak=10.84;MANAGE_PROFIT;SAFE;1;1;1;-1;-1;4264.33;9.00;9.00;10.84;-2.76;KELLY_LITE;true;0.04;213450.86;0.0417;KELLY_LITE(mult=1.30 taper=1.00 n=20)+HARD_RISK_CAP(2.0%)+MAXLOSS_CAP;213450.86;213459.86;36;0
2026.08.07 05:55:34;XAUUSD;5;1786059425;RECONCILED_BROKER_CLOSE;ticket=118153366 type=main pnl=8.72;MANAGE_PROFIT;SAFE;0;1;1;-1;-1;4264.33;0.00;0.00;10.84;-2.76;KELLY_LITE;true;0.04;213450.86;0.0417;KELLY_LITE(mult=1.30 taper=1.00 n=20)+HARD_RISK_CAP(2.0%)+MAXLOSS_CAP;213459.58;213459.58;36;0
2026.08.07 06:07:29;XAUUSD;5;1786059425;REVERSAL_CHASER_TRIGGERED_FLIP;newDir=BEAR ticket=118153367 entry=4262.31 lot=0.03;MANAGE_PROFIT;SAFE;1;0;1;-1;-1;4264.33;-1.08;-1.08;10.84;-2.76;KELLY_LITE;true;0.04;213450.86;0.0417;KELLY_LITE(mult=1.30 taper=1.00 n=20)+HARD_RISK_CAP(2.0%)+MAXLOSS_CAP;213459.58;213458.50;36;0
2026.08.07 06:07:29;XAUUSD;5;1786059425;CYCLE_RESET;oldState=MANAGE_PROFIT realizedPnL=8.72 peak=10.84 worst=-2.76 pyramid=1 consLosses=0 reason=chaser_flip;MANAGE_PROFIT;SAFE;1;0;1;-1;-1;4264.33;-1.08;-1.08;10.84;-2.76;KELLY_LITE;true;0.04;213450.86;0.0417;KELLY_LITE(mult=1.30 taper=1.00 n=20)+HARD_RISK_CAP(2.0%)+MAXLOSS_CAP;213459.58;213458.50;36;0
2026.08.07 06:10:51;XAUUSD;5;1786059426;EXIT_SOFT_SL_MOMENTUM;profit=-21.81 rsi=63.2 dir=-1;MANAGE_PROFIT;WATCH;1;0;1;-1;-1;4262.31;-21.81;-21.81;0.66;-21.81;KELLY_LITE;true;0.04;213450.86;0.0417;KELLY_LITE(mult=1.30 taper=1.00 n=20)+HARD_RISK_CAP(2.0%)+MAXLOSS_CAP;213459.58;213437.77;33;0
2026.08.07 06:10:52;XAUUSD;5;1786059426;POSITION_CLOSED;ticket=118153367 reason=soft_sl_momentum lots=0.03 price=4269.58 pnl=-21.81;MANAGE_PROFIT;WATCH;0;0;1;-1;-1;4262.31;0.00;0.00;0.66;-21.81;KELLY_LITE;true;0.04;213450.86;0.0417;KELLY_LITE(mult=1.30 taper=1.00 n=20)+HARD_RISK_CAP(2.0%)+MAXLOSS_CAP;213438.07;213438.07;36;0
2026.08.07 06:10:52;XAUUSD;5;1786059426;CYCLE_RESET;oldState=RESET realizedPnL=-21.51 peak=0.66 worst=-21.81 pyramid=0 consLosses=1;RESET;WATCH;0;0;0;-1;-1;4262.31;0.00;0.00;0.66;-21.81;KELLY_LITE;true;0.04;213450.86;0.0417;KELLY_LITE(mult=1.30 taper=1.00 n=20)+HARD_RISK_CAP(2.0%)+MAXLOSS_CAP;213438.07;213438.07;36;0
2026.08.07 06:15:52;XAUUSD;5;1786059426;FILTER_BLOCK_TREND_DISAGREE;TREND_DISAGREE (main=1 fast=-1 rsi=63.2, no extreme);BLOCKED;SAFE;0;0;0;-1;-1;0.00;0.00;0.00;0.00;0.00;KELLY_LITE;true;0.04;213450.86;0.0417;KELLY_LITE(mult=1.30 taper=1.00 n=20)+HARD_RISK_CAP(2.0%)+MAXLOSS_CAP;213438.07;213438.07;36;0
2026.08.07 06:20:52;XAUUSD;5;1786059427;PLACE_PENDING_START;cycle=1786059427 trend=1 consecLosses=1 preset=AGGRESSIVE;PLACE_PENDING;SAFE;0;0;0;-1;-1;0.00;0.00;0.00;0.00;0.00;KELLY_LITE;true;0.04;213450.86;0.0417;KELLY_LITE(mult=1.30 taper=1.00 n=20)+HARD_RISK_CAP(2.0%)+MAXLOSS_CAP;213438.07;213438.07;36;0
2026.08.07 06:20:52;XAUUSD;5;1786059427;DIR_OCO_PLACED;dir=BULL ticket=118155639 price=4269.86 sl=4254.86 tp=4292.36 lot=0.04 dist=1.50;PLACE_PENDING;SAFE;0;1;0;118155639;-1;0.00;0.00;0.00;0.00;0.00;KELLY_LITE;true;0.04;213438.07;0.0417;KELLY_LITE(mult=1.30 taper=1.00 n=20)+HARD_RISK_CAP(2.0%)+MAXLOSS_CAP;213438.07;213438.07;36;0
2026.08.07 06:20:53;XAUUSD;5;1786059427;DIR_OCO_COUNTER_PLACED;dir=BEAR(counter) ticket=118155640 price=4266.54 lot=0.03;PLACE_PENDING;SAFE;0;2;0;118155639;118155640;0.00;0.00;0.00;0.00;0.00;KELLY_LITE;true;0.04;213438.07;0.0417;KELLY_LITE(mult=1.30 taper=1.00 n=20)+HARD_RISK_CAP(2.0%)+MAXLOSS_CAP;213438.07;213438.07;36;0
2026.08.07 06:20:59;XAUUSD;5;1786059427;BUY_STOP_TRAILED;Old=4269.86 New=4269.48;WAIT_TRIGGER;SAFE;0;2;0;118155639;118155640;0.00;0.00;0.00;0.00;0.00;KELLY_LITE;true;0.04;213438.07;0.0417;KELLY_LITE(mult=1.30 taper=1.00 n=20)+HARD_RISK_CAP(2.0%)+MAXLOSS_CAP;213438.07;213438.07;36;0
2026.08.07 06:21:59;XAUUSD;5;1786059427;BUY_STOP_TRAILED;Old=4269.48 New=4269.15;WAIT_TRIGGER;SAFE;0;2;0;118155639;118155640;0.00;0.00;0.00;0.00;0.00;KELLY_LITE;true;0.04;213438.07;0.0417;KELLY_LITE(mult=1.30 taper=1.00 n=20)+HARD_RISK_CAP(2.0%)+MAXLOSS_CAP;213438.07;213438.07;36;0
2026.08.07 06:22:40;XAUUSD;5;1786059427;SELL_STOP_TRAILED;Old=4266.54 New=4266.87;WAIT_TRIGGER;SAFE;0;2;0;118155639;118155640;0.00;0.00;0.00;0.00;0.00;KELLY_LITE;true;0.04;213438.07;0.0417;KELLY_LITE(mult=1.30 taper=1.00 n=20)+HARD_RISK_CAP(2.0%)+MAXLOSS_CAP;213438.07;213438.07;33;0
2026.08.07 06:23:34;XAUUSD;5;1786059427;SELL_STOP_TRAILED;Old=4266.87 New=4267.19;WAIT_TRIGGER;SAFE;1;1;0;118155639;118155640;0.00;2.28;2.28;0.00;0.00;KELLY_LITE;true;0.04;213438.07;0.0417;KELLY_LITE(mult=1.30 taper=1.00 n=20)+HARD_RISK_CAP(2.0%)+MAXLOSS_CAP;213438.07;213440.35;36;0
2026.08.07 06:23:34;XAUUSD;5;1786059427;OCO_TRIGGERED_BUY;ticket=118155639 entry=4269.15;POSITION_ACTIVE;SAFE;1;1;0;-1;118155640;0.00;2.28;2.28;0.00;0.00;KELLY_LITE;true;0.04;213438.07;0.0417;KELLY_LITE(mult=1.30 taper=1.00 n=20)+HARD_RISK_CAP(2.0%)+MAXLOSS_CAP;213438.07;213440.35;36;0
2026.08.07 06:23:34;XAUUSD;5;1786059427;OPPOSITE_TRAIL_ARMED;opposite_ticket=118155640 will trail price;POSITION_ACTIVE;SAFE;1;1;0;-1;118155640;0.00;2.28;2.28;0.00;0.00;KELLY_LITE;true;0.04;213438.07;0.0417;KELLY_LITE(mult=1.30 taper=1.00 n=20)+HARD_RISK_CAP(2.0%)+MAXLOSS_CAP;213438.07;213440.35;36;0
2026.08.07 06:23:59;XAUUSD;5;1786059427;REVERSAL_CHASER_TRIGGERED_FLIP;newDir=BEAR ticket=118155640 entry=4267.19 lot=0.03;MANAGE_PROFIT;SAFE;2;0;1;-1;-1;4269.15;-9.30;-0.06;4.92;-7.76;KELLY_LITE;true;0.04;213438.07;0.0417;KELLY_LITE(mult=1.30 taper=1.00 n=20)+HARD_RISK_CAP(2.0%)+MAXLOSS_CAP;213438.07;213428.77;37;0
2026.08.07 06:23:59;XAUUSD;5;1786059427;POSITION_CLOSED;ticket=118155639 reason=reversal_chaser_flip lots=0.04 price=4266.84 pnl=-9.24;MANAGE_PROFIT;SAFE;1;0;1;-1;-1;4269.15;0.33;0.33;4.92;-7.76;KELLY_LITE;true;0.04;213438.07;0.0417;KELLY_LITE(mult=1.30 taper=1.00 n=20)+HARD_RISK_CAP(2.0%)+MAXLOSS_CAP;213428.35;213428.68;36;0
2026.08.07 06:23:59;XAUUSD;5;1786059427;CYCLE_RESET;oldState=MANAGE_PROFIT realizedPnL=-9.72 peak=4.92 worst=-7.76 pyramid=1 consLosses=2 reason=chaser_flip;MANAGE_PROFIT;SAFE;1;0;1;-1;-1;4269.15;0.33;0.33;4.92;-7.76;KELLY_LITE;true;0.04;213438.07;0.0417;KELLY_LITE(mult=1.30 taper=1.00 n=20)+HARD_RISK_CAP(2.0%)+MAXLOSS_CAP;213428.35;213428.68;36;0
2026.08.07 06:33:59;XAUUSD;5;1786059428;EXIT_TIME_LOSS;held=10 profit=-16.83;MANAGE_PROFIT;SAFE;1;0;1;-1;-1;4267.19;-16.83;-16.83;6.72;-19.23;KELLY_LITE;true;0.04;213438.07;0.0417;KELLY_LITE(mult=1.30 taper=1.00 n=20)+HARD_RISK_CAP(2.0%)+MAXLOSS_CAP;213428.35;213411.52;36;0
2026.08.07 06:33:59;XAUUSD;5;1786059428;POSITION_CLOSED;ticket=118155640 reason=time_loss_exit lots=0.03 price=4272.80 pnl=-16.83;MANAGE_PROFIT;SAFE;0;0;1;-1;-1;4267.19;0.00;0.00;6.72;-19.23;KELLY_LITE;true;0.04;213438.07;0.0417;KELLY_LITE(mult=1.30 taper=1.00 n=20)+HARD_RISK_CAP(2.0%)+MAXLOSS_CAP;213411.46;213411.46;36;0
2026.08.07 06:33:59;XAUUSD;5;1786059428;CONSECUTIVE_LOSS_PAUSE;losses=3 pauseUntil=2026.08.07 06:48:59;RESET;SAFE;0;0;0;-1;-1;4267.19;0.00;0.00;6.72;-19.23;KELLY_LITE;true;0.04;213438.07;0.0417;KELLY_LITE(mult=1.30 taper=1.00 n=20)+HARD_RISK_CAP(2.0%)+MAXLOSS_CAP;213411.46;213411.46;36;0
2026.08.07 06:33:59;XAUUSD;5;1786059428;CYCLE_RESET;oldState=RESET realizedPnL=-26.61 peak=6.72 worst=-19.23 pyramid=0 consLosses=3;RESET;SAFE;0;0;0;-1;-1;4267.19;0.00;0.00;6.72;-19.23;KELLY_LITE;true;0.04;213438.07;0.0417;KELLY_LITE(mult=1.30 taper=1.00 n=20)+HARD_RISK_CAP(2.0%)+MAXLOSS_CAP;213411.46;213411.46;36;0
2026.08.07 06:48:59;XAUUSD;5;1786059428;FILTER_BLOCK_ADX_WEAK_MAIN;ADX_WEAK_MAIN (adx=17.4 min=23.0 [streak=3]);BLOCKED;SAFE;0;0;0;-1;-1;0.00;0.00;0.00;0.00;0.00;KELLY_LITE;true;0.04;213438.07;0.0417;KELLY_LITE(mult=1.30 taper=1.00 n=20)+HARD_RISK_CAP(2.0%)+MAXLOSS_CAP;213411.46;213411.46;36;0
2026.08.07 06:53:59;XAUUSD;5;1786059428;FILTER_BLOCK_ADX_WEAK_MAIN;ADX_WEAK_MAIN (adx=16.7 min=23.0 [streak=3]);BLOCKED;SAFE;0;0;0;-1;-1;0.00;0.00;0.00;0.00;0.00;KELLY_LITE;true;0.04;213438.07;0.0417;KELLY_LITE(mult=1.30 taper=1.00 n=20)+HARD_RISK_CAP(2.0%)+MAXLOSS_CAP;213411.46;213411.46;36;0
2026.08.07 06:58:59;XAUUSD;5;1786059428;FILTER_BLOCK_ADX_WEAK_MAIN;ADX_WEAK_MAIN (adx=17.8 min=23.0 [streak=3]);BLOCKED;SAFE;0;0;0;-1;-1;0.00;0.00;0.00;0.00;0.00;KELLY_LITE;true;0.04;213438.07;0.0417;KELLY_LITE(mult=1.30 taper=1.00 n=20)+HARD_RISK_CAP(2.0%)+MAXLOSS_CAP;213411.46;213411.46;36;0
2026.08.07 07:03:59;XAUUSD;5;1786059428;FILTER_BLOCK_ADX_WEAK_MAIN;ADX_WEAK_MAIN (adx=19.2 min=23.0 [streak=3]);BLOCKED;SAFE;0;0;0;-1;-1;0.00;0.00;0.00;0.00;0.00;KELLY_LITE;true;0.04;213438.07;0.0417;KELLY_LITE(mult=1.30 taper=1.00 n=20)+HARD_RISK_CAP(2.0%)+MAXLOSS_CAP;213411.46;213411.46;36;0
2026.08.07 07:08:59;XAUUSD;5;1786059428;FILTER_BLOCK_ADX_WEAK_MAIN;ADX_WEAK_MAIN (adx=22.0 min=23.0 [streak=3]);BLOCKED;SAFE;0;0;0;-1;-1;0.00;0.00;0.00;0.00;0.00;KELLY_LITE;true;0.04;213438.07;0.0417;KELLY_LITE(mult=1.30 taper=1.00 n=20)+HARD_RISK_CAP(2.0%)+MAXLOSS_CAP;213411.46;213411.46;36;0
2026.08.07 07:13:59;XAUUSD;5;1786059429;PLACE_PENDING_START;cycle=1786059429 trend=1 consecLosses=3 preset=AGGRESSIVE;PLACE_PENDING;SAFE;0;0;0;-1;-1;0.00;0.00;0.00;0.00;0.00;KELLY_LITE;true;0.04;213438.07;0.0417;KELLY_LITE(mult=1.30 taper=1.00 n=20)+HARD_RISK_CAP(2.0%)+MAXLOSS_CAP;213411.46;213411.46;33;0
2026.08.07 07:13:59;XAUUSD;5;1786059429;DIR_OCO_PLACED;dir=BULL ticket=118162034 price=4289.33 sl=4274.33 tp=4311.83 lot=0.04 dist=2.09;PLACE_PENDING;SAFE;0;1;0;118162034;-1;0.00;0.00;0.00;0.00;0.00;KELLY_LITE;true;0.04;213411.46;0.0417;KELLY_LITE(mult=1.20 taper=1.00 n=20)+CONSEC_REDUCE(0.50)+HARD_RISK_CAP(2.0%)+MAXLOSS_CAP;213411.46;213411.46;36;0
2026.08.07 07:14:00;XAUUSD;5;1786059429;DIR_OCO_COUNTER_PLACED;dir=BEAR(counter) ticket=118162035 price=4284.78 lot=0.03;PLACE_PENDING;SAFE;0;2;0;118162034;118162035;0.00;0.00;0.00;0.00;0.00;KELLY_LITE;true;0.04;213411.46;0.0417;KELLY_LITE(mult=1.20 taper=1.00 n=20)+CONSEC_REDUCE(0.50)+HARD_RISK_CAP(2.0%)+MAXLOSS_CAP;213411.46;213411.46;36;0
2026.08.07 07:14:03;XAUUSD;5;1786059429;BUY_STOP_TRAILED;Old=4289.33 New=4288.97;WAIT_TRIGGER;SAFE;0;2;0;118162034;118162035;0.00;0.00;0.00;0.00;0.00;KELLY_LITE;true;0.04;213411.46;0.0417;KELLY_LITE(mult=1.20 taper=1.00 n=20)+CONSEC_REDUCE(0.50)+HARD_RISK_CAP(2.0%)+MAXLOSS_CAP;213411.46;213411.46;36;0
2026.08.07 07:14:03;XAUUSD;5;1786059429;BUY_STOP_TRAILED;Old=4288.97 New=4288.63;WAIT_TRIGGER;SAFE;0;2;0;118162034;118162035;0.00;0.00;0.00;0.00;0.00;KELLY_LITE;true;0.04;213411.46;0.0417;KELLY_LITE(mult=1.20 taper=1.00 n=20)+CONSEC_REDUCE(0.50)+HARD_RISK_CAP(2.0%)+MAXLOSS_CAP;213411.46;213411.46;36;0
2026.08.07 07:14:48;XAUUSD;5;1786059429;SELL_STOP_TRAILED;Old=4284.78 New=4285.09;WAIT_TRIGGER;SAFE;0;2;0;118162034;118162035;0.00;0.00;0.00;0.00;0.00;KELLY_LITE;true;0.04;213411.46;0.0417;KELLY_LITE(mult=1.20 taper=1.00 n=20)+CONSEC_REDUCE(0.50)+HARD_RISK_CAP(2.0%)+MAXLOSS_CAP;213411.46;213411.46;36;0
2026.08.07 07:15:04;XAUUSD;5;1786059429;BUY_STOP_TRAILED;Old=4288.63 New=4287.99;WAIT_TRIGGER;SAFE;0;2;0;118162034;118162035;0.00;0.00;0.00;0.00;0.00;KELLY_LITE;true;0.04;213411.46;0.0417;KELLY_LITE(mult=1.20 taper=1.00 n=20)+CONSEC_REDUCE(0.50)+HARD_RISK_CAP(2.0%)+MAXLOSS_CAP;213411.46;213411.46;36;0
2026.08.07 07:15:13;XAUUSD;5;1786059429;BUY_STOP_TRAILED;Old=4287.99 New=4287.46;WAIT_TRIGGER;SAFE;1;1;0;118162034;118162035;0.00;-0.90;-0.90;0.00;0.00;KELLY_LITE;true;0.04;213411.46;0.0417;KELLY_LITE(mult=1.20 taper=1.00 n=20)+CONSEC_REDUCE(0.50)+HARD_RISK_CAP(2.0%)+MAXLOSS_CAP;213411.46;213410.56;36;0
2026.08.07 07:15:13;XAUUSD;5;1786059429;OCO_TRIGGERED_SELL;ticket=118162035 entry=4285.09;POSITION_ACTIVE;SAFE;1;1;0;118162034;-1;0.00;-0.90;-0.90;0.00;0.00;KELLY_LITE;true;0.04;213411.46;0.0417;KELLY_LITE(mult=1.20 taper=1.00 n=20)+CONSEC_REDUCE(0.50)+HARD_RISK_CAP(2.0%)+MAXLOSS_CAP;213411.46;213410.56;36;0
2026.08.07 07:15:13;XAUUSD;5;1786059429;OPPOSITE_TRAIL_ARMED;opposite_ticket=118162034 will trail price;POSITION_ACTIVE;SAFE;1;1;0;118162034;-1;0.00;-0.90;-0.90;0.00;0.00;KELLY_LITE;true;0.04;213411.46;0.0417;KELLY_LITE(mult=1.20 taper=1.00 n=20)+CONSEC_REDUCE(0.50)+HARD_RISK_CAP(2.0%)+MAXLOSS_CAP;213411.46;213410.56;36;0
2026.08.07 07:17:53;XAUUSD;5;1786059429;REVERSAL_CHASER_TRIGGERED_FLIP;newDir=BULL ticket=118162034 entry=4287.46 lot=0.04;MANAGE_PROFIT;SAFE;2;0;1;-1;-1;4285.09;-8.40;-7.20;2.19;-6.72;KELLY_LITE;true;0.04;213411.46;0.0417;KELLY_LITE(mult=1.20 taper=1.00 n=20)+CONSEC_REDUCE(0.50)+HARD_RISK_CAP(2.0%)+MAXLOSS_CAP;213411.46;213403.06;33;0
2026.08.07 07:17:54;XAUUSD;5;1786059429;POSITION_CLOSED;ticket=118162035 reason=reversal_chaser_flip lots=0.03 price=4287.49 pnl=-7.20;MANAGE_PROFIT;SAFE;1;0;1;-1;-1;4285.09;-0.72;-0.72;2.19;-6.72;KELLY_LITE;true;0.04;213411.46;0.0417;KELLY_LITE(mult=1.20 taper=1.00 n=20)+CONSEC_REDUCE(0.50)+HARD_RISK_CAP(2.0%)+MAXLOSS_CAP;213403.90;213403.18;33;0
2026.08.07 07:17:54;XAUUSD;5;1786059429;CONSECUTIVE_LOSS_PAUSE;losses=4 pauseUntil=2026.08.07 07:32:54;MANAGE_PROFIT;SAFE;1;0;1;-1;-1;4285.09;-0.72;-0.72;2.19;-6.72;KELLY_LITE;true;0.04;213411.46;0.0417;KELLY_LITE(mult=1.20 taper=1.00 n=20)+CONSEC_REDUCE(0.50)+HARD_RISK_CAP(2.0%)+MAXLOSS_CAP;213403.90;213403.18;33;0
2026.08.07 07:17:54;XAUUSD;5;1786059429;CONSEC_LOSS_HARD_STOP;losses=4 threshold=4 pause=3600s;MANAGE_PROFIT;SAFE;1;0;1;-1;-1;4285.09;-0.72;-0.72;2.19;-6.72;KELLY_LITE;true;0.04;213411.46;0.0417;KELLY_LITE(mult=1.20 taper=1.00 n=20)+CONSEC_REDUCE(0.50)+HARD_RISK_CAP(2.0%)+MAXLOSS_CAP;213403.90;213403.18;33;0
2026.08.07 07:17:54;XAUUSD;5;1786059429;CYCLE_RESET;oldState=MANAGE_PROFIT realizedPnL=-7.56 peak=2.19 worst=-6.72 pyramid=1 consLosses=4 reason=chaser_flip;MANAGE_PROFIT;SAFE;1;0;1;-1;-1;4285.09;-0.72;-0.72;2.19;-6.72;KELLY_LITE;true;0.04;213411.46;0.0417;KELLY_LITE(mult=1.20 taper=1.00 n=20)+CONSEC_REDUCE(0.50)+HARD_RISK_CAP(2.0%)+MAXLOSS_CAP;213403.90;213403.18;33;0
2026.08.07 07:18:03;XAUUSD;5;1786059430;SL_MODIFIED;ticket=118162034 oldSL=4275.46 newSL=4289.00 reason=break_even_lock_leg_0;MANAGE_PROFIT;SAFE;1;0;1;-1;-1;4287.46;10.56;8.96;8.24;-3.40;KELLY_LITE;true;0.04;213411.46;0.0417;KELLY_LITE(mult=1.20 taper=1.00 n=20)+CONSEC_REDUCE(0.50)+HARD_RISK_CAP(2.0%)+MAXLOSS_CAP;213403.90;213414.46;36;0
2026.08.07 07:18:03;XAUUSD;5;1786059430;PROFIT_RATCHET_LOCKED;floor=2.78 peak=8.24;MANAGE_PROFIT;SAFE;1;0;1;-1;-1;4287.46;10.56;8.96;8.24;-3.40;KELLY_LITE;true;0.04;213411.46;0.0417;KELLY_LITE(mult=1.20 taper=1.00 n=20)+CONSEC_REDUCE(0.50)+HARD_RISK_CAP(2.0%)+MAXLOSS_CAP;213403.90;213414.46;36;0
2026.08.07 07:18:04;XAUUSD;5;1786059430;SL_MODIFIED;ticket=118162034 oldSL=4289.00 newSL=4289.18 reason=break_even_lock_leg_0;MANAGE_PROFIT;SAFE;1;0;1;-1;-1;4287.46;10.88;11.00;10.56;-3.40;KELLY_LITE;true;0.04;213411.46;0.0417;KELLY_LITE(mult=1.20 taper=1.00 n=20)+CONSEC_REDUCE(0.50)+HARD_RISK_CAP(2.0%)+MAXLOSS_CAP;213403.90;213414.78;36;0
2026.08.07 07:18:04;XAUUSD;5;1786059430;PROFIT_RATCHET_LOCKED;floor=3.56 peak=10.56;MANAGE_PROFIT;SAFE;1;0;1;-1;-1;4287.46;10.88;11.00;10.56;-3.40;KELLY_LITE;true;0.04;213411.46;0.0417;KELLY_LITE(mult=1.20 taper=1.00 n=20)+CONSEC_REDUCE(0.50)+HARD_RISK_CAP(2.0%)+MAXLOSS_CAP;213403.90;213414.78;36;0
2026.08.07 07:18:04;XAUUSD;5;1786059430;SL_MODIFIED;ticket=118162034 oldSL=4289.18 newSL=4289.28 reason=break_even_lock_leg_0 (retry buf=8pt);MANAGE_PROFIT;SAFE;1;0;1;-1;-1;4287.46;9.56;9.60;10.88;-3.40;KELLY_LITE;true;0.04;213411.46;0.0417;KELLY_LITE(mult=1.20 taper=1.00 n=20)+CONSEC_REDUCE(0.50)+HARD_RISK_CAP(2.0%)+MAXLOSS_CAP;213403.90;213413.46;36;0
2026.08.07 07:18:04;XAUUSD;5;1786059430;PROFIT_RATCHET_LOCKED;floor=3.67 peak=10.88;MANAGE_PROFIT;SAFE;1;0;1;-1;-1;4287.46;9.56;9.60;10.88;-3.40;KELLY_LITE;true;0.04;213411.46;0.0417;KELLY_LITE(mult=1.20 taper=1.00 n=20)+CONSEC_REDUCE(0.50)+HARD_RISK_CAP(2.0%)+MAXLOSS_CAP;213403.90;213413.46;36;0
2026.08.07 07:18:05;XAUUSD;5;1786059430;SL_MODIFY_FAILED;ticket=118162034 newSL=4289.34 reason=break_even_lock_leg_0 err=0;MANAGE_PROFIT;SAFE;1;0;1;-1;-1;4287.46;9.04;9.04;10.88;-3.40;KELLY_LITE;true;0.04;213411.46;0.0417;KELLY_LITE(mult=1.20 taper=1.00 n=20)+CONSEC_REDUCE(0.50)+HARD_RISK_CAP(2.0%)+MAXLOSS_CAP;213403.90;213412.94;36;0
2026.08.07 07:18:05;XAUUSD;5;1786059430;PROFIT_RATCHET_LOCKED;floor=3.67 peak=10.88;MANAGE_PROFIT;SAFE;1;0;1;-1;-1;4287.46;9.04;9.04;10.88;-3.40;KELLY_LITE;true;0.04;213411.46;0.0417;KELLY_LITE(mult=1.20 taper=1.00 n=20)+CONSEC_REDUCE(0.50)+HARD_RISK_CAP(2.0%)+MAXLOSS_CAP;213403.90;213412.94;36;0
2026.08.07 07:18:05;XAUUSD;5;1786059430;PROFIT_RATCHET_LOCKED;floor=3.67 peak=10.88;MANAGE_PROFIT;SAFE;1;0;1;-1;-1;4287.46;9.04;9.04;10.88;-3.40;KELLY_LITE;true;0.04;213411.46;0.0417;KELLY_LITE(mult=1.20 taper=1.00 n=20)+CONSEC_REDUCE(0.50)+HARD_RISK_CAP(2.0%)+MAXLOSS_CAP;213403.90;213412.94;36;0
2026.08.07 07:18:06;XAUUSD;5;1786059430;PROFIT_RATCHET_LOCKED;floor=3.67 peak=10.88;MANAGE_PROFIT;SAFE;1;0;1;-1;-1;4287.46;8.28;8.28;10.88;-3.40;KELLY_LITE;true;0.04;213411.46;0.0417;KELLY_LITE(mult=1.20 taper=1.00 n=20)+CONSEC_REDUCE(0.50)+HARD_RISK_CAP(2.0%)+MAXLOSS_CAP;213403.90;213412.18;36;0
2026.08.07 07:18:06;XAUUSD;5;1786059430;PROFIT_RATCHET_LOCKED;floor=3.67 peak=10.88;MANAGE_PROFIT;SAFE;1;0;1;-1;-1;4287.46;8.32;8.32;10.88;-3.40;KELLY_LITE;true;0.04;213411.46;0.0417;KELLY_LITE(mult=1.20 taper=1.00 n=20)+CONSEC_REDUCE(0.50)+HARD_RISK_CAP(2.0%)+MAXLOSS_CAP;213403.90;213412.22;36;0
2026.08.07 07:18:07;XAUUSD;5;1786059430;PROFIT_RATCHET_LOCKED;floor=3.67 peak=10.88;MANAGE_PROFIT;SAFE;1;0;1;-1;-1;4287.46;8.64;8.64;10.88;-3.40;KELLY_LITE;true;0.04;213411.46;0.0417;KELLY_LITE(mult=1.20 taper=1.00 n=20)+CONSEC_REDUCE(0.50)+HARD_RISK_CAP(2.0%)+MAXLOSS_CAP;213403.90;213412.54;36;0
2026.08.07 07:18:07;XAUUSD;5;1786059430;PROFIT_RATCHET_LOCKED;floor=3.67 peak=10.88;MANAGE_PROFIT;SAFE;1;0;1;-1;-1;4287.46;8.44;8.44;10.88;-3.40;KELLY_LITE;true;0.04;213411.46;0.0417;KELLY_LITE(mult=1.20 taper=1.00 n=20)+CONSEC_REDUCE(0.50)+HARD_RISK_CAP(2.0%)+MAXLOSS_CAP;213403.90;213412.34;36;0
2026.08.07 07:18:07;XAUUSD;5;1786059430;PROFIT_RATCHET_LOCKED;floor=3.67 peak=10.88;MANAGE_PROFIT;SAFE;1;0;1;-1;-1;4287.46;8.04;8.04;10.88;-3.40;KELLY_LITE;true;0.04;213411.46;0.0417;KELLY_LITE(mult=1.20 taper=1.00 n=20)+CONSEC_REDUCE(0.50)+HARD_RISK_CAP(2.0%)+MAXLOSS_CAP;213403.90;213411.94;36;0
2026.08.07 07:18:07;XAUUSD;5;1786059430;PROFIT_RATCHET_LOCKED;floor=3.67 peak=10.88;MANAGE_PROFIT;SAFE;1;0;1;-1;-1;4287.46;7.92;7.92;10.88;-3.40;KELLY_LITE;true;0.04;213411.46;0.0417;KELLY_LITE(mult=1.20 taper=1.00 n=20)+CONSEC_REDUCE(0.50)+HARD_RISK_CAP(2.0%)+MAXLOSS_CAP;213403.90;213411.82;36;0
2026.08.07 07:18:07;XAUUSD;5;1786059430;PROFIT_RATCHET_LOCKED;floor=3.67 peak=10.88;MANAGE_PROFIT;SAFE;1;0;1;-1;-1;4287.46;7.92;7.92;10.88;-3.40;KELLY_LITE;true;0.04;213411.46;0.0417;KELLY_LITE(mult=1.20 taper=1.00 n=20)+CONSEC_REDUCE(0.50)+HARD_RISK_CAP(2.0%)+MAXLOSS_CAP;213403.90;213411.82;35;0
2026.08.07 07:18:08;XAUUSD;5;1786059430;RECONCILED_BROKER_CLOSE;ticket=118162034 type=main pnl=7.28;MANAGE_PROFIT;SAFE;0;0;1;-1;-1;4287.46;0.00;0.00;10.88;-3.40;KELLY_LITE;true;0.04;213411.46;0.0417;KELLY_LITE(mult=1.20 taper=1.00 n=20)+CONSEC_REDUCE(0.50)+HARD_RISK_CAP(2.0%)+MAXLOSS_CAP;213411.18;213411.18;36;0
2026.08.07 07:18:08;XAUUSD;5;1786059430;CYCLE_RESET;oldState=MANAGE_PROFIT realizedPnL=-0.28 peak=10.88 worst=-3.40 pyramid=1 consLosses=0;MANAGE_PROFIT;SAFE;0;0;1;-1;-1;4287.46;0.00;0.00;10.88;-3.40;KELLY_LITE;true;0.04;213411.46;0.0417;KELLY_LITE(mult=1.20 taper=1.00 n=20)+CONSEC_REDUCE(0.50)+HARD_RISK_CAP(2.0%)+MAXLOSS_CAP;213411.18;213411.18;36;0
2026.08.07 08:17:54;XAUUSD;5;1786059431;PLACE_PENDING_START;cycle=1786059431 trend=1 consecLosses=0 preset=AGGRESSIVE;PLACE_PENDING;SAFE;0;0;0;-1;-1;0.00;0.00;0.00;0.00;0.00;KELLY_LITE;true;0.04;213411.46;0.0417;KELLY_LITE(mult=1.20 taper=1.00 n=20)+CONSEC_REDUCE(0.50)+HARD_RISK_CAP(2.0%)+MAXLOSS_CAP;213411.18;213411.18;33;0
2026.08.07 08:17:54;XAUUSD;5;1786059431;DIR_OCO_PLACED;dir=BULL ticket=118168200 price=4294.44 sl=4279.44 tp=4316.94 lot=0.04 dist=2.15;PLACE_PENDING;SAFE;0;1;0;118168200;-1;0.00;0.00;0.00;0.00;0.00;KELLY_LITE;true;0.04;213411.18;0.0417;KELLY_LITE(mult=1.10 taper=1.00 n=20)+HARD_RISK_CAP(2.0%)+MAXLOSS_CAP;213411.18;213411.18;33;0
2026.08.07 08:17:55;XAUUSD;5;1786059431;DIR_OCO_COUNTER_PLACED;dir=BEAR(counter) ticket=118168201 price=4289.74 lot=0.03;PLACE_PENDING;SAFE;0;2;0;118168200;118168201;0.00;0.00;0.00;0.00;0.00;KELLY_LITE;true;0.04;213411.18;0.0417;KELLY_LITE(mult=1.10 taper=1.00 n=20)+HARD_RISK_CAP(2.0%)+MAXLOSS_CAP;213411.18;213411.18;33;0
2026.08.07 08:18:03;XAUUSD;5;1786059431;SELL_STOP_TRAILED;Old=4289.74 New=4290.09;WAIT_TRIGGER;SAFE;0;2;0;118168200;118168201;0.00;0.00;0.00;0.00;0.00;KELLY_LITE;true;0.04;213411.18;0.0417;KELLY_LITE(mult=1.10 taper=1.00 n=20)+HARD_RISK_CAP(2.0%)+MAXLOSS_CAP;213411.18;213411.18;36;0
2026.08.07 08:18:33;XAUUSD;5;1786059431;BUY_STOP_TRAILED;Old=4294.44 New=4293.84;WAIT_TRIGGER;SAFE;0;2;0;118168200;118168201;0.00;0.00;0.00;0.00;0.00;KELLY_LITE;true;0.04;213411.18;0.0417;KELLY_LITE(mult=1.10 taper=1.00 n=20)+HARD_RISK_CAP(2.0%)+MAXLOSS_CAP;213411.18;213411.18;33;0
2026.08.07 08:18:36;XAUUSD;5;1786059431;BUY_STOP_TRAILED;Old=4293.84 New=4293.43;WAIT_TRIGGER;SAFE;0;2;0;118168200;118168201;0.00;0.00;0.00;0.00;0.00;KELLY_LITE;true;0.04;213411.18;0.0417;KELLY_LITE(mult=1.10 taper=1.00 n=20)+HARD_RISK_CAP(2.0%)+MAXLOSS_CAP;213411.18;213411.18;35;0
2026.08.07 08:20:18;XAUUSD;5;1786059431;BUY_STOP_TRAILED;Old=4293.43 New=4292.99;WAIT_TRIGGER;SAFE;0;2;0;118168200;118168201;0.00;0.00;0.00;0.00;0.00;KELLY_LITE;true;0.04;213411.18;0.0417;KELLY_LITE(mult=1.10 taper=1.00 n=20)+HARD_RISK_CAP(2.0%)+MAXLOSS_CAP;213411.18;213411.18;36;0
2026.08.07 08:21:12;XAUUSD;5;1786059431;SELL_STOP_TRAILED;Old=4290.09 New=4290.43;WAIT_TRIGGER;SAFE;0;2;0;118168200;118168201;0.00;0.00;0.00;0.00;0.00;KELLY_LITE;true;0.04;213411.18;0.0417;KELLY_LITE(mult=1.10 taper=1.00 n=20)+HARD_RISK_CAP(2.0%)+MAXLOSS_CAP;213411.18;213411.18;36;0
2026.08.07 08:22:50;XAUUSD;5;1786059431;OCO_TRIGGERED_SELL;ticket=118168201 entry=4290.43;POSITION_ACTIVE;SAFE;1;1;0;118168200;-1;0.00;-1.05;-1.05;0.00;0.00;KELLY_LITE;true;0.04;213411.18;0.0417;KELLY_LITE(mult=1.10 taper=1.00 n=20)+HARD_RISK_CAP(2.0%)+MAXLOSS_CAP;213411.18;213410.13;35;0
2026.08.07 08:22:50;XAUUSD;5;1786059431;OPPOSITE_TRAIL_ARMED;opposite_ticket=118168200 will trail price;POSITION_ACTIVE;SAFE;1;1;0;118168200;-1;0.00;-1.05;-1.05;0.00;0.00;KELLY_LITE;true;0.04;213411.18;0.0417;KELLY_LITE(mult=1.10 taper=1.00 n=20)+HARD_RISK_CAP(2.0%)+MAXLOSS_CAP;213411.18;213410.13;35;0
2026.08.07 08:23:58;XAUUSD;5;1786059431;OPPOSITE_PENDING_TRAILED;BUY_STOP trailed DOWN: ticket=118168200 old=4292.99 new=4292.67 dist=2.95;MANAGE_PROFIT;SAFE;1;1;1;-1;-1;4290.43;2.40;2.40;1.95;-2.28;KELLY_LITE;true;0.04;213411.18;0.0417;KELLY_LITE(mult=1.10 taper=1.00 n=20)+HARD_RISK_CAP(2.0%)+MAXLOSS_CAP;213411.18;213413.58;36;0
2026.08.07 08:24:09;XAUUSD;5;1786059431;OPPOSITE_PENDING_TRAILED;BUY_STOP trailed DOWN: ticket=118168200 old=4292.67 new=4292.32 dist=2.97;MANAGE_PROFIT;SAFE;1;1;1;-1;-1;4290.43;2.85;2.85;3.00;-2.28;KELLY_LITE;true;0.04;213411.18;0.0417;KELLY_LITE(mult=1.10 taper=1.00 n=20)+HARD_RISK_CAP(2.0%)+MAXLOSS_CAP;213411.18;213414.03;36;0
2026.08.07 08:24:11;XAUUSD;5;1786059431;OPPOSITE_PENDING_TRAILED;BUY_STOP trailed DOWN: ticket=118168200 old=4292.32 new=4291.99 dist=2.98;MANAGE_PROFIT;SAFE;1;1;1;-1;-1;4290.43;4.41;4.41;3.99;-2.28;KELLY_LITE;true;0.04;213411.18;0.0417;KELLY_LITE(mult=1.10 taper=1.00 n=20)+HARD_RISK_CAP(2.0%)+MAXLOSS_CAP;213411.18;213415.59;36;0
2026.08.07 08:24:24;XAUUSD;5;1786059431;OPPOSITE_PENDING_TRAILED;BUY_STOP trailed DOWN: ticket=118168200 old=4291.99 new=4291.63 dist=3.00;MANAGE_PROFIT;SAFE;1;1;1;-1;-1;4290.43;5.43;5.43;5.13;-2.28;KELLY_LITE;true;0.04;213411.18;0.0417;KELLY_LITE(mult=1.10 taper=1.00 n=20)+HARD_RISK_CAP(2.0%)+MAXLOSS_CAP;213411.18;213416.61;36;0
2026.08.07 08:24:47;XAUUSD;5;1786059431;OPPOSITE_PENDING_TRAILED;BUY_STOP trailed DOWN: ticket=118168200 old=4291.63 new=4291.30 dist=3.01;MANAGE_PROFIT;SAFE;1;1;1;-1;-1;4290.43;6.39;6.39;6.30;-2.28;KELLY_LITE;true;0.04;213411.18;0.0417;KELLY_LITE(mult=1.10 taper=1.00 n=20)+HARD_RISK_CAP(2.0%)+MAXLOSS_CAP;213411.18;213417.57;36;0
2026.08.07 08:25:00;XAUUSD;5;1786059431;OPPOSITE_PENDING_TRAILED;BUY_STOP trailed DOWN: ticket=118168200 old=4291.30 new=4290.91 dist=2.77;MANAGE_PROFIT;SAFE;1;1;1;-1;-1;4290.43;6.75;6.75;7.02;-2.28;KELLY_LITE;true;0.04;213411.18;0.0417;KELLY_LITE(mult=1.10 taper=1.00 n=20)+HARD_RISK_CAP(2.0%)+MAXLOSS_CAP;213411.18;213417.93;36;0
2026.08.07 08:25:29;XAUUSD;5;1786059431;OPPOSITE_PENDING_TRAILED;BUY_STOP trailed DOWN: ticket=118168200 old=4290.91 new=4290.58 dist=2.79;MANAGE_PROFIT;SAFE;1;1;1;-1;-1;4290.43;6.93;6.93;7.47;-2.28;KELLY_LITE;true;0.04;213411.18;0.0417;KELLY_LITE(mult=1.10 taper=1.00 n=20)+HARD_RISK_CAP(2.0%)+MAXLOSS_CAP;213411.18;213418.11;33;0
2026.08.07 08:25:32;XAUUSD;5;1786059431;SL_MODIFIED;ticket=118168201 oldSL=4302.43 newSL=4288.39 reason=break_even_lock_leg_0 (retry buf=3pt);MANAGE_PROFIT;SAFE;1;1;1;-1;-1;4290.43;7.74;7.74;8.01;-2.28;KELLY_LITE;true;0.04;213411.18;0.0417;KELLY_LITE(mult=1.10 taper=1.00 n=20)+HARD_RISK_CAP(2.0%)+MAXLOSS_CAP;213411.18;213418.92;36;0
2026.08.07 08:25:32;XAUUSD;5;1786059431;PROFIT_RATCHET_LOCKED;floor=3.40 peak=8.01;MANAGE_PROFIT;SAFE;1;1;1;-1;-1;4290.43;7.74;7.74;8.01;-2.28;KELLY_LITE;true;0.04;213411.18;0.0417;KELLY_LITE(mult=1.10 taper=1.00 n=20)+HARD_RISK_CAP(2.0%)+MAXLOSS_CAP;213411.18;213418.92;36;0
2026.08.07 08:25:32;XAUUSD;5;1786059431;SL_MODIFIED;ticket=118168201 oldSL=4288.39 newSL=4288.37 reason=break_even_lock_leg_0;MANAGE_PROFIT;SAFE;1;1;1;-1;-1;4290.43;8.28;8.28;8.01;-2.28;KELLY_LITE;true;0.04;213411.18;0.0417;KELLY_LITE(mult=1.10 taper=1.00 n=20)+HARD_RISK_CAP(2.0%)+MAXLOSS_CAP;213411.18;213419.46;36;0
2026.08.07 08:25:32;XAUUSD;5;1786059431;PROFIT_RATCHET_LOCKED;floor=3.40 peak=8.01;MANAGE_PROFIT;SAFE;1;1;1;-1;-1;4290.43;8.28;8.28;8.01;-2.28;KELLY_LITE;true;0.04;213411.18;0.0417;KELLY_LITE(mult=1.10 taper=1.00 n=20)+HARD_RISK_CAP(2.0%)+MAXLOSS_CAP;213411.18;213419.46;36;0
2026.08.07 08:25:33;XAUUSD;5;1786059431;SL_MODIFIED;ticket=118168201 oldSL=4288.37 newSL=4288.19 reason=break_even_lock_leg_0;MANAGE_PROFIT;SAFE;1;1;1;-1;-1;4290.43;8.76;8.76;8.28;-2.28;KELLY_LITE;true;0.04;213411.18;0.0417;KELLY_LITE(mult=1.10 taper=1.00 n=20)+HARD_RISK_CAP(2.0%)+MAXLOSS_CAP;213411.18;213419.94;36;0
2026.08.07 08:25:33;XAUUSD;5;1786059431;PROFIT_RATCHET_LOCKED;floor=3.52 peak=8.28;MANAGE_PROFIT;SAFE;1;1;1;-1;-1;4290.43;8.76;8.76;8.28;-2.28;KELLY_LITE;true;0.04;213411.18;0.0417;KELLY_LITE(mult=1.10 taper=1.00 n=20)+HARD_RISK_CAP(2.0%)+MAXLOSS_CAP;213411.18;213419.94;36;0
2026.08.07 08:25:33;XAUUSD;5;1786059431;SL_MODIFIED;ticket=118168201 oldSL=4288.19 newSL=4288.03 reason=break_even_lock_leg_0;MANAGE_PROFIT;SAFE;1;1;1;-1;-1;4290.43;8.91;8.91;8.76;-2.28;KELLY_LITE;true;0.04;213411.18;0.0417;KELLY_LITE(mult=1.10 taper=1.00 n=20)+HARD_RISK_CAP(2.0%)+MAXLOSS_CAP;213411.18;213420.09;33;0
2026.08.07 08:25:33;XAUUSD;5;1786059431;PROFIT_RATCHET_LOCKED;floor=3.72 peak=8.76;MANAGE_PROFIT;SAFE;1;1;1;-1;-1;4290.43;8.91;8.91;8.76;-2.28;KELLY_LITE;true;0.04;213411.18;0.0417;KELLY_LITE(mult=1.10 taper=1.00 n=20)+HARD_RISK_CAP(2.0%)+MAXLOSS_CAP;213411.18;213420.09;33;0
2026.08.07 08:25:34;XAUUSD;5;1786059431;OPPOSITE_PENDING_TRAILED;BUY_STOP trailed DOWN: ticket=118168200 old=4290.58 new=4290.26 dist=2.80;MANAGE_PROFIT;SAFE;1;1;1;-1;-1;4290.43;8.94;8.94;8.76;-2.28;KELLY_LITE;true;0.04;213411.18;0.0417;KELLY_LITE(mult=1.10 taper=1.00 n=20)+HARD_RISK_CAP(2.0%)+MAXLOSS_CAP;213411.18;213420.12;33;0
2026.08.07 08:25:34;XAUUSD;5;1786059431;SL_MODIFY_FAILED;ticket=118168201 newSL=4287.97 reason=break_even_lock_leg_0 err=0;MANAGE_PROFIT;SAFE;1;1;1;-1;-1;4290.43;8.70;8.70;8.94;-2.28;KELLY_LITE;true;0.04;213411.18;0.0417;KELLY_LITE(mult=1.10 taper=1.00 n=20)+HARD_RISK_CAP(2.0%)+MAXLOSS_CAP;213411.18;213419.88;36;0
2026.08.07 08:25:34;XAUUSD;5;1786059431;PROFIT_RATCHET_LOCKED;floor=3.80 peak=8.94;MANAGE_PROFIT;SAFE;1;1;1;-1;-1;4290.43;8.70;8.70;8.94;-2.28;KELLY_LITE;true;0.04;213411.18;0.0417;KELLY_LITE(mult=1.10 taper=1.00 n=20)+HARD_RISK_CAP(2.0%)+MAXLOSS_CAP;213411.18;213419.88;36;0
2026.08.07 08:25:34;XAUUSD;5;1786059431;PROFIT_RATCHET_LOCKED;floor=3.80 peak=8.94;MANAGE_PROFIT;SAFE;1;1;1;-1;-1;4290.43;8.70;8.70;8.94;-2.28;KELLY_LITE;true;0.04;213411.18;0.0417;KELLY_LITE(mult=1.10 taper=1.00 n=20)+HARD_RISK_CAP(2.0%)+MAXLOSS_CAP;213411.18;213419.88;36;0
2026.08.07 08:25:34;XAUUSD;5;1786059431;PROFIT_RATCHET_LOCKED;floor=3.80 peak=8.94;MANAGE_PROFIT;SAFE;1;1;1;-1;-1;4290.43;8.58;8.58;8.94;-2.28;KELLY_LITE;true;0.04;213411.18;0.0417;KELLY_LITE(mult=1.10 taper=1.00 n=20)+HARD_RISK_CAP(2.0%)+MAXLOSS_CAP;213411.18;213419.76;35;0
2026.08.07 08:25:35;XAUUSD;5;1786059431;PROFIT_RATCHET_LOCKED;floor=3.80 peak=8.94;MANAGE_PROFIT;SAFE;1;1;1;-1;-1;4290.43;8.67;8.67;8.94;-2.28;KELLY_LITE;true;0.04;213411.18;0.0417;KELLY_LITE(mult=1.10 taper=1.00 n=20)+HARD_RISK_CAP(2.0%)+MAXLOSS_CAP;213411.18;213419.85;36;0
2026.08.07 08:25:35;XAUUSD;5;1786059431;PROFIT_RATCHET_LOCKED;floor=3.80 peak=8.94;MANAGE_PROFIT;SAFE;1;1;1;-1;-1;4290.43;8.55;8.55;8.94;-2.28;KELLY_LITE;true;0.04;213411.18;0.0417;KELLY_LITE(mult=1.10 taper=1.00 n=20)+HARD_RISK_CAP(2.0%)+MAXLOSS_CAP;213411.18;213419.73;36;0
2026.08.07 08:25:36;XAUUSD;5;1786059431;PROFIT_RATCHET_LOCKED;floor=3.80 peak=8.94;MANAGE_PROFIT;SAFE;1;1;1;-1;-1;4290.43;8.67;8.67;8.94;-2.28;KELLY_LITE;true;0.04;213411.18;0.0417;KELLY_LITE(mult=1.10 taper=1.00 n=20)+HARD_RISK_CAP(2.0%)+MAXLOSS_CAP;213411.18;213419.85;36;0
2026.08.07 08:25:36;XAUUSD;5;1786059431;PROFIT_RATCHET_LOCKED;floor=3.80 peak=8.94;MANAGE_PROFIT;SAFE;1;1;1;-1;-1;4290.43;8.61;8.61;8.94;-2.28;KELLY_LITE;true;0.04;213411.18;0.0417;KELLY_LITE(mult=1.10 taper=1.00 n=20)+HARD_RISK_CAP(2.0%)+MAXLOSS_CAP;213411.18;213419.79;36;0
2026.08.07 08:25:37;XAUUSD;5;1786059431;SL_MODIFIED;ticket=118168201 oldSL=4288.03 newSL=4288.00 reason=break_even_lock_leg_0 (retry buf=3pt);MANAGE_PROFIT;SAFE;1;1;1;-1;-1;4290.43;9.03;9.03;8.97;-2.28;KELLY_LITE;true;0.04;213411.18;0.0417;KELLY_LITE(mult=1.10 taper=1.00 n=20)+HARD_RISK_CAP(2.0%)+MAXLOSS_CAP;213411.18;213420.21;36;0
2026.08.07 08:25:37;XAUUSD;5;1786059431;PROFIT_RATCHET_LOCKED;floor=3.81 peak=8.97;MANAGE_PROFIT;SAFE;1;1;1;-1;-1;4290.43;9.03;9.03;8.97;-2.28;KELLY_LITE;true;0.04;213411.18;0.0417;KELLY_LITE(mult=1.10 taper=1.00 n=20)+HARD_RISK_CAP(2.0%)+MAXLOSS_CAP;213411.18;213420.21;36;0
2026.08.07 08:25:38;XAUUSD;5;1786059431;SL_MODIFIED;ticket=118168201 oldSL=4288.00 newSL=4287.94 reason=break_even_lock_leg_0 (retry buf=3pt);MANAGE_PROFIT;SAFE;1;1;1;-1;-1;4290.43;9.39;9.39;9.03;-2.28;KELLY_LITE;true;0.04;213411.18;0.0417;KELLY_LITE(mult=1.10 taper=1.00 n=20)+HARD_RISK_CAP(2.0%)+MAXLOSS_CAP;213411.18;213420.57;36;0
2026.08.07 08:25:38;XAUUSD;5;1786059431;PROFIT_RATCHET_LOCKED;floor=3.84 peak=9.03;MANAGE_PROFIT;SAFE;1;1;1;-1;-1;4290.43;9.39;9.39;9.03;-2.28;KELLY_LITE;true;0.04;213411.18;0.0417;KELLY_LITE(mult=1.10 taper=1.00 n=20)+HARD_RISK_CAP(2.0%)+MAXLOSS_CAP;213411.18;213420.57;36;0
2026.08.07 08:25:39;XAUUSD;5;1786059431;SL_MODIFIED;ticket=118168201 oldSL=4287.94 newSL=4287.82 reason=break_even_lock_leg_0;MANAGE_PROFIT;SAFE;1;1;1;-1;-1;4290.43;9.42;9.42;9.39;-2.28;KELLY_LITE;true;0.04;213411.18;0.0417;KELLY_LITE(mult=1.10 taper=1.00 n=20)+HARD_RISK_CAP(2.0%)+MAXLOSS_CAP;213411.18;213420.60;36;0
2026.08.07 08:25:39;XAUUSD;5;1786059431;PROFIT_RATCHET_LOCKED;floor=3.99 peak=9.39;MANAGE_PROFIT;SAFE;1;1;1;-1;-1;4290.43;9.42;9.42;9.39;-2.28;KELLY_LITE;true;0.04;213411.18;0.0417;KELLY_LITE(mult=1.10 taper=1.00 n=20)+HARD_RISK_CAP(2.0%)+MAXLOSS_CAP;213411.18;213420.60;36;0
2026.08.07 08:25:39;XAUUSD;5;1786059431;PROFIT_RATCHET_LOCKED;floor=4.00 peak=9.42;MANAGE_PROFIT;SAFE;1;1;1;-1;-1;4290.43;9.42;9.42;9.42;-2.28;KELLY_LITE;true;0.04;213411.18;0.0417;KELLY_LITE(mult=1.10 taper=1.00 n=20)+HARD_RISK_CAP(2.0%)+MAXLOSS_CAP;213411.18;213420.60;36;0
2026.08.07 08:25:39;XAUUSD;5;1786059431;PROFIT_RATCHET_LOCKED;floor=4.00 peak=9.42;MANAGE_PROFIT;SAFE;1;1;1;-1;-1;4290.43;9.36;9.36;9.42;-2.28;KELLY_LITE;true;0.04;213411.18;0.0417;KELLY_LITE(mult=1.10 taper=1.00 n=20)+HARD_RISK_CAP(2.0%)+MAXLOSS_CAP;213411.18;213420.54;36;0
2026.08.07 08:25:39;XAUUSD;5;1786059431;PROFIT_RATCHET_LOCKED;floor=4.00 peak=9.42;MANAGE_PROFIT;SAFE;1;1;1;-1;-1;4290.43;9.42;9.42;9.42;-2.28;KELLY_LITE;true;0.04;213411.18;0.0417;KELLY_LITE(mult=1.10 taper=1.00 n=20)+HARD_RISK_CAP(2.0%)+MAXLOSS_CAP;213411.18;213420.60;36;0
2026.08.07 08:25:39;XAUUSD;5;1786059431;PROFIT_RATCHET_LOCKED;floor=4.00 peak=9.42;MANAGE_PROFIT;SAFE;1;1;1;-1;-1;4290.43;9.39;9.39;9.42;-2.28;KELLY_LITE;true;0.04;213411.18;0.0417;KELLY_LITE(mult=1.10 taper=1.00 n=20)+HARD_RISK_CAP(2.0%)+MAXLOSS_CAP;213411.18;213420.57;36;0
2026.08.07 08:25:40;XAUUSD;5;1786059431;PROFIT_RATCHET_LOCKED;floor=4.00 peak=9.42;MANAGE_PROFIT;SAFE;1;1;1;-1;-1;4290.43;9.42;9.42;9.42;-2.28;KELLY_LITE;true;0.04;213411.18;0.0417;KELLY_LITE(mult=1.10 taper=1.00 n=20)+HARD_RISK_CAP(2.0%)+MAXLOSS_CAP;213411.18;213420.60;36;0
2026.08.07 08:25:40;XAUUSD;5;1786059431;PROFIT_RATCHET_LOCKED;floor=4.00 peak=9.42;MANAGE_PROFIT;SAFE;1;1;1;-1;-1;4290.43;9.18;9.18;9.42;-2.28;KELLY_LITE;true;0.04;213411.18;0.0417;KELLY_LITE(mult=1.10 taper=1.00 n=20)+HARD_RISK_CAP(2.0%)+MAXLOSS_CAP;213411.18;213420.36;36;0
2026.08.07 08:25:40;XAUUSD;5;1786059431;PROFIT_RATCHET_LOCKED;floor=4.00 peak=9.42;MANAGE_PROFIT;SAFE;1;1;1;-1;-1;4290.43;9.24;9.24;9.42;-2.28;KELLY_LITE;true;0.04;213411.18;0.0417;KELLY_LITE(mult=1.10 taper=1.00 n=20)+HARD_RISK_CAP(2.0%)+MAXLOSS_CAP;213411.18;213420.42;36;0
2026.08.07 08:25:41;XAUUSD;5;1786059431;PROFIT_RATCHET_LOCKED;floor=4.00 peak=9.42;MANAGE_PROFIT;SAFE;1;1;1;-1;-1;4290.43;9.36;9.36;9.42;-2.28;KELLY_LITE;true;0.04;213411.18;0.0417;KELLY_LITE(mult=1.10 taper=1.00 n=20)+HARD_RISK_CAP(2.0%)+MAXLOSS_CAP;213411.18;213420.54;36;0
2026.08.07 08:25:41;XAUUSD;5;1786059431;PROFIT_RATCHET_LOCKED;floor=4.00 peak=9.42;MANAGE_PROFIT;SAFE;1;1;1;-1;-1;4290.43;9.27;9.27;9.42;-2.28;KELLY_LITE;true;0.04;213411.18;0.0417;KELLY_LITE(mult=1.10 taper=1.00 n=20)+HARD_RISK_CAP(2.0%)+MAXLOSS_CAP;213411.18;213420.45;36;0
2026.08.07 08:25:41;XAUUSD;5;1786059431;PROFIT_RATCHET_LOCKED;floor=4.00 peak=9.42;MANAGE_PROFIT;SAFE;1;1;1;-1;-1;4290.43;9.39;9.39;9.42;-2.28;KELLY_LITE;true;0.04;213411.18;0.0417;KELLY_LITE(mult=1.10 taper=1.00 n=20)+HARD_RISK_CAP(2.0%)+MAXLOSS_CAP;213411.18;213420.57;36;0
2026.08.07 08:25:42;XAUUSD;5;1786059431;PROFIT_RATCHET_LOCKED;floor=4.00 peak=9.42;MANAGE_PROFIT;SAFE;1;1;1;-1;-1;4290.43;9.36;9.36;9.42;-2.28;KELLY_LITE;true;0.04;213411.18;0.0417;KELLY_LITE(mult=1.10 taper=1.00 n=20)+HARD_RISK_CAP(2.0%)+MAXLOSS_CAP;213411.18;213420.54;36;0
2026.08.07 08:25:42;XAUUSD;5;1786059431;PROFIT_RATCHET_LOCKED;floor=4.00 peak=9.42;MANAGE_PROFIT;SAFE;1;1;1;-1;-1;4290.43;9.30;9.30;9.42;-2.28;KELLY_LITE;true;0.04;213411.18;0.0417;KELLY_LITE(mult=1.10 taper=1.00 n=20)+HARD_RISK_CAP(2.0%)+MAXLOSS_CAP;213411.18;213420.48;36;0
2026.08.07 08:25:42;XAUUSD;5;1786059431;PROFIT_RATCHET_LOCKED;floor=4.00 peak=9.42;MANAGE_PROFIT;SAFE;1;1;1;-1;-1;4290.43;9.33;9.33;9.42;-2.28;KELLY_LITE;true;0.04;213411.18;0.0417;KELLY_LITE(mult=1.10 taper=1.00 n=20)+HARD_RISK_CAP(2.0%)+MAXLOSS_CAP;213411.18;213420.51;36;0
2026.08.07 08:25:43;XAUUSD;5;1786059431;PROFIT_RATCHET_LOCKED;floor=4.00 peak=9.42;MANAGE_PROFIT;SAFE;1;1;1;-1;-1;4290.43;9.12;9.12;9.42;-2.28;KELLY_LITE;true;0.04;213411.18;0.0417;KELLY_LITE(mult=1.10 taper=1.00 n=20)+HARD_RISK_CAP(2.0%)+MAXLOSS_CAP;213411.18;213420.30;36;0
2026.08.07 08:25:43;XAUUSD;5;1786059431;PROFIT_RATCHET_LOCKED;floor=4.00 peak=9.42;MANAGE_PROFIT;SAFE;1;1;1;-1;-1;4290.43;8.88;8.88;9.42;-2.28;KELLY_LITE;true;0.04;213411.18;0.0417;KELLY_LITE(mult=1.10 taper=1.00 n=20)+HARD_RISK_CAP(2.0%)+MAXLOSS_CAP;213411.18;213420.06;35;0
2026.08.07 08:25:43;XAUUSD;5;1786059431;PROFIT_RATCHET_LOCKED;floor=4.00 peak=9.42;MANAGE_PROFIT;SAFE;1;1;1;-1;-1;4290.43;8.73;8.73;9.42;-2.28;KELLY_LITE;true;0.04;213411.18;0.0417;KELLY_LITE(mult=1.10 taper=1.00 n=20)+HARD_RISK_CAP(2.0%)+MAXLOSS_CAP;213411.18;213419.91;36;0
2026.08.07 08:25:43;XAUUSD;5;1786059431;PROFIT_RATCHET_LOCKED;floor=4.00 peak=9.42;MANAGE_PROFIT;SAFE;1;1;1;-1;-1;4290.43;8.70;8.70;9.42;-2.28;KELLY_LITE;true;0.04;213411.18;0.0417;KELLY_LITE(mult=1.10 taper=1.00 n=20)+HARD_RISK_CAP(2.0%)+MAXLOSS_CAP;213411.18;213419.88;36;0
2026.08.07 08:25:43;XAUUSD;5;1786059431;PROFIT_RATCHET_LOCKED;floor=4.00 peak=9.42;MANAGE_PROFIT;SAFE;1;1;1;-1;-1;4290.43;8.79;8.79;9.42;-2.28;KELLY_LITE;true;0.04;213411.18;0.0417;KELLY_LITE(mult=1.10 taper=1.00 n=20)+HARD_RISK_CAP(2.0%)+MAXLOSS_CAP;213411.18;213419.97;36;0
2026.08.07 08:25:44;XAUUSD;5;1786059431;PROFIT_RATCHET_LOCKED;floor=4.00 peak=9.42;MANAGE_PROFIT;SAFE;1;1;1;-1;-1;4290.43;8.82;8.82;9.42;-2.28;KELLY_LITE;true;0.04;213411.18;0.0417;KELLY_LITE(mult=1.10 taper=1.00 n=20)+HARD_RISK_CAP(2.0%)+MAXLOSS_CAP;213411.18;213420.00;36;0
2026.08.07 08:25:44;XAUUSD;5;1786059431;PROFIT_RATCHET_LOCKED;floor=4.00 peak=9.42;MANAGE_PROFIT;SAFE;1;1;1;-1;-1;4290.43;8.85;8.85;9.42;-2.28;KELLY_LITE;true;0.04;213411.18;0.0417;KELLY_LITE(mult=1.10 taper=1.00 n=20)+HARD_RISK_CAP(2.0%)+MAXLOSS_CAP;213411.18;213420.03;36;0
2026.08.07 08:25:44;XAUUSD;5;1786059431;PROFIT_RATCHET_LOCKED;floor=4.00 peak=9.42;MANAGE_PROFIT;SAFE;1;1;1;-1;-1;4290.43;8.73;8.73;9.42;-2.28;KELLY_LITE;true;0.04;213411.18;0.0417;KELLY_LITE(mult=1.10 taper=1.00 n=20)+HARD_RISK_CAP(2.0%)+MAXLOSS_CAP;213411.18;213419.91;36;0
2026.08.07 08:25:45;XAUUSD;5;1786059431;PROFIT_RATCHET_LOCKED;floor=4.00 peak=9.42;MANAGE_PROFIT;SAFE;1;1;1;-1;-1;4290.43;8.34;8.34;9.42;-2.28;KELLY_LITE;true;0.04;213411.18;0.0417;KELLY_LITE(mult=1.10 taper=1.00 n=20)+HARD_RISK_CAP(2.0%)+MAXLOSS_CAP;213411.18;213419.52;36;0
2026.08.07 08:25:45;XAUUSD;5;1786059431;PROFIT_RATCHET_LOCKED;floor=4.00 peak=9.42;MANAGE_PROFIT;SAFE;1;1;1;-1;-1;4290.43;8.49;8.49;9.42;-2.28;KELLY_LITE;true;0.04;213411.18;0.0417;KELLY_LITE(mult=1.10 taper=1.00 n=20)+HARD_RISK_CAP(2.0%)+MAXLOSS_CAP;213411.18;213419.67;33;0
2026.08.07 08:25:45;XAUUSD;5;1786059431;PROFIT_RATCHET_LOCKED;floor=4.00 peak=9.42;MANAGE_PROFIT;SAFE;1;1;1;-1;-1;4290.43;8.88;8.88;9.42;-2.28;KELLY_LITE;true;0.04;213411.18;0.0417;KELLY_LITE(mult=1.10 taper=1.00 n=20)+HARD_RISK_CAP(2.0%)+MAXLOSS_CAP;213411.18;213420.06;36;0
2026.08.07 08:25:46;XAUUSD;5;1786059431;PROFIT_RATCHET_LOCKED;floor=4.00 peak=9.42;MANAGE_PROFIT;SAFE;1;1;1;-1;-1;4290.43;8.85;8.85;9.42;-2.28;KELLY_LITE;true;0.04;213411.18;0.0417;KELLY_LITE(mult=1.10 taper=1.00 n=20)+HARD_RISK_CAP(2.0%)+MAXLOSS_CAP;213411.18;213420.03;36;0
2026.08.07 08:25:46;XAUUSD;5;1786059431;PROFIT_RATCHET_LOCKED;floor=4.00 peak=9.42;MANAGE_PROFIT;SAFE;1;1;1;-1;-1;4290.43;8.82;8.82;9.42;-2.28;KELLY_LITE;true;0.04;213411.18;0.0417;KELLY_LITE(mult=1.10 taper=1.00 n=20)+HARD_RISK_CAP(2.0%)+MAXLOSS_CAP;213411.18;213420.00;36;0
2026.08.07 08:25:46;XAUUSD;5;1786059431;PROFIT_RATCHET_LOCKED;floor=4.00 peak=9.42;MANAGE_PROFIT;SAFE;1;1;1;-1;-1;4290.43;8.61;8.61;9.42;-2.28;KELLY_LITE;true;0.04;213411.18;0.0417;KELLY_LITE(mult=1.10 taper=1.00 n=20)+HARD_RISK_CAP(2.0%)+MAXLOSS_CAP;213411.18;213419.79;36;0
2026.08.07 08:25:46;XAUUSD;5;1786059431;PROFIT_RATCHET_LOCKED;floor=4.00 peak=9.42;MANAGE_PROFIT;SAFE;1;1;1;-1;-1;4290.43;8.55;8.55;9.42;-2.28;KELLY_LITE;true;0.04;213411.18;0.0417;KELLY_LITE(mult=1.10 taper=1.00 n=20)+HARD_RISK_CAP(2.0%)+MAXLOSS_CAP;213411.18;213419.73;35;0
2026.08.07 08:25:47;XAUUSD;5;1786059431;PROFIT_RATCHET_LOCKED;floor=4.00 peak=9.42;MANAGE_PROFIT;SAFE;1;1;1;-1;-1;4290.43;8.73;8.73;9.42;-2.28;KELLY_LITE;true;0.04;213411.18;0.0417;KELLY_LITE(mult=1.10 taper=1.00 n=20)+HARD_RISK_CAP(2.0%)+MAXLOSS_CAP;213411.18;213419.91;36;0
2026.08.07 08:25:47;XAUUSD;5;1786059431;PROFIT_RATCHET_LOCKED;floor=4.00 peak=9.42;MANAGE_PROFIT;SAFE;1;1;1;-1;-1;4290.43;8.88;8.88;9.42;-2.28;KELLY_LITE;true;0.04;213411.18;0.0417;KELLY_LITE(mult=1.10 taper=1.00 n=20)+HARD_RISK_CAP(2.0%)+MAXLOSS_CAP;213411.18;213420.06;36;0
2026.08.07 08:25:47;XAUUSD;5;1786059431;PROFIT_RATCHET_LOCKED;floor=4.00 peak=9.42;MANAGE_PROFIT;SAFE;1;1;1;-1;-1;4290.43;8.25;8.25;9.42;-2.28;KELLY_LITE;true;0.04;213411.18;0.0417;KELLY_LITE(mult=1.10 taper=1.00 n=20)+HARD_RISK_CAP(2.0%)+MAXLOSS_CAP;213411.18;213419.43;37;0
2026.08.07 08:25:47;XAUUSD;5;1786059431;EXIT_TIERED_TRAIL;profit=7.41 peak=9.42 allowedRetrace=1.41;MANAGE_PROFIT;SAFE;1;1;1;-1;-1;4290.43;7.41;7.41;9.42;-2.28;KELLY_LITE;true;0.04;213411.18;0.0417;KELLY_LITE(mult=1.10 taper=1.00 n=20)+HARD_RISK_CAP(2.0%)+MAXLOSS_CAP;213411.18;213418.59;33;0
2026.08.07 08:25:48;XAUUSD;5;1786059431;PENDING_DELETED;ticket=118168200 reason=close_all_cleanup;MANAGE_PROFIT;SAFE;0;0;1;-1;-1;4290.43;0.00;0.00;9.42;-2.28;KELLY_LITE;true;0.04;213411.18;0.0417;KELLY_LITE(mult=1.10 taper=1.00 n=20)+HARD_RISK_CAP(2.0%)+MAXLOSS_CAP;213419.01;213419.01;36;0
2026.08.07 08:25:48;XAUUSD;5;1786059431;CYCLE_RESET;oldState=RESET realizedPnL=7.83 peak=9.42 worst=-2.28 pyramid=0 consLosses=0;RESET;SAFE;0;0;0;-1;-1;4290.43;0.00;0.00;9.42;-2.28;KELLY_LITE;true;0.04;213411.18;0.0417;KELLY_LITE(mult=1.10 taper=1.00 n=20)+HARD_RISK_CAP(2.0%)+MAXLOSS_CAP;213419.01;213419.01;36;0
2026.08.07 08:30:48;XAUUSD;5;1786059432;PLACE_PENDING_START;cycle=1786059432 trend=1 consecLosses=0 preset=AGGRESSIVE;PLACE_PENDING;SAFE;0;0;0;-1;-1;0.00;0.00;0.00;0.00;0.00;KELLY_LITE;true;0.04;213411.18;0.0417;KELLY_LITE(mult=1.10 taper=1.00 n=20)+HARD_RISK_CAP(2.0%)+MAXLOSS_CAP;213419.01;213419.01;36;0
2026.08.07 08:30:48;XAUUSD;5;1786059432;DIR_OCO_PLACED;dir=BULL ticket=118169047 price=4287.15 sl=4272.15 tp=4309.65 lot=0.04 dist=1.85;PLACE_PENDING;SAFE;0;1;0;118169047;-1;0.00;0.00;0.00;0.00;0.00;KELLY_LITE;true;0.04;213419.01;0.0417;KELLY_LITE(mult=1.20 taper=1.00 n=20)+HARD_RISK_CAP(2.0%)+MAXLOSS_CAP;213419.01;213419.01;36;0
2026.08.07 08:30:49;XAUUSD;5;1786059432;DIR_OCO_COUNTER_PLACED;dir=BEAR(counter) ticket=118169048 price=4283.08 lot=0.03;PLACE_PENDING;SAFE;0;2;0;118169047;118169048;0.00;0.00;0.00;0.00;0.00;KELLY_LITE;true;0.04;213419.01;0.0417;KELLY_LITE(mult=1.20 taper=1.00 n=20)+HARD_RISK_CAP(2.0%)+MAXLOSS_CAP;213419.01;213419.01;36;0
2026.08.07 08:30:54;XAUUSD;5;1786059432;BUY_STOP_TRAILED;Old=4287.15 New=4286.66;WAIT_TRIGGER;SAFE;0;2;0;118169047;118169048;0.00;0.00;0.00;0.00;0.00;KELLY_LITE;true;0.04;213419.01;0.0417;KELLY_LITE(mult=1.20 taper=1.00 n=20)+HARD_RISK_CAP(2.0%)+MAXLOSS_CAP;213419.01;213419.01;36;0
2026.08.07 08:30:57;XAUUSD;5;1786059432;BUY_STOP_TRAILED;Old=4286.66 New=4286.23;WAIT_TRIGGER;SAFE;0;2;0;118169047;118169048;0.00;0.00;0.00;0.00;0.00;KELLY_LITE;true;0.04;213419.01;0.0417;KELLY_LITE(mult=1.20 taper=1.00 n=20)+HARD_RISK_CAP(2.0%)+MAXLOSS_CAP;213419.01;213419.01;36;0
2026.08.07 08:31:27;XAUUSD;5;1786059432;SELL_STOP_TRAILED;Old=4283.08 New=4283.53;WAIT_TRIGGER;SAFE;0;2;0;118169047;118169048;0.00;0.00;0.00;0.00;0.00;KELLY_LITE;true;0.04;213419.01;0.0417;KELLY_LITE(mult=1.20 taper=1.00 n=20)+HARD_RISK_CAP(2.0%)+MAXLOSS_CAP;213419.01;213419.01;36;0
2026.08.07 08:31:55;XAUUSD;5;1786059432;SELL_STOP_TRAILED;Old=4283.53 New=4283.93;WAIT_TRIGGER;SAFE;0;2;0;118169047;118169048;0.00;0.00;0.00;0.00;0.00;KELLY_LITE;true;0.04;213419.01;0.0417;KELLY_LITE(mult=1.20 taper=1.00 n=20)+HARD_RISK_CAP(2.0%)+MAXLOSS_CAP;213419.01;213419.01;36;0
2026.08.07 08:31:56;XAUUSD;5;1786059432;OCO_TRIGGERED_BUY;ticket=118169047 entry=4286.23;POSITION_ACTIVE;SAFE;1;1;0;-1;118169048;0.00;-1.00;-1.00;0.00;0.00;KELLY_LITE;true;0.04;213419.01;0.0417;KELLY_LITE(mult=1.20 taper=1.00 n=20)+HARD_RISK_CAP(2.0%)+MAXLOSS_CAP;213419.01;213418.01;36;0
2026.08.07 08:31:56;XAUUSD;5;1786059432;OPPOSITE_TRAIL_ARMED;opposite_ticket=118169048 will trail price;POSITION_ACTIVE;SAFE;1;1;0;-1;118169048;0.00;-1.00;-1.00;0.00;0.00;KELLY_LITE;true;0.04;213419.01;0.0417;KELLY_LITE(mult=1.20 taper=1.00 n=20)+HARD_RISK_CAP(2.0%)+MAXLOSS_CAP;213419.01;213418.01;36;0
2026.08.07 08:35:37;XAUUSD;5;1786059432;SL_MODIFIED;ticket=118169047 oldSL=4274.23 newSL=4287.74 reason=break_even_lock_leg_0 (retry buf=3pt);MANAGE_PROFIT;SAFE;1;1;1;-1;-1;4286.23;8.16;8.12;8.68;-4.00;KELLY_LITE;true;0.04;213419.01;0.0417;KELLY_LITE(mult=1.20 taper=1.00 n=20)+HARD_RISK_CAP(2.0%)+MAXLOSS_CAP;213419.01;213427.17;36;0
2026.08.07 08:35:37;XAUUSD;5;1786059432;PROFIT_RATCHET_LOCKED;floor=2.93 peak=8.68;MANAGE_PROFIT;SAFE;1;1;1;-1;-1;4286.23;8.16;8.12;8.68;-4.00;KELLY_LITE;true;0.04;213419.01;0.0417;KELLY_LITE(mult=1.20 taper=1.00 n=20)+HARD_RISK_CAP(2.0%)+MAXLOSS_CAP;213419.01;213427.17;36;0
2026.08.07 08:35:37;XAUUSD;5;1786059432;PROFIT_RATCHET_LOCKED;floor=2.93 peak=8.68;MANAGE_PROFIT;SAFE;1;1;1;-1;-1;4286.23;8.16;8.12;8.68;-4.00;KELLY_LITE;true;0.04;213419.01;0.0417;KELLY_LITE(mult=1.20 taper=1.00 n=20)+HARD_RISK_CAP(2.0%)+MAXLOSS_CAP;213419.01;213427.17;36;0
2026.08.07 08:35:38;XAUUSD;5;1786059432;SL_MODIFIED;ticket=118169047 oldSL=4287.74 newSL=4287.77 reason=break_even_lock_leg_0;MANAGE_PROFIT;SAFE;1;1;1;-1;-1;4286.23;8.52;8.52;8.68;-4.00;KELLY_LITE;true;0.04;213419.01;0.0417;KELLY_LITE(mult=1.20 taper=1.00 n=20)+HARD_RISK_CAP(2.0%)+MAXLOSS_CAP;213419.01;213427.53;36;0
2026.08.07 08:35:38;XAUUSD;5;1786059432;PROFIT_RATCHET_LOCKED;floor=2.93 peak=8.68;MANAGE_PROFIT;SAFE;1;1;1;-1;-1;4286.23;8.52;8.52;8.68;-4.00;KELLY_LITE;true;0.04;213419.01;0.0417;KELLY_LITE(mult=1.20 taper=1.00 n=20)+HARD_RISK_CAP(2.0%)+MAXLOSS_CAP;213419.01;213427.53;36;0
2026.08.07 08:35:39;XAUUSD;5;1786059432;SL_MODIFIED;ticket=118169047 oldSL=4287.77 newSL=4287.84 reason=break_even_lock_leg_0;MANAGE_PROFIT;SAFE;1;1;1;-1;-1;4286.23;8.52;8.52;8.68;-4.00;KELLY_LITE;true;0.04;213419.01;0.0417;KELLY_LITE(mult=1.20 taper=1.00 n=20)+HARD_RISK_CAP(2.0%)+MAXLOSS_CAP;213419.01;213427.53;36;0
2026.08.07 08:35:39;XAUUSD;5;1786059432;PROFIT_RATCHET_LOCKED;floor=2.93 peak=8.68;MANAGE_PROFIT;SAFE;1;1;1;-1;-1;4286.23;8.52;8.52;8.68;-4.00;KELLY_LITE;true;0.04;213419.01;0.0417;KELLY_LITE(mult=1.20 taper=1.00 n=20)+HARD_RISK_CAP(2.0%)+MAXLOSS_CAP;213419.01;213427.53;36;0
2026.08.07 08:35:39;XAUUSD;5;1786059432;PROFIT_RATCHET_LOCKED;floor=2.93 peak=8.68;MANAGE_PROFIT;SAFE;1;1;1;-1;-1;4286.23;8.36;8.36;8.68;-4.00;KELLY_LITE;true;0.04;213419.01;0.0417;KELLY_LITE(mult=1.20 taper=1.00 n=20)+HARD_RISK_CAP(2.0%)+MAXLOSS_CAP;213419.01;213427.37;36;0
2026.08.07 08:35:39;XAUUSD;5;1786059432;PROFIT_RATCHET_LOCKED;floor=2.93 peak=8.68;MANAGE_PROFIT;SAFE;1;1;1;-1;-1;4286.23;8.20;8.20;8.68;-4.00;KELLY_LITE;true;0.04;213419.01;0.0417;KELLY_LITE(mult=1.20 taper=1.00 n=20)+HARD_RISK_CAP(2.0%)+MAXLOSS_CAP;213419.01;213427.21;36;0
2026.08.07 08:35:39;XAUUSD;5;1786059432;PROFIT_RATCHET_LOCKED;floor=2.93 peak=8.68;MANAGE_PROFIT;SAFE;1;1;1;-1;-1;4286.23;8.40;8.40;8.68;-4.00;KELLY_LITE;true;0.04;213419.01;0.0417;KELLY_LITE(mult=1.20 taper=1.00 n=20)+HARD_RISK_CAP(2.0%)+MAXLOSS_CAP;213419.01;213427.41;36;0
2026.08.07 08:35:40;XAUUSD;5;1786059432;SL_MODIFIED;ticket=118169047 oldSL=4287.84 newSL=4287.88 reason=break_even_lock_leg_0;MANAGE_PROFIT;SAFE;1;1;1;-1;-1;4286.23;8.76;8.76;8.68;-4.00;KELLY_LITE;true;0.04;213419.01;0.0417;KELLY_LITE(mult=1.20 taper=1.00 n=20)+HARD_RISK_CAP(2.0%)+MAXLOSS_CAP;213419.01;213427.77;36;0
2026.08.07 08:35:40;XAUUSD;5;1786059432;PROFIT_RATCHET_LOCKED;floor=2.93 peak=8.68;MANAGE_PROFIT;SAFE;1;1;1;-1;-1;4286.23;8.76;8.76;8.68;-4.00;KELLY_LITE;true;0.04;213419.01;0.0417;KELLY_LITE(mult=1.20 taper=1.00 n=20)+HARD_RISK_CAP(2.0%)+MAXLOSS_CAP;213419.01;213427.77;36;0
2026.08.07 08:35:40;XAUUSD;5;1786059432;PROFIT_RATCHET_LOCKED;floor=2.96 peak=8.76;MANAGE_PROFIT;SAFE;1;1;1;-1;-1;4286.23;8.76;8.76;8.76;-4.00;KELLY_LITE;true;0.04;213419.01;0.0417;KELLY_LITE(mult=1.20 taper=1.00 n=20)+HARD_RISK_CAP(2.0%)+MAXLOSS_CAP;213419.01;213427.77;36;0
2026.08.07 08:35:40;XAUUSD;5;1786059432;SL_MODIFIED;ticket=118169047 oldSL=4287.88 newSL=4287.93 reason=break_even_lock_leg_0;MANAGE_PROFIT;SAFE;1;1;1;-1;-1;4286.23;8.88;8.88;8.88;-4.00;KELLY_LITE;true;0.04;213419.01;0.0417;KELLY_LITE(mult=1.20 taper=1.00 n=20)+HARD_RISK_CAP(2.0%)+MAXLOSS_CAP;213419.01;213427.89;36;0
2026.08.07 08:35:40;XAUUSD;5;1786059432;PROFIT_RATCHET_LOCKED;floor=3.00 peak=8.88;MANAGE_PROFIT;SAFE;1;1;1;-1;-1;4286.23;8.88;8.88;8.88;-4.00;KELLY_LITE;true;0.04;213419.01;0.0417;KELLY_LITE(mult=1.20 taper=1.00 n=20)+HARD_RISK_CAP(2.0%)+MAXLOSS_CAP;213419.01;213427.89;36;0
2026.08.07 08:35:41;XAUUSD;5;1786059432;PROFIT_RATCHET_LOCKED;floor=3.01 peak=8.92;MANAGE_PROFIT;SAFE;1;1;1;-1;-1;4286.23;8.92;8.92;8.92;-4.00;KELLY_LITE;true;0.04;213419.01;0.0417;KELLY_LITE(mult=1.20 taper=1.00 n=20)+HARD_RISK_CAP(2.0%)+MAXLOSS_CAP;213419.01;213427.93;36;0
2026.08.07 08:35:41;XAUUSD;5;1786059432;PROFIT_RATCHET_LOCKED;floor=3.01 peak=8.92;MANAGE_PROFIT;SAFE;1;1;1;-1;-1;4286.23;8.88;8.88;8.92;-4.00;KELLY_LITE;true;0.04;213419.01;0.0417;KELLY_LITE(mult=1.20 taper=1.00 n=20)+HARD_RISK_CAP(2.0%)+MAXLOSS_CAP;213419.01;213427.89;36;0
2026.08.07 08:35:42;XAUUSD;5;1786059432;PROFIT_RATCHET_LOCKED;floor=3.02 peak=8.96;MANAGE_PROFIT;SAFE;1;1;1;-1;-1;4286.23;8.96;8.96;8.96;-4.00;KELLY_LITE;true;0.04;213419.01;0.0417;KELLY_LITE(mult=1.20 taper=1.00 n=20)+HARD_RISK_CAP(2.0%)+MAXLOSS_CAP;213419.01;213427.97;34;0
2026.08.07 08:35:43;XAUUSD;5;1786059432;SL_MODIFIED;ticket=118169047 oldSL=4287.93 newSL=4288.13 reason=break_even_lock_leg_0;MANAGE_PROFIT;SAFE;1;1;1;-1;-1;4286.23;9.88;9.88;9.68;-4.00;KELLY_LITE;true;0.04;213419.01;0.0417;KELLY_LITE(mult=1.20 taper=1.00 n=20)+HARD_RISK_CAP(2.0%)+MAXLOSS_CAP;213419.01;213428.89;36;0
2026.08.07 08:35:43;XAUUSD;5;1786059432;PROFIT_RATCHET_LOCKED;floor=3.27 peak=9.68;MANAGE_PROFIT;SAFE;1;1;1;-1;-1;4286.23;9.88;9.88;9.68;-4.00;KELLY_LITE;true;0.04;213419.01;0.0417;KELLY_LITE(mult=1.20 taper=1.00 n=20)+HARD_RISK_CAP(2.0%)+MAXLOSS_CAP;213419.01;213428.89;36;0
2026.08.07 08:35:43;XAUUSD;5;1786059432;SL_MODIFY_FAILED;ticket=118169047 newSL=4288.18 reason=break_even_lock_leg_0 err=0;MANAGE_PROFIT;SAFE;1;1;1;-1;-1;4286.23;9.28;9.28;9.88;-4.00;KELLY_LITE;true;0.04;213419.01;0.0417;KELLY_LITE(mult=1.20 taper=1.00 n=20)+HARD_RISK_CAP(2.0%)+MAXLOSS_CAP;213419.01;213428.29;36;0
2026.08.07 08:35:43;XAUUSD;5;1786059432;PROFIT_RATCHET_LOCKED;floor=3.33 peak=9.88;MANAGE_PROFIT;SAFE;1;1;1;-1;-1;4286.23;9.28;9.28;9.88;-4.00;KELLY_LITE;true;0.04;213419.01;0.0417;KELLY_LITE(mult=1.20 taper=1.00 n=20)+HARD_RISK_CAP(2.0%)+MAXLOSS_CAP;213419.01;213428.29;36;0
2026.08.07 08:35:43;XAUUSD;5;1786059432;PROFIT_RATCHET_LOCKED;floor=3.33 peak=9.88;MANAGE_PROFIT;SAFE;1;1;1;-1;-1;4286.23;9.28;9.28;9.88;-4.00;KELLY_LITE;true;0.04;213419.01;0.0417;KELLY_LITE(mult=1.20 taper=1.00 n=20)+HARD_RISK_CAP(2.0%)+MAXLOSS_CAP;213419.01;213428.29;36;0
2026.08.07 08:35:43;XAUUSD;5;1786059432;PROFIT_RATCHET_LOCKED;floor=3.33 peak=9.88;MANAGE_PROFIT;SAFE;1;1;1;-1;-1;4286.23;9.16;9.16;9.88;-4.00;KELLY_LITE;true;0.04;213419.01;0.0417;KELLY_LITE(mult=1.20 taper=1.00 n=20)+HARD_RISK_CAP(2.0%)+MAXLOSS_CAP;213419.01;213428.17;36;0
2026.08.07 08:35:43;XAUUSD;5;1786059432;PROFIT_RATCHET_LOCKED;floor=3.33 peak=9.88;MANAGE_PROFIT;SAFE;1;1;1;-1;-1;4286.23;9.08;9.08;9.88;-4.00;KELLY_LITE;true;0.04;213419.01;0.0417;KELLY_LITE(mult=1.20 taper=1.00 n=20)+HARD_RISK_CAP(2.0%)+MAXLOSS_CAP;213419.01;213428.09;36;0
2026.08.07 08:35:44;XAUUSD;5;1786059432;PROFIT_RATCHET_LOCKED;floor=3.33 peak=9.88;MANAGE_PROFIT;SAFE;1;1;1;-1;-1;4286.23;9.12;9.12;9.88;-4.00;KELLY_LITE;true;0.04;213419.01;0.0417;KELLY_LITE(mult=1.20 taper=1.00 n=20)+HARD_RISK_CAP(2.0%)+MAXLOSS_CAP;213419.01;213428.13;36;0
2026.08.07 08:35:44;XAUUSD;5;1786059432;PROFIT_RATCHET_LOCKED;floor=3.33 peak=9.88;MANAGE_PROFIT;SAFE;1;1;1;-1;-1;4286.23;9.36;9.36;9.88;-4.00;KELLY_LITE;true;0.04;213419.01;0.0417;KELLY_LITE(mult=1.20 taper=1.00 n=20)+HARD_RISK_CAP(2.0%)+MAXLOSS_CAP;213419.01;213428.37;36;0
2026.08.07 08:35:44;XAUUSD;5;1786059432;PROFIT_RATCHET_LOCKED;floor=3.33 peak=9.88;MANAGE_PROFIT;SAFE;1;1;1;-1;-1;4286.23;9.32;9.32;9.88;-4.00;KELLY_LITE;true;0.04;213419.01;0.0417;KELLY_LITE(mult=1.20 taper=1.00 n=20)+HARD_RISK_CAP(2.0%)+MAXLOSS_CAP;213419.01;213428.33;36;0
2026.08.07 08:35:45;XAUUSD;5;1786059432;PROFIT_RATCHET_LOCKED;floor=3.33 peak=9.88;MANAGE_PROFIT;SAFE;1;1;1;-1;-1;4286.23;9.44;9.44;9.88;-4.00;KELLY_LITE;true;0.04;213419.01;0.0417;KELLY_LITE(mult=1.20 taper=1.00 n=20)+HARD_RISK_CAP(2.0%)+MAXLOSS_CAP;213419.01;213428.45;36;0
2026.08.07 08:35:46;XAUUSD;5;1786059432;PROFIT_RATCHET_LOCKED;floor=3.33 peak=9.88;MANAGE_PROFIT;SAFE;1;1;1;-1;-1;4286.23;9.28;9.28;9.88;-4.00;KELLY_LITE;true;0.04;213419.01;0.0417;KELLY_LITE(mult=1.20 taper=1.00 n=20)+HARD_RISK_CAP(2.0%)+MAXLOSS_CAP;213419.01;213428.29;36;0
2026.08.07 08:35:47;XAUUSD;5;1786059432;PROFIT_RATCHET_LOCKED;floor=3.33 peak=9.88;MANAGE_PROFIT;SAFE;1;1;1;-1;-1;4286.23;9.24;9.24;9.88;-4.00;KELLY_LITE;true;0.04;213419.01;0.0417;KELLY_LITE(mult=1.20 taper=1.00 n=20)+HARD_RISK_CAP(2.0%)+MAXLOSS_CAP;213419.01;213428.25;36;0
2026.08.07 08:35:47;XAUUSD;5;1786059432;PROFIT_RATCHET_LOCKED;floor=3.33 peak=9.88;MANAGE_PROFIT;SAFE;1;1;1;-1;-1;4286.23;9.28;9.28;9.88;-4.00;KELLY_LITE;true;0.04;213419.01;0.0417;KELLY_LITE(mult=1.20 taper=1.00 n=20)+HARD_RISK_CAP(2.0%)+MAXLOSS_CAP;213419.01;213428.29;36;0
2026.08.07 08:35:47;XAUUSD;5;1786059432;PROFIT_RATCHET_LOCKED;floor=3.33 peak=9.88;MANAGE_PROFIT;SAFE;1;1;1;-1;-1;4286.23;9.36;9.36;9.88;-4.00;KELLY_LITE;true;0.04;213419.01;0.0417;KELLY_LITE(mult=1.20 taper=1.00 n=20)+HARD_RISK_CAP(2.0%)+MAXLOSS_CAP;213419.01;213428.37;36;0
2026.08.07 08:35:47;XAUUSD;5;1786059432;PROFIT_RATCHET_LOCKED;floor=3.33 peak=9.88;MANAGE_PROFIT;SAFE;1;1;1;-1;-1;4286.23;9.32;9.32;9.88;-4.00;KELLY_LITE;true;0.04;213419.01;0.0417;KELLY_LITE(mult=1.20 taper=1.00 n=20)+HARD_RISK_CAP(2.0%)+MAXLOSS_CAP;213419.01;213428.33;36;0
2026.08.07 08:35:48;XAUUSD;5;1786059432;PROFIT_RATCHET_LOCKED;floor=3.33 peak=9.88;MANAGE_PROFIT;SAFE;1;1;1;-1;-1;4286.23;9.28;9.28;9.88;-4.00;KELLY_LITE;true;0.04;213419.01;0.0417;KELLY_LITE(mult=1.20 taper=1.00 n=20)+HARD_RISK_CAP(2.0%)+MAXLOSS_CAP;213419.01;213428.29;36;0
2026.08.07 08:35:48;XAUUSD;5;1786059432;PROFIT_RATCHET_LOCKED;floor=3.33 peak=9.88;MANAGE_PROFIT;SAFE;1;1;1;-1;-1;4286.23;9.36;9.36;9.88;-4.00;KELLY_LITE;true;0.04;213419.01;0.0417;KELLY_LITE(mult=1.20 taper=1.00 n=20)+HARD_RISK_CAP(2.0%)+MAXLOSS_CAP;213419.01;213428.37;36;0
2026.08.07 08:35:48;XAUUSD;5;1786059432;PROFIT_RATCHET_LOCKED;floor=3.33 peak=9.88;MANAGE_PROFIT;SAFE;1;1;1;-1;-1;4286.23;9.32;9.32;9.88;-4.00;KELLY_LITE;true;0.04;213419.01;0.0417;KELLY_LITE(mult=1.20 taper=1.00 n=20)+HARD_RISK_CAP(2.0%)+MAXLOSS_CAP;213419.01;213428.33;36;0
2026.08.07 08:35:49;XAUUSD;5;1786059432;PROFIT_RATCHET_LOCKED;floor=3.33 peak=9.88;MANAGE_PROFIT;SAFE;1;1;1;-1;-1;4286.23;9.36;9.36;9.88;-4.00;KELLY_LITE;true;0.04;213419.01;0.0417;KELLY_LITE(mult=1.20 taper=1.00 n=20)+HARD_RISK_CAP(2.0%)+MAXLOSS_CAP;213419.01;213428.37;36;0
2026.08.07 08:35:49;XAUUSD;5;1786059432;PROFIT_RATCHET_LOCKED;floor=3.33 peak=9.88;MANAGE_PROFIT;SAFE;1;1;1;-1;-1;4286.23;8.52;8.52;9.88;-4.00;KELLY_LITE;true;0.04;213419.01;0.0417;KELLY_LITE(mult=1.20 taper=1.00 n=20)+HARD_RISK_CAP(2.0%)+MAXLOSS_CAP;213419.01;213427.53;33;0
2026.08.07 08:35:50;XAUUSD;5;1786059432;PROFIT_RATCHET_LOCKED;floor=3.33 peak=9.88;MANAGE_PROFIT;SAFE;1;1;1;-1;-1;4286.23;8.48;8.48;9.88;-4.00;KELLY_LITE;true;0.04;213419.01;0.0417;KELLY_LITE(mult=1.20 taper=1.00 n=20)+HARD_RISK_CAP(2.0%)+MAXLOSS_CAP;213419.01;213427.49;36;0
2026.08.07 08:35:50;XAUUSD;5;1786059432;PROFIT_RATCHET_LOCKED;floor=3.33 peak=9.88;MANAGE_PROFIT;SAFE;1;1;1;-1;-1;4286.23;8.36;8.36;9.88;-4.00;KELLY_LITE;true;0.04;213419.01;0.0417;KELLY_LITE(mult=1.20 taper=1.00 n=20)+HARD_RISK_CAP(2.0%)+MAXLOSS_CAP;213419.01;213427.37;36;0
2026.08.07 08:35:50;XAUUSD;5;1786059432;PROFIT_RATCHET_LOCKED;floor=3.33 peak=9.88;MANAGE_PROFIT;SAFE;1;1;1;-1;-1;4286.23;8.44;8.44;9.88;-4.00;KELLY_LITE;true;0.04;213419.01;0.0417;KELLY_LITE(mult=1.20 taper=1.00 n=20)+HARD_RISK_CAP(2.0%)+MAXLOSS_CAP;213419.01;213427.45;36;0
2026.08.07 08:35:51;XAUUSD;5;1786059432;PROFIT_RATCHET_LOCKED;floor=3.33 peak=9.88;MANAGE_PROFIT;SAFE;1;1;1;-1;-1;4286.23;8.88;8.88;9.88;-4.00;KELLY_LITE;true;0.04;213419.01;0.0417;KELLY_LITE(mult=1.20 taper=1.00 n=20)+HARD_RISK_CAP(2.0%)+MAXLOSS_CAP;213419.01;213427.89;36;0
2026.08.07 08:35:51;XAUUSD;5;1786059432;PROFIT_RATCHET_LOCKED;floor=3.33 peak=9.88;MANAGE_PROFIT;SAFE;1;1;1;-1;-1;4286.23;8.76;8.76;9.88;-4.00;KELLY_LITE;true;0.04;213419.01;0.0417;KELLY_LITE(mult=1.20 taper=1.00 n=20)+HARD_RISK_CAP(2.0%)+MAXLOSS_CAP;213419.01;213427.77;36;0
2026.08.07 08:35:51;XAUUSD;5;1786059432;PROFIT_RATCHET_LOCKED;floor=3.33 peak=9.88;MANAGE_PROFIT;SAFE;1;1;1;-1;-1;4286.23;8.84;8.84;9.88;-4.00;KELLY_LITE;true;0.04;213419.01;0.0417;KELLY_LITE(mult=1.20 taper=1.00 n=20)+HARD_RISK_CAP(2.0%)+MAXLOSS_CAP;213419.01;213427.85;36;0
2026.08.07 08:35:52;XAUUSD;5;1786059432;PROFIT_RATCHET_LOCKED;floor=3.33 peak=9.88;MANAGE_PROFIT;SAFE;1;1;1;-1;-1;4286.23;8.96;8.96;9.88;-4.00;KELLY_LITE;true;0.04;213419.01;0.0417;KELLY_LITE(mult=1.20 taper=1.00 n=20)+HARD_RISK_CAP(2.0%)+MAXLOSS_CAP;213419.01;213427.97;36;0
2026.08.07 08:35:52;XAUUSD;5;1786059432;PROFIT_RATCHET_LOCKED;floor=3.33 peak=9.88;MANAGE_PROFIT;SAFE;1;1;1;-1;-1;4286.23;9.52;9.52;9.88;-4.00;KELLY_LITE;true;0.04;213419.01;0.0417;KELLY_LITE(mult=1.20 taper=1.00 n=20)+HARD_RISK_CAP(2.0%)+MAXLOSS_CAP;213419.01;213428.53;36;0
2026.08.07 08:35:52;XAUUSD;5;1786059432;PROFIT_RATCHET_LOCKED;floor=3.33 peak=9.88;MANAGE_PROFIT;SAFE;1;1;1;-1;-1;4286.23;9.48;9.48;9.88;-4.00;KELLY_LITE;true;0.04;213419.01;0.0417;KELLY_LITE(mult=1.20 taper=1.00 n=20)+HARD_RISK_CAP(2.0%)+MAXLOSS_CAP;213419.01;213428.49;36;0
2026.08.07 08:35:52;XAUUSD;5;1786059432;PROFIT_RATCHET_LOCKED;floor=3.33 peak=9.88;MANAGE_PROFIT;SAFE;1;1;1;-1;-1;4286.23;8.96;8.96;9.88;-4.00;KELLY_LITE;true;0.04;213419.01;0.0417;KELLY_LITE(mult=1.20 taper=1.00 n=20)+HARD_RISK_CAP(2.0%)+MAXLOSS_CAP;213419.01;213427.97;36;0
2026.08.07 08:35:53;XAUUSD;5;1786059432;PROFIT_RATCHET_LOCKED;floor=3.33 peak=9.88;MANAGE_PROFIT;SAFE;1;1;1;-1;-1;4286.23;8.84;8.84;9.88;-4.00;KELLY_LITE;true;0.04;213419.01;0.0417;KELLY_LITE(mult=1.20 taper=1.00 n=20)+HARD_RISK_CAP(2.0%)+MAXLOSS_CAP;213419.01;213427.85;36;0
2026.08.07 08:35:53;XAUUSD;5;1786059432;PROFIT_RATCHET_LOCKED;floor=3.33 peak=9.88;MANAGE_PROFIT;SAFE;1;1;1;-1;-1;4286.23;8.80;8.80;9.88;-4.00;KELLY_LITE;true;0.04;213419.01;0.0417;KELLY_LITE(mult=1.20 taper=1.00 n=20)+HARD_RISK_CAP(2.0%)+MAXLOSS_CAP;213419.01;213427.81;36;0
2026.08.07 08:35:53;XAUUSD;5;1786059432;PROFIT_RATCHET_LOCKED;floor=3.33 peak=9.88;MANAGE_PROFIT;SAFE;1;1;1;-1;-1;4286.23;8.88;8.88;9.88;-4.00;KELLY_LITE;true;0.04;213419.01;0.0417;KELLY_LITE(mult=1.20 taper=1.00 n=20)+HARD_RISK_CAP(2.0%)+MAXLOSS_CAP;213419.01;213427.89;36;0
2026.08.07 08:35:54;XAUUSD;5;1786059432;PROFIT_RATCHET_LOCKED;floor=3.33 peak=9.88;MANAGE_PROFIT;SAFE;1;1;1;-1;-1;4286.23;8.76;8.76;9.88;-4.00;KELLY_LITE;true;0.04;213419.01;0.0417;KELLY_LITE(mult=1.20 taper=1.00 n=20)+HARD_RISK_CAP(2.0%)+MAXLOSS_CAP;213419.01;213427.77;36;0
2026.08.07 08:35:54;XAUUSD;5;1786059432;PROFIT_RATCHET_LOCKED;floor=3.33 peak=9.88;MANAGE_PROFIT;SAFE;1;1;1;-1;-1;4286.23;8.84;8.84;9.88;-4.00;KELLY_LITE;true;0.04;213419.01;0.0417;KELLY_LITE(mult=1.20 taper=1.00 n=20)+HARD_RISK_CAP(2.0%)+MAXLOSS_CAP;213419.01;213427.85;36;0
2026.08.07 08:35:54;XAUUSD;5;1786059432;PROFIT_RATCHET_LOCKED;floor=3.33 peak=9.88;MANAGE_PROFIT;SAFE;1;1;1;-1;-1;4286.23;9.08;9.08;9.88;-4.00;KELLY_LITE;true;0.04;213419.01;0.0417;KELLY_LITE(mult=1.20 taper=1.00 n=20)+HARD_RISK_CAP(2.0%)+MAXLOSS_CAP;213419.01;213428.09;36;0
2026.08.07 08:35:54;XAUUSD;5;1786059432;PROFIT_RATCHET_LOCKED;floor=3.33 peak=9.88;MANAGE_PROFIT;SAFE;1;1;1;-1;-1;4286.23;9.24;9.24;9.88;-4.00;KELLY_LITE;true;0.04;213419.01;0.0417;KELLY_LITE(mult=1.20 taper=1.00 n=20)+HARD_RISK_CAP(2.0%)+MAXLOSS_CAP;213419.01;213428.25;36;0
2026.08.07 08:35:55;XAUUSD;5;1786059432;PROFIT_RATCHET_LOCKED;floor=3.33 peak=9.88;MANAGE_PROFIT;SAFE;1;1;1;-1;-1;4286.23;9.20;9.20;9.88;-4.00;KELLY_LITE;true;0.04;213419.01;0.0417;KELLY_LITE(mult=1.20 taper=1.00 n=20)+HARD_RISK_CAP(2.0%)+MAXLOSS_CAP;213419.01;213428.21;36;0
2026.08.07 08:35:55;XAUUSD;5;1786059432;PROFIT_RATCHET_LOCKED;floor=3.33 peak=9.88;MANAGE_PROFIT;SAFE;1;1;1;-1;-1;4286.23;9.24;9.24;9.88;-4.00;KELLY_LITE;true;0.04;213419.01;0.0417;KELLY_LITE(mult=1.20 taper=1.00 n=20)+HARD_RISK_CAP(2.0%)+MAXLOSS_CAP;213419.01;213428.25;36;0
2026.08.07 08:35:55;XAUUSD;5;1786059432;PROFIT_RATCHET_LOCKED;floor=3.33 peak=9.88;MANAGE_PROFIT;SAFE;1;1;1;-1;-1;4286.23;9.16;9.16;9.88;-4.00;KELLY_LITE;true;0.04;213419.01;0.0417;KELLY_LITE(mult=1.20 taper=1.00 n=20)+HARD_RISK_CAP(2.0%)+MAXLOSS_CAP;213419.01;213428.17;36;0
2026.08.07 08:35:55;XAUUSD;5;1786059432;PROFIT_RATCHET_LOCKED;floor=3.33 peak=9.88;MANAGE_PROFIT;SAFE;1;1;1;-1;-1;4286.23;9.04;9.04;9.88;-4.00;KELLY_LITE;true;0.04;213419.01;0.0417;KELLY_LITE(mult=1.20 taper=1.00 n=20)+HARD_RISK_CAP(2.0%)+MAXLOSS_CAP;213419.01;213428.05;36;0
2026.08.07 08:35:56;XAUUSD;5;1786059432;PROFIT_RATCHET_LOCKED;floor=3.33 peak=9.88;MANAGE_PROFIT;SAFE;1;1;1;-1;-1;4286.23;9.08;9.08;9.88;-4.00;KELLY_LITE;true;0.04;213419.01;0.0417;KELLY_LITE(mult=1.20 taper=1.00 n=20)+HARD_RISK_CAP(2.0%)+MAXLOSS_CAP;213419.01;213428.09;36;0
2026.08.07 08:35:56;XAUUSD;5;1786059432;PROFIT_RATCHET_LOCKED;floor=3.33 peak=9.88;MANAGE_PROFIT;SAFE;1;1;1;-1;-1;4286.23;8.96;8.96;9.88;-4.00;KELLY_LITE;true;0.04;213419.01;0.0417;KELLY_LITE(mult=1.20 taper=1.00 n=20)+HARD_RISK_CAP(2.0%)+MAXLOSS_CAP;213419.01;213427.97;36;0
2026.08.07 08:35:57;XAUUSD;5;1786059432;PROFIT_RATCHET_LOCKED;floor=3.33 peak=9.88;MANAGE_PROFIT;SAFE;1;1;1;-1;-1;4286.23;8.88;8.88;9.88;-4.00;KELLY_LITE;true;0.04;213419.01;0.0417;KELLY_LITE(mult=1.20 taper=1.00 n=20)+HARD_RISK_CAP(2.0%)+MAXLOSS_CAP;213419.01;213427.89;36;0
2026.08.07 08:35:57;XAUUSD;5;1786059432;PROFIT_RATCHET_LOCKED;floor=3.33 peak=9.88;MANAGE_PROFIT;SAFE;1;1;1;-1;-1;4286.23;9.12;9.12;9.88;-4.00;KELLY_LITE;true;0.04;213419.01;0.0417;KELLY_LITE(mult=1.20 taper=1.00 n=20)+HARD_RISK_CAP(2.0%)+MAXLOSS_CAP;213419.01;213428.13;36;0
2026.08.07 08:35:58;XAUUSD;5;1786059432;PROFIT_RATCHET_LOCKED;floor=3.33 peak=9.88;MANAGE_PROFIT;SAFE;1;1;1;-1;-1;4286.23;9.24;9.24;9.88;-4.00;KELLY_LITE;true;0.04;213419.01;0.0417;KELLY_LITE(mult=1.20 taper=1.00 n=20)+HARD_RISK_CAP(2.0%)+MAXLOSS_CAP;213419.01;213428.25;36;0
2026.08.07 08:35:58;XAUUSD;5;1786059432;PROFIT_RATCHET_LOCKED;floor=3.33 peak=9.88;MANAGE_PROFIT;SAFE;1;1;1;-1;-1;4286.23;9.20;9.20;9.88;-4.00;KELLY_LITE;true;0.04;213419.01;0.0417;KELLY_LITE(mult=1.20 taper=1.00 n=20)+HARD_RISK_CAP(2.0%)+MAXLOSS_CAP;213419.01;213428.21;36;0
2026.08.07 08:35:59;XAUUSD;5;1786059432;PROFIT_RATCHET_LOCKED;floor=3.33 peak=9.88;MANAGE_PROFIT;SAFE;1;1;1;-1;-1;4286.23;9.24;9.24;9.88;-4.00;KELLY_LITE;true;0.04;213419.01;0.0417;KELLY_LITE(mult=1.20 taper=1.00 n=20)+HARD_RISK_CAP(2.0%)+MAXLOSS_CAP;213419.01;213428.25;36;0
2026.08.07 08:35:59;XAUUSD;5;1786059432;PROFIT_RATCHET_LOCKED;floor=3.33 peak=9.88;MANAGE_PROFIT;SAFE;1;1;1;-1;-1;4286.23;8.56;8.56;9.88;-4.00;KELLY_LITE;true;0.04;213419.01;0.0417;KELLY_LITE(mult=1.20 taper=1.00 n=20)+HARD_RISK_CAP(2.0%)+MAXLOSS_CAP;213419.01;213427.57;36;0
2026.08.07 08:35:59;XAUUSD;5;1786059432;PROFIT_RATCHET_LOCKED;floor=3.33 peak=9.88;MANAGE_PROFIT;SAFE;1;1;1;-1;-1;4286.23;8.36;8.36;9.88;-4.00;KELLY_LITE;true;0.04;213419.01;0.0417;KELLY_LITE(mult=1.20 taper=1.00 n=20)+HARD_RISK_CAP(2.0%)+MAXLOSS_CAP;213419.01;213427.37;36;0
2026.08.07 08:36:00;XAUUSD;5;1786059432;PROFIT_RATCHET_LOCKED;floor=3.33 peak=9.88;MANAGE_PROFIT;SAFE;1;1;1;-1;-1;4286.23;8.44;8.44;9.88;-4.00;KELLY_LITE;true;0.04;213419.01;0.0417;KELLY_LITE(mult=1.20 taper=1.00 n=20)+HARD_RISK_CAP(2.0%)+MAXLOSS_CAP;213419.01;213427.45;36;0
2026.08.07 08:36:00;XAUUSD;5;1786059432;PROFIT_RATCHET_LOCKED;floor=3.33 peak=9.88;MANAGE_PROFIT;SAFE;1;1;1;-1;-1;4286.23;8.32;8.32;9.88;-4.00;KELLY_LITE;true;0.04;213419.01;0.0417;KELLY_LITE(mult=1.20 taper=1.00 n=20)+HARD_RISK_CAP(2.0%)+MAXLOSS_CAP;213419.01;213427.33;36;0
2026.08.07 08:36:00;XAUUSD;5;1786059432;RECONCILED_BROKER_CLOSE;ticket=118169047 type=main pnl=7.60;MANAGE_PROFIT;SAFE;0;1;1;-1;-1;4286.23;0.00;0.00;9.88;-4.00;KELLY_LITE;true;0.04;213419.01;0.0417;KELLY_LITE(mult=1.20 taper=1.00 n=20)+HARD_RISK_CAP(2.0%)+MAXLOSS_CAP;213426.61;213426.61;36;0
2026.08.07 08:45:08;XAUUSD;5;1786059432;REVERSAL_CHASER_TRIGGERED_FLIP;newDir=BEAR ticket=118169048 entry=4283.93 lot=0.03;MANAGE_PROFIT;SAFE;1;0;1;-1;-1;4286.23;0.36;-0.63;9.88;-4.00;KELLY_LITE;true;0.04;213419.01;0.0417;KELLY_LITE(mult=1.20 taper=1.00 n=20)+HARD_RISK_CAP(2.0%)+MAXLOSS_CAP;213426.61;213426.97;33;0
2026.08.07 08:45:08;XAUUSD;5;1786059432;CYCLE_RESET;oldState=MANAGE_PROFIT realizedPnL=7.60 peak=9.88 worst=-4.00 pyramid=1 consLosses=0 reason=chaser_flip;MANAGE_PROFIT;SAFE;1;0;1;-1;-1;4286.23;0.36;-0.63;9.88;-4.00;KELLY_LITE;true;0.04;213419.01;0.0417;KELLY_LITE(mult=1.20 taper=1.00 n=20)+HARD_RISK_CAP(2.0%)+MAXLOSS_CAP;213426.61;213426.97;33;0
2026.08.07 08:55:32;XAUUSD;5;1786059433;EXIT_TIME_LOSS;held=10 profit=-15.27;MANAGE_PROFIT;SAFE;1;0;1;-1;-1;4283.93;-15.27;-15.27;2.34;-15.27;KELLY_LITE;true;0.04;213419.01;0.0417;KELLY_LITE(mult=1.20 taper=1.00 n=20)+HARD_RISK_CAP(2.0%)+MAXLOSS_CAP;213426.61;213411.34;33;0
2026.08.07 08:55:33;XAUUSD;5;1786059433;POSITION_CLOSED;ticket=118169048 reason=time_loss_exit lots=0.03 price=4289.02 pnl=-15.27;MANAGE_PROFIT;SAFE;0;0;1;-1;-1;4283.93;0.00;0.00;2.34;-15.27;KELLY_LITE;true;0.04;213419.01;0.0417;KELLY_LITE(mult=1.20 taper=1.00 n=20)+HARD_RISK_CAP(2.0%)+MAXLOSS_CAP;213410.77;213410.77;33;0
2026.08.07 08:55:33;XAUUSD;5;1786059433;CYCLE_RESET;oldState=RESET realizedPnL=-15.84 peak=2.34 worst=-15.27 pyramid=0 consLosses=1;RESET;SAFE;0;0;0;-1;-1;4283.93;0.00;0.00;2.34;-15.27;KELLY_LITE;true;0.04;213419.01;0.0417;KELLY_LITE(mult=1.20 taper=1.00 n=20)+HARD_RISK_CAP(2.0%)+MAXLOSS_CAP;213410.77;213410.77;33;0
2026.08.07 09:00:33;XAUUSD;5;1786059433;FILTER_BLOCK_TREND_DISAGREE;TREND_DISAGREE (main=1 fast=-1 rsi=59.1, no extreme);BLOCKED;SAFE;0;0;0;-1;-1;0.00;0.00;0.00;0.00;0.00;KELLY_LITE;true;0.04;213419.01;0.0417;KELLY_LITE(mult=1.20 taper=1.00 n=20)+HARD_RISK_CAP(2.0%)+MAXLOSS_CAP;213410.77;213410.77;36;0
2026.08.07 09:05:33;XAUUSD;5;1786059434;PLACE_PENDING_START;cycle=1786059434 trend=1 consecLosses=1 preset=AGGRESSIVE;PLACE_PENDING;SAFE;0;0;0;-1;-1;0.00;0.00;0.00;0.00;0.00;KELLY_LITE;true;0.04;213419.01;0.0417;KELLY_LITE(mult=1.20 taper=1.00 n=20)+HARD_RISK_CAP(2.0%)+MAXLOSS_CAP;213410.77;213410.77;36;0
2026.08.07 09:05:33;XAUUSD;5;1786059434;DIR_OCO_PLACED;dir=BULL ticket=118171129 price=4294.95 sl=4279.95 tp=4317.45 lot=0.04 dist=1.51;PLACE_PENDING;SAFE;0;1;0;118171129;-1;0.00;0.00;0.00;0.00;0.00;KELLY_LITE;true;0.04;213410.77;0.0417;KELLY_LITE(mult=1.10 taper=1.00 n=20)+HARD_RISK_CAP(2.0%)+MAXLOSS_CAP;213410.77;213410.77;36;0
2026.08.07 09:05:34;XAUUSD;5;1786059434;DIR_OCO_COUNTER_PLACED;dir=BEAR(counter) ticket=118171134 price=4291.17 lot=0.03;PLACE_PENDING;SAFE;0;2;0;118171129;118171134;0.00;0.00;0.00;0.00;0.00;KELLY_LITE;true;0.04;213410.77;0.0417;KELLY_LITE(mult=1.10 taper=1.00 n=20)+HARD_RISK_CAP(2.0%)+MAXLOSS_CAP;213410.77;213410.77;36;0
2026.08.07 09:05:34;XAUUSD;5;1786059434;BUY_STOP_TRAILED;Old=4294.95 New=4294.48;WAIT_TRIGGER;SAFE;0;2;0;118171129;118171134;0.00;0.00;0.00;0.00;0.00;KELLY_LITE;true;0.04;213410.77;0.0417;KELLY_LITE(mult=1.10 taper=1.00 n=20)+HARD_RISK_CAP(2.0%)+MAXLOSS_CAP;213410.77;213410.77;36;0
2026.08.07 09:05:38;XAUUSD;5;1786059434;SELL_STOP_TRAILED;Old=4291.17 New=4291.58;WAIT_TRIGGER;SAFE;0;2;0;118171129;118171134;0.00;0.00;0.00;0.00;0.00;KELLY_LITE;true;0.04;213410.77;0.0417;KELLY_LITE(mult=1.10 taper=1.00 n=20)+HARD_RISK_CAP(2.0%)+MAXLOSS_CAP;213410.77;213410.77;36;0
2026.08.07 09:05:47;XAUUSD;5;1786059434;SELL_STOP_TRAILED;Old=4291.58 New=4292.07;WAIT_TRIGGER;SAFE;0;2;0;118171129;118171134;0.00;0.00;0.00;0.00;0.00;KELLY_LITE;true;0.04;213410.77;0.0417;KELLY_LITE(mult=1.10 taper=1.00 n=20)+HARD_RISK_CAP(2.0%)+MAXLOSS_CAP;213410.77;213410.77;36;0
2026.08.07 09:06:12;XAUUSD;5;1786059434;SELL_STOP_TRAILED;Old=4292.07 New=4292.41;WAIT_TRIGGER;SAFE;0;2;0;118171129;118171134;0.00;0.00;0.00;0.00;0.00;KELLY_LITE;true;0.04;213410.77;0.0417;KELLY_LITE(mult=1.10 taper=1.00 n=20)+HARD_RISK_CAP(2.0%)+MAXLOSS_CAP;213410.77;213410.77;36;0
2026.08.07 09:06:20;XAUUSD;5;1786059434;OCO_TRIGGERED_BUY;ticket=118171129 entry=4294.48;POSITION_ACTIVE;SAFE;1;1;0;-1;118171134;0.00;-1.12;-1.12;0.00;0.00;KELLY_LITE;true;0.04;213410.77;0.0417;KELLY_LITE(mult=1.10 taper=1.00 n=20)+HARD_RISK_CAP(2.0%)+MAXLOSS_CAP;213410.77;213409.65;36;0
2026.08.07 09:06:20;XAUUSD;5;1786059434;OPPOSITE_TRAIL_ARMED;opposite_ticket=118171134 will trail price;POSITION_ACTIVE;SAFE;1;1;0;-1;118171134;0.00;-1.12;-1.12;0.00;0.00;KELLY_LITE;true;0.04;213410.77;0.0417;KELLY_LITE(mult=1.10 taper=1.00 n=20)+HARD_RISK_CAP(2.0%)+MAXLOSS_CAP;213410.77;213409.65;36;0
2026.08.07 09:12:30;XAUUSD;5;1786059434;SL_MODIFIED;ticket=118171129 oldSL=4282.48 newSL=4296.02 reason=break_even_lock_leg_0;MANAGE_PROFIT;SAFE;1;1;1;-1;-1;4294.48;8.52;8.52;8.24;-6.28;KELLY_LITE;true;0.04;213410.77;0.0417;KELLY_LITE(mult=1.10 taper=1.00 n=20)+HARD_RISK_CAP(2.0%)+MAXLOSS_CAP;213410.77;213419.29;36;0
2026.08.07 09:12:30;XAUUSD;5;1786059434;PROFIT_RATCHET_LOCKED;floor=2.78 peak=8.24;MANAGE_PROFIT;SAFE;1;1;1;-1;-1;4294.48;8.52;8.52;8.24;-6.28;KELLY_LITE;true;0.04;213410.77;0.0417;KELLY_LITE(mult=1.10 taper=1.00 n=20)+HARD_RISK_CAP(2.0%)+MAXLOSS_CAP;213410.77;213419.29;36;0
2026.08.07 09:12:31;XAUUSD;5;1786059434;SL_MODIFIED;ticket=118171129 oldSL=4296.02 newSL=4296.05 reason=break_even_lock_leg_0 (retry buf=3pt);MANAGE_PROFIT;SAFE;1;1;1;-1;-1;4294.48;8.36;8.36;8.52;-6.28;KELLY_LITE;true;0.04;213410.77;0.0417;KELLY_LITE(mult=1.10 taper=1.00 n=20)+HARD_RISK_CAP(2.0%)+MAXLOSS_CAP;213410.77;213419.13;36;0
2026.08.07 09:12:31;XAUUSD;5;1786059434;PROFIT_RATCHET_LOCKED;floor=2.88 peak=8.52;MANAGE_PROFIT;SAFE;1;1;1;-1;-1;4294.48;8.36;8.36;8.52;-6.28;KELLY_LITE;true;0.04;213410.77;0.0417;KELLY_LITE(mult=1.10 taper=1.00 n=20)+HARD_RISK_CAP(2.0%)+MAXLOSS_CAP;213410.77;213419.13;36;0
2026.08.07 09:12:31;XAUUSD;5;1786059434;PROFIT_RATCHET_LOCKED;floor=2.88 peak=8.52;MANAGE_PROFIT;SAFE;1;1;1;-1;-1;4294.48;8.36;8.36;8.52;-6.28;KELLY_LITE;true;0.04;213410.77;0.0417;KELLY_LITE(mult=1.10 taper=1.00 n=20)+HARD_RISK_CAP(2.0%)+MAXLOSS_CAP;213410.77;213419.13;36;0
2026.08.07 09:12:31;XAUUSD;5;1786059434;PROFIT_RATCHET_LOCKED;floor=2.88 peak=8.52;MANAGE_PROFIT;SAFE;1;1;1;-1;-1;4294.48;8.40;8.40;8.52;-6.28;KELLY_LITE;true;0.04;213410.77;0.0417;KELLY_LITE(mult=1.10 taper=1.00 n=20)+HARD_RISK_CAP(2.0%)+MAXLOSS_CAP;213410.77;213419.17;36;0
2026.08.07 09:12:32;XAUUSD;5;1786059434;PROFIT_RATCHET_LOCKED;floor=2.88 peak=8.52;MANAGE_PROFIT;SAFE;1;1;1;-1;-1;4294.48;8.32;8.32;8.52;-6.28;KELLY_LITE;true;0.04;213410.77;0.0417;KELLY_LITE(mult=1.10 taper=1.00 n=20)+HARD_RISK_CAP(2.0%)+MAXLOSS_CAP;213410.77;213419.09;36;0
2026.08.07 09:12:32;XAUUSD;5;1786059434;PROFIT_RATCHET_LOCKED;floor=2.88 peak=8.52;MANAGE_PROFIT;SAFE;1;1;1;-1;-1;4294.48;7.84;7.84;8.52;-6.28;KELLY_LITE;true;0.04;213410.77;0.0417;KELLY_LITE(mult=1.10 taper=1.00 n=20)+HARD_RISK_CAP(2.0%)+MAXLOSS_CAP;213410.77;213418.61;36;0
2026.08.07 09:12:32;XAUUSD;5;1786059434;PROFIT_RATCHET_LOCKED;floor=2.88 peak=8.52;MANAGE_PROFIT;SAFE;1;1;1;-1;-1;4294.48;7.92;7.92;8.52;-6.28;KELLY_LITE;true;0.04;213410.77;0.0417;KELLY_LITE(mult=1.10 taper=1.00 n=20)+HARD_RISK_CAP(2.0%)+MAXLOSS_CAP;213410.77;213418.69;36;0
2026.08.07 09:12:32;XAUUSD;5;1786059434;PROFIT_RATCHET_LOCKED;floor=2.88 peak=8.52;MANAGE_PROFIT;SAFE;1;1;1;-1;-1;4294.48;7.88;7.88;8.52;-6.28;KELLY_LITE;true;0.04;213410.77;0.0417;KELLY_LITE(mult=1.10 taper=1.00 n=20)+HARD_RISK_CAP(2.0%)+MAXLOSS_CAP;213410.77;213418.65;36;0
2026.08.07 09:12:32;XAUUSD;5;1786059434;PROFIT_RATCHET_LOCKED;floor=2.88 peak=8.52;MANAGE_PROFIT;SAFE;1;1;1;-1;-1;4294.48;7.80;7.80;8.52;-6.28;KELLY_LITE;true;0.04;213410.77;0.0417;KELLY_LITE(mult=1.10 taper=1.00 n=20)+HARD_RISK_CAP(2.0%)+MAXLOSS_CAP;213410.77;213418.57;36;0
2026.08.07 09:12:33;XAUUSD;5;1786059434;PROFIT_RATCHET_LOCKED;floor=2.88 peak=8.52;MANAGE_PROFIT;SAFE;1;1;1;-1;-1;4294.48;7.76;7.76;8.52;-6.28;KELLY_LITE;true;0.04;213410.77;0.0417;KELLY_LITE(mult=1.10 taper=1.00 n=20)+HARD_RISK_CAP(2.0%)+MAXLOSS_CAP;213410.77;213418.53;36;0
2026.08.07 09:12:33;XAUUSD;5;1786059434;PROFIT_RATCHET_LOCKED;floor=2.88 peak=8.52;MANAGE_PROFIT;SAFE;1;1;1;-1;-1;4294.48;7.64;7.64;8.52;-6.28;KELLY_LITE;true;0.04;213410.77;0.0417;KELLY_LITE(mult=1.10 taper=1.00 n=20)+HARD_RISK_CAP(2.0%)+MAXLOSS_CAP;213410.77;213418.41;36;0
2026.08.07 09:12:33;XAUUSD;5;1786059434;PROFIT_RATCHET_LOCKED;floor=2.88 peak=8.52;MANAGE_PROFIT;SAFE;1;1;1;-1;-1;4294.48;7.52;7.52;8.52;-6.28;KELLY_LITE;true;0.04;213410.77;0.0417;KELLY_LITE(mult=1.10 taper=1.00 n=20)+HARD_RISK_CAP(2.0%)+MAXLOSS_CAP;213410.77;213418.29;36;0
2026.08.07 09:12:34;XAUUSD;5;1786059434;PROFIT_RATCHET_LOCKED;floor=2.88 peak=8.52;MANAGE_PROFIT;SAFE;1;1;1;-1;-1;4294.48;7.56;7.56;8.52;-6.28;KELLY_LITE;true;0.04;213410.77;0.0417;KELLY_LITE(mult=1.10 taper=1.00 n=20)+HARD_RISK_CAP(2.0%)+MAXLOSS_CAP;213410.77;213418.33;36;0
2026.08.07 09:12:34;XAUUSD;5;1786059434;PROFIT_RATCHET_LOCKED;floor=2.88 peak=8.52;MANAGE_PROFIT;SAFE;1;1;1;-1;-1;4294.48;8.04;8.04;8.52;-6.28;KELLY_LITE;true;0.04;213410.77;0.0417;KELLY_LITE(mult=1.10 taper=1.00 n=20)+HARD_RISK_CAP(2.0%)+MAXLOSS_CAP;213410.77;213418.81;36;0
2026.08.07 09:12:34;XAUUSD;5;1786059434;PROFIT_RATCHET_LOCKED;floor=2.88 peak=8.52;MANAGE_PROFIT;SAFE;1;1;1;-1;-1;4294.48;8.12;8.12;8.52;-6.28;KELLY_LITE;true;0.04;213410.77;0.0417;KELLY_LITE(mult=1.10 taper=1.00 n=20)+HARD_RISK_CAP(2.0%)+MAXLOSS_CAP;213410.77;213418.89;36;0
2026.08.07 09:12:34;XAUUSD;5;1786059434;PROFIT_RATCHET_LOCKED;floor=2.88 peak=8.52;MANAGE_PROFIT;SAFE;1;1;1;-1;-1;4294.48;7.32;7.32;8.52;-6.28;KELLY_LITE;true;0.04;213410.77;0.0417;KELLY_LITE(mult=1.10 taper=1.00 n=20)+HARD_RISK_CAP(2.0%)+MAXLOSS_CAP;213410.77;213418.09;33;0
2026.08.07 09:12:34;XAUUSD;5;1786059434;RECONCILED_BROKER_CLOSE;ticket=118171129 type=main pnl=6.28;MANAGE_PROFIT;SAFE;0;1;1;-1;-1;4294.48;0.00;0.00;8.52;-6.28;KELLY_LITE;true;0.04;213410.77;0.0417;KELLY_LITE(mult=1.10 taper=1.00 n=20)+HARD_RISK_CAP(2.0%)+MAXLOSS_CAP;213417.05;213417.05;33;0
2026.08.07 09:35:34;XAUUSD;5;1786059434;PENDING_DELETED;ticket=118171134 reason=pending_expired;WAIT_TRIGGER;SAFE;0;0;1;-1;-1;4294.48;0.00;0.00;8.52;-6.28;KELLY_LITE;true;0.04;213410.77;0.0417;KELLY_LITE(mult=1.10 taper=1.00 n=20)+HARD_RISK_CAP(2.0%)+MAXLOSS_CAP;213417.05;213417.05;35;0
2026.08.07 09:35:34;XAUUSD;5;1786059434;CYCLE_RESET;oldState=RESET realizedPnL=6.28 peak=8.52 worst=-6.28 pyramid=1 consLosses=0;RESET;SAFE;0;0;1;-1;-1;4294.48;0.00;0.00;8.52;-6.28;KELLY_LITE;true;0.04;213410.77;0.0417;KELLY_LITE(mult=1.10 taper=1.00 n=20)+HARD_RISK_CAP(2.0%)+MAXLOSS_CAP;213417.05;213417.05;35;0
2026.08.07 09:40:34;XAUUSD;5;1786059435;PLACE_PENDING_START;cycle=1786059435 trend=1 consecLosses=0 preset=AGGRESSIVE;PLACE_PENDING;SAFE;0;0;0;-1;-1;0.00;0.00;0.00;0.00;0.00;KELLY_LITE;true;0.04;213410.77;0.0417;KELLY_LITE(mult=1.10 taper=1.00 n=20)+HARD_RISK_CAP(2.0%)+MAXLOSS_CAP;213417.05;213417.05;36;0
2026.08.07 09:40:34;XAUUSD;5;1786059435;DIR_OCO_PLACED;dir=BULL ticket=118175824 price=4308.82 sl=4293.82 tp=4331.32 lot=0.04 dist=2.33;PLACE_PENDING;SAFE;0;1;0;118175824;-1;0.00;0.00;0.00;0.00;0.00;KELLY_LITE;true;0.04;213417.05;0.0417;KELLY_LITE(mult=1.10 taper=1.00 n=20)+HARD_RISK_CAP(2.0%)+MAXLOSS_CAP;213417.05;213417.05;36;0
2026.08.07 09:40:35;XAUUSD;5;1786059435;DIR_OCO_COUNTER_PLACED;dir=BEAR(counter) ticket=118175826 price=4303.92 lot=0.03;PLACE_PENDING;SAFE;0;2;0;118175824;118175826;0.00;0.00;0.00;0.00;0.00;KELLY_LITE;true;0.04;213417.05;0.0417;KELLY_LITE(mult=1.10 taper=1.00 n=20)+HARD_RISK_CAP(2.0%)+MAXLOSS_CAP;213417.05;213417.05;36;0
2026.08.07 09:40:36;XAUUSD;5;1786059435;SELL_STOP_TRAILED;Old=4303.92 New=4304.35;WAIT_TRIGGER;SAFE;0;2;0;118175824;118175826;0.00;0.00;0.00;0.00;0.00;KELLY_LITE;true;0.04;213417.05;0.0417;KELLY_LITE(mult=1.10 taper=1.00 n=20)+HARD_RISK_CAP(2.0%)+MAXLOSS_CAP;213417.05;213417.05;36;0
2026.08.07 09:40:42;XAUUSD;5;1786059435;BUY_STOP_TRAILED;Old=4308.82 New=4308.49;WAIT_TRIGGER;SAFE;0;2;0;118175824;118175826;0.00;0.00;0.00;0.00;0.00;KELLY_LITE;true;0.04;213417.05;0.0417;KELLY_LITE(mult=1.10 taper=1.00 n=20)+HARD_RISK_CAP(2.0%)+MAXLOSS_CAP;213417.05;213417.05;36;0
2026.08.07 09:41:00;XAUUSD;5;1786059435;SELL_STOP_TRAILED;Old=4304.35 New=4304.66;WAIT_TRIGGER;SAFE;0;2;0;118175824;118175826;0.00;0.00;0.00;0.00;0.00;KELLY_LITE;true;0.04;213417.05;0.0417;KELLY_LITE(mult=1.10 taper=1.00 n=20)+HARD_RISK_CAP(2.0%)+MAXLOSS_CAP;213417.05;213417.05;36;0
2026.08.07 09:41:03;XAUUSD;5;1786059435;SELL_STOP_TRAILED;Old=4304.66 New=4305.10;WAIT_TRIGGER;SAFE;0;2;0;118175824;118175826;0.00;0.00;0.00;0.00;0.00;KELLY_LITE;true;0.04;213417.05;0.0417;KELLY_LITE(mult=1.10 taper=1.00 n=20)+HARD_RISK_CAP(2.0%)+MAXLOSS_CAP;213417.05;213417.05;36;0
2026.08.07 09:41:04;XAUUSD;5;1786059435;SELL_STOP_TRAILED;Old=4305.10 New=4305.61;WAIT_TRIGGER;SAFE;0;2;0;118175824;118175826;0.00;0.00;0.00;0.00;0.00;KELLY_LITE;true;0.04;213417.05;0.0417;KELLY_LITE(mult=1.10 taper=1.00 n=20)+HARD_RISK_CAP(2.0%)+MAXLOSS_CAP;213417.05;213417.05;36;0
2026.08.07 09:41:12;XAUUSD;5;1786059435;OCO_TRIGGERED_BUY;ticket=118175824 entry=4308.49;POSITION_ACTIVE;SAFE;1;1;0;-1;118175826;0.00;-1.40;-1.40;0.00;0.00;KELLY_LITE;true;0.04;213417.05;0.0417;KELLY_LITE(mult=1.10 taper=1.00 n=20)+HARD_RISK_CAP(2.0%)+MAXLOSS_CAP;213417.05;213415.65;36;0
2026.08.07 09:41:12;XAUUSD;5;1786059435;OPPOSITE_TRAIL_ARMED;opposite_ticket=118175826 will trail price;POSITION_ACTIVE;SAFE;1;1;0;-1;118175826;0.00;-1.40;-1.40;0.00;0.00;KELLY_LITE;true;0.04;213417.05;0.0417;KELLY_LITE(mult=1.10 taper=1.00 n=20)+HARD_RISK_CAP(2.0%)+MAXLOSS_CAP;213417.05;213415.65;36;0
2026.08.07 09:46:29;XAUUSD;5;1786059435;SL_MODIFIED;ticket=118175824 oldSL=4296.49 newSL=4309.96 reason=break_even_lock_leg_0 (retry buf=3pt);MANAGE_PROFIT;SAFE;1;1;1;-1;-1;4308.49;8.20;8.20;8.00;-4.32;KELLY_LITE;true;0.04;213417.05;0.0417;KELLY_LITE(mult=1.10 taper=1.00 n=20)+HARD_RISK_CAP(2.0%)+MAXLOSS_CAP;213417.05;213425.25;36;0
2026.08.07 09:46:29;XAUUSD;5;1786059435;PROFIT_RATCHET_LOCKED;floor=2.70 peak=8.00;MANAGE_PROFIT;SAFE;1;1;1;-1;-1;4308.49;8.20;8.20;8.00;-4.32;KELLY_LITE;true;0.04;213417.05;0.0417;KELLY_LITE(mult=1.10 taper=1.00 n=20)+HARD_RISK_CAP(2.0%)+MAXLOSS_CAP;213417.05;213425.25;36;0
2026.08.07 09:46:29;XAUUSD;5;1786059435;SL_MODIFIED;ticket=118175824 oldSL=4309.96 newSL=4310.02 reason=break_even_lock_leg_0;MANAGE_PROFIT;SAFE;1;1;1;-1;-1;4308.49;8.20;8.20;8.20;-4.32;KELLY_LITE;true;0.04;213417.05;0.0417;KELLY_LITE(mult=1.10 taper=1.00 n=20)+HARD_RISK_CAP(2.0%)+MAXLOSS_CAP;213417.05;213425.25;36;0
2026.08.07 09:46:29;XAUUSD;5;1786059435;PROFIT_RATCHET_LOCKED;floor=2.77 peak=8.20;MANAGE_PROFIT;SAFE;1;1;1;-1;-1;4308.49;8.20;8.20;8.20;-4.32;KELLY_LITE;true;0.04;213417.05;0.0417;KELLY_LITE(mult=1.10 taper=1.00 n=20)+HARD_RISK_CAP(2.0%)+MAXLOSS_CAP;213417.05;213425.25;36;0
2026.08.07 09:46:30;XAUUSD;5;1786059435;PROFIT_RATCHET_LOCKED;floor=2.79 peak=8.28;MANAGE_PROFIT;SAFE;1;1;1;-1;-1;4308.49;8.28;8.28;8.28;-4.32;KELLY_LITE;true;0.04;213417.05;0.0417;KELLY_LITE(mult=1.10 taper=1.00 n=20)+HARD_RISK_CAP(2.0%)+MAXLOSS_CAP;213417.05;213425.33;36;0
2026.08.07 09:46:30;XAUUSD;5;1786059435;PROFIT_RATCHET_LOCKED;floor=2.79 peak=8.28;MANAGE_PROFIT;SAFE;1;1;1;-1;-1;4308.49;7.88;7.88;8.28;-4.32;KELLY_LITE;true;0.04;213417.05;0.0417;KELLY_LITE(mult=1.10 taper=1.00 n=20)+HARD_RISK_CAP(2.0%)+MAXLOSS_CAP;213417.05;213424.93;36;0
2026.08.07 09:46:30;XAUUSD;5;1786059435;PROFIT_RATCHET_LOCKED;floor=2.79 peak=8.28;MANAGE_PROFIT;SAFE;1;1;1;-1;-1;4308.49;7.80;7.80;8.28;-4.32;KELLY_LITE;true;0.04;213417.05;0.0417;KELLY_LITE(mult=1.10 taper=1.00 n=20)+HARD_RISK_CAP(2.0%)+MAXLOSS_CAP;213417.05;213424.85;36;0
2026.08.07 09:46:31;XAUUSD;5;1786059435;PROFIT_RATCHET_LOCKED;floor=2.79 peak=8.28;MANAGE_PROFIT;SAFE;1;1;1;-1;-1;4308.49;8.28;8.28;8.28;-4.32;KELLY_LITE;true;0.04;213417.05;0.0417;KELLY_LITE(mult=1.10 taper=1.00 n=20)+HARD_RISK_CAP(2.0%)+MAXLOSS_CAP;213417.05;213425.33;36;0
2026.08.07 09:46:31;XAUUSD;5;1786059435;SL_MODIFIED;ticket=118175824 oldSL=4310.02 newSL=4310.08 reason=break_even_lock_leg_0;MANAGE_PROFIT;SAFE;1;1;1;-1;-1;4308.49;8.40;8.40;8.44;-4.32;KELLY_LITE;true;0.04;213417.05;0.0417;KELLY_LITE(mult=1.10 taper=1.00 n=20)+HARD_RISK_CAP(2.0%)+MAXLOSS_CAP;213417.05;213425.45;36;0
2026.08.07 09:46:31;XAUUSD;5;1786059435;PROFIT_RATCHET_LOCKED;floor=2.85 peak=8.44;MANAGE_PROFIT;SAFE;1;1;1;-1;-1;4308.49;8.40;8.40;8.44;-4.32;KELLY_LITE;true;0.04;213417.05;0.0417;KELLY_LITE(mult=1.10 taper=1.00 n=20)+HARD_RISK_CAP(2.0%)+MAXLOSS_CAP;213417.05;213425.45;36;0
2026.08.07 09:46:31;XAUUSD;5;1786059435;PROFIT_RATCHET_LOCKED;floor=2.85 peak=8.44;MANAGE_PROFIT;SAFE;1;1;1;-1;-1;4308.49;8.40;8.40;8.44;-4.32;KELLY_LITE;true;0.04;213417.05;0.0417;KELLY_LITE(mult=1.10 taper=1.00 n=20)+HARD_RISK_CAP(2.0%)+MAXLOSS_CAP;213417.05;213425.45;36;0
2026.08.07 09:46:31;XAUUSD;5;1786059435;PROFIT_RATCHET_LOCKED;floor=2.85 peak=8.44;MANAGE_PROFIT;SAFE;1;1;1;-1;-1;4308.49;8.36;8.36;8.44;-4.32;KELLY_LITE;true;0.04;213417.05;0.0417;KELLY_LITE(mult=1.10 taper=1.00 n=20)+HARD_RISK_CAP(2.0%)+MAXLOSS_CAP;213417.05;213425.41;36;0
2026.08.07 09:46:32;XAUUSD;5;1786059435;PROFIT_RATCHET_LOCKED;floor=2.85 peak=8.44;MANAGE_PROFIT;SAFE;1;1;1;-1;-1;4308.49;8.32;8.32;8.44;-4.32;KELLY_LITE;true;0.04;213417.05;0.0417;KELLY_LITE(mult=1.10 taper=1.00 n=20)+HARD_RISK_CAP(2.0%)+MAXLOSS_CAP;213417.05;213425.37;36;0
2026.08.07 09:46:33;XAUUSD;5;1786059435;PROFIT_RATCHET_LOCKED;floor=2.85 peak=8.44;MANAGE_PROFIT;SAFE;1;1;1;-1;-1;4308.49;8.36;8.36;8.44;-4.32;KELLY_LITE;true;0.04;213417.05;0.0417;KELLY_LITE(mult=1.10 taper=1.00 n=20)+HARD_RISK_CAP(2.0%)+MAXLOSS_CAP;213417.05;213425.41;36;0
2026.08.07 09:46:33;XAUUSD;5;1786059435;PROFIT_RATCHET_LOCKED;floor=2.85 peak=8.44;MANAGE_PROFIT;SAFE;1;1;1;-1;-1;4308.49;8.32;8.32;8.44;-4.32;KELLY_LITE;true;0.04;213417.05;0.0417;KELLY_LITE(mult=1.10 taper=1.00 n=20)+HARD_RISK_CAP(2.0%)+MAXLOSS_CAP;213417.05;213425.37;36;0
2026.08.07 09:46:33;XAUUSD;5;1786059435;PROFIT_RATCHET_LOCKED;floor=2.85 peak=8.44;MANAGE_PROFIT;SAFE;1;1;1;-1;-1;4308.49;8.24;8.24;8.44;-4.32;KELLY_LITE;true;0.04;213417.05;0.0417;KELLY_LITE(mult=1.10 taper=1.00 n=20)+HARD_RISK_CAP(2.0%)+MAXLOSS_CAP;213417.05;213425.29;36;0
2026.08.07 09:46:34;XAUUSD;5;1786059435;PROFIT_RATCHET_LOCKED;floor=2.85 peak=8.44;MANAGE_PROFIT;SAFE;1;1;1;-1;-1;4308.49;7.68;7.68;8.44;-4.32;KELLY_LITE;true;0.04;213417.05;0.0417;KELLY_LITE(mult=1.10 taper=1.00 n=20)+HARD_RISK_CAP(2.0%)+MAXLOSS_CAP;213417.05;213424.73;36;0
2026.08.07 09:46:34;XAUUSD;5;1786059435;PROFIT_RATCHET_LOCKED;floor=2.85 peak=8.44;MANAGE_PROFIT;SAFE;1;1;1;-1;-1;4308.49;7.80;7.80;8.44;-4.32;KELLY_LITE;true;0.04;213417.05;0.0417;KELLY_LITE(mult=1.10 taper=1.00 n=20)+HARD_RISK_CAP(2.0%)+MAXLOSS_CAP;213417.05;213424.85;36;0
2026.08.07 09:46:35;XAUUSD;5;1786059435;PROFIT_RATCHET_LOCKED;floor=2.85 peak=8.44;MANAGE_PROFIT;SAFE;1;1;1;-1;-1;4308.49;7.72;7.72;8.44;-4.32;KELLY_LITE;true;0.04;213417.05;0.0417;KELLY_LITE(mult=1.10 taper=1.00 n=20)+HARD_RISK_CAP(2.0%)+MAXLOSS_CAP;213417.05;213424.77;36;0
2026.08.07 09:46:35;XAUUSD;5;1786059435;PROFIT_RATCHET_LOCKED;floor=2.85 peak=8.44;MANAGE_PROFIT;SAFE;1;1;1;-1;-1;4308.49;7.60;7.60;8.44;-4.32;KELLY_LITE;true;0.04;213417.05;0.0417;KELLY_LITE(mult=1.10 taper=1.00 n=20)+HARD_RISK_CAP(2.0%)+MAXLOSS_CAP;213417.05;213424.65;36;0
2026.08.07 09:46:36;XAUUSD;5;1786059435;SL_MODIFY_FAILED;ticket=118175824 newSL=4310.10 reason=break_even_lock_leg_0 err=0;MANAGE_PROFIT;SAFE;1;1;1;-1;-1;4308.49;8.12;8.12;8.52;-4.32;KELLY_LITE;true;0.04;213417.05;0.0417;KELLY_LITE(mult=1.10 taper=1.00 n=20)+HARD_RISK_CAP(2.0%)+MAXLOSS_CAP;213417.05;213425.17;36;0
2026.08.07 09:46:36;XAUUSD;5;1786059435;PROFIT_RATCHET_LOCKED;floor=2.88 peak=8.52;MANAGE_PROFIT;SAFE;1;1;1;-1;-1;4308.49;8.12;8.12;8.52;-4.32;KELLY_LITE;true;0.04;213417.05;0.0417;KELLY_LITE(mult=1.10 taper=1.00 n=20)+HARD_RISK_CAP(2.0%)+MAXLOSS_CAP;213417.05;213425.17;36;0
2026.08.07 09:46:36;XAUUSD;5;1786059435;PROFIT_RATCHET_LOCKED;floor=2.88 peak=8.52;MANAGE_PROFIT;SAFE;1;1;1;-1;-1;4308.49;8.12;8.12;8.52;-4.32;KELLY_LITE;true;0.04;213417.05;0.0417;KELLY_LITE(mult=1.10 taper=1.00 n=20)+HARD_RISK_CAP(2.0%)+MAXLOSS_CAP;213417.05;213425.17;36;0
2026.08.07 09:46:37;XAUUSD;5;1786059435;PROFIT_RATCHET_LOCKED;floor=2.88 peak=8.52;MANAGE_PROFIT;SAFE;1;1;1;-1;-1;4308.49;8.28;8.28;8.52;-4.32;KELLY_LITE;true;0.04;213417.05;0.0417;KELLY_LITE(mult=1.10 taper=1.00 n=20)+HARD_RISK_CAP(2.0%)+MAXLOSS_CAP;213417.05;213425.33;36;0
2026.08.07 09:46:38;XAUUSD;5;1786059435;PROFIT_RATCHET_LOCKED;floor=2.88 peak=8.52;MANAGE_PROFIT;SAFE;1;1;1;-1;-1;4308.49;8.00;8.00;8.52;-4.32;KELLY_LITE;true;0.04;213417.05;0.0417;KELLY_LITE(mult=1.10 taper=1.00 n=20)+HARD_RISK_CAP(2.0%)+MAXLOSS_CAP;213417.05;213425.05;36;0
2026.08.07 09:46:38;XAUUSD;5;1786059435;PROFIT_RATCHET_LOCKED;floor=2.88 peak=8.52;MANAGE_PROFIT;SAFE;1;1;1;-1;-1;4308.49;8.12;8.12;8.52;-4.32;KELLY_LITE;true;0.04;213417.05;0.0417;KELLY_LITE(mult=1.10 taper=1.00 n=20)+HARD_RISK_CAP(2.0%)+MAXLOSS_CAP;213417.05;213425.17;36;0
2026.08.07 09:46:39;XAUUSD;5;1786059435;PROFIT_RATCHET_LOCKED;floor=2.88 peak=8.52;MANAGE_PROFIT;SAFE;1;1;1;-1;-1;4308.49;8.08;8.08;8.52;-4.32;KELLY_LITE;true;0.04;213417.05;0.0417;KELLY_LITE(mult=1.10 taper=1.00 n=20)+HARD_RISK_CAP(2.0%)+MAXLOSS_CAP;213417.05;213425.13;36;0
2026.08.07 09:46:39;XAUUSD;5;1786059435;PROFIT_RATCHET_LOCKED;floor=2.88 peak=8.52;MANAGE_PROFIT;SAFE;1;1;1;-1;-1;4308.49;8.04;8.04;8.52;-4.32;KELLY_LITE;true;0.04;213417.05;0.0417;KELLY_LITE(mult=1.10 taper=1.00 n=20)+HARD_RISK_CAP(2.0%)+MAXLOSS_CAP;213417.05;213425.09;36;0
2026.08.07 09:46:39;XAUUSD;5;1786059435;PROFIT_RATCHET_LOCKED;floor=2.88 peak=8.52;MANAGE_PROFIT;SAFE;1;1;1;-1;-1;4308.49;8.08;8.08;8.52;-4.32;KELLY_LITE;true;0.04;213417.05;0.0417;KELLY_LITE(mult=1.10 taper=1.00 n=20)+HARD_RISK_CAP(2.0%)+MAXLOSS_CAP;213417.05;213425.13;36;0
2026.08.07 09:46:40;XAUUSD;5;1786059435;PROFIT_RATCHET_LOCKED;floor=2.88 peak=8.52;MANAGE_PROFIT;SAFE;1;1;1;-1;-1;4308.49;7.84;7.84;8.52;-4.32;KELLY_LITE;true;0.04;213417.05;0.0417;KELLY_LITE(mult=1.10 taper=1.00 n=20)+HARD_RISK_CAP(2.0%)+MAXLOSS_CAP;213417.05;213424.89;36;0
2026.08.07 09:46:40;XAUUSD;5;1786059435;PROFIT_RATCHET_LOCKED;floor=2.88 peak=8.52;MANAGE_PROFIT;SAFE;1;1;1;-1;-1;4308.49;7.28;7.28;8.52;-4.32;KELLY_LITE;true;0.04;213417.05;0.0417;KELLY_LITE(mult=1.10 taper=1.00 n=20)+HARD_RISK_CAP(2.0%)+MAXLOSS_CAP;213417.05;213424.33;33;0
2026.08.07 09:46:40;XAUUSD;5;1786059435;PROFIT_RATCHET_LOCKED;floor=2.88 peak=8.52;MANAGE_PROFIT;SAFE;1;1;1;-1;-1;4308.49;6.40;6.40;8.52;-4.32;KELLY_LITE;true;0.04;213417.05;0.0417;KELLY_LITE(mult=1.10 taper=1.00 n=20)+HARD_RISK_CAP(2.0%)+MAXLOSS_CAP;213417.05;213423.45;37;0
2026.08.07 09:46:40;XAUUSD;5;1786059435;PROFIT_RATCHET_LOCKED;floor=2.88 peak=8.52;MANAGE_PROFIT;SAFE;1;1;1;-1;-1;4308.49;6.56;6.56;8.52;-4.32;KELLY_LITE;true;0.04;213417.05;0.0417;KELLY_LITE(mult=1.10 taper=1.00 n=20)+HARD_RISK_CAP(2.0%)+MAXLOSS_CAP;213417.05;213423.61;36;0
2026.08.07 09:46:40;XAUUSD;5;1786059435;PROFIT_RATCHET_LOCKED;floor=2.88 peak=8.52;MANAGE_PROFIT;SAFE;1;1;1;-1;-1;4308.49;6.40;6.40;8.52;-4.32;KELLY_LITE;true;0.04;213417.05;0.0417;KELLY_LITE(mult=1.10 taper=1.00 n=20)+HARD_RISK_CAP(2.0%)+MAXLOSS_CAP;213417.05;213423.45;36;0
2026.08.07 09:46:41;XAUUSD;5;1786059435;PROFIT_RATCHET_LOCKED;floor=2.88 peak=8.52;MANAGE_PROFIT;SAFE;1;1;1;-1;-1;4308.49;6.52;6.52;8.52;-4.32;KELLY_LITE;true;0.04;213417.05;0.0417;KELLY_LITE(mult=1.10 taper=1.00 n=20)+HARD_RISK_CAP(2.0%)+MAXLOSS_CAP;213417.05;213423.57;36;0
2026.08.07 09:46:41;XAUUSD;5;1786059435;PROFIT_RATCHET_LOCKED;floor=2.88 peak=8.52;MANAGE_PROFIT;SAFE;1;1;1;-1;-1;4308.49;6.60;6.60;8.52;-4.32;KELLY_LITE;true;0.04;213417.05;0.0417;KELLY_LITE(mult=1.10 taper=1.00 n=20)+HARD_RISK_CAP(2.0%)+MAXLOSS_CAP;213417.05;213423.65;36;0
2026.08.07 09:46:42;XAUUSD;5;1786059435;PROFIT_RATCHET_LOCKED;floor=2.88 peak=8.52;MANAGE_PROFIT;SAFE;1;1;1;-1;-1;4308.49;6.64;6.64;8.52;-4.32;KELLY_LITE;true;0.04;213417.05;0.0417;KELLY_LITE(mult=1.10 taper=1.00 n=20)+HARD_RISK_CAP(2.0%)+MAXLOSS_CAP;213417.05;213423.69;36;0
2026.08.07 09:46:42;XAUUSD;5;1786059435;PROFIT_RATCHET_LOCKED;floor=2.88 peak=8.52;MANAGE_PROFIT;SAFE;1;1;1;-1;-1;4308.49;6.68;6.68;8.52;-4.32;KELLY_LITE;true;0.04;213417.05;0.0417;KELLY_LITE(mult=1.10 taper=1.00 n=20)+HARD_RISK_CAP(2.0%)+MAXLOSS_CAP;213417.05;213423.73;36;0
2026.08.07 09:46:43;XAUUSD;5;1786059435;PROFIT_RATCHET_LOCKED;floor=2.88 peak=8.52;MANAGE_PROFIT;SAFE;1;1;1;-1;-1;4308.49;6.76;6.76;8.52;-4.32;KELLY_LITE;true;0.04;213417.05;0.0417;KELLY_LITE(mult=1.10 taper=1.00 n=20)+HARD_RISK_CAP(2.0%)+MAXLOSS_CAP;213417.05;213423.81;36;0
2026.08.07 09:46:43;XAUUSD;5;1786059435;PROFIT_RATCHET_LOCKED;floor=2.88 peak=8.52;MANAGE_PROFIT;SAFE;1;1;1;-1;-1;4308.49;7.52;7.52;8.52;-4.32;KELLY_LITE;true;0.04;213417.05;0.0417;KELLY_LITE(mult=1.10 taper=1.00 n=20)+HARD_RISK_CAP(2.0%)+MAXLOSS_CAP;213417.05;213424.57;36;0
2026.08.07 09:46:43;XAUUSD;5;1786059435;PROFIT_RATCHET_LOCKED;floor=2.88 peak=8.52;MANAGE_PROFIT;SAFE;1;1;1;-1;-1;4308.49;7.48;7.48;8.52;-4.32;KELLY_LITE;true;0.04;213417.05;0.0417;KELLY_LITE(mult=1.10 taper=1.00 n=20)+HARD_RISK_CAP(2.0%)+MAXLOSS_CAP;213417.05;213424.53;36;0
2026.08.07 09:46:43;XAUUSD;5;1786059435;PROFIT_RATCHET_LOCKED;floor=2.88 peak=8.52;MANAGE_PROFIT;SAFE;1;1;1;-1;-1;4308.49;7.64;7.64;8.52;-4.32;KELLY_LITE;true;0.04;213417.05;0.0417;KELLY_LITE(mult=1.10 taper=1.00 n=20)+HARD_RISK_CAP(2.0%)+MAXLOSS_CAP;213417.05;213424.69;36;0
2026.08.07 09:46:44;XAUUSD;5;1786059435;PROFIT_RATCHET_LOCKED;floor=2.88 peak=8.52;MANAGE_PROFIT;SAFE;1;1;1;-1;-1;4308.49;7.48;7.48;8.52;-4.32;KELLY_LITE;true;0.04;213417.05;0.0417;KELLY_LITE(mult=1.10 taper=1.00 n=20)+HARD_RISK_CAP(2.0%)+MAXLOSS_CAP;213417.05;213424.53;36;0
2026.08.07 09:46:45;XAUUSD;5;1786059435;PROFIT_RATCHET_LOCKED;floor=2.88 peak=8.52;MANAGE_PROFIT;SAFE;1;1;1;-1;-1;4308.49;7.92;7.92;8.52;-4.32;KELLY_LITE;true;0.04;213417.05;0.0417;KELLY_LITE(mult=1.10 taper=1.00 n=20)+HARD_RISK_CAP(2.0%)+MAXLOSS_CAP;213417.05;213424.97;36;0
2026.08.07 09:46:45;XAUUSD;5;1786059435;PROFIT_RATCHET_LOCKED;floor=2.88 peak=8.52;MANAGE_PROFIT;SAFE;1;1;1;-1;-1;4308.49;7.72;7.72;8.52;-4.32;KELLY_LITE;true;0.04;213417.05;0.0417;KELLY_LITE(mult=1.10 taper=1.00 n=20)+HARD_RISK_CAP(2.0%)+MAXLOSS_CAP;213417.05;213424.77;36;0
2026.08.07 09:46:45;XAUUSD;5;1786059435;PROFIT_RATCHET_LOCKED;floor=2.88 peak=8.52;MANAGE_PROFIT;SAFE;1;1;1;-1;-1;4308.49;7.80;7.80;8.52;-4.32;KELLY_LITE;true;0.04;213417.05;0.0417;KELLY_LITE(mult=1.10 taper=1.00 n=20)+HARD_RISK_CAP(2.0%)+MAXLOSS_CAP;213417.05;213424.85;36;0
2026.08.07 09:46:45;XAUUSD;5;1786059435;PROFIT_RATCHET_LOCKED;floor=2.88 peak=8.52;MANAGE_PROFIT;SAFE;1;1;1;-1;-1;4308.49;7.84;7.84;8.52;-4.32;KELLY_LITE;true;0.04;213417.05;0.0417;KELLY_LITE(mult=1.10 taper=1.00 n=20)+HARD_RISK_CAP(2.0%)+MAXLOSS_CAP;213417.05;213424.89;36;0
2026.08.07 09:46:46;XAUUSD;5;1786059435;PROFIT_RATCHET_LOCKED;floor=2.88 peak=8.52;MANAGE_PROFIT;SAFE;1;1;1;-1;-1;4308.49;7.64;7.64;8.52;-4.32;KELLY_LITE;true;0.04;213417.05;0.0417;KELLY_LITE(mult=1.10 taper=1.00 n=20)+HARD_RISK_CAP(2.0%)+MAXLOSS_CAP;213417.05;213424.69;36;0
2026.08.07 09:46:46;XAUUSD;5;1786059435;PROFIT_RATCHET_LOCKED;floor=2.88 peak=8.52;MANAGE_PROFIT;SAFE;1;1;1;-1;-1;4308.49;7.56;7.56;8.52;-4.32;KELLY_LITE;true;0.04;213417.05;0.0417;KELLY_LITE(mult=1.10 taper=1.00 n=20)+HARD_RISK_CAP(2.0%)+MAXLOSS_CAP;213417.05;213424.61;36;0
2026.08.07 09:46:46;XAUUSD;5;1786059435;PROFIT_RATCHET_LOCKED;floor=2.88 peak=8.52;MANAGE_PROFIT;SAFE;1;1;1;-1;-1;4308.49;8.08;8.08;8.52;-4.32;KELLY_LITE;true;0.04;213417.05;0.0417;KELLY_LITE(mult=1.10 taper=1.00 n=20)+HARD_RISK_CAP(2.0%)+MAXLOSS_CAP;213417.05;213425.13;36;0
2026.08.07 09:46:47;XAUUSD;5;1786059435;PROFIT_RATCHET_LOCKED;floor=2.88 peak=8.52;MANAGE_PROFIT;SAFE;1;1;1;-1;-1;4308.49;8.16;8.16;8.52;-4.32;KELLY_LITE;true;0.04;213417.05;0.0417;KELLY_LITE(mult=1.10 taper=1.00 n=20)+HARD_RISK_CAP(2.0%)+MAXLOSS_CAP;213417.05;213425.21;36;0
2026.08.07 09:46:47;XAUUSD;5;1786059435;PROFIT_RATCHET_LOCKED;floor=2.88 peak=8.52;MANAGE_PROFIT;SAFE;1;1;1;-1;-1;4308.49;7.92;7.92;8.52;-4.32;KELLY_LITE;true;0.04;213417.05;0.0417;KELLY_LITE(mult=1.10 taper=1.00 n=20)+HARD_RISK_CAP(2.0%)+MAXLOSS_CAP;213417.05;213424.97;36;0
2026.08.07 09:46:47;XAUUSD;5;1786059435;PROFIT_RATCHET_LOCKED;floor=2.88 peak=8.52;MANAGE_PROFIT;SAFE;1;1;1;-1;-1;4308.49;7.96;7.96;8.52;-4.32;KELLY_LITE;true;0.04;213417.05;0.0417;KELLY_LITE(mult=1.10 taper=1.00 n=20)+HARD_RISK_CAP(2.0%)+MAXLOSS_CAP;213417.05;213425.01;36;0
2026.08.07 09:46:47;XAUUSD;5;1786059435;PROFIT_RATCHET_LOCKED;floor=2.88 peak=8.52;MANAGE_PROFIT;SAFE;1;1;1;-1;-1;4308.49;7.92;7.92;8.52;-4.32;KELLY_LITE;true;0.04;213417.05;0.0417;KELLY_LITE(mult=1.10 taper=1.00 n=20)+HARD_RISK_CAP(2.0%)+MAXLOSS_CAP;213417.05;213424.97;36;0
2026.08.07 09:46:48;XAUUSD;5;1786059435;PROFIT_RATCHET_LOCKED;floor=2.88 peak=8.52;MANAGE_PROFIT;SAFE;1;1;1;-1;-1;4308.49;7.84;7.84;8.52;-4.32;KELLY_LITE;true;0.04;213417.05;0.0417;KELLY_LITE(mult=1.10 taper=1.00 n=20)+HARD_RISK_CAP(2.0%)+MAXLOSS_CAP;213417.05;213424.89;36;0
2026.08.07 09:46:49;XAUUSD;5;1786059435;PROFIT_RATCHET_LOCKED;floor=2.88 peak=8.52;MANAGE_PROFIT;SAFE;1;1;1;-1;-1;4308.49;7.56;7.56;8.52;-4.32;KELLY_LITE;true;0.04;213417.05;0.0417;KELLY_LITE(mult=1.10 taper=1.00 n=20)+HARD_RISK_CAP(2.0%)+MAXLOSS_CAP;213417.05;213424.61;36;0
2026.08.07 09:46:49;XAUUSD;5;1786059435;PROFIT_RATCHET_LOCKED;floor=2.88 peak=8.52;MANAGE_PROFIT;SAFE;1;1;1;-1;-1;4308.49;7.68;7.68;8.52;-4.32;KELLY_LITE;true;0.04;213417.05;0.0417;KELLY_LITE(mult=1.10 taper=1.00 n=20)+HARD_RISK_CAP(2.0%)+MAXLOSS_CAP;213417.05;213424.73;36;0
2026.08.07 09:46:49;XAUUSD;5;1786059435;PROFIT_RATCHET_LOCKED;floor=2.88 peak=8.52;MANAGE_PROFIT;SAFE;1;1;1;-1;-1;4308.49;7.48;7.48;8.52;-4.32;KELLY_LITE;true;0.04;213417.05;0.0417;KELLY_LITE(mult=1.10 taper=1.00 n=20)+HARD_RISK_CAP(2.0%)+MAXLOSS_CAP;213417.05;213424.53;36;0
2026.08.07 09:46:49;XAUUSD;5;1786059435;PROFIT_RATCHET_LOCKED;floor=2.88 peak=8.52;MANAGE_PROFIT;SAFE;1;1;1;-1;-1;4308.49;7.60;7.60;8.52;-4.32;KELLY_LITE;true;0.04;213417.05;0.0417;KELLY_LITE(mult=1.10 taper=1.00 n=20)+HARD_RISK_CAP(2.0%)+MAXLOSS_CAP;213417.05;213424.65;36;0
2026.08.07 09:46:50;XAUUSD;5;1786059435;PROFIT_RATCHET_LOCKED;floor=2.88 peak=8.52;MANAGE_PROFIT;SAFE;1;1;1;-1;-1;4308.49;7.56;7.56;8.52;-4.32;KELLY_LITE;true;0.04;213417.05;0.0417;KELLY_LITE(mult=1.10 taper=1.00 n=20)+HARD_RISK_CAP(2.0%)+MAXLOSS_CAP;213417.05;213424.61;36;0
2026.08.07 09:46:50;XAUUSD;5;1786059435;PROFIT_RATCHET_LOCKED;floor=2.88 peak=8.52;MANAGE_PROFIT;SAFE;1;1;1;-1;-1;4308.49;7.60;7.60;8.52;-4.32;KELLY_LITE;true;0.04;213417.05;0.0417;KELLY_LITE(mult=1.10 taper=1.00 n=20)+HARD_RISK_CAP(2.0%)+MAXLOSS_CAP;213417.05;213424.65;36;0
2026.08.07 09:46:50;XAUUSD;5;1786059435;PROFIT_RATCHET_LOCKED;floor=2.88 peak=8.52;MANAGE_PROFIT;SAFE;1;1;1;-1;-1;4308.49;7.56;7.56;8.52;-4.32;KELLY_LITE;true;0.04;213417.05;0.0417;KELLY_LITE(mult=1.10 taper=1.00 n=20)+HARD_RISK_CAP(2.0%)+MAXLOSS_CAP;213417.05;213424.61;36;0
2026.08.07 09:46:50;XAUUSD;5;1786059435;PROFIT_RATCHET_LOCKED;floor=2.88 peak=8.52;MANAGE_PROFIT;SAFE;1;1;1;-1;-1;4308.49;7.56;7.56;8.52;-4.32;KELLY_LITE;true;0.04;213417.05;0.0417;KELLY_LITE(mult=1.10 taper=1.00 n=20)+HARD_RISK_CAP(2.0%)+MAXLOSS_CAP;213417.05;213424.61;35;0
2026.08.07 09:46:51;XAUUSD;5;1786059435;PROFIT_RATCHET_LOCKED;floor=2.88 peak=8.52;MANAGE_PROFIT;SAFE;1;1;1;-1;-1;4308.49;7.52;7.52;8.52;-4.32;KELLY_LITE;true;0.04;213417.05;0.0417;KELLY_LITE(mult=1.10 taper=1.00 n=20)+HARD_RISK_CAP(2.0%)+MAXLOSS_CAP;213417.05;213424.57;36;0
2026.08.07 09:46:51;XAUUSD;5;1786059435;PROFIT_RATCHET_LOCKED;floor=2.88 peak=8.52;MANAGE_PROFIT;SAFE;1;1;1;-1;-1;4308.49;7.48;7.48;8.52;-4.32;KELLY_LITE;true;0.04;213417.05;0.0417;KELLY_LITE(mult=1.10 taper=1.00 n=20)+HARD_RISK_CAP(2.0%)+MAXLOSS_CAP;213417.05;213424.53;36;0
2026.08.07 09:46:52;XAUUSD;5;1786059435;PROFIT_RATCHET_LOCKED;floor=2.88 peak=8.52;MANAGE_PROFIT;SAFE;1;1;1;-1;-1;4308.49;7.56;7.56;8.52;-4.32;KELLY_LITE;true;0.04;213417.05;0.0417;KELLY_LITE(mult=1.10 taper=1.00 n=20)+HARD_RISK_CAP(2.0%)+MAXLOSS_CAP;213417.05;213424.61;36;0
2026.08.07 09:46:52;XAUUSD;5;1786059435;PROFIT_RATCHET_LOCKED;floor=2.88 peak=8.52;MANAGE_PROFIT;SAFE;1;1;1;-1;-1;4308.49;7.60;7.60;8.52;-4.32;KELLY_LITE;true;0.04;213417.05;0.0417;KELLY_LITE(mult=1.10 taper=1.00 n=20)+HARD_RISK_CAP(2.0%)+MAXLOSS_CAP;213417.05;213424.65;36;0
2026.08.07 09:46:52;XAUUSD;5;1786059435;PROFIT_RATCHET_LOCKED;floor=2.88 peak=8.52;MANAGE_PROFIT;SAFE;1;1;1;-1;-1;4308.49;7.56;7.56;8.52;-4.32;KELLY_LITE;true;0.04;213417.05;0.0417;KELLY_LITE(mult=1.10 taper=1.00 n=20)+HARD_RISK_CAP(2.0%)+MAXLOSS_CAP;213417.05;213424.61;36;0
2026.08.07 09:46:53;XAUUSD;5;1786059435;PROFIT_RATCHET_LOCKED;floor=2.88 peak=8.52;MANAGE_PROFIT;SAFE;1;1;1;-1;-1;4308.49;7.64;7.64;8.52;-4.32;KELLY_LITE;true;0.04;213417.05;0.0417;KELLY_LITE(mult=1.10 taper=1.00 n=20)+HARD_RISK_CAP(2.0%)+MAXLOSS_CAP;213417.05;213424.69;36;0
2026.08.07 09:46:53;XAUUSD;5;1786059435;SL_MODIFIED;ticket=118175824 oldSL=4310.08 newSL=4310.23 reason=break_even_lock_leg_0;MANAGE_PROFIT;SAFE;1;1;1;-1;-1;4308.49;9.32;9.32;9.04;-4.32;KELLY_LITE;true;0.04;213417.05;0.0417;KELLY_LITE(mult=1.10 taper=1.00 n=20)+HARD_RISK_CAP(2.0%)+MAXLOSS_CAP;213417.05;213426.37;36;0
2026.08.07 09:46:53;XAUUSD;5;1786059435;PROFIT_RATCHET_LOCKED;floor=3.05 peak=9.04;MANAGE_PROFIT;SAFE;1;1;1;-1;-1;4308.49;9.32;9.32;9.04;-4.32;KELLY_LITE;true;0.04;213417.05;0.0417;KELLY_LITE(mult=1.10 taper=1.00 n=20)+HARD_RISK_CAP(2.0%)+MAXLOSS_CAP;213417.05;213426.37;36;0
2026.08.07 09:46:54;XAUUSD;5;1786059435;SL_MODIFY_FAILED;ticket=118175824 newSL=4310.30 reason=break_even_lock_leg_0 err=0;MANAGE_PROFIT;SAFE;1;1;1;-1;-1;4308.49;8.96;8.96;9.32;-4.32;KELLY_LITE;true;0.04;213417.05;0.0417;KELLY_LITE(mult=1.10 taper=1.00 n=20)+HARD_RISK_CAP(2.0%)+MAXLOSS_CAP;213417.05;213426.01;36;0
2026.08.07 09:46:54;XAUUSD;5;1786059435;PROFIT_RATCHET_LOCKED;floor=3.15 peak=9.32;MANAGE_PROFIT;SAFE;1;1;1;-1;-1;4308.49;8.96;8.96;9.32;-4.32;KELLY_LITE;true;0.04;213417.05;0.0417;KELLY_LITE(mult=1.10 taper=1.00 n=20)+HARD_RISK_CAP(2.0%)+MAXLOSS_CAP;213417.05;213426.01;36;0
2026.08.07 09:46:54;XAUUSD;5;1786059435;PROFIT_RATCHET_LOCKED;floor=3.15 peak=9.32;MANAGE_PROFIT;SAFE;1;1;1;-1;-1;4308.49;8.96;8.96;9.32;-4.32;KELLY_LITE;true;0.04;213417.05;0.0417;KELLY_LITE(mult=1.10 taper=1.00 n=20)+HARD_RISK_CAP(2.0%)+MAXLOSS_CAP;213417.05;213426.01;36;0
2026.08.07 09:46:54;XAUUSD;5;1786059435;SL_MODIFIED;ticket=118175824 oldSL=4310.23 newSL=4310.26 reason=break_even_lock_leg_0;MANAGE_PROFIT;SAFE;1;1;1;-1;-1;4308.49;9.12;9.12;9.32;-4.32;KELLY_LITE;true;0.04;213417.05;0.0417;KELLY_LITE(mult=1.10 taper=1.00 n=20)+HARD_RISK_CAP(2.0%)+MAXLOSS_CAP;213417.05;213426.17;36;0
2026.08.07 09:46:54;XAUUSD;5;1786059435;PROFIT_RATCHET_LOCKED;floor=3.15 peak=9.32;MANAGE_PROFIT;SAFE;1;1;1;-1;-1;4308.49;9.12;9.12;9.32;-4.32;KELLY_LITE;true;0.04;213417.05;0.0417;KELLY_LITE(mult=1.10 taper=1.00 n=20)+HARD_RISK_CAP(2.0%)+MAXLOSS_CAP;213417.05;213426.17;36;0
2026.08.07 09:46:54;XAUUSD;5;1786059435;PROFIT_RATCHET_LOCKED;floor=3.15 peak=9.32;MANAGE_PROFIT;SAFE;1;1;1;-1;-1;4308.49;9.12;9.12;9.32;-4.32;KELLY_LITE;true;0.04;213417.05;0.0417;KELLY_LITE(mult=1.10 taper=1.00 n=20)+HARD_RISK_CAP(2.0%)+MAXLOSS_CAP;213417.05;213426.17;36;0
2026.08.07 09:46:56;XAUUSD;5;1786059435;SL_MODIFIED;ticket=118175824 oldSL=4310.26 newSL=4310.38 reason=break_even_lock_leg_0 (retry buf=3pt);MANAGE_PROFIT;SAFE;1;1;1;-1;-1;4308.49;9.56;9.56;9.80;-4.32;KELLY_LITE;true;0.04;213417.05;0.0417;KELLY_LITE(mult=1.10 taper=1.00 n=20)+HARD_RISK_CAP(2.0%)+MAXLOSS_CAP;213417.05;213426.61;36;0
2026.08.07 09:46:56;XAUUSD;5;1786059435;PROFIT_RATCHET_LOCKED;floor=3.31 peak=9.80;MANAGE_PROFIT;SAFE;1;1;1;-1;-1;4308.49;9.56;9.56;9.80;-4.32;KELLY_LITE;true;0.04;213417.05;0.0417;KELLY_LITE(mult=1.10 taper=1.00 n=20)+HARD_RISK_CAP(2.0%)+MAXLOSS_CAP;213417.05;213426.61;36;0
2026.08.07 09:46:56;XAUUSD;5;1786059435;PROFIT_RATCHET_LOCKED;floor=3.31 peak=9.80;MANAGE_PROFIT;SAFE;1;1;1;-1;-1;4308.49;9.56;9.56;9.80;-4.32;KELLY_LITE;true;0.04;213417.05;0.0417;KELLY_LITE(mult=1.10 taper=1.00 n=20)+HARD_RISK_CAP(2.0%)+MAXLOSS_CAP;213417.05;213426.61;36;0
2026.08.07 09:46:56;XAUUSD;5;1786059435;PROFIT_RATCHET_LOCKED;floor=3.31 peak=9.80;MANAGE_PROFIT;SAFE;1;1;1;-1;-1;4308.49;9.52;9.52;9.80;-4.32;KELLY_LITE;true;0.04;213417.05;0.0417;KELLY_LITE(mult=1.10 taper=1.00 n=20)+HARD_RISK_CAP(2.0%)+MAXLOSS_CAP;213417.05;213426.57;36;0
2026.08.07 09:46:56;XAUUSD;5;1786059435;PROFIT_RATCHET_LOCKED;floor=3.31 peak=9.80;MANAGE_PROFIT;SAFE;1;1;1;-1;-1;4308.49;9.24;9.24;9.80;-4.32;KELLY_LITE;true;0.04;213417.05;0.0417;KELLY_LITE(mult=1.10 taper=1.00 n=20)+HARD_RISK_CAP(2.0%)+MAXLOSS_CAP;213417.05;213426.29;36;0
2026.08.07 09:46:56;XAUUSD;5;1786059435;PROFIT_RATCHET_LOCKED;floor=3.31 peak=9.80;MANAGE_PROFIT;SAFE;1;1;1;-1;-1;4308.49;9.08;9.08;9.80;-4.32;KELLY_LITE;true;0.04;213417.05;0.0417;KELLY_LITE(mult=1.10 taper=1.00 n=20)+HARD_RISK_CAP(2.0%)+MAXLOSS_CAP;213417.05;213426.13;36;0
2026.08.07 09:46:57;XAUUSD;5;1786059435;PROFIT_RATCHET_LOCKED;floor=3.31 peak=9.80;MANAGE_PROFIT;SAFE;1;1;1;-1;-1;4308.49;9.12;9.12;9.80;-4.32;KELLY_LITE;true;0.04;213417.05;0.0417;KELLY_LITE(mult=1.10 taper=1.00 n=20)+HARD_RISK_CAP(2.0%)+MAXLOSS_CAP;213417.05;213426.17;36;0
2026.08.07 09:46:57;XAUUSD;5;1786059435;PROFIT_RATCHET_LOCKED;floor=3.31 peak=9.80;MANAGE_PROFIT;SAFE;1;1;1;-1;-1;4308.49;9.16;9.16;9.80;-4.32;KELLY_LITE;true;0.04;213417.05;0.0417;KELLY_LITE(mult=1.10 taper=1.00 n=20)+HARD_RISK_CAP(2.0%)+MAXLOSS_CAP;213417.05;213426.21;36;0
2026.08.07 09:46:57;XAUUSD;5;1786059435;PROFIT_RATCHET_LOCKED;floor=3.31 peak=9.80;MANAGE_PROFIT;SAFE;1;1;1;-1;-1;4308.49;9.04;9.04;9.80;-4.32;KELLY_LITE;true;0.04;213417.05;0.0417;KELLY_LITE(mult=1.10 taper=1.00 n=20)+HARD_RISK_CAP(2.0%)+MAXLOSS_CAP;213417.05;213426.09;33;0
2026.08.07 09:46:57;XAUUSD;5;1786059435;PROFIT_RATCHET_LOCKED;floor=3.31 peak=9.80;MANAGE_PROFIT;SAFE;1;1;1;-1;-1;4308.49;8.48;8.48;9.80;-4.32;KELLY_LITE;true;0.04;213417.05;0.0417;KELLY_LITE(mult=1.10 taper=1.00 n=20)+HARD_RISK_CAP(2.0%)+MAXLOSS_CAP;213417.05;213425.53;36;0
2026.08.07 09:46:57;XAUUSD;5;1786059435;PROFIT_RATCHET_LOCKED;floor=3.31 peak=9.80;MANAGE_PROFIT;SAFE;1;1;1;-1;-1;4308.49;8.44;8.44;9.80;-4.32;KELLY_LITE;true;0.04;213417.05;0.0417;KELLY_LITE(mult=1.10 taper=1.00 n=20)+HARD_RISK_CAP(2.0%)+MAXLOSS_CAP;213417.05;213425.49;36;0
2026.08.07 09:46:58;XAUUSD;5;1786059435;PROFIT_RATCHET_LOCKED;floor=3.31 peak=9.80;MANAGE_PROFIT;SAFE;1;1;1;-1;-1;4308.49;8.32;8.32;9.80;-4.32;KELLY_LITE;true;0.04;213417.05;0.0417;KELLY_LITE(mult=1.10 taper=1.00 n=20)+HARD_RISK_CAP(2.0%)+MAXLOSS_CAP;213417.05;213425.37;36;0
2026.08.07 09:46:58;XAUUSD;5;1786059435;PROFIT_RATCHET_LOCKED;floor=3.31 peak=9.80;MANAGE_PROFIT;SAFE;1;1;1;-1;-1;4308.49;8.44;8.44;9.80;-4.32;KELLY_LITE;true;0.04;213417.05;0.0417;KELLY_LITE(mult=1.10 taper=1.00 n=20)+HARD_RISK_CAP(2.0%)+MAXLOSS_CAP;213417.05;213425.49;36;0
2026.08.07 09:46:59;XAUUSD;5;1786059435;PROFIT_RATCHET_LOCKED;floor=3.31 peak=9.80;MANAGE_PROFIT;SAFE;1;1;1;-1;-1;4308.49;8.40;8.40;9.80;-4.32;KELLY_LITE;true;0.04;213417.05;0.0417;KELLY_LITE(mult=1.10 taper=1.00 n=20)+HARD_RISK_CAP(2.0%)+MAXLOSS_CAP;213417.05;213425.45;36;0
2026.08.07 09:46:59;XAUUSD;5;1786059435;PROFIT_RATCHET_LOCKED;floor=3.31 peak=9.80;MANAGE_PROFIT;SAFE;1;1;1;-1;-1;4308.49;9.16;9.16;9.80;-4.32;KELLY_LITE;true;0.04;213417.05;0.0417;KELLY_LITE(mult=1.10 taper=1.00 n=20)+HARD_RISK_CAP(2.0%)+MAXLOSS_CAP;213417.05;213426.21;36;0
2026.08.07 09:47:00;XAUUSD;5;1786059435;PROFIT_RATCHET_LOCKED;floor=3.31 peak=9.80;MANAGE_PROFIT;SAFE;1;1;1;-1;-1;4308.49;9.12;9.12;9.80;-4.32;KELLY_LITE;true;0.04;213417.05;0.0417;KELLY_LITE(mult=1.10 taper=1.00 n=20)+HARD_RISK_CAP(2.0%)+MAXLOSS_CAP;213417.05;213426.17;36;0
2026.08.07 09:47:00;XAUUSD;5;1786059435;PROFIT_RATCHET_LOCKED;floor=3.31 peak=9.80;MANAGE_PROFIT;SAFE;1;1;1;-1;-1;4308.49;8.20;8.20;9.80;-4.32;KELLY_LITE;true;0.04;213417.05;0.0417;KELLY_LITE(mult=1.10 taper=1.00 n=20)+HARD_RISK_CAP(2.0%)+MAXLOSS_CAP;213417.05;213425.25;36;0
2026.08.07 09:47:00;XAUUSD;5;1786059435;PROFIT_RATCHET_LOCKED;floor=3.31 peak=9.80;MANAGE_PROFIT;SAFE;1;1;1;-1;-1;4308.49;8.12;8.12;9.80;-4.32;KELLY_LITE;true;0.04;213417.05;0.0417;KELLY_LITE(mult=1.10 taper=1.00 n=20)+HARD_RISK_CAP(2.0%)+MAXLOSS_CAP;213417.05;213425.17;36;0
2026.08.07 09:47:00;XAUUSD;5;1786059435;PROFIT_RATCHET_LOCKED;floor=3.31 peak=9.80;MANAGE_PROFIT;SAFE;1;1;1;-1;-1;4308.49;8.48;8.48;9.80;-4.32;KELLY_LITE;true;0.04;213417.05;0.0417;KELLY_LITE(mult=1.10 taper=1.00 n=20)+HARD_RISK_CAP(2.0%)+MAXLOSS_CAP;213417.05;213425.53;36;0
2026.08.07 09:47:01;XAUUSD;5;1786059435;PROFIT_RATCHET_LOCKED;floor=3.31 peak=9.80;MANAGE_PROFIT;SAFE;1;1;1;-1;-1;4308.49;8.36;8.36;9.80;-4.32;KELLY_LITE;true;0.04;213417.05;0.0417;KELLY_LITE(mult=1.10 taper=1.00 n=20)+HARD_RISK_CAP(2.0%)+MAXLOSS_CAP;213417.05;213425.41;36;0
2026.08.07 09:47:01;XAUUSD;5;1786059435;PROFIT_RATCHET_LOCKED;floor=3.31 peak=9.80;MANAGE_PROFIT;SAFE;1;1;1;-1;-1;4308.49;8.16;8.16;9.80;-4.32;KELLY_LITE;true;0.04;213417.05;0.0417;KELLY_LITE(mult=1.10 taper=1.00 n=20)+HARD_RISK_CAP(2.0%)+MAXLOSS_CAP;213417.05;213425.21;36;0
2026.08.07 09:47:01;XAUUSD;5;1786059435;PROFIT_RATCHET_LOCKED;floor=3.31 peak=9.80;MANAGE_PROFIT;SAFE;1;1;1;-1;-1;4308.49;7.96;7.96;9.80;-4.32;KELLY_LITE;true;0.04;213417.05;0.0417;KELLY_LITE(mult=1.10 taper=1.00 n=20)+HARD_RISK_CAP(2.0%)+MAXLOSS_CAP;213417.05;213425.01;36;0
2026.08.07 09:47:02;XAUUSD;5;1786059435;PROFIT_RATCHET_LOCKED;floor=3.31 peak=9.80;MANAGE_PROFIT;SAFE;1;1;1;-1;-1;4308.49;8.00;8.00;9.80;-4.32;KELLY_LITE;true;0.04;213417.05;0.0417;KELLY_LITE(mult=1.10 taper=1.00 n=20)+HARD_RISK_CAP(2.0%)+MAXLOSS_CAP;213417.05;213425.05;36;0
2026.08.07 09:47:02;XAUUSD;5;1786059435;RECONCILED_BROKER_CLOSE;ticket=118175824 type=main pnl=7.56;MANAGE_PROFIT;SAFE;0;1;1;-1;-1;4308.49;0.00;0.00;9.80;-4.32;KELLY_LITE;true;0.04;213417.05;0.0417;KELLY_LITE(mult=1.10 taper=1.00 n=20)+HARD_RISK_CAP(2.0%)+MAXLOSS_CAP;213424.61;213424.61;36;0
2026.08.07 09:52:21;XAUUSD;5;1786059435;REVERSAL_CHASER_TRIGGERED_FLIP;newDir=BEAR ticket=118175826 entry=4305.61 lot=0.03;MANAGE_PROFIT;SAFE;1;0;1;-1;-1;4308.49;0.54;-0.54;9.80;-4.32;KELLY_LITE;true;0.04;213417.05;0.0417;KELLY_LITE(mult=1.10 taper=1.00 n=20)+HARD_RISK_CAP(2.0%)+MAXLOSS_CAP;213424.61;213425.15;36;0
2026.08.07 09:52:21;XAUUSD;5;1786059435;CYCLE_RESET;oldState=MANAGE_PROFIT realizedPnL=7.56 peak=9.80 worst=-4.32 pyramid=1 consLosses=0 reason=chaser_flip;MANAGE_PROFIT;SAFE;1;0;1;-1;-1;4308.49;0.54;-0.54;9.80;-4.32;KELLY_LITE;true;0.04;213417.05;0.0417;KELLY_LITE(mult=1.10 taper=1.00 n=20)+HARD_RISK_CAP(2.0%)+MAXLOSS_CAP;213424.61;213425.15;36;0
2026.08.07 10:24:44;XAUUSD;5;1786059436;EXIT_TIME_LOSS;held=32 profit=-15.51;MANAGE_PROFIT;SAFE;1;0;1;-1;-1;4305.61;-15.51;-15.51;5.82;-15.51;KELLY_LITE;true;0.04;213417.05;0.0417;KELLY_LITE(mult=1.10 taper=1.00 n=20)+HARD_RISK_CAP(2.0%)+MAXLOSS_CAP;213424.61;213409.10;37;0
2026.08.07 10:24:44;XAUUSD;5;1786059436;POSITION_CLOSED;ticket=118175826 reason=time_loss_exit lots=0.03 price=4310.78 pnl=-15.51;MANAGE_PROFIT;SAFE;0;0;1;-1;-1;4305.61;0.00;0.00;5.82;-15.51;KELLY_LITE;true;0.04;213417.05;0.0417;KELLY_LITE(mult=1.10 taper=1.00 n=20)+HARD_RISK_CAP(2.0%)+MAXLOSS_CAP;213408.62;213408.62;36;0
2026.08.07 10:24:44;XAUUSD;5;1786059436;CYCLE_RESET;oldState=RESET realizedPnL=-15.99 peak=5.82 worst=-15.51 pyramid=0 consLosses=1;RESET;SAFE;0;0;0;-1;-1;4305.61;0.00;0.00;5.82;-15.51;KELLY_LITE;true;0.04;213417.05;0.0417;KELLY_LITE(mult=1.10 taper=1.00 n=20)+HARD_RISK_CAP(2.0%)+MAXLOSS_CAP;213408.62;213408.62;36;0
2026.08.07 10:29:45;XAUUSD;5;1786059437;PLACE_PENDING_START;cycle=1786059437 trend=1 consecLosses=1 preset=AGGRESSIVE;PLACE_PENDING;SAFE;0;0;0;-1;-1;0.00;0.00;0.00;0.00;0.00;KELLY_LITE;true;0.04;213417.05;0.0417;KELLY_LITE(mult=1.10 taper=1.00 n=20)+HARD_RISK_CAP(2.0%)+MAXLOSS_CAP;213408.62;213408.62;34;0
2026.08.07 10:29:45;XAUUSD;5;1786059437;DIR_OCO_PLACED;dir=BULL ticket=118179218 price=4308.64 sl=4293.64 tp=4331.14 lot=0.04 dist=2.36;PLACE_PENDING;SAFE;0;1;0;118179218;-1;0.00;0.00;0.00;0.00;0.00;KELLY_LITE;true;0.04;213408.62;0.0417;KELLY_LITE(mult=1.00 taper=1.00 n=20)+HARD_RISK_CAP(2.0%)+MAXLOSS_CAP;213408.62;213408.62;36;0
2026.08.07 10:29:46;XAUUSD;5;1786059437;DIR_OCO_COUNTER_PLACED;dir=BEAR(counter) ticket=118179219 price=4303.58 lot=0.03;PLACE_PENDING;SAFE;0;2;0;118179218;118179219;0.00;0.00;0.00;0.00;0.00;KELLY_LITE;true;0.04;213408.62;0.0417;KELLY_LITE(mult=1.00 taper=1.00 n=20)+HARD_RISK_CAP(2.0%)+MAXLOSS_CAP;213408.62;213408.62;33;0
2026.08.07 10:29:56;XAUUSD;5;1786059437;SELL_STOP_TRAILED;Old=4303.58 New=4303.93;WAIT_TRIGGER;SAFE;0;2;0;118179218;118179219;0.00;0.00;0.00;0.00;0.00;KELLY_LITE;true;0.04;213408.62;0.0417;KELLY_LITE(mult=1.00 taper=1.00 n=20)+HARD_RISK_CAP(2.0%)+MAXLOSS_CAP;213408.62;213408.62;36;0
2026.08.07 10:30:00;XAUUSD;5;1786059437;SELL_STOP_TRAILED;Old=4303.93 New=4304.29;WAIT_TRIGGER;SAFE;0;2;0;118179218;118179219;0.00;0.00;0.00;0.00;0.00;KELLY_LITE;true;0.04;213408.62;0.0417;KELLY_LITE(mult=1.00 taper=1.00 n=20)+HARD_RISK_CAP(2.0%)+MAXLOSS_CAP;213408.62;213408.62;36;0
2026.08.07 10:30:01;XAUUSD;5;1786059437;SELL_STOP_TRAILED;Old=4304.29 New=4304.68;WAIT_TRIGGER;SAFE;0;2;0;118179218;118179219;0.00;0.00;0.00;0.00;0.00;KELLY_LITE;true;0.04;213408.62;0.0417;KELLY_LITE(mult=1.00 taper=1.00 n=20)+HARD_RISK_CAP(2.0%)+MAXLOSS_CAP;213408.62;213408.62;33;0
2026.08.07 10:30:01;XAUUSD;5;1786059437;SELL_STOP_TRAILED;Old=4304.68 New=4304.99;WAIT_TRIGGER;SAFE;0;2;0;118179218;118179219;0.00;0.00;0.00;0.00;0.00;KELLY_LITE;true;0.04;213408.62;0.0417;KELLY_LITE(mult=1.00 taper=1.00 n=20)+HARD_RISK_CAP(2.0%)+MAXLOSS_CAP;213408.62;213408.62;37;0
2026.08.07 10:30:02;XAUUSD;5;1786059437;SELL_STOP_TRAILED;Old=4304.99 New=4305.43;WAIT_TRIGGER;SAFE;0;2;0;118179218;118179219;0.00;0.00;0.00;0.00;0.00;KELLY_LITE;true;0.04;213408.62;0.0417;KELLY_LITE(mult=1.00 taper=1.00 n=20)+HARD_RISK_CAP(2.0%)+MAXLOSS_CAP;213408.62;213408.62;37;0
2026.08.07 10:30:25;XAUUSD;5;1786059437;BUY_STOP_TRAILED;Old=4308.64 New=4308.29;WAIT_TRIGGER;SAFE;0;2;0;118179218;118179219;0.00;0.00;0.00;0.00;0.00;KELLY_LITE;true;0.04;213408.62;0.0417;KELLY_LITE(mult=1.00 taper=1.00 n=20)+HARD_RISK_CAP(2.0%)+MAXLOSS_CAP;213408.62;213408.62;34;0
2026.08.07 10:30:25;XAUUSD;5;1786059437;OCO_TRIGGERED_SELL;ticket=118179219 entry=4305.43;POSITION_ACTIVE;SAFE;1;1;0;118179218;-1;0.00;-0.81;-0.81;0.00;0.00;KELLY_LITE;true;0.04;213408.62;0.0417;KELLY_LITE(mult=1.00 taper=1.00 n=20)+HARD_RISK_CAP(2.0%)+MAXLOSS_CAP;213408.62;213407.81;36;0
2026.08.07 10:30:25;XAUUSD;5;1786059437;OPPOSITE_TRAIL_ARMED;opposite_ticket=118179218 will trail price;POSITION_ACTIVE;SAFE;1;1;0;118179218;-1;0.00;-0.81;-0.81;0.00;0.00;KELLY_LITE;true;0.04;213408.62;0.0417;KELLY_LITE(mult=1.00 taper=1.00 n=20)+HARD_RISK_CAP(2.0%)+MAXLOSS_CAP;213408.62;213407.81;36;0
2026.08.07 10:30:31;XAUUSD;5;1786059437;OPPOSITE_PENDING_TRAILED;BUY_STOP trailed DOWN: ticket=118179218 old=4308.29 new=4307.78 dist=3.53;MANAGE_PROFIT;SAFE;1;1;1;-1;-1;4305.43;5.25;5.25;2.43;-0.81;KELLY_LITE;true;0.04;213408.62;0.0417;KELLY_LITE(mult=1.00 taper=1.00 n=20)+HARD_RISK_CAP(2.0%)+MAXLOSS_CAP;213408.62;213413.87;37;0
2026.08.07 10:30:32;XAUUSD;5;1786059437;OPPOSITE_PENDING_TRAILED;BUY_STOP trailed DOWN: ticket=118179218 old=4307.78 new=4307.23 dist=3.55;MANAGE_PROFIT;SAFE;1;1;1;-1;-1;4305.43;5.88;5.88;5.25;-0.81;KELLY_LITE;true;0.04;213408.62;0.0417;KELLY_LITE(mult=1.00 taper=1.00 n=20)+HARD_RISK_CAP(2.0%)+MAXLOSS_CAP;213408.62;213414.50;36;0
2026.08.07 10:31:42;XAUUSD;5;1786059437;OPPOSITE_PENDING_TRAILED;BUY_STOP trailed DOWN: ticket=118179218 old=4307.23 new=4306.92 dist=3.57;MANAGE_PROFIT;SAFE;1;1;1;-1;-1;4305.43;6.24;6.24;6.03;-0.81;KELLY_LITE;true;0.04;213408.62;0.0417;KELLY_LITE(mult=1.00 taper=1.00 n=20)+HARD_RISK_CAP(2.0%)+MAXLOSS_CAP;213408.62;213414.86;36;0
2026.08.07 10:31:47;XAUUSD;5;1786059437;OPPOSITE_PENDING_TRAILED;BUY_STOP trailed DOWN: ticket=118179218 old=4306.92 new=4306.45 dist=3.59;MANAGE_PROFIT;SAFE;1;1;1;-1;-1;4305.43;7.20;7.20;7.02;-0.81;KELLY_LITE;true;0.04;213408.62;0.0417;KELLY_LITE(mult=1.00 taper=1.00 n=20)+HARD_RISK_CAP(2.0%)+MAXLOSS_CAP;213408.62;213415.82;36;0
2026.08.07 10:31:51;XAUUSD;5;1786059437;SL_MODIFIED;ticket=118179219 oldSL=4317.43 newSL=4303.38 reason=break_even_lock_leg_0 (retry buf=3pt);MANAGE_PROFIT;SAFE;1;1;1;-1;-1;4305.43;7.77;7.77;8.01;-0.81;KELLY_LITE;true;0.04;213408.62;0.0417;KELLY_LITE(mult=1.00 taper=1.00 n=20)+HARD_RISK_CAP(2.0%)+MAXLOSS_CAP;213408.62;213416.39;36;0
2026.08.07 10:31:51;XAUUSD;5;1786059437;PROFIT_RATCHET_LOCKED;floor=3.40 peak=8.01;MANAGE_PROFIT;SAFE;1;1;1;-1;-1;4305.43;7.77;7.77;8.01;-0.81;KELLY_LITE;true;0.04;213408.62;0.0417;KELLY_LITE(mult=1.00 taper=1.00 n=20)+HARD_RISK_CAP(2.0%)+MAXLOSS_CAP;213408.62;213416.39;36;0
2026.08.07 10:31:51;XAUUSD;5;1786059437;SL_MODIFIED;ticket=118179219 oldSL=4303.38 newSL=4303.36 reason=break_even_lock_leg_0;MANAGE_PROFIT;SAFE;1;1;1;-1;-1;4305.43;8.31;8.31;8.01;-0.81;KELLY_LITE;true;0.04;213408.62;0.0417;KELLY_LITE(mult=1.00 taper=1.00 n=20)+HARD_RISK_CAP(2.0%)+MAXLOSS_CAP;213408.62;213416.93;36;0
2026.08.07 10:31:51;XAUUSD;5;1786059437;PROFIT_RATCHET_LOCKED;floor=3.40 peak=8.01;MANAGE_PROFIT;SAFE;1;1;1;-1;-1;4305.43;8.31;8.31;8.01;-0.81;KELLY_LITE;true;0.04;213408.62;0.0417;KELLY_LITE(mult=1.00 taper=1.00 n=20)+HARD_RISK_CAP(2.0%)+MAXLOSS_CAP;213408.62;213416.93;36;0
2026.08.07 10:31:51;XAUUSD;5;1786059437;SL_MODIFY_FAILED;ticket=118179219 newSL=4303.18 reason=break_even_lock_leg_0 err=0;MANAGE_PROFIT;SAFE;1;1;1;-1;-1;4305.43;6.48;6.48;8.31;-0.81;KELLY_LITE;true;0.04;213408.62;0.0417;KELLY_LITE(mult=1.00 taper=1.00 n=20)+HARD_RISK_CAP(2.0%)+MAXLOSS_CAP;213408.62;213415.10;37;0
2026.08.07 10:31:51;XAUUSD;5;1786059437;PROFIT_RATCHET_LOCKED;floor=3.53 peak=8.31;MANAGE_PROFIT;SAFE;1;1;1;-1;-1;4305.43;6.48;6.48;8.31;-0.81;KELLY_LITE;true;0.04;213408.62;0.0417;KELLY_LITE(mult=1.00 taper=1.00 n=20)+HARD_RISK_CAP(2.0%)+MAXLOSS_CAP;213408.62;213415.10;37;0
2026.08.07 10:31:51;XAUUSD;5;1786059437;EXIT_TIERED_TRAIL;profit=6.48 peak=8.31 allowedRetrace=1.25;MANAGE_PROFIT;SAFE;1;1;1;-1;-1;4305.43;6.48;6.48;8.31;-0.81;KELLY_LITE;true;0.04;213408.62;0.0417;KELLY_LITE(mult=1.00 taper=1.00 n=20)+HARD_RISK_CAP(2.0%)+MAXLOSS_CAP;213408.62;213415.10;37;0
2026.08.07 10:31:53;XAUUSD;5;1786059437;PENDING_DELETED;ticket=118179218 reason=close_all_cleanup;MANAGE_PROFIT;SAFE;0;0;1;-1;-1;4305.43;0.00;0.00;8.31;-0.81;KELLY_LITE;true;0.04;213408.62;0.0417;KELLY_LITE(mult=1.00 taper=1.00 n=20)+HARD_RISK_CAP(2.0%)+MAXLOSS_CAP;213414.83;213414.83;36;0
2026.08.07 10:31:53;XAUUSD;5;1786059437;CYCLE_RESET;oldState=RESET realizedPnL=6.21 peak=8.31 worst=-0.81 pyramid=0 consLosses=0;RESET;SAFE;0;0;0;-1;-1;4305.43;0.00;0.00;8.31;-0.81;KELLY_LITE;true;0.04;213408.62;0.0417;KELLY_LITE(mult=1.00 taper=1.00 n=20)+HARD_RISK_CAP(2.0%)+MAXLOSS_CAP;213414.83;213414.83;36;0
2026.08.07 10:36:53;XAUUSD;5;1786059438;PLACE_PENDING_START;cycle=1786059438 trend=1 consecLosses=0 preset=AGGRESSIVE;PLACE_PENDING;SAFE;0;0;0;-1;-1;0.00;0.00;0.00;0.00;0.00;KELLY_LITE;true;0.04;213408.62;0.0417;KELLY_LITE(mult=1.00 taper=1.00 n=20)+HARD_RISK_CAP(2.0%)+MAXLOSS_CAP;213414.83;213414.83;36;0
2026.08.07 10:36:53;XAUUSD;5;1786059438;DIR_OCO_PLACED;dir=BULL ticket=118179846 price=4307.30 sl=4292.30 tp=4329.80 lot=0.04 dist=2.41;PLACE_PENDING;SAFE;0;1;0;118179846;-1;0.00;0.00;0.00;0.00;0.00;KELLY_LITE;true;0.04;213414.83;0.0417;KELLY_LITE(mult=1.00 taper=1.00 n=20)+HARD_RISK_CAP(2.0%)+MAXLOSS_CAP;213414.83;213414.83;36;0
2026.08.07 10:36:54;XAUUSD;5;1786059438;DIR_OCO_COUNTER_PLACED;dir=BEAR(counter) ticket=118179847 price=4302.42 lot=0.03;PLACE_PENDING;SAFE;0;2;0;118179846;118179847;0.00;0.00;0.00;0.00;0.00;KELLY_LITE;true;0.04;213414.83;0.0417;KELLY_LITE(mult=1.00 taper=1.00 n=20)+HARD_RISK_CAP(2.0%)+MAXLOSS_CAP;213414.83;213414.83;36;0
2026.08.07 10:37:00;XAUUSD;5;1786059438;SELL_STOP_TRAILED;Old=4302.42 New=4302.73;WAIT_TRIGGER;SAFE;0;2;0;118179846;118179847;0.00;0.00;0.00;0.00;0.00;KELLY_LITE;true;0.04;213414.83;0.0417;KELLY_LITE(mult=1.00 taper=1.00 n=20)+HARD_RISK_CAP(2.0%)+MAXLOSS_CAP;213414.83;213414.83;36;0
2026.08.07 10:37:04;XAUUSD;5;1786059438;SELL_STOP_TRAILED;Old=4302.73 New=4303.05;WAIT_TRIGGER;SAFE;0;2;0;118179846;118179847;0.00;0.00;0.00;0.00;0.00;KELLY_LITE;true;0.04;213414.83;0.0417;KELLY_LITE(mult=1.00 taper=1.00 n=20)+HARD_RISK_CAP(2.0%)+MAXLOSS_CAP;213414.83;213414.83;36;0
2026.08.07 10:37:56;XAUUSD;5;1786059438;SELL_STOP_TRAILED;Old=4303.05 New=4303.67;WAIT_TRIGGER;SAFE;0;2;0;118179846;118179847;0.00;0.00;0.00;0.00;0.00;KELLY_LITE;true;0.04;213414.83;0.0417;KELLY_LITE(mult=1.00 taper=1.00 n=20)+HARD_RISK_CAP(2.0%)+MAXLOSS_CAP;213414.83;213414.83;36;0
2026.08.07 10:38:20;XAUUSD;5;1786059438;SELL_STOP_TRAILED;Old=4303.67 New=4304.02;WAIT_TRIGGER;SAFE;0;2;0;118179846;118179847;0.00;0.00;0.00;0.00;0.00;KELLY_LITE;true;0.04;213414.83;0.0417;KELLY_LITE(mult=1.00 taper=1.00 n=20)+HARD_RISK_CAP(2.0%)+MAXLOSS_CAP;213414.83;213414.83;36;0
2026.08.07 10:38:31;XAUUSD;5;1786059438;SELL_STOP_TRAILED;Old=4304.02 New=4304.43;WAIT_TRIGGER;SAFE;1;1;0;118179846;118179847;0.00;-1.48;-1.48;0.00;0.00;KELLY_LITE;true;0.04;213414.83;0.0417;KELLY_LITE(mult=1.00 taper=1.00 n=20)+HARD_RISK_CAP(2.0%)+MAXLOSS_CAP;213414.83;213413.35;36;0
2026.08.07 10:38:31;XAUUSD;5;1786059438;OCO_TRIGGERED_BUY;ticket=118179846 entry=4307.30;POSITION_ACTIVE;SAFE;1;1;0;-1;118179847;0.00;-1.48;-1.48;0.00;0.00;KELLY_LITE;true;0.04;213414.83;0.0417;KELLY_LITE(mult=1.00 taper=1.00 n=20)+HARD_RISK_CAP(2.0%)+MAXLOSS_CAP;213414.83;213413.35;36;0
2026.08.07 10:38:31;XAUUSD;5;1786059438;OPPOSITE_TRAIL_ARMED;opposite_ticket=118179847 will trail price;POSITION_ACTIVE;SAFE;1;1;0;-1;118179847;0.00;-1.48;-1.48;0.00;0.00;KELLY_LITE;true;0.04;213414.83;0.0417;KELLY_LITE(mult=1.00 taper=1.00 n=20)+HARD_RISK_CAP(2.0%)+MAXLOSS_CAP;213414.83;213413.35;36;0
2026.08.07 10:40:00;XAUUSD;5;1786059438;OPPOSITE_PENDING_TRAILED;SELL_STOP trailed UP: ticket=118179847 old=4304.43 new=4305.81 dist=2.88;MANAGE_PROFIT;SAFE;1;1;1;-1;-1;4307.30;5.64;5.64;6.72;-3.44;KELLY_LITE;true;0.04;213414.83;0.0417;KELLY_LITE(mult=1.00 taper=1.00 n=20)+HARD_RISK_CAP(2.0%)+MAXLOSS_CAP;213414.83;213420.47;36;0
2026.08.07 10:40:02;XAUUSD;5;1786059438;OPPOSITE_PENDING_TRAILED;SELL_STOP trailed UP: ticket=118179847 old=4305.81 new=4306.18 dist=2.90;MANAGE_PROFIT;SAFE;1;1;1;-1;-1;4307.30;10.24;10.24;6.72;-3.44;KELLY_LITE;true;0.04;213414.83;0.0417;KELLY_LITE(mult=1.00 taper=1.00 n=20)+HARD_RISK_CAP(2.0%)+MAXLOSS_CAP;213414.83;213425.07;34;0
2026.08.07 10:40:02;XAUUSD;5;1786059438;SL_MODIFIED;ticket=118179846 oldSL=4292.30 newSL=4309.34 reason=break_even_lock_leg_0;MANAGE_PROFIT;SAFE;1;1;1;-1;-1;4307.30;12.76;12.76;10.24;-3.44;KELLY_LITE;true;0.04;213414.83;0.0417;KELLY_LITE(mult=1.00 taper=1.00 n=20)+HARD_RISK_CAP(2.0%)+MAXLOSS_CAP;213414.83;213427.59;36;0
2026.08.07 10:40:02;XAUUSD;5;1786059438;PROFIT_RATCHET_LOCKED;floor=4.35 peak=10.24;MANAGE_PROFIT;SAFE;1;1;1;-1;-1;4307.30;12.76;12.76;10.24;-3.44;KELLY_LITE;true;0.04;213414.83;0.0417;KELLY_LITE(mult=1.00 taper=1.00 n=20)+HARD_RISK_CAP(2.0%)+MAXLOSS_CAP;213414.83;213427.59;36;0
2026.08.07 10:40:03;XAUUSD;5;1786059438;OPPOSITE_PENDING_TRAILED;SELL_STOP trailed UP: ticket=118179847 old=4306.18 new=4307.53 dist=2.96;MANAGE_PROFIT;SAFE;1;1;1;-1;-1;4307.30;12.56;12.56;10.24;-3.44;KELLY_LITE;true;0.04;213414.83;0.0417;KELLY_LITE(mult=1.00 taper=1.00 n=20)+HARD_RISK_CAP(2.0%)+MAXLOSS_CAP;213414.83;213427.39;36;0
2026.08.07 10:40:03;XAUUSD;5;1786059438;SL_MODIFIED;ticket=118179846 oldSL=4309.34 newSL=4309.92 reason=break_even_lock_leg_0;MANAGE_PROFIT;SAFE;1;1;1;-1;-1;4307.30;12.68;12.68;12.56;-3.44;KELLY_LITE;true;0.04;213414.83;0.0417;KELLY_LITE(mult=1.00 taper=1.00 n=20)+HARD_RISK_CAP(2.0%)+MAXLOSS_CAP;213414.83;213427.51;35;0
2026.08.07 10:40:03;XAUUSD;5;1786059438;PROFIT_RATCHET_LOCKED;floor=5.34 peak=12.56;MANAGE_PROFIT;SAFE;1;1;1;-1;-1;4307.30;12.68;12.68;12.56;-3.44;KELLY_LITE;true;0.04;213414.83;0.0417;KELLY_LITE(mult=1.00 taper=1.00 n=20)+HARD_RISK_CAP(2.0%)+MAXLOSS_CAP;213414.83;213427.51;35;0
2026.08.07 10:40:04;XAUUSD;5;1786059438;SL_MODIFIED;ticket=118179846 oldSL=4309.92 newSL=4309.95 reason=break_even_lock_leg_0;MANAGE_PROFIT;SAFE;1;1;1;-1;-1;4307.30;12.84;12.84;12.68;-3.44;KELLY_LITE;true;0.04;213414.83;0.0417;KELLY_LITE(mult=1.00 taper=1.00 n=20)+HARD_RISK_CAP(2.0%)+MAXLOSS_CAP;213414.83;213427.67;36;0
2026.08.07 10:40:04;XAUUSD;5;1786059438;PROFIT_RATCHET_LOCKED;floor=5.39 peak=12.68;MANAGE_PROFIT;SAFE;1;1;1;-1;-1;4307.30;12.84;12.84;12.68;-3.44;KELLY_LITE;true;0.04;213414.83;0.0417;KELLY_LITE(mult=1.00 taper=1.00 n=20)+HARD_RISK_CAP(2.0%)+MAXLOSS_CAP;213414.83;213427.67;36;0
2026.08.07 10:40:04;XAUUSD;5;1786059438;SL_MODIFIED;ticket=118179846 oldSL=4309.95 newSL=4309.99 reason=break_even_lock_leg_0;MANAGE_PROFIT;SAFE;1;1;1;-1;-1;4307.30;13.48;13.48;12.84;-3.44;KELLY_LITE;true;0.04;213414.83;0.0417;KELLY_LITE(mult=1.00 taper=1.00 n=20)+HARD_RISK_CAP(2.0%)+MAXLOSS_CAP;213414.83;213428.31;36;0
2026.08.07 10:40:04;XAUUSD;5;1786059438;PROFIT_RATCHET_LOCKED;floor=5.46 peak=12.84;MANAGE_PROFIT;SAFE;1;1;1;-1;-1;4307.30;13.48;13.48;12.84;-3.44;KELLY_LITE;true;0.04;213414.83;0.0417;KELLY_LITE(mult=1.00 taper=1.00 n=20)+HARD_RISK_CAP(2.0%)+MAXLOSS_CAP;213414.83;213428.31;36;0
2026.08.07 10:40:05;XAUUSD;5;1786059438;SL_MODIFIED;ticket=118179846 oldSL=4309.99 newSL=4310.01 reason=break_even_lock_leg_0 (retry buf=3pt);MANAGE_PROFIT;SAFE;1;1;1;-1;-1;4307.30;13.88;13.88;13.48;-3.44;KELLY_LITE;true;0.04;213414.83;0.0417;KELLY_LITE(mult=1.00 taper=1.00 n=20)+HARD_RISK_CAP(2.0%)+MAXLOSS_CAP;213414.83;213428.71;36;0
2026.08.07 10:40:05;XAUUSD;5;1786059438;PROFIT_RATCHET_LOCKED;floor=5.73 peak=13.48;MANAGE_PROFIT;SAFE;1;1;1;-1;-1;4307.30;13.88;13.88;13.48;-3.44;KELLY_LITE;true;0.04;213414.83;0.0417;KELLY_LITE(mult=1.00 taper=1.00 n=20)+HARD_RISK_CAP(2.0%)+MAXLOSS_CAP;213414.83;213428.71;36;0
2026.08.07 10:40:06;XAUUSD;5;1786059438;SL_MODIFY_FAILED;ticket=118179846 newSL=4310.25 reason=break_even_lock_leg_0 err=0;MANAGE_PROFIT;SAFE;1;1;1;-1;-1;4307.30;12.64;12.64;13.88;-3.44;KELLY_LITE;true;0.04;213414.83;0.0417;KELLY_LITE(mult=1.00 taper=1.00 n=20)+HARD_RISK_CAP(2.0%)+MAXLOSS_CAP;213414.83;213427.47;36;0
2026.08.07 10:40:06;XAUUSD;5;1786059438;PROFIT_RATCHET_LOCKED;floor=5.90 peak=13.88;MANAGE_PROFIT;SAFE;1;1;1;-1;-1;4307.30;12.64;12.64;13.88;-3.44;KELLY_LITE;true;0.04;213414.83;0.0417;KELLY_LITE(mult=1.00 taper=1.00 n=20)+HARD_RISK_CAP(2.0%)+MAXLOSS_CAP;213414.83;213427.47;36;0
2026.08.07 10:40:06;XAUUSD;5;1786059438;PROFIT_RATCHET_LOCKED;floor=5.90 peak=13.88;MANAGE_PROFIT;SAFE;1;1;1;-1;-1;4307.30;12.64;12.64;13.88;-3.44;KELLY_LITE;true;0.04;213414.83;0.0417;KELLY_LITE(mult=1.00 taper=1.00 n=20)+HARD_RISK_CAP(2.0%)+MAXLOSS_CAP;213414.83;213427.47;36;0
2026.08.07 10:40:06;XAUUSD;5;1786059438;PROFIT_RATCHET_LOCKED;floor=5.90 peak=13.88;MANAGE_PROFIT;SAFE;1;1;1;-1;-1;4307.30;12.84;12.84;13.88;-3.44;KELLY_LITE;true;0.04;213414.83;0.0417;KELLY_LITE(mult=1.00 taper=1.00 n=20)+HARD_RISK_CAP(2.0%)+MAXLOSS_CAP;213414.83;213427.67;36;0
2026.08.07 10:40:06;XAUUSD;5;1786059438;PROFIT_RATCHET_LOCKED;floor=5.90 peak=13.88;MANAGE_PROFIT;SAFE;1;1;1;-1;-1;4307.30;12.72;12.72;13.88;-3.44;KELLY_LITE;true;0.04;213414.83;0.0417;KELLY_LITE(mult=1.00 taper=1.00 n=20)+HARD_RISK_CAP(2.0%)+MAXLOSS_CAP;213414.83;213427.55;35;0
2026.08.07 10:40:07;XAUUSD;5;1786059438;PROFIT_RATCHET_LOCKED;floor=5.90 peak=13.88;MANAGE_PROFIT;SAFE;1;1;1;-1;-1;4307.30;12.88;12.88;13.88;-3.44;KELLY_LITE;true;0.04;213414.83;0.0417;KELLY_LITE(mult=1.00 taper=1.00 n=20)+HARD_RISK_CAP(2.0%)+MAXLOSS_CAP;213414.83;213427.71;36;0
2026.08.07 10:40:07;XAUUSD;5;1786059438;PROFIT_RATCHET_LOCKED;floor=5.90 peak=13.88;MANAGE_PROFIT;SAFE;1;1;1;-1;-1;4307.30;12.88;12.88;13.88;-3.44;KELLY_LITE;true;0.04;213414.83;0.0417;KELLY_LITE(mult=1.00 taper=1.00 n=20)+HARD_RISK_CAP(2.0%)+MAXLOSS_CAP;213414.83;213427.71;33;0
2026.08.07 10:40:08;XAUUSD;5;1786059438;PROFIT_RATCHET_LOCKED;floor=5.90 peak=13.88;MANAGE_PROFIT;SAFE;1;1;1;-1;-1;4307.30;12.88;12.88;13.88;-3.44;KELLY_LITE;true;0.04;213414.83;0.0417;KELLY_LITE(mult=1.00 taper=1.00 n=20)+HARD_RISK_CAP(2.0%)+MAXLOSS_CAP;213414.83;213427.71;36;0
2026.08.07 10:40:08;XAUUSD;5;1786059438;PROFIT_RATCHET_LOCKED;floor=5.90 peak=13.88;MANAGE_PROFIT;SAFE;1;1;1;-1;-1;4307.30;12.92;12.92;13.88;-3.44;KELLY_LITE;true;0.04;213414.83;0.0417;KELLY_LITE(mult=1.00 taper=1.00 n=20)+HARD_RISK_CAP(2.0%)+MAXLOSS_CAP;213414.83;213427.75;36;0
2026.08.07 10:40:08;XAUUSD;5;1786059438;PROFIT_RATCHET_LOCKED;floor=5.90 peak=13.88;MANAGE_PROFIT;SAFE;1;1;1;-1;-1;4307.30;12.88;12.88;13.88;-3.44;KELLY_LITE;true;0.04;213414.83;0.0417;KELLY_LITE(mult=1.00 taper=1.00 n=20)+HARD_RISK_CAP(2.0%)+MAXLOSS_CAP;213414.83;213427.71;34;0
2026.08.07 10:40:08;XAUUSD;5;1786059438;PROFIT_RATCHET_LOCKED;floor=5.90 peak=13.88;MANAGE_PROFIT;SAFE;1;1;1;-1;-1;4307.30;12.80;12.80;13.88;-3.44;KELLY_LITE;true;0.04;213414.83;0.0417;KELLY_LITE(mult=1.00 taper=1.00 n=20)+HARD_RISK_CAP(2.0%)+MAXLOSS_CAP;213414.83;213427.63;33;0
2026.08.07 10:40:08;XAUUSD;5;1786059438;PROFIT_RATCHET_LOCKED;floor=5.90 peak=13.88;MANAGE_PROFIT;SAFE;1;1;1;-1;-1;4307.30;12.84;12.84;13.88;-3.44;KELLY_LITE;true;0.04;213414.83;0.0417;KELLY_LITE(mult=1.00 taper=1.00 n=20)+HARD_RISK_CAP(2.0%)+MAXLOSS_CAP;213414.83;213427.67;33;0
2026.08.07 10:40:10;XAUUSD;5;1786059438;SL_MODIFIED;ticket=118179846 oldSL=4310.01 newSL=4310.07 reason=break_even_lock_leg_0;MANAGE_PROFIT;SAFE;1;1;1;-1;-1;4307.30;13.76;13.76;13.88;-3.44;KELLY_LITE;true;0.04;213414.83;0.0417;KELLY_LITE(mult=1.00 taper=1.00 n=20)+HARD_RISK_CAP(2.0%)+MAXLOSS_CAP;213414.83;213428.59;36;0
2026.08.07 10:40:10;XAUUSD;5;1786059438;PROFIT_RATCHET_LOCKED;floor=5.90 peak=13.88;MANAGE_PROFIT;SAFE;1;1;1;-1;-1;4307.30;13.76;13.76;13.88;-3.44;KELLY_LITE;true;0.04;213414.83;0.0417;KELLY_LITE(mult=1.00 taper=1.00 n=20)+HARD_RISK_CAP(2.0%)+MAXLOSS_CAP;213414.83;213428.59;36;0
2026.08.07 10:40:10;XAUUSD;5;1786059438;SL_MODIFIED;ticket=118179846 oldSL=4310.07 newSL=4310.22 reason=break_even_lock_leg_0;MANAGE_PROFIT;SAFE;1;1;1;-1;-1;4307.30;13.76;13.76;13.88;-3.44;KELLY_LITE;true;0.04;213414.83;0.0417;KELLY_LITE(mult=1.00 taper=1.00 n=20)+HARD_RISK_CAP(2.0%)+MAXLOSS_CAP;213414.83;213428.59;34;0
2026.08.07 10:40:10;XAUUSD;5;1786059438;PROFIT_RATCHET_LOCKED;floor=5.90 peak=13.88;MANAGE_PROFIT;SAFE;1;1;1;-1;-1;4307.30;13.76;13.76;13.88;-3.44;KELLY_LITE;true;0.04;213414.83;0.0417;KELLY_LITE(mult=1.00 taper=1.00 n=20)+HARD_RISK_CAP(2.0%)+MAXLOSS_CAP;213414.83;213428.59;34;0
2026.08.07 10:40:10;XAUUSD;5;1786059438;PROFIT_RATCHET_LOCKED;floor=5.90 peak=13.88;MANAGE_PROFIT;SAFE;1;1;1;-1;-1;4307.30;13.76;13.76;13.88;-3.44;KELLY_LITE;true;0.04;213414.83;0.0417;KELLY_LITE(mult=1.00 taper=1.00 n=20)+HARD_RISK_CAP(2.0%)+MAXLOSS_CAP;213414.83;213428.59;34;0
2026.08.07 10:40:10;XAUUSD;5;1786059438;PROFIT_RATCHET_LOCKED;floor=5.90 peak=13.88;MANAGE_PROFIT;SAFE;1;1;1;-1;-1;4307.30;13.84;13.84;13.88;-3.44;KELLY_LITE;true;0.04;213414.83;0.0417;KELLY_LITE(mult=1.00 taper=1.00 n=20)+HARD_RISK_CAP(2.0%)+MAXLOSS_CAP;213414.83;213428.67;36;0
2026.08.07 10:40:11;XAUUSD;5;1786059438;SL_MODIFIED;ticket=118179846 oldSL=4310.22 newSL=4310.25 reason=break_even_lock_leg_0;MANAGE_PROFIT;SAFE;1;1;1;-1;-1;4307.30;14.20;14.20;13.88;-3.44;KELLY_LITE;true;0.04;213414.83;0.0417;KELLY_LITE(mult=1.00 taper=1.00 n=20)+HARD_RISK_CAP(2.0%)+MAXLOSS_CAP;213414.83;213429.03;36;0
2026.08.07 10:40:11;XAUUSD;5;1786059438;PROFIT_RATCHET_LOCKED;floor=5.90 peak=13.88;MANAGE_PROFIT;SAFE;1;1;1;-1;-1;4307.30;14.20;14.20;13.88;-3.44;KELLY_LITE;true;0.04;213414.83;0.0417;KELLY_LITE(mult=1.00 taper=1.00 n=20)+HARD_RISK_CAP(2.0%)+MAXLOSS_CAP;213414.83;213429.03;36;0
2026.08.07 10:40:11;XAUUSD;5;1786059438;OPPOSITE_PENDING_TRAILED;SELL_STOP trailed UP: ticket=118179847 old=4307.53 new=4307.87 dist=2.98;MANAGE_PROFIT;SAFE;1;1;1;-1;-1;4307.30;14.16;14.16;13.88;-3.44;KELLY_LITE;true;0.04;213414.83;0.0417;KELLY_LITE(mult=1.00 taper=1.00 n=20)+HARD_RISK_CAP(2.0%)+MAXLOSS_CAP;213414.83;213428.99;36;0
2026.08.07 10:40:12;XAUUSD;5;1786059438;SL_MODIFIED;ticket=118179846 oldSL=4310.25 newSL=4310.32 reason=break_even_lock_leg_0;MANAGE_PROFIT;SAFE;1;1;1;-1;-1;4307.30;14.08;14.08;14.16;-3.44;KELLY_LITE;true;0.04;213414.83;0.0417;KELLY_LITE(mult=1.00 taper=1.00 n=20)+HARD_RISK_CAP(2.0%)+MAXLOSS_CAP;213414.83;213428.91;36;0
2026.08.07 10:40:12;XAUUSD;5;1786059438;PROFIT_RATCHET_LOCKED;floor=6.02 peak=14.16;MANAGE_PROFIT;SAFE;1;1;1;-1;-1;4307.30;14.08;14.08;14.16;-3.44;KELLY_LITE;true;0.04;213414.83;0.0417;KELLY_LITE(mult=1.00 taper=1.00 n=20)+HARD_RISK_CAP(2.0%)+MAXLOSS_CAP;213414.83;213428.91;36;0
2026.08.07 10:40:12;XAUUSD;5;1786059438;PROFIT_RATCHET_LOCKED;floor=6.02 peak=14.16;MANAGE_PROFIT;SAFE;1;1;1;-1;-1;4307.30;14.08;14.08;14.16;-3.44;KELLY_LITE;true;0.04;213414.83;0.0417;KELLY_LITE(mult=1.00 taper=1.00 n=20)+HARD_RISK_CAP(2.0%)+MAXLOSS_CAP;213414.83;213428.91;36;0
2026.08.07 10:40:12;XAUUSD;5;1786059438;PROFIT_RATCHET_LOCKED;floor=6.02 peak=14.16;MANAGE_PROFIT;SAFE;1;1;1;-1;-1;4307.30;13.80;13.80;14.16;-3.44;KELLY_LITE;true;0.04;213414.83;0.0417;KELLY_LITE(mult=1.00 taper=1.00 n=20)+HARD_RISK_CAP(2.0%)+MAXLOSS_CAP;213414.83;213428.63;33;0
2026.08.07 10:40:12;XAUUSD;5;1786059438;PROFIT_RATCHET_LOCKED;floor=6.02 peak=14.16;MANAGE_PROFIT;SAFE;1;1;1;-1;-1;4307.30;13.80;13.80;14.16;-3.44;KELLY_LITE;true;0.04;213414.83;0.0417;KELLY_LITE(mult=1.00 taper=1.00 n=20)+HARD_RISK_CAP(2.0%)+MAXLOSS_CAP;213414.83;213428.63;35;0
2026.08.07 10:40:12;XAUUSD;5;1786059438;PROFIT_RATCHET_LOCKED;floor=6.02 peak=14.16;MANAGE_PROFIT;SAFE;1;1;1;-1;-1;4307.30;12.88;12.88;14.16;-3.44;KELLY_LITE;true;0.04;213414.83;0.0417;KELLY_LITE(mult=1.00 taper=1.00 n=20)+HARD_RISK_CAP(2.0%)+MAXLOSS_CAP;213414.83;213427.71;35;0
2026.08.07 10:40:13;XAUUSD;5;1786059438;PROFIT_RATCHET_LOCKED;floor=6.02 peak=14.16;MANAGE_PROFIT;SAFE;1;1;1;-1;-1;4307.30;12.92;12.92;14.16;-3.44;KELLY_LITE;true;0.04;213414.83;0.0417;KELLY_LITE(mult=1.00 taper=1.00 n=20)+HARD_RISK_CAP(2.0%)+MAXLOSS_CAP;213414.83;213427.75;36;0
2026.08.07 10:40:13;XAUUSD;5;1786059438;PROFIT_RATCHET_LOCKED;floor=6.02 peak=14.16;MANAGE_PROFIT;SAFE;1;1;1;-1;-1;4307.30;13.28;13.28;14.16;-3.44;KELLY_LITE;true;0.04;213414.83;0.0417;KELLY_LITE(mult=1.00 taper=1.00 n=20)+HARD_RISK_CAP(2.0%)+MAXLOSS_CAP;213414.83;213428.11;33;0
2026.08.07 10:40:13;XAUUSD;5;1786059438;PROFIT_RATCHET_LOCKED;floor=6.02 peak=14.16;MANAGE_PROFIT;SAFE;1;1;1;-1;-1;4307.30;13.64;13.64;14.16;-3.44;KELLY_LITE;true;0.04;213414.83;0.0417;KELLY_LITE(mult=1.00 taper=1.00 n=20)+HARD_RISK_CAP(2.0%)+MAXLOSS_CAP;213414.83;213428.47;36;0
2026.08.07 10:40:13;XAUUSD;5;1786059438;PROFIT_RATCHET_LOCKED;floor=6.02 peak=14.16;MANAGE_PROFIT;SAFE;1;1;1;-1;-1;4307.30;13.48;13.48;14.16;-3.44;KELLY_LITE;true;0.04;213414.83;0.0417;KELLY_LITE(mult=1.00 taper=1.00 n=20)+HARD_RISK_CAP(2.0%)+MAXLOSS_CAP;213414.83;213428.31;36;0
2026.08.07 10:40:14;XAUUSD;5;1786059438;PROFIT_RATCHET_LOCKED;floor=6.02 peak=14.16;MANAGE_PROFIT;SAFE;1;1;1;-1;-1;4307.30;13.52;13.52;14.16;-3.44;KELLY_LITE;true;0.04;213414.83;0.0417;KELLY_LITE(mult=1.00 taper=1.00 n=20)+HARD_RISK_CAP(2.0%)+MAXLOSS_CAP;213414.83;213428.35;36;0
2026.08.07 10:40:14;XAUUSD;5;1786059438;PROFIT_RATCHET_LOCKED;floor=6.02 peak=14.16;MANAGE_PROFIT;SAFE;1;1;1;-1;-1;4307.30;13.48;13.48;14.16;-3.44;KELLY_LITE;true;0.04;213414.83;0.0417;KELLY_LITE(mult=1.00 taper=1.00 n=20)+HARD_RISK_CAP(2.0%)+MAXLOSS_CAP;213414.83;213428.31;36;0
2026.08.07 10:40:14;XAUUSD;5;1786059438;PROFIT_RATCHET_LOCKED;floor=6.02 peak=14.16;MANAGE_PROFIT;SAFE;1;1;1;-1;-1;4307.30;13.84;13.84;14.16;-3.44;KELLY_LITE;true;0.04;213414.83;0.0417;KELLY_LITE(mult=1.00 taper=1.00 n=20)+HARD_RISK_CAP(2.0%)+MAXLOSS_CAP;213414.83;213428.67;36;0
2026.08.07 10:40:15;XAUUSD;5;1786059438;SL_MODIFIED;ticket=118179846 oldSL=4310.32 newSL=4310.36 reason=break_even_lock_leg_0 (retry buf=3pt);MANAGE_PROFIT;SAFE;1;1;1;-1;-1;4307.30;14.64;14.64;14.72;-3.44;KELLY_LITE;true;0.04;213414.83;0.0417;KELLY_LITE(mult=1.00 taper=1.00 n=20)+HARD_RISK_CAP(2.0%)+MAXLOSS_CAP;213414.83;213429.47;36;0
2026.08.07 10:40:15;XAUUSD;5;1786059438;PROFIT_RATCHET_LOCKED;floor=6.26 peak=14.72;MANAGE_PROFIT;SAFE;1;1;1;-1;-1;4307.30;14.64;14.64;14.72;-3.44;KELLY_LITE;true;0.04;213414.83;0.0417;KELLY_LITE(mult=1.00 taper=1.00 n=20)+HARD_RISK_CAP(2.0%)+MAXLOSS_CAP;213414.83;213429.47;36;0
2026.08.07 10:40:16;XAUUSD;5;1786059438;SL_MODIFIED;ticket=118179846 oldSL=4310.36 newSL=4310.44 reason=break_even_lock_leg_0;MANAGE_PROFIT;SAFE;1;1;1;-1;-1;4307.30;14.64;14.64;14.72;-3.44;KELLY_LITE;true;0.04;213414.83;0.0417;KELLY_LITE(mult=1.00 taper=1.00 n=20)+HARD_RISK_CAP(2.0%)+MAXLOSS_CAP;213414.83;213429.47;36;0
2026.08.07 10:40:16;XAUUSD;5;1786059438;PROFIT_RATCHET_LOCKED;floor=6.26 peak=14.72;MANAGE_PROFIT;SAFE;1;1;1;-1;-1;4307.30;14.64;14.64;14.72;-3.44;KELLY_LITE;true;0.04;213414.83;0.0417;KELLY_LITE(mult=1.00 taper=1.00 n=20)+HARD_RISK_CAP(2.0%)+MAXLOSS_CAP;213414.83;213429.47;36;0
2026.08.07 10:40:16;XAUUSD;5;1786059438;PROFIT_RATCHET_LOCKED;floor=6.26 peak=14.72;MANAGE_PROFIT;SAFE;1;1;1;-1;-1;4307.30;14.64;14.64;14.72;-3.44;KELLY_LITE;true;0.04;213414.83;0.0417;KELLY_LITE(mult=1.00 taper=1.00 n=20)+HARD_RISK_CAP(2.0%)+MAXLOSS_CAP;213414.83;213429.47;36;0
2026.08.07 10:40:16;XAUUSD;5;1786059438;PROFIT_RATCHET_LOCKED;floor=6.26 peak=14.72;MANAGE_PROFIT;SAFE;1;1;1;-1;-1;4307.30;14.68;14.68;14.72;-3.44;KELLY_LITE;true;0.04;213414.83;0.0417;KELLY_LITE(mult=1.00 taper=1.00 n=20)+HARD_RISK_CAP(2.0%)+MAXLOSS_CAP;213414.83;213429.51;36;0
2026.08.07 10:40:16;XAUUSD;5;1786059438;PROFIT_RATCHET_LOCKED;floor=6.26 peak=14.72;MANAGE_PROFIT;SAFE;1;1;1;-1;-1;4307.30;14.56;14.56;14.72;-3.44;KELLY_LITE;true;0.04;213414.83;0.0417;KELLY_LITE(mult=1.00 taper=1.00 n=20)+HARD_RISK_CAP(2.0%)+MAXLOSS_CAP;213414.83;213429.39;36;0
2026.08.07 10:40:16;XAUUSD;5;1786059438;PROFIT_RATCHET_LOCKED;floor=6.26 peak=14.72;MANAGE_PROFIT;SAFE;1;1;1;-1;-1;4307.30;14.32;14.32;14.72;-3.44;KELLY_LITE;true;0.04;213414.83;0.0417;KELLY_LITE(mult=1.00 taper=1.00 n=20)+HARD_RISK_CAP(2.0%)+MAXLOSS_CAP;213414.83;213429.15;36;0
2026.08.07 10:40:17;XAUUSD;5;1786059438;PROFIT_RATCHET_LOCKED;floor=6.26 peak=14.72;MANAGE_PROFIT;SAFE;1;1;1;-1;-1;4307.30;14.68;14.68;14.72;-3.44;KELLY_LITE;true;0.04;213414.83;0.0417;KELLY_LITE(mult=1.00 taper=1.00 n=20)+HARD_RISK_CAP(2.0%)+MAXLOSS_CAP;213414.83;213429.51;36;0
2026.08.07 10:40:17;XAUUSD;5;1786059438;SL_MODIFIED;ticket=118179846 oldSL=4310.44 newSL=4310.46 reason=break_even_lock_leg_0;MANAGE_PROFIT;SAFE;1;1;1;-1;-1;4307.30;14.68;14.68;14.72;-3.44;KELLY_LITE;true;0.04;213414.83;0.0417;KELLY_LITE(mult=1.00 taper=1.00 n=20)+HARD_RISK_CAP(2.0%)+MAXLOSS_CAP;213414.83;213429.51;36;0
2026.08.07 10:40:17;XAUUSD;5;1786059438;PROFIT_RATCHET_LOCKED;floor=6.26 peak=14.72;MANAGE_PROFIT;SAFE;1;1;1;-1;-1;4307.30;14.68;14.68;14.72;-3.44;KELLY_LITE;true;0.04;213414.83;0.0417;KELLY_LITE(mult=1.00 taper=1.00 n=20)+HARD_RISK_CAP(2.0%)+MAXLOSS_CAP;213414.83;213429.51;36;0
2026.08.07 10:40:17;XAUUSD;5;1786059438;PROFIT_RATCHET_LOCKED;floor=6.26 peak=14.72;MANAGE_PROFIT;SAFE;1;1;1;-1;-1;4307.30;14.68;14.68;14.72;-3.44;KELLY_LITE;true;0.04;213414.83;0.0417;KELLY_LITE(mult=1.00 taper=1.00 n=20)+HARD_RISK_CAP(2.0%)+MAXLOSS_CAP;213414.83;213429.51;36;0
2026.08.07 10:40:18;XAUUSD;5;1786059438;PROFIT_RATCHET_LOCKED;floor=6.26 peak=14.72;MANAGE_PROFIT;SAFE;1;1;1;-1;-1;4307.30;14.60;14.60;14.72;-3.44;KELLY_LITE;true;0.04;213414.83;0.0417;KELLY_LITE(mult=1.00 taper=1.00 n=20)+HARD_RISK_CAP(2.0%)+MAXLOSS_CAP;213414.83;213429.43;36;0
2026.08.07 10:40:18;XAUUSD;5;1786059438;PROFIT_RATCHET_LOCKED;floor=6.26 peak=14.72;MANAGE_PROFIT;SAFE;1;1;1;-1;-1;4307.30;14.52;14.52;14.72;-3.44;KELLY_LITE;true;0.04;213414.83;0.0417;KELLY_LITE(mult=1.00 taper=1.00 n=20)+HARD_RISK_CAP(2.0%)+MAXLOSS_CAP;213414.83;213429.35;36;0
2026.08.07 10:40:18;XAUUSD;5;1786059438;PROFIT_RATCHET_LOCKED;floor=6.26 peak=14.72;MANAGE_PROFIT;SAFE;1;1;1;-1;-1;4307.30;14.56;14.56;14.72;-3.44;KELLY_LITE;true;0.04;213414.83;0.0417;KELLY_LITE(mult=1.00 taper=1.00 n=20)+HARD_RISK_CAP(2.0%)+MAXLOSS_CAP;213414.83;213429.39;36;0
2026.08.07 10:40:19;XAUUSD;5;1786059438;PROFIT_RATCHET_LOCKED;floor=6.26 peak=14.72;MANAGE_PROFIT;SAFE;1;1;1;-1;-1;4307.30;14.64;14.64;14.72;-3.44;KELLY_LITE;true;0.04;213414.83;0.0417;KELLY_LITE(mult=1.00 taper=1.00 n=20)+HARD_RISK_CAP(2.0%)+MAXLOSS_CAP;213414.83;213429.47;36;0
2026.08.07 10:40:20;XAUUSD;5;1786059438;PROFIT_RATCHET_LOCKED;floor=6.26 peak=14.72;MANAGE_PROFIT;SAFE;1;1;1;-1;-1;4307.30;14.56;14.56;14.72;-3.44;KELLY_LITE;true;0.04;213414.83;0.0417;KELLY_LITE(mult=1.00 taper=1.00 n=20)+HARD_RISK_CAP(2.0%)+MAXLOSS_CAP;213414.83;213429.39;33;0
2026.08.07 10:40:20;XAUUSD;5;1786059438;PROFIT_RATCHET_LOCKED;floor=6.26 peak=14.72;MANAGE_PROFIT;SAFE;1;1;1;-1;-1;4307.30;14.08;14.08;14.72;-3.44;KELLY_LITE;true;0.04;213414.83;0.0417;KELLY_LITE(mult=1.00 taper=1.00 n=20)+HARD_RISK_CAP(2.0%)+MAXLOSS_CAP;213414.83;213428.91;36;0
2026.08.07 10:40:20;XAUUSD;5;1786059438;PROFIT_RATCHET_LOCKED;floor=6.26 peak=14.72;MANAGE_PROFIT;SAFE;1;1;1;-1;-1;4307.30;14.04;14.04;14.72;-3.44;KELLY_LITE;true;0.04;213414.83;0.0417;KELLY_LITE(mult=1.00 taper=1.00 n=20)+HARD_RISK_CAP(2.0%)+MAXLOSS_CAP;213414.83;213428.87;36;0
2026.08.07 10:40:20;XAUUSD;5;1786059438;PROFIT_RATCHET_LOCKED;floor=6.26 peak=14.72;MANAGE_PROFIT;SAFE;1;1;1;-1;-1;4307.30;14.04;14.04;14.72;-3.44;KELLY_LITE;true;0.04;213414.83;0.0417;KELLY_LITE(mult=1.00 taper=1.00 n=20)+HARD_RISK_CAP(2.0%)+MAXLOSS_CAP;213414.83;213428.87;34;0
2026.08.07 10:40:21;XAUUSD;5;1786059438;PROFIT_RATCHET_LOCKED;floor=6.26 peak=14.72;MANAGE_PROFIT;SAFE;1;1;1;-1;-1;4307.30;14.00;14.00;14.72;-3.44;KELLY_LITE;true;0.04;213414.83;0.0417;KELLY_LITE(mult=1.00 taper=1.00 n=20)+HARD_RISK_CAP(2.0%)+MAXLOSS_CAP;213414.83;213428.83;33;0
2026.08.07 10:40:21;XAUUSD;5;1786059438;PROFIT_RATCHET_LOCKED;floor=6.26 peak=14.72;MANAGE_PROFIT;SAFE;1;1;1;-1;-1;4307.30;13.16;13.16;14.72;-3.44;KELLY_LITE;true;0.04;213414.83;0.0417;KELLY_LITE(mult=1.00 taper=1.00 n=20)+HARD_RISK_CAP(2.0%)+MAXLOSS_CAP;213414.83;213427.99;37;0
2026.08.07 10:40:21;XAUUSD;5;1786059438;PROFIT_RATCHET_LOCKED;floor=6.26 peak=14.72;MANAGE_PROFIT;SAFE;1;1;1;-1;-1;4307.30;13.16;13.16;14.72;-3.44;KELLY_LITE;true;0.04;213414.83;0.0417;KELLY_LITE(mult=1.00 taper=1.00 n=20)+HARD_RISK_CAP(2.0%)+MAXLOSS_CAP;213414.83;213427.99;36;0
2026.08.07 10:40:22;XAUUSD;5;1786059438;RECONCILED_BROKER_CLOSE;ticket=118179846 type=main pnl=12.64;MANAGE_PROFIT;SAFE;0;1;1;-1;-1;4307.30;0.00;0.00;14.72;-3.44;KELLY_LITE;true;0.04;213414.83;0.0417;KELLY_LITE(mult=1.00 taper=1.00 n=20)+HARD_RISK_CAP(2.0%)+MAXLOSS_CAP;213427.47;213427.47;36;0
2026.08.07 11:06:55;XAUUSD;5;1786059438;PENDING_DELETED;ticket=118179847 reason=pending_expired;WAIT_TRIGGER;SAFE;0;0;1;-1;-1;4307.30;0.00;0.00;14.72;-3.44;KELLY_LITE;true;0.04;213414.83;0.0417;KELLY_LITE(mult=1.00 taper=1.00 n=20)+HARD_RISK_CAP(2.0%)+MAXLOSS_CAP;213427.47;213427.47;36;0
2026.08.07 11:06:55;XAUUSD;5;1786059438;CYCLE_RESET;oldState=RESET realizedPnL=12.64 peak=14.72 worst=-3.44 pyramid=1 consLosses=0;RESET;SAFE;0;0;1;-1;-1;4307.30;0.00;0.00;14.72;-3.44;KELLY_LITE;true;0.04;213414.83;0.0417;KELLY_LITE(mult=1.00 taper=1.00 n=20)+HARD_RISK_CAP(2.0%)+MAXLOSS_CAP;213427.47;213427.47;36;0
2026.08.07 11:11:55;XAUUSD;5;1786059439;PLACE_PENDING_START;cycle=1786059439 trend=1 consecLosses=0 preset=AGGRESSIVE;PLACE_PENDING;SAFE;0;0;0;-1;-1;0.00;0.00;0.00;0.00;0.00;KELLY_LITE;true;0.04;213414.83;0.0417;KELLY_LITE(mult=1.00 taper=1.00 n=20)+HARD_RISK_CAP(2.0%)+MAXLOSS_CAP;213427.47;213427.47;36;0
2026.08.07 11:11:55;XAUUSD;5;1786059439;DIR_OCO_PLACED;dir=BULL ticket=118183575 price=4312.74 sl=4297.74 tp=4335.24 lot=0.04 dist=1.92;PLACE_PENDING;SAFE;0;1;0;118183575;-1;0.00;0.00;0.00;0.00;0.00;KELLY_LITE;true;0.04;213427.47;0.0417;KELLY_LITE(mult=1.00 taper=1.00 n=20)+HARD_RISK_CAP(2.0%)+MAXLOSS_CAP;213427.47;213427.47;34;0
2026.08.07 11:11:56;XAUUSD;5;1786059439;DIR_OCO_COUNTER_PLACED;dir=BEAR(counter) ticket=118183577 price=4308.98 lot=0.03;PLACE_PENDING;SAFE;0;2;0;118183575;118183577;0.00;0.00;0.00;0.00;0.00;KELLY_LITE;true;0.04;213427.47;0.0417;KELLY_LITE(mult=1.00 taper=1.00 n=20)+HARD_RISK_CAP(2.0%)+MAXLOSS_CAP;213427.47;213427.47;36;0
2026.08.07 11:12:22;XAUUSD;5;1786059439;SELL_STOP_TRAILED;Old=4308.98 New=4309.33;WAIT_TRIGGER;SAFE;0;2;0;118183575;118183577;0.00;0.00;0.00;0.00;0.00;KELLY_LITE;true;0.04;213427.47;0.0417;KELLY_LITE(mult=1.00 taper=1.00 n=20)+HARD_RISK_CAP(2.0%)+MAXLOSS_CAP;213427.47;213427.47;36;0
2026.08.07 11:12:46;XAUUSD;5;1786059439;BUY_STOP_TRAILED;Old=4312.74 New=4312.18;WAIT_TRIGGER;SAFE;0;2;0;118183575;118183577;0.00;0.00;0.00;0.00;0.00;KELLY_LITE;true;0.04;213427.47;0.0417;KELLY_LITE(mult=1.00 taper=1.00 n=20)+HARD_RISK_CAP(2.0%)+MAXLOSS_CAP;213427.47;213427.47;36;0
2026.08.07 11:13:31;XAUUSD;5;1786059439;BUY_STOP_TRAILED;Old=4312.18 New=4311.71;WAIT_TRIGGER;SAFE;0;2;0;118183575;118183577;0.00;0.00;0.00;0.00;0.00;KELLY_LITE;true;0.04;213427.47;0.0417;KELLY_LITE(mult=1.00 taper=1.00 n=20)+HARD_RISK_CAP(2.0%)+MAXLOSS_CAP;213427.47;213427.47;36;0
2026.08.07 11:13:34;XAUUSD;5;1786059439;OCO_TRIGGERED_SELL;ticket=118183577 entry=4309.33;POSITION_ACTIVE;SAFE;1;1;0;118183575;-1;0.00;-0.81;-0.81;0.00;0.00;KELLY_LITE;true;0.04;213427.47;0.0417;KELLY_LITE(mult=1.00 taper=1.00 n=20)+HARD_RISK_CAP(2.0%)+MAXLOSS_CAP;213427.47;213426.66;37;0
2026.08.07 11:13:34;XAUUSD;5;1786059439;OPPOSITE_TRAIL_ARMED;opposite_ticket=118183575 will trail price;POSITION_ACTIVE;SAFE;1;1;0;118183575;-1;0.00;-0.81;-0.81;0.00;0.00;KELLY_LITE;true;0.04;213427.47;0.0417;KELLY_LITE(mult=1.00 taper=1.00 n=20)+HARD_RISK_CAP(2.0%)+MAXLOSS_CAP;213427.47;213426.66;37;0
2026.08.07 11:14:47;XAUUSD;5;1786059439;OPPOSITE_PENDING_TRAILED;BUY_STOP trailed DOWN: ticket=118183575 old=4311.71 new=4311.39 dist=2.98;MANAGE_PROFIT;SAFE;1;1;1;-1;-1;4309.33;2.91;2.91;2.70;-1.83;KELLY_LITE;true;0.04;213427.47;0.0417;KELLY_LITE(mult=1.00 taper=1.00 n=20)+HARD_RISK_CAP(2.0%)+MAXLOSS_CAP;213427.47;213430.38;36;0
2026.08.07 11:19:24;XAUUSD;5;1786059439;REVERSAL_CHASER_TRIGGERED_FLIP;newDir=BULL ticket=118183575 entry=4311.39 lot=0.04;MANAGE_PROFIT;SAFE;2;0;1;-1;-1;4309.33;-7.50;-6.18;3.00;-6.12;KELLY_LITE;true;0.04;213427.47;0.0417;KELLY_LITE(mult=1.00 taper=1.00 n=20)+HARD_RISK_CAP(2.0%)+MAXLOSS_CAP;213427.47;213419.97;33;0
2026.08.07 11:19:24;XAUUSD;5;1786059439;POSITION_CLOSED;ticket=118183577 reason=reversal_chaser_flip lots=0.03 price=4311.39 pnl=-6.18;MANAGE_PROFIT;SAFE;1;0;1;-1;-1;4309.33;-0.12;-0.12;3.00;-6.12;KELLY_LITE;true;0.04;213427.47;0.0417;KELLY_LITE(mult=1.00 taper=1.00 n=20)+HARD_RISK_CAP(2.0%)+MAXLOSS_CAP;213420.30;213420.18;36;0
2026.08.07 11:19:24;XAUUSD;5;1786059439;CYCLE_RESET;oldState=MANAGE_PROFIT realizedPnL=-7.17 peak=3.00 worst=-6.12 pyramid=1 consLosses=1 reason=chaser_flip;MANAGE_PROFIT;SAFE;1;0;1;-1;-1;4309.33;-0.12;-0.12;3.00;-6.12;KELLY_LITE;true;0.04;213427.47;0.0417;KELLY_LITE(mult=1.00 taper=1.00 n=20)+HARD_RISK_CAP(2.0%)+MAXLOSS_CAP;213420.30;213420.18;36;0
2026.08.07 11:19:48;XAUUSD;5;1786059440;SL_MODIFIED;ticket=118183575 oldSL=4307.39 newSL=4312.93 reason=break_even_lock_leg_0;MANAGE_PROFIT;SAFE;1;0;1;-1;-1;4311.39;8.36;8.36;8.24;-0.12;KELLY_LITE;true;0.04;213427.47;0.0417;KELLY_LITE(mult=1.00 taper=1.00 n=20)+HARD_RISK_CAP(2.0%)+MAXLOSS_CAP;213420.30;213428.66;35;0
2026.08.07 11:19:48;XAUUSD;5;1786059440;PROFIT_RATCHET_LOCKED;floor=2.78 peak=8.24;MANAGE_PROFIT;SAFE;1;0;1;-1;-1;4311.39;8.36;8.36;8.24;-0.12;KELLY_LITE;true;0.04;213427.47;0.0417;KELLY_LITE(mult=1.00 taper=1.00 n=20)+HARD_RISK_CAP(2.0%)+MAXLOSS_CAP;213420.30;213428.66;35;0
2026.08.07 11:19:48;XAUUSD;5;1786059440;SL_MODIFIED;ticket=118183575 oldSL=4312.93 newSL=4312.96 reason=break_even_lock_leg_0;MANAGE_PROFIT;SAFE;1;0;1;-1;-1;4311.39;8.44;8.44;8.36;-0.12;KELLY_LITE;true;0.04;213427.47;0.0417;KELLY_LITE(mult=1.00 taper=1.00 n=20)+HARD_RISK_CAP(2.0%)+MAXLOSS_CAP;213420.30;213428.74;33;0
2026.08.07 11:19:48;XAUUSD;5;1786059440;PROFIT_RATCHET_LOCKED;floor=2.82 peak=8.36;MANAGE_PROFIT;SAFE;1;0;1;-1;-1;4311.39;8.44;8.44;8.36;-0.12;KELLY_LITE;true;0.04;213427.47;0.0417;KELLY_LITE(mult=1.00 taper=1.00 n=20)+HARD_RISK_CAP(2.0%)+MAXLOSS_CAP;213420.30;213428.74;33;0
2026.08.07 11:19:48;XAUUSD;5;1786059440;PROFIT_RATCHET_LOCKED;floor=2.85 peak=8.44;MANAGE_PROFIT;SAFE;1;0;1;-1;-1;4311.39;8.44;8.44;8.44;-0.12;KELLY_LITE;true;0.04;213427.47;0.0417;KELLY_LITE(mult=1.00 taper=1.00 n=20)+HARD_RISK_CAP(2.0%)+MAXLOSS_CAP;213420.30;213428.74;33;0
2026.08.07 11:19:49;XAUUSD;5;1786059440;SL_MODIFIED;ticket=118183575 oldSL=4312.96 newSL=4313.01 reason=break_even_lock_leg_0;MANAGE_PROFIT;SAFE;1;0;1;-1;-1;4311.39;8.52;8.52;8.56;-0.12;KELLY_LITE;true;0.04;213427.47;0.0417;KELLY_LITE(mult=1.00 taper=1.00 n=20)+HARD_RISK_CAP(2.0%)+MAXLOSS_CAP;213420.30;213428.82;36;0
2026.08.07 11:19:49;XAUUSD;5;1786059440;PROFIT_RATCHET_LOCKED;floor=2.89 peak=8.56;MANAGE_PROFIT;SAFE;1;0;1;-1;-1;4311.39;8.52;8.52;8.56;-0.12;KELLY_LITE;true;0.04;213427.47;0.0417;KELLY_LITE(mult=1.00 taper=1.00 n=20)+HARD_RISK_CAP(2.0%)+MAXLOSS_CAP;213420.30;213428.82;36;0
2026.08.07 11:19:49;XAUUSD;5;1786059440;PROFIT_RATCHET_LOCKED;floor=2.89 peak=8.56;MANAGE_PROFIT;SAFE;1;0;1;-1;-1;4311.39;8.52;8.52;8.56;-0.12;KELLY_LITE;true;0.04;213427.47;0.0417;KELLY_LITE(mult=1.00 taper=1.00 n=20)+HARD_RISK_CAP(2.0%)+MAXLOSS_CAP;213420.30;213428.82;36;0
2026.08.07 11:19:49;XAUUSD;5;1786059440;PROFIT_RATCHET_LOCKED;floor=2.89 peak=8.56;MANAGE_PROFIT;SAFE;1;0;1;-1;-1;4311.39;8.36;8.36;8.56;-0.12;KELLY_LITE;true;0.04;213427.47;0.0417;KELLY_LITE(mult=1.00 taper=1.00 n=20)+HARD_RISK_CAP(2.0%)+MAXLOSS_CAP;213420.30;213428.66;33;0
2026.08.07 11:19:49;XAUUSD;5;1786059440;PROFIT_RATCHET_LOCKED;floor=2.89 peak=8.56;MANAGE_PROFIT;SAFE;1;0;1;-1;-1;4311.39;8.44;8.44;8.56;-0.12;KELLY_LITE;true;0.04;213427.47;0.0417;KELLY_LITE(mult=1.00 taper=1.00 n=20)+HARD_RISK_CAP(2.0%)+MAXLOSS_CAP;213420.30;213428.74;33;0
2026.08.07 11:19:49;XAUUSD;5;1786059440;PROFIT_RATCHET_LOCKED;floor=2.89 peak=8.56;MANAGE_PROFIT;SAFE;1;0;1;-1;-1;4311.39;8.40;8.40;8.56;-0.12;KELLY_LITE;true;0.04;213427.47;0.0417;KELLY_LITE(mult=1.00 taper=1.00 n=20)+HARD_RISK_CAP(2.0%)+MAXLOSS_CAP;213420.30;213428.70;33;0
2026.08.07 11:19:50;XAUUSD;5;1786059440;PROFIT_RATCHET_LOCKED;floor=2.89 peak=8.56;MANAGE_PROFIT;SAFE;1;0;1;-1;-1;4311.39;8.44;8.44;8.56;-0.12;KELLY_LITE;true;0.04;213427.47;0.0417;KELLY_LITE(mult=1.00 taper=1.00 n=20)+HARD_RISK_CAP(2.0%)+MAXLOSS_CAP;213420.30;213428.74;33;0
2026.08.07 11:19:50;XAUUSD;5;1786059440;PROFIT_RATCHET_LOCKED;floor=2.89 peak=8.56;MANAGE_PROFIT;SAFE;1;0;1;-1;-1;4311.39;8.40;8.40;8.56;-0.12;KELLY_LITE;true;0.04;213427.47;0.0417;KELLY_LITE(mult=1.00 taper=1.00 n=20)+HARD_RISK_CAP(2.0%)+MAXLOSS_CAP;213420.30;213428.70;33;0
2026.08.07 11:19:51;XAUUSD;5;1786059440;SL_MODIFIED;ticket=118183575 oldSL=4313.01 newSL=4313.13 reason=break_even_lock_leg_0;MANAGE_PROFIT;SAFE;1;0;1;-1;-1;4311.39;9.16;9.16;9.04;-0.12;KELLY_LITE;true;0.04;213427.47;0.0417;KELLY_LITE(mult=1.00 taper=1.00 n=20)+HARD_RISK_CAP(2.0%)+MAXLOSS_CAP;213420.30;213429.46;34;0
2026.08.07 11:19:51;XAUUSD;5;1786059440;PROFIT_RATCHET_LOCKED;floor=3.05 peak=9.04;MANAGE_PROFIT;SAFE;1;0;1;-1;-1;4311.39;9.16;9.16;9.04;-0.12;KELLY_LITE;true;0.04;213427.47;0.0417;KELLY_LITE(mult=1.00 taper=1.00 n=20)+HARD_RISK_CAP(2.0%)+MAXLOSS_CAP;213420.30;213429.46;34;0
2026.08.07 11:19:51;XAUUSD;5;1786059440;SL_MODIFIED;ticket=118183575 oldSL=4313.13 newSL=4313.16 reason=break_even_lock_leg_0;MANAGE_PROFIT;SAFE;1;0;1;-1;-1;4311.39;10.00;10.00;9.16;-0.12;KELLY_LITE;true;0.04;213427.47;0.0417;KELLY_LITE(mult=1.00 taper=1.00 n=20)+HARD_RISK_CAP(2.0%)+MAXLOSS_CAP;213420.30;213430.30;33;0
2026.08.07 11:19:51;XAUUSD;5;1786059440;PROFIT_RATCHET_LOCKED;floor=3.09 peak=9.16;MANAGE_PROFIT;SAFE;1;0;1;-1;-1;4311.39;10.00;10.00;9.16;-0.12;KELLY_LITE;true;0.04;213427.47;0.0417;KELLY_LITE(mult=1.00 taper=1.00 n=20)+HARD_RISK_CAP(2.0%)+MAXLOSS_CAP;213420.30;213430.30;33;0
2026.08.07 11:19:52;XAUUSD;5;1786059440;SL_MODIFIED;ticket=118183575 oldSL=4313.16 newSL=4313.37 reason=break_even_lock_leg_0;MANAGE_PROFIT;SAFE;1;0;1;-1;-1;4311.39;10.04;10.04;10.00;-0.12;KELLY_LITE;true;0.04;213427.47;0.0417;KELLY_LITE(mult=1.00 taper=1.00 n=20)+HARD_RISK_CAP(2.0%)+MAXLOSS_CAP;213420.30;213430.34;36;0
2026.08.07 11:19:52;XAUUSD;5;1786059440;PROFIT_RATCHET_LOCKED;floor=3.38 peak=10.00;MANAGE_PROFIT;SAFE;1;0;1;-1;-1;4311.39;10.04;10.04;10.00;-0.12;KELLY_LITE;true;0.04;213427.47;0.0417;KELLY_LITE(mult=1.00 taper=1.00 n=20)+HARD_RISK_CAP(2.0%)+MAXLOSS_CAP;213420.30;213430.34;36;0
2026.08.07 11:19:52;XAUUSD;5;1786059440;PROFIT_RATCHET_LOCKED;floor=3.39 peak=10.04;MANAGE_PROFIT;SAFE;1;0;1;-1;-1;4311.39;10.04;10.04;10.04;-0.12;KELLY_LITE;true;0.04;213427.47;0.0417;KELLY_LITE(mult=1.00 taper=1.00 n=20)+HARD_RISK_CAP(2.0%)+MAXLOSS_CAP;213420.30;213430.34;36;0
2026.08.07 11:19:52;XAUUSD;5;1786059440;PROFIT_RATCHET_LOCKED;floor=3.39 peak=10.04;MANAGE_PROFIT;SAFE;1;0;1;-1;-1;4311.39;9.96;9.96;10.04;-0.12;KELLY_LITE;true;0.04;213427.47;0.0417;KELLY_LITE(mult=1.00 taper=1.00 n=20)+HARD_RISK_CAP(2.0%)+MAXLOSS_CAP;213420.30;213430.26;36;0
2026.08.07 11:19:52;XAUUSD;5;1786059440;PROFIT_RATCHET_LOCKED;floor=3.39 peak=10.04;MANAGE_PROFIT;SAFE;1;0;1;-1;-1;4311.39;8.60;8.60;10.04;-0.12;KELLY_LITE;true;0.04;213427.47;0.0417;KELLY_LITE(mult=1.00 taper=1.00 n=20)+HARD_RISK_CAP(2.0%)+MAXLOSS_CAP;213420.30;213428.90;36;0
2026.08.07 11:19:52;XAUUSD;5;1786059440;PROFIT_RATCHET_LOCKED;floor=3.39 peak=10.04;MANAGE_PROFIT;SAFE;1;0;1;-1;-1;4311.39;8.52;8.52;10.04;-0.12;KELLY_LITE;true;0.04;213427.47;0.0417;KELLY_LITE(mult=1.00 taper=1.00 n=20)+HARD_RISK_CAP(2.0%)+MAXLOSS_CAP;213420.30;213428.82;36;0
2026.08.07 11:19:52;XAUUSD;5;1786059440;PROFIT_RATCHET_LOCKED;floor=3.39 peak=10.04;MANAGE_PROFIT;SAFE;1;0;1;-1;-1;4311.39;8.12;8.12;10.04;-0.12;KELLY_LITE;true;0.04;213427.47;0.0417;KELLY_LITE(mult=1.00 taper=1.00 n=20)+HARD_RISK_CAP(2.0%)+MAXLOSS_CAP;213420.30;213428.42;36;0
2026.08.07 11:19:53;XAUUSD;5;1786059440;PROFIT_RATCHET_LOCKED;floor=3.39 peak=10.04;MANAGE_PROFIT;SAFE;1;0;1;-1;-1;4311.39;8.24;8.24;10.04;-0.12;KELLY_LITE;true;0.04;213427.47;0.0417;KELLY_LITE(mult=1.00 taper=1.00 n=20)+HARD_RISK_CAP(2.0%)+MAXLOSS_CAP;213420.30;213428.54;36;0
2026.08.07 11:19:53;XAUUSD;5;1786059440;RECONCILED_BROKER_CLOSE;ticket=118183575 type=main pnl=7.92;MANAGE_PROFIT;SAFE;0;0;1;-1;-1;4311.39;0.00;0.00;10.04;-0.12;KELLY_LITE;true;0.04;213427.47;0.0417;KELLY_LITE(mult=1.00 taper=1.00 n=20)+HARD_RISK_CAP(2.0%)+MAXLOSS_CAP;213428.22;213428.22;35;0
2026.08.07 11:19:53;XAUUSD;5;1786059440;CYCLE_RESET;oldState=MANAGE_PROFIT realizedPnL=0.75 peak=10.04 worst=-0.12 pyramid=1 consLosses=0;MANAGE_PROFIT;SAFE;0;0;1;-1;-1;4311.39;0.00;0.00;10.04;-0.12;KELLY_LITE;true;0.04;213427.47;0.0417;KELLY_LITE(mult=1.00 taper=1.00 n=20)+HARD_RISK_CAP(2.0%)+MAXLOSS_CAP;213428.22;213428.22;35;0
2026.08.07 11:24:53;XAUUSD;5;1786059440;FILTER_BLOCK_TREND_DISAGREE;TREND_DISAGREE (main=1 fast=-1 rsi=57.8, no extreme);BLOCKED;SAFE;0;0;0;-1;-1;0.00;0.00;0.00;0.00;0.00;KELLY_LITE;true;0.04;213427.47;0.0417;KELLY_LITE(mult=1.00 taper=1.00 n=20)+HARD_RISK_CAP(2.0%)+MAXLOSS_CAP;213428.22;213428.22;36;0
2026.08.07 11:29:53;XAUUSD;5;1786059440;FILTER_BLOCK_TREND_DISAGREE;TREND_DISAGREE (main=1 fast=-1 rsi=56.7, no extreme);BLOCKED;SAFE;0;0;0;-1;-1;0.00;0.00;0.00;0.00;0.00;KELLY_LITE;true;0.04;213427.47;0.0417;KELLY_LITE(mult=1.00 taper=1.00 n=20)+HARD_RISK_CAP(2.0%)+MAXLOSS_CAP;213428.22;213428.22;36;0
2026.08.07 11:34:53;XAUUSD;5;1786059441;PLACE_PENDING_START;cycle=1786059441 trend=1 consecLosses=0 preset=AGGRESSIVE;PLACE_PENDING;SAFE;0;0;0;-1;-1;0.00;0.00;0.00;0.00;0.00;KELLY_LITE;true;0.04;213427.47;0.0417;KELLY_LITE(mult=1.00 taper=1.00 n=20)+HARD_RISK_CAP(2.0%)+MAXLOSS_CAP;213428.22;213428.22;36;0
2026.08.07 11:34:53;XAUUSD;5;1786059441;DIR_OCO_PLACED;dir=BULL ticket=118185119 price=4318.14 sl=4303.14 tp=4340.64 lot=0.04 dist=2.02;PLACE_PENDING;SAFE;0;1;0;118185119;-1;0.00;0.00;0.00;0.00;0.00;KELLY_LITE;true;0.04;213428.22;0.0417;KELLY_LITE(mult=1.10 taper=1.00 n=20)+HARD_RISK_CAP(2.0%)+MAXLOSS_CAP;213428.22;213428.22;36;0
2026.08.07 11:34:54;XAUUSD;5;1786059441;DIR_OCO_COUNTER_PLACED;dir=BEAR(counter) ticket=118185120 price=4313.68 lot=0.03;PLACE_PENDING;SAFE;0;2;0;118185119;118185120;0.00;0.00;0.00;0.00;0.00;KELLY_LITE;true;0.04;213428.22;0.0417;KELLY_LITE(mult=1.10 taper=1.00 n=20)+HARD_RISK_CAP(2.0%)+MAXLOSS_CAP;213428.22;213428.22;36;0
2026.08.07 11:35:02;XAUUSD;5;1786059441;BUY_STOP_TRAILED;Old=4318.14 New=4317.77;WAIT_TRIGGER;SAFE;0;2;0;118185119;118185120;0.00;0.00;0.00;0.00;0.00;KELLY_LITE;true;0.04;213428.22;0.0417;KELLY_LITE(mult=1.10 taper=1.00 n=20)+HARD_RISK_CAP(2.0%)+MAXLOSS_CAP;213428.22;213428.22;36;0
2026.08.07 11:35:02;XAUUSD;5;1786059441;BUY_STOP_TRAILED;Old=4317.77 New=4317.44;WAIT_TRIGGER;SAFE;0;2;0;118185119;118185120;0.00;0.00;0.00;0.00;0.00;KELLY_LITE;true;0.04;213428.22;0.0417;KELLY_LITE(mult=1.10 taper=1.00 n=20)+HARD_RISK_CAP(2.0%)+MAXLOSS_CAP;213428.22;213428.22;36;0
2026.08.07 11:35:06;XAUUSD;5;1786059441;BUY_STOP_TRAILED;Old=4317.44 New=4316.89;WAIT_TRIGGER;SAFE;0;2;0;118185119;118185120;0.00;0.00;0.00;0.00;0.00;KELLY_LITE;true;0.04;213428.22;0.0417;KELLY_LITE(mult=1.10 taper=1.00 n=20)+HARD_RISK_CAP(2.0%)+MAXLOSS_CAP;213428.22;213428.22;36;0
2026.08.07 11:35:34;XAUUSD;5;1786059441;BUY_STOP_TRAILED;Old=4316.89 New=4316.57;WAIT_TRIGGER;SAFE;0;2;0;118185119;118185120;0.00;0.00;0.00;0.00;0.00;KELLY_LITE;true;0.04;213428.22;0.0417;KELLY_LITE(mult=1.10 taper=1.00 n=20)+HARD_RISK_CAP(2.0%)+MAXLOSS_CAP;213428.22;213428.22;36;0
2026.08.07 11:35:57;XAUUSD;5;1786059441;SELL_STOP_TRAILED;Old=4313.68 New=4314.00;WAIT_TRIGGER;SAFE;0;2;0;118185119;118185120;0.00;0.00;0.00;0.00;0.00;KELLY_LITE;true;0.04;213428.22;0.0417;KELLY_LITE(mult=1.10 taper=1.00 n=20)+HARD_RISK_CAP(2.0%)+MAXLOSS_CAP;213428.22;213428.22;36;0
2026.08.07 11:36:01;XAUUSD;5;1786059441;OCO_TRIGGERED_BUY;ticket=118185119 entry=4316.57;POSITION_ACTIVE;SAFE;1;1;0;-1;118185120;0.00;0.48;-0.92;0.00;0.00;KELLY_LITE;true;0.04;213428.22;0.0417;KELLY_LITE(mult=1.10 taper=1.00 n=20)+HARD_RISK_CAP(2.0%)+MAXLOSS_CAP;213428.22;213428.70;35;0
2026.08.07 11:36:01;XAUUSD;5;1786059441;OPPOSITE_TRAIL_ARMED;opposite_ticket=118185120 will trail price;POSITION_ACTIVE;SAFE;1;1;0;-1;118185120;0.00;0.48;-0.92;0.00;0.00;KELLY_LITE;true;0.04;213428.22;0.0417;KELLY_LITE(mult=1.10 taper=1.00 n=20)+HARD_RISK_CAP(2.0%)+MAXLOSS_CAP;213428.22;213428.70;35;0
2026.08.07 11:48:13;XAUUSD;5;1786059441;SL_MODIFIED;ticket=118185119 oldSL=4304.57 newSL=4318.02 reason=break_even_lock_leg_0 (retry buf=3pt);MANAGE_PROFIT;SAFE;1;1;1;-1;-1;4316.57;8.00;8.00;8.08;-4.64;KELLY_LITE;true;0.04;213428.22;0.0417;KELLY_LITE(mult=1.10 taper=1.00 n=20)+HARD_RISK_CAP(2.0%)+MAXLOSS_CAP;213428.22;213436.22;36;0
2026.08.07 11:48:13;XAUUSD;5;1786059441;PROFIT_RATCHET_LOCKED;floor=2.73 peak=8.08;MANAGE_PROFIT;SAFE;1;1;1;-1;-1;4316.57;8.00;8.00;8.08;-4.64;KELLY_LITE;true;0.04;213428.22;0.0417;KELLY_LITE(mult=1.10 taper=1.00 n=20)+HARD_RISK_CAP(2.0%)+MAXLOSS_CAP;213428.22;213436.22;36;0
2026.08.07 11:48:13;XAUUSD;5;1786059441;SL_MODIFIED;ticket=118185119 oldSL=4318.02 newSL=4318.05 reason=break_even_lock_leg_0;MANAGE_PROFIT;SAFE;1;1;1;-1;-1;4316.57;7.96;7.96;8.08;-4.64;KELLY_LITE;true;0.04;213428.22;0.0417;KELLY_LITE(mult=1.10 taper=1.00 n=20)+HARD_RISK_CAP(2.0%)+MAXLOSS_CAP;213428.22;213436.18;36;0
2026.08.07 11:48:13;XAUUSD;5;1786059441;PROFIT_RATCHET_LOCKED;floor=2.73 peak=8.08;MANAGE_PROFIT;SAFE;1;1;1;-1;-1;4316.57;7.96;7.96;8.08;-4.64;KELLY_LITE;true;0.04;213428.22;0.0417;KELLY_LITE(mult=1.10 taper=1.00 n=20)+HARD_RISK_CAP(2.0%)+MAXLOSS_CAP;213428.22;213436.18;36;0
2026.08.07 11:48:13;XAUUSD;5;1786059441;PROFIT_RATCHET_LOCKED;floor=2.73 peak=8.08;MANAGE_PROFIT;SAFE;1;1;1;-1;-1;4316.57;7.96;7.96;8.08;-4.64;KELLY_LITE;true;0.04;213428.22;0.0417;KELLY_LITE(mult=1.10 taper=1.00 n=20)+HARD_RISK_CAP(2.0%)+MAXLOSS_CAP;213428.22;213436.18;36;0
2026.08.07 11:48:14;XAUUSD;5;1786059441;PROFIT_RATCHET_LOCKED;floor=2.73 peak=8.08;MANAGE_PROFIT;SAFE;1;1;1;-1;-1;4316.57;8.00;8.00;8.08;-4.64;KELLY_LITE;true;0.04;213428.22;0.0417;KELLY_LITE(mult=1.10 taper=1.00 n=20)+HARD_RISK_CAP(2.0%)+MAXLOSS_CAP;213428.22;213436.22;36;0
2026.08.07 11:48:14;XAUUSD;5;1786059441;PROFIT_RATCHET_LOCKED;floor=2.73 peak=8.08;MANAGE_PROFIT;SAFE;1;1;1;-1;-1;4316.57;7.92;7.92;8.08;-4.64;KELLY_LITE;true;0.04;213428.22;0.0417;KELLY_LITE(mult=1.10 taper=1.00 n=20)+HARD_RISK_CAP(2.0%)+MAXLOSS_CAP;213428.22;213436.14;36;0
2026.08.07 11:48:14;XAUUSD;5;1786059441;PROFIT_RATCHET_LOCKED;floor=2.73 peak=8.08;MANAGE_PROFIT;SAFE;1;1;1;-1;-1;4316.57;7.88;7.88;8.08;-4.64;KELLY_LITE;true;0.04;213428.22;0.0417;KELLY_LITE(mult=1.10 taper=1.00 n=20)+HARD_RISK_CAP(2.0%)+MAXLOSS_CAP;213428.22;213436.10;36;0
2026.08.07 11:48:15;XAUUSD;5;1786059441;SL_MODIFIED;ticket=118185119 oldSL=4318.05 newSL=4318.10 reason=break_even_lock_leg_0;MANAGE_PROFIT;SAFE;1;1;1;-1;-1;4316.57;8.24;8.24;8.20;-4.64;KELLY_LITE;true;0.04;213428.22;0.0417;KELLY_LITE(mult=1.10 taper=1.00 n=20)+HARD_RISK_CAP(2.0%)+MAXLOSS_CAP;213428.22;213436.46;36;0
2026.08.07 11:48:15;XAUUSD;5;1786059441;PROFIT_RATCHET_LOCKED;floor=2.77 peak=8.20;MANAGE_PROFIT;SAFE;1;1;1;-1;-1;4316.57;8.24;8.24;8.20;-4.64;KELLY_LITE;true;0.04;213428.22;0.0417;KELLY_LITE(mult=1.10 taper=1.00 n=20)+HARD_RISK_CAP(2.0%)+MAXLOSS_CAP;213428.22;213436.46;36;0
2026.08.07 11:48:15;XAUUSD;5;1786059441;PROFIT_RATCHET_LOCKED;floor=2.78 peak=8.24;MANAGE_PROFIT;SAFE;1;1;1;-1;-1;4316.57;8.24;8.24;8.24;-4.64;KELLY_LITE;true;0.04;213428.22;0.0417;KELLY_LITE(mult=1.10 taper=1.00 n=20)+HARD_RISK_CAP(2.0%)+MAXLOSS_CAP;213428.22;213436.46;36;0
2026.08.07 11:48:15;XAUUSD;5;1786059441;PROFIT_RATCHET_LOCKED;floor=2.78 peak=8.24;MANAGE_PROFIT;SAFE;1;1;1;-1;-1;4316.57;7.68;7.68;8.24;-4.64;KELLY_LITE;true;0.04;213428.22;0.0417;KELLY_LITE(mult=1.10 taper=1.00 n=20)+HARD_RISK_CAP(2.0%)+MAXLOSS_CAP;213428.22;213435.90;36;0
2026.08.07 11:48:15;XAUUSD;5;1786059441;PROFIT_RATCHET_LOCKED;floor=2.78 peak=8.24;MANAGE_PROFIT;SAFE;1;1;1;-1;-1;4316.57;7.80;7.80;8.24;-4.64;KELLY_LITE;true;0.04;213428.22;0.0417;KELLY_LITE(mult=1.10 taper=1.00 n=20)+HARD_RISK_CAP(2.0%)+MAXLOSS_CAP;213428.22;213436.02;36;0
2026.08.07 11:48:16;XAUUSD;5;1786059441;SL_MODIFIED;ticket=118185119 oldSL=4318.10 newSL=4318.15 reason=break_even_lock_leg_0;MANAGE_PROFIT;SAFE;1;1;1;-1;-1;4316.57;8.36;8.36;8.40;-4.64;KELLY_LITE;true;0.04;213428.22;0.0417;KELLY_LITE(mult=1.10 taper=1.00 n=20)+HARD_RISK_CAP(2.0%)+MAXLOSS_CAP;213428.22;213436.58;36;0
2026.08.07 11:48:16;XAUUSD;5;1786059441;PROFIT_RATCHET_LOCKED;floor=2.83 peak=8.40;MANAGE_PROFIT;SAFE;1;1;1;-1;-1;4316.57;8.36;8.36;8.40;-4.64;KELLY_LITE;true;0.04;213428.22;0.0417;KELLY_LITE(mult=1.10 taper=1.00 n=20)+HARD_RISK_CAP(2.0%)+MAXLOSS_CAP;213428.22;213436.58;36;0
2026.08.07 11:48:16;XAUUSD;5;1786059441;PROFIT_RATCHET_LOCKED;floor=2.83 peak=8.40;MANAGE_PROFIT;SAFE;1;1;1;-1;-1;4316.57;8.36;8.36;8.40;-4.64;KELLY_LITE;true;0.04;213428.22;0.0417;KELLY_LITE(mult=1.10 taper=1.00 n=20)+HARD_RISK_CAP(2.0%)+MAXLOSS_CAP;213428.22;213436.58;36;0
2026.08.07 11:48:16;XAUUSD;5;1786059441;PROFIT_RATCHET_LOCKED;floor=2.85 peak=8.44;MANAGE_PROFIT;SAFE;1;1;1;-1;-1;4316.57;8.44;8.44;8.44;-4.64;KELLY_LITE;true;0.04;213428.22;0.0417;KELLY_LITE(mult=1.10 taper=1.00 n=20)+HARD_RISK_CAP(2.0%)+MAXLOSS_CAP;213428.22;213436.66;36;0
2026.08.07 11:48:17;XAUUSD;5;1786059441;SL_MODIFY_FAILED;ticket=118185119 newSL=4318.28 reason=break_even_lock_leg_0 err=0;MANAGE_PROFIT;SAFE;1;1;1;-1;-1;4316.57;8.32;8.32;8.92;-4.64;KELLY_LITE;true;0.04;213428.22;0.0417;KELLY_LITE(mult=1.10 taper=1.00 n=20)+HARD_RISK_CAP(2.0%)+MAXLOSS_CAP;213428.22;213436.54;36;0
2026.08.07 11:48:17;XAUUSD;5;1786059441;PROFIT_RATCHET_LOCKED;floor=3.01 peak=8.92;MANAGE_PROFIT;SAFE;1;1;1;-1;-1;4316.57;8.32;8.32;8.92;-4.64;KELLY_LITE;true;0.04;213428.22;0.0417;KELLY_LITE(mult=1.10 taper=1.00 n=20)+HARD_RISK_CAP(2.0%)+MAXLOSS_CAP;213428.22;213436.54;36;0
2026.08.07 11:48:17;XAUUSD;5;1786059441;PROFIT_RATCHET_LOCKED;floor=3.01 peak=8.92;MANAGE_PROFIT;SAFE;1;1;1;-1;-1;4316.57;8.32;8.32;8.92;-4.64;KELLY_LITE;true;0.04;213428.22;0.0417;KELLY_LITE(mult=1.10 taper=1.00 n=20)+HARD_RISK_CAP(2.0%)+MAXLOSS_CAP;213428.22;213436.54;36;0
2026.08.07 11:48:17;XAUUSD;5;1786059441;PROFIT_RATCHET_LOCKED;floor=3.01 peak=8.92;MANAGE_PROFIT;SAFE;1;1;1;-1;-1;4316.57;8.40;8.40;8.92;-4.64;KELLY_LITE;true;0.04;213428.22;0.0417;KELLY_LITE(mult=1.10 taper=1.00 n=20)+HARD_RISK_CAP(2.0%)+MAXLOSS_CAP;213428.22;213436.62;36;0
2026.08.07 11:48:17;XAUUSD;5;1786059441;PROFIT_RATCHET_LOCKED;floor=3.01 peak=8.92;MANAGE_PROFIT;SAFE;1;1;1;-1;-1;4316.57;8.28;8.28;8.92;-4.64;KELLY_LITE;true;0.04;213428.22;0.0417;KELLY_LITE(mult=1.10 taper=1.00 n=20)+HARD_RISK_CAP(2.0%)+MAXLOSS_CAP;213428.22;213436.50;36;0
2026.08.07 11:48:18;XAUUSD;5;1786059441;PROFIT_RATCHET_LOCKED;floor=3.01 peak=8.92;MANAGE_PROFIT;SAFE;1;1;1;-1;-1;4316.57;8.32;8.32;8.92;-4.64;KELLY_LITE;true;0.04;213428.22;0.0417;KELLY_LITE(mult=1.10 taper=1.00 n=20)+HARD_RISK_CAP(2.0%)+MAXLOSS_CAP;213428.22;213436.54;36;0
2026.08.07 11:48:20;XAUUSD;5;1786059441;PROFIT_RATCHET_LOCKED;floor=3.01 peak=8.92;MANAGE_PROFIT;SAFE;1;1;1;-1;-1;4316.57;8.16;8.16;8.92;-4.64;KELLY_LITE;true;0.04;213428.22;0.0417;KELLY_LITE(mult=1.10 taper=1.00 n=20)+HARD_RISK_CAP(2.0%)+MAXLOSS_CAP;213428.22;213436.38;36;0
2026.08.07 11:48:20;XAUUSD;5;1786059441;PROFIT_RATCHET_LOCKED;floor=3.01 peak=8.92;MANAGE_PROFIT;SAFE;1;1;1;-1;-1;4316.57;8.16;8.16;8.92;-4.64;KELLY_LITE;true;0.04;213428.22;0.0417;KELLY_LITE(mult=1.10 taper=1.00 n=20)+HARD_RISK_CAP(2.0%)+MAXLOSS_CAP;213428.22;213436.38;36;0
2026.08.07 11:48:21;XAUUSD;5;1786059441;PROFIT_RATCHET_LOCKED;floor=3.01 peak=8.92;MANAGE_PROFIT;SAFE;1;1;1;-1;-1;4316.57;8.20;8.20;8.92;-4.64;KELLY_LITE;true;0.04;213428.22;0.0417;KELLY_LITE(mult=1.10 taper=1.00 n=20)+HARD_RISK_CAP(2.0%)+MAXLOSS_CAP;213428.22;213436.42;36;0
2026.08.07 11:48:21;XAUUSD;5;1786059441;PROFIT_RATCHET_LOCKED;floor=3.01 peak=8.92;MANAGE_PROFIT;SAFE;1;1;1;-1;-1;4316.57;7.84;7.84;8.92;-4.64;KELLY_LITE;true;0.04;213428.22;0.0417;KELLY_LITE(mult=1.10 taper=1.00 n=20)+HARD_RISK_CAP(2.0%)+MAXLOSS_CAP;213428.22;213436.06;36;0
2026.08.07 11:48:21;XAUUSD;5;1786059441;PROFIT_RATCHET_LOCKED;floor=3.01 peak=8.92;MANAGE_PROFIT;SAFE;1;1;1;-1;-1;4316.57;7.80;7.80;8.92;-4.64;KELLY_LITE;true;0.04;213428.22;0.0417;KELLY_LITE(mult=1.10 taper=1.00 n=20)+HARD_RISK_CAP(2.0%)+MAXLOSS_CAP;213428.22;213436.02;36;0
2026.08.07 11:48:21;XAUUSD;5;1786059441;PROFIT_RATCHET_LOCKED;floor=3.01 peak=8.92;MANAGE_PROFIT;SAFE;1;1;1;-1;-1;4316.57;8.00;8.00;8.92;-4.64;KELLY_LITE;true;0.04;213428.22;0.0417;KELLY_LITE(mult=1.10 taper=1.00 n=20)+HARD_RISK_CAP(2.0%)+MAXLOSS_CAP;213428.22;213436.22;36;0
2026.08.07 11:48:22;XAUUSD;5;1786059441;PROFIT_RATCHET_LOCKED;floor=3.01 peak=8.92;MANAGE_PROFIT;SAFE;1;1;1;-1;-1;4316.57;8.04;8.04;8.92;-4.64;KELLY_LITE;true;0.04;213428.22;0.0417;KELLY_LITE(mult=1.10 taper=1.00 n=20)+HARD_RISK_CAP(2.0%)+MAXLOSS_CAP;213428.22;213436.26;36;0
2026.08.07 11:48:22;XAUUSD;5;1786059441;PROFIT_RATCHET_LOCKED;floor=3.01 peak=8.92;MANAGE_PROFIT;SAFE;1;1;1;-1;-1;4316.57;8.00;8.00;8.92;-4.64;KELLY_LITE;true;0.04;213428.22;0.0417;KELLY_LITE(mult=1.10 taper=1.00 n=20)+HARD_RISK_CAP(2.0%)+MAXLOSS_CAP;213428.22;213436.22;36;0
2026.08.07 11:48:22;XAUUSD;5;1786059441;PROFIT_RATCHET_LOCKED;floor=3.01 peak=8.92;MANAGE_PROFIT;SAFE;1;1;1;-1;-1;4316.57;8.12;8.12;8.92;-4.64;KELLY_LITE;true;0.04;213428.22;0.0417;KELLY_LITE(mult=1.10 taper=1.00 n=20)+HARD_RISK_CAP(2.0%)+MAXLOSS_CAP;213428.22;213436.34;36;0
2026.08.07 11:48:22;XAUUSD;5;1786059441;PROFIT_RATCHET_LOCKED;floor=3.01 peak=8.92;MANAGE_PROFIT;SAFE;1;1;1;-1;-1;4316.57;8.20;8.20;8.92;-4.64;KELLY_LITE;true;0.04;213428.22;0.0417;KELLY_LITE(mult=1.10 taper=1.00 n=20)+HARD_RISK_CAP(2.0%)+MAXLOSS_CAP;213428.22;213436.42;36;0
2026.08.07 11:48:23;XAUUSD;5;1786059441;PROFIT_RATCHET_LOCKED;floor=3.01 peak=8.92;MANAGE_PROFIT;SAFE;1;1;1;-1;-1;4316.57;8.40;8.40;8.92;-4.64;KELLY_LITE;true;0.04;213428.22;0.0417;KELLY_LITE(mult=1.10 taper=1.00 n=20)+HARD_RISK_CAP(2.0%)+MAXLOSS_CAP;213428.22;213436.62;36;0
2026.08.07 11:48:23;XAUUSD;5;1786059441;PROFIT_RATCHET_LOCKED;floor=3.01 peak=8.92;MANAGE_PROFIT;SAFE;1;1;1;-1;-1;4316.57;8.40;8.40;8.92;-4.64;KELLY_LITE;true;0.04;213428.22;0.0417;KELLY_LITE(mult=1.10 taper=1.00 n=20)+HARD_RISK_CAP(2.0%)+MAXLOSS_CAP;213428.22;213436.62;36;0
2026.08.07 11:48:23;XAUUSD;5;1786059441;PROFIT_RATCHET_LOCKED;floor=3.01 peak=8.92;MANAGE_PROFIT;SAFE;1;1;1;-1;-1;4316.57;8.44;8.44;8.92;-4.64;KELLY_LITE;true;0.04;213428.22;0.0417;KELLY_LITE(mult=1.10 taper=1.00 n=20)+HARD_RISK_CAP(2.0%)+MAXLOSS_CAP;213428.22;213436.66;36;0
2026.08.07 11:48:24;XAUUSD;5;1786059441;PROFIT_RATCHET_LOCKED;floor=3.01 peak=8.92;MANAGE_PROFIT;SAFE;1;1;1;-1;-1;4316.57;8.36;8.36;8.92;-4.64;KELLY_LITE;true;0.04;213428.22;0.0417;KELLY_LITE(mult=1.10 taper=1.00 n=20)+HARD_RISK_CAP(2.0%)+MAXLOSS_CAP;213428.22;213436.58;36;0
2026.08.07 11:48:24;XAUUSD;5;1786059441;PROFIT_RATCHET_LOCKED;floor=3.01 peak=8.92;MANAGE_PROFIT;SAFE;1;1;1;-1;-1;4316.57;8.36;8.36;8.92;-4.64;KELLY_LITE;true;0.04;213428.22;0.0417;KELLY_LITE(mult=1.10 taper=1.00 n=20)+HARD_RISK_CAP(2.0%)+MAXLOSS_CAP;213428.22;213436.58;36;0
2026.08.07 11:48:24;XAUUSD;5;1786059441;PROFIT_RATCHET_LOCKED;floor=3.01 peak=8.92;MANAGE_PROFIT;SAFE;1;1;1;-1;-1;4316.57;8.40;8.40;8.92;-4.64;KELLY_LITE;true;0.04;213428.22;0.0417;KELLY_LITE(mult=1.10 taper=1.00 n=20)+HARD_RISK_CAP(2.0%)+MAXLOSS_CAP;213428.22;213436.62;36;0
2026.08.07 11:48:25;XAUUSD;5;1786059441;PROFIT_RATCHET_LOCKED;floor=3.01 peak=8.92;MANAGE_PROFIT;SAFE;1;1;1;-1;-1;4316.57;8.44;8.44;8.92;-4.64;KELLY_LITE;true;0.04;213428.22;0.0417;KELLY_LITE(mult=1.10 taper=1.00 n=20)+HARD_RISK_CAP(2.0%)+MAXLOSS_CAP;213428.22;213436.66;36;0
2026.08.07 11:48:25;XAUUSD;5;1786059441;SL_MODIFIED;ticket=118185119 oldSL=4318.15 newSL=4318.17 reason=break_even_lock_leg_0;MANAGE_PROFIT;SAFE;1;1;1;-1;-1;4316.57;8.44;8.44;8.92;-4.64;KELLY_LITE;true;0.04;213428.22;0.0417;KELLY_LITE(mult=1.10 taper=1.00 n=20)+HARD_RISK_CAP(2.0%)+MAXLOSS_CAP;213428.22;213436.66;36;0
2026.08.07 11:48:25;XAUUSD;5;1786059441;PROFIT_RATCHET_LOCKED;floor=3.01 peak=8.92;MANAGE_PROFIT;SAFE;1;1;1;-1;-1;4316.57;8.44;8.44;8.92;-4.64;KELLY_LITE;true;0.04;213428.22;0.0417;KELLY_LITE(mult=1.10 taper=1.00 n=20)+HARD_RISK_CAP(2.0%)+MAXLOSS_CAP;213428.22;213436.66;36;0
2026.08.07 11:48:25;XAUUSD;5;1786059441;PROFIT_RATCHET_LOCKED;floor=3.01 peak=8.92;MANAGE_PROFIT;SAFE;1;1;1;-1;-1;4316.57;8.44;8.44;8.92;-4.64;KELLY_LITE;true;0.04;213428.22;0.0417;KELLY_LITE(mult=1.10 taper=1.00 n=20)+HARD_RISK_CAP(2.0%)+MAXLOSS_CAP;213428.22;213436.66;36;0
2026.08.07 11:48:26;XAUUSD;5;1786059441;PROFIT_RATCHET_LOCKED;floor=3.01 peak=8.92;MANAGE_PROFIT;SAFE;1;1;1;-1;-1;4316.57;8.48;8.48;8.92;-4.64;KELLY_LITE;true;0.04;213428.22;0.0417;KELLY_LITE(mult=1.10 taper=1.00 n=20)+HARD_RISK_CAP(2.0%)+MAXLOSS_CAP;213428.22;213436.70;36;0
2026.08.07 11:48:26;XAUUSD;5;1786059441;PROFIT_RATCHET_LOCKED;floor=3.01 peak=8.92;MANAGE_PROFIT;SAFE;1;1;1;-1;-1;4316.57;8.52;8.52;8.92;-4.64;KELLY_LITE;true;0.04;213428.22;0.0417;KELLY_LITE(mult=1.10 taper=1.00 n=20)+HARD_RISK_CAP(2.0%)+MAXLOSS_CAP;213428.22;213436.74;36;0
2026.08.07 11:48:27;XAUUSD;5;1786059441;PROFIT_RATCHET_LOCKED;floor=3.01 peak=8.92;MANAGE_PROFIT;SAFE;1;1;1;-1;-1;4316.57;7.96;7.96;8.92;-4.64;KELLY_LITE;true;0.04;213428.22;0.0417;KELLY_LITE(mult=1.10 taper=1.00 n=20)+HARD_RISK_CAP(2.0%)+MAXLOSS_CAP;213428.22;213436.18;36;0
2026.08.07 11:48:27;XAUUSD;5;1786059441;PROFIT_RATCHET_LOCKED;floor=3.01 peak=8.92;MANAGE_PROFIT;SAFE;1;1;1;-1;-1;4316.57;8.24;8.24;8.92;-4.64;KELLY_LITE;true;0.04;213428.22;0.0417;KELLY_LITE(mult=1.10 taper=1.00 n=20)+HARD_RISK_CAP(2.0%)+MAXLOSS_CAP;213428.22;213436.46;36;0
2026.08.07 11:48:28;XAUUSD;5;1786059441;PROFIT_RATCHET_LOCKED;floor=3.04 peak=9.00;MANAGE_PROFIT;SAFE;1;1;1;-1;-1;4316.57;8.24;8.24;9.00;-4.64;KELLY_LITE;true;0.04;213428.22;0.0417;KELLY_LITE(mult=1.10 taper=1.00 n=20)+HARD_RISK_CAP(2.0%)+MAXLOSS_CAP;213428.22;213436.46;36;0
2026.08.07 11:48:28;XAUUSD;5;1786059441;PROFIT_RATCHET_LOCKED;floor=3.04 peak=9.00;MANAGE_PROFIT;SAFE;1;1;1;-1;-1;4316.57;8.24;8.24;9.00;-4.64;KELLY_LITE;true;0.04;213428.22;0.0417;KELLY_LITE(mult=1.10 taper=1.00 n=20)+HARD_RISK_CAP(2.0%)+MAXLOSS_CAP;213428.22;213436.46;36;0
2026.08.07 11:48:28;XAUUSD;5;1786059441;PROFIT_RATCHET_LOCKED;floor=3.04 peak=9.00;MANAGE_PROFIT;SAFE;1;1;1;-1;-1;4316.57;8.48;8.48;9.00;-4.64;KELLY_LITE;true;0.04;213428.22;0.0417;KELLY_LITE(mult=1.10 taper=1.00 n=20)+HARD_RISK_CAP(2.0%)+MAXLOSS_CAP;213428.22;213436.70;36;0
2026.08.07 11:48:28;XAUUSD;5;1786059441;PROFIT_RATCHET_LOCKED;floor=3.04 peak=9.00;MANAGE_PROFIT;SAFE;1;1;1;-1;-1;4316.57;8.44;8.44;9.00;-4.64;KELLY_LITE;true;0.04;213428.22;0.0417;KELLY_LITE(mult=1.10 taper=1.00 n=20)+HARD_RISK_CAP(2.0%)+MAXLOSS_CAP;213428.22;213436.66;36;0
2026.08.07 11:48:29;XAUUSD;5;1786059441;PROFIT_RATCHET_LOCKED;floor=3.04 peak=9.00;MANAGE_PROFIT;SAFE;1;1;1;-1;-1;4316.57;8.32;8.32;9.00;-4.64;KELLY_LITE;true;0.04;213428.22;0.0417;KELLY_LITE(mult=1.10 taper=1.00 n=20)+HARD_RISK_CAP(2.0%)+MAXLOSS_CAP;213428.22;213436.54;33;0
2026.08.07 11:48:29;XAUUSD;5;1786059441;PROFIT_RATCHET_LOCKED;floor=3.04 peak=9.00;MANAGE_PROFIT;SAFE;1;1;1;-1;-1;4316.57;8.32;8.32;9.00;-4.64;KELLY_LITE;true;0.04;213428.22;0.0417;KELLY_LITE(mult=1.10 taper=1.00 n=20)+HARD_RISK_CAP(2.0%)+MAXLOSS_CAP;213428.22;213436.54;33;0
2026.08.07 11:48:29;XAUUSD;5;1786059441;PROFIT_RATCHET_LOCKED;floor=3.04 peak=9.00;MANAGE_PROFIT;SAFE;1;1;1;-1;-1;4316.57;8.16;8.16;9.00;-4.64;KELLY_LITE;true;0.04;213428.22;0.0417;KELLY_LITE(mult=1.10 taper=1.00 n=20)+HARD_RISK_CAP(2.0%)+MAXLOSS_CAP;213428.22;213436.38;36;0
2026.08.07 11:48:30;XAUUSD;5;1786059441;PROFIT_RATCHET_LOCKED;floor=3.04 peak=9.00;MANAGE_PROFIT;SAFE;1;1;1;-1;-1;4316.57;8.28;8.28;9.00;-4.64;KELLY_LITE;true;0.04;213428.22;0.0417;KELLY_LITE(mult=1.10 taper=1.00 n=20)+HARD_RISK_CAP(2.0%)+MAXLOSS_CAP;213428.22;213436.50;36;0
2026.08.07 11:48:30;XAUUSD;5;1786059441;PROFIT_RATCHET_LOCKED;floor=3.04 peak=9.00;MANAGE_PROFIT;SAFE;1;1;1;-1;-1;4316.57;8.04;8.04;9.00;-4.64;KELLY_LITE;true;0.04;213428.22;0.0417;KELLY_LITE(mult=1.10 taper=1.00 n=20)+HARD_RISK_CAP(2.0%)+MAXLOSS_CAP;213428.22;213436.26;36;0
2026.08.07 11:48:30;XAUUSD;5;1786059441;PROFIT_RATCHET_LOCKED;floor=3.04 peak=9.00;MANAGE_PROFIT;SAFE;1;1;1;-1;-1;4316.57;8.08;8.08;9.00;-4.64;KELLY_LITE;true;0.04;213428.22;0.0417;KELLY_LITE(mult=1.10 taper=1.00 n=20)+HARD_RISK_CAP(2.0%)+MAXLOSS_CAP;213428.22;213436.30;36;0
2026.08.07 11:48:31;XAUUSD;5;1786059441;PROFIT_RATCHET_LOCKED;floor=3.04 peak=9.00;MANAGE_PROFIT;SAFE;1;1;1;-1;-1;4316.57;8.12;8.12;9.00;-4.64;KELLY_LITE;true;0.04;213428.22;0.0417;KELLY_LITE(mult=1.10 taper=1.00 n=20)+HARD_RISK_CAP(2.0%)+MAXLOSS_CAP;213428.22;213436.34;36;0
2026.08.07 11:48:31;XAUUSD;5;1786059441;PROFIT_RATCHET_LOCKED;floor=3.04 peak=9.00;MANAGE_PROFIT;SAFE;1;1;1;-1;-1;4316.57;8.16;8.16;9.00;-4.64;KELLY_LITE;true;0.04;213428.22;0.0417;KELLY_LITE(mult=1.10 taper=1.00 n=20)+HARD_RISK_CAP(2.0%)+MAXLOSS_CAP;213428.22;213436.38;36;0
2026.08.07 11:48:32;XAUUSD;5;1786059441;PROFIT_RATCHET_LOCKED;floor=3.04 peak=9.00;MANAGE_PROFIT;SAFE;1;1;1;-1;-1;4316.57;7.80;7.80;9.00;-4.64;KELLY_LITE;true;0.04;213428.22;0.0417;KELLY_LITE(mult=1.10 taper=1.00 n=20)+HARD_RISK_CAP(2.0%)+MAXLOSS_CAP;213428.22;213436.02;36;0
2026.08.07 11:48:32;XAUUSD;5;1786059441;PROFIT_RATCHET_LOCKED;floor=3.04 peak=9.00;MANAGE_PROFIT;SAFE;1;1;1;-1;-1;4316.57;8.16;8.16;9.00;-4.64;KELLY_LITE;true;0.04;213428.22;0.0417;KELLY_LITE(mult=1.10 taper=1.00 n=20)+HARD_RISK_CAP(2.0%)+MAXLOSS_CAP;213428.22;213436.38;36;0
2026.08.07 11:48:32;XAUUSD;5;1786059441;PROFIT_RATCHET_LOCKED;floor=3.04 peak=9.00;MANAGE_PROFIT;SAFE;1;1;1;-1;-1;4316.57;8.04;8.04;9.00;-4.64;KELLY_LITE;true;0.04;213428.22;0.0417;KELLY_LITE(mult=1.10 taper=1.00 n=20)+HARD_RISK_CAP(2.0%)+MAXLOSS_CAP;213428.22;213436.26;36;0
2026.08.07 11:48:32;XAUUSD;5;1786059441;PROFIT_RATCHET_LOCKED;floor=3.04 peak=9.00;MANAGE_PROFIT;SAFE;1;1;1;-1;-1;4316.57;8.48;8.48;9.00;-4.64;KELLY_LITE;true;0.04;213428.22;0.0417;KELLY_LITE(mult=1.10 taper=1.00 n=20)+HARD_RISK_CAP(2.0%)+MAXLOSS_CAP;213428.22;213436.70;36;0
2026.08.07 11:48:33;XAUUSD;5;1786059441;PROFIT_RATCHET_LOCKED;floor=3.04 peak=9.00;MANAGE_PROFIT;SAFE;1;1;1;-1;-1;4316.57;8.32;8.32;9.00;-4.64;KELLY_LITE;true;0.04;213428.22;0.0417;KELLY_LITE(mult=1.10 taper=1.00 n=20)+HARD_RISK_CAP(2.0%)+MAXLOSS_CAP;213428.22;213436.54;36;0
2026.08.07 11:48:33;XAUUSD;5;1786059441;PROFIT_RATCHET_LOCKED;floor=3.04 peak=9.00;MANAGE_PROFIT;SAFE;1;1;1;-1;-1;4316.57;8.44;8.44;9.00;-4.64;KELLY_LITE;true;0.04;213428.22;0.0417;KELLY_LITE(mult=1.10 taper=1.00 n=20)+HARD_RISK_CAP(2.0%)+MAXLOSS_CAP;213428.22;213436.66;36;0
2026.08.07 11:48:33;XAUUSD;5;1786059441;PROFIT_RATCHET_LOCKED;floor=3.04 peak=9.00;MANAGE_PROFIT;SAFE;1;1;1;-1;-1;4316.57;8.52;8.52;9.00;-4.64;KELLY_LITE;true;0.04;213428.22;0.0417;KELLY_LITE(mult=1.10 taper=1.00 n=20)+HARD_RISK_CAP(2.0%)+MAXLOSS_CAP;213428.22;213436.74;36;0
2026.08.07 11:48:34;XAUUSD;5;1786059441;PROFIT_RATCHET_LOCKED;floor=3.04 peak=9.00;MANAGE_PROFIT;SAFE;1;1;1;-1;-1;4316.57;8.56;8.56;9.00;-4.64;KELLY_LITE;true;0.04;213428.22;0.0417;KELLY_LITE(mult=1.10 taper=1.00 n=20)+HARD_RISK_CAP(2.0%)+MAXLOSS_CAP;213428.22;213436.78;36;0
2026.08.07 11:48:34;XAUUSD;5;1786059441;SL_MODIFIED;ticket=118185119 oldSL=4318.17 newSL=4318.20 reason=break_even_lock_leg_0;MANAGE_PROFIT;SAFE;1;1;1;-1;-1;4316.57;8.56;8.56;9.00;-4.64;KELLY_LITE;true;0.04;213428.22;0.0417;KELLY_LITE(mult=1.10 taper=1.00 n=20)+HARD_RISK_CAP(2.0%)+MAXLOSS_CAP;213428.22;213436.78;36;0
2026.08.07 11:48:34;XAUUSD;5;1786059441;PROFIT_RATCHET_LOCKED;floor=3.04 peak=9.00;MANAGE_PROFIT;SAFE;1;1;1;-1;-1;4316.57;8.56;8.56;9.00;-4.64;KELLY_LITE;true;0.04;213428.22;0.0417;KELLY_LITE(mult=1.10 taper=1.00 n=20)+HARD_RISK_CAP(2.0%)+MAXLOSS_CAP;213428.22;213436.78;36;0
2026.08.07 11:48:34;XAUUSD;5;1786059441;PROFIT_RATCHET_LOCKED;floor=3.04 peak=9.00;MANAGE_PROFIT;SAFE;1;1;1;-1;-1;4316.57;8.56;8.56;9.00;-4.64;KELLY_LITE;true;0.04;213428.22;0.0417;KELLY_LITE(mult=1.10 taper=1.00 n=20)+HARD_RISK_CAP(2.0%)+MAXLOSS_CAP;213428.22;213436.78;36;0
2026.08.07 11:48:35;XAUUSD;5;1786059441;SL_MODIFIED;ticket=118185119 oldSL=4318.20 newSL=4318.23 reason=break_even_lock_leg_0;MANAGE_PROFIT;SAFE;1;1;1;-1;-1;4316.57;8.68;8.68;9.00;-4.64;KELLY_LITE;true;0.04;213428.22;0.0417;KELLY_LITE(mult=1.10 taper=1.00 n=20)+HARD_RISK_CAP(2.0%)+MAXLOSS_CAP;213428.22;213436.90;36;0
2026.08.07 11:48:35;XAUUSD;5;1786059441;PROFIT_RATCHET_LOCKED;floor=3.04 peak=9.00;MANAGE_PROFIT;SAFE;1;1;1;-1;-1;4316.57;8.68;8.68;9.00;-4.64;KELLY_LITE;true;0.04;213428.22;0.0417;KELLY_LITE(mult=1.10 taper=1.00 n=20)+HARD_RISK_CAP(2.0%)+MAXLOSS_CAP;213428.22;213436.90;36;0
2026.08.07 11:48:35;XAUUSD;5;1786059441;PROFIT_RATCHET_LOCKED;floor=3.04 peak=9.00;MANAGE_PROFIT;SAFE;1;1;1;-1;-1;4316.57;8.68;8.68;9.00;-4.64;KELLY_LITE;true;0.04;213428.22;0.0417;KELLY_LITE(mult=1.10 taper=1.00 n=20)+HARD_RISK_CAP(2.0%)+MAXLOSS_CAP;213428.22;213436.90;36;0
2026.08.07 11:48:36;XAUUSD;5;1786059441;SL_MODIFY_FAILED;ticket=118185119 newSL=4318.25 reason=break_even_lock_leg_0 err=0;MANAGE_PROFIT;SAFE;1;1;1;-1;-1;4316.57;8.56;8.56;9.00;-4.64;KELLY_LITE;true;0.04;213428.22;0.0417;KELLY_LITE(mult=1.10 taper=1.00 n=20)+HARD_RISK_CAP(2.0%)+MAXLOSS_CAP;213428.22;213436.78;36;0
2026.08.07 11:48:36;XAUUSD;5;1786059441;PROFIT_RATCHET_LOCKED;floor=3.04 peak=9.00;MANAGE_PROFIT;SAFE;1;1;1;-1;-1;4316.57;8.56;8.56;9.00;-4.64;KELLY_LITE;true;0.04;213428.22;0.0417;KELLY_LITE(mult=1.10 taper=1.00 n=20)+HARD_RISK_CAP(2.0%)+MAXLOSS_CAP;213428.22;213436.78;36;0
2026.08.07 11:48:36;XAUUSD;5;1786059441;PROFIT_RATCHET_LOCKED;floor=3.04 peak=9.00;MANAGE_PROFIT;SAFE;1;1;1;-1;-1;4316.57;8.56;8.56;9.00;-4.64;KELLY_LITE;true;0.04;213428.22;0.0417;KELLY_LITE(mult=1.10 taper=1.00 n=20)+HARD_RISK_CAP(2.0%)+MAXLOSS_CAP;213428.22;213436.78;36;0
2026.08.07 11:48:36;XAUUSD;5;1786059441;PROFIT_RATCHET_LOCKED;floor=3.04 peak=9.00;MANAGE_PROFIT;SAFE;1;1;1;-1;-1;4316.57;8.64;8.64;9.00;-4.64;KELLY_LITE;true;0.04;213428.22;0.0417;KELLY_LITE(mult=1.10 taper=1.00 n=20)+HARD_RISK_CAP(2.0%)+MAXLOSS_CAP;213428.22;213436.86;36;0
2026.08.07 11:48:36;XAUUSD;5;1786059441;PROFIT_RATCHET_LOCKED;floor=3.04 peak=9.00;MANAGE_PROFIT;SAFE;1;1;1;-1;-1;4316.57;8.64;8.64;9.00;-4.64;KELLY_LITE;true;0.04;213428.22;0.0417;KELLY_LITE(mult=1.10 taper=1.00 n=20)+HARD_RISK_CAP(2.0%)+MAXLOSS_CAP;213428.22;213436.86;33;0
2026.08.07 11:48:36;XAUUSD;5;1786059441;PROFIT_RATCHET_LOCKED;floor=3.04 peak=9.00;MANAGE_PROFIT;SAFE;1;1;1;-1;-1;4316.57;8.52;8.52;9.00;-4.64;KELLY_LITE;true;0.04;213428.22;0.0417;KELLY_LITE(mult=1.10 taper=1.00 n=20)+HARD_RISK_CAP(2.0%)+MAXLOSS_CAP;213428.22;213436.74;36;0
2026.08.07 11:48:37;XAUUSD;5;1786059441;PROFIT_RATCHET_LOCKED;floor=3.04 peak=9.00;MANAGE_PROFIT;SAFE;1;1;1;-1;-1;4316.57;8.64;8.64;9.00;-4.64;KELLY_LITE;true;0.04;213428.22;0.0417;KELLY_LITE(mult=1.10 taper=1.00 n=20)+HARD_RISK_CAP(2.0%)+MAXLOSS_CAP;213428.22;213436.86;36;0
2026.08.07 11:48:37;XAUUSD;5;1786059441;PROFIT_RATCHET_LOCKED;floor=3.04 peak=9.00;MANAGE_PROFIT;SAFE;1;1;1;-1;-1;4316.57;8.60;8.60;9.00;-4.64;KELLY_LITE;true;0.04;213428.22;0.0417;KELLY_LITE(mult=1.10 taper=1.00 n=20)+HARD_RISK_CAP(2.0%)+MAXLOSS_CAP;213428.22;213436.82;36;0
2026.08.07 11:48:38;XAUUSD;5;1786059441;PROFIT_RATCHET_LOCKED;floor=3.04 peak=9.00;MANAGE_PROFIT;SAFE;1;1;1;-1;-1;4316.57;8.68;8.68;9.00;-4.64;KELLY_LITE;true;0.04;213428.22;0.0417;KELLY_LITE(mult=1.10 taper=1.00 n=20)+HARD_RISK_CAP(2.0%)+MAXLOSS_CAP;213428.22;213436.90;36;0
2026.08.07 11:48:39;XAUUSD;5;1786059441;SL_MODIFIED;ticket=118185119 oldSL=4318.23 newSL=4318.25 reason=break_even_lock_leg_0;MANAGE_PROFIT;SAFE;1;1;1;-1;-1;4316.57;8.72;8.60;9.00;-4.64;KELLY_LITE;true;0.04;213428.22;0.0417;KELLY_LITE(mult=1.10 taper=1.00 n=20)+HARD_RISK_CAP(2.0%)+MAXLOSS_CAP;213428.22;213436.94;36;0
2026.08.07 11:48:39;XAUUSD;5;1786059441;PROFIT_RATCHET_LOCKED;floor=3.04 peak=9.00;MANAGE_PROFIT;SAFE;1;1;1;-1;-1;4316.57;8.72;8.60;9.00;-4.64;KELLY_LITE;true;0.04;213428.22;0.0417;KELLY_LITE(mult=1.10 taper=1.00 n=20)+HARD_RISK_CAP(2.0%)+MAXLOSS_CAP;213428.22;213436.94;36;0
2026.08.07 11:48:39;XAUUSD;5;1786059441;PROFIT_RATCHET_LOCKED;floor=3.04 peak=9.00;MANAGE_PROFIT;SAFE;1;1;1;-1;-1;4316.57;8.72;8.60;9.00;-4.64;KELLY_LITE;true;0.04;213428.22;0.0417;KELLY_LITE(mult=1.10 taper=1.00 n=20)+HARD_RISK_CAP(2.0%)+MAXLOSS_CAP;213428.22;213436.94;36;0
2026.08.07 11:48:39;XAUUSD;5;1786059441;PROFIT_RATCHET_LOCKED;floor=3.04 peak=9.00;MANAGE_PROFIT;SAFE;1;1;1;-1;-1;4316.57;8.36;8.36;9.00;-4.64;KELLY_LITE;true;0.04;213428.22;0.0417;KELLY_LITE(mult=1.10 taper=1.00 n=20)+HARD_RISK_CAP(2.0%)+MAXLOSS_CAP;213428.22;213436.58;36;0
2026.08.07 11:48:40;XAUUSD;5;1786059441;PROFIT_RATCHET_LOCKED;floor=3.04 peak=9.00;MANAGE_PROFIT;SAFE;1;1;1;-1;-1;4316.57;8.52;8.52;9.00;-4.64;KELLY_LITE;true;0.04;213428.22;0.0417;KELLY_LITE(mult=1.10 taper=1.00 n=20)+HARD_RISK_CAP(2.0%)+MAXLOSS_CAP;213428.22;213436.74;36;0
2026.08.07 11:48:40;XAUUSD;5;1786059441;PROFIT_RATCHET_LOCKED;floor=3.04 peak=9.00;MANAGE_PROFIT;SAFE;1;1;1;-1;-1;4316.57;8.56;8.56;9.00;-4.64;KELLY_LITE;true;0.04;213428.22;0.0417;KELLY_LITE(mult=1.10 taper=1.00 n=20)+HARD_RISK_CAP(2.0%)+MAXLOSS_CAP;213428.22;213436.78;36;0
2026.08.07 11:48:40;XAUUSD;5;1786059441;PROFIT_RATCHET_LOCKED;floor=3.04 peak=9.00;MANAGE_PROFIT;SAFE;1;1;1;-1;-1;4316.57;8.52;8.52;9.00;-4.64;KELLY_LITE;true;0.04;213428.22;0.0417;KELLY_LITE(mult=1.10 taper=1.00 n=20)+HARD_RISK_CAP(2.0%)+MAXLOSS_CAP;213428.22;213436.74;36;0
2026.08.07 11:48:41;XAUUSD;5;1786059441;PROFIT_RATCHET_LOCKED;floor=3.04 peak=9.00;MANAGE_PROFIT;SAFE;1;1;1;-1;-1;4316.57;8.68;8.68;9.00;-4.64;KELLY_LITE;true;0.04;213428.22;0.0417;KELLY_LITE(mult=1.10 taper=1.00 n=20)+HARD_RISK_CAP(2.0%)+MAXLOSS_CAP;213428.22;213436.90;36;0
2026.08.07 11:48:41;XAUUSD;5;1786059441;PROFIT_RATCHET_LOCKED;floor=3.04 peak=9.00;MANAGE_PROFIT;SAFE;1;1;1;-1;-1;4316.57;8.76;8.76;9.00;-4.64;KELLY_LITE;true;0.04;213428.22;0.0417;KELLY_LITE(mult=1.10 taper=1.00 n=20)+HARD_RISK_CAP(2.0%)+MAXLOSS_CAP;213428.22;213436.98;36;0
2026.08.07 11:48:42;XAUUSD;5;1786059441;PROFIT_RATCHET_LOCKED;floor=3.04 peak=9.00;MANAGE_PROFIT;SAFE;1;1;1;-1;-1;4316.57;8.80;8.80;9.00;-4.64;KELLY_LITE;true;0.04;213428.22;0.0417;KELLY_LITE(mult=1.10 taper=1.00 n=20)+HARD_RISK_CAP(2.0%)+MAXLOSS_CAP;213428.22;213437.02;36;0
2026.08.07 11:48:42;XAUUSD;5;1786059441;PROFIT_RATCHET_LOCKED;floor=3.09 peak=9.16;MANAGE_PROFIT;SAFE;1;1;1;-1;-1;4316.57;8.84;8.84;9.16;-4.64;KELLY_LITE;true;0.04;213428.22;0.0417;KELLY_LITE(mult=1.10 taper=1.00 n=20)+HARD_RISK_CAP(2.0%)+MAXLOSS_CAP;213428.22;213437.06;36;0
2026.08.07 11:48:42;XAUUSD;5;1786059441;PROFIT_RATCHET_LOCKED;floor=3.09 peak=9.16;MANAGE_PROFIT;SAFE;1;1;1;-1;-1;4316.57;8.84;8.84;9.16;-4.64;KELLY_LITE;true;0.04;213428.22;0.0417;KELLY_LITE(mult=1.10 taper=1.00 n=20)+HARD_RISK_CAP(2.0%)+MAXLOSS_CAP;213428.22;213437.06;36;0
2026.08.07 11:48:44;XAUUSD;5;1786059441;SL_MODIFIED;ticket=118185119 oldSL=4318.25 newSL=4318.27 reason=break_even_lock_leg_0;MANAGE_PROFIT;SAFE;1;1;1;-1;-1;4316.57;8.88;8.88;9.16;-4.64;KELLY_LITE;true;0.04;213428.22;0.0417;KELLY_LITE(mult=1.10 taper=1.00 n=20)+HARD_RISK_CAP(2.0%)+MAXLOSS_CAP;213428.22;213437.10;36;0
2026.08.07 11:48:44;XAUUSD;5;1786059441;PROFIT_RATCHET_LOCKED;floor=3.09 peak=9.16;MANAGE_PROFIT;SAFE;1;1;1;-1;-1;4316.57;8.88;8.88;9.16;-4.64;KELLY_LITE;true;0.04;213428.22;0.0417;KELLY_LITE(mult=1.10 taper=1.00 n=20)+HARD_RISK_CAP(2.0%)+MAXLOSS_CAP;213428.22;213437.10;36;0
2026.08.07 11:48:44;XAUUSD;5;1786059441;PROFIT_RATCHET_LOCKED;floor=3.09 peak=9.16;MANAGE_PROFIT;SAFE;1;1;1;-1;-1;4316.57;8.92;8.92;9.16;-4.64;KELLY_LITE;true;0.04;213428.22;0.0417;KELLY_LITE(mult=1.10 taper=1.00 n=20)+HARD_RISK_CAP(2.0%)+MAXLOSS_CAP;213428.22;213437.14;36;0
2026.08.07 11:48:44;XAUUSD;5;1786059441;PROFIT_RATCHET_LOCKED;floor=3.09 peak=9.16;MANAGE_PROFIT;SAFE;1;1;1;-1;-1;4316.57;8.84;8.84;9.16;-4.64;KELLY_LITE;true;0.04;213428.22;0.0417;KELLY_LITE(mult=1.10 taper=1.00 n=20)+HARD_RISK_CAP(2.0%)+MAXLOSS_CAP;213428.22;213437.06;36;0
2026.08.07 11:48:44;XAUUSD;5;1786059441;PROFIT_RATCHET_LOCKED;floor=3.09 peak=9.16;MANAGE_PROFIT;SAFE;1;1;1;-1;-1;4316.57;8.88;8.88;9.16;-4.64;KELLY_LITE;true;0.04;213428.22;0.0417;KELLY_LITE(mult=1.10 taper=1.00 n=20)+HARD_RISK_CAP(2.0%)+MAXLOSS_CAP;213428.22;213437.10;36;0
2026.08.07 11:48:45;XAUUSD;5;1786059441;PROFIT_RATCHET_LOCKED;floor=3.09 peak=9.16;MANAGE_PROFIT;SAFE;1;1;1;-1;-1;4316.57;8.92;8.92;9.16;-4.64;KELLY_LITE;true;0.04;213428.22;0.0417;KELLY_LITE(mult=1.10 taper=1.00 n=20)+HARD_RISK_CAP(2.0%)+MAXLOSS_CAP;213428.22;213437.14;36;0
2026.08.07 11:48:46;XAUUSD;5;1786059441;SL_MODIFIED;ticket=118185119 oldSL=4318.27 newSL=4318.35 reason=break_even_lock_leg_0;MANAGE_PROFIT;SAFE;1;1;1;-1;-1;4316.57;9.28;9.28;9.20;-4.64;KELLY_LITE;true;0.04;213428.22;0.0417;KELLY_LITE(mult=1.10 taper=1.00 n=20)+HARD_RISK_CAP(2.0%)+MAXLOSS_CAP;213428.22;213437.50;36;0
2026.08.07 11:48:46;XAUUSD;5;1786059441;PROFIT_RATCHET_LOCKED;floor=3.10 peak=9.20;MANAGE_PROFIT;SAFE;1;1;1;-1;-1;4316.57;9.28;9.28;9.20;-4.64;KELLY_LITE;true;0.04;213428.22;0.0417;KELLY_LITE(mult=1.10 taper=1.00 n=20)+HARD_RISK_CAP(2.0%)+MAXLOSS_CAP;213428.22;213437.50;36;0
2026.08.07 11:48:46;XAUUSD;5;1786059441;PROFIT_RATCHET_LOCKED;floor=3.13 peak=9.28;MANAGE_PROFIT;SAFE;1;1;1;-1;-1;4316.57;9.28;9.28;9.28;-4.64;KELLY_LITE;true;0.04;213428.22;0.0417;KELLY_LITE(mult=1.10 taper=1.00 n=20)+HARD_RISK_CAP(2.0%)+MAXLOSS_CAP;213428.22;213437.50;36;0
2026.08.07 11:48:46;XAUUSD;5;1786059441;SL_MODIFIED;ticket=118185119 oldSL=4318.35 newSL=4318.40 reason=break_even_lock_leg_0;MANAGE_PROFIT;SAFE;1;1;1;-1;-1;4316.57;9.36;9.36;9.40;-4.64;KELLY_LITE;true;0.04;213428.22;0.0417;KELLY_LITE(mult=1.10 taper=1.00 n=20)+HARD_RISK_CAP(2.0%)+MAXLOSS_CAP;213428.22;213437.58;36;0
2026.08.07 11:48:46;XAUUSD;5;1786059441;PROFIT_RATCHET_LOCKED;floor=3.17 peak=9.40;MANAGE_PROFIT;SAFE;1;1;1;-1;-1;4316.57;9.36;9.36;9.40;-4.64;KELLY_LITE;true;0.04;213428.22;0.0417;KELLY_LITE(mult=1.10 taper=1.00 n=20)+HARD_RISK_CAP(2.0%)+MAXLOSS_CAP;213428.22;213437.58;36;0
2026.08.07 11:48:46;XAUUSD;5;1786059441;PROFIT_RATCHET_LOCKED;floor=3.17 peak=9.40;MANAGE_PROFIT;SAFE;1;1;1;-1;-1;4316.57;9.36;9.36;9.40;-4.64;KELLY_LITE;true;0.04;213428.22;0.0417;KELLY_LITE(mult=1.10 taper=1.00 n=20)+HARD_RISK_CAP(2.0%)+MAXLOSS_CAP;213428.22;213437.58;36;0
2026.08.07 11:48:46;XAUUSD;5;1786059441;PROFIT_RATCHET_LOCKED;floor=3.17 peak=9.40;MANAGE_PROFIT;SAFE;1;1;1;-1;-1;4316.57;9.08;9.08;9.40;-4.64;KELLY_LITE;true;0.04;213428.22;0.0417;KELLY_LITE(mult=1.10 taper=1.00 n=20)+HARD_RISK_CAP(2.0%)+MAXLOSS_CAP;213428.22;213437.30;36;0
2026.08.07 11:48:47;XAUUSD;5;1786059441;PROFIT_RATCHET_LOCKED;floor=3.17 peak=9.40;MANAGE_PROFIT;SAFE;1;1;1;-1;-1;4316.57;8.60;8.60;9.40;-4.64;KELLY_LITE;true;0.04;213428.22;0.0417;KELLY_LITE(mult=1.10 taper=1.00 n=20)+HARD_RISK_CAP(2.0%)+MAXLOSS_CAP;213428.22;213436.82;36;0
2026.08.07 11:48:47;XAUUSD;5;1786059441;PROFIT_RATCHET_LOCKED;floor=3.17 peak=9.40;MANAGE_PROFIT;SAFE;1;1;1;-1;-1;4316.57;9.24;9.24;9.40;-4.64;KELLY_LITE;true;0.04;213428.22;0.0417;KELLY_LITE(mult=1.10 taper=1.00 n=20)+HARD_RISK_CAP(2.0%)+MAXLOSS_CAP;213428.22;213437.46;36;0
2026.08.07 11:48:47;XAUUSD;5;1786059441;PROFIT_RATCHET_LOCKED;floor=3.17 peak=9.40;MANAGE_PROFIT;SAFE;1;1;1;-1;-1;4316.57;9.16;9.16;9.40;-4.64;KELLY_LITE;true;0.04;213428.22;0.0417;KELLY_LITE(mult=1.10 taper=1.00 n=20)+HARD_RISK_CAP(2.0%)+MAXLOSS_CAP;213428.22;213437.38;36;0
2026.08.07 11:48:47;XAUUSD;5;1786059441;PROFIT_RATCHET_LOCKED;floor=3.17 peak=9.40;MANAGE_PROFIT;SAFE;1;1;1;-1;-1;4316.57;9.04;9.04;9.40;-4.64;KELLY_LITE;true;0.04;213428.22;0.0417;KELLY_LITE(mult=1.10 taper=1.00 n=20)+HARD_RISK_CAP(2.0%)+MAXLOSS_CAP;213428.22;213437.26;36;0
2026.08.07 11:48:48;XAUUSD;5;1786059441;PROFIT_RATCHET_LOCKED;floor=3.17 peak=9.40;MANAGE_PROFIT;SAFE;1;1;1;-1;-1;4316.57;9.12;9.12;9.40;-4.64;KELLY_LITE;true;0.04;213428.22;0.0417;KELLY_LITE(mult=1.10 taper=1.00 n=20)+HARD_RISK_CAP(2.0%)+MAXLOSS_CAP;213428.22;213437.34;36;0
2026.08.07 11:48:49;XAUUSD;5;1786059441;PROFIT_RATCHET_LOCKED;floor=3.17 peak=9.40;MANAGE_PROFIT;SAFE;1;1;1;-1;-1;4316.57;9.16;9.16;9.40;-4.64;KELLY_LITE;true;0.04;213428.22;0.0417;KELLY_LITE(mult=1.10 taper=1.00 n=20)+HARD_RISK_CAP(2.0%)+MAXLOSS_CAP;213428.22;213437.38;36;0
2026.08.07 11:48:49;XAUUSD;5;1786059441;PROFIT_RATCHET_LOCKED;floor=3.17 peak=9.40;MANAGE_PROFIT;SAFE;1;1;1;-1;-1;4316.57;9.04;9.04;9.40;-4.64;KELLY_LITE;true;0.04;213428.22;0.0417;KELLY_LITE(mult=1.10 taper=1.00 n=20)+HARD_RISK_CAP(2.0%)+MAXLOSS_CAP;213428.22;213437.26;36;0
2026.08.07 11:48:49;XAUUSD;5;1786059441;PROFIT_RATCHET_LOCKED;floor=3.17 peak=9.40;MANAGE_PROFIT;SAFE;1;1;1;-1;-1;4316.57;9.28;9.28;9.40;-4.64;KELLY_LITE;true;0.04;213428.22;0.0417;KELLY_LITE(mult=1.10 taper=1.00 n=20)+HARD_RISK_CAP(2.0%)+MAXLOSS_CAP;213428.22;213437.50;36;0
2026.08.07 11:48:50;XAUUSD;5;1786059441;PROFIT_RATCHET_LOCKED;floor=3.17 peak=9.40;MANAGE_PROFIT;SAFE;1;1;1;-1;-1;4316.57;9.08;9.08;9.40;-4.64;KELLY_LITE;true;0.04;213428.22;0.0417;KELLY_LITE(mult=1.10 taper=1.00 n=20)+HARD_RISK_CAP(2.0%)+MAXLOSS_CAP;213428.22;213437.30;36;0
2026.08.07 11:48:50;XAUUSD;5;1786059441;PROFIT_RATCHET_LOCKED;floor=3.17 peak=9.40;MANAGE_PROFIT;SAFE;1;1;1;-1;-1;4316.57;9.16;9.16;9.40;-4.64;KELLY_LITE;true;0.04;213428.22;0.0417;KELLY_LITE(mult=1.10 taper=1.00 n=20)+HARD_RISK_CAP(2.0%)+MAXLOSS_CAP;213428.22;213437.38;36;0
2026.08.07 11:48:50;XAUUSD;5;1786059441;PROFIT_RATCHET_LOCKED;floor=3.17 peak=9.40;MANAGE_PROFIT;SAFE;1;1;1;-1;-1;4316.57;9.28;9.28;9.40;-4.64;KELLY_LITE;true;0.04;213428.22;0.0417;KELLY_LITE(mult=1.10 taper=1.00 n=20)+HARD_RISK_CAP(2.0%)+MAXLOSS_CAP;213428.22;213437.50;36;0
2026.08.07 11:48:51;XAUUSD;5;1786059441;SL_MODIFIED;ticket=118185119 oldSL=4318.40 newSL=4318.82 reason=break_even_lock_leg_0;MANAGE_PROFIT;SAFE;1;1;1;-1;-1;4316.57;11.56;11.56;11.08;-4.64;KELLY_LITE;true;0.04;213428.22;0.0417;KELLY_LITE(mult=1.10 taper=1.00 n=20)+HARD_RISK_CAP(2.0%)+MAXLOSS_CAP;213428.22;213439.78;36;0
2026.08.07 11:48:51;XAUUSD;5;1786059441;PROFIT_RATCHET_LOCKED;floor=3.74 peak=11.08;MANAGE_PROFIT;SAFE;1;1;1;-1;-1;4316.57;11.56;11.56;11.08;-4.64;KELLY_LITE;true;0.04;213428.22;0.0417;KELLY_LITE(mult=1.10 taper=1.00 n=20)+HARD_RISK_CAP(2.0%)+MAXLOSS_CAP;213428.22;213439.78;36;0
2026.08.07 11:48:51;XAUUSD;5;1786059441;SL_MODIFIED;ticket=118185119 oldSL=4318.82 newSL=4318.94 reason=break_even_lock_leg_0;MANAGE_PROFIT;SAFE;1;1;1;-1;-1;4316.57;11.96;11.96;11.56;-4.64;KELLY_LITE;true;0.04;213428.22;0.0417;KELLY_LITE(mult=1.10 taper=1.00 n=20)+HARD_RISK_CAP(2.0%)+MAXLOSS_CAP;213428.22;213440.18;36;0
2026.08.07 11:48:51;XAUUSD;5;1786059441;PROFIT_RATCHET_LOCKED;floor=3.90 peak=11.56;MANAGE_PROFIT;SAFE;1;1;1;-1;-1;4316.57;11.96;11.96;11.56;-4.64;KELLY_LITE;true;0.04;213428.22;0.0417;KELLY_LITE(mult=1.10 taper=1.00 n=20)+HARD_RISK_CAP(2.0%)+MAXLOSS_CAP;213428.22;213440.18;36;0
2026.08.07 11:48:52;XAUUSD;5;1786059441;SL_MODIFIED;ticket=118185119 oldSL=4318.94 newSL=4318.96 reason=break_even_lock_leg_0 (retry buf=3pt);MANAGE_PROFIT;SAFE;1;1;1;-1;-1;4316.57;12.44;12.44;11.96;-4.64;KELLY_LITE;true;0.04;213428.22;0.0417;KELLY_LITE(mult=1.10 taper=1.00 n=20)+HARD_RISK_CAP(2.0%)+MAXLOSS_CAP;213428.22;213440.66;37;0
2026.08.07 11:48:52;XAUUSD;5;1786059441;PROFIT_RATCHET_LOCKED;floor=4.04 peak=11.96;MANAGE_PROFIT;SAFE;1;1;1;-1;-1;4316.57;12.44;12.44;11.96;-4.64;KELLY_LITE;true;0.04;213428.22;0.0417;KELLY_LITE(mult=1.10 taper=1.00 n=20)+HARD_RISK_CAP(2.0%)+MAXLOSS_CAP;213428.22;213440.66;37;0
2026.08.07 11:48:53;XAUUSD;5;1786059441;SL_MODIFY_FAILED;ticket=118185119 newSL=4319.16 reason=break_even_lock_leg_0 err=0;MANAGE_PROFIT;SAFE;1;1;1;-1;-1;4316.57;11.72;11.72;12.44;-4.64;KELLY_LITE;true;0.04;213428.22;0.0417;KELLY_LITE(mult=1.10 taper=1.00 n=20)+HARD_RISK_CAP(2.0%)+MAXLOSS_CAP;213428.22;213439.94;36;0
2026.08.07 11:48:53;XAUUSD;5;1786059441;PROFIT_RATCHET_LOCKED;floor=4.20 peak=12.44;MANAGE_PROFIT;SAFE;1;1;1;-1;-1;4316.57;11.72;11.72;12.44;-4.64;KELLY_LITE;true;0.04;213428.22;0.0417;KELLY_LITE(mult=1.10 taper=1.00 n=20)+HARD_RISK_CAP(2.0%)+MAXLOSS_CAP;213428.22;213439.94;36;0
2026.08.07 11:48:53;XAUUSD;5;1786059441;PROFIT_RATCHET_LOCKED;floor=4.20 peak=12.44;MANAGE_PROFIT;SAFE;1;1;1;-1;-1;4316.57;11.72;11.72;12.44;-4.64;KELLY_LITE;true;0.04;213428.22;0.0417;KELLY_LITE(mult=1.10 taper=1.00 n=20)+HARD_RISK_CAP(2.0%)+MAXLOSS_CAP;213428.22;213439.94;36;0
2026.08.07 11:48:53;XAUUSD;5;1786059441;PROFIT_RATCHET_LOCKED;floor=4.20 peak=12.44;MANAGE_PROFIT;SAFE;1;1;1;-1;-1;4316.57;11.28;11.28;12.44;-4.64;KELLY_LITE;true;0.04;213428.22;0.0417;KELLY_LITE(mult=1.10 taper=1.00 n=20)+HARD_RISK_CAP(2.0%)+MAXLOSS_CAP;213428.22;213439.50;36;0
2026.08.07 11:48:53;XAUUSD;5;1786059441;PROFIT_RATCHET_LOCKED;floor=4.20 peak=12.44;MANAGE_PROFIT;SAFE;1;1;1;-1;-1;4316.57;11.40;11.40;12.44;-4.64;KELLY_LITE;true;0.04;213428.22;0.0417;KELLY_LITE(mult=1.10 taper=1.00 n=20)+HARD_RISK_CAP(2.0%)+MAXLOSS_CAP;213428.22;213439.62;36;0
2026.08.07 11:48:54;XAUUSD;5;1786059441;PROFIT_RATCHET_LOCKED;floor=4.20 peak=12.44;MANAGE_PROFIT;SAFE;1;1;1;-1;-1;4316.57;11.44;11.44;12.44;-4.64;KELLY_LITE;true;0.04;213428.22;0.0417;KELLY_LITE(mult=1.10 taper=1.00 n=20)+HARD_RISK_CAP(2.0%)+MAXLOSS_CAP;213428.22;213439.66;36;0
2026.08.07 11:48:54;XAUUSD;5;1786059441;PROFIT_RATCHET_LOCKED;floor=4.20 peak=12.44;MANAGE_PROFIT;SAFE;1;1;1;-1;-1;4316.57;11.56;11.56;12.44;-4.64;KELLY_LITE;true;0.04;213428.22;0.0417;KELLY_LITE(mult=1.10 taper=1.00 n=20)+HARD_RISK_CAP(2.0%)+MAXLOSS_CAP;213428.22;213439.78;35;0
2026.08.07 11:48:54;XAUUSD;5;1786059441;PROFIT_RATCHET_LOCKED;floor=4.20 peak=12.44;MANAGE_PROFIT;SAFE;1;1;1;-1;-1;4316.57;11.48;11.48;12.44;-4.64;KELLY_LITE;true;0.04;213428.22;0.0417;KELLY_LITE(mult=1.10 taper=1.00 n=20)+HARD_RISK_CAP(2.0%)+MAXLOSS_CAP;213428.22;213439.70;36;0
2026.08.07 11:48:55;XAUUSD;5;1786059441;PROFIT_RATCHET_LOCKED;floor=4.20 peak=12.44;MANAGE_PROFIT;SAFE;1;1;1;-1;-1;4316.57;11.56;11.56;12.44;-4.64;KELLY_LITE;true;0.04;213428.22;0.0417;KELLY_LITE(mult=1.10 taper=1.00 n=20)+HARD_RISK_CAP(2.0%)+MAXLOSS_CAP;213428.22;213439.78;36;0
2026.08.07 11:48:55;XAUUSD;5;1786059441;PROFIT_RATCHET_LOCKED;floor=4.20 peak=12.44;MANAGE_PROFIT;SAFE;1;1;1;-1;-1;4316.57;11.68;11.68;12.44;-4.64;KELLY_LITE;true;0.04;213428.22;0.0417;KELLY_LITE(mult=1.10 taper=1.00 n=20)+HARD_RISK_CAP(2.0%)+MAXLOSS_CAP;213428.22;213439.90;36;0
2026.08.07 11:48:55;XAUUSD;5;1786059441;PROFIT_RATCHET_LOCKED;floor=4.20 peak=12.44;MANAGE_PROFIT;SAFE;1;1;1;-1;-1;4316.57;11.64;11.64;12.44;-4.64;KELLY_LITE;true;0.04;213428.22;0.0417;KELLY_LITE(mult=1.10 taper=1.00 n=20)+HARD_RISK_CAP(2.0%)+MAXLOSS_CAP;213428.22;213439.86;36;0
2026.08.07 11:48:55;XAUUSD;5;1786059441;PROFIT_RATCHET_LOCKED;floor=4.20 peak=12.44;MANAGE_PROFIT;SAFE;1;1;1;-1;-1;4316.57;11.28;11.28;12.44;-4.64;KELLY_LITE;true;0.04;213428.22;0.0417;KELLY_LITE(mult=1.10 taper=1.00 n=20)+HARD_RISK_CAP(2.0%)+MAXLOSS_CAP;213428.22;213439.50;36;0
2026.08.07 11:48:56;XAUUSD;5;1786059441;SL_MODIFIED;ticket=118185119 oldSL=4318.96 newSL=4319.02 reason=break_even_lock_leg_0;MANAGE_PROFIT;SAFE;1;1;1;-1;-1;4316.57;12.08;12.08;12.44;-4.64;KELLY_LITE;true;0.04;213428.22;0.0417;KELLY_LITE(mult=1.10 taper=1.00 n=20)+HARD_RISK_CAP(2.0%)+MAXLOSS_CAP;213428.22;213440.30;36;0
2026.08.07 11:48:56;XAUUSD;5;1786059441;PROFIT_RATCHET_LOCKED;floor=4.20 peak=12.44;MANAGE_PROFIT;SAFE;1;1;1;-1;-1;4316.57;12.08;12.08;12.44;-4.64;KELLY_LITE;true;0.04;213428.22;0.0417;KELLY_LITE(mult=1.10 taper=1.00 n=20)+HARD_RISK_CAP(2.0%)+MAXLOSS_CAP;213428.22;213440.30;36;0
2026.08.07 11:48:57;XAUUSD;5;1786059441;SL_MODIFIED;ticket=118185119 oldSL=4319.02 newSL=4319.07 reason=break_even_lock_leg_0;MANAGE_PROFIT;SAFE;1;1;1;-1;-1;4316.57;12.16;12.16;12.44;-4.64;KELLY_LITE;true;0.04;213428.22;0.0417;KELLY_LITE(mult=1.10 taper=1.00 n=20)+HARD_RISK_CAP(2.0%)+MAXLOSS_CAP;213428.22;213440.38;36;0
2026.08.07 11:48:57;XAUUSD;5;1786059441;PROFIT_RATCHET_LOCKED;floor=4.20 peak=12.44;MANAGE_PROFIT;SAFE;1;1;1;-1;-1;4316.57;12.16;12.16;12.44;-4.64;KELLY_LITE;true;0.04;213428.22;0.0417;KELLY_LITE(mult=1.10 taper=1.00 n=20)+HARD_RISK_CAP(2.0%)+MAXLOSS_CAP;213428.22;213440.38;36;0
2026.08.07 11:48:57;XAUUSD;5;1786059441;SL_MODIFIED;ticket=118185119 oldSL=4319.07 newSL=4319.09 reason=break_even_lock_leg_0;MANAGE_PROFIT;SAFE;1;1;1;-1;-1;4316.57;12.68;12.68;12.44;-4.64;KELLY_LITE;true;0.04;213428.22;0.0417;KELLY_LITE(mult=1.10 taper=1.00 n=20)+HARD_RISK_CAP(2.0%)+MAXLOSS_CAP;213428.22;213440.90;36;0
2026.08.07 11:48:57;XAUUSD;5;1786059441;PROFIT_RATCHET_LOCKED;floor=4.20 peak=12.44;MANAGE_PROFIT;SAFE;1;1;1;-1;-1;4316.57;12.68;12.68;12.44;-4.64;KELLY_LITE;true;0.04;213428.22;0.0417;KELLY_LITE(mult=1.10 taper=1.00 n=20)+HARD_RISK_CAP(2.0%)+MAXLOSS_CAP;213428.22;213440.90;36;0
2026.08.07 11:48:58;XAUUSD;5;1786059441;SL_MODIFIED;ticket=118185119 oldSL=4319.09 newSL=4319.22 reason=break_even_lock_leg_0;MANAGE_PROFIT;SAFE;1;1;1;-1;-1;4316.57;12.72;12.72;12.68;-4.64;KELLY_LITE;true;0.04;213428.22;0.0417;KELLY_LITE(mult=1.10 taper=1.00 n=20)+HARD_RISK_CAP(2.0%)+MAXLOSS_CAP;213428.22;213440.94;36;0
2026.08.07 11:48:58;XAUUSD;5;1786059441;PROFIT_RATCHET_LOCKED;floor=4.28 peak=12.68;MANAGE_PROFIT;SAFE;1;1;1;-1;-1;4316.57;12.72;12.72;12.68;-4.64;KELLY_LITE;true;0.04;213428.22;0.0417;KELLY_LITE(mult=1.10 taper=1.00 n=20)+HARD_RISK_CAP(2.0%)+MAXLOSS_CAP;213428.22;213440.94;36;0
2026.08.07 11:48:58;XAUUSD;5;1786059441;PROFIT_RATCHET_LOCKED;floor=4.29 peak=12.72;MANAGE_PROFIT;SAFE;1;1;1;-1;-1;4316.57;12.72;12.72;12.72;-4.64;KELLY_LITE;true;0.04;213428.22;0.0417;KELLY_LITE(mult=1.10 taper=1.00 n=20)+HARD_RISK_CAP(2.0%)+MAXLOSS_CAP;213428.22;213440.94;36;0
2026.08.07 11:48:58;XAUUSD;5;1786059441;PROFIT_RATCHET_LOCKED;floor=4.32 peak=12.80;MANAGE_PROFIT;SAFE;1;1;1;-1;-1;4316.57;12.60;12.60;12.80;-4.64;KELLY_LITE;true;0.04;213428.22;0.0417;KELLY_LITE(mult=1.10 taper=1.00 n=20)+HARD_RISK_CAP(2.0%)+MAXLOSS_CAP;213428.22;213440.82;33;0
2026.08.07 11:48:58;XAUUSD;5;1786059441;PROFIT_RATCHET_LOCKED;floor=4.32 peak=12.80;MANAGE_PROFIT;SAFE;1;1;1;-1;-1;4316.57;12.60;12.60;12.80;-4.64;KELLY_LITE;true;0.04;213428.22;0.0417;KELLY_LITE(mult=1.10 taper=1.00 n=20)+HARD_RISK_CAP(2.0%)+MAXLOSS_CAP;213428.22;213440.82;33;0
2026.08.07 11:48:59;XAUUSD;5;1786059441;PROFIT_RATCHET_LOCKED;floor=4.32 peak=12.80;MANAGE_PROFIT;SAFE;1;1;1;-1;-1;4316.57;12.48;12.48;12.80;-4.64;KELLY_LITE;true;0.04;213428.22;0.0417;KELLY_LITE(mult=1.10 taper=1.00 n=20)+HARD_RISK_CAP(2.0%)+MAXLOSS_CAP;213428.22;213440.70;33;0
2026.08.07 11:48:59;XAUUSD;5;1786059441;PROFIT_RATCHET_LOCKED;floor=4.32 peak=12.80;MANAGE_PROFIT;SAFE;1;1;1;-1;-1;4316.57;12.08;12.08;12.80;-4.64;KELLY_LITE;true;0.04;213428.22;0.0417;KELLY_LITE(mult=1.10 taper=1.00 n=20)+HARD_RISK_CAP(2.0%)+MAXLOSS_CAP;213428.22;213440.30;33;0
2026.08.07 11:49:00;XAUUSD;5;1786059441;PROFIT_RATCHET_LOCKED;floor=4.32 peak=12.80;MANAGE_PROFIT;SAFE;1;1;1;-1;-1;4316.57;11.88;11.88;12.80;-4.64;KELLY_LITE;true;0.04;213428.22;0.0417;KELLY_LITE(mult=1.10 taper=1.00 n=20)+HARD_RISK_CAP(2.0%)+MAXLOSS_CAP;213428.22;213440.10;33;0
2026.08.07 11:49:00;XAUUSD;5;1786059441;PROFIT_RATCHET_LOCKED;floor=4.32 peak=12.80;MANAGE_PROFIT;SAFE;1;1;1;-1;-1;4316.57;11.84;11.84;12.80;-4.64;KELLY_LITE;true;0.04;213428.22;0.0417;KELLY_LITE(mult=1.10 taper=1.00 n=20)+HARD_RISK_CAP(2.0%)+MAXLOSS_CAP;213428.22;213440.06;33;0
2026.08.07 11:49:00;XAUUSD;5;1786059441;PROFIT_RATCHET_LOCKED;floor=4.32 peak=12.80;MANAGE_PROFIT;SAFE;1;1;1;-1;-1;4316.57;11.88;11.88;12.80;-4.64;KELLY_LITE;true;0.04;213428.22;0.0417;KELLY_LITE(mult=1.10 taper=1.00 n=20)+HARD_RISK_CAP(2.0%)+MAXLOSS_CAP;213428.22;213440.10;33;0
2026.08.07 11:49:01;XAUUSD;5;1786059441;PROFIT_RATCHET_LOCKED;floor=4.32 peak=12.80;MANAGE_PROFIT;SAFE;1;1;1;-1;-1;4316.57;11.28;11.28;12.80;-4.64;KELLY_LITE;true;0.04;213428.22;0.0417;KELLY_LITE(mult=1.10 taper=1.00 n=20)+HARD_RISK_CAP(2.0%)+MAXLOSS_CAP;213428.22;213439.50;33;0
2026.08.07 11:49:01;XAUUSD;5;1786059441;PROFIT_RATCHET_LOCKED;floor=4.32 peak=12.80;MANAGE_PROFIT;SAFE;1;1;1;-1;-1;4316.57;11.32;11.32;12.80;-4.64;KELLY_LITE;true;0.04;213428.22;0.0417;KELLY_LITE(mult=1.10 taper=1.00 n=20)+HARD_RISK_CAP(2.0%)+MAXLOSS_CAP;213428.22;213439.54;33;0
2026.08.07 11:49:02;XAUUSD;5;1786059441;PROFIT_RATCHET_LOCKED;floor=4.32 peak=12.80;MANAGE_PROFIT;SAFE;1;1;1;-1;-1;4316.57;10.92;10.92;12.80;-4.64;KELLY_LITE;true;0.04;213428.22;0.0417;KELLY_LITE(mult=1.10 taper=1.00 n=20)+HARD_RISK_CAP(2.0%)+MAXLOSS_CAP;213428.22;213439.14;33;0
2026.08.07 11:49:02;XAUUSD;5;1786059441;PROFIT_RATCHET_LOCKED;floor=4.32 peak=12.80;MANAGE_PROFIT;SAFE;1;1;1;-1;-1;4316.57;10.84;10.84;12.80;-4.64;KELLY_LITE;true;0.04;213428.22;0.0417;KELLY_LITE(mult=1.10 taper=1.00 n=20)+HARD_RISK_CAP(2.0%)+MAXLOSS_CAP;213428.22;213439.06;33;0
2026.08.07 11:49:02;XAUUSD;5;1786059441;RECONCILED_BROKER_CLOSE;ticket=118185119 type=main pnl=10.60;MANAGE_PROFIT;SAFE;0;1;1;-1;-1;4316.57;0.00;0.00;12.80;-4.64;KELLY_LITE;true;0.04;213428.22;0.0417;KELLY_LITE(mult=1.10 taper=1.00 n=20)+HARD_RISK_CAP(2.0%)+MAXLOSS_CAP;213438.82;213438.82;33;0
2026.08.07 12:04:54;XAUUSD;5;1786059441;PENDING_DELETED;ticket=118185120 reason=pending_expired;WAIT_TRIGGER;SAFE;0;0;1;-1;-1;4316.57;0.00;0.00;12.80;-4.64;KELLY_LITE;true;0.04;213428.22;0.0417;KELLY_LITE(mult=1.10 taper=1.00 n=20)+HARD_RISK_CAP(2.0%)+MAXLOSS_CAP;213438.82;213438.82;36;0
2026.08.07 12:04:54;XAUUSD;5;1786059441;CYCLE_RESET;oldState=RESET realizedPnL=10.60 peak=12.80 worst=-4.64 pyramid=1 consLosses=0;RESET;SAFE;0;0;1;-1;-1;4316.57;0.00;0.00;12.80;-4.64;KELLY_LITE;true;0.04;213428.22;0.0417;KELLY_LITE(mult=1.10 taper=1.00 n=20)+HARD_RISK_CAP(2.0%)+MAXLOSS_CAP;213438.82;213438.82;36;0
2026.08.07 12:09:54;XAUUSD;5;1786059442;PLACE_PENDING_START;cycle=1786059442 trend=1 consecLosses=0 preset=AGGRESSIVE;PLACE_PENDING;SAFE;0;0;0;-1;-1;0.00;0.00;0.00;0.00;0.00;KELLY_LITE;true;0.04;213428.22;0.0417;KELLY_LITE(mult=1.10 taper=1.00 n=20)+HARD_RISK_CAP(2.0%)+MAXLOSS_CAP;213438.82;213438.82;36;0
2026.08.07 12:09:54;XAUUSD;5;1786059442;DIR_OCO_PLACED;dir=BULL ticket=118188045 price=4327.07 sl=4312.07 tp=4349.57 lot=0.04 dist=1.62;PLACE_PENDING;SAFE;0;1;0;118188045;-1;0.00;0.00;0.00;0.00;0.00;KELLY_LITE;true;0.04;213438.82;0.0417;KELLY_LITE(mult=1.10 taper=1.00 n=20)+HARD_RISK_CAP(2.0%)+MAXLOSS_CAP;213438.82;213438.82;36;0
2026.08.07 12:09:55;XAUUSD;5;1786059442;DIR_OCO_COUNTER_PLACED;dir=BEAR(counter) ticket=118188047 price=4323.48 lot=0.03;PLACE_PENDING;SAFE;0;2;0;118188045;118188047;0.00;0.00;0.00;0.00;0.00;KELLY_LITE;true;0.04;213438.82;0.0417;KELLY_LITE(mult=1.10 taper=1.00 n=20)+HARD_RISK_CAP(2.0%)+MAXLOSS_CAP;213438.82;213438.82;36;0
2026.08.07 12:10:00;XAUUSD;5;1786059442;BUY_STOP_TRAILED;Old=4327.07 New=4326.76;WAIT_TRIGGER;SAFE;0;2;0;118188045;118188047;0.00;0.00;0.00;0.00;0.00;KELLY_LITE;true;0.04;213438.82;0.0417;KELLY_LITE(mult=1.10 taper=1.00 n=20)+HARD_RISK_CAP(2.0%)+MAXLOSS_CAP;213438.82;213438.82;36;0
2026.08.07 12:10:01;XAUUSD;5;1786059442;BUY_STOP_TRAILED;Old=4326.76 New=4326.36;WAIT_TRIGGER;SAFE;0;2;0;118188045;118188047;0.00;0.00;0.00;0.00;0.00;KELLY_LITE;true;0.04;213438.82;0.0417;KELLY_LITE(mult=1.10 taper=1.00 n=20)+HARD_RISK_CAP(2.0%)+MAXLOSS_CAP;213438.82;213438.82;36;0
2026.08.07 12:10:12;XAUUSD;5;1786059442;BUY_STOP_TRAILED;Old=4326.36 New=4325.86;WAIT_TRIGGER;SAFE;0;2;0;118188045;118188047;0.00;0.00;0.00;0.00;0.00;KELLY_LITE;true;0.04;213438.82;0.0417;KELLY_LITE(mult=1.10 taper=1.00 n=20)+HARD_RISK_CAP(2.0%)+MAXLOSS_CAP;213438.82;213438.82;36;0
2026.08.07 12:10:13;XAUUSD;5;1786059442;BUY_STOP_TRAILED;Old=4325.86 New=4325.54;WAIT_TRIGGER;SAFE;0;2;0;118188045;118188047;0.00;0.00;0.00;0.00;0.00;KELLY_LITE;true;0.04;213438.82;0.0417;KELLY_LITE(mult=1.10 taper=1.00 n=20)+HARD_RISK_CAP(2.0%)+MAXLOSS_CAP;213438.82;213438.82;36;0
2026.08.07 12:10:13;XAUUSD;5;1786059442;OCO_TRIGGERED_SELL;ticket=118188047 entry=4323.48;POSITION_ACTIVE;SAFE;1;1;0;118188045;-1;0.00;-1.11;-1.11;0.00;0.00;KELLY_LITE;true;0.04;213438.82;0.0417;KELLY_LITE(mult=1.10 taper=1.00 n=20)+HARD_RISK_CAP(2.0%)+MAXLOSS_CAP;213438.82;213437.71;33;0
2026.08.07 12:10:13;XAUUSD;5;1786059442;OPPOSITE_TRAIL_ARMED;opposite_ticket=118188045 will trail price;POSITION_ACTIVE;SAFE;1;1;0;118188045;-1;0.00;-1.11;-1.11;0.00;0.00;KELLY_LITE;true;0.04;213438.82;0.0417;KELLY_LITE(mult=1.10 taper=1.00 n=20)+HARD_RISK_CAP(2.0%)+MAXLOSS_CAP;213438.82;213437.71;33;0
2026.08.07 12:13:02;XAUUSD;5;1786059442;REVERSAL_CHASER_TRIGGERED_FLIP;newDir=BULL ticket=118188045 entry=4325.54 lot=0.04;MANAGE_PROFIT;SAFE;2;0;1;-1;-1;4323.48;-6.17;-6.21;0.66;-5.76;KELLY_LITE;true;0.04;213438.82;0.0417;KELLY_LITE(mult=1.10 taper=1.00 n=20)+HARD_RISK_CAP(2.0%)+MAXLOSS_CAP;213438.82;213432.65;36;0
2026.08.07 12:13:03;XAUUSD;5;1786059442;POSITION_CLOSED;ticket=118188047 reason=reversal_chaser_flip lots=0.03 price=4325.55 pnl=-6.21;MANAGE_PROFIT;SAFE;1;0;1;-1;-1;4323.48;-1.28;-1.28;0.66;-5.76;KELLY_LITE;true;0.04;213438.82;0.0417;KELLY_LITE(mult=1.10 taper=1.00 n=20)+HARD_RISK_CAP(2.0%)+MAXLOSS_CAP;213432.52;213431.24;36;0
2026.08.07 12:13:03;XAUUSD;5;1786059442;CYCLE_RESET;oldState=MANAGE_PROFIT realizedPnL=-6.30 peak=0.66 worst=-5.76 pyramid=1 consLosses=1 reason=chaser_flip;MANAGE_PROFIT;SAFE;1;0;1;-1;-1;4323.48;-1.28;-1.28;0.66;-5.76;KELLY_LITE;true;0.04;213438.82;0.0417;KELLY_LITE(mult=1.10 taper=1.00 n=20)+HARD_RISK_CAP(2.0%)+MAXLOSS_CAP;213432.52;213431.24;36;0
2026.08.07 12:18:13;XAUUSD;5;1786059443;EXIT_SOFT_SL_MOMENTUM;profit=-33.88 rsi=54.9 dir=1;MANAGE_PROFIT;WARNING;1;0;1;-1;-1;4325.54;-33.88;-33.88;0.00;-33.88;KELLY_LITE;true;0.04;213438.82;0.0417;KELLY_LITE(mult=1.10 taper=1.00 n=20)+HARD_RISK_CAP(2.0%)+MAXLOSS_CAP;213432.52;213398.64;36;0
2026.08.07 12:18:14;XAUUSD;5;1786059443;POSITION_CLOSED;ticket=118188045 reason=soft_sl_momentum lots=0.04 price=4317.07 pnl=-33.88;MANAGE_PROFIT;WARNING;0;0;1;-1;-1;4325.54;0.00;0.00;0.00;-33.88;KELLY_LITE;true;0.04;213438.82;0.0417;KELLY_LITE(mult=1.10 taper=1.00 n=20)+HARD_RISK_CAP(2.0%)+MAXLOSS_CAP;213399.20;213399.20;36;0
2026.08.07 12:18:14;XAUUSD;5;1786059443;CYCLE_RESET;oldState=RESET realizedPnL=-39.62 peak=0.00 worst=-33.88 pyramid=0 consLosses=2;RESET;WARNING;0;0;0;-1;-1;4325.54;0.00;0.00;0.00;-33.88;KELLY_LITE;true;0.04;213438.82;0.0417;KELLY_LITE(mult=1.10 taper=1.00 n=20)+HARD_RISK_CAP(2.0%)+MAXLOSS_CAP;213399.20;213399.20;36;0
2026.08.07 12:23:14;XAUUSD;5;1786059444;PLACE_PENDING_START;cycle=1786059444 trend=1 consecLosses=2 preset=AGGRESSIVE;PLACE_PENDING;SAFE;0;0;0;-1;-1;0.00;0.00;0.00;0.00;0.00;KELLY_LITE;true;0.04;213438.82;0.0417;KELLY_LITE(mult=1.10 taper=1.00 n=20)+HARD_RISK_CAP(2.0%)+MAXLOSS_CAP;213399.20;213399.20;34;0
2026.08.07 12:23:14;XAUUSD;5;1786059444;DIR_OCO_PLACED;dir=BULL ticket=118189416 price=4323.97 sl=4308.97 tp=4346.47 lot=0.04 dist=1.54;PLACE_PENDING;SAFE;0;1;0;118189416;-1;0.00;0.00;0.00;0.00;0.00;KELLY_LITE;true;0.04;213399.20;0.0417;KELLY_LITE(mult=1.00 taper=1.00 n=20)+CONSEC_REDUCE(0.50)+HARD_RISK_CAP(2.0%)+MAXLOSS_CAP;213399.20;213399.20;34;0
2026.08.07 12:23:15;XAUUSD;5;1786059444;DIR_OCO_COUNTER_PLACED;dir=BEAR(counter) ticket=118189417 price=4320.55 lot=0.03;PLACE_PENDING;SAFE;0;2;0;118189416;118189417;0.00;0.00;0.00;0.00;0.00;KELLY_LITE;true;0.04;213399.20;0.0417;KELLY_LITE(mult=1.00 taper=1.00 n=20)+CONSEC_REDUCE(0.50)+HARD_RISK_CAP(2.0%)+MAXLOSS_CAP;213399.20;213399.20;34;0
2026.08.07 12:23:19;XAUUSD;5;1786059444;BUY_STOP_TRAILED;Old=4323.97 New=4323.59;WAIT_TRIGGER;SAFE;0;2;0;118189416;118189417;0.00;0.00;0.00;0.00;0.00;KELLY_LITE;true;0.04;213399.20;0.0417;KELLY_LITE(mult=1.00 taper=1.00 n=20)+CONSEC_REDUCE(0.50)+HARD_RISK_CAP(2.0%)+MAXLOSS_CAP;213399.20;213399.20;35;0
2026.08.07 12:23:27;XAUUSD;5;1786059444;SELL_STOP_TRAILED;Old=4320.55 New=4320.87;WAIT_TRIGGER;SAFE;0;2;0;118189416;118189417;0.00;0.00;0.00;0.00;0.00;KELLY_LITE;true;0.04;213399.20;0.0417;KELLY_LITE(mult=1.00 taper=1.00 n=20)+CONSEC_REDUCE(0.50)+HARD_RISK_CAP(2.0%)+MAXLOSS_CAP;213399.20;213399.20;35;0
2026.08.07 12:23:39;XAUUSD;5;1786059444;SELL_STOP_TRAILED;Old=4320.87 New=4321.22;WAIT_TRIGGER;SAFE;0;2;0;118189416;118189417;0.00;0.00;0.00;0.00;0.00;KELLY_LITE;true;0.04;213399.20;0.0417;KELLY_LITE(mult=1.00 taper=1.00 n=20)+CONSEC_REDUCE(0.50)+HARD_RISK_CAP(2.0%)+MAXLOSS_CAP;213399.20;213399.20;36;0
2026.08.07 12:23:45;XAUUSD;5;1786059444;SELL_STOP_TRAILED;Old=4321.22 New=4321.53;WAIT_TRIGGER;SAFE;0;2;0;118189416;118189417;0.00;0.00;0.00;0.00;0.00;KELLY_LITE;true;0.04;213399.20;0.0417;KELLY_LITE(mult=1.00 taper=1.00 n=20)+CONSEC_REDUCE(0.50)+HARD_RISK_CAP(2.0%)+MAXLOSS_CAP;213399.20;213399.20;34;0
2026.08.07 12:23:46;XAUUSD;5;1786059444;SELL_STOP_TRAILED;Old=4321.53 New=4321.91;WAIT_TRIGGER;SAFE;1;1;0;118189416;118189417;0.00;-0.64;-0.64;0.00;0.00;KELLY_LITE;true;0.04;213399.20;0.0417;KELLY_LITE(mult=1.00 taper=1.00 n=20)+CONSEC_REDUCE(0.50)+HARD_RISK_CAP(2.0%)+MAXLOSS_CAP;213399.20;213398.56;36;0
2026.08.07 12:23:46;XAUUSD;5;1786059444;OCO_TRIGGERED_BUY;ticket=118189416 entry=4323.59;POSITION_ACTIVE;SAFE;1;1;0;-1;118189417;0.00;-0.64;-0.64;0.00;0.00;KELLY_LITE;true;0.04;213399.20;0.0417;KELLY_LITE(mult=1.00 taper=1.00 n=20)+CONSEC_REDUCE(0.50)+HARD_RISK_CAP(2.0%)+MAXLOSS_CAP;213399.20;213398.56;36;0
2026.08.07 12:23:46;XAUUSD;5;1786059444;OPPOSITE_TRAIL_ARMED;opposite_ticket=118189417 will trail price;POSITION_ACTIVE;SAFE;1;1;0;-1;118189417;0.00;-0.64;-0.64;0.00;0.00;KELLY_LITE;true;0.04;213399.20;0.0417;KELLY_LITE(mult=1.00 taper=1.00 n=20)+CONSEC_REDUCE(0.50)+HARD_RISK_CAP(2.0%)+MAXLOSS_CAP;213399.20;213398.56;36;0
2026.08.07 12:25:15;XAUUSD;5;1786059444;SL_MODIFIED;ticket=118189416 oldSL=4311.59 newSL=4325.13 reason=break_even_lock_leg_0;MANAGE_PROFIT;SAFE;1;1;1;-1;-1;4323.59;8.32;8.32;8.24;-1.48;KELLY_LITE;true;0.04;213399.20;0.0417;KELLY_LITE(mult=1.00 taper=1.00 n=20)+CONSEC_REDUCE(0.50)+HARD_RISK_CAP(2.0%)+MAXLOSS_CAP;213399.20;213407.52;33;0
2026.08.07 12:25:15;XAUUSD;5;1786059444;PROFIT_RATCHET_LOCKED;floor=2.78 peak=8.24;MANAGE_PROFIT;SAFE;1;1;1;-1;-1;4323.59;8.32;8.32;8.24;-1.48;KELLY_LITE;true;0.04;213399.20;0.0417;KELLY_LITE(mult=1.00 taper=1.00 n=20)+CONSEC_REDUCE(0.50)+HARD_RISK_CAP(2.0%)+MAXLOSS_CAP;213399.20;213407.52;33;0
2026.08.07 12:25:15;XAUUSD;5;1786059444;PROFIT_RATCHET_LOCKED;floor=2.81 peak=8.32;MANAGE_PROFIT;SAFE;1;1;1;-1;-1;4323.59;8.32;8.32;8.32;-1.48;KELLY_LITE;true;0.04;213399.20;0.0417;KELLY_LITE(mult=1.00 taper=1.00 n=20)+CONSEC_REDUCE(0.50)+HARD_RISK_CAP(2.0%)+MAXLOSS_CAP;213399.20;213407.52;33;0
2026.08.07 12:25:15;XAUUSD;5;1786059444;PROFIT_RATCHET_LOCKED;floor=2.81 peak=8.32;MANAGE_PROFIT;SAFE;1;1;1;-1;-1;4323.59;7.40;7.40;8.32;-1.48;KELLY_LITE;true;0.04;213399.20;0.0417;KELLY_LITE(mult=1.00 taper=1.00 n=20)+CONSEC_REDUCE(0.50)+HARD_RISK_CAP(2.0%)+MAXLOSS_CAP;213399.20;213406.60;36;0
2026.08.07 12:25:16;XAUUSD;5;1786059444;PROFIT_RATCHET_LOCKED;floor=2.81 peak=8.32;MANAGE_PROFIT;SAFE;1;1;1;-1;-1;4323.59;7.16;7.16;8.32;-1.48;KELLY_LITE;true;0.04;213399.20;0.0417;KELLY_LITE(mult=1.00 taper=1.00 n=20)+CONSEC_REDUCE(0.50)+HARD_RISK_CAP(2.0%)+MAXLOSS_CAP;213399.20;213406.36;36;0
2026.08.07 12:25:16;XAUUSD;5;1786059444;PROFIT_RATCHET_LOCKED;floor=2.81 peak=8.32;MANAGE_PROFIT;SAFE;1;1;1;-1;-1;4323.59;7.00;7.00;8.32;-1.48;KELLY_LITE;true;0.04;213399.20;0.0417;KELLY_LITE(mult=1.00 taper=1.00 n=20)+CONSEC_REDUCE(0.50)+HARD_RISK_CAP(2.0%)+MAXLOSS_CAP;213399.20;213406.20;36;0
2026.08.07 12:25:16;XAUUSD;5;1786059444;PROFIT_RATCHET_LOCKED;floor=2.81 peak=8.32;MANAGE_PROFIT;SAFE;1;1;1;-1;-1;4323.59;7.08;7.08;8.32;-1.48;KELLY_LITE;true;0.04;213399.20;0.0417;KELLY_LITE(mult=1.00 taper=1.00 n=20)+CONSEC_REDUCE(0.50)+HARD_RISK_CAP(2.0%)+MAXLOSS_CAP;213399.20;213406.28;36;0
2026.08.07 12:25:16;XAUUSD;5;1786059444;PROFIT_RATCHET_LOCKED;floor=2.81 peak=8.32;MANAGE_PROFIT;SAFE;1;1;1;-1;-1;4323.59;7.12;7.12;8.32;-1.48;KELLY_LITE;true;0.04;213399.20;0.0417;KELLY_LITE(mult=1.00 taper=1.00 n=20)+CONSEC_REDUCE(0.50)+HARD_RISK_CAP(2.0%)+MAXLOSS_CAP;213399.20;213406.32;36;0
2026.08.07 12:25:16;XAUUSD;5;1786059444;PROFIT_RATCHET_LOCKED;floor=2.81 peak=8.32;MANAGE_PROFIT;SAFE;1;1;1;-1;-1;4323.59;7.08;7.08;8.32;-1.48;KELLY_LITE;true;0.04;213399.20;0.0417;KELLY_LITE(mult=1.00 taper=1.00 n=20)+CONSEC_REDUCE(0.50)+HARD_RISK_CAP(2.0%)+MAXLOSS_CAP;213399.20;213406.28;36;0
2026.08.07 12:25:17;XAUUSD;5;1786059444;PROFIT_RATCHET_LOCKED;floor=2.81 peak=8.32;MANAGE_PROFIT;SAFE;1;1;1;-1;-1;4323.59;7.24;7.24;8.32;-1.48;KELLY_LITE;true;0.04;213399.20;0.0417;KELLY_LITE(mult=1.00 taper=1.00 n=20)+CONSEC_REDUCE(0.50)+HARD_RISK_CAP(2.0%)+MAXLOSS_CAP;213399.20;213406.44;36;0
2026.08.07 12:25:17;XAUUSD;5;1786059444;PROFIT_RATCHET_LOCKED;floor=2.81 peak=8.32;MANAGE_PROFIT;SAFE;1;1;1;-1;-1;4323.59;8.04;8.04;8.32;-1.48;KELLY_LITE;true;0.04;213399.20;0.0417;KELLY_LITE(mult=1.00 taper=1.00 n=20)+CONSEC_REDUCE(0.50)+HARD_RISK_CAP(2.0%)+MAXLOSS_CAP;213399.20;213407.24;36;0
2026.08.07 12:25:18;XAUUSD;5;1786059444;PROFIT_RATCHET_LOCKED;floor=2.81 peak=8.32;MANAGE_PROFIT;SAFE;1;1;1;-1;-1;4323.59;8.16;8.16;8.32;-1.48;KELLY_LITE;true;0.04;213399.20;0.0417;KELLY_LITE(mult=1.00 taper=1.00 n=20)+CONSEC_REDUCE(0.50)+HARD_RISK_CAP(2.0%)+MAXLOSS_CAP;213399.20;213407.36;36;0
2026.08.07 12:25:18;XAUUSD;5;1786059444;PROFIT_RATCHET_LOCKED;floor=2.81 peak=8.32;MANAGE_PROFIT;SAFE;1;1;1;-1;-1;4323.59;7.04;7.04;8.32;-1.48;KELLY_LITE;true;0.04;213399.20;0.0417;KELLY_LITE(mult=1.00 taper=1.00 n=20)+CONSEC_REDUCE(0.50)+HARD_RISK_CAP(2.0%)+MAXLOSS_CAP;213399.20;213406.24;37;0
2026.08.07 12:25:19;XAUUSD;5;1786059444;PROFIT_RATCHET_LOCKED;floor=2.81 peak=8.32;MANAGE_PROFIT;SAFE;1;1;1;-1;-1;4323.59;7.04;7.04;8.32;-1.48;KELLY_LITE;true;0.04;213399.20;0.0417;KELLY_LITE(mult=1.00 taper=1.00 n=20)+CONSEC_REDUCE(0.50)+HARD_RISK_CAP(2.0%)+MAXLOSS_CAP;213399.20;213406.24;36;0
2026.08.07 12:25:19;XAUUSD;5;1786059444;PROFIT_RATCHET_LOCKED;floor=2.81 peak=8.32;MANAGE_PROFIT;SAFE;1;1;1;-1;-1;4323.59;7.36;7.36;8.32;-1.48;KELLY_LITE;true;0.04;213399.20;0.0417;KELLY_LITE(mult=1.00 taper=1.00 n=20)+CONSEC_REDUCE(0.50)+HARD_RISK_CAP(2.0%)+MAXLOSS_CAP;213399.20;213406.56;36;0
2026.08.07 12:25:19;XAUUSD;5;1786059444;PROFIT_RATCHET_LOCKED;floor=2.81 peak=8.32;MANAGE_PROFIT;SAFE;1;1;1;-1;-1;4323.59;7.44;7.44;8.32;-1.48;KELLY_LITE;true;0.04;213399.20;0.0417;KELLY_LITE(mult=1.00 taper=1.00 n=20)+CONSEC_REDUCE(0.50)+HARD_RISK_CAP(2.0%)+MAXLOSS_CAP;213399.20;213406.64;36;0
2026.08.07 12:25:19;XAUUSD;5;1786059444;PROFIT_RATCHET_LOCKED;floor=2.81 peak=8.32;MANAGE_PROFIT;SAFE;1;1;1;-1;-1;4323.59;7.48;7.48;8.32;-1.48;KELLY_LITE;true;0.04;213399.20;0.0417;KELLY_LITE(mult=1.00 taper=1.00 n=20)+CONSEC_REDUCE(0.50)+HARD_RISK_CAP(2.0%)+MAXLOSS_CAP;213399.20;213406.68;35;0
2026.08.07 12:25:20;XAUUSD;5;1786059444;PROFIT_RATCHET_LOCKED;floor=2.81 peak=8.32;MANAGE_PROFIT;SAFE;1;1;1;-1;-1;4323.59;7.44;7.44;8.32;-1.48;KELLY_LITE;true;0.04;213399.20;0.0417;KELLY_LITE(mult=1.00 taper=1.00 n=20)+CONSEC_REDUCE(0.50)+HARD_RISK_CAP(2.0%)+MAXLOSS_CAP;213399.20;213406.64;36;0
2026.08.07 12:25:21;XAUUSD;5;1786059444;PROFIT_RATCHET_LOCKED;floor=2.81 peak=8.32;MANAGE_PROFIT;SAFE;1;1;1;-1;-1;4323.59;7.40;7.40;8.32;-1.48;KELLY_LITE;true;0.04;213399.20;0.0417;KELLY_LITE(mult=1.00 taper=1.00 n=20)+CONSEC_REDUCE(0.50)+HARD_RISK_CAP(2.0%)+MAXLOSS_CAP;213399.20;213406.60;36;0
2026.08.07 12:25:21;XAUUSD;5;1786059444;PROFIT_RATCHET_LOCKED;floor=2.81 peak=8.32;MANAGE_PROFIT;SAFE;1;1;1;-1;-1;4323.59;8.04;8.04;8.32;-1.48;KELLY_LITE;true;0.04;213399.20;0.0417;KELLY_LITE(mult=1.00 taper=1.00 n=20)+CONSEC_REDUCE(0.50)+HARD_RISK_CAP(2.0%)+MAXLOSS_CAP;213399.20;213407.24;36;0
2026.08.07 12:25:21;XAUUSD;5;1786059444;PROFIT_RATCHET_LOCKED;floor=2.81 peak=8.32;MANAGE_PROFIT;SAFE;1;1;1;-1;-1;4323.59;8.12;8.12;8.32;-1.48;KELLY_LITE;true;0.04;213399.20;0.0417;KELLY_LITE(mult=1.00 taper=1.00 n=20)+CONSEC_REDUCE(0.50)+HARD_RISK_CAP(2.0%)+MAXLOSS_CAP;213399.20;213407.32;36;0
2026.08.07 12:25:22;XAUUSD;5;1786059444;PROFIT_RATCHET_LOCKED;floor=2.81 peak=8.32;MANAGE_PROFIT;SAFE;1;1;1;-1;-1;4323.59;7.76;7.76;8.32;-1.48;KELLY_LITE;true;0.04;213399.20;0.0417;KELLY_LITE(mult=1.00 taper=1.00 n=20)+CONSEC_REDUCE(0.50)+HARD_RISK_CAP(2.0%)+MAXLOSS_CAP;213399.20;213406.96;36;0
2026.08.07 12:25:22;XAUUSD;5;1786059444;PROFIT_RATCHET_LOCKED;floor=2.81 peak=8.32;MANAGE_PROFIT;SAFE;1;1;1;-1;-1;4323.59;7.48;7.48;8.32;-1.48;KELLY_LITE;true;0.04;213399.20;0.0417;KELLY_LITE(mult=1.00 taper=1.00 n=20)+CONSEC_REDUCE(0.50)+HARD_RISK_CAP(2.0%)+MAXLOSS_CAP;213399.20;213406.68;35;0
2026.08.07 12:25:22;XAUUSD;5;1786059444;PROFIT_RATCHET_LOCKED;floor=2.81 peak=8.32;MANAGE_PROFIT;SAFE;1;1;1;-1;-1;4323.59;7.48;7.48;8.32;-1.48;KELLY_LITE;true;0.04;213399.20;0.0417;KELLY_LITE(mult=1.00 taper=1.00 n=20)+CONSEC_REDUCE(0.50)+HARD_RISK_CAP(2.0%)+MAXLOSS_CAP;213399.20;213406.68;36;0
2026.08.07 12:25:22;XAUUSD;5;1786059444;PROFIT_RATCHET_LOCKED;floor=2.81 peak=8.32;MANAGE_PROFIT;SAFE;1;1;1;-1;-1;4323.59;7.44;7.44;8.32;-1.48;KELLY_LITE;true;0.04;213399.20;0.0417;KELLY_LITE(mult=1.00 taper=1.00 n=20)+CONSEC_REDUCE(0.50)+HARD_RISK_CAP(2.0%)+MAXLOSS_CAP;213399.20;213406.64;36;0
2026.08.07 12:25:22;XAUUSD;5;1786059444;PROFIT_RATCHET_LOCKED;floor=2.81 peak=8.32;MANAGE_PROFIT;SAFE;1;1;1;-1;-1;4323.59;7.40;7.40;8.32;-1.48;KELLY_LITE;true;0.04;213399.20;0.0417;KELLY_LITE(mult=1.00 taper=1.00 n=20)+CONSEC_REDUCE(0.50)+HARD_RISK_CAP(2.0%)+MAXLOSS_CAP;213399.20;213406.60;36;0
2026.08.07 12:25:23;XAUUSD;5;1786059444;PROFIT_RATCHET_LOCKED;floor=2.81 peak=8.32;MANAGE_PROFIT;SAFE;1;1;1;-1;-1;4323.59;7.64;7.64;8.32;-1.48;KELLY_LITE;true;0.04;213399.20;0.0417;KELLY_LITE(mult=1.00 taper=1.00 n=20)+CONSEC_REDUCE(0.50)+HARD_RISK_CAP(2.0%)+MAXLOSS_CAP;213399.20;213406.84;36;0
2026.08.07 12:25:23;XAUUSD;5;1786059444;PROFIT_RATCHET_LOCKED;floor=2.81 peak=8.32;MANAGE_PROFIT;SAFE;1;1;1;-1;-1;4323.59;7.60;7.60;8.32;-1.48;KELLY_LITE;true;0.04;213399.20;0.0417;KELLY_LITE(mult=1.00 taper=1.00 n=20)+CONSEC_REDUCE(0.50)+HARD_RISK_CAP(2.0%)+MAXLOSS_CAP;213399.20;213406.80;36;0
2026.08.07 12:25:23;XAUUSD;5;1786059444;PROFIT_RATCHET_LOCKED;floor=2.81 peak=8.32;MANAGE_PROFIT;SAFE;1;1;1;-1;-1;4323.59;7.64;7.64;8.32;-1.48;KELLY_LITE;true;0.04;213399.20;0.0417;KELLY_LITE(mult=1.00 taper=1.00 n=20)+CONSEC_REDUCE(0.50)+HARD_RISK_CAP(2.0%)+MAXLOSS_CAP;213399.20;213406.84;36;0
2026.08.07 12:25:24;XAUUSD;5;1786059444;PROFIT_RATCHET_LOCKED;floor=2.81 peak=8.32;MANAGE_PROFIT;SAFE;1;1;1;-1;-1;4323.59;7.60;7.60;8.32;-1.48;KELLY_LITE;true;0.04;213399.20;0.0417;KELLY_LITE(mult=1.00 taper=1.00 n=20)+CONSEC_REDUCE(0.50)+HARD_RISK_CAP(2.0%)+MAXLOSS_CAP;213399.20;213406.80;36;0
2026.08.07 12:25:24;XAUUSD;5;1786059444;PROFIT_RATCHET_LOCKED;floor=2.81 peak=8.32;MANAGE_PROFIT;SAFE;1;1;1;-1;-1;4323.59;7.52;7.52;8.32;-1.48;KELLY_LITE;true;0.04;213399.20;0.0417;KELLY_LITE(mult=1.00 taper=1.00 n=20)+CONSEC_REDUCE(0.50)+HARD_RISK_CAP(2.0%)+MAXLOSS_CAP;213399.20;213406.72;36;0
2026.08.07 12:25:25;XAUUSD;5;1786059444;PROFIT_RATCHET_LOCKED;floor=2.81 peak=8.32;MANAGE_PROFIT;SAFE;1;1;1;-1;-1;4323.59;7.40;7.40;8.32;-1.48;KELLY_LITE;true;0.04;213399.20;0.0417;KELLY_LITE(mult=1.00 taper=1.00 n=20)+CONSEC_REDUCE(0.50)+HARD_RISK_CAP(2.0%)+MAXLOSS_CAP;213399.20;213406.60;33;0
2026.08.07 12:25:25;XAUUSD;5;1786059444;PROFIT_RATCHET_LOCKED;floor=2.81 peak=8.32;MANAGE_PROFIT;SAFE;1;1;1;-1;-1;4323.59;7.12;7.12;8.32;-1.48;KELLY_LITE;true;0.04;213399.20;0.0417;KELLY_LITE(mult=1.00 taper=1.00 n=20)+CONSEC_REDUCE(0.50)+HARD_RISK_CAP(2.0%)+MAXLOSS_CAP;213399.20;213406.32;36;0
2026.08.07 12:25:26;XAUUSD;5;1786059444;PROFIT_RATCHET_LOCKED;floor=2.81 peak=8.32;MANAGE_PROFIT;SAFE;1;1;1;-1;-1;4323.59;7.32;7.32;8.32;-1.48;KELLY_LITE;true;0.04;213399.20;0.0417;KELLY_LITE(mult=1.00 taper=1.00 n=20)+CONSEC_REDUCE(0.50)+HARD_RISK_CAP(2.0%)+MAXLOSS_CAP;213399.20;213406.52;36;0
2026.08.07 12:25:26;XAUUSD;5;1786059444;PROFIT_RATCHET_LOCKED;floor=2.81 peak=8.32;MANAGE_PROFIT;SAFE;1;1;1;-1;-1;4323.59;7.24;7.24;8.32;-1.48;KELLY_LITE;true;0.04;213399.20;0.0417;KELLY_LITE(mult=1.00 taper=1.00 n=20)+CONSEC_REDUCE(0.50)+HARD_RISK_CAP(2.0%)+MAXLOSS_CAP;213399.20;213406.44;36;0
2026.08.07 12:25:27;XAUUSD;5;1786059444;PROFIT_RATCHET_LOCKED;floor=2.81 peak=8.32;MANAGE_PROFIT;SAFE;1;1;1;-1;-1;4323.59;7.20;7.20;8.32;-1.48;KELLY_LITE;true;0.04;213399.20;0.0417;KELLY_LITE(mult=1.00 taper=1.00 n=20)+CONSEC_REDUCE(0.50)+HARD_RISK_CAP(2.0%)+MAXLOSS_CAP;213399.20;213406.40;36;0
2026.08.07 12:25:28;XAUUSD;5;1786059444;PROFIT_RATCHET_LOCKED;floor=2.81 peak=8.32;MANAGE_PROFIT;SAFE;1;1;1;-1;-1;4323.59;7.16;7.16;8.32;-1.48;KELLY_LITE;true;0.04;213399.20;0.0417;KELLY_LITE(mult=1.00 taper=1.00 n=20)+CONSEC_REDUCE(0.50)+HARD_RISK_CAP(2.0%)+MAXLOSS_CAP;213399.20;213406.36;36;0
2026.08.07 12:25:28;XAUUSD;5;1786059444;PROFIT_RATCHET_LOCKED;floor=2.81 peak=8.32;MANAGE_PROFIT;SAFE;1;1;1;-1;-1;4323.59;7.24;7.24;8.32;-1.48;KELLY_LITE;true;0.04;213399.20;0.0417;KELLY_LITE(mult=1.00 taper=1.00 n=20)+CONSEC_REDUCE(0.50)+HARD_RISK_CAP(2.0%)+MAXLOSS_CAP;213399.20;213406.44;36;0
2026.08.07 12:25:28;XAUUSD;5;1786059444;PROFIT_RATCHET_LOCKED;floor=2.81 peak=8.32;MANAGE_PROFIT;SAFE;1;1;1;-1;-1;4323.59;7.16;7.16;8.32;-1.48;KELLY_LITE;true;0.04;213399.20;0.0417;KELLY_LITE(mult=1.00 taper=1.00 n=20)+CONSEC_REDUCE(0.50)+HARD_RISK_CAP(2.0%)+MAXLOSS_CAP;213399.20;213406.36;36;0
2026.08.07 12:25:28;XAUUSD;5;1786059444;PROFIT_RATCHET_LOCKED;floor=2.81 peak=8.32;MANAGE_PROFIT;SAFE;1;1;1;-1;-1;4323.59;7.08;7.08;8.32;-1.48;KELLY_LITE;true;0.04;213399.20;0.0417;KELLY_LITE(mult=1.00 taper=1.00 n=20)+CONSEC_REDUCE(0.50)+HARD_RISK_CAP(2.0%)+MAXLOSS_CAP;213399.20;213406.28;36;0
2026.08.07 12:25:30;XAUUSD;5;1786059444;PROFIT_RATCHET_LOCKED;floor=2.81 peak=8.32;MANAGE_PROFIT;SAFE;1;1;1;-1;-1;4323.59;6.28;6.28;8.32;-1.48;KELLY_LITE;true;0.04;213399.20;0.0417;KELLY_LITE(mult=1.00 taper=1.00 n=20)+CONSEC_REDUCE(0.50)+HARD_RISK_CAP(2.0%)+MAXLOSS_CAP;213399.20;213405.48;36;0
2026.08.07 12:25:30;XAUUSD;5;1786059444;PROFIT_RATCHET_LOCKED;floor=2.81 peak=8.32;MANAGE_PROFIT;SAFE;1;1;1;-1;-1;4323.59;6.20;6.20;8.32;-1.48;KELLY_LITE;true;0.04;213399.20;0.0417;KELLY_LITE(mult=1.00 taper=1.00 n=20)+CONSEC_REDUCE(0.50)+HARD_RISK_CAP(2.0%)+MAXLOSS_CAP;213399.20;213405.40;36;0
2026.08.07 12:25:31;XAUUSD;5;1786059444;PROFIT_RATCHET_LOCKED;floor=2.81 peak=8.32;MANAGE_PROFIT;SAFE;1;1;1;-1;-1;4323.59;6.32;6.32;8.32;-1.48;KELLY_LITE;true;0.04;213399.20;0.0417;KELLY_LITE(mult=1.00 taper=1.00 n=20)+CONSEC_REDUCE(0.50)+HARD_RISK_CAP(2.0%)+MAXLOSS_CAP;213399.20;213405.52;36;0
2026.08.07 12:25:31;XAUUSD;5;1786059444;PROFIT_RATCHET_LOCKED;floor=2.81 peak=8.32;MANAGE_PROFIT;SAFE;1;1;1;-1;-1;4323.59;6.28;6.28;8.32;-1.48;KELLY_LITE;true;0.04;213399.20;0.0417;KELLY_LITE(mult=1.00 taper=1.00 n=20)+CONSEC_REDUCE(0.50)+HARD_RISK_CAP(2.0%)+MAXLOSS_CAP;213399.20;213405.48;36;0
2026.08.07 12:25:31;XAUUSD;5;1786059444;PROFIT_RATCHET_LOCKED;floor=2.81 peak=8.32;MANAGE_PROFIT;SAFE;1;1;1;-1;-1;4323.59;6.68;6.68;8.32;-1.48;KELLY_LITE;true;0.04;213399.20;0.0417;KELLY_LITE(mult=1.00 taper=1.00 n=20)+CONSEC_REDUCE(0.50)+HARD_RISK_CAP(2.0%)+MAXLOSS_CAP;213399.20;213405.88;36;0
2026.08.07 12:25:31;XAUUSD;5;1786059444;PROFIT_RATCHET_LOCKED;floor=2.81 peak=8.32;MANAGE_PROFIT;SAFE;1;1;1;-1;-1;4323.59;6.48;6.48;8.32;-1.48;KELLY_LITE;true;0.04;213399.20;0.0417;KELLY_LITE(mult=1.00 taper=1.00 n=20)+CONSEC_REDUCE(0.50)+HARD_RISK_CAP(2.0%)+MAXLOSS_CAP;213399.20;213405.68;36;0
2026.08.07 12:25:32;XAUUSD;5;1786059444;PROFIT_RATCHET_LOCKED;floor=2.81 peak=8.32;MANAGE_PROFIT;SAFE;1;1;1;-1;-1;4323.59;6.72;6.72;8.32;-1.48;KELLY_LITE;true;0.04;213399.20;0.0417;KELLY_LITE(mult=1.00 taper=1.00 n=20)+CONSEC_REDUCE(0.50)+HARD_RISK_CAP(2.0%)+MAXLOSS_CAP;213399.20;213405.92;33;0
2026.08.07 12:25:32;XAUUSD;5;1786059444;PROFIT_RATCHET_LOCKED;floor=2.81 peak=8.32;MANAGE_PROFIT;SAFE;1;1;1;-1;-1;4323.59;6.40;6.40;8.32;-1.48;KELLY_LITE;true;0.04;213399.20;0.0417;KELLY_LITE(mult=1.00 taper=1.00 n=20)+CONSEC_REDUCE(0.50)+HARD_RISK_CAP(2.0%)+MAXLOSS_CAP;213399.20;213405.60;33;0
2026.08.07 12:25:32;XAUUSD;5;1786059444;PROFIT_RATCHET_LOCKED;floor=2.81 peak=8.32;MANAGE_PROFIT;SAFE;1;1;1;-1;-1;4323.59;7.00;7.00;8.32;-1.48;KELLY_LITE;true;0.04;213399.20;0.0417;KELLY_LITE(mult=1.00 taper=1.00 n=20)+CONSEC_REDUCE(0.50)+HARD_RISK_CAP(2.0%)+MAXLOSS_CAP;213399.20;213406.20;33;0
2026.08.07 12:25:32;XAUUSD;5;1786059444;PROFIT_RATCHET_LOCKED;floor=2.81 peak=8.32;MANAGE_PROFIT;SAFE;1;1;1;-1;-1;4323.59;6.92;6.92;8.32;-1.48;KELLY_LITE;true;0.04;213399.20;0.0417;KELLY_LITE(mult=1.00 taper=1.00 n=20)+CONSEC_REDUCE(0.50)+HARD_RISK_CAP(2.0%)+MAXLOSS_CAP;213399.20;213406.12;35;0
2026.08.07 12:25:32;XAUUSD;5;1786059444;PROFIT_RATCHET_LOCKED;floor=2.81 peak=8.32;MANAGE_PROFIT;SAFE;1;1;1;-1;-1;4323.59;6.96;6.96;8.32;-1.48;KELLY_LITE;true;0.04;213399.20;0.0417;KELLY_LITE(mult=1.00 taper=1.00 n=20)+CONSEC_REDUCE(0.50)+HARD_RISK_CAP(2.0%)+MAXLOSS_CAP;213399.20;213406.16;34;0
2026.08.07 12:25:33;XAUUSD;5;1786059444;PROFIT_RATCHET_LOCKED;floor=2.81 peak=8.32;MANAGE_PROFIT;SAFE;1;1;1;-1;-1;4323.59;6.84;6.84;8.32;-1.48;KELLY_LITE;true;0.04;213399.20;0.0417;KELLY_LITE(mult=1.00 taper=1.00 n=20)+CONSEC_REDUCE(0.50)+HARD_RISK_CAP(2.0%)+MAXLOSS_CAP;213399.20;213406.04;33;0
2026.08.07 12:25:33;XAUUSD;5;1786059444;PROFIT_RATCHET_LOCKED;floor=2.81 peak=8.32;MANAGE_PROFIT;SAFE;1;1;1;-1;-1;4323.59;7.40;7.40;8.32;-1.48;KELLY_LITE;true;0.04;213399.20;0.0417;KELLY_LITE(mult=1.00 taper=1.00 n=20)+CONSEC_REDUCE(0.50)+HARD_RISK_CAP(2.0%)+MAXLOSS_CAP;213399.20;213406.60;33;0
2026.08.07 12:25:33;XAUUSD;5;1786059444;PROFIT_RATCHET_LOCKED;floor=2.81 peak=8.32;MANAGE_PROFIT;SAFE;1;1;1;-1;-1;4323.59;7.24;7.24;8.32;-1.48;KELLY_LITE;true;0.04;213399.20;0.0417;KELLY_LITE(mult=1.00 taper=1.00 n=20)+CONSEC_REDUCE(0.50)+HARD_RISK_CAP(2.0%)+MAXLOSS_CAP;213399.20;213406.44;33;0
2026.08.07 12:25:33;XAUUSD;5;1786059444;PROFIT_RATCHET_LOCKED;floor=2.81 peak=8.32;MANAGE_PROFIT;SAFE;1;1;1;-1;-1;4323.59;6.88;6.88;8.32;-1.48;KELLY_LITE;true;0.04;213399.20;0.0417;KELLY_LITE(mult=1.00 taper=1.00 n=20)+CONSEC_REDUCE(0.50)+HARD_RISK_CAP(2.0%)+MAXLOSS_CAP;213399.20;213406.08;35;0
2026.08.07 12:25:34;XAUUSD;5;1786059444;PROFIT_RATCHET_LOCKED;floor=2.81 peak=8.32;MANAGE_PROFIT;SAFE;1;1;1;-1;-1;4323.59;6.96;6.96;8.32;-1.48;KELLY_LITE;true;0.04;213399.20;0.0417;KELLY_LITE(mult=1.00 taper=1.00 n=20)+CONSEC_REDUCE(0.50)+HARD_RISK_CAP(2.0%)+MAXLOSS_CAP;213399.20;213406.16;33;0
2026.08.07 12:25:34;XAUUSD;5;1786059444;PROFIT_RATCHET_LOCKED;floor=2.81 peak=8.32;MANAGE_PROFIT;SAFE;1;1;1;-1;-1;4323.59;6.88;6.88;8.32;-1.48;KELLY_LITE;true;0.04;213399.20;0.0417;KELLY_LITE(mult=1.00 taper=1.00 n=20)+CONSEC_REDUCE(0.50)+HARD_RISK_CAP(2.0%)+MAXLOSS_CAP;213399.20;213406.08;35;0
2026.08.07 12:25:34;XAUUSD;5;1786059444;PROFIT_RATCHET_LOCKED;floor=2.81 peak=8.32;MANAGE_PROFIT;SAFE;1;1;1;-1;-1;4323.59;7.04;7.04;8.32;-1.48;KELLY_LITE;true;0.04;213399.20;0.0417;KELLY_LITE(mult=1.00 taper=1.00 n=20)+CONSEC_REDUCE(0.50)+HARD_RISK_CAP(2.0%)+MAXLOSS_CAP;213399.20;213406.24;33;0
2026.08.07 12:25:34;XAUUSD;5;1786059444;PROFIT_RATCHET_LOCKED;floor=2.81 peak=8.32;MANAGE_PROFIT;SAFE;1;1;1;-1;-1;4323.59;6.04;6.04;8.32;-1.48;KELLY_LITE;true;0.04;213399.20;0.0417;KELLY_LITE(mult=1.00 taper=1.00 n=20)+CONSEC_REDUCE(0.50)+HARD_RISK_CAP(2.0%)+MAXLOSS_CAP;213399.20;213405.24;34;0
2026.08.07 12:25:35;XAUUSD;5;1786059444;RECONCILED_BROKER_CLOSE;ticket=118189416 type=main pnl=6.16;MANAGE_PROFIT;SAFE;0;1;1;-1;-1;4323.59;0.00;0.00;8.32;-1.48;KELLY_LITE;true;0.04;213399.20;0.0417;KELLY_LITE(mult=1.00 taper=1.00 n=20)+CONSEC_REDUCE(0.50)+HARD_RISK_CAP(2.0%)+MAXLOSS_CAP;213405.36;213405.36;34;0
2026.08.07 12:38:00;XAUUSD;5;1786059444;REVERSAL_CHASER_TRIGGERED_FLIP;newDir=BEAR ticket=118189417 entry=4321.91 lot=0.03;MANAGE_PROFIT;SAFE;1;0;1;-1;-1;4323.59;-0.90;-0.90;8.32;-1.48;KELLY_LITE;true;0.04;213399.20;0.0417;KELLY_LITE(mult=1.00 taper=1.00 n=20)+CONSEC_REDUCE(0.50)+HARD_RISK_CAP(2.0%)+MAXLOSS_CAP;213405.36;213404.46;36;0
2026.08.07 12:38:00;XAUUSD;5;1786059444;CYCLE_RESET;oldState=MANAGE_PROFIT realizedPnL=6.16 peak=8.32 worst=-1.48 pyramid=1 consLosses=0 reason=chaser_flip;MANAGE_PROFIT;SAFE;1;0;1;-1;-1;4323.59;-0.90;-0.90;8.32;-1.48;KELLY_LITE;true;0.04;213399.20;0.0417;KELLY_LITE(mult=1.00 taper=1.00 n=20)+CONSEC_REDUCE(0.50)+HARD_RISK_CAP(2.0%)+MAXLOSS_CAP;213405.36;213404.46;36;0
2026.08.07 12:54:40;XAUUSD;5;1786059445;EXIT_TIME_LOSS;held=16 profit=-15.00;MANAGE_PROFIT;SAFE;1;0;1;-1;-1;4321.91;-15.00;-15.00;2.31;-15.00;KELLY_LITE;true;0.04;213399.20;0.0417;KELLY_LITE(mult=1.00 taper=1.00 n=20)+CONSEC_REDUCE(0.50)+HARD_RISK_CAP(2.0%)+MAXLOSS_CAP;213405.36;213390.36;36;0
2026.08.07 12:54:40;XAUUSD;5;1786059445;POSITION_CLOSED;ticket=118189417 reason=time_loss_exit lots=0.03 price=4326.91 pnl=-15.00;MANAGE_PROFIT;SAFE;0;0;1;-1;-1;4321.91;0.00;0.00;2.31;-15.00;KELLY_LITE;true;0.04;213399.20;0.0417;KELLY_LITE(mult=1.00 taper=1.00 n=20)+CONSEC_REDUCE(0.50)+HARD_RISK_CAP(2.0%)+MAXLOSS_CAP;213390.63;213390.63;36;0
2026.08.07 12:54:40;XAUUSD;5;1786059445;CYCLE_RESET;oldState=RESET realizedPnL=-14.73 peak=2.31 worst=-15.00 pyramid=0 consLosses=1;RESET;SAFE;0;0;0;-1;-1;4321.91;0.00;0.00;2.31;-15.00;KELLY_LITE;true;0.04;213399.20;0.0417;KELLY_LITE(mult=1.00 taper=1.00 n=20)+CONSEC_REDUCE(0.50)+HARD_RISK_CAP(2.0%)+MAXLOSS_CAP;213390.63;213390.63;36;0
2026.08.07 12:59:40;XAUUSD;5;1786059446;PLACE_PENDING_START;cycle=1786059446 trend=1 consecLosses=1 preset=AGGRESSIVE;PLACE_PENDING;SAFE;0;0;0;-1;-1;0.00;0.00;0.00;0.00;0.00;KELLY_LITE;true;0.04;213399.20;0.0417;KELLY_LITE(mult=1.00 taper=1.00 n=20)+CONSEC_REDUCE(0.50)+HARD_RISK_CAP(2.0%)+MAXLOSS_CAP;213390.63;213390.63;36;0
2026.08.07 12:59:40;XAUUSD;5;1786059446;DIR_OCO_PLACED;dir=BULL ticket=118192872 price=4324.83 sl=4309.83 tp=4347.33 lot=0.04 dist=1.73;PLACE_PENDING;SAFE;0;1;0;118192872;-1;0.00;0.00;0.00;0.00;0.00;KELLY_LITE;true;0.04;213390.63;0.0417;KELLY_LITE(mult=0.90 taper=1.00 n=20)+HARD_RISK_CAP(2.0%)+MAXLOSS_CAP;213390.63;213390.63;36;0
2026.08.07 12:59:41;XAUUSD;5;1786059446;DIR_OCO_COUNTER_PLACED;dir=BEAR(counter) ticket=118192873 price=4321.02 lot=0.03;PLACE_PENDING;SAFE;0;2;0;118192872;118192873;0.00;0.00;0.00;0.00;0.00;KELLY_LITE;true;0.04;213390.63;0.0417;KELLY_LITE(mult=0.90 taper=1.00 n=20)+HARD_RISK_CAP(2.0%)+MAXLOSS_CAP;213390.63;213390.63;36;0
2026.08.07 12:59:49;XAUUSD;5;1786059446;BUY_STOP_TRAILED;Old=4324.83 New=4324.52;WAIT_TRIGGER;SAFE;0;2;0;118192872;118192873;0.00;0.00;0.00;0.00;0.00;KELLY_LITE;true;0.04;213390.63;0.0417;KELLY_LITE(mult=0.90 taper=1.00 n=20)+HARD_RISK_CAP(2.0%)+MAXLOSS_CAP;213390.63;213390.63;36;0
2026.08.07 12:59:50;XAUUSD;5;1786059446;BUY_STOP_TRAILED;Old=4324.52 New=4323.90;WAIT_TRIGGER;SAFE;0;2;0;118192872;118192873;0.00;0.00;0.00;0.00;0.00;KELLY_LITE;true;0.04;213390.63;0.0417;KELLY_LITE(mult=0.90 taper=1.00 n=20)+HARD_RISK_CAP(2.0%)+MAXLOSS_CAP;213390.63;213390.63;34;0
2026.08.07 12:59:51;XAUUSD;5;1786059446;BUY_STOP_TRAILED;Old=4323.90 New=4323.45;WAIT_TRIGGER;SAFE;0;2;0;118192872;118192873;0.00;0.00;0.00;0.00;0.00;KELLY_LITE;true;0.04;213390.63;0.0417;KELLY_LITE(mult=0.90 taper=1.00 n=20)+HARD_RISK_CAP(2.0%)+MAXLOSS_CAP;213390.63;213390.63;36;0
2026.08.07 12:59:56;XAUUSD;5;1786059446;BUY_STOP_TRAILED;Old=4323.45 New=4322.96;WAIT_TRIGGER;SAFE;1;1;0;118192872;118192873;0.00;-0.36;-0.36;0.00;0.00;KELLY_LITE;true;0.04;213390.63;0.0417;KELLY_LITE(mult=0.90 taper=1.00 n=20)+HARD_RISK_CAP(2.0%)+MAXLOSS_CAP;213390.63;213390.27;36;0
2026.08.07 12:59:56;XAUUSD;5;1786059446;OCO_TRIGGERED_SELL;ticket=118192873 entry=4321.02;POSITION_ACTIVE;SAFE;1;1;0;118192872;-1;0.00;-0.36;-0.36;0.00;0.00;KELLY_LITE;true;0.04;213390.63;0.0417;KELLY_LITE(mult=0.90 taper=1.00 n=20)+HARD_RISK_CAP(2.0%)+MAXLOSS_CAP;213390.63;213390.27;36;0
2026.08.07 12:59:56;XAUUSD;5;1786059446;OPPOSITE_TRAIL_ARMED;opposite_ticket=118192872 will trail price;POSITION_ACTIVE;SAFE;1;1;0;118192872;-1;0.00;-0.36;-0.36;0.00;0.00;KELLY_LITE;true;0.04;213390.63;0.0417;KELLY_LITE(mult=0.90 taper=1.00 n=20)+HARD_RISK_CAP(2.0%)+MAXLOSS_CAP;213390.63;213390.27;36;0
2026.08.07 13:00:05;XAUUSD;5;1786059446;OPPOSITE_PENDING_TRAILED;BUY_STOP trailed DOWN: ticket=118192872 old=4322.96 new=4322.59 dist=2.53;MANAGE_PROFIT;SAFE;1;1;1;-1;-1;4321.02;4.05;4.05;2.67;-1.68;KELLY_LITE;true;0.04;213390.63;0.0417;KELLY_LITE(mult=0.90 taper=1.00 n=20)+HARD_RISK_CAP(2.0%)+MAXLOSS_CAP;213390.63;213394.68;33;0
2026.08.07 13:00:06;XAUUSD;5;1786059446;OPPOSITE_PENDING_TRAILED;BUY_STOP trailed DOWN: ticket=118192872 old=4322.59 new=4322.22 dist=2.55;MANAGE_PROFIT;SAFE;1;1;1;-1;-1;4321.02;4.65;4.65;4.05;-1.68;KELLY_LITE;true;0.04;213390.63;0.0417;KELLY_LITE(mult=0.90 taper=1.00 n=20)+HARD_RISK_CAP(2.0%)+MAXLOSS_CAP;213390.63;213395.28;36;0
2026.08.07 13:00:37;XAUUSD;5;1786059446;REVERSAL_CHASER_TRIGGERED_FLIP;newDir=BULL ticket=118192872 entry=4322.22 lot=0.04;MANAGE_PROFIT;SAFE;2;0;1;-1;-1;4321.02;-4.88;-3.72;4.65;-3.33;KELLY_LITE;true;0.04;213390.63;0.0417;KELLY_LITE(mult=0.90 taper=1.00 n=20)+HARD_RISK_CAP(2.0%)+MAXLOSS_CAP;213390.63;213385.75;33;0
2026.08.07 13:00:37;XAUUSD;5;1786059446;POSITION_CLOSED;ticket=118192873 reason=reversal_chaser_flip lots=0.03 price=4322.26 pnl=-3.72;MANAGE_PROFIT;SAFE;1;0;1;-1;-1;4321.02;-1.00;-1.00;4.65;-3.33;KELLY_LITE;true;0.04;213390.63;0.0417;KELLY_LITE(mult=0.90 taper=1.00 n=20)+HARD_RISK_CAP(2.0%)+MAXLOSS_CAP;213386.70;213385.70;36;0
2026.08.07 13:00:37;XAUUSD;5;1786059446;CYCLE_RESET;oldState=MANAGE_PROFIT realizedPnL=-3.93 peak=4.65 worst=-3.33 pyramid=1 consLosses=2 reason=chaser_flip;MANAGE_PROFIT;SAFE;1;0;1;-1;-1;4321.02;-1.00;-1.00;4.65;-3.33;KELLY_LITE;true;0.04;213390.63;0.0417;KELLY_LITE(mult=0.90 taper=1.00 n=20)+HARD_RISK_CAP(2.0%)+MAXLOSS_CAP;213386.70;213385.70;36;0
2026.08.07 13:02:49;XAUUSD;5;1786059447;SL_MODIFIED;ticket=118192872 oldSL=4318.22 newSL=4323.70 reason=break_even_lock_leg_0;MANAGE_PROFIT;SAFE;1;0;1;-1;-1;4322.22;8.00;8.00;8.00;-5.20;KELLY_LITE;true;0.04;213390.63;0.0417;KELLY_LITE(mult=0.90 taper=1.00 n=20)+HARD_RISK_CAP(2.0%)+MAXLOSS_CAP;213386.70;213394.70;36;0
2026.08.07 13:02:49;XAUUSD;5;1786059447;PROFIT_RATCHET_LOCKED;floor=2.70 peak=8.00;MANAGE_PROFIT;SAFE;1;0;1;-1;-1;4322.22;8.00;8.00;8.00;-5.20;KELLY_LITE;true;0.04;213390.63;0.0417;KELLY_LITE(mult=0.90 taper=1.00 n=20)+HARD_RISK_CAP(2.0%)+MAXLOSS_CAP;213386.70;213394.70;36;0
2026.08.07 13:02:49;XAUUSD;5;1786059447;PROFIT_RATCHET_LOCKED;floor=2.70 peak=8.00;MANAGE_PROFIT;SAFE;1;0;1;-1;-1;4322.22;7.92;7.92;8.00;-5.20;KELLY_LITE;true;0.04;213390.63;0.0417;KELLY_LITE(mult=0.90 taper=1.00 n=20)+HARD_RISK_CAP(2.0%)+MAXLOSS_CAP;213386.70;213394.62;36;0
2026.08.07 13:02:49;XAUUSD;5;1786059447;PROFIT_RATCHET_LOCKED;floor=2.70 peak=8.00;MANAGE_PROFIT;SAFE;1;0;1;-1;-1;4322.22;6.84;6.84;8.00;-5.20;KELLY_LITE;true;0.04;213390.63;0.0417;KELLY_LITE(mult=0.90 taper=1.00 n=20)+HARD_RISK_CAP(2.0%)+MAXLOSS_CAP;213386.70;213393.54;37;0
2026.08.07 13:02:49;XAUUSD;5;1786059447;PROFIT_RATCHET_LOCKED;floor=2.70 peak=8.00;MANAGE_PROFIT;SAFE;1;0;1;-1;-1;4322.22;6.04;6.04;8.00;-5.20;KELLY_LITE;true;0.04;213390.63;0.0417;KELLY_LITE(mult=0.90 taper=1.00 n=20)+HARD_RISK_CAP(2.0%)+MAXLOSS_CAP;213386.70;213392.74;33;0
2026.08.07 13:02:49;XAUUSD;5;1786059447;RECONCILED_BROKER_CLOSE;ticket=118192872 type=main pnl=5.92;MANAGE_PROFIT;SAFE;0;0;1;-1;-1;4322.22;0.00;0.00;8.00;-5.20;KELLY_LITE;true;0.04;213390.63;0.0417;KELLY_LITE(mult=0.90 taper=1.00 n=20)+HARD_RISK_CAP(2.0%)+MAXLOSS_CAP;213392.62;213392.62;35;0
2026.08.07 13:02:49;XAUUSD;5;1786059447;CYCLE_RESET;oldState=MANAGE_PROFIT realizedPnL=1.99 peak=8.00 worst=-5.20 pyramid=1 consLosses=0;MANAGE_PROFIT;SAFE;0;0;1;-1;-1;4322.22;0.00;0.00;8.00;-5.20;KELLY_LITE;true;0.04;213390.63;0.0417;KELLY_LITE(mult=0.90 taper=1.00 n=20)+HARD_RISK_CAP(2.0%)+MAXLOSS_CAP;213392.62;213392.62;35;0
2026.08.07 13:07:49;XAUUSD;5;1786059447;FILTER_BLOCK_ADX_WEAK_MAIN;ADX_WEAK_MAIN (adx=18.4 min=20.0);BLOCKED;SAFE;0;0;0;-1;-1;0.00;0.00;0.00;0.00;0.00;KELLY_LITE;true;0.04;213390.63;0.0417;KELLY_LITE(mult=0.90 taper=1.00 n=20)+HARD_RISK_CAP(2.0%)+MAXLOSS_CAP;213392.62;213392.62;36;0
2026.08.07 13:12:49;XAUUSD;5;1786059447;FILTER_BLOCK_TREND_DISAGREE;TREND_DISAGREE (main=1 fast=-1 rsi=51.1, no extreme);BLOCKED;SAFE;0;0;0;-1;-1;0.00;0.00;0.00;0.00;0.00;KELLY_LITE;true;0.04;213390.63;0.0417;KELLY_LITE(mult=0.90 taper=1.00 n=20)+HARD_RISK_CAP(2.0%)+MAXLOSS_CAP;213392.62;213392.62;36;0
2026.08.07 13:17:49;XAUUSD;5;1786059447;FILTER_BLOCK_ADX_WEAK_MAIN;ADX_WEAK_MAIN (adx=19.5 min=20.0);BLOCKED;SAFE;0;0;0;-1;-1;0.00;0.00;0.00;0.00;0.00;KELLY_LITE;true;0.04;213390.63;0.0417;KELLY_LITE(mult=0.90 taper=1.00 n=20)+HARD_RISK_CAP(2.0%)+MAXLOSS_CAP;213392.62;213392.62;36;0
2026.08.07 13:22:49;XAUUSD;5;1786059448;PLACE_PENDING_START;cycle=1786059448 trend=1 consecLosses=0 preset=AGGRESSIVE;PLACE_PENDING;SAFE;0;0;0;-1;-1;0.00;0.00;0.00;0.00;0.00;KELLY_LITE;true;0.04;213390.63;0.0417;KELLY_LITE(mult=0.90 taper=1.00 n=20)+HARD_RISK_CAP(2.0%)+MAXLOSS_CAP;213392.62;213392.62;33;0
2026.08.07 13:22:49;XAUUSD;5;1786059448;DIR_OCO_PLACED;dir=BULL ticket=118195850 price=4314.76 sl=4299.76 tp=4337.26 lot=0.04 dist=1.92;PLACE_PENDING;SAFE;0;1;0;118195850;-1;0.00;0.00;0.00;0.00;0.00;KELLY_LITE;true;0.04;213392.62;0.0417;KELLY_LITE(mult=1.00 taper=1.00 n=20)+HARD_RISK_CAP(2.0%)+MAXLOSS_CAP;213392.62;213392.62;33;0
2026.08.07 13:22:50;XAUUSD;5;1786059448;DIR_OCO_COUNTER_PLACED;dir=BEAR(counter) ticket=118195851 price=4310.52 lot=0.03;PLACE_PENDING;SAFE;0;2;0;118195850;118195851;0.00;0.00;0.00;0.00;0.00;KELLY_LITE;true;0.04;213392.62;0.0417;KELLY_LITE(mult=1.00 taper=1.00 n=20)+HARD_RISK_CAP(2.0%)+MAXLOSS_CAP;213392.62;213392.62;33;0
2026.08.07 13:22:53;XAUUSD;5;1786059448;BUY_STOP_TRAILED;Old=4314.76 New=4314.43;WAIT_TRIGGER;SAFE;0;2;0;118195850;118195851;0.00;0.00;0.00;0.00;0.00;KELLY_LITE;true;0.04;213392.62;0.0417;KELLY_LITE(mult=1.00 taper=1.00 n=20)+HARD_RISK_CAP(2.0%)+MAXLOSS_CAP;213392.62;213392.62;33;0
2026.08.07 13:23:03;XAUUSD;5;1786059448;SELL_STOP_TRAILED;Old=4310.52 New=4310.98;WAIT_TRIGGER;SAFE;0;2;0;118195850;118195851;0.00;0.00;0.00;0.00;0.00;KELLY_LITE;true;0.04;213392.62;0.0417;KELLY_LITE(mult=1.00 taper=1.00 n=20)+HARD_RISK_CAP(2.0%)+MAXLOSS_CAP;213392.62;213392.62;36;0
2026.08.07 13:23:10;XAUUSD;5;1786059448;SELL_STOP_TRAILED;Old=4310.98 New=4311.39;WAIT_TRIGGER;SAFE;0;2;0;118195850;118195851;0.00;0.00;0.00;0.00;0.00;KELLY_LITE;true;0.04;213392.62;0.0417;KELLY_LITE(mult=1.00 taper=1.00 n=20)+HARD_RISK_CAP(2.0%)+MAXLOSS_CAP;213392.62;213392.62;36;0
2026.08.07 13:23:40;XAUUSD;5;1786059448;SELL_STOP_TRAILED;Old=4311.39 New=4311.71;WAIT_TRIGGER;SAFE;0;2;0;118195850;118195851;0.00;0.00;0.00;0.00;0.00;KELLY_LITE;true;0.04;213392.62;0.0417;KELLY_LITE(mult=1.00 taper=1.00 n=20)+HARD_RISK_CAP(2.0%)+MAXLOSS_CAP;213392.62;213392.62;36;0
2026.08.07 13:24:43;XAUUSD;5;1786059448;BUY_STOP_TRAILED;Old=4314.43 New=4314.12;WAIT_TRIGGER;SAFE;1;1;0;118195850;118195851;0.00;0.57;0.57;0.00;0.00;KELLY_LITE;true;0.04;213392.62;0.0417;KELLY_LITE(mult=1.00 taper=1.00 n=20)+HARD_RISK_CAP(2.0%)+MAXLOSS_CAP;213392.62;213393.19;37;0
2026.08.07 13:24:43;XAUUSD;5;1786059448;OCO_TRIGGERED_SELL;ticket=118195851 entry=4311.71;POSITION_ACTIVE;SAFE;1;1;0;118195850;-1;0.00;0.57;0.57;0.00;0.00;KELLY_LITE;true;0.04;213392.62;0.0417;KELLY_LITE(mult=1.00 taper=1.00 n=20)+HARD_RISK_CAP(2.0%)+MAXLOSS_CAP;213392.62;213393.19;37;0
2026.08.07 13:24:43;XAUUSD;5;1786059448;OPPOSITE_TRAIL_ARMED;opposite_ticket=118195850 will trail price;POSITION_ACTIVE;SAFE;1;1;0;118195850;-1;0.00;0.57;0.57;0.00;0.00;KELLY_LITE;true;0.04;213392.62;0.0417;KELLY_LITE(mult=1.00 taper=1.00 n=20)+HARD_RISK_CAP(2.0%)+MAXLOSS_CAP;213392.62;213393.19;37;0
2026.08.07 13:24:57;XAUUSD;5;1786059448;OPPOSITE_PENDING_TRAILED;BUY_STOP trailed DOWN: ticket=118195850 old=4314.12 new=4313.80 dist=2.95;MANAGE_PROFIT;SAFE;1;1;1;-1;-1;4311.71;2.58;2.58;1.71;-0.87;KELLY_LITE;true;0.04;213392.62;0.0417;KELLY_LITE(mult=1.00 taper=1.00 n=20)+HARD_RISK_CAP(2.0%)+MAXLOSS_CAP;213392.62;213395.20;36;0
2026.08.07 13:25:20;XAUUSD;5;1786059448;OPPOSITE_PENDING_TRAILED;BUY_STOP trailed DOWN: ticket=118195850 old=4313.80 new=4313.47 dist=2.85;MANAGE_PROFIT;SAFE;1;1;1;-1;-1;4311.71;3.30;3.30;2.97;-0.87;KELLY_LITE;true;0.04;213392.62;0.0417;KELLY_LITE(mult=1.00 taper=1.00 n=20)+HARD_RISK_CAP(2.0%)+MAXLOSS_CAP;213392.62;213395.92;36;0
2026.08.07 13:28:25;XAUUSD;5;1786059448;REVERSAL_CHASER_TRIGGERED_FLIP;newDir=BULL ticket=118195850 entry=4313.47 lot=0.04;MANAGE_PROFIT;SAFE;2;0;1;-1;-1;4311.71;-5.03;-6.75;3.75;-4.77;KELLY_LITE;true;0.04;213392.62;0.0417;KELLY_LITE(mult=1.00 taper=1.00 n=20)+HARD_RISK_CAP(2.0%)+MAXLOSS_CAP;213392.62;213387.59;52;0
2026.08.07 13:28:26;XAUUSD;5;1786059448;POSITION_CLOSED;ticket=118195851 reason=reversal_chaser_flip lots=0.03 price=4313.96 pnl=-6.75;MANAGE_PROFIT;SAFE;1;0;1;-1;-1;4311.71;1.68;1.68;3.75;-4.77;KELLY_LITE;true;0.04;213392.62;0.0417;KELLY_LITE(mult=1.00 taper=1.00 n=20)+HARD_RISK_CAP(2.0%)+MAXLOSS_CAP;213384.52;213386.20;52;0
2026.08.07 13:28:26;XAUUSD;5;1786059448;CYCLE_RESET;oldState=MANAGE_PROFIT realizedPnL=-8.10 peak=3.75 worst=-4.77 pyramid=1 consLosses=1 reason=chaser_flip;MANAGE_PROFIT;SAFE;1;0;1;-1;-1;4311.71;1.68;1.68;3.75;-4.77;KELLY_LITE;true;0.04;213392.62;0.0417;KELLY_LITE(mult=1.00 taper=1.00 n=20)+HARD_RISK_CAP(2.0%)+MAXLOSS_CAP;213384.52;213386.20;52;0
2026.08.07 13:29:46;XAUUSD;5;1786059449;EXIT_SOFT_SL_MOMENTUM;profit=-25.32 rsi=34.1 dir=1;MANAGE_PROFIT;WATCH;1;0;1;-1;-1;4313.47;-25.32;-25.32;7.52;-25.32;KELLY_LITE;true;0.04;213392.62;0.0417;KELLY_LITE(mult=1.00 taper=1.00 n=20)+HARD_RISK_CAP(2.0%)+MAXLOSS_CAP;213384.52;213359.20;88;0
2026.08.07 13:29:47;XAUUSD;5;1786059449;CYCLE_RESET;oldState=RESET realizedPnL=-24.10 peak=7.52 worst=-25.32 pyramid=0 consLosses=2;RESET;WATCH;0;0;0;-1;-1;4313.47;0.00;0.00;7.52;-25.32;KELLY_LITE;true;0.04;213392.62;0.0417;KELLY_LITE(mult=1.00 taper=1.00 n=20)+HARD_RISK_CAP(2.0%)+MAXLOSS_CAP;213368.52;213368.52;120;0
2026.08.07 13:34:47;XAUUSD;5;1786059450;PLACE_PENDING_START;cycle=1786059450 trend=1 consecLosses=2 preset=AGGRESSIVE;PLACE_PENDING;SAFE;0;0;0;-1;-1;0.00;0.00;0.00;0.00;0.00;KELLY_LITE;true;0.04;213392.62;0.0417;KELLY_LITE(mult=1.00 taper=1.00 n=20)+HARD_RISK_CAP(2.0%)+MAXLOSS_CAP;213368.52;213368.52;36;0
2026.08.07 13:34:47;XAUUSD;5;1786059450;DIR_OCO_PLACED;dir=BULL ticket=118201220 price=4365.16 sl=4350.16 tp=4387.66 lot=0.04 dist=3.62;PLACE_PENDING;SAFE;0;1;0;118201220;-1;0.00;0.00;0.00;0.00;0.00;KELLY_LITE;true;0.04;213368.52;0.0417;KELLY_LITE(mult=1.00 taper=1.00 n=20)+CONSEC_REDUCE(0.50)+HARD_RISK_CAP(2.0%)+MAXLOSS_CAP;213368.52;213368.52;33;0
2026.08.07 13:34:48;XAUUSD;5;1786059450;DIR_OCO_COUNTER_PLACED;dir=BEAR(counter) ticket=118201234 price=4357.86 lot=0.03;PLACE_PENDING;SAFE;0;2;0;118201220;118201234;0.00;0.00;0.00;0.00;0.00;KELLY_LITE;true;0.04;213368.52;0.0417;KELLY_LITE(mult=1.00 taper=1.00 n=20)+CONSEC_REDUCE(0.50)+HARD_RISK_CAP(2.0%)+MAXLOSS_CAP;213368.52;213368.52;37;0
2026.08.07 13:34:48;XAUUSD;5;1786059450;SELL_STOP_TRAILED;Old=4357.86 New=4358.52;WAIT_TRIGGER;SAFE;0;2;0;118201220;118201234;0.00;0.00;0.00;0.00;0.00;KELLY_LITE;true;0.04;213368.52;0.0417;KELLY_LITE(mult=1.00 taper=1.00 n=20)+CONSEC_REDUCE(0.50)+HARD_RISK_CAP(2.0%)+MAXLOSS_CAP;213368.52;213368.52;33;0
2026.08.07 13:34:49;XAUUSD;5;1786059450;SELL_STOP_TRAILED;Old=4358.52 New=4359.19;WAIT_TRIGGER;SAFE;0;2;0;118201220;118201234;0.00;0.00;0.00;0.00;0.00;KELLY_LITE;true;0.04;213368.52;0.0417;KELLY_LITE(mult=1.00 taper=1.00 n=20)+CONSEC_REDUCE(0.50)+HARD_RISK_CAP(2.0%)+MAXLOSS_CAP;213368.52;213368.52;37;0
2026.08.07 13:34:49;XAUUSD;5;1786059450;SELL_STOP_TRAILED;Old=4359.19 New=4360.10;WAIT_TRIGGER;SAFE;0;2;0;118201220;118201234;0.00;0.00;0.00;0.00;0.00;KELLY_LITE;true;0.04;213368.52;0.0417;KELLY_LITE(mult=1.00 taper=1.00 n=20)+CONSEC_REDUCE(0.50)+HARD_RISK_CAP(2.0%)+MAXLOSS_CAP;213368.52;213368.52;36;0
2026.08.07 13:34:51;XAUUSD;5;1786059450;SELL_STOP_TRAILED;Old=4360.10 New=4360.42;WAIT_TRIGGER;SAFE;0;2;0;118201220;118201234;0.00;0.00;0.00;0.00;0.00;KELLY_LITE;true;0.04;213368.52;0.0417;KELLY_LITE(mult=1.00 taper=1.00 n=20)+CONSEC_REDUCE(0.50)+HARD_RISK_CAP(2.0%)+MAXLOSS_CAP;213368.52;213368.52;36;0
2026.08.07 13:34:54;XAUUSD;5;1786059450;BUY_STOP_TRAILED;Old=4365.16 New=4364.78;WAIT_TRIGGER;SAFE;0;2;0;118201220;118201234;0.00;0.00;0.00;0.00;0.00;KELLY_LITE;true;0.04;213368.52;0.0417;KELLY_LITE(mult=1.00 taper=1.00 n=20)+CONSEC_REDUCE(0.50)+HARD_RISK_CAP(2.0%)+MAXLOSS_CAP;213368.52;213368.52;36;0
2026.08.07 13:34:54;XAUUSD;5;1786059450;OCO_TRIGGERED_SELL;ticket=118201234 entry=4360.42;POSITION_ACTIVE;SAFE;1;1;0;118201220;-1;0.00;0.03;-0.96;0.00;0.00;KELLY_LITE;true;0.04;213368.52;0.0417;KELLY_LITE(mult=1.00 taper=1.00 n=20)+CONSEC_REDUCE(0.50)+HARD_RISK_CAP(2.0%)+MAXLOSS_CAP;213368.52;213368.55;33;0
2026.08.07 13:34:54;XAUUSD;5;1786059450;OPPOSITE_TRAIL_ARMED;opposite_ticket=118201220 will trail price;POSITION_ACTIVE;SAFE;1;1;0;118201220;-1;0.00;0.03;-0.96;0.00;0.00;KELLY_LITE;true;0.04;213368.52;0.0417;KELLY_LITE(mult=1.00 taper=1.00 n=20)+CONSEC_REDUCE(0.50)+HARD_RISK_CAP(2.0%)+MAXLOSS_CAP;213368.52;213368.55;33;0
2026.08.07 13:35:01;XAUUSD;5;1786059450;OPPOSITE_PENDING_TRAILED;BUY_STOP trailed DOWN: ticket=118201220 old=4364.78 new=4364.44 dist=5.46;MANAGE_PROFIT;SAFE;1;1;1;-1;-1;4360.42;3.87;3.87;3.99;-3.36;KELLY_LITE;true;0.04;213368.52;0.0417;KELLY_LITE(mult=1.00 taper=1.00 n=20)+CONSEC_REDUCE(0.50)+HARD_RISK_CAP(2.0%)+MAXLOSS_CAP;213368.52;213372.39;36;0
2026.08.07 13:35:03;XAUUSD;5;1786059450;OPPOSITE_PENDING_TRAILED;BUY_STOP trailed DOWN: ticket=118201220 old=4364.44 new=4364.06 dist=5.47;MANAGE_PROFIT;SAFE;1;1;1;-1;-1;4360.42;5.28;5.28;4.71;-3.36;KELLY_LITE;true;0.04;213368.52;0.0417;KELLY_LITE(mult=1.00 taper=1.00 n=20)+CONSEC_REDUCE(0.50)+HARD_RISK_CAP(2.0%)+MAXLOSS_CAP;213368.52;213373.80;35;0
2026.08.07 13:35:04;XAUUSD;5;1786059450;OPPOSITE_PENDING_TRAILED;BUY_STOP trailed DOWN: ticket=118201220 old=4364.06 new=4363.66 dist=5.49;MANAGE_PROFIT;SAFE;1;1;1;-1;-1;4360.42;5.52;5.52;6.33;-3.36;KELLY_LITE;true;0.04;213368.52;0.0417;KELLY_LITE(mult=1.00 taper=1.00 n=20)+CONSEC_REDUCE(0.50)+HARD_RISK_CAP(2.0%)+MAXLOSS_CAP;213368.52;213374.04;37;0
2026.08.07 13:35:10;XAUUSD;5;1786059450;OPPOSITE_PENDING_TRAILED;BUY_STOP trailed DOWN: ticket=118201220 old=4363.66 new=4363.00 dist=5.52;MANAGE_PROFIT;SAFE;1;1;1;-1;-1;4360.42;7.80;7.80;7.26;-3.36;KELLY_LITE;true;0.04;213368.52;0.0417;KELLY_LITE(mult=1.00 taper=1.00 n=20)+CONSEC_REDUCE(0.50)+HARD_RISK_CAP(2.0%)+MAXLOSS_CAP;213368.52;213376.32;36;0
2026.08.07 13:35:11;XAUUSD;5;1786059450;SL_MODIFIED;ticket=118201234 oldSL=4372.42 newSL=4357.75 reason=break_even_lock_leg_0;MANAGE_PROFIT;SAFE;1;1;1;-1;-1;4360.42;10.44;10.44;9.57;-3.36;KELLY_LITE;true;0.04;213368.52;0.0417;KELLY_LITE(mult=1.00 taper=1.00 n=20)+CONSEC_REDUCE(0.50)+HARD_RISK_CAP(2.0%)+MAXLOSS_CAP;213368.52;213378.96;33;0
2026.08.07 13:35:11;XAUUSD;5;1786059450;PROFIT_RATCHET_LOCKED;floor=4.07 peak=9.57;MANAGE_PROFIT;SAFE;1;1;1;-1;-1;4360.42;10.44;10.44;9.57;-3.36;KELLY_LITE;true;0.04;213368.52;0.0417;KELLY_LITE(mult=1.00 taper=1.00 n=20)+CONSEC_REDUCE(0.50)+HARD_RISK_CAP(2.0%)+MAXLOSS_CAP;213368.52;213378.96;33;0
2026.08.07 13:35:12;XAUUSD;5;1786059450;OPPOSITE_PENDING_TRAILED;BUY_STOP trailed DOWN: ticket=118201220 old=4363.00 new=4362.49 dist=5.55;MANAGE_PROFIT;SAFE;1;1;1;-1;-1;4360.42;11.13;11.13;9.57;-3.36;KELLY_LITE;true;0.04;213368.52;0.0417;KELLY_LITE(mult=1.00 taper=1.00 n=20)+CONSEC_REDUCE(0.50)+HARD_RISK_CAP(2.0%)+MAXLOSS_CAP;213368.52;213379.65;35;0
2026.08.07 13:35:12;XAUUSD;5;1786059450;SL_MODIFIED;ticket=118201234 oldSL=4357.75 newSL=4357.23 reason=break_even_lock_leg_0;MANAGE_PROFIT;SAFE;1;1;1;-1;-1;4360.42;11.22;11.22;11.13;-3.36;KELLY_LITE;true;0.04;213368.52;0.0417;KELLY_LITE(mult=1.00 taper=1.00 n=20)+CONSEC_REDUCE(0.50)+HARD_RISK_CAP(2.0%)+MAXLOSS_CAP;213368.52;213379.74;36;0
2026.08.07 13:35:12;XAUUSD;5;1786059450;PROFIT_RATCHET_LOCKED;floor=4.73 peak=11.13;MANAGE_PROFIT;SAFE;1;1;1;-1;-1;4360.42;11.22;11.22;11.13;-3.36;KELLY_LITE;true;0.04;213368.52;0.0417;KELLY_LITE(mult=1.00 taper=1.00 n=20)+CONSEC_REDUCE(0.50)+HARD_RISK_CAP(2.0%)+MAXLOSS_CAP;213368.52;213379.74;36;0
2026.08.07 13:35:13;XAUUSD;5;1786059450;SL_MODIFY_FAILED;ticket=118201234 newSL=4357.20 reason=break_even_lock_leg_0 err=3;MANAGE_PROFIT;SAFE;0;1;1;-1;-1;4360.42;0.00;0.00;11.22;-3.36;KELLY_LITE;true;0.04;213368.52;0.0417;KELLY_LITE(mult=1.00 taper=1.00 n=20)+CONSEC_REDUCE(0.50)+HARD_RISK_CAP(2.0%)+MAXLOSS_CAP;213378.09;213378.09;37;0
2026.08.07 13:36:36;XAUUSD;5;1786059450;REVERSAL_CHASER_TRIGGERED_FLIP;newDir=BULL ticket=118201220 entry=4362.49 lot=0.04;MANAGE_PROFIT;SAFE;1;0;1;-1;-1;4360.42;-1.32;-1.32;11.22;-3.36;KELLY_LITE;true;0.04;213368.52;0.0417;KELLY_LITE(mult=1.00 taper=1.00 n=20)+CONSEC_REDUCE(0.50)+HARD_RISK_CAP(2.0%)+MAXLOSS_CAP;213378.09;213376.77;36;0
2026.08.07 13:36:36;XAUUSD;5;1786059450;CYCLE_RESET;oldState=MANAGE_PROFIT realizedPnL=9.57 peak=11.22 worst=-3.36 pyramid=1 consLosses=0 reason=chaser_flip;MANAGE_PROFIT;SAFE;1;0;1;-1;-1;4360.42;-1.32;-1.32;11.22;-3.36;KELLY_LITE;true;0.04;213368.52;0.0417;KELLY_LITE(mult=1.00 taper=1.00 n=20)+CONSEC_REDUCE(0.50)+HARD_RISK_CAP(2.0%)+MAXLOSS_CAP;213378.09;213376.77;36;0
2026.08.07 13:36:58;XAUUSD;5;1786059451;RECONCILED_BROKER_CLOSE;ticket=118201220 type=main pnl=-16.00;MANAGE_PROFIT;SAFE;0;0;1;-1;-1;4362.49;0.00;0.00;4.12;-16.92;KELLY_LITE;true;0.04;213368.52;0.0417;KELLY_LITE(mult=1.00 taper=1.00 n=20)+CONSEC_REDUCE(0.50)+HARD_RISK_CAP(2.0%)+MAXLOSS_CAP;213362.09;213362.09;37;0
2026.08.07 13:36:58;XAUUSD;5;1786059451;CYCLE_RESET;oldState=MANAGE_PROFIT realizedPnL=-16.00 peak=4.12 worst=-16.92 pyramid=1 consLosses=1;MANAGE_PROFIT;SAFE;0;0;1;-1;-1;4362.49;0.00;0.00;4.12;-16.92;KELLY_LITE;true;0.04;213368.52;0.0417;KELLY_LITE(mult=1.00 taper=1.00 n=20)+CONSEC_REDUCE(0.50)+HARD_RISK_CAP(2.0%)+MAXLOSS_CAP;213362.09;213362.09;37;0
2026.08.07 13:41:58;XAUUSD;5;1786059452;PLACE_PENDING_START;cycle=1786059452 trend=1 consecLosses=1 preset=AGGRESSIVE;PLACE_PENDING;SAFE;0;0;0;-1;-1;0.00;0.00;0.00;0.00;0.00;KELLY_LITE;true;0.04;213368.52;0.0417;KELLY_LITE(mult=1.00 taper=1.00 n=20)+CONSEC_REDUCE(0.50)+HARD_RISK_CAP(2.0%)+MAXLOSS_CAP;213362.09;213362.09;36;0
2026.08.07 13:41:58;XAUUSD;5;1786059452;DIR_OCO_PLACED;dir=BULL ticket=118204354 price=4370.82 sl=4355.81 tp=4393.34 lot=0.04 dist=4.07;PLACE_PENDING;SAFE;0;1;0;118204354;-1;0.00;0.00;0.00;0.00;0.00;KELLY_LITE;true;0.04;213362.09;0.0417;KELLY_LITE(mult=1.00 taper=1.00 n=20)+HARD_RISK_CAP(2.0%)+MAXLOSS_CAP;213362.09;213362.09;36;0
2026.08.07 13:41:59;XAUUSD;5;1786059452;DIR_OCO_COUNTER_PLACED;dir=BEAR(counter) ticket=118204363 price=4362.28 lot=0.03;PLACE_PENDING;SAFE;0;2;0;118204354;118204363;0.00;0.00;0.00;0.00;0.00;KELLY_LITE;true;0.04;213362.09;0.0417;KELLY_LITE(mult=1.00 taper=1.00 n=20)+HARD_RISK_CAP(2.0%)+MAXLOSS_CAP;213362.09;213362.09;33;0
2026.08.07 13:41:59;XAUUSD;5;1786059452;SELL_STOP_TRAILED;Old=4362.28 New=4362.79;WAIT_TRIGGER;SAFE;0;2;0;118204354;118204363;0.00;0.00;0.00;0.00;0.00;KELLY_LITE;true;0.04;213362.09;0.0417;KELLY_LITE(mult=1.00 taper=1.00 n=20)+HARD_RISK_CAP(2.0%)+MAXLOSS_CAP;213362.09;213362.09;34;0
2026.08.07 13:42:00;XAUUSD;5;1786059452;SELL_STOP_TRAILED;Old=4362.79 New=4363.17;WAIT_TRIGGER;SAFE;0;2;0;118204354;118204363;0.00;0.00;0.00;0.00;0.00;KELLY_LITE;true;0.04;213362.09;0.0417;KELLY_LITE(mult=1.00 taper=1.00 n=20)+HARD_RISK_CAP(2.0%)+MAXLOSS_CAP;213362.09;213362.09;37;0
2026.08.07 13:42:01;XAUUSD;5;1786059452;BUY_STOP_TRAILED;Old=4370.82 New=4370.44;WAIT_TRIGGER;SAFE;0;2;0;118204354;118204363;0.00;0.00;0.00;0.00;0.00;KELLY_LITE;true;0.04;213362.09;0.0417;KELLY_LITE(mult=1.00 taper=1.00 n=20)+HARD_RISK_CAP(2.0%)+MAXLOSS_CAP;213362.09;213362.09;33;0
2026.08.07 13:42:02;XAUUSD;5;1786059452;BUY_STOP_TRAILED;Old=4370.44 New=4370.09;WAIT_TRIGGER;SAFE;0;2;0;118204354;118204363;0.00;0.00;0.00;0.00;0.00;KELLY_LITE;true;0.04;213362.09;0.0417;KELLY_LITE(mult=1.00 taper=1.00 n=20)+HARD_RISK_CAP(2.0%)+MAXLOSS_CAP;213362.09;213362.09;33;0
2026.08.07 13:42:03;XAUUSD;5;1786059452;BUY_STOP_TRAILED;Old=4370.09 New=4369.47;WAIT_TRIGGER;SAFE;0;2;0;118204354;118204363;0.00;0.00;0.00;0.00;0.00;KELLY_LITE;true;0.04;213362.09;0.0417;KELLY_LITE(mult=1.00 taper=1.00 n=20)+HARD_RISK_CAP(2.0%)+MAXLOSS_CAP;213362.09;213362.09;33;0
2026.08.07 13:42:05;XAUUSD;5;1786059452;BUY_STOP_TRAILED;Old=4369.47 New=4369.04;WAIT_TRIGGER;SAFE;0;2;0;118204354;118204363;0.00;0.00;0.00;0.00;0.00;KELLY_LITE;true;0.04;213362.09;0.0417;KELLY_LITE(mult=1.00 taper=1.00 n=20)+HARD_RISK_CAP(2.0%)+MAXLOSS_CAP;213362.09;213362.09;33;0
2026.08.07 13:42:05;XAUUSD;5;1786059452;BUY_STOP_TRAILED;Old=4369.04 New=4368.45;WAIT_TRIGGER;SAFE;0;2;0;118204354;118204363;0.00;0.00;0.00;0.00;0.00;KELLY_LITE;true;0.04;213362.09;0.0417;KELLY_LITE(mult=1.00 taper=1.00 n=20)+HARD_RISK_CAP(2.0%)+MAXLOSS_CAP;213362.09;213362.09;33;0
2026.08.07 13:42:30;XAUUSD;5;1786059452;SELL_STOP_TRAILED;Old=4363.17 New=4363.59;WAIT_TRIGGER;SAFE;0;2;0;118204354;118204363;0.00;0.00;0.00;0.00;0.00;KELLY_LITE;true;0.04;213362.09;0.0417;KELLY_LITE(mult=1.00 taper=1.00 n=20)+HARD_RISK_CAP(2.0%)+MAXLOSS_CAP;213362.09;213362.09;33;0
2026.08.07 13:42:34;XAUUSD;5;1786059452;OCO_TRIGGERED_BUY;ticket=118204354 entry=4368.45;POSITION_ACTIVE;SAFE;1;1;0;-1;118204363;0.00;0.24;-1.08;0.00;0.00;KELLY_LITE;true;0.04;213362.09;0.0417;KELLY_LITE(mult=1.00 taper=1.00 n=20)+HARD_RISK_CAP(2.0%)+MAXLOSS_CAP;213362.09;213362.33;33;0
2026.08.07 13:42:34;XAUUSD;5;1786059452;OPPOSITE_TRAIL_ARMED;opposite_ticket=118204363 will trail price;POSITION_ACTIVE;SAFE;1;1;0;-1;118204363;0.00;0.24;-1.08;0.00;0.00;KELLY_LITE;true;0.04;213362.09;0.0417;KELLY_LITE(mult=1.00 taper=1.00 n=20)+HARD_RISK_CAP(2.0%)+MAXLOSS_CAP;213362.09;213362.33;33;0
2026.08.07 13:43:49;XAUUSD;5;1786059452;SL_MODIFIED;ticket=118204354 oldSL=4356.45 newSL=4369.89 reason=break_even_lock_leg_0 (retry buf=3pt);MANAGE_PROFIT;SAFE;1;1;1;-1;-1;4368.45;7.88;7.88;8.80;-17.28;KELLY_LITE;true;0.04;213362.09;0.0417;KELLY_LITE(mult=1.00 taper=1.00 n=20)+HARD_RISK_CAP(2.0%)+MAXLOSS_CAP;213362.09;213369.97;33;0
2026.08.07 13:43:49;XAUUSD;5;1786059452;PROFIT_RATCHET_LOCKED;floor=2.97 peak=8.80;MANAGE_PROFIT;SAFE;1;1;1;-1;-1;4368.45;7.88;7.88;8.80;-17.28;KELLY_LITE;true;0.04;213362.09;0.0417;KELLY_LITE(mult=1.00 taper=1.00 n=20)+HARD_RISK_CAP(2.0%)+MAXLOSS_CAP;213362.09;213369.97;33;0
2026.08.07 13:43:49;XAUUSD;5;1786059452;PROFIT_RATCHET_LOCKED;floor=2.97 peak=8.80;MANAGE_PROFIT;SAFE;1;1;1;-1;-1;4368.45;7.88;7.88;8.80;-17.28;KELLY_LITE;true;0.04;213362.09;0.0417;KELLY_LITE(mult=1.00 taper=1.00 n=20)+HARD_RISK_CAP(2.0%)+MAXLOSS_CAP;213362.09;213369.97;33;0
2026.08.07 13:43:50;XAUUSD;5;1786059452;SL_MODIFY_FAILED;ticket=118204354 newSL=4369.92 reason=break_even_lock_leg_0 err=0;MANAGE_PROFIT;SAFE;1;1;1;-1;-1;4368.45;7.80;7.80;8.80;-17.28;KELLY_LITE;true;0.04;213362.09;0.0417;KELLY_LITE(mult=1.00 taper=1.00 n=20)+HARD_RISK_CAP(2.0%)+MAXLOSS_CAP;213362.09;213369.89;33;0
2026.08.07 13:43:50;XAUUSD;5;1786059452;PROFIT_RATCHET_LOCKED;floor=2.97 peak=8.80;MANAGE_PROFIT;SAFE;1;1;1;-1;-1;4368.45;7.80;7.80;8.80;-17.28;KELLY_LITE;true;0.04;213362.09;0.0417;KELLY_LITE(mult=1.00 taper=1.00 n=20)+HARD_RISK_CAP(2.0%)+MAXLOSS_CAP;213362.09;213369.89;33;0
2026.08.07 13:43:50;XAUUSD;5;1786059452;PROFIT_RATCHET_LOCKED;floor=2.97 peak=8.80;MANAGE_PROFIT;SAFE;1;1;1;-1;-1;4368.45;7.80;7.80;8.80;-17.28;KELLY_LITE;true;0.04;213362.09;0.0417;KELLY_LITE(mult=1.00 taper=1.00 n=20)+HARD_RISK_CAP(2.0%)+MAXLOSS_CAP;213362.09;213369.89;33;0
2026.08.07 13:43:50;XAUUSD;5;1786059452;PROFIT_RATCHET_LOCKED;floor=2.97 peak=8.80;MANAGE_PROFIT;SAFE;1;1;1;-1;-1;4368.45;7.24;7.24;8.80;-17.28;KELLY_LITE;true;0.04;213362.09;0.0417;KELLY_LITE(mult=1.00 taper=1.00 n=20)+HARD_RISK_CAP(2.0%)+MAXLOSS_CAP;213362.09;213369.33;36;0
2026.08.07 13:43:50;XAUUSD;5;1786059452;PROFIT_RATCHET_LOCKED;floor=2.97 peak=8.80;MANAGE_PROFIT;SAFE;1;1;1;-1;-1;4368.45;7.20;7.20;8.80;-17.28;KELLY_LITE;true;0.04;213362.09;0.0417;KELLY_LITE(mult=1.00 taper=1.00 n=20)+HARD_RISK_CAP(2.0%)+MAXLOSS_CAP;213362.09;213369.29;33;0
2026.08.07 13:43:50;XAUUSD;5;1786059452;PROFIT_RATCHET_LOCKED;floor=2.97 peak=8.80;MANAGE_PROFIT;SAFE;1;1;1;-1;-1;4368.45;6.72;6.72;8.80;-17.28;KELLY_LITE;true;0.04;213362.09;0.0417;KELLY_LITE(mult=1.00 taper=1.00 n=20)+HARD_RISK_CAP(2.0%)+MAXLOSS_CAP;213362.09;213368.81;33;0
2026.08.07 13:43:50;XAUUSD;5;1786059452;RECONCILED_BROKER_CLOSE;ticket=118204354 type=main pnl=5.76;MANAGE_PROFIT;SAFE;0;1;1;-1;-1;4368.45;0.00;0.00;8.80;-17.28;KELLY_LITE;true;0.04;213362.09;0.0417;KELLY_LITE(mult=1.00 taper=1.00 n=20)+HARD_RISK_CAP(2.0%)+MAXLOSS_CAP;213367.85;213367.85;33;0
2026.08.07 13:53:05;XAUUSD;5;1786059452;REVERSAL_CHASER_TRIGGERED_FLIP;newDir=BEAR ticket=118204363 entry=4363.59 lot=0.03;MANAGE_PROFIT;SAFE;1;0;1;-1;-1;4368.45;-0.69;-0.69;8.80;-17.28;KELLY_LITE;true;0.04;213362.09;0.0417;KELLY_LITE(mult=1.00 taper=1.00 n=20)+HARD_RISK_CAP(2.0%)+MAXLOSS_CAP;213367.85;213367.16;36;0
2026.08.07 13:53:05;XAUUSD;5;1786059452;CYCLE_RESET;oldState=MANAGE_PROFIT realizedPnL=5.76 peak=8.80 worst=-17.28 pyramid=1 consLosses=0 reason=chaser_flip;MANAGE_PROFIT;SAFE;1;0;1;-1;-1;4368.45;-0.69;-0.69;8.80;-17.28;KELLY_LITE;true;0.04;213362.09;0.0417;KELLY_LITE(mult=1.00 taper=1.00 n=20)+HARD_RISK_CAP(2.0%)+MAXLOSS_CAP;213367.85;213367.16;36;0
2026.08.07 13:54:31;XAUUSD;5;1786059453;EXIT_SOFT_SL_MOMENTUM;profit=-20.16 rsi=81.0 dir=-1;MANAGE_PROFIT;WATCH;1;0;1;-1;-1;4363.59;-20.16;-20.16;0.00;-20.16;KELLY_LITE;true;0.04;213362.09;0.0417;KELLY_LITE(mult=1.00 taper=1.00 n=20)+HARD_RISK_CAP(2.0%)+MAXLOSS_CAP;213367.85;213347.69;33;0
2026.08.07 13:54:31;XAUUSD;5;1786059453;POSITION_CLOSED;ticket=118204363 reason=soft_sl_momentum lots=0.03 price=4370.31 pnl=-20.16;MANAGE_PROFIT;WATCH;0;0;1;-1;-1;4363.59;0.00;0.00;0.00;-20.16;KELLY_LITE;true;0.04;213362.09;0.0417;KELLY_LITE(mult=1.00 taper=1.00 n=20)+HARD_RISK_CAP(2.0%)+MAXLOSS_CAP;213346.40;213346.40;37;0
2026.08.07 13:54:31;XAUUSD;5;1786059453;CYCLE_RESET;oldState=RESET realizedPnL=-21.45 peak=0.00 worst=-20.16 pyramid=0 consLosses=1;RESET;WATCH;0;0;0;-1;-1;4363.59;0.00;0.00;0.00;-20.16;KELLY_LITE;true;0.04;213362.09;0.0417;KELLY_LITE(mult=1.00 taper=1.00 n=20)+HARD_RISK_CAP(2.0%)+MAXLOSS_CAP;213346.40;213346.40;37;0
2026.08.07 13:59:31;XAUUSD;5;1786059453;FILTER_BLOCK_ADX_WEAK_MAIN;ADX_WEAK_MAIN (adx=17.4 min=21.0 [streak=1]);BLOCKED;SAFE;0;0;0;-1;-1;0.00;0.00;0.00;0.00;0.00;KELLY_LITE;true;0.04;213362.09;0.0417;KELLY_LITE(mult=1.00 taper=1.00 n=20)+HARD_RISK_CAP(2.0%)+MAXLOSS_CAP;213346.40;213346.40;36;0
2026.08.07 14:04:31;XAUUSD;5;1786059453;FILTER_BLOCK_ADX_WEAK_MAIN;ADX_WEAK_MAIN (adx=18.4 min=21.0 [streak=1]);BLOCKED;SAFE;0;0;0;-1;-1;0.00;0.00;0.00;0.00;0.00;KELLY_LITE;true;0.04;213362.09;0.0417;KELLY_LITE(mult=1.00 taper=1.00 n=20)+HARD_RISK_CAP(2.0%)+MAXLOSS_CAP;213346.40;213346.40;36;0
2026.08.07 14:09:31;XAUUSD;5;1786059453;FILTER_BLOCK_ADX_WEAK_MAIN;ADX_WEAK_MAIN (adx=20.7 min=21.0 [streak=1]);BLOCKED;SAFE;0;0;0;-1;-1;0.00;0.00;0.00;0.00;0.00;KELLY_LITE;true;0.04;213362.09;0.0417;KELLY_LITE(mult=1.00 taper=1.00 n=20)+HARD_RISK_CAP(2.0%)+MAXLOSS_CAP;213346.40;213346.40;36;0
2026.08.07 14:14:31;XAUUSD;5;1786059453;FILTER_BLOCK_TREND_DISAGREE;TREND_DISAGREE (main=1 fast=-1 rsi=60.5, no extreme);BLOCKED;SAFE;0;0;0;-1;-1;0.00;0.00;0.00;0.00;0.00;KELLY_LITE;true;0.04;213362.09;0.0417;KELLY_LITE(mult=1.00 taper=1.00 n=20)+HARD_RISK_CAP(2.0%)+MAXLOSS_CAP;213346.40;213346.40;36;0
2026.08.07 14:19:31;XAUUSD;5;1786059453;FILTER_BLOCK_TREND_DISAGREE;TREND_DISAGREE (main=1 fast=-1 rsi=58.3, no extreme);BLOCKED;SAFE;0;0;0;-1;-1;0.00;0.00;0.00;0.00;0.00;KELLY_LITE;true;0.04;213362.09;0.0417;KELLY_LITE(mult=1.00 taper=1.00 n=20)+HARD_RISK_CAP(2.0%)+MAXLOSS_CAP;213346.40;213346.40;36;0
2026.08.07 14:24:31;XAUUSD;5;1786059453;FILTER_BLOCK_TREND_DISAGREE;TREND_DISAGREE (main=1 fast=-1 rsi=57.9, no extreme);BLOCKED;SAFE;0;0;0;-1;-1;0.00;0.00;0.00;0.00;0.00;KELLY_LITE;true;0.04;213362.09;0.0417;KELLY_LITE(mult=1.00 taper=1.00 n=20)+HARD_RISK_CAP(2.0%)+MAXLOSS_CAP;213346.40;213346.40;36;0
2026.08.07 14:27:52;XAUUSD;5;1786059453;EA_DEINIT;reason=3;IDLE;SAFE;0;0;0;-1;-1;0.00;0.00;0.00;0.00;0.00;KELLY_LITE;true;0.04;213362.09;0.0417;KELLY_LITE(mult=1.00 taper=1.00 n=20)+HARD_RISK_CAP(2.0%)+MAXLOSS_CAP;213346.40;213346.40;36;0
2026.08.07 14:27:52;XAUUSD;10080;1786112872;EA_INIT;V6.47|Preset=AGGRESSIVE|MaxLoss=$50.0 SL=$12.0 RiskPct=1.50|TrailOppPending=ON OppATR=1.0|HedgeEnabled=OFF|DailyDD=4.0% WeeklyLim=$100|AutoLotMode=KELLY_LITE|Session=ALL NewsFilter=OFF (0 times);IDLE;SAFE;0;0;0;-1;-1;0.00;0.00;0.00;0.00;0.00;KELLY_LITE;true;0.04;213362.09;0.0417;KELLY_LITE(mult=1.00 taper=1.00 n=20)+HARD_RISK_CAP(2.0%)+MAXLOSS_CAP;213346.40;213346.40;36;0
2026.08.07 14:27:52;XAUUSD;10080;1786112872;DAILY_BASELINE_RESTORED;startEquity=213426.21 paused=false hardStop=false;IDLE;SAFE;0;0;0;-1;-1;0.00;0.00;0.00;0.00;0.00;KELLY_LITE;true;0.04;213362.09;0.0417;KELLY_LITE(mult=1.00 taper=1.00 n=20)+HARD_RISK_CAP(2.0%)+MAXLOSS_CAP;213346.40;213346.40;36;0
2026.08.07 14:27:52;XAUUSD;10080;1786112872;WEEKLY_BASELINE_RESTORED;startEquity=214135.37 paused=false;IDLE;SAFE;0;0;0;-1;-1;0.00;0.00;0.00;0.00;0.00;KELLY_LITE;true;0.04;213362.09;0.0417;KELLY_LITE(mult=1.00 taper=1.00 n=20)+HARD_RISK_CAP(2.0%)+MAXLOSS_CAP;213346.40;213346.40;36;0
2026.08.07 14:29:31;XAUUSD;10080;1786112873;PLACE_PENDING_START;cycle=1786112873 trend=1 consecLosses=0 preset=AGGRESSIVE;PLACE_PENDING;SAFE;0;0;0;-1;-1;0.00;0.00;0.00;0.00;0.00;KELLY_LITE;true;0.04;213362.09;0.0417;KELLY_LITE(mult=1.00 taper=1.00 n=20)+HARD_RISK_CAP(2.0%)+MAXLOSS_CAP;213346.40;213346.40;52;0
2026.08.07 14:29:31;XAUUSD;10080;1786112873;FILTER_BLOCK_SPREAD;spread=52 max=50;PLACE_PENDING;SAFE;0;0;0;-1;-1;0.00;0.00;0.00;0.00;0.00;KELLY_LITE;true;0.04;213362.09;0.0417;KELLY_LITE(mult=1.00 taper=1.00 n=20)+HARD_RISK_CAP(2.0%)+MAXLOSS_CAP;213346.40;213346.40;52;0
2026.08.07 14:34:33;XAUUSD;10080;1786112874;PLACE_PENDING_START;cycle=1786112874 trend=1 consecLosses=0 preset=AGGRESSIVE;PLACE_PENDING;SAFE;0;0;0;-1;-1;0.00;0.00;0.00;0.00;0.00;KELLY_LITE;true;0.04;213362.09;0.0417;KELLY_LITE(mult=1.00 taper=1.00 n=20)+HARD_RISK_CAP(2.0%)+MAXLOSS_CAP;213346.40;213346.40;36;0
2026.08.07 14:34:33;XAUUSD;10080;1786112874;DIR_OCO_PLACED;dir=BULL ticket=118216434 price=4357.33 sl=4338.48 tp=4385.61 lot=0.04 dist=5.08;PLACE_PENDING;SAFE;0;1;0;118216434;-1;0.00;0.00;0.00;0.00;0.00;KELLY_LITE;true;0.04;213346.40;0.0417;KELLY_LITE(mult=1.00 taper=1.00 n=0)+HARD_RISK_CAP(2.0%)+MAXLOSS_CAP;213346.40;213346.40;36;0
2026.08.07 14:34:36;XAUUSD;10080;1786112874;DIR_OCO_COUNTER_PLACED;dir=BEAR(counter) ticket=118216436 price=4346.94 lot=0.03;PLACE_PENDING;SAFE;0;2;0;118216434;118216436;0.00;0.00;0.00;0.00;0.00;KELLY_LITE;true;0.04;213346.40;0.0417;KELLY_LITE(mult=1.00 taper=1.00 n=0)+HARD_RISK_CAP(2.0%)+MAXLOSS_CAP;213346.40;213346.40;36;0
2026.08.07 14:34:36;XAUUSD;10080;1786112874;SELL_STOP_TRAILED;Old=4346.94 New=4347.43;WAIT_TRIGGER;SAFE;0;2;0;118216434;118216436;0.00;0.00;0.00;0.00;0.00;KELLY_LITE;true;0.04;213346.40;0.0417;KELLY_LITE(mult=1.00 taper=1.00 n=0)+HARD_RISK_CAP(2.0%)+MAXLOSS_CAP;213346.40;213346.40;36;0
2026.08.07 14:34:38;XAUUSD;10080;1786112874;SELL_STOP_TRAILED;Old=4347.43 New=4347.75;WAIT_TRIGGER;SAFE;0;2;0;118216434;118216436;0.00;0.00;0.00;0.00;0.00;KELLY_LITE;true;0.04;213346.40;0.0417;KELLY_LITE(mult=1.00 taper=1.00 n=0)+HARD_RISK_CAP(2.0%)+MAXLOSS_CAP;213346.40;213346.40;36;0
2026.08.07 14:34:50;XAUUSD;10080;1786112874;SELL_STOP_TRAILED;Old=4347.75 New=4348.06;WAIT_TRIGGER;SAFE;0;2;0;118216434;118216436;0.00;0.00;0.00;0.00;0.00;KELLY_LITE;true;0.04;213346.40;0.0417;KELLY_LITE(mult=1.00 taper=1.00 n=0)+HARD_RISK_CAP(2.0%)+MAXLOSS_CAP;213346.40;213346.40;33;0
2026.08.07 14:35:00;XAUUSD;10080;1786112874;SELL_STOP_TRAILED;Old=4348.06 New=4348.54;WAIT_TRIGGER;SAFE;0;2;0;118216434;118216436;0.00;0.00;0.00;0.00;0.00;KELLY_LITE;true;0.04;213346.40;0.0417;KELLY_LITE(mult=1.00 taper=1.00 n=0)+HARD_RISK_CAP(2.0%)+MAXLOSS_CAP;213346.40;213346.40;36;0
2026.08.07 14:35:03;XAUUSD;10080;1786112874;SELL_STOP_TRAILED;Old=4348.54 New=4349.54;WAIT_TRIGGER;SAFE;0;2;0;118216434;118216436;0.00;0.00;0.00;0.00;0.00;KELLY_LITE;true;0.04;213346.40;0.0417;KELLY_LITE(mult=1.00 taper=1.00 n=0)+HARD_RISK_CAP(2.0%)+MAXLOSS_CAP;213346.40;213346.40;33;0
2026.08.07 14:35:27;XAUUSD;10080;1786112874;BUY_STOP_TRAILED;Old=4357.33 New=4356.90;WAIT_TRIGGER;SAFE;0;2;0;118216434;118216436;0.00;0.00;0.00;0.00;0.00;KELLY_LITE;true;0.04;213346.40;0.0417;KELLY_LITE(mult=1.00 taper=1.00 n=0)+HARD_RISK_CAP(2.0%)+MAXLOSS_CAP;213346.40;213346.40;34;0
2026.08.07 14:35:27;XAUUSD;10080;1786112874;BUY_STOP_TRAILED;Old=4356.90 New=4356.32;WAIT_TRIGGER;SAFE;0;2;0;118216434;118216436;0.00;0.00;0.00;0.00;0.00;KELLY_LITE;true;0.04;213346.40;0.0417;KELLY_LITE(mult=1.00 taper=1.00 n=0)+HARD_RISK_CAP(2.0%)+MAXLOSS_CAP;213346.40;213346.40;36;0
2026.08.07 14:36:06;XAUUSD;10080;1786112874;BUY_STOP_TRAILED;Old=4356.32 New=4355.96;WAIT_TRIGGER;SAFE;0;2;0;118216434;118216436;0.00;0.00;0.00;0.00;0.00;KELLY_LITE;true;0.04;213346.40;0.0417;KELLY_LITE(mult=1.00 taper=1.00 n=0)+HARD_RISK_CAP(2.0%)+MAXLOSS_CAP;213346.40;213346.40;36;0
2026.08.07 14:36:55;XAUUSD;10080;1786112874;SELL_STOP_TRAILED;Old=4349.54 New=4350.17;WAIT_TRIGGER;SAFE;0;2;0;118216434;118216436;0.00;0.00;0.00;0.00;0.00;KELLY_LITE;true;0.04;213346.40;0.0417;KELLY_LITE(mult=1.00 taper=1.00 n=0)+HARD_RISK_CAP(2.0%)+MAXLOSS_CAP;213346.40;213346.40;33;0
2026.08.07 14:36:57;XAUUSD;10080;1786112874;OCO_TRIGGERED_BUY;ticket=118216434 entry=4355.96;POSITION_ACTIVE;SAFE;1;1;0;-1;118216436;0.00;0.28;0.28;0.00;0.00;KELLY_LITE;true;0.04;213346.40;0.0417;KELLY_LITE(mult=1.00 taper=1.00 n=0)+HARD_RISK_CAP(2.0%)+MAXLOSS_CAP;213346.40;213346.68;36;0
2026.08.07 14:36:57;XAUUSD;10080;1786112874;OPPOSITE_TRAIL_ARMED;opposite_ticket=118216436 will trail price;POSITION_ACTIVE;SAFE;1;1;0;-1;118216436;0.00;0.28;0.28;0.00;0.00;KELLY_LITE;true;0.04;213346.40;0.0417;KELLY_LITE(mult=1.00 taper=1.00 n=0)+HARD_RISK_CAP(2.0%)+MAXLOSS_CAP;213346.40;213346.68;36;0
2026.08.07 14:37:03;XAUUSD;10080;1786112874;SL_MODIFIED;ticket=118216434 oldSL=4343.96 newSL=4356.83 reason=break_even_lock_leg_0 (retry buf=20pt);MANAGE_PROFIT;SAFE;1;1;1;-1;-1;4355.96;7.00;7.00;8.76;0.00;KELLY_LITE;true;0.04;213346.40;0.0417;KELLY_LITE(mult=1.00 taper=1.00 n=0)+HARD_RISK_CAP(2.0%)+MAXLOSS_CAP;213346.40;213353.40;33;0
2026.08.07 14:37:03;XAUUSD;10080;1786112874;PROFIT_RATCHET_LOCKED;floor=2.96 peak=8.76;MANAGE_PROFIT;SAFE;1;1;1;-1;-1;4355.96;7.00;7.00;8.76;0.00;KELLY_LITE;true;0.04;213346.40;0.0417;KELLY_LITE(mult=1.00 taper=1.00 n=0)+HARD_RISK_CAP(2.0%)+MAXLOSS_CAP;213346.40;213353.40;33;0
2026.08.07 14:37:06;XAUUSD;10080;1786112874;SL_MODIFIED;ticket=118216434 oldSL=4356.83 newSL=4357.00 reason=break_even_lock_leg_0 (retry buf=8pt);MANAGE_PROFIT;SAFE;1;1;1;-1;-1;4355.96;7.32;7.32;9.00;0.00;KELLY_LITE;true;0.04;213346.40;0.0417;KELLY_LITE(mult=1.00 taper=1.00 n=0)+HARD_RISK_CAP(2.0%)+MAXLOSS_CAP;213346.40;213353.72;33;0
2026.08.07 14:37:06;XAUUSD;10080;1786112874;PROFIT_RATCHET_LOCKED;floor=3.04 peak=9.00;MANAGE_PROFIT;SAFE;1;1;1;-1;-1;4355.96;7.32;7.32;9.00;0.00;KELLY_LITE;true;0.04;213346.40;0.0417;KELLY_LITE(mult=1.00 taper=1.00 n=0)+HARD_RISK_CAP(2.0%)+MAXLOSS_CAP;213346.40;213353.72;33;0
2026.08.07 14:37:07;XAUUSD;10080;1786112874;SL_MODIFY_FAILED;ticket=118216434 newSL=4357.29 reason=break_even_lock_leg_0 err=0;MANAGE_PROFIT;SAFE;1;1;1;-1;-1;4355.96;3.76;3.76;9.00;0.00;KELLY_LITE;true;0.04;213346.40;0.0417;KELLY_LITE(mult=1.00 taper=1.00 n=0)+HARD_RISK_CAP(2.0%)+MAXLOSS_CAP;213346.40;213350.16;33;0
2026.08.07 14:37:07;XAUUSD;10080;1786112874;PROFIT_RATCHET_LOCKED;floor=3.04 peak=9.00;MANAGE_PROFIT;SAFE;1;1;1;-1;-1;4355.96;3.76;3.76;9.00;0.00;KELLY_LITE;true;0.04;213346.40;0.0417;KELLY_LITE(mult=1.00 taper=1.00 n=0)+HARD_RISK_CAP(2.0%)+MAXLOSS_CAP;213346.40;213350.16;33;0
2026.08.07 14:37:07;XAUUSD;10080;1786112874;EXIT_TIERED_TRAIL;profit=3.76 peak=9.00 allowedRetrace=2.93;MANAGE_PROFIT;SAFE;1;1;1;-1;-1;4355.96;3.76;3.76;9.00;0.00;KELLY_LITE;true;0.04;213346.40;0.0417;KELLY_LITE(mult=1.00 taper=1.00 n=0)+HARD_RISK_CAP(2.0%)+MAXLOSS_CAP;213346.40;213350.16;33;0
2026.08.07 14:37:08;XAUUSD;10080;1786112874;PENDING_DELETED;ticket=118216436 reason=close_all_cleanup;MANAGE_PROFIT;SAFE;0;0;1;-1;-1;4355.96;0.00;0.00;9.00;0.00;KELLY_LITE;true;0.04;213346.40;0.0417;KELLY_LITE(mult=1.00 taper=1.00 n=0)+HARD_RISK_CAP(2.0%)+MAXLOSS_CAP;213350.56;213350.56;37;0
2026.08.07 14:37:10;XAUUSD;10080;1786112874;CYCLE_RESET;oldState=RESET realizedPnL=4.16 peak=9.00 worst=0.00 pyramid=0 consLosses=0;RESET;SAFE;0;0;0;-1;-1;4355.96;0.00;0.00;9.00;0.00;KELLY_LITE;true;0.04;213346.40;0.0417;KELLY_LITE(mult=1.00 taper=1.00 n=0)+HARD_RISK_CAP(2.0%)+MAXLOSS_CAP;213350.56;213350.56;36;0
2026.08.07 14:42:11;XAUUSD;10080;1786112875;PLACE_PENDING_START;cycle=1786112875 trend=1 consecLosses=0 preset=AGGRESSIVE;PLACE_PENDING;SAFE;0;0;0;-1;-1;0.00;0.00;0.00;0.00;0.00;KELLY_LITE;true;0.04;213346.40;0.0417;KELLY_LITE(mult=1.00 taper=1.00 n=0)+HARD_RISK_CAP(2.0%)+MAXLOSS_CAP;213350.56;213350.56;36;0
2026.08.07 14:42:16;XAUUSD;10080;1786112875;DIR_OCO_PLACED;dir=BULL ticket=118218260 price=4369.86 sl=4350.63 tp=4398.70 lot=0.04 dist=3.74;PLACE_PENDING;SAFE;0;1;0;118218260;-1;0.00;0.00;0.00;0.00;0.00;KELLY_LITE;true;0.04;213350.56;0.0417;KELLY_LITE(mult=1.00 taper=1.00 n=1)+HARD_RISK_CAP(2.0%)+MAXLOSS_CAP;213350.56;213350.56;33;0
2026.08.07 14:42:19;XAUUSD;10080;1786112875;DIR_OCO_COUNTER_PLACED;dir=BEAR(counter) ticket=118218272 price=4361.88 lot=0.03;PLACE_PENDING;SAFE;0;2;0;118218260;118218272;0.00;0.00;0.00;0.00;0.00;KELLY_LITE;true;0.04;213350.56;0.0417;KELLY_LITE(mult=1.00 taper=1.00 n=1)+HARD_RISK_CAP(2.0%)+MAXLOSS_CAP;213350.56;213350.56;33;0
2026.08.07 14:42:19;XAUUSD;10080;1786112875;SELL_STOP_TRAILED;Old=4361.88 New=4362.20;WAIT_TRIGGER;SAFE;0;2;0;118218260;118218272;0.00;0.00;0.00;0.00;0.00;KELLY_LITE;true;0.04;213350.56;0.0417;KELLY_LITE(mult=1.00 taper=1.00 n=1)+HARD_RISK_CAP(2.0%)+MAXLOSS_CAP;213350.56;213350.56;33;0
2026.08.07 14:42:23;XAUUSD;10080;1786112875;SELL_STOP_TRAILED;Old=4362.20 New=4362.88;WAIT_TRIGGER;SAFE;0;2;0;118218260;118218272;0.00;0.00;0.00;0.00;0.00;KELLY_LITE;true;0.04;213350.56;0.0417;KELLY_LITE(mult=1.00 taper=1.00 n=1)+HARD_RISK_CAP(2.0%)+MAXLOSS_CAP;213350.56;213350.56;33;0
2026.08.07 14:42:34;XAUUSD;10080;1786112875;BUY_STOP_TRAILED;Old=4369.86 New=4369.54;WAIT_TRIGGER;SAFE;0;2;0;118218260;118218272;0.00;0.00;0.00;0.00;0.00;KELLY_LITE;true;0.04;213350.56;0.0417;KELLY_LITE(mult=1.00 taper=1.00 n=1)+HARD_RISK_CAP(2.0%)+MAXLOSS_CAP;213350.56;213350.56;33;0
2026.08.07 14:42:46;XAUUSD;10080;1786112875;BUY_STOP_TRAILED;Old=4369.54 New=4369.18;WAIT_TRIGGER;SAFE;0;2;0;118218260;118218272;0.00;0.00;0.00;0.00;0.00;KELLY_LITE;true;0.04;213350.56;0.0417;KELLY_LITE(mult=1.00 taper=1.00 n=1)+HARD_RISK_CAP(2.0%)+MAXLOSS_CAP;213350.56;213350.56;33;0
2026.08.07 14:42:52;XAUUSD;10080;1786112875;SELL_STOP_TRAILED;Old=4362.88 New=4363.20;WAIT_TRIGGER;SAFE;0;2;0;118218260;118218272;0.00;0.00;0.00;0.00;0.00;KELLY_LITE;true;0.04;213350.56;0.0417;KELLY_LITE(mult=1.00 taper=1.00 n=1)+HARD_RISK_CAP(2.0%)+MAXLOSS_CAP;213350.56;213350.56;36;0
2026.08.07 14:43:14;XAUUSD;10080;1786112875;BUY_STOP_TRAILED;Old=4369.18 New=4368.87;WAIT_TRIGGER;SAFE;0;2;0;118218260;118218272;0.00;0.00;0.00;0.00;0.00;KELLY_LITE;true;0.04;213350.56;0.0417;KELLY_LITE(mult=1.00 taper=1.00 n=1)+HARD_RISK_CAP(2.0%)+MAXLOSS_CAP;213350.56;213350.56;36;0
2026.08.07 14:43:15;XAUUSD;10080;1786112875;EA_DEINIT;reason=3;WAIT_TRIGGER;SAFE;0;2;0;118218260;118218272;0.00;0.00;0.00;0.00;0.00;KELLY_LITE;true;0.04;213350.56;0.0417;KELLY_LITE(mult=1.00 taper=1.00 n=1)+HARD_RISK_CAP(2.0%)+MAXLOSS_CAP;213350.56;213350.56;33;0
2026.08.07 14:43:15;XAUUSD;5;1786113795;EA_INIT;V6.47|Preset=AGGRESSIVE|MaxLoss=$50.0 SL=$12.0 RiskPct=1.50|TrailOppPending=ON OppATR=1.0|HedgeEnabled=OFF|DailyDD=4.0% WeeklyLim=$100|AutoLotMode=KELLY_LITE|Session=ALL NewsFilter=OFF (0 times);IDLE;SAFE;0;2;0;118218260;118218272;0.00;0.00;0.00;0.00;0.00;KELLY_LITE;true;0.04;213350.56;0.0417;KELLY_LITE(mult=1.00 taper=1.00 n=1)+HARD_RISK_CAP(2.0%)+MAXLOSS_CAP;213350.56;213350.56;33;0
2026.08.07 14:43:15;XAUUSD;5;1786113795;DAILY_BASELINE_RESTORED;startEquity=213426.21 paused=false hardStop=false;IDLE;SAFE;0;2;0;118218260;118218272;0.00;0.00;0.00;0.00;0.00;KELLY_LITE;true;0.04;213350.56;0.0417;KELLY_LITE(mult=1.00 taper=1.00 n=1)+HARD_RISK_CAP(2.0%)+MAXLOSS_CAP;213350.56;213350.56;33;0
2026.08.07 14:43:15;XAUUSD;5;1786113795;WEEKLY_BASELINE_RESTORED;startEquity=214135.37 paused=false;IDLE;SAFE;0;2;0;118218260;118218272;0.00;0.00;0.00;0.00;0.00;KELLY_LITE;true;0.04;213350.56;0.0417;KELLY_LITE(mult=1.00 taper=1.00 n=1)+HARD_RISK_CAP(2.0%)+MAXLOSS_CAP;213350.56;213350.56;33;0
2026.08.07 14:43:19;XAUUSD;5;1786113795;EA_DEINIT;reason=3;WAIT_TRIGGER;SAFE;0;2;0;118218260;118218272;0.00;0.00;0.00;0.00;0.00;KELLY_LITE;true;0.04;213350.56;0.0417;KELLY_LITE(mult=1.00 taper=1.00 n=1)+HARD_RISK_CAP(2.0%)+MAXLOSS_CAP;213350.56;213350.56;33;0
2026.08.07 14:43:19;XAUUSD;15;1786113799;EA_INIT;V6.47|Preset=AGGRESSIVE|MaxLoss=$50.0 SL=$12.0 RiskPct=1.50|TrailOppPending=ON OppATR=1.0|HedgeEnabled=OFF|DailyDD=4.0% WeeklyLim=$100|AutoLotMode=KELLY_LITE|Session=ALL NewsFilter=OFF (0 times);IDLE;SAFE;0;2;0;118218260;118218272;0.00;0.00;0.00;0.00;0.00;KELLY_LITE;true;0.04;213350.56;0.0417;KELLY_LITE(mult=1.00 taper=1.00 n=1)+HARD_RISK_CAP(2.0%)+MAXLOSS_CAP;213350.56;213350.56;33;0
2026.08.07 14:43:19;XAUUSD;15;1786113799;DAILY_BASELINE_RESTORED;startEquity=213426.21 paused=false hardStop=false;IDLE;SAFE;0;2;0;118218260;118218272;0.00;0.00;0.00;0.00;0.00;KELLY_LITE;true;0.04;213350.56;0.0417;KELLY_LITE(mult=1.00 taper=1.00 n=1)+HARD_RISK_CAP(2.0%)+MAXLOSS_CAP;213350.56;213350.56;33;0
2026.08.07 14:43:19;XAUUSD;15;1786113799;WEEKLY_BASELINE_RESTORED;startEquity=214135.37 paused=false;IDLE;SAFE;0;2;0;118218260;118218272;0.00;0.00;0.00;0.00;0.00;KELLY_LITE;true;0.04;213350.56;0.0417;KELLY_LITE(mult=1.00 taper=1.00 n=1)+HARD_RISK_CAP(2.0%)+MAXLOSS_CAP;213350.56;213350.56;33;0
2026.08.07 14:43:20;XAUUSD;15;1786113799;BUY_STOP_TRAILED;Old=4368.87 New=4368.24;WAIT_TRIGGER;SAFE;0;2;0;118218260;118218272;0.00;0.00;0.00;0.00;0.00;KELLY_LITE;true;0.04;213350.56;0.0417;KELLY_LITE(mult=1.00 taper=1.00 n=1)+HARD_RISK_CAP(2.0%)+MAXLOSS_CAP;213350.56;213350.56;36;0
2026.08.07 14:43:21;XAUUSD;15;1786113799;BUY_STOP_TRAILED;Old=4368.24 New=4367.68;WAIT_TRIGGER;SAFE;1;1;0;118218260;118218272;0.00;-0.03;-0.03;0.00;0.00;KELLY_LITE;true;0.04;213350.56;0.0417;KELLY_LITE(mult=1.00 taper=1.00 n=1)+HARD_RISK_CAP(2.0%)+MAXLOSS_CAP;213350.56;213350.53;37;0
2026.08.07 14:43:21;XAUUSD;15;1786113799;OCO_TRIGGERED_SELL;ticket=118218272 entry=4363.20;POSITION_ACTIVE;SAFE;1;1;0;118218260;-1;0.00;-0.03;-0.03;0.00;0.00;KELLY_LITE;true;0.04;213350.56;0.0417;KELLY_LITE(mult=1.00 taper=1.00 n=1)+HARD_RISK_CAP(2.0%)+MAXLOSS_CAP;213350.56;213350.53;37;0
2026.08.07 14:43:21;XAUUSD;15;1786113799;OPPOSITE_TRAIL_ARMED;opposite_ticket=118218260 will trail price;POSITION_ACTIVE;SAFE;1;1;0;118218260;-1;0.00;-0.03;-0.03;0.00;0.00;KELLY_LITE;true;0.04;213350.56;0.0417;KELLY_LITE(mult=1.00 taper=1.00 n=1)+HARD_RISK_CAP(2.0%)+MAXLOSS_CAP;213350.56;213350.53;37;0
