time;symbol;tf;cycle;event;detail;state;risk;active_orders;pending_orders;pyramid_level;buy_stop_ticket;sell_stop_ticket;entry_price;profit_money;price_move;peak_profit;worst_profit;lot_mode;auto_lot;last_lot;lot_base;lot_raw;lot_reason;balance;equity;spread;last_error
2026.08.11 10:04:07;XAUUSD;5;1786442647;EA_INIT;V7.1|Preset=AGGRESSIVE|MaxLoss=$50.0 SL=$12.0 RiskPct=1.50|HedgeMaxNeg=$10.0 LotRatio=1.25 ConfirmBars=1 Cooldown=60s|DailyDD=4.0% WeeklyLim=$100|AutoLotMode=KELLY_LITE|Session=ALL NewsFilter=OFF (0 times);IDLE;SAFE;0;0;0;-1;-1;0.00;0.00;0.00;0.00;0.00;KELLY_LITE;true;0.00;0.00;0.0000;INIT;213213.44;213213.44;36;0
2026.08.11 10:04:07;XAUUSD;5;1786442647;FILTER_BLOCK_TREND_DISAGREE;TREND_DISAGREE (main=-1 fast=1 rsi=50.0, no extreme);BLOCKED;SAFE;0;0;0;-1;-1;0.00;0.00;0.00;0.00;0.00;KELLY_LITE;true;0.00;0.00;0.0000;INIT;213213.44;213213.44;36;0
2026.08.11 10:09:07;XAUUSD;5;1786442647;FILTER_BLOCK_TREND_DISAGREE;TREND_DISAGREE (main=-1 fast=1 rsi=53.2, no extreme);BLOCKED;SAFE;0;0;0;-1;-1;0.00;0.00;0.00;0.00;0.00;KELLY_LITE;true;0.00;0.00;0.0000;INIT;213213.44;213213.44;36;0
2026.08.11 10:14:07;XAUUSD;5;1786442647;FILTER_BLOCK_TREND_DISAGREE;TREND_DISAGREE (main=-1 fast=1 rsi=51.9, no extreme);BLOCKED;SAFE;0;0;0;-1;-1;0.00;0.00;0.00;0.00;0.00;KELLY_LITE;true;0.00;0.00;0.0000;INIT;213213.44;213213.44;36;0
2026.08.11 10:19:07;XAUUSD;5;1786442647;FILTER_BLOCK_TREND_DISAGREE;TREND_DISAGREE (main=-1 fast=1 rsi=54.8, no extreme);BLOCKED;SAFE;0;0;0;-1;-1;0.00;0.00;0.00;0.00;0.00;KELLY_LITE;true;0.00;0.00;0.0000;INIT;213213.44;213213.44;36;0
2026.08.11 10:24:07;XAUUSD;5;1786442647;FILTER_BLOCK_ADX_WEAK_MAIN;ADX_WEAK_MAIN (adx=18.9 min=20.0);BLOCKED;SAFE;0;0;0;-1;-1;0.00;0.00;0.00;0.00;0.00;KELLY_LITE;true;0.00;0.00;0.0000;INIT;213213.44;213213.44;36;0
2026.08.11 10:29:07;XAUUSD;5;1786442647;FILTER_BLOCK_TREND_DISAGREE;TREND_DISAGREE (main=-1 fast=1 rsi=54.9, no extreme);BLOCKED;SAFE;0;0;0;-1;-1;0.00;0.00;0.00;0.00;0.00;KELLY_LITE;true;0.00;0.00;0.0000;INIT;213213.44;213213.44;36;0
2026.08.11 10:34:08;XAUUSD;5;1786442647;FILTER_BLOCK_TREND_DISAGREE;TREND_DISAGREE (main=-1 fast=1 rsi=53.1, no extreme);BLOCKED;SAFE;0;0;0;-1;-1;0.00;0.00;0.00;0.00;0.00;KELLY_LITE;true;0.00;0.00;0.0000;INIT;213213.44;213213.44;36;0
2026.08.11 10:39:08;XAUUSD;5;1786442648;PLACE_PENDING_START;cycle=1786442648 trend=-1 consecLosses=0 preset=AGGRESSIVE;PLACE_PENDING;SAFE;0;0;0;-1;-1;0.00;0.00;0.00;0.00;0.00;KELLY_LITE;true;0.00;0.00;0.0000;INIT;213213.44;213213.44;36;0
2026.08.11 10:39:08;XAUUSD;5;1786442648;DIR_OCO_PLACED;dir=BEAR ticket=118634628 price=4372.37 sl=4387.37 tp=4349.87 lot=0.04 dist=1.50;PLACE_PENDING;SAFE;0;1;0;-1;118634628;0.00;0.00;0.00;0.00;0.00;KELLY_LITE;true;0.04;213213.44;0.0417;KELLY_LITE(mult=1.00 taper=1.00 n=0)+HARD_RISK_CAP(2.0%)+MAXLOSS_CAP;213213.44;213213.44;36;0
2026.08.11 10:39:09;XAUUSD;5;1786442648;DIR_OCO_COUNTER_PLACED;dir=BULL(counter) ticket=118634630 price=4375.76 lot=0.03;PLACE_PENDING;SAFE;0;2;0;118634630;118634628;0.00;0.00;0.00;0.00;0.00;KELLY_LITE;true;0.04;213213.44;0.0417;KELLY_LITE(mult=1.00 taper=1.00 n=0)+HARD_RISK_CAP(2.0%)+MAXLOSS_CAP;213213.44;213213.44;36;0
2026.08.11 10:39:20;XAUUSD;5;1786442648;BUY_STOP_TRAILED;Old=4375.76 New=4375.44;WAIT_TRIGGER;SAFE;0;2;0;118634630;118634628;0.00;0.00;0.00;0.00;0.00;KELLY_LITE;true;0.04;213213.44;0.0417;KELLY_LITE(mult=1.00 taper=1.00 n=0)+HARD_RISK_CAP(2.0%)+MAXLOSS_CAP;213213.44;213213.44;36;0
2026.08.11 10:39:21;XAUUSD;5;1786442648;BUY_STOP_TRAILED;Old=4375.44 New=4375.10;WAIT_TRIGGER;SAFE;0;2;0;118634630;118634628;0.00;0.00;0.00;0.00;0.00;KELLY_LITE;true;0.04;213213.44;0.0417;KELLY_LITE(mult=1.00 taper=1.00 n=0)+HARD_RISK_CAP(2.0%)+MAXLOSS_CAP;213213.44;213213.44;36;0
2026.08.11 10:39:47;XAUUSD;5;1786442648;BUY_STOP_TRAILED;Old=4375.10 New=4374.78;WAIT_TRIGGER;SAFE;0;2;0;118634630;118634628;0.00;0.00;0.00;0.00;0.00;KELLY_LITE;true;0.04;213213.44;0.0417;KELLY_LITE(mult=1.00 taper=1.00 n=0)+HARD_RISK_CAP(2.0%)+MAXLOSS_CAP;213213.44;213213.44;36;0
2026.08.11 10:41:41;XAUUSD;5;1786442648;SELL_STOP_TRAILED;Old=4372.37 New=4372.70;WAIT_TRIGGER;SAFE;0;2;0;118634630;118634628;0.00;0.00;0.00;0.00;0.00;KELLY_LITE;true;0.04;213213.44;0.0417;KELLY_LITE(mult=1.00 taper=1.00 n=0)+HARD_RISK_CAP(2.0%)+MAXLOSS_CAP;213213.44;213213.44;36;0
2026.08.11 10:42:41;XAUUSD;5;1786442648;OCO_TRIGGERED_SELL;ticket=118634628 entry=4372.70;POSITION_ACTIVE;SAFE;1;1;0;118634630;-1;0.00;-1.60;-1.60;0.00;0.00;KELLY_LITE;true;0.04;213213.44;0.0417;KELLY_LITE(mult=1.00 taper=1.00 n=0)+HARD_RISK_CAP(2.0%)+MAXLOSS_CAP;213213.44;213211.84;36;0
2026.08.11 10:42:42;XAUUSD;5;1786442648;PENDING_DELETED;ticket=118634630 reason=oco_sell_triggered;POSITION_ACTIVE;SAFE;1;0;0;118634630;-1;0.00;-1.72;-1.72;0.00;0.00;KELLY_LITE;true;0.04;213213.44;0.0417;KELLY_LITE(mult=1.00 taper=1.00 n=0)+HARD_RISK_CAP(2.0%)+MAXLOSS_CAP;213213.44;213211.72;36;0
2026.08.11 10:42:42;XAUUSD;5;1786442648;HEDGE_PENDING_PLACED;dir=BUY_STOP ticket=118635265 price=4376.13 sl=4373.13 lot=0.05 mainEntry=4372.70 dist=3.00 confirmBars=1;POSITION_ACTIVE;SAFE;1;1;1;-1;-1;4372.70;-1.68;-1.68;0.00;-1.72;KELLY_LITE;true;0.04;213213.44;0.0417;KELLY_LITE(mult=1.00 taper=1.00 n=0)+HARD_RISK_CAP(2.0%)+MAXLOSS_CAP;213213.44;213211.76;36;0
2026.08.11 10:45:03;XAUUSD;5;1786442648;SL_MODIFIED;ticket=118634628 oldSL=4384.70 newSL=4371.26 reason=break_even_lock_leg_0 (retry buf=3pt);MANAGE_PROFIT;SAFE;1;1;1;-1;-1;4372.70;7.84;7.84;8.24;-1.72;KELLY_LITE;true;0.04;213213.44;0.0417;KELLY_LITE(mult=1.00 taper=1.00 n=0)+HARD_RISK_CAP(2.0%)+MAXLOSS_CAP;213213.44;213221.28;36;0
2026.08.11 10:45:03;XAUUSD;5;1786442648;PROFIT_RATCHET_LOCKED;floor=3.50 peak=8.24;MANAGE_PROFIT;SAFE;1;1;1;-1;-1;4372.70;7.84;7.84;8.24;-1.72;KELLY_LITE;true;0.04;213213.44;0.0417;KELLY_LITE(mult=1.00 taper=1.00 n=0)+HARD_RISK_CAP(2.0%)+MAXLOSS_CAP;213213.44;213221.28;36;0
2026.08.11 10:45:03;XAUUSD;5;1786442648;PROFIT_RATCHET_LOCKED;floor=3.50 peak=8.24;MANAGE_PROFIT;SAFE;1;1;1;-1;-1;4372.70;7.84;7.84;8.24;-1.72;KELLY_LITE;true;0.04;213213.44;0.0417;KELLY_LITE(mult=1.00 taper=1.00 n=0)+HARD_RISK_CAP(2.0%)+MAXLOSS_CAP;213213.44;213221.28;36;0
2026.08.11 10:45:03;XAUUSD;5;1786442648;SL_MODIFIED;ticket=118634628 oldSL=4371.26 newSL=4371.23 reason=break_even_lock_leg_0;MANAGE_PROFIT;SAFE;1;1;1;-1;-1;4372.70;8.00;8.00;8.24;-1.72;KELLY_LITE;true;0.04;213213.44;0.0417;KELLY_LITE(mult=1.00 taper=1.00 n=0)+HARD_RISK_CAP(2.0%)+MAXLOSS_CAP;213213.44;213221.44;36;0
2026.08.11 10:45:03;XAUUSD;5;1786442648;PROFIT_RATCHET_LOCKED;floor=3.50 peak=8.24;MANAGE_PROFIT;SAFE;1;1;1;-1;-1;4372.70;8.00;8.00;8.24;-1.72;KELLY_LITE;true;0.04;213213.44;0.0417;KELLY_LITE(mult=1.00 taper=1.00 n=0)+HARD_RISK_CAP(2.0%)+MAXLOSS_CAP;213213.44;213221.44;36;0
2026.08.11 10:45:03;XAUUSD;5;1786442648;PROFIT_RATCHET_LOCKED;floor=3.50 peak=8.24;MANAGE_PROFIT;SAFE;1;1;1;-1;-1;4372.70;8.00;8.00;8.24;-1.72;KELLY_LITE;true;0.04;213213.44;0.0417;KELLY_LITE(mult=1.00 taper=1.00 n=0)+HARD_RISK_CAP(2.0%)+MAXLOSS_CAP;213213.44;213221.44;36;0
2026.08.11 10:45:04;XAUUSD;5;1786442648;PROFIT_RATCHET_LOCKED;floor=3.50 peak=8.24;MANAGE_PROFIT;SAFE;1;1;1;-1;-1;4372.70;7.92;7.92;8.24;-1.72;KELLY_LITE;true;0.04;213213.44;0.0417;KELLY_LITE(mult=1.00 taper=1.00 n=0)+HARD_RISK_CAP(2.0%)+MAXLOSS_CAP;213213.44;213221.36;36;0
2026.08.11 10:45:04;XAUUSD;5;1786442648;SL_MODIFY_FAILED;ticket=118634628 newSL=4371.20 reason=break_even_lock_leg_0 err=0;MANAGE_PROFIT;SAFE;1;1;1;-1;-1;4372.70;7.96;7.96;8.24;-1.72;KELLY_LITE;true;0.04;213213.44;0.0417;KELLY_LITE(mult=1.00 taper=1.00 n=0)+HARD_RISK_CAP(2.0%)+MAXLOSS_CAP;213213.44;213221.40;36;0
2026.08.11 10:45:04;XAUUSD;5;1786442648;PROFIT_RATCHET_LOCKED;floor=3.50 peak=8.24;MANAGE_PROFIT;SAFE;1;1;1;-1;-1;4372.70;7.96;7.96;8.24;-1.72;KELLY_LITE;true;0.04;213213.44;0.0417;KELLY_LITE(mult=1.00 taper=1.00 n=0)+HARD_RISK_CAP(2.0%)+MAXLOSS_CAP;213213.44;213221.40;36;0
2026.08.11 10:45:04;XAUUSD;5;1786442648;PROFIT_RATCHET_LOCKED;floor=3.50 peak=8.24;MANAGE_PROFIT;SAFE;1;1;1;-1;-1;4372.70;7.96;7.96;8.24;-1.72;KELLY_LITE;true;0.04;213213.44;0.0417;KELLY_LITE(mult=1.00 taper=1.00 n=0)+HARD_RISK_CAP(2.0%)+MAXLOSS_CAP;213213.44;213221.40;36;0
2026.08.11 10:45:06;XAUUSD;5;1786442648;PROFIT_RATCHET_LOCKED;floor=3.50 peak=8.24;MANAGE_PROFIT;SAFE;1;1;1;-1;-1;4372.70;8.00;8.00;8.24;-1.72;KELLY_LITE;true;0.04;213213.44;0.0417;KELLY_LITE(mult=1.00 taper=1.00 n=0)+HARD_RISK_CAP(2.0%)+MAXLOSS_CAP;213213.44;213221.44;36;0
2026.08.11 10:45:06;XAUUSD;5;1786442648;PROFIT_RATCHET_LOCKED;floor=3.50 peak=8.24;MANAGE_PROFIT;SAFE;1;1;1;-1;-1;4372.70;8.04;8.04;8.24;-1.72;KELLY_LITE;true;0.04;213213.44;0.0417;KELLY_LITE(mult=1.00 taper=1.00 n=0)+HARD_RISK_CAP(2.0%)+MAXLOSS_CAP;213213.44;213221.48;36;0
2026.08.11 10:45:07;XAUUSD;5;1786442648;SL_MODIFIED;ticket=118634628 oldSL=4371.23 newSL=4371.16 reason=break_even_lock_leg_0;MANAGE_PROFIT;SAFE;1;1;1;-1;-1;4372.70;8.36;8.36;8.24;-1.72;KELLY_LITE;true;0.04;213213.44;0.0417;KELLY_LITE(mult=1.00 taper=1.00 n=0)+HARD_RISK_CAP(2.0%)+MAXLOSS_CAP;213213.44;213221.80;36;0
2026.08.11 10:45:07;XAUUSD;5;1786442648;PROFIT_RATCHET_LOCKED;floor=3.50 peak=8.24;MANAGE_PROFIT;SAFE;1;1;1;-1;-1;4372.70;8.36;8.36;8.24;-1.72;KELLY_LITE;true;0.04;213213.44;0.0417;KELLY_LITE(mult=1.00 taper=1.00 n=0)+HARD_RISK_CAP(2.0%)+MAXLOSS_CAP;213213.44;213221.80;36;0
2026.08.11 10:45:07;XAUUSD;5;1786442648;PROFIT_RATCHET_LOCKED;floor=3.55 peak=8.36;MANAGE_PROFIT;SAFE;1;1;1;-1;-1;4372.70;7.92;7.92;8.36;-1.72;KELLY_LITE;true;0.04;213213.44;0.0417;KELLY_LITE(mult=1.00 taper=1.00 n=0)+HARD_RISK_CAP(2.0%)+MAXLOSS_CAP;213213.44;213221.36;36;0
2026.08.11 10:45:07;XAUUSD;5;1786442648;PROFIT_RATCHET_LOCKED;floor=3.55 peak=8.36;MANAGE_PROFIT;SAFE;1;1;1;-1;-1;4372.70;7.92;7.92;8.36;-1.72;KELLY_LITE;true;0.04;213213.44;0.0417;KELLY_LITE(mult=1.00 taper=1.00 n=0)+HARD_RISK_CAP(2.0%)+MAXLOSS_CAP;213213.44;213221.36;36;0
2026.08.11 10:45:08;XAUUSD;5;1786442648;PROFIT_RATCHET_LOCKED;floor=3.55 peak=8.36;MANAGE_PROFIT;SAFE;1;1;1;-1;-1;4372.70;7.84;7.84;8.36;-1.72;KELLY_LITE;true;0.04;213213.44;0.0417;KELLY_LITE(mult=1.00 taper=1.00 n=0)+HARD_RISK_CAP(2.0%)+MAXLOSS_CAP;213213.44;213221.28;36;0
2026.08.11 10:45:08;XAUUSD;5;1786442648;PROFIT_RATCHET_LOCKED;floor=3.55 peak=8.36;MANAGE_PROFIT;SAFE;1;1;1;-1;-1;4372.70;7.88;7.88;8.36;-1.72;KELLY_LITE;true;0.04;213213.44;0.0417;KELLY_LITE(mult=1.00 taper=1.00 n=0)+HARD_RISK_CAP(2.0%)+MAXLOSS_CAP;213213.44;213221.32;36;0
2026.08.11 10:45:08;XAUUSD;5;1786442648;PROFIT_RATCHET_LOCKED;floor=3.55 peak=8.36;MANAGE_PROFIT;SAFE;1;1;1;-1;-1;4372.70;7.84;7.84;8.36;-1.72;KELLY_LITE;true;0.04;213213.44;0.0417;KELLY_LITE(mult=1.00 taper=1.00 n=0)+HARD_RISK_CAP(2.0%)+MAXLOSS_CAP;213213.44;213221.28;36;0
2026.08.11 10:45:09;XAUUSD;5;1786442648;PROFIT_RATCHET_LOCKED;floor=3.55 peak=8.36;MANAGE_PROFIT;SAFE;1;1;1;-1;-1;4372.70;7.80;7.80;8.36;-1.72;KELLY_LITE;true;0.04;213213.44;0.0417;KELLY_LITE(mult=1.00 taper=1.00 n=0)+HARD_RISK_CAP(2.0%)+MAXLOSS_CAP;213213.44;213221.24;36;0
2026.08.11 10:45:09;XAUUSD;5;1786442648;PROFIT_RATCHET_LOCKED;floor=3.55 peak=8.36;MANAGE_PROFIT;SAFE;1;1;1;-1;-1;4372.70;7.84;7.84;8.36;-1.72;KELLY_LITE;true;0.04;213213.44;0.0417;KELLY_LITE(mult=1.00 taper=1.00 n=0)+HARD_RISK_CAP(2.0%)+MAXLOSS_CAP;213213.44;213221.28;36;0
2026.08.11 10:45:09;XAUUSD;5;1786442648;PROFIT_RATCHET_LOCKED;floor=3.55 peak=8.36;MANAGE_PROFIT;SAFE;1;1;1;-1;-1;4372.70;7.88;7.88;8.36;-1.72;KELLY_LITE;true;0.04;213213.44;0.0417;KELLY_LITE(mult=1.00 taper=1.00 n=0)+HARD_RISK_CAP(2.0%)+MAXLOSS_CAP;213213.44;213221.32;36;0
2026.08.11 10:45:09;XAUUSD;5;1786442648;PROFIT_RATCHET_LOCKED;floor=3.55 peak=8.36;MANAGE_PROFIT;SAFE;1;1;1;-1;-1;4372.70;8.08;8.08;8.36;-1.72;KELLY_LITE;true;0.04;213213.44;0.0417;KELLY_LITE(mult=1.00 taper=1.00 n=0)+HARD_RISK_CAP(2.0%)+MAXLOSS_CAP;213213.44;213221.52;36;0
2026.08.11 10:45:10;XAUUSD;5;1786442648;PROFIT_RATCHET_LOCKED;floor=3.55 peak=8.36;MANAGE_PROFIT;SAFE;1;1;1;-1;-1;4372.70;8.04;8.04;8.36;-1.72;KELLY_LITE;true;0.04;213213.44;0.0417;KELLY_LITE(mult=1.00 taper=1.00 n=0)+HARD_RISK_CAP(2.0%)+MAXLOSS_CAP;213213.44;213221.48;36;0
2026.08.11 10:45:10;XAUUSD;5;1786442648;SL_MODIFIED;ticket=118634628 oldSL=4371.16 newSL=4371.13 reason=break_even_lock_leg_0;MANAGE_PROFIT;SAFE;1;1;1;-1;-1;4372.70;8.44;8.44;8.36;-1.72;KELLY_LITE;true;0.04;213213.44;0.0417;KELLY_LITE(mult=1.00 taper=1.00 n=0)+HARD_RISK_CAP(2.0%)+MAXLOSS_CAP;213213.44;213221.88;36;0
2026.08.11 10:45:10;XAUUSD;5;1786442648;PROFIT_RATCHET_LOCKED;floor=3.55 peak=8.36;MANAGE_PROFIT;SAFE;1;1;1;-1;-1;4372.70;8.44;8.44;8.36;-1.72;KELLY_LITE;true;0.04;213213.44;0.0417;KELLY_LITE(mult=1.00 taper=1.00 n=0)+HARD_RISK_CAP(2.0%)+MAXLOSS_CAP;213213.44;213221.88;36;0
2026.08.11 10:45:11;XAUUSD;5;1786442648;PROFIT_RATCHET_LOCKED;floor=3.59 peak=8.44;MANAGE_PROFIT;SAFE;1;1;1;-1;-1;4372.70;7.56;7.56;8.44;-1.72;KELLY_LITE;true;0.04;213213.44;0.0417;KELLY_LITE(mult=1.00 taper=1.00 n=0)+HARD_RISK_CAP(2.0%)+MAXLOSS_CAP;213213.44;213221.00;36;0
2026.08.11 10:45:11;XAUUSD;5;1786442648;PROFIT_RATCHET_LOCKED;floor=3.59 peak=8.44;MANAGE_PROFIT;SAFE;1;1;1;-1;-1;4372.70;7.56;7.56;8.44;-1.72;KELLY_LITE;true;0.04;213213.44;0.0417;KELLY_LITE(mult=1.00 taper=1.00 n=0)+HARD_RISK_CAP(2.0%)+MAXLOSS_CAP;213213.44;213221.00;36;0
2026.08.11 10:45:11;XAUUSD;5;1786442648;PROFIT_RATCHET_LOCKED;floor=3.59 peak=8.44;MANAGE_PROFIT;SAFE;1;1;1;-1;-1;4372.70;7.84;7.84;8.44;-1.72;KELLY_LITE;true;0.04;213213.44;0.0417;KELLY_LITE(mult=1.00 taper=1.00 n=0)+HARD_RISK_CAP(2.0%)+MAXLOSS_CAP;213213.44;213221.28;36;0
2026.08.11 10:45:12;XAUUSD;5;1786442648;PROFIT_RATCHET_LOCKED;floor=3.59 peak=8.44;MANAGE_PROFIT;SAFE;1;1;1;-1;-1;4372.70;7.88;7.88;8.44;-1.72;KELLY_LITE;true;0.04;213213.44;0.0417;KELLY_LITE(mult=1.00 taper=1.00 n=0)+HARD_RISK_CAP(2.0%)+MAXLOSS_CAP;213213.44;213221.32;36;0
2026.08.11 10:45:12;XAUUSD;5;1786442648;PROFIT_RATCHET_LOCKED;floor=3.59 peak=8.44;MANAGE_PROFIT;SAFE;1;1;1;-1;-1;4372.70;7.80;7.80;8.44;-1.72;KELLY_LITE;true;0.04;213213.44;0.0417;KELLY_LITE(mult=1.00 taper=1.00 n=0)+HARD_RISK_CAP(2.0%)+MAXLOSS_CAP;213213.44;213221.24;36;0
2026.08.11 10:45:12;XAUUSD;5;1786442648;PROFIT_RATCHET_LOCKED;floor=3.59 peak=8.44;MANAGE_PROFIT;SAFE;1;1;1;-1;-1;4372.70;7.88;7.88;8.44;-1.72;KELLY_LITE;true;0.04;213213.44;0.0417;KELLY_LITE(mult=1.00 taper=1.00 n=0)+HARD_RISK_CAP(2.0%)+MAXLOSS_CAP;213213.44;213221.32;36;0
2026.08.11 10:45:13;XAUUSD;5;1786442648;PROFIT_RATCHET_LOCKED;floor=3.59 peak=8.44;MANAGE_PROFIT;SAFE;1;1;1;-1;-1;4372.70;7.76;7.76;8.44;-1.72;KELLY_LITE;true;0.04;213213.44;0.0417;KELLY_LITE(mult=1.00 taper=1.00 n=0)+HARD_RISK_CAP(2.0%)+MAXLOSS_CAP;213213.44;213221.20;36;0
2026.08.11 10:45:13;XAUUSD;5;1786442648;PROFIT_RATCHET_LOCKED;floor=3.59 peak=8.44;MANAGE_PROFIT;SAFE;1;1;1;-1;-1;4372.70;7.80;7.80;8.44;-1.72;KELLY_LITE;true;0.04;213213.44;0.0417;KELLY_LITE(mult=1.00 taper=1.00 n=0)+HARD_RISK_CAP(2.0%)+MAXLOSS_CAP;213213.44;213221.24;36;0
2026.08.11 10:45:13;XAUUSD;5;1786442648;PROFIT_RATCHET_LOCKED;floor=3.59 peak=8.44;MANAGE_PROFIT;SAFE;1;1;1;-1;-1;4372.70;7.88;7.88;8.44;-1.72;KELLY_LITE;true;0.04;213213.44;0.0417;KELLY_LITE(mult=1.00 taper=1.00 n=0)+HARD_RISK_CAP(2.0%)+MAXLOSS_CAP;213213.44;213221.32;36;0
2026.08.11 10:45:14;XAUUSD;5;1786442648;PROFIT_RATCHET_LOCKED;floor=3.59 peak=8.44;MANAGE_PROFIT;SAFE;1;1;1;-1;-1;4372.70;7.76;7.76;8.44;-1.72;KELLY_LITE;true;0.04;213213.44;0.0417;KELLY_LITE(mult=1.00 taper=1.00 n=0)+HARD_RISK_CAP(2.0%)+MAXLOSS_CAP;213213.44;213221.20;36;0
2026.08.11 10:45:14;XAUUSD;5;1786442648;PROFIT_RATCHET_LOCKED;floor=3.59 peak=8.44;MANAGE_PROFIT;SAFE;1;1;1;-1;-1;4372.70;7.72;7.72;8.44;-1.72;KELLY_LITE;true;0.04;213213.44;0.0417;KELLY_LITE(mult=1.00 taper=1.00 n=0)+HARD_RISK_CAP(2.0%)+MAXLOSS_CAP;213213.44;213221.16;36;0
2026.08.11 10:45:15;XAUUSD;5;1786442648;PROFIT_RATCHET_LOCKED;floor=3.59 peak=8.44;MANAGE_PROFIT;SAFE;1;1;1;-1;-1;4372.70;7.60;7.60;8.44;-1.72;KELLY_LITE;true;0.04;213213.44;0.0417;KELLY_LITE(mult=1.00 taper=1.00 n=0)+HARD_RISK_CAP(2.0%)+MAXLOSS_CAP;213213.44;213221.04;36;0
2026.08.11 10:45:15;XAUUSD;5;1786442648;PROFIT_RATCHET_LOCKED;floor=3.59 peak=8.44;MANAGE_PROFIT;SAFE;1;1;1;-1;-1;4372.70;7.84;7.84;8.44;-1.72;KELLY_LITE;true;0.04;213213.44;0.0417;KELLY_LITE(mult=1.00 taper=1.00 n=0)+HARD_RISK_CAP(2.0%)+MAXLOSS_CAP;213213.44;213221.28;36;0
2026.08.11 10:45:15;XAUUSD;5;1786442648;PROFIT_RATCHET_LOCKED;floor=3.59 peak=8.44;MANAGE_PROFIT;SAFE;1;1;1;-1;-1;4372.70;7.56;7.56;8.44;-1.72;KELLY_LITE;true;0.04;213213.44;0.0417;KELLY_LITE(mult=1.00 taper=1.00 n=0)+HARD_RISK_CAP(2.0%)+MAXLOSS_CAP;213213.44;213221.00;36;0
2026.08.11 10:45:16;XAUUSD;5;1786442648;PROFIT_RATCHET_LOCKED;floor=3.59 peak=8.44;MANAGE_PROFIT;SAFE;1;1;1;-1;-1;4372.70;7.76;7.76;8.44;-1.72;KELLY_LITE;true;0.04;213213.44;0.0417;KELLY_LITE(mult=1.00 taper=1.00 n=0)+HARD_RISK_CAP(2.0%)+MAXLOSS_CAP;213213.44;213221.20;36;0
2026.08.11 10:45:16;XAUUSD;5;1786442648;PROFIT_RATCHET_LOCKED;floor=3.59 peak=8.44;MANAGE_PROFIT;SAFE;1;1;1;-1;-1;4372.70;7.56;7.56;8.44;-1.72;KELLY_LITE;true;0.04;213213.44;0.0417;KELLY_LITE(mult=1.00 taper=1.00 n=0)+HARD_RISK_CAP(2.0%)+MAXLOSS_CAP;213213.44;213221.00;36;0
2026.08.11 10:45:16;XAUUSD;5;1786442648;PROFIT_RATCHET_LOCKED;floor=3.59 peak=8.44;MANAGE_PROFIT;SAFE;1;1;1;-1;-1;4372.70;7.36;7.36;8.44;-1.72;KELLY_LITE;true;0.04;213213.44;0.0417;KELLY_LITE(mult=1.00 taper=1.00 n=0)+HARD_RISK_CAP(2.0%)+MAXLOSS_CAP;213213.44;213220.80;36;0
2026.08.11 10:45:16;XAUUSD;5;1786442648;PROFIT_RATCHET_LOCKED;floor=3.59 peak=8.44;MANAGE_PROFIT;SAFE;1;1;1;-1;-1;4372.70;7.32;7.32;8.44;-1.72;KELLY_LITE;true;0.04;213213.44;0.0417;KELLY_LITE(mult=1.00 taper=1.00 n=0)+HARD_RISK_CAP(2.0%)+MAXLOSS_CAP;213213.44;213220.76;36;0
2026.08.11 10:45:17;XAUUSD;5;1786442648;PROFIT_RATCHET_LOCKED;floor=3.59 peak=8.44;MANAGE_PROFIT;SAFE;1;1;1;-1;-1;4372.70;7.24;7.24;8.44;-1.72;KELLY_LITE;true;0.04;213213.44;0.0417;KELLY_LITE(mult=1.00 taper=1.00 n=0)+HARD_RISK_CAP(2.0%)+MAXLOSS_CAP;213213.44;213220.68;36;0
2026.08.11 10:45:17;XAUUSD;5;1786442648;EXIT_TIERED_TRAIL;profit=7.16 peak=8.44 allowedRetrace=1.27;MANAGE_PROFIT;SAFE;1;1;1;-1;-1;4372.70;7.16;7.16;8.44;-1.72;KELLY_LITE;true;0.04;213213.44;0.0417;KELLY_LITE(mult=1.00 taper=1.00 n=0)+HARD_RISK_CAP(2.0%)+MAXLOSS_CAP;213213.44;213220.60;36;0
2026.08.11 10:45:17;XAUUSD;5;1786442648;POSITION_CLOSED;ticket=118634628 reason=tiered_profit_trail lots=0.04 price=4370.91 pnl=7.16;MANAGE_PROFIT;SAFE;0;1;1;-1;-1;4372.70;0.00;0.00;8.44;-1.72;KELLY_LITE;true;0.04;213213.44;0.0417;KELLY_LITE(mult=1.00 taper=1.00 n=0)+HARD_RISK_CAP(2.0%)+MAXLOSS_CAP;213220.36;213220.36;36;0
2026.08.11 10:45:18;XAUUSD;5;1786442648;PENDING_DELETED;ticket=118635265 reason=close_all_hedge;MANAGE_PROFIT;SAFE;0;0;0;-1;-1;4372.70;0.00;0.00;8.44;-1.72;KELLY_LITE;true;0.04;213213.44;0.0417;KELLY_LITE(mult=1.00 taper=1.00 n=0)+HARD_RISK_CAP(2.0%)+MAXLOSS_CAP;213220.36;213220.36;36;0
2026.08.11 10:45:18;XAUUSD;5;1786442648;CYCLE_RESET;oldState=RESET realizedPnL=6.92 peak=8.44 worst=-1.72 pyramid=0 consLosses=0;RESET;SAFE;0;0;0;-1;-1;4372.70;0.00;0.00;8.44;-1.72;KELLY_LITE;true;0.04;213213.44;0.0417;KELLY_LITE(mult=1.00 taper=1.00 n=0)+HARD_RISK_CAP(2.0%)+MAXLOSS_CAP;213220.36;213220.36;36;0
2026.08.11 10:50:18;XAUUSD;5;1786442648;FILTER_BLOCK_ADX_WEAK_MAIN;ADX_WEAK_MAIN (adx=15.8 min=20.0);BLOCKED;SAFE;0;0;0;-1;-1;0.00;0.00;0.00;0.00;0.00;KELLY_LITE;true;0.04;213213.44;0.0417;KELLY_LITE(mult=1.00 taper=1.00 n=0)+HARD_RISK_CAP(2.0%)+MAXLOSS_CAP;213220.36;213220.36;36;0
2026.08.11 10:55:18;XAUUSD;5;1786442648;FILTER_BLOCK_ADX_WEAK_MAIN;ADX_WEAK_MAIN (adx=14.1 min=20.0);BLOCKED;SAFE;0;0;0;-1;-1;0.00;0.00;0.00;0.00;0.00;KELLY_LITE;true;0.04;213213.44;0.0417;KELLY_LITE(mult=1.00 taper=1.00 n=0)+HARD_RISK_CAP(2.0%)+MAXLOSS_CAP;213220.36;213220.36;36;0
2026.08.11 10:56:28;XAUUSD;5;1786442648;EA_DEINIT;reason=3;IDLE;SAFE;0;0;0;-1;-1;0.00;0.00;0.00;0.00;0.00;KELLY_LITE;true;0.04;213213.44;0.0417;KELLY_LITE(mult=1.00 taper=1.00 n=0)+HARD_RISK_CAP(2.0%)+MAXLOSS_CAP;213220.36;213220.36;36;0
2026.08.11 10:56:28;XAUUSD;15;1786445788;EA_INIT;V7.1|Preset=AGGRESSIVE|MaxLoss=$50.0 SL=$12.0 RiskPct=1.50|HedgeMaxNeg=$10.0 LotRatio=1.25 ConfirmBars=1 Cooldown=60s|DailyDD=4.0% WeeklyLim=$100|AutoLotMode=KELLY_LITE|Session=ALL NewsFilter=OFF (0 times);IDLE;SAFE;0;0;0;-1;-1;0.00;0.00;0.00;0.00;0.00;KELLY_LITE;true;0.04;213213.44;0.0417;KELLY_LITE(mult=1.00 taper=1.00 n=0)+HARD_RISK_CAP(2.0%)+MAXLOSS_CAP;213220.36;213220.36;36;0
2026.08.11 10:56:28;XAUUSD;15;1786445788;DAILY_BASELINE_RESTORED;startEquity=213213.44 paused=false hardStop=false;IDLE;SAFE;0;0;0;-1;-1;0.00;0.00;0.00;0.00;0.00;KELLY_LITE;true;0.04;213213.44;0.0417;KELLY_LITE(mult=1.00 taper=1.00 n=0)+HARD_RISK_CAP(2.0%)+MAXLOSS_CAP;213220.36;213220.36;36;0
2026.08.11 10:56:28;XAUUSD;15;1786445788;WEEKLY_BASELINE_RESTORED;startEquity=213213.44 paused=false;IDLE;SAFE;0;0;0;-1;-1;0.00;0.00;0.00;0.00;0.00;KELLY_LITE;true;0.04;213213.44;0.0417;KELLY_LITE(mult=1.00 taper=1.00 n=0)+HARD_RISK_CAP(2.0%)+MAXLOSS_CAP;213220.36;213220.36;36;0
2026.08.11 10:56:32;XAUUSD;15;1786445788;EA_DEINIT;reason=3;IDLE;SAFE;0;0;0;-1;-1;0.00;0.00;0.00;0.00;0.00;KELLY_LITE;true;0.04;213213.44;0.0417;KELLY_LITE(mult=1.00 taper=1.00 n=0)+HARD_RISK_CAP(2.0%)+MAXLOSS_CAP;213220.36;213220.36;36;0
2026.08.11 10:56:32;XAUUSD;5;1786445792;EA_INIT;V7.1|Preset=AGGRESSIVE|MaxLoss=$50.0 SL=$12.0 RiskPct=1.50|HedgeMaxNeg=$10.0 LotRatio=1.25 ConfirmBars=1 Cooldown=60s|DailyDD=4.0% WeeklyLim=$100|AutoLotMode=KELLY_LITE|Session=ALL NewsFilter=OFF (0 times);IDLE;SAFE;0;0;0;-1;-1;0.00;0.00;0.00;0.00;0.00;KELLY_LITE;true;0.04;213213.44;0.0417;KELLY_LITE(mult=1.00 taper=1.00 n=0)+HARD_RISK_CAP(2.0%)+MAXLOSS_CAP;213220.36;213220.36;36;0
2026.08.11 10:56:32;XAUUSD;5;1786445792;DAILY_BASELINE_RESTORED;startEquity=213213.44 paused=false hardStop=false;IDLE;SAFE;0;0;0;-1;-1;0.00;0.00;0.00;0.00;0.00;KELLY_LITE;true;0.04;213213.44;0.0417;KELLY_LITE(mult=1.00 taper=1.00 n=0)+HARD_RISK_CAP(2.0%)+MAXLOSS_CAP;213220.36;213220.36;36;0
2026.08.11 10:56:32;XAUUSD;5;1786445792;WEEKLY_BASELINE_RESTORED;startEquity=213213.44 paused=false;IDLE;SAFE;0;0;0;-1;-1;0.00;0.00;0.00;0.00;0.00;KELLY_LITE;true;0.04;213213.44;0.0417;KELLY_LITE(mult=1.00 taper=1.00 n=0)+HARD_RISK_CAP(2.0%)+MAXLOSS_CAP;213220.36;213220.36;36;0
2026.08.11 11:00:18;XAUUSD;5;1786445792;FILTER_BLOCK_ADX_WEAK_MAIN;ADX_WEAK_MAIN (adx=12.6 min=20.0);BLOCKED;SAFE;0;0;0;-1;-1;0.00;0.00;0.00;0.00;0.00;KELLY_LITE;true;0.04;213213.44;0.0417;KELLY_LITE(mult=1.00 taper=1.00 n=0)+HARD_RISK_CAP(2.0%)+MAXLOSS_CAP;213220.36;213220.36;36;0
2026.08.11 11:05:18;XAUUSD;5;1786445792;FILTER_BLOCK_ADX_WEAK_MAIN;ADX_WEAK_MAIN (adx=13.7 min=20.0);BLOCKED;SAFE;0;0;0;-1;-1;0.00;0.00;0.00;0.00;0.00;KELLY_LITE;true;0.04;213213.44;0.0417;KELLY_LITE(mult=1.00 taper=1.00 n=0)+HARD_RISK_CAP(2.0%)+MAXLOSS_CAP;213220.36;213220.36;36;0
2026.08.11 11:10:18;XAUUSD;5;1786445792;FILTER_BLOCK_ADX_WEAK_MAIN;ADX_WEAK_MAIN (adx=15.8 min=20.0);BLOCKED;SAFE;0;0;0;-1;-1;0.00;0.00;0.00;0.00;0.00;KELLY_LITE;true;0.04;213213.44;0.0417;KELLY_LITE(mult=1.00 taper=1.00 n=0)+HARD_RISK_CAP(2.0%)+MAXLOSS_CAP;213220.36;213220.36;33;0
2026.08.11 11:15:18;XAUUSD;5;1786445792;FILTER_BLOCK_TREND_DISAGREE;TREND_DISAGREE (main=-1 fast=1 rsi=54.0, no extreme);BLOCKED;SAFE;0;0;0;-1;-1;0.00;0.00;0.00;0.00;0.00;KELLY_LITE;true;0.04;213213.44;0.0417;KELLY_LITE(mult=1.00 taper=1.00 n=0)+HARD_RISK_CAP(2.0%)+MAXLOSS_CAP;213220.36;213220.36;36;0
2026.08.11 11:20:19;XAUUSD;5;1786445792;FILTER_BLOCK_TREND_DISAGREE;TREND_DISAGREE (main=-1 fast=1 rsi=52.3, no extreme);BLOCKED;SAFE;0;0;0;-1;-1;0.00;0.00;0.00;0.00;0.00;KELLY_LITE;true;0.04;213213.44;0.0417;KELLY_LITE(mult=1.00 taper=1.00 n=0)+HARD_RISK_CAP(2.0%)+MAXLOSS_CAP;213220.36;213220.36;36;0
2026.08.11 11:25:19;XAUUSD;5;1786445793;PLACE_PENDING_START;cycle=1786445793 trend=-1 consecLosses=0 preset=AGGRESSIVE;PLACE_PENDING;SAFE;0;0;0;-1;-1;0.00;0.00;0.00;0.00;0.00;KELLY_LITE;true;0.04;213213.44;0.0417;KELLY_LITE(mult=1.00 taper=1.00 n=0)+HARD_RISK_CAP(2.0%)+MAXLOSS_CAP;213220.36;213220.36;36;0
2026.08.11 11:25:19;XAUUSD;5;1786445793;DIR_OCO_PLACED;dir=BEAR ticket=118642620 price=4377.75 sl=4392.75 tp=4355.25 lot=0.04 dist=1.50;PLACE_PENDING;SAFE;0;1;0;-1;118642620;0.00;0.00;0.00;0.00;0.00;KELLY_LITE;true;0.04;213220.36;0.0417;KELLY_LITE(mult=1.00 taper=1.00 n=0)+HARD_RISK_CAP(2.0%)+MAXLOSS_CAP;213220.36;213220.36;36;0
2026.08.11 11:25:19;XAUUSD;5;1786445793;DIR_OCO_COUNTER_PLACED;dir=BULL(counter) ticket=118642624 price=4381.33 lot=0.03;PLACE_PENDING;SAFE;0;2;0;118642624;118642620;0.00;0.00;0.00;0.00;0.00;KELLY_LITE;true;0.04;213220.36;0.0417;KELLY_LITE(mult=1.00 taper=1.00 n=0)+HARD_RISK_CAP(2.0%)+MAXLOSS_CAP;213220.36;213220.36;36;0
2026.08.11 11:25:21;XAUUSD;5;1786445793;BUY_STOP_TRAILED;Old=4381.33 New=4381.02;WAIT_TRIGGER;SAFE;0;2;0;118642624;118642620;0.00;0.00;0.00;0.00;0.00;KELLY_LITE;true;0.04;213220.36;0.0417;KELLY_LITE(mult=1.00 taper=1.00 n=0)+HARD_RISK_CAP(2.0%)+MAXLOSS_CAP;213220.36;213220.36;36;0
2026.08.11 11:25:24;XAUUSD;5;1786445793;BUY_STOP_TRAILED;Old=4381.02 New=4380.68;WAIT_TRIGGER;SAFE;0;2;0;118642624;118642620;0.00;0.00;0.00;0.00;0.00;KELLY_LITE;true;0.04;213220.36;0.0417;KELLY_LITE(mult=1.00 taper=1.00 n=0)+HARD_RISK_CAP(2.0%)+MAXLOSS_CAP;213220.36;213220.36;36;0
2026.08.11 11:25:26;XAUUSD;5;1786445793;BUY_STOP_TRAILED;Old=4380.68 New=4380.09;WAIT_TRIGGER;SAFE;0;2;0;118642624;118642620;0.00;0.00;0.00;0.00;0.00;KELLY_LITE;true;0.04;213220.36;0.0417;KELLY_LITE(mult=1.00 taper=1.00 n=0)+HARD_RISK_CAP(2.0%)+MAXLOSS_CAP;213220.36;213220.36;36;0
2026.08.11 11:25:40;XAUUSD;5;1786445793;SELL_STOP_TRAILED;Old=4377.75 New=4378.23;WAIT_TRIGGER;SAFE;1;1;0;118642624;118642620;0.00;-0.87;-0.87;0.00;0.00;KELLY_LITE;true;0.04;213220.36;0.0417;KELLY_LITE(mult=1.00 taper=1.00 n=0)+HARD_RISK_CAP(2.0%)+MAXLOSS_CAP;213220.36;213219.49;35;0
2026.08.11 11:25:40;XAUUSD;5;1786445793;OCO_TRIGGERED_BUY;ticket=118642624 entry=4380.09;POSITION_ACTIVE;SAFE;1;1;0;-1;118642620;0.00;-0.87;-0.87;0.00;0.00;KELLY_LITE;true;0.04;213220.36;0.0417;KELLY_LITE(mult=1.00 taper=1.00 n=0)+HARD_RISK_CAP(2.0%)+MAXLOSS_CAP;213220.36;213219.49;35;0
2026.08.11 11:25:40;XAUUSD;5;1786445793;PENDING_DELETED;ticket=118642620 reason=oco_buy_triggered;POSITION_ACTIVE;SAFE;1;0;0;-1;118642620;0.00;-0.81;-0.81;0.00;0.00;KELLY_LITE;true;0.04;213220.36;0.0417;KELLY_LITE(mult=1.00 taper=1.00 n=0)+HARD_RISK_CAP(2.0%)+MAXLOSS_CAP;213220.36;213219.55;33;0
2026.08.11 11:25:41;XAUUSD;5;1786445793;HEDGE_PENDING_PLACED;dir=SELL_STOP ticket=118642750 price=4376.82 sl=4379.82 lot=0.05 mainEntry=4380.09 dist=3.00 confirmBars=1;POSITION_ACTIVE;SAFE;1;1;1;-1;-1;4380.09;-0.84;-0.84;0.00;-0.81;KELLY_LITE;true;0.04;213220.36;0.0417;KELLY_LITE(mult=1.00 taper=1.00 n=0)+HARD_RISK_CAP(2.0%)+MAXLOSS_CAP;213220.36;213219.52;36;0
2026.08.11 11:40:43;XAUUSD;5;1786445793;PENDING_DELETED;ticket=118642750 reason=hedge_pending_expired;POSITION_ACTIVE;SAFE;1;0;1;-1;-1;4380.09;-6.84;-6.84;4.89;-7.71;KELLY_LITE;true;0.04;213220.36;0.0417;KELLY_LITE(mult=1.00 taper=1.00 n=0)+HARD_RISK_CAP(2.0%)+MAXLOSS_CAP;213220.36;213213.52;36;0
2026.08.11 11:40:43;XAUUSD;5;1786445793;HEDGE_PENDING_EXPIRED;after=900s rearm=1/1;POSITION_ACTIVE;SAFE;1;0;1;-1;-1;4380.09;-6.84;-6.84;4.89;-7.71;KELLY_LITE;true;0.04;213220.36;0.0417;KELLY_LITE(mult=1.00 taper=1.00 n=0)+HARD_RISK_CAP(2.0%)+MAXLOSS_CAP;213220.36;213213.52;36;0
2026.08.11 11:40:43;XAUUSD;5;1786445793;HEDGE_PENDING_PLACED;dir=SELL_STOP ticket=118646157 price=4374.81 sl=4377.81 lot=0.05 mainEntry=4380.09 dist=3.00 confirmBars=1;MANAGE_PROFIT;SAFE;1;1;1;-1;-1;4380.09;-7.02;-7.02;4.89;-7.71;KELLY_LITE;true;0.04;213220.36;0.0417;KELLY_LITE(mult=1.00 taper=1.00 n=0)+HARD_RISK_CAP(2.0%)+MAXLOSS_CAP;213220.36;213213.34;36;0
2026.08.11 11:55:44;XAUUSD;5;1786445793;PENDING_DELETED;ticket=118646157 reason=hedge_pending_expired;POSITION_ACTIVE;SAFE;1;0;1;-1;-1;4380.09;1.05;1.05;4.89;-9.36;KELLY_LITE;true;0.04;213220.36;0.0417;KELLY_LITE(mult=1.00 taper=1.00 n=0)+HARD_RISK_CAP(2.0%)+MAXLOSS_CAP;213220.36;213221.41;34;0
2026.08.11 11:55:44;XAUUSD;5;1786445793;HEDGE_PENDING_EXPIRED;after=900s no_more_rearm;POSITION_ACTIVE;SAFE;1;0;1;-1;-1;4380.09;1.05;1.05;4.89;-9.36;KELLY_LITE;true;0.04;213220.36;0.0417;KELLY_LITE(mult=1.00 taper=1.00 n=0)+HARD_RISK_CAP(2.0%)+MAXLOSS_CAP;213220.36;213221.41;34;0
2026.08.11 12:01:07;XAUUSD;5;1786445793;SL_MODIFIED;ticket=118642624 oldSL=4368.09 newSL=4383.03 reason=break_even_lock_leg_0;MANAGE_PROFIT;SAFE;1;0;1;-1;-1;4380.09;13.32;13.32;10.38;-9.36;KELLY_LITE;true;0.04;213220.36;0.0417;KELLY_LITE(mult=1.00 taper=1.00 n=0)+HARD_RISK_CAP(2.0%)+MAXLOSS_CAP;213220.36;213233.68;36;0
2026.08.11 12:01:07;XAUUSD;5;1786445793;PROFIT_RATCHET_LOCKED;floor=3.50 peak=10.38;MANAGE_PROFIT;SAFE;1;0;1;-1;-1;4380.09;13.32;13.32;10.38;-9.36;KELLY_LITE;true;0.04;213220.36;0.0417;KELLY_LITE(mult=1.00 taper=1.00 n=0)+HARD_RISK_CAP(2.0%)+MAXLOSS_CAP;213220.36;213233.68;36;0
2026.08.11 12:01:08;XAUUSD;5;1786445793;SL_MODIFIED;ticket=118642624 oldSL=4383.03 newSL=4383.92 reason=break_even_lock_leg_0 (retry buf=8pt);MANAGE_PROFIT;SAFE;1;0;1;-1;-1;4380.09;15.48;16.53;13.32;-9.36;KELLY_LITE;true;0.04;213220.36;0.0417;KELLY_LITE(mult=1.00 taper=1.00 n=0)+HARD_RISK_CAP(2.0%)+MAXLOSS_CAP;213220.36;213235.84;33;0
2026.08.11 12:01:08;XAUUSD;5;1786445793;PROFIT_RATCHET_LOCKED;floor=4.50 peak=13.32;MANAGE_PROFIT;SAFE;1;0;1;-1;-1;4380.09;15.48;16.53;13.32;-9.36;KELLY_LITE;true;0.04;213220.36;0.0417;KELLY_LITE(mult=1.00 taper=1.00 n=0)+HARD_RISK_CAP(2.0%)+MAXLOSS_CAP;213220.36;213235.84;33;0
2026.08.11 12:01:09;XAUUSD;5;1786445793;SL_MODIFIED;ticket=118642624 oldSL=4383.92 newSL=4384.70 reason=break_even_lock_leg_0 (retry buf=40pt);MANAGE_PROFIT;SAFE;1;0;1;-1;-1;4380.09;21.45;21.45;15.48;-9.36;KELLY_LITE;true;0.04;213220.36;0.0417;KELLY_LITE(mult=1.00 taper=1.00 n=0)+HARD_RISK_CAP(2.0%)+MAXLOSS_CAP;213220.36;213241.81;33;0
2026.08.11 12:01:09;XAUUSD;5;1786445793;PROFIT_RATCHET_LOCKED;floor=5.22 peak=15.48;MANAGE_PROFIT;SAFE;1;0;1;-1;-1;4380.09;21.45;21.45;15.48;-9.36;KELLY_LITE;true;0.04;213220.36;0.0417;KELLY_LITE(mult=1.00 taper=1.00 n=0)+HARD_RISK_CAP(2.0%)+MAXLOSS_CAP;213220.36;213241.81;33;0
2026.08.11 12:01:09;XAUUSD;5;1786445793;SL_MODIFIED;ticket=118642624 oldSL=4384.70 newSL=4385.09 reason=break_even_lock_leg_0;MANAGE_PROFIT;SAFE;1;0;1;-1;-1;4380.09;22.05;21.45;21.45;-9.36;KELLY_LITE;true;0.04;213220.36;0.0417;KELLY_LITE(mult=1.00 taper=1.00 n=0)+HARD_RISK_CAP(2.0%)+MAXLOSS_CAP;213220.36;213242.41;33;0
2026.08.11 12:01:09;XAUUSD;5;1786445793;PROFIT_RATCHET_LOCKED;floor=7.94 peak=21.45;MANAGE_PROFIT;SAFE;1;0;1;-1;-1;4380.09;22.05;21.45;21.45;-9.36;KELLY_LITE;true;0.04;213220.36;0.0417;KELLY_LITE(mult=1.00 taper=1.00 n=0)+HARD_RISK_CAP(2.0%)+MAXLOSS_CAP;213220.36;213242.41;33;0
2026.08.11 12:01:09;XAUUSD;5;1786445793;PROFIT_RATCHET_LOCKED;floor=8.16 peak=22.05;MANAGE_PROFIT;SAFE;1;0;1;-1;-1;4380.09;22.05;21.45;22.05;-9.36;KELLY_LITE;true;0.04;213220.36;0.0417;KELLY_LITE(mult=1.00 taper=1.00 n=0)+HARD_RISK_CAP(2.0%)+MAXLOSS_CAP;213220.36;213242.41;33;0
2026.08.11 12:01:10;XAUUSD;5;1786445793;PROFIT_RATCHET_LOCKED;floor=8.61 peak=23.28;MANAGE_PROFIT;SAFE;1;0;1;-1;-1;4380.09;23.28;23.28;23.28;-9.36;KELLY_LITE;true;0.04;213220.36;0.0417;KELLY_LITE(mult=1.00 taper=1.00 n=0)+HARD_RISK_CAP(2.0%)+MAXLOSS_CAP;213220.36;213243.64;37;0
2026.08.11 12:01:10;XAUUSD;5;1786445793;PROFIT_RATCHET_LOCKED;floor=8.61 peak=23.28;MANAGE_PROFIT;SAFE;1;0;1;-1;-1;4380.09;23.16;23.16;23.28;-9.36;KELLY_LITE;true;0.04;213220.36;0.0417;KELLY_LITE(mult=1.00 taper=1.00 n=0)+HARD_RISK_CAP(2.0%)+MAXLOSS_CAP;213220.36;213243.52;34;0
2026.08.11 12:01:10;XAUUSD;5;1786445793;PROFIT_RATCHET_LOCKED;floor=8.61 peak=23.28;MANAGE_PROFIT;SAFE;1;0;1;-1;-1;4380.09;22.38;22.38;23.28;-9.36;KELLY_LITE;true;0.04;213220.36;0.0417;KELLY_LITE(mult=1.00 taper=1.00 n=0)+HARD_RISK_CAP(2.0%)+MAXLOSS_CAP;213220.36;213242.74;37;0
2026.08.11 12:01:10;XAUUSD;5;1786445793;PROFIT_RATCHET_LOCKED;floor=8.61 peak=23.28;MANAGE_PROFIT;SAFE;1;0;1;-1;-1;4380.09;21.12;21.12;23.28;-9.36;KELLY_LITE;true;0.04;213220.36;0.0417;KELLY_LITE(mult=1.00 taper=1.00 n=0)+HARD_RISK_CAP(2.0%)+MAXLOSS_CAP;213220.36;213241.48;36;0
2026.08.11 12:01:10;XAUUSD;5;1786445793;PROFIT_RATCHET_LOCKED;floor=8.61 peak=23.28;MANAGE_PROFIT;SAFE;1;0;1;-1;-1;4380.09;20.97;20.97;23.28;-9.36;KELLY_LITE;true;0.04;213220.36;0.0417;KELLY_LITE(mult=1.00 taper=1.00 n=0)+HARD_RISK_CAP(2.0%)+MAXLOSS_CAP;213220.36;213241.33;36;0
2026.08.11 12:01:10;XAUUSD;5;1786445793;PROFIT_RATCHET_LOCKED;floor=8.61 peak=23.28;MANAGE_PROFIT;SAFE;1;0;1;-1;-1;4380.09;21.87;21.87;23.28;-9.36;KELLY_LITE;true;0.04;213220.36;0.0417;KELLY_LITE(mult=1.00 taper=1.00 n=0)+HARD_RISK_CAP(2.0%)+MAXLOSS_CAP;213220.36;213242.23;36;0
2026.08.11 12:01:11;XAUUSD;5;1786445793;PROFIT_RATCHET_LOCKED;floor=8.61 peak=23.28;MANAGE_PROFIT;SAFE;1;0;1;-1;-1;4380.09;21.90;21.90;23.28;-9.36;KELLY_LITE;true;0.04;213220.36;0.0417;KELLY_LITE(mult=1.00 taper=1.00 n=0)+HARD_RISK_CAP(2.0%)+MAXLOSS_CAP;213220.36;213242.26;36;0
2026.08.11 12:01:11;XAUUSD;5;1786445793;PROFIT_RATCHET_LOCKED;floor=8.61 peak=23.28;MANAGE_PROFIT;SAFE;1;0;1;-1;-1;4380.09;21.03;21.03;23.28;-9.36;KELLY_LITE;true;0.04;213220.36;0.0417;KELLY_LITE(mult=1.00 taper=1.00 n=0)+HARD_RISK_CAP(2.0%)+MAXLOSS_CAP;213220.36;213241.39;37;0
2026.08.11 12:01:11;XAUUSD;5;1786445793;PROFIT_RATCHET_LOCKED;floor=8.61 peak=23.28;MANAGE_PROFIT;SAFE;1;0;1;-1;-1;4380.09;21.96;21.96;23.28;-9.36;KELLY_LITE;true;0.04;213220.36;0.0417;KELLY_LITE(mult=1.00 taper=1.00 n=0)+HARD_RISK_CAP(2.0%)+MAXLOSS_CAP;213220.36;213242.32;34;0
2026.08.11 12:01:11;XAUUSD;5;1786445793;PROFIT_RATCHET_LOCKED;floor=8.61 peak=23.28;MANAGE_PROFIT;SAFE;1;0;1;-1;-1;4380.09;22.59;22.59;23.28;-9.36;KELLY_LITE;true;0.04;213220.36;0.0417;KELLY_LITE(mult=1.00 taper=1.00 n=0)+HARD_RISK_CAP(2.0%)+MAXLOSS_CAP;213220.36;213242.95;36;0
2026.08.11 12:01:11;XAUUSD;5;1786445793;PROFIT_RATCHET_LOCKED;floor=8.61 peak=23.28;MANAGE_PROFIT;SAFE;1;0;1;-1;-1;4380.09;22.20;22.20;23.28;-9.36;KELLY_LITE;true;0.04;213220.36;0.0417;KELLY_LITE(mult=1.00 taper=1.00 n=0)+HARD_RISK_CAP(2.0%)+MAXLOSS_CAP;213220.36;213242.56;36;0
2026.08.11 12:01:11;XAUUSD;5;1786445793;PROFIT_RATCHET_LOCKED;floor=8.61 peak=23.28;MANAGE_PROFIT;SAFE;1;0;1;-1;-1;4380.09;22.62;22.62;23.28;-9.36;KELLY_LITE;true;0.04;213220.36;0.0417;KELLY_LITE(mult=1.00 taper=1.00 n=0)+HARD_RISK_CAP(2.0%)+MAXLOSS_CAP;213220.36;213242.98;33;0
2026.08.11 12:01:12;XAUUSD;5;1786445793;PROFIT_RATCHET_LOCKED;floor=8.61 peak=23.28;MANAGE_PROFIT;SAFE;1;0;1;-1;-1;4380.09;23.13;23.13;23.28;-9.36;KELLY_LITE;true;0.04;213220.36;0.0417;KELLY_LITE(mult=1.00 taper=1.00 n=0)+HARD_RISK_CAP(2.0%)+MAXLOSS_CAP;213220.36;213243.49;33;0
2026.08.11 12:01:12;XAUUSD;5;1786445793;PROFIT_RATCHET_LOCKED;floor=8.81 peak=23.82;MANAGE_PROFIT;SAFE;1;0;1;-1;-1;4380.09;23.82;23.82;23.82;-9.36;KELLY_LITE;true;0.04;213220.36;0.0417;KELLY_LITE(mult=1.00 taper=1.00 n=0)+HARD_RISK_CAP(2.0%)+MAXLOSS_CAP;213220.36;213244.18;36;0
2026.08.11 12:01:12;XAUUSD;5;1786445793;PROFIT_RATCHET_LOCKED;floor=8.81 peak=23.82;MANAGE_PROFIT;SAFE;1;0;1;-1;-1;4380.09;23.01;23.01;23.82;-9.36;KELLY_LITE;true;0.04;213220.36;0.0417;KELLY_LITE(mult=1.00 taper=1.00 n=0)+HARD_RISK_CAP(2.0%)+MAXLOSS_CAP;213220.36;213243.37;36;0
2026.08.11 12:01:12;XAUUSD;5;1786445793;PROFIT_RATCHET_LOCKED;floor=8.81 peak=23.82;MANAGE_PROFIT;SAFE;1;0;1;-1;-1;4380.09;22.38;22.38;23.82;-9.36;KELLY_LITE;true;0.04;213220.36;0.0417;KELLY_LITE(mult=1.00 taper=1.00 n=0)+HARD_RISK_CAP(2.0%)+MAXLOSS_CAP;213220.36;213242.74;33;0
2026.08.11 12:01:12;XAUUSD;5;1786445793;PROFIT_RATCHET_LOCKED;floor=8.81 peak=23.82;MANAGE_PROFIT;SAFE;1;0;1;-1;-1;4380.09;21.60;21.60;23.82;-9.36;KELLY_LITE;true;0.04;213220.36;0.0417;KELLY_LITE(mult=1.00 taper=1.00 n=0)+HARD_RISK_CAP(2.0%)+MAXLOSS_CAP;213220.36;213241.96;33;0
2026.08.11 12:01:12;XAUUSD;5;1786445793;PROFIT_RATCHET_LOCKED;floor=8.81 peak=23.82;MANAGE_PROFIT;SAFE;1;0;1;-1;-1;4380.09;19.35;19.35;23.82;-9.36;KELLY_LITE;true;0.04;213220.36;0.0417;KELLY_LITE(mult=1.00 taper=1.00 n=0)+HARD_RISK_CAP(2.0%)+MAXLOSS_CAP;213220.36;213239.71;33;0
2026.08.11 12:01:12;XAUUSD;5;1786445793;PROFIT_RATCHET_LOCKED;floor=8.81 peak=23.82;MANAGE_PROFIT;SAFE;1;0;1;-1;-1;4380.09;18.60;18.60;23.82;-9.36;KELLY_LITE;true;0.04;213220.36;0.0417;KELLY_LITE(mult=1.00 taper=1.00 n=0)+HARD_RISK_CAP(2.0%)+MAXLOSS_CAP;213220.36;213238.96;36;0
2026.08.11 12:01:12;XAUUSD;5;1786445793;PROFIT_RATCHET_LOCKED;floor=8.81 peak=23.82;MANAGE_PROFIT;SAFE;1;0;1;-1;-1;4380.09;19.86;19.86;23.82;-9.36;KELLY_LITE;true;0.04;213220.36;0.0417;KELLY_LITE(mult=1.00 taper=1.00 n=0)+HARD_RISK_CAP(2.0%)+MAXLOSS_CAP;213220.36;213240.22;33;0
2026.08.11 12:01:12;XAUUSD;5;1786445793;PROFIT_RATCHET_LOCKED;floor=8.81 peak=23.82;MANAGE_PROFIT;SAFE;1;0;1;-1;-1;4380.09;20.76;20.76;23.82;-9.36;KELLY_LITE;true;0.04;213220.36;0.0417;KELLY_LITE(mult=1.00 taper=1.00 n=0)+HARD_RISK_CAP(2.0%)+MAXLOSS_CAP;213220.36;213241.12;37;0
2026.08.11 12:01:12;XAUUSD;5;1786445793;PROFIT_RATCHET_LOCKED;floor=8.81 peak=23.82;MANAGE_PROFIT;SAFE;1;0;1;-1;-1;4380.09;21.36;21.36;23.82;-9.36;KELLY_LITE;true;0.04;213220.36;0.0417;KELLY_LITE(mult=1.00 taper=1.00 n=0)+HARD_RISK_CAP(2.0%)+MAXLOSS_CAP;213220.36;213241.72;37;0
2026.08.11 12:01:12;XAUUSD;5;1786445793;PROFIT_RATCHET_LOCKED;floor=8.81 peak=23.82;MANAGE_PROFIT;SAFE;1;0;1;-1;-1;4380.09;22.23;22.23;23.82;-9.36;KELLY_LITE;true;0.04;213220.36;0.0417;KELLY_LITE(mult=1.00 taper=1.00 n=0)+HARD_RISK_CAP(2.0%)+MAXLOSS_CAP;213220.36;213242.59;33;0
2026.08.11 12:01:13;XAUUSD;5;1786445793;PROFIT_RATCHET_LOCKED;floor=8.81 peak=23.82;MANAGE_PROFIT;SAFE;1;0;1;-1;-1;4380.09;21.72;21.72;23.82;-9.36;KELLY_LITE;true;0.04;213220.36;0.0417;KELLY_LITE(mult=1.00 taper=1.00 n=0)+HARD_RISK_CAP(2.0%)+MAXLOSS_CAP;213220.36;213242.08;36;0
2026.08.11 12:01:13;XAUUSD;5;1786445793;PROFIT_RATCHET_LOCKED;floor=8.81 peak=23.82;MANAGE_PROFIT;SAFE;1;0;1;-1;-1;4380.09;21.12;21.12;23.82;-9.36;KELLY_LITE;true;0.04;213220.36;0.0417;KELLY_LITE(mult=1.00 taper=1.00 n=0)+HARD_RISK_CAP(2.0%)+MAXLOSS_CAP;213220.36;213241.48;33;0
2026.08.11 12:01:13;XAUUSD;5;1786445793;PROFIT_RATCHET_LOCKED;floor=8.81 peak=23.82;MANAGE_PROFIT;SAFE;1;0;1;-1;-1;4380.09;20.73;20.73;23.82;-9.36;KELLY_LITE;true;0.04;213220.36;0.0417;KELLY_LITE(mult=1.00 taper=1.00 n=0)+HARD_RISK_CAP(2.0%)+MAXLOSS_CAP;213220.36;213241.09;36;0
2026.08.11 12:01:13;XAUUSD;5;1786445793;PROFIT_RATCHET_LOCKED;floor=8.81 peak=23.82;MANAGE_PROFIT;SAFE;1;0;1;-1;-1;4380.09;21.00;21.00;23.82;-9.36;KELLY_LITE;true;0.04;213220.36;0.0417;KELLY_LITE(mult=1.00 taper=1.00 n=0)+HARD_RISK_CAP(2.0%)+MAXLOSS_CAP;213220.36;213241.36;36;0
2026.08.11 12:01:13;XAUUSD;5;1786445793;PROFIT_RATCHET_LOCKED;floor=8.81 peak=23.82;MANAGE_PROFIT;SAFE;1;0;1;-1;-1;4380.09;21.54;21.54;23.82;-9.36;KELLY_LITE;true;0.04;213220.36;0.0417;KELLY_LITE(mult=1.00 taper=1.00 n=0)+HARD_RISK_CAP(2.0%)+MAXLOSS_CAP;213220.36;213241.90;36;0
2026.08.11 12:01:14;XAUUSD;5;1786445793;PROFIT_RATCHET_LOCKED;floor=8.81 peak=23.82;MANAGE_PROFIT;SAFE;1;0;1;-1;-1;4380.09;22.26;22.26;23.82;-9.36;KELLY_LITE;true;0.04;213220.36;0.0417;KELLY_LITE(mult=1.00 taper=1.00 n=0)+HARD_RISK_CAP(2.0%)+MAXLOSS_CAP;213220.36;213242.62;37;0
2026.08.11 12:01:14;XAUUSD;5;1786445793;PROFIT_RATCHET_LOCKED;floor=8.81 peak=23.82;MANAGE_PROFIT;SAFE;1;0;1;-1;-1;4380.09;21.78;21.78;23.82;-9.36;KELLY_LITE;true;0.04;213220.36;0.0417;KELLY_LITE(mult=1.00 taper=1.00 n=0)+HARD_RISK_CAP(2.0%)+MAXLOSS_CAP;213220.36;213242.14;36;0
2026.08.11 12:01:14;XAUUSD;5;1786445793;PROFIT_RATCHET_LOCKED;floor=8.81 peak=23.82;MANAGE_PROFIT;SAFE;1;0;1;-1;-1;4380.09;21.24;21.24;23.82;-9.36;KELLY_LITE;true;0.04;213220.36;0.0417;KELLY_LITE(mult=1.00 taper=1.00 n=0)+HARD_RISK_CAP(2.0%)+MAXLOSS_CAP;213220.36;213241.60;33;0
2026.08.11 12:01:14;XAUUSD;5;1786445793;PROFIT_RATCHET_LOCKED;floor=8.81 peak=23.82;MANAGE_PROFIT;SAFE;1;0;1;-1;-1;4380.09;20.40;20.40;23.82;-9.36;KELLY_LITE;true;0.04;213220.36;0.0417;KELLY_LITE(mult=1.00 taper=1.00 n=0)+HARD_RISK_CAP(2.0%)+MAXLOSS_CAP;213220.36;213240.76;37;0
2026.08.11 12:01:14;XAUUSD;5;1786445793;PROFIT_RATCHET_LOCKED;floor=8.81 peak=23.82;MANAGE_PROFIT;SAFE;1;0;1;-1;-1;4380.09;20.25;20.25;23.82;-9.36;KELLY_LITE;true;0.04;213220.36;0.0417;KELLY_LITE(mult=1.00 taper=1.00 n=0)+HARD_RISK_CAP(2.0%)+MAXLOSS_CAP;213220.36;213240.61;36;0
2026.08.11 12:01:14;XAUUSD;5;1786445793;PROFIT_RATCHET_LOCKED;floor=8.81 peak=23.82;MANAGE_PROFIT;SAFE;1;0;1;-1;-1;4380.09;19.56;19.56;23.82;-9.36;KELLY_LITE;true;0.04;213220.36;0.0417;KELLY_LITE(mult=1.00 taper=1.00 n=0)+HARD_RISK_CAP(2.0%)+MAXLOSS_CAP;213220.36;213239.92;36;0
2026.08.11 12:01:15;XAUUSD;5;1786445793;PROFIT_RATCHET_LOCKED;floor=8.81 peak=23.82;MANAGE_PROFIT;SAFE;1;0;1;-1;-1;4380.09;19.35;19.35;23.82;-9.36;KELLY_LITE;true;0.04;213220.36;0.0417;KELLY_LITE(mult=1.00 taper=1.00 n=0)+HARD_RISK_CAP(2.0%)+MAXLOSS_CAP;213220.36;213239.71;36;0
2026.08.11 12:01:15;XAUUSD;5;1786445793;PROFIT_RATCHET_LOCKED;floor=8.81 peak=23.82;MANAGE_PROFIT;SAFE;1;0;1;-1;-1;4380.09;18.87;18.87;23.82;-9.36;KELLY_LITE;true;0.04;213220.36;0.0417;KELLY_LITE(mult=1.00 taper=1.00 n=0)+HARD_RISK_CAP(2.0%)+MAXLOSS_CAP;213220.36;213239.23;36;0
2026.08.11 12:01:15;XAUUSD;5;1786445793;PROFIT_RATCHET_LOCKED;floor=8.81 peak=23.82;MANAGE_PROFIT;SAFE;1;0;1;-1;-1;4380.09;18.69;18.69;23.82;-9.36;KELLY_LITE;true;0.04;213220.36;0.0417;KELLY_LITE(mult=1.00 taper=1.00 n=0)+HARD_RISK_CAP(2.0%)+MAXLOSS_CAP;213220.36;213239.05;36;0
2026.08.11 12:01:15;XAUUSD;5;1786445793;PROFIT_RATCHET_LOCKED;floor=8.81 peak=23.82;MANAGE_PROFIT;SAFE;1;0;1;-1;-1;4380.09;18.15;18.15;23.82;-9.36;KELLY_LITE;true;0.04;213220.36;0.0417;KELLY_LITE(mult=1.00 taper=1.00 n=0)+HARD_RISK_CAP(2.0%)+MAXLOSS_CAP;213220.36;213238.51;36;0
2026.08.11 12:01:15;XAUUSD;5;1786445793;PROFIT_RATCHET_LOCKED;floor=8.81 peak=23.82;MANAGE_PROFIT;SAFE;1;0;1;-1;-1;4380.09;19.53;19.53;23.82;-9.36;KELLY_LITE;true;0.04;213220.36;0.0417;KELLY_LITE(mult=1.00 taper=1.00 n=0)+HARD_RISK_CAP(2.0%)+MAXLOSS_CAP;213220.36;213239.89;37;0
2026.08.11 12:01:15;XAUUSD;5;1786445793;PROFIT_RATCHET_LOCKED;floor=8.81 peak=23.82;MANAGE_PROFIT;SAFE;1;0;1;-1;-1;4380.09;19.14;19.14;23.82;-9.36;KELLY_LITE;true;0.04;213220.36;0.0417;KELLY_LITE(mult=1.00 taper=1.00 n=0)+HARD_RISK_CAP(2.0%)+MAXLOSS_CAP;213220.36;213239.50;36;0
2026.08.11 12:01:16;XAUUSD;5;1786445793;PROFIT_RATCHET_LOCKED;floor=8.81 peak=23.82;MANAGE_PROFIT;SAFE;1;0;1;-1;-1;4380.09;18.78;18.78;23.82;-9.36;KELLY_LITE;true;0.04;213220.36;0.0417;KELLY_LITE(mult=1.00 taper=1.00 n=0)+HARD_RISK_CAP(2.0%)+MAXLOSS_CAP;213220.36;213239.14;36;0
2026.08.11 12:01:16;XAUUSD;5;1786445793;PROFIT_RATCHET_LOCKED;floor=8.81 peak=23.82;MANAGE_PROFIT;SAFE;1;0;1;-1;-1;4380.09;18.18;18.18;23.82;-9.36;KELLY_LITE;true;0.04;213220.36;0.0417;KELLY_LITE(mult=1.00 taper=1.00 n=0)+HARD_RISK_CAP(2.0%)+MAXLOSS_CAP;213220.36;213238.54;36;0
2026.08.11 12:01:16;XAUUSD;5;1786445793;PROFIT_RATCHET_LOCKED;floor=8.81 peak=23.82;MANAGE_PROFIT;SAFE;1;0;1;-1;-1;4380.09;18.45;18.45;23.82;-9.36;KELLY_LITE;true;0.04;213220.36;0.0417;KELLY_LITE(mult=1.00 taper=1.00 n=0)+HARD_RISK_CAP(2.0%)+MAXLOSS_CAP;213220.36;213238.81;36;0
2026.08.11 12:01:16;XAUUSD;5;1786445793;PROFIT_RATCHET_LOCKED;floor=8.81 peak=23.82;MANAGE_PROFIT;SAFE;1;0;1;-1;-1;4380.09;17.64;17.64;23.82;-9.36;KELLY_LITE;true;0.04;213220.36;0.0417;KELLY_LITE(mult=1.00 taper=1.00 n=0)+HARD_RISK_CAP(2.0%)+MAXLOSS_CAP;213220.36;213238.00;36;0
2026.08.11 12:01:16;XAUUSD;5;1786445793;EXIT_TIERED_TRAIL;profit=17.49 peak=23.82 allowedRetrace=6.19;MANAGE_PROFIT;SAFE;1;0;1;-1;-1;4380.09;17.49;17.49;23.82;-9.36;KELLY_LITE;true;0.04;213220.36;0.0417;KELLY_LITE(mult=1.00 taper=1.00 n=0)+HARD_RISK_CAP(2.0%)+MAXLOSS_CAP;213220.36;213237.85;35;0
2026.08.11 12:01:17;XAUUSD;5;1786445793;POSITION_CLOSED;ticket=118642624 reason=tiered_profit_trail lots=0.03 price=4385.92 pnl=17.49;MANAGE_PROFIT;SAFE;0;0;1;-1;-1;4380.09;0.00;0.00;23.82;-9.36;KELLY_LITE;true;0.04;213220.36;0.0417;KELLY_LITE(mult=1.00 taper=1.00 n=0)+HARD_RISK_CAP(2.0%)+MAXLOSS_CAP;213238.00;213238.00;36;0
2026.08.11 12:01:17;XAUUSD;5;1786445793;CYCLE_RESET;oldState=RESET realizedPnL=17.64 peak=23.82 worst=-9.36 pyramid=0 consLosses=0;RESET;SAFE;0;0;0;-1;-1;4380.09;0.00;0.00;23.82;-9.36;KELLY_LITE;true;0.04;213220.36;0.0417;KELLY_LITE(mult=1.00 taper=1.00 n=0)+HARD_RISK_CAP(2.0%)+MAXLOSS_CAP;213238.00;213238.00;36;0
2026.08.11 12:06:17;XAUUSD;5;1786445793;FILTER_RSI_EXTREME_PAUSE;rsi=77.0 pause=300s;IDLE;SAFE;0;0;0;-1;-1;0.00;0.00;0.00;0.00;0.00;KELLY_LITE;true;0.04;213220.36;0.0417;KELLY_LITE(mult=1.00 taper=1.00 n=0)+HARD_RISK_CAP(2.0%)+MAXLOSS_CAP;213238.00;213238.00;36;0
2026.08.11 12:06:17;XAUUSD;5;1786445793;FILTER_BLOCK_RSI_EXTREME_PAUSE;RSI_EXTREME_PAUSE (300s left rsi=77.0);BLOCKED;SAFE;0;0;0;-1;-1;0.00;0.00;0.00;0.00;0.00;KELLY_LITE;true;0.04;213220.36;0.0417;KELLY_LITE(mult=1.00 taper=1.00 n=0)+HARD_RISK_CAP(2.0%)+MAXLOSS_CAP;213238.00;213238.00;36;0
2026.08.11 12:11:17;XAUUSD;5;1786445793;FILTER_BLOCK_RSI_BUY;RSI_BUY_BLOCK (rsi=75.0 max=70.0);BLOCKED;SAFE;0;0;0;-1;-1;0.00;0.00;0.00;0.00;0.00;KELLY_LITE;true;0.04;213220.36;0.0417;KELLY_LITE(mult=1.00 taper=1.00 n=0)+HARD_RISK_CAP(2.0%)+MAXLOSS_CAP;213238.00;213238.00;37;0
2026.08.11 12:16:17;XAUUSD;5;1786445793;FILTER_RSI_EXTREME_PAUSE;rsi=75.7 pause=300s;IDLE;SAFE;0;0;0;-1;-1;0.00;0.00;0.00;0.00;0.00;KELLY_LITE;true;0.04;213220.36;0.0417;KELLY_LITE(mult=1.00 taper=1.00 n=0)+HARD_RISK_CAP(2.0%)+MAXLOSS_CAP;213238.00;213238.00;36;0
2026.08.11 12:16:17;XAUUSD;5;1786445793;FILTER_BLOCK_RSI_EXTREME_PAUSE;RSI_EXTREME_PAUSE (300s left rsi=75.7);BLOCKED;SAFE;0;0;0;-1;-1;0.00;0.00;0.00;0.00;0.00;KELLY_LITE;true;0.04;213220.36;0.0417;KELLY_LITE(mult=1.00 taper=1.00 n=0)+HARD_RISK_CAP(2.0%)+MAXLOSS_CAP;213238.00;213238.00;36;0
2026.08.11 12:21:17;XAUUSD;5;1786445793;FILTER_BLOCK_RSI_BUY;RSI_BUY_BLOCK (rsi=71.8 max=70.0);BLOCKED;SAFE;0;0;0;-1;-1;0.00;0.00;0.00;0.00;0.00;KELLY_LITE;true;0.04;213220.36;0.0417;KELLY_LITE(mult=1.00 taper=1.00 n=0)+HARD_RISK_CAP(2.0%)+MAXLOSS_CAP;213238.00;213238.00;33;0
2026.08.11 12:26:17;XAUUSD;5;1786445794;PLACE_PENDING_START;cycle=1786445794 trend=1 consecLosses=0 preset=AGGRESSIVE;PLACE_PENDING;SAFE;0;0;0;-1;-1;0.00;0.00;0.00;0.00;0.00;KELLY_LITE;true;0.04;213220.36;0.0417;KELLY_LITE(mult=1.00 taper=1.00 n=0)+HARD_RISK_CAP(2.0%)+MAXLOSS_CAP;213238.00;213238.00;36;0
2026.08.11 12:26:17;XAUUSD;5;1786445794;DIR_OCO_PLACED;dir=BULL ticket=118656050 price=4387.67 sl=4372.67 tp=4410.17 lot=0.04 dist=1.65;PLACE_PENDING;SAFE;0;1;0;118656050;-1;0.00;0.00;0.00;0.00;0.00;KELLY_LITE;true;0.04;213238.00;0.0417;KELLY_LITE(mult=1.00 taper=1.00 n=1)+HARD_RISK_CAP(2.0%)+MAXLOSS_CAP;213238.00;213238.00;36;0
2026.08.11 12:26:18;XAUUSD;5;1786445794;DIR_OCO_COUNTER_PLACED;dir=BEAR(counter) ticket=118656053 price=4384.07 lot=0.03;PLACE_PENDING;SAFE;0;2;0;118656050;118656053;0.00;0.00;0.00;0.00;0.00;KELLY_LITE;true;0.04;213238.00;0.0417;KELLY_LITE(mult=1.00 taper=1.00 n=1)+HARD_RISK_CAP(2.0%)+MAXLOSS_CAP;213238.00;213238.00;36;0
2026.08.11 12:26:23;XAUUSD;5;1786445794;SELL_STOP_TRAILED;Old=4384.07 New=4384.42;WAIT_TRIGGER;SAFE;0;2;0;118656050;118656053;0.00;0.00;0.00;0.00;0.00;KELLY_LITE;true;0.04;213238.00;0.0417;KELLY_LITE(mult=1.00 taper=1.00 n=1)+HARD_RISK_CAP(2.0%)+MAXLOSS_CAP;213238.00;213238.00;36;0
2026.08.11 12:26:37;XAUUSD;5;1786445794;SELL_STOP_TRAILED;Old=4384.42 New=4384.79;WAIT_TRIGGER;SAFE;0;2;0;118656050;118656053;0.00;0.00;0.00;0.00;0.00;KELLY_LITE;true;0.04;213238.00;0.0417;KELLY_LITE(mult=1.00 taper=1.00 n=1)+HARD_RISK_CAP(2.0%)+MAXLOSS_CAP;213238.00;213238.00;35;0
2026.08.11 12:26:43;XAUUSD;5;1786445794;SELL_STOP_TRAILED;Old=4384.79 New=4385.11;WAIT_TRIGGER;SAFE;0;2;0;118656050;118656053;0.00;0.00;0.00;0.00;0.00;KELLY_LITE;true;0.04;213238.00;0.0417;KELLY_LITE(mult=1.00 taper=1.00 n=1)+HARD_RISK_CAP(2.0%)+MAXLOSS_CAP;213238.00;213238.00;36;0
2026.08.11 12:26:48;XAUUSD;5;1786445794;SELL_STOP_TRAILED;Old=4385.11 New=4385.47;WAIT_TRIGGER;SAFE;0;2;0;118656050;118656053;0.00;0.00;0.00;0.00;0.00;KELLY_LITE;true;0.04;213238.00;0.0417;KELLY_LITE(mult=1.00 taper=1.00 n=1)+HARD_RISK_CAP(2.0%)+MAXLOSS_CAP;213238.00;213238.00;36;0
2026.08.11 12:26:49;XAUUSD;5;1786445794;OCO_TRIGGERED_BUY;ticket=118656050 entry=4387.67;POSITION_ACTIVE;SAFE;1;1;0;-1;118656053;0.00;-1.40;-1.40;0.00;0.00;KELLY_LITE;true;0.04;213238.00;0.0417;KELLY_LITE(mult=1.00 taper=1.00 n=1)+HARD_RISK_CAP(2.0%)+MAXLOSS_CAP;213238.00;213236.60;36;0
2026.08.11 12:26:50;XAUUSD;5;1786445794;PENDING_DELETED;ticket=118656053 reason=oco_buy_triggered;POSITION_ACTIVE;SAFE;1;0;0;-1;118656053;0.00;0.20;0.20;0.00;0.00;KELLY_LITE;true;0.04;213238.00;0.0417;KELLY_LITE(mult=1.00 taper=1.00 n=1)+HARD_RISK_CAP(2.0%)+MAXLOSS_CAP;213238.00;213238.20;35;0
2026.08.11 12:26:50;XAUUSD;5;1786445794;HEDGE_PENDING_PLACED;dir=SELL_STOP ticket=118656190 price=4384.72 sl=4387.72 lot=0.05 mainEntry=4387.67 dist=3.00 confirmBars=1;POSITION_ACTIVE;SAFE;1;1;1;-1;-1;4387.67;1.56;1.56;0.20;0.00;KELLY_LITE;true;0.04;213238.00;0.0417;KELLY_LITE(mult=1.00 taper=1.00 n=1)+HARD_RISK_CAP(2.0%)+MAXLOSS_CAP;213238.00;213239.56;36;0
2026.08.11 12:39:25;XAUUSD;5;1786445794;SL_MODIFIED;ticket=118656190 oldSL=4387.72 newSL=4384.59 reason=hedge_giveback_lock;MANAGE_PROFIT;SAFE;2;0;1;-1;-1;4387.67;-12.61;3.15;2.88;-13.60;KELLY_LITE;true;0.04;213238.00;0.0417;KELLY_LITE(mult=1.00 taper=1.00 n=1)+HARD_RISK_CAP(2.0%)+MAXLOSS_CAP;213238.00;213225.39;36;0
2026.08.11 12:39:28;XAUUSD;5;1786445794;SL_MODIFIED;ticket=118656190 oldSL=4384.59 newSL=4384.55 reason=hedge_giveback_lock;MANAGE_PROFIT;SAFE;2;0;1;-1;-1;4387.67;-12.52;3.60;2.88;-13.60;KELLY_LITE;true;0.04;213238.00;0.0417;KELLY_LITE(mult=1.00 taper=1.00 n=1)+HARD_RISK_CAP(2.0%)+MAXLOSS_CAP;213238.00;213225.48;36;0
2026.08.11 12:39:28;XAUUSD;5;1786445794;SL_MODIFIED;ticket=118656190 oldSL=4384.55 newSL=4384.52 reason=hedge_giveback_lock;MANAGE_PROFIT;SAFE;2;0;1;-1;-1;4387.67;-12.21;4.55;2.88;-13.60;KELLY_LITE;true;0.04;213238.00;0.0417;KELLY_LITE(mult=1.00 taper=1.00 n=1)+HARD_RISK_CAP(2.0%)+MAXLOSS_CAP;213238.00;213225.79;33;0
2026.08.11 12:39:30;XAUUSD;5;1786445794;SL_MODIFIED;ticket=118656190 oldSL=4384.52 newSL=4384.51 reason=hedge_giveback_lock (retry buf=8pt);MANAGE_PROFIT;SAFE;2;0;1;-1;-1;4387.67;-12.72;3.85;2.88;-13.60;KELLY_LITE;true;0.04;213238.00;0.0417;KELLY_LITE(mult=1.00 taper=1.00 n=1)+HARD_RISK_CAP(2.0%)+MAXLOSS_CAP;213238.00;213225.28;36;0
2026.08.11 12:39:30;XAUUSD;5;1786445794;SL_MODIFY_FAILED;ticket=118656190 newSL=4384.47 reason=hedge_giveback_lock err=0;MANAGE_PROFIT;SAFE;2;0;1;-1;-1;4387.67;-12.72;3.85;2.88;-13.60;KELLY_LITE;true;0.04;213238.00;0.0417;KELLY_LITE(mult=1.00 taper=1.00 n=1)+HARD_RISK_CAP(2.0%)+MAXLOSS_CAP;213238.00;213225.28;36;0
2026.08.11 12:39:30;XAUUSD;5;1786445794;SL_MODIFIED;ticket=118656190 oldSL=4384.51 newSL=4384.49 reason=hedge_giveback_lock;MANAGE_PROFIT;SAFE;2;0;1;-1;-1;4387.67;-12.47;3.85;2.88;-13.60;KELLY_LITE;true;0.04;213238.00;0.0417;KELLY_LITE(mult=1.00 taper=1.00 n=1)+HARD_RISK_CAP(2.0%)+MAXLOSS_CAP;213238.00;213225.53;36;0
2026.08.11 12:39:31;XAUUSD;5;1786445794;POSITION_CLOSED;ticket=118656190 reason=hedge_reversal_giveback_cap lots=0.05 price=4384.19 pnl=2.65;MANAGE_PROFIT;SAFE;1;0;1;-1;-1;4387.67;-15.12;-15.12;2.88;-13.60;KELLY_LITE;true;0.04;213238.00;0.0417;KELLY_LITE(mult=1.00 taper=1.00 n=1)+HARD_RISK_CAP(2.0%)+MAXLOSS_CAP;213240.35;213225.23;36;0
2026.08.11 12:39:31;XAUUSD;5;1786445794;HEDGE_CLOSED_REVERSAL;profit=2.65 peak=4.55 giveback=1.90 cap=1.50 reason=giveback_cap ok=1;MANAGE_PROFIT;SAFE;1;0;1;-1;-1;4387.67;-15.12;-15.12;2.88;-13.60;KELLY_LITE;true;0.04;213238.00;0.0417;KELLY_LITE(mult=1.00 taper=1.00 n=1)+HARD_RISK_CAP(2.0%)+MAXLOSS_CAP;213240.35;213225.23;36;0
2026.08.11 12:39:31;XAUUSD;5;1786445794;EXIT_TIME_LOSS;held=12 profit=-15.12;MANAGE_PROFIT;SAFE;1;0;1;-1;-1;4387.67;-15.12;-15.12;2.88;-15.12;KELLY_LITE;true;0.04;213238.00;0.0417;KELLY_LITE(mult=1.00 taper=1.00 n=1)+HARD_RISK_CAP(2.0%)+MAXLOSS_CAP;213240.35;213225.23;36;0
2026.08.11 12:39:32;XAUUSD;5;1786445794;POSITION_CLOSED;ticket=118656050 reason=time_loss_exit lots=0.04 price=4383.89 pnl=-15.12;MANAGE_PROFIT;SAFE;0;0;1;-1;-1;4387.67;0.00;0.00;2.88;-15.12;KELLY_LITE;true;0.04;213238.00;0.0417;KELLY_LITE(mult=1.00 taper=1.00 n=1)+HARD_RISK_CAP(2.0%)+MAXLOSS_CAP;213225.15;213225.15;36;0
2026.08.11 12:39:32;XAUUSD;5;1786445794;CYCLE_RESET;oldState=RESET realizedPnL=-12.85 peak=2.88 worst=-15.12 pyramid=0 consLosses=1;RESET;SAFE;0;0;0;-1;-1;4387.67;0.00;0.00;2.88;-15.12;KELLY_LITE;true;0.04;213238.00;0.0417;KELLY_LITE(mult=1.00 taper=1.00 n=1)+HARD_RISK_CAP(2.0%)+MAXLOSS_CAP;213225.15;213225.15;36;0
2026.08.11 12:44:32;XAUUSD;5;1786445795;PLACE_PENDING_START;cycle=1786445795 trend=1 consecLosses=1 preset=AGGRESSIVE;PLACE_PENDING;SAFE;0;0;0;-1;-1;0.00;0.00;0.00;0.00;0.00;KELLY_LITE;true;0.04;213238.00;0.0417;KELLY_LITE(mult=1.00 taper=1.00 n=1)+HARD_RISK_CAP(2.0%)+MAXLOSS_CAP;213225.15;213225.15;36;0
2026.08.11 12:44:32;XAUUSD;5;1786445795;DIR_OCO_PLACED;dir=BULL ticket=118659953 price=4387.72 sl=4372.72 tp=4410.22 lot=0.04 dist=1.58;PLACE_PENDING;SAFE;0;1;0;118659953;-1;0.00;0.00;0.00;0.00;0.00;KELLY_LITE;true;0.04;213225.15;0.0417;KELLY_LITE(mult=1.00 taper=1.00 n=2)+HARD_RISK_CAP(2.0%)+MAXLOSS_CAP;213225.15;213225.15;36;0
2026.08.11 12:44:33;XAUUSD;5;1786445795;DIR_OCO_COUNTER_PLACED;dir=BEAR(counter) ticket=118659955 price=4384.20 lot=0.03;PLACE_PENDING;SAFE;0;2;0;118659953;118659955;0.00;0.00;0.00;0.00;0.00;KELLY_LITE;true;0.04;213225.15;0.0417;KELLY_LITE(mult=1.00 taper=1.00 n=2)+HARD_RISK_CAP(2.0%)+MAXLOSS_CAP;213225.15;213225.15;36;0
2026.08.11 12:44:42;XAUUSD;5;1786445795;BUY_STOP_TRAILED;Old=4387.72 New=4387.41;WAIT_TRIGGER;SAFE;0;2;0;118659953;118659955;0.00;0.00;0.00;0.00;0.00;KELLY_LITE;true;0.04;213225.15;0.0417;KELLY_LITE(mult=1.00 taper=1.00 n=2)+HARD_RISK_CAP(2.0%)+MAXLOSS_CAP;213225.15;213225.15;36;0
2026.08.11 12:45:00;XAUUSD;5;1786445795;SELL_STOP_TRAILED;Old=4384.20 New=4384.57;WAIT_TRIGGER;SAFE;0;2;0;118659953;118659955;0.00;0.00;0.00;0.00;0.00;KELLY_LITE;true;0.04;213225.15;0.0417;KELLY_LITE(mult=1.00 taper=1.00 n=2)+HARD_RISK_CAP(2.0%)+MAXLOSS_CAP;213225.15;213225.15;36;0
2026.08.11 12:45:45;XAUUSD;5;1786445795;SELL_STOP_TRAILED;Old=4384.57 New=4385.30;WAIT_TRIGGER;SAFE;0;2;0;118659953;118659955;0.00;0.00;0.00;0.00;0.00;KELLY_LITE;true;0.04;213225.15;0.0417;KELLY_LITE(mult=1.00 taper=1.00 n=2)+HARD_RISK_CAP(2.0%)+MAXLOSS_CAP;213225.15;213225.15;36;0
2026.08.11 12:45:46;XAUUSD;5;1786445795;OCO_TRIGGERED_BUY;ticket=118659953 entry=4387.41;POSITION_ACTIVE;SAFE;1;1;0;-1;118659955;0.00;0.76;-0.56;0.00;0.00;KELLY_LITE;true;0.04;213225.15;0.0417;KELLY_LITE(mult=1.00 taper=1.00 n=2)+HARD_RISK_CAP(2.0%)+MAXLOSS_CAP;213225.15;213225.91;33;0
2026.08.11 12:45:47;XAUUSD;5;1786445795;PENDING_DELETED;ticket=118659955 reason=oco_buy_triggered;POSITION_ACTIVE;SAFE;1;0;0;-1;118659955;0.00;-0.40;-0.40;0.00;0.00;KELLY_LITE;true;0.04;213225.15;0.0417;KELLY_LITE(mult=1.00 taper=1.00 n=2)+HARD_RISK_CAP(2.0%)+MAXLOSS_CAP;213225.15;213224.75;36;0
2026.08.11 12:45:47;XAUUSD;5;1786445795;HEDGE_PENDING_PLACED;dir=SELL_STOP ticket=118660193 price=4384.31 sl=4387.31 lot=0.05 mainEntry=4387.41 dist=3.00 confirmBars=1;POSITION_ACTIVE;SAFE;1;1;1;-1;-1;4387.41;-0.60;-0.60;0.00;-0.40;KELLY_LITE;true;0.04;213225.15;0.0417;KELLY_LITE(mult=1.00 taper=1.00 n=2)+HARD_RISK_CAP(2.0%)+MAXLOSS_CAP;213225.15;213224.55;36;0
2026.08.11 12:52:44;XAUUSD;5;1786445795;SL_MODIFIED;ticket=118659953 oldSL=4375.41 newSL=4388.72 reason=break_even_lock_leg_0 (retry buf=3pt);MANAGE_PROFIT;SAFE;1;1;1;-1;-1;4387.41;7.52;7.52;8.36;-9.96;KELLY_LITE;true;0.04;213225.15;0.0417;KELLY_LITE(mult=1.00 taper=1.00 n=2)+HARD_RISK_CAP(2.0%)+MAXLOSS_CAP;213225.15;213232.67;33;0
2026.08.11 12:52:44;XAUUSD;5;1786445795;PROFIT_RATCHET_LOCKED;floor=2.82 peak=8.36;MANAGE_PROFIT;SAFE;1;1;1;-1;-1;4387.41;7.52;7.52;8.36;-9.96;KELLY_LITE;true;0.04;213225.15;0.0417;KELLY_LITE(mult=1.00 taper=1.00 n=2)+HARD_RISK_CAP(2.0%)+MAXLOSS_CAP;213225.15;213232.67;33;0
2026.08.11 12:52:44;XAUUSD;5;1786445795;SL_MODIFIED;ticket=118659953 oldSL=4388.72 newSL=4388.77 reason=break_even_lock_leg_0;MANAGE_PROFIT;SAFE;1;1;1;-1;-1;4387.41;7.64;7.64;8.36;-9.96;KELLY_LITE;true;0.04;213225.15;0.0417;KELLY_LITE(mult=1.00 taper=1.00 n=2)+HARD_RISK_CAP(2.0%)+MAXLOSS_CAP;213225.15;213232.79;36;0
2026.08.11 12:52:44;XAUUSD;5;1786445795;PROFIT_RATCHET_LOCKED;floor=2.82 peak=8.36;MANAGE_PROFIT;SAFE;1;1;1;-1;-1;4387.41;7.64;7.64;8.36;-9.96;KELLY_LITE;true;0.04;213225.15;0.0417;KELLY_LITE(mult=1.00 taper=1.00 n=2)+HARD_RISK_CAP(2.0%)+MAXLOSS_CAP;213225.15;213232.79;36;0
2026.08.11 12:52:45;XAUUSD;5;1786445795;SL_MODIFY_FAILED;ticket=118659953 newSL=4388.80 reason=break_even_lock_leg_0 err=0;MANAGE_PROFIT;SAFE;1;1;1;-1;-1;4387.41;6.12;6.12;8.36;-9.96;KELLY_LITE;true;0.04;213225.15;0.0417;KELLY_LITE(mult=1.00 taper=1.00 n=2)+HARD_RISK_CAP(2.0%)+MAXLOSS_CAP;213225.15;213231.27;33;0
2026.08.11 12:52:45;XAUUSD;5;1786445795;PROFIT_RATCHET_LOCKED;floor=2.82 peak=8.36;MANAGE_PROFIT;SAFE;1;1;1;-1;-1;4387.41;6.12;6.12;8.36;-9.96;KELLY_LITE;true;0.04;213225.15;0.0417;KELLY_LITE(mult=1.00 taper=1.00 n=2)+HARD_RISK_CAP(2.0%)+MAXLOSS_CAP;213225.15;213231.27;33;0
2026.08.11 12:52:45;XAUUSD;5;1786445795;PROFIT_RATCHET_LOCKED;floor=2.82 peak=8.36;MANAGE_PROFIT;SAFE;1;1;1;-1;-1;4387.41;6.12;6.12;8.36;-9.96;KELLY_LITE;true;0.04;213225.15;0.0417;KELLY_LITE(mult=1.00 taper=1.00 n=2)+HARD_RISK_CAP(2.0%)+MAXLOSS_CAP;213225.15;213231.27;33;0
2026.08.11 12:52:45;XAUUSD;5;1786445795;PROFIT_RATCHET_LOCKED;floor=2.82 peak=8.36;MANAGE_PROFIT;SAFE;1;1;1;-1;-1;4387.41;6.24;6.24;8.36;-9.96;KELLY_LITE;true;0.04;213225.15;0.0417;KELLY_LITE(mult=1.00 taper=1.00 n=2)+HARD_RISK_CAP(2.0%)+MAXLOSS_CAP;213225.15;213231.39;36;0
2026.08.11 12:52:46;XAUUSD;5;1786445795;PROFIT_RATCHET_LOCKED;floor=2.82 peak=8.36;MANAGE_PROFIT;SAFE;1;1;1;-1;-1;4387.41;5.76;5.76;8.36;-9.96;KELLY_LITE;true;0.04;213225.15;0.0417;KELLY_LITE(mult=1.00 taper=1.00 n=2)+HARD_RISK_CAP(2.0%)+MAXLOSS_CAP;213225.15;213230.91;35;0
2026.08.11 12:52:46;XAUUSD;5;1786445795;PROFIT_RATCHET_LOCKED;floor=2.82 peak=8.36;MANAGE_PROFIT;SAFE;1;1;1;-1;-1;4387.41;6.00;6.00;8.36;-9.96;KELLY_LITE;true;0.04;213225.15;0.0417;KELLY_LITE(mult=1.00 taper=1.00 n=2)+HARD_RISK_CAP(2.0%)+MAXLOSS_CAP;213225.15;213231.15;37;0
2026.08.11 12:52:46;XAUUSD;5;1786445795;PROFIT_RATCHET_LOCKED;floor=2.82 peak=8.36;MANAGE_PROFIT;SAFE;1;1;1;-1;-1;4387.41;6.16;6.16;8.36;-9.96;KELLY_LITE;true;0.04;213225.15;0.0417;KELLY_LITE(mult=1.00 taper=1.00 n=2)+HARD_RISK_CAP(2.0%)+MAXLOSS_CAP;213225.15;213231.31;35;0
2026.08.11 12:52:46;XAUUSD;5;1786445795;RECONCILED_BROKER_CLOSE;ticket=118659953 type=main pnl=5.44;MANAGE_PROFIT;SAFE;0;1;1;-1;-1;4387.41;0.00;0.00;8.36;-9.96;KELLY_LITE;true;0.04;213225.15;0.0417;KELLY_LITE(mult=1.00 taper=1.00 n=2)+HARD_RISK_CAP(2.0%)+MAXLOSS_CAP;213230.59;213230.59;37;0
2026.08.11 12:52:47;XAUUSD;5;1786445795;PENDING_DELETED;ticket=118660193 reason=main_gone_hedge_pending;WAIT_TRIGGER;SAFE;0;0;1;-1;-1;4387.41;0.00;0.00;8.36;-9.96;KELLY_LITE;true;0.04;213225.15;0.0417;KELLY_LITE(mult=1.00 taper=1.00 n=2)+HARD_RISK_CAP(2.0%)+MAXLOSS_CAP;213230.59;213230.59;36;0
2026.08.11 12:52:47;XAUUSD;5;1786445795;HEDGE_PENDING_CLEANUP;main_position_gone;WAIT_TRIGGER;SAFE;0;0;1;-1;-1;4387.41;0.00;0.00;8.36;-9.96;KELLY_LITE;true;0.04;213225.15;0.0417;KELLY_LITE(mult=1.00 taper=1.00 n=2)+HARD_RISK_CAP(2.0%)+MAXLOSS_CAP;213230.59;213230.59;36;0
2026.08.11 12:52:47;XAUUSD;5;1786445795;CYCLE_RESET;oldState=WAIT_TRIGGER realizedPnL=5.44 peak=8.36 worst=-9.96 pyramid=1 consLosses=0;WAIT_TRIGGER;SAFE;0;0;1;-1;-1;4387.41;0.00;0.00;8.36;-9.96;KELLY_LITE;true;0.04;213225.15;0.0417;KELLY_LITE(mult=1.00 taper=1.00 n=2)+HARD_RISK_CAP(2.0%)+MAXLOSS_CAP;213230.59;213230.59;36;0
2026.08.11 12:57:47;XAUUSD;5;1786445796;PLACE_PENDING_START;cycle=1786445796 trend=1 consecLosses=0 preset=AGGRESSIVE;PLACE_PENDING;SAFE;0;0;0;-1;-1;0.00;0.00;0.00;0.00;0.00;KELLY_LITE;true;0.04;213225.15;0.0417;KELLY_LITE(mult=1.00 taper=1.00 n=2)+HARD_RISK_CAP(2.0%)+MAXLOSS_CAP;213230.59;213230.59;36;0
2026.08.11 12:57:47;XAUUSD;5;1786445796;DIR_OCO_PLACED;dir=BULL ticket=118663045 price=4389.58 sl=4374.58 tp=4412.08 lot=0.04 dist=1.69;PLACE_PENDING;SAFE;0;1;0;118663045;-1;0.00;0.00;0.00;0.00;0.00;KELLY_LITE;true;0.04;213230.59;0.0417;KELLY_LITE(mult=1.00 taper=1.00 n=3)+HARD_RISK_CAP(2.0%)+MAXLOSS_CAP;213230.59;213230.59;36;0
2026.08.11 12:57:48;XAUUSD;5;1786445796;DIR_OCO_COUNTER_PLACED;dir=BEAR(counter) ticket=118663047 price=4385.84 lot=0.03;PLACE_PENDING;SAFE;0;2;0;118663045;118663047;0.00;0.00;0.00;0.00;0.00;KELLY_LITE;true;0.04;213230.59;0.0417;KELLY_LITE(mult=1.00 taper=1.00 n=3)+HARD_RISK_CAP(2.0%)+MAXLOSS_CAP;213230.59;213230.59;34;0
2026.08.11 12:57:53;XAUUSD;5;1786445796;SELL_STOP_TRAILED;Old=4385.84 New=4386.28;WAIT_TRIGGER;SAFE;0;2;0;118663045;118663047;0.00;0.00;0.00;0.00;0.00;KELLY_LITE;true;0.04;213230.59;0.0417;KELLY_LITE(mult=1.00 taper=1.00 n=3)+HARD_RISK_CAP(2.0%)+MAXLOSS_CAP;213230.59;213230.59;36;0
2026.08.11 12:58:04;XAUUSD;5;1786445796;SELL_STOP_TRAILED;Old=4386.28 New=4386.74;WAIT_TRIGGER;SAFE;0;2;0;118663045;118663047;0.00;0.00;0.00;0.00;0.00;KELLY_LITE;true;0.04;213230.59;0.0417;KELLY_LITE(mult=1.00 taper=1.00 n=3)+HARD_RISK_CAP(2.0%)+MAXLOSS_CAP;213230.59;213230.59;34;0
2026.08.11 13:00:04;XAUUSD;5;1786445796;BUY_STOP_TRAILED;Old=4389.58 New=4389.20;WAIT_TRIGGER;SAFE;0;2;0;118663045;118663047;0.00;0.00;0.00;0.00;0.00;KELLY_LITE;true;0.04;213230.59;0.0417;KELLY_LITE(mult=1.00 taper=1.00 n=3)+HARD_RISK_CAP(2.0%)+MAXLOSS_CAP;213230.59;213230.59;36;0
2026.08.11 13:00:19;XAUUSD;5;1786445796;BUY_STOP_TRAILED;Old=4389.20 New=4388.86;WAIT_TRIGGER;SAFE;1;1;0;118663045;118663047;0.00;-0.99;-0.99;0.00;0.00;KELLY_LITE;true;0.04;213230.59;0.0417;KELLY_LITE(mult=1.00 taper=1.00 n=3)+HARD_RISK_CAP(2.0%)+MAXLOSS_CAP;213230.59;213229.60;36;0
2026.08.11 13:00:19;XAUUSD;5;1786445796;OCO_TRIGGERED_SELL;ticket=118663047 entry=4386.74;POSITION_ACTIVE;SAFE;1;1;0;118663045;-1;0.00;-0.99;-0.99;0.00;0.00;KELLY_LITE;true;0.04;213230.59;0.0417;KELLY_LITE(mult=1.00 taper=1.00 n=3)+HARD_RISK_CAP(2.0%)+MAXLOSS_CAP;213230.59;213229.60;36;0
2026.08.11 13:00:20;XAUUSD;5;1786445796;PENDING_DELETED;ticket=118663045 reason=oco_sell_triggered;POSITION_ACTIVE;SAFE;1;0;0;118663045;-1;0.00;-0.96;-0.96;0.00;0.00;KELLY_LITE;true;0.04;213230.59;0.0417;KELLY_LITE(mult=1.00 taper=1.00 n=3)+HARD_RISK_CAP(2.0%)+MAXLOSS_CAP;213230.59;213229.63;36;0
2026.08.11 13:00:20;XAUUSD;5;1786445796;HEDGE_PENDING_PLACED;dir=BUY_STOP ticket=118663610 price=4390.06 sl=4387.06 lot=0.05 mainEntry=4386.74 dist=3.00 confirmBars=1;POSITION_ACTIVE;SAFE;1;1;1;-1;-1;4386.74;-0.57;-0.57;0.00;-0.96;KELLY_LITE;true;0.04;213230.59;0.0417;KELLY_LITE(mult=1.00 taper=1.00 n=3)+HARD_RISK_CAP(2.0%)+MAXLOSS_CAP;213230.59;213230.02;36;0
2026.08.11 13:06:29;XAUUSD;5;1786445796;SL_MODIFIED;ticket=118663610 oldSL=4387.06 newSL=4390.22 reason=hedge_giveback_lock;MANAGE_PROFIT;SAFE;2;0;1;-1;-1;4386.74;-9.42;4.05;7.71;-13.68;KELLY_LITE;true;0.04;213230.59;0.0417;KELLY_LITE(mult=1.00 taper=1.00 n=3)+HARD_RISK_CAP(2.0%)+MAXLOSS_CAP;213230.59;213221.17;36;0
2026.08.11 13:06:29;XAUUSD;5;1786445796;SL_MODIFIED;ticket=118663610 oldSL=4390.22 newSL=4390.35 reason=hedge_giveback_lock;MANAGE_PROFIT;SAFE;2;0;1;-1;-1;4386.74;-9.56;3.70;7.71;-13.68;KELLY_LITE;true;0.04;213230.59;0.0417;KELLY_LITE(mult=1.00 taper=1.00 n=3)+HARD_RISK_CAP(2.0%)+MAXLOSS_CAP;213230.59;213221.03;36;0
2026.08.11 13:06:30;XAUUSD;5;1786445796;SL_MODIFIED;ticket=118663610 oldSL=4390.35 newSL=4390.67 reason=hedge_giveback_lock;MANAGE_PROFIT;SAFE;2;0;1;-1;-1;4386.74;-8.36;6.70;7.71;-13.68;KELLY_LITE;true;0.04;213230.59;0.0417;KELLY_LITE(mult=1.00 taper=1.00 n=3)+HARD_RISK_CAP(2.0%)+MAXLOSS_CAP;213230.59;213222.23;36;0
2026.08.11 13:06:31;XAUUSD;5;1786445796;SL_MODIFIED;ticket=118663610 oldSL=4390.67 newSL=4390.88 reason=hedge_giveback_lock;MANAGE_PROFIT;SAFE;2;0;1;-1;-1;4386.74;-7.74;8.25;7.71;-13.68;KELLY_LITE;true;0.04;213230.59;0.0417;KELLY_LITE(mult=1.00 taper=1.00 n=3)+HARD_RISK_CAP(2.0%)+MAXLOSS_CAP;213230.59;213222.85;36;0
2026.08.11 13:06:32;XAUUSD;5;1786445796;SL_MODIFY_FAILED;ticket=118663610 newSL=4391.19 reason=hedge_giveback_lock err=0;MANAGE_PROFIT;SAFE;2;0;1;-1;-1;4386.74;-8.26;6.95;7.71;-13.68;KELLY_LITE;true;0.04;213230.59;0.0417;KELLY_LITE(mult=1.00 taper=1.00 n=3)+HARD_RISK_CAP(2.0%)+MAXLOSS_CAP;213230.59;213222.33;36;0
2026.08.11 13:06:33;XAUUSD;5;1786445796;POSITION_CLOSED;ticket=118663610 reason=hedge_reversal_giveback_cap lots=0.05 price=4391.39 pnl=6.65;MANAGE_PROFIT;SAFE;1;0;1;-1;-1;4386.74;-14.85;-14.85;7.71;-13.68;KELLY_LITE;true;0.04;213230.59;0.0417;KELLY_LITE(mult=1.00 taper=1.00 n=3)+HARD_RISK_CAP(2.0%)+MAXLOSS_CAP;213236.94;213222.09;36;0
2026.08.11 13:06:33;XAUUSD;5;1786445796;HEDGE_CLOSED_REVERSAL;profit=6.65 peak=8.25 giveback=1.60 cap=1.50 reason=giveback_cap ok=1;MANAGE_PROFIT;SAFE;1;0;1;-1;-1;4386.74;-14.85;-14.85;7.71;-13.68;KELLY_LITE;true;0.04;213230.59;0.0417;KELLY_LITE(mult=1.00 taper=1.00 n=3)+HARD_RISK_CAP(2.0%)+MAXLOSS_CAP;213236.94;213222.09;36;0
2026.08.11 13:08:04;XAUUSD;5;1786445796;EXIT_SOFT_SL_MOMENTUM;profit=-20.28 rsi=67.7 dir=-1;MANAGE_PROFIT;WATCH;1;0;1;-1;-1;4386.74;-20.28;-20.28;7.71;-20.28;KELLY_LITE;true;0.04;213230.59;0.0417;KELLY_LITE(mult=1.00 taper=1.00 n=3)+HARD_RISK_CAP(2.0%)+MAXLOSS_CAP;213236.94;213216.66;36;0
2026.08.11 13:08:04;XAUUSD;5;1786445796;POSITION_CLOSED;ticket=118663047 reason=soft_sl_momentum lots=0.03 price=4393.50 pnl=-20.28;MANAGE_PROFIT;WATCH;0;0;1;-1;-1;4386.74;0.00;0.00;7.71;-20.28;KELLY_LITE;true;0.04;213230.59;0.0417;KELLY_LITE(mult=1.00 taper=1.00 n=3)+HARD_RISK_CAP(2.0%)+MAXLOSS_CAP;213216.66;213216.66;36;0
2026.08.11 13:08:05;XAUUSD;5;1786445796;CYCLE_RESET;oldState=RESET realizedPnL=-13.93 peak=7.71 worst=-20.28 pyramid=0 consLosses=1;RESET;WATCH;0;0;0;-1;-1;4386.74;0.00;0.00;7.71;-20.28;KELLY_LITE;true;0.04;213230.59;0.0417;KELLY_LITE(mult=1.00 taper=1.00 n=3)+HARD_RISK_CAP(2.0%)+MAXLOSS_CAP;213216.66;213216.66;36;0
2026.08.11 13:13:05;XAUUSD;5;1786445797;PLACE_PENDING_START;cycle=1786445797 trend=1 consecLosses=1 preset=AGGRESSIVE;PLACE_PENDING;SAFE;0;0;0;-1;-1;0.00;0.00;0.00;0.00;0.00;KELLY_LITE;true;0.04;213230.59;0.0417;KELLY_LITE(mult=1.00 taper=1.00 n=3)+HARD_RISK_CAP(2.0%)+MAXLOSS_CAP;213216.66;213216.66;34;0
2026.08.11 13:13:05;XAUUSD;5;1786445797;DIR_OCO_PLACED;dir=BULL ticket=118667229 price=4397.22 sl=4382.22 tp=4419.72 lot=0.04 dist=1.73;PLACE_PENDING;SAFE;0;1;0;118667229;-1;0.00;0.00;0.00;0.00;0.00;KELLY_LITE;true;0.04;213216.66;0.0417;KELLY_LITE(mult=1.00 taper=1.00 n=4)+HARD_RISK_CAP(2.0%)+MAXLOSS_CAP;213216.66;213216.66;33;0
2026.08.11 13:13:06;XAUUSD;5;1786445797;DIR_OCO_COUNTER_PLACED;dir=BEAR(counter) ticket=118667231 price=4393.44 lot=0.03;PLACE_PENDING;SAFE;0;2;0;118667229;118667231;0.00;0.00;0.00;0.00;0.00;KELLY_LITE;true;0.04;213216.66;0.0417;KELLY_LITE(mult=1.00 taper=1.00 n=4)+HARD_RISK_CAP(2.0%)+MAXLOSS_CAP;213216.66;213216.66;33;0
2026.08.11 13:13:12;XAUUSD;5;1786445797;SELL_STOP_TRAILED;Old=4393.44 New=4393.82;WAIT_TRIGGER;SAFE;0;2;0;118667229;118667231;0.00;0.00;0.00;0.00;0.00;KELLY_LITE;true;0.04;213216.66;0.0417;KELLY_LITE(mult=1.00 taper=1.00 n=4)+HARD_RISK_CAP(2.0%)+MAXLOSS_CAP;213216.66;213216.66;33;0
2026.08.11 13:13:17;XAUUSD;5;1786445797;SELL_STOP_TRAILED;Old=4393.82 New=4394.24;WAIT_TRIGGER;SAFE;0;2;0;118667229;118667231;0.00;0.00;0.00;0.00;0.00;KELLY_LITE;true;0.04;213216.66;0.0417;KELLY_LITE(mult=1.00 taper=1.00 n=4)+HARD_RISK_CAP(2.0%)+MAXLOSS_CAP;213216.66;213216.66;33;0
2026.08.11 13:13:18;XAUUSD;5;1786445797;SELL_STOP_TRAILED;Old=4394.24 New=4394.58;WAIT_TRIGGER;SAFE;0;2;0;118667229;118667231;0.00;0.00;0.00;0.00;0.00;KELLY_LITE;true;0.04;213216.66;0.0417;KELLY_LITE(mult=1.00 taper=1.00 n=4)+HARD_RISK_CAP(2.0%)+MAXLOSS_CAP;213216.66;213216.66;34;0
2026.08.11 13:13:35;XAUUSD;5;1786445797;SELL_STOP_TRAILED;Old=4394.58 New=4395.10;WAIT_TRIGGER;SAFE;0;2;0;118667229;118667231;0.00;0.00;0.00;0.00;0.00;KELLY_LITE;true;0.04;213216.66;0.0417;KELLY_LITE(mult=1.00 taper=1.00 n=4)+HARD_RISK_CAP(2.0%)+MAXLOSS_CAP;213216.66;213216.66;33;0
2026.08.11 13:13:40;XAUUSD;5;1786445797;OCO_TRIGGERED_BUY;ticket=118667229 entry=4397.22;POSITION_ACTIVE;SAFE;1;1;0;-1;118667231;0.00;-0.96;-0.96;0.00;0.00;KELLY_LITE;true;0.04;213216.66;0.0417;KELLY_LITE(mult=1.00 taper=1.00 n=4)+HARD_RISK_CAP(2.0%)+MAXLOSS_CAP;213216.66;213215.70;33;0
2026.08.11 13:13:40;XAUUSD;5;1786445797;PENDING_DELETED;ticket=118667231 reason=oco_buy_triggered;POSITION_ACTIVE;SAFE;1;0;0;-1;118667231;0.00;-1.56;-1.56;0.00;0.00;KELLY_LITE;true;0.04;213216.66;0.0417;KELLY_LITE(mult=1.00 taper=1.00 n=4)+HARD_RISK_CAP(2.0%)+MAXLOSS_CAP;213216.66;213215.10;36;0
2026.08.11 13:13:41;XAUUSD;5;1786445797;HEDGE_PENDING_PLACED;dir=SELL_STOP ticket=118667470 price=4393.83 sl=4396.83 lot=0.05 mainEntry=4397.22 dist=3.00 confirmBars=1;POSITION_ACTIVE;SAFE;1;1;1;-1;-1;4397.22;-0.68;-0.68;0.00;-1.56;KELLY_LITE;true;0.04;213216.66;0.0417;KELLY_LITE(mult=1.00 taper=1.00 n=4)+HARD_RISK_CAP(2.0%)+MAXLOSS_CAP;213216.66;213215.98;36;0
2026.08.11 13:17:40;XAUUSD;5;1786445797;SL_MODIFIED;ticket=118667470 oldSL=4396.83 newSL=4393.95 reason=hedge_giveback_lock;MANAGE_PROFIT;SAFE;2;0;1;-1;-1;4397.22;-14.57;2.15;2.08;-15.37;KELLY_LITE;true;0.04;213216.66;0.0417;KELLY_LITE(mult=1.00 taper=1.00 n=4)+HARD_RISK_CAP(2.0%)+MAXLOSS_CAP;213216.66;213202.09;36;0
2026.08.11 13:17:41;XAUUSD;5;1786445797;SL_MODIFIED;ticket=118667470 oldSL=4393.95 newSL=4393.92 reason=hedge_giveback_lock;MANAGE_PROFIT;SAFE;2;0;1;-1;-1;4397.22;-14.45;2.55;2.08;-15.37;KELLY_LITE;true;0.04;213216.66;0.0417;KELLY_LITE(mult=1.00 taper=1.00 n=4)+HARD_RISK_CAP(2.0%)+MAXLOSS_CAP;213216.66;213202.21;35;0
2026.08.11 13:17:41;XAUUSD;5;1786445797;SL_MODIFIED;ticket=118667470 oldSL=4393.92 newSL=4393.84 reason=hedge_giveback_lock;MANAGE_PROFIT;SAFE;2;0;1;-1;-1;4397.22;-14.34;3.30;2.08;-15.37;KELLY_LITE;true;0.04;213216.66;0.0417;KELLY_LITE(mult=1.00 taper=1.00 n=4)+HARD_RISK_CAP(2.0%)+MAXLOSS_CAP;213216.66;213202.32;36;0
2026.08.11 13:17:42;XAUUSD;5;1786445797;SL_MODIFIED;ticket=118667470 oldSL=4393.84 newSL=4393.69 reason=hedge_giveback_lock;MANAGE_PROFIT;SAFE;2;0;1;-1;-1;4397.22;-14.36;3.20;2.08;-15.37;KELLY_LITE;true;0.04;213216.66;0.0417;KELLY_LITE(mult=1.00 taper=1.00 n=4)+HARD_RISK_CAP(2.0%)+MAXLOSS_CAP;213216.66;213202.30;36;0
2026.08.11 13:17:44;XAUUSD;5;1786445797;POSITION_CLOSED;ticket=118667470 reason=hedge_reversal_giveback_cap lots=0.05 price=4393.52 pnl=1.55;MANAGE_PROFIT;SAFE;1;0;1;-1;-1;4397.22;-15.88;-15.88;2.08;-15.37;KELLY_LITE;true;0.04;213216.66;0.0417;KELLY_LITE(mult=1.00 taper=1.00 n=4)+HARD_RISK_CAP(2.0%)+MAXLOSS_CAP;213217.76;213201.88;36;0
2026.08.11 13:17:44;XAUUSD;5;1786445797;HEDGE_CLOSED_REVERSAL;profit=1.55 peak=3.30 giveback=1.75 cap=1.50 reason=giveback_cap ok=1;MANAGE_PROFIT;SAFE;1;0;1;-1;-1;4397.22;-15.88;-15.88;2.08;-15.37;KELLY_LITE;true;0.04;213216.66;0.0417;KELLY_LITE(mult=1.00 taper=1.00 n=4)+HARD_RISK_CAP(2.0%)+MAXLOSS_CAP;213217.76;213201.88;36;0
2026.08.11 13:21:05;XAUUSD;5;1786445797;SL_MODIFIED;ticket=118667229 oldSL=4382.22 newSL=4398.33 reason=break_even_lock_leg_0 (retry buf=8pt);MANAGE_PROFIT;SAFE;1;0;1;-1;-1;4397.22;6.56;6.56;8.76;-17.00;KELLY_LITE;true;0.04;213216.66;0.0417;KELLY_LITE(mult=1.00 taper=1.00 n=4)+HARD_RISK_CAP(2.0%)+MAXLOSS_CAP;213217.76;213224.32;36;0
2026.08.11 13:21:05;XAUUSD;5;1786445797;PROFIT_RATCHET_LOCKED;floor=2.96 peak=8.76;MANAGE_PROFIT;SAFE;1;0;1;-1;-1;4397.22;6.56;6.56;8.76;-17.00;KELLY_LITE;true;0.04;213216.66;0.0417;KELLY_LITE(mult=1.00 taper=1.00 n=4)+HARD_RISK_CAP(2.0%)+MAXLOSS_CAP;213217.76;213224.32;36;0
2026.08.11 13:21:05;XAUUSD;5;1786445797;PROFIT_RATCHET_LOCKED;floor=2.96 peak=8.76;MANAGE_PROFIT;SAFE;1;0;1;-1;-1;4397.22;6.56;6.56;8.76;-17.00;KELLY_LITE;true;0.04;213216.66;0.0417;KELLY_LITE(mult=1.00 taper=1.00 n=4)+HARD_RISK_CAP(2.0%)+MAXLOSS_CAP;213217.76;213224.32;36;0
2026.08.11 13:21:05;XAUUSD;5;1786445797;SL_MODIFIED;ticket=118667229 oldSL=4398.33 newSL=4398.36 reason=break_even_lock_leg_0;MANAGE_PROFIT;SAFE;1;0;1;-1;-1;4397.22;6.56;6.60;8.76;-17.00;KELLY_LITE;true;0.04;213216.66;0.0417;KELLY_LITE(mult=1.00 taper=1.00 n=4)+HARD_RISK_CAP(2.0%)+MAXLOSS_CAP;213217.76;213224.32;36;0
2026.08.11 13:21:05;XAUUSD;5;1786445797;PROFIT_RATCHET_LOCKED;floor=2.96 peak=8.76;MANAGE_PROFIT;SAFE;1;0;1;-1;-1;4397.22;6.56;6.60;8.76;-17.00;KELLY_LITE;true;0.04;213216.66;0.0417;KELLY_LITE(mult=1.00 taper=1.00 n=4)+HARD_RISK_CAP(2.0%)+MAXLOSS_CAP;213217.76;213224.32;36;0
2026.08.11 13:21:05;XAUUSD;5;1786445797;PROFIT_RATCHET_LOCKED;floor=2.96 peak=8.76;MANAGE_PROFIT;SAFE;1;0;1;-1;-1;4397.22;6.56;6.60;8.76;-17.00;KELLY_LITE;true;0.04;213216.66;0.0417;KELLY_LITE(mult=1.00 taper=1.00 n=4)+HARD_RISK_CAP(2.0%)+MAXLOSS_CAP;213217.76;213224.32;36;0
2026.08.11 13:21:06;XAUUSD;5;1786445797;PROFIT_RATCHET_LOCKED;floor=2.96 peak=8.76;MANAGE_PROFIT;SAFE;1;0;1;-1;-1;4397.22;6.56;6.56;8.76;-17.00;KELLY_LITE;true;0.04;213216.66;0.0417;KELLY_LITE(mult=1.00 taper=1.00 n=4)+HARD_RISK_CAP(2.0%)+MAXLOSS_CAP;213217.76;213224.32;36;0
2026.08.11 13:21:07;XAUUSD;5;1786445797;SL_MODIFIED;ticket=118667229 oldSL=4398.36 newSL=4398.46 reason=break_even_lock_leg_0;MANAGE_PROFIT;SAFE;1;0;1;-1;-1;4397.22;7.36;7.36;8.76;-17.00;KELLY_LITE;true;0.04;213216.66;0.0417;KELLY_LITE(mult=1.00 taper=1.00 n=4)+HARD_RISK_CAP(2.0%)+MAXLOSS_CAP;213217.76;213225.12;33;0
2026.08.11 13:21:07;XAUUSD;5;1786445797;PROFIT_RATCHET_LOCKED;floor=2.96 peak=8.76;MANAGE_PROFIT;SAFE;1;0;1;-1;-1;4397.22;7.36;7.36;8.76;-17.00;KELLY_LITE;true;0.04;213216.66;0.0417;KELLY_LITE(mult=1.00 taper=1.00 n=4)+HARD_RISK_CAP(2.0%)+MAXLOSS_CAP;213217.76;213225.12;33;0
2026.08.11 13:21:07;XAUUSD;5;1786445797;SL_MODIFY_FAILED;ticket=118667229 newSL=4398.54 reason=break_even_lock_leg_0 err=0;MANAGE_PROFIT;SAFE;1;0;1;-1;-1;4397.22;6.96;6.96;8.76;-17.00;KELLY_LITE;true;0.04;213216.66;0.0417;KELLY_LITE(mult=1.00 taper=1.00 n=4)+HARD_RISK_CAP(2.0%)+MAXLOSS_CAP;213217.76;213224.72;36;0
2026.08.11 13:21:07;XAUUSD;5;1786445797;PROFIT_RATCHET_LOCKED;floor=2.96 peak=8.76;MANAGE_PROFIT;SAFE;1;0;1;-1;-1;4397.22;6.96;6.96;8.76;-17.00;KELLY_LITE;true;0.04;213216.66;0.0417;KELLY_LITE(mult=1.00 taper=1.00 n=4)+HARD_RISK_CAP(2.0%)+MAXLOSS_CAP;213217.76;213224.72;36;0
2026.08.11 13:21:07;XAUUSD;5;1786445797;PROFIT_RATCHET_LOCKED;floor=2.96 peak=8.76;MANAGE_PROFIT;SAFE;1;0;1;-1;-1;4397.22;6.96;6.96;8.76;-17.00;KELLY_LITE;true;0.04;213216.66;0.0417;KELLY_LITE(mult=1.00 taper=1.00 n=4)+HARD_RISK_CAP(2.0%)+MAXLOSS_CAP;213217.76;213224.72;36;0
2026.08.11 13:21:08;XAUUSD;5;1786445797;PROFIT_RATCHET_LOCKED;floor=2.96 peak=8.76;MANAGE_PROFIT;SAFE;1;0;1;-1;-1;4397.22;7.08;7.08;8.76;-17.00;KELLY_LITE;true;0.04;213216.66;0.0417;KELLY_LITE(mult=1.00 taper=1.00 n=4)+HARD_RISK_CAP(2.0%)+MAXLOSS_CAP;213217.76;213224.84;36;0
2026.08.11 13:21:08;XAUUSD;5;1786445797;EXIT_TIERED_TRAIL;profit=5.00 peak=8.76 allowedRetrace=2.85;MANAGE_PROFIT;SAFE;1;0;1;-1;-1;4397.22;5.00;5.00;8.76;-17.00;KELLY_LITE;true;0.04;213216.66;0.0417;KELLY_LITE(mult=1.00 taper=1.00 n=4)+HARD_RISK_CAP(2.0%)+MAXLOSS_CAP;213217.76;213222.76;36;0
2026.08.11 13:21:09;XAUUSD;5;1786445797;POSITION_CLOSED;ticket=118667229 reason=tiered_profit_trail lots=0.04 price=4398.47 pnl=5.00;MANAGE_PROFIT;SAFE;0;0;1;-1;-1;4397.22;0.00;0.00;8.76;-17.00;KELLY_LITE;true;0.04;213216.66;0.0417;KELLY_LITE(mult=1.00 taper=1.00 n=4)+HARD_RISK_CAP(2.0%)+MAXLOSS_CAP;213223.16;213223.16;36;0
2026.08.11 13:21:09;XAUUSD;5;1786445797;CYCLE_RESET;oldState=RESET realizedPnL=6.50 peak=8.76 worst=-17.00 pyramid=0 consLosses=0;RESET;SAFE;0;0;0;-1;-1;4397.22;0.00;0.00;8.76;-17.00;KELLY_LITE;true;0.04;213216.66;0.0417;KELLY_LITE(mult=1.00 taper=1.00 n=4)+HARD_RISK_CAP(2.0%)+MAXLOSS_CAP;213223.16;213223.16;36;0
2026.08.11 13:26:09;XAUUSD;5;1786445798;PLACE_PENDING_START;cycle=1786445798 trend=1 consecLosses=0 preset=AGGRESSIVE;PLACE_PENDING;SAFE;0;0;0;-1;-1;0.00;0.00;0.00;0.00;0.00;KELLY_LITE;true;0.04;213216.66;0.0417;KELLY_LITE(mult=1.00 taper=1.00 n=4)+HARD_RISK_CAP(2.0%)+MAXLOSS_CAP;213223.16;213223.16;36;0
2026.08.11 13:26:09;XAUUSD;5;1786445798;DIR_OCO_PLACED;dir=BULL ticket=118671085 price=4391.49 sl=4376.49 tp=4413.99 lot=0.04 dist=1.99;PLACE_PENDING;SAFE;0;1;0;118671085;-1;0.00;0.00;0.00;0.00;0.00;KELLY_LITE;true;0.04;213223.16;0.0417;KELLY_LITE(mult=1.05 taper=1.00 n=5)+HARD_RISK_CAP(2.0%)+MAXLOSS_CAP;213223.16;213223.16;36;0
2026.08.11 13:26:10;XAUUSD;5;1786445798;DIR_OCO_COUNTER_PLACED;dir=BEAR(counter) ticket=118671088 price=4387.14 lot=0.03;PLACE_PENDING;SAFE;0;2;0;118671085;118671088;0.00;0.00;0.00;0.00;0.00;KELLY_LITE;true;0.04;213223.16;0.0417;KELLY_LITE(mult=1.05 taper=1.00 n=5)+HARD_RISK_CAP(2.0%)+MAXLOSS_CAP;213223.16;213223.16;35;0
2026.08.11 13:26:11;XAUUSD;5;1786445798;BUY_STOP_TRAILED;Old=4391.49 New=4391.09;WAIT_TRIGGER;SAFE;0;2;0;118671085;118671088;0.00;0.00;0.00;0.00;0.00;KELLY_LITE;true;0.04;213223.16;0.0417;KELLY_LITE(mult=1.05 taper=1.00 n=5)+HARD_RISK_CAP(2.0%)+MAXLOSS_CAP;213223.16;213223.16;34;0
2026.08.11 13:26:12;XAUUSD;5;1786445798;BUY_STOP_TRAILED;Old=4391.09 New=4390.78;WAIT_TRIGGER;SAFE;0;2;0;118671085;118671088;0.00;0.00;0.00;0.00;0.00;KELLY_LITE;true;0.04;213223.16;0.0417;KELLY_LITE(mult=1.05 taper=1.00 n=5)+HARD_RISK_CAP(2.0%)+MAXLOSS_CAP;213223.16;213223.16;36;0
2026.08.11 13:26:39;XAUUSD;5;1786445798;SELL_STOP_TRAILED;Old=4387.14 New=4387.58;WAIT_TRIGGER;SAFE;0;2;0;118671085;118671088;0.00;0.00;0.00;0.00;0.00;KELLY_LITE;true;0.04;213223.16;0.0417;KELLY_LITE(mult=1.05 taper=1.00 n=5)+HARD_RISK_CAP(2.0%)+MAXLOSS_CAP;213223.16;213223.16;34;0
2026.08.11 13:26:42;XAUUSD;5;1786445798;SELL_STOP_TRAILED;Old=4387.58 New=4387.89;WAIT_TRIGGER;SAFE;0;2;0;118671085;118671088;0.00;0.00;0.00;0.00;0.00;KELLY_LITE;true;0.04;213223.16;0.0417;KELLY_LITE(mult=1.05 taper=1.00 n=5)+HARD_RISK_CAP(2.0%)+MAXLOSS_CAP;213223.16;213223.16;36;0
2026.08.11 13:26:44;XAUUSD;5;1786445798;SELL_STOP_TRAILED;Old=4387.89 New=4388.20;WAIT_TRIGGER;SAFE;0;2;0;118671085;118671088;0.00;0.00;0.00;0.00;0.00;KELLY_LITE;true;0.04;213223.16;0.0417;KELLY_LITE(mult=1.05 taper=1.00 n=5)+HARD_RISK_CAP(2.0%)+MAXLOSS_CAP;213223.16;213223.16;36;0
2026.08.11 13:26:52;XAUUSD;5;1786445798;SELL_STOP_TRAILED;Old=4388.20 New=4388.62;WAIT_TRIGGER;SAFE;1;1;0;118671085;118671088;0.00;-0.56;-0.56;0.00;0.00;KELLY_LITE;true;0.04;213223.16;0.0417;KELLY_LITE(mult=1.05 taper=1.00 n=5)+HARD_RISK_CAP(2.0%)+MAXLOSS_CAP;213223.16;213222.60;36;0
2026.08.11 13:26:52;XAUUSD;5;1786445798;OCO_TRIGGERED_BUY;ticket=118671085 entry=4390.78;POSITION_ACTIVE;SAFE;1;1;0;-1;118671088;0.00;-0.56;-0.56;0.00;0.00;KELLY_LITE;true;0.04;213223.16;0.0417;KELLY_LITE(mult=1.05 taper=1.00 n=5)+HARD_RISK_CAP(2.0%)+MAXLOSS_CAP;213223.16;213222.60;36;0
2026.08.11 13:26:53;XAUUSD;5;1786445798;PENDING_DELETED;ticket=118671088 reason=oco_buy_triggered;POSITION_ACTIVE;SAFE;1;0;0;-1;118671088;0.00;-0.08;-0.08;0.00;0.00;KELLY_LITE;true;0.04;213223.16;0.0417;KELLY_LITE(mult=1.05 taper=1.00 n=5)+HARD_RISK_CAP(2.0%)+MAXLOSS_CAP;213223.16;213223.08;36;0
2026.08.11 13:26:53;XAUUSD;5;1786445798;HEDGE_PENDING_PLACED;dir=SELL_STOP ticket=118671265 price=4387.76 sl=4390.76 lot=0.05 mainEntry=4390.78 dist=3.00 confirmBars=1;POSITION_ACTIVE;SAFE;1;1;1;-1;-1;4390.78;-0.12;-0.12;0.00;-0.08;KELLY_LITE;true;0.04;213223.16;0.0417;KELLY_LITE(mult=1.05 taper=1.00 n=5)+HARD_RISK_CAP(2.0%)+MAXLOSS_CAP;213223.16;213223.04;33;0
2026.08.11 13:27:55;XAUUSD;5;1786445798;SL_MODIFIED;ticket=118671085 oldSL=4378.78 newSL=4390.92 reason=break_even_lock_leg_0 (retry buf=8pt);MANAGE_PROFIT;SAFE;1;1;1;-1;-1;4390.78;2.84;2.84;8.56;-3.20;KELLY_LITE;true;0.04;213223.16;0.0417;KELLY_LITE(mult=1.05 taper=1.00 n=5)+HARD_RISK_CAP(2.0%)+MAXLOSS_CAP;213223.16;213226.00;36;0
2026.08.11 13:27:56;XAUUSD;5;1786445798;SL_MODIFIED;ticket=118671085 oldSL=4390.92 newSL=4390.97 reason=profit_ratchet_lock_leg_0;MANAGE_PROFIT;SAFE;1;1;1;-1;-1;4390.78;2.92;2.92;8.56;-3.20;KELLY_LITE;true;0.04;213223.16;0.0417;KELLY_LITE(mult=1.05 taper=1.00 n=5)+HARD_RISK_CAP(2.0%)+MAXLOSS_CAP;213223.16;213226.08;36;0
2026.08.11 13:27:56;XAUUSD;5;1786445798;PROFIT_RATCHET_LOCKED;floor=2.89 peak=8.56;MANAGE_PROFIT;SAFE;1;1;1;-1;-1;4390.78;2.92;2.92;8.56;-3.20;KELLY_LITE;true;0.04;213223.16;0.0417;KELLY_LITE(mult=1.05 taper=1.00 n=5)+HARD_RISK_CAP(2.0%)+MAXLOSS_CAP;213223.16;213226.08;36;0
2026.08.11 13:27:56;XAUUSD;5;1786445798;EXIT_TIERED_TRAIL;profit=2.92 peak=8.56 allowedRetrace=2.78;MANAGE_PROFIT;SAFE;1;1;1;-1;-1;4390.78;2.92;2.92;8.56;-3.20;KELLY_LITE;true;0.04;213223.16;0.0417;KELLY_LITE(mult=1.05 taper=1.00 n=5)+HARD_RISK_CAP(2.0%)+MAXLOSS_CAP;213223.16;213226.08;36;0
2026.08.11 13:27:56;XAUUSD;5;1786445798;POSITION_CLOSED;ticket=118671085 reason=tiered_profit_trail lots=0.04 price=4391.51 pnl=2.92;MANAGE_PROFIT;SAFE;0;1;1;-1;-1;4390.78;0.00;0.00;8.56;-3.20;KELLY_LITE;true;0.04;213223.16;0.0417;KELLY_LITE(mult=1.05 taper=1.00 n=5)+HARD_RISK_CAP(2.0%)+MAXLOSS_CAP;213225.80;213225.80;34;0
2026.08.11 13:27:57;XAUUSD;5;1786445798;PENDING_DELETED;ticket=118671265 reason=close_all_hedge;MANAGE_PROFIT;SAFE;0;0;0;-1;-1;4390.78;0.00;0.00;8.56;-3.20;KELLY_LITE;true;0.04;213223.16;0.0417;KELLY_LITE(mult=1.05 taper=1.00 n=5)+HARD_RISK_CAP(2.0%)+MAXLOSS_CAP;213225.80;213225.80;33;0
2026.08.11 13:27:57;XAUUSD;5;1786445798;CYCLE_RESET;oldState=RESET realizedPnL=2.64 peak=8.56 worst=-3.20 pyramid=0 consLosses=0;RESET;SAFE;0;0;0;-1;-1;4390.78;0.00;0.00;8.56;-3.20;KELLY_LITE;true;0.04;213223.16;0.0417;KELLY_LITE(mult=1.05 taper=1.00 n=5)+HARD_RISK_CAP(2.0%)+MAXLOSS_CAP;213225.80;213225.80;33;0
2026.08.11 13:32:57;XAUUSD;5;1786445799;PLACE_PENDING_START;cycle=1786445799 trend=1 consecLosses=0 preset=AGGRESSIVE;PLACE_PENDING;SAFE;0;0;0;-1;-1;0.00;0.00;0.00;0.00;0.00;KELLY_LITE;true;0.04;213223.16;0.0417;KELLY_LITE(mult=1.05 taper=1.00 n=5)+HARD_RISK_CAP(2.0%)+MAXLOSS_CAP;213225.80;213225.80;33;0
2026.08.11 13:32:57;XAUUSD;5;1786445799;DIR_OCO_PLACED;dir=BULL ticket=118673054 price=4397.15 sl=4382.15 tp=4419.65 lot=0.04 dist=2.08;PLACE_PENDING;SAFE;0;1;0;118673054;-1;0.00;0.00;0.00;0.00;0.00;KELLY_LITE;true;0.04;213225.80;0.0417;KELLY_LITE(mult=1.10 taper=1.00 n=6)+HARD_RISK_CAP(2.0%)+MAXLOSS_CAP;213225.80;213225.80;33;0
2026.08.11 13:32:57;XAUUSD;5;1786445799;DIR_OCO_COUNTER_PLACED;dir=BEAR(counter) ticket=118673055 price=4392.68 lot=0.03;PLACE_PENDING;SAFE;0;2;0;118673054;118673055;0.00;0.00;0.00;0.00;0.00;KELLY_LITE;true;0.04;213225.80;0.0417;KELLY_LITE(mult=1.10 taper=1.00 n=6)+HARD_RISK_CAP(2.0%)+MAXLOSS_CAP;213225.80;213225.80;34;0
2026.08.11 13:32:58;XAUUSD;5;1786445799;BUY_STOP_TRAILED;Old=4397.15 New=4396.76;WAIT_TRIGGER;SAFE;0;2;0;118673054;118673055;0.00;0.00;0.00;0.00;0.00;KELLY_LITE;true;0.04;213225.80;0.0417;KELLY_LITE(mult=1.10 taper=1.00 n=6)+HARD_RISK_CAP(2.0%)+MAXLOSS_CAP;213225.80;213225.80;33;0
2026.08.11 13:33:25;XAUUSD;5;1786445799;BUY_STOP_TRAILED;Old=4396.76 New=4396.38;WAIT_TRIGGER;SAFE;0;2;0;118673054;118673055;0.00;0.00;0.00;0.00;0.00;KELLY_LITE;true;0.04;213225.80;0.0417;KELLY_LITE(mult=1.10 taper=1.00 n=6)+HARD_RISK_CAP(2.0%)+MAXLOSS_CAP;213225.80;213225.80;35;0
2026.08.11 13:33:28;XAUUSD;5;1786445799;BUY_STOP_TRAILED;Old=4396.38 New=4396.01;WAIT_TRIGGER;SAFE;0;2;0;118673054;118673055;0.00;0.00;0.00;0.00;0.00;KELLY_LITE;true;0.04;213225.80;0.0417;KELLY_LITE(mult=1.10 taper=1.00 n=6)+HARD_RISK_CAP(2.0%)+MAXLOSS_CAP;213225.80;213225.80;33;0
2026.08.11 13:33:28;XAUUSD;5;1786445799;BUY_STOP_TRAILED;Old=4396.01 New=4395.36;WAIT_TRIGGER;SAFE;0;2;0;118673054;118673055;0.00;0.00;0.00;0.00;0.00;KELLY_LITE;true;0.04;213225.80;0.0417;KELLY_LITE(mult=1.10 taper=1.00 n=6)+HARD_RISK_CAP(2.0%)+MAXLOSS_CAP;213225.80;213225.80;35;0
2026.08.11 13:33:30;XAUUSD;5;1786445799;BUY_STOP_TRAILED;Old=4395.36 New=4395.04;WAIT_TRIGGER;SAFE;1;1;0;118673054;118673055;0.00;-0.78;-0.78;0.00;0.00;KELLY_LITE;true;0.04;213225.80;0.0417;KELLY_LITE(mult=1.10 taper=1.00 n=6)+HARD_RISK_CAP(2.0%)+MAXLOSS_CAP;213225.80;213225.02;33;0
2026.08.11 13:33:30;XAUUSD;5;1786445799;OCO_TRIGGERED_SELL;ticket=118673055 entry=4392.68;POSITION_ACTIVE;SAFE;1;1;0;118673054;-1;0.00;-0.78;-0.78;0.00;0.00;KELLY_LITE;true;0.04;213225.80;0.0417;KELLY_LITE(mult=1.10 taper=1.00 n=6)+HARD_RISK_CAP(2.0%)+MAXLOSS_CAP;213225.80;213225.02;33;0
2026.08.11 13:33:31;XAUUSD;5;1786445799;PENDING_DELETED;ticket=118673054 reason=oco_sell_triggered;POSITION_ACTIVE;SAFE;1;0;0;118673054;-1;0.00;-0.45;-0.45;0.00;0.00;KELLY_LITE;true;0.04;213225.80;0.0417;KELLY_LITE(mult=1.10 taper=1.00 n=6)+HARD_RISK_CAP(2.0%)+MAXLOSS_CAP;213225.80;213225.35;34;0
2026.08.11 13:33:31;XAUUSD;5;1786445799;HEDGE_BLOCK_CONFIRM;need=1 adverse bars;POSITION_ACTIVE;SAFE;1;0;1;-1;-1;4392.68;-0.45;-0.45;0.00;-0.45;KELLY_LITE;true;0.04;213225.80;0.0417;KELLY_LITE(mult=1.10 taper=1.00 n=6)+HARD_RISK_CAP(2.0%)+MAXLOSS_CAP;213225.80;213225.35;34;0
2026.08.11 13:34:01;XAUUSD;5;1786445799;HEDGE_BLOCK_CONFIRM;need=1 adverse bars;MANAGE_PROFIT;SAFE;1;0;1;-1;-1;4392.68;1.95;1.95;2.49;-2.37;KELLY_LITE;true;0.04;213225.80;0.0417;KELLY_LITE(mult=1.10 taper=1.00 n=6)+HARD_RISK_CAP(2.0%)+MAXLOSS_CAP;213225.80;213227.75;36;0
2026.08.11 13:34:11;XAUUSD;5;1786445799;SL_MODIFIED;ticket=118673055 oldSL=4407.68 newSL=4390.43 reason=break_even_lock_leg_0;MANAGE_PROFIT;SAFE;1;0;1;-1;-1;4392.68;8.34;8.34;8.31;-2.37;KELLY_LITE;true;0.04;213225.80;0.0417;KELLY_LITE(mult=1.10 taper=1.00 n=6)+HARD_RISK_CAP(2.0%)+MAXLOSS_CAP;213225.80;213234.14;36;0
2026.08.11 13:34:11;XAUUSD;5;1786445799;PROFIT_RATCHET_LOCKED;floor=3.53 peak=8.31;MANAGE_PROFIT;SAFE;1;0;1;-1;-1;4392.68;8.34;8.34;8.31;-2.37;KELLY_LITE;true;0.04;213225.80;0.0417;KELLY_LITE(mult=1.10 taper=1.00 n=6)+HARD_RISK_CAP(2.0%)+MAXLOSS_CAP;213225.80;213234.14;36;0
2026.08.11 13:34:11;XAUUSD;5;1786445799;PROFIT_RATCHET_LOCKED;floor=3.54 peak=8.34;MANAGE_PROFIT;SAFE;1;0;1;-1;-1;4392.68;8.34;8.34;8.34;-2.37;KELLY_LITE;true;0.04;213225.80;0.0417;KELLY_LITE(mult=1.10 taper=1.00 n=6)+HARD_RISK_CAP(2.0%)+MAXLOSS_CAP;213225.80;213234.14;36;0
2026.08.11 13:34:11;XAUUSD;5;1786445799;PROFIT_RATCHET_LOCKED;floor=3.54 peak=8.34;MANAGE_PROFIT;SAFE;1;0;1;-1;-1;4392.68;8.28;8.28;8.34;-2.37;KELLY_LITE;true;0.04;213225.80;0.0417;KELLY_LITE(mult=1.10 taper=1.00 n=6)+HARD_RISK_CAP(2.0%)+MAXLOSS_CAP;213225.80;213234.08;36;0
2026.08.11 13:34:11;XAUUSD;5;1786445799;PROFIT_RATCHET_LOCKED;floor=3.54 peak=8.34;MANAGE_PROFIT;SAFE;1;0;1;-1;-1;4392.68;7.95;7.95;8.34;-2.37;KELLY_LITE;true;0.04;213225.80;0.0417;KELLY_LITE(mult=1.10 taper=1.00 n=6)+HARD_RISK_CAP(2.0%)+MAXLOSS_CAP;213225.80;213233.75;36;0
2026.08.11 13:34:11;XAUUSD;5;1786445799;PROFIT_RATCHET_LOCKED;floor=3.54 peak=8.34;MANAGE_PROFIT;SAFE;1;0;1;-1;-1;4392.68;8.22;8.22;8.34;-2.37;KELLY_LITE;true;0.04;213225.80;0.0417;KELLY_LITE(mult=1.10 taper=1.00 n=6)+HARD_RISK_CAP(2.0%)+MAXLOSS_CAP;213225.80;213234.02;36;0
2026.08.11 13:34:12;XAUUSD;5;1786445799;SL_MODIFIED;ticket=118673055 oldSL=4390.43 newSL=4390.20 reason=break_even_lock_leg_0;MANAGE_PROFIT;SAFE;1;0;1;-1;-1;4392.68;9.27;9.27;9.00;-2.37;KELLY_LITE;true;0.04;213225.80;0.0417;KELLY_LITE(mult=1.10 taper=1.00 n=6)+HARD_RISK_CAP(2.0%)+MAXLOSS_CAP;213225.80;213235.07;36;0
2026.08.11 13:34:12;XAUUSD;5;1786445799;PROFIT_RATCHET_LOCKED;floor=3.83 peak=9.00;MANAGE_PROFIT;SAFE;1;0;1;-1;-1;4392.68;9.27;9.27;9.00;-2.37;KELLY_LITE;true;0.04;213225.80;0.0417;KELLY_LITE(mult=1.10 taper=1.00 n=6)+HARD_RISK_CAP(2.0%)+MAXLOSS_CAP;213225.80;213235.07;36;0
2026.08.11 13:34:13;XAUUSD;5;1786445799;SL_MODIFIED;ticket=118673055 oldSL=4390.20 newSL=4390.11 reason=break_even_lock_leg_0;MANAGE_PROFIT;SAFE;1;0;1;-1;-1;4392.68;9.81;9.81;9.27;-2.37;KELLY_LITE;true;0.04;213225.80;0.0417;KELLY_LITE(mult=1.10 taper=1.00 n=6)+HARD_RISK_CAP(2.0%)+MAXLOSS_CAP;213225.80;213235.61;36;0
2026.08.11 13:34:13;XAUUSD;5;1786445799;PROFIT_RATCHET_LOCKED;floor=3.94 peak=9.27;MANAGE_PROFIT;SAFE;1;0;1;-1;-1;4392.68;9.81;9.81;9.27;-2.37;KELLY_LITE;true;0.04;213225.80;0.0417;KELLY_LITE(mult=1.10 taper=1.00 n=6)+HARD_RISK_CAP(2.0%)+MAXLOSS_CAP;213225.80;213235.61;36;0
2026.08.11 13:34:13;XAUUSD;5;1786445799;SL_MODIFIED;ticket=118673055 oldSL=4390.11 newSL=4389.93 reason=break_even_lock_leg_0;MANAGE_PROFIT;SAFE;1;0;1;-1;-1;4392.68;9.90;9.90;9.81;-2.37;KELLY_LITE;true;0.04;213225.80;0.0417;KELLY_LITE(mult=1.10 taper=1.00 n=6)+HARD_RISK_CAP(2.0%)+MAXLOSS_CAP;213225.80;213235.70;36;0
2026.08.11 13:34:13;XAUUSD;5;1786445799;PROFIT_RATCHET_LOCKED;floor=4.17 peak=9.81;MANAGE_PROFIT;SAFE;1;0;1;-1;-1;4392.68;9.90;9.90;9.81;-2.37;KELLY_LITE;true;0.04;213225.80;0.0417;KELLY_LITE(mult=1.10 taper=1.00 n=6)+HARD_RISK_CAP(2.0%)+MAXLOSS_CAP;213225.80;213235.70;36;0
2026.08.11 13:34:14;XAUUSD;5;1786445799;SL_MODIFIED;ticket=118673055 oldSL=4389.93 newSL=4389.90 reason=break_even_lock_leg_0;MANAGE_PROFIT;SAFE;1;0;1;-1;-1;4392.68;9.84;9.84;9.90;-2.37;KELLY_LITE;true;0.04;213225.80;0.0417;KELLY_LITE(mult=1.10 taper=1.00 n=6)+HARD_RISK_CAP(2.0%)+MAXLOSS_CAP;213225.80;213235.64;36;0
2026.08.11 13:34:14;XAUUSD;5;1786445799;PROFIT_RATCHET_LOCKED;floor=4.21 peak=9.90;MANAGE_PROFIT;SAFE;1;0;1;-1;-1;4392.68;9.84;9.84;9.90;-2.37;KELLY_LITE;true;0.04;213225.80;0.0417;KELLY_LITE(mult=1.10 taper=1.00 n=6)+HARD_RISK_CAP(2.0%)+MAXLOSS_CAP;213225.80;213235.64;36;0
2026.08.11 13:34:14;XAUUSD;5;1786445799;PROFIT_RATCHET_LOCKED;floor=4.21 peak=9.90;MANAGE_PROFIT;SAFE;1;0;1;-1;-1;4392.68;9.84;9.84;9.90;-2.37;KELLY_LITE;true;0.04;213225.80;0.0417;KELLY_LITE(mult=1.10 taper=1.00 n=6)+HARD_RISK_CAP(2.0%)+MAXLOSS_CAP;213225.80;213235.64;36;0
2026.08.11 13:34:14;XAUUSD;5;1786445799;PROFIT_RATCHET_LOCKED;floor=4.21 peak=9.90;MANAGE_PROFIT;SAFE;1;0;1;-1;-1;4392.68;9.87;9.87;9.90;-2.37;KELLY_LITE;true;0.04;213225.80;0.0417;KELLY_LITE(mult=1.10 taper=1.00 n=6)+HARD_RISK_CAP(2.0%)+MAXLOSS_CAP;213225.80;213235.67;36;0
2026.08.11 13:34:14;XAUUSD;5;1786445799;PROFIT_RATCHET_LOCKED;floor=4.21 peak=9.90;MANAGE_PROFIT;SAFE;1;0;1;-1;-1;4392.68;8.64;8.64;9.90;-2.37;KELLY_LITE;true;0.04;213225.80;0.0417;KELLY_LITE(mult=1.10 taper=1.00 n=6)+HARD_RISK_CAP(2.0%)+MAXLOSS_CAP;213225.80;213234.44;33;0
2026.08.11 13:34:14;XAUUSD;5;1786445799;RECONCILED_BROKER_CLOSE;ticket=118673055 type=main pnl=8.34;MANAGE_PROFIT;SAFE;0;0;1;-1;-1;4392.68;0.00;0.00;9.90;-2.37;KELLY_LITE;true;0.04;213225.80;0.0417;KELLY_LITE(mult=1.10 taper=1.00 n=6)+HARD_RISK_CAP(2.0%)+MAXLOSS_CAP;213234.14;213234.14;36;0
2026.08.11 13:34:14;XAUUSD;5;1786445799;CYCLE_RESET;oldState=MANAGE_PROFIT realizedPnL=8.34 peak=9.90 worst=-2.37 pyramid=1 consLosses=0;MANAGE_PROFIT;SAFE;0;0;1;-1;-1;4392.68;0.00;0.00;9.90;-2.37;KELLY_LITE;true;0.04;213225.80;0.0417;KELLY_LITE(mult=1.10 taper=1.00 n=6)+HARD_RISK_CAP(2.0%)+MAXLOSS_CAP;213234.14;213234.14;36;0
2026.08.11 13:39:14;XAUUSD;5;1786445800;PLACE_PENDING_START;cycle=1786445800 trend=1 consecLosses=0 preset=AGGRESSIVE;PLACE_PENDING;SAFE;0;0;0;-1;-1;0.00;0.00;0.00;0.00;0.00;KELLY_LITE;true;0.04;213225.80;0.0417;KELLY_LITE(mult=1.10 taper=1.00 n=6)+HARD_RISK_CAP(2.0%)+MAXLOSS_CAP;213234.14;213234.14;36;0
2026.08.11 13:39:15;XAUUSD;5;1786445800;DIR_OCO_PLACED;dir=BULL ticket=118674704 price=4393.21 sl=4378.21 tp=4415.71 lot=0.04 dist=2.09;PLACE_PENDING;SAFE;0;1;0;118674704;-1;0.00;0.00;0.00;0.00;0.00;KELLY_LITE;true;0.04;213234.14;0.0417;KELLY_LITE(mult=1.15 taper=1.00 n=7)+HARD_RISK_CAP(2.0%)+MAXLOSS_CAP;213234.14;213234.14;36;0
2026.08.11 13:39:15;XAUUSD;5;1786445800;DIR_OCO_COUNTER_PLACED;dir=BEAR(counter) ticket=118674706 price=4388.69 lot=0.03;PLACE_PENDING;SAFE;0;2;0;118674704;118674706;0.00;0.00;0.00;0.00;0.00;KELLY_LITE;true;0.04;213234.14;0.0417;KELLY_LITE(mult=1.15 taper=1.00 n=7)+HARD_RISK_CAP(2.0%)+MAXLOSS_CAP;213234.14;213234.14;36;0
2026.08.11 13:39:19;XAUUSD;5;1786445800;BUY_STOP_TRAILED;Old=4393.21 New=4392.71;WAIT_TRIGGER;SAFE;0;2;0;118674704;118674706;0.00;0.00;0.00;0.00;0.00;KELLY_LITE;true;0.04;213234.14;0.0417;KELLY_LITE(mult=1.15 taper=1.00 n=7)+HARD_RISK_CAP(2.0%)+MAXLOSS_CAP;213234.14;213234.14;36;0
2026.08.11 13:39:27;XAUUSD;5;1786445800;BUY_STOP_TRAILED;Old=4392.71 New=4392.23;WAIT_TRIGGER;SAFE;0;2;0;118674704;118674706;0.00;0.00;0.00;0.00;0.00;KELLY_LITE;true;0.04;213234.14;0.0417;KELLY_LITE(mult=1.15 taper=1.00 n=7)+HARD_RISK_CAP(2.0%)+MAXLOSS_CAP;213234.14;213234.14;36;0
2026.08.11 13:39:32;XAUUSD;5;1786445800;BUY_STOP_TRAILED;Old=4392.23 New=4391.78;WAIT_TRIGGER;SAFE;0;2;0;118674704;118674706;0.00;0.00;0.00;0.00;0.00;KELLY_LITE;true;0.04;213234.14;0.0417;KELLY_LITE(mult=1.15 taper=1.00 n=7)+HARD_RISK_CAP(2.0%)+MAXLOSS_CAP;213234.14;213234.14;36;0
2026.08.11 13:39:33;XAUUSD;5;1786445800;BUY_STOP_TRAILED;Old=4391.78 New=4391.43;WAIT_TRIGGER;SAFE;0;2;0;118674704;118674706;0.00;0.00;0.00;0.00;0.00;KELLY_LITE;true;0.04;213234.14;0.0417;KELLY_LITE(mult=1.15 taper=1.00 n=7)+HARD_RISK_CAP(2.0%)+MAXLOSS_CAP;213234.14;213234.14;36;0
2026.08.11 13:41:05;XAUUSD;5;1786445800;SELL_STOP_TRAILED;Old=4388.69 New=4389.02;WAIT_TRIGGER;SAFE;1;1;0;118674704;118674706;0.00;-1.72;-1.72;0.00;0.00;KELLY_LITE;true;0.04;213234.14;0.0417;KELLY_LITE(mult=1.15 taper=1.00 n=7)+HARD_RISK_CAP(2.0%)+MAXLOSS_CAP;213234.14;213232.42;36;0
2026.08.11 13:41:05;XAUUSD;5;1786445800;OCO_TRIGGERED_BUY;ticket=118674704 entry=4391.43;POSITION_ACTIVE;SAFE;1;1;0;-1;118674706;0.00;-1.72;-1.72;0.00;0.00;KELLY_LITE;true;0.04;213234.14;0.0417;KELLY_LITE(mult=1.15 taper=1.00 n=7)+HARD_RISK_CAP(2.0%)+MAXLOSS_CAP;213234.14;213232.42;36;0
2026.08.11 13:41:05;XAUUSD;5;1786445800;PENDING_DELETED;ticket=118674706 reason=oco_buy_triggered;POSITION_ACTIVE;SAFE;1;0;0;-1;118674706;0.00;-1.28;-1.28;0.00;0.00;KELLY_LITE;true;0.04;213234.14;0.0417;KELLY_LITE(mult=1.15 taper=1.00 n=7)+HARD_RISK_CAP(2.0%)+MAXLOSS_CAP;213234.14;213232.86;36;0
2026.08.11 13:41:06;XAUUSD;5;1786445800;HEDGE_PENDING_PLACED;dir=SELL_STOP ticket=118675034 price=4388.11 sl=4391.11 lot=0.05 mainEntry=4391.43 dist=3.00 confirmBars=1;POSITION_ACTIVE;SAFE;1;1;1;-1;-1;4391.43;0.92;0.92;0.00;-1.28;KELLY_LITE;true;0.04;213234.14;0.0417;KELLY_LITE(mult=1.15 taper=1.00 n=7)+HARD_RISK_CAP(2.0%)+MAXLOSS_CAP;213234.14;213235.06;36;0
2026.08.11 13:41:13;XAUUSD;5;1786445800;SL_MODIFIED;ticket=118674704 oldSL=4379.43 newSL=4393.03 reason=break_even_lock_leg_0;MANAGE_PROFIT;SAFE;1;1;1;-1;-1;4391.43;8.64;8.88;8.48;-1.28;KELLY_LITE;true;0.04;213234.14;0.0417;KELLY_LITE(mult=1.15 taper=1.00 n=7)+HARD_RISK_CAP(2.0%)+MAXLOSS_CAP;213234.14;213242.78;36;0
2026.08.11 13:41:13;XAUUSD;5;1786445800;PROFIT_RATCHET_LOCKED;floor=2.86 peak=8.48;MANAGE_PROFIT;SAFE;1;1;1;-1;-1;4391.43;8.64;8.88;8.48;-1.28;KELLY_LITE;true;0.04;213234.14;0.0417;KELLY_LITE(mult=1.15 taper=1.00 n=7)+HARD_RISK_CAP(2.0%)+MAXLOSS_CAP;213234.14;213242.78;36;0
2026.08.11 13:41:13;XAUUSD;5;1786445800;SL_MODIFIED;ticket=118674704 oldSL=4393.03 newSL=4393.07 reason=break_even_lock_leg_0 (retry buf=8pt);MANAGE_PROFIT;SAFE;1;1;1;-1;-1;4391.43;9.64;9.64;8.64;-1.28;KELLY_LITE;true;0.04;213234.14;0.0417;KELLY_LITE(mult=1.15 taper=1.00 n=7)+HARD_RISK_CAP(2.0%)+MAXLOSS_CAP;213234.14;213243.78;36;0
2026.08.11 13:41:13;XAUUSD;5;1786445800;PROFIT_RATCHET_LOCKED;floor=2.92 peak=8.64;MANAGE_PROFIT;SAFE;1;1;1;-1;-1;4391.43;9.64;9.64;8.64;-1.28;KELLY_LITE;true;0.04;213234.14;0.0417;KELLY_LITE(mult=1.15 taper=1.00 n=7)+HARD_RISK_CAP(2.0%)+MAXLOSS_CAP;213234.14;213243.78;36;0
2026.08.11 13:41:14;XAUUSD;5;1786445800;SL_MODIFIED;ticket=118674704 oldSL=4393.07 newSL=4393.32 reason=break_even_lock_leg_0;MANAGE_PROFIT;SAFE;1;1;1;-1;-1;4391.43;9.72;9.72;9.64;-1.28;KELLY_LITE;true;0.04;213234.14;0.0417;KELLY_LITE(mult=1.15 taper=1.00 n=7)+HARD_RISK_CAP(2.0%)+MAXLOSS_CAP;213234.14;213243.86;36;0
2026.08.11 13:41:14;XAUUSD;5;1786445800;PROFIT_RATCHET_LOCKED;floor=3.25 peak=9.64;MANAGE_PROFIT;SAFE;1;1;1;-1;-1;4391.43;9.72;9.72;9.64;-1.28;KELLY_LITE;true;0.04;213234.14;0.0417;KELLY_LITE(mult=1.15 taper=1.00 n=7)+HARD_RISK_CAP(2.0%)+MAXLOSS_CAP;213234.14;213243.86;36;0
2026.08.11 13:41:14;XAUUSD;5;1786445800;SL_MODIFIED;ticket=118674704 oldSL=4393.32 newSL=4393.34 reason=break_even_lock_leg_0;MANAGE_PROFIT;SAFE;1;1;1;-1;-1;4391.43;10.44;10.44;9.72;-1.28;KELLY_LITE;true;0.04;213234.14;0.0417;KELLY_LITE(mult=1.15 taper=1.00 n=7)+HARD_RISK_CAP(2.0%)+MAXLOSS_CAP;213234.14;213244.58;36;0
2026.08.11 13:41:14;XAUUSD;5;1786445800;PROFIT_RATCHET_LOCKED;floor=3.28 peak=9.72;MANAGE_PROFIT;SAFE;1;1;1;-1;-1;4391.43;10.44;10.44;9.72;-1.28;KELLY_LITE;true;0.04;213234.14;0.0417;KELLY_LITE(mult=1.15 taper=1.00 n=7)+HARD_RISK_CAP(2.0%)+MAXLOSS_CAP;213234.14;213244.58;36;0
2026.08.11 13:41:15;XAUUSD;5;1786445800;SL_MODIFY_FAILED;ticket=118674704 newSL=4393.52 reason=break_even_lock_leg_0 err=0;MANAGE_PROFIT;SAFE;1;1;1;-1;-1;4391.43;8.80;8.80;10.44;-1.28;KELLY_LITE;true;0.04;213234.14;0.0417;KELLY_LITE(mult=1.15 taper=1.00 n=7)+HARD_RISK_CAP(2.0%)+MAXLOSS_CAP;213234.14;213242.94;33;0
2026.08.11 13:41:15;XAUUSD;5;1786445800;PROFIT_RATCHET_LOCKED;floor=3.52 peak=10.44;MANAGE_PROFIT;SAFE;1;1;1;-1;-1;4391.43;8.80;8.80;10.44;-1.28;KELLY_LITE;true;0.04;213234.14;0.0417;KELLY_LITE(mult=1.15 taper=1.00 n=7)+HARD_RISK_CAP(2.0%)+MAXLOSS_CAP;213234.14;213242.94;33;0
2026.08.11 13:41:15;XAUUSD;5;1786445800;PROFIT_RATCHET_LOCKED;floor=3.52 peak=10.44;MANAGE_PROFIT;SAFE;1;1;1;-1;-1;4391.43;8.80;8.80;10.44;-1.28;KELLY_LITE;true;0.04;213234.14;0.0417;KELLY_LITE(mult=1.15 taper=1.00 n=7)+HARD_RISK_CAP(2.0%)+MAXLOSS_CAP;213234.14;213242.94;33;0
2026.08.11 13:41:15;XAUUSD;5;1786445800;PROFIT_RATCHET_LOCKED;floor=3.52 peak=10.44;MANAGE_PROFIT;SAFE;1;1;1;-1;-1;4391.43;9.28;9.28;10.44;-1.28;KELLY_LITE;true;0.04;213234.14;0.0417;KELLY_LITE(mult=1.15 taper=1.00 n=7)+HARD_RISK_CAP(2.0%)+MAXLOSS_CAP;213234.14;213243.42;34;0
2026.08.11 13:41:16;XAUUSD;5;1786445800;PROFIT_RATCHET_LOCKED;floor=3.52 peak=10.44;MANAGE_PROFIT;SAFE;1;1;1;-1;-1;4391.43;8.52;8.52;10.44;-1.28;KELLY_LITE;true;0.04;213234.14;0.0417;KELLY_LITE(mult=1.15 taper=1.00 n=7)+HARD_RISK_CAP(2.0%)+MAXLOSS_CAP;213234.14;213242.66;36;0
2026.08.11 13:41:16;XAUUSD;5;1786445800;PROFIT_RATCHET_LOCKED;floor=3.52 peak=10.44;MANAGE_PROFIT;SAFE;1;1;1;-1;-1;4391.43;8.64;8.64;10.44;-1.28;KELLY_LITE;true;0.04;213234.14;0.0417;KELLY_LITE(mult=1.15 taper=1.00 n=7)+HARD_RISK_CAP(2.0%)+MAXLOSS_CAP;213234.14;213242.78;36;0
2026.08.11 13:41:16;XAUUSD;5;1786445800;RECONCILED_BROKER_CLOSE;ticket=118674704 type=main pnl=7.64;MANAGE_PROFIT;SAFE;0;1;1;-1;-1;4391.43;0.00;0.00;10.44;-1.28;KELLY_LITE;true;0.04;213234.14;0.0417;KELLY_LITE(mult=1.15 taper=1.00 n=7)+HARD_RISK_CAP(2.0%)+MAXLOSS_CAP;213241.78;213241.78;37;0
2026.08.11 13:41:17;XAUUSD;5;1786445800;PENDING_DELETED;ticket=118675034 reason=main_gone_hedge_pending;WAIT_TRIGGER;SAFE;0;0;1;-1;-1;4391.43;0.00;0.00;10.44;-1.28;KELLY_LITE;true;0.04;213234.14;0.0417;KELLY_LITE(mult=1.15 taper=1.00 n=7)+HARD_RISK_CAP(2.0%)+MAXLOSS_CAP;213241.78;213241.78;36;0
2026.08.11 13:41:17;XAUUSD;5;1786445800;HEDGE_PENDING_CLEANUP;main_position_gone;WAIT_TRIGGER;SAFE;0;0;1;-1;-1;4391.43;0.00;0.00;10.44;-1.28;KELLY_LITE;true;0.04;213234.14;0.0417;KELLY_LITE(mult=1.15 taper=1.00 n=7)+HARD_RISK_CAP(2.0%)+MAXLOSS_CAP;213241.78;213241.78;36;0
2026.08.11 13:41:17;XAUUSD;5;1786445800;CYCLE_RESET;oldState=WAIT_TRIGGER realizedPnL=7.64 peak=10.44 worst=-1.28 pyramid=1 consLosses=0;WAIT_TRIGGER;SAFE;0;0;1;-1;-1;4391.43;0.00;0.00;10.44;-1.28;KELLY_LITE;true;0.04;213234.14;0.0417;KELLY_LITE(mult=1.15 taper=1.00 n=7)+HARD_RISK_CAP(2.0%)+MAXLOSS_CAP;213241.78;213241.78;36;0
2026.08.11 13:46:17;XAUUSD;5;1786445801;PLACE_PENDING_START;cycle=1786445801 trend=1 consecLosses=0 preset=AGGRESSIVE;PLACE_PENDING;SAFE;0;0;0;-1;-1;0.00;0.00;0.00;0.00;0.00;KELLY_LITE;true;0.04;213234.14;0.0417;KELLY_LITE(mult=1.15 taper=1.00 n=7)+HARD_RISK_CAP(2.0%)+MAXLOSS_CAP;213241.78;213241.78;36;0
2026.08.11 13:46:17;XAUUSD;5;1786445801;DIR_OCO_PLACED;dir=BULL ticket=118676784 price=4400.90 sl=4385.90 tp=4423.40 lot=0.04 dist=2.23;PLACE_PENDING;SAFE;0;1;0;118676784;-1;0.00;0.00;0.00;0.00;0.00;KELLY_LITE;true;0.04;213241.78;0.0417;KELLY_LITE(mult=1.20 taper=1.00 n=8)+HARD_RISK_CAP(2.0%)+MAXLOSS_CAP;213241.78;213241.78;36;0
2026.08.11 13:46:18;XAUUSD;5;1786445801;DIR_OCO_COUNTER_PLACED;dir=BEAR(counter) ticket=118676785 price=4396.11 lot=0.03;PLACE_PENDING;SAFE;0;2;0;118676784;118676785;0.00;0.00;0.00;0.00;0.00;KELLY_LITE;true;0.04;213241.78;0.0417;KELLY_LITE(mult=1.20 taper=1.00 n=8)+HARD_RISK_CAP(2.0%)+MAXLOSS_CAP;213241.78;213241.78;36;0
2026.08.11 13:46:20;XAUUSD;5;1786445801;BUY_STOP_TRAILED;Old=4400.90 New=4400.57;WAIT_TRIGGER;SAFE;0;2;0;118676784;118676785;0.00;0.00;0.00;0.00;0.00;KELLY_LITE;true;0.04;213241.78;0.0417;KELLY_LITE(mult=1.20 taper=1.00 n=8)+HARD_RISK_CAP(2.0%)+MAXLOSS_CAP;213241.78;213241.78;33;0
2026.08.11 13:46:38;XAUUSD;5;1786445801;BUY_STOP_TRAILED;Old=4400.57 New=4400.23;WAIT_TRIGGER;SAFE;0;2;0;118676784;118676785;0.00;0.00;0.00;0.00;0.00;KELLY_LITE;true;0.04;213241.78;0.0417;KELLY_LITE(mult=1.20 taper=1.00 n=8)+HARD_RISK_CAP(2.0%)+MAXLOSS_CAP;213241.78;213241.78;34;0
2026.08.11 13:46:40;XAUUSD;5;1786445801;BUY_STOP_TRAILED;Old=4400.23 New=4399.89;WAIT_TRIGGER;SAFE;0;2;0;118676784;118676785;0.00;0.00;0.00;0.00;0.00;KELLY_LITE;true;0.04;213241.78;0.0417;KELLY_LITE(mult=1.20 taper=1.00 n=8)+HARD_RISK_CAP(2.0%)+MAXLOSS_CAP;213241.78;213241.78;34;0
2026.08.11 13:46:44;XAUUSD;5;1786445801;BUY_STOP_TRAILED;Old=4399.89 New=4399.53;WAIT_TRIGGER;SAFE;0;2;0;118676784;118676785;0.00;0.00;0.00;0.00;0.00;KELLY_LITE;true;0.04;213241.78;0.0417;KELLY_LITE(mult=1.20 taper=1.00 n=8)+HARD_RISK_CAP(2.0%)+MAXLOSS_CAP;213241.78;213241.78;36;0
2026.08.11 13:46:46;XAUUSD;5;1786445801;BUY_STOP_TRAILED;Old=4399.53 New=4399.21;WAIT_TRIGGER;SAFE;0;2;0;118676784;118676785;0.00;0.00;0.00;0.00;0.00;KELLY_LITE;true;0.04;213241.78;0.0417;KELLY_LITE(mult=1.20 taper=1.00 n=8)+HARD_RISK_CAP(2.0%)+MAXLOSS_CAP;213241.78;213241.78;36;0
2026.08.11 13:46:58;XAUUSD;5;1786445801;BUY_STOP_TRAILED;Old=4399.21 New=4398.80;WAIT_TRIGGER;SAFE;0;2;0;118676784;118676785;0.00;0.00;0.00;0.00;0.00;KELLY_LITE;true;0.04;213241.78;0.0417;KELLY_LITE(mult=1.20 taper=1.00 n=8)+HARD_RISK_CAP(2.0%)+MAXLOSS_CAP;213241.78;213241.78;36;0
2026.08.11 13:47:00;XAUUSD;5;1786445801;OCO_TRIGGERED_SELL;ticket=118676785 entry=4396.11;POSITION_ACTIVE;SAFE;1;1;0;118676784;-1;0.00;0.06;-1.02;0.00;0.00;KELLY_LITE;true;0.04;213241.78;0.0417;KELLY_LITE(mult=1.20 taper=1.00 n=8)+HARD_RISK_CAP(2.0%)+MAXLOSS_CAP;213241.78;213241.84;36;0
2026.08.11 13:47:01;XAUUSD;5;1786445801;PENDING_DELETED;ticket=118676784 reason=oco_sell_triggered;POSITION_ACTIVE;SAFE;1;0;0;118676784;-1;0.00;-0.90;-0.90;0.00;0.00;KELLY_LITE;true;0.04;213241.78;0.0417;KELLY_LITE(mult=1.20 taper=1.00 n=8)+HARD_RISK_CAP(2.0%)+MAXLOSS_CAP;213241.78;213240.88;36;0
2026.08.11 13:47:01;XAUUSD;5;1786445801;HEDGE_PENDING_PLACED;dir=BUY_STOP ticket=118676949 price=4399.41 sl=4396.41 lot=0.05 mainEntry=4396.11 dist=3.00 confirmBars=1;POSITION_ACTIVE;SAFE;1;1;1;-1;-1;4396.11;0.45;0.45;0.00;-0.90;KELLY_LITE;true;0.04;213241.78;0.0417;KELLY_LITE(mult=1.20 taper=1.00 n=8)+HARD_RISK_CAP(2.0%)+MAXLOSS_CAP;213241.78;213242.23;36;0
2026.08.11 13:53:24;XAUUSD;5;1786445801;SL_MODIFIED;ticket=118676785 oldSL=4411.11 newSL=4394.07 reason=break_even_lock_leg_0 (retry buf=3pt);MANAGE_PROFIT;SAFE;1;1;1;-1;-1;4396.11;7.89;7.89;8.19;-7.38;KELLY_LITE;true;0.04;213241.78;0.0417;KELLY_LITE(mult=1.20 taper=1.00 n=8)+HARD_RISK_CAP(2.0%)+MAXLOSS_CAP;213241.78;213249.67;36;0
2026.08.11 13:53:24;XAUUSD;5;1786445801;PROFIT_RATCHET_LOCKED;floor=3.48 peak=8.19;MANAGE_PROFIT;SAFE;1;1;1;-1;-1;4396.11;7.89;7.89;8.19;-7.38;KELLY_LITE;true;0.04;213241.78;0.0417;KELLY_LITE(mult=1.20 taper=1.00 n=8)+HARD_RISK_CAP(2.0%)+MAXLOSS_CAP;213241.78;213249.67;36;0
2026.08.11 13:53:24;XAUUSD;5;1786445801;SL_MODIFIED;ticket=118676785 oldSL=4394.07 newSL=4394.00 reason=break_even_lock_leg_0;MANAGE_PROFIT;SAFE;1;1;1;-1;-1;4396.11;8.07;8.07;8.19;-7.38;KELLY_LITE;true;0.04;213241.78;0.0417;KELLY_LITE(mult=1.20 taper=1.00 n=8)+HARD_RISK_CAP(2.0%)+MAXLOSS_CAP;213241.78;213249.85;36;0
2026.08.11 13:53:24;XAUUSD;5;1786445801;PROFIT_RATCHET_LOCKED;floor=3.48 peak=8.19;MANAGE_PROFIT;SAFE;1;1;1;-1;-1;4396.11;8.07;8.07;8.19;-7.38;KELLY_LITE;true;0.04;213241.78;0.0417;KELLY_LITE(mult=1.20 taper=1.00 n=8)+HARD_RISK_CAP(2.0%)+MAXLOSS_CAP;213241.78;213249.85;36;0
2026.08.11 13:53:25;XAUUSD;5;1786445801;SL_MODIFIED;ticket=118676785 oldSL=4394.00 newSL=4393.94 reason=break_even_lock_leg_0;MANAGE_PROFIT;SAFE;1;1;1;-1;-1;4396.11;8.10;8.10;8.19;-7.38;KELLY_LITE;true;0.04;213241.78;0.0417;KELLY_LITE(mult=1.20 taper=1.00 n=8)+HARD_RISK_CAP(2.0%)+MAXLOSS_CAP;213241.78;213249.88;36;0
2026.08.11 13:53:25;XAUUSD;5;1786445801;PROFIT_RATCHET_LOCKED;floor=3.48 peak=8.19;MANAGE_PROFIT;SAFE;1;1;1;-1;-1;4396.11;8.10;8.10;8.19;-7.38;KELLY_LITE;true;0.04;213241.78;0.0417;KELLY_LITE(mult=1.20 taper=1.00 n=8)+HARD_RISK_CAP(2.0%)+MAXLOSS_CAP;213241.78;213249.88;36;0
2026.08.11 13:53:25;XAUUSD;5;1786445801;PROFIT_RATCHET_LOCKED;floor=3.48 peak=8.19;MANAGE_PROFIT;SAFE;1;1;1;-1;-1;4396.11;8.10;8.10;8.19;-7.38;KELLY_LITE;true;0.04;213241.78;0.0417;KELLY_LITE(mult=1.20 taper=1.00 n=8)+HARD_RISK_CAP(2.0%)+MAXLOSS_CAP;213241.78;213249.88;36;0
2026.08.11 13:53:25;XAUUSD;5;1786445801;PROFIT_RATCHET_LOCKED;floor=3.48 peak=8.19;MANAGE_PROFIT;SAFE;1;1;1;-1;-1;4396.11;7.92;7.92;8.19;-7.38;KELLY_LITE;true;0.04;213241.78;0.0417;KELLY_LITE(mult=1.20 taper=1.00 n=8)+HARD_RISK_CAP(2.0%)+MAXLOSS_CAP;213241.78;213249.70;36;0
2026.08.11 13:53:25;XAUUSD;5;1786445801;PROFIT_RATCHET_LOCKED;floor=3.48 peak=8.19;MANAGE_PROFIT;SAFE;1;1;1;-1;-1;4396.11;7.80;7.80;8.19;-7.38;KELLY_LITE;true;0.04;213241.78;0.0417;KELLY_LITE(mult=1.20 taper=1.00 n=8)+HARD_RISK_CAP(2.0%)+MAXLOSS_CAP;213241.78;213249.58;36;0
2026.08.11 13:53:26;XAUUSD;5;1786445801;PROFIT_RATCHET_LOCKED;floor=3.48 peak=8.19;MANAGE_PROFIT;SAFE;1;1;1;-1;-1;4396.11;7.98;7.98;8.19;-7.38;KELLY_LITE;true;0.04;213241.78;0.0417;KELLY_LITE(mult=1.20 taper=1.00 n=8)+HARD_RISK_CAP(2.0%)+MAXLOSS_CAP;213241.78;213249.76;36;0
2026.08.11 13:53:26;XAUUSD;5;1786445801;PROFIT_RATCHET_LOCKED;floor=3.48 peak=8.19;MANAGE_PROFIT;SAFE;1;1;1;-1;-1;4396.11;7.95;7.95;8.19;-7.38;KELLY_LITE;true;0.04;213241.78;0.0417;KELLY_LITE(mult=1.20 taper=1.00 n=8)+HARD_RISK_CAP(2.0%)+MAXLOSS_CAP;213241.78;213249.73;36;0
2026.08.11 13:53:27;XAUUSD;5;1786445801;SL_MODIFIED;ticket=118676785 oldSL=4393.94 newSL=4393.82 reason=break_even_lock_leg_0;MANAGE_PROFIT;SAFE;1;1;1;-1;-1;4396.11;8.52;8.52;8.43;-7.38;KELLY_LITE;true;0.04;213241.78;0.0417;KELLY_LITE(mult=1.20 taper=1.00 n=8)+HARD_RISK_CAP(2.0%)+MAXLOSS_CAP;213241.78;213250.30;36;0
2026.08.11 13:53:27;XAUUSD;5;1786445801;PROFIT_RATCHET_LOCKED;floor=3.58 peak=8.43;MANAGE_PROFIT;SAFE;1;1;1;-1;-1;4396.11;8.52;8.52;8.43;-7.38;KELLY_LITE;true;0.04;213241.78;0.0417;KELLY_LITE(mult=1.20 taper=1.00 n=8)+HARD_RISK_CAP(2.0%)+MAXLOSS_CAP;213241.78;213250.30;36;0
2026.08.11 13:53:27;XAUUSD;5;1786445801;SL_MODIFY_FAILED;ticket=118676785 newSL=4393.79 reason=break_even_lock_leg_0 err=0;MANAGE_PROFIT;SAFE;1;1;1;-1;-1;4396.11;8.19;8.19;8.52;-7.38;KELLY_LITE;true;0.04;213241.78;0.0417;KELLY_LITE(mult=1.20 taper=1.00 n=8)+HARD_RISK_CAP(2.0%)+MAXLOSS_CAP;213241.78;213249.97;36;0
2026.08.11 13:53:27;XAUUSD;5;1786445801;PROFIT_RATCHET_LOCKED;floor=3.62 peak=8.52;MANAGE_PROFIT;SAFE;1;1;1;-1;-1;4396.11;8.19;8.19;8.52;-7.38;KELLY_LITE;true;0.04;213241.78;0.0417;KELLY_LITE(mult=1.20 taper=1.00 n=8)+HARD_RISK_CAP(2.0%)+MAXLOSS_CAP;213241.78;213249.97;36;0
2026.08.11 13:53:27;XAUUSD;5;1786445801;PROFIT_RATCHET_LOCKED;floor=3.62 peak=8.52;MANAGE_PROFIT;SAFE;1;1;1;-1;-1;4396.11;8.19;8.19;8.52;-7.38;KELLY_LITE;true;0.04;213241.78;0.0417;KELLY_LITE(mult=1.20 taper=1.00 n=8)+HARD_RISK_CAP(2.0%)+MAXLOSS_CAP;213241.78;213249.97;36;0
2026.08.11 13:53:27;XAUUSD;5;1786445801;PROFIT_RATCHET_LOCKED;floor=3.62 peak=8.52;MANAGE_PROFIT;SAFE;1;1;1;-1;-1;4396.11;7.50;7.50;8.52;-7.38;KELLY_LITE;true;0.04;213241.78;0.0417;KELLY_LITE(mult=1.20 taper=1.00 n=8)+HARD_RISK_CAP(2.0%)+MAXLOSS_CAP;213241.78;213249.28;36;0
2026.08.11 13:53:27;XAUUSD;5;1786445801;PROFIT_RATCHET_LOCKED;floor=3.62 peak=8.52;MANAGE_PROFIT;SAFE;1;1;1;-1;-1;4396.11;7.47;7.47;8.52;-7.38;KELLY_LITE;true;0.04;213241.78;0.0417;KELLY_LITE(mult=1.20 taper=1.00 n=8)+HARD_RISK_CAP(2.0%)+MAXLOSS_CAP;213241.78;213249.25;36;0
2026.08.11 13:53:28;XAUUSD;5;1786445801;PROFIT_RATCHET_LOCKED;floor=3.62 peak=8.52;MANAGE_PROFIT;SAFE;1;1;1;-1;-1;4396.11;7.50;7.50;8.52;-7.38;KELLY_LITE;true;0.04;213241.78;0.0417;KELLY_LITE(mult=1.20 taper=1.00 n=8)+HARD_RISK_CAP(2.0%)+MAXLOSS_CAP;213241.78;213249.28;36;0
2026.08.11 13:53:28;XAUUSD;5;1786445801;PROFIT_RATCHET_LOCKED;floor=3.62 peak=8.52;MANAGE_PROFIT;SAFE;1;1;1;-1;-1;4396.11;7.47;7.47;8.52;-7.38;KELLY_LITE;true;0.04;213241.78;0.0417;KELLY_LITE(mult=1.20 taper=1.00 n=8)+HARD_RISK_CAP(2.0%)+MAXLOSS_CAP;213241.78;213249.25;36;0
2026.08.11 13:53:28;XAUUSD;5;1786445801;PROFIT_RATCHET_LOCKED;floor=3.62 peak=8.52;MANAGE_PROFIT;SAFE;1;1;1;-1;-1;4396.11;7.38;7.38;8.52;-7.38;KELLY_LITE;true;0.04;213241.78;0.0417;KELLY_LITE(mult=1.20 taper=1.00 n=8)+HARD_RISK_CAP(2.0%)+MAXLOSS_CAP;213241.78;213249.16;36;0
2026.08.11 13:53:28;XAUUSD;5;1786445801;PROFIT_RATCHET_LOCKED;floor=3.62 peak=8.52;MANAGE_PROFIT;SAFE;1;1;1;-1;-1;4396.11;7.32;7.32;8.52;-7.38;KELLY_LITE;true;0.04;213241.78;0.0417;KELLY_LITE(mult=1.20 taper=1.00 n=8)+HARD_RISK_CAP(2.0%)+MAXLOSS_CAP;213241.78;213249.10;36;0
2026.08.11 13:53:29;XAUUSD;5;1786445801;PROFIT_RATCHET_LOCKED;floor=3.62 peak=8.52;MANAGE_PROFIT;SAFE;1;1;1;-1;-1;4396.11;7.35;7.35;8.52;-7.38;KELLY_LITE;true;0.04;213241.78;0.0417;KELLY_LITE(mult=1.20 taper=1.00 n=8)+HARD_RISK_CAP(2.0%)+MAXLOSS_CAP;213241.78;213249.13;36;0
2026.08.11 13:53:29;XAUUSD;5;1786445801;PROFIT_RATCHET_LOCKED;floor=3.62 peak=8.52;MANAGE_PROFIT;SAFE;1;1;1;-1;-1;4396.11;7.68;7.68;8.52;-7.38;KELLY_LITE;true;0.04;213241.78;0.0417;KELLY_LITE(mult=1.20 taper=1.00 n=8)+HARD_RISK_CAP(2.0%)+MAXLOSS_CAP;213241.78;213249.46;36;0
2026.08.11 13:53:30;XAUUSD;5;1786445801;PROFIT_RATCHET_LOCKED;floor=3.62 peak=8.52;MANAGE_PROFIT;SAFE;1;1;1;-1;-1;4396.11;7.35;7.35;8.52;-7.38;KELLY_LITE;true;0.04;213241.78;0.0417;KELLY_LITE(mult=1.20 taper=1.00 n=8)+HARD_RISK_CAP(2.0%)+MAXLOSS_CAP;213241.78;213249.13;36;0
2026.08.11 13:53:30;XAUUSD;5;1786445801;EXIT_TIERED_TRAIL;profit=7.11 peak=8.52 allowedRetrace=1.28;MANAGE_PROFIT;SAFE;1;1;1;-1;-1;4396.11;7.11;7.11;8.52;-7.38;KELLY_LITE;true;0.04;213241.78;0.0417;KELLY_LITE(mult=1.20 taper=1.00 n=8)+HARD_RISK_CAP(2.0%)+MAXLOSS_CAP;213241.78;213248.89;36;0
2026.08.11 13:53:30;XAUUSD;5;1786445801;POSITION_CLOSED;ticket=118676785 reason=tiered_profit_trail lots=0.03 price=4393.74 pnl=7.11;MANAGE_PROFIT;SAFE;0;1;1;-1;-1;4396.11;0.00;0.00;8.52;-7.38;KELLY_LITE;true;0.04;213241.78;0.0417;KELLY_LITE(mult=1.20 taper=1.00 n=8)+HARD_RISK_CAP(2.0%)+MAXLOSS_CAP;213248.83;213248.83;36;0
2026.08.11 13:53:31;XAUUSD;5;1786445801;PENDING_DELETED;ticket=118676949 reason=close_all_hedge;MANAGE_PROFIT;SAFE;0;0;0;-1;-1;4396.11;0.00;0.00;8.52;-7.38;KELLY_LITE;true;0.04;213241.78;0.0417;KELLY_LITE(mult=1.20 taper=1.00 n=8)+HARD_RISK_CAP(2.0%)+MAXLOSS_CAP;213248.83;213248.83;36;0
2026.08.11 13:53:31;XAUUSD;5;1786445801;CYCLE_RESET;oldState=RESET realizedPnL=7.05 peak=8.52 worst=-7.38 pyramid=0 consLosses=0;RESET;SAFE;0;0;0;-1;-1;4396.11;0.00;0.00;8.52;-7.38;KELLY_LITE;true;0.04;213241.78;0.0417;KELLY_LITE(mult=1.20 taper=1.00 n=8)+HARD_RISK_CAP(2.0%)+MAXLOSS_CAP;213248.83;213248.83;36;0
2026.08.11 13:58:31;XAUUSD;5;1786445802;PLACE_PENDING_START;cycle=1786445802 trend=1 consecLosses=0 preset=AGGRESSIVE;PLACE_PENDING;SAFE;0;0;0;-1;-1;0.00;0.00;0.00;0.00;0.00;KELLY_LITE;true;0.04;213241.78;0.0417;KELLY_LITE(mult=1.20 taper=1.00 n=8)+HARD_RISK_CAP(2.0%)+MAXLOSS_CAP;213248.83;213248.83;36;0
2026.08.11 13:58:31;XAUUSD;5;1786445802;DIR_OCO_PLACED;dir=BULL ticket=118679212 price=4396.37 sl=4381.37 tp=4418.87 lot=0.04 dist=2.31;PLACE_PENDING;SAFE;0;1;0;118679212;-1;0.00;0.00;0.00;0.00;0.00;KELLY_LITE;true;0.04;213248.83;0.0417;KELLY_LITE(mult=1.23 taper=1.00 n=9)+HARD_RISK_CAP(2.0%)+MAXLOSS_CAP;213248.83;213248.83;36;0
2026.08.11 13:58:32;XAUUSD;5;1786445802;DIR_OCO_COUNTER_PLACED;dir=BEAR(counter) ticket=118679215 price=4391.39 lot=0.03;PLACE_PENDING;SAFE;0;2;0;118679212;118679215;0.00;0.00;0.00;0.00;0.00;KELLY_LITE;true;0.04;213248.83;0.0417;KELLY_LITE(mult=1.23 taper=1.00 n=9)+HARD_RISK_CAP(2.0%)+MAXLOSS_CAP;213248.83;213248.83;36;0
2026.08.11 13:58:55;XAUUSD;5;1786445802;BUY_STOP_TRAILED;Old=4396.37 New=4396.03;WAIT_TRIGGER;SAFE;0;2;0;118679212;118679215;0.00;0.00;0.00;0.00;0.00;KELLY_LITE;true;0.04;213248.83;0.0417;KELLY_LITE(mult=1.23 taper=1.00 n=9)+HARD_RISK_CAP(2.0%)+MAXLOSS_CAP;213248.83;213248.83;36;0
2026.08.11 13:59:00;XAUUSD;5;1786445802;BUY_STOP_TRAILED;Old=4396.03 New=4395.44;WAIT_TRIGGER;SAFE;0;2;0;118679212;118679215;0.00;0.00;0.00;0.00;0.00;KELLY_LITE;true;0.04;213248.83;0.0417;KELLY_LITE(mult=1.23 taper=1.00 n=9)+HARD_RISK_CAP(2.0%)+MAXLOSS_CAP;213248.83;213248.83;33;0
2026.08.11 13:59:13;XAUUSD;5;1786445802;BUY_STOP_TRAILED;Old=4395.44 New=4395.02;WAIT_TRIGGER;SAFE;0;2;0;118679212;118679215;0.00;0.00;0.00;0.00;0.00;KELLY_LITE;true;0.04;213248.83;0.0417;KELLY_LITE(mult=1.23 taper=1.00 n=9)+HARD_RISK_CAP(2.0%)+MAXLOSS_CAP;213248.83;213248.83;36;0
2026.08.11 14:00:02;XAUUSD;5;1786445802;SELL_STOP_TRAILED;Old=4391.39 New=4391.77;WAIT_TRIGGER;SAFE;0;2;0;118679212;118679215;0.00;0.00;0.00;0.00;0.00;KELLY_LITE;true;0.04;213248.83;0.0417;KELLY_LITE(mult=1.23 taper=1.00 n=9)+HARD_RISK_CAP(2.0%)+MAXLOSS_CAP;213248.83;213248.83;36;0
2026.08.11 14:00:04;XAUUSD;5;1786445802;BUY_STOP_TRAILED;Old=4395.02 New=4394.60;WAIT_TRIGGER;SAFE;0;2;0;118679212;118679215;0.00;0.00;0.00;0.00;0.00;KELLY_LITE;true;0.04;213248.83;0.0417;KELLY_LITE(mult=1.23 taper=1.00 n=9)+HARD_RISK_CAP(2.0%)+MAXLOSS_CAP;213248.83;213248.83;36;0
2026.08.11 14:00:15;XAUUSD;5;1786445802;OCO_TRIGGERED_BUY;ticket=118679212 entry=4394.60;POSITION_ACTIVE;SAFE;1;1;0;-1;118679215;0.00;0.28;-1.16;0.00;0.00;KELLY_LITE;true;0.04;213248.83;0.0417;KELLY_LITE(mult=1.23 taper=1.00 n=9)+HARD_RISK_CAP(2.0%)+MAXLOSS_CAP;213248.83;213249.11;36;0
2026.08.11 14:00:16;XAUUSD;5;1786445802;PENDING_DELETED;ticket=118679215 reason=oco_buy_triggered;POSITION_ACTIVE;SAFE;1;0;0;-1;118679215;0.00;-3.04;-3.04;0.00;0.00;KELLY_LITE;true;0.04;213248.83;0.0417;KELLY_LITE(mult=1.23 taper=1.00 n=9)+HARD_RISK_CAP(2.0%)+MAXLOSS_CAP;213248.83;213245.79;36;0
2026.08.11 14:00:16;XAUUSD;5;1786445802;HEDGE_PENDING_PLACED;dir=SELL_STOP ticket=118679737 price=4390.84 sl=4393.84 lot=0.05 mainEntry=4394.60 dist=3.00 confirmBars=1;POSITION_ACTIVE;SAFE;1;1;1;-1;-1;4394.60;-1.92;-1.92;0.00;-3.04;KELLY_LITE;true;0.04;213248.83;0.0417;KELLY_LITE(mult=1.23 taper=1.00 n=9)+HARD_RISK_CAP(2.0%)+MAXLOSS_CAP;213248.83;213246.91;36;0
2026.08.11 14:00:43;XAUUSD;5;1786445802;SL_MODIFIED;ticket=118679212 oldSL=4382.60 newSL=4396.08 reason=break_even_lock_leg_0;MANAGE_PROFIT;SAFE;1;1;1;-1;-1;4394.60;10.48;11.24;8.00;-3.80;KELLY_LITE;true;0.04;213248.83;0.0417;KELLY_LITE(mult=1.23 taper=1.00 n=9)+HARD_RISK_CAP(2.0%)+MAXLOSS_CAP;213248.83;213259.31;36;0
2026.08.11 14:00:43;XAUUSD;5;1786445802;PROFIT_RATCHET_LOCKED;floor=2.70 peak=8.00;MANAGE_PROFIT;SAFE;1;1;1;-1;-1;4394.60;10.48;11.24;8.00;-3.80;KELLY_LITE;true;0.04;213248.83;0.0417;KELLY_LITE(mult=1.23 taper=1.00 n=9)+HARD_RISK_CAP(2.0%)+MAXLOSS_CAP;213248.83;213259.31;36;0
2026.08.11 14:00:43;XAUUSD;5;1786445802;SL_MODIFIED;ticket=118679212 oldSL=4396.08 newSL=4396.71 reason=break_even_lock_leg_0 (retry buf=20pt);MANAGE_PROFIT;SAFE;1;1;1;-1;-1;4394.60;10.68;10.68;10.48;-3.80;KELLY_LITE;true;0.04;213248.83;0.0417;KELLY_LITE(mult=1.23 taper=1.00 n=9)+HARD_RISK_CAP(2.0%)+MAXLOSS_CAP;213248.83;213259.51;36;0
2026.08.11 14:00:43;XAUUSD;5;1786445802;PROFIT_RATCHET_LOCKED;floor=3.54 peak=10.48;MANAGE_PROFIT;SAFE;1;1;1;-1;-1;4394.60;10.68;10.68;10.48;-3.80;KELLY_LITE;true;0.04;213248.83;0.0417;KELLY_LITE(mult=1.23 taper=1.00 n=9)+HARD_RISK_CAP(2.0%)+MAXLOSS_CAP;213248.83;213259.51;36;0
2026.08.11 14:00:44;XAUUSD;5;1786445802;SL_MODIFY_FAILED;ticket=118679212 newSL=4396.75 reason=break_even_lock_leg_0 err=0;MANAGE_PROFIT;SAFE;1;1;1;-1;-1;4394.60;10.12;10.12;10.68;-3.80;KELLY_LITE;true;0.04;213248.83;0.0417;KELLY_LITE(mult=1.23 taper=1.00 n=9)+HARD_RISK_CAP(2.0%)+MAXLOSS_CAP;213248.83;213258.95;36;0
2026.08.11 14:00:44;XAUUSD;5;1786445802;PROFIT_RATCHET_LOCKED;floor=3.60 peak=10.68;MANAGE_PROFIT;SAFE;1;1;1;-1;-1;4394.60;10.12;10.12;10.68;-3.80;KELLY_LITE;true;0.04;213248.83;0.0417;KELLY_LITE(mult=1.23 taper=1.00 n=9)+HARD_RISK_CAP(2.0%)+MAXLOSS_CAP;213248.83;213258.95;36;0
2026.08.11 14:00:44;XAUUSD;5;1786445802;PROFIT_RATCHET_LOCKED;floor=3.60 peak=10.68;MANAGE_PROFIT;SAFE;1;1;1;-1;-1;4394.60;10.12;10.12;10.68;-3.80;KELLY_LITE;true;0.04;213248.83;0.0417;KELLY_LITE(mult=1.23 taper=1.00 n=9)+HARD_RISK_CAP(2.0%)+MAXLOSS_CAP;213248.83;213258.95;36;0
2026.08.11 14:00:44;XAUUSD;5;1786445802;PROFIT_RATCHET_LOCKED;floor=3.60 peak=10.68;MANAGE_PROFIT;SAFE;1;1;1;-1;-1;4394.60;10.24;10.24;10.68;-3.80;KELLY_LITE;true;0.04;213248.83;0.0417;KELLY_LITE(mult=1.23 taper=1.00 n=9)+HARD_RISK_CAP(2.0%)+MAXLOSS_CAP;213248.83;213259.07;36;0
2026.08.11 14:00:44;XAUUSD;5;1786445802;RECONCILED_BROKER_CLOSE;ticket=118679212 type=main pnl=8.44;MANAGE_PROFIT;SAFE;0;1;1;-1;-1;4394.60;0.00;0.00;10.68;-3.80;KELLY_LITE;true;0.04;213248.83;0.0417;KELLY_LITE(mult=1.23 taper=1.00 n=9)+HARD_RISK_CAP(2.0%)+MAXLOSS_CAP;213257.27;213257.27;33;0
2026.08.11 14:00:45;XAUUSD;5;1786445802;PENDING_DELETED;ticket=118679737 reason=main_gone_hedge_pending;WAIT_TRIGGER;SAFE;0;0;1;-1;-1;4394.60;0.00;0.00;10.68;-3.80;KELLY_LITE;true;0.04;213248.83;0.0417;KELLY_LITE(mult=1.23 taper=1.00 n=9)+HARD_RISK_CAP(2.0%)+MAXLOSS_CAP;213257.27;213257.27;33;0
2026.08.11 14:00:45;XAUUSD;5;1786445802;HEDGE_PENDING_CLEANUP;main_position_gone;WAIT_TRIGGER;SAFE;0;0;1;-1;-1;4394.60;0.00;0.00;10.68;-3.80;KELLY_LITE;true;0.04;213248.83;0.0417;KELLY_LITE(mult=1.23 taper=1.00 n=9)+HARD_RISK_CAP(2.0%)+MAXLOSS_CAP;213257.27;213257.27;33;0
2026.08.11 14:00:45;XAUUSD;5;1786445802;CYCLE_RESET;oldState=WAIT_TRIGGER realizedPnL=8.44 peak=10.68 worst=-3.80 pyramid=1 consLosses=0;WAIT_TRIGGER;SAFE;0;0;1;-1;-1;4394.60;0.00;0.00;10.68;-3.80;KELLY_LITE;true;0.04;213248.83;0.0417;KELLY_LITE(mult=1.23 taper=1.00 n=9)+HARD_RISK_CAP(2.0%)+MAXLOSS_CAP;213257.27;213257.27;33;0
2026.08.11 14:05:45;XAUUSD;5;1786445803;PLACE_PENDING_START;cycle=1786445803 trend=1 consecLosses=0 preset=AGGRESSIVE;PLACE_PENDING;SAFE;0;0;0;-1;-1;0.00;0.00;0.00;0.00;0.00;KELLY_LITE;true;0.04;213248.83;0.0417;KELLY_LITE(mult=1.23 taper=1.00 n=9)+HARD_RISK_CAP(2.0%)+MAXLOSS_CAP;213257.27;213257.27;36;0
2026.08.11 14:05:45;XAUUSD;5;1786445803;DIR_OCO_PLACED;dir=BULL ticket=118681233 price=4397.23 sl=4382.23 tp=4419.73 lot=0.04 dist=2.38;PLACE_PENDING;SAFE;0;1;0;118681233;-1;0.00;0.00;0.00;0.00;0.00;KELLY_LITE;true;0.04;213257.27;0.0417;KELLY_LITE(mult=1.25 taper=1.00 n=10)+HARD_RISK_CAP(2.0%)+MAXLOSS_CAP;213257.27;213257.27;36;0
2026.08.11 14:05:46;XAUUSD;5;1786445803;DIR_OCO_COUNTER_PLACED;dir=BEAR(counter) ticket=118681234 price=4392.13 lot=0.03;PLACE_PENDING;SAFE;0;2;0;118681233;118681234;0.00;0.00;0.00;0.00;0.00;KELLY_LITE;true;0.04;213257.27;0.0417;KELLY_LITE(mult=1.25 taper=1.00 n=10)+HARD_RISK_CAP(2.0%)+MAXLOSS_CAP;213257.27;213257.27;36;0
2026.08.11 14:05:47;XAUUSD;5;1786445803;BUY_STOP_TRAILED;Old=4397.23 New=4396.77;WAIT_TRIGGER;SAFE;0;2;0;118681233;118681234;0.00;0.00;0.00;0.00;0.00;KELLY_LITE;true;0.04;213257.27;0.0417;KELLY_LITE(mult=1.25 taper=1.00 n=10)+HARD_RISK_CAP(2.0%)+MAXLOSS_CAP;213257.27;213257.27;36;0
2026.08.11 14:05:50;XAUUSD;5;1786445803;BUY_STOP_TRAILED;Old=4396.77 New=4396.39;WAIT_TRIGGER;SAFE;0;2;0;118681233;118681234;0.00;0.00;0.00;0.00;0.00;KELLY_LITE;true;0.04;213257.27;0.0417;KELLY_LITE(mult=1.25 taper=1.00 n=10)+HARD_RISK_CAP(2.0%)+MAXLOSS_CAP;213257.27;213257.27;36;0
2026.08.11 14:06:02;XAUUSD;5;1786445803;SELL_STOP_TRAILED;Old=4392.13 New=4392.46;WAIT_TRIGGER;SAFE;0;2;0;118681233;118681234;0.00;0.00;0.00;0.00;0.00;KELLY_LITE;true;0.04;213257.27;0.0417;KELLY_LITE(mult=1.25 taper=1.00 n=10)+HARD_RISK_CAP(2.0%)+MAXLOSS_CAP;213257.27;213257.27;36;0
2026.08.11 14:07:15;XAUUSD;5;1786445803;SELL_STOP_TRAILED;Old=4392.46 New=4392.95;WAIT_TRIGGER;SAFE;0;2;0;118681233;118681234;0.00;0.00;0.00;0.00;0.00;KELLY_LITE;true;0.04;213257.27;0.0417;KELLY_LITE(mult=1.25 taper=1.00 n=10)+HARD_RISK_CAP(2.0%)+MAXLOSS_CAP;213257.27;213257.27;36;0
2026.08.11 14:08:02;XAUUSD;5;1786445803;SELL_STOP_TRAILED;Old=4392.95 New=4393.43;WAIT_TRIGGER;SAFE;0;2;0;118681233;118681234;0.00;0.00;0.00;0.00;0.00;KELLY_LITE;true;0.04;213257.27;0.0417;KELLY_LITE(mult=1.25 taper=1.00 n=10)+HARD_RISK_CAP(2.0%)+MAXLOSS_CAP;213257.27;213257.27;36;0
2026.08.11 14:08:03;XAUUSD;5;1786445803;OCO_TRIGGERED_BUY;ticket=118681233 entry=4396.39;POSITION_ACTIVE;SAFE;1;1;0;-1;118681234;0.00;-1.24;-1.24;0.00;0.00;KELLY_LITE;true;0.04;213257.27;0.0417;KELLY_LITE(mult=1.25 taper=1.00 n=10)+HARD_RISK_CAP(2.0%)+MAXLOSS_CAP;213257.27;213256.03;36;0
2026.08.11 14:08:03;XAUUSD;5;1786445803;PENDING_DELETED;ticket=118681234 reason=oco_buy_triggered;POSITION_ACTIVE;SAFE;1;0;0;-1;118681234;0.00;-1.12;-1.12;0.00;0.00;KELLY_LITE;true;0.04;213257.27;0.0417;KELLY_LITE(mult=1.25 taper=1.00 n=10)+HARD_RISK_CAP(2.0%)+MAXLOSS_CAP;213257.27;213256.15;36;0
2026.08.11 14:08:04;XAUUSD;5;1786445803;HEDGE_PENDING_PLACED;dir=SELL_STOP ticket=118681750 price=4393.11 sl=4396.11 lot=0.05 mainEntry=4396.39 dist=3.00 confirmBars=1;POSITION_ACTIVE;SAFE;1;1;1;-1;-1;4396.39;-0.16;-0.16;0.00;-1.12;KELLY_LITE;true;0.04;213257.27;0.0417;KELLY_LITE(mult=1.25 taper=1.00 n=10)+HARD_RISK_CAP(2.0%)+MAXLOSS_CAP;213257.27;213257.11;36;0
2026.08.11 14:09:52;XAUUSD;5;1786445803;SL_MODIFIED;ticket=118681233 oldSL=4384.39 newSL=4397.86 reason=break_even_lock_leg_0 (retry buf=3pt);MANAGE_PROFIT;SAFE;1;1;1;-1;-1;4396.39;8.28;8.28;8.28;-4.36;KELLY_LITE;true;0.04;213257.27;0.0417;KELLY_LITE(mult=1.25 taper=1.00 n=10)+HARD_RISK_CAP(2.0%)+MAXLOSS_CAP;213257.27;213265.55;36;0
2026.08.11 14:09:52;XAUUSD;5;1786445803;PROFIT_RATCHET_LOCKED;floor=2.79 peak=8.28;MANAGE_PROFIT;SAFE;1;1;1;-1;-1;4396.39;8.28;8.28;8.28;-4.36;KELLY_LITE;true;0.04;213257.27;0.0417;KELLY_LITE(mult=1.25 taper=1.00 n=10)+HARD_RISK_CAP(2.0%)+MAXLOSS_CAP;213257.27;213265.55;36;0
2026.08.11 14:09:53;XAUUSD;5;1786445803;SL_MODIFIED;ticket=118681233 oldSL=4397.86 newSL=4397.94 reason=break_even_lock_leg_0;MANAGE_PROFIT;SAFE;1;1;1;-1;-1;4396.39;8.36;8.36;8.28;-4.36;KELLY_LITE;true;0.04;213257.27;0.0417;KELLY_LITE(mult=1.25 taper=1.00 n=10)+HARD_RISK_CAP(2.0%)+MAXLOSS_CAP;213257.27;213265.63;36;0
2026.08.11 14:09:53;XAUUSD;5;1786445803;PROFIT_RATCHET_LOCKED;floor=2.79 peak=8.28;MANAGE_PROFIT;SAFE;1;1;1;-1;-1;4396.39;8.36;8.36;8.28;-4.36;KELLY_LITE;true;0.04;213257.27;0.0417;KELLY_LITE(mult=1.25 taper=1.00 n=10)+HARD_RISK_CAP(2.0%)+MAXLOSS_CAP;213257.27;213265.63;36;0
2026.08.11 14:09:53;XAUUSD;5;1786445803;SL_MODIFIED;ticket=118681233 oldSL=4397.94 newSL=4397.96 reason=break_even_lock_leg_0;MANAGE_PROFIT;SAFE;1;1;1;-1;-1;4396.39;8.72;8.72;8.36;-4.36;KELLY_LITE;true;0.04;213257.27;0.0417;KELLY_LITE(mult=1.25 taper=1.00 n=10)+HARD_RISK_CAP(2.0%)+MAXLOSS_CAP;213257.27;213265.99;36;0
2026.08.11 14:09:53;XAUUSD;5;1786445803;PROFIT_RATCHET_LOCKED;floor=2.82 peak=8.36;MANAGE_PROFIT;SAFE;1;1;1;-1;-1;4396.39;8.72;8.72;8.36;-4.36;KELLY_LITE;true;0.04;213257.27;0.0417;KELLY_LITE(mult=1.25 taper=1.00 n=10)+HARD_RISK_CAP(2.0%)+MAXLOSS_CAP;213257.27;213265.99;36;0
2026.08.11 14:09:54;XAUUSD;5;1786445803;SL_MODIFY_FAILED;ticket=118681233 newSL=4398.05 reason=break_even_lock_leg_0 err=0;MANAGE_PROFIT;SAFE;1;1;1;-1;-1;4396.39;8.36;8.36;8.72;-4.36;KELLY_LITE;true;0.04;213257.27;0.0417;KELLY_LITE(mult=1.25 taper=1.00 n=10)+HARD_RISK_CAP(2.0%)+MAXLOSS_CAP;213257.27;213265.63;36;0
2026.08.11 14:09:54;XAUUSD;5;1786445803;PROFIT_RATCHET_LOCKED;floor=2.94 peak=8.72;MANAGE_PROFIT;SAFE;1;1;1;-1;-1;4396.39;8.36;8.36;8.72;-4.36;KELLY_LITE;true;0.04;213257.27;0.0417;KELLY_LITE(mult=1.25 taper=1.00 n=10)+HARD_RISK_CAP(2.0%)+MAXLOSS_CAP;213257.27;213265.63;36;0
2026.08.11 14:09:54;XAUUSD;5;1786445803;PROFIT_RATCHET_LOCKED;floor=2.94 peak=8.72;MANAGE_PROFIT;SAFE;1;1;1;-1;-1;4396.39;8.36;8.36;8.72;-4.36;KELLY_LITE;true;0.04;213257.27;0.0417;KELLY_LITE(mult=1.25 taper=1.00 n=10)+HARD_RISK_CAP(2.0%)+MAXLOSS_CAP;213257.27;213265.63;36;0
2026.08.11 14:09:55;XAUUSD;5;1786445803;SL_MODIFIED;ticket=118681233 oldSL=4397.96 newSL=4398.06 reason=break_even_lock_leg_0;MANAGE_PROFIT;SAFE;1;1;1;-1;-1;4396.39;8.84;8.84;8.76;-4.36;KELLY_LITE;true;0.04;213257.27;0.0417;KELLY_LITE(mult=1.25 taper=1.00 n=10)+HARD_RISK_CAP(2.0%)+MAXLOSS_CAP;213257.27;213266.11;36;0
2026.08.11 14:09:55;XAUUSD;5;1786445803;PROFIT_RATCHET_LOCKED;floor=2.96 peak=8.76;MANAGE_PROFIT;SAFE;1;1;1;-1;-1;4396.39;8.84;8.84;8.76;-4.36;KELLY_LITE;true;0.04;213257.27;0.0417;KELLY_LITE(mult=1.25 taper=1.00 n=10)+HARD_RISK_CAP(2.0%)+MAXLOSS_CAP;213257.27;213266.11;36;0
2026.08.11 14:09:55;XAUUSD;5;1786445803;PROFIT_RATCHET_LOCKED;floor=2.98 peak=8.84;MANAGE_PROFIT;SAFE;1;1;1;-1;-1;4396.39;8.84;8.84;8.84;-4.36;KELLY_LITE;true;0.04;213257.27;0.0417;KELLY_LITE(mult=1.25 taper=1.00 n=10)+HARD_RISK_CAP(2.0%)+MAXLOSS_CAP;213257.27;213266.11;36;0
2026.08.11 14:09:55;XAUUSD;5;1786445803;SL_MODIFIED;ticket=118681233 oldSL=4398.06 newSL=4398.11 reason=break_even_lock_leg_0;MANAGE_PROFIT;SAFE;1;1;1;-1;-1;4396.39;8.96;8.96;8.96;-4.36;KELLY_LITE;true;0.04;213257.27;0.0417;KELLY_LITE(mult=1.25 taper=1.00 n=10)+HARD_RISK_CAP(2.0%)+MAXLOSS_CAP;213257.27;213266.23;36;0
2026.08.11 14:09:55;XAUUSD;5;1786445803;PROFIT_RATCHET_LOCKED;floor=3.02 peak=8.96;MANAGE_PROFIT;SAFE;1;1;1;-1;-1;4396.39;8.96;8.96;8.96;-4.36;KELLY_LITE;true;0.04;213257.27;0.0417;KELLY_LITE(mult=1.25 taper=1.00 n=10)+HARD_RISK_CAP(2.0%)+MAXLOSS_CAP;213257.27;213266.23;36;0
2026.08.11 14:09:55;XAUUSD;5;1786445803;PROFIT_RATCHET_LOCKED;floor=3.04 peak=9.00;MANAGE_PROFIT;SAFE;1;1;1;-1;-1;4396.39;9.00;9.00;9.00;-4.36;KELLY_LITE;true;0.04;213257.27;0.0417;KELLY_LITE(mult=1.25 taper=1.00 n=10)+HARD_RISK_CAP(2.0%)+MAXLOSS_CAP;213257.27;213266.27;36;0
2026.08.11 14:09:57;XAUUSD;5;1786445803;SL_MODIFIED;ticket=118681233 oldSL=4398.11 newSL=4398.15 reason=break_even_lock_leg_0 (retry buf=3pt);MANAGE_PROFIT;SAFE;1;1;1;-1;-1;4396.39;9.08;9.08;9.20;-4.36;KELLY_LITE;true;0.04;213257.27;0.0417;KELLY_LITE(mult=1.25 taper=1.00 n=10)+HARD_RISK_CAP(2.0%)+MAXLOSS_CAP;213257.27;213266.35;36;0
2026.08.11 14:09:57;XAUUSD;5;1786445803;PROFIT_RATCHET_LOCKED;floor=3.10 peak=9.20;MANAGE_PROFIT;SAFE;1;1;1;-1;-1;4396.39;9.08;9.08;9.20;-4.36;KELLY_LITE;true;0.04;213257.27;0.0417;KELLY_LITE(mult=1.25 taper=1.00 n=10)+HARD_RISK_CAP(2.0%)+MAXLOSS_CAP;213257.27;213266.35;36;0
2026.08.11 14:09:57;XAUUSD;5;1786445803;PROFIT_RATCHET_LOCKED;floor=3.10 peak=9.20;MANAGE_PROFIT;SAFE;1;1;1;-1;-1;4396.39;9.08;9.08;9.20;-4.36;KELLY_LITE;true;0.04;213257.27;0.0417;KELLY_LITE(mult=1.25 taper=1.00 n=10)+HARD_RISK_CAP(2.0%)+MAXLOSS_CAP;213257.27;213266.35;36;0
2026.08.11 14:09:57;XAUUSD;5;1786445803;PROFIT_RATCHET_LOCKED;floor=3.10 peak=9.20;MANAGE_PROFIT;SAFE;1;1;1;-1;-1;4396.39;9.12;9.12;9.20;-4.36;KELLY_LITE;true;0.04;213257.27;0.0417;KELLY_LITE(mult=1.25 taper=1.00 n=10)+HARD_RISK_CAP(2.0%)+MAXLOSS_CAP;213257.27;213266.39;36;0
2026.08.11 14:09:58;XAUUSD;5;1786445803;SL_MODIFIED;ticket=118681233 oldSL=4398.15 newSL=4398.19 reason=break_even_lock_leg_0;MANAGE_PROFIT;SAFE;1;1;1;-1;-1;4396.39;9.96;9.96;9.28;-4.36;KELLY_LITE;true;0.04;213257.27;0.0417;KELLY_LITE(mult=1.25 taper=1.00 n=10)+HARD_RISK_CAP(2.0%)+MAXLOSS_CAP;213257.27;213267.23;36;0
2026.08.11 14:09:58;XAUUSD;5;1786445803;PROFIT_RATCHET_LOCKED;floor=3.13 peak=9.28;MANAGE_PROFIT;SAFE;1;1;1;-1;-1;4396.39;9.96;9.96;9.28;-4.36;KELLY_LITE;true;0.04;213257.27;0.0417;KELLY_LITE(mult=1.25 taper=1.00 n=10)+HARD_RISK_CAP(2.0%)+MAXLOSS_CAP;213257.27;213267.23;36;0
2026.08.11 14:09:58;XAUUSD;5;1786445803;SL_MODIFIED;ticket=118681233 oldSL=4398.19 newSL=4398.36 reason=break_even_lock_leg_0;MANAGE_PROFIT;SAFE;1;1;1;-1;-1;4396.39;10.40;10.40;9.96;-4.36;KELLY_LITE;true;0.04;213257.27;0.0417;KELLY_LITE(mult=1.25 taper=1.00 n=10)+HARD_RISK_CAP(2.0%)+MAXLOSS_CAP;213257.27;213267.67;36;0
2026.08.11 14:09:58;XAUUSD;5;1786445803;PROFIT_RATCHET_LOCKED;floor=3.36 peak=9.96;MANAGE_PROFIT;SAFE;1;1;1;-1;-1;4396.39;10.40;10.40;9.96;-4.36;KELLY_LITE;true;0.04;213257.27;0.0417;KELLY_LITE(mult=1.25 taper=1.00 n=10)+HARD_RISK_CAP(2.0%)+MAXLOSS_CAP;213257.27;213267.67;36;0
2026.08.11 14:09:59;XAUUSD;5;1786445803;SL_MODIFIED;ticket=118681233 oldSL=4398.36 newSL=4398.47 reason=break_even_lock_leg_0;MANAGE_PROFIT;SAFE;1;1;1;-1;-1;4396.39;10.52;10.52;10.40;-4.36;KELLY_LITE;true;0.04;213257.27;0.0417;KELLY_LITE(mult=1.25 taper=1.00 n=10)+HARD_RISK_CAP(2.0%)+MAXLOSS_CAP;213257.27;213267.79;36;0
2026.08.11 14:09:59;XAUUSD;5;1786445803;PROFIT_RATCHET_LOCKED;floor=3.51 peak=10.40;MANAGE_PROFIT;SAFE;1;1;1;-1;-1;4396.39;10.52;10.52;10.40;-4.36;KELLY_LITE;true;0.04;213257.27;0.0417;KELLY_LITE(mult=1.25 taper=1.00 n=10)+HARD_RISK_CAP(2.0%)+MAXLOSS_CAP;213257.27;213267.79;36;0
2026.08.11 14:09:59;XAUUSD;5;1786445803;SL_MODIFIED;ticket=118681233 oldSL=4398.47 newSL=4398.50 reason=break_even_lock_leg_0;MANAGE_PROFIT;SAFE;1;1;1;-1;-1;4396.39;10.48;10.48;10.52;-4.36;KELLY_LITE;true;0.04;213257.27;0.0417;KELLY_LITE(mult=1.25 taper=1.00 n=10)+HARD_RISK_CAP(2.0%)+MAXLOSS_CAP;213257.27;213267.75;35;0
2026.08.11 14:09:59;XAUUSD;5;1786445803;PROFIT_RATCHET_LOCKED;floor=3.55 peak=10.52;MANAGE_PROFIT;SAFE;1;1;1;-1;-1;4396.39;10.48;10.48;10.52;-4.36;KELLY_LITE;true;0.04;213257.27;0.0417;KELLY_LITE(mult=1.25 taper=1.00 n=10)+HARD_RISK_CAP(2.0%)+MAXLOSS_CAP;213257.27;213267.75;35;0
2026.08.11 14:09:59;XAUUSD;5;1786445803;PROFIT_RATCHET_LOCKED;floor=3.55 peak=10.52;MANAGE_PROFIT;SAFE;1;1;1;-1;-1;4396.39;10.48;10.48;10.52;-4.36;KELLY_LITE;true;0.04;213257.27;0.0417;KELLY_LITE(mult=1.25 taper=1.00 n=10)+HARD_RISK_CAP(2.0%)+MAXLOSS_CAP;213257.27;213267.75;35;0
2026.08.11 14:09:59;XAUUSD;5;1786445803;PROFIT_RATCHET_LOCKED;floor=3.55 peak=10.52;MANAGE_PROFIT;SAFE;1;1;1;-1;-1;4396.39;10.44;10.44;10.52;-4.36;KELLY_LITE;true;0.04;213257.27;0.0417;KELLY_LITE(mult=1.25 taper=1.00 n=10)+HARD_RISK_CAP(2.0%)+MAXLOSS_CAP;213257.27;213267.71;36;0
2026.08.11 14:10:00;XAUUSD;5;1786445803;SL_MODIFIED;ticket=118681233 oldSL=4398.50 newSL=4398.71 reason=break_even_lock_leg_0;MANAGE_PROFIT;SAFE;1;1;1;-1;-1;4396.39;12.32;12.32;11.36;-4.36;KELLY_LITE;true;0.04;213257.27;0.0417;KELLY_LITE(mult=1.25 taper=1.00 n=10)+HARD_RISK_CAP(2.0%)+MAXLOSS_CAP;213257.27;213269.59;36;0
2026.08.11 14:10:00;XAUUSD;5;1786445803;PROFIT_RATCHET_LOCKED;floor=3.83 peak=11.36;MANAGE_PROFIT;SAFE;1;1;1;-1;-1;4396.39;12.32;12.32;11.36;-4.36;KELLY_LITE;true;0.04;213257.27;0.0417;KELLY_LITE(mult=1.25 taper=1.00 n=10)+HARD_RISK_CAP(2.0%)+MAXLOSS_CAP;213257.27;213269.59;36;0
2026.08.11 14:10:00;XAUUSD;5;1786445803;SL_MODIFIED;ticket=118681233 oldSL=4398.71 newSL=4398.95 reason=break_even_lock_leg_0;MANAGE_PROFIT;SAFE;1;1;1;-1;-1;4396.39;12.88;12.52;12.32;-4.36;KELLY_LITE;true;0.04;213257.27;0.0417;KELLY_LITE(mult=1.25 taper=1.00 n=10)+HARD_RISK_CAP(2.0%)+MAXLOSS_CAP;213257.27;213270.15;36;0
2026.08.11 14:10:00;XAUUSD;5;1786445803;PROFIT_RATCHET_LOCKED;floor=4.16 peak=12.32;MANAGE_PROFIT;SAFE;1;1;1;-1;-1;4396.39;12.88;12.52;12.32;-4.36;KELLY_LITE;true;0.04;213257.27;0.0417;KELLY_LITE(mult=1.25 taper=1.00 n=10)+HARD_RISK_CAP(2.0%)+MAXLOSS_CAP;213257.27;213270.15;36;0
2026.08.11 14:10:01;XAUUSD;5;1786445803;SL_MODIFIED;ticket=118681233 oldSL=4398.95 newSL=4399.00 reason=break_even_lock_leg_0;MANAGE_PROFIT;SAFE;1;1;1;-1;-1;4396.39;13.32;13.32;12.88;-4.36;KELLY_LITE;true;0.04;213257.27;0.0417;KELLY_LITE(mult=1.25 taper=1.00 n=10)+HARD_RISK_CAP(2.0%)+MAXLOSS_CAP;213257.27;213270.59;36;0
2026.08.11 14:10:01;XAUUSD;5;1786445803;PROFIT_RATCHET_LOCKED;floor=4.35 peak=12.88;MANAGE_PROFIT;SAFE;1;1;1;-1;-1;4396.39;13.32;13.32;12.88;-4.36;KELLY_LITE;true;0.04;213257.27;0.0417;KELLY_LITE(mult=1.25 taper=1.00 n=10)+HARD_RISK_CAP(2.0%)+MAXLOSS_CAP;213257.27;213270.59;36;0
2026.08.11 14:10:02;XAUUSD;5;1786445803;SL_MODIFIED;ticket=118681233 oldSL=4399.00 newSL=4399.10 reason=break_even_lock_leg_0 (retry buf=3pt);MANAGE_PROFIT;SAFE;1;1;1;-1;-1;4396.39;13.00;13.00;13.32;-4.36;KELLY_LITE;true;0.04;213257.27;0.0417;KELLY_LITE(mult=1.25 taper=1.00 n=10)+HARD_RISK_CAP(2.0%)+MAXLOSS_CAP;213257.27;213270.27;33;0
2026.08.11 14:10:02;XAUUSD;5;1786445803;PROFIT_RATCHET_LOCKED;floor=4.50 peak=13.32;MANAGE_PROFIT;SAFE;1;1;1;-1;-1;4396.39;13.00;13.00;13.32;-4.36;KELLY_LITE;true;0.04;213257.27;0.0417;KELLY_LITE(mult=1.25 taper=1.00 n=10)+HARD_RISK_CAP(2.0%)+MAXLOSS_CAP;213257.27;213270.27;33;0
2026.08.11 14:10:02;XAUUSD;5;1786445803;PROFIT_RATCHET_LOCKED;floor=4.50 peak=13.32;MANAGE_PROFIT;SAFE;1;1;1;-1;-1;4396.39;13.00;13.00;13.32;-4.36;KELLY_LITE;true;0.04;213257.27;0.0417;KELLY_LITE(mult=1.25 taper=1.00 n=10)+HARD_RISK_CAP(2.0%)+MAXLOSS_CAP;213257.27;213270.27;33;0
2026.08.11 14:10:02;XAUUSD;5;1786445803;PROFIT_RATCHET_LOCKED;floor=4.50 peak=13.32;MANAGE_PROFIT;SAFE;1;1;1;-1;-1;4396.39;12.40;12.40;13.32;-4.36;KELLY_LITE;true;0.04;213257.27;0.0417;KELLY_LITE(mult=1.25 taper=1.00 n=10)+HARD_RISK_CAP(2.0%)+MAXLOSS_CAP;213257.27;213269.67;36;0
2026.08.11 14:10:02;XAUUSD;5;1786445803;PROFIT_RATCHET_LOCKED;floor=4.50 peak=13.32;MANAGE_PROFIT;SAFE;1;1;1;-1;-1;4396.39;12.80;12.80;13.32;-4.36;KELLY_LITE;true;0.04;213257.27;0.0417;KELLY_LITE(mult=1.25 taper=1.00 n=10)+HARD_RISK_CAP(2.0%)+MAXLOSS_CAP;213257.27;213270.07;36;0
2026.08.11 14:10:03;XAUUSD;5;1786445803;PROFIT_RATCHET_LOCKED;floor=4.50 peak=13.32;MANAGE_PROFIT;SAFE;1;1;1;-1;-1;4396.39;12.96;12.96;13.32;-4.36;KELLY_LITE;true;0.04;213257.27;0.0417;KELLY_LITE(mult=1.25 taper=1.00 n=10)+HARD_RISK_CAP(2.0%)+MAXLOSS_CAP;213257.27;213270.23;34;0
2026.08.11 14:10:04;XAUUSD;5;1786445803;PROFIT_RATCHET_LOCKED;floor=4.50 peak=13.32;MANAGE_PROFIT;SAFE;1;1;1;-1;-1;4396.39;12.92;12.92;13.32;-4.36;KELLY_LITE;true;0.04;213257.27;0.0417;KELLY_LITE(mult=1.25 taper=1.00 n=10)+HARD_RISK_CAP(2.0%)+MAXLOSS_CAP;213257.27;213270.19;35;0
2026.08.11 14:10:04;XAUUSD;5;1786445803;PROFIT_RATCHET_LOCKED;floor=4.50 peak=13.32;MANAGE_PROFIT;SAFE;1;1;1;-1;-1;4396.39;12.96;12.96;13.32;-4.36;KELLY_LITE;true;0.04;213257.27;0.0417;KELLY_LITE(mult=1.25 taper=1.00 n=10)+HARD_RISK_CAP(2.0%)+MAXLOSS_CAP;213257.27;213270.23;36;0
2026.08.11 14:10:04;XAUUSD;5;1786445803;PROFIT_RATCHET_LOCKED;floor=4.50 peak=13.32;MANAGE_PROFIT;SAFE;1;1;1;-1;-1;4396.39;12.24;12.24;13.32;-4.36;KELLY_LITE;true;0.04;213257.27;0.0417;KELLY_LITE(mult=1.25 taper=1.00 n=10)+HARD_RISK_CAP(2.0%)+MAXLOSS_CAP;213257.27;213269.51;36;0
2026.08.11 14:10:04;XAUUSD;5;1786445803;PROFIT_RATCHET_LOCKED;floor=4.50 peak=13.32;MANAGE_PROFIT;SAFE;1;1;1;-1;-1;4396.39;12.68;12.68;13.32;-4.36;KELLY_LITE;true;0.04;213257.27;0.0417;KELLY_LITE(mult=1.25 taper=1.00 n=10)+HARD_RISK_CAP(2.0%)+MAXLOSS_CAP;213257.27;213269.95;36;0
2026.08.11 14:10:05;XAUUSD;5;1786445803;PROFIT_RATCHET_LOCKED;floor=4.50 peak=13.32;MANAGE_PROFIT;SAFE;1;1;1;-1;-1;4396.39;13.00;13.00;13.32;-4.36;KELLY_LITE;true;0.04;213257.27;0.0417;KELLY_LITE(mult=1.25 taper=1.00 n=10)+HARD_RISK_CAP(2.0%)+MAXLOSS_CAP;213257.27;213270.27;36;0
2026.08.11 14:10:05;XAUUSD;5;1786445803;PROFIT_RATCHET_LOCKED;floor=4.50 peak=13.32;MANAGE_PROFIT;SAFE;1;1;1;-1;-1;4396.39;12.92;12.92;13.32;-4.36;KELLY_LITE;true;0.04;213257.27;0.0417;KELLY_LITE(mult=1.25 taper=1.00 n=10)+HARD_RISK_CAP(2.0%)+MAXLOSS_CAP;213257.27;213270.19;36;0
2026.08.11 14:10:05;XAUUSD;5;1786445803;PROFIT_RATCHET_LOCKED;floor=4.50 peak=13.32;MANAGE_PROFIT;SAFE;1;1;1;-1;-1;4396.39;13.00;13.00;13.32;-4.36;KELLY_LITE;true;0.04;213257.27;0.0417;KELLY_LITE(mult=1.25 taper=1.00 n=10)+HARD_RISK_CAP(2.0%)+MAXLOSS_CAP;213257.27;213270.27;36;0
2026.08.11 14:10:06;XAUUSD;5;1786445803;SL_MODIFIED;ticket=118681233 oldSL=4399.10 newSL=4399.14 reason=break_even_lock_leg_0;MANAGE_PROFIT;SAFE;1;1;1;-1;-1;4396.39;13.72;13.72;13.32;-4.36;KELLY_LITE;true;0.04;213257.27;0.0417;KELLY_LITE(mult=1.25 taper=1.00 n=10)+HARD_RISK_CAP(2.0%)+MAXLOSS_CAP;213257.27;213270.99;36;0
2026.08.11 14:10:06;XAUUSD;5;1786445803;PROFIT_RATCHET_LOCKED;floor=4.50 peak=13.32;MANAGE_PROFIT;SAFE;1;1;1;-1;-1;4396.39;13.72;13.72;13.32;-4.36;KELLY_LITE;true;0.04;213257.27;0.0417;KELLY_LITE(mult=1.25 taper=1.00 n=10)+HARD_RISK_CAP(2.0%)+MAXLOSS_CAP;213257.27;213270.99;36;0
2026.08.11 14:10:07;XAUUSD;5;1786445803;SL_MODIFIED;ticket=118681233 oldSL=4399.14 newSL=4399.20 reason=break_even_lock_leg_0 (retry buf=3pt);MANAGE_PROFIT;SAFE;1;1;1;-1;-1;4396.39;13.68;13.68;13.72;-4.36;KELLY_LITE;true;0.04;213257.27;0.0417;KELLY_LITE(mult=1.25 taper=1.00 n=10)+HARD_RISK_CAP(2.0%)+MAXLOSS_CAP;213257.27;213270.95;36;0
2026.08.11 14:10:07;XAUUSD;5;1786445803;PROFIT_RATCHET_LOCKED;floor=4.63 peak=13.72;MANAGE_PROFIT;SAFE;1;1;1;-1;-1;4396.39;13.68;13.68;13.72;-4.36;KELLY_LITE;true;0.04;213257.27;0.0417;KELLY_LITE(mult=1.25 taper=1.00 n=10)+HARD_RISK_CAP(2.0%)+MAXLOSS_CAP;213257.27;213270.95;36;0
2026.08.11 14:10:07;XAUUSD;5;1786445803;SL_MODIFIED;ticket=118681233 oldSL=4399.20 newSL=4399.29 reason=break_even_lock_leg_0;MANAGE_PROFIT;SAFE;1;1;1;-1;-1;4396.39;15.04;15.04;13.72;-4.36;KELLY_LITE;true;0.04;213257.27;0.0417;KELLY_LITE(mult=1.25 taper=1.00 n=10)+HARD_RISK_CAP(2.0%)+MAXLOSS_CAP;213257.27;213272.31;33;0
2026.08.11 14:10:07;XAUUSD;5;1786445803;PROFIT_RATCHET_LOCKED;floor=4.63 peak=13.72;MANAGE_PROFIT;SAFE;1;1;1;-1;-1;4396.39;15.04;15.04;13.72;-4.36;KELLY_LITE;true;0.04;213257.27;0.0417;KELLY_LITE(mult=1.25 taper=1.00 n=10)+HARD_RISK_CAP(2.0%)+MAXLOSS_CAP;213257.27;213272.31;33;0
2026.08.11 14:10:08;XAUUSD;5;1786445803;SL_MODIFIED;ticket=118681233 oldSL=4399.29 newSL=4399.56 reason=break_even_lock_leg_0 (retry buf=3pt);MANAGE_PROFIT;SAFE;1;1;1;-1;-1;4396.39;15.64;15.64;15.04;-4.36;KELLY_LITE;true;0.04;213257.27;0.0417;KELLY_LITE(mult=1.25 taper=1.00 n=10)+HARD_RISK_CAP(2.0%)+MAXLOSS_CAP;213257.27;213272.91;33;0
2026.08.11 14:10:08;XAUUSD;5;1786445803;PROFIT_RATCHET_LOCKED;floor=5.08 peak=15.04;MANAGE_PROFIT;SAFE;1;1;1;-1;-1;4396.39;15.64;15.64;15.04;-4.36;KELLY_LITE;true;0.04;213257.27;0.0417;KELLY_LITE(mult=1.25 taper=1.00 n=10)+HARD_RISK_CAP(2.0%)+MAXLOSS_CAP;213257.27;213272.91;33;0
2026.08.11 14:10:10;XAUUSD;5;1786445803;SL_MODIFIED;ticket=118681233 oldSL=4399.56 newSL=4399.65 reason=break_even_lock_leg_0 (retry buf=3pt);MANAGE_PROFIT;SAFE;1;1;1;-1;-1;4396.39;16.24;16.24;15.64;-4.36;KELLY_LITE;true;0.04;213257.27;0.0417;KELLY_LITE(mult=1.25 taper=1.00 n=10)+HARD_RISK_CAP(2.0%)+MAXLOSS_CAP;213257.27;213273.51;33;0
2026.08.11 14:10:10;XAUUSD;5;1786445803;PROFIT_RATCHET_LOCKED;floor=5.28 peak=15.64;MANAGE_PROFIT;SAFE;1;1;1;-1;-1;4396.39;16.24;16.24;15.64;-4.36;KELLY_LITE;true;0.04;213257.27;0.0417;KELLY_LITE(mult=1.25 taper=1.00 n=10)+HARD_RISK_CAP(2.0%)+MAXLOSS_CAP;213257.27;213273.51;33;0
2026.08.11 14:10:10;XAUUSD;5;1786445803;SL_MODIFIED;ticket=118681233 oldSL=4399.65 newSL=4399.93 reason=break_even_lock_leg_0;MANAGE_PROFIT;SAFE;1;1;1;-1;-1;4396.39;16.28;16.28;16.24;-4.36;KELLY_LITE;true;0.04;213257.27;0.0417;KELLY_LITE(mult=1.25 taper=1.00 n=10)+HARD_RISK_CAP(2.0%)+MAXLOSS_CAP;213257.27;213273.55;33;0
2026.08.11 14:10:10;XAUUSD;5;1786445803;PROFIT_RATCHET_LOCKED;floor=5.48 peak=16.24;MANAGE_PROFIT;SAFE;1;1;1;-1;-1;4396.39;16.28;16.28;16.24;-4.36;KELLY_LITE;true;0.04;213257.27;0.0417;KELLY_LITE(mult=1.25 taper=1.00 n=10)+HARD_RISK_CAP(2.0%)+MAXLOSS_CAP;213257.27;213273.55;33;0
2026.08.11 14:10:10;XAUUSD;5;1786445803;PROFIT_RATCHET_LOCKED;floor=5.49 peak=16.28;MANAGE_PROFIT;SAFE;1;1;1;-1;-1;4396.39;16.28;16.28;16.28;-4.36;KELLY_LITE;true;0.04;213257.27;0.0417;KELLY_LITE(mult=1.25 taper=1.00 n=10)+HARD_RISK_CAP(2.0%)+MAXLOSS_CAP;213257.27;213273.55;33;0
2026.08.11 14:10:11;XAUUSD;5;1786445803;PROFIT_RATCHET_LOCKED;floor=5.49 peak=16.28;MANAGE_PROFIT;SAFE;1;1;1;-1;-1;4396.39;16.12;16.12;16.28;-4.36;KELLY_LITE;true;0.04;213257.27;0.0417;KELLY_LITE(mult=1.25 taper=1.00 n=10)+HARD_RISK_CAP(2.0%)+MAXLOSS_CAP;213257.27;213273.39;33;0
2026.08.11 14:10:11;XAUUSD;5;1786445803;PROFIT_RATCHET_LOCKED;floor=5.49 peak=16.28;MANAGE_PROFIT;SAFE;1;1;1;-1;-1;4396.39;15.32;15.32;16.28;-4.36;KELLY_LITE;true;0.04;213257.27;0.0417;KELLY_LITE(mult=1.25 taper=1.00 n=10)+HARD_RISK_CAP(2.0%)+MAXLOSS_CAP;213257.27;213272.59;33;0
2026.08.11 14:10:11;XAUUSD;5;1786445803;PROFIT_RATCHET_LOCKED;floor=5.49 peak=16.28;MANAGE_PROFIT;SAFE;1;1;1;-1;-1;4396.39;15.16;15.16;16.28;-4.36;KELLY_LITE;true;0.04;213257.27;0.0417;KELLY_LITE(mult=1.25 taper=1.00 n=10)+HARD_RISK_CAP(2.0%)+MAXLOSS_CAP;213257.27;213272.43;33;0
2026.08.11 14:10:12;XAUUSD;5;1786445803;PROFIT_RATCHET_LOCKED;floor=5.49 peak=16.28;MANAGE_PROFIT;SAFE;1;1;1;-1;-1;4396.39;15.48;15.48;16.28;-4.36;KELLY_LITE;true;0.04;213257.27;0.0417;KELLY_LITE(mult=1.25 taper=1.00 n=10)+HARD_RISK_CAP(2.0%)+MAXLOSS_CAP;213257.27;213272.75;33;0
2026.08.11 14:10:12;XAUUSD;5;1786445803;PROFIT_RATCHET_LOCKED;floor=5.49 peak=16.28;MANAGE_PROFIT;SAFE;1;1;1;-1;-1;4396.39;15.52;15.52;16.28;-4.36;KELLY_LITE;true;0.04;213257.27;0.0417;KELLY_LITE(mult=1.25 taper=1.00 n=10)+HARD_RISK_CAP(2.0%)+MAXLOSS_CAP;213257.27;213272.79;33;0
2026.08.11 14:10:12;XAUUSD;5;1786445803;PROFIT_RATCHET_LOCKED;floor=5.49 peak=16.28;MANAGE_PROFIT;SAFE;1;1;1;-1;-1;4396.39;14.36;14.36;16.28;-4.36;KELLY_LITE;true;0.04;213257.27;0.0417;KELLY_LITE(mult=1.25 taper=1.00 n=10)+HARD_RISK_CAP(2.0%)+MAXLOSS_CAP;213257.27;213271.63;33;0
2026.08.11 14:10:12;XAUUSD;5;1786445803;PROFIT_RATCHET_LOCKED;floor=5.49 peak=16.28;MANAGE_PROFIT;SAFE;1;1;1;-1;-1;4396.39;14.32;14.32;16.28;-4.36;KELLY_LITE;true;0.04;213257.27;0.0417;KELLY_LITE(mult=1.25 taper=1.00 n=10)+HARD_RISK_CAP(2.0%)+MAXLOSS_CAP;213257.27;213271.59;33;0
2026.08.11 14:10:12;XAUUSD;5;1786445803;PROFIT_RATCHET_LOCKED;floor=5.49 peak=16.28;MANAGE_PROFIT;SAFE;1;1;1;-1;-1;4396.39;14.20;14.20;16.28;-4.36;KELLY_LITE;true;0.04;213257.27;0.0417;KELLY_LITE(mult=1.25 taper=1.00 n=10)+HARD_RISK_CAP(2.0%)+MAXLOSS_CAP;213257.27;213271.47;33;0
2026.08.11 14:10:13;XAUUSD;5;1786445803;PROFIT_RATCHET_LOCKED;floor=5.49 peak=16.28;MANAGE_PROFIT;SAFE;1;1;1;-1;-1;4396.39;14.32;14.32;16.28;-4.36;KELLY_LITE;true;0.04;213257.27;0.0417;KELLY_LITE(mult=1.25 taper=1.00 n=10)+HARD_RISK_CAP(2.0%)+MAXLOSS_CAP;213257.27;213271.59;33;0
2026.08.11 14:10:13;XAUUSD;5;1786445803;PROFIT_RATCHET_LOCKED;floor=5.49 peak=16.28;MANAGE_PROFIT;SAFE;1;1;1;-1;-1;4396.39;14.28;14.28;16.28;-4.36;KELLY_LITE;true;0.04;213257.27;0.0417;KELLY_LITE(mult=1.25 taper=1.00 n=10)+HARD_RISK_CAP(2.0%)+MAXLOSS_CAP;213257.27;213271.55;33;0
2026.08.11 14:10:13;XAUUSD;5;1786445803;PROFIT_RATCHET_LOCKED;floor=5.49 peak=16.28;MANAGE_PROFIT;SAFE;1;1;1;-1;-1;4396.39;14.68;14.68;16.28;-4.36;KELLY_LITE;true;0.04;213257.27;0.0417;KELLY_LITE(mult=1.25 taper=1.00 n=10)+HARD_RISK_CAP(2.0%)+MAXLOSS_CAP;213257.27;213271.95;33;0
2026.08.11 14:10:14;XAUUSD;5;1786445803;PROFIT_RATCHET_LOCKED;floor=5.49 peak=16.28;MANAGE_PROFIT;SAFE;1;1;1;-1;-1;4396.39;14.88;14.88;16.28;-4.36;KELLY_LITE;true;0.04;213257.27;0.0417;KELLY_LITE(mult=1.25 taper=1.00 n=10)+HARD_RISK_CAP(2.0%)+MAXLOSS_CAP;213257.27;213272.15;33;0
2026.08.11 14:10:14;XAUUSD;5;1786445803;PROFIT_RATCHET_LOCKED;floor=5.49 peak=16.28;MANAGE_PROFIT;SAFE;1;1;1;-1;-1;4396.39;15.24;15.24;16.28;-4.36;KELLY_LITE;true;0.04;213257.27;0.0417;KELLY_LITE(mult=1.25 taper=1.00 n=10)+HARD_RISK_CAP(2.0%)+MAXLOSS_CAP;213257.27;213272.51;33;0
2026.08.11 14:10:14;XAUUSD;5;1786445803;PROFIT_RATCHET_LOCKED;floor=5.49 peak=16.28;MANAGE_PROFIT;SAFE;1;1;1;-1;-1;4396.39;15.28;15.28;16.28;-4.36;KELLY_LITE;true;0.04;213257.27;0.0417;KELLY_LITE(mult=1.25 taper=1.00 n=10)+HARD_RISK_CAP(2.0%)+MAXLOSS_CAP;213257.27;213272.55;33;0
2026.08.11 14:10:15;XAUUSD;5;1786445803;PROFIT_RATCHET_LOCKED;floor=5.49 peak=16.28;MANAGE_PROFIT;SAFE;1;1;1;-1;-1;4396.39;15.72;15.72;16.28;-4.36;KELLY_LITE;true;0.04;213257.27;0.0417;KELLY_LITE(mult=1.25 taper=1.00 n=10)+HARD_RISK_CAP(2.0%)+MAXLOSS_CAP;213257.27;213272.99;33;0
2026.08.11 14:10:15;XAUUSD;5;1786445803;PROFIT_RATCHET_LOCKED;floor=5.49 peak=16.28;MANAGE_PROFIT;SAFE;1;1;1;-1;-1;4396.39;15.80;15.80;16.28;-4.36;KELLY_LITE;true;0.04;213257.27;0.0417;KELLY_LITE(mult=1.25 taper=1.00 n=10)+HARD_RISK_CAP(2.0%)+MAXLOSS_CAP;213257.27;213273.07;33;0
2026.08.11 14:10:15;XAUUSD;5;1786445803;PROFIT_RATCHET_LOCKED;floor=5.49 peak=16.28;MANAGE_PROFIT;SAFE;1;1;1;-1;-1;4396.39;15.84;15.84;16.28;-4.36;KELLY_LITE;true;0.04;213257.27;0.0417;KELLY_LITE(mult=1.25 taper=1.00 n=10)+HARD_RISK_CAP(2.0%)+MAXLOSS_CAP;213257.27;213273.11;33;0
2026.08.11 14:10:16;XAUUSD;5;1786445803;PROFIT_RATCHET_LOCKED;floor=5.49 peak=16.28;MANAGE_PROFIT;SAFE;1;1;1;-1;-1;4396.39;15.64;15.64;16.28;-4.36;KELLY_LITE;true;0.04;213257.27;0.0417;KELLY_LITE(mult=1.25 taper=1.00 n=10)+HARD_RISK_CAP(2.0%)+MAXLOSS_CAP;213257.27;213272.91;33;0
2026.08.11 14:10:16;XAUUSD;5;1786445803;PROFIT_RATCHET_LOCKED;floor=5.49 peak=16.28;MANAGE_PROFIT;SAFE;1;1;1;-1;-1;4396.39;14.44;14.44;16.28;-4.36;KELLY_LITE;true;0.04;213257.27;0.0417;KELLY_LITE(mult=1.25 taper=1.00 n=10)+HARD_RISK_CAP(2.0%)+MAXLOSS_CAP;213257.27;213271.71;33;0
2026.08.11 14:10:16;XAUUSD;5;1786445803;RECONCILED_BROKER_CLOSE;ticket=118681233 type=main pnl=14.16;MANAGE_PROFIT;SAFE;0;1;1;-1;-1;4396.39;0.00;0.00;16.28;-4.36;KELLY_LITE;true;0.04;213257.27;0.0417;KELLY_LITE(mult=1.25 taper=1.00 n=10)+HARD_RISK_CAP(2.0%)+MAXLOSS_CAP;213271.43;213271.43;33;0
2026.08.11 14:10:17;XAUUSD;5;1786445803;PENDING_DELETED;ticket=118681750 reason=main_gone_hedge_pending;WAIT_TRIGGER;SAFE;0;0;1;-1;-1;4396.39;0.00;0.00;16.28;-4.36;KELLY_LITE;true;0.04;213257.27;0.0417;KELLY_LITE(mult=1.25 taper=1.00 n=10)+HARD_RISK_CAP(2.0%)+MAXLOSS_CAP;213271.43;213271.43;33;0
2026.08.11 14:10:17;XAUUSD;5;1786445803;HEDGE_PENDING_CLEANUP;main_position_gone;WAIT_TRIGGER;SAFE;0;0;1;-1;-1;4396.39;0.00;0.00;16.28;-4.36;KELLY_LITE;true;0.04;213257.27;0.0417;KELLY_LITE(mult=1.25 taper=1.00 n=10)+HARD_RISK_CAP(2.0%)+MAXLOSS_CAP;213271.43;213271.43;33;0
2026.08.11 14:10:17;XAUUSD;5;1786445803;CYCLE_RESET;oldState=WAIT_TRIGGER realizedPnL=14.16 peak=16.28 worst=-4.36 pyramid=1 consLosses=0;WAIT_TRIGGER;SAFE;0;0;1;-1;-1;4396.39;0.00;0.00;16.28;-4.36;KELLY_LITE;true;0.04;213257.27;0.0417;KELLY_LITE(mult=1.25 taper=1.00 n=10)+HARD_RISK_CAP(2.0%)+MAXLOSS_CAP;213271.43;213271.43;33;0
2026.08.11 14:15:17;XAUUSD;5;1786445804;PLACE_PENDING_START;cycle=1786445804 trend=1 consecLosses=0 preset=AGGRESSIVE;PLACE_PENDING;SAFE;0;0;0;-1;-1;0.00;0.00;0.00;0.00;0.00;KELLY_LITE;true;0.04;213257.27;0.0417;KELLY_LITE(mult=1.25 taper=1.00 n=10)+HARD_RISK_CAP(2.0%)+MAXLOSS_CAP;213271.43;213271.43;33;0
2026.08.11 14:15:17;XAUUSD;5;1786445804;DIR_OCO_PLACED;dir=BULL ticket=118683727 price=4394.48 sl=4379.48 tp=4416.98 lot=0.04 dist=2.37;PLACE_PENDING;SAFE;0;1;0;118683727;-1;0.00;0.00;0.00;0.00;0.00;KELLY_LITE;true;0.04;213271.43;0.0417;KELLY_LITE(mult=1.27 taper=1.00 n=11)+HARD_RISK_CAP(2.0%)+MAXLOSS_CAP;213271.43;213271.43;33;0
2026.08.11 14:15:18;XAUUSD;5;1786445804;DIR_OCO_COUNTER_PLACED;dir=BEAR(counter) ticket=118683730 price=4389.29 lot=0.03;PLACE_PENDING;SAFE;0;2;0;118683727;118683730;0.00;0.00;0.00;0.00;0.00;KELLY_LITE;true;0.04;213271.43;0.0417;KELLY_LITE(mult=1.27 taper=1.00 n=11)+HARD_RISK_CAP(2.0%)+MAXLOSS_CAP;213271.43;213271.43;33;0
2026.08.11 14:15:18;XAUUSD;5;1786445804;SELL_STOP_TRAILED;Old=4389.29 New=4389.63;WAIT_TRIGGER;SAFE;0;2;0;118683727;118683730;0.00;0.00;0.00;0.00;0.00;KELLY_LITE;true;0.04;213271.43;0.0417;KELLY_LITE(mult=1.27 taper=1.00 n=11)+HARD_RISK_CAP(2.0%)+MAXLOSS_CAP;213271.43;213271.43;33;0
2026.08.11 14:15:19;XAUUSD;5;1786445804;SELL_STOP_TRAILED;Old=4389.63 New=4390.06;WAIT_TRIGGER;SAFE;0;2;0;118683727;118683730;0.00;0.00;0.00;0.00;0.00;KELLY_LITE;true;0.04;213271.43;0.0417;KELLY_LITE(mult=1.27 taper=1.00 n=11)+HARD_RISK_CAP(2.0%)+MAXLOSS_CAP;213271.43;213271.43;33;0
2026.08.11 14:15:20;XAUUSD;5;1786445804;SELL_STOP_TRAILED;Old=4390.06 New=4390.41;WAIT_TRIGGER;SAFE;0;2;0;118683727;118683730;0.00;0.00;0.00;0.00;0.00;KELLY_LITE;true;0.04;213271.43;0.0417;KELLY_LITE(mult=1.27 taper=1.00 n=11)+HARD_RISK_CAP(2.0%)+MAXLOSS_CAP;213271.43;213271.43;33;0
2026.08.11 14:15:22;XAUUSD;5;1786445804;SELL_STOP_TRAILED;Old=4390.41 New=4390.82;WAIT_TRIGGER;SAFE;0;2;0;118683727;118683730;0.00;0.00;0.00;0.00;0.00;KELLY_LITE;true;0.04;213271.43;0.0417;KELLY_LITE(mult=1.27 taper=1.00 n=11)+HARD_RISK_CAP(2.0%)+MAXLOSS_CAP;213271.43;213271.43;36;0
2026.08.11 14:16:10;XAUUSD;5;1786445804;BUY_STOP_TRAILED;Old=4394.48 New=4394.11;WAIT_TRIGGER;SAFE;0;2;0;118683727;118683730;0.00;0.00;0.00;0.00;0.00;KELLY_LITE;true;0.04;213271.43;0.0417;KELLY_LITE(mult=1.27 taper=1.00 n=11)+HARD_RISK_CAP(2.0%)+MAXLOSS_CAP;213271.43;213271.43;34;0
2026.08.11 14:16:25;XAUUSD;5;1786445804;BUY_STOP_TRAILED;Old=4394.11 New=4393.74;WAIT_TRIGGER;SAFE;0;2;0;118683727;118683730;0.00;0.00;0.00;0.00;0.00;KELLY_LITE;true;0.04;213271.43;0.0417;KELLY_LITE(mult=1.27 taper=1.00 n=11)+HARD_RISK_CAP(2.0%)+MAXLOSS_CAP;213271.43;213271.43;36;0
2026.08.11 14:16:25;XAUUSD;5;1786445804;OCO_TRIGGERED_SELL;ticket=118683730 entry=4390.82;POSITION_ACTIVE;SAFE;1;1;0;118683727;-1;0.00;-1.05;-1.05;0.00;0.00;KELLY_LITE;true;0.04;213271.43;0.0417;KELLY_LITE(mult=1.27 taper=1.00 n=11)+HARD_RISK_CAP(2.0%)+MAXLOSS_CAP;213271.43;213270.38;36;0
2026.08.11 14:16:26;XAUUSD;5;1786445804;PENDING_DELETED;ticket=118683727 reason=oco_sell_triggered;POSITION_ACTIVE;SAFE;1;0;0;118683727;-1;0.00;-0.93;-0.93;0.00;0.00;KELLY_LITE;true;0.04;213271.43;0.0417;KELLY_LITE(mult=1.27 taper=1.00 n=11)+HARD_RISK_CAP(2.0%)+MAXLOSS_CAP;213271.43;213270.50;36;0
2026.08.11 14:16:26;XAUUSD;5;1786445804;HEDGE_PENDING_PLACED;dir=BUY_STOP ticket=118683995 price=4394.13 sl=4391.13 lot=0.05 mainEntry=4390.82 dist=3.00 confirmBars=1;POSITION_ACTIVE;SAFE;1;1;1;-1;-1;4390.82;-0.99;-0.99;0.00;-0.93;KELLY_LITE;true;0.04;213271.43;0.0417;KELLY_LITE(mult=1.27 taper=1.00 n=11)+HARD_RISK_CAP(2.0%)+MAXLOSS_CAP;213271.43;213270.44;36;0
2026.08.11 14:18:20;XAUUSD;5;1786445804;SL_MODIFIED;ticket=118683995 oldSL=4391.13 newSL=4393.88 reason=hedge_giveback_lock (retry buf=3pt);MANAGE_PROFIT;SAFE;2;0;1;-1;-1;4390.82;-10.57;3.10;2.70;-12.79;KELLY_LITE;true;0.04;213271.43;0.0417;KELLY_LITE(mult=1.27 taper=1.00 n=11)+HARD_RISK_CAP(2.0%)+MAXLOSS_CAP;213271.43;213260.86;36;0
2026.08.11 14:18:20;XAUUSD;5;1786445804;SL_MODIFIED;ticket=118683995 oldSL=4393.88 newSL=4394.05 reason=hedge_giveback_lock (retry buf=20pt);MANAGE_PROFIT;SAFE;2;0;1;-1;-1;4390.82;-9.56;3.40;2.70;-12.79;KELLY_LITE;true;0.04;213271.43;0.0417;KELLY_LITE(mult=1.27 taper=1.00 n=11)+HARD_RISK_CAP(2.0%)+MAXLOSS_CAP;213271.43;213261.87;33;0
2026.08.11 14:18:21;XAUUSD;5;1786445804;SL_MODIFIED;ticket=118683995 oldSL=4394.05 newSL=4394.18 reason=hedge_giveback_lock (retry buf=3pt);MANAGE_PROFIT;SAFE;2;0;1;-1;-1;4390.82;-9.89;2.80;2.70;-12.79;KELLY_LITE;true;0.04;213271.43;0.0417;KELLY_LITE(mult=1.27 taper=1.00 n=11)+HARD_RISK_CAP(2.0%)+MAXLOSS_CAP;213271.43;213261.54;36;0
2026.08.11 14:18:23;XAUUSD;5;1786445804;HEDGE_CLOSED_REVERSAL;profit=1.30 peak=3.40 giveback=2.10 cap=1.50 reason=giveback_cap ok=1;MANAGE_PROFIT;SAFE;1;0;1;-1;-1;4390.82;-10.92;-10.92;2.70;-12.79;KELLY_LITE;true;0.04;213271.43;0.0417;KELLY_LITE(mult=1.27 taper=1.00 n=11)+HARD_RISK_CAP(2.0%)+MAXLOSS_CAP;213271.68;213260.76;33;0
2026.08.11 14:18:24;XAUUSD;5;1786445804;TRADELOG_RECOVER_CLOSE;ticket=118683995 type=hedge pnl=0.25;MANAGE_PROFIT;SAFE;1;0;1;-1;-1;4390.82;-10.53;-10.53;2.70;-12.79;KELLY_LITE;true;0.04;213271.43;0.0417;KELLY_LITE(mult=1.27 taper=1.00 n=11)+HARD_RISK_CAP(2.0%)+MAXLOSS_CAP;213271.68;213261.15;33;0
2026.08.11 14:20:44;XAUUSD;5;1786445804;EXIT_SOFT_SL_MOMENTUM;profit=-20.34 rsi=59.3 dir=-1;MANAGE_PROFIT;WATCH;1;0;1;-1;-1;4390.82;-20.34;-20.34;2.70;-20.34;KELLY_LITE;true;0.04;213271.43;0.0417;KELLY_LITE(mult=1.27 taper=1.00 n=11)+HARD_RISK_CAP(2.0%)+MAXLOSS_CAP;213271.68;213251.34;36;0
2026.08.11 14:20:45;XAUUSD;5;1786445804;POSITION_CLOSED;ticket=118683730 reason=soft_sl_momentum lots=0.03 price=4397.60 pnl=-20.34;MANAGE_PROFIT;WATCH;0;0;1;-1;-1;4390.82;0.00;0.00;2.70;-20.34;KELLY_LITE;true;0.04;213271.43;0.0417;KELLY_LITE(mult=1.27 taper=1.00 n=11)+HARD_RISK_CAP(2.0%)+MAXLOSS_CAP;213251.31;213251.31;36;0
2026.08.11 14:20:45;XAUUSD;5;1786445804;CYCLE_RESET;oldState=RESET realizedPnL=-20.12 peak=2.70 worst=-20.34 pyramid=0 consLosses=1;RESET;WATCH;0;0;0;-1;-1;4390.82;0.00;0.00;2.70;-20.34;KELLY_LITE;true;0.04;213271.43;0.0417;KELLY_LITE(mult=1.27 taper=1.00 n=11)+HARD_RISK_CAP(2.0%)+MAXLOSS_CAP;213251.31;213251.31;36;0
2026.08.11 14:25:45;XAUUSD;5;1786445805;PLACE_PENDING_START;cycle=1786445805 trend=1 consecLosses=1 preset=AGGRESSIVE;PLACE_PENDING;SAFE;0;0;0;-1;-1;0.00;0.00;0.00;0.00;0.00;KELLY_LITE;true;0.04;213271.43;0.0417;KELLY_LITE(mult=1.27 taper=1.00 n=11)+HARD_RISK_CAP(2.0%)+MAXLOSS_CAP;213251.31;213251.31;36;0
2026.08.11 14:25:45;XAUUSD;5;1786445805;DIR_OCO_PLACED;dir=BULL ticket=118686609 price=4399.91 sl=4384.91 tp=4422.41 lot=0.04 dist=2.40;PLACE_PENDING;SAFE;0;1;0;118686609;-1;0.00;0.00;0.00;0.00;0.00;KELLY_LITE;true;0.04;213251.31;0.0417;KELLY_LITE(mult=1.30 taper=1.00 n=12)+HARD_RISK_CAP(2.0%)+MAXLOSS_CAP;213251.31;213251.31;35;0
2026.08.11 14:25:46;XAUUSD;5;1786445805;DIR_OCO_COUNTER_PLACED;dir=BEAR(counter) ticket=118686612 price=4394.79 lot=0.03;PLACE_PENDING;SAFE;0;2;0;118686609;118686612;0.00;0.00;0.00;0.00;0.00;KELLY_LITE;true;0.04;213251.31;0.0417;KELLY_LITE(mult=1.30 taper=1.00 n=12)+HARD_RISK_CAP(2.0%)+MAXLOSS_CAP;213251.31;213251.31;36;0
2026.08.11 14:25:46;XAUUSD;5;1786445805;SELL_STOP_TRAILED;Old=4394.79 New=4395.14;WAIT_TRIGGER;SAFE;0;2;0;118686609;118686612;0.00;0.00;0.00;0.00;0.00;KELLY_LITE;true;0.04;213251.31;0.0417;KELLY_LITE(mult=1.30 taper=1.00 n=12)+HARD_RISK_CAP(2.0%)+MAXLOSS_CAP;213251.31;213251.31;33;0
2026.08.11 14:25:47;XAUUSD;5;1786445805;SELL_STOP_TRAILED;Old=4395.14 New=4395.45;WAIT_TRIGGER;SAFE;0;2;0;118686609;118686612;0.00;0.00;0.00;0.00;0.00;KELLY_LITE;true;0.04;213251.31;0.0417;KELLY_LITE(mult=1.30 taper=1.00 n=12)+HARD_RISK_CAP(2.0%)+MAXLOSS_CAP;213251.31;213251.31;36;0
2026.08.11 14:26:13;XAUUSD;5;1786445805;SELL_STOP_TRAILED;Old=4395.45 New=4395.85;WAIT_TRIGGER;SAFE;0;2;0;118686609;118686612;0.00;0.00;0.00;0.00;0.00;KELLY_LITE;true;0.04;213251.31;0.0417;KELLY_LITE(mult=1.30 taper=1.00 n=12)+HARD_RISK_CAP(2.0%)+MAXLOSS_CAP;213251.31;213251.31;36;0
2026.08.11 14:26:21;XAUUSD;5;1786445805;SELL_STOP_TRAILED;Old=4395.85 New=4396.18;WAIT_TRIGGER;SAFE;0;2;0;118686609;118686612;0.00;0.00;0.00;0.00;0.00;KELLY_LITE;true;0.04;213251.31;0.0417;KELLY_LITE(mult=1.30 taper=1.00 n=12)+HARD_RISK_CAP(2.0%)+MAXLOSS_CAP;213251.31;213251.31;36;0
2026.08.11 14:26:37;XAUUSD;5;1786445805;SELL_STOP_TRAILED;Old=4396.18 New=4396.67;WAIT_TRIGGER;SAFE;0;2;0;118686609;118686612;0.00;0.00;0.00;0.00;0.00;KELLY_LITE;true;0.04;213251.31;0.0417;KELLY_LITE(mult=1.30 taper=1.00 n=12)+HARD_RISK_CAP(2.0%)+MAXLOSS_CAP;213251.31;213251.31;36;0
2026.08.11 14:26:56;XAUUSD;5;1786445805;SELL_STOP_TRAILED;Old=4396.67 New=4397.11;WAIT_TRIGGER;SAFE;1;1;0;118686609;118686612;0.00;-1.24;-1.24;0.00;0.00;KELLY_LITE;true;0.04;213251.31;0.0417;KELLY_LITE(mult=1.30 taper=1.00 n=12)+HARD_RISK_CAP(2.0%)+MAXLOSS_CAP;213251.31;213250.07;36;0
2026.08.11 14:26:56;XAUUSD;5;1786445805;OCO_TRIGGERED_BUY;ticket=118686609 entry=4399.91;POSITION_ACTIVE;SAFE;1;1;0;-1;118686612;0.00;-1.24;-1.24;0.00;0.00;KELLY_LITE;true;0.04;213251.31;0.0417;KELLY_LITE(mult=1.30 taper=1.00 n=12)+HARD_RISK_CAP(2.0%)+MAXLOSS_CAP;213251.31;213250.07;36;0
2026.08.11 14:26:56;XAUUSD;5;1786445805;PENDING_DELETED;ticket=118686612 reason=oco_buy_triggered;POSITION_ACTIVE;SAFE;1;0;0;-1;118686612;0.00;-1.16;-1.16;0.00;0.00;KELLY_LITE;true;0.04;213251.31;0.0417;KELLY_LITE(mult=1.30 taper=1.00 n=12)+HARD_RISK_CAP(2.0%)+MAXLOSS_CAP;213251.31;213250.15;36;0
2026.08.11 14:26:57;XAUUSD;5;1786445805;HEDGE_PENDING_PLACED;dir=SELL_STOP ticket=118686882 price=4396.62 sl=4399.62 lot=0.05 mainEntry=4399.91 dist=3.00 confirmBars=1;POSITION_ACTIVE;SAFE;1;1;1;-1;-1;4399.91;-0.96;-0.96;0.00;-1.16;KELLY_LITE;true;0.04;213251.31;0.0417;KELLY_LITE(mult=1.30 taper=1.00 n=12)+HARD_RISK_CAP(2.0%)+MAXLOSS_CAP;213251.31;213250.35;36;0
2026.08.11 14:31:20;XAUUSD;5;1786445805;POSITION_CLOSED;ticket=118686882 reason=hedge_reversal_giveback_cap lots=0.05 price=4396.92 pnl=-1.50;MANAGE_PROFIT;SAFE;1;0;1;-1;-1;4399.91;-13.32;-13.32;0.00;-13.12;KELLY_LITE;true;0.04;213251.31;0.0417;KELLY_LITE(mult=1.30 taper=1.00 n=12)+HARD_RISK_CAP(2.0%)+MAXLOSS_CAP;213248.91;213235.59;52;0
2026.08.11 14:31:20;XAUUSD;5;1786445805;HEDGE_CLOSED_REVERSAL;profit=-1.50 peak=1.20 giveback=2.70 cap=1.50 reason=giveback_cap ok=1;MANAGE_PROFIT;SAFE;1;0;1;-1;-1;4399.91;-13.32;-13.32;0.00;-13.12;KELLY_LITE;true;0.04;213251.31;0.0417;KELLY_LITE(mult=1.30 taper=1.00 n=12)+HARD_RISK_CAP(2.0%)+MAXLOSS_CAP;213248.91;213235.59;52;0
2026.08.11 14:32:20;XAUUSD;5;1786445805;EXIT_SOFT_SL_MOMENTUM;profit=-20.72 rsi=54.7 dir=1;MANAGE_PROFIT;WATCH;1;0;1;-1;-1;4399.91;-20.72;-20.72;0.00;-20.72;KELLY_LITE;true;0.04;213251.31;0.0417;KELLY_LITE(mult=1.30 taper=1.00 n=12)+HARD_RISK_CAP(2.0%)+MAXLOSS_CAP;213248.91;213228.19;61;0
2026.08.11 14:32:21;XAUUSD;5;1786445805;POSITION_CLOSED;ticket=118686609 reason=soft_sl_momentum lots=0.04 price=4394.73 pnl=-20.72;MANAGE_PROFIT;WATCH;0;0;1;-1;-1;4399.91;0.00;0.00;0.00;-20.72;KELLY_LITE;true;0.04;213251.31;0.0417;KELLY_LITE(mult=1.30 taper=1.00 n=12)+HARD_RISK_CAP(2.0%)+MAXLOSS_CAP;213228.07;213228.07;52;0
2026.08.11 14:32:21;XAUUSD;5;1786445805;CYCLE_RESET;oldState=RESET realizedPnL=-23.24 peak=0.00 worst=-20.72 pyramid=0 consLosses=2;RESET;WATCH;0;0;0;-1;-1;4399.91;0.00;0.00;0.00;-20.72;KELLY_LITE;true;0.04;213251.31;0.0417;KELLY_LITE(mult=1.30 taper=1.00 n=12)+HARD_RISK_CAP(2.0%)+MAXLOSS_CAP;213228.07;213228.07;52;0
2026.08.11 14:37:21;XAUUSD;5;1786445806;PLACE_PENDING_START;cycle=1786445806 trend=1 consecLosses=2 preset=AGGRESSIVE;PLACE_PENDING;SAFE;0;0;0;-1;-1;0.00;0.00;0.00;0.00;0.00;KELLY_LITE;true;0.04;213251.31;0.0417;KELLY_LITE(mult=1.30 taper=1.00 n=12)+HARD_RISK_CAP(2.0%)+MAXLOSS_CAP;213228.07;213228.07;36;0
2026.08.11 14:37:21;XAUUSD;5;1786445806;DIR_OCO_PLACED;dir=BULL ticket=118689997 price=4399.39 sl=4384.39 tp=4421.89 lot=0.04 dist=2.46;PLACE_PENDING;SAFE;0;1;0;118689997;-1;0.00;0.00;0.00;0.00;0.00;KELLY_LITE;true;0.04;213228.07;0.0417;KELLY_LITE(mult=1.25 taper=1.00 n=13)+CONSEC_REDUCE(0.50)+HARD_RISK_CAP(2.0%)+MAXLOSS_CAP;213228.07;213228.07;36;0
2026.08.11 14:37:22;XAUUSD;5;1786445806;DIR_OCO_COUNTER_PLACED;dir=BEAR(counter) ticket=118690002 price=4393.42 lot=0.03;PLACE_PENDING;SAFE;0;2;0;118689997;118690002;0.00;0.00;0.00;0.00;0.00;KELLY_LITE;true;0.04;213228.07;0.0417;KELLY_LITE(mult=1.25 taper=1.00 n=13)+CONSEC_REDUCE(0.50)+HARD_RISK_CAP(2.0%)+MAXLOSS_CAP;213228.07;213228.07;33;0
2026.08.11 14:37:22;XAUUSD;5;1786445806;BUY_STOP_TRAILED;Old=4399.39 New=4398.77;WAIT_TRIGGER;SAFE;0;2;0;118689997;118690002;0.00;0.00;0.00;0.00;0.00;KELLY_LITE;true;0.04;213228.07;0.0417;KELLY_LITE(mult=1.25 taper=1.00 n=13)+CONSEC_REDUCE(0.50)+HARD_RISK_CAP(2.0%)+MAXLOSS_CAP;213228.07;213228.07;36;0
2026.08.11 14:37:23;XAUUSD;5;1786445806;SELL_STOP_TRAILED;Old=4393.42 New=4393.98;WAIT_TRIGGER;SAFE;0;2;0;118689997;118690002;0.00;0.00;0.00;0.00;0.00;KELLY_LITE;true;0.04;213228.07;0.0417;KELLY_LITE(mult=1.25 taper=1.00 n=13)+CONSEC_REDUCE(0.50)+HARD_RISK_CAP(2.0%)+MAXLOSS_CAP;213228.07;213228.07;36;0
2026.08.11 14:37:28;XAUUSD;5;1786445806;SELL_STOP_TRAILED;Old=4393.98 New=4394.49;WAIT_TRIGGER;SAFE;0;2;0;118689997;118690002;0.00;0.00;0.00;0.00;0.00;KELLY_LITE;true;0.04;213228.07;0.0417;KELLY_LITE(mult=1.25 taper=1.00 n=13)+CONSEC_REDUCE(0.50)+HARD_RISK_CAP(2.0%)+MAXLOSS_CAP;213228.07;213228.07;36;0
2026.08.11 14:37:32;XAUUSD;5;1786445806;SELL_STOP_TRAILED;Old=4394.49 New=4394.83;WAIT_TRIGGER;SAFE;0;2;0;118689997;118690002;0.00;0.00;0.00;0.00;0.00;KELLY_LITE;true;0.04;213228.07;0.0417;KELLY_LITE(mult=1.25 taper=1.00 n=13)+CONSEC_REDUCE(0.50)+HARD_RISK_CAP(2.0%)+MAXLOSS_CAP;213228.07;213228.07;36;0
2026.08.11 14:37:33;XAUUSD;5;1786445806;SELL_STOP_TRAILED;Old=4394.83 New=4395.20;WAIT_TRIGGER;SAFE;0;2;0;118689997;118690002;0.00;0.00;0.00;0.00;0.00;KELLY_LITE;true;0.04;213228.07;0.0417;KELLY_LITE(mult=1.25 taper=1.00 n=13)+CONSEC_REDUCE(0.50)+HARD_RISK_CAP(2.0%)+MAXLOSS_CAP;213228.07;213228.07;36;0
2026.08.11 14:37:42;XAUUSD;5;1786445806;SELL_STOP_TRAILED;Old=4395.20 New=4395.54;WAIT_TRIGGER;SAFE;0;2;0;118689997;118690002;0.00;0.00;0.00;0.00;0.00;KELLY_LITE;true;0.04;213228.07;0.0417;KELLY_LITE(mult=1.25 taper=1.00 n=13)+CONSEC_REDUCE(0.50)+HARD_RISK_CAP(2.0%)+MAXLOSS_CAP;213228.07;213228.07;36;0
2026.08.11 14:37:42;XAUUSD;5;1786445806;OCO_TRIGGERED_BUY;ticket=118689997 entry=4398.77;POSITION_ACTIVE;SAFE;1;1;0;-1;118690002;0.00;0.08;-1.36;0.00;0.00;KELLY_LITE;true;0.04;213228.07;0.0417;KELLY_LITE(mult=1.25 taper=1.00 n=13)+CONSEC_REDUCE(0.50)+HARD_RISK_CAP(2.0%)+MAXLOSS_CAP;213228.07;213228.15;36;0
2026.08.11 14:37:43;XAUUSD;5;1786445806;PENDING_DELETED;ticket=118690002 reason=oco_buy_triggered;POSITION_ACTIVE;SAFE;1;0;0;-1;118690002;0.00;0.96;0.96;0.00;0.00;KELLY_LITE;true;0.04;213228.07;0.0417;KELLY_LITE(mult=1.25 taper=1.00 n=13)+CONSEC_REDUCE(0.50)+HARD_RISK_CAP(2.0%)+MAXLOSS_CAP;213228.07;213229.03;33;0
2026.08.11 14:37:44;XAUUSD;5;1786445806;HEDGE_PENDING_PLACED;dir=SELL_STOP ticket=118690183 price=4396.01 sl=4399.01 lot=0.05 mainEntry=4398.77 dist=3.00 confirmBars=1;POSITION_ACTIVE;SAFE;1;1;1;-1;-1;4398.77;0.40;0.40;0.96;0.00;KELLY_LITE;true;0.04;213228.07;0.0417;KELLY_LITE(mult=1.25 taper=1.00 n=13)+CONSEC_REDUCE(0.50)+HARD_RISK_CAP(2.0%)+MAXLOSS_CAP;213228.07;213228.47;36;0
2026.08.11 14:38:25;XAUUSD;5;1786445806;SL_MODIFIED;ticket=118690183 oldSL=4399.01 newSL=4396.16 reason=hedge_giveback_lock;MANAGE_PROFIT;SAFE;2;0;1;-1;-1;4398.77;-12.08;2.00;2.80;-12.83;KELLY_LITE;true;0.04;213228.07;0.0417;KELLY_LITE(mult=1.25 taper=1.00 n=13)+CONSEC_REDUCE(0.50)+HARD_RISK_CAP(2.0%)+MAXLOSS_CAP;213228.07;213215.99;36;0
2026.08.11 14:38:26;XAUUSD;5;1786445806;SL_MODIFIED;ticket=118690183 oldSL=4396.16 newSL=4396.13 reason=hedge_giveback_lock;MANAGE_PROFIT;SAFE;2;0;1;-1;-1;4398.77;-12.03;2.25;2.80;-12.83;KELLY_LITE;true;0.04;213228.07;0.0417;KELLY_LITE(mult=1.25 taper=1.00 n=13)+CONSEC_REDUCE(0.50)+HARD_RISK_CAP(2.0%)+MAXLOSS_CAP;213228.07;213216.04;36;0
2026.08.11 14:38:26;XAUUSD;5;1786445806;SL_MODIFIED;ticket=118690183 oldSL=4396.13 newSL=4396.08 reason=hedge_giveback_lock;MANAGE_PROFIT;SAFE;2;0;1;-1;-1;4398.77;-12.05;2.15;2.80;-12.83;KELLY_LITE;true;0.04;213228.07;0.0417;KELLY_LITE(mult=1.25 taper=1.00 n=13)+CONSEC_REDUCE(0.50)+HARD_RISK_CAP(2.0%)+MAXLOSS_CAP;213228.07;213216.02;36;0
2026.08.11 14:38:27;XAUUSD;5;1786445806;SL_MODIFIED;ticket=118690183 oldSL=4396.08 newSL=4396.04 reason=hedge_giveback_lock;MANAGE_PROFIT;SAFE;2;0;1;-1;-1;4398.77;-11.79;2.85;2.80;-12.83;KELLY_LITE;true;0.04;213228.07;0.0417;KELLY_LITE(mult=1.25 taper=1.00 n=13)+CONSEC_REDUCE(0.50)+HARD_RISK_CAP(2.0%)+MAXLOSS_CAP;213228.07;213216.28;33;0
2026.08.11 14:38:28;XAUUSD;5;1786445806;SL_MODIFIED;ticket=118690183 oldSL=4396.04 newSL=4395.96 reason=hedge_giveback_lock;MANAGE_PROFIT;SAFE;2;0;1;-1;-1;4398.77;-11.79;3.05;2.80;-12.83;KELLY_LITE;true;0.04;213228.07;0.0417;KELLY_LITE(mult=1.25 taper=1.00 n=13)+CONSEC_REDUCE(0.50)+HARD_RISK_CAP(2.0%)+MAXLOSS_CAP;213228.07;213216.28;34;0
2026.08.11 14:38:29;XAUUSD;5;1786445806;SL_MODIFIED;ticket=118690183 oldSL=4395.96 newSL=4395.92 reason=hedge_giveback_lock;MANAGE_PROFIT;SAFE;2;0;1;-1;-1;4398.77;-11.77;3.55;2.80;-12.83;KELLY_LITE;true;0.04;213228.07;0.0417;KELLY_LITE(mult=1.25 taper=1.00 n=13)+CONSEC_REDUCE(0.50)+HARD_RISK_CAP(2.0%)+MAXLOSS_CAP;213228.07;213216.30;36;0
2026.08.11 14:38:29;XAUUSD;5;1786445806;SL_MODIFIED;ticket=118690183 oldSL=4395.92 newSL=4395.82 reason=hedge_giveback_lock;MANAGE_PROFIT;SAFE;2;0;1;-1;-1;4398.77;-12.82;4.75;2.80;-12.83;KELLY_LITE;true;0.04;213228.07;0.0417;KELLY_LITE(mult=1.25 taper=1.00 n=13)+CONSEC_REDUCE(0.50)+HARD_RISK_CAP(2.0%)+MAXLOSS_CAP;213228.07;213215.25;37;0
2026.08.11 14:38:29;XAUUSD;5;1786445806;SL_MODIFY_FAILED;ticket=118690183 newSL=4395.60 reason=hedge_giveback_lock err=0;MANAGE_PROFIT;SAFE;2;0;1;-1;-1;4398.77;-12.82;4.75;2.80;-12.83;KELLY_LITE;true;0.04;213228.07;0.0417;KELLY_LITE(mult=1.25 taper=1.00 n=13)+CONSEC_REDUCE(0.50)+HARD_RISK_CAP(2.0%)+MAXLOSS_CAP;213228.07;213215.25;37;0
2026.08.11 14:38:30;XAUUSD;5;1786445806;SL_MODIFIED;ticket=118690183 oldSL=4395.82 newSL=4395.54 reason=hedge_giveback_lock;MANAGE_PROFIT;SAFE;2;0;1;-1;-1;4398.77;-11.24;6.20;2.80;-12.83;KELLY_LITE;true;0.04;213228.07;0.0417;KELLY_LITE(mult=1.25 taper=1.00 n=13)+CONSEC_REDUCE(0.50)+HARD_RISK_CAP(2.0%)+MAXLOSS_CAP;213228.07;213216.83;36;0
2026.08.11 14:38:30;XAUUSD;5;1786445806;SL_MODIFIED;ticket=118690183 oldSL=4395.54 newSL=4395.29 reason=hedge_giveback_lock;MANAGE_PROFIT;SAFE;2;0;1;-1;-1;4398.77;-11.18;6.50;2.80;-12.83;KELLY_LITE;true;0.04;213228.07;0.0417;KELLY_LITE(mult=1.25 taper=1.00 n=13)+CONSEC_REDUCE(0.50)+HARD_RISK_CAP(2.0%)+MAXLOSS_CAP;213228.07;213216.89;36;0
2026.08.11 14:38:31;XAUUSD;5;1786445806;POSITION_CLOSED;ticket=118690183 reason=hedge_reversal_giveback_cap lots=0.05 price=4395.02 pnl=4.95;MANAGE_PROFIT;SAFE;1;0;1;-1;-1;4398.77;-17.44;-17.44;2.80;-12.83;KELLY_LITE;true;0.04;213228.07;0.0417;KELLY_LITE(mult=1.25 taper=1.00 n=13)+CONSEC_REDUCE(0.50)+HARD_RISK_CAP(2.0%)+MAXLOSS_CAP;213234.22;213216.78;37;0
2026.08.11 14:38:31;XAUUSD;5;1786445806;HEDGE_CLOSED_REVERSAL;profit=4.95 peak=6.50 giveback=1.55 cap=1.50 reason=giveback_cap ok=1;MANAGE_PROFIT;SAFE;1;0;1;-1;-1;4398.77;-17.44;-17.44;2.80;-12.83;KELLY_LITE;true;0.04;213228.07;0.0417;KELLY_LITE(mult=1.25 taper=1.00 n=13)+CONSEC_REDUCE(0.50)+HARD_RISK_CAP(2.0%)+MAXLOSS_CAP;213234.22;213216.78;37;0
2026.08.11 14:40:54;XAUUSD;5;1786445806;SL_MODIFIED;ticket=118689997 oldSL=4386.77 newSL=4400.12 reason=break_even_lock_leg_0 (retry buf=8pt);MANAGE_PROFIT;SAFE;1;0;1;-1;-1;4398.77;9.28;9.28;8.48;-17.44;KELLY_LITE;true;0.04;213228.07;0.0417;KELLY_LITE(mult=1.25 taper=1.00 n=13)+CONSEC_REDUCE(0.50)+HARD_RISK_CAP(2.0%)+MAXLOSS_CAP;213234.22;213243.50;33;0
2026.08.11 14:40:54;XAUUSD;5;1786445806;PROFIT_RATCHET_LOCKED;floor=3.60 peak=8.48;MANAGE_PROFIT;SAFE;1;0;1;-1;-1;4398.77;9.28;9.28;8.48;-17.44;KELLY_LITE;true;0.04;213228.07;0.0417;KELLY_LITE(mult=1.25 taper=1.00 n=13)+CONSEC_REDUCE(0.50)+HARD_RISK_CAP(2.0%)+MAXLOSS_CAP;213234.22;213243.50;33;0
2026.08.11 14:40:55;XAUUSD;5;1786445806;SL_MODIFIED;ticket=118689997 oldSL=4400.12 newSL=4400.53 reason=break_even_lock_leg_0 (retry buf=3pt);MANAGE_PROFIT;SAFE;1;0;1;-1;-1;4398.77;9.08;9.08;9.28;-17.44;KELLY_LITE;true;0.04;213228.07;0.0417;KELLY_LITE(mult=1.25 taper=1.00 n=13)+CONSEC_REDUCE(0.50)+HARD_RISK_CAP(2.0%)+MAXLOSS_CAP;213234.22;213243.30;34;0
2026.08.11 14:40:55;XAUUSD;5;1786445806;PROFIT_RATCHET_LOCKED;floor=3.94 peak=9.28;MANAGE_PROFIT;SAFE;1;0;1;-1;-1;4398.77;9.08;9.08;9.28;-17.44;KELLY_LITE;true;0.04;213228.07;0.0417;KELLY_LITE(mult=1.25 taper=1.00 n=13)+CONSEC_REDUCE(0.50)+HARD_RISK_CAP(2.0%)+MAXLOSS_CAP;213234.22;213243.30;34;0
2026.08.11 14:40:55;XAUUSD;5;1786445806;PROFIT_RATCHET_LOCKED;floor=3.94 peak=9.28;MANAGE_PROFIT;SAFE;1;0;1;-1;-1;4398.77;9.08;9.08;9.28;-17.44;KELLY_LITE;true;0.04;213228.07;0.0417;KELLY_LITE(mult=1.25 taper=1.00 n=13)+CONSEC_REDUCE(0.50)+HARD_RISK_CAP(2.0%)+MAXLOSS_CAP;213234.22;213243.30;34;0
2026.08.11 14:40:56;XAUUSD;5;1786445806;SL_MODIFY_FAILED;ticket=118689997 newSL=4400.55 reason=break_even_lock_leg_0 err=0;MANAGE_PROFIT;SAFE;1;0;1;-1;-1;4398.77;8.72;8.72;9.28;-17.44;KELLY_LITE;true;0.04;213228.07;0.0417;KELLY_LITE(mult=1.25 taper=1.00 n=13)+CONSEC_REDUCE(0.50)+HARD_RISK_CAP(2.0%)+MAXLOSS_CAP;213234.22;213242.94;36;0
2026.08.11 14:40:56;XAUUSD;5;1786445806;PROFIT_RATCHET_LOCKED;floor=3.94 peak=9.28;MANAGE_PROFIT;SAFE;1;0;1;-1;-1;4398.77;8.72;8.72;9.28;-17.44;KELLY_LITE;true;0.04;213228.07;0.0417;KELLY_LITE(mult=1.25 taper=1.00 n=13)+CONSEC_REDUCE(0.50)+HARD_RISK_CAP(2.0%)+MAXLOSS_CAP;213234.22;213242.94;36;0
2026.08.11 14:40:56;XAUUSD;5;1786445806;PROFIT_RATCHET_LOCKED;floor=3.94 peak=9.28;MANAGE_PROFIT;SAFE;1;0;1;-1;-1;4398.77;8.72;8.72;9.28;-17.44;KELLY_LITE;true;0.04;213228.07;0.0417;KELLY_LITE(mult=1.25 taper=1.00 n=13)+CONSEC_REDUCE(0.50)+HARD_RISK_CAP(2.0%)+MAXLOSS_CAP;213234.22;213242.94;36;0
2026.08.11 14:40:56;XAUUSD;5;1786445806;PROFIT_RATCHET_LOCKED;floor=3.94 peak=9.28;MANAGE_PROFIT;SAFE;1;0;1;-1;-1;4398.77;8.68;8.68;9.28;-17.44;KELLY_LITE;true;0.04;213228.07;0.0417;KELLY_LITE(mult=1.25 taper=1.00 n=13)+CONSEC_REDUCE(0.50)+HARD_RISK_CAP(2.0%)+MAXLOSS_CAP;213234.22;213242.90;36;0
2026.08.11 14:40:56;XAUUSD;5;1786445806;PROFIT_RATCHET_LOCKED;floor=3.94 peak=9.28;MANAGE_PROFIT;SAFE;1;0;1;-1;-1;4398.77;9.12;9.12;9.28;-17.44;KELLY_LITE;true;0.04;213228.07;0.0417;KELLY_LITE(mult=1.25 taper=1.00 n=13)+CONSEC_REDUCE(0.50)+HARD_RISK_CAP(2.0%)+MAXLOSS_CAP;213234.22;213243.34;36;0
2026.08.11 14:40:57;XAUUSD;5;1786445806;SL_MODIFIED;ticket=118689997 oldSL=4400.53 newSL=4400.64 reason=break_even_lock_leg_0;MANAGE_PROFIT;SAFE;1;0;1;-1;-1;4398.77;9.64;9.64;9.56;-17.44;KELLY_LITE;true;0.04;213228.07;0.0417;KELLY_LITE(mult=1.25 taper=1.00 n=13)+CONSEC_REDUCE(0.50)+HARD_RISK_CAP(2.0%)+MAXLOSS_CAP;213234.22;213243.86;36;0
2026.08.11 14:40:57;XAUUSD;5;1786445806;PROFIT_RATCHET_LOCKED;floor=4.06 peak=9.56;MANAGE_PROFIT;SAFE;1;0;1;-1;-1;4398.77;9.64;9.64;9.56;-17.44;KELLY_LITE;true;0.04;213228.07;0.0417;KELLY_LITE(mult=1.25 taper=1.00 n=13)+CONSEC_REDUCE(0.50)+HARD_RISK_CAP(2.0%)+MAXLOSS_CAP;213234.22;213243.86;36;0
2026.08.11 14:40:57;XAUUSD;5;1786445806;PROFIT_RATCHET_LOCKED;floor=4.10 peak=9.64;MANAGE_PROFIT;SAFE;1;0;1;-1;-1;4398.77;9.64;9.64;9.64;-17.44;KELLY_LITE;true;0.04;213228.07;0.0417;KELLY_LITE(mult=1.25 taper=1.00 n=13)+CONSEC_REDUCE(0.50)+HARD_RISK_CAP(2.0%)+MAXLOSS_CAP;213234.22;213243.86;36;0
2026.08.11 14:40:57;XAUUSD;5;1786445806;PROFIT_RATCHET_LOCKED;floor=4.11 peak=9.68;MANAGE_PROFIT;SAFE;1;0;1;-1;-1;4398.77;9.48;9.48;9.68;-17.44;KELLY_LITE;true;0.04;213228.07;0.0417;KELLY_LITE(mult=1.25 taper=1.00 n=13)+CONSEC_REDUCE(0.50)+HARD_RISK_CAP(2.0%)+MAXLOSS_CAP;213234.22;213243.70;36;0
2026.08.11 14:40:57;XAUUSD;5;1786445806;PROFIT_RATCHET_LOCKED;floor=4.11 peak=9.68;MANAGE_PROFIT;SAFE;1;0;1;-1;-1;4398.77;9.48;9.48;9.68;-17.44;KELLY_LITE;true;0.04;213228.07;0.0417;KELLY_LITE(mult=1.25 taper=1.00 n=13)+CONSEC_REDUCE(0.50)+HARD_RISK_CAP(2.0%)+MAXLOSS_CAP;213234.22;213243.70;36;0
2026.08.11 14:40:58;XAUUSD;5;1786445806;PROFIT_RATCHET_LOCKED;floor=4.11 peak=9.68;MANAGE_PROFIT;SAFE;1;0;1;-1;-1;4398.77;9.00;9.00;9.68;-17.44;KELLY_LITE;true;0.04;213228.07;0.0417;KELLY_LITE(mult=1.25 taper=1.00 n=13)+CONSEC_REDUCE(0.50)+HARD_RISK_CAP(2.0%)+MAXLOSS_CAP;213234.22;213243.22;36;0
2026.08.11 14:40:58;XAUUSD;5;1786445806;PROFIT_RATCHET_LOCKED;floor=4.11 peak=9.68;MANAGE_PROFIT;SAFE;1;0;1;-1;-1;4398.77;8.96;8.96;9.68;-17.44;KELLY_LITE;true;0.04;213228.07;0.0417;KELLY_LITE(mult=1.25 taper=1.00 n=13)+CONSEC_REDUCE(0.50)+HARD_RISK_CAP(2.0%)+MAXLOSS_CAP;213234.22;213243.18;36;0
2026.08.11 14:40:58;XAUUSD;5;1786445806;PROFIT_RATCHET_LOCKED;floor=4.11 peak=9.68;MANAGE_PROFIT;SAFE;1;0;1;-1;-1;4398.77;8.88;8.88;9.68;-17.44;KELLY_LITE;true;0.04;213228.07;0.0417;KELLY_LITE(mult=1.25 taper=1.00 n=13)+CONSEC_REDUCE(0.50)+HARD_RISK_CAP(2.0%)+MAXLOSS_CAP;213234.22;213243.10;36;0
2026.08.11 14:40:58;XAUUSD;5;1786445806;PROFIT_RATCHET_LOCKED;floor=4.11 peak=9.68;MANAGE_PROFIT;SAFE;1;0;1;-1;-1;4398.77;9.28;9.28;9.68;-17.44;KELLY_LITE;true;0.04;213228.07;0.0417;KELLY_LITE(mult=1.25 taper=1.00 n=13)+CONSEC_REDUCE(0.50)+HARD_RISK_CAP(2.0%)+MAXLOSS_CAP;213234.22;213243.50;36;0
2026.08.11 14:40:59;XAUUSD;5;1786445806;PROFIT_RATCHET_LOCKED;floor=4.11 peak=9.68;MANAGE_PROFIT;SAFE;1;0;1;-1;-1;4398.77;9.40;9.40;9.68;-17.44;KELLY_LITE;true;0.04;213228.07;0.0417;KELLY_LITE(mult=1.25 taper=1.00 n=13)+CONSEC_REDUCE(0.50)+HARD_RISK_CAP(2.0%)+MAXLOSS_CAP;213234.22;213243.62;36;0
2026.08.11 14:40:59;XAUUSD;5;1786445806;PROFIT_RATCHET_LOCKED;floor=4.11 peak=9.68;MANAGE_PROFIT;SAFE;1;0;1;-1;-1;4398.77;9.16;9.16;9.68;-17.44;KELLY_LITE;true;0.04;213228.07;0.0417;KELLY_LITE(mult=1.25 taper=1.00 n=13)+CONSEC_REDUCE(0.50)+HARD_RISK_CAP(2.0%)+MAXLOSS_CAP;213234.22;213243.38;36;0
2026.08.11 14:40:59;XAUUSD;5;1786445806;PROFIT_RATCHET_LOCKED;floor=4.11 peak=9.68;MANAGE_PROFIT;SAFE;1;0;1;-1;-1;4398.77;9.00;9.00;9.68;-17.44;KELLY_LITE;true;0.04;213228.07;0.0417;KELLY_LITE(mult=1.25 taper=1.00 n=13)+CONSEC_REDUCE(0.50)+HARD_RISK_CAP(2.0%)+MAXLOSS_CAP;213234.22;213243.22;36;0
2026.08.11 14:41:00;XAUUSD;5;1786445806;PROFIT_RATCHET_LOCKED;floor=4.11 peak=9.68;MANAGE_PROFIT;SAFE;1;0;1;-1;-1;4398.77;8.80;8.80;9.68;-17.44;KELLY_LITE;true;0.04;213228.07;0.0417;KELLY_LITE(mult=1.25 taper=1.00 n=13)+CONSEC_REDUCE(0.50)+HARD_RISK_CAP(2.0%)+MAXLOSS_CAP;213234.22;213243.02;36;0
2026.08.11 14:41:00;XAUUSD;5;1786445806;PROFIT_RATCHET_LOCKED;floor=4.11 peak=9.68;MANAGE_PROFIT;SAFE;1;0;1;-1;-1;4398.77;9.64;9.64;9.68;-17.44;KELLY_LITE;true;0.04;213228.07;0.0417;KELLY_LITE(mult=1.25 taper=1.00 n=13)+CONSEC_REDUCE(0.50)+HARD_RISK_CAP(2.0%)+MAXLOSS_CAP;213234.22;213243.86;36;0
2026.08.11 14:41:00;XAUUSD;5;1786445806;PROFIT_RATCHET_LOCKED;floor=4.11 peak=9.68;MANAGE_PROFIT;SAFE;1;0;1;-1;-1;4398.77;9.56;9.56;9.68;-17.44;KELLY_LITE;true;0.04;213228.07;0.0417;KELLY_LITE(mult=1.25 taper=1.00 n=13)+CONSEC_REDUCE(0.50)+HARD_RISK_CAP(2.0%)+MAXLOSS_CAP;213234.22;213243.78;36;0
2026.08.11 14:41:01;XAUUSD;5;1786445806;SL_MODIFIED;ticket=118689997 oldSL=4400.64 newSL=4400.67 reason=break_even_lock_leg_0;MANAGE_PROFIT;SAFE;1;0;1;-1;-1;4398.77;9.68;9.68;9.68;-17.44;KELLY_LITE;true;0.04;213228.07;0.0417;KELLY_LITE(mult=1.25 taper=1.00 n=13)+CONSEC_REDUCE(0.50)+HARD_RISK_CAP(2.0%)+MAXLOSS_CAP;213234.22;213243.90;36;0
2026.08.11 14:41:01;XAUUSD;5;1786445806;PROFIT_RATCHET_LOCKED;floor=4.11 peak=9.68;MANAGE_PROFIT;SAFE;1;0;1;-1;-1;4398.77;9.68;9.68;9.68;-17.44;KELLY_LITE;true;0.04;213228.07;0.0417;KELLY_LITE(mult=1.25 taper=1.00 n=13)+CONSEC_REDUCE(0.50)+HARD_RISK_CAP(2.0%)+MAXLOSS_CAP;213234.22;213243.90;36;0
2026.08.11 14:41:01;XAUUSD;5;1786445806;PROFIT_RATCHET_LOCKED;floor=4.11 peak=9.68;MANAGE_PROFIT;SAFE;1;0;1;-1;-1;4398.77;9.68;9.68;9.68;-17.44;KELLY_LITE;true;0.04;213228.07;0.0417;KELLY_LITE(mult=1.25 taper=1.00 n=13)+CONSEC_REDUCE(0.50)+HARD_RISK_CAP(2.0%)+MAXLOSS_CAP;213234.22;213243.90;36;0
2026.08.11 14:41:01;XAUUSD;5;1786445806;PROFIT_RATCHET_LOCKED;floor=4.11 peak=9.68;MANAGE_PROFIT;SAFE;1;0;1;-1;-1;4398.77;9.16;9.16;9.68;-17.44;KELLY_LITE;true;0.04;213228.07;0.0417;KELLY_LITE(mult=1.25 taper=1.00 n=13)+CONSEC_REDUCE(0.50)+HARD_RISK_CAP(2.0%)+MAXLOSS_CAP;213234.22;213243.38;36;0
2026.08.11 14:41:01;XAUUSD;5;1786445806;PROFIT_RATCHET_LOCKED;floor=4.11 peak=9.68;MANAGE_PROFIT;SAFE;1;0;1;-1;-1;4398.77;9.04;9.04;9.68;-17.44;KELLY_LITE;true;0.04;213228.07;0.0417;KELLY_LITE(mult=1.25 taper=1.00 n=13)+CONSEC_REDUCE(0.50)+HARD_RISK_CAP(2.0%)+MAXLOSS_CAP;213234.22;213243.26;36;0
2026.08.11 14:41:02;XAUUSD;5;1786445806;PROFIT_RATCHET_LOCKED;floor=4.11 peak=9.68;MANAGE_PROFIT;SAFE;1;0;1;-1;-1;4398.77;9.28;9.28;9.68;-17.44;KELLY_LITE;true;0.04;213228.07;0.0417;KELLY_LITE(mult=1.25 taper=1.00 n=13)+CONSEC_REDUCE(0.50)+HARD_RISK_CAP(2.0%)+MAXLOSS_CAP;213234.22;213243.50;36;0
2026.08.11 14:41:02;XAUUSD;5;1786445806;PROFIT_RATCHET_LOCKED;floor=4.13 peak=9.72;MANAGE_PROFIT;SAFE;1;0;1;-1;-1;4398.77;9.72;9.72;9.72;-17.44;KELLY_LITE;true;0.04;213228.07;0.0417;KELLY_LITE(mult=1.25 taper=1.00 n=13)+CONSEC_REDUCE(0.50)+HARD_RISK_CAP(2.0%)+MAXLOSS_CAP;213234.22;213243.94;36;0
2026.08.11 14:41:02;XAUUSD;5;1786445806;PROFIT_RATCHET_LOCKED;floor=4.13 peak=9.72;MANAGE_PROFIT;SAFE;1;0;1;-1;-1;4398.77;9.32;9.32;9.72;-17.44;KELLY_LITE;true;0.04;213228.07;0.0417;KELLY_LITE(mult=1.25 taper=1.00 n=13)+CONSEC_REDUCE(0.50)+HARD_RISK_CAP(2.0%)+MAXLOSS_CAP;213234.22;213243.54;35;0
2026.08.11 14:41:02;XAUUSD;5;1786445806;PROFIT_RATCHET_LOCKED;floor=4.13 peak=9.72;MANAGE_PROFIT;SAFE;1;0;1;-1;-1;4398.77;9.24;9.24;9.72;-17.44;KELLY_LITE;true;0.04;213228.07;0.0417;KELLY_LITE(mult=1.25 taper=1.00 n=13)+CONSEC_REDUCE(0.50)+HARD_RISK_CAP(2.0%)+MAXLOSS_CAP;213234.22;213243.46;35;0
2026.08.11 14:41:03;XAUUSD;5;1786445806;PROFIT_RATCHET_LOCKED;floor=4.13 peak=9.72;MANAGE_PROFIT;SAFE;1;0;1;-1;-1;4398.77;9.12;9.12;9.72;-17.44;KELLY_LITE;true;0.04;213228.07;0.0417;KELLY_LITE(mult=1.25 taper=1.00 n=13)+CONSEC_REDUCE(0.50)+HARD_RISK_CAP(2.0%)+MAXLOSS_CAP;213234.22;213243.34;36;0
2026.08.11 14:41:03;XAUUSD;5;1786445806;PROFIT_RATCHET_LOCKED;floor=4.13 peak=9.72;MANAGE_PROFIT;SAFE;1;0;1;-1;-1;4398.77;9.08;9.08;9.72;-17.44;KELLY_LITE;true;0.04;213228.07;0.0417;KELLY_LITE(mult=1.25 taper=1.00 n=13)+CONSEC_REDUCE(0.50)+HARD_RISK_CAP(2.0%)+MAXLOSS_CAP;213234.22;213243.30;36;0
2026.08.11 14:41:03;XAUUSD;5;1786445806;PROFIT_RATCHET_LOCKED;floor=4.13 peak=9.72;MANAGE_PROFIT;SAFE;1;0;1;-1;-1;4398.77;9.40;9.40;9.72;-17.44;KELLY_LITE;true;0.04;213228.07;0.0417;KELLY_LITE(mult=1.25 taper=1.00 n=13)+CONSEC_REDUCE(0.50)+HARD_RISK_CAP(2.0%)+MAXLOSS_CAP;213234.22;213243.62;36;0
2026.08.11 14:41:03;XAUUSD;5;1786445806;PROFIT_RATCHET_LOCKED;floor=4.13 peak=9.72;MANAGE_PROFIT;SAFE;1;0;1;-1;-1;4398.77;9.44;9.44;9.72;-17.44;KELLY_LITE;true;0.04;213228.07;0.0417;KELLY_LITE(mult=1.25 taper=1.00 n=13)+CONSEC_REDUCE(0.50)+HARD_RISK_CAP(2.0%)+MAXLOSS_CAP;213234.22;213243.66;36;0
2026.08.11 14:41:03;XAUUSD;5;1786445806;PROFIT_RATCHET_LOCKED;floor=4.13 peak=9.72;MANAGE_PROFIT;SAFE;1;0;1;-1;-1;4398.77;9.20;9.20;9.72;-17.44;KELLY_LITE;true;0.04;213228.07;0.0417;KELLY_LITE(mult=1.25 taper=1.00 n=13)+CONSEC_REDUCE(0.50)+HARD_RISK_CAP(2.0%)+MAXLOSS_CAP;213234.22;213243.42;36;0
2026.08.11 14:41:04;XAUUSD;5;1786445806;PROFIT_RATCHET_LOCKED;floor=4.13 peak=9.72;MANAGE_PROFIT;SAFE;1;0;1;-1;-1;4398.77;9.56;9.56;9.72;-17.44;KELLY_LITE;true;0.04;213228.07;0.0417;KELLY_LITE(mult=1.25 taper=1.00 n=13)+CONSEC_REDUCE(0.50)+HARD_RISK_CAP(2.0%)+MAXLOSS_CAP;213234.22;213243.78;36;0
2026.08.11 14:41:05;XAUUSD;5;1786445806;SL_MODIFIED;ticket=118689997 oldSL=4400.67 newSL=4400.76 reason=break_even_lock_leg_0 (retry buf=3pt);MANAGE_PROFIT;SAFE;1;0;1;-1;-1;4398.77;10.40;10.40;10.40;-17.44;KELLY_LITE;true;0.04;213228.07;0.0417;KELLY_LITE(mult=1.25 taper=1.00 n=13)+CONSEC_REDUCE(0.50)+HARD_RISK_CAP(2.0%)+MAXLOSS_CAP;213234.22;213244.62;36;0
2026.08.11 14:41:05;XAUUSD;5;1786445806;PROFIT_RATCHET_LOCKED;floor=4.42 peak=10.40;MANAGE_PROFIT;SAFE;1;0;1;-1;-1;4398.77;10.40;10.40;10.40;-17.44;KELLY_LITE;true;0.04;213228.07;0.0417;KELLY_LITE(mult=1.25 taper=1.00 n=13)+CONSEC_REDUCE(0.50)+HARD_RISK_CAP(2.0%)+MAXLOSS_CAP;213234.22;213244.62;36;0
2026.08.11 14:41:05;XAUUSD;5;1786445806;SL_MODIFIED;ticket=118689997 oldSL=4400.76 newSL=4400.85 reason=break_even_lock_leg_0;MANAGE_PROFIT;SAFE;1;0;1;-1;-1;4398.77;10.96;10.96;10.40;-17.44;KELLY_LITE;true;0.04;213228.07;0.0417;KELLY_LITE(mult=1.25 taper=1.00 n=13)+CONSEC_REDUCE(0.50)+HARD_RISK_CAP(2.0%)+MAXLOSS_CAP;213234.22;213245.18;36;0
2026.08.11 14:41:05;XAUUSD;5;1786445806;PROFIT_RATCHET_LOCKED;floor=4.42 peak=10.40;MANAGE_PROFIT;SAFE;1;0;1;-1;-1;4398.77;10.96;10.96;10.40;-17.44;KELLY_LITE;true;0.04;213228.07;0.0417;KELLY_LITE(mult=1.25 taper=1.00 n=13)+CONSEC_REDUCE(0.50)+HARD_RISK_CAP(2.0%)+MAXLOSS_CAP;213234.22;213245.18;36;0
2026.08.11 14:41:06;XAUUSD;5;1786445806;PROFIT_RATCHET_LOCKED;floor=4.66 peak=10.96;MANAGE_PROFIT;SAFE;1;0;1;-1;-1;4398.77;9.60;9.60;10.96;-17.44;KELLY_LITE;true;0.04;213228.07;0.0417;KELLY_LITE(mult=1.25 taper=1.00 n=13)+CONSEC_REDUCE(0.50)+HARD_RISK_CAP(2.0%)+MAXLOSS_CAP;213234.22;213243.82;36;0
2026.08.11 14:41:06;XAUUSD;5;1786445806;PROFIT_RATCHET_LOCKED;floor=4.66 peak=10.96;MANAGE_PROFIT;SAFE;1;0;1;-1;-1;4398.77;9.60;9.60;10.96;-17.44;KELLY_LITE;true;0.04;213228.07;0.0417;KELLY_LITE(mult=1.25 taper=1.00 n=13)+CONSEC_REDUCE(0.50)+HARD_RISK_CAP(2.0%)+MAXLOSS_CAP;213234.22;213243.82;36;0
2026.08.11 14:41:06;XAUUSD;5;1786445806;PROFIT_RATCHET_LOCKED;floor=4.66 peak=10.96;MANAGE_PROFIT;SAFE;1;0;1;-1;-1;4398.77;10.28;10.28;10.96;-17.44;KELLY_LITE;true;0.04;213228.07;0.0417;KELLY_LITE(mult=1.25 taper=1.00 n=13)+CONSEC_REDUCE(0.50)+HARD_RISK_CAP(2.0%)+MAXLOSS_CAP;213234.22;213244.50;35;0
2026.08.11 14:41:06;XAUUSD;5;1786445806;PROFIT_RATCHET_LOCKED;floor=4.66 peak=10.96;MANAGE_PROFIT;SAFE;1;0;1;-1;-1;4398.77;10.16;10.16;10.96;-17.44;KELLY_LITE;true;0.04;213228.07;0.0417;KELLY_LITE(mult=1.25 taper=1.00 n=13)+CONSEC_REDUCE(0.50)+HARD_RISK_CAP(2.0%)+MAXLOSS_CAP;213234.22;213244.38;35;0
2026.08.11 14:41:07;XAUUSD;5;1786445806;PROFIT_RATCHET_LOCKED;floor=4.66 peak=10.96;MANAGE_PROFIT;SAFE;1;0;1;-1;-1;4398.77;9.84;9.84;10.96;-17.44;KELLY_LITE;true;0.04;213228.07;0.0417;KELLY_LITE(mult=1.25 taper=1.00 n=13)+CONSEC_REDUCE(0.50)+HARD_RISK_CAP(2.0%)+MAXLOSS_CAP;213234.22;213244.06;34;0
2026.08.11 14:41:07;XAUUSD;5;1786445806;PROFIT_RATCHET_LOCKED;floor=4.66 peak=10.96;MANAGE_PROFIT;SAFE;1;0;1;-1;-1;4398.77;9.44;9.44;10.96;-17.44;KELLY_LITE;true;0.04;213228.07;0.0417;KELLY_LITE(mult=1.25 taper=1.00 n=13)+CONSEC_REDUCE(0.50)+HARD_RISK_CAP(2.0%)+MAXLOSS_CAP;213234.22;213243.66;36;0
2026.08.11 14:41:08;XAUUSD;5;1786445806;PROFIT_RATCHET_LOCKED;floor=4.66 peak=10.96;MANAGE_PROFIT;SAFE;1;0;1;-1;-1;4398.77;9.68;9.68;10.96;-17.44;KELLY_LITE;true;0.04;213228.07;0.0417;KELLY_LITE(mult=1.25 taper=1.00 n=13)+CONSEC_REDUCE(0.50)+HARD_RISK_CAP(2.0%)+MAXLOSS_CAP;213234.22;213243.90;33;0
2026.08.11 14:41:08;XAUUSD;5;1786445806;EXIT_TIERED_TRAIL;profit=9.24 peak=10.96 allowedRetrace=1.64;MANAGE_PROFIT;SAFE;1;0;1;-1;-1;4398.77;9.24;9.24;10.96;-17.44;KELLY_LITE;true;0.04;213228.07;0.0417;KELLY_LITE(mult=1.25 taper=1.00 n=13)+CONSEC_REDUCE(0.50)+HARD_RISK_CAP(2.0%)+MAXLOSS_CAP;213234.22;213243.46;36;0
2026.08.11 14:41:08;XAUUSD;5;1786445806;POSITION_CLOSED;ticket=118689997 reason=tiered_profit_trail lots=0.04 price=4401.08 pnl=9.24;MANAGE_PROFIT;SAFE;0;0;1;-1;-1;4398.77;0.00;0.00;10.96;-17.44;KELLY_LITE;true;0.04;213228.07;0.0417;KELLY_LITE(mult=1.25 taper=1.00 n=13)+CONSEC_REDUCE(0.50)+HARD_RISK_CAP(2.0%)+MAXLOSS_CAP;213243.46;213243.46;36;0
2026.08.11 14:41:08;XAUUSD;5;1786445806;CYCLE_RESET;oldState=RESET realizedPnL=15.39 peak=10.96 worst=-17.44 pyramid=0 consLosses=0;RESET;SAFE;0;0;0;-1;-1;4398.77;0.00;0.00;10.96;-17.44;KELLY_LITE;true;0.04;213228.07;0.0417;KELLY_LITE(mult=1.25 taper=1.00 n=13)+CONSEC_REDUCE(0.50)+HARD_RISK_CAP(2.0%)+MAXLOSS_CAP;213243.46;213243.46;36;0
2026.08.11 14:46:08;XAUUSD;5;1786445806;FILTER_BLOCK_ADX_WEAK_MAIN;ADX_WEAK_MAIN (adx=19.5 min=20.0);BLOCKED;SAFE;0;0;0;-1;-1;0.00;0.00;0.00;0.00;0.00;KELLY_LITE;true;0.04;213228.07;0.0417;KELLY_LITE(mult=1.25 taper=1.00 n=13)+CONSEC_REDUCE(0.50)+HARD_RISK_CAP(2.0%)+MAXLOSS_CAP;213243.46;213243.46;36;0
2026.08.11 14:51:08;XAUUSD;5;1786445806;FILTER_BLOCK_ADX_WEAK_MAIN;ADX_WEAK_MAIN (adx=17.0 min=20.0);BLOCKED;SAFE;0;0;0;-1;-1;0.00;0.00;0.00;0.00;0.00;KELLY_LITE;true;0.04;213228.07;0.0417;KELLY_LITE(mult=1.25 taper=1.00 n=13)+CONSEC_REDUCE(0.50)+HARD_RISK_CAP(2.0%)+MAXLOSS_CAP;213243.46;213243.46;36;0
2026.08.11 14:56:09;XAUUSD;5;1786445806;FILTER_BLOCK_ADX_WEAK_MAIN;ADX_WEAK_MAIN (adx=17.4 min=20.0);BLOCKED;SAFE;0;0;0;-1;-1;0.00;0.00;0.00;0.00;0.00;KELLY_LITE;true;0.04;213228.07;0.0417;KELLY_LITE(mult=1.25 taper=1.00 n=13)+CONSEC_REDUCE(0.50)+HARD_RISK_CAP(2.0%)+MAXLOSS_CAP;213243.46;213243.46;36;0
2026.08.11 15:01:09;XAUUSD;5;1786445806;FILTER_BLOCK_TREND_DISAGREE;TREND_DISAGREE (main=1 fast=-1 rsi=46.6, no extreme);BLOCKED;SAFE;0;0;0;-1;-1;0.00;0.00;0.00;0.00;0.00;KELLY_LITE;true;0.04;213228.07;0.0417;KELLY_LITE(mult=1.25 taper=1.00 n=13)+CONSEC_REDUCE(0.50)+HARD_RISK_CAP(2.0%)+MAXLOSS_CAP;213243.46;213243.46;36;0
2026.08.11 15:06:09;XAUUSD;5;1786445807;PLACE_PENDING_START;cycle=1786445807 trend=1 consecLosses=0 preset=AGGRESSIVE;PLACE_PENDING;SAFE;0;0;0;-1;-1;0.00;0.00;0.00;0.00;0.00;KELLY_LITE;true;0.04;213228.07;0.0417;KELLY_LITE(mult=1.25 taper=1.00 n=13)+CONSEC_REDUCE(0.50)+HARD_RISK_CAP(2.0%)+MAXLOSS_CAP;213243.46;213243.46;36;0
2026.08.11 15:06:09;XAUUSD;5;1786445807;DIR_OCO_PLACED;dir=BULL ticket=118699232 price=4387.00 sl=4372.00 tp=4409.50 lot=0.04 dist=3.00;PLACE_PENDING;SAFE;0;1;0;118699232;-1;0.00;0.00;0.00;0.00;0.00;KELLY_LITE;true;0.04;213243.46;0.0417;KELLY_LITE(mult=1.30 taper=1.00 n=14)+HARD_RISK_CAP(2.0%)+MAXLOSS_CAP;213243.46;213243.46;36;0
2026.08.11 15:06:10;XAUUSD;5;1786445807;DIR_OCO_COUNTER_PLACED;dir=BEAR(counter) ticket=118699235 price=4380.69 lot=0.03;PLACE_PENDING;SAFE;0;2;0;118699232;118699235;0.00;0.00;0.00;0.00;0.00;KELLY_LITE;true;0.04;213243.46;0.0417;KELLY_LITE(mult=1.30 taper=1.00 n=14)+HARD_RISK_CAP(2.0%)+MAXLOSS_CAP;213243.46;213243.46;36;0
2026.08.11 15:06:10;XAUUSD;5;1786445807;SELL_STOP_TRAILED;Old=4380.69 New=4381.13;WAIT_TRIGGER;SAFE;0;2;0;118699232;118699235;0.00;0.00;0.00;0.00;0.00;KELLY_LITE;true;0.04;213243.46;0.0417;KELLY_LITE(mult=1.30 taper=1.00 n=14)+HARD_RISK_CAP(2.0%)+MAXLOSS_CAP;213243.46;213243.46;36;0
2026.08.11 15:06:11;XAUUSD;5;1786445807;SELL_STOP_TRAILED;Old=4381.13 New=4381.45;WAIT_TRIGGER;SAFE;0;2;0;118699232;118699235;0.00;0.00;0.00;0.00;0.00;KELLY_LITE;true;0.04;213243.46;0.0417;KELLY_LITE(mult=1.30 taper=1.00 n=14)+HARD_RISK_CAP(2.0%)+MAXLOSS_CAP;213243.46;213243.46;36;0
2026.08.11 15:06:14;XAUUSD;5;1786445807;BUY_STOP_TRAILED;Old=4387.00 New=4386.58;WAIT_TRIGGER;SAFE;0;2;0;118699232;118699235;0.00;0.00;0.00;0.00;0.00;KELLY_LITE;true;0.04;213243.46;0.0417;KELLY_LITE(mult=1.30 taper=1.00 n=14)+HARD_RISK_CAP(2.0%)+MAXLOSS_CAP;213243.46;213243.46;36;0
2026.08.11 15:06:24;XAUUSD;5;1786445807;SELL_STOP_TRAILED;Old=4381.45 New=4381.81;WAIT_TRIGGER;SAFE;0;2;0;118699232;118699235;0.00;0.00;0.00;0.00;0.00;KELLY_LITE;true;0.04;213243.46;0.0417;KELLY_LITE(mult=1.30 taper=1.00 n=14)+HARD_RISK_CAP(2.0%)+MAXLOSS_CAP;213243.46;213243.46;37;0
2026.08.11 15:07:53;XAUUSD;5;1786445807;SELL_STOP_TRAILED;Old=4381.81 New=4382.36;WAIT_TRIGGER;SAFE;0;2;0;118699232;118699235;0.00;0.00;0.00;0.00;0.00;KELLY_LITE;true;0.04;213243.46;0.0417;KELLY_LITE(mult=1.30 taper=1.00 n=14)+HARD_RISK_CAP(2.0%)+MAXLOSS_CAP;213243.46;213243.46;36;0
2026.08.11 15:07:53;XAUUSD;5;1786445807;SELL_STOP_TRAILED;Old=4382.36 New=4382.79;WAIT_TRIGGER;SAFE;0;2;0;118699232;118699235;0.00;0.00;0.00;0.00;0.00;KELLY_LITE;true;0.04;213243.46;0.0417;KELLY_LITE(mult=1.30 taper=1.00 n=14)+HARD_RISK_CAP(2.0%)+MAXLOSS_CAP;213243.46;213243.46;36;0
2026.08.11 15:08:30;XAUUSD;5;1786445807;BUY_STOP_TRAILED;Old=4386.58 New=4386.26;WAIT_TRIGGER;SAFE;0;2;0;118699232;118699235;0.00;0.00;0.00;0.00;0.00;KELLY_LITE;true;0.04;213243.46;0.0417;KELLY_LITE(mult=1.30 taper=1.00 n=14)+HARD_RISK_CAP(2.0%)+MAXLOSS_CAP;213243.46;213243.46;36;0
2026.08.11 15:09:06;XAUUSD;5;1786445807;OCO_TRIGGERED_SELL;ticket=118699235 entry=4382.79;POSITION_ACTIVE;SAFE;1;1;0;118699232;-1;0.00;-0.60;-0.60;0.00;0.00;KELLY_LITE;true;0.04;213243.46;0.0417;KELLY_LITE(mult=1.30 taper=1.00 n=14)+HARD_RISK_CAP(2.0%)+MAXLOSS_CAP;213243.46;213242.86;36;0
2026.08.11 15:09:06;XAUUSD;5;1786445807;PENDING_DELETED;ticket=118699232 reason=oco_sell_triggered;POSITION_ACTIVE;SAFE;1;0;0;118699232;-1;0.00;-0.69;-0.69;0.00;0.00;KELLY_LITE;true;0.04;213243.46;0.0417;KELLY_LITE(mult=1.30 taper=1.00 n=14)+HARD_RISK_CAP(2.0%)+MAXLOSS_CAP;213243.46;213242.77;35;0
2026.08.11 15:09:07;XAUUSD;5;1786445807;HEDGE_PENDING_PLACED;dir=BUY_STOP ticket=118699891 price=4386.02 sl=4383.02 lot=0.05 mainEntry=4382.79 dist=3.00 confirmBars=1;POSITION_ACTIVE;SAFE;1;1;1;-1;-1;4382.79;-1.41;-1.41;0.00;-0.69;KELLY_LITE;true;0.04;213243.46;0.0417;KELLY_LITE(mult=1.30 taper=1.00 n=14)+HARD_RISK_CAP(2.0%)+MAXLOSS_CAP;213243.46;213242.05;36;0
2026.08.11 15:10:39;XAUUSD;5;1786445807;SL_MODIFIED;ticket=118699891 oldSL=4383.02 newSL=4385.23 reason=hedge_giveback_lock (retry buf=20pt);MANAGE_PROFIT;SAFE;2;0;1;-1;-1;4382.79;-10.55;0.40;0.00;-12.66;KELLY_LITE;true;0.04;213243.46;0.0417;KELLY_LITE(mult=1.30 taper=1.00 n=14)+HARD_RISK_CAP(2.0%)+MAXLOSS_CAP;213243.46;213232.91;34;0
2026.08.11 15:10:39;XAUUSD;5;1786445807;SL_MODIFIED;ticket=118699891 oldSL=4385.23 newSL=4385.58 reason=hedge_giveback_lock;MANAGE_PROFIT;SAFE;2;0;1;-1;-1;4382.79;-10.46;0.55;0.00;-12.66;KELLY_LITE;true;0.04;213243.46;0.0417;KELLY_LITE(mult=1.30 taper=1.00 n=14)+HARD_RISK_CAP(2.0%)+MAXLOSS_CAP;213243.46;213233.00;33;0
2026.08.11 15:10:40;XAUUSD;5;1786445807;POSITION_CLOSED;ticket=118699891 reason=hedge_reversal_giveback_cap lots=0.05 price=4386.13 pnl=0.55;MANAGE_PROFIT;SAFE;1;0;1;-1;-1;4382.79;-10.65;-10.65;0.00;-12.66;KELLY_LITE;true;0.04;213243.46;0.0417;KELLY_LITE(mult=1.30 taper=1.00 n=14)+HARD_RISK_CAP(2.0%)+MAXLOSS_CAP;213243.41;213232.76;33;0
2026.08.11 15:10:40;XAUUSD;5;1786445807;HEDGE_CLOSED_REVERSAL;profit=0.40 peak=1.90 giveback=1.50 cap=1.50 reason=giveback_cap ok=1;MANAGE_PROFIT;SAFE;1;0;1;-1;-1;4382.79;-10.65;-10.65;0.00;-12.66;KELLY_LITE;true;0.04;213243.46;0.0417;KELLY_LITE(mult=1.30 taper=1.00 n=14)+HARD_RISK_CAP(2.0%)+MAXLOSS_CAP;213243.41;213232.76;33;0
2026.08.11 15:17:11;XAUUSD;5;1786445807;EXIT_SOFT_SL_MOMENTUM;profit=-20.43 rsi=48.2 dir=-1;MANAGE_PROFIT;WATCH;1;0;1;-1;-1;4382.79;-20.43;-20.43;0.60;-20.43;KELLY_LITE;true;0.04;213243.46;0.0417;KELLY_LITE(mult=1.30 taper=1.00 n=14)+HARD_RISK_CAP(2.0%)+MAXLOSS_CAP;213243.41;213222.98;37;0
2026.08.11 15:17:12;XAUUSD;5;1786445807;POSITION_CLOSED;ticket=118699235 reason=soft_sl_momentum lots=0.03 price=4389.60 pnl=-20.43;MANAGE_PROFIT;WATCH;0;0;1;-1;-1;4382.79;0.00;0.00;0.60;-20.43;KELLY_LITE;true;0.04;213243.46;0.0417;KELLY_LITE(mult=1.30 taper=1.00 n=14)+HARD_RISK_CAP(2.0%)+MAXLOSS_CAP;213221.84;213221.84;36;0
2026.08.11 15:17:12;XAUUSD;5;1786445807;CYCLE_RESET;oldState=RESET realizedPnL=-21.62 peak=0.60 worst=-20.43 pyramid=0 consLosses=1;RESET;WATCH;0;0;0;-1;-1;4382.79;0.00;0.00;0.60;-20.43;KELLY_LITE;true;0.04;213243.46;0.0417;KELLY_LITE(mult=1.30 taper=1.00 n=14)+HARD_RISK_CAP(2.0%)+MAXLOSS_CAP;213221.84;213221.84;36;0
2026.08.11 15:22:12;XAUUSD;5;1786445808;PLACE_PENDING_START;cycle=1786445808 trend=1 consecLosses=1 preset=AGGRESSIVE;PLACE_PENDING;SAFE;0;0;0;-1;-1;0.00;0.00;0.00;0.00;0.00;KELLY_LITE;true;0.04;213243.46;0.0417;KELLY_LITE(mult=1.30 taper=1.00 n=14)+HARD_RISK_CAP(2.0%)+MAXLOSS_CAP;213221.84;213221.84;36;0
2026.08.11 15:22:12;XAUUSD;5;1786445808;DIR_OCO_PLACED;dir=BULL ticket=118703567 price=4389.10 sl=4374.10 tp=4411.60 lot=0.04 dist=2.88;PLACE_PENDING;SAFE;0;1;0;118703567;-1;0.00;0.00;0.00;0.00;0.00;KELLY_LITE;true;0.04;213221.84;0.0417;KELLY_LITE(mult=1.25 taper=1.00 n=15)+HARD_RISK_CAP(2.0%)+MAXLOSS_CAP;213221.84;213221.84;36;0
2026.08.11 15:22:13;XAUUSD;5;1786445808;DIR_OCO_COUNTER_PLACED;dir=BEAR(counter) ticket=118703570 price=4383.12 lot=0.03;PLACE_PENDING;SAFE;0;2;0;118703567;118703570;0.00;0.00;0.00;0.00;0.00;KELLY_LITE;true;0.04;213221.84;0.0417;KELLY_LITE(mult=1.25 taper=1.00 n=15)+HARD_RISK_CAP(2.0%)+MAXLOSS_CAP;213221.84;213221.84;36;0
2026.08.11 15:22:35;XAUUSD;5;1786445808;BUY_STOP_TRAILED;Old=4389.10 New=4388.76;WAIT_TRIGGER;SAFE;0;2;0;118703567;118703570;0.00;0.00;0.00;0.00;0.00;KELLY_LITE;true;0.04;213221.84;0.0417;KELLY_LITE(mult=1.25 taper=1.00 n=15)+HARD_RISK_CAP(2.0%)+MAXLOSS_CAP;213221.84;213221.84;36;0
2026.08.11 15:22:40;XAUUSD;5;1786445808;BUY_STOP_TRAILED;Old=4388.76 New=4388.41;WAIT_TRIGGER;SAFE;0;2;0;118703567;118703570;0.00;0.00;0.00;0.00;0.00;KELLY_LITE;true;0.04;213221.84;0.0417;KELLY_LITE(mult=1.25 taper=1.00 n=15)+HARD_RISK_CAP(2.0%)+MAXLOSS_CAP;213221.84;213221.84;33;0
2026.08.11 15:22:41;XAUUSD;5;1786445808;BUY_STOP_TRAILED;Old=4388.41 New=4388.06;WAIT_TRIGGER;SAFE;0;2;0;118703567;118703570;0.00;0.00;0.00;0.00;0.00;KELLY_LITE;true;0.04;213221.84;0.0417;KELLY_LITE(mult=1.25 taper=1.00 n=15)+HARD_RISK_CAP(2.0%)+MAXLOSS_CAP;213221.84;213221.84;36;0
2026.08.11 15:22:53;XAUUSD;5;1786445808;BUY_STOP_TRAILED;Old=4388.06 New=4387.74;WAIT_TRIGGER;SAFE;0;2;0;118703567;118703570;0.00;0.00;0.00;0.00;0.00;KELLY_LITE;true;0.04;213221.84;0.0417;KELLY_LITE(mult=1.25 taper=1.00 n=15)+HARD_RISK_CAP(2.0%)+MAXLOSS_CAP;213221.84;213221.84;36;0
2026.08.11 15:22:54;XAUUSD;5;1786445808;BUY_STOP_TRAILED;Old=4387.74 New=4387.40;WAIT_TRIGGER;SAFE;0;2;0;118703567;118703570;0.00;0.00;0.00;0.00;0.00;KELLY_LITE;true;0.04;213221.84;0.0417;KELLY_LITE(mult=1.25 taper=1.00 n=15)+HARD_RISK_CAP(2.0%)+MAXLOSS_CAP;213221.84;213221.84;36;0
2026.08.11 15:22:59;XAUUSD;5;1786445808;BUY_STOP_TRAILED;Old=4387.40 New=4386.99;WAIT_TRIGGER;SAFE;0;2;0;118703567;118703570;0.00;0.00;0.00;0.00;0.00;KELLY_LITE;true;0.04;213221.84;0.0417;KELLY_LITE(mult=1.25 taper=1.00 n=15)+HARD_RISK_CAP(2.0%)+MAXLOSS_CAP;213221.84;213221.84;36;0
2026.08.11 15:23:03;XAUUSD;5;1786445808;BUY_STOP_TRAILED;Old=4386.99 New=4386.66;WAIT_TRIGGER;SAFE;0;2;0;118703567;118703570;0.00;0.00;0.00;0.00;0.00;KELLY_LITE;true;0.04;213221.84;0.0417;KELLY_LITE(mult=1.25 taper=1.00 n=15)+HARD_RISK_CAP(2.0%)+MAXLOSS_CAP;213221.84;213221.84;36;0
2026.08.11 15:23:06;XAUUSD;5;1786445808;OCO_TRIGGERED_SELL;ticket=118703570 entry=4383.12;POSITION_ACTIVE;SAFE;1;1;0;118703567;-1;0.00;0.06;-1.05;0.00;0.00;KELLY_LITE;true;0.04;213221.84;0.0417;KELLY_LITE(mult=1.25 taper=1.00 n=15)+HARD_RISK_CAP(2.0%)+MAXLOSS_CAP;213221.84;213221.90;37;0
2026.08.11 15:23:06;XAUUSD;5;1786445808;PENDING_DELETED;ticket=118703567 reason=oco_sell_triggered;POSITION_ACTIVE;SAFE;1;0;0;118703567;-1;0.00;-0.72;-0.72;0.00;0.00;KELLY_LITE;true;0.04;213221.84;0.0417;KELLY_LITE(mult=1.25 taper=1.00 n=15)+HARD_RISK_CAP(2.0%)+MAXLOSS_CAP;213221.84;213221.12;36;0
2026.08.11 15:23:07;XAUUSD;5;1786445808;HEDGE_PENDING_PLACED;dir=BUY_STOP ticket=118703867 price=4386.36 sl=4383.36 lot=0.05 mainEntry=4383.12 dist=3.00 confirmBars=1;POSITION_ACTIVE;SAFE;1;1;1;-1;-1;4383.12;-2.10;-2.10;0.00;-0.72;KELLY_LITE;true;0.04;213221.84;0.0417;KELLY_LITE(mult=1.25 taper=1.00 n=15)+HARD_RISK_CAP(2.0%)+MAXLOSS_CAP;213221.84;213219.74;34;0
2026.08.11 15:27:13;XAUUSD;5;1786445808;SL_MODIFIED;ticket=118703867 oldSL=4383.36 newSL=4386.18 reason=hedge_giveback_lock (retry buf=3pt);MANAGE_PROFIT;SAFE;2;0;1;-1;-1;4383.12;-9.88;2.30;3.48;-11.84;KELLY_LITE;true;0.04;213221.84;0.0417;KELLY_LITE(mult=1.25 taper=1.00 n=15)+HARD_RISK_CAP(2.0%)+MAXLOSS_CAP;213221.84;213211.96;36;0
2026.08.11 15:27:13;XAUUSD;5;1786445808;SL_MODIFIED;ticket=118703867 oldSL=4386.18 newSL=4386.30 reason=hedge_giveback_lock;MANAGE_PROFIT;SAFE;2;0;1;-1;-1;4383.12;-9.44;3.40;3.48;-11.84;KELLY_LITE;true;0.04;213221.84;0.0417;KELLY_LITE(mult=1.25 taper=1.00 n=15)+HARD_RISK_CAP(2.0%)+MAXLOSS_CAP;213221.84;213212.40;36;0
2026.08.11 15:27:14;XAUUSD;5;1786445808;SL_MODIFIED;ticket=118703867 oldSL=4386.30 newSL=4386.52 reason=hedge_giveback_lock;MANAGE_PROFIT;SAFE;2;0;1;-1;-1;4383.12;-9.06;4.35;3.48;-11.84;KELLY_LITE;true;0.04;213221.84;0.0417;KELLY_LITE(mult=1.25 taper=1.00 n=15)+HARD_RISK_CAP(2.0%)+MAXLOSS_CAP;213221.84;213212.78;36;0
2026.08.11 15:27:14;XAUUSD;5;1786445808;SL_MODIFIED;ticket=118703867 oldSL=4386.52 newSL=4386.71 reason=hedge_giveback_lock;MANAGE_PROFIT;SAFE;2;0;1;-1;-1;4383.12;-8.44;5.90;3.48;-11.84;KELLY_LITE;true;0.04;213221.84;0.0417;KELLY_LITE(mult=1.25 taper=1.00 n=15)+HARD_RISK_CAP(2.0%)+MAXLOSS_CAP;213221.84;213213.40;36;0
2026.08.11 15:27:15;XAUUSD;5;1786445808;SL_MODIFIED;ticket=118703867 oldSL=4386.71 newSL=4387.02 reason=hedge_giveback_lock;MANAGE_PROFIT;SAFE;2;0;1;-1;-1;4383.12;-8.22;6.45;3.48;-11.84;KELLY_LITE;true;0.04;213221.84;0.0417;KELLY_LITE(mult=1.25 taper=1.00 n=15)+HARD_RISK_CAP(2.0%)+MAXLOSS_CAP;213221.84;213213.62;36;0
2026.08.11 15:27:15;XAUUSD;5;1786445808;SL_MODIFY_FAILED;ticket=118703867 newSL=4387.13 reason=hedge_giveback_lock err=0;MANAGE_PROFIT;SAFE;2;0;1;-1;-1;4383.12;-8.65;5.15;3.48;-11.84;KELLY_LITE;true;0.04;213221.84;0.0417;KELLY_LITE(mult=1.25 taper=1.00 n=15)+HARD_RISK_CAP(2.0%)+MAXLOSS_CAP;213221.84;213213.19;33;0
2026.08.11 15:27:16;XAUUSD;5;1786445808;POSITION_CLOSED;ticket=118703867 reason=hedge_reversal_giveback_cap lots=0.05 price=4387.22 pnl=4.30;MANAGE_PROFIT;SAFE;1;0;1;-1;-1;4383.12;-13.38;-13.38;3.48;-11.84;KELLY_LITE;true;0.04;213221.84;0.0417;KELLY_LITE(mult=1.25 taper=1.00 n=15)+HARD_RISK_CAP(2.0%)+MAXLOSS_CAP;213226.14;213212.76;36;0
2026.08.11 15:27:16;XAUUSD;5;1786445808;HEDGE_CLOSED_REVERSAL;profit=4.30 peak=6.45 giveback=2.15 cap=1.50 reason=giveback_cap ok=1;MANAGE_PROFIT;SAFE;1;0;1;-1;-1;4383.12;-13.38;-13.38;3.48;-11.84;KELLY_LITE;true;0.04;213221.84;0.0417;KELLY_LITE(mult=1.25 taper=1.00 n=15)+HARD_RISK_CAP(2.0%)+MAXLOSS_CAP;213226.14;213212.76;36;0
2026.08.11 15:33:58;XAUUSD;5;1786445808;EXIT_TIME_LOSS;held=10 profit=-15.03;MANAGE_PROFIT;SAFE;1;0;1;-1;-1;4383.12;-15.03;-15.03;3.48;-16.20;KELLY_LITE;true;0.04;213221.84;0.0417;KELLY_LITE(mult=1.25 taper=1.00 n=15)+HARD_RISK_CAP(2.0%)+MAXLOSS_CAP;213226.14;213211.11;36;0
2026.08.11 15:33:58;XAUUSD;5;1786445808;POSITION_CLOSED;ticket=118703570 reason=time_loss_exit lots=0.03 price=4388.13 pnl=-15.03;MANAGE_PROFIT;SAFE;0;0;1;-1;-1;4383.12;0.00;0.00;3.48;-16.20;KELLY_LITE;true;0.04;213221.84;0.0417;KELLY_LITE(mult=1.25 taper=1.00 n=15)+HARD_RISK_CAP(2.0%)+MAXLOSS_CAP;213211.08;213211.08;36;0
2026.08.11 15:33:58;XAUUSD;5;1786445808;CYCLE_RESET;oldState=RESET realizedPnL=-10.76 peak=3.48 worst=-16.20 pyramid=0 consLosses=2;RESET;SAFE;0;0;0;-1;-1;4383.12;0.00;0.00;3.48;-16.20;KELLY_LITE;true;0.04;213221.84;0.0417;KELLY_LITE(mult=1.25 taper=1.00 n=15)+HARD_RISK_CAP(2.0%)+MAXLOSS_CAP;213211.08;213211.08;36;0
2026.08.11 15:38:58;XAUUSD;5;1786445808;FILTER_BLOCK_TREND_DISAGREE;TREND_DISAGREE (main=1 fast=-1 rsi=51.2, no extreme);BLOCKED;SAFE;0;0;0;-1;-1;0.00;0.00;0.00;0.00;0.00;KELLY_LITE;true;0.04;213221.84;0.0417;KELLY_LITE(mult=1.25 taper=1.00 n=15)+HARD_RISK_CAP(2.0%)+MAXLOSS_CAP;213211.08;213211.08;36;0
2026.08.11 15:43:58;XAUUSD;5;1786445808;FILTER_BLOCK_ADX_WEAK_MAIN;ADX_WEAK_MAIN (adx=21.3 min=22.0 [streak=2]);BLOCKED;SAFE;0;0;0;-1;-1;0.00;0.00;0.00;0.00;0.00;KELLY_LITE;true;0.04;213221.84;0.0417;KELLY_LITE(mult=1.25 taper=1.00 n=15)+HARD_RISK_CAP(2.0%)+MAXLOSS_CAP;213211.08;213211.08;36;0
2026.08.11 15:48:58;XAUUSD;5;1786445809;PLACE_PENDING_START;cycle=1786445809 trend=1 consecLosses=2 preset=AGGRESSIVE;PLACE_PENDING;SAFE;0;0;0;-1;-1;0.00;0.00;0.00;0.00;0.00;KELLY_LITE;true;0.04;213221.84;0.0417;KELLY_LITE(mult=1.25 taper=1.00 n=15)+HARD_RISK_CAP(2.0%)+MAXLOSS_CAP;213211.08;213211.08;36;0
2026.08.11 15:48:58;XAUUSD;5;1786445809;DIR_OCO_PLACED;dir=BULL ticket=118711259 price=4397.35 sl=4382.35 tp=4419.85 lot=0.04 dist=2.61;PLACE_PENDING;SAFE;0;1;0;118711259;-1;0.00;0.00;0.00;0.00;0.00;KELLY_LITE;true;0.04;213211.08;0.0417;KELLY_LITE(mult=1.20 taper=1.00 n=16)+CONSEC_REDUCE(0.50)+HARD_RISK_CAP(2.0%)+MAXLOSS_CAP;213211.08;213211.08;36;0
2026.08.11 15:48:59;XAUUSD;5;1786445809;DIR_OCO_COUNTER_PLACED;dir=BEAR(counter) ticket=118711262 price=4391.88 lot=0.03;PLACE_PENDING;SAFE;0;2;0;118711259;118711262;0.00;0.00;0.00;0.00;0.00;KELLY_LITE;true;0.04;213211.08;0.0417;KELLY_LITE(mult=1.20 taper=1.00 n=16)+CONSEC_REDUCE(0.50)+HARD_RISK_CAP(2.0%)+MAXLOSS_CAP;213211.08;213211.08;36;0
2026.08.11 15:49:04;XAUUSD;5;1786445809;BUY_STOP_TRAILED;Old=4397.35 New=4397.04;WAIT_TRIGGER;SAFE;0;2;0;118711259;118711262;0.00;0.00;0.00;0.00;0.00;KELLY_LITE;true;0.04;213211.08;0.0417;KELLY_LITE(mult=1.20 taper=1.00 n=16)+CONSEC_REDUCE(0.50)+HARD_RISK_CAP(2.0%)+MAXLOSS_CAP;213211.08;213211.08;33;0
2026.08.11 15:49:10;XAUUSD;5;1786445809;BUY_STOP_TRAILED;Old=4397.04 New=4396.44;WAIT_TRIGGER;SAFE;0;2;0;118711259;118711262;0.00;0.00;0.00;0.00;0.00;KELLY_LITE;true;0.04;213211.08;0.0417;KELLY_LITE(mult=1.20 taper=1.00 n=16)+CONSEC_REDUCE(0.50)+HARD_RISK_CAP(2.0%)+MAXLOSS_CAP;213211.08;213211.08;36;0
2026.08.11 15:49:16;XAUUSD;5;1786445809;BUY_STOP_TRAILED;Old=4396.44 New=4396.11;WAIT_TRIGGER;SAFE;0;2;0;118711259;118711262;0.00;0.00;0.00;0.00;0.00;KELLY_LITE;true;0.04;213211.08;0.0417;KELLY_LITE(mult=1.20 taper=1.00 n=16)+CONSEC_REDUCE(0.50)+HARD_RISK_CAP(2.0%)+MAXLOSS_CAP;213211.08;213211.08;36;0
2026.08.11 15:49:20;XAUUSD;5;1786445809;BUY_STOP_TRAILED;Old=4396.11 New=4395.73;WAIT_TRIGGER;SAFE;0;2;0;118711259;118711262;0.00;0.00;0.00;0.00;0.00;KELLY_LITE;true;0.04;213211.08;0.0417;KELLY_LITE(mult=1.20 taper=1.00 n=16)+CONSEC_REDUCE(0.50)+HARD_RISK_CAP(2.0%)+MAXLOSS_CAP;213211.08;213211.08;36;0
2026.08.11 15:50:10;XAUUSD;5;1786445809;BUY_STOP_TRAILED;Old=4395.73 New=4395.42;WAIT_TRIGGER;SAFE;0;2;0;118711259;118711262;0.00;0.00;0.00;0.00;0.00;KELLY_LITE;true;0.04;213211.08;0.0417;KELLY_LITE(mult=1.20 taper=1.00 n=16)+CONSEC_REDUCE(0.50)+HARD_RISK_CAP(2.0%)+MAXLOSS_CAP;213211.08;213211.08;33;0
2026.08.11 15:50:10;XAUUSD;5;1786445809;BUY_STOP_TRAILED;Old=4395.42 New=4395.07;WAIT_TRIGGER;SAFE;0;2;0;118711259;118711262;0.00;0.00;0.00;0.00;0.00;KELLY_LITE;true;0.04;213211.08;0.0417;KELLY_LITE(mult=1.20 taper=1.00 n=16)+CONSEC_REDUCE(0.50)+HARD_RISK_CAP(2.0%)+MAXLOSS_CAP;213211.08;213211.08;36;0
2026.08.11 15:50:29;XAUUSD;5;1786445809;OCO_TRIGGERED_SELL;ticket=118711262 entry=4391.88;POSITION_ACTIVE;SAFE;1;1;0;118711259;-1;0.00;-1.05;-1.05;0.00;0.00;KELLY_LITE;true;0.04;213211.08;0.0417;KELLY_LITE(mult=1.20 taper=1.00 n=16)+CONSEC_REDUCE(0.50)+HARD_RISK_CAP(2.0%)+MAXLOSS_CAP;213211.08;213210.03;36;0
2026.08.11 15:50:30;XAUUSD;5;1786445809;PENDING_DELETED;ticket=118711259 reason=oco_sell_triggered;POSITION_ACTIVE;SAFE;1;0;0;118711259;-1;0.00;-0.87;-0.87;0.00;0.00;KELLY_LITE;true;0.04;213211.08;0.0417;KELLY_LITE(mult=1.20 taper=1.00 n=16)+CONSEC_REDUCE(0.50)+HARD_RISK_CAP(2.0%)+MAXLOSS_CAP;213211.08;213210.21;36;0
2026.08.11 15:50:31;XAUUSD;5;1786445809;HEDGE_PENDING_PLACED;dir=BUY_STOP ticket=118711626 price=4395.17 sl=4392.17 lot=0.05 mainEntry=4391.88 dist=3.00 confirmBars=1;POSITION_ACTIVE;SAFE;1;1;1;-1;-1;4391.88;-0.93;-0.93;0.00;-0.87;KELLY_LITE;true;0.04;213211.08;0.0417;KELLY_LITE(mult=1.20 taper=1.00 n=16)+CONSEC_REDUCE(0.50)+HARD_RISK_CAP(2.0%)+MAXLOSS_CAP;213211.08;213210.15;36;0
2026.08.11 15:51:24;XAUUSD;5;1786445809;POSITION_CLOSED;ticket=118711626 reason=hedge_reversal_giveback_cap lots=0.05 price=4395.06 pnl=-0.55;MANAGE_PROFIT;SAFE;1;0;1;-1;-1;4391.88;-10.80;-10.80;0.00;-11.67;KELLY_LITE;true;0.04;213211.08;0.0417;KELLY_LITE(mult=1.20 taper=1.00 n=16)+CONSEC_REDUCE(0.50)+HARD_RISK_CAP(2.0%)+MAXLOSS_CAP;213210.83;213200.03;36;0
2026.08.11 15:51:24;XAUUSD;5;1786445809;HEDGE_CLOSED_REVERSAL;profit=-0.55 peak=1.25 giveback=1.80 cap=1.50 reason=giveback_cap ok=1;MANAGE_PROFIT;SAFE;1;0;1;-1;-1;4391.88;-10.80;-10.80;0.00;-11.67;KELLY_LITE;true;0.04;213211.08;0.0417;KELLY_LITE(mult=1.20 taper=1.00 n=16)+CONSEC_REDUCE(0.50)+HARD_RISK_CAP(2.0%)+MAXLOSS_CAP;213210.83;213200.03;36;0
2026.08.11 16:00:38;XAUUSD;5;1786445809;EXIT_TIME_LOSS;held=10 profit=-15.51;MANAGE_PROFIT;SAFE;1;0;1;-1;-1;4391.88;-15.51;-15.51;0.00;-19.17;KELLY_LITE;true;0.04;213211.08;0.0417;KELLY_LITE(mult=1.20 taper=1.00 n=16)+CONSEC_REDUCE(0.50)+HARD_RISK_CAP(2.0%)+MAXLOSS_CAP;213210.83;213195.32;36;0
2026.08.11 16:00:39;XAUUSD;5;1786445809;POSITION_CLOSED;ticket=118711262 reason=time_loss_exit lots=0.03 price=4397.05 pnl=-15.51;MANAGE_PROFIT;SAFE;0;0;1;-1;-1;4391.88;0.00;0.00;0.00;-19.17;KELLY_LITE;true;0.04;213211.08;0.0417;KELLY_LITE(mult=1.20 taper=1.00 n=16)+CONSEC_REDUCE(0.50)+HARD_RISK_CAP(2.0%)+MAXLOSS_CAP;213194.99;213194.99;36;0
2026.08.11 16:00:39;XAUUSD;5;1786445809;CONSECUTIVE_LOSS_PAUSE;losses=3 pauseUntil=2026.08.11 16:15:39;RESET;SAFE;0;0;0;-1;-1;4391.88;0.00;0.00;0.00;-19.17;KELLY_LITE;true;0.04;213211.08;0.0417;KELLY_LITE(mult=1.20 taper=1.00 n=16)+CONSEC_REDUCE(0.50)+HARD_RISK_CAP(2.0%)+MAXLOSS_CAP;213194.99;213194.99;36;0
2026.08.11 16:00:39;XAUUSD;5;1786445809;CYCLE_RESET;oldState=RESET realizedPnL=-16.09 peak=0.00 worst=-19.17 pyramid=0 consLosses=3;RESET;SAFE;0;0;0;-1;-1;4391.88;0.00;0.00;0.00;-19.17;KELLY_LITE;true;0.04;213211.08;0.0417;KELLY_LITE(mult=1.20 taper=1.00 n=16)+CONSEC_REDUCE(0.50)+HARD_RISK_CAP(2.0%)+MAXLOSS_CAP;213194.99;213194.99;36;0
2026.08.11 16:15:39;XAUUSD;5;1786445810;PLACE_PENDING_START;cycle=1786445810 trend=1 consecLosses=3 preset=AGGRESSIVE;PLACE_PENDING;SAFE;0;0;0;-1;-1;0.00;0.00;0.00;0.00;0.00;KELLY_LITE;true;0.04;213211.08;0.0417;KELLY_LITE(mult=1.20 taper=1.00 n=16)+CONSEC_REDUCE(0.50)+HARD_RISK_CAP(2.0%)+MAXLOSS_CAP;213194.99;213194.99;36;0
2026.08.11 16:15:39;XAUUSD;5;1786445810;DIR_OCO_PLACED;dir=BULL ticket=118718366 price=4392.15 sl=4377.15 tp=4414.65 lot=0.04 dist=2.15;PLACE_PENDING;SAFE;0;1;0;118718366;-1;0.00;0.00;0.00;0.00;0.00;KELLY_LITE;true;0.04;213194.99;0.0417;KELLY_LITE(mult=1.15 taper=1.00 n=17)+CONSEC_REDUCE(0.50)+HARD_RISK_CAP(2.0%)+MAXLOSS_CAP;213194.99;213194.99;36;0
2026.08.11 16:15:40;XAUUSD;5;1786445810;DIR_OCO_COUNTER_PLACED;dir=BEAR(counter) ticket=118718368 price=4387.61 lot=0.03;PLACE_PENDING;SAFE;0;2;0;118718366;118718368;0.00;0.00;0.00;0.00;0.00;KELLY_LITE;true;0.04;213194.99;0.0417;KELLY_LITE(mult=1.15 taper=1.00 n=17)+CONSEC_REDUCE(0.50)+HARD_RISK_CAP(2.0%)+MAXLOSS_CAP;213194.99;213194.99;36;0
2026.08.11 16:15:41;XAUUSD;5;1786445810;SELL_STOP_TRAILED;Old=4387.61 New=4387.94;WAIT_TRIGGER;SAFE;0;2;0;118718366;118718368;0.00;0.00;0.00;0.00;0.00;KELLY_LITE;true;0.04;213194.99;0.0417;KELLY_LITE(mult=1.15 taper=1.00 n=17)+CONSEC_REDUCE(0.50)+HARD_RISK_CAP(2.0%)+MAXLOSS_CAP;213194.99;213194.99;36;0
2026.08.11 16:16:01;XAUUSD;5;1786445810;SELL_STOP_TRAILED;Old=4387.94 New=4388.27;WAIT_TRIGGER;SAFE;0;2;0;118718366;118718368;0.00;0.00;0.00;0.00;0.00;KELLY_LITE;true;0.04;213194.99;0.0417;KELLY_LITE(mult=1.15 taper=1.00 n=17)+CONSEC_REDUCE(0.50)+HARD_RISK_CAP(2.0%)+MAXLOSS_CAP;213194.99;213194.99;33;0
2026.08.11 16:16:47;XAUUSD;5;1786445810;BUY_STOP_TRAILED;Old=4392.15 New=4391.82;WAIT_TRIGGER;SAFE;0;2;0;118718366;118718368;0.00;0.00;0.00;0.00;0.00;KELLY_LITE;true;0.04;213194.99;0.0417;KELLY_LITE(mult=1.15 taper=1.00 n=17)+CONSEC_REDUCE(0.50)+HARD_RISK_CAP(2.0%)+MAXLOSS_CAP;213194.99;213194.99;36;0
2026.08.11 16:16:56;XAUUSD;5;1786445810;BUY_STOP_TRAILED;Old=4391.82 New=4391.34;WAIT_TRIGGER;SAFE;0;2;0;118718366;118718368;0.00;0.00;0.00;0.00;0.00;KELLY_LITE;true;0.04;213194.99;0.0417;KELLY_LITE(mult=1.15 taper=1.00 n=17)+CONSEC_REDUCE(0.50)+HARD_RISK_CAP(2.0%)+MAXLOSS_CAP;213194.99;213194.99;33;0
2026.08.11 16:16:58;XAUUSD;5;1786445810;BUY_STOP_TRAILED;Old=4391.34 New=4391.02;WAIT_TRIGGER;SAFE;0;2;0;118718366;118718368;0.00;0.00;0.00;0.00;0.00;KELLY_LITE;true;0.04;213194.99;0.0417;KELLY_LITE(mult=1.15 taper=1.00 n=17)+CONSEC_REDUCE(0.50)+HARD_RISK_CAP(2.0%)+MAXLOSS_CAP;213194.99;213194.99;36;0
2026.08.11 16:17:02;XAUUSD;5;1786445810;BUY_STOP_TRAILED;Old=4391.02 New=4390.71;WAIT_TRIGGER;SAFE;1;1;0;118718366;118718368;0.00;0.78;0.78;0.00;0.00;KELLY_LITE;true;0.04;213194.99;0.0417;KELLY_LITE(mult=1.15 taper=1.00 n=17)+CONSEC_REDUCE(0.50)+HARD_RISK_CAP(2.0%)+MAXLOSS_CAP;213194.99;213195.77;37;0
2026.08.11 16:17:02;XAUUSD;5;1786445810;OCO_TRIGGERED_SELL;ticket=118718368 entry=4388.27;POSITION_ACTIVE;SAFE;1;1;0;118718366;-1;0.00;0.78;0.78;0.00;0.00;KELLY_LITE;true;0.04;213194.99;0.0417;KELLY_LITE(mult=1.15 taper=1.00 n=17)+CONSEC_REDUCE(0.50)+HARD_RISK_CAP(2.0%)+MAXLOSS_CAP;213194.99;213195.77;37;0
2026.08.11 16:17:03;XAUUSD;5;1786445810;PENDING_DELETED;ticket=118718366 reason=oco_sell_triggered;POSITION_ACTIVE;SAFE;1;0;0;118718366;-1;0.00;0.99;0.99;0.00;0.00;KELLY_LITE;true;0.04;213194.99;0.0417;KELLY_LITE(mult=1.15 taper=1.00 n=17)+CONSEC_REDUCE(0.50)+HARD_RISK_CAP(2.0%)+MAXLOSS_CAP;213194.99;213195.98;36;0
2026.08.11 16:17:04;XAUUSD;5;1786445810;HEDGE_PENDING_PLACED;dir=BUY_STOP ticket=118718784 price=4390.94 sl=4387.94 lot=0.05 mainEntry=4388.27 dist=3.00 confirmBars=1;POSITION_ACTIVE;SAFE;1;1;1;-1;-1;4388.27;1.11;1.11;0.99;0.00;KELLY_LITE;true;0.04;213194.99;0.0417;KELLY_LITE(mult=1.15 taper=1.00 n=17)+CONSEC_REDUCE(0.50)+HARD_RISK_CAP(2.0%)+MAXLOSS_CAP;213194.99;213196.10;36;0
2026.08.11 16:18:37;XAUUSD;5;1786445810;SL_MODIFIED;ticket=118718368 oldSL=4400.27 newSL=4386.39 reason=break_even_lock_leg_0 (retry buf=3pt);MANAGE_PROFIT;SAFE;1;1;1;-1;-1;4388.27;7.50;7.50;8.13;-4.02;KELLY_LITE;true;0.04;213194.99;0.0417;KELLY_LITE(mult=1.15 taper=1.00 n=17)+CONSEC_REDUCE(0.50)+HARD_RISK_CAP(2.0%)+MAXLOSS_CAP;213194.99;213202.49;36;0
2026.08.11 16:18:37;XAUUSD;5;1786445810;PROFIT_RATCHET_LOCKED;floor=3.46 peak=8.13;MANAGE_PROFIT;SAFE;1;1;1;-1;-1;4388.27;7.50;7.50;8.13;-4.02;KELLY_LITE;true;0.04;213194.99;0.0417;KELLY_LITE(mult=1.15 taper=1.00 n=17)+CONSEC_REDUCE(0.50)+HARD_RISK_CAP(2.0%)+MAXLOSS_CAP;213194.99;213202.49;36;0
2026.08.11 16:18:37;XAUUSD;5;1786445810;SL_MODIFIED;ticket=118718368 oldSL=4386.39 newSL=4386.29 reason=break_even_lock_leg_0;MANAGE_PROFIT;SAFE;1;1;1;-1;-1;4388.27;7.59;7.59;8.13;-4.02;KELLY_LITE;true;0.04;213194.99;0.0417;KELLY_LITE(mult=1.15 taper=1.00 n=17)+CONSEC_REDUCE(0.50)+HARD_RISK_CAP(2.0%)+MAXLOSS_CAP;213194.99;213202.58;36;0
2026.08.11 16:18:37;XAUUSD;5;1786445810;PROFIT_RATCHET_LOCKED;floor=3.46 peak=8.13;MANAGE_PROFIT;SAFE;1;1;1;-1;-1;4388.27;7.59;7.59;8.13;-4.02;KELLY_LITE;true;0.04;213194.99;0.0417;KELLY_LITE(mult=1.15 taper=1.00 n=17)+CONSEC_REDUCE(0.50)+HARD_RISK_CAP(2.0%)+MAXLOSS_CAP;213194.99;213202.58;36;0
2026.08.11 16:18:38;XAUUSD;5;1786445810;SL_MODIFIED;ticket=118718368 oldSL=4386.29 newSL=4386.26 reason=break_even_lock_leg_0;MANAGE_PROFIT;SAFE;1;1;1;-1;-1;4388.27;8.31;8.31;8.13;-4.02;KELLY_LITE;true;0.04;213194.99;0.0417;KELLY_LITE(mult=1.15 taper=1.00 n=17)+CONSEC_REDUCE(0.50)+HARD_RISK_CAP(2.0%)+MAXLOSS_CAP;213194.99;213203.30;36;0
2026.08.11 16:18:38;XAUUSD;5;1786445810;PROFIT_RATCHET_LOCKED;floor=3.46 peak=8.13;MANAGE_PROFIT;SAFE;1;1;1;-1;-1;4388.27;8.31;8.31;8.13;-4.02;KELLY_LITE;true;0.04;213194.99;0.0417;KELLY_LITE(mult=1.15 taper=1.00 n=17)+CONSEC_REDUCE(0.50)+HARD_RISK_CAP(2.0%)+MAXLOSS_CAP;213194.99;213203.30;36;0
2026.08.11 16:18:39;XAUUSD;5;1786445810;SL_MODIFY_FAILED;ticket=118718368 newSL=4386.02 reason=break_even_lock_leg_0 err=0;MANAGE_PROFIT;SAFE;1;1;1;-1;-1;4388.27;7.08;7.08;8.31;-4.02;KELLY_LITE;true;0.04;213194.99;0.0417;KELLY_LITE(mult=1.15 taper=1.00 n=17)+CONSEC_REDUCE(0.50)+HARD_RISK_CAP(2.0%)+MAXLOSS_CAP;213194.99;213202.07;33;0
2026.08.11 16:18:39;XAUUSD;5;1786445810;PROFIT_RATCHET_LOCKED;floor=3.53 peak=8.31;MANAGE_PROFIT;SAFE;1;1;1;-1;-1;4388.27;7.08;7.08;8.31;-4.02;KELLY_LITE;true;0.04;213194.99;0.0417;KELLY_LITE(mult=1.15 taper=1.00 n=17)+CONSEC_REDUCE(0.50)+HARD_RISK_CAP(2.0%)+MAXLOSS_CAP;213194.99;213202.07;33;0
2026.08.11 16:18:39;XAUUSD;5;1786445810;PROFIT_RATCHET_LOCKED;floor=3.53 peak=8.31;MANAGE_PROFIT;SAFE;1;1;1;-1;-1;4388.27;7.08;7.08;8.31;-4.02;KELLY_LITE;true;0.04;213194.99;0.0417;KELLY_LITE(mult=1.15 taper=1.00 n=17)+CONSEC_REDUCE(0.50)+HARD_RISK_CAP(2.0%)+MAXLOSS_CAP;213194.99;213202.07;33;0
2026.08.11 16:18:39;XAUUSD;5;1786445810;EXIT_TIERED_TRAIL;profit=6.72 peak=8.31 allowedRetrace=1.25;MANAGE_PROFIT;SAFE;1;1;1;-1;-1;4388.27;6.72;6.72;8.31;-4.02;KELLY_LITE;true;0.04;213194.99;0.0417;KELLY_LITE(mult=1.15 taper=1.00 n=17)+CONSEC_REDUCE(0.50)+HARD_RISK_CAP(2.0%)+MAXLOSS_CAP;213194.99;213201.71;34;0
2026.08.11 16:18:39;XAUUSD;5;1786445810;POSITION_CLOSED;ticket=118718368 reason=tiered_profit_trail lots=0.03 price=4386.03 pnl=6.72;MANAGE_PROFIT;SAFE;0;1;1;-1;-1;4388.27;0.00;0.00;8.31;-4.02;KELLY_LITE;true;0.04;213194.99;0.0417;KELLY_LITE(mult=1.15 taper=1.00 n=17)+CONSEC_REDUCE(0.50)+HARD_RISK_CAP(2.0%)+MAXLOSS_CAP;213201.89;213201.89;36;0
2026.08.11 16:18:40;XAUUSD;5;1786445810;PENDING_DELETED;ticket=118718784 reason=close_all_hedge;MANAGE_PROFIT;SAFE;0;0;0;-1;-1;4388.27;0.00;0.00;8.31;-4.02;KELLY_LITE;true;0.04;213194.99;0.0417;KELLY_LITE(mult=1.15 taper=1.00 n=17)+CONSEC_REDUCE(0.50)+HARD_RISK_CAP(2.0%)+MAXLOSS_CAP;213201.89;213201.89;36;0
2026.08.11 16:18:40;XAUUSD;5;1786445810;CYCLE_RESET;oldState=RESET realizedPnL=6.90 peak=8.31 worst=-4.02 pyramid=0 consLosses=0;RESET;SAFE;0;0;0;-1;-1;4388.27;0.00;0.00;8.31;-4.02;KELLY_LITE;true;0.04;213194.99;0.0417;KELLY_LITE(mult=1.15 taper=1.00 n=17)+CONSEC_REDUCE(0.50)+HARD_RISK_CAP(2.0%)+MAXLOSS_CAP;213201.89;213201.89;36;0
2026.08.11 16:23:40;XAUUSD;5;1786445811;PLACE_PENDING_START;cycle=1786445811 trend=1 consecLosses=0 preset=AGGRESSIVE;PLACE_PENDING;SAFE;0;0;0;-1;-1;0.00;0.00;0.00;0.00;0.00;KELLY_LITE;true;0.04;213194.99;0.0417;KELLY_LITE(mult=1.15 taper=1.00 n=17)+CONSEC_REDUCE(0.50)+HARD_RISK_CAP(2.0%)+MAXLOSS_CAP;213201.89;213201.89;36;0
2026.08.11 16:23:40;XAUUSD;5;1786445811;DIR_OCO_PLACED;dir=BULL ticket=118721083 price=4391.60 sl=4376.60 tp=4414.10 lot=0.04 dist=2.35;PLACE_PENDING;SAFE;0;1;0;118721083;-1;0.00;0.00;0.00;0.00;0.00;KELLY_LITE;true;0.04;213201.89;0.0417;KELLY_LITE(mult=1.20 taper=1.00 n=18)+HARD_RISK_CAP(2.0%)+MAXLOSS_CAP;213201.89;213201.89;36;0
2026.08.11 16:23:41;XAUUSD;5;1786445811;DIR_OCO_COUNTER_PLACED;dir=BEAR(counter) ticket=118721090 price=4386.58 lot=0.03;PLACE_PENDING;SAFE;0;2;0;118721083;118721090;0.00;0.00;0.00;0.00;0.00;KELLY_LITE;true;0.04;213201.89;0.0417;KELLY_LITE(mult=1.20 taper=1.00 n=18)+HARD_RISK_CAP(2.0%)+MAXLOSS_CAP;213201.89;213201.89;36;0
2026.08.11 16:23:42;XAUUSD;5;1786445811;SELL_STOP_TRAILED;Old=4386.58 New=4386.99;WAIT_TRIGGER;SAFE;0;2;0;118721083;118721090;0.00;0.00;0.00;0.00;0.00;KELLY_LITE;true;0.04;213201.89;0.0417;KELLY_LITE(mult=1.20 taper=1.00 n=18)+HARD_RISK_CAP(2.0%)+MAXLOSS_CAP;213201.89;213201.89;36;0
2026.08.11 16:23:46;XAUUSD;5;1786445811;BUY_STOP_TRAILED;Old=4391.60 New=4391.20;WAIT_TRIGGER;SAFE;0;2;0;118721083;118721090;0.00;0.00;0.00;0.00;0.00;KELLY_LITE;true;0.04;213201.89;0.0417;KELLY_LITE(mult=1.20 taper=1.00 n=18)+HARD_RISK_CAP(2.0%)+MAXLOSS_CAP;213201.89;213201.89;36;0
2026.08.11 16:23:47;XAUUSD;5;1786445811;BUY_STOP_TRAILED;Old=4391.20 New=4390.78;WAIT_TRIGGER;SAFE;0;2;0;118721083;118721090;0.00;0.00;0.00;0.00;0.00;KELLY_LITE;true;0.04;213201.89;0.0417;KELLY_LITE(mult=1.20 taper=1.00 n=18)+HARD_RISK_CAP(2.0%)+MAXLOSS_CAP;213201.89;213201.89;36;0
2026.08.11 16:23:54;XAUUSD;5;1786445811;BUY_STOP_TRAILED;Old=4390.78 New=4390.40;WAIT_TRIGGER;SAFE;0;2;0;118721083;118721090;0.00;0.00;0.00;0.00;0.00;KELLY_LITE;true;0.04;213201.89;0.0417;KELLY_LITE(mult=1.20 taper=1.00 n=18)+HARD_RISK_CAP(2.0%)+MAXLOSS_CAP;213201.89;213201.89;33;0
2026.08.11 16:23:55;XAUUSD;5;1786445811;BUY_STOP_TRAILED;Old=4390.40 New=4390.05;WAIT_TRIGGER;SAFE;0;2;0;118721083;118721090;0.00;0.00;0.00;0.00;0.00;KELLY_LITE;true;0.04;213201.89;0.0417;KELLY_LITE(mult=1.20 taper=1.00 n=18)+HARD_RISK_CAP(2.0%)+MAXLOSS_CAP;213201.89;213201.89;36;0
2026.08.11 16:24:03;XAUUSD;5;1786445811;OCO_TRIGGERED_SELL;ticket=118721090 entry=4386.99;POSITION_ACTIVE;SAFE;1;1;0;118721083;-1;0.00;-0.93;-0.93;0.00;0.00;KELLY_LITE;true;0.04;213201.89;0.0417;KELLY_LITE(mult=1.20 taper=1.00 n=18)+HARD_RISK_CAP(2.0%)+MAXLOSS_CAP;213201.89;213200.96;36;0
2026.08.11 16:24:03;XAUUSD;5;1786445811;PENDING_DELETED;ticket=118721083 reason=oco_sell_triggered;POSITION_ACTIVE;SAFE;1;0;0;118721083;-1;0.00;-0.45;-0.45;0.00;0.00;KELLY_LITE;true;0.04;213201.89;0.0417;KELLY_LITE(mult=1.20 taper=1.00 n=18)+HARD_RISK_CAP(2.0%)+MAXLOSS_CAP;213201.89;213201.44;36;0
2026.08.11 16:24:03;XAUUSD;5;1786445811;HEDGE_BLOCK_CONFIRM;need=1 adverse bars;POSITION_ACTIVE;SAFE;1;0;1;-1;-1;4386.99;-0.45;-0.45;0.00;-0.45;KELLY_LITE;true;0.04;213201.89;0.0417;KELLY_LITE(mult=1.20 taper=1.00 n=18)+HARD_RISK_CAP(2.0%)+MAXLOSS_CAP;213201.89;213201.44;36;0
2026.08.11 16:24:33;XAUUSD;5;1786445811;HEDGE_BLOCK_CONFIRM;need=1 adverse bars;MANAGE_PROFIT;SAFE;1;0;1;-1;-1;4386.99;0.12;0.12;1.83;-0.45;KELLY_LITE;true;0.04;213201.89;0.0417;KELLY_LITE(mult=1.20 taper=1.00 n=18)+HARD_RISK_CAP(2.0%)+MAXLOSS_CAP;213201.89;213202.01;36;0
2026.08.11 16:24:52;XAUUSD;5;1786445811;SL_MODIFIED;ticket=118721090 oldSL=4398.99 newSL=4384.81 reason=break_even_lock_leg_0;MANAGE_PROFIT;SAFE;1;0;1;-1;-1;4386.99;9.09;9.09;8.10;-0.45;KELLY_LITE;true;0.04;213201.89;0.0417;KELLY_LITE(mult=1.20 taper=1.00 n=18)+HARD_RISK_CAP(2.0%)+MAXLOSS_CAP;213201.89;213210.98;36;0
2026.08.11 16:24:52;XAUUSD;5;1786445811;PROFIT_RATCHET_LOCKED;floor=3.44 peak=8.10;MANAGE_PROFIT;SAFE;1;0;1;-1;-1;4386.99;9.09;9.09;8.10;-0.45;KELLY_LITE;true;0.04;213201.89;0.0417;KELLY_LITE(mult=1.20 taper=1.00 n=18)+HARD_RISK_CAP(2.0%)+MAXLOSS_CAP;213201.89;213210.98;36;0
2026.08.11 16:24:53;XAUUSD;5;1786445811;SL_MODIFIED;ticket=118721090 oldSL=4384.81 newSL=4384.48 reason=break_even_lock_leg_0;MANAGE_PROFIT;SAFE;1;0;1;-1;-1;4386.99;8.85;8.85;9.09;-0.45;KELLY_LITE;true;0.04;213201.89;0.0417;KELLY_LITE(mult=1.20 taper=1.00 n=18)+HARD_RISK_CAP(2.0%)+MAXLOSS_CAP;213201.89;213210.74;36;0
2026.08.11 16:24:53;XAUUSD;5;1786445811;PROFIT_RATCHET_LOCKED;floor=3.86 peak=9.09;MANAGE_PROFIT;SAFE;1;0;1;-1;-1;4386.99;8.85;8.85;9.09;-0.45;KELLY_LITE;true;0.04;213201.89;0.0417;KELLY_LITE(mult=1.20 taper=1.00 n=18)+HARD_RISK_CAP(2.0%)+MAXLOSS_CAP;213201.89;213210.74;36;0
2026.08.11 16:24:53;XAUUSD;5;1786445811;PROFIT_RATCHET_LOCKED;floor=3.86 peak=9.09;MANAGE_PROFIT;SAFE;1;0;1;-1;-1;4386.99;8.85;8.85;9.09;-0.45;KELLY_LITE;true;0.04;213201.89;0.0417;KELLY_LITE(mult=1.20 taper=1.00 n=18)+HARD_RISK_CAP(2.0%)+MAXLOSS_CAP;213201.89;213210.74;36;0
2026.08.11 16:24:53;XAUUSD;5;1786445811;PROFIT_RATCHET_LOCKED;floor=3.86 peak=9.09;MANAGE_PROFIT;SAFE;1;0;1;-1;-1;4386.99;8.43;8.43;9.09;-0.45;KELLY_LITE;true;0.04;213201.89;0.0417;KELLY_LITE(mult=1.20 taper=1.00 n=18)+HARD_RISK_CAP(2.0%)+MAXLOSS_CAP;213201.89;213210.32;36;0
2026.08.11 16:24:53;XAUUSD;5;1786445811;PROFIT_RATCHET_LOCKED;floor=3.86 peak=9.09;MANAGE_PROFIT;SAFE;1;0;1;-1;-1;4386.99;8.46;8.46;9.09;-0.45;KELLY_LITE;true;0.04;213201.89;0.0417;KELLY_LITE(mult=1.20 taper=1.00 n=18)+HARD_RISK_CAP(2.0%)+MAXLOSS_CAP;213201.89;213210.35;37;0
2026.08.11 16:24:54;XAUUSD;5;1786445811;PROFIT_RATCHET_LOCKED;floor=3.86 peak=9.09;MANAGE_PROFIT;SAFE;1;0;1;-1;-1;4386.99;8.76;8.76;9.09;-0.45;KELLY_LITE;true;0.04;213201.89;0.0417;KELLY_LITE(mult=1.20 taper=1.00 n=18)+HARD_RISK_CAP(2.0%)+MAXLOSS_CAP;213201.89;213210.65;36;0
2026.08.11 16:24:54;XAUUSD;5;1786445811;PROFIT_RATCHET_LOCKED;floor=3.86 peak=9.09;MANAGE_PROFIT;SAFE;1;0;1;-1;-1;4386.99;8.49;8.49;9.09;-0.45;KELLY_LITE;true;0.04;213201.89;0.0417;KELLY_LITE(mult=1.20 taper=1.00 n=18)+HARD_RISK_CAP(2.0%)+MAXLOSS_CAP;213201.89;213210.38;36;0
2026.08.11 16:24:54;XAUUSD;5;1786445811;PROFIT_RATCHET_LOCKED;floor=3.86 peak=9.09;MANAGE_PROFIT;SAFE;1;0;1;-1;-1;4386.99;8.55;8.55;9.09;-0.45;KELLY_LITE;true;0.04;213201.89;0.0417;KELLY_LITE(mult=1.20 taper=1.00 n=18)+HARD_RISK_CAP(2.0%)+MAXLOSS_CAP;213201.89;213210.44;36;0
2026.08.11 16:24:54;XAUUSD;5;1786445811;PROFIT_RATCHET_LOCKED;floor=3.86 peak=9.09;MANAGE_PROFIT;SAFE;1;0;1;-1;-1;4386.99;8.46;8.46;9.09;-0.45;KELLY_LITE;true;0.04;213201.89;0.0417;KELLY_LITE(mult=1.20 taper=1.00 n=18)+HARD_RISK_CAP(2.0%)+MAXLOSS_CAP;213201.89;213210.35;37;0
2026.08.11 16:24:55;XAUUSD;5;1786445811;SL_MODIFIED;ticket=118721090 oldSL=4384.48 newSL=4384.42 reason=break_even_lock_leg_0;MANAGE_PROFIT;SAFE;1;0;1;-1;-1;4386.99;9.84;9.84;9.27;-0.45;KELLY_LITE;true;0.04;213201.89;0.0417;KELLY_LITE(mult=1.20 taper=1.00 n=18)+HARD_RISK_CAP(2.0%)+MAXLOSS_CAP;213201.89;213211.73;36;0
2026.08.11 16:24:55;XAUUSD;5;1786445811;PROFIT_RATCHET_LOCKED;floor=3.94 peak=9.27;MANAGE_PROFIT;SAFE;1;0;1;-1;-1;4386.99;9.84;9.84;9.27;-0.45;KELLY_LITE;true;0.04;213201.89;0.0417;KELLY_LITE(mult=1.20 taper=1.00 n=18)+HARD_RISK_CAP(2.0%)+MAXLOSS_CAP;213201.89;213211.73;36;0
2026.08.11 16:24:56;XAUUSD;5;1786445811;SL_MODIFIED;ticket=118721090 oldSL=4384.42 newSL=4384.23 reason=break_even_lock_leg_0;MANAGE_PROFIT;SAFE;1;0;1;-1;-1;4386.99;9.99;9.99;9.84;-0.45;KELLY_LITE;true;0.04;213201.89;0.0417;KELLY_LITE(mult=1.20 taper=1.00 n=18)+HARD_RISK_CAP(2.0%)+MAXLOSS_CAP;213201.89;213211.88;36;0
2026.08.11 16:24:56;XAUUSD;5;1786445811;PROFIT_RATCHET_LOCKED;floor=4.18 peak=9.84;MANAGE_PROFIT;SAFE;1;0;1;-1;-1;4386.99;9.99;9.99;9.84;-0.45;KELLY_LITE;true;0.04;213201.89;0.0417;KELLY_LITE(mult=1.20 taper=1.00 n=18)+HARD_RISK_CAP(2.0%)+MAXLOSS_CAP;213201.89;213211.88;36;0
2026.08.11 16:24:56;XAUUSD;5;1786445811;SL_MODIFIED;ticket=118721090 oldSL=4384.23 newSL=4384.18 reason=break_even_lock_leg_0;MANAGE_PROFIT;SAFE;1;0;1;-1;-1;4386.99;9.93;9.93;9.99;-0.45;KELLY_LITE;true;0.04;213201.89;0.0417;KELLY_LITE(mult=1.20 taper=1.00 n=18)+HARD_RISK_CAP(2.0%)+MAXLOSS_CAP;213201.89;213211.82;36;0
2026.08.11 16:24:56;XAUUSD;5;1786445811;PROFIT_RATCHET_LOCKED;floor=4.25 peak=9.99;MANAGE_PROFIT;SAFE;1;0;1;-1;-1;4386.99;9.93;9.93;9.99;-0.45;KELLY_LITE;true;0.04;213201.89;0.0417;KELLY_LITE(mult=1.20 taper=1.00 n=18)+HARD_RISK_CAP(2.0%)+MAXLOSS_CAP;213201.89;213211.82;36;0
2026.08.11 16:24:56;XAUUSD;5;1786445811;PROFIT_RATCHET_LOCKED;floor=4.25 peak=9.99;MANAGE_PROFIT;SAFE;1;0;1;-1;-1;4386.99;9.93;9.93;9.99;-0.45;KELLY_LITE;true;0.04;213201.89;0.0417;KELLY_LITE(mult=1.20 taper=1.00 n=18)+HARD_RISK_CAP(2.0%)+MAXLOSS_CAP;213201.89;213211.82;36;0
2026.08.11 16:24:56;XAUUSD;5;1786445811;PROFIT_RATCHET_LOCKED;floor=4.25 peak=9.99;MANAGE_PROFIT;SAFE;1;0;1;-1;-1;4386.99;9.90;9.90;9.99;-0.45;KELLY_LITE;true;0.04;213201.89;0.0417;KELLY_LITE(mult=1.20 taper=1.00 n=18)+HARD_RISK_CAP(2.0%)+MAXLOSS_CAP;213201.89;213211.79;36;0
2026.08.11 16:24:57;XAUUSD;5;1786445811;PROFIT_RATCHET_LOCKED;floor=4.25 peak=9.99;MANAGE_PROFIT;SAFE;1;0;1;-1;-1;4386.99;9.84;9.84;9.99;-0.45;KELLY_LITE;true;0.04;213201.89;0.0417;KELLY_LITE(mult=1.20 taper=1.00 n=18)+HARD_RISK_CAP(2.0%)+MAXLOSS_CAP;213201.89;213211.73;36;0
2026.08.11 16:24:57;XAUUSD;5;1786445811;PROFIT_RATCHET_LOCKED;floor=4.25 peak=9.99;MANAGE_PROFIT;SAFE;1;0;1;-1;-1;4386.99;9.78;9.78;9.99;-0.45;KELLY_LITE;true;0.04;213201.89;0.0417;KELLY_LITE(mult=1.20 taper=1.00 n=18)+HARD_RISK_CAP(2.0%)+MAXLOSS_CAP;213201.89;213211.67;33;0
2026.08.11 16:24:59;XAUUSD;5;1786445811;PROFIT_RATCHET_LOCKED;floor=4.25 peak=9.99;MANAGE_PROFIT;SAFE;1;0;1;-1;-1;4386.99;9.81;9.81;9.99;-0.45;KELLY_LITE;true;0.04;213201.89;0.0417;KELLY_LITE(mult=1.20 taper=1.00 n=18)+HARD_RISK_CAP(2.0%)+MAXLOSS_CAP;213201.89;213211.70;33;0
2026.08.11 16:24:59;XAUUSD;5;1786445811;PROFIT_RATCHET_LOCKED;floor=4.25 peak=9.99;MANAGE_PROFIT;SAFE;1;0;1;-1;-1;4386.99;9.78;9.78;9.99;-0.45;KELLY_LITE;true;0.04;213201.89;0.0417;KELLY_LITE(mult=1.20 taper=1.00 n=18)+HARD_RISK_CAP(2.0%)+MAXLOSS_CAP;213201.89;213211.67;33;0
2026.08.11 16:24:59;XAUUSD;5;1786445811;PROFIT_RATCHET_LOCKED;floor=4.25 peak=9.99;MANAGE_PROFIT;SAFE;1;0;1;-1;-1;4386.99;9.75;9.75;9.99;-0.45;KELLY_LITE;true;0.04;213201.89;0.0417;KELLY_LITE(mult=1.20 taper=1.00 n=18)+HARD_RISK_CAP(2.0%)+MAXLOSS_CAP;213201.89;213211.64;33;0
2026.08.11 16:24:59;XAUUSD;5;1786445811;PROFIT_RATCHET_LOCKED;floor=4.25 peak=9.99;MANAGE_PROFIT;SAFE;1;0;1;-1;-1;4386.99;8.91;8.91;9.99;-0.45;KELLY_LITE;true;0.04;213201.89;0.0417;KELLY_LITE(mult=1.20 taper=1.00 n=18)+HARD_RISK_CAP(2.0%)+MAXLOSS_CAP;213201.89;213210.80;37;0
2026.08.11 16:25:00;XAUUSD;5;1786445811;PROFIT_RATCHET_LOCKED;floor=4.25 peak=9.99;MANAGE_PROFIT;SAFE;1;0;1;-1;-1;4386.99;8.67;8.67;9.99;-0.45;KELLY_LITE;true;0.04;213201.89;0.0417;KELLY_LITE(mult=1.20 taper=1.00 n=18)+HARD_RISK_CAP(2.0%)+MAXLOSS_CAP;213201.89;213210.56;33;0
2026.08.11 16:25:00;XAUUSD;5;1786445811;PROFIT_RATCHET_LOCKED;floor=4.25 peak=9.99;MANAGE_PROFIT;SAFE;1;0;1;-1;-1;4386.99;8.73;8.73;9.99;-0.45;KELLY_LITE;true;0.04;213201.89;0.0417;KELLY_LITE(mult=1.20 taper=1.00 n=18)+HARD_RISK_CAP(2.0%)+MAXLOSS_CAP;213201.89;213210.62;33;0
2026.08.11 16:25:00;XAUUSD;5;1786445811;PROFIT_RATCHET_LOCKED;floor=4.25 peak=9.99;MANAGE_PROFIT;SAFE;1;0;1;-1;-1;4386.99;8.76;8.76;9.99;-0.45;KELLY_LITE;true;0.04;213201.89;0.0417;KELLY_LITE(mult=1.20 taper=1.00 n=18)+HARD_RISK_CAP(2.0%)+MAXLOSS_CAP;213201.89;213210.65;35;0
2026.08.11 16:25:01;XAUUSD;5;1786445811;PROFIT_RATCHET_LOCKED;floor=4.25 peak=9.99;MANAGE_PROFIT;SAFE;1;0;1;-1;-1;4386.99;8.76;8.76;9.99;-0.45;KELLY_LITE;true;0.04;213201.89;0.0417;KELLY_LITE(mult=1.20 taper=1.00 n=18)+HARD_RISK_CAP(2.0%)+MAXLOSS_CAP;213201.89;213210.65;34;0
2026.08.11 16:25:01;XAUUSD;5;1786445811;PROFIT_RATCHET_LOCKED;floor=4.25 peak=9.99;MANAGE_PROFIT;SAFE;1;0;1;-1;-1;4386.99;9.69;9.69;9.99;-0.45;KELLY_LITE;true;0.04;213201.89;0.0417;KELLY_LITE(mult=1.20 taper=1.00 n=18)+HARD_RISK_CAP(2.0%)+MAXLOSS_CAP;213201.89;213211.58;33;0
2026.08.11 16:25:01;XAUUSD;5;1786445811;PROFIT_RATCHET_LOCKED;floor=4.25 peak=9.99;MANAGE_PROFIT;SAFE;1;0;1;-1;-1;4386.99;9.30;9.30;9.99;-0.45;KELLY_LITE;true;0.04;213201.89;0.0417;KELLY_LITE(mult=1.20 taper=1.00 n=18)+HARD_RISK_CAP(2.0%)+MAXLOSS_CAP;213201.89;213211.19;33;0
2026.08.11 16:25:01;XAUUSD;5;1786445811;PROFIT_RATCHET_LOCKED;floor=4.25 peak=9.99;MANAGE_PROFIT;SAFE;1;0;1;-1;-1;4386.99;8.67;8.67;9.99;-0.45;KELLY_LITE;true;0.04;213201.89;0.0417;KELLY_LITE(mult=1.20 taper=1.00 n=18)+HARD_RISK_CAP(2.0%)+MAXLOSS_CAP;213201.89;213210.56;35;0
2026.08.11 16:25:01;XAUUSD;5;1786445811;PROFIT_RATCHET_LOCKED;floor=4.25 peak=9.99;MANAGE_PROFIT;SAFE;1;0;1;-1;-1;4386.99;8.64;8.64;9.99;-0.45;KELLY_LITE;true;0.04;213201.89;0.0417;KELLY_LITE(mult=1.20 taper=1.00 n=18)+HARD_RISK_CAP(2.0%)+MAXLOSS_CAP;213201.89;213210.53;36;0
2026.08.11 16:25:02;XAUUSD;5;1786445811;RECONCILED_BROKER_CLOSE;ticket=118721090 type=main pnl=8.43;MANAGE_PROFIT;SAFE;0;0;1;-1;-1;4386.99;0.00;0.00;9.99;-0.45;KELLY_LITE;true;0.04;213201.89;0.0417;KELLY_LITE(mult=1.20 taper=1.00 n=18)+HARD_RISK_CAP(2.0%)+MAXLOSS_CAP;213210.32;213210.32;33;0
2026.08.11 16:25:02;XAUUSD;5;1786445811;CYCLE_RESET;oldState=MANAGE_PROFIT realizedPnL=8.43 peak=9.99 worst=-0.45 pyramid=1 consLosses=0;MANAGE_PROFIT;SAFE;0;0;1;-1;-1;4386.99;0.00;0.00;9.99;-0.45;KELLY_LITE;true;0.04;213201.89;0.0417;KELLY_LITE(mult=1.20 taper=1.00 n=18)+HARD_RISK_CAP(2.0%)+MAXLOSS_CAP;213210.32;213210.32;33;0
2026.08.11 16:30:02;XAUUSD;5;1786445811;FILTER_BLOCK_TREND_DISAGREE;TREND_DISAGREE (main=1 fast=-1 rsi=45.1, no extreme);BLOCKED;SAFE;0;0;0;-1;-1;0.00;0.00;0.00;0.00;0.00;KELLY_LITE;true;0.04;213201.89;0.0417;KELLY_LITE(mult=1.20 taper=1.00 n=18)+HARD_RISK_CAP(2.0%)+MAXLOSS_CAP;213210.32;213210.32;36;0
2026.08.11 16:35:02;XAUUSD;5;1786445811;FILTER_BLOCK_TREND;TREND_NEUTRAL_EMA;BLOCKED;SAFE;0;0;0;-1;-1;0.00;0.00;0.00;0.00;0.00;KELLY_LITE;true;0.04;213201.89;0.0417;KELLY_LITE(mult=1.20 taper=1.00 n=18)+HARD_RISK_CAP(2.0%)+MAXLOSS_CAP;213210.32;213210.32;37;0
2026.08.11 16:40:02;XAUUSD;5;1786445811;FILTER_BLOCK_TREND;TREND_NEUTRAL_EMA;BLOCKED;SAFE;0;0;0;-1;-1;0.00;0.00;0.00;0.00;0.00;KELLY_LITE;true;0.04;213201.89;0.0417;KELLY_LITE(mult=1.20 taper=1.00 n=18)+HARD_RISK_CAP(2.0%)+MAXLOSS_CAP;213210.32;213210.32;36;0
2026.08.11 16:45:02;XAUUSD;5;1786445812;PLACE_PENDING_START;cycle=1786445812 trend=-1 consecLosses=0 preset=AGGRESSIVE;PLACE_PENDING;SAFE;0;0;0;-1;-1;0.00;0.00;0.00;0.00;0.00;KELLY_LITE;true;0.04;213201.89;0.0417;KELLY_LITE(mult=1.20 taper=1.00 n=18)+HARD_RISK_CAP(2.0%)+MAXLOSS_CAP;213210.32;213210.32;36;0
2026.08.11 16:45:02;XAUUSD;5;1786445812;DIR_OCO_PLACED;dir=BEAR ticket=118728381 price=4373.27 sl=4388.27 tp=4350.77 lot=0.04 dist=2.38;PLACE_PENDING;SAFE;0;1;0;-1;118728381;0.00;0.00;0.00;0.00;0.00;KELLY_LITE;true;0.04;213210.32;0.0417;KELLY_LITE(mult=1.25 taper=1.00 n=19)+HARD_RISK_CAP(2.0%)+MAXLOSS_CAP;213210.32;213210.32;36;0
2026.08.11 16:45:03;XAUUSD;5;1786445812;DIR_OCO_COUNTER_PLACED;dir=BULL(counter) ticket=118728386 price=4378.34 lot=0.03;PLACE_PENDING;SAFE;0;2;0;118728386;118728381;0.00;0.00;0.00;0.00;0.00;KELLY_LITE;true;0.04;213210.32;0.0417;KELLY_LITE(mult=1.25 taper=1.00 n=19)+HARD_RISK_CAP(2.0%)+MAXLOSS_CAP;213210.32;213210.32;37;0
2026.08.11 16:45:03;XAUUSD;5;1786445812;BUY_STOP_TRAILED;Old=4378.34 New=4377.93;WAIT_TRIGGER;SAFE;0;2;0;118728386;118728381;0.00;0.00;0.00;0.00;0.00;KELLY_LITE;true;0.04;213210.32;0.0417;KELLY_LITE(mult=1.25 taper=1.00 n=19)+HARD_RISK_CAP(2.0%)+MAXLOSS_CAP;213210.32;213210.32;36;0
2026.08.11 16:45:32;XAUUSD;5;1786445812;SELL_STOP_TRAILED;Old=4373.27 New=4373.62;WAIT_TRIGGER;SAFE;0;2;0;118728386;118728381;0.00;0.00;0.00;0.00;0.00;KELLY_LITE;true;0.04;213210.32;0.0417;KELLY_LITE(mult=1.25 taper=1.00 n=19)+HARD_RISK_CAP(2.0%)+MAXLOSS_CAP;213210.32;213210.32;33;0
2026.08.11 16:45:42;XAUUSD;5;1786445812;SELL_STOP_TRAILED;Old=4373.62 New=4373.93;WAIT_TRIGGER;SAFE;0;2;0;118728386;118728381;0.00;0.00;0.00;0.00;0.00;KELLY_LITE;true;0.04;213210.32;0.0417;KELLY_LITE(mult=1.25 taper=1.00 n=19)+HARD_RISK_CAP(2.0%)+MAXLOSS_CAP;213210.32;213210.32;36;0
2026.08.11 16:46:10;XAUUSD;5;1786445812;SELL_STOP_TRAILED;Old=4373.93 New=4374.28;WAIT_TRIGGER;SAFE;0;2;0;118728386;118728381;0.00;0.00;0.00;0.00;0.00;KELLY_LITE;true;0.04;213210.32;0.0417;KELLY_LITE(mult=1.25 taper=1.00 n=19)+HARD_RISK_CAP(2.0%)+MAXLOSS_CAP;213210.32;213210.32;36;0
2026.08.11 16:46:20;XAUUSD;5;1786445812;SELL_STOP_TRAILED;Old=4374.28 New=4374.59;WAIT_TRIGGER;SAFE;0;2;0;118728386;118728381;0.00;0.00;0.00;0.00;0.00;KELLY_LITE;true;0.04;213210.32;0.0417;KELLY_LITE(mult=1.25 taper=1.00 n=19)+HARD_RISK_CAP(2.0%)+MAXLOSS_CAP;213210.32;213210.32;36;0
2026.08.11 16:46:47;XAUUSD;5;1786445812;OCO_TRIGGERED_BUY;ticket=118728386 entry=4377.93;POSITION_ACTIVE;SAFE;1;1;0;-1;118728381;0.00;-1.02;-1.02;0.00;0.00;KELLY_LITE;true;0.04;213210.32;0.0417;KELLY_LITE(mult=1.25 taper=1.00 n=19)+HARD_RISK_CAP(2.0%)+MAXLOSS_CAP;213210.32;213209.30;36;0
2026.08.11 16:46:47;XAUUSD;5;1786445812;PENDING_DELETED;ticket=118728381 reason=oco_buy_triggered;POSITION_ACTIVE;SAFE;1;0;0;-1;118728381;0.00;-1.05;-1.05;0.00;0.00;KELLY_LITE;true;0.04;213210.32;0.0417;KELLY_LITE(mult=1.25 taper=1.00 n=19)+HARD_RISK_CAP(2.0%)+MAXLOSS_CAP;213210.32;213209.27;36;0
2026.08.11 16:46:48;XAUUSD;5;1786445812;HEDGE_PENDING_PLACED;dir=SELL_STOP ticket=118728874 price=4374.58 sl=4377.58 lot=0.05 mainEntry=4377.93 dist=3.00 confirmBars=1;POSITION_ACTIVE;SAFE;1;1;1;-1;-1;4377.93;-0.99;-0.99;0.00;-1.05;KELLY_LITE;true;0.04;213210.32;0.0417;KELLY_LITE(mult=1.25 taper=1.00 n=19)+HARD_RISK_CAP(2.0%)+MAXLOSS_CAP;213210.32;213209.33;36;0
2026.08.11 16:55:00;XAUUSD;5;1786445812;SL_MODIFIED;ticket=118728386 oldSL=4365.93 newSL=4380.09 reason=break_even_lock_leg_0;MANAGE_PROFIT;SAFE;1;1;1;-1;-1;4377.93;8.46;8.46;8.04;-8.07;KELLY_LITE;true;0.04;213210.32;0.0417;KELLY_LITE(mult=1.25 taper=1.00 n=19)+HARD_RISK_CAP(2.0%)+MAXLOSS_CAP;213210.32;213218.78;36;0
2026.08.11 16:55:00;XAUUSD;5;1786445812;PROFIT_RATCHET_LOCKED;floor=3.42 peak=8.04;MANAGE_PROFIT;SAFE;1;1;1;-1;-1;4377.93;8.46;8.46;8.04;-8.07;KELLY_LITE;true;0.04;213210.32;0.0417;KELLY_LITE(mult=1.25 taper=1.00 n=19)+HARD_RISK_CAP(2.0%)+MAXLOSS_CAP;213210.32;213218.78;36;0
2026.08.11 16:55:01;XAUUSD;5;1786445812;SL_MODIFIED;ticket=118728386 oldSL=4380.09 newSL=4380.23 reason=break_even_lock_leg_0;MANAGE_PROFIT;SAFE;1;1;1;-1;-1;4377.93;8.64;8.64;8.46;-8.07;KELLY_LITE;true;0.04;213210.32;0.0417;KELLY_LITE(mult=1.25 taper=1.00 n=19)+HARD_RISK_CAP(2.0%)+MAXLOSS_CAP;213210.32;213218.96;37;0
2026.08.11 16:55:01;XAUUSD;5;1786445812;PROFIT_RATCHET_LOCKED;floor=3.60 peak=8.46;MANAGE_PROFIT;SAFE;1;1;1;-1;-1;4377.93;8.64;8.64;8.46;-8.07;KELLY_LITE;true;0.04;213210.32;0.0417;KELLY_LITE(mult=1.25 taper=1.00 n=19)+HARD_RISK_CAP(2.0%)+MAXLOSS_CAP;213210.32;213218.96;37;0
2026.08.11 16:55:01;XAUUSD;5;1786445812;SL_MODIFIED;ticket=118728386 oldSL=4380.23 newSL=4380.29 reason=break_even_lock_leg_0;MANAGE_PROFIT;SAFE;1;1;1;-1;-1;4377.93;9.78;9.78;8.64;-8.07;KELLY_LITE;true;0.04;213210.32;0.0417;KELLY_LITE(mult=1.25 taper=1.00 n=19)+HARD_RISK_CAP(2.0%)+MAXLOSS_CAP;213210.32;213220.10;33;0
2026.08.11 16:55:01;XAUUSD;5;1786445812;PROFIT_RATCHET_LOCKED;floor=3.67 peak=8.64;MANAGE_PROFIT;SAFE;1;1;1;-1;-1;4377.93;9.78;9.78;8.64;-8.07;KELLY_LITE;true;0.04;213210.32;0.0417;KELLY_LITE(mult=1.25 taper=1.00 n=19)+HARD_RISK_CAP(2.0%)+MAXLOSS_CAP;213210.32;213220.10;33;0
2026.08.11 16:55:02;XAUUSD;5;1786445812;SL_MODIFIED;ticket=118728386 oldSL=4380.29 newSL=4380.67 reason=break_even_lock_leg_0;MANAGE_PROFIT;SAFE;1;1;1;-1;-1;4377.93;9.93;9.93;9.78;-8.07;KELLY_LITE;true;0.04;213210.32;0.0417;KELLY_LITE(mult=1.25 taper=1.00 n=19)+HARD_RISK_CAP(2.0%)+MAXLOSS_CAP;213210.32;213220.25;36;0
2026.08.11 16:55:02;XAUUSD;5;1786445812;PROFIT_RATCHET_LOCKED;floor=4.16 peak=9.78;MANAGE_PROFIT;SAFE;1;1;1;-1;-1;4377.93;9.93;9.93;9.78;-8.07;KELLY_LITE;true;0.04;213210.32;0.0417;KELLY_LITE(mult=1.25 taper=1.00 n=19)+HARD_RISK_CAP(2.0%)+MAXLOSS_CAP;213210.32;213220.25;36;0
2026.08.11 16:55:02;XAUUSD;5;1786445812;SL_MODIFIED;ticket=118728386 oldSL=4380.67 newSL=4380.72 reason=break_even_lock_leg_0;MANAGE_PROFIT;SAFE;1;1;1;-1;-1;4377.93;9.99;9.99;9.93;-8.07;KELLY_LITE;true;0.04;213210.32;0.0417;KELLY_LITE(mult=1.25 taper=1.00 n=19)+HARD_RISK_CAP(2.0%)+MAXLOSS_CAP;213210.32;213220.31;36;0
2026.08.11 16:55:02;XAUUSD;5;1786445812;PROFIT_RATCHET_LOCKED;floor=4.22 peak=9.93;MANAGE_PROFIT;SAFE;1;1;1;-1;-1;4377.93;9.99;9.99;9.93;-8.07;KELLY_LITE;true;0.04;213210.32;0.0417;KELLY_LITE(mult=1.25 taper=1.00 n=19)+HARD_RISK_CAP(2.0%)+MAXLOSS_CAP;213210.32;213220.31;36;0
2026.08.11 16:55:02;XAUUSD;5;1786445812;PROFIT_RATCHET_LOCKED;floor=4.25 peak=9.99;MANAGE_PROFIT;SAFE;1;1;1;-1;-1;4377.93;9.99;9.99;9.99;-8.07;KELLY_LITE;true;0.04;213210.32;0.0417;KELLY_LITE(mult=1.25 taper=1.00 n=19)+HARD_RISK_CAP(2.0%)+MAXLOSS_CAP;213210.32;213220.31;36;0
2026.08.11 16:55:02;XAUUSD;5;1786445812;PROFIT_RATCHET_LOCKED;floor=4.25 peak=9.99;MANAGE_PROFIT;SAFE;1;1;1;-1;-1;4377.93;9.87;9.87;9.99;-8.07;KELLY_LITE;true;0.04;213210.32;0.0417;KELLY_LITE(mult=1.25 taper=1.00 n=19)+HARD_RISK_CAP(2.0%)+MAXLOSS_CAP;213210.32;213220.19;36;0
2026.08.11 16:55:03;XAUUSD;5;1786445812;PROFIT_RATCHET_LOCKED;floor=4.25 peak=9.99;MANAGE_PROFIT;SAFE;1;1;1;-1;-1;4377.93;9.93;9.93;9.99;-8.07;KELLY_LITE;true;0.04;213210.32;0.0417;KELLY_LITE(mult=1.25 taper=1.00 n=19)+HARD_RISK_CAP(2.0%)+MAXLOSS_CAP;213210.32;213220.25;36;0
2026.08.11 16:55:03;XAUUSD;5;1786445812;SL_MODIFIED;ticket=118728386 oldSL=4380.72 newSL=4380.76 reason=break_even_lock_leg_0;MANAGE_PROFIT;SAFE;1;1;1;-1;-1;4377.93;9.99;9.99;10.05;-8.07;KELLY_LITE;true;0.04;213210.32;0.0417;KELLY_LITE(mult=1.25 taper=1.00 n=19)+HARD_RISK_CAP(2.0%)+MAXLOSS_CAP;213210.32;213220.31;36;0
2026.08.11 16:55:03;XAUUSD;5;1786445812;PROFIT_RATCHET_LOCKED;floor=4.27 peak=10.05;MANAGE_PROFIT;SAFE;1;1;1;-1;-1;4377.93;9.99;9.99;10.05;-8.07;KELLY_LITE;true;0.04;213210.32;0.0417;KELLY_LITE(mult=1.25 taper=1.00 n=19)+HARD_RISK_CAP(2.0%)+MAXLOSS_CAP;213210.32;213220.31;36;0
2026.08.11 16:55:03;XAUUSD;5;1786445812;PROFIT_RATCHET_LOCKED;floor=4.27 peak=10.05;MANAGE_PROFIT;SAFE;1;1;1;-1;-1;4377.93;9.99;9.99;10.05;-8.07;KELLY_LITE;true;0.04;213210.32;0.0417;KELLY_LITE(mult=1.25 taper=1.00 n=19)+HARD_RISK_CAP(2.0%)+MAXLOSS_CAP;213210.32;213220.31;36;0
2026.08.11 16:55:04;XAUUSD;5;1786445812;PROFIT_RATCHET_LOCKED;floor=4.27 peak=10.05;MANAGE_PROFIT;SAFE;1;1;1;-1;-1;4377.93;10.05;10.05;10.05;-8.07;KELLY_LITE;true;0.04;213210.32;0.0417;KELLY_LITE(mult=1.25 taper=1.00 n=19)+HARD_RISK_CAP(2.0%)+MAXLOSS_CAP;213210.32;213220.37;36;0
2026.08.11 16:55:04;XAUUSD;5;1786445812;PROFIT_RATCHET_LOCKED;floor=4.27 peak=10.05;MANAGE_PROFIT;SAFE;1;1;1;-1;-1;4377.93;10.02;10.02;10.05;-8.07;KELLY_LITE;true;0.04;213210.32;0.0417;KELLY_LITE(mult=1.25 taper=1.00 n=19)+HARD_RISK_CAP(2.0%)+MAXLOSS_CAP;213210.32;213220.34;36;0
2026.08.11 16:55:04;XAUUSD;5;1786445812;PROFIT_RATCHET_LOCKED;floor=4.27 peak=10.05;MANAGE_PROFIT;SAFE;1;1;1;-1;-1;4377.93;9.99;9.99;10.05;-8.07;KELLY_LITE;true;0.04;213210.32;0.0417;KELLY_LITE(mult=1.25 taper=1.00 n=19)+HARD_RISK_CAP(2.0%)+MAXLOSS_CAP;213210.32;213220.31;36;0
2026.08.11 16:55:05;XAUUSD;5;1786445812;SL_MODIFIED;ticket=118728386 oldSL=4380.76 newSL=4380.99 reason=break_even_lock_leg_0;MANAGE_PROFIT;SAFE;1;1;1;-1;-1;4377.93;11.28;11.28;10.74;-8.07;KELLY_LITE;true;0.04;213210.32;0.0417;KELLY_LITE(mult=1.25 taper=1.00 n=19)+HARD_RISK_CAP(2.0%)+MAXLOSS_CAP;213210.32;213221.60;36;0
2026.08.11 16:55:05;XAUUSD;5;1786445812;PROFIT_RATCHET_LOCKED;floor=4.56 peak=10.74;MANAGE_PROFIT;SAFE;1;1;1;-1;-1;4377.93;11.28;11.28;10.74;-8.07;KELLY_LITE;true;0.04;213210.32;0.0417;KELLY_LITE(mult=1.25 taper=1.00 n=19)+HARD_RISK_CAP(2.0%)+MAXLOSS_CAP;213210.32;213221.60;36;0
2026.08.11 16:55:06;XAUUSD;5;1786445812;SL_MODIFY_FAILED;ticket=118728386 newSL=4381.17 reason=break_even_lock_leg_0 err=0;MANAGE_PROFIT;SAFE;1;1;1;-1;-1;4377.93;10.83;10.83;11.28;-8.07;KELLY_LITE;true;0.04;213210.32;0.0417;KELLY_LITE(mult=1.25 taper=1.00 n=19)+HARD_RISK_CAP(2.0%)+MAXLOSS_CAP;213210.32;213221.15;36;0
2026.08.11 16:55:06;XAUUSD;5;1786445812;PROFIT_RATCHET_LOCKED;floor=4.79 peak=11.28;MANAGE_PROFIT;SAFE;1;1;1;-1;-1;4377.93;10.83;10.83;11.28;-8.07;KELLY_LITE;true;0.04;213210.32;0.0417;KELLY_LITE(mult=1.25 taper=1.00 n=19)+HARD_RISK_CAP(2.0%)+MAXLOSS_CAP;213210.32;213221.15;36;0
2026.08.11 16:55:06;XAUUSD;5;1786445812;SL_MODIFIED;ticket=118728386 oldSL=4380.99 newSL=4381.02 reason=break_even_lock_leg_0;MANAGE_PROFIT;SAFE;1;1;1;-1;-1;4377.93;10.80;10.80;11.28;-8.07;KELLY_LITE;true;0.04;213210.32;0.0417;KELLY_LITE(mult=1.25 taper=1.00 n=19)+HARD_RISK_CAP(2.0%)+MAXLOSS_CAP;213210.32;213221.12;36;0
2026.08.11 16:55:06;XAUUSD;5;1786445812;PROFIT_RATCHET_LOCKED;floor=4.79 peak=11.28;MANAGE_PROFIT;SAFE;1;1;1;-1;-1;4377.93;10.80;10.80;11.28;-8.07;KELLY_LITE;true;0.04;213210.32;0.0417;KELLY_LITE(mult=1.25 taper=1.00 n=19)+HARD_RISK_CAP(2.0%)+MAXLOSS_CAP;213210.32;213221.12;36;0
2026.08.11 16:55:06;XAUUSD;5;1786445812;PROFIT_RATCHET_LOCKED;floor=4.79 peak=11.28;MANAGE_PROFIT;SAFE;1;1;1;-1;-1;4377.93;10.80;10.80;11.28;-8.07;KELLY_LITE;true;0.04;213210.32;0.0417;KELLY_LITE(mult=1.25 taper=1.00 n=19)+HARD_RISK_CAP(2.0%)+MAXLOSS_CAP;213210.32;213221.12;36;0
2026.08.11 16:55:07;XAUUSD;5;1786445812;SL_MODIFIED;ticket=118728386 oldSL=4381.02 newSL=4381.06 reason=break_even_lock_leg_0;MANAGE_PROFIT;SAFE;1;1;1;-1;-1;4377.93;11.25;11.25;11.28;-8.07;KELLY_LITE;true;0.04;213210.32;0.0417;KELLY_LITE(mult=1.25 taper=1.00 n=19)+HARD_RISK_CAP(2.0%)+MAXLOSS_CAP;213210.32;213221.57;36;0
2026.08.11 16:55:07;XAUUSD;5;1786445812;PROFIT_RATCHET_LOCKED;floor=4.79 peak=11.28;MANAGE_PROFIT;SAFE;1;1;1;-1;-1;4377.93;11.25;11.25;11.28;-8.07;KELLY_LITE;true;0.04;213210.32;0.0417;KELLY_LITE(mult=1.25 taper=1.00 n=19)+HARD_RISK_CAP(2.0%)+MAXLOSS_CAP;213210.32;213221.57;36;0
2026.08.11 16:55:08;XAUUSD;5;1786445812;SL_MODIFIED;ticket=118728386 oldSL=4381.06 newSL=4381.16 reason=break_even_lock_leg_0;MANAGE_PROFIT;SAFE;1;1;1;-1;-1;4377.93;11.61;11.61;11.28;-8.07;KELLY_LITE;true;0.04;213210.32;0.0417;KELLY_LITE(mult=1.25 taper=1.00 n=19)+HARD_RISK_CAP(2.0%)+MAXLOSS_CAP;213210.32;213221.93;36;0
2026.08.11 16:55:08;XAUUSD;5;1786445812;PROFIT_RATCHET_LOCKED;floor=4.79 peak=11.28;MANAGE_PROFIT;SAFE;1;1;1;-1;-1;4377.93;11.61;11.61;11.28;-8.07;KELLY_LITE;true;0.04;213210.32;0.0417;KELLY_LITE(mult=1.25 taper=1.00 n=19)+HARD_RISK_CAP(2.0%)+MAXLOSS_CAP;213210.32;213221.93;36;0
2026.08.11 16:55:08;XAUUSD;5;1786445812;SL_MODIFIED;ticket=118728386 oldSL=4381.16 newSL=4381.28 reason=break_even_lock_leg_0;MANAGE_PROFIT;SAFE;1;1;1;-1;-1;4377.93;11.67;11.67;11.61;-8.07;KELLY_LITE;true;0.04;213210.32;0.0417;KELLY_LITE(mult=1.25 taper=1.00 n=19)+HARD_RISK_CAP(2.0%)+MAXLOSS_CAP;213210.32;213221.99;36;0
2026.08.11 16:55:08;XAUUSD;5;1786445812;PROFIT_RATCHET_LOCKED;floor=4.93 peak=11.61;MANAGE_PROFIT;SAFE;1;1;1;-1;-1;4377.93;11.67;11.67;11.61;-8.07;KELLY_LITE;true;0.04;213210.32;0.0417;KELLY_LITE(mult=1.25 taper=1.00 n=19)+HARD_RISK_CAP(2.0%)+MAXLOSS_CAP;213210.32;213221.99;36;0
2026.08.11 16:55:09;XAUUSD;5;1786445812;SL_MODIFIED;ticket=118728386 oldSL=4381.28 newSL=4381.30 reason=break_even_lock_leg_0;MANAGE_PROFIT;SAFE;1;1;1;-1;-1;4377.93;11.79;11.79;11.67;-8.07;KELLY_LITE;true;0.04;213210.32;0.0417;KELLY_LITE(mult=1.25 taper=1.00 n=19)+HARD_RISK_CAP(2.0%)+MAXLOSS_CAP;213210.32;213222.11;36;0
2026.08.11 16:55:09;XAUUSD;5;1786445812;PROFIT_RATCHET_LOCKED;floor=4.96 peak=11.67;MANAGE_PROFIT;SAFE;1;1;1;-1;-1;4377.93;11.79;11.79;11.67;-8.07;KELLY_LITE;true;0.04;213210.32;0.0417;KELLY_LITE(mult=1.25 taper=1.00 n=19)+HARD_RISK_CAP(2.0%)+MAXLOSS_CAP;213210.32;213222.11;36;0
2026.08.11 16:55:09;XAUUSD;5;1786445812;SL_MODIFIED;ticket=118728386 oldSL=4381.30 newSL=4381.34 reason=break_even_lock_leg_0;MANAGE_PROFIT;SAFE;1;1;1;-1;-1;4377.93;11.82;11.82;11.79;-8.07;KELLY_LITE;true;0.04;213210.32;0.0417;KELLY_LITE(mult=1.25 taper=1.00 n=19)+HARD_RISK_CAP(2.0%)+MAXLOSS_CAP;213210.32;213222.14;36;0
2026.08.11 16:55:09;XAUUSD;5;1786445812;PROFIT_RATCHET_LOCKED;floor=5.01 peak=11.79;MANAGE_PROFIT;SAFE;1;1;1;-1;-1;4377.93;11.82;11.82;11.79;-8.07;KELLY_LITE;true;0.04;213210.32;0.0417;KELLY_LITE(mult=1.25 taper=1.00 n=19)+HARD_RISK_CAP(2.0%)+MAXLOSS_CAP;213210.32;213222.14;36;0
2026.08.11 16:55:09;XAUUSD;5;1786445812;PROFIT_RATCHET_LOCKED;floor=5.02 peak=11.82;MANAGE_PROFIT;SAFE;1;1;1;-1;-1;4377.93;11.82;11.82;11.82;-8.07;KELLY_LITE;true;0.04;213210.32;0.0417;KELLY_LITE(mult=1.25 taper=1.00 n=19)+HARD_RISK_CAP(2.0%)+MAXLOSS_CAP;213210.32;213222.14;36;0
2026.08.11 16:55:09;XAUUSD;5;1786445812;PROFIT_RATCHET_LOCKED;floor=5.02 peak=11.82;MANAGE_PROFIT;SAFE;1;1;1;-1;-1;4377.93;11.34;11.34;11.82;-8.07;KELLY_LITE;true;0.04;213210.32;0.0417;KELLY_LITE(mult=1.25 taper=1.00 n=19)+HARD_RISK_CAP(2.0%)+MAXLOSS_CAP;213210.32;213221.66;36;0
2026.08.11 16:55:10;XAUUSD;5;1786445812;PROFIT_RATCHET_LOCKED;floor=5.02 peak=11.82;MANAGE_PROFIT;SAFE;1;1;1;-1;-1;4377.93;11.10;11.10;11.82;-8.07;KELLY_LITE;true;0.04;213210.32;0.0417;KELLY_LITE(mult=1.25 taper=1.00 n=19)+HARD_RISK_CAP(2.0%)+MAXLOSS_CAP;213210.32;213221.42;36;0
2026.08.11 16:55:10;XAUUSD;5;1786445812;PROFIT_RATCHET_LOCKED;floor=5.02 peak=11.82;MANAGE_PROFIT;SAFE;1;1;1;-1;-1;4377.93;10.89;10.89;11.82;-8.07;KELLY_LITE;true;0.04;213210.32;0.0417;KELLY_LITE(mult=1.25 taper=1.00 n=19)+HARD_RISK_CAP(2.0%)+MAXLOSS_CAP;213210.32;213221.21;33;0
2026.08.11 16:55:10;XAUUSD;5;1786445812;PROFIT_RATCHET_LOCKED;floor=5.02 peak=11.82;MANAGE_PROFIT;SAFE;1;1;1;-1;-1;4377.93;10.77;10.77;11.82;-8.07;KELLY_LITE;true;0.04;213210.32;0.0417;KELLY_LITE(mult=1.25 taper=1.00 n=19)+HARD_RISK_CAP(2.0%)+MAXLOSS_CAP;213210.32;213221.09;36;0
2026.08.11 16:55:10;XAUUSD;5;1786445812;PROFIT_RATCHET_LOCKED;floor=5.02 peak=11.82;MANAGE_PROFIT;SAFE;1;1;1;-1;-1;4377.93;10.74;10.74;11.82;-8.07;KELLY_LITE;true;0.04;213210.32;0.0417;KELLY_LITE(mult=1.25 taper=1.00 n=19)+HARD_RISK_CAP(2.0%)+MAXLOSS_CAP;213210.32;213221.06;36;0
2026.08.11 16:55:10;XAUUSD;5;1786445812;PROFIT_RATCHET_LOCKED;floor=5.02 peak=11.82;MANAGE_PROFIT;SAFE;1;1;1;-1;-1;4377.93;10.77;10.77;11.82;-8.07;KELLY_LITE;true;0.04;213210.32;0.0417;KELLY_LITE(mult=1.25 taper=1.00 n=19)+HARD_RISK_CAP(2.0%)+MAXLOSS_CAP;213210.32;213221.09;36;0
2026.08.11 16:55:11;XAUUSD;5;1786445812;PROFIT_RATCHET_LOCKED;floor=5.02 peak=11.82;MANAGE_PROFIT;SAFE;1;1;1;-1;-1;4377.93;10.65;10.65;11.82;-8.07;KELLY_LITE;true;0.04;213210.32;0.0417;KELLY_LITE(mult=1.25 taper=1.00 n=19)+HARD_RISK_CAP(2.0%)+MAXLOSS_CAP;213210.32;213220.97;36;0
2026.08.11 16:55:12;XAUUSD;5;1786445812;RECONCILED_BROKER_CLOSE;ticket=118728386 type=main pnl=10.23;MANAGE_PROFIT;SAFE;0;1;1;-1;-1;4377.93;0.00;0.00;11.82;-8.07;KELLY_LITE;true;0.04;213210.32;0.0417;KELLY_LITE(mult=1.25 taper=1.00 n=19)+HARD_RISK_CAP(2.0%)+MAXLOSS_CAP;213220.55;213220.55;36;0
2026.08.11 16:55:12;XAUUSD;5;1786445812;PENDING_DELETED;ticket=118728874 reason=main_gone_hedge_pending;WAIT_TRIGGER;SAFE;0;0;1;-1;-1;4377.93;0.00;0.00;11.82;-8.07;KELLY_LITE;true;0.04;213210.32;0.0417;KELLY_LITE(mult=1.25 taper=1.00 n=19)+HARD_RISK_CAP(2.0%)+MAXLOSS_CAP;213220.55;213220.55;36;0
2026.08.11 16:55:12;XAUUSD;5;1786445812;HEDGE_PENDING_CLEANUP;main_position_gone;WAIT_TRIGGER;SAFE;0;0;1;-1;-1;4377.93;0.00;0.00;11.82;-8.07;KELLY_LITE;true;0.04;213210.32;0.0417;KELLY_LITE(mult=1.25 taper=1.00 n=19)+HARD_RISK_CAP(2.0%)+MAXLOSS_CAP;213220.55;213220.55;36;0
2026.08.11 16:55:12;XAUUSD;5;1786445812;CYCLE_RESET;oldState=WAIT_TRIGGER realizedPnL=10.23 peak=11.82 worst=-8.07 pyramid=1 consLosses=0;WAIT_TRIGGER;SAFE;0;0;1;-1;-1;4377.93;0.00;0.00;11.82;-8.07;KELLY_LITE;true;0.04;213210.32;0.0417;KELLY_LITE(mult=1.25 taper=1.00 n=19)+HARD_RISK_CAP(2.0%)+MAXLOSS_CAP;213220.55;213220.55;36;0
2026.08.11 17:00:12;XAUUSD;5;1786445813;PLACE_PENDING_START;cycle=1786445813 trend=-1 consecLosses=0 preset=AGGRESSIVE;PLACE_PENDING;SAFE;0;0;0;-1;-1;0.00;0.00;0.00;0.00;0.00;KELLY_LITE;true;0.04;213210.32;0.0417;KELLY_LITE(mult=1.25 taper=1.00 n=19)+HARD_RISK_CAP(2.0%)+MAXLOSS_CAP;213220.55;213220.55;36;0
2026.08.11 17:00:12;XAUUSD;5;1786445813;DIR_OCO_PLACED;dir=BEAR ticket=118732693 price=4381.29 sl=4396.29 tp=4358.79 lot=0.04 dist=2.43;PLACE_PENDING;SAFE;0;1;0;-1;118732693;0.00;0.00;0.00;0.00;0.00;KELLY_LITE;true;0.04;213220.55;0.0417;KELLY_LITE(mult=1.30 taper=1.00 n=20)+TIME_REDUCE(50%)+HARD_RISK_CAP(2.0%)+MAXLOSS_CAP;213220.55;213220.55;36;0
2026.08.11 17:00:13;XAUUSD;5;1786445813;DIR_OCO_COUNTER_PLACED;dir=BULL(counter) ticket=118732697 price=4386.54 lot=0.03;PLACE_PENDING;SAFE;0;2;0;118732697;118732693;0.00;0.00;0.00;0.00;0.00;KELLY_LITE;true;0.04;213220.55;0.0417;KELLY_LITE(mult=1.30 taper=1.00 n=20)+TIME_REDUCE(50%)+HARD_RISK_CAP(2.0%)+MAXLOSS_CAP;213220.55;213220.55;36;0
2026.08.11 17:00:14;XAUUSD;5;1786445813;SELL_STOP_TRAILED;Old=4381.29 New=4381.71;WAIT_TRIGGER;SAFE;0;2;0;118732697;118732693;0.00;0.00;0.00;0.00;0.00;KELLY_LITE;true;0.04;213220.55;0.0417;KELLY_LITE(mult=1.30 taper=1.00 n=20)+TIME_REDUCE(50%)+HARD_RISK_CAP(2.0%)+MAXLOSS_CAP;213220.55;213220.55;33;0
2026.08.11 17:00:20;XAUUSD;5;1786445813;SELL_STOP_TRAILED;Old=4381.71 New=4382.08;WAIT_TRIGGER;SAFE;0;2;0;118732697;118732693;0.00;0.00;0.00;0.00;0.00;KELLY_LITE;true;0.04;213220.55;0.0417;KELLY_LITE(mult=1.30 taper=1.00 n=20)+TIME_REDUCE(50%)+HARD_RISK_CAP(2.0%)+MAXLOSS_CAP;213220.55;213220.55;36;0
2026.08.11 17:00:30;XAUUSD;5;1786445813;BUY_STOP_TRAILED;Old=4386.54 New=4386.17;WAIT_TRIGGER;SAFE;0;2;0;118732697;118732693;0.00;0.00;0.00;0.00;0.00;KELLY_LITE;true;0.04;213220.55;0.0417;KELLY_LITE(mult=1.30 taper=1.00 n=20)+TIME_REDUCE(50%)+HARD_RISK_CAP(2.0%)+MAXLOSS_CAP;213220.55;213220.55;33;0
2026.08.11 17:01:17;XAUUSD;5;1786445813;BUY_STOP_TRAILED;Old=4386.17 New=4385.83;WAIT_TRIGGER;SAFE;0;2;0;118732697;118732693;0.00;0.00;0.00;0.00;0.00;KELLY_LITE;true;0.04;213220.55;0.0417;KELLY_LITE(mult=1.30 taper=1.00 n=20)+TIME_REDUCE(50%)+HARD_RISK_CAP(2.0%)+MAXLOSS_CAP;213220.55;213220.55;36;0
2026.08.11 17:01:19;XAUUSD;5;1786445813;BUY_STOP_TRAILED;Old=4385.83 New=4385.40;WAIT_TRIGGER;SAFE;0;2;0;118732697;118732693;0.00;0.00;0.00;0.00;0.00;KELLY_LITE;true;0.04;213220.55;0.0417;KELLY_LITE(mult=1.30 taper=1.00 n=20)+TIME_REDUCE(50%)+HARD_RISK_CAP(2.0%)+MAXLOSS_CAP;213220.55;213220.55;36;0
2026.08.11 17:02:22;XAUUSD;5;1786445813;BUY_STOP_TRAILED;Old=4385.40 New=4385.09;WAIT_TRIGGER;SAFE;0;2;0;118732697;118732693;0.00;0.00;0.00;0.00;0.00;KELLY_LITE;true;0.04;213220.55;0.0417;KELLY_LITE(mult=1.30 taper=1.00 n=20)+TIME_REDUCE(50%)+HARD_RISK_CAP(2.0%)+MAXLOSS_CAP;213220.55;213220.55;37;0
2026.08.11 17:04:28;XAUUSD;5;1786445813;OCO_TRIGGERED_SELL;ticket=118732693 entry=4382.08;POSITION_ACTIVE;SAFE;1;1;0;118732697;-1;0.00;-1.44;-1.44;0.00;0.00;KELLY_LITE;true;0.04;213220.55;0.0417;KELLY_LITE(mult=1.30 taper=1.00 n=20)+TIME_REDUCE(50%)+HARD_RISK_CAP(2.0%)+MAXLOSS_CAP;213220.55;213219.11;36;0
2026.08.11 17:04:29;XAUUSD;5;1786445813;PENDING_DELETED;ticket=118732697 reason=oco_sell_triggered;POSITION_ACTIVE;SAFE;1;0;0;118732697;-1;0.00;-0.84;-0.84;0.00;0.00;KELLY_LITE;true;0.04;213220.55;0.0417;KELLY_LITE(mult=1.30 taper=1.00 n=20)+TIME_REDUCE(50%)+HARD_RISK_CAP(2.0%)+MAXLOSS_CAP;213220.55;213219.71;36;0
2026.08.11 17:04:29;XAUUSD;5;1786445813;HEDGE_PENDING_PLACED;dir=BUY_STOP ticket=118733804 price=4385.29 sl=4382.29 lot=0.05 mainEntry=4382.08 dist=3.00 confirmBars=1;POSITION_ACTIVE;SAFE;1;1;1;-1;-1;4382.08;-1.00;-1.00;0.00;-0.84;KELLY_LITE;true;0.04;213220.55;0.0417;KELLY_LITE(mult=1.30 taper=1.00 n=20)+TIME_REDUCE(50%)+HARD_RISK_CAP(2.0%)+MAXLOSS_CAP;213220.55;213219.55;36;0
2026.08.11 17:06:46;XAUUSD;5;1786445813;SL_MODIFIED;ticket=118732693 oldSL=4394.08 newSL=4380.58 reason=break_even_lock_leg_0;MANAGE_PROFIT;SAFE;1;1;1;-1;-1;4382.08;8.00;8.00;8.08;-1.44;KELLY_LITE;true;0.04;213220.55;0.0417;KELLY_LITE(mult=1.30 taper=1.00 n=20)+TIME_REDUCE(50%)+HARD_RISK_CAP(2.0%)+MAXLOSS_CAP;213220.55;213228.55;33;0
2026.08.11 17:06:46;XAUUSD;5;1786445813;PROFIT_RATCHET_LOCKED;floor=2.73 peak=8.08;MANAGE_PROFIT;SAFE;1;1;1;-1;-1;4382.08;8.00;8.00;8.08;-1.44;KELLY_LITE;true;0.04;213220.55;0.0417;KELLY_LITE(mult=1.30 taper=1.00 n=20)+TIME_REDUCE(50%)+HARD_RISK_CAP(2.0%)+MAXLOSS_CAP;213220.55;213228.55;33;0
2026.08.11 17:06:46;XAUUSD;5;1786445813;PROFIT_RATCHET_LOCKED;floor=2.73 peak=8.08;MANAGE_PROFIT;SAFE;1;1;1;-1;-1;4382.08;8.00;8.00;8.08;-1.44;KELLY_LITE;true;0.04;213220.55;0.0417;KELLY_LITE(mult=1.30 taper=1.00 n=20)+TIME_REDUCE(50%)+HARD_RISK_CAP(2.0%)+MAXLOSS_CAP;213220.55;213228.55;33;0
2026.08.11 17:06:46;XAUUSD;5;1786445813;PROFIT_RATCHET_LOCKED;floor=2.73 peak=8.08;MANAGE_PROFIT;SAFE;1;1;1;-1;-1;4382.08;7.96;7.96;8.08;-1.44;KELLY_LITE;true;0.04;213220.55;0.0417;KELLY_LITE(mult=1.30 taper=1.00 n=20)+TIME_REDUCE(50%)+HARD_RISK_CAP(2.0%)+MAXLOSS_CAP;213220.55;213228.51;33;0
2026.08.11 17:06:47;XAUUSD;5;1786445813;PROFIT_RATCHET_LOCKED;floor=2.73 peak=8.08;MANAGE_PROFIT;SAFE;1;1;1;-1;-1;4382.08;7.92;7.92;8.08;-1.44;KELLY_LITE;true;0.04;213220.55;0.0417;KELLY_LITE(mult=1.30 taper=1.00 n=20)+TIME_REDUCE(50%)+HARD_RISK_CAP(2.0%)+MAXLOSS_CAP;213220.55;213228.47;33;0
2026.08.11 17:06:47;XAUUSD;5;1786445813;PROFIT_RATCHET_LOCKED;floor=2.73 peak=8.08;MANAGE_PROFIT;SAFE;1;1;1;-1;-1;4382.08;7.84;7.84;8.08;-1.44;KELLY_LITE;true;0.04;213220.55;0.0417;KELLY_LITE(mult=1.30 taper=1.00 n=20)+TIME_REDUCE(50%)+HARD_RISK_CAP(2.0%)+MAXLOSS_CAP;213220.55;213228.39;33;0
2026.08.11 17:06:48;XAUUSD;5;1786445813;PROFIT_RATCHET_LOCKED;floor=2.73 peak=8.08;MANAGE_PROFIT;SAFE;1;1;1;-1;-1;4382.08;7.32;7.32;8.08;-1.44;KELLY_LITE;true;0.04;213220.55;0.0417;KELLY_LITE(mult=1.30 taper=1.00 n=20)+TIME_REDUCE(50%)+HARD_RISK_CAP(2.0%)+MAXLOSS_CAP;213220.55;213227.87;33;0
2026.08.11 17:06:48;XAUUSD;5;1786445813;PROFIT_RATCHET_LOCKED;floor=2.73 peak=8.08;MANAGE_PROFIT;SAFE;1;1;1;-1;-1;4382.08;7.24;7.24;8.08;-1.44;KELLY_LITE;true;0.04;213220.55;0.0417;KELLY_LITE(mult=1.30 taper=1.00 n=20)+TIME_REDUCE(50%)+HARD_RISK_CAP(2.0%)+MAXLOSS_CAP;213220.55;213227.79;33;0
2026.08.11 17:06:48;XAUUSD;5;1786445813;PROFIT_RATCHET_LOCKED;floor=2.73 peak=8.08;MANAGE_PROFIT;SAFE;1;1;1;-1;-1;4382.08;7.40;7.40;8.08;-1.44;KELLY_LITE;true;0.04;213220.55;0.0417;KELLY_LITE(mult=1.30 taper=1.00 n=20)+TIME_REDUCE(50%)+HARD_RISK_CAP(2.0%)+MAXLOSS_CAP;213220.55;213227.95;33;0
2026.08.11 17:06:48;XAUUSD;5;1786445813;PROFIT_RATCHET_LOCKED;floor=2.73 peak=8.08;MANAGE_PROFIT;SAFE;1;1;1;-1;-1;4382.08;7.28;7.28;8.08;-1.44;KELLY_LITE;true;0.04;213220.55;0.0417;KELLY_LITE(mult=1.30 taper=1.00 n=20)+TIME_REDUCE(50%)+HARD_RISK_CAP(2.0%)+MAXLOSS_CAP;213220.55;213227.83;36;0
2026.08.11 17:06:48;XAUUSD;5;1786445813;PROFIT_RATCHET_LOCKED;floor=2.73 peak=8.08;MANAGE_PROFIT;SAFE;1;1;1;-1;-1;4382.08;7.60;7.60;8.08;-1.44;KELLY_LITE;true;0.04;213220.55;0.0417;KELLY_LITE(mult=1.30 taper=1.00 n=20)+TIME_REDUCE(50%)+HARD_RISK_CAP(2.0%)+MAXLOSS_CAP;213220.55;213228.15;33;0
2026.08.11 17:06:49;XAUUSD;5;1786445813;PROFIT_RATCHET_LOCKED;floor=2.73 peak=8.08;MANAGE_PROFIT;SAFE;1;1;1;-1;-1;4382.08;7.56;7.56;8.08;-1.44;KELLY_LITE;true;0.04;213220.55;0.0417;KELLY_LITE(mult=1.30 taper=1.00 n=20)+TIME_REDUCE(50%)+HARD_RISK_CAP(2.0%)+MAXLOSS_CAP;213220.55;213228.11;34;0
2026.08.11 17:06:49;XAUUSD;5;1786445813;PROFIT_RATCHET_LOCKED;floor=2.73 peak=8.08;MANAGE_PROFIT;SAFE;1;1;1;-1;-1;4382.08;7.36;7.36;8.08;-1.44;KELLY_LITE;true;0.04;213220.55;0.0417;KELLY_LITE(mult=1.30 taper=1.00 n=20)+TIME_REDUCE(50%)+HARD_RISK_CAP(2.0%)+MAXLOSS_CAP;213220.55;213227.91;33;0
2026.08.11 17:06:49;XAUUSD;5;1786445813;PROFIT_RATCHET_LOCKED;floor=2.73 peak=8.08;MANAGE_PROFIT;SAFE;1;1;1;-1;-1;4382.08;7.56;7.56;8.08;-1.44;KELLY_LITE;true;0.04;213220.55;0.0417;KELLY_LITE(mult=1.30 taper=1.00 n=20)+TIME_REDUCE(50%)+HARD_RISK_CAP(2.0%)+MAXLOSS_CAP;213220.55;213228.11;33;0
2026.08.11 17:06:49;XAUUSD;5;1786445813;PROFIT_RATCHET_LOCKED;floor=2.73 peak=8.08;MANAGE_PROFIT;SAFE;1;1;1;-1;-1;4382.08;7.40;7.40;8.08;-1.44;KELLY_LITE;true;0.04;213220.55;0.0417;KELLY_LITE(mult=1.30 taper=1.00 n=20)+TIME_REDUCE(50%)+HARD_RISK_CAP(2.0%)+MAXLOSS_CAP;213220.55;213227.95;33;0
2026.08.11 17:06:50;XAUUSD;5;1786445813;PROFIT_RATCHET_LOCKED;floor=2.73 peak=8.08;MANAGE_PROFIT;SAFE;1;1;1;-1;-1;4382.08;7.68;7.68;8.08;-1.44;KELLY_LITE;true;0.04;213220.55;0.0417;KELLY_LITE(mult=1.30 taper=1.00 n=20)+TIME_REDUCE(50%)+HARD_RISK_CAP(2.0%)+MAXLOSS_CAP;213220.55;213228.23;33;0
2026.08.11 17:06:50;XAUUSD;5;1786445813;PROFIT_RATCHET_LOCKED;floor=2.73 peak=8.08;MANAGE_PROFIT;SAFE;1;1;1;-1;-1;4382.08;7.48;7.48;8.08;-1.44;KELLY_LITE;true;0.04;213220.55;0.0417;KELLY_LITE(mult=1.30 taper=1.00 n=20)+TIME_REDUCE(50%)+HARD_RISK_CAP(2.0%)+MAXLOSS_CAP;213220.55;213228.03;33;0
2026.08.11 17:06:50;XAUUSD;5;1786445813;PROFIT_RATCHET_LOCKED;floor=2.73 peak=8.08;MANAGE_PROFIT;SAFE;1;1;1;-1;-1;4382.08;7.72;7.72;8.08;-1.44;KELLY_LITE;true;0.04;213220.55;0.0417;KELLY_LITE(mult=1.30 taper=1.00 n=20)+TIME_REDUCE(50%)+HARD_RISK_CAP(2.0%)+MAXLOSS_CAP;213220.55;213228.27;33;0
2026.08.11 17:06:50;XAUUSD;5;1786445813;PROFIT_RATCHET_LOCKED;floor=2.73 peak=8.08;MANAGE_PROFIT;SAFE;1;1;1;-1;-1;4382.08;7.48;7.48;8.08;-1.44;KELLY_LITE;true;0.04;213220.55;0.0417;KELLY_LITE(mult=1.30 taper=1.00 n=20)+TIME_REDUCE(50%)+HARD_RISK_CAP(2.0%)+MAXLOSS_CAP;213220.55;213228.03;33;0
2026.08.11 17:06:51;XAUUSD;5;1786445813;PROFIT_RATCHET_LOCKED;floor=2.73 peak=8.08;MANAGE_PROFIT;SAFE;1;1;1;-1;-1;4382.08;7.32;7.32;8.08;-1.44;KELLY_LITE;true;0.04;213220.55;0.0417;KELLY_LITE(mult=1.30 taper=1.00 n=20)+TIME_REDUCE(50%)+HARD_RISK_CAP(2.0%)+MAXLOSS_CAP;213220.55;213227.87;33;0
2026.08.11 17:06:51;XAUUSD;5;1786445813;PROFIT_RATCHET_LOCKED;floor=2.73 peak=8.08;MANAGE_PROFIT;SAFE;1;1;1;-1;-1;4382.08;6.96;6.96;8.08;-1.44;KELLY_LITE;true;0.04;213220.55;0.0417;KELLY_LITE(mult=1.30 taper=1.00 n=20)+TIME_REDUCE(50%)+HARD_RISK_CAP(2.0%)+MAXLOSS_CAP;213220.55;213227.51;33;0
2026.08.11 17:06:51;XAUUSD;5;1786445813;PROFIT_RATCHET_LOCKED;floor=2.73 peak=8.08;MANAGE_PROFIT;SAFE;1;1;1;-1;-1;4382.08;6.56;6.56;8.08;-1.44;KELLY_LITE;true;0.04;213220.55;0.0417;KELLY_LITE(mult=1.30 taper=1.00 n=20)+TIME_REDUCE(50%)+HARD_RISK_CAP(2.0%)+MAXLOSS_CAP;213220.55;213227.11;34;0
2026.08.11 17:06:52;XAUUSD;5;1786445813;PROFIT_RATCHET_LOCKED;floor=2.73 peak=8.08;MANAGE_PROFIT;SAFE;1;1;1;-1;-1;4382.08;6.48;6.48;8.08;-1.44;KELLY_LITE;true;0.04;213220.55;0.0417;KELLY_LITE(mult=1.30 taper=1.00 n=20)+TIME_REDUCE(50%)+HARD_RISK_CAP(2.0%)+MAXLOSS_CAP;213220.55;213227.03;33;0
2026.08.11 17:06:52;XAUUSD;5;1786445813;PROFIT_RATCHET_LOCKED;floor=2.73 peak=8.08;MANAGE_PROFIT;SAFE;1;1;1;-1;-1;4382.08;6.40;6.40;8.08;-1.44;KELLY_LITE;true;0.04;213220.55;0.0417;KELLY_LITE(mult=1.30 taper=1.00 n=20)+TIME_REDUCE(50%)+HARD_RISK_CAP(2.0%)+MAXLOSS_CAP;213220.55;213226.95;33;0
2026.08.11 17:06:53;XAUUSD;5;1786445813;PROFIT_RATCHET_LOCKED;floor=2.73 peak=8.08;MANAGE_PROFIT;SAFE;1;1;1;-1;-1;4382.08;6.28;6.28;8.08;-1.44;KELLY_LITE;true;0.04;213220.55;0.0417;KELLY_LITE(mult=1.30 taper=1.00 n=20)+TIME_REDUCE(50%)+HARD_RISK_CAP(2.0%)+MAXLOSS_CAP;213220.55;213226.83;35;0
2026.08.11 17:06:53;XAUUSD;5;1786445813;PROFIT_RATCHET_LOCKED;floor=2.73 peak=8.08;MANAGE_PROFIT;SAFE;1;1;1;-1;-1;4382.08;6.16;6.16;8.08;-1.44;KELLY_LITE;true;0.04;213220.55;0.0417;KELLY_LITE(mult=1.30 taper=1.00 n=20)+TIME_REDUCE(50%)+HARD_RISK_CAP(2.0%)+MAXLOSS_CAP;213220.55;213226.71;36;0
2026.08.11 17:06:53;XAUUSD;5;1786445813;PROFIT_RATCHET_LOCKED;floor=2.73 peak=8.08;MANAGE_PROFIT;SAFE;1;1;1;-1;-1;4382.08;6.96;6.96;8.08;-1.44;KELLY_LITE;true;0.04;213220.55;0.0417;KELLY_LITE(mult=1.30 taper=1.00 n=20)+TIME_REDUCE(50%)+HARD_RISK_CAP(2.0%)+MAXLOSS_CAP;213220.55;213227.51;33;0
2026.08.11 17:06:53;XAUUSD;5;1786445813;PROFIT_RATCHET_LOCKED;floor=2.73 peak=8.08;MANAGE_PROFIT;SAFE;1;1;1;-1;-1;4382.08;7.32;7.32;8.08;-1.44;KELLY_LITE;true;0.04;213220.55;0.0417;KELLY_LITE(mult=1.30 taper=1.00 n=20)+TIME_REDUCE(50%)+HARD_RISK_CAP(2.0%)+MAXLOSS_CAP;213220.55;213227.87;33;0
2026.08.11 17:06:53;XAUUSD;5;1786445813;PROFIT_RATCHET_LOCKED;floor=2.73 peak=8.08;MANAGE_PROFIT;SAFE;1;1;1;-1;-1;4382.08;7.72;7.72;8.08;-1.44;KELLY_LITE;true;0.04;213220.55;0.0417;KELLY_LITE(mult=1.30 taper=1.00 n=20)+TIME_REDUCE(50%)+HARD_RISK_CAP(2.0%)+MAXLOSS_CAP;213220.55;213228.27;33;0
2026.08.11 17:06:53;XAUUSD;5;1786445813;PROFIT_RATCHET_LOCKED;floor=2.73 peak=8.08;MANAGE_PROFIT;SAFE;1;1;1;-1;-1;4382.08;7.72;7.72;8.08;-1.44;KELLY_LITE;true;0.04;213220.55;0.0417;KELLY_LITE(mult=1.30 taper=1.00 n=20)+TIME_REDUCE(50%)+HARD_RISK_CAP(2.0%)+MAXLOSS_CAP;213220.55;213228.27;34;0
2026.08.11 17:06:54;XAUUSD;5;1786445813;PROFIT_RATCHET_LOCKED;floor=2.73 peak=8.08;MANAGE_PROFIT;SAFE;1;1;1;-1;-1;4382.08;7.76;7.76;8.08;-1.44;KELLY_LITE;true;0.04;213220.55;0.0417;KELLY_LITE(mult=1.30 taper=1.00 n=20)+TIME_REDUCE(50%)+HARD_RISK_CAP(2.0%)+MAXLOSS_CAP;213220.55;213228.31;33;0
2026.08.11 17:06:55;XAUUSD;5;1786445813;SL_MODIFIED;ticket=118732693 oldSL=4380.58 newSL=4380.51 reason=break_even_lock_leg_0;MANAGE_PROFIT;SAFE;1;1;1;-1;-1;4382.08;9.04;9.04;8.36;-1.44;KELLY_LITE;true;0.04;213220.55;0.0417;KELLY_LITE(mult=1.30 taper=1.00 n=20)+TIME_REDUCE(50%)+HARD_RISK_CAP(2.0%)+MAXLOSS_CAP;213220.55;213229.59;36;0
2026.08.11 17:06:55;XAUUSD;5;1786445813;PROFIT_RATCHET_LOCKED;floor=2.82 peak=8.36;MANAGE_PROFIT;SAFE;1;1;1;-1;-1;4382.08;9.04;9.04;8.36;-1.44;KELLY_LITE;true;0.04;213220.55;0.0417;KELLY_LITE(mult=1.30 taper=1.00 n=20)+TIME_REDUCE(50%)+HARD_RISK_CAP(2.0%)+MAXLOSS_CAP;213220.55;213229.59;36;0
2026.08.11 17:06:55;XAUUSD;5;1786445813;SL_MODIFIED;ticket=118732693 oldSL=4380.51 newSL=4380.34 reason=break_even_lock_leg_0;MANAGE_PROFIT;SAFE;1;1;1;-1;-1;4382.08;9.28;9.28;9.04;-1.44;KELLY_LITE;true;0.04;213220.55;0.0417;KELLY_LITE(mult=1.30 taper=1.00 n=20)+TIME_REDUCE(50%)+HARD_RISK_CAP(2.0%)+MAXLOSS_CAP;213220.55;213229.83;36;0
2026.08.11 17:06:55;XAUUSD;5;1786445813;PROFIT_RATCHET_LOCKED;floor=3.05 peak=9.04;MANAGE_PROFIT;SAFE;1;1;1;-1;-1;4382.08;9.28;9.28;9.04;-1.44;KELLY_LITE;true;0.04;213220.55;0.0417;KELLY_LITE(mult=1.30 taper=1.00 n=20)+TIME_REDUCE(50%)+HARD_RISK_CAP(2.0%)+MAXLOSS_CAP;213220.55;213229.83;36;0
2026.08.11 17:06:56;XAUUSD;5;1786445813;SL_MODIFY_FAILED;ticket=118732693 newSL=4380.28 reason=break_even_lock_leg_0 err=0;MANAGE_PROFIT;SAFE;1;1;1;-1;-1;4382.08;9.04;9.04;9.28;-1.44;KELLY_LITE;true;0.04;213220.55;0.0417;KELLY_LITE(mult=1.30 taper=1.00 n=20)+TIME_REDUCE(50%)+HARD_RISK_CAP(2.0%)+MAXLOSS_CAP;213220.55;213229.59;36;0
2026.08.11 17:06:56;XAUUSD;5;1786445813;PROFIT_RATCHET_LOCKED;floor=3.13 peak=9.28;MANAGE_PROFIT;SAFE;1;1;1;-1;-1;4382.08;9.04;9.04;9.28;-1.44;KELLY_LITE;true;0.04;213220.55;0.0417;KELLY_LITE(mult=1.30 taper=1.00 n=20)+TIME_REDUCE(50%)+HARD_RISK_CAP(2.0%)+MAXLOSS_CAP;213220.55;213229.59;36;0
2026.08.11 17:06:56;XAUUSD;5;1786445813;PROFIT_RATCHET_LOCKED;floor=3.13 peak=9.28;MANAGE_PROFIT;SAFE;1;1;1;-1;-1;4382.08;9.04;9.04;9.28;-1.44;KELLY_LITE;true;0.04;213220.55;0.0417;KELLY_LITE(mult=1.30 taper=1.00 n=20)+TIME_REDUCE(50%)+HARD_RISK_CAP(2.0%)+MAXLOSS_CAP;213220.55;213229.59;36;0
2026.08.11 17:06:56;XAUUSD;5;1786445813;SL_MODIFIED;ticket=118732693 oldSL=4380.34 newSL=4380.17 reason=break_even_lock_leg_0;MANAGE_PROFIT;SAFE;1;1;1;-1;-1;4382.08;9.76;9.76;9.72;-1.44;KELLY_LITE;true;0.04;213220.55;0.0417;KELLY_LITE(mult=1.30 taper=1.00 n=20)+TIME_REDUCE(50%)+HARD_RISK_CAP(2.0%)+MAXLOSS_CAP;213220.55;213230.31;33;0
2026.08.11 17:06:56;XAUUSD;5;1786445813;PROFIT_RATCHET_LOCKED;floor=3.28 peak=9.72;MANAGE_PROFIT;SAFE;1;1;1;-1;-1;4382.08;9.76;9.76;9.72;-1.44;KELLY_LITE;true;0.04;213220.55;0.0417;KELLY_LITE(mult=1.30 taper=1.00 n=20)+TIME_REDUCE(50%)+HARD_RISK_CAP(2.0%)+MAXLOSS_CAP;213220.55;213230.31;33;0
2026.08.11 17:06:56;XAUUSD;5;1786445813;PROFIT_RATCHET_LOCKED;floor=3.29 peak=9.76;MANAGE_PROFIT;SAFE;1;1;1;-1;-1;4382.08;9.76;9.76;9.76;-1.44;KELLY_LITE;true;0.04;213220.55;0.0417;KELLY_LITE(mult=1.30 taper=1.00 n=20)+TIME_REDUCE(50%)+HARD_RISK_CAP(2.0%)+MAXLOSS_CAP;213220.55;213230.31;33;0
2026.08.11 17:06:57;XAUUSD;5;1786445813;SL_MODIFIED;ticket=118732693 oldSL=4380.17 newSL=4380.15 reason=break_even_lock_leg_0;MANAGE_PROFIT;SAFE;1;1;1;-1;-1;4382.08;9.84;9.84;9.80;-1.44;KELLY_LITE;true;0.04;213220.55;0.0417;KELLY_LITE(mult=1.30 taper=1.00 n=20)+TIME_REDUCE(50%)+HARD_RISK_CAP(2.0%)+MAXLOSS_CAP;213220.55;213230.39;33;0
2026.08.11 17:06:57;XAUUSD;5;1786445813;PROFIT_RATCHET_LOCKED;floor=3.31 peak=9.80;MANAGE_PROFIT;SAFE;1;1;1;-1;-1;4382.08;9.84;9.84;9.80;-1.44;KELLY_LITE;true;0.04;213220.55;0.0417;KELLY_LITE(mult=1.30 taper=1.00 n=20)+TIME_REDUCE(50%)+HARD_RISK_CAP(2.0%)+MAXLOSS_CAP;213220.55;213230.39;33;0
2026.08.11 17:06:57;XAUUSD;5;1786445813;PROFIT_RATCHET_LOCKED;floor=3.32 peak=9.84;MANAGE_PROFIT;SAFE;1;1;1;-1;-1;4382.08;9.84;9.84;9.84;-1.44;KELLY_LITE;true;0.04;213220.55;0.0417;KELLY_LITE(mult=1.30 taper=1.00 n=20)+TIME_REDUCE(50%)+HARD_RISK_CAP(2.0%)+MAXLOSS_CAP;213220.55;213230.39;33;0
2026.08.11 17:06:58;XAUUSD;5;1786445813;PROFIT_RATCHET_LOCKED;floor=3.33 peak=9.88;MANAGE_PROFIT;SAFE;1;1;1;-1;-1;4382.08;9.88;9.88;9.88;-1.44;KELLY_LITE;true;0.04;213220.55;0.0417;KELLY_LITE(mult=1.30 taper=1.00 n=20)+TIME_REDUCE(50%)+HARD_RISK_CAP(2.0%)+MAXLOSS_CAP;213220.55;213230.43;33;0
2026.08.11 17:06:58;XAUUSD;5;1786445813;PROFIT_RATCHET_LOCKED;floor=3.33 peak=9.88;MANAGE_PROFIT;SAFE;1;1;1;-1;-1;4382.08;9.56;9.56;9.88;-1.44;KELLY_LITE;true;0.04;213220.55;0.0417;KELLY_LITE(mult=1.30 taper=1.00 n=20)+TIME_REDUCE(50%)+HARD_RISK_CAP(2.0%)+MAXLOSS_CAP;213220.55;213230.11;34;0
2026.08.11 17:06:58;XAUUSD;5;1786445813;PROFIT_RATCHET_LOCKED;floor=3.33 peak=9.88;MANAGE_PROFIT;SAFE;1;1;1;-1;-1;4382.08;9.40;9.40;9.88;-1.44;KELLY_LITE;true;0.04;213220.55;0.0417;KELLY_LITE(mult=1.30 taper=1.00 n=20)+TIME_REDUCE(50%)+HARD_RISK_CAP(2.0%)+MAXLOSS_CAP;213220.55;213229.95;35;0
2026.08.11 17:06:58;XAUUSD;5;1786445813;PROFIT_RATCHET_LOCKED;floor=3.33 peak=9.88;MANAGE_PROFIT;SAFE;1;1;1;-1;-1;4382.08;9.56;9.56;9.88;-1.44;KELLY_LITE;true;0.04;213220.55;0.0417;KELLY_LITE(mult=1.30 taper=1.00 n=20)+TIME_REDUCE(50%)+HARD_RISK_CAP(2.0%)+MAXLOSS_CAP;213220.55;213230.11;33;0
2026.08.11 17:06:58;XAUUSD;5;1786445813;PROFIT_RATCHET_LOCKED;floor=3.33 peak=9.88;MANAGE_PROFIT;SAFE;1;1;1;-1;-1;4382.08;9.28;9.28;9.88;-1.44;KELLY_LITE;true;0.04;213220.55;0.0417;KELLY_LITE(mult=1.30 taper=1.00 n=20)+TIME_REDUCE(50%)+HARD_RISK_CAP(2.0%)+MAXLOSS_CAP;213220.55;213229.83;36;0
2026.08.11 17:06:59;XAUUSD;5;1786445813;PROFIT_RATCHET_LOCKED;floor=3.33 peak=9.88;MANAGE_PROFIT;SAFE;1;1;1;-1;-1;4382.08;9.40;9.40;9.88;-1.44;KELLY_LITE;true;0.04;213220.55;0.0417;KELLY_LITE(mult=1.30 taper=1.00 n=20)+TIME_REDUCE(50%)+HARD_RISK_CAP(2.0%)+MAXLOSS_CAP;213220.55;213229.95;35;0
2026.08.11 17:07:00;XAUUSD;5;1786445813;PROFIT_RATCHET_LOCKED;floor=3.33 peak=9.88;MANAGE_PROFIT;SAFE;1;1;1;-1;-1;4382.08;9.16;9.16;9.88;-1.44;KELLY_LITE;true;0.04;213220.55;0.0417;KELLY_LITE(mult=1.30 taper=1.00 n=20)+TIME_REDUCE(50%)+HARD_RISK_CAP(2.0%)+MAXLOSS_CAP;213220.55;213229.71;36;0
2026.08.11 17:07:00;XAUUSD;5;1786445813;PROFIT_RATCHET_LOCKED;floor=3.33 peak=9.88;MANAGE_PROFIT;SAFE;1;1;1;-1;-1;4382.08;8.96;8.96;9.88;-1.44;KELLY_LITE;true;0.04;213220.55;0.0417;KELLY_LITE(mult=1.30 taper=1.00 n=20)+TIME_REDUCE(50%)+HARD_RISK_CAP(2.0%)+MAXLOSS_CAP;213220.55;213229.51;34;0
2026.08.11 17:07:00;XAUUSD;5;1786445813;PROFIT_RATCHET_LOCKED;floor=3.33 peak=9.88;MANAGE_PROFIT;SAFE;1;1;1;-1;-1;4382.08;9.08;9.08;9.88;-1.44;KELLY_LITE;true;0.04;213220.55;0.0417;KELLY_LITE(mult=1.30 taper=1.00 n=20)+TIME_REDUCE(50%)+HARD_RISK_CAP(2.0%)+MAXLOSS_CAP;213220.55;213229.63;33;0
2026.08.11 17:07:01;XAUUSD;5;1786445813;PROFIT_RATCHET_LOCKED;floor=3.33 peak=9.88;MANAGE_PROFIT;SAFE;1;1;1;-1;-1;4382.08;9.20;9.20;9.88;-1.44;KELLY_LITE;true;0.04;213220.55;0.0417;KELLY_LITE(mult=1.30 taper=1.00 n=20)+TIME_REDUCE(50%)+HARD_RISK_CAP(2.0%)+MAXLOSS_CAP;213220.55;213229.75;36;0
2026.08.11 17:07:01;XAUUSD;5;1786445813;PROFIT_RATCHET_LOCKED;floor=3.33 peak=9.88;MANAGE_PROFIT;SAFE;1;1;1;-1;-1;4382.08;9.16;9.16;9.88;-1.44;KELLY_LITE;true;0.04;213220.55;0.0417;KELLY_LITE(mult=1.30 taper=1.00 n=20)+TIME_REDUCE(50%)+HARD_RISK_CAP(2.0%)+MAXLOSS_CAP;213220.55;213229.71;34;0
2026.08.11 17:07:02;XAUUSD;5;1786445813;PROFIT_RATCHET_LOCKED;floor=3.33 peak=9.88;MANAGE_PROFIT;SAFE;1;1;1;-1;-1;4382.08;9.20;9.20;9.88;-1.44;KELLY_LITE;true;0.04;213220.55;0.0417;KELLY_LITE(mult=1.30 taper=1.00 n=20)+TIME_REDUCE(50%)+HARD_RISK_CAP(2.0%)+MAXLOSS_CAP;213220.55;213229.75;33;0
2026.08.11 17:07:02;XAUUSD;5;1786445813;PROFIT_RATCHET_LOCKED;floor=3.33 peak=9.88;MANAGE_PROFIT;SAFE;1;1;1;-1;-1;4382.08;9.20;9.20;9.88;-1.44;KELLY_LITE;true;0.04;213220.55;0.0417;KELLY_LITE(mult=1.30 taper=1.00 n=20)+TIME_REDUCE(50%)+HARD_RISK_CAP(2.0%)+MAXLOSS_CAP;213220.55;213229.75;36;0
2026.08.11 17:07:02;XAUUSD;5;1786445813;PROFIT_RATCHET_LOCKED;floor=3.33 peak=9.88;MANAGE_PROFIT;SAFE;1;1;1;-1;-1;4382.08;9.32;9.32;9.88;-1.44;KELLY_LITE;true;0.04;213220.55;0.0417;KELLY_LITE(mult=1.30 taper=1.00 n=20)+TIME_REDUCE(50%)+HARD_RISK_CAP(2.0%)+MAXLOSS_CAP;213220.55;213229.87;33;0
2026.08.11 17:07:03;XAUUSD;5;1786445813;PROFIT_RATCHET_LOCKED;floor=3.33 peak=9.88;MANAGE_PROFIT;SAFE;1;1;1;-1;-1;4382.08;9.40;9.40;9.88;-1.44;KELLY_LITE;true;0.04;213220.55;0.0417;KELLY_LITE(mult=1.30 taper=1.00 n=20)+TIME_REDUCE(50%)+HARD_RISK_CAP(2.0%)+MAXLOSS_CAP;213220.55;213229.95;33;0
2026.08.11 17:07:03;XAUUSD;5;1786445813;PROFIT_RATCHET_LOCKED;floor=3.33 peak=9.88;MANAGE_PROFIT;SAFE;1;1;1;-1;-1;4382.08;9.80;9.80;9.88;-1.44;KELLY_LITE;true;0.04;213220.55;0.0417;KELLY_LITE(mult=1.30 taper=1.00 n=20)+TIME_REDUCE(50%)+HARD_RISK_CAP(2.0%)+MAXLOSS_CAP;213220.55;213230.35;36;0
2026.08.11 17:07:03;XAUUSD;5;1786445813;PROFIT_RATCHET_LOCKED;floor=3.33 peak=9.88;MANAGE_PROFIT;SAFE;1;1;1;-1;-1;4382.08;9.76;9.76;9.88;-1.44;KELLY_LITE;true;0.04;213220.55;0.0417;KELLY_LITE(mult=1.30 taper=1.00 n=20)+TIME_REDUCE(50%)+HARD_RISK_CAP(2.0%)+MAXLOSS_CAP;213220.55;213230.31;36;0
2026.08.11 17:07:04;XAUUSD;5;1786445813;PROFIT_RATCHET_LOCKED;floor=3.33 peak=9.88;MANAGE_PROFIT;SAFE;1;1;1;-1;-1;4382.08;9.72;9.72;9.88;-1.44;KELLY_LITE;true;0.04;213220.55;0.0417;KELLY_LITE(mult=1.30 taper=1.00 n=20)+TIME_REDUCE(50%)+HARD_RISK_CAP(2.0%)+MAXLOSS_CAP;213220.55;213230.27;33;0
2026.08.11 17:07:04;XAUUSD;5;1786445813;PROFIT_RATCHET_LOCKED;floor=3.33 peak=9.88;MANAGE_PROFIT;SAFE;1;1;1;-1;-1;4382.08;9.56;9.56;9.88;-1.44;KELLY_LITE;true;0.04;213220.55;0.0417;KELLY_LITE(mult=1.30 taper=1.00 n=20)+TIME_REDUCE(50%)+HARD_RISK_CAP(2.0%)+MAXLOSS_CAP;213220.55;213230.11;36;0
2026.08.11 17:07:04;XAUUSD;5;1786445813;PROFIT_RATCHET_LOCKED;floor=3.33 peak=9.88;MANAGE_PROFIT;SAFE;1;1;1;-1;-1;4382.08;9.72;9.72;9.88;-1.44;KELLY_LITE;true;0.04;213220.55;0.0417;KELLY_LITE(mult=1.30 taper=1.00 n=20)+TIME_REDUCE(50%)+HARD_RISK_CAP(2.0%)+MAXLOSS_CAP;213220.55;213230.27;34;0
2026.08.11 17:07:04;XAUUSD;5;1786445813;PROFIT_RATCHET_LOCKED;floor=3.33 peak=9.88;MANAGE_PROFIT;SAFE;1;1;1;-1;-1;4382.08;9.72;9.72;9.88;-1.44;KELLY_LITE;true;0.04;213220.55;0.0417;KELLY_LITE(mult=1.30 taper=1.00 n=20)+TIME_REDUCE(50%)+HARD_RISK_CAP(2.0%)+MAXLOSS_CAP;213220.55;213230.27;35;0
2026.08.11 17:07:05;XAUUSD;5;1786445813;PROFIT_RATCHET_LOCKED;floor=3.33 peak=9.88;MANAGE_PROFIT;SAFE;1;1;1;-1;-1;4382.08;9.84;9.84;9.88;-1.44;KELLY_LITE;true;0.04;213220.55;0.0417;KELLY_LITE(mult=1.30 taper=1.00 n=20)+TIME_REDUCE(50%)+HARD_RISK_CAP(2.0%)+MAXLOSS_CAP;213220.55;213230.39;36;0
2026.08.11 17:07:05;XAUUSD;5;1786445813;PROFIT_RATCHET_LOCKED;floor=3.33 peak=9.88;MANAGE_PROFIT;SAFE;1;1;1;-1;-1;4382.08;9.80;9.80;9.88;-1.44;KELLY_LITE;true;0.04;213220.55;0.0417;KELLY_LITE(mult=1.30 taper=1.00 n=20)+TIME_REDUCE(50%)+HARD_RISK_CAP(2.0%)+MAXLOSS_CAP;213220.55;213230.35;36;0
2026.08.11 17:07:07;XAUUSD;5;1786445813;SL_MODIFIED;ticket=118732693 oldSL=4380.15 newSL=4380.12 reason=break_even_lock_leg_0;MANAGE_PROFIT;SAFE;1;1;1;-1;-1;4382.08;9.96;9.96;9.92;-1.44;KELLY_LITE;true;0.04;213220.55;0.0417;KELLY_LITE(mult=1.30 taper=1.00 n=20)+TIME_REDUCE(50%)+HARD_RISK_CAP(2.0%)+MAXLOSS_CAP;213220.55;213230.51;36;0
2026.08.11 17:07:07;XAUUSD;5;1786445813;PROFIT_RATCHET_LOCKED;floor=3.35 peak=9.92;MANAGE_PROFIT;SAFE;1;1;1;-1;-1;4382.08;9.96;9.96;9.92;-1.44;KELLY_LITE;true;0.04;213220.55;0.0417;KELLY_LITE(mult=1.30 taper=1.00 n=20)+TIME_REDUCE(50%)+HARD_RISK_CAP(2.0%)+MAXLOSS_CAP;213220.55;213230.51;36;0
2026.08.11 17:07:07;XAUUSD;5;1786445813;PROFIT_RATCHET_LOCKED;floor=3.36 peak=9.96;MANAGE_PROFIT;SAFE;1;1;1;-1;-1;4382.08;9.96;9.96;9.96;-1.44;KELLY_LITE;true;0.04;213220.55;0.0417;KELLY_LITE(mult=1.30 taper=1.00 n=20)+TIME_REDUCE(50%)+HARD_RISK_CAP(2.0%)+MAXLOSS_CAP;213220.55;213230.51;36;0
2026.08.11 17:07:08;XAUUSD;5;1786445813;SL_MODIFIED;ticket=118732693 oldSL=4380.12 newSL=4380.04 reason=break_even_lock_leg_0;MANAGE_PROFIT;SAFE;1;1;1;-1;-1;4382.08;10.32;10.32;10.24;-1.44;KELLY_LITE;true;0.04;213220.55;0.0417;KELLY_LITE(mult=1.30 taper=1.00 n=20)+TIME_REDUCE(50%)+HARD_RISK_CAP(2.0%)+MAXLOSS_CAP;213220.55;213230.87;36;0
2026.08.11 17:07:08;XAUUSD;5;1786445813;PROFIT_RATCHET_LOCKED;floor=3.46 peak=10.24;MANAGE_PROFIT;SAFE;1;1;1;-1;-1;4382.08;10.32;10.32;10.24;-1.44;KELLY_LITE;true;0.04;213220.55;0.0417;KELLY_LITE(mult=1.30 taper=1.00 n=20)+TIME_REDUCE(50%)+HARD_RISK_CAP(2.0%)+MAXLOSS_CAP;213220.55;213230.87;36;0
2026.08.11 17:07:08;XAUUSD;5;1786445813;PROFIT_RATCHET_LOCKED;floor=3.48 peak=10.32;MANAGE_PROFIT;SAFE;1;1;1;-1;-1;4382.08;10.32;10.32;10.32;-1.44;KELLY_LITE;true;0.04;213220.55;0.0417;KELLY_LITE(mult=1.30 taper=1.00 n=20)+TIME_REDUCE(50%)+HARD_RISK_CAP(2.0%)+MAXLOSS_CAP;213220.55;213230.87;36;0
2026.08.11 17:07:09;XAUUSD;5;1786445813;SL_MODIFIED;ticket=118732693 oldSL=4380.04 newSL=4380.01 reason=break_even_lock_leg_0;MANAGE_PROFIT;SAFE;1;1;1;-1;-1;4382.08;10.36;10.36;10.36;-1.44;KELLY_LITE;true;0.04;213220.55;0.0417;KELLY_LITE(mult=1.30 taper=1.00 n=20)+TIME_REDUCE(50%)+HARD_RISK_CAP(2.0%)+MAXLOSS_CAP;213220.55;213230.91;36;0
2026.08.11 17:07:09;XAUUSD;5;1786445813;PROFIT_RATCHET_LOCKED;floor=3.50 peak=10.36;MANAGE_PROFIT;SAFE;1;1;1;-1;-1;4382.08;10.36;10.36;10.36;-1.44;KELLY_LITE;true;0.04;213220.55;0.0417;KELLY_LITE(mult=1.30 taper=1.00 n=20)+TIME_REDUCE(50%)+HARD_RISK_CAP(2.0%)+MAXLOSS_CAP;213220.55;213230.91;36;0
2026.08.11 17:07:09;XAUUSD;5;1786445813;PROFIT_RATCHET_LOCKED;floor=3.50 peak=10.36;MANAGE_PROFIT;SAFE;1;1;1;-1;-1;4382.08;10.28;10.28;10.36;-1.44;KELLY_LITE;true;0.04;213220.55;0.0417;KELLY_LITE(mult=1.30 taper=1.00 n=20)+TIME_REDUCE(50%)+HARD_RISK_CAP(2.0%)+MAXLOSS_CAP;213220.55;213230.83;36;0
2026.08.11 17:07:10;XAUUSD;5;1786445813;SL_MODIFIED;ticket=118732693 oldSL=4380.01 newSL=4379.95 reason=break_even_lock_leg_0;MANAGE_PROFIT;SAFE;1;1;1;-1;-1;4382.08;10.60;10.60;10.60;-1.44;KELLY_LITE;true;0.04;213220.55;0.0417;KELLY_LITE(mult=1.30 taper=1.00 n=20)+TIME_REDUCE(50%)+HARD_RISK_CAP(2.0%)+MAXLOSS_CAP;213220.55;213231.15;36;0
2026.08.11 17:07:10;XAUUSD;5;1786445813;PROFIT_RATCHET_LOCKED;floor=3.58 peak=10.60;MANAGE_PROFIT;SAFE;1;1;1;-1;-1;4382.08;10.60;10.60;10.60;-1.44;KELLY_LITE;true;0.04;213220.55;0.0417;KELLY_LITE(mult=1.30 taper=1.00 n=20)+TIME_REDUCE(50%)+HARD_RISK_CAP(2.0%)+MAXLOSS_CAP;213220.55;213231.15;36;0
2026.08.11 17:07:10;XAUUSD;5;1786445813;PROFIT_RATCHET_LOCKED;floor=3.58 peak=10.60;MANAGE_PROFIT;SAFE;1;1;1;-1;-1;4382.08;10.60;10.60;10.60;-1.44;KELLY_LITE;true;0.04;213220.55;0.0417;KELLY_LITE(mult=1.30 taper=1.00 n=20)+TIME_REDUCE(50%)+HARD_RISK_CAP(2.0%)+MAXLOSS_CAP;213220.55;213231.15;36;0
2026.08.11 17:07:10;XAUUSD;5;1786445813;SL_MODIFIED;ticket=118732693 oldSL=4379.95 newSL=4379.91 reason=break_even_lock_leg_0;MANAGE_PROFIT;SAFE;1;1;1;-1;-1;4382.08;11.20;11.20;10.76;-1.44;KELLY_LITE;true;0.04;213220.55;0.0417;KELLY_LITE(mult=1.30 taper=1.00 n=20)+TIME_REDUCE(50%)+HARD_RISK_CAP(2.0%)+MAXLOSS_CAP;213220.55;213231.75;36;0
2026.08.11 17:07:10;XAUUSD;5;1786445813;PROFIT_RATCHET_LOCKED;floor=3.63 peak=10.76;MANAGE_PROFIT;SAFE;1;1;1;-1;-1;4382.08;11.20;11.20;10.76;-1.44;KELLY_LITE;true;0.04;213220.55;0.0417;KELLY_LITE(mult=1.30 taper=1.00 n=20)+TIME_REDUCE(50%)+HARD_RISK_CAP(2.0%)+MAXLOSS_CAP;213220.55;213231.75;36;0
2026.08.11 17:07:11;XAUUSD;5;1786445813;SL_MODIFIED;ticket=118732693 oldSL=4379.91 newSL=4379.80 reason=break_even_lock_leg_0;MANAGE_PROFIT;SAFE;1;1;1;-1;-1;4382.08;12.20;12.20;11.20;-1.44;KELLY_LITE;true;0.04;213220.55;0.0417;KELLY_LITE(mult=1.30 taper=1.00 n=20)+TIME_REDUCE(50%)+HARD_RISK_CAP(2.0%)+MAXLOSS_CAP;213220.55;213232.75;36;0
2026.08.11 17:07:11;XAUUSD;5;1786445813;PROFIT_RATCHET_LOCKED;floor=3.78 peak=11.20;MANAGE_PROFIT;SAFE;1;1;1;-1;-1;4382.08;12.20;12.20;11.20;-1.44;KELLY_LITE;true;0.04;213220.55;0.0417;KELLY_LITE(mult=1.30 taper=1.00 n=20)+TIME_REDUCE(50%)+HARD_RISK_CAP(2.0%)+MAXLOSS_CAP;213220.55;213232.75;36;0
2026.08.11 17:07:12;XAUUSD;5;1786445813;SL_MODIFY_FAILED;ticket=118732693 newSL=4379.55 reason=break_even_lock_leg_0 err=0;MANAGE_PROFIT;SAFE;1;1;1;-1;-1;4382.08;10.80;10.80;12.20;-1.44;KELLY_LITE;true;0.04;213220.55;0.0417;KELLY_LITE(mult=1.30 taper=1.00 n=20)+TIME_REDUCE(50%)+HARD_RISK_CAP(2.0%)+MAXLOSS_CAP;213220.55;213231.35;36;0
2026.08.11 17:07:12;XAUUSD;5;1786445813;PROFIT_RATCHET_LOCKED;floor=4.12 peak=12.20;MANAGE_PROFIT;SAFE;1;1;1;-1;-1;4382.08;10.80;10.80;12.20;-1.44;KELLY_LITE;true;0.04;213220.55;0.0417;KELLY_LITE(mult=1.30 taper=1.00 n=20)+TIME_REDUCE(50%)+HARD_RISK_CAP(2.0%)+MAXLOSS_CAP;213220.55;213231.35;36;0
2026.08.11 17:07:12;XAUUSD;5;1786445813;PROFIT_RATCHET_LOCKED;floor=4.12 peak=12.20;MANAGE_PROFIT;SAFE;1;1;1;-1;-1;4382.08;10.80;10.80;12.20;-1.44;KELLY_LITE;true;0.04;213220.55;0.0417;KELLY_LITE(mult=1.30 taper=1.00 n=20)+TIME_REDUCE(50%)+HARD_RISK_CAP(2.0%)+MAXLOSS_CAP;213220.55;213231.35;36;0
2026.08.11 17:07:12;XAUUSD;5;1786445813;PROFIT_RATCHET_LOCKED;floor=4.12 peak=12.20;MANAGE_PROFIT;SAFE;1;1;1;-1;-1;4382.08;10.76;10.76;12.20;-1.44;KELLY_LITE;true;0.04;213220.55;0.0417;KELLY_LITE(mult=1.30 taper=1.00 n=20)+TIME_REDUCE(50%)+HARD_RISK_CAP(2.0%)+MAXLOSS_CAP;213220.55;213231.31;36;0
2026.08.11 17:07:13;XAUUSD;5;1786445813;PROFIT_RATCHET_LOCKED;floor=4.12 peak=12.20;MANAGE_PROFIT;SAFE;1;1;1;-1;-1;4382.08;10.48;10.48;12.20;-1.44;KELLY_LITE;true;0.04;213220.55;0.0417;KELLY_LITE(mult=1.30 taper=1.00 n=20)+TIME_REDUCE(50%)+HARD_RISK_CAP(2.0%)+MAXLOSS_CAP;213220.55;213231.03;36;0
2026.08.11 17:07:13;XAUUSD;5;1786445813;PROFIT_RATCHET_LOCKED;floor=4.12 peak=12.20;MANAGE_PROFIT;SAFE;1;1;1;-1;-1;4382.08;10.40;10.40;12.20;-1.44;KELLY_LITE;true;0.04;213220.55;0.0417;KELLY_LITE(mult=1.30 taper=1.00 n=20)+TIME_REDUCE(50%)+HARD_RISK_CAP(2.0%)+MAXLOSS_CAP;213220.55;213230.95;35;0
2026.08.11 17:07:14;XAUUSD;5;1786445813;PROFIT_RATCHET_LOCKED;floor=4.12 peak=12.20;MANAGE_PROFIT;SAFE;1;1;1;-1;-1;4382.08;10.56;10.56;12.20;-1.44;KELLY_LITE;true;0.04;213220.55;0.0417;KELLY_LITE(mult=1.30 taper=1.00 n=20)+TIME_REDUCE(50%)+HARD_RISK_CAP(2.0%)+MAXLOSS_CAP;213220.55;213231.11;34;0
2026.08.11 17:07:14;XAUUSD;5;1786445813;PROFIT_RATCHET_LOCKED;floor=4.12 peak=12.20;MANAGE_PROFIT;SAFE;1;1;1;-1;-1;4382.08;10.68;10.68;12.20;-1.44;KELLY_LITE;true;0.04;213220.55;0.0417;KELLY_LITE(mult=1.30 taper=1.00 n=20)+TIME_REDUCE(50%)+HARD_RISK_CAP(2.0%)+MAXLOSS_CAP;213220.55;213231.23;36;0
2026.08.11 17:07:14;XAUUSD;5;1786445813;PROFIT_RATCHET_LOCKED;floor=4.12 peak=12.20;MANAGE_PROFIT;SAFE;1;1;1;-1;-1;4382.08;10.64;10.64;12.20;-1.44;KELLY_LITE;true;0.04;213220.55;0.0417;KELLY_LITE(mult=1.30 taper=1.00 n=20)+TIME_REDUCE(50%)+HARD_RISK_CAP(2.0%)+MAXLOSS_CAP;213220.55;213231.19;36;0
2026.08.11 17:07:14;XAUUSD;5;1786445813;PROFIT_RATCHET_LOCKED;floor=4.12 peak=12.20;MANAGE_PROFIT;SAFE;1;1;1;-1;-1;4382.08;10.68;10.68;12.20;-1.44;KELLY_LITE;true;0.04;213220.55;0.0417;KELLY_LITE(mult=1.30 taper=1.00 n=20)+TIME_REDUCE(50%)+HARD_RISK_CAP(2.0%)+MAXLOSS_CAP;213220.55;213231.23;36;0
2026.08.11 17:07:15;XAUUSD;5;1786445813;PROFIT_RATCHET_LOCKED;floor=4.12 peak=12.20;MANAGE_PROFIT;SAFE;1;1;1;-1;-1;4382.08;10.72;10.72;12.20;-1.44;KELLY_LITE;true;0.04;213220.55;0.0417;KELLY_LITE(mult=1.30 taper=1.00 n=20)+TIME_REDUCE(50%)+HARD_RISK_CAP(2.0%)+MAXLOSS_CAP;213220.55;213231.27;35;0
2026.08.11 17:07:15;XAUUSD;5;1786445813;PROFIT_RATCHET_LOCKED;floor=4.12 peak=12.20;MANAGE_PROFIT;SAFE;1;1;1;-1;-1;4382.08;10.96;10.96;12.20;-1.44;KELLY_LITE;true;0.04;213220.55;0.0417;KELLY_LITE(mult=1.30 taper=1.00 n=20)+TIME_REDUCE(50%)+HARD_RISK_CAP(2.0%)+MAXLOSS_CAP;213220.55;213231.51;36;0
2026.08.11 17:07:15;XAUUSD;5;1786445813;PROFIT_RATCHET_LOCKED;floor=4.12 peak=12.20;MANAGE_PROFIT;SAFE;1;1;1;-1;-1;4382.08;10.92;10.92;12.20;-1.44;KELLY_LITE;true;0.04;213220.55;0.0417;KELLY_LITE(mult=1.30 taper=1.00 n=20)+TIME_REDUCE(50%)+HARD_RISK_CAP(2.0%)+MAXLOSS_CAP;213220.55;213231.47;36;0
2026.08.11 17:07:16;XAUUSD;5;1786445813;PROFIT_RATCHET_LOCKED;floor=4.12 peak=12.20;MANAGE_PROFIT;SAFE;1;1;1;-1;-1;4382.08;10.80;10.80;12.20;-1.44;KELLY_LITE;true;0.04;213220.55;0.0417;KELLY_LITE(mult=1.30 taper=1.00 n=20)+TIME_REDUCE(50%)+HARD_RISK_CAP(2.0%)+MAXLOSS_CAP;213220.55;213231.35;36;0
2026.08.11 17:07:16;XAUUSD;5;1786445813;PROFIT_RATCHET_LOCKED;floor=4.12 peak=12.20;MANAGE_PROFIT;SAFE;1;1;1;-1;-1;4382.08;10.48;10.48;12.20;-1.44;KELLY_LITE;true;0.04;213220.55;0.0417;KELLY_LITE(mult=1.30 taper=1.00 n=20)+TIME_REDUCE(50%)+HARD_RISK_CAP(2.0%)+MAXLOSS_CAP;213220.55;213231.03;36;0
2026.08.11 17:07:17;XAUUSD;5;1786445813;PROFIT_RATCHET_LOCKED;floor=4.12 peak=12.20;MANAGE_PROFIT;SAFE;1;1;1;-1;-1;4382.08;10.40;10.40;12.20;-1.44;KELLY_LITE;true;0.04;213220.55;0.0417;KELLY_LITE(mult=1.30 taper=1.00 n=20)+TIME_REDUCE(50%)+HARD_RISK_CAP(2.0%)+MAXLOSS_CAP;213220.55;213230.95;36;0
2026.08.11 17:07:17;XAUUSD;5;1786445813;PROFIT_RATCHET_LOCKED;floor=4.12 peak=12.20;MANAGE_PROFIT;SAFE;1;1;1;-1;-1;4382.08;10.24;10.24;12.20;-1.44;KELLY_LITE;true;0.04;213220.55;0.0417;KELLY_LITE(mult=1.30 taper=1.00 n=20)+TIME_REDUCE(50%)+HARD_RISK_CAP(2.0%)+MAXLOSS_CAP;213220.55;213230.79;33;0
2026.08.11 17:07:18;XAUUSD;5;1786445813;PROFIT_RATCHET_LOCKED;floor=4.12 peak=12.20;MANAGE_PROFIT;SAFE;1;1;1;-1;-1;4382.08;9.60;9.60;12.20;-1.44;KELLY_LITE;true;0.04;213220.55;0.0417;KELLY_LITE(mult=1.30 taper=1.00 n=20)+TIME_REDUCE(50%)+HARD_RISK_CAP(2.0%)+MAXLOSS_CAP;213220.55;213230.15;33;0
2026.08.11 17:07:18;XAUUSD;5;1786445813;PROFIT_RATCHET_LOCKED;floor=4.12 peak=12.20;MANAGE_PROFIT;SAFE;1;1;1;-1;-1;4382.08;9.20;9.20;12.20;-1.44;KELLY_LITE;true;0.04;213220.55;0.0417;KELLY_LITE(mult=1.30 taper=1.00 n=20)+TIME_REDUCE(50%)+HARD_RISK_CAP(2.0%)+MAXLOSS_CAP;213220.55;213229.75;36;0
2026.08.11 17:07:18;XAUUSD;5;1786445813;PROFIT_RATCHET_LOCKED;floor=4.12 peak=12.20;MANAGE_PROFIT;SAFE;1;1;1;-1;-1;4382.08;9.16;9.16;12.20;-1.44;KELLY_LITE;true;0.04;213220.55;0.0417;KELLY_LITE(mult=1.30 taper=1.00 n=20)+TIME_REDUCE(50%)+HARD_RISK_CAP(2.0%)+MAXLOSS_CAP;213220.55;213229.71;36;0
2026.08.11 17:07:18;XAUUSD;5;1786445813;PROFIT_RATCHET_LOCKED;floor=4.12 peak=12.20;MANAGE_PROFIT;SAFE;1;1;1;-1;-1;4382.08;9.12;9.12;12.20;-1.44;KELLY_LITE;true;0.04;213220.55;0.0417;KELLY_LITE(mult=1.30 taper=1.00 n=20)+TIME_REDUCE(50%)+HARD_RISK_CAP(2.0%)+MAXLOSS_CAP;213220.55;213229.67;36;0
2026.08.11 17:07:19;XAUUSD;5;1786445813;RECONCILED_BROKER_CLOSE;ticket=118732693 type=main pnl=9.12;MANAGE_PROFIT;SAFE;0;1;1;-1;-1;4382.08;0.00;0.00;12.20;-1.44;KELLY_LITE;true;0.04;213220.55;0.0417;KELLY_LITE(mult=1.30 taper=1.00 n=20)+TIME_REDUCE(50%)+HARD_RISK_CAP(2.0%)+MAXLOSS_CAP;213229.67;213229.67;33;0
2026.08.11 17:07:20;XAUUSD;5;1786445813;PENDING_DELETED;ticket=118733804 reason=main_gone_hedge_pending;WAIT_TRIGGER;SAFE;0;0;1;-1;-1;4382.08;0.00;0.00;12.20;-1.44;KELLY_LITE;true;0.04;213220.55;0.0417;KELLY_LITE(mult=1.30 taper=1.00 n=20)+TIME_REDUCE(50%)+HARD_RISK_CAP(2.0%)+MAXLOSS_CAP;213229.67;213229.67;33;0
2026.08.11 17:07:20;XAUUSD;5;1786445813;HEDGE_PENDING_CLEANUP;main_position_gone;WAIT_TRIGGER;SAFE;0;0;1;-1;-1;4382.08;0.00;0.00;12.20;-1.44;KELLY_LITE;true;0.04;213220.55;0.0417;KELLY_LITE(mult=1.30 taper=1.00 n=20)+TIME_REDUCE(50%)+HARD_RISK_CAP(2.0%)+MAXLOSS_CAP;213229.67;213229.67;33;0
2026.08.11 17:07:20;XAUUSD;5;1786445813;CYCLE_RESET;oldState=WAIT_TRIGGER realizedPnL=9.12 peak=12.20 worst=-1.44 pyramid=1 consLosses=0;WAIT_TRIGGER;SAFE;0;0;1;-1;-1;4382.08;0.00;0.00;12.20;-1.44;KELLY_LITE;true;0.04;213220.55;0.0417;KELLY_LITE(mult=1.30 taper=1.00 n=20)+TIME_REDUCE(50%)+HARD_RISK_CAP(2.0%)+MAXLOSS_CAP;213229.67;213229.67;33;0
2026.08.11 17:12:20;XAUUSD;5;1786445813;FILTER_BLOCK_TREND_DISAGREE;TREND_DISAGREE (main=-1 fast=1 rsi=43.9, no extreme);BLOCKED;SAFE;0;0;0;-1;-1;0.00;0.00;0.00;0.00;0.00;KELLY_LITE;true;0.04;213220.55;0.0417;KELLY_LITE(mult=1.30 taper=1.00 n=20)+TIME_REDUCE(50%)+HARD_RISK_CAP(2.0%)+MAXLOSS_CAP;213229.67;213229.67;36;0
2026.08.11 17:17:20;XAUUSD;5;1786445814;PLACE_PENDING_START;cycle=1786445814 trend=-1 consecLosses=0 preset=AGGRESSIVE;PLACE_PENDING;SAFE;0;0;0;-1;-1;0.00;0.00;0.00;0.00;0.00;KELLY_LITE;true;0.04;213220.55;0.0417;KELLY_LITE(mult=1.30 taper=1.00 n=20)+TIME_REDUCE(50%)+HARD_RISK_CAP(2.0%)+MAXLOSS_CAP;213229.67;213229.67;36;0
2026.08.11 17:17:20;XAUUSD;5;1786445814;DIR_OCO_PLACED;dir=BEAR ticket=118736920 price=4378.87 sl=4393.87 tp=4356.37 lot=0.04 dist=2.21;PLACE_PENDING;SAFE;0;1;0;-1;118736920;0.00;0.00;0.00;0.00;0.00;KELLY_LITE;true;0.04;213229.67;0.0417;KELLY_LITE(mult=1.30 taper=1.00 n=20)+TIME_REDUCE(50%)+HARD_RISK_CAP(2.0%)+MAXLOSS_CAP;213229.67;213229.67;36;0
2026.08.11 17:17:21;XAUUSD;5;1786445814;DIR_OCO_COUNTER_PLACED;dir=BULL(counter) ticket=118736923 price=4383.70 lot=0.03;PLACE_PENDING;SAFE;0;2;0;118736923;118736920;0.00;0.00;0.00;0.00;0.00;KELLY_LITE;true;0.04;213229.67;0.0417;KELLY_LITE(mult=1.30 taper=1.00 n=20)+TIME_REDUCE(50%)+HARD_RISK_CAP(2.0%)+MAXLOSS_CAP;213229.67;213229.67;36;0
2026.08.11 17:17:21;XAUUSD;5;1786445814;BUY_STOP_TRAILED;Old=4383.70 New=4383.36;WAIT_TRIGGER;SAFE;0;2;0;118736923;118736920;0.00;0.00;0.00;0.00;0.00;KELLY_LITE;true;0.04;213229.67;0.0417;KELLY_LITE(mult=1.30 taper=1.00 n=20)+TIME_REDUCE(50%)+HARD_RISK_CAP(2.0%)+MAXLOSS_CAP;213229.67;213229.67;36;0
2026.08.11 17:18:21;XAUUSD;5;1786445814;BUY_STOP_TRAILED;Old=4383.36 New=4383.03;WAIT_TRIGGER;SAFE;0;2;0;118736923;118736920;0.00;0.00;0.00;0.00;0.00;KELLY_LITE;true;0.04;213229.67;0.0417;KELLY_LITE(mult=1.30 taper=1.00 n=20)+TIME_REDUCE(50%)+HARD_RISK_CAP(2.0%)+MAXLOSS_CAP;213229.67;213229.67;36;0
2026.08.11 17:18:35;XAUUSD;5;1786445814;BUY_STOP_TRAILED;Old=4383.03 New=4382.62;WAIT_TRIGGER;SAFE;0;2;0;118736923;118736920;0.00;0.00;0.00;0.00;0.00;KELLY_LITE;true;0.04;213229.67;0.0417;KELLY_LITE(mult=1.30 taper=1.00 n=20)+TIME_REDUCE(50%)+HARD_RISK_CAP(2.0%)+MAXLOSS_CAP;213229.67;213229.67;36;0
2026.08.11 17:18:55;XAUUSD;5;1786445814;BUY_STOP_TRAILED;Old=4382.62 New=4382.28;WAIT_TRIGGER;SAFE;0;2;0;118736923;118736920;0.00;0.00;0.00;0.00;0.00;KELLY_LITE;true;0.04;213229.67;0.0417;KELLY_LITE(mult=1.30 taper=1.00 n=20)+TIME_REDUCE(50%)+HARD_RISK_CAP(2.0%)+MAXLOSS_CAP;213229.67;213229.67;36;0
2026.08.11 17:19:01;XAUUSD;5;1786445814;BUY_STOP_TRAILED;Old=4382.28 New=4381.96;WAIT_TRIGGER;SAFE;0;2;0;118736923;118736920;0.00;0.00;0.00;0.00;0.00;KELLY_LITE;true;0.04;213229.67;0.0417;KELLY_LITE(mult=1.30 taper=1.00 n=20)+TIME_REDUCE(50%)+HARD_RISK_CAP(2.0%)+MAXLOSS_CAP;213229.67;213229.67;36;0
2026.08.11 17:19:30;XAUUSD;5;1786445814;BUY_STOP_TRAILED;Old=4381.96 New=4381.65;WAIT_TRIGGER;SAFE;0;2;0;118736923;118736920;0.00;0.00;0.00;0.00;0.00;KELLY_LITE;true;0.04;213229.67;0.0417;KELLY_LITE(mult=1.30 taper=1.00 n=20)+TIME_REDUCE(50%)+HARD_RISK_CAP(2.0%)+MAXLOSS_CAP;213229.67;213229.67;36;0
2026.08.11 17:19:31;XAUUSD;5;1786445814;OCO_TRIGGERED_SELL;ticket=118736920 entry=4378.87;POSITION_ACTIVE;SAFE;1;1;0;118736923;-1;0.00;-1.32;-1.32;0.00;0.00;KELLY_LITE;true;0.04;213229.67;0.0417;KELLY_LITE(mult=1.30 taper=1.00 n=20)+TIME_REDUCE(50%)+HARD_RISK_CAP(2.0%)+MAXLOSS_CAP;213229.67;213228.35;36;0
2026.08.11 17:19:32;XAUUSD;5;1786445814;PENDING_DELETED;ticket=118736923 reason=oco_sell_triggered;POSITION_ACTIVE;SAFE;1;0;0;118736923;-1;0.00;-1.08;-1.08;0.00;0.00;KELLY_LITE;true;0.04;213229.67;0.0417;KELLY_LITE(mult=1.30 taper=1.00 n=20)+TIME_REDUCE(50%)+HARD_RISK_CAP(2.0%)+MAXLOSS_CAP;213229.67;213228.59;36;0
2026.08.11 17:19:32;XAUUSD;5;1786445814;HEDGE_PENDING_PLACED;dir=BUY_STOP ticket=118737239 price=4382.14 sl=4379.14 lot=0.05 mainEntry=4378.87 dist=3.00 confirmBars=1;POSITION_ACTIVE;SAFE;1;1;1;-1;-1;4378.87;-1.08;-1.08;0.00;-1.08;KELLY_LITE;true;0.04;213229.67;0.0417;KELLY_LITE(mult=1.30 taper=1.00 n=20)+TIME_REDUCE(50%)+HARD_RISK_CAP(2.0%)+MAXLOSS_CAP;213229.67;213228.59;36;0
2026.08.11 17:22:52;XAUUSD;5;1786445814;SL_MODIFIED;ticket=118737239 oldSL=4379.14 newSL=4381.93 reason=hedge_giveback_lock;MANAGE_PROFIT;SAFE;2;0;1;-1;-1;4378.87;-14.18;1.70;0.64;-15.15;KELLY_LITE;true;0.04;213229.67;0.0417;KELLY_LITE(mult=1.30 taper=1.00 n=20)+TIME_REDUCE(50%)+HARD_RISK_CAP(2.0%)+MAXLOSS_CAP;213229.67;213215.49;36;0
2026.08.11 17:22:52;XAUUSD;5;1786445814;SL_MODIFY_FAILED;ticket=118737239 newSL=4381.96 reason=hedge_giveback_lock err=0;MANAGE_PROFIT;SAFE;2;0;1;-1;-1;4378.87;-14.53;0.15;0.64;-15.15;KELLY_LITE;true;0.04;213229.67;0.0417;KELLY_LITE(mult=1.30 taper=1.00 n=20)+TIME_REDUCE(50%)+HARD_RISK_CAP(2.0%)+MAXLOSS_CAP;213229.67;213215.14;37;0
2026.08.11 17:22:53;XAUUSD;5;1786445814;POSITION_CLOSED;ticket=118737239 reason=hedge_reversal_giveback_cap lots=0.05 price=4382.17 pnl=0.15;MANAGE_PROFIT;SAFE;1;0;1;-1;-1;4378.87;-14.32;-14.32;0.64;-15.15;KELLY_LITE;true;0.04;213229.67;0.0417;KELLY_LITE(mult=1.30 taper=1.00 n=20)+TIME_REDUCE(50%)+HARD_RISK_CAP(2.0%)+MAXLOSS_CAP;213229.42;213215.10;36;0
2026.08.11 17:22:53;XAUUSD;5;1786445814;HEDGE_CLOSED_REVERSAL;profit=0.15 peak=1.70 giveback=1.55 cap=1.50 reason=giveback_cap ok=1;MANAGE_PROFIT;SAFE;1;0;1;-1;-1;4378.87;-14.32;-14.32;0.64;-15.15;KELLY_LITE;true;0.04;213229.67;0.0417;KELLY_LITE(mult=1.30 taper=1.00 n=20)+TIME_REDUCE(50%)+HARD_RISK_CAP(2.0%)+MAXLOSS_CAP;213229.42;213215.10;36;0
2026.08.11 17:29:37;XAUUSD;5;1786445814;EXIT_TIME_LOSS;held=10 profit=-15.64;MANAGE_PROFIT;SAFE;1;0;1;-1;-1;4378.87;-15.64;-15.64;0.64;-19.24;KELLY_LITE;true;0.04;213229.67;0.0417;KELLY_LITE(mult=1.30 taper=1.00 n=20)+TIME_REDUCE(50%)+HARD_RISK_CAP(2.0%)+MAXLOSS_CAP;213229.42;213213.78;36;0
2026.08.11 17:29:37;XAUUSD;5;1786445814;POSITION_CLOSED;ticket=118736920 reason=time_loss_exit lots=0.04 price=4382.78 pnl=-15.64;MANAGE_PROFIT;SAFE;0;0;1;-1;-1;4378.87;0.00;0.00;0.64;-19.24;KELLY_LITE;true;0.04;213229.67;0.0417;KELLY_LITE(mult=1.30 taper=1.00 n=20)+TIME_REDUCE(50%)+HARD_RISK_CAP(2.0%)+MAXLOSS_CAP;213213.62;213213.62;36;0
2026.08.11 17:29:37;XAUUSD;5;1786445814;CYCLE_RESET;oldState=RESET realizedPnL=-16.05 peak=0.64 worst=-19.24 pyramid=0 consLosses=1;RESET;SAFE;0;0;0;-1;-1;4378.87;0.00;0.00;0.64;-19.24;KELLY_LITE;true;0.04;213229.67;0.0417;KELLY_LITE(mult=1.30 taper=1.00 n=20)+TIME_REDUCE(50%)+HARD_RISK_CAP(2.0%)+MAXLOSS_CAP;213213.62;213213.62;36;0
2026.08.11 17:34:37;XAUUSD;5;1786445814;FILTER_BLOCK_ADX_WEAK_MAIN;ADX_WEAK_MAIN (adx=17.7 min=21.0 [streak=1]);BLOCKED;SAFE;0;0;0;-1;-1;0.00;0.00;0.00;0.00;0.00;KELLY_LITE;true;0.04;213229.67;0.0417;KELLY_LITE(mult=1.30 taper=1.00 n=20)+TIME_REDUCE(50%)+HARD_RISK_CAP(2.0%)+MAXLOSS_CAP;213213.62;213213.62;33;0
2026.08.11 17:39:37;XAUUSD;5;1786445814;FILTER_BLOCK_TREND_DISAGREE;TREND_DISAGREE (main=-1 fast=1 rsi=47.8, no extreme);BLOCKED;SAFE;0;0;0;-1;-1;0.00;0.00;0.00;0.00;0.00;KELLY_LITE;true;0.04;213229.67;0.0417;KELLY_LITE(mult=1.30 taper=1.00 n=20)+TIME_REDUCE(50%)+HARD_RISK_CAP(2.0%)+MAXLOSS_CAP;213213.62;213213.62;36;0
2026.08.11 17:44:37;XAUUSD;5;1786445814;FILTER_BLOCK_TREND_DISAGREE;TREND_DISAGREE (main=-1 fast=1 rsi=50.0, no extreme);BLOCKED;SAFE;0;0;0;-1;-1;0.00;0.00;0.00;0.00;0.00;KELLY_LITE;true;0.04;213229.67;0.0417;KELLY_LITE(mult=1.30 taper=1.00 n=20)+TIME_REDUCE(50%)+HARD_RISK_CAP(2.0%)+MAXLOSS_CAP;213213.62;213213.62;36;0
2026.08.11 17:49:37;XAUUSD;5;1786445814;FILTER_BLOCK_TREND_DISAGREE;TREND_DISAGREE (main=-1 fast=1 rsi=51.4, no extreme);BLOCKED;SAFE;0;0;0;-1;-1;0.00;0.00;0.00;0.00;0.00;KELLY_LITE;true;0.04;213229.67;0.0417;KELLY_LITE(mult=1.30 taper=1.00 n=20)+TIME_REDUCE(50%)+HARD_RISK_CAP(2.0%)+MAXLOSS_CAP;213213.62;213213.62;36;0
2026.08.11 17:54:37;XAUUSD;5;1786445814;FILTER_BLOCK_TREND_DISAGREE;TREND_DISAGREE (main=-1 fast=1 rsi=48.2, no extreme);BLOCKED;SAFE;0;0;0;-1;-1;0.00;0.00;0.00;0.00;0.00;KELLY_LITE;true;0.04;213229.67;0.0417;KELLY_LITE(mult=1.30 taper=1.00 n=20)+TIME_REDUCE(50%)+HARD_RISK_CAP(2.0%)+MAXLOSS_CAP;213213.62;213213.62;36;0
2026.08.11 17:59:37;XAUUSD;5;1786445814;FILTER_BLOCK_TREND_DISAGREE;TREND_DISAGREE (main=-1 fast=1 rsi=47.2, no extreme);BLOCKED;SAFE;0;0;0;-1;-1;0.00;0.00;0.00;0.00;0.00;KELLY_LITE;true;0.04;213229.67;0.0417;KELLY_LITE(mult=1.30 taper=1.00 n=20)+TIME_REDUCE(50%)+HARD_RISK_CAP(2.0%)+MAXLOSS_CAP;213213.62;213213.62;36;0
2026.08.11 18:04:37;XAUUSD;5;1786445814;FILTER_BLOCK_TREND_DISAGREE;TREND_DISAGREE (main=-1 fast=1 rsi=49.5, no extreme);BLOCKED;SAFE;0;0;0;-1;-1;0.00;0.00;0.00;0.00;0.00;KELLY_LITE;true;0.04;213229.67;0.0417;KELLY_LITE(mult=1.30 taper=1.00 n=20)+TIME_REDUCE(50%)+HARD_RISK_CAP(2.0%)+MAXLOSS_CAP;213213.62;213213.62;36;0
2026.08.11 18:09:37;XAUUSD;5;1786445814;FILTER_BLOCK_TREND_DISAGREE;TREND_DISAGREE (main=-1 fast=1 rsi=49.8, no extreme);BLOCKED;SAFE;0;0;0;-1;-1;0.00;0.00;0.00;0.00;0.00;KELLY_LITE;true;0.04;213229.67;0.0417;KELLY_LITE(mult=1.30 taper=1.00 n=20)+TIME_REDUCE(50%)+HARD_RISK_CAP(2.0%)+MAXLOSS_CAP;213213.62;213213.62;36;0
2026.08.11 18:14:37;XAUUSD;5;1786445814;FILTER_BLOCK_TREND_DISAGREE;TREND_DISAGREE (main=-1 fast=1 rsi=51.6, no extreme);BLOCKED;SAFE;0;0;0;-1;-1;0.00;0.00;0.00;0.00;0.00;KELLY_LITE;true;0.04;213229.67;0.0417;KELLY_LITE(mult=1.30 taper=1.00 n=20)+TIME_REDUCE(50%)+HARD_RISK_CAP(2.0%)+MAXLOSS_CAP;213213.62;213213.62;36;0
2026.08.11 18:19:37;XAUUSD;5;1786445814;FILTER_BLOCK_ADX_WEAK_MAIN;ADX_WEAK_MAIN (adx=15.4 min=21.0 [streak=1]);BLOCKED;SAFE;0;0;0;-1;-1;0.00;0.00;0.00;0.00;0.00;KELLY_LITE;true;0.04;213229.67;0.0417;KELLY_LITE(mult=1.30 taper=1.00 n=20)+TIME_REDUCE(50%)+HARD_RISK_CAP(2.0%)+MAXLOSS_CAP;213213.62;213213.62;36;0
2026.08.11 18:24:37;XAUUSD;5;1786445814;FILTER_BLOCK_ADX_WEAK_MAIN;ADX_WEAK_MAIN (adx=14.4 min=21.0 [streak=1]);BLOCKED;SAFE;0;0;0;-1;-1;0.00;0.00;0.00;0.00;0.00;KELLY_LITE;true;0.04;213229.67;0.0417;KELLY_LITE(mult=1.30 taper=1.00 n=20)+TIME_REDUCE(50%)+HARD_RISK_CAP(2.0%)+MAXLOSS_CAP;213213.62;213213.62;36;0
2026.08.11 18:29:37;XAUUSD;5;1786445814;FILTER_BLOCK_ADX_WEAK_MAIN;ADX_WEAK_MAIN (adx=12.6 min=21.0 [streak=1]);BLOCKED;SAFE;0;0;0;-1;-1;0.00;0.00;0.00;0.00;0.00;KELLY_LITE;true;0.04;213229.67;0.0417;KELLY_LITE(mult=1.30 taper=1.00 n=20)+TIME_REDUCE(50%)+HARD_RISK_CAP(2.0%)+MAXLOSS_CAP;213213.62;213213.62;36;0
2026.08.11 18:34:37;XAUUSD;5;1786445814;FILTER_BLOCK_ADX_WEAK_MAIN;ADX_WEAK_MAIN (adx=12.3 min=21.0 [streak=1]);BLOCKED;SAFE;0;0;0;-1;-1;0.00;0.00;0.00;0.00;0.00;KELLY_LITE;true;0.04;213229.67;0.0417;KELLY_LITE(mult=1.30 taper=1.00 n=20)+TIME_REDUCE(50%)+HARD_RISK_CAP(2.0%)+MAXLOSS_CAP;213213.62;213213.62;36;0
2026.08.11 18:39:37;XAUUSD;5;1786445814;FILTER_BLOCK_ADX_WEAK_MAIN;ADX_WEAK_MAIN (adx=14.5 min=21.0 [streak=1]);BLOCKED;SAFE;0;0;0;-1;-1;0.00;0.00;0.00;0.00;0.00;KELLY_LITE;true;0.04;213229.67;0.0417;KELLY_LITE(mult=1.30 taper=1.00 n=20)+TIME_REDUCE(50%)+HARD_RISK_CAP(2.0%)+MAXLOSS_CAP;213213.62;213213.62;36;0
2026.08.11 18:44:37;XAUUSD;5;1786445814;FILTER_BLOCK_ADX_WEAK_MAIN;ADX_WEAK_MAIN (adx=18.7 min=21.0 [streak=1]);BLOCKED;SAFE;0;0;0;-1;-1;0.00;0.00;0.00;0.00;0.00;KELLY_LITE;true;0.04;213229.67;0.0417;KELLY_LITE(mult=1.30 taper=1.00 n=20)+TIME_REDUCE(50%)+HARD_RISK_CAP(2.0%)+MAXLOSS_CAP;213213.62;213213.62;36;0
2026.08.11 18:49:37;XAUUSD;5;1786445814;FILTER_BLOCK_ADX_WEAK_MAIN;ADX_WEAK_MAIN (adx=18.7 min=21.0 [streak=1]);BLOCKED;SAFE;0;0;0;-1;-1;0.00;0.00;0.00;0.00;0.00;KELLY_LITE;true;0.04;213229.67;0.0417;KELLY_LITE(mult=1.30 taper=1.00 n=20)+TIME_REDUCE(50%)+HARD_RISK_CAP(2.0%)+MAXLOSS_CAP;213213.62;213213.62;36;0
2026.08.11 18:54:37;XAUUSD;5;1786445814;FILTER_BLOCK_ADX_WEAK_MAIN;ADX_WEAK_MAIN (adx=20.4 min=21.0 [streak=1]);BLOCKED;SAFE;0;0;0;-1;-1;0.00;0.00;0.00;0.00;0.00;KELLY_LITE;true;0.04;213229.67;0.0417;KELLY_LITE(mult=1.30 taper=1.00 n=20)+TIME_REDUCE(50%)+HARD_RISK_CAP(2.0%)+MAXLOSS_CAP;213213.62;213213.62;36;0
2026.08.11 18:59:37;XAUUSD;5;1786445815;PLACE_PENDING_START;cycle=1786445815 trend=-1 consecLosses=1 preset=AGGRESSIVE;PLACE_PENDING;SAFE;0;0;0;-1;-1;0.00;0.00;0.00;0.00;0.00;KELLY_LITE;true;0.04;213229.67;0.0417;KELLY_LITE(mult=1.30 taper=1.00 n=20)+TIME_REDUCE(50%)+HARD_RISK_CAP(2.0%)+MAXLOSS_CAP;213213.62;213213.62;36;0
2026.08.11 18:59:37;XAUUSD;5;1786445815;DIR_OCO_PLACED;dir=BEAR ticket=118758921 price=4368.42 sl=4383.42 tp=4345.92 lot=0.04 dist=1.50;PLACE_PENDING;SAFE;0;1;0;-1;118758921;0.00;0.00;0.00;0.00;0.00;KELLY_LITE;true;0.04;213213.62;0.0417;KELLY_LITE(mult=1.30 taper=1.00 n=20)+TIME_REDUCE(50%)+HARD_RISK_CAP(2.0%)+MAXLOSS_CAP;213213.62;213213.62;36;0
2026.08.11 18:59:38;XAUUSD;5;1786445815;DIR_OCO_COUNTER_PLACED;dir=BULL(counter) ticket=118758923 price=4371.77 lot=0.03;PLACE_PENDING;SAFE;0;2;0;118758923;118758921;0.00;0.00;0.00;0.00;0.00;KELLY_LITE;true;0.04;213213.62;0.0417;KELLY_LITE(mult=1.30 taper=1.00 n=20)+TIME_REDUCE(50%)+HARD_RISK_CAP(2.0%)+MAXLOSS_CAP;213213.62;213213.62;36;0
2026.08.11 18:59:46;XAUUSD;5;1786445815;BUY_STOP_TRAILED;Old=4371.77 New=4371.41;WAIT_TRIGGER;SAFE;0;2;0;118758923;118758921;0.00;0.00;0.00;0.00;0.00;KELLY_LITE;true;0.04;213213.62;0.0417;KELLY_LITE(mult=1.30 taper=1.00 n=20)+TIME_REDUCE(50%)+HARD_RISK_CAP(2.0%)+MAXLOSS_CAP;213213.62;213213.62;36;0
2026.08.11 18:59:54;XAUUSD;5;1786445815;BUY_STOP_TRAILED;Old=4371.41 New=4370.99;WAIT_TRIGGER;SAFE;0;2;0;118758923;118758921;0.00;0.00;0.00;0.00;0.00;KELLY_LITE;true;0.04;213213.62;0.0417;KELLY_LITE(mult=1.30 taper=1.00 n=20)+TIME_REDUCE(50%)+HARD_RISK_CAP(2.0%)+MAXLOSS_CAP;213213.62;213213.62;36;0
2026.08.11 19:00:00;XAUUSD;5;1786445815;BUY_STOP_TRAILED;Old=4370.99 New=4370.68;WAIT_TRIGGER;SAFE;0;2;0;118758923;118758921;0.00;0.00;0.00;0.00;0.00;KELLY_LITE;true;0.04;213213.62;0.0417;KELLY_LITE(mult=1.30 taper=1.00 n=20)+TIME_REDUCE(50%)+HARD_RISK_CAP(2.0%)+MAXLOSS_CAP;213213.62;213213.62;36;0
2026.08.11 19:00:02;XAUUSD;5;1786445815;BUY_STOP_TRAILED;Old=4370.68 New=4370.34;WAIT_TRIGGER;SAFE;1;1;0;118758923;118758921;0.00;-1.72;-1.72;0.00;0.00;KELLY_LITE;true;0.04;213213.62;0.0417;KELLY_LITE(mult=1.30 taper=1.00 n=20)+TIME_REDUCE(50%)+HARD_RISK_CAP(2.0%)+MAXLOSS_CAP;213213.62;213211.90;36;0
2026.08.11 19:00:02;XAUUSD;5;1786445815;OCO_TRIGGERED_SELL;ticket=118758921 entry=4368.42;POSITION_ACTIVE;SAFE;1;1;0;118758923;-1;0.00;-1.72;-1.72;0.00;0.00;KELLY_LITE;true;0.04;213213.62;0.0417;KELLY_LITE(mult=1.30 taper=1.00 n=20)+TIME_REDUCE(50%)+HARD_RISK_CAP(2.0%)+MAXLOSS_CAP;213213.62;213211.90;36;0
2026.08.11 19:00:03;XAUUSD;5;1786445815;PENDING_DELETED;ticket=118758923 reason=oco_sell_triggered;POSITION_ACTIVE;SAFE;1;0;0;118758923;-1;0.00;-0.80;-0.80;0.00;0.00;KELLY_LITE;true;0.04;213213.62;0.0417;KELLY_LITE(mult=1.30 taper=1.00 n=20)+TIME_REDUCE(50%)+HARD_RISK_CAP(2.0%)+MAXLOSS_CAP;213213.62;213212.82;36;0
2026.08.11 19:00:03;XAUUSD;5;1786445815;HEDGE_PENDING_PLACED;dir=BUY_STOP ticket=118759096 price=4371.62 sl=4368.62 lot=0.05 mainEntry=4368.42 dist=3.00 confirmBars=1;POSITION_ACTIVE;SAFE;1;1;1;-1;-1;4368.42;0.12;0.12;0.00;-0.80;KELLY_LITE;true;0.04;213213.62;0.0417;KELLY_LITE(mult=1.30 taper=1.00 n=20)+TIME_REDUCE(50%)+HARD_RISK_CAP(2.0%)+MAXLOSS_CAP;213213.62;213213.74;36;0
2026.08.11 19:02:20;XAUUSD;5;1786445815;SL_MODIFIED;ticket=118758921 oldSL=4383.42 newSL=4366.94 reason=break_even_lock_leg_0;MANAGE_PROFIT;SAFE;1;1;1;-1;-1;4368.42;8.28;8.28;8.00;-1.68;KELLY_LITE;true;0.04;213213.62;0.0417;KELLY_LITE(mult=1.30 taper=1.00 n=20)+TIME_REDUCE(50%)+HARD_RISK_CAP(2.0%)+MAXLOSS_CAP;213213.62;213221.90;36;0
2026.08.11 19:02:20;XAUUSD;5;1786445815;PROFIT_RATCHET_LOCKED;floor=2.70 peak=8.00;MANAGE_PROFIT;SAFE;1;1;1;-1;-1;4368.42;8.28;8.28;8.00;-1.68;KELLY_LITE;true;0.04;213213.62;0.0417;KELLY_LITE(mult=1.30 taper=1.00 n=20)+TIME_REDUCE(50%)+HARD_RISK_CAP(2.0%)+MAXLOSS_CAP;213213.62;213221.90;36;0
2026.08.11 19:02:21;XAUUSD;5;1786445815;SL_MODIFIED;ticket=118758921 oldSL=4366.94 newSL=4366.87 reason=break_even_lock_leg_0;MANAGE_PROFIT;SAFE;1;1;1;-1;-1;4368.42;8.32;8.32;8.28;-1.68;KELLY_LITE;true;0.04;213213.62;0.0417;KELLY_LITE(mult=1.30 taper=1.00 n=20)+TIME_REDUCE(50%)+HARD_RISK_CAP(2.0%)+MAXLOSS_CAP;213213.62;213221.94;36;0
2026.08.11 19:02:21;XAUUSD;5;1786445815;PROFIT_RATCHET_LOCKED;floor=2.79 peak=8.28;MANAGE_PROFIT;SAFE;1;1;1;-1;-1;4368.42;8.32;8.32;8.28;-1.68;KELLY_LITE;true;0.04;213213.62;0.0417;KELLY_LITE(mult=1.30 taper=1.00 n=20)+TIME_REDUCE(50%)+HARD_RISK_CAP(2.0%)+MAXLOSS_CAP;213213.62;213221.94;36;0
2026.08.11 19:02:21;XAUUSD;5;1786445815;PROFIT_RATCHET_LOCKED;floor=2.81 peak=8.32;MANAGE_PROFIT;SAFE;1;1;1;-1;-1;4368.42;8.32;8.32;8.32;-1.68;KELLY_LITE;true;0.04;213213.62;0.0417;KELLY_LITE(mult=1.30 taper=1.00 n=20)+TIME_REDUCE(50%)+HARD_RISK_CAP(2.0%)+MAXLOSS_CAP;213213.62;213221.94;36;0
2026.08.11 19:02:22;XAUUSD;5;1786445815;SL_MODIFY_FAILED;ticket=118758921 newSL=4366.83 reason=break_even_lock_leg_0 err=0;MANAGE_PROFIT;SAFE;1;1;1;-1;-1;4368.42;8.32;8.32;8.44;-1.68;KELLY_LITE;true;0.04;213213.62;0.0417;KELLY_LITE(mult=1.30 taper=1.00 n=20)+TIME_REDUCE(50%)+HARD_RISK_CAP(2.0%)+MAXLOSS_CAP;213213.62;213221.94;33;0
2026.08.11 19:02:22;XAUUSD;5;1786445815;PROFIT_RATCHET_LOCKED;floor=2.85 peak=8.44;MANAGE_PROFIT;SAFE;1;1;1;-1;-1;4368.42;8.32;8.32;8.44;-1.68;KELLY_LITE;true;0.04;213213.62;0.0417;KELLY_LITE(mult=1.30 taper=1.00 n=20)+TIME_REDUCE(50%)+HARD_RISK_CAP(2.0%)+MAXLOSS_CAP;213213.62;213221.94;33;0
2026.08.11 19:02:22;XAUUSD;5;1786445815;PROFIT_RATCHET_LOCKED;floor=2.85 peak=8.44;MANAGE_PROFIT;SAFE;1;1;1;-1;-1;4368.42;8.32;8.32;8.44;-1.68;KELLY_LITE;true;0.04;213213.62;0.0417;KELLY_LITE(mult=1.30 taper=1.00 n=20)+TIME_REDUCE(50%)+HARD_RISK_CAP(2.0%)+MAXLOSS_CAP;213213.62;213221.94;33;0
2026.08.11 19:02:22;XAUUSD;5;1786445815;PROFIT_RATCHET_LOCKED;floor=2.85 peak=8.44;MANAGE_PROFIT;SAFE;1;1;1;-1;-1;4368.42;8.20;8.20;8.44;-1.68;KELLY_LITE;true;0.04;213213.62;0.0417;KELLY_LITE(mult=1.30 taper=1.00 n=20)+TIME_REDUCE(50%)+HARD_RISK_CAP(2.0%)+MAXLOSS_CAP;213213.62;213221.82;36;0
2026.08.11 19:02:23;XAUUSD;5;1786445815;SL_MODIFIED;ticket=118758921 oldSL=4366.87 newSL=4366.83 reason=break_even_lock_leg_0 (retry buf=3pt);MANAGE_PROFIT;SAFE;1;1;1;-1;-1;4368.42;9.00;9.00;8.84;-1.68;KELLY_LITE;true;0.04;213213.62;0.0417;KELLY_LITE(mult=1.30 taper=1.00 n=20)+TIME_REDUCE(50%)+HARD_RISK_CAP(2.0%)+MAXLOSS_CAP;213213.62;213222.62;36;0
2026.08.11 19:02:23;XAUUSD;5;1786445815;PROFIT_RATCHET_LOCKED;floor=2.98 peak=8.84;MANAGE_PROFIT;SAFE;1;1;1;-1;-1;4368.42;9.00;9.00;8.84;-1.68;KELLY_LITE;true;0.04;213213.62;0.0417;KELLY_LITE(mult=1.30 taper=1.00 n=20)+TIME_REDUCE(50%)+HARD_RISK_CAP(2.0%)+MAXLOSS_CAP;213213.62;213222.62;36;0
2026.08.11 19:02:24;XAUUSD;5;1786445815;SL_MODIFIED;ticket=118758921 oldSL=4366.83 newSL=4366.69 reason=break_even_lock_leg_0;MANAGE_PROFIT;SAFE;1;1;1;-1;-1;4368.42;9.08;9.08;9.00;-1.68;KELLY_LITE;true;0.04;213213.62;0.0417;KELLY_LITE(mult=1.30 taper=1.00 n=20)+TIME_REDUCE(50%)+HARD_RISK_CAP(2.0%)+MAXLOSS_CAP;213213.62;213222.70;36;0
2026.08.11 19:02:24;XAUUSD;5;1786445815;PROFIT_RATCHET_LOCKED;floor=3.04 peak=9.00;MANAGE_PROFIT;SAFE;1;1;1;-1;-1;4368.42;9.08;9.08;9.00;-1.68;KELLY_LITE;true;0.04;213213.62;0.0417;KELLY_LITE(mult=1.30 taper=1.00 n=20)+TIME_REDUCE(50%)+HARD_RISK_CAP(2.0%)+MAXLOSS_CAP;213213.62;213222.70;36;0
2026.08.11 19:02:24;XAUUSD;5;1786445815;PROFIT_RATCHET_LOCKED;floor=3.06 peak=9.08;MANAGE_PROFIT;SAFE;1;1;1;-1;-1;4368.42;9.08;9.08;9.08;-1.68;KELLY_LITE;true;0.04;213213.62;0.0417;KELLY_LITE(mult=1.30 taper=1.00 n=20)+TIME_REDUCE(50%)+HARD_RISK_CAP(2.0%)+MAXLOSS_CAP;213213.62;213222.70;36;0
2026.08.11 19:02:24;XAUUSD;5;1786445815;PROFIT_RATCHET_LOCKED;floor=3.06 peak=9.08;MANAGE_PROFIT;SAFE;1;1;1;-1;-1;4368.42;8.96;8.96;9.08;-1.68;KELLY_LITE;true;0.04;213213.62;0.0417;KELLY_LITE(mult=1.30 taper=1.00 n=20)+TIME_REDUCE(50%)+HARD_RISK_CAP(2.0%)+MAXLOSS_CAP;213213.62;213222.58;36;0
2026.08.11 19:02:24;XAUUSD;5;1786445815;PROFIT_RATCHET_LOCKED;floor=3.06 peak=9.08;MANAGE_PROFIT;SAFE;1;1;1;-1;-1;4368.42;9.04;9.04;9.08;-1.68;KELLY_LITE;true;0.04;213213.62;0.0417;KELLY_LITE(mult=1.30 taper=1.00 n=20)+TIME_REDUCE(50%)+HARD_RISK_CAP(2.0%)+MAXLOSS_CAP;213213.62;213222.66;36;0
2026.08.11 19:02:24;XAUUSD;5;1786445815;PROFIT_RATCHET_LOCKED;floor=3.06 peak=9.08;MANAGE_PROFIT;SAFE;1;1;1;-1;-1;4368.42;8.92;8.92;9.08;-1.68;KELLY_LITE;true;0.04;213213.62;0.0417;KELLY_LITE(mult=1.30 taper=1.00 n=20)+TIME_REDUCE(50%)+HARD_RISK_CAP(2.0%)+MAXLOSS_CAP;213213.62;213222.54;36;0
2026.08.11 19:02:27;XAUUSD;5;1786445815;SL_MODIFIED;ticket=118758921 oldSL=4366.69 newSL=4365.17 reason=break_even_lock_leg_0 (retry buf=8pt);MANAGE_PROFIT;SAFE;1;1;1;-1;-1;4368.42;15.80;15.80;15.16;-1.68;KELLY_LITE;true;0.04;213213.62;0.0417;KELLY_LITE(mult=1.30 taper=1.00 n=20)+TIME_REDUCE(50%)+HARD_RISK_CAP(2.0%)+MAXLOSS_CAP;213213.62;213229.42;33;0
2026.08.11 19:02:27;XAUUSD;5;1786445815;PROFIT_RATCHET_LOCKED;floor=5.12 peak=15.16;MANAGE_PROFIT;SAFE;1;1;1;-1;-1;4368.42;15.80;15.80;15.16;-1.68;KELLY_LITE;true;0.04;213213.62;0.0417;KELLY_LITE(mult=1.30 taper=1.00 n=20)+TIME_REDUCE(50%)+HARD_RISK_CAP(2.0%)+MAXLOSS_CAP;213213.62;213229.42;33;0
2026.08.11 19:02:27;XAUUSD;5;1786445815;SL_MODIFIED;ticket=118758921 oldSL=4365.17 newSL=4364.99 reason=break_even_lock_leg_0;MANAGE_PROFIT;SAFE;1;1;1;-1;-1;4368.42;16.28;16.28;15.80;-1.68;KELLY_LITE;true;0.04;213213.62;0.0417;KELLY_LITE(mult=1.30 taper=1.00 n=20)+TIME_REDUCE(50%)+HARD_RISK_CAP(2.0%)+MAXLOSS_CAP;213213.62;213229.90;33;0
2026.08.11 19:02:27;XAUUSD;5;1786445815;PROFIT_RATCHET_LOCKED;floor=5.33 peak=15.80;MANAGE_PROFIT;SAFE;1;1;1;-1;-1;4368.42;16.28;16.28;15.80;-1.68;KELLY_LITE;true;0.04;213213.62;0.0417;KELLY_LITE(mult=1.30 taper=1.00 n=20)+TIME_REDUCE(50%)+HARD_RISK_CAP(2.0%)+MAXLOSS_CAP;213213.62;213229.90;33;0
2026.08.11 19:02:28;XAUUSD;5;1786445815;SL_MODIFIED;ticket=118758921 oldSL=4364.99 newSL=4364.92 reason=break_even_lock_leg_0 (retry buf=3pt);MANAGE_PROFIT;SAFE;1;1;1;-1;-1;4368.42;16.08;16.08;16.28;-1.68;KELLY_LITE;true;0.04;213213.62;0.0417;KELLY_LITE(mult=1.30 taper=1.00 n=20)+TIME_REDUCE(50%)+HARD_RISK_CAP(2.0%)+MAXLOSS_CAP;213213.62;213229.70;34;0
2026.08.11 19:02:28;XAUUSD;5;1786445815;PROFIT_RATCHET_LOCKED;floor=5.49 peak=16.28;MANAGE_PROFIT;SAFE;1;1;1;-1;-1;4368.42;16.08;16.08;16.28;-1.68;KELLY_LITE;true;0.04;213213.62;0.0417;KELLY_LITE(mult=1.30 taper=1.00 n=20)+TIME_REDUCE(50%)+HARD_RISK_CAP(2.0%)+MAXLOSS_CAP;213213.62;213229.70;34;0
2026.08.11 19:02:28;XAUUSD;5;1786445815;PROFIT_RATCHET_LOCKED;floor=5.49 peak=16.28;MANAGE_PROFIT;SAFE;1;1;1;-1;-1;4368.42;16.08;16.08;16.28;-1.68;KELLY_LITE;true;0.04;213213.62;0.0417;KELLY_LITE(mult=1.30 taper=1.00 n=20)+TIME_REDUCE(50%)+HARD_RISK_CAP(2.0%)+MAXLOSS_CAP;213213.62;213229.70;34;0
2026.08.11 19:02:28;XAUUSD;5;1786445815;PROFIT_RATCHET_LOCKED;floor=5.49 peak=16.28;MANAGE_PROFIT;SAFE;1;1;1;-1;-1;4368.42;15.80;15.80;16.28;-1.68;KELLY_LITE;true;0.04;213213.62;0.0417;KELLY_LITE(mult=1.30 taper=1.00 n=20)+TIME_REDUCE(50%)+HARD_RISK_CAP(2.0%)+MAXLOSS_CAP;213213.62;213229.42;33;0
2026.08.11 19:02:29;XAUUSD;5;1786445815;PROFIT_RATCHET_LOCKED;floor=5.49 peak=16.28;MANAGE_PROFIT;SAFE;1;1;1;-1;-1;4368.42;16.08;16.08;16.28;-1.68;KELLY_LITE;true;0.04;213213.62;0.0417;KELLY_LITE(mult=1.30 taper=1.00 n=20)+TIME_REDUCE(50%)+HARD_RISK_CAP(2.0%)+MAXLOSS_CAP;213213.62;213229.70;33;0
2026.08.11 19:02:29;XAUUSD;5;1786445815;PROFIT_RATCHET_LOCKED;floor=5.49 peak=16.28;MANAGE_PROFIT;SAFE;1;1;1;-1;-1;4368.42;15.84;15.84;16.28;-1.68;KELLY_LITE;true;0.04;213213.62;0.0417;KELLY_LITE(mult=1.30 taper=1.00 n=20)+TIME_REDUCE(50%)+HARD_RISK_CAP(2.0%)+MAXLOSS_CAP;213213.62;213229.46;33;0
2026.08.11 19:02:29;XAUUSD;5;1786445815;PROFIT_RATCHET_LOCKED;floor=5.49 peak=16.28;MANAGE_PROFIT;SAFE;1;1;1;-1;-1;4368.42;16.04;16.04;16.28;-1.68;KELLY_LITE;true;0.04;213213.62;0.0417;KELLY_LITE(mult=1.30 taper=1.00 n=20)+TIME_REDUCE(50%)+HARD_RISK_CAP(2.0%)+MAXLOSS_CAP;213213.62;213229.66;33;0
2026.08.11 19:02:29;XAUUSD;5;1786445815;PROFIT_RATCHET_LOCKED;floor=5.49 peak=16.28;MANAGE_PROFIT;SAFE;1;1;1;-1;-1;4368.42;16.08;16.08;16.28;-1.68;KELLY_LITE;true;0.04;213213.62;0.0417;KELLY_LITE(mult=1.30 taper=1.00 n=20)+TIME_REDUCE(50%)+HARD_RISK_CAP(2.0%)+MAXLOSS_CAP;213213.62;213229.70;34;0
2026.08.11 19:02:30;XAUUSD;5;1786445815;SL_MODIFIED;ticket=118758921 oldSL=4364.92 newSL=4364.86 reason=break_even_lock_leg_0;MANAGE_PROFIT;SAFE;1;1;1;-1;-1;4368.42;16.24;16.24;16.32;-1.68;KELLY_LITE;true;0.04;213213.62;0.0417;KELLY_LITE(mult=1.30 taper=1.00 n=20)+TIME_REDUCE(50%)+HARD_RISK_CAP(2.0%)+MAXLOSS_CAP;213213.62;213229.86;33;0
2026.08.11 19:02:30;XAUUSD;5;1786445815;PROFIT_RATCHET_LOCKED;floor=5.51 peak=16.32;MANAGE_PROFIT;SAFE;1;1;1;-1;-1;4368.42;16.24;16.24;16.32;-1.68;KELLY_LITE;true;0.04;213213.62;0.0417;KELLY_LITE(mult=1.30 taper=1.00 n=20)+TIME_REDUCE(50%)+HARD_RISK_CAP(2.0%)+MAXLOSS_CAP;213213.62;213229.86;33;0
2026.08.11 19:02:30;XAUUSD;5;1786445815;PROFIT_RATCHET_LOCKED;floor=5.51 peak=16.32;MANAGE_PROFIT;SAFE;1;1;1;-1;-1;4368.42;16.24;16.24;16.32;-1.68;KELLY_LITE;true;0.04;213213.62;0.0417;KELLY_LITE(mult=1.30 taper=1.00 n=20)+TIME_REDUCE(50%)+HARD_RISK_CAP(2.0%)+MAXLOSS_CAP;213213.62;213229.86;33;0
2026.08.11 19:02:30;XAUUSD;5;1786445815;PROFIT_RATCHET_LOCKED;floor=5.51 peak=16.32;MANAGE_PROFIT;SAFE;1;1;1;-1;-1;4368.42;15.84;15.84;16.32;-1.68;KELLY_LITE;true;0.04;213213.62;0.0417;KELLY_LITE(mult=1.30 taper=1.00 n=20)+TIME_REDUCE(50%)+HARD_RISK_CAP(2.0%)+MAXLOSS_CAP;213213.62;213229.46;33;0
2026.08.11 19:02:31;XAUUSD;5;1786445815;PROFIT_RATCHET_LOCKED;floor=5.51 peak=16.32;MANAGE_PROFIT;SAFE;1;1;1;-1;-1;4368.42;16.12;16.12;16.32;-1.68;KELLY_LITE;true;0.04;213213.62;0.0417;KELLY_LITE(mult=1.30 taper=1.00 n=20)+TIME_REDUCE(50%)+HARD_RISK_CAP(2.0%)+MAXLOSS_CAP;213213.62;213229.74;33;0
2026.08.11 19:02:31;XAUUSD;5;1786445815;PROFIT_RATCHET_LOCKED;floor=5.51 peak=16.32;MANAGE_PROFIT;SAFE;1;1;1;-1;-1;4368.42;15.92;15.92;16.32;-1.68;KELLY_LITE;true;0.04;213213.62;0.0417;KELLY_LITE(mult=1.30 taper=1.00 n=20)+TIME_REDUCE(50%)+HARD_RISK_CAP(2.0%)+MAXLOSS_CAP;213213.62;213229.54;33;0
2026.08.11 19:02:31;XAUUSD;5;1786445815;PROFIT_RATCHET_LOCKED;floor=5.51 peak=16.32;MANAGE_PROFIT;SAFE;1;1;1;-1;-1;4368.42;16.08;16.08;16.32;-1.68;KELLY_LITE;true;0.04;213213.62;0.0417;KELLY_LITE(mult=1.30 taper=1.00 n=20)+TIME_REDUCE(50%)+HARD_RISK_CAP(2.0%)+MAXLOSS_CAP;213213.62;213229.70;34;0
2026.08.11 19:02:31;XAUUSD;5;1786445815;PROFIT_RATCHET_LOCKED;floor=5.51 peak=16.32;MANAGE_PROFIT;SAFE;1;1;1;-1;-1;4368.42;15.76;15.76;16.32;-1.68;KELLY_LITE;true;0.04;213213.62;0.0417;KELLY_LITE(mult=1.30 taper=1.00 n=20)+TIME_REDUCE(50%)+HARD_RISK_CAP(2.0%)+MAXLOSS_CAP;213213.62;213229.38;33;0
2026.08.11 19:02:31;XAUUSD;5;1786445815;PROFIT_RATCHET_LOCKED;floor=5.51 peak=16.32;MANAGE_PROFIT;SAFE;1;1;1;-1;-1;4368.42;16.04;16.04;16.32;-1.68;KELLY_LITE;true;0.04;213213.62;0.0417;KELLY_LITE(mult=1.30 taper=1.00 n=20)+TIME_REDUCE(50%)+HARD_RISK_CAP(2.0%)+MAXLOSS_CAP;213213.62;213229.66;33;0
2026.08.11 19:02:32;XAUUSD;5;1786445815;PROFIT_RATCHET_LOCKED;floor=5.51 peak=16.32;MANAGE_PROFIT;SAFE;1;1;1;-1;-1;4368.42;15.80;15.80;16.32;-1.68;KELLY_LITE;true;0.04;213213.62;0.0417;KELLY_LITE(mult=1.30 taper=1.00 n=20)+TIME_REDUCE(50%)+HARD_RISK_CAP(2.0%)+MAXLOSS_CAP;213213.62;213229.42;33;0
2026.08.11 19:02:32;XAUUSD;5;1786445815;PROFIT_RATCHET_LOCKED;floor=5.52 peak=16.36;MANAGE_PROFIT;SAFE;1;1;1;-1;-1;4368.42;16.36;16.36;16.36;-1.68;KELLY_LITE;true;0.04;213213.62;0.0417;KELLY_LITE(mult=1.30 taper=1.00 n=20)+TIME_REDUCE(50%)+HARD_RISK_CAP(2.0%)+MAXLOSS_CAP;213213.62;213229.98;33;0
2026.08.11 19:02:33;XAUUSD;5;1786445815;SL_MODIFIED;ticket=118758921 oldSL=4364.86 newSL=4364.80 reason=break_even_lock_leg_0;MANAGE_PROFIT;SAFE;1;1;1;-1;-1;4368.42;17.20;17.20;16.56;-1.68;KELLY_LITE;true;0.04;213213.62;0.0417;KELLY_LITE(mult=1.30 taper=1.00 n=20)+TIME_REDUCE(50%)+HARD_RISK_CAP(2.0%)+MAXLOSS_CAP;213213.62;213230.82;33;0
2026.08.11 19:02:33;XAUUSD;5;1786445815;PROFIT_RATCHET_LOCKED;floor=5.59 peak=16.56;MANAGE_PROFIT;SAFE;1;1;1;-1;-1;4368.42;17.20;17.20;16.56;-1.68;KELLY_LITE;true;0.04;213213.62;0.0417;KELLY_LITE(mult=1.30 taper=1.00 n=20)+TIME_REDUCE(50%)+HARD_RISK_CAP(2.0%)+MAXLOSS_CAP;213213.62;213230.82;33;0
2026.08.11 19:02:34;XAUUSD;5;1786445815;PROFIT_RATCHET_LOCKED;floor=5.80 peak=17.20;MANAGE_PROFIT;SAFE;1;1;1;-1;-1;4368.42;15.48;15.48;17.20;-1.68;KELLY_LITE;true;0.04;213213.62;0.0417;KELLY_LITE(mult=1.30 taper=1.00 n=20)+TIME_REDUCE(50%)+HARD_RISK_CAP(2.0%)+MAXLOSS_CAP;213213.62;213229.10;33;0
2026.08.11 19:02:34;XAUUSD;5;1786445815;PROFIT_RATCHET_LOCKED;floor=5.80 peak=17.20;MANAGE_PROFIT;SAFE;1;1;1;-1;-1;4368.42;15.48;15.48;17.20;-1.68;KELLY_LITE;true;0.04;213213.62;0.0417;KELLY_LITE(mult=1.30 taper=1.00 n=20)+TIME_REDUCE(50%)+HARD_RISK_CAP(2.0%)+MAXLOSS_CAP;213213.62;213229.10;33;0
2026.08.11 19:02:34;XAUUSD;5;1786445815;RECONCILED_BROKER_CLOSE;ticket=118758921 type=main pnl=14.48;MANAGE_PROFIT;SAFE;0;1;1;-1;-1;4368.42;0.00;0.00;17.20;-1.68;KELLY_LITE;true;0.04;213213.62;0.0417;KELLY_LITE(mult=1.30 taper=1.00 n=20)+TIME_REDUCE(50%)+HARD_RISK_CAP(2.0%)+MAXLOSS_CAP;213228.10;213228.10;34;0
2026.08.11 19:02:34;XAUUSD;5;1786445815;PENDING_DELETED;ticket=118759096 reason=main_gone_hedge_pending;WAIT_TRIGGER;SAFE;0;0;1;-1;-1;4368.42;0.00;0.00;17.20;-1.68;KELLY_LITE;true;0.04;213213.62;0.0417;KELLY_LITE(mult=1.30 taper=1.00 n=20)+TIME_REDUCE(50%)+HARD_RISK_CAP(2.0%)+MAXLOSS_CAP;213228.10;213228.10;36;0
2026.08.11 19:02:34;XAUUSD;5;1786445815;HEDGE_PENDING_CLEANUP;main_position_gone;WAIT_TRIGGER;SAFE;0;0;1;-1;-1;4368.42;0.00;0.00;17.20;-1.68;KELLY_LITE;true;0.04;213213.62;0.0417;KELLY_LITE(mult=1.30 taper=1.00 n=20)+TIME_REDUCE(50%)+HARD_RISK_CAP(2.0%)+MAXLOSS_CAP;213228.10;213228.10;36;0
2026.08.11 19:02:34;XAUUSD;5;1786445815;CYCLE_RESET;oldState=WAIT_TRIGGER realizedPnL=14.48 peak=17.20 worst=-1.68 pyramid=1 consLosses=0;WAIT_TRIGGER;SAFE;0;0;1;-1;-1;4368.42;0.00;0.00;17.20;-1.68;KELLY_LITE;true;0.04;213213.62;0.0417;KELLY_LITE(mult=1.30 taper=1.00 n=20)+TIME_REDUCE(50%)+HARD_RISK_CAP(2.0%)+MAXLOSS_CAP;213228.10;213228.10;36;0
2026.08.11 19:07:34;XAUUSD;5;1786445815;FILTER_BLOCK_RSI_SELL;RSI_SELL_BLOCK (rsi=25.5 min=30.0);BLOCKED;SAFE;0;0;0;-1;-1;0.00;0.00;0.00;0.00;0.00;KELLY_LITE;true;0.04;213213.62;0.0417;KELLY_LITE(mult=1.30 taper=1.00 n=20)+TIME_REDUCE(50%)+HARD_RISK_CAP(2.0%)+MAXLOSS_CAP;213228.10;213228.10;36;0
2026.08.11 19:12:34;XAUUSD;5;1786445815;FILTER_RSI_EXTREME_PAUSE;rsi=22.6 pause=300s;IDLE;SAFE;0;0;0;-1;-1;0.00;0.00;0.00;0.00;0.00;KELLY_LITE;true;0.04;213213.62;0.0417;KELLY_LITE(mult=1.30 taper=1.00 n=20)+TIME_REDUCE(50%)+HARD_RISK_CAP(2.0%)+MAXLOSS_CAP;213228.10;213228.10;36;0
2026.08.11 19:12:34;XAUUSD;5;1786445815;FILTER_BLOCK_RSI_EXTREME_PAUSE;RSI_EXTREME_PAUSE (300s left rsi=22.6);BLOCKED;SAFE;0;0;0;-1;-1;0.00;0.00;0.00;0.00;0.00;KELLY_LITE;true;0.04;213213.62;0.0417;KELLY_LITE(mult=1.30 taper=1.00 n=20)+TIME_REDUCE(50%)+HARD_RISK_CAP(2.0%)+MAXLOSS_CAP;213228.10;213228.10;36;0
2026.08.11 19:17:34;XAUUSD;5;1786445815;FILTER_BLOCK_RSI_SELL;RSI_SELL_BLOCK (rsi=28.2 min=30.0);BLOCKED;SAFE;0;0;0;-1;-1;0.00;0.00;0.00;0.00;0.00;KELLY_LITE;true;0.04;213213.62;0.0417;KELLY_LITE(mult=1.30 taper=1.00 n=20)+TIME_REDUCE(50%)+HARD_RISK_CAP(2.0%)+MAXLOSS_CAP;213228.10;213228.10;36;0
2026.08.11 19:22:34;XAUUSD;5;1786445816;PLACE_PENDING_START;cycle=1786445816 trend=-1 consecLosses=0 preset=AGGRESSIVE;PLACE_PENDING;SAFE;0;0;0;-1;-1;0.00;0.00;0.00;0.00;0.00;KELLY_LITE;true;0.04;213213.62;0.0417;KELLY_LITE(mult=1.30 taper=1.00 n=20)+TIME_REDUCE(50%)+HARD_RISK_CAP(2.0%)+MAXLOSS_CAP;213228.10;213228.10;33;0
2026.08.11 19:22:34;XAUUSD;5;1786445816;DIR_OCO_PLACED;dir=BEAR ticket=118765817 price=4360.99 sl=4375.99 tp=4338.49 lot=0.04 dist=1.65;PLACE_PENDING;SAFE;0;1;0;-1;118765817;0.00;0.00;0.00;0.00;0.00;KELLY_LITE;true;0.04;213228.10;0.0417;KELLY_LITE(mult=1.30 taper=1.00 n=20)+TIME_REDUCE(50%)+HARD_RISK_CAP(2.0%)+MAXLOSS_CAP;213228.10;213228.10;36;0
2026.08.11 19:22:35;XAUUSD;5;1786445816;DIR_OCO_COUNTER_PLACED;dir=BULL(counter) ticket=118765819 price=4364.68 lot=0.03;PLACE_PENDING;SAFE;0;2;0;118765819;118765817;0.00;0.00;0.00;0.00;0.00;KELLY_LITE;true;0.04;213228.10;0.0417;KELLY_LITE(mult=1.30 taper=1.00 n=20)+TIME_REDUCE(50%)+HARD_RISK_CAP(2.0%)+MAXLOSS_CAP;213228.10;213228.10;36;0
2026.08.11 19:22:40;XAUUSD;5;1786445816;SELL_STOP_TRAILED;Old=4360.99 New=4361.35;WAIT_TRIGGER;SAFE;0;2;0;118765819;118765817;0.00;0.00;0.00;0.00;0.00;KELLY_LITE;true;0.04;213228.10;0.0417;KELLY_LITE(mult=1.30 taper=1.00 n=20)+TIME_REDUCE(50%)+HARD_RISK_CAP(2.0%)+MAXLOSS_CAP;213228.10;213228.10;36;0
2026.08.11 19:22:52;XAUUSD;5;1786445816;SELL_STOP_TRAILED;Old=4361.35 New=4361.67;WAIT_TRIGGER;SAFE;0;2;0;118765819;118765817;0.00;0.00;0.00;0.00;0.00;KELLY_LITE;true;0.04;213228.10;0.0417;KELLY_LITE(mult=1.30 taper=1.00 n=20)+TIME_REDUCE(50%)+HARD_RISK_CAP(2.0%)+MAXLOSS_CAP;213228.10;213228.10;36;0
2026.08.11 19:22:58;XAUUSD;5;1786445816;SELL_STOP_TRAILED;Old=4361.67 New=4362.04;WAIT_TRIGGER;SAFE;0;2;0;118765819;118765817;0.00;0.00;0.00;0.00;0.00;KELLY_LITE;true;0.04;213228.10;0.0417;KELLY_LITE(mult=1.30 taper=1.00 n=20)+TIME_REDUCE(50%)+HARD_RISK_CAP(2.0%)+MAXLOSS_CAP;213228.10;213228.10;36;0
2026.08.11 19:23:04;XAUUSD;5;1786445816;SELL_STOP_TRAILED;Old=4362.04 New=4362.41;WAIT_TRIGGER;SAFE;0;2;0;118765819;118765817;0.00;0.00;0.00;0.00;0.00;KELLY_LITE;true;0.04;213228.10;0.0417;KELLY_LITE(mult=1.30 taper=1.00 n=20)+TIME_REDUCE(50%)+HARD_RISK_CAP(2.0%)+MAXLOSS_CAP;213228.10;213228.10;36;0
2026.08.11 19:23:14;XAUUSD;5;1786445816;OCO_TRIGGERED_BUY;ticket=118765819 entry=4364.68;POSITION_ACTIVE;SAFE;1;1;0;-1;118765817;0.00;-0.90;-0.90;0.00;0.00;KELLY_LITE;true;0.04;213228.10;0.0417;KELLY_LITE(mult=1.30 taper=1.00 n=20)+TIME_REDUCE(50%)+HARD_RISK_CAP(2.0%)+MAXLOSS_CAP;213228.10;213227.20;36;0
2026.08.11 19:23:14;XAUUSD;5;1786445816;PENDING_DELETED;ticket=118765817 reason=oco_buy_triggered;POSITION_ACTIVE;SAFE;1;0;0;-1;118765817;0.00;-1.29;-1.29;0.00;0.00;KELLY_LITE;true;0.04;213228.10;0.0417;KELLY_LITE(mult=1.30 taper=1.00 n=20)+TIME_REDUCE(50%)+HARD_RISK_CAP(2.0%)+MAXLOSS_CAP;213228.10;213226.81;36;0
2026.08.11 19:23:14;XAUUSD;5;1786445816;HEDGE_BLOCK_CONFIRM;need=1 adverse bars;POSITION_ACTIVE;SAFE;1;0;1;-1;-1;4364.68;-1.29;-1.29;0.00;-1.29;KELLY_LITE;true;0.04;213228.10;0.0417;KELLY_LITE(mult=1.30 taper=1.00 n=20)+TIME_REDUCE(50%)+HARD_RISK_CAP(2.0%)+MAXLOSS_CAP;213228.10;213226.81;36;0
2026.08.11 19:23:44;XAUUSD;5;1786445816;HEDGE_BLOCK_CONFIRM;need=1 adverse bars;MANAGE_PROFIT;SAFE;1;0;1;-1;-1;4364.68;0.15;0.15;0.00;-1.98;KELLY_LITE;true;0.04;213228.10;0.0417;KELLY_LITE(mult=1.30 taper=1.00 n=20)+TIME_REDUCE(50%)+HARD_RISK_CAP(2.0%)+MAXLOSS_CAP;213228.10;213228.25;33;0
2026.08.11 19:24:14;XAUUSD;5;1786445816;HEDGE_BLOCK_CONFIRM;need=1 adverse bars;MANAGE_PROFIT;SAFE;1;0;1;-1;-1;4364.68;-3.00;-3.00;0.63;-3.03;KELLY_LITE;true;0.04;213228.10;0.0417;KELLY_LITE(mult=1.30 taper=1.00 n=20)+TIME_REDUCE(50%)+HARD_RISK_CAP(2.0%)+MAXLOSS_CAP;213228.10;213225.10;36;0
2026.08.11 19:24:44;XAUUSD;5;1786445816;HEDGE_BLOCK_CONFIRM;need=1 adverse bars;MANAGE_PROFIT;SAFE;1;0;1;-1;-1;4364.68;-0.51;-0.51;0.63;-3.42;KELLY_LITE;true;0.04;213228.10;0.0417;KELLY_LITE(mult=1.30 taper=1.00 n=20)+TIME_REDUCE(50%)+HARD_RISK_CAP(2.0%)+MAXLOSS_CAP;213228.10;213227.59;36;0
2026.08.11 19:25:00;XAUUSD;5;1786445816;HEDGE_PENDING_PLACED;dir=SELL_STOP ticket=118766399 price=4361.23 sl=4364.23 lot=0.05 mainEntry=4364.68 dist=3.00 confirmBars=1;MANAGE_PROFIT;SAFE;1;1;1;-1;-1;4364.68;-1.23;-1.23;0.63;-3.42;KELLY_LITE;true;0.04;213228.10;0.0417;KELLY_LITE(mult=1.30 taper=1.00 n=20)+TIME_REDUCE(50%)+HARD_RISK_CAP(2.0%)+MAXLOSS_CAP;213228.10;213226.87;36;0
2026.08.11 19:29:56;XAUUSD;5;1786445816;SL_MODIFIED;ticket=118766399 oldSL=4364.23 newSL=4362.04 reason=hedge_giveback_lock (retry buf=8pt);MANAGE_PROFIT;SAFE;2;0;1;-1;-1;4364.68;-11.73;-0.75;1.98;-11.74;KELLY_LITE;true;0.04;213228.10;0.0417;KELLY_LITE(mult=1.30 taper=1.00 n=20)+TIME_REDUCE(50%)+HARD_RISK_CAP(2.0%)+MAXLOSS_CAP;213228.10;213216.37;36;0
2026.08.11 19:29:56;XAUUSD;5;1786445816;POSITION_CLOSED;ticket=118766399 reason=hedge_trail_close lots=0.05 price=4361.38 pnl=-0.75;MANAGE_PROFIT;SAFE;1;0;1;-1;-1;4364.68;-10.41;-10.41;1.98;-11.74;KELLY_LITE;true;0.04;213228.10;0.0417;KELLY_LITE(mult=1.30 taper=1.00 n=20)+TIME_REDUCE(50%)+HARD_RISK_CAP(2.0%)+MAXLOSS_CAP;213227.20;213216.79;36;0
2026.08.11 19:29:56;XAUUSD;5;1786445816;HEDGE_CLOSED_TRAIL;peak=2.50 close=-0.75 threshold=0.75 reason=peak_retrace ok=1;MANAGE_PROFIT;SAFE;1;0;1;-1;-1;4364.68;-10.41;-10.41;1.98;-11.74;KELLY_LITE;true;0.04;213228.10;0.0417;KELLY_LITE(mult=1.30 taper=1.00 n=20)+TIME_REDUCE(50%)+HARD_RISK_CAP(2.0%)+MAXLOSS_CAP;213227.20;213216.79;36;0
2026.08.11 19:34:18;XAUUSD;5;1786445816;SL_MODIFIED;ticket=118765819 oldSL=4349.68 newSL=4366.83 reason=break_even_lock_leg_0;MANAGE_PROFIT;SAFE;1;0;1;-1;-1;4364.68;8.58;8.58;8.01;-11.74;KELLY_LITE;true;0.04;213228.10;0.0417;KELLY_LITE(mult=1.30 taper=1.00 n=20)+TIME_REDUCE(50%)+HARD_RISK_CAP(2.0%)+MAXLOSS_CAP;213227.20;213235.78;33;0
2026.08.11 19:34:18;XAUUSD;5;1786445816;PROFIT_RATCHET_LOCKED;floor=3.40 peak=8.01;MANAGE_PROFIT;SAFE;1;0;1;-1;-1;4364.68;8.58;8.58;8.01;-11.74;KELLY_LITE;true;0.04;213228.10;0.0417;KELLY_LITE(mult=1.30 taper=1.00 n=20)+TIME_REDUCE(50%)+HARD_RISK_CAP(2.0%)+MAXLOSS_CAP;213227.20;213235.78;33;0
2026.08.11 19:34:18;XAUUSD;5;1786445816;SL_MODIFIED;ticket=118765819 oldSL=4366.83 newSL=4367.02 reason=break_even_lock_leg_0;MANAGE_PROFIT;SAFE;1;0;1;-1;-1;4364.68;8.52;8.52;8.58;-11.74;KELLY_LITE;true;0.04;213228.10;0.0417;KELLY_LITE(mult=1.30 taper=1.00 n=20)+TIME_REDUCE(50%)+HARD_RISK_CAP(2.0%)+MAXLOSS_CAP;213227.20;213235.72;33;0
2026.08.11 19:34:18;XAUUSD;5;1786445816;PROFIT_RATCHET_LOCKED;floor=3.65 peak=8.58;MANAGE_PROFIT;SAFE;1;0;1;-1;-1;4364.68;8.52;8.52;8.58;-11.74;KELLY_LITE;true;0.04;213228.10;0.0417;KELLY_LITE(mult=1.30 taper=1.00 n=20)+TIME_REDUCE(50%)+HARD_RISK_CAP(2.0%)+MAXLOSS_CAP;213227.20;213235.72;33;0
2026.08.11 19:34:18;XAUUSD;5;1786445816;PROFIT_RATCHET_LOCKED;floor=3.65 peak=8.58;MANAGE_PROFIT;SAFE;1;0;1;-1;-1;4364.68;8.52;8.52;8.58;-11.74;KELLY_LITE;true;0.04;213228.10;0.0417;KELLY_LITE(mult=1.30 taper=1.00 n=20)+TIME_REDUCE(50%)+HARD_RISK_CAP(2.0%)+MAXLOSS_CAP;213227.20;213235.72;33;0
2026.08.11 19:34:19;XAUUSD;5;1786445816;PROFIT_RATCHET_LOCKED;floor=3.65 peak=8.58;MANAGE_PROFIT;SAFE;1;0;1;-1;-1;4364.68;8.49;8.49;8.58;-11.74;KELLY_LITE;true;0.04;213228.10;0.0417;KELLY_LITE(mult=1.30 taper=1.00 n=20)+TIME_REDUCE(50%)+HARD_RISK_CAP(2.0%)+MAXLOSS_CAP;213227.20;213235.69;33;0
2026.08.11 19:34:19;XAUUSD;5;1786445816;PROFIT_RATCHET_LOCKED;floor=3.65 peak=8.58;MANAGE_PROFIT;SAFE;1;0;1;-1;-1;4364.68;8.07;8.07;8.58;-11.74;KELLY_LITE;true;0.04;213228.10;0.0417;KELLY_LITE(mult=1.30 taper=1.00 n=20)+TIME_REDUCE(50%)+HARD_RISK_CAP(2.0%)+MAXLOSS_CAP;213227.20;213235.27;33;0
2026.08.11 19:34:20;XAUUSD;5;1786445816;PROFIT_RATCHET_LOCKED;floor=3.65 peak=8.58;MANAGE_PROFIT;SAFE;1;0;1;-1;-1;4364.68;8.19;8.19;8.58;-11.74;KELLY_LITE;true;0.04;213228.10;0.0417;KELLY_LITE(mult=1.30 taper=1.00 n=20)+TIME_REDUCE(50%)+HARD_RISK_CAP(2.0%)+MAXLOSS_CAP;213227.20;213235.39;35;0
2026.08.11 19:34:20;XAUUSD;5;1786445816;PROFIT_RATCHET_LOCKED;floor=3.65 peak=8.58;MANAGE_PROFIT;SAFE;1;0;1;-1;-1;4364.68;8.19;8.19;8.58;-11.74;KELLY_LITE;true;0.04;213228.10;0.0417;KELLY_LITE(mult=1.30 taper=1.00 n=20)+TIME_REDUCE(50%)+HARD_RISK_CAP(2.0%)+MAXLOSS_CAP;213227.20;213235.39;33;0
2026.08.11 19:34:20;XAUUSD;5;1786445816;PROFIT_RATCHET_LOCKED;floor=3.65 peak=8.58;MANAGE_PROFIT;SAFE;1;0;1;-1;-1;4364.68;8.19;8.19;8.58;-11.74;KELLY_LITE;true;0.04;213228.10;0.0417;KELLY_LITE(mult=1.30 taper=1.00 n=20)+TIME_REDUCE(50%)+HARD_RISK_CAP(2.0%)+MAXLOSS_CAP;213227.20;213235.39;35;0
2026.08.11 19:34:21;XAUUSD;5;1786445816;PROFIT_RATCHET_LOCKED;floor=3.65 peak=8.58;MANAGE_PROFIT;SAFE;1;0;1;-1;-1;4364.68;8.22;8.22;8.58;-11.74;KELLY_LITE;true;0.04;213228.10;0.0417;KELLY_LITE(mult=1.30 taper=1.00 n=20)+TIME_REDUCE(50%)+HARD_RISK_CAP(2.0%)+MAXLOSS_CAP;213227.20;213235.42;33;0
2026.08.11 19:34:21;XAUUSD;5;1786445816;PROFIT_RATCHET_LOCKED;floor=3.65 peak=8.58;MANAGE_PROFIT;SAFE;1;0;1;-1;-1;4364.68;8.22;8.22;8.58;-11.74;KELLY_LITE;true;0.04;213228.10;0.0417;KELLY_LITE(mult=1.30 taper=1.00 n=20)+TIME_REDUCE(50%)+HARD_RISK_CAP(2.0%)+MAXLOSS_CAP;213227.20;213235.42;35;0
2026.08.11 19:34:22;XAUUSD;5;1786445816;PROFIT_RATCHET_LOCKED;floor=3.65 peak=8.58;MANAGE_PROFIT;SAFE;1;0;1;-1;-1;4364.68;8.40;8.40;8.58;-11.74;KELLY_LITE;true;0.04;213228.10;0.0417;KELLY_LITE(mult=1.30 taper=1.00 n=20)+TIME_REDUCE(50%)+HARD_RISK_CAP(2.0%)+MAXLOSS_CAP;213227.20;213235.60;36;0
2026.08.11 19:34:22;XAUUSD;5;1786445816;PROFIT_RATCHET_LOCKED;floor=3.65 peak=8.58;MANAGE_PROFIT;SAFE;1;0;1;-1;-1;4364.68;8.52;8.52;8.58;-11.74;KELLY_LITE;true;0.04;213228.10;0.0417;KELLY_LITE(mult=1.30 taper=1.00 n=20)+TIME_REDUCE(50%)+HARD_RISK_CAP(2.0%)+MAXLOSS_CAP;213227.20;213235.72;33;0
2026.08.11 19:34:22;XAUUSD;5;1786445816;PROFIT_RATCHET_LOCKED;floor=3.67 peak=8.64;MANAGE_PROFIT;SAFE;1;0;1;-1;-1;4364.68;8.64;8.64;8.64;-11.74;KELLY_LITE;true;0.04;213228.10;0.0417;KELLY_LITE(mult=1.30 taper=1.00 n=20)+TIME_REDUCE(50%)+HARD_RISK_CAP(2.0%)+MAXLOSS_CAP;213227.20;213235.84;33;0
2026.08.11 19:34:23;XAUUSD;5;1786445816;PROFIT_RATCHET_LOCKED;floor=3.67 peak=8.64;MANAGE_PROFIT;SAFE;1;0;1;-1;-1;4364.68;8.31;8.31;8.64;-11.74;KELLY_LITE;true;0.04;213228.10;0.0417;KELLY_LITE(mult=1.30 taper=1.00 n=20)+TIME_REDUCE(50%)+HARD_RISK_CAP(2.0%)+MAXLOSS_CAP;213227.20;213235.51;33;0
2026.08.11 19:34:23;XAUUSD;5;1786445816;PROFIT_RATCHET_LOCKED;floor=3.67 peak=8.64;MANAGE_PROFIT;SAFE;1;0;1;-1;-1;4364.68;7.89;7.89;8.64;-11.74;KELLY_LITE;true;0.04;213228.10;0.0417;KELLY_LITE(mult=1.30 taper=1.00 n=20)+TIME_REDUCE(50%)+HARD_RISK_CAP(2.0%)+MAXLOSS_CAP;213227.20;213235.09;34;0
2026.08.11 19:34:24;XAUUSD;5;1786445816;PROFIT_RATCHET_LOCKED;floor=3.67 peak=8.64;MANAGE_PROFIT;SAFE;1;0;1;-1;-1;4364.68;7.77;7.77;8.64;-11.74;KELLY_LITE;true;0.04;213228.10;0.0417;KELLY_LITE(mult=1.30 taper=1.00 n=20)+TIME_REDUCE(50%)+HARD_RISK_CAP(2.0%)+MAXLOSS_CAP;213227.20;213234.97;33;0
2026.08.11 19:34:24;XAUUSD;5;1786445816;PROFIT_RATCHET_LOCKED;floor=3.67 peak=8.64;MANAGE_PROFIT;SAFE;1;0;1;-1;-1;4364.68;8.10;8.10;8.64;-11.74;KELLY_LITE;true;0.04;213228.10;0.0417;KELLY_LITE(mult=1.30 taper=1.00 n=20)+TIME_REDUCE(50%)+HARD_RISK_CAP(2.0%)+MAXLOSS_CAP;213227.20;213235.30;33;0
2026.08.11 19:34:24;XAUUSD;5;1786445816;PROFIT_RATCHET_LOCKED;floor=3.67 peak=8.64;MANAGE_PROFIT;SAFE;1;0;1;-1;-1;4364.68;8.13;8.13;8.64;-11.74;KELLY_LITE;true;0.04;213228.10;0.0417;KELLY_LITE(mult=1.30 taper=1.00 n=20)+TIME_REDUCE(50%)+HARD_RISK_CAP(2.0%)+MAXLOSS_CAP;213227.20;213235.33;36;0
2026.08.11 19:34:25;XAUUSD;5;1786445816;PROFIT_RATCHET_LOCKED;floor=3.67 peak=8.64;MANAGE_PROFIT;SAFE;1;0;1;-1;-1;4364.68;8.46;8.46;8.64;-11.74;KELLY_LITE;true;0.04;213228.10;0.0417;KELLY_LITE(mult=1.30 taper=1.00 n=20)+TIME_REDUCE(50%)+HARD_RISK_CAP(2.0%)+MAXLOSS_CAP;213227.20;213235.66;33;0
2026.08.11 19:34:25;XAUUSD;5;1786445816;PROFIT_RATCHET_LOCKED;floor=3.67 peak=8.64;MANAGE_PROFIT;SAFE;1;0;1;-1;-1;4364.68;8.34;8.34;8.64;-11.74;KELLY_LITE;true;0.04;213228.10;0.0417;KELLY_LITE(mult=1.30 taper=1.00 n=20)+TIME_REDUCE(50%)+HARD_RISK_CAP(2.0%)+MAXLOSS_CAP;213227.20;213235.54;33;0
2026.08.11 19:34:25;XAUUSD;5;1786445816;PROFIT_RATCHET_LOCKED;floor=3.67 peak=8.64;MANAGE_PROFIT;SAFE;1;0;1;-1;-1;4364.68;8.31;8.31;8.64;-11.74;KELLY_LITE;true;0.04;213228.10;0.0417;KELLY_LITE(mult=1.30 taper=1.00 n=20)+TIME_REDUCE(50%)+HARD_RISK_CAP(2.0%)+MAXLOSS_CAP;213227.20;213235.51;33;0
2026.08.11 19:34:26;XAUUSD;5;1786445816;PROFIT_RATCHET_LOCKED;floor=3.67 peak=8.64;MANAGE_PROFIT;SAFE;1;0;1;-1;-1;4364.68;8.28;8.28;8.64;-11.74;KELLY_LITE;true;0.04;213228.10;0.0417;KELLY_LITE(mult=1.30 taper=1.00 n=20)+TIME_REDUCE(50%)+HARD_RISK_CAP(2.0%)+MAXLOSS_CAP;213227.20;213235.48;33;0
2026.08.11 19:34:26;XAUUSD;5;1786445816;PROFIT_RATCHET_LOCKED;floor=3.67 peak=8.64;MANAGE_PROFIT;SAFE;1;0;1;-1;-1;4364.68;7.80;7.80;8.64;-11.74;KELLY_LITE;true;0.04;213228.10;0.0417;KELLY_LITE(mult=1.30 taper=1.00 n=20)+TIME_REDUCE(50%)+HARD_RISK_CAP(2.0%)+MAXLOSS_CAP;213227.20;213235.00;36;0
2026.08.11 19:34:26;XAUUSD;5;1786445816;PROFIT_RATCHET_LOCKED;floor=3.67 peak=8.64;MANAGE_PROFIT;SAFE;1;0;1;-1;-1;4364.68;8.22;8.22;8.64;-11.74;KELLY_LITE;true;0.04;213228.10;0.0417;KELLY_LITE(mult=1.30 taper=1.00 n=20)+TIME_REDUCE(50%)+HARD_RISK_CAP(2.0%)+MAXLOSS_CAP;213227.20;213235.42;34;0
2026.08.11 19:34:26;XAUUSD;5;1786445816;PROFIT_RATCHET_LOCKED;floor=3.67 peak=8.64;MANAGE_PROFIT;SAFE;1;0;1;-1;-1;4364.68;8.01;8.01;8.64;-11.74;KELLY_LITE;true;0.04;213228.10;0.0417;KELLY_LITE(mult=1.30 taper=1.00 n=20)+TIME_REDUCE(50%)+HARD_RISK_CAP(2.0%)+MAXLOSS_CAP;213227.20;213235.21;34;0
2026.08.11 19:34:27;XAUUSD;5;1786445816;PROFIT_RATCHET_LOCKED;floor=3.67 peak=8.64;MANAGE_PROFIT;SAFE;1;0;1;-1;-1;4364.68;7.80;7.80;8.64;-11.74;KELLY_LITE;true;0.04;213228.10;0.0417;KELLY_LITE(mult=1.30 taper=1.00 n=20)+TIME_REDUCE(50%)+HARD_RISK_CAP(2.0%)+MAXLOSS_CAP;213227.20;213235.00;35;0
2026.08.11 19:34:27;XAUUSD;5;1786445816;PROFIT_RATCHET_LOCKED;floor=3.67 peak=8.64;MANAGE_PROFIT;SAFE;1;0;1;-1;-1;4364.68;7.74;7.74;8.64;-11.74;KELLY_LITE;true;0.04;213228.10;0.0417;KELLY_LITE(mult=1.30 taper=1.00 n=20)+TIME_REDUCE(50%)+HARD_RISK_CAP(2.0%)+MAXLOSS_CAP;213227.20;213234.94;35;0
2026.08.11 19:34:27;XAUUSD;5;1786445816;PROFIT_RATCHET_LOCKED;floor=3.67 peak=8.64;MANAGE_PROFIT;SAFE;1;0;1;-1;-1;4364.68;7.65;7.65;8.64;-11.74;KELLY_LITE;true;0.04;213228.10;0.0417;KELLY_LITE(mult=1.30 taper=1.00 n=20)+TIME_REDUCE(50%)+HARD_RISK_CAP(2.0%)+MAXLOSS_CAP;213227.20;213234.85;34;0
2026.08.11 19:34:27;XAUUSD;5;1786445816;PROFIT_RATCHET_LOCKED;floor=3.67 peak=8.64;MANAGE_PROFIT;SAFE;1;0;1;-1;-1;4364.68;7.65;7.65;8.64;-11.74;KELLY_LITE;true;0.04;213228.10;0.0417;KELLY_LITE(mult=1.30 taper=1.00 n=20)+TIME_REDUCE(50%)+HARD_RISK_CAP(2.0%)+MAXLOSS_CAP;213227.20;213234.85;36;0
2026.08.11 19:34:28;XAUUSD;5;1786445816;PROFIT_RATCHET_LOCKED;floor=3.67 peak=8.64;MANAGE_PROFIT;SAFE;1;0;1;-1;-1;4364.68;7.65;7.65;8.64;-11.74;KELLY_LITE;true;0.04;213228.10;0.0417;KELLY_LITE(mult=1.30 taper=1.00 n=20)+TIME_REDUCE(50%)+HARD_RISK_CAP(2.0%)+MAXLOSS_CAP;213227.20;213234.85;34;0
2026.08.11 19:34:28;XAUUSD;5;1786445816;PROFIT_RATCHET_LOCKED;floor=3.67 peak=8.64;MANAGE_PROFIT;SAFE;1;0;1;-1;-1;4364.68;8.01;8.01;8.64;-11.74;KELLY_LITE;true;0.04;213228.10;0.0417;KELLY_LITE(mult=1.30 taper=1.00 n=20)+TIME_REDUCE(50%)+HARD_RISK_CAP(2.0%)+MAXLOSS_CAP;213227.20;213235.21;33;0
2026.08.11 19:34:29;XAUUSD;5;1786445816;PROFIT_RATCHET_LOCKED;floor=3.67 peak=8.64;MANAGE_PROFIT;SAFE;1;0;1;-1;-1;4364.68;8.28;8.28;8.64;-11.74;KELLY_LITE;true;0.04;213228.10;0.0417;KELLY_LITE(mult=1.30 taper=1.00 n=20)+TIME_REDUCE(50%)+HARD_RISK_CAP(2.0%)+MAXLOSS_CAP;213227.20;213235.48;34;0
2026.08.11 19:34:29;XAUUSD;5;1786445816;SL_MODIFIED;ticket=118765819 oldSL=4367.02 newSL=4367.05 reason=break_even_lock_leg_0;MANAGE_PROFIT;SAFE;1;0;1;-1;-1;4364.68;9.03;9.03;8.67;-11.74;KELLY_LITE;true;0.04;213228.10;0.0417;KELLY_LITE(mult=1.30 taper=1.00 n=20)+TIME_REDUCE(50%)+HARD_RISK_CAP(2.0%)+MAXLOSS_CAP;213227.20;213236.23;36;0
2026.08.11 19:34:29;XAUUSD;5;1786445816;PROFIT_RATCHET_LOCKED;floor=3.68 peak=8.67;MANAGE_PROFIT;SAFE;1;0;1;-1;-1;4364.68;9.03;9.03;8.67;-11.74;KELLY_LITE;true;0.04;213228.10;0.0417;KELLY_LITE(mult=1.30 taper=1.00 n=20)+TIME_REDUCE(50%)+HARD_RISK_CAP(2.0%)+MAXLOSS_CAP;213227.20;213236.23;36;0
2026.08.11 19:34:30;XAUUSD;5;1786445816;SL_MODIFIED;ticket=118765819 oldSL=4367.05 newSL=4367.17 reason=break_even_lock_leg_0;MANAGE_PROFIT;SAFE;1;0;1;-1;-1;4364.68;9.03;9.03;9.03;-11.74;KELLY_LITE;true;0.04;213228.10;0.0417;KELLY_LITE(mult=1.30 taper=1.00 n=20)+TIME_REDUCE(50%)+HARD_RISK_CAP(2.0%)+MAXLOSS_CAP;213227.20;213236.23;36;0
2026.08.11 19:34:30;XAUUSD;5;1786445816;PROFIT_RATCHET_LOCKED;floor=3.84 peak=9.03;MANAGE_PROFIT;SAFE;1;0;1;-1;-1;4364.68;9.03;9.03;9.03;-11.74;KELLY_LITE;true;0.04;213228.10;0.0417;KELLY_LITE(mult=1.30 taper=1.00 n=20)+TIME_REDUCE(50%)+HARD_RISK_CAP(2.0%)+MAXLOSS_CAP;213227.20;213236.23;36;0
2026.08.11 19:34:31;XAUUSD;5;1786445816;SL_MODIFIED;ticket=118765819 oldSL=4367.17 newSL=4367.25 reason=break_even_lock_leg_0;MANAGE_PROFIT;SAFE;1;0;1;-1;-1;4364.68;9.15;9.15;9.27;-11.74;KELLY_LITE;true;0.04;213228.10;0.0417;KELLY_LITE(mult=1.30 taper=1.00 n=20)+TIME_REDUCE(50%)+HARD_RISK_CAP(2.0%)+MAXLOSS_CAP;213227.20;213236.35;33;0
2026.08.11 19:34:31;XAUUSD;5;1786445816;PROFIT_RATCHET_LOCKED;floor=3.94 peak=9.27;MANAGE_PROFIT;SAFE;1;0;1;-1;-1;4364.68;9.15;9.15;9.27;-11.74;KELLY_LITE;true;0.04;213228.10;0.0417;KELLY_LITE(mult=1.30 taper=1.00 n=20)+TIME_REDUCE(50%)+HARD_RISK_CAP(2.0%)+MAXLOSS_CAP;213227.20;213236.35;33;0
2026.08.11 19:34:31;XAUUSD;5;1786445816;PROFIT_RATCHET_LOCKED;floor=3.94 peak=9.27;MANAGE_PROFIT;SAFE;1;0;1;-1;-1;4364.68;9.15;9.15;9.27;-11.74;KELLY_LITE;true;0.04;213228.10;0.0417;KELLY_LITE(mult=1.30 taper=1.00 n=20)+TIME_REDUCE(50%)+HARD_RISK_CAP(2.0%)+MAXLOSS_CAP;213227.20;213236.35;33;0
2026.08.11 19:34:31;XAUUSD;5;1786445816;SL_MODIFIED;ticket=118765819 oldSL=4367.25 newSL=4367.33 reason=break_even_lock_leg_0;MANAGE_PROFIT;SAFE;1;0;1;-1;-1;4364.68;9.51;9.51;9.51;-11.74;KELLY_LITE;true;0.04;213228.10;0.0417;KELLY_LITE(mult=1.30 taper=1.00 n=20)+TIME_REDUCE(50%)+HARD_RISK_CAP(2.0%)+MAXLOSS_CAP;213227.20;213236.71;34;0
2026.08.11 19:34:31;XAUUSD;5;1786445816;PROFIT_RATCHET_LOCKED;floor=4.04 peak=9.51;MANAGE_PROFIT;SAFE;1;0;1;-1;-1;4364.68;9.51;9.51;9.51;-11.74;KELLY_LITE;true;0.04;213228.10;0.0417;KELLY_LITE(mult=1.30 taper=1.00 n=20)+TIME_REDUCE(50%)+HARD_RISK_CAP(2.0%)+MAXLOSS_CAP;213227.20;213236.71;34;0
2026.08.11 19:34:31;XAUUSD;5;1786445816;PROFIT_RATCHET_LOCKED;floor=4.04 peak=9.51;MANAGE_PROFIT;SAFE;1;0;1;-1;-1;4364.68;9.51;9.51;9.51;-11.74;KELLY_LITE;true;0.04;213228.10;0.0417;KELLY_LITE(mult=1.30 taper=1.00 n=20)+TIME_REDUCE(50%)+HARD_RISK_CAP(2.0%)+MAXLOSS_CAP;213227.20;213236.71;34;0
2026.08.11 19:34:32;XAUUSD;5;1786445816;PROFIT_RATCHET_LOCKED;floor=4.05 peak=9.54;MANAGE_PROFIT;SAFE;1;0;1;-1;-1;4364.68;9.54;9.54;9.54;-11.74;KELLY_LITE;true;0.04;213228.10;0.0417;KELLY_LITE(mult=1.30 taper=1.00 n=20)+TIME_REDUCE(50%)+HARD_RISK_CAP(2.0%)+MAXLOSS_CAP;213227.20;213236.74;36;0
2026.08.11 19:34:32;XAUUSD;5;1786445816;PROFIT_RATCHET_LOCKED;floor=4.05 peak=9.54;MANAGE_PROFIT;SAFE;1;0;1;-1;-1;4364.68;9.27;9.27;9.54;-11.74;KELLY_LITE;true;0.04;213228.10;0.0417;KELLY_LITE(mult=1.30 taper=1.00 n=20)+TIME_REDUCE(50%)+HARD_RISK_CAP(2.0%)+MAXLOSS_CAP;213227.20;213236.47;33;0
2026.08.11 19:34:32;XAUUSD;5;1786445816;PROFIT_RATCHET_LOCKED;floor=4.05 peak=9.54;MANAGE_PROFIT;SAFE;1;0;1;-1;-1;4364.68;9.09;9.09;9.54;-11.74;KELLY_LITE;true;0.04;213228.10;0.0417;KELLY_LITE(mult=1.30 taper=1.00 n=20)+TIME_REDUCE(50%)+HARD_RISK_CAP(2.0%)+MAXLOSS_CAP;213227.20;213236.29;35;0
2026.08.11 19:34:32;XAUUSD;5;1786445816;PROFIT_RATCHET_LOCKED;floor=4.05 peak=9.54;MANAGE_PROFIT;SAFE;1;0;1;-1;-1;4364.68;9.18;9.18;9.54;-11.74;KELLY_LITE;true;0.04;213228.10;0.0417;KELLY_LITE(mult=1.30 taper=1.00 n=20)+TIME_REDUCE(50%)+HARD_RISK_CAP(2.0%)+MAXLOSS_CAP;213227.20;213236.38;35;0
2026.08.11 19:34:32;XAUUSD;5;1786445816;PROFIT_RATCHET_LOCKED;floor=4.05 peak=9.54;MANAGE_PROFIT;SAFE;1;0;1;-1;-1;4364.68;9.33;9.33;9.54;-11.74;KELLY_LITE;true;0.04;213228.10;0.0417;KELLY_LITE(mult=1.30 taper=1.00 n=20)+TIME_REDUCE(50%)+HARD_RISK_CAP(2.0%)+MAXLOSS_CAP;213227.20;213236.53;34;0
2026.08.11 19:34:33;XAUUSD;5;1786445816;PROFIT_RATCHET_LOCKED;floor=4.05 peak=9.54;MANAGE_PROFIT;SAFE;1;0;1;-1;-1;4364.68;9.45;9.45;9.54;-11.74;KELLY_LITE;true;0.04;213228.10;0.0417;KELLY_LITE(mult=1.30 taper=1.00 n=20)+TIME_REDUCE(50%)+HARD_RISK_CAP(2.0%)+MAXLOSS_CAP;213227.20;213236.65;36;0
2026.08.11 19:34:33;XAUUSD;5;1786445816;PROFIT_RATCHET_LOCKED;floor=4.05 peak=9.54;MANAGE_PROFIT;SAFE;1;0;1;-1;-1;4364.68;9.42;9.42;9.54;-11.74;KELLY_LITE;true;0.04;213228.10;0.0417;KELLY_LITE(mult=1.30 taper=1.00 n=20)+TIME_REDUCE(50%)+HARD_RISK_CAP(2.0%)+MAXLOSS_CAP;213227.20;213236.62;36;0
2026.08.11 19:34:34;XAUUSD;5;1786445816;PROFIT_RATCHET_LOCKED;floor=4.05 peak=9.54;MANAGE_PROFIT;SAFE;1;0;1;-1;-1;4364.68;9.48;9.48;9.54;-11.74;KELLY_LITE;true;0.04;213228.10;0.0417;KELLY_LITE(mult=1.30 taper=1.00 n=20)+TIME_REDUCE(50%)+HARD_RISK_CAP(2.0%)+MAXLOSS_CAP;213227.20;213236.68;36;0
2026.08.11 19:34:34;XAUUSD;5;1786445816;PROFIT_RATCHET_LOCKED;floor=4.05 peak=9.54;MANAGE_PROFIT;SAFE;1;0;1;-1;-1;4364.68;9.45;9.45;9.54;-11.74;KELLY_LITE;true;0.04;213228.10;0.0417;KELLY_LITE(mult=1.30 taper=1.00 n=20)+TIME_REDUCE(50%)+HARD_RISK_CAP(2.0%)+MAXLOSS_CAP;213227.20;213236.65;36;0
2026.08.11 19:34:34;XAUUSD;5;1786445816;PROFIT_RATCHET_LOCKED;floor=4.05 peak=9.54;MANAGE_PROFIT;SAFE;1;0;1;-1;-1;4364.68;9.36;9.36;9.54;-11.74;KELLY_LITE;true;0.04;213228.10;0.0417;KELLY_LITE(mult=1.30 taper=1.00 n=20)+TIME_REDUCE(50%)+HARD_RISK_CAP(2.0%)+MAXLOSS_CAP;213227.20;213236.56;36;0
2026.08.11 19:34:35;XAUUSD;5;1786445816;PROFIT_RATCHET_LOCKED;floor=4.05 peak=9.54;MANAGE_PROFIT;SAFE;1;0;1;-1;-1;4364.68;9.45;9.45;9.54;-11.74;KELLY_LITE;true;0.04;213228.10;0.0417;KELLY_LITE(mult=1.30 taper=1.00 n=20)+TIME_REDUCE(50%)+HARD_RISK_CAP(2.0%)+MAXLOSS_CAP;213227.20;213236.65;33;0
2026.08.11 19:34:36;XAUUSD;5;1786445816;SL_MODIFY_FAILED;ticket=118765819 newSL=4367.36 reason=break_even_lock_leg_0 err=0;MANAGE_PROFIT;SAFE;1;0;1;-1;-1;4364.68;9.51;9.51;9.60;-11.74;KELLY_LITE;true;0.04;213228.10;0.0417;KELLY_LITE(mult=1.30 taper=1.00 n=20)+TIME_REDUCE(50%)+HARD_RISK_CAP(2.0%)+MAXLOSS_CAP;213227.20;213236.71;34;0
2026.08.11 19:34:36;XAUUSD;5;1786445816;PROFIT_RATCHET_LOCKED;floor=4.08 peak=9.60;MANAGE_PROFIT;SAFE;1;0;1;-1;-1;4364.68;9.51;9.51;9.60;-11.74;KELLY_LITE;true;0.04;213228.10;0.0417;KELLY_LITE(mult=1.30 taper=1.00 n=20)+TIME_REDUCE(50%)+HARD_RISK_CAP(2.0%)+MAXLOSS_CAP;213227.20;213236.71;34;0
2026.08.11 19:34:36;XAUUSD;5;1786445816;PROFIT_RATCHET_LOCKED;floor=4.08 peak=9.60;MANAGE_PROFIT;SAFE;1;0;1;-1;-1;4364.68;9.51;9.51;9.60;-11.74;KELLY_LITE;true;0.04;213228.10;0.0417;KELLY_LITE(mult=1.30 taper=1.00 n=20)+TIME_REDUCE(50%)+HARD_RISK_CAP(2.0%)+MAXLOSS_CAP;213227.20;213236.71;34;0
2026.08.11 19:34:36;XAUUSD;5;1786445816;PROFIT_RATCHET_LOCKED;floor=4.08 peak=9.60;MANAGE_PROFIT;SAFE;1;0;1;-1;-1;4364.68;9.54;9.54;9.60;-11.74;KELLY_LITE;true;0.04;213228.10;0.0417;KELLY_LITE(mult=1.30 taper=1.00 n=20)+TIME_REDUCE(50%)+HARD_RISK_CAP(2.0%)+MAXLOSS_CAP;213227.20;213236.74;36;0
2026.08.11 19:34:37;XAUUSD;5;1786445816;SL_MODIFIED;ticket=118765819 oldSL=4367.33 newSL=4367.36 reason=break_even_lock_leg_0;MANAGE_PROFIT;SAFE;1;0;1;-1;-1;4364.68;9.60;9.60;9.60;-11.74;KELLY_LITE;true;0.04;213228.10;0.0417;KELLY_LITE(mult=1.30 taper=1.00 n=20)+TIME_REDUCE(50%)+HARD_RISK_CAP(2.0%)+MAXLOSS_CAP;213227.20;213236.80;33;0
2026.08.11 19:34:37;XAUUSD;5;1786445816;PROFIT_RATCHET_LOCKED;floor=4.08 peak=9.60;MANAGE_PROFIT;SAFE;1;0;1;-1;-1;4364.68;9.60;9.60;9.60;-11.74;KELLY_LITE;true;0.04;213228.10;0.0417;KELLY_LITE(mult=1.30 taper=1.00 n=20)+TIME_REDUCE(50%)+HARD_RISK_CAP(2.0%)+MAXLOSS_CAP;213227.20;213236.80;33;0
2026.08.11 19:34:37;XAUUSD;5;1786445816;PROFIT_RATCHET_LOCKED;floor=4.08 peak=9.60;MANAGE_PROFIT;SAFE;1;0;1;-1;-1;4364.68;9.60;9.60;9.60;-11.74;KELLY_LITE;true;0.04;213228.10;0.0417;KELLY_LITE(mult=1.30 taper=1.00 n=20)+TIME_REDUCE(50%)+HARD_RISK_CAP(2.0%)+MAXLOSS_CAP;213227.20;213236.80;33;0
2026.08.11 19:34:37;XAUUSD;5;1786445816;PROFIT_RATCHET_LOCKED;floor=4.08 peak=9.60;MANAGE_PROFIT;SAFE;1;0;1;-1;-1;4364.68;9.54;9.54;9.60;-11.74;KELLY_LITE;true;0.04;213228.10;0.0417;KELLY_LITE(mult=1.30 taper=1.00 n=20)+TIME_REDUCE(50%)+HARD_RISK_CAP(2.0%)+MAXLOSS_CAP;213227.20;213236.74;33;0
2026.08.11 19:34:37;XAUUSD;5;1786445816;PROFIT_RATCHET_LOCKED;floor=4.08 peak=9.60;MANAGE_PROFIT;SAFE;1;0;1;-1;-1;4364.68;9.51;9.51;9.60;-11.74;KELLY_LITE;true;0.04;213228.10;0.0417;KELLY_LITE(mult=1.30 taper=1.00 n=20)+TIME_REDUCE(50%)+HARD_RISK_CAP(2.0%)+MAXLOSS_CAP;213227.20;213236.71;33;0
2026.08.11 19:34:38;XAUUSD;5;1786445816;PROFIT_RATCHET_LOCKED;floor=4.08 peak=9.60;MANAGE_PROFIT;SAFE;1;0;1;-1;-1;4364.68;8.40;8.40;9.60;-11.74;KELLY_LITE;true;0.04;213228.10;0.0417;KELLY_LITE(mult=1.30 taper=1.00 n=20)+TIME_REDUCE(50%)+HARD_RISK_CAP(2.0%)+MAXLOSS_CAP;213227.20;213235.60;37;0
2026.08.11 19:34:38;XAUUSD;5;1786445816;RECONCILED_BROKER_CLOSE;ticket=118765819 type=main pnl=8.04;MANAGE_PROFIT;SAFE;0;0;1;-1;-1;4364.68;0.00;0.00;9.60;-11.74;KELLY_LITE;true;0.04;213228.10;0.0417;KELLY_LITE(mult=1.30 taper=1.00 n=20)+TIME_REDUCE(50%)+HARD_RISK_CAP(2.0%)+MAXLOSS_CAP;213235.24;213235.24;36;0
2026.08.11 19:34:38;XAUUSD;5;1786445816;CYCLE_RESET;oldState=MANAGE_PROFIT realizedPnL=7.14 peak=9.60 worst=-11.74 pyramid=1 consLosses=0;MANAGE_PROFIT;SAFE;0;0;1;-1;-1;4364.68;0.00;0.00;9.60;-11.74;KELLY_LITE;true;0.04;213228.10;0.0417;KELLY_LITE(mult=1.30 taper=1.00 n=20)+TIME_REDUCE(50%)+HARD_RISK_CAP(2.0%)+MAXLOSS_CAP;213235.24;213235.24;36;0
2026.08.11 19:39:38;XAUUSD;5;1786445817;PLACE_PENDING_START;cycle=1786445817 trend=-1 consecLosses=0 preset=AGGRESSIVE;PLACE_PENDING;SAFE;0;0;0;-1;-1;0.00;0.00;0.00;0.00;0.00;KELLY_LITE;true;0.04;213228.10;0.0417;KELLY_LITE(mult=1.30 taper=1.00 n=20)+TIME_REDUCE(50%)+HARD_RISK_CAP(2.0%)+MAXLOSS_CAP;213235.24;213235.24;36;0
2026.08.11 19:39:38;XAUUSD;5;1786445817;DIR_OCO_PLACED;dir=BEAR ticket=118769862 price=4368.67 sl=4383.67 tp=4346.17 lot=0.04 dist=1.73;PLACE_PENDING;SAFE;0;1;0;-1;118769862;0.00;0.00;0.00;0.00;0.00;KELLY_LITE;true;0.04;213235.24;0.0417;KELLY_LITE(mult=1.40 taper=1.00 n=20)+TIME_REDUCE(50%)+HARD_RISK_CAP(2.0%)+MAXLOSS_CAP;213235.24;213235.24;36;0
2026.08.11 19:39:38;XAUUSD;5;1786445817;DIR_OCO_COUNTER_PLACED;dir=BULL(counter) ticket=118769865 price=4372.63 lot=0.03;PLACE_PENDING;SAFE;0;2;0;118769865;118769862;0.00;0.00;0.00;0.00;0.00;KELLY_LITE;true;0.04;213235.24;0.0417;KELLY_LITE(mult=1.40 taper=1.00 n=20)+TIME_REDUCE(50%)+HARD_RISK_CAP(2.0%)+MAXLOSS_CAP;213235.24;213235.24;36;0
2026.08.11 19:39:51;XAUUSD;5;1786445817;BUY_STOP_TRAILED;Old=4372.63 New=4372.27;WAIT_TRIGGER;SAFE;0;2;0;118769865;118769862;0.00;0.00;0.00;0.00;0.00;KELLY_LITE;true;0.04;213235.24;0.0417;KELLY_LITE(mult=1.40 taper=1.00 n=20)+TIME_REDUCE(50%)+HARD_RISK_CAP(2.0%)+MAXLOSS_CAP;213235.24;213235.24;36;0
2026.08.11 19:40:05;XAUUSD;5;1786445817;BUY_STOP_TRAILED;Old=4372.27 New=4371.95;WAIT_TRIGGER;SAFE;0;2;0;118769865;118769862;0.00;0.00;0.00;0.00;0.00;KELLY_LITE;true;0.04;213235.24;0.0417;KELLY_LITE(mult=1.40 taper=1.00 n=20)+TIME_REDUCE(50%)+HARD_RISK_CAP(2.0%)+MAXLOSS_CAP;213235.24;213235.24;36;0
2026.08.11 19:40:39;XAUUSD;5;1786445817;BUY_STOP_TRAILED;Old=4371.95 New=4371.60;WAIT_TRIGGER;SAFE;0;2;0;118769865;118769862;0.00;0.00;0.00;0.00;0.00;KELLY_LITE;true;0.04;213235.24;0.0417;KELLY_LITE(mult=1.40 taper=1.00 n=20)+TIME_REDUCE(50%)+HARD_RISK_CAP(2.0%)+MAXLOSS_CAP;213235.24;213235.24;36;0
2026.08.11 19:40:54;XAUUSD;5;1786445817;BUY_STOP_TRAILED;Old=4371.60 New=4370.99;WAIT_TRIGGER;SAFE;0;2;0;118769865;118769862;0.00;0.00;0.00;0.00;0.00;KELLY_LITE;true;0.04;213235.24;0.0417;KELLY_LITE(mult=1.40 taper=1.00 n=20)+TIME_REDUCE(50%)+HARD_RISK_CAP(2.0%)+MAXLOSS_CAP;213235.24;213235.24;36;0
2026.08.11 19:43:55;XAUUSD;5;1786445817;SELL_STOP_TRAILED;Old=4368.67 New=4368.98;WAIT_TRIGGER;SAFE;0;2;0;118769865;118769862;0.00;0.00;0.00;0.00;0.00;KELLY_LITE;true;0.04;213235.24;0.0417;KELLY_LITE(mult=1.40 taper=1.00 n=20)+TIME_REDUCE(50%)+HARD_RISK_CAP(2.0%)+MAXLOSS_CAP;213235.24;213235.24;35;0
2026.08.11 19:44:10;XAUUSD;5;1786445817;OCO_TRIGGERED_BUY;ticket=118769865 entry=4370.99;POSITION_ACTIVE;SAFE;1;1;0;-1;118769862;0.00;-0.96;-0.96;0.00;0.00;KELLY_LITE;true;0.04;213235.24;0.0417;KELLY_LITE(mult=1.40 taper=1.00 n=20)+TIME_REDUCE(50%)+HARD_RISK_CAP(2.0%)+MAXLOSS_CAP;213235.24;213234.28;36;0
2026.08.11 19:44:11;XAUUSD;5;1786445817;PENDING_DELETED;ticket=118769862 reason=oco_buy_triggered;POSITION_ACTIVE;SAFE;1;0;0;-1;118769862;0.00;-0.87;-0.87;0.00;0.00;KELLY_LITE;true;0.04;213235.24;0.0417;KELLY_LITE(mult=1.40 taper=1.00 n=20)+TIME_REDUCE(50%)+HARD_RISK_CAP(2.0%)+MAXLOSS_CAP;213235.24;213234.37;36;0
2026.08.11 19:44:11;XAUUSD;5;1786445817;HEDGE_PENDING_PLACED;dir=SELL_STOP ticket=118770661 price=4367.70 sl=4370.70 lot=0.05 mainEntry=4370.99 dist=3.00 confirmBars=1;POSITION_ACTIVE;SAFE;1;1;1;-1;-1;4370.99;-0.93;-0.93;0.00;-0.87;KELLY_LITE;true;0.04;213235.24;0.0417;KELLY_LITE(mult=1.40 taper=1.00 n=20)+TIME_REDUCE(50%)+HARD_RISK_CAP(2.0%)+MAXLOSS_CAP;213235.24;213234.31;36;0
2026.08.11 19:59:14;XAUUSD;5;1786445817;PENDING_DELETED;ticket=118770661 reason=hedge_pending_expired;POSITION_ACTIVE;SAFE;1;0;1;-1;-1;4370.99;0.06;0.06;4.62;-3.18;KELLY_LITE;true;0.04;213235.24;0.0417;KELLY_LITE(mult=1.40 taper=1.00 n=20)+TIME_REDUCE(50%)+HARD_RISK_CAP(2.0%)+MAXLOSS_CAP;213235.24;213235.30;36;0
2026.08.11 19:59:14;XAUUSD;5;1786445817;HEDGE_PENDING_EXPIRED;after=900s rearm=1/1;POSITION_ACTIVE;SAFE;1;0;1;-1;-1;4370.99;0.06;0.06;4.62;-3.18;KELLY_LITE;true;0.04;213235.24;0.0417;KELLY_LITE(mult=1.40 taper=1.00 n=20)+TIME_REDUCE(50%)+HARD_RISK_CAP(2.0%)+MAXLOSS_CAP;213235.24;213235.30;36;0
2026.08.11 19:59:14;XAUUSD;5;1786445817;HEDGE_BLOCK_CONFIRM;need=1 adverse bars;MANAGE_PROFIT;SAFE;1;0;1;-1;-1;4370.99;0.06;0.06;4.62;-3.18;KELLY_LITE;true;0.04;213235.24;0.0417;KELLY_LITE(mult=1.40 taper=1.00 n=20)+TIME_REDUCE(50%)+HARD_RISK_CAP(2.0%)+MAXLOSS_CAP;213235.24;213235.30;36;0
2026.08.11 19:59:44;XAUUSD;5;1786445817;HEDGE_BLOCK_CONFIRM;need=1 adverse bars;MANAGE_PROFIT;SAFE;1;0;1;-1;-1;4370.99;1.17;1.17;4.62;-3.18;KELLY_LITE;true;0.04;213235.24;0.0417;KELLY_LITE(mult=1.40 taper=1.00 n=20)+TIME_REDUCE(50%)+HARD_RISK_CAP(2.0%)+MAXLOSS_CAP;213235.24;213236.41;35;0
2026.08.11 20:00:14;XAUUSD;5;1786445817;HEDGE_BLOCK_CONFIRM;need=1 adverse bars;MANAGE_PROFIT;SAFE;1;0;1;-1;-1;4370.99;2.43;2.43;4.62;-3.18;KELLY_LITE;true;0.04;213235.24;0.0417;KELLY_LITE(mult=1.40 taper=1.00 n=20)+TIME_REDUCE(50%)+HARD_RISK_CAP(2.0%)+MAXLOSS_CAP;213235.24;213237.67;36;0
2026.08.11 20:00:44;XAUUSD;5;1786445817;HEDGE_BLOCK_CONFIRM;need=1 adverse bars;MANAGE_PROFIT;SAFE;1;0;1;-1;-1;4370.99;1.26;1.26;4.62;-3.18;KELLY_LITE;true;0.04;213235.24;0.0417;KELLY_LITE(mult=1.40 taper=1.00 n=20)+TIME_REDUCE(50%)+HARD_RISK_CAP(2.0%)+MAXLOSS_CAP;213235.24;213236.50;36;0
2026.08.11 20:01:14;XAUUSD;5;1786445817;HEDGE_BLOCK_CONFIRM;need=1 adverse bars;MANAGE_PROFIT;SAFE;1;0;1;-1;-1;4370.99;0.12;0.12;4.62;-3.18;KELLY_LITE;true;0.04;213235.24;0.0417;KELLY_LITE(mult=1.40 taper=1.00 n=20)+TIME_REDUCE(50%)+HARD_RISK_CAP(2.0%)+MAXLOSS_CAP;213235.24;213235.36;36;0
2026.08.11 20:01:44;XAUUSD;5;1786445817;HEDGE_BLOCK_CONFIRM;need=1 adverse bars;MANAGE_PROFIT;SAFE;1;0;1;-1;-1;4370.99;-1.98;-1.98;4.62;-3.18;KELLY_LITE;true;0.04;213235.24;0.0417;KELLY_LITE(mult=1.40 taper=1.00 n=20)+TIME_REDUCE(50%)+HARD_RISK_CAP(2.0%)+MAXLOSS_CAP;213235.24;213233.26;36;0
2026.08.11 20:02:14;XAUUSD;5;1786445817;HEDGE_BLOCK_CONFIRM;need=1 adverse bars;MANAGE_PROFIT;SAFE;1;0;1;-1;-1;4370.99;-2.70;-2.70;4.62;-3.63;KELLY_LITE;true;0.04;213235.24;0.0417;KELLY_LITE(mult=1.40 taper=1.00 n=20)+TIME_REDUCE(50%)+HARD_RISK_CAP(2.0%)+MAXLOSS_CAP;213235.24;213232.54;33;0
2026.08.11 20:02:45;XAUUSD;5;1786445817;HEDGE_BLOCK_CONFIRM;need=1 adverse bars;MANAGE_PROFIT;SAFE;1;0;1;-1;-1;4370.99;-3.12;-3.12;4.62;-3.72;KELLY_LITE;true;0.04;213235.24;0.0417;KELLY_LITE(mult=1.40 taper=1.00 n=20)+TIME_REDUCE(50%)+HARD_RISK_CAP(2.0%)+MAXLOSS_CAP;213235.24;213232.12;36;0
2026.08.11 20:03:15;XAUUSD;5;1786445817;HEDGE_BLOCK_CONFIRM;need=1 adverse bars;MANAGE_PROFIT;SAFE;1;0;1;-1;-1;4370.99;-2.22;-2.22;4.62;-3.72;KELLY_LITE;true;0.04;213235.24;0.0417;KELLY_LITE(mult=1.40 taper=1.00 n=20)+TIME_REDUCE(50%)+HARD_RISK_CAP(2.0%)+MAXLOSS_CAP;213235.24;213233.02;36;0
2026.08.11 20:03:45;XAUUSD;5;1786445817;HEDGE_BLOCK_CONFIRM;need=1 adverse bars;MANAGE_PROFIT;SAFE;1;0;1;-1;-1;4370.99;0.06;0.06;4.62;-3.72;KELLY_LITE;true;0.04;213235.24;0.0417;KELLY_LITE(mult=1.40 taper=1.00 n=20)+TIME_REDUCE(50%)+HARD_RISK_CAP(2.0%)+MAXLOSS_CAP;213235.24;213235.30;36;0
2026.08.11 20:04:15;XAUUSD;5;1786445817;HEDGE_BLOCK_CONFIRM;need=1 adverse bars;MANAGE_PROFIT;SAFE;1;0;1;-1;-1;4370.99;-1.74;-1.74;4.62;-3.72;KELLY_LITE;true;0.04;213235.24;0.0417;KELLY_LITE(mult=1.40 taper=1.00 n=20)+TIME_REDUCE(50%)+HARD_RISK_CAP(2.0%)+MAXLOSS_CAP;213235.24;213233.50;36;0
2026.08.11 20:04:45;XAUUSD;5;1786445817;HEDGE_BLOCK_CONFIRM;need=1 adverse bars;MANAGE_PROFIT;SAFE;1;0;1;-1;-1;4370.99;-9.15;-9.15;4.62;-9.00;KELLY_LITE;true;0.04;213235.24;0.0417;KELLY_LITE(mult=1.40 taper=1.00 n=20)+TIME_REDUCE(50%)+HARD_RISK_CAP(2.0%)+MAXLOSS_CAP;213235.24;213226.09;36;0
2026.08.11 20:05:00;XAUUSD;5;1786445817;HEDGE_PENDING_PLACED;dir=SELL_STOP ticket=118774487 price=4363.86 sl=4366.86 lot=0.05 mainEntry=4370.99 dist=3.00 confirmBars=1;MANAGE_PROFIT;SAFE;1;1;1;-1;-1;4370.99;-12.48;-12.48;4.62;-12.48;KELLY_LITE;true;0.04;213235.24;0.0417;KELLY_LITE(mult=1.40 taper=1.00 n=20)+TIME_REDUCE(50%)+HARD_RISK_CAP(2.0%)+MAXLOSS_CAP;213235.24;213222.76;34;0
2026.08.11 20:05:26;XAUUSD;5;1786445817;EXIT_TIME_LOSS;held=21 profit=-15.03;MANAGE_PROFIT;SAFE;1;1;1;-1;-1;4370.99;-15.03;-15.03;4.62;-15.03;KELLY_LITE;true;0.04;213235.24;0.0417;KELLY_LITE(mult=1.40 taper=1.00 n=20)+TIME_REDUCE(50%)+HARD_RISK_CAP(2.0%)+MAXLOSS_CAP;213235.24;213220.21;36;0
2026.08.11 20:05:26;XAUUSD;5;1786445817;POSITION_CLOSED;ticket=118769865 reason=time_loss_exit lots=0.03 price=4365.98 pnl=-15.03;MANAGE_PROFIT;SAFE;0;1;1;-1;-1;4370.99;0.00;0.00;4.62;-15.03;KELLY_LITE;true;0.04;213235.24;0.0417;KELLY_LITE(mult=1.40 taper=1.00 n=20)+TIME_REDUCE(50%)+HARD_RISK_CAP(2.0%)+MAXLOSS_CAP;213219.88;213219.88;33;0
2026.08.11 20:05:27;XAUUSD;5;1786445817;PENDING_DELETED;ticket=118774487 reason=close_all_hedge;MANAGE_PROFIT;SAFE;0;0;0;-1;-1;4370.99;0.00;0.00;4.62;-15.03;KELLY_LITE;true;0.04;213235.24;0.0417;KELLY_LITE(mult=1.40 taper=1.00 n=20)+TIME_REDUCE(50%)+HARD_RISK_CAP(2.0%)+MAXLOSS_CAP;213219.88;213219.88;33;0
2026.08.11 20:05:27;XAUUSD;5;1786445817;CYCLE_RESET;oldState=RESET realizedPnL=-15.36 peak=4.62 worst=-15.03 pyramid=0 consLosses=1;RESET;SAFE;0;0;0;-1;-1;4370.99;0.00;0.00;4.62;-15.03;KELLY_LITE;true;0.04;213235.24;0.0417;KELLY_LITE(mult=1.40 taper=1.00 n=20)+TIME_REDUCE(50%)+HARD_RISK_CAP(2.0%)+MAXLOSS_CAP;213219.88;213219.88;33;0
2026.08.11 20:10:27;XAUUSD;5;1786445817;FILTER_BLOCK_TREND_DISAGREE;TREND_DISAGREE (main=-1 fast=1 rsi=37.6, no extreme);BLOCKED;SAFE;0;0;0;-1;-1;0.00;0.00;0.00;0.00;0.00;KELLY_LITE;true;0.04;213235.24;0.0417;KELLY_LITE(mult=1.40 taper=1.00 n=20)+TIME_REDUCE(50%)+HARD_RISK_CAP(2.0%)+MAXLOSS_CAP;213219.88;213219.88;36;0
2026.08.11 20:15:27;XAUUSD;5;1786445818;PLACE_PENDING_START;cycle=1786445818 trend=-1 consecLosses=1 preset=AGGRESSIVE;PLACE_PENDING;SAFE;0;0;0;-1;-1;0.00;0.00;0.00;0.00;0.00;KELLY_LITE;true;0.04;213235.24;0.0417;KELLY_LITE(mult=1.40 taper=1.00 n=20)+TIME_REDUCE(50%)+HARD_RISK_CAP(2.0%)+MAXLOSS_CAP;213219.88;213219.88;36;0
2026.08.11 20:15:27;XAUUSD;5;1786445818;DIR_OCO_PLACED;dir=BEAR ticket=118776893 price=4362.56 sl=4377.56 tp=4340.06 lot=0.04 dist=1.50;PLACE_PENDING;SAFE;0;1;0;-1;118776893;0.00;0.00;0.00;0.00;0.00;KELLY_LITE;true;0.04;213219.88;0.0417;KELLY_LITE(mult=1.30 taper=1.00 n=20)+TIME_REDUCE(50%)+HARD_RISK_CAP(2.0%)+MAXLOSS_CAP;213219.88;213219.88;36;0
2026.08.11 20:15:27;XAUUSD;5;1786445818;DIR_OCO_COUNTER_PLACED;dir=BULL(counter) ticket=118776895 price=4365.91 lot=0.03;PLACE_PENDING;SAFE;0;2;0;118776895;118776893;0.00;0.00;0.00;0.00;0.00;KELLY_LITE;true;0.04;213219.88;0.0417;KELLY_LITE(mult=1.30 taper=1.00 n=20)+TIME_REDUCE(50%)+HARD_RISK_CAP(2.0%)+MAXLOSS_CAP;213219.88;213219.88;36;0
2026.08.11 20:15:34;XAUUSD;5;1786445818;BUY_STOP_TRAILED;Old=4365.91 New=4365.54;WAIT_TRIGGER;SAFE;0;2;0;118776895;118776893;0.00;0.00;0.00;0.00;0.00;KELLY_LITE;true;0.04;213219.88;0.0417;KELLY_LITE(mult=1.30 taper=1.00 n=20)+TIME_REDUCE(50%)+HARD_RISK_CAP(2.0%)+MAXLOSS_CAP;213219.88;213219.88;35;0
2026.08.11 20:15:41;XAUUSD;5;1786445818;BUY_STOP_TRAILED;Old=4365.54 New=4365.13;WAIT_TRIGGER;SAFE;0;2;0;118776895;118776893;0.00;0.00;0.00;0.00;0.00;KELLY_LITE;true;0.04;213219.88;0.0417;KELLY_LITE(mult=1.30 taper=1.00 n=20)+TIME_REDUCE(50%)+HARD_RISK_CAP(2.0%)+MAXLOSS_CAP;213219.88;213219.88;35;0
2026.08.11 20:16:44;XAUUSD;5;1786445818;SELL_STOP_TRAILED;Old=4362.56 New=4362.90;WAIT_TRIGGER;SAFE;0;2;0;118776895;118776893;0.00;0.00;0.00;0.00;0.00;KELLY_LITE;true;0.04;213219.88;0.0417;KELLY_LITE(mult=1.30 taper=1.00 n=20)+TIME_REDUCE(50%)+HARD_RISK_CAP(2.0%)+MAXLOSS_CAP;213219.88;213219.88;36;0
2026.08.11 20:17:30;XAUUSD;5;1786445818;BUY_STOP_TRAILED;Old=4365.13 New=4364.77;WAIT_TRIGGER;SAFE;1;1;0;118776895;118776893;0.00;-1.20;-1.20;0.00;0.00;KELLY_LITE;true;0.04;213219.88;0.0417;KELLY_LITE(mult=1.30 taper=1.00 n=20)+TIME_REDUCE(50%)+HARD_RISK_CAP(2.0%)+MAXLOSS_CAP;213219.88;213218.68;36;0
2026.08.11 20:17:30;XAUUSD;5;1786445818;OCO_TRIGGERED_SELL;ticket=118776893 entry=4362.90;POSITION_ACTIVE;SAFE;1;1;0;118776895;-1;0.00;-1.20;-1.20;0.00;0.00;KELLY_LITE;true;0.04;213219.88;0.0417;KELLY_LITE(mult=1.30 taper=1.00 n=20)+TIME_REDUCE(50%)+HARD_RISK_CAP(2.0%)+MAXLOSS_CAP;213219.88;213218.68;36;0
2026.08.11 20:17:31;XAUUSD;5;1786445818;PENDING_DELETED;ticket=118776895 reason=oco_sell_triggered;POSITION_ACTIVE;SAFE;1;0;0;118776895;-1;0.00;-1.48;-1.48;0.00;0.00;KELLY_LITE;true;0.04;213219.88;0.0417;KELLY_LITE(mult=1.30 taper=1.00 n=20)+TIME_REDUCE(50%)+HARD_RISK_CAP(2.0%)+MAXLOSS_CAP;213219.88;213218.40;36;0
2026.08.11 20:17:31;XAUUSD;5;1786445818;HEDGE_PENDING_PLACED;dir=BUY_STOP ticket=118777377 price=4366.27 sl=4363.27 lot=0.05 mainEntry=4362.90 dist=3.00 confirmBars=1;POSITION_ACTIVE;SAFE;1;1;1;-1;-1;4362.90;-1.04;-1.04;0.00;-1.48;KELLY_LITE;true;0.04;213219.88;0.0417;KELLY_LITE(mult=1.30 taper=1.00 n=20)+TIME_REDUCE(50%)+HARD_RISK_CAP(2.0%)+MAXLOSS_CAP;213219.88;213218.84;36;0
2026.08.11 20:24:17;XAUUSD;5;1786445818;SL_MODIFIED;ticket=118777377 oldSL=4363.27 newSL=4366.13 reason=hedge_giveback_lock;MANAGE_PROFIT;SAFE;2;0;1;-1;-1;4362.90;-14.08;4.20;5.52;-16.05;KELLY_LITE;true;0.04;213219.88;0.0417;KELLY_LITE(mult=1.30 taper=1.00 n=20)+TIME_REDUCE(50%)+HARD_RISK_CAP(2.0%)+MAXLOSS_CAP;213219.88;213205.80;36;0
2026.08.11 20:24:17;XAUUSD;5;1786445818;SL_MODIFIED;ticket=118777377 oldSL=4366.13 newSL=4366.38 reason=hedge_giveback_lock (retry buf=3pt);MANAGE_PROFIT;SAFE;2;0;1;-1;-1;4362.90;-14.17;3.75;5.52;-16.05;KELLY_LITE;true;0.04;213219.88;0.0417;KELLY_LITE(mult=1.30 taper=1.00 n=20)+TIME_REDUCE(50%)+HARD_RISK_CAP(2.0%)+MAXLOSS_CAP;213219.88;213205.71;36;0
2026.08.11 20:24:18;XAUUSD;5;1786445818;SL_MODIFIED;ticket=118777377 oldSL=4366.38 newSL=4366.50 reason=hedge_giveback_lock;MANAGE_PROFIT;SAFE;2;0;1;-1;-1;4362.90;-14.17;3.75;5.52;-16.05;KELLY_LITE;true;0.04;213219.88;0.0417;KELLY_LITE(mult=1.30 taper=1.00 n=20)+TIME_REDUCE(50%)+HARD_RISK_CAP(2.0%)+MAXLOSS_CAP;213219.88;213205.71;36;0
2026.08.11 20:24:20;XAUUSD;5;1786445818;POSITION_CLOSED;ticket=118777377 reason=hedge_reversal_giveback_cap lots=0.05 price=4366.81 pnl=2.70;MANAGE_PROFIT;SAFE;1;0;1;-1;-1;4362.90;-18.12;-18.12;5.52;-16.05;KELLY_LITE;true;0.04;213219.88;0.0417;KELLY_LITE(mult=1.30 taper=1.00 n=20)+TIME_REDUCE(50%)+HARD_RISK_CAP(2.0%)+MAXLOSS_CAP;213223.88;213205.76;36;0
2026.08.11 20:24:20;XAUUSD;5;1786445818;HEDGE_CLOSED_REVERSAL;profit=2.70 peak=4.20 giveback=1.50 cap=1.50 reason=giveback_cap ok=1;MANAGE_PROFIT;SAFE;1;0;1;-1;-1;4362.90;-18.12;-18.12;5.52;-16.05;KELLY_LITE;true;0.04;213219.88;0.0417;KELLY_LITE(mult=1.30 taper=1.00 n=20)+TIME_REDUCE(50%)+HARD_RISK_CAP(2.0%)+MAXLOSS_CAP;213223.88;213205.76;36;0
2026.08.11 20:24:37;XAUUSD;5;1786445818;EXIT_SOFT_SL_MOMENTUM;profit=-20.00 rsi=45.1 dir=-1;MANAGE_PROFIT;WATCH;1;0;1;-1;-1;4362.90;-20.00;-20.00;5.52;-20.00;KELLY_LITE;true;0.04;213219.88;0.0417;KELLY_LITE(mult=1.30 taper=1.00 n=20)+TIME_REDUCE(50%)+HARD_RISK_CAP(2.0%)+MAXLOSS_CAP;213223.88;213203.88;36;0
2026.08.11 20:24:37;XAUUSD;5;1786445818;POSITION_CLOSED;ticket=118776893 reason=soft_sl_momentum lots=0.04 price=4367.90 pnl=-20.00;MANAGE_PROFIT;WATCH;0;0;1;-1;-1;4362.90;0.00;0.00;5.52;-20.00;KELLY_LITE;true;0.04;213219.88;0.0417;KELLY_LITE(mult=1.30 taper=1.00 n=20)+TIME_REDUCE(50%)+HARD_RISK_CAP(2.0%)+MAXLOSS_CAP;213203.88;213203.88;36;0
2026.08.11 20:24:37;XAUUSD;5;1786445818;CYCLE_RESET;oldState=RESET realizedPnL=-16.00 peak=5.52 worst=-20.00 pyramid=0 consLosses=2;RESET;WATCH;0;0;0;-1;-1;4362.90;0.00;0.00;5.52;-20.00;KELLY_LITE;true;0.04;213219.88;0.0417;KELLY_LITE(mult=1.30 taper=1.00 n=20)+TIME_REDUCE(50%)+HARD_RISK_CAP(2.0%)+MAXLOSS_CAP;213203.88;213203.88;33;0
2026.08.11 20:29:37;XAUUSD;5;1786445819;PLACE_PENDING_START;cycle=1786445819 trend=-1 consecLosses=2 preset=AGGRESSIVE;PLACE_PENDING;SAFE;0;0;0;-1;-1;0.00;0.00;0.00;0.00;0.00;KELLY_LITE;true;0.04;213219.88;0.0417;KELLY_LITE(mult=1.30 taper=1.00 n=20)+TIME_REDUCE(50%)+HARD_RISK_CAP(2.0%)+MAXLOSS_CAP;213203.88;213203.88;36;0
2026.08.11 20:29:37;XAUUSD;5;1786445819;DIR_OCO_PLACED;dir=BEAR ticket=118780294 price=4368.49 sl=4383.49 tp=4345.99 lot=0.04 dist=1.56;PLACE_PENDING;SAFE;0;1;0;-1;118780294;0.00;0.00;0.00;0.00;0.00;KELLY_LITE;true;0.04;213203.88;0.0417;KELLY_LITE(mult=1.20 taper=1.00 n=20)+CONSEC_REDUCE(0.50)+TIME_REDUCE(50%)+HARD_RISK_CAP(2.0%)+MAXLOSS_CAP;213203.88;213203.88;36;0
2026.08.11 20:29:38;XAUUSD;5;1786445819;DIR_OCO_COUNTER_PLACED;dir=BULL(counter) ticket=118780295 price=4371.97 lot=0.03;PLACE_PENDING;SAFE;0;2;0;118780295;118780294;0.00;0.00;0.00;0.00;0.00;KELLY_LITE;true;0.04;213203.88;0.0417;KELLY_LITE(mult=1.20 taper=1.00 n=20)+CONSEC_REDUCE(0.50)+TIME_REDUCE(50%)+HARD_RISK_CAP(2.0%)+MAXLOSS_CAP;213203.88;213203.88;36;0
2026.08.11 20:29:39;XAUUSD;5;1786445819;SELL_STOP_TRAILED;Old=4368.49 New=4368.94;WAIT_TRIGGER;SAFE;0;2;0;118780295;118780294;0.00;0.00;0.00;0.00;0.00;KELLY_LITE;true;0.04;213203.88;0.0417;KELLY_LITE(mult=1.20 taper=1.00 n=20)+CONSEC_REDUCE(0.50)+TIME_REDUCE(50%)+HARD_RISK_CAP(2.0%)+MAXLOSS_CAP;213203.88;213203.88;36;0
2026.08.11 20:30:01;XAUUSD;5;1786445819;SELL_STOP_TRAILED;Old=4368.94 New=4369.28;WAIT_TRIGGER;SAFE;0;2;0;118780295;118780294;0.00;0.00;0.00;0.00;0.00;KELLY_LITE;true;0.04;213203.88;0.0417;KELLY_LITE(mult=1.20 taper=1.00 n=20)+CONSEC_REDUCE(0.50)+TIME_REDUCE(50%)+HARD_RISK_CAP(2.0%)+MAXLOSS_CAP;213203.88;213203.88;37;0
2026.08.11 20:30:22;XAUUSD;5;1786445819;SELL_STOP_TRAILED;Old=4369.28 New=4369.59;WAIT_TRIGGER;SAFE;0;2;0;118780295;118780294;0.00;0.00;0.00;0.00;0.00;KELLY_LITE;true;0.04;213203.88;0.0417;KELLY_LITE(mult=1.20 taper=1.00 n=20)+CONSEC_REDUCE(0.50)+TIME_REDUCE(50%)+HARD_RISK_CAP(2.0%)+MAXLOSS_CAP;213203.88;213203.88;36;0
2026.08.11 20:31:00;XAUUSD;5;1786445819;SELL_STOP_TRAILED;Old=4369.59 New=4369.96;WAIT_TRIGGER;SAFE;0;2;0;118780295;118780294;0.00;0.00;0.00;0.00;0.00;KELLY_LITE;true;0.04;213203.88;0.0417;KELLY_LITE(mult=1.20 taper=1.00 n=20)+CONSEC_REDUCE(0.50)+TIME_REDUCE(50%)+HARD_RISK_CAP(2.0%)+MAXLOSS_CAP;213203.88;213203.88;36;0
2026.08.11 20:31:46;XAUUSD;5;1786445819;OCO_TRIGGERED_BUY;ticket=118780295 entry=4371.97;POSITION_ACTIVE;SAFE;1;1;0;-1;118780294;0.00;-0.36;-0.36;0.00;0.00;KELLY_LITE;true;0.04;213203.88;0.0417;KELLY_LITE(mult=1.20 taper=1.00 n=20)+CONSEC_REDUCE(0.50)+TIME_REDUCE(50%)+HARD_RISK_CAP(2.0%)+MAXLOSS_CAP;213203.88;213203.52;36;0
2026.08.11 20:31:47;XAUUSD;5;1786445819;PENDING_DELETED;ticket=118780294 reason=oco_buy_triggered;POSITION_ACTIVE;SAFE;1;0;0;-1;118780294;0.00;0.21;0.21;0.00;0.00;KELLY_LITE;true;0.04;213203.88;0.0417;KELLY_LITE(mult=1.20 taper=1.00 n=20)+CONSEC_REDUCE(0.50)+TIME_REDUCE(50%)+HARD_RISK_CAP(2.0%)+MAXLOSS_CAP;213203.88;213204.09;36;0
2026.08.11 20:31:47;XAUUSD;5;1786445819;HEDGE_PENDING_PLACED;dir=SELL_STOP ticket=118780796 price=4369.04 sl=4372.04 lot=0.05 mainEntry=4371.97 dist=3.00 confirmBars=1;POSITION_ACTIVE;SAFE;1;1;1;-1;-1;4371.97;0.60;0.60;0.21;0.00;KELLY_LITE;true;0.04;213203.88;0.0417;KELLY_LITE(mult=1.20 taper=1.00 n=20)+CONSEC_REDUCE(0.50)+TIME_REDUCE(50%)+HARD_RISK_CAP(2.0%)+MAXLOSS_CAP;213203.88;213204.48;36;0
2026.08.11 20:36:19;XAUUSD;5;1786445819;POSITION_CLOSED;ticket=118780796 reason=hedge_reversal_giveback_cap lots=0.05 price=4369.06 pnl=-0.10;MANAGE_PROFIT;SAFE;1;0;1;-1;-1;4371.97;-9.60;-9.60;6.42;-10.67;KELLY_LITE;true;0.04;213203.88;0.0417;KELLY_LITE(mult=1.20 taper=1.00 n=20)+CONSEC_REDUCE(0.50)+TIME_REDUCE(50%)+HARD_RISK_CAP(2.0%)+MAXLOSS_CAP;213203.43;213193.83;36;0
2026.08.11 20:36:19;XAUUSD;5;1786445819;HEDGE_CLOSED_REVERSAL;profit=-0.10 peak=1.40 giveback=1.50 cap=1.50 reason=giveback_cap ok=1;MANAGE_PROFIT;SAFE;1;0;1;-1;-1;4371.97;-9.60;-9.60;6.42;-10.67;KELLY_LITE;true;0.04;213203.88;0.0417;KELLY_LITE(mult=1.20 taper=1.00 n=20)+CONSEC_REDUCE(0.50)+TIME_REDUCE(50%)+HARD_RISK_CAP(2.0%)+MAXLOSS_CAP;213203.43;213193.83;36;0
2026.08.11 20:44:03;XAUUSD;5;1786445819;EXIT_TIME_LOSS;held=12 profit=-15.63;MANAGE_PROFIT;SAFE;1;0;1;-1;-1;4371.97;-15.63;-15.63;6.42;-15.63;KELLY_LITE;true;0.04;213203.88;0.0417;KELLY_LITE(mult=1.20 taper=1.00 n=20)+CONSEC_REDUCE(0.50)+TIME_REDUCE(50%)+HARD_RISK_CAP(2.0%)+MAXLOSS_CAP;213203.43;213187.80;37;0
2026.08.11 20:44:03;XAUUSD;5;1786445819;POSITION_CLOSED;ticket=118780295 reason=time_loss_exit lots=0.03 price=4366.76 pnl=-15.63;MANAGE_PROFIT;SAFE;0;0;1;-1;-1;4371.97;0.00;0.00;6.42;-15.63;KELLY_LITE;true;0.04;213203.88;0.0417;KELLY_LITE(mult=1.20 taper=1.00 n=20)+CONSEC_REDUCE(0.50)+TIME_REDUCE(50%)+HARD_RISK_CAP(2.0%)+MAXLOSS_CAP;213187.56;213187.56;36;0
2026.08.11 20:44:03;XAUUSD;5;1786445819;CONSECUTIVE_LOSS_PAUSE;losses=3 pauseUntil=2026.08.11 20:59:03;RESET;SAFE;0;0;0;-1;-1;4371.97;0.00;0.00;6.42;-15.63;KELLY_LITE;true;0.04;213203.88;0.0417;KELLY_LITE(mult=1.20 taper=1.00 n=20)+CONSEC_REDUCE(0.50)+TIME_REDUCE(50%)+HARD_RISK_CAP(2.0%)+MAXLOSS_CAP;213187.56;213187.56;36;0
2026.08.11 20:44:03;XAUUSD;5;1786445819;CYCLE_RESET;oldState=RESET realizedPnL=-16.32 peak=6.42 worst=-15.63 pyramid=0 consLosses=3;RESET;SAFE;0;0;0;-1;-1;4371.97;0.00;0.00;6.42;-15.63;KELLY_LITE;true;0.04;213203.88;0.0417;KELLY_LITE(mult=1.20 taper=1.00 n=20)+CONSEC_REDUCE(0.50)+TIME_REDUCE(50%)+HARD_RISK_CAP(2.0%)+MAXLOSS_CAP;213187.56;213187.56;36;0
2026.08.11 20:59:03;XAUUSD;5;1786445819;FILTER_BLOCK_TREND_DISAGREE;TREND_DISAGREE (main=-1 fast=1 rsi=48.2, no extreme);BLOCKED;SAFE;0;0;0;-1;-1;0.00;0.00;0.00;0.00;0.00;KELLY_LITE;true;0.04;213203.88;0.0417;KELLY_LITE(mult=1.20 taper=1.00 n=20)+CONSEC_REDUCE(0.50)+TIME_REDUCE(50%)+HARD_RISK_CAP(2.0%)+MAXLOSS_CAP;213187.56;213187.56;36;0
2026.08.11 21:04:03;XAUUSD;5;1786445819;FILTER_BLOCK_TREND_DISAGREE;TREND_DISAGREE (main=-1 fast=1 rsi=50.6, no extreme);BLOCKED;SAFE;0;0;0;-1;-1;0.00;0.00;0.00;0.00;0.00;KELLY_LITE;true;0.04;213203.88;0.0417;KELLY_LITE(mult=1.20 taper=1.00 n=20)+CONSEC_REDUCE(0.50)+TIME_REDUCE(50%)+HARD_RISK_CAP(2.0%)+MAXLOSS_CAP;213187.56;213187.56;36;0
2026.08.11 21:09:03;XAUUSD;5;1786445819;FILTER_BLOCK_TREND_DISAGREE;TREND_DISAGREE (main=-1 fast=1 rsi=48.7, no extreme);BLOCKED;SAFE;0;0;0;-1;-1;0.00;0.00;0.00;0.00;0.00;KELLY_LITE;true;0.04;213203.88;0.0417;KELLY_LITE(mult=1.20 taper=1.00 n=20)+CONSEC_REDUCE(0.50)+TIME_REDUCE(50%)+HARD_RISK_CAP(2.0%)+MAXLOSS_CAP;213187.56;213187.56;36;0
2026.08.11 21:14:03;XAUUSD;5;1786445819;FILTER_BLOCK_TREND_DISAGREE;TREND_DISAGREE (main=-1 fast=1 rsi=50.4, no extreme);BLOCKED;SAFE;0;0;0;-1;-1;0.00;0.00;0.00;0.00;0.00;KELLY_LITE;true;0.04;213203.88;0.0417;KELLY_LITE(mult=1.20 taper=1.00 n=20)+CONSEC_REDUCE(0.50)+TIME_REDUCE(50%)+HARD_RISK_CAP(2.0%)+MAXLOSS_CAP;213187.56;213187.56;36;0
2026.08.11 21:19:04;XAUUSD;5;1786445819;FILTER_BLOCK_TREND_DISAGREE;TREND_DISAGREE (main=-1 fast=1 rsi=50.0, no extreme);BLOCKED;SAFE;0;0;0;-1;-1;0.00;0.00;0.00;0.00;0.00;KELLY_LITE;true;0.04;213203.88;0.0417;KELLY_LITE(mult=1.20 taper=1.00 n=20)+CONSEC_REDUCE(0.50)+TIME_REDUCE(50%)+HARD_RISK_CAP(2.0%)+MAXLOSS_CAP;213187.56;213187.56;36;0
2026.08.11 21:24:05;XAUUSD;5;1786445819;FILTER_BLOCK_ADX_WEAK_MAIN;ADX_WEAK_MAIN (adx=14.8 min=23.0 [streak=3]);BLOCKED;SAFE;0;0;0;-1;-1;0.00;0.00;0.00;0.00;0.00;KELLY_LITE;true;0.04;213203.88;0.0417;KELLY_LITE(mult=1.20 taper=1.00 n=20)+CONSEC_REDUCE(0.50)+TIME_REDUCE(50%)+HARD_RISK_CAP(2.0%)+MAXLOSS_CAP;213187.56;213187.56;36;0
2026.08.11 21:29:05;XAUUSD;5;1786445819;FILTER_BLOCK_ADX_WEAK_MAIN;ADX_WEAK_MAIN (adx=16.6 min=23.0 [streak=3]);BLOCKED;SAFE;0;0;0;-1;-1;0.00;0.00;0.00;0.00;0.00;KELLY_LITE;true;0.04;213203.88;0.0417;KELLY_LITE(mult=1.20 taper=1.00 n=20)+CONSEC_REDUCE(0.50)+TIME_REDUCE(50%)+HARD_RISK_CAP(2.0%)+MAXLOSS_CAP;213187.56;213187.56;36;0
2026.08.11 21:34:05;XAUUSD;5;1786445819;FILTER_BLOCK_TREND_DISAGREE;TREND_DISAGREE (main=-1 fast=1 rsi=50.1, no extreme);BLOCKED;SAFE;0;0;0;-1;-1;0.00;0.00;0.00;0.00;0.00;KELLY_LITE;true;0.04;213203.88;0.0417;KELLY_LITE(mult=1.20 taper=1.00 n=20)+CONSEC_REDUCE(0.50)+TIME_REDUCE(50%)+HARD_RISK_CAP(2.0%)+MAXLOSS_CAP;213187.56;213187.56;36;0
2026.08.11 21:39:06;XAUUSD;5;1786445819;FILTER_BLOCK_ADX_WEAK_MAIN;ADX_WEAK_MAIN (adx=13.0 min=23.0 [streak=3]);BLOCKED;SAFE;0;0;0;-1;-1;0.00;0.00;0.00;0.00;0.00;KELLY_LITE;true;0.04;213203.88;0.0417;KELLY_LITE(mult=1.20 taper=1.00 n=20)+CONSEC_REDUCE(0.50)+TIME_REDUCE(50%)+HARD_RISK_CAP(2.0%)+MAXLOSS_CAP;213187.56;213187.56;33;0
2026.08.11 21:44:08;XAUUSD;5;1786445819;FILTER_BLOCK_ADX_WEAK_MAIN;ADX_WEAK_MAIN (adx=14.2 min=23.0 [streak=3]);BLOCKED;SAFE;0;0;0;-1;-1;0.00;0.00;0.00;0.00;0.00;KELLY_LITE;true;0.04;213203.88;0.0417;KELLY_LITE(mult=1.20 taper=1.00 n=20)+CONSEC_REDUCE(0.50)+TIME_REDUCE(50%)+HARD_RISK_CAP(2.0%)+MAXLOSS_CAP;213187.56;213187.56;35;0
2026.08.11 21:49:08;XAUUSD;5;1786445819;FILTER_BLOCK_ADX_WEAK_MAIN;ADX_WEAK_MAIN (adx=17.5 min=23.0 [streak=3]);BLOCKED;SAFE;0;0;0;-1;-1;0.00;0.00;0.00;0.00;0.00;KELLY_LITE;true;0.04;213203.88;0.0417;KELLY_LITE(mult=1.20 taper=1.00 n=20)+CONSEC_REDUCE(0.50)+TIME_REDUCE(50%)+HARD_RISK_CAP(2.0%)+MAXLOSS_CAP;213187.56;213187.56;42;0
2026.08.11 21:54:11;XAUUSD;5;1786445819;FILTER_BLOCK_ADX_WEAK_MAIN;ADX_WEAK_MAIN (adx=21.5 min=23.0 [streak=3]);BLOCKED;SAFE;0;0;0;-1;-1;0.00;0.00;0.00;0.00;0.00;KELLY_LITE;true;0.04;213203.88;0.0417;KELLY_LITE(mult=1.20 taper=1.00 n=20)+CONSEC_REDUCE(0.50)+TIME_REDUCE(50%)+HARD_RISK_CAP(2.0%)+MAXLOSS_CAP;213187.56;213187.56;52;0
2026.08.11 23:01:00;XAUUSD;5;1786445820;PLACE_PENDING_START;cycle=1786445820 trend=-1 consecLosses=3 preset=AGGRESSIVE;PLACE_PENDING;SAFE;0;0;0;-1;-1;0.00;0.00;0.00;0.00;0.00;KELLY_LITE;true;0.04;213203.88;0.0417;KELLY_LITE(mult=1.20 taper=1.00 n=20)+CONSEC_REDUCE(0.50)+TIME_REDUCE(50%)+HARD_RISK_CAP(2.0%)+MAXLOSS_CAP;213187.56;213187.56;53;0
2026.08.11 23:01:00;XAUUSD;5;1786445820;FILTER_BLOCK_SPREAD;spread=53 max=50;PLACE_PENDING;SAFE;0;0;0;-1;-1;0.00;0.00;0.00;0.00;0.00;KELLY_LITE;true;0.04;213203.88;0.0417;KELLY_LITE(mult=1.20 taper=1.00 n=20)+CONSEC_REDUCE(0.50)+TIME_REDUCE(50%)+HARD_RISK_CAP(2.0%)+MAXLOSS_CAP;213187.56;213187.56;53;0
2026.08.11 23:06:00;XAUUSD;5;1786445821;PLACE_PENDING_START;cycle=1786445821 trend=-1 consecLosses=3 preset=AGGRESSIVE;PLACE_PENDING;SAFE;0;0;0;-1;-1;0.00;0.00;0.00;0.00;0.00;KELLY_LITE;true;0.04;213203.88;0.0417;KELLY_LITE(mult=1.20 taper=1.00 n=20)+CONSEC_REDUCE(0.50)+TIME_REDUCE(50%)+HARD_RISK_CAP(2.0%)+MAXLOSS_CAP;213187.56;213187.56;52;0
2026.08.11 23:06:00;XAUUSD;5;1786445821;FILTER_BLOCK_SPREAD;spread=52 max=50;PLACE_PENDING;SAFE;0;0;0;-1;-1;0.00;0.00;0.00;0.00;0.00;KELLY_LITE;true;0.04;213203.88;0.0417;KELLY_LITE(mult=1.20 taper=1.00 n=20)+CONSEC_REDUCE(0.50)+TIME_REDUCE(50%)+HARD_RISK_CAP(2.0%)+MAXLOSS_CAP;213187.56;213187.56;52;0
2026.08.11 23:11:00;XAUUSD;5;1786445821;FILTER_BLOCK_ADX_WEAK_MAIN;ADX_WEAK_MAIN (adx=22.3 min=23.0 [streak=3]);BLOCKED;SAFE;0;0;0;-1;-1;0.00;0.00;0.00;0.00;0.00;KELLY_LITE;true;0.04;213203.88;0.0417;KELLY_LITE(mult=1.20 taper=1.00 n=20)+CONSEC_REDUCE(0.50)+TIME_REDUCE(50%)+HARD_RISK_CAP(2.0%)+MAXLOSS_CAP;213187.56;213187.56;48;0
2026.08.11 23:16:00;XAUUSD;5;1786445821;FILTER_BLOCK_ADX_WEAK_MAIN;ADX_WEAK_MAIN (adx=22.2 min=23.0 [streak=3]);BLOCKED;SAFE;0;0;0;-1;-1;0.00;0.00;0.00;0.00;0.00;KELLY_LITE;true;0.04;213203.88;0.0417;KELLY_LITE(mult=1.20 taper=1.00 n=20)+CONSEC_REDUCE(0.50)+TIME_REDUCE(50%)+HARD_RISK_CAP(2.0%)+MAXLOSS_CAP;213187.56;213187.56;42;0
2026.08.11 23:21:00;XAUUSD;5;1786445821;FILTER_BLOCK_ADX_WEAK_MAIN;ADX_WEAK_MAIN (adx=22.9 min=23.0 [streak=3]);BLOCKED;SAFE;0;0;0;-1;-1;0.00;0.00;0.00;0.00;0.00;KELLY_LITE;true;0.04;213203.88;0.0417;KELLY_LITE(mult=1.20 taper=1.00 n=20)+CONSEC_REDUCE(0.50)+TIME_REDUCE(50%)+HARD_RISK_CAP(2.0%)+MAXLOSS_CAP;213187.56;213187.56;36;0
2026.08.11 23:26:00;XAUUSD;5;1786445822;PLACE_PENDING_START;cycle=1786445822 trend=-1 consecLosses=3 preset=AGGRESSIVE;PLACE_PENDING;SAFE;0;0;0;-1;-1;0.00;0.00;0.00;0.00;0.00;KELLY_LITE;true;0.04;213203.88;0.0417;KELLY_LITE(mult=1.20 taper=1.00 n=20)+CONSEC_REDUCE(0.50)+TIME_REDUCE(50%)+HARD_RISK_CAP(2.0%)+MAXLOSS_CAP;213187.56;213187.56;33;0
2026.08.11 23:26:00;XAUUSD;5;1786445822;FILTER_BLOCK_ATR;atr=1.80 min=2.00;PLACE_PENDING;SAFE;0;0;0;-1;-1;0.00;0.00;0.00;0.00;0.00;KELLY_LITE;true;0.04;213203.88;0.0417;KELLY_LITE(mult=1.20 taper=1.00 n=20)+CONSEC_REDUCE(0.50)+TIME_REDUCE(50%)+HARD_RISK_CAP(2.0%)+MAXLOSS_CAP;213187.56;213187.56;33;0
2026.08.11 23:31:01;XAUUSD;5;1786445823;PLACE_PENDING_START;cycle=1786445823 trend=-1 consecLosses=3 preset=AGGRESSIVE;PLACE_PENDING;SAFE;0;0;0;-1;-1;0.00;0.00;0.00;0.00;0.00;KELLY_LITE;true;0.04;213203.88;0.0417;KELLY_LITE(mult=1.20 taper=1.00 n=20)+CONSEC_REDUCE(0.50)+TIME_REDUCE(50%)+HARD_RISK_CAP(2.0%)+MAXLOSS_CAP;213187.56;213187.56;36;0
2026.08.11 23:31:01;XAUUSD;5;1786445823;FILTER_BLOCK_ATR;atr=1.70 min=2.00;PLACE_PENDING;SAFE;0;0;0;-1;-1;0.00;0.00;0.00;0.00;0.00;KELLY_LITE;true;0.04;213203.88;0.0417;KELLY_LITE(mult=1.20 taper=1.00 n=20)+CONSEC_REDUCE(0.50)+TIME_REDUCE(50%)+HARD_RISK_CAP(2.0%)+MAXLOSS_CAP;213187.56;213187.56;36;0
2026.08.11 23:36:01;XAUUSD;5;1786445824;PLACE_PENDING_START;cycle=1786445824 trend=-1 consecLosses=3 preset=AGGRESSIVE;PLACE_PENDING;SAFE;0;0;0;-1;-1;0.00;0.00;0.00;0.00;0.00;KELLY_LITE;true;0.04;213203.88;0.0417;KELLY_LITE(mult=1.20 taper=1.00 n=20)+CONSEC_REDUCE(0.50)+TIME_REDUCE(50%)+HARD_RISK_CAP(2.0%)+MAXLOSS_CAP;213187.56;213187.56;36;0
2026.08.11 23:36:01;XAUUSD;5;1786445824;FILTER_BLOCK_ATR;atr=1.67 min=2.00;PLACE_PENDING;SAFE;0;0;0;-1;-1;0.00;0.00;0.00;0.00;0.00;KELLY_LITE;true;0.04;213203.88;0.0417;KELLY_LITE(mult=1.20 taper=1.00 n=20)+CONSEC_REDUCE(0.50)+TIME_REDUCE(50%)+HARD_RISK_CAP(2.0%)+MAXLOSS_CAP;213187.56;213187.56;36;0
2026.08.11 23:41:02;XAUUSD;5;1786445824;FILTER_BLOCK_TREND;TREND_NEUTRAL_EMA;BLOCKED;SAFE;0;0;0;-1;-1;0.00;0.00;0.00;0.00;0.00;KELLY_LITE;true;0.04;213203.88;0.0417;KELLY_LITE(mult=1.20 taper=1.00 n=20)+CONSEC_REDUCE(0.50)+TIME_REDUCE(50%)+HARD_RISK_CAP(2.0%)+MAXLOSS_CAP;213187.56;213187.56;36;0
2026.08.11 23:46:02;XAUUSD;5;1786445824;FILTER_BLOCK_TREND;TREND_NEUTRAL_EMA;BLOCKED;SAFE;0;0;0;-1;-1;0.00;0.00;0.00;0.00;0.00;KELLY_LITE;true;0.04;213203.88;0.0417;KELLY_LITE(mult=1.20 taper=1.00 n=20)+CONSEC_REDUCE(0.50)+TIME_REDUCE(50%)+HARD_RISK_CAP(2.0%)+MAXLOSS_CAP;213187.56;213187.56;36;0
2026.08.11 23:51:02;XAUUSD;5;1786445824;FILTER_BLOCK_TREND;TREND_NEUTRAL_EMA;BLOCKED;SAFE;0;0;0;-1;-1;0.00;0.00;0.00;0.00;0.00;KELLY_LITE;true;0.04;213203.88;0.0417;KELLY_LITE(mult=1.20 taper=1.00 n=20)+CONSEC_REDUCE(0.50)+TIME_REDUCE(50%)+HARD_RISK_CAP(2.0%)+MAXLOSS_CAP;213187.56;213187.56;36;0
2026.08.11 23:56:02;XAUUSD;5;1786445824;FILTER_BLOCK_TREND;TREND_NEUTRAL_EMA;BLOCKED;SAFE;0;0;0;-1;-1;0.00;0.00;0.00;0.00;0.00;KELLY_LITE;true;0.04;213203.88;0.0417;KELLY_LITE(mult=1.20 taper=1.00 n=20)+CONSEC_REDUCE(0.50)+TIME_REDUCE(50%)+HARD_RISK_CAP(2.0%)+MAXLOSS_CAP;213187.56;213187.56;36;0
2026.08.12 00:01:03;XAUUSD;5;1786445824;FILTER_BLOCK_TREND;TREND_NEUTRAL_EMA;BLOCKED;SAFE;0;0;0;-1;-1;0.00;0.00;0.00;0.00;0.00;KELLY_LITE;true;0.04;213203.88;0.0417;KELLY_LITE(mult=1.20 taper=1.00 n=20)+CONSEC_REDUCE(0.50)+TIME_REDUCE(50%)+HARD_RISK_CAP(2.0%)+MAXLOSS_CAP;213187.56;213187.56;36;0
2026.08.12 00:06:03;XAUUSD;5;1786445824;FILTER_BLOCK_TREND_DISAGREE;TREND_DISAGREE (main=-1 fast=1 rsi=33.9, no extreme);BLOCKED;SAFE;0;0;0;-1;-1;0.00;0.00;0.00;0.00;0.00;KELLY_LITE;true;0.04;213203.88;0.0417;KELLY_LITE(mult=1.20 taper=1.00 n=20)+CONSEC_REDUCE(0.50)+TIME_REDUCE(50%)+HARD_RISK_CAP(2.0%)+MAXLOSS_CAP;213187.56;213187.56;36;0
2026.08.12 00:11:03;XAUUSD;5;1786445825;PLACE_PENDING_START;cycle=1786445825 trend=-1 consecLosses=3 preset=AGGRESSIVE;PLACE_PENDING;SAFE;0;0;0;-1;-1;0.00;0.00;0.00;0.00;0.00;KELLY_LITE;true;0.04;213203.88;0.0417;KELLY_LITE(mult=1.20 taper=1.00 n=20)+CONSEC_REDUCE(0.50)+TIME_REDUCE(50%)+HARD_RISK_CAP(2.0%)+MAXLOSS_CAP;213187.56;213187.56;33;0
2026.08.12 00:11:03;XAUUSD;5;1786445825;DIR_OCO_PLACED;dir=BEAR ticket=118803630 price=4363.52 sl=4378.52 tp=4341.02 lot=0.04 dist=1.50;PLACE_PENDING;SAFE;0;1;0;-1;118803630;0.00;0.00;0.00;0.00;0.00;KELLY_LITE;true;0.04;213187.56;0.0417;KELLY_LITE(mult=1.10 taper=1.00 n=20)+CONSEC_REDUCE(0.50)+HARD_RISK_CAP(2.0%)+MAXLOSS_CAP;213187.56;213187.56;36;0
2026.08.12 00:11:03;XAUUSD;5;1786445825;DIR_OCO_COUNTER_PLACED;dir=BULL(counter) ticket=118803632 price=4366.85 lot=0.03;PLACE_PENDING;SAFE;0;2;0;118803632;118803630;0.00;0.00;0.00;0.00;0.00;KELLY_LITE;true;0.04;213187.56;0.0417;KELLY_LITE(mult=1.10 taper=1.00 n=20)+CONSEC_REDUCE(0.50)+HARD_RISK_CAP(2.0%)+MAXLOSS_CAP;213187.56;213187.56;36;0
2026.08.12 00:11:09;XAUUSD;5;1786445825;BUY_STOP_TRAILED;Old=4366.85 New=4366.52;WAIT_TRIGGER;SAFE;0;2;0;118803632;118803630;0.00;0.00;0.00;0.00;0.00;KELLY_LITE;true;0.04;213187.56;0.0417;KELLY_LITE(mult=1.10 taper=1.00 n=20)+CONSEC_REDUCE(0.50)+HARD_RISK_CAP(2.0%)+MAXLOSS_CAP;213187.56;213187.56;37;0
2026.08.12 00:11:27;XAUUSD;5;1786445825;SELL_STOP_TRAILED;Old=4363.52 New=4363.86;WAIT_TRIGGER;SAFE;0;2;0;118803632;118803630;0.00;0.00;0.00;0.00;0.00;KELLY_LITE;true;0.04;213187.56;0.0417;KELLY_LITE(mult=1.10 taper=1.00 n=20)+CONSEC_REDUCE(0.50)+HARD_RISK_CAP(2.0%)+MAXLOSS_CAP;213187.56;213187.56;33;0
2026.08.12 00:11:27;XAUUSD;5;1786445825;SELL_STOP_TRAILED;Old=4363.86 New=4364.27;WAIT_TRIGGER;SAFE;0;2;0;118803632;118803630;0.00;0.00;0.00;0.00;0.00;KELLY_LITE;true;0.04;213187.56;0.0417;KELLY_LITE(mult=1.10 taper=1.00 n=20)+CONSEC_REDUCE(0.50)+HARD_RISK_CAP(2.0%)+MAXLOSS_CAP;213187.56;213187.56;36;0
2026.08.12 00:11:35;XAUUSD;5;1786445825;SELL_STOP_TRAILED;Old=4364.27 New=4364.61;WAIT_TRIGGER;SAFE;1;1;0;118803632;118803630;0.00;-0.24;-0.24;0.00;0.00;KELLY_LITE;true;0.04;213187.56;0.0417;KELLY_LITE(mult=1.10 taper=1.00 n=20)+CONSEC_REDUCE(0.50)+HARD_RISK_CAP(2.0%)+MAXLOSS_CAP;213187.56;213187.32;37;0
2026.08.12 00:11:35;XAUUSD;5;1786445825;OCO_TRIGGERED_BUY;ticket=118803632 entry=4366.52;POSITION_ACTIVE;SAFE;1;1;0;-1;118803630;0.00;-0.24;-0.24;0.00;0.00;KELLY_LITE;true;0.04;213187.56;0.0417;KELLY_LITE(mult=1.10 taper=1.00 n=20)+CONSEC_REDUCE(0.50)+HARD_RISK_CAP(2.0%)+MAXLOSS_CAP;213187.56;213187.32;37;0
2026.08.12 00:11:36;XAUUSD;5;1786445825;PENDING_DELETED;ticket=118803630 reason=oco_buy_triggered;POSITION_ACTIVE;SAFE;1;0;0;-1;118803630;0.00;-1.38;-1.38;0.00;0.00;KELLY_LITE;true;0.04;213187.56;0.0417;KELLY_LITE(mult=1.10 taper=1.00 n=20)+CONSEC_REDUCE(0.50)+HARD_RISK_CAP(2.0%)+MAXLOSS_CAP;213187.56;213186.18;33;0
2026.08.12 00:11:36;XAUUSD;5;1786445825;HEDGE_PENDING_PLACED;dir=SELL_STOP ticket=118803754 price=4363.06 sl=4366.06 lot=0.05 mainEntry=4366.52 dist=3.00 confirmBars=1;POSITION_ACTIVE;SAFE;1;1;1;-1;-1;4366.52;-1.89;-1.89;0.00;-1.38;KELLY_LITE;true;0.04;213187.56;0.0417;KELLY_LITE(mult=1.10 taper=1.00 n=20)+CONSEC_REDUCE(0.50)+HARD_RISK_CAP(2.0%)+MAXLOSS_CAP;213187.56;213185.67;33;0
2026.08.12 00:13:19;XAUUSD;5;1786445825;SL_MODIFIED;ticket=118803632 oldSL=4354.52 newSL=4368.74 reason=break_even_lock_leg_0 (retry buf=3pt);MANAGE_PROFIT;SAFE;1;1;1;-1;-1;4366.52;8.49;8.49;8.34;-1.89;KELLY_LITE;true;0.04;213187.56;0.0417;KELLY_LITE(mult=1.10 taper=1.00 n=20)+CONSEC_REDUCE(0.50)+HARD_RISK_CAP(2.0%)+MAXLOSS_CAP;213187.56;213196.05;37;0
2026.08.12 00:13:19;XAUUSD;5;1786445825;PROFIT_RATCHET_LOCKED;floor=3.54 peak=8.34;MANAGE_PROFIT;SAFE;1;1;1;-1;-1;4366.52;8.49;8.49;8.34;-1.89;KELLY_LITE;true;0.04;213187.56;0.0417;KELLY_LITE(mult=1.10 taper=1.00 n=20)+CONSEC_REDUCE(0.50)+HARD_RISK_CAP(2.0%)+MAXLOSS_CAP;213187.56;213196.05;37;0
2026.08.12 00:13:20;XAUUSD;5;1786445825;SL_MODIFIED;ticket=118803632 oldSL=4368.74 newSL=4368.97 reason=break_even_lock_leg_0;MANAGE_PROFIT;SAFE;1;1;1;-1;-1;4366.52;9.03;9.03;8.91;-1.89;KELLY_LITE;true;0.04;213187.56;0.0417;KELLY_LITE(mult=1.10 taper=1.00 n=20)+CONSEC_REDUCE(0.50)+HARD_RISK_CAP(2.0%)+MAXLOSS_CAP;213187.56;213196.59;36;0
2026.08.12 00:13:20;XAUUSD;5;1786445825;PROFIT_RATCHET_LOCKED;floor=3.79 peak=8.91;MANAGE_PROFIT;SAFE;1;1;1;-1;-1;4366.52;9.03;9.03;8.91;-1.89;KELLY_LITE;true;0.04;213187.56;0.0417;KELLY_LITE(mult=1.10 taper=1.00 n=20)+CONSEC_REDUCE(0.50)+HARD_RISK_CAP(2.0%)+MAXLOSS_CAP;213187.56;213196.59;36;0
2026.08.12 00:13:20;XAUUSD;5;1786445825;SL_MODIFY_FAILED;ticket=118803632 newSL=4369.01 reason=break_even_lock_leg_0 err=0;MANAGE_PROFIT;SAFE;1;1;1;-1;-1;4366.52;7.65;7.65;9.03;-1.89;KELLY_LITE;true;0.04;213187.56;0.0417;KELLY_LITE(mult=1.10 taper=1.00 n=20)+CONSEC_REDUCE(0.50)+HARD_RISK_CAP(2.0%)+MAXLOSS_CAP;213187.56;213195.21;37;0
2026.08.12 00:13:20;XAUUSD;5;1786445825;PROFIT_RATCHET_LOCKED;floor=3.84 peak=9.03;MANAGE_PROFIT;SAFE;1;1;1;-1;-1;4366.52;7.65;7.65;9.03;-1.89;KELLY_LITE;true;0.04;213187.56;0.0417;KELLY_LITE(mult=1.10 taper=1.00 n=20)+CONSEC_REDUCE(0.50)+HARD_RISK_CAP(2.0%)+MAXLOSS_CAP;213187.56;213195.21;37;0
2026.08.12 00:13:20;XAUUSD;5;1786445825;EXIT_TIERED_TRAIL;profit=7.65 peak=9.03 allowedRetrace=1.35;MANAGE_PROFIT;SAFE;1;1;1;-1;-1;4366.52;7.65;7.65;9.03;-1.89;KELLY_LITE;true;0.04;213187.56;0.0417;KELLY_LITE(mult=1.10 taper=1.00 n=20)+CONSEC_REDUCE(0.50)+HARD_RISK_CAP(2.0%)+MAXLOSS_CAP;213187.56;213195.21;37;0
2026.08.12 00:13:21;XAUUSD;5;1786445825;POSITION_CLOSED;ticket=118803632 reason=tiered_profit_trail lots=0.03 price=4369.07 pnl=7.65;MANAGE_PROFIT;SAFE;0;1;1;-1;-1;4366.52;0.00;0.00;9.03;-1.89;KELLY_LITE;true;0.04;213187.56;0.0417;KELLY_LITE(mult=1.10 taper=1.00 n=20)+CONSEC_REDUCE(0.50)+HARD_RISK_CAP(2.0%)+MAXLOSS_CAP;213195.21;213195.21;36;0
2026.08.12 00:13:21;XAUUSD;5;1786445825;PENDING_DELETED;ticket=118803754 reason=close_all_hedge;MANAGE_PROFIT;SAFE;0;0;0;-1;-1;4366.52;0.00;0.00;9.03;-1.89;KELLY_LITE;true;0.04;213187.56;0.0417;KELLY_LITE(mult=1.10 taper=1.00 n=20)+CONSEC_REDUCE(0.50)+HARD_RISK_CAP(2.0%)+MAXLOSS_CAP;213195.21;213195.21;36;0
2026.08.12 00:13:21;XAUUSD;5;1786445825;CYCLE_RESET;oldState=RESET realizedPnL=7.65 peak=9.03 worst=-1.89 pyramid=0 consLosses=0;RESET;SAFE;0;0;0;-1;-1;4366.52;0.00;0.00;9.03;-1.89;KELLY_LITE;true;0.04;213187.56;0.0417;KELLY_LITE(mult=1.10 taper=1.00 n=20)+CONSEC_REDUCE(0.50)+HARD_RISK_CAP(2.0%)+MAXLOSS_CAP;213195.21;213195.21;36;0
2026.08.12 00:18:21;XAUUSD;5;1786445826;PLACE_PENDING_START;cycle=1786445826 trend=-1 consecLosses=0 preset=AGGRESSIVE;PLACE_PENDING;SAFE;0;0;0;-1;-1;0.00;0.00;0.00;0.00;0.00;KELLY_LITE;true;0.04;213187.56;0.0417;KELLY_LITE(mult=1.10 taper=1.00 n=20)+CONSEC_REDUCE(0.50)+HARD_RISK_CAP(2.0%)+MAXLOSS_CAP;213195.21;213195.21;36;0
2026.08.12 00:18:21;XAUUSD;5;1786445826;DIR_OCO_PLACED;dir=BEAR ticket=118805354 price=4367.97 sl=4382.97 tp=4345.47 lot=0.04 dist=1.50;PLACE_PENDING;SAFE;0;1;0;-1;118805354;0.00;0.00;0.00;0.00;0.00;KELLY_LITE;true;0.04;213195.21;0.0417;KELLY_LITE(mult=1.10 taper=1.00 n=20)+HARD_RISK_CAP(2.0%)+MAXLOSS_CAP;213195.21;213195.21;36;0
2026.08.12 00:18:21;XAUUSD;5;1786445826;DIR_OCO_COUNTER_PLACED;dir=BULL(counter) ticket=118805356 price=4371.33 lot=0.03;PLACE_PENDING;SAFE;0;2;0;118805356;118805354;0.00;0.00;0.00;0.00;0.00;KELLY_LITE;true;0.04;213195.21;0.0417;KELLY_LITE(mult=1.10 taper=1.00 n=20)+HARD_RISK_CAP(2.0%)+MAXLOSS_CAP;213195.21;213195.21;36;0
2026.08.12 00:18:49;XAUUSD;5;1786445826;SELL_STOP_TRAILED;Old=4367.97 New=4368.29;WAIT_TRIGGER;SAFE;0;2;0;118805356;118805354;0.00;0.00;0.00;0.00;0.00;KELLY_LITE;true;0.04;213195.21;0.0417;KELLY_LITE(mult=1.10 taper=1.00 n=20)+HARD_RISK_CAP(2.0%)+MAXLOSS_CAP;213195.21;213195.21;36;0
2026.08.12 00:18:53;XAUUSD;5;1786445826;SELL_STOP_TRAILED;Old=4368.29 New=4368.61;WAIT_TRIGGER;SAFE;0;2;0;118805356;118805354;0.00;0.00;0.00;0.00;0.00;KELLY_LITE;true;0.04;213195.21;0.0417;KELLY_LITE(mult=1.10 taper=1.00 n=20)+HARD_RISK_CAP(2.0%)+MAXLOSS_CAP;213195.21;213195.21;37;0
2026.08.12 00:18:55;XAUUSD;5;1786445826;SELL_STOP_TRAILED;Old=4368.61 New=4369.22;WAIT_TRIGGER;SAFE;0;2;0;118805356;118805354;0.00;0.00;0.00;0.00;0.00;KELLY_LITE;true;0.04;213195.21;0.0417;KELLY_LITE(mult=1.10 taper=1.00 n=20)+HARD_RISK_CAP(2.0%)+MAXLOSS_CAP;213195.21;213195.21;36;0
2026.08.12 00:18:59;XAUUSD;5;1786445826;OCO_TRIGGERED_BUY;ticket=118805356 entry=4371.33;POSITION_ACTIVE;SAFE;1;1;0;-1;118805354;0.00;-0.96;-0.96;0.00;0.00;KELLY_LITE;true;0.04;213195.21;0.0417;KELLY_LITE(mult=1.10 taper=1.00 n=20)+HARD_RISK_CAP(2.0%)+MAXLOSS_CAP;213195.21;213194.25;33;0
2026.08.12 00:18:59;XAUUSD;5;1786445826;PENDING_DELETED;ticket=118805354 reason=oco_buy_triggered;POSITION_ACTIVE;SAFE;1;0;0;-1;118805354;0.00;-0.33;-0.33;0.00;0.00;KELLY_LITE;true;0.04;213195.21;0.0417;KELLY_LITE(mult=1.10 taper=1.00 n=20)+HARD_RISK_CAP(2.0%)+MAXLOSS_CAP;213195.21;213194.88;36;0
2026.08.12 00:19:00;XAUUSD;5;1786445826;HEDGE_PENDING_PLACED;dir=SELL_STOP ticket=118805442 price=4368.22 sl=4371.22 lot=0.05 mainEntry=4371.33 dist=3.00 confirmBars=1;POSITION_ACTIVE;SAFE;1;1;1;-1;-1;4371.33;-0.57;-0.57;0.00;-0.33;KELLY_LITE;true;0.04;213195.21;0.0417;KELLY_LITE(mult=1.10 taper=1.00 n=20)+HARD_RISK_CAP(2.0%)+MAXLOSS_CAP;213195.21;213194.64;36;0
2026.08.12 00:23:32;XAUUSD;5;1786445826;SL_MODIFIED;ticket=118805356 oldSL=4356.33 newSL=4373.73 reason=break_even_lock_leg_0;MANAGE_PROFIT;SAFE;1;1;1;-1;-1;4371.33;8.85;8.85;8.76;-1.92;KELLY_LITE;true;0.04;213195.21;0.0417;KELLY_LITE(mult=1.10 taper=1.00 n=20)+HARD_RISK_CAP(2.0%)+MAXLOSS_CAP;213195.21;213204.06;36;0
2026.08.12 00:23:32;XAUUSD;5;1786445826;PROFIT_RATCHET_LOCKED;floor=3.72 peak=8.76;MANAGE_PROFIT;SAFE;1;1;1;-1;-1;4371.33;8.85;8.85;8.76;-1.92;KELLY_LITE;true;0.04;213195.21;0.0417;KELLY_LITE(mult=1.10 taper=1.00 n=20)+HARD_RISK_CAP(2.0%)+MAXLOSS_CAP;213195.21;213204.06;36;0
2026.08.12 00:23:33;XAUUSD;5;1786445826;SL_MODIFY_FAILED;ticket=118805356 newSL=4373.76 reason=break_even_lock_leg_0 err=0;MANAGE_PROFIT;SAFE;1;1;1;-1;-1;4371.33;7.83;7.83;8.85;-1.92;KELLY_LITE;true;0.04;213195.21;0.0417;KELLY_LITE(mult=1.10 taper=1.00 n=20)+HARD_RISK_CAP(2.0%)+MAXLOSS_CAP;213195.21;213203.04;36;0
2026.08.12 00:23:33;XAUUSD;5;1786445826;PROFIT_RATCHET_LOCKED;floor=3.76 peak=8.85;MANAGE_PROFIT;SAFE;1;1;1;-1;-1;4371.33;7.83;7.83;8.85;-1.92;KELLY_LITE;true;0.04;213195.21;0.0417;KELLY_LITE(mult=1.10 taper=1.00 n=20)+HARD_RISK_CAP(2.0%)+MAXLOSS_CAP;213195.21;213203.04;36;0
2026.08.12 00:23:33;XAUUSD;5;1786445826;PROFIT_RATCHET_LOCKED;floor=3.76 peak=8.85;MANAGE_PROFIT;SAFE;1;1;1;-1;-1;4371.33;7.83;7.83;8.85;-1.92;KELLY_LITE;true;0.04;213195.21;0.0417;KELLY_LITE(mult=1.10 taper=1.00 n=20)+HARD_RISK_CAP(2.0%)+MAXLOSS_CAP;213195.21;213203.04;36;0
2026.08.12 00:23:33;XAUUSD;5;1786445826;PROFIT_RATCHET_LOCKED;floor=3.76 peak=8.85;MANAGE_PROFIT;SAFE;1;1;1;-1;-1;4371.33;7.89;7.89;8.85;-1.92;KELLY_LITE;true;0.04;213195.21;0.0417;KELLY_LITE(mult=1.10 taper=1.00 n=20)+HARD_RISK_CAP(2.0%)+MAXLOSS_CAP;213195.21;213203.10;36;0
2026.08.12 00:23:33;XAUUSD;5;1786445826;PROFIT_RATCHET_LOCKED;floor=3.76 peak=8.85;MANAGE_PROFIT;SAFE;1;1;1;-1;-1;4371.33;8.01;8.01;8.85;-1.92;KELLY_LITE;true;0.04;213195.21;0.0417;KELLY_LITE(mult=1.10 taper=1.00 n=20)+HARD_RISK_CAP(2.0%)+MAXLOSS_CAP;213195.21;213203.22;36;0
2026.08.12 00:23:34;XAUUSD;5;1786445826;PROFIT_RATCHET_LOCKED;floor=3.76 peak=8.85;MANAGE_PROFIT;SAFE;1;1;1;-1;-1;4371.33;7.89;7.89;8.85;-1.92;KELLY_LITE;true;0.04;213195.21;0.0417;KELLY_LITE(mult=1.10 taper=1.00 n=20)+HARD_RISK_CAP(2.0%)+MAXLOSS_CAP;213195.21;213203.10;36;0
2026.08.12 00:23:35;XAUUSD;5;1786445826;PROFIT_RATCHET_LOCKED;floor=3.76 peak=8.85;MANAGE_PROFIT;SAFE;1;1;1;-1;-1;4371.33;7.95;7.95;8.85;-1.92;KELLY_LITE;true;0.04;213195.21;0.0417;KELLY_LITE(mult=1.10 taper=1.00 n=20)+HARD_RISK_CAP(2.0%)+MAXLOSS_CAP;213195.21;213203.16;36;0
2026.08.12 00:23:35;XAUUSD;5;1786445826;PROFIT_RATCHET_LOCKED;floor=3.76 peak=8.85;MANAGE_PROFIT;SAFE;1;1;1;-1;-1;4371.33;7.80;7.80;8.85;-1.92;KELLY_LITE;true;0.04;213195.21;0.0417;KELLY_LITE(mult=1.10 taper=1.00 n=20)+HARD_RISK_CAP(2.0%)+MAXLOSS_CAP;213195.21;213203.01;36;0
2026.08.12 00:23:35;XAUUSD;5;1786445826;EXIT_TIERED_TRAIL;profit=6.48 peak=8.85 allowedRetrace=1.33;MANAGE_PROFIT;SAFE;1;1;1;-1;-1;4371.33;6.48;6.48;8.85;-1.92;KELLY_LITE;true;0.04;213195.21;0.0417;KELLY_LITE(mult=1.10 taper=1.00 n=20)+HARD_RISK_CAP(2.0%)+MAXLOSS_CAP;213195.21;213201.69;36;0
2026.08.12 00:23:36;XAUUSD;5;1786445826;PENDING_DELETED;ticket=118805442 reason=close_all_hedge;MANAGE_PROFIT;SAFE;0;0;0;-1;-1;4371.33;0.00;0.00;8.85;-1.92;KELLY_LITE;true;0.04;213195.21;0.0417;KELLY_LITE(mult=1.10 taper=1.00 n=20)+HARD_RISK_CAP(2.0%)+MAXLOSS_CAP;213202.41;213202.41;36;0
2026.08.12 00:23:36;XAUUSD;5;1786445826;TRADELOG_RECOVER_CLOSE;ticket=118805356 type=main pnl=7.20;RESET;SAFE;0;0;0;-1;-1;4371.33;0.00;0.00;8.85;-1.92;KELLY_LITE;true;0.04;213195.21;0.0417;KELLY_LITE(mult=1.10 taper=1.00 n=20)+HARD_RISK_CAP(2.0%)+MAXLOSS_CAP;213202.41;213202.41;36;0
2026.08.12 00:23:36;XAUUSD;5;1786445826;CYCLE_RESET;oldState=RESET realizedPnL=7.20 peak=8.85 worst=-1.92 pyramid=0 consLosses=0;RESET;SAFE;0;0;0;-1;-1;4371.33;0.00;0.00;8.85;-1.92;KELLY_LITE;true;0.04;213195.21;0.0417;KELLY_LITE(mult=1.10 taper=1.00 n=20)+HARD_RISK_CAP(2.0%)+MAXLOSS_CAP;213202.41;213202.41;36;0
2026.08.12 00:28:36;XAUUSD;5;1786445827;PLACE_PENDING_START;cycle=1786445827 trend=-1 consecLosses=0 preset=AGGRESSIVE;PLACE_PENDING;SAFE;0;0;0;-1;-1;0.00;0.00;0.00;0.00;0.00;KELLY_LITE;true;0.04;213195.21;0.0417;KELLY_LITE(mult=1.10 taper=1.00 n=20)+HARD_RISK_CAP(2.0%)+MAXLOSS_CAP;213202.41;213202.41;36;0
2026.08.12 00:28:36;XAUUSD;5;1786445827;DIR_OCO_PLACED;dir=BEAR ticket=118807370 price=4370.52 sl=4385.52 tp=4348.02 lot=0.04 dist=1.58;PLACE_PENDING;SAFE;0;1;0;-1;118807370;0.00;0.00;0.00;0.00;0.00;KELLY_LITE;true;0.04;213202.41;0.0417;KELLY_LITE(mult=1.10 taper=1.00 n=20)+HARD_RISK_CAP(2.0%)+MAXLOSS_CAP;213202.41;213202.41;33;0
2026.08.12 00:28:37;XAUUSD;5;1786445827;DIR_OCO_COUNTER_PLACED;dir=BULL(counter) ticket=118807375 price=4373.97 lot=0.03;PLACE_PENDING;SAFE;0;2;0;118807375;118807370;0.00;0.00;0.00;0.00;0.00;KELLY_LITE;true;0.04;213202.41;0.0417;KELLY_LITE(mult=1.10 taper=1.00 n=20)+HARD_RISK_CAP(2.0%)+MAXLOSS_CAP;213202.41;213202.41;36;0
2026.08.12 00:28:40;XAUUSD;5;1786445827;SELL_STOP_TRAILED;Old=4370.52 New=4370.92;WAIT_TRIGGER;SAFE;0;2;0;118807375;118807370;0.00;0.00;0.00;0.00;0.00;KELLY_LITE;true;0.04;213202.41;0.0417;KELLY_LITE(mult=1.10 taper=1.00 n=20)+HARD_RISK_CAP(2.0%)+MAXLOSS_CAP;213202.41;213202.41;36;0
2026.08.12 00:28:42;XAUUSD;5;1786445827;SELL_STOP_TRAILED;Old=4370.92 New=4371.49;WAIT_TRIGGER;SAFE;0;2;0;118807375;118807370;0.00;0.00;0.00;0.00;0.00;KELLY_LITE;true;0.04;213202.41;0.0417;KELLY_LITE(mult=1.10 taper=1.00 n=20)+HARD_RISK_CAP(2.0%)+MAXLOSS_CAP;213202.41;213202.41;36;0
2026.08.12 00:29:18;XAUUSD;5;1786445827;SELL_STOP_TRAILED;Old=4371.49 New=4371.93;WAIT_TRIGGER;SAFE;0;2;0;118807375;118807370;0.00;0.00;0.00;0.00;0.00;KELLY_LITE;true;0.04;213202.41;0.0417;KELLY_LITE(mult=1.10 taper=1.00 n=20)+HARD_RISK_CAP(2.0%)+MAXLOSS_CAP;213202.41;213202.41;36;0
2026.08.12 00:29:21;XAUUSD;5;1786445827;OCO_TRIGGERED_BUY;ticket=118807375 entry=4373.97;POSITION_ACTIVE;SAFE;1;1;0;-1;118807370;0.00;0.45;-0.63;0.00;0.00;KELLY_LITE;true;0.04;213202.41;0.0417;KELLY_LITE(mult=1.10 taper=1.00 n=20)+HARD_RISK_CAP(2.0%)+MAXLOSS_CAP;213202.41;213202.86;36;0
2026.08.12 00:29:21;XAUUSD;5;1786445827;PENDING_DELETED;ticket=118807370 reason=oco_buy_triggered;POSITION_ACTIVE;SAFE;1;0;0;-1;118807370;0.00;-0.69;-0.69;0.00;0.00;KELLY_LITE;true;0.04;213202.41;0.0417;KELLY_LITE(mult=1.10 taper=1.00 n=20)+HARD_RISK_CAP(2.0%)+MAXLOSS_CAP;213202.41;213201.72;36;0
2026.08.12 00:29:21;XAUUSD;5;1786445827;HEDGE_PENDING_PLACED;dir=SELL_STOP ticket=118807575 price=4370.74 sl=4373.74 lot=0.05 mainEntry=4373.97 dist=3.00 confirmBars=1;POSITION_ACTIVE;SAFE;1;1;1;-1;-1;4373.97;-0.51;-0.51;0.00;-0.69;KELLY_LITE;true;0.04;213202.41;0.0417;KELLY_LITE(mult=1.10 taper=1.00 n=20)+HARD_RISK_CAP(2.0%)+MAXLOSS_CAP;213202.41;213201.90;36;0
2026.08.12 00:32:17;XAUUSD;5;1786445827;SL_MODIFIED;ticket=118807575 oldSL=4373.74 newSL=4370.70 reason=hedge_giveback_lock;MANAGE_PROFIT;SAFE;2;0;1;-1;-1;4373.97;-9.59;2.95;0.00;-11.41;KELLY_LITE;true;0.04;213202.41;0.0417;KELLY_LITE(mult=1.10 taper=1.00 n=20)+HARD_RISK_CAP(2.0%)+MAXLOSS_CAP;213202.41;213192.82;36;0
2026.08.12 00:32:18;XAUUSD;5;1786445827;SL_MODIFY_FAILED;ticket=118807575 newSL=4370.67 reason=hedge_giveback_lock err=0;MANAGE_PROFIT;SAFE;2;0;1;-1;-1;4373.97;-9.75;2.55;0.00;-11.41;KELLY_LITE;true;0.04;213202.41;0.0417;KELLY_LITE(mult=1.10 taper=1.00 n=20)+HARD_RISK_CAP(2.0%)+MAXLOSS_CAP;213202.41;213192.66;36;0
2026.08.12 00:32:21;XAUUSD;5;1786445827;SL_MODIFIED;ticket=118807575 oldSL=4370.70 newSL=4370.58 reason=hedge_giveback_lock;MANAGE_PROFIT;SAFE;2;0;1;-1;-1;4373.97;-8.77;5.00;0.00;-11.41;KELLY_LITE;true;0.04;213202.41;0.0417;KELLY_LITE(mult=1.10 taper=1.00 n=20)+HARD_RISK_CAP(2.0%)+MAXLOSS_CAP;213202.41;213193.64;36;0
2026.08.12 00:32:22;XAUUSD;5;1786445827;SL_MODIFIED;ticket=118807575 oldSL=4370.58 newSL=4370.26 reason=hedge_giveback_lock;MANAGE_PROFIT;SAFE;2;0;1;-1;-1;4373.97;-8.59;5.45;0.00;-11.41;KELLY_LITE;true;0.04;213202.41;0.0417;KELLY_LITE(mult=1.10 taper=1.00 n=20)+HARD_RISK_CAP(2.0%)+MAXLOSS_CAP;213202.41;213193.82;36;0
2026.08.12 00:32:22;XAUUSD;5;1786445827;SL_MODIFIED;ticket=118807575 oldSL=4370.26 newSL=4370.17 reason=hedge_giveback_lock;MANAGE_PROFIT;SAFE;2;0;1;-1;-1;4373.97;-8.63;5.35;0.00;-11.41;KELLY_LITE;true;0.04;213202.41;0.0417;KELLY_LITE(mult=1.10 taper=1.00 n=20)+HARD_RISK_CAP(2.0%)+MAXLOSS_CAP;213202.41;213193.78;36;0
2026.08.12 00:32:36;XAUUSD;5;1786445827;POSITION_CLOSED;ticket=118807575 reason=hedge_reversal_giveback_cap lots=0.05 price=4370.03 pnl=3.55;MANAGE_PROFIT;SAFE;1;0;1;-1;-1;4373.97;-13.11;-13.11;0.00;-11.41;KELLY_LITE;true;0.04;213202.41;0.0417;KELLY_LITE(mult=1.10 taper=1.00 n=20)+HARD_RISK_CAP(2.0%)+MAXLOSS_CAP;213206.31;213193.20;36;0
2026.08.12 00:32:36;XAUUSD;5;1786445827;HEDGE_CLOSED_REVERSAL;profit=3.55 peak=5.45 giveback=1.90 cap=1.50 reason=giveback_cap ok=1;MANAGE_PROFIT;SAFE;1;0;1;-1;-1;4373.97;-13.11;-13.11;0.00;-11.41;KELLY_LITE;true;0.04;213202.41;0.0417;KELLY_LITE(mult=1.10 taper=1.00 n=20)+HARD_RISK_CAP(2.0%)+MAXLOSS_CAP;213206.31;213193.20;36;0
2026.08.12 00:33:40;XAUUSD;5;1786445827;EXIT_SOFT_SL_MOMENTUM;profit=-20.04 rsi=43.0 dir=1;MANAGE_PROFIT;WATCH;1;0;1;-1;-1;4373.97;-20.04;-20.04;0.00;-20.04;KELLY_LITE;true;0.04;213202.41;0.0417;KELLY_LITE(mult=1.10 taper=1.00 n=20)+HARD_RISK_CAP(2.0%)+MAXLOSS_CAP;213206.31;213186.27;36;0
2026.08.12 00:33:40;XAUUSD;5;1786445827;POSITION_CLOSED;ticket=118807375 reason=soft_sl_momentum lots=0.03 price=4367.29 pnl=-20.04;MANAGE_PROFIT;WATCH;0;0;1;-1;-1;4373.97;0.00;0.00;0.00;-20.04;KELLY_LITE;true;0.04;213202.41;0.0417;KELLY_LITE(mult=1.10 taper=1.00 n=20)+HARD_RISK_CAP(2.0%)+MAXLOSS_CAP;213186.27;213186.27;36;0
2026.08.12 00:33:40;XAUUSD;5;1786445827;CYCLE_RESET;oldState=RESET realizedPnL=-16.14 peak=0.00 worst=-20.04 pyramid=0 consLosses=1;RESET;WATCH;0;0;0;-1;-1;4373.97;0.00;0.00;0.00;-20.04;KELLY_LITE;true;0.04;213202.41;0.0417;KELLY_LITE(mult=1.10 taper=1.00 n=20)+HARD_RISK_CAP(2.0%)+MAXLOSS_CAP;213186.27;213186.27;36;0
2026.08.12 00:38:40;XAUUSD;5;1786445827;FILTER_BLOCK_TREND_DISAGREE;TREND_DISAGREE (main=-1 fast=1 rsi=44.9, no extreme);BLOCKED;SAFE;0;0;0;-1;-1;0.00;0.00;0.00;0.00;0.00;KELLY_LITE;true;0.04;213202.41;0.0417;KELLY_LITE(mult=1.10 taper=1.00 n=20)+HARD_RISK_CAP(2.0%)+MAXLOSS_CAP;213186.27;213186.27;36;0
2026.08.12 00:43:40;XAUUSD;5;1786445828;PLACE_PENDING_START;cycle=1786445828 trend=-1 consecLosses=1 preset=AGGRESSIVE;PLACE_PENDING;SAFE;0;0;0;-1;-1;0.00;0.00;0.00;0.00;0.00;KELLY_LITE;true;0.04;213202.41;0.0417;KELLY_LITE(mult=1.10 taper=1.00 n=20)+HARD_RISK_CAP(2.0%)+MAXLOSS_CAP;213186.27;213186.27;36;0
2026.08.12 00:43:40;XAUUSD;5;1786445828;DIR_OCO_PLACED;dir=BEAR ticket=118809615 price=4365.98 sl=4380.98 tp=4343.48 lot=0.04 dist=1.71;PLACE_PENDING;SAFE;0;1;0;-1;118809615;0.00;0.00;0.00;0.00;0.00;KELLY_LITE;true;0.04;213186.27;0.0417;KELLY_LITE(mult=1.00 taper=1.00 n=20)+HARD_RISK_CAP(2.0%)+MAXLOSS_CAP;213186.27;213186.27;36;0
2026.08.12 00:43:41;XAUUSD;5;1786445828;DIR_OCO_COUNTER_PLACED;dir=BULL(counter) ticket=118809617 price=4369.80 lot=0.03;PLACE_PENDING;SAFE;0;2;0;118809617;118809615;0.00;0.00;0.00;0.00;0.00;KELLY_LITE;true;0.04;213186.27;0.0417;KELLY_LITE(mult=1.00 taper=1.00 n=20)+HARD_RISK_CAP(2.0%)+MAXLOSS_CAP;213186.27;213186.27;36;0
2026.08.12 00:44:25;XAUUSD;5;1786445828;SELL_STOP_TRAILED;Old=4365.98 New=4366.34;WAIT_TRIGGER;SAFE;0;2;0;118809617;118809615;0.00;0.00;0.00;0.00;0.00;KELLY_LITE;true;0.04;213186.27;0.0417;KELLY_LITE(mult=1.00 taper=1.00 n=20)+HARD_RISK_CAP(2.0%)+MAXLOSS_CAP;213186.27;213186.27;36;0
2026.08.12 00:45:04;XAUUSD;5;1786445828;SELL_STOP_TRAILED;Old=4366.34 New=4366.75;WAIT_TRIGGER;SAFE;0;2;0;118809617;118809615;0.00;0.00;0.00;0.00;0.00;KELLY_LITE;true;0.04;213186.27;0.0417;KELLY_LITE(mult=1.00 taper=1.00 n=20)+HARD_RISK_CAP(2.0%)+MAXLOSS_CAP;213186.27;213186.27;36;0
2026.08.12 00:45:04;XAUUSD;5;1786445828;SELL_STOP_TRAILED;Old=4366.75 New=4367.29;WAIT_TRIGGER;SAFE;0;2;0;118809617;118809615;0.00;0.00;0.00;0.00;0.00;KELLY_LITE;true;0.04;213186.27;0.0417;KELLY_LITE(mult=1.00 taper=1.00 n=20)+HARD_RISK_CAP(2.0%)+MAXLOSS_CAP;213186.27;213186.27;36;0
2026.08.12 00:45:06;XAUUSD;5;1786445828;OCO_TRIGGERED_BUY;ticket=118809617 entry=4369.80;POSITION_ACTIVE;SAFE;1;1;0;-1;118809615;0.00;0.42;-0.66;0.00;0.00;KELLY_LITE;true;0.04;213186.27;0.0417;KELLY_LITE(mult=1.00 taper=1.00 n=20)+HARD_RISK_CAP(2.0%)+MAXLOSS_CAP;213186.27;213186.69;36;0
2026.08.12 00:45:06;XAUUSD;5;1786445828;PENDING_DELETED;ticket=118809615 reason=oco_buy_triggered;POSITION_ACTIVE;SAFE;1;0;0;-1;118809615;0.00;-0.84;-0.84;0.00;0.00;KELLY_LITE;true;0.04;213186.27;0.0417;KELLY_LITE(mult=1.00 taper=1.00 n=20)+HARD_RISK_CAP(2.0%)+MAXLOSS_CAP;213186.27;213185.43;36;0
2026.08.12 00:45:07;XAUUSD;5;1786445828;HEDGE_PENDING_PLACED;dir=SELL_STOP ticket=118809808 price=4366.52 sl=4369.52 lot=0.05 mainEntry=4369.80 dist=3.00 confirmBars=1;POSITION_ACTIVE;SAFE;1;1;1;-1;-1;4369.80;-0.90;-0.90;0.00;-0.84;KELLY_LITE;true;0.04;213186.27;0.0417;KELLY_LITE(mult=1.00 taper=1.00 n=20)+HARD_RISK_CAP(2.0%)+MAXLOSS_CAP;213186.27;213185.37;36;0
2026.08.12 01:00:08;XAUUSD;5;1786445828;PENDING_DELETED;ticket=118809808 reason=hedge_pending_expired;POSITION_ACTIVE;SAFE;1;0;1;-1;-1;4369.80;0.36;0.36;5.43;-5.25;KELLY_LITE;true;0.04;213186.27;0.0417;KELLY_LITE(mult=1.00 taper=1.00 n=20)+HARD_RISK_CAP(2.0%)+MAXLOSS_CAP;213186.27;213186.63;36;0
2026.08.12 01:00:08;XAUUSD;5;1786445828;HEDGE_PENDING_EXPIRED;after=900s rearm=1/1;POSITION_ACTIVE;SAFE;1;0;1;-1;-1;4369.80;0.36;0.36;5.43;-5.25;KELLY_LITE;true;0.04;213186.27;0.0417;KELLY_LITE(mult=1.00 taper=1.00 n=20)+HARD_RISK_CAP(2.0%)+MAXLOSS_CAP;213186.27;213186.63;36;0
2026.08.12 01:00:08;XAUUSD;5;1786445828;HEDGE_BLOCK_CONFIRM;need=1 adverse bars;MANAGE_PROFIT;SAFE;1;0;1;-1;-1;4369.80;0.36;0.36;5.43;-5.25;KELLY_LITE;true;0.04;213186.27;0.0417;KELLY_LITE(mult=1.00 taper=1.00 n=20)+HARD_RISK_CAP(2.0%)+MAXLOSS_CAP;213186.27;213186.63;36;0
2026.08.12 01:00:38;XAUUSD;5;1786445828;HEDGE_BLOCK_CONFIRM;need=1 adverse bars;MANAGE_PROFIT;SAFE;1;0;1;-1;-1;4369.80;0.60;0.60;5.43;-5.25;KELLY_LITE;true;0.04;213186.27;0.0417;KELLY_LITE(mult=1.00 taper=1.00 n=20)+HARD_RISK_CAP(2.0%)+MAXLOSS_CAP;213186.27;213186.87;36;0
2026.08.12 01:01:08;XAUUSD;5;1786445828;HEDGE_BLOCK_CONFIRM;need=1 adverse bars;MANAGE_PROFIT;SAFE;1;0;1;-1;-1;4369.80;-4.29;-4.29;5.43;-5.25;KELLY_LITE;true;0.04;213186.27;0.0417;KELLY_LITE(mult=1.00 taper=1.00 n=20)+HARD_RISK_CAP(2.0%)+MAXLOSS_CAP;213186.27;213181.98;36;0
2026.08.12 01:01:38;XAUUSD;5;1786445828;HEDGE_BLOCK_CONFIRM;need=1 adverse bars;MANAGE_PROFIT;SAFE;1;0;1;-1;-1;4369.80;-3.93;-3.93;5.43;-5.25;KELLY_LITE;true;0.04;213186.27;0.0417;KELLY_LITE(mult=1.00 taper=1.00 n=20)+HARD_RISK_CAP(2.0%)+MAXLOSS_CAP;213186.27;213182.34;36;0
2026.08.12 01:02:08;XAUUSD;5;1786445828;HEDGE_BLOCK_CONFIRM;need=1 adverse bars;MANAGE_PROFIT;SAFE;1;0;1;-1;-1;4369.80;-7.47;-7.47;5.43;-8.76;KELLY_LITE;true;0.04;213186.27;0.0417;KELLY_LITE(mult=1.00 taper=1.00 n=20)+HARD_RISK_CAP(2.0%)+MAXLOSS_CAP;213186.27;213178.80;36;0
2026.08.12 01:02:38;XAUUSD;5;1786445828;HEDGE_BLOCK_CONFIRM;need=1 adverse bars;MANAGE_PROFIT;SAFE;1;0;1;-1;-1;4369.80;-3.90;-3.90;5.43;-10.11;KELLY_LITE;true;0.04;213186.27;0.0417;KELLY_LITE(mult=1.00 taper=1.00 n=20)+HARD_RISK_CAP(2.0%)+MAXLOSS_CAP;213186.27;213182.37;36;0
2026.08.12 01:03:08;XAUUSD;5;1786445828;HEDGE_BLOCK_CONFIRM;need=1 adverse bars;MANAGE_PROFIT;SAFE;1;0;1;-1;-1;4369.80;0.15;0.15;5.43;-10.11;KELLY_LITE;true;0.04;213186.27;0.0417;KELLY_LITE(mult=1.00 taper=1.00 n=20)+HARD_RISK_CAP(2.0%)+MAXLOSS_CAP;213186.27;213186.42;36;0
2026.08.12 01:03:38;XAUUSD;5;1786445828;HEDGE_BLOCK_CONFIRM;need=1 adverse bars;MANAGE_PROFIT;SAFE;1;0;1;-1;-1;4369.80;-2.52;-2.52;5.43;-10.11;KELLY_LITE;true;0.04;213186.27;0.0417;KELLY_LITE(mult=1.00 taper=1.00 n=20)+HARD_RISK_CAP(2.0%)+MAXLOSS_CAP;213186.27;213183.75;36;0
2026.08.12 01:04:08;XAUUSD;5;1786445828;HEDGE_BLOCK_CONFIRM;need=1 adverse bars;MANAGE_PROFIT;SAFE;1;0;1;-1;-1;4369.80;0.81;0.81;5.43;-10.11;KELLY_LITE;true;0.04;213186.27;0.0417;KELLY_LITE(mult=1.00 taper=1.00 n=20)+HARD_RISK_CAP(2.0%)+MAXLOSS_CAP;213186.27;213187.08;36;0
2026.08.12 01:04:38;XAUUSD;5;1786445828;HEDGE_BLOCK_CONFIRM;need=1 adverse bars;MANAGE_PROFIT;SAFE;1;0;1;-1;-1;4369.80;1.89;1.89;5.43;-10.11;KELLY_LITE;true;0.04;213186.27;0.0417;KELLY_LITE(mult=1.00 taper=1.00 n=20)+HARD_RISK_CAP(2.0%)+MAXLOSS_CAP;213186.27;213188.16;36;0
2026.08.12 01:05:00;XAUUSD;5;1786445828;HEDGE_PENDING_PLACED;dir=SELL_STOP ticket=118813488 price=4365.81 sl=4368.81 lot=0.05 mainEntry=4369.80 dist=3.00 confirmBars=1;MANAGE_PROFIT;SAFE;1;1;1;-1;-1;4369.80;-3.21;-3.21;5.43;-10.11;KELLY_LITE;true;0.04;213186.27;0.0417;KELLY_LITE(mult=1.00 taper=1.00 n=20)+HARD_RISK_CAP(2.0%)+MAXLOSS_CAP;213186.27;213183.06;36;0
2026.08.12 01:12:17;XAUUSD;5;1786445828;SL_MODIFIED;ticket=118809617 oldSL=4354.80 newSL=4372.11 reason=break_even_lock_leg_0 (retry buf=3pt);MANAGE_PROFIT;SAFE;1;1;1;-1;-1;4369.80;8.43;8.43;8.73;-10.11;KELLY_LITE;true;0.04;213186.27;0.0417;KELLY_LITE(mult=1.00 taper=1.00 n=20)+HARD_RISK_CAP(2.0%)+MAXLOSS_CAP;213186.27;213194.70;36;0
2026.08.12 01:12:17;XAUUSD;5;1786445828;PROFIT_RATCHET_LOCKED;floor=3.71 peak=8.73;MANAGE_PROFIT;SAFE;1;1;1;-1;-1;4369.80;8.43;8.43;8.73;-10.11;KELLY_LITE;true;0.04;213186.27;0.0417;KELLY_LITE(mult=1.00 taper=1.00 n=20)+HARD_RISK_CAP(2.0%)+MAXLOSS_CAP;213186.27;213194.70;36;0
2026.08.12 01:12:17;XAUUSD;5;1786445828;PROFIT_RATCHET_LOCKED;floor=3.71 peak=8.73;MANAGE_PROFIT;SAFE;1;1;1;-1;-1;4369.80;8.43;8.43;8.73;-10.11;KELLY_LITE;true;0.04;213186.27;0.0417;KELLY_LITE(mult=1.00 taper=1.00 n=20)+HARD_RISK_CAP(2.0%)+MAXLOSS_CAP;213186.27;213194.70;36;0
2026.08.12 01:12:17;XAUUSD;5;1786445828;PROFIT_RATCHET_LOCKED;floor=3.71 peak=8.73;MANAGE_PROFIT;SAFE;1;1;1;-1;-1;4369.80;8.34;8.34;8.73;-10.11;KELLY_LITE;true;0.04;213186.27;0.0417;KELLY_LITE(mult=1.00 taper=1.00 n=20)+HARD_RISK_CAP(2.0%)+MAXLOSS_CAP;213186.27;213194.61;36;0
2026.08.12 01:12:17;XAUUSD;5;1786445828;PROFIT_RATCHET_LOCKED;floor=3.71 peak=8.73;MANAGE_PROFIT;SAFE;1;1;1;-1;-1;4369.80;8.37;8.37;8.73;-10.11;KELLY_LITE;true;0.04;213186.27;0.0417;KELLY_LITE(mult=1.00 taper=1.00 n=20)+HARD_RISK_CAP(2.0%)+MAXLOSS_CAP;213186.27;213194.64;36;0
2026.08.12 01:12:17;XAUUSD;5;1786445828;PROFIT_RATCHET_LOCKED;floor=3.71 peak=8.73;MANAGE_PROFIT;SAFE;1;1;1;-1;-1;4369.80;8.43;8.43;8.73;-10.11;KELLY_LITE;true;0.04;213186.27;0.0417;KELLY_LITE(mult=1.00 taper=1.00 n=20)+HARD_RISK_CAP(2.0%)+MAXLOSS_CAP;213186.27;213194.70;36;0
2026.08.12 01:12:18;XAUUSD;5;1786445828;PROFIT_RATCHET_LOCKED;floor=3.71 peak=8.73;MANAGE_PROFIT;SAFE;1;1;1;-1;-1;4369.80;8.46;8.46;8.73;-10.11;KELLY_LITE;true;0.04;213186.27;0.0417;KELLY_LITE(mult=1.00 taper=1.00 n=20)+HARD_RISK_CAP(2.0%)+MAXLOSS_CAP;213186.27;213194.73;36;0
2026.08.12 01:12:19;XAUUSD;5;1786445828;PROFIT_RATCHET_LOCKED;floor=3.71 peak=8.73;MANAGE_PROFIT;SAFE;1;1;1;-1;-1;4369.80;8.31;8.31;8.73;-10.11;KELLY_LITE;true;0.04;213186.27;0.0417;KELLY_LITE(mult=1.00 taper=1.00 n=20)+HARD_RISK_CAP(2.0%)+MAXLOSS_CAP;213186.27;213194.58;36;0
2026.08.12 01:12:19;XAUUSD;5;1786445828;PROFIT_RATCHET_LOCKED;floor=3.71 peak=8.73;MANAGE_PROFIT;SAFE;1;1;1;-1;-1;4369.80;8.34;8.34;8.73;-10.11;KELLY_LITE;true;0.04;213186.27;0.0417;KELLY_LITE(mult=1.00 taper=1.00 n=20)+HARD_RISK_CAP(2.0%)+MAXLOSS_CAP;213186.27;213194.61;36;0
2026.08.12 01:12:19;XAUUSD;5;1786445828;PROFIT_RATCHET_LOCKED;floor=3.71 peak=8.73;MANAGE_PROFIT;SAFE;1;1;1;-1;-1;4369.80;8.46;8.46;8.73;-10.11;KELLY_LITE;true;0.04;213186.27;0.0417;KELLY_LITE(mult=1.00 taper=1.00 n=20)+HARD_RISK_CAP(2.0%)+MAXLOSS_CAP;213186.27;213194.73;36;0
2026.08.12 01:12:19;XAUUSD;5;1786445828;PROFIT_RATCHET_LOCKED;floor=3.71 peak=8.73;MANAGE_PROFIT;SAFE;1;1;1;-1;-1;4369.80;8.52;8.52;8.73;-10.11;KELLY_LITE;true;0.04;213186.27;0.0417;KELLY_LITE(mult=1.00 taper=1.00 n=20)+HARD_RISK_CAP(2.0%)+MAXLOSS_CAP;213186.27;213194.79;36;0
2026.08.12 01:12:20;XAUUSD;5;1786445828;PROFIT_RATCHET_LOCKED;floor=3.71 peak=8.73;MANAGE_PROFIT;SAFE;1;1;1;-1;-1;4369.80;8.28;8.28;8.73;-10.11;KELLY_LITE;true;0.04;213186.27;0.0417;KELLY_LITE(mult=1.00 taper=1.00 n=20)+HARD_RISK_CAP(2.0%)+MAXLOSS_CAP;213186.27;213194.55;36;0
2026.08.12 01:12:20;XAUUSD;5;1786445828;PROFIT_RATCHET_LOCKED;floor=3.71 peak=8.73;MANAGE_PROFIT;SAFE;1;1;1;-1;-1;4369.80;7.95;7.95;8.73;-10.11;KELLY_LITE;true;0.04;213186.27;0.0417;KELLY_LITE(mult=1.00 taper=1.00 n=20)+HARD_RISK_CAP(2.0%)+MAXLOSS_CAP;213186.27;213194.22;35;0
2026.08.12 01:12:20;XAUUSD;5;1786445828;PROFIT_RATCHET_LOCKED;floor=3.71 peak=8.73;MANAGE_PROFIT;SAFE;1;1;1;-1;-1;4369.80;7.92;7.92;8.73;-10.11;KELLY_LITE;true;0.04;213186.27;0.0417;KELLY_LITE(mult=1.00 taper=1.00 n=20)+HARD_RISK_CAP(2.0%)+MAXLOSS_CAP;213186.27;213194.19;36;0
2026.08.12 01:12:20;XAUUSD;5;1786445828;PROFIT_RATCHET_LOCKED;floor=3.71 peak=8.73;MANAGE_PROFIT;SAFE;1;1;1;-1;-1;4369.80;7.98;7.98;8.73;-10.11;KELLY_LITE;true;0.04;213186.27;0.0417;KELLY_LITE(mult=1.00 taper=1.00 n=20)+HARD_RISK_CAP(2.0%)+MAXLOSS_CAP;213186.27;213194.25;34;0
2026.08.12 01:12:21;XAUUSD;5;1786445828;PROFIT_RATCHET_LOCKED;floor=3.71 peak=8.73;MANAGE_PROFIT;SAFE;1;1;1;-1;-1;4369.80;8.13;8.13;8.73;-10.11;KELLY_LITE;true;0.04;213186.27;0.0417;KELLY_LITE(mult=1.00 taper=1.00 n=20)+HARD_RISK_CAP(2.0%)+MAXLOSS_CAP;213186.27;213194.40;36;0
2026.08.12 01:12:21;XAUUSD;5;1786445828;PROFIT_RATCHET_LOCKED;floor=3.71 peak=8.73;MANAGE_PROFIT;SAFE;1;1;1;-1;-1;4369.80;8.37;8.37;8.73;-10.11;KELLY_LITE;true;0.04;213186.27;0.0417;KELLY_LITE(mult=1.00 taper=1.00 n=20)+HARD_RISK_CAP(2.0%)+MAXLOSS_CAP;213186.27;213194.64;36;0
2026.08.12 01:12:22;XAUUSD;5;1786445828;SL_MODIFIED;ticket=118809617 oldSL=4372.11 newSL=4372.29 reason=break_even_lock_leg_0;MANAGE_PROFIT;SAFE;1;1;1;-1;-1;4369.80;9.60;9.60;9.03;-10.11;KELLY_LITE;true;0.04;213186.27;0.0417;KELLY_LITE(mult=1.00 taper=1.00 n=20)+HARD_RISK_CAP(2.0%)+MAXLOSS_CAP;213186.27;213195.87;36;0
2026.08.12 01:12:22;XAUUSD;5;1786445828;PROFIT_RATCHET_LOCKED;floor=3.84 peak=9.03;MANAGE_PROFIT;SAFE;1;1;1;-1;-1;4369.80;9.60;9.60;9.03;-10.11;KELLY_LITE;true;0.04;213186.27;0.0417;KELLY_LITE(mult=1.00 taper=1.00 n=20)+HARD_RISK_CAP(2.0%)+MAXLOSS_CAP;213186.27;213195.87;36;0
2026.08.12 01:12:22;XAUUSD;5;1786445828;SL_MODIFIED;ticket=118809617 oldSL=4372.29 newSL=4372.34 reason=break_even_lock_leg_0 (retry buf=3pt);MANAGE_PROFIT;SAFE;1;1;1;-1;-1;4369.80;9.48;9.48;9.60;-10.11;KELLY_LITE;true;0.04;213186.27;0.0417;KELLY_LITE(mult=1.00 taper=1.00 n=20)+HARD_RISK_CAP(2.0%)+MAXLOSS_CAP;213186.27;213195.75;37;0
2026.08.12 01:12:22;XAUUSD;5;1786445828;PROFIT_RATCHET_LOCKED;floor=4.08 peak=9.60;MANAGE_PROFIT;SAFE;1;1;1;-1;-1;4369.80;9.48;9.48;9.60;-10.11;KELLY_LITE;true;0.04;213186.27;0.0417;KELLY_LITE(mult=1.00 taper=1.00 n=20)+HARD_RISK_CAP(2.0%)+MAXLOSS_CAP;213186.27;213195.75;37;0
2026.08.12 01:12:23;XAUUSD;5;1786445828;SL_MODIFIED;ticket=118809617 oldSL=4372.34 newSL=4372.44 reason=break_even_lock_leg_0;MANAGE_PROFIT;SAFE;1;1;1;-1;-1;4369.80;10.41;10.41;9.60;-10.11;KELLY_LITE;true;0.04;213186.27;0.0417;KELLY_LITE(mult=1.00 taper=1.00 n=20)+HARD_RISK_CAP(2.0%)+MAXLOSS_CAP;213186.27;213196.68;36;0
2026.08.12 01:12:23;XAUUSD;5;1786445828;PROFIT_RATCHET_LOCKED;floor=4.08 peak=9.60;MANAGE_PROFIT;SAFE;1;1;1;-1;-1;4369.80;10.41;10.41;9.60;-10.11;KELLY_LITE;true;0.04;213186.27;0.0417;KELLY_LITE(mult=1.00 taper=1.00 n=20)+HARD_RISK_CAP(2.0%)+MAXLOSS_CAP;213186.27;213196.68;36;0
2026.08.12 01:12:24;XAUUSD;5;1786445828;SL_MODIFIED;ticket=118809617 oldSL=4372.44 newSL=4372.75 reason=break_even_lock_leg_0;MANAGE_PROFIT;SAFE;1;1;1;-1;-1;4369.80;10.50;10.50;10.41;-10.11;KELLY_LITE;true;0.04;213186.27;0.0417;KELLY_LITE(mult=1.00 taper=1.00 n=20)+HARD_RISK_CAP(2.0%)+MAXLOSS_CAP;213186.27;213196.77;36;0
2026.08.12 01:12:24;XAUUSD;5;1786445828;PROFIT_RATCHET_LOCKED;floor=4.42 peak=10.41;MANAGE_PROFIT;SAFE;1;1;1;-1;-1;4369.80;10.50;10.50;10.41;-10.11;KELLY_LITE;true;0.04;213186.27;0.0417;KELLY_LITE(mult=1.00 taper=1.00 n=20)+HARD_RISK_CAP(2.0%)+MAXLOSS_CAP;213186.27;213196.77;36;0
2026.08.12 01:12:24;XAUUSD;5;1786445828;SL_MODIFIED;ticket=118809617 oldSL=4372.75 newSL=4372.78 reason=break_even_lock_leg_0;MANAGE_PROFIT;SAFE;1;1;1;-1;-1;4369.80;10.44;10.44;10.50;-10.11;KELLY_LITE;true;0.04;213186.27;0.0417;KELLY_LITE(mult=1.00 taper=1.00 n=20)+HARD_RISK_CAP(2.0%)+MAXLOSS_CAP;213186.27;213196.71;36;0
2026.08.12 01:12:24;XAUUSD;5;1786445828;PROFIT_RATCHET_LOCKED;floor=4.46 peak=10.50;MANAGE_PROFIT;SAFE;1;1;1;-1;-1;4369.80;10.44;10.44;10.50;-10.11;KELLY_LITE;true;0.04;213186.27;0.0417;KELLY_LITE(mult=1.00 taper=1.00 n=20)+HARD_RISK_CAP(2.0%)+MAXLOSS_CAP;213186.27;213196.71;36;0
2026.08.12 01:12:24;XAUUSD;5;1786445828;PROFIT_RATCHET_LOCKED;floor=4.46 peak=10.50;MANAGE_PROFIT;SAFE;1;1;1;-1;-1;4369.80;10.44;10.44;10.50;-10.11;KELLY_LITE;true;0.04;213186.27;0.0417;KELLY_LITE(mult=1.00 taper=1.00 n=20)+HARD_RISK_CAP(2.0%)+MAXLOSS_CAP;213186.27;213196.71;36;0
2026.08.12 01:12:25;XAUUSD;5;1786445828;SL_MODIFIED;ticket=118809617 oldSL=4372.78 newSL=4372.87 reason=break_even_lock_leg_0;MANAGE_PROFIT;SAFE;1;1;1;-1;-1;4369.80;10.83;10.83;10.77;-10.11;KELLY_LITE;true;0.04;213186.27;0.0417;KELLY_LITE(mult=1.00 taper=1.00 n=20)+HARD_RISK_CAP(2.0%)+MAXLOSS_CAP;213186.27;213197.10;36;0
2026.08.12 01:12:25;XAUUSD;5;1786445828;PROFIT_RATCHET_LOCKED;floor=4.58 peak=10.77;MANAGE_PROFIT;SAFE;1;1;1;-1;-1;4369.80;10.83;10.83;10.77;-10.11;KELLY_LITE;true;0.04;213186.27;0.0417;KELLY_LITE(mult=1.00 taper=1.00 n=20)+HARD_RISK_CAP(2.0%)+MAXLOSS_CAP;213186.27;213197.10;36;0
2026.08.12 01:12:25;XAUUSD;5;1786445828;SL_MODIFY_FAILED;ticket=118809617 newSL=4372.89 reason=break_even_lock_leg_0 err=0;MANAGE_PROFIT;SAFE;1;1;1;-1;-1;4369.80;10.74;10.74;10.83;-10.11;KELLY_LITE;true;0.04;213186.27;0.0417;KELLY_LITE(mult=1.00 taper=1.00 n=20)+HARD_RISK_CAP(2.0%)+MAXLOSS_CAP;213186.27;213197.01;36;0
2026.08.12 01:12:25;XAUUSD;5;1786445828;PROFIT_RATCHET_LOCKED;floor=4.60 peak=10.83;MANAGE_PROFIT;SAFE;1;1;1;-1;-1;4369.80;10.74;10.74;10.83;-10.11;KELLY_LITE;true;0.04;213186.27;0.0417;KELLY_LITE(mult=1.00 taper=1.00 n=20)+HARD_RISK_CAP(2.0%)+MAXLOSS_CAP;213186.27;213197.01;36;0
2026.08.12 01:12:25;XAUUSD;5;1786445828;PROFIT_RATCHET_LOCKED;floor=4.60 peak=10.83;MANAGE_PROFIT;SAFE;1;1;1;-1;-1;4369.80;10.74;10.74;10.83;-10.11;KELLY_LITE;true;0.04;213186.27;0.0417;KELLY_LITE(mult=1.00 taper=1.00 n=20)+HARD_RISK_CAP(2.0%)+MAXLOSS_CAP;213186.27;213197.01;36;0
2026.08.12 01:12:26;XAUUSD;5;1786445828;PROFIT_RATCHET_LOCKED;floor=4.91 peak=11.55;MANAGE_PROFIT;SAFE;1;1;1;-1;-1;4369.80;10.62;10.62;11.55;-10.11;KELLY_LITE;true;0.04;213186.27;0.0417;KELLY_LITE(mult=1.00 taper=1.00 n=20)+HARD_RISK_CAP(2.0%)+MAXLOSS_CAP;213186.27;213196.89;36;0
2026.08.12 01:12:26;XAUUSD;5;1786445828;PROFIT_RATCHET_LOCKED;floor=4.91 peak=11.55;MANAGE_PROFIT;SAFE;1;1;1;-1;-1;4369.80;10.62;10.62;11.55;-10.11;KELLY_LITE;true;0.04;213186.27;0.0417;KELLY_LITE(mult=1.00 taper=1.00 n=20)+HARD_RISK_CAP(2.0%)+MAXLOSS_CAP;213186.27;213196.89;36;0
2026.08.12 01:12:26;XAUUSD;5;1786445828;PROFIT_RATCHET_LOCKED;floor=4.91 peak=11.55;MANAGE_PROFIT;SAFE;1;1;1;-1;-1;4369.80;10.41;10.41;11.55;-10.11;KELLY_LITE;true;0.04;213186.27;0.0417;KELLY_LITE(mult=1.00 taper=1.00 n=20)+HARD_RISK_CAP(2.0%)+MAXLOSS_CAP;213186.27;213196.68;36;0
2026.08.12 01:12:26;XAUUSD;5;1786445828;PROFIT_RATCHET_LOCKED;floor=4.91 peak=11.55;MANAGE_PROFIT;SAFE;1;1;1;-1;-1;4369.80;10.50;10.50;11.55;-10.11;KELLY_LITE;true;0.04;213186.27;0.0417;KELLY_LITE(mult=1.00 taper=1.00 n=20)+HARD_RISK_CAP(2.0%)+MAXLOSS_CAP;213186.27;213196.77;36;0
2026.08.12 01:12:27;XAUUSD;5;1786445828;SL_MODIFIED;ticket=118809617 oldSL=4372.87 newSL=4373.00 reason=break_even_lock_leg_0;MANAGE_PROFIT;SAFE;1;1;1;-1;-1;4369.80;11.22;11.22;11.55;-10.11;KELLY_LITE;true;0.04;213186.27;0.0417;KELLY_LITE(mult=1.00 taper=1.00 n=20)+HARD_RISK_CAP(2.0%)+MAXLOSS_CAP;213186.27;213197.49;36;0
2026.08.12 01:12:27;XAUUSD;5;1786445828;PROFIT_RATCHET_LOCKED;floor=4.91 peak=11.55;MANAGE_PROFIT;SAFE;1;1;1;-1;-1;4369.80;11.22;11.22;11.55;-10.11;KELLY_LITE;true;0.04;213186.27;0.0417;KELLY_LITE(mult=1.00 taper=1.00 n=20)+HARD_RISK_CAP(2.0%)+MAXLOSS_CAP;213186.27;213197.49;36;0
2026.08.12 01:12:28;XAUUSD;5;1786445828;SL_MODIFIED;ticket=118809617 oldSL=4373.00 newSL=4373.02 reason=break_even_lock_leg_0;MANAGE_PROFIT;SAFE;1;1;1;-1;-1;4369.80;11.19;11.19;11.55;-10.11;KELLY_LITE;true;0.04;213186.27;0.0417;KELLY_LITE(mult=1.00 taper=1.00 n=20)+HARD_RISK_CAP(2.0%)+MAXLOSS_CAP;213186.27;213197.46;36;0
2026.08.12 01:12:28;XAUUSD;5;1786445828;PROFIT_RATCHET_LOCKED;floor=4.91 peak=11.55;MANAGE_PROFIT;SAFE;1;1;1;-1;-1;4369.80;11.19;11.19;11.55;-10.11;KELLY_LITE;true;0.04;213186.27;0.0417;KELLY_LITE(mult=1.00 taper=1.00 n=20)+HARD_RISK_CAP(2.0%)+MAXLOSS_CAP;213186.27;213197.46;36;0
2026.08.12 01:12:28;XAUUSD;5;1786445828;PROFIT_RATCHET_LOCKED;floor=4.91 peak=11.55;MANAGE_PROFIT;SAFE;1;1;1;-1;-1;4369.80;11.19;11.19;11.55;-10.11;KELLY_LITE;true;0.04;213186.27;0.0417;KELLY_LITE(mult=1.00 taper=1.00 n=20)+HARD_RISK_CAP(2.0%)+MAXLOSS_CAP;213186.27;213197.46;36;0
2026.08.12 01:12:29;XAUUSD;5;1786445828;SL_MODIFIED;ticket=118809617 oldSL=4373.02 newSL=4373.05 reason=break_even_lock_leg_0;MANAGE_PROFIT;SAFE;1;1;1;-1;-1;4369.80;11.43;11.43;11.55;-10.11;KELLY_LITE;true;0.04;213186.27;0.0417;KELLY_LITE(mult=1.00 taper=1.00 n=20)+HARD_RISK_CAP(2.0%)+MAXLOSS_CAP;213186.27;213197.70;36;0
2026.08.12 01:12:29;XAUUSD;5;1786445828;PROFIT_RATCHET_LOCKED;floor=4.91 peak=11.55;MANAGE_PROFIT;SAFE;1;1;1;-1;-1;4369.80;11.43;11.43;11.55;-10.11;KELLY_LITE;true;0.04;213186.27;0.0417;KELLY_LITE(mult=1.00 taper=1.00 n=20)+HARD_RISK_CAP(2.0%)+MAXLOSS_CAP;213186.27;213197.70;36;0
2026.08.12 01:12:29;XAUUSD;5;1786445828;SL_MODIFIED;ticket=118809617 oldSL=4373.05 newSL=4373.09 reason=break_even_lock_leg_0;MANAGE_PROFIT;SAFE;1;1;1;-1;-1;4369.80;11.43;11.43;11.55;-10.11;KELLY_LITE;true;0.04;213186.27;0.0417;KELLY_LITE(mult=1.00 taper=1.00 n=20)+HARD_RISK_CAP(2.0%)+MAXLOSS_CAP;213186.27;213197.70;36;0
2026.08.12 01:12:29;XAUUSD;5;1786445828;PROFIT_RATCHET_LOCKED;floor=4.91 peak=11.55;MANAGE_PROFIT;SAFE;1;1;1;-1;-1;4369.80;11.43;11.43;11.55;-10.11;KELLY_LITE;true;0.04;213186.27;0.0417;KELLY_LITE(mult=1.00 taper=1.00 n=20)+HARD_RISK_CAP(2.0%)+MAXLOSS_CAP;213186.27;213197.70;36;0
2026.08.12 01:12:30;XAUUSD;5;1786445828;PROFIT_RATCHET_LOCKED;floor=4.91 peak=11.55;MANAGE_PROFIT;SAFE;1;1;1;-1;-1;4369.80;11.31;11.31;11.55;-10.11;KELLY_LITE;true;0.04;213186.27;0.0417;KELLY_LITE(mult=1.00 taper=1.00 n=20)+HARD_RISK_CAP(2.0%)+MAXLOSS_CAP;213186.27;213197.58;36;0
2026.08.12 01:12:31;XAUUSD;5;1786445828;SL_MODIFIED;ticket=118809617 oldSL=4373.09 newSL=4373.29 reason=break_even_lock_leg_0;MANAGE_PROFIT;SAFE;1;1;1;-1;-1;4369.80;12.18;12.18;12.03;-10.11;KELLY_LITE;true;0.04;213186.27;0.0417;KELLY_LITE(mult=1.00 taper=1.00 n=20)+HARD_RISK_CAP(2.0%)+MAXLOSS_CAP;213186.27;213198.45;36;0
2026.08.12 01:12:31;XAUUSD;5;1786445828;PROFIT_RATCHET_LOCKED;floor=5.11 peak=12.03;MANAGE_PROFIT;SAFE;1;1;1;-1;-1;4369.80;12.18;12.18;12.03;-10.11;KELLY_LITE;true;0.04;213186.27;0.0417;KELLY_LITE(mult=1.00 taper=1.00 n=20)+HARD_RISK_CAP(2.0%)+MAXLOSS_CAP;213186.27;213198.45;36;0
2026.08.12 01:12:31;XAUUSD;5;1786445828;SL_MODIFIED;ticket=118809617 oldSL=4373.29 newSL=4373.34 reason=break_even_lock_leg_0;MANAGE_PROFIT;SAFE;1;1;1;-1;-1;4369.80;12.18;12.18;12.18;-10.11;KELLY_LITE;true;0.04;213186.27;0.0417;KELLY_LITE(mult=1.00 taper=1.00 n=20)+HARD_RISK_CAP(2.0%)+MAXLOSS_CAP;213186.27;213198.45;36;0
2026.08.12 01:12:31;XAUUSD;5;1786445828;PROFIT_RATCHET_LOCKED;floor=5.18 peak=12.18;MANAGE_PROFIT;SAFE;1;1;1;-1;-1;4369.80;12.18;12.18;12.18;-10.11;KELLY_LITE;true;0.04;213186.27;0.0417;KELLY_LITE(mult=1.00 taper=1.00 n=20)+HARD_RISK_CAP(2.0%)+MAXLOSS_CAP;213186.27;213198.45;36;0
2026.08.12 01:12:33;XAUUSD;5;1786445828;PROFIT_RATCHET_LOCKED;floor=5.18 peak=12.18;MANAGE_PROFIT;SAFE;1;1;1;-1;-1;4369.80;12.15;12.15;12.18;-10.11;KELLY_LITE;true;0.04;213186.27;0.0417;KELLY_LITE(mult=1.00 taper=1.00 n=20)+HARD_RISK_CAP(2.0%)+MAXLOSS_CAP;213186.27;213198.42;36;0
2026.08.12 01:12:33;XAUUSD;5;1786445828;PROFIT_RATCHET_LOCKED;floor=5.30 peak=12.48;MANAGE_PROFIT;SAFE;1;1;1;-1;-1;4369.80;12.15;12.15;12.48;-10.11;KELLY_LITE;true;0.04;213186.27;0.0417;KELLY_LITE(mult=1.00 taper=1.00 n=20)+HARD_RISK_CAP(2.0%)+MAXLOSS_CAP;213186.27;213198.42;36;0
2026.08.12 01:12:33;XAUUSD;5;1786445828;PROFIT_RATCHET_LOCKED;floor=5.30 peak=12.48;MANAGE_PROFIT;SAFE;1;1;1;-1;-1;4369.80;12.15;12.15;12.48;-10.11;KELLY_LITE;true;0.04;213186.27;0.0417;KELLY_LITE(mult=1.00 taper=1.00 n=20)+HARD_RISK_CAP(2.0%)+MAXLOSS_CAP;213186.27;213198.42;36;0
2026.08.12 01:12:34;XAUUSD;5;1786445828;SL_MODIFIED;ticket=118809617 oldSL=4373.34 newSL=4373.43 reason=break_even_lock_leg_0;MANAGE_PROFIT;SAFE;1;1;1;-1;-1;4369.80;12.48;12.48;12.48;-10.11;KELLY_LITE;true;0.04;213186.27;0.0417;KELLY_LITE(mult=1.00 taper=1.00 n=20)+HARD_RISK_CAP(2.0%)+MAXLOSS_CAP;213186.27;213198.75;36;0
2026.08.12 01:12:34;XAUUSD;5;1786445828;PROFIT_RATCHET_LOCKED;floor=5.30 peak=12.48;MANAGE_PROFIT;SAFE;1;1;1;-1;-1;4369.80;12.48;12.48;12.48;-10.11;KELLY_LITE;true;0.04;213186.27;0.0417;KELLY_LITE(mult=1.00 taper=1.00 n=20)+HARD_RISK_CAP(2.0%)+MAXLOSS_CAP;213186.27;213198.75;36;0
2026.08.12 01:12:34;XAUUSD;5;1786445828;PROFIT_RATCHET_LOCKED;floor=5.30 peak=12.48;MANAGE_PROFIT;SAFE;1;1;1;-1;-1;4369.80;12.48;12.48;12.48;-10.11;KELLY_LITE;true;0.04;213186.27;0.0417;KELLY_LITE(mult=1.00 taper=1.00 n=20)+HARD_RISK_CAP(2.0%)+MAXLOSS_CAP;213186.27;213198.75;36;0
2026.08.12 01:12:35;XAUUSD;5;1786445828;SL_MODIFIED;ticket=118809617 oldSL=4373.43 newSL=4373.59 reason=break_even_lock_leg_0 (retry buf=3pt);MANAGE_PROFIT;SAFE;1;1;1;-1;-1;4369.80;12.96;12.96;13.29;-10.11;KELLY_LITE;true;0.04;213186.27;0.0417;KELLY_LITE(mult=1.00 taper=1.00 n=20)+HARD_RISK_CAP(2.0%)+MAXLOSS_CAP;213186.27;213199.23;36;0
2026.08.12 01:12:35;XAUUSD;5;1786445828;PROFIT_RATCHET_LOCKED;floor=5.65 peak=13.29;MANAGE_PROFIT;SAFE;1;1;1;-1;-1;4369.80;12.96;12.96;13.29;-10.11;KELLY_LITE;true;0.04;213186.27;0.0417;KELLY_LITE(mult=1.00 taper=1.00 n=20)+HARD_RISK_CAP(2.0%)+MAXLOSS_CAP;213186.27;213199.23;36;0
2026.08.12 01:12:35;XAUUSD;5;1786445828;PROFIT_RATCHET_LOCKED;floor=5.65 peak=13.29;MANAGE_PROFIT;SAFE;1;1;1;-1;-1;4369.80;12.96;12.96;13.29;-10.11;KELLY_LITE;true;0.04;213186.27;0.0417;KELLY_LITE(mult=1.00 taper=1.00 n=20)+HARD_RISK_CAP(2.0%)+MAXLOSS_CAP;213186.27;213199.23;36;0
2026.08.12 01:12:35;XAUUSD;5;1786445828;PROFIT_RATCHET_LOCKED;floor=5.65 peak=13.29;MANAGE_PROFIT;SAFE;1;1;1;-1;-1;4369.80;12.90;12.90;13.29;-10.11;KELLY_LITE;true;0.04;213186.27;0.0417;KELLY_LITE(mult=1.00 taper=1.00 n=20)+HARD_RISK_CAP(2.0%)+MAXLOSS_CAP;213186.27;213199.17;36;0
2026.08.12 01:12:35;XAUUSD;5;1786445828;PROFIT_RATCHET_LOCKED;floor=5.65 peak=13.29;MANAGE_PROFIT;SAFE;1;1;1;-1;-1;4369.80;12.99;12.99;13.29;-10.11;KELLY_LITE;true;0.04;213186.27;0.0417;KELLY_LITE(mult=1.00 taper=1.00 n=20)+HARD_RISK_CAP(2.0%)+MAXLOSS_CAP;213186.27;213199.26;36;0
2026.08.12 01:12:36;XAUUSD;5;1786445828;SL_MODIFIED;ticket=118809617 oldSL=4373.59 newSL=4373.63 reason=break_even_lock_leg_0;MANAGE_PROFIT;SAFE;1;1;1;-1;-1;4369.80;13.32;13.32;13.29;-10.11;KELLY_LITE;true;0.04;213186.27;0.0417;KELLY_LITE(mult=1.00 taper=1.00 n=20)+HARD_RISK_CAP(2.0%)+MAXLOSS_CAP;213186.27;213199.59;36;0
2026.08.12 01:12:36;XAUUSD;5;1786445828;PROFIT_RATCHET_LOCKED;floor=5.65 peak=13.29;MANAGE_PROFIT;SAFE;1;1;1;-1;-1;4369.80;13.32;13.32;13.29;-10.11;KELLY_LITE;true;0.04;213186.27;0.0417;KELLY_LITE(mult=1.00 taper=1.00 n=20)+HARD_RISK_CAP(2.0%)+MAXLOSS_CAP;213186.27;213199.59;36;0
2026.08.12 01:12:36;XAUUSD;5;1786445828;PROFIT_RATCHET_LOCKED;floor=5.66 peak=13.32;MANAGE_PROFIT;SAFE;1;1;1;-1;-1;4369.80;13.05;13.05;13.32;-10.11;KELLY_LITE;true;0.04;213186.27;0.0417;KELLY_LITE(mult=1.00 taper=1.00 n=20)+HARD_RISK_CAP(2.0%)+MAXLOSS_CAP;213186.27;213199.32;36;0
2026.08.12 01:12:36;XAUUSD;5;1786445828;PROFIT_RATCHET_LOCKED;floor=5.66 peak=13.32;MANAGE_PROFIT;SAFE;1;1;1;-1;-1;4369.80;13.05;13.05;13.32;-10.11;KELLY_LITE;true;0.04;213186.27;0.0417;KELLY_LITE(mult=1.00 taper=1.00 n=20)+HARD_RISK_CAP(2.0%)+MAXLOSS_CAP;213186.27;213199.32;36;0
2026.08.12 01:12:37;XAUUSD;5;1786445828;SL_MODIFIED;ticket=118809617 oldSL=4373.63 newSL=4373.70 reason=break_even_lock_leg_0;MANAGE_PROFIT;SAFE;1;1;1;-1;-1;4369.80;13.20;13.20;13.32;-10.11;KELLY_LITE;true;0.04;213186.27;0.0417;KELLY_LITE(mult=1.00 taper=1.00 n=20)+HARD_RISK_CAP(2.0%)+MAXLOSS_CAP;213186.27;213199.47;36;0
2026.08.12 01:12:37;XAUUSD;5;1786445828;PROFIT_RATCHET_LOCKED;floor=5.66 peak=13.32;MANAGE_PROFIT;SAFE;1;1;1;-1;-1;4369.80;13.20;13.20;13.32;-10.11;KELLY_LITE;true;0.04;213186.27;0.0417;KELLY_LITE(mult=1.00 taper=1.00 n=20)+HARD_RISK_CAP(2.0%)+MAXLOSS_CAP;213186.27;213199.47;36;0
2026.08.12 01:12:37;XAUUSD;5;1786445828;PROFIT_RATCHET_LOCKED;floor=5.66 peak=13.32;MANAGE_PROFIT;SAFE;1;1;1;-1;-1;4369.80;13.20;13.20;13.32;-10.11;KELLY_LITE;true;0.04;213186.27;0.0417;KELLY_LITE(mult=1.00 taper=1.00 n=20)+HARD_RISK_CAP(2.0%)+MAXLOSS_CAP;213186.27;213199.47;36;0
2026.08.12 01:12:38;XAUUSD;5;1786445828;PROFIT_RATCHET_LOCKED;floor=5.66 peak=13.32;MANAGE_PROFIT;SAFE;1;1;1;-1;-1;4369.80;13.02;13.02;13.32;-10.11;KELLY_LITE;true;0.04;213186.27;0.0417;KELLY_LITE(mult=1.00 taper=1.00 n=20)+HARD_RISK_CAP(2.0%)+MAXLOSS_CAP;213186.27;213199.29;36;0
2026.08.12 01:12:38;XAUUSD;5;1786445828;PROFIT_RATCHET_LOCKED;floor=5.66 peak=13.32;MANAGE_PROFIT;SAFE;1;1;1;-1;-1;4369.80;13.02;13.02;13.32;-10.11;KELLY_LITE;true;0.04;213186.27;0.0417;KELLY_LITE(mult=1.00 taper=1.00 n=20)+HARD_RISK_CAP(2.0%)+MAXLOSS_CAP;213186.27;213199.29;36;0
2026.08.12 01:12:38;XAUUSD;5;1786445828;PROFIT_RATCHET_LOCKED;floor=5.66 peak=13.32;MANAGE_PROFIT;SAFE;1;1;1;-1;-1;4369.80;13.20;13.20;13.32;-10.11;KELLY_LITE;true;0.04;213186.27;0.0417;KELLY_LITE(mult=1.00 taper=1.00 n=20)+HARD_RISK_CAP(2.0%)+MAXLOSS_CAP;213186.27;213199.47;36;0
2026.08.12 01:12:38;XAUUSD;5;1786445828;PROFIT_RATCHET_LOCKED;floor=5.66 peak=13.32;MANAGE_PROFIT;SAFE;1;1;1;-1;-1;4369.80;13.23;13.23;13.32;-10.11;KELLY_LITE;true;0.04;213186.27;0.0417;KELLY_LITE(mult=1.00 taper=1.00 n=20)+HARD_RISK_CAP(2.0%)+MAXLOSS_CAP;213186.27;213199.50;36;0
2026.08.12 01:12:38;XAUUSD;5;1786445828;PROFIT_RATCHET_LOCKED;floor=5.66 peak=13.32;MANAGE_PROFIT;SAFE;1;1;1;-1;-1;4369.80;13.29;13.29;13.32;-10.11;KELLY_LITE;true;0.04;213186.27;0.0417;KELLY_LITE(mult=1.00 taper=1.00 n=20)+HARD_RISK_CAP(2.0%)+MAXLOSS_CAP;213186.27;213199.56;36;0
2026.08.12 01:12:39;XAUUSD;5;1786445828;PROFIT_RATCHET_LOCKED;floor=5.66 peak=13.32;MANAGE_PROFIT;SAFE;1;1;1;-1;-1;4369.80;13.26;13.26;13.32;-10.11;KELLY_LITE;true;0.04;213186.27;0.0417;KELLY_LITE(mult=1.00 taper=1.00 n=20)+HARD_RISK_CAP(2.0%)+MAXLOSS_CAP;213186.27;213199.53;33;0
2026.08.12 01:12:39;XAUUSD;5;1786445828;PROFIT_RATCHET_LOCKED;floor=5.66 peak=13.32;MANAGE_PROFIT;SAFE;1;1;1;-1;-1;4369.80;13.11;13.11;13.32;-10.11;KELLY_LITE;true;0.04;213186.27;0.0417;KELLY_LITE(mult=1.00 taper=1.00 n=20)+HARD_RISK_CAP(2.0%)+MAXLOSS_CAP;213186.27;213199.38;36;0
2026.08.12 01:12:39;XAUUSD;5;1786445828;PROFIT_RATCHET_LOCKED;floor=5.66 peak=13.32;MANAGE_PROFIT;SAFE;1;1;1;-1;-1;4369.80;13.08;13.08;13.32;-10.11;KELLY_LITE;true;0.04;213186.27;0.0417;KELLY_LITE(mult=1.00 taper=1.00 n=20)+HARD_RISK_CAP(2.0%)+MAXLOSS_CAP;213186.27;213199.35;36;0
2026.08.12 01:12:40;XAUUSD;5;1786445828;PROFIT_RATCHET_LOCKED;floor=5.66 peak=13.32;MANAGE_PROFIT;SAFE;1;1;1;-1;-1;4369.80;13.11;13.11;13.32;-10.11;KELLY_LITE;true;0.04;213186.27;0.0417;KELLY_LITE(mult=1.00 taper=1.00 n=20)+HARD_RISK_CAP(2.0%)+MAXLOSS_CAP;213186.27;213199.38;36;0
2026.08.12 01:12:40;XAUUSD;5;1786445828;PROFIT_RATCHET_LOCKED;floor=5.66 peak=13.32;MANAGE_PROFIT;SAFE;1;1;1;-1;-1;4369.80;13.14;13.14;13.32;-10.11;KELLY_LITE;true;0.04;213186.27;0.0417;KELLY_LITE(mult=1.00 taper=1.00 n=20)+HARD_RISK_CAP(2.0%)+MAXLOSS_CAP;213186.27;213199.41;36;0
2026.08.12 01:12:40;XAUUSD;5;1786445828;PROFIT_RATCHET_LOCKED;floor=5.66 peak=13.32;MANAGE_PROFIT;SAFE;1;1;1;-1;-1;4369.80;13.17;13.17;13.32;-10.11;KELLY_LITE;true;0.04;213186.27;0.0417;KELLY_LITE(mult=1.00 taper=1.00 n=20)+HARD_RISK_CAP(2.0%)+MAXLOSS_CAP;213186.27;213199.44;36;0
2026.08.12 01:12:40;XAUUSD;5;1786445828;PROFIT_RATCHET_LOCKED;floor=5.66 peak=13.32;MANAGE_PROFIT;SAFE;1;1;1;-1;-1;4369.80;13.14;13.14;13.32;-10.11;KELLY_LITE;true;0.04;213186.27;0.0417;KELLY_LITE(mult=1.00 taper=1.00 n=20)+HARD_RISK_CAP(2.0%)+MAXLOSS_CAP;213186.27;213199.41;36;0
2026.08.12 01:12:41;XAUUSD;5;1786445828;PROFIT_RATCHET_LOCKED;floor=5.66 peak=13.32;MANAGE_PROFIT;SAFE;1;1;1;-1;-1;4369.80;13.08;13.08;13.32;-10.11;KELLY_LITE;true;0.04;213186.27;0.0417;KELLY_LITE(mult=1.00 taper=1.00 n=20)+HARD_RISK_CAP(2.0%)+MAXLOSS_CAP;213186.27;213199.35;36;0
2026.08.12 01:12:41;XAUUSD;5;1786445828;PROFIT_RATCHET_LOCKED;floor=5.66 peak=13.32;MANAGE_PROFIT;SAFE;1;1;1;-1;-1;4369.80;13.14;13.14;13.32;-10.11;KELLY_LITE;true;0.04;213186.27;0.0417;KELLY_LITE(mult=1.00 taper=1.00 n=20)+HARD_RISK_CAP(2.0%)+MAXLOSS_CAP;213186.27;213199.41;36;0
2026.08.12 01:12:41;XAUUSD;5;1786445828;PROFIT_RATCHET_LOCKED;floor=5.66 peak=13.32;MANAGE_PROFIT;SAFE;1;1;1;-1;-1;4369.80;13.29;13.29;13.32;-10.11;KELLY_LITE;true;0.04;213186.27;0.0417;KELLY_LITE(mult=1.00 taper=1.00 n=20)+HARD_RISK_CAP(2.0%)+MAXLOSS_CAP;213186.27;213199.56;36;0
2026.08.12 01:12:43;XAUUSD;5;1786445828;SL_MODIFIED;ticket=118809617 oldSL=4373.70 newSL=4373.88 reason=break_even_lock_leg_0 (retry buf=3pt);MANAGE_PROFIT;SAFE;1;1;1;-1;-1;4369.80;14.31;14.31;14.07;-10.11;KELLY_LITE;true;0.04;213186.27;0.0417;KELLY_LITE(mult=1.00 taper=1.00 n=20)+HARD_RISK_CAP(2.0%)+MAXLOSS_CAP;213186.27;213200.58;36;0
2026.08.12 01:12:43;XAUUSD;5;1786445828;PROFIT_RATCHET_LOCKED;floor=5.98 peak=14.07;MANAGE_PROFIT;SAFE;1;1;1;-1;-1;4369.80;14.31;14.31;14.07;-10.11;KELLY_LITE;true;0.04;213186.27;0.0417;KELLY_LITE(mult=1.00 taper=1.00 n=20)+HARD_RISK_CAP(2.0%)+MAXLOSS_CAP;213186.27;213200.58;36;0
2026.08.12 01:12:43;XAUUSD;5;1786445828;SL_MODIFY_FAILED;ticket=118809617 newSL=4374.05 reason=break_even_lock_leg_0 err=0;MANAGE_PROFIT;SAFE;1;1;1;-1;-1;4369.80;13.77;13.77;14.31;-10.11;KELLY_LITE;true;0.04;213186.27;0.0417;KELLY_LITE(mult=1.00 taper=1.00 n=20)+HARD_RISK_CAP(2.0%)+MAXLOSS_CAP;213186.27;213200.04;36;0
2026.08.12 01:12:43;XAUUSD;5;1786445828;PROFIT_RATCHET_LOCKED;floor=6.08 peak=14.31;MANAGE_PROFIT;SAFE;1;1;1;-1;-1;4369.80;13.77;13.77;14.31;-10.11;KELLY_LITE;true;0.04;213186.27;0.0417;KELLY_LITE(mult=1.00 taper=1.00 n=20)+HARD_RISK_CAP(2.0%)+MAXLOSS_CAP;213186.27;213200.04;36;0
2026.08.12 01:12:43;XAUUSD;5;1786445828;PROFIT_RATCHET_LOCKED;floor=6.08 peak=14.31;MANAGE_PROFIT;SAFE;1;1;1;-1;-1;4369.80;13.77;13.77;14.31;-10.11;KELLY_LITE;true;0.04;213186.27;0.0417;KELLY_LITE(mult=1.00 taper=1.00 n=20)+HARD_RISK_CAP(2.0%)+MAXLOSS_CAP;213186.27;213200.04;36;0
2026.08.12 01:12:44;XAUUSD;5;1786445828;PROFIT_RATCHET_LOCKED;floor=6.08 peak=14.31;MANAGE_PROFIT;SAFE;1;1;1;-1;-1;4369.80;13.71;13.71;14.31;-10.11;KELLY_LITE;true;0.04;213186.27;0.0417;KELLY_LITE(mult=1.00 taper=1.00 n=20)+HARD_RISK_CAP(2.0%)+MAXLOSS_CAP;213186.27;213199.98;36;0
2026.08.12 01:12:44;XAUUSD;5;1786445828;PROFIT_RATCHET_LOCKED;floor=6.08 peak=14.31;MANAGE_PROFIT;SAFE;1;1;1;-1;-1;4369.80;13.74;13.74;14.31;-10.11;KELLY_LITE;true;0.04;213186.27;0.0417;KELLY_LITE(mult=1.00 taper=1.00 n=20)+HARD_RISK_CAP(2.0%)+MAXLOSS_CAP;213186.27;213200.01;36;0
2026.08.12 01:12:44;XAUUSD;5;1786445828;PROFIT_RATCHET_LOCKED;floor=6.08 peak=14.31;MANAGE_PROFIT;SAFE;1;1;1;-1;-1;4369.80;13.59;13.59;14.31;-10.11;KELLY_LITE;true;0.04;213186.27;0.0417;KELLY_LITE(mult=1.00 taper=1.00 n=20)+HARD_RISK_CAP(2.0%)+MAXLOSS_CAP;213186.27;213199.86;36;0
2026.08.12 01:12:44;XAUUSD;5;1786445828;PROFIT_RATCHET_LOCKED;floor=6.08 peak=14.31;MANAGE_PROFIT;SAFE;1;1;1;-1;-1;4369.80;13.62;13.62;14.31;-10.11;KELLY_LITE;true;0.04;213186.27;0.0417;KELLY_LITE(mult=1.00 taper=1.00 n=20)+HARD_RISK_CAP(2.0%)+MAXLOSS_CAP;213186.27;213199.89;36;0
2026.08.12 01:12:44;XAUUSD;5;1786445828;PROFIT_RATCHET_LOCKED;floor=6.08 peak=14.31;MANAGE_PROFIT;SAFE;1;1;1;-1;-1;4369.80;13.68;13.68;14.31;-10.11;KELLY_LITE;true;0.04;213186.27;0.0417;KELLY_LITE(mult=1.00 taper=1.00 n=20)+HARD_RISK_CAP(2.0%)+MAXLOSS_CAP;213186.27;213199.95;36;0
2026.08.12 01:12:45;XAUUSD;5;1786445828;PROFIT_RATCHET_LOCKED;floor=6.08 peak=14.31;MANAGE_PROFIT;SAFE;1;1;1;-1;-1;4369.80;13.65;13.65;14.31;-10.11;KELLY_LITE;true;0.04;213186.27;0.0417;KELLY_LITE(mult=1.00 taper=1.00 n=20)+HARD_RISK_CAP(2.0%)+MAXLOSS_CAP;213186.27;213199.92;36;0
2026.08.12 01:12:45;XAUUSD;5;1786445828;PROFIT_RATCHET_LOCKED;floor=6.08 peak=14.31;MANAGE_PROFIT;SAFE;1;1;1;-1;-1;4369.80;13.50;13.50;14.31;-10.11;KELLY_LITE;true;0.04;213186.27;0.0417;KELLY_LITE(mult=1.00 taper=1.00 n=20)+HARD_RISK_CAP(2.0%)+MAXLOSS_CAP;213186.27;213199.77;36;0
2026.08.12 01:12:45;XAUUSD;5;1786445828;PROFIT_RATCHET_LOCKED;floor=6.08 peak=14.31;MANAGE_PROFIT;SAFE;1;1;1;-1;-1;4369.80;13.56;13.56;14.31;-10.11;KELLY_LITE;true;0.04;213186.27;0.0417;KELLY_LITE(mult=1.00 taper=1.00 n=20)+HARD_RISK_CAP(2.0%)+MAXLOSS_CAP;213186.27;213199.83;36;0
2026.08.12 01:12:45;XAUUSD;5;1786445828;PROFIT_RATCHET_LOCKED;floor=6.08 peak=14.31;MANAGE_PROFIT;SAFE;1;1;1;-1;-1;4369.80;13.53;13.53;14.31;-10.11;KELLY_LITE;true;0.04;213186.27;0.0417;KELLY_LITE(mult=1.00 taper=1.00 n=20)+HARD_RISK_CAP(2.0%)+MAXLOSS_CAP;213186.27;213199.80;36;0
2026.08.12 01:12:46;XAUUSD;5;1786445828;PROFIT_RATCHET_LOCKED;floor=6.08 peak=14.31;MANAGE_PROFIT;SAFE;1;1;1;-1;-1;4369.80;13.56;13.56;14.31;-10.11;KELLY_LITE;true;0.04;213186.27;0.0417;KELLY_LITE(mult=1.00 taper=1.00 n=20)+HARD_RISK_CAP(2.0%)+MAXLOSS_CAP;213186.27;213199.83;36;0
2026.08.12 01:12:46;XAUUSD;5;1786445828;PROFIT_RATCHET_LOCKED;floor=6.08 peak=14.31;MANAGE_PROFIT;SAFE;1;1;1;-1;-1;4369.80;13.41;13.41;14.31;-10.11;KELLY_LITE;true;0.04;213186.27;0.0417;KELLY_LITE(mult=1.00 taper=1.00 n=20)+HARD_RISK_CAP(2.0%)+MAXLOSS_CAP;213186.27;213199.68;36;0
2026.08.12 01:12:46;XAUUSD;5;1786445828;PROFIT_RATCHET_LOCKED;floor=6.08 peak=14.31;MANAGE_PROFIT;SAFE;1;1;1;-1;-1;4369.80;13.53;13.53;14.31;-10.11;KELLY_LITE;true;0.04;213186.27;0.0417;KELLY_LITE(mult=1.00 taper=1.00 n=20)+HARD_RISK_CAP(2.0%)+MAXLOSS_CAP;213186.27;213199.80;36;0
2026.08.12 01:12:47;XAUUSD;5;1786445828;SL_MODIFIED;ticket=118809617 oldSL=4373.88 newSL=4373.93 reason=break_even_lock_leg_0;MANAGE_PROFIT;SAFE;1;1;1;-1;-1;4369.80;13.62;13.62;14.31;-10.11;KELLY_LITE;true;0.04;213186.27;0.0417;KELLY_LITE(mult=1.00 taper=1.00 n=20)+HARD_RISK_CAP(2.0%)+MAXLOSS_CAP;213186.27;213199.89;36;0
2026.08.12 01:12:47;XAUUSD;5;1786445828;PROFIT_RATCHET_LOCKED;floor=6.08 peak=14.31;MANAGE_PROFIT;SAFE;1;1;1;-1;-1;4369.80;13.62;13.62;14.31;-10.11;KELLY_LITE;true;0.04;213186.27;0.0417;KELLY_LITE(mult=1.00 taper=1.00 n=20)+HARD_RISK_CAP(2.0%)+MAXLOSS_CAP;213186.27;213199.89;36;0
2026.08.12 01:12:47;XAUUSD;5;1786445828;PROFIT_RATCHET_LOCKED;floor=6.08 peak=14.31;MANAGE_PROFIT;SAFE;1;1;1;-1;-1;4369.80;13.62;13.62;14.31;-10.11;KELLY_LITE;true;0.04;213186.27;0.0417;KELLY_LITE(mult=1.00 taper=1.00 n=20)+HARD_RISK_CAP(2.0%)+MAXLOSS_CAP;213186.27;213199.89;36;0
2026.08.12 01:12:47;XAUUSD;5;1786445828;PROFIT_RATCHET_LOCKED;floor=6.08 peak=14.31;MANAGE_PROFIT;SAFE;1;1;1;-1;-1;4369.80;13.77;13.77;14.31;-10.11;KELLY_LITE;true;0.04;213186.27;0.0417;KELLY_LITE(mult=1.00 taper=1.00 n=20)+HARD_RISK_CAP(2.0%)+MAXLOSS_CAP;213186.27;213200.04;36;0
2026.08.12 01:12:47;XAUUSD;5;1786445828;PROFIT_RATCHET_LOCKED;floor=6.08 peak=14.31;MANAGE_PROFIT;SAFE;1;1;1;-1;-1;4369.80;13.74;13.74;14.31;-10.11;KELLY_LITE;true;0.04;213186.27;0.0417;KELLY_LITE(mult=1.00 taper=1.00 n=20)+HARD_RISK_CAP(2.0%)+MAXLOSS_CAP;213186.27;213200.01;36;0
2026.08.12 01:12:47;XAUUSD;5;1786445828;PROFIT_RATCHET_LOCKED;floor=6.08 peak=14.31;MANAGE_PROFIT;SAFE;1;1;1;-1;-1;4369.80;13.89;13.89;14.31;-10.11;KELLY_LITE;true;0.04;213186.27;0.0417;KELLY_LITE(mult=1.00 taper=1.00 n=20)+HARD_RISK_CAP(2.0%)+MAXLOSS_CAP;213186.27;213200.16;36;0
2026.08.12 01:12:48;XAUUSD;5;1786445828;SL_MODIFIED;ticket=118809617 oldSL=4373.93 newSL=4374.03 reason=break_even_lock_leg_0;MANAGE_PROFIT;SAFE;1;1;1;-1;-1;4369.80;12.45;12.45;14.31;-10.11;KELLY_LITE;true;0.04;213186.27;0.0417;KELLY_LITE(mult=1.00 taper=1.00 n=20)+HARD_RISK_CAP(2.0%)+MAXLOSS_CAP;213186.27;213198.72;37;0
2026.08.12 01:12:48;XAUUSD;5;1786445828;PROFIT_RATCHET_LOCKED;floor=6.08 peak=14.31;MANAGE_PROFIT;SAFE;0;1;1;-1;-1;4369.80;0.00;0.00;14.31;-10.11;KELLY_LITE;true;0.04;213186.27;0.0417;KELLY_LITE(mult=1.00 taper=1.00 n=20)+HARD_RISK_CAP(2.0%)+MAXLOSS_CAP;213198.96;213198.96;37;0
2026.08.12 01:12:49;XAUUSD;5;1786445828;PENDING_DELETED;ticket=118813488 reason=main_gone_hedge_pending;WAIT_TRIGGER;SAFE;0;0;1;-1;-1;4369.80;0.00;0.00;14.31;-10.11;KELLY_LITE;true;0.04;213186.27;0.0417;KELLY_LITE(mult=1.00 taper=1.00 n=20)+HARD_RISK_CAP(2.0%)+MAXLOSS_CAP;213198.96;213198.96;36;0
2026.08.12 01:12:49;XAUUSD;5;1786445828;HEDGE_PENDING_CLEANUP;main_position_gone;WAIT_TRIGGER;SAFE;0;0;1;-1;-1;4369.80;0.00;0.00;14.31;-10.11;KELLY_LITE;true;0.04;213186.27;0.0417;KELLY_LITE(mult=1.00 taper=1.00 n=20)+HARD_RISK_CAP(2.0%)+MAXLOSS_CAP;213198.96;213198.96;36;0
2026.08.12 01:12:49;XAUUSD;5;1786445828;CYCLE_RESET;oldState=WAIT_TRIGGER realizedPnL=12.69 peak=14.31 worst=-10.11 pyramid=1 consLosses=0;WAIT_TRIGGER;SAFE;0;0;1;-1;-1;4369.80;0.00;0.00;14.31;-10.11;KELLY_LITE;true;0.04;213186.27;0.0417;KELLY_LITE(mult=1.00 taper=1.00 n=20)+HARD_RISK_CAP(2.0%)+MAXLOSS_CAP;213198.96;213198.96;36;0
2026.08.12 01:12:49;XAUUSD;5;1786445828;TRADELOG_RECOVER_CLOSE;ticket=118809617 type=main pnl=12.69;IDLE;SAFE;0;0;0;-1;-1;0.00;0.00;0.00;0.00;0.00;KELLY_LITE;true;0.04;213186.27;0.0417;KELLY_LITE(mult=1.00 taper=1.00 n=20)+HARD_RISK_CAP(2.0%)+MAXLOSS_CAP;213198.96;213198.96;36;0
2026.08.12 01:17:49;XAUUSD;5;1786445828;FILTER_BLOCK_TREND;TREND_NEUTRAL_EMA;BLOCKED;SAFE;0;0;0;-1;-1;0.00;0.00;0.00;0.00;0.00;KELLY_LITE;true;0.04;213186.27;0.0417;KELLY_LITE(mult=1.00 taper=1.00 n=20)+HARD_RISK_CAP(2.0%)+MAXLOSS_CAP;213198.96;213198.96;36;0
2026.08.12 01:22:49;XAUUSD;5;1786445828;FILTER_BLOCK_TREND;TREND_NEUTRAL_EMA;BLOCKED;SAFE;0;0;0;-1;-1;0.00;0.00;0.00;0.00;0.00;KELLY_LITE;true;0.04;213186.27;0.0417;KELLY_LITE(mult=1.00 taper=1.00 n=20)+HARD_RISK_CAP(2.0%)+MAXLOSS_CAP;213198.96;213198.96;36;0
2026.08.12 01:27:49;XAUUSD;5;1786445828;FILTER_BLOCK_TREND;TREND_NEUTRAL_EMA;BLOCKED;SAFE;0;0;0;-1;-1;0.00;0.00;0.00;0.00;0.00;KELLY_LITE;true;0.04;213186.27;0.0417;KELLY_LITE(mult=1.00 taper=1.00 n=20)+HARD_RISK_CAP(2.0%)+MAXLOSS_CAP;213198.96;213198.96;36;0
2026.08.12 01:32:49;XAUUSD;5;1786445828;FILTER_BLOCK_TREND_DISAGREE;TREND_DISAGREE (main=1 fast=-1 rsi=65.4, no extreme);BLOCKED;SAFE;0;0;0;-1;-1;0.00;0.00;0.00;0.00;0.00;KELLY_LITE;true;0.04;213186.27;0.0417;KELLY_LITE(mult=1.00 taper=1.00 n=20)+HARD_RISK_CAP(2.0%)+MAXLOSS_CAP;213198.96;213198.96;33;0
2026.08.12 01:37:49;XAUUSD;5;1786445829;PLACE_PENDING_START;cycle=1786445829 trend=1 consecLosses=0 preset=AGGRESSIVE;PLACE_PENDING;SAFE;0;0;0;-1;-1;0.00;0.00;0.00;0.00;0.00;KELLY_LITE;true;0.04;213186.27;0.0417;KELLY_LITE(mult=1.00 taper=1.00 n=20)+HARD_RISK_CAP(2.0%)+MAXLOSS_CAP;213198.96;213198.96;33;0
2026.08.12 01:37:49;XAUUSD;5;1786445829;DIR_OCO_PLACED;dir=BULL ticket=118821835 price=4384.31 sl=4369.31 tp=4406.81 lot=0.04 dist=1.50;PLACE_PENDING;SAFE;0;1;0;118821835;-1;0.00;0.00;0.00;0.00;0.00;KELLY_LITE;true;0.04;213198.96;0.0417;KELLY_LITE(mult=1.00 taper=1.00 n=20)+HARD_RISK_CAP(2.0%)+MAXLOSS_CAP;213198.96;213198.96;33;0
2026.08.12 01:37:50;XAUUSD;5;1786445829;DIR_OCO_COUNTER_PLACED;dir=BEAR(counter) ticket=118821836 price=4380.98 lot=0.03;PLACE_PENDING;SAFE;0;2;0;118821835;118821836;0.00;0.00;0.00;0.00;0.00;KELLY_LITE;true;0.04;213198.96;0.0417;KELLY_LITE(mult=1.00 taper=1.00 n=20)+HARD_RISK_CAP(2.0%)+MAXLOSS_CAP;213198.96;213198.96;33;0
2026.08.12 01:38:00;XAUUSD;5;1786445829;BUY_STOP_TRAILED;Old=4384.31 New=4383.75;WAIT_TRIGGER;SAFE;0;2;0;118821835;118821836;0.00;0.00;0.00;0.00;0.00;KELLY_LITE;true;0.04;213198.96;0.0417;KELLY_LITE(mult=1.00 taper=1.00 n=20)+HARD_RISK_CAP(2.0%)+MAXLOSS_CAP;213198.96;213198.96;36;0
2026.08.12 01:38:01;XAUUSD;5;1786445829;BUY_STOP_TRAILED;Old=4383.75 New=4383.37;WAIT_TRIGGER;SAFE;0;2;0;118821835;118821836;0.00;0.00;0.00;0.00;0.00;KELLY_LITE;true;0.04;213198.96;0.0417;KELLY_LITE(mult=1.00 taper=1.00 n=20)+HARD_RISK_CAP(2.0%)+MAXLOSS_CAP;213198.96;213198.96;36;0
2026.08.12 01:38:57;XAUUSD;5;1786445829;BUY_STOP_TRAILED;Old=4383.37 New=4382.94;WAIT_TRIGGER;SAFE;0;2;0;118821835;118821836;0.00;0.00;0.00;0.00;0.00;KELLY_LITE;true;0.04;213198.96;0.0417;KELLY_LITE(mult=1.00 taper=1.00 n=20)+HARD_RISK_CAP(2.0%)+MAXLOSS_CAP;213198.96;213198.96;36;0
2026.08.12 01:39:47;XAUUSD;5;1786445829;OCO_TRIGGERED_SELL;ticket=118821836 entry=4380.98;POSITION_ACTIVE;SAFE;1;1;0;118821835;-1;0.00;0.15;-0.93;0.00;0.00;KELLY_LITE;true;0.04;213198.96;0.0417;KELLY_LITE(mult=1.00 taper=1.00 n=20)+HARD_RISK_CAP(2.0%)+MAXLOSS_CAP;213198.96;213199.11;36;0
2026.08.12 01:39:48;XAUUSD;5;1786445829;PENDING_DELETED;ticket=118821835 reason=oco_sell_triggered;POSITION_ACTIVE;SAFE;1;0;0;118821835;-1;0.00;-1.14;-1.14;0.00;0.00;KELLY_LITE;true;0.04;213198.96;0.0417;KELLY_LITE(mult=1.00 taper=1.00 n=20)+HARD_RISK_CAP(2.0%)+MAXLOSS_CAP;213198.96;213197.82;36;0
2026.08.12 01:39:48;XAUUSD;5;1786445829;HEDGE_PENDING_PLACED;dir=BUY_STOP ticket=118822263 price=4384.36 sl=4381.36 lot=0.05 mainEntry=4380.98 dist=3.00 confirmBars=1;POSITION_ACTIVE;SAFE;1;1;1;-1;-1;4380.98;-1.11;-1.11;0.00;-1.14;KELLY_LITE;true;0.04;213198.96;0.0417;KELLY_LITE(mult=1.00 taper=1.00 n=20)+HARD_RISK_CAP(2.0%)+MAXLOSS_CAP;213198.96;213197.85;36;0
2026.08.12 01:54:49;XAUUSD;5;1786445829;PENDING_DELETED;ticket=118822263 reason=hedge_pending_expired;POSITION_ACTIVE;SAFE;1;0;1;-1;-1;4380.98;6.78;6.78;7.95;-7.41;KELLY_LITE;true;0.04;213198.96;0.0417;KELLY_LITE(mult=1.00 taper=1.00 n=20)+HARD_RISK_CAP(2.0%)+MAXLOSS_CAP;213198.96;213205.74;36;0
2026.08.12 01:54:49;XAUUSD;5;1786445829;HEDGE_PENDING_EXPIRED;after=900s rearm=1/1;POSITION_ACTIVE;SAFE;1;0;1;-1;-1;4380.98;6.78;6.78;7.95;-7.41;KELLY_LITE;true;0.04;213198.96;0.0417;KELLY_LITE(mult=1.00 taper=1.00 n=20)+HARD_RISK_CAP(2.0%)+MAXLOSS_CAP;213198.96;213205.74;36;0
2026.08.12 01:54:50;XAUUSD;5;1786445829;HEDGE_PENDING_PLACED;dir=BUY_STOP ticket=118825512 price=4381.72 sl=4378.72 lot=0.05 mainEntry=4380.98 dist=3.00 confirmBars=1;MANAGE_PROFIT;SAFE;1;1;1;-1;-1;4380.98;6.75;6.75;7.95;-7.41;KELLY_LITE;true;0.04;213198.96;0.0417;KELLY_LITE(mult=1.00 taper=1.00 n=20)+HARD_RISK_CAP(2.0%)+MAXLOSS_CAP;213198.96;213205.71;36;0
2026.08.12 01:55:07;XAUUSD;5;1786445829;SL_MODIFIED;ticket=118821836 oldSL=4395.98 newSL=4379.07 reason=break_even_lock_leg_0 (retry buf=8pt);MANAGE_PROFIT;SAFE;1;1;1;-1;-1;4380.98;7.89;8.01;8.13;-7.41;KELLY_LITE;true;0.04;213198.96;0.0417;KELLY_LITE(mult=1.00 taper=1.00 n=20)+HARD_RISK_CAP(2.0%)+MAXLOSS_CAP;213198.96;213206.85;36;0
2026.08.12 01:55:07;XAUUSD;5;1786445829;PROFIT_RATCHET_LOCKED;floor=3.46 peak=8.13;MANAGE_PROFIT;SAFE;1;1;1;-1;-1;4380.98;7.89;8.01;8.13;-7.41;KELLY_LITE;true;0.04;213198.96;0.0417;KELLY_LITE(mult=1.00 taper=1.00 n=20)+HARD_RISK_CAP(2.0%)+MAXLOSS_CAP;213198.96;213206.85;36;0
2026.08.12 01:55:08;XAUUSD;5;1786445829;SL_MODIFY_FAILED;ticket=118821836 newSL=4378.83 reason=break_even_lock_leg_0 err=0;MANAGE_PROFIT;SAFE;1;1;1;-1;-1;4380.98;7.65;7.65;8.13;-7.41;KELLY_LITE;true;0.04;213198.96;0.0417;KELLY_LITE(mult=1.00 taper=1.00 n=20)+HARD_RISK_CAP(2.0%)+MAXLOSS_CAP;213198.96;213206.61;36;0
2026.08.12 01:55:08;XAUUSD;5;1786445829;PROFIT_RATCHET_LOCKED;floor=3.46 peak=8.13;MANAGE_PROFIT;SAFE;1;1;1;-1;-1;4380.98;7.65;7.65;8.13;-7.41;KELLY_LITE;true;0.04;213198.96;0.0417;KELLY_LITE(mult=1.00 taper=1.00 n=20)+HARD_RISK_CAP(2.0%)+MAXLOSS_CAP;213198.96;213206.61;36;0
2026.08.12 01:55:08;XAUUSD;5;1786445829;PROFIT_RATCHET_LOCKED;floor=3.46 peak=8.13;MANAGE_PROFIT;SAFE;1;1;1;-1;-1;4380.98;6.81;6.81;8.13;-7.41;KELLY_LITE;true;0.04;213198.96;0.0417;KELLY_LITE(mult=1.00 taper=1.00 n=20)+HARD_RISK_CAP(2.0%)+MAXLOSS_CAP;213198.96;213205.77;36;0
2026.08.12 01:55:08;XAUUSD;5;1786445829;EXIT_TIERED_TRAIL;profit=6.81 peak=8.13 allowedRetrace=1.22;MANAGE_PROFIT;SAFE;1;1;1;-1;-1;4380.98;6.81;6.81;8.13;-7.41;KELLY_LITE;true;0.04;213198.96;0.0417;KELLY_LITE(mult=1.00 taper=1.00 n=20)+HARD_RISK_CAP(2.0%)+MAXLOSS_CAP;213198.96;213205.77;36;0
2026.08.12 01:55:09;XAUUSD;5;1786445829;POSITION_CLOSED;ticket=118821836 reason=tiered_profit_trail lots=0.03 price=4378.71 pnl=6.81;MANAGE_PROFIT;SAFE;0;1;1;-1;-1;4380.98;0.00;0.00;8.13;-7.41;KELLY_LITE;true;0.04;213198.96;0.0417;KELLY_LITE(mult=1.00 taper=1.00 n=20)+HARD_RISK_CAP(2.0%)+MAXLOSS_CAP;213205.77;213205.77;36;0
2026.08.12 01:55:09;XAUUSD;5;1786445829;PENDING_DELETED;ticket=118825512 reason=close_all_hedge;MANAGE_PROFIT;SAFE;0;0;0;-1;-1;4380.98;0.00;0.00;8.13;-7.41;KELLY_LITE;true;0.04;213198.96;0.0417;KELLY_LITE(mult=1.00 taper=1.00 n=20)+HARD_RISK_CAP(2.0%)+MAXLOSS_CAP;213205.77;213205.77;36;0
2026.08.12 01:55:09;XAUUSD;5;1786445829;CYCLE_RESET;oldState=RESET realizedPnL=6.81 peak=8.13 worst=-7.41 pyramid=0 consLosses=0;RESET;SAFE;0;0;0;-1;-1;4380.98;0.00;0.00;8.13;-7.41;KELLY_LITE;true;0.04;213198.96;0.0417;KELLY_LITE(mult=1.00 taper=1.00 n=20)+HARD_RISK_CAP(2.0%)+MAXLOSS_CAP;213205.77;213205.77;36;0
2026.08.12 02:00:09;XAUUSD;5;1786445830;PLACE_PENDING_START;cycle=1786445830 trend=1 consecLosses=0 preset=AGGRESSIVE;PLACE_PENDING;SAFE;0;0;0;-1;-1;0.00;0.00;0.00;0.00;0.00;KELLY_LITE;true;0.04;213198.96;0.0417;KELLY_LITE(mult=1.00 taper=1.00 n=20)+HARD_RISK_CAP(2.0%)+MAXLOSS_CAP;213205.77;213205.77;37;0
2026.08.12 02:00:09;XAUUSD;5;1786445830;DIR_OCO_PLACED;dir=BULL ticket=118826913 price=4381.58 sl=4366.58 tp=4404.08 lot=0.04 dist=1.56;PLACE_PENDING;SAFE;0;1;0;118826913;-1;0.00;0.00;0.00;0.00;0.00;KELLY_LITE;true;0.04;213205.77;0.0417;KELLY_LITE(mult=1.10 taper=1.00 n=20)+HARD_RISK_CAP(2.0%)+MAXLOSS_CAP;213205.77;213205.77;36;0
2026.08.12 02:00:10;XAUUSD;5;1786445830;DIR_OCO_COUNTER_PLACED;dir=BEAR(counter) ticket=118826921 price=4378.70 lot=0.03;PLACE_PENDING;SAFE;0;2;0;118826913;118826921;0.00;0.00;0.00;0.00;0.00;KELLY_LITE;true;0.04;213205.77;0.0417;KELLY_LITE(mult=1.10 taper=1.00 n=20)+HARD_RISK_CAP(2.0%)+MAXLOSS_CAP;213205.77;213205.77;37;0
2026.08.12 02:00:11;XAUUSD;5;1786445830;SELL_STOP_TRAILED;Old=4378.70 New=4379.07;WAIT_TRIGGER;SAFE;0;2;0;118826913;118826921;0.00;0.00;0.00;0.00;0.00;KELLY_LITE;true;0.04;213205.77;0.0417;KELLY_LITE(mult=1.10 taper=1.00 n=20)+HARD_RISK_CAP(2.0%)+MAXLOSS_CAP;213205.77;213205.77;36;0
2026.08.12 02:00:20;XAUUSD;5;1786445830;SELL_STOP_TRAILED;Old=4379.07 New=4379.54;WAIT_TRIGGER;SAFE;1;1;0;118826913;118826921;0.00;-2.96;-2.96;0.00;0.00;KELLY_LITE;true;0.04;213205.77;0.0417;KELLY_LITE(mult=1.10 taper=1.00 n=20)+HARD_RISK_CAP(2.0%)+MAXLOSS_CAP;213205.77;213202.81;36;0
2026.08.12 02:00:20;XAUUSD;5;1786445830;OCO_TRIGGERED_BUY;ticket=118826913 entry=4381.58;POSITION_ACTIVE;SAFE;1;1;0;-1;118826921;0.00;-2.96;-2.96;0.00;0.00;KELLY_LITE;true;0.04;213205.77;0.0417;KELLY_LITE(mult=1.10 taper=1.00 n=20)+HARD_RISK_CAP(2.0%)+MAXLOSS_CAP;213205.77;213202.81;36;0
2026.08.12 02:00:20;XAUUSD;5;1786445830;PENDING_DELETED;ticket=118826921 reason=oco_buy_triggered;POSITION_ACTIVE;SAFE;1;0;0;-1;118826921;0.00;-3.16;-3.16;0.00;0.00;KELLY_LITE;true;0.04;213205.77;0.0417;KELLY_LITE(mult=1.10 taper=1.00 n=20)+HARD_RISK_CAP(2.0%)+MAXLOSS_CAP;213205.77;213202.61;36;0
2026.08.12 02:00:21;XAUUSD;5;1786445830;HEDGE_PENDING_PLACED;dir=SELL_STOP ticket=118826988 price=4377.79 sl=4380.79 lot=0.05 mainEntry=4381.58 dist=3.00 confirmBars=1;POSITION_ACTIVE;SAFE;1;1;1;-1;-1;4381.58;-3.24;-3.24;0.00;-3.16;KELLY_LITE;true;0.04;213205.77;0.0417;KELLY_LITE(mult=1.10 taper=1.00 n=20)+HARD_RISK_CAP(2.0%)+MAXLOSS_CAP;213205.77;213202.53;36;0
2026.08.12 02:03:46;XAUUSD;5;1786445830;SL_MODIFIED;ticket=118826913 oldSL=4366.58 newSL=4383.52 reason=break_even_lock_leg_0;MANAGE_PROFIT;SAFE;1;1;1;-1;-1;4381.58;12.08;12.08;9.84;-13.24;KELLY_LITE;true;0.04;213205.77;0.0417;KELLY_LITE(mult=1.10 taper=1.00 n=20)+HARD_RISK_CAP(2.0%)+MAXLOSS_CAP;213205.77;213217.85;37;0
2026.08.12 02:03:46;XAUUSD;5;1786445830;PROFIT_RATCHET_LOCKED;floor=3.32 peak=9.84;MANAGE_PROFIT;SAFE;1;1;1;-1;-1;4381.58;12.08;12.08;9.84;-13.24;KELLY_LITE;true;0.04;213205.77;0.0417;KELLY_LITE(mult=1.10 taper=1.00 n=20)+HARD_RISK_CAP(2.0%)+MAXLOSS_CAP;213205.77;213217.85;37;0
2026.08.12 02:03:47;XAUUSD;5;1786445830;SL_MODIFIED;ticket=118826913 oldSL=4383.52 newSL=4384.08 reason=break_even_lock_leg_0 (retry buf=3pt);MANAGE_PROFIT;SAFE;1;1;1;-1;-1;4381.58;14.20;14.20;12.08;-13.24;KELLY_LITE;true;0.04;213205.77;0.0417;KELLY_LITE(mult=1.10 taper=1.00 n=20)+HARD_RISK_CAP(2.0%)+MAXLOSS_CAP;213205.77;213219.97;36;0
2026.08.12 02:03:47;XAUUSD;5;1786445830;PROFIT_RATCHET_LOCKED;floor=4.08 peak=12.08;MANAGE_PROFIT;SAFE;1;1;1;-1;-1;4381.58;14.20;14.20;12.08;-13.24;KELLY_LITE;true;0.04;213205.77;0.0417;KELLY_LITE(mult=1.10 taper=1.00 n=20)+HARD_RISK_CAP(2.0%)+MAXLOSS_CAP;213205.77;213219.97;36;0
2026.08.12 02:03:49;XAUUSD;5;1786445830;SL_MODIFIED;ticket=118826913 oldSL=4384.08 newSL=4384.55 reason=break_even_lock_leg_0 (retry buf=3pt);MANAGE_PROFIT;SAFE;1;1;1;-1;-1;4381.58;14.20;14.20;14.20;-13.24;KELLY_LITE;true;0.04;213205.77;0.0417;KELLY_LITE(mult=1.10 taper=1.00 n=20)+HARD_RISK_CAP(2.0%)+MAXLOSS_CAP;213205.77;213219.97;36;0
2026.08.12 02:03:49;XAUUSD;5;1786445830;PROFIT_RATCHET_LOCKED;floor=4.79 peak=14.20;MANAGE_PROFIT;SAFE;1;1;1;-1;-1;4381.58;14.20;14.20;14.20;-13.24;KELLY_LITE;true;0.04;213205.77;0.0417;KELLY_LITE(mult=1.10 taper=1.00 n=20)+HARD_RISK_CAP(2.0%)+MAXLOSS_CAP;213205.77;213219.97;36;0
2026.08.12 02:03:49;XAUUSD;5;1786445830;SL_MODIFIED;ticket=118826913 oldSL=4384.55 newSL=4384.61 reason=break_even_lock_leg_0;MANAGE_PROFIT;SAFE;1;1;1;-1;-1;4381.58;13.40;13.40;14.20;-13.24;KELLY_LITE;true;0.04;213205.77;0.0417;KELLY_LITE(mult=1.10 taper=1.00 n=20)+HARD_RISK_CAP(2.0%)+MAXLOSS_CAP;213205.77;213219.17;37;0
2026.08.12 02:03:49;XAUUSD;5;1786445830;PROFIT_RATCHET_LOCKED;floor=4.79 peak=14.20;MANAGE_PROFIT;SAFE;1;1;1;-1;-1;4381.58;13.40;13.40;14.20;-13.24;KELLY_LITE;true;0.04;213205.77;0.0417;KELLY_LITE(mult=1.10 taper=1.00 n=20)+HARD_RISK_CAP(2.0%)+MAXLOSS_CAP;213205.77;213219.17;37;0
2026.08.12 02:03:49;XAUUSD;5;1786445830;PROFIT_RATCHET_LOCKED;floor=4.79 peak=14.20;MANAGE_PROFIT;SAFE;1;1;1;-1;-1;4381.58;13.40;13.40;14.20;-13.24;KELLY_LITE;true;0.04;213205.77;0.0417;KELLY_LITE(mult=1.10 taper=1.00 n=20)+HARD_RISK_CAP(2.0%)+MAXLOSS_CAP;213205.77;213219.17;37;0
2026.08.12 02:03:49;XAUUSD;5;1786445830;PROFIT_RATCHET_LOCKED;floor=4.79 peak=14.20;MANAGE_PROFIT;SAFE;1;1;1;-1;-1;4381.58;12.96;12.96;14.20;-13.24;KELLY_LITE;true;0.04;213205.77;0.0417;KELLY_LITE(mult=1.10 taper=1.00 n=20)+HARD_RISK_CAP(2.0%)+MAXLOSS_CAP;213205.77;213218.73;36;0
2026.08.12 02:03:50;XAUUSD;5;1786445830;PROFIT_RATCHET_LOCKED;floor=4.79 peak=14.20;MANAGE_PROFIT;SAFE;1;1;1;-1;-1;4381.58;13.40;13.40;14.20;-13.24;KELLY_LITE;true;0.04;213205.77;0.0417;KELLY_LITE(mult=1.10 taper=1.00 n=20)+HARD_RISK_CAP(2.0%)+MAXLOSS_CAP;213205.77;213219.17;36;0
2026.08.12 02:03:50;XAUUSD;5;1786445830;PROFIT_RATCHET_LOCKED;floor=4.79 peak=14.20;MANAGE_PROFIT;SAFE;1;1;1;-1;-1;4381.58;13.56;13.56;14.20;-13.24;KELLY_LITE;true;0.04;213205.77;0.0417;KELLY_LITE(mult=1.10 taper=1.00 n=20)+HARD_RISK_CAP(2.0%)+MAXLOSS_CAP;213205.77;213219.33;36;0
2026.08.12 02:03:50;XAUUSD;5;1786445830;PROFIT_RATCHET_LOCKED;floor=4.79 peak=14.20;MANAGE_PROFIT;SAFE;1;1;1;-1;-1;4381.58;13.60;13.60;14.20;-13.24;KELLY_LITE;true;0.04;213205.77;0.0417;KELLY_LITE(mult=1.10 taper=1.00 n=20)+HARD_RISK_CAP(2.0%)+MAXLOSS_CAP;213205.77;213219.37;36;0
2026.08.12 02:03:50;XAUUSD;5;1786445830;PROFIT_RATCHET_LOCKED;floor=4.79 peak=14.20;MANAGE_PROFIT;SAFE;1;1;1;-1;-1;4381.58;13.40;13.40;14.20;-13.24;KELLY_LITE;true;0.04;213205.77;0.0417;KELLY_LITE(mult=1.10 taper=1.00 n=20)+HARD_RISK_CAP(2.0%)+MAXLOSS_CAP;213205.77;213219.17;36;0
2026.08.12 02:03:50;XAUUSD;5;1786445830;PROFIT_RATCHET_LOCKED;floor=4.79 peak=14.20;MANAGE_PROFIT;SAFE;1;1;1;-1;-1;4381.58;13.52;13.52;14.20;-13.24;KELLY_LITE;true;0.04;213205.77;0.0417;KELLY_LITE(mult=1.10 taper=1.00 n=20)+HARD_RISK_CAP(2.0%)+MAXLOSS_CAP;213205.77;213219.29;36;0
2026.08.12 02:03:51;XAUUSD;5;1786445830;PROFIT_RATCHET_LOCKED;floor=4.79 peak=14.20;MANAGE_PROFIT;SAFE;1;1;1;-1;-1;4381.58;13.48;13.48;14.20;-13.24;KELLY_LITE;true;0.04;213205.77;0.0417;KELLY_LITE(mult=1.10 taper=1.00 n=20)+HARD_RISK_CAP(2.0%)+MAXLOSS_CAP;213205.77;213219.25;36;0
2026.08.12 02:03:51;XAUUSD;5;1786445830;PROFIT_RATCHET_LOCKED;floor=4.79 peak=14.20;MANAGE_PROFIT;SAFE;1;1;1;-1;-1;4381.58;13.52;13.52;14.20;-13.24;KELLY_LITE;true;0.04;213205.77;0.0417;KELLY_LITE(mult=1.10 taper=1.00 n=20)+HARD_RISK_CAP(2.0%)+MAXLOSS_CAP;213205.77;213219.29;36;0
2026.08.12 02:03:51;XAUUSD;5;1786445830;RECONCILED_BROKER_CLOSE;ticket=118826913 type=main pnl=12.12;MANAGE_PROFIT;SAFE;0;1;1;-1;-1;4381.58;0.00;0.00;14.20;-13.24;KELLY_LITE;true;0.04;213205.77;0.0417;KELLY_LITE(mult=1.10 taper=1.00 n=20)+HARD_RISK_CAP(2.0%)+MAXLOSS_CAP;213217.89;213217.89;36;0
2026.08.12 02:03:52;XAUUSD;5;1786445830;PENDING_DELETED;ticket=118826988 reason=main_gone_hedge_pending;WAIT_TRIGGER;SAFE;0;0;1;-1;-1;4381.58;0.00;0.00;14.20;-13.24;KELLY_LITE;true;0.04;213205.77;0.0417;KELLY_LITE(mult=1.10 taper=1.00 n=20)+HARD_RISK_CAP(2.0%)+MAXLOSS_CAP;213217.89;213217.89;35;0
2026.08.12 02:03:52;XAUUSD;5;1786445830;HEDGE_PENDING_CLEANUP;main_position_gone;WAIT_TRIGGER;SAFE;0;0;1;-1;-1;4381.58;0.00;0.00;14.20;-13.24;KELLY_LITE;true;0.04;213205.77;0.0417;KELLY_LITE(mult=1.10 taper=1.00 n=20)+HARD_RISK_CAP(2.0%)+MAXLOSS_CAP;213217.89;213217.89;35;0
2026.08.12 02:03:52;XAUUSD;5;1786445830;CYCLE_RESET;oldState=WAIT_TRIGGER realizedPnL=12.12 peak=14.20 worst=-13.24 pyramid=1 consLosses=0;WAIT_TRIGGER;SAFE;0;0;1;-1;-1;4381.58;0.00;0.00;14.20;-13.24;KELLY_LITE;true;0.04;213205.77;0.0417;KELLY_LITE(mult=1.10 taper=1.00 n=20)+HARD_RISK_CAP(2.0%)+MAXLOSS_CAP;213217.89;213217.89;35;0
2026.08.12 02:08:52;XAUUSD;5;1786445831;PLACE_PENDING_START;cycle=1786445831 trend=1 consecLosses=0 preset=AGGRESSIVE;PLACE_PENDING;SAFE;0;0;0;-1;-1;0.00;0.00;0.00;0.00;0.00;KELLY_LITE;true;0.04;213205.77;0.0417;KELLY_LITE(mult=1.10 taper=1.00 n=20)+HARD_RISK_CAP(2.0%)+MAXLOSS_CAP;213217.89;213217.89;36;0
2026.08.12 02:08:52;XAUUSD;5;1786445831;DIR_OCO_PLACED;dir=BULL ticket=118830159 price=4387.43 sl=4372.43 tp=4409.93 lot=0.04 dist=1.72;PLACE_PENDING;SAFE;0;1;0;118830159;-1;0.00;0.00;0.00;0.00;0.00;KELLY_LITE;true;0.04;213217.89;0.0417;KELLY_LITE(mult=1.20 taper=1.00 n=20)+HARD_RISK_CAP(2.0%)+MAXLOSS_CAP;213217.89;213217.89;36;0
2026.08.12 02:08:52;XAUUSD;5;1786445831;DIR_OCO_COUNTER_PLACED;dir=BEAR(counter) ticket=118830162 price=4383.64 lot=0.03;PLACE_PENDING;SAFE;0;2;0;118830159;118830162;0.00;0.00;0.00;0.00;0.00;KELLY_LITE;true;0.04;213217.89;0.0417;KELLY_LITE(mult=1.20 taper=1.00 n=20)+HARD_RISK_CAP(2.0%)+MAXLOSS_CAP;213217.89;213217.89;36;0
2026.08.12 02:09:00;XAUUSD;5;1786445831;SELL_STOP_TRAILED;Old=4383.64 New=4384.07;WAIT_TRIGGER;SAFE;0;2;0;118830159;118830162;0.00;0.00;0.00;0.00;0.00;KELLY_LITE;true;0.04;213217.89;0.0417;KELLY_LITE(mult=1.20 taper=1.00 n=20)+HARD_RISK_CAP(2.0%)+MAXLOSS_CAP;213217.89;213217.89;36;0
2026.08.12 02:09:18;XAUUSD;5;1786445831;SELL_STOP_TRAILED;Old=4384.07 New=4384.44;WAIT_TRIGGER;SAFE;0;2;0;118830159;118830162;0.00;0.00;0.00;0.00;0.00;KELLY_LITE;true;0.04;213217.89;0.0417;KELLY_LITE(mult=1.20 taper=1.00 n=20)+HARD_RISK_CAP(2.0%)+MAXLOSS_CAP;213217.89;213217.89;36;0
2026.08.12 02:09:24;XAUUSD;5;1786445831;SELL_STOP_TRAILED;Old=4384.44 New=4384.76;WAIT_TRIGGER;SAFE;0;2;0;118830159;118830162;0.00;0.00;0.00;0.00;0.00;KELLY_LITE;true;0.04;213217.89;0.0417;KELLY_LITE(mult=1.20 taper=1.00 n=20)+HARD_RISK_CAP(2.0%)+MAXLOSS_CAP;213217.89;213217.89;36;0
2026.08.12 02:09:27;XAUUSD;5;1786445831;SELL_STOP_TRAILED;Old=4384.76 New=4385.10;WAIT_TRIGGER;SAFE;0;2;0;118830159;118830162;0.00;0.00;0.00;0.00;0.00;KELLY_LITE;true;0.04;213217.89;0.0417;KELLY_LITE(mult=1.20 taper=1.00 n=20)+HARD_RISK_CAP(2.0%)+MAXLOSS_CAP;213217.89;213217.89;36;0
2026.08.12 02:09:33;XAUUSD;5;1786445831;OCO_TRIGGERED_BUY;ticket=118830159 entry=4387.43;POSITION_ACTIVE;SAFE;1;1;0;-1;118830162;0.00;-1.24;-1.24;0.00;0.00;KELLY_LITE;true;0.04;213217.89;0.0417;KELLY_LITE(mult=1.20 taper=1.00 n=20)+HARD_RISK_CAP(2.0%)+MAXLOSS_CAP;213217.89;213216.65;36;0
2026.08.12 02:09:33;XAUUSD;5;1786445831;PENDING_DELETED;ticket=118830162 reason=oco_buy_triggered;POSITION_ACTIVE;SAFE;1;0;0;-1;118830162;0.00;-1.48;-1.48;0.00;0.00;KELLY_LITE;true;0.04;213217.89;0.0417;KELLY_LITE(mult=1.20 taper=1.00 n=20)+HARD_RISK_CAP(2.0%)+MAXLOSS_CAP;213217.89;213216.41;36;0
2026.08.12 02:09:34;XAUUSD;5;1786445831;HEDGE_PENDING_PLACED;dir=SELL_STOP ticket=118830327 price=4384.06 sl=4387.06 lot=0.05 mainEntry=4387.43 dist=3.00 confirmBars=1;POSITION_ACTIVE;SAFE;1;1;1;-1;-1;4387.43;-1.64;-1.64;0.00;-1.48;KELLY_LITE;true;0.04;213217.89;0.0417;KELLY_LITE(mult=1.20 taper=1.00 n=20)+HARD_RISK_CAP(2.0%)+MAXLOSS_CAP;213217.89;213216.25;36;0
2026.08.12 02:11:57;XAUUSD;5;1786445831;SL_MODIFIED;ticket=118830159 oldSL=4372.43 newSL=4388.97 reason=break_even_lock_leg_0;MANAGE_PROFIT;SAFE;1;1;1;-1;-1;4387.43;8.68;8.84;8.24;-5.88;KELLY_LITE;true;0.04;213217.89;0.0417;KELLY_LITE(mult=1.20 taper=1.00 n=20)+HARD_RISK_CAP(2.0%)+MAXLOSS_CAP;213217.89;213226.57;36;0
2026.08.12 02:11:57;XAUUSD;5;1786445831;PROFIT_RATCHET_LOCKED;floor=2.78 peak=8.24;MANAGE_PROFIT;SAFE;1;1;1;-1;-1;4387.43;8.68;8.84;8.24;-5.88;KELLY_LITE;true;0.04;213217.89;0.0417;KELLY_LITE(mult=1.20 taper=1.00 n=20)+HARD_RISK_CAP(2.0%)+MAXLOSS_CAP;213217.89;213226.57;36;0
2026.08.12 02:11:57;XAUUSD;5;1786445831;SL_MODIFIED;ticket=118830159 oldSL=4388.97 newSL=4389.06 reason=break_even_lock_leg_0 (retry buf=8pt);MANAGE_PROFIT;SAFE;1;1;1;-1;-1;4387.43;8.88;8.88;8.68;-5.88;KELLY_LITE;true;0.04;213217.89;0.0417;KELLY_LITE(mult=1.20 taper=1.00 n=20)+HARD_RISK_CAP(2.0%)+MAXLOSS_CAP;213217.89;213226.77;36;0
2026.08.12 02:11:57;XAUUSD;5;1786445831;PROFIT_RATCHET_LOCKED;floor=2.93 peak=8.68;MANAGE_PROFIT;SAFE;1;1;1;-1;-1;4387.43;8.88;8.88;8.68;-5.88;KELLY_LITE;true;0.04;213217.89;0.0417;KELLY_LITE(mult=1.20 taper=1.00 n=20)+HARD_RISK_CAP(2.0%)+MAXLOSS_CAP;213217.89;213226.77;36;0
2026.08.12 02:11:58;XAUUSD;5;1786445831;SL_MODIFY_FAILED;ticket=118830159 newSL=4389.13 reason=break_even_lock_leg_0 err=0;MANAGE_PROFIT;SAFE;1;1;1;-1;-1;4387.43;8.12;8.12;8.88;-5.88;KELLY_LITE;true;0.04;213217.89;0.0417;KELLY_LITE(mult=1.20 taper=1.00 n=20)+HARD_RISK_CAP(2.0%)+MAXLOSS_CAP;213217.89;213226.01;36;0
2026.08.12 02:11:58;XAUUSD;5;1786445831;PROFIT_RATCHET_LOCKED;floor=3.00 peak=8.88;MANAGE_PROFIT;SAFE;1;1;1;-1;-1;4387.43;8.12;8.12;8.88;-5.88;KELLY_LITE;true;0.04;213217.89;0.0417;KELLY_LITE(mult=1.20 taper=1.00 n=20)+HARD_RISK_CAP(2.0%)+MAXLOSS_CAP;213217.89;213226.01;36;0
2026.08.12 02:11:58;XAUUSD;5;1786445831;PROFIT_RATCHET_LOCKED;floor=3.00 peak=8.88;MANAGE_PROFIT;SAFE;1;1;1;-1;-1;4387.43;8.12;8.12;8.88;-5.88;KELLY_LITE;true;0.04;213217.89;0.0417;KELLY_LITE(mult=1.20 taper=1.00 n=20)+HARD_RISK_CAP(2.0%)+MAXLOSS_CAP;213217.89;213226.01;36;0
2026.08.12 02:11:58;XAUUSD;5;1786445831;PROFIT_RATCHET_LOCKED;floor=3.00 peak=8.88;MANAGE_PROFIT;SAFE;1;1;1;-1;-1;4387.43;8.68;8.68;8.88;-5.88;KELLY_LITE;true;0.04;213217.89;0.0417;KELLY_LITE(mult=1.20 taper=1.00 n=20)+HARD_RISK_CAP(2.0%)+MAXLOSS_CAP;213217.89;213226.57;36;0
2026.08.12 02:11:58;XAUUSD;5;1786445831;PROFIT_RATCHET_LOCKED;floor=3.00 peak=8.88;MANAGE_PROFIT;SAFE;1;1;1;-1;-1;4387.43;8.60;8.60;8.88;-5.88;KELLY_LITE;true;0.04;213217.89;0.0417;KELLY_LITE(mult=1.20 taper=1.00 n=20)+HARD_RISK_CAP(2.0%)+MAXLOSS_CAP;213217.89;213226.49;36;0
2026.08.12 02:11:58;XAUUSD;5;1786445831;PROFIT_RATCHET_LOCKED;floor=3.00 peak=8.88;MANAGE_PROFIT;SAFE;1;1;1;-1;-1;4387.43;8.68;8.68;8.88;-5.88;KELLY_LITE;true;0.04;213217.89;0.0417;KELLY_LITE(mult=1.20 taper=1.00 n=20)+HARD_RISK_CAP(2.0%)+MAXLOSS_CAP;213217.89;213226.57;36;0
2026.08.12 02:11:59;XAUUSD;5;1786445831;SL_MODIFIED;ticket=118830159 oldSL=4389.06 newSL=4389.20 reason=break_even_lock_leg_0;MANAGE_PROFIT;SAFE;1;1;1;-1;-1;4387.43;9.12;9.12;9.16;-5.88;KELLY_LITE;true;0.04;213217.89;0.0417;KELLY_LITE(mult=1.20 taper=1.00 n=20)+HARD_RISK_CAP(2.0%)+MAXLOSS_CAP;213217.89;213227.01;36;0
2026.08.12 02:11:59;XAUUSD;5;1786445831;PROFIT_RATCHET_LOCKED;floor=3.09 peak=9.16;MANAGE_PROFIT;SAFE;1;1;1;-1;-1;4387.43;9.12;9.12;9.16;-5.88;KELLY_LITE;true;0.04;213217.89;0.0417;KELLY_LITE(mult=1.20 taper=1.00 n=20)+HARD_RISK_CAP(2.0%)+MAXLOSS_CAP;213217.89;213227.01;36;0
2026.08.12 02:11:59;XAUUSD;5;1786445831;PROFIT_RATCHET_LOCKED;floor=3.09 peak=9.16;MANAGE_PROFIT;SAFE;1;1;1;-1;-1;4387.43;9.12;9.12;9.16;-5.88;KELLY_LITE;true;0.04;213217.89;0.0417;KELLY_LITE(mult=1.20 taper=1.00 n=20)+HARD_RISK_CAP(2.0%)+MAXLOSS_CAP;213217.89;213227.01;36;0
2026.08.12 02:11:59;XAUUSD;5;1786445831;PROFIT_RATCHET_LOCKED;floor=3.09 peak=9.16;MANAGE_PROFIT;SAFE;1;1;1;-1;-1;4387.43;9.08;9.08;9.16;-5.88;KELLY_LITE;true;0.04;213217.89;0.0417;KELLY_LITE(mult=1.20 taper=1.00 n=20)+HARD_RISK_CAP(2.0%)+MAXLOSS_CAP;213217.89;213226.97;36;0
2026.08.12 02:12:00;XAUUSD;5;1786445831;SL_MODIFIED;ticket=118830159 oldSL=4389.20 newSL=4389.37 reason=break_even_lock_leg_0;MANAGE_PROFIT;SAFE;1;1;1;-1;-1;4387.43;10.80;10.80;9.84;-5.88;KELLY_LITE;true;0.04;213217.89;0.0417;KELLY_LITE(mult=1.20 taper=1.00 n=20)+HARD_RISK_CAP(2.0%)+MAXLOSS_CAP;213217.89;213228.69;36;0
2026.08.12 02:12:00;XAUUSD;5;1786445831;PROFIT_RATCHET_LOCKED;floor=3.32 peak=9.84;MANAGE_PROFIT;SAFE;1;1;1;-1;-1;4387.43;10.80;10.80;9.84;-5.88;KELLY_LITE;true;0.04;213217.89;0.0417;KELLY_LITE(mult=1.20 taper=1.00 n=20)+HARD_RISK_CAP(2.0%)+MAXLOSS_CAP;213217.89;213228.69;36;0
2026.08.12 02:12:01;XAUUSD;5;1786445831;SL_MODIFIED;ticket=118830159 oldSL=4389.37 newSL=4389.61 reason=break_even_lock_leg_0;MANAGE_PROFIT;SAFE;1;1;1;-1;-1;4387.43;11.00;11.00;10.80;-5.88;KELLY_LITE;true;0.04;213217.89;0.0417;KELLY_LITE(mult=1.20 taper=1.00 n=20)+HARD_RISK_CAP(2.0%)+MAXLOSS_CAP;213217.89;213228.89;36;0
2026.08.12 02:12:01;XAUUSD;5;1786445831;PROFIT_RATCHET_LOCKED;floor=3.65 peak=10.80;MANAGE_PROFIT;SAFE;1;1;1;-1;-1;4387.43;11.00;11.00;10.80;-5.88;KELLY_LITE;true;0.04;213217.89;0.0417;KELLY_LITE(mult=1.20 taper=1.00 n=20)+HARD_RISK_CAP(2.0%)+MAXLOSS_CAP;213217.89;213228.89;36;0
2026.08.12 02:12:01;XAUUSD;5;1786445831;SL_MODIFIED;ticket=118830159 oldSL=4389.61 newSL=4389.66 reason=break_even_lock_leg_0;MANAGE_PROFIT;SAFE;1;1;1;-1;-1;4387.43;10.92;10.92;11.00;-5.88;KELLY_LITE;true;0.04;213217.89;0.0417;KELLY_LITE(mult=1.20 taper=1.00 n=20)+HARD_RISK_CAP(2.0%)+MAXLOSS_CAP;213217.89;213228.81;36;0
2026.08.12 02:12:01;XAUUSD;5;1786445831;PROFIT_RATCHET_LOCKED;floor=3.71 peak=11.00;MANAGE_PROFIT;SAFE;1;1;1;-1;-1;4387.43;10.92;10.92;11.00;-5.88;KELLY_LITE;true;0.04;213217.89;0.0417;KELLY_LITE(mult=1.20 taper=1.00 n=20)+HARD_RISK_CAP(2.0%)+MAXLOSS_CAP;213217.89;213228.81;36;0
2026.08.12 02:12:01;XAUUSD;5;1786445831;PROFIT_RATCHET_LOCKED;floor=3.71 peak=11.00;MANAGE_PROFIT;SAFE;1;1;1;-1;-1;4387.43;10.92;10.92;11.00;-5.88;KELLY_LITE;true;0.04;213217.89;0.0417;KELLY_LITE(mult=1.20 taper=1.00 n=20)+HARD_RISK_CAP(2.0%)+MAXLOSS_CAP;213217.89;213228.81;36;0
2026.08.12 02:12:02;XAUUSD;5;1786445831;PROFIT_RATCHET_LOCKED;floor=3.75 peak=11.12;MANAGE_PROFIT;SAFE;1;1;1;-1;-1;4387.43;10.84;10.84;11.12;-5.88;KELLY_LITE;true;0.04;213217.89;0.0417;KELLY_LITE(mult=1.20 taper=1.00 n=20)+HARD_RISK_CAP(2.0%)+MAXLOSS_CAP;213217.89;213228.73;36;0
2026.08.12 02:12:02;XAUUSD;5;1786445831;PROFIT_RATCHET_LOCKED;floor=3.75 peak=11.12;MANAGE_PROFIT;SAFE;1;1;1;-1;-1;4387.43;10.84;10.84;11.12;-5.88;KELLY_LITE;true;0.04;213217.89;0.0417;KELLY_LITE(mult=1.20 taper=1.00 n=20)+HARD_RISK_CAP(2.0%)+MAXLOSS_CAP;213217.89;213228.73;36;0
2026.08.12 02:12:02;XAUUSD;5;1786445831;SL_MODIFIED;ticket=118830159 oldSL=4389.66 newSL=4389.68 reason=break_even_lock_leg_0;MANAGE_PROFIT;SAFE;1;1;1;-1;-1;4387.43;11.04;11.04;11.12;-5.88;KELLY_LITE;true;0.04;213217.89;0.0417;KELLY_LITE(mult=1.20 taper=1.00 n=20)+HARD_RISK_CAP(2.0%)+MAXLOSS_CAP;213217.89;213228.93;36;0
2026.08.12 02:12:02;XAUUSD;5;1786445831;PROFIT_RATCHET_LOCKED;floor=3.75 peak=11.12;MANAGE_PROFIT;SAFE;1;1;1;-1;-1;4387.43;11.04;11.04;11.12;-5.88;KELLY_LITE;true;0.04;213217.89;0.0417;KELLY_LITE(mult=1.20 taper=1.00 n=20)+HARD_RISK_CAP(2.0%)+MAXLOSS_CAP;213217.89;213228.93;36;0
2026.08.12 02:12:02;XAUUSD;5;1786445831;PROFIT_RATCHET_LOCKED;floor=3.75 peak=11.12;MANAGE_PROFIT;SAFE;1;1;1;-1;-1;4387.43;11.04;11.04;11.12;-5.88;KELLY_LITE;true;0.04;213217.89;0.0417;KELLY_LITE(mult=1.20 taper=1.00 n=20)+HARD_RISK_CAP(2.0%)+MAXLOSS_CAP;213217.89;213228.93;36;0
2026.08.12 02:12:03;XAUUSD;5;1786445831;PROFIT_RATCHET_LOCKED;floor=3.77 peak=11.16;MANAGE_PROFIT;SAFE;1;1;1;-1;-1;4387.43;11.16;11.16;11.16;-5.88;KELLY_LITE;true;0.04;213217.89;0.0417;KELLY_LITE(mult=1.20 taper=1.00 n=20)+HARD_RISK_CAP(2.0%)+MAXLOSS_CAP;213217.89;213229.05;36;0
2026.08.12 02:12:04;XAUUSD;5;1786445831;SL_MODIFIED;ticket=118830159 oldSL=4389.68 newSL=4389.72 reason=break_even_lock_leg_0;MANAGE_PROFIT;SAFE;1;1;1;-1;-1;4387.43;11.20;11.20;11.24;-5.88;KELLY_LITE;true;0.04;213217.89;0.0417;KELLY_LITE(mult=1.20 taper=1.00 n=20)+HARD_RISK_CAP(2.0%)+MAXLOSS_CAP;213217.89;213229.09;36;0
2026.08.12 02:12:04;XAUUSD;5;1786445831;PROFIT_RATCHET_LOCKED;floor=3.79 peak=11.24;MANAGE_PROFIT;SAFE;1;1;1;-1;-1;4387.43;11.20;11.20;11.24;-5.88;KELLY_LITE;true;0.04;213217.89;0.0417;KELLY_LITE(mult=1.20 taper=1.00 n=20)+HARD_RISK_CAP(2.0%)+MAXLOSS_CAP;213217.89;213229.09;36;0
2026.08.12 02:12:04;XAUUSD;5;1786445831;PROFIT_RATCHET_LOCKED;floor=3.79 peak=11.24;MANAGE_PROFIT;SAFE;1;1;1;-1;-1;4387.43;11.20;11.20;11.24;-5.88;KELLY_LITE;true;0.04;213217.89;0.0417;KELLY_LITE(mult=1.20 taper=1.00 n=20)+HARD_RISK_CAP(2.0%)+MAXLOSS_CAP;213217.89;213229.09;36;0
2026.08.12 02:12:04;XAUUSD;5;1786445831;PROFIT_RATCHET_LOCKED;floor=3.82 peak=11.32;MANAGE_PROFIT;SAFE;1;1;1;-1;-1;4387.43;11.32;11.32;11.32;-5.88;KELLY_LITE;true;0.04;213217.89;0.0417;KELLY_LITE(mult=1.20 taper=1.00 n=20)+HARD_RISK_CAP(2.0%)+MAXLOSS_CAP;213217.89;213229.21;36;0
2026.08.12 02:12:05;XAUUSD;5;1786445831;SL_MODIFIED;ticket=118830159 oldSL=4389.72 newSL=4389.76 reason=break_even_lock_leg_0;MANAGE_PROFIT;SAFE;1;1;1;-1;-1;4387.43;10.00;10.00;11.40;-5.88;KELLY_LITE;true;0.04;213217.89;0.0417;KELLY_LITE(mult=1.20 taper=1.00 n=20)+HARD_RISK_CAP(2.0%)+MAXLOSS_CAP;213217.89;213227.89;37;0
2026.08.12 02:12:05;XAUUSD;5;1786445831;PROFIT_RATCHET_LOCKED;floor=3.85 peak=11.40;MANAGE_PROFIT;SAFE;1;1;1;-1;-1;4387.43;10.00;10.00;11.40;-5.88;KELLY_LITE;true;0.04;213217.89;0.0417;KELLY_LITE(mult=1.20 taper=1.00 n=20)+HARD_RISK_CAP(2.0%)+MAXLOSS_CAP;213217.89;213227.89;37;0
2026.08.12 02:12:05;XAUUSD;5;1786445831;PROFIT_RATCHET_LOCKED;floor=3.85 peak=11.40;MANAGE_PROFIT;SAFE;1;1;1;-1;-1;4387.43;10.00;10.00;11.40;-5.88;KELLY_LITE;true;0.04;213217.89;0.0417;KELLY_LITE(mult=1.20 taper=1.00 n=20)+HARD_RISK_CAP(2.0%)+MAXLOSS_CAP;213217.89;213227.89;37;0
2026.08.12 02:12:05;XAUUSD;5;1786445831;PROFIT_RATCHET_LOCKED;floor=3.85 peak=11.40;MANAGE_PROFIT;SAFE;1;1;1;-1;-1;4387.43;9.64;9.64;11.40;-5.88;KELLY_LITE;true;0.04;213217.89;0.0417;KELLY_LITE(mult=1.20 taper=1.00 n=20)+HARD_RISK_CAP(2.0%)+MAXLOSS_CAP;213217.89;213227.53;36;0
2026.08.12 02:12:05;XAUUSD;5;1786445831;PROFIT_RATCHET_LOCKED;floor=3.85 peak=11.40;MANAGE_PROFIT;SAFE;1;1;1;-1;-1;4387.43;9.72;9.72;11.40;-5.88;KELLY_LITE;true;0.04;213217.89;0.0417;KELLY_LITE(mult=1.20 taper=1.00 n=20)+HARD_RISK_CAP(2.0%)+MAXLOSS_CAP;213217.89;213227.61;36;0
2026.08.12 02:12:06;XAUUSD;5;1786445831;PROFIT_RATCHET_LOCKED;floor=3.85 peak=11.40;MANAGE_PROFIT;SAFE;1;1;1;-1;-1;4387.43;9.88;9.88;11.40;-5.88;KELLY_LITE;true;0.04;213217.89;0.0417;KELLY_LITE(mult=1.20 taper=1.00 n=20)+HARD_RISK_CAP(2.0%)+MAXLOSS_CAP;213217.89;213227.77;36;0
2026.08.12 02:12:06;XAUUSD;5;1786445831;PROFIT_RATCHET_LOCKED;floor=3.85 peak=11.40;MANAGE_PROFIT;SAFE;1;1;1;-1;-1;4387.43;9.84;9.84;11.40;-5.88;KELLY_LITE;true;0.04;213217.89;0.0417;KELLY_LITE(mult=1.20 taper=1.00 n=20)+HARD_RISK_CAP(2.0%)+MAXLOSS_CAP;213217.89;213227.73;36;0
2026.08.12 02:12:06;XAUUSD;5;1786445831;PROFIT_RATCHET_LOCKED;floor=3.85 peak=11.40;MANAGE_PROFIT;SAFE;1;1;1;-1;-1;4387.43;10.12;10.12;11.40;-5.88;KELLY_LITE;true;0.04;213217.89;0.0417;KELLY_LITE(mult=1.20 taper=1.00 n=20)+HARD_RISK_CAP(2.0%)+MAXLOSS_CAP;213217.89;213228.01;36;0
2026.08.12 02:12:06;XAUUSD;5;1786445831;PROFIT_RATCHET_LOCKED;floor=3.85 peak=11.40;MANAGE_PROFIT;SAFE;1;1;1;-1;-1;4387.43;10.12;10.12;11.40;-5.88;KELLY_LITE;true;0.04;213217.89;0.0417;KELLY_LITE(mult=1.20 taper=1.00 n=20)+HARD_RISK_CAP(2.0%)+MAXLOSS_CAP;213217.89;213228.01;33;0
2026.08.12 02:12:07;XAUUSD;5;1786445831;PROFIT_RATCHET_LOCKED;floor=3.85 peak=11.40;MANAGE_PROFIT;SAFE;1;1;1;-1;-1;4387.43;10.00;10.00;11.40;-5.88;KELLY_LITE;true;0.04;213217.89;0.0417;KELLY_LITE(mult=1.20 taper=1.00 n=20)+HARD_RISK_CAP(2.0%)+MAXLOSS_CAP;213217.89;213227.89;36;0
2026.08.12 02:12:07;XAUUSD;5;1786445831;PROFIT_RATCHET_LOCKED;floor=3.85 peak=11.40;MANAGE_PROFIT;SAFE;1;1;1;-1;-1;4387.43;10.16;10.16;11.40;-5.88;KELLY_LITE;true;0.04;213217.89;0.0417;KELLY_LITE(mult=1.20 taper=1.00 n=20)+HARD_RISK_CAP(2.0%)+MAXLOSS_CAP;213217.89;213228.05;36;0
2026.08.12 02:12:07;XAUUSD;5;1786445831;PROFIT_RATCHET_LOCKED;floor=3.85 peak=11.40;MANAGE_PROFIT;SAFE;1;1;1;-1;-1;4387.43;10.08;10.08;11.40;-5.88;KELLY_LITE;true;0.04;213217.89;0.0417;KELLY_LITE(mult=1.20 taper=1.00 n=20)+HARD_RISK_CAP(2.0%)+MAXLOSS_CAP;213217.89;213227.97;36;0
2026.08.12 02:12:07;XAUUSD;5;1786445831;PROFIT_RATCHET_LOCKED;floor=3.85 peak=11.40;MANAGE_PROFIT;SAFE;1;1;1;-1;-1;4387.43;10.20;10.20;11.40;-5.88;KELLY_LITE;true;0.04;213217.89;0.0417;KELLY_LITE(mult=1.20 taper=1.00 n=20)+HARD_RISK_CAP(2.0%)+MAXLOSS_CAP;213217.89;213228.09;36;0
2026.08.12 02:12:08;XAUUSD;5;1786445831;PROFIT_RATCHET_LOCKED;floor=3.85 peak=11.40;MANAGE_PROFIT;SAFE;1;1;1;-1;-1;4387.43;9.92;9.92;11.40;-5.88;KELLY_LITE;true;0.04;213217.89;0.0417;KELLY_LITE(mult=1.20 taper=1.00 n=20)+HARD_RISK_CAP(2.0%)+MAXLOSS_CAP;213217.89;213227.81;36;0
2026.08.12 02:12:08;XAUUSD;5;1786445831;PROFIT_RATCHET_LOCKED;floor=3.85 peak=11.40;MANAGE_PROFIT;SAFE;1;1;1;-1;-1;4387.43;9.64;9.64;11.40;-5.88;KELLY_LITE;true;0.04;213217.89;0.0417;KELLY_LITE(mult=1.20 taper=1.00 n=20)+HARD_RISK_CAP(2.0%)+MAXLOSS_CAP;213217.89;213227.53;36;0
2026.08.12 02:12:08;XAUUSD;5;1786445831;RECONCILED_BROKER_CLOSE;ticket=118830159 type=main pnl=9.32;MANAGE_PROFIT;SAFE;0;1;1;-1;-1;4387.43;0.00;0.00;11.40;-5.88;KELLY_LITE;true;0.04;213217.89;0.0417;KELLY_LITE(mult=1.20 taper=1.00 n=20)+HARD_RISK_CAP(2.0%)+MAXLOSS_CAP;213227.21;213227.21;36;0
2026.08.12 02:12:08;XAUUSD;5;1786445831;PENDING_DELETED;ticket=118830327 reason=main_gone_hedge_pending;WAIT_TRIGGER;SAFE;0;0;1;-1;-1;4387.43;0.00;0.00;11.40;-5.88;KELLY_LITE;true;0.04;213217.89;0.0417;KELLY_LITE(mult=1.20 taper=1.00 n=20)+HARD_RISK_CAP(2.0%)+MAXLOSS_CAP;213227.21;213227.21;33;0
2026.08.12 02:12:08;XAUUSD;5;1786445831;HEDGE_PENDING_CLEANUP;main_position_gone;WAIT_TRIGGER;SAFE;0;0;1;-1;-1;4387.43;0.00;0.00;11.40;-5.88;KELLY_LITE;true;0.04;213217.89;0.0417;KELLY_LITE(mult=1.20 taper=1.00 n=20)+HARD_RISK_CAP(2.0%)+MAXLOSS_CAP;213227.21;213227.21;33;0
2026.08.12 02:12:08;XAUUSD;5;1786445831;CYCLE_RESET;oldState=WAIT_TRIGGER realizedPnL=9.32 peak=11.40 worst=-5.88 pyramid=1 consLosses=0;WAIT_TRIGGER;SAFE;0;0;1;-1;-1;4387.43;0.00;0.00;11.40;-5.88;KELLY_LITE;true;0.04;213217.89;0.0417;KELLY_LITE(mult=1.20 taper=1.00 n=20)+HARD_RISK_CAP(2.0%)+MAXLOSS_CAP;213227.21;213227.21;33;0
2026.08.12 02:17:08;XAUUSD;5;1786445831;FILTER_BLOCK_RSI_BUY;RSI_BUY_BLOCK (rsi=72.0 max=70.0);BLOCKED;SAFE;0;0;0;-1;-1;0.00;0.00;0.00;0.00;0.00;KELLY_LITE;true;0.04;213217.89;0.0417;KELLY_LITE(mult=1.20 taper=1.00 n=20)+HARD_RISK_CAP(2.0%)+MAXLOSS_CAP;213227.21;213227.21;36;0
2026.08.12 02:22:08;XAUUSD;5;1786445831;FILTER_BLOCK_RSI_BUY;RSI_BUY_BLOCK (rsi=73.1 max=70.0);BLOCKED;SAFE;0;0;0;-1;-1;0.00;0.00;0.00;0.00;0.00;KELLY_LITE;true;0.04;213217.89;0.0417;KELLY_LITE(mult=1.20 taper=1.00 n=20)+HARD_RISK_CAP(2.0%)+MAXLOSS_CAP;213227.21;213227.21;37;0
2026.08.12 02:27:08;XAUUSD;5;1786445831;FILTER_BLOCK_RSI_BUY;RSI_BUY_BLOCK (rsi=71.6 max=70.0);BLOCKED;SAFE;0;0;0;-1;-1;0.00;0.00;0.00;0.00;0.00;KELLY_LITE;true;0.04;213217.89;0.0417;KELLY_LITE(mult=1.20 taper=1.00 n=20)+HARD_RISK_CAP(2.0%)+MAXLOSS_CAP;213227.21;213227.21;36;0
2026.08.12 02:32:08;XAUUSD;5;1786445831;FILTER_BLOCK_RSI_BUY;RSI_BUY_BLOCK (rsi=70.9 max=70.0);BLOCKED;SAFE;0;0;0;-1;-1;0.00;0.00;0.00;0.00;0.00;KELLY_LITE;true;0.04;213217.89;0.0417;KELLY_LITE(mult=1.20 taper=1.00 n=20)+HARD_RISK_CAP(2.0%)+MAXLOSS_CAP;213227.21;213227.21;36;0
2026.08.12 02:37:08;XAUUSD;5;1786445832;PLACE_PENDING_START;cycle=1786445832 trend=1 consecLosses=0 preset=AGGRESSIVE;PLACE_PENDING;SAFE;0;0;0;-1;-1;0.00;0.00;0.00;0.00;0.00;KELLY_LITE;true;0.04;213217.89;0.0417;KELLY_LITE(mult=1.20 taper=1.00 n=20)+HARD_RISK_CAP(2.0%)+MAXLOSS_CAP;213227.21;213227.21;36;0
2026.08.12 02:37:08;XAUUSD;5;1786445832;DIR_OCO_PLACED;dir=BULL ticket=118838269 price=4393.02 sl=4378.02 tp=4415.52 lot=0.04 dist=1.66;PLACE_PENDING;SAFE;0;1;0;118838269;-1;0.00;0.00;0.00;0.00;0.00;KELLY_LITE;true;0.04;213227.21;0.0417;KELLY_LITE(mult=1.20 taper=1.00 n=20)+HARD_RISK_CAP(2.0%)+MAXLOSS_CAP;213227.21;213227.21;36;0
2026.08.12 02:37:09;XAUUSD;5;1786445832;DIR_OCO_COUNTER_PLACED;dir=BEAR(counter) ticket=118838273 price=4389.08 lot=0.03;PLACE_PENDING;SAFE;0;2;0;118838269;118838273;0.00;0.00;0.00;0.00;0.00;KELLY_LITE;true;0.04;213227.21;0.0417;KELLY_LITE(mult=1.20 taper=1.00 n=20)+HARD_RISK_CAP(2.0%)+MAXLOSS_CAP;213227.21;213227.21;36;0
2026.08.12 02:37:09;XAUUSD;5;1786445832;BUY_STOP_TRAILED;Old=4393.02 New=4392.53;WAIT_TRIGGER;SAFE;0;2;0;118838269;118838273;0.00;0.00;0.00;0.00;0.00;KELLY_LITE;true;0.04;213227.21;0.0417;KELLY_LITE(mult=1.20 taper=1.00 n=20)+HARD_RISK_CAP(2.0%)+MAXLOSS_CAP;213227.21;213227.21;36;0
2026.08.12 02:37:13;XAUUSD;5;1786445832;BUY_STOP_TRAILED;Old=4392.53 New=4392.22;WAIT_TRIGGER;SAFE;0;2;0;118838269;118838273;0.00;0.00;0.00;0.00;0.00;KELLY_LITE;true;0.04;213227.21;0.0417;KELLY_LITE(mult=1.20 taper=1.00 n=20)+HARD_RISK_CAP(2.0%)+MAXLOSS_CAP;213227.21;213227.21;36;0
2026.08.12 02:37:14;XAUUSD;5;1786445832;BUY_STOP_TRAILED;Old=4392.22 New=4391.80;WAIT_TRIGGER;SAFE;0;2;0;118838269;118838273;0.00;0.00;0.00;0.00;0.00;KELLY_LITE;true;0.04;213227.21;0.0417;KELLY_LITE(mult=1.20 taper=1.00 n=20)+HARD_RISK_CAP(2.0%)+MAXLOSS_CAP;213227.21;213227.21;36;0
2026.08.12 02:37:17;XAUUSD;5;1786445832;BUY_STOP_TRAILED;Old=4391.80 New=4391.39;WAIT_TRIGGER;SAFE;0;2;0;118838269;118838273;0.00;0.00;0.00;0.00;0.00;KELLY_LITE;true;0.04;213227.21;0.0417;KELLY_LITE(mult=1.20 taper=1.00 n=20)+HARD_RISK_CAP(2.0%)+MAXLOSS_CAP;213227.21;213227.21;36;0
2026.08.12 02:37:32;XAUUSD;5;1786445832;OCO_TRIGGERED_SELL;ticket=118838273 entry=4389.08;POSITION_ACTIVE;SAFE;1;1;0;118838269;-1;0.00;-1.02;-1.02;0.00;0.00;KELLY_LITE;true;0.04;213227.21;0.0417;KELLY_LITE(mult=1.20 taper=1.00 n=20)+HARD_RISK_CAP(2.0%)+MAXLOSS_CAP;213227.21;213226.19;36;0
2026.08.12 02:37:32;XAUUSD;5;1786445832;PENDING_DELETED;ticket=118838269 reason=oco_sell_triggered;POSITION_ACTIVE;SAFE;1;0;0;118838269;-1;0.00;-1.02;-1.02;0.00;0.00;KELLY_LITE;true;0.04;213227.21;0.0417;KELLY_LITE(mult=1.20 taper=1.00 n=20)+HARD_RISK_CAP(2.0%)+MAXLOSS_CAP;213227.21;213226.19;36;0
2026.08.12 02:37:32;XAUUSD;5;1786445832;HEDGE_BLOCK_CONFIRM;need=1 adverse bars;POSITION_ACTIVE;SAFE;1;0;1;-1;-1;4389.08;-1.02;-1.02;0.00;-1.02;KELLY_LITE;true;0.04;213227.21;0.0417;KELLY_LITE(mult=1.20 taper=1.00 n=20)+HARD_RISK_CAP(2.0%)+MAXLOSS_CAP;213227.21;213226.19;36;0
2026.08.12 02:38:02;XAUUSD;5;1786445832;HEDGE_BLOCK_CONFIRM;need=1 adverse bars;MANAGE_PROFIT;SAFE;1;0;1;-1;-1;4389.08;6.84;6.84;6.96;-1.65;KELLY_LITE;true;0.04;213227.21;0.0417;KELLY_LITE(mult=1.20 taper=1.00 n=20)+HARD_RISK_CAP(2.0%)+MAXLOSS_CAP;213227.21;213234.05;33;0
2026.08.12 02:38:18;XAUUSD;5;1786445832;SL_MODIFIED;ticket=118838273 oldSL=4404.08 newSL=4386.92 reason=break_even_lock_leg_0;MANAGE_PROFIT;SAFE;1;0;1;-1;-1;4389.08;8.01;8.01;8.04;-1.65;KELLY_LITE;true;0.04;213227.21;0.0417;KELLY_LITE(mult=1.20 taper=1.00 n=20)+HARD_RISK_CAP(2.0%)+MAXLOSS_CAP;213227.21;213235.22;36;0
2026.08.12 02:38:18;XAUUSD;5;1786445832;PROFIT_RATCHET_LOCKED;floor=3.42 peak=8.04;MANAGE_PROFIT;SAFE;1;0;1;-1;-1;4389.08;8.01;8.01;8.04;-1.65;KELLY_LITE;true;0.04;213227.21;0.0417;KELLY_LITE(mult=1.20 taper=1.00 n=20)+HARD_RISK_CAP(2.0%)+MAXLOSS_CAP;213227.21;213235.22;36;0
2026.08.12 02:38:18;XAUUSD;5;1786445832;PROFIT_RATCHET_LOCKED;floor=3.42 peak=8.04;MANAGE_PROFIT;SAFE;1;0;1;-1;-1;4389.08;8.01;8.01;8.04;-1.65;KELLY_LITE;true;0.04;213227.21;0.0417;KELLY_LITE(mult=1.20 taper=1.00 n=20)+HARD_RISK_CAP(2.0%)+MAXLOSS_CAP;213227.21;213235.22;36;0
2026.08.12 02:38:19;XAUUSD;5;1786445832;PROFIT_RATCHET_LOCKED;floor=3.42 peak=8.04;MANAGE_PROFIT;SAFE;1;0;1;-1;-1;4389.08;8.04;8.04;8.04;-1.65;KELLY_LITE;true;0.04;213227.21;0.0417;KELLY_LITE(mult=1.20 taper=1.00 n=20)+HARD_RISK_CAP(2.0%)+MAXLOSS_CAP;213227.21;213235.25;36;0
2026.08.12 02:38:19;XAUUSD;5;1786445832;PROFIT_RATCHET_LOCKED;floor=3.43 peak=8.07;MANAGE_PROFIT;SAFE;1;0;1;-1;-1;4389.08;8.07;8.07;8.07;-1.65;KELLY_LITE;true;0.04;213227.21;0.0417;KELLY_LITE(mult=1.20 taper=1.00 n=20)+HARD_RISK_CAP(2.0%)+MAXLOSS_CAP;213227.21;213235.28;36;0
2026.08.12 02:38:19;XAUUSD;5;1786445832;PROFIT_RATCHET_LOCKED;floor=3.43 peak=8.07;MANAGE_PROFIT;SAFE;1;0;1;-1;-1;4389.08;8.04;8.04;8.07;-1.65;KELLY_LITE;true;0.04;213227.21;0.0417;KELLY_LITE(mult=1.20 taper=1.00 n=20)+HARD_RISK_CAP(2.0%)+MAXLOSS_CAP;213227.21;213235.25;36;0
2026.08.12 02:38:20;XAUUSD;5;1786445832;PROFIT_RATCHET_LOCKED;floor=3.43 peak=8.07;MANAGE_PROFIT;SAFE;1;0;1;-1;-1;4389.08;7.98;7.98;8.07;-1.65;KELLY_LITE;true;0.04;213227.21;0.0417;KELLY_LITE(mult=1.20 taper=1.00 n=20)+HARD_RISK_CAP(2.0%)+MAXLOSS_CAP;213227.21;213235.19;36;0
2026.08.12 02:38:20;XAUUSD;5;1786445832;PROFIT_RATCHET_LOCKED;floor=3.43 peak=8.07;MANAGE_PROFIT;SAFE;1;0;1;-1;-1;4389.08;7.95;7.95;8.07;-1.65;KELLY_LITE;true;0.04;213227.21;0.0417;KELLY_LITE(mult=1.20 taper=1.00 n=20)+HARD_RISK_CAP(2.0%)+MAXLOSS_CAP;213227.21;213235.16;36;0
2026.08.12 02:38:20;XAUUSD;5;1786445832;PROFIT_RATCHET_LOCKED;floor=3.43 peak=8.07;MANAGE_PROFIT;SAFE;1;0;1;-1;-1;4389.08;7.92;7.92;8.07;-1.65;KELLY_LITE;true;0.04;213227.21;0.0417;KELLY_LITE(mult=1.20 taper=1.00 n=20)+HARD_RISK_CAP(2.0%)+MAXLOSS_CAP;213227.21;213235.13;36;0
2026.08.12 02:38:21;XAUUSD;5;1786445832;PROFIT_RATCHET_LOCKED;floor=3.43 peak=8.07;MANAGE_PROFIT;SAFE;1;0;1;-1;-1;4389.08;7.95;7.95;8.07;-1.65;KELLY_LITE;true;0.04;213227.21;0.0417;KELLY_LITE(mult=1.20 taper=1.00 n=20)+HARD_RISK_CAP(2.0%)+MAXLOSS_CAP;213227.21;213235.16;36;0
2026.08.12 02:38:21;XAUUSD;5;1786445832;PROFIT_RATCHET_LOCKED;floor=3.43 peak=8.07;MANAGE_PROFIT;SAFE;1;0;1;-1;-1;4389.08;7.98;7.98;8.07;-1.65;KELLY_LITE;true;0.04;213227.21;0.0417;KELLY_LITE(mult=1.20 taper=1.00 n=20)+HARD_RISK_CAP(2.0%)+MAXLOSS_CAP;213227.21;213235.19;36;0
2026.08.12 02:38:22;XAUUSD;5;1786445832;SL_MODIFIED;ticket=118838273 oldSL=4386.92 newSL=4386.83 reason=break_even_lock_leg_0;MANAGE_PROFIT;SAFE;1;0;1;-1;-1;4389.08;8.46;8.46;8.31;-1.65;KELLY_LITE;true;0.04;213227.21;0.0417;KELLY_LITE(mult=1.20 taper=1.00 n=20)+HARD_RISK_CAP(2.0%)+MAXLOSS_CAP;213227.21;213235.67;36;0
2026.08.12 02:38:22;XAUUSD;5;1786445832;PROFIT_RATCHET_LOCKED;floor=3.53 peak=8.31;MANAGE_PROFIT;SAFE;1;0;1;-1;-1;4389.08;8.46;8.46;8.31;-1.65;KELLY_LITE;true;0.04;213227.21;0.0417;KELLY_LITE(mult=1.20 taper=1.00 n=20)+HARD_RISK_CAP(2.0%)+MAXLOSS_CAP;213227.21;213235.67;36;0
2026.08.12 02:38:23;XAUUSD;5;1786445832;SL_MODIFIED;ticket=118838273 oldSL=4386.83 newSL=4386.78 reason=break_even_lock_leg_0;MANAGE_PROFIT;SAFE;1;0;1;-1;-1;4389.08;8.55;8.55;8.46;-1.65;KELLY_LITE;true;0.04;213227.21;0.0417;KELLY_LITE(mult=1.20 taper=1.00 n=20)+HARD_RISK_CAP(2.0%)+MAXLOSS_CAP;213227.21;213235.76;36;0
2026.08.12 02:38:23;XAUUSD;5;1786445832;PROFIT_RATCHET_LOCKED;floor=3.60 peak=8.46;MANAGE_PROFIT;SAFE;1;0;1;-1;-1;4389.08;8.55;8.55;8.46;-1.65;KELLY_LITE;true;0.04;213227.21;0.0417;KELLY_LITE(mult=1.20 taper=1.00 n=20)+HARD_RISK_CAP(2.0%)+MAXLOSS_CAP;213227.21;213235.76;36;0
2026.08.12 02:38:23;XAUUSD;5;1786445832;SL_MODIFIED;ticket=118838273 oldSL=4386.78 newSL=4386.75 reason=break_even_lock_leg_0;MANAGE_PROFIT;SAFE;1;0;1;-1;-1;4389.08;8.49;8.49;8.55;-1.65;KELLY_LITE;true;0.04;213227.21;0.0417;KELLY_LITE(mult=1.20 taper=1.00 n=20)+HARD_RISK_CAP(2.0%)+MAXLOSS_CAP;213227.21;213235.70;36;0
2026.08.12 02:38:23;XAUUSD;5;1786445832;PROFIT_RATCHET_LOCKED;floor=3.63 peak=8.55;MANAGE_PROFIT;SAFE;1;0;1;-1;-1;4389.08;8.49;8.49;8.55;-1.65;KELLY_LITE;true;0.04;213227.21;0.0417;KELLY_LITE(mult=1.20 taper=1.00 n=20)+HARD_RISK_CAP(2.0%)+MAXLOSS_CAP;213227.21;213235.70;36;0
2026.08.12 02:38:23;XAUUSD;5;1786445832;PROFIT_RATCHET_LOCKED;floor=3.63 peak=8.55;MANAGE_PROFIT;SAFE;1;0;1;-1;-1;4389.08;8.49;8.49;8.55;-1.65;KELLY_LITE;true;0.04;213227.21;0.0417;KELLY_LITE(mult=1.20 taper=1.00 n=20)+HARD_RISK_CAP(2.0%)+MAXLOSS_CAP;213227.21;213235.70;36;0
2026.08.12 02:38:24;XAUUSD;5;1786445832;PROFIT_RATCHET_LOCKED;floor=3.63 peak=8.55;MANAGE_PROFIT;SAFE;1;0;1;-1;-1;4389.08;8.10;8.10;8.55;-1.65;KELLY_LITE;true;0.04;213227.21;0.0417;KELLY_LITE(mult=1.20 taper=1.00 n=20)+HARD_RISK_CAP(2.0%)+MAXLOSS_CAP;213227.21;213235.31;36;0
2026.08.12 02:38:24;XAUUSD;5;1786445832;PROFIT_RATCHET_LOCKED;floor=3.63 peak=8.55;MANAGE_PROFIT;SAFE;1;0;1;-1;-1;4389.08;8.13;8.13;8.55;-1.65;KELLY_LITE;true;0.04;213227.21;0.0417;KELLY_LITE(mult=1.20 taper=1.00 n=20)+HARD_RISK_CAP(2.0%)+MAXLOSS_CAP;213227.21;213235.34;36;0
2026.08.12 02:38:24;XAUUSD;5;1786445832;PROFIT_RATCHET_LOCKED;floor=3.63 peak=8.55;MANAGE_PROFIT;SAFE;1;0;1;-1;-1;4389.08;8.10;8.10;8.55;-1.65;KELLY_LITE;true;0.04;213227.21;0.0417;KELLY_LITE(mult=1.20 taper=1.00 n=20)+HARD_RISK_CAP(2.0%)+MAXLOSS_CAP;213227.21;213235.31;36;0
2026.08.12 02:38:24;XAUUSD;5;1786445832;PROFIT_RATCHET_LOCKED;floor=3.63 peak=8.55;MANAGE_PROFIT;SAFE;1;0;1;-1;-1;4389.08;8.07;8.07;8.55;-1.65;KELLY_LITE;true;0.04;213227.21;0.0417;KELLY_LITE(mult=1.20 taper=1.00 n=20)+HARD_RISK_CAP(2.0%)+MAXLOSS_CAP;213227.21;213235.28;36;0
2026.08.12 02:38:25;XAUUSD;5;1786445832;PROFIT_RATCHET_LOCKED;floor=3.63 peak=8.55;MANAGE_PROFIT;SAFE;1;0;1;-1;-1;4389.08;8.01;8.01;8.55;-1.65;KELLY_LITE;true;0.04;213227.21;0.0417;KELLY_LITE(mult=1.20 taper=1.00 n=20)+HARD_RISK_CAP(2.0%)+MAXLOSS_CAP;213227.21;213235.22;36;0
2026.08.12 02:38:25;XAUUSD;5;1786445832;PROFIT_RATCHET_LOCKED;floor=3.63 peak=8.55;MANAGE_PROFIT;SAFE;1;0;1;-1;-1;4389.08;7.98;7.98;8.55;-1.65;KELLY_LITE;true;0.04;213227.21;0.0417;KELLY_LITE(mult=1.20 taper=1.00 n=20)+HARD_RISK_CAP(2.0%)+MAXLOSS_CAP;213227.21;213235.19;36;0
2026.08.12 02:38:25;XAUUSD;5;1786445832;PROFIT_RATCHET_LOCKED;floor=3.63 peak=8.55;MANAGE_PROFIT;SAFE;1;0;1;-1;-1;4389.08;7.95;7.95;8.55;-1.65;KELLY_LITE;true;0.04;213227.21;0.0417;KELLY_LITE(mult=1.20 taper=1.00 n=20)+HARD_RISK_CAP(2.0%)+MAXLOSS_CAP;213227.21;213235.16;36;0
2026.08.12 02:38:25;XAUUSD;5;1786445832;PROFIT_RATCHET_LOCKED;floor=3.63 peak=8.55;MANAGE_PROFIT;SAFE;1;0;1;-1;-1;4389.08;7.92;7.92;8.55;-1.65;KELLY_LITE;true;0.04;213227.21;0.0417;KELLY_LITE(mult=1.20 taper=1.00 n=20)+HARD_RISK_CAP(2.0%)+MAXLOSS_CAP;213227.21;213235.13;36;0
2026.08.12 02:38:26;XAUUSD;5;1786445832;PROFIT_RATCHET_LOCKED;floor=3.63 peak=8.55;MANAGE_PROFIT;SAFE;1;0;1;-1;-1;4389.08;7.95;7.95;8.55;-1.65;KELLY_LITE;true;0.04;213227.21;0.0417;KELLY_LITE(mult=1.20 taper=1.00 n=20)+HARD_RISK_CAP(2.0%)+MAXLOSS_CAP;213227.21;213235.16;36;0
2026.08.12 02:38:26;XAUUSD;5;1786445832;PROFIT_RATCHET_LOCKED;floor=3.63 peak=8.55;MANAGE_PROFIT;SAFE;1;0;1;-1;-1;4389.08;8.13;8.13;8.55;-1.65;KELLY_LITE;true;0.04;213227.21;0.0417;KELLY_LITE(mult=1.20 taper=1.00 n=20)+HARD_RISK_CAP(2.0%)+MAXLOSS_CAP;213227.21;213235.34;36;0
2026.08.12 02:38:27;XAUUSD;5;1786445832;PROFIT_RATCHET_LOCKED;floor=3.63 peak=8.55;MANAGE_PROFIT;SAFE;1;0;1;-1;-1;4389.08;8.19;8.19;8.55;-1.65;KELLY_LITE;true;0.04;213227.21;0.0417;KELLY_LITE(mult=1.20 taper=1.00 n=20)+HARD_RISK_CAP(2.0%)+MAXLOSS_CAP;213227.21;213235.40;36;0
2026.08.12 02:38:27;XAUUSD;5;1786445832;PROFIT_RATCHET_LOCKED;floor=3.63 peak=8.55;MANAGE_PROFIT;SAFE;1;0;1;-1;-1;4389.08;8.04;8.04;8.55;-1.65;KELLY_LITE;true;0.04;213227.21;0.0417;KELLY_LITE(mult=1.20 taper=1.00 n=20)+HARD_RISK_CAP(2.0%)+MAXLOSS_CAP;213227.21;213235.25;36;0
2026.08.12 02:38:27;XAUUSD;5;1786445832;PROFIT_RATCHET_LOCKED;floor=3.63 peak=8.55;MANAGE_PROFIT;SAFE;1;0;1;-1;-1;4389.08;8.10;8.10;8.55;-1.65;KELLY_LITE;true;0.04;213227.21;0.0417;KELLY_LITE(mult=1.20 taper=1.00 n=20)+HARD_RISK_CAP(2.0%)+MAXLOSS_CAP;213227.21;213235.31;36;0
2026.08.12 02:38:28;XAUUSD;5;1786445832;PROFIT_RATCHET_LOCKED;floor=3.63 peak=8.55;MANAGE_PROFIT;SAFE;1;0;1;-1;-1;4389.08;8.49;8.49;8.55;-1.65;KELLY_LITE;true;0.04;213227.21;0.0417;KELLY_LITE(mult=1.20 taper=1.00 n=20)+HARD_RISK_CAP(2.0%)+MAXLOSS_CAP;213227.21;213235.70;36;0
2026.08.12 02:38:28;XAUUSD;5;1786445832;PROFIT_RATCHET_LOCKED;floor=3.63 peak=8.55;MANAGE_PROFIT;SAFE;1;0;1;-1;-1;4389.08;8.37;8.37;8.55;-1.65;KELLY_LITE;true;0.04;213227.21;0.0417;KELLY_LITE(mult=1.20 taper=1.00 n=20)+HARD_RISK_CAP(2.0%)+MAXLOSS_CAP;213227.21;213235.58;36;0
2026.08.12 02:38:28;XAUUSD;5;1786445832;PROFIT_RATCHET_LOCKED;floor=3.63 peak=8.55;MANAGE_PROFIT;SAFE;1;0;1;-1;-1;4389.08;8.34;8.34;8.55;-1.65;KELLY_LITE;true;0.04;213227.21;0.0417;KELLY_LITE(mult=1.20 taper=1.00 n=20)+HARD_RISK_CAP(2.0%)+MAXLOSS_CAP;213227.21;213235.55;36;0
2026.08.12 02:38:29;XAUUSD;5;1786445832;PROFIT_RATCHET_LOCKED;floor=3.63 peak=8.55;MANAGE_PROFIT;SAFE;1;0;1;-1;-1;4389.08;8.37;8.37;8.55;-1.65;KELLY_LITE;true;0.04;213227.21;0.0417;KELLY_LITE(mult=1.20 taper=1.00 n=20)+HARD_RISK_CAP(2.0%)+MAXLOSS_CAP;213227.21;213235.58;36;0
2026.08.12 02:38:29;XAUUSD;5;1786445832;PROFIT_RATCHET_LOCKED;floor=3.63 peak=8.55;MANAGE_PROFIT;SAFE;1;0;1;-1;-1;4389.08;8.13;8.13;8.55;-1.65;KELLY_LITE;true;0.04;213227.21;0.0417;KELLY_LITE(mult=1.20 taper=1.00 n=20)+HARD_RISK_CAP(2.0%)+MAXLOSS_CAP;213227.21;213235.34;36;0
2026.08.12 02:38:30;XAUUSD;5;1786445832;PROFIT_RATCHET_LOCKED;floor=3.63 peak=8.55;MANAGE_PROFIT;SAFE;1;0;1;-1;-1;4389.08;8.22;8.22;8.55;-1.65;KELLY_LITE;true;0.04;213227.21;0.0417;KELLY_LITE(mult=1.20 taper=1.00 n=20)+HARD_RISK_CAP(2.0%)+MAXLOSS_CAP;213227.21;213235.43;36;0
2026.08.12 02:38:30;XAUUSD;5;1786445832;PROFIT_RATCHET_LOCKED;floor=3.63 peak=8.55;MANAGE_PROFIT;SAFE;1;0;1;-1;-1;4389.08;8.46;8.46;8.55;-1.65;KELLY_LITE;true;0.04;213227.21;0.0417;KELLY_LITE(mult=1.20 taper=1.00 n=20)+HARD_RISK_CAP(2.0%)+MAXLOSS_CAP;213227.21;213235.67;36;0
2026.08.12 02:38:30;XAUUSD;5;1786445832;PROFIT_RATCHET_LOCKED;floor=3.63 peak=8.55;MANAGE_PROFIT;SAFE;1;0;1;-1;-1;4389.08;8.28;8.28;8.55;-1.65;KELLY_LITE;true;0.04;213227.21;0.0417;KELLY_LITE(mult=1.20 taper=1.00 n=20)+HARD_RISK_CAP(2.0%)+MAXLOSS_CAP;213227.21;213235.49;36;0
2026.08.12 02:38:30;XAUUSD;5;1786445832;PROFIT_RATCHET_LOCKED;floor=3.63 peak=8.55;MANAGE_PROFIT;SAFE;1;0;1;-1;-1;4389.08;8.22;8.22;8.55;-1.65;KELLY_LITE;true;0.04;213227.21;0.0417;KELLY_LITE(mult=1.20 taper=1.00 n=20)+HARD_RISK_CAP(2.0%)+MAXLOSS_CAP;213227.21;213235.43;36;0
2026.08.12 02:38:30;XAUUSD;5;1786445832;PROFIT_RATCHET_LOCKED;floor=3.63 peak=8.55;MANAGE_PROFIT;SAFE;1;0;1;-1;-1;4389.08;8.07;8.07;8.55;-1.65;KELLY_LITE;true;0.04;213227.21;0.0417;KELLY_LITE(mult=1.20 taper=1.00 n=20)+HARD_RISK_CAP(2.0%)+MAXLOSS_CAP;213227.21;213235.28;36;0
2026.08.12 02:38:31;XAUUSD;5;1786445832;PROFIT_RATCHET_LOCKED;floor=3.63 peak=8.55;MANAGE_PROFIT;SAFE;1;0;1;-1;-1;4389.08;8.22;8.22;8.55;-1.65;KELLY_LITE;true;0.04;213227.21;0.0417;KELLY_LITE(mult=1.20 taper=1.00 n=20)+HARD_RISK_CAP(2.0%)+MAXLOSS_CAP;213227.21;213235.43;36;0
2026.08.12 02:38:31;XAUUSD;5;1786445832;PROFIT_RATCHET_LOCKED;floor=3.63 peak=8.55;MANAGE_PROFIT;SAFE;1;0;1;-1;-1;4389.08;8.49;8.49;8.55;-1.65;KELLY_LITE;true;0.04;213227.21;0.0417;KELLY_LITE(mult=1.20 taper=1.00 n=20)+HARD_RISK_CAP(2.0%)+MAXLOSS_CAP;213227.21;213235.70;36;0
2026.08.12 02:38:31;XAUUSD;5;1786445832;PROFIT_RATCHET_LOCKED;floor=3.63 peak=8.55;MANAGE_PROFIT;SAFE;1;0;1;-1;-1;4389.08;8.46;8.46;8.55;-1.65;KELLY_LITE;true;0.04;213227.21;0.0417;KELLY_LITE(mult=1.20 taper=1.00 n=20)+HARD_RISK_CAP(2.0%)+MAXLOSS_CAP;213227.21;213235.67;36;0
2026.08.12 02:38:32;XAUUSD;5;1786445832;HEDGE_BLOCK_CONFIRM;need=1 adverse bars;MANAGE_PROFIT;SAFE;1;0;1;-1;-1;4389.08;8.10;8.10;8.55;-1.65;KELLY_LITE;true;0.04;213227.21;0.0417;KELLY_LITE(mult=1.20 taper=1.00 n=20)+HARD_RISK_CAP(2.0%)+MAXLOSS_CAP;213227.21;213235.31;36;0
2026.08.12 02:38:32;XAUUSD;5;1786445832;PROFIT_RATCHET_LOCKED;floor=3.63 peak=8.55;MANAGE_PROFIT;SAFE;1;0;1;-1;-1;4389.08;8.10;8.10;8.55;-1.65;KELLY_LITE;true;0.04;213227.21;0.0417;KELLY_LITE(mult=1.20 taper=1.00 n=20)+HARD_RISK_CAP(2.0%)+MAXLOSS_CAP;213227.21;213235.31;36;0
2026.08.12 02:38:32;XAUUSD;5;1786445832;PROFIT_RATCHET_LOCKED;floor=3.63 peak=8.55;MANAGE_PROFIT;SAFE;1;0;1;-1;-1;4389.08;8.34;8.34;8.55;-1.65;KELLY_LITE;true;0.04;213227.21;0.0417;KELLY_LITE(mult=1.20 taper=1.00 n=20)+HARD_RISK_CAP(2.0%)+MAXLOSS_CAP;213227.21;213235.55;36;0
2026.08.12 02:38:32;XAUUSD;5;1786445832;PROFIT_RATCHET_LOCKED;floor=3.63 peak=8.55;MANAGE_PROFIT;SAFE;1;0;1;-1;-1;4389.08;8.31;8.31;8.55;-1.65;KELLY_LITE;true;0.04;213227.21;0.0417;KELLY_LITE(mult=1.20 taper=1.00 n=20)+HARD_RISK_CAP(2.0%)+MAXLOSS_CAP;213227.21;213235.52;36;0
2026.08.12 02:38:33;XAUUSD;5;1786445832;PROFIT_RATCHET_LOCKED;floor=3.63 peak=8.55;MANAGE_PROFIT;SAFE;1;0;1;-1;-1;4389.08;8.46;8.46;8.55;-1.65;KELLY_LITE;true;0.04;213227.21;0.0417;KELLY_LITE(mult=1.20 taper=1.00 n=20)+HARD_RISK_CAP(2.0%)+MAXLOSS_CAP;213227.21;213235.67;36;0
2026.08.12 02:38:33;XAUUSD;5;1786445832;PROFIT_RATCHET_LOCKED;floor=3.63 peak=8.55;MANAGE_PROFIT;SAFE;1;0;1;-1;-1;4389.08;8.43;8.43;8.55;-1.65;KELLY_LITE;true;0.04;213227.21;0.0417;KELLY_LITE(mult=1.20 taper=1.00 n=20)+HARD_RISK_CAP(2.0%)+MAXLOSS_CAP;213227.21;213235.64;36;0
2026.08.12 02:38:33;XAUUSD;5;1786445832;PROFIT_RATCHET_LOCKED;floor=3.63 peak=8.55;MANAGE_PROFIT;SAFE;1;0;1;-1;-1;4389.08;8.49;8.49;8.55;-1.65;KELLY_LITE;true;0.04;213227.21;0.0417;KELLY_LITE(mult=1.20 taper=1.00 n=20)+HARD_RISK_CAP(2.0%)+MAXLOSS_CAP;213227.21;213235.70;36;0
2026.08.12 02:38:33;XAUUSD;5;1786445832;PROFIT_RATCHET_LOCKED;floor=3.65 peak=8.58;MANAGE_PROFIT;SAFE;1;0;1;-1;-1;4389.08;8.58;8.58;8.58;-1.65;KELLY_LITE;true;0.04;213227.21;0.0417;KELLY_LITE(mult=1.20 taper=1.00 n=20)+HARD_RISK_CAP(2.0%)+MAXLOSS_CAP;213227.21;213235.79;36;0
2026.08.12 02:38:34;XAUUSD;5;1786445832;SL_MODIFIED;ticket=118838273 oldSL=4386.75 newSL=4386.73 reason=break_even_lock_leg_0;MANAGE_PROFIT;SAFE;1;0;1;-1;-1;4389.08;8.61;8.61;8.61;-1.65;KELLY_LITE;true;0.04;213227.21;0.0417;KELLY_LITE(mult=1.20 taper=1.00 n=20)+HARD_RISK_CAP(2.0%)+MAXLOSS_CAP;213227.21;213235.82;36;0
2026.08.12 02:38:34;XAUUSD;5;1786445832;PROFIT_RATCHET_LOCKED;floor=3.66 peak=8.61;MANAGE_PROFIT;SAFE;1;0;1;-1;-1;4389.08;8.61;8.61;8.61;-1.65;KELLY_LITE;true;0.04;213227.21;0.0417;KELLY_LITE(mult=1.20 taper=1.00 n=20)+HARD_RISK_CAP(2.0%)+MAXLOSS_CAP;213227.21;213235.82;36;0
2026.08.12 02:38:34;XAUUSD;5;1786445832;PROFIT_RATCHET_LOCKED;floor=3.66 peak=8.61;MANAGE_PROFIT;SAFE;1;0;1;-1;-1;4389.08;8.61;8.61;8.61;-1.65;KELLY_LITE;true;0.04;213227.21;0.0417;KELLY_LITE(mult=1.20 taper=1.00 n=20)+HARD_RISK_CAP(2.0%)+MAXLOSS_CAP;213227.21;213235.82;36;0
2026.08.12 02:38:35;XAUUSD;5;1786445832;PROFIT_RATCHET_LOCKED;floor=3.66 peak=8.61;MANAGE_PROFIT;SAFE;1;0;1;-1;-1;4389.08;8.58;8.58;8.61;-1.65;KELLY_LITE;true;0.04;213227.21;0.0417;KELLY_LITE(mult=1.20 taper=1.00 n=20)+HARD_RISK_CAP(2.0%)+MAXLOSS_CAP;213227.21;213235.79;36;0
2026.08.12 02:38:36;XAUUSD;5;1786445832;SL_MODIFIED;ticket=118838273 oldSL=4386.73 newSL=4386.67 reason=break_even_lock_leg_0;MANAGE_PROFIT;SAFE;1;0;1;-1;-1;4389.08;9.51;9.51;8.79;-1.65;KELLY_LITE;true;0.04;213227.21;0.0417;KELLY_LITE(mult=1.20 taper=1.00 n=20)+HARD_RISK_CAP(2.0%)+MAXLOSS_CAP;213227.21;213236.72;36;0
2026.08.12 02:38:36;XAUUSD;5;1786445832;PROFIT_RATCHET_LOCKED;floor=3.74 peak=8.79;MANAGE_PROFIT;SAFE;1;0;1;-1;-1;4389.08;9.51;9.51;8.79;-1.65;KELLY_LITE;true;0.04;213227.21;0.0417;KELLY_LITE(mult=1.20 taper=1.00 n=20)+HARD_RISK_CAP(2.0%)+MAXLOSS_CAP;213227.21;213236.72;36;0
2026.08.12 02:38:37;XAUUSD;5;1786445832;SL_MODIFY_FAILED;ticket=118838273 newSL=4386.43 reason=break_even_lock_leg_0 err=0;MANAGE_PROFIT;SAFE;1;0;1;-1;-1;4389.08;8.67;8.67;9.51;-1.65;KELLY_LITE;true;0.04;213227.21;0.0417;KELLY_LITE(mult=1.20 taper=1.00 n=20)+HARD_RISK_CAP(2.0%)+MAXLOSS_CAP;213227.21;213235.88;36;0
2026.08.12 02:38:37;XAUUSD;5;1786445832;PROFIT_RATCHET_LOCKED;floor=4.04 peak=9.51;MANAGE_PROFIT;SAFE;1;0;1;-1;-1;4389.08;8.67;8.67;9.51;-1.65;KELLY_LITE;true;0.04;213227.21;0.0417;KELLY_LITE(mult=1.20 taper=1.00 n=20)+HARD_RISK_CAP(2.0%)+MAXLOSS_CAP;213227.21;213235.88;36;0
2026.08.12 02:38:37;XAUUSD;5;1786445832;PROFIT_RATCHET_LOCKED;floor=4.04 peak=9.51;MANAGE_PROFIT;SAFE;1;0;1;-1;-1;4389.08;8.67;8.67;9.51;-1.65;KELLY_LITE;true;0.04;213227.21;0.0417;KELLY_LITE(mult=1.20 taper=1.00 n=20)+HARD_RISK_CAP(2.0%)+MAXLOSS_CAP;213227.21;213235.88;36;0
2026.08.12 02:38:37;XAUUSD;5;1786445832;PROFIT_RATCHET_LOCKED;floor=4.04 peak=9.51;MANAGE_PROFIT;SAFE;1;0;1;-1;-1;4389.08;8.64;8.64;9.51;-1.65;KELLY_LITE;true;0.04;213227.21;0.0417;KELLY_LITE(mult=1.20 taper=1.00 n=20)+HARD_RISK_CAP(2.0%)+MAXLOSS_CAP;213227.21;213235.85;36;0
2026.08.12 02:38:38;XAUUSD;5;1786445832;PROFIT_RATCHET_LOCKED;floor=4.04 peak=9.51;MANAGE_PROFIT;SAFE;1;0;1;-1;-1;4389.08;8.58;8.58;9.51;-1.65;KELLY_LITE;true;0.04;213227.21;0.0417;KELLY_LITE(mult=1.20 taper=1.00 n=20)+HARD_RISK_CAP(2.0%)+MAXLOSS_CAP;213227.21;213235.79;33;0
2026.08.12 02:38:38;XAUUSD;5;1786445832;PROFIT_RATCHET_LOCKED;floor=4.04 peak=9.51;MANAGE_PROFIT;SAFE;1;0;1;-1;-1;4389.08;8.10;8.10;9.51;-1.65;KELLY_LITE;true;0.04;213227.21;0.0417;KELLY_LITE(mult=1.20 taper=1.00 n=20)+HARD_RISK_CAP(2.0%)+MAXLOSS_CAP;213227.21;213235.31;36;0
2026.08.12 02:38:38;XAUUSD;5;1786445832;EXIT_TIERED_TRAIL;profit=7.74 peak=9.51 allowedRetrace=1.43;MANAGE_PROFIT;SAFE;1;0;1;-1;-1;4389.08;7.74;7.74;9.51;-1.65;KELLY_LITE;true;0.04;213227.21;0.0417;KELLY_LITE(mult=1.20 taper=1.00 n=20)+HARD_RISK_CAP(2.0%)+MAXLOSS_CAP;213227.21;213234.95;36;0
2026.08.12 02:38:39;XAUUSD;5;1786445832;POSITION_CLOSED;ticket=118838273 reason=tiered_profit_trail lots=0.03 price=4386.50 pnl=7.74;MANAGE_PROFIT;SAFE;0;0;1;-1;-1;4389.08;0.00;0.00;9.51;-1.65;KELLY_LITE;true;0.04;213227.21;0.0417;KELLY_LITE(mult=1.20 taper=1.00 n=20)+HARD_RISK_CAP(2.0%)+MAXLOSS_CAP;213234.74;213234.74;36;0
2026.08.12 02:38:39;XAUUSD;5;1786445832;CYCLE_RESET;oldState=RESET realizedPnL=7.53 peak=9.51 worst=-1.65 pyramid=0 consLosses=0;RESET;SAFE;0;0;0;-1;-1;4389.08;0.00;0.00;9.51;-1.65;KELLY_LITE;true;0.04;213227.21;0.0417;KELLY_LITE(mult=1.20 taper=1.00 n=20)+HARD_RISK_CAP(2.0%)+MAXLOSS_CAP;213234.74;213234.74;36;0
2026.08.12 02:43:39;XAUUSD;5;1786445833;PLACE_PENDING_START;cycle=1786445833 trend=1 consecLosses=0 preset=AGGRESSIVE;PLACE_PENDING;SAFE;0;0;0;-1;-1;0.00;0.00;0.00;0.00;0.00;KELLY_LITE;true;0.04;213227.21;0.0417;KELLY_LITE(mult=1.20 taper=1.00 n=20)+HARD_RISK_CAP(2.0%)+MAXLOSS_CAP;213234.74;213234.74;36;0
2026.08.12 02:43:39;XAUUSD;5;1786445833;DIR_OCO_PLACED;dir=BULL ticket=118840018 price=4391.79 sl=4376.79 tp=4414.29 lot=0.04 dist=1.65;PLACE_PENDING;SAFE;0;1;0;118840018;-1;0.00;0.00;0.00;0.00;0.00;KELLY_LITE;true;0.04;213234.74;0.0417;KELLY_LITE(mult=1.30 taper=1.00 n=20)+HARD_RISK_CAP(2.0%)+MAXLOSS_CAP;213234.74;213234.74;36;0
2026.08.12 02:43:39;XAUUSD;5;1786445833;DIR_OCO_COUNTER_PLACED;dir=BEAR(counter) ticket=118840021 price=4388.26 lot=0.03;PLACE_PENDING;SAFE;0;2;0;118840018;118840021;0.00;0.00;0.00;0.00;0.00;KELLY_LITE;true;0.04;213234.74;0.0417;KELLY_LITE(mult=1.30 taper=1.00 n=20)+HARD_RISK_CAP(2.0%)+MAXLOSS_CAP;213234.74;213234.74;36;0
2026.08.12 02:43:44;XAUUSD;5;1786445833;SELL_STOP_TRAILED;Old=4388.26 New=4388.57;WAIT_TRIGGER;SAFE;0;2;0;118840018;118840021;0.00;0.00;0.00;0.00;0.00;KELLY_LITE;true;0.04;213234.74;0.0417;KELLY_LITE(mult=1.30 taper=1.00 n=20)+HARD_RISK_CAP(2.0%)+MAXLOSS_CAP;213234.74;213234.74;36;0
2026.08.12 02:43:53;XAUUSD;5;1786445833;SELL_STOP_TRAILED;Old=4388.57 New=4389.06;WAIT_TRIGGER;SAFE;0;2;0;118840018;118840021;0.00;0.00;0.00;0.00;0.00;KELLY_LITE;true;0.04;213234.74;0.0417;KELLY_LITE(mult=1.30 taper=1.00 n=20)+HARD_RISK_CAP(2.0%)+MAXLOSS_CAP;213234.74;213234.74;36;0
2026.08.12 02:43:54;XAUUSD;5;1786445833;SELL_STOP_TRAILED;Old=4389.06 New=4389.59;WAIT_TRIGGER;SAFE;1;1;0;118840018;118840021;0.00;0.72;0.72;0.00;0.00;KELLY_LITE;true;0.04;213234.74;0.0417;KELLY_LITE(mult=1.30 taper=1.00 n=20)+HARD_RISK_CAP(2.0%)+MAXLOSS_CAP;213234.74;213235.46;37;0
2026.08.12 02:43:54;XAUUSD;5;1786445833;OCO_TRIGGERED_BUY;ticket=118840018 entry=4391.79;POSITION_ACTIVE;SAFE;1;1;0;-1;118840021;0.00;0.72;0.72;0.00;0.00;KELLY_LITE;true;0.04;213234.74;0.0417;KELLY_LITE(mult=1.30 taper=1.00 n=20)+HARD_RISK_CAP(2.0%)+MAXLOSS_CAP;213234.74;213235.46;37;0
2026.08.12 02:43:55;XAUUSD;5;1786445833;PENDING_DELETED;ticket=118840021 reason=oco_buy_triggered;POSITION_ACTIVE;SAFE;1;0;0;-1;118840021;0.00;1.24;1.24;0.00;0.00;KELLY_LITE;true;0.04;213234.74;0.0417;KELLY_LITE(mult=1.30 taper=1.00 n=20)+HARD_RISK_CAP(2.0%)+MAXLOSS_CAP;213234.74;213235.98;36;0
2026.08.12 02:43:55;XAUUSD;5;1786445833;HEDGE_PENDING_PLACED;dir=SELL_STOP ticket=118840130 price=4389.10 sl=4392.10 lot=0.05 mainEntry=4391.79 dist=3.00 confirmBars=1;POSITION_ACTIVE;SAFE;1;1;1;-1;-1;4391.79;0.84;0.84;1.24;0.00;KELLY_LITE;true;0.04;213234.74;0.0417;KELLY_LITE(mult=1.30 taper=1.00 n=20)+HARD_RISK_CAP(2.0%)+MAXLOSS_CAP;213234.74;213235.58;36;0
2026.08.12 02:47:43;XAUUSD;5;1786445833;SL_MODIFIED;ticket=118840018 oldSL=4376.79 newSL=4393.34 reason=break_even_lock_leg_0;MANAGE_PROFIT;SAFE;1;1;1;-1;-1;4391.79;8.32;8.32;8.28;-3.28;KELLY_LITE;true;0.04;213234.74;0.0417;KELLY_LITE(mult=1.30 taper=1.00 n=20)+HARD_RISK_CAP(2.0%)+MAXLOSS_CAP;213234.74;213243.06;36;0
2026.08.12 02:47:43;XAUUSD;5;1786445833;PROFIT_RATCHET_LOCKED;floor=2.79 peak=8.28;MANAGE_PROFIT;SAFE;1;1;1;-1;-1;4391.79;8.32;8.32;8.28;-3.28;KELLY_LITE;true;0.04;213234.74;0.0417;KELLY_LITE(mult=1.30 taper=1.00 n=20)+HARD_RISK_CAP(2.0%)+MAXLOSS_CAP;213234.74;213243.06;36;0
2026.08.12 02:47:43;XAUUSD;5;1786445833;PROFIT_RATCHET_LOCKED;floor=2.81 peak=8.32;MANAGE_PROFIT;SAFE;1;1;1;-1;-1;4391.79;8.32;8.32;8.32;-3.28;KELLY_LITE;true;0.04;213234.74;0.0417;KELLY_LITE(mult=1.30 taper=1.00 n=20)+HARD_RISK_CAP(2.0%)+MAXLOSS_CAP;213234.74;213243.06;36;0
2026.08.12 02:47:43;XAUUSD;5;1786445833;PROFIT_RATCHET_LOCKED;floor=2.81 peak=8.32;MANAGE_PROFIT;SAFE;1;1;1;-1;-1;4391.79;8.28;8.28;8.32;-3.28;KELLY_LITE;true;0.04;213234.74;0.0417;KELLY_LITE(mult=1.30 taper=1.00 n=20)+HARD_RISK_CAP(2.0%)+MAXLOSS_CAP;213234.74;213243.02;36;0
2026.08.12 02:47:44;XAUUSD;5;1786445833;SL_MODIFIED;ticket=118840018 oldSL=4393.34 newSL=4393.43 reason=break_even_lock_leg_0;MANAGE_PROFIT;SAFE;1;1;1;-1;-1;4391.79;8.84;9.60;8.64;-3.28;KELLY_LITE;true;0.04;213234.74;0.0417;KELLY_LITE(mult=1.30 taper=1.00 n=20)+HARD_RISK_CAP(2.0%)+MAXLOSS_CAP;213234.74;213243.58;37;0
2026.08.12 02:47:44;XAUUSD;5;1786445833;PROFIT_RATCHET_LOCKED;floor=2.92 peak=8.64;MANAGE_PROFIT;SAFE;1;1;1;-1;-1;4391.79;8.84;9.60;8.64;-3.28;KELLY_LITE;true;0.04;213234.74;0.0417;KELLY_LITE(mult=1.30 taper=1.00 n=20)+HARD_RISK_CAP(2.0%)+MAXLOSS_CAP;213234.74;213243.58;37;0
2026.08.12 02:47:44;XAUUSD;5;1786445833;SL_MODIFIED;ticket=118840018 oldSL=4393.43 newSL=4393.49 reason=break_even_lock_leg_0 (retry buf=20pt);MANAGE_PROFIT;SAFE;1;1;1;-1;-1;4391.79;9.76;9.76;8.84;-3.28;KELLY_LITE;true;0.04;213234.74;0.0417;KELLY_LITE(mult=1.30 taper=1.00 n=20)+HARD_RISK_CAP(2.0%)+MAXLOSS_CAP;213234.74;213244.50;36;0
2026.08.12 02:47:44;XAUUSD;5;1786445833;PROFIT_RATCHET_LOCKED;floor=2.98 peak=8.84;MANAGE_PROFIT;SAFE;1;1;1;-1;-1;4391.79;9.76;9.76;8.84;-3.28;KELLY_LITE;true;0.04;213234.74;0.0417;KELLY_LITE(mult=1.30 taper=1.00 n=20)+HARD_RISK_CAP(2.0%)+MAXLOSS_CAP;213234.74;213244.50;36;0
2026.08.12 02:47:45;XAUUSD;5;1786445833;SL_MODIFIED;ticket=118840018 oldSL=4393.49 newSL=4393.57 reason=break_even_lock_leg_0 (retry buf=3pt);MANAGE_PROFIT;SAFE;1;1;1;-1;-1;4391.79;9.32;9.32;9.76;-3.28;KELLY_LITE;true;0.04;213234.74;0.0417;KELLY_LITE(mult=1.30 taper=1.00 n=20)+HARD_RISK_CAP(2.0%)+MAXLOSS_CAP;213234.74;213244.06;36;0
2026.08.12 02:47:45;XAUUSD;5;1786445833;PROFIT_RATCHET_LOCKED;floor=3.29 peak=9.76;MANAGE_PROFIT;SAFE;1;1;1;-1;-1;4391.79;9.32;9.32;9.76;-3.28;KELLY_LITE;true;0.04;213234.74;0.0417;KELLY_LITE(mult=1.30 taper=1.00 n=20)+HARD_RISK_CAP(2.0%)+MAXLOSS_CAP;213234.74;213244.06;36;0
2026.08.12 02:47:46;XAUUSD;5;1786445833;SL_MODIFIED;ticket=118840018 oldSL=4393.57 newSL=4393.60 reason=break_even_lock_leg_0;MANAGE_PROFIT;SAFE;1;1;1;-1;-1;4391.79;9.40;9.40;9.76;-3.28;KELLY_LITE;true;0.04;213234.74;0.0417;KELLY_LITE(mult=1.30 taper=1.00 n=20)+HARD_RISK_CAP(2.0%)+MAXLOSS_CAP;213234.74;213244.14;36;0
2026.08.12 02:47:46;XAUUSD;5;1786445833;PROFIT_RATCHET_LOCKED;floor=3.29 peak=9.76;MANAGE_PROFIT;SAFE;1;1;1;-1;-1;4391.79;9.40;9.40;9.76;-3.28;KELLY_LITE;true;0.04;213234.74;0.0417;KELLY_LITE(mult=1.30 taper=1.00 n=20)+HARD_RISK_CAP(2.0%)+MAXLOSS_CAP;213234.74;213244.14;36;0
2026.08.12 02:47:46;XAUUSD;5;1786445833;PROFIT_RATCHET_LOCKED;floor=3.29 peak=9.76;MANAGE_PROFIT;SAFE;1;1;1;-1;-1;4391.79;9.40;9.40;9.76;-3.28;KELLY_LITE;true;0.04;213234.74;0.0417;KELLY_LITE(mult=1.30 taper=1.00 n=20)+HARD_RISK_CAP(2.0%)+MAXLOSS_CAP;213234.74;213244.14;36;0
2026.08.12 02:47:46;XAUUSD;5;1786445833;PROFIT_RATCHET_LOCKED;floor=3.29 peak=9.76;MANAGE_PROFIT;SAFE;1;1;1;-1;-1;4391.79;8.96;8.96;9.76;-3.28;KELLY_LITE;true;0.04;213234.74;0.0417;KELLY_LITE(mult=1.30 taper=1.00 n=20)+HARD_RISK_CAP(2.0%)+MAXLOSS_CAP;213234.74;213243.70;36;0
2026.08.12 02:47:46;XAUUSD;5;1786445833;PROFIT_RATCHET_LOCKED;floor=3.29 peak=9.76;MANAGE_PROFIT;SAFE;1;1;1;-1;-1;4391.79;9.08;9.08;9.76;-3.28;KELLY_LITE;true;0.04;213234.74;0.0417;KELLY_LITE(mult=1.30 taper=1.00 n=20)+HARD_RISK_CAP(2.0%)+MAXLOSS_CAP;213234.74;213243.82;36;0
2026.08.12 02:47:47;XAUUSD;5;1786445833;PROFIT_RATCHET_LOCKED;floor=3.29 peak=9.76;MANAGE_PROFIT;SAFE;1;1;1;-1;-1;4391.79;8.92;8.92;9.76;-3.28;KELLY_LITE;true;0.04;213234.74;0.0417;KELLY_LITE(mult=1.30 taper=1.00 n=20)+HARD_RISK_CAP(2.0%)+MAXLOSS_CAP;213234.74;213243.66;36;0
2026.08.12 02:47:47;XAUUSD;5;1786445833;PROFIT_RATCHET_LOCKED;floor=3.29 peak=9.76;MANAGE_PROFIT;SAFE;1;1;1;-1;-1;4391.79;8.84;8.84;9.76;-3.28;KELLY_LITE;true;0.04;213234.74;0.0417;KELLY_LITE(mult=1.30 taper=1.00 n=20)+HARD_RISK_CAP(2.0%)+MAXLOSS_CAP;213234.74;213243.58;36;0
2026.08.12 02:47:47;XAUUSD;5;1786445833;PROFIT_RATCHET_LOCKED;floor=3.29 peak=9.76;MANAGE_PROFIT;SAFE;1;1;1;-1;-1;4391.79;7.88;7.88;9.76;-3.28;KELLY_LITE;true;0.04;213234.74;0.0417;KELLY_LITE(mult=1.30 taper=1.00 n=20)+HARD_RISK_CAP(2.0%)+MAXLOSS_CAP;213234.74;213242.62;36;0
2026.08.12 02:47:47;XAUUSD;5;1786445833;PROFIT_RATCHET_LOCKED;floor=3.29 peak=9.76;MANAGE_PROFIT;SAFE;1;1;1;-1;-1;4391.79;7.92;7.92;9.76;-3.28;KELLY_LITE;true;0.04;213234.74;0.0417;KELLY_LITE(mult=1.30 taper=1.00 n=20)+HARD_RISK_CAP(2.0%)+MAXLOSS_CAP;213234.74;213242.66;36;0
2026.08.12 02:47:48;XAUUSD;5;1786445833;PROFIT_RATCHET_LOCKED;floor=3.29 peak=9.76;MANAGE_PROFIT;SAFE;1;1;1;-1;-1;4391.79;8.08;8.08;9.76;-3.28;KELLY_LITE;true;0.04;213234.74;0.0417;KELLY_LITE(mult=1.30 taper=1.00 n=20)+HARD_RISK_CAP(2.0%)+MAXLOSS_CAP;213234.74;213242.82;36;0
2026.08.12 02:47:48;XAUUSD;5;1786445833;PROFIT_RATCHET_LOCKED;floor=3.29 peak=9.76;MANAGE_PROFIT;SAFE;1;1;1;-1;-1;4391.79;7.96;7.96;9.76;-3.28;KELLY_LITE;true;0.04;213234.74;0.0417;KELLY_LITE(mult=1.30 taper=1.00 n=20)+HARD_RISK_CAP(2.0%)+MAXLOSS_CAP;213234.74;213242.70;36;0
2026.08.12 02:47:48;XAUUSD;5;1786445833;PROFIT_RATCHET_LOCKED;floor=3.29 peak=9.76;MANAGE_PROFIT;SAFE;1;1;1;-1;-1;4391.79;7.36;7.36;9.76;-3.28;KELLY_LITE;true;0.04;213234.74;0.0417;KELLY_LITE(mult=1.30 taper=1.00 n=20)+HARD_RISK_CAP(2.0%)+MAXLOSS_CAP;213234.74;213242.10;35;0
2026.08.12 02:47:48;XAUUSD;5;1786445833;PROFIT_RATCHET_LOCKED;floor=3.29 peak=9.76;MANAGE_PROFIT;SAFE;1;1;1;-1;-1;4391.79;8.20;8.20;9.76;-3.28;KELLY_LITE;true;0.04;213234.74;0.0417;KELLY_LITE(mult=1.30 taper=1.00 n=20)+HARD_RISK_CAP(2.0%)+MAXLOSS_CAP;213234.74;213242.94;37;0
2026.08.12 02:47:48;XAUUSD;5;1786445833;PROFIT_RATCHET_LOCKED;floor=3.29 peak=9.76;MANAGE_PROFIT;SAFE;1;1;1;-1;-1;4391.79;8.16;8.16;9.76;-3.28;KELLY_LITE;true;0.04;213234.74;0.0417;KELLY_LITE(mult=1.30 taper=1.00 n=20)+HARD_RISK_CAP(2.0%)+MAXLOSS_CAP;213234.74;213242.90;36;0
2026.08.12 02:47:49;XAUUSD;5;1786445833;PROFIT_RATCHET_LOCKED;floor=3.29 peak=9.76;MANAGE_PROFIT;SAFE;1;1;1;-1;-1;4391.79;8.24;8.24;9.76;-3.28;KELLY_LITE;true;0.04;213234.74;0.0417;KELLY_LITE(mult=1.30 taper=1.00 n=20)+HARD_RISK_CAP(2.0%)+MAXLOSS_CAP;213234.74;213242.98;36;0
2026.08.12 02:47:49;XAUUSD;5;1786445833;PROFIT_RATCHET_LOCKED;floor=3.29 peak=9.76;MANAGE_PROFIT;SAFE;1;1;1;-1;-1;4391.79;8.36;8.36;9.76;-3.28;KELLY_LITE;true;0.04;213234.74;0.0417;KELLY_LITE(mult=1.30 taper=1.00 n=20)+HARD_RISK_CAP(2.0%)+MAXLOSS_CAP;213234.74;213243.10;36;0
2026.08.12 02:47:49;XAUUSD;5;1786445833;PROFIT_RATCHET_LOCKED;floor=3.29 peak=9.76;MANAGE_PROFIT;SAFE;1;1;1;-1;-1;4391.79;8.40;8.40;9.76;-3.28;KELLY_LITE;true;0.04;213234.74;0.0417;KELLY_LITE(mult=1.30 taper=1.00 n=20)+HARD_RISK_CAP(2.0%)+MAXLOSS_CAP;213234.74;213243.14;36;0
2026.08.12 02:47:49;XAUUSD;5;1786445833;PROFIT_RATCHET_LOCKED;floor=3.29 peak=9.76;MANAGE_PROFIT;SAFE;1;1;1;-1;-1;4391.79;8.44;8.44;9.76;-3.28;KELLY_LITE;true;0.04;213234.74;0.0417;KELLY_LITE(mult=1.30 taper=1.00 n=20)+HARD_RISK_CAP(2.0%)+MAXLOSS_CAP;213234.74;213243.18;36;0
2026.08.12 02:47:50;XAUUSD;5;1786445833;PROFIT_RATCHET_LOCKED;floor=3.29 peak=9.76;MANAGE_PROFIT;SAFE;1;1;1;-1;-1;4391.79;8.48;8.48;9.76;-3.28;KELLY_LITE;true;0.04;213234.74;0.0417;KELLY_LITE(mult=1.30 taper=1.00 n=20)+HARD_RISK_CAP(2.0%)+MAXLOSS_CAP;213234.74;213243.22;36;0
2026.08.12 02:47:50;XAUUSD;5;1786445833;PROFIT_RATCHET_LOCKED;floor=3.29 peak=9.76;MANAGE_PROFIT;SAFE;1;1;1;-1;-1;4391.79;8.40;8.40;9.76;-3.28;KELLY_LITE;true;0.04;213234.74;0.0417;KELLY_LITE(mult=1.30 taper=1.00 n=20)+HARD_RISK_CAP(2.0%)+MAXLOSS_CAP;213234.74;213243.14;36;0
2026.08.12 02:47:50;XAUUSD;5;1786445833;PROFIT_RATCHET_LOCKED;floor=3.29 peak=9.76;MANAGE_PROFIT;SAFE;1;1;1;-1;-1;4391.79;9.00;9.00;9.76;-3.28;KELLY_LITE;true;0.04;213234.74;0.0417;KELLY_LITE(mult=1.30 taper=1.00 n=20)+HARD_RISK_CAP(2.0%)+MAXLOSS_CAP;213234.74;213243.74;36;0
2026.08.12 02:47:50;XAUUSD;5;1786445833;PROFIT_RATCHET_LOCKED;floor=3.29 peak=9.76;MANAGE_PROFIT;SAFE;1;1;1;-1;-1;4391.79;8.84;8.84;9.76;-3.28;KELLY_LITE;true;0.04;213234.74;0.0417;KELLY_LITE(mult=1.30 taper=1.00 n=20)+HARD_RISK_CAP(2.0%)+MAXLOSS_CAP;213234.74;213243.58;36;0
2026.08.12 02:47:51;XAUUSD;5;1786445833;PROFIT_RATCHET_LOCKED;floor=3.29 peak=9.76;MANAGE_PROFIT;SAFE;1;1;1;-1;-1;4391.79;8.80;8.80;9.76;-3.28;KELLY_LITE;true;0.04;213234.74;0.0417;KELLY_LITE(mult=1.30 taper=1.00 n=20)+HARD_RISK_CAP(2.0%)+MAXLOSS_CAP;213234.74;213243.54;34;0
2026.08.12 02:47:51;XAUUSD;5;1786445833;PROFIT_RATCHET_LOCKED;floor=3.29 peak=9.76;MANAGE_PROFIT;SAFE;1;1;1;-1;-1;4391.79;8.72;8.72;9.76;-3.28;KELLY_LITE;true;0.04;213234.74;0.0417;KELLY_LITE(mult=1.30 taper=1.00 n=20)+HARD_RISK_CAP(2.0%)+MAXLOSS_CAP;213234.74;213243.46;36;0
2026.08.12 02:47:51;XAUUSD;5;1786445833;PROFIT_RATCHET_LOCKED;floor=3.29 peak=9.76;MANAGE_PROFIT;SAFE;1;1;1;-1;-1;4391.79;8.88;8.88;9.76;-3.28;KELLY_LITE;true;0.04;213234.74;0.0417;KELLY_LITE(mult=1.30 taper=1.00 n=20)+HARD_RISK_CAP(2.0%)+MAXLOSS_CAP;213234.74;213243.62;36;0
2026.08.12 02:47:51;XAUUSD;5;1786445833;PROFIT_RATCHET_LOCKED;floor=3.29 peak=9.76;MANAGE_PROFIT;SAFE;1;1;1;-1;-1;4391.79;8.52;8.52;9.76;-3.28;KELLY_LITE;true;0.04;213234.74;0.0417;KELLY_LITE(mult=1.30 taper=1.00 n=20)+HARD_RISK_CAP(2.0%)+MAXLOSS_CAP;213234.74;213243.26;36;0
2026.08.12 02:47:51;XAUUSD;5;1786445833;PROFIT_RATCHET_LOCKED;floor=3.29 peak=9.76;MANAGE_PROFIT;SAFE;1;1;1;-1;-1;4391.79;7.72;7.72;9.76;-3.28;KELLY_LITE;true;0.04;213234.74;0.0417;KELLY_LITE(mult=1.30 taper=1.00 n=20)+HARD_RISK_CAP(2.0%)+MAXLOSS_CAP;213234.74;213242.46;36;0
2026.08.12 02:47:51;XAUUSD;5;1786445833;PROFIT_RATCHET_LOCKED;floor=3.29 peak=9.76;MANAGE_PROFIT;SAFE;1;1;1;-1;-1;4391.79;7.68;7.68;9.76;-3.28;KELLY_LITE;true;0.04;213234.74;0.0417;KELLY_LITE(mult=1.30 taper=1.00 n=20)+HARD_RISK_CAP(2.0%)+MAXLOSS_CAP;213234.74;213242.42;36;0
2026.08.12 02:47:52;XAUUSD;5;1786445833;PROFIT_RATCHET_LOCKED;floor=3.29 peak=9.76;MANAGE_PROFIT;SAFE;1;1;1;-1;-1;4391.79;7.60;7.60;9.76;-3.28;KELLY_LITE;true;0.04;213234.74;0.0417;KELLY_LITE(mult=1.30 taper=1.00 n=20)+HARD_RISK_CAP(2.0%)+MAXLOSS_CAP;213234.74;213242.34;36;0
2026.08.12 02:47:52;XAUUSD;5;1786445833;PROFIT_RATCHET_LOCKED;floor=3.29 peak=9.76;MANAGE_PROFIT;SAFE;1;1;1;-1;-1;4391.79;7.80;7.80;9.76;-3.28;KELLY_LITE;true;0.04;213234.74;0.0417;KELLY_LITE(mult=1.30 taper=1.00 n=20)+HARD_RISK_CAP(2.0%)+MAXLOSS_CAP;213234.74;213242.54;33;0
2026.08.12 02:47:52;XAUUSD;5;1786445833;PROFIT_RATCHET_LOCKED;floor=3.29 peak=9.76;MANAGE_PROFIT;SAFE;1;1;1;-1;-1;4391.79;7.88;7.88;9.76;-3.28;KELLY_LITE;true;0.04;213234.74;0.0417;KELLY_LITE(mult=1.30 taper=1.00 n=20)+HARD_RISK_CAP(2.0%)+MAXLOSS_CAP;213234.74;213242.62;36;0
2026.08.12 02:47:53;XAUUSD;5;1786445833;PROFIT_RATCHET_LOCKED;floor=3.29 peak=9.76;MANAGE_PROFIT;SAFE;1;1;1;-1;-1;4391.79;7.96;7.96;9.76;-3.28;KELLY_LITE;true;0.04;213234.74;0.0417;KELLY_LITE(mult=1.30 taper=1.00 n=20)+HARD_RISK_CAP(2.0%)+MAXLOSS_CAP;213234.74;213242.70;36;0
2026.08.12 02:47:53;XAUUSD;5;1786445833;PROFIT_RATCHET_LOCKED;floor=3.29 peak=9.76;MANAGE_PROFIT;SAFE;1;1;1;-1;-1;4391.79;8.36;8.36;9.76;-3.28;KELLY_LITE;true;0.04;213234.74;0.0417;KELLY_LITE(mult=1.30 taper=1.00 n=20)+HARD_RISK_CAP(2.0%)+MAXLOSS_CAP;213234.74;213243.10;36;0
2026.08.12 02:47:53;XAUUSD;5;1786445833;PROFIT_RATCHET_LOCKED;floor=3.29 peak=9.76;MANAGE_PROFIT;SAFE;1;1;1;-1;-1;4391.79;8.20;8.20;9.76;-3.28;KELLY_LITE;true;0.04;213234.74;0.0417;KELLY_LITE(mult=1.30 taper=1.00 n=20)+HARD_RISK_CAP(2.0%)+MAXLOSS_CAP;213234.74;213242.94;36;0
2026.08.12 02:47:53;XAUUSD;5;1786445833;PROFIT_RATCHET_LOCKED;floor=3.29 peak=9.76;MANAGE_PROFIT;SAFE;1;1;1;-1;-1;4391.79;8.52;8.52;9.76;-3.28;KELLY_LITE;true;0.04;213234.74;0.0417;KELLY_LITE(mult=1.30 taper=1.00 n=20)+HARD_RISK_CAP(2.0%)+MAXLOSS_CAP;213234.74;213243.26;36;0
2026.08.12 02:47:54;XAUUSD;5;1786445833;PROFIT_RATCHET_LOCKED;floor=3.29 peak=9.76;MANAGE_PROFIT;SAFE;1;1;1;-1;-1;4391.79;8.56;8.56;9.76;-3.28;KELLY_LITE;true;0.04;213234.74;0.0417;KELLY_LITE(mult=1.30 taper=1.00 n=20)+HARD_RISK_CAP(2.0%)+MAXLOSS_CAP;213234.74;213243.30;36;0
2026.08.12 02:47:54;XAUUSD;5;1786445833;PROFIT_RATCHET_LOCKED;floor=3.29 peak=9.76;MANAGE_PROFIT;SAFE;1;1;1;-1;-1;4391.79;8.52;8.52;9.76;-3.28;KELLY_LITE;true;0.04;213234.74;0.0417;KELLY_LITE(mult=1.30 taper=1.00 n=20)+HARD_RISK_CAP(2.0%)+MAXLOSS_CAP;213234.74;213243.26;36;0
2026.08.12 02:47:54;XAUUSD;5;1786445833;PROFIT_RATCHET_LOCKED;floor=3.29 peak=9.76;MANAGE_PROFIT;SAFE;1;1;1;-1;-1;4391.79;8.52;8.52;9.76;-3.28;KELLY_LITE;true;0.04;213234.74;0.0417;KELLY_LITE(mult=1.30 taper=1.00 n=20)+HARD_RISK_CAP(2.0%)+MAXLOSS_CAP;213234.74;213243.26;35;0
2026.08.12 02:47:54;XAUUSD;5;1786445833;PROFIT_RATCHET_LOCKED;floor=3.29 peak=9.76;MANAGE_PROFIT;SAFE;1;1;1;-1;-1;4391.79;8.48;8.48;9.76;-3.28;KELLY_LITE;true;0.04;213234.74;0.0417;KELLY_LITE(mult=1.30 taper=1.00 n=20)+HARD_RISK_CAP(2.0%)+MAXLOSS_CAP;213234.74;213243.22;36;0
2026.08.12 02:47:54;XAUUSD;5;1786445833;PROFIT_RATCHET_LOCKED;floor=3.29 peak=9.76;MANAGE_PROFIT;SAFE;1;1;1;-1;-1;4391.79;8.24;8.24;9.76;-3.28;KELLY_LITE;true;0.04;213234.74;0.0417;KELLY_LITE(mult=1.30 taper=1.00 n=20)+HARD_RISK_CAP(2.0%)+MAXLOSS_CAP;213234.74;213242.98;36;0
2026.08.12 02:47:55;XAUUSD;5;1786445833;PROFIT_RATCHET_LOCKED;floor=3.29 peak=9.76;MANAGE_PROFIT;SAFE;1;1;1;-1;-1;4391.79;8.20;8.20;9.76;-3.28;KELLY_LITE;true;0.04;213234.74;0.0417;KELLY_LITE(mult=1.30 taper=1.00 n=20)+HARD_RISK_CAP(2.0%)+MAXLOSS_CAP;213234.74;213242.94;36;0
2026.08.12 02:47:55;XAUUSD;5;1786445833;PROFIT_RATCHET_LOCKED;floor=3.29 peak=9.76;MANAGE_PROFIT;SAFE;1;1;1;-1;-1;4391.79;8.44;8.44;9.76;-3.28;KELLY_LITE;true;0.04;213234.74;0.0417;KELLY_LITE(mult=1.30 taper=1.00 n=20)+HARD_RISK_CAP(2.0%)+MAXLOSS_CAP;213234.74;213243.18;33;0
2026.08.12 02:47:55;XAUUSD;5;1786445833;PROFIT_RATCHET_LOCKED;floor=3.29 peak=9.76;MANAGE_PROFIT;SAFE;1;1;1;-1;-1;4391.79;8.24;8.24;9.76;-3.28;KELLY_LITE;true;0.04;213234.74;0.0417;KELLY_LITE(mult=1.30 taper=1.00 n=20)+HARD_RISK_CAP(2.0%)+MAXLOSS_CAP;213234.74;213242.98;36;0
2026.08.12 02:47:55;XAUUSD;5;1786445833;PROFIT_RATCHET_LOCKED;floor=3.29 peak=9.76;MANAGE_PROFIT;SAFE;1;1;1;-1;-1;4391.79;8.32;8.32;9.76;-3.28;KELLY_LITE;true;0.04;213234.74;0.0417;KELLY_LITE(mult=1.30 taper=1.00 n=20)+HARD_RISK_CAP(2.0%)+MAXLOSS_CAP;213234.74;213243.06;36;0
2026.08.12 02:47:56;XAUUSD;5;1786445833;PROFIT_RATCHET_LOCKED;floor=3.29 peak=9.76;MANAGE_PROFIT;SAFE;1;1;1;-1;-1;4391.79;8.32;8.32;9.76;-3.28;KELLY_LITE;true;0.04;213234.74;0.0417;KELLY_LITE(mult=1.30 taper=1.00 n=20)+HARD_RISK_CAP(2.0%)+MAXLOSS_CAP;213234.74;213243.06;35;0
2026.08.12 02:47:56;XAUUSD;5;1786445833;PROFIT_RATCHET_LOCKED;floor=3.29 peak=9.76;MANAGE_PROFIT;SAFE;1;1;1;-1;-1;4391.79;8.32;8.32;9.76;-3.28;KELLY_LITE;true;0.04;213234.74;0.0417;KELLY_LITE(mult=1.30 taper=1.00 n=20)+HARD_RISK_CAP(2.0%)+MAXLOSS_CAP;213234.74;213243.06;36;0
2026.08.12 02:47:56;XAUUSD;5;1786445833;PROFIT_RATCHET_LOCKED;floor=3.29 peak=9.76;MANAGE_PROFIT;SAFE;1;1;1;-1;-1;4391.79;8.48;8.48;9.76;-3.28;KELLY_LITE;true;0.04;213234.74;0.0417;KELLY_LITE(mult=1.30 taper=1.00 n=20)+HARD_RISK_CAP(2.0%)+MAXLOSS_CAP;213234.74;213243.22;36;0
2026.08.12 02:47:56;XAUUSD;5;1786445833;PROFIT_RATCHET_LOCKED;floor=3.29 peak=9.76;MANAGE_PROFIT;SAFE;1;1;1;-1;-1;4391.79;8.40;8.40;9.76;-3.28;KELLY_LITE;true;0.04;213234.74;0.0417;KELLY_LITE(mult=1.30 taper=1.00 n=20)+HARD_RISK_CAP(2.0%)+MAXLOSS_CAP;213234.74;213243.14;36;0
2026.08.12 02:47:57;XAUUSD;5;1786445833;PROFIT_RATCHET_LOCKED;floor=3.29 peak=9.76;MANAGE_PROFIT;SAFE;1;1;1;-1;-1;4391.79;8.52;8.52;9.76;-3.28;KELLY_LITE;true;0.04;213234.74;0.0417;KELLY_LITE(mult=1.30 taper=1.00 n=20)+HARD_RISK_CAP(2.0%)+MAXLOSS_CAP;213234.74;213243.26;36;0
2026.08.12 02:47:57;XAUUSD;5;1786445833;PROFIT_RATCHET_LOCKED;floor=3.29 peak=9.76;MANAGE_PROFIT;SAFE;1;1;1;-1;-1;4391.79;8.68;8.68;9.76;-3.28;KELLY_LITE;true;0.04;213234.74;0.0417;KELLY_LITE(mult=1.30 taper=1.00 n=20)+HARD_RISK_CAP(2.0%)+MAXLOSS_CAP;213234.74;213243.42;36;0
2026.08.12 02:47:57;XAUUSD;5;1786445833;PROFIT_RATCHET_LOCKED;floor=3.29 peak=9.76;MANAGE_PROFIT;SAFE;1;1;1;-1;-1;4391.79;8.64;8.64;9.76;-3.28;KELLY_LITE;true;0.04;213234.74;0.0417;KELLY_LITE(mult=1.30 taper=1.00 n=20)+HARD_RISK_CAP(2.0%)+MAXLOSS_CAP;213234.74;213243.38;36;0
2026.08.12 02:47:58;XAUUSD;5;1786445833;PROFIT_RATCHET_LOCKED;floor=3.29 peak=9.76;MANAGE_PROFIT;SAFE;1;1;1;-1;-1;4391.79;8.80;8.80;9.76;-3.28;KELLY_LITE;true;0.04;213234.74;0.0417;KELLY_LITE(mult=1.30 taper=1.00 n=20)+HARD_RISK_CAP(2.0%)+MAXLOSS_CAP;213234.74;213243.54;36;0
2026.08.12 02:47:58;XAUUSD;5;1786445833;PROFIT_RATCHET_LOCKED;floor=3.29 peak=9.76;MANAGE_PROFIT;SAFE;1;1;1;-1;-1;4391.79;8.76;8.76;9.76;-3.28;KELLY_LITE;true;0.04;213234.74;0.0417;KELLY_LITE(mult=1.30 taper=1.00 n=20)+HARD_RISK_CAP(2.0%)+MAXLOSS_CAP;213234.74;213243.50;36;0
2026.08.12 02:47:58;XAUUSD;5;1786445833;PROFIT_RATCHET_LOCKED;floor=3.29 peak=9.76;MANAGE_PROFIT;SAFE;1;1;1;-1;-1;4391.79;8.44;8.44;9.76;-3.28;KELLY_LITE;true;0.04;213234.74;0.0417;KELLY_LITE(mult=1.30 taper=1.00 n=20)+HARD_RISK_CAP(2.0%)+MAXLOSS_CAP;213234.74;213243.18;36;0
2026.08.12 02:47:58;XAUUSD;5;1786445833;PROFIT_RATCHET_LOCKED;floor=3.29 peak=9.76;MANAGE_PROFIT;SAFE;1;1;1;-1;-1;4391.79;8.48;8.48;9.76;-3.28;KELLY_LITE;true;0.04;213234.74;0.0417;KELLY_LITE(mult=1.30 taper=1.00 n=20)+HARD_RISK_CAP(2.0%)+MAXLOSS_CAP;213234.74;213243.22;36;0
2026.08.12 02:47:59;XAUUSD;5;1786445833;PROFIT_RATCHET_LOCKED;floor=3.29 peak=9.76;MANAGE_PROFIT;SAFE;1;1;1;-1;-1;4391.79;8.40;8.40;9.76;-3.28;KELLY_LITE;true;0.04;213234.74;0.0417;KELLY_LITE(mult=1.30 taper=1.00 n=20)+HARD_RISK_CAP(2.0%)+MAXLOSS_CAP;213234.74;213243.14;36;0
2026.08.12 02:47:59;XAUUSD;5;1786445833;PROFIT_RATCHET_LOCKED;floor=3.29 peak=9.76;MANAGE_PROFIT;SAFE;1;1;1;-1;-1;4391.79;8.72;8.72;9.76;-3.28;KELLY_LITE;true;0.04;213234.74;0.0417;KELLY_LITE(mult=1.30 taper=1.00 n=20)+HARD_RISK_CAP(2.0%)+MAXLOSS_CAP;213234.74;213243.46;36;0
2026.08.12 02:47:59;XAUUSD;5;1786445833;PROFIT_RATCHET_LOCKED;floor=3.29 peak=9.76;MANAGE_PROFIT;SAFE;1;1;1;-1;-1;4391.79;8.56;8.56;9.76;-3.28;KELLY_LITE;true;0.04;213234.74;0.0417;KELLY_LITE(mult=1.30 taper=1.00 n=20)+HARD_RISK_CAP(2.0%)+MAXLOSS_CAP;213234.74;213243.30;36;0
2026.08.12 02:47:59;XAUUSD;5;1786445833;PROFIT_RATCHET_LOCKED;floor=3.29 peak=9.76;MANAGE_PROFIT;SAFE;1;1;1;-1;-1;4391.79;8.64;8.64;9.76;-3.28;KELLY_LITE;true;0.04;213234.74;0.0417;KELLY_LITE(mult=1.30 taper=1.00 n=20)+HARD_RISK_CAP(2.0%)+MAXLOSS_CAP;213234.74;213243.38;36;0
2026.08.12 02:48:00;XAUUSD;5;1786445833;PROFIT_RATCHET_LOCKED;floor=3.29 peak=9.76;MANAGE_PROFIT;SAFE;1;1;1;-1;-1;4391.79;8.84;8.84;9.76;-3.28;KELLY_LITE;true;0.04;213234.74;0.0417;KELLY_LITE(mult=1.30 taper=1.00 n=20)+HARD_RISK_CAP(2.0%)+MAXLOSS_CAP;213234.74;213243.58;36;0
2026.08.12 02:48:00;XAUUSD;5;1786445833;PROFIT_RATCHET_LOCKED;floor=3.29 peak=9.76;MANAGE_PROFIT;SAFE;1;1;1;-1;-1;4391.79;8.76;8.76;9.76;-3.28;KELLY_LITE;true;0.04;213234.74;0.0417;KELLY_LITE(mult=1.30 taper=1.00 n=20)+HARD_RISK_CAP(2.0%)+MAXLOSS_CAP;213234.74;213243.50;37;0
2026.08.12 02:48:00;XAUUSD;5;1786445833;PROFIT_RATCHET_LOCKED;floor=3.29 peak=9.76;MANAGE_PROFIT;SAFE;1;1;1;-1;-1;4391.79;8.92;8.92;9.76;-3.28;KELLY_LITE;true;0.04;213234.74;0.0417;KELLY_LITE(mult=1.30 taper=1.00 n=20)+HARD_RISK_CAP(2.0%)+MAXLOSS_CAP;213234.74;213243.66;36;0
2026.08.12 02:48:01;XAUUSD;5;1786445833;PROFIT_RATCHET_LOCKED;floor=3.29 peak=9.76;MANAGE_PROFIT;SAFE;1;1;1;-1;-1;4391.79;8.76;8.76;9.76;-3.28;KELLY_LITE;true;0.04;213234.74;0.0417;KELLY_LITE(mult=1.30 taper=1.00 n=20)+HARD_RISK_CAP(2.0%)+MAXLOSS_CAP;213234.74;213243.50;36;0
2026.08.12 02:48:01;XAUUSD;5;1786445833;PROFIT_RATCHET_LOCKED;floor=3.29 peak=9.76;MANAGE_PROFIT;SAFE;1;1;1;-1;-1;4391.79;8.84;8.84;9.76;-3.28;KELLY_LITE;true;0.04;213234.74;0.0417;KELLY_LITE(mult=1.30 taper=1.00 n=20)+HARD_RISK_CAP(2.0%)+MAXLOSS_CAP;213234.74;213243.58;36;0
2026.08.12 02:48:01;XAUUSD;5;1786445833;PROFIT_RATCHET_LOCKED;floor=3.29 peak=9.76;MANAGE_PROFIT;SAFE;1;1;1;-1;-1;4391.79;8.88;8.88;9.76;-3.28;KELLY_LITE;true;0.04;213234.74;0.0417;KELLY_LITE(mult=1.30 taper=1.00 n=20)+HARD_RISK_CAP(2.0%)+MAXLOSS_CAP;213234.74;213243.62;36;0
2026.08.12 02:48:02;XAUUSD;5;1786445833;SL_MODIFIED;ticket=118840018 oldSL=4393.60 newSL=4393.76 reason=break_even_lock_leg_0;MANAGE_PROFIT;SAFE;1;1;1;-1;-1;4391.79;10.28;10.28;9.96;-3.28;KELLY_LITE;true;0.04;213234.74;0.0417;KELLY_LITE(mult=1.30 taper=1.00 n=20)+HARD_RISK_CAP(2.0%)+MAXLOSS_CAP;213234.74;213245.02;36;0
2026.08.12 02:48:02;XAUUSD;5;1786445833;PROFIT_RATCHET_LOCKED;floor=3.36 peak=9.96;MANAGE_PROFIT;SAFE;1;1;1;-1;-1;4391.79;10.28;10.28;9.96;-3.28;KELLY_LITE;true;0.04;213234.74;0.0417;KELLY_LITE(mult=1.30 taper=1.00 n=20)+HARD_RISK_CAP(2.0%)+MAXLOSS_CAP;213234.74;213245.02;36;0
2026.08.12 02:48:03;XAUUSD;5;1786445833;SL_MODIFIED;ticket=118840018 oldSL=4393.76 newSL=4393.84 reason=break_even_lock_leg_0;MANAGE_PROFIT;SAFE;1;1;1;-1;-1;4391.79;11.16;11.36;10.28;-3.28;KELLY_LITE;true;0.04;213234.74;0.0417;KELLY_LITE(mult=1.30 taper=1.00 n=20)+HARD_RISK_CAP(2.0%)+MAXLOSS_CAP;213234.74;213245.90;36;0
2026.08.12 02:48:03;XAUUSD;5;1786445833;PROFIT_RATCHET_LOCKED;floor=3.47 peak=10.28;MANAGE_PROFIT;SAFE;1;1;1;-1;-1;4391.79;11.16;11.36;10.28;-3.28;KELLY_LITE;true;0.04;213234.74;0.0417;KELLY_LITE(mult=1.30 taper=1.00 n=20)+HARD_RISK_CAP(2.0%)+MAXLOSS_CAP;213234.74;213245.90;36;0
2026.08.12 02:48:03;XAUUSD;5;1786445833;SL_MODIFIED;ticket=118840018 oldSL=4393.84 newSL=4394.05 reason=break_even_lock_leg_0 (retry buf=8pt);MANAGE_PROFIT;SAFE;1;1;1;-1;-1;4391.79;11.28;11.28;11.16;-3.28;KELLY_LITE;true;0.04;213234.74;0.0417;KELLY_LITE(mult=1.30 taper=1.00 n=20)+HARD_RISK_CAP(2.0%)+MAXLOSS_CAP;213234.74;213246.02;36;0
2026.08.12 02:48:03;XAUUSD;5;1786445833;PROFIT_RATCHET_LOCKED;floor=3.77 peak=11.16;MANAGE_PROFIT;SAFE;1;1;1;-1;-1;4391.79;11.28;11.28;11.16;-3.28;KELLY_LITE;true;0.04;213234.74;0.0417;KELLY_LITE(mult=1.30 taper=1.00 n=20)+HARD_RISK_CAP(2.0%)+MAXLOSS_CAP;213234.74;213246.02;36;0
2026.08.12 02:48:04;XAUUSD;5;1786445833;SL_MODIFIED;ticket=118840018 oldSL=4394.05 newSL=4394.09 reason=break_even_lock_leg_0;MANAGE_PROFIT;SAFE;1;1;1;-1;-1;4391.79;11.20;11.20;11.28;-3.28;KELLY_LITE;true;0.04;213234.74;0.0417;KELLY_LITE(mult=1.30 taper=1.00 n=20)+HARD_RISK_CAP(2.0%)+MAXLOSS_CAP;213234.74;213245.94;36;0
2026.08.12 02:48:04;XAUUSD;5;1786445833;PROFIT_RATCHET_LOCKED;floor=3.81 peak=11.28;MANAGE_PROFIT;SAFE;1;1;1;-1;-1;4391.79;11.20;11.20;11.28;-3.28;KELLY_LITE;true;0.04;213234.74;0.0417;KELLY_LITE(mult=1.30 taper=1.00 n=20)+HARD_RISK_CAP(2.0%)+MAXLOSS_CAP;213234.74;213245.94;36;0
2026.08.12 02:48:04;XAUUSD;5;1786445833;PROFIT_RATCHET_LOCKED;floor=3.81 peak=11.28;MANAGE_PROFIT;SAFE;1;1;1;-1;-1;4391.79;11.20;11.20;11.28;-3.28;KELLY_LITE;true;0.04;213234.74;0.0417;KELLY_LITE(mult=1.30 taper=1.00 n=20)+HARD_RISK_CAP(2.0%)+MAXLOSS_CAP;213234.74;213245.94;36;0
2026.08.12 02:48:04;XAUUSD;5;1786445833;PROFIT_RATCHET_LOCKED;floor=3.81 peak=11.28;MANAGE_PROFIT;SAFE;1;1;1;-1;-1;4391.79;11.16;11.16;11.28;-3.28;KELLY_LITE;true;0.04;213234.74;0.0417;KELLY_LITE(mult=1.30 taper=1.00 n=20)+HARD_RISK_CAP(2.0%)+MAXLOSS_CAP;213234.74;213245.90;36;0
2026.08.12 02:48:04;XAUUSD;5;1786445833;PROFIT_RATCHET_LOCKED;floor=3.81 peak=11.28;MANAGE_PROFIT;SAFE;1;1;1;-1;-1;4391.79;10.08;10.08;11.28;-3.28;KELLY_LITE;true;0.04;213234.74;0.0417;KELLY_LITE(mult=1.30 taper=1.00 n=20)+HARD_RISK_CAP(2.0%)+MAXLOSS_CAP;213234.74;213244.82;36;0
2026.08.12 02:48:05;XAUUSD;5;1786445833;PROFIT_RATCHET_LOCKED;floor=3.81 peak=11.28;MANAGE_PROFIT;SAFE;1;1;1;-1;-1;4391.79;10.36;10.36;11.28;-3.28;KELLY_LITE;true;0.04;213234.74;0.0417;KELLY_LITE(mult=1.30 taper=1.00 n=20)+HARD_RISK_CAP(2.0%)+MAXLOSS_CAP;213234.74;213245.10;36;0
2026.08.12 02:48:05;XAUUSD;5;1786445833;PROFIT_RATCHET_LOCKED;floor=3.81 peak=11.28;MANAGE_PROFIT;SAFE;1;1;1;-1;-1;4391.79;10.28;10.28;11.28;-3.28;KELLY_LITE;true;0.04;213234.74;0.0417;KELLY_LITE(mult=1.30 taper=1.00 n=20)+HARD_RISK_CAP(2.0%)+MAXLOSS_CAP;213234.74;213245.02;36;0
2026.08.12 02:48:05;XAUUSD;5;1786445833;PROFIT_RATCHET_LOCKED;floor=3.81 peak=11.28;MANAGE_PROFIT;SAFE;1;1;1;-1;-1;4391.79;10.36;10.36;11.28;-3.28;KELLY_LITE;true;0.04;213234.74;0.0417;KELLY_LITE(mult=1.30 taper=1.00 n=20)+HARD_RISK_CAP(2.0%)+MAXLOSS_CAP;213234.74;213245.10;36;0
2026.08.12 02:48:06;XAUUSD;5;1786445833;PROFIT_RATCHET_LOCKED;floor=3.81 peak=11.28;MANAGE_PROFIT;SAFE;1;1;1;-1;-1;4391.79;10.56;10.56;11.28;-3.28;KELLY_LITE;true;0.04;213234.74;0.0417;KELLY_LITE(mult=1.30 taper=1.00 n=20)+HARD_RISK_CAP(2.0%)+MAXLOSS_CAP;213234.74;213245.30;36;0
2026.08.12 02:48:06;XAUUSD;5;1786445833;PROFIT_RATCHET_LOCKED;floor=3.81 peak=11.28;MANAGE_PROFIT;SAFE;1;1;1;-1;-1;4391.79;10.68;10.68;11.28;-3.28;KELLY_LITE;true;0.04;213234.74;0.0417;KELLY_LITE(mult=1.30 taper=1.00 n=20)+HARD_RISK_CAP(2.0%)+MAXLOSS_CAP;213234.74;213245.42;36;0
2026.08.12 02:48:06;XAUUSD;5;1786445833;PROFIT_RATCHET_LOCKED;floor=3.83 peak=11.36;MANAGE_PROFIT;SAFE;1;1;1;-1;-1;4391.79;11.36;11.36;11.36;-3.28;KELLY_LITE;true;0.04;213234.74;0.0417;KELLY_LITE(mult=1.30 taper=1.00 n=20)+HARD_RISK_CAP(2.0%)+MAXLOSS_CAP;213234.74;213246.10;36;0
2026.08.12 02:48:07;XAUUSD;5;1786445833;PROFIT_RATCHET_LOCKED;floor=3.83 peak=11.36;MANAGE_PROFIT;SAFE;1;1;1;-1;-1;4391.79;10.84;10.84;11.36;-3.28;KELLY_LITE;true;0.04;213234.74;0.0417;KELLY_LITE(mult=1.30 taper=1.00 n=20)+HARD_RISK_CAP(2.0%)+MAXLOSS_CAP;213234.74;213245.58;36;0
2026.08.12 02:48:07;XAUUSD;5;1786445833;PROFIT_RATCHET_LOCKED;floor=3.83 peak=11.36;MANAGE_PROFIT;SAFE;1;1;1;-1;-1;4391.79;10.44;10.44;11.36;-3.28;KELLY_LITE;true;0.04;213234.74;0.0417;KELLY_LITE(mult=1.30 taper=1.00 n=20)+HARD_RISK_CAP(2.0%)+MAXLOSS_CAP;213234.74;213245.18;36;0
2026.08.12 02:48:07;XAUUSD;5;1786445833;PROFIT_RATCHET_LOCKED;floor=3.83 peak=11.36;MANAGE_PROFIT;SAFE;1;1;1;-1;-1;4391.79;10.72;10.72;11.36;-3.28;KELLY_LITE;true;0.04;213234.74;0.0417;KELLY_LITE(mult=1.30 taper=1.00 n=20)+HARD_RISK_CAP(2.0%)+MAXLOSS_CAP;213234.74;213245.46;36;0
2026.08.12 02:48:08;XAUUSD;5;1786445833;PROFIT_RATCHET_LOCKED;floor=3.83 peak=11.36;MANAGE_PROFIT;SAFE;1;1;1;-1;-1;4391.79;10.80;10.80;11.36;-3.28;KELLY_LITE;true;0.04;213234.74;0.0417;KELLY_LITE(mult=1.30 taper=1.00 n=20)+HARD_RISK_CAP(2.0%)+MAXLOSS_CAP;213234.74;213245.54;36;0
2026.08.12 02:48:08;XAUUSD;5;1786445833;PROFIT_RATCHET_LOCKED;floor=3.83 peak=11.36;MANAGE_PROFIT;SAFE;1;1;1;-1;-1;4391.79;10.52;10.52;11.36;-3.28;KELLY_LITE;true;0.04;213234.74;0.0417;KELLY_LITE(mult=1.30 taper=1.00 n=20)+HARD_RISK_CAP(2.0%)+MAXLOSS_CAP;213234.74;213245.26;36;0
2026.08.12 02:48:08;XAUUSD;5;1786445833;PROFIT_RATCHET_LOCKED;floor=3.83 peak=11.36;MANAGE_PROFIT;SAFE;1;1;1;-1;-1;4391.79;10.64;10.64;11.36;-3.28;KELLY_LITE;true;0.04;213234.74;0.0417;KELLY_LITE(mult=1.30 taper=1.00 n=20)+HARD_RISK_CAP(2.0%)+MAXLOSS_CAP;213234.74;213245.38;36;0
2026.08.12 02:48:09;XAUUSD;5;1786445833;PROFIT_RATCHET_LOCKED;floor=3.83 peak=11.36;MANAGE_PROFIT;SAFE;1;1;1;-1;-1;4391.79;10.76;10.76;11.36;-3.28;KELLY_LITE;true;0.04;213234.74;0.0417;KELLY_LITE(mult=1.30 taper=1.00 n=20)+HARD_RISK_CAP(2.0%)+MAXLOSS_CAP;213234.74;213245.50;36;0
2026.08.12 02:48:09;XAUUSD;5;1786445833;PROFIT_RATCHET_LOCKED;floor=3.83 peak=11.36;MANAGE_PROFIT;SAFE;1;1;1;-1;-1;4391.79;10.68;10.68;11.36;-3.28;KELLY_LITE;true;0.04;213234.74;0.0417;KELLY_LITE(mult=1.30 taper=1.00 n=20)+HARD_RISK_CAP(2.0%)+MAXLOSS_CAP;213234.74;213245.42;36;0
2026.08.12 02:48:09;XAUUSD;5;1786445833;PROFIT_RATCHET_LOCKED;floor=3.83 peak=11.36;MANAGE_PROFIT;SAFE;1;1;1;-1;-1;4391.79;11.20;11.20;11.36;-3.28;KELLY_LITE;true;0.04;213234.74;0.0417;KELLY_LITE(mult=1.30 taper=1.00 n=20)+HARD_RISK_CAP(2.0%)+MAXLOSS_CAP;213234.74;213245.94;36;0
2026.08.12 02:48:10;XAUUSD;5;1786445833;SL_MODIFIED;ticket=118840018 oldSL=4394.09 newSL=4394.13 reason=break_even_lock_leg_0;MANAGE_PROFIT;SAFE;1;1;1;-1;-1;4391.79;11.72;11.72;11.44;-3.28;KELLY_LITE;true;0.04;213234.74;0.0417;KELLY_LITE(mult=1.30 taper=1.00 n=20)+HARD_RISK_CAP(2.0%)+MAXLOSS_CAP;213234.74;213246.46;36;0
2026.08.12 02:48:10;XAUUSD;5;1786445833;PROFIT_RATCHET_LOCKED;floor=3.86 peak=11.44;MANAGE_PROFIT;SAFE;1;1;1;-1;-1;4391.79;11.72;11.72;11.44;-3.28;KELLY_LITE;true;0.04;213234.74;0.0417;KELLY_LITE(mult=1.30 taper=1.00 n=20)+HARD_RISK_CAP(2.0%)+MAXLOSS_CAP;213234.74;213246.46;36;0
2026.08.12 02:48:11;XAUUSD;5;1786445833;SL_MODIFIED;ticket=118840018 oldSL=4394.13 newSL=4394.20 reason=break_even_lock_leg_0;MANAGE_PROFIT;SAFE;1;1;1;-1;-1;4391.79;11.72;11.72;11.72;-3.28;KELLY_LITE;true;0.04;213234.74;0.0417;KELLY_LITE(mult=1.30 taper=1.00 n=20)+HARD_RISK_CAP(2.0%)+MAXLOSS_CAP;213234.74;213246.46;36;0
2026.08.12 02:48:11;XAUUSD;5;1786445833;PROFIT_RATCHET_LOCKED;floor=3.96 peak=11.72;MANAGE_PROFIT;SAFE;1;1;1;-1;-1;4391.79;11.72;11.72;11.72;-3.28;KELLY_LITE;true;0.04;213234.74;0.0417;KELLY_LITE(mult=1.30 taper=1.00 n=20)+HARD_RISK_CAP(2.0%)+MAXLOSS_CAP;213234.74;213246.46;36;0
2026.08.12 02:48:11;XAUUSD;5;1786445833;PROFIT_RATCHET_LOCKED;floor=3.96 peak=11.72;MANAGE_PROFIT;SAFE;1;1;1;-1;-1;4391.79;11.64;11.64;11.72;-3.28;KELLY_LITE;true;0.04;213234.74;0.0417;KELLY_LITE(mult=1.30 taper=1.00 n=20)+HARD_RISK_CAP(2.0%)+MAXLOSS_CAP;213234.74;213246.38;36;0
2026.08.12 02:48:11;XAUUSD;5;1786445833;PROFIT_RATCHET_LOCKED;floor=3.96 peak=11.72;MANAGE_PROFIT;SAFE;1;1;1;-1;-1;4391.79;11.68;11.68;11.72;-3.28;KELLY_LITE;true;0.04;213234.74;0.0417;KELLY_LITE(mult=1.30 taper=1.00 n=20)+HARD_RISK_CAP(2.0%)+MAXLOSS_CAP;213234.74;213246.42;36;0
2026.08.12 02:48:12;XAUUSD;5;1786445833;SL_MODIFIED;ticket=118840018 oldSL=4394.20 newSL=4394.29 reason=break_even_lock_leg_0;MANAGE_PROFIT;SAFE;1;1;1;-1;-1;4391.79;12.88;12.88;12.08;-3.28;KELLY_LITE;true;0.04;213234.74;0.0417;KELLY_LITE(mult=1.30 taper=1.00 n=20)+HARD_RISK_CAP(2.0%)+MAXLOSS_CAP;213234.74;213247.62;37;0
2026.08.12 02:48:12;XAUUSD;5;1786445833;PROFIT_RATCHET_LOCKED;floor=4.08 peak=12.08;MANAGE_PROFIT;SAFE;1;1;1;-1;-1;4391.79;12.88;12.88;12.08;-3.28;KELLY_LITE;true;0.04;213234.74;0.0417;KELLY_LITE(mult=1.30 taper=1.00 n=20)+HARD_RISK_CAP(2.0%)+MAXLOSS_CAP;213234.74;213247.62;37;0
2026.08.12 02:48:12;XAUUSD;5;1786445833;SL_MODIFIED;ticket=118840018 oldSL=4394.29 newSL=4394.49 reason=break_even_lock_leg_0;MANAGE_PROFIT;SAFE;1;1;1;-1;-1;4391.79;12.84;12.84;12.88;-3.28;KELLY_LITE;true;0.04;213234.74;0.0417;KELLY_LITE(mult=1.30 taper=1.00 n=20)+HARD_RISK_CAP(2.0%)+MAXLOSS_CAP;213234.74;213247.58;36;0
2026.08.12 02:48:12;XAUUSD;5;1786445833;PROFIT_RATCHET_LOCKED;floor=4.35 peak=12.88;MANAGE_PROFIT;SAFE;1;1;1;-1;-1;4391.79;12.84;12.84;12.88;-3.28;KELLY_LITE;true;0.04;213234.74;0.0417;KELLY_LITE(mult=1.30 taper=1.00 n=20)+HARD_RISK_CAP(2.0%)+MAXLOSS_CAP;213234.74;213247.58;36;0
2026.08.12 02:48:12;XAUUSD;5;1786445833;PROFIT_RATCHET_LOCKED;floor=4.35 peak=12.88;MANAGE_PROFIT;SAFE;1;1;1;-1;-1;4391.79;12.84;12.84;12.88;-3.28;KELLY_LITE;true;0.04;213234.74;0.0417;KELLY_LITE(mult=1.30 taper=1.00 n=20)+HARD_RISK_CAP(2.0%)+MAXLOSS_CAP;213234.74;213247.58;36;0
2026.08.12 02:48:13;XAUUSD;5;1786445833;PROFIT_RATCHET_LOCKED;floor=4.35 peak=12.88;MANAGE_PROFIT;SAFE;1;1;1;-1;-1;4391.79;12.28;12.28;12.88;-3.28;KELLY_LITE;true;0.04;213234.74;0.0417;KELLY_LITE(mult=1.30 taper=1.00 n=20)+HARD_RISK_CAP(2.0%)+MAXLOSS_CAP;213234.74;213247.02;36;0
2026.08.12 02:48:13;XAUUSD;5;1786445833;PROFIT_RATCHET_LOCKED;floor=4.35 peak=12.88;MANAGE_PROFIT;SAFE;1;1;1;-1;-1;4391.79;12.56;12.56;12.88;-3.28;KELLY_LITE;true;0.04;213234.74;0.0417;KELLY_LITE(mult=1.30 taper=1.00 n=20)+HARD_RISK_CAP(2.0%)+MAXLOSS_CAP;213234.74;213247.30;36;0
2026.08.12 02:48:13;XAUUSD;5;1786445833;PROFIT_RATCHET_LOCKED;floor=4.35 peak=12.88;MANAGE_PROFIT;SAFE;1;1;1;-1;-1;4391.79;12.68;12.68;12.88;-3.28;KELLY_LITE;true;0.04;213234.74;0.0417;KELLY_LITE(mult=1.30 taper=1.00 n=20)+HARD_RISK_CAP(2.0%)+MAXLOSS_CAP;213234.74;213247.42;36;0
2026.08.12 02:48:14;XAUUSD;5;1786445833;PROFIT_RATCHET_LOCKED;floor=4.35 peak=12.88;MANAGE_PROFIT;SAFE;1;1;1;-1;-1;4391.79;12.76;12.76;12.88;-3.28;KELLY_LITE;true;0.04;213234.74;0.0417;KELLY_LITE(mult=1.30 taper=1.00 n=20)+HARD_RISK_CAP(2.0%)+MAXLOSS_CAP;213234.74;213247.50;36;0
2026.08.12 02:48:14;XAUUSD;5;1786445833;SL_MODIFIED;ticket=118840018 oldSL=4394.49 newSL=4394.54 reason=break_even_lock_leg_0;MANAGE_PROFIT;SAFE;1;1;1;-1;-1;4391.79;13.72;13.72;13.08;-3.28;KELLY_LITE;true;0.04;213234.74;0.0417;KELLY_LITE(mult=1.30 taper=1.00 n=20)+HARD_RISK_CAP(2.0%)+MAXLOSS_CAP;213234.74;213248.46;36;0
2026.08.12 02:48:14;XAUUSD;5;1786445833;PROFIT_RATCHET_LOCKED;floor=4.41 peak=13.08;MANAGE_PROFIT;SAFE;1;1;1;-1;-1;4391.79;13.72;13.72;13.08;-3.28;KELLY_LITE;true;0.04;213234.74;0.0417;KELLY_LITE(mult=1.30 taper=1.00 n=20)+HARD_RISK_CAP(2.0%)+MAXLOSS_CAP;213234.74;213248.46;36;0
2026.08.12 02:48:15;XAUUSD;5;1786445833;SL_MODIFIED;ticket=118840018 oldSL=4394.54 newSL=4394.70 reason=break_even_lock_leg_0;MANAGE_PROFIT;SAFE;1;1;1;-1;-1;4391.79;13.72;13.72;13.72;-3.28;KELLY_LITE;true;0.04;213234.74;0.0417;KELLY_LITE(mult=1.30 taper=1.00 n=20)+HARD_RISK_CAP(2.0%)+MAXLOSS_CAP;213234.74;213248.46;36;0
2026.08.12 02:48:15;XAUUSD;5;1786445833;PROFIT_RATCHET_LOCKED;floor=4.63 peak=13.72;MANAGE_PROFIT;SAFE;1;1;1;-1;-1;4391.79;13.72;13.72;13.72;-3.28;KELLY_LITE;true;0.04;213234.74;0.0417;KELLY_LITE(mult=1.30 taper=1.00 n=20)+HARD_RISK_CAP(2.0%)+MAXLOSS_CAP;213234.74;213248.46;36;0
2026.08.12 02:48:15;XAUUSD;5;1786445833;SL_MODIFIED;ticket=118840018 oldSL=4394.70 newSL=4394.78 reason=break_even_lock_leg_0;MANAGE_PROFIT;SAFE;1;1;1;-1;-1;4391.79;14.04;14.04;14.04;-3.28;KELLY_LITE;true;0.04;213234.74;0.0417;KELLY_LITE(mult=1.30 taper=1.00 n=20)+HARD_RISK_CAP(2.0%)+MAXLOSS_CAP;213234.74;213248.78;36;0
2026.08.12 02:48:15;XAUUSD;5;1786445833;PROFIT_RATCHET_LOCKED;floor=4.74 peak=14.04;MANAGE_PROFIT;SAFE;1;1;1;-1;-1;4391.79;14.04;14.04;14.04;-3.28;KELLY_LITE;true;0.04;213234.74;0.0417;KELLY_LITE(mult=1.30 taper=1.00 n=20)+HARD_RISK_CAP(2.0%)+MAXLOSS_CAP;213234.74;213248.78;36;0
2026.08.12 02:48:16;XAUUSD;5;1786445833;PROFIT_RATCHET_LOCKED;floor=4.74 peak=14.04;MANAGE_PROFIT;SAFE;1;1;1;-1;-1;4391.79;13.68;13.68;14.04;-3.28;KELLY_LITE;true;0.04;213234.74;0.0417;KELLY_LITE(mult=1.30 taper=1.00 n=20)+HARD_RISK_CAP(2.0%)+MAXLOSS_CAP;213234.74;213248.42;36;0
2026.08.12 02:48:16;XAUUSD;5;1786445833;PROFIT_RATCHET_LOCKED;floor=4.74 peak=14.04;MANAGE_PROFIT;SAFE;1;1;1;-1;-1;4391.79;13.64;13.64;14.04;-3.28;KELLY_LITE;true;0.04;213234.74;0.0417;KELLY_LITE(mult=1.30 taper=1.00 n=20)+HARD_RISK_CAP(2.0%)+MAXLOSS_CAP;213234.74;213248.38;36;0
2026.08.12 02:48:16;XAUUSD;5;1786445833;PROFIT_RATCHET_LOCKED;floor=4.74 peak=14.04;MANAGE_PROFIT;SAFE;1;1;1;-1;-1;4391.79;13.80;13.80;14.04;-3.28;KELLY_LITE;true;0.04;213234.74;0.0417;KELLY_LITE(mult=1.30 taper=1.00 n=20)+HARD_RISK_CAP(2.0%)+MAXLOSS_CAP;213234.74;213248.54;36;0
2026.08.12 02:48:17;XAUUSD;5;1786445833;PROFIT_RATCHET_LOCKED;floor=4.74 peak=14.04;MANAGE_PROFIT;SAFE;1;1;1;-1;-1;4391.79;13.64;13.64;14.04;-3.28;KELLY_LITE;true;0.04;213234.74;0.0417;KELLY_LITE(mult=1.30 taper=1.00 n=20)+HARD_RISK_CAP(2.0%)+MAXLOSS_CAP;213234.74;213248.38;36;0
2026.08.12 02:48:17;XAUUSD;5;1786445833;PROFIT_RATCHET_LOCKED;floor=4.74 peak=14.04;MANAGE_PROFIT;SAFE;1;1;1;-1;-1;4391.79;13.76;13.76;14.04;-3.28;KELLY_LITE;true;0.04;213234.74;0.0417;KELLY_LITE(mult=1.30 taper=1.00 n=20)+HARD_RISK_CAP(2.0%)+MAXLOSS_CAP;213234.74;213248.50;36;0
2026.08.12 02:48:17;XAUUSD;5;1786445833;PROFIT_RATCHET_LOCKED;floor=4.74 peak=14.04;MANAGE_PROFIT;SAFE;1;1;1;-1;-1;4391.79;13.92;13.92;14.04;-3.28;KELLY_LITE;true;0.04;213234.74;0.0417;KELLY_LITE(mult=1.30 taper=1.00 n=20)+HARD_RISK_CAP(2.0%)+MAXLOSS_CAP;213234.74;213248.66;36;0
2026.08.12 02:48:18;XAUUSD;5;1786445833;PROFIT_RATCHET_LOCKED;floor=4.74 peak=14.04;MANAGE_PROFIT;SAFE;1;1;1;-1;-1;4391.79;14.00;14.00;14.04;-3.28;KELLY_LITE;true;0.04;213234.74;0.0417;KELLY_LITE(mult=1.30 taper=1.00 n=20)+HARD_RISK_CAP(2.0%)+MAXLOSS_CAP;213234.74;213248.74;36;0
2026.08.12 02:48:18;XAUUSD;5;1786445833;SL_MODIFIED;ticket=118840018 oldSL=4394.78 newSL=4394.87 reason=break_even_lock_leg_0;MANAGE_PROFIT;SAFE;1;1;1;-1;-1;4391.79;14.32;14.32;14.40;-3.28;KELLY_LITE;true;0.04;213234.74;0.0417;KELLY_LITE(mult=1.30 taper=1.00 n=20)+HARD_RISK_CAP(2.0%)+MAXLOSS_CAP;213234.74;213249.06;36;0
2026.08.12 02:48:18;XAUUSD;5;1786445833;PROFIT_RATCHET_LOCKED;floor=4.86 peak=14.40;MANAGE_PROFIT;SAFE;1;1;1;-1;-1;4391.79;14.32;14.32;14.40;-3.28;KELLY_LITE;true;0.04;213234.74;0.0417;KELLY_LITE(mult=1.30 taper=1.00 n=20)+HARD_RISK_CAP(2.0%)+MAXLOSS_CAP;213234.74;213249.06;36;0
2026.08.12 02:48:18;XAUUSD;5;1786445833;PROFIT_RATCHET_LOCKED;floor=4.86 peak=14.40;MANAGE_PROFIT;SAFE;1;1;1;-1;-1;4391.79;14.32;14.32;14.40;-3.28;KELLY_LITE;true;0.04;213234.74;0.0417;KELLY_LITE(mult=1.30 taper=1.00 n=20)+HARD_RISK_CAP(2.0%)+MAXLOSS_CAP;213234.74;213249.06;36;0
2026.08.12 02:48:19;XAUUSD;5;1786445833;PROFIT_RATCHET_LOCKED;floor=4.86 peak=14.40;MANAGE_PROFIT;SAFE;1;1;1;-1;-1;4391.79;14.40;14.40;14.40;-3.28;KELLY_LITE;true;0.04;213234.74;0.0417;KELLY_LITE(mult=1.30 taper=1.00 n=20)+HARD_RISK_CAP(2.0%)+MAXLOSS_CAP;213234.74;213249.14;36;0
2026.08.12 02:48:19;XAUUSD;5;1786445833;SL_MODIFIED;ticket=118840018 oldSL=4394.87 newSL=4395.03 reason=break_even_lock_leg_0;MANAGE_PROFIT;SAFE;1;1;1;-1;-1;4391.79;15.44;15.44;15.04;-3.28;KELLY_LITE;true;0.04;213234.74;0.0417;KELLY_LITE(mult=1.30 taper=1.00 n=20)+HARD_RISK_CAP(2.0%)+MAXLOSS_CAP;213234.74;213250.18;36;0
2026.08.12 02:48:19;XAUUSD;5;1786445833;PROFIT_RATCHET_LOCKED;floor=5.08 peak=15.04;MANAGE_PROFIT;SAFE;1;1;1;-1;-1;4391.79;15.44;15.44;15.04;-3.28;KELLY_LITE;true;0.04;213234.74;0.0417;KELLY_LITE(mult=1.30 taper=1.00 n=20)+HARD_RISK_CAP(2.0%)+MAXLOSS_CAP;213234.74;213250.18;36;0
2026.08.12 02:48:20;XAUUSD;5;1786445833;SL_MODIFIED;ticket=118840018 oldSL=4395.03 newSL=4395.07 reason=break_even_lock_leg_0 (retry buf=3pt);MANAGE_PROFIT;SAFE;1;1;1;-1;-1;4391.79;15.28;15.28;15.44;-3.28;KELLY_LITE;true;0.04;213234.74;0.0417;KELLY_LITE(mult=1.30 taper=1.00 n=20)+HARD_RISK_CAP(2.0%)+MAXLOSS_CAP;213234.74;213250.02;36;0
2026.08.12 02:48:20;XAUUSD;5;1786445833;PROFIT_RATCHET_LOCKED;floor=5.21 peak=15.44;MANAGE_PROFIT;SAFE;1;1;1;-1;-1;4391.79;15.28;15.28;15.44;-3.28;KELLY_LITE;true;0.04;213234.74;0.0417;KELLY_LITE(mult=1.30 taper=1.00 n=20)+HARD_RISK_CAP(2.0%)+MAXLOSS_CAP;213234.74;213250.02;36;0
2026.08.12 02:48:21;XAUUSD;5;1786445833;SL_MODIFY_FAILED;ticket=118840018 newSL=4395.09 reason=break_even_lock_leg_0 err=0;MANAGE_PROFIT;SAFE;1;1;1;-1;-1;4391.79;15.08;15.08;15.44;-3.28;KELLY_LITE;true;0.04;213234.74;0.0417;KELLY_LITE(mult=1.30 taper=1.00 n=20)+HARD_RISK_CAP(2.0%)+MAXLOSS_CAP;213234.74;213249.82;36;0
2026.08.12 02:48:21;XAUUSD;5;1786445833;PROFIT_RATCHET_LOCKED;floor=5.21 peak=15.44;MANAGE_PROFIT;SAFE;1;1;1;-1;-1;4391.79;15.08;15.08;15.44;-3.28;KELLY_LITE;true;0.04;213234.74;0.0417;KELLY_LITE(mult=1.30 taper=1.00 n=20)+HARD_RISK_CAP(2.0%)+MAXLOSS_CAP;213234.74;213249.82;36;0
2026.08.12 02:48:21;XAUUSD;5;1786445833;PROFIT_RATCHET_LOCKED;floor=5.21 peak=15.44;MANAGE_PROFIT;SAFE;1;1;1;-1;-1;4391.79;15.08;15.08;15.44;-3.28;KELLY_LITE;true;0.04;213234.74;0.0417;KELLY_LITE(mult=1.30 taper=1.00 n=20)+HARD_RISK_CAP(2.0%)+MAXLOSS_CAP;213234.74;213249.82;36;0
2026.08.12 02:48:21;XAUUSD;5;1786445833;PROFIT_RATCHET_LOCKED;floor=5.21 peak=15.44;MANAGE_PROFIT;SAFE;1;1;1;-1;-1;4391.79;15.24;15.24;15.44;-3.28;KELLY_LITE;true;0.04;213234.74;0.0417;KELLY_LITE(mult=1.30 taper=1.00 n=20)+HARD_RISK_CAP(2.0%)+MAXLOSS_CAP;213234.74;213249.98;36;0
2026.08.12 02:48:21;XAUUSD;5;1786445833;PROFIT_RATCHET_LOCKED;floor=5.21 peak=15.44;MANAGE_PROFIT;SAFE;1;1;1;-1;-1;4391.79;14.80;14.80;15.44;-3.28;KELLY_LITE;true;0.04;213234.74;0.0417;KELLY_LITE(mult=1.30 taper=1.00 n=20)+HARD_RISK_CAP(2.0%)+MAXLOSS_CAP;213234.74;213249.54;36;0
2026.08.12 02:48:21;XAUUSD;5;1786445833;PROFIT_RATCHET_LOCKED;floor=5.21 peak=15.44;MANAGE_PROFIT;SAFE;1;1;1;-1;-1;4391.79;14.60;14.60;15.44;-3.28;KELLY_LITE;true;0.04;213234.74;0.0417;KELLY_LITE(mult=1.30 taper=1.00 n=20)+HARD_RISK_CAP(2.0%)+MAXLOSS_CAP;213234.74;213249.34;36;0
2026.08.12 02:48:22;XAUUSD;5;1786445833;PROFIT_RATCHET_LOCKED;floor=5.21 peak=15.44;MANAGE_PROFIT;SAFE;1;1;1;-1;-1;4391.79;14.56;14.56;15.44;-3.28;KELLY_LITE;true;0.04;213234.74;0.0417;KELLY_LITE(mult=1.30 taper=1.00 n=20)+HARD_RISK_CAP(2.0%)+MAXLOSS_CAP;213234.74;213249.30;36;0
2026.08.12 02:48:22;XAUUSD;5;1786445833;PROFIT_RATCHET_LOCKED;floor=5.21 peak=15.44;MANAGE_PROFIT;SAFE;1;1;1;-1;-1;4391.79;14.48;14.48;15.44;-3.28;KELLY_LITE;true;0.04;213234.74;0.0417;KELLY_LITE(mult=1.30 taper=1.00 n=20)+HARD_RISK_CAP(2.0%)+MAXLOSS_CAP;213234.74;213249.22;36;0
2026.08.12 02:48:22;XAUUSD;5;1786445833;PROFIT_RATCHET_LOCKED;floor=5.21 peak=15.44;MANAGE_PROFIT;SAFE;1;1;1;-1;-1;4391.79;15.04;15.04;15.44;-3.28;KELLY_LITE;true;0.04;213234.74;0.0417;KELLY_LITE(mult=1.30 taper=1.00 n=20)+HARD_RISK_CAP(2.0%)+MAXLOSS_CAP;213234.74;213249.78;36;0
2026.08.12 02:48:23;XAUUSD;5;1786445833;PROFIT_RATCHET_LOCKED;floor=5.21 peak=15.44;MANAGE_PROFIT;SAFE;1;1;1;-1;-1;4391.79;13.96;13.96;15.44;-3.28;KELLY_LITE;true;0.04;213234.74;0.0417;KELLY_LITE(mult=1.30 taper=1.00 n=20)+HARD_RISK_CAP(2.0%)+MAXLOSS_CAP;213234.74;213248.70;36;0
2026.08.12 02:48:23;XAUUSD;5;1786445833;PROFIT_RATCHET_LOCKED;floor=5.21 peak=15.44;MANAGE_PROFIT;SAFE;1;1;1;-1;-1;4391.79;13.56;13.56;15.44;-3.28;KELLY_LITE;true;0.04;213234.74;0.0417;KELLY_LITE(mult=1.30 taper=1.00 n=20)+HARD_RISK_CAP(2.0%)+MAXLOSS_CAP;213234.74;213248.30;36;0
2026.08.12 02:48:23;XAUUSD;5;1786445833;PROFIT_RATCHET_LOCKED;floor=5.21 peak=15.44;MANAGE_PROFIT;SAFE;1;1;1;-1;-1;4391.79;14.48;14.48;15.44;-3.28;KELLY_LITE;true;0.04;213234.74;0.0417;KELLY_LITE(mult=1.30 taper=1.00 n=20)+HARD_RISK_CAP(2.0%)+MAXLOSS_CAP;213234.74;213249.22;36;0
2026.08.12 02:48:24;XAUUSD;5;1786445833;PROFIT_RATCHET_LOCKED;floor=5.21 peak=15.44;MANAGE_PROFIT;SAFE;1;1;1;-1;-1;4391.79;14.56;14.56;15.44;-3.28;KELLY_LITE;true;0.04;213234.74;0.0417;KELLY_LITE(mult=1.30 taper=1.00 n=20)+HARD_RISK_CAP(2.0%)+MAXLOSS_CAP;213234.74;213249.30;36;0
2026.08.12 02:48:24;XAUUSD;5;1786445833;PROFIT_RATCHET_LOCKED;floor=5.21 peak=15.44;MANAGE_PROFIT;SAFE;1;1;1;-1;-1;4391.79;14.32;14.32;15.44;-3.28;KELLY_LITE;true;0.04;213234.74;0.0417;KELLY_LITE(mult=1.30 taper=1.00 n=20)+HARD_RISK_CAP(2.0%)+MAXLOSS_CAP;213234.74;213249.06;36;0
2026.08.12 02:48:24;XAUUSD;5;1786445833;PROFIT_RATCHET_LOCKED;floor=5.21 peak=15.44;MANAGE_PROFIT;SAFE;1;1;1;-1;-1;4391.79;14.44;14.44;15.44;-3.28;KELLY_LITE;true;0.04;213234.74;0.0417;KELLY_LITE(mult=1.30 taper=1.00 n=20)+HARD_RISK_CAP(2.0%)+MAXLOSS_CAP;213234.74;213249.18;36;0
2026.08.12 02:48:24;XAUUSD;5;1786445833;PROFIT_RATCHET_LOCKED;floor=5.21 peak=15.44;MANAGE_PROFIT;SAFE;1;1;1;-1;-1;4391.79;14.52;14.52;15.44;-3.28;KELLY_LITE;true;0.04;213234.74;0.0417;KELLY_LITE(mult=1.30 taper=1.00 n=20)+HARD_RISK_CAP(2.0%)+MAXLOSS_CAP;213234.74;213249.26;36;0
2026.08.12 02:48:24;XAUUSD;5;1786445833;PROFIT_RATCHET_LOCKED;floor=5.21 peak=15.44;MANAGE_PROFIT;SAFE;1;1;1;-1;-1;4391.79;14.48;14.48;15.44;-3.28;KELLY_LITE;true;0.04;213234.74;0.0417;KELLY_LITE(mult=1.30 taper=1.00 n=20)+HARD_RISK_CAP(2.0%)+MAXLOSS_CAP;213234.74;213249.22;36;0
2026.08.12 02:48:25;XAUUSD;5;1786445833;PROFIT_RATCHET_LOCKED;floor=5.21 peak=15.44;MANAGE_PROFIT;SAFE;1;1;1;-1;-1;4391.79;14.52;14.52;15.44;-3.28;KELLY_LITE;true;0.04;213234.74;0.0417;KELLY_LITE(mult=1.30 taper=1.00 n=20)+HARD_RISK_CAP(2.0%)+MAXLOSS_CAP;213234.74;213249.26;36;0
2026.08.12 02:48:25;XAUUSD;5;1786445833;PROFIT_RATCHET_LOCKED;floor=5.21 peak=15.44;MANAGE_PROFIT;SAFE;1;1;1;-1;-1;4391.79;14.44;14.44;15.44;-3.28;KELLY_LITE;true;0.04;213234.74;0.0417;KELLY_LITE(mult=1.30 taper=1.00 n=20)+HARD_RISK_CAP(2.0%)+MAXLOSS_CAP;213234.74;213249.18;36;0
2026.08.12 02:48:25;XAUUSD;5;1786445833;PROFIT_RATCHET_LOCKED;floor=5.21 peak=15.44;MANAGE_PROFIT;SAFE;1;1;1;-1;-1;4391.79;15.12;15.12;15.44;-3.28;KELLY_LITE;true;0.04;213234.74;0.0417;KELLY_LITE(mult=1.30 taper=1.00 n=20)+HARD_RISK_CAP(2.0%)+MAXLOSS_CAP;213234.74;213249.86;36;0
2026.08.12 02:48:25;XAUUSD;5;1786445833;PROFIT_RATCHET_LOCKED;floor=5.21 peak=15.44;MANAGE_PROFIT;SAFE;1;1;1;-1;-1;4391.79;14.92;14.92;15.44;-3.28;KELLY_LITE;true;0.04;213234.74;0.0417;KELLY_LITE(mult=1.30 taper=1.00 n=20)+HARD_RISK_CAP(2.0%)+MAXLOSS_CAP;213234.74;213249.66;36;0
2026.08.12 02:48:26;XAUUSD;5;1786445833;PROFIT_RATCHET_LOCKED;floor=5.21 peak=15.44;MANAGE_PROFIT;SAFE;1;1;1;-1;-1;4391.79;14.88;14.88;15.44;-3.28;KELLY_LITE;true;0.04;213234.74;0.0417;KELLY_LITE(mult=1.30 taper=1.00 n=20)+HARD_RISK_CAP(2.0%)+MAXLOSS_CAP;213234.74;213249.62;36;0
2026.08.12 02:48:26;XAUUSD;5;1786445833;PROFIT_RATCHET_LOCKED;floor=5.21 peak=15.44;MANAGE_PROFIT;SAFE;1;1;1;-1;-1;4391.79;14.68;14.68;15.44;-3.28;KELLY_LITE;true;0.04;213234.74;0.0417;KELLY_LITE(mult=1.30 taper=1.00 n=20)+HARD_RISK_CAP(2.0%)+MAXLOSS_CAP;213234.74;213249.42;36;0
2026.08.12 02:48:26;XAUUSD;5;1786445833;PROFIT_RATCHET_LOCKED;floor=5.21 peak=15.44;MANAGE_PROFIT;SAFE;1;1;1;-1;-1;4391.79;14.92;14.92;15.44;-3.28;KELLY_LITE;true;0.04;213234.74;0.0417;KELLY_LITE(mult=1.30 taper=1.00 n=20)+HARD_RISK_CAP(2.0%)+MAXLOSS_CAP;213234.74;213249.66;36;0
2026.08.12 02:48:26;XAUUSD;5;1786445833;PROFIT_RATCHET_LOCKED;floor=5.21 peak=15.44;MANAGE_PROFIT;SAFE;1;1;1;-1;-1;4391.79;15.12;15.12;15.44;-3.28;KELLY_LITE;true;0.04;213234.74;0.0417;KELLY_LITE(mult=1.30 taper=1.00 n=20)+HARD_RISK_CAP(2.0%)+MAXLOSS_CAP;213234.74;213249.86;36;0
2026.08.12 02:48:27;XAUUSD;5;1786445833;PROFIT_RATCHET_LOCKED;floor=5.21 peak=15.44;MANAGE_PROFIT;SAFE;1;1;1;-1;-1;4391.79;15.08;15.08;15.44;-3.28;KELLY_LITE;true;0.04;213234.74;0.0417;KELLY_LITE(mult=1.30 taper=1.00 n=20)+HARD_RISK_CAP(2.0%)+MAXLOSS_CAP;213234.74;213249.82;36;0
2026.08.12 02:48:27;XAUUSD;5;1786445833;SL_MODIFIED;ticket=118840018 oldSL=4395.07 newSL=4395.19 reason=break_even_lock_leg_0;MANAGE_PROFIT;SAFE;1;1;1;-1;-1;4391.79;15.80;15.80;15.68;-3.28;KELLY_LITE;true;0.04;213234.74;0.0417;KELLY_LITE(mult=1.30 taper=1.00 n=20)+HARD_RISK_CAP(2.0%)+MAXLOSS_CAP;213234.74;213250.54;36;0
2026.08.12 02:48:27;XAUUSD;5;1786445833;PROFIT_RATCHET_LOCKED;floor=5.29 peak=15.68;MANAGE_PROFIT;SAFE;1;1;1;-1;-1;4391.79;15.80;15.80;15.68;-3.28;KELLY_LITE;true;0.04;213234.74;0.0417;KELLY_LITE(mult=1.30 taper=1.00 n=20)+HARD_RISK_CAP(2.0%)+MAXLOSS_CAP;213234.74;213250.54;36;0
2026.08.12 02:48:28;XAUUSD;5;1786445833;SL_MODIFIED;ticket=118840018 oldSL=4395.19 newSL=4395.22 reason=break_even_lock_leg_0;MANAGE_PROFIT;SAFE;1;1;1;-1;-1;4391.79;15.80;15.68;15.80;-3.28;KELLY_LITE;true;0.04;213234.74;0.0417;KELLY_LITE(mult=1.30 taper=1.00 n=20)+HARD_RISK_CAP(2.0%)+MAXLOSS_CAP;213234.74;213250.54;36;0
2026.08.12 02:48:28;XAUUSD;5;1786445833;PROFIT_RATCHET_LOCKED;floor=5.33 peak=15.80;MANAGE_PROFIT;SAFE;1;1;1;-1;-1;4391.79;15.80;15.68;15.80;-3.28;KELLY_LITE;true;0.04;213234.74;0.0417;KELLY_LITE(mult=1.30 taper=1.00 n=20)+HARD_RISK_CAP(2.0%)+MAXLOSS_CAP;213234.74;213250.54;36;0
2026.08.12 02:48:28;XAUUSD;5;1786445833;PROFIT_RATCHET_LOCKED;floor=5.33 peak=15.80;MANAGE_PROFIT;SAFE;1;1;1;-1;-1;4391.79;15.80;15.68;15.80;-3.28;KELLY_LITE;true;0.04;213234.74;0.0417;KELLY_LITE(mult=1.30 taper=1.00 n=20)+HARD_RISK_CAP(2.0%)+MAXLOSS_CAP;213234.74;213250.54;36;0
2026.08.12 02:48:28;XAUUSD;5;1786445833;PROFIT_RATCHET_LOCKED;floor=5.33 peak=15.80;MANAGE_PROFIT;SAFE;1;1;1;-1;-1;4391.79;15.40;15.40;15.80;-3.28;KELLY_LITE;true;0.04;213234.74;0.0417;KELLY_LITE(mult=1.30 taper=1.00 n=20)+HARD_RISK_CAP(2.0%)+MAXLOSS_CAP;213234.74;213250.14;36;0
2026.08.12 02:48:28;XAUUSD;5;1786445833;PROFIT_RATCHET_LOCKED;floor=5.33 peak=15.80;MANAGE_PROFIT;SAFE;1;1;1;-1;-1;4391.79;15.44;15.44;15.80;-3.28;KELLY_LITE;true;0.04;213234.74;0.0417;KELLY_LITE(mult=1.30 taper=1.00 n=20)+HARD_RISK_CAP(2.0%)+MAXLOSS_CAP;213234.74;213250.18;36;0
2026.08.12 02:48:29;XAUUSD;5;1786445833;PROFIT_RATCHET_LOCKED;floor=5.33 peak=15.80;MANAGE_PROFIT;SAFE;1;1;1;-1;-1;4391.79;15.32;15.32;15.80;-3.28;KELLY_LITE;true;0.04;213234.74;0.0417;KELLY_LITE(mult=1.30 taper=1.00 n=20)+HARD_RISK_CAP(2.0%)+MAXLOSS_CAP;213234.74;213250.06;36;0
2026.08.12 02:48:29;XAUUSD;5;1786445833;PROFIT_RATCHET_LOCKED;floor=5.33 peak=15.80;MANAGE_PROFIT;SAFE;1;1;1;-1;-1;4391.79;15.36;15.36;15.80;-3.28;KELLY_LITE;true;0.04;213234.74;0.0417;KELLY_LITE(mult=1.30 taper=1.00 n=20)+HARD_RISK_CAP(2.0%)+MAXLOSS_CAP;213234.74;213250.10;36;0
2026.08.12 02:48:29;XAUUSD;5;1786445833;PROFIT_RATCHET_LOCKED;floor=5.33 peak=15.80;MANAGE_PROFIT;SAFE;1;1;1;-1;-1;4391.79;15.40;15.40;15.80;-3.28;KELLY_LITE;true;0.04;213234.74;0.0417;KELLY_LITE(mult=1.30 taper=1.00 n=20)+HARD_RISK_CAP(2.0%)+MAXLOSS_CAP;213234.74;213250.14;36;0
2026.08.12 02:48:29;XAUUSD;5;1786445833;PROFIT_RATCHET_LOCKED;floor=5.33 peak=15.80;MANAGE_PROFIT;SAFE;1;1;1;-1;-1;4391.79;15.36;15.36;15.80;-3.28;KELLY_LITE;true;0.04;213234.74;0.0417;KELLY_LITE(mult=1.30 taper=1.00 n=20)+HARD_RISK_CAP(2.0%)+MAXLOSS_CAP;213234.74;213250.10;36;0
2026.08.12 02:48:30;XAUUSD;5;1786445833;PROFIT_RATCHET_LOCKED;floor=5.33 peak=15.80;MANAGE_PROFIT;SAFE;1;1;1;-1;-1;4391.79;15.68;15.68;15.80;-3.28;KELLY_LITE;true;0.04;213234.74;0.0417;KELLY_LITE(mult=1.30 taper=1.00 n=20)+HARD_RISK_CAP(2.0%)+MAXLOSS_CAP;213234.74;213250.42;36;0
2026.08.12 02:48:30;XAUUSD;5;1786445833;PROFIT_RATCHET_LOCKED;floor=5.33 peak=15.80;MANAGE_PROFIT;SAFE;1;1;1;-1;-1;4391.79;15.64;15.64;15.80;-3.28;KELLY_LITE;true;0.04;213234.74;0.0417;KELLY_LITE(mult=1.30 taper=1.00 n=20)+HARD_RISK_CAP(2.0%)+MAXLOSS_CAP;213234.74;213250.38;36;0
2026.08.12 02:48:30;XAUUSD;5;1786445833;PROFIT_RATCHET_LOCKED;floor=5.33 peak=15.80;MANAGE_PROFIT;SAFE;1;1;1;-1;-1;4391.79;15.40;15.40;15.80;-3.28;KELLY_LITE;true;0.04;213234.74;0.0417;KELLY_LITE(mult=1.30 taper=1.00 n=20)+HARD_RISK_CAP(2.0%)+MAXLOSS_CAP;213234.74;213250.14;36;0
2026.08.12 02:48:30;XAUUSD;5;1786445833;PROFIT_RATCHET_LOCKED;floor=5.33 peak=15.80;MANAGE_PROFIT;SAFE;1;1;1;-1;-1;4391.79;15.48;15.48;15.80;-3.28;KELLY_LITE;true;0.04;213234.74;0.0417;KELLY_LITE(mult=1.30 taper=1.00 n=20)+HARD_RISK_CAP(2.0%)+MAXLOSS_CAP;213234.74;213250.22;36;0
2026.08.12 02:48:31;XAUUSD;5;1786445833;PROFIT_RATCHET_LOCKED;floor=5.33 peak=15.80;MANAGE_PROFIT;SAFE;1;1;1;-1;-1;4391.79;15.72;15.72;15.80;-3.28;KELLY_LITE;true;0.04;213234.74;0.0417;KELLY_LITE(mult=1.30 taper=1.00 n=20)+HARD_RISK_CAP(2.0%)+MAXLOSS_CAP;213234.74;213250.46;36;0
2026.08.12 02:48:31;XAUUSD;5;1786445833;PROFIT_RATCHET_LOCKED;floor=5.33 peak=15.80;MANAGE_PROFIT;SAFE;1;1;1;-1;-1;4391.79;15.48;15.48;15.80;-3.28;KELLY_LITE;true;0.04;213234.74;0.0417;KELLY_LITE(mult=1.30 taper=1.00 n=20)+HARD_RISK_CAP(2.0%)+MAXLOSS_CAP;213234.74;213250.22;36;0
2026.08.12 02:48:32;XAUUSD;5;1786445833;PROFIT_RATCHET_LOCKED;floor=5.33 peak=15.80;MANAGE_PROFIT;SAFE;1;1;1;-1;-1;4391.79;15.44;15.44;15.80;-3.28;KELLY_LITE;true;0.04;213234.74;0.0417;KELLY_LITE(mult=1.30 taper=1.00 n=20)+HARD_RISK_CAP(2.0%)+MAXLOSS_CAP;213234.74;213250.18;36;0
2026.08.12 02:48:32;XAUUSD;5;1786445833;PROFIT_RATCHET_LOCKED;floor=5.33 peak=15.80;MANAGE_PROFIT;SAFE;1;1;1;-1;-1;4391.79;15.44;15.44;15.80;-3.28;KELLY_LITE;true;0.04;213234.74;0.0417;KELLY_LITE(mult=1.30 taper=1.00 n=20)+HARD_RISK_CAP(2.0%)+MAXLOSS_CAP;213234.74;213250.18;35;0
2026.08.12 02:48:32;XAUUSD;5;1786445833;PROFIT_RATCHET_LOCKED;floor=5.33 peak=15.80;MANAGE_PROFIT;SAFE;1;1;1;-1;-1;4391.79;15.40;15.40;15.80;-3.28;KELLY_LITE;true;0.04;213234.74;0.0417;KELLY_LITE(mult=1.30 taper=1.00 n=20)+HARD_RISK_CAP(2.0%)+MAXLOSS_CAP;213234.74;213250.14;36;0
2026.08.12 02:48:32;XAUUSD;5;1786445833;PROFIT_RATCHET_LOCKED;floor=5.33 peak=15.80;MANAGE_PROFIT;SAFE;1;1;1;-1;-1;4391.79;15.08;15.08;15.80;-3.28;KELLY_LITE;true;0.04;213234.74;0.0417;KELLY_LITE(mult=1.30 taper=1.00 n=20)+HARD_RISK_CAP(2.0%)+MAXLOSS_CAP;213234.74;213249.82;36;0
2026.08.12 02:48:33;XAUUSD;5;1786445833;PROFIT_RATCHET_LOCKED;floor=5.33 peak=15.80;MANAGE_PROFIT;SAFE;1;1;1;-1;-1;4391.79;15.72;15.72;15.80;-3.28;KELLY_LITE;true;0.04;213234.74;0.0417;KELLY_LITE(mult=1.30 taper=1.00 n=20)+HARD_RISK_CAP(2.0%)+MAXLOSS_CAP;213234.74;213250.46;36;0
2026.08.12 02:48:33;XAUUSD;5;1786445833;PROFIT_RATCHET_LOCKED;floor=5.33 peak=15.80;MANAGE_PROFIT;SAFE;1;1;1;-1;-1;4391.79;15.36;15.36;15.80;-3.28;KELLY_LITE;true;0.04;213234.74;0.0417;KELLY_LITE(mult=1.30 taper=1.00 n=20)+HARD_RISK_CAP(2.0%)+MAXLOSS_CAP;213234.74;213250.10;36;0
2026.08.12 02:48:33;XAUUSD;5;1786445833;PROFIT_RATCHET_LOCKED;floor=5.33 peak=15.80;MANAGE_PROFIT;SAFE;1;1;1;-1;-1;4391.79;15.32;15.32;15.80;-3.28;KELLY_LITE;true;0.04;213234.74;0.0417;KELLY_LITE(mult=1.30 taper=1.00 n=20)+HARD_RISK_CAP(2.0%)+MAXLOSS_CAP;213234.74;213250.06;36;0
2026.08.12 02:48:34;XAUUSD;5;1786445833;PROFIT_RATCHET_LOCKED;floor=5.33 peak=15.80;MANAGE_PROFIT;SAFE;1;1;1;-1;-1;4391.79;15.64;15.64;15.80;-3.28;KELLY_LITE;true;0.04;213234.74;0.0417;KELLY_LITE(mult=1.30 taper=1.00 n=20)+HARD_RISK_CAP(2.0%)+MAXLOSS_CAP;213234.74;213250.38;36;0
2026.08.12 02:48:34;XAUUSD;5;1786445833;PROFIT_RATCHET_LOCKED;floor=5.33 peak=15.80;MANAGE_PROFIT;SAFE;1;1;1;-1;-1;4391.79;15.68;15.68;15.80;-3.28;KELLY_LITE;true;0.04;213234.74;0.0417;KELLY_LITE(mult=1.30 taper=1.00 n=20)+HARD_RISK_CAP(2.0%)+MAXLOSS_CAP;213234.74;213250.42;36;0
2026.08.12 02:48:35;XAUUSD;5;1786445833;PROFIT_RATCHET_LOCKED;floor=5.33 peak=15.80;MANAGE_PROFIT;SAFE;1;1;1;-1;-1;4391.79;15.36;15.36;15.80;-3.28;KELLY_LITE;true;0.04;213234.74;0.0417;KELLY_LITE(mult=1.30 taper=1.00 n=20)+HARD_RISK_CAP(2.0%)+MAXLOSS_CAP;213234.74;213250.10;36;0
2026.08.12 02:48:35;XAUUSD;5;1786445833;PROFIT_RATCHET_LOCKED;floor=5.33 peak=15.80;MANAGE_PROFIT;SAFE;1;1;1;-1;-1;4391.79;15.68;15.68;15.80;-3.28;KELLY_LITE;true;0.04;213234.74;0.0417;KELLY_LITE(mult=1.30 taper=1.00 n=20)+HARD_RISK_CAP(2.0%)+MAXLOSS_CAP;213234.74;213250.42;36;0
2026.08.12 02:48:36;XAUUSD;5;1786445833;PROFIT_RATCHET_LOCKED;floor=5.33 peak=15.80;MANAGE_PROFIT;SAFE;1;1;1;-1;-1;4391.79;15.48;15.48;15.80;-3.28;KELLY_LITE;true;0.04;213234.74;0.0417;KELLY_LITE(mult=1.30 taper=1.00 n=20)+HARD_RISK_CAP(2.0%)+MAXLOSS_CAP;213234.74;213250.22;36;0
2026.08.12 02:48:36;XAUUSD;5;1786445833;PROFIT_RATCHET_LOCKED;floor=5.33 peak=15.80;MANAGE_PROFIT;SAFE;1;1;1;-1;-1;4391.79;15.44;15.44;15.80;-3.28;KELLY_LITE;true;0.04;213234.74;0.0417;KELLY_LITE(mult=1.30 taper=1.00 n=20)+HARD_RISK_CAP(2.0%)+MAXLOSS_CAP;213234.74;213250.18;36;0
2026.08.12 02:48:36;XAUUSD;5;1786445833;PROFIT_RATCHET_LOCKED;floor=5.33 peak=15.80;MANAGE_PROFIT;SAFE;1;1;1;-1;-1;4391.79;15.48;15.48;15.80;-3.28;KELLY_LITE;true;0.04;213234.74;0.0417;KELLY_LITE(mult=1.30 taper=1.00 n=20)+HARD_RISK_CAP(2.0%)+MAXLOSS_CAP;213234.74;213250.22;36;0
2026.08.12 02:48:36;XAUUSD;5;1786445833;PROFIT_RATCHET_LOCKED;floor=5.33 peak=15.80;MANAGE_PROFIT;SAFE;1;1;1;-1;-1;4391.79;15.64;15.64;15.80;-3.28;KELLY_LITE;true;0.04;213234.74;0.0417;KELLY_LITE(mult=1.30 taper=1.00 n=20)+HARD_RISK_CAP(2.0%)+MAXLOSS_CAP;213234.74;213250.38;36;0
2026.08.12 02:48:37;XAUUSD;5;1786445833;PROFIT_RATCHET_LOCKED;floor=5.33 peak=15.80;MANAGE_PROFIT;SAFE;1;1;1;-1;-1;4391.79;15.68;15.68;15.80;-3.28;KELLY_LITE;true;0.04;213234.74;0.0417;KELLY_LITE(mult=1.30 taper=1.00 n=20)+HARD_RISK_CAP(2.0%)+MAXLOSS_CAP;213234.74;213250.42;36;0
2026.08.12 02:48:39;XAUUSD;5;1786445833;PROFIT_RATCHET_LOCKED;floor=5.33 peak=15.80;MANAGE_PROFIT;SAFE;1;1;1;-1;-1;4391.79;15.56;15.56;15.80;-3.28;KELLY_LITE;true;0.04;213234.74;0.0417;KELLY_LITE(mult=1.30 taper=1.00 n=20)+HARD_RISK_CAP(2.0%)+MAXLOSS_CAP;213234.74;213250.30;36;0
2026.08.12 02:48:39;XAUUSD;5;1786445833;PROFIT_RATCHET_LOCKED;floor=5.33 peak=15.80;MANAGE_PROFIT;SAFE;1;1;1;-1;-1;4391.79;15.36;15.36;15.80;-3.28;KELLY_LITE;true;0.04;213234.74;0.0417;KELLY_LITE(mult=1.30 taper=1.00 n=20)+HARD_RISK_CAP(2.0%)+MAXLOSS_CAP;213234.74;213250.10;36;0
2026.08.12 02:48:39;XAUUSD;5;1786445833;PROFIT_RATCHET_LOCKED;floor=5.33 peak=15.80;MANAGE_PROFIT;SAFE;1;1;1;-1;-1;4391.79;15.20;15.20;15.80;-3.28;KELLY_LITE;true;0.04;213234.74;0.0417;KELLY_LITE(mult=1.30 taper=1.00 n=20)+HARD_RISK_CAP(2.0%)+MAXLOSS_CAP;213234.74;213249.94;36;0
2026.08.12 02:48:40;XAUUSD;5;1786445833;PROFIT_RATCHET_LOCKED;floor=5.33 peak=15.80;MANAGE_PROFIT;SAFE;1;1;1;-1;-1;4391.79;15.24;15.24;15.80;-3.28;KELLY_LITE;true;0.04;213234.74;0.0417;KELLY_LITE(mult=1.30 taper=1.00 n=20)+HARD_RISK_CAP(2.0%)+MAXLOSS_CAP;213234.74;213249.98;36;0
2026.08.12 02:48:40;XAUUSD;5;1786445833;PROFIT_RATCHET_LOCKED;floor=5.35 peak=15.84;MANAGE_PROFIT;SAFE;1;1;1;-1;-1;4391.79;15.84;15.84;15.84;-3.28;KELLY_LITE;true;0.04;213234.74;0.0417;KELLY_LITE(mult=1.30 taper=1.00 n=20)+HARD_RISK_CAP(2.0%)+MAXLOSS_CAP;213234.74;213250.58;36;0
2026.08.12 02:48:40;XAUUSD;5;1786445833;PROFIT_RATCHET_LOCKED;floor=5.35 peak=15.84;MANAGE_PROFIT;SAFE;1;1;1;-1;-1;4391.79;15.80;15.80;15.84;-3.28;KELLY_LITE;true;0.04;213234.74;0.0417;KELLY_LITE(mult=1.30 taper=1.00 n=20)+HARD_RISK_CAP(2.0%)+MAXLOSS_CAP;213234.74;213250.54;36;0
2026.08.12 02:48:40;XAUUSD;5;1786445833;PROFIT_RATCHET_LOCKED;floor=5.35 peak=15.84;MANAGE_PROFIT;SAFE;1;1;1;-1;-1;4391.79;15.76;15.76;15.84;-3.28;KELLY_LITE;true;0.04;213234.74;0.0417;KELLY_LITE(mult=1.30 taper=1.00 n=20)+HARD_RISK_CAP(2.0%)+MAXLOSS_CAP;213234.74;213250.50;36;0
2026.08.12 02:48:41;XAUUSD;5;1786445833;PROFIT_RATCHET_LOCKED;floor=5.35 peak=15.84;MANAGE_PROFIT;SAFE;1;1;1;-1;-1;4391.79;15.80;15.80;15.84;-3.28;KELLY_LITE;true;0.04;213234.74;0.0417;KELLY_LITE(mult=1.30 taper=1.00 n=20)+HARD_RISK_CAP(2.0%)+MAXLOSS_CAP;213234.74;213250.54;36;0
2026.08.12 02:48:42;XAUUSD;5;1786445833;SL_MODIFIED;ticket=118840018 oldSL=4395.22 newSL=4395.33 reason=break_even_lock_leg_0 (retry buf=3pt);MANAGE_PROFIT;SAFE;1;1;1;-1;-1;4391.79;17.04;17.04;16.40;-3.28;KELLY_LITE;true;0.04;213234.74;0.0417;KELLY_LITE(mult=1.30 taper=1.00 n=20)+HARD_RISK_CAP(2.0%)+MAXLOSS_CAP;213234.74;213251.78;36;0
2026.08.12 02:48:42;XAUUSD;5;1786445833;PROFIT_RATCHET_LOCKED;floor=5.53 peak=16.40;MANAGE_PROFIT;SAFE;1;1;1;-1;-1;4391.79;17.04;17.04;16.40;-3.28;KELLY_LITE;true;0.04;213234.74;0.0417;KELLY_LITE(mult=1.30 taper=1.00 n=20)+HARD_RISK_CAP(2.0%)+MAXLOSS_CAP;213234.74;213251.78;36;0
2026.08.12 02:48:43;XAUUSD;5;1786445833;SL_MODIFIED;ticket=118840018 oldSL=4395.33 newSL=4395.49 reason=break_even_lock_leg_0 (retry buf=3pt);MANAGE_PROFIT;SAFE;1;1;1;-1;-1;4391.79;16.96;16.96;17.04;-3.28;KELLY_LITE;true;0.04;213234.74;0.0417;KELLY_LITE(mult=1.30 taper=1.00 n=20)+HARD_RISK_CAP(2.0%)+MAXLOSS_CAP;213234.74;213251.70;36;0
2026.08.12 02:48:43;XAUUSD;5;1786445833;PROFIT_RATCHET_LOCKED;floor=5.75 peak=17.04;MANAGE_PROFIT;SAFE;1;1;1;-1;-1;4391.79;16.96;16.96;17.04;-3.28;KELLY_LITE;true;0.04;213234.74;0.0417;KELLY_LITE(mult=1.30 taper=1.00 n=20)+HARD_RISK_CAP(2.0%)+MAXLOSS_CAP;213234.74;213251.70;36;0
2026.08.12 02:48:43;XAUUSD;5;1786445833;SL_MODIFY_FAILED;ticket=118840018 newSL=4395.51 reason=break_even_lock_leg_0 err=0;MANAGE_PROFIT;SAFE;1;1;1;-1;-1;4391.79;16.12;16.12;17.04;-3.28;KELLY_LITE;true;0.04;213234.74;0.0417;KELLY_LITE(mult=1.30 taper=1.00 n=20)+HARD_RISK_CAP(2.0%)+MAXLOSS_CAP;213234.74;213250.86;36;0
2026.08.12 02:48:43;XAUUSD;5;1786445833;PROFIT_RATCHET_LOCKED;floor=5.75 peak=17.04;MANAGE_PROFIT;SAFE;1;1;1;-1;-1;4391.79;16.12;16.12;17.04;-3.28;KELLY_LITE;true;0.04;213234.74;0.0417;KELLY_LITE(mult=1.30 taper=1.00 n=20)+HARD_RISK_CAP(2.0%)+MAXLOSS_CAP;213234.74;213250.86;36;0
2026.08.12 02:48:43;XAUUSD;5;1786445833;PROFIT_RATCHET_LOCKED;floor=5.75 peak=17.04;MANAGE_PROFIT;SAFE;1;1;1;-1;-1;4391.79;16.12;16.12;17.04;-3.28;KELLY_LITE;true;0.04;213234.74;0.0417;KELLY_LITE(mult=1.30 taper=1.00 n=20)+HARD_RISK_CAP(2.0%)+MAXLOSS_CAP;213234.74;213250.86;36;0
2026.08.12 02:48:44;XAUUSD;5;1786445833;PROFIT_RATCHET_LOCKED;floor=5.75 peak=17.04;MANAGE_PROFIT;SAFE;1;1;1;-1;-1;4391.79;16.04;16.04;17.04;-3.28;KELLY_LITE;true;0.04;213234.74;0.0417;KELLY_LITE(mult=1.30 taper=1.00 n=20)+HARD_RISK_CAP(2.0%)+MAXLOSS_CAP;213234.74;213250.78;36;0
2026.08.12 02:48:44;XAUUSD;5;1786445833;PROFIT_RATCHET_LOCKED;floor=5.75 peak=17.04;MANAGE_PROFIT;SAFE;1;1;1;-1;-1;4391.79;15.72;15.72;17.04;-3.28;KELLY_LITE;true;0.04;213234.74;0.0417;KELLY_LITE(mult=1.30 taper=1.00 n=20)+HARD_RISK_CAP(2.0%)+MAXLOSS_CAP;213234.74;213250.46;36;0
2026.08.12 02:48:44;XAUUSD;5;1786445833;PROFIT_RATCHET_LOCKED;floor=5.75 peak=17.04;MANAGE_PROFIT;SAFE;1;1;1;-1;-1;4391.79;16.28;16.28;17.04;-3.28;KELLY_LITE;true;0.04;213234.74;0.0417;KELLY_LITE(mult=1.30 taper=1.00 n=20)+HARD_RISK_CAP(2.0%)+MAXLOSS_CAP;213234.74;213251.02;36;0
2026.08.12 02:48:44;XAUUSD;5;1786445833;PROFIT_RATCHET_LOCKED;floor=5.75 peak=17.04;MANAGE_PROFIT;SAFE;1;1;1;-1;-1;4391.79;16.12;16.12;17.04;-3.28;KELLY_LITE;true;0.04;213234.74;0.0417;KELLY_LITE(mult=1.30 taper=1.00 n=20)+HARD_RISK_CAP(2.0%)+MAXLOSS_CAP;213234.74;213250.86;36;0
2026.08.12 02:48:44;XAUUSD;5;1786445833;PROFIT_RATCHET_LOCKED;floor=5.75 peak=17.04;MANAGE_PROFIT;SAFE;1;1;1;-1;-1;4391.79;16.08;16.08;17.04;-3.28;KELLY_LITE;true;0.04;213234.74;0.0417;KELLY_LITE(mult=1.30 taper=1.00 n=20)+HARD_RISK_CAP(2.0%)+MAXLOSS_CAP;213234.74;213250.82;36;0
2026.08.12 02:48:45;XAUUSD;5;1786445833;PROFIT_RATCHET_LOCKED;floor=5.75 peak=17.04;MANAGE_PROFIT;SAFE;1;1;1;-1;-1;4391.79;16.00;16.00;17.04;-3.28;KELLY_LITE;true;0.04;213234.74;0.0417;KELLY_LITE(mult=1.30 taper=1.00 n=20)+HARD_RISK_CAP(2.0%)+MAXLOSS_CAP;213234.74;213250.74;36;0
2026.08.12 02:48:45;XAUUSD;5;1786445833;PROFIT_RATCHET_LOCKED;floor=5.75 peak=17.04;MANAGE_PROFIT;SAFE;1;1;1;-1;-1;4391.79;15.64;15.64;17.04;-3.28;KELLY_LITE;true;0.04;213234.74;0.0417;KELLY_LITE(mult=1.30 taper=1.00 n=20)+HARD_RISK_CAP(2.0%)+MAXLOSS_CAP;213234.74;213250.38;36;0
2026.08.12 02:48:45;XAUUSD;5;1786445833;PROFIT_RATCHET_LOCKED;floor=5.75 peak=17.04;MANAGE_PROFIT;SAFE;1;1;1;-1;-1;4391.79;15.60;15.60;17.04;-3.28;KELLY_LITE;true;0.04;213234.74;0.0417;KELLY_LITE(mult=1.30 taper=1.00 n=20)+HARD_RISK_CAP(2.0%)+MAXLOSS_CAP;213234.74;213250.34;36;0
2026.08.12 02:48:45;XAUUSD;5;1786445833;PROFIT_RATCHET_LOCKED;floor=5.75 peak=17.04;MANAGE_PROFIT;SAFE;1;1;1;-1;-1;4391.79;15.72;15.72;17.04;-3.28;KELLY_LITE;true;0.04;213234.74;0.0417;KELLY_LITE(mult=1.30 taper=1.00 n=20)+HARD_RISK_CAP(2.0%)+MAXLOSS_CAP;213234.74;213250.46;36;0
2026.08.12 02:48:46;XAUUSD;5;1786445833;PROFIT_RATCHET_LOCKED;floor=5.75 peak=17.04;MANAGE_PROFIT;SAFE;1;1;1;-1;-1;4391.79;15.84;15.84;17.04;-3.28;KELLY_LITE;true;0.04;213234.74;0.0417;KELLY_LITE(mult=1.30 taper=1.00 n=20)+HARD_RISK_CAP(2.0%)+MAXLOSS_CAP;213234.74;213250.58;36;0
2026.08.12 02:48:46;XAUUSD;5;1786445833;PROFIT_RATCHET_LOCKED;floor=5.75 peak=17.04;MANAGE_PROFIT;SAFE;1;1;1;-1;-1;4391.79;15.52;15.52;17.04;-3.28;KELLY_LITE;true;0.04;213234.74;0.0417;KELLY_LITE(mult=1.30 taper=1.00 n=20)+HARD_RISK_CAP(2.0%)+MAXLOSS_CAP;213234.74;213250.26;36;0
2026.08.12 02:48:46;XAUUSD;5;1786445833;PROFIT_RATCHET_LOCKED;floor=5.75 peak=17.04;MANAGE_PROFIT;SAFE;1;1;1;-1;-1;4391.79;15.48;15.48;17.04;-3.28;KELLY_LITE;true;0.04;213234.74;0.0417;KELLY_LITE(mult=1.30 taper=1.00 n=20)+HARD_RISK_CAP(2.0%)+MAXLOSS_CAP;213234.74;213250.22;36;0
2026.08.12 02:48:47;XAUUSD;5;1786445833;PROFIT_RATCHET_LOCKED;floor=5.75 peak=17.04;MANAGE_PROFIT;SAFE;1;1;1;-1;-1;4391.79;15.36;15.36;17.04;-3.28;KELLY_LITE;true;0.04;213234.74;0.0417;KELLY_LITE(mult=1.30 taper=1.00 n=20)+HARD_RISK_CAP(2.0%)+MAXLOSS_CAP;213234.74;213250.10;36;0
2026.08.12 02:48:47;XAUUSD;5;1786445833;PROFIT_RATCHET_LOCKED;floor=5.75 peak=17.04;MANAGE_PROFIT;SAFE;1;1;1;-1;-1;4391.79;15.44;15.44;17.04;-3.28;KELLY_LITE;true;0.04;213234.74;0.0417;KELLY_LITE(mult=1.30 taper=1.00 n=20)+HARD_RISK_CAP(2.0%)+MAXLOSS_CAP;213234.74;213250.18;36;0
2026.08.12 02:48:47;XAUUSD;5;1786445833;PROFIT_RATCHET_LOCKED;floor=5.75 peak=17.04;MANAGE_PROFIT;SAFE;1;1;1;-1;-1;4391.79;15.40;15.40;17.04;-3.28;KELLY_LITE;true;0.04;213234.74;0.0417;KELLY_LITE(mult=1.30 taper=1.00 n=20)+HARD_RISK_CAP(2.0%)+MAXLOSS_CAP;213234.74;213250.14;36;0
2026.08.12 02:48:48;XAUUSD;5;1786445833;PROFIT_RATCHET_LOCKED;floor=5.75 peak=17.04;MANAGE_PROFIT;SAFE;1;1;1;-1;-1;4391.79;15.80;15.80;17.04;-3.28;KELLY_LITE;true;0.04;213234.74;0.0417;KELLY_LITE(mult=1.30 taper=1.00 n=20)+HARD_RISK_CAP(2.0%)+MAXLOSS_CAP;213234.74;213250.54;36;0
2026.08.12 02:48:48;XAUUSD;5;1786445833;PROFIT_RATCHET_LOCKED;floor=5.75 peak=17.04;MANAGE_PROFIT;SAFE;1;1;1;-1;-1;4391.79;15.84;15.84;17.04;-3.28;KELLY_LITE;true;0.04;213234.74;0.0417;KELLY_LITE(mult=1.30 taper=1.00 n=20)+HARD_RISK_CAP(2.0%)+MAXLOSS_CAP;213234.74;213250.58;36;0
2026.08.12 02:48:48;XAUUSD;5;1786445833;PROFIT_RATCHET_LOCKED;floor=5.75 peak=17.04;MANAGE_PROFIT;SAFE;1;1;1;-1;-1;4391.79;15.76;15.76;17.04;-3.28;KELLY_LITE;true;0.04;213234.74;0.0417;KELLY_LITE(mult=1.30 taper=1.00 n=20)+HARD_RISK_CAP(2.0%)+MAXLOSS_CAP;213234.74;213250.50;36;0
2026.08.12 02:48:48;XAUUSD;5;1786445833;PROFIT_RATCHET_LOCKED;floor=5.75 peak=17.04;MANAGE_PROFIT;SAFE;1;1;1;-1;-1;4391.79;15.60;15.60;17.04;-3.28;KELLY_LITE;true;0.04;213234.74;0.0417;KELLY_LITE(mult=1.30 taper=1.00 n=20)+HARD_RISK_CAP(2.0%)+MAXLOSS_CAP;213234.74;213250.34;36;0
2026.08.12 02:48:49;XAUUSD;5;1786445833;PROFIT_RATCHET_LOCKED;floor=5.75 peak=17.04;MANAGE_PROFIT;SAFE;1;1;1;-1;-1;4391.79;15.44;15.44;17.04;-3.28;KELLY_LITE;true;0.04;213234.74;0.0417;KELLY_LITE(mult=1.30 taper=1.00 n=20)+HARD_RISK_CAP(2.0%)+MAXLOSS_CAP;213234.74;213250.18;36;0
2026.08.12 02:48:49;XAUUSD;5;1786445833;PROFIT_RATCHET_LOCKED;floor=5.75 peak=17.04;MANAGE_PROFIT;SAFE;1;1;1;-1;-1;4391.79;15.40;15.40;17.04;-3.28;KELLY_LITE;true;0.04;213234.74;0.0417;KELLY_LITE(mult=1.30 taper=1.00 n=20)+HARD_RISK_CAP(2.0%)+MAXLOSS_CAP;213234.74;213250.14;36;0
2026.08.12 02:48:49;XAUUSD;5;1786445833;PROFIT_RATCHET_LOCKED;floor=5.75 peak=17.04;MANAGE_PROFIT;SAFE;1;1;1;-1;-1;4391.79;15.48;15.48;17.04;-3.28;KELLY_LITE;true;0.04;213234.74;0.0417;KELLY_LITE(mult=1.30 taper=1.00 n=20)+HARD_RISK_CAP(2.0%)+MAXLOSS_CAP;213234.74;213250.22;36;0
2026.08.12 02:48:49;XAUUSD;5;1786445833;PROFIT_RATCHET_LOCKED;floor=5.75 peak=17.04;MANAGE_PROFIT;SAFE;1;1;1;-1;-1;4391.79;15.44;15.44;17.04;-3.28;KELLY_LITE;true;0.04;213234.74;0.0417;KELLY_LITE(mult=1.30 taper=1.00 n=20)+HARD_RISK_CAP(2.0%)+MAXLOSS_CAP;213234.74;213250.18;36;0
2026.08.12 02:48:50;XAUUSD;5;1786445833;PROFIT_RATCHET_LOCKED;floor=5.75 peak=17.04;MANAGE_PROFIT;SAFE;1;1;1;-1;-1;4391.79;15.40;15.40;17.04;-3.28;KELLY_LITE;true;0.04;213234.74;0.0417;KELLY_LITE(mult=1.30 taper=1.00 n=20)+HARD_RISK_CAP(2.0%)+MAXLOSS_CAP;213234.74;213250.14;36;0
2026.08.12 02:48:50;XAUUSD;5;1786445833;PROFIT_RATCHET_LOCKED;floor=5.75 peak=17.04;MANAGE_PROFIT;SAFE;1;1;1;-1;-1;4391.79;16.08;16.08;17.04;-3.28;KELLY_LITE;true;0.04;213234.74;0.0417;KELLY_LITE(mult=1.30 taper=1.00 n=20)+HARD_RISK_CAP(2.0%)+MAXLOSS_CAP;213234.74;213250.82;36;0
2026.08.12 02:48:50;XAUUSD;5;1786445833;PROFIT_RATCHET_LOCKED;floor=5.75 peak=17.04;MANAGE_PROFIT;SAFE;1;1;1;-1;-1;4391.79;15.92;15.92;17.04;-3.28;KELLY_LITE;true;0.04;213234.74;0.0417;KELLY_LITE(mult=1.30 taper=1.00 n=20)+HARD_RISK_CAP(2.0%)+MAXLOSS_CAP;213234.74;213250.66;36;0
2026.08.12 02:48:51;XAUUSD;5;1786445833;PROFIT_RATCHET_LOCKED;floor=5.75 peak=17.04;MANAGE_PROFIT;SAFE;1;1;1;-1;-1;4391.79;15.80;15.80;17.04;-3.28;KELLY_LITE;true;0.04;213234.74;0.0417;KELLY_LITE(mult=1.30 taper=1.00 n=20)+HARD_RISK_CAP(2.0%)+MAXLOSS_CAP;213234.74;213250.54;36;0
2026.08.12 02:48:51;XAUUSD;5;1786445833;PROFIT_RATCHET_LOCKED;floor=5.75 peak=17.04;MANAGE_PROFIT;SAFE;1;1;1;-1;-1;4391.79;15.76;15.76;17.04;-3.28;KELLY_LITE;true;0.04;213234.74;0.0417;KELLY_LITE(mult=1.30 taper=1.00 n=20)+HARD_RISK_CAP(2.0%)+MAXLOSS_CAP;213234.74;213250.50;36;0
2026.08.12 02:48:52;XAUUSD;5;1786445833;PROFIT_RATCHET_LOCKED;floor=5.75 peak=17.04;MANAGE_PROFIT;SAFE;1;1;1;-1;-1;4391.79;16.36;16.36;17.04;-3.28;KELLY_LITE;true;0.04;213234.74;0.0417;KELLY_LITE(mult=1.30 taper=1.00 n=20)+HARD_RISK_CAP(2.0%)+MAXLOSS_CAP;213234.74;213251.10;36;0
2026.08.12 02:48:52;XAUUSD;5;1786445833;PROFIT_RATCHET_LOCKED;floor=5.75 peak=17.04;MANAGE_PROFIT;SAFE;1;1;1;-1;-1;4391.79;16.28;16.28;17.04;-3.28;KELLY_LITE;true;0.04;213234.74;0.0417;KELLY_LITE(mult=1.30 taper=1.00 n=20)+HARD_RISK_CAP(2.0%)+MAXLOSS_CAP;213234.74;213251.02;36;0
2026.08.12 02:48:53;XAUUSD;5;1786445833;PROFIT_RATCHET_LOCKED;floor=5.75 peak=17.04;MANAGE_PROFIT;SAFE;1;1;1;-1;-1;4391.79;16.16;16.16;17.04;-3.28;KELLY_LITE;true;0.04;213234.74;0.0417;KELLY_LITE(mult=1.30 taper=1.00 n=20)+HARD_RISK_CAP(2.0%)+MAXLOSS_CAP;213234.74;213250.90;36;0
2026.08.12 02:48:53;XAUUSD;5;1786445833;PROFIT_RATCHET_LOCKED;floor=5.75 peak=17.04;MANAGE_PROFIT;SAFE;1;1;1;-1;-1;4391.79;16.08;16.08;17.04;-3.28;KELLY_LITE;true;0.04;213234.74;0.0417;KELLY_LITE(mult=1.30 taper=1.00 n=20)+HARD_RISK_CAP(2.0%)+MAXLOSS_CAP;213234.74;213250.82;36;0
2026.08.12 02:48:53;XAUUSD;5;1786445833;PROFIT_RATCHET_LOCKED;floor=5.75 peak=17.04;MANAGE_PROFIT;SAFE;1;1;1;-1;-1;4391.79;15.44;15.44;17.04;-3.28;KELLY_LITE;true;0.04;213234.74;0.0417;KELLY_LITE(mult=1.30 taper=1.00 n=20)+HARD_RISK_CAP(2.0%)+MAXLOSS_CAP;213234.74;213250.18;36;0
2026.08.12 02:48:54;XAUUSD;5;1786445833;PROFIT_RATCHET_LOCKED;floor=5.75 peak=17.04;MANAGE_PROFIT;SAFE;1;1;1;-1;-1;4391.79;15.48;15.48;17.04;-3.28;KELLY_LITE;true;0.04;213234.74;0.0417;KELLY_LITE(mult=1.30 taper=1.00 n=20)+HARD_RISK_CAP(2.0%)+MAXLOSS_CAP;213234.74;213250.22;36;0
2026.08.12 02:48:54;XAUUSD;5;1786445833;RECONCILED_BROKER_CLOSE;ticket=118840018 type=main pnl=14.80;MANAGE_PROFIT;SAFE;0;1;1;-1;-1;4391.79;0.00;0.00;17.04;-3.28;KELLY_LITE;true;0.04;213234.74;0.0417;KELLY_LITE(mult=1.30 taper=1.00 n=20)+HARD_RISK_CAP(2.0%)+MAXLOSS_CAP;213249.54;213249.54;36;0
2026.08.12 02:48:55;XAUUSD;5;1786445833;PENDING_DELETED;ticket=118840130 reason=main_gone_hedge_pending;WAIT_TRIGGER;SAFE;0;0;1;-1;-1;4391.79;0.00;0.00;17.04;-3.28;KELLY_LITE;true;0.04;213234.74;0.0417;KELLY_LITE(mult=1.30 taper=1.00 n=20)+HARD_RISK_CAP(2.0%)+MAXLOSS_CAP;213249.54;213249.54;36;0
2026.08.12 02:48:55;XAUUSD;5;1786445833;HEDGE_PENDING_CLEANUP;main_position_gone;WAIT_TRIGGER;SAFE;0;0;1;-1;-1;4391.79;0.00;0.00;17.04;-3.28;KELLY_LITE;true;0.04;213234.74;0.0417;KELLY_LITE(mult=1.30 taper=1.00 n=20)+HARD_RISK_CAP(2.0%)+MAXLOSS_CAP;213249.54;213249.54;36;0
2026.08.12 02:48:55;XAUUSD;5;1786445833;CYCLE_RESET;oldState=WAIT_TRIGGER realizedPnL=14.80 peak=17.04 worst=-3.28 pyramid=1 consLosses=0;WAIT_TRIGGER;SAFE;0;0;1;-1;-1;4391.79;0.00;0.00;17.04;-3.28;KELLY_LITE;true;0.04;213234.74;0.0417;KELLY_LITE(mult=1.30 taper=1.00 n=20)+HARD_RISK_CAP(2.0%)+MAXLOSS_CAP;213249.54;213249.54;36;0
2026.08.12 02:53:55;XAUUSD;5;1786445833;FILTER_BLOCK_RSI_BUY;RSI_BUY_BLOCK (rsi=71.5 max=70.0);BLOCKED;SAFE;0;0;0;-1;-1;0.00;0.00;0.00;0.00;0.00;KELLY_LITE;true;0.04;213234.74;0.0417;KELLY_LITE(mult=1.30 taper=1.00 n=20)+HARD_RISK_CAP(2.0%)+MAXLOSS_CAP;213249.54;213249.54;33;0
2026.08.12 02:58:55;XAUUSD;5;1786445833;FILTER_BLOCK_RSI_BUY;RSI_BUY_BLOCK (rsi=71.5 max=70.0);BLOCKED;SAFE;0;0;0;-1;-1;0.00;0.00;0.00;0.00;0.00;KELLY_LITE;true;0.04;213234.74;0.0417;KELLY_LITE(mult=1.30 taper=1.00 n=20)+HARD_RISK_CAP(2.0%)+MAXLOSS_CAP;213249.54;213249.54;36;0
2026.08.12 03:03:55;XAUUSD;5;1786445833;FILTER_BLOCK_RSI_BUY;RSI_BUY_BLOCK (rsi=73.0 max=70.0);BLOCKED;SAFE;0;0;0;-1;-1;0.00;0.00;0.00;0.00;0.00;KELLY_LITE;true;0.04;213234.74;0.0417;KELLY_LITE(mult=1.30 taper=1.00 n=20)+HARD_RISK_CAP(2.0%)+MAXLOSS_CAP;213249.54;213249.54;33;0
2026.08.12 03:08:55;XAUUSD;5;1786445833;FILTER_BLOCK_RSI_BUY;RSI_BUY_BLOCK (rsi=73.1 max=70.0);BLOCKED;SAFE;0;0;0;-1;-1;0.00;0.00;0.00;0.00;0.00;KELLY_LITE;true;0.04;213234.74;0.0417;KELLY_LITE(mult=1.30 taper=1.00 n=20)+HARD_RISK_CAP(2.0%)+MAXLOSS_CAP;213249.54;213249.54;36;0
2026.08.12 03:13:55;XAUUSD;5;1786445833;FILTER_BLOCK_RSI_BUY;RSI_BUY_BLOCK (rsi=74.1 max=70.0);BLOCKED;SAFE;0;0;0;-1;-1;0.00;0.00;0.00;0.00;0.00;KELLY_LITE;true;0.04;213234.74;0.0417;KELLY_LITE(mult=1.30 taper=1.00 n=20)+HARD_RISK_CAP(2.0%)+MAXLOSS_CAP;213249.54;213249.54;36;0
2026.08.12 03:18:55;XAUUSD;5;1786445833;FILTER_RSI_EXTREME_PAUSE;rsi=78.3 pause=300s;IDLE;SAFE;0;0;0;-1;-1;0.00;0.00;0.00;0.00;0.00;KELLY_LITE;true;0.04;213234.74;0.0417;KELLY_LITE(mult=1.30 taper=1.00 n=20)+HARD_RISK_CAP(2.0%)+MAXLOSS_CAP;213249.54;213249.54;36;0
2026.08.12 03:18:55;XAUUSD;5;1786445833;FILTER_BLOCK_RSI_EXTREME_PAUSE;RSI_EXTREME_PAUSE (300s left rsi=78.3);BLOCKED;SAFE;0;0;0;-1;-1;0.00;0.00;0.00;0.00;0.00;KELLY_LITE;true;0.04;213234.74;0.0417;KELLY_LITE(mult=1.30 taper=1.00 n=20)+HARD_RISK_CAP(2.0%)+MAXLOSS_CAP;213249.54;213249.54;36;0
2026.08.12 03:23:56;XAUUSD;5;1786445833;FILTER_RSI_EXTREME_PAUSE;rsi=78.0 pause=300s;IDLE;SAFE;0;0;0;-1;-1;0.00;0.00;0.00;0.00;0.00;KELLY_LITE;true;0.04;213234.74;0.0417;KELLY_LITE(mult=1.30 taper=1.00 n=20)+HARD_RISK_CAP(2.0%)+MAXLOSS_CAP;213249.54;213249.54;36;0
2026.08.12 03:23:56;XAUUSD;5;1786445833;FILTER_BLOCK_RSI_EXTREME_PAUSE;RSI_EXTREME_PAUSE (300s left rsi=78.0);BLOCKED;SAFE;0;0;0;-1;-1;0.00;0.00;0.00;0.00;0.00;KELLY_LITE;true;0.04;213234.74;0.0417;KELLY_LITE(mult=1.30 taper=1.00 n=20)+HARD_RISK_CAP(2.0%)+MAXLOSS_CAP;213249.54;213249.54;36;0
2026.08.12 03:28:56;XAUUSD;5;1786445833;FILTER_RSI_EXTREME_PAUSE;rsi=78.7 pause=300s;IDLE;SAFE;0;0;0;-1;-1;0.00;0.00;0.00;0.00;0.00;KELLY_LITE;true;0.04;213234.74;0.0417;KELLY_LITE(mult=1.30 taper=1.00 n=20)+HARD_RISK_CAP(2.0%)+MAXLOSS_CAP;213249.54;213249.54;34;0
2026.08.12 03:28:56;XAUUSD;5;1786445833;FILTER_BLOCK_RSI_EXTREME_PAUSE;RSI_EXTREME_PAUSE (300s left rsi=78.7);BLOCKED;SAFE;0;0;0;-1;-1;0.00;0.00;0.00;0.00;0.00;KELLY_LITE;true;0.04;213234.74;0.0417;KELLY_LITE(mult=1.30 taper=1.00 n=20)+HARD_RISK_CAP(2.0%)+MAXLOSS_CAP;213249.54;213249.54;34;0
2026.08.12 03:33:56;XAUUSD;5;1786445833;FILTER_RSI_EXTREME_PAUSE;rsi=77.8 pause=300s;IDLE;SAFE;0;0;0;-1;-1;0.00;0.00;0.00;0.00;0.00;KELLY_LITE;true;0.04;213234.74;0.0417;KELLY_LITE(mult=1.30 taper=1.00 n=20)+HARD_RISK_CAP(2.0%)+MAXLOSS_CAP;213249.54;213249.54;36;0
2026.08.12 03:33:56;XAUUSD;5;1786445833;FILTER_BLOCK_RSI_EXTREME_PAUSE;RSI_EXTREME_PAUSE (300s left rsi=77.8);BLOCKED;SAFE;0;0;0;-1;-1;0.00;0.00;0.00;0.00;0.00;KELLY_LITE;true;0.04;213234.74;0.0417;KELLY_LITE(mult=1.30 taper=1.00 n=20)+HARD_RISK_CAP(2.0%)+MAXLOSS_CAP;213249.54;213249.54;36;0
2026.08.12 03:38:56;XAUUSD;5;1786445834;PLACE_PENDING_START;cycle=1786445834 trend=1 consecLosses=0 preset=AGGRESSIVE;PLACE_PENDING;SAFE;0;0;0;-1;-1;0.00;0.00;0.00;0.00;0.00;KELLY_LITE;true;0.04;213234.74;0.0417;KELLY_LITE(mult=1.30 taper=1.00 n=20)+HARD_RISK_CAP(2.0%)+MAXLOSS_CAP;213249.54;213249.54;33;0
2026.08.12 03:38:56;XAUUSD;5;1786445834;DIR_OCO_PLACED;dir=BULL ticket=118853796 price=4401.71 sl=4386.71 tp=4424.21 lot=0.04 dist=1.65;PLACE_PENDING;SAFE;0;1;0;118853796;-1;0.00;0.00;0.00;0.00;0.00;KELLY_LITE;true;0.04;213249.54;0.0417;KELLY_LITE(mult=1.40 taper=1.00 n=20)+HARD_RISK_CAP(2.0%)+MAXLOSS_CAP;213249.54;213249.54;33;0
2026.08.12 03:38:56;XAUUSD;5;1786445834;DIR_OCO_COUNTER_PLACED;dir=BEAR(counter) ticket=118853797 price=4398.07 lot=0.03;PLACE_PENDING;SAFE;0;2;0;118853796;118853797;0.00;0.00;0.00;0.00;0.00;KELLY_LITE;true;0.04;213249.54;0.0417;KELLY_LITE(mult=1.40 taper=1.00 n=20)+HARD_RISK_CAP(2.0%)+MAXLOSS_CAP;213249.54;213249.54;33;0
2026.08.12 03:39:00;XAUUSD;5;1786445834;BUY_STOP_TRAILED;Old=4401.71 New=4401.35;WAIT_TRIGGER;SAFE;0;2;0;118853796;118853797;0.00;0.00;0.00;0.00;0.00;KELLY_LITE;true;0.04;213249.54;0.0417;KELLY_LITE(mult=1.40 taper=1.00 n=20)+HARD_RISK_CAP(2.0%)+MAXLOSS_CAP;213249.54;213249.54;36;0
2026.08.12 03:39:10;XAUUSD;5;1786445834;BUY_STOP_TRAILED;Old=4401.35 New=4401.04;WAIT_TRIGGER;SAFE;0;2;0;118853796;118853797;0.00;0.00;0.00;0.00;0.00;KELLY_LITE;true;0.04;213249.54;0.0417;KELLY_LITE(mult=1.40 taper=1.00 n=20)+HARD_RISK_CAP(2.0%)+MAXLOSS_CAP;213249.54;213249.54;33;0
2026.08.12 03:39:17;XAUUSD;5;1786445834;BUY_STOP_TRAILED;Old=4401.04 New=4400.54;WAIT_TRIGGER;SAFE;0;2;0;118853796;118853797;0.00;0.00;0.00;0.00;0.00;KELLY_LITE;true;0.04;213249.54;0.0417;KELLY_LITE(mult=1.40 taper=1.00 n=20)+HARD_RISK_CAP(2.0%)+MAXLOSS_CAP;213249.54;213249.54;33;0
2026.08.12 03:40:04;XAUUSD;5;1786445834;SELL_STOP_TRAILED;Old=4398.07 New=4398.53;WAIT_TRIGGER;SAFE;1;1;0;118853796;118853797;0.00;-1.00;-1.00;0.00;0.00;KELLY_LITE;true;0.04;213249.54;0.0417;KELLY_LITE(mult=1.40 taper=1.00 n=20)+HARD_RISK_CAP(2.0%)+MAXLOSS_CAP;213249.54;213248.54;36;0
2026.08.12 03:40:04;XAUUSD;5;1786445834;OCO_TRIGGERED_BUY;ticket=118853796 entry=4400.54;POSITION_ACTIVE;SAFE;1;1;0;-1;118853797;0.00;-1.00;-1.00;0.00;0.00;KELLY_LITE;true;0.04;213249.54;0.0417;KELLY_LITE(mult=1.40 taper=1.00 n=20)+HARD_RISK_CAP(2.0%)+MAXLOSS_CAP;213249.54;213248.54;36;0
2026.08.12 03:40:04;XAUUSD;5;1786445834;PENDING_DELETED;ticket=118853797 reason=oco_buy_triggered;POSITION_ACTIVE;SAFE;1;0;0;-1;118853797;0.00;-0.48;-0.48;0.00;0.00;KELLY_LITE;true;0.04;213249.54;0.0417;KELLY_LITE(mult=1.40 taper=1.00 n=20)+HARD_RISK_CAP(2.0%)+MAXLOSS_CAP;213249.54;213249.06;36;0
2026.08.12 03:40:05;XAUUSD;5;1786445834;HEDGE_PENDING_PLACED;dir=SELL_STOP ticket=118854140 price=4397.41 sl=4400.41 lot=0.05 mainEntry=4400.54 dist=3.00 confirmBars=1;POSITION_ACTIVE;SAFE;1;1;1;-1;-1;4400.54;1.60;1.60;0.00;-0.48;KELLY_LITE;true;0.04;213249.54;0.0417;KELLY_LITE(mult=1.40 taper=1.00 n=20)+HARD_RISK_CAP(2.0%)+MAXLOSS_CAP;213249.54;213251.14;36;0
2026.08.12 03:41:10;XAUUSD;5;1786445834;SL_MODIFIED;ticket=118853796 oldSL=4388.54 newSL=4402.02 reason=break_even_lock_leg_0;MANAGE_PROFIT;SAFE;1;1;1;-1;-1;4400.54;8.80;8.80;8.00;-1.16;KELLY_LITE;true;0.04;213249.54;0.0417;KELLY_LITE(mult=1.40 taper=1.00 n=20)+HARD_RISK_CAP(2.0%)+MAXLOSS_CAP;213249.54;213258.34;36;0
2026.08.12 03:41:10;XAUUSD;5;1786445834;PROFIT_RATCHET_LOCKED;floor=2.70 peak=8.00;MANAGE_PROFIT;SAFE;1;1;1;-1;-1;4400.54;8.80;8.80;8.00;-1.16;KELLY_LITE;true;0.04;213249.54;0.0417;KELLY_LITE(mult=1.40 taper=1.00 n=20)+HARD_RISK_CAP(2.0%)+MAXLOSS_CAP;213249.54;213258.34;36;0
2026.08.12 03:41:10;XAUUSD;5;1786445834;SL_MODIFIED;ticket=118853796 oldSL=4402.02 newSL=4402.22 reason=break_even_lock_leg_0;MANAGE_PROFIT;SAFE;1;1;1;-1;-1;4400.54;10.08;10.08;8.80;-1.16;KELLY_LITE;true;0.04;213249.54;0.0417;KELLY_LITE(mult=1.40 taper=1.00 n=20)+HARD_RISK_CAP(2.0%)+MAXLOSS_CAP;213249.54;213259.62;36;0
2026.08.12 03:41:10;XAUUSD;5;1786445834;PROFIT_RATCHET_LOCKED;floor=2.97 peak=8.80;MANAGE_PROFIT;SAFE;1;1;1;-1;-1;4400.54;10.08;10.08;8.80;-1.16;KELLY_LITE;true;0.04;213249.54;0.0417;KELLY_LITE(mult=1.40 taper=1.00 n=20)+HARD_RISK_CAP(2.0%)+MAXLOSS_CAP;213249.54;213259.62;36;0
2026.08.12 03:41:11;XAUUSD;5;1786445834;SL_MODIFIED;ticket=118853796 oldSL=4402.22 newSL=4402.54 reason=break_even_lock_leg_0;MANAGE_PROFIT;SAFE;1;1;1;-1;-1;4400.54;10.24;10.24;10.08;-1.16;KELLY_LITE;true;0.04;213249.54;0.0417;KELLY_LITE(mult=1.40 taper=1.00 n=20)+HARD_RISK_CAP(2.0%)+MAXLOSS_CAP;213249.54;213259.78;34;0
2026.08.12 03:41:11;XAUUSD;5;1786445834;PROFIT_RATCHET_LOCKED;floor=3.40 peak=10.08;MANAGE_PROFIT;SAFE;1;1;1;-1;-1;4400.54;10.24;10.24;10.08;-1.16;KELLY_LITE;true;0.04;213249.54;0.0417;KELLY_LITE(mult=1.40 taper=1.00 n=20)+HARD_RISK_CAP(2.0%)+MAXLOSS_CAP;213249.54;213259.78;34;0
2026.08.12 03:41:11;XAUUSD;5;1786445834;SL_MODIFY_FAILED;ticket=118853796 newSL=4402.58 reason=break_even_lock_leg_0 err=0;MANAGE_PROFIT;SAFE;1;1;1;-1;-1;4400.54;9.44;9.44;10.24;-1.16;KELLY_LITE;true;0.04;213249.54;0.0417;KELLY_LITE(mult=1.40 taper=1.00 n=20)+HARD_RISK_CAP(2.0%)+MAXLOSS_CAP;213249.54;213258.98;33;0
2026.08.12 03:41:11;XAUUSD;5;1786445834;PROFIT_RATCHET_LOCKED;floor=3.46 peak=10.24;MANAGE_PROFIT;SAFE;1;1;1;-1;-1;4400.54;9.44;9.44;10.24;-1.16;KELLY_LITE;true;0.04;213249.54;0.0417;KELLY_LITE(mult=1.40 taper=1.00 n=20)+HARD_RISK_CAP(2.0%)+MAXLOSS_CAP;213249.54;213258.98;33;0
2026.08.12 03:41:11;XAUUSD;5;1786445834;PROFIT_RATCHET_LOCKED;floor=3.46 peak=10.24;MANAGE_PROFIT;SAFE;1;1;1;-1;-1;4400.54;9.44;9.44;10.24;-1.16;KELLY_LITE;true;0.04;213249.54;0.0417;KELLY_LITE(mult=1.40 taper=1.00 n=20)+HARD_RISK_CAP(2.0%)+MAXLOSS_CAP;213249.54;213258.98;33;0
2026.08.12 03:41:11;XAUUSD;5;1786445834;PROFIT_RATCHET_LOCKED;floor=3.46 peak=10.24;MANAGE_PROFIT;SAFE;1;1;1;-1;-1;4400.54;9.72;9.72;10.24;-1.16;KELLY_LITE;true;0.04;213249.54;0.0417;KELLY_LITE(mult=1.40 taper=1.00 n=20)+HARD_RISK_CAP(2.0%)+MAXLOSS_CAP;213249.54;213259.26;33;0
2026.08.12 03:41:12;XAUUSD;5;1786445834;PROFIT_RATCHET_LOCKED;floor=3.46 peak=10.24;MANAGE_PROFIT;SAFE;1;1;1;-1;-1;4400.54;9.80;9.80;10.24;-1.16;KELLY_LITE;true;0.04;213249.54;0.0417;KELLY_LITE(mult=1.40 taper=1.00 n=20)+HARD_RISK_CAP(2.0%)+MAXLOSS_CAP;213249.54;213259.34;36;0
2026.08.12 03:41:12;XAUUSD;5;1786445834;PROFIT_RATCHET_LOCKED;floor=3.46 peak=10.24;MANAGE_PROFIT;SAFE;1;1;1;-1;-1;4400.54;8.48;8.48;10.24;-1.16;KELLY_LITE;true;0.04;213249.54;0.0417;KELLY_LITE(mult=1.40 taper=1.00 n=20)+HARD_RISK_CAP(2.0%)+MAXLOSS_CAP;213249.54;213258.02;33;0
2026.08.12 03:41:12;XAUUSD;5;1786445834;PROFIT_RATCHET_LOCKED;floor=3.46 peak=10.24;MANAGE_PROFIT;SAFE;1;1;1;-1;-1;4400.54;8.36;8.36;10.24;-1.16;KELLY_LITE;true;0.04;213249.54;0.0417;KELLY_LITE(mult=1.40 taper=1.00 n=20)+HARD_RISK_CAP(2.0%)+MAXLOSS_CAP;213249.54;213257.90;36;0
2026.08.12 03:41:13;XAUUSD;5;1786445834;PROFIT_RATCHET_LOCKED;floor=3.46 peak=10.24;MANAGE_PROFIT;SAFE;1;1;1;-1;-1;4400.54;8.80;8.80;10.24;-1.16;KELLY_LITE;true;0.04;213249.54;0.0417;KELLY_LITE(mult=1.40 taper=1.00 n=20)+HARD_RISK_CAP(2.0%)+MAXLOSS_CAP;213249.54;213258.34;33;0
2026.08.12 03:41:13;XAUUSD;5;1786445834;PROFIT_RATCHET_LOCKED;floor=3.46 peak=10.24;MANAGE_PROFIT;SAFE;1;1;1;-1;-1;4400.54;8.44;8.44;10.24;-1.16;KELLY_LITE;true;0.04;213249.54;0.0417;KELLY_LITE(mult=1.40 taper=1.00 n=20)+HARD_RISK_CAP(2.0%)+MAXLOSS_CAP;213249.54;213257.98;33;0
2026.08.12 03:41:13;XAUUSD;5;1786445834;PROFIT_RATCHET_LOCKED;floor=3.46 peak=10.24;MANAGE_PROFIT;SAFE;1;1;1;-1;-1;4400.54;8.60;8.60;10.24;-1.16;KELLY_LITE;true;0.04;213249.54;0.0417;KELLY_LITE(mult=1.40 taper=1.00 n=20)+HARD_RISK_CAP(2.0%)+MAXLOSS_CAP;213249.54;213258.14;33;0
2026.08.12 03:41:14;XAUUSD;5;1786445834;PROFIT_RATCHET_LOCKED;floor=3.46 peak=10.24;MANAGE_PROFIT;SAFE;1;1;1;-1;-1;4400.54;8.76;8.76;10.24;-1.16;KELLY_LITE;true;0.04;213249.54;0.0417;KELLY_LITE(mult=1.40 taper=1.00 n=20)+HARD_RISK_CAP(2.0%)+MAXLOSS_CAP;213249.54;213258.30;33;0
2026.08.12 03:41:14;XAUUSD;5;1786445834;PROFIT_RATCHET_LOCKED;floor=3.46 peak=10.24;MANAGE_PROFIT;SAFE;1;1;1;-1;-1;4400.54;8.88;8.88;10.24;-1.16;KELLY_LITE;true;0.04;213249.54;0.0417;KELLY_LITE(mult=1.40 taper=1.00 n=20)+HARD_RISK_CAP(2.0%)+MAXLOSS_CAP;213249.54;213258.42;33;0
2026.08.12 03:41:14;XAUUSD;5;1786445834;PROFIT_RATCHET_LOCKED;floor=3.46 peak=10.24;MANAGE_PROFIT;SAFE;1;1;1;-1;-1;4400.54;8.84;8.84;10.24;-1.16;KELLY_LITE;true;0.04;213249.54;0.0417;KELLY_LITE(mult=1.40 taper=1.00 n=20)+HARD_RISK_CAP(2.0%)+MAXLOSS_CAP;213249.54;213258.38;33;0
2026.08.12 03:41:14;XAUUSD;5;1786445834;PROFIT_RATCHET_LOCKED;floor=3.46 peak=10.24;MANAGE_PROFIT;SAFE;1;1;1;-1;-1;4400.54;9.12;9.12;10.24;-1.16;KELLY_LITE;true;0.04;213249.54;0.0417;KELLY_LITE(mult=1.40 taper=1.00 n=20)+HARD_RISK_CAP(2.0%)+MAXLOSS_CAP;213249.54;213258.66;34;0
2026.08.12 03:41:14;XAUUSD;5;1786445834;PROFIT_RATCHET_LOCKED;floor=3.46 peak=10.24;MANAGE_PROFIT;SAFE;1;1;1;-1;-1;4400.54;9.96;9.96;10.24;-1.16;KELLY_LITE;true;0.04;213249.54;0.0417;KELLY_LITE(mult=1.40 taper=1.00 n=20)+HARD_RISK_CAP(2.0%)+MAXLOSS_CAP;213249.54;213259.50;35;0
2026.08.12 03:41:15;XAUUSD;5;1786445834;PROFIT_RATCHET_LOCKED;floor=3.46 peak=10.24;MANAGE_PROFIT;SAFE;1;1;1;-1;-1;4400.54;10.00;10.00;10.24;-1.16;KELLY_LITE;true;0.04;213249.54;0.0417;KELLY_LITE(mult=1.40 taper=1.00 n=20)+HARD_RISK_CAP(2.0%)+MAXLOSS_CAP;213249.54;213259.54;34;0
2026.08.12 03:41:15;XAUUSD;5;1786445834;PROFIT_RATCHET_LOCKED;floor=3.46 peak=10.24;MANAGE_PROFIT;SAFE;1;1;1;-1;-1;4400.54;10.12;10.12;10.24;-1.16;KELLY_LITE;true;0.04;213249.54;0.0417;KELLY_LITE(mult=1.40 taper=1.00 n=20)+HARD_RISK_CAP(2.0%)+MAXLOSS_CAP;213249.54;213259.66;36;0
2026.08.12 03:41:16;XAUUSD;5;1786445834;PROFIT_RATCHET_LOCKED;floor=3.55 peak=10.52;MANAGE_PROFIT;SAFE;1;1;1;-1;-1;4400.54;9.76;9.76;10.52;-1.16;KELLY_LITE;true;0.04;213249.54;0.0417;KELLY_LITE(mult=1.40 taper=1.00 n=20)+HARD_RISK_CAP(2.0%)+MAXLOSS_CAP;213249.54;213259.30;33;0
2026.08.12 03:41:16;XAUUSD;5;1786445834;PROFIT_RATCHET_LOCKED;floor=3.55 peak=10.52;MANAGE_PROFIT;SAFE;1;1;1;-1;-1;4400.54;9.76;9.76;10.52;-1.16;KELLY_LITE;true;0.04;213249.54;0.0417;KELLY_LITE(mult=1.40 taper=1.00 n=20)+HARD_RISK_CAP(2.0%)+MAXLOSS_CAP;213249.54;213259.30;33;0
2026.08.12 03:41:16;XAUUSD;5;1786445834;SL_MODIFIED;ticket=118853796 oldSL=4402.54 newSL=4402.59 reason=break_even_lock_leg_0;MANAGE_PROFIT;SAFE;1;1;1;-1;-1;4400.54;10.24;10.24;10.52;-1.16;KELLY_LITE;true;0.04;213249.54;0.0417;KELLY_LITE(mult=1.40 taper=1.00 n=20)+HARD_RISK_CAP(2.0%)+MAXLOSS_CAP;213249.54;213259.78;36;0
2026.08.12 03:41:16;XAUUSD;5;1786445834;PROFIT_RATCHET_LOCKED;floor=3.55 peak=10.52;MANAGE_PROFIT;SAFE;1;1;1;-1;-1;4400.54;10.24;10.24;10.52;-1.16;KELLY_LITE;true;0.04;213249.54;0.0417;KELLY_LITE(mult=1.40 taper=1.00 n=20)+HARD_RISK_CAP(2.0%)+MAXLOSS_CAP;213249.54;213259.78;36;0
2026.08.12 03:41:16;XAUUSD;5;1786445834;PROFIT_RATCHET_LOCKED;floor=3.55 peak=10.52;MANAGE_PROFIT;SAFE;1;1;1;-1;-1;4400.54;10.24;10.24;10.52;-1.16;KELLY_LITE;true;0.04;213249.54;0.0417;KELLY_LITE(mult=1.40 taper=1.00 n=20)+HARD_RISK_CAP(2.0%)+MAXLOSS_CAP;213249.54;213259.78;36;0
2026.08.12 03:41:17;XAUUSD;5;1786445834;PROFIT_RATCHET_LOCKED;floor=3.66 peak=10.84;MANAGE_PROFIT;SAFE;1;1;1;-1;-1;4400.54;10.00;10.00;10.84;-1.16;KELLY_LITE;true;0.04;213249.54;0.0417;KELLY_LITE(mult=1.40 taper=1.00 n=20)+HARD_RISK_CAP(2.0%)+MAXLOSS_CAP;213249.54;213259.54;37;0
2026.08.12 03:41:17;XAUUSD;5;1786445834;PROFIT_RATCHET_LOCKED;floor=3.66 peak=10.84;MANAGE_PROFIT;SAFE;1;1;1;-1;-1;4400.54;10.00;10.00;10.84;-1.16;KELLY_LITE;true;0.04;213249.54;0.0417;KELLY_LITE(mult=1.40 taper=1.00 n=20)+HARD_RISK_CAP(2.0%)+MAXLOSS_CAP;213249.54;213259.54;37;0
2026.08.12 03:41:17;XAUUSD;5;1786445834;PROFIT_RATCHET_LOCKED;floor=3.66 peak=10.84;MANAGE_PROFIT;SAFE;1;1;1;-1;-1;4400.54;9.56;9.56;10.84;-1.16;KELLY_LITE;true;0.04;213249.54;0.0417;KELLY_LITE(mult=1.40 taper=1.00 n=20)+HARD_RISK_CAP(2.0%)+MAXLOSS_CAP;213249.54;213259.10;36;0
2026.08.12 03:41:17;XAUUSD;5;1786445834;PROFIT_RATCHET_LOCKED;floor=3.66 peak=10.84;MANAGE_PROFIT;SAFE;1;1;1;-1;-1;4400.54;9.36;9.36;10.84;-1.16;KELLY_LITE;true;0.04;213249.54;0.0417;KELLY_LITE(mult=1.40 taper=1.00 n=20)+HARD_RISK_CAP(2.0%)+MAXLOSS_CAP;213249.54;213258.90;36;0
2026.08.12 03:41:17;XAUUSD;5;1786445834;PROFIT_RATCHET_LOCKED;floor=3.66 peak=10.84;MANAGE_PROFIT;SAFE;1;1;1;-1;-1;4400.54;9.60;9.60;10.84;-1.16;KELLY_LITE;true;0.04;213249.54;0.0417;KELLY_LITE(mult=1.40 taper=1.00 n=20)+HARD_RISK_CAP(2.0%)+MAXLOSS_CAP;213249.54;213259.14;36;0
2026.08.12 03:41:18;XAUUSD;5;1786445834;PROFIT_RATCHET_LOCKED;floor=3.66 peak=10.84;MANAGE_PROFIT;SAFE;1;1;1;-1;-1;4400.54;8.96;8.96;10.84;-1.16;KELLY_LITE;true;0.04;213249.54;0.0417;KELLY_LITE(mult=1.40 taper=1.00 n=20)+HARD_RISK_CAP(2.0%)+MAXLOSS_CAP;213249.54;213258.50;36;0
2026.08.12 03:41:18;XAUUSD;5;1786445834;PROFIT_RATCHET_LOCKED;floor=3.66 peak=10.84;MANAGE_PROFIT;SAFE;1;1;1;-1;-1;4400.54;9.48;9.48;10.84;-1.16;KELLY_LITE;true;0.04;213249.54;0.0417;KELLY_LITE(mult=1.40 taper=1.00 n=20)+HARD_RISK_CAP(2.0%)+MAXLOSS_CAP;213249.54;213259.02;36;0
2026.08.12 03:41:18;XAUUSD;5;1786445834;PROFIT_RATCHET_LOCKED;floor=3.66 peak=10.84;MANAGE_PROFIT;SAFE;1;1;1;-1;-1;4400.54;9.84;9.84;10.84;-1.16;KELLY_LITE;true;0.04;213249.54;0.0417;KELLY_LITE(mult=1.40 taper=1.00 n=20)+HARD_RISK_CAP(2.0%)+MAXLOSS_CAP;213249.54;213259.38;33;0
2026.08.12 03:41:19;XAUUSD;5;1786445834;PROFIT_RATCHET_LOCKED;floor=3.66 peak=10.84;MANAGE_PROFIT;SAFE;1;1;1;-1;-1;4400.54;10.08;10.08;10.84;-1.16;KELLY_LITE;true;0.04;213249.54;0.0417;KELLY_LITE(mult=1.40 taper=1.00 n=20)+HARD_RISK_CAP(2.0%)+MAXLOSS_CAP;213249.54;213259.62;36;0
2026.08.12 03:41:19;XAUUSD;5;1786445834;PROFIT_RATCHET_LOCKED;floor=3.66 peak=10.84;MANAGE_PROFIT;SAFE;1;1;1;-1;-1;4400.54;10.20;10.20;10.84;-1.16;KELLY_LITE;true;0.04;213249.54;0.0417;KELLY_LITE(mult=1.40 taper=1.00 n=20)+HARD_RISK_CAP(2.0%)+MAXLOSS_CAP;213249.54;213259.74;35;0
2026.08.12 03:41:19;XAUUSD;5;1786445834;PROFIT_RATCHET_LOCKED;floor=3.66 peak=10.84;MANAGE_PROFIT;SAFE;1;1;1;-1;-1;4400.54;10.16;10.16;10.84;-1.16;KELLY_LITE;true;0.04;213249.54;0.0417;KELLY_LITE(mult=1.40 taper=1.00 n=20)+HARD_RISK_CAP(2.0%)+MAXLOSS_CAP;213249.54;213259.70;36;0
2026.08.12 03:41:20;XAUUSD;5;1786445834;PROFIT_RATCHET_LOCKED;floor=3.66 peak=10.84;MANAGE_PROFIT;SAFE;1;1;1;-1;-1;4400.54;10.16;10.16;10.84;-1.16;KELLY_LITE;true;0.04;213249.54;0.0417;KELLY_LITE(mult=1.40 taper=1.00 n=20)+HARD_RISK_CAP(2.0%)+MAXLOSS_CAP;213249.54;213259.70;33;0
2026.08.12 03:41:20;XAUUSD;5;1786445834;PROFIT_RATCHET_LOCKED;floor=3.66 peak=10.84;MANAGE_PROFIT;SAFE;1;1;1;-1;-1;4400.54;10.00;10.00;10.84;-1.16;KELLY_LITE;true;0.04;213249.54;0.0417;KELLY_LITE(mult=1.40 taper=1.00 n=20)+HARD_RISK_CAP(2.0%)+MAXLOSS_CAP;213249.54;213259.54;36;0
2026.08.12 03:41:20;XAUUSD;5;1786445834;PROFIT_RATCHET_LOCKED;floor=3.66 peak=10.84;MANAGE_PROFIT;SAFE;1;1;1;-1;-1;4400.54;9.92;9.92;10.84;-1.16;KELLY_LITE;true;0.04;213249.54;0.0417;KELLY_LITE(mult=1.40 taper=1.00 n=20)+HARD_RISK_CAP(2.0%)+MAXLOSS_CAP;213249.54;213259.46;35;0
2026.08.12 03:41:20;XAUUSD;5;1786445834;PROFIT_RATCHET_LOCKED;floor=3.66 peak=10.84;MANAGE_PROFIT;SAFE;1;1;1;-1;-1;4400.54;9.36;9.36;10.84;-1.16;KELLY_LITE;true;0.04;213249.54;0.0417;KELLY_LITE(mult=1.40 taper=1.00 n=20)+HARD_RISK_CAP(2.0%)+MAXLOSS_CAP;213249.54;213258.90;33;0
2026.08.12 03:41:21;XAUUSD;5;1786445834;PROFIT_RATCHET_LOCKED;floor=3.66 peak=10.84;MANAGE_PROFIT;SAFE;1;1;1;-1;-1;4400.54;9.28;9.28;10.84;-1.16;KELLY_LITE;true;0.04;213249.54;0.0417;KELLY_LITE(mult=1.40 taper=1.00 n=20)+HARD_RISK_CAP(2.0%)+MAXLOSS_CAP;213249.54;213258.82;36;0
2026.08.12 03:41:21;XAUUSD;5;1786445834;PROFIT_RATCHET_LOCKED;floor=3.66 peak=10.84;MANAGE_PROFIT;SAFE;1;1;1;-1;-1;4400.54;9.00;9.00;10.84;-1.16;KELLY_LITE;true;0.04;213249.54;0.0417;KELLY_LITE(mult=1.40 taper=1.00 n=20)+HARD_RISK_CAP(2.0%)+MAXLOSS_CAP;213249.54;213258.54;34;0
2026.08.12 03:41:21;XAUUSD;5;1786445834;PROFIT_RATCHET_LOCKED;floor=3.66 peak=10.84;MANAGE_PROFIT;SAFE;1;1;1;-1;-1;4400.54;8.88;8.88;10.84;-1.16;KELLY_LITE;true;0.04;213249.54;0.0417;KELLY_LITE(mult=1.40 taper=1.00 n=20)+HARD_RISK_CAP(2.0%)+MAXLOSS_CAP;213249.54;213258.42;36;0
2026.08.12 03:41:22;XAUUSD;5;1786445834;PROFIT_RATCHET_LOCKED;floor=3.66 peak=10.84;MANAGE_PROFIT;SAFE;1;1;1;-1;-1;4400.54;8.40;8.40;10.84;-1.16;KELLY_LITE;true;0.04;213249.54;0.0417;KELLY_LITE(mult=1.40 taper=1.00 n=20)+HARD_RISK_CAP(2.0%)+MAXLOSS_CAP;213249.54;213257.94;34;0
2026.08.12 03:41:22;XAUUSD;5;1786445834;PROFIT_RATCHET_LOCKED;floor=3.66 peak=10.84;MANAGE_PROFIT;SAFE;1;1;1;-1;-1;4400.54;8.84;8.84;10.84;-1.16;KELLY_LITE;true;0.04;213249.54;0.0417;KELLY_LITE(mult=1.40 taper=1.00 n=20)+HARD_RISK_CAP(2.0%)+MAXLOSS_CAP;213249.54;213258.38;35;0
2026.08.12 03:41:22;XAUUSD;5;1786445834;PROFIT_RATCHET_LOCKED;floor=3.66 peak=10.84;MANAGE_PROFIT;SAFE;1;1;1;-1;-1;4400.54;9.88;9.88;10.84;-1.16;KELLY_LITE;true;0.04;213249.54;0.0417;KELLY_LITE(mult=1.40 taper=1.00 n=20)+HARD_RISK_CAP(2.0%)+MAXLOSS_CAP;213249.54;213259.42;37;0
2026.08.12 03:41:23;XAUUSD;5;1786445834;SL_MODIFIED;ticket=118853796 oldSL=4402.59 newSL=4402.62 reason=break_even_lock_leg_0;MANAGE_PROFIT;SAFE;1;1;1;-1;-1;4400.54;10.52;10.52;10.84;-1.16;KELLY_LITE;true;0.04;213249.54;0.0417;KELLY_LITE(mult=1.40 taper=1.00 n=20)+HARD_RISK_CAP(2.0%)+MAXLOSS_CAP;213249.54;213260.06;36;0
2026.08.12 03:41:23;XAUUSD;5;1786445834;PROFIT_RATCHET_LOCKED;floor=3.66 peak=10.84;MANAGE_PROFIT;SAFE;1;1;1;-1;-1;4400.54;10.52;10.52;10.84;-1.16;KELLY_LITE;true;0.04;213249.54;0.0417;KELLY_LITE(mult=1.40 taper=1.00 n=20)+HARD_RISK_CAP(2.0%)+MAXLOSS_CAP;213249.54;213260.06;36;0
2026.08.12 03:41:23;XAUUSD;5;1786445834;SL_MODIFIED;ticket=118853796 oldSL=4402.62 newSL=4402.65 reason=break_even_lock_leg_0;MANAGE_PROFIT;SAFE;1;1;1;-1;-1;4400.54;10.92;10.92;10.84;-1.16;KELLY_LITE;true;0.04;213249.54;0.0417;KELLY_LITE(mult=1.40 taper=1.00 n=20)+HARD_RISK_CAP(2.0%)+MAXLOSS_CAP;213249.54;213260.46;33;0
2026.08.12 03:41:23;XAUUSD;5;1786445834;PROFIT_RATCHET_LOCKED;floor=3.66 peak=10.84;MANAGE_PROFIT;SAFE;1;1;1;-1;-1;4400.54;10.92;10.92;10.84;-1.16;KELLY_LITE;true;0.04;213249.54;0.0417;KELLY_LITE(mult=1.40 taper=1.00 n=20)+HARD_RISK_CAP(2.0%)+MAXLOSS_CAP;213249.54;213260.46;33;0
2026.08.12 03:41:24;XAUUSD;5;1786445834;SL_MODIFIED;ticket=118853796 oldSL=4402.65 newSL=4402.75 reason=break_even_lock_leg_0;MANAGE_PROFIT;SAFE;1;1;1;-1;-1;4400.54;10.84;11.44;10.92;-1.16;KELLY_LITE;true;0.04;213249.54;0.0417;KELLY_LITE(mult=1.40 taper=1.00 n=20)+HARD_RISK_CAP(2.0%)+MAXLOSS_CAP;213249.54;213260.38;33;0
2026.08.12 03:41:24;XAUUSD;5;1786445834;PROFIT_RATCHET_LOCKED;floor=3.69 peak=10.92;MANAGE_PROFIT;SAFE;1;1;1;-1;-1;4400.54;10.84;11.44;10.92;-1.16;KELLY_LITE;true;0.04;213249.54;0.0417;KELLY_LITE(mult=1.40 taper=1.00 n=20)+HARD_RISK_CAP(2.0%)+MAXLOSS_CAP;213249.54;213260.38;33;0
2026.08.12 03:41:24;XAUUSD;5;1786445834;PROFIT_RATCHET_LOCKED;floor=3.69 peak=10.92;MANAGE_PROFIT;SAFE;1;1;1;-1;-1;4400.54;10.84;11.44;10.92;-1.16;KELLY_LITE;true;0.04;213249.54;0.0417;KELLY_LITE(mult=1.40 taper=1.00 n=20)+HARD_RISK_CAP(2.0%)+MAXLOSS_CAP;213249.54;213260.38;33;0
2026.08.12 03:41:24;XAUUSD;5;1786445834;PROFIT_RATCHET_LOCKED;floor=3.70 peak=10.96;MANAGE_PROFIT;SAFE;1;1;1;-1;-1;4400.54;10.96;10.96;10.96;-1.16;KELLY_LITE;true;0.04;213249.54;0.0417;KELLY_LITE(mult=1.40 taper=1.00 n=20)+HARD_RISK_CAP(2.0%)+MAXLOSS_CAP;213249.54;213260.50;36;0
2026.08.12 03:41:24;XAUUSD;5;1786445834;PROFIT_RATCHET_LOCKED;floor=3.70 peak=10.96;MANAGE_PROFIT;SAFE;1;1;1;-1;-1;4400.54;10.88;10.88;10.96;-1.16;KELLY_LITE;true;0.04;213249.54;0.0417;KELLY_LITE(mult=1.40 taper=1.00 n=20)+HARD_RISK_CAP(2.0%)+MAXLOSS_CAP;213249.54;213260.42;33;0
2026.08.12 03:41:24;XAUUSD;5;1786445834;PROFIT_RATCHET_LOCKED;floor=3.70 peak=10.96;MANAGE_PROFIT;SAFE;1;1;1;-1;-1;4400.54;10.56;10.56;10.96;-1.16;KELLY_LITE;true;0.04;213249.54;0.0417;KELLY_LITE(mult=1.40 taper=1.00 n=20)+HARD_RISK_CAP(2.0%)+MAXLOSS_CAP;213249.54;213260.10;36;0
2026.08.12 03:41:25;XAUUSD;5;1786445834;PROFIT_RATCHET_LOCKED;floor=3.70 peak=10.96;MANAGE_PROFIT;SAFE;1;1;1;-1;-1;4400.54;10.32;10.32;10.96;-1.16;KELLY_LITE;true;0.04;213249.54;0.0417;KELLY_LITE(mult=1.40 taper=1.00 n=20)+HARD_RISK_CAP(2.0%)+MAXLOSS_CAP;213249.54;213259.86;35;0
2026.08.12 03:41:25;XAUUSD;5;1786445834;PROFIT_RATCHET_LOCKED;floor=3.70 peak=10.96;MANAGE_PROFIT;SAFE;1;1;1;-1;-1;4400.54;10.76;10.76;10.96;-1.16;KELLY_LITE;true;0.04;213249.54;0.0417;KELLY_LITE(mult=1.40 taper=1.00 n=20)+HARD_RISK_CAP(2.0%)+MAXLOSS_CAP;213249.54;213260.30;33;0
2026.08.12 03:41:25;XAUUSD;5;1786445834;PROFIT_RATCHET_LOCKED;floor=3.70 peak=10.96;MANAGE_PROFIT;SAFE;1;1;1;-1;-1;4400.54;10.80;10.80;10.96;-1.16;KELLY_LITE;true;0.04;213249.54;0.0417;KELLY_LITE(mult=1.40 taper=1.00 n=20)+HARD_RISK_CAP(2.0%)+MAXLOSS_CAP;213249.54;213260.34;34;0
2026.08.12 03:41:25;XAUUSD;5;1786445834;PROFIT_RATCHET_LOCKED;floor=3.70 peak=10.96;MANAGE_PROFIT;SAFE;1;1;1;-1;-1;4400.54;10.44;10.44;10.96;-1.16;KELLY_LITE;true;0.04;213249.54;0.0417;KELLY_LITE(mult=1.40 taper=1.00 n=20)+HARD_RISK_CAP(2.0%)+MAXLOSS_CAP;213249.54;213259.98;33;0
2026.08.12 03:41:26;XAUUSD;5;1786445834;PROFIT_RATCHET_LOCKED;floor=3.70 peak=10.96;MANAGE_PROFIT;SAFE;1;1;1;-1;-1;4400.54;10.56;10.56;10.96;-1.16;KELLY_LITE;true;0.04;213249.54;0.0417;KELLY_LITE(mult=1.40 taper=1.00 n=20)+HARD_RISK_CAP(2.0%)+MAXLOSS_CAP;213249.54;213260.10;33;0
2026.08.12 03:41:26;XAUUSD;5;1786445834;SL_MODIFIED;ticket=118853796 oldSL=4402.75 newSL=4402.85 reason=break_even_lock_leg_0;MANAGE_PROFIT;SAFE;1;1;1;-1;-1;4400.54;11.40;11.40;11.32;-1.16;KELLY_LITE;true;0.04;213249.54;0.0417;KELLY_LITE(mult=1.40 taper=1.00 n=20)+HARD_RISK_CAP(2.0%)+MAXLOSS_CAP;213249.54;213260.94;35;0
2026.08.12 03:41:26;XAUUSD;5;1786445834;PROFIT_RATCHET_LOCKED;floor=3.82 peak=11.32;MANAGE_PROFIT;SAFE;1;1;1;-1;-1;4400.54;11.40;11.40;11.32;-1.16;KELLY_LITE;true;0.04;213249.54;0.0417;KELLY_LITE(mult=1.40 taper=1.00 n=20)+HARD_RISK_CAP(2.0%)+MAXLOSS_CAP;213249.54;213260.94;35;0
2026.08.12 03:41:26;XAUUSD;5;1786445834;PROFIT_RATCHET_LOCKED;floor=3.85 peak=11.40;MANAGE_PROFIT;SAFE;1;1;1;-1;-1;4400.54;11.40;11.40;11.40;-1.16;KELLY_LITE;true;0.04;213249.54;0.0417;KELLY_LITE(mult=1.40 taper=1.00 n=20)+HARD_RISK_CAP(2.0%)+MAXLOSS_CAP;213249.54;213260.94;35;0
2026.08.12 03:41:27;XAUUSD;5;1786445834;PROFIT_RATCHET_LOCKED;floor=3.85 peak=11.40;MANAGE_PROFIT;SAFE;1;1;1;-1;-1;4400.54;11.36;11.36;11.40;-1.16;KELLY_LITE;true;0.04;213249.54;0.0417;KELLY_LITE(mult=1.40 taper=1.00 n=20)+HARD_RISK_CAP(2.0%)+MAXLOSS_CAP;213249.54;213260.90;36;0
2026.08.12 03:41:28;XAUUSD;5;1786445834;SL_MODIFY_FAILED;ticket=118853796 newSL=4402.89 reason=break_even_lock_leg_0 err=0;MANAGE_PROFIT;SAFE;1;1;1;-1;-1;4400.54;10.60;10.60;11.48;-1.16;KELLY_LITE;true;0.04;213249.54;0.0417;KELLY_LITE(mult=1.40 taper=1.00 n=20)+HARD_RISK_CAP(2.0%)+MAXLOSS_CAP;213249.54;213260.14;33;0
2026.08.12 03:41:28;XAUUSD;5;1786445834;PROFIT_RATCHET_LOCKED;floor=3.87 peak=11.48;MANAGE_PROFIT;SAFE;1;1;1;-1;-1;4400.54;10.60;10.60;11.48;-1.16;KELLY_LITE;true;0.04;213249.54;0.0417;KELLY_LITE(mult=1.40 taper=1.00 n=20)+HARD_RISK_CAP(2.0%)+MAXLOSS_CAP;213249.54;213260.14;33;0
2026.08.12 03:41:28;XAUUSD;5;1786445834;PROFIT_RATCHET_LOCKED;floor=3.87 peak=11.48;MANAGE_PROFIT;SAFE;1;1;1;-1;-1;4400.54;10.60;10.60;11.48;-1.16;KELLY_LITE;true;0.04;213249.54;0.0417;KELLY_LITE(mult=1.40 taper=1.00 n=20)+HARD_RISK_CAP(2.0%)+MAXLOSS_CAP;213249.54;213260.14;33;0
2026.08.12 03:41:28;XAUUSD;5;1786445834;PROFIT_RATCHET_LOCKED;floor=3.87 peak=11.48;MANAGE_PROFIT;SAFE;1;1;1;-1;-1;4400.54;10.52;10.52;11.48;-1.16;KELLY_LITE;true;0.04;213249.54;0.0417;KELLY_LITE(mult=1.40 taper=1.00 n=20)+HARD_RISK_CAP(2.0%)+MAXLOSS_CAP;213249.54;213260.06;35;0
2026.08.12 03:41:29;XAUUSD;5;1786445834;PROFIT_RATCHET_LOCKED;floor=3.87 peak=11.48;MANAGE_PROFIT;SAFE;1;1;1;-1;-1;4400.54;10.60;10.60;11.48;-1.16;KELLY_LITE;true;0.04;213249.54;0.0417;KELLY_LITE(mult=1.40 taper=1.00 n=20)+HARD_RISK_CAP(2.0%)+MAXLOSS_CAP;213249.54;213260.14;33;0
2026.08.12 03:41:29;XAUUSD;5;1786445834;PROFIT_RATCHET_LOCKED;floor=3.87 peak=11.48;MANAGE_PROFIT;SAFE;1;1;1;-1;-1;4400.54;10.32;10.32;11.48;-1.16;KELLY_LITE;true;0.04;213249.54;0.0417;KELLY_LITE(mult=1.40 taper=1.00 n=20)+HARD_RISK_CAP(2.0%)+MAXLOSS_CAP;213249.54;213259.86;35;0
2026.08.12 03:41:29;XAUUSD;5;1786445834;PROFIT_RATCHET_LOCKED;floor=3.87 peak=11.48;MANAGE_PROFIT;SAFE;1;1;1;-1;-1;4400.54;10.40;10.40;11.48;-1.16;KELLY_LITE;true;0.04;213249.54;0.0417;KELLY_LITE(mult=1.40 taper=1.00 n=20)+HARD_RISK_CAP(2.0%)+MAXLOSS_CAP;213249.54;213259.94;33;0
2026.08.12 03:41:30;XAUUSD;5;1786445834;PROFIT_RATCHET_LOCKED;floor=3.87 peak=11.48;MANAGE_PROFIT;SAFE;1;1;1;-1;-1;4400.54;10.44;10.44;11.48;-1.16;KELLY_LITE;true;0.04;213249.54;0.0417;KELLY_LITE(mult=1.40 taper=1.00 n=20)+HARD_RISK_CAP(2.0%)+MAXLOSS_CAP;213249.54;213259.98;33;0
2026.08.12 03:41:30;XAUUSD;5;1786445834;PROFIT_RATCHET_LOCKED;floor=3.87 peak=11.48;MANAGE_PROFIT;SAFE;1;1;1;-1;-1;4400.54;10.36;10.36;11.48;-1.16;KELLY_LITE;true;0.04;213249.54;0.0417;KELLY_LITE(mult=1.40 taper=1.00 n=20)+HARD_RISK_CAP(2.0%)+MAXLOSS_CAP;213249.54;213259.90;34;0
2026.08.12 03:41:30;XAUUSD;5;1786445834;PROFIT_RATCHET_LOCKED;floor=3.87 peak=11.48;MANAGE_PROFIT;SAFE;1;1;1;-1;-1;4400.54;10.32;10.32;11.48;-1.16;KELLY_LITE;true;0.04;213249.54;0.0417;KELLY_LITE(mult=1.40 taper=1.00 n=20)+HARD_RISK_CAP(2.0%)+MAXLOSS_CAP;213249.54;213259.86;35;0
2026.08.12 03:41:31;XAUUSD;5;1786445834;PROFIT_RATCHET_LOCKED;floor=3.87 peak=11.48;MANAGE_PROFIT;SAFE;1;1;1;-1;-1;4400.54;10.24;10.24;11.48;-1.16;KELLY_LITE;true;0.04;213249.54;0.0417;KELLY_LITE(mult=1.40 taper=1.00 n=20)+HARD_RISK_CAP(2.0%)+MAXLOSS_CAP;213249.54;213259.78;36;0
2026.08.12 03:41:31;XAUUSD;5;1786445834;PROFIT_RATCHET_LOCKED;floor=3.87 peak=11.48;MANAGE_PROFIT;SAFE;1;1;1;-1;-1;4400.54;10.28;10.28;11.48;-1.16;KELLY_LITE;true;0.04;213249.54;0.0417;KELLY_LITE(mult=1.40 taper=1.00 n=20)+HARD_RISK_CAP(2.0%)+MAXLOSS_CAP;213249.54;213259.82;36;0
2026.08.12 03:41:31;XAUUSD;5;1786445834;PROFIT_RATCHET_LOCKED;floor=3.87 peak=11.48;MANAGE_PROFIT;SAFE;1;1;1;-1;-1;4400.54;10.24;10.24;11.48;-1.16;KELLY_LITE;true;0.04;213249.54;0.0417;KELLY_LITE(mult=1.40 taper=1.00 n=20)+HARD_RISK_CAP(2.0%)+MAXLOSS_CAP;213249.54;213259.78;35;0
2026.08.12 03:41:31;XAUUSD;5;1786445834;PROFIT_RATCHET_LOCKED;floor=3.87 peak=11.48;MANAGE_PROFIT;SAFE;1;1;1;-1;-1;4400.54;10.20;10.20;11.48;-1.16;KELLY_LITE;true;0.04;213249.54;0.0417;KELLY_LITE(mult=1.40 taper=1.00 n=20)+HARD_RISK_CAP(2.0%)+MAXLOSS_CAP;213249.54;213259.74;36;0
2026.08.12 03:41:32;XAUUSD;5;1786445834;PROFIT_RATCHET_LOCKED;floor=3.87 peak=11.48;MANAGE_PROFIT;SAFE;1;1;1;-1;-1;4400.54;10.24;10.24;11.48;-1.16;KELLY_LITE;true;0.04;213249.54;0.0417;KELLY_LITE(mult=1.40 taper=1.00 n=20)+HARD_RISK_CAP(2.0%)+MAXLOSS_CAP;213249.54;213259.78;35;0
2026.08.12 03:41:32;XAUUSD;5;1786445834;PROFIT_RATCHET_LOCKED;floor=3.87 peak=11.48;MANAGE_PROFIT;SAFE;1;1;1;-1;-1;4400.54;9.60;9.60;11.48;-1.16;KELLY_LITE;true;0.04;213249.54;0.0417;KELLY_LITE(mult=1.40 taper=1.00 n=20)+HARD_RISK_CAP(2.0%)+MAXLOSS_CAP;213249.54;213259.14;33;0
2026.08.12 03:41:32;XAUUSD;5;1786445834;RECONCILED_BROKER_CLOSE;ticket=118853796 type=main pnl=9.24;MANAGE_PROFIT;SAFE;0;1;1;-1;-1;4400.54;0.00;0.00;11.48;-1.16;KELLY_LITE;true;0.04;213249.54;0.0417;KELLY_LITE(mult=1.40 taper=1.00 n=20)+HARD_RISK_CAP(2.0%)+MAXLOSS_CAP;213258.78;213258.78;33;0
2026.08.12 03:41:33;XAUUSD;5;1786445834;PENDING_DELETED;ticket=118854140 reason=main_gone_hedge_pending;WAIT_TRIGGER;SAFE;0;0;1;-1;-1;4400.54;0.00;0.00;11.48;-1.16;KELLY_LITE;true;0.04;213249.54;0.0417;KELLY_LITE(mult=1.40 taper=1.00 n=20)+HARD_RISK_CAP(2.0%)+MAXLOSS_CAP;213258.78;213258.78;36;0
2026.08.12 03:41:33;XAUUSD;5;1786445834;HEDGE_PENDING_CLEANUP;main_position_gone;WAIT_TRIGGER;SAFE;0;0;1;-1;-1;4400.54;0.00;0.00;11.48;-1.16;KELLY_LITE;true;0.04;213249.54;0.0417;KELLY_LITE(mult=1.40 taper=1.00 n=20)+HARD_RISK_CAP(2.0%)+MAXLOSS_CAP;213258.78;213258.78;36;0
2026.08.12 03:41:33;XAUUSD;5;1786445834;CYCLE_RESET;oldState=WAIT_TRIGGER realizedPnL=9.24 peak=11.48 worst=-1.16 pyramid=1 consLosses=0;WAIT_TRIGGER;SAFE;0;0;1;-1;-1;4400.54;0.00;0.00;11.48;-1.16;KELLY_LITE;true;0.04;213249.54;0.0417;KELLY_LITE(mult=1.40 taper=1.00 n=20)+HARD_RISK_CAP(2.0%)+MAXLOSS_CAP;213258.78;213258.78;36;0
2026.08.12 03:46:33;XAUUSD;5;1786445834;FILTER_BLOCK_RSI_BUY;RSI_BUY_BLOCK (rsi=74.8 max=70.0);BLOCKED;SAFE;0;0;0;-1;-1;0.00;0.00;0.00;0.00;0.00;KELLY_LITE;true;0.04;213249.54;0.0417;KELLY_LITE(mult=1.40 taper=1.00 n=20)+HARD_RISK_CAP(2.0%)+MAXLOSS_CAP;213258.78;213258.78;36;0
2026.08.12 03:51:33;XAUUSD;5;1786445834;FILTER_RSI_EXTREME_PAUSE;rsi=78.4 pause=300s;IDLE;SAFE;0;0;0;-1;-1;0.00;0.00;0.00;0.00;0.00;KELLY_LITE;true;0.04;213249.54;0.0417;KELLY_LITE(mult=1.40 taper=1.00 n=20)+HARD_RISK_CAP(2.0%)+MAXLOSS_CAP;213258.78;213258.78;36;0
2026.08.12 03:51:33;XAUUSD;5;1786445834;FILTER_BLOCK_RSI_EXTREME_PAUSE;RSI_EXTREME_PAUSE (300s left rsi=78.4);BLOCKED;SAFE;0;0;0;-1;-1;0.00;0.00;0.00;0.00;0.00;KELLY_LITE;true;0.04;213249.54;0.0417;KELLY_LITE(mult=1.40 taper=1.00 n=20)+HARD_RISK_CAP(2.0%)+MAXLOSS_CAP;213258.78;213258.78;36;0
2026.08.12 03:56:33;XAUUSD;5;1786445834;FILTER_RSI_EXTREME_PAUSE;rsi=81.0 pause=300s;IDLE;SAFE;0;0;0;-1;-1;0.00;0.00;0.00;0.00;0.00;KELLY_LITE;true;0.04;213249.54;0.0417;KELLY_LITE(mult=1.40 taper=1.00 n=20)+HARD_RISK_CAP(2.0%)+MAXLOSS_CAP;213258.78;213258.78;34;0
2026.08.12 03:56:33;XAUUSD;5;1786445834;FILTER_BLOCK_RSI_EXTREME_PAUSE;RSI_EXTREME_PAUSE (300s left rsi=81.0);BLOCKED;SAFE;0;0;0;-1;-1;0.00;0.00;0.00;0.00;0.00;KELLY_LITE;true;0.04;213249.54;0.0417;KELLY_LITE(mult=1.40 taper=1.00 n=20)+HARD_RISK_CAP(2.0%)+MAXLOSS_CAP;213258.78;213258.78;34;0
2026.08.12 04:01:33;XAUUSD;5;1786445834;FILTER_RSI_EXTREME_PAUSE;rsi=75.1 pause=300s;IDLE;SAFE;0;0;0;-1;-1;0.00;0.00;0.00;0.00;0.00;KELLY_LITE;true;0.04;213249.54;0.0417;KELLY_LITE(mult=1.40 taper=1.00 n=20)+HARD_RISK_CAP(2.0%)+MAXLOSS_CAP;213258.78;213258.78;36;0
2026.08.12 04:01:33;XAUUSD;5;1786445834;FILTER_BLOCK_RSI_EXTREME_PAUSE;RSI_EXTREME_PAUSE (300s left rsi=75.1);BLOCKED;SAFE;0;0;0;-1;-1;0.00;0.00;0.00;0.00;0.00;KELLY_LITE;true;0.04;213249.54;0.0417;KELLY_LITE(mult=1.40 taper=1.00 n=20)+HARD_RISK_CAP(2.0%)+MAXLOSS_CAP;213258.78;213258.78;36;0
2026.08.12 04:06:33;XAUUSD;5;1786445834;FILTER_BLOCK_RSI_BUY;RSI_BUY_BLOCK (rsi=71.1 max=70.0);BLOCKED;SAFE;0;0;0;-1;-1;0.00;0.00;0.00;0.00;0.00;KELLY_LITE;true;0.04;213249.54;0.0417;KELLY_LITE(mult=1.40 taper=1.00 n=20)+HARD_RISK_CAP(2.0%)+MAXLOSS_CAP;213258.78;213258.78;36;0
2026.08.12 04:11:33;XAUUSD;5;1786445834;FILTER_BLOCK_RSI_BUY;RSI_BUY_BLOCK (rsi=74.4 max=70.0);BLOCKED;SAFE;0;0;0;-1;-1;0.00;0.00;0.00;0.00;0.00;KELLY_LITE;true;0.04;213249.54;0.0417;KELLY_LITE(mult=1.40 taper=1.00 n=20)+HARD_RISK_CAP(2.0%)+MAXLOSS_CAP;213258.78;213258.78;36;0
2026.08.12 04:16:33;XAUUSD;5;1786445835;PLACE_PENDING_START;cycle=1786445835 trend=1 consecLosses=0 preset=AGGRESSIVE;PLACE_PENDING;SAFE;0;0;0;-1;-1;0.00;0.00;0.00;0.00;0.00;KELLY_LITE;true;0.04;213249.54;0.0417;KELLY_LITE(mult=1.40 taper=1.00 n=20)+HARD_RISK_CAP(2.0%)+MAXLOSS_CAP;213258.78;213258.78;34;0
2026.08.12 04:16:33;XAUUSD;5;1786445835;DIR_OCO_PLACED;dir=BULL ticket=118864761 price=4411.53 sl=4396.53 tp=4434.03 lot=0.04 dist=1.84;PLACE_PENDING;SAFE;0;1;0;118864761;-1;0.00;0.00;0.00;0.00;0.00;KELLY_LITE;true;0.04;213258.78;0.0417;KELLY_LITE(mult=1.50 taper=1.00 n=20)+HARD_RISK_CAP(2.0%)+MAXLOSS_CAP;213258.78;213258.78;33;0
2026.08.12 04:16:34;XAUUSD;5;1786445835;DIR_OCO_COUNTER_PLACED;dir=BEAR(counter) ticket=118864764 price=4407.51 lot=0.03;PLACE_PENDING;SAFE;0;2;0;118864761;118864764;0.00;0.00;0.00;0.00;0.00;KELLY_LITE;true;0.04;213258.78;0.0417;KELLY_LITE(mult=1.50 taper=1.00 n=20)+HARD_RISK_CAP(2.0%)+MAXLOSS_CAP;213258.78;213258.78;36;0
2026.08.12 04:16:34;XAUUSD;5;1786445835;BUY_STOP_TRAILED;Old=4411.53 New=4411.18;WAIT_TRIGGER;SAFE;0;2;0;118864761;118864764;0.00;0.00;0.00;0.00;0.00;KELLY_LITE;true;0.04;213258.78;0.0417;KELLY_LITE(mult=1.50 taper=1.00 n=20)+HARD_RISK_CAP(2.0%)+MAXLOSS_CAP;213258.78;213258.78;36;0
2026.08.12 04:16:52;XAUUSD;5;1786445835;BUY_STOP_TRAILED;Old=4411.18 New=4410.75;WAIT_TRIGGER;SAFE;0;2;0;118864761;118864764;0.00;0.00;0.00;0.00;0.00;KELLY_LITE;true;0.04;213258.78;0.0417;KELLY_LITE(mult=1.50 taper=1.00 n=20)+HARD_RISK_CAP(2.0%)+MAXLOSS_CAP;213258.78;213258.78;36;0
2026.08.12 04:16:57;XAUUSD;5;1786445835;BUY_STOP_TRAILED;Old=4410.75 New=4410.34;WAIT_TRIGGER;SAFE;0;2;0;118864761;118864764;0.00;0.00;0.00;0.00;0.00;KELLY_LITE;true;0.04;213258.78;0.0417;KELLY_LITE(mult=1.50 taper=1.00 n=20)+HARD_RISK_CAP(2.0%)+MAXLOSS_CAP;213258.78;213258.78;36;0
2026.08.12 04:16:58;XAUUSD;5;1786445835;BUY_STOP_TRAILED;Old=4410.34 New=4410.03;WAIT_TRIGGER;SAFE;0;2;0;118864761;118864764;0.00;0.00;0.00;0.00;0.00;KELLY_LITE;true;0.04;213258.78;0.0417;KELLY_LITE(mult=1.50 taper=1.00 n=20)+HARD_RISK_CAP(2.0%)+MAXLOSS_CAP;213258.78;213258.78;36;0
2026.08.12 04:17:14;XAUUSD;5;1786445835;OCO_TRIGGERED_SELL;ticket=118864764 entry=4407.51;POSITION_ACTIVE;SAFE;1;1;0;118864761;-1;0.00;-1.02;-1.02;0.00;0.00;KELLY_LITE;true;0.04;213258.78;0.0417;KELLY_LITE(mult=1.50 taper=1.00 n=20)+HARD_RISK_CAP(2.0%)+MAXLOSS_CAP;213258.78;213257.76;36;0
2026.08.12 04:17:15;XAUUSD;5;1786445835;PENDING_DELETED;ticket=118864761 reason=oco_sell_triggered;POSITION_ACTIVE;SAFE;1;0;0;118864761;-1;0.00;-0.69;-0.69;0.00;0.00;KELLY_LITE;true;0.04;213258.78;0.0417;KELLY_LITE(mult=1.50 taper=1.00 n=20)+HARD_RISK_CAP(2.0%)+MAXLOSS_CAP;213258.78;213258.09;36;0
2026.08.12 04:17:15;XAUUSD;5;1786445835;HEDGE_PENDING_PLACED;dir=BUY_STOP ticket=118865007 price=4410.74 sl=4407.74 lot=0.05 mainEntry=4407.51 dist=3.00 confirmBars=1;POSITION_ACTIVE;SAFE;1;1;1;-1;-1;4407.51;-0.60;-0.60;0.00;-0.69;KELLY_LITE;true;0.04;213258.78;0.0417;KELLY_LITE(mult=1.50 taper=1.00 n=20)+HARD_RISK_CAP(2.0%)+MAXLOSS_CAP;213258.78;213258.18;36;0
2026.08.12 04:23:03;XAUUSD;5;1786445835;SL_MODIFIED;ticket=118864764 oldSL=4422.51 newSL=4405.53 reason=break_even_lock_leg_0 (retry buf=3pt);MANAGE_PROFIT;SAFE;1;1;1;-1;-1;4407.51;7.62;7.62;8.04;-1.26;KELLY_LITE;true;0.04;213258.78;0.0417;KELLY_LITE(mult=1.50 taper=1.00 n=20)+HARD_RISK_CAP(2.0%)+MAXLOSS_CAP;213258.78;213266.40;33;0
2026.08.12 04:23:03;XAUUSD;5;1786445835;PROFIT_RATCHET_LOCKED;floor=3.42 peak=8.04;MANAGE_PROFIT;SAFE;1;1;1;-1;-1;4407.51;7.62;7.62;8.04;-1.26;KELLY_LITE;true;0.04;213258.78;0.0417;KELLY_LITE(mult=1.50 taper=1.00 n=20)+HARD_RISK_CAP(2.0%)+MAXLOSS_CAP;213258.78;213266.40;33;0
2026.08.12 04:23:04;XAUUSD;5;1786445835;SL_MODIFY_FAILED;ticket=118864764 newSL=4405.49 reason=break_even_lock_leg_0 err=0;MANAGE_PROFIT;SAFE;1;1;1;-1;-1;4407.51;7.38;7.38;8.04;-1.26;KELLY_LITE;true;0.04;213258.78;0.0417;KELLY_LITE(mult=1.50 taper=1.00 n=20)+HARD_RISK_CAP(2.0%)+MAXLOSS_CAP;213258.78;213266.16;36;0
2026.08.12 04:23:04;XAUUSD;5;1786445835;PROFIT_RATCHET_LOCKED;floor=3.42 peak=8.04;MANAGE_PROFIT;SAFE;1;1;1;-1;-1;4407.51;7.38;7.38;8.04;-1.26;KELLY_LITE;true;0.04;213258.78;0.0417;KELLY_LITE(mult=1.50 taper=1.00 n=20)+HARD_RISK_CAP(2.0%)+MAXLOSS_CAP;213258.78;213266.16;36;0
2026.08.12 04:23:04;XAUUSD;5;1786445835;PROFIT_RATCHET_LOCKED;floor=3.42 peak=8.04;MANAGE_PROFIT;SAFE;1;1;1;-1;-1;4407.51;7.38;7.38;8.04;-1.26;KELLY_LITE;true;0.04;213258.78;0.0417;KELLY_LITE(mult=1.50 taper=1.00 n=20)+HARD_RISK_CAP(2.0%)+MAXLOSS_CAP;213258.78;213266.16;36;0
2026.08.12 04:23:04;XAUUSD;5;1786445835;PROFIT_RATCHET_LOCKED;floor=3.42 peak=8.04;MANAGE_PROFIT;SAFE;1;1;1;-1;-1;4407.51;7.05;7.05;8.04;-1.26;KELLY_LITE;true;0.04;213258.78;0.0417;KELLY_LITE(mult=1.50 taper=1.00 n=20)+HARD_RISK_CAP(2.0%)+MAXLOSS_CAP;213258.78;213265.83;36;0
2026.08.12 04:23:04;XAUUSD;5;1786445835;PROFIT_RATCHET_LOCKED;floor=3.42 peak=8.04;MANAGE_PROFIT;SAFE;1;1;1;-1;-1;4407.51;6.99;6.99;8.04;-1.26;KELLY_LITE;true;0.04;213258.78;0.0417;KELLY_LITE(mult=1.50 taper=1.00 n=20)+HARD_RISK_CAP(2.0%)+MAXLOSS_CAP;213258.78;213265.77;36;0
2026.08.12 04:23:04;XAUUSD;5;1786445835;PROFIT_RATCHET_LOCKED;floor=3.42 peak=8.04;MANAGE_PROFIT;SAFE;1;1;1;-1;-1;4407.51;6.90;6.90;8.04;-1.26;KELLY_LITE;true;0.04;213258.78;0.0417;KELLY_LITE(mult=1.50 taper=1.00 n=20)+HARD_RISK_CAP(2.0%)+MAXLOSS_CAP;213258.78;213265.68;36;0
2026.08.12 04:23:05;XAUUSD;5;1786445835;EXIT_TIERED_TRAIL;profit=6.60 peak=8.04 allowedRetrace=1.21;MANAGE_PROFIT;SAFE;1;1;1;-1;-1;4407.51;6.60;6.60;8.04;-1.26;KELLY_LITE;true;0.04;213258.78;0.0417;KELLY_LITE(mult=1.50 taper=1.00 n=20)+HARD_RISK_CAP(2.0%)+MAXLOSS_CAP;213258.78;213265.38;36;0
2026.08.12 04:23:05;XAUUSD;5;1786445835;POSITION_CLOSED;ticket=118864764 reason=tiered_profit_trail lots=0.03 price=4405.31 pnl=6.60;MANAGE_PROFIT;SAFE;0;1;1;-1;-1;4407.51;0.00;0.00;8.04;-1.26;KELLY_LITE;true;0.04;213258.78;0.0417;KELLY_LITE(mult=1.50 taper=1.00 n=20)+HARD_RISK_CAP(2.0%)+MAXLOSS_CAP;213265.50;213265.50;33;0
2026.08.12 04:23:06;XAUUSD;5;1786445835;PENDING_DELETED;ticket=118865007 reason=close_all_hedge;MANAGE_PROFIT;SAFE;0;0;0;-1;-1;4407.51;0.00;0.00;8.04;-1.26;KELLY_LITE;true;0.04;213258.78;0.0417;KELLY_LITE(mult=1.50 taper=1.00 n=20)+HARD_RISK_CAP(2.0%)+MAXLOSS_CAP;213265.50;213265.50;36;0
2026.08.12 04:23:06;XAUUSD;5;1786445835;CYCLE_RESET;oldState=RESET realizedPnL=6.72 peak=8.04 worst=-1.26 pyramid=0 consLosses=0;RESET;SAFE;0;0;0;-1;-1;4407.51;0.00;0.00;8.04;-1.26;KELLY_LITE;true;0.04;213258.78;0.0417;KELLY_LITE(mult=1.50 taper=1.00 n=20)+HARD_RISK_CAP(2.0%)+MAXLOSS_CAP;213265.50;213265.50;36;0
2026.08.12 04:28:07;XAUUSD;5;1786445836;PLACE_PENDING_START;cycle=1786445836 trend=1 consecLosses=0 preset=AGGRESSIVE;PLACE_PENDING;SAFE;0;0;0;-1;-1;0.00;0.00;0.00;0.00;0.00;KELLY_LITE;true;0.04;213258.78;0.0417;KELLY_LITE(mult=1.50 taper=1.00 n=20)+HARD_RISK_CAP(2.0%)+MAXLOSS_CAP;213265.50;213265.50;36;0
2026.08.12 04:28:07;XAUUSD;5;1786445836;DIR_OCO_PLACED;dir=BULL ticket=118867400 price=4409.16 sl=4394.16 tp=4431.66 lot=0.04 dist=1.74;PLACE_PENDING;SAFE;0;1;0;118867400;-1;0.00;0.00;0.00;0.00;0.00;KELLY_LITE;true;0.04;213265.50;0.0417;KELLY_LITE(mult=1.50 taper=1.00 n=20)+HARD_RISK_CAP(2.0%)+MAXLOSS_CAP;213265.50;213265.50;36;0
2026.08.12 04:28:08;XAUUSD;5;1786445836;DIR_OCO_COUNTER_PLACED;dir=BEAR(counter) ticket=118867404 price=4405.34 lot=0.03;PLACE_PENDING;SAFE;0;2;0;118867400;118867404;0.00;0.00;0.00;0.00;0.00;KELLY_LITE;true;0.04;213265.50;0.0417;KELLY_LITE(mult=1.50 taper=1.00 n=20)+HARD_RISK_CAP(2.0%)+MAXLOSS_CAP;213265.50;213265.50;36;0
2026.08.12 04:28:23;XAUUSD;5;1786445836;SELL_STOP_TRAILED;Old=4405.34 New=4405.65;WAIT_TRIGGER;SAFE;0;2;0;118867400;118867404;0.00;0.00;0.00;0.00;0.00;KELLY_LITE;true;0.04;213265.50;0.0417;KELLY_LITE(mult=1.50 taper=1.00 n=20)+HARD_RISK_CAP(2.0%)+MAXLOSS_CAP;213265.50;213265.50;36;0
2026.08.12 04:28:56;XAUUSD;5;1786445836;SELL_STOP_TRAILED;Old=4405.65 New=4406.20;WAIT_TRIGGER;SAFE;0;2;0;118867400;118867404;0.00;0.00;0.00;0.00;0.00;KELLY_LITE;true;0.04;213265.50;0.0417;KELLY_LITE(mult=1.50 taper=1.00 n=20)+HARD_RISK_CAP(2.0%)+MAXLOSS_CAP;213265.50;213265.50;36;0
2026.08.12 04:30:11;XAUUSD;5;1786445836;SELL_STOP_TRAILED;Old=4406.20 New=4406.65;WAIT_TRIGGER;SAFE;0;2;0;118867400;118867404;0.00;0.00;0.00;0.00;0.00;KELLY_LITE;true;0.04;213265.50;0.0417;KELLY_LITE(mult=1.50 taper=1.00 n=20)+HARD_RISK_CAP(2.0%)+MAXLOSS_CAP;213265.50;213265.50;36;0
2026.08.12 04:30:18;XAUUSD;5;1786445836;SELL_STOP_TRAILED;Old=4406.65 New=4406.96;WAIT_TRIGGER;SAFE;0;2;0;118867400;118867404;0.00;0.00;0.00;0.00;0.00;KELLY_LITE;true;0.04;213265.50;0.0417;KELLY_LITE(mult=1.50 taper=1.00 n=20)+HARD_RISK_CAP(2.0%)+MAXLOSS_CAP;213265.50;213265.50;36;0
2026.08.12 04:30:28;XAUUSD;5;1786445836;OCO_TRIGGERED_SELL;ticket=118867404 entry=4406.96;POSITION_ACTIVE;SAFE;1;1;0;118867400;-1;0.00;-1.02;-1.02;0.00;0.00;KELLY_LITE;true;0.04;213265.50;0.0417;KELLY_LITE(mult=1.50 taper=1.00 n=20)+HARD_RISK_CAP(2.0%)+MAXLOSS_CAP;213265.50;213264.48;36;0
2026.08.12 04:30:29;XAUUSD;5;1786445836;PENDING_DELETED;ticket=118867400 reason=oco_sell_triggered;POSITION_ACTIVE;SAFE;1;0;0;118867400;-1;0.00;-0.36;-0.36;0.00;0.00;KELLY_LITE;true;0.04;213265.50;0.0417;KELLY_LITE(mult=1.50 taper=1.00 n=20)+HARD_RISK_CAP(2.0%)+MAXLOSS_CAP;213265.50;213265.14;36;0
2026.08.12 04:30:29;XAUUSD;5;1786445836;HEDGE_PENDING_PLACED;dir=BUY_STOP ticket=118867982 price=4410.08 sl=4407.08 lot=0.05 mainEntry=4406.96 dist=3.00 confirmBars=1;POSITION_ACTIVE;SAFE;1;1;1;-1;-1;4406.96;-0.39;-0.39;0.00;-0.36;KELLY_LITE;true;0.04;213265.50;0.0417;KELLY_LITE(mult=1.50 taper=1.00 n=20)+HARD_RISK_CAP(2.0%)+MAXLOSS_CAP;213265.50;213265.11;33;0
2026.08.12 04:39:33;XAUUSD;5;1786445836;SL_MODIFIED;ticket=118867404 oldSL=4418.96 newSL=4404.71 reason=break_even_lock_leg_0;MANAGE_PROFIT;SAFE;1;1;1;-1;-1;4406.96;8.25;8.25;8.31;-3.78;KELLY_LITE;true;0.04;213265.50;0.0417;KELLY_LITE(mult=1.50 taper=1.00 n=20)+HARD_RISK_CAP(2.0%)+MAXLOSS_CAP;213265.50;213273.75;33;0
2026.08.12 04:39:33;XAUUSD;5;1786445836;PROFIT_RATCHET_LOCKED;floor=3.53 peak=8.31;MANAGE_PROFIT;SAFE;1;1;1;-1;-1;4406.96;8.25;8.25;8.31;-3.78;KELLY_LITE;true;0.04;213265.50;0.0417;KELLY_LITE(mult=1.50 taper=1.00 n=20)+HARD_RISK_CAP(2.0%)+MAXLOSS_CAP;213265.50;213273.75;33;0
2026.08.12 04:39:33;XAUUSD;5;1786445836;PROFIT_RATCHET_LOCKED;floor=3.53 peak=8.31;MANAGE_PROFIT;SAFE;1;1;1;-1;-1;4406.96;8.25;8.25;8.31;-3.78;KELLY_LITE;true;0.04;213265.50;0.0417;KELLY_LITE(mult=1.50 taper=1.00 n=20)+HARD_RISK_CAP(2.0%)+MAXLOSS_CAP;213265.50;213273.75;33;0
2026.08.12 04:39:33;XAUUSD;5;1786445836;PROFIT_RATCHET_LOCKED;floor=3.53 peak=8.31;MANAGE_PROFIT;SAFE;1;1;1;-1;-1;4406.96;8.19;8.19;8.31;-3.78;KELLY_LITE;true;0.04;213265.50;0.0417;KELLY_LITE(mult=1.50 taper=1.00 n=20)+HARD_RISK_CAP(2.0%)+MAXLOSS_CAP;213265.50;213273.69;35;0
2026.08.12 04:39:34;XAUUSD;5;1786445836;PROFIT_RATCHET_LOCKED;floor=3.53 peak=8.31;MANAGE_PROFIT;SAFE;1;1;1;-1;-1;4406.96;8.16;8.16;8.31;-3.78;KELLY_LITE;true;0.04;213265.50;0.0417;KELLY_LITE(mult=1.50 taper=1.00 n=20)+HARD_RISK_CAP(2.0%)+MAXLOSS_CAP;213265.50;213273.66;34;0
2026.08.12 04:39:34;XAUUSD;5;1786445836;PROFIT_RATCHET_LOCKED;floor=3.53 peak=8.31;MANAGE_PROFIT;SAFE;1;1;1;-1;-1;4406.96;8.19;8.19;8.31;-3.78;KELLY_LITE;true;0.04;213265.50;0.0417;KELLY_LITE(mult=1.50 taper=1.00 n=20)+HARD_RISK_CAP(2.0%)+MAXLOSS_CAP;213265.50;213273.69;35;0
2026.08.12 04:39:34;XAUUSD;5;1786445836;PROFIT_RATCHET_LOCKED;floor=3.53 peak=8.31;MANAGE_PROFIT;SAFE;1;1;1;-1;-1;4406.96;8.19;8.19;8.31;-3.78;KELLY_LITE;true;0.04;213265.50;0.0417;KELLY_LITE(mult=1.50 taper=1.00 n=20)+HARD_RISK_CAP(2.0%)+MAXLOSS_CAP;213265.50;213273.69;34;0
2026.08.12 04:39:35;XAUUSD;5;1786445836;PROFIT_RATCHET_LOCKED;floor=3.53 peak=8.31;MANAGE_PROFIT;SAFE;1;1;1;-1;-1;4406.96;8.19;8.19;8.31;-3.78;KELLY_LITE;true;0.04;213265.50;0.0417;KELLY_LITE(mult=1.50 taper=1.00 n=20)+HARD_RISK_CAP(2.0%)+MAXLOSS_CAP;213265.50;213273.69;33;0
2026.08.12 04:39:35;XAUUSD;5;1786445836;PROFIT_RATCHET_LOCKED;floor=3.53 peak=8.31;MANAGE_PROFIT;SAFE;1;1;1;-1;-1;4406.96;8.22;8.22;8.31;-3.78;KELLY_LITE;true;0.04;213265.50;0.0417;KELLY_LITE(mult=1.50 taper=1.00 n=20)+HARD_RISK_CAP(2.0%)+MAXLOSS_CAP;213265.50;213273.72;33;0
2026.08.12 04:39:35;XAUUSD;5;1786445836;PROFIT_RATCHET_LOCKED;floor=3.53 peak=8.31;MANAGE_PROFIT;SAFE;1;1;1;-1;-1;4406.96;8.31;8.31;8.31;-3.78;KELLY_LITE;true;0.04;213265.50;0.0417;KELLY_LITE(mult=1.50 taper=1.00 n=20)+HARD_RISK_CAP(2.0%)+MAXLOSS_CAP;213265.50;213273.81;33;0
2026.08.12 04:39:35;XAUUSD;5;1786445836;PROFIT_RATCHET_LOCKED;floor=3.53 peak=8.31;MANAGE_PROFIT;SAFE;1;1;1;-1;-1;4406.96;8.25;8.25;8.31;-3.78;KELLY_LITE;true;0.04;213265.50;0.0417;KELLY_LITE(mult=1.50 taper=1.00 n=20)+HARD_RISK_CAP(2.0%)+MAXLOSS_CAP;213265.50;213273.75;33;0
2026.08.12 04:39:36;XAUUSD;5;1786445836;PROFIT_RATCHET_LOCKED;floor=3.53 peak=8.31;MANAGE_PROFIT;SAFE;1;1;1;-1;-1;4406.96;8.28;8.28;8.31;-3.78;KELLY_LITE;true;0.04;213265.50;0.0417;KELLY_LITE(mult=1.50 taper=1.00 n=20)+HARD_RISK_CAP(2.0%)+MAXLOSS_CAP;213265.50;213273.78;33;0
2026.08.12 04:39:36;XAUUSD;5;1786445836;PROFIT_RATCHET_LOCKED;floor=3.53 peak=8.31;MANAGE_PROFIT;SAFE;1;1;1;-1;-1;4406.96;8.25;8.25;8.31;-3.78;KELLY_LITE;true;0.04;213265.50;0.0417;KELLY_LITE(mult=1.50 taper=1.00 n=20)+HARD_RISK_CAP(2.0%)+MAXLOSS_CAP;213265.50;213273.75;33;0
2026.08.12 04:39:37;XAUUSD;5;1786445836;SL_MODIFIED;ticket=118867404 oldSL=4404.71 newSL=4404.69 reason=break_even_lock_leg_0;MANAGE_PROFIT;SAFE;1;1;1;-1;-1;4406.96;8.49;8.13;8.37;-3.78;KELLY_LITE;true;0.04;213265.50;0.0417;KELLY_LITE(mult=1.50 taper=1.00 n=20)+HARD_RISK_CAP(2.0%)+MAXLOSS_CAP;213265.50;213273.99;36;0
2026.08.12 04:39:37;XAUUSD;5;1786445836;PROFIT_RATCHET_LOCKED;floor=3.56 peak=8.37;MANAGE_PROFIT;SAFE;1;1;1;-1;-1;4406.96;8.49;8.13;8.37;-3.78;KELLY_LITE;true;0.04;213265.50;0.0417;KELLY_LITE(mult=1.50 taper=1.00 n=20)+HARD_RISK_CAP(2.0%)+MAXLOSS_CAP;213265.50;213273.99;36;0
2026.08.12 04:39:37;XAUUSD;5;1786445836;PROFIT_RATCHET_LOCKED;floor=3.61 peak=8.49;MANAGE_PROFIT;SAFE;1;1;1;-1;-1;4406.96;8.49;8.13;8.49;-3.78;KELLY_LITE;true;0.04;213265.50;0.0417;KELLY_LITE(mult=1.50 taper=1.00 n=20)+HARD_RISK_CAP(2.0%)+MAXLOSS_CAP;213265.50;213273.99;36;0
2026.08.12 04:39:37;XAUUSD;5;1786445836;PROFIT_RATCHET_LOCKED;floor=3.61 peak=8.49;MANAGE_PROFIT;SAFE;1;1;1;-1;-1;4406.96;7.83;7.83;8.49;-3.78;KELLY_LITE;true;0.04;213265.50;0.0417;KELLY_LITE(mult=1.50 taper=1.00 n=20)+HARD_RISK_CAP(2.0%)+MAXLOSS_CAP;213265.50;213273.33;36;0
2026.08.12 04:39:37;XAUUSD;5;1786445836;PROFIT_RATCHET_LOCKED;floor=3.61 peak=8.49;MANAGE_PROFIT;SAFE;1;1;1;-1;-1;4406.96;7.89;7.89;8.49;-3.78;KELLY_LITE;true;0.04;213265.50;0.0417;KELLY_LITE(mult=1.50 taper=1.00 n=20)+HARD_RISK_CAP(2.0%)+MAXLOSS_CAP;213265.50;213273.39;33;0
2026.08.12 04:39:37;XAUUSD;5;1786445836;PROFIT_RATCHET_LOCKED;floor=3.61 peak=8.49;MANAGE_PROFIT;SAFE;1;1;1;-1;-1;4406.96;7.86;7.86;8.49;-3.78;KELLY_LITE;true;0.04;213265.50;0.0417;KELLY_LITE(mult=1.50 taper=1.00 n=20)+HARD_RISK_CAP(2.0%)+MAXLOSS_CAP;213265.50;213273.36;33;0
2026.08.12 04:39:38;XAUUSD;5;1786445836;PROFIT_RATCHET_LOCKED;floor=3.61 peak=8.49;MANAGE_PROFIT;SAFE;1;1;1;-1;-1;4406.96;8.01;8.01;8.49;-3.78;KELLY_LITE;true;0.04;213265.50;0.0417;KELLY_LITE(mult=1.50 taper=1.00 n=20)+HARD_RISK_CAP(2.0%)+MAXLOSS_CAP;213265.50;213273.51;33;0
2026.08.12 04:39:39;XAUUSD;5;1786445836;PROFIT_RATCHET_LOCKED;floor=3.61 peak=8.49;MANAGE_PROFIT;SAFE;1;1;1;-1;-1;4406.96;7.89;7.89;8.49;-3.78;KELLY_LITE;true;0.04;213265.50;0.0417;KELLY_LITE(mult=1.50 taper=1.00 n=20)+HARD_RISK_CAP(2.0%)+MAXLOSS_CAP;213265.50;213273.39;34;0
2026.08.12 04:39:39;XAUUSD;5;1786445836;PROFIT_RATCHET_LOCKED;floor=3.61 peak=8.49;MANAGE_PROFIT;SAFE;1;1;1;-1;-1;4406.96;7.86;7.86;8.49;-3.78;KELLY_LITE;true;0.04;213265.50;0.0417;KELLY_LITE(mult=1.50 taper=1.00 n=20)+HARD_RISK_CAP(2.0%)+MAXLOSS_CAP;213265.50;213273.36;33;0
2026.08.12 04:39:40;XAUUSD;5;1786445836;PROFIT_RATCHET_LOCKED;floor=3.61 peak=8.49;MANAGE_PROFIT;SAFE;1;1;1;-1;-1;4406.96;7.89;7.89;8.49;-3.78;KELLY_LITE;true;0.04;213265.50;0.0417;KELLY_LITE(mult=1.50 taper=1.00 n=20)+HARD_RISK_CAP(2.0%)+MAXLOSS_CAP;213265.50;213273.39;33;0
2026.08.12 04:39:42;XAUUSD;5;1786445836;PROFIT_RATCHET_LOCKED;floor=3.61 peak=8.49;MANAGE_PROFIT;SAFE;1;1;1;-1;-1;4406.96;7.95;7.95;8.49;-3.78;KELLY_LITE;true;0.04;213265.50;0.0417;KELLY_LITE(mult=1.50 taper=1.00 n=20)+HARD_RISK_CAP(2.0%)+MAXLOSS_CAP;213265.50;213273.45;33;0
2026.08.12 04:39:43;XAUUSD;5;1786445836;PROFIT_RATCHET_LOCKED;floor=3.61 peak=8.49;MANAGE_PROFIT;SAFE;1;1;1;-1;-1;4406.96;8.13;8.13;8.49;-3.78;KELLY_LITE;true;0.04;213265.50;0.0417;KELLY_LITE(mult=1.50 taper=1.00 n=20)+HARD_RISK_CAP(2.0%)+MAXLOSS_CAP;213265.50;213273.63;33;0
2026.08.12 04:39:43;XAUUSD;5;1786445836;PROFIT_RATCHET_LOCKED;floor=3.61 peak=8.49;MANAGE_PROFIT;SAFE;1;1;1;-1;-1;4406.96;8.37;8.37;8.49;-3.78;KELLY_LITE;true;0.04;213265.50;0.0417;KELLY_LITE(mult=1.50 taper=1.00 n=20)+HARD_RISK_CAP(2.0%)+MAXLOSS_CAP;213265.50;213273.87;33;0
2026.08.12 04:39:44;XAUUSD;5;1786445836;SL_MODIFIED;ticket=118867404 oldSL=4404.69 newSL=4404.60 reason=break_even_lock_leg_0;MANAGE_PROFIT;SAFE;1;1;1;-1;-1;4406.96;8.73;8.73;8.64;-3.78;KELLY_LITE;true;0.04;213265.50;0.0417;KELLY_LITE(mult=1.50 taper=1.00 n=20)+HARD_RISK_CAP(2.0%)+MAXLOSS_CAP;213265.50;213274.23;36;0
2026.08.12 04:39:44;XAUUSD;5;1786445836;PROFIT_RATCHET_LOCKED;floor=3.67 peak=8.64;MANAGE_PROFIT;SAFE;1;1;1;-1;-1;4406.96;8.73;8.73;8.64;-3.78;KELLY_LITE;true;0.04;213265.50;0.0417;KELLY_LITE(mult=1.50 taper=1.00 n=20)+HARD_RISK_CAP(2.0%)+MAXLOSS_CAP;213265.50;213274.23;36;0
2026.08.12 04:39:44;XAUUSD;5;1786445836;SL_MODIFY_FAILED;ticket=118867404 newSL=4404.57 reason=break_even_lock_leg_0 err=0;MANAGE_PROFIT;SAFE;1;1;1;-1;-1;4406.96;8.61;8.61;8.73;-3.78;KELLY_LITE;true;0.04;213265.50;0.0417;KELLY_LITE(mult=1.50 taper=1.00 n=20)+HARD_RISK_CAP(2.0%)+MAXLOSS_CAP;213265.50;213274.11;36;0
2026.08.12 04:39:44;XAUUSD;5;1786445836;PROFIT_RATCHET_LOCKED;floor=3.71 peak=8.73;MANAGE_PROFIT;SAFE;1;1;1;-1;-1;4406.96;8.61;8.61;8.73;-3.78;KELLY_LITE;true;0.04;213265.50;0.0417;KELLY_LITE(mult=1.50 taper=1.00 n=20)+HARD_RISK_CAP(2.0%)+MAXLOSS_CAP;213265.50;213274.11;36;0
2026.08.12 04:39:44;XAUUSD;5;1786445836;PROFIT_RATCHET_LOCKED;floor=3.71 peak=8.73;MANAGE_PROFIT;SAFE;1;1;1;-1;-1;4406.96;8.61;8.61;8.73;-3.78;KELLY_LITE;true;0.04;213265.50;0.0417;KELLY_LITE(mult=1.50 taper=1.00 n=20)+HARD_RISK_CAP(2.0%)+MAXLOSS_CAP;213265.50;213274.11;36;0
2026.08.12 04:39:46;XAUUSD;5;1786445836;PROFIT_RATCHET_LOCKED;floor=3.71 peak=8.73;MANAGE_PROFIT;SAFE;1;1;1;-1;-1;4406.96;8.58;8.58;8.73;-3.78;KELLY_LITE;true;0.04;213265.50;0.0417;KELLY_LITE(mult=1.50 taper=1.00 n=20)+HARD_RISK_CAP(2.0%)+MAXLOSS_CAP;213265.50;213274.08;36;0
2026.08.12 04:39:47;XAUUSD;5;1786445836;PROFIT_RATCHET_LOCKED;floor=3.71 peak=8.73;MANAGE_PROFIT;SAFE;1;1;1;-1;-1;4406.96;8.49;8.49;8.73;-3.78;KELLY_LITE;true;0.04;213265.50;0.0417;KELLY_LITE(mult=1.50 taper=1.00 n=20)+HARD_RISK_CAP(2.0%)+MAXLOSS_CAP;213265.50;213273.99;36;0
2026.08.12 04:39:48;XAUUSD;5;1786445836;PROFIT_RATCHET_LOCKED;floor=3.71 peak=8.73;MANAGE_PROFIT;SAFE;1;1;1;-1;-1;4406.96;8.55;8.55;8.73;-3.78;KELLY_LITE;true;0.04;213265.50;0.0417;KELLY_LITE(mult=1.50 taper=1.00 n=20)+HARD_RISK_CAP(2.0%)+MAXLOSS_CAP;213265.50;213274.05;36;0
2026.08.12 04:39:48;XAUUSD;5;1786445836;PROFIT_RATCHET_LOCKED;floor=3.71 peak=8.73;MANAGE_PROFIT;SAFE;1;1;1;-1;-1;4406.96;8.52;8.52;8.73;-3.78;KELLY_LITE;true;0.04;213265.50;0.0417;KELLY_LITE(mult=1.50 taper=1.00 n=20)+HARD_RISK_CAP(2.0%)+MAXLOSS_CAP;213265.50;213274.02;36;0
2026.08.12 04:39:48;XAUUSD;5;1786445836;PROFIT_RATCHET_LOCKED;floor=3.71 peak=8.73;MANAGE_PROFIT;SAFE;1;1;1;-1;-1;4406.96;8.49;8.49;8.73;-3.78;KELLY_LITE;true;0.04;213265.50;0.0417;KELLY_LITE(mult=1.50 taper=1.00 n=20)+HARD_RISK_CAP(2.0%)+MAXLOSS_CAP;213265.50;213273.99;36;0
2026.08.12 04:39:49;XAUUSD;5;1786445836;PROFIT_RATCHET_LOCKED;floor=3.71 peak=8.73;MANAGE_PROFIT;SAFE;1;1;1;-1;-1;4406.96;8.52;8.52;8.73;-3.78;KELLY_LITE;true;0.04;213265.50;0.0417;KELLY_LITE(mult=1.50 taper=1.00 n=20)+HARD_RISK_CAP(2.0%)+MAXLOSS_CAP;213265.50;213274.02;35;0
2026.08.12 04:39:49;XAUUSD;5;1786445836;PROFIT_RATCHET_LOCKED;floor=3.71 peak=8.73;MANAGE_PROFIT;SAFE;1;1;1;-1;-1;4406.96;8.55;8.55;8.73;-3.78;KELLY_LITE;true;0.04;213265.50;0.0417;KELLY_LITE(mult=1.50 taper=1.00 n=20)+HARD_RISK_CAP(2.0%)+MAXLOSS_CAP;213265.50;213274.05;36;0
2026.08.12 04:39:51;XAUUSD;5;1786445836;SL_MODIFIED;ticket=118867404 oldSL=4404.60 newSL=4404.57 reason=break_even_lock_leg_0;MANAGE_PROFIT;SAFE;1;1;1;-1;-1;4406.96;8.70;8.70;8.73;-3.78;KELLY_LITE;true;0.04;213265.50;0.0417;KELLY_LITE(mult=1.50 taper=1.00 n=20)+HARD_RISK_CAP(2.0%)+MAXLOSS_CAP;213265.50;213274.20;36;0
2026.08.12 04:39:51;XAUUSD;5;1786445836;PROFIT_RATCHET_LOCKED;floor=3.71 peak=8.73;MANAGE_PROFIT;SAFE;1;1;1;-1;-1;4406.96;8.70;8.70;8.73;-3.78;KELLY_LITE;true;0.04;213265.50;0.0417;KELLY_LITE(mult=1.50 taper=1.00 n=20)+HARD_RISK_CAP(2.0%)+MAXLOSS_CAP;213265.50;213274.20;36;0
2026.08.12 04:39:51;XAUUSD;5;1786445836;PROFIT_RATCHET_LOCKED;floor=3.71 peak=8.73;MANAGE_PROFIT;SAFE;1;1;1;-1;-1;4406.96;8.70;8.70;8.73;-3.78;KELLY_LITE;true;0.04;213265.50;0.0417;KELLY_LITE(mult=1.50 taper=1.00 n=20)+HARD_RISK_CAP(2.0%)+MAXLOSS_CAP;213265.50;213274.20;36;0
2026.08.12 04:39:51;XAUUSD;5;1786445836;PROFIT_RATCHET_LOCKED;floor=3.71 peak=8.73;MANAGE_PROFIT;SAFE;1;1;1;-1;-1;4406.96;8.43;8.43;8.73;-3.78;KELLY_LITE;true;0.04;213265.50;0.0417;KELLY_LITE(mult=1.50 taper=1.00 n=20)+HARD_RISK_CAP(2.0%)+MAXLOSS_CAP;213265.50;213273.93;36;0
2026.08.12 04:39:52;XAUUSD;5;1786445836;PROFIT_RATCHET_LOCKED;floor=3.71 peak=8.73;MANAGE_PROFIT;SAFE;1;1;1;-1;-1;4406.96;8.40;8.40;8.73;-3.78;KELLY_LITE;true;0.04;213265.50;0.0417;KELLY_LITE(mult=1.50 taper=1.00 n=20)+HARD_RISK_CAP(2.0%)+MAXLOSS_CAP;213265.50;213273.90;36;0
2026.08.12 04:39:53;XAUUSD;5;1786445836;PROFIT_RATCHET_LOCKED;floor=3.71 peak=8.73;MANAGE_PROFIT;SAFE;1;1;1;-1;-1;4406.96;8.43;8.43;8.73;-3.78;KELLY_LITE;true;0.04;213265.50;0.0417;KELLY_LITE(mult=1.50 taper=1.00 n=20)+HARD_RISK_CAP(2.0%)+MAXLOSS_CAP;213265.50;213273.93;35;0
2026.08.12 04:39:53;XAUUSD;5;1786445836;PROFIT_RATCHET_LOCKED;floor=3.71 peak=8.73;MANAGE_PROFIT;SAFE;1;1;1;-1;-1;4406.96;8.46;8.46;8.73;-3.78;KELLY_LITE;true;0.04;213265.50;0.0417;KELLY_LITE(mult=1.50 taper=1.00 n=20)+HARD_RISK_CAP(2.0%)+MAXLOSS_CAP;213265.50;213273.96;36;0
2026.08.12 04:39:54;XAUUSD;5;1786445836;PROFIT_RATCHET_LOCKED;floor=3.71 peak=8.73;MANAGE_PROFIT;SAFE;1;1;1;-1;-1;4406.96;8.55;8.55;8.73;-3.78;KELLY_LITE;true;0.04;213265.50;0.0417;KELLY_LITE(mult=1.50 taper=1.00 n=20)+HARD_RISK_CAP(2.0%)+MAXLOSS_CAP;213265.50;213274.05;36;0
2026.08.12 04:39:54;XAUUSD;5;1786445836;PROFIT_RATCHET_LOCKED;floor=3.71 peak=8.73;MANAGE_PROFIT;SAFE;1;1;1;-1;-1;4406.96;8.58;8.58;8.73;-3.78;KELLY_LITE;true;0.04;213265.50;0.0417;KELLY_LITE(mult=1.50 taper=1.00 n=20)+HARD_RISK_CAP(2.0%)+MAXLOSS_CAP;213265.50;213274.08;36;0
2026.08.12 04:39:55;XAUUSD;5;1786445836;PROFIT_RATCHET_LOCKED;floor=3.71 peak=8.73;MANAGE_PROFIT;SAFE;1;1;1;-1;-1;4406.96;8.61;8.61;8.73;-3.78;KELLY_LITE;true;0.04;213265.50;0.0417;KELLY_LITE(mult=1.50 taper=1.00 n=20)+HARD_RISK_CAP(2.0%)+MAXLOSS_CAP;213265.50;213274.11;36;0
2026.08.12 04:39:56;XAUUSD;5;1786445836;PROFIT_RATCHET_LOCKED;floor=3.71 peak=8.73;MANAGE_PROFIT;SAFE;1;1;1;-1;-1;4406.96;8.58;8.58;8.73;-3.78;KELLY_LITE;true;0.04;213265.50;0.0417;KELLY_LITE(mult=1.50 taper=1.00 n=20)+HARD_RISK_CAP(2.0%)+MAXLOSS_CAP;213265.50;213274.08;36;0
2026.08.12 04:39:56;XAUUSD;5;1786445836;PROFIT_RATCHET_LOCKED;floor=3.71 peak=8.73;MANAGE_PROFIT;SAFE;1;1;1;-1;-1;4406.96;8.55;8.55;8.73;-3.78;KELLY_LITE;true;0.04;213265.50;0.0417;KELLY_LITE(mult=1.50 taper=1.00 n=20)+HARD_RISK_CAP(2.0%)+MAXLOSS_CAP;213265.50;213274.05;36;0
2026.08.12 04:39:56;XAUUSD;5;1786445836;PROFIT_RATCHET_LOCKED;floor=3.71 peak=8.73;MANAGE_PROFIT;SAFE;1;1;1;-1;-1;4406.96;8.46;8.46;8.73;-3.78;KELLY_LITE;true;0.04;213265.50;0.0417;KELLY_LITE(mult=1.50 taper=1.00 n=20)+HARD_RISK_CAP(2.0%)+MAXLOSS_CAP;213265.50;213273.96;36;0
2026.08.12 04:39:56;XAUUSD;5;1786445836;PROFIT_RATCHET_LOCKED;floor=3.71 peak=8.73;MANAGE_PROFIT;SAFE;1;1;1;-1;-1;4406.96;8.31;8.31;8.73;-3.78;KELLY_LITE;true;0.04;213265.50;0.0417;KELLY_LITE(mult=1.50 taper=1.00 n=20)+HARD_RISK_CAP(2.0%)+MAXLOSS_CAP;213265.50;213273.81;37;0
2026.08.12 04:39:57;XAUUSD;5;1786445836;PROFIT_RATCHET_LOCKED;floor=3.71 peak=8.73;MANAGE_PROFIT;SAFE;1;1;1;-1;-1;4406.96;8.34;8.34;8.73;-3.78;KELLY_LITE;true;0.04;213265.50;0.0417;KELLY_LITE(mult=1.50 taper=1.00 n=20)+HARD_RISK_CAP(2.0%)+MAXLOSS_CAP;213265.50;213273.84;36;0
2026.08.12 04:39:58;XAUUSD;5;1786445836;PROFIT_RATCHET_LOCKED;floor=3.71 peak=8.73;MANAGE_PROFIT;SAFE;1;1;1;-1;-1;4406.96;8.43;8.43;8.73;-3.78;KELLY_LITE;true;0.04;213265.50;0.0417;KELLY_LITE(mult=1.50 taper=1.00 n=20)+HARD_RISK_CAP(2.0%)+MAXLOSS_CAP;213265.50;213273.93;36;0
2026.08.12 04:39:58;XAUUSD;5;1786445836;PROFIT_RATCHET_LOCKED;floor=3.71 peak=8.73;MANAGE_PROFIT;SAFE;1;1;1;-1;-1;4406.96;8.52;8.52;8.73;-3.78;KELLY_LITE;true;0.04;213265.50;0.0417;KELLY_LITE(mult=1.50 taper=1.00 n=20)+HARD_RISK_CAP(2.0%)+MAXLOSS_CAP;213265.50;213274.02;33;0
2026.08.12 04:39:58;XAUUSD;5;1786445836;PROFIT_RATCHET_LOCKED;floor=3.71 peak=8.73;MANAGE_PROFIT;SAFE;1;1;1;-1;-1;4406.96;8.55;8.55;8.73;-3.78;KELLY_LITE;true;0.04;213265.50;0.0417;KELLY_LITE(mult=1.50 taper=1.00 n=20)+HARD_RISK_CAP(2.0%)+MAXLOSS_CAP;213265.50;213274.05;36;0
2026.08.12 04:39:59;XAUUSD;5;1786445836;PROFIT_RATCHET_LOCKED;floor=3.71 peak=8.73;MANAGE_PROFIT;SAFE;1;1;1;-1;-1;4406.96;8.49;8.49;8.73;-3.78;KELLY_LITE;true;0.04;213265.50;0.0417;KELLY_LITE(mult=1.50 taper=1.00 n=20)+HARD_RISK_CAP(2.0%)+MAXLOSS_CAP;213265.50;213273.99;36;0
2026.08.12 04:39:59;XAUUSD;5;1786445836;PROFIT_RATCHET_LOCKED;floor=3.71 peak=8.73;MANAGE_PROFIT;SAFE;1;1;1;-1;-1;4406.96;8.46;8.46;8.73;-3.78;KELLY_LITE;true;0.04;213265.50;0.0417;KELLY_LITE(mult=1.50 taper=1.00 n=20)+HARD_RISK_CAP(2.0%)+MAXLOSS_CAP;213265.50;213273.96;36;0
2026.08.12 04:40:00;XAUUSD;5;1786445836;PROFIT_RATCHET_LOCKED;floor=3.71 peak=8.73;MANAGE_PROFIT;SAFE;1;1;1;-1;-1;4406.96;8.61;8.61;8.73;-3.78;KELLY_LITE;true;0.04;213265.50;0.0417;KELLY_LITE(mult=1.50 taper=1.00 n=20)+HARD_RISK_CAP(2.0%)+MAXLOSS_CAP;213265.50;213274.11;37;0
2026.08.12 04:40:00;XAUUSD;5;1786445836;PROFIT_RATCHET_LOCKED;floor=3.71 peak=8.73;MANAGE_PROFIT;SAFE;1;1;1;-1;-1;4406.96;8.49;8.49;8.73;-3.78;KELLY_LITE;true;0.04;213265.50;0.0417;KELLY_LITE(mult=1.50 taper=1.00 n=20)+HARD_RISK_CAP(2.0%)+MAXLOSS_CAP;213265.50;213273.99;34;0
2026.08.12 04:40:00;XAUUSD;5;1786445836;PROFIT_RATCHET_LOCKED;floor=3.71 peak=8.73;MANAGE_PROFIT;SAFE;1;1;1;-1;-1;4406.96;8.13;8.13;8.73;-3.78;KELLY_LITE;true;0.04;213265.50;0.0417;KELLY_LITE(mult=1.50 taper=1.00 n=20)+HARD_RISK_CAP(2.0%)+MAXLOSS_CAP;213265.50;213273.63;33;0
2026.08.12 04:40:00;XAUUSD;5;1786445836;PROFIT_RATCHET_LOCKED;floor=3.71 peak=8.73;MANAGE_PROFIT;SAFE;1;1;1;-1;-1;4406.96;8.16;8.16;8.73;-3.78;KELLY_LITE;true;0.04;213265.50;0.0417;KELLY_LITE(mult=1.50 taper=1.00 n=20)+HARD_RISK_CAP(2.0%)+MAXLOSS_CAP;213265.50;213273.66;35;0
2026.08.12 04:40:00;XAUUSD;5;1786445836;PROFIT_RATCHET_LOCKED;floor=3.71 peak=8.73;MANAGE_PROFIT;SAFE;1;1;1;-1;-1;4406.96;8.28;8.28;8.73;-3.78;KELLY_LITE;true;0.04;213265.50;0.0417;KELLY_LITE(mult=1.50 taper=1.00 n=20)+HARD_RISK_CAP(2.0%)+MAXLOSS_CAP;213265.50;213273.78;37;0
2026.08.12 04:40:01;XAUUSD;5;1786445836;PROFIT_RATCHET_LOCKED;floor=3.71 peak=8.73;MANAGE_PROFIT;SAFE;1;1;1;-1;-1;4406.96;8.31;8.31;8.73;-3.78;KELLY_LITE;true;0.04;213265.50;0.0417;KELLY_LITE(mult=1.50 taper=1.00 n=20)+HARD_RISK_CAP(2.0%)+MAXLOSS_CAP;213265.50;213273.81;36;0
2026.08.12 04:40:01;XAUUSD;5;1786445836;PROFIT_RATCHET_LOCKED;floor=3.71 peak=8.73;MANAGE_PROFIT;SAFE;1;1;1;-1;-1;4406.96;8.31;8.31;8.73;-3.78;KELLY_LITE;true;0.04;213265.50;0.0417;KELLY_LITE(mult=1.50 taper=1.00 n=20)+HARD_RISK_CAP(2.0%)+MAXLOSS_CAP;213265.50;213273.81;37;0
2026.08.12 04:40:02;XAUUSD;5;1786445836;PROFIT_RATCHET_LOCKED;floor=3.71 peak=8.73;MANAGE_PROFIT;SAFE;1;1;1;-1;-1;4406.96;8.31;8.31;8.73;-3.78;KELLY_LITE;true;0.04;213265.50;0.0417;KELLY_LITE(mult=1.50 taper=1.00 n=20)+HARD_RISK_CAP(2.0%)+MAXLOSS_CAP;213265.50;213273.81;36;0
2026.08.12 04:40:02;XAUUSD;5;1786445836;PROFIT_RATCHET_LOCKED;floor=3.71 peak=8.73;MANAGE_PROFIT;SAFE;1;1;1;-1;-1;4406.96;8.28;8.28;8.73;-3.78;KELLY_LITE;true;0.04;213265.50;0.0417;KELLY_LITE(mult=1.50 taper=1.00 n=20)+HARD_RISK_CAP(2.0%)+MAXLOSS_CAP;213265.50;213273.78;37;0
2026.08.12 04:40:02;XAUUSD;5;1786445836;PROFIT_RATCHET_LOCKED;floor=3.71 peak=8.73;MANAGE_PROFIT;SAFE;1;1;1;-1;-1;4406.96;8.40;8.40;8.73;-3.78;KELLY_LITE;true;0.04;213265.50;0.0417;KELLY_LITE(mult=1.50 taper=1.00 n=20)+HARD_RISK_CAP(2.0%)+MAXLOSS_CAP;213265.50;213273.90;36;0
2026.08.12 04:40:03;XAUUSD;5;1786445836;PROFIT_RATCHET_LOCKED;floor=3.71 peak=8.73;MANAGE_PROFIT;SAFE;1;1;1;-1;-1;4406.96;8.34;8.34;8.73;-3.78;KELLY_LITE;true;0.04;213265.50;0.0417;KELLY_LITE(mult=1.50 taper=1.00 n=20)+HARD_RISK_CAP(2.0%)+MAXLOSS_CAP;213265.50;213273.84;36;0
2026.08.12 04:40:04;XAUUSD;5;1786445836;PROFIT_RATCHET_LOCKED;floor=3.71 peak=8.73;MANAGE_PROFIT;SAFE;1;1;1;-1;-1;4406.96;8.31;8.31;8.73;-3.78;KELLY_LITE;true;0.04;213265.50;0.0417;KELLY_LITE(mult=1.50 taper=1.00 n=20)+HARD_RISK_CAP(2.0%)+MAXLOSS_CAP;213265.50;213273.81;35;0
2026.08.12 04:40:04;XAUUSD;5;1786445836;PROFIT_RATCHET_LOCKED;floor=3.71 peak=8.73;MANAGE_PROFIT;SAFE;1;1;1;-1;-1;4406.96;8.37;8.37;8.73;-3.78;KELLY_LITE;true;0.04;213265.50;0.0417;KELLY_LITE(mult=1.50 taper=1.00 n=20)+HARD_RISK_CAP(2.0%)+MAXLOSS_CAP;213265.50;213273.87;36;0
2026.08.12 04:40:04;XAUUSD;5;1786445836;PROFIT_RATCHET_LOCKED;floor=3.71 peak=8.73;MANAGE_PROFIT;SAFE;1;1;1;-1;-1;4406.96;8.34;8.34;8.73;-3.78;KELLY_LITE;true;0.04;213265.50;0.0417;KELLY_LITE(mult=1.50 taper=1.00 n=20)+HARD_RISK_CAP(2.0%)+MAXLOSS_CAP;213265.50;213273.84;37;0
2026.08.12 04:40:04;XAUUSD;5;1786445836;PROFIT_RATCHET_LOCKED;floor=3.71 peak=8.73;MANAGE_PROFIT;SAFE;1;1;1;-1;-1;4406.96;8.19;8.19;8.73;-3.78;KELLY_LITE;true;0.04;213265.50;0.0417;KELLY_LITE(mult=1.50 taper=1.00 n=20)+HARD_RISK_CAP(2.0%)+MAXLOSS_CAP;213265.50;213273.69;36;0
2026.08.12 04:40:05;XAUUSD;5;1786445836;PROFIT_RATCHET_LOCKED;floor=3.71 peak=8.73;MANAGE_PROFIT;SAFE;1;1;1;-1;-1;4406.96;8.22;8.22;8.73;-3.78;KELLY_LITE;true;0.04;213265.50;0.0417;KELLY_LITE(mult=1.50 taper=1.00 n=20)+HARD_RISK_CAP(2.0%)+MAXLOSS_CAP;213265.50;213273.72;36;0
2026.08.12 04:40:05;XAUUSD;5;1786445836;PROFIT_RATCHET_LOCKED;floor=3.71 peak=8.73;MANAGE_PROFIT;SAFE;1;1;1;-1;-1;4406.96;8.07;8.07;8.73;-3.78;KELLY_LITE;true;0.04;213265.50;0.0417;KELLY_LITE(mult=1.50 taper=1.00 n=20)+HARD_RISK_CAP(2.0%)+MAXLOSS_CAP;213265.50;213273.57;36;0
2026.08.12 04:40:05;XAUUSD;5;1786445836;PROFIT_RATCHET_LOCKED;floor=3.71 peak=8.73;MANAGE_PROFIT;SAFE;1;1;1;-1;-1;4406.96;8.04;8.04;8.73;-3.78;KELLY_LITE;true;0.04;213265.50;0.0417;KELLY_LITE(mult=1.50 taper=1.00 n=20)+HARD_RISK_CAP(2.0%)+MAXLOSS_CAP;213265.50;213273.54;33;0
2026.08.12 04:40:05;XAUUSD;5;1786445836;PROFIT_RATCHET_LOCKED;floor=3.71 peak=8.73;MANAGE_PROFIT;SAFE;1;1;1;-1;-1;4406.96;8.01;8.01;8.73;-3.78;KELLY_LITE;true;0.04;213265.50;0.0417;KELLY_LITE(mult=1.50 taper=1.00 n=20)+HARD_RISK_CAP(2.0%)+MAXLOSS_CAP;213265.50;213273.51;33;0
2026.08.12 04:40:06;XAUUSD;5;1786445836;PROFIT_RATCHET_LOCKED;floor=3.71 peak=8.73;MANAGE_PROFIT;SAFE;1;1;1;-1;-1;4406.96;8.04;8.04;8.73;-3.78;KELLY_LITE;true;0.04;213265.50;0.0417;KELLY_LITE(mult=1.50 taper=1.00 n=20)+HARD_RISK_CAP(2.0%)+MAXLOSS_CAP;213265.50;213273.54;33;0
2026.08.12 04:40:07;XAUUSD;5;1786445836;PROFIT_RATCHET_LOCKED;floor=3.71 peak=8.73;MANAGE_PROFIT;SAFE;1;1;1;-1;-1;4406.96;8.07;8.07;8.73;-3.78;KELLY_LITE;true;0.04;213265.50;0.0417;KELLY_LITE(mult=1.50 taper=1.00 n=20)+HARD_RISK_CAP(2.0%)+MAXLOSS_CAP;213265.50;213273.57;33;0
2026.08.12 04:40:07;XAUUSD;5;1786445836;PROFIT_RATCHET_LOCKED;floor=3.71 peak=8.73;MANAGE_PROFIT;SAFE;1;1;1;-1;-1;4406.96;8.07;8.07;8.73;-3.78;KELLY_LITE;true;0.04;213265.50;0.0417;KELLY_LITE(mult=1.50 taper=1.00 n=20)+HARD_RISK_CAP(2.0%)+MAXLOSS_CAP;213265.50;213273.57;37;0
2026.08.12 04:40:07;XAUUSD;5;1786445836;PROFIT_RATCHET_LOCKED;floor=3.71 peak=8.73;MANAGE_PROFIT;SAFE;1;1;1;-1;-1;4406.96;8.10;8.10;8.73;-3.78;KELLY_LITE;true;0.04;213265.50;0.0417;KELLY_LITE(mult=1.50 taper=1.00 n=20)+HARD_RISK_CAP(2.0%)+MAXLOSS_CAP;213265.50;213273.60;36;0
2026.08.12 04:40:07;XAUUSD;5;1786445836;PROFIT_RATCHET_LOCKED;floor=3.71 peak=8.73;MANAGE_PROFIT;SAFE;1;1;1;-1;-1;4406.96;8.25;8.25;8.73;-3.78;KELLY_LITE;true;0.04;213265.50;0.0417;KELLY_LITE(mult=1.50 taper=1.00 n=20)+HARD_RISK_CAP(2.0%)+MAXLOSS_CAP;213265.50;213273.75;36;0
2026.08.12 04:40:08;XAUUSD;5;1786445836;PROFIT_RATCHET_LOCKED;floor=3.71 peak=8.73;MANAGE_PROFIT;SAFE;1;1;1;-1;-1;4406.96;8.13;8.13;8.73;-3.78;KELLY_LITE;true;0.04;213265.50;0.0417;KELLY_LITE(mult=1.50 taper=1.00 n=20)+HARD_RISK_CAP(2.0%)+MAXLOSS_CAP;213265.50;213273.63;33;0
2026.08.12 04:40:08;XAUUSD;5;1786445836;PROFIT_RATCHET_LOCKED;floor=3.71 peak=8.73;MANAGE_PROFIT;SAFE;1;1;1;-1;-1;4406.96;8.16;8.16;8.73;-3.78;KELLY_LITE;true;0.04;213265.50;0.0417;KELLY_LITE(mult=1.50 taper=1.00 n=20)+HARD_RISK_CAP(2.0%)+MAXLOSS_CAP;213265.50;213273.66;36;0
2026.08.12 04:40:08;XAUUSD;5;1786445836;PROFIT_RATCHET_LOCKED;floor=3.71 peak=8.73;MANAGE_PROFIT;SAFE;1;1;1;-1;-1;4406.96;8.01;8.01;8.73;-3.78;KELLY_LITE;true;0.04;213265.50;0.0417;KELLY_LITE(mult=1.50 taper=1.00 n=20)+HARD_RISK_CAP(2.0%)+MAXLOSS_CAP;213265.50;213273.51;36;0
2026.08.12 04:40:10;XAUUSD;5;1786445836;PROFIT_RATCHET_LOCKED;floor=3.71 peak=8.73;MANAGE_PROFIT;SAFE;1;1;1;-1;-1;4406.96;8.07;8.07;8.73;-3.78;KELLY_LITE;true;0.04;213265.50;0.0417;KELLY_LITE(mult=1.50 taper=1.00 n=20)+HARD_RISK_CAP(2.0%)+MAXLOSS_CAP;213265.50;213273.57;36;0
2026.08.12 04:40:10;XAUUSD;5;1786445836;PROFIT_RATCHET_LOCKED;floor=3.71 peak=8.73;MANAGE_PROFIT;SAFE;1;1;1;-1;-1;4406.96;8.04;8.04;8.73;-3.78;KELLY_LITE;true;0.04;213265.50;0.0417;KELLY_LITE(mult=1.50 taper=1.00 n=20)+HARD_RISK_CAP(2.0%)+MAXLOSS_CAP;213265.50;213273.54;36;0
2026.08.12 04:40:10;XAUUSD;5;1786445836;PROFIT_RATCHET_LOCKED;floor=3.71 peak=8.73;MANAGE_PROFIT;SAFE;1;1;1;-1;-1;4406.96;8.10;8.10;8.73;-3.78;KELLY_LITE;true;0.04;213265.50;0.0417;KELLY_LITE(mult=1.50 taper=1.00 n=20)+HARD_RISK_CAP(2.0%)+MAXLOSS_CAP;213265.50;213273.60;36;0
2026.08.12 04:40:10;XAUUSD;5;1786445836;PROFIT_RATCHET_LOCKED;floor=3.71 peak=8.73;MANAGE_PROFIT;SAFE;1;1;1;-1;-1;4406.96;8.07;8.07;8.73;-3.78;KELLY_LITE;true;0.04;213265.50;0.0417;KELLY_LITE(mult=1.50 taper=1.00 n=20)+HARD_RISK_CAP(2.0%)+MAXLOSS_CAP;213265.50;213273.57;36;0
2026.08.12 04:40:11;XAUUSD;5;1786445836;PROFIT_RATCHET_LOCKED;floor=3.71 peak=8.73;MANAGE_PROFIT;SAFE;1;1;1;-1;-1;4406.96;8.10;8.10;8.73;-3.78;KELLY_LITE;true;0.04;213265.50;0.0417;KELLY_LITE(mult=1.50 taper=1.00 n=20)+HARD_RISK_CAP(2.0%)+MAXLOSS_CAP;213265.50;213273.60;36;0
2026.08.12 04:40:12;XAUUSD;5;1786445836;PROFIT_RATCHET_LOCKED;floor=3.71 peak=8.73;MANAGE_PROFIT;SAFE;1;1;1;-1;-1;4406.96;8.13;8.13;8.73;-3.78;KELLY_LITE;true;0.04;213265.50;0.0417;KELLY_LITE(mult=1.50 taper=1.00 n=20)+HARD_RISK_CAP(2.0%)+MAXLOSS_CAP;213265.50;213273.63;36;0
2026.08.12 04:40:12;XAUUSD;5;1786445836;PROFIT_RATCHET_LOCKED;floor=3.71 peak=8.73;MANAGE_PROFIT;SAFE;1;1;1;-1;-1;4406.96;8.22;8.22;8.73;-3.78;KELLY_LITE;true;0.04;213265.50;0.0417;KELLY_LITE(mult=1.50 taper=1.00 n=20)+HARD_RISK_CAP(2.0%)+MAXLOSS_CAP;213265.50;213273.72;36;0
2026.08.12 04:40:12;XAUUSD;5;1786445836;PROFIT_RATCHET_LOCKED;floor=3.71 peak=8.73;MANAGE_PROFIT;SAFE;1;1;1;-1;-1;4406.96;8.16;8.16;8.73;-3.78;KELLY_LITE;true;0.04;213265.50;0.0417;KELLY_LITE(mult=1.50 taper=1.00 n=20)+HARD_RISK_CAP(2.0%)+MAXLOSS_CAP;213265.50;213273.66;36;0
2026.08.12 04:40:13;XAUUSD;5;1786445836;PROFIT_RATCHET_LOCKED;floor=3.71 peak=8.73;MANAGE_PROFIT;SAFE;1;1;1;-1;-1;4406.96;8.10;8.10;8.73;-3.78;KELLY_LITE;true;0.04;213265.50;0.0417;KELLY_LITE(mult=1.50 taper=1.00 n=20)+HARD_RISK_CAP(2.0%)+MAXLOSS_CAP;213265.50;213273.60;36;0
2026.08.12 04:40:13;XAUUSD;5;1786445836;PROFIT_RATCHET_LOCKED;floor=3.71 peak=8.73;MANAGE_PROFIT;SAFE;1;1;1;-1;-1;4406.96;8.13;8.13;8.73;-3.78;KELLY_LITE;true;0.04;213265.50;0.0417;KELLY_LITE(mult=1.50 taper=1.00 n=20)+HARD_RISK_CAP(2.0%)+MAXLOSS_CAP;213265.50;213273.63;35;0
2026.08.12 04:40:14;XAUUSD;5;1786445836;PROFIT_RATCHET_LOCKED;floor=3.71 peak=8.73;MANAGE_PROFIT;SAFE;1;1;1;-1;-1;4406.96;8.13;8.13;8.73;-3.78;KELLY_LITE;true;0.04;213265.50;0.0417;KELLY_LITE(mult=1.50 taper=1.00 n=20)+HARD_RISK_CAP(2.0%)+MAXLOSS_CAP;213265.50;213273.63;36;0
2026.08.12 04:40:15;XAUUSD;5;1786445836;PROFIT_RATCHET_LOCKED;floor=3.71 peak=8.73;MANAGE_PROFIT;SAFE;1;1;1;-1;-1;4406.96;8.25;8.25;8.73;-3.78;KELLY_LITE;true;0.04;213265.50;0.0417;KELLY_LITE(mult=1.50 taper=1.00 n=20)+HARD_RISK_CAP(2.0%)+MAXLOSS_CAP;213265.50;213273.75;36;0
2026.08.12 04:40:15;XAUUSD;5;1786445836;PROFIT_RATCHET_LOCKED;floor=3.71 peak=8.73;MANAGE_PROFIT;SAFE;1;1;1;-1;-1;4406.96;8.37;8.37;8.73;-3.78;KELLY_LITE;true;0.04;213265.50;0.0417;KELLY_LITE(mult=1.50 taper=1.00 n=20)+HARD_RISK_CAP(2.0%)+MAXLOSS_CAP;213265.50;213273.87;36;0
2026.08.12 04:40:15;XAUUSD;5;1786445836;PROFIT_RATCHET_LOCKED;floor=3.71 peak=8.73;MANAGE_PROFIT;SAFE;1;1;1;-1;-1;4406.96;8.34;8.34;8.73;-3.78;KELLY_LITE;true;0.04;213265.50;0.0417;KELLY_LITE(mult=1.50 taper=1.00 n=20)+HARD_RISK_CAP(2.0%)+MAXLOSS_CAP;213265.50;213273.84;36;0
2026.08.12 04:40:16;XAUUSD;5;1786445836;PROFIT_RATCHET_LOCKED;floor=3.71 peak=8.73;MANAGE_PROFIT;SAFE;1;1;1;-1;-1;4406.96;8.31;8.31;8.73;-3.78;KELLY_LITE;true;0.04;213265.50;0.0417;KELLY_LITE(mult=1.50 taper=1.00 n=20)+HARD_RISK_CAP(2.0%)+MAXLOSS_CAP;213265.50;213273.81;36;0
2026.08.12 04:40:16;XAUUSD;5;1786445836;PROFIT_RATCHET_LOCKED;floor=3.71 peak=8.73;MANAGE_PROFIT;SAFE;1;1;1;-1;-1;4406.96;8.37;8.37;8.73;-3.78;KELLY_LITE;true;0.04;213265.50;0.0417;KELLY_LITE(mult=1.50 taper=1.00 n=20)+HARD_RISK_CAP(2.0%)+MAXLOSS_CAP;213265.50;213273.87;36;0
2026.08.12 04:40:16;XAUUSD;5;1786445836;PROFIT_RATCHET_LOCKED;floor=3.71 peak=8.73;MANAGE_PROFIT;SAFE;1;1;1;-1;-1;4406.96;8.40;8.40;8.73;-3.78;KELLY_LITE;true;0.04;213265.50;0.0417;KELLY_LITE(mult=1.50 taper=1.00 n=20)+HARD_RISK_CAP(2.0%)+MAXLOSS_CAP;213265.50;213273.90;36;0
2026.08.12 04:40:17;XAUUSD;5;1786445836;PROFIT_RATCHET_LOCKED;floor=3.71 peak=8.73;MANAGE_PROFIT;SAFE;1;1;1;-1;-1;4406.96;8.13;8.13;8.73;-3.78;KELLY_LITE;true;0.04;213265.50;0.0417;KELLY_LITE(mult=1.50 taper=1.00 n=20)+HARD_RISK_CAP(2.0%)+MAXLOSS_CAP;213265.50;213273.63;36;0
2026.08.12 04:40:17;XAUUSD;5;1786445836;PROFIT_RATCHET_LOCKED;floor=3.71 peak=8.73;MANAGE_PROFIT;SAFE;1;1;1;-1;-1;4406.96;8.07;8.07;8.73;-3.78;KELLY_LITE;true;0.04;213265.50;0.0417;KELLY_LITE(mult=1.50 taper=1.00 n=20)+HARD_RISK_CAP(2.0%)+MAXLOSS_CAP;213265.50;213273.57;36;0
2026.08.12 04:40:17;XAUUSD;5;1786445836;PROFIT_RATCHET_LOCKED;floor=3.71 peak=8.73;MANAGE_PROFIT;SAFE;1;1;1;-1;-1;4406.96;8.10;8.10;8.73;-3.78;KELLY_LITE;true;0.04;213265.50;0.0417;KELLY_LITE(mult=1.50 taper=1.00 n=20)+HARD_RISK_CAP(2.0%)+MAXLOSS_CAP;213265.50;213273.60;36;0
2026.08.12 04:40:18;XAUUSD;5;1786445836;PROFIT_RATCHET_LOCKED;floor=3.71 peak=8.73;MANAGE_PROFIT;SAFE;1;1;1;-1;-1;4406.96;8.13;8.13;8.73;-3.78;KELLY_LITE;true;0.04;213265.50;0.0417;KELLY_LITE(mult=1.50 taper=1.00 n=20)+HARD_RISK_CAP(2.0%)+MAXLOSS_CAP;213265.50;213273.63;36;0
2026.08.12 04:40:19;XAUUSD;5;1786445836;PROFIT_RATCHET_LOCKED;floor=3.71 peak=8.73;MANAGE_PROFIT;SAFE;1;1;1;-1;-1;4406.96;8.22;8.22;8.73;-3.78;KELLY_LITE;true;0.04;213265.50;0.0417;KELLY_LITE(mult=1.50 taper=1.00 n=20)+HARD_RISK_CAP(2.0%)+MAXLOSS_CAP;213265.50;213273.72;36;0
2026.08.12 04:40:19;XAUUSD;5;1786445836;PROFIT_RATCHET_LOCKED;floor=3.71 peak=8.73;MANAGE_PROFIT;SAFE;1;1;1;-1;-1;4406.96;8.19;8.19;8.73;-3.78;KELLY_LITE;true;0.04;213265.50;0.0417;KELLY_LITE(mult=1.50 taper=1.00 n=20)+HARD_RISK_CAP(2.0%)+MAXLOSS_CAP;213265.50;213273.69;36;0
2026.08.12 04:40:19;XAUUSD;5;1786445836;PROFIT_RATCHET_LOCKED;floor=3.71 peak=8.73;MANAGE_PROFIT;SAFE;1;1;1;-1;-1;4406.96;8.25;8.25;8.73;-3.78;KELLY_LITE;true;0.04;213265.50;0.0417;KELLY_LITE(mult=1.50 taper=1.00 n=20)+HARD_RISK_CAP(2.0%)+MAXLOSS_CAP;213265.50;213273.75;33;0
2026.08.12 04:40:20;XAUUSD;5;1786445836;PROFIT_RATCHET_LOCKED;floor=3.71 peak=8.73;MANAGE_PROFIT;SAFE;1;1;1;-1;-1;4406.96;8.16;8.16;8.73;-3.78;KELLY_LITE;true;0.04;213265.50;0.0417;KELLY_LITE(mult=1.50 taper=1.00 n=20)+HARD_RISK_CAP(2.0%)+MAXLOSS_CAP;213265.50;213273.66;36;0
2026.08.12 04:40:21;XAUUSD;5;1786445836;PROFIT_RATCHET_LOCKED;floor=3.71 peak=8.73;MANAGE_PROFIT;SAFE;1;1;1;-1;-1;4406.96;8.13;8.13;8.73;-3.78;KELLY_LITE;true;0.04;213265.50;0.0417;KELLY_LITE(mult=1.50 taper=1.00 n=20)+HARD_RISK_CAP(2.0%)+MAXLOSS_CAP;213265.50;213273.63;36;0
2026.08.12 04:40:22;XAUUSD;5;1786445836;PROFIT_RATCHET_LOCKED;floor=3.71 peak=8.73;MANAGE_PROFIT;SAFE;1;1;1;-1;-1;4406.96;8.04;8.04;8.73;-3.78;KELLY_LITE;true;0.04;213265.50;0.0417;KELLY_LITE(mult=1.50 taper=1.00 n=20)+HARD_RISK_CAP(2.0%)+MAXLOSS_CAP;213265.50;213273.54;36;0
2026.08.12 04:40:22;XAUUSD;5;1786445836;PROFIT_RATCHET_LOCKED;floor=3.71 peak=8.73;MANAGE_PROFIT;SAFE;1;1;1;-1;-1;4406.96;8.01;8.01;8.73;-3.78;KELLY_LITE;true;0.04;213265.50;0.0417;KELLY_LITE(mult=1.50 taper=1.00 n=20)+HARD_RISK_CAP(2.0%)+MAXLOSS_CAP;213265.50;213273.51;37;0
2026.08.12 04:40:23;XAUUSD;5;1786445836;PROFIT_RATCHET_LOCKED;floor=3.71 peak=8.73;MANAGE_PROFIT;SAFE;1;1;1;-1;-1;4406.96;8.07;8.07;8.73;-3.78;KELLY_LITE;true;0.04;213265.50;0.0417;KELLY_LITE(mult=1.50 taper=1.00 n=20)+HARD_RISK_CAP(2.0%)+MAXLOSS_CAP;213265.50;213273.57;36;0
2026.08.12 04:40:23;XAUUSD;5;1786445836;PROFIT_RATCHET_LOCKED;floor=3.71 peak=8.73;MANAGE_PROFIT;SAFE;1;1;1;-1;-1;4406.96;7.98;7.98;8.73;-3.78;KELLY_LITE;true;0.04;213265.50;0.0417;KELLY_LITE(mult=1.50 taper=1.00 n=20)+HARD_RISK_CAP(2.0%)+MAXLOSS_CAP;213265.50;213273.48;37;0
2026.08.12 04:40:23;XAUUSD;5;1786445836;PROFIT_RATCHET_LOCKED;floor=3.71 peak=8.73;MANAGE_PROFIT;SAFE;1;1;1;-1;-1;4406.96;7.95;7.95;8.73;-3.78;KELLY_LITE;true;0.04;213265.50;0.0417;KELLY_LITE(mult=1.50 taper=1.00 n=20)+HARD_RISK_CAP(2.0%)+MAXLOSS_CAP;213265.50;213273.45;36;0
2026.08.12 04:40:24;XAUUSD;5;1786445836;PROFIT_RATCHET_LOCKED;floor=3.71 peak=8.73;MANAGE_PROFIT;SAFE;1;1;1;-1;-1;4406.96;7.98;7.98;8.73;-3.78;KELLY_LITE;true;0.04;213265.50;0.0417;KELLY_LITE(mult=1.50 taper=1.00 n=20)+HARD_RISK_CAP(2.0%)+MAXLOSS_CAP;213265.50;213273.48;37;0
2026.08.12 04:40:24;XAUUSD;5;1786445836;PROFIT_RATCHET_LOCKED;floor=3.71 peak=8.73;MANAGE_PROFIT;SAFE;1;1;1;-1;-1;4406.96;8.01;8.01;8.73;-3.78;KELLY_LITE;true;0.04;213265.50;0.0417;KELLY_LITE(mult=1.50 taper=1.00 n=20)+HARD_RISK_CAP(2.0%)+MAXLOSS_CAP;213265.50;213273.51;37;0
2026.08.12 04:40:25;XAUUSD;5;1786445836;PROFIT_RATCHET_LOCKED;floor=3.71 peak=8.73;MANAGE_PROFIT;SAFE;1;1;1;-1;-1;4406.96;8.07;8.07;8.73;-3.78;KELLY_LITE;true;0.04;213265.50;0.0417;KELLY_LITE(mult=1.50 taper=1.00 n=20)+HARD_RISK_CAP(2.0%)+MAXLOSS_CAP;213265.50;213273.57;36;0
2026.08.12 04:40:25;XAUUSD;5;1786445836;PROFIT_RATCHET_LOCKED;floor=3.71 peak=8.73;MANAGE_PROFIT;SAFE;1;1;1;-1;-1;4406.96;8.04;8.04;8.73;-3.78;KELLY_LITE;true;0.04;213265.50;0.0417;KELLY_LITE(mult=1.50 taper=1.00 n=20)+HARD_RISK_CAP(2.0%)+MAXLOSS_CAP;213265.50;213273.54;36;0
2026.08.12 04:40:28;XAUUSD;5;1786445836;PROFIT_RATCHET_LOCKED;floor=3.71 peak=8.73;MANAGE_PROFIT;SAFE;1;1;1;-1;-1;4406.96;8.07;8.07;8.73;-3.78;KELLY_LITE;true;0.04;213265.50;0.0417;KELLY_LITE(mult=1.50 taper=1.00 n=20)+HARD_RISK_CAP(2.0%)+MAXLOSS_CAP;213265.50;213273.57;36;0
2026.08.12 04:40:29;XAUUSD;5;1786445836;PROFIT_RATCHET_LOCKED;floor=3.71 peak=8.73;MANAGE_PROFIT;SAFE;1;1;1;-1;-1;4406.96;8.04;8.04;8.73;-3.78;KELLY_LITE;true;0.04;213265.50;0.0417;KELLY_LITE(mult=1.50 taper=1.00 n=20)+HARD_RISK_CAP(2.0%)+MAXLOSS_CAP;213265.50;213273.54;36;0
2026.08.12 04:40:29;XAUUSD;5;1786445836;PROFIT_RATCHET_LOCKED;floor=3.71 peak=8.73;MANAGE_PROFIT;SAFE;1;1;1;-1;-1;4406.96;8.07;8.07;8.73;-3.78;KELLY_LITE;true;0.04;213265.50;0.0417;KELLY_LITE(mult=1.50 taper=1.00 n=20)+HARD_RISK_CAP(2.0%)+MAXLOSS_CAP;213265.50;213273.57;36;0
2026.08.12 04:40:30;XAUUSD;5;1786445836;PROFIT_RATCHET_LOCKED;floor=3.71 peak=8.73;MANAGE_PROFIT;SAFE;1;1;1;-1;-1;4406.96;8.28;8.28;8.73;-3.78;KELLY_LITE;true;0.04;213265.50;0.0417;KELLY_LITE(mult=1.50 taper=1.00 n=20)+HARD_RISK_CAP(2.0%)+MAXLOSS_CAP;213265.50;213273.78;36;0
2026.08.12 04:40:31;XAUUSD;5;1786445836;PROFIT_RATCHET_LOCKED;floor=3.71 peak=8.73;MANAGE_PROFIT;SAFE;1;1;1;-1;-1;4406.96;8.22;8.22;8.73;-3.78;KELLY_LITE;true;0.04;213265.50;0.0417;KELLY_LITE(mult=1.50 taper=1.00 n=20)+HARD_RISK_CAP(2.0%)+MAXLOSS_CAP;213265.50;213273.72;36;0
2026.08.12 04:40:31;XAUUSD;5;1786445836;PROFIT_RATCHET_LOCKED;floor=3.71 peak=8.73;MANAGE_PROFIT;SAFE;1;1;1;-1;-1;4406.96;8.25;8.25;8.73;-3.78;KELLY_LITE;true;0.04;213265.50;0.0417;KELLY_LITE(mult=1.50 taper=1.00 n=20)+HARD_RISK_CAP(2.0%)+MAXLOSS_CAP;213265.50;213273.75;36;0
2026.08.12 04:40:31;XAUUSD;5;1786445836;PROFIT_RATCHET_LOCKED;floor=3.71 peak=8.73;MANAGE_PROFIT;SAFE;1;1;1;-1;-1;4406.96;8.28;8.28;8.73;-3.78;KELLY_LITE;true;0.04;213265.50;0.0417;KELLY_LITE(mult=1.50 taper=1.00 n=20)+HARD_RISK_CAP(2.0%)+MAXLOSS_CAP;213265.50;213273.78;36;0
2026.08.12 04:40:32;XAUUSD;5;1786445836;PROFIT_RATCHET_LOCKED;floor=3.71 peak=8.73;MANAGE_PROFIT;SAFE;1;1;1;-1;-1;4406.96;8.31;8.31;8.73;-3.78;KELLY_LITE;true;0.04;213265.50;0.0417;KELLY_LITE(mult=1.50 taper=1.00 n=20)+HARD_RISK_CAP(2.0%)+MAXLOSS_CAP;213265.50;213273.81;36;0
2026.08.12 04:40:32;XAUUSD;5;1786445836;PROFIT_RATCHET_LOCKED;floor=3.71 peak=8.73;MANAGE_PROFIT;SAFE;1;1;1;-1;-1;4406.96;8.28;8.28;8.73;-3.78;KELLY_LITE;true;0.04;213265.50;0.0417;KELLY_LITE(mult=1.50 taper=1.00 n=20)+HARD_RISK_CAP(2.0%)+MAXLOSS_CAP;213265.50;213273.78;36;0
2026.08.12 04:40:32;XAUUSD;5;1786445836;PROFIT_RATCHET_LOCKED;floor=3.71 peak=8.73;MANAGE_PROFIT;SAFE;1;1;1;-1;-1;4406.96;8.31;8.31;8.73;-3.78;KELLY_LITE;true;0.04;213265.50;0.0417;KELLY_LITE(mult=1.50 taper=1.00 n=20)+HARD_RISK_CAP(2.0%)+MAXLOSS_CAP;213265.50;213273.81;35;0
2026.08.12 04:40:33;XAUUSD;5;1786445836;PROFIT_RATCHET_LOCKED;floor=3.71 peak=8.73;MANAGE_PROFIT;SAFE;1;1;1;-1;-1;4406.96;8.31;8.31;8.73;-3.78;KELLY_LITE;true;0.04;213265.50;0.0417;KELLY_LITE(mult=1.50 taper=1.00 n=20)+HARD_RISK_CAP(2.0%)+MAXLOSS_CAP;213265.50;213273.81;36;0
2026.08.12 04:40:34;XAUUSD;5;1786445836;PROFIT_RATCHET_LOCKED;floor=3.71 peak=8.73;MANAGE_PROFIT;SAFE;1;1;1;-1;-1;4406.96;8.28;8.28;8.73;-3.78;KELLY_LITE;true;0.04;213265.50;0.0417;KELLY_LITE(mult=1.50 taper=1.00 n=20)+HARD_RISK_CAP(2.0%)+MAXLOSS_CAP;213265.50;213273.78;36;0
2026.08.12 04:40:34;XAUUSD;5;1786445836;PROFIT_RATCHET_LOCKED;floor=3.71 peak=8.73;MANAGE_PROFIT;SAFE;1;1;1;-1;-1;4406.96;8.19;8.19;8.73;-3.78;KELLY_LITE;true;0.04;213265.50;0.0417;KELLY_LITE(mult=1.50 taper=1.00 n=20)+HARD_RISK_CAP(2.0%)+MAXLOSS_CAP;213265.50;213273.69;36;0
2026.08.12 04:40:34;XAUUSD;5;1786445836;PROFIT_RATCHET_LOCKED;floor=3.71 peak=8.73;MANAGE_PROFIT;SAFE;1;1;1;-1;-1;4406.96;8.16;8.16;8.73;-3.78;KELLY_LITE;true;0.04;213265.50;0.0417;KELLY_LITE(mult=1.50 taper=1.00 n=20)+HARD_RISK_CAP(2.0%)+MAXLOSS_CAP;213265.50;213273.66;36;0
2026.08.12 04:40:36;XAUUSD;5;1786445836;PROFIT_RATCHET_LOCKED;floor=3.71 peak=8.73;MANAGE_PROFIT;SAFE;1;1;1;-1;-1;4406.96;8.28;8.28;8.73;-3.78;KELLY_LITE;true;0.04;213265.50;0.0417;KELLY_LITE(mult=1.50 taper=1.00 n=20)+HARD_RISK_CAP(2.0%)+MAXLOSS_CAP;213265.50;213273.78;36;0
2026.08.12 04:40:36;XAUUSD;5;1786445836;PROFIT_RATCHET_LOCKED;floor=3.71 peak=8.73;MANAGE_PROFIT;SAFE;1;1;1;-1;-1;4406.96;8.37;8.37;8.73;-3.78;KELLY_LITE;true;0.04;213265.50;0.0417;KELLY_LITE(mult=1.50 taper=1.00 n=20)+HARD_RISK_CAP(2.0%)+MAXLOSS_CAP;213265.50;213273.87;36;0
2026.08.12 04:40:36;XAUUSD;5;1786445836;PROFIT_RATCHET_LOCKED;floor=3.71 peak=8.73;MANAGE_PROFIT;SAFE;1;1;1;-1;-1;4406.96;8.43;8.43;8.73;-3.78;KELLY_LITE;true;0.04;213265.50;0.0417;KELLY_LITE(mult=1.50 taper=1.00 n=20)+HARD_RISK_CAP(2.0%)+MAXLOSS_CAP;213265.50;213273.93;36;0
2026.08.12 04:40:37;XAUUSD;5;1786445836;PROFIT_RATCHET_LOCKED;floor=3.71 peak=8.73;MANAGE_PROFIT;SAFE;1;1;1;-1;-1;4406.96;8.46;8.46;8.73;-3.78;KELLY_LITE;true;0.04;213265.50;0.0417;KELLY_LITE(mult=1.50 taper=1.00 n=20)+HARD_RISK_CAP(2.0%)+MAXLOSS_CAP;213265.50;213273.96;36;0
2026.08.12 04:40:37;XAUUSD;5;1786445836;PROFIT_RATCHET_LOCKED;floor=3.71 peak=8.73;MANAGE_PROFIT;SAFE;1;1;1;-1;-1;4406.96;8.43;8.43;8.73;-3.78;KELLY_LITE;true;0.04;213265.50;0.0417;KELLY_LITE(mult=1.50 taper=1.00 n=20)+HARD_RISK_CAP(2.0%)+MAXLOSS_CAP;213265.50;213273.93;36;0
2026.08.12 04:40:38;XAUUSD;5;1786445836;PROFIT_RATCHET_LOCKED;floor=3.71 peak=8.73;MANAGE_PROFIT;SAFE;1;1;1;-1;-1;4406.96;8.40;8.40;8.73;-3.78;KELLY_LITE;true;0.04;213265.50;0.0417;KELLY_LITE(mult=1.50 taper=1.00 n=20)+HARD_RISK_CAP(2.0%)+MAXLOSS_CAP;213265.50;213273.90;36;0
2026.08.12 04:40:38;XAUUSD;5;1786445836;PROFIT_RATCHET_LOCKED;floor=3.71 peak=8.73;MANAGE_PROFIT;SAFE;1;1;1;-1;-1;4406.96;8.52;8.52;8.73;-3.78;KELLY_LITE;true;0.04;213265.50;0.0417;KELLY_LITE(mult=1.50 taper=1.00 n=20)+HARD_RISK_CAP(2.0%)+MAXLOSS_CAP;213265.50;213274.02;36;0
2026.08.12 04:40:39;XAUUSD;5;1786445836;PROFIT_RATCHET_LOCKED;floor=3.71 peak=8.73;MANAGE_PROFIT;SAFE;1;1;1;-1;-1;4406.96;8.61;8.61;8.73;-3.78;KELLY_LITE;true;0.04;213265.50;0.0417;KELLY_LITE(mult=1.50 taper=1.00 n=20)+HARD_RISK_CAP(2.0%)+MAXLOSS_CAP;213265.50;213274.11;36;0
2026.08.12 04:40:39;XAUUSD;5;1786445836;PROFIT_RATCHET_LOCKED;floor=3.71 peak=8.73;MANAGE_PROFIT;SAFE;1;1;1;-1;-1;4406.96;8.52;8.52;8.73;-3.78;KELLY_LITE;true;0.04;213265.50;0.0417;KELLY_LITE(mult=1.50 taper=1.00 n=20)+HARD_RISK_CAP(2.0%)+MAXLOSS_CAP;213265.50;213274.02;36;0
2026.08.12 04:40:39;XAUUSD;5;1786445836;PROFIT_RATCHET_LOCKED;floor=3.71 peak=8.73;MANAGE_PROFIT;SAFE;1;1;1;-1;-1;4406.96;8.58;8.58;8.73;-3.78;KELLY_LITE;true;0.04;213265.50;0.0417;KELLY_LITE(mult=1.50 taper=1.00 n=20)+HARD_RISK_CAP(2.0%)+MAXLOSS_CAP;213265.50;213274.08;36;0
2026.08.12 04:40:40;XAUUSD;5;1786445836;PROFIT_RATCHET_LOCKED;floor=3.71 peak=8.73;MANAGE_PROFIT;SAFE;1;1;1;-1;-1;4406.96;8.64;8.64;8.73;-3.78;KELLY_LITE;true;0.04;213265.50;0.0417;KELLY_LITE(mult=1.50 taper=1.00 n=20)+HARD_RISK_CAP(2.0%)+MAXLOSS_CAP;213265.50;213274.14;36;0
2026.08.12 04:40:40;XAUUSD;5;1786445836;PROFIT_RATCHET_LOCKED;floor=3.71 peak=8.73;MANAGE_PROFIT;SAFE;1;1;1;-1;-1;4406.96;8.55;8.55;8.73;-3.78;KELLY_LITE;true;0.04;213265.50;0.0417;KELLY_LITE(mult=1.50 taper=1.00 n=20)+HARD_RISK_CAP(2.0%)+MAXLOSS_CAP;213265.50;213274.05;36;0
2026.08.12 04:40:40;XAUUSD;5;1786445836;PROFIT_RATCHET_LOCKED;floor=3.71 peak=8.73;MANAGE_PROFIT;SAFE;1;1;1;-1;-1;4406.96;8.58;8.58;8.73;-3.78;KELLY_LITE;true;0.04;213265.50;0.0417;KELLY_LITE(mult=1.50 taper=1.00 n=20)+HARD_RISK_CAP(2.0%)+MAXLOSS_CAP;213265.50;213274.08;36;0
2026.08.12 04:40:41;XAUUSD;5;1786445836;PROFIT_RATCHET_LOCKED;floor=3.71 peak=8.73;MANAGE_PROFIT;SAFE;1;1;1;-1;-1;4406.96;8.46;8.46;8.73;-3.78;KELLY_LITE;true;0.04;213265.50;0.0417;KELLY_LITE(mult=1.50 taper=1.00 n=20)+HARD_RISK_CAP(2.0%)+MAXLOSS_CAP;213265.50;213273.96;36;0
2026.08.12 04:40:41;XAUUSD;5;1786445836;PROFIT_RATCHET_LOCKED;floor=3.71 peak=8.73;MANAGE_PROFIT;SAFE;1;1;1;-1;-1;4406.96;8.25;8.25;8.73;-3.78;KELLY_LITE;true;0.04;213265.50;0.0417;KELLY_LITE(mult=1.50 taper=1.00 n=20)+HARD_RISK_CAP(2.0%)+MAXLOSS_CAP;213265.50;213273.75;35;0
2026.08.12 04:40:42;XAUUSD;5;1786445836;PROFIT_RATCHET_LOCKED;floor=3.71 peak=8.73;MANAGE_PROFIT;SAFE;1;1;1;-1;-1;4406.96;8.34;8.34;8.73;-3.78;KELLY_LITE;true;0.04;213265.50;0.0417;KELLY_LITE(mult=1.50 taper=1.00 n=20)+HARD_RISK_CAP(2.0%)+MAXLOSS_CAP;213265.50;213273.84;36;0
2026.08.12 04:40:43;XAUUSD;5;1786445836;PROFIT_RATCHET_LOCKED;floor=3.71 peak=8.73;MANAGE_PROFIT;SAFE;1;1;1;-1;-1;4406.96;8.37;8.37;8.73;-3.78;KELLY_LITE;true;0.04;213265.50;0.0417;KELLY_LITE(mult=1.50 taper=1.00 n=20)+HARD_RISK_CAP(2.0%)+MAXLOSS_CAP;213265.50;213273.87;36;0
2026.08.12 04:40:44;XAUUSD;5;1786445836;PROFIT_RATCHET_LOCKED;floor=3.71 peak=8.73;MANAGE_PROFIT;SAFE;1;1;1;-1;-1;4406.96;8.43;8.43;8.73;-3.78;KELLY_LITE;true;0.04;213265.50;0.0417;KELLY_LITE(mult=1.50 taper=1.00 n=20)+HARD_RISK_CAP(2.0%)+MAXLOSS_CAP;213265.50;213273.93;36;0
2026.08.12 04:40:44;XAUUSD;5;1786445836;SL_MODIFIED;ticket=118867404 oldSL=4404.57 newSL=4404.50 reason=break_even_lock_leg_0;MANAGE_PROFIT;SAFE;1;1;1;-1;-1;4406.96;8.91;8.91;8.94;-3.78;KELLY_LITE;true;0.04;213265.50;0.0417;KELLY_LITE(mult=1.50 taper=1.00 n=20)+HARD_RISK_CAP(2.0%)+MAXLOSS_CAP;213265.50;213274.41;36;0
2026.08.12 04:40:44;XAUUSD;5;1786445836;PROFIT_RATCHET_LOCKED;floor=3.80 peak=8.94;MANAGE_PROFIT;SAFE;1;1;1;-1;-1;4406.96;8.91;8.91;8.94;-3.78;KELLY_LITE;true;0.04;213265.50;0.0417;KELLY_LITE(mult=1.50 taper=1.00 n=20)+HARD_RISK_CAP(2.0%)+MAXLOSS_CAP;213265.50;213274.41;36;0
2026.08.12 04:40:44;XAUUSD;5;1786445836;PROFIT_RATCHET_LOCKED;floor=3.80 peak=8.94;MANAGE_PROFIT;SAFE;1;1;1;-1;-1;4406.96;8.91;8.91;8.94;-3.78;KELLY_LITE;true;0.04;213265.50;0.0417;KELLY_LITE(mult=1.50 taper=1.00 n=20)+HARD_RISK_CAP(2.0%)+MAXLOSS_CAP;213265.50;213274.41;36;0
2026.08.12 04:40:45;XAUUSD;5;1786445836;PROFIT_RATCHET_LOCKED;floor=3.81 peak=8.97;MANAGE_PROFIT;SAFE;1;1;1;-1;-1;4406.96;8.97;8.97;8.97;-3.78;KELLY_LITE;true;0.04;213265.50;0.0417;KELLY_LITE(mult=1.50 taper=1.00 n=20)+HARD_RISK_CAP(2.0%)+MAXLOSS_CAP;213265.50;213274.47;36;0
2026.08.12 04:40:45;XAUUSD;5;1786445836;PROFIT_RATCHET_LOCKED;floor=3.81 peak=8.97;MANAGE_PROFIT;SAFE;1;1;1;-1;-1;4406.96;8.85;8.85;8.97;-3.78;KELLY_LITE;true;0.04;213265.50;0.0417;KELLY_LITE(mult=1.50 taper=1.00 n=20)+HARD_RISK_CAP(2.0%)+MAXLOSS_CAP;213265.50;213274.35;36;0
2026.08.12 04:40:45;XAUUSD;5;1786445836;PROFIT_RATCHET_LOCKED;floor=3.81 peak=8.97;MANAGE_PROFIT;SAFE;1;1;1;-1;-1;4406.96;8.67;8.67;8.97;-3.78;KELLY_LITE;true;0.04;213265.50;0.0417;KELLY_LITE(mult=1.50 taper=1.00 n=20)+HARD_RISK_CAP(2.0%)+MAXLOSS_CAP;213265.50;213274.17;36;0
2026.08.12 04:40:46;XAUUSD;5;1786445836;PROFIT_RATCHET_LOCKED;floor=3.81 peak=8.97;MANAGE_PROFIT;SAFE;1;1;1;-1;-1;4406.96;8.79;8.79;8.97;-3.78;KELLY_LITE;true;0.04;213265.50;0.0417;KELLY_LITE(mult=1.50 taper=1.00 n=20)+HARD_RISK_CAP(2.0%)+MAXLOSS_CAP;213265.50;213274.29;36;0
2026.08.12 04:40:47;XAUUSD;5;1786445836;PROFIT_RATCHET_LOCKED;floor=3.81 peak=8.97;MANAGE_PROFIT;SAFE;1;1;1;-1;-1;4406.96;8.73;8.73;8.97;-3.78;KELLY_LITE;true;0.04;213265.50;0.0417;KELLY_LITE(mult=1.50 taper=1.00 n=20)+HARD_RISK_CAP(2.0%)+MAXLOSS_CAP;213265.50;213274.23;36;0
2026.08.12 04:40:48;XAUUSD;5;1786445836;PROFIT_RATCHET_LOCKED;floor=3.81 peak=8.97;MANAGE_PROFIT;SAFE;1;1;1;-1;-1;4406.96;8.76;8.76;8.97;-3.78;KELLY_LITE;true;0.04;213265.50;0.0417;KELLY_LITE(mult=1.50 taper=1.00 n=20)+HARD_RISK_CAP(2.0%)+MAXLOSS_CAP;213265.50;213274.26;36;0
2026.08.12 04:40:48;XAUUSD;5;1786445836;PROFIT_RATCHET_LOCKED;floor=3.81 peak=8.97;MANAGE_PROFIT;SAFE;1;1;1;-1;-1;4406.96;8.70;8.70;8.97;-3.78;KELLY_LITE;true;0.04;213265.50;0.0417;KELLY_LITE(mult=1.50 taper=1.00 n=20)+HARD_RISK_CAP(2.0%)+MAXLOSS_CAP;213265.50;213274.20;36;0
2026.08.12 04:40:49;XAUUSD;5;1786445836;PROFIT_RATCHET_LOCKED;floor=3.81 peak=8.97;MANAGE_PROFIT;SAFE;1;1;1;-1;-1;4406.96;8.73;8.73;8.97;-3.78;KELLY_LITE;true;0.04;213265.50;0.0417;KELLY_LITE(mult=1.50 taper=1.00 n=20)+HARD_RISK_CAP(2.0%)+MAXLOSS_CAP;213265.50;213274.23;36;0
2026.08.12 04:40:50;XAUUSD;5;1786445836;PROFIT_RATCHET_LOCKED;floor=3.81 peak=8.97;MANAGE_PROFIT;SAFE;1;1;1;-1;-1;4406.96;8.61;8.61;8.97;-3.78;KELLY_LITE;true;0.04;213265.50;0.0417;KELLY_LITE(mult=1.50 taper=1.00 n=20)+HARD_RISK_CAP(2.0%)+MAXLOSS_CAP;213265.50;213274.11;36;0
2026.08.12 04:40:50;XAUUSD;5;1786445836;PROFIT_RATCHET_LOCKED;floor=3.81 peak=8.97;MANAGE_PROFIT;SAFE;1;1;1;-1;-1;4406.96;8.55;8.55;8.97;-3.78;KELLY_LITE;true;0.04;213265.50;0.0417;KELLY_LITE(mult=1.50 taper=1.00 n=20)+HARD_RISK_CAP(2.0%)+MAXLOSS_CAP;213265.50;213274.05;37;0
2026.08.12 04:40:50;XAUUSD;5;1786445836;PROFIT_RATCHET_LOCKED;floor=3.81 peak=8.97;MANAGE_PROFIT;SAFE;1;1;1;-1;-1;4406.96;8.70;8.70;8.97;-3.78;KELLY_LITE;true;0.04;213265.50;0.0417;KELLY_LITE(mult=1.50 taper=1.00 n=20)+HARD_RISK_CAP(2.0%)+MAXLOSS_CAP;213265.50;213274.20;33;0
2026.08.12 04:40:50;XAUUSD;5;1786445836;PROFIT_RATCHET_LOCKED;floor=3.81 peak=8.97;MANAGE_PROFIT;SAFE;1;1;1;-1;-1;4406.96;8.97;8.97;8.97;-3.78;KELLY_LITE;true;0.04;213265.50;0.0417;KELLY_LITE(mult=1.50 taper=1.00 n=20)+HARD_RISK_CAP(2.0%)+MAXLOSS_CAP;213265.50;213274.47;36;0
2026.08.12 04:40:51;XAUUSD;5;1786445836;SL_MODIFIED;ticket=118867404 oldSL=4404.50 newSL=4404.48 reason=break_even_lock_leg_0;MANAGE_PROFIT;SAFE;1;1;1;-1;-1;4406.96;9.00;9.00;9.00;-3.78;KELLY_LITE;true;0.04;213265.50;0.0417;KELLY_LITE(mult=1.50 taper=1.00 n=20)+HARD_RISK_CAP(2.0%)+MAXLOSS_CAP;213265.50;213274.50;36;0
2026.08.12 04:40:51;XAUUSD;5;1786445836;PROFIT_RATCHET_LOCKED;floor=3.83 peak=9.00;MANAGE_PROFIT;SAFE;1;1;1;-1;-1;4406.96;9.00;9.00;9.00;-3.78;KELLY_LITE;true;0.04;213265.50;0.0417;KELLY_LITE(mult=1.50 taper=1.00 n=20)+HARD_RISK_CAP(2.0%)+MAXLOSS_CAP;213265.50;213274.50;36;0
2026.08.12 04:40:51;XAUUSD;5;1786445836;PROFIT_RATCHET_LOCKED;floor=3.84 peak=9.03;MANAGE_PROFIT;SAFE;1;1;1;-1;-1;4406.96;9.03;9.03;9.03;-3.78;KELLY_LITE;true;0.04;213265.50;0.0417;KELLY_LITE(mult=1.50 taper=1.00 n=20)+HARD_RISK_CAP(2.0%)+MAXLOSS_CAP;213265.50;213274.53;36;0
2026.08.12 04:40:52;XAUUSD;5;1786445836;PROFIT_RATCHET_LOCKED;floor=3.84 peak=9.03;MANAGE_PROFIT;SAFE;1;1;1;-1;-1;4406.96;8.76;8.76;9.03;-3.78;KELLY_LITE;true;0.04;213265.50;0.0417;KELLY_LITE(mult=1.50 taper=1.00 n=20)+HARD_RISK_CAP(2.0%)+MAXLOSS_CAP;213265.50;213274.26;36;0
2026.08.12 04:40:53;XAUUSD;5;1786445836;PROFIT_RATCHET_LOCKED;floor=3.84 peak=9.03;MANAGE_PROFIT;SAFE;1;1;1;-1;-1;4406.96;8.82;8.82;9.03;-3.78;KELLY_LITE;true;0.04;213265.50;0.0417;KELLY_LITE(mult=1.50 taper=1.00 n=20)+HARD_RISK_CAP(2.0%)+MAXLOSS_CAP;213265.50;213274.32;36;0
2026.08.12 04:40:53;XAUUSD;5;1786445836;PROFIT_RATCHET_LOCKED;floor=3.84 peak=9.03;MANAGE_PROFIT;SAFE;1;1;1;-1;-1;4406.96;8.91;8.91;9.03;-3.78;KELLY_LITE;true;0.04;213265.50;0.0417;KELLY_LITE(mult=1.50 taper=1.00 n=20)+HARD_RISK_CAP(2.0%)+MAXLOSS_CAP;213265.50;213274.41;36;0
2026.08.12 04:40:53;XAUUSD;5;1786445836;PROFIT_RATCHET_LOCKED;floor=3.84 peak=9.03;MANAGE_PROFIT;SAFE;1;1;1;-1;-1;4406.96;8.94;8.94;9.03;-3.78;KELLY_LITE;true;0.04;213265.50;0.0417;KELLY_LITE(mult=1.50 taper=1.00 n=20)+HARD_RISK_CAP(2.0%)+MAXLOSS_CAP;213265.50;213274.44;36;0
2026.08.12 04:40:54;XAUUSD;5;1786445836;PROFIT_RATCHET_LOCKED;floor=3.84 peak=9.03;MANAGE_PROFIT;SAFE;1;1;1;-1;-1;4406.96;8.88;8.88;9.03;-3.78;KELLY_LITE;true;0.04;213265.50;0.0417;KELLY_LITE(mult=1.50 taper=1.00 n=20)+HARD_RISK_CAP(2.0%)+MAXLOSS_CAP;213265.50;213274.38;36;0
2026.08.12 04:40:54;XAUUSD;5;1786445836;PROFIT_RATCHET_LOCKED;floor=3.84 peak=9.03;MANAGE_PROFIT;SAFE;1;1;1;-1;-1;4406.96;8.76;8.76;9.03;-3.78;KELLY_LITE;true;0.04;213265.50;0.0417;KELLY_LITE(mult=1.50 taper=1.00 n=20)+HARD_RISK_CAP(2.0%)+MAXLOSS_CAP;213265.50;213274.26;36;0
2026.08.12 04:40:55;XAUUSD;5;1786445836;PROFIT_RATCHET_LOCKED;floor=3.84 peak=9.03;MANAGE_PROFIT;SAFE;1;1;1;-1;-1;4406.96;8.73;8.73;9.03;-3.78;KELLY_LITE;true;0.04;213265.50;0.0417;KELLY_LITE(mult=1.50 taper=1.00 n=20)+HARD_RISK_CAP(2.0%)+MAXLOSS_CAP;213265.50;213274.23;36;0
2026.08.12 04:40:55;XAUUSD;5;1786445836;PROFIT_RATCHET_LOCKED;floor=3.84 peak=9.03;MANAGE_PROFIT;SAFE;1;1;1;-1;-1;4406.96;8.70;8.70;9.03;-3.78;KELLY_LITE;true;0.04;213265.50;0.0417;KELLY_LITE(mult=1.50 taper=1.00 n=20)+HARD_RISK_CAP(2.0%)+MAXLOSS_CAP;213265.50;213274.20;36;0
2026.08.12 04:40:56;XAUUSD;5;1786445836;PROFIT_RATCHET_LOCKED;floor=3.84 peak=9.03;MANAGE_PROFIT;SAFE;1;1;1;-1;-1;4406.96;8.76;8.76;9.03;-3.78;KELLY_LITE;true;0.04;213265.50;0.0417;KELLY_LITE(mult=1.50 taper=1.00 n=20)+HARD_RISK_CAP(2.0%)+MAXLOSS_CAP;213265.50;213274.26;36;0
2026.08.12 04:40:56;XAUUSD;5;1786445836;PROFIT_RATCHET_LOCKED;floor=3.84 peak=9.03;MANAGE_PROFIT;SAFE;1;1;1;-1;-1;4406.96;8.91;8.91;9.03;-3.78;KELLY_LITE;true;0.04;213265.50;0.0417;KELLY_LITE(mult=1.50 taper=1.00 n=20)+HARD_RISK_CAP(2.0%)+MAXLOSS_CAP;213265.50;213274.41;36;0
2026.08.12 04:40:57;XAUUSD;5;1786445836;PROFIT_RATCHET_LOCKED;floor=3.84 peak=9.03;MANAGE_PROFIT;SAFE;1;1;1;-1;-1;4406.96;8.97;8.97;9.03;-3.78;KELLY_LITE;true;0.04;213265.50;0.0417;KELLY_LITE(mult=1.50 taper=1.00 n=20)+HARD_RISK_CAP(2.0%)+MAXLOSS_CAP;213265.50;213274.47;36;0
2026.08.12 04:40:57;XAUUSD;5;1786445836;PROFIT_RATCHET_LOCKED;floor=3.84 peak=9.03;MANAGE_PROFIT;SAFE;1;1;1;-1;-1;4406.96;9.00;9.00;9.03;-3.78;KELLY_LITE;true;0.04;213265.50;0.0417;KELLY_LITE(mult=1.50 taper=1.00 n=20)+HARD_RISK_CAP(2.0%)+MAXLOSS_CAP;213265.50;213274.50;36;0
2026.08.12 04:40:58;XAUUSD;5;1786445836;PROFIT_RATCHET_LOCKED;floor=3.84 peak=9.03;MANAGE_PROFIT;SAFE;1;1;1;-1;-1;4406.96;8.97;8.97;9.03;-3.78;KELLY_LITE;true;0.04;213265.50;0.0417;KELLY_LITE(mult=1.50 taper=1.00 n=20)+HARD_RISK_CAP(2.0%)+MAXLOSS_CAP;213265.50;213274.47;36;0
2026.08.12 04:40:59;XAUUSD;5;1786445836;PROFIT_RATCHET_LOCKED;floor=3.84 peak=9.03;MANAGE_PROFIT;SAFE;1;1;1;-1;-1;4406.96;8.82;8.82;9.03;-3.78;KELLY_LITE;true;0.04;213265.50;0.0417;KELLY_LITE(mult=1.50 taper=1.00 n=20)+HARD_RISK_CAP(2.0%)+MAXLOSS_CAP;213265.50;213274.32;36;0
2026.08.12 04:41:00;XAUUSD;5;1786445836;PROFIT_RATCHET_LOCKED;floor=3.84 peak=9.03;MANAGE_PROFIT;SAFE;1;1;1;-1;-1;4406.96;8.76;8.76;9.03;-3.78;KELLY_LITE;true;0.04;213265.50;0.0417;KELLY_LITE(mult=1.50 taper=1.00 n=20)+HARD_RISK_CAP(2.0%)+MAXLOSS_CAP;213265.50;213274.26;36;0
2026.08.12 04:41:00;XAUUSD;5;1786445836;PROFIT_RATCHET_LOCKED;floor=3.84 peak=9.03;MANAGE_PROFIT;SAFE;1;1;1;-1;-1;4406.96;8.64;8.64;9.03;-3.78;KELLY_LITE;true;0.04;213265.50;0.0417;KELLY_LITE(mult=1.50 taper=1.00 n=20)+HARD_RISK_CAP(2.0%)+MAXLOSS_CAP;213265.50;213274.14;36;0
2026.08.12 04:41:00;XAUUSD;5;1786445836;PROFIT_RATCHET_LOCKED;floor=3.84 peak=9.03;MANAGE_PROFIT;SAFE;1;1;1;-1;-1;4406.96;8.76;8.76;9.03;-3.78;KELLY_LITE;true;0.04;213265.50;0.0417;KELLY_LITE(mult=1.50 taper=1.00 n=20)+HARD_RISK_CAP(2.0%)+MAXLOSS_CAP;213265.50;213274.26;36;0
2026.08.12 04:41:00;XAUUSD;5;1786445836;PROFIT_RATCHET_LOCKED;floor=3.84 peak=9.03;MANAGE_PROFIT;SAFE;1;1;1;-1;-1;4406.96;8.85;8.85;9.03;-3.78;KELLY_LITE;true;0.04;213265.50;0.0417;KELLY_LITE(mult=1.50 taper=1.00 n=20)+HARD_RISK_CAP(2.0%)+MAXLOSS_CAP;213265.50;213274.35;36;0
2026.08.12 04:41:00;XAUUSD;5;1786445836;PROFIT_RATCHET_LOCKED;floor=3.84 peak=9.03;MANAGE_PROFIT;SAFE;1;1;1;-1;-1;4406.96;8.91;8.91;9.03;-3.78;KELLY_LITE;true;0.04;213265.50;0.0417;KELLY_LITE(mult=1.50 taper=1.00 n=20)+HARD_RISK_CAP(2.0%)+MAXLOSS_CAP;213265.50;213274.41;36;0
2026.08.12 04:41:01;XAUUSD;5;1786445836;PROFIT_RATCHET_LOCKED;floor=3.84 peak=9.03;MANAGE_PROFIT;SAFE;1;1;1;-1;-1;4406.96;8.88;8.88;9.03;-3.78;KELLY_LITE;true;0.04;213265.50;0.0417;KELLY_LITE(mult=1.50 taper=1.00 n=20)+HARD_RISK_CAP(2.0%)+MAXLOSS_CAP;213265.50;213274.38;36;0
2026.08.12 04:41:01;XAUUSD;5;1786445836;PROFIT_RATCHET_LOCKED;floor=3.84 peak=9.03;MANAGE_PROFIT;SAFE;1;1;1;-1;-1;4406.96;8.85;8.85;9.03;-3.78;KELLY_LITE;true;0.04;213265.50;0.0417;KELLY_LITE(mult=1.50 taper=1.00 n=20)+HARD_RISK_CAP(2.0%)+MAXLOSS_CAP;213265.50;213274.35;36;0
2026.08.12 04:41:02;XAUUSD;5;1786445836;PROFIT_RATCHET_LOCKED;floor=3.84 peak=9.03;MANAGE_PROFIT;SAFE;1;1;1;-1;-1;4406.96;8.82;8.82;9.03;-3.78;KELLY_LITE;true;0.04;213265.50;0.0417;KELLY_LITE(mult=1.50 taper=1.00 n=20)+HARD_RISK_CAP(2.0%)+MAXLOSS_CAP;213265.50;213274.32;36;0
2026.08.12 04:41:02;XAUUSD;5;1786445836;PROFIT_RATCHET_LOCKED;floor=3.84 peak=9.03;MANAGE_PROFIT;SAFE;1;1;1;-1;-1;4406.96;8.76;8.76;9.03;-3.78;KELLY_LITE;true;0.04;213265.50;0.0417;KELLY_LITE(mult=1.50 taper=1.00 n=20)+HARD_RISK_CAP(2.0%)+MAXLOSS_CAP;213265.50;213274.26;36;0
2026.08.12 04:41:02;XAUUSD;5;1786445836;PROFIT_RATCHET_LOCKED;floor=3.84 peak=9.03;MANAGE_PROFIT;SAFE;1;1;1;-1;-1;4406.96;8.73;8.73;9.03;-3.78;KELLY_LITE;true;0.04;213265.50;0.0417;KELLY_LITE(mult=1.50 taper=1.00 n=20)+HARD_RISK_CAP(2.0%)+MAXLOSS_CAP;213265.50;213274.23;37;0
2026.08.12 04:41:05;XAUUSD;5;1786445836;PROFIT_RATCHET_LOCKED;floor=3.84 peak=9.03;MANAGE_PROFIT;SAFE;1;1;1;-1;-1;4406.96;8.97;8.97;9.03;-3.78;KELLY_LITE;true;0.04;213265.50;0.0417;KELLY_LITE(mult=1.50 taper=1.00 n=20)+HARD_RISK_CAP(2.0%)+MAXLOSS_CAP;213265.50;213274.47;36;0
2026.08.12 04:41:05;XAUUSD;5;1786445836;PROFIT_RATCHET_LOCKED;floor=3.84 peak=9.03;MANAGE_PROFIT;SAFE;1;1;1;-1;-1;4406.96;8.88;8.88;9.03;-3.78;KELLY_LITE;true;0.04;213265.50;0.0417;KELLY_LITE(mult=1.50 taper=1.00 n=20)+HARD_RISK_CAP(2.0%)+MAXLOSS_CAP;213265.50;213274.38;36;0
2026.08.12 04:41:06;XAUUSD;5;1786445836;PROFIT_RATCHET_LOCKED;floor=3.84 peak=9.03;MANAGE_PROFIT;SAFE;1;1;1;-1;-1;4406.96;8.94;8.94;9.03;-3.78;KELLY_LITE;true;0.04;213265.50;0.0417;KELLY_LITE(mult=1.50 taper=1.00 n=20)+HARD_RISK_CAP(2.0%)+MAXLOSS_CAP;213265.50;213274.44;36;0
2026.08.12 04:41:06;XAUUSD;5;1786445836;PROFIT_RATCHET_LOCKED;floor=3.84 peak=9.03;MANAGE_PROFIT;SAFE;1;1;1;-1;-1;4406.96;8.97;8.97;9.03;-3.78;KELLY_LITE;true;0.04;213265.50;0.0417;KELLY_LITE(mult=1.50 taper=1.00 n=20)+HARD_RISK_CAP(2.0%)+MAXLOSS_CAP;213265.50;213274.47;36;0
2026.08.12 04:41:07;XAUUSD;5;1786445836;PROFIT_RATCHET_LOCKED;floor=3.84 peak=9.03;MANAGE_PROFIT;SAFE;1;1;1;-1;-1;4406.96;8.94;8.94;9.03;-3.78;KELLY_LITE;true;0.04;213265.50;0.0417;KELLY_LITE(mult=1.50 taper=1.00 n=20)+HARD_RISK_CAP(2.0%)+MAXLOSS_CAP;213265.50;213274.44;36;0
2026.08.12 04:41:08;XAUUSD;5;1786445836;PROFIT_RATCHET_LOCKED;floor=3.84 peak=9.03;MANAGE_PROFIT;SAFE;1;1;1;-1;-1;4406.96;8.91;8.91;9.03;-3.78;KELLY_LITE;true;0.04;213265.50;0.0417;KELLY_LITE(mult=1.50 taper=1.00 n=20)+HARD_RISK_CAP(2.0%)+MAXLOSS_CAP;213265.50;213274.41;36;0
2026.08.12 04:41:08;XAUUSD;5;1786445836;PROFIT_RATCHET_LOCKED;floor=3.84 peak=9.03;MANAGE_PROFIT;SAFE;1;1;1;-1;-1;4406.96;8.64;8.64;9.03;-3.78;KELLY_LITE;true;0.04;213265.50;0.0417;KELLY_LITE(mult=1.50 taper=1.00 n=20)+HARD_RISK_CAP(2.0%)+MAXLOSS_CAP;213265.50;213274.14;37;0
2026.08.12 04:41:09;XAUUSD;5;1786445836;PROFIT_RATCHET_LOCKED;floor=3.84 peak=9.03;MANAGE_PROFIT;SAFE;1;1;1;-1;-1;4406.96;8.61;8.61;9.03;-3.78;KELLY_LITE;true;0.04;213265.50;0.0417;KELLY_LITE(mult=1.50 taper=1.00 n=20)+HARD_RISK_CAP(2.0%)+MAXLOSS_CAP;213265.50;213274.11;37;0
2026.08.12 04:41:09;XAUUSD;5;1786445836;PROFIT_RATCHET_LOCKED;floor=3.84 peak=9.03;MANAGE_PROFIT;SAFE;1;1;1;-1;-1;4406.96;8.67;8.67;9.03;-3.78;KELLY_LITE;true;0.04;213265.50;0.0417;KELLY_LITE(mult=1.50 taper=1.00 n=20)+HARD_RISK_CAP(2.0%)+MAXLOSS_CAP;213265.50;213274.17;36;0
2026.08.12 04:41:09;XAUUSD;5;1786445836;PROFIT_RATCHET_LOCKED;floor=3.84 peak=9.03;MANAGE_PROFIT;SAFE;1;1;1;-1;-1;4406.96;8.64;8.64;9.03;-3.78;KELLY_LITE;true;0.04;213265.50;0.0417;KELLY_LITE(mult=1.50 taper=1.00 n=20)+HARD_RISK_CAP(2.0%)+MAXLOSS_CAP;213265.50;213274.14;36;0
2026.08.12 04:41:11;XAUUSD;5;1786445836;RECONCILED_BROKER_CLOSE;ticket=118867404 type=main pnl=7.44;MANAGE_PROFIT;SAFE;0;1;1;-1;-1;4406.96;0.00;0.00;9.03;-3.78;KELLY_LITE;true;0.04;213265.50;0.0417;KELLY_LITE(mult=1.50 taper=1.00 n=20)+HARD_RISK_CAP(2.0%)+MAXLOSS_CAP;213272.94;213272.94;37;0
2026.08.12 04:41:11;XAUUSD;5;1786445836;PENDING_DELETED;ticket=118867982 reason=main_gone_hedge_pending;WAIT_TRIGGER;SAFE;0;0;1;-1;-1;4406.96;0.00;0.00;9.03;-3.78;KELLY_LITE;true;0.04;213265.50;0.0417;KELLY_LITE(mult=1.50 taper=1.00 n=20)+HARD_RISK_CAP(2.0%)+MAXLOSS_CAP;213272.94;213272.94;36;0
2026.08.12 04:41:11;XAUUSD;5;1786445836;HEDGE_PENDING_CLEANUP;main_position_gone;WAIT_TRIGGER;SAFE;0;0;1;-1;-1;4406.96;0.00;0.00;9.03;-3.78;KELLY_LITE;true;0.04;213265.50;0.0417;KELLY_LITE(mult=1.50 taper=1.00 n=20)+HARD_RISK_CAP(2.0%)+MAXLOSS_CAP;213272.94;213272.94;36;0
2026.08.12 04:41:11;XAUUSD;5;1786445836;CYCLE_RESET;oldState=WAIT_TRIGGER realizedPnL=7.44 peak=9.03 worst=-3.78 pyramid=1 consLosses=0;WAIT_TRIGGER;SAFE;0;0;1;-1;-1;4406.96;0.00;0.00;9.03;-3.78;KELLY_LITE;true;0.04;213265.50;0.0417;KELLY_LITE(mult=1.50 taper=1.00 n=20)+HARD_RISK_CAP(2.0%)+MAXLOSS_CAP;213272.94;213272.94;36;0
2026.08.12 04:46:11;XAUUSD;5;1786445836;FILTER_BLOCK_TREND_DISAGREE;TREND_DISAGREE (main=1 fast=-1 rsi=50.0, no extreme);BLOCKED;SAFE;0;0;0;-1;-1;0.00;0.00;0.00;0.00;0.00;KELLY_LITE;true;0.04;213265.50;0.0417;KELLY_LITE(mult=1.50 taper=1.00 n=20)+HARD_RISK_CAP(2.0%)+MAXLOSS_CAP;213272.94;213272.94;35;0
2026.08.12 04:51:11;XAUUSD;5;1786445836;FILTER_BLOCK_TREND_DISAGREE;TREND_DISAGREE (main=1 fast=-1 rsi=52.1, no extreme);BLOCKED;SAFE;0;0;0;-1;-1;0.00;0.00;0.00;0.00;0.00;KELLY_LITE;true;0.04;213265.50;0.0417;KELLY_LITE(mult=1.50 taper=1.00 n=20)+HARD_RISK_CAP(2.0%)+MAXLOSS_CAP;213272.94;213272.94;36;0
2026.08.12 04:56:14;XAUUSD;5;1786445836;FILTER_BLOCK_TREND_DISAGREE;TREND_DISAGREE (main=1 fast=-1 rsi=50.9, no extreme);BLOCKED;SAFE;0;0;0;-1;-1;0.00;0.00;0.00;0.00;0.00;KELLY_LITE;true;0.04;213265.50;0.0417;KELLY_LITE(mult=1.50 taper=1.00 n=20)+HARD_RISK_CAP(2.0%)+MAXLOSS_CAP;213272.94;213272.94;35;0
2026.08.12 05:01:14;XAUUSD;5;1786445836;FILTER_BLOCK_TREND_DISAGREE;TREND_DISAGREE (main=1 fast=-1 rsi=51.3, no extreme);BLOCKED;SAFE;0;0;0;-1;-1;0.00;0.00;0.00;0.00;0.00;KELLY_LITE;true;0.04;213265.50;0.0417;KELLY_LITE(mult=1.50 taper=1.00 n=20)+HARD_RISK_CAP(2.0%)+MAXLOSS_CAP;213272.94;213272.94;36;0
2026.08.12 05:06:15;XAUUSD;5;1786445836;FILTER_BLOCK_TREND_DISAGREE;TREND_DISAGREE (main=1 fast=-1 rsi=52.9, no extreme);BLOCKED;SAFE;0;0;0;-1;-1;0.00;0.00;0.00;0.00;0.00;KELLY_LITE;true;0.04;213265.50;0.0417;KELLY_LITE(mult=1.50 taper=1.00 n=20)+HARD_RISK_CAP(2.0%)+MAXLOSS_CAP;213272.94;213272.94;36;0
2026.08.12 05:11:16;XAUUSD;5;1786445836;FILTER_BLOCK_TREND_DISAGREE;TREND_DISAGREE (main=1 fast=-1 rsi=46.8, no extreme);BLOCKED;SAFE;0;0;0;-1;-1;0.00;0.00;0.00;0.00;0.00;KELLY_LITE;true;0.04;213265.50;0.0417;KELLY_LITE(mult=1.50 taper=1.00 n=20)+HARD_RISK_CAP(2.0%)+MAXLOSS_CAP;213272.94;213272.94;33;0
2026.08.12 05:16:16;XAUUSD;5;1786445837;PLACE_PENDING_START;cycle=1786445837 trend=1 consecLosses=0 preset=AGGRESSIVE;PLACE_PENDING;SAFE;0;0;0;-1;-1;0.00;0.00;0.00;0.00;0.00;KELLY_LITE;true;0.04;213265.50;0.0417;KELLY_LITE(mult=1.50 taper=1.00 n=20)+HARD_RISK_CAP(2.0%)+MAXLOSS_CAP;213272.94;213272.94;36;0
2026.08.12 05:16:16;XAUUSD;5;1786445837;DIR_OCO_PLACED;dir=BULL ticket=118876244 price=4397.68 sl=4382.68 tp=4420.18 lot=0.04 dist=1.50;PLACE_PENDING;SAFE;0;1;0;118876244;-1;0.00;0.00;0.00;0.00;0.00;KELLY_LITE;true;0.04;213272.94;0.0417;KELLY_LITE(mult=1.50 taper=1.00 n=20)+HARD_RISK_CAP(2.0%)+MAXLOSS_CAP;213272.94;213272.94;36;0
2026.08.12 05:16:17;XAUUSD;5;1786445837;DIR_OCO_COUNTER_PLACED;dir=BEAR(counter) ticket=118876245 price=4394.32 lot=0.03;PLACE_PENDING;SAFE;0;2;0;118876244;118876245;0.00;0.00;0.00;0.00;0.00;KELLY_LITE;true;0.04;213272.94;0.0417;KELLY_LITE(mult=1.50 taper=1.00 n=20)+HARD_RISK_CAP(2.0%)+MAXLOSS_CAP;213272.94;213272.94;36;0
2026.08.12 05:16:19;XAUUSD;5;1786445837;BUY_STOP_TRAILED;Old=4397.68 New=4397.33;WAIT_TRIGGER;SAFE;0;2;0;118876244;118876245;0.00;0.00;0.00;0.00;0.00;KELLY_LITE;true;0.04;213272.94;0.0417;KELLY_LITE(mult=1.50 taper=1.00 n=20)+HARD_RISK_CAP(2.0%)+MAXLOSS_CAP;213272.94;213272.94;33;0
2026.08.12 05:16:46;XAUUSD;5;1786445837;SELL_STOP_TRAILED;Old=4394.32 New=4394.71;WAIT_TRIGGER;SAFE;0;2;0;118876244;118876245;0.00;0.00;0.00;0.00;0.00;KELLY_LITE;true;0.04;213272.94;0.0417;KELLY_LITE(mult=1.50 taper=1.00 n=20)+HARD_RISK_CAP(2.0%)+MAXLOSS_CAP;213272.94;213272.94;36;0
2026.08.12 05:17:02;XAUUSD;5;1786445837;SELL_STOP_TRAILED;Old=4394.71 New=4395.02;WAIT_TRIGGER;SAFE;0;2;0;118876244;118876245;0.00;0.00;0.00;0.00;0.00;KELLY_LITE;true;0.04;213272.94;0.0417;KELLY_LITE(mult=1.50 taper=1.00 n=20)+HARD_RISK_CAP(2.0%)+MAXLOSS_CAP;213272.94;213272.94;36;0
2026.08.12 05:17:23;XAUUSD;5;1786445837;SELL_STOP_TRAILED;Old=4395.02 New=4395.34;WAIT_TRIGGER;SAFE;0;2;0;118876244;118876245;0.00;0.00;0.00;0.00;0.00;KELLY_LITE;true;0.04;213272.94;0.0417;KELLY_LITE(mult=1.50 taper=1.00 n=20)+HARD_RISK_CAP(2.0%)+MAXLOSS_CAP;213272.94;213272.94;36;0
2026.08.12 05:20:41;XAUUSD;5;1786445837;OCO_TRIGGERED_BUY;ticket=118876244 entry=4397.33;POSITION_ACTIVE;SAFE;1;1;0;-1;118876245;0.00;-1.00;-1.00;0.00;0.00;KELLY_LITE;true;0.04;213272.94;0.0417;KELLY_LITE(mult=1.50 taper=1.00 n=20)+HARD_RISK_CAP(2.0%)+MAXLOSS_CAP;213272.94;213271.94;36;0
2026.08.12 05:20:41;XAUUSD;5;1786445837;PENDING_DELETED;ticket=118876245 reason=oco_buy_triggered;POSITION_ACTIVE;SAFE;1;0;0;-1;118876245;0.00;-0.96;-0.96;0.00;0.00;KELLY_LITE;true;0.04;213272.94;0.0417;KELLY_LITE(mult=1.50 taper=1.00 n=20)+HARD_RISK_CAP(2.0%)+MAXLOSS_CAP;213272.94;213271.98;36;0
2026.08.12 05:20:42;XAUUSD;5;1786445837;HEDGE_PENDING_PLACED;dir=SELL_STOP ticket=118877307 price=4394.09 sl=4397.09 lot=0.05 mainEntry=4397.33 dist=3.00 confirmBars=1;POSITION_ACTIVE;SAFE;1;1;1;-1;-1;4397.33;-0.92;-0.92;0.00;-0.96;KELLY_LITE;true;0.04;213272.94;0.0417;KELLY_LITE(mult=1.50 taper=1.00 n=20)+HARD_RISK_CAP(2.0%)+MAXLOSS_CAP;213272.94;213272.02;36;0
2026.08.12 05:34:58;XAUUSD;5;1786445837;SL_MODIFIED;ticket=118876244 oldSL=4385.33 newSL=4398.82 reason=break_even_lock_leg_0;MANAGE_PROFIT;SAFE;1;1;1;-1;-1;4397.33;8.08;8.08;8.04;-1.72;KELLY_LITE;true;0.04;213272.94;0.0417;KELLY_LITE(mult=1.50 taper=1.00 n=20)+HARD_RISK_CAP(2.0%)+MAXLOSS_CAP;213272.94;213281.02;36;0
2026.08.12 05:34:58;XAUUSD;5;1786445837;PROFIT_RATCHET_LOCKED;floor=2.71 peak=8.04;MANAGE_PROFIT;SAFE;1;1;1;-1;-1;4397.33;8.08;8.08;8.04;-1.72;KELLY_LITE;true;0.04;213272.94;0.0417;KELLY_LITE(mult=1.50 taper=1.00 n=20)+HARD_RISK_CAP(2.0%)+MAXLOSS_CAP;213272.94;213281.02;36;0
2026.08.12 05:34:58;XAUUSD;5;1786445837;PROFIT_RATCHET_LOCKED;floor=2.73 peak=8.08;MANAGE_PROFIT;SAFE;1;1;1;-1;-1;4397.33;8.08;8.08;8.08;-1.72;KELLY_LITE;true;0.04;213272.94;0.0417;KELLY_LITE(mult=1.50 taper=1.00 n=20)+HARD_RISK_CAP(2.0%)+MAXLOSS_CAP;213272.94;213281.02;36;0
2026.08.12 05:34:58;XAUUSD;5;1786445837;SL_MODIFIED;ticket=118876244 oldSL=4398.82 newSL=4398.84 reason=break_even_lock_leg_0;MANAGE_PROFIT;SAFE;1;1;1;-1;-1;4397.33;8.12;8.12;8.12;-1.72;KELLY_LITE;true;0.04;213272.94;0.0417;KELLY_LITE(mult=1.50 taper=1.00 n=20)+HARD_RISK_CAP(2.0%)+MAXLOSS_CAP;213272.94;213281.06;36;0
2026.08.12 05:34:58;XAUUSD;5;1786445837;PROFIT_RATCHET_LOCKED;floor=2.74 peak=8.12;MANAGE_PROFIT;SAFE;1;1;1;-1;-1;4397.33;8.12;8.12;8.12;-1.72;KELLY_LITE;true;0.04;213272.94;0.0417;KELLY_LITE(mult=1.50 taper=1.00 n=20)+HARD_RISK_CAP(2.0%)+MAXLOSS_CAP;213272.94;213281.06;36;0
2026.08.12 05:34:59;XAUUSD;5;1786445837;PROFIT_RATCHET_LOCKED;floor=2.74 peak=8.12;MANAGE_PROFIT;SAFE;1;1;1;-1;-1;4397.33;6.76;6.76;8.12;-1.72;KELLY_LITE;true;0.04;213272.94;0.0417;KELLY_LITE(mult=1.50 taper=1.00 n=20)+HARD_RISK_CAP(2.0%)+MAXLOSS_CAP;213272.94;213279.70;37;0
2026.08.12 05:34:59;XAUUSD;5;1786445837;PROFIT_RATCHET_LOCKED;floor=2.74 peak=8.12;MANAGE_PROFIT;SAFE;1;1;1;-1;-1;4397.33;6.44;6.44;8.12;-1.72;KELLY_LITE;true;0.04;213272.94;0.0417;KELLY_LITE(mult=1.50 taper=1.00 n=20)+HARD_RISK_CAP(2.0%)+MAXLOSS_CAP;213272.94;213279.38;36;0
2026.08.12 05:34:59;XAUUSD;5;1786445837;PROFIT_RATCHET_LOCKED;floor=2.74 peak=8.12;MANAGE_PROFIT;SAFE;1;1;1;-1;-1;4397.33;6.40;6.40;8.12;-1.72;KELLY_LITE;true;0.04;213272.94;0.0417;KELLY_LITE(mult=1.50 taper=1.00 n=20)+HARD_RISK_CAP(2.0%)+MAXLOSS_CAP;213272.94;213279.34;36;0
2026.08.12 05:35:00;XAUUSD;5;1786445837;PROFIT_RATCHET_LOCKED;floor=2.74 peak=8.12;MANAGE_PROFIT;SAFE;1;1;1;-1;-1;4397.33;6.44;6.44;8.12;-1.72;KELLY_LITE;true;0.04;213272.94;0.0417;KELLY_LITE(mult=1.50 taper=1.00 n=20)+HARD_RISK_CAP(2.0%)+MAXLOSS_CAP;213272.94;213279.38;36;0
2026.08.12 05:35:01;XAUUSD;5;1786445837;PROFIT_RATCHET_LOCKED;floor=2.74 peak=8.12;MANAGE_PROFIT;SAFE;1;1;1;-1;-1;4397.33;6.48;6.48;8.12;-1.72;KELLY_LITE;true;0.04;213272.94;0.0417;KELLY_LITE(mult=1.50 taper=1.00 n=20)+HARD_RISK_CAP(2.0%)+MAXLOSS_CAP;213272.94;213279.42;36;0
2026.08.12 05:35:01;XAUUSD;5;1786445837;PROFIT_RATCHET_LOCKED;floor=2.74 peak=8.12;MANAGE_PROFIT;SAFE;1;1;1;-1;-1;4397.33;6.28;6.28;8.12;-1.72;KELLY_LITE;true;0.04;213272.94;0.0417;KELLY_LITE(mult=1.50 taper=1.00 n=20)+HARD_RISK_CAP(2.0%)+MAXLOSS_CAP;213272.94;213279.22;35;0
2026.08.12 05:35:01;XAUUSD;5;1786445837;PROFIT_RATCHET_LOCKED;floor=2.74 peak=8.12;MANAGE_PROFIT;SAFE;1;1;1;-1;-1;4397.33;6.24;6.24;8.12;-1.72;KELLY_LITE;true;0.04;213272.94;0.0417;KELLY_LITE(mult=1.50 taper=1.00 n=20)+HARD_RISK_CAP(2.0%)+MAXLOSS_CAP;213272.94;213279.18;36;0
2026.08.12 05:35:01;XAUUSD;5;1786445837;PROFIT_RATCHET_LOCKED;floor=2.74 peak=8.12;MANAGE_PROFIT;SAFE;1;1;1;-1;-1;4397.33;6.28;6.28;8.12;-1.72;KELLY_LITE;true;0.04;213272.94;0.0417;KELLY_LITE(mult=1.50 taper=1.00 n=20)+HARD_RISK_CAP(2.0%)+MAXLOSS_CAP;213272.94;213279.22;36;0
2026.08.12 05:35:01;XAUUSD;5;1786445837;PROFIT_RATCHET_LOCKED;floor=2.74 peak=8.12;MANAGE_PROFIT;SAFE;1;1;1;-1;-1;4397.33;5.68;5.68;8.12;-1.72;KELLY_LITE;true;0.04;213272.94;0.0417;KELLY_LITE(mult=1.50 taper=1.00 n=20)+HARD_RISK_CAP(2.0%)+MAXLOSS_CAP;213272.94;213278.62;36;0
2026.08.12 05:35:02;XAUUSD;5;1786445837;RECONCILED_BROKER_CLOSE;ticket=118876244 type=main pnl=6.04;MANAGE_PROFIT;SAFE;0;1;1;-1;-1;4397.33;0.00;0.00;8.12;-1.72;KELLY_LITE;true;0.04;213272.94;0.0417;KELLY_LITE(mult=1.50 taper=1.00 n=20)+HARD_RISK_CAP(2.0%)+MAXLOSS_CAP;213278.98;213278.98;36;0
2026.08.12 05:35:02;XAUUSD;5;1786445837;PENDING_DELETED;ticket=118877307 reason=main_gone_hedge_pending;WAIT_TRIGGER;SAFE;0;0;1;-1;-1;4397.33;0.00;0.00;8.12;-1.72;KELLY_LITE;true;0.04;213272.94;0.0417;KELLY_LITE(mult=1.50 taper=1.00 n=20)+HARD_RISK_CAP(2.0%)+MAXLOSS_CAP;213278.98;213278.98;36;0
2026.08.12 05:35:02;XAUUSD;5;1786445837;HEDGE_PENDING_CLEANUP;main_position_gone;WAIT_TRIGGER;SAFE;0;0;1;-1;-1;4397.33;0.00;0.00;8.12;-1.72;KELLY_LITE;true;0.04;213272.94;0.0417;KELLY_LITE(mult=1.50 taper=1.00 n=20)+HARD_RISK_CAP(2.0%)+MAXLOSS_CAP;213278.98;213278.98;36;0
2026.08.12 05:35:02;XAUUSD;5;1786445837;CYCLE_RESET;oldState=WAIT_TRIGGER realizedPnL=6.04 peak=8.12 worst=-1.72 pyramid=1 consLosses=0;WAIT_TRIGGER;SAFE;0;0;1;-1;-1;4397.33;0.00;0.00;8.12;-1.72;KELLY_LITE;true;0.04;213272.94;0.0417;KELLY_LITE(mult=1.50 taper=1.00 n=20)+HARD_RISK_CAP(2.0%)+MAXLOSS_CAP;213278.98;213278.98;36;0
2026.08.12 05:40:02;XAUUSD;5;1786445837;FILTER_BLOCK_TREND_DISAGREE;TREND_DISAGREE (main=1 fast=-1 rsi=46.5, no extreme);BLOCKED;SAFE;0;0;0;-1;-1;0.00;0.00;0.00;0.00;0.00;KELLY_LITE;true;0.04;213272.94;0.0417;KELLY_LITE(mult=1.50 taper=1.00 n=20)+HARD_RISK_CAP(2.0%)+MAXLOSS_CAP;213278.98;213278.98;36;0
2026.08.12 05:45:02;XAUUSD;5;1786445837;FILTER_BLOCK_TREND_DISAGREE;TREND_DISAGREE (main=1 fast=-1 rsi=49.1, no extreme);BLOCKED;SAFE;0;0;0;-1;-1;0.00;0.00;0.00;0.00;0.00;KELLY_LITE;true;0.04;213272.94;0.0417;KELLY_LITE(mult=1.50 taper=1.00 n=20)+HARD_RISK_CAP(2.0%)+MAXLOSS_CAP;213278.98;213278.98;36;0
2026.08.12 05:50:02;XAUUSD;5;1786445838;PLACE_PENDING_START;cycle=1786445838 trend=1 consecLosses=0 preset=AGGRESSIVE;PLACE_PENDING;SAFE;0;0;0;-1;-1;0.00;0.00;0.00;0.00;0.00;KELLY_LITE;true;0.04;213272.94;0.0417;KELLY_LITE(mult=1.50 taper=1.00 n=20)+HARD_RISK_CAP(2.0%)+MAXLOSS_CAP;213278.98;213278.98;36;0
2026.08.12 05:50:02;XAUUSD;5;1786445838;DIR_OCO_PLACED;dir=BULL ticket=118884034 price=4403.30 sl=4388.30 tp=4425.80 lot=0.04 dist=1.50;PLACE_PENDING;SAFE;0;1;0;118884034;-1;0.00;0.00;0.00;0.00;0.00;KELLY_LITE;true;0.04;213278.98;0.0417;KELLY_LITE(mult=1.50 taper=1.00 n=20)+HARD_RISK_CAP(2.0%)+MAXLOSS_CAP;213278.98;213278.98;36;0
2026.08.12 05:50:03;XAUUSD;5;1786445838;DIR_OCO_COUNTER_PLACED;dir=BEAR(counter) ticket=118884038 price=4400.00 lot=0.03;PLACE_PENDING;SAFE;0;2;0;118884034;118884038;0.00;0.00;0.00;0.00;0.00;KELLY_LITE;true;0.04;213278.98;0.0417;KELLY_LITE(mult=1.50 taper=1.00 n=20)+HARD_RISK_CAP(2.0%)+MAXLOSS_CAP;213278.98;213278.98;36;0
2026.08.12 05:50:59;XAUUSD;5;1786445838;BUY_STOP_TRAILED;Old=4403.30 New=4402.95;WAIT_TRIGGER;SAFE;0;2;0;118884034;118884038;0.00;0.00;0.00;0.00;0.00;KELLY_LITE;true;0.04;213278.98;0.0417;KELLY_LITE(mult=1.50 taper=1.00 n=20)+HARD_RISK_CAP(2.0%)+MAXLOSS_CAP;213278.98;213278.98;36;0
2026.08.12 05:51:10;XAUUSD;5;1786445838;BUY_STOP_TRAILED;Old=4402.95 New=4402.58;WAIT_TRIGGER;SAFE;0;2;0;118884034;118884038;0.00;0.00;0.00;0.00;0.00;KELLY_LITE;true;0.04;213278.98;0.0417;KELLY_LITE(mult=1.50 taper=1.00 n=20)+HARD_RISK_CAP(2.0%)+MAXLOSS_CAP;213278.98;213278.98;36;0
2026.08.12 05:52:56;XAUUSD;5;1786445838;BUY_STOP_TRAILED;Old=4402.58 New=4402.08;WAIT_TRIGGER;SAFE;0;2;0;118884034;118884038;0.00;0.00;0.00;0.00;0.00;KELLY_LITE;true;0.04;213278.98;0.0417;KELLY_LITE(mult=1.50 taper=1.00 n=20)+HARD_RISK_CAP(2.0%)+MAXLOSS_CAP;213278.98;213278.98;36;0
2026.08.12 05:54:05;XAUUSD;5;1786445838;OCO_TRIGGERED_SELL;ticket=118884038 entry=4400.00;POSITION_ACTIVE;SAFE;1;1;0;118884034;-1;0.00;-0.99;-0.99;0.00;0.00;KELLY_LITE;true;0.04;213278.98;0.0417;KELLY_LITE(mult=1.50 taper=1.00 n=20)+HARD_RISK_CAP(2.0%)+MAXLOSS_CAP;213278.98;213277.99;36;0
2026.08.12 05:54:06;XAUUSD;5;1786445838;PENDING_DELETED;ticket=118884034 reason=oco_sell_triggered;POSITION_ACTIVE;SAFE;1;0;0;118884034;-1;0.00;-1.29;-1.29;0.00;0.00;KELLY_LITE;true;0.04;213278.98;0.0417;KELLY_LITE(mult=1.50 taper=1.00 n=20)+HARD_RISK_CAP(2.0%)+MAXLOSS_CAP;213278.98;213277.69;36;0
2026.08.12 05:54:06;XAUUSD;5;1786445838;HEDGE_PENDING_PLACED;dir=BUY_STOP ticket=118884615 price=4403.43 sl=4400.43 lot=0.05 mainEntry=4400.00 dist=3.00 confirmBars=1;POSITION_ACTIVE;SAFE;1;1;1;-1;-1;4400.00;-1.20;-1.20;0.00;-1.29;KELLY_LITE;true;0.04;213278.98;0.0417;KELLY_LITE(mult=1.50 taper=1.00 n=20)+HARD_RISK_CAP(2.0%)+MAXLOSS_CAP;213278.98;213277.78;36;0
2026.08.12 06:08:19;XAUUSD;5;1786445838;POSITION_CLOSED;ticket=118884615 reason=hedge_reversal_giveback_cap lots=0.05 price=4403.33 pnl=-0.50;MANAGE_PROFIT;SAFE;1;0;1;-1;-1;4400.00;-11.01;-11.01;1.53;-11.99;KELLY_LITE;true;0.04;213278.98;0.0417;KELLY_LITE(mult=1.50 taper=1.00 n=20)+HARD_RISK_CAP(2.0%)+MAXLOSS_CAP;213278.38;213267.37;36;0
2026.08.12 06:08:19;XAUUSD;5;1786445838;HEDGE_CLOSED_REVERSAL;profit=-0.50 peak=1.05 giveback=1.55 cap=1.50 reason=giveback_cap ok=1;MANAGE_PROFIT;SAFE;1;0;1;-1;-1;4400.00;-11.01;-11.01;1.53;-11.99;KELLY_LITE;true;0.04;213278.98;0.0417;KELLY_LITE(mult=1.50 taper=1.00 n=20)+HARD_RISK_CAP(2.0%)+MAXLOSS_CAP;213278.38;213267.37;36;0
2026.08.12 06:11:19;XAUUSD;5;1786445838;EXIT_TIME_LOSS;held=17 profit=-15.06;MANAGE_PROFIT;SAFE;1;0;1;-1;-1;4400.00;-15.06;-15.06;1.53;-15.06;KELLY_LITE;true;0.04;213278.98;0.0417;KELLY_LITE(mult=1.50 taper=1.00 n=20)+HARD_RISK_CAP(2.0%)+MAXLOSS_CAP;213278.38;213263.32;36;0
2026.08.12 06:11:20;XAUUSD;5;1786445838;POSITION_CLOSED;ticket=118884038 reason=time_loss_exit lots=0.03 price=4405.02 pnl=-15.06;MANAGE_PROFIT;SAFE;0;0;1;-1;-1;4400.00;0.00;0.00;1.53;-15.06;KELLY_LITE;true;0.04;213278.98;0.0417;KELLY_LITE(mult=1.50 taper=1.00 n=20)+HARD_RISK_CAP(2.0%)+MAXLOSS_CAP;213263.32;213263.32;36;0
2026.08.12 06:11:20;XAUUSD;5;1786445838;CYCLE_RESET;oldState=RESET realizedPnL=-15.66 peak=1.53 worst=-15.06 pyramid=0 consLosses=1;RESET;SAFE;0;0;0;-1;-1;4400.00;0.00;0.00;1.53;-15.06;KELLY_LITE;true;0.04;213278.98;0.0417;KELLY_LITE(mult=1.50 taper=1.00 n=20)+HARD_RISK_CAP(2.0%)+MAXLOSS_CAP;213263.32;213263.32;36;0
2026.08.12 06:16:20;XAUUSD;5;1786445839;PLACE_PENDING_START;cycle=1786445839 trend=1 consecLosses=1 preset=AGGRESSIVE;PLACE_PENDING;SAFE;0;0;0;-1;-1;0.00;0.00;0.00;0.00;0.00;KELLY_LITE;true;0.04;213278.98;0.0417;KELLY_LITE(mult=1.50 taper=1.00 n=20)+HARD_RISK_CAP(2.0%)+MAXLOSS_CAP;213263.32;213263.32;36;0
2026.08.12 06:16:21;XAUUSD;5;1786445839;DIR_OCO_PLACED;dir=BULL ticket=118890083 price=4400.48 sl=4385.48 tp=4422.98 lot=0.04 dist=1.50;PLACE_PENDING;SAFE;0;1;0;118890083;-1;0.00;0.00;0.00;0.00;0.00;KELLY_LITE;true;0.04;213263.32;0.0417;KELLY_LITE(mult=1.40 taper=1.00 n=20)+HARD_RISK_CAP(2.0%)+MAXLOSS_CAP;213263.32;213263.32;36;0
2026.08.12 06:16:21;XAUUSD;5;1786445839;DIR_OCO_COUNTER_PLACED;dir=BEAR(counter) ticket=118890086 price=4397.12 lot=0.03;PLACE_PENDING;SAFE;0;2;0;118890083;118890086;0.00;0.00;0.00;0.00;0.00;KELLY_LITE;true;0.04;213263.32;0.0417;KELLY_LITE(mult=1.40 taper=1.00 n=20)+HARD_RISK_CAP(2.0%)+MAXLOSS_CAP;213263.32;213263.32;36;0
2026.08.12 06:16:49;XAUUSD;5;1786445839;BUY_STOP_TRAILED;Old=4400.48 New=4400.16;WAIT_TRIGGER;SAFE;0;2;0;118890083;118890086;0.00;0.00;0.00;0.00;0.00;KELLY_LITE;true;0.04;213263.32;0.0417;KELLY_LITE(mult=1.40 taper=1.00 n=20)+HARD_RISK_CAP(2.0%)+MAXLOSS_CAP;213263.32;213263.32;34;0
2026.08.12 06:17:21;XAUUSD;5;1786445839;BUY_STOP_TRAILED;Old=4400.16 New=4399.85;WAIT_TRIGGER;SAFE;0;2;0;118890083;118890086;0.00;0.00;0.00;0.00;0.00;KELLY_LITE;true;0.04;213263.32;0.0417;KELLY_LITE(mult=1.40 taper=1.00 n=20)+HARD_RISK_CAP(2.0%)+MAXLOSS_CAP;213263.32;213263.32;36;0
2026.08.12 06:18:28;XAUUSD;5;1786445839;BUY_STOP_TRAILED;Old=4399.85 New=4399.40;WAIT_TRIGGER;SAFE;0;2;0;118890083;118890086;0.00;0.00;0.00;0.00;0.00;KELLY_LITE;true;0.04;213263.32;0.0417;KELLY_LITE(mult=1.40 taper=1.00 n=20)+HARD_RISK_CAP(2.0%)+MAXLOSS_CAP;213263.32;213263.32;36;0
2026.08.12 06:18:31;XAUUSD;5;1786445839;BUY_STOP_TRAILED;Old=4399.40 New=4399.00;WAIT_TRIGGER;SAFE;1;1;0;118890083;118890086;0.00;-1.44;-1.44;0.00;0.00;KELLY_LITE;true;0.04;213263.32;0.0417;KELLY_LITE(mult=1.40 taper=1.00 n=20)+HARD_RISK_CAP(2.0%)+MAXLOSS_CAP;213263.32;213261.88;36;0
2026.08.12 06:18:31;XAUUSD;5;1786445839;OCO_TRIGGERED_SELL;ticket=118890086 entry=4397.12;POSITION_ACTIVE;SAFE;1;1;0;118890083;-1;0.00;-1.44;-1.44;0.00;0.00;KELLY_LITE;true;0.04;213263.32;0.0417;KELLY_LITE(mult=1.40 taper=1.00 n=20)+HARD_RISK_CAP(2.0%)+MAXLOSS_CAP;213263.32;213261.88;36;0
2026.08.12 06:18:32;XAUUSD;5;1786445839;PENDING_DELETED;ticket=118890083 reason=oco_sell_triggered;POSITION_ACTIVE;SAFE;1;0;0;118890083;-1;0.00;-1.50;-1.50;0.00;0.00;KELLY_LITE;true;0.04;213263.32;0.0417;KELLY_LITE(mult=1.40 taper=1.00 n=20)+HARD_RISK_CAP(2.0%)+MAXLOSS_CAP;213263.32;213261.82;36;0
2026.08.12 06:18:32;XAUUSD;5;1786445839;HEDGE_PENDING_PLACED;dir=BUY_STOP ticket=118890479 price=4400.62 sl=4397.62 lot=0.05 mainEntry=4397.12 dist=3.00 confirmBars=1;POSITION_ACTIVE;SAFE;1;1;1;-1;-1;4397.12;-1.05;-1.05;0.00;-1.50;KELLY_LITE;true;0.04;213263.32;0.0417;KELLY_LITE(mult=1.40 taper=1.00 n=20)+HARD_RISK_CAP(2.0%)+MAXLOSS_CAP;213263.32;213262.27;36;0
2026.08.12 06:22:39;XAUUSD;5;1786445839;SL_MODIFIED;ticket=118890086 oldSL=4412.12 newSL=4395.32 reason=break_even_lock_leg_0 (retry buf=8pt);MANAGE_PROFIT;SAFE;1;1;1;-1;-1;4397.12;7.14;7.14;8.22;-6.72;KELLY_LITE;true;0.04;213263.32;0.0417;KELLY_LITE(mult=1.40 taper=1.00 n=20)+HARD_RISK_CAP(2.0%)+MAXLOSS_CAP;213263.32;213270.46;36;0
2026.08.12 06:22:39;XAUUSD;5;1786445839;PROFIT_RATCHET_LOCKED;floor=3.49 peak=8.22;MANAGE_PROFIT;SAFE;1;1;1;-1;-1;4397.12;7.14;7.14;8.22;-6.72;KELLY_LITE;true;0.04;213263.32;0.0417;KELLY_LITE(mult=1.40 taper=1.00 n=20)+HARD_RISK_CAP(2.0%)+MAXLOSS_CAP;213263.32;213270.46;36;0
2026.08.12 06:22:40;XAUUSD;5;1786445839;SL_MODIFY_FAILED;ticket=118890086 newSL=4395.26 reason=break_even_lock_leg_0 err=0;MANAGE_PROFIT;SAFE;1;1;1;-1;-1;4397.12;6.24;6.24;8.22;-6.72;KELLY_LITE;true;0.04;213263.32;0.0417;KELLY_LITE(mult=1.40 taper=1.00 n=20)+HARD_RISK_CAP(2.0%)+MAXLOSS_CAP;213263.32;213269.56;34;0
2026.08.12 06:22:40;XAUUSD;5;1786445839;PROFIT_RATCHET_LOCKED;floor=3.49 peak=8.22;MANAGE_PROFIT;SAFE;1;1;1;-1;-1;4397.12;6.24;6.24;8.22;-6.72;KELLY_LITE;true;0.04;213263.32;0.0417;KELLY_LITE(mult=1.40 taper=1.00 n=20)+HARD_RISK_CAP(2.0%)+MAXLOSS_CAP;213263.32;213269.56;34;0
2026.08.12 06:22:40;XAUUSD;5;1786445839;EXIT_TIERED_TRAIL;profit=6.24 peak=8.22 allowedRetrace=1.23;MANAGE_PROFIT;SAFE;1;1;1;-1;-1;4397.12;6.24;6.24;8.22;-6.72;KELLY_LITE;true;0.04;213263.32;0.0417;KELLY_LITE(mult=1.40 taper=1.00 n=20)+HARD_RISK_CAP(2.0%)+MAXLOSS_CAP;213263.32;213269.56;34;0
2026.08.12 06:22:40;XAUUSD;5;1786445839;POSITION_CLOSED;ticket=118890086 reason=tiered_profit_trail lots=0.03 price=4395.04 pnl=6.24;MANAGE_PROFIT;SAFE;0;1;1;-1;-1;4397.12;0.00;0.00;8.22;-6.72;KELLY_LITE;true;0.04;213263.32;0.0417;KELLY_LITE(mult=1.40 taper=1.00 n=20)+HARD_RISK_CAP(2.0%)+MAXLOSS_CAP;213269.74;213269.74;36;0
2026.08.12 06:22:41;XAUUSD;5;1786445839;PENDING_DELETED;ticket=118890479 reason=close_all_hedge;MANAGE_PROFIT;SAFE;0;0;0;-1;-1;4397.12;0.00;0.00;8.22;-6.72;KELLY_LITE;true;0.04;213263.32;0.0417;KELLY_LITE(mult=1.40 taper=1.00 n=20)+HARD_RISK_CAP(2.0%)+MAXLOSS_CAP;213269.74;213269.74;36;0
2026.08.12 06:22:41;XAUUSD;5;1786445839;CYCLE_RESET;oldState=RESET realizedPnL=6.42 peak=8.22 worst=-6.72 pyramid=0 consLosses=0;RESET;SAFE;0;0;0;-1;-1;4397.12;0.00;0.00;8.22;-6.72;KELLY_LITE;true;0.04;213263.32;0.0417;KELLY_LITE(mult=1.40 taper=1.00 n=20)+HARD_RISK_CAP(2.0%)+MAXLOSS_CAP;213269.74;213269.74;36;0
2026.08.12 06:27:41;XAUUSD;5;1786445840;PLACE_PENDING_START;cycle=1786445840 trend=1 consecLosses=0 preset=AGGRESSIVE;PLACE_PENDING;SAFE;0;0;0;-1;-1;0.00;0.00;0.00;0.00;0.00;KELLY_LITE;true;0.04;213263.32;0.0417;KELLY_LITE(mult=1.40 taper=1.00 n=20)+HARD_RISK_CAP(2.0%)+MAXLOSS_CAP;213269.74;213269.74;36;0
2026.08.12 06:27:41;XAUUSD;5;1786445840;DIR_OCO_PLACED;dir=BULL ticket=118893898 price=4396.64 sl=4381.64 tp=4419.14 lot=0.04 dist=1.50;PLACE_PENDING;SAFE;0;1;0;118893898;-1;0.00;0.00;0.00;0.00;0.00;KELLY_LITE;true;0.04;213269.74;0.0417;KELLY_LITE(mult=1.50 taper=1.00 n=20)+HARD_RISK_CAP(2.0%)+MAXLOSS_CAP;213269.74;213269.74;36;0
2026.08.12 06:27:41;XAUUSD;5;1786445840;DIR_OCO_COUNTER_PLACED;dir=BEAR(counter) ticket=118893900 price=4393.30 lot=0.03;PLACE_PENDING;SAFE;0;2;0;118893898;118893900;0.00;0.00;0.00;0.00;0.00;KELLY_LITE;true;0.04;213269.74;0.0417;KELLY_LITE(mult=1.50 taper=1.00 n=20)+HARD_RISK_CAP(2.0%)+MAXLOSS_CAP;213269.74;213269.74;36;0
2026.08.12 06:27:52;XAUUSD;5;1786445840;BUY_STOP_TRAILED;Old=4396.64 New=4396.32;WAIT_TRIGGER;SAFE;0;2;0;118893898;118893900;0.00;0.00;0.00;0.00;0.00;KELLY_LITE;true;0.04;213269.74;0.0417;KELLY_LITE(mult=1.50 taper=1.00 n=20)+HARD_RISK_CAP(2.0%)+MAXLOSS_CAP;213269.74;213269.74;36;0
2026.08.12 06:28:21;XAUUSD;5;1786445840;BUY_STOP_TRAILED;Old=4396.32 New=4395.86;WAIT_TRIGGER;SAFE;0;2;0;118893898;118893900;0.00;0.00;0.00;0.00;0.00;KELLY_LITE;true;0.04;213269.74;0.0417;KELLY_LITE(mult=1.50 taper=1.00 n=20)+HARD_RISK_CAP(2.0%)+MAXLOSS_CAP;213269.74;213269.74;36;0
2026.08.12 06:28:26;XAUUSD;5;1786445840;BUY_STOP_TRAILED;Old=4395.86 New=4395.50;WAIT_TRIGGER;SAFE;0;2;0;118893898;118893900;0.00;0.00;0.00;0.00;0.00;KELLY_LITE;true;0.04;213269.74;0.0417;KELLY_LITE(mult=1.50 taper=1.00 n=20)+HARD_RISK_CAP(2.0%)+MAXLOSS_CAP;213269.74;213269.74;36;0
2026.08.12 06:29:01;XAUUSD;5;1786445840;OCO_TRIGGERED_SELL;ticket=118893900 entry=4393.30;POSITION_ACTIVE;SAFE;1;1;0;118893898;-1;0.00;-0.90;-0.90;0.00;0.00;KELLY_LITE;true;0.04;213269.74;0.0417;KELLY_LITE(mult=1.50 taper=1.00 n=20)+HARD_RISK_CAP(2.0%)+MAXLOSS_CAP;213269.74;213268.84;36;0
2026.08.12 06:29:02;XAUUSD;5;1786445840;PENDING_DELETED;ticket=118893898 reason=oco_sell_triggered;POSITION_ACTIVE;SAFE;1;0;0;118893898;-1;0.00;-1.53;-1.53;0.00;0.00;KELLY_LITE;true;0.04;213269.74;0.0417;KELLY_LITE(mult=1.50 taper=1.00 n=20)+HARD_RISK_CAP(2.0%)+MAXLOSS_CAP;213269.74;213268.21;37;0
2026.08.12 06:29:02;XAUUSD;5;1786445840;HEDGE_PENDING_PLACED;dir=BUY_STOP ticket=118894472 price=4396.81 sl=4393.81 lot=0.05 mainEntry=4393.30 dist=3.00 confirmBars=1;POSITION_ACTIVE;SAFE;1;1;1;-1;-1;4393.30;-1.80;-1.80;0.00;-1.53;KELLY_LITE;true;0.04;213269.74;0.0417;KELLY_LITE(mult=1.50 taper=1.00 n=20)+HARD_RISK_CAP(2.0%)+MAXLOSS_CAP;213269.74;213267.94;36;0
2026.08.12 06:30:03;XAUUSD;5;1786445840;SL_MODIFIED;ticket=118893900 oldSL=4408.30 newSL=4391.00 reason=break_even_lock_leg_0 (retry buf=3pt);MANAGE_PROFIT;SAFE;1;1;1;-1;-1;4393.30;10.17;11.19;8.46;-2.91;KELLY_LITE;true;0.04;213269.74;0.0417;KELLY_LITE(mult=1.50 taper=1.00 n=20)+HARD_RISK_CAP(2.0%)+MAXLOSS_CAP;213269.74;213279.91;37;0
2026.08.12 06:30:03;XAUUSD;5;1786445840;PROFIT_RATCHET_LOCKED;floor=3.60 peak=8.46;MANAGE_PROFIT;SAFE;1;1;1;-1;-1;4393.30;10.17;11.19;8.46;-2.91;KELLY_LITE;true;0.04;213269.74;0.0417;KELLY_LITE(mult=1.50 taper=1.00 n=20)+HARD_RISK_CAP(2.0%)+MAXLOSS_CAP;213269.74;213279.91;37;0
2026.08.12 06:30:03;XAUUSD;5;1786445840;SL_MODIFY_FAILED;ticket=118893900 newSL=4390.09 reason=break_even_lock_leg_0 err=130;MANAGE_PROFIT;SAFE;1;1;1;-1;-1;4393.30;9.84;9.84;10.17;-2.91;KELLY_LITE;true;0.04;213269.74;0.0417;KELLY_LITE(mult=1.50 taper=1.00 n=20)+HARD_RISK_CAP(2.0%)+MAXLOSS_CAP;213269.74;213279.58;36;0
2026.08.12 06:30:03;XAUUSD;5;1786445840;PROFIT_RATCHET_LOCKED;floor=4.32 peak=10.17;MANAGE_PROFIT;SAFE;1;1;1;-1;-1;4393.30;9.84;9.84;10.17;-2.91;KELLY_LITE;true;0.04;213269.74;0.0417;KELLY_LITE(mult=1.50 taper=1.00 n=20)+HARD_RISK_CAP(2.0%)+MAXLOSS_CAP;213269.74;213279.58;36;0
2026.08.12 06:30:04;XAUUSD;5;1786445840;SL_MODIFIED;ticket=118893900 oldSL=4391.00 newSL=4390.99 reason=break_even_lock_leg_0 (retry buf=3pt);MANAGE_PROFIT;SAFE;1;1;1;-1;-1;4393.30;9.42;9.42;10.17;-2.91;KELLY_LITE;true;0.04;213269.74;0.0417;KELLY_LITE(mult=1.50 taper=1.00 n=20)+HARD_RISK_CAP(2.0%)+MAXLOSS_CAP;213269.74;213279.16;36;0
2026.08.12 06:30:04;XAUUSD;5;1786445840;PROFIT_RATCHET_LOCKED;floor=4.32 peak=10.17;MANAGE_PROFIT;SAFE;1;1;1;-1;-1;4393.30;9.42;9.42;10.17;-2.91;KELLY_LITE;true;0.04;213269.74;0.0417;KELLY_LITE(mult=1.50 taper=1.00 n=20)+HARD_RISK_CAP(2.0%)+MAXLOSS_CAP;213269.74;213279.16;36;0
2026.08.12 06:30:05;XAUUSD;5;1786445840;PROFIT_RATCHET_LOCKED;floor=4.32 peak=10.17;MANAGE_PROFIT;SAFE;1;1;1;-1;-1;4393.30;7.29;7.29;10.17;-2.91;KELLY_LITE;true;0.04;213269.74;0.0417;KELLY_LITE(mult=1.50 taper=1.00 n=20)+HARD_RISK_CAP(2.0%)+MAXLOSS_CAP;213269.74;213277.03;33;0
2026.08.12 06:30:05;XAUUSD;5;1786445840;EXIT_TIERED_TRAIL;profit=7.29 peak=10.17 allowedRetrace=1.53;MANAGE_PROFIT;SAFE;1;1;1;-1;-1;4393.30;7.29;7.29;10.17;-2.91;KELLY_LITE;true;0.04;213269.74;0.0417;KELLY_LITE(mult=1.50 taper=1.00 n=20)+HARD_RISK_CAP(2.0%)+MAXLOSS_CAP;213269.74;213277.03;33;0
2026.08.12 06:30:06;XAUUSD;5;1786445840;PENDING_DELETED;ticket=118894472 reason=close_all_hedge;MANAGE_PROFIT;SAFE;0;0;0;-1;-1;4393.30;0.00;0.00;10.17;-2.91;KELLY_LITE;true;0.04;213269.74;0.0417;KELLY_LITE(mult=1.50 taper=1.00 n=20)+HARD_RISK_CAP(2.0%)+MAXLOSS_CAP;213276.67;213276.67;33;0
2026.08.12 06:30:06;XAUUSD;5;1786445840;TRADELOG_RECOVER_CLOSE;ticket=118893900 type=main pnl=6.93;RESET;SAFE;0;0;0;-1;-1;4393.30;0.00;0.00;10.17;-2.91;KELLY_LITE;true;0.04;213269.74;0.0417;KELLY_LITE(mult=1.50 taper=1.00 n=20)+HARD_RISK_CAP(2.0%)+MAXLOSS_CAP;213276.67;213276.67;33;0
2026.08.12 06:30:06;XAUUSD;5;1786445840;CYCLE_RESET;oldState=RESET realizedPnL=6.93 peak=10.17 worst=-2.91 pyramid=0 consLosses=0;RESET;SAFE;0;0;0;-1;-1;4393.30;0.00;0.00;10.17;-2.91;KELLY_LITE;true;0.04;213269.74;0.0417;KELLY_LITE(mult=1.50 taper=1.00 n=20)+HARD_RISK_CAP(2.0%)+MAXLOSS_CAP;213276.67;213276.67;33;0
2026.08.12 06:35:06;XAUUSD;5;1786445841;PLACE_PENDING_START;cycle=1786445841 trend=1 consecLosses=0 preset=AGGRESSIVE;PLACE_PENDING;SAFE;0;0;0;-1;-1;0.00;0.00;0.00;0.00;0.00;KELLY_LITE;true;0.04;213269.74;0.0417;KELLY_LITE(mult=1.50 taper=1.00 n=20)+HARD_RISK_CAP(2.0%)+MAXLOSS_CAP;213276.67;213276.67;36;0
2026.08.12 06:35:06;XAUUSD;5;1786445841;DIR_OCO_PLACED;dir=BULL ticket=118897290 price=4393.55 sl=4378.55 tp=4416.05 lot=0.04 dist=1.50;PLACE_PENDING;SAFE;0;1;0;118897290;-1;0.00;0.00;0.00;0.00;0.00;KELLY_LITE;true;0.04;213276.67;0.0417;KELLY_LITE(mult=1.50 taper=1.00 n=20)+HARD_RISK_CAP(2.0%)+MAXLOSS_CAP;213276.67;213276.67;33;0
2026.08.12 06:35:07;XAUUSD;5;1786445841;DIR_OCO_COUNTER_PLACED;dir=BEAR(counter) ticket=118897297 price=4390.50 lot=0.03;PLACE_PENDING;SAFE;0;2;0;118897290;118897297;0.00;0.00;0.00;0.00;0.00;KELLY_LITE;true;0.04;213276.67;0.0417;KELLY_LITE(mult=1.50 taper=1.00 n=20)+HARD_RISK_CAP(2.0%)+MAXLOSS_CAP;213276.67;213276.67;36;0
2026.08.12 06:35:12;XAUUSD;5;1786445841;BUY_STOP_TRAILED;Old=4393.55 New=4393.18;WAIT_TRIGGER;SAFE;0;2;0;118897290;118897297;0.00;0.00;0.00;0.00;0.00;KELLY_LITE;true;0.04;213276.67;0.0417;KELLY_LITE(mult=1.50 taper=1.00 n=20)+HARD_RISK_CAP(2.0%)+MAXLOSS_CAP;213276.67;213276.67;36;0
2026.08.12 06:35:17;XAUUSD;5;1786445841;BUY_STOP_TRAILED;Old=4393.18 New=4392.84;WAIT_TRIGGER;SAFE;0;2;0;118897290;118897297;0.00;0.00;0.00;0.00;0.00;KELLY_LITE;true;0.04;213276.67;0.0417;KELLY_LITE(mult=1.50 taper=1.00 n=20)+HARD_RISK_CAP(2.0%)+MAXLOSS_CAP;213276.67;213276.67;36;0
2026.08.12 06:35:21;XAUUSD;5;1786445841;SELL_STOP_TRAILED;Old=4390.50 New=4390.84;WAIT_TRIGGER;SAFE;0;2;0;118897290;118897297;0.00;0.00;0.00;0.00;0.00;KELLY_LITE;true;0.04;213276.67;0.0417;KELLY_LITE(mult=1.50 taper=1.00 n=20)+HARD_RISK_CAP(2.0%)+MAXLOSS_CAP;213276.67;213276.67;36;0
2026.08.12 06:35:22;XAUUSD;5;1786445841;OCO_TRIGGERED_BUY;ticket=118897290 entry=4392.84;POSITION_ACTIVE;SAFE;1;1;0;-1;118897297;0.00;-1.32;-1.32;0.00;0.00;KELLY_LITE;true;0.04;213276.67;0.0417;KELLY_LITE(mult=1.50 taper=1.00 n=20)+HARD_RISK_CAP(2.0%)+MAXLOSS_CAP;213276.67;213275.35;36;0
2026.08.12 06:35:22;XAUUSD;5;1786445841;PENDING_DELETED;ticket=118897297 reason=oco_buy_triggered;POSITION_ACTIVE;SAFE;1;0;0;-1;118897297;0.00;-1.16;-1.16;0.00;0.00;KELLY_LITE;true;0.04;213276.67;0.0417;KELLY_LITE(mult=1.50 taper=1.00 n=20)+HARD_RISK_CAP(2.0%)+MAXLOSS_CAP;213276.67;213275.51;36;0
2026.08.12 06:35:23;XAUUSD;5;1786445841;HEDGE_PENDING_PLACED;dir=SELL_STOP ticket=118897407 price=4389.55 sl=4392.55 lot=0.05 mainEntry=4392.84 dist=3.00 confirmBars=1;POSITION_ACTIVE;SAFE;1;1;1;-1;-1;4392.84;-1.08;-1.08;0.00;-1.16;KELLY_LITE;true;0.04;213276.67;0.0417;KELLY_LITE(mult=1.50 taper=1.00 n=20)+HARD_RISK_CAP(2.0%)+MAXLOSS_CAP;213276.67;213275.59;36;0
2026.08.12 06:36:25;XAUUSD;5;1786445841;SL_MODIFIED;ticket=118897290 oldSL=4380.84 newSL=4394.44 reason=break_even_lock_leg_0;MANAGE_PROFIT;SAFE;1;1;1;-1;-1;4392.84;8.64;8.64;8.48;-8.44;KELLY_LITE;true;0.04;213276.67;0.0417;KELLY_LITE(mult=1.50 taper=1.00 n=20)+HARD_RISK_CAP(2.0%)+MAXLOSS_CAP;213276.67;213285.31;36;0
2026.08.12 06:36:25;XAUUSD;5;1786445841;PROFIT_RATCHET_LOCKED;floor=2.86 peak=8.48;MANAGE_PROFIT;SAFE;1;1;1;-1;-1;4392.84;8.64;8.64;8.48;-8.44;KELLY_LITE;true;0.04;213276.67;0.0417;KELLY_LITE(mult=1.50 taper=1.00 n=20)+HARD_RISK_CAP(2.0%)+MAXLOSS_CAP;213276.67;213285.31;36;0
2026.08.12 06:36:26;XAUUSD;5;1786445841;SL_MODIFIED;ticket=118897290 oldSL=4394.44 newSL=4394.48 reason=break_even_lock_leg_0;MANAGE_PROFIT;SAFE;1;1;1;-1;-1;4392.84;8.64;8.12;8.64;-8.44;KELLY_LITE;true;0.04;213276.67;0.0417;KELLY_LITE(mult=1.50 taper=1.00 n=20)+HARD_RISK_CAP(2.0%)+MAXLOSS_CAP;213276.67;213285.31;36;0
2026.08.12 06:36:26;XAUUSD;5;1786445841;PROFIT_RATCHET_LOCKED;floor=2.92 peak=8.64;MANAGE_PROFIT;SAFE;1;1;1;-1;-1;4392.84;8.64;8.12;8.64;-8.44;KELLY_LITE;true;0.04;213276.67;0.0417;KELLY_LITE(mult=1.50 taper=1.00 n=20)+HARD_RISK_CAP(2.0%)+MAXLOSS_CAP;213276.67;213285.31;36;0
2026.08.12 06:36:26;XAUUSD;5;1786445841;PROFIT_RATCHET_LOCKED;floor=2.92 peak=8.64;MANAGE_PROFIT;SAFE;1;1;1;-1;-1;4392.84;8.64;8.12;8.64;-8.44;KELLY_LITE;true;0.04;213276.67;0.0417;KELLY_LITE(mult=1.50 taper=1.00 n=20)+HARD_RISK_CAP(2.0%)+MAXLOSS_CAP;213276.67;213285.31;36;0
2026.08.12 06:36:26;XAUUSD;5;1786445841;PROFIT_RATCHET_LOCKED;floor=2.92 peak=8.64;MANAGE_PROFIT;SAFE;1;1;1;-1;-1;4392.84;7.16;7.16;8.64;-8.44;KELLY_LITE;true;0.04;213276.67;0.0417;KELLY_LITE(mult=1.50 taper=1.00 n=20)+HARD_RISK_CAP(2.0%)+MAXLOSS_CAP;213276.67;213283.83;36;0
2026.08.12 06:36:26;XAUUSD;5;1786445841;PROFIT_RATCHET_LOCKED;floor=2.92 peak=8.64;MANAGE_PROFIT;SAFE;1;1;1;-1;-1;4392.84;7.04;7.04;8.64;-8.44;KELLY_LITE;true;0.04;213276.67;0.0417;KELLY_LITE(mult=1.50 taper=1.00 n=20)+HARD_RISK_CAP(2.0%)+MAXLOSS_CAP;213276.67;213283.71;36;0
2026.08.12 06:36:26;XAUUSD;5;1786445841;PROFIT_RATCHET_LOCKED;floor=2.92 peak=8.64;MANAGE_PROFIT;SAFE;1;1;1;-1;-1;4392.84;6.92;6.92;8.64;-8.44;KELLY_LITE;true;0.04;213276.67;0.0417;KELLY_LITE(mult=1.50 taper=1.00 n=20)+HARD_RISK_CAP(2.0%)+MAXLOSS_CAP;213276.67;213283.59;36;0
2026.08.12 06:36:27;XAUUSD;5;1786445841;PROFIT_RATCHET_LOCKED;floor=2.92 peak=8.64;MANAGE_PROFIT;SAFE;1;1;1;-1;-1;4392.84;6.96;6.96;8.64;-8.44;KELLY_LITE;true;0.04;213276.67;0.0417;KELLY_LITE(mult=1.50 taper=1.00 n=20)+HARD_RISK_CAP(2.0%)+MAXLOSS_CAP;213276.67;213283.63;36;0
2026.08.12 06:36:27;XAUUSD;5;1786445841;PROFIT_RATCHET_LOCKED;floor=2.92 peak=8.64;MANAGE_PROFIT;SAFE;1;1;1;-1;-1;4392.84;7.80;7.80;8.64;-8.44;KELLY_LITE;true;0.04;213276.67;0.0417;KELLY_LITE(mult=1.50 taper=1.00 n=20)+HARD_RISK_CAP(2.0%)+MAXLOSS_CAP;213276.67;213284.47;36;0
2026.08.12 06:36:27;XAUUSD;5;1786445841;PROFIT_RATCHET_LOCKED;floor=2.92 peak=8.64;MANAGE_PROFIT;SAFE;1;1;1;-1;-1;4392.84;7.84;7.84;8.64;-8.44;KELLY_LITE;true;0.04;213276.67;0.0417;KELLY_LITE(mult=1.50 taper=1.00 n=20)+HARD_RISK_CAP(2.0%)+MAXLOSS_CAP;213276.67;213284.51;36;0
2026.08.12 06:36:28;XAUUSD;5;1786445841;PROFIT_RATCHET_LOCKED;floor=2.92 peak=8.64;MANAGE_PROFIT;SAFE;1;1;1;-1;-1;4392.84;7.88;7.88;8.64;-8.44;KELLY_LITE;true;0.04;213276.67;0.0417;KELLY_LITE(mult=1.50 taper=1.00 n=20)+HARD_RISK_CAP(2.0%)+MAXLOSS_CAP;213276.67;213284.55;36;0
2026.08.12 06:36:28;XAUUSD;5;1786445841;PROFIT_RATCHET_LOCKED;floor=2.92 peak=8.64;MANAGE_PROFIT;SAFE;1;1;1;-1;-1;4392.84;8.24;8.24;8.64;-8.44;KELLY_LITE;true;0.04;213276.67;0.0417;KELLY_LITE(mult=1.50 taper=1.00 n=20)+HARD_RISK_CAP(2.0%)+MAXLOSS_CAP;213276.67;213284.91;36;0
2026.08.12 06:36:28;XAUUSD;5;1786445841;PROFIT_RATCHET_LOCKED;floor=2.92 peak=8.64;MANAGE_PROFIT;SAFE;1;1;1;-1;-1;4392.84;8.28;8.28;8.64;-8.44;KELLY_LITE;true;0.04;213276.67;0.0417;KELLY_LITE(mult=1.50 taper=1.00 n=20)+HARD_RISK_CAP(2.0%)+MAXLOSS_CAP;213276.67;213284.95;36;0
2026.08.12 06:36:28;XAUUSD;5;1786445841;PROFIT_RATCHET_LOCKED;floor=2.92 peak=8.64;MANAGE_PROFIT;SAFE;1;1;1;-1;-1;4392.84;8.44;8.44;8.64;-8.44;KELLY_LITE;true;0.04;213276.67;0.0417;KELLY_LITE(mult=1.50 taper=1.00 n=20)+HARD_RISK_CAP(2.0%)+MAXLOSS_CAP;213276.67;213285.11;36;0
2026.08.12 06:36:29;XAUUSD;5;1786445841;PROFIT_RATCHET_LOCKED;floor=2.92 peak=8.64;MANAGE_PROFIT;SAFE;1;1;1;-1;-1;4392.84;8.40;8.40;8.64;-8.44;KELLY_LITE;true;0.04;213276.67;0.0417;KELLY_LITE(mult=1.50 taper=1.00 n=20)+HARD_RISK_CAP(2.0%)+MAXLOSS_CAP;213276.67;213285.07;36;0
2026.08.12 06:36:29;XAUUSD;5;1786445841;PROFIT_RATCHET_LOCKED;floor=2.92 peak=8.64;MANAGE_PROFIT;SAFE;1;1;1;-1;-1;4392.84;8.56;8.56;8.64;-8.44;KELLY_LITE;true;0.04;213276.67;0.0417;KELLY_LITE(mult=1.50 taper=1.00 n=20)+HARD_RISK_CAP(2.0%)+MAXLOSS_CAP;213276.67;213285.23;36;0
2026.08.12 06:36:29;XAUUSD;5;1786445841;PROFIT_RATCHET_LOCKED;floor=2.92 peak=8.64;MANAGE_PROFIT;SAFE;1;1;1;-1;-1;4392.84;8.40;8.40;8.64;-8.44;KELLY_LITE;true;0.04;213276.67;0.0417;KELLY_LITE(mult=1.50 taper=1.00 n=20)+HARD_RISK_CAP(2.0%)+MAXLOSS_CAP;213276.67;213285.07;36;0
2026.08.12 06:36:30;XAUUSD;5;1786445841;PROFIT_RATCHET_LOCKED;floor=2.92 peak=8.64;MANAGE_PROFIT;SAFE;1;1;1;-1;-1;4392.84;7.88;7.88;8.64;-8.44;KELLY_LITE;true;0.04;213276.67;0.0417;KELLY_LITE(mult=1.50 taper=1.00 n=20)+HARD_RISK_CAP(2.0%)+MAXLOSS_CAP;213276.67;213284.55;36;0
2026.08.12 06:36:30;XAUUSD;5;1786445841;PROFIT_RATCHET_LOCKED;floor=2.92 peak=8.64;MANAGE_PROFIT;SAFE;1;1;1;-1;-1;4392.84;7.24;7.24;8.64;-8.44;KELLY_LITE;true;0.04;213276.67;0.0417;KELLY_LITE(mult=1.50 taper=1.00 n=20)+HARD_RISK_CAP(2.0%)+MAXLOSS_CAP;213276.67;213283.91;36;0
2026.08.12 06:36:30;XAUUSD;5;1786445841;PROFIT_RATCHET_LOCKED;floor=2.92 peak=8.64;MANAGE_PROFIT;SAFE;1;1;1;-1;-1;4392.84;7.28;7.28;8.64;-8.44;KELLY_LITE;true;0.04;213276.67;0.0417;KELLY_LITE(mult=1.50 taper=1.00 n=20)+HARD_RISK_CAP(2.0%)+MAXLOSS_CAP;213276.67;213283.95;36;0
2026.08.12 06:36:31;XAUUSD;5;1786445841;PROFIT_RATCHET_LOCKED;floor=2.92 peak=8.64;MANAGE_PROFIT;SAFE;1;1;1;-1;-1;4392.84;7.32;7.32;8.64;-8.44;KELLY_LITE;true;0.04;213276.67;0.0417;KELLY_LITE(mult=1.50 taper=1.00 n=20)+HARD_RISK_CAP(2.0%)+MAXLOSS_CAP;213276.67;213283.99;36;0
2026.08.12 06:36:31;XAUUSD;5;1786445841;PROFIT_RATCHET_LOCKED;floor=2.92 peak=8.64;MANAGE_PROFIT;SAFE;1;1;1;-1;-1;4392.84;7.24;7.24;8.64;-8.44;KELLY_LITE;true;0.04;213276.67;0.0417;KELLY_LITE(mult=1.50 taper=1.00 n=20)+HARD_RISK_CAP(2.0%)+MAXLOSS_CAP;213276.67;213283.91;36;0
2026.08.12 06:36:31;XAUUSD;5;1786445841;PROFIT_RATCHET_LOCKED;floor=2.92 peak=8.64;MANAGE_PROFIT;SAFE;1;1;1;-1;-1;4392.84;6.84;6.84;8.64;-8.44;KELLY_LITE;true;0.04;213276.67;0.0417;KELLY_LITE(mult=1.50 taper=1.00 n=20)+HARD_RISK_CAP(2.0%)+MAXLOSS_CAP;213276.67;213283.51;36;0
2026.08.12 06:36:32;XAUUSD;5;1786445841;PROFIT_RATCHET_LOCKED;floor=2.92 peak=8.64;MANAGE_PROFIT;SAFE;1;1;1;-1;-1;4392.84;6.80;6.80;8.64;-8.44;KELLY_LITE;true;0.04;213276.67;0.0417;KELLY_LITE(mult=1.50 taper=1.00 n=20)+HARD_RISK_CAP(2.0%)+MAXLOSS_CAP;213276.67;213283.47;36;0
2026.08.12 06:36:32;XAUUSD;5;1786445841;RECONCILED_BROKER_CLOSE;ticket=118897290 type=main pnl=6.56;MANAGE_PROFIT;SAFE;0;1;1;-1;-1;4392.84;0.00;0.00;8.64;-8.44;KELLY_LITE;true;0.04;213276.67;0.0417;KELLY_LITE(mult=1.50 taper=1.00 n=20)+HARD_RISK_CAP(2.0%)+MAXLOSS_CAP;213283.23;213283.23;36;0
2026.08.12 06:36:32;XAUUSD;5;1786445841;PENDING_DELETED;ticket=118897407 reason=main_gone_hedge_pending;WAIT_TRIGGER;SAFE;0;0;1;-1;-1;4392.84;0.00;0.00;8.64;-8.44;KELLY_LITE;true;0.04;213276.67;0.0417;KELLY_LITE(mult=1.50 taper=1.00 n=20)+HARD_RISK_CAP(2.0%)+MAXLOSS_CAP;213283.23;213283.23;36;0
2026.08.12 06:36:32;XAUUSD;5;1786445841;HEDGE_PENDING_CLEANUP;main_position_gone;WAIT_TRIGGER;SAFE;0;0;1;-1;-1;4392.84;0.00;0.00;8.64;-8.44;KELLY_LITE;true;0.04;213276.67;0.0417;KELLY_LITE(mult=1.50 taper=1.00 n=20)+HARD_RISK_CAP(2.0%)+MAXLOSS_CAP;213283.23;213283.23;36;0
2026.08.12 06:36:32;XAUUSD;5;1786445841;CYCLE_RESET;oldState=WAIT_TRIGGER realizedPnL=6.56 peak=8.64 worst=-8.44 pyramid=1 consLosses=0;WAIT_TRIGGER;SAFE;0;0;1;-1;-1;4392.84;0.00;0.00;8.64;-8.44;KELLY_LITE;true;0.04;213276.67;0.0417;KELLY_LITE(mult=1.50 taper=1.00 n=20)+HARD_RISK_CAP(2.0%)+MAXLOSS_CAP;213283.23;213283.23;36;0
2026.08.12 06:41:32;XAUUSD;5;1786445842;PLACE_PENDING_START;cycle=1786445842 trend=1 consecLosses=0 preset=AGGRESSIVE;PLACE_PENDING;SAFE;0;0;0;-1;-1;0.00;0.00;0.00;0.00;0.00;KELLY_LITE;true;0.04;213276.67;0.0417;KELLY_LITE(mult=1.50 taper=1.00 n=20)+HARD_RISK_CAP(2.0%)+MAXLOSS_CAP;213283.23;213283.23;36;0
2026.08.12 06:41:32;XAUUSD;5;1786445842;DIR_OCO_PLACED;dir=BULL ticket=118898984 price=4394.20 sl=4379.20 tp=4416.70 lot=0.04 dist=1.50;PLACE_PENDING;SAFE;0;1;0;118898984;-1;0.00;0.00;0.00;0.00;0.00;KELLY_LITE;true;0.04;213283.23;0.0417;KELLY_LITE(mult=1.50 taper=1.00 n=20)+HARD_RISK_CAP(2.0%)+MAXLOSS_CAP;213283.23;213283.23;36;0
2026.08.12 06:41:33;XAUUSD;5;1786445842;DIR_OCO_COUNTER_PLACED;dir=BEAR(counter) ticket=118898987 price=4390.83 lot=0.03;PLACE_PENDING;SAFE;0;2;0;118898984;118898987;0.00;0.00;0.00;0.00;0.00;KELLY_LITE;true;0.04;213283.23;0.0417;KELLY_LITE(mult=1.50 taper=1.00 n=20)+HARD_RISK_CAP(2.0%)+MAXLOSS_CAP;213283.23;213283.23;36;0
2026.08.12 06:41:35;XAUUSD;5;1786445842;BUY_STOP_TRAILED;Old=4394.20 New=4393.89;WAIT_TRIGGER;SAFE;0;2;0;118898984;118898987;0.00;0.00;0.00;0.00;0.00;KELLY_LITE;true;0.04;213283.23;0.0417;KELLY_LITE(mult=1.50 taper=1.00 n=20)+HARD_RISK_CAP(2.0%)+MAXLOSS_CAP;213283.23;213283.23;36;0
2026.08.12 06:41:40;XAUUSD;5;1786445842;BUY_STOP_TRAILED;Old=4393.89 New=4393.57;WAIT_TRIGGER;SAFE;0;2;0;118898984;118898987;0.00;0.00;0.00;0.00;0.00;KELLY_LITE;true;0.04;213283.23;0.0417;KELLY_LITE(mult=1.50 taper=1.00 n=20)+HARD_RISK_CAP(2.0%)+MAXLOSS_CAP;213283.23;213283.23;36;0
2026.08.12 06:41:44;XAUUSD;5;1786445842;BUY_STOP_TRAILED;Old=4393.57 New=4392.94;WAIT_TRIGGER;SAFE;0;2;0;118898984;118898987;0.00;0.00;0.00;0.00;0.00;KELLY_LITE;true;0.04;213283.23;0.0417;KELLY_LITE(mult=1.50 taper=1.00 n=20)+HARD_RISK_CAP(2.0%)+MAXLOSS_CAP;213283.23;213283.23;36;0
2026.08.12 06:41:50;XAUUSD;5;1786445842;OCO_TRIGGERED_SELL;ticket=118898987 entry=4390.83;POSITION_ACTIVE;SAFE;1;1;0;118898984;-1;0.00;-0.96;-0.96;0.00;0.00;KELLY_LITE;true;0.04;213283.23;0.0417;KELLY_LITE(mult=1.50 taper=1.00 n=20)+HARD_RISK_CAP(2.0%)+MAXLOSS_CAP;213283.23;213282.27;36;0
2026.08.12 06:41:50;XAUUSD;5;1786445842;PENDING_DELETED;ticket=118898984 reason=oco_sell_triggered;POSITION_ACTIVE;SAFE;1;0;0;118898984;-1;0.00;-1.41;-1.41;0.00;0.00;KELLY_LITE;true;0.04;213283.23;0.0417;KELLY_LITE(mult=1.50 taper=1.00 n=20)+HARD_RISK_CAP(2.0%)+MAXLOSS_CAP;213283.23;213281.82;36;0
2026.08.12 06:41:51;XAUUSD;5;1786445842;HEDGE_PENDING_PLACED;dir=BUY_STOP ticket=118899083 price=4394.30 sl=4391.30 lot=0.05 mainEntry=4390.83 dist=3.00 confirmBars=1;POSITION_ACTIVE;SAFE;1;1;1;-1;-1;4390.83;-1.47;-1.47;0.00;-1.41;KELLY_LITE;true;0.04;213283.23;0.0417;KELLY_LITE(mult=1.50 taper=1.00 n=20)+HARD_RISK_CAP(2.0%)+MAXLOSS_CAP;213283.23;213281.76;36;0
2026.08.12 06:45:02;XAUUSD;5;1786445842;SL_MODIFIED;ticket=118898987 oldSL=4405.83 newSL=4389.06 reason=break_even_lock_leg_0 (retry buf=8pt);MANAGE_PROFIT;SAFE;1;1;1;-1;-1;4390.83;6.93;6.93;8.10;-3.12;KELLY_LITE;true;0.04;213283.23;0.0417;KELLY_LITE(mult=1.50 taper=1.00 n=20)+HARD_RISK_CAP(2.0%)+MAXLOSS_CAP;213283.23;213290.16;36;0
2026.08.12 06:45:02;XAUUSD;5;1786445842;PROFIT_RATCHET_LOCKED;floor=3.44 peak=8.10;MANAGE_PROFIT;SAFE;1;1;1;-1;-1;4390.83;6.93;6.93;8.10;-3.12;KELLY_LITE;true;0.04;213283.23;0.0417;KELLY_LITE(mult=1.50 taper=1.00 n=20)+HARD_RISK_CAP(2.0%)+MAXLOSS_CAP;213283.23;213290.16;36;0
2026.08.12 06:45:02;XAUUSD;5;1786445842;SL_MODIFIED;ticket=118898987 oldSL=4389.06 newSL=4389.04 reason=break_even_lock_leg_0;MANAGE_PROFIT;SAFE;1;1;1;-1;-1;4390.83;7.05;7.05;8.10;-3.12;KELLY_LITE;true;0.04;213283.23;0.0417;KELLY_LITE(mult=1.50 taper=1.00 n=20)+HARD_RISK_CAP(2.0%)+MAXLOSS_CAP;213283.23;213290.28;36;0
2026.08.12 06:45:02;XAUUSD;5;1786445842;PROFIT_RATCHET_LOCKED;floor=3.44 peak=8.10;MANAGE_PROFIT;SAFE;1;1;1;-1;-1;4390.83;7.05;7.05;8.10;-3.12;KELLY_LITE;true;0.04;213283.23;0.0417;KELLY_LITE(mult=1.50 taper=1.00 n=20)+HARD_RISK_CAP(2.0%)+MAXLOSS_CAP;213283.23;213290.28;36;0
2026.08.12 06:45:03;XAUUSD;5;1786445842;SL_MODIFIED;ticket=118898987 oldSL=4389.04 newSL=4389.00 reason=break_even_lock_leg_0;MANAGE_PROFIT;SAFE;1;1;1;-1;-1;4390.83;7.80;7.80;8.10;-3.12;KELLY_LITE;true;0.04;213283.23;0.0417;KELLY_LITE(mult=1.50 taper=1.00 n=20)+HARD_RISK_CAP(2.0%)+MAXLOSS_CAP;213283.23;213291.03;36;0
2026.08.12 06:45:03;XAUUSD;5;1786445842;PROFIT_RATCHET_LOCKED;floor=3.44 peak=8.10;MANAGE_PROFIT;SAFE;1;1;1;-1;-1;4390.83;7.80;7.80;8.10;-3.12;KELLY_LITE;true;0.04;213283.23;0.0417;KELLY_LITE(mult=1.50 taper=1.00 n=20)+HARD_RISK_CAP(2.0%)+MAXLOSS_CAP;213283.23;213291.03;36;0
2026.08.12 06:45:04;XAUUSD;5;1786445842;SL_MODIFIED;ticket=118898987 oldSL=4389.00 newSL=4388.93 reason=break_even_lock_leg_0 (retry buf=8pt);MANAGE_PROFIT;SAFE;1;1;1;-1;-1;4390.83;8.55;8.55;8.10;-3.12;KELLY_LITE;true;0.04;213283.23;0.0417;KELLY_LITE(mult=1.50 taper=1.00 n=20)+HARD_RISK_CAP(2.0%)+MAXLOSS_CAP;213283.23;213291.78;36;0
2026.08.12 06:45:04;XAUUSD;5;1786445842;PROFIT_RATCHET_LOCKED;floor=3.44 peak=8.10;MANAGE_PROFIT;SAFE;1;1;1;-1;-1;4390.83;8.55;8.55;8.10;-3.12;KELLY_LITE;true;0.04;213283.23;0.0417;KELLY_LITE(mult=1.50 taper=1.00 n=20)+HARD_RISK_CAP(2.0%)+MAXLOSS_CAP;213283.23;213291.78;36;0
2026.08.12 06:45:04;XAUUSD;5;1786445842;SL_MODIFIED;ticket=118898987 oldSL=4388.93 newSL=4388.50 reason=break_even_lock_leg_0;MANAGE_PROFIT;SAFE;1;1;1;-1;-1;4390.83;8.61;8.61;8.55;-3.12;KELLY_LITE;true;0.04;213283.23;0.0417;KELLY_LITE(mult=1.50 taper=1.00 n=20)+HARD_RISK_CAP(2.0%)+MAXLOSS_CAP;213283.23;213291.84;36;0
2026.08.12 06:45:04;XAUUSD;5;1786445842;PROFIT_RATCHET_LOCKED;floor=3.63 peak=8.55;MANAGE_PROFIT;SAFE;1;1;1;-1;-1;4390.83;8.61;8.61;8.55;-3.12;KELLY_LITE;true;0.04;213283.23;0.0417;KELLY_LITE(mult=1.50 taper=1.00 n=20)+HARD_RISK_CAP(2.0%)+MAXLOSS_CAP;213283.23;213291.84;36;0
2026.08.12 06:45:05;XAUUSD;5;1786445842;SL_MODIFIED;ticket=118898987 oldSL=4388.50 newSL=4388.48 reason=break_even_lock_leg_0;MANAGE_PROFIT;SAFE;1;1;1;-1;-1;4390.83;8.58;8.58;8.61;-3.12;KELLY_LITE;true;0.04;213283.23;0.0417;KELLY_LITE(mult=1.50 taper=1.00 n=20)+HARD_RISK_CAP(2.0%)+MAXLOSS_CAP;213283.23;213291.81;36;0
2026.08.12 06:45:05;XAUUSD;5;1786445842;PROFIT_RATCHET_LOCKED;floor=3.66 peak=8.61;MANAGE_PROFIT;SAFE;1;1;1;-1;-1;4390.83;8.58;8.58;8.61;-3.12;KELLY_LITE;true;0.04;213283.23;0.0417;KELLY_LITE(mult=1.50 taper=1.00 n=20)+HARD_RISK_CAP(2.0%)+MAXLOSS_CAP;213283.23;213291.81;36;0
2026.08.12 06:45:05;XAUUSD;5;1786445842;PROFIT_RATCHET_LOCKED;floor=3.66 peak=8.61;MANAGE_PROFIT;SAFE;1;1;1;-1;-1;4390.83;8.58;8.58;8.61;-3.12;KELLY_LITE;true;0.04;213283.23;0.0417;KELLY_LITE(mult=1.50 taper=1.00 n=20)+HARD_RISK_CAP(2.0%)+MAXLOSS_CAP;213283.23;213291.81;36;0
2026.08.12 06:45:05;XAUUSD;5;1786445842;PROFIT_RATCHET_LOCKED;floor=3.66 peak=8.61;MANAGE_PROFIT;SAFE;1;1;1;-1;-1;4390.83;8.49;8.49;8.61;-3.12;KELLY_LITE;true;0.04;213283.23;0.0417;KELLY_LITE(mult=1.50 taper=1.00 n=20)+HARD_RISK_CAP(2.0%)+MAXLOSS_CAP;213283.23;213291.72;36;0
2026.08.12 06:45:05;XAUUSD;5;1786445842;PROFIT_RATCHET_LOCKED;floor=3.66 peak=8.61;MANAGE_PROFIT;SAFE;1;1;1;-1;-1;4390.83;8.31;8.31;8.61;-3.12;KELLY_LITE;true;0.04;213283.23;0.0417;KELLY_LITE(mult=1.50 taper=1.00 n=20)+HARD_RISK_CAP(2.0%)+MAXLOSS_CAP;213283.23;213291.54;36;0
2026.08.12 06:45:06;XAUUSD;5;1786445842;SL_MODIFIED;ticket=118898987 oldSL=4388.48 newSL=4388.41 reason=break_even_lock_leg_0;MANAGE_PROFIT;SAFE;1;1;1;-1;-1;4390.83;9.72;9.72;8.82;-3.12;KELLY_LITE;true;0.04;213283.23;0.0417;KELLY_LITE(mult=1.50 taper=1.00 n=20)+HARD_RISK_CAP(2.0%)+MAXLOSS_CAP;213283.23;213292.95;36;0
2026.08.12 06:45:06;XAUUSD;5;1786445842;PROFIT_RATCHET_LOCKED;floor=3.75 peak=8.82;MANAGE_PROFIT;SAFE;1;1;1;-1;-1;4390.83;9.72;9.72;8.82;-3.12;KELLY_LITE;true;0.04;213283.23;0.0417;KELLY_LITE(mult=1.50 taper=1.00 n=20)+HARD_RISK_CAP(2.0%)+MAXLOSS_CAP;213283.23;213292.95;36;0
2026.08.12 06:45:06;XAUUSD;5;1786445842;SL_MODIFY_FAILED;ticket=118898987 newSL=4388.11 reason=break_even_lock_leg_0 err=0;MANAGE_PROFIT;SAFE;1;1;1;-1;-1;4390.83;7.35;7.35;9.72;-3.12;KELLY_LITE;true;0.04;213283.23;0.0417;KELLY_LITE(mult=1.50 taper=1.00 n=20)+HARD_RISK_CAP(2.0%)+MAXLOSS_CAP;213283.23;213290.58;36;0
2026.08.12 06:45:06;XAUUSD;5;1786445842;PROFIT_RATCHET_LOCKED;floor=4.13 peak=9.72;MANAGE_PROFIT;SAFE;1;1;1;-1;-1;4390.83;7.35;7.35;9.72;-3.12;KELLY_LITE;true;0.04;213283.23;0.0417;KELLY_LITE(mult=1.50 taper=1.00 n=20)+HARD_RISK_CAP(2.0%)+MAXLOSS_CAP;213283.23;213290.58;36;0
2026.08.12 06:45:06;XAUUSD;5;1786445842;EXIT_TIERED_TRAIL;profit=7.35 peak=9.72 allowedRetrace=1.46;MANAGE_PROFIT;SAFE;1;1;1;-1;-1;4390.83;7.35;7.35;9.72;-3.12;KELLY_LITE;true;0.04;213283.23;0.0417;KELLY_LITE(mult=1.50 taper=1.00 n=20)+HARD_RISK_CAP(2.0%)+MAXLOSS_CAP;213283.23;213290.58;36;0
2026.08.12 06:45:07;XAUUSD;5;1786445842;POSITION_CLOSED;ticket=118898987 reason=tiered_profit_trail lots=0.03 price=4388.38 pnl=7.35;MANAGE_PROFIT;SAFE;0;1;1;-1;-1;4390.83;0.00;0.00;9.72;-3.12;KELLY_LITE;true;0.04;213283.23;0.0417;KELLY_LITE(mult=1.50 taper=1.00 n=20)+HARD_RISK_CAP(2.0%)+MAXLOSS_CAP;213291.03;213291.03;33;0
2026.08.12 06:45:07;XAUUSD;5;1786445842;PENDING_DELETED;ticket=118899083 reason=close_all_hedge;MANAGE_PROFIT;SAFE;0;0;0;-1;-1;4390.83;0.00;0.00;9.72;-3.12;KELLY_LITE;true;0.04;213283.23;0.0417;KELLY_LITE(mult=1.50 taper=1.00 n=20)+HARD_RISK_CAP(2.0%)+MAXLOSS_CAP;213291.03;213291.03;36;0
2026.08.12 06:45:07;XAUUSD;5;1786445842;CYCLE_RESET;oldState=RESET realizedPnL=7.80 peak=9.72 worst=-3.12 pyramid=0 consLosses=0;RESET;SAFE;0;0;0;-1;-1;4390.83;0.00;0.00;9.72;-3.12;KELLY_LITE;true;0.04;213283.23;0.0417;KELLY_LITE(mult=1.50 taper=1.00 n=20)+HARD_RISK_CAP(2.0%)+MAXLOSS_CAP;213291.03;213291.03;36;0
2026.08.12 06:50:07;XAUUSD;5;1786445842;FILTER_BLOCK_TREND;TREND_NEUTRAL_EMA;BLOCKED;SAFE;0;0;0;-1;-1;0.00;0.00;0.00;0.00;0.00;KELLY_LITE;true;0.04;213283.23;0.0417;KELLY_LITE(mult=1.50 taper=1.00 n=20)+HARD_RISK_CAP(2.0%)+MAXLOSS_CAP;213291.03;213291.03;36;0
2026.08.12 06:55:07;XAUUSD;5;1786445842;FILTER_BLOCK_TREND;TREND_NEUTRAL_EMA;BLOCKED;SAFE;0;0;0;-1;-1;0.00;0.00;0.00;0.00;0.00;KELLY_LITE;true;0.04;213283.23;0.0417;KELLY_LITE(mult=1.50 taper=1.00 n=20)+HARD_RISK_CAP(2.0%)+MAXLOSS_CAP;213291.03;213291.03;36;0
2026.08.12 07:00:07;XAUUSD;5;1786445843;PLACE_PENDING_START;cycle=1786445843 trend=-1 consecLosses=0 preset=AGGRESSIVE;PLACE_PENDING;SAFE;0;0;0;-1;-1;0.00;0.00;0.00;0.00;0.00;KELLY_LITE;true;0.04;213283.23;0.0417;KELLY_LITE(mult=1.50 taper=1.00 n=20)+HARD_RISK_CAP(2.0%)+MAXLOSS_CAP;213291.03;213291.03;36;0
2026.08.12 07:00:07;XAUUSD;5;1786445843;DIR_OCO_PLACED;dir=BEAR ticket=118904820 price=4389.10 sl=4404.10 tp=4366.60 lot=0.04 dist=1.68;PLACE_PENDING;SAFE;0;1;0;-1;118904820;0.00;0.00;0.00;0.00;0.00;KELLY_LITE;true;0.04;213291.03;0.0417;KELLY_LITE(mult=1.50 taper=1.00 n=20)+HARD_RISK_CAP(2.0%)+MAXLOSS_CAP;213291.03;213291.03;35;0
2026.08.12 07:00:08;XAUUSD;5;1786445843;DIR_OCO_COUNTER_PLACED;dir=BULL(counter) ticket=118904823 price=4393.19 lot=0.03;PLACE_PENDING;SAFE;0;2;0;118904823;118904820;0.00;0.00;0.00;0.00;0.00;KELLY_LITE;true;0.04;213291.03;0.0417;KELLY_LITE(mult=1.50 taper=1.00 n=20)+HARD_RISK_CAP(2.0%)+MAXLOSS_CAP;213291.03;213291.03;36;0
2026.08.12 07:00:09;XAUUSD;5;1786445843;BUY_STOP_TRAILED;Old=4393.19 New=4392.88;WAIT_TRIGGER;SAFE;0;2;0;118904823;118904820;0.00;0.00;0.00;0.00;0.00;KELLY_LITE;true;0.04;213291.03;0.0417;KELLY_LITE(mult=1.50 taper=1.00 n=20)+HARD_RISK_CAP(2.0%)+MAXLOSS_CAP;213291.03;213291.03;36;0
2026.08.12 07:00:13;XAUUSD;5;1786445843;SELL_STOP_TRAILED;Old=4389.10 New=4389.61;WAIT_TRIGGER;SAFE;0;2;0;118904823;118904820;0.00;0.00;0.00;0.00;0.00;KELLY_LITE;true;0.04;213291.03;0.0417;KELLY_LITE(mult=1.50 taper=1.00 n=20)+HARD_RISK_CAP(2.0%)+MAXLOSS_CAP;213291.03;213291.03;36;0
2026.08.12 07:00:16;XAUUSD;5;1786445843;SELL_STOP_TRAILED;Old=4389.61 New=4390.01;WAIT_TRIGGER;SAFE;0;2;0;118904823;118904820;0.00;0.00;0.00;0.00;0.00;KELLY_LITE;true;0.04;213291.03;0.0417;KELLY_LITE(mult=1.50 taper=1.00 n=20)+HARD_RISK_CAP(2.0%)+MAXLOSS_CAP;213291.03;213291.03;36;0
2026.08.12 07:00:35;XAUUSD;5;1786445843;BUY_STOP_TRAILED;Old=4392.88 New=4392.54;WAIT_TRIGGER;SAFE;0;2;0;118904823;118904820;0.00;0.00;0.00;0.00;0.00;KELLY_LITE;true;0.04;213291.03;0.0417;KELLY_LITE(mult=1.50 taper=1.00 n=20)+HARD_RISK_CAP(2.0%)+MAXLOSS_CAP;213291.03;213291.03;36;0
2026.08.12 07:00:54;XAUUSD;5;1786445843;SELL_STOP_TRAILED;Old=4390.01 New=4390.54;WAIT_TRIGGER;SAFE;1;1;0;118904823;118904820;0.00;0.54;0.54;0.00;0.00;KELLY_LITE;true;0.04;213291.03;0.0417;KELLY_LITE(mult=1.50 taper=1.00 n=20)+HARD_RISK_CAP(2.0%)+MAXLOSS_CAP;213291.03;213291.57;36;0
2026.08.12 07:00:54;XAUUSD;5;1786445843;OCO_TRIGGERED_BUY;ticket=118904823 entry=4392.54;POSITION_ACTIVE;SAFE;1;1;0;-1;118904820;0.00;0.54;0.54;0.00;0.00;KELLY_LITE;true;0.04;213291.03;0.0417;KELLY_LITE(mult=1.50 taper=1.00 n=20)+HARD_RISK_CAP(2.0%)+MAXLOSS_CAP;213291.03;213291.57;36;0
2026.08.12 07:00:54;XAUUSD;5;1786445843;PENDING_DELETED;ticket=118904820 reason=oco_buy_triggered;POSITION_ACTIVE;SAFE;1;0;0;-1;118904820;0.00;0.48;0.48;0.00;0.00;KELLY_LITE;true;0.04;213291.03;0.0417;KELLY_LITE(mult=1.50 taper=1.00 n=20)+HARD_RISK_CAP(2.0%)+MAXLOSS_CAP;213291.03;213291.51;36;0
2026.08.12 07:00:55;XAUUSD;5;1786445843;HEDGE_PENDING_PLACED;dir=SELL_STOP ticket=118905018 price=4389.70 sl=4392.70 lot=0.05 mainEntry=4392.54 dist=3.00 confirmBars=1;POSITION_ACTIVE;SAFE;1;1;1;-1;-1;4392.54;-0.24;-0.24;0.48;0.00;KELLY_LITE;true;0.04;213291.03;0.0417;KELLY_LITE(mult=1.50 taper=1.00 n=20)+HARD_RISK_CAP(2.0%)+MAXLOSS_CAP;213291.03;213290.79;33;0
2026.08.12 07:02:17;XAUUSD;5;1786445843;POSITION_CLOSED;ticket=118905018 reason=hedge_reversal_giveback_cap lots=0.05 price=4389.91 pnl=-1.05;MANAGE_PROFIT;SAFE;1;0;1;-1;-1;4392.54;-8.67;-8.67;1.35;-9.66;KELLY_LITE;true;0.04;213291.03;0.0417;KELLY_LITE(mult=1.50 taper=1.00 n=20)+HARD_RISK_CAP(2.0%)+MAXLOSS_CAP;213289.48;213280.81;36;0
2026.08.12 07:02:17;XAUUSD;5;1786445843;HEDGE_CLOSED_REVERSAL;profit=-1.05 peak=1.20 giveback=2.25 cap=1.50 reason=giveback_cap ok=1;MANAGE_PROFIT;SAFE;1;0;1;-1;-1;4392.54;-8.67;-8.67;1.35;-9.66;KELLY_LITE;true;0.04;213291.03;0.0417;KELLY_LITE(mult=1.50 taper=1.00 n=20)+HARD_RISK_CAP(2.0%)+MAXLOSS_CAP;213289.48;213280.81;36;0
2026.08.12 07:07:52;XAUUSD;5;1786445843;EXIT_SOFT_SL_MOMENTUM;profit=-20.55 rsi=34.7 dir=1;MANAGE_PROFIT;WATCH;1;0;1;-1;-1;4392.54;-20.55;-20.55;1.35;-20.55;KELLY_LITE;true;0.04;213291.03;0.0417;KELLY_LITE(mult=1.50 taper=1.00 n=20)+HARD_RISK_CAP(2.0%)+MAXLOSS_CAP;213289.48;213268.93;36;0
2026.08.12 07:07:53;XAUUSD;5;1786445843;POSITION_CLOSED;ticket=118904823 reason=soft_sl_momentum lots=0.03 price=4385.69 pnl=-20.55;MANAGE_PROFIT;WATCH;0;0;1;-1;-1;4392.54;0.00;0.00;1.35;-20.55;KELLY_LITE;true;0.04;213291.03;0.0417;KELLY_LITE(mult=1.50 taper=1.00 n=20)+HARD_RISK_CAP(2.0%)+MAXLOSS_CAP;213268.75;213268.75;36;0
2026.08.12 07:07:53;XAUUSD;5;1786445843;CYCLE_RESET;oldState=RESET realizedPnL=-22.28 peak=1.35 worst=-20.55 pyramid=0 consLosses=1;RESET;WATCH;0;0;0;-1;-1;4392.54;0.00;0.00;1.35;-20.55;KELLY_LITE;true;0.04;213291.03;0.0417;KELLY_LITE(mult=1.50 taper=1.00 n=20)+HARD_RISK_CAP(2.0%)+MAXLOSS_CAP;213268.75;213268.75;36;0
2026.08.12 07:12:53;XAUUSD;5;1786445844;PLACE_PENDING_START;cycle=1786445844 trend=-1 consecLosses=1 preset=AGGRESSIVE;PLACE_PENDING;SAFE;0;0;0;-1;-1;0.00;0.00;0.00;0.00;0.00;KELLY_LITE;true;0.04;213291.03;0.0417;KELLY_LITE(mult=1.50 taper=1.00 n=20)+HARD_RISK_CAP(2.0%)+MAXLOSS_CAP;213268.75;213268.75;36;0
2026.08.12 07:12:53;XAUUSD;5;1786445844;DIR_OCO_PLACED;dir=BEAR ticket=118908015 price=4384.56 sl=4399.56 tp=4362.06 lot=0.04 dist=1.87;PLACE_PENDING;SAFE;0;1;0;-1;118908015;0.00;0.00;0.00;0.00;0.00;KELLY_LITE;true;0.04;213268.75;0.0417;KELLY_LITE(mult=1.50 taper=1.00 n=20)+HARD_RISK_CAP(2.0%)+MAXLOSS_CAP;213268.75;213268.75;36;0
2026.08.12 07:12:54;XAUUSD;5;1786445844;DIR_OCO_COUNTER_PLACED;dir=BULL(counter) ticket=118908017 price=4388.71 lot=0.03;PLACE_PENDING;SAFE;0;2;0;118908017;118908015;0.00;0.00;0.00;0.00;0.00;KELLY_LITE;true;0.04;213268.75;0.0417;KELLY_LITE(mult=1.50 taper=1.00 n=20)+HARD_RISK_CAP(2.0%)+MAXLOSS_CAP;213268.75;213268.75;36;0
2026.08.12 07:13:05;XAUUSD;5;1786445844;BUY_STOP_TRAILED;Old=4388.71 New=4388.38;WAIT_TRIGGER;SAFE;0;2;0;118908017;118908015;0.00;0.00;0.00;0.00;0.00;KELLY_LITE;true;0.04;213268.75;0.0417;KELLY_LITE(mult=1.50 taper=1.00 n=20)+HARD_RISK_CAP(2.0%)+MAXLOSS_CAP;213268.75;213268.75;36;0
2026.08.12 07:13:17;XAUUSD;5;1786445844;SELL_STOP_TRAILED;Old=4384.56 New=4385.11;WAIT_TRIGGER;SAFE;0;2;0;118908017;118908015;0.00;0.00;0.00;0.00;0.00;KELLY_LITE;true;0.04;213268.75;0.0417;KELLY_LITE(mult=1.50 taper=1.00 n=20)+HARD_RISK_CAP(2.0%)+MAXLOSS_CAP;213268.75;213268.75;37;0
2026.08.12 07:13:55;XAUUSD;5;1786445844;SELL_STOP_TRAILED;Old=4385.11 New=4385.47;WAIT_TRIGGER;SAFE;0;2;0;118908017;118908015;0.00;0.00;0.00;0.00;0.00;KELLY_LITE;true;0.04;213268.75;0.0417;KELLY_LITE(mult=1.50 taper=1.00 n=20)+HARD_RISK_CAP(2.0%)+MAXLOSS_CAP;213268.75;213268.75;36;0
2026.08.12 07:14:13;XAUUSD;5;1786445844;SELL_STOP_TRAILED;Old=4385.47 New=4385.91;WAIT_TRIGGER;SAFE;0;2;0;118908017;118908015;0.00;0.00;0.00;0.00;0.00;KELLY_LITE;true;0.04;213268.75;0.0417;KELLY_LITE(mult=1.50 taper=1.00 n=20)+HARD_RISK_CAP(2.0%)+MAXLOSS_CAP;213268.75;213268.75;36;0
2026.08.12 07:14:51;XAUUSD;5;1786445844;SELL_STOP_TRAILED;Old=4385.91 New=4386.22;WAIT_TRIGGER;SAFE;1;1;0;118908017;118908015;0.00;-0.45;-0.45;0.00;0.00;KELLY_LITE;true;0.04;213268.75;0.0417;KELLY_LITE(mult=1.50 taper=1.00 n=20)+HARD_RISK_CAP(2.0%)+MAXLOSS_CAP;213268.75;213268.30;36;0
2026.08.12 07:14:51;XAUUSD;5;1786445844;OCO_TRIGGERED_BUY;ticket=118908017 entry=4388.38;POSITION_ACTIVE;SAFE;1;1;0;-1;118908015;0.00;-0.45;-0.45;0.00;0.00;KELLY_LITE;true;0.04;213268.75;0.0417;KELLY_LITE(mult=1.50 taper=1.00 n=20)+HARD_RISK_CAP(2.0%)+MAXLOSS_CAP;213268.75;213268.30;36;0
2026.08.12 07:14:52;XAUUSD;5;1786445844;PENDING_DELETED;ticket=118908015 reason=oco_buy_triggered;POSITION_ACTIVE;SAFE;1;0;0;-1;118908015;0.00;-1.95;-1.95;0.00;0.00;KELLY_LITE;true;0.04;213268.75;0.0417;KELLY_LITE(mult=1.50 taper=1.00 n=20)+HARD_RISK_CAP(2.0%)+MAXLOSS_CAP;213268.75;213266.80;33;0
2026.08.12 07:14:52;XAUUSD;5;1786445844;HEDGE_PENDING_PLACED;dir=SELL_STOP ticket=118908418 price=4384.73 sl=4387.73 lot=0.05 mainEntry=4388.38 dist=3.00 confirmBars=1;POSITION_ACTIVE;SAFE;1;1;1;-1;-1;4388.38;-2.34;-2.34;0.00;-1.95;KELLY_LITE;true;0.04;213268.75;0.0417;KELLY_LITE(mult=1.50 taper=1.00 n=20)+HARD_RISK_CAP(2.0%)+MAXLOSS_CAP;213268.75;213266.41;36;0
2026.08.12 07:29:53;XAUUSD;5;1786445844;PENDING_DELETED;ticket=118908418 reason=hedge_pending_expired;POSITION_ACTIVE;SAFE;1;0;1;-1;-1;4388.38;3.42;3.42;6.18;-8.49;KELLY_LITE;true;0.04;213268.75;0.0417;KELLY_LITE(mult=1.50 taper=1.00 n=20)+HARD_RISK_CAP(2.0%)+MAXLOSS_CAP;213268.75;213272.17;36;0
2026.08.12 07:29:53;XAUUSD;5;1786445844;HEDGE_PENDING_EXPIRED;after=900s rearm=1/1;POSITION_ACTIVE;SAFE;1;0;1;-1;-1;4388.38;3.42;3.42;6.18;-8.49;KELLY_LITE;true;0.04;213268.75;0.0417;KELLY_LITE(mult=1.50 taper=1.00 n=20)+HARD_RISK_CAP(2.0%)+MAXLOSS_CAP;213268.75;213272.17;36;0
2026.08.12 07:29:53;XAUUSD;5;1786445844;HEDGE_BLOCK_CONFIRM;need=1 adverse bars;MANAGE_PROFIT;SAFE;1;0;1;-1;-1;4388.38;3.42;3.42;6.18;-8.49;KELLY_LITE;true;0.04;213268.75;0.0417;KELLY_LITE(mult=1.50 taper=1.00 n=20)+HARD_RISK_CAP(2.0%)+MAXLOSS_CAP;213268.75;213272.17;36;0
2026.08.12 07:30:24;XAUUSD;5;1786445844;HEDGE_BLOCK_CONFIRM;need=1 adverse bars;MANAGE_PROFIT;SAFE;1;0;1;-1;-1;4388.38;2.79;2.79;6.18;-8.49;KELLY_LITE;true;0.04;213268.75;0.0417;KELLY_LITE(mult=1.50 taper=1.00 n=20)+HARD_RISK_CAP(2.0%)+MAXLOSS_CAP;213268.75;213271.54;35;0
2026.08.12 07:30:54;XAUUSD;5;1786445844;HEDGE_BLOCK_CONFIRM;need=1 adverse bars;MANAGE_PROFIT;SAFE;1;0;1;-1;-1;4388.38;3.66;3.66;6.18;-8.49;KELLY_LITE;true;0.04;213268.75;0.0417;KELLY_LITE(mult=1.50 taper=1.00 n=20)+HARD_RISK_CAP(2.0%)+MAXLOSS_CAP;213268.75;213272.41;34;0
2026.08.12 07:31:24;XAUUSD;5;1786445844;HEDGE_BLOCK_CONFIRM;need=1 adverse bars;MANAGE_PROFIT;SAFE;1;0;1;-1;-1;4388.38;2.40;2.40;6.18;-8.49;KELLY_LITE;true;0.04;213268.75;0.0417;KELLY_LITE(mult=1.50 taper=1.00 n=20)+HARD_RISK_CAP(2.0%)+MAXLOSS_CAP;213268.75;213271.15;36;0
2026.08.12 07:31:54;XAUUSD;5;1786445844;HEDGE_BLOCK_CONFIRM;need=1 adverse bars;MANAGE_PROFIT;SAFE;1;0;1;-1;-1;4388.38;2.64;2.64;6.18;-8.49;KELLY_LITE;true;0.04;213268.75;0.0417;KELLY_LITE(mult=1.50 taper=1.00 n=20)+HARD_RISK_CAP(2.0%)+MAXLOSS_CAP;213268.75;213271.39;36;0
2026.08.12 07:32:24;XAUUSD;5;1786445844;HEDGE_BLOCK_CONFIRM;need=1 adverse bars;MANAGE_PROFIT;SAFE;1;0;1;-1;-1;4388.38;2.22;2.22;6.18;-8.49;KELLY_LITE;true;0.04;213268.75;0.0417;KELLY_LITE(mult=1.50 taper=1.00 n=20)+HARD_RISK_CAP(2.0%)+MAXLOSS_CAP;213268.75;213270.97;36;0
2026.08.12 07:32:54;XAUUSD;5;1786445844;HEDGE_BLOCK_CONFIRM;need=1 adverse bars;MANAGE_PROFIT;SAFE;1;0;1;-1;-1;4388.38;2.61;2.61;6.18;-8.49;KELLY_LITE;true;0.04;213268.75;0.0417;KELLY_LITE(mult=1.50 taper=1.00 n=20)+HARD_RISK_CAP(2.0%)+MAXLOSS_CAP;213268.75;213271.36;36;0
2026.08.12 07:33:24;XAUUSD;5;1786445844;HEDGE_BLOCK_CONFIRM;need=1 adverse bars;MANAGE_PROFIT;SAFE;1;0;1;-1;-1;4388.38;0.54;0.54;6.18;-8.49;KELLY_LITE;true;0.04;213268.75;0.0417;KELLY_LITE(mult=1.50 taper=1.00 n=20)+HARD_RISK_CAP(2.0%)+MAXLOSS_CAP;213268.75;213269.29;36;0
2026.08.12 07:33:54;XAUUSD;5;1786445844;HEDGE_BLOCK_CONFIRM;need=1 adverse bars;MANAGE_PROFIT;SAFE;1;0;1;-1;-1;4388.38;3.18;3.18;6.18;-8.49;KELLY_LITE;true;0.04;213268.75;0.0417;KELLY_LITE(mult=1.50 taper=1.00 n=20)+HARD_RISK_CAP(2.0%)+MAXLOSS_CAP;213268.75;213271.93;33;0
2026.08.12 07:34:24;XAUUSD;5;1786445844;HEDGE_BLOCK_CONFIRM;need=1 adverse bars;MANAGE_PROFIT;SAFE;1;0;1;-1;-1;4388.38;3.18;3.18;6.18;-8.49;KELLY_LITE;true;0.04;213268.75;0.0417;KELLY_LITE(mult=1.50 taper=1.00 n=20)+HARD_RISK_CAP(2.0%)+MAXLOSS_CAP;213268.75;213271.93;33;0
2026.08.12 07:34:54;XAUUSD;5;1786445844;HEDGE_BLOCK_CONFIRM;need=1 adverse bars;MANAGE_PROFIT;SAFE;1;0;1;-1;-1;4388.38;2.82;2.82;6.18;-8.49;KELLY_LITE;true;0.04;213268.75;0.0417;KELLY_LITE(mult=1.50 taper=1.00 n=20)+HARD_RISK_CAP(2.0%)+MAXLOSS_CAP;213268.75;213271.57;33;0
2026.08.12 07:35:24;XAUUSD;5;1786445844;HEDGE_BLOCK_CONFIRM;need=1 adverse bars;MANAGE_PROFIT;SAFE;1;0;1;-1;-1;4388.38;1.83;1.83;6.18;-8.49;KELLY_LITE;true;0.04;213268.75;0.0417;KELLY_LITE(mult=1.50 taper=1.00 n=20)+HARD_RISK_CAP(2.0%)+MAXLOSS_CAP;213268.75;213270.58;33;0
2026.08.12 07:35:54;XAUUSD;5;1786445844;HEDGE_BLOCK_CONFIRM;need=1 adverse bars;MANAGE_PROFIT;SAFE;1;0;1;-1;-1;4388.38;2.40;2.40;6.18;-8.49;KELLY_LITE;true;0.04;213268.75;0.0417;KELLY_LITE(mult=1.50 taper=1.00 n=20)+HARD_RISK_CAP(2.0%)+MAXLOSS_CAP;213268.75;213271.15;35;0
2026.08.12 07:36:24;XAUUSD;5;1786445844;HEDGE_BLOCK_CONFIRM;need=1 adverse bars;MANAGE_PROFIT;SAFE;1;0;1;-1;-1;4388.38;3.21;3.21;6.18;-8.49;KELLY_LITE;true;0.04;213268.75;0.0417;KELLY_LITE(mult=1.50 taper=1.00 n=20)+HARD_RISK_CAP(2.0%)+MAXLOSS_CAP;213268.75;213271.96;36;0
2026.08.12 07:36:54;XAUUSD;5;1786445844;HEDGE_BLOCK_CONFIRM;need=1 adverse bars;MANAGE_PROFIT;SAFE;1;0;1;-1;-1;4388.38;5.16;5.16;6.18;-8.49;KELLY_LITE;true;0.04;213268.75;0.0417;KELLY_LITE(mult=1.50 taper=1.00 n=20)+HARD_RISK_CAP(2.0%)+MAXLOSS_CAP;213268.75;213273.91;36;0
2026.08.12 07:37:04;XAUUSD;5;1786445844;SL_MODIFIED;ticket=118908017 oldSL=4376.38 newSL=4390.71 reason=break_even_lock_leg_0;MANAGE_PROFIT;SAFE;1;0;1;-1;-1;4388.38;9.39;8.85;8.55;-8.49;KELLY_LITE;true;0.04;213268.75;0.0417;KELLY_LITE(mult=1.50 taper=1.00 n=20)+HARD_RISK_CAP(2.0%)+MAXLOSS_CAP;213268.75;213278.14;36;0
2026.08.12 07:37:04;XAUUSD;5;1786445844;PROFIT_RATCHET_LOCKED;floor=3.63 peak=8.55;MANAGE_PROFIT;SAFE;1;0;1;-1;-1;4388.38;9.39;8.85;8.55;-8.49;KELLY_LITE;true;0.04;213268.75;0.0417;KELLY_LITE(mult=1.50 taper=1.00 n=20)+HARD_RISK_CAP(2.0%)+MAXLOSS_CAP;213268.75;213278.14;36;0
2026.08.12 07:37:04;XAUUSD;5;1786445844;SL_MODIFIED;ticket=118908017 oldSL=4390.71 newSL=4390.81 reason=break_even_lock_leg_0;MANAGE_PROFIT;SAFE;1;0;1;-1;-1;4388.38;9.54;9.54;9.39;-8.49;KELLY_LITE;true;0.04;213268.75;0.0417;KELLY_LITE(mult=1.50 taper=1.00 n=20)+HARD_RISK_CAP(2.0%)+MAXLOSS_CAP;213268.75;213278.29;36;0
2026.08.12 07:37:04;XAUUSD;5;1786445844;PROFIT_RATCHET_LOCKED;floor=3.99 peak=9.39;MANAGE_PROFIT;SAFE;1;0;1;-1;-1;4388.38;9.54;9.54;9.39;-8.49;KELLY_LITE;true;0.04;213268.75;0.0417;KELLY_LITE(mult=1.50 taper=1.00 n=20)+HARD_RISK_CAP(2.0%)+MAXLOSS_CAP;213268.75;213278.29;36;0
2026.08.12 07:37:05;XAUUSD;5;1786445844;SL_MODIFIED;ticket=118908017 oldSL=4390.81 newSL=4390.92 reason=break_even_lock_leg_0 (retry buf=3pt);MANAGE_PROFIT;SAFE;1;0;1;-1;-1;4388.38;9.36;9.36;9.54;-8.49;KELLY_LITE;true;0.04;213268.75;0.0417;KELLY_LITE(mult=1.50 taper=1.00 n=20)+HARD_RISK_CAP(2.0%)+MAXLOSS_CAP;213268.75;213278.11;36;0
2026.08.12 07:37:05;XAUUSD;5;1786445844;PROFIT_RATCHET_LOCKED;floor=4.05 peak=9.54;MANAGE_PROFIT;SAFE;1;0;1;-1;-1;4388.38;9.36;9.36;9.54;-8.49;KELLY_LITE;true;0.04;213268.75;0.0417;KELLY_LITE(mult=1.50 taper=1.00 n=20)+HARD_RISK_CAP(2.0%)+MAXLOSS_CAP;213268.75;213278.11;36;0
2026.08.12 07:37:06;XAUUSD;5;1786445844;SL_MODIFIED;ticket=118908017 oldSL=4390.92 newSL=4390.98 reason=break_even_lock_leg_0;MANAGE_PROFIT;SAFE;1;0;1;-1;-1;4388.38;9.63;9.63;9.54;-8.49;KELLY_LITE;true;0.04;213268.75;0.0417;KELLY_LITE(mult=1.50 taper=1.00 n=20)+HARD_RISK_CAP(2.0%)+MAXLOSS_CAP;213268.75;213278.38;36;0
2026.08.12 07:37:06;XAUUSD;5;1786445844;PROFIT_RATCHET_LOCKED;floor=4.05 peak=9.54;MANAGE_PROFIT;SAFE;1;0;1;-1;-1;4388.38;9.63;9.63;9.54;-8.49;KELLY_LITE;true;0.04;213268.75;0.0417;KELLY_LITE(mult=1.50 taper=1.00 n=20)+HARD_RISK_CAP(2.0%)+MAXLOSS_CAP;213268.75;213278.38;36;0
2026.08.12 07:37:06;XAUUSD;5;1786445844;SL_MODIFY_FAILED;ticket=118908017 newSL=4391.07 reason=break_even_lock_leg_0 err=0;MANAGE_PROFIT;SAFE;1;0;1;-1;-1;4388.38;9.30;9.30;9.63;-8.49;KELLY_LITE;true;0.04;213268.75;0.0417;KELLY_LITE(mult=1.50 taper=1.00 n=20)+HARD_RISK_CAP(2.0%)+MAXLOSS_CAP;213268.75;213278.05;36;0
2026.08.12 07:37:06;XAUUSD;5;1786445844;PROFIT_RATCHET_LOCKED;floor=4.09 peak=9.63;MANAGE_PROFIT;SAFE;1;0;1;-1;-1;4388.38;9.30;9.30;9.63;-8.49;KELLY_LITE;true;0.04;213268.75;0.0417;KELLY_LITE(mult=1.50 taper=1.00 n=20)+HARD_RISK_CAP(2.0%)+MAXLOSS_CAP;213268.75;213278.05;36;0
2026.08.12 07:37:06;XAUUSD;5;1786445844;PROFIT_RATCHET_LOCKED;floor=4.09 peak=9.63;MANAGE_PROFIT;SAFE;1;0;1;-1;-1;4388.38;9.30;9.30;9.63;-8.49;KELLY_LITE;true;0.04;213268.75;0.0417;KELLY_LITE(mult=1.50 taper=1.00 n=20)+HARD_RISK_CAP(2.0%)+MAXLOSS_CAP;213268.75;213278.05;36;0
2026.08.12 07:37:07;XAUUSD;5;1786445844;SL_MODIFIED;ticket=118908017 oldSL=4390.98 newSL=4391.01 reason=break_even_lock_leg_0;MANAGE_PROFIT;SAFE;1;0;1;-1;-1;4388.38;9.75;9.75;9.63;-8.49;KELLY_LITE;true;0.04;213268.75;0.0417;KELLY_LITE(mult=1.50 taper=1.00 n=20)+HARD_RISK_CAP(2.0%)+MAXLOSS_CAP;213268.75;213278.50;36;0
2026.08.12 07:37:07;XAUUSD;5;1786445844;PROFIT_RATCHET_LOCKED;floor=4.09 peak=9.63;MANAGE_PROFIT;SAFE;1;0;1;-1;-1;4388.38;9.75;9.75;9.63;-8.49;KELLY_LITE;true;0.04;213268.75;0.0417;KELLY_LITE(mult=1.50 taper=1.00 n=20)+HARD_RISK_CAP(2.0%)+MAXLOSS_CAP;213268.75;213278.50;36;0
2026.08.12 07:37:08;XAUUSD;5;1786445844;SL_MODIFIED;ticket=118908017 oldSL=4391.01 newSL=4391.11 reason=break_even_lock_leg_0;MANAGE_PROFIT;SAFE;1;0;1;-1;-1;4388.38;9.72;9.72;9.75;-8.49;KELLY_LITE;true;0.04;213268.75;0.0417;KELLY_LITE(mult=1.50 taper=1.00 n=20)+HARD_RISK_CAP(2.0%)+MAXLOSS_CAP;213268.75;213278.47;36;0
2026.08.12 07:37:08;XAUUSD;5;1786445844;PROFIT_RATCHET_LOCKED;floor=4.14 peak=9.75;MANAGE_PROFIT;SAFE;1;0;1;-1;-1;4388.38;9.72;9.72;9.75;-8.49;KELLY_LITE;true;0.04;213268.75;0.0417;KELLY_LITE(mult=1.50 taper=1.00 n=20)+HARD_RISK_CAP(2.0%)+MAXLOSS_CAP;213268.75;213278.47;36;0
2026.08.12 07:37:08;XAUUSD;5;1786445844;PROFIT_RATCHET_LOCKED;floor=4.14 peak=9.75;MANAGE_PROFIT;SAFE;1;0;1;-1;-1;4388.38;9.72;9.72;9.75;-8.49;KELLY_LITE;true;0.04;213268.75;0.0417;KELLY_LITE(mult=1.50 taper=1.00 n=20)+HARD_RISK_CAP(2.0%)+MAXLOSS_CAP;213268.75;213278.47;36;0
2026.08.12 07:37:08;XAUUSD;5;1786445844;PROFIT_RATCHET_LOCKED;floor=4.14 peak=9.75;MANAGE_PROFIT;SAFE;1;0;1;-1;-1;4388.38;9.54;9.54;9.75;-8.49;KELLY_LITE;true;0.04;213268.75;0.0417;KELLY_LITE(mult=1.50 taper=1.00 n=20)+HARD_RISK_CAP(2.0%)+MAXLOSS_CAP;213268.75;213278.29;36;0
2026.08.12 07:37:08;XAUUSD;5;1786445844;PROFIT_RATCHET_LOCKED;floor=4.14 peak=9.75;MANAGE_PROFIT;SAFE;1;0;1;-1;-1;4388.38;9.66;9.66;9.75;-8.49;KELLY_LITE;true;0.04;213268.75;0.0417;KELLY_LITE(mult=1.50 taper=1.00 n=20)+HARD_RISK_CAP(2.0%)+MAXLOSS_CAP;213268.75;213278.41;36;0
2026.08.12 07:37:09;XAUUSD;5;1786445844;PROFIT_RATCHET_LOCKED;floor=4.14 peak=9.75;MANAGE_PROFIT;SAFE;1;0;1;-1;-1;4388.38;9.30;9.30;9.75;-8.49;KELLY_LITE;true;0.04;213268.75;0.0417;KELLY_LITE(mult=1.50 taper=1.00 n=20)+HARD_RISK_CAP(2.0%)+MAXLOSS_CAP;213268.75;213278.05;36;0
2026.08.12 07:37:09;XAUUSD;5;1786445844;PROFIT_RATCHET_LOCKED;floor=4.14 peak=9.75;MANAGE_PROFIT;SAFE;1;0;1;-1;-1;4388.38;9.06;9.06;9.75;-8.49;KELLY_LITE;true;0.04;213268.75;0.0417;KELLY_LITE(mult=1.50 taper=1.00 n=20)+HARD_RISK_CAP(2.0%)+MAXLOSS_CAP;213268.75;213277.81;36;0
2026.08.12 07:37:09;XAUUSD;5;1786445844;PROFIT_RATCHET_LOCKED;floor=4.14 peak=9.75;MANAGE_PROFIT;SAFE;1;0;1;-1;-1;4388.38;9.15;9.15;9.75;-8.49;KELLY_LITE;true;0.04;213268.75;0.0417;KELLY_LITE(mult=1.50 taper=1.00 n=20)+HARD_RISK_CAP(2.0%)+MAXLOSS_CAP;213268.75;213277.90;36;0
2026.08.12 07:37:09;XAUUSD;5;1786445844;PROFIT_RATCHET_LOCKED;floor=4.14 peak=9.75;MANAGE_PROFIT;SAFE;1;0;1;-1;-1;4388.38;9.09;9.09;9.75;-8.49;KELLY_LITE;true;0.04;213268.75;0.0417;KELLY_LITE(mult=1.50 taper=1.00 n=20)+HARD_RISK_CAP(2.0%)+MAXLOSS_CAP;213268.75;213277.84;36;0
2026.08.12 07:37:10;XAUUSD;5;1786445844;PROFIT_RATCHET_LOCKED;floor=4.14 peak=9.75;MANAGE_PROFIT;SAFE;1;0;1;-1;-1;4388.38;8.64;8.64;9.75;-8.49;KELLY_LITE;true;0.04;213268.75;0.0417;KELLY_LITE(mult=1.50 taper=1.00 n=20)+HARD_RISK_CAP(2.0%)+MAXLOSS_CAP;213268.75;213277.39;36;0
2026.08.12 07:37:10;XAUUSD;5;1786445844;PROFIT_RATCHET_LOCKED;floor=4.14 peak=9.75;MANAGE_PROFIT;SAFE;1;0;1;-1;-1;4388.38;8.61;8.61;9.75;-8.49;KELLY_LITE;true;0.04;213268.75;0.0417;KELLY_LITE(mult=1.50 taper=1.00 n=20)+HARD_RISK_CAP(2.0%)+MAXLOSS_CAP;213268.75;213277.36;36;0
2026.08.12 07:37:10;XAUUSD;5;1786445844;PROFIT_RATCHET_LOCKED;floor=4.14 peak=9.75;MANAGE_PROFIT;SAFE;1;0;1;-1;-1;4388.38;8.55;8.55;9.75;-8.49;KELLY_LITE;true;0.04;213268.75;0.0417;KELLY_LITE(mult=1.50 taper=1.00 n=20)+HARD_RISK_CAP(2.0%)+MAXLOSS_CAP;213268.75;213277.30;36;0
2026.08.12 07:37:10;XAUUSD;5;1786445844;RECONCILED_BROKER_CLOSE;ticket=118908017 type=main pnl=8.19;MANAGE_PROFIT;SAFE;0;0;1;-1;-1;4388.38;0.00;0.00;9.75;-8.49;KELLY_LITE;true;0.04;213268.75;0.0417;KELLY_LITE(mult=1.50 taper=1.00 n=20)+HARD_RISK_CAP(2.0%)+MAXLOSS_CAP;213276.94;213276.94;36;0
2026.08.12 07:37:10;XAUUSD;5;1786445844;CYCLE_RESET;oldState=MANAGE_PROFIT realizedPnL=8.19 peak=9.75 worst=-8.49 pyramid=1 consLosses=0;MANAGE_PROFIT;SAFE;0;0;1;-1;-1;4388.38;0.00;0.00;9.75;-8.49;KELLY_LITE;true;0.04;213268.75;0.0417;KELLY_LITE(mult=1.50 taper=1.00 n=20)+HARD_RISK_CAP(2.0%)+MAXLOSS_CAP;213276.94;213276.94;36;0
2026.08.12 07:42:10;XAUUSD;5;1786445845;PLACE_PENDING_START;cycle=1786445845 trend=-1 consecLosses=0 preset=AGGRESSIVE;PLACE_PENDING;SAFE;0;0;0;-1;-1;0.00;0.00;0.00;0.00;0.00;KELLY_LITE;true;0.04;213268.75;0.0417;KELLY_LITE(mult=1.50 taper=1.00 n=20)+HARD_RISK_CAP(2.0%)+MAXLOSS_CAP;213276.94;213276.94;36;0
2026.08.12 07:42:10;XAUUSD;5;1786445845;DIR_OCO_PLACED;dir=BEAR ticket=118915257 price=4394.69 sl=4409.69 tp=4372.19 lot=0.04 dist=1.72;PLACE_PENDING;SAFE;0;1;0;-1;118915257;0.00;0.00;0.00;0.00;0.00;KELLY_LITE;true;0.04;213276.94;0.0417;KELLY_LITE(mult=1.50 taper=1.00 n=20)+HARD_RISK_CAP(2.0%)+MAXLOSS_CAP;213276.94;213276.94;36;0
2026.08.12 07:42:11;XAUUSD;5;1786445845;DIR_OCO_COUNTER_PLACED;dir=BULL(counter) ticket=118915260 price=4398.48 lot=0.03;PLACE_PENDING;SAFE;0;2;0;118915260;118915257;0.00;0.00;0.00;0.00;0.00;KELLY_LITE;true;0.04;213276.94;0.0417;KELLY_LITE(mult=1.50 taper=1.00 n=20)+HARD_RISK_CAP(2.0%)+MAXLOSS_CAP;213276.94;213276.94;36;0
2026.08.12 07:42:24;XAUUSD;5;1786445845;BUY_STOP_TRAILED;Old=4398.48 New=4398.03;WAIT_TRIGGER;SAFE;0;2;0;118915260;118915257;0.00;0.00;0.00;0.00;0.00;KELLY_LITE;true;0.04;213276.94;0.0417;KELLY_LITE(mult=1.50 taper=1.00 n=20)+HARD_RISK_CAP(2.0%)+MAXLOSS_CAP;213276.94;213276.94;36;0
2026.08.12 07:43:00;XAUUSD;5;1786445845;BUY_STOP_TRAILED;Old=4398.03 New=4397.68;WAIT_TRIGGER;SAFE;0;2;0;118915260;118915257;0.00;0.00;0.00;0.00;0.00;KELLY_LITE;true;0.04;213276.94;0.0417;KELLY_LITE(mult=1.50 taper=1.00 n=20)+HARD_RISK_CAP(2.0%)+MAXLOSS_CAP;213276.94;213276.94;36;0
2026.08.12 07:43:55;XAUUSD;5;1786445845;SELL_STOP_TRAILED;Old=4394.69 New=4395.00;WAIT_TRIGGER;SAFE;0;2;0;118915260;118915257;0.00;0.00;0.00;0.00;0.00;KELLY_LITE;true;0.04;213276.94;0.0417;KELLY_LITE(mult=1.50 taper=1.00 n=20)+HARD_RISK_CAP(2.0%)+MAXLOSS_CAP;213276.94;213276.94;36;0
2026.08.12 07:44:28;XAUUSD;5;1786445845;BUY_STOP_TRAILED;Old=4397.68 New=4397.37;WAIT_TRIGGER;SAFE;0;2;0;118915260;118915257;0.00;0.00;0.00;0.00;0.00;KELLY_LITE;true;0.04;213276.94;0.0417;KELLY_LITE(mult=1.50 taper=1.00 n=20)+HARD_RISK_CAP(2.0%)+MAXLOSS_CAP;213276.94;213276.94;36;0
2026.08.12 07:44:38;XAUUSD;5;1786445845;OCO_TRIGGERED_SELL;ticket=118915257 entry=4395.00;POSITION_ACTIVE;SAFE;1;1;0;118915260;-1;0.00;1.16;-0.32;0.00;0.00;KELLY_LITE;true;0.04;213276.94;0.0417;KELLY_LITE(mult=1.50 taper=1.00 n=20)+HARD_RISK_CAP(2.0%)+MAXLOSS_CAP;213276.94;213278.10;37;0
2026.08.12 07:44:39;XAUUSD;5;1786445845;PENDING_DELETED;ticket=118915260 reason=oco_sell_triggered;POSITION_ACTIVE;SAFE;1;0;0;118915260;-1;0.00;0.32;0.32;0.00;0.00;KELLY_LITE;true;0.04;213276.94;0.0417;KELLY_LITE(mult=1.50 taper=1.00 n=20)+HARD_RISK_CAP(2.0%)+MAXLOSS_CAP;213276.94;213277.26;33;0
2026.08.12 07:44:39;XAUUSD;5;1786445845;HEDGE_BLOCK_CONFIRM;need=1 adverse bars;POSITION_ACTIVE;SAFE;1;0;1;-1;-1;4395.00;0.32;0.32;0.32;0.00;KELLY_LITE;true;0.04;213276.94;0.0417;KELLY_LITE(mult=1.50 taper=1.00 n=20)+HARD_RISK_CAP(2.0%)+MAXLOSS_CAP;213276.94;213277.26;33;0
2026.08.12 07:45:09;XAUUSD;5;1786445845;HEDGE_BLOCK_CONFIRM;need=1 adverse bars;MANAGE_PROFIT;SAFE;1;0;1;-1;-1;4395.00;-8.96;-8.96;3.08;-8.72;KELLY_LITE;true;0.04;213276.94;0.0417;KELLY_LITE(mult=1.50 taper=1.00 n=20)+HARD_RISK_CAP(2.0%)+MAXLOSS_CAP;213276.94;213267.98;36;0
2026.08.12 07:45:39;XAUUSD;5;1786445845;HEDGE_BLOCK_CONFIRM;need=1 adverse bars;MANAGE_PROFIT;SAFE;1;0;1;-1;-1;4395.00;-13.36;-13.36;3.08;-14.56;KELLY_LITE;true;0.04;213276.94;0.0417;KELLY_LITE(mult=1.50 taper=1.00 n=20)+HARD_RISK_CAP(2.0%)+MAXLOSS_CAP;213276.94;213263.58;36;0
2026.08.12 07:46:09;XAUUSD;5;1786445845;HEDGE_BLOCK_CONFIRM;need=1 adverse bars;MANAGE_PROFIT;SAFE;1;0;1;-1;-1;4395.00;-14.76;-14.76;3.08;-14.84;KELLY_LITE;true;0.04;213276.94;0.0417;KELLY_LITE(mult=1.50 taper=1.00 n=20)+HARD_RISK_CAP(2.0%)+MAXLOSS_CAP;213276.94;213262.18;33;0
2026.08.12 07:46:39;XAUUSD;5;1786445845;HEDGE_BLOCK_CONFIRM;need=1 adverse bars;MANAGE_PROFIT;SAFE;1;0;1;-1;-1;4395.00;-15.16;-15.16;3.08;-16.96;KELLY_LITE;true;0.04;213276.94;0.0417;KELLY_LITE(mult=1.50 taper=1.00 n=20)+HARD_RISK_CAP(2.0%)+MAXLOSS_CAP;213276.94;213261.78;36;0
2026.08.12 07:47:09;XAUUSD;5;1786445845;HEDGE_BLOCK_CONFIRM;need=1 adverse bars;MANAGE_PROFIT;SAFE;1;0;1;-1;-1;4395.00;-11.40;-11.40;3.08;-16.96;KELLY_LITE;true;0.04;213276.94;0.0417;KELLY_LITE(mult=1.50 taper=1.00 n=20)+HARD_RISK_CAP(2.0%)+MAXLOSS_CAP;213276.94;213265.54;36;0
2026.08.12 07:47:39;XAUUSD;5;1786445845;HEDGE_BLOCK_CONFIRM;need=1 adverse bars;MANAGE_PROFIT;SAFE;1;0;1;-1;-1;4395.00;-11.12;-11.12;3.08;-16.96;KELLY_LITE;true;0.04;213276.94;0.0417;KELLY_LITE(mult=1.50 taper=1.00 n=20)+HARD_RISK_CAP(2.0%)+MAXLOSS_CAP;213276.94;213265.82;36;0
2026.08.12 07:48:09;XAUUSD;5;1786445845;HEDGE_BLOCK_CONFIRM;need=1 adverse bars;MANAGE_PROFIT;SAFE;1;0;1;-1;-1;4395.00;-14.24;-14.24;3.08;-16.96;KELLY_LITE;true;0.04;213276.94;0.0417;KELLY_LITE(mult=1.50 taper=1.00 n=20)+HARD_RISK_CAP(2.0%)+MAXLOSS_CAP;213276.94;213262.70;36;0
2026.08.12 07:48:39;XAUUSD;5;1786445845;HEDGE_BLOCK_CONFIRM;need=1 adverse bars;MANAGE_PROFIT;SAFE;1;0;1;-1;-1;4395.00;-18.92;-18.92;3.08;-19.84;KELLY_LITE;true;0.04;213276.94;0.0417;KELLY_LITE(mult=1.50 taper=1.00 n=20)+HARD_RISK_CAP(2.0%)+MAXLOSS_CAP;213276.94;213258.02;36;0
2026.08.12 07:49:09;XAUUSD;5;1786445845;HEDGE_BLOCK_CONFIRM;need=1 adverse bars;MANAGE_PROFIT;SAFE;1;0;1;-1;-1;4395.00;-17.68;-17.68;3.08;-19.84;KELLY_LITE;true;0.04;213276.94;0.0417;KELLY_LITE(mult=1.50 taper=1.00 n=20)+HARD_RISK_CAP(2.0%)+MAXLOSS_CAP;213276.94;213259.26;36;0
2026.08.12 07:49:13;XAUUSD;5;1786445845;EXIT_SOFT_SL_MOMENTUM;profit=-20.36 rsi=61.2 dir=-1;MANAGE_PROFIT;WATCH;1;0;1;-1;-1;4395.00;-20.36;-20.36;3.08;-20.36;KELLY_LITE;true;0.04;213276.94;0.0417;KELLY_LITE(mult=1.50 taper=1.00 n=20)+HARD_RISK_CAP(2.0%)+MAXLOSS_CAP;213276.94;213256.58;37;0
2026.08.12 07:49:13;XAUUSD;5;1786445845;POSITION_CLOSED;ticket=118915257 reason=soft_sl_momentum lots=0.04 price=4400.09 pnl=-20.36;MANAGE_PROFIT;WATCH;0;0;1;-1;-1;4395.00;0.00;0.00;3.08;-20.36;KELLY_LITE;true;0.04;213276.94;0.0417;KELLY_LITE(mult=1.50 taper=1.00 n=20)+HARD_RISK_CAP(2.0%)+MAXLOSS_CAP;213256.22;213256.22;36;0
2026.08.12 07:49:13;XAUUSD;5;1786445845;CYCLE_RESET;oldState=RESET realizedPnL=-20.72 peak=3.08 worst=-20.36 pyramid=0 consLosses=1;RESET;WATCH;0;0;0;-1;-1;4395.00;0.00;0.00;3.08;-20.36;KELLY_LITE;true;0.04;213276.94;0.0417;KELLY_LITE(mult=1.50 taper=1.00 n=20)+HARD_RISK_CAP(2.0%)+MAXLOSS_CAP;213256.22;213256.22;36;0
2026.08.12 07:54:13;XAUUSD;5;1786445846;PLACE_PENDING_START;cycle=1786445846 trend=-1 consecLosses=1 preset=AGGRESSIVE;PLACE_PENDING;SAFE;0;0;0;-1;-1;0.00;0.00;0.00;0.00;0.00;KELLY_LITE;true;0.04;213276.94;0.0417;KELLY_LITE(mult=1.50 taper=1.00 n=20)+HARD_RISK_CAP(2.0%)+MAXLOSS_CAP;213256.22;213256.22;37;0
2026.08.12 07:54:13;XAUUSD;5;1786445846;DIR_OCO_PLACED;dir=BEAR ticket=118919013 price=4399.75 sl=4414.75 tp=4377.25 lot=0.04 dist=1.69;PLACE_PENDING;SAFE;0;1;0;-1;118919013;0.00;0.00;0.00;0.00;0.00;KELLY_LITE;true;0.04;213256.22;0.0417;KELLY_LITE(mult=1.50 taper=1.00 n=20)+HARD_RISK_CAP(2.0%)+MAXLOSS_CAP;213256.22;213256.22;36;0
2026.08.12 07:54:14;XAUUSD;5;1786445846;DIR_OCO_COUNTER_PLACED;dir=BULL(counter) ticket=118919015 price=4403.41 lot=0.03;PLACE_PENDING;SAFE;0;2;0;118919015;118919013;0.00;0.00;0.00;0.00;0.00;KELLY_LITE;true;0.04;213256.22;0.0417;KELLY_LITE(mult=1.50 taper=1.00 n=20)+HARD_RISK_CAP(2.0%)+MAXLOSS_CAP;213256.22;213256.22;36;0
2026.08.12 07:54:27;XAUUSD;5;1786445846;SELL_STOP_TRAILED;Old=4399.75 New=4400.21;WAIT_TRIGGER;SAFE;0;2;0;118919015;118919013;0.00;0.00;0.00;0.00;0.00;KELLY_LITE;true;0.04;213256.22;0.0417;KELLY_LITE(mult=1.50 taper=1.00 n=20)+HARD_RISK_CAP(2.0%)+MAXLOSS_CAP;213256.22;213256.22;36;0
2026.08.12 07:54:55;XAUUSD;5;1786445846;BUY_STOP_TRAILED;Old=4403.41 New=4403.05;WAIT_TRIGGER;SAFE;0;2;0;118919015;118919013;0.00;0.00;0.00;0.00;0.00;KELLY_LITE;true;0.04;213256.22;0.0417;KELLY_LITE(mult=1.50 taper=1.00 n=20)+HARD_RISK_CAP(2.0%)+MAXLOSS_CAP;213256.22;213256.22;36;0
2026.08.12 07:55:29;XAUUSD;5;1786445846;SELL_STOP_TRAILED;Old=4400.21 New=4400.55;WAIT_TRIGGER;SAFE;0;2;0;118919015;118919013;0.00;0.00;0.00;0.00;0.00;KELLY_LITE;true;0.04;213256.22;0.0417;KELLY_LITE(mult=1.50 taper=1.00 n=20)+HARD_RISK_CAP(2.0%)+MAXLOSS_CAP;213256.22;213256.22;36;0
2026.08.12 07:55:36;XAUUSD;5;1786445846;OCO_TRIGGERED_BUY;ticket=118919015 entry=4403.05;POSITION_ACTIVE;SAFE;1;1;0;-1;118919013;0.00;0.93;0.93;0.00;0.00;KELLY_LITE;true;0.04;213256.22;0.0417;KELLY_LITE(mult=1.50 taper=1.00 n=20)+HARD_RISK_CAP(2.0%)+MAXLOSS_CAP;213256.22;213257.15;37;0
2026.08.12 07:55:37;XAUUSD;5;1786445846;PENDING_DELETED;ticket=118919013 reason=oco_buy_triggered;POSITION_ACTIVE;SAFE;1;0;0;-1;118919013;0.00;1.53;1.53;0.00;0.00;KELLY_LITE;true;0.04;213256.22;0.0417;KELLY_LITE(mult=1.50 taper=1.00 n=20)+HARD_RISK_CAP(2.0%)+MAXLOSS_CAP;213256.22;213257.75;36;0
2026.08.12 07:55:37;XAUUSD;5;1786445846;HEDGE_PENDING_PLACED;dir=SELL_STOP ticket=118919360 price=4400.56 sl=4403.56 lot=0.05 mainEntry=4403.05 dist=3.00 confirmBars=1;POSITION_ACTIVE;SAFE;1;1;1;-1;-1;4403.05;1.59;1.59;1.53;0.00;KELLY_LITE;true;0.04;213256.22;0.0417;KELLY_LITE(mult=1.50 taper=1.00 n=20)+HARD_RISK_CAP(2.0%)+MAXLOSS_CAP;213256.22;213257.81;36;0
2026.08.12 07:56:40;XAUUSD;5;1786445846;SL_MODIFIED;ticket=118919015 oldSL=4391.05 newSL=4405.31 reason=break_even_lock_leg_0;MANAGE_PROFIT;SAFE;1;1;1;-1;-1;4403.05;8.52;8.52;8.34;0.00;KELLY_LITE;true;0.04;213256.22;0.0417;KELLY_LITE(mult=1.50 taper=1.00 n=20)+HARD_RISK_CAP(2.0%)+MAXLOSS_CAP;213256.22;213264.74;36;0
2026.08.12 07:56:40;XAUUSD;5;1786445846;PROFIT_RATCHET_LOCKED;floor=3.54 peak=8.34;MANAGE_PROFIT;SAFE;1;1;1;-1;-1;4403.05;8.52;8.52;8.34;0.00;KELLY_LITE;true;0.04;213256.22;0.0417;KELLY_LITE(mult=1.50 taper=1.00 n=20)+HARD_RISK_CAP(2.0%)+MAXLOSS_CAP;213256.22;213264.74;36;0
2026.08.12 07:56:40;XAUUSD;5;1786445846;SL_MODIFIED;ticket=118919015 oldSL=4405.31 newSL=4405.37 reason=break_even_lock_leg_0;MANAGE_PROFIT;SAFE;1;1;1;-1;-1;4403.05;8.55;8.55;8.52;0.00;KELLY_LITE;true;0.04;213256.22;0.0417;KELLY_LITE(mult=1.50 taper=1.00 n=20)+HARD_RISK_CAP(2.0%)+MAXLOSS_CAP;213256.22;213264.77;36;0
2026.08.12 07:56:40;XAUUSD;5;1786445846;PROFIT_RATCHET_LOCKED;floor=3.62 peak=8.52;MANAGE_PROFIT;SAFE;1;1;1;-1;-1;4403.05;8.55;8.55;8.52;0.00;KELLY_LITE;true;0.04;213256.22;0.0417;KELLY_LITE(mult=1.50 taper=1.00 n=20)+HARD_RISK_CAP(2.0%)+MAXLOSS_CAP;213256.22;213264.77;36;0
2026.08.12 07:56:40;XAUUSD;5;1786445846;PROFIT_RATCHET_LOCKED;floor=3.63 peak=8.55;MANAGE_PROFIT;SAFE;1;1;1;-1;-1;4403.05;8.55;8.55;8.55;0.00;KELLY_LITE;true;0.04;213256.22;0.0417;KELLY_LITE(mult=1.50 taper=1.00 n=20)+HARD_RISK_CAP(2.0%)+MAXLOSS_CAP;213256.22;213264.77;36;0
2026.08.12 07:56:40;XAUUSD;5;1786445846;PROFIT_RATCHET_LOCKED;floor=3.63 peak=8.55;MANAGE_PROFIT;SAFE;1;1;1;-1;-1;4403.05;8.52;8.52;8.55;0.00;KELLY_LITE;true;0.04;213256.22;0.0417;KELLY_LITE(mult=1.50 taper=1.00 n=20)+HARD_RISK_CAP(2.0%)+MAXLOSS_CAP;213256.22;213264.74;36;0
2026.08.12 07:56:41;XAUUSD;5;1786445846;PROFIT_RATCHET_LOCKED;floor=3.63 peak=8.55;MANAGE_PROFIT;SAFE;1;1;1;-1;-1;4403.05;8.13;8.13;8.55;0.00;KELLY_LITE;true;0.04;213256.22;0.0417;KELLY_LITE(mult=1.50 taper=1.00 n=20)+HARD_RISK_CAP(2.0%)+MAXLOSS_CAP;213256.22;213264.35;36;0
2026.08.12 07:56:41;XAUUSD;5;1786445846;PROFIT_RATCHET_LOCKED;floor=3.63 peak=8.55;MANAGE_PROFIT;SAFE;1;1;1;-1;-1;4403.05;8.13;8.13;8.55;0.00;KELLY_LITE;true;0.04;213256.22;0.0417;KELLY_LITE(mult=1.50 taper=1.00 n=20)+HARD_RISK_CAP(2.0%)+MAXLOSS_CAP;213256.22;213264.35;33;0
2026.08.12 07:56:41;XAUUSD;5;1786445846;PROFIT_RATCHET_LOCKED;floor=3.63 peak=8.55;MANAGE_PROFIT;SAFE;1;1;1;-1;-1;4403.05;7.83;7.83;8.55;0.00;KELLY_LITE;true;0.04;213256.22;0.0417;KELLY_LITE(mult=1.50 taper=1.00 n=20)+HARD_RISK_CAP(2.0%)+MAXLOSS_CAP;213256.22;213264.05;36;0
2026.08.12 07:56:41;XAUUSD;5;1786445846;PROFIT_RATCHET_LOCKED;floor=3.63 peak=8.55;MANAGE_PROFIT;SAFE;1;1;1;-1;-1;4403.05;7.89;7.89;8.55;0.00;KELLY_LITE;true;0.04;213256.22;0.0417;KELLY_LITE(mult=1.50 taper=1.00 n=20)+HARD_RISK_CAP(2.0%)+MAXLOSS_CAP;213256.22;213264.11;36;0
2026.08.12 07:56:41;XAUUSD;5;1786445846;PROFIT_RATCHET_LOCKED;floor=3.63 peak=8.55;MANAGE_PROFIT;SAFE;1;1;1;-1;-1;4403.05;7.83;7.83;8.55;0.00;KELLY_LITE;true;0.04;213256.22;0.0417;KELLY_LITE(mult=1.50 taper=1.00 n=20)+HARD_RISK_CAP(2.0%)+MAXLOSS_CAP;213256.22;213264.05;36;0
2026.08.12 07:56:42;XAUUSD;5;1786445846;PROFIT_RATCHET_LOCKED;floor=3.63 peak=8.55;MANAGE_PROFIT;SAFE;1;1;1;-1;-1;4403.05;8.13;8.13;8.55;0.00;KELLY_LITE;true;0.04;213256.22;0.0417;KELLY_LITE(mult=1.50 taper=1.00 n=20)+HARD_RISK_CAP(2.0%)+MAXLOSS_CAP;213256.22;213264.35;36;0
2026.08.12 07:56:42;XAUUSD;5;1786445846;PROFIT_RATCHET_LOCKED;floor=3.63 peak=8.55;MANAGE_PROFIT;SAFE;1;1;1;-1;-1;4403.05;8.01;8.01;8.55;0.00;KELLY_LITE;true;0.04;213256.22;0.0417;KELLY_LITE(mult=1.50 taper=1.00 n=20)+HARD_RISK_CAP(2.0%)+MAXLOSS_CAP;213256.22;213264.23;36;0
2026.08.12 07:56:42;XAUUSD;5;1786445846;PROFIT_RATCHET_LOCKED;floor=3.63 peak=8.55;MANAGE_PROFIT;SAFE;1;1;1;-1;-1;4403.05;8.07;8.07;8.55;0.00;KELLY_LITE;true;0.04;213256.22;0.0417;KELLY_LITE(mult=1.50 taper=1.00 n=20)+HARD_RISK_CAP(2.0%)+MAXLOSS_CAP;213256.22;213264.29;36;0
2026.08.12 07:56:42;XAUUSD;5;1786445846;PROFIT_RATCHET_LOCKED;floor=3.63 peak=8.55;MANAGE_PROFIT;SAFE;1;1;1;-1;-1;4403.05;8.04;8.04;8.55;0.00;KELLY_LITE;true;0.04;213256.22;0.0417;KELLY_LITE(mult=1.50 taper=1.00 n=20)+HARD_RISK_CAP(2.0%)+MAXLOSS_CAP;213256.22;213264.26;36;0
2026.08.12 07:56:43;XAUUSD;5;1786445846;PROFIT_RATCHET_LOCKED;floor=3.63 peak=8.55;MANAGE_PROFIT;SAFE;1;1;1;-1;-1;4403.05;7.98;7.98;8.55;0.00;KELLY_LITE;true;0.04;213256.22;0.0417;KELLY_LITE(mult=1.50 taper=1.00 n=20)+HARD_RISK_CAP(2.0%)+MAXLOSS_CAP;213256.22;213264.20;36;0
2026.08.12 07:56:43;XAUUSD;5;1786445846;PROFIT_RATCHET_LOCKED;floor=3.63 peak=8.55;MANAGE_PROFIT;SAFE;1;1;1;-1;-1;4403.05;7.38;7.38;8.55;0.00;KELLY_LITE;true;0.04;213256.22;0.0417;KELLY_LITE(mult=1.50 taper=1.00 n=20)+HARD_RISK_CAP(2.0%)+MAXLOSS_CAP;213256.22;213263.60;36;0
2026.08.12 07:56:43;XAUUSD;5;1786445846;PROFIT_RATCHET_LOCKED;floor=3.63 peak=8.55;MANAGE_PROFIT;SAFE;1;1;1;-1;-1;4403.05;7.32;7.32;8.55;0.00;KELLY_LITE;true;0.04;213256.22;0.0417;KELLY_LITE(mult=1.50 taper=1.00 n=20)+HARD_RISK_CAP(2.0%)+MAXLOSS_CAP;213256.22;213263.54;36;0
2026.08.12 07:56:44;XAUUSD;5;1786445846;PROFIT_RATCHET_LOCKED;floor=3.63 peak=8.55;MANAGE_PROFIT;SAFE;1;1;1;-1;-1;4403.05;7.35;7.35;8.55;0.00;KELLY_LITE;true;0.04;213256.22;0.0417;KELLY_LITE(mult=1.50 taper=1.00 n=20)+HARD_RISK_CAP(2.0%)+MAXLOSS_CAP;213256.22;213263.57;36;0
2026.08.12 07:56:44;XAUUSD;5;1786445846;PROFIT_RATCHET_LOCKED;floor=3.63 peak=8.55;MANAGE_PROFIT;SAFE;1;1;1;-1;-1;4403.05;7.98;7.98;8.55;0.00;KELLY_LITE;true;0.04;213256.22;0.0417;KELLY_LITE(mult=1.50 taper=1.00 n=20)+HARD_RISK_CAP(2.0%)+MAXLOSS_CAP;213256.22;213264.20;37;0
2026.08.12 07:56:45;XAUUSD;5;1786445846;SL_MODIFIED;ticket=118919015 oldSL=4405.37 newSL=4405.44 reason=break_even_lock_leg_0;MANAGE_PROFIT;SAFE;1;1;1;-1;-1;4403.05;8.76;8.76;8.73;0.00;KELLY_LITE;true;0.04;213256.22;0.0417;KELLY_LITE(mult=1.50 taper=1.00 n=20)+HARD_RISK_CAP(2.0%)+MAXLOSS_CAP;213256.22;213264.98;33;0
2026.08.12 07:56:45;XAUUSD;5;1786445846;PROFIT_RATCHET_LOCKED;floor=3.71 peak=8.73;MANAGE_PROFIT;SAFE;1;1;1;-1;-1;4403.05;8.76;8.76;8.73;0.00;KELLY_LITE;true;0.04;213256.22;0.0417;KELLY_LITE(mult=1.50 taper=1.00 n=20)+HARD_RISK_CAP(2.0%)+MAXLOSS_CAP;213256.22;213264.98;33;0
2026.08.12 07:56:45;XAUUSD;5;1786445846;PROFIT_RATCHET_LOCKED;floor=3.72 peak=8.76;MANAGE_PROFIT;SAFE;1;1;1;-1;-1;4403.05;8.76;8.76;8.76;0.00;KELLY_LITE;true;0.04;213256.22;0.0417;KELLY_LITE(mult=1.50 taper=1.00 n=20)+HARD_RISK_CAP(2.0%)+MAXLOSS_CAP;213256.22;213264.98;33;0
2026.08.12 07:56:45;XAUUSD;5;1786445846;PROFIT_RATCHET_LOCKED;floor=3.72 peak=8.76;MANAGE_PROFIT;SAFE;1;1;1;-1;-1;4403.05;8.73;8.73;8.76;0.00;KELLY_LITE;true;0.04;213256.22;0.0417;KELLY_LITE(mult=1.50 taper=1.00 n=20)+HARD_RISK_CAP(2.0%)+MAXLOSS_CAP;213256.22;213264.95;33;0
2026.08.12 07:56:45;XAUUSD;5;1786445846;PROFIT_RATCHET_LOCKED;floor=3.72 peak=8.76;MANAGE_PROFIT;SAFE;1;1;1;-1;-1;4403.05;8.73;8.73;8.76;0.00;KELLY_LITE;true;0.04;213256.22;0.0417;KELLY_LITE(mult=1.50 taper=1.00 n=20)+HARD_RISK_CAP(2.0%)+MAXLOSS_CAP;213256.22;213264.95;36;0
2026.08.12 07:56:45;XAUUSD;5;1786445846;PROFIT_RATCHET_LOCKED;floor=3.72 peak=8.76;MANAGE_PROFIT;SAFE;1;1;1;-1;-1;4403.05;8.76;8.76;8.76;0.00;KELLY_LITE;true;0.04;213256.22;0.0417;KELLY_LITE(mult=1.50 taper=1.00 n=20)+HARD_RISK_CAP(2.0%)+MAXLOSS_CAP;213256.22;213264.98;36;0
2026.08.12 07:56:46;XAUUSD;5;1786445846;SL_MODIFIED;ticket=118919015 oldSL=4405.44 newSL=4405.48 reason=break_even_lock_leg_0;MANAGE_PROFIT;SAFE;1;1;1;-1;-1;4403.05;9.09;9.09;8.85;0.00;KELLY_LITE;true;0.04;213256.22;0.0417;KELLY_LITE(mult=1.50 taper=1.00 n=20)+HARD_RISK_CAP(2.0%)+MAXLOSS_CAP;213256.22;213265.31;36;0
2026.08.12 07:56:46;XAUUSD;5;1786445846;PROFIT_RATCHET_LOCKED;floor=3.76 peak=8.85;MANAGE_PROFIT;SAFE;1;1;1;-1;-1;4403.05;9.09;9.09;8.85;0.00;KELLY_LITE;true;0.04;213256.22;0.0417;KELLY_LITE(mult=1.50 taper=1.00 n=20)+HARD_RISK_CAP(2.0%)+MAXLOSS_CAP;213256.22;213265.31;36;0
2026.08.12 07:56:47;XAUUSD;5;1786445846;SL_MODIFIED;ticket=118919015 oldSL=4405.48 newSL=4405.56 reason=break_even_lock_leg_0;MANAGE_PROFIT;SAFE;1;1;1;-1;-1;4403.05;9.36;9.36;9.09;0.00;KELLY_LITE;true;0.04;213256.22;0.0417;KELLY_LITE(mult=1.50 taper=1.00 n=20)+HARD_RISK_CAP(2.0%)+MAXLOSS_CAP;213256.22;213265.58;36;0
2026.08.12 07:56:47;XAUUSD;5;1786445846;PROFIT_RATCHET_LOCKED;floor=3.86 peak=9.09;MANAGE_PROFIT;SAFE;1;1;1;-1;-1;4403.05;9.36;9.36;9.09;0.00;KELLY_LITE;true;0.04;213256.22;0.0417;KELLY_LITE(mult=1.50 taper=1.00 n=20)+HARD_RISK_CAP(2.0%)+MAXLOSS_CAP;213256.22;213265.58;36;0
2026.08.12 07:56:47;XAUUSD;5;1786445846;SL_MODIFIED;ticket=118919015 oldSL=4405.56 newSL=4405.65 reason=break_even_lock_leg_0;MANAGE_PROFIT;SAFE;1;1;1;-1;-1;4403.05;9.33;9.33;9.36;0.00;KELLY_LITE;true;0.04;213256.22;0.0417;KELLY_LITE(mult=1.50 taper=1.00 n=20)+HARD_RISK_CAP(2.0%)+MAXLOSS_CAP;213256.22;213265.55;36;0
2026.08.12 07:56:47;XAUUSD;5;1786445846;PROFIT_RATCHET_LOCKED;floor=3.98 peak=9.36;MANAGE_PROFIT;SAFE;1;1;1;-1;-1;4403.05;9.33;9.33;9.36;0.00;KELLY_LITE;true;0.04;213256.22;0.0417;KELLY_LITE(mult=1.50 taper=1.00 n=20)+HARD_RISK_CAP(2.0%)+MAXLOSS_CAP;213256.22;213265.55;36;0
2026.08.12 07:56:47;XAUUSD;5;1786445846;PROFIT_RATCHET_LOCKED;floor=3.98 peak=9.36;MANAGE_PROFIT;SAFE;1;1;1;-1;-1;4403.05;9.33;9.33;9.36;0.00;KELLY_LITE;true;0.04;213256.22;0.0417;KELLY_LITE(mult=1.50 taper=1.00 n=20)+HARD_RISK_CAP(2.0%)+MAXLOSS_CAP;213256.22;213265.55;36;0
2026.08.12 07:56:47;XAUUSD;5;1786445846;PROFIT_RATCHET_LOCKED;floor=3.98 peak=9.36;MANAGE_PROFIT;SAFE;1;1;1;-1;-1;4403.05;9.24;9.24;9.36;0.00;KELLY_LITE;true;0.04;213256.22;0.0417;KELLY_LITE(mult=1.50 taper=1.00 n=20)+HARD_RISK_CAP(2.0%)+MAXLOSS_CAP;213256.22;213265.46;36;0
2026.08.12 07:56:48;XAUUSD;5;1786445846;PROFIT_RATCHET_LOCKED;floor=3.98 peak=9.36;MANAGE_PROFIT;SAFE;1;1;1;-1;-1;4403.05;9.15;9.15;9.36;0.00;KELLY_LITE;true;0.04;213256.22;0.0417;KELLY_LITE(mult=1.50 taper=1.00 n=20)+HARD_RISK_CAP(2.0%)+MAXLOSS_CAP;213256.22;213265.37;36;0
2026.08.12 07:56:49;XAUUSD;5;1786445846;SL_MODIFY_FAILED;ticket=118919015 newSL=4405.67 reason=break_even_lock_leg_0 err=0;MANAGE_PROFIT;SAFE;1;1;1;-1;-1;4403.05;7.95;7.95;9.42;0.00;KELLY_LITE;true;0.04;213256.22;0.0417;KELLY_LITE(mult=1.50 taper=1.00 n=20)+HARD_RISK_CAP(2.0%)+MAXLOSS_CAP;213256.22;213264.17;36;0
2026.08.12 07:56:49;XAUUSD;5;1786445846;PROFIT_RATCHET_LOCKED;floor=4.00 peak=9.42;MANAGE_PROFIT;SAFE;1;1;1;-1;-1;4403.05;7.95;7.95;9.42;0.00;KELLY_LITE;true;0.04;213256.22;0.0417;KELLY_LITE(mult=1.50 taper=1.00 n=20)+HARD_RISK_CAP(2.0%)+MAXLOSS_CAP;213256.22;213264.17;36;0
2026.08.12 07:56:49;XAUUSD;5;1786445846;EXIT_TIERED_TRAIL;profit=7.95 peak=9.42 allowedRetrace=1.41;MANAGE_PROFIT;SAFE;1;1;1;-1;-1;4403.05;7.95;7.95;9.42;0.00;KELLY_LITE;true;0.04;213256.22;0.0417;KELLY_LITE(mult=1.50 taper=1.00 n=20)+HARD_RISK_CAP(2.0%)+MAXLOSS_CAP;213256.22;213264.17;36;0
2026.08.12 07:56:49;XAUUSD;5;1786445846;POSITION_CLOSED;ticket=118919015 reason=tiered_profit_trail lots=0.03 price=4405.70 pnl=7.95;MANAGE_PROFIT;SAFE;0;1;1;-1;-1;4403.05;0.00;0.00;9.42;0.00;KELLY_LITE;true;0.04;213256.22;0.0417;KELLY_LITE(mult=1.50 taper=1.00 n=20)+HARD_RISK_CAP(2.0%)+MAXLOSS_CAP;213264.08;213264.08;36;0
2026.08.12 07:56:50;XAUUSD;5;1786445846;PENDING_DELETED;ticket=118919360 reason=close_all_hedge;MANAGE_PROFIT;SAFE;0;0;0;-1;-1;4403.05;0.00;0.00;9.42;0.00;KELLY_LITE;true;0.04;213256.22;0.0417;KELLY_LITE(mult=1.50 taper=1.00 n=20)+HARD_RISK_CAP(2.0%)+MAXLOSS_CAP;213264.08;213264.08;36;0
2026.08.12 07:56:50;XAUUSD;5;1786445846;CYCLE_RESET;oldState=RESET realizedPnL=7.86 peak=9.42 worst=0.00 pyramid=0 consLosses=0;RESET;SAFE;0;0;0;-1;-1;4403.05;0.00;0.00;9.42;0.00;KELLY_LITE;true;0.04;213256.22;0.0417;KELLY_LITE(mult=1.50 taper=1.00 n=20)+HARD_RISK_CAP(2.0%)+MAXLOSS_CAP;213264.08;213264.08;36;0
2026.08.12 08:01:50;XAUUSD;5;1786445846;FILTER_BLOCK_TREND;TREND_NEUTRAL_EMA;BLOCKED;SAFE;0;0;0;-1;-1;0.00;0.00;0.00;0.00;0.00;KELLY_LITE;true;0.04;213256.22;0.0417;KELLY_LITE(mult=1.50 taper=1.00 n=20)+HARD_RISK_CAP(2.0%)+MAXLOSS_CAP;213264.08;213264.08;35;0
2026.08.12 08:06:50;XAUUSD;5;1786445846;FILTER_BLOCK_TREND;TREND_NEUTRAL_EMA;BLOCKED;SAFE;0;0;0;-1;-1;0.00;0.00;0.00;0.00;0.00;KELLY_LITE;true;0.04;213256.22;0.0417;KELLY_LITE(mult=1.50 taper=1.00 n=20)+HARD_RISK_CAP(2.0%)+MAXLOSS_CAP;213264.08;213264.08;36;0
2026.08.12 08:11:50;XAUUSD;5;1786445846;FILTER_BLOCK_TREND;TREND_NEUTRAL_EMA;BLOCKED;SAFE;0;0;0;-1;-1;0.00;0.00;0.00;0.00;0.00;KELLY_LITE;true;0.04;213256.22;0.0417;KELLY_LITE(mult=1.50 taper=1.00 n=20)+HARD_RISK_CAP(2.0%)+MAXLOSS_CAP;213264.08;213264.08;36;0
2026.08.12 08:16:50;XAUUSD;5;1786445847;PLACE_PENDING_START;cycle=1786445847 trend=1 consecLosses=0 preset=AGGRESSIVE;PLACE_PENDING;SAFE;0;0;0;-1;-1;0.00;0.00;0.00;0.00;0.00;KELLY_LITE;true;0.04;213256.22;0.0417;KELLY_LITE(mult=1.50 taper=1.00 n=20)+HARD_RISK_CAP(2.0%)+MAXLOSS_CAP;213264.08;213264.08;36;0
2026.08.12 08:16:50;XAUUSD;5;1786445847;DIR_OCO_PLACED;dir=BULL ticket=118925373 price=4401.70 sl=4386.70 tp=4424.20 lot=0.04 dist=1.54;PLACE_PENDING;SAFE;0;1;0;118925373;-1;0.00;0.00;0.00;0.00;0.00;KELLY_LITE;true;0.04;213264.08;0.0417;KELLY_LITE(mult=1.50 taper=1.00 n=20)+HARD_RISK_CAP(2.0%)+MAXLOSS_CAP;213264.08;213264.08;36;0
2026.08.12 08:16:51;XAUUSD;5;1786445847;DIR_OCO_COUNTER_PLACED;dir=BEAR(counter) ticket=118925377 price=4398.45 lot=0.03;PLACE_PENDING;SAFE;0;2;0;118925373;118925377;0.00;0.00;0.00;0.00;0.00;KELLY_LITE;true;0.04;213264.08;0.0417;KELLY_LITE(mult=1.50 taper=1.00 n=20)+HARD_RISK_CAP(2.0%)+MAXLOSS_CAP;213264.08;213264.08;36;0
2026.08.12 08:16:59;XAUUSD;5;1786445847;BUY_STOP_TRAILED;Old=4401.70 New=4401.39;WAIT_TRIGGER;SAFE;0;2;0;118925373;118925377;0.00;0.00;0.00;0.00;0.00;KELLY_LITE;true;0.04;213264.08;0.0417;KELLY_LITE(mult=1.50 taper=1.00 n=20)+HARD_RISK_CAP(2.0%)+MAXLOSS_CAP;213264.08;213264.08;36;0
2026.08.12 08:17:09;XAUUSD;5;1786445847;BUY_STOP_TRAILED;Old=4401.39 New=4401.05;WAIT_TRIGGER;SAFE;0;2;0;118925373;118925377;0.00;0.00;0.00;0.00;0.00;KELLY_LITE;true;0.04;213264.08;0.0417;KELLY_LITE(mult=1.50 taper=1.00 n=20)+HARD_RISK_CAP(2.0%)+MAXLOSS_CAP;213264.08;213264.08;36;0
2026.08.12 08:18:19;XAUUSD;5;1786445847;BUY_STOP_TRAILED;Old=4401.05 New=4400.73;WAIT_TRIGGER;SAFE;0;2;0;118925373;118925377;0.00;0.00;0.00;0.00;0.00;KELLY_LITE;true;0.04;213264.08;0.0417;KELLY_LITE(mult=1.50 taper=1.00 n=20)+HARD_RISK_CAP(2.0%)+MAXLOSS_CAP;213264.08;213264.08;36;0
2026.08.12 08:20:30;XAUUSD;5;1786445847;BUY_STOP_TRAILED;Old=4400.73 New=4400.40;WAIT_TRIGGER;SAFE;1;1;0;118925373;118925377;0.00;-0.93;-0.93;0.00;0.00;KELLY_LITE;true;0.04;213264.08;0.0417;KELLY_LITE(mult=1.50 taper=1.00 n=20)+HARD_RISK_CAP(2.0%)+MAXLOSS_CAP;213264.08;213263.15;36;0
2026.08.12 08:20:30;XAUUSD;5;1786445847;OCO_TRIGGERED_SELL;ticket=118925377 entry=4398.45;POSITION_ACTIVE;SAFE;1;1;0;118925373;-1;0.00;-0.93;-0.93;0.00;0.00;KELLY_LITE;true;0.04;213264.08;0.0417;KELLY_LITE(mult=1.50 taper=1.00 n=20)+HARD_RISK_CAP(2.0%)+MAXLOSS_CAP;213264.08;213263.15;36;0
2026.08.12 08:20:30;XAUUSD;5;1786445847;PENDING_DELETED;ticket=118925373 reason=oco_sell_triggered;POSITION_ACTIVE;SAFE;1;0;0;118925373;-1;0.00;-0.57;-0.57;0.00;0.00;KELLY_LITE;true;0.04;213264.08;0.0417;KELLY_LITE(mult=1.50 taper=1.00 n=20)+HARD_RISK_CAP(2.0%)+MAXLOSS_CAP;213264.08;213263.51;36;0
2026.08.12 08:20:30;XAUUSD;5;1786445847;HEDGE_PENDING_PLACED;dir=BUY_STOP ticket=118926181 price=4401.64 sl=4398.64 lot=0.05 mainEntry=4398.45 dist=3.00 confirmBars=1;POSITION_ACTIVE;SAFE;1;1;1;-1;-1;4398.45;-0.57;-0.57;0.00;-0.57;KELLY_LITE;true;0.04;213264.08;0.0417;KELLY_LITE(mult=1.50 taper=1.00 n=20)+HARD_RISK_CAP(2.0%)+MAXLOSS_CAP;213264.08;213263.51;36;0
2026.08.12 08:27:45;XAUUSD;5;1786445847;SL_MODIFIED;ticket=118926181 oldSL=4398.64 newSL=4401.44 reason=hedge_giveback_lock;MANAGE_PROFIT;SAFE;2;0;1;-1;-1;4398.45;-9.93;1.80;0.03;-11.23;KELLY_LITE;true;0.04;213264.08;0.0417;KELLY_LITE(mult=1.50 taper=1.00 n=20)+HARD_RISK_CAP(2.0%)+MAXLOSS_CAP;213264.08;213254.15;36;0
2026.08.12 08:27:46;XAUUSD;5;1786445847;SL_MODIFIED;ticket=118926181 oldSL=4401.44 newSL=4401.48 reason=hedge_giveback_lock;MANAGE_PROFIT;SAFE;2;0;1;-1;-1;4398.45;-9.91;1.85;0.03;-11.23;KELLY_LITE;true;0.04;213264.08;0.0417;KELLY_LITE(mult=1.50 taper=1.00 n=20)+HARD_RISK_CAP(2.0%)+MAXLOSS_CAP;213264.08;213254.17;36;0
2026.08.12 08:27:47;XAUUSD;5;1786445847;SL_MODIFIED;ticket=118926181 oldSL=4401.48 newSL=4401.73 reason=hedge_giveback_lock;MANAGE_PROFIT;SAFE;2;0;1;-1;-1;4398.45;-9.27;3.45;0.03;-11.23;KELLY_LITE;true;0.04;213264.08;0.0417;KELLY_LITE(mult=1.50 taper=1.00 n=20)+HARD_RISK_CAP(2.0%)+MAXLOSS_CAP;213264.08;213254.81;36;0
2026.08.12 08:27:47;XAUUSD;5;1786445847;SL_MODIFIED;ticket=118926181 oldSL=4401.73 newSL=4401.81 reason=hedge_giveback_lock;MANAGE_PROFIT;SAFE;2;0;1;-1;-1;4398.45;-9.02;3.45;0.03;-11.23;KELLY_LITE;true;0.04;213264.08;0.0417;KELLY_LITE(mult=1.50 taper=1.00 n=20)+HARD_RISK_CAP(2.0%)+MAXLOSS_CAP;213264.08;213255.06;36;0
2026.08.12 08:27:48;XAUUSD;5;1786445847;SL_MODIFIED;ticket=118926181 oldSL=4401.81 newSL=4401.86 reason=hedge_giveback_lock;MANAGE_PROFIT;SAFE;2;0;1;-1;-1;4398.45;-9.17;3.70;0.03;-11.23;KELLY_LITE;true;0.04;213264.08;0.0417;KELLY_LITE(mult=1.50 taper=1.00 n=20)+HARD_RISK_CAP(2.0%)+MAXLOSS_CAP;213264.08;213254.91;36;0
2026.08.12 08:27:50;XAUUSD;5;1786445847;POSITION_CLOSED;ticket=118926181 reason=hedge_reversal_giveback_cap lots=0.05 price=4402.07 pnl=2.15;MANAGE_PROFIT;SAFE;1;0;1;-1;-1;4398.45;-11.88;-11.88;0.03;-11.23;KELLY_LITE;true;0.04;213264.08;0.0417;KELLY_LITE(mult=1.50 taper=1.00 n=20)+HARD_RISK_CAP(2.0%)+MAXLOSS_CAP;213266.13;213254.25;36;0
2026.08.12 08:27:50;XAUUSD;5;1786445847;HEDGE_CLOSED_REVERSAL;profit=2.15 peak=3.75 giveback=1.60 cap=1.50 reason=giveback_cap ok=1;MANAGE_PROFIT;SAFE;1;0;1;-1;-1;4398.45;-11.88;-11.88;0.03;-11.23;KELLY_LITE;true;0.04;213264.08;0.0417;KELLY_LITE(mult=1.50 taper=1.00 n=20)+HARD_RISK_CAP(2.0%)+MAXLOSS_CAP;213266.13;213254.25;36;0
2026.08.12 08:32:42;XAUUSD;5;1786445847;EXIT_TIME_LOSS;held=12 profit=-15.00;MANAGE_PROFIT;SAFE;1;0;1;-1;-1;4398.45;-15.00;-15.00;0.03;-15.00;KELLY_LITE;true;0.04;213264.08;0.0417;KELLY_LITE(mult=1.50 taper=1.00 n=20)+HARD_RISK_CAP(2.0%)+MAXLOSS_CAP;213266.13;213251.13;36;0
2026.08.12 08:32:42;XAUUSD;5;1786445847;POSITION_CLOSED;ticket=118925377 reason=time_loss_exit lots=0.03 price=4403.45 pnl=-15.00;MANAGE_PROFIT;SAFE;0;0;1;-1;-1;4398.45;0.00;0.00;0.03;-15.00;KELLY_LITE;true;0.04;213264.08;0.0417;KELLY_LITE(mult=1.50 taper=1.00 n=20)+HARD_RISK_CAP(2.0%)+MAXLOSS_CAP;213251.16;213251.16;36;0
2026.08.12 08:32:42;XAUUSD;5;1786445847;CYCLE_RESET;oldState=RESET realizedPnL=-12.92 peak=0.03 worst=-15.00 pyramid=0 consLosses=1;RESET;SAFE;0;0;0;-1;-1;4398.45;0.00;0.00;0.03;-15.00;KELLY_LITE;true;0.04;213264.08;0.0417;KELLY_LITE(mult=1.50 taper=1.00 n=20)+HARD_RISK_CAP(2.0%)+MAXLOSS_CAP;213251.16;213251.16;36;0
2026.08.12 08:37:42;XAUUSD;5;1786445848;PLACE_PENDING_START;cycle=1786445848 trend=1 consecLosses=1 preset=AGGRESSIVE;PLACE_PENDING;SAFE;0;0;0;-1;-1;0.00;0.00;0.00;0.00;0.00;KELLY_LITE;true;0.04;213264.08;0.0417;KELLY_LITE(mult=1.50 taper=1.00 n=20)+HARD_RISK_CAP(2.0%)+MAXLOSS_CAP;213251.16;213251.16;36;0
2026.08.12 08:37:42;XAUUSD;5;1786445848;DIR_OCO_PLACED;dir=BULL ticket=118929706 price=4406.92 sl=4391.92 tp=4429.42 lot=0.04 dist=1.54;PLACE_PENDING;SAFE;0;1;0;118929706;-1;0.00;0.00;0.00;0.00;0.00;KELLY_LITE;true;0.04;213251.16;0.0417;KELLY_LITE(mult=1.50 taper=1.00 n=20)+HARD_RISK_CAP(2.0%)+MAXLOSS_CAP;213251.16;213251.16;36;0
2026.08.12 08:37:43;XAUUSD;5;1786445848;DIR_OCO_COUNTER_PLACED;dir=BEAR(counter) ticket=118929708 price=4403.39 lot=0.03;PLACE_PENDING;SAFE;0;2;0;118929706;118929708;0.00;0.00;0.00;0.00;0.00;KELLY_LITE;true;0.04;213251.16;0.0417;KELLY_LITE(mult=1.50 taper=1.00 n=20)+HARD_RISK_CAP(2.0%)+MAXLOSS_CAP;213251.16;213251.16;36;0
2026.08.12 08:38:17;XAUUSD;5;1786445848;BUY_STOP_TRAILED;Old=4406.92 New=4406.55;WAIT_TRIGGER;SAFE;0;2;0;118929706;118929708;0.00;0.00;0.00;0.00;0.00;KELLY_LITE;true;0.04;213251.16;0.0417;KELLY_LITE(mult=1.50 taper=1.00 n=20)+HARD_RISK_CAP(2.0%)+MAXLOSS_CAP;213251.16;213251.16;36;0
2026.08.12 08:38:33;XAUUSD;5;1786445848;SELL_STOP_TRAILED;Old=4403.39 New=4403.75;WAIT_TRIGGER;SAFE;0;2;0;118929706;118929708;0.00;0.00;0.00;0.00;0.00;KELLY_LITE;true;0.04;213251.16;0.0417;KELLY_LITE(mult=1.50 taper=1.00 n=20)+HARD_RISK_CAP(2.0%)+MAXLOSS_CAP;213251.16;213251.16;36;0
2026.08.12 08:38:42;XAUUSD;5;1786445848;SELL_STOP_TRAILED;Old=4403.75 New=4404.11;WAIT_TRIGGER;SAFE;0;2;0;118929706;118929708;0.00;0.00;0.00;0.00;0.00;KELLY_LITE;true;0.04;213251.16;0.0417;KELLY_LITE(mult=1.50 taper=1.00 n=20)+HARD_RISK_CAP(2.0%)+MAXLOSS_CAP;213251.16;213251.16;36;0
2026.08.12 08:39:08;XAUUSD;5;1786445848;SELL_STOP_TRAILED;Old=4404.11 New=4404.47;WAIT_TRIGGER;SAFE;1;1;0;118929706;118929708;0.00;2.92;2.92;0.00;0.00;KELLY_LITE;true;0.04;213251.16;0.0417;KELLY_LITE(mult=1.50 taper=1.00 n=20)+HARD_RISK_CAP(2.0%)+MAXLOSS_CAP;213251.16;213254.08;37;0
2026.08.12 08:39:08;XAUUSD;5;1786445848;OCO_TRIGGERED_BUY;ticket=118929706 entry=4406.55;POSITION_ACTIVE;SAFE;1;1;0;-1;118929708;0.00;2.92;2.92;0.00;0.00;KELLY_LITE;true;0.04;213251.16;0.0417;KELLY_LITE(mult=1.50 taper=1.00 n=20)+HARD_RISK_CAP(2.0%)+MAXLOSS_CAP;213251.16;213254.08;37;0
2026.08.12 08:39:08;XAUUSD;5;1786445848;PENDING_DELETED;ticket=118929708 reason=oco_buy_triggered;POSITION_ACTIVE;SAFE;1;0;0;-1;118929708;0.00;3.12;3.12;0.00;0.00;KELLY_LITE;true;0.04;213251.16;0.0417;KELLY_LITE(mult=1.50 taper=1.00 n=20)+HARD_RISK_CAP(2.0%)+MAXLOSS_CAP;213251.16;213254.28;36;0
2026.08.12 08:39:08;XAUUSD;5;1786445848;HEDGE_PENDING_PLACED;dir=SELL_STOP ticket=118930048 price=4404.33 sl=4407.33 lot=0.05 mainEntry=4406.55 dist=3.00 confirmBars=1;POSITION_ACTIVE;SAFE;1;1;1;-1;-1;4406.55;2.40;2.40;3.12;0.00;KELLY_LITE;true;0.04;213251.16;0.0417;KELLY_LITE(mult=1.50 taper=1.00 n=20)+HARD_RISK_CAP(2.0%)+MAXLOSS_CAP;213251.16;213253.56;33;0
2026.08.12 08:48:45;XAUUSD;5;1786445848;SL_MODIFIED;ticket=118929706 oldSL=4394.55 newSL=4408.59 reason=break_even_lock_leg_0;MANAGE_PROFIT;SAFE;1;1;1;-1;-1;4406.55;10.64;10.64;10.24;-3.44;KELLY_LITE;true;0.04;213251.16;0.0417;KELLY_LITE(mult=1.50 taper=1.00 n=20)+HARD_RISK_CAP(2.0%)+MAXLOSS_CAP;213251.16;213261.80;36;0
2026.08.12 08:48:45;XAUUSD;5;1786445848;PROFIT_RATCHET_LOCKED;floor=3.46 peak=10.24;MANAGE_PROFIT;SAFE;1;1;1;-1;-1;4406.55;10.64;10.64;10.24;-3.44;KELLY_LITE;true;0.04;213251.16;0.0417;KELLY_LITE(mult=1.50 taper=1.00 n=20)+HARD_RISK_CAP(2.0%)+MAXLOSS_CAP;213251.16;213261.80;36;0
2026.08.12 08:48:46;XAUUSD;5;1786445848;SL_MODIFY_FAILED;ticket=118929706 newSL=4408.69 reason=break_even_lock_leg_0 err=0;MANAGE_PROFIT;SAFE;1;1;1;-1;-1;4406.55;9.56;9.56;10.64;-3.44;KELLY_LITE;true;0.04;213251.16;0.0417;KELLY_LITE(mult=1.50 taper=1.00 n=20)+HARD_RISK_CAP(2.0%)+MAXLOSS_CAP;213251.16;213260.72;36;0
2026.08.12 08:48:46;XAUUSD;5;1786445848;PROFIT_RATCHET_LOCKED;floor=3.59 peak=10.64;MANAGE_PROFIT;SAFE;1;1;1;-1;-1;4406.55;9.56;9.56;10.64;-3.44;KELLY_LITE;true;0.04;213251.16;0.0417;KELLY_LITE(mult=1.50 taper=1.00 n=20)+HARD_RISK_CAP(2.0%)+MAXLOSS_CAP;213251.16;213260.72;36;0
2026.08.12 08:48:46;XAUUSD;5;1786445848;PROFIT_RATCHET_LOCKED;floor=3.59 peak=10.64;MANAGE_PROFIT;SAFE;1;1;1;-1;-1;4406.55;9.56;9.56;10.64;-3.44;KELLY_LITE;true;0.04;213251.16;0.0417;KELLY_LITE(mult=1.50 taper=1.00 n=20)+HARD_RISK_CAP(2.0%)+MAXLOSS_CAP;213251.16;213260.72;36;0
2026.08.12 08:48:46;XAUUSD;5;1786445848;PROFIT_RATCHET_LOCKED;floor=3.59 peak=10.64;MANAGE_PROFIT;SAFE;1;1;1;-1;-1;4406.55;9.60;9.60;10.64;-3.44;KELLY_LITE;true;0.04;213251.16;0.0417;KELLY_LITE(mult=1.50 taper=1.00 n=20)+HARD_RISK_CAP(2.0%)+MAXLOSS_CAP;213251.16;213260.76;36;0
2026.08.12 08:48:46;XAUUSD;5;1786445848;PROFIT_RATCHET_LOCKED;floor=3.59 peak=10.64;MANAGE_PROFIT;SAFE;1;1;1;-1;-1;4406.55;9.52;9.52;10.64;-3.44;KELLY_LITE;true;0.04;213251.16;0.0417;KELLY_LITE(mult=1.50 taper=1.00 n=20)+HARD_RISK_CAP(2.0%)+MAXLOSS_CAP;213251.16;213260.68;36;0
2026.08.12 08:48:47;XAUUSD;5;1786445848;PROFIT_RATCHET_LOCKED;floor=3.59 peak=10.64;MANAGE_PROFIT;SAFE;1;1;1;-1;-1;4406.55;9.48;9.48;10.64;-3.44;KELLY_LITE;true;0.04;213251.16;0.0417;KELLY_LITE(mult=1.50 taper=1.00 n=20)+HARD_RISK_CAP(2.0%)+MAXLOSS_CAP;213251.16;213260.64;36;0
2026.08.12 08:48:47;XAUUSD;5;1786445848;PROFIT_RATCHET_LOCKED;floor=3.59 peak=10.64;MANAGE_PROFIT;SAFE;1;1;1;-1;-1;4406.55;9.40;9.40;10.64;-3.44;KELLY_LITE;true;0.04;213251.16;0.0417;KELLY_LITE(mult=1.50 taper=1.00 n=20)+HARD_RISK_CAP(2.0%)+MAXLOSS_CAP;213251.16;213260.56;36;0
2026.08.12 08:48:47;XAUUSD;5;1786445848;PROFIT_RATCHET_LOCKED;floor=3.59 peak=10.64;MANAGE_PROFIT;SAFE;1;1;1;-1;-1;4406.55;9.32;9.32;10.64;-3.44;KELLY_LITE;true;0.04;213251.16;0.0417;KELLY_LITE(mult=1.50 taper=1.00 n=20)+HARD_RISK_CAP(2.0%)+MAXLOSS_CAP;213251.16;213260.48;36;0
2026.08.12 08:48:48;XAUUSD;5;1786445848;PROFIT_RATCHET_LOCKED;floor=3.59 peak=10.64;MANAGE_PROFIT;SAFE;1;1;1;-1;-1;4406.55;9.28;9.28;10.64;-3.44;KELLY_LITE;true;0.04;213251.16;0.0417;KELLY_LITE(mult=1.50 taper=1.00 n=20)+HARD_RISK_CAP(2.0%)+MAXLOSS_CAP;213251.16;213260.44;36;0
2026.08.12 08:48:48;XAUUSD;5;1786445848;PROFIT_RATCHET_LOCKED;floor=3.59 peak=10.64;MANAGE_PROFIT;SAFE;1;1;1;-1;-1;4406.55;9.24;9.24;10.64;-3.44;KELLY_LITE;true;0.04;213251.16;0.0417;KELLY_LITE(mult=1.50 taper=1.00 n=20)+HARD_RISK_CAP(2.0%)+MAXLOSS_CAP;213251.16;213260.40;36;0
2026.08.12 08:48:49;XAUUSD;5;1786445848;PROFIT_RATCHET_LOCKED;floor=3.59 peak=10.64;MANAGE_PROFIT;SAFE;1;1;1;-1;-1;4406.55;9.32;9.32;10.64;-3.44;KELLY_LITE;true;0.04;213251.16;0.0417;KELLY_LITE(mult=1.50 taper=1.00 n=20)+HARD_RISK_CAP(2.0%)+MAXLOSS_CAP;213251.16;213260.48;36;0
2026.08.12 08:48:49;XAUUSD;5;1786445848;PROFIT_RATCHET_LOCKED;floor=3.59 peak=10.64;MANAGE_PROFIT;SAFE;1;1;1;-1;-1;4406.55;9.36;9.36;10.64;-3.44;KELLY_LITE;true;0.04;213251.16;0.0417;KELLY_LITE(mult=1.50 taper=1.00 n=20)+HARD_RISK_CAP(2.0%)+MAXLOSS_CAP;213251.16;213260.52;36;0
2026.08.12 08:48:49;XAUUSD;5;1786445848;PROFIT_RATCHET_LOCKED;floor=3.59 peak=10.64;MANAGE_PROFIT;SAFE;1;1;1;-1;-1;4406.55;10.20;10.20;10.64;-3.44;KELLY_LITE;true;0.04;213251.16;0.0417;KELLY_LITE(mult=1.50 taper=1.00 n=20)+HARD_RISK_CAP(2.0%)+MAXLOSS_CAP;213251.16;213261.36;37;0
2026.08.12 08:48:50;XAUUSD;5;1786445848;PROFIT_RATCHET_LOCKED;floor=3.59 peak=10.64;MANAGE_PROFIT;SAFE;1;1;1;-1;-1;4406.55;10.28;10.28;10.64;-3.44;KELLY_LITE;true;0.04;213251.16;0.0417;KELLY_LITE(mult=1.50 taper=1.00 n=20)+HARD_RISK_CAP(2.0%)+MAXLOSS_CAP;213251.16;213261.44;36;0
2026.08.12 08:48:50;XAUUSD;5;1786445848;PROFIT_RATCHET_LOCKED;floor=3.59 peak=10.64;MANAGE_PROFIT;SAFE;1;1;1;-1;-1;4406.55;10.24;10.24;10.64;-3.44;KELLY_LITE;true;0.04;213251.16;0.0417;KELLY_LITE(mult=1.50 taper=1.00 n=20)+HARD_RISK_CAP(2.0%)+MAXLOSS_CAP;213251.16;213261.40;36;0
2026.08.12 08:48:50;XAUUSD;5;1786445848;PROFIT_RATCHET_LOCKED;floor=3.59 peak=10.64;MANAGE_PROFIT;SAFE;1;1;1;-1;-1;4406.55;10.12;10.12;10.64;-3.44;KELLY_LITE;true;0.04;213251.16;0.0417;KELLY_LITE(mult=1.50 taper=1.00 n=20)+HARD_RISK_CAP(2.0%)+MAXLOSS_CAP;213251.16;213261.28;36;0
2026.08.12 08:48:50;XAUUSD;5;1786445848;PROFIT_RATCHET_LOCKED;floor=3.59 peak=10.64;MANAGE_PROFIT;SAFE;1;1;1;-1;-1;4406.55;10.00;10.00;10.64;-3.44;KELLY_LITE;true;0.04;213251.16;0.0417;KELLY_LITE(mult=1.50 taper=1.00 n=20)+HARD_RISK_CAP(2.0%)+MAXLOSS_CAP;213251.16;213261.16;36;0
2026.08.12 08:48:51;XAUUSD;5;1786445848;PROFIT_RATCHET_LOCKED;floor=3.59 peak=10.64;MANAGE_PROFIT;SAFE;1;1;1;-1;-1;4406.55;10.16;10.16;10.64;-3.44;KELLY_LITE;true;0.04;213251.16;0.0417;KELLY_LITE(mult=1.50 taper=1.00 n=20)+HARD_RISK_CAP(2.0%)+MAXLOSS_CAP;213251.16;213261.32;36;0
2026.08.12 08:48:51;XAUUSD;5;1786445848;PROFIT_RATCHET_LOCKED;floor=3.59 peak=10.64;MANAGE_PROFIT;SAFE;1;1;1;-1;-1;4406.55;10.24;10.24;10.64;-3.44;KELLY_LITE;true;0.04;213251.16;0.0417;KELLY_LITE(mult=1.50 taper=1.00 n=20)+HARD_RISK_CAP(2.0%)+MAXLOSS_CAP;213251.16;213261.40;36;0
2026.08.12 08:48:52;XAUUSD;5;1786445848;PROFIT_RATCHET_LOCKED;floor=3.59 peak=10.64;MANAGE_PROFIT;SAFE;1;1;1;-1;-1;4406.55;10.32;10.32;10.64;-3.44;KELLY_LITE;true;0.04;213251.16;0.0417;KELLY_LITE(mult=1.50 taper=1.00 n=20)+HARD_RISK_CAP(2.0%)+MAXLOSS_CAP;213251.16;213261.48;36;0
2026.08.12 08:48:53;XAUUSD;5;1786445848;SL_MODIFIED;ticket=118929706 oldSL=4408.59 newSL=4408.62 reason=break_even_lock_leg_0;MANAGE_PROFIT;SAFE;1;1;1;-1;-1;4406.55;10.36;10.36;10.64;-3.44;KELLY_LITE;true;0.04;213251.16;0.0417;KELLY_LITE(mult=1.50 taper=1.00 n=20)+HARD_RISK_CAP(2.0%)+MAXLOSS_CAP;213251.16;213261.52;36;0
2026.08.12 08:48:53;XAUUSD;5;1786445848;PROFIT_RATCHET_LOCKED;floor=3.59 peak=10.64;MANAGE_PROFIT;SAFE;1;1;1;-1;-1;4406.55;10.36;10.36;10.64;-3.44;KELLY_LITE;true;0.04;213251.16;0.0417;KELLY_LITE(mult=1.50 taper=1.00 n=20)+HARD_RISK_CAP(2.0%)+MAXLOSS_CAP;213251.16;213261.52;36;0
2026.08.12 08:48:53;XAUUSD;5;1786445848;PROFIT_RATCHET_LOCKED;floor=3.59 peak=10.64;MANAGE_PROFIT;SAFE;1;1;1;-1;-1;4406.55;10.32;10.32;10.64;-3.44;KELLY_LITE;true;0.04;213251.16;0.0417;KELLY_LITE(mult=1.50 taper=1.00 n=20)+HARD_RISK_CAP(2.0%)+MAXLOSS_CAP;213251.16;213261.48;36;0
2026.08.12 08:48:54;XAUUSD;5;1786445848;PROFIT_RATCHET_LOCKED;floor=3.59 peak=10.64;MANAGE_PROFIT;SAFE;1;1;1;-1;-1;4406.55;10.20;10.20;10.64;-3.44;KELLY_LITE;true;0.04;213251.16;0.0417;KELLY_LITE(mult=1.50 taper=1.00 n=20)+HARD_RISK_CAP(2.0%)+MAXLOSS_CAP;213251.16;213261.36;36;0
2026.08.12 08:48:54;XAUUSD;5;1786445848;PROFIT_RATCHET_LOCKED;floor=3.59 peak=10.64;MANAGE_PROFIT;SAFE;1;1;1;-1;-1;4406.55;10.08;10.08;10.64;-3.44;KELLY_LITE;true;0.04;213251.16;0.0417;KELLY_LITE(mult=1.50 taper=1.00 n=20)+HARD_RISK_CAP(2.0%)+MAXLOSS_CAP;213251.16;213261.24;36;0
2026.08.12 08:48:55;XAUUSD;5;1786445848;PROFIT_RATCHET_LOCKED;floor=3.59 peak=10.64;MANAGE_PROFIT;SAFE;1;1;1;-1;-1;4406.55;10.12;10.12;10.64;-3.44;KELLY_LITE;true;0.04;213251.16;0.0417;KELLY_LITE(mult=1.50 taper=1.00 n=20)+HARD_RISK_CAP(2.0%)+MAXLOSS_CAP;213251.16;213261.28;36;0
2026.08.12 08:48:55;XAUUSD;5;1786445848;PROFIT_RATCHET_LOCKED;floor=3.59 peak=10.64;MANAGE_PROFIT;SAFE;1;1;1;-1;-1;4406.55;10.12;10.12;10.64;-3.44;KELLY_LITE;true;0.04;213251.16;0.0417;KELLY_LITE(mult=1.50 taper=1.00 n=20)+HARD_RISK_CAP(2.0%)+MAXLOSS_CAP;213251.16;213261.28;35;0
2026.08.12 08:48:55;XAUUSD;5;1786445848;PROFIT_RATCHET_LOCKED;floor=3.59 peak=10.64;MANAGE_PROFIT;SAFE;1;1;1;-1;-1;4406.55;10.08;10.08;10.64;-3.44;KELLY_LITE;true;0.04;213251.16;0.0417;KELLY_LITE(mult=1.50 taper=1.00 n=20)+HARD_RISK_CAP(2.0%)+MAXLOSS_CAP;213251.16;213261.24;36;0
2026.08.12 08:48:55;XAUUSD;5;1786445848;PROFIT_RATCHET_LOCKED;floor=3.59 peak=10.64;MANAGE_PROFIT;SAFE;1;1;1;-1;-1;4406.55;10.12;10.12;10.64;-3.44;KELLY_LITE;true;0.04;213251.16;0.0417;KELLY_LITE(mult=1.50 taper=1.00 n=20)+HARD_RISK_CAP(2.0%)+MAXLOSS_CAP;213251.16;213261.28;36;0
2026.08.12 08:48:56;XAUUSD;5;1786445848;PROFIT_RATCHET_LOCKED;floor=3.59 peak=10.64;MANAGE_PROFIT;SAFE;1;1;1;-1;-1;4406.55;10.08;10.08;10.64;-3.44;KELLY_LITE;true;0.04;213251.16;0.0417;KELLY_LITE(mult=1.50 taper=1.00 n=20)+HARD_RISK_CAP(2.0%)+MAXLOSS_CAP;213251.16;213261.24;36;0
2026.08.12 08:48:58;XAUUSD;5;1786445848;PROFIT_RATCHET_LOCKED;floor=3.59 peak=10.64;MANAGE_PROFIT;SAFE;1;1;1;-1;-1;4406.55;10.24;10.24;10.64;-3.44;KELLY_LITE;true;0.04;213251.16;0.0417;KELLY_LITE(mult=1.50 taper=1.00 n=20)+HARD_RISK_CAP(2.0%)+MAXLOSS_CAP;213251.16;213261.40;36;0
2026.08.12 08:48:58;XAUUSD;5;1786445848;PROFIT_RATCHET_LOCKED;floor=3.59 peak=10.64;MANAGE_PROFIT;SAFE;1;1;1;-1;-1;4406.55;10.16;10.16;10.64;-3.44;KELLY_LITE;true;0.04;213251.16;0.0417;KELLY_LITE(mult=1.50 taper=1.00 n=20)+HARD_RISK_CAP(2.0%)+MAXLOSS_CAP;213251.16;213261.32;36;0
2026.08.12 08:48:58;XAUUSD;5;1786445848;SL_MODIFIED;ticket=118929706 oldSL=4408.62 newSL=4408.67 reason=break_even_lock_leg_0;MANAGE_PROFIT;SAFE;1;1;1;-1;-1;4406.55;11.12;11.12;10.64;-3.44;KELLY_LITE;true;0.04;213251.16;0.0417;KELLY_LITE(mult=1.50 taper=1.00 n=20)+HARD_RISK_CAP(2.0%)+MAXLOSS_CAP;213251.16;213262.28;36;0
2026.08.12 08:48:58;XAUUSD;5;1786445848;PROFIT_RATCHET_LOCKED;floor=3.59 peak=10.64;MANAGE_PROFIT;SAFE;1;1;1;-1;-1;4406.55;11.12;11.12;10.64;-3.44;KELLY_LITE;true;0.04;213251.16;0.0417;KELLY_LITE(mult=1.50 taper=1.00 n=20)+HARD_RISK_CAP(2.0%)+MAXLOSS_CAP;213251.16;213262.28;36;0
2026.08.12 08:48:59;XAUUSD;5;1786445848;SL_MODIFIED;ticket=118929706 oldSL=4408.67 newSL=4408.81 reason=break_even_lock_leg_0;MANAGE_PROFIT;SAFE;1;1;1;-1;-1;4406.55;11.16;11.16;11.12;-3.44;KELLY_LITE;true;0.04;213251.16;0.0417;KELLY_LITE(mult=1.50 taper=1.00 n=20)+HARD_RISK_CAP(2.0%)+MAXLOSS_CAP;213251.16;213262.32;36;0
2026.08.12 08:48:59;XAUUSD;5;1786445848;PROFIT_RATCHET_LOCKED;floor=3.75 peak=11.12;MANAGE_PROFIT;SAFE;1;1;1;-1;-1;4406.55;11.16;11.16;11.12;-3.44;KELLY_LITE;true;0.04;213251.16;0.0417;KELLY_LITE(mult=1.50 taper=1.00 n=20)+HARD_RISK_CAP(2.0%)+MAXLOSS_CAP;213251.16;213262.32;36;0
2026.08.12 08:48:59;XAUUSD;5;1786445848;PROFIT_RATCHET_LOCKED;floor=3.77 peak=11.16;MANAGE_PROFIT;SAFE;1;1;1;-1;-1;4406.55;11.16;11.16;11.16;-3.44;KELLY_LITE;true;0.04;213251.16;0.0417;KELLY_LITE(mult=1.50 taper=1.00 n=20)+HARD_RISK_CAP(2.0%)+MAXLOSS_CAP;213251.16;213262.32;36;0
2026.08.12 08:48:59;XAUUSD;5;1786445848;SL_MODIFIED;ticket=118929706 oldSL=4408.81 newSL=4408.84 reason=break_even_lock_leg_0;MANAGE_PROFIT;SAFE;1;1;1;-1;-1;4406.55;11.36;11.36;11.24;-3.44;KELLY_LITE;true;0.04;213251.16;0.0417;KELLY_LITE(mult=1.50 taper=1.00 n=20)+HARD_RISK_CAP(2.0%)+MAXLOSS_CAP;213251.16;213262.52;36;0
2026.08.12 08:48:59;XAUUSD;5;1786445848;PROFIT_RATCHET_LOCKED;floor=3.79 peak=11.24;MANAGE_PROFIT;SAFE;1;1;1;-1;-1;4406.55;11.36;11.36;11.24;-3.44;KELLY_LITE;true;0.04;213251.16;0.0417;KELLY_LITE(mult=1.50 taper=1.00 n=20)+HARD_RISK_CAP(2.0%)+MAXLOSS_CAP;213251.16;213262.52;36;0
2026.08.12 08:49:00;XAUUSD;5;1786445848;PROFIT_RATCHET_LOCKED;floor=3.83 peak=11.36;MANAGE_PROFIT;SAFE;1;1;1;-1;-1;4406.55;10.96;10.96;11.36;-3.44;KELLY_LITE;true;0.04;213251.16;0.0417;KELLY_LITE(mult=1.50 taper=1.00 n=20)+HARD_RISK_CAP(2.0%)+MAXLOSS_CAP;213251.16;213262.12;36;0
2026.08.12 08:49:00;XAUUSD;5;1786445848;PROFIT_RATCHET_LOCKED;floor=3.83 peak=11.36;MANAGE_PROFIT;SAFE;1;1;1;-1;-1;4406.55;10.96;10.96;11.36;-3.44;KELLY_LITE;true;0.04;213251.16;0.0417;KELLY_LITE(mult=1.50 taper=1.00 n=20)+HARD_RISK_CAP(2.0%)+MAXLOSS_CAP;213251.16;213262.12;36;0
2026.08.12 08:49:00;XAUUSD;5;1786445848;PROFIT_RATCHET_LOCKED;floor=3.83 peak=11.36;MANAGE_PROFIT;SAFE;1;1;1;-1;-1;4406.55;10.88;10.88;11.36;-3.44;KELLY_LITE;true;0.04;213251.16;0.0417;KELLY_LITE(mult=1.50 taper=1.00 n=20)+HARD_RISK_CAP(2.0%)+MAXLOSS_CAP;213251.16;213262.04;36;0
2026.08.12 08:49:00;XAUUSD;5;1786445848;PROFIT_RATCHET_LOCKED;floor=3.83 peak=11.36;MANAGE_PROFIT;SAFE;1;1;1;-1;-1;4406.55;11.12;11.12;11.36;-3.44;KELLY_LITE;true;0.04;213251.16;0.0417;KELLY_LITE(mult=1.50 taper=1.00 n=20)+HARD_RISK_CAP(2.0%)+MAXLOSS_CAP;213251.16;213262.28;36;0
2026.08.12 08:49:00;XAUUSD;5;1786445848;PROFIT_RATCHET_LOCKED;floor=3.83 peak=11.36;MANAGE_PROFIT;SAFE;1;1;1;-1;-1;4406.55;11.08;11.08;11.36;-3.44;KELLY_LITE;true;0.04;213251.16;0.0417;KELLY_LITE(mult=1.50 taper=1.00 n=20)+HARD_RISK_CAP(2.0%)+MAXLOSS_CAP;213251.16;213262.24;36;0
2026.08.12 08:49:01;XAUUSD;5;1786445848;PROFIT_RATCHET_LOCKED;floor=3.83 peak=11.36;MANAGE_PROFIT;SAFE;1;1;1;-1;-1;4406.55;11.32;11.32;11.36;-3.44;KELLY_LITE;true;0.04;213251.16;0.0417;KELLY_LITE(mult=1.50 taper=1.00 n=20)+HARD_RISK_CAP(2.0%)+MAXLOSS_CAP;213251.16;213262.48;36;0
2026.08.12 08:49:01;XAUUSD;5;1786445848;PROFIT_RATCHET_LOCKED;floor=3.83 peak=11.36;MANAGE_PROFIT;SAFE;1;1;1;-1;-1;4406.55;11.28;11.28;11.36;-3.44;KELLY_LITE;true;0.04;213251.16;0.0417;KELLY_LITE(mult=1.50 taper=1.00 n=20)+HARD_RISK_CAP(2.0%)+MAXLOSS_CAP;213251.16;213262.44;36;0
2026.08.12 08:49:02;XAUUSD;5;1786445848;SL_MODIFIED;ticket=118929706 oldSL=4408.84 newSL=4408.90 reason=break_even_lock_leg_0;MANAGE_PROFIT;SAFE;1;1;1;-1;-1;4406.55;11.40;11.40;11.48;-3.44;KELLY_LITE;true;0.04;213251.16;0.0417;KELLY_LITE(mult=1.50 taper=1.00 n=20)+HARD_RISK_CAP(2.0%)+MAXLOSS_CAP;213251.16;213262.56;36;0
2026.08.12 08:49:02;XAUUSD;5;1786445848;PROFIT_RATCHET_LOCKED;floor=3.87 peak=11.48;MANAGE_PROFIT;SAFE;1;1;1;-1;-1;4406.55;11.40;11.40;11.48;-3.44;KELLY_LITE;true;0.04;213251.16;0.0417;KELLY_LITE(mult=1.50 taper=1.00 n=20)+HARD_RISK_CAP(2.0%)+MAXLOSS_CAP;213251.16;213262.56;36;0
2026.08.12 08:49:02;XAUUSD;5;1786445848;PROFIT_RATCHET_LOCKED;floor=3.87 peak=11.48;MANAGE_PROFIT;SAFE;1;1;1;-1;-1;4406.55;11.40;11.40;11.48;-3.44;KELLY_LITE;true;0.04;213251.16;0.0417;KELLY_LITE(mult=1.50 taper=1.00 n=20)+HARD_RISK_CAP(2.0%)+MAXLOSS_CAP;213251.16;213262.56;36;0
2026.08.12 08:49:02;XAUUSD;5;1786445848;PROFIT_RATCHET_LOCKED;floor=3.87 peak=11.48;MANAGE_PROFIT;SAFE;1;1;1;-1;-1;4406.55;11.32;11.32;11.48;-3.44;KELLY_LITE;true;0.04;213251.16;0.0417;KELLY_LITE(mult=1.50 taper=1.00 n=20)+HARD_RISK_CAP(2.0%)+MAXLOSS_CAP;213251.16;213262.48;36;0
2026.08.12 08:49:02;XAUUSD;5;1786445848;PROFIT_RATCHET_LOCKED;floor=3.87 peak=11.48;MANAGE_PROFIT;SAFE;1;1;1;-1;-1;4406.55;11.24;11.24;11.48;-3.44;KELLY_LITE;true;0.04;213251.16;0.0417;KELLY_LITE(mult=1.50 taper=1.00 n=20)+HARD_RISK_CAP(2.0%)+MAXLOSS_CAP;213251.16;213262.40;36;0
2026.08.12 08:49:03;XAUUSD;5;1786445848;PROFIT_RATCHET_LOCKED;floor=3.87 peak=11.48;MANAGE_PROFIT;SAFE;1;1;1;-1;-1;4406.55;10.96;10.96;11.48;-3.44;KELLY_LITE;true;0.04;213251.16;0.0417;KELLY_LITE(mult=1.50 taper=1.00 n=20)+HARD_RISK_CAP(2.0%)+MAXLOSS_CAP;213251.16;213262.12;36;0
2026.08.12 08:49:03;XAUUSD;5;1786445848;PROFIT_RATCHET_LOCKED;floor=3.87 peak=11.48;MANAGE_PROFIT;SAFE;1;1;1;-1;-1;4406.55;10.72;10.72;11.48;-3.44;KELLY_LITE;true;0.04;213251.16;0.0417;KELLY_LITE(mult=1.50 taper=1.00 n=20)+HARD_RISK_CAP(2.0%)+MAXLOSS_CAP;213251.16;213261.88;36;0
2026.08.12 08:49:03;XAUUSD;5;1786445848;PROFIT_RATCHET_LOCKED;floor=3.87 peak=11.48;MANAGE_PROFIT;SAFE;1;1;1;-1;-1;4406.55;10.32;10.32;11.48;-3.44;KELLY_LITE;true;0.04;213251.16;0.0417;KELLY_LITE(mult=1.50 taper=1.00 n=20)+HARD_RISK_CAP(2.0%)+MAXLOSS_CAP;213251.16;213261.48;36;0
2026.08.12 08:49:03;XAUUSD;5;1786445848;PROFIT_RATCHET_LOCKED;floor=3.87 peak=11.48;MANAGE_PROFIT;SAFE;1;1;1;-1;-1;4406.55;11.48;11.48;11.48;-3.44;KELLY_LITE;true;0.04;213251.16;0.0417;KELLY_LITE(mult=1.50 taper=1.00 n=20)+HARD_RISK_CAP(2.0%)+MAXLOSS_CAP;213251.16;213262.64;33;0
2026.08.12 08:49:03;XAUUSD;5;1786445848;PROFIT_RATCHET_LOCKED;floor=3.89 peak=11.52;MANAGE_PROFIT;SAFE;1;1;1;-1;-1;4406.55;11.52;11.52;11.52;-3.44;KELLY_LITE;true;0.04;213251.16;0.0417;KELLY_LITE(mult=1.50 taper=1.00 n=20)+HARD_RISK_CAP(2.0%)+MAXLOSS_CAP;213251.16;213262.68;36;0
2026.08.12 08:49:04;XAUUSD;5;1786445848;PROFIT_RATCHET_LOCKED;floor=3.89 peak=11.52;MANAGE_PROFIT;SAFE;1;1;1;-1;-1;4406.55;11.08;11.08;11.52;-3.44;KELLY_LITE;true;0.04;213251.16;0.0417;KELLY_LITE(mult=1.50 taper=1.00 n=20)+HARD_RISK_CAP(2.0%)+MAXLOSS_CAP;213251.16;213262.24;36;0
2026.08.12 08:49:04;XAUUSD;5;1786445848;PROFIT_RATCHET_LOCKED;floor=3.89 peak=11.52;MANAGE_PROFIT;SAFE;1;1;1;-1;-1;4406.55;11.08;11.08;11.52;-3.44;KELLY_LITE;true;0.04;213251.16;0.0417;KELLY_LITE(mult=1.50 taper=1.00 n=20)+HARD_RISK_CAP(2.0%)+MAXLOSS_CAP;213251.16;213262.24;33;0
2026.08.12 08:49:04;XAUUSD;5;1786445848;PROFIT_RATCHET_LOCKED;floor=3.89 peak=11.52;MANAGE_PROFIT;SAFE;1;1;1;-1;-1;4406.55;10.76;10.76;11.52;-3.44;KELLY_LITE;true;0.04;213251.16;0.0417;KELLY_LITE(mult=1.50 taper=1.00 n=20)+HARD_RISK_CAP(2.0%)+MAXLOSS_CAP;213251.16;213261.92;36;0
2026.08.12 08:49:04;XAUUSD;5;1786445848;PROFIT_RATCHET_LOCKED;floor=3.89 peak=11.52;MANAGE_PROFIT;SAFE;1;1;1;-1;-1;4406.55;10.52;10.52;11.52;-3.44;KELLY_LITE;true;0.04;213251.16;0.0417;KELLY_LITE(mult=1.50 taper=1.00 n=20)+HARD_RISK_CAP(2.0%)+MAXLOSS_CAP;213251.16;213261.68;36;0
2026.08.12 08:49:05;XAUUSD;5;1786445848;PROFIT_RATCHET_LOCKED;floor=3.89 peak=11.52;MANAGE_PROFIT;SAFE;1;1;1;-1;-1;4406.55;10.56;10.56;11.52;-3.44;KELLY_LITE;true;0.04;213251.16;0.0417;KELLY_LITE(mult=1.50 taper=1.00 n=20)+HARD_RISK_CAP(2.0%)+MAXLOSS_CAP;213251.16;213261.72;36;0
2026.08.12 08:49:05;XAUUSD;5;1786445848;PROFIT_RATCHET_LOCKED;floor=3.89 peak=11.52;MANAGE_PROFIT;SAFE;1;1;1;-1;-1;4406.55;10.52;10.52;11.52;-3.44;KELLY_LITE;true;0.04;213251.16;0.0417;KELLY_LITE(mult=1.50 taper=1.00 n=20)+HARD_RISK_CAP(2.0%)+MAXLOSS_CAP;213251.16;213261.68;36;0
2026.08.12 08:49:06;XAUUSD;5;1786445848;PROFIT_RATCHET_LOCKED;floor=3.89 peak=11.52;MANAGE_PROFIT;SAFE;1;1;1;-1;-1;4406.55;10.28;10.28;11.52;-3.44;KELLY_LITE;true;0.04;213251.16;0.0417;KELLY_LITE(mult=1.50 taper=1.00 n=20)+HARD_RISK_CAP(2.0%)+MAXLOSS_CAP;213251.16;213261.44;36;0
2026.08.12 08:49:06;XAUUSD;5;1786445848;PROFIT_RATCHET_LOCKED;floor=3.89 peak=11.52;MANAGE_PROFIT;SAFE;1;1;1;-1;-1;4406.55;10.24;10.24;11.52;-3.44;KELLY_LITE;true;0.04;213251.16;0.0417;KELLY_LITE(mult=1.50 taper=1.00 n=20)+HARD_RISK_CAP(2.0%)+MAXLOSS_CAP;213251.16;213261.40;36;0
2026.08.12 08:49:06;XAUUSD;5;1786445848;PROFIT_RATCHET_LOCKED;floor=3.89 peak=11.52;MANAGE_PROFIT;SAFE;1;1;1;-1;-1;4406.55;9.92;9.92;11.52;-3.44;KELLY_LITE;true;0.04;213251.16;0.0417;KELLY_LITE(mult=1.50 taper=1.00 n=20)+HARD_RISK_CAP(2.0%)+MAXLOSS_CAP;213251.16;213261.08;36;0
2026.08.12 08:49:06;XAUUSD;5;1786445848;PROFIT_RATCHET_LOCKED;floor=3.89 peak=11.52;MANAGE_PROFIT;SAFE;1;1;1;-1;-1;4406.55;10.72;10.72;11.52;-3.44;KELLY_LITE;true;0.04;213251.16;0.0417;KELLY_LITE(mult=1.50 taper=1.00 n=20)+HARD_RISK_CAP(2.0%)+MAXLOSS_CAP;213251.16;213261.88;36;0
2026.08.12 08:49:07;XAUUSD;5;1786445848;SL_MODIFY_FAILED;ticket=118929706 newSL=4408.98 reason=break_even_lock_leg_0 err=0;MANAGE_PROFIT;SAFE;1;1;1;-1;-1;4406.55;11.52;11.52;11.80;-3.44;KELLY_LITE;true;0.04;213251.16;0.0417;KELLY_LITE(mult=1.50 taper=1.00 n=20)+HARD_RISK_CAP(2.0%)+MAXLOSS_CAP;213251.16;213262.68;36;0
2026.08.12 08:49:07;XAUUSD;5;1786445848;PROFIT_RATCHET_LOCKED;floor=3.98 peak=11.80;MANAGE_PROFIT;SAFE;1;1;1;-1;-1;4406.55;11.52;11.52;11.80;-3.44;KELLY_LITE;true;0.04;213251.16;0.0417;KELLY_LITE(mult=1.50 taper=1.00 n=20)+HARD_RISK_CAP(2.0%)+MAXLOSS_CAP;213251.16;213262.68;36;0
2026.08.12 08:49:07;XAUUSD;5;1786445848;PROFIT_RATCHET_LOCKED;floor=3.98 peak=11.80;MANAGE_PROFIT;SAFE;1;1;1;-1;-1;4406.55;11.52;11.52;11.80;-3.44;KELLY_LITE;true;0.04;213251.16;0.0417;KELLY_LITE(mult=1.50 taper=1.00 n=20)+HARD_RISK_CAP(2.0%)+MAXLOSS_CAP;213251.16;213262.68;36;0
2026.08.12 08:49:08;XAUUSD;5;1786445848;SL_MODIFIED;ticket=118929706 oldSL=4408.90 newSL=4408.95 reason=break_even_lock_leg_0;MANAGE_PROFIT;SAFE;1;1;1;-1;-1;4406.55;11.64;11.64;11.80;-3.44;KELLY_LITE;true;0.04;213251.16;0.0417;KELLY_LITE(mult=1.50 taper=1.00 n=20)+HARD_RISK_CAP(2.0%)+MAXLOSS_CAP;213251.16;213262.80;36;0
2026.08.12 08:49:08;XAUUSD;5;1786445848;PROFIT_RATCHET_LOCKED;floor=3.98 peak=11.80;MANAGE_PROFIT;SAFE;1;1;1;-1;-1;4406.55;11.64;11.64;11.80;-3.44;KELLY_LITE;true;0.04;213251.16;0.0417;KELLY_LITE(mult=1.50 taper=1.00 n=20)+HARD_RISK_CAP(2.0%)+MAXLOSS_CAP;213251.16;213262.80;36;0
2026.08.12 08:49:08;XAUUSD;5;1786445848;PROFIT_RATCHET_LOCKED;floor=3.98 peak=11.80;MANAGE_PROFIT;SAFE;1;1;1;-1;-1;4406.55;11.64;11.64;11.80;-3.44;KELLY_LITE;true;0.04;213251.16;0.0417;KELLY_LITE(mult=1.50 taper=1.00 n=20)+HARD_RISK_CAP(2.0%)+MAXLOSS_CAP;213251.16;213262.80;36;0
2026.08.12 08:49:08;XAUUSD;5;1786445848;PROFIT_RATCHET_LOCKED;floor=3.98 peak=11.80;MANAGE_PROFIT;SAFE;1;1;1;-1;-1;4406.55;11.64;11.64;11.80;-3.44;KELLY_LITE;true;0.04;213251.16;0.0417;KELLY_LITE(mult=1.50 taper=1.00 n=20)+HARD_RISK_CAP(2.0%)+MAXLOSS_CAP;213251.16;213262.80;34;0
2026.08.12 08:49:08;XAUUSD;5;1786445848;PROFIT_RATCHET_LOCKED;floor=3.98 peak=11.80;MANAGE_PROFIT;SAFE;1;1;1;-1;-1;4406.55;11.60;11.60;11.80;-3.44;KELLY_LITE;true;0.04;213251.16;0.0417;KELLY_LITE(mult=1.50 taper=1.00 n=20)+HARD_RISK_CAP(2.0%)+MAXLOSS_CAP;213251.16;213262.76;36;0
2026.08.12 08:49:08;XAUUSD;5;1786445848;PROFIT_RATCHET_LOCKED;floor=3.98 peak=11.80;MANAGE_PROFIT;SAFE;1;1;1;-1;-1;4406.55;11.44;11.44;11.80;-3.44;KELLY_LITE;true;0.04;213251.16;0.0417;KELLY_LITE(mult=1.50 taper=1.00 n=20)+HARD_RISK_CAP(2.0%)+MAXLOSS_CAP;213251.16;213262.60;36;0
2026.08.12 08:49:09;XAUUSD;5;1786445848;PROFIT_RATCHET_LOCKED;floor=3.98 peak=11.80;MANAGE_PROFIT;SAFE;1;1;1;-1;-1;4406.55;11.40;11.40;11.80;-3.44;KELLY_LITE;true;0.04;213251.16;0.0417;KELLY_LITE(mult=1.50 taper=1.00 n=20)+HARD_RISK_CAP(2.0%)+MAXLOSS_CAP;213251.16;213262.56;35;0
2026.08.12 08:49:09;XAUUSD;5;1786445848;PROFIT_RATCHET_LOCKED;floor=3.98 peak=11.80;MANAGE_PROFIT;SAFE;1;1;1;-1;-1;4406.55;11.36;11.36;11.80;-3.44;KELLY_LITE;true;0.04;213251.16;0.0417;KELLY_LITE(mult=1.50 taper=1.00 n=20)+HARD_RISK_CAP(2.0%)+MAXLOSS_CAP;213251.16;213262.52;36;0
2026.08.12 08:49:09;XAUUSD;5;1786445848;PROFIT_RATCHET_LOCKED;floor=3.98 peak=11.80;MANAGE_PROFIT;SAFE;1;1;1;-1;-1;4406.55;11.40;11.40;11.80;-3.44;KELLY_LITE;true;0.04;213251.16;0.0417;KELLY_LITE(mult=1.50 taper=1.00 n=20)+HARD_RISK_CAP(2.0%)+MAXLOSS_CAP;213251.16;213262.56;36;0
2026.08.12 08:49:09;XAUUSD;5;1786445848;PROFIT_RATCHET_LOCKED;floor=3.98 peak=11.80;MANAGE_PROFIT;SAFE;1;1;1;-1;-1;4406.55;11.28;11.28;11.80;-3.44;KELLY_LITE;true;0.04;213251.16;0.0417;KELLY_LITE(mult=1.50 taper=1.00 n=20)+HARD_RISK_CAP(2.0%)+MAXLOSS_CAP;213251.16;213262.44;36;0
2026.08.12 08:49:10;XAUUSD;5;1786445848;PROFIT_RATCHET_LOCKED;floor=3.98 peak=11.80;MANAGE_PROFIT;SAFE;1;1;1;-1;-1;4406.55;10.96;10.96;11.80;-3.44;KELLY_LITE;true;0.04;213251.16;0.0417;KELLY_LITE(mult=1.50 taper=1.00 n=20)+HARD_RISK_CAP(2.0%)+MAXLOSS_CAP;213251.16;213262.12;36;0
2026.08.12 08:49:10;XAUUSD;5;1786445848;PROFIT_RATCHET_LOCKED;floor=3.98 peak=11.80;MANAGE_PROFIT;SAFE;1;1;1;-1;-1;4406.55;10.92;10.92;11.80;-3.44;KELLY_LITE;true;0.04;213251.16;0.0417;KELLY_LITE(mult=1.50 taper=1.00 n=20)+HARD_RISK_CAP(2.0%)+MAXLOSS_CAP;213251.16;213262.08;36;0
2026.08.12 08:49:10;XAUUSD;5;1786445848;PROFIT_RATCHET_LOCKED;floor=3.98 peak=11.80;MANAGE_PROFIT;SAFE;1;1;1;-1;-1;4406.55;10.96;10.96;11.80;-3.44;KELLY_LITE;true;0.04;213251.16;0.0417;KELLY_LITE(mult=1.50 taper=1.00 n=20)+HARD_RISK_CAP(2.0%)+MAXLOSS_CAP;213251.16;213262.12;36;0
2026.08.12 08:49:11;XAUUSD;5;1786445848;PROFIT_RATCHET_LOCKED;floor=3.98 peak=11.80;MANAGE_PROFIT;SAFE;1;1;1;-1;-1;4406.55;10.92;10.92;11.80;-3.44;KELLY_LITE;true;0.04;213251.16;0.0417;KELLY_LITE(mult=1.50 taper=1.00 n=20)+HARD_RISK_CAP(2.0%)+MAXLOSS_CAP;213251.16;213262.08;36;0
2026.08.12 08:49:11;XAUUSD;5;1786445848;PROFIT_RATCHET_LOCKED;floor=3.98 peak=11.80;MANAGE_PROFIT;SAFE;1;1;1;-1;-1;4406.55;11.04;11.04;11.80;-3.44;KELLY_LITE;true;0.04;213251.16;0.0417;KELLY_LITE(mult=1.50 taper=1.00 n=20)+HARD_RISK_CAP(2.0%)+MAXLOSS_CAP;213251.16;213262.20;36;0
2026.08.12 08:49:11;XAUUSD;5;1786445848;PROFIT_RATCHET_LOCKED;floor=3.98 peak=11.80;MANAGE_PROFIT;SAFE;1;1;1;-1;-1;4406.55;11.08;11.08;11.80;-3.44;KELLY_LITE;true;0.04;213251.16;0.0417;KELLY_LITE(mult=1.50 taper=1.00 n=20)+HARD_RISK_CAP(2.0%)+MAXLOSS_CAP;213251.16;213262.24;36;0
2026.08.12 08:49:12;XAUUSD;5;1786445848;PROFIT_RATCHET_LOCKED;floor=3.98 peak=11.80;MANAGE_PROFIT;SAFE;1;1;1;-1;-1;4406.55;11.28;11.28;11.80;-3.44;KELLY_LITE;true;0.04;213251.16;0.0417;KELLY_LITE(mult=1.50 taper=1.00 n=20)+HARD_RISK_CAP(2.0%)+MAXLOSS_CAP;213251.16;213262.44;36;0
2026.08.12 08:49:12;XAUUSD;5;1786445848;PROFIT_RATCHET_LOCKED;floor=3.98 peak=11.80;MANAGE_PROFIT;SAFE;1;1;1;-1;-1;4406.55;11.32;11.32;11.80;-3.44;KELLY_LITE;true;0.04;213251.16;0.0417;KELLY_LITE(mult=1.50 taper=1.00 n=20)+HARD_RISK_CAP(2.0%)+MAXLOSS_CAP;213251.16;213262.48;36;0
2026.08.12 08:49:12;XAUUSD;5;1786445848;PROFIT_RATCHET_LOCKED;floor=3.98 peak=11.80;MANAGE_PROFIT;SAFE;1;1;1;-1;-1;4406.55;11.28;11.28;11.80;-3.44;KELLY_LITE;true;0.04;213251.16;0.0417;KELLY_LITE(mult=1.50 taper=1.00 n=20)+HARD_RISK_CAP(2.0%)+MAXLOSS_CAP;213251.16;213262.44;36;0
2026.08.12 08:49:13;XAUUSD;5;1786445848;PROFIT_RATCHET_LOCKED;floor=3.98 peak=11.80;MANAGE_PROFIT;SAFE;1;1;1;-1;-1;4406.55;11.28;11.28;11.80;-3.44;KELLY_LITE;true;0.04;213251.16;0.0417;KELLY_LITE(mult=1.50 taper=1.00 n=20)+HARD_RISK_CAP(2.0%)+MAXLOSS_CAP;213251.16;213262.44;34;0
2026.08.12 08:49:13;XAUUSD;5;1786445848;PROFIT_RATCHET_LOCKED;floor=3.98 peak=11.80;MANAGE_PROFIT;SAFE;1;1;1;-1;-1;4406.55;11.16;11.16;11.80;-3.44;KELLY_LITE;true;0.04;213251.16;0.0417;KELLY_LITE(mult=1.50 taper=1.00 n=20)+HARD_RISK_CAP(2.0%)+MAXLOSS_CAP;213251.16;213262.32;36;0
2026.08.12 08:49:13;XAUUSD;5;1786445848;PROFIT_RATCHET_LOCKED;floor=3.98 peak=11.80;MANAGE_PROFIT;SAFE;1;1;1;-1;-1;4406.55;11.12;11.12;11.80;-3.44;KELLY_LITE;true;0.04;213251.16;0.0417;KELLY_LITE(mult=1.50 taper=1.00 n=20)+HARD_RISK_CAP(2.0%)+MAXLOSS_CAP;213251.16;213262.28;36;0
2026.08.12 08:49:13;XAUUSD;5;1786445848;PROFIT_RATCHET_LOCKED;floor=3.98 peak=11.80;MANAGE_PROFIT;SAFE;1;1;1;-1;-1;4406.55;11.12;11.12;11.80;-3.44;KELLY_LITE;true;0.04;213251.16;0.0417;KELLY_LITE(mult=1.50 taper=1.00 n=20)+HARD_RISK_CAP(2.0%)+MAXLOSS_CAP;213251.16;213262.28;35;0
2026.08.12 08:49:13;XAUUSD;5;1786445848;PROFIT_RATCHET_LOCKED;floor=3.98 peak=11.80;MANAGE_PROFIT;SAFE;1;1;1;-1;-1;4406.55;11.08;11.08;11.80;-3.44;KELLY_LITE;true;0.04;213251.16;0.0417;KELLY_LITE(mult=1.50 taper=1.00 n=20)+HARD_RISK_CAP(2.0%)+MAXLOSS_CAP;213251.16;213262.24;36;0
2026.08.12 08:49:14;XAUUSD;5;1786445848;PROFIT_RATCHET_LOCKED;floor=3.98 peak=11.80;MANAGE_PROFIT;SAFE;1;1;1;-1;-1;4406.55;11.12;11.12;11.80;-3.44;KELLY_LITE;true;0.04;213251.16;0.0417;KELLY_LITE(mult=1.50 taper=1.00 n=20)+HARD_RISK_CAP(2.0%)+MAXLOSS_CAP;213251.16;213262.28;36;0
2026.08.12 08:49:15;XAUUSD;5;1786445848;PROFIT_RATCHET_LOCKED;floor=4.01 peak=11.88;MANAGE_PROFIT;SAFE;1;1;1;-1;-1;4406.55;11.52;11.52;11.88;-3.44;KELLY_LITE;true;0.04;213251.16;0.0417;KELLY_LITE(mult=1.50 taper=1.00 n=20)+HARD_RISK_CAP(2.0%)+MAXLOSS_CAP;213251.16;213262.68;36;0
2026.08.12 08:49:15;XAUUSD;5;1786445848;PROFIT_RATCHET_LOCKED;floor=4.01 peak=11.88;MANAGE_PROFIT;SAFE;1;1;1;-1;-1;4406.55;11.52;11.52;11.88;-3.44;KELLY_LITE;true;0.04;213251.16;0.0417;KELLY_LITE(mult=1.50 taper=1.00 n=20)+HARD_RISK_CAP(2.0%)+MAXLOSS_CAP;213251.16;213262.68;36;0
2026.08.12 08:49:15;XAUUSD;5;1786445848;PROFIT_RATCHET_LOCKED;floor=4.01 peak=11.88;MANAGE_PROFIT;SAFE;1;1;1;-1;-1;4406.55;11.40;11.40;11.88;-3.44;KELLY_LITE;true;0.04;213251.16;0.0417;KELLY_LITE(mult=1.50 taper=1.00 n=20)+HARD_RISK_CAP(2.0%)+MAXLOSS_CAP;213251.16;213262.56;36;0
2026.08.12 08:49:16;XAUUSD;5;1786445848;PROFIT_RATCHET_LOCKED;floor=4.01 peak=11.88;MANAGE_PROFIT;SAFE;1;1;1;-1;-1;4406.55;11.44;11.44;11.88;-3.44;KELLY_LITE;true;0.04;213251.16;0.0417;KELLY_LITE(mult=1.50 taper=1.00 n=20)+HARD_RISK_CAP(2.0%)+MAXLOSS_CAP;213251.16;213262.60;36;0
2026.08.12 08:49:16;XAUUSD;5;1786445848;PROFIT_RATCHET_LOCKED;floor=4.01 peak=11.88;MANAGE_PROFIT;SAFE;1;1;1;-1;-1;4406.55;11.40;11.40;11.88;-3.44;KELLY_LITE;true;0.04;213251.16;0.0417;KELLY_LITE(mult=1.50 taper=1.00 n=20)+HARD_RISK_CAP(2.0%)+MAXLOSS_CAP;213251.16;213262.56;36;0
2026.08.12 08:49:16;XAUUSD;5;1786445848;PROFIT_RATCHET_LOCKED;floor=4.01 peak=11.88;MANAGE_PROFIT;SAFE;1;1;1;-1;-1;4406.55;11.20;11.20;11.88;-3.44;KELLY_LITE;true;0.04;213251.16;0.0417;KELLY_LITE(mult=1.50 taper=1.00 n=20)+HARD_RISK_CAP(2.0%)+MAXLOSS_CAP;213251.16;213262.36;36;0
2026.08.12 08:49:17;XAUUSD;5;1786445848;PROFIT_RATCHET_LOCKED;floor=4.01 peak=11.88;MANAGE_PROFIT;SAFE;1;1;1;-1;-1;4406.55;11.08;11.08;11.88;-3.44;KELLY_LITE;true;0.04;213251.16;0.0417;KELLY_LITE(mult=1.50 taper=1.00 n=20)+HARD_RISK_CAP(2.0%)+MAXLOSS_CAP;213251.16;213262.24;36;0
2026.08.12 08:49:18;XAUUSD;5;1786445848;PROFIT_RATCHET_LOCKED;floor=4.01 peak=11.88;MANAGE_PROFIT;SAFE;1;1;1;-1;-1;4406.55;10.92;10.92;11.88;-3.44;KELLY_LITE;true;0.04;213251.16;0.0417;KELLY_LITE(mult=1.50 taper=1.00 n=20)+HARD_RISK_CAP(2.0%)+MAXLOSS_CAP;213251.16;213262.08;36;0
2026.08.12 08:49:18;XAUUSD;5;1786445848;PROFIT_RATCHET_LOCKED;floor=4.01 peak=11.88;MANAGE_PROFIT;SAFE;1;1;1;-1;-1;4406.55;11.24;11.24;11.88;-3.44;KELLY_LITE;true;0.04;213251.16;0.0417;KELLY_LITE(mult=1.50 taper=1.00 n=20)+HARD_RISK_CAP(2.0%)+MAXLOSS_CAP;213251.16;213262.40;36;0
2026.08.12 08:49:18;XAUUSD;5;1786445848;PROFIT_RATCHET_LOCKED;floor=4.01 peak=11.88;MANAGE_PROFIT;SAFE;1;1;1;-1;-1;4406.55;11.32;11.32;11.88;-3.44;KELLY_LITE;true;0.04;213251.16;0.0417;KELLY_LITE(mult=1.50 taper=1.00 n=20)+HARD_RISK_CAP(2.0%)+MAXLOSS_CAP;213251.16;213262.48;36;0
2026.08.12 08:49:18;XAUUSD;5;1786445848;PROFIT_RATCHET_LOCKED;floor=4.01 peak=11.88;MANAGE_PROFIT;SAFE;1;1;1;-1;-1;4406.55;11.20;11.20;11.88;-3.44;KELLY_LITE;true;0.04;213251.16;0.0417;KELLY_LITE(mult=1.50 taper=1.00 n=20)+HARD_RISK_CAP(2.0%)+MAXLOSS_CAP;213251.16;213262.36;36;0
2026.08.12 08:49:18;XAUUSD;5;1786445848;PROFIT_RATCHET_LOCKED;floor=4.01 peak=11.88;MANAGE_PROFIT;SAFE;1;1;1;-1;-1;4406.55;11.28;11.28;11.88;-3.44;KELLY_LITE;true;0.04;213251.16;0.0417;KELLY_LITE(mult=1.50 taper=1.00 n=20)+HARD_RISK_CAP(2.0%)+MAXLOSS_CAP;213251.16;213262.44;36;0
2026.08.12 08:49:20;XAUUSD;5;1786445848;PROFIT_RATCHET_LOCKED;floor=4.01 peak=11.88;MANAGE_PROFIT;SAFE;1;1;1;-1;-1;4406.55;10.92;10.92;11.88;-3.44;KELLY_LITE;true;0.04;213251.16;0.0417;KELLY_LITE(mult=1.50 taper=1.00 n=20)+HARD_RISK_CAP(2.0%)+MAXLOSS_CAP;213251.16;213262.08;36;0
2026.08.12 08:49:21;XAUUSD;5;1786445848;PROFIT_RATCHET_LOCKED;floor=4.01 peak=11.88;MANAGE_PROFIT;SAFE;1;1;1;-1;-1;4406.55;10.92;10.92;11.88;-3.44;KELLY_LITE;true;0.04;213251.16;0.0417;KELLY_LITE(mult=1.50 taper=1.00 n=20)+HARD_RISK_CAP(2.0%)+MAXLOSS_CAP;213251.16;213262.08;34;0
2026.08.12 08:49:21;XAUUSD;5;1786445848;PROFIT_RATCHET_LOCKED;floor=4.01 peak=11.88;MANAGE_PROFIT;SAFE;1;1;1;-1;-1;4406.55;10.84;10.84;11.88;-3.44;KELLY_LITE;true;0.04;213251.16;0.0417;KELLY_LITE(mult=1.50 taper=1.00 n=20)+HARD_RISK_CAP(2.0%)+MAXLOSS_CAP;213251.16;213262.00;36;0
2026.08.12 08:49:21;XAUUSD;5;1786445848;PROFIT_RATCHET_LOCKED;floor=4.01 peak=11.88;MANAGE_PROFIT;SAFE;1;1;1;-1;-1;4406.55;10.72;10.72;11.88;-3.44;KELLY_LITE;true;0.04;213251.16;0.0417;KELLY_LITE(mult=1.50 taper=1.00 n=20)+HARD_RISK_CAP(2.0%)+MAXLOSS_CAP;213251.16;213261.88;36;0
2026.08.12 08:49:22;XAUUSD;5;1786445848;PROFIT_RATCHET_LOCKED;floor=4.01 peak=11.88;MANAGE_PROFIT;SAFE;1;1;1;-1;-1;4406.55;11.04;11.04;11.88;-3.44;KELLY_LITE;true;0.04;213251.16;0.0417;KELLY_LITE(mult=1.50 taper=1.00 n=20)+HARD_RISK_CAP(2.0%)+MAXLOSS_CAP;213251.16;213262.20;36;0
2026.08.12 08:49:22;XAUUSD;5;1786445848;SL_MODIFIED;ticket=118929706 oldSL=4408.95 newSL=4409.08 reason=break_even_lock_leg_0;MANAGE_PROFIT;SAFE;1;1;1;-1;-1;4406.55;12.20;12.20;12.20;-3.44;KELLY_LITE;true;0.04;213251.16;0.0417;KELLY_LITE(mult=1.50 taper=1.00 n=20)+HARD_RISK_CAP(2.0%)+MAXLOSS_CAP;213251.16;213263.36;36;0
2026.08.12 08:49:22;XAUUSD;5;1786445848;PROFIT_RATCHET_LOCKED;floor=4.12 peak=12.20;MANAGE_PROFIT;SAFE;1;1;1;-1;-1;4406.55;12.20;12.20;12.20;-3.44;KELLY_LITE;true;0.04;213251.16;0.0417;KELLY_LITE(mult=1.50 taper=1.00 n=20)+HARD_RISK_CAP(2.0%)+MAXLOSS_CAP;213251.16;213263.36;36;0
2026.08.12 08:49:22;XAUUSD;5;1786445848;PROFIT_RATCHET_LOCKED;floor=4.12 peak=12.20;MANAGE_PROFIT;SAFE;1;1;1;-1;-1;4406.55;12.20;12.20;12.20;-3.44;KELLY_LITE;true;0.04;213251.16;0.0417;KELLY_LITE(mult=1.50 taper=1.00 n=20)+HARD_RISK_CAP(2.0%)+MAXLOSS_CAP;213251.16;213263.36;36;0
2026.08.12 08:49:23;XAUUSD;5;1786445848;PROFIT_RATCHET_LOCKED;floor=4.12 peak=12.20;MANAGE_PROFIT;SAFE;1;1;1;-1;-1;4406.55;11.88;11.88;12.20;-3.44;KELLY_LITE;true;0.04;213251.16;0.0417;KELLY_LITE(mult=1.50 taper=1.00 n=20)+HARD_RISK_CAP(2.0%)+MAXLOSS_CAP;213251.16;213263.04;33;0
2026.08.12 08:49:23;XAUUSD;5;1786445848;PROFIT_RATCHET_LOCKED;floor=4.12 peak=12.20;MANAGE_PROFIT;SAFE;1;1;1;-1;-1;4406.55;11.04;11.04;12.20;-3.44;KELLY_LITE;true;0.04;213251.16;0.0417;KELLY_LITE(mult=1.50 taper=1.00 n=20)+HARD_RISK_CAP(2.0%)+MAXLOSS_CAP;213251.16;213262.20;33;0
2026.08.12 08:49:23;XAUUSD;5;1786445848;PROFIT_RATCHET_LOCKED;floor=4.12 peak=12.20;MANAGE_PROFIT;SAFE;1;1;1;-1;-1;4406.55;10.80;10.80;12.20;-3.44;KELLY_LITE;true;0.04;213251.16;0.0417;KELLY_LITE(mult=1.50 taper=1.00 n=20)+HARD_RISK_CAP(2.0%)+MAXLOSS_CAP;213251.16;213261.96;36;0
2026.08.12 08:49:23;XAUUSD;5;1786445848;PROFIT_RATCHET_LOCKED;floor=4.12 peak=12.20;MANAGE_PROFIT;SAFE;1;1;1;-1;-1;4406.55;10.92;10.92;12.20;-3.44;KELLY_LITE;true;0.04;213251.16;0.0417;KELLY_LITE(mult=1.50 taper=1.00 n=20)+HARD_RISK_CAP(2.0%)+MAXLOSS_CAP;213251.16;213262.08;36;0
2026.08.12 08:49:24;XAUUSD;5;1786445848;PROFIT_RATCHET_LOCKED;floor=4.12 peak=12.20;MANAGE_PROFIT;SAFE;1;1;1;-1;-1;4406.55;11.08;11.08;12.20;-3.44;KELLY_LITE;true;0.04;213251.16;0.0417;KELLY_LITE(mult=1.50 taper=1.00 n=20)+HARD_RISK_CAP(2.0%)+MAXLOSS_CAP;213251.16;213262.24;36;0
2026.08.12 08:49:24;XAUUSD;5;1786445848;PROFIT_RATCHET_LOCKED;floor=4.12 peak=12.20;MANAGE_PROFIT;SAFE;1;1;1;-1;-1;4406.55;11.00;11.00;12.20;-3.44;KELLY_LITE;true;0.04;213251.16;0.0417;KELLY_LITE(mult=1.50 taper=1.00 n=20)+HARD_RISK_CAP(2.0%)+MAXLOSS_CAP;213251.16;213262.16;36;0
2026.08.12 08:49:24;XAUUSD;5;1786445848;PROFIT_RATCHET_LOCKED;floor=4.12 peak=12.20;MANAGE_PROFIT;SAFE;1;1;1;-1;-1;4406.55;10.80;10.80;12.20;-3.44;KELLY_LITE;true;0.04;213251.16;0.0417;KELLY_LITE(mult=1.50 taper=1.00 n=20)+HARD_RISK_CAP(2.0%)+MAXLOSS_CAP;213251.16;213261.96;36;0
2026.08.12 08:49:24;XAUUSD;5;1786445848;PROFIT_RATCHET_LOCKED;floor=4.12 peak=12.20;MANAGE_PROFIT;SAFE;1;1;1;-1;-1;4406.55;10.84;10.84;12.20;-3.44;KELLY_LITE;true;0.04;213251.16;0.0417;KELLY_LITE(mult=1.50 taper=1.00 n=20)+HARD_RISK_CAP(2.0%)+MAXLOSS_CAP;213251.16;213262.00;36;0
2026.08.12 08:49:25;XAUUSD;5;1786445848;PROFIT_RATCHET_LOCKED;floor=4.12 peak=12.20;MANAGE_PROFIT;SAFE;1;1;1;-1;-1;4406.55;10.80;10.80;12.20;-3.44;KELLY_LITE;true;0.04;213251.16;0.0417;KELLY_LITE(mult=1.50 taper=1.00 n=20)+HARD_RISK_CAP(2.0%)+MAXLOSS_CAP;213251.16;213261.96;36;0
2026.08.12 08:49:25;XAUUSD;5;1786445848;PROFIT_RATCHET_LOCKED;floor=4.12 peak=12.20;MANAGE_PROFIT;SAFE;1;1;1;-1;-1;4406.55;10.92;10.92;12.20;-3.44;KELLY_LITE;true;0.04;213251.16;0.0417;KELLY_LITE(mult=1.50 taper=1.00 n=20)+HARD_RISK_CAP(2.0%)+MAXLOSS_CAP;213251.16;213262.08;36;0
2026.08.12 08:49:25;XAUUSD;5;1786445848;PROFIT_RATCHET_LOCKED;floor=4.12 peak=12.20;MANAGE_PROFIT;SAFE;1;1;1;-1;-1;4406.55;10.96;10.96;12.20;-3.44;KELLY_LITE;true;0.04;213251.16;0.0417;KELLY_LITE(mult=1.50 taper=1.00 n=20)+HARD_RISK_CAP(2.0%)+MAXLOSS_CAP;213251.16;213262.12;36;0
2026.08.12 08:49:26;XAUUSD;5;1786445848;PROFIT_RATCHET_LOCKED;floor=4.12 peak=12.20;MANAGE_PROFIT;SAFE;1;1;1;-1;-1;4406.55;10.76;10.76;12.20;-3.44;KELLY_LITE;true;0.04;213251.16;0.0417;KELLY_LITE(mult=1.50 taper=1.00 n=20)+HARD_RISK_CAP(2.0%)+MAXLOSS_CAP;213251.16;213261.92;36;0
2026.08.12 08:49:26;XAUUSD;5;1786445848;PROFIT_RATCHET_LOCKED;floor=4.12 peak=12.20;MANAGE_PROFIT;SAFE;1;1;1;-1;-1;4406.55;10.80;10.80;12.20;-3.44;KELLY_LITE;true;0.04;213251.16;0.0417;KELLY_LITE(mult=1.50 taper=1.00 n=20)+HARD_RISK_CAP(2.0%)+MAXLOSS_CAP;213251.16;213261.96;36;0
2026.08.12 08:49:26;XAUUSD;5;1786445848;PROFIT_RATCHET_LOCKED;floor=4.12 peak=12.20;MANAGE_PROFIT;SAFE;1;1;1;-1;-1;4406.55;10.96;10.96;12.20;-3.44;KELLY_LITE;true;0.04;213251.16;0.0417;KELLY_LITE(mult=1.50 taper=1.00 n=20)+HARD_RISK_CAP(2.0%)+MAXLOSS_CAP;213251.16;213262.12;36;0
2026.08.12 08:49:26;XAUUSD;5;1786445848;PROFIT_RATCHET_LOCKED;floor=4.12 peak=12.20;MANAGE_PROFIT;SAFE;1;1;1;-1;-1;4406.55;11.08;11.08;12.20;-3.44;KELLY_LITE;true;0.04;213251.16;0.0417;KELLY_LITE(mult=1.50 taper=1.00 n=20)+HARD_RISK_CAP(2.0%)+MAXLOSS_CAP;213251.16;213262.24;36;0
2026.08.12 08:49:27;XAUUSD;5;1786445848;PROFIT_RATCHET_LOCKED;floor=4.12 peak=12.20;MANAGE_PROFIT;SAFE;1;1;1;-1;-1;4406.55;11.24;11.24;12.20;-3.44;KELLY_LITE;true;0.04;213251.16;0.0417;KELLY_LITE(mult=1.50 taper=1.00 n=20)+HARD_RISK_CAP(2.0%)+MAXLOSS_CAP;213251.16;213262.40;36;0
2026.08.12 08:49:27;XAUUSD;5;1786445848;PROFIT_RATCHET_LOCKED;floor=4.12 peak=12.20;MANAGE_PROFIT;SAFE;1;1;1;-1;-1;4406.55;10.56;10.56;12.20;-3.44;KELLY_LITE;true;0.04;213251.16;0.0417;KELLY_LITE(mult=1.50 taper=1.00 n=20)+HARD_RISK_CAP(2.0%)+MAXLOSS_CAP;213251.16;213261.72;36;0
2026.08.12 08:49:28;XAUUSD;5;1786445848;PROFIT_RATCHET_LOCKED;floor=4.12 peak=12.20;MANAGE_PROFIT;SAFE;1;1;1;-1;-1;4406.55;10.80;10.80;12.20;-3.44;KELLY_LITE;true;0.04;213251.16;0.0417;KELLY_LITE(mult=1.50 taper=1.00 n=20)+HARD_RISK_CAP(2.0%)+MAXLOSS_CAP;213251.16;213261.96;36;0
2026.08.12 08:49:28;XAUUSD;5;1786445848;PROFIT_RATCHET_LOCKED;floor=4.12 peak=12.20;MANAGE_PROFIT;SAFE;1;1;1;-1;-1;4406.55;10.92;10.92;12.20;-3.44;KELLY_LITE;true;0.04;213251.16;0.0417;KELLY_LITE(mult=1.50 taper=1.00 n=20)+HARD_RISK_CAP(2.0%)+MAXLOSS_CAP;213251.16;213262.08;36;0
2026.08.12 08:49:28;XAUUSD;5;1786445848;PROFIT_RATCHET_LOCKED;floor=4.12 peak=12.20;MANAGE_PROFIT;SAFE;1;1;1;-1;-1;4406.55;11.12;11.12;12.20;-3.44;KELLY_LITE;true;0.04;213251.16;0.0417;KELLY_LITE(mult=1.50 taper=1.00 n=20)+HARD_RISK_CAP(2.0%)+MAXLOSS_CAP;213251.16;213262.28;36;0
2026.08.12 08:49:28;XAUUSD;5;1786445848;PROFIT_RATCHET_LOCKED;floor=4.12 peak=12.20;MANAGE_PROFIT;SAFE;1;1;1;-1;-1;4406.55;11.16;11.16;12.20;-3.44;KELLY_LITE;true;0.04;213251.16;0.0417;KELLY_LITE(mult=1.50 taper=1.00 n=20)+HARD_RISK_CAP(2.0%)+MAXLOSS_CAP;213251.16;213262.32;36;0
2026.08.12 08:49:29;XAUUSD;5;1786445848;PROFIT_RATCHET_LOCKED;floor=4.12 peak=12.20;MANAGE_PROFIT;SAFE;1;1;1;-1;-1;4406.55;11.20;11.20;12.20;-3.44;KELLY_LITE;true;0.04;213251.16;0.0417;KELLY_LITE(mult=1.50 taper=1.00 n=20)+HARD_RISK_CAP(2.0%)+MAXLOSS_CAP;213251.16;213262.36;36;0
2026.08.12 08:49:29;XAUUSD;5;1786445848;PROFIT_RATCHET_LOCKED;floor=4.12 peak=12.20;MANAGE_PROFIT;SAFE;1;1;1;-1;-1;4406.55;11.36;11.36;12.20;-3.44;KELLY_LITE;true;0.04;213251.16;0.0417;KELLY_LITE(mult=1.50 taper=1.00 n=20)+HARD_RISK_CAP(2.0%)+MAXLOSS_CAP;213251.16;213262.52;36;0
2026.08.12 08:49:30;XAUUSD;5;1786445848;PROFIT_RATCHET_LOCKED;floor=4.12 peak=12.20;MANAGE_PROFIT;SAFE;1;1;1;-1;-1;4406.55;11.08;11.08;12.20;-3.44;KELLY_LITE;true;0.04;213251.16;0.0417;KELLY_LITE(mult=1.50 taper=1.00 n=20)+HARD_RISK_CAP(2.0%)+MAXLOSS_CAP;213251.16;213262.24;36;0
2026.08.12 08:49:30;XAUUSD;5;1786445848;PROFIT_RATCHET_LOCKED;floor=4.12 peak=12.20;MANAGE_PROFIT;SAFE;1;1;1;-1;-1;4406.55;11.00;11.00;12.20;-3.44;KELLY_LITE;true;0.04;213251.16;0.0417;KELLY_LITE(mult=1.50 taper=1.00 n=20)+HARD_RISK_CAP(2.0%)+MAXLOSS_CAP;213251.16;213262.16;36;0
2026.08.12 08:49:31;XAUUSD;5;1786445848;PROFIT_RATCHET_LOCKED;floor=4.12 peak=12.20;MANAGE_PROFIT;SAFE;1;1;1;-1;-1;4406.55;11.04;11.04;12.20;-3.44;KELLY_LITE;true;0.04;213251.16;0.0417;KELLY_LITE(mult=1.50 taper=1.00 n=20)+HARD_RISK_CAP(2.0%)+MAXLOSS_CAP;213251.16;213262.20;36;0
2026.08.12 08:49:32;XAUUSD;5;1786445848;PROFIT_RATCHET_LOCKED;floor=4.12 peak=12.20;MANAGE_PROFIT;SAFE;1;1;1;-1;-1;4406.55;10.92;10.92;12.20;-3.44;KELLY_LITE;true;0.04;213251.16;0.0417;KELLY_LITE(mult=1.50 taper=1.00 n=20)+HARD_RISK_CAP(2.0%)+MAXLOSS_CAP;213251.16;213262.08;36;0
2026.08.12 08:49:32;XAUUSD;5;1786445848;PROFIT_RATCHET_LOCKED;floor=4.12 peak=12.20;MANAGE_PROFIT;SAFE;1;1;1;-1;-1;4406.55;10.88;10.88;12.20;-3.44;KELLY_LITE;true;0.04;213251.16;0.0417;KELLY_LITE(mult=1.50 taper=1.00 n=20)+HARD_RISK_CAP(2.0%)+MAXLOSS_CAP;213251.16;213262.04;36;0
2026.08.12 08:49:32;XAUUSD;5;1786445848;PROFIT_RATCHET_LOCKED;floor=4.12 peak=12.20;MANAGE_PROFIT;SAFE;1;1;1;-1;-1;4406.55;10.96;10.96;12.20;-3.44;KELLY_LITE;true;0.04;213251.16;0.0417;KELLY_LITE(mult=1.50 taper=1.00 n=20)+HARD_RISK_CAP(2.0%)+MAXLOSS_CAP;213251.16;213262.12;36;0
2026.08.12 08:49:32;XAUUSD;5;1786445848;PROFIT_RATCHET_LOCKED;floor=4.12 peak=12.20;MANAGE_PROFIT;SAFE;1;1;1;-1;-1;4406.55;11.04;11.04;12.20;-3.44;KELLY_LITE;true;0.04;213251.16;0.0417;KELLY_LITE(mult=1.50 taper=1.00 n=20)+HARD_RISK_CAP(2.0%)+MAXLOSS_CAP;213251.16;213262.20;36;0
2026.08.12 08:49:33;XAUUSD;5;1786445848;PROFIT_RATCHET_LOCKED;floor=4.12 peak=12.20;MANAGE_PROFIT;SAFE;1;1;1;-1;-1;4406.55;10.80;10.80;12.20;-3.44;KELLY_LITE;true;0.04;213251.16;0.0417;KELLY_LITE(mult=1.50 taper=1.00 n=20)+HARD_RISK_CAP(2.0%)+MAXLOSS_CAP;213251.16;213261.96;36;0
2026.08.12 08:49:33;XAUUSD;5;1786445848;PROFIT_RATCHET_LOCKED;floor=4.12 peak=12.20;MANAGE_PROFIT;SAFE;1;1;1;-1;-1;4406.55;10.76;10.76;12.20;-3.44;KELLY_LITE;true;0.04;213251.16;0.0417;KELLY_LITE(mult=1.50 taper=1.00 n=20)+HARD_RISK_CAP(2.0%)+MAXLOSS_CAP;213251.16;213261.92;36;0
2026.08.12 08:49:34;XAUUSD;5;1786445848;PROFIT_RATCHET_LOCKED;floor=4.12 peak=12.20;MANAGE_PROFIT;SAFE;1;1;1;-1;-1;4406.55;10.68;10.68;12.20;-3.44;KELLY_LITE;true;0.04;213251.16;0.0417;KELLY_LITE(mult=1.50 taper=1.00 n=20)+HARD_RISK_CAP(2.0%)+MAXLOSS_CAP;213251.16;213261.84;36;0
2026.08.12 08:49:34;XAUUSD;5;1786445848;PROFIT_RATCHET_LOCKED;floor=4.12 peak=12.20;MANAGE_PROFIT;SAFE;1;1;1;-1;-1;4406.55;10.76;10.76;12.20;-3.44;KELLY_LITE;true;0.04;213251.16;0.0417;KELLY_LITE(mult=1.50 taper=1.00 n=20)+HARD_RISK_CAP(2.0%)+MAXLOSS_CAP;213251.16;213261.92;36;0
2026.08.12 08:49:34;XAUUSD;5;1786445848;PROFIT_RATCHET_LOCKED;floor=4.12 peak=12.20;MANAGE_PROFIT;SAFE;1;1;1;-1;-1;4406.55;10.72;10.72;12.20;-3.44;KELLY_LITE;true;0.04;213251.16;0.0417;KELLY_LITE(mult=1.50 taper=1.00 n=20)+HARD_RISK_CAP(2.0%)+MAXLOSS_CAP;213251.16;213261.88;36;0
2026.08.12 08:49:34;XAUUSD;5;1786445848;PROFIT_RATCHET_LOCKED;floor=4.12 peak=12.20;MANAGE_PROFIT;SAFE;1;1;1;-1;-1;4406.55;10.88;10.88;12.20;-3.44;KELLY_LITE;true;0.04;213251.16;0.0417;KELLY_LITE(mult=1.50 taper=1.00 n=20)+HARD_RISK_CAP(2.0%)+MAXLOSS_CAP;213251.16;213262.04;36;0
2026.08.12 08:49:35;XAUUSD;5;1786445848;PROFIT_RATCHET_LOCKED;floor=4.12 peak=12.20;MANAGE_PROFIT;SAFE;1;1;1;-1;-1;4406.55;11.00;11.00;12.20;-3.44;KELLY_LITE;true;0.04;213251.16;0.0417;KELLY_LITE(mult=1.50 taper=1.00 n=20)+HARD_RISK_CAP(2.0%)+MAXLOSS_CAP;213251.16;213262.16;36;0
2026.08.12 08:49:35;XAUUSD;5;1786445848;RECONCILED_BROKER_CLOSE;ticket=118929706 type=main pnl=10.12;MANAGE_PROFIT;SAFE;0;1;1;-1;-1;4406.55;0.00;0.00;12.20;-3.44;KELLY_LITE;true;0.04;213251.16;0.0417;KELLY_LITE(mult=1.50 taper=1.00 n=20)+HARD_RISK_CAP(2.0%)+MAXLOSS_CAP;213261.28;213261.28;36;0
2026.08.12 08:49:36;XAUUSD;5;1786445848;PENDING_DELETED;ticket=118930048 reason=main_gone_hedge_pending;WAIT_TRIGGER;SAFE;0;0;1;-1;-1;4406.55;0.00;0.00;12.20;-3.44;KELLY_LITE;true;0.04;213251.16;0.0417;KELLY_LITE(mult=1.50 taper=1.00 n=20)+HARD_RISK_CAP(2.0%)+MAXLOSS_CAP;213261.28;213261.28;36;0
2026.08.12 08:49:36;XAUUSD;5;1786445848;HEDGE_PENDING_CLEANUP;main_position_gone;WAIT_TRIGGER;SAFE;0;0;1;-1;-1;4406.55;0.00;0.00;12.20;-3.44;KELLY_LITE;true;0.04;213251.16;0.0417;KELLY_LITE(mult=1.50 taper=1.00 n=20)+HARD_RISK_CAP(2.0%)+MAXLOSS_CAP;213261.28;213261.28;36;0
2026.08.12 08:49:36;XAUUSD;5;1786445848;CYCLE_RESET;oldState=WAIT_TRIGGER realizedPnL=10.12 peak=12.20 worst=-3.44 pyramid=1 consLosses=0;WAIT_TRIGGER;SAFE;0;0;1;-1;-1;4406.55;0.00;0.00;12.20;-3.44;KELLY_LITE;true;0.04;213251.16;0.0417;KELLY_LITE(mult=1.50 taper=1.00 n=20)+HARD_RISK_CAP(2.0%)+MAXLOSS_CAP;213261.28;213261.28;36;0
2026.08.12 08:54:36;XAUUSD;5;1786445849;PLACE_PENDING_START;cycle=1786445849 trend=1 consecLosses=0 preset=AGGRESSIVE;PLACE_PENDING;SAFE;0;0;0;-1;-1;0.00;0.00;0.00;0.00;0.00;KELLY_LITE;true;0.04;213251.16;0.0417;KELLY_LITE(mult=1.50 taper=1.00 n=20)+HARD_RISK_CAP(2.0%)+MAXLOSS_CAP;213261.28;213261.28;33;0
2026.08.12 08:54:36;XAUUSD;5;1786445849;DIR_OCO_PLACED;dir=BULL ticket=118933351 price=4410.72 sl=4395.72 tp=4433.22 lot=0.04 dist=1.50;PLACE_PENDING;SAFE;0;1;0;118933351;-1;0.00;0.00;0.00;0.00;0.00;KELLY_LITE;true;0.04;213261.28;0.0417;KELLY_LITE(mult=1.50 taper=1.00 n=20)+HARD_RISK_CAP(2.0%)+MAXLOSS_CAP;213261.28;213261.28;33;0
2026.08.12 08:54:37;XAUUSD;5;1786445849;DIR_OCO_COUNTER_PLACED;dir=BEAR(counter) ticket=118933353 price=4407.39 lot=0.03;PLACE_PENDING;SAFE;0;2;0;118933351;118933353;0.00;0.00;0.00;0.00;0.00;KELLY_LITE;true;0.04;213261.28;0.0417;KELLY_LITE(mult=1.50 taper=1.00 n=20)+HARD_RISK_CAP(2.0%)+MAXLOSS_CAP;213261.28;213261.28;33;0
2026.08.12 08:55:05;XAUUSD;5;1786445849;BUY_STOP_TRAILED;Old=4410.72 New=4410.36;WAIT_TRIGGER;SAFE;0;2;0;118933351;118933353;0.00;0.00;0.00;0.00;0.00;KELLY_LITE;true;0.04;213261.28;0.0417;KELLY_LITE(mult=1.50 taper=1.00 n=20)+HARD_RISK_CAP(2.0%)+MAXLOSS_CAP;213261.28;213261.28;34;0
2026.08.12 08:55:13;XAUUSD;5;1786445849;BUY_STOP_TRAILED;Old=4410.36 New=4409.88;WAIT_TRIGGER;SAFE;0;2;0;118933351;118933353;0.00;0.00;0.00;0.00;0.00;KELLY_LITE;true;0.04;213261.28;0.0417;KELLY_LITE(mult=1.50 taper=1.00 n=20)+HARD_RISK_CAP(2.0%)+MAXLOSS_CAP;213261.28;213261.28;33;0
2026.08.12 08:55:14;XAUUSD;5;1786445849;BUY_STOP_TRAILED;Old=4409.88 New=4409.51;WAIT_TRIGGER;SAFE;0;2;0;118933351;118933353;0.00;0.00;0.00;0.00;0.00;KELLY_LITE;true;0.04;213261.28;0.0417;KELLY_LITE(mult=1.50 taper=1.00 n=20)+HARD_RISK_CAP(2.0%)+MAXLOSS_CAP;213261.28;213261.28;33;0
2026.08.12 08:55:19;XAUUSD;5;1786445849;BUY_STOP_TRAILED;Old=4409.51 New=4409.10;WAIT_TRIGGER;SAFE;1;1;0;118933351;118933353;0.00;-0.78;-0.78;0.00;0.00;KELLY_LITE;true;0.04;213261.28;0.0417;KELLY_LITE(mult=1.50 taper=1.00 n=20)+HARD_RISK_CAP(2.0%)+MAXLOSS_CAP;213261.28;213260.50;34;0
2026.08.12 08:55:19;XAUUSD;5;1786445849;OCO_TRIGGERED_SELL;ticket=118933353 entry=4407.39;POSITION_ACTIVE;SAFE;1;1;0;118933351;-1;0.00;-0.78;-0.78;0.00;0.00;KELLY_LITE;true;0.04;213261.28;0.0417;KELLY_LITE(mult=1.50 taper=1.00 n=20)+HARD_RISK_CAP(2.0%)+MAXLOSS_CAP;213261.28;213260.50;34;0
2026.08.12 08:55:20;XAUUSD;5;1786445849;PENDING_DELETED;ticket=118933351 reason=oco_sell_triggered;POSITION_ACTIVE;SAFE;1;0;0;118933351;-1;0.00;-0.75;-0.75;0.00;0.00;KELLY_LITE;true;0.04;213261.28;0.0417;KELLY_LITE(mult=1.50 taper=1.00 n=20)+HARD_RISK_CAP(2.0%)+MAXLOSS_CAP;213261.28;213260.53;33;0
2026.08.12 08:55:20;XAUUSD;5;1786445849;HEDGE_PENDING_PLACED;dir=BUY_STOP ticket=118933476 price=4410.64 sl=4407.64 lot=0.05 mainEntry=4407.39 dist=3.00 confirmBars=1;POSITION_ACTIVE;SAFE;1;1;1;-1;-1;4407.39;-0.78;-0.78;0.00;-0.75;KELLY_LITE;true;0.04;213261.28;0.0417;KELLY_LITE(mult=1.50 taper=1.00 n=20)+HARD_RISK_CAP(2.0%)+MAXLOSS_CAP;213261.28;213260.50;34;0
2026.08.12 09:07:36;XAUUSD;5;1786445849;POSITION_CLOSED;ticket=118933476 reason=hedge_max_loss lots=0.05 price=4408.60 pnl=-10.20;MANAGE_PROFIT;SAFE;1;0;1;-1;-1;4407.39;-4.56;-4.56;6.81;-13.91;KELLY_LITE;true;0.04;213261.28;0.0417;KELLY_LITE(mult=1.50 taper=1.00 n=20)+HARD_RISK_CAP(2.0%)+MAXLOSS_CAP;213250.83;213246.27;36;0
2026.08.12 09:07:36;XAUUSD;5;1786445849;HEDGE_CLOSED_MAX_LOSS;profit=-10.20 limit=10.00 peak=0.25 reason=hard_dollar_stop ok=1;MANAGE_PROFIT;SAFE;1;0;1;-1;-1;4407.39;-4.56;-4.56;6.81;-13.91;KELLY_LITE;true;0.04;213261.28;0.0417;KELLY_LITE(mult=1.50 taper=1.00 n=20)+HARD_RISK_CAP(2.0%)+MAXLOSS_CAP;213250.83;213246.27;36;0
2026.08.12 09:47:19;XAUUSD;5;1786445849;SL_MODIFIED;ticket=118933353 oldSL=4422.39 newSL=4405.22 reason=break_even_lock_leg_0;MANAGE_PROFIT;SAFE;1;0;1;-1;-1;4407.39;8.13;8.13;8.07;-13.91;KELLY_LITE;true;0.04;213261.28;0.0417;KELLY_LITE(mult=1.50 taper=1.00 n=20)+HARD_RISK_CAP(2.0%)+MAXLOSS_CAP;213250.83;213258.96;36;0
2026.08.12 09:47:19;XAUUSD;5;1786445849;PROFIT_RATCHET_LOCKED;floor=3.43 peak=8.07;MANAGE_PROFIT;SAFE;1;0;1;-1;-1;4407.39;8.13;8.13;8.07;-13.91;KELLY_LITE;true;0.04;213261.28;0.0417;KELLY_LITE(mult=1.50 taper=1.00 n=20)+HARD_RISK_CAP(2.0%)+MAXLOSS_CAP;213250.83;213258.96;36;0
2026.08.12 09:47:19;XAUUSD;5;1786445849;SL_MODIFIED;ticket=118933353 oldSL=4405.22 newSL=4405.20 reason=break_even_lock_leg_0;MANAGE_PROFIT;SAFE;1;0;1;-1;-1;4407.39;8.13;8.13;8.13;-13.91;KELLY_LITE;true;0.04;213261.28;0.0417;KELLY_LITE(mult=1.50 taper=1.00 n=20)+HARD_RISK_CAP(2.0%)+MAXLOSS_CAP;213250.83;213258.96;36;0
2026.08.12 09:47:19;XAUUSD;5;1786445849;PROFIT_RATCHET_LOCKED;floor=3.46 peak=8.13;MANAGE_PROFIT;SAFE;1;0;1;-1;-1;4407.39;8.13;8.13;8.13;-13.91;KELLY_LITE;true;0.04;213261.28;0.0417;KELLY_LITE(mult=1.50 taper=1.00 n=20)+HARD_RISK_CAP(2.0%)+MAXLOSS_CAP;213250.83;213258.96;36;0
2026.08.12 09:47:20;XAUUSD;5;1786445849;PROFIT_RATCHET_LOCKED;floor=3.46 peak=8.13;MANAGE_PROFIT;SAFE;1;0;1;-1;-1;4407.39;8.10;8.10;8.13;-13.91;KELLY_LITE;true;0.04;213261.28;0.0417;KELLY_LITE(mult=1.50 taper=1.00 n=20)+HARD_RISK_CAP(2.0%)+MAXLOSS_CAP;213250.83;213258.93;35;0
2026.08.12 09:47:20;XAUUSD;5;1786445849;PROFIT_RATCHET_LOCKED;floor=3.46 peak=8.13;MANAGE_PROFIT;SAFE;1;0;1;-1;-1;4407.39;7.77;7.77;8.13;-13.91;KELLY_LITE;true;0.04;213261.28;0.0417;KELLY_LITE(mult=1.50 taper=1.00 n=20)+HARD_RISK_CAP(2.0%)+MAXLOSS_CAP;213250.83;213258.60;36;0
2026.08.12 09:47:21;XAUUSD;5;1786445849;SL_MODIFIED;ticket=118933353 oldSL=4405.20 newSL=4405.08 reason=break_even_lock_leg_0;MANAGE_PROFIT;SAFE;1;0;1;-1;-1;4407.39;8.55;8.55;8.49;-13.91;KELLY_LITE;true;0.04;213261.28;0.0417;KELLY_LITE(mult=1.50 taper=1.00 n=20)+HARD_RISK_CAP(2.0%)+MAXLOSS_CAP;213250.83;213259.38;37;0
2026.08.12 09:47:21;XAUUSD;5;1786445849;PROFIT_RATCHET_LOCKED;floor=3.61 peak=8.49;MANAGE_PROFIT;SAFE;1;0;1;-1;-1;4407.39;8.55;8.55;8.49;-13.91;KELLY_LITE;true;0.04;213261.28;0.0417;KELLY_LITE(mult=1.50 taper=1.00 n=20)+HARD_RISK_CAP(2.0%)+MAXLOSS_CAP;213250.83;213259.38;37;0
2026.08.12 09:47:21;XAUUSD;5;1786445849;PROFIT_RATCHET_LOCKED;floor=3.63 peak=8.55;MANAGE_PROFIT;SAFE;1;0;1;-1;-1;4407.39;8.55;8.55;8.55;-13.91;KELLY_LITE;true;0.04;213261.28;0.0417;KELLY_LITE(mult=1.50 taper=1.00 n=20)+HARD_RISK_CAP(2.0%)+MAXLOSS_CAP;213250.83;213259.38;37;0
2026.08.12 09:47:21;XAUUSD;5;1786445849;PROFIT_RATCHET_LOCKED;floor=3.63 peak=8.55;MANAGE_PROFIT;SAFE;1;0;1;-1;-1;4407.39;8.52;8.52;8.55;-13.91;KELLY_LITE;true;0.04;213261.28;0.0417;KELLY_LITE(mult=1.50 taper=1.00 n=20)+HARD_RISK_CAP(2.0%)+MAXLOSS_CAP;213250.83;213259.35;37;0
2026.08.12 09:47:21;XAUUSD;5;1786445849;PROFIT_RATCHET_LOCKED;floor=3.63 peak=8.55;MANAGE_PROFIT;SAFE;1;0;1;-1;-1;4407.39;8.52;8.52;8.55;-13.91;KELLY_LITE;true;0.04;213261.28;0.0417;KELLY_LITE(mult=1.50 taper=1.00 n=20)+HARD_RISK_CAP(2.0%)+MAXLOSS_CAP;213250.83;213259.35;36;0
2026.08.12 09:47:22;XAUUSD;5;1786445849;PROFIT_RATCHET_LOCKED;floor=3.63 peak=8.55;MANAGE_PROFIT;SAFE;1;0;1;-1;-1;4407.39;8.49;8.49;8.55;-13.91;KELLY_LITE;true;0.04;213261.28;0.0417;KELLY_LITE(mult=1.50 taper=1.00 n=20)+HARD_RISK_CAP(2.0%)+MAXLOSS_CAP;213250.83;213259.32;37;0
2026.08.12 09:47:23;XAUUSD;5;1786445849;SL_MODIFIED;ticket=118933353 oldSL=4405.08 newSL=4405.04 reason=break_even_lock_leg_0;MANAGE_PROFIT;SAFE;1;0;1;-1;-1;4407.39;9.54;9.54;8.61;-13.91;KELLY_LITE;true;0.04;213261.28;0.0417;KELLY_LITE(mult=1.50 taper=1.00 n=20)+HARD_RISK_CAP(2.0%)+MAXLOSS_CAP;213250.83;213260.37;36;0
2026.08.12 09:47:23;XAUUSD;5;1786445849;PROFIT_RATCHET_LOCKED;floor=3.66 peak=8.61;MANAGE_PROFIT;SAFE;1;0;1;-1;-1;4407.39;9.54;9.54;8.61;-13.91;KELLY_LITE;true;0.04;213261.28;0.0417;KELLY_LITE(mult=1.50 taper=1.00 n=20)+HARD_RISK_CAP(2.0%)+MAXLOSS_CAP;213250.83;213260.37;36;0
2026.08.12 09:47:24;XAUUSD;5;1786445849;SL_MODIFIED;ticket=118933353 oldSL=4405.04 newSL=4404.73 reason=break_even_lock_leg_0;MANAGE_PROFIT;SAFE;1;0;1;-1;-1;4407.39;8.91;8.91;9.54;-13.91;KELLY_LITE;true;0.04;213261.28;0.0417;KELLY_LITE(mult=1.50 taper=1.00 n=20)+HARD_RISK_CAP(2.0%)+MAXLOSS_CAP;213250.83;213259.74;36;0
2026.08.12 09:47:24;XAUUSD;5;1786445849;PROFIT_RATCHET_LOCKED;floor=4.05 peak=9.54;MANAGE_PROFIT;SAFE;1;0;1;-1;-1;4407.39;8.91;8.91;9.54;-13.91;KELLY_LITE;true;0.04;213261.28;0.0417;KELLY_LITE(mult=1.50 taper=1.00 n=20)+HARD_RISK_CAP(2.0%)+MAXLOSS_CAP;213250.83;213259.74;36;0
2026.08.12 09:47:24;XAUUSD;5;1786445849;PROFIT_RATCHET_LOCKED;floor=4.05 peak=9.54;MANAGE_PROFIT;SAFE;1;0;1;-1;-1;4407.39;8.91;8.91;9.54;-13.91;KELLY_LITE;true;0.04;213261.28;0.0417;KELLY_LITE(mult=1.50 taper=1.00 n=20)+HARD_RISK_CAP(2.0%)+MAXLOSS_CAP;213250.83;213259.74;36;0
2026.08.12 09:47:24;XAUUSD;5;1786445849;PROFIT_RATCHET_LOCKED;floor=4.05 peak=9.54;MANAGE_PROFIT;SAFE;1;0;1;-1;-1;4407.39;8.79;8.79;9.54;-13.91;KELLY_LITE;true;0.04;213261.28;0.0417;KELLY_LITE(mult=1.50 taper=1.00 n=20)+HARD_RISK_CAP(2.0%)+MAXLOSS_CAP;213250.83;213259.62;36;0
2026.08.12 09:47:24;XAUUSD;5;1786445849;PROFIT_RATCHET_LOCKED;floor=4.05 peak=9.54;MANAGE_PROFIT;SAFE;1;0;1;-1;-1;4407.39;8.73;8.73;9.54;-13.91;KELLY_LITE;true;0.04;213261.28;0.0417;KELLY_LITE(mult=1.50 taper=1.00 n=20)+HARD_RISK_CAP(2.0%)+MAXLOSS_CAP;213250.83;213259.56;36;0
2026.08.12 09:47:26;XAUUSD;5;1786445849;PROFIT_RATCHET_LOCKED;floor=4.05 peak=9.54;MANAGE_PROFIT;SAFE;1;0;1;-1;-1;4407.39;8.70;8.70;9.54;-13.91;KELLY_LITE;true;0.04;213261.28;0.0417;KELLY_LITE(mult=1.50 taper=1.00 n=20)+HARD_RISK_CAP(2.0%)+MAXLOSS_CAP;213250.83;213259.53;36;0
2026.08.12 09:47:26;XAUUSD;5;1786445849;PROFIT_RATCHET_LOCKED;floor=4.05 peak=9.54;MANAGE_PROFIT;SAFE;1;0;1;-1;-1;4407.39;8.73;8.73;9.54;-13.91;KELLY_LITE;true;0.04;213261.28;0.0417;KELLY_LITE(mult=1.50 taper=1.00 n=20)+HARD_RISK_CAP(2.0%)+MAXLOSS_CAP;213250.83;213259.56;35;0
2026.08.12 09:47:27;XAUUSD;5;1786445849;PROFIT_RATCHET_LOCKED;floor=4.05 peak=9.54;MANAGE_PROFIT;SAFE;1;0;1;-1;-1;4407.39;8.73;8.73;9.54;-13.91;KELLY_LITE;true;0.04;213261.28;0.0417;KELLY_LITE(mult=1.50 taper=1.00 n=20)+HARD_RISK_CAP(2.0%)+MAXLOSS_CAP;213250.83;213259.56;36;0
2026.08.12 09:47:27;XAUUSD;5;1786445849;PROFIT_RATCHET_LOCKED;floor=4.05 peak=9.54;MANAGE_PROFIT;SAFE;1;0;1;-1;-1;4407.39;8.79;8.79;9.54;-13.91;KELLY_LITE;true;0.04;213261.28;0.0417;KELLY_LITE(mult=1.50 taper=1.00 n=20)+HARD_RISK_CAP(2.0%)+MAXLOSS_CAP;213250.83;213259.62;36;0
2026.08.12 09:47:27;XAUUSD;5;1786445849;PROFIT_RATCHET_LOCKED;floor=4.05 peak=9.54;MANAGE_PROFIT;SAFE;1;0;1;-1;-1;4407.39;8.76;8.76;9.54;-13.91;KELLY_LITE;true;0.04;213261.28;0.0417;KELLY_LITE(mult=1.50 taper=1.00 n=20)+HARD_RISK_CAP(2.0%)+MAXLOSS_CAP;213250.83;213259.59;36;0
2026.08.12 09:47:28;XAUUSD;5;1786445849;PROFIT_RATCHET_LOCKED;floor=4.05 peak=9.54;MANAGE_PROFIT;SAFE;1;0;1;-1;-1;4407.39;8.97;8.97;9.54;-13.91;KELLY_LITE;true;0.04;213261.28;0.0417;KELLY_LITE(mult=1.50 taper=1.00 n=20)+HARD_RISK_CAP(2.0%)+MAXLOSS_CAP;213250.83;213259.80;36;0
2026.08.12 09:47:28;XAUUSD;5;1786445849;PROFIT_RATCHET_LOCKED;floor=4.05 peak=9.54;MANAGE_PROFIT;SAFE;1;0;1;-1;-1;4407.39;9.03;9.03;9.54;-13.91;KELLY_LITE;true;0.04;213261.28;0.0417;KELLY_LITE(mult=1.50 taper=1.00 n=20)+HARD_RISK_CAP(2.0%)+MAXLOSS_CAP;213250.83;213259.86;36;0
2026.08.12 09:47:29;XAUUSD;5;1786445849;PROFIT_RATCHET_LOCKED;floor=4.05 peak=9.54;MANAGE_PROFIT;SAFE;1;0;1;-1;-1;4407.39;9.06;9.06;9.54;-13.91;KELLY_LITE;true;0.04;213261.28;0.0417;KELLY_LITE(mult=1.50 taper=1.00 n=20)+HARD_RISK_CAP(2.0%)+MAXLOSS_CAP;213250.83;213259.89;36;0
2026.08.12 09:47:29;XAUUSD;5;1786445849;PROFIT_RATCHET_LOCKED;floor=4.05 peak=9.54;MANAGE_PROFIT;SAFE;1;0;1;-1;-1;4407.39;9.00;9.00;9.54;-13.91;KELLY_LITE;true;0.04;213261.28;0.0417;KELLY_LITE(mult=1.50 taper=1.00 n=20)+HARD_RISK_CAP(2.0%)+MAXLOSS_CAP;213250.83;213259.83;36;0
2026.08.12 09:47:29;XAUUSD;5;1786445849;PROFIT_RATCHET_LOCKED;floor=4.05 peak=9.54;MANAGE_PROFIT;SAFE;1;0;1;-1;-1;4407.39;9.09;9.09;9.54;-13.91;KELLY_LITE;true;0.04;213261.28;0.0417;KELLY_LITE(mult=1.50 taper=1.00 n=20)+HARD_RISK_CAP(2.0%)+MAXLOSS_CAP;213250.83;213259.92;34;0
2026.08.12 09:47:29;XAUUSD;5;1786445849;PROFIT_RATCHET_LOCKED;floor=4.05 peak=9.54;MANAGE_PROFIT;SAFE;1;0;1;-1;-1;4407.39;9.27;9.27;9.54;-13.91;KELLY_LITE;true;0.04;213261.28;0.0417;KELLY_LITE(mult=1.50 taper=1.00 n=20)+HARD_RISK_CAP(2.0%)+MAXLOSS_CAP;213250.83;213260.10;36;0
2026.08.12 09:47:31;XAUUSD;5;1786445849;PROFIT_RATCHET_LOCKED;floor=4.05 peak=9.54;MANAGE_PROFIT;SAFE;1;0;1;-1;-1;4407.39;9.30;9.30;9.54;-13.91;KELLY_LITE;true;0.04;213261.28;0.0417;KELLY_LITE(mult=1.50 taper=1.00 n=20)+HARD_RISK_CAP(2.0%)+MAXLOSS_CAP;213250.83;213260.13;36;0
2026.08.12 09:47:31;XAUUSD;5;1786445849;PROFIT_RATCHET_LOCKED;floor=4.05 peak=9.54;MANAGE_PROFIT;SAFE;1;0;1;-1;-1;4407.39;9.42;9.42;9.54;-13.91;KELLY_LITE;true;0.04;213261.28;0.0417;KELLY_LITE(mult=1.50 taper=1.00 n=20)+HARD_RISK_CAP(2.0%)+MAXLOSS_CAP;213250.83;213260.25;36;0
2026.08.12 09:47:31;XAUUSD;5;1786445849;PROFIT_RATCHET_LOCKED;floor=4.05 peak=9.54;MANAGE_PROFIT;SAFE;1;0;1;-1;-1;4407.39;9.48;9.48;9.54;-13.91;KELLY_LITE;true;0.04;213261.28;0.0417;KELLY_LITE(mult=1.50 taper=1.00 n=20)+HARD_RISK_CAP(2.0%)+MAXLOSS_CAP;213250.83;213260.31;37;0
2026.08.12 09:47:32;XAUUSD;5;1786445849;PROFIT_RATCHET_LOCKED;floor=4.05 peak=9.54;MANAGE_PROFIT;SAFE;1;0;1;-1;-1;4407.39;9.54;9.54;9.54;-13.91;KELLY_LITE;true;0.04;213261.28;0.0417;KELLY_LITE(mult=1.50 taper=1.00 n=20)+HARD_RISK_CAP(2.0%)+MAXLOSS_CAP;213250.83;213260.37;36;0
2026.08.12 09:47:32;XAUUSD;5;1786445849;PROFIT_RATCHET_LOCKED;floor=4.05 peak=9.54;MANAGE_PROFIT;SAFE;1;0;1;-1;-1;4407.39;9.48;9.48;9.54;-13.91;KELLY_LITE;true;0.04;213261.28;0.0417;KELLY_LITE(mult=1.50 taper=1.00 n=20)+HARD_RISK_CAP(2.0%)+MAXLOSS_CAP;213250.83;213260.31;36;0
2026.08.12 09:47:32;XAUUSD;5;1786445849;PROFIT_RATCHET_LOCKED;floor=4.05 peak=9.54;MANAGE_PROFIT;SAFE;1;0;1;-1;-1;4407.39;9.42;9.42;9.54;-13.91;KELLY_LITE;true;0.04;213261.28;0.0417;KELLY_LITE(mult=1.50 taper=1.00 n=20)+HARD_RISK_CAP(2.0%)+MAXLOSS_CAP;213250.83;213260.25;36;0
2026.08.12 09:47:32;XAUUSD;5;1786445849;PROFIT_RATCHET_LOCKED;floor=4.05 peak=9.54;MANAGE_PROFIT;SAFE;1;0;1;-1;-1;4407.39;9.48;9.48;9.54;-13.91;KELLY_LITE;true;0.04;213261.28;0.0417;KELLY_LITE(mult=1.50 taper=1.00 n=20)+HARD_RISK_CAP(2.0%)+MAXLOSS_CAP;213250.83;213260.31;37;0
2026.08.12 09:47:33;XAUUSD;5;1786445849;PROFIT_RATCHET_LOCKED;floor=4.05 peak=9.54;MANAGE_PROFIT;SAFE;1;0;1;-1;-1;4407.39;9.45;9.45;9.54;-13.91;KELLY_LITE;true;0.04;213261.28;0.0417;KELLY_LITE(mult=1.50 taper=1.00 n=20)+HARD_RISK_CAP(2.0%)+MAXLOSS_CAP;213250.83;213260.28;36;0
2026.08.12 09:47:33;XAUUSD;5;1786445849;PROFIT_RATCHET_LOCKED;floor=4.05 peak=9.54;MANAGE_PROFIT;SAFE;1;0;1;-1;-1;4407.39;9.24;9.24;9.54;-13.91;KELLY_LITE;true;0.04;213261.28;0.0417;KELLY_LITE(mult=1.50 taper=1.00 n=20)+HARD_RISK_CAP(2.0%)+MAXLOSS_CAP;213250.83;213260.07;33;0
2026.08.12 09:47:33;XAUUSD;5;1786445849;PROFIT_RATCHET_LOCKED;floor=4.05 peak=9.54;MANAGE_PROFIT;SAFE;1;0;1;-1;-1;4407.39;8.61;8.61;9.54;-13.91;KELLY_LITE;true;0.04;213261.28;0.0417;KELLY_LITE(mult=1.50 taper=1.00 n=20)+HARD_RISK_CAP(2.0%)+MAXLOSS_CAP;213250.83;213259.44;37;0
2026.08.12 09:47:33;XAUUSD;5;1786445849;PROFIT_RATCHET_LOCKED;floor=4.05 peak=9.54;MANAGE_PROFIT;SAFE;1;0;1;-1;-1;4407.39;8.55;8.55;9.54;-13.91;KELLY_LITE;true;0.04;213261.28;0.0417;KELLY_LITE(mult=1.50 taper=1.00 n=20)+HARD_RISK_CAP(2.0%)+MAXLOSS_CAP;213250.83;213259.38;36;0
2026.08.12 09:47:34;XAUUSD;5;1786445849;PROFIT_RATCHET_LOCKED;floor=4.05 peak=9.54;MANAGE_PROFIT;SAFE;1;0;1;-1;-1;4407.39;8.58;8.58;9.54;-13.91;KELLY_LITE;true;0.04;213261.28;0.0417;KELLY_LITE(mult=1.50 taper=1.00 n=20)+HARD_RISK_CAP(2.0%)+MAXLOSS_CAP;213250.83;213259.41;36;0
2026.08.12 09:47:34;XAUUSD;5;1786445849;PROFIT_RATCHET_LOCKED;floor=4.05 peak=9.54;MANAGE_PROFIT;SAFE;1;0;1;-1;-1;4407.39;8.64;8.64;9.54;-13.91;KELLY_LITE;true;0.04;213261.28;0.0417;KELLY_LITE(mult=1.50 taper=1.00 n=20)+HARD_RISK_CAP(2.0%)+MAXLOSS_CAP;213250.83;213259.47;36;0
2026.08.12 09:47:34;XAUUSD;5;1786445849;PROFIT_RATCHET_LOCKED;floor=4.05 peak=9.54;MANAGE_PROFIT;SAFE;1;0;1;-1;-1;4407.39;8.70;8.70;9.54;-13.91;KELLY_LITE;true;0.04;213261.28;0.0417;KELLY_LITE(mult=1.50 taper=1.00 n=20)+HARD_RISK_CAP(2.0%)+MAXLOSS_CAP;213250.83;213259.53;36;0
2026.08.12 09:47:34;XAUUSD;5;1786445849;PROFIT_RATCHET_LOCKED;floor=4.05 peak=9.54;MANAGE_PROFIT;SAFE;1;0;1;-1;-1;4407.39;8.79;8.79;9.54;-13.91;KELLY_LITE;true;0.04;213261.28;0.0417;KELLY_LITE(mult=1.50 taper=1.00 n=20)+HARD_RISK_CAP(2.0%)+MAXLOSS_CAP;213250.83;213259.62;36;0
2026.08.12 09:47:35;XAUUSD;5;1786445849;PROFIT_RATCHET_LOCKED;floor=4.05 peak=9.54;MANAGE_PROFIT;SAFE;1;0;1;-1;-1;4407.39;8.76;8.76;9.54;-13.91;KELLY_LITE;true;0.04;213261.28;0.0417;KELLY_LITE(mult=1.50 taper=1.00 n=20)+HARD_RISK_CAP(2.0%)+MAXLOSS_CAP;213250.83;213259.59;36;0
2026.08.12 09:47:35;XAUUSD;5;1786445849;PROFIT_RATCHET_LOCKED;floor=4.05 peak=9.54;MANAGE_PROFIT;SAFE;1;0;1;-1;-1;4407.39;8.97;8.97;9.54;-13.91;KELLY_LITE;true;0.04;213261.28;0.0417;KELLY_LITE(mult=1.50 taper=1.00 n=20)+HARD_RISK_CAP(2.0%)+MAXLOSS_CAP;213250.83;213259.80;36;0
2026.08.12 09:47:35;XAUUSD;5;1786445849;PROFIT_RATCHET_LOCKED;floor=4.05 peak=9.54;MANAGE_PROFIT;SAFE;1;0;1;-1;-1;4407.39;8.91;8.91;9.54;-13.91;KELLY_LITE;true;0.04;213261.28;0.0417;KELLY_LITE(mult=1.50 taper=1.00 n=20)+HARD_RISK_CAP(2.0%)+MAXLOSS_CAP;213250.83;213259.74;36;0
2026.08.12 09:47:36;XAUUSD;5;1786445849;PROFIT_RATCHET_LOCKED;floor=4.05 peak=9.54;MANAGE_PROFIT;SAFE;1;0;1;-1;-1;4407.39;8.97;8.97;9.54;-13.91;KELLY_LITE;true;0.04;213261.28;0.0417;KELLY_LITE(mult=1.50 taper=1.00 n=20)+HARD_RISK_CAP(2.0%)+MAXLOSS_CAP;213250.83;213259.80;36;0
2026.08.12 09:47:36;XAUUSD;5;1786445849;PROFIT_RATCHET_LOCKED;floor=4.05 peak=9.54;MANAGE_PROFIT;SAFE;1;0;1;-1;-1;4407.39;9.06;9.06;9.54;-13.91;KELLY_LITE;true;0.04;213261.28;0.0417;KELLY_LITE(mult=1.50 taper=1.00 n=20)+HARD_RISK_CAP(2.0%)+MAXLOSS_CAP;213250.83;213259.89;36;0
2026.08.12 09:47:37;XAUUSD;5;1786445849;PROFIT_RATCHET_LOCKED;floor=4.05 peak=9.54;MANAGE_PROFIT;SAFE;1;0;1;-1;-1;4407.39;9.09;9.09;9.54;-13.91;KELLY_LITE;true;0.04;213261.28;0.0417;KELLY_LITE(mult=1.50 taper=1.00 n=20)+HARD_RISK_CAP(2.0%)+MAXLOSS_CAP;213250.83;213259.92;36;0
2026.08.12 09:47:38;XAUUSD;5;1786445849;PROFIT_RATCHET_LOCKED;floor=4.05 peak=9.54;MANAGE_PROFIT;SAFE;1;0;1;-1;-1;4407.39;9.18;9.18;9.54;-13.91;KELLY_LITE;true;0.04;213261.28;0.0417;KELLY_LITE(mult=1.50 taper=1.00 n=20)+HARD_RISK_CAP(2.0%)+MAXLOSS_CAP;213250.83;213260.01;36;0
2026.08.12 09:47:39;XAUUSD;5;1786445849;PROFIT_RATCHET_LOCKED;floor=4.05 peak=9.54;MANAGE_PROFIT;SAFE;1;0;1;-1;-1;4407.39;9.21;9.21;9.54;-13.91;KELLY_LITE;true;0.04;213261.28;0.0417;KELLY_LITE(mult=1.50 taper=1.00 n=20)+HARD_RISK_CAP(2.0%)+MAXLOSS_CAP;213250.83;213260.04;36;0
2026.08.12 09:47:40;XAUUSD;5;1786445849;PROFIT_RATCHET_LOCKED;floor=4.05 peak=9.54;MANAGE_PROFIT;SAFE;1;0;1;-1;-1;4407.39;9.30;9.30;9.54;-13.91;KELLY_LITE;true;0.04;213261.28;0.0417;KELLY_LITE(mult=1.50 taper=1.00 n=20)+HARD_RISK_CAP(2.0%)+MAXLOSS_CAP;213250.83;213260.13;36;0
2026.08.12 09:47:42;XAUUSD;5;1786445849;PROFIT_RATCHET_LOCKED;floor=4.05 peak=9.54;MANAGE_PROFIT;SAFE;1;0;1;-1;-1;4407.39;9.27;9.27;9.54;-13.91;KELLY_LITE;true;0.04;213261.28;0.0417;KELLY_LITE(mult=1.50 taper=1.00 n=20)+HARD_RISK_CAP(2.0%)+MAXLOSS_CAP;213250.83;213260.10;36;0
2026.08.12 09:47:42;XAUUSD;5;1786445849;PROFIT_RATCHET_LOCKED;floor=4.05 peak=9.54;MANAGE_PROFIT;SAFE;1;0;1;-1;-1;4407.39;9.30;9.30;9.54;-13.91;KELLY_LITE;true;0.04;213261.28;0.0417;KELLY_LITE(mult=1.50 taper=1.00 n=20)+HARD_RISK_CAP(2.0%)+MAXLOSS_CAP;213250.83;213260.13;36;0
2026.08.12 09:47:42;XAUUSD;5;1786445849;PROFIT_RATCHET_LOCKED;floor=4.05 peak=9.54;MANAGE_PROFIT;SAFE;1;0;1;-1;-1;4407.39;9.42;9.42;9.54;-13.91;KELLY_LITE;true;0.04;213261.28;0.0417;KELLY_LITE(mult=1.50 taper=1.00 n=20)+HARD_RISK_CAP(2.0%)+MAXLOSS_CAP;213250.83;213260.25;36;0
2026.08.12 09:47:43;XAUUSD;5;1786445849;PROFIT_RATCHET_LOCKED;floor=4.05 peak=9.54;MANAGE_PROFIT;SAFE;1;0;1;-1;-1;4407.39;9.48;9.48;9.54;-13.91;KELLY_LITE;true;0.04;213261.28;0.0417;KELLY_LITE(mult=1.50 taper=1.00 n=20)+HARD_RISK_CAP(2.0%)+MAXLOSS_CAP;213250.83;213260.31;36;0
2026.08.12 09:47:44;XAUUSD;5;1786445849;PROFIT_RATCHET_LOCKED;floor=4.05 peak=9.54;MANAGE_PROFIT;SAFE;1;0;1;-1;-1;4407.39;9.45;9.45;9.54;-13.91;KELLY_LITE;true;0.04;213261.28;0.0417;KELLY_LITE(mult=1.50 taper=1.00 n=20)+HARD_RISK_CAP(2.0%)+MAXLOSS_CAP;213250.83;213260.28;36;0
2026.08.12 09:47:44;XAUUSD;5;1786445849;PROFIT_RATCHET_LOCKED;floor=4.05 peak=9.54;MANAGE_PROFIT;SAFE;1;0;1;-1;-1;4407.39;9.36;9.36;9.54;-13.91;KELLY_LITE;true;0.04;213261.28;0.0417;KELLY_LITE(mult=1.50 taper=1.00 n=20)+HARD_RISK_CAP(2.0%)+MAXLOSS_CAP;213250.83;213260.19;36;0
2026.08.12 09:47:44;XAUUSD;5;1786445849;PROFIT_RATCHET_LOCKED;floor=4.05 peak=9.54;MANAGE_PROFIT;SAFE;1;0;1;-1;-1;4407.39;9.39;9.39;9.54;-13.91;KELLY_LITE;true;0.04;213261.28;0.0417;KELLY_LITE(mult=1.50 taper=1.00 n=20)+HARD_RISK_CAP(2.0%)+MAXLOSS_CAP;213250.83;213260.22;36;0
2026.08.12 09:47:46;XAUUSD;5;1786445849;PROFIT_RATCHET_LOCKED;floor=4.08 peak=9.60;MANAGE_PROFIT;SAFE;1;0;1;-1;-1;4407.39;9.60;9.60;9.60;-13.91;KELLY_LITE;true;0.04;213261.28;0.0417;KELLY_LITE(mult=1.50 taper=1.00 n=20)+HARD_RISK_CAP(2.0%)+MAXLOSS_CAP;213250.83;213260.43;34;0
2026.08.12 09:47:46;XAUUSD;5;1786445849;PROFIT_RATCHET_LOCKED;floor=4.08 peak=9.60;MANAGE_PROFIT;SAFE;1;0;1;-1;-1;4407.39;9.57;9.57;9.60;-13.91;KELLY_LITE;true;0.04;213261.28;0.0417;KELLY_LITE(mult=1.50 taper=1.00 n=20)+HARD_RISK_CAP(2.0%)+MAXLOSS_CAP;213250.83;213260.40;35;0
2026.08.12 09:47:46;XAUUSD;5;1786445849;PROFIT_RATCHET_LOCKED;floor=4.08 peak=9.60;MANAGE_PROFIT;SAFE;1;0;1;-1;-1;4407.39;9.54;9.54;9.60;-13.91;KELLY_LITE;true;0.04;213261.28;0.0417;KELLY_LITE(mult=1.50 taper=1.00 n=20)+HARD_RISK_CAP(2.0%)+MAXLOSS_CAP;213250.83;213260.37;36;0
2026.08.12 09:47:47;XAUUSD;5;1786445849;PROFIT_RATCHET_LOCKED;floor=4.08 peak=9.60;MANAGE_PROFIT;SAFE;1;0;1;-1;-1;4407.39;9.60;9.60;9.60;-13.91;KELLY_LITE;true;0.04;213261.28;0.0417;KELLY_LITE(mult=1.50 taper=1.00 n=20)+HARD_RISK_CAP(2.0%)+MAXLOSS_CAP;213250.83;213260.43;37;0
2026.08.12 09:47:47;XAUUSD;5;1786445849;PROFIT_RATCHET_LOCKED;floor=4.08 peak=9.60;MANAGE_PROFIT;SAFE;1;0;1;-1;-1;4407.39;9.54;9.54;9.60;-13.91;KELLY_LITE;true;0.04;213261.28;0.0417;KELLY_LITE(mult=1.50 taper=1.00 n=20)+HARD_RISK_CAP(2.0%)+MAXLOSS_CAP;213250.83;213260.37;36;0
2026.08.12 09:47:47;XAUUSD;5;1786445849;PROFIT_RATCHET_LOCKED;floor=4.08 peak=9.60;MANAGE_PROFIT;SAFE;1;0;1;-1;-1;4407.39;9.60;9.60;9.60;-13.91;KELLY_LITE;true;0.04;213261.28;0.0417;KELLY_LITE(mult=1.50 taper=1.00 n=20)+HARD_RISK_CAP(2.0%)+MAXLOSS_CAP;213250.83;213260.43;37;0
2026.08.12 09:47:48;XAUUSD;5;1786445849;SL_MODIFIED;ticket=118933353 oldSL=4404.73 newSL=4404.70 reason=break_even_lock_leg_0;MANAGE_PROFIT;SAFE;1;0;1;-1;-1;4407.39;10.38;10.38;9.63;-13.91;KELLY_LITE;true;0.04;213261.28;0.0417;KELLY_LITE(mult=1.50 taper=1.00 n=20)+HARD_RISK_CAP(2.0%)+MAXLOSS_CAP;213250.83;213261.21;37;0
2026.08.12 09:47:48;XAUUSD;5;1786445849;PROFIT_RATCHET_LOCKED;floor=4.09 peak=9.63;MANAGE_PROFIT;SAFE;1;0;1;-1;-1;4407.39;10.38;10.38;9.63;-13.91;KELLY_LITE;true;0.04;213261.28;0.0417;KELLY_LITE(mult=1.50 taper=1.00 n=20)+HARD_RISK_CAP(2.0%)+MAXLOSS_CAP;213250.83;213261.21;37;0
2026.08.12 09:47:48;XAUUSD;5;1786445849;SL_MODIFIED;ticket=118933353 oldSL=4404.70 newSL=4404.45 reason=break_even_lock_leg_0;MANAGE_PROFIT;SAFE;1;0;1;-1;-1;4407.39;11.01;10.38;10.38;-13.91;KELLY_LITE;true;0.04;213261.28;0.0417;KELLY_LITE(mult=1.50 taper=1.00 n=20)+HARD_RISK_CAP(2.0%)+MAXLOSS_CAP;213250.83;213261.84;37;0
2026.08.12 09:47:48;XAUUSD;5;1786445849;PROFIT_RATCHET_LOCKED;floor=4.41 peak=10.38;MANAGE_PROFIT;SAFE;1;0;1;-1;-1;4407.39;11.01;10.38;10.38;-13.91;KELLY_LITE;true;0.04;213261.28;0.0417;KELLY_LITE(mult=1.50 taper=1.00 n=20)+HARD_RISK_CAP(2.0%)+MAXLOSS_CAP;213250.83;213261.84;37;0
2026.08.12 09:47:49;XAUUSD;5;1786445849;SL_MODIFIED;ticket=118933353 oldSL=4404.45 newSL=4404.27 reason=break_even_lock_leg_0 (retry buf=3pt);MANAGE_PROFIT;SAFE;1;0;1;-1;-1;4407.39;11.04;11.04;11.13;-13.91;KELLY_LITE;true;0.04;213261.28;0.0417;KELLY_LITE(mult=1.50 taper=1.00 n=20)+HARD_RISK_CAP(2.0%)+MAXLOSS_CAP;213250.83;213261.87;36;0
2026.08.12 09:47:49;XAUUSD;5;1786445849;PROFIT_RATCHET_LOCKED;floor=4.73 peak=11.13;MANAGE_PROFIT;SAFE;1;0;1;-1;-1;4407.39;11.04;11.04;11.13;-13.91;KELLY_LITE;true;0.04;213261.28;0.0417;KELLY_LITE(mult=1.50 taper=1.00 n=20)+HARD_RISK_CAP(2.0%)+MAXLOSS_CAP;213250.83;213261.87;36;0
2026.08.12 09:47:50;XAUUSD;5;1786445849;SL_MODIFIED;ticket=118933353 oldSL=4404.27 newSL=4404.23 reason=break_even_lock_leg_0;MANAGE_PROFIT;SAFE;1;0;1;-1;-1;4407.39;11.76;11.76;11.13;-13.91;KELLY_LITE;true;0.04;213261.28;0.0417;KELLY_LITE(mult=1.50 taper=1.00 n=20)+HARD_RISK_CAP(2.0%)+MAXLOSS_CAP;213250.83;213262.59;36;0
2026.08.12 09:47:50;XAUUSD;5;1786445849;PROFIT_RATCHET_LOCKED;floor=4.73 peak=11.13;MANAGE_PROFIT;SAFE;1;0;1;-1;-1;4407.39;11.76;11.76;11.13;-13.91;KELLY_LITE;true;0.04;213261.28;0.0417;KELLY_LITE(mult=1.50 taper=1.00 n=20)+HARD_RISK_CAP(2.0%)+MAXLOSS_CAP;213250.83;213262.59;36;0
2026.08.12 09:47:50;XAUUSD;5;1786445849;SL_MODIFIED;ticket=118933353 oldSL=4404.23 newSL=4403.99 reason=break_even_lock_leg_0;MANAGE_PROFIT;SAFE;1;0;1;-1;-1;4407.39;12.27;12.27;11.76;-13.91;KELLY_LITE;true;0.04;213261.28;0.0417;KELLY_LITE(mult=1.50 taper=1.00 n=20)+HARD_RISK_CAP(2.0%)+MAXLOSS_CAP;213250.83;213263.10;36;0
2026.08.12 09:47:50;XAUUSD;5;1786445849;PROFIT_RATCHET_LOCKED;floor=5.00 peak=11.76;MANAGE_PROFIT;SAFE;1;0;1;-1;-1;4407.39;12.27;12.27;11.76;-13.91;KELLY_LITE;true;0.04;213261.28;0.0417;KELLY_LITE(mult=1.50 taper=1.00 n=20)+HARD_RISK_CAP(2.0%)+MAXLOSS_CAP;213250.83;213263.10;36;0
2026.08.12 09:47:51;XAUUSD;5;1786445849;SL_MODIFIED;ticket=118933353 oldSL=4403.99 newSL=4403.82 reason=break_even_lock_leg_0;MANAGE_PROFIT;SAFE;1;0;1;-1;-1;4407.39;12.27;12.27;12.27;-13.91;KELLY_LITE;true;0.04;213261.28;0.0417;KELLY_LITE(mult=1.50 taper=1.00 n=20)+HARD_RISK_CAP(2.0%)+MAXLOSS_CAP;213250.83;213263.10;36;0
2026.08.12 09:47:51;XAUUSD;5;1786445849;PROFIT_RATCHET_LOCKED;floor=5.21 peak=12.27;MANAGE_PROFIT;SAFE;1;0;1;-1;-1;4407.39;12.27;12.27;12.27;-13.91;KELLY_LITE;true;0.04;213261.28;0.0417;KELLY_LITE(mult=1.50 taper=1.00 n=20)+HARD_RISK_CAP(2.0%)+MAXLOSS_CAP;213250.83;213263.10;36;0
2026.08.12 09:47:51;XAUUSD;5;1786445849;PROFIT_RATCHET_LOCKED;floor=5.21 peak=12.27;MANAGE_PROFIT;SAFE;1;0;1;-1;-1;4407.39;12.24;12.24;12.27;-13.91;KELLY_LITE;true;0.04;213261.28;0.0417;KELLY_LITE(mult=1.50 taper=1.00 n=20)+HARD_RISK_CAP(2.0%)+MAXLOSS_CAP;213250.83;213263.07;36;0
2026.08.12 09:47:51;XAUUSD;5;1786445849;PROFIT_RATCHET_LOCKED;floor=5.21 peak=12.27;MANAGE_PROFIT;SAFE;1;0;1;-1;-1;4407.39;12.27;12.27;12.27;-13.91;KELLY_LITE;true;0.04;213261.28;0.0417;KELLY_LITE(mult=1.50 taper=1.00 n=20)+HARD_RISK_CAP(2.0%)+MAXLOSS_CAP;213250.83;213263.10;36;0
2026.08.12 09:47:52;XAUUSD;5;1786445849;SL_MODIFIED;ticket=118933353 oldSL=4403.82 newSL=4403.62 reason=break_even_lock_leg_0;MANAGE_PROFIT;SAFE;1;0;1;-1;-1;4407.39;12.84;12.84;12.87;-13.91;KELLY_LITE;true;0.04;213261.28;0.0417;KELLY_LITE(mult=1.50 taper=1.00 n=20)+HARD_RISK_CAP(2.0%)+MAXLOSS_CAP;213250.83;213263.67;35;0
2026.08.12 09:47:52;XAUUSD;5;1786445849;PROFIT_RATCHET_LOCKED;floor=5.47 peak=12.87;MANAGE_PROFIT;SAFE;1;0;1;-1;-1;4407.39;12.84;12.84;12.87;-13.91;KELLY_LITE;true;0.04;213261.28;0.0417;KELLY_LITE(mult=1.50 taper=1.00 n=20)+HARD_RISK_CAP(2.0%)+MAXLOSS_CAP;213250.83;213263.67;35;0
2026.08.12 09:47:52;XAUUSD;5;1786445849;PROFIT_RATCHET_LOCKED;floor=5.47 peak=12.87;MANAGE_PROFIT;SAFE;1;0;1;-1;-1;4407.39;12.84;12.84;12.87;-13.91;KELLY_LITE;true;0.04;213261.28;0.0417;KELLY_LITE(mult=1.50 taper=1.00 n=20)+HARD_RISK_CAP(2.0%)+MAXLOSS_CAP;213250.83;213263.67;35;0
2026.08.12 09:47:52;XAUUSD;5;1786445849;PROFIT_RATCHET_LOCKED;floor=5.47 peak=12.87;MANAGE_PROFIT;SAFE;1;0;1;-1;-1;4407.39;12.60;12.60;12.87;-13.91;KELLY_LITE;true;0.04;213261.28;0.0417;KELLY_LITE(mult=1.50 taper=1.00 n=20)+HARD_RISK_CAP(2.0%)+MAXLOSS_CAP;213250.83;213263.43;36;0
2026.08.12 09:47:52;XAUUSD;5;1786445849;PROFIT_RATCHET_LOCKED;floor=5.47 peak=12.87;MANAGE_PROFIT;SAFE;1;0;1;-1;-1;4407.39;12.39;12.39;12.87;-13.91;KELLY_LITE;true;0.04;213261.28;0.0417;KELLY_LITE(mult=1.50 taper=1.00 n=20)+HARD_RISK_CAP(2.0%)+MAXLOSS_CAP;213250.83;213263.22;36;0
2026.08.12 09:47:53;XAUUSD;5;1786445849;PROFIT_RATCHET_LOCKED;floor=5.47 peak=12.87;MANAGE_PROFIT;SAFE;1;0;1;-1;-1;4407.39;12.66;12.66;12.87;-13.91;KELLY_LITE;true;0.04;213261.28;0.0417;KELLY_LITE(mult=1.50 taper=1.00 n=20)+HARD_RISK_CAP(2.0%)+MAXLOSS_CAP;213250.83;213263.49;36;0
2026.08.12 09:47:53;XAUUSD;5;1786445849;PROFIT_RATCHET_LOCKED;floor=5.47 peak=12.87;MANAGE_PROFIT;SAFE;1;0;1;-1;-1;4407.39;12.51;12.51;12.87;-13.91;KELLY_LITE;true;0.04;213261.28;0.0417;KELLY_LITE(mult=1.50 taper=1.00 n=20)+HARD_RISK_CAP(2.0%)+MAXLOSS_CAP;213250.83;213263.34;36;0
2026.08.12 09:47:53;XAUUSD;5;1786445849;PROFIT_RATCHET_LOCKED;floor=5.47 peak=12.87;MANAGE_PROFIT;SAFE;1;0;1;-1;-1;4407.39;12.39;12.39;12.87;-13.91;KELLY_LITE;true;0.04;213261.28;0.0417;KELLY_LITE(mult=1.50 taper=1.00 n=20)+HARD_RISK_CAP(2.0%)+MAXLOSS_CAP;213250.83;213263.22;36;0
2026.08.12 09:47:53;XAUUSD;5;1786445849;PROFIT_RATCHET_LOCKED;floor=5.47 peak=12.87;MANAGE_PROFIT;SAFE;1;0;1;-1;-1;4407.39;12.45;12.45;12.87;-13.91;KELLY_LITE;true;0.04;213261.28;0.0417;KELLY_LITE(mult=1.50 taper=1.00 n=20)+HARD_RISK_CAP(2.0%)+MAXLOSS_CAP;213250.83;213263.28;36;0
2026.08.12 09:47:54;XAUUSD;5;1786445849;PROFIT_RATCHET_LOCKED;floor=5.47 peak=12.87;MANAGE_PROFIT;SAFE;1;0;1;-1;-1;4407.39;12.51;12.51;12.87;-13.91;KELLY_LITE;true;0.04;213261.28;0.0417;KELLY_LITE(mult=1.50 taper=1.00 n=20)+HARD_RISK_CAP(2.0%)+MAXLOSS_CAP;213250.83;213263.34;36;0
2026.08.12 09:47:54;XAUUSD;5;1786445849;PROFIT_RATCHET_LOCKED;floor=5.47 peak=12.87;MANAGE_PROFIT;SAFE;1;0;1;-1;-1;4407.39;12.54;12.54;12.87;-13.91;KELLY_LITE;true;0.04;213261.28;0.0417;KELLY_LITE(mult=1.50 taper=1.00 n=20)+HARD_RISK_CAP(2.0%)+MAXLOSS_CAP;213250.83;213263.37;36;0
2026.08.12 09:47:55;XAUUSD;5;1786445849;PROFIT_RATCHET_LOCKED;floor=5.47 peak=12.87;MANAGE_PROFIT;SAFE;1;0;1;-1;-1;4407.39;12.33;12.33;12.87;-13.91;KELLY_LITE;true;0.04;213261.28;0.0417;KELLY_LITE(mult=1.50 taper=1.00 n=20)+HARD_RISK_CAP(2.0%)+MAXLOSS_CAP;213250.83;213263.16;36;0
2026.08.12 09:47:55;XAUUSD;5;1786445849;PROFIT_RATCHET_LOCKED;floor=5.47 peak=12.87;MANAGE_PROFIT;SAFE;1;0;1;-1;-1;4407.39;12.36;12.36;12.87;-13.91;KELLY_LITE;true;0.04;213261.28;0.0417;KELLY_LITE(mult=1.50 taper=1.00 n=20)+HARD_RISK_CAP(2.0%)+MAXLOSS_CAP;213250.83;213263.19;37;0
2026.08.12 09:47:55;XAUUSD;5;1786445849;PROFIT_RATCHET_LOCKED;floor=5.47 peak=12.87;MANAGE_PROFIT;SAFE;1;0;1;-1;-1;4407.39;11.97;11.97;12.87;-13.91;KELLY_LITE;true;0.04;213261.28;0.0417;KELLY_LITE(mult=1.50 taper=1.00 n=20)+HARD_RISK_CAP(2.0%)+MAXLOSS_CAP;213250.83;213262.80;36;0
2026.08.12 09:47:55;XAUUSD;5;1786445849;PROFIT_RATCHET_LOCKED;floor=5.47 peak=12.87;MANAGE_PROFIT;SAFE;1;0;1;-1;-1;4407.39;12.42;12.42;12.87;-13.91;KELLY_LITE;true;0.04;213261.28;0.0417;KELLY_LITE(mult=1.50 taper=1.00 n=20)+HARD_RISK_CAP(2.0%)+MAXLOSS_CAP;213250.83;213263.25;36;0
2026.08.12 09:47:56;XAUUSD;5;1786445849;PROFIT_RATCHET_LOCKED;floor=5.47 peak=12.87;MANAGE_PROFIT;SAFE;1;0;1;-1;-1;4407.39;12.36;12.36;12.87;-13.91;KELLY_LITE;true;0.04;213261.28;0.0417;KELLY_LITE(mult=1.50 taper=1.00 n=20)+HARD_RISK_CAP(2.0%)+MAXLOSS_CAP;213250.83;213263.19;36;0
2026.08.12 09:47:56;XAUUSD;5;1786445849;PROFIT_RATCHET_LOCKED;floor=5.47 peak=12.87;MANAGE_PROFIT;SAFE;1;0;1;-1;-1;4407.39;12.42;12.42;12.87;-13.91;KELLY_LITE;true;0.04;213261.28;0.0417;KELLY_LITE(mult=1.50 taper=1.00 n=20)+HARD_RISK_CAP(2.0%)+MAXLOSS_CAP;213250.83;213263.25;36;0
2026.08.12 09:47:56;XAUUSD;5;1786445849;PROFIT_RATCHET_LOCKED;floor=5.47 peak=12.87;MANAGE_PROFIT;SAFE;1;0;1;-1;-1;4407.39;12.12;12.12;12.87;-13.91;KELLY_LITE;true;0.04;213261.28;0.0417;KELLY_LITE(mult=1.50 taper=1.00 n=20)+HARD_RISK_CAP(2.0%)+MAXLOSS_CAP;213250.83;213262.95;36;0
2026.08.12 09:47:56;XAUUSD;5;1786445849;PROFIT_RATCHET_LOCKED;floor=5.47 peak=12.87;MANAGE_PROFIT;SAFE;1;0;1;-1;-1;4407.39;12.15;12.15;12.87;-13.91;KELLY_LITE;true;0.04;213261.28;0.0417;KELLY_LITE(mult=1.50 taper=1.00 n=20)+HARD_RISK_CAP(2.0%)+MAXLOSS_CAP;213250.83;213262.98;36;0
2026.08.12 09:47:57;XAUUSD;5;1786445849;PROFIT_RATCHET_LOCKED;floor=5.47 peak=12.87;MANAGE_PROFIT;SAFE;1;0;1;-1;-1;4407.39;12.12;12.12;12.87;-13.91;KELLY_LITE;true;0.04;213261.28;0.0417;KELLY_LITE(mult=1.50 taper=1.00 n=20)+HARD_RISK_CAP(2.0%)+MAXLOSS_CAP;213250.83;213262.95;36;0
2026.08.12 09:47:57;XAUUSD;5;1786445849;PROFIT_RATCHET_LOCKED;floor=5.47 peak=12.87;MANAGE_PROFIT;SAFE;1;0;1;-1;-1;4407.39;12.36;12.36;12.87;-13.91;KELLY_LITE;true;0.04;213261.28;0.0417;KELLY_LITE(mult=1.50 taper=1.00 n=20)+HARD_RISK_CAP(2.0%)+MAXLOSS_CAP;213250.83;213263.19;36;0
2026.08.12 09:47:57;XAUUSD;5;1786445849;PROFIT_RATCHET_LOCKED;floor=5.47 peak=12.87;MANAGE_PROFIT;SAFE;1;0;1;-1;-1;4407.39;12.39;12.39;12.87;-13.91;KELLY_LITE;true;0.04;213261.28;0.0417;KELLY_LITE(mult=1.50 taper=1.00 n=20)+HARD_RISK_CAP(2.0%)+MAXLOSS_CAP;213250.83;213263.22;36;0
2026.08.12 09:47:57;XAUUSD;5;1786445849;PROFIT_RATCHET_LOCKED;floor=5.47 peak=12.87;MANAGE_PROFIT;SAFE;1;0;1;-1;-1;4407.39;12.33;12.33;12.87;-13.91;KELLY_LITE;true;0.04;213261.28;0.0417;KELLY_LITE(mult=1.50 taper=1.00 n=20)+HARD_RISK_CAP(2.0%)+MAXLOSS_CAP;213250.83;213263.16;36;0
2026.08.12 09:47:58;XAUUSD;5;1786445849;PROFIT_RATCHET_LOCKED;floor=5.47 peak=12.87;MANAGE_PROFIT;SAFE;1;0;1;-1;-1;4407.39;12.30;12.30;12.87;-13.91;KELLY_LITE;true;0.04;213261.28;0.0417;KELLY_LITE(mult=1.50 taper=1.00 n=20)+HARD_RISK_CAP(2.0%)+MAXLOSS_CAP;213250.83;213263.13;36;0
2026.08.12 09:47:59;XAUUSD;5;1786445849;PROFIT_RATCHET_LOCKED;floor=5.47 peak=12.87;MANAGE_PROFIT;SAFE;1;0;1;-1;-1;4407.39;12.36;12.36;12.87;-13.91;KELLY_LITE;true;0.04;213261.28;0.0417;KELLY_LITE(mult=1.50 taper=1.00 n=20)+HARD_RISK_CAP(2.0%)+MAXLOSS_CAP;213250.83;213263.19;36;0
2026.08.12 09:47:59;XAUUSD;5;1786445849;PROFIT_RATCHET_LOCKED;floor=5.47 peak=12.87;MANAGE_PROFIT;SAFE;1;0;1;-1;-1;4407.39;12.39;12.39;12.87;-13.91;KELLY_LITE;true;0.04;213261.28;0.0417;KELLY_LITE(mult=1.50 taper=1.00 n=20)+HARD_RISK_CAP(2.0%)+MAXLOSS_CAP;213250.83;213263.22;36;0
2026.08.12 09:47:59;XAUUSD;5;1786445849;PROFIT_RATCHET_LOCKED;floor=5.47 peak=12.87;MANAGE_PROFIT;SAFE;1;0;1;-1;-1;4407.39;12.36;12.36;12.87;-13.91;KELLY_LITE;true;0.04;213261.28;0.0417;KELLY_LITE(mult=1.50 taper=1.00 n=20)+HARD_RISK_CAP(2.0%)+MAXLOSS_CAP;213250.83;213263.19;36;0
2026.08.12 09:47:59;XAUUSD;5;1786445849;PROFIT_RATCHET_LOCKED;floor=5.47 peak=12.87;MANAGE_PROFIT;SAFE;1;0;1;-1;-1;4407.39;12.30;12.30;12.87;-13.91;KELLY_LITE;true;0.04;213261.28;0.0417;KELLY_LITE(mult=1.50 taper=1.00 n=20)+HARD_RISK_CAP(2.0%)+MAXLOSS_CAP;213250.83;213263.13;36;0
2026.08.12 09:47:59;XAUUSD;5;1786445849;PROFIT_RATCHET_LOCKED;floor=5.47 peak=12.87;MANAGE_PROFIT;SAFE;1;0;1;-1;-1;4407.39;12.36;12.36;12.87;-13.91;KELLY_LITE;true;0.04;213261.28;0.0417;KELLY_LITE(mult=1.50 taper=1.00 n=20)+HARD_RISK_CAP(2.0%)+MAXLOSS_CAP;213250.83;213263.19;36;0
2026.08.12 09:48:00;XAUUSD;5;1786445849;PROFIT_RATCHET_LOCKED;floor=5.47 peak=12.87;MANAGE_PROFIT;SAFE;1;0;1;-1;-1;4407.39;12.39;12.39;12.87;-13.91;KELLY_LITE;true;0.04;213261.28;0.0417;KELLY_LITE(mult=1.50 taper=1.00 n=20)+HARD_RISK_CAP(2.0%)+MAXLOSS_CAP;213250.83;213263.22;36;0
2026.08.12 09:48:00;XAUUSD;5;1786445849;PROFIT_RATCHET_LOCKED;floor=5.47 peak=12.87;MANAGE_PROFIT;SAFE;1;0;1;-1;-1;4407.39;12.00;12.00;12.87;-13.91;KELLY_LITE;true;0.04;213261.28;0.0417;KELLY_LITE(mult=1.50 taper=1.00 n=20)+HARD_RISK_CAP(2.0%)+MAXLOSS_CAP;213250.83;213262.83;36;0
2026.08.12 09:48:00;XAUUSD;5;1786445849;PROFIT_RATCHET_LOCKED;floor=5.47 peak=12.87;MANAGE_PROFIT;SAFE;1;0;1;-1;-1;4407.39;11.94;11.94;12.87;-13.91;KELLY_LITE;true;0.04;213261.28;0.0417;KELLY_LITE(mult=1.50 taper=1.00 n=20)+HARD_RISK_CAP(2.0%)+MAXLOSS_CAP;213250.83;213262.77;36;0
2026.08.12 09:48:01;XAUUSD;5;1786445849;PROFIT_RATCHET_LOCKED;floor=5.47 peak=12.87;MANAGE_PROFIT;SAFE;1;0;1;-1;-1;4407.39;11.70;11.70;12.87;-13.91;KELLY_LITE;true;0.04;213261.28;0.0417;KELLY_LITE(mult=1.50 taper=1.00 n=20)+HARD_RISK_CAP(2.0%)+MAXLOSS_CAP;213250.83;213262.53;36;0
2026.08.12 09:48:01;XAUUSD;5;1786445849;PROFIT_RATCHET_LOCKED;floor=5.47 peak=12.87;MANAGE_PROFIT;SAFE;1;0;1;-1;-1;4407.39;11.64;11.64;12.87;-13.91;KELLY_LITE;true;0.04;213261.28;0.0417;KELLY_LITE(mult=1.50 taper=1.00 n=20)+HARD_RISK_CAP(2.0%)+MAXLOSS_CAP;213250.83;213262.47;36;0
2026.08.12 09:48:01;XAUUSD;5;1786445849;PROFIT_RATCHET_LOCKED;floor=5.47 peak=12.87;MANAGE_PROFIT;SAFE;1;0;1;-1;-1;4407.39;11.73;11.73;12.87;-13.91;KELLY_LITE;true;0.04;213261.28;0.0417;KELLY_LITE(mult=1.50 taper=1.00 n=20)+HARD_RISK_CAP(2.0%)+MAXLOSS_CAP;213250.83;213262.56;36;0
2026.08.12 09:48:01;XAUUSD;5;1786445849;PROFIT_RATCHET_LOCKED;floor=5.47 peak=12.87;MANAGE_PROFIT;SAFE;1;0;1;-1;-1;4407.39;12.09;12.09;12.87;-13.91;KELLY_LITE;true;0.04;213261.28;0.0417;KELLY_LITE(mult=1.50 taper=1.00 n=20)+HARD_RISK_CAP(2.0%)+MAXLOSS_CAP;213250.83;213262.92;36;0
2026.08.12 09:48:02;XAUUSD;5;1786445849;PROFIT_RATCHET_LOCKED;floor=5.47 peak=12.87;MANAGE_PROFIT;SAFE;1;0;1;-1;-1;4407.39;12.81;12.81;12.87;-13.91;KELLY_LITE;true;0.04;213261.28;0.0417;KELLY_LITE(mult=1.50 taper=1.00 n=20)+HARD_RISK_CAP(2.0%)+MAXLOSS_CAP;213250.83;213263.64;36;0
2026.08.12 09:48:02;XAUUSD;5;1786445849;SL_MODIFIED;ticket=118933353 oldSL=4403.62 newSL=4403.58 reason=break_even_lock_leg_0;MANAGE_PROFIT;SAFE;1;0;1;-1;-1;4407.39;12.99;12.99;12.99;-13.91;KELLY_LITE;true;0.04;213261.28;0.0417;KELLY_LITE(mult=1.50 taper=1.00 n=20)+HARD_RISK_CAP(2.0%)+MAXLOSS_CAP;213250.83;213263.82;36;0
2026.08.12 09:48:02;XAUUSD;5;1786445849;PROFIT_RATCHET_LOCKED;floor=5.52 peak=12.99;MANAGE_PROFIT;SAFE;1;0;1;-1;-1;4407.39;12.99;12.99;12.99;-13.91;KELLY_LITE;true;0.04;213261.28;0.0417;KELLY_LITE(mult=1.50 taper=1.00 n=20)+HARD_RISK_CAP(2.0%)+MAXLOSS_CAP;213250.83;213263.82;36;0
2026.08.12 09:48:02;XAUUSD;5;1786445849;PROFIT_RATCHET_LOCKED;floor=5.55 peak=13.05;MANAGE_PROFIT;SAFE;1;0;1;-1;-1;4407.39;13.05;13.05;13.05;-13.91;KELLY_LITE;true;0.04;213261.28;0.0417;KELLY_LITE(mult=1.50 taper=1.00 n=20)+HARD_RISK_CAP(2.0%)+MAXLOSS_CAP;213250.83;213263.88;36;0
2026.08.12 09:48:03;XAUUSD;5;1786445849;PROFIT_RATCHET_LOCKED;floor=5.55 peak=13.05;MANAGE_PROFIT;SAFE;1;0;1;-1;-1;4407.39;12.48;12.48;13.05;-13.91;KELLY_LITE;true;0.04;213261.28;0.0417;KELLY_LITE(mult=1.50 taper=1.00 n=20)+HARD_RISK_CAP(2.0%)+MAXLOSS_CAP;213250.83;213263.31;36;0
2026.08.12 09:48:03;XAUUSD;5;1786445849;PROFIT_RATCHET_LOCKED;floor=5.55 peak=13.05;MANAGE_PROFIT;SAFE;1;0;1;-1;-1;4407.39;12.54;12.54;13.05;-13.91;KELLY_LITE;true;0.04;213261.28;0.0417;KELLY_LITE(mult=1.50 taper=1.00 n=20)+HARD_RISK_CAP(2.0%)+MAXLOSS_CAP;213250.83;213263.37;36;0
2026.08.12 09:48:03;XAUUSD;5;1786445849;PROFIT_RATCHET_LOCKED;floor=5.55 peak=13.05;MANAGE_PROFIT;SAFE;1;0;1;-1;-1;4407.39;12.81;12.81;13.05;-13.91;KELLY_LITE;true;0.04;213261.28;0.0417;KELLY_LITE(mult=1.50 taper=1.00 n=20)+HARD_RISK_CAP(2.0%)+MAXLOSS_CAP;213250.83;213263.64;36;0
2026.08.12 09:48:04;XAUUSD;5;1786445849;PROFIT_RATCHET_LOCKED;floor=5.55 peak=13.05;MANAGE_PROFIT;SAFE;1;0;1;-1;-1;4407.39;12.78;12.78;13.05;-13.91;KELLY_LITE;true;0.04;213261.28;0.0417;KELLY_LITE(mult=1.50 taper=1.00 n=20)+HARD_RISK_CAP(2.0%)+MAXLOSS_CAP;213250.83;213263.61;36;0
2026.08.12 09:48:04;XAUUSD;5;1786445849;PROFIT_RATCHET_LOCKED;floor=5.55 peak=13.05;MANAGE_PROFIT;SAFE;1;0;1;-1;-1;4407.39;12.81;12.81;13.05;-13.91;KELLY_LITE;true;0.04;213261.28;0.0417;KELLY_LITE(mult=1.50 taper=1.00 n=20)+HARD_RISK_CAP(2.0%)+MAXLOSS_CAP;213250.83;213263.64;36;0
2026.08.12 09:48:04;XAUUSD;5;1786445849;PROFIT_RATCHET_LOCKED;floor=5.55 peak=13.05;MANAGE_PROFIT;SAFE;1;0;1;-1;-1;4407.39;12.78;12.78;13.05;-13.91;KELLY_LITE;true;0.04;213261.28;0.0417;KELLY_LITE(mult=1.50 taper=1.00 n=20)+HARD_RISK_CAP(2.0%)+MAXLOSS_CAP;213250.83;213263.61;36;0
2026.08.12 09:48:05;XAUUSD;5;1786445849;PROFIT_RATCHET_LOCKED;floor=5.55 peak=13.05;MANAGE_PROFIT;SAFE;1;0;1;-1;-1;4407.39;12.84;12.84;13.05;-13.91;KELLY_LITE;true;0.04;213261.28;0.0417;KELLY_LITE(mult=1.50 taper=1.00 n=20)+HARD_RISK_CAP(2.0%)+MAXLOSS_CAP;213250.83;213263.67;34;0
2026.08.12 09:48:05;XAUUSD;5;1786445849;PROFIT_RATCHET_LOCKED;floor=5.55 peak=13.05;MANAGE_PROFIT;SAFE;1;0;1;-1;-1;4407.39;12.84;12.84;13.05;-13.91;KELLY_LITE;true;0.04;213261.28;0.0417;KELLY_LITE(mult=1.50 taper=1.00 n=20)+HARD_RISK_CAP(2.0%)+MAXLOSS_CAP;213250.83;213263.67;36;0
2026.08.12 09:48:05;XAUUSD;5;1786445849;PROFIT_RATCHET_LOCKED;floor=5.55 peak=13.05;MANAGE_PROFIT;SAFE;1;0;1;-1;-1;4407.39;12.81;12.81;13.05;-13.91;KELLY_LITE;true;0.04;213261.28;0.0417;KELLY_LITE(mult=1.50 taper=1.00 n=20)+HARD_RISK_CAP(2.0%)+MAXLOSS_CAP;213250.83;213263.64;36;0
2026.08.12 09:48:05;XAUUSD;5;1786445849;PROFIT_RATCHET_LOCKED;floor=5.55 peak=13.05;MANAGE_PROFIT;SAFE;1;0;1;-1;-1;4407.39;12.75;12.75;13.05;-13.91;KELLY_LITE;true;0.04;213261.28;0.0417;KELLY_LITE(mult=1.50 taper=1.00 n=20)+HARD_RISK_CAP(2.0%)+MAXLOSS_CAP;213250.83;213263.58;36;0
2026.08.12 09:48:05;XAUUSD;5;1786445849;PROFIT_RATCHET_LOCKED;floor=5.55 peak=13.05;MANAGE_PROFIT;SAFE;1;0;1;-1;-1;4407.39;12.72;12.72;13.05;-13.91;KELLY_LITE;true;0.04;213261.28;0.0417;KELLY_LITE(mult=1.50 taper=1.00 n=20)+HARD_RISK_CAP(2.0%)+MAXLOSS_CAP;213250.83;213263.55;34;0
2026.08.12 09:48:06;XAUUSD;5;1786445849;PROFIT_RATCHET_LOCKED;floor=5.55 peak=13.05;MANAGE_PROFIT;SAFE;1;0;1;-1;-1;4407.39;12.21;12.21;13.05;-13.91;KELLY_LITE;true;0.04;213261.28;0.0417;KELLY_LITE(mult=1.50 taper=1.00 n=20)+HARD_RISK_CAP(2.0%)+MAXLOSS_CAP;213250.83;213263.04;36;0
2026.08.12 09:48:06;XAUUSD;5;1786445849;PROFIT_RATCHET_LOCKED;floor=5.55 peak=13.05;MANAGE_PROFIT;SAFE;1;0;1;-1;-1;4407.39;12.33;12.33;13.05;-13.91;KELLY_LITE;true;0.04;213261.28;0.0417;KELLY_LITE(mult=1.50 taper=1.00 n=20)+HARD_RISK_CAP(2.0%)+MAXLOSS_CAP;213250.83;213263.16;33;0
2026.08.12 09:48:06;XAUUSD;5;1786445849;PROFIT_RATCHET_LOCKED;floor=5.55 peak=13.05;MANAGE_PROFIT;SAFE;1;0;1;-1;-1;4407.39;12.36;12.36;13.05;-13.91;KELLY_LITE;true;0.04;213261.28;0.0417;KELLY_LITE(mult=1.50 taper=1.00 n=20)+HARD_RISK_CAP(2.0%)+MAXLOSS_CAP;213250.83;213263.19;36;0
2026.08.12 09:48:06;XAUUSD;5;1786445849;PROFIT_RATCHET_LOCKED;floor=5.55 peak=13.05;MANAGE_PROFIT;SAFE;1;0;1;-1;-1;4407.39;12.45;12.45;13.05;-13.91;KELLY_LITE;true;0.04;213261.28;0.0417;KELLY_LITE(mult=1.50 taper=1.00 n=20)+HARD_RISK_CAP(2.0%)+MAXLOSS_CAP;213250.83;213263.28;36;0
2026.08.12 09:48:06;XAUUSD;5;1786445849;PROFIT_RATCHET_LOCKED;floor=5.55 peak=13.05;MANAGE_PROFIT;SAFE;1;0;1;-1;-1;4407.39;12.48;12.48;13.05;-13.91;KELLY_LITE;true;0.04;213261.28;0.0417;KELLY_LITE(mult=1.50 taper=1.00 n=20)+HARD_RISK_CAP(2.0%)+MAXLOSS_CAP;213250.83;213263.31;36;0
2026.08.12 09:48:07;XAUUSD;5;1786445849;PROFIT_RATCHET_LOCKED;floor=5.55 peak=13.05;MANAGE_PROFIT;SAFE;1;0;1;-1;-1;4407.39;12.45;12.45;13.05;-13.91;KELLY_LITE;true;0.04;213261.28;0.0417;KELLY_LITE(mult=1.50 taper=1.00 n=20)+HARD_RISK_CAP(2.0%)+MAXLOSS_CAP;213250.83;213263.28;36;0
2026.08.12 09:48:07;XAUUSD;5;1786445849;PROFIT_RATCHET_LOCKED;floor=5.55 peak=13.05;MANAGE_PROFIT;SAFE;1;0;1;-1;-1;4407.39;12.42;12.42;13.05;-13.91;KELLY_LITE;true;0.04;213261.28;0.0417;KELLY_LITE(mult=1.50 taper=1.00 n=20)+HARD_RISK_CAP(2.0%)+MAXLOSS_CAP;213250.83;213263.25;36;0
2026.08.12 09:48:07;XAUUSD;5;1786445849;PROFIT_RATCHET_LOCKED;floor=5.55 peak=13.05;MANAGE_PROFIT;SAFE;1;0;1;-1;-1;4407.39;12.30;12.30;13.05;-13.91;KELLY_LITE;true;0.04;213261.28;0.0417;KELLY_LITE(mult=1.50 taper=1.00 n=20)+HARD_RISK_CAP(2.0%)+MAXLOSS_CAP;213250.83;213263.13;36;0
2026.08.12 09:48:08;XAUUSD;5;1786445849;PROFIT_RATCHET_LOCKED;floor=5.55 peak=13.05;MANAGE_PROFIT;SAFE;1;0;1;-1;-1;4407.39;12.45;12.45;13.05;-13.91;KELLY_LITE;true;0.04;213261.28;0.0417;KELLY_LITE(mult=1.50 taper=1.00 n=20)+HARD_RISK_CAP(2.0%)+MAXLOSS_CAP;213250.83;213263.28;35;0
2026.08.12 09:48:09;XAUUSD;5;1786445849;PROFIT_RATCHET_LOCKED;floor=5.55 peak=13.05;MANAGE_PROFIT;SAFE;1;0;1;-1;-1;4407.39;12.09;12.09;13.05;-13.91;KELLY_LITE;true;0.04;213261.28;0.0417;KELLY_LITE(mult=1.50 taper=1.00 n=20)+HARD_RISK_CAP(2.0%)+MAXLOSS_CAP;213250.83;213262.92;36;0
2026.08.12 09:48:09;XAUUSD;5;1786445849;PROFIT_RATCHET_LOCKED;floor=5.55 peak=13.05;MANAGE_PROFIT;SAFE;1;0;1;-1;-1;4407.39;12.12;12.12;13.05;-13.91;KELLY_LITE;true;0.04;213261.28;0.0417;KELLY_LITE(mult=1.50 taper=1.00 n=20)+HARD_RISK_CAP(2.0%)+MAXLOSS_CAP;213250.83;213262.95;36;0
2026.08.12 09:48:09;XAUUSD;5;1786445849;PROFIT_RATCHET_LOCKED;floor=5.55 peak=13.05;MANAGE_PROFIT;SAFE;1;0;1;-1;-1;4407.39;12.15;12.15;13.05;-13.91;KELLY_LITE;true;0.04;213261.28;0.0417;KELLY_LITE(mult=1.50 taper=1.00 n=20)+HARD_RISK_CAP(2.0%)+MAXLOSS_CAP;213250.83;213262.98;36;0
2026.08.12 09:48:09;XAUUSD;5;1786445849;PROFIT_RATCHET_LOCKED;floor=5.55 peak=13.05;MANAGE_PROFIT;SAFE;1;0;1;-1;-1;4407.39;12.09;12.09;13.05;-13.91;KELLY_LITE;true;0.04;213261.28;0.0417;KELLY_LITE(mult=1.50 taper=1.00 n=20)+HARD_RISK_CAP(2.0%)+MAXLOSS_CAP;213250.83;213262.92;36;0
2026.08.12 09:48:10;XAUUSD;5;1786445849;PROFIT_RATCHET_LOCKED;floor=5.55 peak=13.05;MANAGE_PROFIT;SAFE;1;0;1;-1;-1;4407.39;12.36;12.36;13.05;-13.91;KELLY_LITE;true;0.04;213261.28;0.0417;KELLY_LITE(mult=1.50 taper=1.00 n=20)+HARD_RISK_CAP(2.0%)+MAXLOSS_CAP;213250.83;213263.19;36;0
2026.08.12 09:48:11;XAUUSD;5;1786445849;PROFIT_RATCHET_LOCKED;floor=5.55 peak=13.05;MANAGE_PROFIT;SAFE;1;0;1;-1;-1;4407.39;12.33;12.33;13.05;-13.91;KELLY_LITE;true;0.04;213261.28;0.0417;KELLY_LITE(mult=1.50 taper=1.00 n=20)+HARD_RISK_CAP(2.0%)+MAXLOSS_CAP;213250.83;213263.16;36;0
2026.08.12 09:48:11;XAUUSD;5;1786445849;PROFIT_RATCHET_LOCKED;floor=5.55 peak=13.05;MANAGE_PROFIT;SAFE;1;0;1;-1;-1;4407.39;12.36;12.36;13.05;-13.91;KELLY_LITE;true;0.04;213261.28;0.0417;KELLY_LITE(mult=1.50 taper=1.00 n=20)+HARD_RISK_CAP(2.0%)+MAXLOSS_CAP;213250.83;213263.19;36;0
2026.08.12 09:48:11;XAUUSD;5;1786445849;PROFIT_RATCHET_LOCKED;floor=5.55 peak=13.05;MANAGE_PROFIT;SAFE;1;0;1;-1;-1;4407.39;12.39;12.39;13.05;-13.91;KELLY_LITE;true;0.04;213261.28;0.0417;KELLY_LITE(mult=1.50 taper=1.00 n=20)+HARD_RISK_CAP(2.0%)+MAXLOSS_CAP;213250.83;213263.22;36;0
2026.08.12 09:48:11;XAUUSD;5;1786445849;PROFIT_RATCHET_LOCKED;floor=5.55 peak=13.05;MANAGE_PROFIT;SAFE;1;0;1;-1;-1;4407.39;12.48;12.48;13.05;-13.91;KELLY_LITE;true;0.04;213261.28;0.0417;KELLY_LITE(mult=1.50 taper=1.00 n=20)+HARD_RISK_CAP(2.0%)+MAXLOSS_CAP;213250.83;213263.31;35;0
2026.08.12 09:48:12;XAUUSD;5;1786445849;PROFIT_RATCHET_LOCKED;floor=5.55 peak=13.05;MANAGE_PROFIT;SAFE;1;0;1;-1;-1;4407.39;12.45;12.45;13.05;-13.91;KELLY_LITE;true;0.04;213261.28;0.0417;KELLY_LITE(mult=1.50 taper=1.00 n=20)+HARD_RISK_CAP(2.0%)+MAXLOSS_CAP;213250.83;213263.28;36;0
2026.08.12 09:48:12;XAUUSD;5;1786445849;PROFIT_RATCHET_LOCKED;floor=5.55 peak=13.05;MANAGE_PROFIT;SAFE;1;0;1;-1;-1;4407.39;12.60;12.60;13.05;-13.91;KELLY_LITE;true;0.04;213261.28;0.0417;KELLY_LITE(mult=1.50 taper=1.00 n=20)+HARD_RISK_CAP(2.0%)+MAXLOSS_CAP;213250.83;213263.43;37;0
2026.08.12 09:48:12;XAUUSD;5;1786445849;PROFIT_RATCHET_LOCKED;floor=5.55 peak=13.05;MANAGE_PROFIT;SAFE;1;0;1;-1;-1;4407.39;12.24;12.24;13.05;-13.91;KELLY_LITE;true;0.04;213261.28;0.0417;KELLY_LITE(mult=1.50 taper=1.00 n=20)+HARD_RISK_CAP(2.0%)+MAXLOSS_CAP;213250.83;213263.07;33;0
2026.08.12 09:48:12;XAUUSD;5;1786445849;PROFIT_RATCHET_LOCKED;floor=5.55 peak=13.05;MANAGE_PROFIT;SAFE;1;0;1;-1;-1;4407.39;12.12;12.12;13.05;-13.91;KELLY_LITE;true;0.04;213261.28;0.0417;KELLY_LITE(mult=1.50 taper=1.00 n=20)+HARD_RISK_CAP(2.0%)+MAXLOSS_CAP;213250.83;213262.95;33;0
2026.08.12 09:48:13;XAUUSD;5;1786445849;PROFIT_RATCHET_LOCKED;floor=5.55 peak=13.05;MANAGE_PROFIT;SAFE;1;0;1;-1;-1;4407.39;11.88;11.88;13.05;-13.91;KELLY_LITE;true;0.04;213261.28;0.0417;KELLY_LITE(mult=1.50 taper=1.00 n=20)+HARD_RISK_CAP(2.0%)+MAXLOSS_CAP;213250.83;213262.71;36;0
2026.08.12 09:48:13;XAUUSD;5;1786445849;PROFIT_RATCHET_LOCKED;floor=5.55 peak=13.05;MANAGE_PROFIT;SAFE;1;0;1;-1;-1;4407.39;11.85;11.85;13.05;-13.91;KELLY_LITE;true;0.04;213261.28;0.0417;KELLY_LITE(mult=1.50 taper=1.00 n=20)+HARD_RISK_CAP(2.0%)+MAXLOSS_CAP;213250.83;213262.68;36;0
2026.08.12 09:48:13;XAUUSD;5;1786445849;PROFIT_RATCHET_LOCKED;floor=5.55 peak=13.05;MANAGE_PROFIT;SAFE;1;0;1;-1;-1;4407.39;11.88;11.88;13.05;-13.91;KELLY_LITE;true;0.04;213261.28;0.0417;KELLY_LITE(mult=1.50 taper=1.00 n=20)+HARD_RISK_CAP(2.0%)+MAXLOSS_CAP;213250.83;213262.71;36;0
2026.08.12 09:48:14;XAUUSD;5;1786445849;PROFIT_RATCHET_LOCKED;floor=5.55 peak=13.05;MANAGE_PROFIT;SAFE;1;0;1;-1;-1;4407.39;11.85;11.85;13.05;-13.91;KELLY_LITE;true;0.04;213261.28;0.0417;KELLY_LITE(mult=1.50 taper=1.00 n=20)+HARD_RISK_CAP(2.0%)+MAXLOSS_CAP;213250.83;213262.68;36;0
2026.08.12 09:48:14;XAUUSD;5;1786445849;PROFIT_RATCHET_LOCKED;floor=5.55 peak=13.05;MANAGE_PROFIT;SAFE;1;0;1;-1;-1;4407.39;11.82;11.82;13.05;-13.91;KELLY_LITE;true;0.04;213261.28;0.0417;KELLY_LITE(mult=1.50 taper=1.00 n=20)+HARD_RISK_CAP(2.0%)+MAXLOSS_CAP;213250.83;213262.65;36;0
2026.08.12 09:48:14;XAUUSD;5;1786445849;PROFIT_RATCHET_LOCKED;floor=5.55 peak=13.05;MANAGE_PROFIT;SAFE;1;0;1;-1;-1;4407.39;11.73;11.73;13.05;-13.91;KELLY_LITE;true;0.04;213261.28;0.0417;KELLY_LITE(mult=1.50 taper=1.00 n=20)+HARD_RISK_CAP(2.0%)+MAXLOSS_CAP;213250.83;213262.56;35;0
2026.08.12 09:48:15;XAUUSD;5;1786445849;PROFIT_RATCHET_LOCKED;floor=5.55 peak=13.05;MANAGE_PROFIT;SAFE;1;0;1;-1;-1;4407.39;11.61;11.61;13.05;-13.91;KELLY_LITE;true;0.04;213261.28;0.0417;KELLY_LITE(mult=1.50 taper=1.00 n=20)+HARD_RISK_CAP(2.0%)+MAXLOSS_CAP;213250.83;213262.44;36;0
2026.08.12 09:48:15;XAUUSD;5;1786445849;PROFIT_RATCHET_LOCKED;floor=5.55 peak=13.05;MANAGE_PROFIT;SAFE;1;0;1;-1;-1;4407.39;11.79;11.79;13.05;-13.91;KELLY_LITE;true;0.04;213261.28;0.0417;KELLY_LITE(mult=1.50 taper=1.00 n=20)+HARD_RISK_CAP(2.0%)+MAXLOSS_CAP;213250.83;213262.62;33;0
2026.08.12 09:48:15;XAUUSD;5;1786445849;PROFIT_RATCHET_LOCKED;floor=5.55 peak=13.05;MANAGE_PROFIT;SAFE;1;0;1;-1;-1;4407.39;11.97;11.97;13.05;-13.91;KELLY_LITE;true;0.04;213261.28;0.0417;KELLY_LITE(mult=1.50 taper=1.00 n=20)+HARD_RISK_CAP(2.0%)+MAXLOSS_CAP;213250.83;213262.80;35;0
2026.08.12 09:48:15;XAUUSD;5;1786445849;PROFIT_RATCHET_LOCKED;floor=5.55 peak=13.05;MANAGE_PROFIT;SAFE;1;0;1;-1;-1;4407.39;12.00;12.00;13.05;-13.91;KELLY_LITE;true;0.04;213261.28;0.0417;KELLY_LITE(mult=1.50 taper=1.00 n=20)+HARD_RISK_CAP(2.0%)+MAXLOSS_CAP;213250.83;213262.83;34;0
2026.08.12 09:48:16;XAUUSD;5;1786445849;PROFIT_RATCHET_LOCKED;floor=5.55 peak=13.05;MANAGE_PROFIT;SAFE;1;0;1;-1;-1;4407.39;11.91;11.91;13.05;-13.91;KELLY_LITE;true;0.04;213261.28;0.0417;KELLY_LITE(mult=1.50 taper=1.00 n=20)+HARD_RISK_CAP(2.0%)+MAXLOSS_CAP;213250.83;213262.74;36;0
2026.08.12 09:48:16;XAUUSD;5;1786445849;PROFIT_RATCHET_LOCKED;floor=5.55 peak=13.05;MANAGE_PROFIT;SAFE;1;0;1;-1;-1;4407.39;11.82;11.82;13.05;-13.91;KELLY_LITE;true;0.04;213261.28;0.0417;KELLY_LITE(mult=1.50 taper=1.00 n=20)+HARD_RISK_CAP(2.0%)+MAXLOSS_CAP;213250.83;213262.65;36;0
2026.08.12 09:48:17;XAUUSD;5;1786445849;PROFIT_RATCHET_LOCKED;floor=5.55 peak=13.05;MANAGE_PROFIT;SAFE;1;0;1;-1;-1;4407.39;11.76;11.76;13.05;-13.91;KELLY_LITE;true;0.04;213261.28;0.0417;KELLY_LITE(mult=1.50 taper=1.00 n=20)+HARD_RISK_CAP(2.0%)+MAXLOSS_CAP;213250.83;213262.59;36;0
2026.08.12 09:48:17;XAUUSD;5;1786445849;PROFIT_RATCHET_LOCKED;floor=5.55 peak=13.05;MANAGE_PROFIT;SAFE;1;0;1;-1;-1;4407.39;11.76;11.76;13.05;-13.91;KELLY_LITE;true;0.04;213261.28;0.0417;KELLY_LITE(mult=1.50 taper=1.00 n=20)+HARD_RISK_CAP(2.0%)+MAXLOSS_CAP;213250.83;213262.59;34;0
2026.08.12 09:48:17;XAUUSD;5;1786445849;PROFIT_RATCHET_LOCKED;floor=5.55 peak=13.05;MANAGE_PROFIT;SAFE;1;0;1;-1;-1;4407.39;11.52;11.52;13.05;-13.91;KELLY_LITE;true;0.04;213261.28;0.0417;KELLY_LITE(mult=1.50 taper=1.00 n=20)+HARD_RISK_CAP(2.0%)+MAXLOSS_CAP;213250.83;213262.35;35;0
2026.08.12 09:48:18;XAUUSD;5;1786445849;PROFIT_RATCHET_LOCKED;floor=5.55 peak=13.05;MANAGE_PROFIT;SAFE;1;0;1;-1;-1;4407.39;11.46;11.46;13.05;-13.91;KELLY_LITE;true;0.04;213261.28;0.0417;KELLY_LITE(mult=1.50 taper=1.00 n=20)+HARD_RISK_CAP(2.0%)+MAXLOSS_CAP;213250.83;213262.29;33;0
2026.08.12 09:48:18;XAUUSD;5;1786445849;RECONCILED_BROKER_CLOSE;ticket=118933353 type=main pnl=11.43;MANAGE_PROFIT;SAFE;0;0;1;-1;-1;4407.39;0.00;0.00;13.05;-13.91;KELLY_LITE;true;0.04;213261.28;0.0417;KELLY_LITE(mult=1.50 taper=1.00 n=20)+HARD_RISK_CAP(2.0%)+MAXLOSS_CAP;213262.26;213262.26;36;0
2026.08.12 09:48:18;XAUUSD;5;1786445849;CYCLE_RESET;oldState=MANAGE_PROFIT realizedPnL=0.98 peak=13.05 worst=-13.91 pyramid=1 consLosses=0;MANAGE_PROFIT;SAFE;0;0;1;-1;-1;4407.39;0.00;0.00;13.05;-13.91;KELLY_LITE;true;0.04;213261.28;0.0417;KELLY_LITE(mult=1.50 taper=1.00 n=20)+HARD_RISK_CAP(2.0%)+MAXLOSS_CAP;213262.26;213262.26;36;0
2026.08.12 09:53:18;XAUUSD;5;1786445850;PLACE_PENDING_START;cycle=1786445850 trend=1 consecLosses=0 preset=AGGRESSIVE;PLACE_PENDING;SAFE;0;0;0;-1;-1;0.00;0.00;0.00;0.00;0.00;KELLY_LITE;true;0.04;213261.28;0.0417;KELLY_LITE(mult=1.50 taper=1.00 n=20)+HARD_RISK_CAP(2.0%)+MAXLOSS_CAP;213262.26;213262.26;36;0
2026.08.12 09:53:18;XAUUSD;5;1786445850;DIR_OCO_PLACED;dir=BULL ticket=118945563 price=4405.48 sl=4390.48 tp=4427.98 lot=0.04 dist=1.50;PLACE_PENDING;SAFE;0;1;0;118945563;-1;0.00;0.00;0.00;0.00;0.00;KELLY_LITE;true;0.04;213262.26;0.0417;KELLY_LITE(mult=1.50 taper=1.00 n=20)+HARD_RISK_CAP(2.0%)+MAXLOSS_CAP;213262.26;213262.26;36;0
2026.08.12 09:53:19;XAUUSD;5;1786445850;DIR_OCO_COUNTER_PLACED;dir=BEAR(counter) ticket=118945566 price=4402.21 lot=0.03;PLACE_PENDING;SAFE;0;2;0;118945563;118945566;0.00;0.00;0.00;0.00;0.00;KELLY_LITE;true;0.04;213262.26;0.0417;KELLY_LITE(mult=1.50 taper=1.00 n=20)+HARD_RISK_CAP(2.0%)+MAXLOSS_CAP;213262.26;213262.26;36;0
2026.08.12 09:54:42;XAUUSD;5;1786445850;BUY_STOP_TRAILED;Old=4405.48 New=4405.12;WAIT_TRIGGER;SAFE;0;2;0;118945563;118945566;0.00;0.00;0.00;0.00;0.00;KELLY_LITE;true;0.04;213262.26;0.0417;KELLY_LITE(mult=1.50 taper=1.00 n=20)+HARD_RISK_CAP(2.0%)+MAXLOSS_CAP;213262.26;213262.26;36;0
2026.08.12 09:55:32;XAUUSD;5;1786445850;BUY_STOP_TRAILED;Old=4405.12 New=4404.70;WAIT_TRIGGER;SAFE;0;2;0;118945563;118945566;0.00;0.00;0.00;0.00;0.00;KELLY_LITE;true;0.04;213262.26;0.0417;KELLY_LITE(mult=1.50 taper=1.00 n=20)+HARD_RISK_CAP(2.0%)+MAXLOSS_CAP;213262.26;213262.26;36;0
2026.08.12 09:55:40;XAUUSD;5;1786445850;BUY_STOP_TRAILED;Old=4404.70 New=4404.39;WAIT_TRIGGER;SAFE;0;2;0;118945563;118945566;0.00;0.00;0.00;0.00;0.00;KELLY_LITE;true;0.04;213262.26;0.0417;KELLY_LITE(mult=1.50 taper=1.00 n=20)+HARD_RISK_CAP(2.0%)+MAXLOSS_CAP;213262.26;213262.26;36;0
2026.08.12 09:57:21;XAUUSD;5;1786445850;OCO_TRIGGERED_SELL;ticket=118945566 entry=4402.21;POSITION_ACTIVE;SAFE;1;1;0;118945563;-1;0.00;-0.66;-0.66;0.00;0.00;KELLY_LITE;true;0.04;213262.26;0.0417;KELLY_LITE(mult=1.50 taper=1.00 n=20)+HARD_RISK_CAP(2.0%)+MAXLOSS_CAP;213262.26;213261.60;36;0
2026.08.12 09:57:22;XAUUSD;5;1786445850;PENDING_DELETED;ticket=118945563 reason=oco_sell_triggered;POSITION_ACTIVE;SAFE;1;0;0;118945563;-1;0.00;-0.84;-0.84;0.00;0.00;KELLY_LITE;true;0.04;213262.26;0.0417;KELLY_LITE(mult=1.50 taper=1.00 n=20)+HARD_RISK_CAP(2.0%)+MAXLOSS_CAP;213262.26;213261.42;36;0
2026.08.12 09:57:22;XAUUSD;5;1786445850;HEDGE_PENDING_PLACED;dir=BUY_STOP ticket=118946309 price=4405.49 sl=4402.49 lot=0.05 mainEntry=4402.21 dist=3.00 confirmBars=1;POSITION_ACTIVE;SAFE;1;1;1;-1;-1;4402.21;-1.23;-1.23;0.00;-0.84;KELLY_LITE;true;0.04;213262.26;0.0417;KELLY_LITE(mult=1.50 taper=1.00 n=20)+HARD_RISK_CAP(2.0%)+MAXLOSS_CAP;213262.26;213261.03;36;0
2026.08.12 10:03:30;XAUUSD;5;1786445850;SL_MODIFIED;ticket=118946309 oldSL=4402.49 newSL=4405.19 reason=hedge_giveback_lock (retry buf=3pt);MANAGE_PROFIT;SAFE;2;0;1;-1;-1;4402.21;-10.50;1.05;0.78;-11.68;KELLY_LITE;true;0.04;213262.26;0.0417;KELLY_LITE(mult=1.50 taper=1.00 n=20)+HARD_RISK_CAP(2.0%)+MAXLOSS_CAP;213262.26;213251.76;36;0
2026.08.12 10:03:32;XAUUSD;5;1786445850;SL_MODIFIED;ticket=118946309 oldSL=4405.19 newSL=4405.27 reason=hedge_giveback_lock;MANAGE_PROFIT;SAFE;2;0;1;-1;-1;4402.21;-10.36;1.40;0.78;-11.68;KELLY_LITE;true;0.04;213262.26;0.0417;KELLY_LITE(mult=1.50 taper=1.00 n=20)+HARD_RISK_CAP(2.0%)+MAXLOSS_CAP;213262.26;213251.90;36;0
2026.08.12 10:03:35;XAUUSD;5;1786445850;SL_MODIFIED;ticket=118946309 oldSL=4405.27 newSL=4405.41 reason=hedge_giveback_lock;MANAGE_PROFIT;SAFE;2;0;1;-1;-1;4402.21;-10.02;2.25;0.78;-11.68;KELLY_LITE;true;0.04;213262.26;0.0417;KELLY_LITE(mult=1.50 taper=1.00 n=20)+HARD_RISK_CAP(2.0%)+MAXLOSS_CAP;213262.26;213252.24;36;0
2026.08.12 10:03:36;XAUUSD;5;1786445850;SL_MODIFY_FAILED;ticket=118946309 newSL=4405.45 reason=hedge_giveback_lock err=0;MANAGE_PROFIT;SAFE;2;0;1;-1;-1;4402.21;-10.16;1.90;0.78;-11.68;KELLY_LITE;true;0.04;213262.26;0.0417;KELLY_LITE(mult=1.50 taper=1.00 n=20)+HARD_RISK_CAP(2.0%)+MAXLOSS_CAP;213262.26;213252.10;36;0
2026.08.12 10:03:38;XAUUSD;5;1786445850;SL_MODIFIED;ticket=118946309 oldSL=4405.41 newSL=4405.48 reason=hedge_giveback_lock;MANAGE_PROFIT;SAFE;2;0;1;-1;-1;4402.21;-9.68;3.10;0.78;-11.68;KELLY_LITE;true;0.04;213262.26;0.0417;KELLY_LITE(mult=1.50 taper=1.00 n=20)+HARD_RISK_CAP(2.0%)+MAXLOSS_CAP;213262.26;213252.58;36;0
2026.08.12 10:03:38;XAUUSD;5;1786445850;SL_MODIFIED;ticket=118946309 oldSL=4405.48 newSL=4405.59 reason=hedge_giveback_lock;MANAGE_PROFIT;SAFE;2;0;1;-1;-1;4402.21;-9.61;3.05;0.78;-11.68;KELLY_LITE;true;0.04;213262.26;0.0417;KELLY_LITE(mult=1.50 taper=1.00 n=20)+HARD_RISK_CAP(2.0%)+MAXLOSS_CAP;213262.26;213252.65;33;0
2026.08.12 10:03:39;XAUUSD;5;1786445850;SL_MODIFIED;ticket=118946309 oldSL=4405.59 newSL=4405.68 reason=hedge_giveback_lock;MANAGE_PROFIT;SAFE;2;0;1;-1;-1;4402.21;-9.52;3.50;0.78;-11.68;KELLY_LITE;true;0.04;213262.26;0.0417;KELLY_LITE(mult=1.50 taper=1.00 n=20)+HARD_RISK_CAP(2.0%)+MAXLOSS_CAP;213262.26;213252.74;36;0
2026.08.12 10:03:41;XAUUSD;5;1786445850;SL_MODIFIED;ticket=118946309 oldSL=4405.68 newSL=4405.72 reason=hedge_giveback_lock;MANAGE_PROFIT;SAFE;2;0;1;-1;-1;4402.21;-9.26;4.15;0.78;-11.68;KELLY_LITE;true;0.04;213262.26;0.0417;KELLY_LITE(mult=1.50 taper=1.00 n=20)+HARD_RISK_CAP(2.0%)+MAXLOSS_CAP;213262.26;213253.00;36;0
2026.08.12 10:03:41;XAUUSD;5;1786445850;SL_MODIFIED;ticket=118946309 oldSL=4405.72 newSL=4405.80 reason=hedge_giveback_lock;MANAGE_PROFIT;SAFE;2;0;1;-1;-1;4402.21;-8.86;5.15;0.78;-11.68;KELLY_LITE;true;0.04;213262.26;0.0417;KELLY_LITE(mult=1.50 taper=1.00 n=20)+HARD_RISK_CAP(2.0%)+MAXLOSS_CAP;213262.26;213253.40;36;0
2026.08.12 10:03:42;XAUUSD;5;1786445850;SL_MODIFIED;ticket=118946309 oldSL=4405.80 newSL=4405.96 reason=hedge_giveback_lock (retry buf=3pt);MANAGE_PROFIT;SAFE;2;0;1;-1;-1;4402.21;-8.70;5.40;0.78;-11.68;KELLY_LITE;true;0.04;213262.26;0.0417;KELLY_LITE(mult=1.50 taper=1.00 n=20)+HARD_RISK_CAP(2.0%)+MAXLOSS_CAP;213262.26;213253.56;34;0
2026.08.12 10:03:43;XAUUSD;5;1786445850;SL_MODIFIED;ticket=118946309 oldSL=4405.96 newSL=4406.05 reason=hedge_giveback_lock;MANAGE_PROFIT;SAFE;2;0;1;-1;-1;4402.21;-7.97;7.45;0.78;-11.68;KELLY_LITE;true;0.04;213262.26;0.0417;KELLY_LITE(mult=1.50 taper=1.00 n=20)+HARD_RISK_CAP(2.0%)+MAXLOSS_CAP;213262.26;213254.29;37;0
2026.08.12 10:03:43;XAUUSD;5;1786445850;SL_MODIFIED;ticket=118946309 oldSL=4406.05 newSL=4406.46 reason=hedge_giveback_lock;MANAGE_PROFIT;SAFE;2;0;1;-1;-1;4402.21;-7.88;7.60;0.78;-11.68;KELLY_LITE;true;0.04;213262.26;0.0417;KELLY_LITE(mult=1.50 taper=1.00 n=20)+HARD_RISK_CAP(2.0%)+MAXLOSS_CAP;213262.26;213254.38;36;0
2026.08.12 10:03:44;XAUUSD;5;1786445850;SL_MODIFIED;ticket=118946309 oldSL=4406.46 newSL=4406.49 reason=hedge_giveback_lock;MANAGE_PROFIT;SAFE;2;0;1;-1;-1;4402.21;-7.88;7.60;0.78;-11.68;KELLY_LITE;true;0.04;213262.26;0.0417;KELLY_LITE(mult=1.50 taper=1.00 n=20)+HARD_RISK_CAP(2.0%)+MAXLOSS_CAP;213262.26;213254.38;36;0
2026.08.12 10:03:45;XAUUSD;5;1786445850;SL_MODIFIED;ticket=118946309 oldSL=4406.49 newSL=4406.64 reason=hedge_giveback_lock;MANAGE_PROFIT;SAFE;2;0;1;-1;-1;4402.21;-7.22;9.10;0.78;-11.68;KELLY_LITE;true;0.04;213262.26;0.0417;KELLY_LITE(mult=1.50 taper=1.00 n=20)+HARD_RISK_CAP(2.0%)+MAXLOSS_CAP;213262.26;213255.04;34;0
2026.08.12 10:03:46;XAUUSD;5;1786445850;SL_MODIFIED;ticket=118946309 oldSL=4406.64 newSL=4406.66 reason=hedge_giveback_lock (retry buf=8pt);MANAGE_PROFIT;SAFE;2;0;1;-1;-1;4402.21;-7.42;8.75;0.78;-11.68;KELLY_LITE;true;0.04;213262.26;0.0417;KELLY_LITE(mult=1.50 taper=1.00 n=20)+HARD_RISK_CAP(2.0%)+MAXLOSS_CAP;213262.26;213254.84;36;0
2026.08.12 10:03:47;XAUUSD;5;1786445850;SL_MODIFIED;ticket=118946309 oldSL=4406.66 newSL=4406.72 reason=hedge_giveback_lock;MANAGE_PROFIT;SAFE;2;0;1;-1;-1;4402.21;-7.42;8.75;0.78;-11.68;KELLY_LITE;true;0.04;213262.26;0.0417;KELLY_LITE(mult=1.50 taper=1.00 n=20)+HARD_RISK_CAP(2.0%)+MAXLOSS_CAP;213262.26;213254.84;36;0
2026.08.12 10:03:48;XAUUSD;5;1786445850;SL_MODIFIED;ticket=118946309 oldSL=4406.72 newSL=4406.76 reason=hedge_giveback_lock;MANAGE_PROFIT;SAFE;2;0;1;-1;-1;4402.21;-7.38;8.85;0.78;-11.68;KELLY_LITE;true;0.04;213262.26;0.0417;KELLY_LITE(mult=1.50 taper=1.00 n=20)+HARD_RISK_CAP(2.0%)+MAXLOSS_CAP;213262.26;213254.88;36;0
2026.08.12 10:03:49;XAUUSD;5;1786445850;SL_MODIFIED;ticket=118946309 oldSL=4406.76 newSL=4406.79 reason=hedge_giveback_lock;MANAGE_PROFIT;SAFE;2;0;1;-1;-1;4402.21;-7.28;9.10;0.78;-11.68;KELLY_LITE;true;0.04;213262.26;0.0417;KELLY_LITE(mult=1.50 taper=1.00 n=20)+HARD_RISK_CAP(2.0%)+MAXLOSS_CAP;213262.26;213254.98;36;0
2026.08.12 10:03:50;XAUUSD;5;1786445850;SL_MODIFIED;ticket=118946309 oldSL=4406.79 newSL=4406.85 reason=hedge_giveback_lock;MANAGE_PROFIT;SAFE;2;0;1;-1;-1;4402.21;-7.14;9.45;0.78;-11.68;KELLY_LITE;true;0.04;213262.26;0.0417;KELLY_LITE(mult=1.50 taper=1.00 n=20)+HARD_RISK_CAP(2.0%)+MAXLOSS_CAP;213262.26;213255.12;36;0
2026.08.12 10:03:51;XAUUSD;5;1786445850;SL_MODIFY_FAILED;ticket=118946309 newSL=4406.91 reason=hedge_giveback_lock err=0;MANAGE_PROFIT;SAFE;2;0;1;-1;-1;4402.21;-7.36;8.90;0.78;-11.68;KELLY_LITE;true;0.04;213262.26;0.0417;KELLY_LITE(mult=1.50 taper=1.00 n=20)+HARD_RISK_CAP(2.0%)+MAXLOSS_CAP;213262.26;213254.90;36;0
2026.08.12 10:03:53;XAUUSD;5;1786445850;SL_MODIFIED;ticket=118946309 oldSL=4406.85 newSL=4406.89 reason=hedge_giveback_lock;MANAGE_PROFIT;SAFE;2;0;1;-1;-1;4402.21;-7.04;9.70;0.78;-11.68;KELLY_LITE;true;0.04;213262.26;0.0417;KELLY_LITE(mult=1.50 taper=1.00 n=20)+HARD_RISK_CAP(2.0%)+MAXLOSS_CAP;213262.26;213255.22;36;0
2026.08.12 10:03:54;XAUUSD;5;1786445850;SL_MODIFIED;ticket=118946309 oldSL=4406.89 newSL=4406.92 reason=hedge_giveback_lock;MANAGE_PROFIT;SAFE;2;0;1;-1;-1;4402.21;-7.04;9.70;0.78;-11.68;KELLY_LITE;true;0.04;213262.26;0.0417;KELLY_LITE(mult=1.50 taper=1.00 n=20)+HARD_RISK_CAP(2.0%)+MAXLOSS_CAP;213262.26;213255.22;36;0
2026.08.12 10:03:56;XAUUSD;5;1786445850;SL_MODIFIED;ticket=118946309 oldSL=4406.92 newSL=4406.95 reason=hedge_giveback_lock;MANAGE_PROFIT;SAFE;2;0;1;-1;-1;4402.21;-6.35;9.30;0.78;-11.68;KELLY_LITE;true;0.04;213262.26;0.0417;KELLY_LITE(mult=1.50 taper=1.00 n=20)+HARD_RISK_CAP(2.0%)+MAXLOSS_CAP;213262.26;213255.91;36;0
2026.08.12 10:03:59;XAUUSD;5;1786445850;POSITION_CLOSED;ticket=118946309 reason=hedge_reversal_giveback_cap lots=0.05 price=4407.22 pnl=8.65;MANAGE_PROFIT;SAFE;1;0;1;-1;-1;4402.21;-16.20;-16.20;0.78;-11.68;KELLY_LITE;true;0.04;213262.26;0.0417;KELLY_LITE(mult=1.50 taper=1.00 n=20)+HARD_RISK_CAP(2.0%)+MAXLOSS_CAP;213271.06;213254.86;36;0
2026.08.12 10:03:59;XAUUSD;5;1786445850;HEDGE_CLOSED_REVERSAL;profit=8.65 peak=10.15 giveback=1.50 cap=1.50 reason=giveback_cap ok=1;MANAGE_PROFIT;SAFE;1;0;1;-1;-1;4402.21;-16.20;-16.20;0.78;-11.68;KELLY_LITE;true;0.04;213262.26;0.0417;KELLY_LITE(mult=1.50 taper=1.00 n=20)+HARD_RISK_CAP(2.0%)+MAXLOSS_CAP;213271.06;213254.86;36;0
2026.08.12 10:07:21;XAUUSD;5;1786445850;EXIT_TIME_LOSS;held=10 profit=-16.71;MANAGE_PROFIT;SAFE;1;0;1;-1;-1;4402.21;-16.71;-16.71;0.78;-18.42;KELLY_LITE;true;0.04;213262.26;0.0417;KELLY_LITE(mult=1.50 taper=1.00 n=20)+HARD_RISK_CAP(2.0%)+MAXLOSS_CAP;213271.06;213254.35;36;0
2026.08.12 10:07:22;XAUUSD;5;1786445850;POSITION_CLOSED;ticket=118945566 reason=time_loss_exit lots=0.03 price=4407.78 pnl=-16.71;MANAGE_PROFIT;SAFE;0;0;1;-1;-1;4402.21;0.00;0.00;0.78;-18.42;KELLY_LITE;true;0.04;213262.26;0.0417;KELLY_LITE(mult=1.50 taper=1.00 n=20)+HARD_RISK_CAP(2.0%)+MAXLOSS_CAP;213254.38;213254.38;36;0
2026.08.12 10:07:22;XAUUSD;5;1786445850;CYCLE_RESET;oldState=RESET realizedPnL=-7.88 peak=0.78 worst=-18.42 pyramid=0 consLosses=1;RESET;SAFE;0;0;0;-1;-1;4402.21;0.00;0.00;0.78;-18.42;KELLY_LITE;true;0.04;213262.26;0.0417;KELLY_LITE(mult=1.50 taper=1.00 n=20)+HARD_RISK_CAP(2.0%)+MAXLOSS_CAP;213254.38;213254.38;36;0
2026.08.12 10:12:23;XAUUSD;5;1786445850;FILTER_BLOCK_TREND_DISAGREE;TREND_DISAGREE (main=1 fast=-1 rsi=60.3, no extreme);BLOCKED;SAFE;0;0;0;-1;-1;0.00;0.00;0.00;0.00;0.00;KELLY_LITE;true;0.04;213262.26;0.0417;KELLY_LITE(mult=1.50 taper=1.00 n=20)+HARD_RISK_CAP(2.0%)+MAXLOSS_CAP;213254.38;213254.38;36;0
2026.08.12 10:17:23;XAUUSD;5;1786445851;PLACE_PENDING_START;cycle=1786445851 trend=1 consecLosses=1 preset=AGGRESSIVE;PLACE_PENDING;SAFE;0;0;0;-1;-1;0.00;0.00;0.00;0.00;0.00;KELLY_LITE;true;0.04;213262.26;0.0417;KELLY_LITE(mult=1.50 taper=1.00 n=20)+HARD_RISK_CAP(2.0%)+MAXLOSS_CAP;213254.38;213254.38;34;0
2026.08.12 10:17:23;XAUUSD;5;1786445851;DIR_OCO_PLACED;dir=BULL ticket=118951491 price=4416.80 sl=4401.80 tp=4439.30 lot=0.04 dist=1.50;PLACE_PENDING;SAFE;0;1;0;118951491;-1;0.00;0.00;0.00;0.00;0.00;KELLY_LITE;true;0.04;213254.38;0.0417;KELLY_LITE(mult=1.50 taper=1.00 n=20)+HARD_RISK_CAP(2.0%)+MAXLOSS_CAP;213254.38;213254.38;36;0
2026.08.12 10:17:23;XAUUSD;5;1786445851;DIR_OCO_COUNTER_PLACED;dir=BEAR(counter) ticket=118951493 price=4413.42 lot=0.03;PLACE_PENDING;SAFE;0;2;0;118951491;118951493;0.00;0.00;0.00;0.00;0.00;KELLY_LITE;true;0.04;213254.38;0.0417;KELLY_LITE(mult=1.50 taper=1.00 n=20)+HARD_RISK_CAP(2.0%)+MAXLOSS_CAP;213254.38;213254.38;36;0
2026.08.12 10:17:24;XAUUSD;5;1786445851;SELL_STOP_TRAILED;Old=4413.42 New=4413.90;WAIT_TRIGGER;SAFE;0;2;0;118951491;118951493;0.00;0.00;0.00;0.00;0.00;KELLY_LITE;true;0.04;213254.38;0.0417;KELLY_LITE(mult=1.50 taper=1.00 n=20)+HARD_RISK_CAP(2.0%)+MAXLOSS_CAP;213254.38;213254.38;36;0
2026.08.12 10:17:40;XAUUSD;5;1786445851;SELL_STOP_TRAILED;Old=4413.90 New=4414.25;WAIT_TRIGGER;SAFE;0;2;0;118951491;118951493;0.00;0.00;0.00;0.00;0.00;KELLY_LITE;true;0.04;213254.38;0.0417;KELLY_LITE(mult=1.50 taper=1.00 n=20)+HARD_RISK_CAP(2.0%)+MAXLOSS_CAP;213254.38;213254.38;36;0
2026.08.12 10:18:11;XAUUSD;5;1786445851;BUY_STOP_TRAILED;Old=4416.80 New=4416.49;WAIT_TRIGGER;SAFE;0;2;0;118951491;118951493;0.00;0.00;0.00;0.00;0.00;KELLY_LITE;true;0.04;213254.38;0.0417;KELLY_LITE(mult=1.50 taper=1.00 n=20)+HARD_RISK_CAP(2.0%)+MAXLOSS_CAP;213254.38;213254.38;36;0
2026.08.12 10:20:30;XAUUSD;5;1786445851;BUY_STOP_TRAILED;Old=4416.49 New=4416.13;WAIT_TRIGGER;SAFE;0;2;0;118951491;118951493;0.00;0.00;0.00;0.00;0.00;KELLY_LITE;true;0.04;213254.38;0.0417;KELLY_LITE(mult=1.50 taper=1.00 n=20)+HARD_RISK_CAP(2.0%)+MAXLOSS_CAP;213254.38;213254.38;36;0
2026.08.12 10:20:31;XAUUSD;5;1786445851;OCO_TRIGGERED_SELL;ticket=118951493 entry=4414.25;POSITION_ACTIVE;SAFE;1;1;0;118951491;-1;0.00;-1.11;-1.11;0.00;0.00;KELLY_LITE;true;0.04;213254.38;0.0417;KELLY_LITE(mult=1.50 taper=1.00 n=20)+HARD_RISK_CAP(2.0%)+MAXLOSS_CAP;213254.38;213253.27;36;0
2026.08.12 10:20:31;XAUUSD;5;1786445851;PENDING_DELETED;ticket=118951491 reason=oco_sell_triggered;POSITION_ACTIVE;SAFE;1;0;0;118951491;-1;0.00;-1.11;-1.11;0.00;0.00;KELLY_LITE;true;0.04;213254.38;0.0417;KELLY_LITE(mult=1.50 taper=1.00 n=20)+HARD_RISK_CAP(2.0%)+MAXLOSS_CAP;213254.38;213253.27;36;0
2026.08.12 10:20:32;XAUUSD;5;1786445851;HEDGE_PENDING_PLACED;dir=BUY_STOP ticket=118952172 price=4417.62 sl=4414.62 lot=0.05 mainEntry=4414.25 dist=3.00 confirmBars=1;POSITION_ACTIVE;SAFE;1;1;1;-1;-1;4414.25;-2.01;-2.01;0.00;-1.11;KELLY_LITE;true;0.04;213254.38;0.0417;KELLY_LITE(mult=1.50 taper=1.00 n=20)+HARD_RISK_CAP(2.0%)+MAXLOSS_CAP;213254.38;213252.37;36;0
2026.08.12 10:23:01;XAUUSD;5;1786445851;SL_MODIFIED;ticket=118952172 oldSL=4414.62 newSL=4417.18 reason=hedge_giveback_lock (retry buf=3pt);MANAGE_PROFIT;SAFE;2;0;1;-1;-1;4414.25;-10.79;1.00;1.44;-11.76;KELLY_LITE;true;0.04;213254.38;0.0417;KELLY_LITE(mult=1.50 taper=1.00 n=20)+HARD_RISK_CAP(2.0%)+MAXLOSS_CAP;213254.38;213243.59;36;0
2026.08.12 10:23:02;XAUUSD;5;1786445851;SL_MODIFIED;ticket=118952172 oldSL=4417.18 newSL=4417.30 reason=hedge_giveback_lock;MANAGE_PROFIT;SAFE;2;0;1;-1;-1;4414.25;-10.17;2.55;1.44;-11.76;KELLY_LITE;true;0.04;213254.38;0.0417;KELLY_LITE(mult=1.50 taper=1.00 n=20)+HARD_RISK_CAP(2.0%)+MAXLOSS_CAP;213254.38;213244.21;36;0
2026.08.12 10:23:02;XAUUSD;5;1786445851;SL_MODIFIED;ticket=118952172 oldSL=4417.30 newSL=4417.61 reason=hedge_giveback_lock;MANAGE_PROFIT;SAFE;2;0;1;-1;-1;4414.25;-9.99;3.00;1.44;-11.76;KELLY_LITE;true;0.04;213254.38;0.0417;KELLY_LITE(mult=1.50 taper=1.00 n=20)+HARD_RISK_CAP(2.0%)+MAXLOSS_CAP;213254.38;213244.39;36;0
2026.08.12 10:23:03;XAUUSD;5;1786445851;SL_MODIFY_FAILED;ticket=118952172 newSL=4417.70 reason=hedge_giveback_lock err=0;MANAGE_PROFIT;SAFE;2;0;1;-1;-1;4414.25;-10.71;1.20;1.44;-11.76;KELLY_LITE;true;0.04;213254.38;0.0417;KELLY_LITE(mult=1.50 taper=1.00 n=20)+HARD_RISK_CAP(2.0%)+MAXLOSS_CAP;213254.38;213243.67;36;0
2026.08.12 10:23:03;XAUUSD;5;1786445851;POSITION_CLOSED;ticket=118952172 reason=hedge_reversal_giveback_cap lots=0.05 price=4417.86 pnl=1.20;MANAGE_PROFIT;SAFE;1;0;1;-1;-1;4414.25;-12.81;-12.81;1.44;-11.76;KELLY_LITE;true;0.04;213254.38;0.0417;KELLY_LITE(mult=1.50 taper=1.00 n=20)+HARD_RISK_CAP(2.0%)+MAXLOSS_CAP;213257.08;213244.27;36;0
2026.08.12 10:23:03;XAUUSD;5;1786445851;HEDGE_CLOSED_REVERSAL;profit=1.20 peak=3.00 giveback=1.80 cap=1.50 reason=giveback_cap ok=1;MANAGE_PROFIT;SAFE;1;0;1;-1;-1;4414.25;-12.81;-12.81;1.44;-11.76;KELLY_LITE;true;0.04;213254.38;0.0417;KELLY_LITE(mult=1.50 taper=1.00 n=20)+HARD_RISK_CAP(2.0%)+MAXLOSS_CAP;213257.08;213244.27;36;0
2026.08.12 10:23:40;XAUUSD;5;1786445851;EXIT_SOFT_SL_MOMENTUM;profit=-20.16 rsi=75.1 dir=-1;MANAGE_PROFIT;WATCH;1;0;1;-1;-1;4414.25;-20.16;-20.16;1.44;-20.16;KELLY_LITE;true;0.04;213254.38;0.0417;KELLY_LITE(mult=1.50 taper=1.00 n=20)+HARD_RISK_CAP(2.0%)+MAXLOSS_CAP;213257.08;213236.92;37;0
2026.08.12 10:23:41;XAUUSD;5;1786445851;POSITION_CLOSED;ticket=118951493 reason=soft_sl_momentum lots=0.03 price=4420.97 pnl=-20.16;MANAGE_PROFIT;WATCH;0;0;1;-1;-1;4414.25;0.00;0.00;1.44;-20.16;KELLY_LITE;true;0.04;213254.38;0.0417;KELLY_LITE(mult=1.50 taper=1.00 n=20)+HARD_RISK_CAP(2.0%)+MAXLOSS_CAP;213236.92;213236.92;33;0
2026.08.12 10:23:41;XAUUSD;5;1786445851;CYCLE_RESET;oldState=RESET realizedPnL=-17.46 peak=1.44 worst=-20.16 pyramid=0 consLosses=2;RESET;WATCH;0;0;0;-1;-1;4414.25;0.00;0.00;1.44;-20.16;KELLY_LITE;true;0.04;213254.38;0.0417;KELLY_LITE(mult=1.50 taper=1.00 n=20)+HARD_RISK_CAP(2.0%)+MAXLOSS_CAP;213236.92;213236.92;33;0
2026.08.12 10:28:41;XAUUSD;5;1786445851;FILTER_RSI_EXTREME_PAUSE;rsi=77.3 pause=300s;IDLE;SAFE;0;0;0;-1;-1;0.00;0.00;0.00;0.00;0.00;KELLY_LITE;true;0.04;213254.38;0.0417;KELLY_LITE(mult=1.50 taper=1.00 n=20)+HARD_RISK_CAP(2.0%)+MAXLOSS_CAP;213236.92;213236.92;36;0
2026.08.12 10:28:41;XAUUSD;5;1786445851;FILTER_BLOCK_RSI_EXTREME_PAUSE;RSI_EXTREME_PAUSE (300s left rsi=77.3);BLOCKED;SAFE;0;0;0;-1;-1;0.00;0.00;0.00;0.00;0.00;KELLY_LITE;true;0.04;213254.38;0.0417;KELLY_LITE(mult=1.50 taper=1.00 n=20)+HARD_RISK_CAP(2.0%)+MAXLOSS_CAP;213236.92;213236.92;36;0
2026.08.12 10:33:41;XAUUSD;5;1786445852;PLACE_PENDING_START;cycle=1786445852 trend=1 consecLosses=2 preset=AGGRESSIVE;PLACE_PENDING;SAFE;0;0;0;-1;-1;0.00;0.00;0.00;0.00;0.00;KELLY_LITE;true;0.04;213254.38;0.0417;KELLY_LITE(mult=1.50 taper=1.00 n=20)+HARD_RISK_CAP(2.0%)+MAXLOSS_CAP;213236.92;213236.92;36;0
2026.08.12 10:33:41;XAUUSD;5;1786445852;DIR_OCO_PLACED;dir=BULL ticket=118956496 price=4416.48 sl=4401.48 tp=4438.98 lot=0.04 dist=1.71;PLACE_PENDING;SAFE;0;1;0;118956496;-1;0.00;0.00;0.00;0.00;0.00;KELLY_LITE;true;0.04;213236.92;0.0417;KELLY_LITE(mult=1.40 taper=1.00 n=20)+CONSEC_REDUCE(0.50)+HARD_RISK_CAP(2.0%)+MAXLOSS_CAP;213236.92;213236.92;36;0
2026.08.12 10:33:42;XAUUSD;5;1786445852;DIR_OCO_COUNTER_PLACED;dir=BEAR(counter) ticket=118956499 price=4412.72 lot=0.03;PLACE_PENDING;SAFE;0;2;0;118956496;118956499;0.00;0.00;0.00;0.00;0.00;KELLY_LITE;true;0.04;213236.92;0.0417;KELLY_LITE(mult=1.40 taper=1.00 n=20)+CONSEC_REDUCE(0.50)+HARD_RISK_CAP(2.0%)+MAXLOSS_CAP;213236.92;213236.92;36;0
2026.08.12 10:33:52;XAUUSD;5;1786445852;BUY_STOP_TRAILED;Old=4416.48 New=4415.97;WAIT_TRIGGER;SAFE;0;2;0;118956496;118956499;0.00;0.00;0.00;0.00;0.00;KELLY_LITE;true;0.04;213236.92;0.0417;KELLY_LITE(mult=1.40 taper=1.00 n=20)+CONSEC_REDUCE(0.50)+HARD_RISK_CAP(2.0%)+MAXLOSS_CAP;213236.92;213236.92;36;0
2026.08.12 10:34:05;XAUUSD;5;1786445852;BUY_STOP_TRAILED;Old=4415.97 New=4415.61;WAIT_TRIGGER;SAFE;0;2;0;118956496;118956499;0.00;0.00;0.00;0.00;0.00;KELLY_LITE;true;0.04;213236.92;0.0417;KELLY_LITE(mult=1.40 taper=1.00 n=20)+CONSEC_REDUCE(0.50)+HARD_RISK_CAP(2.0%)+MAXLOSS_CAP;213236.92;213236.92;36;0
2026.08.12 10:35:12;XAUUSD;5;1786445852;BUY_STOP_TRAILED;Old=4415.61 New=4415.24;WAIT_TRIGGER;SAFE;0;2;0;118956496;118956499;0.00;0.00;0.00;0.00;0.00;KELLY_LITE;true;0.04;213236.92;0.0417;KELLY_LITE(mult=1.40 taper=1.00 n=20)+CONSEC_REDUCE(0.50)+HARD_RISK_CAP(2.0%)+MAXLOSS_CAP;213236.92;213236.92;36;0
2026.08.12 10:35:16;XAUUSD;5;1786445852;BUY_STOP_TRAILED;Old=4415.24 New=4414.74;WAIT_TRIGGER;SAFE;1;1;0;118956496;118956499;0.00;-0.69;-0.69;0.00;0.00;KELLY_LITE;true;0.04;213236.92;0.0417;KELLY_LITE(mult=1.40 taper=1.00 n=20)+CONSEC_REDUCE(0.50)+HARD_RISK_CAP(2.0%)+MAXLOSS_CAP;213236.92;213236.23;36;0
2026.08.12 10:35:16;XAUUSD;5;1786445852;OCO_TRIGGERED_SELL;ticket=118956499 entry=4412.72;POSITION_ACTIVE;SAFE;1;1;0;118956496;-1;0.00;-0.69;-0.69;0.00;0.00;KELLY_LITE;true;0.04;213236.92;0.0417;KELLY_LITE(mult=1.40 taper=1.00 n=20)+CONSEC_REDUCE(0.50)+HARD_RISK_CAP(2.0%)+MAXLOSS_CAP;213236.92;213236.23;36;0
2026.08.12 10:35:16;XAUUSD;5;1786445852;PENDING_DELETED;ticket=118956496 reason=oco_sell_triggered;POSITION_ACTIVE;SAFE;1;0;0;118956496;-1;0.00;-1.08;-1.08;0.00;0.00;KELLY_LITE;true;0.04;213236.92;0.0417;KELLY_LITE(mult=1.40 taper=1.00 n=20)+CONSEC_REDUCE(0.50)+HARD_RISK_CAP(2.0%)+MAXLOSS_CAP;213236.92;213235.84;36;0
2026.08.12 10:35:16;XAUUSD;5;1786445852;HEDGE_PENDING_PLACED;dir=BUY_STOP ticket=118956852 price=4416.08 sl=4413.08 lot=0.05 mainEntry=4412.72 dist=3.00 confirmBars=1;POSITION_ACTIVE;SAFE;1;1;1;-1;-1;4412.72;-0.99;-0.99;0.00;-1.08;KELLY_LITE;true;0.04;213236.92;0.0417;KELLY_LITE(mult=1.40 taper=1.00 n=20)+CONSEC_REDUCE(0.50)+HARD_RISK_CAP(2.0%)+MAXLOSS_CAP;213236.92;213235.93;36;0
2026.08.12 10:40:11;XAUUSD;5;1786445852;POSITION_CLOSED;ticket=118956852 reason=hedge_reversal_giveback_cap lots=0.05 price=4416.06 pnl=-0.10;MANAGE_PROFIT;SAFE;1;0;1;-1;-1;4412.72;-11.13;-11.13;0.00;-13.50;KELLY_LITE;true;0.04;213236.92;0.0417;KELLY_LITE(mult=1.40 taper=1.00 n=20)+CONSEC_REDUCE(0.50)+HARD_RISK_CAP(2.0%)+MAXLOSS_CAP;213236.87;213225.74;36;0
2026.08.12 10:40:11;XAUUSD;5;1786445852;HEDGE_CLOSED_REVERSAL;profit=-0.10 peak=1.40 giveback=1.50 cap=1.50 reason=giveback_cap ok=1;MANAGE_PROFIT;SAFE;1;0;1;-1;-1;4412.72;-11.13;-11.13;0.00;-13.50;KELLY_LITE;true;0.04;213236.92;0.0417;KELLY_LITE(mult=1.40 taper=1.00 n=20)+CONSEC_REDUCE(0.50)+HARD_RISK_CAP(2.0%)+MAXLOSS_CAP;213236.87;213225.74;36;0
2026.08.12 11:09:15;XAUUSD;5;1786445852;EXIT_TIME_LOSS;held=34 profit=-15.30;MANAGE_PROFIT;SAFE;1;0;1;-1;-1;4412.72;-15.30;-15.30;4.74;-15.30;KELLY_LITE;true;0.04;213236.92;0.0417;KELLY_LITE(mult=1.40 taper=1.00 n=20)+CONSEC_REDUCE(0.50)+HARD_RISK_CAP(2.0%)+MAXLOSS_CAP;213236.87;213221.57;33;0
2026.08.12 11:09:15;XAUUSD;5;1786445852;POSITION_CLOSED;ticket=118956499 reason=time_loss_exit lots=0.03 price=4417.82 pnl=-15.30;MANAGE_PROFIT;SAFE;0;0;1;-1;-1;4412.72;0.00;0.00;4.74;-15.30;KELLY_LITE;true;0.04;213236.92;0.0417;KELLY_LITE(mult=1.40 taper=1.00 n=20)+CONSEC_REDUCE(0.50)+HARD_RISK_CAP(2.0%)+MAXLOSS_CAP;213219.77;213219.77;33;0
2026.08.12 11:09:15;XAUUSD;5;1786445852;CONSECUTIVE_LOSS_PAUSE;losses=3 pauseUntil=2026.08.12 11:24:15;RESET;SAFE;0;0;0;-1;-1;4412.72;0.00;0.00;4.74;-15.30;KELLY_LITE;true;0.04;213236.92;0.0417;KELLY_LITE(mult=1.40 taper=1.00 n=20)+CONSEC_REDUCE(0.50)+HARD_RISK_CAP(2.0%)+MAXLOSS_CAP;213219.77;213219.77;33;0
2026.08.12 11:09:15;XAUUSD;5;1786445852;CYCLE_RESET;oldState=RESET realizedPnL=-17.15 peak=4.74 worst=-15.30 pyramid=0 consLosses=3;RESET;SAFE;0;0;0;-1;-1;4412.72;0.00;0.00;4.74;-15.30;KELLY_LITE;true;0.04;213236.92;0.0417;KELLY_LITE(mult=1.40 taper=1.00 n=20)+CONSEC_REDUCE(0.50)+HARD_RISK_CAP(2.0%)+MAXLOSS_CAP;213219.77;213219.77;33;0
2026.08.12 11:24:15;XAUUSD;5;1786445853;PLACE_PENDING_START;cycle=1786445853 trend=1 consecLosses=3 preset=AGGRESSIVE;PLACE_PENDING;SAFE;0;0;0;-1;-1;0.00;0.00;0.00;0.00;0.00;KELLY_LITE;true;0.04;213236.92;0.0417;KELLY_LITE(mult=1.40 taper=1.00 n=20)+CONSEC_REDUCE(0.50)+HARD_RISK_CAP(2.0%)+MAXLOSS_CAP;213219.77;213219.77;35;0
2026.08.12 11:24:15;XAUUSD;5;1786445853;DIR_OCO_PLACED;dir=BULL ticket=118967915 price=4420.87 sl=4405.87 tp=4443.37 lot=0.04 dist=1.77;PLACE_PENDING;SAFE;0;1;0;118967915;-1;0.00;0.00;0.00;0.00;0.00;KELLY_LITE;true;0.04;213219.77;0.0417;KELLY_LITE(mult=1.30 taper=1.00 n=20)+CONSEC_REDUCE(0.50)+HARD_RISK_CAP(2.0%)+MAXLOSS_CAP;213219.77;213219.77;33;0
2026.08.12 11:24:15;XAUUSD;5;1786445853;DIR_OCO_COUNTER_PLACED;dir=BEAR(counter) ticket=118967918 price=4416.98 lot=0.03;PLACE_PENDING;SAFE;0;2;0;118967915;118967918;0.00;0.00;0.00;0.00;0.00;KELLY_LITE;true;0.04;213219.77;0.0417;KELLY_LITE(mult=1.30 taper=1.00 n=20)+CONSEC_REDUCE(0.50)+HARD_RISK_CAP(2.0%)+MAXLOSS_CAP;213219.77;213219.77;36;0
2026.08.12 11:24:30;XAUUSD;5;1786445853;SELL_STOP_TRAILED;Old=4416.98 New=4417.31;WAIT_TRIGGER;SAFE;0;2;0;118967915;118967918;0.00;0.00;0.00;0.00;0.00;KELLY_LITE;true;0.04;213219.77;0.0417;KELLY_LITE(mult=1.30 taper=1.00 n=20)+CONSEC_REDUCE(0.50)+HARD_RISK_CAP(2.0%)+MAXLOSS_CAP;213219.77;213219.77;36;0
2026.08.12 11:25:22;XAUUSD;5;1786445853;SELL_STOP_TRAILED;Old=4417.31 New=4417.67;WAIT_TRIGGER;SAFE;0;2;0;118967915;118967918;0.00;0.00;0.00;0.00;0.00;KELLY_LITE;true;0.04;213219.77;0.0417;KELLY_LITE(mult=1.30 taper=1.00 n=20)+CONSEC_REDUCE(0.50)+HARD_RISK_CAP(2.0%)+MAXLOSS_CAP;213219.77;213219.77;36;0
2026.08.12 11:25:29;XAUUSD;5;1786445853;BUY_STOP_TRAILED;Old=4420.87 New=4420.55;WAIT_TRIGGER;SAFE;0;2;0;118967915;118967918;0.00;0.00;0.00;0.00;0.00;KELLY_LITE;true;0.04;213219.77;0.0417;KELLY_LITE(mult=1.30 taper=1.00 n=20)+CONSEC_REDUCE(0.50)+HARD_RISK_CAP(2.0%)+MAXLOSS_CAP;213219.77;213219.77;36;0
2026.08.12 11:25:40;XAUUSD;5;1786445853;BUY_STOP_TRAILED;Old=4420.55 New=4420.23;WAIT_TRIGGER;SAFE;0;2;0;118967915;118967918;0.00;0.00;0.00;0.00;0.00;KELLY_LITE;true;0.04;213219.77;0.0417;KELLY_LITE(mult=1.30 taper=1.00 n=20)+CONSEC_REDUCE(0.50)+HARD_RISK_CAP(2.0%)+MAXLOSS_CAP;213219.77;213219.77;36;0
2026.08.12 11:26:36;XAUUSD;5;1786445853;SELL_STOP_TRAILED;Old=4417.67 New=4418.07;WAIT_TRIGGER;SAFE;0;2;0;118967915;118967918;0.00;0.00;0.00;0.00;0.00;KELLY_LITE;true;0.04;213219.77;0.0417;KELLY_LITE(mult=1.30 taper=1.00 n=20)+CONSEC_REDUCE(0.50)+HARD_RISK_CAP(2.0%)+MAXLOSS_CAP;213219.77;213219.77;36;0
2026.08.12 11:26:40;XAUUSD;5;1786445853;OCO_TRIGGERED_BUY;ticket=118967915 entry=4420.23;POSITION_ACTIVE;SAFE;1;1;0;-1;118967918;0.00;-1.44;-1.44;0.00;0.00;KELLY_LITE;true;0.04;213219.77;0.0417;KELLY_LITE(mult=1.30 taper=1.00 n=20)+CONSEC_REDUCE(0.50)+HARD_RISK_CAP(2.0%)+MAXLOSS_CAP;213219.77;213218.33;36;0
2026.08.12 11:26:41;XAUUSD;5;1786445853;PENDING_DELETED;ticket=118967918 reason=oco_buy_triggered;POSITION_ACTIVE;SAFE;1;0;0;-1;118967918;0.00;-1.36;-1.36;0.00;0.00;KELLY_LITE;true;0.04;213219.77;0.0417;KELLY_LITE(mult=1.30 taper=1.00 n=20)+CONSEC_REDUCE(0.50)+HARD_RISK_CAP(2.0%)+MAXLOSS_CAP;213219.77;213218.41;36;0
2026.08.12 11:26:41;XAUUSD;5;1786445853;HEDGE_PENDING_PLACED;dir=SELL_STOP ticket=118968388 price=4416.89 sl=4419.89 lot=0.05 mainEntry=4420.23 dist=3.00 confirmBars=1;POSITION_ACTIVE;SAFE;1;1;1;-1;-1;4420.23;-1.40;-1.40;0.00;-1.36;KELLY_LITE;true;0.04;213219.77;0.0417;KELLY_LITE(mult=1.30 taper=1.00 n=20)+CONSEC_REDUCE(0.50)+HARD_RISK_CAP(2.0%)+MAXLOSS_CAP;213219.77;213218.37;36;0
