time;symbol;tf;cycle;event;detail;state;risk;active_orders;pending_orders;pyramid_level;buy_stop_ticket;sell_stop_ticket;entry_price;profit_money;price_move;peak_profit;worst_profit;lot_mode;auto_lot;last_lot;lot_base;lot_raw;lot_reason;balance;equity;spread;last_error
2026.08.14 21:54:59;XAUUSD;5;1786744499;EA_INIT;V10|Preset=AGGRESSIVE|MaxLoss=$50.0 SL=$12.0 RiskPct=1.50|HedgeMaxNeg=$10.0 LotRatio=1.25 ConfirmBars=1 Cooldown=60s|DailyDD=4.0% WeeklyLim=$100|AutoLotMode=KELLY_LITE|Session=ALL NewsFilter=OFF (0 times);IDLE;SAFE;0;0;0;-1;-1;0.00;0.00;0.00;0.00;0.00;KELLY_LITE;true;0.00;0.00;0.0000;INIT;213057.11;213057.11;52;0
2026.08.17 00:43:21;XAUUSD;5;1786744499;EA_DEINIT;reason=5;BLOCKED;SAFE;0;0;0;-1;-1;0.00;0.00;0.00;0.00;0.00;KELLY_LITE;true;0.00;0.00;0.0000;INIT;213057.11;213057.11;33;0
2026.08.17 00:43:21;XAUUSD;5;1786927401;EA_INIT;V10|Preset=AGGRESSIVE|MaxLoss=$50.0 SL=$12.0 RiskPct=1.50|HedgeMaxNeg=$10.0 LotRatio=1.25 ConfirmBars=1 Cooldown=60s|DailyDD=4.0% WeeklyLim=$100|AutoLotMode=KELLY_LITE|Session=ALL NewsFilter=OFF (0 times);IDLE;SAFE;0;0;0;-1;-1;0.00;0.00;0.00;0.00;0.00;KELLY_LITE;true;0.00;0.00;0.0000;INIT;213057.11;213057.11;33;0
2026.08.17 00:44:50;XAUUSD;5;1786927401;EA_DEINIT;reason=5;BLOCKED;SAFE;0;0;0;-1;-1;0.00;0.00;0.00;0.00;0.00;KELLY_LITE;true;0.00;0.00;0.0000;INIT;213057.11;213057.11;33;0
2026.08.17 00:44:50;XAUUSD;5;1786927490;EA_INIT;V10|Preset=AGGRESSIVE|MaxLoss=$50.0 SL=$12.0 RiskPct=1.50|HedgeMaxNeg=$10.0 LotRatio=1.25 ConfirmBars=1 Cooldown=60s|DailyDD=4.0% WeeklyLim=$100|AutoLotMode=KELLY_LITE|Session=ALL NewsFilter=OFF (0 times);IDLE;SAFE;0;0;0;-1;-1;0.00;0.00;0.00;0.00;0.00;KELLY_LITE;true;0.00;0.00;0.0000;INIT;213057.11;213057.11;33;0
2026.08.17 00:44:50;XAUUSD;5;1786927490;DAILY_BASELINE_RESTORED;startEquity=213057.11 paused=false hardStop=false;IDLE;SAFE;0;0;0;-1;-1;0.00;0.00;0.00;0.00;0.00;KELLY_LITE;true;0.00;0.00;0.0000;INIT;213057.11;213057.11;33;0
2026.08.17 00:44:50;XAUUSD;5;1786927490;WEEKLY_BASELINE_RESTORED;startEquity=213057.11 paused=false;IDLE;SAFE;0;0;0;-1;-1;0.00;0.00;0.00;0.00;0.00;KELLY_LITE;true;0.00;0.00;0.0000;INIT;213057.11;213057.11;33;0
2026.08.17 00:44:51;XAUUSD;5;1786927491;PLACE_PENDING_START;cycle=1786927491 trend=0 consecLosses=0 preset=AGGRESSIVE;PLACE_PENDING;SAFE;0;0;0;-1;-1;0.00;0.00;0.00;0.00;0.00;KELLY_LITE;true;0.00;0.00;0.0000;INIT;213057.11;213057.11;33;0
2026.08.17 00:44:52;XAUUSD;5;1786927491;OCO_PLACED;buy=119574738 4370.40 lot=0.04 sell=119574739 4367.07 lot=0.03 dist=1.50;WAIT_TRIGGER;SAFE;0;2;0;119574738;119574739;0.00;0.00;0.00;0.00;0.00;KELLY_LITE;true;0.04;213057.11;0.0417;KELLY_LITE(mult=1.00 taper=1.00 n=0)+HARD_RISK_CAP(2.0%)+MAXLOSS_CAP;213057.11;213057.11;33;0
2026.08.17 00:45:00;XAUUSD;5;1786927491;BUY_STOP_TRAILED;Old=4370.40 New=4370.07;WAIT_TRIGGER;SAFE;0;2;0;119574738;119574739;0.00;0.00;0.00;0.00;0.00;KELLY_LITE;true;0.04;213057.11;0.0417;KELLY_LITE(mult=1.00 taper=1.00 n=0)+HARD_RISK_CAP(2.0%)+MAXLOSS_CAP;213057.11;213057.11;33;0
2026.08.17 00:45:07;XAUUSD;5;1786927491;SELL_STOP_TRAILED;Old=4367.07 New=4367.40;WAIT_TRIGGER;SAFE;0;2;0;119574738;119574739;0.00;0.00;0.00;0.00;0.00;KELLY_LITE;true;0.04;213057.11;0.0417;KELLY_LITE(mult=1.00 taper=1.00 n=0)+HARD_RISK_CAP(2.0%)+MAXLOSS_CAP;213057.11;213057.11;32;0
2026.08.17 00:45:12;XAUUSD;5;1786927491;SELL_STOP_TRAILED;Old=4367.40 New=4367.75;WAIT_TRIGGER;SAFE;0;2;0;119574738;119574739;0.00;0.00;0.00;0.00;0.00;KELLY_LITE;true;0.04;213057.11;0.0417;KELLY_LITE(mult=1.00 taper=1.00 n=0)+HARD_RISK_CAP(2.0%)+MAXLOSS_CAP;213057.11;213057.11;33;0
2026.08.17 00:45:34;XAUUSD;5;1786927491;SELL_STOP_TRAILED;Old=4367.75 New=4368.16;WAIT_TRIGGER;SAFE;1;1;0;119574738;119574739;0.00;-0.92;-0.92;0.00;0.00;KELLY_LITE;true;0.04;213057.11;0.0417;KELLY_LITE(mult=1.00 taper=1.00 n=0)+HARD_RISK_CAP(2.0%)+MAXLOSS_CAP;213057.11;213056.19;33;0
2026.08.17 00:45:34;XAUUSD;5;1786927491;OCO_TRIGGERED_BUY;ticket=119574738 entry=4370.07;POSITION_ACTIVE;SAFE;1;1;0;-1;119574739;0.00;-0.92;-0.92;0.00;0.00;KELLY_LITE;true;0.04;213057.11;0.0417;KELLY_LITE(mult=1.00 taper=1.00 n=0)+HARD_RISK_CAP(2.0%)+MAXLOSS_CAP;213057.11;213056.19;33;0
2026.08.17 00:45:34;XAUUSD;5;1786927491;PENDING_DELETED;ticket=119574739 reason=oco_buy_triggered;POSITION_ACTIVE;SAFE;1;0;0;-1;119574739;0.00;-1.12;-1.12;0.00;0.00;KELLY_LITE;true;0.04;213057.11;0.0417;KELLY_LITE(mult=1.00 taper=1.00 n=0)+HARD_RISK_CAP(2.0%)+MAXLOSS_CAP;213057.11;213055.99;33;0
2026.08.17 00:45:34;XAUUSD;5;1786927491;HEDGE_PENDING_PLACED;dir=SELL_STOP ticket=119574785 price=4366.79 sl=4369.79 lot=0.05 mainEntry=4370.07 dist=3.00 confirmBars=1;POSITION_ACTIVE;SAFE;1;1;1;-1;-1;4370.07;0.04;0.04;0.00;-1.12;KELLY_LITE;true;0.04;213057.11;0.0417;KELLY_LITE(mult=1.00 taper=1.00 n=0)+HARD_RISK_CAP(2.0%)+MAXLOSS_CAP;213057.11;213057.15;33;0
2026.08.17 00:45:35;XAUUSD;5;1786927491;SL_MODIFIED;ticket=119574738 oldSL=4358.07 newSL=4368.07 reason=early_loss_hard_sl_leg_0;MANAGE_PROFIT;SAFE;1;1;1;-1;-1;4370.07;-0.96;-0.96;0.04;-1.12;KELLY_LITE;true;0.04;213057.11;0.0417;KELLY_LITE(mult=1.00 taper=1.00 n=0)+HARD_RISK_CAP(2.0%)+MAXLOSS_CAP;213057.11;213056.15;33;0
2026.08.17 00:48:02;XAUUSD;5;1786927491;SL_MODIFIED;ticket=119574738 oldSL=4368.07 newSL=4371.55 reason=break_even_lock_leg_0;MANAGE_PROFIT;SAFE;1;1;1;-1;-1;4370.07;8.00;8.00;8.00;-1.32;KELLY_LITE;true;0.04;213057.11;0.0417;KELLY_LITE(mult=1.00 taper=1.00 n=0)+HARD_RISK_CAP(2.0%)+MAXLOSS_CAP;213057.11;213065.11;33;0
2026.08.17 00:48:02;XAUUSD;5;1786927491;PROFIT_RATCHET_LOCKED;floor=3.40 peak=8.00;MANAGE_PROFIT;SAFE;1;1;1;-1;-1;4370.07;8.00;8.00;8.00;-1.32;KELLY_LITE;true;0.04;213057.11;0.0417;KELLY_LITE(mult=1.00 taper=1.00 n=0)+HARD_RISK_CAP(2.0%)+MAXLOSS_CAP;213057.11;213065.11;33;0
2026.08.17 00:48:03;XAUUSD;5;1786927491;PROFIT_RATCHET_LOCKED;floor=3.42 peak=8.04;MANAGE_PROFIT;SAFE;1;1;1;-1;-1;4370.07;8.04;8.04;8.04;-1.32;KELLY_LITE;true;0.04;213057.11;0.0417;KELLY_LITE(mult=1.00 taper=1.00 n=0)+HARD_RISK_CAP(2.0%)+MAXLOSS_CAP;213057.11;213065.15;33;0
2026.08.17 00:48:03;XAUUSD;5;1786927491;PROFIT_RATCHET_LOCKED;floor=3.42 peak=8.04;MANAGE_PROFIT;SAFE;1;1;1;-1;-1;4370.07;7.84;7.84;8.04;-1.32;KELLY_LITE;true;0.04;213057.11;0.0417;KELLY_LITE(mult=1.00 taper=1.00 n=0)+HARD_RISK_CAP(2.0%)+MAXLOSS_CAP;213057.11;213064.95;33;0
2026.08.17 00:48:06;XAUUSD;5;1786927491;PROFIT_RATCHET_LOCKED;floor=3.42 peak=8.04;MANAGE_PROFIT;SAFE;1;1;1;-1;-1;4370.07;7.84;7.84;8.04;-1.32;KELLY_LITE;true;0.04;213057.11;0.0417;KELLY_LITE(mult=1.00 taper=1.00 n=0)+HARD_RISK_CAP(2.0%)+MAXLOSS_CAP;213057.11;213064.95;32;0
2026.08.17 00:48:06;XAUUSD;5;1786927491;PROFIT_RATCHET_LOCKED;floor=3.42 peak=8.04;MANAGE_PROFIT;SAFE;1;1;1;-1;-1;4370.07;7.80;7.80;8.04;-1.32;KELLY_LITE;true;0.04;213057.11;0.0417;KELLY_LITE(mult=1.00 taper=1.00 n=0)+HARD_RISK_CAP(2.0%)+MAXLOSS_CAP;213057.11;213064.91;33;0
2026.08.17 00:48:07;XAUUSD;5;1786927491;PROFIT_RATCHET_LOCKED;floor=3.42 peak=8.04;MANAGE_PROFIT;SAFE;1;1;1;-1;-1;4370.07;7.76;7.76;8.04;-1.32;KELLY_LITE;true;0.04;213057.11;0.0417;KELLY_LITE(mult=1.00 taper=1.00 n=0)+HARD_RISK_CAP(2.0%)+MAXLOSS_CAP;213057.11;213064.87;33;0
2026.08.17 00:48:08;XAUUSD;5;1786927491;SL_MODIFIED;ticket=119574738 oldSL=4371.55 newSL=4371.59 reason=break_even_lock_leg_0;MANAGE_PROFIT;SAFE;1;1;1;-1;-1;4370.07;8.16;8.16;8.16;-1.32;KELLY_LITE;true;0.04;213057.11;0.0417;KELLY_LITE(mult=1.00 taper=1.00 n=0)+HARD_RISK_CAP(2.0%)+MAXLOSS_CAP;213057.11;213065.27;33;0
2026.08.17 00:48:08;XAUUSD;5;1786927491;PROFIT_RATCHET_LOCKED;floor=3.47 peak=8.16;MANAGE_PROFIT;SAFE;1;1;1;-1;-1;4370.07;8.16;8.16;8.16;-1.32;KELLY_LITE;true;0.04;213057.11;0.0417;KELLY_LITE(mult=1.00 taper=1.00 n=0)+HARD_RISK_CAP(2.0%)+MAXLOSS_CAP;213057.11;213065.27;33;0
2026.08.17 00:48:08;XAUUSD;5;1786927491;PROFIT_RATCHET_LOCKED;floor=3.50 peak=8.24;MANAGE_PROFIT;SAFE;1;1;1;-1;-1;4370.07;8.24;8.24;8.24;-1.32;KELLY_LITE;true;0.04;213057.11;0.0417;KELLY_LITE(mult=1.00 taper=1.00 n=0)+HARD_RISK_CAP(2.0%)+MAXLOSS_CAP;213057.11;213065.35;33;0
2026.08.17 00:48:09;XAUUSD;5;1786927491;PROFIT_RATCHET_LOCKED;floor=3.50 peak=8.24;MANAGE_PROFIT;SAFE;1;1;1;-1;-1;4370.07;8.20;8.20;8.24;-1.32;KELLY_LITE;true;0.04;213057.11;0.0417;KELLY_LITE(mult=1.00 taper=1.00 n=0)+HARD_RISK_CAP(2.0%)+MAXLOSS_CAP;213057.11;213065.31;33;0
2026.08.17 00:48:09;XAUUSD;5;1786927491;PROFIT_RATCHET_LOCKED;floor=3.50 peak=8.24;MANAGE_PROFIT;SAFE;1;1;1;-1;-1;4370.07;8.08;8.08;8.24;-1.32;KELLY_LITE;true;0.04;213057.11;0.0417;KELLY_LITE(mult=1.00 taper=1.00 n=0)+HARD_RISK_CAP(2.0%)+MAXLOSS_CAP;213057.11;213065.19;33;0
2026.08.17 00:48:10;XAUUSD;5;1786927491;PROFIT_RATCHET_LOCKED;floor=3.50 peak=8.24;MANAGE_PROFIT;SAFE;1;1;1;-1;-1;4370.07;8.16;8.16;8.24;-1.32;KELLY_LITE;true;0.04;213057.11;0.0417;KELLY_LITE(mult=1.00 taper=1.00 n=0)+HARD_RISK_CAP(2.0%)+MAXLOSS_CAP;213057.11;213065.27;33;0
2026.08.17 00:48:10;XAUUSD;5;1786927491;SL_MODIFIED;ticket=119574738 oldSL=4371.59 newSL=4371.64 reason=break_even_lock_leg_0;MANAGE_PROFIT;SAFE;1;1;1;-1;-1;4370.07;8.56;8.56;8.36;-1.32;KELLY_LITE;true;0.04;213057.11;0.0417;KELLY_LITE(mult=1.00 taper=1.00 n=0)+HARD_RISK_CAP(2.0%)+MAXLOSS_CAP;213057.11;213065.67;33;0
2026.08.17 00:48:10;XAUUSD;5;1786927491;PROFIT_RATCHET_LOCKED;floor=3.55 peak=8.36;MANAGE_PROFIT;SAFE;1;1;1;-1;-1;4370.07;8.56;8.56;8.36;-1.32;KELLY_LITE;true;0.04;213057.11;0.0417;KELLY_LITE(mult=1.00 taper=1.00 n=0)+HARD_RISK_CAP(2.0%)+MAXLOSS_CAP;213057.11;213065.67;33;0
2026.08.17 00:48:11;XAUUSD;5;1786927491;SL_MODIFIED;ticket=119574738 oldSL=4371.64 newSL=4371.69 reason=break_even_lock_leg_0;MANAGE_PROFIT;SAFE;1;1;1;-1;-1;4370.07;8.56;8.56;8.56;-1.32;KELLY_LITE;true;0.04;213057.11;0.0417;KELLY_LITE(mult=1.00 taper=1.00 n=0)+HARD_RISK_CAP(2.0%)+MAXLOSS_CAP;213057.11;213065.67;33;0
2026.08.17 00:48:11;XAUUSD;5;1786927491;PROFIT_RATCHET_LOCKED;floor=3.64 peak=8.56;MANAGE_PROFIT;SAFE;1;1;1;-1;-1;4370.07;8.56;8.56;8.56;-1.32;KELLY_LITE;true;0.04;213057.11;0.0417;KELLY_LITE(mult=1.00 taper=1.00 n=0)+HARD_RISK_CAP(2.0%)+MAXLOSS_CAP;213057.11;213065.67;33;0
2026.08.17 00:48:12;XAUUSD;5;1786927491;PROFIT_RATCHET_LOCKED;floor=3.65 peak=8.60;MANAGE_PROFIT;SAFE;1;1;1;-1;-1;4370.07;8.60;8.60;8.60;-1.32;KELLY_LITE;true;0.04;213057.11;0.0417;KELLY_LITE(mult=1.00 taper=1.00 n=0)+HARD_RISK_CAP(2.0%)+MAXLOSS_CAP;213057.11;213065.71;33;0
2026.08.17 00:48:12;XAUUSD;5;1786927491;PROFIT_RATCHET_LOCKED;floor=3.65 peak=8.60;MANAGE_PROFIT;SAFE;1;1;1;-1;-1;4370.07;8.52;8.52;8.60;-1.32;KELLY_LITE;true;0.04;213057.11;0.0417;KELLY_LITE(mult=1.00 taper=1.00 n=0)+HARD_RISK_CAP(2.0%)+MAXLOSS_CAP;213057.11;213065.63;33;0
2026.08.17 00:48:13;XAUUSD;5;1786927491;SL_MODIFIED;ticket=119574738 oldSL=4371.69 newSL=4371.96 reason=break_even_lock_leg_0;MANAGE_PROFIT;SAFE;1;1;1;-1;-1;4370.07;11.44;11.44;9.64;-1.32;KELLY_LITE;true;0.04;213057.11;0.0417;KELLY_LITE(mult=1.00 taper=1.00 n=0)+HARD_RISK_CAP(2.0%)+MAXLOSS_CAP;213057.11;213068.55;33;0
2026.08.17 00:48:13;XAUUSD;5;1786927491;PROFIT_RATCHET_LOCKED;floor=4.10 peak=9.64;MANAGE_PROFIT;SAFE;1;1;1;-1;-1;4370.07;11.44;11.44;9.64;-1.32;KELLY_LITE;true;0.04;213057.11;0.0417;KELLY_LITE(mult=1.00 taper=1.00 n=0)+HARD_RISK_CAP(2.0%)+MAXLOSS_CAP;213057.11;213068.55;33;0
2026.08.17 00:48:13;XAUUSD;5;1786927491;SL_MODIFIED;ticket=119574738 oldSL=4371.96 newSL=4372.41 reason=break_even_lock_leg_0;MANAGE_PROFIT;SAFE;1;1;1;-1;-1;4370.07;12.04;12.04;11.44;-1.32;KELLY_LITE;true;0.04;213057.11;0.0417;KELLY_LITE(mult=1.00 taper=1.00 n=0)+HARD_RISK_CAP(2.0%)+MAXLOSS_CAP;213057.11;213069.15;33;0
2026.08.17 00:48:13;XAUUSD;5;1786927491;PROFIT_RATCHET_LOCKED;floor=4.86 peak=11.44;MANAGE_PROFIT;SAFE;1;1;1;-1;-1;4370.07;12.04;12.04;11.44;-1.32;KELLY_LITE;true;0.04;213057.11;0.0417;KELLY_LITE(mult=1.00 taper=1.00 n=0)+HARD_RISK_CAP(2.0%)+MAXLOSS_CAP;213057.11;213069.15;33;0
2026.08.17 00:48:14;XAUUSD;5;1786927491;SL_MODIFIED;ticket=119574738 oldSL=4372.41 newSL=4372.56 reason=break_even_lock_leg_0;MANAGE_PROFIT;SAFE;1;1;1;-1;-1;4370.07;12.16;12.00;12.04;-1.32;KELLY_LITE;true;0.04;213057.11;0.0417;KELLY_LITE(mult=1.00 taper=1.00 n=0)+HARD_RISK_CAP(2.0%)+MAXLOSS_CAP;213057.11;213069.27;33;0
2026.08.17 00:48:14;XAUUSD;5;1786927491;PROFIT_RATCHET_LOCKED;floor=5.12 peak=12.04;MANAGE_PROFIT;SAFE;1;1;1;-1;-1;4370.07;12.16;12.00;12.04;-1.32;KELLY_LITE;true;0.04;213057.11;0.0417;KELLY_LITE(mult=1.00 taper=1.00 n=0)+HARD_RISK_CAP(2.0%)+MAXLOSS_CAP;213057.11;213069.27;33;0
2026.08.17 00:48:14;XAUUSD;5;1786927491;PROFIT_RATCHET_LOCKED;floor=5.17 peak=12.16;MANAGE_PROFIT;SAFE;1;1;1;-1;-1;4370.07;12.16;12.00;12.16;-1.32;KELLY_LITE;true;0.04;213057.11;0.0417;KELLY_LITE(mult=1.00 taper=1.00 n=0)+HARD_RISK_CAP(2.0%)+MAXLOSS_CAP;213057.11;213069.27;33;0
2026.08.17 00:48:14;XAUUSD;5;1786927491;SL_MODIFIED;ticket=119574738 oldSL=4372.56 newSL=4372.60 reason=break_even_lock_leg_0;MANAGE_PROFIT;SAFE;1;1;1;-1;-1;4370.07;12.12;12.12;12.20;-1.32;KELLY_LITE;true;0.04;213057.11;0.0417;KELLY_LITE(mult=1.00 taper=1.00 n=0)+HARD_RISK_CAP(2.0%)+MAXLOSS_CAP;213057.11;213069.23;33;0
2026.08.17 00:48:14;XAUUSD;5;1786927491;PROFIT_RATCHET_LOCKED;floor=5.18 peak=12.20;MANAGE_PROFIT;SAFE;1;1;1;-1;-1;4370.07;12.12;12.12;12.20;-1.32;KELLY_LITE;true;0.04;213057.11;0.0417;KELLY_LITE(mult=1.00 taper=1.00 n=0)+HARD_RISK_CAP(2.0%)+MAXLOSS_CAP;213057.11;213069.23;33;0
2026.08.17 00:48:14;XAUUSD;5;1786927491;PROFIT_RATCHET_LOCKED;floor=5.18 peak=12.20;MANAGE_PROFIT;SAFE;1;1;1;-1;-1;4370.07;12.12;12.12;12.20;-1.32;KELLY_LITE;true;0.04;213057.11;0.0417;KELLY_LITE(mult=1.00 taper=1.00 n=0)+HARD_RISK_CAP(2.0%)+MAXLOSS_CAP;213057.11;213069.23;33;0
2026.08.17 00:48:15;XAUUSD;5;1786927491;PROFIT_RATCHET_LOCKED;floor=5.18 peak=12.20;MANAGE_PROFIT;SAFE;1;1;1;-1;-1;4370.07;12.16;12.16;12.20;-1.32;KELLY_LITE;true;0.04;213057.11;0.0417;KELLY_LITE(mult=1.00 taper=1.00 n=0)+HARD_RISK_CAP(2.0%)+MAXLOSS_CAP;213057.11;213069.27;33;0
2026.08.17 00:48:15;XAUUSD;5;1786927491;PROFIT_RATCHET_LOCKED;floor=5.18 peak=12.20;MANAGE_PROFIT;SAFE;1;1;1;-1;-1;4370.07;12.20;12.20;12.20;-1.32;KELLY_LITE;true;0.04;213057.11;0.0417;KELLY_LITE(mult=1.00 taper=1.00 n=0)+HARD_RISK_CAP(2.0%)+MAXLOSS_CAP;213057.11;213069.31;33;0
2026.08.17 00:48:15;XAUUSD;5;1786927491;PROFIT_RATCHET_LOCKED;floor=5.18 peak=12.20;MANAGE_PROFIT;SAFE;1;1;1;-1;-1;4370.07;12.00;12.00;12.20;-1.32;KELLY_LITE;true;0.04;213057.11;0.0417;KELLY_LITE(mult=1.00 taper=1.00 n=0)+HARD_RISK_CAP(2.0%)+MAXLOSS_CAP;213057.11;213069.11;33;0
2026.08.17 00:48:15;XAUUSD;5;1786927491;PROFIT_RATCHET_LOCKED;floor=5.20 peak=12.24;MANAGE_PROFIT;SAFE;1;1;1;-1;-1;4370.07;12.24;12.24;12.24;-1.32;KELLY_LITE;true;0.04;213057.11;0.0417;KELLY_LITE(mult=1.00 taper=1.00 n=0)+HARD_RISK_CAP(2.0%)+MAXLOSS_CAP;213057.11;213069.35;33;0
2026.08.17 00:48:16;XAUUSD;5;1786927491;PROFIT_RATCHET_LOCKED;floor=5.22 peak=12.28;MANAGE_PROFIT;SAFE;1;1;1;-1;-1;4370.07;12.28;12.28;12.28;-1.32;KELLY_LITE;true;0.04;213057.11;0.0417;KELLY_LITE(mult=1.00 taper=1.00 n=0)+HARD_RISK_CAP(2.0%)+MAXLOSS_CAP;213057.11;213069.39;33;0
2026.08.17 00:48:17;XAUUSD;5;1786927491;PROFIT_RATCHET_LOCKED;floor=5.22 peak=12.28;MANAGE_PROFIT;SAFE;1;1;1;-1;-1;4370.07;12.20;12.20;12.28;-1.32;KELLY_LITE;true;0.04;213057.11;0.0417;KELLY_LITE(mult=1.00 taper=1.00 n=0)+HARD_RISK_CAP(2.0%)+MAXLOSS_CAP;213057.11;213069.31;33;0
2026.08.17 00:48:17;XAUUSD;5;1786927491;PROFIT_RATCHET_LOCKED;floor=5.22 peak=12.28;MANAGE_PROFIT;SAFE;1;1;1;-1;-1;4370.07;12.24;12.24;12.28;-1.32;KELLY_LITE;true;0.04;213057.11;0.0417;KELLY_LITE(mult=1.00 taper=1.00 n=0)+HARD_RISK_CAP(2.0%)+MAXLOSS_CAP;213057.11;213069.35;33;0
2026.08.17 00:48:17;XAUUSD;5;1786927491;PROFIT_RATCHET_LOCKED;floor=5.22 peak=12.28;MANAGE_PROFIT;SAFE;1;1;1;-1;-1;4370.07;12.04;12.04;12.28;-1.32;KELLY_LITE;true;0.04;213057.11;0.0417;KELLY_LITE(mult=1.00 taper=1.00 n=0)+HARD_RISK_CAP(2.0%)+MAXLOSS_CAP;213057.11;213069.15;33;0
2026.08.17 00:48:18;XAUUSD;5;1786927491;PROFIT_RATCHET_LOCKED;floor=5.22 peak=12.28;MANAGE_PROFIT;SAFE;1;1;1;-1;-1;4370.07;12.12;12.12;12.28;-1.32;KELLY_LITE;true;0.04;213057.11;0.0417;KELLY_LITE(mult=1.00 taper=1.00 n=0)+HARD_RISK_CAP(2.0%)+MAXLOSS_CAP;213057.11;213069.23;33;0
2026.08.17 00:48:18;XAUUSD;5;1786927491;PROFIT_RATCHET_LOCKED;floor=5.22 peak=12.28;MANAGE_PROFIT;SAFE;1;1;1;-1;-1;4370.07;12.24;12.24;12.28;-1.32;KELLY_LITE;true;0.04;213057.11;0.0417;KELLY_LITE(mult=1.00 taper=1.00 n=0)+HARD_RISK_CAP(2.0%)+MAXLOSS_CAP;213057.11;213069.35;33;0
2026.08.17 00:48:18;XAUUSD;5;1786927491;PROFIT_RATCHET_LOCKED;floor=5.22 peak=12.28;MANAGE_PROFIT;SAFE;1;1;1;-1;-1;4370.07;12.08;12.08;12.28;-1.32;KELLY_LITE;true;0.04;213057.11;0.0417;KELLY_LITE(mult=1.00 taper=1.00 n=0)+HARD_RISK_CAP(2.0%)+MAXLOSS_CAP;213057.11;213069.19;33;0
2026.08.17 00:48:19;XAUUSD;5;1786927491;PROFIT_RATCHET_LOCKED;floor=5.22 peak=12.28;MANAGE_PROFIT;SAFE;1;1;1;-1;-1;4370.07;12.16;12.16;12.28;-1.32;KELLY_LITE;true;0.04;213057.11;0.0417;KELLY_LITE(mult=1.00 taper=1.00 n=0)+HARD_RISK_CAP(2.0%)+MAXLOSS_CAP;213057.11;213069.27;33;0
2026.08.17 00:48:20;XAUUSD;5;1786927491;SL_MODIFIED;ticket=119574738 oldSL=4372.60 newSL=4372.67 reason=break_even_lock_leg_0;MANAGE_PROFIT;SAFE;1;1;1;-1;-1;4370.07;12.68;12.68;12.48;-1.32;KELLY_LITE;true;0.04;213057.11;0.0417;KELLY_LITE(mult=1.00 taper=1.00 n=0)+HARD_RISK_CAP(2.0%)+MAXLOSS_CAP;213057.11;213069.79;33;0
2026.08.17 00:48:20;XAUUSD;5;1786927491;PROFIT_RATCHET_LOCKED;floor=5.30 peak=12.48;MANAGE_PROFIT;SAFE;1;1;1;-1;-1;4370.07;12.68;12.68;12.48;-1.32;KELLY_LITE;true;0.04;213057.11;0.0417;KELLY_LITE(mult=1.00 taper=1.00 n=0)+HARD_RISK_CAP(2.0%)+MAXLOSS_CAP;213057.11;213069.79;33;0
2026.08.17 00:48:20;XAUUSD;5;1786927491;SL_MODIFIED;ticket=119574738 oldSL=4372.67 newSL=4372.72 reason=break_even_lock_leg_0;MANAGE_PROFIT;SAFE;1;1;1;-1;-1;4370.07;12.76;12.76;12.68;-1.32;KELLY_LITE;true;0.04;213057.11;0.0417;KELLY_LITE(mult=1.00 taper=1.00 n=0)+HARD_RISK_CAP(2.0%)+MAXLOSS_CAP;213057.11;213069.87;33;0
2026.08.17 00:48:20;XAUUSD;5;1786927491;PROFIT_RATCHET_LOCKED;floor=5.39 peak=12.68;MANAGE_PROFIT;SAFE;1;1;1;-1;-1;4370.07;12.76;12.76;12.68;-1.32;KELLY_LITE;true;0.04;213057.11;0.0417;KELLY_LITE(mult=1.00 taper=1.00 n=0)+HARD_RISK_CAP(2.0%)+MAXLOSS_CAP;213057.11;213069.87;33;0
2026.08.17 00:48:20;XAUUSD;5;1786927491;PROFIT_RATCHET_LOCKED;floor=5.42 peak=12.76;MANAGE_PROFIT;SAFE;1;1;1;-1;-1;4370.07;12.76;12.76;12.76;-1.32;KELLY_LITE;true;0.04;213057.11;0.0417;KELLY_LITE(mult=1.00 taper=1.00 n=0)+HARD_RISK_CAP(2.0%)+MAXLOSS_CAP;213057.11;213069.87;33;0
2026.08.17 00:48:21;XAUUSD;5;1786927491;PROFIT_RATCHET_LOCKED;floor=5.42 peak=12.76;MANAGE_PROFIT;SAFE;1;1;1;-1;-1;4370.07;12.72;12.72;12.76;-1.32;KELLY_LITE;true;0.04;213057.11;0.0417;KELLY_LITE(mult=1.00 taper=1.00 n=0)+HARD_RISK_CAP(2.0%)+MAXLOSS_CAP;213057.11;213069.83;33;0
2026.08.17 00:48:21;XAUUSD;5;1786927491;PROFIT_RATCHET_LOCKED;floor=5.42 peak=12.76;MANAGE_PROFIT;SAFE;1;1;1;-1;-1;4370.07;12.72;12.72;12.76;-1.32;KELLY_LITE;true;0.04;213057.11;0.0417;KELLY_LITE(mult=1.00 taper=1.00 n=0)+HARD_RISK_CAP(2.0%)+MAXLOSS_CAP;213057.11;213069.83;30;0
2026.08.17 00:48:21;XAUUSD;5;1786927491;PROFIT_RATCHET_LOCKED;floor=5.42 peak=12.76;MANAGE_PROFIT;SAFE;1;1;1;-1;-1;4370.07;12.68;12.68;12.76;-1.32;KELLY_LITE;true;0.04;213057.11;0.0417;KELLY_LITE(mult=1.00 taper=1.00 n=0)+HARD_RISK_CAP(2.0%)+MAXLOSS_CAP;213057.11;213069.79;33;0
2026.08.17 00:48:22;XAUUSD;5;1786927491;SL_MODIFY_FAILED;ticket=119574738 newSL=4372.77 reason=break_even_lock_leg_0 err=0;MANAGE_PROFIT;SAFE;1;1;1;-1;-1;4370.07;12.52;12.52;12.88;-1.32;KELLY_LITE;true;0.04;213057.11;0.0417;KELLY_LITE(mult=1.00 taper=1.00 n=0)+HARD_RISK_CAP(2.0%)+MAXLOSS_CAP;213057.11;213069.63;33;0
2026.08.17 00:48:22;XAUUSD;5;1786927491;PROFIT_RATCHET_LOCKED;floor=5.47 peak=12.88;MANAGE_PROFIT;SAFE;1;1;1;-1;-1;4370.07;12.52;12.52;12.88;-1.32;KELLY_LITE;true;0.04;213057.11;0.0417;KELLY_LITE(mult=1.00 taper=1.00 n=0)+HARD_RISK_CAP(2.0%)+MAXLOSS_CAP;213057.11;213069.63;33;0
2026.08.17 00:48:22;XAUUSD;5;1786927491;PROFIT_RATCHET_LOCKED;floor=5.47 peak=12.88;MANAGE_PROFIT;SAFE;1;1;1;-1;-1;4370.07;12.52;12.52;12.88;-1.32;KELLY_LITE;true;0.04;213057.11;0.0417;KELLY_LITE(mult=1.00 taper=1.00 n=0)+HARD_RISK_CAP(2.0%)+MAXLOSS_CAP;213057.11;213069.63;33;0
2026.08.17 00:48:23;XAUUSD;5;1786927491;SL_MODIFIED;ticket=119574738 oldSL=4372.72 newSL=4372.75 reason=break_even_lock_leg_0;MANAGE_PROFIT;SAFE;1;1;1;-1;-1;4370.07;12.72;12.72;12.88;-1.32;KELLY_LITE;true;0.04;213057.11;0.0417;KELLY_LITE(mult=1.00 taper=1.00 n=0)+HARD_RISK_CAP(2.0%)+MAXLOSS_CAP;213057.11;213069.83;33;0
2026.08.17 00:48:23;XAUUSD;5;1786927491;PROFIT_RATCHET_LOCKED;floor=5.47 peak=12.88;MANAGE_PROFIT;SAFE;1;1;1;-1;-1;4370.07;12.72;12.72;12.88;-1.32;KELLY_LITE;true;0.04;213057.11;0.0417;KELLY_LITE(mult=1.00 taper=1.00 n=0)+HARD_RISK_CAP(2.0%)+MAXLOSS_CAP;213057.11;213069.83;33;0
2026.08.17 00:48:23;XAUUSD;5;1786927491;PROFIT_RATCHET_LOCKED;floor=5.47 peak=12.88;MANAGE_PROFIT;SAFE;1;1;1;-1;-1;4370.07;12.72;12.72;12.88;-1.32;KELLY_LITE;true;0.04;213057.11;0.0417;KELLY_LITE(mult=1.00 taper=1.00 n=0)+HARD_RISK_CAP(2.0%)+MAXLOSS_CAP;213057.11;213069.83;33;0
2026.08.17 00:48:23;XAUUSD;5;1786927491;PROFIT_RATCHET_LOCKED;floor=5.47 peak=12.88;MANAGE_PROFIT;SAFE;1;1;1;-1;-1;4370.07;12.40;12.40;12.88;-1.32;KELLY_LITE;true;0.04;213057.11;0.0417;KELLY_LITE(mult=1.00 taper=1.00 n=0)+HARD_RISK_CAP(2.0%)+MAXLOSS_CAP;213057.11;213069.51;33;0
2026.08.17 00:48:24;XAUUSD;5;1786927491;PROFIT_RATCHET_LOCKED;floor=5.47 peak=12.88;MANAGE_PROFIT;SAFE;1;1;1;-1;-1;4370.07;12.28;12.28;12.88;-1.32;KELLY_LITE;true;0.04;213057.11;0.0417;KELLY_LITE(mult=1.00 taper=1.00 n=0)+HARD_RISK_CAP(2.0%)+MAXLOSS_CAP;213057.11;213069.39;33;0
2026.08.17 00:48:24;XAUUSD;5;1786927491;PROFIT_RATCHET_LOCKED;floor=5.47 peak=12.88;MANAGE_PROFIT;SAFE;1;1;1;-1;-1;4370.07;12.24;12.24;12.88;-1.32;KELLY_LITE;true;0.04;213057.11;0.0417;KELLY_LITE(mult=1.00 taper=1.00 n=0)+HARD_RISK_CAP(2.0%)+MAXLOSS_CAP;213057.11;213069.35;33;0
2026.08.17 00:48:24;XAUUSD;5;1786927491;PROFIT_RATCHET_LOCKED;floor=5.47 peak=12.88;MANAGE_PROFIT;SAFE;1;1;1;-1;-1;4370.07;12.32;12.32;12.88;-1.32;KELLY_LITE;true;0.04;213057.11;0.0417;KELLY_LITE(mult=1.00 taper=1.00 n=0)+HARD_RISK_CAP(2.0%)+MAXLOSS_CAP;213057.11;213069.43;33;0
2026.08.17 00:48:25;XAUUSD;5;1786927491;PROFIT_RATCHET_LOCKED;floor=5.47 peak=12.88;MANAGE_PROFIT;SAFE;1;1;1;-1;-1;4370.07;12.36;12.36;12.88;-1.32;KELLY_LITE;true;0.04;213057.11;0.0417;KELLY_LITE(mult=1.00 taper=1.00 n=0)+HARD_RISK_CAP(2.0%)+MAXLOSS_CAP;213057.11;213069.47;33;0
2026.08.17 00:48:25;XAUUSD;5;1786927491;PROFIT_RATCHET_LOCKED;floor=5.47 peak=12.88;MANAGE_PROFIT;SAFE;1;1;1;-1;-1;4370.07;12.16;12.16;12.88;-1.32;KELLY_LITE;true;0.04;213057.11;0.0417;KELLY_LITE(mult=1.00 taper=1.00 n=0)+HARD_RISK_CAP(2.0%)+MAXLOSS_CAP;213057.11;213069.27;33;0
2026.08.17 00:48:26;XAUUSD;5;1786927491;PROFIT_RATCHET_LOCKED;floor=5.47 peak=12.88;MANAGE_PROFIT;SAFE;1;1;1;-1;-1;4370.07;12.32;12.32;12.88;-1.32;KELLY_LITE;true;0.04;213057.11;0.0417;KELLY_LITE(mult=1.00 taper=1.00 n=0)+HARD_RISK_CAP(2.0%)+MAXLOSS_CAP;213057.11;213069.43;33;0
2026.08.17 00:48:26;XAUUSD;5;1786927491;PROFIT_RATCHET_LOCKED;floor=5.47 peak=12.88;MANAGE_PROFIT;SAFE;1;1;1;-1;-1;4370.07;12.44;12.44;12.88;-1.32;KELLY_LITE;true;0.04;213057.11;0.0417;KELLY_LITE(mult=1.00 taper=1.00 n=0)+HARD_RISK_CAP(2.0%)+MAXLOSS_CAP;213057.11;213069.55;33;0
2026.08.17 00:48:26;XAUUSD;5;1786927491;PROFIT_RATCHET_LOCKED;floor=5.47 peak=12.88;MANAGE_PROFIT;SAFE;1;1;1;-1;-1;4370.07;12.52;12.52;12.88;-1.32;KELLY_LITE;true;0.04;213057.11;0.0417;KELLY_LITE(mult=1.00 taper=1.00 n=0)+HARD_RISK_CAP(2.0%)+MAXLOSS_CAP;213057.11;213069.63;33;0
2026.08.17 00:48:26;XAUUSD;5;1786927491;PROFIT_RATCHET_LOCKED;floor=5.47 peak=12.88;MANAGE_PROFIT;SAFE;1;1;1;-1;-1;4370.07;12.76;12.76;12.88;-1.32;KELLY_LITE;true;0.04;213057.11;0.0417;KELLY_LITE(mult=1.00 taper=1.00 n=0)+HARD_RISK_CAP(2.0%)+MAXLOSS_CAP;213057.11;213069.87;33;0
2026.08.17 00:48:27;XAUUSD;5;1786927491;PROFIT_RATCHET_LOCKED;floor=5.47 peak=12.88;MANAGE_PROFIT;SAFE;1;1;1;-1;-1;4370.07;12.84;12.84;12.88;-1.32;KELLY_LITE;true;0.04;213057.11;0.0417;KELLY_LITE(mult=1.00 taper=1.00 n=0)+HARD_RISK_CAP(2.0%)+MAXLOSS_CAP;213057.11;213069.95;33;0
2026.08.17 00:48:28;XAUUSD;5;1786927491;SL_MODIFIED;ticket=119574738 oldSL=4372.75 newSL=4372.78 reason=break_even_lock_leg_0 (retry buf=3pt);MANAGE_PROFIT;SAFE;1;1;1;-1;-1;4370.07;12.96;12.96;13.08;-1.32;KELLY_LITE;true;0.04;213057.11;0.0417;KELLY_LITE(mult=1.00 taper=1.00 n=0)+HARD_RISK_CAP(2.0%)+MAXLOSS_CAP;213057.11;213070.07;33;0
2026.08.17 00:48:28;XAUUSD;5;1786927491;PROFIT_RATCHET_LOCKED;floor=5.56 peak=13.08;MANAGE_PROFIT;SAFE;1;1;1;-1;-1;4370.07;12.96;12.96;13.08;-1.32;KELLY_LITE;true;0.04;213057.11;0.0417;KELLY_LITE(mult=1.00 taper=1.00 n=0)+HARD_RISK_CAP(2.0%)+MAXLOSS_CAP;213057.11;213070.07;33;0
2026.08.17 00:48:28;XAUUSD;5;1786927491;PROFIT_RATCHET_LOCKED;floor=5.56 peak=13.08;MANAGE_PROFIT;SAFE;1;1;1;-1;-1;4370.07;12.96;12.96;13.08;-1.32;KELLY_LITE;true;0.04;213057.11;0.0417;KELLY_LITE(mult=1.00 taper=1.00 n=0)+HARD_RISK_CAP(2.0%)+MAXLOSS_CAP;213057.11;213070.07;33;0
2026.08.17 00:48:28;XAUUSD;5;1786927491;PROFIT_RATCHET_LOCKED;floor=5.56 peak=13.08;MANAGE_PROFIT;SAFE;1;1;1;-1;-1;4370.07;12.88;12.88;13.08;-1.32;KELLY_LITE;true;0.04;213057.11;0.0417;KELLY_LITE(mult=1.00 taper=1.00 n=0)+HARD_RISK_CAP(2.0%)+MAXLOSS_CAP;213057.11;213069.99;33;0
2026.08.17 00:48:29;XAUUSD;5;1786927491;PROFIT_RATCHET_LOCKED;floor=5.56 peak=13.08;MANAGE_PROFIT;SAFE;1;1;1;-1;-1;4370.07;12.92;12.92;13.08;-1.32;KELLY_LITE;true;0.04;213057.11;0.0417;KELLY_LITE(mult=1.00 taper=1.00 n=0)+HARD_RISK_CAP(2.0%)+MAXLOSS_CAP;213057.11;213070.03;33;0
2026.08.17 00:48:29;XAUUSD;5;1786927491;SL_MODIFIED;ticket=119574738 oldSL=4372.78 newSL=4372.83 reason=break_even_lock_leg_0;MANAGE_PROFIT;SAFE;1;1;1;-1;-1;4370.07;13.12;13.12;13.12;-1.32;KELLY_LITE;true;0.04;213057.11;0.0417;KELLY_LITE(mult=1.00 taper=1.00 n=0)+HARD_RISK_CAP(2.0%)+MAXLOSS_CAP;213057.11;213070.23;33;0
2026.08.17 00:48:29;XAUUSD;5;1786927491;PROFIT_RATCHET_LOCKED;floor=5.58 peak=13.12;MANAGE_PROFIT;SAFE;1;1;1;-1;-1;4370.07;13.12;13.12;13.12;-1.32;KELLY_LITE;true;0.04;213057.11;0.0417;KELLY_LITE(mult=1.00 taper=1.00 n=0)+HARD_RISK_CAP(2.0%)+MAXLOSS_CAP;213057.11;213070.23;33;0
2026.08.17 00:48:29;XAUUSD;5;1786927491;PROFIT_RATCHET_LOCKED;floor=5.58 peak=13.12;MANAGE_PROFIT;SAFE;1;1;1;-1;-1;4370.07;13.12;13.12;13.12;-1.32;KELLY_LITE;true;0.04;213057.11;0.0417;KELLY_LITE(mult=1.00 taper=1.00 n=0)+HARD_RISK_CAP(2.0%)+MAXLOSS_CAP;213057.11;213070.23;33;0
2026.08.17 00:48:30;XAUUSD;5;1786927491;PROFIT_RATCHET_LOCKED;floor=5.58 peak=13.12;MANAGE_PROFIT;SAFE;1;1;1;-1;-1;4370.07;13.04;13.04;13.12;-1.32;KELLY_LITE;true;0.04;213057.11;0.0417;KELLY_LITE(mult=1.00 taper=1.00 n=0)+HARD_RISK_CAP(2.0%)+MAXLOSS_CAP;213057.11;213070.15;33;0
2026.08.17 00:48:30;XAUUSD;5;1786927491;PROFIT_RATCHET_LOCKED;floor=5.58 peak=13.12;MANAGE_PROFIT;SAFE;1;1;1;-1;-1;4370.07;13.08;13.08;13.12;-1.32;KELLY_LITE;true;0.04;213057.11;0.0417;KELLY_LITE(mult=1.00 taper=1.00 n=0)+HARD_RISK_CAP(2.0%)+MAXLOSS_CAP;213057.11;213070.19;33;0
2026.08.17 00:48:30;XAUUSD;5;1786927491;PROFIT_RATCHET_LOCKED;floor=5.58 peak=13.12;MANAGE_PROFIT;SAFE;1;1;1;-1;-1;4370.07;13.12;13.12;13.12;-1.32;KELLY_LITE;true;0.04;213057.11;0.0417;KELLY_LITE(mult=1.00 taper=1.00 n=0)+HARD_RISK_CAP(2.0%)+MAXLOSS_CAP;213057.11;213070.23;33;0
2026.08.17 00:48:32;XAUUSD;5;1786927491;SL_MODIFIED;ticket=119574738 oldSL=4372.83 newSL=4372.85 reason=break_even_lock_leg_0;MANAGE_PROFIT;SAFE;1;1;1;-1;-1;4370.07;13.20;13.20;13.20;-1.32;KELLY_LITE;true;0.04;213057.11;0.0417;KELLY_LITE(mult=1.00 taper=1.00 n=0)+HARD_RISK_CAP(2.0%)+MAXLOSS_CAP;213057.11;213070.31;33;0
2026.08.17 00:48:32;XAUUSD;5;1786927491;PROFIT_RATCHET_LOCKED;floor=5.61 peak=13.20;MANAGE_PROFIT;SAFE;1;1;1;-1;-1;4370.07;13.20;13.20;13.20;-1.32;KELLY_LITE;true;0.04;213057.11;0.0417;KELLY_LITE(mult=1.00 taper=1.00 n=0)+HARD_RISK_CAP(2.0%)+MAXLOSS_CAP;213057.11;213070.31;33;0
2026.08.17 00:48:33;XAUUSD;5;1786927491;PROFIT_RATCHET_LOCKED;floor=5.61 peak=13.20;MANAGE_PROFIT;SAFE;1;1;1;-1;-1;4370.07;13.16;13.16;13.20;-1.32;KELLY_LITE;true;0.04;213057.11;0.0417;KELLY_LITE(mult=1.00 taper=1.00 n=0)+HARD_RISK_CAP(2.0%)+MAXLOSS_CAP;213057.11;213070.27;33;0
2026.08.17 00:48:33;XAUUSD;5;1786927491;PROFIT_RATCHET_LOCKED;floor=5.61 peak=13.20;MANAGE_PROFIT;SAFE;1;1;1;-1;-1;4370.07;13.12;13.12;13.20;-1.32;KELLY_LITE;true;0.04;213057.11;0.0417;KELLY_LITE(mult=1.00 taper=1.00 n=0)+HARD_RISK_CAP(2.0%)+MAXLOSS_CAP;213057.11;213070.23;33;0
2026.08.17 00:48:34;XAUUSD;5;1786927491;SL_MODIFIED;ticket=119574738 oldSL=4372.85 newSL=4372.96 reason=break_even_lock_leg_0;MANAGE_PROFIT;SAFE;1;1;1;-1;-1;4370.07;13.72;13.72;13.64;-1.32;KELLY_LITE;true;0.04;213057.11;0.0417;KELLY_LITE(mult=1.00 taper=1.00 n=0)+HARD_RISK_CAP(2.0%)+MAXLOSS_CAP;213057.11;213070.83;33;0
2026.08.17 00:48:34;XAUUSD;5;1786927491;PROFIT_RATCHET_LOCKED;floor=5.80 peak=13.64;MANAGE_PROFIT;SAFE;1;1;1;-1;-1;4370.07;13.72;13.72;13.64;-1.32;KELLY_LITE;true;0.04;213057.11;0.0417;KELLY_LITE(mult=1.00 taper=1.00 n=0)+HARD_RISK_CAP(2.0%)+MAXLOSS_CAP;213057.11;213070.83;33;0
2026.08.17 00:48:34;XAUUSD;5;1786927491;PROFIT_RATCHET_LOCKED;floor=5.83 peak=13.72;MANAGE_PROFIT;SAFE;1;1;1;-1;-1;4370.07;13.72;13.72;13.72;-1.32;KELLY_LITE;true;0.04;213057.11;0.0417;KELLY_LITE(mult=1.00 taper=1.00 n=0)+HARD_RISK_CAP(2.0%)+MAXLOSS_CAP;213057.11;213070.83;33;0
2026.08.17 00:48:35;XAUUSD;5;1786927491;PROFIT_RATCHET_LOCKED;floor=5.83 peak=13.72;MANAGE_PROFIT;SAFE;1;1;1;-1;-1;4370.07;13.64;13.64;13.72;-1.32;KELLY_LITE;true;0.04;213057.11;0.0417;KELLY_LITE(mult=1.00 taper=1.00 n=0)+HARD_RISK_CAP(2.0%)+MAXLOSS_CAP;213057.11;213070.75;33;0
2026.08.17 00:48:35;XAUUSD;5;1786927491;PROFIT_RATCHET_LOCKED;floor=5.83 peak=13.72;MANAGE_PROFIT;SAFE;1;1;1;-1;-1;4370.07;13.68;13.68;13.72;-1.32;KELLY_LITE;true;0.04;213057.11;0.0417;KELLY_LITE(mult=1.00 taper=1.00 n=0)+HARD_RISK_CAP(2.0%)+MAXLOSS_CAP;213057.11;213070.79;33;0
2026.08.17 00:48:36;XAUUSD;5;1786927491;SL_MODIFIED;ticket=119574738 oldSL=4372.96 newSL=4373.01 reason=break_even_lock_leg_0;MANAGE_PROFIT;SAFE;1;1;1;-1;-1;4370.07;13.84;13.84;13.84;-1.32;KELLY_LITE;true;0.04;213057.11;0.0417;KELLY_LITE(mult=1.00 taper=1.00 n=0)+HARD_RISK_CAP(2.0%)+MAXLOSS_CAP;213057.11;213070.95;33;0
2026.08.17 00:48:36;XAUUSD;5;1786927491;PROFIT_RATCHET_LOCKED;floor=5.88 peak=13.84;MANAGE_PROFIT;SAFE;1;1;1;-1;-1;4370.07;13.84;13.84;13.84;-1.32;KELLY_LITE;true;0.04;213057.11;0.0417;KELLY_LITE(mult=1.00 taper=1.00 n=0)+HARD_RISK_CAP(2.0%)+MAXLOSS_CAP;213057.11;213070.95;33;0
2026.08.17 00:48:36;XAUUSD;5;1786927491;PROFIT_RATCHET_LOCKED;floor=5.88 peak=13.84;MANAGE_PROFIT;SAFE;1;1;1;-1;-1;4370.07;13.84;13.84;13.84;-1.32;KELLY_LITE;true;0.04;213057.11;0.0417;KELLY_LITE(mult=1.00 taper=1.00 n=0)+HARD_RISK_CAP(2.0%)+MAXLOSS_CAP;213057.11;213070.95;31;0
2026.08.17 00:48:37;XAUUSD;5;1786927491;SL_MODIFIED;ticket=119574738 oldSL=4373.01 newSL=4373.15 reason=break_even_lock_leg_0;MANAGE_PROFIT;SAFE;1;1;1;-1;-1;4370.07;12.64;12.64;14.40;-1.32;KELLY_LITE;true;0.04;213057.11;0.0417;KELLY_LITE(mult=1.00 taper=1.00 n=0)+HARD_RISK_CAP(2.0%)+MAXLOSS_CAP;213057.11;213069.75;33;0
2026.08.17 00:48:37;XAUUSD;5;1786927491;PROFIT_RATCHET_LOCKED;floor=6.12 peak=14.40;MANAGE_PROFIT;SAFE;1;1;1;-1;-1;4370.07;12.64;12.64;14.40;-1.32;KELLY_LITE;true;0.04;213057.11;0.0417;KELLY_LITE(mult=1.00 taper=1.00 n=0)+HARD_RISK_CAP(2.0%)+MAXLOSS_CAP;213057.11;213069.75;33;0
2026.08.17 00:48:37;XAUUSD;5;1786927491;EXIT_TIERED_TRAIL;profit=12.64 peak=14.40 allowedRetrace=1.73;MANAGE_PROFIT;SAFE;1;1;1;-1;-1;4370.07;12.64;12.64;14.40;-1.32;KELLY_LITE;true;0.04;213057.11;0.0417;KELLY_LITE(mult=1.00 taper=1.00 n=0)+HARD_RISK_CAP(2.0%)+MAXLOSS_CAP;213057.11;213069.75;33;0
2026.08.17 00:48:37;XAUUSD;5;1786927491;POSITION_CLOSED;ticket=119574738 reason=tiered_profit_trail lots=0.04 price=4373.23 pnl=12.64;MANAGE_PROFIT;SAFE;0;1;1;-1;-1;4370.07;0.00;0.00;14.40;-1.32;KELLY_LITE;true;0.04;213057.11;0.0417;KELLY_LITE(mult=1.00 taper=1.00 n=0)+HARD_RISK_CAP(2.0%)+MAXLOSS_CAP;213070.15;213070.15;33;0
2026.08.17 00:48:38;XAUUSD;5;1786927491;PENDING_DELETED;ticket=119574785 reason=close_all_hedge;MANAGE_PROFIT;SAFE;0;0;0;-1;-1;4370.07;0.00;0.00;14.40;-1.32;KELLY_LITE;true;0.04;213057.11;0.0417;KELLY_LITE(mult=1.00 taper=1.00 n=0)+HARD_RISK_CAP(2.0%)+MAXLOSS_CAP;213070.15;213070.15;33;0
2026.08.17 00:48:38;XAUUSD;5;1786927491;CYCLE_RESET;oldState=RESET realizedPnL=13.04 peak=14.40 worst=-1.32 pyramid=0 consLosses=0;RESET;SAFE;0;0;0;-1;-1;4370.07;0.00;0.00;14.40;-1.32;KELLY_LITE;true;0.04;213057.11;0.0417;KELLY_LITE(mult=1.00 taper=1.00 n=0)+HARD_RISK_CAP(2.0%)+MAXLOSS_CAP;213070.15;213070.15;33;0
2026.08.17 00:53:38;XAUUSD;5;1786927492;PLACE_PENDING_START;cycle=1786927492 trend=0 consecLosses=0 preset=AGGRESSIVE;PLACE_PENDING;SAFE;0;0;0;-1;-1;0.00;0.00;0.00;0.00;0.00;KELLY_LITE;true;0.04;213057.11;0.0417;KELLY_LITE(mult=1.00 taper=1.00 n=0)+HARD_RISK_CAP(2.0%)+MAXLOSS_CAP;213070.15;213070.15;33;0
2026.08.17 00:53:39;XAUUSD;5;1786927492;OCO_PLACED;buy=119575092 4373.28 lot=0.04 sell=119575093 4369.81 lot=0.03 dist=1.57;WAIT_TRIGGER;SAFE;0;2;0;119575092;119575093;0.00;0.00;0.00;0.00;0.00;KELLY_LITE;true;0.04;213070.15;0.0417;KELLY_LITE(mult=1.00 taper=1.00 n=1)+HARD_RISK_CAP(2.0%)+MAXLOSS_CAP;213070.15;213070.15;33;0
2026.08.17 00:53:50;XAUUSD;5;1786927492;SELL_STOP_TRAILED;Old=4369.81 New=4370.19;WAIT_TRIGGER;SAFE;0;2;0;119575092;119575093;0.00;0.00;0.00;0.00;0.00;KELLY_LITE;true;0.04;213070.15;0.0417;KELLY_LITE(mult=1.00 taper=1.00 n=1)+HARD_RISK_CAP(2.0%)+MAXLOSS_CAP;213070.15;213070.15;33;0
2026.08.17 00:54:28;XAUUSD;5;1786927492;SELL_STOP_TRAILED;Old=4370.19 New=4370.57;WAIT_TRIGGER;SAFE;0;2;0;119575092;119575093;0.00;0.00;0.00;0.00;0.00;KELLY_LITE;true;0.04;213070.15;0.0417;KELLY_LITE(mult=1.00 taper=1.00 n=1)+HARD_RISK_CAP(2.0%)+MAXLOSS_CAP;213070.15;213070.15;33;0
2026.08.17 00:54:32;XAUUSD;5;1786927492;SELL_STOP_TRAILED;Old=4370.57 New=4370.99;WAIT_TRIGGER;SAFE;0;2;0;119575092;119575093;0.00;0.00;0.00;0.00;0.00;KELLY_LITE;true;0.04;213070.15;0.0417;KELLY_LITE(mult=1.00 taper=1.00 n=1)+HARD_RISK_CAP(2.0%)+MAXLOSS_CAP;213070.15;213070.15;33;0
2026.08.17 00:55:16;XAUUSD;5;1786927492;BUY_STOP_TRAILED;Old=4373.28 New=4372.73;WAIT_TRIGGER;SAFE;1;1;0;119575092;119575093;0.00;-0.30;-0.30;0.00;0.00;KELLY_LITE;true;0.04;213070.15;0.0417;KELLY_LITE(mult=1.00 taper=1.00 n=1)+HARD_RISK_CAP(2.0%)+MAXLOSS_CAP;213070.15;213069.85;33;0
2026.08.17 00:55:16;XAUUSD;5;1786927492;OCO_TRIGGERED_SELL;ticket=119575093 entry=4370.99;POSITION_ACTIVE;SAFE;1;1;0;119575092;-1;0.00;-0.30;-0.30;0.00;0.00;KELLY_LITE;true;0.04;213070.15;0.0417;KELLY_LITE(mult=1.00 taper=1.00 n=1)+HARD_RISK_CAP(2.0%)+MAXLOSS_CAP;213070.15;213069.85;33;0
2026.08.17 00:55:17;XAUUSD;5;1786927492;PENDING_DELETED;ticket=119575092 reason=oco_sell_triggered;POSITION_ACTIVE;SAFE;1;0;0;119575092;-1;0.00;-0.27;-0.27;0.00;0.00;KELLY_LITE;true;0.04;213070.15;0.0417;KELLY_LITE(mult=1.00 taper=1.00 n=1)+HARD_RISK_CAP(2.0%)+MAXLOSS_CAP;213070.15;213069.88;33;0
2026.08.17 00:55:17;XAUUSD;5;1786927492;HEDGE_PENDING_PLACED;dir=BUY_STOP ticket=119575146 price=4374.08 sl=4371.08 lot=0.05 mainEntry=4370.99 dist=3.00 confirmBars=1;POSITION_ACTIVE;SAFE;1;1;1;-1;-1;4370.99;0.54;0.54;0.00;-0.27;KELLY_LITE;true;0.04;213070.15;0.0417;KELLY_LITE(mult=1.00 taper=1.00 n=1)+HARD_RISK_CAP(2.0%)+MAXLOSS_CAP;213070.15;213070.69;33;0
2026.08.17 00:55:18;XAUUSD;5;1786927492;SL_MODIFIED;ticket=119575093 oldSL=4382.99 newSL=4373.66 reason=early_loss_hard_sl_leg_0;MANAGE_PROFIT;SAFE;1;1;1;-1;-1;4370.99;0.75;0.75;0.54;-0.27;KELLY_LITE;true;0.04;213070.15;0.0417;KELLY_LITE(mult=1.00 taper=1.00 n=1)+HARD_RISK_CAP(2.0%)+MAXLOSS_CAP;213070.15;213070.90;33;0
2026.08.17 01:02:48;XAUUSD;5;1786927492;RECONCILED_BROKER_CLOSE;ticket=119575093 type=main pnl=-8.01;MANAGE_PROFIT;SAFE;0;1;1;-1;-1;4370.99;0.00;0.00;7.56;-7.86;KELLY_LITE;true;0.04;213070.15;0.0417;KELLY_LITE(mult=1.00 taper=1.00 n=1)+HARD_RISK_CAP(2.0%)+MAXLOSS_CAP;213062.14;213062.14;33;0
2026.08.17 01:02:49;XAUUSD;5;1786927492;PENDING_DELETE_FAILED;ticket=119575146 reason=main_gone_hedge_pending err=3;WAIT_TRIGGER;SAFE;1;0;1;-1;-1;4370.99;0.85;-1.00;7.56;-7.86;KELLY_LITE;true;0.04;213070.15;0.0417;KELLY_LITE(mult=1.00 taper=1.00 n=1)+HARD_RISK_CAP(2.0%)+MAXLOSS_CAP;213062.14;213062.99;37;0
2026.08.17 01:02:49;XAUUSD;5;1786927492;HEDGE_PENDING_CLEANUP;main_position_gone;WAIT_TRIGGER;SAFE;1;0;1;-1;-1;4370.99;0.85;-1.00;7.56;-7.86;KELLY_LITE;true;0.04;213070.15;0.0417;KELLY_LITE(mult=1.00 taper=1.00 n=1)+HARD_RISK_CAP(2.0%)+MAXLOSS_CAP;213062.14;213062.99;37;0
2026.08.17 01:04:43;XAUUSD;5;1786927492;SL_MODIFIED;ticket=119575146 oldSL=4371.08 newSL=4374.87 reason=break_even_lock_leg_0 (retry buf=3pt);MANAGE_PROFIT;SAFE;1;0;1;-1;-1;4370.99;8.15;8.15;8.15;-8.15;KELLY_LITE;true;0.04;213070.15;0.0417;KELLY_LITE(mult=1.00 taper=1.00 n=1)+HARD_RISK_CAP(2.0%)+MAXLOSS_CAP;213062.14;213070.29;33;0
2026.08.17 01:04:43;XAUUSD;5;1786927492;PROFIT_RATCHET_LOCKED;floor=3.46 peak=8.15;MANAGE_PROFIT;SAFE;1;0;1;-1;-1;4370.99;8.15;8.15;8.15;-8.15;KELLY_LITE;true;0.04;213070.15;0.0417;KELLY_LITE(mult=1.00 taper=1.00 n=1)+HARD_RISK_CAP(2.0%)+MAXLOSS_CAP;213062.14;213070.29;33;0
2026.08.17 01:04:44;XAUUSD;5;1786927492;SL_MODIFIED;ticket=119575146 oldSL=4374.87 newSL=4375.19 reason=break_even_lock_leg_0;MANAGE_PROFIT;SAFE;1;0;1;-1;-1;4370.99;8.25;8.25;8.15;-8.15;KELLY_LITE;true;0.04;213070.15;0.0417;KELLY_LITE(mult=1.00 taper=1.00 n=1)+HARD_RISK_CAP(2.0%)+MAXLOSS_CAP;213062.14;213070.39;33;0
2026.08.17 01:04:44;XAUUSD;5;1786927492;PROFIT_RATCHET_LOCKED;floor=3.46 peak=8.15;MANAGE_PROFIT;SAFE;1;0;1;-1;-1;4370.99;8.25;8.25;8.15;-8.15;KELLY_LITE;true;0.04;213070.15;0.0417;KELLY_LITE(mult=1.00 taper=1.00 n=1)+HARD_RISK_CAP(2.0%)+MAXLOSS_CAP;213062.14;213070.39;33;0
2026.08.17 01:04:44;XAUUSD;5;1786927492;SL_MODIFIED;ticket=119575146 oldSL=4375.19 newSL=4375.21 reason=break_even_lock_leg_0;MANAGE_PROFIT;SAFE;1;0;1;-1;-1;4370.99;8.25;8.25;8.25;-8.15;KELLY_LITE;true;0.04;213070.15;0.0417;KELLY_LITE(mult=1.00 taper=1.00 n=1)+HARD_RISK_CAP(2.0%)+MAXLOSS_CAP;213062.14;213070.39;33;0
2026.08.17 01:04:44;XAUUSD;5;1786927492;PROFIT_RATCHET_LOCKED;floor=3.51 peak=8.25;MANAGE_PROFIT;SAFE;1;0;1;-1;-1;4370.99;8.25;8.25;8.25;-8.15;KELLY_LITE;true;0.04;213070.15;0.0417;KELLY_LITE(mult=1.00 taper=1.00 n=1)+HARD_RISK_CAP(2.0%)+MAXLOSS_CAP;213062.14;213070.39;33;0
2026.08.17 01:04:45;XAUUSD;5;1786927492;SL_MODIFY_FAILED;ticket=119575146 newSL=4375.26 reason=break_even_lock_leg_0 err=0;MANAGE_PROFIT;SAFE;0;0;1;-1;-1;4370.99;0.00;0.00;8.50;-8.15;KELLY_LITE;true;0.04;213070.15;0.0417;KELLY_LITE(mult=1.00 taper=1.00 n=1)+HARD_RISK_CAP(2.0%)+MAXLOSS_CAP;213067.79;213067.79;37;0
2026.08.17 01:04:45;XAUUSD;5;1786927492;LOSS_COOLDOWN_AFTER_LOSS;cyclePnL=-2.36 pauseUntil=2026.08.17 01:09:45;MANAGE_PROFIT;SAFE;0;0;1;-1;-1;4370.99;0.00;0.00;8.50;-8.15;KELLY_LITE;true;0.04;213070.15;0.0417;KELLY_LITE(mult=1.00 taper=1.00 n=1)+HARD_RISK_CAP(2.0%)+MAXLOSS_CAP;213067.79;213067.79;37;0
2026.08.17 01:04:45;XAUUSD;5;1786927492;CYCLE_RESET;oldState=MANAGE_PROFIT realizedPnL=-2.36 peak=8.50 worst=-8.15 pyramid=1 consLosses=1;MANAGE_PROFIT;SAFE;0;0;1;-1;-1;4370.99;0.00;0.00;8.50;-8.15;KELLY_LITE;true;0.04;213070.15;0.0417;KELLY_LITE(mult=1.00 taper=1.00 n=1)+HARD_RISK_CAP(2.0%)+MAXLOSS_CAP;213067.79;213067.79;37;0
2026.08.17 01:04:46;XAUUSD;5;1786927492;TRADELOG_RECOVER_CLOSE;ticket=119575146 type=hedge pnl=5.65;BLOCKED;SAFE;0;0;0;-1;-1;0.00;0.00;0.00;0.00;0.00;KELLY_LITE;true;0.04;213070.15;0.0417;KELLY_LITE(mult=1.00 taper=1.00 n=1)+HARD_RISK_CAP(2.0%)+MAXLOSS_CAP;213067.79;213067.79;33;0
2026.08.17 01:09:45;XAUUSD;5;1786927493;PLACE_PENDING_START;cycle=1786927493 trend=0 consecLosses=1 preset=AGGRESSIVE;PLACE_PENDING;SAFE;0;0;0;-1;-1;0.00;0.00;0.00;0.00;0.00;KELLY_LITE;true;0.04;213070.15;0.0417;KELLY_LITE(mult=1.00 taper=1.00 n=1)+HARD_RISK_CAP(2.0%)+MAXLOSS_CAP;213067.79;213067.79;33;0
2026.08.17 01:09:46;XAUUSD;5;1786927493;OCO_PLACED;buy=119576132 4374.49 lot=0.04 sell=119576133 4370.88 lot=0.03 dist=1.64;WAIT_TRIGGER;SAFE;0;2;0;119576132;119576133;0.00;0.00;0.00;0.00;0.00;KELLY_LITE;true;0.04;213067.79;0.0417;KELLY_LITE(mult=1.00 taper=1.00 n=2)+HARD_RISK_CAP(2.0%)+MAXLOSS_CAP;213067.79;213067.79;33;0
2026.08.17 01:09:51;XAUUSD;5;1786927493;BUY_STOP_TRAILED;Old=4374.49 New=4374.18;WAIT_TRIGGER;SAFE;0;2;0;119576132;119576133;0.00;0.00;0.00;0.00;0.00;KELLY_LITE;true;0.04;213067.79;0.0417;KELLY_LITE(mult=1.00 taper=1.00 n=2)+HARD_RISK_CAP(2.0%)+MAXLOSS_CAP;213067.79;213067.79;33;0
2026.08.17 01:10:03;XAUUSD;5;1786927493;SELL_STOP_TRAILED;Old=4370.88 New=4371.23;WAIT_TRIGGER;SAFE;0;2;0;119576132;119576133;0.00;0.00;0.00;0.00;0.00;KELLY_LITE;true;0.04;213067.79;0.0417;KELLY_LITE(mult=1.00 taper=1.00 n=2)+HARD_RISK_CAP(2.0%)+MAXLOSS_CAP;213067.79;213067.79;33;0
2026.08.17 01:10:12;XAUUSD;5;1786927493;SELL_STOP_TRAILED;Old=4371.23 New=4371.83;WAIT_TRIGGER;SAFE;0;2;0;119576132;119576133;0.00;0.00;0.00;0.00;0.00;KELLY_LITE;true;0.04;213067.79;0.0417;KELLY_LITE(mult=1.00 taper=1.00 n=2)+HARD_RISK_CAP(2.0%)+MAXLOSS_CAP;213067.79;213067.79;33;0
2026.08.17 01:10:13;XAUUSD;5;1786927493;SELL_STOP_TRAILED;Old=4371.83 New=4372.16;WAIT_TRIGGER;SAFE;0;2;0;119576132;119576133;0.00;0.00;0.00;0.00;0.00;KELLY_LITE;true;0.04;213067.79;0.0417;KELLY_LITE(mult=1.00 taper=1.00 n=2)+HARD_RISK_CAP(2.0%)+MAXLOSS_CAP;213067.79;213067.79;33;0
2026.08.17 01:10:17;XAUUSD;5;1786927493;OCO_TRIGGERED_BUY;ticket=119576132 entry=4374.18;POSITION_ACTIVE;SAFE;1;1;0;-1;119576133;0.00;-0.88;-0.88;0.00;0.00;KELLY_LITE;true;0.04;213067.79;0.0417;KELLY_LITE(mult=1.00 taper=1.00 n=2)+HARD_RISK_CAP(2.0%)+MAXLOSS_CAP;213067.79;213066.91;33;0
2026.08.17 01:10:18;XAUUSD;5;1786927493;PENDING_DELETED;ticket=119576133 reason=oco_buy_triggered;POSITION_ACTIVE;SAFE;1;0;0;-1;119576133;0.00;-0.84;-0.84;0.00;0.00;KELLY_LITE;true;0.04;213067.79;0.0417;KELLY_LITE(mult=1.00 taper=1.00 n=2)+HARD_RISK_CAP(2.0%)+MAXLOSS_CAP;213067.79;213066.95;33;0
2026.08.17 01:10:18;XAUUSD;5;1786927493;HEDGE_PENDING_PLACED;dir=SELL_STOP ticket=119576183 price=4370.97 sl=4373.97 lot=0.05 mainEntry=4374.18 dist=3.00 confirmBars=1;POSITION_ACTIVE;SAFE;1;1;1;-1;-1;4374.18;-1.00;-1.00;0.00;-0.84;KELLY_LITE;true;0.04;213067.79;0.0417;KELLY_LITE(mult=1.00 taper=1.00 n=2)+HARD_RISK_CAP(2.0%)+MAXLOSS_CAP;213067.79;213066.79;33;0
2026.08.17 01:10:18;XAUUSD;5;1786927493;SL_MODIFIED;ticket=119576132 oldSL=4362.18 newSL=4372.18 reason=early_loss_hard_sl_leg_0;MANAGE_PROFIT;SAFE;1;1;1;-1;-1;4374.18;-0.80;-0.80;0.00;-1.00;KELLY_LITE;true;0.04;213067.79;0.0417;KELLY_LITE(mult=1.00 taper=1.00 n=2)+HARD_RISK_CAP(2.0%)+MAXLOSS_CAP;213067.79;213066.99;33;0
2026.08.17 01:11:07;XAUUSD;5;1786927493;SL_MODIFIED;ticket=119576132 oldSL=4372.18 newSL=4375.68 reason=break_even_lock_leg_0;MANAGE_PROFIT;SAFE;1;1;1;-1;-1;4374.18;9.16;9.16;8.08;-1.00;KELLY_LITE;true;0.04;213067.79;0.0417;KELLY_LITE(mult=1.00 taper=1.00 n=2)+HARD_RISK_CAP(2.0%)+MAXLOSS_CAP;213067.79;213076.95;37;0
2026.08.17 01:11:07;XAUUSD;5;1786927493;PROFIT_RATCHET_LOCKED;floor=3.43 peak=8.08;MANAGE_PROFIT;SAFE;1;1;1;-1;-1;4374.18;9.16;9.16;8.08;-1.00;KELLY_LITE;true;0.04;213067.79;0.0417;KELLY_LITE(mult=1.00 taper=1.00 n=2)+HARD_RISK_CAP(2.0%)+MAXLOSS_CAP;213067.79;213076.95;37;0
2026.08.17 01:11:07;XAUUSD;5;1786927493;SL_MODIFIED;ticket=119576132 oldSL=4375.68 newSL=4375.95 reason=break_even_lock_leg_0;MANAGE_PROFIT;SAFE;1;1;1;-1;-1;4374.18;9.32;9.32;9.16;-1.00;KELLY_LITE;true;0.04;213067.79;0.0417;KELLY_LITE(mult=1.00 taper=1.00 n=2)+HARD_RISK_CAP(2.0%)+MAXLOSS_CAP;213067.79;213077.11;33;0
2026.08.17 01:11:07;XAUUSD;5;1786927493;PROFIT_RATCHET_LOCKED;floor=3.89 peak=9.16;MANAGE_PROFIT;SAFE;1;1;1;-1;-1;4374.18;9.32;9.32;9.16;-1.00;KELLY_LITE;true;0.04;213067.79;0.0417;KELLY_LITE(mult=1.00 taper=1.00 n=2)+HARD_RISK_CAP(2.0%)+MAXLOSS_CAP;213067.79;213077.11;33;0
2026.08.17 01:11:08;XAUUSD;5;1786927493;SL_MODIFIED;ticket=119576132 oldSL=4375.95 newSL=4375.99 reason=break_even_lock_leg_0;MANAGE_PROFIT;SAFE;1;1;1;-1;-1;4374.18;9.40;9.40;9.32;-1.00;KELLY_LITE;true;0.04;213067.79;0.0417;KELLY_LITE(mult=1.00 taper=1.00 n=2)+HARD_RISK_CAP(2.0%)+MAXLOSS_CAP;213067.79;213077.19;33;0
2026.08.17 01:11:08;XAUUSD;5;1786927493;PROFIT_RATCHET_LOCKED;floor=3.96 peak=9.32;MANAGE_PROFIT;SAFE;1;1;1;-1;-1;4374.18;9.40;9.40;9.32;-1.00;KELLY_LITE;true;0.04;213067.79;0.0417;KELLY_LITE(mult=1.00 taper=1.00 n=2)+HARD_RISK_CAP(2.0%)+MAXLOSS_CAP;213067.79;213077.19;33;0
2026.08.17 01:11:08;XAUUSD;5;1786927493;SL_MODIFIED;ticket=119576132 oldSL=4375.99 newSL=4376.01 reason=break_even_lock_leg_0;MANAGE_PROFIT;SAFE;1;1;1;-1;-1;4374.18;9.32;9.32;9.40;-1.00;KELLY_LITE;true;0.04;213067.79;0.0417;KELLY_LITE(mult=1.00 taper=1.00 n=2)+HARD_RISK_CAP(2.0%)+MAXLOSS_CAP;213067.79;213077.11;33;0
2026.08.17 01:11:08;XAUUSD;5;1786927493;PROFIT_RATCHET_LOCKED;floor=4.00 peak=9.40;MANAGE_PROFIT;SAFE;1;1;1;-1;-1;4374.18;9.32;9.32;9.40;-1.00;KELLY_LITE;true;0.04;213067.79;0.0417;KELLY_LITE(mult=1.00 taper=1.00 n=2)+HARD_RISK_CAP(2.0%)+MAXLOSS_CAP;213067.79;213077.11;33;0
2026.08.17 01:11:08;XAUUSD;5;1786927493;PROFIT_RATCHET_LOCKED;floor=4.00 peak=9.40;MANAGE_PROFIT;SAFE;1;1;1;-1;-1;4374.18;9.32;9.32;9.40;-1.00;KELLY_LITE;true;0.04;213067.79;0.0417;KELLY_LITE(mult=1.00 taper=1.00 n=2)+HARD_RISK_CAP(2.0%)+MAXLOSS_CAP;213067.79;213077.11;33;0
2026.08.17 01:11:08;XAUUSD;5;1786927493;PROFIT_RATCHET_LOCKED;floor=4.01 peak=9.44;MANAGE_PROFIT;SAFE;1;1;1;-1;-1;4374.18;9.44;9.44;9.44;-1.00;KELLY_LITE;true;0.04;213067.79;0.0417;KELLY_LITE(mult=1.00 taper=1.00 n=2)+HARD_RISK_CAP(2.0%)+MAXLOSS_CAP;213067.79;213077.23;33;0
2026.08.17 01:11:09;XAUUSD;5;1786927493;PROFIT_RATCHET_LOCKED;floor=4.03 peak=9.48;MANAGE_PROFIT;SAFE;1;1;1;-1;-1;4374.18;9.48;9.48;9.48;-1.00;KELLY_LITE;true;0.04;213067.79;0.0417;KELLY_LITE(mult=1.00 taper=1.00 n=2)+HARD_RISK_CAP(2.0%)+MAXLOSS_CAP;213067.79;213077.27;33;0
2026.08.17 01:11:09;XAUUSD;5;1786927493;PROFIT_RATCHET_LOCKED;floor=4.03 peak=9.48;MANAGE_PROFIT;SAFE;1;1;1;-1;-1;4374.18;9.32;9.32;9.48;-1.00;KELLY_LITE;true;0.04;213067.79;0.0417;KELLY_LITE(mult=1.00 taper=1.00 n=2)+HARD_RISK_CAP(2.0%)+MAXLOSS_CAP;213067.79;213077.11;33;0
2026.08.17 01:11:09;XAUUSD;5;1786927493;PROFIT_RATCHET_LOCKED;floor=4.03 peak=9.48;MANAGE_PROFIT;SAFE;1;1;1;-1;-1;4374.18;9.44;9.44;9.48;-1.00;KELLY_LITE;true;0.04;213067.79;0.0417;KELLY_LITE(mult=1.00 taper=1.00 n=2)+HARD_RISK_CAP(2.0%)+MAXLOSS_CAP;213067.79;213077.23;33;0
2026.08.17 01:11:10;XAUUSD;5;1786927493;SL_MODIFIED;ticket=119576132 oldSL=4376.01 newSL=4376.05 reason=break_even_lock_leg_0;MANAGE_PROFIT;SAFE;1;1;1;-1;-1;4374.18;11.28;11.28;9.56;-1.00;KELLY_LITE;true;0.04;213067.79;0.0417;KELLY_LITE(mult=1.00 taper=1.00 n=2)+HARD_RISK_CAP(2.0%)+MAXLOSS_CAP;213067.79;213079.07;33;0
2026.08.17 01:11:10;XAUUSD;5;1786927493;PROFIT_RATCHET_LOCKED;floor=4.06 peak=9.56;MANAGE_PROFIT;SAFE;1;1;1;-1;-1;4374.18;11.28;11.28;9.56;-1.00;KELLY_LITE;true;0.04;213067.79;0.0417;KELLY_LITE(mult=1.00 taper=1.00 n=2)+HARD_RISK_CAP(2.0%)+MAXLOSS_CAP;213067.79;213079.07;33;0
2026.08.17 01:11:11;XAUUSD;5;1786927493;SL_MODIFIED;ticket=119576132 oldSL=4376.05 newSL=4376.48 reason=break_even_lock_leg_0;MANAGE_PROFIT;SAFE;1;1;1;-1;-1;4374.18;11.32;11.32;11.28;-1.00;KELLY_LITE;true;0.04;213067.79;0.0417;KELLY_LITE(mult=1.00 taper=1.00 n=2)+HARD_RISK_CAP(2.0%)+MAXLOSS_CAP;213067.79;213079.11;33;0
2026.08.17 01:11:11;XAUUSD;5;1786927493;PROFIT_RATCHET_LOCKED;floor=4.79 peak=11.28;MANAGE_PROFIT;SAFE;1;1;1;-1;-1;4374.18;11.32;11.32;11.28;-1.00;KELLY_LITE;true;0.04;213067.79;0.0417;KELLY_LITE(mult=1.00 taper=1.00 n=2)+HARD_RISK_CAP(2.0%)+MAXLOSS_CAP;213067.79;213079.11;33;0
2026.08.17 01:11:11;XAUUSD;5;1786927493;PROFIT_RATCHET_LOCKED;floor=4.81 peak=11.32;MANAGE_PROFIT;SAFE;1;1;1;-1;-1;4374.18;11.32;11.32;11.32;-1.00;KELLY_LITE;true;0.04;213067.79;0.0417;KELLY_LITE(mult=1.00 taper=1.00 n=2)+HARD_RISK_CAP(2.0%)+MAXLOSS_CAP;213067.79;213079.11;33;0
2026.08.17 01:11:11;XAUUSD;5;1786927493;SL_MODIFY_FAILED;ticket=119576132 newSL=4376.52 reason=break_even_lock_leg_0 err=0;MANAGE_PROFIT;SAFE;1;1;1;-1;-1;4374.18;11.00;11.00;11.44;-1.00;KELLY_LITE;true;0.04;213067.79;0.0417;KELLY_LITE(mult=1.00 taper=1.00 n=2)+HARD_RISK_CAP(2.0%)+MAXLOSS_CAP;213067.79;213078.79;33;0
2026.08.17 01:11:11;XAUUSD;5;1786927493;PROFIT_RATCHET_LOCKED;floor=4.86 peak=11.44;MANAGE_PROFIT;SAFE;1;1;1;-1;-1;4374.18;11.00;11.00;11.44;-1.00;KELLY_LITE;true;0.04;213067.79;0.0417;KELLY_LITE(mult=1.00 taper=1.00 n=2)+HARD_RISK_CAP(2.0%)+MAXLOSS_CAP;213067.79;213078.79;33;0
2026.08.17 01:11:11;XAUUSD;5;1786927493;PROFIT_RATCHET_LOCKED;floor=4.86 peak=11.44;MANAGE_PROFIT;SAFE;1;1;1;-1;-1;4374.18;11.00;11.00;11.44;-1.00;KELLY_LITE;true;0.04;213067.79;0.0417;KELLY_LITE(mult=1.00 taper=1.00 n=2)+HARD_RISK_CAP(2.0%)+MAXLOSS_CAP;213067.79;213078.79;33;0
2026.08.17 01:11:11;XAUUSD;5;1786927493;PROFIT_RATCHET_LOCKED;floor=4.86 peak=11.44;MANAGE_PROFIT;SAFE;1;1;1;-1;-1;4374.18;11.04;11.04;11.44;-1.00;KELLY_LITE;true;0.04;213067.79;0.0417;KELLY_LITE(mult=1.00 taper=1.00 n=2)+HARD_RISK_CAP(2.0%)+MAXLOSS_CAP;213067.79;213078.83;33;0
2026.08.17 01:11:11;XAUUSD;5;1786927493;PROFIT_RATCHET_LOCKED;floor=4.86 peak=11.44;MANAGE_PROFIT;SAFE;1;1;1;-1;-1;4374.18;11.20;11.20;11.44;-1.00;KELLY_LITE;true;0.04;213067.79;0.0417;KELLY_LITE(mult=1.00 taper=1.00 n=2)+HARD_RISK_CAP(2.0%)+MAXLOSS_CAP;213067.79;213078.99;33;0
2026.08.17 01:11:12;XAUUSD;5;1786927493;PROFIT_RATCHET_LOCKED;floor=4.86 peak=11.44;MANAGE_PROFIT;SAFE;1;1;1;-1;-1;4374.18;11.24;11.24;11.44;-1.00;KELLY_LITE;true;0.04;213067.79;0.0417;KELLY_LITE(mult=1.00 taper=1.00 n=2)+HARD_RISK_CAP(2.0%)+MAXLOSS_CAP;213067.79;213079.03;33;0
2026.08.17 01:11:12;XAUUSD;5;1786927493;PROFIT_RATCHET_LOCKED;floor=4.88 peak=11.48;MANAGE_PROFIT;SAFE;1;1;1;-1;-1;4374.18;10.44;10.44;11.48;-1.00;KELLY_LITE;true;0.04;213067.79;0.0417;KELLY_LITE(mult=1.00 taper=1.00 n=2)+HARD_RISK_CAP(2.0%)+MAXLOSS_CAP;213067.79;213078.23;33;0
2026.08.17 01:11:12;XAUUSD;5;1786927493;PROFIT_RATCHET_LOCKED;floor=4.88 peak=11.48;MANAGE_PROFIT;SAFE;1;1;1;-1;-1;4374.18;10.44;10.44;11.48;-1.00;KELLY_LITE;true;0.04;213067.79;0.0417;KELLY_LITE(mult=1.00 taper=1.00 n=2)+HARD_RISK_CAP(2.0%)+MAXLOSS_CAP;213067.79;213078.23;33;0
2026.08.17 01:11:12;XAUUSD;5;1786927493;PROFIT_RATCHET_LOCKED;floor=4.88 peak=11.48;MANAGE_PROFIT;SAFE;1;1;1;-1;-1;4374.18;10.76;10.76;11.48;-1.00;KELLY_LITE;true;0.04;213067.79;0.0417;KELLY_LITE(mult=1.00 taper=1.00 n=2)+HARD_RISK_CAP(2.0%)+MAXLOSS_CAP;213067.79;213078.55;33;0
2026.08.17 01:11:13;XAUUSD;5;1786927493;PROFIT_RATCHET_LOCKED;floor=4.88 peak=11.48;MANAGE_PROFIT;SAFE;1;1;1;-1;-1;4374.18;10.80;10.80;11.48;-1.00;KELLY_LITE;true;0.04;213067.79;0.0417;KELLY_LITE(mult=1.00 taper=1.00 n=2)+HARD_RISK_CAP(2.0%)+MAXLOSS_CAP;213067.79;213078.59;33;0
2026.08.17 01:11:13;XAUUSD;5;1786927493;PROFIT_RATCHET_LOCKED;floor=4.88 peak=11.48;MANAGE_PROFIT;SAFE;1;1;1;-1;-1;4374.18;10.84;10.84;11.48;-1.00;KELLY_LITE;true;0.04;213067.79;0.0417;KELLY_LITE(mult=1.00 taper=1.00 n=2)+HARD_RISK_CAP(2.0%)+MAXLOSS_CAP;213067.79;213078.63;33;0
2026.08.17 01:11:13;XAUUSD;5;1786927493;PROFIT_RATCHET_LOCKED;floor=4.88 peak=11.48;MANAGE_PROFIT;SAFE;1;1;1;-1;-1;4374.18;10.72;10.72;11.48;-1.00;KELLY_LITE;true;0.04;213067.79;0.0417;KELLY_LITE(mult=1.00 taper=1.00 n=2)+HARD_RISK_CAP(2.0%)+MAXLOSS_CAP;213067.79;213078.51;33;0
2026.08.17 01:11:14;XAUUSD;5;1786927493;PROFIT_RATCHET_LOCKED;floor=4.88 peak=11.48;MANAGE_PROFIT;SAFE;1;1;1;-1;-1;4374.18;10.88;10.88;11.48;-1.00;KELLY_LITE;true;0.04;213067.79;0.0417;KELLY_LITE(mult=1.00 taper=1.00 n=2)+HARD_RISK_CAP(2.0%)+MAXLOSS_CAP;213067.79;213078.67;33;0
2026.08.17 01:11:14;XAUUSD;5;1786927493;PROFIT_RATCHET_LOCKED;floor=4.88 peak=11.48;MANAGE_PROFIT;SAFE;1;1;1;-1;-1;4374.18;11.20;11.20;11.48;-1.00;KELLY_LITE;true;0.04;213067.79;0.0417;KELLY_LITE(mult=1.00 taper=1.00 n=2)+HARD_RISK_CAP(2.0%)+MAXLOSS_CAP;213067.79;213078.99;33;0
2026.08.17 01:11:15;XAUUSD;5;1786927493;SL_MODIFIED;ticket=119576132 oldSL=4376.48 newSL=4376.79 reason=break_even_lock_leg_0;MANAGE_PROFIT;SAFE;1;1;1;-1;-1;4374.18;12.64;12.64;12.52;-1.00;KELLY_LITE;true;0.04;213067.79;0.0417;KELLY_LITE(mult=1.00 taper=1.00 n=2)+HARD_RISK_CAP(2.0%)+MAXLOSS_CAP;213067.79;213080.43;33;0
2026.08.17 01:11:15;XAUUSD;5;1786927493;PROFIT_RATCHET_LOCKED;floor=5.32 peak=12.52;MANAGE_PROFIT;SAFE;1;1;1;-1;-1;4374.18;12.64;12.64;12.52;-1.00;KELLY_LITE;true;0.04;213067.79;0.0417;KELLY_LITE(mult=1.00 taper=1.00 n=2)+HARD_RISK_CAP(2.0%)+MAXLOSS_CAP;213067.79;213080.43;33;0
2026.08.17 01:11:15;XAUUSD;5;1786927493;SL_MODIFIED;ticket=119576132 oldSL=4376.79 newSL=4376.82 reason=break_even_lock_leg_0;MANAGE_PROFIT;SAFE;1;1;1;-1;-1;4374.18;12.84;12.56;12.64;-1.00;KELLY_LITE;true;0.04;213067.79;0.0417;KELLY_LITE(mult=1.00 taper=1.00 n=2)+HARD_RISK_CAP(2.0%)+MAXLOSS_CAP;213067.79;213080.63;33;0
2026.08.17 01:11:15;XAUUSD;5;1786927493;PROFIT_RATCHET_LOCKED;floor=5.37 peak=12.64;MANAGE_PROFIT;SAFE;1;1;1;-1;-1;4374.18;12.84;12.56;12.64;-1.00;KELLY_LITE;true;0.04;213067.79;0.0417;KELLY_LITE(mult=1.00 taper=1.00 n=2)+HARD_RISK_CAP(2.0%)+MAXLOSS_CAP;213067.79;213080.63;33;0
2026.08.17 01:11:15;XAUUSD;5;1786927493;PROFIT_RATCHET_LOCKED;floor=5.46 peak=12.84;MANAGE_PROFIT;SAFE;1;1;1;-1;-1;4374.18;12.84;12.56;12.84;-1.00;KELLY_LITE;true;0.04;213067.79;0.0417;KELLY_LITE(mult=1.00 taper=1.00 n=2)+HARD_RISK_CAP(2.0%)+MAXLOSS_CAP;213067.79;213080.63;33;0
2026.08.17 01:11:16;XAUUSD;5;1786927493;SL_MODIFIED;ticket=119576132 oldSL=4376.82 newSL=4376.85 reason=break_even_lock_leg_0;MANAGE_PROFIT;SAFE;1;1;1;-1;-1;4374.18;12.76;12.76;12.84;-1.00;KELLY_LITE;true;0.04;213067.79;0.0417;KELLY_LITE(mult=1.00 taper=1.00 n=2)+HARD_RISK_CAP(2.0%)+MAXLOSS_CAP;213067.79;213080.55;33;0
2026.08.17 01:11:16;XAUUSD;5;1786927493;PROFIT_RATCHET_LOCKED;floor=5.46 peak=12.84;MANAGE_PROFIT;SAFE;1;1;1;-1;-1;4374.18;12.76;12.76;12.84;-1.00;KELLY_LITE;true;0.04;213067.79;0.0417;KELLY_LITE(mult=1.00 taper=1.00 n=2)+HARD_RISK_CAP(2.0%)+MAXLOSS_CAP;213067.79;213080.55;33;0
2026.08.17 01:11:17;XAUUSD;5;1786927493;SL_MODIFIED;ticket=119576132 oldSL=4376.85 newSL=4376.99 reason=break_even_lock_leg_0;MANAGE_PROFIT;SAFE;1;1;1;-1;-1;4374.18;14.08;14.08;13.32;-1.00;KELLY_LITE;true;0.04;213067.79;0.0417;KELLY_LITE(mult=1.00 taper=1.00 n=2)+HARD_RISK_CAP(2.0%)+MAXLOSS_CAP;213067.79;213081.87;33;0
2026.08.17 01:11:17;XAUUSD;5;1786927493;PROFIT_RATCHET_LOCKED;floor=5.66 peak=13.32;MANAGE_PROFIT;SAFE;1;1;1;-1;-1;4374.18;14.08;14.08;13.32;-1.00;KELLY_LITE;true;0.04;213067.79;0.0417;KELLY_LITE(mult=1.00 taper=1.00 n=2)+HARD_RISK_CAP(2.0%)+MAXLOSS_CAP;213067.79;213081.87;33;0
2026.08.17 01:11:17;XAUUSD;5;1786927493;SL_MODIFIED;ticket=119576132 oldSL=4376.99 newSL=4377.18 reason=break_even_lock_leg_0;MANAGE_PROFIT;SAFE;1;1;1;-1;-1;4374.18;14.12;14.12;14.08;-1.00;KELLY_LITE;true;0.04;213067.79;0.0417;KELLY_LITE(mult=1.00 taper=1.00 n=2)+HARD_RISK_CAP(2.0%)+MAXLOSS_CAP;213067.79;213081.91;33;0
2026.08.17 01:11:17;XAUUSD;5;1786927493;PROFIT_RATCHET_LOCKED;floor=5.98 peak=14.08;MANAGE_PROFIT;SAFE;1;1;1;-1;-1;4374.18;14.12;14.12;14.08;-1.00;KELLY_LITE;true;0.04;213067.79;0.0417;KELLY_LITE(mult=1.00 taper=1.00 n=2)+HARD_RISK_CAP(2.0%)+MAXLOSS_CAP;213067.79;213081.91;33;0
2026.08.17 01:11:17;XAUUSD;5;1786927493;PROFIT_RATCHET_LOCKED;floor=6.00 peak=14.12;MANAGE_PROFIT;SAFE;1;1;1;-1;-1;4374.18;14.12;14.12;14.12;-1.00;KELLY_LITE;true;0.04;213067.79;0.0417;KELLY_LITE(mult=1.00 taper=1.00 n=2)+HARD_RISK_CAP(2.0%)+MAXLOSS_CAP;213067.79;213081.91;33;0
2026.08.17 01:11:18;XAUUSD;5;1786927493;SL_MODIFIED;ticket=119576132 oldSL=4377.18 newSL=4377.30 reason=break_even_lock_leg_0;MANAGE_PROFIT;SAFE;1;1;1;-1;-1;4374.18;14.56;14.56;14.56;-1.00;KELLY_LITE;true;0.04;213067.79;0.0417;KELLY_LITE(mult=1.00 taper=1.00 n=2)+HARD_RISK_CAP(2.0%)+MAXLOSS_CAP;213067.79;213082.35;33;0
2026.08.17 01:11:18;XAUUSD;5;1786927493;PROFIT_RATCHET_LOCKED;floor=6.19 peak=14.56;MANAGE_PROFIT;SAFE;1;1;1;-1;-1;4374.18;14.56;14.56;14.56;-1.00;KELLY_LITE;true;0.04;213067.79;0.0417;KELLY_LITE(mult=1.00 taper=1.00 n=2)+HARD_RISK_CAP(2.0%)+MAXLOSS_CAP;213067.79;213082.35;33;0
2026.08.17 01:11:18;XAUUSD;5;1786927493;PROFIT_RATCHET_LOCKED;floor=6.19 peak=14.56;MANAGE_PROFIT;SAFE;1;1;1;-1;-1;4374.18;14.56;14.56;14.56;-1.00;KELLY_LITE;true;0.04;213067.79;0.0417;KELLY_LITE(mult=1.00 taper=1.00 n=2)+HARD_RISK_CAP(2.0%)+MAXLOSS_CAP;213067.79;213082.35;33;0
2026.08.17 01:11:19;XAUUSD;5;1786927493;SL_MODIFIED;ticket=119576132 oldSL=4377.30 newSL=4377.37 reason=break_even_lock_leg_0;MANAGE_PROFIT;SAFE;1;1;1;-1;-1;4374.18;14.96;14.96;14.84;-1.00;KELLY_LITE;true;0.04;213067.79;0.0417;KELLY_LITE(mult=1.00 taper=1.00 n=2)+HARD_RISK_CAP(2.0%)+MAXLOSS_CAP;213067.79;213082.75;33;0
2026.08.17 01:11:19;XAUUSD;5;1786927493;PROFIT_RATCHET_LOCKED;floor=6.31 peak=14.84;MANAGE_PROFIT;SAFE;1;1;1;-1;-1;4374.18;14.96;14.96;14.84;-1.00;KELLY_LITE;true;0.04;213067.79;0.0417;KELLY_LITE(mult=1.00 taper=1.00 n=2)+HARD_RISK_CAP(2.0%)+MAXLOSS_CAP;213067.79;213082.75;33;0
2026.08.17 01:11:19;XAUUSD;5;1786927493;SL_MODIFIED;ticket=119576132 oldSL=4377.37 newSL=4377.40 reason=break_even_lock_leg_0;MANAGE_PROFIT;SAFE;1;1;1;-1;-1;4374.18;16.48;16.48;14.96;-1.00;KELLY_LITE;true;0.04;213067.79;0.0417;KELLY_LITE(mult=1.00 taper=1.00 n=2)+HARD_RISK_CAP(2.0%)+MAXLOSS_CAP;213067.79;213084.27;33;0
2026.08.17 01:11:19;XAUUSD;5;1786927493;PROFIT_RATCHET_LOCKED;floor=6.36 peak=14.96;MANAGE_PROFIT;SAFE;1;1;1;-1;-1;4374.18;16.48;16.48;14.96;-1.00;KELLY_LITE;true;0.04;213067.79;0.0417;KELLY_LITE(mult=1.00 taper=1.00 n=2)+HARD_RISK_CAP(2.0%)+MAXLOSS_CAP;213067.79;213084.27;33;0
2026.08.17 01:11:20;XAUUSD;5;1786927493;SL_MODIFIED;ticket=119576132 oldSL=4377.40 newSL=4377.78 reason=break_even_lock_leg_0;MANAGE_PROFIT;SAFE;1;1;1;-1;-1;4374.18;16.68;16.68;16.48;-1.00;KELLY_LITE;true;0.04;213067.79;0.0417;KELLY_LITE(mult=1.00 taper=1.00 n=2)+HARD_RISK_CAP(2.0%)+MAXLOSS_CAP;213067.79;213084.47;33;0
2026.08.17 01:11:20;XAUUSD;5;1786927493;PROFIT_RATCHET_LOCKED;floor=7.00 peak=16.48;MANAGE_PROFIT;SAFE;1;1;1;-1;-1;4374.18;16.68;16.68;16.48;-1.00;KELLY_LITE;true;0.04;213067.79;0.0417;KELLY_LITE(mult=1.00 taper=1.00 n=2)+HARD_RISK_CAP(2.0%)+MAXLOSS_CAP;213067.79;213084.47;33;0
2026.08.17 01:11:20;XAUUSD;5;1786927493;SL_MODIFIED;ticket=119576132 oldSL=4377.78 newSL=4377.83 reason=break_even_lock_leg_0;MANAGE_PROFIT;SAFE;1;1;1;-1;-1;4374.18;16.96;16.96;16.68;-1.00;KELLY_LITE;true;0.04;213067.79;0.0417;KELLY_LITE(mult=1.00 taper=1.00 n=2)+HARD_RISK_CAP(2.0%)+MAXLOSS_CAP;213067.79;213084.75;33;0
2026.08.17 01:11:20;XAUUSD;5;1786927493;PROFIT_RATCHET_LOCKED;floor=7.09 peak=16.68;MANAGE_PROFIT;SAFE;1;1;1;-1;-1;4374.18;16.96;16.96;16.68;-1.00;KELLY_LITE;true;0.04;213067.79;0.0417;KELLY_LITE(mult=1.00 taper=1.00 n=2)+HARD_RISK_CAP(2.0%)+MAXLOSS_CAP;213067.79;213084.75;33;0
2026.08.17 01:11:21;XAUUSD;5;1786927493;SL_MODIFIED;ticket=119576132 oldSL=4377.83 newSL=4377.90 reason=break_even_lock_leg_0;MANAGE_PROFIT;SAFE;1;1;1;-1;-1;4374.18;17.12;17.12;16.96;-1.00;KELLY_LITE;true;0.04;213067.79;0.0417;KELLY_LITE(mult=1.00 taper=1.00 n=2)+HARD_RISK_CAP(2.0%)+MAXLOSS_CAP;213067.79;213084.91;33;0
2026.08.17 01:11:21;XAUUSD;5;1786927493;PROFIT_RATCHET_LOCKED;floor=7.21 peak=16.96;MANAGE_PROFIT;SAFE;1;1;1;-1;-1;4374.18;17.12;17.12;16.96;-1.00;KELLY_LITE;true;0.04;213067.79;0.0417;KELLY_LITE(mult=1.00 taper=1.00 n=2)+HARD_RISK_CAP(2.0%)+MAXLOSS_CAP;213067.79;213084.91;33;0
2026.08.17 01:11:21;XAUUSD;5;1786927493;SL_MODIFIED;ticket=119576132 oldSL=4377.90 newSL=4377.94 reason=break_even_lock_leg_0;MANAGE_PROFIT;SAFE;1;1;1;-1;-1;4374.18;17.80;17.80;17.12;-1.00;KELLY_LITE;true;0.04;213067.79;0.0417;KELLY_LITE(mult=1.00 taper=1.00 n=2)+HARD_RISK_CAP(2.0%)+MAXLOSS_CAP;213067.79;213085.59;33;0
2026.08.17 01:11:21;XAUUSD;5;1786927493;PROFIT_RATCHET_LOCKED;floor=7.28 peak=17.12;MANAGE_PROFIT;SAFE;1;1;1;-1;-1;4374.18;17.80;17.80;17.12;-1.00;KELLY_LITE;true;0.04;213067.79;0.0417;KELLY_LITE(mult=1.00 taper=1.00 n=2)+HARD_RISK_CAP(2.0%)+MAXLOSS_CAP;213067.79;213085.59;33;0
2026.08.17 01:11:22;XAUUSD;5;1786927493;PROFIT_RATCHET_LOCKED;floor=7.57 peak=17.80;MANAGE_PROFIT;SAFE;1;1;1;-1;-1;4374.18;16.88;16.88;17.80;-1.00;KELLY_LITE;true;0.04;213067.79;0.0417;KELLY_LITE(mult=1.00 taper=1.00 n=2)+HARD_RISK_CAP(2.0%)+MAXLOSS_CAP;213067.79;213084.67;33;0
2026.08.17 01:11:22;XAUUSD;5;1786927493;PROFIT_RATCHET_LOCKED;floor=7.57 peak=17.80;MANAGE_PROFIT;SAFE;1;1;1;-1;-1;4374.18;16.88;16.88;17.80;-1.00;KELLY_LITE;true;0.04;213067.79;0.0417;KELLY_LITE(mult=1.00 taper=1.00 n=2)+HARD_RISK_CAP(2.0%)+MAXLOSS_CAP;213067.79;213084.67;33;0
2026.08.17 01:11:22;XAUUSD;5;1786927493;PROFIT_RATCHET_LOCKED;floor=7.57 peak=17.80;MANAGE_PROFIT;SAFE;1;1;1;-1;-1;4374.18;16.76;16.76;17.80;-1.00;KELLY_LITE;true;0.04;213067.79;0.0417;KELLY_LITE(mult=1.00 taper=1.00 n=2)+HARD_RISK_CAP(2.0%)+MAXLOSS_CAP;213067.79;213084.55;33;0
2026.08.17 01:11:22;XAUUSD;5;1786927493;PROFIT_RATCHET_LOCKED;floor=7.57 peak=17.80;MANAGE_PROFIT;SAFE;1;1;1;-1;-1;4374.18;17.08;17.08;17.80;-1.00;KELLY_LITE;true;0.04;213067.79;0.0417;KELLY_LITE(mult=1.00 taper=1.00 n=2)+HARD_RISK_CAP(2.0%)+MAXLOSS_CAP;213067.79;213084.87;33;0
2026.08.17 01:11:23;XAUUSD;5;1786927493;PROFIT_RATCHET_LOCKED;floor=7.57 peak=17.80;MANAGE_PROFIT;SAFE;1;1;1;-1;-1;4374.18;17.12;17.12;17.80;-1.00;KELLY_LITE;true;0.04;213067.79;0.0417;KELLY_LITE(mult=1.00 taper=1.00 n=2)+HARD_RISK_CAP(2.0%)+MAXLOSS_CAP;213067.79;213084.91;33;0
2026.08.17 01:11:23;XAUUSD;5;1786927493;PROFIT_RATCHET_LOCKED;floor=7.57 peak=17.80;MANAGE_PROFIT;SAFE;1;1;1;-1;-1;4374.18;16.80;16.80;17.80;-1.00;KELLY_LITE;true;0.04;213067.79;0.0417;KELLY_LITE(mult=1.00 taper=1.00 n=2)+HARD_RISK_CAP(2.0%)+MAXLOSS_CAP;213067.79;213084.59;33;0
2026.08.17 01:11:23;XAUUSD;5;1786927493;PROFIT_RATCHET_LOCKED;floor=7.57 peak=17.80;MANAGE_PROFIT;SAFE;1;1;1;-1;-1;4374.18;17.04;17.04;17.80;-1.00;KELLY_LITE;true;0.04;213067.79;0.0417;KELLY_LITE(mult=1.00 taper=1.00 n=2)+HARD_RISK_CAP(2.0%)+MAXLOSS_CAP;213067.79;213084.83;33;0
2026.08.17 01:11:24;XAUUSD;5;1786927493;PROFIT_RATCHET_LOCKED;floor=7.57 peak=17.80;MANAGE_PROFIT;SAFE;1;1;1;-1;-1;4374.18;16.80;16.80;17.80;-1.00;KELLY_LITE;true;0.04;213067.79;0.0417;KELLY_LITE(mult=1.00 taper=1.00 n=2)+HARD_RISK_CAP(2.0%)+MAXLOSS_CAP;213067.79;213084.59;33;0
2026.08.17 01:11:24;XAUUSD;5;1786927493;PROFIT_RATCHET_LOCKED;floor=7.57 peak=17.80;MANAGE_PROFIT;SAFE;1;1;1;-1;-1;4374.18;16.64;16.64;17.80;-1.00;KELLY_LITE;true;0.04;213067.79;0.0417;KELLY_LITE(mult=1.00 taper=1.00 n=2)+HARD_RISK_CAP(2.0%)+MAXLOSS_CAP;213067.79;213084.43;33;0
2026.08.17 01:11:24;XAUUSD;5;1786927493;PROFIT_RATCHET_LOCKED;floor=7.57 peak=17.80;MANAGE_PROFIT;SAFE;1;1;1;-1;-1;4374.18;16.36;16.36;17.80;-1.00;KELLY_LITE;true;0.04;213067.79;0.0417;KELLY_LITE(mult=1.00 taper=1.00 n=2)+HARD_RISK_CAP(2.0%)+MAXLOSS_CAP;213067.79;213084.15;33;0
2026.08.17 01:11:24;XAUUSD;5;1786927493;PROFIT_RATCHET_LOCKED;floor=7.57 peak=17.80;MANAGE_PROFIT;SAFE;1;1;1;-1;-1;4374.18;16.40;16.40;17.80;-1.00;KELLY_LITE;true;0.04;213067.79;0.0417;KELLY_LITE(mult=1.00 taper=1.00 n=2)+HARD_RISK_CAP(2.0%)+MAXLOSS_CAP;213067.79;213084.19;33;0
2026.08.17 01:11:25;XAUUSD;5;1786927493;PROFIT_RATCHET_LOCKED;floor=7.57 peak=17.80;MANAGE_PROFIT;SAFE;1;1;1;-1;-1;4374.18;15.68;15.68;17.80;-1.00;KELLY_LITE;true;0.04;213067.79;0.0417;KELLY_LITE(mult=1.00 taper=1.00 n=2)+HARD_RISK_CAP(2.0%)+MAXLOSS_CAP;213067.79;213083.47;30;0
2026.08.17 01:11:25;XAUUSD;5;1786927493;RECONCILED_BROKER_CLOSE;ticket=119576132 type=main pnl=15.04;MANAGE_PROFIT;SAFE;0;1;1;-1;-1;4374.18;0.00;0.00;17.80;-1.00;KELLY_LITE;true;0.04;213067.79;0.0417;KELLY_LITE(mult=1.00 taper=1.00 n=2)+HARD_RISK_CAP(2.0%)+MAXLOSS_CAP;213082.83;213082.83;30;0
2026.08.17 01:11:25;XAUUSD;5;1786927493;PENDING_DELETED;ticket=119576183 reason=main_gone_hedge_pending;WAIT_TRIGGER;SAFE;0;0;1;-1;-1;4374.18;0.00;0.00;17.80;-1.00;KELLY_LITE;true;0.04;213067.79;0.0417;KELLY_LITE(mult=1.00 taper=1.00 n=2)+HARD_RISK_CAP(2.0%)+MAXLOSS_CAP;213082.83;213082.83;33;0
2026.08.17 01:11:25;XAUUSD;5;1786927493;HEDGE_PENDING_CLEANUP;main_position_gone;WAIT_TRIGGER;SAFE;0;0;1;-1;-1;4374.18;0.00;0.00;17.80;-1.00;KELLY_LITE;true;0.04;213067.79;0.0417;KELLY_LITE(mult=1.00 taper=1.00 n=2)+HARD_RISK_CAP(2.0%)+MAXLOSS_CAP;213082.83;213082.83;33;0
2026.08.17 01:11:25;XAUUSD;5;1786927493;CYCLE_RESET;oldState=WAIT_TRIGGER realizedPnL=15.04 peak=17.80 worst=-1.00 pyramid=1 consLosses=0;WAIT_TRIGGER;SAFE;0;0;1;-1;-1;4374.18;0.00;0.00;17.80;-1.00;KELLY_LITE;true;0.04;213067.79;0.0417;KELLY_LITE(mult=1.00 taper=1.00 n=2)+HARD_RISK_CAP(2.0%)+MAXLOSS_CAP;213082.83;213082.83;33;0
2026.08.17 01:16:25;XAUUSD;5;1786927494;PLACE_PENDING_START;cycle=1786927494 trend=0 consecLosses=0 preset=AGGRESSIVE;PLACE_PENDING;SAFE;0;0;0;-1;-1;0.00;0.00;0.00;0.00;0.00;KELLY_LITE;true;0.04;213067.79;0.0417;KELLY_LITE(mult=1.00 taper=1.00 n=2)+HARD_RISK_CAP(2.0%)+MAXLOSS_CAP;213082.83;213082.83;31;0
2026.08.17 01:16:26;XAUUSD;5;1786927494;OCO_PLACED;buy=119576868 4382.56 lot=0.04 sell=119576872 4378.83 lot=0.03 dist=1.71;WAIT_TRIGGER;SAFE;0;2;0;119576868;119576872;0.00;0.00;0.00;0.00;0.00;KELLY_LITE;true;0.04;213082.83;0.0417;KELLY_LITE(mult=1.00 taper=1.00 n=3)+HARD_RISK_CAP(2.0%)+MAXLOSS_CAP;213082.83;213082.83;33;0
2026.08.17 01:16:28;XAUUSD;5;1786927494;SELL_STOP_TRAILED;Old=4378.83 New=4379.17;WAIT_TRIGGER;SAFE;0;2;0;119576868;119576872;0.00;0.00;0.00;0.00;0.00;KELLY_LITE;true;0.04;213082.83;0.0417;KELLY_LITE(mult=1.00 taper=1.00 n=3)+HARD_RISK_CAP(2.0%)+MAXLOSS_CAP;213082.83;213082.83;33;0
2026.08.17 01:16:49;XAUUSD;5;1786927494;SELL_STOP_TRAILED;Old=4379.17 New=4379.60;WAIT_TRIGGER;SAFE;0;2;0;119576868;119576872;0.00;0.00;0.00;0.00;0.00;KELLY_LITE;true;0.04;213082.83;0.0417;KELLY_LITE(mult=1.00 taper=1.00 n=3)+HARD_RISK_CAP(2.0%)+MAXLOSS_CAP;213082.83;213082.83;33;0
2026.08.17 01:16:54;XAUUSD;5;1786927494;SELL_STOP_TRAILED;Old=4379.60 New=4379.93;WAIT_TRIGGER;SAFE;0;2;0;119576868;119576872;0.00;0.00;0.00;0.00;0.00;KELLY_LITE;true;0.04;213082.83;0.0417;KELLY_LITE(mult=1.00 taper=1.00 n=3)+HARD_RISK_CAP(2.0%)+MAXLOSS_CAP;213082.83;213082.83;33;0
2026.08.17 01:16:57;XAUUSD;5;1786927494;SELL_STOP_TRAILED;Old=4379.93 New=4380.28;WAIT_TRIGGER;SAFE;0;2;0;119576868;119576872;0.00;0.00;0.00;0.00;0.00;KELLY_LITE;true;0.04;213082.83;0.0417;KELLY_LITE(mult=1.00 taper=1.00 n=3)+HARD_RISK_CAP(2.0%)+MAXLOSS_CAP;213082.83;213082.83;33;0
2026.08.17 01:17:12;XAUUSD;5;1786927494;OCO_TRIGGERED_BUY;ticket=119576868 entry=4382.56;POSITION_ACTIVE;SAFE;1;1;0;-1;119576872;0.00;-0.88;-0.88;0.00;0.00;KELLY_LITE;true;0.04;213082.83;0.0417;KELLY_LITE(mult=1.00 taper=1.00 n=3)+HARD_RISK_CAP(2.0%)+MAXLOSS_CAP;213082.83;213081.95;35;0
2026.08.17 01:17:13;XAUUSD;5;1786927494;PENDING_DELETED;ticket=119576872 reason=oco_buy_triggered;POSITION_ACTIVE;SAFE;1;0;0;-1;119576872;0.00;-0.40;-0.40;0.00;0.00;KELLY_LITE;true;0.04;213082.83;0.0417;KELLY_LITE(mult=1.00 taper=1.00 n=3)+HARD_RISK_CAP(2.0%)+MAXLOSS_CAP;213082.83;213082.43;30;0
2026.08.17 01:17:13;XAUUSD;5;1786927494;HEDGE_PENDING_PLACED;dir=SELL_STOP ticket=119576981 price=4379.46 sl=4382.46 lot=0.05 mainEntry=4382.56 dist=3.00 confirmBars=1;POSITION_ACTIVE;SAFE;1;1;1;-1;-1;4382.56;-0.72;-0.72;0.00;-0.40;KELLY_LITE;true;0.04;213082.83;0.0417;KELLY_LITE(mult=1.00 taper=1.00 n=3)+HARD_RISK_CAP(2.0%)+MAXLOSS_CAP;213082.83;213082.11;33;0
2026.08.17 01:17:14;XAUUSD;5;1786927494;SL_MODIFIED;ticket=119576868 oldSL=4367.56 newSL=4380.56 reason=early_loss_hard_sl_leg_0;MANAGE_PROFIT;SAFE;1;1;1;-1;-1;4382.56;-0.40;-0.40;0.00;-0.72;KELLY_LITE;true;0.04;213082.83;0.0417;KELLY_LITE(mult=1.00 taper=1.00 n=3)+HARD_RISK_CAP(2.0%)+MAXLOSS_CAP;213082.83;213082.43;33;0
2026.08.17 01:17:30;XAUUSD;5;1786927494;SL_MODIFIED;ticket=119576868 oldSL=4380.56 newSL=4383.89 reason=break_even_lock_leg_0 (retry buf=3pt);MANAGE_PROFIT;SAFE;1;1;1;-1;-1;4382.56;7.96;7.96;9.52;-0.72;KELLY_LITE;true;0.04;213082.83;0.0417;KELLY_LITE(mult=1.00 taper=1.00 n=3)+HARD_RISK_CAP(2.0%)+MAXLOSS_CAP;213082.83;213090.79;33;0
2026.08.17 01:17:30;XAUUSD;5;1786927494;PROFIT_RATCHET_LOCKED;floor=4.05 peak=9.52;MANAGE_PROFIT;SAFE;1;1;1;-1;-1;4382.56;7.96;7.96;9.52;-0.72;KELLY_LITE;true;0.04;213082.83;0.0417;KELLY_LITE(mult=1.00 taper=1.00 n=3)+HARD_RISK_CAP(2.0%)+MAXLOSS_CAP;213082.83;213090.79;33;0
2026.08.17 01:17:30;XAUUSD;5;1786927494;EXIT_TIERED_TRAIL;profit=7.96 peak=9.52 allowedRetrace=1.43;MANAGE_PROFIT;SAFE;1;1;1;-1;-1;4382.56;7.96;7.96;9.52;-0.72;KELLY_LITE;true;0.04;213082.83;0.0417;KELLY_LITE(mult=1.00 taper=1.00 n=3)+HARD_RISK_CAP(2.0%)+MAXLOSS_CAP;213082.83;213090.79;33;0
2026.08.17 01:17:30;XAUUSD;5;1786927494;POSITION_CLOSED;ticket=119576868 reason=tiered_profit_trail lots=0.04 price=4384.55 pnl=7.96;MANAGE_PROFIT;SAFE;0;1;1;-1;-1;4382.56;0.00;0.00;9.52;-0.72;KELLY_LITE;true;0.04;213082.83;0.0417;KELLY_LITE(mult=1.00 taper=1.00 n=3)+HARD_RISK_CAP(2.0%)+MAXLOSS_CAP;213090.63;213090.63;33;0
2026.08.17 01:17:31;XAUUSD;5;1786927494;PENDING_DELETED;ticket=119576981 reason=close_all_hedge;MANAGE_PROFIT;SAFE;0;0;0;-1;-1;4382.56;0.00;0.00;9.52;-0.72;KELLY_LITE;true;0.04;213082.83;0.0417;KELLY_LITE(mult=1.00 taper=1.00 n=3)+HARD_RISK_CAP(2.0%)+MAXLOSS_CAP;213090.63;213090.63;33;0
2026.08.17 01:17:31;XAUUSD;5;1786927494;CYCLE_RESET;oldState=RESET realizedPnL=7.80 peak=9.52 worst=-0.72 pyramid=0 consLosses=0;RESET;SAFE;0;0;0;-1;-1;4382.56;0.00;0.00;9.52;-0.72;KELLY_LITE;true;0.04;213082.83;0.0417;KELLY_LITE(mult=1.00 taper=1.00 n=3)+HARD_RISK_CAP(2.0%)+MAXLOSS_CAP;213090.63;213090.63;33;0
2026.08.17 01:22:31;XAUUSD;5;1786927495;PLACE_PENDING_START;cycle=1786927495 trend=0 consecLosses=0 preset=AGGRESSIVE;PLACE_PENDING;SAFE;0;0;0;-1;-1;0.00;0.00;0.00;0.00;0.00;KELLY_LITE;true;0.04;213082.83;0.0417;KELLY_LITE(mult=1.00 taper=1.00 n=3)+HARD_RISK_CAP(2.0%)+MAXLOSS_CAP;213090.63;213090.63;33;0
2026.08.17 01:22:32;XAUUSD;5;1786927495;OCO_PLACED;buy=119578249 4388.15 lot=0.04 sell=119578251 4384.02 lot=0.03 dist=1.90;WAIT_TRIGGER;SAFE;0;2;0;119578249;119578251;0.00;0.00;0.00;0.00;0.00;KELLY_LITE;true;0.04;213090.63;0.0417;KELLY_LITE(mult=1.00 taper=1.00 n=4)+HARD_RISK_CAP(2.0%)+MAXLOSS_CAP;213090.63;213090.63;33;0
2026.08.17 01:22:38;XAUUSD;5;1786927495;BUY_STOP_TRAILED;Old=4388.15 New=4387.82;WAIT_TRIGGER;SAFE;0;2;0;119578249;119578251;0.00;0.00;0.00;0.00;0.00;KELLY_LITE;true;0.04;213090.63;0.0417;KELLY_LITE(mult=1.00 taper=1.00 n=4)+HARD_RISK_CAP(2.0%)+MAXLOSS_CAP;213090.63;213090.63;33;0
2026.08.17 01:22:44;XAUUSD;5;1786927495;BUY_STOP_TRAILED;Old=4387.82 New=4387.43;WAIT_TRIGGER;SAFE;0;2;0;119578249;119578251;0.00;0.00;0.00;0.00;0.00;KELLY_LITE;true;0.04;213090.63;0.0417;KELLY_LITE(mult=1.00 taper=1.00 n=4)+HARD_RISK_CAP(2.0%)+MAXLOSS_CAP;213090.63;213090.63;33;0
2026.08.17 01:23:00;XAUUSD;5;1786927495;BUY_STOP_TRAILED;Old=4387.43 New=4387.07;WAIT_TRIGGER;SAFE;0;2;0;119578249;119578251;0.00;0.00;0.00;0.00;0.00;KELLY_LITE;true;0.04;213090.63;0.0417;KELLY_LITE(mult=1.00 taper=1.00 n=4)+HARD_RISK_CAP(2.0%)+MAXLOSS_CAP;213090.63;213090.63;33;0
2026.08.17 01:23:08;XAUUSD;5;1786927495;BUY_STOP_TRAILED;Old=4387.07 New=4386.58;WAIT_TRIGGER;SAFE;0;2;0;119578249;119578251;0.00;0.00;0.00;0.00;0.00;KELLY_LITE;true;0.04;213090.63;0.0417;KELLY_LITE(mult=1.00 taper=1.00 n=4)+HARD_RISK_CAP(2.0%)+MAXLOSS_CAP;213090.63;213090.63;33;0
2026.08.17 01:24:13;XAUUSD;5;1786927495;OCO_TRIGGERED_BUY;ticket=119578249 entry=4386.58;POSITION_ACTIVE;SAFE;1;1;0;-1;119578251;0.00;1.44;1.44;0.00;0.00;KELLY_LITE;true;0.04;213090.63;0.0417;KELLY_LITE(mult=1.00 taper=1.00 n=4)+HARD_RISK_CAP(2.0%)+MAXLOSS_CAP;213090.63;213092.07;30;0
2026.08.17 01:24:13;XAUUSD;5;1786927495;PENDING_DELETED;ticket=119578251 reason=oco_buy_triggered;POSITION_ACTIVE;SAFE;1;0;0;-1;119578251;0.00;-0.40;-0.40;0.00;0.00;KELLY_LITE;true;0.04;213090.63;0.0417;KELLY_LITE(mult=1.00 taper=1.00 n=4)+HARD_RISK_CAP(2.0%)+MAXLOSS_CAP;213090.63;213090.23;32;0
2026.08.17 01:24:14;XAUUSD;5;1786927495;HEDGE_PENDING_PLACED;dir=SELL_STOP ticket=119578494 price=4383.48 sl=4386.48 lot=0.05 mainEntry=4386.58 dist=3.00 confirmBars=1;POSITION_ACTIVE;SAFE;1;1;1;-1;-1;4386.58;-0.52;-0.52;0.00;-0.40;KELLY_LITE;true;0.04;213090.63;0.0417;KELLY_LITE(mult=1.00 taper=1.00 n=4)+HARD_RISK_CAP(2.0%)+MAXLOSS_CAP;213090.63;213090.11;33;0
2026.08.17 01:24:14;XAUUSD;5;1786927495;SL_MODIFIED;ticket=119578249 oldSL=4374.58 newSL=4384.58 reason=early_loss_hard_sl_leg_0;MANAGE_PROFIT;SAFE;1;1;1;-1;-1;4386.58;-0.56;-0.56;0.00;-0.52;KELLY_LITE;true;0.04;213090.63;0.0417;KELLY_LITE(mult=1.00 taper=1.00 n=4)+HARD_RISK_CAP(2.0%)+MAXLOSS_CAP;213090.63;213090.07;33;0
2026.08.17 01:26:25;XAUUSD;5;1786927495;SL_MODIFIED;ticket=119578249 oldSL=4384.58 newSL=4388.17 reason=break_even_lock_leg_0;MANAGE_PROFIT;SAFE;1;1;1;-1;-1;4386.58;8.40;8.40;8.44;-2.00;KELLY_LITE;true;0.04;213090.63;0.0417;KELLY_LITE(mult=1.00 taper=1.00 n=4)+HARD_RISK_CAP(2.0%)+MAXLOSS_CAP;213090.63;213099.03;33;0
2026.08.17 01:26:25;XAUUSD;5;1786927495;PROFIT_RATCHET_LOCKED;floor=3.59 peak=8.44;MANAGE_PROFIT;SAFE;1;1;1;-1;-1;4386.58;8.40;8.40;8.44;-2.00;KELLY_LITE;true;0.04;213090.63;0.0417;KELLY_LITE(mult=1.00 taper=1.00 n=4)+HARD_RISK_CAP(2.0%)+MAXLOSS_CAP;213090.63;213099.03;33;0
2026.08.17 01:26:25;XAUUSD;5;1786927495;PROFIT_RATCHET_LOCKED;floor=3.59 peak=8.44;MANAGE_PROFIT;SAFE;1;1;1;-1;-1;4386.58;8.40;8.40;8.44;-2.00;KELLY_LITE;true;0.04;213090.63;0.0417;KELLY_LITE(mult=1.00 taper=1.00 n=4)+HARD_RISK_CAP(2.0%)+MAXLOSS_CAP;213090.63;213099.03;33;0
2026.08.17 01:26:26;XAUUSD;5;1786927495;PROFIT_RATCHET_LOCKED;floor=3.59 peak=8.44;MANAGE_PROFIT;SAFE;1;1;1;-1;-1;4386.58;8.24;8.24;8.44;-2.00;KELLY_LITE;true;0.04;213090.63;0.0417;KELLY_LITE(mult=1.00 taper=1.00 n=4)+HARD_RISK_CAP(2.0%)+MAXLOSS_CAP;213090.63;213098.87;33;0
2026.08.17 01:26:26;XAUUSD;5;1786927495;PROFIT_RATCHET_LOCKED;floor=3.59 peak=8.44;MANAGE_PROFIT;SAFE;1;1;1;-1;-1;4386.58;8.16;8.16;8.44;-2.00;KELLY_LITE;true;0.04;213090.63;0.0417;KELLY_LITE(mult=1.00 taper=1.00 n=4)+HARD_RISK_CAP(2.0%)+MAXLOSS_CAP;213090.63;213098.79;33;0
2026.08.17 01:26:26;XAUUSD;5;1786927495;PROFIT_RATCHET_LOCKED;floor=3.59 peak=8.44;MANAGE_PROFIT;SAFE;1;1;1;-1;-1;4386.58;8.08;8.08;8.44;-2.00;KELLY_LITE;true;0.04;213090.63;0.0417;KELLY_LITE(mult=1.00 taper=1.00 n=4)+HARD_RISK_CAP(2.0%)+MAXLOSS_CAP;213090.63;213098.71;33;0
2026.08.17 01:26:27;XAUUSD;5;1786927495;PROFIT_RATCHET_LOCKED;floor=3.59 peak=8.44;MANAGE_PROFIT;SAFE;1;1;1;-1;-1;4386.58;7.88;7.88;8.44;-2.00;KELLY_LITE;true;0.04;213090.63;0.0417;KELLY_LITE(mult=1.00 taper=1.00 n=4)+HARD_RISK_CAP(2.0%)+MAXLOSS_CAP;213090.63;213098.51;33;0
2026.08.17 01:26:27;XAUUSD;5;1786927495;PROFIT_RATCHET_LOCKED;floor=3.59 peak=8.44;MANAGE_PROFIT;SAFE;1;1;1;-1;-1;4386.58;7.80;7.80;8.44;-2.00;KELLY_LITE;true;0.04;213090.63;0.0417;KELLY_LITE(mult=1.00 taper=1.00 n=4)+HARD_RISK_CAP(2.0%)+MAXLOSS_CAP;213090.63;213098.43;33;0
2026.08.17 01:26:27;XAUUSD;5;1786927495;PROFIT_RATCHET_LOCKED;floor=3.59 peak=8.44;MANAGE_PROFIT;SAFE;1;1;1;-1;-1;4386.58;7.68;7.68;8.44;-2.00;KELLY_LITE;true;0.04;213090.63;0.0417;KELLY_LITE(mult=1.00 taper=1.00 n=4)+HARD_RISK_CAP(2.0%)+MAXLOSS_CAP;213090.63;213098.31;33;0
2026.08.17 01:26:27;XAUUSD;5;1786927495;PROFIT_RATCHET_LOCKED;floor=3.59 peak=8.44;MANAGE_PROFIT;SAFE;1;1;1;-1;-1;4386.58;7.76;7.76;8.44;-2.00;KELLY_LITE;true;0.04;213090.63;0.0417;KELLY_LITE(mult=1.00 taper=1.00 n=4)+HARD_RISK_CAP(2.0%)+MAXLOSS_CAP;213090.63;213098.39;33;0
2026.08.17 01:26:28;XAUUSD;5;1786927495;PROFIT_RATCHET_LOCKED;floor=3.59 peak=8.44;MANAGE_PROFIT;SAFE;1;1;1;-1;-1;4386.58;7.72;7.72;8.44;-2.00;KELLY_LITE;true;0.04;213090.63;0.0417;KELLY_LITE(mult=1.00 taper=1.00 n=4)+HARD_RISK_CAP(2.0%)+MAXLOSS_CAP;213090.63;213098.35;33;0
2026.08.17 01:26:28;XAUUSD;5;1786927495;PROFIT_RATCHET_LOCKED;floor=3.59 peak=8.44;MANAGE_PROFIT;SAFE;1;1;1;-1;-1;4386.58;7.64;7.64;8.44;-2.00;KELLY_LITE;true;0.04;213090.63;0.0417;KELLY_LITE(mult=1.00 taper=1.00 n=4)+HARD_RISK_CAP(2.0%)+MAXLOSS_CAP;213090.63;213098.27;33;0
2026.08.17 01:26:29;XAUUSD;5;1786927495;PROFIT_RATCHET_LOCKED;floor=3.59 peak=8.44;MANAGE_PROFIT;SAFE;1;1;1;-1;-1;4386.58;7.60;7.60;8.44;-2.00;KELLY_LITE;true;0.04;213090.63;0.0417;KELLY_LITE(mult=1.00 taper=1.00 n=4)+HARD_RISK_CAP(2.0%)+MAXLOSS_CAP;213090.63;213098.23;33;0
2026.08.17 01:26:29;XAUUSD;5;1786927495;PROFIT_RATCHET_LOCKED;floor=3.59 peak=8.44;MANAGE_PROFIT;SAFE;1;1;1;-1;-1;4386.58;8.12;8.12;8.44;-2.00;KELLY_LITE;true;0.04;213090.63;0.0417;KELLY_LITE(mult=1.00 taper=1.00 n=4)+HARD_RISK_CAP(2.0%)+MAXLOSS_CAP;213090.63;213098.75;33;0
2026.08.17 01:26:29;XAUUSD;5;1786927495;PROFIT_RATCHET_LOCKED;floor=3.59 peak=8.44;MANAGE_PROFIT;SAFE;1;1;1;-1;-1;4386.58;8.32;8.32;8.44;-2.00;KELLY_LITE;true;0.04;213090.63;0.0417;KELLY_LITE(mult=1.00 taper=1.00 n=4)+HARD_RISK_CAP(2.0%)+MAXLOSS_CAP;213090.63;213098.95;33;0
2026.08.17 01:26:29;XAUUSD;5;1786927495;PROFIT_RATCHET_LOCKED;floor=3.59 peak=8.44;MANAGE_PROFIT;SAFE;1;1;1;-1;-1;4386.58;8.28;8.28;8.44;-2.00;KELLY_LITE;true;0.04;213090.63;0.0417;KELLY_LITE(mult=1.00 taper=1.00 n=4)+HARD_RISK_CAP(2.0%)+MAXLOSS_CAP;213090.63;213098.91;33;0
2026.08.17 01:26:30;XAUUSD;5;1786927495;PROFIT_RATCHET_LOCKED;floor=3.59 peak=8.44;MANAGE_PROFIT;SAFE;1;1;1;-1;-1;4386.58;8.24;8.24;8.44;-2.00;KELLY_LITE;true;0.04;213090.63;0.0417;KELLY_LITE(mult=1.00 taper=1.00 n=4)+HARD_RISK_CAP(2.0%)+MAXLOSS_CAP;213090.63;213098.87;33;0
2026.08.17 01:26:30;XAUUSD;5;1786927495;PROFIT_RATCHET_LOCKED;floor=3.59 peak=8.44;MANAGE_PROFIT;SAFE;1;1;1;-1;-1;4386.58;8.20;8.20;8.44;-2.00;KELLY_LITE;true;0.04;213090.63;0.0417;KELLY_LITE(mult=1.00 taper=1.00 n=4)+HARD_RISK_CAP(2.0%)+MAXLOSS_CAP;213090.63;213098.83;33;0
2026.08.17 01:26:31;XAUUSD;5;1786927495;PROFIT_RATCHET_LOCKED;floor=3.59 peak=8.44;MANAGE_PROFIT;SAFE;1;1;1;-1;-1;4386.58;8.44;8.44;8.44;-2.00;KELLY_LITE;true;0.04;213090.63;0.0417;KELLY_LITE(mult=1.00 taper=1.00 n=4)+HARD_RISK_CAP(2.0%)+MAXLOSS_CAP;213090.63;213099.07;33;0
2026.08.17 01:26:31;XAUUSD;5;1786927495;SL_MODIFY_FAILED;ticket=119578249 newSL=4388.31 reason=break_even_lock_leg_0 err=0;MANAGE_PROFIT;SAFE;1;1;1;-1;-1;4386.58;8.16;8.16;9.00;-2.00;KELLY_LITE;true;0.04;213090.63;0.0417;KELLY_LITE(mult=1.00 taper=1.00 n=4)+HARD_RISK_CAP(2.0%)+MAXLOSS_CAP;213090.63;213098.79;33;0
2026.08.17 01:26:31;XAUUSD;5;1786927495;PROFIT_RATCHET_LOCKED;floor=3.83 peak=9.00;MANAGE_PROFIT;SAFE;1;1;1;-1;-1;4386.58;8.16;8.16;9.00;-2.00;KELLY_LITE;true;0.04;213090.63;0.0417;KELLY_LITE(mult=1.00 taper=1.00 n=4)+HARD_RISK_CAP(2.0%)+MAXLOSS_CAP;213090.63;213098.79;33;0
2026.08.17 01:26:31;XAUUSD;5;1786927495;PROFIT_RATCHET_LOCKED;floor=3.83 peak=9.00;MANAGE_PROFIT;SAFE;1;1;1;-1;-1;4386.58;8.16;8.16;9.00;-2.00;KELLY_LITE;true;0.04;213090.63;0.0417;KELLY_LITE(mult=1.00 taper=1.00 n=4)+HARD_RISK_CAP(2.0%)+MAXLOSS_CAP;213090.63;213098.79;33;0
2026.08.17 01:26:32;XAUUSD;5;1786927495;PROFIT_RATCHET_LOCKED;floor=3.83 peak=9.00;MANAGE_PROFIT;SAFE;1;1;1;-1;-1;4386.58;7.88;7.88;9.00;-2.00;KELLY_LITE;true;0.04;213090.63;0.0417;KELLY_LITE(mult=1.00 taper=1.00 n=4)+HARD_RISK_CAP(2.0%)+MAXLOSS_CAP;213090.63;213098.51;33;0
2026.08.17 01:26:32;XAUUSD;5;1786927495;SL_MODIFIED;ticket=119578249 oldSL=4388.17 newSL=4388.26 reason=break_even_lock_leg_0;MANAGE_PROFIT;SAFE;1;1;1;-1;-1;4386.58;8.80;8.80;9.00;-2.00;KELLY_LITE;true;0.04;213090.63;0.0417;KELLY_LITE(mult=1.00 taper=1.00 n=4)+HARD_RISK_CAP(2.0%)+MAXLOSS_CAP;213090.63;213099.43;33;0
2026.08.17 01:26:32;XAUUSD;5;1786927495;PROFIT_RATCHET_LOCKED;floor=3.83 peak=9.00;MANAGE_PROFIT;SAFE;1;1;1;-1;-1;4386.58;8.80;8.80;9.00;-2.00;KELLY_LITE;true;0.04;213090.63;0.0417;KELLY_LITE(mult=1.00 taper=1.00 n=4)+HARD_RISK_CAP(2.0%)+MAXLOSS_CAP;213090.63;213099.43;33;0
2026.08.17 01:26:32;XAUUSD;5;1786927495;PROFIT_RATCHET_LOCKED;floor=3.83 peak=9.00;MANAGE_PROFIT;SAFE;1;1;1;-1;-1;4386.58;8.80;8.80;9.00;-2.00;KELLY_LITE;true;0.04;213090.63;0.0417;KELLY_LITE(mult=1.00 taper=1.00 n=4)+HARD_RISK_CAP(2.0%)+MAXLOSS_CAP;213090.63;213099.43;33;0
2026.08.17 01:26:33;XAUUSD;5;1786927495;PROFIT_RATCHET_LOCKED;floor=3.83 peak=9.00;MANAGE_PROFIT;SAFE;1;1;1;-1;-1;4386.58;8.56;8.56;9.00;-2.00;KELLY_LITE;true;0.04;213090.63;0.0417;KELLY_LITE(mult=1.00 taper=1.00 n=4)+HARD_RISK_CAP(2.0%)+MAXLOSS_CAP;213090.63;213099.19;33;0
2026.08.17 01:26:33;XAUUSD;5;1786927495;SL_MODIFIED;ticket=119578249 oldSL=4388.26 newSL=4388.31 reason=break_even_lock_leg_0;MANAGE_PROFIT;SAFE;1;1;1;-1;-1;4386.58;9.00;9.00;9.00;-2.00;KELLY_LITE;true;0.04;213090.63;0.0417;KELLY_LITE(mult=1.00 taper=1.00 n=4)+HARD_RISK_CAP(2.0%)+MAXLOSS_CAP;213090.63;213099.63;33;0
2026.08.17 01:26:33;XAUUSD;5;1786927495;PROFIT_RATCHET_LOCKED;floor=3.83 peak=9.00;MANAGE_PROFIT;SAFE;1;1;1;-1;-1;4386.58;9.00;9.00;9.00;-2.00;KELLY_LITE;true;0.04;213090.63;0.0417;KELLY_LITE(mult=1.00 taper=1.00 n=4)+HARD_RISK_CAP(2.0%)+MAXLOSS_CAP;213090.63;213099.63;33;0
2026.08.17 01:26:33;XAUUSD;5;1786927495;PROFIT_RATCHET_LOCKED;floor=3.83 peak=9.00;MANAGE_PROFIT;SAFE;1;1;1;-1;-1;4386.58;9.00;9.00;9.00;-2.00;KELLY_LITE;true;0.04;213090.63;0.0417;KELLY_LITE(mult=1.00 taper=1.00 n=4)+HARD_RISK_CAP(2.0%)+MAXLOSS_CAP;213090.63;213099.63;33;0
2026.08.17 01:26:34;XAUUSD;5;1786927495;SL_MODIFIED;ticket=119578249 oldSL=4388.31 newSL=4388.35 reason=break_even_lock_leg_0;MANAGE_PROFIT;SAFE;1;1;1;-1;-1;4386.58;9.16;9.16;9.16;-2.00;KELLY_LITE;true;0.04;213090.63;0.0417;KELLY_LITE(mult=1.00 taper=1.00 n=4)+HARD_RISK_CAP(2.0%)+MAXLOSS_CAP;213090.63;213099.79;33;0
2026.08.17 01:26:34;XAUUSD;5;1786927495;PROFIT_RATCHET_LOCKED;floor=3.89 peak=9.16;MANAGE_PROFIT;SAFE;1;1;1;-1;-1;4386.58;9.16;9.16;9.16;-2.00;KELLY_LITE;true;0.04;213090.63;0.0417;KELLY_LITE(mult=1.00 taper=1.00 n=4)+HARD_RISK_CAP(2.0%)+MAXLOSS_CAP;213090.63;213099.79;33;0
2026.08.17 01:26:34;XAUUSD;5;1786927495;PROFIT_RATCHET_LOCKED;floor=3.89 peak=9.16;MANAGE_PROFIT;SAFE;1;1;1;-1;-1;4386.58;9.04;9.04;9.16;-2.00;KELLY_LITE;true;0.04;213090.63;0.0417;KELLY_LITE(mult=1.00 taper=1.00 n=4)+HARD_RISK_CAP(2.0%)+MAXLOSS_CAP;213090.63;213099.67;33;0
2026.08.17 01:26:34;XAUUSD;5;1786927495;PROFIT_RATCHET_LOCKED;floor=3.89 peak=9.16;MANAGE_PROFIT;SAFE;1;1;1;-1;-1;4386.58;9.12;9.12;9.16;-2.00;KELLY_LITE;true;0.04;213090.63;0.0417;KELLY_LITE(mult=1.00 taper=1.00 n=4)+HARD_RISK_CAP(2.0%)+MAXLOSS_CAP;213090.63;213099.75;33;0
2026.08.17 01:26:35;XAUUSD;5;1786927495;PROFIT_RATCHET_LOCKED;floor=3.91 peak=9.20;MANAGE_PROFIT;SAFE;1;1;1;-1;-1;4386.58;9.20;9.20;9.20;-2.00;KELLY_LITE;true;0.04;213090.63;0.0417;KELLY_LITE(mult=1.00 taper=1.00 n=4)+HARD_RISK_CAP(2.0%)+MAXLOSS_CAP;213090.63;213099.83;33;0
2026.08.17 01:26:35;XAUUSD;5;1786927495;PROFIT_RATCHET_LOCKED;floor=3.91 peak=9.20;MANAGE_PROFIT;SAFE;1;1;1;-1;-1;4386.58;8.56;8.56;9.20;-2.00;KELLY_LITE;true;0.04;213090.63;0.0417;KELLY_LITE(mult=1.00 taper=1.00 n=4)+HARD_RISK_CAP(2.0%)+MAXLOSS_CAP;213090.63;213099.19;33;0
2026.08.17 01:26:35;XAUUSD;5;1786927495;PROFIT_RATCHET_LOCKED;floor=3.91 peak=9.20;MANAGE_PROFIT;SAFE;1;1;1;-1;-1;4386.58;8.56;8.56;9.20;-2.00;KELLY_LITE;true;0.04;213090.63;0.0417;KELLY_LITE(mult=1.00 taper=1.00 n=4)+HARD_RISK_CAP(2.0%)+MAXLOSS_CAP;213090.63;213099.19;30;0
2026.08.17 01:26:35;XAUUSD;5;1786927495;PROFIT_RATCHET_LOCKED;floor=3.91 peak=9.20;MANAGE_PROFIT;SAFE;1;1;1;-1;-1;4386.58;8.44;8.44;9.20;-2.00;KELLY_LITE;true;0.04;213090.63;0.0417;KELLY_LITE(mult=1.00 taper=1.00 n=4)+HARD_RISK_CAP(2.0%)+MAXLOSS_CAP;213090.63;213099.07;33;0
2026.08.17 01:26:35;XAUUSD;5;1786927495;PROFIT_RATCHET_LOCKED;floor=3.91 peak=9.20;MANAGE_PROFIT;SAFE;1;1;1;-1;-1;4386.58;8.60;8.60;9.20;-2.00;KELLY_LITE;true;0.04;213090.63;0.0417;KELLY_LITE(mult=1.00 taper=1.00 n=4)+HARD_RISK_CAP(2.0%)+MAXLOSS_CAP;213090.63;213099.23;33;0
2026.08.17 01:26:36;XAUUSD;5;1786927495;PROFIT_RATCHET_LOCKED;floor=3.91 peak=9.20;MANAGE_PROFIT;SAFE;1;1;1;-1;-1;4386.58;8.52;8.52;9.20;-2.00;KELLY_LITE;true;0.04;213090.63;0.0417;KELLY_LITE(mult=1.00 taper=1.00 n=4)+HARD_RISK_CAP(2.0%)+MAXLOSS_CAP;213090.63;213099.15;33;0
2026.08.17 01:26:36;XAUUSD;5;1786927495;PROFIT_RATCHET_LOCKED;floor=3.91 peak=9.20;MANAGE_PROFIT;SAFE;1;1;1;-1;-1;4386.58;9.20;9.20;9.20;-2.00;KELLY_LITE;true;0.04;213090.63;0.0417;KELLY_LITE(mult=1.00 taper=1.00 n=4)+HARD_RISK_CAP(2.0%)+MAXLOSS_CAP;213090.63;213099.83;37;0
2026.08.17 01:26:37;XAUUSD;5;1786927495;PROFIT_RATCHET_LOCKED;floor=4.13 peak=9.72;MANAGE_PROFIT;SAFE;1;1;1;-1;-1;4386.58;9.12;9.12;9.72;-2.00;KELLY_LITE;true;0.04;213090.63;0.0417;KELLY_LITE(mult=1.00 taper=1.00 n=4)+HARD_RISK_CAP(2.0%)+MAXLOSS_CAP;213090.63;213099.75;33;0
2026.08.17 01:26:37;XAUUSD;5;1786927495;PROFIT_RATCHET_LOCKED;floor=4.13 peak=9.72;MANAGE_PROFIT;SAFE;1;1;1;-1;-1;4386.58;9.12;9.12;9.72;-2.00;KELLY_LITE;true;0.04;213090.63;0.0417;KELLY_LITE(mult=1.00 taper=1.00 n=4)+HARD_RISK_CAP(2.0%)+MAXLOSS_CAP;213090.63;213099.75;33;0
2026.08.17 01:26:38;XAUUSD;5;1786927495;SL_MODIFIED;ticket=119578249 oldSL=4388.35 newSL=4388.43 reason=break_even_lock_leg_0;MANAGE_PROFIT;SAFE;1;1;1;-1;-1;4386.58;9.44;9.44;9.72;-2.00;KELLY_LITE;true;0.04;213090.63;0.0417;KELLY_LITE(mult=1.00 taper=1.00 n=4)+HARD_RISK_CAP(2.0%)+MAXLOSS_CAP;213090.63;213100.07;33;0
2026.08.17 01:26:38;XAUUSD;5;1786927495;PROFIT_RATCHET_LOCKED;floor=4.13 peak=9.72;MANAGE_PROFIT;SAFE;1;1;1;-1;-1;4386.58;9.44;9.44;9.72;-2.00;KELLY_LITE;true;0.04;213090.63;0.0417;KELLY_LITE(mult=1.00 taper=1.00 n=4)+HARD_RISK_CAP(2.0%)+MAXLOSS_CAP;213090.63;213100.07;33;0
2026.08.17 01:26:38;XAUUSD;5;1786927495;PROFIT_RATCHET_LOCKED;floor=4.13 peak=9.72;MANAGE_PROFIT;SAFE;1;1;1;-1;-1;4386.58;9.44;9.44;9.72;-2.00;KELLY_LITE;true;0.04;213090.63;0.0417;KELLY_LITE(mult=1.00 taper=1.00 n=4)+HARD_RISK_CAP(2.0%)+MAXLOSS_CAP;213090.63;213100.07;33;0
2026.08.17 01:26:38;XAUUSD;5;1786927495;PROFIT_RATCHET_LOCKED;floor=4.13 peak=9.72;MANAGE_PROFIT;SAFE;1;1;1;-1;-1;4386.58;9.36;9.36;9.72;-2.00;KELLY_LITE;true;0.04;213090.63;0.0417;KELLY_LITE(mult=1.00 taper=1.00 n=4)+HARD_RISK_CAP(2.0%)+MAXLOSS_CAP;213090.63;213099.99;33;0
2026.08.17 01:26:38;XAUUSD;5;1786927495;PROFIT_RATCHET_LOCKED;floor=4.13 peak=9.72;MANAGE_PROFIT;SAFE;1;1;1;-1;-1;4386.58;8.80;8.80;9.72;-2.00;KELLY_LITE;true;0.04;213090.63;0.0417;KELLY_LITE(mult=1.00 taper=1.00 n=4)+HARD_RISK_CAP(2.0%)+MAXLOSS_CAP;213090.63;213099.43;33;0
2026.08.17 01:26:38;XAUUSD;5;1786927495;PROFIT_RATCHET_LOCKED;floor=4.13 peak=9.72;MANAGE_PROFIT;SAFE;1;1;1;-1;-1;4386.58;9.08;9.08;9.72;-2.00;KELLY_LITE;true;0.04;213090.63;0.0417;KELLY_LITE(mult=1.00 taper=1.00 n=4)+HARD_RISK_CAP(2.0%)+MAXLOSS_CAP;213090.63;213099.71;33;0
2026.08.17 01:26:38;XAUUSD;5;1786927495;PROFIT_RATCHET_LOCKED;floor=4.13 peak=9.72;MANAGE_PROFIT;SAFE;1;1;1;-1;-1;4386.58;8.76;8.76;9.72;-2.00;KELLY_LITE;true;0.04;213090.63;0.0417;KELLY_LITE(mult=1.00 taper=1.00 n=4)+HARD_RISK_CAP(2.0%)+MAXLOSS_CAP;213090.63;213099.39;33;0
2026.08.17 01:26:39;XAUUSD;5;1786927495;PROFIT_RATCHET_LOCKED;floor=4.13 peak=9.72;MANAGE_PROFIT;SAFE;1;1;1;-1;-1;4386.58;8.68;8.68;9.72;-2.00;KELLY_LITE;true;0.04;213090.63;0.0417;KELLY_LITE(mult=1.00 taper=1.00 n=4)+HARD_RISK_CAP(2.0%)+MAXLOSS_CAP;213090.63;213099.31;33;0
2026.08.17 01:26:39;XAUUSD;5;1786927495;PROFIT_RATCHET_LOCKED;floor=4.13 peak=9.72;MANAGE_PROFIT;SAFE;1;1;1;-1;-1;4386.58;8.64;8.64;9.72;-2.00;KELLY_LITE;true;0.04;213090.63;0.0417;KELLY_LITE(mult=1.00 taper=1.00 n=4)+HARD_RISK_CAP(2.0%)+MAXLOSS_CAP;213090.63;213099.27;33;0
2026.08.17 01:26:40;XAUUSD;5;1786927495;PROFIT_RATCHET_LOCKED;floor=4.13 peak=9.72;MANAGE_PROFIT;SAFE;1;1;1;-1;-1;4386.58;8.68;8.68;9.72;-2.00;KELLY_LITE;true;0.04;213090.63;0.0417;KELLY_LITE(mult=1.00 taper=1.00 n=4)+HARD_RISK_CAP(2.0%)+MAXLOSS_CAP;213090.63;213099.31;33;0
2026.08.17 01:26:40;XAUUSD;5;1786927495;PROFIT_RATCHET_LOCKED;floor=4.13 peak=9.72;MANAGE_PROFIT;SAFE;1;1;1;-1;-1;4386.58;8.80;8.80;9.72;-2.00;KELLY_LITE;true;0.04;213090.63;0.0417;KELLY_LITE(mult=1.00 taper=1.00 n=4)+HARD_RISK_CAP(2.0%)+MAXLOSS_CAP;213090.63;213099.43;33;0
2026.08.17 01:26:40;XAUUSD;5;1786927495;PROFIT_RATCHET_LOCKED;floor=4.13 peak=9.72;MANAGE_PROFIT;SAFE;1;1;1;-1;-1;4386.58;9.48;9.48;9.72;-2.00;KELLY_LITE;true;0.04;213090.63;0.0417;KELLY_LITE(mult=1.00 taper=1.00 n=4)+HARD_RISK_CAP(2.0%)+MAXLOSS_CAP;213090.63;213100.11;33;0
2026.08.17 01:26:41;XAUUSD;5;1786927495;SL_MODIFIED;ticket=119578249 oldSL=4388.43 newSL=4388.57 reason=break_even_lock_leg_0 (retry buf=3pt);MANAGE_PROFIT;SAFE;1;1;1;-1;-1;4386.58;10.40;10.40;10.20;-2.00;KELLY_LITE;true;0.04;213090.63;0.0417;KELLY_LITE(mult=1.00 taper=1.00 n=4)+HARD_RISK_CAP(2.0%)+MAXLOSS_CAP;213090.63;213101.03;33;0
2026.08.17 01:26:41;XAUUSD;5;1786927495;PROFIT_RATCHET_LOCKED;floor=4.33 peak=10.20;MANAGE_PROFIT;SAFE;1;1;1;-1;-1;4386.58;10.40;10.40;10.20;-2.00;KELLY_LITE;true;0.04;213090.63;0.0417;KELLY_LITE(mult=1.00 taper=1.00 n=4)+HARD_RISK_CAP(2.0%)+MAXLOSS_CAP;213090.63;213101.03;33;0
2026.08.17 01:26:42;XAUUSD;5;1786927495;SL_MODIFIED;ticket=119578249 oldSL=4388.57 newSL=4388.68 reason=break_even_lock_leg_0;MANAGE_PROFIT;SAFE;1;1;1;-1;-1;4386.58;10.48;10.52;10.48;-2.00;KELLY_LITE;true;0.04;213090.63;0.0417;KELLY_LITE(mult=1.00 taper=1.00 n=4)+HARD_RISK_CAP(2.0%)+MAXLOSS_CAP;213090.63;213101.11;33;0
2026.08.17 01:26:42;XAUUSD;5;1786927495;PROFIT_RATCHET_LOCKED;floor=4.45 peak=10.48;MANAGE_PROFIT;SAFE;1;1;1;-1;-1;4386.58;10.48;10.52;10.48;-2.00;KELLY_LITE;true;0.04;213090.63;0.0417;KELLY_LITE(mult=1.00 taper=1.00 n=4)+HARD_RISK_CAP(2.0%)+MAXLOSS_CAP;213090.63;213101.11;33;0
2026.08.17 01:26:42;XAUUSD;5;1786927495;PROFIT_RATCHET_LOCKED;floor=4.45 peak=10.48;MANAGE_PROFIT;SAFE;1;1;1;-1;-1;4386.58;10.48;10.52;10.48;-2.00;KELLY_LITE;true;0.04;213090.63;0.0417;KELLY_LITE(mult=1.00 taper=1.00 n=4)+HARD_RISK_CAP(2.0%)+MAXLOSS_CAP;213090.63;213101.11;33;0
2026.08.17 01:26:42;XAUUSD;5;1786927495;PROFIT_RATCHET_LOCKED;floor=4.45 peak=10.48;MANAGE_PROFIT;SAFE;1;1;1;-1;-1;4386.58;10.16;10.16;10.48;-2.00;KELLY_LITE;true;0.04;213090.63;0.0417;KELLY_LITE(mult=1.00 taper=1.00 n=4)+HARD_RISK_CAP(2.0%)+MAXLOSS_CAP;213090.63;213100.79;33;0
2026.08.17 01:26:42;XAUUSD;5;1786927495;PROFIT_RATCHET_LOCKED;floor=4.49 peak=10.56;MANAGE_PROFIT;SAFE;1;1;1;-1;-1;4386.58;10.56;10.56;10.56;-2.00;KELLY_LITE;true;0.04;213090.63;0.0417;KELLY_LITE(mult=1.00 taper=1.00 n=4)+HARD_RISK_CAP(2.0%)+MAXLOSS_CAP;213090.63;213101.19;33;0
2026.08.17 01:26:44;XAUUSD;5;1786927495;SL_MODIFIED;ticket=119578249 oldSL=4388.68 newSL=4388.75 reason=break_even_lock_leg_0;MANAGE_PROFIT;SAFE;1;1;1;-1;-1;4386.58;10.80;10.80;10.76;-2.00;KELLY_LITE;true;0.04;213090.63;0.0417;KELLY_LITE(mult=1.00 taper=1.00 n=4)+HARD_RISK_CAP(2.0%)+MAXLOSS_CAP;213090.63;213101.43;33;0
2026.08.17 01:26:44;XAUUSD;5;1786927495;PROFIT_RATCHET_LOCKED;floor=4.57 peak=10.76;MANAGE_PROFIT;SAFE;1;1;1;-1;-1;4386.58;10.80;10.80;10.76;-2.00;KELLY_LITE;true;0.04;213090.63;0.0417;KELLY_LITE(mult=1.00 taper=1.00 n=4)+HARD_RISK_CAP(2.0%)+MAXLOSS_CAP;213090.63;213101.43;33;0
2026.08.17 01:26:44;XAUUSD;5;1786927495;PROFIT_RATCHET_LOCKED;floor=4.59 peak=10.80;MANAGE_PROFIT;SAFE;1;1;1;-1;-1;4386.58;10.80;10.80;10.80;-2.00;KELLY_LITE;true;0.04;213090.63;0.0417;KELLY_LITE(mult=1.00 taper=1.00 n=4)+HARD_RISK_CAP(2.0%)+MAXLOSS_CAP;213090.63;213101.43;33;0
2026.08.17 01:26:44;XAUUSD;5;1786927495;PROFIT_RATCHET_LOCKED;floor=4.61 peak=10.84;MANAGE_PROFIT;SAFE;1;1;1;-1;-1;4386.58;9.32;9.32;10.84;-2.00;KELLY_LITE;true;0.04;213090.63;0.0417;KELLY_LITE(mult=1.00 taper=1.00 n=4)+HARD_RISK_CAP(2.0%)+MAXLOSS_CAP;213090.63;213099.95;33;0
2026.08.17 01:26:44;XAUUSD;5;1786927495;EXIT_TIERED_TRAIL;profit=9.32 peak=10.84 allowedRetrace=1.30;MANAGE_PROFIT;SAFE;1;1;1;-1;-1;4386.58;9.32;9.32;10.84;-2.00;KELLY_LITE;true;0.04;213090.63;0.0417;KELLY_LITE(mult=1.00 taper=1.00 n=4)+HARD_RISK_CAP(2.0%)+MAXLOSS_CAP;213090.63;213099.95;33;0
2026.08.17 01:26:45;XAUUSD;5;1786927495;PENDING_DELETED;ticket=119578494 reason=close_all_hedge;MANAGE_PROFIT;SAFE;0;0;0;-1;-1;4386.58;0.00;0.00;10.84;-2.00;KELLY_LITE;true;0.04;213090.63;0.0417;KELLY_LITE(mult=1.00 taper=1.00 n=4)+HARD_RISK_CAP(2.0%)+MAXLOSS_CAP;213099.31;213099.31;37;0
2026.08.17 01:26:45;XAUUSD;5;1786927495;TRADELOG_RECOVER_CLOSE;ticket=119578249 type=main pnl=8.68;RESET;SAFE;0;0;0;-1;-1;4386.58;0.00;0.00;10.84;-2.00;KELLY_LITE;true;0.04;213090.63;0.0417;KELLY_LITE(mult=1.00 taper=1.00 n=4)+HARD_RISK_CAP(2.0%)+MAXLOSS_CAP;213099.31;213099.31;37;0
2026.08.17 01:26:45;XAUUSD;5;1786927495;CYCLE_RESET;oldState=RESET realizedPnL=8.68 peak=10.84 worst=-2.00 pyramid=0 consLosses=0;RESET;SAFE;0;0;0;-1;-1;4386.58;0.00;0.00;10.84;-2.00;KELLY_LITE;true;0.04;213090.63;0.0417;KELLY_LITE(mult=1.00 taper=1.00 n=4)+HARD_RISK_CAP(2.0%)+MAXLOSS_CAP;213099.31;213099.31;37;0
2026.08.17 01:31:45;XAUUSD;5;1786927496;PLACE_PENDING_START;cycle=1786927496 trend=0 consecLosses=0 preset=AGGRESSIVE;PLACE_PENDING;SAFE;0;0;0;-1;-1;0.00;0.00;0.00;0.00;0.00;KELLY_LITE;true;0.04;213090.63;0.0417;KELLY_LITE(mult=1.00 taper=1.00 n=4)+HARD_RISK_CAP(2.0%)+MAXLOSS_CAP;213099.31;213099.31;33;0
2026.08.17 01:31:46;XAUUSD;5;1786927496;OCO_PLACED;buy=119580093 4395.15 lot=0.04 sell=119580095 4391.00 lot=0.03 dist=1.91;WAIT_TRIGGER;SAFE;0;2;0;119580093;119580095;0.00;0.00;0.00;0.00;0.00;KELLY_LITE;true;0.04;213099.31;0.0417;KELLY_LITE(mult=1.12 taper=1.00 n=5)+HARD_RISK_CAP(2.0%)+MAXLOSS_CAP;213099.31;213099.31;33;0
2026.08.17 01:31:50;XAUUSD;5;1786927496;BUY_STOP_TRAILED;Old=4395.15 New=4394.77;WAIT_TRIGGER;SAFE;0;2;0;119580093;119580095;0.00;0.00;0.00;0.00;0.00;KELLY_LITE;true;0.04;213099.31;0.0417;KELLY_LITE(mult=1.12 taper=1.00 n=5)+HARD_RISK_CAP(2.0%)+MAXLOSS_CAP;213099.31;213099.31;33;0
2026.08.17 01:32:17;XAUUSD;5;1786927496;SELL_STOP_TRAILED;Old=4391.00 New=4391.38;WAIT_TRIGGER;SAFE;0;2;0;119580093;119580095;0.00;0.00;0.00;0.00;0.00;KELLY_LITE;true;0.04;213099.31;0.0417;KELLY_LITE(mult=1.12 taper=1.00 n=5)+HARD_RISK_CAP(2.0%)+MAXLOSS_CAP;213099.31;213099.31;33;0
2026.08.17 01:32:29;XAUUSD;5;1786927496;SELL_STOP_TRAILED;Old=4391.38 New=4391.83;WAIT_TRIGGER;SAFE;0;2;0;119580093;119580095;0.00;0.00;0.00;0.00;0.00;KELLY_LITE;true;0.04;213099.31;0.0417;KELLY_LITE(mult=1.12 taper=1.00 n=5)+HARD_RISK_CAP(2.0%)+MAXLOSS_CAP;213099.31;213099.31;33;0
2026.08.17 01:32:30;XAUUSD;5;1786927496;SELL_STOP_TRAILED;Old=4391.83 New=4392.27;WAIT_TRIGGER;SAFE;0;2;0;119580093;119580095;0.00;0.00;0.00;0.00;0.00;KELLY_LITE;true;0.04;213099.31;0.0417;KELLY_LITE(mult=1.12 taper=1.00 n=5)+HARD_RISK_CAP(2.0%)+MAXLOSS_CAP;213099.31;213099.31;33;0
2026.08.17 01:34:20;XAUUSD;5;1786927496;OCO_TRIGGERED_SELL;ticket=119580095 entry=4392.27;POSITION_ACTIVE;SAFE;1;1;0;119580093;-1;0.00;-0.75;-0.75;0.00;0.00;KELLY_LITE;true;0.04;213099.31;0.0417;KELLY_LITE(mult=1.12 taper=1.00 n=5)+HARD_RISK_CAP(2.0%)+MAXLOSS_CAP;213099.31;213098.56;33;0
2026.08.17 01:34:21;XAUUSD;5;1786927496;PENDING_DELETED;ticket=119580093 reason=oco_sell_triggered;POSITION_ACTIVE;SAFE;1;0;0;119580093;-1;0.00;-0.87;-0.87;0.00;0.00;KELLY_LITE;true;0.04;213099.31;0.0417;KELLY_LITE(mult=1.12 taper=1.00 n=5)+HARD_RISK_CAP(2.0%)+MAXLOSS_CAP;213099.31;213098.44;33;0
2026.08.17 01:34:21;XAUUSD;5;1786927496;HEDGE_BLOCK_CONFIRM;need=1 adverse bars;POSITION_ACTIVE;SAFE;1;0;1;-1;-1;4392.27;-0.87;-0.87;0.00;-0.87;KELLY_LITE;true;0.04;213099.31;0.0417;KELLY_LITE(mult=1.12 taper=1.00 n=5)+HARD_RISK_CAP(2.0%)+MAXLOSS_CAP;213099.31;213098.44;33;0
2026.08.17 01:34:21;XAUUSD;5;1786927496;SL_MODIFIED;ticket=119580095 oldSL=4404.27 newSL=4394.94 reason=early_loss_hard_sl_leg_0;MANAGE_PROFIT;SAFE;1;0;1;-1;-1;4392.27;-1.41;-1.23;0.00;-0.87;KELLY_LITE;true;0.04;213099.31;0.0417;KELLY_LITE(mult=1.12 taper=1.00 n=5)+HARD_RISK_CAP(2.0%)+MAXLOSS_CAP;213099.31;213097.90;33;0
2026.08.17 01:34:51;XAUUSD;5;1786927496;HEDGE_BLOCK_CONFIRM;need=1 adverse bars;MANAGE_PROFIT;SAFE;1;0;1;-1;-1;4392.27;-1.11;-1.11;0.00;-2.85;KELLY_LITE;true;0.04;213099.31;0.0417;KELLY_LITE(mult=1.12 taper=1.00 n=5)+HARD_RISK_CAP(2.0%)+MAXLOSS_CAP;213099.31;213098.20;33;0
2026.08.17 01:35:00;XAUUSD;5;1786927496;HEDGE_PENDING_PLACED;dir=BUY_STOP ticket=119580689 price=4395.92 sl=4392.92 lot=0.05 mainEntry=4392.27 dist=3.00 confirmBars=1;MANAGE_PROFIT;SAFE;1;1;1;-1;-1;4392.27;-1.89;-1.89;0.00;-2.85;KELLY_LITE;true;0.04;213099.31;0.0417;KELLY_LITE(mult=1.12 taper=1.00 n=5)+HARD_RISK_CAP(2.0%)+MAXLOSS_CAP;213099.31;213097.42;33;0
2026.08.17 01:37:20;XAUUSD;5;1786927496;SL_MODIFIED;ticket=119580095 oldSL=4394.94 newSL=4389.92 reason=break_even_lock_leg_0 (retry buf=3pt);MANAGE_PROFIT;SAFE;1;1;1;-1;-1;4392.27;8.64;8.64;8.88;-3.42;KELLY_LITE;true;0.04;213099.31;0.0417;KELLY_LITE(mult=1.12 taper=1.00 n=5)+HARD_RISK_CAP(2.0%)+MAXLOSS_CAP;213099.31;213107.95;33;0
2026.08.17 01:37:20;XAUUSD;5;1786927496;PROFIT_RATCHET_LOCKED;floor=3.77 peak=8.88;MANAGE_PROFIT;SAFE;1;1;1;-1;-1;4392.27;8.64;8.64;8.88;-3.42;KELLY_LITE;true;0.04;213099.31;0.0417;KELLY_LITE(mult=1.12 taper=1.00 n=5)+HARD_RISK_CAP(2.0%)+MAXLOSS_CAP;213099.31;213107.95;33;0
2026.08.17 01:37:20;XAUUSD;5;1786927496;PROFIT_RATCHET_LOCKED;floor=3.77 peak=8.88;MANAGE_PROFIT;SAFE;1;1;1;-1;-1;4392.27;8.64;8.64;8.88;-3.42;KELLY_LITE;true;0.04;213099.31;0.0417;KELLY_LITE(mult=1.12 taper=1.00 n=5)+HARD_RISK_CAP(2.0%)+MAXLOSS_CAP;213099.31;213107.95;33;0
2026.08.17 01:37:21;XAUUSD;5;1786927496;PROFIT_RATCHET_LOCKED;floor=3.77 peak=8.88;MANAGE_PROFIT;SAFE;1;1;1;-1;-1;4392.27;8.58;8.58;8.88;-3.42;KELLY_LITE;true;0.04;213099.31;0.0417;KELLY_LITE(mult=1.12 taper=1.00 n=5)+HARD_RISK_CAP(2.0%)+MAXLOSS_CAP;213099.31;213107.89;33;0
2026.08.17 01:37:21;XAUUSD;5;1786927496;PROFIT_RATCHET_LOCKED;floor=3.77 peak=8.88;MANAGE_PROFIT;SAFE;1;1;1;-1;-1;4392.27;8.61;8.61;8.88;-3.42;KELLY_LITE;true;0.04;213099.31;0.0417;KELLY_LITE(mult=1.12 taper=1.00 n=5)+HARD_RISK_CAP(2.0%)+MAXLOSS_CAP;213099.31;213107.92;33;0
2026.08.17 01:37:22;XAUUSD;5;1786927496;SL_MODIFIED;ticket=119580095 oldSL=4389.92 newSL=4389.70 reason=break_even_lock_leg_0;MANAGE_PROFIT;SAFE;1;1;1;-1;-1;4392.27;9.24;9.24;9.27;-3.42;KELLY_LITE;true;0.04;213099.31;0.0417;KELLY_LITE(mult=1.12 taper=1.00 n=5)+HARD_RISK_CAP(2.0%)+MAXLOSS_CAP;213099.31;213108.55;32;0
2026.08.17 01:37:22;XAUUSD;5;1786927496;PROFIT_RATCHET_LOCKED;floor=3.94 peak=9.27;MANAGE_PROFIT;SAFE;1;1;1;-1;-1;4392.27;9.24;9.24;9.27;-3.42;KELLY_LITE;true;0.04;213099.31;0.0417;KELLY_LITE(mult=1.12 taper=1.00 n=5)+HARD_RISK_CAP(2.0%)+MAXLOSS_CAP;213099.31;213108.55;32;0
2026.08.17 01:37:22;XAUUSD;5;1786927496;PROFIT_RATCHET_LOCKED;floor=3.94 peak=9.27;MANAGE_PROFIT;SAFE;1;1;1;-1;-1;4392.27;9.24;9.24;9.27;-3.42;KELLY_LITE;true;0.04;213099.31;0.0417;KELLY_LITE(mult=1.12 taper=1.00 n=5)+HARD_RISK_CAP(2.0%)+MAXLOSS_CAP;213099.31;213108.55;32;0
2026.08.17 01:37:22;XAUUSD;5;1786927496;PROFIT_RATCHET_LOCKED;floor=3.94 peak=9.27;MANAGE_PROFIT;SAFE;1;1;1;-1;-1;4392.27;9.24;9.24;9.27;-3.42;KELLY_LITE;true;0.04;213099.31;0.0417;KELLY_LITE(mult=1.12 taper=1.00 n=5)+HARD_RISK_CAP(2.0%)+MAXLOSS_CAP;213099.31;213108.55;33;0
2026.08.17 01:37:22;XAUUSD;5;1786927496;SL_MODIFIED;ticket=119580095 oldSL=4389.70 newSL=4389.58 reason=break_even_lock_leg_0;MANAGE_PROFIT;SAFE;1;1;1;-1;-1;4392.27;9.63;9.63;9.63;-3.42;KELLY_LITE;true;0.04;213099.31;0.0417;KELLY_LITE(mult=1.12 taper=1.00 n=5)+HARD_RISK_CAP(2.0%)+MAXLOSS_CAP;213099.31;213108.94;33;0
2026.08.17 01:37:22;XAUUSD;5;1786927496;PROFIT_RATCHET_LOCKED;floor=4.09 peak=9.63;MANAGE_PROFIT;SAFE;1;1;1;-1;-1;4392.27;9.63;9.63;9.63;-3.42;KELLY_LITE;true;0.04;213099.31;0.0417;KELLY_LITE(mult=1.12 taper=1.00 n=5)+HARD_RISK_CAP(2.0%)+MAXLOSS_CAP;213099.31;213108.94;33;0
2026.08.17 01:37:22;XAUUSD;5;1786927496;PROFIT_RATCHET_LOCKED;floor=4.09 peak=9.63;MANAGE_PROFIT;SAFE;1;1;1;-1;-1;4392.27;9.63;9.63;9.63;-3.42;KELLY_LITE;true;0.04;213099.31;0.0417;KELLY_LITE(mult=1.12 taper=1.00 n=5)+HARD_RISK_CAP(2.0%)+MAXLOSS_CAP;213099.31;213108.94;33;0
2026.08.17 01:37:23;XAUUSD;5;1786927496;PROFIT_RATCHET_LOCKED;floor=4.09 peak=9.63;MANAGE_PROFIT;SAFE;1;1;1;-1;-1;4392.27;9.57;9.57;9.63;-3.42;KELLY_LITE;true;0.04;213099.31;0.0417;KELLY_LITE(mult=1.12 taper=1.00 n=5)+HARD_RISK_CAP(2.0%)+MAXLOSS_CAP;213099.31;213108.88;34;0
2026.08.17 01:37:23;XAUUSD;5;1786927496;PROFIT_RATCHET_LOCKED;floor=4.09 peak=9.63;MANAGE_PROFIT;SAFE;1;1;1;-1;-1;4392.27;8.58;8.58;9.63;-3.42;KELLY_LITE;true;0.04;213099.31;0.0417;KELLY_LITE(mult=1.12 taper=1.00 n=5)+HARD_RISK_CAP(2.0%)+MAXLOSS_CAP;213099.31;213107.89;37;0
2026.08.17 01:37:23;XAUUSD;5;1786927496;PROFIT_RATCHET_LOCKED;floor=4.09 peak=9.63;MANAGE_PROFIT;SAFE;1;1;1;-1;-1;4392.27;8.58;8.58;9.63;-3.42;KELLY_LITE;true;0.04;213099.31;0.0417;KELLY_LITE(mult=1.12 taper=1.00 n=5)+HARD_RISK_CAP(2.0%)+MAXLOSS_CAP;213099.31;213107.89;37;0
2026.08.17 01:37:23;XAUUSD;5;1786927496;PROFIT_RATCHET_LOCKED;floor=4.09 peak=9.63;MANAGE_PROFIT;SAFE;1;1;1;-1;-1;4392.27;8.34;8.34;9.63;-3.42;KELLY_LITE;true;0.04;213099.31;0.0417;KELLY_LITE(mult=1.12 taper=1.00 n=5)+HARD_RISK_CAP(2.0%)+MAXLOSS_CAP;213099.31;213107.65;33;0
2026.08.17 01:37:24;XAUUSD;5;1786927496;PROFIT_RATCHET_LOCKED;floor=4.09 peak=9.63;MANAGE_PROFIT;SAFE;1;1;1;-1;-1;4392.27;8.25;8.25;9.63;-3.42;KELLY_LITE;true;0.04;213099.31;0.0417;KELLY_LITE(mult=1.12 taper=1.00 n=5)+HARD_RISK_CAP(2.0%)+MAXLOSS_CAP;213099.31;213107.56;33;0
2026.08.17 01:37:24;XAUUSD;5;1786927496;PROFIT_RATCHET_LOCKED;floor=4.09 peak=9.63;MANAGE_PROFIT;SAFE;1;1;1;-1;-1;4392.27;8.28;8.28;9.63;-3.42;KELLY_LITE;true;0.04;213099.31;0.0417;KELLY_LITE(mult=1.12 taper=1.00 n=5)+HARD_RISK_CAP(2.0%)+MAXLOSS_CAP;213099.31;213107.59;33;0
2026.08.17 01:37:24;XAUUSD;5;1786927496;PROFIT_RATCHET_LOCKED;floor=4.09 peak=9.63;MANAGE_PROFIT;SAFE;1;1;1;-1;-1;4392.27;8.22;8.22;9.63;-3.42;KELLY_LITE;true;0.04;213099.31;0.0417;KELLY_LITE(mult=1.12 taper=1.00 n=5)+HARD_RISK_CAP(2.0%)+MAXLOSS_CAP;213099.31;213107.53;33;0
2026.08.17 01:37:25;XAUUSD;5;1786927496;PROFIT_RATCHET_LOCKED;floor=4.09 peak=9.63;MANAGE_PROFIT;SAFE;1;1;1;-1;-1;4392.27;8.64;8.64;9.63;-3.42;KELLY_LITE;true;0.04;213099.31;0.0417;KELLY_LITE(mult=1.12 taper=1.00 n=5)+HARD_RISK_CAP(2.0%)+MAXLOSS_CAP;213099.31;213107.95;33;0
2026.08.17 01:37:25;XAUUSD;5;1786927496;PROFIT_RATCHET_LOCKED;floor=4.09 peak=9.63;MANAGE_PROFIT;SAFE;1;1;1;-1;-1;4392.27;8.61;8.61;9.63;-3.42;KELLY_LITE;true;0.04;213099.31;0.0417;KELLY_LITE(mult=1.12 taper=1.00 n=5)+HARD_RISK_CAP(2.0%)+MAXLOSS_CAP;213099.31;213107.92;33;0
2026.08.17 01:37:25;XAUUSD;5;1786927496;PROFIT_RATCHET_LOCKED;floor=4.09 peak=9.63;MANAGE_PROFIT;SAFE;1;1;1;-1;-1;4392.27;8.67;8.67;9.63;-3.42;KELLY_LITE;true;0.04;213099.31;0.0417;KELLY_LITE(mult=1.12 taper=1.00 n=5)+HARD_RISK_CAP(2.0%)+MAXLOSS_CAP;213099.31;213107.98;33;0
2026.08.17 01:37:25;XAUUSD;5;1786927496;PROFIT_RATCHET_LOCKED;floor=4.09 peak=9.63;MANAGE_PROFIT;SAFE;1;1;1;-1;-1;4392.27;8.58;8.58;9.63;-3.42;KELLY_LITE;true;0.04;213099.31;0.0417;KELLY_LITE(mult=1.12 taper=1.00 n=5)+HARD_RISK_CAP(2.0%)+MAXLOSS_CAP;213099.31;213107.89;33;0
2026.08.17 01:37:26;XAUUSD;5;1786927496;PROFIT_RATCHET_LOCKED;floor=4.09 peak=9.63;MANAGE_PROFIT;SAFE;1;1;1;-1;-1;4392.27;8.43;8.43;9.63;-3.42;KELLY_LITE;true;0.04;213099.31;0.0417;KELLY_LITE(mult=1.12 taper=1.00 n=5)+HARD_RISK_CAP(2.0%)+MAXLOSS_CAP;213099.31;213107.74;33;0
2026.08.17 01:37:26;XAUUSD;5;1786927496;PROFIT_RATCHET_LOCKED;floor=4.09 peak=9.63;MANAGE_PROFIT;SAFE;1;1;1;-1;-1;4392.27;8.37;8.37;9.63;-3.42;KELLY_LITE;true;0.04;213099.31;0.0417;KELLY_LITE(mult=1.12 taper=1.00 n=5)+HARD_RISK_CAP(2.0%)+MAXLOSS_CAP;213099.31;213107.68;33;0
2026.08.17 01:37:26;XAUUSD;5;1786927496;PROFIT_RATCHET_LOCKED;floor=4.09 peak=9.63;MANAGE_PROFIT;SAFE;1;1;1;-1;-1;4392.27;8.25;8.25;9.63;-3.42;KELLY_LITE;true;0.04;213099.31;0.0417;KELLY_LITE(mult=1.12 taper=1.00 n=5)+HARD_RISK_CAP(2.0%)+MAXLOSS_CAP;213099.31;213107.56;33;0
2026.08.17 01:37:27;XAUUSD;5;1786927496;PROFIT_RATCHET_LOCKED;floor=4.09 peak=9.63;MANAGE_PROFIT;SAFE;1;1;1;-1;-1;4392.27;8.34;8.34;9.63;-3.42;KELLY_LITE;true;0.04;213099.31;0.0417;KELLY_LITE(mult=1.12 taper=1.00 n=5)+HARD_RISK_CAP(2.0%)+MAXLOSS_CAP;213099.31;213107.65;33;0
2026.08.17 01:37:27;XAUUSD;5;1786927496;RECONCILED_BROKER_CLOSE;ticket=119580095 type=main pnl=8.07;MANAGE_PROFIT;SAFE;0;1;1;-1;-1;4392.27;0.00;0.00;9.63;-3.42;KELLY_LITE;true;0.04;213099.31;0.0417;KELLY_LITE(mult=1.12 taper=1.00 n=5)+HARD_RISK_CAP(2.0%)+MAXLOSS_CAP;213107.38;213107.38;33;0
2026.08.17 01:37:28;XAUUSD;5;1786927496;PENDING_DELETED;ticket=119580689 reason=main_gone_hedge_pending;WAIT_TRIGGER;SAFE;0;0;1;-1;-1;4392.27;0.00;0.00;9.63;-3.42;KELLY_LITE;true;0.04;213099.31;0.0417;KELLY_LITE(mult=1.12 taper=1.00 n=5)+HARD_RISK_CAP(2.0%)+MAXLOSS_CAP;213107.38;213107.38;33;0
2026.08.17 01:37:28;XAUUSD;5;1786927496;HEDGE_PENDING_CLEANUP;main_position_gone;WAIT_TRIGGER;SAFE;0;0;1;-1;-1;4392.27;0.00;0.00;9.63;-3.42;KELLY_LITE;true;0.04;213099.31;0.0417;KELLY_LITE(mult=1.12 taper=1.00 n=5)+HARD_RISK_CAP(2.0%)+MAXLOSS_CAP;213107.38;213107.38;33;0
2026.08.17 01:37:28;XAUUSD;5;1786927496;CYCLE_RESET;oldState=WAIT_TRIGGER realizedPnL=8.07 peak=9.63 worst=-3.42 pyramid=1 consLosses=0;WAIT_TRIGGER;SAFE;0;0;1;-1;-1;4392.27;0.00;0.00;9.63;-3.42;KELLY_LITE;true;0.04;213099.31;0.0417;KELLY_LITE(mult=1.12 taper=1.00 n=5)+HARD_RISK_CAP(2.0%)+MAXLOSS_CAP;213107.38;213107.38;33;0
2026.08.17 01:42:28;XAUUSD;5;1786927497;PLACE_PENDING_START;cycle=1786927497 trend=0 consecLosses=0 preset=AGGRESSIVE;PLACE_PENDING;SAFE;0;0;0;-1;-1;0.00;0.00;0.00;0.00;0.00;KELLY_LITE;true;0.04;213099.31;0.0417;KELLY_LITE(mult=1.12 taper=1.00 n=5)+HARD_RISK_CAP(2.0%)+MAXLOSS_CAP;213107.38;213107.38;33;0
2026.08.17 01:42:29;XAUUSD;5;1786927497;OCO_PLACED;buy=119581874 4392.58 lot=0.04 sell=119581877 4388.45 lot=0.03 dist=1.90;WAIT_TRIGGER;SAFE;0;2;0;119581874;119581877;0.00;0.00;0.00;0.00;0.00;KELLY_LITE;true;0.04;213107.38;0.0417;KELLY_LITE(mult=1.15 taper=1.00 n=6)+HARD_RISK_CAP(2.0%)+MAXLOSS_CAP;213107.38;213107.38;33;0
2026.08.17 01:42:43;XAUUSD;5;1786927497;BUY_STOP_TRAILED;Old=4392.58 New=4392.21;WAIT_TRIGGER;SAFE;0;2;0;119581874;119581877;0.00;0.00;0.00;0.00;0.00;KELLY_LITE;true;0.04;213107.38;0.0417;KELLY_LITE(mult=1.15 taper=1.00 n=6)+HARD_RISK_CAP(2.0%)+MAXLOSS_CAP;213107.38;213107.38;33;0
2026.08.17 01:43:14;XAUUSD;5;1786927497;SELL_STOP_TRAILED;Old=4388.45 New=4389.03;WAIT_TRIGGER;SAFE;0;2;0;119581874;119581877;0.00;0.00;0.00;0.00;0.00;KELLY_LITE;true;0.04;213107.38;0.0417;KELLY_LITE(mult=1.15 taper=1.00 n=6)+HARD_RISK_CAP(2.0%)+MAXLOSS_CAP;213107.38;213107.38;31;0
2026.08.17 01:43:14;XAUUSD;5;1786927497;SELL_STOP_TRAILED;Old=4389.03 New=4389.41;WAIT_TRIGGER;SAFE;0;2;0;119581874;119581877;0.00;0.00;0.00;0.00;0.00;KELLY_LITE;true;0.04;213107.38;0.0417;KELLY_LITE(mult=1.15 taper=1.00 n=6)+HARD_RISK_CAP(2.0%)+MAXLOSS_CAP;213107.38;213107.38;33;0
2026.08.17 01:43:45;XAUUSD;5;1786927497;OCO_TRIGGERED_BUY;ticket=119581874 entry=4392.21;POSITION_ACTIVE;SAFE;1;1;0;-1;119581877;0.00;0.40;-3.84;0.00;0.00;KELLY_LITE;true;0.04;213107.38;0.0417;KELLY_LITE(mult=1.15 taper=1.00 n=6)+HARD_RISK_CAP(2.0%)+MAXLOSS_CAP;213107.38;213107.78;30;0
2026.08.17 01:43:45;XAUUSD;5;1786927497;PENDING_DELETED;ticket=119581877 reason=oco_buy_triggered;POSITION_ACTIVE;SAFE;1;0;0;-1;119581877;0.00;-1.52;-1.52;0.00;0.00;KELLY_LITE;true;0.04;213107.38;0.0417;KELLY_LITE(mult=1.15 taper=1.00 n=6)+HARD_RISK_CAP(2.0%)+MAXLOSS_CAP;213107.38;213105.86;30;0
2026.08.17 01:43:46;XAUUSD;5;1786927497;HEDGE_PENDING_PLACED;dir=SELL_STOP ticket=119582064 price=4388.83 sl=4391.83 lot=0.05 mainEntry=4392.21 dist=3.00 confirmBars=1;POSITION_ACTIVE;SAFE;1;1;1;-1;-1;4392.21;-1.72;-1.72;0.00;-1.52;KELLY_LITE;true;0.04;213107.38;0.0417;KELLY_LITE(mult=1.15 taper=1.00 n=6)+HARD_RISK_CAP(2.0%)+MAXLOSS_CAP;213107.38;213105.66;30;0
2026.08.17 01:43:46;XAUUSD;5;1786927497;SL_MODIFIED;ticket=119581874 oldSL=4380.21 newSL=4390.21 reason=early_loss_hard_sl_leg_0;MANAGE_PROFIT;SAFE;1;1;1;-1;-1;4392.21;-0.96;-0.96;0.00;-1.72;KELLY_LITE;true;0.04;213107.38;0.0417;KELLY_LITE(mult=1.15 taper=1.00 n=6)+HARD_RISK_CAP(2.0%)+MAXLOSS_CAP;213107.38;213106.42;30;0
2026.08.17 01:44:18;XAUUSD;5;1786927497;SL_MODIFIED;ticket=119581874 oldSL=4390.21 newSL=4393.48 reason=break_even_lock_leg_0 (retry buf=3pt);MANAGE_PROFIT;SAFE;1;1;1;-1;-1;4392.21;8.40;8.40;8.24;-1.96;KELLY_LITE;true;0.04;213107.38;0.0417;KELLY_LITE(mult=1.15 taper=1.00 n=6)+HARD_RISK_CAP(2.0%)+MAXLOSS_CAP;213107.38;213115.78;33;0
2026.08.17 01:44:18;XAUUSD;5;1786927497;PROFIT_RATCHET_LOCKED;floor=3.50 peak=8.24;MANAGE_PROFIT;SAFE;1;1;1;-1;-1;4392.21;8.40;8.40;8.24;-1.96;KELLY_LITE;true;0.04;213107.38;0.0417;KELLY_LITE(mult=1.15 taper=1.00 n=6)+HARD_RISK_CAP(2.0%)+MAXLOSS_CAP;213107.38;213115.78;33;0
2026.08.17 01:44:18;XAUUSD;5;1786927497;SL_MODIFIED;ticket=119581874 oldSL=4393.48 newSL=4393.79 reason=break_even_lock_leg_0;MANAGE_PROFIT;SAFE;1;1;1;-1;-1;4392.21;8.84;9.04;8.40;-1.96;KELLY_LITE;true;0.04;213107.38;0.0417;KELLY_LITE(mult=1.15 taper=1.00 n=6)+HARD_RISK_CAP(2.0%)+MAXLOSS_CAP;213107.38;213116.22;33;0
2026.08.17 01:44:18;XAUUSD;5;1786927497;PROFIT_RATCHET_LOCKED;floor=3.57 peak=8.40;MANAGE_PROFIT;SAFE;1;1;1;-1;-1;4392.21;8.84;9.04;8.40;-1.96;KELLY_LITE;true;0.04;213107.38;0.0417;KELLY_LITE(mult=1.15 taper=1.00 n=6)+HARD_RISK_CAP(2.0%)+MAXLOSS_CAP;213107.38;213116.22;33;0
2026.08.17 01:44:19;XAUUSD;5;1786927497;SL_MODIFIED;ticket=119581874 oldSL=4393.79 newSL=4393.89 reason=break_even_lock_leg_0 (retry buf=8pt);MANAGE_PROFIT;SAFE;1;1;1;-1;-1;4392.21;8.92;8.08;8.84;-1.96;KELLY_LITE;true;0.04;213107.38;0.0417;KELLY_LITE(mult=1.15 taper=1.00 n=6)+HARD_RISK_CAP(2.0%)+MAXLOSS_CAP;213107.38;213116.30;33;0
2026.08.17 01:44:19;XAUUSD;5;1786927497;PROFIT_RATCHET_LOCKED;floor=3.76 peak=8.84;MANAGE_PROFIT;SAFE;1;1;1;-1;-1;4392.21;8.92;8.08;8.84;-1.96;KELLY_LITE;true;0.04;213107.38;0.0417;KELLY_LITE(mult=1.15 taper=1.00 n=6)+HARD_RISK_CAP(2.0%)+MAXLOSS_CAP;213107.38;213116.30;33;0
2026.08.17 01:44:19;XAUUSD;5;1786927497;PROFIT_RATCHET_LOCKED;floor=3.79 peak=8.92;MANAGE_PROFIT;SAFE;1;1;1;-1;-1;4392.21;8.92;8.08;8.92;-1.96;KELLY_LITE;true;0.04;213107.38;0.0417;KELLY_LITE(mult=1.15 taper=1.00 n=6)+HARD_RISK_CAP(2.0%)+MAXLOSS_CAP;213107.38;213116.30;33;0
2026.08.17 01:44:19;XAUUSD;5;1786927497;PROFIT_RATCHET_LOCKED;floor=3.79 peak=8.92;MANAGE_PROFIT;SAFE;1;1;1;-1;-1;4392.21;7.96;7.96;8.92;-1.96;KELLY_LITE;true;0.04;213107.38;0.0417;KELLY_LITE(mult=1.15 taper=1.00 n=6)+HARD_RISK_CAP(2.0%)+MAXLOSS_CAP;213107.38;213115.34;33;0
2026.08.17 01:44:19;XAUUSD;5;1786927497;PROFIT_RATCHET_LOCKED;floor=3.79 peak=8.92;MANAGE_PROFIT;SAFE;1;1;1;-1;-1;4392.21;7.92;7.92;8.92;-1.96;KELLY_LITE;true;0.04;213107.38;0.0417;KELLY_LITE(mult=1.15 taper=1.00 n=6)+HARD_RISK_CAP(2.0%)+MAXLOSS_CAP;213107.38;213115.30;33;0
2026.08.17 01:44:20;XAUUSD;5;1786927497;PROFIT_RATCHET_LOCKED;floor=3.79 peak=8.92;MANAGE_PROFIT;SAFE;1;1;1;-1;-1;4392.21;8.52;8.52;8.92;-1.96;KELLY_LITE;true;0.04;213107.38;0.0417;KELLY_LITE(mult=1.15 taper=1.00 n=6)+HARD_RISK_CAP(2.0%)+MAXLOSS_CAP;213107.38;213115.90;33;0
2026.08.17 01:44:20;XAUUSD;5;1786927497;PROFIT_RATCHET_LOCKED;floor=3.79 peak=8.92;MANAGE_PROFIT;SAFE;1;1;1;-1;-1;4392.21;8.40;8.40;8.92;-1.96;KELLY_LITE;true;0.04;213107.38;0.0417;KELLY_LITE(mult=1.15 taper=1.00 n=6)+HARD_RISK_CAP(2.0%)+MAXLOSS_CAP;213107.38;213115.78;33;0
2026.08.17 01:44:20;XAUUSD;5;1786927497;PROFIT_RATCHET_LOCKED;floor=3.79 peak=8.92;MANAGE_PROFIT;SAFE;1;1;1;-1;-1;4392.21;8.68;8.68;8.92;-1.96;KELLY_LITE;true;0.04;213107.38;0.0417;KELLY_LITE(mult=1.15 taper=1.00 n=6)+HARD_RISK_CAP(2.0%)+MAXLOSS_CAP;213107.38;213116.06;33;0
2026.08.17 01:44:20;XAUUSD;5;1786927497;PROFIT_RATCHET_LOCKED;floor=3.79 peak=8.92;MANAGE_PROFIT;SAFE;1;1;1;-1;-1;4392.21;8.60;8.60;8.92;-1.96;KELLY_LITE;true;0.04;213107.38;0.0417;KELLY_LITE(mult=1.15 taper=1.00 n=6)+HARD_RISK_CAP(2.0%)+MAXLOSS_CAP;213107.38;213115.98;33;0
2026.08.17 01:44:21;XAUUSD;5;1786927497;PROFIT_RATCHET_LOCKED;floor=3.79 peak=8.92;MANAGE_PROFIT;SAFE;1;1;1;-1;-1;4392.21;8.80;8.80;8.92;-1.96;KELLY_LITE;true;0.04;213107.38;0.0417;KELLY_LITE(mult=1.15 taper=1.00 n=6)+HARD_RISK_CAP(2.0%)+MAXLOSS_CAP;213107.38;213116.18;33;0
2026.08.17 01:44:21;XAUUSD;5;1786927497;PROFIT_RATCHET_LOCKED;floor=3.79 peak=8.92;MANAGE_PROFIT;SAFE;1;1;1;-1;-1;4392.21;8.72;8.72;8.92;-1.96;KELLY_LITE;true;0.04;213107.38;0.0417;KELLY_LITE(mult=1.15 taper=1.00 n=6)+HARD_RISK_CAP(2.0%)+MAXLOSS_CAP;213107.38;213116.10;33;0
2026.08.17 01:44:21;XAUUSD;5;1786927497;PROFIT_RATCHET_LOCKED;floor=3.79 peak=8.92;MANAGE_PROFIT;SAFE;1;1;1;-1;-1;4392.21;8.68;8.68;8.92;-1.96;KELLY_LITE;true;0.04;213107.38;0.0417;KELLY_LITE(mult=1.15 taper=1.00 n=6)+HARD_RISK_CAP(2.0%)+MAXLOSS_CAP;213107.38;213116.06;33;0
2026.08.17 01:44:22;XAUUSD;5;1786927497;PROFIT_RATCHET_LOCKED;floor=3.79 peak=8.92;MANAGE_PROFIT;SAFE;1;1;1;-1;-1;4392.21;8.84;8.84;8.92;-1.96;KELLY_LITE;true;0.04;213107.38;0.0417;KELLY_LITE(mult=1.15 taper=1.00 n=6)+HARD_RISK_CAP(2.0%)+MAXLOSS_CAP;213107.38;213116.22;33;0
2026.08.17 01:44:22;XAUUSD;5;1786927497;SL_MODIFY_FAILED;ticket=119581874 newSL=4393.92 reason=break_even_lock_leg_0 err=0;MANAGE_PROFIT;SAFE;1;1;1;-1;-1;4392.21;8.72;8.72;8.92;-1.96;KELLY_LITE;true;0.04;213107.38;0.0417;KELLY_LITE(mult=1.15 taper=1.00 n=6)+HARD_RISK_CAP(2.0%)+MAXLOSS_CAP;213107.38;213116.10;33;0
2026.08.17 01:44:22;XAUUSD;5;1786927497;PROFIT_RATCHET_LOCKED;floor=3.79 peak=8.92;MANAGE_PROFIT;SAFE;1;1;1;-1;-1;4392.21;8.72;8.72;8.92;-1.96;KELLY_LITE;true;0.04;213107.38;0.0417;KELLY_LITE(mult=1.15 taper=1.00 n=6)+HARD_RISK_CAP(2.0%)+MAXLOSS_CAP;213107.38;213116.10;33;0
2026.08.17 01:44:22;XAUUSD;5;1786927497;PROFIT_RATCHET_LOCKED;floor=3.79 peak=8.92;MANAGE_PROFIT;SAFE;1;1;1;-1;-1;4392.21;8.72;8.72;8.92;-1.96;KELLY_LITE;true;0.04;213107.38;0.0417;KELLY_LITE(mult=1.15 taper=1.00 n=6)+HARD_RISK_CAP(2.0%)+MAXLOSS_CAP;213107.38;213116.10;33;0
2026.08.17 01:44:23;XAUUSD;5;1786927497;PROFIT_RATCHET_LOCKED;floor=3.79 peak=8.92;MANAGE_PROFIT;SAFE;1;1;1;-1;-1;4392.21;8.76;8.76;8.92;-1.96;KELLY_LITE;true;0.04;213107.38;0.0417;KELLY_LITE(mult=1.15 taper=1.00 n=6)+HARD_RISK_CAP(2.0%)+MAXLOSS_CAP;213107.38;213116.14;33;0
2026.08.17 01:44:24;XAUUSD;5;1786927497;SL_MODIFIED;ticket=119581874 oldSL=4393.89 newSL=4393.99 reason=break_even_lock_leg_0;MANAGE_PROFIT;SAFE;1;1;1;-1;-1;4392.21;9.12;9.12;9.20;-1.96;KELLY_LITE;true;0.04;213107.38;0.0417;KELLY_LITE(mult=1.15 taper=1.00 n=6)+HARD_RISK_CAP(2.0%)+MAXLOSS_CAP;213107.38;213116.50;33;0
2026.08.17 01:44:24;XAUUSD;5;1786927497;PROFIT_RATCHET_LOCKED;floor=3.91 peak=9.20;MANAGE_PROFIT;SAFE;1;1;1;-1;-1;4392.21;9.12;9.12;9.20;-1.96;KELLY_LITE;true;0.04;213107.38;0.0417;KELLY_LITE(mult=1.15 taper=1.00 n=6)+HARD_RISK_CAP(2.0%)+MAXLOSS_CAP;213107.38;213116.50;33;0
2026.08.17 01:44:24;XAUUSD;5;1786927497;PROFIT_RATCHET_LOCKED;floor=3.91 peak=9.20;MANAGE_PROFIT;SAFE;1;1;1;-1;-1;4392.21;9.12;9.12;9.20;-1.96;KELLY_LITE;true;0.04;213107.38;0.0417;KELLY_LITE(mult=1.15 taper=1.00 n=6)+HARD_RISK_CAP(2.0%)+MAXLOSS_CAP;213107.38;213116.50;33;0
2026.08.17 01:44:24;XAUUSD;5;1786927497;PROFIT_RATCHET_LOCKED;floor=3.91 peak=9.20;MANAGE_PROFIT;SAFE;1;1;1;-1;-1;4392.21;8.92;8.92;9.20;-1.96;KELLY_LITE;true;0.04;213107.38;0.0417;KELLY_LITE(mult=1.15 taper=1.00 n=6)+HARD_RISK_CAP(2.0%)+MAXLOSS_CAP;213107.38;213116.30;33;0
2026.08.17 01:44:25;XAUUSD;5;1786927497;PROFIT_RATCHET_LOCKED;floor=3.96 peak=9.32;MANAGE_PROFIT;SAFE;1;1;1;-1;-1;4392.21;9.16;9.16;9.32;-1.96;KELLY_LITE;true;0.04;213107.38;0.0417;KELLY_LITE(mult=1.15 taper=1.00 n=6)+HARD_RISK_CAP(2.0%)+MAXLOSS_CAP;213107.38;213116.54;33;0
2026.08.17 01:44:25;XAUUSD;5;1786927497;PROFIT_RATCHET_LOCKED;floor=3.96 peak=9.32;MANAGE_PROFIT;SAFE;1;1;1;-1;-1;4392.21;9.16;9.16;9.32;-1.96;KELLY_LITE;true;0.04;213107.38;0.0417;KELLY_LITE(mult=1.15 taper=1.00 n=6)+HARD_RISK_CAP(2.0%)+MAXLOSS_CAP;213107.38;213116.54;33;0
2026.08.17 01:44:25;XAUUSD;5;1786927497;PROFIT_RATCHET_LOCKED;floor=3.96 peak=9.32;MANAGE_PROFIT;SAFE;1;1;1;-1;-1;4392.21;9.12;9.12;9.32;-1.96;KELLY_LITE;true;0.04;213107.38;0.0417;KELLY_LITE(mult=1.15 taper=1.00 n=6)+HARD_RISK_CAP(2.0%)+MAXLOSS_CAP;213107.38;213116.50;33;0
2026.08.17 01:44:25;XAUUSD;5;1786927497;PROFIT_RATCHET_LOCKED;floor=3.96 peak=9.32;MANAGE_PROFIT;SAFE;1;1;1;-1;-1;4392.21;9.20;9.20;9.32;-1.96;KELLY_LITE;true;0.04;213107.38;0.0417;KELLY_LITE(mult=1.15 taper=1.00 n=6)+HARD_RISK_CAP(2.0%)+MAXLOSS_CAP;213107.38;213116.58;33;0
2026.08.17 01:44:25;XAUUSD;5;1786927497;PROFIT_RATCHET_LOCKED;floor=3.96 peak=9.32;MANAGE_PROFIT;SAFE;1;1;1;-1;-1;4392.21;9.24;9.24;9.32;-1.96;KELLY_LITE;true;0.04;213107.38;0.0417;KELLY_LITE(mult=1.15 taper=1.00 n=6)+HARD_RISK_CAP(2.0%)+MAXLOSS_CAP;213107.38;213116.62;33;0
2026.08.17 01:44:26;XAUUSD;5;1786927497;PROFIT_RATCHET_LOCKED;floor=3.96 peak=9.32;MANAGE_PROFIT;SAFE;1;1;1;-1;-1;4392.21;9.20;9.20;9.32;-1.96;KELLY_LITE;true;0.04;213107.38;0.0417;KELLY_LITE(mult=1.15 taper=1.00 n=6)+HARD_RISK_CAP(2.0%)+MAXLOSS_CAP;213107.38;213116.58;33;0
2026.08.17 01:44:27;XAUUSD;5;1786927497;SL_MODIFIED;ticket=119581874 oldSL=4393.99 newSL=4394.03 reason=break_even_lock_leg_0;MANAGE_PROFIT;SAFE;1;1;1;-1;-1;4392.21;11.72;11.72;9.36;-1.96;KELLY_LITE;true;0.04;213107.38;0.0417;KELLY_LITE(mult=1.15 taper=1.00 n=6)+HARD_RISK_CAP(2.0%)+MAXLOSS_CAP;213107.38;213119.10;37;0
2026.08.17 01:44:27;XAUUSD;5;1786927497;PROFIT_RATCHET_LOCKED;floor=3.98 peak=9.36;MANAGE_PROFIT;SAFE;1;1;1;-1;-1;4392.21;11.72;11.72;9.36;-1.96;KELLY_LITE;true;0.04;213107.38;0.0417;KELLY_LITE(mult=1.15 taper=1.00 n=6)+HARD_RISK_CAP(2.0%)+MAXLOSS_CAP;213107.38;213119.10;37;0
2026.08.17 01:44:27;XAUUSD;5;1786927497;SL_MODIFIED;ticket=119581874 oldSL=4394.03 newSL=4394.62 reason=break_even_lock_leg_0;MANAGE_PROFIT;SAFE;1;1;1;-1;-1;4392.21;21.60;16.56;11.72;-1.96;KELLY_LITE;true;0.04;213107.38;0.0417;KELLY_LITE(mult=1.15 taper=1.00 n=6)+HARD_RISK_CAP(2.0%)+MAXLOSS_CAP;213107.38;213128.98;37;0
2026.08.17 01:44:27;XAUUSD;5;1786927497;PROFIT_RATCHET_LOCKED;floor=4.98 peak=11.72;MANAGE_PROFIT;SAFE;1;1;1;-1;-1;4392.21;21.60;16.56;11.72;-1.96;KELLY_LITE;true;0.04;213107.38;0.0417;KELLY_LITE(mult=1.15 taper=1.00 n=6)+HARD_RISK_CAP(2.0%)+MAXLOSS_CAP;213107.38;213128.98;37;0
2026.08.17 01:44:28;XAUUSD;5;1786927497;SL_MODIFIED;ticket=119581874 oldSL=4394.62 newSL=4395.83 reason=break_even_lock_leg_0;MANAGE_PROFIT;SAFE;1;1;1;-1;-1;4392.21;20.68;20.68;21.60;-1.96;KELLY_LITE;true;0.04;213107.38;0.0417;KELLY_LITE(mult=1.15 taper=1.00 n=6)+HARD_RISK_CAP(2.0%)+MAXLOSS_CAP;213107.38;213128.06;33;0
2026.08.17 01:44:28;XAUUSD;5;1786927497;PROFIT_RATCHET_LOCKED;floor=9.50 peak=21.60;MANAGE_PROFIT;SAFE;1;1;1;-1;-1;4392.21;20.68;20.68;21.60;-1.96;KELLY_LITE;true;0.04;213107.38;0.0417;KELLY_LITE(mult=1.15 taper=1.00 n=6)+HARD_RISK_CAP(2.0%)+MAXLOSS_CAP;213107.38;213128.06;33;0
2026.08.17 01:44:29;XAUUSD;5;1786927497;PROFIT_RATCHET_LOCKED;floor=9.50 peak=21.60;MANAGE_PROFIT;SAFE;1;1;1;-1;-1;4392.21;15.20;15.20;21.60;-1.96;KELLY_LITE;true;0.04;213107.38;0.0417;KELLY_LITE(mult=1.15 taper=1.00 n=6)+HARD_RISK_CAP(2.0%)+MAXLOSS_CAP;213107.38;213122.58;33;0
2026.08.17 01:44:29;XAUUSD;5;1786927497;EXIT_TIERED_TRAIL;profit=15.20 peak=21.60 allowedRetrace=2.59;MANAGE_PROFIT;SAFE;1;1;1;-1;-1;4392.21;15.20;15.20;21.60;-1.96;KELLY_LITE;true;0.04;213107.38;0.0417;KELLY_LITE(mult=1.15 taper=1.00 n=6)+HARD_RISK_CAP(2.0%)+MAXLOSS_CAP;213107.38;213122.58;33;0
2026.08.17 01:44:30;XAUUSD;5;1786927497;PENDING_DELETED;ticket=119582064 reason=close_all_hedge;MANAGE_PROFIT;SAFE;0;0;0;-1;-1;4392.21;0.00;0.00;21.60;-1.96;KELLY_LITE;true;0.04;213107.38;0.0417;KELLY_LITE(mult=1.15 taper=1.00 n=6)+HARD_RISK_CAP(2.0%)+MAXLOSS_CAP;213121.86;213121.86;33;0
2026.08.17 01:44:30;XAUUSD;5;1786927497;TRADELOG_RECOVER_CLOSE;ticket=119581874 type=main pnl=14.48;RESET;SAFE;0;0;0;-1;-1;4392.21;0.00;0.00;21.60;-1.96;KELLY_LITE;true;0.04;213107.38;0.0417;KELLY_LITE(mult=1.15 taper=1.00 n=6)+HARD_RISK_CAP(2.0%)+MAXLOSS_CAP;213121.86;213121.86;33;0
2026.08.17 01:44:30;XAUUSD;5;1786927497;CYCLE_RESET;oldState=RESET realizedPnL=14.48 peak=21.60 worst=-1.96 pyramid=0 consLosses=0;RESET;SAFE;0;0;0;-1;-1;4392.21;0.00;0.00;21.60;-1.96;KELLY_LITE;true;0.04;213107.38;0.0417;KELLY_LITE(mult=1.15 taper=1.00 n=6)+HARD_RISK_CAP(2.0%)+MAXLOSS_CAP;213121.86;213121.86;33;0
2026.08.17 01:49:30;XAUUSD;5;1786927498;PLACE_PENDING_START;cycle=1786927498 trend=0 consecLosses=0 preset=AGGRESSIVE;PLACE_PENDING;SAFE;0;0;0;-1;-1;0.00;0.00;0.00;0.00;0.00;KELLY_LITE;true;0.04;213107.38;0.0417;KELLY_LITE(mult=1.15 taper=1.00 n=6)+HARD_RISK_CAP(2.0%)+MAXLOSS_CAP;213121.86;213121.86;30;0
2026.08.17 01:49:31;XAUUSD;5;1786927498;OCO_PLACED;buy=119582780 4397.05 lot=0.04 sell=119582782 4392.69 lot=0.03 dist=2.03;WAIT_TRIGGER;SAFE;0;2;0;119582780;119582782;0.00;0.00;0.00;0.00;0.00;KELLY_LITE;true;0.04;213121.86;0.0417;KELLY_LITE(mult=1.18 taper=1.00 n=7)+HARD_RISK_CAP(2.0%)+MAXLOSS_CAP;213121.86;213121.86;30;0
2026.08.17 01:49:32;XAUUSD;5;1786927498;SELL_STOP_TRAILED;Old=4392.69 New=4393.07;WAIT_TRIGGER;SAFE;0;2;0;119582780;119582782;0.00;0.00;0.00;0.00;0.00;KELLY_LITE;true;0.04;213121.86;0.0417;KELLY_LITE(mult=1.18 taper=1.00 n=7)+HARD_RISK_CAP(2.0%)+MAXLOSS_CAP;213121.86;213121.86;30;0
2026.08.17 01:50:01;XAUUSD;5;1786927498;SELL_STOP_TRAILED;Old=4393.07 New=4393.40;WAIT_TRIGGER;SAFE;0;2;0;119582780;119582782;0.00;0.00;0.00;0.00;0.00;KELLY_LITE;true;0.04;213121.86;0.0417;KELLY_LITE(mult=1.18 taper=1.00 n=7)+HARD_RISK_CAP(2.0%)+MAXLOSS_CAP;213121.86;213121.86;30;0
2026.08.17 01:50:06;XAUUSD;5;1786927498;SELL_STOP_TRAILED;Old=4393.40 New=4393.76;WAIT_TRIGGER;SAFE;0;2;0;119582780;119582782;0.00;0.00;0.00;0.00;0.00;KELLY_LITE;true;0.04;213121.86;0.0417;KELLY_LITE(mult=1.18 taper=1.00 n=7)+HARD_RISK_CAP(2.0%)+MAXLOSS_CAP;213121.86;213121.86;30;0
2026.08.17 01:50:18;XAUUSD;5;1786927498;SELL_STOP_TRAILED;Old=4393.76 New=4394.08;WAIT_TRIGGER;SAFE;0;2;0;119582780;119582782;0.00;0.00;0.00;0.00;0.00;KELLY_LITE;true;0.04;213121.86;0.0417;KELLY_LITE(mult=1.18 taper=1.00 n=7)+HARD_RISK_CAP(2.0%)+MAXLOSS_CAP;213121.86;213121.86;32;0
2026.08.17 01:50:24;XAUUSD;5;1786927498;SELL_STOP_TRAILED;Old=4394.08 New=4394.44;WAIT_TRIGGER;SAFE;0;2;0;119582780;119582782;0.00;0.00;0.00;0.00;0.00;KELLY_LITE;true;0.04;213121.86;0.0417;KELLY_LITE(mult=1.18 taper=1.00 n=7)+HARD_RISK_CAP(2.0%)+MAXLOSS_CAP;213121.86;213121.86;30;0
2026.08.17 01:50:28;XAUUSD;5;1786927498;OCO_TRIGGERED_BUY;ticket=119582780 entry=4397.05;POSITION_ACTIVE;SAFE;1;1;0;-1;119582782;0.00;-1.20;-1.20;0.00;0.00;KELLY_LITE;true;0.04;213121.86;0.0417;KELLY_LITE(mult=1.18 taper=1.00 n=7)+HARD_RISK_CAP(2.0%)+MAXLOSS_CAP;213121.86;213120.66;30;0
2026.08.17 01:50:28;XAUUSD;5;1786927498;PENDING_DELETED;ticket=119582782 reason=oco_buy_triggered;POSITION_ACTIVE;SAFE;1;0;0;-1;119582782;0.00;-1.20;-1.20;0.00;0.00;KELLY_LITE;true;0.04;213121.86;0.0417;KELLY_LITE(mult=1.18 taper=1.00 n=7)+HARD_RISK_CAP(2.0%)+MAXLOSS_CAP;213121.86;213120.66;30;0
2026.08.17 01:50:29;XAUUSD;5;1786927498;HEDGE_PENDING_PLACED;dir=SELL_STOP ticket=119582853 price=4393.75 sl=4396.75 lot=0.05 mainEntry=4397.05 dist=3.00 confirmBars=1;POSITION_ACTIVE;SAFE;1;1;1;-1;-1;4397.05;-1.12;-1.12;0.00;-1.20;KELLY_LITE;true;0.04;213121.86;0.0417;KELLY_LITE(mult=1.18 taper=1.00 n=7)+HARD_RISK_CAP(2.0%)+MAXLOSS_CAP;213121.86;213120.74;30;0
2026.08.17 01:50:29;XAUUSD;5;1786927498;SL_MODIFIED;ticket=119582780 oldSL=4382.05 newSL=4395.05 reason=early_loss_hard_sl_leg_0;MANAGE_PROFIT;SAFE;1;1;1;-1;-1;4397.05;-1.16;-1.16;0.00;-1.20;KELLY_LITE;true;0.04;213121.86;0.0417;KELLY_LITE(mult=1.18 taper=1.00 n=7)+HARD_RISK_CAP(2.0%)+MAXLOSS_CAP;213121.86;213120.70;30;0
2026.08.17 01:51:23;XAUUSD;5;1786927498;RECONCILED_BROKER_CLOSE;ticket=119582780 type=main pnl=-8.00;MANAGE_PROFIT;SAFE;0;1;1;-1;-1;4397.05;0.00;0.00;0.24;-7.12;KELLY_LITE;true;0.04;213121.86;0.0417;KELLY_LITE(mult=1.18 taper=1.00 n=7)+HARD_RISK_CAP(2.0%)+MAXLOSS_CAP;213113.86;213113.86;37;0
2026.08.17 01:51:23;XAUUSD;5;1786927498;PENDING_DELETED;ticket=119582853 reason=main_gone_hedge_pending;WAIT_TRIGGER;SAFE;0;0;1;-1;-1;4397.05;0.00;0.00;0.24;-7.12;KELLY_LITE;true;0.04;213121.86;0.0417;KELLY_LITE(mult=1.18 taper=1.00 n=7)+HARD_RISK_CAP(2.0%)+MAXLOSS_CAP;213113.86;213113.86;33;0
2026.08.17 01:51:23;XAUUSD;5;1786927498;HEDGE_PENDING_CLEANUP;main_position_gone;WAIT_TRIGGER;SAFE;0;0;1;-1;-1;4397.05;0.00;0.00;0.24;-7.12;KELLY_LITE;true;0.04;213121.86;0.0417;KELLY_LITE(mult=1.18 taper=1.00 n=7)+HARD_RISK_CAP(2.0%)+MAXLOSS_CAP;213113.86;213113.86;33;0
2026.08.17 01:51:23;XAUUSD;5;1786927498;LOSS_COOLDOWN_AFTER_LOSS;cyclePnL=-8.00 pauseUntil=2026.08.17 01:56:23;WAIT_TRIGGER;SAFE;0;0;1;-1;-1;4397.05;0.00;0.00;0.24;-7.12;KELLY_LITE;true;0.04;213121.86;0.0417;KELLY_LITE(mult=1.18 taper=1.00 n=7)+HARD_RISK_CAP(2.0%)+MAXLOSS_CAP;213113.86;213113.86;33;0
2026.08.17 01:51:23;XAUUSD;5;1786927498;CYCLE_RESET;oldState=WAIT_TRIGGER realizedPnL=-8.00 peak=0.24 worst=-7.12 pyramid=1 consLosses=1;WAIT_TRIGGER;SAFE;0;0;1;-1;-1;4397.05;0.00;0.00;0.24;-7.12;KELLY_LITE;true;0.04;213121.86;0.0417;KELLY_LITE(mult=1.18 taper=1.00 n=7)+HARD_RISK_CAP(2.0%)+MAXLOSS_CAP;213113.86;213113.86;33;0
2026.08.17 01:56:23;XAUUSD;5;1786927499;PLACE_PENDING_START;cycle=1786927499 trend=0 consecLosses=1 preset=AGGRESSIVE;PLACE_PENDING;SAFE;0;0;0;-1;-1;0.00;0.00;0.00;0.00;0.00;KELLY_LITE;true;0.04;213121.86;0.0417;KELLY_LITE(mult=1.18 taper=1.00 n=7)+HARD_RISK_CAP(2.0%)+MAXLOSS_CAP;213113.86;213113.86;33;0
2026.08.17 01:56:24;XAUUSD;5;1786927499;OCO_PLACED;buy=119583165 4400.24 lot=0.04 sell=119583166 4396.07 lot=0.03 dist=1.92;WAIT_TRIGGER;SAFE;0;2;0;119583165;119583166;0.00;0.00;0.00;0.00;0.00;KELLY_LITE;true;0.04;213113.86;0.0417;KELLY_LITE(mult=1.20 taper=1.00 n=8)+HARD_RISK_CAP(2.0%)+MAXLOSS_CAP;213113.86;213113.86;33;0
2026.08.17 01:57:08;XAUUSD;5;1786927499;BUY_STOP_TRAILED;Old=4400.24 New=4399.93;WAIT_TRIGGER;SAFE;0;2;0;119583165;119583166;0.00;0.00;0.00;0.00;0.00;KELLY_LITE;true;0.04;213113.86;0.0417;KELLY_LITE(mult=1.20 taper=1.00 n=8)+HARD_RISK_CAP(2.0%)+MAXLOSS_CAP;213113.86;213113.86;33;0
2026.08.17 01:57:51;XAUUSD;5;1786927499;SELL_STOP_TRAILED;Old=4396.07 New=4396.49;WAIT_TRIGGER;SAFE;0;2;0;119583165;119583166;0.00;0.00;0.00;0.00;0.00;KELLY_LITE;true;0.04;213113.86;0.0417;KELLY_LITE(mult=1.20 taper=1.00 n=8)+HARD_RISK_CAP(2.0%)+MAXLOSS_CAP;213113.86;213113.86;31;0
2026.08.17 01:57:51;XAUUSD;5;1786927499;SELL_STOP_TRAILED;Old=4396.49 New=4397.16;WAIT_TRIGGER;SAFE;0;2;0;119583165;119583166;0.00;0.00;0.00;0.00;0.00;KELLY_LITE;true;0.04;213113.86;0.0417;KELLY_LITE(mult=1.20 taper=1.00 n=8)+HARD_RISK_CAP(2.0%)+MAXLOSS_CAP;213113.86;213113.86;30;0
2026.08.17 01:57:52;XAUUSD;5;1786927499;SELL_STOP_TRAILED;Old=4397.16 New=4397.52;WAIT_TRIGGER;SAFE;1;1;0;119583165;119583166;0.00;0.00;0.00;0.00;0.00;KELLY_LITE;true;0.04;213113.86;0.0417;KELLY_LITE(mult=1.20 taper=1.00 n=8)+HARD_RISK_CAP(2.0%)+MAXLOSS_CAP;213113.86;213113.86;30;0
2026.08.17 01:57:52;XAUUSD;5;1786927499;OCO_TRIGGERED_BUY;ticket=119583165 entry=4399.93;POSITION_ACTIVE;SAFE;1;1;0;-1;119583166;0.00;0.00;0.00;0.00;0.00;KELLY_LITE;true;0.04;213113.86;0.0417;KELLY_LITE(mult=1.20 taper=1.00 n=8)+HARD_RISK_CAP(2.0%)+MAXLOSS_CAP;213113.86;213113.86;30;0
2026.08.17 01:57:53;XAUUSD;5;1786927499;PENDING_DELETED;ticket=119583166 reason=oco_buy_triggered;POSITION_ACTIVE;SAFE;1;0;0;-1;119583166;0.00;-1.16;-1.16;0.00;0.00;KELLY_LITE;true;0.04;213113.86;0.0417;KELLY_LITE(mult=1.20 taper=1.00 n=8)+HARD_RISK_CAP(2.0%)+MAXLOSS_CAP;213113.86;213112.70;33;0
2026.08.17 01:57:53;XAUUSD;5;1786927499;HEDGE_PENDING_PLACED;dir=SELL_STOP ticket=119583315 price=4396.64 sl=4399.64 lot=0.05 mainEntry=4399.93 dist=3.00 confirmBars=1;POSITION_ACTIVE;SAFE;1;1;1;-1;-1;4399.93;-2.28;-2.28;0.00;-1.16;KELLY_LITE;true;0.04;213113.86;0.0417;KELLY_LITE(mult=1.20 taper=1.00 n=8)+HARD_RISK_CAP(2.0%)+MAXLOSS_CAP;213113.86;213111.58;33;0
2026.08.17 01:57:54;XAUUSD;5;1786927499;SL_MODIFIED;ticket=119583165 oldSL=4387.93 newSL=4397.93 reason=early_loss_hard_sl_leg_0;MANAGE_PROFIT;SAFE;1;1;1;-1;-1;4399.93;-1.36;-1.36;0.00;-2.28;KELLY_LITE;true;0.04;213113.86;0.0417;KELLY_LITE(mult=1.20 taper=1.00 n=8)+HARD_RISK_CAP(2.0%)+MAXLOSS_CAP;213113.86;213112.50;31;0
2026.08.17 01:58:57;XAUUSD;5;1786927499;SL_MODIFIED;ticket=119583165 oldSL=4397.93 newSL=4401.09 reason=break_even_lock_leg_0 (retry buf=20pt);MANAGE_PROFIT;SAFE;1;1;1;-1;-1;4399.93;7.88;7.88;8.04;-7.16;KELLY_LITE;true;0.04;213113.86;0.0417;KELLY_LITE(mult=1.20 taper=1.00 n=8)+HARD_RISK_CAP(2.0%)+MAXLOSS_CAP;213113.86;213121.74;33;0
2026.08.17 01:58:57;XAUUSD;5;1786927499;PROFIT_RATCHET_LOCKED;floor=3.42 peak=8.04;MANAGE_PROFIT;SAFE;1;1;1;-1;-1;4399.93;7.88;7.88;8.04;-7.16;KELLY_LITE;true;0.04;213113.86;0.0417;KELLY_LITE(mult=1.20 taper=1.00 n=8)+HARD_RISK_CAP(2.0%)+MAXLOSS_CAP;213113.86;213121.74;33;0
2026.08.17 01:58:58;XAUUSD;5;1786927499;SL_MODIFIED;ticket=119583165 oldSL=4401.09 newSL=4401.38 reason=break_even_lock_leg_0;MANAGE_PROFIT;SAFE;1;1;1;-1;-1;4399.93;8.00;8.00;8.04;-7.16;KELLY_LITE;true;0.04;213113.86;0.0417;KELLY_LITE(mult=1.20 taper=1.00 n=8)+HARD_RISK_CAP(2.0%)+MAXLOSS_CAP;213113.86;213121.86;30;0
2026.08.17 01:58:58;XAUUSD;5;1786927499;PROFIT_RATCHET_LOCKED;floor=3.42 peak=8.04;MANAGE_PROFIT;SAFE;1;1;1;-1;-1;4399.93;8.00;8.00;8.04;-7.16;KELLY_LITE;true;0.04;213113.86;0.0417;KELLY_LITE(mult=1.20 taper=1.00 n=8)+HARD_RISK_CAP(2.0%)+MAXLOSS_CAP;213113.86;213121.86;30;0
2026.08.17 01:58:58;XAUUSD;5;1786927499;SL_MODIFY_FAILED;ticket=119583165 newSL=4401.41 reason=break_even_lock_leg_0 err=0;MANAGE_PROFIT;SAFE;1;1;1;-1;-1;4399.93;6.60;6.60;8.04;-7.16;KELLY_LITE;true;0.04;213113.86;0.0417;KELLY_LITE(mult=1.20 taper=1.00 n=8)+HARD_RISK_CAP(2.0%)+MAXLOSS_CAP;213113.86;213120.46;33;0
2026.08.17 01:58:58;XAUUSD;5;1786927499;PROFIT_RATCHET_LOCKED;floor=3.42 peak=8.04;MANAGE_PROFIT;SAFE;1;1;1;-1;-1;4399.93;6.60;6.60;8.04;-7.16;KELLY_LITE;true;0.04;213113.86;0.0417;KELLY_LITE(mult=1.20 taper=1.00 n=8)+HARD_RISK_CAP(2.0%)+MAXLOSS_CAP;213113.86;213120.46;33;0
2026.08.17 01:58:58;XAUUSD;5;1786927499;EXIT_TIERED_TRAIL;profit=6.60 peak=8.04 allowedRetrace=1.21;MANAGE_PROFIT;SAFE;1;1;1;-1;-1;4399.93;6.60;6.60;8.04;-7.16;KELLY_LITE;true;0.04;213113.86;0.0417;KELLY_LITE(mult=1.20 taper=1.00 n=8)+HARD_RISK_CAP(2.0%)+MAXLOSS_CAP;213113.86;213120.46;33;0
2026.08.17 01:58:59;XAUUSD;5;1786927499;POSITION_CLOSED;ticket=119583165 reason=tiered_profit_trail lots=0.04 price=4401.58 pnl=6.60;MANAGE_PROFIT;SAFE;0;1;1;-1;-1;4399.93;0.00;0.00;8.04;-7.16;KELLY_LITE;true;0.04;213113.86;0.0417;KELLY_LITE(mult=1.20 taper=1.00 n=8)+HARD_RISK_CAP(2.0%)+MAXLOSS_CAP;213119.86;213119.86;32;0
2026.08.17 01:58:59;XAUUSD;5;1786927499;PENDING_DELETED;ticket=119583315 reason=close_all_hedge;MANAGE_PROFIT;SAFE;0;0;0;-1;-1;4399.93;0.00;0.00;8.04;-7.16;KELLY_LITE;true;0.04;213113.86;0.0417;KELLY_LITE(mult=1.20 taper=1.00 n=8)+HARD_RISK_CAP(2.0%)+MAXLOSS_CAP;213119.86;213119.86;33;0
2026.08.17 01:58:59;XAUUSD;5;1786927499;CYCLE_RESET;oldState=RESET realizedPnL=6.00 peak=8.04 worst=-7.16 pyramid=0 consLosses=0;RESET;SAFE;0;0;0;-1;-1;4399.93;0.00;0.00;8.04;-7.16;KELLY_LITE;true;0.04;213113.86;0.0417;KELLY_LITE(mult=1.20 taper=1.00 n=8)+HARD_RISK_CAP(2.0%)+MAXLOSS_CAP;213119.86;213119.86;33;0
2026.08.17 02:03:59;XAUUSD;5;1786927500;PLACE_PENDING_START;cycle=1786927500 trend=0 consecLosses=0 preset=AGGRESSIVE;PLACE_PENDING;SAFE;0;0;0;-1;-1;0.00;0.00;0.00;0.00;0.00;KELLY_LITE;true;0.04;213113.86;0.0417;KELLY_LITE(mult=1.20 taper=1.00 n=8)+HARD_RISK_CAP(2.0%)+MAXLOSS_CAP;213119.86;213119.86;33;0
2026.08.17 02:04:00;XAUUSD;5;1786927500;OCO_PLACED;buy=119585099 4408.74 lot=0.04 sell=119585100 4404.01 lot=0.03 dist=2.20;WAIT_TRIGGER;SAFE;0;2;0;119585099;119585100;0.00;0.00;0.00;0.00;0.00;KELLY_LITE;true;0.04;213119.86;0.0417;KELLY_LITE(mult=1.23 taper=1.00 n=9)+HARD_RISK_CAP(2.0%)+MAXLOSS_CAP;213119.86;213119.86;33;0
2026.08.17 02:04:02;XAUUSD;5;1786927500;BUY_STOP_TRAILED;Old=4408.74 New=4408.35;WAIT_TRIGGER;SAFE;0;2;0;119585099;119585100;0.00;0.00;0.00;0.00;0.00;KELLY_LITE;true;0.04;213119.86;0.0417;KELLY_LITE(mult=1.23 taper=1.00 n=9)+HARD_RISK_CAP(2.0%)+MAXLOSS_CAP;213119.86;213119.86;33;0
2026.08.17 02:04:02;XAUUSD;5;1786927500;BUY_STOP_TRAILED;Old=4408.35 New=4408.02;WAIT_TRIGGER;SAFE;0;2;0;119585099;119585100;0.00;0.00;0.00;0.00;0.00;KELLY_LITE;true;0.04;213119.86;0.0417;KELLY_LITE(mult=1.23 taper=1.00 n=9)+HARD_RISK_CAP(2.0%)+MAXLOSS_CAP;213119.86;213119.86;33;0
2026.08.17 02:04:07;XAUUSD;5;1786927500;SELL_STOP_TRAILED;Old=4404.01 New=4404.35;WAIT_TRIGGER;SAFE;0;2;0;119585099;119585100;0.00;0.00;0.00;0.00;0.00;KELLY_LITE;true;0.04;213119.86;0.0417;KELLY_LITE(mult=1.23 taper=1.00 n=9)+HARD_RISK_CAP(2.0%)+MAXLOSS_CAP;213119.86;213119.86;30;0
2026.08.17 02:04:08;XAUUSD;5;1786927500;SELL_STOP_TRAILED;Old=4404.35 New=4404.68;WAIT_TRIGGER;SAFE;0;2;0;119585099;119585100;0.00;0.00;0.00;0.00;0.00;KELLY_LITE;true;0.04;213119.86;0.0417;KELLY_LITE(mult=1.23 taper=1.00 n=9)+HARD_RISK_CAP(2.0%)+MAXLOSS_CAP;213119.86;213119.86;33;0
2026.08.17 02:04:08;XAUUSD;5;1786927500;SELL_STOP_TRAILED;Old=4404.68 New=4405.03;WAIT_TRIGGER;SAFE;0;2;0;119585099;119585100;0.00;0.00;0.00;0.00;0.00;KELLY_LITE;true;0.04;213119.86;0.0417;KELLY_LITE(mult=1.23 taper=1.00 n=9)+HARD_RISK_CAP(2.0%)+MAXLOSS_CAP;213119.86;213119.86;33;0
2026.08.17 02:04:12;XAUUSD;5;1786927500;OCO_TRIGGERED_BUY;ticket=119585099 entry=4408.02;POSITION_ACTIVE;SAFE;1;1;0;-1;119585100;0.00;0.12;-1.08;0.00;0.00;KELLY_LITE;true;0.04;213119.86;0.0417;KELLY_LITE(mult=1.23 taper=1.00 n=9)+HARD_RISK_CAP(2.0%)+MAXLOSS_CAP;213119.86;213119.98;30;0
2026.08.17 02:04:13;XAUUSD;5;1786927500;PENDING_DELETED;ticket=119585100 reason=oco_buy_triggered;POSITION_ACTIVE;SAFE;1;0;0;-1;119585100;0.00;-2.20;-2.20;0.00;0.00;KELLY_LITE;true;0.04;213119.86;0.0417;KELLY_LITE(mult=1.23 taper=1.00 n=9)+HARD_RISK_CAP(2.0%)+MAXLOSS_CAP;213119.86;213117.66;33;0
2026.08.17 02:04:13;XAUUSD;5;1786927500;HEDGE_PENDING_PLACED;dir=SELL_STOP ticket=119585217 price=4404.47 sl=4407.47 lot=0.05 mainEntry=4408.02 dist=3.00 confirmBars=1;POSITION_ACTIVE;SAFE;1;1;1;-1;-1;4408.02;-3.88;-3.88;0.00;-2.20;KELLY_LITE;true;0.04;213119.86;0.0417;KELLY_LITE(mult=1.23 taper=1.00 n=9)+HARD_RISK_CAP(2.0%)+MAXLOSS_CAP;213119.86;213115.98;33;0
2026.08.17 02:04:14;XAUUSD;5;1786927500;SL_MODIFIED;ticket=119585099 oldSL=4396.02 newSL=4406.02 reason=early_loss_hard_sl_leg_0;MANAGE_PROFIT;SAFE;1;1;1;-1;-1;4408.02;-2.44;-2.44;0.00;-3.88;KELLY_LITE;true;0.04;213119.86;0.0417;KELLY_LITE(mult=1.23 taper=1.00 n=9)+HARD_RISK_CAP(2.0%)+MAXLOSS_CAP;213119.86;213117.42;33;0
2026.08.17 02:05:31;XAUUSD;5;1786927500;RECONCILED_BROKER_CLOSE;ticket=119585099 type=main pnl=-8.00;MANAGE_PROFIT;SAFE;0;1;1;-1;-1;4408.02;0.00;0.00;3.84;-7.76;KELLY_LITE;true;0.04;213119.86;0.0417;KELLY_LITE(mult=1.23 taper=1.00 n=9)+HARD_RISK_CAP(2.0%)+MAXLOSS_CAP;213111.86;213111.86;33;0
2026.08.17 02:05:32;XAUUSD;5;1786927500;PENDING_DELETED;ticket=119585217 reason=main_gone_hedge_pending;WAIT_TRIGGER;SAFE;0;0;1;-1;-1;4408.02;0.00;0.00;3.84;-7.76;KELLY_LITE;true;0.04;213119.86;0.0417;KELLY_LITE(mult=1.23 taper=1.00 n=9)+HARD_RISK_CAP(2.0%)+MAXLOSS_CAP;213111.86;213111.86;33;0
2026.08.17 02:05:32;XAUUSD;5;1786927500;HEDGE_PENDING_CLEANUP;main_position_gone;WAIT_TRIGGER;SAFE;0;0;1;-1;-1;4408.02;0.00;0.00;3.84;-7.76;KELLY_LITE;true;0.04;213119.86;0.0417;KELLY_LITE(mult=1.23 taper=1.00 n=9)+HARD_RISK_CAP(2.0%)+MAXLOSS_CAP;213111.86;213111.86;33;0
2026.08.17 02:05:32;XAUUSD;5;1786927500;LOSS_COOLDOWN_AFTER_LOSS;cyclePnL=-8.00 pauseUntil=2026.08.17 02:10:32;WAIT_TRIGGER;SAFE;0;0;1;-1;-1;4408.02;0.00;0.00;3.84;-7.76;KELLY_LITE;true;0.04;213119.86;0.0417;KELLY_LITE(mult=1.23 taper=1.00 n=9)+HARD_RISK_CAP(2.0%)+MAXLOSS_CAP;213111.86;213111.86;33;0
2026.08.17 02:05:32;XAUUSD;5;1786927500;CYCLE_RESET;oldState=WAIT_TRIGGER realizedPnL=-8.00 peak=3.84 worst=-7.76 pyramid=1 consLosses=1;WAIT_TRIGGER;SAFE;0;0;1;-1;-1;4408.02;0.00;0.00;3.84;-7.76;KELLY_LITE;true;0.04;213119.86;0.0417;KELLY_LITE(mult=1.23 taper=1.00 n=9)+HARD_RISK_CAP(2.0%)+MAXLOSS_CAP;213111.86;213111.86;33;0
2026.08.17 02:10:32;XAUUSD;5;1786927501;PLACE_PENDING_START;cycle=1786927501 trend=0 consecLosses=1 preset=AGGRESSIVE;PLACE_PENDING;SAFE;0;0;0;-1;-1;0.00;0.00;0.00;0.00;0.00;KELLY_LITE;true;0.04;213119.86;0.0417;KELLY_LITE(mult=1.23 taper=1.00 n=9)+HARD_RISK_CAP(2.0%)+MAXLOSS_CAP;213111.86;213111.86;33;0
2026.08.17 02:10:33;XAUUSD;5;1786927501;OCO_PLACED;buy=119586253 4408.23 lot=0.04 sell=119586255 4403.48 lot=0.03 dist=2.21;WAIT_TRIGGER;SAFE;0;2;0;119586253;119586255;0.00;0.00;0.00;0.00;0.00;KELLY_LITE;true;0.04;213111.86;0.0417;KELLY_LITE(mult=1.20 taper=1.00 n=10)+HARD_RISK_CAP(2.0%)+MAXLOSS_CAP;213111.86;213111.86;37;0
2026.08.17 02:10:35;XAUUSD;5;1786927501;SELL_STOP_TRAILED;Old=4403.48 New=4403.79;WAIT_TRIGGER;SAFE;0;2;0;119586253;119586255;0.00;0.00;0.00;0.00;0.00;KELLY_LITE;true;0.04;213111.86;0.0417;KELLY_LITE(mult=1.20 taper=1.00 n=10)+HARD_RISK_CAP(2.0%)+MAXLOSS_CAP;213111.86;213111.86;33;0
2026.08.17 02:10:37;XAUUSD;5;1786927501;SELL_STOP_TRAILED;Old=4403.79 New=4404.14;WAIT_TRIGGER;SAFE;0;2;0;119586253;119586255;0.00;0.00;0.00;0.00;0.00;KELLY_LITE;true;0.04;213111.86;0.0417;KELLY_LITE(mult=1.20 taper=1.00 n=10)+HARD_RISK_CAP(2.0%)+MAXLOSS_CAP;213111.86;213111.86;33;0
2026.08.17 02:10:37;XAUUSD;5;1786927501;EA_DEINIT;reason=5;WAIT_TRIGGER;SAFE;0;2;0;119586253;119586255;0.00;0.00;0.00;0.00;0.00;KELLY_LITE;true;0.04;213111.86;0.0417;KELLY_LITE(mult=1.20 taper=1.00 n=10)+HARD_RISK_CAP(2.0%)+MAXLOSS_CAP;213111.86;213111.86;33;0
2026.08.17 02:10:37;XAUUSD;5;1786932637;EA_INIT;V10|Preset=AGGRESSIVE|MaxLoss=$50.0 SL=$12.0 RiskPct=1.50|HedgeMaxNeg=$10.0 LotRatio=1.25 ConfirmBars=1 Cooldown=60s|DailyDD=4.0% WeeklyLim=$100|AutoLotMode=KELLY_LITE|Session=ALL NewsFilter=OFF (0 times);IDLE;SAFE;0;2;0;119586253;119586255;0.00;0.00;0.00;0.00;0.00;KELLY_LITE;true;0.04;213111.86;0.0417;KELLY_LITE(mult=1.20 taper=1.00 n=10)+HARD_RISK_CAP(2.0%)+MAXLOSS_CAP;213111.86;213111.86;33;0
2026.08.17 02:10:37;XAUUSD;5;1786932637;DAILY_BASELINE_RESTORED;startEquity=213057.11 paused=false hardStop=false;IDLE;SAFE;0;2;0;119586253;119586255;0.00;0.00;0.00;0.00;0.00;KELLY_LITE;true;0.04;213111.86;0.0417;KELLY_LITE(mult=1.20 taper=1.00 n=10)+HARD_RISK_CAP(2.0%)+MAXLOSS_CAP;213111.86;213111.86;33;0
2026.08.17 02:10:37;XAUUSD;5;1786932637;WEEKLY_BASELINE_RESTORED;startEquity=213057.11 paused=false;IDLE;SAFE;0;2;0;119586253;119586255;0.00;0.00;0.00;0.00;0.00;KELLY_LITE;true;0.04;213111.86;0.0417;KELLY_LITE(mult=1.20 taper=1.00 n=10)+HARD_RISK_CAP(2.0%)+MAXLOSS_CAP;213111.86;213111.86;33;0
2026.08.17 02:10:47;XAUUSD;5;1786932637;SELL_STOP_TRAILED;Old=4404.14 New=4404.46;WAIT_TRIGGER;SAFE;0;2;0;119586253;119586255;0.00;0.00;0.00;0.00;0.00;KELLY_LITE;true;0.04;213111.86;0.0417;KELLY_LITE(mult=1.20 taper=1.00 n=10)+HARD_RISK_CAP(2.0%)+MAXLOSS_CAP;213111.86;213111.86;33;0
2026.08.17 02:11:11;XAUUSD;5;1786932637;BUY_STOP_TRAILED;Old=4408.23 New=4407.82;WAIT_TRIGGER;SAFE;0;2;0;119586253;119586255;0.00;0.00;0.00;0.00;0.00;KELLY_LITE;true;0.04;213111.86;0.0417;KELLY_LITE(mult=1.20 taper=1.00 n=10)+HARD_RISK_CAP(2.0%)+MAXLOSS_CAP;213111.86;213111.86;33;0
2026.08.17 02:11:12;XAUUSD;5;1786932637;BUY_STOP_TRAILED;Old=4407.82 New=4407.40;WAIT_TRIGGER;SAFE;1;1;0;119586253;119586255;0.00;-0.84;-0.84;0.00;0.00;KELLY_LITE;true;0.04;213111.86;0.0417;KELLY_LITE(mult=1.20 taper=1.00 n=10)+HARD_RISK_CAP(2.0%)+MAXLOSS_CAP;213111.86;213111.02;33;0
2026.08.17 02:11:12;XAUUSD;5;1786932637;OCO_TRIGGERED_SELL;ticket=119586255 entry=4404.46;POSITION_ACTIVE;SAFE;1;1;0;119586253;-1;0.00;-0.84;-0.84;0.00;0.00;KELLY_LITE;true;0.04;213111.86;0.0417;KELLY_LITE(mult=1.20 taper=1.00 n=10)+HARD_RISK_CAP(2.0%)+MAXLOSS_CAP;213111.86;213111.02;33;0
2026.08.17 02:11:12;XAUUSD;5;1786932637;PENDING_DELETED;ticket=119586253 reason=oco_sell_triggered;POSITION_ACTIVE;SAFE;1;0;0;119586253;-1;0.00;-0.66;-0.66;0.00;0.00;KELLY_LITE;true;0.04;213111.86;0.0417;KELLY_LITE(mult=1.20 taper=1.00 n=10)+HARD_RISK_CAP(2.0%)+MAXLOSS_CAP;213111.86;213111.20;33;0
2026.08.17 02:11:13;XAUUSD;5;1786932637;HEDGE_PENDING_PLACED;dir=BUY_STOP ticket=119586303 price=4407.68 sl=4404.68 lot=0.05 mainEntry=4404.46 dist=3.00 confirmBars=1;POSITION_ACTIVE;SAFE;1;1;1;-1;-1;4404.46;-1.26;-1.26;0.00;-0.66;KELLY_LITE;true;0.04;213111.86;0.0417;KELLY_LITE(mult=1.20 taper=1.00 n=10)+HARD_RISK_CAP(2.0%)+MAXLOSS_CAP;213111.86;213110.60;33;0
2026.08.17 02:11:13;XAUUSD;5;1786932637;SL_MODIFIED;ticket=119586255 oldSL=4416.46 newSL=4407.13 reason=early_loss_hard_sl_leg_0;MANAGE_PROFIT;SAFE;1;1;1;-1;-1;4404.46;-1.41;-1.41;0.00;-1.26;KELLY_LITE;true;0.04;213111.86;0.0417;KELLY_LITE(mult=1.20 taper=1.00 n=10)+HARD_RISK_CAP(2.0%)+MAXLOSS_CAP;213111.86;213110.45;31;0
2026.08.17 02:11:33;XAUUSD;5;1786932637;RECONCILED_BROKER_CLOSE;ticket=119586255 type=main pnl=-8.01;MANAGE_PROFIT;SAFE;0;1;1;-1;-1;4404.46;0.00;0.00;0.00;-7.20;KELLY_LITE;true;0.04;213111.86;0.0417;KELLY_LITE(mult=1.20 taper=1.00 n=10)+HARD_RISK_CAP(2.0%)+MAXLOSS_CAP;213103.85;213103.85;33;0
2026.08.17 02:11:33;XAUUSD;5;1786932637;PENDING_DELETED;ticket=119586303 reason=main_gone_hedge_pending;WAIT_TRIGGER;SAFE;0;0;1;-1;-1;4404.46;0.00;0.00;0.00;-7.20;KELLY_LITE;true;0.04;213111.86;0.0417;KELLY_LITE(mult=1.20 taper=1.00 n=10)+HARD_RISK_CAP(2.0%)+MAXLOSS_CAP;213103.85;213103.85;33;0
2026.08.17 02:11:33;XAUUSD;5;1786932637;HEDGE_PENDING_CLEANUP;main_position_gone;WAIT_TRIGGER;SAFE;0;0;1;-1;-1;4404.46;0.00;0.00;0.00;-7.20;KELLY_LITE;true;0.04;213111.86;0.0417;KELLY_LITE(mult=1.20 taper=1.00 n=10)+HARD_RISK_CAP(2.0%)+MAXLOSS_CAP;213103.85;213103.85;33;0
2026.08.17 02:11:33;XAUUSD;5;1786932637;LOSS_COOLDOWN_AFTER_LOSS;cyclePnL=-8.01 pauseUntil=2026.08.17 02:16:33;WAIT_TRIGGER;SAFE;0;0;1;-1;-1;4404.46;0.00;0.00;0.00;-7.20;KELLY_LITE;true;0.04;213111.86;0.0417;KELLY_LITE(mult=1.20 taper=1.00 n=10)+HARD_RISK_CAP(2.0%)+MAXLOSS_CAP;213103.85;213103.85;33;0
2026.08.17 02:11:33;XAUUSD;5;1786932637;CYCLE_RESET;oldState=WAIT_TRIGGER realizedPnL=-8.01 peak=0.00 worst=-7.20 pyramid=1 consLosses=1;WAIT_TRIGGER;SAFE;0;0;1;-1;-1;4404.46;0.00;0.00;0.00;-7.20;KELLY_LITE;true;0.04;213111.86;0.0417;KELLY_LITE(mult=1.20 taper=1.00 n=10)+HARD_RISK_CAP(2.0%)+MAXLOSS_CAP;213103.85;213103.85;33;0
2026.08.17 02:16:33;XAUUSD;5;1786932638;PLACE_PENDING_START;cycle=1786932638 trend=0 consecLosses=1 preset=AGGRESSIVE;PLACE_PENDING;SAFE;0;0;0;-1;-1;0.00;0.00;0.00;0.00;0.00;KELLY_LITE;true;0.04;213111.86;0.0417;KELLY_LITE(mult=1.20 taper=1.00 n=10)+HARD_RISK_CAP(2.0%)+MAXLOSS_CAP;213103.85;213103.85;33;0
2026.08.17 02:16:34;XAUUSD;5;1786932638;OCO_PLACED;buy=119586741 4410.56 lot=0.04 sell=119586742 4405.53 lot=0.03 dist=2.35;WAIT_TRIGGER;SAFE;0;2;0;119586741;119586742;0.00;0.00;0.00;0.00;0.00;KELLY_LITE;true;0.04;213103.85;0.0417;KELLY_LITE(mult=1.00 taper=1.00 n=1)+HARD_RISK_CAP(2.0%)+MAXLOSS_CAP;213103.85;213103.85;33;0
2026.08.17 02:16:37;XAUUSD;5;1786932638;SELL_STOP_TRAILED;Old=4405.53 New=4405.84;WAIT_TRIGGER;SAFE;0;2;0;119586741;119586742;0.00;0.00;0.00;0.00;0.00;KELLY_LITE;true;0.04;213103.85;0.0417;KELLY_LITE(mult=1.00 taper=1.00 n=1)+HARD_RISK_CAP(2.0%)+MAXLOSS_CAP;213103.85;213103.85;33;0
2026.08.17 02:16:48;XAUUSD;5;1786932638;BUY_STOP_TRAILED;Old=4410.56 New=4410.21;WAIT_TRIGGER;SAFE;0;2;0;119586741;119586742;0.00;0.00;0.00;0.00;0.00;KELLY_LITE;true;0.04;213103.85;0.0417;KELLY_LITE(mult=1.00 taper=1.00 n=1)+HARD_RISK_CAP(2.0%)+MAXLOSS_CAP;213103.85;213103.85;33;0
2026.08.17 02:16:52;XAUUSD;5;1786932638;BUY_STOP_TRAILED;Old=4410.21 New=4409.70;WAIT_TRIGGER;SAFE;0;2;0;119586741;119586742;0.00;0.00;0.00;0.00;0.00;KELLY_LITE;true;0.04;213103.85;0.0417;KELLY_LITE(mult=1.00 taper=1.00 n=1)+HARD_RISK_CAP(2.0%)+MAXLOSS_CAP;213103.85;213103.85;33;0
2026.08.17 02:16:55;XAUUSD;5;1786932638;BUY_STOP_TRAILED;Old=4409.70 New=4409.30;WAIT_TRIGGER;SAFE;0;2;0;119586741;119586742;0.00;0.00;0.00;0.00;0.00;KELLY_LITE;true;0.04;213103.85;0.0417;KELLY_LITE(mult=1.00 taper=1.00 n=1)+HARD_RISK_CAP(2.0%)+MAXLOSS_CAP;213103.85;213103.85;37;0
2026.08.17 02:17:25;XAUUSD;5;1786932638;SELL_STOP_TRAILED;Old=4405.84 New=4406.20;WAIT_TRIGGER;SAFE;0;2;0;119586741;119586742;0.00;0.00;0.00;0.00;0.00;KELLY_LITE;true;0.04;213103.85;0.0417;KELLY_LITE(mult=1.00 taper=1.00 n=1)+HARD_RISK_CAP(2.0%)+MAXLOSS_CAP;213103.85;213103.85;33;0
2026.08.17 02:17:34;XAUUSD;5;1786932638;OCO_TRIGGERED_BUY;ticket=119586741 entry=4409.30;POSITION_ACTIVE;SAFE;1;1;0;-1;119586742;0.00;-1.20;-1.20;0.00;0.00;KELLY_LITE;true;0.04;213103.85;0.0417;KELLY_LITE(mult=1.00 taper=1.00 n=1)+HARD_RISK_CAP(2.0%)+MAXLOSS_CAP;213103.85;213102.65;36;0
2026.08.17 02:17:35;XAUUSD;5;1786932638;PENDING_DELETED;ticket=119586742 reason=oco_buy_triggered;POSITION_ACTIVE;SAFE;1;0;0;-1;119586742;0.00;0.04;0.04;0.00;0.00;KELLY_LITE;true;0.04;213103.85;0.0417;KELLY_LITE(mult=1.00 taper=1.00 n=1)+HARD_RISK_CAP(2.0%)+MAXLOSS_CAP;213103.85;213103.89;37;0
2026.08.17 02:17:35;XAUUSD;5;1786932638;HEDGE_PENDING_PLACED;dir=SELL_STOP ticket=119586806 price=4406.31 sl=4409.31 lot=0.05 mainEntry=4409.30 dist=3.00 confirmBars=1;POSITION_ACTIVE;SAFE;1;1;1;-1;-1;4409.30;1.28;1.28;0.04;0.00;KELLY_LITE;true;0.04;213103.85;0.0417;KELLY_LITE(mult=1.00 taper=1.00 n=1)+HARD_RISK_CAP(2.0%)+MAXLOSS_CAP;213103.85;213105.13;33;0
2026.08.17 02:17:36;XAUUSD;5;1786932638;SL_MODIFIED;ticket=119586741 oldSL=4397.30 newSL=4407.30 reason=early_loss_hard_sl_leg_0;MANAGE_PROFIT;SAFE;1;1;1;-1;-1;4409.30;2.00;2.00;1.28;0.00;KELLY_LITE;true;0.04;213103.85;0.0417;KELLY_LITE(mult=1.00 taper=1.00 n=1)+HARD_RISK_CAP(2.0%)+MAXLOSS_CAP;213103.85;213105.85;33;0
2026.08.17 02:18:33;XAUUSD;5;1786932638;EA_DEINIT;reason=5;MANAGE_PROFIT;SAFE;1;1;1;-1;-1;4409.30;-1.28;-1.28;4.36;-2.76;KELLY_LITE;true;0.04;213103.85;0.0417;KELLY_LITE(mult=1.00 taper=1.00 n=1)+HARD_RISK_CAP(2.0%)+MAXLOSS_CAP;213103.85;213102.57;33;0
2026.08.17 02:18:33;XAUUSD;5;1786933113;EA_INIT;V10|Preset=AGGRESSIVE|MaxLoss=$50.0 SL=$12.0 RiskPct=1.50|HedgeMaxNeg=$10.0 LotRatio=1.25 ConfirmBars=1 Cooldown=60s|DailyDD=4.0% WeeklyLim=$100|AutoLotMode=KELLY_LITE|Session=ALL NewsFilter=OFF (0 times);IDLE;SAFE;1;1;0;-1;-1;4409.30;-0.96;-0.96;4.36;-2.76;KELLY_LITE;true;0.04;213103.85;0.0417;KELLY_LITE(mult=1.00 taper=1.00 n=1)+HARD_RISK_CAP(2.0%)+MAXLOSS_CAP;213103.85;213102.89;33;0
2026.08.17 02:18:33;XAUUSD;5;1786933113;DAILY_BASELINE_RESTORED;startEquity=213057.11 paused=false hardStop=false;IDLE;SAFE;1;1;0;-1;-1;4409.30;-0.96;-0.96;4.36;-2.76;KELLY_LITE;true;0.04;213103.85;0.0417;KELLY_LITE(mult=1.00 taper=1.00 n=1)+HARD_RISK_CAP(2.0%)+MAXLOSS_CAP;213103.85;213102.89;33;0
2026.08.17 02:18:33;XAUUSD;5;1786933113;WEEKLY_BASELINE_RESTORED;startEquity=213057.11 paused=false;IDLE;SAFE;1;1;0;-1;-1;4409.30;-0.96;-0.96;4.36;-2.76;KELLY_LITE;true;0.04;213103.85;0.0417;KELLY_LITE(mult=1.00 taper=1.00 n=1)+HARD_RISK_CAP(2.0%)+MAXLOSS_CAP;213103.85;213102.89;33;0
2026.08.17 02:18:33;XAUUSD;5;1786933113;OCO_TRIGGERED_BUY;ticket=119586741 entry=4409.30;POSITION_ACTIVE;SAFE;1;1;0;-1;119586806;4409.30;-0.96;-0.96;4.36;-2.76;KELLY_LITE;true;0.04;213103.85;0.0417;KELLY_LITE(mult=1.00 taper=1.00 n=1)+HARD_RISK_CAP(2.0%)+MAXLOSS_CAP;213103.85;213102.89;33;0
2026.08.17 02:18:33;XAUUSD;5;1786933113;PENDING_DELETED;ticket=119586806 reason=oco_buy_triggered;POSITION_ACTIVE;SAFE;1;0;0;-1;119586806;4409.30;-1.32;-1.32;4.36;-2.76;KELLY_LITE;true;0.04;213103.85;0.0417;KELLY_LITE(mult=1.00 taper=1.00 n=1)+HARD_RISK_CAP(2.0%)+MAXLOSS_CAP;213103.85;213102.53;33;0
2026.08.17 02:18:34;XAUUSD;5;1786933113;HEDGE_PENDING_PLACED;dir=SELL_STOP ticket=119586903 price=4405.97 sl=4408.97 lot=0.05 mainEntry=4409.30 dist=3.00 confirmBars=1;POSITION_ACTIVE;SAFE;1;1;1;-1;-1;4409.30;-1.12;-1.12;0.00;-1.32;KELLY_LITE;true;0.04;213103.85;0.0417;KELLY_LITE(mult=1.00 taper=1.00 n=1)+HARD_RISK_CAP(2.0%)+MAXLOSS_CAP;213103.85;213102.73;33;0
2026.08.17 02:22:36;XAUUSD;5;1786933113;SL_MODIFIED;ticket=119586741 oldSL=4407.30 newSL=4410.80 reason=break_even_lock_leg_0;MANAGE_PROFIT;SAFE;1;1;1;-1;-1;4409.30;9.08;9.08;8.08;-5.76;KELLY_LITE;true;0.04;213103.85;0.0417;KELLY_LITE(mult=1.00 taper=1.00 n=1)+HARD_RISK_CAP(2.0%)+MAXLOSS_CAP;213103.85;213112.93;33;0
2026.08.17 02:22:36;XAUUSD;5;1786933113;PROFIT_RATCHET_LOCKED;floor=3.43 peak=8.08;MANAGE_PROFIT;SAFE;1;1;1;-1;-1;4409.30;9.08;9.08;8.08;-5.76;KELLY_LITE;true;0.04;213103.85;0.0417;KELLY_LITE(mult=1.00 taper=1.00 n=1)+HARD_RISK_CAP(2.0%)+MAXLOSS_CAP;213103.85;213112.93;33;0
2026.08.17 02:22:37;XAUUSD;5;1786933113;SL_MODIFY_FAILED;ticket=119586741 newSL=4411.05 reason=break_even_lock_leg_0 err=0;MANAGE_PROFIT;SAFE;1;1;1;-1;-1;4409.30;7.68;7.68;9.08;-5.76;KELLY_LITE;true;0.04;213103.85;0.0417;KELLY_LITE(mult=1.00 taper=1.00 n=1)+HARD_RISK_CAP(2.0%)+MAXLOSS_CAP;213103.85;213111.53;33;0
2026.08.17 02:22:37;XAUUSD;5;1786933113;PROFIT_RATCHET_LOCKED;floor=3.86 peak=9.08;MANAGE_PROFIT;SAFE;1;1;1;-1;-1;4409.30;7.68;7.68;9.08;-5.76;KELLY_LITE;true;0.04;213103.85;0.0417;KELLY_LITE(mult=1.00 taper=1.00 n=1)+HARD_RISK_CAP(2.0%)+MAXLOSS_CAP;213103.85;213111.53;33;0
2026.08.17 02:22:37;XAUUSD;5;1786933113;EXIT_TIERED_TRAIL;profit=7.68 peak=9.08 allowedRetrace=1.36;MANAGE_PROFIT;SAFE;1;1;1;-1;-1;4409.30;7.68;7.68;9.08;-5.76;KELLY_LITE;true;0.04;213103.85;0.0417;KELLY_LITE(mult=1.00 taper=1.00 n=1)+HARD_RISK_CAP(2.0%)+MAXLOSS_CAP;213103.85;213111.53;33;0
2026.08.17 02:22:37;XAUUSD;5;1786933113;POSITION_CLOSED;ticket=119586741 reason=tiered_profit_trail lots=0.04 price=4411.22 pnl=7.68;MANAGE_PROFIT;SAFE;0;1;1;-1;-1;4409.30;0.00;0.00;9.08;-5.76;KELLY_LITE;true;0.04;213103.85;0.0417;KELLY_LITE(mult=1.00 taper=1.00 n=1)+HARD_RISK_CAP(2.0%)+MAXLOSS_CAP;213111.05;213111.05;33;0
2026.08.17 02:22:38;XAUUSD;5;1786933113;PENDING_DELETED;ticket=119586903 reason=close_all_hedge;MANAGE_PROFIT;SAFE;0;0;0;-1;-1;4409.30;0.00;0.00;9.08;-5.76;KELLY_LITE;true;0.04;213103.85;0.0417;KELLY_LITE(mult=1.00 taper=1.00 n=1)+HARD_RISK_CAP(2.0%)+MAXLOSS_CAP;213111.05;213111.05;33;0
2026.08.17 02:22:38;XAUUSD;5;1786933113;CYCLE_RESET;oldState=RESET realizedPnL=7.20 peak=9.08 worst=-5.76 pyramid=0 consLosses=0;RESET;SAFE;0;0;0;-1;-1;4409.30;0.00;0.00;9.08;-5.76;KELLY_LITE;true;0.04;213103.85;0.0417;KELLY_LITE(mult=1.00 taper=1.00 n=1)+HARD_RISK_CAP(2.0%)+MAXLOSS_CAP;213111.05;213111.05;33;0
2026.08.17 02:22:58;XAUUSD;5;1786933113;EA_DEINIT;reason=5;IDLE;SAFE;0;0;0;-1;-1;0.00;0.00;0.00;0.00;0.00;KELLY_LITE;true;0.04;213103.85;0.0417;KELLY_LITE(mult=1.00 taper=1.00 n=1)+HARD_RISK_CAP(2.0%)+MAXLOSS_CAP;213111.05;213111.05;33;0
2026.08.17 02:22:58;XAUUSD;5;1786933378;EA_INIT;V10|Preset=AGGRESSIVE|MaxLoss=$50.0 SL=$12.0 RiskPct=1.50|HedgeMaxNeg=$10.0 LotRatio=1.25 ConfirmBars=1 Cooldown=60s|DailyDD=4.0% WeeklyLim=$100|AutoLotMode=KELLY_LITE|Session=ALL NewsFilter=OFF (0 times);IDLE;SAFE;0;0;0;-1;-1;0.00;0.00;0.00;0.00;0.00;KELLY_LITE;true;0.04;213103.85;0.0417;KELLY_LITE(mult=1.00 taper=1.00 n=1)+HARD_RISK_CAP(2.0%)+MAXLOSS_CAP;213111.05;213111.05;33;0
2026.08.17 02:22:58;XAUUSD;5;1786933378;DAILY_BASELINE_RESTORED;startEquity=213057.11 paused=false hardStop=false;IDLE;SAFE;0;0;0;-1;-1;0.00;0.00;0.00;0.00;0.00;KELLY_LITE;true;0.04;213103.85;0.0417;KELLY_LITE(mult=1.00 taper=1.00 n=1)+HARD_RISK_CAP(2.0%)+MAXLOSS_CAP;213111.05;213111.05;33;0
2026.08.17 02:22:58;XAUUSD;5;1786933378;WEEKLY_BASELINE_RESTORED;startEquity=213057.11 paused=false;IDLE;SAFE;0;0;0;-1;-1;0.00;0.00;0.00;0.00;0.00;KELLY_LITE;true;0.04;213103.85;0.0417;KELLY_LITE(mult=1.00 taper=1.00 n=1)+HARD_RISK_CAP(2.0%)+MAXLOSS_CAP;213111.05;213111.05;33;0
2026.08.17 02:27:38;XAUUSD;5;1786933379;PLACE_PENDING_START;cycle=1786933379 trend=0 consecLosses=0 preset=AGGRESSIVE;PLACE_PENDING;SAFE;0;0;0;-1;-1;0.00;0.00;0.00;0.00;0.00;KELLY_LITE;true;0.04;213103.85;0.0417;KELLY_LITE(mult=1.00 taper=1.00 n=1)+HARD_RISK_CAP(2.0%)+MAXLOSS_CAP;213111.05;213111.05;30;0
2026.08.17 02:27:39;XAUUSD;5;1786933379;OCO_PLACED;buy=119588066 4411.37 lot=0.04 sell=119588067 4406.39 lot=0.04 dist=2.34;WAIT_TRIGGER;SAFE;0;2;0;119588066;119588067;0.00;0.00;0.00;0.00;0.00;KELLY_LITE;true;0.04;213111.05;0.0417;KELLY_LITE(mult=1.00 taper=1.00 n=0)+HARD_RISK_CAP(2.0%)+MAXLOSS_CAP;213111.05;213111.05;33;0
2026.08.17 02:27:49;XAUUSD;5;1786933379;SELL_STOP_TRAILED;Old=4406.39 New=4406.75;WAIT_TRIGGER;SAFE;0;2;0;119588066;119588067;0.00;0.00;0.00;0.00;0.00;KELLY_LITE;true;0.04;213111.05;0.0417;KELLY_LITE(mult=1.00 taper=1.00 n=0)+HARD_RISK_CAP(2.0%)+MAXLOSS_CAP;213111.05;213111.05;33;0
2026.08.17 02:27:58;XAUUSD;5;1786933379;SELL_STOP_TRAILED;Old=4406.75 New=4407.06;WAIT_TRIGGER;SAFE;0;2;0;119588066;119588067;0.00;0.00;0.00;0.00;0.00;KELLY_LITE;true;0.04;213111.05;0.0417;KELLY_LITE(mult=1.00 taper=1.00 n=0)+HARD_RISK_CAP(2.0%)+MAXLOSS_CAP;213111.05;213111.05;33;0
2026.08.17 02:28:45;XAUUSD;5;1786933379;BUY_STOP_TRAILED;Old=4411.37 New=4410.97;WAIT_TRIGGER;SAFE;0;2;0;119588066;119588067;0.00;0.00;0.00;0.00;0.00;KELLY_LITE;true;0.04;213111.05;0.0417;KELLY_LITE(mult=1.00 taper=1.00 n=0)+HARD_RISK_CAP(2.0%)+MAXLOSS_CAP;213111.05;213111.05;33;0
2026.08.17 02:29:14;XAUUSD;5;1786933379;BUY_STOP_TRAILED;Old=4410.97 New=4410.60;WAIT_TRIGGER;SAFE;0;2;0;119588066;119588067;0.00;0.00;0.00;0.00;0.00;KELLY_LITE;true;0.04;213111.05;0.0417;KELLY_LITE(mult=1.00 taper=1.00 n=0)+HARD_RISK_CAP(2.0%)+MAXLOSS_CAP;213111.05;213111.05;37;0
2026.08.17 02:29:15;XAUUSD;5;1786933379;BUY_STOP_TRAILED;Old=4410.60 New=4410.29;WAIT_TRIGGER;SAFE;0;2;0;119588066;119588067;0.00;0.00;0.00;0.00;0.00;KELLY_LITE;true;0.04;213111.05;0.0417;KELLY_LITE(mult=1.00 taper=1.00 n=0)+HARD_RISK_CAP(2.0%)+MAXLOSS_CAP;213111.05;213111.05;37;0
2026.08.17 02:29:31;XAUUSD;5;1786933379;BUY_STOP_TRAILED;Old=4410.29 New=4409.96;WAIT_TRIGGER;SAFE;0;2;0;119588066;119588067;0.00;0.00;0.00;0.00;0.00;KELLY_LITE;true;0.04;213111.05;0.0417;KELLY_LITE(mult=1.00 taper=1.00 n=0)+HARD_RISK_CAP(2.0%)+MAXLOSS_CAP;213111.05;213111.05;33;0
2026.08.17 02:29:41;XAUUSD;5;1786933379;BUY_STOP_TRAILED;Old=4409.96 New=4409.64;WAIT_TRIGGER;SAFE;1;1;0;119588066;119588067;0.00;-0.68;-0.68;0.00;0.00;KELLY_LITE;true;0.04;213111.05;0.0417;KELLY_LITE(mult=1.00 taper=1.00 n=0)+HARD_RISK_CAP(2.0%)+MAXLOSS_CAP;213111.05;213110.37;33;0
2026.08.17 02:29:41;XAUUSD;5;1786933379;OCO_TRIGGERED_SELL;ticket=119588067 entry=4407.06;POSITION_ACTIVE;SAFE;1;1;0;119588066;-1;0.00;-0.68;-0.68;0.00;0.00;KELLY_LITE;true;0.04;213111.05;0.0417;KELLY_LITE(mult=1.00 taper=1.00 n=0)+HARD_RISK_CAP(2.0%)+MAXLOSS_CAP;213111.05;213110.37;33;0
2026.08.17 02:29:41;XAUUSD;5;1786933379;PENDING_DELETED;ticket=119588066 reason=oco_sell_triggered;POSITION_ACTIVE;SAFE;1;0;0;119588066;-1;0.00;-0.80;-0.80;0.00;0.00;KELLY_LITE;true;0.04;213111.05;0.0417;KELLY_LITE(mult=1.00 taper=1.00 n=0)+HARD_RISK_CAP(2.0%)+MAXLOSS_CAP;213111.05;213110.25;33;0
2026.08.17 02:29:42;XAUUSD;5;1786933379;HEDGE_PENDING_PLACED;dir=BUY_STOP ticket=119588208 price=4410.26 sl=4407.26 lot=0.05 mainEntry=4407.06 dist=3.00 confirmBars=1;POSITION_ACTIVE;SAFE;1;1;1;-1;-1;4407.06;-0.20;-0.20;0.00;-0.80;KELLY_LITE;true;0.04;213111.05;0.0417;KELLY_LITE(mult=1.00 taper=1.00 n=0)+HARD_RISK_CAP(2.0%)+MAXLOSS_CAP;213111.05;213110.85;33;0
2026.08.17 02:29:42;XAUUSD;5;1786933379;SL_MODIFIED;ticket=119588067 oldSL=4419.06 newSL=4409.06 reason=early_loss_hard_sl_leg_0;MANAGE_PROFIT;SAFE;1;1;1;-1;-1;4407.06;-0.16;-0.16;0.00;-0.80;KELLY_LITE;true;0.04;213111.05;0.0417;KELLY_LITE(mult=1.00 taper=1.00 n=0)+HARD_RISK_CAP(2.0%)+MAXLOSS_CAP;213111.05;213110.89;33;0
2026.08.17 02:32:24;XAUUSD;5;1786933379;SL_MODIFIED;ticket=119588067 oldSL=4409.06 newSL=4405.18 reason=break_even_lock_leg_0;MANAGE_PROFIT;SAFE;1;1;1;-1;-1;4407.06;9.76;9.76;9.60;-5.44;KELLY_LITE;true;0.04;213111.05;0.0417;KELLY_LITE(mult=1.00 taper=1.00 n=0)+HARD_RISK_CAP(2.0%)+MAXLOSS_CAP;213111.05;213120.81;33;0
2026.08.17 02:32:24;XAUUSD;5;1786933379;PROFIT_RATCHET_LOCKED;floor=4.08 peak=9.60;MANAGE_PROFIT;SAFE;1;1;1;-1;-1;4407.06;9.76;9.76;9.60;-5.44;KELLY_LITE;true;0.04;213111.05;0.0417;KELLY_LITE(mult=1.00 taper=1.00 n=0)+HARD_RISK_CAP(2.0%)+MAXLOSS_CAP;213111.05;213120.81;33;0
2026.08.17 02:32:24;XAUUSD;5;1786933379;SL_MODIFY_FAILED;ticket=119588067 newSL=4405.14 reason=break_even_lock_leg_0 err=0;MANAGE_PROFIT;SAFE;1;1;1;-1;-1;4407.06;9.44;9.44;9.76;-5.44;KELLY_LITE;true;0.04;213111.05;0.0417;KELLY_LITE(mult=1.00 taper=1.00 n=0)+HARD_RISK_CAP(2.0%)+MAXLOSS_CAP;213111.05;213120.49;33;0
2026.08.17 02:32:24;XAUUSD;5;1786933379;PROFIT_RATCHET_LOCKED;floor=4.15 peak=9.76;MANAGE_PROFIT;SAFE;1;1;1;-1;-1;4407.06;9.44;9.44;9.76;-5.44;KELLY_LITE;true;0.04;213111.05;0.0417;KELLY_LITE(mult=1.00 taper=1.00 n=0)+HARD_RISK_CAP(2.0%)+MAXLOSS_CAP;213111.05;213120.49;33;0
2026.08.17 02:32:24;XAUUSD;5;1786933379;PROFIT_RATCHET_LOCKED;floor=4.15 peak=9.76;MANAGE_PROFIT;SAFE;1;1;1;-1;-1;4407.06;9.44;9.44;9.76;-5.44;KELLY_LITE;true;0.04;213111.05;0.0417;KELLY_LITE(mult=1.00 taper=1.00 n=0)+HARD_RISK_CAP(2.0%)+MAXLOSS_CAP;213111.05;213120.49;33;0
2026.08.17 02:32:24;XAUUSD;5;1786933379;PROFIT_RATCHET_LOCKED;floor=4.15 peak=9.76;MANAGE_PROFIT;SAFE;1;1;1;-1;-1;4407.06;9.48;9.48;9.76;-5.44;KELLY_LITE;true;0.04;213111.05;0.0417;KELLY_LITE(mult=1.00 taper=1.00 n=0)+HARD_RISK_CAP(2.0%)+MAXLOSS_CAP;213111.05;213120.53;33;0
2026.08.17 02:32:25;XAUUSD;5;1786933379;PROFIT_RATCHET_LOCKED;floor=4.15 peak=9.76;MANAGE_PROFIT;SAFE;1;1;1;-1;-1;4407.06;8.88;8.88;9.76;-5.44;KELLY_LITE;true;0.04;213111.05;0.0417;KELLY_LITE(mult=1.00 taper=1.00 n=0)+HARD_RISK_CAP(2.0%)+MAXLOSS_CAP;213111.05;213119.93;33;0
2026.08.17 02:32:25;XAUUSD;5;1786933379;PROFIT_RATCHET_LOCKED;floor=4.15 peak=9.76;MANAGE_PROFIT;SAFE;1;1;1;-1;-1;4407.06;9.56;9.56;9.76;-5.44;KELLY_LITE;true;0.04;213111.05;0.0417;KELLY_LITE(mult=1.00 taper=1.00 n=0)+HARD_RISK_CAP(2.0%)+MAXLOSS_CAP;213111.05;213120.61;33;0
2026.08.17 02:32:25;XAUUSD;5;1786933379;PROFIT_RATCHET_LOCKED;floor=4.15 peak=9.76;MANAGE_PROFIT;SAFE;1;1;1;-1;-1;4407.06;8.92;8.92;9.76;-5.44;KELLY_LITE;true;0.04;213111.05;0.0417;KELLY_LITE(mult=1.00 taper=1.00 n=0)+HARD_RISK_CAP(2.0%)+MAXLOSS_CAP;213111.05;213119.97;31;0
2026.08.17 02:32:26;XAUUSD;5;1786933379;PROFIT_RATCHET_LOCKED;floor=4.15 peak=9.76;MANAGE_PROFIT;SAFE;1;1;1;-1;-1;4407.06;8.76;8.76;9.76;-5.44;KELLY_LITE;true;0.04;213111.05;0.0417;KELLY_LITE(mult=1.00 taper=1.00 n=0)+HARD_RISK_CAP(2.0%)+MAXLOSS_CAP;213111.05;213119.81;33;0
2026.08.17 02:32:26;XAUUSD;5;1786933379;PROFIT_RATCHET_LOCKED;floor=4.15 peak=9.76;MANAGE_PROFIT;SAFE;1;1;1;-1;-1;4407.06;8.32;8.32;9.76;-5.44;KELLY_LITE;true;0.04;213111.05;0.0417;KELLY_LITE(mult=1.00 taper=1.00 n=0)+HARD_RISK_CAP(2.0%)+MAXLOSS_CAP;213111.05;213119.37;33;0
2026.08.17 02:32:26;XAUUSD;5;1786933379;PROFIT_RATCHET_LOCKED;floor=4.15 peak=9.76;MANAGE_PROFIT;SAFE;1;1;1;-1;-1;4407.06;8.64;8.64;9.76;-5.44;KELLY_LITE;true;0.04;213111.05;0.0417;KELLY_LITE(mult=1.00 taper=1.00 n=0)+HARD_RISK_CAP(2.0%)+MAXLOSS_CAP;213111.05;213119.69;33;0
2026.08.17 02:32:26;XAUUSD;5;1786933379;PROFIT_RATCHET_LOCKED;floor=4.15 peak=9.76;MANAGE_PROFIT;SAFE;1;1;1;-1;-1;4407.06;8.72;8.72;9.76;-5.44;KELLY_LITE;true;0.04;213111.05;0.0417;KELLY_LITE(mult=1.00 taper=1.00 n=0)+HARD_RISK_CAP(2.0%)+MAXLOSS_CAP;213111.05;213119.77;33;0
2026.08.17 02:32:26;XAUUSD;5;1786933379;EXIT_TIERED_TRAIL;profit=8.16 peak=9.76 allowedRetrace=1.46;MANAGE_PROFIT;SAFE;1;1;1;-1;-1;4407.06;8.16;8.16;9.76;-5.44;KELLY_LITE;true;0.04;213111.05;0.0417;KELLY_LITE(mult=1.00 taper=1.00 n=0)+HARD_RISK_CAP(2.0%)+MAXLOSS_CAP;213111.05;213119.21;33;0
2026.08.17 02:32:27;XAUUSD;5;1786933379;PENDING_DELETED;ticket=119588208 reason=close_all_hedge;MANAGE_PROFIT;SAFE;0;0;0;-1;-1;4407.06;0.00;0.00;9.76;-5.44;KELLY_LITE;true;0.04;213111.05;0.0417;KELLY_LITE(mult=1.00 taper=1.00 n=0)+HARD_RISK_CAP(2.0%)+MAXLOSS_CAP;213118.57;213118.57;33;0
2026.08.17 02:32:27;XAUUSD;5;1786933379;TRADELOG_RECOVER_CLOSE;ticket=119588067 type=main pnl=7.52;RESET;SAFE;0;0;0;-1;-1;4407.06;0.00;0.00;9.76;-5.44;KELLY_LITE;true;0.04;213111.05;0.0417;KELLY_LITE(mult=1.00 taper=1.00 n=0)+HARD_RISK_CAP(2.0%)+MAXLOSS_CAP;213118.57;213118.57;33;0
2026.08.17 02:32:27;XAUUSD;5;1786933379;CYCLE_RESET;oldState=RESET realizedPnL=7.52 peak=9.76 worst=-5.44 pyramid=0 consLosses=0;RESET;SAFE;0;0;0;-1;-1;4407.06;0.00;0.00;9.76;-5.44;KELLY_LITE;true;0.04;213111.05;0.0417;KELLY_LITE(mult=1.00 taper=1.00 n=0)+HARD_RISK_CAP(2.0%)+MAXLOSS_CAP;213118.57;213118.57;33;0
2026.08.17 02:37:27;XAUUSD;5;1786933380;PLACE_PENDING_START;cycle=1786933380 trend=0 consecLosses=0 preset=AGGRESSIVE;PLACE_PENDING;SAFE;0;0;0;-1;-1;0.00;0.00;0.00;0.00;0.00;KELLY_LITE;true;0.04;213111.05;0.0417;KELLY_LITE(mult=1.00 taper=1.00 n=0)+HARD_RISK_CAP(2.0%)+MAXLOSS_CAP;213118.57;213118.57;33;0
2026.08.17 02:37:28;XAUUSD;5;1786933380;OCO_PLACED;buy=119589340 4403.80 lot=0.04 sell=119589341 4398.61 lot=0.04 dist=2.43;WAIT_TRIGGER;SAFE;0;2;0;119589340;119589341;0.00;0.00;0.00;0.00;0.00;KELLY_LITE;true;0.04;213118.57;0.0417;KELLY_LITE(mult=1.00 taper=1.00 n=1)+ATR_VOL(0.75@6.08)+HARD_RISK_CAP(2.0%)+MAXLOSS_CAP;213118.57;213118.57;33;0
2026.08.17 02:37:33;XAUUSD;5;1786933380;BUY_STOP_TRAILED;Old=4403.80 New=4403.47;WAIT_TRIGGER;SAFE;0;2;0;119589340;119589341;0.00;0.00;0.00;0.00;0.00;KELLY_LITE;true;0.04;213118.57;0.0417;KELLY_LITE(mult=1.00 taper=1.00 n=1)+ATR_VOL(0.75@6.08)+HARD_RISK_CAP(2.0%)+MAXLOSS_CAP;213118.57;213118.57;33;0
2026.08.17 02:37:35;XAUUSD;5;1786933380;BUY_STOP_TRAILED;Old=4403.47 New=4403.11;WAIT_TRIGGER;SAFE;0;2;0;119589340;119589341;0.00;0.00;0.00;0.00;0.00;KELLY_LITE;true;0.04;213118.57;0.0417;KELLY_LITE(mult=1.00 taper=1.00 n=1)+ATR_VOL(0.75@6.08)+HARD_RISK_CAP(2.0%)+MAXLOSS_CAP;213118.57;213118.57;33;0
2026.08.17 02:37:43;XAUUSD;5;1786933380;BUY_STOP_TRAILED;Old=4403.11 New=4402.80;WAIT_TRIGGER;SAFE;0;2;0;119589340;119589341;0.00;0.00;0.00;0.00;0.00;KELLY_LITE;true;0.04;213118.57;0.0417;KELLY_LITE(mult=1.00 taper=1.00 n=1)+ATR_VOL(0.75@6.08)+HARD_RISK_CAP(2.0%)+MAXLOSS_CAP;213118.57;213118.57;33;0
2026.08.17 02:38:16;XAUUSD;5;1786933380;BUY_STOP_TRAILED;Old=4402.80 New=4402.45;WAIT_TRIGGER;SAFE;0;2;0;119589340;119589341;0.00;0.00;0.00;0.00;0.00;KELLY_LITE;true;0.04;213118.57;0.0417;KELLY_LITE(mult=1.00 taper=1.00 n=1)+ATR_VOL(0.75@6.08)+HARD_RISK_CAP(2.0%)+MAXLOSS_CAP;213118.57;213118.57;33;0
2026.08.17 02:38:32;XAUUSD;5;1786933380;BUY_STOP_TRAILED;Old=4402.45 New=4402.13;WAIT_TRIGGER;SAFE;0;2;0;119589340;119589341;0.00;0.00;0.00;0.00;0.00;KELLY_LITE;true;0.04;213118.57;0.0417;KELLY_LITE(mult=1.00 taper=1.00 n=1)+ATR_VOL(0.75@6.08)+HARD_RISK_CAP(2.0%)+MAXLOSS_CAP;213118.57;213118.57;33;0
2026.08.17 02:38:40;XAUUSD;5;1786933380;BUY_STOP_TRAILED;Old=4402.13 New=4401.81;WAIT_TRIGGER;SAFE;0;2;0;119589340;119589341;0.00;0.00;0.00;0.00;0.00;KELLY_LITE;true;0.04;213118.57;0.0417;KELLY_LITE(mult=1.00 taper=1.00 n=1)+ATR_VOL(0.75@6.08)+HARD_RISK_CAP(2.0%)+MAXLOSS_CAP;213118.57;213118.57;33;0
2026.08.17 02:39:48;XAUUSD;5;1786933380;SELL_STOP_TRAILED;Old=4398.61 New=4398.93;WAIT_TRIGGER;SAFE;0;2;0;119589340;119589341;0.00;0.00;0.00;0.00;0.00;KELLY_LITE;true;0.04;213118.57;0.0417;KELLY_LITE(mult=1.00 taper=1.00 n=1)+ATR_VOL(0.75@6.08)+HARD_RISK_CAP(2.0%)+MAXLOSS_CAP;213118.57;213118.57;33;0
2026.08.17 02:41:27;XAUUSD;5;1786933380;OCO_TRIGGERED_SELL;ticket=119589341 entry=4398.93;POSITION_ACTIVE;SAFE;1;1;0;119589340;-1;0.00;-1.60;-1.60;0.00;0.00;KELLY_LITE;true;0.04;213118.57;0.0417;KELLY_LITE(mult=1.00 taper=1.00 n=1)+ATR_VOL(0.75@6.08)+HARD_RISK_CAP(2.0%)+MAXLOSS_CAP;213118.57;213116.97;33;0
2026.08.17 02:41:28;XAUUSD;5;1786933380;PENDING_DELETED;ticket=119589340 reason=oco_sell_triggered;POSITION_ACTIVE;SAFE;1;0;0;119589340;-1;0.00;-1.76;-1.76;0.00;0.00;KELLY_LITE;true;0.04;213118.57;0.0417;KELLY_LITE(mult=1.00 taper=1.00 n=1)+ATR_VOL(0.75@6.08)+HARD_RISK_CAP(2.0%)+MAXLOSS_CAP;213118.57;213116.81;33;0
2026.08.17 02:41:28;XAUUSD;5;1786933380;HEDGE_PENDING_PLACED;dir=BUY_STOP ticket=119589580 price=4402.37 sl=4399.37 lot=0.05 mainEntry=4398.93 dist=3.00 confirmBars=1;POSITION_ACTIVE;SAFE;1;1;1;-1;-1;4398.93;-1.92;-1.92;0.00;-1.76;KELLY_LITE;true;0.04;213118.57;0.0417;KELLY_LITE(mult=1.00 taper=1.00 n=1)+ATR_VOL(0.75@6.08)+HARD_RISK_CAP(2.0%)+MAXLOSS_CAP;213118.57;213116.65;33;0
2026.08.17 02:41:29;XAUUSD;5;1786933380;SL_MODIFIED;ticket=119589341 oldSL=4410.93 newSL=4400.93 reason=early_loss_hard_sl_leg_0;MANAGE_PROFIT;SAFE;1;1;1;-1;-1;4398.93;-2.00;-2.00;0.00;-1.92;KELLY_LITE;true;0.04;213118.57;0.0417;KELLY_LITE(mult=1.00 taper=1.00 n=1)+ATR_VOL(0.75@6.08)+HARD_RISK_CAP(2.0%)+MAXLOSS_CAP;213118.57;213116.57;33;0
2026.08.17 02:42:36;XAUUSD;5;1786933380;EXIT_EARLY_LOSS_CUT;profit=-8.24 peak=4.20 cap=8.00;MANAGE_PROFIT;SAFE;1;1;1;-1;-1;4398.93;-8.24;-8.24;4.20;-8.24;KELLY_LITE;true;0.04;213118.57;0.0417;KELLY_LITE(mult=1.00 taper=1.00 n=1)+ATR_VOL(0.75@6.08)+HARD_RISK_CAP(2.0%)+MAXLOSS_CAP;213118.57;213110.33;33;0
2026.08.17 02:42:37;XAUUSD;5;1786933380;PENDING_DELETED;ticket=119589580 reason=close_all_hedge;MANAGE_PROFIT;SAFE;0;0;0;-1;-1;4398.93;0.00;0.00;4.20;-8.24;KELLY_LITE;true;0.04;213118.57;0.0417;KELLY_LITE(mult=1.00 taper=1.00 n=1)+ATR_VOL(0.75@6.08)+HARD_RISK_CAP(2.0%)+MAXLOSS_CAP;213110.57;213110.57;33;0
2026.08.17 02:42:37;XAUUSD;5;1786933380;TRADELOG_RECOVER_CLOSE;ticket=119589341 type=main pnl=-8.00;RESET;SAFE;0;0;0;-1;-1;4398.93;0.00;0.00;4.20;-8.24;KELLY_LITE;true;0.04;213118.57;0.0417;KELLY_LITE(mult=1.00 taper=1.00 n=1)+ATR_VOL(0.75@6.08)+HARD_RISK_CAP(2.0%)+MAXLOSS_CAP;213110.57;213110.57;33;0
2026.08.17 02:42:37;XAUUSD;5;1786933380;LOSS_COOLDOWN_AFTER_LOSS;cyclePnL=-8.00 pauseUntil=2026.08.17 02:47:37;RESET;SAFE;0;0;0;-1;-1;4398.93;0.00;0.00;4.20;-8.24;KELLY_LITE;true;0.04;213118.57;0.0417;KELLY_LITE(mult=1.00 taper=1.00 n=1)+ATR_VOL(0.75@6.08)+HARD_RISK_CAP(2.0%)+MAXLOSS_CAP;213110.57;213110.57;33;0
2026.08.17 02:42:37;XAUUSD;5;1786933380;CYCLE_RESET;oldState=RESET realizedPnL=-8.00 peak=4.20 worst=-8.24 pyramid=0 consLosses=1;RESET;SAFE;0;0;0;-1;-1;4398.93;0.00;0.00;4.20;-8.24;KELLY_LITE;true;0.04;213118.57;0.0417;KELLY_LITE(mult=1.00 taper=1.00 n=1)+ATR_VOL(0.75@6.08)+HARD_RISK_CAP(2.0%)+MAXLOSS_CAP;213110.57;213110.57;33;0
2026.08.17 02:47:37;XAUUSD;5;1786933381;PLACE_PENDING_START;cycle=1786933381 trend=0 consecLosses=1 preset=AGGRESSIVE;PLACE_PENDING;SAFE;0;0;0;-1;-1;0.00;0.00;0.00;0.00;0.00;KELLY_LITE;true;0.04;213118.57;0.0417;KELLY_LITE(mult=1.00 taper=1.00 n=1)+ATR_VOL(0.75@6.08)+HARD_RISK_CAP(2.0%)+MAXLOSS_CAP;213110.57;213110.57;33;0
2026.08.17 02:47:38;XAUUSD;5;1786933381;OCO_PLACED;buy=119590213 4400.92 lot=0.04 sell=119590214 4395.49 lot=0.04 dist=2.55;WAIT_TRIGGER;SAFE;0;2;0;119590213;119590214;0.00;0.00;0.00;0.00;0.00;KELLY_LITE;true;0.04;213110.57;0.0417;KELLY_LITE(mult=1.00 taper=1.00 n=2)+ATR_VOL(0.75@6.36)+HARD_RISK_CAP(2.0%)+MAXLOSS_CAP;213110.57;213110.57;30;0
2026.08.17 02:47:39;XAUUSD;5;1786933381;BUY_STOP_TRAILED;Old=4400.92 New=4400.48;WAIT_TRIGGER;SAFE;0;2;0;119590213;119590214;0.00;0.00;0.00;0.00;0.00;KELLY_LITE;true;0.04;213110.57;0.0417;KELLY_LITE(mult=1.00 taper=1.00 n=2)+ATR_VOL(0.75@6.36)+HARD_RISK_CAP(2.0%)+MAXLOSS_CAP;213110.57;213110.57;33;0
2026.08.17 02:47:39;XAUUSD;5;1786933381;BUY_STOP_TRAILED;Old=4400.48 New=4400.10;WAIT_TRIGGER;SAFE;0;2;0;119590213;119590214;0.00;0.00;0.00;0.00;0.00;KELLY_LITE;true;0.04;213110.57;0.0417;KELLY_LITE(mult=1.00 taper=1.00 n=2)+ATR_VOL(0.75@6.36)+HARD_RISK_CAP(2.0%)+MAXLOSS_CAP;213110.57;213110.57;33;0
2026.08.17 02:47:55;XAUUSD;5;1786933381;BUY_STOP_TRAILED;Old=4400.10 New=4399.71;WAIT_TRIGGER;SAFE;0;2;0;119590213;119590214;0.00;0.00;0.00;0.00;0.00;KELLY_LITE;true;0.04;213110.57;0.0417;KELLY_LITE(mult=1.00 taper=1.00 n=2)+ATR_VOL(0.75@6.36)+HARD_RISK_CAP(2.0%)+MAXLOSS_CAP;213110.57;213110.57;33;0
2026.08.17 02:48:28;XAUUSD;5;1786933381;BUY_STOP_TRAILED;Old=4399.71 New=4399.37;WAIT_TRIGGER;SAFE;0;2;0;119590213;119590214;0.00;0.00;0.00;0.00;0.00;KELLY_LITE;true;0.04;213110.57;0.0417;KELLY_LITE(mult=1.00 taper=1.00 n=2)+ATR_VOL(0.75@6.36)+HARD_RISK_CAP(2.0%)+MAXLOSS_CAP;213110.57;213110.57;33;0
2026.08.17 02:48:40;XAUUSD;5;1786933381;BUY_STOP_TRAILED;Old=4399.37 New=4398.96;WAIT_TRIGGER;SAFE;0;2;0;119590213;119590214;0.00;0.00;0.00;0.00;0.00;KELLY_LITE;true;0.04;213110.57;0.0417;KELLY_LITE(mult=1.00 taper=1.00 n=2)+ATR_VOL(0.75@6.36)+HARD_RISK_CAP(2.0%)+MAXLOSS_CAP;213110.57;213110.57;33;0
2026.08.17 02:48:49;XAUUSD;5;1786933381;BUY_STOP_TRAILED;Old=4398.96 New=4398.57;WAIT_TRIGGER;SAFE;0;2;0;119590213;119590214;0.00;0.00;0.00;0.00;0.00;KELLY_LITE;true;0.04;213110.57;0.0417;KELLY_LITE(mult=1.00 taper=1.00 n=2)+ATR_VOL(0.75@6.36)+HARD_RISK_CAP(2.0%)+MAXLOSS_CAP;213110.57;213110.57;37;0
2026.08.17 02:48:51;XAUUSD;5;1786933381;OCO_TRIGGERED_SELL;ticket=119590214 entry=4395.49;POSITION_ACTIVE;SAFE;1;1;0;119590213;-1;0.00;0.08;-1.12;0.00;0.00;KELLY_LITE;true;0.04;213110.57;0.0417;KELLY_LITE(mult=1.00 taper=1.00 n=2)+ATR_VOL(0.75@6.36)+HARD_RISK_CAP(2.0%)+MAXLOSS_CAP;213110.57;213110.65;30;0
2026.08.17 02:48:51;XAUUSD;5;1786933381;PENDING_DELETED;ticket=119590213 reason=oco_sell_triggered;POSITION_ACTIVE;SAFE;1;0;0;119590213;-1;0.00;-1.52;-1.52;0.00;0.00;KELLY_LITE;true;0.04;213110.57;0.0417;KELLY_LITE(mult=1.00 taper=1.00 n=2)+ATR_VOL(0.75@6.36)+HARD_RISK_CAP(2.0%)+MAXLOSS_CAP;213110.57;213109.05;30;0
2026.08.17 02:48:51;XAUUSD;5;1786933381;HEDGE_PENDING_PLACED;dir=BUY_STOP ticket=119590407 price=4398.87 sl=4395.87 lot=0.05 mainEntry=4395.49 dist=3.00 confirmBars=1;POSITION_ACTIVE;SAFE;1;1;1;-1;-1;4395.49;-1.60;-1.60;0.00;-1.52;KELLY_LITE;true;0.04;213110.57;0.0417;KELLY_LITE(mult=1.00 taper=1.00 n=2)+ATR_VOL(0.75@6.36)+HARD_RISK_CAP(2.0%)+MAXLOSS_CAP;213110.57;213108.97;30;0
2026.08.17 02:48:52;XAUUSD;5;1786933381;SL_MODIFIED;ticket=119590214 oldSL=4410.49 newSL=4397.49 reason=early_loss_hard_sl_leg_0;MANAGE_PROFIT;SAFE;1;1;1;-1;-1;4395.49;-1.36;-1.36;0.00;-1.60;KELLY_LITE;true;0.04;213110.57;0.0417;KELLY_LITE(mult=1.00 taper=1.00 n=2)+ATR_VOL(0.75@6.36)+HARD_RISK_CAP(2.0%)+MAXLOSS_CAP;213110.57;213109.21;31;0
2026.08.17 02:50:16;XAUUSD;5;1786933381;SL_MODIFIED;ticket=119590214 oldSL=4397.49 newSL=4393.96 reason=break_even_lock_leg_0;MANAGE_PROFIT;SAFE;1;1;1;-1;-1;4395.49;8.16;8.16;8.20;-6.84;KELLY_LITE;true;0.04;213110.57;0.0417;KELLY_LITE(mult=1.00 taper=1.00 n=2)+ATR_VOL(0.75@6.36)+HARD_RISK_CAP(2.0%)+MAXLOSS_CAP;213110.57;213118.73;33;0
2026.08.17 02:50:16;XAUUSD;5;1786933381;PROFIT_RATCHET_LOCKED;floor=3.48 peak=8.20;MANAGE_PROFIT;SAFE;1;1;1;-1;-1;4395.49;8.16;8.16;8.20;-6.84;KELLY_LITE;true;0.04;213110.57;0.0417;KELLY_LITE(mult=1.00 taper=1.00 n=2)+ATR_VOL(0.75@6.36)+HARD_RISK_CAP(2.0%)+MAXLOSS_CAP;213110.57;213118.73;33;0
2026.08.17 02:50:16;XAUUSD;5;1786933381;PROFIT_RATCHET_LOCKED;floor=3.48 peak=8.20;MANAGE_PROFIT;SAFE;1;1;1;-1;-1;4395.49;8.16;8.16;8.20;-6.84;KELLY_LITE;true;0.04;213110.57;0.0417;KELLY_LITE(mult=1.00 taper=1.00 n=2)+ATR_VOL(0.75@6.36)+HARD_RISK_CAP(2.0%)+MAXLOSS_CAP;213110.57;213118.73;33;0
2026.08.17 02:50:16;XAUUSD;5;1786933381;PROFIT_RATCHET_LOCKED;floor=3.48 peak=8.20;MANAGE_PROFIT;SAFE;1;1;1;-1;-1;4395.49;8.12;8.12;8.20;-6.84;KELLY_LITE;true;0.04;213110.57;0.0417;KELLY_LITE(mult=1.00 taper=1.00 n=2)+ATR_VOL(0.75@6.36)+HARD_RISK_CAP(2.0%)+MAXLOSS_CAP;213110.57;213118.69;33;0
2026.08.17 02:50:17;XAUUSD;5;1786933381;SL_MODIFIED;ticket=119590214 oldSL=4393.96 newSL=4393.76 reason=break_even_lock_leg_0;MANAGE_PROFIT;SAFE;1;1;1;-1;-1;4395.49;9.72;9.72;9.00;-6.84;KELLY_LITE;true;0.04;213110.57;0.0417;KELLY_LITE(mult=1.00 taper=1.00 n=2)+ATR_VOL(0.75@6.36)+HARD_RISK_CAP(2.0%)+MAXLOSS_CAP;213110.57;213120.29;33;0
2026.08.17 02:50:17;XAUUSD;5;1786933381;PROFIT_RATCHET_LOCKED;floor=3.83 peak=9.00;MANAGE_PROFIT;SAFE;1;1;1;-1;-1;4395.49;9.72;9.72;9.00;-6.84;KELLY_LITE;true;0.04;213110.57;0.0417;KELLY_LITE(mult=1.00 taper=1.00 n=2)+ATR_VOL(0.75@6.36)+HARD_RISK_CAP(2.0%)+MAXLOSS_CAP;213110.57;213120.29;33;0
2026.08.17 02:50:17;XAUUSD;5;1786933381;SL_MODIFIED;ticket=119590214 oldSL=4393.76 newSL=4393.58 reason=break_even_lock_leg_0;MANAGE_PROFIT;SAFE;1;1;1;-1;-1;4395.49;9.84;9.84;9.72;-6.84;KELLY_LITE;true;0.04;213110.57;0.0417;KELLY_LITE(mult=1.00 taper=1.00 n=2)+ATR_VOL(0.75@6.36)+HARD_RISK_CAP(2.0%)+MAXLOSS_CAP;213110.57;213120.41;33;0
2026.08.17 02:50:17;XAUUSD;5;1786933381;PROFIT_RATCHET_LOCKED;floor=4.13 peak=9.72;MANAGE_PROFIT;SAFE;1;1;1;-1;-1;4395.49;9.84;9.84;9.72;-6.84;KELLY_LITE;true;0.04;213110.57;0.0417;KELLY_LITE(mult=1.00 taper=1.00 n=2)+ATR_VOL(0.75@6.36)+HARD_RISK_CAP(2.0%)+MAXLOSS_CAP;213110.57;213120.41;33;0
2026.08.17 02:50:18;XAUUSD;5;1786933381;SL_MODIFY_FAILED;ticket=119590214 newSL=4393.55 reason=break_even_lock_leg_0 err=0;MANAGE_PROFIT;SAFE;1;1;1;-1;-1;4395.49;9.64;9.64;9.84;-6.84;KELLY_LITE;true;0.04;213110.57;0.0417;KELLY_LITE(mult=1.00 taper=1.00 n=2)+ATR_VOL(0.75@6.36)+HARD_RISK_CAP(2.0%)+MAXLOSS_CAP;213110.57;213120.21;33;0
2026.08.17 02:50:18;XAUUSD;5;1786933381;PROFIT_RATCHET_LOCKED;floor=4.18 peak=9.84;MANAGE_PROFIT;SAFE;1;1;1;-1;-1;4395.49;9.64;9.64;9.84;-6.84;KELLY_LITE;true;0.04;213110.57;0.0417;KELLY_LITE(mult=1.00 taper=1.00 n=2)+ATR_VOL(0.75@6.36)+HARD_RISK_CAP(2.0%)+MAXLOSS_CAP;213110.57;213120.21;33;0
2026.08.17 02:50:18;XAUUSD;5;1786933381;PROFIT_RATCHET_LOCKED;floor=4.18 peak=9.84;MANAGE_PROFIT;SAFE;1;1;1;-1;-1;4395.49;9.64;9.64;9.84;-6.84;KELLY_LITE;true;0.04;213110.57;0.0417;KELLY_LITE(mult=1.00 taper=1.00 n=2)+ATR_VOL(0.75@6.36)+HARD_RISK_CAP(2.0%)+MAXLOSS_CAP;213110.57;213120.21;33;0
2026.08.17 02:50:19;XAUUSD;5;1786933381;SL_MODIFIED;ticket=119590214 oldSL=4393.58 newSL=4393.50 reason=break_even_lock_leg_0;MANAGE_PROFIT;SAFE;1;1;1;-1;-1;4395.49;10.24;10.24;10.04;-6.84;KELLY_LITE;true;0.04;213110.57;0.0417;KELLY_LITE(mult=1.00 taper=1.00 n=2)+ATR_VOL(0.75@6.36)+HARD_RISK_CAP(2.0%)+MAXLOSS_CAP;213110.57;213120.81;33;0
2026.08.17 02:50:19;XAUUSD;5;1786933381;PROFIT_RATCHET_LOCKED;floor=4.27 peak=10.04;MANAGE_PROFIT;SAFE;1;1;1;-1;-1;4395.49;10.24;10.24;10.04;-6.84;KELLY_LITE;true;0.04;213110.57;0.0417;KELLY_LITE(mult=1.00 taper=1.00 n=2)+ATR_VOL(0.75@6.36)+HARD_RISK_CAP(2.0%)+MAXLOSS_CAP;213110.57;213120.81;33;0
2026.08.17 02:50:20;XAUUSD;5;1786933381;SL_MODIFIED;ticket=119590214 oldSL=4393.50 newSL=4393.45 reason=break_even_lock_leg_0;MANAGE_PROFIT;SAFE;1;1;1;-1;-1;4395.49;12.16;12.16;10.24;-6.84;KELLY_LITE;true;0.04;213110.57;0.0417;KELLY_LITE(mult=1.00 taper=1.00 n=2)+ATR_VOL(0.75@6.36)+HARD_RISK_CAP(2.0%)+MAXLOSS_CAP;213110.57;213122.73;33;0
2026.08.17 02:50:20;XAUUSD;5;1786933381;PROFIT_RATCHET_LOCKED;floor=4.35 peak=10.24;MANAGE_PROFIT;SAFE;1;1;1;-1;-1;4395.49;12.16;12.16;10.24;-6.84;KELLY_LITE;true;0.04;213110.57;0.0417;KELLY_LITE(mult=1.00 taper=1.00 n=2)+ATR_VOL(0.75@6.36)+HARD_RISK_CAP(2.0%)+MAXLOSS_CAP;213110.57;213122.73;33;0
2026.08.17 02:50:21;XAUUSD;5;1786933381;SL_MODIFIED;ticket=119590214 oldSL=4393.45 newSL=4393.09 reason=break_even_lock_leg_0 (retry buf=3pt);MANAGE_PROFIT;SAFE;1;1;1;-1;-1;4395.49;12.12;12.12;12.16;-6.84;KELLY_LITE;true;0.04;213110.57;0.0417;KELLY_LITE(mult=1.00 taper=1.00 n=2)+ATR_VOL(0.75@6.36)+HARD_RISK_CAP(2.0%)+MAXLOSS_CAP;213110.57;213122.69;33;0
2026.08.17 02:50:21;XAUUSD;5;1786933381;PROFIT_RATCHET_LOCKED;floor=5.17 peak=12.16;MANAGE_PROFIT;SAFE;1;1;1;-1;-1;4395.49;12.12;12.12;12.16;-6.84;KELLY_LITE;true;0.04;213110.57;0.0417;KELLY_LITE(mult=1.00 taper=1.00 n=2)+ATR_VOL(0.75@6.36)+HARD_RISK_CAP(2.0%)+MAXLOSS_CAP;213110.57;213122.69;33;0
2026.08.17 02:50:21;XAUUSD;5;1786933381;SL_MODIFIED;ticket=119590214 oldSL=4393.09 newSL=4392.98 reason=break_even_lock_leg_0;MANAGE_PROFIT;SAFE;1;1;1;-1;-1;4395.49;12.32;12.32;12.16;-6.84;KELLY_LITE;true;0.04;213110.57;0.0417;KELLY_LITE(mult=1.00 taper=1.00 n=2)+ATR_VOL(0.75@6.36)+HARD_RISK_CAP(2.0%)+MAXLOSS_CAP;213110.57;213122.89;33;0
2026.08.17 02:50:21;XAUUSD;5;1786933381;PROFIT_RATCHET_LOCKED;floor=5.17 peak=12.16;MANAGE_PROFIT;SAFE;1;1;1;-1;-1;4395.49;12.32;12.32;12.16;-6.84;KELLY_LITE;true;0.04;213110.57;0.0417;KELLY_LITE(mult=1.00 taper=1.00 n=2)+ATR_VOL(0.75@6.36)+HARD_RISK_CAP(2.0%)+MAXLOSS_CAP;213110.57;213122.89;33;0
2026.08.17 02:50:21;XAUUSD;5;1786933381;SL_MODIFIED;ticket=119590214 oldSL=4392.98 newSL=4392.93 reason=break_even_lock_leg_0;MANAGE_PROFIT;SAFE;1;1;1;-1;-1;4395.49;12.48;12.48;12.32;-6.84;KELLY_LITE;true;0.04;213110.57;0.0417;KELLY_LITE(mult=1.00 taper=1.00 n=2)+ATR_VOL(0.75@6.36)+HARD_RISK_CAP(2.0%)+MAXLOSS_CAP;213110.57;213123.05;33;0
2026.08.17 02:50:21;XAUUSD;5;1786933381;PROFIT_RATCHET_LOCKED;floor=5.24 peak=12.32;MANAGE_PROFIT;SAFE;1;1;1;-1;-1;4395.49;12.48;12.48;12.32;-6.84;KELLY_LITE;true;0.04;213110.57;0.0417;KELLY_LITE(mult=1.00 taper=1.00 n=2)+ATR_VOL(0.75@6.36)+HARD_RISK_CAP(2.0%)+MAXLOSS_CAP;213110.57;213123.05;33;0
2026.08.17 02:50:22;XAUUSD;5;1786933381;PROFIT_RATCHET_LOCKED;floor=5.30 peak=12.48;MANAGE_PROFIT;SAFE;1;1;1;-1;-1;4395.49;12.24;12.24;12.48;-6.84;KELLY_LITE;true;0.04;213110.57;0.0417;KELLY_LITE(mult=1.00 taper=1.00 n=2)+ATR_VOL(0.75@6.36)+HARD_RISK_CAP(2.0%)+MAXLOSS_CAP;213110.57;213122.81;33;0
2026.08.17 02:50:22;XAUUSD;5;1786933381;PROFIT_RATCHET_LOCKED;floor=5.30 peak=12.48;MANAGE_PROFIT;SAFE;1;1;1;-1;-1;4395.49;12.24;12.24;12.48;-6.84;KELLY_LITE;true;0.04;213110.57;0.0417;KELLY_LITE(mult=1.00 taper=1.00 n=2)+ATR_VOL(0.75@6.36)+HARD_RISK_CAP(2.0%)+MAXLOSS_CAP;213110.57;213122.81;33;0
2026.08.17 02:50:22;XAUUSD;5;1786933381;PROFIT_RATCHET_LOCKED;floor=5.30 peak=12.48;MANAGE_PROFIT;SAFE;1;1;1;-1;-1;4395.49;12.24;12.24;12.48;-6.84;KELLY_LITE;true;0.04;213110.57;0.0417;KELLY_LITE(mult=1.00 taper=1.00 n=2)+ATR_VOL(0.75@6.36)+HARD_RISK_CAP(2.0%)+MAXLOSS_CAP;213110.57;213122.81;33;0
2026.08.17 02:50:23;XAUUSD;5;1786933381;PROFIT_RATCHET_LOCKED;floor=5.30 peak=12.48;MANAGE_PROFIT;SAFE;1;1;1;-1;-1;4395.49;12.04;12.04;12.48;-6.84;KELLY_LITE;true;0.04;213110.57;0.0417;KELLY_LITE(mult=1.00 taper=1.00 n=2)+ATR_VOL(0.75@6.36)+HARD_RISK_CAP(2.0%)+MAXLOSS_CAP;213110.57;213122.61;33;0
2026.08.17 02:50:23;XAUUSD;5;1786933381;PROFIT_RATCHET_LOCKED;floor=5.30 peak=12.48;MANAGE_PROFIT;SAFE;1;1;1;-1;-1;4395.49;11.96;11.96;12.48;-6.84;KELLY_LITE;true;0.04;213110.57;0.0417;KELLY_LITE(mult=1.00 taper=1.00 n=2)+ATR_VOL(0.75@6.36)+HARD_RISK_CAP(2.0%)+MAXLOSS_CAP;213110.57;213122.53;33;0
2026.08.17 02:50:24;XAUUSD;5;1786933381;PROFIT_RATCHET_LOCKED;floor=5.30 peak=12.48;MANAGE_PROFIT;SAFE;1;1;1;-1;-1;4395.49;11.24;11.24;12.48;-6.84;KELLY_LITE;true;0.04;213110.57;0.0417;KELLY_LITE(mult=1.00 taper=1.00 n=2)+ATR_VOL(0.75@6.36)+HARD_RISK_CAP(2.0%)+MAXLOSS_CAP;213110.57;213121.81;30;0
2026.08.17 02:50:25;XAUUSD;5;1786933381;EXIT_TIERED_TRAIL;profit=10.92 peak=12.48 allowedRetrace=1.50;MANAGE_PROFIT;SAFE;1;1;1;-1;-1;4395.49;10.92;10.92;12.48;-6.84;KELLY_LITE;true;0.04;213110.57;0.0417;KELLY_LITE(mult=1.00 taper=1.00 n=2)+ATR_VOL(0.75@6.36)+HARD_RISK_CAP(2.0%)+MAXLOSS_CAP;213110.57;213121.49;33;0
2026.08.17 02:50:25;XAUUSD;5;1786933381;POSITION_CLOSED;ticket=119590214 reason=tiered_profit_trail lots=0.04 price=4392.76 pnl=10.92;MANAGE_PROFIT;SAFE;0;1;1;-1;-1;4395.49;0.00;0.00;12.48;-6.84;KELLY_LITE;true;0.04;213110.57;0.0417;KELLY_LITE(mult=1.00 taper=1.00 n=2)+ATR_VOL(0.75@6.36)+HARD_RISK_CAP(2.0%)+MAXLOSS_CAP;213121.53;213121.53;33;0
2026.08.17 02:50:26;XAUUSD;5;1786933381;PENDING_DELETED;ticket=119590407 reason=close_all_hedge;MANAGE_PROFIT;SAFE;0;0;0;-1;-1;4395.49;0.00;0.00;12.48;-6.84;KELLY_LITE;true;0.04;213110.57;0.0417;KELLY_LITE(mult=1.00 taper=1.00 n=2)+ATR_VOL(0.75@6.36)+HARD_RISK_CAP(2.0%)+MAXLOSS_CAP;213121.53;213121.53;33;0
2026.08.17 02:50:26;XAUUSD;5;1786933381;CYCLE_RESET;oldState=RESET realizedPnL=10.96 peak=12.48 worst=-6.84 pyramid=0 consLosses=0;RESET;SAFE;0;0;0;-1;-1;4395.49;0.00;0.00;12.48;-6.84;KELLY_LITE;true;0.04;213110.57;0.0417;KELLY_LITE(mult=1.00 taper=1.00 n=2)+ATR_VOL(0.75@6.36)+HARD_RISK_CAP(2.0%)+MAXLOSS_CAP;213121.53;213121.53;33;0
2026.08.17 02:55:26;XAUUSD;5;1786933382;PLACE_PENDING_START;cycle=1786933382 trend=0 consecLosses=0 preset=AGGRESSIVE;PLACE_PENDING;SAFE;0;0;0;-1;-1;0.00;0.00;0.00;0.00;0.00;KELLY_LITE;true;0.04;213110.57;0.0417;KELLY_LITE(mult=1.00 taper=1.00 n=2)+ATR_VOL(0.75@6.36)+HARD_RISK_CAP(2.0%)+MAXLOSS_CAP;213121.53;213121.53;30;0
2026.08.17 02:55:27;XAUUSD;5;1786933382;OCO_PLACED;buy=119591667 4400.13 lot=0.04 sell=119591668 4394.83 lot=0.04 dist=2.50;WAIT_TRIGGER;SAFE;0;2;0;119591667;119591668;0.00;0.00;0.00;0.00;0.00;KELLY_LITE;true;0.04;213121.53;0.0417;KELLY_LITE(mult=1.00 taper=1.00 n=3)+ATR_VOL(0.75@6.25)+HARD_RISK_CAP(2.0%)+MAXLOSS_CAP;213121.53;213121.53;30;0
2026.08.17 02:55:31;XAUUSD;5;1786933382;BUY_STOP_TRAILED;Old=4400.13 New=4399.67;WAIT_TRIGGER;SAFE;0;2;0;119591667;119591668;0.00;0.00;0.00;0.00;0.00;KELLY_LITE;true;0.04;213121.53;0.0417;KELLY_LITE(mult=1.00 taper=1.00 n=3)+ATR_VOL(0.75@6.25)+HARD_RISK_CAP(2.0%)+MAXLOSS_CAP;213121.53;213121.53;30;0
2026.08.17 02:55:37;XAUUSD;5;1786933382;BUY_STOP_TRAILED;Old=4399.67 New=4399.34;WAIT_TRIGGER;SAFE;0;2;0;119591667;119591668;0.00;0.00;0.00;0.00;0.00;KELLY_LITE;true;0.04;213121.53;0.0417;KELLY_LITE(mult=1.00 taper=1.00 n=3)+ATR_VOL(0.75@6.25)+HARD_RISK_CAP(2.0%)+MAXLOSS_CAP;213121.53;213121.53;30;0
2026.08.17 02:55:38;XAUUSD;5;1786933382;BUY_STOP_TRAILED;Old=4399.34 New=4398.91;WAIT_TRIGGER;SAFE;0;2;0;119591667;119591668;0.00;0.00;0.00;0.00;0.00;KELLY_LITE;true;0.04;213121.53;0.0417;KELLY_LITE(mult=1.00 taper=1.00 n=3)+ATR_VOL(0.75@6.25)+HARD_RISK_CAP(2.0%)+MAXLOSS_CAP;213121.53;213121.53;30;0
2026.08.17 02:55:41;XAUUSD;5;1786933382;BUY_STOP_TRAILED;Old=4398.91 New=4398.59;WAIT_TRIGGER;SAFE;0;2;0;119591667;119591668;0.00;0.00;0.00;0.00;0.00;KELLY_LITE;true;0.04;213121.53;0.0417;KELLY_LITE(mult=1.00 taper=1.00 n=3)+ATR_VOL(0.75@6.25)+HARD_RISK_CAP(2.0%)+MAXLOSS_CAP;213121.53;213121.53;33;0
2026.08.17 02:56:09;XAUUSD;5;1786933382;BUY_STOP_TRAILED;Old=4398.59 New=4398.23;WAIT_TRIGGER;SAFE;0;2;0;119591667;119591668;0.00;0.00;0.00;0.00;0.00;KELLY_LITE;true;0.04;213121.53;0.0417;KELLY_LITE(mult=1.00 taper=1.00 n=3)+ATR_VOL(0.75@6.25)+HARD_RISK_CAP(2.0%)+MAXLOSS_CAP;213121.53;213121.53;33;0
2026.08.17 02:56:19;XAUUSD;5;1786933382;BUY_STOP_TRAILED;Old=4398.23 New=4397.84;WAIT_TRIGGER;SAFE;0;2;0;119591667;119591668;0.00;0.00;0.00;0.00;0.00;KELLY_LITE;true;0.04;213121.53;0.0417;KELLY_LITE(mult=1.00 taper=1.00 n=3)+ATR_VOL(0.75@6.25)+HARD_RISK_CAP(2.0%)+MAXLOSS_CAP;213121.53;213121.53;33;0
2026.08.17 02:56:22;XAUUSD;5;1786933382;OCO_TRIGGERED_SELL;ticket=119591668 entry=4394.83;POSITION_ACTIVE;SAFE;1;1;0;119591667;-1;0.00;-1.32;-1.32;0.00;0.00;KELLY_LITE;true;0.04;213121.53;0.0417;KELLY_LITE(mult=1.00 taper=1.00 n=3)+ATR_VOL(0.75@6.25)+HARD_RISK_CAP(2.0%)+MAXLOSS_CAP;213121.53;213120.21;33;0
2026.08.17 02:56:23;XAUUSD;5;1786933382;PENDING_DELETED;ticket=119591667 reason=oco_sell_triggered;POSITION_ACTIVE;SAFE;1;0;0;119591667;-1;0.00;-1.08;-1.08;0.00;0.00;KELLY_LITE;true;0.04;213121.53;0.0417;KELLY_LITE(mult=1.00 taper=1.00 n=3)+ATR_VOL(0.75@6.25)+HARD_RISK_CAP(2.0%)+MAXLOSS_CAP;213121.53;213120.45;33;0
2026.08.17 02:56:24;XAUUSD;5;1786933382;HEDGE_PENDING_PLACED;dir=BUY_STOP ticket=119591793 price=4398.10 sl=4395.10 lot=0.05 mainEntry=4394.83 dist=3.00 confirmBars=1;POSITION_ACTIVE;SAFE;1;1;1;-1;-1;4394.83;-1.12;-1.12;0.00;-1.08;KELLY_LITE;true;0.04;213121.53;0.0417;KELLY_LITE(mult=1.00 taper=1.00 n=3)+ATR_VOL(0.75@6.25)+HARD_RISK_CAP(2.0%)+MAXLOSS_CAP;213121.53;213120.41;33;0
2026.08.17 02:56:24;XAUUSD;5;1786933382;SL_MODIFIED;ticket=119591668 oldSL=4409.83 newSL=4396.83 reason=early_loss_hard_sl_leg_0;MANAGE_PROFIT;SAFE;1;1;1;-1;-1;4394.83;-1.12;-2.04;0.00;-1.12;KELLY_LITE;true;0.04;213121.53;0.0417;KELLY_LITE(mult=1.00 taper=1.00 n=3)+ATR_VOL(0.75@6.25)+HARD_RISK_CAP(2.0%)+MAXLOSS_CAP;213121.53;213120.41;33;0
2026.08.17 03:00:24;XAUUSD;5;1786933382;EXIT_EARLY_LOSS_CUT;profit=-8.20 peak=5.64 cap=8.00;MANAGE_PROFIT;SAFE;1;1;1;-1;-1;4394.83;-8.20;-8.20;5.64;-8.20;KELLY_LITE;true;0.04;213121.53;0.0417;KELLY_LITE(mult=1.00 taper=1.00 n=3)+ATR_VOL(0.75@6.25)+HARD_RISK_CAP(2.0%)+MAXLOSS_CAP;213121.53;213113.33;33;0
2026.08.17 03:00:25;XAUUSD;5;1786933382;PENDING_DELETED;ticket=119591793 reason=close_all_hedge;MANAGE_PROFIT;SAFE;0;0;0;-1;-1;4394.83;0.00;0.00;5.64;-8.20;KELLY_LITE;true;0.04;213121.53;0.0417;KELLY_LITE(mult=1.00 taper=1.00 n=3)+ATR_VOL(0.75@6.25)+HARD_RISK_CAP(2.0%)+MAXLOSS_CAP;213113.53;213113.53;33;0
2026.08.17 03:00:25;XAUUSD;5;1786933382;TRADELOG_RECOVER_CLOSE;ticket=119591668 type=main pnl=-8.00;RESET;SAFE;0;0;0;-1;-1;4394.83;0.00;0.00;5.64;-8.20;KELLY_LITE;true;0.04;213121.53;0.0417;KELLY_LITE(mult=1.00 taper=1.00 n=3)+ATR_VOL(0.75@6.25)+HARD_RISK_CAP(2.0%)+MAXLOSS_CAP;213113.53;213113.53;33;0
2026.08.17 03:00:25;XAUUSD;5;1786933382;LOSS_COOLDOWN_AFTER_LOSS;cyclePnL=-8.00 pauseUntil=2026.08.17 03:05:25;RESET;SAFE;0;0;0;-1;-1;4394.83;0.00;0.00;5.64;-8.20;KELLY_LITE;true;0.04;213121.53;0.0417;KELLY_LITE(mult=1.00 taper=1.00 n=3)+ATR_VOL(0.75@6.25)+HARD_RISK_CAP(2.0%)+MAXLOSS_CAP;213113.53;213113.53;33;0
2026.08.17 03:00:25;XAUUSD;5;1786933382;CYCLE_RESET;oldState=RESET realizedPnL=-8.00 peak=5.64 worst=-8.20 pyramid=0 consLosses=1;RESET;SAFE;0;0;0;-1;-1;4394.83;0.00;0.00;5.64;-8.20;KELLY_LITE;true;0.04;213121.53;0.0417;KELLY_LITE(mult=1.00 taper=1.00 n=3)+ATR_VOL(0.75@6.25)+HARD_RISK_CAP(2.0%)+MAXLOSS_CAP;213113.53;213113.53;33;0
2026.08.17 03:05:25;XAUUSD;5;1786933383;PLACE_PENDING_START;cycle=1786933383 trend=0 consecLosses=1 preset=AGGRESSIVE;PLACE_PENDING;SAFE;0;0;0;-1;-1;0.00;0.00;0.00;0.00;0.00;KELLY_LITE;true;0.04;213121.53;0.0417;KELLY_LITE(mult=1.00 taper=1.00 n=3)+ATR_VOL(0.75@6.25)+HARD_RISK_CAP(2.0%)+MAXLOSS_CAP;213113.53;213113.53;34;0
2026.08.17 03:05:26;XAUUSD;5;1786933383;OCO_PLACED;buy=119593373 4398.29 lot=0.04 sell=119593376 4393.01 lot=0.04 dist=2.47;WAIT_TRIGGER;SAFE;0;2;0;119593373;119593376;0.00;0.00;0.00;0.00;0.00;KELLY_LITE;true;0.04;213113.53;0.0417;KELLY_LITE(mult=1.00 taper=1.00 n=4)+ATR_VOL(0.75@6.18)+HARD_RISK_CAP(2.0%)+MAXLOSS_CAP;213113.53;213113.53;33;0
2026.08.17 03:05:27;XAUUSD;5;1786933383;SELL_STOP_TRAILED;Old=4393.01 New=4393.36;WAIT_TRIGGER;SAFE;0;2;0;119593373;119593376;0.00;0.00;0.00;0.00;0.00;KELLY_LITE;true;0.04;213113.53;0.0417;KELLY_LITE(mult=1.00 taper=1.00 n=4)+ATR_VOL(0.75@6.18)+HARD_RISK_CAP(2.0%)+MAXLOSS_CAP;213113.53;213113.53;33;0
2026.08.17 03:05:28;XAUUSD;5;1786933383;SELL_STOP_TRAILED;Old=4393.36 New=4393.67;WAIT_TRIGGER;SAFE;0;2;0;119593373;119593376;0.00;0.00;0.00;0.00;0.00;KELLY_LITE;true;0.04;213113.53;0.0417;KELLY_LITE(mult=1.00 taper=1.00 n=4)+ATR_VOL(0.75@6.18)+HARD_RISK_CAP(2.0%)+MAXLOSS_CAP;213113.53;213113.53;33;0
2026.08.17 03:05:30;XAUUSD;5;1786933383;SELL_STOP_TRAILED;Old=4393.67 New=4394.08;WAIT_TRIGGER;SAFE;0;2;0;119593373;119593376;0.00;0.00;0.00;0.00;0.00;KELLY_LITE;true;0.04;213113.53;0.0417;KELLY_LITE(mult=1.00 taper=1.00 n=4)+ATR_VOL(0.75@6.18)+HARD_RISK_CAP(2.0%)+MAXLOSS_CAP;213113.53;213113.53;34;0
2026.08.17 03:05:35;XAUUSD;5;1786933383;SELL_STOP_TRAILED;Old=4394.08 New=4394.49;WAIT_TRIGGER;SAFE;0;2;0;119593373;119593376;0.00;0.00;0.00;0.00;0.00;KELLY_LITE;true;0.04;213113.53;0.0417;KELLY_LITE(mult=1.00 taper=1.00 n=4)+ATR_VOL(0.75@6.18)+HARD_RISK_CAP(2.0%)+MAXLOSS_CAP;213113.53;213113.53;34;0
2026.08.17 03:06:39;XAUUSD;5;1786933383;BUY_STOP_TRAILED;Old=4398.29 New=4397.93;WAIT_TRIGGER;SAFE;0;2;0;119593373;119593376;0.00;0.00;0.00;0.00;0.00;KELLY_LITE;true;0.04;213113.53;0.0417;KELLY_LITE(mult=1.00 taper=1.00 n=4)+ATR_VOL(0.75@6.18)+HARD_RISK_CAP(2.0%)+MAXLOSS_CAP;213113.53;213113.53;33;0
2026.08.17 03:06:41;XAUUSD;5;1786933383;BUY_STOP_TRAILED;Old=4397.93 New=4397.56;WAIT_TRIGGER;SAFE;0;2;0;119593373;119593376;0.00;0.00;0.00;0.00;0.00;KELLY_LITE;true;0.04;213113.53;0.0417;KELLY_LITE(mult=1.00 taper=1.00 n=4)+ATR_VOL(0.75@6.18)+HARD_RISK_CAP(2.0%)+MAXLOSS_CAP;213113.53;213113.53;33;0
2026.08.17 03:06:42;XAUUSD;5;1786933383;OCO_TRIGGERED_SELL;ticket=119593376 entry=4394.49;POSITION_ACTIVE;SAFE;1;1;0;119593373;-1;0.00;0.76;1.16;0.00;0.00;KELLY_LITE;true;0.04;213113.53;0.0417;KELLY_LITE(mult=1.00 taper=1.00 n=4)+ATR_VOL(0.75@6.18)+HARD_RISK_CAP(2.0%)+MAXLOSS_CAP;213113.53;213114.29;33;0
2026.08.17 03:06:43;XAUUSD;5;1786933383;PENDING_DELETED;ticket=119593373 reason=oco_sell_triggered;POSITION_ACTIVE;SAFE;1;0;0;119593373;-1;0.00;0.88;0.88;0.00;0.00;KELLY_LITE;true;0.04;213113.53;0.0417;KELLY_LITE(mult=1.00 taper=1.00 n=4)+ATR_VOL(0.75@6.18)+HARD_RISK_CAP(2.0%)+MAXLOSS_CAP;213113.53;213114.41;34;0
2026.08.17 03:06:43;XAUUSD;5;1786933383;HEDGE_PENDING_PLACED;dir=BUY_STOP ticket=119593506 price=4397.27 sl=4394.27 lot=0.05 mainEntry=4394.49 dist=3.00 confirmBars=1;POSITION_ACTIVE;SAFE;1;1;1;-1;-1;4394.49;0.88;0.88;0.88;0.00;KELLY_LITE;true;0.04;213113.53;0.0417;KELLY_LITE(mult=1.00 taper=1.00 n=4)+ATR_VOL(0.75@6.18)+HARD_RISK_CAP(2.0%)+MAXLOSS_CAP;213113.53;213114.41;33;0
2026.08.17 03:06:44;XAUUSD;5;1786933383;SL_MODIFIED;ticket=119593376 oldSL=4406.49 newSL=4396.49 reason=early_loss_hard_sl_leg_0;MANAGE_PROFIT;SAFE;1;1;1;-1;-1;4394.49;1.52;1.56;0.88;0.00;KELLY_LITE;true;0.04;213113.53;0.0417;KELLY_LITE(mult=1.00 taper=1.00 n=4)+ATR_VOL(0.75@6.18)+HARD_RISK_CAP(2.0%)+MAXLOSS_CAP;213113.53;213115.05;33;0
2026.08.17 03:21:06;XAUUSD;5;1786933383;SL_MODIFIED;ticket=119593376 oldSL=4396.49 newSL=4393.00 reason=break_even_lock_leg_0;MANAGE_PROFIT;SAFE;1;1;1;-1;-1;4394.49;9.48;9.48;8.04;-7.56;KELLY_LITE;true;0.04;213113.53;0.0417;KELLY_LITE(mult=1.00 taper=1.00 n=4)+ATR_VOL(0.75@6.18)+HARD_RISK_CAP(2.0%)+MAXLOSS_CAP;213113.53;213123.01;33;0
2026.08.17 03:21:06;XAUUSD;5;1786933383;PROFIT_RATCHET_LOCKED;floor=3.42 peak=8.04;MANAGE_PROFIT;SAFE;1;1;1;-1;-1;4394.49;9.48;9.48;8.04;-7.56;KELLY_LITE;true;0.04;213113.53;0.0417;KELLY_LITE(mult=1.00 taper=1.00 n=4)+ATR_VOL(0.75@6.18)+HARD_RISK_CAP(2.0%)+MAXLOSS_CAP;213113.53;213123.01;33;0
2026.08.17 03:21:06;XAUUSD;5;1786933383;SL_MODIFIED;ticket=119593376 oldSL=4393.00 newSL=4392.64 reason=break_even_lock_leg_0;MANAGE_PROFIT;SAFE;1;1;1;-1;-1;4394.49;9.88;9.88;9.48;-7.56;KELLY_LITE;true;0.04;213113.53;0.0417;KELLY_LITE(mult=1.00 taper=1.00 n=4)+ATR_VOL(0.75@6.18)+HARD_RISK_CAP(2.0%)+MAXLOSS_CAP;213113.53;213123.41;33;0
2026.08.17 03:21:06;XAUUSD;5;1786933383;PROFIT_RATCHET_LOCKED;floor=4.03 peak=9.48;MANAGE_PROFIT;SAFE;1;1;1;-1;-1;4394.49;9.88;9.88;9.48;-7.56;KELLY_LITE;true;0.04;213113.53;0.0417;KELLY_LITE(mult=1.00 taper=1.00 n=4)+ATR_VOL(0.75@6.18)+HARD_RISK_CAP(2.0%)+MAXLOSS_CAP;213113.53;213123.41;33;0
2026.08.17 03:21:07;XAUUSD;5;1786933383;SL_MODIFIED;ticket=119593376 oldSL=4392.64 newSL=4392.58 reason=break_even_lock_leg_0 (retry buf=3pt);MANAGE_PROFIT;SAFE;1;1;1;-1;-1;4394.49;9.76;9.76;9.88;-7.56;KELLY_LITE;true;0.04;213113.53;0.0417;KELLY_LITE(mult=1.00 taper=1.00 n=4)+ATR_VOL(0.75@6.18)+HARD_RISK_CAP(2.0%)+MAXLOSS_CAP;213113.53;213123.29;33;0
2026.08.17 03:21:07;XAUUSD;5;1786933383;PROFIT_RATCHET_LOCKED;floor=4.20 peak=9.88;MANAGE_PROFIT;SAFE;1;1;1;-1;-1;4394.49;9.76;9.76;9.88;-7.56;KELLY_LITE;true;0.04;213113.53;0.0417;KELLY_LITE(mult=1.00 taper=1.00 n=4)+ATR_VOL(0.75@6.18)+HARD_RISK_CAP(2.0%)+MAXLOSS_CAP;213113.53;213123.29;33;0
2026.08.17 03:21:07;XAUUSD;5;1786933383;PROFIT_RATCHET_LOCKED;floor=4.20 peak=9.88;MANAGE_PROFIT;SAFE;1;1;1;-1;-1;4394.49;9.76;9.76;9.88;-7.56;KELLY_LITE;true;0.04;213113.53;0.0417;KELLY_LITE(mult=1.00 taper=1.00 n=4)+ATR_VOL(0.75@6.18)+HARD_RISK_CAP(2.0%)+MAXLOSS_CAP;213113.53;213123.29;33;0
2026.08.17 03:21:08;XAUUSD;5;1786933383;SL_MODIFIED;ticket=119593376 oldSL=4392.58 newSL=4392.30 reason=break_even_lock_leg_0;MANAGE_PROFIT;SAFE;1;1;1;-1;-1;4394.49;11.64;11.64;10.84;-7.56;KELLY_LITE;true;0.04;213113.53;0.0417;KELLY_LITE(mult=1.00 taper=1.00 n=4)+ATR_VOL(0.75@6.18)+HARD_RISK_CAP(2.0%)+MAXLOSS_CAP;213113.53;213125.17;33;0
2026.08.17 03:21:08;XAUUSD;5;1786933383;PROFIT_RATCHET_LOCKED;floor=4.61 peak=10.84;MANAGE_PROFIT;SAFE;1;1;1;-1;-1;4394.49;11.64;11.64;10.84;-7.56;KELLY_LITE;true;0.04;213113.53;0.0417;KELLY_LITE(mult=1.00 taper=1.00 n=4)+ATR_VOL(0.75@6.18)+HARD_RISK_CAP(2.0%)+MAXLOSS_CAP;213113.53;213125.17;33;0
2026.08.17 03:21:09;XAUUSD;5;1786933383;SL_MODIFIED;ticket=119593376 oldSL=4392.30 newSL=4392.10 reason=break_even_lock_leg_0;MANAGE_PROFIT;SAFE;1;1;1;-1;-1;4394.49;11.68;11.68;11.64;-7.56;KELLY_LITE;true;0.04;213113.53;0.0417;KELLY_LITE(mult=1.00 taper=1.00 n=4)+ATR_VOL(0.75@6.18)+HARD_RISK_CAP(2.0%)+MAXLOSS_CAP;213113.53;213125.21;33;0
2026.08.17 03:21:09;XAUUSD;5;1786933383;PROFIT_RATCHET_LOCKED;floor=4.95 peak=11.64;MANAGE_PROFIT;SAFE;1;1;1;-1;-1;4394.49;11.68;11.68;11.64;-7.56;KELLY_LITE;true;0.04;213113.53;0.0417;KELLY_LITE(mult=1.00 taper=1.00 n=4)+ATR_VOL(0.75@6.18)+HARD_RISK_CAP(2.0%)+MAXLOSS_CAP;213113.53;213125.21;33;0
2026.08.17 03:21:09;XAUUSD;5;1786933383;PROFIT_RATCHET_LOCKED;floor=4.96 peak=11.68;MANAGE_PROFIT;SAFE;1;1;1;-1;-1;4394.49;11.68;11.68;11.68;-7.56;KELLY_LITE;true;0.04;213113.53;0.0417;KELLY_LITE(mult=1.00 taper=1.00 n=4)+ATR_VOL(0.75@6.18)+HARD_RISK_CAP(2.0%)+MAXLOSS_CAP;213113.53;213125.21;33;0
2026.08.17 03:21:09;XAUUSD;5;1786933383;PROFIT_RATCHET_LOCKED;floor=4.96 peak=11.68;MANAGE_PROFIT;SAFE;1;1;1;-1;-1;4394.49;11.32;11.32;11.68;-7.56;KELLY_LITE;true;0.04;213113.53;0.0417;KELLY_LITE(mult=1.00 taper=1.00 n=4)+ATR_VOL(0.75@6.18)+HARD_RISK_CAP(2.0%)+MAXLOSS_CAP;213113.53;213124.85;33;0
2026.08.17 03:21:09;XAUUSD;5;1786933383;PROFIT_RATCHET_LOCKED;floor=4.96 peak=11.68;MANAGE_PROFIT;SAFE;1;1;1;-1;-1;4394.49;11.28;11.28;11.68;-7.56;KELLY_LITE;true;0.04;213113.53;0.0417;KELLY_LITE(mult=1.00 taper=1.00 n=4)+ATR_VOL(0.75@6.18)+HARD_RISK_CAP(2.0%)+MAXLOSS_CAP;213113.53;213124.81;33;0
2026.08.17 03:21:09;XAUUSD;5;1786933383;PROFIT_RATCHET_LOCKED;floor=4.96 peak=11.68;MANAGE_PROFIT;SAFE;1;1;1;-1;-1;4394.49;11.16;11.16;11.68;-7.56;KELLY_LITE;true;0.04;213113.53;0.0417;KELLY_LITE(mult=1.00 taper=1.00 n=4)+ATR_VOL(0.75@6.18)+HARD_RISK_CAP(2.0%)+MAXLOSS_CAP;213113.53;213124.69;31;0
2026.08.17 03:21:10;XAUUSD;5;1786933383;PROFIT_RATCHET_LOCKED;floor=4.96 peak=11.68;MANAGE_PROFIT;SAFE;1;1;1;-1;-1;4394.49;11.24;11.24;11.68;-7.56;KELLY_LITE;true;0.04;213113.53;0.0417;KELLY_LITE(mult=1.00 taper=1.00 n=4)+ATR_VOL(0.75@6.18)+HARD_RISK_CAP(2.0%)+MAXLOSS_CAP;213113.53;213124.77;33;0
2026.08.17 03:21:10;XAUUSD;5;1786933383;PROFIT_RATCHET_LOCKED;floor=4.96 peak=11.68;MANAGE_PROFIT;SAFE;1;1;1;-1;-1;4394.49;10.88;10.88;11.68;-7.56;KELLY_LITE;true;0.04;213113.53;0.0417;KELLY_LITE(mult=1.00 taper=1.00 n=4)+ATR_VOL(0.75@6.18)+HARD_RISK_CAP(2.0%)+MAXLOSS_CAP;213113.53;213124.41;33;0
2026.08.17 03:21:11;XAUUSD;5;1786933383;PROFIT_RATCHET_LOCKED;floor=4.96 peak=11.68;MANAGE_PROFIT;SAFE;1;1;1;-1;-1;4394.49;10.84;10.84;11.68;-7.56;KELLY_LITE;true;0.04;213113.53;0.0417;KELLY_LITE(mult=1.00 taper=1.00 n=4)+ATR_VOL(0.75@6.18)+HARD_RISK_CAP(2.0%)+MAXLOSS_CAP;213113.53;213124.37;33;0
2026.08.17 03:21:11;XAUUSD;5;1786933383;PROFIT_RATCHET_LOCKED;floor=4.96 peak=11.68;MANAGE_PROFIT;SAFE;1;1;1;-1;-1;4394.49;10.72;10.72;11.68;-7.56;KELLY_LITE;true;0.04;213113.53;0.0417;KELLY_LITE(mult=1.00 taper=1.00 n=4)+ATR_VOL(0.75@6.18)+HARD_RISK_CAP(2.0%)+MAXLOSS_CAP;213113.53;213124.25;33;0
2026.08.17 03:21:11;XAUUSD;5;1786933383;PROFIT_RATCHET_LOCKED;floor=4.96 peak=11.68;MANAGE_PROFIT;SAFE;1;1;1;-1;-1;4394.49;10.76;10.76;11.68;-7.56;KELLY_LITE;true;0.04;213113.53;0.0417;KELLY_LITE(mult=1.00 taper=1.00 n=4)+ATR_VOL(0.75@6.18)+HARD_RISK_CAP(2.0%)+MAXLOSS_CAP;213113.53;213124.29;33;0
2026.08.17 03:21:13;XAUUSD;5;1786933383;PROFIT_RATCHET_LOCKED;floor=4.96 peak=11.68;MANAGE_PROFIT;SAFE;1;1;1;-1;-1;4394.49;10.64;10.64;11.68;-7.56;KELLY_LITE;true;0.04;213113.53;0.0417;KELLY_LITE(mult=1.00 taper=1.00 n=4)+ATR_VOL(0.75@6.18)+HARD_RISK_CAP(2.0%)+MAXLOSS_CAP;213113.53;213124.17;33;0
2026.08.17 03:21:14;XAUUSD;5;1786933383;PROFIT_RATCHET_LOCKED;floor=4.96 peak=11.68;MANAGE_PROFIT;SAFE;1;1;1;-1;-1;4394.49;10.52;10.52;11.68;-7.56;KELLY_LITE;true;0.04;213113.53;0.0417;KELLY_LITE(mult=1.00 taper=1.00 n=4)+ATR_VOL(0.75@6.18)+HARD_RISK_CAP(2.0%)+MAXLOSS_CAP;213113.53;213124.05;33;0
2026.08.17 03:21:14;XAUUSD;5;1786933383;PROFIT_RATCHET_LOCKED;floor=4.96 peak=11.68;MANAGE_PROFIT;SAFE;1;1;1;-1;-1;4394.49;10.36;10.36;11.68;-7.56;KELLY_LITE;true;0.04;213113.53;0.0417;KELLY_LITE(mult=1.00 taper=1.00 n=4)+ATR_VOL(0.75@6.18)+HARD_RISK_CAP(2.0%)+MAXLOSS_CAP;213113.53;213123.89;33;0
2026.08.17 03:21:14;XAUUSD;5;1786933383;PROFIT_RATCHET_LOCKED;floor=4.96 peak=11.68;MANAGE_PROFIT;SAFE;1;1;1;-1;-1;4394.49;10.44;10.44;11.68;-7.56;KELLY_LITE;true;0.04;213113.53;0.0417;KELLY_LITE(mult=1.00 taper=1.00 n=4)+ATR_VOL(0.75@6.18)+HARD_RISK_CAP(2.0%)+MAXLOSS_CAP;213113.53;213123.97;33;0
2026.08.17 03:21:15;XAUUSD;5;1786933383;PROFIT_RATCHET_LOCKED;floor=4.96 peak=11.68;MANAGE_PROFIT;SAFE;1;1;1;-1;-1;4394.49;10.40;10.40;11.68;-7.56;KELLY_LITE;true;0.04;213113.53;0.0417;KELLY_LITE(mult=1.00 taper=1.00 n=4)+ATR_VOL(0.75@6.18)+HARD_RISK_CAP(2.0%)+MAXLOSS_CAP;213113.53;213123.93;33;0
2026.08.17 03:21:15;XAUUSD;5;1786933383;PROFIT_RATCHET_LOCKED;floor=4.96 peak=11.68;MANAGE_PROFIT;SAFE;1;1;1;-1;-1;4394.49;10.36;10.36;11.68;-7.56;KELLY_LITE;true;0.04;213113.53;0.0417;KELLY_LITE(mult=1.00 taper=1.00 n=4)+ATR_VOL(0.75@6.18)+HARD_RISK_CAP(2.0%)+MAXLOSS_CAP;213113.53;213123.89;33;0
2026.08.17 03:21:15;XAUUSD;5;1786933383;EXIT_TIERED_TRAIL;profit=10.12 peak=11.68 allowedRetrace=1.40;MANAGE_PROFIT;SAFE;1;1;1;-1;-1;4394.49;10.12;10.12;11.68;-7.56;KELLY_LITE;true;0.04;213113.53;0.0417;KELLY_LITE(mult=1.00 taper=1.00 n=4)+ATR_VOL(0.75@6.18)+HARD_RISK_CAP(2.0%)+MAXLOSS_CAP;213113.53;213123.65;33;0
2026.08.17 03:21:16;XAUUSD;5;1786933383;POSITION_CLOSED;ticket=119593376 reason=tiered_profit_trail lots=0.04 price=4391.96 pnl=10.12;MANAGE_PROFIT;SAFE;0;1;1;-1;-1;4394.49;0.00;0.00;11.68;-7.56;KELLY_LITE;true;0.04;213113.53;0.0417;KELLY_LITE(mult=1.00 taper=1.00 n=4)+ATR_VOL(0.75@6.18)+HARD_RISK_CAP(2.0%)+MAXLOSS_CAP;213123.89;213123.89;30;0
2026.08.17 03:21:16;XAUUSD;5;1786933383;PENDING_DELETED;ticket=119593506 reason=close_all_hedge;MANAGE_PROFIT;SAFE;0;0;0;-1;-1;4394.49;0.00;0.00;11.68;-7.56;KELLY_LITE;true;0.04;213113.53;0.0417;KELLY_LITE(mult=1.00 taper=1.00 n=4)+ATR_VOL(0.75@6.18)+HARD_RISK_CAP(2.0%)+MAXLOSS_CAP;213123.89;213123.89;33;0
2026.08.17 03:21:16;XAUUSD;5;1786933383;CYCLE_RESET;oldState=RESET realizedPnL=10.36 peak=11.68 worst=-7.56 pyramid=0 consLosses=0;RESET;SAFE;0;0;0;-1;-1;4394.49;0.00;0.00;11.68;-7.56;KELLY_LITE;true;0.04;213113.53;0.0417;KELLY_LITE(mult=1.00 taper=1.00 n=4)+ATR_VOL(0.75@6.18)+HARD_RISK_CAP(2.0%)+MAXLOSS_CAP;213123.89;213123.89;33;0
2026.08.17 03:26:16;XAUUSD;5;1786933384;PLACE_PENDING_START;cycle=1786933384 trend=0 consecLosses=0 preset=AGGRESSIVE;PLACE_PENDING;SAFE;0;0;0;-1;-1;0.00;0.00;0.00;0.00;0.00;KELLY_LITE;true;0.04;213113.53;0.0417;KELLY_LITE(mult=1.00 taper=1.00 n=4)+ATR_VOL(0.75@6.18)+HARD_RISK_CAP(2.0%)+MAXLOSS_CAP;213123.89;213123.89;33;0
2026.08.17 03:26:17;XAUUSD;5;1786933384;OCO_PLACED;buy=119596992 4397.79 lot=0.04 sell=119596995 4393.16 lot=0.04 dist=2.15;WAIT_TRIGGER;SAFE;0;2;0;119596992;119596995;0.00;0.00;0.00;0.00;0.00;KELLY_LITE;true;0.04;213123.89;0.0417;KELLY_LITE(mult=1.05 taper=1.00 n=5)+HARD_RISK_CAP(2.0%)+MAXLOSS_CAP;213123.89;213123.89;30;0
2026.08.17 03:26:17;XAUUSD;5;1786933384;SELL_STOP_TRAILED;Old=4393.16 New=4393.61;WAIT_TRIGGER;SAFE;0;2;0;119596992;119596995;0.00;0.00;0.00;0.00;0.00;KELLY_LITE;true;0.04;213123.89;0.0417;KELLY_LITE(mult=1.05 taper=1.00 n=5)+HARD_RISK_CAP(2.0%)+MAXLOSS_CAP;213123.89;213123.89;33;0
2026.08.17 03:26:18;XAUUSD;5;1786933384;SELL_STOP_TRAILED;Old=4393.61 New=4393.95;WAIT_TRIGGER;SAFE;0;2;0;119596992;119596995;0.00;0.00;0.00;0.00;0.00;KELLY_LITE;true;0.04;213123.89;0.0417;KELLY_LITE(mult=1.05 taper=1.00 n=5)+HARD_RISK_CAP(2.0%)+MAXLOSS_CAP;213123.89;213123.89;33;0
2026.08.17 03:26:23;XAUUSD;5;1786933384;SELL_STOP_TRAILED;Old=4393.95 New=4394.37;WAIT_TRIGGER;SAFE;0;2;0;119596992;119596995;0.00;0.00;0.00;0.00;0.00;KELLY_LITE;true;0.04;213123.89;0.0417;KELLY_LITE(mult=1.05 taper=1.00 n=5)+HARD_RISK_CAP(2.0%)+MAXLOSS_CAP;213123.89;213123.89;33;0
2026.08.17 03:26:30;XAUUSD;5;1786933384;SELL_STOP_TRAILED;Old=4394.37 New=4394.75;WAIT_TRIGGER;SAFE;0;2;0;119596992;119596995;0.00;0.00;0.00;0.00;0.00;KELLY_LITE;true;0.04;213123.89;0.0417;KELLY_LITE(mult=1.05 taper=1.00 n=5)+HARD_RISK_CAP(2.0%)+MAXLOSS_CAP;213123.89;213123.89;33;0
2026.08.17 03:27:59;XAUUSD;5;1786933384;SELL_STOP_TRAILED;Old=4394.75 New=4395.21;WAIT_TRIGGER;SAFE;0;2;0;119596992;119596995;0.00;0.00;0.00;0.00;0.00;KELLY_LITE;true;0.04;213123.89;0.0417;KELLY_LITE(mult=1.05 taper=1.00 n=5)+HARD_RISK_CAP(2.0%)+MAXLOSS_CAP;213123.89;213123.89;33;0
2026.08.17 03:29:31;XAUUSD;5;1786933384;OCO_TRIGGERED_SELL;ticket=119596995 entry=4395.21;POSITION_ACTIVE;SAFE;1;1;0;119596992;-1;0.00;-0.48;-0.48;0.00;0.00;KELLY_LITE;true;0.04;213123.89;0.0417;KELLY_LITE(mult=1.05 taper=1.00 n=5)+HARD_RISK_CAP(2.0%)+MAXLOSS_CAP;213123.89;213123.41;33;0
2026.08.17 03:29:31;XAUUSD;5;1786933384;PENDING_DELETED;ticket=119596992 reason=oco_sell_triggered;POSITION_ACTIVE;SAFE;1;0;0;119596992;-1;0.00;0.20;0.20;0.00;0.00;KELLY_LITE;true;0.04;213123.89;0.0417;KELLY_LITE(mult=1.05 taper=1.00 n=5)+HARD_RISK_CAP(2.0%)+MAXLOSS_CAP;213123.89;213124.09;33;0
2026.08.17 03:29:31;XAUUSD;5;1786933384;HEDGE_BLOCK_CONFIRM;need=1 adverse bars;POSITION_ACTIVE;SAFE;1;0;1;-1;-1;4395.21;0.20;0.20;0.20;0.00;KELLY_LITE;true;0.04;213123.89;0.0417;KELLY_LITE(mult=1.05 taper=1.00 n=5)+HARD_RISK_CAP(2.0%)+MAXLOSS_CAP;213123.89;213124.09;33;0
2026.08.17 03:29:32;XAUUSD;5;1786933384;SL_MODIFIED;ticket=119596995 oldSL=4407.21 newSL=4397.21 reason=early_loss_hard_sl_leg_0;MANAGE_PROFIT;SAFE;1;0;1;-1;-1;4395.21;-0.84;-0.84;0.20;0.00;KELLY_LITE;true;0.04;213123.89;0.0417;KELLY_LITE(mult=1.05 taper=1.00 n=5)+HARD_RISK_CAP(2.0%)+MAXLOSS_CAP;213123.89;213123.05;33;0
2026.08.17 03:30:00;XAUUSD;5;1786933384;HEDGE_PENDING_PLACED;dir=BUY_STOP ticket=119597538 price=4398.75 sl=4395.75 lot=0.05 mainEntry=4395.21 dist=3.00 confirmBars=1;MANAGE_PROFIT;SAFE;1;1;1;-1;-1;4395.21;-4.12;-4.12;0.20;-2.44;KELLY_LITE;true;0.04;213123.89;0.0417;KELLY_LITE(mult=1.05 taper=1.00 n=5)+HARD_RISK_CAP(2.0%)+MAXLOSS_CAP;213123.89;213119.77;30;0
2026.08.17 03:30:03;XAUUSD;5;1786933384;RECONCILED_BROKER_CLOSE;ticket=119596995 type=main pnl=-8.00;MANAGE_PROFIT;SAFE;0;1;1;-1;-1;4395.21;0.00;0.00;0.20;-7.52;KELLY_LITE;true;0.04;213123.89;0.0417;KELLY_LITE(mult=1.05 taper=1.00 n=5)+HARD_RISK_CAP(2.0%)+MAXLOSS_CAP;213115.89;213115.89;30;0
2026.08.17 03:30:03;XAUUSD;5;1786933384;PENDING_DELETED;ticket=119597538 reason=main_gone_hedge_pending;WAIT_TRIGGER;SAFE;0;0;1;-1;-1;4395.21;0.00;0.00;0.20;-7.52;KELLY_LITE;true;0.04;213123.89;0.0417;KELLY_LITE(mult=1.05 taper=1.00 n=5)+HARD_RISK_CAP(2.0%)+MAXLOSS_CAP;213115.89;213115.89;33;0
2026.08.17 03:30:03;XAUUSD;5;1786933384;HEDGE_PENDING_CLEANUP;main_position_gone;WAIT_TRIGGER;SAFE;0;0;1;-1;-1;4395.21;0.00;0.00;0.20;-7.52;KELLY_LITE;true;0.04;213123.89;0.0417;KELLY_LITE(mult=1.05 taper=1.00 n=5)+HARD_RISK_CAP(2.0%)+MAXLOSS_CAP;213115.89;213115.89;33;0
2026.08.17 03:30:03;XAUUSD;5;1786933384;LOSS_COOLDOWN_AFTER_LOSS;cyclePnL=-8.00 pauseUntil=2026.08.17 03:35:03;WAIT_TRIGGER;SAFE;0;0;1;-1;-1;4395.21;0.00;0.00;0.20;-7.52;KELLY_LITE;true;0.04;213123.89;0.0417;KELLY_LITE(mult=1.05 taper=1.00 n=5)+HARD_RISK_CAP(2.0%)+MAXLOSS_CAP;213115.89;213115.89;33;0
2026.08.17 03:30:03;XAUUSD;5;1786933384;CYCLE_RESET;oldState=WAIT_TRIGGER realizedPnL=-8.00 peak=0.20 worst=-7.52 pyramid=1 consLosses=1;WAIT_TRIGGER;SAFE;0;0;1;-1;-1;4395.21;0.00;0.00;0.20;-7.52;KELLY_LITE;true;0.04;213123.89;0.0417;KELLY_LITE(mult=1.05 taper=1.00 n=5)+HARD_RISK_CAP(2.0%)+MAXLOSS_CAP;213115.89;213115.89;33;0
2026.08.17 03:35:03;XAUUSD;5;1786933385;PLACE_PENDING_START;cycle=1786933385 trend=0 consecLosses=1 preset=AGGRESSIVE;PLACE_PENDING;SAFE;0;0;0;-1;-1;0.00;0.00;0.00;0.00;0.00;KELLY_LITE;true;0.04;213123.89;0.0417;KELLY_LITE(mult=1.05 taper=1.00 n=5)+HARD_RISK_CAP(2.0%)+MAXLOSS_CAP;213115.89;213115.89;33;0
2026.08.17 03:35:04;XAUUSD;5;1786933385;OCO_PLACED;buy=119598279 4395.13 lot=0.04 sell=119598280 4391.00 lot=0.04 dist=1.90;WAIT_TRIGGER;SAFE;0;2;0;119598279;119598280;0.00;0.00;0.00;0.00;0.00;KELLY_LITE;true;0.04;213115.89;0.0417;KELLY_LITE(mult=1.00 taper=1.00 n=6)+HARD_RISK_CAP(2.0%)+MAXLOSS_CAP;213115.89;213115.89;33;0
2026.08.17 03:35:06;XAUUSD;5;1786933385;SELL_STOP_TRAILED;Old=4391.00 New=4391.32;WAIT_TRIGGER;SAFE;0;2;0;119598279;119598280;0.00;0.00;0.00;0.00;0.00;KELLY_LITE;true;0.04;213115.89;0.0417;KELLY_LITE(mult=1.00 taper=1.00 n=6)+HARD_RISK_CAP(2.0%)+MAXLOSS_CAP;213115.89;213115.89;33;0
2026.08.17 03:35:19;XAUUSD;5;1786933385;BUY_STOP_TRAILED;Old=4395.13 New=4394.80;WAIT_TRIGGER;SAFE;0;2;0;119598279;119598280;0.00;0.00;0.00;0.00;0.00;KELLY_LITE;true;0.04;213115.89;0.0417;KELLY_LITE(mult=1.00 taper=1.00 n=6)+HARD_RISK_CAP(2.0%)+MAXLOSS_CAP;213115.89;213115.89;33;0
2026.08.17 03:35:25;XAUUSD;5;1786933385;BUY_STOP_TRAILED;Old=4394.80 New=4394.30;WAIT_TRIGGER;SAFE;0;2;0;119598279;119598280;0.00;0.00;0.00;0.00;0.00;KELLY_LITE;true;0.04;213115.89;0.0417;KELLY_LITE(mult=1.00 taper=1.00 n=6)+HARD_RISK_CAP(2.0%)+MAXLOSS_CAP;213115.89;213115.89;33;0
2026.08.17 03:35:46;XAUUSD;5;1786933385;SELL_STOP_TRAILED;Old=4391.32 New=4391.76;WAIT_TRIGGER;SAFE;0;2;0;119598279;119598280;0.00;0.00;0.00;0.00;0.00;KELLY_LITE;true;0.04;213115.89;0.0417;KELLY_LITE(mult=1.00 taper=1.00 n=6)+HARD_RISK_CAP(2.0%)+MAXLOSS_CAP;213115.89;213115.89;33;0
2026.08.17 03:35:49;XAUUSD;5;1786933385;OCO_TRIGGERED_BUY;ticket=119598279 entry=4394.30;POSITION_ACTIVE;SAFE;1;1;0;-1;119598280;0.00;-1.32;-1.32;0.00;0.00;KELLY_LITE;true;0.04;213115.89;0.0417;KELLY_LITE(mult=1.00 taper=1.00 n=6)+HARD_RISK_CAP(2.0%)+MAXLOSS_CAP;213115.89;213114.57;33;0
2026.08.17 03:35:49;XAUUSD;5;1786933385;PENDING_DELETED;ticket=119598280 reason=oco_buy_triggered;POSITION_ACTIVE;SAFE;1;0;0;-1;119598280;0.00;-0.84;-0.84;0.00;0.00;KELLY_LITE;true;0.04;213115.89;0.0417;KELLY_LITE(mult=1.00 taper=1.00 n=6)+HARD_RISK_CAP(2.0%)+MAXLOSS_CAP;213115.89;213115.05;33;0
2026.08.17 03:35:49;XAUUSD;5;1786933385;HEDGE_PENDING_PLACED;dir=SELL_STOP ticket=119598388 price=4391.09 sl=4394.09 lot=0.05 mainEntry=4394.30 dist=3.00 confirmBars=1;POSITION_ACTIVE;SAFE;1;1;1;-1;-1;4394.30;-1.08;-1.08;0.00;-0.84;KELLY_LITE;true;0.04;213115.89;0.0417;KELLY_LITE(mult=1.00 taper=1.00 n=6)+HARD_RISK_CAP(2.0%)+MAXLOSS_CAP;213115.89;213114.81;33;0
2026.08.17 03:35:50;XAUUSD;5;1786933385;SL_MODIFIED;ticket=119598279 oldSL=4382.30 newSL=4392.30 reason=early_loss_hard_sl_leg_0;MANAGE_PROFIT;SAFE;1;1;1;-1;-1;4394.30;-0.64;-0.64;0.00;-1.08;KELLY_LITE;true;0.04;213115.89;0.0417;KELLY_LITE(mult=1.00 taper=1.00 n=6)+HARD_RISK_CAP(2.0%)+MAXLOSS_CAP;213115.89;213115.25;33;0
2026.08.17 03:39:20;XAUUSD;5;1786933385;RECONCILED_BROKER_CLOSE;ticket=119598279 type=main pnl=-8.00;MANAGE_PROFIT;SAFE;0;1;1;-1;-1;4394.30;0.00;0.00;4.16;-7.12;KELLY_LITE;true;0.04;213115.89;0.0417;KELLY_LITE(mult=1.00 taper=1.00 n=6)+HARD_RISK_CAP(2.0%)+MAXLOSS_CAP;213107.89;213107.89;30;0
2026.08.17 03:39:20;XAUUSD;5;1786933385;PENDING_DELETED;ticket=119598388 reason=main_gone_hedge_pending;WAIT_TRIGGER;SAFE;0;0;1;-1;-1;4394.30;0.00;0.00;4.16;-7.12;KELLY_LITE;true;0.04;213115.89;0.0417;KELLY_LITE(mult=1.00 taper=1.00 n=6)+HARD_RISK_CAP(2.0%)+MAXLOSS_CAP;213107.89;213107.89;33;0
2026.08.17 03:39:20;XAUUSD;5;1786933385;HEDGE_PENDING_CLEANUP;main_position_gone;WAIT_TRIGGER;SAFE;0;0;1;-1;-1;4394.30;0.00;0.00;4.16;-7.12;KELLY_LITE;true;0.04;213115.89;0.0417;KELLY_LITE(mult=1.00 taper=1.00 n=6)+HARD_RISK_CAP(2.0%)+MAXLOSS_CAP;213107.89;213107.89;33;0
2026.08.17 03:39:20;XAUUSD;5;1786933385;LOSS_COOLDOWN_AFTER_LOSS;cyclePnL=-8.00 pauseUntil=2026.08.17 03:44:20;WAIT_TRIGGER;SAFE;0;0;1;-1;-1;4394.30;0.00;0.00;4.16;-7.12;KELLY_LITE;true;0.04;213115.89;0.0417;KELLY_LITE(mult=1.00 taper=1.00 n=6)+HARD_RISK_CAP(2.0%)+MAXLOSS_CAP;213107.89;213107.89;33;0
2026.08.17 03:39:20;XAUUSD;5;1786933385;CYCLE_RESET;oldState=WAIT_TRIGGER realizedPnL=-8.00 peak=4.16 worst=-7.12 pyramid=1 consLosses=2;WAIT_TRIGGER;SAFE;0;0;1;-1;-1;4394.30;0.00;0.00;4.16;-7.12;KELLY_LITE;true;0.04;213115.89;0.0417;KELLY_LITE(mult=1.00 taper=1.00 n=6)+HARD_RISK_CAP(2.0%)+MAXLOSS_CAP;213107.89;213107.89;33;0
2026.08.17 03:44:20;XAUUSD;5;1786933386;PLACE_PENDING_START;cycle=1786933386 trend=0 consecLosses=2 preset=AGGRESSIVE;PLACE_PENDING;SAFE;0;0;0;-1;-1;0.00;0.00;0.00;0.00;0.00;KELLY_LITE;true;0.04;213115.89;0.0417;KELLY_LITE(mult=1.00 taper=1.00 n=6)+HARD_RISK_CAP(2.0%)+MAXLOSS_CAP;213107.89;213107.89;33;0
2026.08.17 03:44:21;XAUUSD;5;1786933386;OCO_PLACED;buy=119599519 4396.68 lot=0.04 sell=119599520 4392.45 lot=0.04 dist=1.95;WAIT_TRIGGER;SAFE;0;2;0;119599519;119599520;0.00;0.00;0.00;0.00;0.00;KELLY_LITE;true;0.04;213107.89;0.0417;KELLY_LITE(mult=0.95 taper=1.00 n=7)+CONSEC_REDUCE(0.50)+HARD_RISK_CAP(2.0%)+MAXLOSS_CAP;213107.89;213107.89;33;0
2026.08.17 03:44:26;XAUUSD;5;1786933386;SELL_STOP_TRAILED;Old=4392.45 New=4392.87;WAIT_TRIGGER;SAFE;0;2;0;119599519;119599520;0.00;0.00;0.00;0.00;0.00;KELLY_LITE;true;0.04;213107.89;0.0417;KELLY_LITE(mult=0.95 taper=1.00 n=7)+CONSEC_REDUCE(0.50)+HARD_RISK_CAP(2.0%)+MAXLOSS_CAP;213107.89;213107.89;33;0
2026.08.17 03:44:41;XAUUSD;5;1786933386;BUY_STOP_TRAILED;Old=4396.68 New=4396.24;WAIT_TRIGGER;SAFE;0;2;0;119599519;119599520;0.00;0.00;0.00;0.00;0.00;KELLY_LITE;true;0.04;213107.89;0.0417;KELLY_LITE(mult=0.95 taper=1.00 n=7)+CONSEC_REDUCE(0.50)+HARD_RISK_CAP(2.0%)+MAXLOSS_CAP;213107.89;213107.89;31;0
2026.08.17 03:44:52;XAUUSD;5;1786933386;BUY_STOP_TRAILED;Old=4396.24 New=4395.79;WAIT_TRIGGER;SAFE;0;2;0;119599519;119599520;0.00;0.00;0.00;0.00;0.00;KELLY_LITE;true;0.04;213107.89;0.0417;KELLY_LITE(mult=0.95 taper=1.00 n=7)+CONSEC_REDUCE(0.50)+HARD_RISK_CAP(2.0%)+MAXLOSS_CAP;213107.89;213107.89;33;0
2026.08.17 03:44:58;XAUUSD;5;1786933386;BUY_STOP_TRAILED;Old=4395.79 New=4395.44;WAIT_TRIGGER;SAFE;0;2;0;119599519;119599520;0.00;0.00;0.00;0.00;0.00;KELLY_LITE;true;0.04;213107.89;0.0417;KELLY_LITE(mult=0.95 taper=1.00 n=7)+CONSEC_REDUCE(0.50)+HARD_RISK_CAP(2.0%)+MAXLOSS_CAP;213107.89;213107.89;33;0
2026.08.17 03:45:00;XAUUSD;5;1786933386;BUY_STOP_TRAILED;Old=4395.44 New=4395.09;WAIT_TRIGGER;SAFE;1;1;0;119599519;119599520;0.00;0.32;0.32;0.00;0.00;KELLY_LITE;true;0.04;213107.89;0.0417;KELLY_LITE(mult=0.95 taper=1.00 n=7)+CONSEC_REDUCE(0.50)+HARD_RISK_CAP(2.0%)+MAXLOSS_CAP;213107.89;213108.21;33;0
2026.08.17 03:45:00;XAUUSD;5;1786933386;OCO_TRIGGERED_SELL;ticket=119599520 entry=4392.87;POSITION_ACTIVE;SAFE;1;1;0;119599519;-1;0.00;0.32;0.32;0.00;0.00;KELLY_LITE;true;0.04;213107.89;0.0417;KELLY_LITE(mult=0.95 taper=1.00 n=7)+CONSEC_REDUCE(0.50)+HARD_RISK_CAP(2.0%)+MAXLOSS_CAP;213107.89;213108.21;33;0
2026.08.17 03:45:00;XAUUSD;5;1786933386;PENDING_DELETED;ticket=119599519 reason=oco_sell_triggered;POSITION_ACTIVE;SAFE;1;0;0;119599519;-1;0.00;-0.08;-0.08;0.00;0.00;KELLY_LITE;true;0.04;213107.89;0.0417;KELLY_LITE(mult=0.95 taper=1.00 n=7)+CONSEC_REDUCE(0.50)+HARD_RISK_CAP(2.0%)+MAXLOSS_CAP;213107.89;213107.81;33;0
2026.08.17 03:45:01;XAUUSD;5;1786933386;HEDGE_PENDING_PLACED;dir=BUY_STOP ticket=119599628 price=4395.89 sl=4392.89 lot=0.05 mainEntry=4392.87 dist=3.00 confirmBars=1;POSITION_ACTIVE;SAFE;1;1;1;-1;-1;4392.87;-0.08;-0.08;0.00;-0.08;KELLY_LITE;true;0.04;213107.89;0.0417;KELLY_LITE(mult=0.95 taper=1.00 n=7)+CONSEC_REDUCE(0.50)+HARD_RISK_CAP(2.0%)+MAXLOSS_CAP;213107.89;213107.81;33;0
2026.08.17 03:45:01;XAUUSD;5;1786933386;SL_MODIFIED;ticket=119599520 oldSL=4404.87 newSL=4394.87 reason=early_loss_hard_sl_leg_0;MANAGE_PROFIT;SAFE;1;1;1;-1;-1;4392.87;-1.60;-1.60;0.00;-0.08;KELLY_LITE;true;0.04;213107.89;0.0417;KELLY_LITE(mult=0.95 taper=1.00 n=7)+CONSEC_REDUCE(0.50)+HARD_RISK_CAP(2.0%)+MAXLOSS_CAP;213107.89;213106.29;30;0
2026.08.17 03:45:41;XAUUSD;5;1786933386;SL_MODIFIED;ticket=119599520 oldSL=4394.87 newSL=4391.34 reason=break_even_lock_leg_0;MANAGE_PROFIT;SAFE;1;1;1;-1;-1;4392.87;8.28;8.28;8.20;-2.08;KELLY_LITE;true;0.04;213107.89;0.0417;KELLY_LITE(mult=0.95 taper=1.00 n=7)+CONSEC_REDUCE(0.50)+HARD_RISK_CAP(2.0%)+MAXLOSS_CAP;213107.89;213116.17;32;0
2026.08.17 03:45:41;XAUUSD;5;1786933386;PROFIT_RATCHET_LOCKED;floor=3.48 peak=8.20;MANAGE_PROFIT;SAFE;1;1;1;-1;-1;4392.87;8.28;8.28;8.20;-2.08;KELLY_LITE;true;0.04;213107.89;0.0417;KELLY_LITE(mult=0.95 taper=1.00 n=7)+CONSEC_REDUCE(0.50)+HARD_RISK_CAP(2.0%)+MAXLOSS_CAP;213107.89;213116.17;32;0
2026.08.17 03:45:42;XAUUSD;5;1786933386;SL_MODIFY_FAILED;ticket=119599520 newSL=4391.32 reason=break_even_lock_leg_0 err=0;MANAGE_PROFIT;SAFE;1;1;1;-1;-1;4392.87;8.12;8.12;8.28;-2.08;KELLY_LITE;true;0.04;213107.89;0.0417;KELLY_LITE(mult=0.95 taper=1.00 n=7)+CONSEC_REDUCE(0.50)+HARD_RISK_CAP(2.0%)+MAXLOSS_CAP;213107.89;213116.01;33;0
2026.08.17 03:45:42;XAUUSD;5;1786933386;PROFIT_RATCHET_LOCKED;floor=3.52 peak=8.28;MANAGE_PROFIT;SAFE;1;1;1;-1;-1;4392.87;8.12;8.12;8.28;-2.08;KELLY_LITE;true;0.04;213107.89;0.0417;KELLY_LITE(mult=0.95 taper=1.00 n=7)+CONSEC_REDUCE(0.50)+HARD_RISK_CAP(2.0%)+MAXLOSS_CAP;213107.89;213116.01;33;0
2026.08.17 03:45:42;XAUUSD;5;1786933386;PROFIT_RATCHET_LOCKED;floor=3.52 peak=8.28;MANAGE_PROFIT;SAFE;1;1;1;-1;-1;4392.87;8.12;8.12;8.28;-2.08;KELLY_LITE;true;0.04;213107.89;0.0417;KELLY_LITE(mult=0.95 taper=1.00 n=7)+CONSEC_REDUCE(0.50)+HARD_RISK_CAP(2.0%)+MAXLOSS_CAP;213107.89;213116.01;33;0
2026.08.17 03:45:42;XAUUSD;5;1786933386;PROFIT_RATCHET_LOCKED;floor=3.52 peak=8.28;MANAGE_PROFIT;SAFE;1;1;1;-1;-1;4392.87;7.80;7.80;8.28;-2.08;KELLY_LITE;true;0.04;213107.89;0.0417;KELLY_LITE(mult=0.95 taper=1.00 n=7)+CONSEC_REDUCE(0.50)+HARD_RISK_CAP(2.0%)+MAXLOSS_CAP;213107.89;213115.69;33;0
2026.08.17 03:45:42;XAUUSD;5;1786933386;PROFIT_RATCHET_LOCKED;floor=3.52 peak=8.28;MANAGE_PROFIT;SAFE;1;1;1;-1;-1;4392.87;7.88;7.88;8.28;-2.08;KELLY_LITE;true;0.04;213107.89;0.0417;KELLY_LITE(mult=0.95 taper=1.00 n=7)+CONSEC_REDUCE(0.50)+HARD_RISK_CAP(2.0%)+MAXLOSS_CAP;213107.89;213115.77;33;0
2026.08.17 03:45:42;XAUUSD;5;1786933386;PROFIT_RATCHET_LOCKED;floor=3.52 peak=8.28;MANAGE_PROFIT;SAFE;1;1;1;-1;-1;4392.87;8.16;8.16;8.28;-2.08;KELLY_LITE;true;0.04;213107.89;0.0417;KELLY_LITE(mult=0.95 taper=1.00 n=7)+CONSEC_REDUCE(0.50)+HARD_RISK_CAP(2.0%)+MAXLOSS_CAP;213107.89;213116.05;33;0
2026.08.17 03:45:42;XAUUSD;5;1786933386;PROFIT_RATCHET_LOCKED;floor=3.52 peak=8.28;MANAGE_PROFIT;SAFE;1;1;1;-1;-1;4392.87;7.92;7.92;8.28;-2.08;KELLY_LITE;true;0.04;213107.89;0.0417;KELLY_LITE(mult=0.95 taper=1.00 n=7)+CONSEC_REDUCE(0.50)+HARD_RISK_CAP(2.0%)+MAXLOSS_CAP;213107.89;213115.81;33;0
2026.08.17 03:45:43;XAUUSD;5;1786933386;PROFIT_RATCHET_LOCKED;floor=3.52 peak=8.28;MANAGE_PROFIT;SAFE;1;1;1;-1;-1;4392.87;7.68;7.68;8.28;-2.08;KELLY_LITE;true;0.04;213107.89;0.0417;KELLY_LITE(mult=0.95 taper=1.00 n=7)+CONSEC_REDUCE(0.50)+HARD_RISK_CAP(2.0%)+MAXLOSS_CAP;213107.89;213115.57;33;0
2026.08.17 03:45:43;XAUUSD;5;1786933386;PROFIT_RATCHET_LOCKED;floor=3.52 peak=8.28;MANAGE_PROFIT;SAFE;1;1;1;-1;-1;4392.87;7.68;7.68;8.28;-2.08;KELLY_LITE;true;0.04;213107.89;0.0417;KELLY_LITE(mult=0.95 taper=1.00 n=7)+CONSEC_REDUCE(0.50)+HARD_RISK_CAP(2.0%)+MAXLOSS_CAP;213107.89;213115.57;33;0
2026.08.17 03:45:44;XAUUSD;5;1786933386;PROFIT_RATCHET_LOCKED;floor=3.52 peak=8.28;MANAGE_PROFIT;SAFE;1;1;1;-1;-1;4392.87;7.60;7.60;8.28;-2.08;KELLY_LITE;true;0.04;213107.89;0.0417;KELLY_LITE(mult=0.95 taper=1.00 n=7)+CONSEC_REDUCE(0.50)+HARD_RISK_CAP(2.0%)+MAXLOSS_CAP;213107.89;213115.49;33;0
2026.08.17 03:45:44;XAUUSD;5;1786933386;PROFIT_RATCHET_LOCKED;floor=3.52 peak=8.28;MANAGE_PROFIT;SAFE;1;1;1;-1;-1;4392.87;7.32;7.32;8.28;-2.08;KELLY_LITE;true;0.04;213107.89;0.0417;KELLY_LITE(mult=0.95 taper=1.00 n=7)+CONSEC_REDUCE(0.50)+HARD_RISK_CAP(2.0%)+MAXLOSS_CAP;213107.89;213115.21;33;0
2026.08.17 03:45:44;XAUUSD;5;1786933386;PROFIT_RATCHET_LOCKED;floor=3.52 peak=8.28;MANAGE_PROFIT;SAFE;1;1;1;-1;-1;4392.87;7.36;7.36;8.28;-2.08;KELLY_LITE;true;0.04;213107.89;0.0417;KELLY_LITE(mult=0.95 taper=1.00 n=7)+CONSEC_REDUCE(0.50)+HARD_RISK_CAP(2.0%)+MAXLOSS_CAP;213107.89;213115.25;33;0
2026.08.17 03:45:45;XAUUSD;5;1786933386;EXIT_TIERED_TRAIL;profit=6.72 peak=8.28 allowedRetrace=1.24;MANAGE_PROFIT;SAFE;1;1;1;-1;-1;4392.87;6.72;6.72;8.28;-2.08;KELLY_LITE;true;0.04;213107.89;0.0417;KELLY_LITE(mult=0.95 taper=1.00 n=7)+CONSEC_REDUCE(0.50)+HARD_RISK_CAP(2.0%)+MAXLOSS_CAP;213107.89;213114.61;33;0
2026.08.17 03:45:45;XAUUSD;5;1786933386;POSITION_CLOSED;ticket=119599520 reason=tiered_profit_trail lots=0.04 price=4391.19 pnl=6.72;MANAGE_PROFIT;SAFE;0;1;1;-1;-1;4392.87;0.00;0.00;8.28;-2.08;KELLY_LITE;true;0.04;213107.89;0.0417;KELLY_LITE(mult=0.95 taper=1.00 n=7)+CONSEC_REDUCE(0.50)+HARD_RISK_CAP(2.0%)+MAXLOSS_CAP;213114.53;213114.53;33;0
2026.08.17 03:45:45;XAUUSD;5;1786933386;PENDING_DELETED;ticket=119599628 reason=close_all_hedge;MANAGE_PROFIT;SAFE;0;0;0;-1;-1;4392.87;0.00;0.00;8.28;-2.08;KELLY_LITE;true;0.04;213107.89;0.0417;KELLY_LITE(mult=0.95 taper=1.00 n=7)+CONSEC_REDUCE(0.50)+HARD_RISK_CAP(2.0%)+MAXLOSS_CAP;213114.53;213114.53;33;0
2026.08.17 03:45:45;XAUUSD;5;1786933386;CYCLE_RESET;oldState=RESET realizedPnL=6.64 peak=8.28 worst=-2.08 pyramid=0 consLosses=0;RESET;SAFE;0;0;0;-1;-1;4392.87;0.00;0.00;8.28;-2.08;KELLY_LITE;true;0.04;213107.89;0.0417;KELLY_LITE(mult=0.95 taper=1.00 n=7)+CONSEC_REDUCE(0.50)+HARD_RISK_CAP(2.0%)+MAXLOSS_CAP;213114.53;213114.53;33;0
2026.08.17 03:50:46;XAUUSD;5;1786933387;PLACE_PENDING_START;cycle=1786933387 trend=0 consecLosses=0 preset=AGGRESSIVE;PLACE_PENDING;SAFE;0;0;0;-1;-1;0.00;0.00;0.00;0.00;0.00;KELLY_LITE;true;0.04;213107.89;0.0417;KELLY_LITE(mult=0.95 taper=1.00 n=7)+CONSEC_REDUCE(0.50)+HARD_RISK_CAP(2.0%)+MAXLOSS_CAP;213114.53;213114.53;33;0
2026.08.17 03:50:46;XAUUSD;5;1786933387;OCO_PLACED;buy=119600350 4393.53 lot=0.04 sell=119600352 4389.66 lot=0.04 dist=1.77;WAIT_TRIGGER;SAFE;0;2;0;119600350;119600352;0.00;0.00;0.00;0.00;0.00;KELLY_LITE;true;0.04;213114.53;0.0417;KELLY_LITE(mult=1.00 taper=1.00 n=8)+HARD_RISK_CAP(2.0%)+MAXLOSS_CAP;213114.53;213114.53;33;0
2026.08.17 03:50:51;XAUUSD;5;1786933387;BUY_STOP_TRAILED;Old=4393.53 New=4393.12;WAIT_TRIGGER;SAFE;0;2;0;119600350;119600352;0.00;0.00;0.00;0.00;0.00;KELLY_LITE;true;0.04;213114.53;0.0417;KELLY_LITE(mult=1.00 taper=1.00 n=8)+HARD_RISK_CAP(2.0%)+MAXLOSS_CAP;213114.53;213114.53;33;0
2026.08.17 03:51:00;XAUUSD;5;1786933387;SELL_STOP_TRAILED;Old=4389.66 New=4390.06;WAIT_TRIGGER;SAFE;0;2;0;119600350;119600352;0.00;0.00;0.00;0.00;0.00;KELLY_LITE;true;0.04;213114.53;0.0417;KELLY_LITE(mult=1.00 taper=1.00 n=8)+HARD_RISK_CAP(2.0%)+MAXLOSS_CAP;213114.53;213114.53;33;0
2026.08.17 03:51:03;XAUUSD;5;1786933387;SELL_STOP_TRAILED;Old=4390.06 New=4390.37;WAIT_TRIGGER;SAFE;0;2;0;119600350;119600352;0.00;0.00;0.00;0.00;0.00;KELLY_LITE;true;0.04;213114.53;0.0417;KELLY_LITE(mult=1.00 taper=1.00 n=8)+HARD_RISK_CAP(2.0%)+MAXLOSS_CAP;213114.53;213114.53;33;0
2026.08.17 03:51:06;XAUUSD;5;1786933387;SELL_STOP_TRAILED;Old=4390.37 New=4390.69;WAIT_TRIGGER;SAFE;0;2;0;119600350;119600352;0.00;0.00;0.00;0.00;0.00;KELLY_LITE;true;0.04;213114.53;0.0417;KELLY_LITE(mult=1.00 taper=1.00 n=8)+HARD_RISK_CAP(2.0%)+MAXLOSS_CAP;213114.53;213114.53;33;0
2026.08.17 03:52:07;XAUUSD;5;1786933387;BUY_STOP_TRAILED;Old=4393.12 New=4392.64;WAIT_TRIGGER;SAFE;1;1;0;119600350;119600352;0.00;-1.08;-1.08;0.00;0.00;KELLY_LITE;true;0.04;213114.53;0.0417;KELLY_LITE(mult=1.00 taper=1.00 n=8)+HARD_RISK_CAP(2.0%)+MAXLOSS_CAP;213114.53;213113.45;33;0
2026.08.17 03:52:07;XAUUSD;5;1786933387;OCO_TRIGGERED_SELL;ticket=119600352 entry=4390.69;POSITION_ACTIVE;SAFE;1;1;0;119600350;-1;0.00;-1.08;-1.08;0.00;0.00;KELLY_LITE;true;0.04;213114.53;0.0417;KELLY_LITE(mult=1.00 taper=1.00 n=8)+HARD_RISK_CAP(2.0%)+MAXLOSS_CAP;213114.53;213113.45;33;0
2026.08.17 03:52:08;XAUUSD;5;1786933387;PENDING_DELETED;ticket=119600350 reason=oco_sell_triggered;POSITION_ACTIVE;SAFE;1;0;0;119600350;-1;0.00;-1.16;-1.16;0.00;0.00;KELLY_LITE;true;0.04;213114.53;0.0417;KELLY_LITE(mult=1.00 taper=1.00 n=8)+HARD_RISK_CAP(2.0%)+MAXLOSS_CAP;213114.53;213113.37;33;0
2026.08.17 03:52:08;XAUUSD;5;1786933387;HEDGE_PENDING_PLACED;dir=BUY_STOP ticket=119600505 price=4393.98 sl=4390.98 lot=0.05 mainEntry=4390.69 dist=3.00 confirmBars=1;POSITION_ACTIVE;SAFE;1;1;1;-1;-1;4390.69;-0.12;-0.12;0.00;-1.16;KELLY_LITE;true;0.04;213114.53;0.0417;KELLY_LITE(mult=1.00 taper=1.00 n=8)+HARD_RISK_CAP(2.0%)+MAXLOSS_CAP;213114.53;213114.41;33;0
2026.08.17 03:52:09;XAUUSD;5;1786933387;SL_MODIFIED;ticket=119600352 oldSL=4402.69 newSL=4392.69 reason=early_loss_hard_sl_leg_0;MANAGE_PROFIT;SAFE;1;1;1;-1;-1;4390.69;-1.20;-1.20;0.00;-1.16;KELLY_LITE;true;0.04;213114.53;0.0417;KELLY_LITE(mult=1.00 taper=1.00 n=8)+HARD_RISK_CAP(2.0%)+MAXLOSS_CAP;213114.53;213113.33;33;0
2026.08.17 03:55:55;XAUUSD;5;1786933387;SL_MODIFIED;ticket=119600352 oldSL=4392.69 newSL=4389.46 reason=break_even_lock_leg_0 (retry buf=3pt);MANAGE_PROFIT;SAFE;1;1;1;-1;-1;4390.69;7.00;7.00;8.08;-5.24;KELLY_LITE;true;0.04;213114.53;0.0417;KELLY_LITE(mult=1.00 taper=1.00 n=8)+HARD_RISK_CAP(2.0%)+MAXLOSS_CAP;213114.53;213121.53;33;0
2026.08.17 03:55:55;XAUUSD;5;1786933387;PROFIT_RATCHET_LOCKED;floor=3.43 peak=8.08;MANAGE_PROFIT;SAFE;1;1;1;-1;-1;4390.69;7.00;7.00;8.08;-5.24;KELLY_LITE;true;0.04;213114.53;0.0417;KELLY_LITE(mult=1.00 taper=1.00 n=8)+HARD_RISK_CAP(2.0%)+MAXLOSS_CAP;213114.53;213121.53;33;0
2026.08.17 03:55:55;XAUUSD;5;1786933387;PROFIT_RATCHET_LOCKED;floor=3.43 peak=8.08;MANAGE_PROFIT;SAFE;1;1;1;-1;-1;4390.69;7.00;7.00;8.08;-5.24;KELLY_LITE;true;0.04;213114.53;0.0417;KELLY_LITE(mult=1.00 taper=1.00 n=8)+HARD_RISK_CAP(2.0%)+MAXLOSS_CAP;213114.53;213121.53;33;0
2026.08.17 03:55:55;XAUUSD;5;1786933387;EXIT_TIERED_TRAIL;profit=6.64 peak=8.08 allowedRetrace=1.21;MANAGE_PROFIT;SAFE;1;1;1;-1;-1;4390.69;6.64;6.64;8.08;-5.24;KELLY_LITE;true;0.04;213114.53;0.0417;KELLY_LITE(mult=1.00 taper=1.00 n=8)+HARD_RISK_CAP(2.0%)+MAXLOSS_CAP;213114.53;213121.17;33;0
2026.08.17 03:55:55;XAUUSD;5;1786933387;POSITION_CLOSED;ticket=119600352 reason=tiered_profit_trail lots=0.04 price=4389.03 pnl=6.64;MANAGE_PROFIT;SAFE;0;1;1;-1;-1;4390.69;0.00;0.00;8.08;-5.24;KELLY_LITE;true;0.04;213114.53;0.0417;KELLY_LITE(mult=1.00 taper=1.00 n=8)+HARD_RISK_CAP(2.0%)+MAXLOSS_CAP;213121.13;213121.13;33;0
2026.08.17 03:55:56;XAUUSD;5;1786933387;PENDING_DELETED;ticket=119600505 reason=close_all_hedge;MANAGE_PROFIT;SAFE;0;0;0;-1;-1;4390.69;0.00;0.00;8.08;-5.24;KELLY_LITE;true;0.04;213114.53;0.0417;KELLY_LITE(mult=1.00 taper=1.00 n=8)+HARD_RISK_CAP(2.0%)+MAXLOSS_CAP;213121.13;213121.13;33;0
2026.08.17 03:55:56;XAUUSD;5;1786933387;CYCLE_RESET;oldState=RESET realizedPnL=6.60 peak=8.08 worst=-5.24 pyramid=0 consLosses=0;RESET;SAFE;0;0;0;-1;-1;4390.69;0.00;0.00;8.08;-5.24;KELLY_LITE;true;0.04;213114.53;0.0417;KELLY_LITE(mult=1.00 taper=1.00 n=8)+HARD_RISK_CAP(2.0%)+MAXLOSS_CAP;213121.13;213121.13;33;0
2026.08.17 04:00:56;XAUUSD;5;1786933388;PLACE_PENDING_START;cycle=1786933388 trend=0 consecLosses=0 preset=AGGRESSIVE;PLACE_PENDING;SAFE;0;0;0;-1;-1;0.00;0.00;0.00;0.00;0.00;KELLY_LITE;true;0.04;213114.53;0.0417;KELLY_LITE(mult=1.00 taper=1.00 n=8)+HARD_RISK_CAP(2.0%)+MAXLOSS_CAP;213121.13;213121.13;33;0
2026.08.17 04:00:57;XAUUSD;5;1786933388;OCO_PLACED;buy=119601843 4395.72 lot=0.04 sell=119601845 4392.31 lot=0.04 dist=1.54;WAIT_TRIGGER;SAFE;0;2;0;119601843;119601845;0.00;0.00;0.00;0.00;0.00;KELLY_LITE;true;0.04;213121.13;0.0417;KELLY_LITE(mult=1.05 taper=1.00 n=9)+HARD_RISK_CAP(2.0%)+MAXLOSS_CAP;213121.13;213121.13;33;0
2026.08.17 04:00:59;XAUUSD;5;1786933388;SELL_STOP_TRAILED;Old=4392.31 New=4392.69;WAIT_TRIGGER;SAFE;0;2;0;119601843;119601845;0.00;0.00;0.00;0.00;0.00;KELLY_LITE;true;0.04;213121.13;0.0417;KELLY_LITE(mult=1.05 taper=1.00 n=9)+HARD_RISK_CAP(2.0%)+MAXLOSS_CAP;213121.13;213121.13;33;0
2026.08.17 04:02:05;XAUUSD;5;1786933388;BUY_STOP_TRAILED;Old=4395.72 New=4395.40;WAIT_TRIGGER;SAFE;0;2;0;119601843;119601845;0.00;0.00;0.00;0.00;0.00;KELLY_LITE;true;0.04;213121.13;0.0417;KELLY_LITE(mult=1.05 taper=1.00 n=9)+HARD_RISK_CAP(2.0%)+MAXLOSS_CAP;213121.13;213121.13;33;0
2026.08.17 04:02:12;XAUUSD;5;1786933388;BUY_STOP_TRAILED;Old=4395.40 New=4395.02;WAIT_TRIGGER;SAFE;0;2;0;119601843;119601845;0.00;0.00;0.00;0.00;0.00;KELLY_LITE;true;0.04;213121.13;0.0417;KELLY_LITE(mult=1.05 taper=1.00 n=9)+HARD_RISK_CAP(2.0%)+MAXLOSS_CAP;213121.13;213121.13;33;0
2026.08.17 04:02:18;XAUUSD;5;1786933388;BUY_STOP_TRAILED;Old=4395.02 New=4394.70;WAIT_TRIGGER;SAFE;0;2;0;119601843;119601845;0.00;0.00;0.00;0.00;0.00;KELLY_LITE;true;0.04;213121.13;0.0417;KELLY_LITE(mult=1.05 taper=1.00 n=9)+HARD_RISK_CAP(2.0%)+MAXLOSS_CAP;213121.13;213121.13;33;0
2026.08.17 04:02:34;XAUUSD;5;1786933388;OCO_TRIGGERED_BUY;ticket=119601843 entry=4394.70;POSITION_ACTIVE;SAFE;1;1;0;-1;119601845;0.00;-1.04;-1.04;0.00;0.00;KELLY_LITE;true;0.04;213121.13;0.0417;KELLY_LITE(mult=1.05 taper=1.00 n=9)+HARD_RISK_CAP(2.0%)+MAXLOSS_CAP;213121.13;213120.09;33;0
2026.08.17 04:02:34;XAUUSD;5;1786933388;PENDING_DELETED;ticket=119601845 reason=oco_buy_triggered;POSITION_ACTIVE;SAFE;1;0;0;-1;119601845;0.00;-1.64;-1.64;0.00;0.00;KELLY_LITE;true;0.04;213121.13;0.0417;KELLY_LITE(mult=1.05 taper=1.00 n=9)+HARD_RISK_CAP(2.0%)+MAXLOSS_CAP;213121.13;213119.49;33;0
2026.08.17 04:02:35;XAUUSD;5;1786933388;HEDGE_PENDING_PLACED;dir=SELL_STOP ticket=119601998 price=4391.29 sl=4394.29 lot=0.05 mainEntry=4394.70 dist=3.00 confirmBars=1;POSITION_ACTIVE;SAFE;1;1;1;-1;-1;4394.70;-1.40;-1.40;0.00;-1.64;KELLY_LITE;true;0.04;213121.13;0.0417;KELLY_LITE(mult=1.05 taper=1.00 n=9)+HARD_RISK_CAP(2.0%)+MAXLOSS_CAP;213121.13;213119.73;33;0
2026.08.17 04:02:35;XAUUSD;5;1786933388;SL_MODIFIED;ticket=119601843 oldSL=4382.70 newSL=4392.70 reason=early_loss_hard_sl_leg_0;MANAGE_PROFIT;SAFE;1;1;1;-1;-1;4394.70;-1.36;-1.48;0.00;-1.64;KELLY_LITE;true;0.04;213121.13;0.0417;KELLY_LITE(mult=1.05 taper=1.00 n=9)+HARD_RISK_CAP(2.0%)+MAXLOSS_CAP;213121.13;213119.77;33;0
2026.08.17 04:03:37;XAUUSD;5;1786933388;RECONCILED_BROKER_CLOSE;ticket=119601843 type=main pnl=-8.00;MANAGE_PROFIT;SAFE;0;1;1;-1;-1;4394.70;0.00;0.00;0.00;-7.60;KELLY_LITE;true;0.04;213121.13;0.0417;KELLY_LITE(mult=1.05 taper=1.00 n=9)+HARD_RISK_CAP(2.0%)+MAXLOSS_CAP;213113.13;213113.13;33;0
2026.08.17 04:03:37;XAUUSD;5;1786933388;PENDING_DELETED;ticket=119601998 reason=main_gone_hedge_pending;WAIT_TRIGGER;SAFE;0;0;1;-1;-1;4394.70;0.00;0.00;0.00;-7.60;KELLY_LITE;true;0.04;213121.13;0.0417;KELLY_LITE(mult=1.05 taper=1.00 n=9)+HARD_RISK_CAP(2.0%)+MAXLOSS_CAP;213113.13;213113.13;33;0
2026.08.17 04:03:37;XAUUSD;5;1786933388;HEDGE_PENDING_CLEANUP;main_position_gone;WAIT_TRIGGER;SAFE;0;0;1;-1;-1;4394.70;0.00;0.00;0.00;-7.60;KELLY_LITE;true;0.04;213121.13;0.0417;KELLY_LITE(mult=1.05 taper=1.00 n=9)+HARD_RISK_CAP(2.0%)+MAXLOSS_CAP;213113.13;213113.13;33;0
2026.08.17 04:03:37;XAUUSD;5;1786933388;LOSS_COOLDOWN_AFTER_LOSS;cyclePnL=-8.00 pauseUntil=2026.08.17 04:08:37;WAIT_TRIGGER;SAFE;0;0;1;-1;-1;4394.70;0.00;0.00;0.00;-7.60;KELLY_LITE;true;0.04;213121.13;0.0417;KELLY_LITE(mult=1.05 taper=1.00 n=9)+HARD_RISK_CAP(2.0%)+MAXLOSS_CAP;213113.13;213113.13;33;0
2026.08.17 04:03:37;XAUUSD;5;1786933388;CYCLE_RESET;oldState=WAIT_TRIGGER realizedPnL=-8.00 peak=0.00 worst=-7.60 pyramid=1 consLosses=1;WAIT_TRIGGER;SAFE;0;0;1;-1;-1;4394.70;0.00;0.00;0.00;-7.60;KELLY_LITE;true;0.04;213121.13;0.0417;KELLY_LITE(mult=1.05 taper=1.00 n=9)+HARD_RISK_CAP(2.0%)+MAXLOSS_CAP;213113.13;213113.13;33;0
2026.08.17 04:08:37;XAUUSD;5;1786933389;PLACE_PENDING_START;cycle=1786933389 trend=0 consecLosses=1 preset=AGGRESSIVE;PLACE_PENDING;SAFE;0;0;0;-1;-1;0.00;0.00;0.00;0.00;0.00;KELLY_LITE;true;0.04;213121.13;0.0417;KELLY_LITE(mult=1.05 taper=1.00 n=9)+HARD_RISK_CAP(2.0%)+MAXLOSS_CAP;213113.13;213113.13;33;0
2026.08.17 04:08:38;XAUUSD;5;1786933389;OCO_PLACED;buy=119602526 4394.74 lot=0.04 sell=119602527 4391.41 lot=0.04 dist=1.50;WAIT_TRIGGER;SAFE;0;2;0;119602526;119602527;0.00;0.00;0.00;0.00;0.00;KELLY_LITE;true;0.04;213113.13;0.0417;KELLY_LITE(mult=1.00 taper=1.00 n=10)+HARD_RISK_CAP(2.0%)+MAXLOSS_CAP;213113.13;213113.13;33;0
2026.08.17 04:08:41;XAUUSD;5;1786933389;BUY_STOP_TRAILED;Old=4394.74 New=4394.40;WAIT_TRIGGER;SAFE;0;2;0;119602526;119602527;0.00;0.00;0.00;0.00;0.00;KELLY_LITE;true;0.04;213113.13;0.0417;KELLY_LITE(mult=1.00 taper=1.00 n=10)+HARD_RISK_CAP(2.0%)+MAXLOSS_CAP;213113.13;213113.13;33;0
2026.08.17 04:08:44;XAUUSD;5;1786933389;BUY_STOP_TRAILED;Old=4394.40 New=4394.05;WAIT_TRIGGER;SAFE;0;2;0;119602526;119602527;0.00;0.00;0.00;0.00;0.00;KELLY_LITE;true;0.04;213113.13;0.0417;KELLY_LITE(mult=1.00 taper=1.00 n=10)+HARD_RISK_CAP(2.0%)+MAXLOSS_CAP;213113.13;213113.13;33;0
2026.08.17 04:08:49;XAUUSD;5;1786933389;BUY_STOP_TRAILED;Old=4394.05 New=4393.74;WAIT_TRIGGER;SAFE;0;2;0;119602526;119602527;0.00;0.00;0.00;0.00;0.00;KELLY_LITE;true;0.04;213113.13;0.0417;KELLY_LITE(mult=1.00 taper=1.00 n=10)+HARD_RISK_CAP(2.0%)+MAXLOSS_CAP;213113.13;213113.13;33;0
2026.08.17 04:09:05;XAUUSD;5;1786933389;BUY_STOP_TRAILED;Old=4393.74 New=4393.37;WAIT_TRIGGER;SAFE;1;1;0;119602526;119602527;0.00;0.12;-1.20;0.00;0.00;KELLY_LITE;true;0.04;213113.13;0.0417;KELLY_LITE(mult=1.00 taper=1.00 n=10)+HARD_RISK_CAP(2.0%)+MAXLOSS_CAP;213113.13;213113.25;33;0
2026.08.17 04:09:05;XAUUSD;5;1786933389;OCO_TRIGGERED_SELL;ticket=119602527 entry=4391.41;POSITION_ACTIVE;SAFE;1;1;0;119602526;-1;0.00;0.12;-1.20;0.00;0.00;KELLY_LITE;true;0.04;213113.13;0.0417;KELLY_LITE(mult=1.00 taper=1.00 n=10)+HARD_RISK_CAP(2.0%)+MAXLOSS_CAP;213113.13;213113.25;33;0
2026.08.17 04:09:06;XAUUSD;5;1786933389;PENDING_DELETED;ticket=119602526 reason=oco_sell_triggered;POSITION_ACTIVE;SAFE;1;0;0;119602526;-1;0.00;-1.28;-1.28;0.00;0.00;KELLY_LITE;true;0.04;213113.13;0.0417;KELLY_LITE(mult=1.00 taper=1.00 n=10)+HARD_RISK_CAP(2.0%)+MAXLOSS_CAP;213113.13;213111.85;33;0
2026.08.17 04:09:06;XAUUSD;5;1786933389;HEDGE_PENDING_PLACED;dir=BUY_STOP ticket=119602578 price=4394.73 sl=4391.73 lot=0.05 mainEntry=4391.41 dist=3.00 confirmBars=1;POSITION_ACTIVE;SAFE;1;1;1;-1;-1;4391.41;-0.80;-0.80;0.00;-1.28;KELLY_LITE;true;0.04;213113.13;0.0417;KELLY_LITE(mult=1.00 taper=1.00 n=10)+HARD_RISK_CAP(2.0%)+MAXLOSS_CAP;213113.13;213112.33;33;0
2026.08.17 04:09:07;XAUUSD;5;1786933389;SL_MODIFIED;ticket=119602527 oldSL=4406.41 newSL=4393.41 reason=early_loss_hard_sl_leg_0;MANAGE_PROFIT;SAFE;1;1;1;-1;-1;4391.41;-0.96;-1.44;0.00;-1.28;KELLY_LITE;true;0.04;213113.13;0.0417;KELLY_LITE(mult=1.00 taper=1.00 n=10)+HARD_RISK_CAP(2.0%)+MAXLOSS_CAP;213113.13;213112.17;33;0
2026.08.17 04:11:23;XAUUSD;5;1786933389;SL_MODIFIED;ticket=119602527 oldSL=4393.41 newSL=4389.88 reason=break_even_lock_leg_0;MANAGE_PROFIT;SAFE;1;1;1;-1;-1;4391.41;8.80;8.80;8.20;-2.76;KELLY_LITE;true;0.04;213113.13;0.0417;KELLY_LITE(mult=1.00 taper=1.00 n=10)+HARD_RISK_CAP(2.0%)+MAXLOSS_CAP;213113.13;213121.93;31;0
2026.08.17 04:11:23;XAUUSD;5;1786933389;PROFIT_RATCHET_LOCKED;floor=3.48 peak=8.20;MANAGE_PROFIT;SAFE;1;1;1;-1;-1;4391.41;8.80;8.80;8.20;-2.76;KELLY_LITE;true;0.04;213113.13;0.0417;KELLY_LITE(mult=1.00 taper=1.00 n=10)+HARD_RISK_CAP(2.0%)+MAXLOSS_CAP;213113.13;213121.93;31;0
2026.08.17 04:11:24;XAUUSD;5;1786933389;SL_MODIFIED;ticket=119602527 oldSL=4389.88 newSL=4389.73 reason=break_even_lock_leg_0;MANAGE_PROFIT;SAFE;1;1;1;-1;-1;4391.41;8.76;8.76;8.80;-2.76;KELLY_LITE;true;0.04;213113.13;0.0417;KELLY_LITE(mult=1.00 taper=1.00 n=10)+HARD_RISK_CAP(2.0%)+MAXLOSS_CAP;213113.13;213121.89;33;0
2026.08.17 04:11:24;XAUUSD;5;1786933389;PROFIT_RATCHET_LOCKED;floor=3.74 peak=8.80;MANAGE_PROFIT;SAFE;1;1;1;-1;-1;4391.41;8.76;8.76;8.80;-2.76;KELLY_LITE;true;0.04;213113.13;0.0417;KELLY_LITE(mult=1.00 taper=1.00 n=10)+HARD_RISK_CAP(2.0%)+MAXLOSS_CAP;213113.13;213121.89;33;0
2026.08.17 04:11:24;XAUUSD;5;1786933389;PROFIT_RATCHET_LOCKED;floor=3.74 peak=8.80;MANAGE_PROFIT;SAFE;1;1;1;-1;-1;4391.41;8.76;8.76;8.80;-2.76;KELLY_LITE;true;0.04;213113.13;0.0417;KELLY_LITE(mult=1.00 taper=1.00 n=10)+HARD_RISK_CAP(2.0%)+MAXLOSS_CAP;213113.13;213121.89;33;0
2026.08.17 04:11:24;XAUUSD;5;1786933389;PROFIT_RATCHET_LOCKED;floor=3.76 peak=8.84;MANAGE_PROFIT;SAFE;1;1;1;-1;-1;4391.41;8.84;8.84;8.84;-2.76;KELLY_LITE;true;0.04;213113.13;0.0417;KELLY_LITE(mult=1.00 taper=1.00 n=10)+HARD_RISK_CAP(2.0%)+MAXLOSS_CAP;213113.13;213121.97;33;0
2026.08.17 04:11:24;XAUUSD;5;1786933389;PROFIT_RATCHET_LOCKED;floor=3.76 peak=8.84;MANAGE_PROFIT;SAFE;1;1;1;-1;-1;4391.41;8.80;8.80;8.84;-2.76;KELLY_LITE;true;0.04;213113.13;0.0417;KELLY_LITE(mult=1.00 taper=1.00 n=10)+HARD_RISK_CAP(2.0%)+MAXLOSS_CAP;213113.13;213121.93;33;0
2026.08.17 04:11:25;XAUUSD;5;1786933389;PROFIT_RATCHET_LOCKED;floor=3.76 peak=8.84;MANAGE_PROFIT;SAFE;1;1;1;-1;-1;4391.41;8.40;8.40;8.84;-2.76;KELLY_LITE;true;0.04;213113.13;0.0417;KELLY_LITE(mult=1.00 taper=1.00 n=10)+HARD_RISK_CAP(2.0%)+MAXLOSS_CAP;213113.13;213121.53;33;0
2026.08.17 04:11:26;XAUUSD;5;1786933389;PROFIT_RATCHET_LOCKED;floor=3.76 peak=8.84;MANAGE_PROFIT;SAFE;1;1;1;-1;-1;4391.41;8.48;8.48;8.84;-2.76;KELLY_LITE;true;0.04;213113.13;0.0417;KELLY_LITE(mult=1.00 taper=1.00 n=10)+HARD_RISK_CAP(2.0%)+MAXLOSS_CAP;213113.13;213121.61;33;0
2026.08.17 04:11:26;XAUUSD;5;1786933389;PROFIT_RATCHET_LOCKED;floor=3.76 peak=8.84;MANAGE_PROFIT;SAFE;1;1;1;-1;-1;4391.41;8.64;8.64;8.84;-2.76;KELLY_LITE;true;0.04;213113.13;0.0417;KELLY_LITE(mult=1.00 taper=1.00 n=10)+HARD_RISK_CAP(2.0%)+MAXLOSS_CAP;213113.13;213121.77;33;0
2026.08.17 04:11:27;XAUUSD;5;1786933389;PROFIT_RATCHET_LOCKED;floor=3.76 peak=8.84;MANAGE_PROFIT;SAFE;1;1;1;-1;-1;4391.41;8.32;8.32;8.84;-2.76;KELLY_LITE;true;0.04;213113.13;0.0417;KELLY_LITE(mult=1.00 taper=1.00 n=10)+HARD_RISK_CAP(2.0%)+MAXLOSS_CAP;213113.13;213121.45;33;0
2026.08.17 04:11:27;XAUUSD;5;1786933389;PROFIT_RATCHET_LOCKED;floor=3.76 peak=8.84;MANAGE_PROFIT;SAFE;1;1;1;-1;-1;4391.41;8.60;8.60;8.84;-2.76;KELLY_LITE;true;0.04;213113.13;0.0417;KELLY_LITE(mult=1.00 taper=1.00 n=10)+HARD_RISK_CAP(2.0%)+MAXLOSS_CAP;213113.13;213121.73;33;0
2026.08.17 04:11:27;XAUUSD;5;1786933389;PROFIT_RATCHET_LOCKED;floor=3.76 peak=8.84;MANAGE_PROFIT;SAFE;1;1;1;-1;-1;4391.41;8.64;8.64;8.84;-2.76;KELLY_LITE;true;0.04;213113.13;0.0417;KELLY_LITE(mult=1.00 taper=1.00 n=10)+HARD_RISK_CAP(2.0%)+MAXLOSS_CAP;213113.13;213121.77;33;0
2026.08.17 04:11:28;XAUUSD;5;1786933389;PROFIT_RATCHET_LOCKED;floor=3.76 peak=8.84;MANAGE_PROFIT;SAFE;1;1;1;-1;-1;4391.41;8.60;8.60;8.84;-2.76;KELLY_LITE;true;0.04;213113.13;0.0417;KELLY_LITE(mult=1.00 taper=1.00 n=10)+HARD_RISK_CAP(2.0%)+MAXLOSS_CAP;213113.13;213121.73;33;0
2026.08.17 04:11:28;XAUUSD;5;1786933389;PROFIT_RATCHET_LOCKED;floor=3.76 peak=8.84;MANAGE_PROFIT;SAFE;1;1;1;-1;-1;4391.41;8.48;8.48;8.84;-2.76;KELLY_LITE;true;0.04;213113.13;0.0417;KELLY_LITE(mult=1.00 taper=1.00 n=10)+HARD_RISK_CAP(2.0%)+MAXLOSS_CAP;213113.13;213121.61;33;0
2026.08.17 04:11:28;XAUUSD;5;1786933389;PROFIT_RATCHET_LOCKED;floor=3.76 peak=8.84;MANAGE_PROFIT;SAFE;1;1;1;-1;-1;4391.41;8.56;8.56;8.84;-2.76;KELLY_LITE;true;0.04;213113.13;0.0417;KELLY_LITE(mult=1.00 taper=1.00 n=10)+HARD_RISK_CAP(2.0%)+MAXLOSS_CAP;213113.13;213121.69;33;0
2026.08.17 04:11:28;XAUUSD;5;1786933389;PROFIT_RATCHET_LOCKED;floor=3.76 peak=8.84;MANAGE_PROFIT;SAFE;1;1;1;-1;-1;4391.41;8.52;8.52;8.84;-2.76;KELLY_LITE;true;0.04;213113.13;0.0417;KELLY_LITE(mult=1.00 taper=1.00 n=10)+HARD_RISK_CAP(2.0%)+MAXLOSS_CAP;213113.13;213121.65;33;0
2026.08.17 04:11:29;XAUUSD;5;1786933389;PROFIT_RATCHET_LOCKED;floor=3.76 peak=8.84;MANAGE_PROFIT;SAFE;1;1;1;-1;-1;4391.41;8.60;8.60;8.84;-2.76;KELLY_LITE;true;0.04;213113.13;0.0417;KELLY_LITE(mult=1.00 taper=1.00 n=10)+HARD_RISK_CAP(2.0%)+MAXLOSS_CAP;213113.13;213121.73;33;0
2026.08.17 04:11:29;XAUUSD;5;1786933389;PROFIT_RATCHET_LOCKED;floor=3.76 peak=8.84;MANAGE_PROFIT;SAFE;1;1;1;-1;-1;4391.41;8.56;8.56;8.84;-2.76;KELLY_LITE;true;0.04;213113.13;0.0417;KELLY_LITE(mult=1.00 taper=1.00 n=10)+HARD_RISK_CAP(2.0%)+MAXLOSS_CAP;213113.13;213121.69;33;0
2026.08.17 04:11:30;XAUUSD;5;1786933389;PROFIT_RATCHET_LOCKED;floor=3.76 peak=8.84;MANAGE_PROFIT;SAFE;1;1;1;-1;-1;4391.41;8.36;8.36;8.84;-2.76;KELLY_LITE;true;0.04;213113.13;0.0417;KELLY_LITE(mult=1.00 taper=1.00 n=10)+HARD_RISK_CAP(2.0%)+MAXLOSS_CAP;213113.13;213121.49;33;0
2026.08.17 04:11:31;XAUUSD;5;1786933389;PROFIT_RATCHET_LOCKED;floor=3.76 peak=8.84;MANAGE_PROFIT;SAFE;1;1;1;-1;-1;4391.41;8.24;8.24;8.84;-2.76;KELLY_LITE;true;0.04;213113.13;0.0417;KELLY_LITE(mult=1.00 taper=1.00 n=10)+HARD_RISK_CAP(2.0%)+MAXLOSS_CAP;213113.13;213121.37;33;0
2026.08.17 04:11:31;XAUUSD;5;1786933389;PROFIT_RATCHET_LOCKED;floor=3.76 peak=8.84;MANAGE_PROFIT;SAFE;1;1;1;-1;-1;4391.41;7.76;7.76;8.84;-2.76;KELLY_LITE;true;0.04;213113.13;0.0417;KELLY_LITE(mult=1.00 taper=1.00 n=10)+HARD_RISK_CAP(2.0%)+MAXLOSS_CAP;213113.13;213120.89;33;0
2026.08.17 04:11:31;XAUUSD;5;1786933389;PROFIT_RATCHET_LOCKED;floor=3.76 peak=8.84;MANAGE_PROFIT;SAFE;1;1;1;-1;-1;4391.41;7.80;7.80;8.84;-2.76;KELLY_LITE;true;0.04;213113.13;0.0417;KELLY_LITE(mult=1.00 taper=1.00 n=10)+HARD_RISK_CAP(2.0%)+MAXLOSS_CAP;213113.13;213120.93;33;0
2026.08.17 04:11:32;XAUUSD;5;1786933389;PROFIT_RATCHET_LOCKED;floor=3.76 peak=8.84;MANAGE_PROFIT;SAFE;1;1;1;-1;-1;4391.41;7.84;7.84;8.84;-2.76;KELLY_LITE;true;0.04;213113.13;0.0417;KELLY_LITE(mult=1.00 taper=1.00 n=10)+HARD_RISK_CAP(2.0%)+MAXLOSS_CAP;213113.13;213120.97;33;0
2026.08.17 04:11:32;XAUUSD;5;1786933389;PROFIT_RATCHET_LOCKED;floor=3.76 peak=8.84;MANAGE_PROFIT;SAFE;1;1;1;-1;-1;4391.41;7.88;7.88;8.84;-2.76;KELLY_LITE;true;0.04;213113.13;0.0417;KELLY_LITE(mult=1.00 taper=1.00 n=10)+HARD_RISK_CAP(2.0%)+MAXLOSS_CAP;213113.13;213121.01;33;0
2026.08.17 04:11:32;XAUUSD;5;1786933389;PROFIT_RATCHET_LOCKED;floor=3.76 peak=8.84;MANAGE_PROFIT;SAFE;1;1;1;-1;-1;4391.41;8.56;8.56;8.84;-2.76;KELLY_LITE;true;0.04;213113.13;0.0417;KELLY_LITE(mult=1.00 taper=1.00 n=10)+HARD_RISK_CAP(2.0%)+MAXLOSS_CAP;213113.13;213121.69;33;0
2026.08.17 04:11:33;XAUUSD;5;1786933389;PROFIT_RATCHET_LOCKED;floor=3.76 peak=8.84;MANAGE_PROFIT;SAFE;1;1;1;-1;-1;4391.41;8.44;8.44;8.84;-2.76;KELLY_LITE;true;0.04;213113.13;0.0417;KELLY_LITE(mult=1.00 taper=1.00 n=10)+HARD_RISK_CAP(2.0%)+MAXLOSS_CAP;213113.13;213121.57;33;0
2026.08.17 04:11:33;XAUUSD;5;1786933389;PROFIT_RATCHET_LOCKED;floor=3.76 peak=8.84;MANAGE_PROFIT;SAFE;1;1;1;-1;-1;4391.41;8.48;8.48;8.84;-2.76;KELLY_LITE;true;0.04;213113.13;0.0417;KELLY_LITE(mult=1.00 taper=1.00 n=10)+HARD_RISK_CAP(2.0%)+MAXLOSS_CAP;213113.13;213121.61;33;0
2026.08.17 04:11:34;XAUUSD;5;1786933389;SL_MODIFIED;ticket=119602527 oldSL=4389.73 newSL=4389.65 reason=break_even_lock_leg_0;MANAGE_PROFIT;SAFE;1;1;1;-1;-1;4391.41;9.60;9.60;9.12;-2.76;KELLY_LITE;true;0.04;213113.13;0.0417;KELLY_LITE(mult=1.00 taper=1.00 n=10)+HARD_RISK_CAP(2.0%)+MAXLOSS_CAP;213113.13;213122.73;33;0
2026.08.17 04:11:34;XAUUSD;5;1786933389;PROFIT_RATCHET_LOCKED;floor=3.88 peak=9.12;MANAGE_PROFIT;SAFE;1;1;1;-1;-1;4391.41;9.60;9.60;9.12;-2.76;KELLY_LITE;true;0.04;213113.13;0.0417;KELLY_LITE(mult=1.00 taper=1.00 n=10)+HARD_RISK_CAP(2.0%)+MAXLOSS_CAP;213113.13;213122.73;33;0
2026.08.17 04:11:35;XAUUSD;5;1786933389;SL_MODIFIED;ticket=119602527 oldSL=4389.65 newSL=4389.53 reason=break_even_lock_leg_0;MANAGE_PROFIT;SAFE;1;1;1;-1;-1;4391.41;9.80;9.80;9.60;-2.76;KELLY_LITE;true;0.04;213113.13;0.0417;KELLY_LITE(mult=1.00 taper=1.00 n=10)+HARD_RISK_CAP(2.0%)+MAXLOSS_CAP;213113.13;213122.93;33;0
2026.08.17 04:11:35;XAUUSD;5;1786933389;PROFIT_RATCHET_LOCKED;floor=4.08 peak=9.60;MANAGE_PROFIT;SAFE;1;1;1;-1;-1;4391.41;9.80;9.80;9.60;-2.76;KELLY_LITE;true;0.04;213113.13;0.0417;KELLY_LITE(mult=1.00 taper=1.00 n=10)+HARD_RISK_CAP(2.0%)+MAXLOSS_CAP;213113.13;213122.93;33;0
2026.08.17 04:11:35;XAUUSD;5;1786933389;SL_MODIFIED;ticket=119602527 oldSL=4389.53 newSL=4389.52 reason=break_even_lock_leg_0 (retry buf=3pt);MANAGE_PROFIT;SAFE;1;1;1;-1;-1;4391.41;9.68;9.68;9.80;-2.76;KELLY_LITE;true;0.04;213113.13;0.0417;KELLY_LITE(mult=1.00 taper=1.00 n=10)+HARD_RISK_CAP(2.0%)+MAXLOSS_CAP;213113.13;213122.81;33;0
2026.08.17 04:11:35;XAUUSD;5;1786933389;PROFIT_RATCHET_LOCKED;floor=4.17 peak=9.80;MANAGE_PROFIT;SAFE;1;1;1;-1;-1;4391.41;9.68;9.68;9.80;-2.76;KELLY_LITE;true;0.04;213113.13;0.0417;KELLY_LITE(mult=1.00 taper=1.00 n=10)+HARD_RISK_CAP(2.0%)+MAXLOSS_CAP;213113.13;213122.81;33;0
2026.08.17 04:11:35;XAUUSD;5;1786933389;PROFIT_RATCHET_LOCKED;floor=4.17 peak=9.80;MANAGE_PROFIT;SAFE;1;1;1;-1;-1;4391.41;9.68;9.68;9.80;-2.76;KELLY_LITE;true;0.04;213113.13;0.0417;KELLY_LITE(mult=1.00 taper=1.00 n=10)+HARD_RISK_CAP(2.0%)+MAXLOSS_CAP;213113.13;213122.81;33;0
2026.08.17 04:11:36;XAUUSD;5;1786933389;PROFIT_RATCHET_LOCKED;floor=4.17 peak=9.80;MANAGE_PROFIT;SAFE;1;1;1;-1;-1;4391.41;9.44;9.44;9.80;-2.76;KELLY_LITE;true;0.04;213113.13;0.0417;KELLY_LITE(mult=1.00 taper=1.00 n=10)+HARD_RISK_CAP(2.0%)+MAXLOSS_CAP;213113.13;213122.57;33;0
2026.08.17 04:11:36;XAUUSD;5;1786933389;PROFIT_RATCHET_LOCKED;floor=4.17 peak=9.80;MANAGE_PROFIT;SAFE;1;1;1;-1;-1;4391.41;9.32;9.32;9.80;-2.76;KELLY_LITE;true;0.04;213113.13;0.0417;KELLY_LITE(mult=1.00 taper=1.00 n=10)+HARD_RISK_CAP(2.0%)+MAXLOSS_CAP;213113.13;213122.45;33;0
2026.08.17 04:11:36;XAUUSD;5;1786933389;PROFIT_RATCHET_LOCKED;floor=4.17 peak=9.80;MANAGE_PROFIT;SAFE;1;1;1;-1;-1;4391.41;9.28;9.28;9.80;-2.76;KELLY_LITE;true;0.04;213113.13;0.0417;KELLY_LITE(mult=1.00 taper=1.00 n=10)+HARD_RISK_CAP(2.0%)+MAXLOSS_CAP;213113.13;213122.41;33;0
2026.08.17 04:11:37;XAUUSD;5;1786933389;SL_MODIFIED;ticket=119602527 oldSL=4389.52 newSL=4389.46 reason=break_even_lock_leg_0;MANAGE_PROFIT;SAFE;1;1;1;-1;-1;4391.41;9.88;9.88;9.88;-2.76;KELLY_LITE;true;0.04;213113.13;0.0417;KELLY_LITE(mult=1.00 taper=1.00 n=10)+HARD_RISK_CAP(2.0%)+MAXLOSS_CAP;213113.13;213123.01;33;0
2026.08.17 04:11:37;XAUUSD;5;1786933389;PROFIT_RATCHET_LOCKED;floor=4.20 peak=9.88;MANAGE_PROFIT;SAFE;1;1;1;-1;-1;4391.41;9.88;9.88;9.88;-2.76;KELLY_LITE;true;0.04;213113.13;0.0417;KELLY_LITE(mult=1.00 taper=1.00 n=10)+HARD_RISK_CAP(2.0%)+MAXLOSS_CAP;213113.13;213123.01;33;0
2026.08.17 04:11:37;XAUUSD;5;1786933389;PROFIT_RATCHET_LOCKED;floor=4.20 peak=9.88;MANAGE_PROFIT;SAFE;1;1;1;-1;-1;4391.41;9.72;9.72;9.88;-2.76;KELLY_LITE;true;0.04;213113.13;0.0417;KELLY_LITE(mult=1.00 taper=1.00 n=10)+HARD_RISK_CAP(2.0%)+MAXLOSS_CAP;213113.13;213122.85;33;0
2026.08.17 04:11:37;XAUUSD;5;1786933389;PROFIT_RATCHET_LOCKED;floor=4.20 peak=9.88;MANAGE_PROFIT;SAFE;1;1;1;-1;-1;4391.41;9.80;9.80;9.88;-2.76;KELLY_LITE;true;0.04;213113.13;0.0417;KELLY_LITE(mult=1.00 taper=1.00 n=10)+HARD_RISK_CAP(2.0%)+MAXLOSS_CAP;213113.13;213122.93;33;0
2026.08.17 04:11:39;XAUUSD;5;1786933389;PROFIT_RATCHET_LOCKED;floor=4.20 peak=9.88;MANAGE_PROFIT;SAFE;1;1;1;-1;-1;4391.41;9.28;9.28;9.88;-2.76;KELLY_LITE;true;0.04;213113.13;0.0417;KELLY_LITE(mult=1.00 taper=1.00 n=10)+HARD_RISK_CAP(2.0%)+MAXLOSS_CAP;213113.13;213122.41;33;0
2026.08.17 04:11:39;XAUUSD;5;1786933389;PROFIT_RATCHET_LOCKED;floor=4.20 peak=9.88;MANAGE_PROFIT;SAFE;1;1;1;-1;-1;4391.41;9.32;9.32;9.88;-2.76;KELLY_LITE;true;0.04;213113.13;0.0417;KELLY_LITE(mult=1.00 taper=1.00 n=10)+HARD_RISK_CAP(2.0%)+MAXLOSS_CAP;213113.13;213122.45;33;0
2026.08.17 04:11:39;XAUUSD;5;1786933389;PROFIT_RATCHET_LOCKED;floor=4.20 peak=9.88;MANAGE_PROFIT;SAFE;1;1;1;-1;-1;4391.41;8.48;8.48;9.88;-2.76;KELLY_LITE;true;0.04;213113.13;0.0417;KELLY_LITE(mult=1.00 taper=1.00 n=10)+HARD_RISK_CAP(2.0%)+MAXLOSS_CAP;213113.13;213121.61;37;0
2026.08.17 04:11:39;XAUUSD;5;1786933389;EXIT_TIERED_TRAIL;profit=8.20 peak=9.88 allowedRetrace=1.48;MANAGE_PROFIT;SAFE;1;1;1;-1;-1;4391.41;8.20;8.20;9.88;-2.76;KELLY_LITE;true;0.04;213113.13;0.0417;KELLY_LITE(mult=1.00 taper=1.00 n=10)+HARD_RISK_CAP(2.0%)+MAXLOSS_CAP;213113.13;213121.33;33;0
2026.08.17 04:11:40;XAUUSD;5;1786933389;POSITION_CLOSED;ticket=119602527 reason=tiered_profit_trail lots=0.04 price=4389.36 pnl=8.20;MANAGE_PROFIT;SAFE;0;1;1;-1;-1;4391.41;0.00;0.00;9.88;-2.76;KELLY_LITE;true;0.04;213113.13;0.0417;KELLY_LITE(mult=1.00 taper=1.00 n=10)+HARD_RISK_CAP(2.0%)+MAXLOSS_CAP;213121.37;213121.37;33;0
2026.08.17 04:11:40;XAUUSD;5;1786933389;PENDING_DELETED;ticket=119602578 reason=close_all_hedge;MANAGE_PROFIT;SAFE;0;0;0;-1;-1;4391.41;0.00;0.00;9.88;-2.76;KELLY_LITE;true;0.04;213113.13;0.0417;KELLY_LITE(mult=1.00 taper=1.00 n=10)+HARD_RISK_CAP(2.0%)+MAXLOSS_CAP;213121.37;213121.37;33;0
2026.08.17 04:11:40;XAUUSD;5;1786933389;CYCLE_RESET;oldState=RESET realizedPnL=8.24 peak=9.88 worst=-2.76 pyramid=0 consLosses=0;RESET;SAFE;0;0;0;-1;-1;4391.41;0.00;0.00;9.88;-2.76;KELLY_LITE;true;0.04;213113.13;0.0417;KELLY_LITE(mult=1.00 taper=1.00 n=10)+HARD_RISK_CAP(2.0%)+MAXLOSS_CAP;213121.37;213121.37;33;0
2026.08.17 04:16:40;XAUUSD;5;1786933390;PLACE_PENDING_START;cycle=1786933390 trend=0 consecLosses=0 preset=AGGRESSIVE;PLACE_PENDING;SAFE;0;0;0;-1;-1;0.00;0.00;0.00;0.00;0.00;KELLY_LITE;true;0.04;213113.13;0.0417;KELLY_LITE(mult=1.00 taper=1.00 n=10)+HARD_RISK_CAP(2.0%)+MAXLOSS_CAP;213121.37;213121.37;33;0
2026.08.17 04:16:41;XAUUSD;5;1786933390;OCO_PLACED;buy=119603679 4390.42 lot=0.04 sell=119603680 4387.09 lot=0.04 dist=1.50;WAIT_TRIGGER;SAFE;0;2;0;119603679;119603680;0.00;0.00;0.00;0.00;0.00;KELLY_LITE;true;0.04;213121.37;0.0417;KELLY_LITE(mult=1.05 taper=1.00 n=11)+HARD_RISK_CAP(2.0%)+MAXLOSS_CAP;213121.37;213121.37;33;0
2026.08.17 04:16:42;XAUUSD;5;1786933390;SELL_STOP_TRAILED;Old=4387.09 New=4387.45;WAIT_TRIGGER;SAFE;0;2;0;119603679;119603680;0.00;0.00;0.00;0.00;0.00;KELLY_LITE;true;0.04;213121.37;0.0417;KELLY_LITE(mult=1.05 taper=1.00 n=11)+HARD_RISK_CAP(2.0%)+MAXLOSS_CAP;213121.37;213121.37;33;0
2026.08.17 04:16:48;XAUUSD;5;1786933390;SELL_STOP_TRAILED;Old=4387.45 New=4387.77;WAIT_TRIGGER;SAFE;0;2;0;119603679;119603680;0.00;0.00;0.00;0.00;0.00;KELLY_LITE;true;0.04;213121.37;0.0417;KELLY_LITE(mult=1.05 taper=1.00 n=11)+HARD_RISK_CAP(2.0%)+MAXLOSS_CAP;213121.37;213121.37;33;0
2026.08.17 04:16:58;XAUUSD;5;1786933390;SELL_STOP_TRAILED;Old=4387.77 New=4388.08;WAIT_TRIGGER;SAFE;0;2;0;119603679;119603680;0.00;0.00;0.00;0.00;0.00;KELLY_LITE;true;0.04;213121.37;0.0417;KELLY_LITE(mult=1.05 taper=1.00 n=11)+HARD_RISK_CAP(2.0%)+MAXLOSS_CAP;213121.37;213121.37;33;0
2026.08.17 04:16:59;XAUUSD;5;1786933390;SELL_STOP_TRAILED;Old=4388.08 New=4388.39;WAIT_TRIGGER;SAFE;0;2;0;119603679;119603680;0.00;0.00;0.00;0.00;0.00;KELLY_LITE;true;0.04;213121.37;0.0417;KELLY_LITE(mult=1.05 taper=1.00 n=11)+HARD_RISK_CAP(2.0%)+MAXLOSS_CAP;213121.37;213121.37;33;0
2026.08.17 04:17:01;XAUUSD;5;1786933390;OCO_TRIGGERED_BUY;ticket=119603679 entry=4390.42;POSITION_ACTIVE;SAFE;1;1;0;-1;119603680;0.00;-1.20;-1.20;0.00;0.00;KELLY_LITE;true;0.04;213121.37;0.0417;KELLY_LITE(mult=1.05 taper=1.00 n=11)+HARD_RISK_CAP(2.0%)+MAXLOSS_CAP;213121.37;213120.17;33;0
2026.08.17 04:17:01;XAUUSD;5;1786933390;PENDING_DELETED;ticket=119603680 reason=oco_buy_triggered;POSITION_ACTIVE;SAFE;1;0;0;-1;119603680;0.00;-1.24;-1.24;0.00;0.00;KELLY_LITE;true;0.04;213121.37;0.0417;KELLY_LITE(mult=1.05 taper=1.00 n=11)+HARD_RISK_CAP(2.0%)+MAXLOSS_CAP;213121.37;213120.13;33;0
2026.08.17 04:17:02;XAUUSD;5;1786933390;HEDGE_PENDING_PLACED;dir=SELL_STOP ticket=119603719 price=4387.11 sl=4390.11 lot=0.05 mainEntry=4390.42 dist=3.00 confirmBars=1;POSITION_ACTIVE;SAFE;1;1;1;-1;-1;4390.42;-0.68;-0.68;0.00;-1.24;KELLY_LITE;true;0.04;213121.37;0.0417;KELLY_LITE(mult=1.05 taper=1.00 n=11)+HARD_RISK_CAP(2.0%)+MAXLOSS_CAP;213121.37;213120.69;33;0
2026.08.17 04:17:02;XAUUSD;5;1786933390;SL_MODIFIED;ticket=119603679 oldSL=4375.42 newSL=4388.42 reason=early_loss_hard_sl_leg_0;MANAGE_PROFIT;SAFE;1;1;1;-1;-1;4390.42;-0.80;-0.80;0.00;-1.24;KELLY_LITE;true;0.04;213121.37;0.0417;KELLY_LITE(mult=1.05 taper=1.00 n=11)+HARD_RISK_CAP(2.0%)+MAXLOSS_CAP;213121.37;213120.57;33;0
2026.08.17 04:29:42;XAUUSD;5;1786933390;SL_MODIFIED;ticket=119603679 oldSL=4388.42 newSL=4391.94 reason=break_even_lock_leg_0;MANAGE_PROFIT;SAFE;1;1;1;-1;-1;4390.42;8.76;8.76;8.16;-7.64;KELLY_LITE;true;0.04;213121.37;0.0417;KELLY_LITE(mult=1.05 taper=1.00 n=11)+HARD_RISK_CAP(2.0%)+MAXLOSS_CAP;213121.37;213130.13;33;0
2026.08.17 04:29:42;XAUUSD;5;1786933390;PROFIT_RATCHET_LOCKED;floor=3.47 peak=8.16;MANAGE_PROFIT;SAFE;1;1;1;-1;-1;4390.42;8.76;8.76;8.16;-7.64;KELLY_LITE;true;0.04;213121.37;0.0417;KELLY_LITE(mult=1.05 taper=1.00 n=11)+HARD_RISK_CAP(2.0%)+MAXLOSS_CAP;213121.37;213130.13;33;0
2026.08.17 04:29:43;XAUUSD;5;1786933390;SL_MODIFIED;ticket=119603679 oldSL=4391.94 newSL=4392.05 reason=break_even_lock_leg_0 (retry buf=3pt);MANAGE_PROFIT;SAFE;1;1;1;-1;-1;4390.42;8.80;8.80;8.76;-7.64;KELLY_LITE;true;0.04;213121.37;0.0417;KELLY_LITE(mult=1.05 taper=1.00 n=11)+HARD_RISK_CAP(2.0%)+MAXLOSS_CAP;213121.37;213130.17;32;0
2026.08.17 04:29:43;XAUUSD;5;1786933390;PROFIT_RATCHET_LOCKED;floor=3.72 peak=8.76;MANAGE_PROFIT;SAFE;1;1;1;-1;-1;4390.42;8.80;8.80;8.76;-7.64;KELLY_LITE;true;0.04;213121.37;0.0417;KELLY_LITE(mult=1.05 taper=1.00 n=11)+HARD_RISK_CAP(2.0%)+MAXLOSS_CAP;213121.37;213130.17;32;0
2026.08.17 04:29:43;XAUUSD;5;1786933390;SL_MODIFIED;ticket=119603679 oldSL=4392.05 newSL=4392.10 reason=break_even_lock_leg_0;MANAGE_PROFIT;SAFE;1;1;1;-1;-1;4390.42;8.72;8.72;8.80;-7.64;KELLY_LITE;true;0.04;213121.37;0.0417;KELLY_LITE(mult=1.05 taper=1.00 n=11)+HARD_RISK_CAP(2.0%)+MAXLOSS_CAP;213121.37;213130.09;33;0
2026.08.17 04:29:43;XAUUSD;5;1786933390;PROFIT_RATCHET_LOCKED;floor=3.74 peak=8.80;MANAGE_PROFIT;SAFE;1;1;1;-1;-1;4390.42;8.72;8.72;8.80;-7.64;KELLY_LITE;true;0.04;213121.37;0.0417;KELLY_LITE(mult=1.05 taper=1.00 n=11)+HARD_RISK_CAP(2.0%)+MAXLOSS_CAP;213121.37;213130.09;33;0
2026.08.17 04:29:43;XAUUSD;5;1786933390;PROFIT_RATCHET_LOCKED;floor=3.74 peak=8.80;MANAGE_PROFIT;SAFE;1;1;1;-1;-1;4390.42;8.72;8.72;8.80;-7.64;KELLY_LITE;true;0.04;213121.37;0.0417;KELLY_LITE(mult=1.05 taper=1.00 n=11)+HARD_RISK_CAP(2.0%)+MAXLOSS_CAP;213121.37;213130.09;33;0
2026.08.17 04:29:44;XAUUSD;5;1786933390;SL_MODIFIED;ticket=119603679 oldSL=4392.10 newSL=4392.15 reason=break_even_lock_leg_0;MANAGE_PROFIT;SAFE;1;1;1;-1;-1;4390.42;9.24;9.24;9.00;-7.64;KELLY_LITE;true;0.04;213121.37;0.0417;KELLY_LITE(mult=1.05 taper=1.00 n=11)+HARD_RISK_CAP(2.0%)+MAXLOSS_CAP;213121.37;213130.61;31;0
2026.08.17 04:29:44;XAUUSD;5;1786933390;PROFIT_RATCHET_LOCKED;floor=3.83 peak=9.00;MANAGE_PROFIT;SAFE;1;1;1;-1;-1;4390.42;9.24;9.24;9.00;-7.64;KELLY_LITE;true;0.04;213121.37;0.0417;KELLY_LITE(mult=1.05 taper=1.00 n=11)+HARD_RISK_CAP(2.0%)+MAXLOSS_CAP;213121.37;213130.61;31;0
2026.08.17 04:29:44;XAUUSD;5;1786933390;SL_MODIFY_FAILED;ticket=119603679 newSL=4392.21 reason=break_even_lock_leg_0 err=0;MANAGE_PROFIT;SAFE;1;1;1;-1;-1;4390.42;8.72;8.72;9.24;-7.64;KELLY_LITE;true;0.04;213121.37;0.0417;KELLY_LITE(mult=1.05 taper=1.00 n=11)+HARD_RISK_CAP(2.0%)+MAXLOSS_CAP;213121.37;213130.09;30;0
2026.08.17 04:29:44;XAUUSD;5;1786933390;PROFIT_RATCHET_LOCKED;floor=3.93 peak=9.24;MANAGE_PROFIT;SAFE;1;1;1;-1;-1;4390.42;8.72;8.72;9.24;-7.64;KELLY_LITE;true;0.04;213121.37;0.0417;KELLY_LITE(mult=1.05 taper=1.00 n=11)+HARD_RISK_CAP(2.0%)+MAXLOSS_CAP;213121.37;213130.09;30;0
2026.08.17 04:29:44;XAUUSD;5;1786933390;PROFIT_RATCHET_LOCKED;floor=3.93 peak=9.24;MANAGE_PROFIT;SAFE;1;1;1;-1;-1;4390.42;8.72;8.72;9.24;-7.64;KELLY_LITE;true;0.04;213121.37;0.0417;KELLY_LITE(mult=1.05 taper=1.00 n=11)+HARD_RISK_CAP(2.0%)+MAXLOSS_CAP;213121.37;213130.09;30;0
2026.08.17 04:29:44;XAUUSD;5;1786933390;PROFIT_RATCHET_LOCKED;floor=3.93 peak=9.24;MANAGE_PROFIT;SAFE;1;1;1;-1;-1;4390.42;8.76;8.76;9.24;-7.64;KELLY_LITE;true;0.04;213121.37;0.0417;KELLY_LITE(mult=1.05 taper=1.00 n=11)+HARD_RISK_CAP(2.0%)+MAXLOSS_CAP;213121.37;213130.13;30;0
2026.08.17 04:29:44;XAUUSD;5;1786933390;PROFIT_RATCHET_LOCKED;floor=3.93 peak=9.24;MANAGE_PROFIT;SAFE;1;1;1;-1;-1;4390.42;8.88;8.88;9.24;-7.64;KELLY_LITE;true;0.04;213121.37;0.0417;KELLY_LITE(mult=1.05 taper=1.00 n=11)+HARD_RISK_CAP(2.0%)+MAXLOSS_CAP;213121.37;213130.25;30;0
2026.08.17 04:29:45;XAUUSD;5;1786933390;SL_MODIFIED;ticket=119603679 oldSL=4392.15 newSL=4392.35 reason=break_even_lock_leg_0 (retry buf=3pt);MANAGE_PROFIT;SAFE;1;1;1;-1;-1;4390.42;9.72;9.72;10.12;-7.64;KELLY_LITE;true;0.04;213121.37;0.0417;KELLY_LITE(mult=1.05 taper=1.00 n=11)+HARD_RISK_CAP(2.0%)+MAXLOSS_CAP;213121.37;213131.09;30;0
2026.08.17 04:29:45;XAUUSD;5;1786933390;PROFIT_RATCHET_LOCKED;floor=4.30 peak=10.12;MANAGE_PROFIT;SAFE;1;1;1;-1;-1;4390.42;9.72;9.72;10.12;-7.64;KELLY_LITE;true;0.04;213121.37;0.0417;KELLY_LITE(mult=1.05 taper=1.00 n=11)+HARD_RISK_CAP(2.0%)+MAXLOSS_CAP;213121.37;213131.09;30;0
2026.08.17 04:29:45;XAUUSD;5;1786933390;PROFIT_RATCHET_LOCKED;floor=4.30 peak=10.12;MANAGE_PROFIT;SAFE;1;1;1;-1;-1;4390.42;9.72;9.72;10.12;-7.64;KELLY_LITE;true;0.04;213121.37;0.0417;KELLY_LITE(mult=1.05 taper=1.00 n=11)+HARD_RISK_CAP(2.0%)+MAXLOSS_CAP;213121.37;213131.09;30;0
2026.08.17 04:29:46;XAUUSD;5;1786933390;SL_MODIFIED;ticket=119603679 oldSL=4392.35 newSL=4392.42 reason=break_even_lock_leg_0;MANAGE_PROFIT;SAFE;1;1;1;-1;-1;4390.42;10.84;10.84;10.12;-7.64;KELLY_LITE;true;0.04;213121.37;0.0417;KELLY_LITE(mult=1.05 taper=1.00 n=11)+HARD_RISK_CAP(2.0%)+MAXLOSS_CAP;213121.37;213132.21;30;0
2026.08.17 04:29:46;XAUUSD;5;1786933390;PROFIT_RATCHET_LOCKED;floor=4.30 peak=10.12;MANAGE_PROFIT;SAFE;1;1;1;-1;-1;4390.42;10.84;10.84;10.12;-7.64;KELLY_LITE;true;0.04;213121.37;0.0417;KELLY_LITE(mult=1.05 taper=1.00 n=11)+HARD_RISK_CAP(2.0%)+MAXLOSS_CAP;213121.37;213132.21;30;0
2026.08.17 04:29:46;XAUUSD;5;1786933390;SL_MODIFIED;ticket=119603679 oldSL=4392.42 newSL=4392.61 reason=break_even_lock_leg_0;MANAGE_PROFIT;SAFE;1;1;1;-1;-1;4390.42;11.08;11.08;10.84;-7.64;KELLY_LITE;true;0.04;213121.37;0.0417;KELLY_LITE(mult=1.05 taper=1.00 n=11)+HARD_RISK_CAP(2.0%)+MAXLOSS_CAP;213121.37;213132.45;30;0
2026.08.17 04:29:46;XAUUSD;5;1786933390;PROFIT_RATCHET_LOCKED;floor=4.61 peak=10.84;MANAGE_PROFIT;SAFE;1;1;1;-1;-1;4390.42;11.08;11.08;10.84;-7.64;KELLY_LITE;true;0.04;213121.37;0.0417;KELLY_LITE(mult=1.05 taper=1.00 n=11)+HARD_RISK_CAP(2.0%)+MAXLOSS_CAP;213121.37;213132.45;30;0
2026.08.17 04:29:47;XAUUSD;5;1786933390;SL_MODIFIED;ticket=119603679 oldSL=4392.61 newSL=4392.67 reason=break_even_lock_leg_0;MANAGE_PROFIT;SAFE;1;1;1;-1;-1;4390.42;11.76;11.76;11.08;-7.64;KELLY_LITE;true;0.04;213121.37;0.0417;KELLY_LITE(mult=1.05 taper=1.00 n=11)+HARD_RISK_CAP(2.0%)+MAXLOSS_CAP;213121.37;213133.13;30;0
2026.08.17 04:29:47;XAUUSD;5;1786933390;PROFIT_RATCHET_LOCKED;floor=4.71 peak=11.08;MANAGE_PROFIT;SAFE;1;1;1;-1;-1;4390.42;11.76;11.76;11.08;-7.64;KELLY_LITE;true;0.04;213121.37;0.0417;KELLY_LITE(mult=1.05 taper=1.00 n=11)+HARD_RISK_CAP(2.0%)+MAXLOSS_CAP;213121.37;213133.13;30;0
2026.08.17 04:29:47;XAUUSD;5;1786933390;PROFIT_RATCHET_LOCKED;floor=5.00 peak=11.76;MANAGE_PROFIT;SAFE;1;1;1;-1;-1;4390.42;11.08;11.08;11.76;-7.64;KELLY_LITE;true;0.04;213121.37;0.0417;KELLY_LITE(mult=1.05 taper=1.00 n=11)+HARD_RISK_CAP(2.0%)+MAXLOSS_CAP;213121.37;213132.45;32;0
2026.08.17 04:29:47;XAUUSD;5;1786933390;PROFIT_RATCHET_LOCKED;floor=5.00 peak=11.76;MANAGE_PROFIT;SAFE;1;1;1;-1;-1;4390.42;11.08;11.08;11.76;-7.64;KELLY_LITE;true;0.04;213121.37;0.0417;KELLY_LITE(mult=1.05 taper=1.00 n=11)+HARD_RISK_CAP(2.0%)+MAXLOSS_CAP;213121.37;213132.45;32;0
2026.08.17 04:29:48;XAUUSD;5;1786933390;PROFIT_RATCHET_LOCKED;floor=5.00 peak=11.76;MANAGE_PROFIT;SAFE;1;1;1;-1;-1;4390.42;11.08;11.08;11.76;-7.64;KELLY_LITE;true;0.04;213121.37;0.0417;KELLY_LITE(mult=1.05 taper=1.00 n=11)+HARD_RISK_CAP(2.0%)+MAXLOSS_CAP;213121.37;213132.45;31;0
2026.08.17 04:29:48;XAUUSD;5;1786933390;SL_MODIFIED;ticket=119603679 oldSL=4392.67 newSL=4392.76 reason=break_even_lock_leg_0;MANAGE_PROFIT;SAFE;1;1;1;-1;-1;4390.42;11.48;11.48;11.76;-7.64;KELLY_LITE;true;0.04;213121.37;0.0417;KELLY_LITE(mult=1.05 taper=1.00 n=11)+HARD_RISK_CAP(2.0%)+MAXLOSS_CAP;213121.37;213132.85;30;0
2026.08.17 04:29:48;XAUUSD;5;1786933390;PROFIT_RATCHET_LOCKED;floor=5.00 peak=11.76;MANAGE_PROFIT;SAFE;1;1;1;-1;-1;4390.42;11.48;11.48;11.76;-7.64;KELLY_LITE;true;0.04;213121.37;0.0417;KELLY_LITE(mult=1.05 taper=1.00 n=11)+HARD_RISK_CAP(2.0%)+MAXLOSS_CAP;213121.37;213132.85;30;0
2026.08.17 04:29:48;XAUUSD;5;1786933390;PROFIT_RATCHET_LOCKED;floor=5.00 peak=11.76;MANAGE_PROFIT;SAFE;1;1;1;-1;-1;4390.42;11.48;11.48;11.76;-7.64;KELLY_LITE;true;0.04;213121.37;0.0417;KELLY_LITE(mult=1.05 taper=1.00 n=11)+HARD_RISK_CAP(2.0%)+MAXLOSS_CAP;213121.37;213132.85;30;0
2026.08.17 04:29:49;XAUUSD;5;1786933390;SL_MODIFIED;ticket=119603679 oldSL=4392.76 newSL=4392.81 reason=break_even_lock_leg_0;MANAGE_PROFIT;SAFE;1;1;1;-1;-1;4390.42;11.76;11.76;11.76;-7.64;KELLY_LITE;true;0.04;213121.37;0.0417;KELLY_LITE(mult=1.05 taper=1.00 n=11)+HARD_RISK_CAP(2.0%)+MAXLOSS_CAP;213121.37;213133.13;30;0
2026.08.17 04:29:49;XAUUSD;5;1786933390;PROFIT_RATCHET_LOCKED;floor=5.00 peak=11.76;MANAGE_PROFIT;SAFE;1;1;1;-1;-1;4390.42;11.76;11.76;11.76;-7.64;KELLY_LITE;true;0.04;213121.37;0.0417;KELLY_LITE(mult=1.05 taper=1.00 n=11)+HARD_RISK_CAP(2.0%)+MAXLOSS_CAP;213121.37;213133.13;30;0
2026.08.17 04:29:50;XAUUSD;5;1786933390;SL_MODIFIED;ticket=119603679 oldSL=4392.81 newSL=4392.84 reason=break_even_lock_leg_0;MANAGE_PROFIT;SAFE;1;1;1;-1;-1;4390.42;11.40;11.40;11.76;-7.64;KELLY_LITE;true;0.04;213121.37;0.0417;KELLY_LITE(mult=1.05 taper=1.00 n=11)+HARD_RISK_CAP(2.0%)+MAXLOSS_CAP;213121.37;213132.77;31;0
2026.08.17 04:29:50;XAUUSD;5;1786933390;PROFIT_RATCHET_LOCKED;floor=5.00 peak=11.76;MANAGE_PROFIT;SAFE;1;1;1;-1;-1;4390.42;11.40;11.40;11.76;-7.64;KELLY_LITE;true;0.04;213121.37;0.0417;KELLY_LITE(mult=1.05 taper=1.00 n=11)+HARD_RISK_CAP(2.0%)+MAXLOSS_CAP;213121.37;213132.77;31;0
2026.08.17 04:29:50;XAUUSD;5;1786933390;PROFIT_RATCHET_LOCKED;floor=5.00 peak=11.76;MANAGE_PROFIT;SAFE;1;1;1;-1;-1;4390.42;11.40;11.40;11.76;-7.64;KELLY_LITE;true;0.04;213121.37;0.0417;KELLY_LITE(mult=1.05 taper=1.00 n=11)+HARD_RISK_CAP(2.0%)+MAXLOSS_CAP;213121.37;213132.77;31;0
2026.08.17 04:29:50;XAUUSD;5;1786933390;PROFIT_RATCHET_LOCKED;floor=5.00 peak=11.76;MANAGE_PROFIT;SAFE;1;1;1;-1;-1;4390.42;11.40;11.40;11.76;-7.64;KELLY_LITE;true;0.04;213121.37;0.0417;KELLY_LITE(mult=1.05 taper=1.00 n=11)+HARD_RISK_CAP(2.0%)+MAXLOSS_CAP;213121.37;213132.77;30;0
2026.08.17 04:29:50;XAUUSD;5;1786933390;PROFIT_RATCHET_LOCKED;floor=5.00 peak=11.76;MANAGE_PROFIT;SAFE;1;1;1;-1;-1;4390.42;11.08;11.08;11.76;-7.64;KELLY_LITE;true;0.04;213121.37;0.0417;KELLY_LITE(mult=1.05 taper=1.00 n=11)+HARD_RISK_CAP(2.0%)+MAXLOSS_CAP;213121.37;213132.45;31;0
2026.08.17 04:29:51;XAUUSD;5;1786933390;PROFIT_RATCHET_LOCKED;floor=5.00 peak=11.76;MANAGE_PROFIT;SAFE;1;1;1;-1;-1;4390.42;11.24;11.24;11.76;-7.64;KELLY_LITE;true;0.04;213121.37;0.0417;KELLY_LITE(mult=1.05 taper=1.00 n=11)+HARD_RISK_CAP(2.0%)+MAXLOSS_CAP;213121.37;213132.61;33;0
2026.08.17 04:29:51;XAUUSD;5;1786933390;PROFIT_RATCHET_LOCKED;floor=5.00 peak=11.76;MANAGE_PROFIT;SAFE;1;1;1;-1;-1;4390.42;11.52;11.52;11.76;-7.64;KELLY_LITE;true;0.04;213121.37;0.0417;KELLY_LITE(mult=1.05 taper=1.00 n=11)+HARD_RISK_CAP(2.0%)+MAXLOSS_CAP;213121.37;213132.89;30;0
2026.08.17 04:29:51;XAUUSD;5;1786933390;PROFIT_RATCHET_LOCKED;floor=5.00 peak=11.76;MANAGE_PROFIT;SAFE;1;1;1;-1;-1;4390.42;11.68;11.68;11.76;-7.64;KELLY_LITE;true;0.04;213121.37;0.0417;KELLY_LITE(mult=1.05 taper=1.00 n=11)+HARD_RISK_CAP(2.0%)+MAXLOSS_CAP;213121.37;213133.05;30;0
2026.08.17 04:29:51;XAUUSD;5;1786933390;PROFIT_RATCHET_LOCKED;floor=5.00 peak=11.76;MANAGE_PROFIT;SAFE;1;1;1;-1;-1;4390.42;11.48;11.48;11.76;-7.64;KELLY_LITE;true;0.04;213121.37;0.0417;KELLY_LITE(mult=1.05 taper=1.00 n=11)+HARD_RISK_CAP(2.0%)+MAXLOSS_CAP;213121.37;213132.85;30;0
2026.08.17 04:29:51;XAUUSD;5;1786933390;PROFIT_RATCHET_LOCKED;floor=5.00 peak=11.76;MANAGE_PROFIT;SAFE;1;1;1;-1;-1;4390.42;11.40;11.40;11.76;-7.64;KELLY_LITE;true;0.04;213121.37;0.0417;KELLY_LITE(mult=1.05 taper=1.00 n=11)+HARD_RISK_CAP(2.0%)+MAXLOSS_CAP;213121.37;213132.77;30;0
2026.08.17 04:29:52;XAUUSD;5;1786933390;PROFIT_RATCHET_LOCKED;floor=5.00 peak=11.76;MANAGE_PROFIT;SAFE;1;1;1;-1;-1;4390.42;10.88;10.88;11.76;-7.64;KELLY_LITE;true;0.04;213121.37;0.0417;KELLY_LITE(mult=1.05 taper=1.00 n=11)+HARD_RISK_CAP(2.0%)+MAXLOSS_CAP;213121.37;213132.25;33;0
2026.08.17 04:29:52;XAUUSD;5;1786933390;PROFIT_RATCHET_LOCKED;floor=5.00 peak=11.76;MANAGE_PROFIT;SAFE;1;1;1;-1;-1;4390.42;11.00;11.00;11.76;-7.64;KELLY_LITE;true;0.04;213121.37;0.0417;KELLY_LITE(mult=1.05 taper=1.00 n=11)+HARD_RISK_CAP(2.0%)+MAXLOSS_CAP;213121.37;213132.37;32;0
2026.08.17 04:29:53;XAUUSD;5;1786933390;PROFIT_RATCHET_LOCKED;floor=5.00 peak=11.76;MANAGE_PROFIT;SAFE;1;1;1;-1;-1;4390.42;11.24;11.24;11.76;-7.64;KELLY_LITE;true;0.04;213121.37;0.0417;KELLY_LITE(mult=1.05 taper=1.00 n=11)+HARD_RISK_CAP(2.0%)+MAXLOSS_CAP;213121.37;213132.61;31;0
2026.08.17 04:29:53;XAUUSD;5;1786933390;PROFIT_RATCHET_LOCKED;floor=5.00 peak=11.76;MANAGE_PROFIT;SAFE;1;1;1;-1;-1;4390.42;11.20;11.20;11.76;-7.64;KELLY_LITE;true;0.04;213121.37;0.0417;KELLY_LITE(mult=1.05 taper=1.00 n=11)+HARD_RISK_CAP(2.0%)+MAXLOSS_CAP;213121.37;213132.57;30;0
2026.08.17 04:29:53;XAUUSD;5;1786933390;PROFIT_RATCHET_LOCKED;floor=5.00 peak=11.76;MANAGE_PROFIT;SAFE;1;1;1;-1;-1;4390.42;11.08;11.08;11.76;-7.64;KELLY_LITE;true;0.04;213121.37;0.0417;KELLY_LITE(mult=1.05 taper=1.00 n=11)+HARD_RISK_CAP(2.0%)+MAXLOSS_CAP;213121.37;213132.45;31;0
2026.08.17 04:29:53;XAUUSD;5;1786933390;PROFIT_RATCHET_LOCKED;floor=5.00 peak=11.76;MANAGE_PROFIT;SAFE;1;1;1;-1;-1;4390.42;10.92;10.92;11.76;-7.64;KELLY_LITE;true;0.04;213121.37;0.0417;KELLY_LITE(mult=1.05 taper=1.00 n=11)+HARD_RISK_CAP(2.0%)+MAXLOSS_CAP;213121.37;213132.29;33;0
2026.08.17 04:29:54;XAUUSD;5;1786933390;PROFIT_RATCHET_LOCKED;floor=5.00 peak=11.76;MANAGE_PROFIT;SAFE;1;1;1;-1;-1;4390.42;10.96;10.96;11.76;-7.64;KELLY_LITE;true;0.04;213121.37;0.0417;KELLY_LITE(mult=1.05 taper=1.00 n=11)+HARD_RISK_CAP(2.0%)+MAXLOSS_CAP;213121.37;213132.33;33;0
2026.08.17 04:29:54;XAUUSD;5;1786933390;PROFIT_RATCHET_LOCKED;floor=5.00 peak=11.76;MANAGE_PROFIT;SAFE;1;1;1;-1;-1;4390.42;10.92;10.92;11.76;-7.64;KELLY_LITE;true;0.04;213121.37;0.0417;KELLY_LITE(mult=1.05 taper=1.00 n=11)+HARD_RISK_CAP(2.0%)+MAXLOSS_CAP;213121.37;213132.29;33;0
2026.08.17 04:29:54;XAUUSD;5;1786933390;PROFIT_RATCHET_LOCKED;floor=5.00 peak=11.76;MANAGE_PROFIT;SAFE;1;1;1;-1;-1;4390.42;10.68;10.68;11.76;-7.64;KELLY_LITE;true;0.04;213121.37;0.0417;KELLY_LITE(mult=1.05 taper=1.00 n=11)+HARD_RISK_CAP(2.0%)+MAXLOSS_CAP;213121.37;213132.05;33;0
2026.08.17 04:29:54;XAUUSD;5;1786933390;EXIT_TIERED_TRAIL;profit=10.32 peak=11.76 allowedRetrace=1.41;MANAGE_PROFIT;SAFE;1;1;1;-1;-1;4390.42;10.32;10.32;11.76;-7.64;KELLY_LITE;true;0.04;213121.37;0.0417;KELLY_LITE(mult=1.05 taper=1.00 n=11)+HARD_RISK_CAP(2.0%)+MAXLOSS_CAP;213121.37;213131.69;30;0
2026.08.17 04:29:55;XAUUSD;5;1786933390;POSITION_CLOSED;ticket=119603679 reason=tiered_profit_trail lots=0.04 price=4393.00 pnl=10.32;MANAGE_PROFIT;SAFE;0;1;1;-1;-1;4390.42;0.00;0.00;11.76;-7.64;KELLY_LITE;true;0.04;213121.37;0.0417;KELLY_LITE(mult=1.05 taper=1.00 n=11)+HARD_RISK_CAP(2.0%)+MAXLOSS_CAP;213131.25;213131.25;33;0
2026.08.17 04:29:55;XAUUSD;5;1786933390;PENDING_DELETED;ticket=119603719 reason=close_all_hedge;MANAGE_PROFIT;SAFE;0;0;0;-1;-1;4390.42;0.00;0.00;11.76;-7.64;KELLY_LITE;true;0.04;213121.37;0.0417;KELLY_LITE(mult=1.05 taper=1.00 n=11)+HARD_RISK_CAP(2.0%)+MAXLOSS_CAP;213131.25;213131.25;33;0
2026.08.17 04:29:55;XAUUSD;5;1786933390;CYCLE_RESET;oldState=RESET realizedPnL=9.88 peak=11.76 worst=-7.64 pyramid=0 consLosses=0;RESET;SAFE;0;0;0;-1;-1;4390.42;0.00;0.00;11.76;-7.64;KELLY_LITE;true;0.04;213121.37;0.0417;KELLY_LITE(mult=1.05 taper=1.00 n=11)+HARD_RISK_CAP(2.0%)+MAXLOSS_CAP;213131.25;213131.25;33;0
2026.08.17 04:34:55;XAUUSD;5;1786933391;PLACE_PENDING_START;cycle=1786933391 trend=0 consecLosses=0 preset=AGGRESSIVE;PLACE_PENDING;SAFE;0;0;0;-1;-1;0.00;0.00;0.00;0.00;0.00;KELLY_LITE;true;0.04;213121.37;0.0417;KELLY_LITE(mult=1.05 taper=1.00 n=11)+HARD_RISK_CAP(2.0%)+MAXLOSS_CAP;213131.25;213131.25;33;0
2026.08.17 04:34:56;XAUUSD;5;1786933391;OCO_PLACED;buy=119606215 4396.72 lot=0.04 sell=119606216 4393.39 lot=0.04 dist=1.50;WAIT_TRIGGER;SAFE;0;2;0;119606215;119606216;0.00;0.00;0.00;0.00;0.00;KELLY_LITE;true;0.04;213131.25;0.0417;KELLY_LITE(mult=1.10 taper=1.00 n=12)+HARD_RISK_CAP(2.0%)+MAXLOSS_CAP;213131.25;213131.25;33;0
2026.08.17 04:35:00;XAUUSD;5;1786933391;BUY_STOP_TRAILED;Old=4396.72 New=4396.38;WAIT_TRIGGER;SAFE;0;2;0;119606215;119606216;0.00;0.00;0.00;0.00;0.00;KELLY_LITE;true;0.04;213131.25;0.0417;KELLY_LITE(mult=1.10 taper=1.00 n=12)+HARD_RISK_CAP(2.0%)+MAXLOSS_CAP;213131.25;213131.25;33;0
2026.08.17 04:35:01;XAUUSD;5;1786933391;BUY_STOP_TRAILED;Old=4396.38 New=4396.07;WAIT_TRIGGER;SAFE;0;2;0;119606215;119606216;0.00;0.00;0.00;0.00;0.00;KELLY_LITE;true;0.04;213131.25;0.0417;KELLY_LITE(mult=1.10 taper=1.00 n=12)+HARD_RISK_CAP(2.0%)+MAXLOSS_CAP;213131.25;213131.25;33;0
2026.08.17 04:35:05;XAUUSD;5;1786933391;BUY_STOP_TRAILED;Old=4396.07 New=4395.73;WAIT_TRIGGER;SAFE;0;2;0;119606215;119606216;0.00;0.00;0.00;0.00;0.00;KELLY_LITE;true;0.04;213131.25;0.0417;KELLY_LITE(mult=1.10 taper=1.00 n=12)+HARD_RISK_CAP(2.0%)+MAXLOSS_CAP;213131.25;213131.25;33;0
2026.08.17 04:35:50;XAUUSD;5;1786933391;BUY_STOP_TRAILED;Old=4395.73 New=4395.40;WAIT_TRIGGER;SAFE;1;1;0;119606215;119606216;0.00;-1.16;-1.16;0.00;0.00;KELLY_LITE;true;0.04;213131.25;0.0417;KELLY_LITE(mult=1.10 taper=1.00 n=12)+HARD_RISK_CAP(2.0%)+MAXLOSS_CAP;213131.25;213130.09;37;0
2026.08.17 04:35:50;XAUUSD;5;1786933391;OCO_TRIGGERED_SELL;ticket=119606216 entry=4393.39;POSITION_ACTIVE;SAFE;1;1;0;119606215;-1;0.00;-1.16;-1.16;0.00;0.00;KELLY_LITE;true;0.04;213131.25;0.0417;KELLY_LITE(mult=1.10 taper=1.00 n=12)+HARD_RISK_CAP(2.0%)+MAXLOSS_CAP;213131.25;213130.09;37;0
2026.08.17 04:35:50;XAUUSD;5;1786933391;PENDING_DELETED;ticket=119606215 reason=oco_sell_triggered;POSITION_ACTIVE;SAFE;1;0;0;119606215;-1;0.00;-2.64;-2.64;0.00;0.00;KELLY_LITE;true;0.04;213131.25;0.0417;KELLY_LITE(mult=1.10 taper=1.00 n=12)+HARD_RISK_CAP(2.0%)+MAXLOSS_CAP;213131.25;213128.61;33;0
2026.08.17 04:35:51;XAUUSD;5;1786933391;HEDGE_PENDING_PLACED;dir=BUY_STOP ticket=119606323 price=4397.05 sl=4394.05 lot=0.05 mainEntry=4393.39 dist=3.00 confirmBars=1;POSITION_ACTIVE;SAFE;1;1;1;-1;-1;4393.39;-3.88;-3.88;0.00;-2.64;KELLY_LITE;true;0.04;213131.25;0.0417;KELLY_LITE(mult=1.10 taper=1.00 n=12)+HARD_RISK_CAP(2.0%)+MAXLOSS_CAP;213131.25;213127.37;33;0
2026.08.17 04:35:51;XAUUSD;5;1786933391;SL_MODIFIED;ticket=119606216 oldSL=4408.39 newSL=4395.39 reason=early_loss_hard_sl_leg_0;MANAGE_PROFIT;SAFE;1;1;1;-1;-1;4393.39;-3.92;-3.92;0.00;-3.88;KELLY_LITE;true;0.04;213131.25;0.0417;KELLY_LITE(mult=1.10 taper=1.00 n=12)+HARD_RISK_CAP(2.0%)+MAXLOSS_CAP;213131.25;213127.33;33;0
2026.08.17 04:40:38;XAUUSD;5;1786933391;EXIT_EARLY_LOSS_CUT;profit=-8.16 peak=3.08 cap=8.00;MANAGE_PROFIT;SAFE;1;1;1;-1;-1;4393.39;-8.16;-8.16;3.08;-8.16;KELLY_LITE;true;0.04;213131.25;0.0417;KELLY_LITE(mult=1.10 taper=1.00 n=12)+HARD_RISK_CAP(2.0%)+MAXLOSS_CAP;213131.25;213123.09;33;0
2026.08.17 04:40:38;XAUUSD;5;1786933391;PENDING_DELETED;ticket=119606323 reason=close_all_hedge;MANAGE_PROFIT;SAFE;0;0;0;-1;-1;4393.39;0.00;0.00;3.08;-8.16;KELLY_LITE;true;0.04;213131.25;0.0417;KELLY_LITE(mult=1.10 taper=1.00 n=12)+HARD_RISK_CAP(2.0%)+MAXLOSS_CAP;213123.25;213123.25;33;0
2026.08.17 04:40:40;XAUUSD;5;1786933391;TRADELOG_RECOVER_CLOSE;ticket=119606216 type=main pnl=-8.00;RESET;SAFE;0;0;0;-1;-1;4393.39;0.00;0.00;3.08;-8.16;KELLY_LITE;true;0.04;213131.25;0.0417;KELLY_LITE(mult=1.10 taper=1.00 n=12)+HARD_RISK_CAP(2.0%)+MAXLOSS_CAP;213123.25;213123.25;33;0
2026.08.17 04:40:40;XAUUSD;5;1786933391;LOSS_COOLDOWN_AFTER_LOSS;cyclePnL=-8.00 pauseUntil=2026.08.17 04:45:40;RESET;SAFE;0;0;0;-1;-1;4393.39;0.00;0.00;3.08;-8.16;KELLY_LITE;true;0.04;213131.25;0.0417;KELLY_LITE(mult=1.10 taper=1.00 n=12)+HARD_RISK_CAP(2.0%)+MAXLOSS_CAP;213123.25;213123.25;33;0
2026.08.17 04:40:40;XAUUSD;5;1786933391;CYCLE_RESET;oldState=RESET realizedPnL=-8.00 peak=3.08 worst=-8.16 pyramid=0 consLosses=1;RESET;SAFE;0;0;0;-1;-1;4393.39;0.00;0.00;3.08;-8.16;KELLY_LITE;true;0.04;213131.25;0.0417;KELLY_LITE(mult=1.10 taper=1.00 n=12)+HARD_RISK_CAP(2.0%)+MAXLOSS_CAP;213123.25;213123.25;33;0
2026.08.17 04:45:40;XAUUSD;5;1786933392;PLACE_PENDING_START;cycle=1786933392 trend=0 consecLosses=1 preset=AGGRESSIVE;PLACE_PENDING;SAFE;0;0;0;-1;-1;0.00;0.00;0.00;0.00;0.00;KELLY_LITE;true;0.04;213131.25;0.0417;KELLY_LITE(mult=1.10 taper=1.00 n=12)+HARD_RISK_CAP(2.0%)+MAXLOSS_CAP;213123.25;213123.25;33;0
2026.08.17 04:45:41;XAUUSD;5;1786933392;OCO_PLACED;buy=119607534 4396.34 lot=0.04 sell=119607537 4393.01 lot=0.04 dist=1.50;WAIT_TRIGGER;SAFE;0;2;0;119607534;119607537;0.00;0.00;0.00;0.00;0.00;KELLY_LITE;true;0.04;213123.25;0.0417;KELLY_LITE(mult=1.05 taper=1.00 n=13)+HARD_RISK_CAP(2.0%)+MAXLOSS_CAP;213123.25;213123.25;33;0
2026.08.17 04:45:47;XAUUSD;5;1786933392;BUY_STOP_TRAILED;Old=4396.34 New=4395.86;WAIT_TRIGGER;SAFE;0;2;0;119607534;119607537;0.00;0.00;0.00;0.00;0.00;KELLY_LITE;true;0.04;213123.25;0.0417;KELLY_LITE(mult=1.05 taper=1.00 n=13)+HARD_RISK_CAP(2.0%)+MAXLOSS_CAP;213123.25;213123.25;33;0
2026.08.17 04:45:49;XAUUSD;5;1786933392;BUY_STOP_TRAILED;Old=4395.86 New=4395.55;WAIT_TRIGGER;SAFE;0;2;0;119607534;119607537;0.00;0.00;0.00;0.00;0.00;KELLY_LITE;true;0.04;213123.25;0.0417;KELLY_LITE(mult=1.05 taper=1.00 n=13)+HARD_RISK_CAP(2.0%)+MAXLOSS_CAP;213123.25;213123.25;33;0
2026.08.17 04:48:13;XAUUSD;5;1786933392;OCO_TRIGGERED_SELL;ticket=119607537 entry=4393.01;POSITION_ACTIVE;SAFE;1;1;0;119607534;-1;0.00;-1.72;-1.72;0.00;0.00;KELLY_LITE;true;0.04;213123.25;0.0417;KELLY_LITE(mult=1.05 taper=1.00 n=13)+HARD_RISK_CAP(2.0%)+MAXLOSS_CAP;213123.25;213121.53;33;0
2026.08.17 04:48:14;XAUUSD;5;1786933392;PENDING_DELETED;ticket=119607534 reason=oco_sell_triggered;POSITION_ACTIVE;SAFE;1;0;0;119607534;-1;0.00;-1.76;-1.76;0.00;0.00;KELLY_LITE;true;0.04;213123.25;0.0417;KELLY_LITE(mult=1.05 taper=1.00 n=13)+HARD_RISK_CAP(2.0%)+MAXLOSS_CAP;213123.25;213121.49;33;0
2026.08.17 04:48:14;XAUUSD;5;1786933392;HEDGE_PENDING_PLACED;dir=BUY_STOP ticket=119607881 price=4396.45 sl=4393.45 lot=0.05 mainEntry=4393.01 dist=3.00 confirmBars=1;POSITION_ACTIVE;SAFE;1;1;1;-1;-1;4393.01;-1.76;-1.76;0.00;-1.76;KELLY_LITE;true;0.04;213123.25;0.0417;KELLY_LITE(mult=1.05 taper=1.00 n=13)+HARD_RISK_CAP(2.0%)+MAXLOSS_CAP;213123.25;213121.49;33;0
2026.08.17 04:48:14;XAUUSD;5;1786933392;SL_MODIFIED;ticket=119607537 oldSL=4408.01 newSL=4395.01 reason=early_loss_hard_sl_leg_0;MANAGE_PROFIT;SAFE;1;1;1;-1;-1;4393.01;-1.76;-1.76;0.00;-1.76;KELLY_LITE;true;0.04;213123.25;0.0417;KELLY_LITE(mult=1.05 taper=1.00 n=13)+HARD_RISK_CAP(2.0%)+MAXLOSS_CAP;213123.25;213121.49;33;0
2026.08.17 04:49:26;XAUUSD;5;1786933392;RECONCILED_BROKER_CLOSE;ticket=119607537 type=main pnl=-8.00;MANAGE_PROFIT;SAFE;0;1;1;-1;-1;4393.01;0.00;0.00;0.00;-7.44;KELLY_LITE;true;0.04;213123.25;0.0417;KELLY_LITE(mult=1.05 taper=1.00 n=13)+HARD_RISK_CAP(2.0%)+MAXLOSS_CAP;213115.25;213115.25;37;0
2026.08.17 04:49:26;XAUUSD;5;1786933392;PENDING_DELETED;ticket=119607881 reason=main_gone_hedge_pending;WAIT_TRIGGER;SAFE;0;0;1;-1;-1;4393.01;0.00;0.00;0.00;-7.44;KELLY_LITE;true;0.04;213123.25;0.0417;KELLY_LITE(mult=1.05 taper=1.00 n=13)+HARD_RISK_CAP(2.0%)+MAXLOSS_CAP;213115.25;213115.25;33;0
2026.08.17 04:49:26;XAUUSD;5;1786933392;HEDGE_PENDING_CLEANUP;main_position_gone;WAIT_TRIGGER;SAFE;0;0;1;-1;-1;4393.01;0.00;0.00;0.00;-7.44;KELLY_LITE;true;0.04;213123.25;0.0417;KELLY_LITE(mult=1.05 taper=1.00 n=13)+HARD_RISK_CAP(2.0%)+MAXLOSS_CAP;213115.25;213115.25;33;0
2026.08.17 04:49:26;XAUUSD;5;1786933392;LOSS_COOLDOWN_AFTER_LOSS;cyclePnL=-8.00 pauseUntil=2026.08.17 04:54:26;WAIT_TRIGGER;SAFE;0;0;1;-1;-1;4393.01;0.00;0.00;0.00;-7.44;KELLY_LITE;true;0.04;213123.25;0.0417;KELLY_LITE(mult=1.05 taper=1.00 n=13)+HARD_RISK_CAP(2.0%)+MAXLOSS_CAP;213115.25;213115.25;33;0
2026.08.17 04:49:26;XAUUSD;5;1786933392;CYCLE_RESET;oldState=WAIT_TRIGGER realizedPnL=-8.00 peak=0.00 worst=-7.44 pyramid=1 consLosses=2;WAIT_TRIGGER;SAFE;0;0;1;-1;-1;4393.01;0.00;0.00;0.00;-7.44;KELLY_LITE;true;0.04;213123.25;0.0417;KELLY_LITE(mult=1.05 taper=1.00 n=13)+HARD_RISK_CAP(2.0%)+MAXLOSS_CAP;213115.25;213115.25;33;0
2026.08.17 04:54:26;XAUUSD;5;1786933393;PLACE_PENDING_START;cycle=1786933393 trend=0 consecLosses=2 preset=AGGRESSIVE;PLACE_PENDING;SAFE;0;0;0;-1;-1;0.00;0.00;0.00;0.00;0.00;KELLY_LITE;true;0.04;213123.25;0.0417;KELLY_LITE(mult=1.05 taper=1.00 n=13)+HARD_RISK_CAP(2.0%)+MAXLOSS_CAP;213115.25;213115.25;33;0
2026.08.17 04:54:27;XAUUSD;5;1786933393;OCO_PLACED;buy=119608497 4396.92 lot=0.04 sell=119608500 4393.59 lot=0.04 dist=1.50;WAIT_TRIGGER;SAFE;0;2;0;119608497;119608500;0.00;0.00;0.00;0.00;0.00;KELLY_LITE;true;0.04;213115.25;0.0417;KELLY_LITE(mult=1.00 taper=1.00 n=14)+CONSEC_REDUCE(0.50)+HARD_RISK_CAP(2.0%)+MAXLOSS_CAP;213115.25;213115.25;33;0
2026.08.17 04:55:42;XAUUSD;5;1786933393;SELL_STOP_TRAILED;Old=4393.59 New=4393.91;WAIT_TRIGGER;SAFE;0;2;0;119608497;119608500;0.00;0.00;0.00;0.00;0.00;KELLY_LITE;true;0.04;213115.25;0.0417;KELLY_LITE(mult=1.00 taper=1.00 n=14)+CONSEC_REDUCE(0.50)+HARD_RISK_CAP(2.0%)+MAXLOSS_CAP;213115.25;213115.25;33;0
2026.08.17 04:55:54;XAUUSD;5;1786933393;BUY_STOP_TRAILED;Old=4396.92 New=4396.56;WAIT_TRIGGER;SAFE;0;2;0;119608497;119608500;0.00;0.00;0.00;0.00;0.00;KELLY_LITE;true;0.04;213115.25;0.0417;KELLY_LITE(mult=1.00 taper=1.00 n=14)+CONSEC_REDUCE(0.50)+HARD_RISK_CAP(2.0%)+MAXLOSS_CAP;213115.25;213115.25;33;0
2026.08.17 04:55:57;XAUUSD;5;1786933393;BUY_STOP_TRAILED;Old=4396.56 New=4396.24;WAIT_TRIGGER;SAFE;0;2;0;119608497;119608500;0.00;0.00;0.00;0.00;0.00;KELLY_LITE;true;0.04;213115.25;0.0417;KELLY_LITE(mult=1.00 taper=1.00 n=14)+CONSEC_REDUCE(0.50)+HARD_RISK_CAP(2.0%)+MAXLOSS_CAP;213115.25;213115.25;33;0
2026.08.17 04:57:03;XAUUSD;5;1786933393;BUY_STOP_TRAILED;Old=4396.24 New=4395.92;WAIT_TRIGGER;SAFE;0;2;0;119608497;119608500;0.00;0.00;0.00;0.00;0.00;KELLY_LITE;true;0.04;213115.25;0.0417;KELLY_LITE(mult=1.00 taper=1.00 n=14)+CONSEC_REDUCE(0.50)+HARD_RISK_CAP(2.0%)+MAXLOSS_CAP;213115.25;213115.25;33;0
2026.08.17 04:57:30;XAUUSD;5;1786933393;OCO_TRIGGERED_SELL;ticket=119608500 entry=4393.91;POSITION_ACTIVE;SAFE;1;1;0;119608497;-1;0.00;-1.40;-1.40;0.00;0.00;KELLY_LITE;true;0.04;213115.25;0.0417;KELLY_LITE(mult=1.00 taper=1.00 n=14)+CONSEC_REDUCE(0.50)+HARD_RISK_CAP(2.0%)+MAXLOSS_CAP;213115.25;213113.85;33;0
2026.08.17 04:57:31;XAUUSD;5;1786933393;PENDING_DELETED;ticket=119608497 reason=oco_sell_triggered;POSITION_ACTIVE;SAFE;1;0;0;119608497;-1;0.00;-1.36;-1.36;0.00;0.00;KELLY_LITE;true;0.04;213115.25;0.0417;KELLY_LITE(mult=1.00 taper=1.00 n=14)+CONSEC_REDUCE(0.50)+HARD_RISK_CAP(2.0%)+MAXLOSS_CAP;213115.25;213113.89;33;0
2026.08.17 04:57:31;XAUUSD;5;1786933393;HEDGE_PENDING_PLACED;dir=BUY_STOP ticket=119608689 price=4397.25 sl=4394.25 lot=0.05 mainEntry=4393.91 dist=3.00 confirmBars=1;POSITION_ACTIVE;SAFE;1;1;1;-1;-1;4393.91;-1.36;-1.36;0.00;-1.36;KELLY_LITE;true;0.04;213115.25;0.0417;KELLY_LITE(mult=1.00 taper=1.00 n=14)+CONSEC_REDUCE(0.50)+HARD_RISK_CAP(2.0%)+MAXLOSS_CAP;213115.25;213113.89;33;0
2026.08.17 04:57:32;XAUUSD;5;1786933393;SL_MODIFIED;ticket=119608500 oldSL=4405.91 newSL=4395.91 reason=early_loss_hard_sl_leg_0;MANAGE_PROFIT;SAFE;1;1;1;-1;-1;4393.91;-1.36;-1.36;0.00;-1.36;KELLY_LITE;true;0.04;213115.25;0.0417;KELLY_LITE(mult=1.00 taper=1.00 n=14)+CONSEC_REDUCE(0.50)+HARD_RISK_CAP(2.0%)+MAXLOSS_CAP;213115.25;213113.89;33;0
2026.08.17 04:58:14;XAUUSD;5;1786933393;RECONCILED_BROKER_CLOSE;ticket=119608500 type=main pnl=-8.00;MANAGE_PROFIT;SAFE;0;1;1;-1;-1;4393.91;0.00;0.00;0.00;-7.76;KELLY_LITE;true;0.04;213115.25;0.0417;KELLY_LITE(mult=1.00 taper=1.00 n=14)+CONSEC_REDUCE(0.50)+HARD_RISK_CAP(2.0%)+MAXLOSS_CAP;213107.25;213107.25;33;0
2026.08.17 04:58:15;XAUUSD;5;1786933393;PENDING_DELETED;ticket=119608689 reason=main_gone_hedge_pending;WAIT_TRIGGER;SAFE;0;0;1;-1;-1;4393.91;0.00;0.00;0.00;-7.76;KELLY_LITE;true;0.04;213115.25;0.0417;KELLY_LITE(mult=1.00 taper=1.00 n=14)+CONSEC_REDUCE(0.50)+HARD_RISK_CAP(2.0%)+MAXLOSS_CAP;213107.25;213107.25;33;0
2026.08.17 04:58:15;XAUUSD;5;1786933393;HEDGE_PENDING_CLEANUP;main_position_gone;WAIT_TRIGGER;SAFE;0;0;1;-1;-1;4393.91;0.00;0.00;0.00;-7.76;KELLY_LITE;true;0.04;213115.25;0.0417;KELLY_LITE(mult=1.00 taper=1.00 n=14)+CONSEC_REDUCE(0.50)+HARD_RISK_CAP(2.0%)+MAXLOSS_CAP;213107.25;213107.25;33;0
2026.08.17 04:58:15;XAUUSD;5;1786933393;LOSS_COOLDOWN_AFTER_LOSS;cyclePnL=-8.00 pauseUntil=2026.08.17 05:03:15;WAIT_TRIGGER;SAFE;0;0;1;-1;-1;4393.91;0.00;0.00;0.00;-7.76;KELLY_LITE;true;0.04;213115.25;0.0417;KELLY_LITE(mult=1.00 taper=1.00 n=14)+CONSEC_REDUCE(0.50)+HARD_RISK_CAP(2.0%)+MAXLOSS_CAP;213107.25;213107.25;33;0
2026.08.17 04:58:15;XAUUSD;5;1786933393;CONSECUTIVE_LOSS_PAUSE;losses=3 pauseUntil=2026.08.17 05:13:15;WAIT_TRIGGER;SAFE;0;0;1;-1;-1;4393.91;0.00;0.00;0.00;-7.76;KELLY_LITE;true;0.04;213115.25;0.0417;KELLY_LITE(mult=1.00 taper=1.00 n=14)+CONSEC_REDUCE(0.50)+HARD_RISK_CAP(2.0%)+MAXLOSS_CAP;213107.25;213107.25;33;0
2026.08.17 04:58:15;XAUUSD;5;1786933393;CYCLE_RESET;oldState=WAIT_TRIGGER realizedPnL=-8.00 peak=0.00 worst=-7.76 pyramid=1 consLosses=3;WAIT_TRIGGER;SAFE;0;0;1;-1;-1;4393.91;0.00;0.00;0.00;-7.76;KELLY_LITE;true;0.04;213115.25;0.0417;KELLY_LITE(mult=1.00 taper=1.00 n=14)+CONSEC_REDUCE(0.50)+HARD_RISK_CAP(2.0%)+MAXLOSS_CAP;213107.25;213107.25;33;0
2026.08.17 05:13:17;XAUUSD;5;1786933394;PLACE_PENDING_START;cycle=1786933394 trend=0 consecLosses=3 preset=AGGRESSIVE;PLACE_PENDING;SAFE;0;0;0;-1;-1;0.00;0.00;0.00;0.00;0.00;KELLY_LITE;true;0.04;213115.25;0.0417;KELLY_LITE(mult=1.00 taper=1.00 n=14)+CONSEC_REDUCE(0.50)+HARD_RISK_CAP(2.0%)+MAXLOSS_CAP;213107.25;213107.25;33;0
2026.08.17 05:13:18;XAUUSD;5;1786933394;OCO_PLACED;buy=119610480 4400.61 lot=0.04 sell=119610481 4397.28 lot=0.04 dist=1.50;WAIT_TRIGGER;SAFE;0;2;0;119610480;119610481;0.00;0.00;0.00;0.00;0.00;KELLY_LITE;true;0.04;213107.25;0.0417;KELLY_LITE(mult=0.95 taper=1.00 n=15)+CONSEC_REDUCE(0.50)+HARD_RISK_CAP(2.0%)+MAXLOSS_CAP;213107.25;213107.25;33;0
2026.08.17 05:13:20;XAUUSD;5;1786933394;SELL_STOP_TRAILED;Old=4397.28 New=4397.61;WAIT_TRIGGER;SAFE;0;2;0;119610480;119610481;0.00;0.00;0.00;0.00;0.00;KELLY_LITE;true;0.04;213107.25;0.0417;KELLY_LITE(mult=0.95 taper=1.00 n=15)+CONSEC_REDUCE(0.50)+HARD_RISK_CAP(2.0%)+MAXLOSS_CAP;213107.25;213107.25;33;0
2026.08.17 05:13:53;XAUUSD;5;1786933394;BUY_STOP_TRAILED;Old=4400.61 New=4400.26;WAIT_TRIGGER;SAFE;0;2;0;119610480;119610481;0.00;0.00;0.00;0.00;0.00;KELLY_LITE;true;0.04;213107.25;0.0417;KELLY_LITE(mult=0.95 taper=1.00 n=15)+CONSEC_REDUCE(0.50)+HARD_RISK_CAP(2.0%)+MAXLOSS_CAP;213107.25;213107.25;33;0
2026.08.17 05:15:59;XAUUSD;5;1786933394;BUY_STOP_TRAILED;Old=4400.26 New=4399.94;WAIT_TRIGGER;SAFE;0;2;0;119610480;119610481;0.00;0.00;0.00;0.00;0.00;KELLY_LITE;true;0.04;213107.25;0.0417;KELLY_LITE(mult=0.95 taper=1.00 n=15)+CONSEC_REDUCE(0.50)+HARD_RISK_CAP(2.0%)+MAXLOSS_CAP;213107.25;213107.25;33;0
2026.08.17 05:16:25;XAUUSD;5;1786933394;BUY_STOP_TRAILED;Old=4399.94 New=4399.62;WAIT_TRIGGER;SAFE;0;2;0;119610480;119610481;0.00;0.00;0.00;0.00;0.00;KELLY_LITE;true;0.04;213107.25;0.0417;KELLY_LITE(mult=0.95 taper=1.00 n=15)+CONSEC_REDUCE(0.50)+HARD_RISK_CAP(2.0%)+MAXLOSS_CAP;213107.25;213107.25;33;0
2026.08.17 05:16:25;XAUUSD;5;1786933394;OCO_TRIGGERED_SELL;ticket=119610481 entry=4397.61;POSITION_ACTIVE;SAFE;1;1;0;119610480;-1;0.00;-1.88;-1.88;0.00;0.00;KELLY_LITE;true;0.04;213107.25;0.0417;KELLY_LITE(mult=0.95 taper=1.00 n=15)+CONSEC_REDUCE(0.50)+HARD_RISK_CAP(2.0%)+MAXLOSS_CAP;213107.25;213105.37;33;0
2026.08.17 05:16:26;XAUUSD;5;1786933394;PENDING_DELETED;ticket=119610480 reason=oco_sell_triggered;POSITION_ACTIVE;SAFE;1;0;0;119610480;-1;0.00;-1.80;-1.80;0.00;0.00;KELLY_LITE;true;0.04;213107.25;0.0417;KELLY_LITE(mult=0.95 taper=1.00 n=15)+CONSEC_REDUCE(0.50)+HARD_RISK_CAP(2.0%)+MAXLOSS_CAP;213107.25;213105.45;33;0
2026.08.17 05:16:26;XAUUSD;5;1786933394;HEDGE_PENDING_PLACED;dir=BUY_STOP ticket=119610776 price=4401.06 sl=4398.06 lot=0.05 mainEntry=4397.61 dist=3.00 confirmBars=1;POSITION_ACTIVE;SAFE;1;1;1;-1;-1;4397.61;-1.80;-1.80;0.00;-1.80;KELLY_LITE;true;0.04;213107.25;0.0417;KELLY_LITE(mult=0.95 taper=1.00 n=15)+CONSEC_REDUCE(0.50)+HARD_RISK_CAP(2.0%)+MAXLOSS_CAP;213107.25;213105.45;31;0
2026.08.17 05:16:27;XAUUSD;5;1786933394;SL_MODIFIED;ticket=119610481 oldSL=4409.61 newSL=4399.61 reason=early_loss_hard_sl_leg_0;MANAGE_PROFIT;SAFE;1;1;1;-1;-1;4397.61;-1.84;-1.84;0.00;-1.80;KELLY_LITE;true;0.04;213107.25;0.0417;KELLY_LITE(mult=0.95 taper=1.00 n=15)+CONSEC_REDUCE(0.50)+HARD_RISK_CAP(2.0%)+MAXLOSS_CAP;213107.25;213105.41;33;0
2026.08.17 05:21:04;XAUUSD;5;1786933394;SL_MODIFIED;ticket=119610481 oldSL=4399.61 newSL=4396.10 reason=break_even_lock_leg_0;MANAGE_PROFIT;SAFE;1;1;1;-1;-1;4397.61;8.44;8.44;8.12;-3.72;KELLY_LITE;true;0.04;213107.25;0.0417;KELLY_LITE(mult=0.95 taper=1.00 n=15)+CONSEC_REDUCE(0.50)+HARD_RISK_CAP(2.0%)+MAXLOSS_CAP;213107.25;213115.69;33;0
2026.08.17 05:21:04;XAUUSD;5;1786933394;PROFIT_RATCHET_LOCKED;floor=3.45 peak=8.12;MANAGE_PROFIT;SAFE;1;1;1;-1;-1;4397.61;8.44;8.44;8.12;-3.72;KELLY_LITE;true;0.04;213107.25;0.0417;KELLY_LITE(mult=0.95 taper=1.00 n=15)+CONSEC_REDUCE(0.50)+HARD_RISK_CAP(2.0%)+MAXLOSS_CAP;213107.25;213115.69;33;0
2026.08.17 05:21:05;XAUUSD;5;1786933394;SL_MODIFIED;ticket=119610481 oldSL=4396.10 newSL=4396.02 reason=break_even_lock_leg_0;MANAGE_PROFIT;SAFE;1;1;1;-1;-1;4397.61;8.84;8.84;8.44;-3.72;KELLY_LITE;true;0.04;213107.25;0.0417;KELLY_LITE(mult=0.95 taper=1.00 n=15)+CONSEC_REDUCE(0.50)+HARD_RISK_CAP(2.0%)+MAXLOSS_CAP;213107.25;213116.09;33;0
2026.08.17 05:21:05;XAUUSD;5;1786933394;PROFIT_RATCHET_LOCKED;floor=3.59 peak=8.44;MANAGE_PROFIT;SAFE;1;1;1;-1;-1;4397.61;8.84;8.84;8.44;-3.72;KELLY_LITE;true;0.04;213107.25;0.0417;KELLY_LITE(mult=0.95 taper=1.00 n=15)+CONSEC_REDUCE(0.50)+HARD_RISK_CAP(2.0%)+MAXLOSS_CAP;213107.25;213116.09;33;0
2026.08.17 05:21:06;XAUUSD;5;1786933394;SL_MODIFIED;ticket=119610481 oldSL=4396.02 newSL=4395.92 reason=break_even_lock_leg_0;MANAGE_PROFIT;SAFE;1;1;1;-1;-1;4397.61;8.68;8.68;8.84;-3.72;KELLY_LITE;true;0.04;213107.25;0.0417;KELLY_LITE(mult=0.95 taper=1.00 n=15)+CONSEC_REDUCE(0.50)+HARD_RISK_CAP(2.0%)+MAXLOSS_CAP;213107.25;213115.93;33;0
2026.08.17 05:21:06;XAUUSD;5;1786933394;PROFIT_RATCHET_LOCKED;floor=3.76 peak=8.84;MANAGE_PROFIT;SAFE;1;1;1;-1;-1;4397.61;8.68;8.68;8.84;-3.72;KELLY_LITE;true;0.04;213107.25;0.0417;KELLY_LITE(mult=0.95 taper=1.00 n=15)+CONSEC_REDUCE(0.50)+HARD_RISK_CAP(2.0%)+MAXLOSS_CAP;213107.25;213115.93;33;0
2026.08.17 05:21:06;XAUUSD;5;1786933394;PROFIT_RATCHET_LOCKED;floor=3.76 peak=8.84;MANAGE_PROFIT;SAFE;1;1;1;-1;-1;4397.61;8.68;8.68;8.84;-3.72;KELLY_LITE;true;0.04;213107.25;0.0417;KELLY_LITE(mult=0.95 taper=1.00 n=15)+CONSEC_REDUCE(0.50)+HARD_RISK_CAP(2.0%)+MAXLOSS_CAP;213107.25;213115.93;33;0
2026.08.17 05:21:06;XAUUSD;5;1786933394;PROFIT_RATCHET_LOCKED;floor=3.76 peak=8.84;MANAGE_PROFIT;SAFE;1;1;1;-1;-1;4397.61;8.84;8.84;8.84;-3.72;KELLY_LITE;true;0.04;213107.25;0.0417;KELLY_LITE(mult=0.95 taper=1.00 n=15)+CONSEC_REDUCE(0.50)+HARD_RISK_CAP(2.0%)+MAXLOSS_CAP;213107.25;213116.09;33;0
2026.08.17 05:21:07;XAUUSD;5;1786933394;SL_MODIFIED;ticket=119610481 oldSL=4395.92 newSL=4395.84 reason=break_even_lock_leg_0;MANAGE_PROFIT;SAFE;1;1;1;-1;-1;4397.61;11.20;11.32;9.16;-3.72;KELLY_LITE;true;0.04;213107.25;0.0417;KELLY_LITE(mult=0.95 taper=1.00 n=15)+CONSEC_REDUCE(0.50)+HARD_RISK_CAP(2.0%)+MAXLOSS_CAP;213107.25;213118.45;33;0
2026.08.17 05:21:07;XAUUSD;5;1786933394;PROFIT_RATCHET_LOCKED;floor=3.89 peak=9.16;MANAGE_PROFIT;SAFE;1;1;1;-1;-1;4397.61;11.20;11.32;9.16;-3.72;KELLY_LITE;true;0.04;213107.25;0.0417;KELLY_LITE(mult=0.95 taper=1.00 n=15)+CONSEC_REDUCE(0.50)+HARD_RISK_CAP(2.0%)+MAXLOSS_CAP;213107.25;213118.45;33;0
2026.08.17 05:21:08;XAUUSD;5;1786933394;SL_MODIFIED;ticket=119610481 oldSL=4395.84 newSL=4395.31 reason=break_even_lock_leg_0 (retry buf=3pt);MANAGE_PROFIT;SAFE;1;1;1;-1;-1;4397.61;12.40;12.40;11.20;-3.72;KELLY_LITE;true;0.04;213107.25;0.0417;KELLY_LITE(mult=0.95 taper=1.00 n=15)+CONSEC_REDUCE(0.50)+HARD_RISK_CAP(2.0%)+MAXLOSS_CAP;213107.25;213119.65;33;0
2026.08.17 05:21:08;XAUUSD;5;1786933394;PROFIT_RATCHET_LOCKED;floor=4.76 peak=11.20;MANAGE_PROFIT;SAFE;1;1;1;-1;-1;4397.61;12.40;12.40;11.20;-3.72;KELLY_LITE;true;0.04;213107.25;0.0417;KELLY_LITE(mult=0.95 taper=1.00 n=15)+CONSEC_REDUCE(0.50)+HARD_RISK_CAP(2.0%)+MAXLOSS_CAP;213107.25;213119.65;33;0
2026.08.17 05:21:09;XAUUSD;5;1786933394;SL_MODIFIED;ticket=119610481 oldSL=4395.31 newSL=4395.08 reason=break_even_lock_leg_0 (retry buf=3pt);MANAGE_PROFIT;SAFE;1;1;1;-1;-1;4397.61;12.20;12.20;12.40;-3.72;KELLY_LITE;true;0.04;213107.25;0.0417;KELLY_LITE(mult=0.95 taper=1.00 n=15)+CONSEC_REDUCE(0.50)+HARD_RISK_CAP(2.0%)+MAXLOSS_CAP;213107.25;213119.45;33;0
2026.08.17 05:21:09;XAUUSD;5;1786933394;PROFIT_RATCHET_LOCKED;floor=5.27 peak=12.40;MANAGE_PROFIT;SAFE;1;1;1;-1;-1;4397.61;12.20;12.20;12.40;-3.72;KELLY_LITE;true;0.04;213107.25;0.0417;KELLY_LITE(mult=0.95 taper=1.00 n=15)+CONSEC_REDUCE(0.50)+HARD_RISK_CAP(2.0%)+MAXLOSS_CAP;213107.25;213119.45;33;0
2026.08.17 05:21:09;XAUUSD;5;1786933394;PROFIT_RATCHET_LOCKED;floor=5.27 peak=12.40;MANAGE_PROFIT;SAFE;1;1;1;-1;-1;4397.61;12.20;12.20;12.40;-3.72;KELLY_LITE;true;0.04;213107.25;0.0417;KELLY_LITE(mult=0.95 taper=1.00 n=15)+CONSEC_REDUCE(0.50)+HARD_RISK_CAP(2.0%)+MAXLOSS_CAP;213107.25;213119.45;33;0
2026.08.17 05:21:09;XAUUSD;5;1786933394;PROFIT_RATCHET_LOCKED;floor=5.27 peak=12.40;MANAGE_PROFIT;SAFE;1;1;1;-1;-1;4397.61;12.24;12.24;12.40;-3.72;KELLY_LITE;true;0.04;213107.25;0.0417;KELLY_LITE(mult=0.95 taper=1.00 n=15)+CONSEC_REDUCE(0.50)+HARD_RISK_CAP(2.0%)+MAXLOSS_CAP;213107.25;213119.49;33;0
2026.08.17 05:21:09;XAUUSD;5;1786933394;PROFIT_RATCHET_LOCKED;floor=5.27 peak=12.40;MANAGE_PROFIT;SAFE;1;1;1;-1;-1;4397.61;12.04;12.04;12.40;-3.72;KELLY_LITE;true;0.04;213107.25;0.0417;KELLY_LITE(mult=0.95 taper=1.00 n=15)+CONSEC_REDUCE(0.50)+HARD_RISK_CAP(2.0%)+MAXLOSS_CAP;213107.25;213119.29;33;0
2026.08.17 05:21:09;XAUUSD;5;1786933394;PROFIT_RATCHET_LOCKED;floor=5.27 peak=12.40;MANAGE_PROFIT;SAFE;1;1;1;-1;-1;4397.61;11.92;11.92;12.40;-3.72;KELLY_LITE;true;0.04;213107.25;0.0417;KELLY_LITE(mult=0.95 taper=1.00 n=15)+CONSEC_REDUCE(0.50)+HARD_RISK_CAP(2.0%)+MAXLOSS_CAP;213107.25;213119.17;33;0
2026.08.17 05:21:10;XAUUSD;5;1786933394;PROFIT_RATCHET_LOCKED;floor=5.27 peak=12.40;MANAGE_PROFIT;SAFE;1;1;1;-1;-1;4397.61;11.96;11.96;12.40;-3.72;KELLY_LITE;true;0.04;213107.25;0.0417;KELLY_LITE(mult=0.95 taper=1.00 n=15)+CONSEC_REDUCE(0.50)+HARD_RISK_CAP(2.0%)+MAXLOSS_CAP;213107.25;213119.21;33;0
2026.08.17 05:21:10;XAUUSD;5;1786933394;SL_MODIFIED;ticket=119610481 oldSL=4395.08 newSL=4394.98 reason=break_even_lock_leg_0;MANAGE_PROFIT;SAFE;1;1;1;-1;-1;4397.61;12.80;12.80;12.60;-3.72;KELLY_LITE;true;0.04;213107.25;0.0417;KELLY_LITE(mult=0.95 taper=1.00 n=15)+CONSEC_REDUCE(0.50)+HARD_RISK_CAP(2.0%)+MAXLOSS_CAP;213107.25;213120.05;33;0
2026.08.17 05:21:10;XAUUSD;5;1786933394;PROFIT_RATCHET_LOCKED;floor=5.35 peak=12.60;MANAGE_PROFIT;SAFE;1;1;1;-1;-1;4397.61;12.80;12.80;12.60;-3.72;KELLY_LITE;true;0.04;213107.25;0.0417;KELLY_LITE(mult=0.95 taper=1.00 n=15)+CONSEC_REDUCE(0.50)+HARD_RISK_CAP(2.0%)+MAXLOSS_CAP;213107.25;213120.05;33;0
2026.08.17 05:21:11;XAUUSD;5;1786933394;SL_MODIFIED;ticket=119610481 oldSL=4394.98 newSL=4394.93 reason=break_even_lock_leg_0;MANAGE_PROFIT;SAFE;1;1;1;-1;-1;4397.61;12.96;12.96;12.80;-3.72;KELLY_LITE;true;0.04;213107.25;0.0417;KELLY_LITE(mult=0.95 taper=1.00 n=15)+CONSEC_REDUCE(0.50)+HARD_RISK_CAP(2.0%)+MAXLOSS_CAP;213107.25;213120.21;33;0
2026.08.17 05:21:11;XAUUSD;5;1786933394;PROFIT_RATCHET_LOCKED;floor=5.44 peak=12.80;MANAGE_PROFIT;SAFE;1;1;1;-1;-1;4397.61;12.96;12.96;12.80;-3.72;KELLY_LITE;true;0.04;213107.25;0.0417;KELLY_LITE(mult=0.95 taper=1.00 n=15)+CONSEC_REDUCE(0.50)+HARD_RISK_CAP(2.0%)+MAXLOSS_CAP;213107.25;213120.21;33;0
2026.08.17 05:21:11;XAUUSD;5;1786933394;SL_MODIFIED;ticket=119610481 oldSL=4394.93 newSL=4394.89 reason=break_even_lock_leg_0;MANAGE_PROFIT;SAFE;1;1;1;-1;-1;4397.61;13.04;13.04;12.96;-3.72;KELLY_LITE;true;0.04;213107.25;0.0417;KELLY_LITE(mult=0.95 taper=1.00 n=15)+CONSEC_REDUCE(0.50)+HARD_RISK_CAP(2.0%)+MAXLOSS_CAP;213107.25;213120.29;33;0
2026.08.17 05:21:11;XAUUSD;5;1786933394;PROFIT_RATCHET_LOCKED;floor=5.51 peak=12.96;MANAGE_PROFIT;SAFE;1;1;1;-1;-1;4397.61;13.04;13.04;12.96;-3.72;KELLY_LITE;true;0.04;213107.25;0.0417;KELLY_LITE(mult=0.95 taper=1.00 n=15)+CONSEC_REDUCE(0.50)+HARD_RISK_CAP(2.0%)+MAXLOSS_CAP;213107.25;213120.29;33;0
2026.08.17 05:21:12;XAUUSD;5;1786933394;SL_MODIFIED;ticket=119610481 oldSL=4394.89 newSL=4394.87 reason=break_even_lock_leg_0;MANAGE_PROFIT;SAFE;1;1;1;-1;-1;4397.61;14.88;14.88;13.04;-3.72;KELLY_LITE;true;0.04;213107.25;0.0417;KELLY_LITE(mult=0.95 taper=1.00 n=15)+CONSEC_REDUCE(0.50)+HARD_RISK_CAP(2.0%)+MAXLOSS_CAP;213107.25;213122.13;33;0
2026.08.17 05:21:12;XAUUSD;5;1786933394;PROFIT_RATCHET_LOCKED;floor=5.54 peak=13.04;MANAGE_PROFIT;SAFE;1;1;1;-1;-1;4397.61;14.88;14.88;13.04;-3.72;KELLY_LITE;true;0.04;213107.25;0.0417;KELLY_LITE(mult=0.95 taper=1.00 n=15)+CONSEC_REDUCE(0.50)+HARD_RISK_CAP(2.0%)+MAXLOSS_CAP;213107.25;213122.13;33;0
2026.08.17 05:21:14;XAUUSD;5;1786933394;SL_MODIFIED;ticket=119610481 oldSL=4394.87 newSL=4394.75 reason=break_even_lock_leg_0 (retry buf=8pt);MANAGE_PROFIT;SAFE;1;1;1;-1;-1;4397.61;13.72;13.72;14.88;-3.72;KELLY_LITE;true;0.04;213107.25;0.0417;KELLY_LITE(mult=0.95 taper=1.00 n=15)+CONSEC_REDUCE(0.50)+HARD_RISK_CAP(2.0%)+MAXLOSS_CAP;213107.25;213120.97;33;0
2026.08.17 05:21:14;XAUUSD;5;1786933394;PROFIT_RATCHET_LOCKED;floor=6.32 peak=14.88;MANAGE_PROFIT;SAFE;1;1;1;-1;-1;4397.61;13.72;13.72;14.88;-3.72;KELLY_LITE;true;0.04;213107.25;0.0417;KELLY_LITE(mult=0.95 taper=1.00 n=15)+CONSEC_REDUCE(0.50)+HARD_RISK_CAP(2.0%)+MAXLOSS_CAP;213107.25;213120.97;33;0
2026.08.17 05:21:14;XAUUSD;5;1786933394;SL_MODIFIED;ticket=119610481 oldSL=4394.75 newSL=4394.70 reason=break_even_lock_leg_0;MANAGE_PROFIT;SAFE;1;1;1;-1;-1;4397.61;14.08;14.08;14.88;-3.72;KELLY_LITE;true;0.04;213107.25;0.0417;KELLY_LITE(mult=0.95 taper=1.00 n=15)+CONSEC_REDUCE(0.50)+HARD_RISK_CAP(2.0%)+MAXLOSS_CAP;213107.25;213121.33;33;0
2026.08.17 05:21:14;XAUUSD;5;1786933394;PROFIT_RATCHET_LOCKED;floor=6.32 peak=14.88;MANAGE_PROFIT;SAFE;1;1;1;-1;-1;4397.61;14.08;14.08;14.88;-3.72;KELLY_LITE;true;0.04;213107.25;0.0417;KELLY_LITE(mult=0.95 taper=1.00 n=15)+CONSEC_REDUCE(0.50)+HARD_RISK_CAP(2.0%)+MAXLOSS_CAP;213107.25;213121.33;33;0
2026.08.17 05:21:15;XAUUSD;5;1786933394;SL_MODIFIED;ticket=119610481 oldSL=4394.70 newSL=4394.65 reason=break_even_lock_leg_0 (retry buf=3pt);MANAGE_PROFIT;SAFE;1;1;1;-1;-1;4397.61;14.12;14.12;14.88;-3.72;KELLY_LITE;true;0.04;213107.25;0.0417;KELLY_LITE(mult=0.95 taper=1.00 n=15)+CONSEC_REDUCE(0.50)+HARD_RISK_CAP(2.0%)+MAXLOSS_CAP;213107.25;213121.37;33;0
2026.08.17 05:21:15;XAUUSD;5;1786933394;PROFIT_RATCHET_LOCKED;floor=6.32 peak=14.88;MANAGE_PROFIT;SAFE;1;1;1;-1;-1;4397.61;14.12;14.12;14.88;-3.72;KELLY_LITE;true;0.04;213107.25;0.0417;KELLY_LITE(mult=0.95 taper=1.00 n=15)+CONSEC_REDUCE(0.50)+HARD_RISK_CAP(2.0%)+MAXLOSS_CAP;213107.25;213121.37;33;0
2026.08.17 05:21:16;XAUUSD;5;1786933394;SL_MODIFY_FAILED;ticket=119610481 newSL=4394.60 reason=break_even_lock_leg_0 err=0;MANAGE_PROFIT;SAFE;1;1;1;-1;-1;4397.61;13.16;13.16;14.88;-3.72;KELLY_LITE;true;0.04;213107.25;0.0417;KELLY_LITE(mult=0.95 taper=1.00 n=15)+CONSEC_REDUCE(0.50)+HARD_RISK_CAP(2.0%)+MAXLOSS_CAP;213107.25;213120.41;33;0
2026.08.17 05:21:16;XAUUSD;5;1786933394;PROFIT_RATCHET_LOCKED;floor=6.32 peak=14.88;MANAGE_PROFIT;SAFE;1;1;1;-1;-1;4397.61;13.16;13.16;14.88;-3.72;KELLY_LITE;true;0.04;213107.25;0.0417;KELLY_LITE(mult=0.95 taper=1.00 n=15)+CONSEC_REDUCE(0.50)+HARD_RISK_CAP(2.0%)+MAXLOSS_CAP;213107.25;213120.41;33;0
2026.08.17 05:21:16;XAUUSD;5;1786933394;PROFIT_RATCHET_LOCKED;floor=6.32 peak=14.88;MANAGE_PROFIT;SAFE;1;1;1;-1;-1;4397.61;13.16;13.16;14.88;-3.72;KELLY_LITE;true;0.04;213107.25;0.0417;KELLY_LITE(mult=0.95 taper=1.00 n=15)+CONSEC_REDUCE(0.50)+HARD_RISK_CAP(2.0%)+MAXLOSS_CAP;213107.25;213120.41;33;0
2026.08.17 05:21:16;XAUUSD;5;1786933394;PROFIT_RATCHET_LOCKED;floor=6.32 peak=14.88;MANAGE_PROFIT;SAFE;1;1;1;-1;-1;4397.61;13.36;13.36;14.88;-3.72;KELLY_LITE;true;0.04;213107.25;0.0417;KELLY_LITE(mult=0.95 taper=1.00 n=15)+CONSEC_REDUCE(0.50)+HARD_RISK_CAP(2.0%)+MAXLOSS_CAP;213107.25;213120.61;33;0
2026.08.17 05:21:16;XAUUSD;5;1786933394;PROFIT_RATCHET_LOCKED;floor=6.32 peak=14.88;MANAGE_PROFIT;SAFE;1;1;1;-1;-1;4397.61;13.56;13.56;14.88;-3.72;KELLY_LITE;true;0.04;213107.25;0.0417;KELLY_LITE(mult=0.95 taper=1.00 n=15)+CONSEC_REDUCE(0.50)+HARD_RISK_CAP(2.0%)+MAXLOSS_CAP;213107.25;213120.81;33;0
2026.08.17 05:21:16;XAUUSD;5;1786933394;PROFIT_RATCHET_LOCKED;floor=6.32 peak=14.88;MANAGE_PROFIT;SAFE;1;1;1;-1;-1;4397.61;13.68;13.68;14.88;-3.72;KELLY_LITE;true;0.04;213107.25;0.0417;KELLY_LITE(mult=0.95 taper=1.00 n=15)+CONSEC_REDUCE(0.50)+HARD_RISK_CAP(2.0%)+MAXLOSS_CAP;213107.25;213120.93;33;0
2026.08.17 05:21:17;XAUUSD;5;1786933394;PROFIT_RATCHET_LOCKED;floor=6.32 peak=14.88;MANAGE_PROFIT;SAFE;1;1;1;-1;-1;4397.61;13.72;13.72;14.88;-3.72;KELLY_LITE;true;0.04;213107.25;0.0417;KELLY_LITE(mult=0.95 taper=1.00 n=15)+CONSEC_REDUCE(0.50)+HARD_RISK_CAP(2.0%)+MAXLOSS_CAP;213107.25;213120.97;33;0
2026.08.17 05:21:17;XAUUSD;5;1786933394;PROFIT_RATCHET_LOCKED;floor=6.32 peak=14.88;MANAGE_PROFIT;SAFE;1;1;1;-1;-1;4397.61;13.68;13.68;14.88;-3.72;KELLY_LITE;true;0.04;213107.25;0.0417;KELLY_LITE(mult=0.95 taper=1.00 n=15)+CONSEC_REDUCE(0.50)+HARD_RISK_CAP(2.0%)+MAXLOSS_CAP;213107.25;213120.93;33;0
2026.08.17 05:21:17;XAUUSD;5;1786933394;PROFIT_RATCHET_LOCKED;floor=6.32 peak=14.88;MANAGE_PROFIT;SAFE;1;1;1;-1;-1;4397.61;13.72;13.72;14.88;-3.72;KELLY_LITE;true;0.04;213107.25;0.0417;KELLY_LITE(mult=0.95 taper=1.00 n=15)+CONSEC_REDUCE(0.50)+HARD_RISK_CAP(2.0%)+MAXLOSS_CAP;213107.25;213120.97;33;0
2026.08.17 05:21:18;XAUUSD;5;1786933394;PROFIT_RATCHET_LOCKED;floor=6.32 peak=14.88;MANAGE_PROFIT;SAFE;1;1;1;-1;-1;4397.61;13.76;13.76;14.88;-3.72;KELLY_LITE;true;0.04;213107.25;0.0417;KELLY_LITE(mult=0.95 taper=1.00 n=15)+CONSEC_REDUCE(0.50)+HARD_RISK_CAP(2.0%)+MAXLOSS_CAP;213107.25;213121.01;33;0
2026.08.17 05:21:19;XAUUSD;5;1786933394;PROFIT_RATCHET_LOCKED;floor=6.32 peak=14.88;MANAGE_PROFIT;SAFE;1;1;1;-1;-1;4397.61;13.56;13.56;14.88;-3.72;KELLY_LITE;true;0.04;213107.25;0.0417;KELLY_LITE(mult=0.95 taper=1.00 n=15)+CONSEC_REDUCE(0.50)+HARD_RISK_CAP(2.0%)+MAXLOSS_CAP;213107.25;213120.81;33;0
2026.08.17 05:21:19;XAUUSD;5;1786933394;PROFIT_RATCHET_LOCKED;floor=6.32 peak=14.88;MANAGE_PROFIT;SAFE;1;1;1;-1;-1;4397.61;13.84;13.84;14.88;-3.72;KELLY_LITE;true;0.04;213107.25;0.0417;KELLY_LITE(mult=0.95 taper=1.00 n=15)+CONSEC_REDUCE(0.50)+HARD_RISK_CAP(2.0%)+MAXLOSS_CAP;213107.25;213121.09;33;0
2026.08.17 05:21:19;XAUUSD;5;1786933394;PROFIT_RATCHET_LOCKED;floor=6.32 peak=14.88;MANAGE_PROFIT;SAFE;1;1;1;-1;-1;4397.61;13.60;13.60;14.88;-3.72;KELLY_LITE;true;0.04;213107.25;0.0417;KELLY_LITE(mult=0.95 taper=1.00 n=15)+CONSEC_REDUCE(0.50)+HARD_RISK_CAP(2.0%)+MAXLOSS_CAP;213107.25;213120.85;33;0
2026.08.17 05:21:20;XAUUSD;5;1786933394;PROFIT_RATCHET_LOCKED;floor=6.32 peak=14.88;MANAGE_PROFIT;SAFE;1;1;1;-1;-1;4397.61;13.52;13.52;14.88;-3.72;KELLY_LITE;true;0.04;213107.25;0.0417;KELLY_LITE(mult=0.95 taper=1.00 n=15)+CONSEC_REDUCE(0.50)+HARD_RISK_CAP(2.0%)+MAXLOSS_CAP;213107.25;213120.77;33;0
2026.08.17 05:21:20;XAUUSD;5;1786933394;PROFIT_RATCHET_LOCKED;floor=6.32 peak=14.88;MANAGE_PROFIT;SAFE;1;1;1;-1;-1;4397.61;13.56;13.56;14.88;-3.72;KELLY_LITE;true;0.04;213107.25;0.0417;KELLY_LITE(mult=0.95 taper=1.00 n=15)+CONSEC_REDUCE(0.50)+HARD_RISK_CAP(2.0%)+MAXLOSS_CAP;213107.25;213120.81;33;0
2026.08.17 05:21:21;XAUUSD;5;1786933394;PROFIT_RATCHET_LOCKED;floor=6.32 peak=14.88;MANAGE_PROFIT;SAFE;1;1;1;-1;-1;4397.61;13.92;13.92;14.88;-3.72;KELLY_LITE;true;0.04;213107.25;0.0417;KELLY_LITE(mult=0.95 taper=1.00 n=15)+CONSEC_REDUCE(0.50)+HARD_RISK_CAP(2.0%)+MAXLOSS_CAP;213107.25;213121.17;33;0
2026.08.17 05:21:21;XAUUSD;5;1786933394;PROFIT_RATCHET_LOCKED;floor=6.32 peak=14.88;MANAGE_PROFIT;SAFE;1;1;1;-1;-1;4397.61;13.68;13.68;14.88;-3.72;KELLY_LITE;true;0.04;213107.25;0.0417;KELLY_LITE(mult=0.95 taper=1.00 n=15)+CONSEC_REDUCE(0.50)+HARD_RISK_CAP(2.0%)+MAXLOSS_CAP;213107.25;213120.93;33;0
2026.08.17 05:21:22;XAUUSD;5;1786933394;PROFIT_RATCHET_LOCKED;floor=6.32 peak=14.88;MANAGE_PROFIT;SAFE;1;1;1;-1;-1;4397.61;13.64;13.64;14.88;-3.72;KELLY_LITE;true;0.04;213107.25;0.0417;KELLY_LITE(mult=0.95 taper=1.00 n=15)+CONSEC_REDUCE(0.50)+HARD_RISK_CAP(2.0%)+MAXLOSS_CAP;213107.25;213120.89;33;0
2026.08.17 05:21:23;XAUUSD;5;1786933394;PROFIT_RATCHET_LOCKED;floor=6.32 peak=14.88;MANAGE_PROFIT;SAFE;1;1;1;-1;-1;4397.61;13.48;13.48;14.88;-3.72;KELLY_LITE;true;0.04;213107.25;0.0417;KELLY_LITE(mult=0.95 taper=1.00 n=15)+CONSEC_REDUCE(0.50)+HARD_RISK_CAP(2.0%)+MAXLOSS_CAP;213107.25;213120.73;33;0
2026.08.17 05:21:24;XAUUSD;5;1786933394;SL_MODIFIED;ticket=119610481 oldSL=4394.65 newSL=4394.58 reason=break_even_lock_leg_0;MANAGE_PROFIT;SAFE;1;1;1;-1;-1;4397.61;14.52;14.52;14.88;-3.72;KELLY_LITE;true;0.04;213107.25;0.0417;KELLY_LITE(mult=0.95 taper=1.00 n=15)+CONSEC_REDUCE(0.50)+HARD_RISK_CAP(2.0%)+MAXLOSS_CAP;213107.25;213121.77;33;0
2026.08.17 05:21:24;XAUUSD;5;1786933394;PROFIT_RATCHET_LOCKED;floor=6.32 peak=14.88;MANAGE_PROFIT;SAFE;1;1;1;-1;-1;4397.61;14.52;14.52;14.88;-3.72;KELLY_LITE;true;0.04;213107.25;0.0417;KELLY_LITE(mult=0.95 taper=1.00 n=15)+CONSEC_REDUCE(0.50)+HARD_RISK_CAP(2.0%)+MAXLOSS_CAP;213107.25;213121.77;33;0
2026.08.17 05:21:24;XAUUSD;5;1786933394;SL_MODIFIED;ticket=119610481 oldSL=4394.58 newSL=4394.50 reason=break_even_lock_leg_0;MANAGE_PROFIT;SAFE;1;1;1;-1;-1;4397.61;15.12;15.12;14.88;-3.72;KELLY_LITE;true;0.04;213107.25;0.0417;KELLY_LITE(mult=0.95 taper=1.00 n=15)+CONSEC_REDUCE(0.50)+HARD_RISK_CAP(2.0%)+MAXLOSS_CAP;213107.25;213122.37;33;0
2026.08.17 05:21:24;XAUUSD;5;1786933394;PROFIT_RATCHET_LOCKED;floor=6.32 peak=14.88;MANAGE_PROFIT;SAFE;1;1;1;-1;-1;4397.61;15.12;15.12;14.88;-3.72;KELLY_LITE;true;0.04;213107.25;0.0417;KELLY_LITE(mult=0.95 taper=1.00 n=15)+CONSEC_REDUCE(0.50)+HARD_RISK_CAP(2.0%)+MAXLOSS_CAP;213107.25;213122.37;33;0
2026.08.17 05:21:25;XAUUSD;5;1786933394;PROFIT_RATCHET_LOCKED;floor=6.43 peak=15.12;MANAGE_PROFIT;SAFE;1;1;1;-1;-1;4397.61;14.36;14.36;15.12;-3.72;KELLY_LITE;true;0.04;213107.25;0.0417;KELLY_LITE(mult=0.95 taper=1.00 n=15)+CONSEC_REDUCE(0.50)+HARD_RISK_CAP(2.0%)+MAXLOSS_CAP;213107.25;213121.61;33;0
2026.08.17 05:21:25;XAUUSD;5;1786933394;PROFIT_RATCHET_LOCKED;floor=6.43 peak=15.12;MANAGE_PROFIT;SAFE;1;1;1;-1;-1;4397.61;14.36;14.36;15.12;-3.72;KELLY_LITE;true;0.04;213107.25;0.0417;KELLY_LITE(mult=0.95 taper=1.00 n=15)+CONSEC_REDUCE(0.50)+HARD_RISK_CAP(2.0%)+MAXLOSS_CAP;213107.25;213121.61;33;0
2026.08.17 05:21:25;XAUUSD;5;1786933394;PROFIT_RATCHET_LOCKED;floor=6.43 peak=15.12;MANAGE_PROFIT;SAFE;1;1;1;-1;-1;4397.61;14.40;14.40;15.12;-3.72;KELLY_LITE;true;0.04;213107.25;0.0417;KELLY_LITE(mult=0.95 taper=1.00 n=15)+CONSEC_REDUCE(0.50)+HARD_RISK_CAP(2.0%)+MAXLOSS_CAP;213107.25;213121.65;33;0
2026.08.17 05:21:25;XAUUSD;5;1786933394;PROFIT_RATCHET_LOCKED;floor=6.43 peak=15.12;MANAGE_PROFIT;SAFE;1;1;1;-1;-1;4397.61;14.00;14.00;15.12;-3.72;KELLY_LITE;true;0.04;213107.25;0.0417;KELLY_LITE(mult=0.95 taper=1.00 n=15)+CONSEC_REDUCE(0.50)+HARD_RISK_CAP(2.0%)+MAXLOSS_CAP;213107.25;213121.25;33;0
2026.08.17 05:21:26;XAUUSD;5;1786933394;SL_MODIFIED;ticket=119610481 oldSL=4394.50 newSL=4394.44 reason=break_even_lock_leg_0;MANAGE_PROFIT;SAFE;1;1;1;-1;-1;4397.61;14.80;14.80;15.12;-3.72;KELLY_LITE;true;0.04;213107.25;0.0417;KELLY_LITE(mult=0.95 taper=1.00 n=15)+CONSEC_REDUCE(0.50)+HARD_RISK_CAP(2.0%)+MAXLOSS_CAP;213107.25;213122.05;33;0
2026.08.17 05:21:26;XAUUSD;5;1786933394;PROFIT_RATCHET_LOCKED;floor=6.43 peak=15.12;MANAGE_PROFIT;SAFE;1;1;1;-1;-1;4397.61;14.80;14.80;15.12;-3.72;KELLY_LITE;true;0.04;213107.25;0.0417;KELLY_LITE(mult=0.95 taper=1.00 n=15)+CONSEC_REDUCE(0.50)+HARD_RISK_CAP(2.0%)+MAXLOSS_CAP;213107.25;213122.05;33;0
2026.08.17 05:21:26;XAUUSD;5;1786933394;SL_MODIFIED;ticket=119610481 oldSL=4394.44 newSL=4394.18 reason=break_even_lock_leg_0;MANAGE_PROFIT;SAFE;1;1;1;-1;-1;4397.61;16.48;16.48;15.80;-3.72;KELLY_LITE;true;0.04;213107.25;0.0417;KELLY_LITE(mult=0.95 taper=1.00 n=15)+CONSEC_REDUCE(0.50)+HARD_RISK_CAP(2.0%)+MAXLOSS_CAP;213107.25;213123.73;33;0
2026.08.17 05:21:26;XAUUSD;5;1786933394;PROFIT_RATCHET_LOCKED;floor=6.71 peak=15.80;MANAGE_PROFIT;SAFE;1;1;1;-1;-1;4397.61;16.48;16.48;15.80;-3.72;KELLY_LITE;true;0.04;213107.25;0.0417;KELLY_LITE(mult=0.95 taper=1.00 n=15)+CONSEC_REDUCE(0.50)+HARD_RISK_CAP(2.0%)+MAXLOSS_CAP;213107.25;213123.73;33;0
2026.08.17 05:21:27;XAUUSD;5;1786933394;PROFIT_RATCHET_LOCKED;floor=7.00 peak=16.48;MANAGE_PROFIT;SAFE;1;1;1;-1;-1;4397.61;15.44;15.44;16.48;-3.72;KELLY_LITE;true;0.04;213107.25;0.0417;KELLY_LITE(mult=0.95 taper=1.00 n=15)+CONSEC_REDUCE(0.50)+HARD_RISK_CAP(2.0%)+MAXLOSS_CAP;213107.25;213122.69;37;0
2026.08.17 05:21:27;XAUUSD;5;1786933394;PROFIT_RATCHET_LOCKED;floor=7.00 peak=16.48;MANAGE_PROFIT;SAFE;1;1;1;-1;-1;4397.61;15.44;15.44;16.48;-3.72;KELLY_LITE;true;0.04;213107.25;0.0417;KELLY_LITE(mult=0.95 taper=1.00 n=15)+CONSEC_REDUCE(0.50)+HARD_RISK_CAP(2.0%)+MAXLOSS_CAP;213107.25;213122.69;37;0
2026.08.17 05:21:27;XAUUSD;5;1786933394;PROFIT_RATCHET_LOCKED;floor=7.00 peak=16.48;MANAGE_PROFIT;SAFE;1;1;1;-1;-1;4397.61;15.40;15.40;16.48;-3.72;KELLY_LITE;true;0.04;213107.25;0.0417;KELLY_LITE(mult=0.95 taper=1.00 n=15)+CONSEC_REDUCE(0.50)+HARD_RISK_CAP(2.0%)+MAXLOSS_CAP;213107.25;213122.65;33;0
2026.08.17 05:21:27;XAUUSD;5;1786933394;SL_MODIFIED;ticket=119610481 oldSL=4394.18 newSL=4394.03 reason=break_even_lock_leg_0;MANAGE_PROFIT;SAFE;1;1;1;-1;-1;4397.61;17.32;17.32;16.48;-3.72;KELLY_LITE;true;0.04;213107.25;0.0417;KELLY_LITE(mult=0.95 taper=1.00 n=15)+CONSEC_REDUCE(0.50)+HARD_RISK_CAP(2.0%)+MAXLOSS_CAP;213107.25;213124.57;33;0
2026.08.17 05:21:27;XAUUSD;5;1786933394;PROFIT_RATCHET_LOCKED;floor=7.00 peak=16.48;MANAGE_PROFIT;SAFE;1;1;1;-1;-1;4397.61;17.32;17.32;16.48;-3.72;KELLY_LITE;true;0.04;213107.25;0.0417;KELLY_LITE(mult=0.95 taper=1.00 n=15)+CONSEC_REDUCE(0.50)+HARD_RISK_CAP(2.0%)+MAXLOSS_CAP;213107.25;213124.57;33;0
2026.08.17 05:21:28;XAUUSD;5;1786933394;SL_MODIFIED;ticket=119610481 oldSL=4394.03 newSL=4393.80 reason=break_even_lock_leg_0;MANAGE_PROFIT;SAFE;1;1;1;-1;-1;4397.61;17.36;17.36;17.32;-3.72;KELLY_LITE;true;0.04;213107.25;0.0417;KELLY_LITE(mult=0.95 taper=1.00 n=15)+CONSEC_REDUCE(0.50)+HARD_RISK_CAP(2.0%)+MAXLOSS_CAP;213107.25;213124.61;33;0
2026.08.17 05:21:28;XAUUSD;5;1786933394;PROFIT_RATCHET_LOCKED;floor=7.36 peak=17.32;MANAGE_PROFIT;SAFE;1;1;1;-1;-1;4397.61;17.36;17.36;17.32;-3.72;KELLY_LITE;true;0.04;213107.25;0.0417;KELLY_LITE(mult=0.95 taper=1.00 n=15)+CONSEC_REDUCE(0.50)+HARD_RISK_CAP(2.0%)+MAXLOSS_CAP;213107.25;213124.61;33;0
2026.08.17 05:21:28;XAUUSD;5;1786933394;PROFIT_RATCHET_LOCKED;floor=7.38 peak=17.36;MANAGE_PROFIT;SAFE;1;1;1;-1;-1;4397.61;17.36;17.36;17.36;-3.72;KELLY_LITE;true;0.04;213107.25;0.0417;KELLY_LITE(mult=0.95 taper=1.00 n=15)+CONSEC_REDUCE(0.50)+HARD_RISK_CAP(2.0%)+MAXLOSS_CAP;213107.25;213124.61;33;0
2026.08.17 05:21:29;XAUUSD;5;1786933394;SL_MODIFIED;ticket=119610481 oldSL=4393.80 newSL=4393.76 reason=break_even_lock_leg_0;MANAGE_PROFIT;SAFE;1;1;1;-1;-1;4397.61;16.72;16.72;17.48;-3.72;KELLY_LITE;true;0.04;213107.25;0.0417;KELLY_LITE(mult=0.95 taper=1.00 n=15)+CONSEC_REDUCE(0.50)+HARD_RISK_CAP(2.0%)+MAXLOSS_CAP;213107.25;213123.97;33;0
2026.08.17 05:21:29;XAUUSD;5;1786933394;PROFIT_RATCHET_LOCKED;floor=7.43 peak=17.48;MANAGE_PROFIT;SAFE;1;1;1;-1;-1;4397.61;16.72;16.72;17.48;-3.72;KELLY_LITE;true;0.04;213107.25;0.0417;KELLY_LITE(mult=0.95 taper=1.00 n=15)+CONSEC_REDUCE(0.50)+HARD_RISK_CAP(2.0%)+MAXLOSS_CAP;213107.25;213123.97;33;0
2026.08.17 05:21:29;XAUUSD;5;1786933394;PROFIT_RATCHET_LOCKED;floor=7.43 peak=17.48;MANAGE_PROFIT;SAFE;1;1;1;-1;-1;4397.61;16.72;16.72;17.48;-3.72;KELLY_LITE;true;0.04;213107.25;0.0417;KELLY_LITE(mult=0.95 taper=1.00 n=15)+CONSEC_REDUCE(0.50)+HARD_RISK_CAP(2.0%)+MAXLOSS_CAP;213107.25;213123.97;33;0
2026.08.17 05:21:30;XAUUSD;5;1786933394;PROFIT_RATCHET_LOCKED;floor=7.43 peak=17.48;MANAGE_PROFIT;SAFE;1;1;1;-1;-1;4397.61;16.28;16.28;17.48;-3.72;KELLY_LITE;true;0.04;213107.25;0.0417;KELLY_LITE(mult=0.95 taper=1.00 n=15)+CONSEC_REDUCE(0.50)+HARD_RISK_CAP(2.0%)+MAXLOSS_CAP;213107.25;213123.53;33;0
2026.08.17 05:21:30;XAUUSD;5;1786933394;PROFIT_RATCHET_LOCKED;floor=7.43 peak=17.48;MANAGE_PROFIT;SAFE;1;1;1;-1;-1;4397.61;16.48;16.48;17.48;-3.72;KELLY_LITE;true;0.04;213107.25;0.0417;KELLY_LITE(mult=0.95 taper=1.00 n=15)+CONSEC_REDUCE(0.50)+HARD_RISK_CAP(2.0%)+MAXLOSS_CAP;213107.25;213123.73;33;0
2026.08.17 05:21:31;XAUUSD;5;1786933394;PROFIT_RATCHET_LOCKED;floor=7.43 peak=17.48;MANAGE_PROFIT;SAFE;1;1;1;-1;-1;4397.61;16.36;16.36;17.48;-3.72;KELLY_LITE;true;0.04;213107.25;0.0417;KELLY_LITE(mult=0.95 taper=1.00 n=15)+CONSEC_REDUCE(0.50)+HARD_RISK_CAP(2.0%)+MAXLOSS_CAP;213107.25;213123.61;33;0
2026.08.17 05:21:31;XAUUSD;5;1786933394;PROFIT_RATCHET_LOCKED;floor=7.43 peak=17.48;MANAGE_PROFIT;SAFE;1;1;1;-1;-1;4397.61;16.52;16.52;17.48;-3.72;KELLY_LITE;true;0.04;213107.25;0.0417;KELLY_LITE(mult=0.95 taper=1.00 n=15)+CONSEC_REDUCE(0.50)+HARD_RISK_CAP(2.0%)+MAXLOSS_CAP;213107.25;213123.77;33;0
2026.08.17 05:21:31;XAUUSD;5;1786933394;PROFIT_RATCHET_LOCKED;floor=7.43 peak=17.48;MANAGE_PROFIT;SAFE;1;1;1;-1;-1;4397.61;16.60;16.60;17.48;-3.72;KELLY_LITE;true;0.04;213107.25;0.0417;KELLY_LITE(mult=0.95 taper=1.00 n=15)+CONSEC_REDUCE(0.50)+HARD_RISK_CAP(2.0%)+MAXLOSS_CAP;213107.25;213123.85;33;0
2026.08.17 05:21:32;XAUUSD;5;1786933394;PROFIT_RATCHET_LOCKED;floor=7.43 peak=17.48;MANAGE_PROFIT;SAFE;1;1;1;-1;-1;4397.61;16.84;16.84;17.48;-3.72;KELLY_LITE;true;0.04;213107.25;0.0417;KELLY_LITE(mult=0.95 taper=1.00 n=15)+CONSEC_REDUCE(0.50)+HARD_RISK_CAP(2.0%)+MAXLOSS_CAP;213107.25;213124.09;33;0
2026.08.17 05:21:32;XAUUSD;5;1786933394;PROFIT_RATCHET_LOCKED;floor=7.43 peak=17.48;MANAGE_PROFIT;SAFE;1;1;1;-1;-1;4397.61;17.12;17.12;17.48;-3.72;KELLY_LITE;true;0.04;213107.25;0.0417;KELLY_LITE(mult=0.95 taper=1.00 n=15)+CONSEC_REDUCE(0.50)+HARD_RISK_CAP(2.0%)+MAXLOSS_CAP;213107.25;213124.37;33;0
2026.08.17 05:21:32;XAUUSD;5;1786933394;PROFIT_RATCHET_LOCKED;floor=7.43 peak=17.48;MANAGE_PROFIT;SAFE;1;1;1;-1;-1;4397.61;17.16;17.16;17.48;-3.72;KELLY_LITE;true;0.04;213107.25;0.0417;KELLY_LITE(mult=0.95 taper=1.00 n=15)+CONSEC_REDUCE(0.50)+HARD_RISK_CAP(2.0%)+MAXLOSS_CAP;213107.25;213124.41;33;0
2026.08.17 05:21:33;XAUUSD;5;1786933394;PROFIT_RATCHET_LOCKED;floor=7.43 peak=17.48;MANAGE_PROFIT;SAFE;1;1;1;-1;-1;4397.61;16.60;16.60;17.48;-3.72;KELLY_LITE;true;0.04;213107.25;0.0417;KELLY_LITE(mult=0.95 taper=1.00 n=15)+CONSEC_REDUCE(0.50)+HARD_RISK_CAP(2.0%)+MAXLOSS_CAP;213107.25;213123.85;33;0
2026.08.17 05:21:33;XAUUSD;5;1786933394;PROFIT_RATCHET_LOCKED;floor=7.43 peak=17.48;MANAGE_PROFIT;SAFE;1;1;1;-1;-1;4397.61;16.44;16.44;17.48;-3.72;KELLY_LITE;true;0.04;213107.25;0.0417;KELLY_LITE(mult=0.95 taper=1.00 n=15)+CONSEC_REDUCE(0.50)+HARD_RISK_CAP(2.0%)+MAXLOSS_CAP;213107.25;213123.69;33;0
2026.08.17 05:21:33;XAUUSD;5;1786933394;PROFIT_RATCHET_LOCKED;floor=7.43 peak=17.48;MANAGE_PROFIT;SAFE;1;1;1;-1;-1;4397.61;16.48;16.48;17.48;-3.72;KELLY_LITE;true;0.04;213107.25;0.0417;KELLY_LITE(mult=0.95 taper=1.00 n=15)+CONSEC_REDUCE(0.50)+HARD_RISK_CAP(2.0%)+MAXLOSS_CAP;213107.25;213123.73;33;0
2026.08.17 05:21:34;XAUUSD;5;1786933394;PROFIT_RATCHET_LOCKED;floor=7.43 peak=17.48;MANAGE_PROFIT;SAFE;1;1;1;-1;-1;4397.61;16.40;16.40;17.48;-3.72;KELLY_LITE;true;0.04;213107.25;0.0417;KELLY_LITE(mult=0.95 taper=1.00 n=15)+CONSEC_REDUCE(0.50)+HARD_RISK_CAP(2.0%)+MAXLOSS_CAP;213107.25;213123.65;33;0
2026.08.17 05:21:36;XAUUSD;5;1786933394;PROFIT_RATCHET_LOCKED;floor=7.43 peak=17.48;MANAGE_PROFIT;SAFE;1;1;1;-1;-1;4397.61;16.48;16.48;17.48;-3.72;KELLY_LITE;true;0.04;213107.25;0.0417;KELLY_LITE(mult=0.95 taper=1.00 n=15)+CONSEC_REDUCE(0.50)+HARD_RISK_CAP(2.0%)+MAXLOSS_CAP;213107.25;213123.73;33;0
2026.08.17 05:21:36;XAUUSD;5;1786933394;PROFIT_RATCHET_LOCKED;floor=7.43 peak=17.48;MANAGE_PROFIT;SAFE;1;1;1;-1;-1;4397.61;16.36;16.36;17.48;-3.72;KELLY_LITE;true;0.04;213107.25;0.0417;KELLY_LITE(mult=0.95 taper=1.00 n=15)+CONSEC_REDUCE(0.50)+HARD_RISK_CAP(2.0%)+MAXLOSS_CAP;213107.25;213123.61;33;0
2026.08.17 05:21:38;XAUUSD;5;1786933394;PROFIT_RATCHET_LOCKED;floor=7.43 peak=17.48;MANAGE_PROFIT;SAFE;1;1;1;-1;-1;4397.61;16.40;16.40;17.48;-3.72;KELLY_LITE;true;0.04;213107.25;0.0417;KELLY_LITE(mult=0.95 taper=1.00 n=15)+CONSEC_REDUCE(0.50)+HARD_RISK_CAP(2.0%)+MAXLOSS_CAP;213107.25;213123.65;33;0
2026.08.17 05:21:39;XAUUSD;5;1786933394;PROFIT_RATCHET_LOCKED;floor=7.43 peak=17.48;MANAGE_PROFIT;SAFE;1;1;1;-1;-1;4397.61;16.44;16.44;17.48;-3.72;KELLY_LITE;true;0.04;213107.25;0.0417;KELLY_LITE(mult=0.95 taper=1.00 n=15)+CONSEC_REDUCE(0.50)+HARD_RISK_CAP(2.0%)+MAXLOSS_CAP;213107.25;213123.69;33;0
2026.08.17 05:21:39;XAUUSD;5;1786933394;PROFIT_RATCHET_LOCKED;floor=7.43 peak=17.48;MANAGE_PROFIT;SAFE;1;1;1;-1;-1;4397.61;16.36;16.36;17.48;-3.72;KELLY_LITE;true;0.04;213107.25;0.0417;KELLY_LITE(mult=0.95 taper=1.00 n=15)+CONSEC_REDUCE(0.50)+HARD_RISK_CAP(2.0%)+MAXLOSS_CAP;213107.25;213123.61;33;0
2026.08.17 05:21:40;XAUUSD;5;1786933394;RECONCILED_BROKER_CLOSE;ticket=119610481 type=main pnl=15.40;MANAGE_PROFIT;SAFE;0;1;1;-1;-1;4397.61;0.00;0.00;17.48;-3.72;KELLY_LITE;true;0.04;213107.25;0.0417;KELLY_LITE(mult=0.95 taper=1.00 n=15)+CONSEC_REDUCE(0.50)+HARD_RISK_CAP(2.0%)+MAXLOSS_CAP;213122.65;213122.65;33;0
2026.08.17 05:21:41;XAUUSD;5;1786933394;PENDING_DELETED;ticket=119610776 reason=main_gone_hedge_pending;WAIT_TRIGGER;SAFE;0;0;1;-1;-1;4397.61;0.00;0.00;17.48;-3.72;KELLY_LITE;true;0.04;213107.25;0.0417;KELLY_LITE(mult=0.95 taper=1.00 n=15)+CONSEC_REDUCE(0.50)+HARD_RISK_CAP(2.0%)+MAXLOSS_CAP;213122.65;213122.65;33;0
2026.08.17 05:21:41;XAUUSD;5;1786933394;HEDGE_PENDING_CLEANUP;main_position_gone;WAIT_TRIGGER;SAFE;0;0;1;-1;-1;4397.61;0.00;0.00;17.48;-3.72;KELLY_LITE;true;0.04;213107.25;0.0417;KELLY_LITE(mult=0.95 taper=1.00 n=15)+CONSEC_REDUCE(0.50)+HARD_RISK_CAP(2.0%)+MAXLOSS_CAP;213122.65;213122.65;33;0
2026.08.17 05:21:41;XAUUSD;5;1786933394;CYCLE_RESET;oldState=WAIT_TRIGGER realizedPnL=15.40 peak=17.48 worst=-3.72 pyramid=1 consLosses=0;WAIT_TRIGGER;SAFE;0;0;1;-1;-1;4397.61;0.00;0.00;17.48;-3.72;KELLY_LITE;true;0.04;213107.25;0.0417;KELLY_LITE(mult=0.95 taper=1.00 n=15)+CONSEC_REDUCE(0.50)+HARD_RISK_CAP(2.0%)+MAXLOSS_CAP;213122.65;213122.65;33;0
2026.08.17 05:26:43;XAUUSD;5;1786933395;PLACE_PENDING_START;cycle=1786933395 trend=0 consecLosses=0 preset=AGGRESSIVE;PLACE_PENDING;SAFE;0;0;0;-1;-1;0.00;0.00;0.00;0.00;0.00;KELLY_LITE;true;0.04;213107.25;0.0417;KELLY_LITE(mult=0.95 taper=1.00 n=15)+CONSEC_REDUCE(0.50)+HARD_RISK_CAP(2.0%)+MAXLOSS_CAP;213122.65;213122.65;33;0
2026.08.17 05:26:43;XAUUSD;5;1786933395;OCO_PLACED;buy=119611985 4395.22 lot=0.04 sell=119611986 4391.89 lot=0.04 dist=1.50;WAIT_TRIGGER;SAFE;0;2;0;119611985;119611986;0.00;0.00;0.00;0.00;0.00;KELLY_LITE;true;0.04;213122.65;0.0417;KELLY_LITE(mult=1.00 taper=1.00 n=16)+HARD_RISK_CAP(2.0%)+MAXLOSS_CAP;213122.65;213122.65;33;0
2026.08.17 05:27:14;XAUUSD;5;1786933395;BUY_STOP_TRAILED;Old=4395.22 New=4394.91;WAIT_TRIGGER;SAFE;0;2;0;119611985;119611986;0.00;0.00;0.00;0.00;0.00;KELLY_LITE;true;0.04;213122.65;0.0417;KELLY_LITE(mult=1.00 taper=1.00 n=16)+HARD_RISK_CAP(2.0%)+MAXLOSS_CAP;213122.65;213122.65;33;0
2026.08.17 05:28:05;XAUUSD;5;1786933395;BUY_STOP_TRAILED;Old=4394.91 New=4394.42;WAIT_TRIGGER;SAFE;0;2;0;119611985;119611986;0.00;0.00;0.00;0.00;0.00;KELLY_LITE;true;0.04;213122.65;0.0417;KELLY_LITE(mult=1.00 taper=1.00 n=16)+HARD_RISK_CAP(2.0%)+MAXLOSS_CAP;213122.65;213122.65;33;0
2026.08.17 05:28:25;XAUUSD;5;1786933395;BUY_STOP_TRAILED;Old=4394.42 New=4394.02;WAIT_TRIGGER;SAFE;0;2;0;119611985;119611986;0.00;0.00;0.00;0.00;0.00;KELLY_LITE;true;0.04;213122.65;0.0417;KELLY_LITE(mult=1.00 taper=1.00 n=16)+HARD_RISK_CAP(2.0%)+MAXLOSS_CAP;213122.65;213122.65;33;0
2026.08.17 05:28:26;XAUUSD;5;1786933395;OCO_TRIGGERED_SELL;ticket=119611986 entry=4391.89;POSITION_ACTIVE;SAFE;1;1;0;119611985;-1;0.00;0.40;-0.92;0.00;0.00;KELLY_LITE;true;0.04;213122.65;0.0417;KELLY_LITE(mult=1.00 taper=1.00 n=16)+HARD_RISK_CAP(2.0%)+MAXLOSS_CAP;213122.65;213123.05;33;0
2026.08.17 05:28:26;XAUUSD;5;1786933395;PENDING_DELETED;ticket=119611985 reason=oco_sell_triggered;POSITION_ACTIVE;SAFE;1;0;0;119611985;-1;0.00;2.64;2.64;0.00;0.00;KELLY_LITE;true;0.04;213122.65;0.0417;KELLY_LITE(mult=1.00 taper=1.00 n=16)+HARD_RISK_CAP(2.0%)+MAXLOSS_CAP;213122.65;213125.29;33;0
2026.08.17 05:28:27;XAUUSD;5;1786933395;HEDGE_PENDING_PLACED;dir=BUY_STOP ticket=119612169 price=4394.23 sl=4391.23 lot=0.05 mainEntry=4391.89 dist=3.00 confirmBars=1;POSITION_ACTIVE;SAFE;1;1;1;-1;-1;4391.89;2.52;2.52;2.64;0.00;KELLY_LITE;true;0.04;213122.65;0.0417;KELLY_LITE(mult=1.00 taper=1.00 n=16)+HARD_RISK_CAP(2.0%)+MAXLOSS_CAP;213122.65;213125.17;33;0
2026.08.17 05:28:27;XAUUSD;5;1786933395;SL_MODIFIED;ticket=119611986 oldSL=4406.89 newSL=4393.89 reason=early_loss_hard_sl_leg_0;MANAGE_PROFIT;SAFE;1;1;1;-1;-1;4391.89;2.32;2.32;2.64;0.00;KELLY_LITE;true;0.04;213122.65;0.0417;KELLY_LITE(mult=1.00 taper=1.00 n=16)+HARD_RISK_CAP(2.0%)+MAXLOSS_CAP;213122.65;213124.97;33;0
2026.08.17 05:31:41;XAUUSD;5;1786933395;SL_MODIFIED;ticket=119611986 oldSL=4393.89 newSL=4390.36 reason=break_even_lock_leg_0;MANAGE_PROFIT;SAFE;1;1;1;-1;-1;4391.89;8.28;8.28;8.20;0.00;KELLY_LITE;true;0.04;213122.65;0.0417;KELLY_LITE(mult=1.00 taper=1.00 n=16)+HARD_RISK_CAP(2.0%)+MAXLOSS_CAP;213122.65;213130.93;33;0
2026.08.17 05:31:41;XAUUSD;5;1786933395;PROFIT_RATCHET_LOCKED;floor=3.48 peak=8.20;MANAGE_PROFIT;SAFE;1;1;1;-1;-1;4391.89;8.28;8.28;8.20;0.00;KELLY_LITE;true;0.04;213122.65;0.0417;KELLY_LITE(mult=1.00 taper=1.00 n=16)+HARD_RISK_CAP(2.0%)+MAXLOSS_CAP;213122.65;213130.93;33;0
2026.08.17 05:31:41;XAUUSD;5;1786933395;PROFIT_RATCHET_LOCKED;floor=3.52 peak=8.28;MANAGE_PROFIT;SAFE;1;1;1;-1;-1;4391.89;8.28;8.28;8.28;0.00;KELLY_LITE;true;0.04;213122.65;0.0417;KELLY_LITE(mult=1.00 taper=1.00 n=16)+HARD_RISK_CAP(2.0%)+MAXLOSS_CAP;213122.65;213130.93;33;0
2026.08.17 05:31:42;XAUUSD;5;1786933395;SL_MODIFY_FAILED;ticket=119611986 newSL=4390.32 reason=break_even_lock_leg_0 err=0;MANAGE_PROFIT;SAFE;1;1;1;-1;-1;4391.89;8.24;8.24;8.36;0.00;KELLY_LITE;true;0.04;213122.65;0.0417;KELLY_LITE(mult=1.00 taper=1.00 n=16)+HARD_RISK_CAP(2.0%)+MAXLOSS_CAP;213122.65;213130.89;33;0
2026.08.17 05:31:42;XAUUSD;5;1786933395;PROFIT_RATCHET_LOCKED;floor=3.55 peak=8.36;MANAGE_PROFIT;SAFE;1;1;1;-1;-1;4391.89;8.24;8.24;8.36;0.00;KELLY_LITE;true;0.04;213122.65;0.0417;KELLY_LITE(mult=1.00 taper=1.00 n=16)+HARD_RISK_CAP(2.0%)+MAXLOSS_CAP;213122.65;213130.89;33;0
2026.08.17 05:31:42;XAUUSD;5;1786933395;PROFIT_RATCHET_LOCKED;floor=3.55 peak=8.36;MANAGE_PROFIT;SAFE;1;1;1;-1;-1;4391.89;8.24;8.24;8.36;0.00;KELLY_LITE;true;0.04;213122.65;0.0417;KELLY_LITE(mult=1.00 taper=1.00 n=16)+HARD_RISK_CAP(2.0%)+MAXLOSS_CAP;213122.65;213130.89;33;0
2026.08.17 05:31:42;XAUUSD;5;1786933395;SL_MODIFIED;ticket=119611986 oldSL=4390.36 newSL=4390.33 reason=break_even_lock_leg_0;MANAGE_PROFIT;SAFE;1;1;1;-1;-1;4391.89;9.16;9.16;8.36;0.00;KELLY_LITE;true;0.04;213122.65;0.0417;KELLY_LITE(mult=1.00 taper=1.00 n=16)+HARD_RISK_CAP(2.0%)+MAXLOSS_CAP;213122.65;213131.81;33;0
2026.08.17 05:31:42;XAUUSD;5;1786933395;PROFIT_RATCHET_LOCKED;floor=3.55 peak=8.36;MANAGE_PROFIT;SAFE;1;1;1;-1;-1;4391.89;9.16;9.16;8.36;0.00;KELLY_LITE;true;0.04;213122.65;0.0417;KELLY_LITE(mult=1.00 taper=1.00 n=16)+HARD_RISK_CAP(2.0%)+MAXLOSS_CAP;213122.65;213131.81;33;0
2026.08.17 05:31:43;XAUUSD;5;1786933395;SL_MODIFIED;ticket=119611986 oldSL=4390.33 newSL=4390.12 reason=break_even_lock_leg_0;MANAGE_PROFIT;SAFE;1;1;1;-1;-1;4391.89;9.36;9.36;9.16;0.00;KELLY_LITE;true;0.04;213122.65;0.0417;KELLY_LITE(mult=1.00 taper=1.00 n=16)+HARD_RISK_CAP(2.0%)+MAXLOSS_CAP;213122.65;213132.01;33;0
2026.08.17 05:31:43;XAUUSD;5;1786933395;PROFIT_RATCHET_LOCKED;floor=3.89 peak=9.16;MANAGE_PROFIT;SAFE;1;1;1;-1;-1;4391.89;9.36;9.36;9.16;0.00;KELLY_LITE;true;0.04;213122.65;0.0417;KELLY_LITE(mult=1.00 taper=1.00 n=16)+HARD_RISK_CAP(2.0%)+MAXLOSS_CAP;213122.65;213132.01;33;0
2026.08.17 05:31:43;XAUUSD;5;1786933395;SL_MODIFIED;ticket=119611986 oldSL=4390.12 newSL=4390.07 reason=break_even_lock_leg_0;MANAGE_PROFIT;SAFE;1;1;1;-1;-1;4391.89;10.16;10.16;9.36;0.00;KELLY_LITE;true;0.04;213122.65;0.0417;KELLY_LITE(mult=1.00 taper=1.00 n=16)+HARD_RISK_CAP(2.0%)+MAXLOSS_CAP;213122.65;213132.81;33;0
2026.08.17 05:31:43;XAUUSD;5;1786933395;PROFIT_RATCHET_LOCKED;floor=3.98 peak=9.36;MANAGE_PROFIT;SAFE;1;1;1;-1;-1;4391.89;10.16;10.16;9.36;0.00;KELLY_LITE;true;0.04;213122.65;0.0417;KELLY_LITE(mult=1.00 taper=1.00 n=16)+HARD_RISK_CAP(2.0%)+MAXLOSS_CAP;213122.65;213132.81;33;0
2026.08.17 05:31:43;XAUUSD;5;1786933395;SL_MODIFIED;ticket=119611986 oldSL=4390.07 newSL=4389.87 reason=break_even_lock_leg_0;MANAGE_PROFIT;SAFE;1;1;1;-1;-1;4391.89;10.16;10.16;10.16;0.00;KELLY_LITE;true;0.04;213122.65;0.0417;KELLY_LITE(mult=1.00 taper=1.00 n=16)+HARD_RISK_CAP(2.0%)+MAXLOSS_CAP;213122.65;213132.81;33;0
2026.08.17 05:31:43;XAUUSD;5;1786933395;PROFIT_RATCHET_LOCKED;floor=4.32 peak=10.16;MANAGE_PROFIT;SAFE;1;1;1;-1;-1;4391.89;10.16;10.16;10.16;0.00;KELLY_LITE;true;0.04;213122.65;0.0417;KELLY_LITE(mult=1.00 taper=1.00 n=16)+HARD_RISK_CAP(2.0%)+MAXLOSS_CAP;213122.65;213132.81;33;0
2026.08.17 05:31:44;XAUUSD;5;1786933395;PROFIT_RATCHET_LOCKED;floor=4.32 peak=10.16;MANAGE_PROFIT;SAFE;1;1;1;-1;-1;4391.89;10.12;10.12;10.16;0.00;KELLY_LITE;true;0.04;213122.65;0.0417;KELLY_LITE(mult=1.00 taper=1.00 n=16)+HARD_RISK_CAP(2.0%)+MAXLOSS_CAP;213122.65;213132.77;33;0
2026.08.17 05:31:45;XAUUSD;5;1786933395;PROFIT_RATCHET_LOCKED;floor=4.35 peak=10.24;MANAGE_PROFIT;SAFE;1;1;1;-1;-1;4391.89;10.24;10.24;10.24;0.00;KELLY_LITE;true;0.04;213122.65;0.0417;KELLY_LITE(mult=1.00 taper=1.00 n=16)+HARD_RISK_CAP(2.0%)+MAXLOSS_CAP;213122.65;213132.89;33;0
2026.08.17 05:31:45;XAUUSD;5;1786933395;PROFIT_RATCHET_LOCKED;floor=4.35 peak=10.24;MANAGE_PROFIT;SAFE;1;1;1;-1;-1;4391.89;10.12;10.12;10.24;0.00;KELLY_LITE;true;0.04;213122.65;0.0417;KELLY_LITE(mult=1.00 taper=1.00 n=16)+HARD_RISK_CAP(2.0%)+MAXLOSS_CAP;213122.65;213132.77;33;0
2026.08.17 05:31:45;XAUUSD;5;1786933395;PROFIT_RATCHET_LOCKED;floor=4.35 peak=10.24;MANAGE_PROFIT;SAFE;1;1;1;-1;-1;4391.89;9.72;9.72;10.24;0.00;KELLY_LITE;true;0.04;213122.65;0.0417;KELLY_LITE(mult=1.00 taper=1.00 n=16)+HARD_RISK_CAP(2.0%)+MAXLOSS_CAP;213122.65;213132.37;33;0
2026.08.17 05:31:45;XAUUSD;5;1786933395;PROFIT_RATCHET_LOCKED;floor=4.35 peak=10.24;MANAGE_PROFIT;SAFE;1;1;1;-1;-1;4391.89;9.64;9.64;10.24;0.00;KELLY_LITE;true;0.04;213122.65;0.0417;KELLY_LITE(mult=1.00 taper=1.00 n=16)+HARD_RISK_CAP(2.0%)+MAXLOSS_CAP;213122.65;213132.29;33;0
2026.08.17 05:31:45;XAUUSD;5;1786933395;PROFIT_RATCHET_LOCKED;floor=4.35 peak=10.24;MANAGE_PROFIT;SAFE;1;1;1;-1;-1;4391.89;9.80;9.80;10.24;0.00;KELLY_LITE;true;0.04;213122.65;0.0417;KELLY_LITE(mult=1.00 taper=1.00 n=16)+HARD_RISK_CAP(2.0%)+MAXLOSS_CAP;213122.65;213132.45;33;0
2026.08.17 05:31:46;XAUUSD;5;1786933395;PROFIT_RATCHET_LOCKED;floor=4.35 peak=10.24;MANAGE_PROFIT;SAFE;1;1;1;-1;-1;4391.89;9.84;9.84;10.24;0.00;KELLY_LITE;true;0.04;213122.65;0.0417;KELLY_LITE(mult=1.00 taper=1.00 n=16)+HARD_RISK_CAP(2.0%)+MAXLOSS_CAP;213122.65;213132.49;33;0
2026.08.17 05:31:50;XAUUSD;5;1786933395;PROFIT_RATCHET_LOCKED;floor=4.35 peak=10.24;MANAGE_PROFIT;SAFE;1;1;1;-1;-1;4391.89;10.04;10.04;10.24;0.00;KELLY_LITE;true;0.04;213122.65;0.0417;KELLY_LITE(mult=1.00 taper=1.00 n=16)+HARD_RISK_CAP(2.0%)+MAXLOSS_CAP;213122.65;213132.69;33;0
2026.08.17 05:31:50;XAUUSD;5;1786933395;PROFIT_RATCHET_LOCKED;floor=4.35 peak=10.24;MANAGE_PROFIT;SAFE;1;1;1;-1;-1;4391.89;9.72;9.72;10.24;0.00;KELLY_LITE;true;0.04;213122.65;0.0417;KELLY_LITE(mult=1.00 taper=1.00 n=16)+HARD_RISK_CAP(2.0%)+MAXLOSS_CAP;213122.65;213132.37;33;0
2026.08.17 05:31:51;XAUUSD;5;1786933395;PROFIT_RATCHET_LOCKED;floor=4.35 peak=10.24;MANAGE_PROFIT;SAFE;1;1;1;-1;-1;4391.89;9.68;9.68;10.24;0.00;KELLY_LITE;true;0.04;213122.65;0.0417;KELLY_LITE(mult=1.00 taper=1.00 n=16)+HARD_RISK_CAP(2.0%)+MAXLOSS_CAP;213122.65;213132.33;33;0
2026.08.17 05:31:51;XAUUSD;5;1786933395;PROFIT_RATCHET_LOCKED;floor=4.35 peak=10.24;MANAGE_PROFIT;SAFE;1;1;1;-1;-1;4391.89;9.60;9.60;10.24;0.00;KELLY_LITE;true;0.04;213122.65;0.0417;KELLY_LITE(mult=1.00 taper=1.00 n=16)+HARD_RISK_CAP(2.0%)+MAXLOSS_CAP;213122.65;213132.25;33;0
2026.08.17 05:31:52;XAUUSD;5;1786933395;PROFIT_RATCHET_LOCKED;floor=4.35 peak=10.24;MANAGE_PROFIT;SAFE;1;1;1;-1;-1;4391.89;9.68;9.68;10.24;0.00;KELLY_LITE;true;0.04;213122.65;0.0417;KELLY_LITE(mult=1.00 taper=1.00 n=16)+HARD_RISK_CAP(2.0%)+MAXLOSS_CAP;213122.65;213132.33;33;0
2026.08.17 05:31:52;XAUUSD;5;1786933395;PROFIT_RATCHET_LOCKED;floor=4.35 peak=10.24;MANAGE_PROFIT;SAFE;1;1;1;-1;-1;4391.89;9.60;9.60;10.24;0.00;KELLY_LITE;true;0.04;213122.65;0.0417;KELLY_LITE(mult=1.00 taper=1.00 n=16)+HARD_RISK_CAP(2.0%)+MAXLOSS_CAP;213122.65;213132.25;33;0
2026.08.17 05:31:53;XAUUSD;5;1786933395;PROFIT_RATCHET_LOCKED;floor=4.35 peak=10.24;MANAGE_PROFIT;SAFE;1;1;1;-1;-1;4391.89;9.68;9.68;10.24;0.00;KELLY_LITE;true;0.04;213122.65;0.0417;KELLY_LITE(mult=1.00 taper=1.00 n=16)+HARD_RISK_CAP(2.0%)+MAXLOSS_CAP;213122.65;213132.33;33;0
2026.08.17 05:31:54;XAUUSD;5;1786933395;PROFIT_RATCHET_LOCKED;floor=4.35 peak=10.24;MANAGE_PROFIT;SAFE;1;1;1;-1;-1;4391.89;9.64;9.64;10.24;0.00;KELLY_LITE;true;0.04;213122.65;0.0417;KELLY_LITE(mult=1.00 taper=1.00 n=16)+HARD_RISK_CAP(2.0%)+MAXLOSS_CAP;213122.65;213132.29;33;0
2026.08.17 05:31:55;XAUUSD;5;1786933395;PROFIT_RATCHET_LOCKED;floor=4.35 peak=10.24;MANAGE_PROFIT;SAFE;1;1;1;-1;-1;4391.89;9.48;9.48;10.24;0.00;KELLY_LITE;true;0.04;213122.65;0.0417;KELLY_LITE(mult=1.00 taper=1.00 n=16)+HARD_RISK_CAP(2.0%)+MAXLOSS_CAP;213122.65;213132.13;33;0
2026.08.17 05:31:55;XAUUSD;5;1786933395;PROFIT_RATCHET_LOCKED;floor=4.35 peak=10.24;MANAGE_PROFIT;SAFE;1;1;1;-1;-1;4391.89;9.32;9.32;10.24;0.00;KELLY_LITE;true;0.04;213122.65;0.0417;KELLY_LITE(mult=1.00 taper=1.00 n=16)+HARD_RISK_CAP(2.0%)+MAXLOSS_CAP;213122.65;213131.97;33;0
2026.08.17 05:31:55;XAUUSD;5;1786933395;PROFIT_RATCHET_LOCKED;floor=4.35 peak=10.24;MANAGE_PROFIT;SAFE;1;1;1;-1;-1;4391.89;9.44;9.44;10.24;0.00;KELLY_LITE;true;0.04;213122.65;0.0417;KELLY_LITE(mult=1.00 taper=1.00 n=16)+HARD_RISK_CAP(2.0%)+MAXLOSS_CAP;213122.65;213132.09;33;0
2026.08.17 05:31:58;XAUUSD;5;1786933395;EXIT_TIERED_TRAIL;profit=8.76 peak=10.24 allowedRetrace=1.23;MANAGE_PROFIT;SAFE;1;1;1;-1;-1;4391.89;8.76;8.76;10.24;0.00;KELLY_LITE;true;0.04;213122.65;0.0417;KELLY_LITE(mult=1.00 taper=1.00 n=16)+HARD_RISK_CAP(2.0%)+MAXLOSS_CAP;213122.65;213131.41;33;0
2026.08.17 05:31:58;XAUUSD;5;1786933395;POSITION_CLOSED;ticket=119611986 reason=tiered_profit_trail lots=0.04 price=4389.70 pnl=8.76;MANAGE_PROFIT;SAFE;0;1;1;-1;-1;4391.89;0.00;0.00;10.24;0.00;KELLY_LITE;true;0.04;213122.65;0.0417;KELLY_LITE(mult=1.00 taper=1.00 n=16)+HARD_RISK_CAP(2.0%)+MAXLOSS_CAP;213131.33;213131.33;33;0
2026.08.17 05:31:59;XAUUSD;5;1786933395;PENDING_DELETED;ticket=119612169 reason=close_all_hedge;MANAGE_PROFIT;SAFE;0;0;0;-1;-1;4391.89;0.00;0.00;10.24;0.00;KELLY_LITE;true;0.04;213122.65;0.0417;KELLY_LITE(mult=1.00 taper=1.00 n=16)+HARD_RISK_CAP(2.0%)+MAXLOSS_CAP;213131.33;213131.33;33;0
2026.08.17 05:31:59;XAUUSD;5;1786933395;CYCLE_RESET;oldState=RESET realizedPnL=8.68 peak=10.24 worst=0.00 pyramid=0 consLosses=0;RESET;SAFE;0;0;0;-1;-1;4391.89;0.00;0.00;10.24;0.00;KELLY_LITE;true;0.04;213122.65;0.0417;KELLY_LITE(mult=1.00 taper=1.00 n=16)+HARD_RISK_CAP(2.0%)+MAXLOSS_CAP;213131.33;213131.33;33;0
2026.08.17 05:36:59;XAUUSD;5;1786933396;PLACE_PENDING_START;cycle=1786933396 trend=0 consecLosses=0 preset=AGGRESSIVE;PLACE_PENDING;SAFE;0;0;0;-1;-1;0.00;0.00;0.00;0.00;0.00;KELLY_LITE;true;0.04;213122.65;0.0417;KELLY_LITE(mult=1.00 taper=1.00 n=16)+HARD_RISK_CAP(2.0%)+MAXLOSS_CAP;213131.33;213131.33;37;0
2026.08.17 05:37:00;XAUUSD;5;1786933396;OCO_PLACED;buy=119613255 4392.85 lot=0.04 sell=119613258 4389.48 lot=0.04 dist=1.50;WAIT_TRIGGER;SAFE;0;2;0;119613255;119613258;0.00;0.00;0.00;0.00;0.00;KELLY_LITE;true;0.04;213131.33;0.0417;KELLY_LITE(mult=1.05 taper=1.00 n=17)+HARD_RISK_CAP(2.0%)+MAXLOSS_CAP;213131.33;213131.33;33;0
2026.08.17 05:37:00;XAUUSD;5;1786933396;SELL_STOP_TRAILED;Old=4389.48 New=4389.84;WAIT_TRIGGER;SAFE;0;2;0;119613255;119613258;0.00;0.00;0.00;0.00;0.00;KELLY_LITE;true;0.04;213131.33;0.0417;KELLY_LITE(mult=1.05 taper=1.00 n=17)+HARD_RISK_CAP(2.0%)+MAXLOSS_CAP;213131.33;213131.33;33;0
2026.08.17 05:37:01;XAUUSD;5;1786933396;SELL_STOP_TRAILED;Old=4389.84 New=4390.17;WAIT_TRIGGER;SAFE;0;2;0;119613255;119613258;0.00;0.00;0.00;0.00;0.00;KELLY_LITE;true;0.04;213131.33;0.0417;KELLY_LITE(mult=1.05 taper=1.00 n=17)+HARD_RISK_CAP(2.0%)+MAXLOSS_CAP;213131.33;213131.33;33;0
2026.08.17 05:37:02;XAUUSD;5;1786933396;SELL_STOP_TRAILED;Old=4390.17 New=4390.48;WAIT_TRIGGER;SAFE;0;2;0;119613255;119613258;0.00;0.00;0.00;0.00;0.00;KELLY_LITE;true;0.04;213131.33;0.0417;KELLY_LITE(mult=1.05 taper=1.00 n=17)+HARD_RISK_CAP(2.0%)+MAXLOSS_CAP;213131.33;213131.33;33;0
2026.08.17 05:38:01;XAUUSD;5;1786933396;SELL_STOP_TRAILED;Old=4390.48 New=4390.90;WAIT_TRIGGER;SAFE;1;1;0;119613255;119613258;0.00;0.00;-1.32;0.00;0.00;KELLY_LITE;true;0.04;213131.33;0.0417;KELLY_LITE(mult=1.05 taper=1.00 n=17)+HARD_RISK_CAP(2.0%)+MAXLOSS_CAP;213131.33;213131.33;33;0
2026.08.17 05:38:01;XAUUSD;5;1786933396;OCO_TRIGGERED_BUY;ticket=119613255 entry=4392.85;POSITION_ACTIVE;SAFE;1;1;0;-1;119613258;0.00;0.00;-1.32;0.00;0.00;KELLY_LITE;true;0.04;213131.33;0.0417;KELLY_LITE(mult=1.05 taper=1.00 n=17)+HARD_RISK_CAP(2.0%)+MAXLOSS_CAP;213131.33;213131.33;33;0
2026.08.17 05:38:01;XAUUSD;5;1786933396;PENDING_DELETED;ticket=119613258 reason=oco_buy_triggered;POSITION_ACTIVE;SAFE;1;0;0;-1;119613258;0.00;-1.40;-1.40;0.00;0.00;KELLY_LITE;true;0.04;213131.33;0.0417;KELLY_LITE(mult=1.05 taper=1.00 n=17)+HARD_RISK_CAP(2.0%)+MAXLOSS_CAP;213131.33;213129.93;33;0
2026.08.17 05:38:02;XAUUSD;5;1786933396;HEDGE_PENDING_PLACED;dir=SELL_STOP ticket=119613368 price=4389.50 sl=4392.50 lot=0.05 mainEntry=4392.85 dist=3.00 confirmBars=1;POSITION_ACTIVE;SAFE;1;1;1;-1;-1;4392.85;-1.36;-1.36;0.00;-1.40;KELLY_LITE;true;0.04;213131.33;0.0417;KELLY_LITE(mult=1.05 taper=1.00 n=17)+HARD_RISK_CAP(2.0%)+MAXLOSS_CAP;213131.33;213129.97;33;0
2026.08.17 05:38:02;XAUUSD;5;1786933396;SL_MODIFIED;ticket=119613255 oldSL=4377.85 newSL=4390.85 reason=early_loss_hard_sl_leg_0;MANAGE_PROFIT;SAFE;1;1;1;-1;-1;4392.85;-0.96;-0.96;0.00;-1.40;KELLY_LITE;true;0.04;213131.33;0.0417;KELLY_LITE(mult=1.05 taper=1.00 n=17)+HARD_RISK_CAP(2.0%)+MAXLOSS_CAP;213131.33;213130.37;33;0
2026.08.17 05:43:01;XAUUSD;5;1786933396;SL_MODIFIED;ticket=119613255 oldSL=4390.85 newSL=4394.14 reason=break_even_lock_leg_0 (retry buf=3pt);MANAGE_PROFIT;SAFE;1;1;1;-1;-1;4392.85;7.28;7.08;8.24;-4.36;KELLY_LITE;true;0.04;213131.33;0.0417;KELLY_LITE(mult=1.05 taper=1.00 n=17)+HARD_RISK_CAP(2.0%)+MAXLOSS_CAP;213131.33;213138.61;33;0
2026.08.17 05:43:01;XAUUSD;5;1786933396;PROFIT_RATCHET_LOCKED;floor=3.50 peak=8.24;MANAGE_PROFIT;SAFE;1;1;1;-1;-1;4392.85;7.28;7.08;8.24;-4.36;KELLY_LITE;true;0.04;213131.33;0.0417;KELLY_LITE(mult=1.05 taper=1.00 n=17)+HARD_RISK_CAP(2.0%)+MAXLOSS_CAP;213131.33;213138.61;33;0
2026.08.17 05:43:01;XAUUSD;5;1786933396;PROFIT_RATCHET_LOCKED;floor=3.50 peak=8.24;MANAGE_PROFIT;SAFE;1;1;1;-1;-1;4392.85;7.28;7.08;8.24;-4.36;KELLY_LITE;true;0.04;213131.33;0.0417;KELLY_LITE(mult=1.05 taper=1.00 n=17)+HARD_RISK_CAP(2.0%)+MAXLOSS_CAP;213131.33;213138.61;33;0
2026.08.17 05:43:01;XAUUSD;5;1786933396;PROFIT_RATCHET_LOCKED;floor=3.50 peak=8.24;MANAGE_PROFIT;SAFE;1;1;1;-1;-1;4392.85;7.04;7.04;8.24;-4.36;KELLY_LITE;true;0.04;213131.33;0.0417;KELLY_LITE(mult=1.05 taper=1.00 n=17)+HARD_RISK_CAP(2.0%)+MAXLOSS_CAP;213131.33;213138.37;33;0
2026.08.17 05:43:01;XAUUSD;5;1786933396;PROFIT_RATCHET_LOCKED;floor=3.50 peak=8.24;MANAGE_PROFIT;SAFE;1;1;1;-1;-1;4392.85;7.32;7.32;8.24;-4.36;KELLY_LITE;true;0.04;213131.33;0.0417;KELLY_LITE(mult=1.05 taper=1.00 n=17)+HARD_RISK_CAP(2.0%)+MAXLOSS_CAP;213131.33;213138.65;33;0
2026.08.17 05:43:02;XAUUSD;5;1786933396;SL_MODIFY_FAILED;ticket=119613255 newSL=4394.20 reason=break_even_lock_leg_0 err=0;MANAGE_PROFIT;SAFE;1;1;1;-1;-1;4392.85;6.76;6.76;8.24;-4.36;KELLY_LITE;true;0.04;213131.33;0.0417;KELLY_LITE(mult=1.05 taper=1.00 n=17)+HARD_RISK_CAP(2.0%)+MAXLOSS_CAP;213131.33;213138.09;33;0
2026.08.17 05:43:02;XAUUSD;5;1786933396;PROFIT_RATCHET_LOCKED;floor=3.50 peak=8.24;MANAGE_PROFIT;SAFE;1;1;1;-1;-1;4392.85;6.76;6.76;8.24;-4.36;KELLY_LITE;true;0.04;213131.33;0.0417;KELLY_LITE(mult=1.05 taper=1.00 n=17)+HARD_RISK_CAP(2.0%)+MAXLOSS_CAP;213131.33;213138.09;33;0
2026.08.17 05:43:02;XAUUSD;5;1786933396;EXIT_TIERED_TRAIL;profit=6.76 peak=8.24 allowedRetrace=1.24;MANAGE_PROFIT;SAFE;1;1;1;-1;-1;4392.85;6.76;6.76;8.24;-4.36;KELLY_LITE;true;0.04;213131.33;0.0417;KELLY_LITE(mult=1.05 taper=1.00 n=17)+HARD_RISK_CAP(2.0%)+MAXLOSS_CAP;213131.33;213138.09;33;0
2026.08.17 05:43:02;XAUUSD;5;1786933396;POSITION_CLOSED;ticket=119613255 reason=tiered_profit_trail lots=0.04 price=4394.54 pnl=6.76;MANAGE_PROFIT;SAFE;0;1;1;-1;-1;4392.85;0.00;0.00;8.24;-4.36;KELLY_LITE;true;0.04;213131.33;0.0417;KELLY_LITE(mult=1.05 taper=1.00 n=17)+HARD_RISK_CAP(2.0%)+MAXLOSS_CAP;213138.29;213138.29;33;0
2026.08.17 05:43:03;XAUUSD;5;1786933396;PENDING_DELETED;ticket=119613368 reason=close_all_hedge;MANAGE_PROFIT;SAFE;0;0;0;-1;-1;4392.85;0.00;0.00;8.24;-4.36;KELLY_LITE;true;0.04;213131.33;0.0417;KELLY_LITE(mult=1.05 taper=1.00 n=17)+HARD_RISK_CAP(2.0%)+MAXLOSS_CAP;213138.29;213138.29;33;0
2026.08.17 05:43:03;XAUUSD;5;1786933396;CYCLE_RESET;oldState=RESET realizedPnL=6.96 peak=8.24 worst=-4.36 pyramid=0 consLosses=0;RESET;SAFE;0;0;0;-1;-1;4392.85;0.00;0.00;8.24;-4.36;KELLY_LITE;true;0.04;213131.33;0.0417;KELLY_LITE(mult=1.05 taper=1.00 n=17)+HARD_RISK_CAP(2.0%)+MAXLOSS_CAP;213138.29;213138.29;33;0
2026.08.17 05:48:03;XAUUSD;5;1786933397;PLACE_PENDING_START;cycle=1786933397 trend=0 consecLosses=0 preset=AGGRESSIVE;PLACE_PENDING;SAFE;0;0;0;-1;-1;0.00;0.00;0.00;0.00;0.00;KELLY_LITE;true;0.04;213131.33;0.0417;KELLY_LITE(mult=1.05 taper=1.00 n=17)+HARD_RISK_CAP(2.0%)+MAXLOSS_CAP;213138.29;213138.29;33;0
2026.08.17 05:48:04;XAUUSD;5;1786933397;OCO_PLACED;buy=119614768 4398.97 lot=0.04 sell=119614769 4395.64 lot=0.04 dist=1.50;WAIT_TRIGGER;SAFE;0;2;0;119614768;119614769;0.00;0.00;0.00;0.00;0.00;KELLY_LITE;true;0.04;213138.29;0.0417;KELLY_LITE(mult=1.10 taper=1.00 n=18)+HARD_RISK_CAP(2.0%)+MAXLOSS_CAP;213138.29;213138.29;33;0
2026.08.17 05:48:04;XAUUSD;5;1786933397;SELL_STOP_TRAILED;Old=4395.64 New=4395.98;WAIT_TRIGGER;SAFE;0;2;0;119614768;119614769;0.00;0.00;0.00;0.00;0.00;KELLY_LITE;true;0.04;213138.29;0.0417;KELLY_LITE(mult=1.10 taper=1.00 n=18)+HARD_RISK_CAP(2.0%)+MAXLOSS_CAP;213138.29;213138.29;33;0
2026.08.17 05:48:06;XAUUSD;5;1786933397;SELL_STOP_TRAILED;Old=4395.98 New=4396.31;WAIT_TRIGGER;SAFE;0;2;0;119614768;119614769;0.00;0.00;0.00;0.00;0.00;KELLY_LITE;true;0.04;213138.29;0.0417;KELLY_LITE(mult=1.10 taper=1.00 n=18)+HARD_RISK_CAP(2.0%)+MAXLOSS_CAP;213138.29;213138.29;33;0
2026.08.17 05:48:22;XAUUSD;5;1786933397;BUY_STOP_TRAILED;Old=4398.97 New=4398.52;WAIT_TRIGGER;SAFE;0;2;0;119614768;119614769;0.00;0.00;0.00;0.00;0.00;KELLY_LITE;true;0.04;213138.29;0.0417;KELLY_LITE(mult=1.10 taper=1.00 n=18)+HARD_RISK_CAP(2.0%)+MAXLOSS_CAP;213138.29;213138.29;33;0
2026.08.17 05:49:06;XAUUSD;5;1786933397;OCO_TRIGGERED_SELL;ticket=119614769 entry=4396.31;POSITION_ACTIVE;SAFE;1;1;0;119614768;-1;0.00;0.24;-1.24;0.00;0.00;KELLY_LITE;true;0.04;213138.29;0.0417;KELLY_LITE(mult=1.10 taper=1.00 n=18)+HARD_RISK_CAP(2.0%)+MAXLOSS_CAP;213138.29;213138.53;37;0
2026.08.17 05:49:06;XAUUSD;5;1786933397;PENDING_DELETED;ticket=119614768 reason=oco_sell_triggered;POSITION_ACTIVE;SAFE;1;0;0;119614768;-1;0.00;-0.96;-0.96;0.00;0.00;KELLY_LITE;true;0.04;213138.29;0.0417;KELLY_LITE(mult=1.10 taper=1.00 n=18)+HARD_RISK_CAP(2.0%)+MAXLOSS_CAP;213138.29;213137.33;33;0
2026.08.17 05:49:06;XAUUSD;5;1786933397;HEDGE_BLOCK_CONFIRM;need=1 adverse bars;POSITION_ACTIVE;SAFE;1;0;1;-1;-1;4396.31;-0.96;-0.96;0.00;-0.96;KELLY_LITE;true;0.04;213138.29;0.0417;KELLY_LITE(mult=1.10 taper=1.00 n=18)+HARD_RISK_CAP(2.0%)+MAXLOSS_CAP;213138.29;213137.33;33;0
2026.08.17 05:49:07;XAUUSD;5;1786933397;SL_MODIFIED;ticket=119614769 oldSL=4408.31 newSL=4398.31 reason=early_loss_hard_sl_leg_0;MANAGE_PROFIT;SAFE;1;0;1;-1;-1;4396.31;-1.00;-1.00;0.00;-0.96;KELLY_LITE;true;0.04;213138.29;0.0417;KELLY_LITE(mult=1.10 taper=1.00 n=18)+HARD_RISK_CAP(2.0%)+MAXLOSS_CAP;213138.29;213137.29;33;0
2026.08.17 05:49:37;XAUUSD;5;1786933397;HEDGE_BLOCK_CONFIRM;need=1 adverse bars;MANAGE_PROFIT;SAFE;1;0;1;-1;-1;4396.31;0.00;0.00;0.12;-1.24;KELLY_LITE;true;0.04;213138.29;0.0417;KELLY_LITE(mult=1.10 taper=1.00 n=18)+HARD_RISK_CAP(2.0%)+MAXLOSS_CAP;213138.29;213138.29;33;0
2026.08.17 05:50:07;XAUUSD;5;1786933397;HEDGE_BLOCK_CONFIRM;need=1 adverse bars;MANAGE_PROFIT;SAFE;1;0;1;-1;-1;4396.31;1.00;1.00;0.92;-1.24;KELLY_LITE;true;0.04;213138.29;0.0417;KELLY_LITE(mult=1.10 taper=1.00 n=18)+HARD_RISK_CAP(2.0%)+MAXLOSS_CAP;213138.29;213139.29;37;0
2026.08.17 05:50:38;XAUUSD;5;1786933397;HEDGE_BLOCK_CONFIRM;need=1 adverse bars;MANAGE_PROFIT;SAFE;1;0;1;-1;-1;4396.31;3.80;3.80;4.48;-1.24;KELLY_LITE;true;0.04;213138.29;0.0417;KELLY_LITE(mult=1.10 taper=1.00 n=18)+HARD_RISK_CAP(2.0%)+MAXLOSS_CAP;213138.29;213142.09;33;0
2026.08.17 05:51:09;XAUUSD;5;1786933397;HEDGE_BLOCK_CONFIRM;need=1 adverse bars;MANAGE_PROFIT;SAFE;1;0;1;-1;-1;4396.31;4.56;4.56;4.52;-1.24;KELLY_LITE;true;0.04;213138.29;0.0417;KELLY_LITE(mult=1.10 taper=1.00 n=18)+HARD_RISK_CAP(2.0%)+MAXLOSS_CAP;213138.29;213142.85;33;0
2026.08.17 05:51:39;XAUUSD;5;1786933397;HEDGE_BLOCK_CONFIRM;need=1 adverse bars;MANAGE_PROFIT;SAFE;1;0;1;-1;-1;4396.31;0.04;0.04;4.56;-1.24;KELLY_LITE;true;0.04;213138.29;0.0417;KELLY_LITE(mult=1.10 taper=1.00 n=18)+HARD_RISK_CAP(2.0%)+MAXLOSS_CAP;213138.29;213138.33;33;0
2026.08.17 05:52:09;XAUUSD;5;1786933397;HEDGE_BLOCK_CONFIRM;need=1 adverse bars;MANAGE_PROFIT;SAFE;1;0;1;-1;-1;4396.31;-1.64;-1.64;4.56;-2.36;KELLY_LITE;true;0.04;213138.29;0.0417;KELLY_LITE(mult=1.10 taper=1.00 n=18)+HARD_RISK_CAP(2.0%)+MAXLOSS_CAP;213138.29;213136.65;33;0
2026.08.17 05:52:39;XAUUSD;5;1786933397;HEDGE_BLOCK_CONFIRM;need=1 adverse bars;MANAGE_PROFIT;SAFE;1;0;1;-1;-1;4396.31;-0.16;-0.16;4.56;-2.36;KELLY_LITE;true;0.04;213138.29;0.0417;KELLY_LITE(mult=1.10 taper=1.00 n=18)+HARD_RISK_CAP(2.0%)+MAXLOSS_CAP;213138.29;213138.13;33;0
2026.08.17 05:53:09;XAUUSD;5;1786933397;HEDGE_BLOCK_CONFIRM;need=1 adverse bars;MANAGE_PROFIT;SAFE;1;0;1;-1;-1;4396.31;-1.84;-1.84;4.56;-2.36;KELLY_LITE;true;0.04;213138.29;0.0417;KELLY_LITE(mult=1.10 taper=1.00 n=18)+HARD_RISK_CAP(2.0%)+MAXLOSS_CAP;213138.29;213136.45;33;0
2026.08.17 05:53:39;XAUUSD;5;1786933397;HEDGE_BLOCK_CONFIRM;need=1 adverse bars;MANAGE_PROFIT;SAFE;1;0;1;-1;-1;4396.31;0.32;0.32;4.56;-2.36;KELLY_LITE;true;0.04;213138.29;0.0417;KELLY_LITE(mult=1.10 taper=1.00 n=18)+HARD_RISK_CAP(2.0%)+MAXLOSS_CAP;213138.29;213138.61;33;0
2026.08.17 05:54:09;XAUUSD;5;1786933397;HEDGE_BLOCK_CONFIRM;need=1 adverse bars;MANAGE_PROFIT;SAFE;1;0;1;-1;-1;4396.31;1.96;1.96;4.56;-2.36;KELLY_LITE;true;0.04;213138.29;0.0417;KELLY_LITE(mult=1.10 taper=1.00 n=18)+HARD_RISK_CAP(2.0%)+MAXLOSS_CAP;213138.29;213140.25;33;0
2026.08.17 05:54:40;XAUUSD;5;1786933397;HEDGE_BLOCK_CONFIRM;need=1 adverse bars;MANAGE_PROFIT;SAFE;1;0;1;-1;-1;4396.31;4.28;4.28;4.76;-2.36;KELLY_LITE;true;0.04;213138.29;0.0417;KELLY_LITE(mult=1.10 taper=1.00 n=18)+HARD_RISK_CAP(2.0%)+MAXLOSS_CAP;213138.29;213142.57;33;0
2026.08.17 05:55:10;XAUUSD;5;1786933397;HEDGE_BLOCK_CONFIRM;need=1 adverse bars;MANAGE_PROFIT;SAFE;1;0;1;-1;-1;4396.31;3.56;3.56;4.76;-2.36;KELLY_LITE;true;0.04;213138.29;0.0417;KELLY_LITE(mult=1.10 taper=1.00 n=18)+HARD_RISK_CAP(2.0%)+MAXLOSS_CAP;213138.29;213141.85;33;0
2026.08.17 05:55:40;XAUUSD;5;1786933397;HEDGE_BLOCK_CONFIRM;need=1 adverse bars;MANAGE_PROFIT;SAFE;1;0;1;-1;-1;4396.31;3.64;3.64;4.76;-2.36;KELLY_LITE;true;0.04;213138.29;0.0417;KELLY_LITE(mult=1.10 taper=1.00 n=18)+HARD_RISK_CAP(2.0%)+MAXLOSS_CAP;213138.29;213141.93;33;0
2026.08.17 05:56:13;XAUUSD;5;1786933397;HEDGE_BLOCK_CONFIRM;need=1 adverse bars;MANAGE_PROFIT;SAFE;1;0;1;-1;-1;4396.31;3.20;3.20;4.76;-2.36;KELLY_LITE;true;0.04;213138.29;0.0417;KELLY_LITE(mult=1.10 taper=1.00 n=18)+HARD_RISK_CAP(2.0%)+MAXLOSS_CAP;213138.29;213141.49;33;0
2026.08.17 05:56:26;XAUUSD;5;1786933397;SL_MODIFIED;ticket=119614769 oldSL=4398.31 newSL=4394.90 reason=break_even_lock_leg_0 (retry buf=3pt);MANAGE_PROFIT;SAFE;1;0;1;-1;-1;4396.31;7.96;7.96;8.04;-2.36;KELLY_LITE;true;0.04;213138.29;0.0417;KELLY_LITE(mult=1.10 taper=1.00 n=18)+HARD_RISK_CAP(2.0%)+MAXLOSS_CAP;213138.29;213146.25;33;0
2026.08.17 05:56:26;XAUUSD;5;1786933397;PROFIT_RATCHET_LOCKED;floor=3.42 peak=8.04;MANAGE_PROFIT;SAFE;1;0;1;-1;-1;4396.31;7.96;7.96;8.04;-2.36;KELLY_LITE;true;0.04;213138.29;0.0417;KELLY_LITE(mult=1.10 taper=1.00 n=18)+HARD_RISK_CAP(2.0%)+MAXLOSS_CAP;213138.29;213146.25;33;0
2026.08.17 05:56:27;XAUUSD;5;1786933397;SL_MODIFIED;ticket=119614769 oldSL=4394.90 newSL=4394.84 reason=break_even_lock_leg_0;MANAGE_PROFIT;SAFE;1;0;1;-1;-1;4396.31;8.32;8.32;8.04;-2.36;KELLY_LITE;true;0.04;213138.29;0.0417;KELLY_LITE(mult=1.10 taper=1.00 n=18)+HARD_RISK_CAP(2.0%)+MAXLOSS_CAP;213138.29;213146.61;33;0
2026.08.17 05:56:27;XAUUSD;5;1786933397;PROFIT_RATCHET_LOCKED;floor=3.42 peak=8.04;MANAGE_PROFIT;SAFE;1;0;1;-1;-1;4396.31;8.32;8.32;8.04;-2.36;KELLY_LITE;true;0.04;213138.29;0.0417;KELLY_LITE(mult=1.10 taper=1.00 n=18)+HARD_RISK_CAP(2.0%)+MAXLOSS_CAP;213138.29;213146.61;33;0
2026.08.17 05:56:27;XAUUSD;5;1786933397;SL_MODIFIED;ticket=119614769 oldSL=4394.84 newSL=4394.75 reason=break_even_lock_leg_0;MANAGE_PROFIT;SAFE;1;0;1;-1;-1;4396.31;8.36;8.36;8.32;-2.36;KELLY_LITE;true;0.04;213138.29;0.0417;KELLY_LITE(mult=1.10 taper=1.00 n=18)+HARD_RISK_CAP(2.0%)+MAXLOSS_CAP;213138.29;213146.65;33;0
2026.08.17 05:56:27;XAUUSD;5;1786933397;PROFIT_RATCHET_LOCKED;floor=3.54 peak=8.32;MANAGE_PROFIT;SAFE;1;0;1;-1;-1;4396.31;8.36;8.36;8.32;-2.36;KELLY_LITE;true;0.04;213138.29;0.0417;KELLY_LITE(mult=1.10 taper=1.00 n=18)+HARD_RISK_CAP(2.0%)+MAXLOSS_CAP;213138.29;213146.65;33;0
2026.08.17 05:56:27;XAUUSD;5;1786933397;PROFIT_RATCHET_LOCKED;floor=3.55 peak=8.36;MANAGE_PROFIT;SAFE;1;0;1;-1;-1;4396.31;8.36;8.36;8.36;-2.36;KELLY_LITE;true;0.04;213138.29;0.0417;KELLY_LITE(mult=1.10 taper=1.00 n=18)+HARD_RISK_CAP(2.0%)+MAXLOSS_CAP;213138.29;213146.65;33;0
2026.08.17 05:56:28;XAUUSD;5;1786933397;PROFIT_RATCHET_LOCKED;floor=3.55 peak=8.36;MANAGE_PROFIT;SAFE;1;0;1;-1;-1;4396.31;8.24;8.24;8.36;-2.36;KELLY_LITE;true;0.04;213138.29;0.0417;KELLY_LITE(mult=1.10 taper=1.00 n=18)+HARD_RISK_CAP(2.0%)+MAXLOSS_CAP;213138.29;213146.53;33;0
2026.08.17 05:56:28;XAUUSD;5;1786933397;SL_MODIFIED;ticket=119614769 oldSL=4394.75 newSL=4394.68 reason=break_even_lock_leg_0;MANAGE_PROFIT;SAFE;1;0;1;-1;-1;4396.31;9.76;9.76;8.60;-2.36;KELLY_LITE;true;0.04;213138.29;0.0417;KELLY_LITE(mult=1.10 taper=1.00 n=18)+HARD_RISK_CAP(2.0%)+MAXLOSS_CAP;213138.29;213148.05;33;0
2026.08.17 05:56:28;XAUUSD;5;1786933397;PROFIT_RATCHET_LOCKED;floor=3.65 peak=8.60;MANAGE_PROFIT;SAFE;1;0;1;-1;-1;4396.31;9.76;9.76;8.60;-2.36;KELLY_LITE;true;0.04;213138.29;0.0417;KELLY_LITE(mult=1.10 taper=1.00 n=18)+HARD_RISK_CAP(2.0%)+MAXLOSS_CAP;213138.29;213148.05;33;0
2026.08.17 05:56:29;XAUUSD;5;1786933397;SL_MODIFIED;ticket=119614769 oldSL=4394.68 newSL=4394.39 reason=break_even_lock_leg_0;MANAGE_PROFIT;SAFE;1;0;1;-1;-1;4396.31;9.88;9.88;9.76;-2.36;KELLY_LITE;true;0.04;213138.29;0.0417;KELLY_LITE(mult=1.10 taper=1.00 n=18)+HARD_RISK_CAP(2.0%)+MAXLOSS_CAP;213138.29;213148.17;33;0
2026.08.17 05:56:29;XAUUSD;5;1786933397;PROFIT_RATCHET_LOCKED;floor=4.15 peak=9.76;MANAGE_PROFIT;SAFE;1;0;1;-1;-1;4396.31;9.88;9.88;9.76;-2.36;KELLY_LITE;true;0.04;213138.29;0.0417;KELLY_LITE(mult=1.10 taper=1.00 n=18)+HARD_RISK_CAP(2.0%)+MAXLOSS_CAP;213138.29;213148.17;33;0
2026.08.17 05:56:29;XAUUSD;5;1786933397;SL_MODIFIED;ticket=119614769 oldSL=4394.39 newSL=4394.36 reason=break_even_lock_leg_0;MANAGE_PROFIT;SAFE;1;0;1;-1;-1;4396.31;10.64;10.64;9.88;-2.36;KELLY_LITE;true;0.04;213138.29;0.0417;KELLY_LITE(mult=1.10 taper=1.00 n=18)+HARD_RISK_CAP(2.0%)+MAXLOSS_CAP;213138.29;213148.93;33;0
2026.08.17 05:56:29;XAUUSD;5;1786933397;PROFIT_RATCHET_LOCKED;floor=4.20 peak=9.88;MANAGE_PROFIT;SAFE;1;0;1;-1;-1;4396.31;10.64;10.64;9.88;-2.36;KELLY_LITE;true;0.04;213138.29;0.0417;KELLY_LITE(mult=1.10 taper=1.00 n=18)+HARD_RISK_CAP(2.0%)+MAXLOSS_CAP;213138.29;213148.93;33;0
2026.08.17 05:56:30;XAUUSD;5;1786933397;SL_MODIFIED;ticket=119614769 oldSL=4394.36 newSL=4394.17 reason=break_even_lock_leg_0;MANAGE_PROFIT;SAFE;1;0;1;-1;-1;4396.31;10.64;10.64;10.64;-2.36;KELLY_LITE;true;0.04;213138.29;0.0417;KELLY_LITE(mult=1.10 taper=1.00 n=18)+HARD_RISK_CAP(2.0%)+MAXLOSS_CAP;213138.29;213148.93;33;0
2026.08.17 05:56:30;XAUUSD;5;1786933397;PROFIT_RATCHET_LOCKED;floor=4.52 peak=10.64;MANAGE_PROFIT;SAFE;1;0;1;-1;-1;4396.31;10.64;10.64;10.64;-2.36;KELLY_LITE;true;0.04;213138.29;0.0417;KELLY_LITE(mult=1.10 taper=1.00 n=18)+HARD_RISK_CAP(2.0%)+MAXLOSS_CAP;213138.29;213148.93;33;0
2026.08.17 05:56:30;XAUUSD;5;1786933397;PROFIT_RATCHET_LOCKED;floor=4.52 peak=10.64;MANAGE_PROFIT;SAFE;1;0;1;-1;-1;4396.31;10.64;10.64;10.64;-2.36;KELLY_LITE;true;0.04;213138.29;0.0417;KELLY_LITE(mult=1.10 taper=1.00 n=18)+HARD_RISK_CAP(2.0%)+MAXLOSS_CAP;213138.29;213148.93;33;0
2026.08.17 05:56:30;XAUUSD;5;1786933397;PROFIT_RATCHET_LOCKED;floor=4.52 peak=10.64;MANAGE_PROFIT;SAFE;1;0;1;-1;-1;4396.31;10.56;10.56;10.64;-2.36;KELLY_LITE;true;0.04;213138.29;0.0417;KELLY_LITE(mult=1.10 taper=1.00 n=18)+HARD_RISK_CAP(2.0%)+MAXLOSS_CAP;213138.29;213148.85;33;0
2026.08.17 05:56:30;XAUUSD;5;1786933397;PROFIT_RATCHET_LOCKED;floor=4.52 peak=10.64;MANAGE_PROFIT;SAFE;1;0;1;-1;-1;4396.31;10.60;10.60;10.64;-2.36;KELLY_LITE;true;0.04;213138.29;0.0417;KELLY_LITE(mult=1.10 taper=1.00 n=18)+HARD_RISK_CAP(2.0%)+MAXLOSS_CAP;213138.29;213148.89;33;0
2026.08.17 05:56:31;XAUUSD;5;1786933397;PROFIT_RATCHET_LOCKED;floor=4.54 peak=10.68;MANAGE_PROFIT;SAFE;1;0;1;-1;-1;4396.31;10.68;10.68;10.68;-2.36;KELLY_LITE;true;0.04;213138.29;0.0417;KELLY_LITE(mult=1.10 taper=1.00 n=18)+HARD_RISK_CAP(2.0%)+MAXLOSS_CAP;213138.29;213148.97;33;0
2026.08.17 05:56:31;XAUUSD;5;1786933397;SL_MODIFY_FAILED;ticket=119614769 newSL=4394.14 reason=break_even_lock_leg_0 err=0;MANAGE_PROFIT;SAFE;1;0;1;-1;-1;4396.31;10.16;10.16;10.76;-2.36;KELLY_LITE;true;0.04;213138.29;0.0417;KELLY_LITE(mult=1.10 taper=1.00 n=18)+HARD_RISK_CAP(2.0%)+MAXLOSS_CAP;213138.29;213148.45;33;0
2026.08.17 05:56:31;XAUUSD;5;1786933397;PROFIT_RATCHET_LOCKED;floor=4.57 peak=10.76;MANAGE_PROFIT;SAFE;1;0;1;-1;-1;4396.31;10.16;10.16;10.76;-2.36;KELLY_LITE;true;0.04;213138.29;0.0417;KELLY_LITE(mult=1.10 taper=1.00 n=18)+HARD_RISK_CAP(2.0%)+MAXLOSS_CAP;213138.29;213148.45;33;0
2026.08.17 05:56:31;XAUUSD;5;1786933397;PROFIT_RATCHET_LOCKED;floor=4.57 peak=10.76;MANAGE_PROFIT;SAFE;1;0;1;-1;-1;4396.31;10.16;10.16;10.76;-2.36;KELLY_LITE;true;0.04;213138.29;0.0417;KELLY_LITE(mult=1.10 taper=1.00 n=18)+HARD_RISK_CAP(2.0%)+MAXLOSS_CAP;213138.29;213148.45;33;0
2026.08.17 05:56:31;XAUUSD;5;1786933397;EXIT_TIERED_TRAIL;profit=9.24 peak=10.76 allowedRetrace=1.29;MANAGE_PROFIT;SAFE;1;0;1;-1;-1;4396.31;9.24;9.24;10.76;-2.36;KELLY_LITE;true;0.04;213138.29;0.0417;KELLY_LITE(mult=1.10 taper=1.00 n=18)+HARD_RISK_CAP(2.0%)+MAXLOSS_CAP;213138.29;213147.53;33;0
2026.08.17 05:56:32;XAUUSD;5;1786933397;POSITION_CLOSED;ticket=119614769 reason=tiered_profit_trail lots=0.04 price=4394.00 pnl=9.24;MANAGE_PROFIT;SAFE;0;0;1;-1;-1;4396.31;0.00;0.00;10.76;-2.36;KELLY_LITE;true;0.04;213138.29;0.0417;KELLY_LITE(mult=1.10 taper=1.00 n=18)+HARD_RISK_CAP(2.0%)+MAXLOSS_CAP;213147.65;213147.65;33;0
2026.08.17 05:56:32;XAUUSD;5;1786933397;CYCLE_RESET;oldState=RESET realizedPnL=9.36 peak=10.76 worst=-2.36 pyramid=0 consLosses=0;RESET;SAFE;0;0;0;-1;-1;4396.31;0.00;0.00;10.76;-2.36;KELLY_LITE;true;0.04;213138.29;0.0417;KELLY_LITE(mult=1.10 taper=1.00 n=18)+HARD_RISK_CAP(2.0%)+MAXLOSS_CAP;213147.65;213147.65;33;0
2026.08.17 06:01:38;XAUUSD;5;1786933398;PLACE_PENDING_START;cycle=1786933398 trend=0 consecLosses=0 preset=AGGRESSIVE;PLACE_PENDING;SAFE;0;0;0;-1;-1;0.00;0.00;0.00;0.00;0.00;KELLY_LITE;true;0.04;213138.29;0.0417;KELLY_LITE(mult=1.10 taper=1.00 n=18)+HARD_RISK_CAP(2.0%)+MAXLOSS_CAP;213147.65;213147.65;33;0
2026.08.17 06:01:38;XAUUSD;5;1786933398;OCO_PLACED;buy=119616319 4393.36 lot=0.04 sell=119616321 4390.03 lot=0.04 dist=1.50;WAIT_TRIGGER;SAFE;0;2;0;119616319;119616321;0.00;0.00;0.00;0.00;0.00;KELLY_LITE;true;0.04;213147.65;0.0417;KELLY_LITE(mult=1.15 taper=1.00 n=19)+HARD_RISK_CAP(2.0%)+MAXLOSS_CAP;213147.65;213147.65;33;0
2026.08.17 06:01:54;XAUUSD;5;1786933398;SELL_STOP_TRAILED;Old=4390.03 New=4390.52;WAIT_TRIGGER;SAFE;0;2;0;119616319;119616321;0.00;0.00;0.00;0.00;0.00;KELLY_LITE;true;0.04;213147.65;0.0417;KELLY_LITE(mult=1.15 taper=1.00 n=19)+HARD_RISK_CAP(2.0%)+MAXLOSS_CAP;213147.65;213147.65;33;0
2026.08.17 06:01:58;XAUUSD;5;1786933398;SELL_STOP_TRAILED;Old=4390.52 New=4390.84;WAIT_TRIGGER;SAFE;0;2;0;119616319;119616321;0.00;0.00;0.00;0.00;0.00;KELLY_LITE;true;0.04;213147.65;0.0417;KELLY_LITE(mult=1.15 taper=1.00 n=19)+HARD_RISK_CAP(2.0%)+MAXLOSS_CAP;213147.65;213147.65;33;0
2026.08.17 06:02:07;XAUUSD;5;1786933398;BUY_STOP_TRAILED;Old=4393.36 New=4392.94;WAIT_TRIGGER;SAFE;0;2;0;119616319;119616321;0.00;0.00;0.00;0.00;0.00;KELLY_LITE;true;0.04;213147.65;0.0417;KELLY_LITE(mult=1.15 taper=1.00 n=19)+HARD_RISK_CAP(2.0%)+MAXLOSS_CAP;213147.65;213147.65;33;0
2026.08.17 06:04:34;XAUUSD;5;1786933398;OCO_TRIGGERED_BUY;ticket=119616319 entry=4392.94;POSITION_ACTIVE;SAFE;1;1;0;-1;119616321;0.00;-0.68;-0.68;0.00;0.00;KELLY_LITE;true;0.04;213147.65;0.0417;KELLY_LITE(mult=1.15 taper=1.00 n=19)+HARD_RISK_CAP(2.0%)+MAXLOSS_CAP;213147.65;213146.97;33;0
2026.08.17 06:04:34;XAUUSD;5;1786933398;PENDING_DELETED;ticket=119616321 reason=oco_buy_triggered;POSITION_ACTIVE;SAFE;1;0;0;-1;119616321;0.00;-0.60;-0.60;0.00;0.00;KELLY_LITE;true;0.04;213147.65;0.0417;KELLY_LITE(mult=1.15 taper=1.00 n=19)+HARD_RISK_CAP(2.0%)+MAXLOSS_CAP;213147.65;213147.05;33;0
2026.08.17 06:04:35;XAUUSD;5;1786933398;HEDGE_PENDING_PLACED;dir=SELL_STOP ticket=119616453 price=4389.79 sl=4392.79 lot=0.05 mainEntry=4392.94 dist=3.00 confirmBars=1;POSITION_ACTIVE;SAFE;1;1;1;-1;-1;4392.94;-1.24;-1.24;0.00;-0.60;KELLY_LITE;true;0.04;213147.65;0.0417;KELLY_LITE(mult=1.15 taper=1.00 n=19)+HARD_RISK_CAP(2.0%)+MAXLOSS_CAP;213147.65;213146.41;33;0
2026.08.17 06:04:35;XAUUSD;5;1786933398;SL_MODIFIED;ticket=119616319 oldSL=4380.94 newSL=4390.94 reason=early_loss_hard_sl_leg_0;MANAGE_PROFIT;SAFE;1;1;1;-1;-1;4392.94;-0.76;-0.76;0.00;-1.24;KELLY_LITE;true;0.04;213147.65;0.0417;KELLY_LITE(mult=1.15 taper=1.00 n=19)+HARD_RISK_CAP(2.0%)+MAXLOSS_CAP;213147.65;213146.89;33;0
2026.08.17 06:05:23;XAUUSD;5;1786933398;RECONCILED_BROKER_CLOSE;ticket=119616319 type=main pnl=-8.00;MANAGE_PROFIT;SAFE;0;1;1;-1;-1;4392.94;0.00;0.00;0.00;-7.60;KELLY_LITE;true;0.04;213147.65;0.0417;KELLY_LITE(mult=1.15 taper=1.00 n=19)+HARD_RISK_CAP(2.0%)+MAXLOSS_CAP;213139.65;213139.65;37;0
2026.08.17 06:05:23;XAUUSD;5;1786933398;PENDING_DELETED;ticket=119616453 reason=main_gone_hedge_pending;WAIT_TRIGGER;SAFE;0;0;1;-1;-1;4392.94;0.00;0.00;0.00;-7.60;KELLY_LITE;true;0.04;213147.65;0.0417;KELLY_LITE(mult=1.15 taper=1.00 n=19)+HARD_RISK_CAP(2.0%)+MAXLOSS_CAP;213139.65;213139.65;33;0
2026.08.17 06:05:23;XAUUSD;5;1786933398;HEDGE_PENDING_CLEANUP;main_position_gone;WAIT_TRIGGER;SAFE;0;0;1;-1;-1;4392.94;0.00;0.00;0.00;-7.60;KELLY_LITE;true;0.04;213147.65;0.0417;KELLY_LITE(mult=1.15 taper=1.00 n=19)+HARD_RISK_CAP(2.0%)+MAXLOSS_CAP;213139.65;213139.65;33;0
2026.08.17 06:05:23;XAUUSD;5;1786933398;LOSS_COOLDOWN_AFTER_LOSS;cyclePnL=-8.00 pauseUntil=2026.08.17 06:10:23;WAIT_TRIGGER;SAFE;0;0;1;-1;-1;4392.94;0.00;0.00;0.00;-7.60;KELLY_LITE;true;0.04;213147.65;0.0417;KELLY_LITE(mult=1.15 taper=1.00 n=19)+HARD_RISK_CAP(2.0%)+MAXLOSS_CAP;213139.65;213139.65;33;0
2026.08.17 06:05:23;XAUUSD;5;1786933398;CYCLE_RESET;oldState=WAIT_TRIGGER realizedPnL=-8.00 peak=0.00 worst=-7.60 pyramid=1 consLosses=1;WAIT_TRIGGER;SAFE;0;0;1;-1;-1;4392.94;0.00;0.00;0.00;-7.60;KELLY_LITE;true;0.04;213147.65;0.0417;KELLY_LITE(mult=1.15 taper=1.00 n=19)+HARD_RISK_CAP(2.0%)+MAXLOSS_CAP;213139.65;213139.65;33;0
2026.08.17 06:10:23;XAUUSD;5;1786933399;PLACE_PENDING_START;cycle=1786933399 trend=0 consecLosses=1 preset=AGGRESSIVE;PLACE_PENDING;SAFE;0;0;0;-1;-1;0.00;0.00;0.00;0.00;0.00;KELLY_LITE;true;0.04;213147.65;0.0417;KELLY_LITE(mult=1.15 taper=1.00 n=19)+HARD_RISK_CAP(2.0%)+MAXLOSS_CAP;213139.65;213139.65;33;0
2026.08.17 06:10:24;XAUUSD;5;1786933399;OCO_PLACED;buy=119616680 4392.80 lot=0.04 sell=119616681 4389.47 lot=0.04 dist=1.50;WAIT_TRIGGER;SAFE;0;2;0;119616680;119616681;0.00;0.00;0.00;0.00;0.00;KELLY_LITE;true;0.04;213139.65;0.0417;KELLY_LITE(mult=1.10 taper=1.00 n=20)+HARD_RISK_CAP(2.0%)+MAXLOSS_CAP;213139.65;213139.65;33;0
2026.08.17 06:10:26;XAUUSD;5;1786933399;SELL_STOP_TRAILED;Old=4389.47 New=4389.82;WAIT_TRIGGER;SAFE;0;2;0;119616680;119616681;0.00;0.00;0.00;0.00;0.00;KELLY_LITE;true;0.04;213139.65;0.0417;KELLY_LITE(mult=1.10 taper=1.00 n=20)+HARD_RISK_CAP(2.0%)+MAXLOSS_CAP;213139.65;213139.65;33;0
2026.08.17 06:10:30;XAUUSD;5;1786933399;SELL_STOP_TRAILED;Old=4389.82 New=4390.32;WAIT_TRIGGER;SAFE;0;2;0;119616680;119616681;0.00;0.00;0.00;0.00;0.00;KELLY_LITE;true;0.04;213139.65;0.0417;KELLY_LITE(mult=1.10 taper=1.00 n=20)+HARD_RISK_CAP(2.0%)+MAXLOSS_CAP;213139.65;213139.65;33;0
2026.08.17 06:11:53;XAUUSD;5;1786933399;BUY_STOP_TRAILED;Old=4392.80 New=4392.49;WAIT_TRIGGER;SAFE;0;2;0;119616680;119616681;0.00;0.00;0.00;0.00;0.00;KELLY_LITE;true;0.04;213139.65;0.0417;KELLY_LITE(mult=1.10 taper=1.00 n=20)+HARD_RISK_CAP(2.0%)+MAXLOSS_CAP;213139.65;213139.65;33;0
2026.08.17 06:11:54;XAUUSD;5;1786933399;BUY_STOP_TRAILED;Old=4392.49 New=4392.17;WAIT_TRIGGER;SAFE;1;1;0;119616680;119616681;0.00;-1.24;-1.24;0.00;0.00;KELLY_LITE;true;0.04;213139.65;0.0417;KELLY_LITE(mult=1.10 taper=1.00 n=20)+HARD_RISK_CAP(2.0%)+MAXLOSS_CAP;213139.65;213138.41;33;0
2026.08.17 06:11:54;XAUUSD;5;1786933399;OCO_TRIGGERED_SELL;ticket=119616681 entry=4390.32;POSITION_ACTIVE;SAFE;1;1;0;119616680;-1;0.00;-1.24;-1.24;0.00;0.00;KELLY_LITE;true;0.04;213139.65;0.0417;KELLY_LITE(mult=1.10 taper=1.00 n=20)+HARD_RISK_CAP(2.0%)+MAXLOSS_CAP;213139.65;213138.41;33;0
2026.08.17 06:11:55;XAUUSD;5;1786933399;PENDING_DELETED;ticket=119616680 reason=oco_sell_triggered;POSITION_ACTIVE;SAFE;1;0;0;119616680;-1;0.00;-1.32;-1.32;0.00;0.00;KELLY_LITE;true;0.04;213139.65;0.0417;KELLY_LITE(mult=1.10 taper=1.00 n=20)+HARD_RISK_CAP(2.0%)+MAXLOSS_CAP;213139.65;213138.33;33;0
2026.08.17 06:11:55;XAUUSD;5;1786933399;HEDGE_PENDING_PLACED;dir=BUY_STOP ticket=119616731 price=4393.65 sl=4390.65 lot=0.05 mainEntry=4390.32 dist=3.00 confirmBars=1;POSITION_ACTIVE;SAFE;1;1;1;-1;-1;4390.32;-1.36;-1.36;0.00;-1.32;KELLY_LITE;true;0.04;213139.65;0.0417;KELLY_LITE(mult=1.10 taper=1.00 n=20)+HARD_RISK_CAP(2.0%)+MAXLOSS_CAP;213139.65;213138.29;33;0
2026.08.17 06:11:56;XAUUSD;5;1786933399;SL_MODIFIED;ticket=119616681 oldSL=4402.32 newSL=4392.32 reason=early_loss_hard_sl_leg_0;MANAGE_PROFIT;SAFE;1;1;1;-1;-1;4390.32;-1.28;-1.28;0.00;-1.36;KELLY_LITE;true;0.04;213139.65;0.0417;KELLY_LITE(mult=1.10 taper=1.00 n=20)+HARD_RISK_CAP(2.0%)+MAXLOSS_CAP;213139.65;213138.37;33;0
2026.08.17 06:14:29;XAUUSD;5;1786933399;SL_MODIFIED;ticket=119616681 oldSL=4392.32 newSL=4388.88 reason=break_even_lock_leg_0 (retry buf=8pt);MANAGE_PROFIT;SAFE;1;1;1;-1;-1;4390.32;7.96;7.96;10.60;-4.16;KELLY_LITE;true;0.04;213139.65;0.0417;KELLY_LITE(mult=1.10 taper=1.00 n=20)+HARD_RISK_CAP(2.0%)+MAXLOSS_CAP;213139.65;213147.61;31;0
2026.08.17 06:14:29;XAUUSD;5;1786933399;PROFIT_RATCHET_LOCKED;floor=4.50 peak=10.60;MANAGE_PROFIT;SAFE;1;1;1;-1;-1;4390.32;7.96;7.96;10.60;-4.16;KELLY_LITE;true;0.04;213139.65;0.0417;KELLY_LITE(mult=1.10 taper=1.00 n=20)+HARD_RISK_CAP(2.0%)+MAXLOSS_CAP;213139.65;213147.61;31;0
2026.08.17 06:14:29;XAUUSD;5;1786933399;EXIT_TIERED_TRAIL;profit=7.96 peak=10.60 allowedRetrace=1.27;MANAGE_PROFIT;SAFE;1;1;1;-1;-1;4390.32;7.96;7.96;10.60;-4.16;KELLY_LITE;true;0.04;213139.65;0.0417;KELLY_LITE(mult=1.10 taper=1.00 n=20)+HARD_RISK_CAP(2.0%)+MAXLOSS_CAP;213139.65;213147.61;31;0
2026.08.17 06:14:30;XAUUSD;5;1786933399;POSITION_CLOSED;ticket=119616681 reason=tiered_profit_trail lots=0.04 price=4388.33 pnl=7.96;MANAGE_PROFIT;SAFE;0;1;1;-1;-1;4390.32;0.00;0.00;10.60;-4.16;KELLY_LITE;true;0.04;213139.65;0.0417;KELLY_LITE(mult=1.10 taper=1.00 n=20)+HARD_RISK_CAP(2.0%)+MAXLOSS_CAP;213147.93;213147.93;33;0
2026.08.17 06:14:31;XAUUSD;5;1786933399;PENDING_DELETED;ticket=119616731 reason=close_all_hedge;MANAGE_PROFIT;SAFE;0;0;0;-1;-1;4390.32;0.00;0.00;10.60;-4.16;KELLY_LITE;true;0.04;213139.65;0.0417;KELLY_LITE(mult=1.10 taper=1.00 n=20)+HARD_RISK_CAP(2.0%)+MAXLOSS_CAP;213147.93;213147.93;30;0
2026.08.17 06:14:31;XAUUSD;5;1786933399;CYCLE_RESET;oldState=RESET realizedPnL=8.28 peak=10.60 worst=-4.16 pyramid=0 consLosses=0;RESET;SAFE;0;0;0;-1;-1;4390.32;0.00;0.00;10.60;-4.16;KELLY_LITE;true;0.04;213139.65;0.0417;KELLY_LITE(mult=1.10 taper=1.00 n=20)+HARD_RISK_CAP(2.0%)+MAXLOSS_CAP;213147.93;213147.93;30;0
2026.08.17 06:19:31;XAUUSD;5;1786933400;PLACE_PENDING_START;cycle=1786933400 trend=0 consecLosses=0 preset=AGGRESSIVE;PLACE_PENDING;SAFE;0;0;0;-1;-1;0.00;0.00;0.00;0.00;0.00;KELLY_LITE;true;0.04;213139.65;0.0417;KELLY_LITE(mult=1.10 taper=1.00 n=20)+HARD_RISK_CAP(2.0%)+MAXLOSS_CAP;213147.93;213147.93;33;0
2026.08.17 06:19:32;XAUUSD;5;1786933400;OCO_PLACED;buy=119617425 4395.03 lot=0.04 sell=119617429 4391.70 lot=0.04 dist=1.50;WAIT_TRIGGER;SAFE;0;2;0;119617425;119617429;0.00;0.00;0.00;0.00;0.00;KELLY_LITE;true;0.04;213147.93;0.0417;KELLY_LITE(mult=1.10 taper=1.00 n=20)+HARD_RISK_CAP(2.0%)+MAXLOSS_CAP;213147.93;213147.93;33;0
2026.08.17 06:19:32;XAUUSD;5;1786933400;BUY_STOP_TRAILED;Old=4395.03 New=4394.68;WAIT_TRIGGER;SAFE;0;2;0;119617425;119617429;0.00;0.00;0.00;0.00;0.00;KELLY_LITE;true;0.04;213147.93;0.0417;KELLY_LITE(mult=1.10 taper=1.00 n=20)+HARD_RISK_CAP(2.0%)+MAXLOSS_CAP;213147.93;213147.93;33;0
2026.08.17 06:19:52;XAUUSD;5;1786933400;BUY_STOP_TRAILED;Old=4394.68 New=4394.33;WAIT_TRIGGER;SAFE;0;2;0;119617425;119617429;0.00;0.00;0.00;0.00;0.00;KELLY_LITE;true;0.04;213147.93;0.0417;KELLY_LITE(mult=1.10 taper=1.00 n=20)+HARD_RISK_CAP(2.0%)+MAXLOSS_CAP;213147.93;213147.93;33;0
2026.08.17 06:20:20;XAUUSD;5;1786933400;SELL_STOP_TRAILED;Old=4391.70 New=4392.02;WAIT_TRIGGER;SAFE;0;2;0;119617425;119617429;0.00;0.00;0.00;0.00;0.00;KELLY_LITE;true;0.04;213147.93;0.0417;KELLY_LITE(mult=1.10 taper=1.00 n=20)+HARD_RISK_CAP(2.0%)+MAXLOSS_CAP;213147.93;213147.93;33;0
2026.08.17 06:20:26;XAUUSD;5;1786933400;SELL_STOP_TRAILED;Old=4392.02 New=4392.37;WAIT_TRIGGER;SAFE;0;2;0;119617425;119617429;0.00;0.00;0.00;0.00;0.00;KELLY_LITE;true;0.04;213147.93;0.0417;KELLY_LITE(mult=1.10 taper=1.00 n=20)+HARD_RISK_CAP(2.0%)+MAXLOSS_CAP;213147.93;213147.93;33;0
2026.08.17 06:20:38;XAUUSD;5;1786933400;OCO_TRIGGERED_SELL;ticket=119617429 entry=4392.37;POSITION_ACTIVE;SAFE;1;1;0;119617425;-1;0.00;0.56;0.40;0.00;0.00;KELLY_LITE;true;0.04;213147.93;0.0417;KELLY_LITE(mult=1.10 taper=1.00 n=20)+HARD_RISK_CAP(2.0%)+MAXLOSS_CAP;213147.93;213148.49;30;0
2026.08.17 06:20:38;XAUUSD;5;1786933400;PENDING_DELETED;ticket=119617425 reason=oco_sell_triggered;POSITION_ACTIVE;SAFE;1;0;0;119617425;-1;0.00;3.24;3.24;0.00;0.00;KELLY_LITE;true;0.04;213147.93;0.0417;KELLY_LITE(mult=1.10 taper=1.00 n=20)+HARD_RISK_CAP(2.0%)+MAXLOSS_CAP;213147.93;213151.17;30;0
2026.08.17 06:20:39;XAUUSD;5;1786933400;HEDGE_PENDING_PLACED;dir=BUY_STOP ticket=119617530 price=4394.56 sl=4391.56 lot=0.05 mainEntry=4392.37 dist=3.00 confirmBars=1;POSITION_ACTIVE;SAFE;1;1;1;-1;-1;4392.37;4.76;4.76;3.24;0.00;KELLY_LITE;true;0.04;213147.93;0.0417;KELLY_LITE(mult=1.10 taper=1.00 n=20)+HARD_RISK_CAP(2.0%)+MAXLOSS_CAP;213147.93;213152.69;33;0
2026.08.17 06:20:39;XAUUSD;5;1786933400;SL_MODIFIED;ticket=119617429 oldSL=4404.37 newSL=4394.37 reason=early_loss_hard_sl_leg_0;MANAGE_PROFIT;SAFE;1;1;1;-1;-1;4392.37;4.68;4.68;4.76;0.00;KELLY_LITE;true;0.04;213147.93;0.0417;KELLY_LITE(mult=1.10 taper=1.00 n=20)+HARD_RISK_CAP(2.0%)+MAXLOSS_CAP;213147.93;213152.61;33;0
2026.08.17 06:21:30;XAUUSD;5;1786933400;EXIT_EARLY_LOSS_CUT;profit=-8.12 peak=5.64 cap=8.00;MANAGE_PROFIT;SAFE;1;1;1;-1;-1;4392.37;-8.12;-8.12;5.64;-8.12;KELLY_LITE;true;0.04;213147.93;0.0417;KELLY_LITE(mult=1.10 taper=1.00 n=20)+HARD_RISK_CAP(2.0%)+MAXLOSS_CAP;213147.93;213139.81;33;0
2026.08.17 06:21:31;XAUUSD;5;1786933400;PENDING_DELETED;ticket=119617530 reason=close_all_hedge;MANAGE_PROFIT;SAFE;0;0;0;-1;-1;4392.37;0.00;0.00;5.64;-8.12;KELLY_LITE;true;0.04;213147.93;0.0417;KELLY_LITE(mult=1.10 taper=1.00 n=20)+HARD_RISK_CAP(2.0%)+MAXLOSS_CAP;213139.93;213139.93;33;0
2026.08.17 06:21:31;XAUUSD;5;1786933400;TRADELOG_RECOVER_CLOSE;ticket=119617429 type=main pnl=-8.00;RESET;SAFE;0;0;0;-1;-1;4392.37;0.00;0.00;5.64;-8.12;KELLY_LITE;true;0.04;213147.93;0.0417;KELLY_LITE(mult=1.10 taper=1.00 n=20)+HARD_RISK_CAP(2.0%)+MAXLOSS_CAP;213139.93;213139.93;33;0
2026.08.17 06:21:31;XAUUSD;5;1786933400;LOSS_COOLDOWN_AFTER_LOSS;cyclePnL=-8.00 pauseUntil=2026.08.17 06:26:31;RESET;SAFE;0;0;0;-1;-1;4392.37;0.00;0.00;5.64;-8.12;KELLY_LITE;true;0.04;213147.93;0.0417;KELLY_LITE(mult=1.10 taper=1.00 n=20)+HARD_RISK_CAP(2.0%)+MAXLOSS_CAP;213139.93;213139.93;33;0
2026.08.17 06:21:31;XAUUSD;5;1786933400;CYCLE_RESET;oldState=RESET realizedPnL=-8.00 peak=5.64 worst=-8.12 pyramid=0 consLosses=1;RESET;SAFE;0;0;0;-1;-1;4392.37;0.00;0.00;5.64;-8.12;KELLY_LITE;true;0.04;213147.93;0.0417;KELLY_LITE(mult=1.10 taper=1.00 n=20)+HARD_RISK_CAP(2.0%)+MAXLOSS_CAP;213139.93;213139.93;33;0
2026.08.17 06:26:31;XAUUSD;5;1786933401;PLACE_PENDING_START;cycle=1786933401 trend=0 consecLosses=1 preset=AGGRESSIVE;PLACE_PENDING;SAFE;0;0;0;-1;-1;0.00;0.00;0.00;0.00;0.00;KELLY_LITE;true;0.04;213147.93;0.0417;KELLY_LITE(mult=1.10 taper=1.00 n=20)+HARD_RISK_CAP(2.0%)+MAXLOSS_CAP;213139.93;213139.93;33;0
2026.08.17 06:26:32;XAUUSD;5;1786933401;OCO_PLACED;buy=119617932 4398.78 lot=0.04 sell=119617934 4395.29 lot=0.04 dist=1.58;WAIT_TRIGGER;SAFE;0;2;0;119617932;119617934;0.00;0.00;0.00;0.00;0.00;KELLY_LITE;true;0.04;213139.93;0.0417;KELLY_LITE(mult=1.10 taper=1.00 n=20)+HARD_RISK_CAP(2.0%)+MAXLOSS_CAP;213139.93;213139.93;33;0
2026.08.17 06:26:35;XAUUSD;5;1786933401;BUY_STOP_TRAILED;Old=4398.78 New=4398.47;WAIT_TRIGGER;SAFE;0;2;0;119617932;119617934;0.00;0.00;0.00;0.00;0.00;KELLY_LITE;true;0.04;213139.93;0.0417;KELLY_LITE(mult=1.10 taper=1.00 n=20)+HARD_RISK_CAP(2.0%)+MAXLOSS_CAP;213139.93;213139.93;33;0
2026.08.17 06:26:37;XAUUSD;5;1786933401;BUY_STOP_TRAILED;Old=4398.47 New=4398.07;WAIT_TRIGGER;SAFE;0;2;0;119617932;119617934;0.00;0.00;0.00;0.00;0.00;KELLY_LITE;true;0.04;213139.93;0.0417;KELLY_LITE(mult=1.10 taper=1.00 n=20)+HARD_RISK_CAP(2.0%)+MAXLOSS_CAP;213139.93;213139.93;33;0
2026.08.17 06:28:39;XAUUSD;5;1786933401;SELL_STOP_TRAILED;Old=4395.29 New=4395.62;WAIT_TRIGGER;SAFE;0;2;0;119617932;119617934;0.00;0.00;0.00;0.00;0.00;KELLY_LITE;true;0.04;213139.93;0.0417;KELLY_LITE(mult=1.10 taper=1.00 n=20)+HARD_RISK_CAP(2.0%)+MAXLOSS_CAP;213139.93;213139.93;33;0
2026.08.17 06:28:42;XAUUSD;5;1786933401;SELL_STOP_TRAILED;Old=4395.62 New=4395.96;WAIT_TRIGGER;SAFE;0;2;0;119617932;119617934;0.00;0.00;0.00;0.00;0.00;KELLY_LITE;true;0.04;213139.93;0.0417;KELLY_LITE(mult=1.10 taper=1.00 n=20)+HARD_RISK_CAP(2.0%)+MAXLOSS_CAP;213139.93;213139.93;33;0
2026.08.17 06:28:46;XAUUSD;5;1786933401;OCO_TRIGGERED_BUY;ticket=119617932 entry=4398.07;POSITION_ACTIVE;SAFE;1;1;0;-1;119617934;0.00;0.08;-1.24;0.00;0.00;KELLY_LITE;true;0.04;213139.93;0.0417;KELLY_LITE(mult=1.10 taper=1.00 n=20)+HARD_RISK_CAP(2.0%)+MAXLOSS_CAP;213139.93;213140.01;33;0
2026.08.17 06:28:46;XAUUSD;5;1786933401;PENDING_DELETED;ticket=119617934 reason=oco_buy_triggered;POSITION_ACTIVE;SAFE;1;0;0;-1;119617934;0.00;-1.44;-1.44;0.00;0.00;KELLY_LITE;true;0.04;213139.93;0.0417;KELLY_LITE(mult=1.10 taper=1.00 n=20)+HARD_RISK_CAP(2.0%)+MAXLOSS_CAP;213139.93;213138.49;33;0
2026.08.17 06:28:47;XAUUSD;5;1786933401;HEDGE_PENDING_PLACED;dir=SELL_STOP ticket=119618054 price=4394.71 sl=4397.71 lot=0.05 mainEntry=4398.07 dist=3.00 confirmBars=1;POSITION_ACTIVE;SAFE;1;1;1;-1;-1;4398.07;-0.12;-0.12;0.00;-1.44;KELLY_LITE;true;0.04;213139.93;0.0417;KELLY_LITE(mult=1.10 taper=1.00 n=20)+HARD_RISK_CAP(2.0%)+MAXLOSS_CAP;213139.93;213139.81;30;0
2026.08.17 06:28:48;XAUUSD;5;1786933401;SL_MODIFIED;ticket=119617932 oldSL=4386.07 newSL=4396.07 reason=early_loss_hard_sl_leg_0;MANAGE_PROFIT;SAFE;1;1;1;-1;-1;4398.07;-0.72;-0.72;0.00;-1.44;KELLY_LITE;true;0.04;213139.93;0.0417;KELLY_LITE(mult=1.10 taper=1.00 n=20)+HARD_RISK_CAP(2.0%)+MAXLOSS_CAP;213139.93;213139.21;33;0
2026.08.17 06:30:03;XAUUSD;5;1786933401;SL_MODIFIED;ticket=119617932 oldSL=4396.07 newSL=4398.72 reason=break_even_lock_leg_0 (retry buf=20pt);MANAGE_PROFIT;SAFE;1;1;1;-1;-1;4398.07;8.60;8.60;10.52;-4.96;KELLY_LITE;true;0.04;213139.93;0.0417;KELLY_LITE(mult=1.10 taper=1.00 n=20)+HARD_RISK_CAP(2.0%)+MAXLOSS_CAP;213139.93;213148.53;37;0
2026.08.17 06:30:03;XAUUSD;5;1786933401;SL_MODIFIED;ticket=119617932 oldSL=4398.72 newSL=4399.19 reason=profit_ratchet_lock_leg_0;MANAGE_PROFIT;SAFE;1;1;1;-1;-1;4398.07;9.72;9.72;10.52;-4.96;KELLY_LITE;true;0.04;213139.93;0.0417;KELLY_LITE(mult=1.10 taper=1.00 n=20)+HARD_RISK_CAP(2.0%)+MAXLOSS_CAP;213139.93;213149.65;33;0
2026.08.17 06:30:03;XAUUSD;5;1786933401;PROFIT_RATCHET_LOCKED;floor=4.47 peak=10.52;MANAGE_PROFIT;SAFE;1;1;1;-1;-1;4398.07;9.72;9.72;10.52;-4.96;KELLY_LITE;true;0.04;213139.93;0.0417;KELLY_LITE(mult=1.10 taper=1.00 n=20)+HARD_RISK_CAP(2.0%)+MAXLOSS_CAP;213139.93;213149.65;33;0
2026.08.17 06:30:04;XAUUSD;5;1786933401;SL_MODIFIED;ticket=119617932 oldSL=4399.19 newSL=4400.14 reason=break_even_lock_leg_0;MANAGE_PROFIT;SAFE;1;1;1;-1;-1;4398.07;11.60;11.60;10.52;-4.96;KELLY_LITE;true;0.04;213139.93;0.0417;KELLY_LITE(mult=1.10 taper=1.00 n=20)+HARD_RISK_CAP(2.0%)+MAXLOSS_CAP;213139.93;213151.53;33;0
2026.08.17 06:30:04;XAUUSD;5;1786933401;SL_MODIFY_FAILED;ticket=119617932 newSL=4400.45 reason=break_even_lock_leg_0 err=0;MANAGE_PROFIT;SAFE;1;1;1;-1;-1;4398.07;10.08;10.08;11.60;-4.96;KELLY_LITE;true;0.04;213139.93;0.0417;KELLY_LITE(mult=1.10 taper=1.00 n=20)+HARD_RISK_CAP(2.0%)+MAXLOSS_CAP;213139.93;213150.01;36;0
2026.08.17 06:30:04;XAUUSD;5;1786933401;PROFIT_RATCHET_LOCKED;floor=4.93 peak=11.60;MANAGE_PROFIT;SAFE;1;1;1;-1;-1;4398.07;10.08;10.08;11.60;-4.96;KELLY_LITE;true;0.04;213139.93;0.0417;KELLY_LITE(mult=1.10 taper=1.00 n=20)+HARD_RISK_CAP(2.0%)+MAXLOSS_CAP;213139.93;213150.01;36;0
2026.08.17 06:30:04;XAUUSD;5;1786933401;EXIT_TIERED_TRAIL;profit=10.08 peak=11.60 allowedRetrace=1.39;MANAGE_PROFIT;SAFE;1;1;1;-1;-1;4398.07;10.08;10.08;11.60;-4.96;KELLY_LITE;true;0.04;213139.93;0.0417;KELLY_LITE(mult=1.10 taper=1.00 n=20)+HARD_RISK_CAP(2.0%)+MAXLOSS_CAP;213139.93;213150.01;36;0
2026.08.17 06:30:05;XAUUSD;5;1786933401;PENDING_DELETED;ticket=119618054 reason=close_all_hedge;MANAGE_PROFIT;SAFE;0;0;0;-1;-1;4398.07;0.00;0.00;11.60;-4.96;KELLY_LITE;true;0.04;213139.93;0.0417;KELLY_LITE(mult=1.10 taper=1.00 n=20)+HARD_RISK_CAP(2.0%)+MAXLOSS_CAP;213148.21;213148.21;31;0
2026.08.17 06:30:05;XAUUSD;5;1786933401;TRADELOG_RECOVER_CLOSE;ticket=119617932 type=main pnl=8.28;RESET;SAFE;0;0;0;-1;-1;4398.07;0.00;0.00;11.60;-4.96;KELLY_LITE;true;0.04;213139.93;0.0417;KELLY_LITE(mult=1.10 taper=1.00 n=20)+HARD_RISK_CAP(2.0%)+MAXLOSS_CAP;213148.21;213148.21;31;0
2026.08.17 06:30:05;XAUUSD;5;1786933401;CYCLE_RESET;oldState=RESET realizedPnL=8.28 peak=11.60 worst=-4.96 pyramid=0 consLosses=0;RESET;SAFE;0;0;0;-1;-1;4398.07;0.00;0.00;11.60;-4.96;KELLY_LITE;true;0.04;213139.93;0.0417;KELLY_LITE(mult=1.10 taper=1.00 n=20)+HARD_RISK_CAP(2.0%)+MAXLOSS_CAP;213148.21;213148.21;31;0
2026.08.17 06:35:05;XAUUSD;5;1786933402;PLACE_PENDING_START;cycle=1786933402 trend=0 consecLosses=0 preset=AGGRESSIVE;PLACE_PENDING;SAFE;0;0;0;-1;-1;0.00;0.00;0.00;0.00;0.00;KELLY_LITE;true;0.04;213139.93;0.0417;KELLY_LITE(mult=1.10 taper=1.00 n=20)+HARD_RISK_CAP(2.0%)+MAXLOSS_CAP;213148.21;213148.21;30;0
2026.08.17 06:35:06;XAUUSD;5;1786933402;OCO_PLACED;buy=119619177 4394.96 lot=0.04 sell=119619189 4391.34 lot=0.04 dist=1.66;WAIT_TRIGGER;SAFE;0;2;0;119619177;119619189;0.00;0.00;0.00;0.00;0.00;KELLY_LITE;true;0.04;213148.21;0.0417;KELLY_LITE(mult=1.10 taper=1.00 n=20)+HARD_RISK_CAP(2.0%)+MAXLOSS_CAP;213148.21;213148.21;33;0
2026.08.17 06:35:12;XAUUSD;5;1786933402;SELL_STOP_TRAILED;Old=4391.34 New=4391.68;WAIT_TRIGGER;SAFE;0;2;0;119619177;119619189;0.00;0.00;0.00;0.00;0.00;KELLY_LITE;true;0.04;213148.21;0.0417;KELLY_LITE(mult=1.10 taper=1.00 n=20)+HARD_RISK_CAP(2.0%)+MAXLOSS_CAP;213148.21;213148.21;33;0
2026.08.17 06:35:13;XAUUSD;5;1786933402;SELL_STOP_TRAILED;Old=4391.68 New=4392.00;WAIT_TRIGGER;SAFE;0;2;0;119619177;119619189;0.00;0.00;0.00;0.00;0.00;KELLY_LITE;true;0.04;213148.21;0.0417;KELLY_LITE(mult=1.10 taper=1.00 n=20)+HARD_RISK_CAP(2.0%)+MAXLOSS_CAP;213148.21;213148.21;33;0
2026.08.17 06:35:24;XAUUSD;5;1786933402;SELL_STOP_TRAILED;Old=4392.00 New=4392.35;WAIT_TRIGGER;SAFE;0;2;0;119619177;119619189;0.00;0.00;0.00;0.00;0.00;KELLY_LITE;true;0.04;213148.21;0.0417;KELLY_LITE(mult=1.10 taper=1.00 n=20)+HARD_RISK_CAP(2.0%)+MAXLOSS_CAP;213148.21;213148.21;33;0
2026.08.17 06:35:40;XAUUSD;5;1786933402;SELL_STOP_TRAILED;Old=4392.35 New=4392.68;WAIT_TRIGGER;SAFE;0;2;0;119619177;119619189;0.00;0.00;0.00;0.00;0.00;KELLY_LITE;true;0.04;213148.21;0.0417;KELLY_LITE(mult=1.10 taper=1.00 n=20)+HARD_RISK_CAP(2.0%)+MAXLOSS_CAP;213148.21;213148.21;33;0
2026.08.17 06:36:02;XAUUSD;5;1786933402;OCO_TRIGGERED_SELL;ticket=119619189 entry=4392.68;POSITION_ACTIVE;SAFE;1;1;0;119619177;-1;0.00;0.00;-1.32;0.00;0.00;KELLY_LITE;true;0.04;213148.21;0.0417;KELLY_LITE(mult=1.10 taper=1.00 n=20)+HARD_RISK_CAP(2.0%)+MAXLOSS_CAP;213148.21;213148.21;33;0
2026.08.17 06:36:03;XAUUSD;5;1786933402;PENDING_DELETED;ticket=119619177 reason=oco_sell_triggered;POSITION_ACTIVE;SAFE;1;0;0;119619177;-1;0.00;0.04;0.04;0.00;0.00;KELLY_LITE;true;0.04;213148.21;0.0417;KELLY_LITE(mult=1.10 taper=1.00 n=20)+HARD_RISK_CAP(2.0%)+MAXLOSS_CAP;213148.21;213148.25;37;0
2026.08.17 06:36:03;XAUUSD;5;1786933402;HEDGE_PENDING_PLACED;dir=BUY_STOP ticket=119619320 price=4395.67 sl=4392.67 lot=0.05 mainEntry=4392.68 dist=3.00 confirmBars=1;POSITION_ACTIVE;SAFE;1;1;1;-1;-1;4392.68;0.44;0.44;0.04;0.00;KELLY_LITE;true;0.04;213148.21;0.0417;KELLY_LITE(mult=1.10 taper=1.00 n=20)+HARD_RISK_CAP(2.0%)+MAXLOSS_CAP;213148.21;213148.65;33;0
2026.08.17 06:36:04;XAUUSD;5;1786933402;SL_MODIFIED;ticket=119619189 oldSL=4404.68 newSL=4394.68 reason=early_loss_hard_sl_leg_0;MANAGE_PROFIT;SAFE;1;1;1;-1;-1;4392.68;0.00;0.00;0.44;0.00;KELLY_LITE;true;0.04;213148.21;0.0417;KELLY_LITE(mult=1.10 taper=1.00 n=20)+HARD_RISK_CAP(2.0%)+MAXLOSS_CAP;213148.21;213148.21;33;0
2026.08.17 06:37:23;XAUUSD;5;1786933402;RECONCILED_BROKER_CLOSE;ticket=119619189 type=main pnl=-8.00;MANAGE_PROFIT;SAFE;0;1;1;-1;-1;4392.68;0.00;0.00;0.64;-7.76;KELLY_LITE;true;0.04;213148.21;0.0417;KELLY_LITE(mult=1.10 taper=1.00 n=20)+HARD_RISK_CAP(2.0%)+MAXLOSS_CAP;213140.21;213140.21;33;0
2026.08.17 06:37:24;XAUUSD;5;1786933402;PENDING_DELETED;ticket=119619320 reason=main_gone_hedge_pending;WAIT_TRIGGER;SAFE;0;0;1;-1;-1;4392.68;0.00;0.00;0.64;-7.76;KELLY_LITE;true;0.04;213148.21;0.0417;KELLY_LITE(mult=1.10 taper=1.00 n=20)+HARD_RISK_CAP(2.0%)+MAXLOSS_CAP;213140.21;213140.21;33;0
2026.08.17 06:37:24;XAUUSD;5;1786933402;HEDGE_PENDING_CLEANUP;main_position_gone;WAIT_TRIGGER;SAFE;0;0;1;-1;-1;4392.68;0.00;0.00;0.64;-7.76;KELLY_LITE;true;0.04;213148.21;0.0417;KELLY_LITE(mult=1.10 taper=1.00 n=20)+HARD_RISK_CAP(2.0%)+MAXLOSS_CAP;213140.21;213140.21;33;0
2026.08.17 06:37:24;XAUUSD;5;1786933402;LOSS_COOLDOWN_AFTER_LOSS;cyclePnL=-8.00 pauseUntil=2026.08.17 06:42:24;WAIT_TRIGGER;SAFE;0;0;1;-1;-1;4392.68;0.00;0.00;0.64;-7.76;KELLY_LITE;true;0.04;213148.21;0.0417;KELLY_LITE(mult=1.10 taper=1.00 n=20)+HARD_RISK_CAP(2.0%)+MAXLOSS_CAP;213140.21;213140.21;33;0
2026.08.17 06:37:24;XAUUSD;5;1786933402;CYCLE_RESET;oldState=WAIT_TRIGGER realizedPnL=-8.00 peak=0.64 worst=-7.76 pyramid=1 consLosses=1;WAIT_TRIGGER;SAFE;0;0;1;-1;-1;4392.68;0.00;0.00;0.64;-7.76;KELLY_LITE;true;0.04;213148.21;0.0417;KELLY_LITE(mult=1.10 taper=1.00 n=20)+HARD_RISK_CAP(2.0%)+MAXLOSS_CAP;213140.21;213140.21;33;0
2026.08.17 06:42:24;XAUUSD;5;1786933403;PLACE_PENDING_START;cycle=1786933403 trend=0 consecLosses=1 preset=AGGRESSIVE;PLACE_PENDING;SAFE;0;0;0;-1;-1;0.00;0.00;0.00;0.00;0.00;KELLY_LITE;true;0.04;213148.21;0.0417;KELLY_LITE(mult=1.10 taper=1.00 n=20)+HARD_RISK_CAP(2.0%)+MAXLOSS_CAP;213140.21;213140.21;33;0
2026.08.17 06:42:25;XAUUSD;5;1786933403;OCO_PLACED;buy=119619840 4398.09 lot=0.04 sell=119619842 4394.38 lot=0.04 dist=1.69;WAIT_TRIGGER;SAFE;0;2;0;119619840;119619842;0.00;0.00;0.00;0.00;0.00;KELLY_LITE;true;0.04;213140.21;0.0417;KELLY_LITE(mult=1.10 taper=1.00 n=20)+HARD_RISK_CAP(2.0%)+MAXLOSS_CAP;213140.21;213140.21;33;0
2026.08.17 06:42:27;XAUUSD;5;1786933403;BUY_STOP_TRAILED;Old=4398.09 New=4397.78;WAIT_TRIGGER;SAFE;0;2;0;119619840;119619842;0.00;0.00;0.00;0.00;0.00;KELLY_LITE;true;0.04;213140.21;0.0417;KELLY_LITE(mult=1.10 taper=1.00 n=20)+HARD_RISK_CAP(2.0%)+MAXLOSS_CAP;213140.21;213140.21;33;0
2026.08.17 06:42:30;XAUUSD;5;1786933403;BUY_STOP_TRAILED;Old=4397.78 New=4397.26;WAIT_TRIGGER;SAFE;0;2;0;119619840;119619842;0.00;0.00;0.00;0.00;0.00;KELLY_LITE;true;0.04;213140.21;0.0417;KELLY_LITE(mult=1.10 taper=1.00 n=20)+HARD_RISK_CAP(2.0%)+MAXLOSS_CAP;213140.21;213140.21;33;0
2026.08.17 06:42:40;XAUUSD;5;1786933403;SELL_STOP_TRAILED;Old=4394.38 New=4394.76;WAIT_TRIGGER;SAFE;0;2;0;119619840;119619842;0.00;0.00;0.00;0.00;0.00;KELLY_LITE;true;0.04;213140.21;0.0417;KELLY_LITE(mult=1.10 taper=1.00 n=20)+HARD_RISK_CAP(2.0%)+MAXLOSS_CAP;213140.21;213140.21;31;0
2026.08.17 06:43:34;XAUUSD;5;1786933403;BUY_STOP_TRAILED;Old=4397.26 New=4396.81;WAIT_TRIGGER;SAFE;1;1;0;119619840;119619842;0.00;-1.16;-1.16;0.00;0.00;KELLY_LITE;true;0.04;213140.21;0.0417;KELLY_LITE(mult=1.10 taper=1.00 n=20)+HARD_RISK_CAP(2.0%)+MAXLOSS_CAP;213140.21;213139.05;33;0
2026.08.17 06:43:34;XAUUSD;5;1786933403;OCO_TRIGGERED_SELL;ticket=119619842 entry=4394.76;POSITION_ACTIVE;SAFE;1;1;0;119619840;-1;0.00;-1.16;-1.16;0.00;0.00;KELLY_LITE;true;0.04;213140.21;0.0417;KELLY_LITE(mult=1.10 taper=1.00 n=20)+HARD_RISK_CAP(2.0%)+MAXLOSS_CAP;213140.21;213139.05;33;0
2026.08.17 06:43:34;XAUUSD;5;1786933403;PENDING_DELETED;ticket=119619840 reason=oco_sell_triggered;POSITION_ACTIVE;SAFE;1;0;0;119619840;-1;0.00;-1.44;-1.44;0.00;0.00;KELLY_LITE;true;0.04;213140.21;0.0417;KELLY_LITE(mult=1.10 taper=1.00 n=20)+HARD_RISK_CAP(2.0%)+MAXLOSS_CAP;213140.21;213138.77;33;0
2026.08.17 06:43:35;XAUUSD;5;1786933403;HEDGE_PENDING_PLACED;dir=BUY_STOP ticket=119619908 price=4398.12 sl=4395.12 lot=0.05 mainEntry=4394.76 dist=3.00 confirmBars=1;POSITION_ACTIVE;SAFE;1;1;1;-1;-1;4394.76;-1.44;-1.44;0.00;-1.44;KELLY_LITE;true;0.04;213140.21;0.0417;KELLY_LITE(mult=1.10 taper=1.00 n=20)+HARD_RISK_CAP(2.0%)+MAXLOSS_CAP;213140.21;213138.77;33;0
2026.08.17 06:43:35;XAUUSD;5;1786933403;SL_MODIFIED;ticket=119619842 oldSL=4406.76 newSL=4396.76 reason=early_loss_hard_sl_leg_0;MANAGE_PROFIT;SAFE;1;1;1;-1;-1;4394.76;-1.28;-1.28;0.00;-1.44;KELLY_LITE;true;0.04;213140.21;0.0417;KELLY_LITE(mult=1.10 taper=1.00 n=20)+HARD_RISK_CAP(2.0%)+MAXLOSS_CAP;213140.21;213138.93;33;0
2026.08.17 06:47:05;XAUUSD;5;1786933403;SL_MODIFIED;ticket=119619842 oldSL=4396.76 newSL=4393.10 reason=break_even_lock_leg_0;MANAGE_PROFIT;SAFE;1;1;1;-1;-1;4394.76;8.76;8.76;8.72;-5.48;KELLY_LITE;true;0.04;213140.21;0.0417;KELLY_LITE(mult=1.10 taper=1.00 n=20)+HARD_RISK_CAP(2.0%)+MAXLOSS_CAP;213140.21;213148.97;30;0
2026.08.17 06:47:05;XAUUSD;5;1786933403;PROFIT_RATCHET_LOCKED;floor=3.71 peak=8.72;MANAGE_PROFIT;SAFE;1;1;1;-1;-1;4394.76;8.76;8.76;8.72;-5.48;KELLY_LITE;true;0.04;213140.21;0.0417;KELLY_LITE(mult=1.10 taper=1.00 n=20)+HARD_RISK_CAP(2.0%)+MAXLOSS_CAP;213140.21;213148.97;30;0
2026.08.17 06:47:05;XAUUSD;5;1786933403;PROFIT_RATCHET_LOCKED;floor=3.72 peak=8.76;MANAGE_PROFIT;SAFE;1;1;1;-1;-1;4394.76;8.76;8.76;8.76;-5.48;KELLY_LITE;true;0.04;213140.21;0.0417;KELLY_LITE(mult=1.10 taper=1.00 n=20)+HARD_RISK_CAP(2.0%)+MAXLOSS_CAP;213140.21;213148.97;30;0
2026.08.17 06:47:05;XAUUSD;5;1786933403;PROFIT_RATCHET_LOCKED;floor=3.72 peak=8.76;MANAGE_PROFIT;SAFE;1;1;1;-1;-1;4394.76;8.60;8.60;8.76;-5.48;KELLY_LITE;true;0.04;213140.21;0.0417;KELLY_LITE(mult=1.10 taper=1.00 n=20)+HARD_RISK_CAP(2.0%)+MAXLOSS_CAP;213140.21;213148.81;30;0
2026.08.17 06:47:06;XAUUSD;5;1786933403;EXIT_TIERED_TRAIL;profit=7.12 peak=8.76 allowedRetrace=1.31;MANAGE_PROFIT;SAFE;1;1;1;-1;-1;4394.76;7.12;7.12;8.76;-5.48;KELLY_LITE;true;0.04;213140.21;0.0417;KELLY_LITE(mult=1.10 taper=1.00 n=20)+HARD_RISK_CAP(2.0%)+MAXLOSS_CAP;213140.21;213147.33;35;0
2026.08.17 06:47:07;XAUUSD;5;1786933403;PENDING_DELETED;ticket=119619908 reason=close_all_hedge;MANAGE_PROFIT;SAFE;0;0;0;-1;-1;4394.76;0.00;0.00;8.76;-5.48;KELLY_LITE;true;0.04;213140.21;0.0417;KELLY_LITE(mult=1.10 taper=1.00 n=20)+HARD_RISK_CAP(2.0%)+MAXLOSS_CAP;213146.85;213146.85;30;0
2026.08.17 06:47:07;XAUUSD;5;1786933403;TRADELOG_RECOVER_CLOSE;ticket=119619842 type=main pnl=6.64;RESET;SAFE;0;0;0;-1;-1;4394.76;0.00;0.00;8.76;-5.48;KELLY_LITE;true;0.04;213140.21;0.0417;KELLY_LITE(mult=1.10 taper=1.00 n=20)+HARD_RISK_CAP(2.0%)+MAXLOSS_CAP;213146.85;213146.85;30;0
2026.08.17 06:47:07;XAUUSD;5;1786933403;CYCLE_RESET;oldState=RESET realizedPnL=6.64 peak=8.76 worst=-5.48 pyramid=0 consLosses=0;RESET;SAFE;0;0;0;-1;-1;4394.76;0.00;0.00;8.76;-5.48;KELLY_LITE;true;0.04;213140.21;0.0417;KELLY_LITE(mult=1.10 taper=1.00 n=20)+HARD_RISK_CAP(2.0%)+MAXLOSS_CAP;213146.85;213146.85;30;0
2026.08.17 06:52:07;XAUUSD;5;1786933404;PLACE_PENDING_START;cycle=1786933404 trend=0 consecLosses=0 preset=AGGRESSIVE;PLACE_PENDING;SAFE;0;0;0;-1;-1;0.00;0.00;0.00;0.00;0.00;KELLY_LITE;true;0.04;213140.21;0.0417;KELLY_LITE(mult=1.10 taper=1.00 n=20)+HARD_RISK_CAP(2.0%)+MAXLOSS_CAP;213146.85;213146.85;33;0
2026.08.17 06:52:07;XAUUSD;5;1786933404;OCO_PLACED;buy=119620493 4396.92 lot=0.04 sell=119620494 4393.21 lot=0.04 dist=1.69;WAIT_TRIGGER;SAFE;0;2;0;119620493;119620494;0.00;0.00;0.00;0.00;0.00;KELLY_LITE;true;0.04;213146.85;0.0417;KELLY_LITE(mult=1.10 taper=1.00 n=20)+HARD_RISK_CAP(2.0%)+MAXLOSS_CAP;213146.85;213146.85;33;0
2026.08.17 06:52:13;XAUUSD;5;1786933404;BUY_STOP_TRAILED;Old=4396.92 New=4396.61;WAIT_TRIGGER;SAFE;0;2;0;119620493;119620494;0.00;0.00;0.00;0.00;0.00;KELLY_LITE;true;0.04;213146.85;0.0417;KELLY_LITE(mult=1.10 taper=1.00 n=20)+HARD_RISK_CAP(2.0%)+MAXLOSS_CAP;213146.85;213146.85;33;0
2026.08.17 06:53:06;XAUUSD;5;1786933404;SELL_STOP_TRAILED;Old=4393.21 New=4393.58;WAIT_TRIGGER;SAFE;0;2;0;119620493;119620494;0.00;0.00;0.00;0.00;0.00;KELLY_LITE;true;0.04;213146.85;0.0417;KELLY_LITE(mult=1.10 taper=1.00 n=20)+HARD_RISK_CAP(2.0%)+MAXLOSS_CAP;213146.85;213146.85;33;0
2026.08.17 06:53:07;XAUUSD;5;1786933404;SELL_STOP_TRAILED;Old=4393.58 New=4393.92;WAIT_TRIGGER;SAFE;0;2;0;119620493;119620494;0.00;0.00;0.00;0.00;0.00;KELLY_LITE;true;0.04;213146.85;0.0417;KELLY_LITE(mult=1.10 taper=1.00 n=20)+HARD_RISK_CAP(2.0%)+MAXLOSS_CAP;213146.85;213146.85;33;0
2026.08.17 06:53:18;XAUUSD;5;1786933404;SELL_STOP_TRAILED;Old=4393.92 New=4394.23;WAIT_TRIGGER;SAFE;0;2;0;119620493;119620494;0.00;0.00;0.00;0.00;0.00;KELLY_LITE;true;0.04;213146.85;0.0417;KELLY_LITE(mult=1.10 taper=1.00 n=20)+HARD_RISK_CAP(2.0%)+MAXLOSS_CAP;213146.85;213146.85;31;0
2026.08.17 06:53:57;XAUUSD;5;1786933404;BUY_STOP_TRAILED;Old=4396.61 New=4396.30;WAIT_TRIGGER;SAFE;0;2;0;119620493;119620494;0.00;0.00;0.00;0.00;0.00;KELLY_LITE;true;0.04;213146.85;0.0417;KELLY_LITE(mult=1.10 taper=1.00 n=20)+HARD_RISK_CAP(2.0%)+MAXLOSS_CAP;213146.85;213146.85;33;0
2026.08.17 06:53:58;XAUUSD;5;1786933404;OCO_TRIGGERED_SELL;ticket=119620494 entry=4394.23;POSITION_ACTIVE;SAFE;1;1;0;119620493;-1;0.00;-1.08;-1.08;0.00;0.00;KELLY_LITE;true;0.04;213146.85;0.0417;KELLY_LITE(mult=1.10 taper=1.00 n=20)+HARD_RISK_CAP(2.0%)+MAXLOSS_CAP;213146.85;213145.77;33;0
2026.08.17 06:53:58;XAUUSD;5;1786933404;PENDING_DELETED;ticket=119620493 reason=oco_sell_triggered;POSITION_ACTIVE;SAFE;1;0;0;119620493;-1;0.00;-1.16;-1.16;0.00;0.00;KELLY_LITE;true;0.04;213146.85;0.0417;KELLY_LITE(mult=1.10 taper=1.00 n=20)+HARD_RISK_CAP(2.0%)+MAXLOSS_CAP;213146.85;213145.69;33;0
2026.08.17 06:53:59;XAUUSD;5;1786933404;HEDGE_PENDING_PLACED;dir=BUY_STOP ticket=119620562 price=4397.52 sl=4394.52 lot=0.05 mainEntry=4394.23 dist=3.00 confirmBars=1;POSITION_ACTIVE;SAFE;1;1;1;-1;-1;4394.23;-1.20;-1.20;0.00;-1.16;KELLY_LITE;true;0.04;213146.85;0.0417;KELLY_LITE(mult=1.10 taper=1.00 n=20)+HARD_RISK_CAP(2.0%)+MAXLOSS_CAP;213146.85;213145.65;33;0
2026.08.17 06:54:00;XAUUSD;5;1786933404;SL_MODIFIED;ticket=119620494 oldSL=4406.23 newSL=4396.23 reason=early_loss_hard_sl_leg_0;MANAGE_PROFIT;SAFE;1;1;1;-1;-1;4394.23;-0.92;-0.92;0.00;-1.20;KELLY_LITE;true;0.04;213146.85;0.0417;KELLY_LITE(mult=1.10 taper=1.00 n=20)+HARD_RISK_CAP(2.0%)+MAXLOSS_CAP;213146.85;213145.93;33;0
2026.08.17 06:56:01;XAUUSD;5;1786933404;RECONCILED_BROKER_CLOSE;ticket=119620494 type=main pnl=-8.00;MANAGE_PROFIT;SAFE;0;1;1;-1;-1;4394.23;0.00;0.00;5.76;-6.84;KELLY_LITE;true;0.04;213146.85;0.0417;KELLY_LITE(mult=1.10 taper=1.00 n=20)+HARD_RISK_CAP(2.0%)+MAXLOSS_CAP;213138.85;213138.85;33;0
2026.08.17 06:56:01;XAUUSD;5;1786933404;PENDING_DELETED;ticket=119620562 reason=main_gone_hedge_pending;WAIT_TRIGGER;SAFE;0;0;1;-1;-1;4394.23;0.00;0.00;5.76;-6.84;KELLY_LITE;true;0.04;213146.85;0.0417;KELLY_LITE(mult=1.10 taper=1.00 n=20)+HARD_RISK_CAP(2.0%)+MAXLOSS_CAP;213138.85;213138.85;33;0
2026.08.17 06:56:01;XAUUSD;5;1786933404;HEDGE_PENDING_CLEANUP;main_position_gone;WAIT_TRIGGER;SAFE;0;0;1;-1;-1;4394.23;0.00;0.00;5.76;-6.84;KELLY_LITE;true;0.04;213146.85;0.0417;KELLY_LITE(mult=1.10 taper=1.00 n=20)+HARD_RISK_CAP(2.0%)+MAXLOSS_CAP;213138.85;213138.85;33;0
2026.08.17 06:56:01;XAUUSD;5;1786933404;LOSS_COOLDOWN_AFTER_LOSS;cyclePnL=-8.00 pauseUntil=2026.08.17 07:01:01;WAIT_TRIGGER;SAFE;0;0;1;-1;-1;4394.23;0.00;0.00;5.76;-6.84;KELLY_LITE;true;0.04;213146.85;0.0417;KELLY_LITE(mult=1.10 taper=1.00 n=20)+HARD_RISK_CAP(2.0%)+MAXLOSS_CAP;213138.85;213138.85;33;0
2026.08.17 06:56:01;XAUUSD;5;1786933404;CYCLE_RESET;oldState=WAIT_TRIGGER realizedPnL=-8.00 peak=5.76 worst=-6.84 pyramid=1 consLosses=1;WAIT_TRIGGER;SAFE;0;0;1;-1;-1;4394.23;0.00;0.00;5.76;-6.84;KELLY_LITE;true;0.04;213146.85;0.0417;KELLY_LITE(mult=1.10 taper=1.00 n=20)+HARD_RISK_CAP(2.0%)+MAXLOSS_CAP;213138.85;213138.85;33;0
2026.08.17 07:01:01;XAUUSD;5;1786933405;PLACE_PENDING_START;cycle=1786933405 trend=0 consecLosses=1 preset=AGGRESSIVE;PLACE_PENDING;SAFE;0;0;0;-1;-1;0.00;0.00;0.00;0.00;0.00;KELLY_LITE;true;0.04;213146.85;0.0417;KELLY_LITE(mult=1.10 taper=1.00 n=20)+HARD_RISK_CAP(2.0%)+MAXLOSS_CAP;213138.85;213138.85;33;0
2026.08.17 07:01:02;XAUUSD;5;1786933405;OCO_PLACED;buy=119621030 4396.89 lot=0.04 sell=119621035 4393.08 lot=0.04 dist=1.74;WAIT_TRIGGER;SAFE;0;2;0;119621030;119621035;0.00;0.00;0.00;0.00;0.00;KELLY_LITE;true;0.04;213138.85;0.0417;KELLY_LITE(mult=1.10 taper=1.00 n=20)+HARD_RISK_CAP(2.0%)+MAXLOSS_CAP;213138.85;213138.85;33;0
2026.08.17 07:01:05;XAUUSD;5;1786933405;SELL_STOP_TRAILED;Old=4393.08 New=4393.60;WAIT_TRIGGER;SAFE;0;2;0;119621030;119621035;0.00;0.00;0.00;0.00;0.00;KELLY_LITE;true;0.04;213138.85;0.0417;KELLY_LITE(mult=1.10 taper=1.00 n=20)+HARD_RISK_CAP(2.0%)+MAXLOSS_CAP;213138.85;213138.85;33;0
2026.08.17 07:01:06;XAUUSD;5;1786933405;SELL_STOP_TRAILED;Old=4393.60 New=4393.91;WAIT_TRIGGER;SAFE;0;2;0;119621030;119621035;0.00;0.00;0.00;0.00;0.00;KELLY_LITE;true;0.04;213138.85;0.0417;KELLY_LITE(mult=1.10 taper=1.00 n=20)+HARD_RISK_CAP(2.0%)+MAXLOSS_CAP;213138.85;213138.85;33;0
2026.08.17 07:01:19;XAUUSD;5;1786933405;SELL_STOP_TRAILED;Old=4393.91 New=4394.26;WAIT_TRIGGER;SAFE;0;2;0;119621030;119621035;0.00;0.00;0.00;0.00;0.00;KELLY_LITE;true;0.04;213138.85;0.0417;KELLY_LITE(mult=1.10 taper=1.00 n=20)+HARD_RISK_CAP(2.0%)+MAXLOSS_CAP;213138.85;213138.85;33;0
2026.08.17 07:01:20;XAUUSD;5;1786933405;SELL_STOP_TRAILED;Old=4394.26 New=4394.60;WAIT_TRIGGER;SAFE;0;2;0;119621030;119621035;0.00;0.00;0.00;0.00;0.00;KELLY_LITE;true;0.04;213138.85;0.0417;KELLY_LITE(mult=1.10 taper=1.00 n=20)+HARD_RISK_CAP(2.0%)+MAXLOSS_CAP;213138.85;213138.85;33;0
2026.08.17 07:01:21;XAUUSD;5;1786933405;OCO_TRIGGERED_BUY;ticket=119621030 entry=4396.89;POSITION_ACTIVE;SAFE;1;1;0;-1;119621035;0.00;0.24;-0.96;0.00;0.00;KELLY_LITE;true;0.04;213138.85;0.0417;KELLY_LITE(mult=1.10 taper=1.00 n=20)+HARD_RISK_CAP(2.0%)+MAXLOSS_CAP;213138.85;213139.09;30;0
2026.08.17 07:01:22;XAUUSD;5;1786933405;PENDING_DELETED;ticket=119621035 reason=oco_buy_triggered;POSITION_ACTIVE;SAFE;1;0;0;-1;119621035;0.00;-1.44;-1.44;0.00;0.00;KELLY_LITE;true;0.04;213138.85;0.0417;KELLY_LITE(mult=1.10 taper=1.00 n=20)+HARD_RISK_CAP(2.0%)+MAXLOSS_CAP;213138.85;213137.41;33;0
2026.08.17 07:01:22;XAUUSD;5;1786933405;HEDGE_PENDING_PLACED;dir=SELL_STOP ticket=119621078 price=4393.53 sl=4396.53 lot=0.05 mainEntry=4396.89 dist=3.00 confirmBars=1;POSITION_ACTIVE;SAFE;1;1;1;-1;-1;4396.89;-1.40;-1.40;0.00;-1.44;KELLY_LITE;true;0.04;213138.85;0.0417;KELLY_LITE(mult=1.10 taper=1.00 n=20)+HARD_RISK_CAP(2.0%)+MAXLOSS_CAP;213138.85;213137.45;33;0
2026.08.17 07:01:23;XAUUSD;5;1786933405;SL_MODIFIED;ticket=119621030 oldSL=4381.89 newSL=4394.89 reason=early_loss_hard_sl_leg_0;MANAGE_PROFIT;SAFE;1;1;1;-1;-1;4396.89;-1.64;-1.16;0.00;-1.44;KELLY_LITE;true;0.04;213138.85;0.0417;KELLY_LITE(mult=1.10 taper=1.00 n=20)+HARD_RISK_CAP(2.0%)+MAXLOSS_CAP;213138.85;213137.21;33;0
2026.08.17 07:05:04;XAUUSD;5;1786933405;RECONCILED_BROKER_CLOSE;ticket=119621030 type=main pnl=-8.00;MANAGE_PROFIT;SAFE;0;1;1;-1;-1;4396.89;0.00;0.00;4.56;-7.92;KELLY_LITE;true;0.04;213138.85;0.0417;KELLY_LITE(mult=1.10 taper=1.00 n=20)+HARD_RISK_CAP(2.0%)+MAXLOSS_CAP;213130.85;213130.85;33;0
2026.08.17 07:05:05;XAUUSD;5;1786933405;PENDING_DELETED;ticket=119621078 reason=main_gone_hedge_pending;WAIT_TRIGGER;SAFE;0;0;1;-1;-1;4396.89;0.00;0.00;4.56;-7.92;KELLY_LITE;true;0.04;213138.85;0.0417;KELLY_LITE(mult=1.10 taper=1.00 n=20)+HARD_RISK_CAP(2.0%)+MAXLOSS_CAP;213130.85;213130.85;33;0
2026.08.17 07:05:05;XAUUSD;5;1786933405;HEDGE_PENDING_CLEANUP;main_position_gone;WAIT_TRIGGER;SAFE;0;0;1;-1;-1;4396.89;0.00;0.00;4.56;-7.92;KELLY_LITE;true;0.04;213138.85;0.0417;KELLY_LITE(mult=1.10 taper=1.00 n=20)+HARD_RISK_CAP(2.0%)+MAXLOSS_CAP;213130.85;213130.85;33;0
2026.08.17 07:05:05;XAUUSD;5;1786933405;LOSS_COOLDOWN_AFTER_LOSS;cyclePnL=-8.00 pauseUntil=2026.08.17 07:10:05;WAIT_TRIGGER;SAFE;0;0;1;-1;-1;4396.89;0.00;0.00;4.56;-7.92;KELLY_LITE;true;0.04;213138.85;0.0417;KELLY_LITE(mult=1.10 taper=1.00 n=20)+HARD_RISK_CAP(2.0%)+MAXLOSS_CAP;213130.85;213130.85;33;0
2026.08.17 07:05:05;XAUUSD;5;1786933405;CYCLE_RESET;oldState=WAIT_TRIGGER realizedPnL=-8.00 peak=4.56 worst=-7.92 pyramid=1 consLosses=2;WAIT_TRIGGER;SAFE;0;0;1;-1;-1;4396.89;0.00;0.00;4.56;-7.92;KELLY_LITE;true;0.04;213138.85;0.0417;KELLY_LITE(mult=1.10 taper=1.00 n=20)+HARD_RISK_CAP(2.0%)+MAXLOSS_CAP;213130.85;213130.85;33;0
2026.08.17 07:10:05;XAUUSD;5;1786933406;PLACE_PENDING_START;cycle=1786933406 trend=0 consecLosses=2 preset=AGGRESSIVE;PLACE_PENDING;SAFE;0;0;0;-1;-1;0.00;0.00;0.00;0.00;0.00;KELLY_LITE;true;0.04;213138.85;0.0417;KELLY_LITE(mult=1.10 taper=1.00 n=20)+HARD_RISK_CAP(2.0%)+MAXLOSS_CAP;213130.85;213130.85;33;0
2026.08.17 07:10:06;XAUUSD;5;1786933406;OCO_PLACED;buy=119621639 4397.60 lot=0.04 sell=119621642 4393.89 lot=0.04 dist=1.69;WAIT_TRIGGER;SAFE;0;2;0;119621639;119621642;0.00;0.00;0.00;0.00;0.00;KELLY_LITE;true;0.04;213130.85;0.0417;KELLY_LITE(mult=1.10 taper=1.00 n=20)+CONSEC_REDUCE(0.50)+HARD_RISK_CAP(2.0%)+MAXLOSS_CAP;213130.85;213130.85;33;0
2026.08.17 07:10:13;XAUUSD;5;1786933406;BUY_STOP_TRAILED;Old=4397.60 New=4397.29;WAIT_TRIGGER;SAFE;0;2;0;119621639;119621642;0.00;0.00;0.00;0.00;0.00;KELLY_LITE;true;0.04;213130.85;0.0417;KELLY_LITE(mult=1.10 taper=1.00 n=20)+CONSEC_REDUCE(0.50)+HARD_RISK_CAP(2.0%)+MAXLOSS_CAP;213130.85;213130.85;33;0
2026.08.17 07:10:17;XAUUSD;5;1786933406;SELL_STOP_TRAILED;Old=4393.89 New=4394.23;WAIT_TRIGGER;SAFE;0;2;0;119621639;119621642;0.00;0.00;0.00;0.00;0.00;KELLY_LITE;true;0.04;213130.85;0.0417;KELLY_LITE(mult=1.10 taper=1.00 n=20)+CONSEC_REDUCE(0.50)+HARD_RISK_CAP(2.0%)+MAXLOSS_CAP;213130.85;213130.85;33;0
2026.08.17 07:10:44;XAUUSD;5;1786933406;BUY_STOP_TRAILED;Old=4397.29 New=4396.93;WAIT_TRIGGER;SAFE;0;2;0;119621639;119621642;0.00;0.00;0.00;0.00;0.00;KELLY_LITE;true;0.04;213130.85;0.0417;KELLY_LITE(mult=1.10 taper=1.00 n=20)+CONSEC_REDUCE(0.50)+HARD_RISK_CAP(2.0%)+MAXLOSS_CAP;213130.85;213130.85;33;0
2026.08.17 07:10:50;XAUUSD;5;1786933406;BUY_STOP_TRAILED;Old=4396.93 New=4396.53;WAIT_TRIGGER;SAFE;0;2;0;119621639;119621642;0.00;0.00;0.00;0.00;0.00;KELLY_LITE;true;0.04;213130.85;0.0417;KELLY_LITE(mult=1.10 taper=1.00 n=20)+CONSEC_REDUCE(0.50)+HARD_RISK_CAP(2.0%)+MAXLOSS_CAP;213130.85;213130.85;33;0
2026.08.17 07:10:57;XAUUSD;5;1786933406;OCO_TRIGGERED_SELL;ticket=119621642 entry=4394.23;POSITION_ACTIVE;SAFE;1;1;0;119621639;-1;0.00;-0.92;-0.92;0.00;0.00;KELLY_LITE;true;0.04;213130.85;0.0417;KELLY_LITE(mult=1.10 taper=1.00 n=20)+CONSEC_REDUCE(0.50)+HARD_RISK_CAP(2.0%)+MAXLOSS_CAP;213130.85;213129.93;30;0
2026.08.17 07:10:58;XAUUSD;5;1786933406;PENDING_DELETED;ticket=119621639 reason=oco_sell_triggered;POSITION_ACTIVE;SAFE;1;0;0;119621639;-1;0.00;-0.88;-0.88;0.00;0.00;KELLY_LITE;true;0.04;213130.85;0.0417;KELLY_LITE(mult=1.10 taper=1.00 n=20)+CONSEC_REDUCE(0.50)+HARD_RISK_CAP(2.0%)+MAXLOSS_CAP;213130.85;213129.97;30;0
2026.08.17 07:10:58;XAUUSD;5;1786933406;HEDGE_PENDING_PLACED;dir=BUY_STOP ticket=119621700 price=4397.45 sl=4394.45 lot=0.05 mainEntry=4394.23 dist=3.00 confirmBars=1;POSITION_ACTIVE;SAFE;1;1;1;-1;-1;4394.23;-0.36;-0.36;0.00;-0.88;KELLY_LITE;true;0.04;213130.85;0.0417;KELLY_LITE(mult=1.10 taper=1.00 n=20)+CONSEC_REDUCE(0.50)+HARD_RISK_CAP(2.0%)+MAXLOSS_CAP;213130.85;213130.49;30;0
2026.08.17 07:10:59;XAUUSD;5;1786933406;SL_MODIFIED;ticket=119621642 oldSL=4406.23 newSL=4396.23 reason=early_loss_hard_sl_leg_0;MANAGE_PROFIT;SAFE;1;1;1;-1;-1;4394.23;-0.12;-0.12;0.00;-0.88;KELLY_LITE;true;0.04;213130.85;0.0417;KELLY_LITE(mult=1.10 taper=1.00 n=20)+CONSEC_REDUCE(0.50)+HARD_RISK_CAP(2.0%)+MAXLOSS_CAP;213130.85;213130.73;30;0
2026.08.17 07:14:00;XAUUSD;5;1786933406;RECONCILED_BROKER_CLOSE;ticket=119621642 type=main pnl=-8.00;MANAGE_PROFIT;SAFE;0;1;1;-1;-1;4394.23;0.00;0.00;4.88;-7.48;KELLY_LITE;true;0.04;213130.85;0.0417;KELLY_LITE(mult=1.10 taper=1.00 n=20)+CONSEC_REDUCE(0.50)+HARD_RISK_CAP(2.0%)+MAXLOSS_CAP;213122.85;213122.85;30;0
2026.08.17 07:14:01;XAUUSD;5;1786933406;PENDING_DELETED;ticket=119621700 reason=main_gone_hedge_pending;WAIT_TRIGGER;SAFE;0;0;1;-1;-1;4394.23;0.00;0.00;4.88;-7.48;KELLY_LITE;true;0.04;213130.85;0.0417;KELLY_LITE(mult=1.10 taper=1.00 n=20)+CONSEC_REDUCE(0.50)+HARD_RISK_CAP(2.0%)+MAXLOSS_CAP;213122.85;213122.85;30;0
2026.08.17 07:14:01;XAUUSD;5;1786933406;HEDGE_PENDING_CLEANUP;main_position_gone;WAIT_TRIGGER;SAFE;0;0;1;-1;-1;4394.23;0.00;0.00;4.88;-7.48;KELLY_LITE;true;0.04;213130.85;0.0417;KELLY_LITE(mult=1.10 taper=1.00 n=20)+CONSEC_REDUCE(0.50)+HARD_RISK_CAP(2.0%)+MAXLOSS_CAP;213122.85;213122.85;30;0
2026.08.17 07:14:01;XAUUSD;5;1786933406;LOSS_COOLDOWN_AFTER_LOSS;cyclePnL=-8.00 pauseUntil=2026.08.17 07:19:01;WAIT_TRIGGER;SAFE;0;0;1;-1;-1;4394.23;0.00;0.00;4.88;-7.48;KELLY_LITE;true;0.04;213130.85;0.0417;KELLY_LITE(mult=1.10 taper=1.00 n=20)+CONSEC_REDUCE(0.50)+HARD_RISK_CAP(2.0%)+MAXLOSS_CAP;213122.85;213122.85;30;0
2026.08.17 07:14:01;XAUUSD;5;1786933406;CONSECUTIVE_LOSS_PAUSE;losses=3 pauseUntil=2026.08.17 07:29:01;WAIT_TRIGGER;SAFE;0;0;1;-1;-1;4394.23;0.00;0.00;4.88;-7.48;KELLY_LITE;true;0.04;213130.85;0.0417;KELLY_LITE(mult=1.10 taper=1.00 n=20)+CONSEC_REDUCE(0.50)+HARD_RISK_CAP(2.0%)+MAXLOSS_CAP;213122.85;213122.85;30;0
2026.08.17 07:14:01;XAUUSD;5;1786933406;CYCLE_RESET;oldState=WAIT_TRIGGER realizedPnL=-8.00 peak=4.88 worst=-7.48 pyramid=1 consLosses=3;WAIT_TRIGGER;SAFE;0;0;1;-1;-1;4394.23;0.00;0.00;4.88;-7.48;KELLY_LITE;true;0.04;213130.85;0.0417;KELLY_LITE(mult=1.10 taper=1.00 n=20)+CONSEC_REDUCE(0.50)+HARD_RISK_CAP(2.0%)+MAXLOSS_CAP;213122.85;213122.85;30;0
2026.08.17 07:29:01;XAUUSD;5;1786933407;PLACE_PENDING_START;cycle=1786933407 trend=0 consecLosses=3 preset=AGGRESSIVE;PLACE_PENDING;SAFE;0;0;0;-1;-1;0.00;0.00;0.00;0.00;0.00;KELLY_LITE;true;0.04;213130.85;0.0417;KELLY_LITE(mult=1.10 taper=1.00 n=20)+CONSEC_REDUCE(0.50)+HARD_RISK_CAP(2.0%)+MAXLOSS_CAP;213122.85;213122.85;33;0
2026.08.17 07:29:02;XAUUSD;5;1786933407;OCO_PLACED;buy=119622991 4399.47 lot=0.04 sell=119622993 4395.62 lot=0.04 dist=1.76;WAIT_TRIGGER;SAFE;0;2;0;119622991;119622993;0.00;0.00;0.00;0.00;0.00;KELLY_LITE;true;0.04;213122.85;0.0417;KELLY_LITE(mult=1.00 taper=1.00 n=20)+CONSEC_REDUCE(0.50)+HARD_RISK_CAP(2.0%)+MAXLOSS_CAP;213122.85;213122.85;33;0
2026.08.17 07:29:07;XAUUSD;5;1786933407;SELL_STOP_TRAILED;Old=4395.62 New=4396.01;WAIT_TRIGGER;SAFE;0;2;0;119622991;119622993;0.00;0.00;0.00;0.00;0.00;KELLY_LITE;true;0.04;213122.85;0.0417;KELLY_LITE(mult=1.00 taper=1.00 n=20)+CONSEC_REDUCE(0.50)+HARD_RISK_CAP(2.0%)+MAXLOSS_CAP;213122.85;213122.85;33;0
2026.08.17 07:29:23;XAUUSD;5;1786933407;SELL_STOP_TRAILED;Old=4396.01 New=4396.39;WAIT_TRIGGER;SAFE;0;2;0;119622991;119622993;0.00;0.00;0.00;0.00;0.00;KELLY_LITE;true;0.04;213122.85;0.0417;KELLY_LITE(mult=1.00 taper=1.00 n=20)+CONSEC_REDUCE(0.50)+HARD_RISK_CAP(2.0%)+MAXLOSS_CAP;213122.85;213122.85;33;0
2026.08.17 07:29:40;XAUUSD;5;1786933407;OCO_TRIGGERED_BUY;ticket=119622991 entry=4399.47;POSITION_ACTIVE;SAFE;1;1;0;-1;119622993;0.00;0.36;-1.64;0.00;0.00;KELLY_LITE;true;0.04;213122.85;0.0417;KELLY_LITE(mult=1.00 taper=1.00 n=20)+CONSEC_REDUCE(0.50)+HARD_RISK_CAP(2.0%)+MAXLOSS_CAP;213122.85;213123.21;30;0
2026.08.17 07:29:40;XAUUSD;5;1786933407;PENDING_DELETED;ticket=119622993 reason=oco_buy_triggered;POSITION_ACTIVE;SAFE;1;0;0;-1;119622993;0.00;-2.48;-2.48;0.00;0.00;KELLY_LITE;true;0.04;213122.85;0.0417;KELLY_LITE(mult=1.00 taper=1.00 n=20)+CONSEC_REDUCE(0.50)+HARD_RISK_CAP(2.0%)+MAXLOSS_CAP;213122.85;213120.37;33;0
2026.08.17 07:29:41;XAUUSD;5;1786933407;HEDGE_PENDING_PLACED;dir=SELL_STOP ticket=119623029 price=4395.85 sl=4398.85 lot=0.05 mainEntry=4399.47 dist=3.00 confirmBars=1;POSITION_ACTIVE;SAFE;1;1;1;-1;-1;4399.47;-0.80;-0.80;0.00;-2.48;KELLY_LITE;true;0.04;213122.85;0.0417;KELLY_LITE(mult=1.00 taper=1.00 n=20)+CONSEC_REDUCE(0.50)+HARD_RISK_CAP(2.0%)+MAXLOSS_CAP;213122.85;213122.05;33;0
2026.08.17 07:29:41;XAUUSD;5;1786933407;SL_MODIFIED;ticket=119622991 oldSL=4384.47 newSL=4397.47 reason=early_loss_hard_sl_leg_0;MANAGE_PROFIT;SAFE;1;1;1;-1;-1;4399.47;-0.84;-0.84;0.00;-2.48;KELLY_LITE;true;0.04;213122.85;0.0417;KELLY_LITE(mult=1.00 taper=1.00 n=20)+CONSEC_REDUCE(0.50)+HARD_RISK_CAP(2.0%)+MAXLOSS_CAP;213122.85;213122.01;33;0
2026.08.17 07:30:09;XAUUSD;5;1786933407;RECONCILED_BROKER_CLOSE;ticket=119622991 type=main pnl=-8.00;MANAGE_PROFIT;SAFE;0;1;1;-1;-1;4399.47;0.00;0.00;1.88;-7.80;KELLY_LITE;true;0.04;213122.85;0.0417;KELLY_LITE(mult=1.00 taper=1.00 n=20)+CONSEC_REDUCE(0.50)+HARD_RISK_CAP(2.0%)+MAXLOSS_CAP;213114.85;213114.85;33;0
2026.08.17 07:30:09;XAUUSD;5;1786933407;PENDING_DELETED;ticket=119623029 reason=main_gone_hedge_pending;WAIT_TRIGGER;SAFE;0;0;1;-1;-1;4399.47;0.00;0.00;1.88;-7.80;KELLY_LITE;true;0.04;213122.85;0.0417;KELLY_LITE(mult=1.00 taper=1.00 n=20)+CONSEC_REDUCE(0.50)+HARD_RISK_CAP(2.0%)+MAXLOSS_CAP;213114.85;213114.85;33;0
2026.08.17 07:30:09;XAUUSD;5;1786933407;HEDGE_PENDING_CLEANUP;main_position_gone;WAIT_TRIGGER;SAFE;0;0;1;-1;-1;4399.47;0.00;0.00;1.88;-7.80;KELLY_LITE;true;0.04;213122.85;0.0417;KELLY_LITE(mult=1.00 taper=1.00 n=20)+CONSEC_REDUCE(0.50)+HARD_RISK_CAP(2.0%)+MAXLOSS_CAP;213114.85;213114.85;33;0
2026.08.17 07:30:09;XAUUSD;5;1786933407;LOSS_COOLDOWN_AFTER_LOSS;cyclePnL=-8.00 pauseUntil=2026.08.17 07:35:09;WAIT_TRIGGER;SAFE;0;0;1;-1;-1;4399.47;0.00;0.00;1.88;-7.80;KELLY_LITE;true;0.04;213122.85;0.0417;KELLY_LITE(mult=1.00 taper=1.00 n=20)+CONSEC_REDUCE(0.50)+HARD_RISK_CAP(2.0%)+MAXLOSS_CAP;213114.85;213114.85;33;0
2026.08.17 07:30:09;XAUUSD;5;1786933407;CONSECUTIVE_LOSS_PAUSE;losses=4 pauseUntil=2026.08.17 07:45:09;WAIT_TRIGGER;SAFE;0;0;1;-1;-1;4399.47;0.00;0.00;1.88;-7.80;KELLY_LITE;true;0.04;213122.85;0.0417;KELLY_LITE(mult=1.00 taper=1.00 n=20)+CONSEC_REDUCE(0.50)+HARD_RISK_CAP(2.0%)+MAXLOSS_CAP;213114.85;213114.85;33;0
2026.08.17 07:30:09;XAUUSD;5;1786933407;CONSEC_LOSS_HARD_STOP;losses=4 threshold=4 pause=3600s;WAIT_TRIGGER;SAFE;0;0;1;-1;-1;4399.47;0.00;0.00;1.88;-7.80;KELLY_LITE;true;0.04;213122.85;0.0417;KELLY_LITE(mult=1.00 taper=1.00 n=20)+CONSEC_REDUCE(0.50)+HARD_RISK_CAP(2.0%)+MAXLOSS_CAP;213114.85;213114.85;33;0
2026.08.17 07:30:09;XAUUSD;5;1786933407;CYCLE_RESET;oldState=WAIT_TRIGGER realizedPnL=-8.00 peak=1.88 worst=-7.80 pyramid=1 consLosses=4;WAIT_TRIGGER;SAFE;0;0;1;-1;-1;4399.47;0.00;0.00;1.88;-7.80;KELLY_LITE;true;0.04;213122.85;0.0417;KELLY_LITE(mult=1.00 taper=1.00 n=20)+CONSEC_REDUCE(0.50)+HARD_RISK_CAP(2.0%)+MAXLOSS_CAP;213114.85;213114.85;33;0
2026.08.17 08:30:09;XAUUSD;5;1786933408;PLACE_PENDING_START;cycle=1786933408 trend=0 consecLosses=4 preset=AGGRESSIVE;PLACE_PENDING;SAFE;0;0;0;-1;-1;0.00;0.00;0.00;0.00;0.00;KELLY_LITE;true;0.04;213122.85;0.0417;KELLY_LITE(mult=1.00 taper=1.00 n=20)+CONSEC_REDUCE(0.50)+HARD_RISK_CAP(2.0%)+MAXLOSS_CAP;213114.85;213114.85;33;0
2026.08.17 08:30:10;XAUUSD;5;1786933408;OCO_PLACED;buy=119627498 4407.40 lot=0.04 sell=119627499 4404.07 lot=0.04 dist=1.50;WAIT_TRIGGER;SAFE;0;2;0;119627498;119627499;0.00;0.00;0.00;0.00;0.00;KELLY_LITE;true;0.04;213114.85;0.0417;KELLY_LITE(mult=0.90 taper=1.00 n=20)+CONSEC_REDUCE(0.50)+HARD_RISK_CAP(2.0%)+MAXLOSS_CAP;213114.85;213114.85;31;0
2026.08.17 08:30:11;XAUUSD;5;1786933408;SELL_STOP_TRAILED;Old=4404.07 New=4404.38;WAIT_TRIGGER;SAFE;0;2;0;119627498;119627499;0.00;0.00;0.00;0.00;0.00;KELLY_LITE;true;0.04;213114.85;0.0417;KELLY_LITE(mult=0.90 taper=1.00 n=20)+CONSEC_REDUCE(0.50)+HARD_RISK_CAP(2.0%)+MAXLOSS_CAP;213114.85;213114.85;30;0
2026.08.17 08:30:14;XAUUSD;5;1786933408;SELL_STOP_TRAILED;Old=4404.38 New=4404.70;WAIT_TRIGGER;SAFE;0;2;0;119627498;119627499;0.00;0.00;0.00;0.00;0.00;KELLY_LITE;true;0.04;213114.85;0.0417;KELLY_LITE(mult=0.90 taper=1.00 n=20)+CONSEC_REDUCE(0.50)+HARD_RISK_CAP(2.0%)+MAXLOSS_CAP;213114.85;213114.85;30;0
2026.08.17 08:30:21;XAUUSD;5;1786933408;SELL_STOP_TRAILED;Old=4404.70 New=4405.03;WAIT_TRIGGER;SAFE;0;2;0;119627498;119627499;0.00;0.00;0.00;0.00;0.00;KELLY_LITE;true;0.04;213114.85;0.0417;KELLY_LITE(mult=0.90 taper=1.00 n=20)+CONSEC_REDUCE(0.50)+HARD_RISK_CAP(2.0%)+MAXLOSS_CAP;213114.85;213114.85;30;0
2026.08.17 08:30:29;XAUUSD;5;1786933408;SELL_STOP_TRAILED;Old=4405.03 New=4405.36;WAIT_TRIGGER;SAFE;0;2;0;119627498;119627499;0.00;0.00;0.00;0.00;0.00;KELLY_LITE;true;0.04;213114.85;0.0417;KELLY_LITE(mult=0.90 taper=1.00 n=20)+CONSEC_REDUCE(0.50)+HARD_RISK_CAP(2.0%)+MAXLOSS_CAP;213114.85;213114.85;33;0
2026.08.17 08:30:32;XAUUSD;5;1786933408;OCO_TRIGGERED_BUY;ticket=119627498 entry=4407.40;POSITION_ACTIVE;SAFE;1;1;0;-1;119627499;0.00;0.12;-1.20;0.00;0.00;KELLY_LITE;true;0.04;213114.85;0.0417;KELLY_LITE(mult=0.90 taper=1.00 n=20)+CONSEC_REDUCE(0.50)+HARD_RISK_CAP(2.0%)+MAXLOSS_CAP;213114.85;213114.97;33;0
2026.08.17 08:30:33;XAUUSD;5;1786933408;PENDING_DELETED;ticket=119627499 reason=oco_buy_triggered;POSITION_ACTIVE;SAFE;1;0;0;-1;119627499;0.00;-0.76;-0.76;0.00;0.00;KELLY_LITE;true;0.04;213114.85;0.0417;KELLY_LITE(mult=0.90 taper=1.00 n=20)+CONSEC_REDUCE(0.50)+HARD_RISK_CAP(2.0%)+MAXLOSS_CAP;213114.85;213114.09;33;0
2026.08.17 08:30:33;XAUUSD;5;1786933408;HEDGE_PENDING_PLACED;dir=SELL_STOP ticket=119627625 price=4404.21 sl=4407.21 lot=0.05 mainEntry=4407.40 dist=3.00 confirmBars=1;POSITION_ACTIVE;SAFE;1;1;1;-1;-1;4407.40;-1.28;-1.28;0.00;-0.76;KELLY_LITE;true;0.04;213114.85;0.0417;KELLY_LITE(mult=0.90 taper=1.00 n=20)+CONSEC_REDUCE(0.50)+HARD_RISK_CAP(2.0%)+MAXLOSS_CAP;213114.85;213113.57;33;0
2026.08.17 08:30:34;XAUUSD;5;1786933408;SL_MODIFIED;ticket=119627498 oldSL=4392.40 newSL=4405.40 reason=early_loss_hard_sl_leg_0;MANAGE_PROFIT;SAFE;1;1;1;-1;-1;4407.40;-0.96;-0.96;0.00;-1.28;KELLY_LITE;true;0.04;213114.85;0.0417;KELLY_LITE(mult=0.90 taper=1.00 n=20)+CONSEC_REDUCE(0.50)+HARD_RISK_CAP(2.0%)+MAXLOSS_CAP;213114.85;213113.89;33;0
2026.08.17 08:31:33;XAUUSD;5;1786933408;RECONCILED_BROKER_CLOSE;ticket=119627498 type=main pnl=-8.00;MANAGE_PROFIT;SAFE;0;1;1;-1;-1;4407.40;0.00;0.00;2.44;-7.76;KELLY_LITE;true;0.04;213114.85;0.0417;KELLY_LITE(mult=0.90 taper=1.00 n=20)+CONSEC_REDUCE(0.50)+HARD_RISK_CAP(2.0%)+MAXLOSS_CAP;213106.85;213106.85;30;0
2026.08.17 08:31:34;XAUUSD;5;1786933408;PENDING_DELETED;ticket=119627625 reason=main_gone_hedge_pending;WAIT_TRIGGER;SAFE;0;0;1;-1;-1;4407.40;0.00;0.00;2.44;-7.76;KELLY_LITE;true;0.04;213114.85;0.0417;KELLY_LITE(mult=0.90 taper=1.00 n=20)+CONSEC_REDUCE(0.50)+HARD_RISK_CAP(2.0%)+MAXLOSS_CAP;213106.85;213106.85;33;0
2026.08.17 08:31:34;XAUUSD;5;1786933408;HEDGE_PENDING_CLEANUP;main_position_gone;WAIT_TRIGGER;SAFE;0;0;1;-1;-1;4407.40;0.00;0.00;2.44;-7.76;KELLY_LITE;true;0.04;213114.85;0.0417;KELLY_LITE(mult=0.90 taper=1.00 n=20)+CONSEC_REDUCE(0.50)+HARD_RISK_CAP(2.0%)+MAXLOSS_CAP;213106.85;213106.85;33;0
2026.08.17 08:31:34;XAUUSD;5;1786933408;LOSS_COOLDOWN_AFTER_LOSS;cyclePnL=-8.00 pauseUntil=2026.08.17 08:36:34;WAIT_TRIGGER;SAFE;0;0;1;-1;-1;4407.40;0.00;0.00;2.44;-7.76;KELLY_LITE;true;0.04;213114.85;0.0417;KELLY_LITE(mult=0.90 taper=1.00 n=20)+CONSEC_REDUCE(0.50)+HARD_RISK_CAP(2.0%)+MAXLOSS_CAP;213106.85;213106.85;33;0
2026.08.17 08:31:34;XAUUSD;5;1786933408;CONSECUTIVE_LOSS_PAUSE;losses=5 pauseUntil=2026.08.17 08:46:34;WAIT_TRIGGER;SAFE;0;0;1;-1;-1;4407.40;0.00;0.00;2.44;-7.76;KELLY_LITE;true;0.04;213114.85;0.0417;KELLY_LITE(mult=0.90 taper=1.00 n=20)+CONSEC_REDUCE(0.50)+HARD_RISK_CAP(2.0%)+MAXLOSS_CAP;213106.85;213106.85;33;0
2026.08.17 08:31:34;XAUUSD;5;1786933408;CONSEC_LOSS_HARD_STOP;losses=5 threshold=4 pause=3600s;WAIT_TRIGGER;SAFE;0;0;1;-1;-1;4407.40;0.00;0.00;2.44;-7.76;KELLY_LITE;true;0.04;213114.85;0.0417;KELLY_LITE(mult=0.90 taper=1.00 n=20)+CONSEC_REDUCE(0.50)+HARD_RISK_CAP(2.0%)+MAXLOSS_CAP;213106.85;213106.85;33;0
2026.08.17 08:31:34;XAUUSD;5;1786933408;CYCLE_RESET;oldState=WAIT_TRIGGER realizedPnL=-8.00 peak=2.44 worst=-7.76 pyramid=1 consLosses=5;WAIT_TRIGGER;SAFE;0;0;1;-1;-1;4407.40;0.00;0.00;2.44;-7.76;KELLY_LITE;true;0.04;213114.85;0.0417;KELLY_LITE(mult=0.90 taper=1.00 n=20)+CONSEC_REDUCE(0.50)+HARD_RISK_CAP(2.0%)+MAXLOSS_CAP;213106.85;213106.85;33;0
2026.08.17 09:31:34;XAUUSD;5;1786933409;PLACE_PENDING_START;cycle=1786933409 trend=0 consecLosses=5 preset=AGGRESSIVE;PLACE_PENDING;SAFE;0;0;0;-1;-1;0.00;0.00;0.00;0.00;0.00;KELLY_LITE;true;0.04;213114.85;0.0417;KELLY_LITE(mult=0.90 taper=1.00 n=20)+CONSEC_REDUCE(0.50)+HARD_RISK_CAP(2.0%)+MAXLOSS_CAP;213106.85;213106.85;33;0
2026.08.17 09:31:35;XAUUSD;5;1786933409;OCO_PLACED;buy=119631479 4402.61 lot=0.04 sell=119631480 4399.28 lot=0.04 dist=1.50;WAIT_TRIGGER;SAFE;0;2;0;119631479;119631480;0.00;0.00;0.00;0.00;0.00;KELLY_LITE;true;0.04;213106.85;0.0417;KELLY_LITE(mult=0.90 taper=1.00 n=20)+CONSEC_REDUCE(0.50)+HARD_RISK_CAP(2.0%)+MAXLOSS_CAP;213106.85;213106.85;33;0
2026.08.17 09:31:40;XAUUSD;5;1786933409;SELL_STOP_TRAILED;Old=4399.28 New=4399.61;WAIT_TRIGGER;SAFE;0;2;0;119631479;119631480;0.00;0.00;0.00;0.00;0.00;KELLY_LITE;true;0.04;213106.85;0.0417;KELLY_LITE(mult=0.90 taper=1.00 n=20)+CONSEC_REDUCE(0.50)+HARD_RISK_CAP(2.0%)+MAXLOSS_CAP;213106.85;213106.85;33;0
2026.08.17 09:32:11;XAUUSD;5;1786933409;BUY_STOP_TRAILED;Old=4402.61 New=4402.30;WAIT_TRIGGER;SAFE;0;2;0;119631479;119631480;0.00;0.00;0.00;0.00;0.00;KELLY_LITE;true;0.04;213106.85;0.0417;KELLY_LITE(mult=0.90 taper=1.00 n=20)+CONSEC_REDUCE(0.50)+HARD_RISK_CAP(2.0%)+MAXLOSS_CAP;213106.85;213106.85;33;0
2026.08.17 09:32:49;XAUUSD;5;1786933409;BUY_STOP_TRAILED;Old=4402.30 New=4401.93;WAIT_TRIGGER;SAFE;0;2;0;119631479;119631480;0.00;0.00;0.00;0.00;0.00;KELLY_LITE;true;0.04;213106.85;0.0417;KELLY_LITE(mult=0.90 taper=1.00 n=20)+CONSEC_REDUCE(0.50)+HARD_RISK_CAP(2.0%)+MAXLOSS_CAP;213106.85;213106.85;33;0
2026.08.17 09:32:49;XAUUSD;5;1786933409;BUY_STOP_TRAILED;Old=4401.93 New=4401.54;WAIT_TRIGGER;SAFE;0;2;0;119631479;119631480;0.00;0.00;0.00;0.00;0.00;KELLY_LITE;true;0.04;213106.85;0.0417;KELLY_LITE(mult=0.90 taper=1.00 n=20)+CONSEC_REDUCE(0.50)+HARD_RISK_CAP(2.0%)+MAXLOSS_CAP;213106.85;213106.85;33;0
2026.08.17 09:33:10;XAUUSD;5;1786933409;OCO_TRIGGERED_SELL;ticket=119631480 entry=4399.61;POSITION_ACTIVE;SAFE;1;1;0;119631479;-1;0.00;-0.92;-0.92;0.00;0.00;KELLY_LITE;true;0.04;213106.85;0.0417;KELLY_LITE(mult=0.90 taper=1.00 n=20)+CONSEC_REDUCE(0.50)+HARD_RISK_CAP(2.0%)+MAXLOSS_CAP;213106.85;213105.93;32;0
2026.08.17 09:33:11;XAUUSD;5;1786933409;PENDING_DELETED;ticket=119631479 reason=oco_sell_triggered;POSITION_ACTIVE;SAFE;1;0;0;119631479;-1;0.00;-1.20;-1.20;0.00;0.00;KELLY_LITE;true;0.04;213106.85;0.0417;KELLY_LITE(mult=0.90 taper=1.00 n=20)+CONSEC_REDUCE(0.50)+HARD_RISK_CAP(2.0%)+MAXLOSS_CAP;213106.85;213105.65;33;0
2026.08.17 09:33:11;XAUUSD;5;1786933409;HEDGE_PENDING_PLACED;dir=BUY_STOP ticket=119631538 price=4402.91 sl=4399.91 lot=0.05 mainEntry=4399.61 dist=3.00 confirmBars=1;POSITION_ACTIVE;SAFE;1;1;1;-1;-1;4399.61;-1.08;-1.08;0.00;-1.20;KELLY_LITE;true;0.04;213106.85;0.0417;KELLY_LITE(mult=0.90 taper=1.00 n=20)+CONSEC_REDUCE(0.50)+HARD_RISK_CAP(2.0%)+MAXLOSS_CAP;213106.85;213105.77;33;0
2026.08.17 09:33:12;XAUUSD;5;1786933409;SL_MODIFIED;ticket=119631480 oldSL=4411.61 newSL=4401.61 reason=early_loss_hard_sl_leg_0;MANAGE_PROFIT;SAFE;1;1;1;-1;-1;4399.61;-1.08;-1.08;0.00;-1.20;KELLY_LITE;true;0.04;213106.85;0.0417;KELLY_LITE(mult=0.90 taper=1.00 n=20)+CONSEC_REDUCE(0.50)+HARD_RISK_CAP(2.0%)+MAXLOSS_CAP;213106.85;213105.77;33;0
2026.08.17 09:37:39;XAUUSD;5;1786933409;RECONCILED_BROKER_CLOSE;ticket=119631480 type=main pnl=-8.00;MANAGE_PROFIT;SAFE;0;1;1;-1;-1;4399.61;0.00;0.00;1.40;-7.84;KELLY_LITE;true;0.04;213106.85;0.0417;KELLY_LITE(mult=0.90 taper=1.00 n=20)+CONSEC_REDUCE(0.50)+HARD_RISK_CAP(2.0%)+MAXLOSS_CAP;213098.85;213098.85;33;0
2026.08.17 09:37:39;XAUUSD;5;1786933409;PENDING_DELETED;ticket=119631538 reason=main_gone_hedge_pending;WAIT_TRIGGER;SAFE;0;0;1;-1;-1;4399.61;0.00;0.00;1.40;-7.84;KELLY_LITE;true;0.04;213106.85;0.0417;KELLY_LITE(mult=0.90 taper=1.00 n=20)+CONSEC_REDUCE(0.50)+HARD_RISK_CAP(2.0%)+MAXLOSS_CAP;213098.85;213098.85;33;0
2026.08.17 09:37:39;XAUUSD;5;1786933409;HEDGE_PENDING_CLEANUP;main_position_gone;WAIT_TRIGGER;SAFE;0;0;1;-1;-1;4399.61;0.00;0.00;1.40;-7.84;KELLY_LITE;true;0.04;213106.85;0.0417;KELLY_LITE(mult=0.90 taper=1.00 n=20)+CONSEC_REDUCE(0.50)+HARD_RISK_CAP(2.0%)+MAXLOSS_CAP;213098.85;213098.85;33;0
2026.08.17 09:37:39;XAUUSD;5;1786933409;LOSS_COOLDOWN_AFTER_LOSS;cyclePnL=-8.00 pauseUntil=2026.08.17 09:42:39;WAIT_TRIGGER;SAFE;0;0;1;-1;-1;4399.61;0.00;0.00;1.40;-7.84;KELLY_LITE;true;0.04;213106.85;0.0417;KELLY_LITE(mult=0.90 taper=1.00 n=20)+CONSEC_REDUCE(0.50)+HARD_RISK_CAP(2.0%)+MAXLOSS_CAP;213098.85;213098.85;33;0
2026.08.17 09:37:39;XAUUSD;5;1786933409;CONSECUTIVE_LOSS_PAUSE;losses=6 pauseUntil=2026.08.17 09:52:39;WAIT_TRIGGER;SAFE;0;0;1;-1;-1;4399.61;0.00;0.00;1.40;-7.84;KELLY_LITE;true;0.04;213106.85;0.0417;KELLY_LITE(mult=0.90 taper=1.00 n=20)+CONSEC_REDUCE(0.50)+HARD_RISK_CAP(2.0%)+MAXLOSS_CAP;213098.85;213098.85;33;0
2026.08.17 09:37:39;XAUUSD;5;1786933409;CONSEC_LOSS_HARD_STOP;losses=6 threshold=4 pause=3600s;WAIT_TRIGGER;SAFE;0;0;1;-1;-1;4399.61;0.00;0.00;1.40;-7.84;KELLY_LITE;true;0.04;213106.85;0.0417;KELLY_LITE(mult=0.90 taper=1.00 n=20)+CONSEC_REDUCE(0.50)+HARD_RISK_CAP(2.0%)+MAXLOSS_CAP;213098.85;213098.85;33;0
2026.08.17 09:37:39;XAUUSD;5;1786933409;CONSEC_LOSS_FULL_DAY_STOP;losses=6 threshold=6 — no new cycles until next calendar day;WAIT_TRIGGER;SAFE;0;0;1;-1;-1;4399.61;0.00;0.00;1.40;-7.84;KELLY_LITE;true;0.04;213106.85;0.0417;KELLY_LITE(mult=0.90 taper=1.00 n=20)+CONSEC_REDUCE(0.50)+HARD_RISK_CAP(2.0%)+MAXLOSS_CAP;213098.85;213098.85;33;0
2026.08.17 09:37:39;XAUUSD;5;1786933409;CYCLE_RESET;oldState=WAIT_TRIGGER realizedPnL=-8.00 peak=1.40 worst=-7.84 pyramid=1 consLosses=6;WAIT_TRIGGER;SAFE;0;0;1;-1;-1;4399.61;0.00;0.00;1.40;-7.84;KELLY_LITE;true;0.04;213106.85;0.0417;KELLY_LITE(mult=0.90 taper=1.00 n=20)+CONSEC_REDUCE(0.50)+HARD_RISK_CAP(2.0%)+MAXLOSS_CAP;213098.85;213098.85;33;0
2026.08.17 23:34:55;XAUUSD;5;1786933409;EA_DEINIT;reason=5;BLOCKED;SAFE;0;0;0;-1;-1;0.00;0.00;0.00;0.00;0.00;KELLY_LITE;true;0.04;213106.85;0.0417;KELLY_LITE(mult=0.90 taper=1.00 n=20)+CONSEC_REDUCE(0.50)+HARD_RISK_CAP(2.0%)+MAXLOSS_CAP;213098.85;213098.85;33;0
2026.08.17 23:34:56;XAUUSD;5;1787009696;EA_INIT;V10|Preset=AGGRESSIVE|MaxLoss=$50.0 SL=$12.0 RiskPct=1.50|HedgeMaxNeg=$10.0 LotRatio=1.25 ConfirmBars=1 Cooldown=60s|DailyDD=4.0% WeeklyLim=$100|AutoLotMode=KELLY_LITE|Session=ALL NewsFilter=OFF (0 times);IDLE;SAFE;0;0;0;-1;-1;0.00;0.00;0.00;0.00;0.00;KELLY_LITE;true;0.04;213106.85;0.0417;KELLY_LITE(mult=0.90 taper=1.00 n=20)+CONSEC_REDUCE(0.50)+HARD_RISK_CAP(2.0%)+MAXLOSS_CAP;213098.85;213098.85;33;0
2026.08.17 23:34:56;XAUUSD;5;1787009696;DAILY_BASELINE_RESTORED;startEquity=213057.11 paused=false hardStop=true;IDLE;SAFE;0;0;0;-1;-1;0.00;0.00;0.00;0.00;0.00;KELLY_LITE;true;0.04;213106.85;0.0417;KELLY_LITE(mult=0.90 taper=1.00 n=20)+CONSEC_REDUCE(0.50)+HARD_RISK_CAP(2.0%)+MAXLOSS_CAP;213098.85;213098.85;33;0
2026.08.17 23:34:56;XAUUSD;5;1787009696;WEEKLY_BASELINE_RESTORED;startEquity=213057.11 paused=false;IDLE;SAFE;0;0;0;-1;-1;0.00;0.00;0.00;0.00;0.00;KELLY_LITE;true;0.04;213106.85;0.0417;KELLY_LITE(mult=0.90 taper=1.00 n=20)+CONSEC_REDUCE(0.50)+HARD_RISK_CAP(2.0%)+MAXLOSS_CAP;213098.85;213098.85;33;0
2026.08.17 23:38:19;XAUUSD;5;1787009696;EA_DEINIT;reason=5;BLOCKED;SAFE;0;0;0;-1;-1;0.00;0.00;0.00;0.00;0.00;KELLY_LITE;true;0.04;213106.85;0.0417;KELLY_LITE(mult=0.90 taper=1.00 n=20)+CONSEC_REDUCE(0.50)+HARD_RISK_CAP(2.0%)+MAXLOSS_CAP;213098.85;213098.85;33;0
2026.08.17 23:38:19;XAUUSD;5;1787009899;EA_INIT;V10|Preset=AGGRESSIVE|MaxLoss=$50.0 SL=$12.0 RiskPct=1.50|HedgeMaxNeg=$10.0 LotRatio=1.25 ConfirmBars=1 Cooldown=60s|DailyDD=4.0% WeeklyLim=$100|AutoLotMode=KELLY_LITE|Session=ALL NewsFilter=OFF (0 times);IDLE;SAFE;0;0;0;-1;-1;0.00;0.00;0.00;0.00;0.00;KELLY_LITE;true;0.04;213106.85;0.0417;KELLY_LITE(mult=0.90 taper=1.00 n=20)+CONSEC_REDUCE(0.50)+HARD_RISK_CAP(2.0%)+MAXLOSS_CAP;213098.85;213098.85;33;0
2026.08.17 23:38:19;XAUUSD;5;1787009899;DAILY_BASELINE_RESTORED;startEquity=213057.11 paused=false hardStop=true;IDLE;SAFE;0;0;0;-1;-1;0.00;0.00;0.00;0.00;0.00;KELLY_LITE;true;0.04;213106.85;0.0417;KELLY_LITE(mult=0.90 taper=1.00 n=20)+CONSEC_REDUCE(0.50)+HARD_RISK_CAP(2.0%)+MAXLOSS_CAP;213098.85;213098.85;33;0
2026.08.17 23:38:19;XAUUSD;5;1787009899;WEEKLY_BASELINE_RESTORED;startEquity=213057.11 paused=false;IDLE;SAFE;0;0;0;-1;-1;0.00;0.00;0.00;0.00;0.00;KELLY_LITE;true;0.04;213106.85;0.0417;KELLY_LITE(mult=0.90 taper=1.00 n=20)+CONSEC_REDUCE(0.50)+HARD_RISK_CAP(2.0%)+MAXLOSS_CAP;213098.85;213098.85;33;0
2026.08.17 23:38:20;XAUUSD;5;1787009900;PLACE_PENDING_START;cycle=1787009900 trend=0 consecLosses=0 preset=AGGRESSIVE;PLACE_PENDING;SAFE;0;0;0;-1;-1;0.00;0.00;0.00;0.00;0.00;KELLY_LITE;true;0.04;213106.85;0.0417;KELLY_LITE(mult=0.90 taper=1.00 n=20)+CONSEC_REDUCE(0.50)+HARD_RISK_CAP(2.0%)+MAXLOSS_CAP;213098.85;213098.85;33;0
2026.08.17 23:38:20;XAUUSD;5;1787009900;FILTER_BLOCK_ATR;atr=1.63 min=2.50;PLACE_PENDING;SAFE;0;0;0;-1;-1;0.00;0.00;0.00;0.00;0.00;KELLY_LITE;true;0.04;213106.85;0.0417;KELLY_LITE(mult=0.90 taper=1.00 n=20)+CONSEC_REDUCE(0.50)+HARD_RISK_CAP(2.0%)+MAXLOSS_CAP;213098.85;213098.85;33;0
2026.08.17 23:40:04;XAUUSD;5;1787009900;EA_DEINIT;reason=5;IDLE;SAFE;0;0;0;-1;-1;0.00;0.00;0.00;0.00;0.00;KELLY_LITE;true;0.04;213106.85;0.0417;KELLY_LITE(mult=0.90 taper=1.00 n=20)+CONSEC_REDUCE(0.50)+HARD_RISK_CAP(2.0%)+MAXLOSS_CAP;213098.85;213098.85;33;0
2026.08.17 23:40:04;XAUUSD;5;1787010004;EA_INIT;V10|Preset=AGGRESSIVE|MaxLoss=$50.0 SL=$12.0 RiskPct=1.50|HedgeMaxNeg=$10.0 LotRatio=1.25 ConfirmBars=1 Cooldown=60s|DailyDD=4.0% WeeklyLim=$100|AutoLotMode=KELLY_LITE|Session=ALL NewsFilter=OFF (0 times);IDLE;SAFE;0;0;0;-1;-1;0.00;0.00;0.00;0.00;0.00;KELLY_LITE;true;0.04;213106.85;0.0417;KELLY_LITE(mult=0.90 taper=1.00 n=20)+CONSEC_REDUCE(0.50)+HARD_RISK_CAP(2.0%)+MAXLOSS_CAP;213098.85;213098.85;33;0
2026.08.17 23:40:04;XAUUSD;5;1787010004;DAILY_BASELINE_RESTORED;startEquity=213057.11 paused=false hardStop=true;IDLE;SAFE;0;0;0;-1;-1;0.00;0.00;0.00;0.00;0.00;KELLY_LITE;true;0.04;213106.85;0.0417;KELLY_LITE(mult=0.90 taper=1.00 n=20)+CONSEC_REDUCE(0.50)+HARD_RISK_CAP(2.0%)+MAXLOSS_CAP;213098.85;213098.85;33;0
2026.08.17 23:40:04;XAUUSD;5;1787010004;WEEKLY_BASELINE_RESTORED;startEquity=213057.11 paused=false;IDLE;SAFE;0;0;0;-1;-1;0.00;0.00;0.00;0.00;0.00;KELLY_LITE;true;0.04;213106.85;0.0417;KELLY_LITE(mult=0.90 taper=1.00 n=20)+CONSEC_REDUCE(0.50)+HARD_RISK_CAP(2.0%)+MAXLOSS_CAP;213098.85;213098.85;33;0
2026.08.17 23:43:20;XAUUSD;5;1787010005;PLACE_PENDING_START;cycle=1787010005 trend=0 consecLosses=0 preset=AGGRESSIVE;PLACE_PENDING;SAFE;0;0;0;-1;-1;0.00;0.00;0.00;0.00;0.00;KELLY_LITE;true;0.04;213106.85;0.0417;KELLY_LITE(mult=0.90 taper=1.00 n=20)+CONSEC_REDUCE(0.50)+HARD_RISK_CAP(2.0%)+MAXLOSS_CAP;213098.85;213098.85;33;0
2026.08.17 23:43:20;XAUUSD;5;1787010005;FILTER_BLOCK_ATR;atr=1.60 min=2.50;PLACE_PENDING;SAFE;0;0;0;-1;-1;0.00;0.00;0.00;0.00;0.00;KELLY_LITE;true;0.04;213106.85;0.0417;KELLY_LITE(mult=0.90 taper=1.00 n=20)+CONSEC_REDUCE(0.50)+HARD_RISK_CAP(2.0%)+MAXLOSS_CAP;213098.85;213098.85;33;0
2026.08.17 23:48:20;XAUUSD;5;1787010006;PLACE_PENDING_START;cycle=1787010006 trend=0 consecLosses=0 preset=AGGRESSIVE;PLACE_PENDING;SAFE;0;0;0;-1;-1;0.00;0.00;0.00;0.00;0.00;KELLY_LITE;true;0.04;213106.85;0.0417;KELLY_LITE(mult=0.90 taper=1.00 n=20)+CONSEC_REDUCE(0.50)+HARD_RISK_CAP(2.0%)+MAXLOSS_CAP;213098.85;213098.85;33;0
2026.08.17 23:48:20;XAUUSD;5;1787010006;FILTER_BLOCK_ATR;atr=1.68 min=2.50;PLACE_PENDING;SAFE;0;0;0;-1;-1;0.00;0.00;0.00;0.00;0.00;KELLY_LITE;true;0.04;213106.85;0.0417;KELLY_LITE(mult=0.90 taper=1.00 n=20)+CONSEC_REDUCE(0.50)+HARD_RISK_CAP(2.0%)+MAXLOSS_CAP;213098.85;213098.85;33;0
2026.08.17 23:53:20;XAUUSD;5;1787010007;PLACE_PENDING_START;cycle=1787010007 trend=0 consecLosses=0 preset=AGGRESSIVE;PLACE_PENDING;SAFE;0;0;0;-1;-1;0.00;0.00;0.00;0.00;0.00;KELLY_LITE;true;0.04;213106.85;0.0417;KELLY_LITE(mult=0.90 taper=1.00 n=20)+CONSEC_REDUCE(0.50)+HARD_RISK_CAP(2.0%)+MAXLOSS_CAP;213098.85;213098.85;33;0
2026.08.17 23:53:20;XAUUSD;5;1787010007;FILTER_BLOCK_ATR;atr=1.78 min=2.50;PLACE_PENDING;SAFE;0;0;0;-1;-1;0.00;0.00;0.00;0.00;0.00;KELLY_LITE;true;0.04;213106.85;0.0417;KELLY_LITE(mult=0.90 taper=1.00 n=20)+CONSEC_REDUCE(0.50)+HARD_RISK_CAP(2.0%)+MAXLOSS_CAP;213098.85;213098.85;33;0
2026.08.17 23:58:20;XAUUSD;5;1787010008;PLACE_PENDING_START;cycle=1787010008 trend=0 consecLosses=0 preset=AGGRESSIVE;PLACE_PENDING;SAFE;0;0;0;-1;-1;0.00;0.00;0.00;0.00;0.00;KELLY_LITE;true;0.04;213106.85;0.0417;KELLY_LITE(mult=0.90 taper=1.00 n=20)+CONSEC_REDUCE(0.50)+HARD_RISK_CAP(2.0%)+MAXLOSS_CAP;213098.85;213098.85;33;0
2026.08.17 23:58:20;XAUUSD;5;1787010008;FILTER_BLOCK_ATR;atr=2.05 min=2.50;PLACE_PENDING;SAFE;0;0;0;-1;-1;0.00;0.00;0.00;0.00;0.00;KELLY_LITE;true;0.04;213106.85;0.0417;KELLY_LITE(mult=0.90 taper=1.00 n=20)+CONSEC_REDUCE(0.50)+HARD_RISK_CAP(2.0%)+MAXLOSS_CAP;213098.85;213098.85;33;0
2026.08.18 00:00:00;XAUUSD;5;1787010008;CONSEC_LOSS_FULL_DAY_STOP_CLEARED;real day rollover (no restart) — resuming new-cycle checks;IDLE;SAFE;0;0;0;-1;-1;0.00;0.00;0.00;0.00;0.00;KELLY_LITE;true;0.04;213106.85;0.0417;KELLY_LITE(mult=0.90 taper=1.00 n=20)+CONSEC_REDUCE(0.50)+HARD_RISK_CAP(2.0%)+MAXLOSS_CAP;213098.85;213098.85;33;0
2026.08.18 00:03:20;XAUUSD;5;1787010009;PLACE_PENDING_START;cycle=1787010009 trend=0 consecLosses=0 preset=AGGRESSIVE;PLACE_PENDING;SAFE;0;0;0;-1;-1;0.00;0.00;0.00;0.00;0.00;KELLY_LITE;true;0.04;213106.85;0.0417;KELLY_LITE(mult=0.90 taper=1.00 n=20)+CONSEC_REDUCE(0.50)+HARD_RISK_CAP(2.0%)+MAXLOSS_CAP;213098.85;213098.85;33;0
2026.08.18 00:03:20;XAUUSD;5;1787010009;FILTER_BLOCK_ATR;atr=2.14 min=2.50;PLACE_PENDING;SAFE;0;0;0;-1;-1;0.00;0.00;0.00;0.00;0.00;KELLY_LITE;true;0.04;213106.85;0.0417;KELLY_LITE(mult=0.90 taper=1.00 n=20)+CONSEC_REDUCE(0.50)+HARD_RISK_CAP(2.0%)+MAXLOSS_CAP;213098.85;213098.85;33;0
2026.08.18 00:08:20;XAUUSD;5;1787010010;PLACE_PENDING_START;cycle=1787010010 trend=0 consecLosses=0 preset=AGGRESSIVE;PLACE_PENDING;SAFE;0;0;0;-1;-1;0.00;0.00;0.00;0.00;0.00;KELLY_LITE;true;0.04;213106.85;0.0417;KELLY_LITE(mult=0.90 taper=1.00 n=20)+CONSEC_REDUCE(0.50)+HARD_RISK_CAP(2.0%)+MAXLOSS_CAP;213098.85;213098.85;33;0
2026.08.18 00:08:20;XAUUSD;5;1787010010;FILTER_BLOCK_ATR;atr=2.25 min=2.50;PLACE_PENDING;SAFE;0;0;0;-1;-1;0.00;0.00;0.00;0.00;0.00;KELLY_LITE;true;0.04;213106.85;0.0417;KELLY_LITE(mult=0.90 taper=1.00 n=20)+CONSEC_REDUCE(0.50)+HARD_RISK_CAP(2.0%)+MAXLOSS_CAP;213098.85;213098.85;33;0
2026.08.18 00:13:20;XAUUSD;5;1787010011;PLACE_PENDING_START;cycle=1787010011 trend=0 consecLosses=0 preset=AGGRESSIVE;PLACE_PENDING;SAFE;0;0;0;-1;-1;0.00;0.00;0.00;0.00;0.00;KELLY_LITE;true;0.04;213106.85;0.0417;KELLY_LITE(mult=0.90 taper=1.00 n=20)+CONSEC_REDUCE(0.50)+HARD_RISK_CAP(2.0%)+MAXLOSS_CAP;213098.85;213098.85;33;0
2026.08.18 00:13:20;XAUUSD;5;1787010011;FILTER_BLOCK_ATR;atr=2.08 min=2.50;PLACE_PENDING;SAFE;0;0;0;-1;-1;0.00;0.00;0.00;0.00;0.00;KELLY_LITE;true;0.04;213106.85;0.0417;KELLY_LITE(mult=0.90 taper=1.00 n=20)+CONSEC_REDUCE(0.50)+HARD_RISK_CAP(2.0%)+MAXLOSS_CAP;213098.85;213098.85;33;0
2026.08.18 00:18:20;XAUUSD;5;1787010012;PLACE_PENDING_START;cycle=1787010012 trend=0 consecLosses=0 preset=AGGRESSIVE;PLACE_PENDING;SAFE;0;0;0;-1;-1;0.00;0.00;0.00;0.00;0.00;KELLY_LITE;true;0.04;213106.85;0.0417;KELLY_LITE(mult=0.90 taper=1.00 n=20)+CONSEC_REDUCE(0.50)+HARD_RISK_CAP(2.0%)+MAXLOSS_CAP;213098.85;213098.85;33;0
2026.08.18 00:18:20;XAUUSD;5;1787010012;FILTER_BLOCK_ATR;atr=2.31 min=2.50;PLACE_PENDING;SAFE;0;0;0;-1;-1;0.00;0.00;0.00;0.00;0.00;KELLY_LITE;true;0.04;213106.85;0.0417;KELLY_LITE(mult=0.90 taper=1.00 n=20)+CONSEC_REDUCE(0.50)+HARD_RISK_CAP(2.0%)+MAXLOSS_CAP;213098.85;213098.85;33;0
2026.08.18 00:23:20;XAUUSD;5;1787010013;PLACE_PENDING_START;cycle=1787010013 trend=0 consecLosses=0 preset=AGGRESSIVE;PLACE_PENDING;SAFE;0;0;0;-1;-1;0.00;0.00;0.00;0.00;0.00;KELLY_LITE;true;0.04;213106.85;0.0417;KELLY_LITE(mult=0.90 taper=1.00 n=20)+CONSEC_REDUCE(0.50)+HARD_RISK_CAP(2.0%)+MAXLOSS_CAP;213098.85;213098.85;33;0
2026.08.18 00:23:20;XAUUSD;5;1787010013;FILTER_BLOCK_ATR;atr=2.30 min=2.50;PLACE_PENDING;SAFE;0;0;0;-1;-1;0.00;0.00;0.00;0.00;0.00;KELLY_LITE;true;0.04;213106.85;0.0417;KELLY_LITE(mult=0.90 taper=1.00 n=20)+CONSEC_REDUCE(0.50)+HARD_RISK_CAP(2.0%)+MAXLOSS_CAP;213098.85;213098.85;33;0
2026.08.18 00:28:20;XAUUSD;5;1787010014;PLACE_PENDING_START;cycle=1787010014 trend=0 consecLosses=0 preset=AGGRESSIVE;PLACE_PENDING;SAFE;0;0;0;-1;-1;0.00;0.00;0.00;0.00;0.00;KELLY_LITE;true;0.04;213106.85;0.0417;KELLY_LITE(mult=0.90 taper=1.00 n=20)+CONSEC_REDUCE(0.50)+HARD_RISK_CAP(2.0%)+MAXLOSS_CAP;213098.85;213098.85;33;0
2026.08.18 00:28:21;XAUUSD;5;1787010014;OCO_PLACED;buy=119690013 4421.73 lot=0.04 sell=119690014 4418.40 lot=0.04 dist=1.50;WAIT_TRIGGER;SAFE;0;2;0;119690013;119690014;0.00;0.00;0.00;0.00;0.00;KELLY_LITE;true;0.04;213098.85;0.0417;KELLY_LITE(mult=1.00 taper=1.00 n=0)+HARD_RISK_CAP(2.0%)+MAXLOSS_CAP;213098.85;213098.85;33;0
2026.08.18 00:28:38;XAUUSD;5;1787010014;SELL_STOP_TRAILED;Old=4418.40 New=4418.76;WAIT_TRIGGER;SAFE;0;2;0;119690013;119690014;0.00;0.00;0.00;0.00;0.00;KELLY_LITE;true;0.04;213098.85;0.0417;KELLY_LITE(mult=1.00 taper=1.00 n=0)+HARD_RISK_CAP(2.0%)+MAXLOSS_CAP;213098.85;213098.85;33;0
2026.08.18 00:28:45;XAUUSD;5;1787010014;SELL_STOP_TRAILED;Old=4418.76 New=4419.07;WAIT_TRIGGER;SAFE;0;2;0;119690013;119690014;0.00;0.00;0.00;0.00;0.00;KELLY_LITE;true;0.04;213098.85;0.0417;KELLY_LITE(mult=1.00 taper=1.00 n=0)+HARD_RISK_CAP(2.0%)+MAXLOSS_CAP;213098.85;213098.85;33;0
2026.08.18 00:30:07;XAUUSD;5;1787010014;SELL_STOP_TRAILED;Old=4419.07 New=4419.40;WAIT_TRIGGER;SAFE;0;2;0;119690013;119690014;0.00;0.00;0.00;0.00;0.00;KELLY_LITE;true;0.04;213098.85;0.0417;KELLY_LITE(mult=1.00 taper=1.00 n=0)+HARD_RISK_CAP(2.0%)+MAXLOSS_CAP;213098.85;213098.85;33;0
2026.08.18 00:30:13;XAUUSD;5;1787010014;OCO_TRIGGERED_BUY;ticket=119690013 entry=4421.73;POSITION_ACTIVE;SAFE;1;1;0;-1;119690014;0.00;-1.32;-1.32;0.00;0.00;KELLY_LITE;true;0.04;213098.85;0.0417;KELLY_LITE(mult=1.00 taper=1.00 n=0)+HARD_RISK_CAP(2.0%)+MAXLOSS_CAP;213098.85;213097.53;33;0
2026.08.18 00:30:13;XAUUSD;5;1787010014;PENDING_DELETED;ticket=119690014 reason=oco_buy_triggered;POSITION_ACTIVE;SAFE;1;0;0;-1;119690014;0.00;-1.12;-1.12;0.00;0.00;KELLY_LITE;true;0.04;213098.85;0.0417;KELLY_LITE(mult=1.00 taper=1.00 n=0)+HARD_RISK_CAP(2.0%)+MAXLOSS_CAP;213098.85;213097.73;33;0
2026.08.18 00:30:14;XAUUSD;5;1787010014;HEDGE_PENDING_PLACED;dir=SELL_STOP ticket=119690117 price=4418.45 sl=4421.45 lot=0.05 mainEntry=4421.73 dist=3.00 confirmBars=1;POSITION_ACTIVE;SAFE;1;1;1;-1;-1;4421.73;-1.16;-1.16;0.00;-1.12;KELLY_LITE;true;0.04;213098.85;0.0417;KELLY_LITE(mult=1.00 taper=1.00 n=0)+HARD_RISK_CAP(2.0%)+MAXLOSS_CAP;213098.85;213097.69;33;0
2026.08.18 00:30:14;XAUUSD;5;1787010014;SL_MODIFIED;ticket=119690013 oldSL=4406.73 newSL=4419.73 reason=early_loss_hard_sl_leg_0;MANAGE_PROFIT;SAFE;1;1;1;-1;-1;4421.73;-1.20;-1.20;0.00;-1.16;KELLY_LITE;true;0.04;213098.85;0.0417;KELLY_LITE(mult=1.00 taper=1.00 n=0)+HARD_RISK_CAP(2.0%)+MAXLOSS_CAP;213098.85;213097.65;33;0
2026.08.18 00:45:15;XAUUSD;5;1787010014;PENDING_DELETED;ticket=119690117 reason=hedge_pending_expired;POSITION_ACTIVE;SAFE;1;0;1;-1;-1;4421.73;0.80;0.80;4.08;-6.24;KELLY_LITE;true;0.04;213098.85;0.0417;KELLY_LITE(mult=1.00 taper=1.00 n=0)+HARD_RISK_CAP(2.0%)+MAXLOSS_CAP;213098.85;213099.65;33;0
2026.08.18 00:45:15;XAUUSD;5;1787010014;HEDGE_PENDING_EXPIRED;after=900s rearm=1/1;POSITION_ACTIVE;SAFE;1;0;1;-1;-1;4421.73;0.80;0.80;4.08;-6.24;KELLY_LITE;true;0.04;213098.85;0.0417;KELLY_LITE(mult=1.00 taper=1.00 n=0)+HARD_RISK_CAP(2.0%)+MAXLOSS_CAP;213098.85;213099.65;33;0
2026.08.18 00:45:15;XAUUSD;5;1787010014;HEDGE_BLOCK_CONFIRM;need=1 adverse bars;MANAGE_PROFIT;SAFE;1;0;1;-1;-1;4421.73;0.80;0.80;4.08;-6.24;KELLY_LITE;true;0.04;213098.85;0.0417;KELLY_LITE(mult=1.00 taper=1.00 n=0)+HARD_RISK_CAP(2.0%)+MAXLOSS_CAP;213098.85;213099.65;33;0
2026.08.18 00:45:45;XAUUSD;5;1787010014;HEDGE_BLOCK_CONFIRM;need=1 adverse bars;MANAGE_PROFIT;SAFE;1;0;1;-1;-1;4421.73;3.60;3.60;4.12;-6.24;KELLY_LITE;true;0.04;213098.85;0.0417;KELLY_LITE(mult=1.00 taper=1.00 n=0)+HARD_RISK_CAP(2.0%)+MAXLOSS_CAP;213098.85;213102.45;33;0
2026.08.18 00:46:15;XAUUSD;5;1787010014;HEDGE_BLOCK_CONFIRM;need=1 adverse bars;MANAGE_PROFIT;SAFE;1;0;1;-1;-1;4421.73;3.16;3.16;4.12;-6.24;KELLY_LITE;true;0.04;213098.85;0.0417;KELLY_LITE(mult=1.00 taper=1.00 n=0)+HARD_RISK_CAP(2.0%)+MAXLOSS_CAP;213098.85;213102.01;33;0
2026.08.18 00:46:45;XAUUSD;5;1787010014;HEDGE_BLOCK_CONFIRM;need=1 adverse bars;MANAGE_PROFIT;SAFE;1;0;1;-1;-1;4421.73;-0.28;-0.28;4.88;-6.24;KELLY_LITE;true;0.04;213098.85;0.0417;KELLY_LITE(mult=1.00 taper=1.00 n=0)+HARD_RISK_CAP(2.0%)+MAXLOSS_CAP;213098.85;213098.57;33;0
2026.08.18 00:47:15;XAUUSD;5;1787010014;HEDGE_BLOCK_CONFIRM;need=1 adverse bars;MANAGE_PROFIT;SAFE;1;0;1;-1;-1;4421.73;2.32;2.32;4.88;-6.24;KELLY_LITE;true;0.04;213098.85;0.0417;KELLY_LITE(mult=1.00 taper=1.00 n=0)+HARD_RISK_CAP(2.0%)+MAXLOSS_CAP;213098.85;213101.17;33;0
2026.08.18 00:47:45;XAUUSD;5;1787010014;HEDGE_BLOCK_CONFIRM;need=1 adverse bars;MANAGE_PROFIT;SAFE;1;0;1;-1;-1;4421.73;3.12;3.12;5.48;-6.24;KELLY_LITE;true;0.04;213098.85;0.0417;KELLY_LITE(mult=1.00 taper=1.00 n=0)+HARD_RISK_CAP(2.0%)+MAXLOSS_CAP;213098.85;213101.97;33;0
2026.08.18 00:48:15;XAUUSD;5;1787010014;HEDGE_BLOCK_CONFIRM;need=1 adverse bars;MANAGE_PROFIT;SAFE;1;0;1;-1;-1;4421.73;2.12;2.12;5.48;-6.24;KELLY_LITE;true;0.04;213098.85;0.0417;KELLY_LITE(mult=1.00 taper=1.00 n=0)+HARD_RISK_CAP(2.0%)+MAXLOSS_CAP;213098.85;213100.97;33;0
2026.08.18 00:48:45;XAUUSD;5;1787010014;HEDGE_BLOCK_CONFIRM;need=1 adverse bars;MANAGE_PROFIT;SAFE;1;0;1;-1;-1;4421.73;3.20;3.20;5.48;-6.24;KELLY_LITE;true;0.04;213098.85;0.0417;KELLY_LITE(mult=1.00 taper=1.00 n=0)+HARD_RISK_CAP(2.0%)+MAXLOSS_CAP;213098.85;213102.05;33;0
2026.08.18 00:49:15;XAUUSD;5;1787010014;HEDGE_BLOCK_CONFIRM;need=1 adverse bars;MANAGE_PROFIT;SAFE;1;0;1;-1;-1;4421.73;6.88;6.88;5.96;-6.24;KELLY_LITE;true;0.04;213098.85;0.0417;KELLY_LITE(mult=1.00 taper=1.00 n=0)+HARD_RISK_CAP(2.0%)+MAXLOSS_CAP;213098.85;213105.73;33;0
2026.08.18 00:49:17;XAUUSD;5;1787010014;SL_MODIFIED;ticket=119690013 oldSL=4419.73 newSL=4423.12 reason=break_even_lock_leg_0 (retry buf=3pt);MANAGE_PROFIT;SAFE;1;0;1;-1;-1;4421.73;7.76;7.76;8.28;-6.24;KELLY_LITE;true;0.04;213098.85;0.0417;KELLY_LITE(mult=1.00 taper=1.00 n=0)+HARD_RISK_CAP(2.0%)+MAXLOSS_CAP;213098.85;213106.61;33;0
2026.08.18 00:49:17;XAUUSD;5;1787010014;PROFIT_RATCHET_LOCKED;floor=3.52 peak=8.28;MANAGE_PROFIT;SAFE;1;0;1;-1;-1;4421.73;7.76;7.76;8.28;-6.24;KELLY_LITE;true;0.04;213098.85;0.0417;KELLY_LITE(mult=1.00 taper=1.00 n=0)+HARD_RISK_CAP(2.0%)+MAXLOSS_CAP;213098.85;213106.61;33;0
2026.08.18 00:49:17;XAUUSD;5;1787010014;SL_MODIFIED;ticket=119690013 oldSL=4423.12 newSL=4423.15 reason=break_even_lock_leg_0;MANAGE_PROFIT;SAFE;1;0;1;-1;-1;4421.73;8.36;8.36;8.28;-6.24;KELLY_LITE;true;0.04;213098.85;0.0417;KELLY_LITE(mult=1.00 taper=1.00 n=0)+HARD_RISK_CAP(2.0%)+MAXLOSS_CAP;213098.85;213107.21;33;0
2026.08.18 00:49:17;XAUUSD;5;1787010014;PROFIT_RATCHET_LOCKED;floor=3.52 peak=8.28;MANAGE_PROFIT;SAFE;1;0;1;-1;-1;4421.73;8.36;8.36;8.28;-6.24;KELLY_LITE;true;0.04;213098.85;0.0417;KELLY_LITE(mult=1.00 taper=1.00 n=0)+HARD_RISK_CAP(2.0%)+MAXLOSS_CAP;213098.85;213107.21;33;0
2026.08.18 00:49:18;XAUUSD;5;1787010014;SL_MODIFY_FAILED;ticket=119690013 newSL=4423.30 reason=break_even_lock_leg_0 err=0;MANAGE_PROFIT;SAFE;1;0;1;-1;-1;4421.73;7.24;7.24;8.36;-6.24;KELLY_LITE;true;0.04;213098.85;0.0417;KELLY_LITE(mult=1.00 taper=1.00 n=0)+HARD_RISK_CAP(2.0%)+MAXLOSS_CAP;213098.85;213106.09;33;0
2026.08.18 00:49:18;XAUUSD;5;1787010014;PROFIT_RATCHET_LOCKED;floor=3.55 peak=8.36;MANAGE_PROFIT;SAFE;1;0;1;-1;-1;4421.73;7.24;7.24;8.36;-6.24;KELLY_LITE;true;0.04;213098.85;0.0417;KELLY_LITE(mult=1.00 taper=1.00 n=0)+HARD_RISK_CAP(2.0%)+MAXLOSS_CAP;213098.85;213106.09;33;0
2026.08.18 00:49:18;XAUUSD;5;1787010014;PROFIT_RATCHET_LOCKED;floor=3.55 peak=8.36;MANAGE_PROFIT;SAFE;1;0;1;-1;-1;4421.73;7.24;7.24;8.36;-6.24;KELLY_LITE;true;0.04;213098.85;0.0417;KELLY_LITE(mult=1.00 taper=1.00 n=0)+HARD_RISK_CAP(2.0%)+MAXLOSS_CAP;213098.85;213106.09;33;0
2026.08.18 00:49:18;XAUUSD;5;1787010014;EXIT_TIERED_TRAIL;profit=6.80 peak=8.36 allowedRetrace=1.25;MANAGE_PROFIT;SAFE;1;0;1;-1;-1;4421.73;6.80;6.80;8.36;-6.24;KELLY_LITE;true;0.04;213098.85;0.0417;KELLY_LITE(mult=1.00 taper=1.00 n=0)+HARD_RISK_CAP(2.0%)+MAXLOSS_CAP;213098.85;213105.65;33;0
2026.08.18 00:49:19;XAUUSD;5;1787010014;POSITION_CLOSED;ticket=119690013 reason=tiered_profit_trail lots=0.04 price=4423.43 pnl=6.80;MANAGE_PROFIT;SAFE;0;0;1;-1;-1;4421.73;0.00;0.00;8.36;-6.24;KELLY_LITE;true;0.04;213098.85;0.0417;KELLY_LITE(mult=1.00 taper=1.00 n=0)+HARD_RISK_CAP(2.0%)+MAXLOSS_CAP;213105.53;213105.53;33;0
2026.08.18 00:49:19;XAUUSD;5;1787010014;CYCLE_RESET;oldState=RESET realizedPnL=6.68 peak=8.36 worst=-6.24 pyramid=0 consLosses=0;RESET;SAFE;0;0;0;-1;-1;4421.73;0.00;0.00;8.36;-6.24;KELLY_LITE;true;0.04;213098.85;0.0417;KELLY_LITE(mult=1.00 taper=1.00 n=0)+HARD_RISK_CAP(2.0%)+MAXLOSS_CAP;213105.53;213105.53;33;0
2026.08.18 00:54:19;XAUUSD;5;1787010015;PLACE_PENDING_START;cycle=1787010015 trend=0 consecLosses=0 preset=AGGRESSIVE;PLACE_PENDING;SAFE;0;0;0;-1;-1;0.00;0.00;0.00;0.00;0.00;KELLY_LITE;true;0.04;213098.85;0.0417;KELLY_LITE(mult=1.00 taper=1.00 n=0)+HARD_RISK_CAP(2.0%)+MAXLOSS_CAP;213105.53;213105.53;33;0
2026.08.18 00:54:19;XAUUSD;5;1787010015;FILTER_BLOCK_ATR;atr=2.49 min=2.50;PLACE_PENDING;SAFE;0;0;0;-1;-1;0.00;0.00;0.00;0.00;0.00;KELLY_LITE;true;0.04;213098.85;0.0417;KELLY_LITE(mult=1.00 taper=1.00 n=0)+HARD_RISK_CAP(2.0%)+MAXLOSS_CAP;213105.53;213105.53;33;0
2026.08.18 00:59:19;XAUUSD;5;1787010016;PLACE_PENDING_START;cycle=1787010016 trend=0 consecLosses=0 preset=AGGRESSIVE;PLACE_PENDING;SAFE;0;0;0;-1;-1;0.00;0.00;0.00;0.00;0.00;KELLY_LITE;true;0.04;213098.85;0.0417;KELLY_LITE(mult=1.00 taper=1.00 n=0)+HARD_RISK_CAP(2.0%)+MAXLOSS_CAP;213105.53;213105.53;33;0
2026.08.18 00:59:19;XAUUSD;5;1787010016;FILTER_BLOCK_ATR;atr=2.44 min=2.50;PLACE_PENDING;SAFE;0;0;0;-1;-1;0.00;0.00;0.00;0.00;0.00;KELLY_LITE;true;0.04;213098.85;0.0417;KELLY_LITE(mult=1.00 taper=1.00 n=0)+HARD_RISK_CAP(2.0%)+MAXLOSS_CAP;213105.53;213105.53;33;0
2026.08.18 01:04:19;XAUUSD;5;1787010017;PLACE_PENDING_START;cycle=1787010017 trend=0 consecLosses=0 preset=AGGRESSIVE;PLACE_PENDING;SAFE;0;0;0;-1;-1;0.00;0.00;0.00;0.00;0.00;KELLY_LITE;true;0.04;213098.85;0.0417;KELLY_LITE(mult=1.00 taper=1.00 n=0)+HARD_RISK_CAP(2.0%)+MAXLOSS_CAP;213105.53;213105.53;33;0
2026.08.18 01:04:20;XAUUSD;5;1787010017;OCO_PLACED;buy=119692526 4425.46 lot=0.04 sell=119692529 4422.13 lot=0.04 dist=1.50;WAIT_TRIGGER;SAFE;0;2;0;119692526;119692529;0.00;0.00;0.00;0.00;0.00;KELLY_LITE;true;0.04;213105.53;0.0417;KELLY_LITE(mult=1.00 taper=1.00 n=1)+HARD_RISK_CAP(2.0%)+MAXLOSS_CAP;213105.53;213105.53;33;0
2026.08.18 01:04:21;XAUUSD;5;1787010017;SELL_STOP_TRAILED;Old=4422.13 New=4422.51;WAIT_TRIGGER;SAFE;0;2;0;119692526;119692529;0.00;0.00;0.00;0.00;0.00;KELLY_LITE;true;0.04;213105.53;0.0417;KELLY_LITE(mult=1.00 taper=1.00 n=1)+HARD_RISK_CAP(2.0%)+MAXLOSS_CAP;213105.53;213105.53;33;0
2026.08.18 01:04:41;XAUUSD;5;1787010017;SELL_STOP_TRAILED;Old=4422.51 New=4422.82;WAIT_TRIGGER;SAFE;0;2;0;119692526;119692529;0.00;0.00;0.00;0.00;0.00;KELLY_LITE;true;0.04;213105.53;0.0417;KELLY_LITE(mult=1.00 taper=1.00 n=1)+HARD_RISK_CAP(2.0%)+MAXLOSS_CAP;213105.53;213105.53;33;0
2026.08.18 01:04:48;XAUUSD;5;1787010017;SELL_STOP_TRAILED;Old=4422.82 New=4423.46;WAIT_TRIGGER;SAFE;0;2;0;119692526;119692529;0.00;0.00;0.00;0.00;0.00;KELLY_LITE;true;0.04;213105.53;0.0417;KELLY_LITE(mult=1.00 taper=1.00 n=1)+HARD_RISK_CAP(2.0%)+MAXLOSS_CAP;213105.53;213105.53;33;0
2026.08.18 01:04:52;XAUUSD;5;1787010017;OCO_TRIGGERED_BUY;ticket=119692526 entry=4425.46;POSITION_ACTIVE;SAFE;1;1;0;-1;119692529;0.00;-1.00;-1.00;0.00;0.00;KELLY_LITE;true;0.04;213105.53;0.0417;KELLY_LITE(mult=1.00 taper=1.00 n=1)+HARD_RISK_CAP(2.0%)+MAXLOSS_CAP;213105.53;213104.53;33;0
2026.08.18 01:04:52;XAUUSD;5;1787010017;PENDING_DELETED;ticket=119692529 reason=oco_buy_triggered;POSITION_ACTIVE;SAFE;1;0;0;-1;119692529;0.00;-1.56;-1.56;0.00;0.00;KELLY_LITE;true;0.04;213105.53;0.0417;KELLY_LITE(mult=1.00 taper=1.00 n=1)+HARD_RISK_CAP(2.0%)+MAXLOSS_CAP;213105.53;213103.97;33;0
2026.08.18 01:04:52;XAUUSD;5;1787010017;HEDGE_BLOCK_CONFIRM;need=1 adverse bars;POSITION_ACTIVE;SAFE;1;0;1;-1;-1;4425.46;-1.56;-1.56;0.00;-1.56;KELLY_LITE;true;0.04;213105.53;0.0417;KELLY_LITE(mult=1.00 taper=1.00 n=1)+HARD_RISK_CAP(2.0%)+MAXLOSS_CAP;213105.53;213103.97;33;0
2026.08.18 01:04:53;XAUUSD;5;1787010017;SL_MODIFIED;ticket=119692526 oldSL=4410.46 newSL=4423.46 reason=early_loss_hard_sl_leg_0;MANAGE_PROFIT;SAFE;1;0;1;-1;-1;4425.46;-1.28;-1.28;0.00;-1.56;KELLY_LITE;true;0.04;213105.53;0.0417;KELLY_LITE(mult=1.00 taper=1.00 n=1)+HARD_RISK_CAP(2.0%)+MAXLOSS_CAP;213105.53;213104.25;33;0
2026.08.18 01:05:00;XAUUSD;5;1787010017;HEDGE_PENDING_PLACED;dir=SELL_STOP ticket=119692574 price=4422.29 sl=4425.29 lot=0.05 mainEntry=4425.46 dist=3.00 confirmBars=1;MANAGE_PROFIT;SAFE;1;1;1;-1;-1;4425.46;-1.08;-1.08;0.00;-1.76;KELLY_LITE;true;0.04;213105.53;0.0417;KELLY_LITE(mult=1.00 taper=1.00 n=1)+HARD_RISK_CAP(2.0%)+MAXLOSS_CAP;213105.53;213104.45;33;0
2026.08.18 01:06:10;XAUUSD;5;1787010017;RECONCILED_BROKER_CLOSE;ticket=119692526 type=main pnl=-8.00;MANAGE_PROFIT;SAFE;0;1;1;-1;-1;4425.46;0.00;0.00;2.68;-7.88;KELLY_LITE;true;0.04;213105.53;0.0417;KELLY_LITE(mult=1.00 taper=1.00 n=1)+HARD_RISK_CAP(2.0%)+MAXLOSS_CAP;213097.53;213097.53;33;0
2026.08.18 01:06:11;XAUUSD;5;1787010017;PENDING_DELETED;ticket=119692574 reason=main_gone_hedge_pending;WAIT_TRIGGER;SAFE;0;0;1;-1;-1;4425.46;0.00;0.00;2.68;-7.88;KELLY_LITE;true;0.04;213105.53;0.0417;KELLY_LITE(mult=1.00 taper=1.00 n=1)+HARD_RISK_CAP(2.0%)+MAXLOSS_CAP;213097.53;213097.53;33;0
2026.08.18 01:06:11;XAUUSD;5;1787010017;HEDGE_PENDING_CLEANUP;main_position_gone;WAIT_TRIGGER;SAFE;0;0;1;-1;-1;4425.46;0.00;0.00;2.68;-7.88;KELLY_LITE;true;0.04;213105.53;0.0417;KELLY_LITE(mult=1.00 taper=1.00 n=1)+HARD_RISK_CAP(2.0%)+MAXLOSS_CAP;213097.53;213097.53;33;0
2026.08.18 01:06:11;XAUUSD;5;1787010017;LOSS_COOLDOWN_AFTER_LOSS;cyclePnL=-8.00 pauseUntil=2026.08.18 01:11:11;WAIT_TRIGGER;SAFE;0;0;1;-1;-1;4425.46;0.00;0.00;2.68;-7.88;KELLY_LITE;true;0.04;213105.53;0.0417;KELLY_LITE(mult=1.00 taper=1.00 n=1)+HARD_RISK_CAP(2.0%)+MAXLOSS_CAP;213097.53;213097.53;33;0
2026.08.18 01:06:11;XAUUSD;5;1787010017;CYCLE_RESET;oldState=WAIT_TRIGGER realizedPnL=-8.00 peak=2.68 worst=-7.88 pyramid=1 consLosses=1;WAIT_TRIGGER;SAFE;0;0;1;-1;-1;4425.46;0.00;0.00;2.68;-7.88;KELLY_LITE;true;0.04;213105.53;0.0417;KELLY_LITE(mult=1.00 taper=1.00 n=1)+HARD_RISK_CAP(2.0%)+MAXLOSS_CAP;213097.53;213097.53;33;0
2026.08.18 01:08:10;XAUUSD;5;1787010017;EA_DEINIT;reason=5;BLOCKED;SAFE;0;0;0;-1;-1;0.00;0.00;0.00;0.00;0.00;KELLY_LITE;true;0.04;213105.53;0.0417;KELLY_LITE(mult=1.00 taper=1.00 n=1)+HARD_RISK_CAP(2.0%)+MAXLOSS_CAP;213097.53;213097.53;33;0
2026.08.18 01:08:11;XAUUSD;5;1787015291;EA_INIT;V10|Preset=AGGRESSIVE|MaxLoss=$50.0 SL=$12.0 RiskPct=1.50|HedgeMaxNeg=$10.0 LotRatio=1.25 ConfirmBars=1 Cooldown=60s|DailyDD=4.0% WeeklyLim=$100|AutoLotMode=KELLY_LITE|Session=ALL NewsFilter=OFF (0 times);IDLE;SAFE;0;0;0;-1;-1;0.00;0.00;0.00;0.00;0.00;KELLY_LITE;true;0.04;213105.53;0.0417;KELLY_LITE(mult=1.00 taper=1.00 n=1)+HARD_RISK_CAP(2.0%)+MAXLOSS_CAP;213097.53;213097.53;33;0
2026.08.18 01:08:11;XAUUSD;5;1787015291;DAILY_BASELINE_RESTORED;startEquity=213098.85 paused=false hardStop=false;IDLE;SAFE;0;0;0;-1;-1;0.00;0.00;0.00;0.00;0.00;KELLY_LITE;true;0.04;213105.53;0.0417;KELLY_LITE(mult=1.00 taper=1.00 n=1)+HARD_RISK_CAP(2.0%)+MAXLOSS_CAP;213097.53;213097.53;33;0
2026.08.18 01:08:11;XAUUSD;5;1787015291;WEEKLY_BASELINE_RESTORED;startEquity=213057.11 paused=false;IDLE;SAFE;0;0;0;-1;-1;0.00;0.00;0.00;0.00;0.00;KELLY_LITE;true;0.04;213105.53;0.0417;KELLY_LITE(mult=1.00 taper=1.00 n=1)+HARD_RISK_CAP(2.0%)+MAXLOSS_CAP;213097.53;213097.53;33;0
2026.08.18 01:11:11;XAUUSD;5;1787015292;PLACE_PENDING_START;cycle=1787015292 trend=0 consecLosses=0 preset=AGGRESSIVE;PLACE_PENDING;SAFE;0;0;0;-1;-1;0.00;0.00;0.00;0.00;0.00;KELLY_LITE;true;0.04;213105.53;0.0417;KELLY_LITE(mult=1.00 taper=1.00 n=1)+HARD_RISK_CAP(2.0%)+MAXLOSS_CAP;213097.53;213097.53;33;0
2026.08.18 01:11:11;XAUUSD;5;1787015292;OCO_PLACED;buy=119693220 4422.09 lot=0.04 sell=119693221 4418.76 lot=0.04 dist=1.50;WAIT_TRIGGER;SAFE;0;2;0;119693220;119693221;0.00;0.00;0.00;0.00;0.00;KELLY_LITE;true;0.04;213097.53;0.0417;KELLY_LITE(mult=1.00 taper=1.00 n=0)+HARD_RISK_CAP(2.0%)+MAXLOSS_CAP;213097.53;213097.53;33;0
2026.08.18 01:11:17;XAUUSD;5;1787015292;SELL_STOP_TRAILED;Old=4418.76 New=4419.14;WAIT_TRIGGER;SAFE;0;2;0;119693220;119693221;0.00;0.00;0.00;0.00;0.00;KELLY_LITE;true;0.04;213097.53;0.0417;KELLY_LITE(mult=1.00 taper=1.00 n=0)+HARD_RISK_CAP(2.0%)+MAXLOSS_CAP;213097.53;213097.53;33;0
2026.08.18 01:11:21;XAUUSD;5;1787015292;SELL_STOP_TRAILED;Old=4419.14 New=4419.67;WAIT_TRIGGER;SAFE;0;2;0;119693220;119693221;0.00;0.00;0.00;0.00;0.00;KELLY_LITE;true;0.04;213097.53;0.0417;KELLY_LITE(mult=1.00 taper=1.00 n=0)+HARD_RISK_CAP(2.0%)+MAXLOSS_CAP;213097.53;213097.53;33;0
2026.08.18 01:12:43;XAUUSD;5;1787015292;SELL_STOP_TRAILED;Old=4419.67 New=4419.99;WAIT_TRIGGER;SAFE;0;2;0;119693220;119693221;0.00;0.00;0.00;0.00;0.00;KELLY_LITE;true;0.04;213097.53;0.0417;KELLY_LITE(mult=1.00 taper=1.00 n=0)+HARD_RISK_CAP(2.0%)+MAXLOSS_CAP;213097.53;213097.53;37;0
2026.08.18 01:12:48;XAUUSD;5;1787015292;SELL_STOP_TRAILED;Old=4419.99 New=4420.34;WAIT_TRIGGER;SAFE;1;1;0;119693220;119693221;0.00;-0.88;-0.88;0.00;0.00;KELLY_LITE;true;0.04;213097.53;0.0417;KELLY_LITE(mult=1.00 taper=1.00 n=0)+HARD_RISK_CAP(2.0%)+MAXLOSS_CAP;213097.53;213096.65;33;0
2026.08.18 01:12:48;XAUUSD;5;1787015292;OCO_TRIGGERED_BUY;ticket=119693220 entry=4422.09;POSITION_ACTIVE;SAFE;1;1;0;-1;119693221;0.00;-0.88;-0.88;0.00;0.00;KELLY_LITE;true;0.04;213097.53;0.0417;KELLY_LITE(mult=1.00 taper=1.00 n=0)+HARD_RISK_CAP(2.0%)+MAXLOSS_CAP;213097.53;213096.65;33;0
2026.08.18 01:12:49;XAUUSD;5;1787015292;PENDING_DELETED;ticket=119693221 reason=oco_buy_triggered;POSITION_ACTIVE;SAFE;1;0;0;-1;119693221;0.00;-1.36;-1.36;0.00;0.00;KELLY_LITE;true;0.04;213097.53;0.0417;KELLY_LITE(mult=1.00 taper=1.00 n=0)+HARD_RISK_CAP(2.0%)+MAXLOSS_CAP;213097.53;213096.17;33;0
2026.08.18 01:12:49;XAUUSD;5;1787015292;HEDGE_PENDING_PLACED;dir=SELL_STOP ticket=119693310 price=4418.75 sl=4421.75 lot=0.05 mainEntry=4422.09 dist=3.00 confirmBars=1;POSITION_ACTIVE;SAFE;1;1;1;-1;-1;4422.09;-1.32;-1.32;0.00;-1.36;KELLY_LITE;true;0.04;213097.53;0.0417;KELLY_LITE(mult=1.00 taper=1.00 n=0)+HARD_RISK_CAP(2.0%)+MAXLOSS_CAP;213097.53;213096.21;33;0
2026.08.18 01:12:50;XAUUSD;5;1787015292;SL_MODIFIED;ticket=119693220 oldSL=4407.09 newSL=4420.09 reason=early_loss_hard_sl_leg_0;MANAGE_PROFIT;SAFE;1;1;1;-1;-1;4422.09;-0.96;-0.96;0.00;-1.36;KELLY_LITE;true;0.04;213097.53;0.0417;KELLY_LITE(mult=1.00 taper=1.00 n=0)+HARD_RISK_CAP(2.0%)+MAXLOSS_CAP;213097.53;213096.57;33;0
2026.08.18 01:13:05;XAUUSD;5;1787015292;EXIT_EARLY_LOSS_CUT;profit=-8.04 peak=0.00 cap=8.00;MANAGE_PROFIT;SAFE;1;1;1;-1;-1;4422.09;-8.04;-8.04;0.00;-8.04;KELLY_LITE;true;0.04;213097.53;0.0417;KELLY_LITE(mult=1.00 taper=1.00 n=0)+HARD_RISK_CAP(2.0%)+MAXLOSS_CAP;213097.53;213089.49;33;0
2026.08.18 01:13:06;XAUUSD;5;1787015292;PENDING_DELETED;ticket=119693310 reason=close_all_hedge;MANAGE_PROFIT;SAFE;0;0;0;-1;-1;4422.09;0.00;0.00;0.00;-8.04;KELLY_LITE;true;0.04;213097.53;0.0417;KELLY_LITE(mult=1.00 taper=1.00 n=0)+HARD_RISK_CAP(2.0%)+MAXLOSS_CAP;213089.53;213089.53;33;0
2026.08.18 01:13:06;XAUUSD;5;1787015292;TRADELOG_RECOVER_CLOSE;ticket=119693220 type=main pnl=-8.00;RESET;SAFE;0;0;0;-1;-1;4422.09;0.00;0.00;0.00;-8.04;KELLY_LITE;true;0.04;213097.53;0.0417;KELLY_LITE(mult=1.00 taper=1.00 n=0)+HARD_RISK_CAP(2.0%)+MAXLOSS_CAP;213089.53;213089.53;33;0
2026.08.18 01:13:06;XAUUSD;5;1787015292;LOSS_COOLDOWN_AFTER_LOSS;cyclePnL=-8.00 pauseUntil=2026.08.18 01:18:06;RESET;SAFE;0;0;0;-1;-1;4422.09;0.00;0.00;0.00;-8.04;KELLY_LITE;true;0.04;213097.53;0.0417;KELLY_LITE(mult=1.00 taper=1.00 n=0)+HARD_RISK_CAP(2.0%)+MAXLOSS_CAP;213089.53;213089.53;33;0
2026.08.18 01:13:06;XAUUSD;5;1787015292;CYCLE_RESET;oldState=RESET realizedPnL=-8.00 peak=0.00 worst=-8.04 pyramid=0 consLosses=1;RESET;SAFE;0;0;0;-1;-1;4422.09;0.00;0.00;0.00;-8.04;KELLY_LITE;true;0.04;213097.53;0.0417;KELLY_LITE(mult=1.00 taper=1.00 n=0)+HARD_RISK_CAP(2.0%)+MAXLOSS_CAP;213089.53;213089.53;33;0
2026.08.18 01:18:06;XAUUSD;5;1787015293;PLACE_PENDING_START;cycle=1787015293 trend=0 consecLosses=1 preset=AGGRESSIVE;PLACE_PENDING;SAFE;0;0;0;-1;-1;0.00;0.00;0.00;0.00;0.00;KELLY_LITE;true;0.04;213097.53;0.0417;KELLY_LITE(mult=1.00 taper=1.00 n=0)+HARD_RISK_CAP(2.0%)+MAXLOSS_CAP;213089.53;213089.53;33;0
2026.08.18 01:18:07;XAUUSD;5;1787015293;OCO_PLACED;buy=119693860 4427.14 lot=0.04 sell=119693862 4423.81 lot=0.04 dist=1.50;WAIT_TRIGGER;SAFE;0;2;0;119693860;119693862;0.00;0.00;0.00;0.00;0.00;KELLY_LITE;true;0.04;213089.53;0.0417;KELLY_LITE(mult=1.00 taper=1.00 n=1)+HARD_RISK_CAP(2.0%)+MAXLOSS_CAP;213089.53;213089.53;33;0
2026.08.18 01:18:11;XAUUSD;5;1787015293;SELL_STOP_TRAILED;Old=4423.81 New=4424.12;WAIT_TRIGGER;SAFE;0;2;0;119693860;119693862;0.00;0.00;0.00;0.00;0.00;KELLY_LITE;true;0.04;213089.53;0.0417;KELLY_LITE(mult=1.00 taper=1.00 n=1)+HARD_RISK_CAP(2.0%)+MAXLOSS_CAP;213089.53;213089.53;33;0
2026.08.18 01:18:16;XAUUSD;5;1787015293;SELL_STOP_TRAILED;Old=4424.12 New=4424.49;WAIT_TRIGGER;SAFE;0;2;0;119693860;119693862;0.00;0.00;0.00;0.00;0.00;KELLY_LITE;true;0.04;213089.53;0.0417;KELLY_LITE(mult=1.00 taper=1.00 n=1)+HARD_RISK_CAP(2.0%)+MAXLOSS_CAP;213089.53;213089.53;33;0
2026.08.18 01:18:19;XAUUSD;5;1787015293;SELL_STOP_TRAILED;Old=4424.49 New=4424.84;WAIT_TRIGGER;SAFE;0;2;0;119693860;119693862;0.00;0.00;0.00;0.00;0.00;KELLY_LITE;true;0.04;213089.53;0.0417;KELLY_LITE(mult=1.00 taper=1.00 n=1)+HARD_RISK_CAP(2.0%)+MAXLOSS_CAP;213089.53;213089.53;33;0
2026.08.18 01:18:26;XAUUSD;5;1787015293;BUY_STOP_TRAILED;Old=4427.14 New=4426.82;WAIT_TRIGGER;SAFE;0;2;0;119693860;119693862;0.00;0.00;0.00;0.00;0.00;KELLY_LITE;true;0.04;213089.53;0.0417;KELLY_LITE(mult=1.00 taper=1.00 n=1)+HARD_RISK_CAP(2.0%)+MAXLOSS_CAP;213089.53;213089.53;33;0
2026.08.18 01:18:27;XAUUSD;5;1787015293;OCO_TRIGGERED_SELL;ticket=119693862 entry=4424.84;POSITION_ACTIVE;SAFE;1;1;0;119693860;-1;0.00;-0.36;-0.36;0.00;0.00;KELLY_LITE;true;0.04;213089.53;0.0417;KELLY_LITE(mult=1.00 taper=1.00 n=1)+HARD_RISK_CAP(2.0%)+MAXLOSS_CAP;213089.53;213089.17;37;0
2026.08.18 01:18:27;XAUUSD;5;1787015293;PENDING_DELETED;ticket=119693860 reason=oco_sell_triggered;POSITION_ACTIVE;SAFE;1;0;0;119693860;-1;0.00;0.28;0.28;0.00;0.00;KELLY_LITE;true;0.04;213089.53;0.0417;KELLY_LITE(mult=1.00 taper=1.00 n=1)+HARD_RISK_CAP(2.0%)+MAXLOSS_CAP;213089.53;213089.81;33;0
2026.08.18 01:18:27;XAUUSD;5;1787015293;HEDGE_BLOCK_CONFIRM;need=1 adverse bars;POSITION_ACTIVE;SAFE;1;0;1;-1;-1;4424.84;0.28;0.28;0.28;0.00;KELLY_LITE;true;0.04;213089.53;0.0417;KELLY_LITE(mult=1.00 taper=1.00 n=1)+HARD_RISK_CAP(2.0%)+MAXLOSS_CAP;213089.53;213089.81;33;0
2026.08.18 01:18:27;XAUUSD;5;1787015293;SL_MODIFIED;ticket=119693862 oldSL=4436.84 newSL=4426.84 reason=early_loss_hard_sl_leg_0;MANAGE_PROFIT;SAFE;1;0;1;-1;-1;4424.84;0.16;0.16;0.28;0.00;KELLY_LITE;true;0.04;213089.53;0.0417;KELLY_LITE(mult=1.00 taper=1.00 n=1)+HARD_RISK_CAP(2.0%)+MAXLOSS_CAP;213089.53;213089.69;33;0
2026.08.18 01:18:57;XAUUSD;5;1787015293;HEDGE_BLOCK_CONFIRM;need=1 adverse bars;MANAGE_PROFIT;SAFE;1;0;1;-1;-1;4424.84;-2.24;-2.24;2.76;-2.20;KELLY_LITE;true;0.04;213089.53;0.0417;KELLY_LITE(mult=1.00 taper=1.00 n=1)+HARD_RISK_CAP(2.0%)+MAXLOSS_CAP;213089.53;213087.29;33;0
2026.08.18 01:19:13;XAUUSD;5;1787015293;EXIT_EARLY_LOSS_CUT;profit=-9.24 peak=2.76 cap=8.00;MANAGE_PROFIT;SAFE;1;0;1;-1;-1;4424.84;-9.24;-9.24;2.76;-9.24;KELLY_LITE;true;0.04;213089.53;0.0417;KELLY_LITE(mult=1.00 taper=1.00 n=1)+HARD_RISK_CAP(2.0%)+MAXLOSS_CAP;213089.53;213080.29;33;0
2026.08.18 01:19:14;XAUUSD;5;1787015293;TRADELOG_RECOVER_CLOSE;ticket=119693862 type=main pnl=-8.00;RESET;SAFE;0;0;0;-1;-1;4424.84;0.00;0.00;2.76;-9.24;KELLY_LITE;true;0.04;213089.53;0.0417;KELLY_LITE(mult=1.00 taper=1.00 n=1)+HARD_RISK_CAP(2.0%)+MAXLOSS_CAP;213081.53;213081.53;33;0
2026.08.18 01:19:14;XAUUSD;5;1787015293;LOSS_COOLDOWN_AFTER_LOSS;cyclePnL=-8.00 pauseUntil=2026.08.18 01:24:14;RESET;SAFE;0;0;0;-1;-1;4424.84;0.00;0.00;2.76;-9.24;KELLY_LITE;true;0.04;213089.53;0.0417;KELLY_LITE(mult=1.00 taper=1.00 n=1)+HARD_RISK_CAP(2.0%)+MAXLOSS_CAP;213081.53;213081.53;33;0
2026.08.18 01:19:14;XAUUSD;5;1787015293;CYCLE_RESET;oldState=RESET realizedPnL=-8.00 peak=2.76 worst=-9.24 pyramid=0 consLosses=2;RESET;SAFE;0;0;0;-1;-1;4424.84;0.00;0.00;2.76;-9.24;KELLY_LITE;true;0.04;213089.53;0.0417;KELLY_LITE(mult=1.00 taper=1.00 n=1)+HARD_RISK_CAP(2.0%)+MAXLOSS_CAP;213081.53;213081.53;33;0
2026.08.18 01:24:15;XAUUSD;5;1787015294;PLACE_PENDING_START;cycle=1787015294 trend=0 consecLosses=2 preset=AGGRESSIVE;PLACE_PENDING;SAFE;0;0;0;-1;-1;0.00;0.00;0.00;0.00;0.00;KELLY_LITE;true;0.04;213089.53;0.0417;KELLY_LITE(mult=1.00 taper=1.00 n=1)+HARD_RISK_CAP(2.0%)+MAXLOSS_CAP;213081.53;213081.53;30;0
2026.08.18 01:24:16;XAUUSD;5;1787015294;OCO_PLACED;buy=119694893 4432.39 lot=0.04 sell=119694894 4428.73 lot=0.04 dist=1.68;WAIT_TRIGGER;SAFE;0;2;0;119694893;119694894;0.00;0.00;0.00;0.00;0.00;KELLY_LITE;true;0.04;213081.53;0.0417;KELLY_LITE(mult=1.00 taper=1.00 n=2)+CONSEC_REDUCE(0.50)+HARD_RISK_CAP(2.0%)+MAXLOSS_CAP;213081.53;213081.53;30;0
2026.08.18 01:24:18;XAUUSD;5;1787015294;BUY_STOP_TRAILED;Old=4432.39 New=4432.08;WAIT_TRIGGER;SAFE;0;2;0;119694893;119694894;0.00;0.00;0.00;0.00;0.00;KELLY_LITE;true;0.04;213081.53;0.0417;KELLY_LITE(mult=1.00 taper=1.00 n=2)+CONSEC_REDUCE(0.50)+HARD_RISK_CAP(2.0%)+MAXLOSS_CAP;213081.53;213081.53;33;0
2026.08.18 01:24:22;XAUUSD;5;1787015294;BUY_STOP_TRAILED;Old=4432.08 New=4431.72;WAIT_TRIGGER;SAFE;0;2;0;119694893;119694894;0.00;0.00;0.00;0.00;0.00;KELLY_LITE;true;0.04;213081.53;0.0417;KELLY_LITE(mult=1.00 taper=1.00 n=2)+CONSEC_REDUCE(0.50)+HARD_RISK_CAP(2.0%)+MAXLOSS_CAP;213081.53;213081.53;32;0
2026.08.18 01:24:24;XAUUSD;5;1787015294;BUY_STOP_TRAILED;Old=4431.72 New=4431.39;WAIT_TRIGGER;SAFE;0;2;0;119694893;119694894;0.00;0.00;0.00;0.00;0.00;KELLY_LITE;true;0.04;213081.53;0.0417;KELLY_LITE(mult=1.00 taper=1.00 n=2)+CONSEC_REDUCE(0.50)+HARD_RISK_CAP(2.0%)+MAXLOSS_CAP;213081.53;213081.53;31;0
2026.08.18 01:24:26;XAUUSD;5;1787015294;BUY_STOP_TRAILED;Old=4431.39 New=4431.02;WAIT_TRIGGER;SAFE;0;2;0;119694893;119694894;0.00;0.00;0.00;0.00;0.00;KELLY_LITE;true;0.04;213081.53;0.0417;KELLY_LITE(mult=1.00 taper=1.00 n=2)+CONSEC_REDUCE(0.50)+HARD_RISK_CAP(2.0%)+MAXLOSS_CAP;213081.53;213081.53;30;0
2026.08.18 01:24:43;XAUUSD;5;1787015294;OCO_TRIGGERED_SELL;ticket=119694894 entry=4428.73;POSITION_ACTIVE;SAFE;1;1;0;119694893;-1;0.00;1.84;0.56;0.00;0.00;KELLY_LITE;true;0.04;213081.53;0.0417;KELLY_LITE(mult=1.00 taper=1.00 n=2)+CONSEC_REDUCE(0.50)+HARD_RISK_CAP(2.0%)+MAXLOSS_CAP;213081.53;213083.37;32;0
2026.08.18 01:24:43;XAUUSD;5;1787015294;PENDING_DELETED;ticket=119694893 reason=oco_sell_triggered;POSITION_ACTIVE;SAFE;1;0;0;119694893;-1;0.00;1.64;1.64;0.00;0.00;KELLY_LITE;true;0.04;213081.53;0.0417;KELLY_LITE(mult=1.00 taper=1.00 n=2)+CONSEC_REDUCE(0.50)+HARD_RISK_CAP(2.0%)+MAXLOSS_CAP;213081.53;213083.17;30;0
2026.08.18 01:24:43;XAUUSD;5;1787015294;HEDGE_BLOCK_CONFIRM;need=1 adverse bars;POSITION_ACTIVE;SAFE;1;0;1;-1;-1;4428.73;1.64;1.64;1.64;0.00;KELLY_LITE;true;0.04;213081.53;0.0417;KELLY_LITE(mult=1.00 taper=1.00 n=2)+CONSEC_REDUCE(0.50)+HARD_RISK_CAP(2.0%)+MAXLOSS_CAP;213081.53;213083.17;30;0
2026.08.18 01:24:44;XAUUSD;5;1787015294;SL_MODIFIED;ticket=119694894 oldSL=4443.73 newSL=4430.73 reason=early_loss_hard_sl_leg_0;MANAGE_PROFIT;SAFE;1;0;1;-1;-1;4428.73;1.64;1.64;1.64;0.00;KELLY_LITE;true;0.04;213081.53;0.0417;KELLY_LITE(mult=1.00 taper=1.00 n=2)+CONSEC_REDUCE(0.50)+HARD_RISK_CAP(2.0%)+MAXLOSS_CAP;213081.53;213083.17;30;0
2026.08.18 01:25:13;XAUUSD;5;1787015294;HEDGE_BLOCK_CONFIRM;need=1 adverse bars;MANAGE_PROFIT;SAFE;1;0;1;-1;-1;4428.73;1.60;1.60;4.80;0.00;KELLY_LITE;true;0.04;213081.53;0.0417;KELLY_LITE(mult=1.00 taper=1.00 n=2)+CONSEC_REDUCE(0.50)+HARD_RISK_CAP(2.0%)+MAXLOSS_CAP;213081.53;213083.13;31;0
2026.08.18 01:25:43;XAUUSD;5;1787015294;HEDGE_BLOCK_CONFIRM;need=1 adverse bars;MANAGE_PROFIT;SAFE;1;0;1;-1;-1;4428.73;3.96;3.96;6.72;-0.04;KELLY_LITE;true;0.04;213081.53;0.0417;KELLY_LITE(mult=1.00 taper=1.00 n=2)+CONSEC_REDUCE(0.50)+HARD_RISK_CAP(2.0%)+MAXLOSS_CAP;213081.53;213085.49;30;0
2026.08.18 01:25:49;XAUUSD;5;1787015294;SL_MODIFIED;ticket=119694894 oldSL=4430.73 newSL=4427.35 reason=break_even_lock_leg_0 (retry buf=3pt);MANAGE_PROFIT;SAFE;1;0;1;-1;-1;4428.73;7.68;7.68;8.28;-0.04;KELLY_LITE;true;0.04;213081.53;0.0417;KELLY_LITE(mult=1.00 taper=1.00 n=2)+CONSEC_REDUCE(0.50)+HARD_RISK_CAP(2.0%)+MAXLOSS_CAP;213081.53;213089.21;33;0
2026.08.18 01:25:49;XAUUSD;5;1787015294;PROFIT_RATCHET_LOCKED;floor=3.52 peak=8.28;MANAGE_PROFIT;SAFE;1;0;1;-1;-1;4428.73;7.68;7.68;8.28;-0.04;KELLY_LITE;true;0.04;213081.53;0.0417;KELLY_LITE(mult=1.00 taper=1.00 n=2)+CONSEC_REDUCE(0.50)+HARD_RISK_CAP(2.0%)+MAXLOSS_CAP;213081.53;213089.21;33;0
2026.08.18 01:25:50;XAUUSD;5;1787015294;SL_MODIFIED;ticket=119694894 oldSL=4427.35 newSL=4427.33 reason=break_even_lock_leg_0;MANAGE_PROFIT;SAFE;1;0;1;-1;-1;4428.73;7.68;7.68;8.28;-0.04;KELLY_LITE;true;0.04;213081.53;0.0417;KELLY_LITE(mult=1.00 taper=1.00 n=2)+CONSEC_REDUCE(0.50)+HARD_RISK_CAP(2.0%)+MAXLOSS_CAP;213081.53;213089.21;33;0
2026.08.18 01:25:50;XAUUSD;5;1787015294;PROFIT_RATCHET_LOCKED;floor=3.52 peak=8.28;MANAGE_PROFIT;SAFE;1;0;1;-1;-1;4428.73;7.68;7.68;8.28;-0.04;KELLY_LITE;true;0.04;213081.53;0.0417;KELLY_LITE(mult=1.00 taper=1.00 n=2)+CONSEC_REDUCE(0.50)+HARD_RISK_CAP(2.0%)+MAXLOSS_CAP;213081.53;213089.21;33;0
2026.08.18 01:25:50;XAUUSD;5;1787015294;EXIT_TIERED_TRAIL;profit=6.96 peak=8.28 allowedRetrace=1.24;MANAGE_PROFIT;SAFE;1;0;1;-1;-1;4428.73;6.96;6.96;8.28;-0.04;KELLY_LITE;true;0.04;213081.53;0.0417;KELLY_LITE(mult=1.00 taper=1.00 n=2)+CONSEC_REDUCE(0.50)+HARD_RISK_CAP(2.0%)+MAXLOSS_CAP;213081.53;213088.49;30;0
2026.08.18 01:25:51;XAUUSD;5;1787015294;POSITION_CLOSED;ticket=119694894 reason=tiered_profit_trail lots=0.04 price=4426.99 pnl=6.96;MANAGE_PROFIT;SAFE;0;0;1;-1;-1;4428.73;0.00;0.00;8.28;-0.04;KELLY_LITE;true;0.04;213081.53;0.0417;KELLY_LITE(mult=1.00 taper=1.00 n=2)+CONSEC_REDUCE(0.50)+HARD_RISK_CAP(2.0%)+MAXLOSS_CAP;213087.77;213087.77;31;0
2026.08.18 01:25:51;XAUUSD;5;1787015294;CYCLE_RESET;oldState=RESET realizedPnL=6.24 peak=8.28 worst=-0.04 pyramid=0 consLosses=0;RESET;SAFE;0;0;0;-1;-1;4428.73;0.00;0.00;8.28;-0.04;KELLY_LITE;true;0.04;213081.53;0.0417;KELLY_LITE(mult=1.00 taper=1.00 n=2)+CONSEC_REDUCE(0.50)+HARD_RISK_CAP(2.0%)+MAXLOSS_CAP;213087.77;213087.77;31;0
2026.08.18 01:30:51;XAUUSD;5;1787015295;PLACE_PENDING_START;cycle=1787015295 trend=0 consecLosses=0 preset=AGGRESSIVE;PLACE_PENDING;SAFE;0;0;0;-1;-1;0.00;0.00;0.00;0.00;0.00;KELLY_LITE;true;0.04;213081.53;0.0417;KELLY_LITE(mult=1.00 taper=1.00 n=2)+CONSEC_REDUCE(0.50)+HARD_RISK_CAP(2.0%)+MAXLOSS_CAP;213087.77;213087.77;33;0
2026.08.18 01:30:51;XAUUSD;5;1787015295;OCO_PLACED;buy=119695651 4431.98 lot=0.04 sell=119695652 4428.13 lot=0.04 dist=1.76;WAIT_TRIGGER;SAFE;0;2;0;119695651;119695652;0.00;0.00;0.00;0.00;0.00;KELLY_LITE;true;0.04;213087.77;0.0417;KELLY_LITE(mult=1.00 taper=1.00 n=3)+HARD_RISK_CAP(2.0%)+MAXLOSS_CAP;213087.77;213087.77;33;0
2026.08.18 01:30:54;XAUUSD;5;1787015295;BUY_STOP_TRAILED;Old=4431.98 New=4431.54;WAIT_TRIGGER;SAFE;0;2;0;119695651;119695652;0.00;0.00;0.00;0.00;0.00;KELLY_LITE;true;0.04;213087.77;0.0417;KELLY_LITE(mult=1.00 taper=1.00 n=3)+HARD_RISK_CAP(2.0%)+MAXLOSS_CAP;213087.77;213087.77;33;0
2026.08.18 01:30:59;XAUUSD;5;1787015295;BUY_STOP_TRAILED;Old=4431.54 New=4430.86;WAIT_TRIGGER;SAFE;0;2;0;119695651;119695652;0.00;0.00;0.00;0.00;0.00;KELLY_LITE;true;0.04;213087.77;0.0417;KELLY_LITE(mult=1.00 taper=1.00 n=3)+HARD_RISK_CAP(2.0%)+MAXLOSS_CAP;213087.77;213087.77;33;0
2026.08.18 01:32:12;XAUUSD;5;1787015295;BUY_STOP_TRAILED;Old=4430.86 New=4430.54;WAIT_TRIGGER;SAFE;0;2;0;119695651;119695652;0.00;0.00;0.00;0.00;0.00;KELLY_LITE;true;0.04;213087.77;0.0417;KELLY_LITE(mult=1.00 taper=1.00 n=3)+HARD_RISK_CAP(2.0%)+MAXLOSS_CAP;213087.77;213087.77;33;0
2026.08.18 01:33:11;XAUUSD;5;1787015295;OCO_TRIGGERED_BUY;ticket=119695651 entry=4430.54;POSITION_ACTIVE;SAFE;1;1;0;-1;119695652;0.00;-1.12;-1.12;0.00;0.00;KELLY_LITE;true;0.04;213087.77;0.0417;KELLY_LITE(mult=1.00 taper=1.00 n=3)+HARD_RISK_CAP(2.0%)+MAXLOSS_CAP;213087.77;213086.65;33;0
2026.08.18 01:33:12;XAUUSD;5;1787015295;PENDING_DELETED;ticket=119695652 reason=oco_buy_triggered;POSITION_ACTIVE;SAFE;1;0;0;-1;119695652;0.00;-1.16;-1.16;0.00;0.00;KELLY_LITE;true;0.04;213087.77;0.0417;KELLY_LITE(mult=1.00 taper=1.00 n=3)+HARD_RISK_CAP(2.0%)+MAXLOSS_CAP;213087.77;213086.61;33;0
2026.08.18 01:33:12;XAUUSD;5;1787015295;HEDGE_BLOCK_CONFIRM;need=1 adverse bars;POSITION_ACTIVE;SAFE;1;0;1;-1;-1;4430.54;-1.16;-1.16;0.00;-1.16;KELLY_LITE;true;0.04;213087.77;0.0417;KELLY_LITE(mult=1.00 taper=1.00 n=3)+HARD_RISK_CAP(2.0%)+MAXLOSS_CAP;213087.77;213086.61;33;0
2026.08.18 01:33:12;XAUUSD;5;1787015295;SL_MODIFIED;ticket=119695651 oldSL=4418.54 newSL=4428.54 reason=early_loss_hard_sl_leg_0;MANAGE_PROFIT;SAFE;1;0;1;-1;-1;4430.54;-0.80;-0.80;0.00;-1.16;KELLY_LITE;true;0.04;213087.77;0.0417;KELLY_LITE(mult=1.00 taper=1.00 n=3)+HARD_RISK_CAP(2.0%)+MAXLOSS_CAP;213087.77;213086.97;33;0
2026.08.18 01:33:42;XAUUSD;5;1787015295;HEDGE_BLOCK_CONFIRM;need=1 adverse bars;MANAGE_PROFIT;SAFE;1;0;1;-1;-1;4430.54;-1.24;-1.24;1.36;-2.12;KELLY_LITE;true;0.04;213087.77;0.0417;KELLY_LITE(mult=1.00 taper=1.00 n=3)+HARD_RISK_CAP(2.0%)+MAXLOSS_CAP;213087.77;213086.53;33;0
2026.08.18 01:34:12;XAUUSD;5;1787015295;HEDGE_BLOCK_CONFIRM;need=1 adverse bars;MANAGE_PROFIT;SAFE;1;0;1;-1;-1;4430.54;-3.16;-3.16;1.36;-3.04;KELLY_LITE;true;0.04;213087.77;0.0417;KELLY_LITE(mult=1.00 taper=1.00 n=3)+HARD_RISK_CAP(2.0%)+MAXLOSS_CAP;213087.77;213084.61;33;0
2026.08.18 01:34:42;XAUUSD;5;1787015295;HEDGE_BLOCK_CONFIRM;need=1 adverse bars;MANAGE_PROFIT;SAFE;1;0;1;-1;-1;4430.54;-0.56;-0.56;1.36;-3.64;KELLY_LITE;true;0.04;213087.77;0.0417;KELLY_LITE(mult=1.00 taper=1.00 n=3)+HARD_RISK_CAP(2.0%)+MAXLOSS_CAP;213087.77;213087.21;33;0
2026.08.18 01:35:12;XAUUSD;5;1787015295;HEDGE_BLOCK_CONFIRM;need=1 adverse bars;MANAGE_PROFIT;SAFE;1;0;1;-1;-1;4430.54;1.36;1.36;5.36;-3.64;KELLY_LITE;true;0.04;213087.77;0.0417;KELLY_LITE(mult=1.00 taper=1.00 n=3)+HARD_RISK_CAP(2.0%)+MAXLOSS_CAP;213087.77;213089.13;33;0
2026.08.18 01:35:42;XAUUSD;5;1787015295;HEDGE_BLOCK_CONFIRM;need=1 adverse bars;MANAGE_PROFIT;SAFE;1;0;1;-1;-1;4430.54;0.16;0.16;5.36;-3.64;KELLY_LITE;true;0.04;213087.77;0.0417;KELLY_LITE(mult=1.00 taper=1.00 n=3)+HARD_RISK_CAP(2.0%)+MAXLOSS_CAP;213087.77;213087.93;33;0
2026.08.18 01:36:12;XAUUSD;5;1787015295;HEDGE_BLOCK_CONFIRM;need=1 adverse bars;MANAGE_PROFIT;SAFE;1;0;1;-1;-1;4430.54;2.28;2.28;5.36;-3.64;KELLY_LITE;true;0.04;213087.77;0.0417;KELLY_LITE(mult=1.00 taper=1.00 n=3)+HARD_RISK_CAP(2.0%)+MAXLOSS_CAP;213087.77;213090.05;33;0
2026.08.18 01:36:42;XAUUSD;5;1787015295;HEDGE_BLOCK_CONFIRM;need=1 adverse bars;MANAGE_PROFIT;SAFE;1;0;1;-1;-1;4430.54;1.72;1.72;5.36;-3.64;KELLY_LITE;true;0.04;213087.77;0.0417;KELLY_LITE(mult=1.00 taper=1.00 n=3)+HARD_RISK_CAP(2.0%)+MAXLOSS_CAP;213087.77;213089.49;33;0
2026.08.18 01:37:12;XAUUSD;5;1787015295;HEDGE_BLOCK_CONFIRM;need=1 adverse bars;MANAGE_PROFIT;SAFE;1;0;1;-1;-1;4430.54;3.44;3.44;5.36;-3.64;KELLY_LITE;true;0.04;213087.77;0.0417;KELLY_LITE(mult=1.00 taper=1.00 n=3)+HARD_RISK_CAP(2.0%)+MAXLOSS_CAP;213087.77;213091.21;33;0
2026.08.18 01:37:42;XAUUSD;5;1787015295;HEDGE_BLOCK_CONFIRM;need=1 adverse bars;MANAGE_PROFIT;SAFE;1;0;1;-1;-1;4430.54;5.00;5.00;5.36;-3.64;KELLY_LITE;true;0.04;213087.77;0.0417;KELLY_LITE(mult=1.00 taper=1.00 n=3)+HARD_RISK_CAP(2.0%)+MAXLOSS_CAP;213087.77;213092.77;33;0
2026.08.18 01:37:44;XAUUSD;5;1787015295;SL_MODIFIED;ticket=119695651 oldSL=4428.54 newSL=4432.04 reason=break_even_lock_leg_0;MANAGE_PROFIT;SAFE;1;0;1;-1;-1;4430.54;8.64;8.64;8.08;-3.64;KELLY_LITE;true;0.04;213087.77;0.0417;KELLY_LITE(mult=1.00 taper=1.00 n=3)+HARD_RISK_CAP(2.0%)+MAXLOSS_CAP;213087.77;213096.41;33;0
2026.08.18 01:37:44;XAUUSD;5;1787015295;PROFIT_RATCHET_LOCKED;floor=3.43 peak=8.08;MANAGE_PROFIT;SAFE;1;0;1;-1;-1;4430.54;8.64;8.64;8.08;-3.64;KELLY_LITE;true;0.04;213087.77;0.0417;KELLY_LITE(mult=1.00 taper=1.00 n=3)+HARD_RISK_CAP(2.0%)+MAXLOSS_CAP;213087.77;213096.41;33;0
2026.08.18 01:37:45;XAUUSD;5;1787015295;SL_MODIFIED;ticket=119695651 oldSL=4432.04 newSL=4432.18 reason=break_even_lock_leg_0;MANAGE_PROFIT;SAFE;1;0;1;-1;-1;4430.54;9.60;9.60;8.64;-3.64;KELLY_LITE;true;0.04;213087.77;0.0417;KELLY_LITE(mult=1.00 taper=1.00 n=3)+HARD_RISK_CAP(2.0%)+MAXLOSS_CAP;213087.77;213097.37;30;0
2026.08.18 01:37:45;XAUUSD;5;1787015295;PROFIT_RATCHET_LOCKED;floor=3.67 peak=8.64;MANAGE_PROFIT;SAFE;1;0;1;-1;-1;4430.54;9.60;9.60;8.64;-3.64;KELLY_LITE;true;0.04;213087.77;0.0417;KELLY_LITE(mult=1.00 taper=1.00 n=3)+HARD_RISK_CAP(2.0%)+MAXLOSS_CAP;213087.77;213097.37;30;0
2026.08.18 01:37:46;XAUUSD;5;1787015295;SL_MODIFIED;ticket=119695651 oldSL=4432.18 newSL=4432.42 reason=break_even_lock_leg_0;MANAGE_PROFIT;SAFE;1;0;1;-1;-1;4430.54;9.52;9.52;9.60;-3.64;KELLY_LITE;true;0.04;213087.77;0.0417;KELLY_LITE(mult=1.00 taper=1.00 n=3)+HARD_RISK_CAP(2.0%)+MAXLOSS_CAP;213087.77;213097.29;30;0
2026.08.18 01:37:46;XAUUSD;5;1787015295;PROFIT_RATCHET_LOCKED;floor=4.08 peak=9.60;MANAGE_PROFIT;SAFE;1;0;1;-1;-1;4430.54;9.52;9.52;9.60;-3.64;KELLY_LITE;true;0.04;213087.77;0.0417;KELLY_LITE(mult=1.00 taper=1.00 n=3)+HARD_RISK_CAP(2.0%)+MAXLOSS_CAP;213087.77;213097.29;30;0
2026.08.18 01:37:46;XAUUSD;5;1787015295;PROFIT_RATCHET_LOCKED;floor=4.08 peak=9.60;MANAGE_PROFIT;SAFE;1;0;1;-1;-1;4430.54;9.52;9.52;9.60;-3.64;KELLY_LITE;true;0.04;213087.77;0.0417;KELLY_LITE(mult=1.00 taper=1.00 n=3)+HARD_RISK_CAP(2.0%)+MAXLOSS_CAP;213087.77;213097.29;30;0
2026.08.18 01:37:47;XAUUSD;5;1787015295;SL_MODIFIED;ticket=119695651 oldSL=4432.42 newSL=4432.45 reason=break_even_lock_leg_0 (retry buf=3pt);MANAGE_PROFIT;SAFE;1;0;1;-1;-1;4430.54;9.84;9.84;9.88;-3.64;KELLY_LITE;true;0.04;213087.77;0.0417;KELLY_LITE(mult=1.00 taper=1.00 n=3)+HARD_RISK_CAP(2.0%)+MAXLOSS_CAP;213087.77;213097.61;30;0
2026.08.18 01:37:47;XAUUSD;5;1787015295;PROFIT_RATCHET_LOCKED;floor=4.20 peak=9.88;MANAGE_PROFIT;SAFE;1;0;1;-1;-1;4430.54;9.84;9.84;9.88;-3.64;KELLY_LITE;true;0.04;213087.77;0.0417;KELLY_LITE(mult=1.00 taper=1.00 n=3)+HARD_RISK_CAP(2.0%)+MAXLOSS_CAP;213087.77;213097.61;30;0
2026.08.18 01:37:47;XAUUSD;5;1787015295;SL_MODIFIED;ticket=119695651 oldSL=4432.45 newSL=4432.48 reason=break_even_lock_leg_0;MANAGE_PROFIT;SAFE;1;0;1;-1;-1;4430.54;9.76;9.76;9.88;-3.64;KELLY_LITE;true;0.04;213087.77;0.0417;KELLY_LITE(mult=1.00 taper=1.00 n=3)+HARD_RISK_CAP(2.0%)+MAXLOSS_CAP;213087.77;213097.53;30;0
2026.08.18 01:37:47;XAUUSD;5;1787015295;PROFIT_RATCHET_LOCKED;floor=4.20 peak=9.88;MANAGE_PROFIT;SAFE;1;0;1;-1;-1;4430.54;9.76;9.76;9.88;-3.64;KELLY_LITE;true;0.04;213087.77;0.0417;KELLY_LITE(mult=1.00 taper=1.00 n=3)+HARD_RISK_CAP(2.0%)+MAXLOSS_CAP;213087.77;213097.53;30;0
2026.08.18 01:37:47;XAUUSD;5;1787015295;PROFIT_RATCHET_LOCKED;floor=4.20 peak=9.88;MANAGE_PROFIT;SAFE;1;0;1;-1;-1;4430.54;9.76;9.76;9.88;-3.64;KELLY_LITE;true;0.04;213087.77;0.0417;KELLY_LITE(mult=1.00 taper=1.00 n=3)+HARD_RISK_CAP(2.0%)+MAXLOSS_CAP;213087.77;213097.53;30;0
2026.08.18 01:37:48;XAUUSD;5;1787015295;PROFIT_RATCHET_LOCKED;floor=4.20 peak=9.88;MANAGE_PROFIT;SAFE;1;0;1;-1;-1;4430.54;9.76;9.76;9.88;-3.64;KELLY_LITE;true;0.04;213087.77;0.0417;KELLY_LITE(mult=1.00 taper=1.00 n=3)+HARD_RISK_CAP(2.0%)+MAXLOSS_CAP;213087.77;213097.53;33;0
2026.08.18 01:37:49;XAUUSD;5;1787015295;SL_MODIFIED;ticket=119695651 oldSL=4432.48 newSL=4432.50 reason=break_even_lock_leg_0;MANAGE_PROFIT;SAFE;1;0;1;-1;-1;4430.54;11.12;11.12;9.92;-3.64;KELLY_LITE;true;0.04;213087.77;0.0417;KELLY_LITE(mult=1.00 taper=1.00 n=3)+HARD_RISK_CAP(2.0%)+MAXLOSS_CAP;213087.77;213098.89;31;0
2026.08.18 01:37:49;XAUUSD;5;1787015295;PROFIT_RATCHET_LOCKED;floor=4.22 peak=9.92;MANAGE_PROFIT;SAFE;1;0;1;-1;-1;4430.54;11.12;11.12;9.92;-3.64;KELLY_LITE;true;0.04;213087.77;0.0417;KELLY_LITE(mult=1.00 taper=1.00 n=3)+HARD_RISK_CAP(2.0%)+MAXLOSS_CAP;213087.77;213098.89;31;0
2026.08.18 01:37:49;XAUUSD;5;1787015295;SL_MODIFIED;ticket=119695651 oldSL=4432.50 newSL=4432.80 reason=break_even_lock_leg_0;MANAGE_PROFIT;SAFE;1;0;1;-1;-1;4430.54;11.16;11.16;11.12;-3.64;KELLY_LITE;true;0.04;213087.77;0.0417;KELLY_LITE(mult=1.00 taper=1.00 n=3)+HARD_RISK_CAP(2.0%)+MAXLOSS_CAP;213087.77;213098.93;33;0
2026.08.18 01:37:49;XAUUSD;5;1787015295;PROFIT_RATCHET_LOCKED;floor=4.73 peak=11.12;MANAGE_PROFIT;SAFE;1;0;1;-1;-1;4430.54;11.16;11.16;11.12;-3.64;KELLY_LITE;true;0.04;213087.77;0.0417;KELLY_LITE(mult=1.00 taper=1.00 n=3)+HARD_RISK_CAP(2.0%)+MAXLOSS_CAP;213087.77;213098.93;33;0
2026.08.18 01:37:49;XAUUSD;5;1787015295;PROFIT_RATCHET_LOCKED;floor=4.74 peak=11.16;MANAGE_PROFIT;SAFE;1;0;1;-1;-1;4430.54;11.16;11.16;11.16;-3.64;KELLY_LITE;true;0.04;213087.77;0.0417;KELLY_LITE(mult=1.00 taper=1.00 n=3)+HARD_RISK_CAP(2.0%)+MAXLOSS_CAP;213087.77;213098.93;33;0
2026.08.18 01:37:51;XAUUSD;5;1787015295;SL_MODIFY_FAILED;ticket=119695651 newSL=4432.84 reason=break_even_lock_leg_0 err=0;MANAGE_PROFIT;SAFE;1;0;1;-1;-1;4430.54;10.88;10.88;11.28;-3.64;KELLY_LITE;true;0.04;213087.77;0.0417;KELLY_LITE(mult=1.00 taper=1.00 n=3)+HARD_RISK_CAP(2.0%)+MAXLOSS_CAP;213087.77;213098.65;33;0
2026.08.18 01:37:51;XAUUSD;5;1787015295;PROFIT_RATCHET_LOCKED;floor=4.79 peak=11.28;MANAGE_PROFIT;SAFE;1;0;1;-1;-1;4430.54;10.88;10.88;11.28;-3.64;KELLY_LITE;true;0.04;213087.77;0.0417;KELLY_LITE(mult=1.00 taper=1.00 n=3)+HARD_RISK_CAP(2.0%)+MAXLOSS_CAP;213087.77;213098.65;33;0
2026.08.18 01:37:51;XAUUSD;5;1787015295;PROFIT_RATCHET_LOCKED;floor=4.79 peak=11.28;MANAGE_PROFIT;SAFE;1;0;1;-1;-1;4430.54;10.88;10.88;11.28;-3.64;KELLY_LITE;true;0.04;213087.77;0.0417;KELLY_LITE(mult=1.00 taper=1.00 n=3)+HARD_RISK_CAP(2.0%)+MAXLOSS_CAP;213087.77;213098.65;33;0
2026.08.18 01:37:51;XAUUSD;5;1787015295;PROFIT_RATCHET_LOCKED;floor=4.79 peak=11.28;MANAGE_PROFIT;SAFE;1;0;1;-1;-1;4430.54;10.24;10.24;11.28;-3.64;KELLY_LITE;true;0.04;213087.77;0.0417;KELLY_LITE(mult=1.00 taper=1.00 n=3)+HARD_RISK_CAP(2.0%)+MAXLOSS_CAP;213087.77;213098.01;33;0
2026.08.18 01:37:52;XAUUSD;5;1787015295;PROFIT_RATCHET_LOCKED;floor=4.79 peak=11.28;MANAGE_PROFIT;SAFE;1;0;1;-1;-1;4430.54;10.20;10.20;11.28;-3.64;KELLY_LITE;true;0.04;213087.77;0.0417;KELLY_LITE(mult=1.00 taper=1.00 n=3)+HARD_RISK_CAP(2.0%)+MAXLOSS_CAP;213087.77;213097.97;33;0
2026.08.18 01:37:52;XAUUSD;5;1787015295;PROFIT_RATCHET_LOCKED;floor=4.79 peak=11.28;MANAGE_PROFIT;SAFE;1;0;1;-1;-1;4430.54;10.12;10.12;11.28;-3.64;KELLY_LITE;true;0.04;213087.77;0.0417;KELLY_LITE(mult=1.00 taper=1.00 n=3)+HARD_RISK_CAP(2.0%)+MAXLOSS_CAP;213087.77;213097.89;33;0
2026.08.18 01:37:52;XAUUSD;5;1787015295;PROFIT_RATCHET_LOCKED;floor=4.79 peak=11.28;MANAGE_PROFIT;SAFE;1;0;1;-1;-1;4430.54;10.08;10.08;11.28;-3.64;KELLY_LITE;true;0.04;213087.77;0.0417;KELLY_LITE(mult=1.00 taper=1.00 n=3)+HARD_RISK_CAP(2.0%)+MAXLOSS_CAP;213087.77;213097.85;33;0
2026.08.18 01:37:52;XAUUSD;5;1787015295;PROFIT_RATCHET_LOCKED;floor=4.79 peak=11.28;MANAGE_PROFIT;SAFE;1;0;1;-1;-1;4430.54;10.68;10.68;11.28;-3.64;KELLY_LITE;true;0.04;213087.77;0.0417;KELLY_LITE(mult=1.00 taper=1.00 n=3)+HARD_RISK_CAP(2.0%)+MAXLOSS_CAP;213087.77;213098.45;33;0
2026.08.18 01:37:53;XAUUSD;5;1787015295;PROFIT_RATCHET_LOCKED;floor=4.79 peak=11.28;MANAGE_PROFIT;SAFE;1;0;1;-1;-1;4430.54;11.08;11.08;11.28;-3.64;KELLY_LITE;true;0.04;213087.77;0.0417;KELLY_LITE(mult=1.00 taper=1.00 n=3)+HARD_RISK_CAP(2.0%)+MAXLOSS_CAP;213087.77;213098.85;33;0
2026.08.18 01:37:53;XAUUSD;5;1787015295;PROFIT_RATCHET_LOCKED;floor=4.79 peak=11.28;MANAGE_PROFIT;SAFE;1;0;1;-1;-1;4430.54;10.96;10.96;11.28;-3.64;KELLY_LITE;true;0.04;213087.77;0.0417;KELLY_LITE(mult=1.00 taper=1.00 n=3)+HARD_RISK_CAP(2.0%)+MAXLOSS_CAP;213087.77;213098.73;33;0
2026.08.18 01:37:54;XAUUSD;5;1787015295;PROFIT_RATCHET_LOCKED;floor=4.91 peak=11.56;MANAGE_PROFIT;SAFE;1;0;1;-1;-1;4430.54;10.96;10.96;11.56;-3.64;KELLY_LITE;true;0.04;213087.77;0.0417;KELLY_LITE(mult=1.00 taper=1.00 n=3)+HARD_RISK_CAP(2.0%)+MAXLOSS_CAP;213087.77;213098.73;33;0
2026.08.18 01:37:54;XAUUSD;5;1787015295;PROFIT_RATCHET_LOCKED;floor=4.91 peak=11.56;MANAGE_PROFIT;SAFE;1;0;1;-1;-1;4430.54;10.96;10.96;11.56;-3.64;KELLY_LITE;true;0.04;213087.77;0.0417;KELLY_LITE(mult=1.00 taper=1.00 n=3)+HARD_RISK_CAP(2.0%)+MAXLOSS_CAP;213087.77;213098.73;33;0
2026.08.18 01:37:55;XAUUSD;5;1787015295;PROFIT_RATCHET_LOCKED;floor=4.91 peak=11.56;MANAGE_PROFIT;SAFE;1;0;1;-1;-1;4430.54;10.60;10.60;11.56;-3.64;KELLY_LITE;true;0.04;213087.77;0.0417;KELLY_LITE(mult=1.00 taper=1.00 n=3)+HARD_RISK_CAP(2.0%)+MAXLOSS_CAP;213087.77;213098.37;33;0
2026.08.18 01:37:55;XAUUSD;5;1787015295;PROFIT_RATCHET_LOCKED;floor=4.91 peak=11.56;MANAGE_PROFIT;SAFE;1;0;1;-1;-1;4430.54;10.60;10.60;11.56;-3.64;KELLY_LITE;true;0.04;213087.77;0.0417;KELLY_LITE(mult=1.00 taper=1.00 n=3)+HARD_RISK_CAP(2.0%)+MAXLOSS_CAP;213087.77;213098.37;33;0
2026.08.18 01:37:55;XAUUSD;5;1787015295;PROFIT_RATCHET_LOCKED;floor=4.91 peak=11.56;MANAGE_PROFIT;SAFE;1;0;1;-1;-1;4430.54;10.44;10.44;11.56;-3.64;KELLY_LITE;true;0.04;213087.77;0.0417;KELLY_LITE(mult=1.00 taper=1.00 n=3)+HARD_RISK_CAP(2.0%)+MAXLOSS_CAP;213087.77;213098.21;33;0
2026.08.18 01:37:55;XAUUSD;5;1787015295;PROFIT_RATCHET_LOCKED;floor=4.91 peak=11.56;MANAGE_PROFIT;SAFE;1;0;1;-1;-1;4430.54;10.60;10.60;11.56;-3.64;KELLY_LITE;true;0.04;213087.77;0.0417;KELLY_LITE(mult=1.00 taper=1.00 n=3)+HARD_RISK_CAP(2.0%)+MAXLOSS_CAP;213087.77;213098.37;33;0
2026.08.18 01:37:56;XAUUSD;5;1787015295;PROFIT_RATCHET_LOCKED;floor=4.91 peak=11.56;MANAGE_PROFIT;SAFE;1;0;1;-1;-1;4430.54;10.28;10.28;11.56;-3.64;KELLY_LITE;true;0.04;213087.77;0.0417;KELLY_LITE(mult=1.00 taper=1.00 n=3)+HARD_RISK_CAP(2.0%)+MAXLOSS_CAP;213087.77;213098.05;33;0
2026.08.18 01:37:56;XAUUSD;5;1787015295;PROFIT_RATCHET_LOCKED;floor=4.91 peak=11.56;MANAGE_PROFIT;SAFE;1;0;1;-1;-1;4430.54;10.32;10.32;11.56;-3.64;KELLY_LITE;true;0.04;213087.77;0.0417;KELLY_LITE(mult=1.00 taper=1.00 n=3)+HARD_RISK_CAP(2.0%)+MAXLOSS_CAP;213087.77;213098.09;33;0
2026.08.18 01:37:56;XAUUSD;5;1787015295;PROFIT_RATCHET_LOCKED;floor=4.91 peak=11.56;MANAGE_PROFIT;SAFE;1;0;1;-1;-1;4430.54;10.36;10.36;11.56;-3.64;KELLY_LITE;true;0.04;213087.77;0.0417;KELLY_LITE(mult=1.00 taper=1.00 n=3)+HARD_RISK_CAP(2.0%)+MAXLOSS_CAP;213087.77;213098.13;33;0
2026.08.18 01:37:57;XAUUSD;5;1787015295;PROFIT_RATCHET_LOCKED;floor=4.91 peak=11.56;MANAGE_PROFIT;SAFE;1;0;1;-1;-1;4430.54;10.32;10.32;11.56;-3.64;KELLY_LITE;true;0.04;213087.77;0.0417;KELLY_LITE(mult=1.00 taper=1.00 n=3)+HARD_RISK_CAP(2.0%)+MAXLOSS_CAP;213087.77;213098.09;33;0
2026.08.18 01:37:57;XAUUSD;5;1787015295;PROFIT_RATCHET_LOCKED;floor=4.91 peak=11.56;MANAGE_PROFIT;SAFE;1;0;1;-1;-1;4430.54;10.24;10.24;11.56;-3.64;KELLY_LITE;true;0.04;213087.77;0.0417;KELLY_LITE(mult=1.00 taper=1.00 n=3)+HARD_RISK_CAP(2.0%)+MAXLOSS_CAP;213087.77;213098.01;33;0
2026.08.18 01:37:57;XAUUSD;5;1787015295;PROFIT_RATCHET_LOCKED;floor=4.91 peak=11.56;MANAGE_PROFIT;SAFE;1;0;1;-1;-1;4430.54;10.56;10.56;11.56;-3.64;KELLY_LITE;true;0.04;213087.77;0.0417;KELLY_LITE(mult=1.00 taper=1.00 n=3)+HARD_RISK_CAP(2.0%)+MAXLOSS_CAP;213087.77;213098.33;33;0
2026.08.18 01:37:57;XAUUSD;5;1787015295;PROFIT_RATCHET_LOCKED;floor=4.91 peak=11.56;MANAGE_PROFIT;SAFE;1;0;1;-1;-1;4430.54;10.52;10.52;11.56;-3.64;KELLY_LITE;true;0.04;213087.77;0.0417;KELLY_LITE(mult=1.00 taper=1.00 n=3)+HARD_RISK_CAP(2.0%)+MAXLOSS_CAP;213087.77;213098.29;33;0
2026.08.18 01:37:58;XAUUSD;5;1787015295;PROFIT_RATCHET_LOCKED;floor=4.91 peak=11.56;MANAGE_PROFIT;SAFE;1;0;1;-1;-1;4430.54;10.56;10.56;11.56;-3.64;KELLY_LITE;true;0.04;213087.77;0.0417;KELLY_LITE(mult=1.00 taper=1.00 n=3)+HARD_RISK_CAP(2.0%)+MAXLOSS_CAP;213087.77;213098.33;33;0
2026.08.18 01:37:58;XAUUSD;5;1787015295;PROFIT_RATCHET_LOCKED;floor=4.91 peak=11.56;MANAGE_PROFIT;SAFE;1;0;1;-1;-1;4430.54;10.44;10.44;11.56;-3.64;KELLY_LITE;true;0.04;213087.77;0.0417;KELLY_LITE(mult=1.00 taper=1.00 n=3)+HARD_RISK_CAP(2.0%)+MAXLOSS_CAP;213087.77;213098.21;33;0
2026.08.18 01:37:58;XAUUSD;5;1787015295;PROFIT_RATCHET_LOCKED;floor=4.91 peak=11.56;MANAGE_PROFIT;SAFE;1;0;1;-1;-1;4430.54;10.24;10.24;11.56;-3.64;KELLY_LITE;true;0.04;213087.77;0.0417;KELLY_LITE(mult=1.00 taper=1.00 n=3)+HARD_RISK_CAP(2.0%)+MAXLOSS_CAP;213087.77;213098.01;33;0
2026.08.18 01:37:58;XAUUSD;5;1787015295;EXIT_TIERED_TRAIL;profit=10.16 peak=11.56 allowedRetrace=1.39;MANAGE_PROFIT;SAFE;1;0;1;-1;-1;4430.54;10.16;10.16;11.56;-3.64;KELLY_LITE;true;0.04;213087.77;0.0417;KELLY_LITE(mult=1.00 taper=1.00 n=3)+HARD_RISK_CAP(2.0%)+MAXLOSS_CAP;213087.77;213097.93;33;0
2026.08.18 01:37:59;XAUUSD;5;1787015295;POSITION_CLOSED;ticket=119695651 reason=tiered_profit_trail lots=0.04 price=4433.08 pnl=10.16;MANAGE_PROFIT;SAFE;0;0;1;-1;-1;4430.54;0.00;0.00;11.56;-3.64;KELLY_LITE;true;0.04;213087.77;0.0417;KELLY_LITE(mult=1.00 taper=1.00 n=3)+HARD_RISK_CAP(2.0%)+MAXLOSS_CAP;213097.97;213097.97;33;0
2026.08.18 01:37:59;XAUUSD;5;1787015295;CYCLE_RESET;oldState=RESET realizedPnL=10.20 peak=11.56 worst=-3.64 pyramid=0 consLosses=0;RESET;SAFE;0;0;0;-1;-1;4430.54;0.00;0.00;11.56;-3.64;KELLY_LITE;true;0.04;213087.77;0.0417;KELLY_LITE(mult=1.00 taper=1.00 n=3)+HARD_RISK_CAP(2.0%)+MAXLOSS_CAP;213097.97;213097.97;33;0
2026.08.18 01:42:59;XAUUSD;5;1787015296;PLACE_PENDING_START;cycle=1787015296 trend=0 consecLosses=0 preset=AGGRESSIVE;PLACE_PENDING;SAFE;0;0;0;-1;-1;0.00;0.00;0.00;0.00;0.00;KELLY_LITE;true;0.04;213087.77;0.0417;KELLY_LITE(mult=1.00 taper=1.00 n=3)+HARD_RISK_CAP(2.0%)+MAXLOSS_CAP;213097.97;213097.97;33;0
2026.08.18 01:43:00;XAUUSD;5;1787015296;OCO_PLACED;buy=119696457 4430.92 lot=0.04 sell=119696459 4426.91 lot=0.04 dist=1.84;WAIT_TRIGGER;SAFE;0;2;0;119696457;119696459;0.00;0.00;0.00;0.00;0.00;KELLY_LITE;true;0.04;213097.97;0.0417;KELLY_LITE(mult=1.00 taper=1.00 n=4)+HARD_RISK_CAP(2.0%)+MAXLOSS_CAP;213097.97;213097.97;33;0
2026.08.18 01:43:10;XAUUSD;5;1787015296;SELL_STOP_TRAILED;Old=4426.91 New=4427.37;WAIT_TRIGGER;SAFE;0;2;0;119696457;119696459;0.00;0.00;0.00;0.00;0.00;KELLY_LITE;true;0.04;213097.97;0.0417;KELLY_LITE(mult=1.00 taper=1.00 n=4)+HARD_RISK_CAP(2.0%)+MAXLOSS_CAP;213097.97;213097.97;33;0
2026.08.18 01:43:42;XAUUSD;5;1787015296;SELL_STOP_TRAILED;Old=4427.37 New=4428.00;WAIT_TRIGGER;SAFE;0;2;0;119696457;119696459;0.00;0.00;0.00;0.00;0.00;KELLY_LITE;true;0.04;213097.97;0.0417;KELLY_LITE(mult=1.00 taper=1.00 n=4)+HARD_RISK_CAP(2.0%)+MAXLOSS_CAP;213097.97;213097.97;33;0
2026.08.18 01:45:10;XAUUSD;5;1787015296;SELL_STOP_TRAILED;Old=4428.00 New=4428.35;WAIT_TRIGGER;SAFE;0;2;0;119696457;119696459;0.00;0.00;0.00;0.00;0.00;KELLY_LITE;true;0.04;213097.97;0.0417;KELLY_LITE(mult=1.00 taper=1.00 n=4)+HARD_RISK_CAP(2.0%)+MAXLOSS_CAP;213097.97;213097.97;33;0
2026.08.18 01:56:30;XAUUSD;5;1787015296;SELL_STOP_TRAILED;Old=4428.35 New=4428.69;WAIT_TRIGGER;SAFE;0;2;0;119696457;119696459;0.00;0.00;0.00;0.00;0.00;KELLY_LITE;true;0.04;213097.97;0.0417;KELLY_LITE(mult=1.00 taper=1.00 n=4)+HARD_RISK_CAP(2.0%)+MAXLOSS_CAP;213097.97;213097.97;33;0
2026.08.18 01:56:46;XAUUSD;5;1787015296;OCO_TRIGGERED_BUY;ticket=119696457 entry=4430.92;POSITION_ACTIVE;SAFE;1;1;0;-1;119696459;0.00;0.00;-1.32;0.00;0.00;KELLY_LITE;true;0.04;213097.97;0.0417;KELLY_LITE(mult=1.00 taper=1.00 n=4)+HARD_RISK_CAP(2.0%)+MAXLOSS_CAP;213097.97;213097.97;33;0
2026.08.18 01:56:46;XAUUSD;5;1787015296;PENDING_DELETED;ticket=119696459 reason=oco_buy_triggered;POSITION_ACTIVE;SAFE;1;0;0;-1;119696459;0.00;-1.40;-1.40;0.00;0.00;KELLY_LITE;true;0.04;213097.97;0.0417;KELLY_LITE(mult=1.00 taper=1.00 n=4)+HARD_RISK_CAP(2.0%)+MAXLOSS_CAP;213097.97;213096.57;33;0
2026.08.18 01:56:47;XAUUSD;5;1787015296;HEDGE_PENDING_PLACED;dir=SELL_STOP ticket=119696736 price=4427.57 sl=4430.57 lot=0.05 mainEntry=4430.92 dist=3.00 confirmBars=1;POSITION_ACTIVE;SAFE;1;1;1;-1;-1;4430.92;-1.44;-1.44;0.00;-1.40;KELLY_LITE;true;0.04;213097.97;0.0417;KELLY_LITE(mult=1.00 taper=1.00 n=4)+HARD_RISK_CAP(2.0%)+MAXLOSS_CAP;213097.97;213096.53;33;0
2026.08.18 01:56:47;XAUUSD;5;1787015296;SL_MODIFIED;ticket=119696457 oldSL=4415.92 newSL=4428.92 reason=early_loss_hard_sl_leg_0;MANAGE_PROFIT;SAFE;1;1;1;-1;-1;4430.92;-1.24;-1.24;0.00;-1.44;KELLY_LITE;true;0.04;213097.97;0.0417;KELLY_LITE(mult=1.00 taper=1.00 n=4)+HARD_RISK_CAP(2.0%)+MAXLOSS_CAP;213097.97;213096.73;33;0
2026.08.18 01:57:50;XAUUSD;5;1787015296;RECONCILED_BROKER_CLOSE;ticket=119696457 type=main pnl=-8.00;MANAGE_PROFIT;SAFE;0;1;1;-1;-1;4430.92;0.00;0.00;0.00;-7.84;KELLY_LITE;true;0.04;213097.97;0.0417;KELLY_LITE(mult=1.00 taper=1.00 n=4)+HARD_RISK_CAP(2.0%)+MAXLOSS_CAP;213089.97;213089.97;33;0
2026.08.18 01:57:50;XAUUSD;5;1787015296;PENDING_DELETED;ticket=119696736 reason=main_gone_hedge_pending;WAIT_TRIGGER;SAFE;0;0;1;-1;-1;4430.92;0.00;0.00;0.00;-7.84;KELLY_LITE;true;0.04;213097.97;0.0417;KELLY_LITE(mult=1.00 taper=1.00 n=4)+HARD_RISK_CAP(2.0%)+MAXLOSS_CAP;213089.97;213089.97;31;0
2026.08.18 01:57:50;XAUUSD;5;1787015296;HEDGE_PENDING_CLEANUP;main_position_gone;WAIT_TRIGGER;SAFE;0;0;1;-1;-1;4430.92;0.00;0.00;0.00;-7.84;KELLY_LITE;true;0.04;213097.97;0.0417;KELLY_LITE(mult=1.00 taper=1.00 n=4)+HARD_RISK_CAP(2.0%)+MAXLOSS_CAP;213089.97;213089.97;31;0
2026.08.18 01:57:50;XAUUSD;5;1787015296;LOSS_COOLDOWN_AFTER_LOSS;cyclePnL=-8.00 pauseUntil=2026.08.18 02:02:50;WAIT_TRIGGER;SAFE;0;0;1;-1;-1;4430.92;0.00;0.00;0.00;-7.84;KELLY_LITE;true;0.04;213097.97;0.0417;KELLY_LITE(mult=1.00 taper=1.00 n=4)+HARD_RISK_CAP(2.0%)+MAXLOSS_CAP;213089.97;213089.97;31;0
2026.08.18 01:57:50;XAUUSD;5;1787015296;CYCLE_RESET;oldState=WAIT_TRIGGER realizedPnL=-8.00 peak=0.00 worst=-7.84 pyramid=1 consLosses=1;WAIT_TRIGGER;SAFE;0;0;1;-1;-1;4430.92;0.00;0.00;0.00;-7.84;KELLY_LITE;true;0.04;213097.97;0.0417;KELLY_LITE(mult=1.00 taper=1.00 n=4)+HARD_RISK_CAP(2.0%)+MAXLOSS_CAP;213089.97;213089.97;31;0
2026.08.18 02:02:50;XAUUSD;5;1787015297;PLACE_PENDING_START;cycle=1787015297 trend=0 consecLosses=1 preset=AGGRESSIVE;PLACE_PENDING;SAFE;0;0;0;-1;-1;0.00;0.00;0.00;0.00;0.00;KELLY_LITE;true;0.04;213097.97;0.0417;KELLY_LITE(mult=1.00 taper=1.00 n=4)+HARD_RISK_CAP(2.0%)+MAXLOSS_CAP;213089.97;213089.97;33;0
2026.08.18 02:02:51;XAUUSD;5;1787015297;OCO_PLACED;buy=119698035 4435.35 lot=0.04 sell=119698036 4430.86 lot=0.04 dist=2.08;WAIT_TRIGGER;SAFE;0;2;0;119698035;119698036;0.00;0.00;0.00;0.00;0.00;KELLY_LITE;true;0.04;213089.97;0.0417;KELLY_LITE(mult=0.95 taper=1.00 n=5)+HARD_RISK_CAP(2.0%)+MAXLOSS_CAP;213089.97;213089.97;33;0
2026.08.18 02:02:53;XAUUSD;5;1787015297;BUY_STOP_TRAILED;Old=4435.35 New=4435.04;WAIT_TRIGGER;SAFE;0;2;0;119698035;119698036;0.00;0.00;0.00;0.00;0.00;KELLY_LITE;true;0.04;213089.97;0.0417;KELLY_LITE(mult=0.95 taper=1.00 n=5)+HARD_RISK_CAP(2.0%)+MAXLOSS_CAP;213089.97;213089.97;30;0
2026.08.18 02:02:53;XAUUSD;5;1787015297;SELL_STOP_TRAILED;Old=4430.86 New=4431.34;WAIT_TRIGGER;SAFE;0;2;0;119698035;119698036;0.00;0.00;0.00;0.00;0.00;KELLY_LITE;true;0.04;213089.97;0.0417;KELLY_LITE(mult=0.95 taper=1.00 n=5)+HARD_RISK_CAP(2.0%)+MAXLOSS_CAP;213089.97;213089.97;33;0
2026.08.18 02:02:54;XAUUSD;5;1787015297;SELL_STOP_TRAILED;Old=4431.34 New=4431.65;WAIT_TRIGGER;SAFE;0;2;0;119698035;119698036;0.00;0.00;0.00;0.00;0.00;KELLY_LITE;true;0.04;213089.97;0.0417;KELLY_LITE(mult=0.95 taper=1.00 n=5)+HARD_RISK_CAP(2.0%)+MAXLOSS_CAP;213089.97;213089.97;33;0
2026.08.18 02:03:38;XAUUSD;5;1787015297;SELL_STOP_TRAILED;Old=4431.65 New=4432.00;WAIT_TRIGGER;SAFE;0;2;0;119698035;119698036;0.00;0.00;0.00;0.00;0.00;KELLY_LITE;true;0.04;213089.97;0.0417;KELLY_LITE(mult=0.95 taper=1.00 n=5)+HARD_RISK_CAP(2.0%)+MAXLOSS_CAP;213089.97;213089.97;33;0
2026.08.18 02:03:43;XAUUSD;5;1787015297;SELL_STOP_TRAILED;Old=4432.00 New=4432.42;WAIT_TRIGGER;SAFE;0;2;0;119698035;119698036;0.00;0.00;0.00;0.00;0.00;KELLY_LITE;true;0.04;213089.97;0.0417;KELLY_LITE(mult=0.95 taper=1.00 n=5)+HARD_RISK_CAP(2.0%)+MAXLOSS_CAP;213089.97;213089.97;33;0
2026.08.18 02:03:45;XAUUSD;5;1787015297;OCO_TRIGGERED_BUY;ticket=119698035 entry=4435.04;POSITION_ACTIVE;SAFE;1;1;0;-1;119698036;0.00;-1.20;-1.20;0.00;0.00;KELLY_LITE;true;0.04;213089.97;0.0417;KELLY_LITE(mult=0.95 taper=1.00 n=5)+HARD_RISK_CAP(2.0%)+MAXLOSS_CAP;213089.97;213088.77;33;0
2026.08.18 02:03:46;XAUUSD;5;1787015297;PENDING_DELETED;ticket=119698036 reason=oco_buy_triggered;POSITION_ACTIVE;SAFE;1;0;0;-1;119698036;0.00;-1.32;-1.32;0.00;0.00;KELLY_LITE;true;0.04;213089.97;0.0417;KELLY_LITE(mult=0.95 taper=1.00 n=5)+HARD_RISK_CAP(2.0%)+MAXLOSS_CAP;213089.97;213088.65;33;0
2026.08.18 02:03:46;XAUUSD;5;1787015297;HEDGE_PENDING_PLACED;dir=SELL_STOP ticket=119698085 price=4431.71 sl=4434.71 lot=0.05 mainEntry=4435.04 dist=3.00 confirmBars=1;POSITION_ACTIVE;SAFE;1;1;1;-1;-1;4435.04;-1.88;-1.88;0.00;-1.32;KELLY_LITE;true;0.04;213089.97;0.0417;KELLY_LITE(mult=0.95 taper=1.00 n=5)+HARD_RISK_CAP(2.0%)+MAXLOSS_CAP;213089.97;213088.09;33;0
2026.08.18 02:03:47;XAUUSD;5;1787015297;SL_MODIFIED;ticket=119698035 oldSL=4423.04 newSL=4433.04 reason=early_loss_hard_sl_leg_0;MANAGE_PROFIT;SAFE;1;1;1;-1;-1;4435.04;-1.92;-1.92;0.00;-1.88;KELLY_LITE;true;0.04;213089.97;0.0417;KELLY_LITE(mult=0.95 taper=1.00 n=5)+HARD_RISK_CAP(2.0%)+MAXLOSS_CAP;213089.97;213088.05;33;0
2026.08.18 02:04:22;XAUUSD;5;1787015297;RECONCILED_BROKER_CLOSE;ticket=119698035 type=main pnl=-8.00;MANAGE_PROFIT;SAFE;0;1;1;-1;-1;4435.04;0.00;0.00;0.00;-7.80;KELLY_LITE;true;0.04;213089.97;0.0417;KELLY_LITE(mult=0.95 taper=1.00 n=5)+HARD_RISK_CAP(2.0%)+MAXLOSS_CAP;213081.97;213081.97;33;0
2026.08.18 02:04:23;XAUUSD;5;1787015297;PENDING_DELETED;ticket=119698085 reason=main_gone_hedge_pending;WAIT_TRIGGER;SAFE;0;0;1;-1;-1;4435.04;0.00;0.00;0.00;-7.80;KELLY_LITE;true;0.04;213089.97;0.0417;KELLY_LITE(mult=0.95 taper=1.00 n=5)+HARD_RISK_CAP(2.0%)+MAXLOSS_CAP;213081.97;213081.97;33;0
2026.08.18 02:04:23;XAUUSD;5;1787015297;HEDGE_PENDING_CLEANUP;main_position_gone;WAIT_TRIGGER;SAFE;0;0;1;-1;-1;4435.04;0.00;0.00;0.00;-7.80;KELLY_LITE;true;0.04;213089.97;0.0417;KELLY_LITE(mult=0.95 taper=1.00 n=5)+HARD_RISK_CAP(2.0%)+MAXLOSS_CAP;213081.97;213081.97;33;0
2026.08.18 02:04:23;XAUUSD;5;1787015297;LOSS_COOLDOWN_AFTER_LOSS;cyclePnL=-8.00 pauseUntil=2026.08.18 02:09:23;WAIT_TRIGGER;SAFE;0;0;1;-1;-1;4435.04;0.00;0.00;0.00;-7.80;KELLY_LITE;true;0.04;213089.97;0.0417;KELLY_LITE(mult=0.95 taper=1.00 n=5)+HARD_RISK_CAP(2.0%)+MAXLOSS_CAP;213081.97;213081.97;33;0
2026.08.18 02:04:23;XAUUSD;5;1787015297;CYCLE_RESET;oldState=WAIT_TRIGGER realizedPnL=-8.00 peak=0.00 worst=-7.80 pyramid=1 consLosses=2;WAIT_TRIGGER;SAFE;0;0;1;-1;-1;4435.04;0.00;0.00;0.00;-7.80;KELLY_LITE;true;0.04;213089.97;0.0417;KELLY_LITE(mult=0.95 taper=1.00 n=5)+HARD_RISK_CAP(2.0%)+MAXLOSS_CAP;213081.97;213081.97;33;0
2026.08.18 02:09:23;XAUUSD;5;1787015298;PLACE_PENDING_START;cycle=1787015298 trend=0 consecLosses=2 preset=AGGRESSIVE;PLACE_PENDING;SAFE;0;0;0;-1;-1;0.00;0.00;0.00;0.00;0.00;KELLY_LITE;true;0.04;213089.97;0.0417;KELLY_LITE(mult=0.95 taper=1.00 n=5)+HARD_RISK_CAP(2.0%)+MAXLOSS_CAP;213081.97;213081.97;30;0
2026.08.18 02:09:24;XAUUSD;5;1787015298;OCO_PLACED;buy=119698783 4432.15 lot=0.04 sell=119698801 4427.47 lot=0.04 dist=2.19;WAIT_TRIGGER;SAFE;0;2;0;119698783;119698801;0.00;0.00;0.00;0.00;0.00;KELLY_LITE;true;0.04;213081.97;0.0417;KELLY_LITE(mult=0.90 taper=1.00 n=6)+CONSEC_REDUCE(0.50)+HARD_RISK_CAP(2.0%)+MAXLOSS_CAP;213081.97;213081.97;33;0
2026.08.18 02:09:25;XAUUSD;5;1787015298;BUY_STOP_TRAILED;Old=4432.15 New=4431.69;WAIT_TRIGGER;SAFE;0;2;0;119698783;119698801;0.00;0.00;0.00;0.00;0.00;KELLY_LITE;true;0.04;213081.97;0.0417;KELLY_LITE(mult=0.90 taper=1.00 n=6)+CONSEC_REDUCE(0.50)+HARD_RISK_CAP(2.0%)+MAXLOSS_CAP;213081.97;213081.97;33;0
2026.08.18 02:09:32;XAUUSD;5;1787015298;SELL_STOP_TRAILED;Old=4427.47 New=4427.78;WAIT_TRIGGER;SAFE;0;2;0;119698783;119698801;0.00;0.00;0.00;0.00;0.00;KELLY_LITE;true;0.04;213081.97;0.0417;KELLY_LITE(mult=0.90 taper=1.00 n=6)+CONSEC_REDUCE(0.50)+HARD_RISK_CAP(2.0%)+MAXLOSS_CAP;213081.97;213081.97;33;0
2026.08.18 02:09:53;XAUUSD;5;1787015298;SELL_STOP_TRAILED;Old=4427.78 New=4428.11;WAIT_TRIGGER;SAFE;0;2;0;119698783;119698801;0.00;0.00;0.00;0.00;0.00;KELLY_LITE;true;0.04;213081.97;0.0417;KELLY_LITE(mult=0.90 taper=1.00 n=6)+CONSEC_REDUCE(0.50)+HARD_RISK_CAP(2.0%)+MAXLOSS_CAP;213081.97;213081.97;32;0
2026.08.18 02:10:00;XAUUSD;5;1787015298;SELL_STOP_TRAILED;Old=4428.11 New=4428.52;WAIT_TRIGGER;SAFE;0;2;0;119698783;119698801;0.00;0.00;0.00;0.00;0.00;KELLY_LITE;true;0.04;213081.97;0.0417;KELLY_LITE(mult=0.90 taper=1.00 n=6)+CONSEC_REDUCE(0.50)+HARD_RISK_CAP(2.0%)+MAXLOSS_CAP;213081.97;213081.97;33;0
2026.08.18 02:10:03;XAUUSD;5;1787015298;SELL_STOP_TRAILED;Old=4428.52 New=4428.90;WAIT_TRIGGER;SAFE;0;2;0;119698783;119698801;0.00;0.00;0.00;0.00;0.00;KELLY_LITE;true;0.04;213081.97;0.0417;KELLY_LITE(mult=0.90 taper=1.00 n=6)+CONSEC_REDUCE(0.50)+HARD_RISK_CAP(2.0%)+MAXLOSS_CAP;213081.97;213081.97;33;0
2026.08.18 02:10:28;XAUUSD;5;1787015298;BUY_STOP_TRAILED;Old=4431.69 New=4431.35;WAIT_TRIGGER;SAFE;0;2;0;119698783;119698801;0.00;0.00;0.00;0.00;0.00;KELLY_LITE;true;0.04;213081.97;0.0417;KELLY_LITE(mult=0.90 taper=1.00 n=6)+CONSEC_REDUCE(0.50)+HARD_RISK_CAP(2.0%)+MAXLOSS_CAP;213081.97;213081.97;31;0
2026.08.18 02:10:29;XAUUSD;5;1787015298;OCO_TRIGGERED_SELL;ticket=119698801 entry=4428.90;POSITION_ACTIVE;SAFE;1;1;0;119698783;-1;0.00;-0.96;-0.96;0.00;0.00;KELLY_LITE;true;0.04;213081.97;0.0417;KELLY_LITE(mult=0.90 taper=1.00 n=6)+CONSEC_REDUCE(0.50)+HARD_RISK_CAP(2.0%)+MAXLOSS_CAP;213081.97;213081.01;33;0
2026.08.18 02:10:29;XAUUSD;5;1787015298;PENDING_DELETED;ticket=119698783 reason=oco_sell_triggered;POSITION_ACTIVE;SAFE;1;0;0;119698783;-1;0.00;-1.04;-1.04;0.00;0.00;KELLY_LITE;true;0.04;213081.97;0.0417;KELLY_LITE(mult=0.90 taper=1.00 n=6)+CONSEC_REDUCE(0.50)+HARD_RISK_CAP(2.0%)+MAXLOSS_CAP;213081.97;213080.93;32;0
2026.08.18 02:10:30;XAUUSD;5;1787015298;HEDGE_PENDING_PLACED;dir=BUY_STOP ticket=119698906 price=4432.16 sl=4429.16 lot=0.05 mainEntry=4428.90 dist=3.00 confirmBars=1;POSITION_ACTIVE;SAFE;1;1;1;-1;-1;4428.90;-1.32;-1.32;0.00;-1.04;KELLY_LITE;true;0.04;213081.97;0.0417;KELLY_LITE(mult=0.90 taper=1.00 n=6)+CONSEC_REDUCE(0.50)+HARD_RISK_CAP(2.0%)+MAXLOSS_CAP;213081.97;213080.65;33;0
2026.08.18 02:10:30;XAUUSD;5;1787015298;SL_MODIFIED;ticket=119698801 oldSL=4440.90 newSL=4430.90 reason=early_loss_hard_sl_leg_0;MANAGE_PROFIT;SAFE;1;1;1;-1;-1;4428.90;-1.96;-1.96;0.00;-1.32;KELLY_LITE;true;0.04;213081.97;0.0417;KELLY_LITE(mult=0.90 taper=1.00 n=6)+CONSEC_REDUCE(0.50)+HARD_RISK_CAP(2.0%)+MAXLOSS_CAP;213081.97;213080.01;33;0
2026.08.18 02:10:59;XAUUSD;5;1787015298;RECONCILED_BROKER_CLOSE;ticket=119698801 type=main pnl=-8.00;MANAGE_PROFIT;SAFE;0;1;1;-1;-1;4428.90;0.00;0.00;0.00;-7.44;KELLY_LITE;true;0.04;213081.97;0.0417;KELLY_LITE(mult=0.90 taper=1.00 n=6)+CONSEC_REDUCE(0.50)+HARD_RISK_CAP(2.0%)+MAXLOSS_CAP;213073.97;213073.97;35;0
2026.08.18 02:10:59;XAUUSD;5;1787015298;PENDING_DELETED;ticket=119698906 reason=main_gone_hedge_pending;WAIT_TRIGGER;SAFE;0;0;1;-1;-1;4428.90;0.00;0.00;0.00;-7.44;KELLY_LITE;true;0.04;213081.97;0.0417;KELLY_LITE(mult=0.90 taper=1.00 n=6)+CONSEC_REDUCE(0.50)+HARD_RISK_CAP(2.0%)+MAXLOSS_CAP;213073.97;213073.97;33;0
2026.08.18 02:10:59;XAUUSD;5;1787015298;HEDGE_PENDING_CLEANUP;main_position_gone;WAIT_TRIGGER;SAFE;0;0;1;-1;-1;4428.90;0.00;0.00;0.00;-7.44;KELLY_LITE;true;0.04;213081.97;0.0417;KELLY_LITE(mult=0.90 taper=1.00 n=6)+CONSEC_REDUCE(0.50)+HARD_RISK_CAP(2.0%)+MAXLOSS_CAP;213073.97;213073.97;33;0
2026.08.18 02:10:59;XAUUSD;5;1787015298;LOSS_COOLDOWN_AFTER_LOSS;cyclePnL=-8.00 pauseUntil=2026.08.18 02:15:59;WAIT_TRIGGER;SAFE;0;0;1;-1;-1;4428.90;0.00;0.00;0.00;-7.44;KELLY_LITE;true;0.04;213081.97;0.0417;KELLY_LITE(mult=0.90 taper=1.00 n=6)+CONSEC_REDUCE(0.50)+HARD_RISK_CAP(2.0%)+MAXLOSS_CAP;213073.97;213073.97;33;0
2026.08.18 02:10:59;XAUUSD;5;1787015298;CONSECUTIVE_LOSS_PAUSE;losses=3 pauseUntil=2026.08.18 02:25:59;WAIT_TRIGGER;SAFE;0;0;1;-1;-1;4428.90;0.00;0.00;0.00;-7.44;KELLY_LITE;true;0.04;213081.97;0.0417;KELLY_LITE(mult=0.90 taper=1.00 n=6)+CONSEC_REDUCE(0.50)+HARD_RISK_CAP(2.0%)+MAXLOSS_CAP;213073.97;213073.97;33;0
2026.08.18 02:10:59;XAUUSD;5;1787015298;CYCLE_RESET;oldState=WAIT_TRIGGER realizedPnL=-8.00 peak=0.00 worst=-7.44 pyramid=1 consLosses=3;WAIT_TRIGGER;SAFE;0;0;1;-1;-1;4428.90;0.00;0.00;0.00;-7.44;KELLY_LITE;true;0.04;213081.97;0.0417;KELLY_LITE(mult=0.90 taper=1.00 n=6)+CONSEC_REDUCE(0.50)+HARD_RISK_CAP(2.0%)+MAXLOSS_CAP;213073.97;213073.97;33;0
2026.08.18 02:25:59;XAUUSD;5;1787015299;PLACE_PENDING_START;cycle=1787015299 trend=0 consecLosses=3 preset=AGGRESSIVE;PLACE_PENDING;SAFE;0;0;0;-1;-1;0.00;0.00;0.00;0.00;0.00;KELLY_LITE;true;0.04;213081.97;0.0417;KELLY_LITE(mult=0.90 taper=1.00 n=6)+CONSEC_REDUCE(0.50)+HARD_RISK_CAP(2.0%)+MAXLOSS_CAP;213073.97;213073.97;33;0
2026.08.18 02:26:00;XAUUSD;5;1787015299;OCO_PLACED;buy=119700421 4423.57 lot=0.04 sell=119700422 4419.30 lot=0.04 dist=1.97;WAIT_TRIGGER;SAFE;0;2;0;119700421;119700422;0.00;0.00;0.00;0.00;0.00;KELLY_LITE;true;0.04;213073.97;0.0417;KELLY_LITE(mult=0.85 taper=1.00 n=7)+CONSEC_REDUCE(0.50)+HARD_RISK_CAP(2.0%)+MAXLOSS_CAP;213073.97;213073.97;33;0
2026.08.18 02:26:01;XAUUSD;5;1787015299;SELL_STOP_TRAILED;Old=4419.30 New=4419.72;WAIT_TRIGGER;SAFE;0;2;0;119700421;119700422;0.00;0.00;0.00;0.00;0.00;KELLY_LITE;true;0.04;213073.97;0.0417;KELLY_LITE(mult=0.85 taper=1.00 n=7)+CONSEC_REDUCE(0.50)+HARD_RISK_CAP(2.0%)+MAXLOSS_CAP;213073.97;213073.97;33;0
2026.08.18 02:26:08;XAUUSD;5;1787015299;SELL_STOP_TRAILED;Old=4419.72 New=4420.32;WAIT_TRIGGER;SAFE;0;2;0;119700421;119700422;0.00;0.00;0.00;0.00;0.00;KELLY_LITE;true;0.04;213073.97;0.0417;KELLY_LITE(mult=0.85 taper=1.00 n=7)+CONSEC_REDUCE(0.50)+HARD_RISK_CAP(2.0%)+MAXLOSS_CAP;213073.97;213073.97;33;0
2026.08.18 02:26:10;XAUUSD;5;1787015299;SELL_STOP_TRAILED;Old=4420.32 New=4420.69;WAIT_TRIGGER;SAFE;0;2;0;119700421;119700422;0.00;0.00;0.00;0.00;0.00;KELLY_LITE;true;0.04;213073.97;0.0417;KELLY_LITE(mult=0.85 taper=1.00 n=7)+CONSEC_REDUCE(0.50)+HARD_RISK_CAP(2.0%)+MAXLOSS_CAP;213073.97;213073.97;33;0
2026.08.18 02:26:11;XAUUSD;5;1787015299;SELL_STOP_TRAILED;Old=4420.69 New=4421.10;WAIT_TRIGGER;SAFE;0;2;0;119700421;119700422;0.00;0.00;0.00;0.00;0.00;KELLY_LITE;true;0.04;213073.97;0.0417;KELLY_LITE(mult=0.85 taper=1.00 n=7)+CONSEC_REDUCE(0.50)+HARD_RISK_CAP(2.0%)+MAXLOSS_CAP;213073.97;213073.97;33;0
2026.08.18 02:26:14;XAUUSD;5;1787015299;OCO_TRIGGERED_BUY;ticket=119700421 entry=4423.57;POSITION_ACTIVE;SAFE;1;1;0;-1;119700422;0.00;0.00;-1.32;0.00;0.00;KELLY_LITE;true;0.04;213073.97;0.0417;KELLY_LITE(mult=0.85 taper=1.00 n=7)+CONSEC_REDUCE(0.50)+HARD_RISK_CAP(2.0%)+MAXLOSS_CAP;213073.97;213073.97;33;0
2026.08.18 02:26:14;XAUUSD;5;1787015299;PENDING_DELETED;ticket=119700422 reason=oco_buy_triggered;POSITION_ACTIVE;SAFE;1;0;0;-1;119700422;0.00;-1.84;-1.84;0.00;0.00;KELLY_LITE;true;0.04;213073.97;0.0417;KELLY_LITE(mult=0.85 taper=1.00 n=7)+CONSEC_REDUCE(0.50)+HARD_RISK_CAP(2.0%)+MAXLOSS_CAP;213073.97;213072.13;33;0
2026.08.18 02:26:14;XAUUSD;5;1787015299;HEDGE_BLOCK_CONFIRM;need=1 adverse bars;POSITION_ACTIVE;SAFE;1;0;1;-1;-1;4423.57;-1.84;-1.84;0.00;-1.84;KELLY_LITE;true;0.04;213073.97;0.0417;KELLY_LITE(mult=0.85 taper=1.00 n=7)+CONSEC_REDUCE(0.50)+HARD_RISK_CAP(2.0%)+MAXLOSS_CAP;213073.97;213072.13;33;0
2026.08.18 02:26:15;XAUUSD;5;1787015299;SL_MODIFIED;ticket=119700421 oldSL=4408.57 newSL=4421.57 reason=early_loss_hard_sl_leg_0;MANAGE_PROFIT;SAFE;1;0;1;-1;-1;4423.57;-2.12;-2.12;0.00;-2.20;KELLY_LITE;true;0.04;213073.97;0.0417;KELLY_LITE(mult=0.85 taper=1.00 n=7)+CONSEC_REDUCE(0.50)+HARD_RISK_CAP(2.0%)+MAXLOSS_CAP;213073.97;213071.85;33;0
2026.08.18 02:26:44;XAUUSD;5;1787015299;HEDGE_BLOCK_CONFIRM;need=1 adverse bars;MANAGE_PROFIT;SAFE;1;0;1;-1;-1;4423.57;-2.56;-2.56;0.00;-4.52;KELLY_LITE;true;0.04;213073.97;0.0417;KELLY_LITE(mult=0.85 taper=1.00 n=7)+CONSEC_REDUCE(0.50)+HARD_RISK_CAP(2.0%)+MAXLOSS_CAP;213073.97;213071.41;33;0
2026.08.18 02:27:14;XAUUSD;5;1787015299;HEDGE_BLOCK_CONFIRM;need=1 adverse bars;MANAGE_PROFIT;SAFE;1;0;1;-1;-1;4423.57;3.28;3.28;4.52;-4.52;KELLY_LITE;true;0.04;213073.97;0.0417;KELLY_LITE(mult=0.85 taper=1.00 n=7)+CONSEC_REDUCE(0.50)+HARD_RISK_CAP(2.0%)+MAXLOSS_CAP;213073.97;213077.25;33;0
2026.08.18 02:27:44;XAUUSD;5;1787015299;HEDGE_BLOCK_CONFIRM;need=1 adverse bars;MANAGE_PROFIT;SAFE;1;0;1;-1;-1;4423.57;3.92;3.92;7.56;-4.52;KELLY_LITE;true;0.04;213073.97;0.0417;KELLY_LITE(mult=0.85 taper=1.00 n=7)+CONSEC_REDUCE(0.50)+HARD_RISK_CAP(2.0%)+MAXLOSS_CAP;213073.97;213077.89;33;0
2026.08.18 02:28:14;XAUUSD;5;1787015299;HEDGE_BLOCK_CONFIRM;need=1 adverse bars;MANAGE_PROFIT;SAFE;1;0;1;-1;-1;4423.57;5.80;5.80;7.72;-4.52;KELLY_LITE;true;0.04;213073.97;0.0417;KELLY_LITE(mult=0.85 taper=1.00 n=7)+CONSEC_REDUCE(0.50)+HARD_RISK_CAP(2.0%)+MAXLOSS_CAP;213073.97;213079.77;33;0
2026.08.18 02:28:44;XAUUSD;5;1787015299;HEDGE_BLOCK_CONFIRM;need=1 adverse bars;MANAGE_PROFIT;SAFE;1;0;1;-1;-1;4423.57;6.36;6.36;7.72;-4.52;KELLY_LITE;true;0.04;213073.97;0.0417;KELLY_LITE(mult=0.85 taper=1.00 n=7)+CONSEC_REDUCE(0.50)+HARD_RISK_CAP(2.0%)+MAXLOSS_CAP;213073.97;213080.33;33;0
2026.08.18 02:29:14;XAUUSD;5;1787015299;HEDGE_BLOCK_CONFIRM;need=1 adverse bars;MANAGE_PROFIT;SAFE;1;0;1;-1;-1;4423.57;3.76;3.76;7.72;-4.52;KELLY_LITE;true;0.04;213073.97;0.0417;KELLY_LITE(mult=0.85 taper=1.00 n=7)+CONSEC_REDUCE(0.50)+HARD_RISK_CAP(2.0%)+MAXLOSS_CAP;213073.97;213077.73;33;0
2026.08.18 02:29:44;XAUUSD;5;1787015299;SL_MODIFIED;ticket=119700421 oldSL=4421.57 newSL=4425.06 reason=break_even_lock_leg_0;MANAGE_PROFIT;SAFE;1;0;1;-1;-1;4423.57;8.44;8.44;8.04;-4.52;KELLY_LITE;true;0.04;213073.97;0.0417;KELLY_LITE(mult=0.85 taper=1.00 n=7)+CONSEC_REDUCE(0.50)+HARD_RISK_CAP(2.0%)+MAXLOSS_CAP;213073.97;213082.41;33;0
2026.08.18 02:29:44;XAUUSD;5;1787015299;PROFIT_RATCHET_LOCKED;floor=3.42 peak=8.04;MANAGE_PROFIT;SAFE;1;0;1;-1;-1;4423.57;8.44;8.44;8.04;-4.52;KELLY_LITE;true;0.04;213073.97;0.0417;KELLY_LITE(mult=0.85 taper=1.00 n=7)+CONSEC_REDUCE(0.50)+HARD_RISK_CAP(2.0%)+MAXLOSS_CAP;213073.97;213082.41;33;0
2026.08.18 02:29:44;XAUUSD;5;1787015299;HEDGE_BLOCK_CONFIRM;need=1 adverse bars;MANAGE_PROFIT;SAFE;1;0;1;-1;-1;4423.57;8.44;8.44;8.04;-4.52;KELLY_LITE;true;0.04;213073.97;0.0417;KELLY_LITE(mult=0.85 taper=1.00 n=7)+CONSEC_REDUCE(0.50)+HARD_RISK_CAP(2.0%)+MAXLOSS_CAP;213073.97;213082.41;33;0
2026.08.18 02:29:44;XAUUSD;5;1787015299;SL_MODIFY_FAILED;ticket=119700421 newSL=4425.16 reason=break_even_lock_leg_0 err=0;MANAGE_PROFIT;SAFE;1;0;1;-1;-1;4423.57;8.00;8.00;8.44;-4.52;KELLY_LITE;true;0.04;213073.97;0.0417;KELLY_LITE(mult=0.85 taper=1.00 n=7)+CONSEC_REDUCE(0.50)+HARD_RISK_CAP(2.0%)+MAXLOSS_CAP;213073.97;213081.97;30;0
2026.08.18 02:29:44;XAUUSD;5;1787015299;PROFIT_RATCHET_LOCKED;floor=3.59 peak=8.44;MANAGE_PROFIT;SAFE;1;0;1;-1;-1;4423.57;8.00;8.00;8.44;-4.52;KELLY_LITE;true;0.04;213073.97;0.0417;KELLY_LITE(mult=0.85 taper=1.00 n=7)+CONSEC_REDUCE(0.50)+HARD_RISK_CAP(2.0%)+MAXLOSS_CAP;213073.97;213081.97;30;0
2026.08.18 02:29:44;XAUUSD;5;1787015299;PROFIT_RATCHET_LOCKED;floor=3.59 peak=8.44;MANAGE_PROFIT;SAFE;1;0;1;-1;-1;4423.57;8.00;8.00;8.44;-4.52;KELLY_LITE;true;0.04;213073.97;0.0417;KELLY_LITE(mult=0.85 taper=1.00 n=7)+CONSEC_REDUCE(0.50)+HARD_RISK_CAP(2.0%)+MAXLOSS_CAP;213073.97;213081.97;30;0
2026.08.18 02:29:45;XAUUSD;5;1787015299;SL_MODIFIED;ticket=119700421 oldSL=4425.06 newSL=4425.12 reason=break_even_lock_leg_0;MANAGE_PROFIT;SAFE;1;0;1;-1;-1;4423.57;8.44;8.44;8.44;-4.52;KELLY_LITE;true;0.04;213073.97;0.0417;KELLY_LITE(mult=0.85 taper=1.00 n=7)+CONSEC_REDUCE(0.50)+HARD_RISK_CAP(2.0%)+MAXLOSS_CAP;213073.97;213082.41;33;0
2026.08.18 02:29:45;XAUUSD;5;1787015299;PROFIT_RATCHET_LOCKED;floor=3.59 peak=8.44;MANAGE_PROFIT;SAFE;1;0;1;-1;-1;4423.57;8.44;8.44;8.44;-4.52;KELLY_LITE;true;0.04;213073.97;0.0417;KELLY_LITE(mult=0.85 taper=1.00 n=7)+CONSEC_REDUCE(0.50)+HARD_RISK_CAP(2.0%)+MAXLOSS_CAP;213073.97;213082.41;33;0
2026.08.18 02:29:45;XAUUSD;5;1787015299;SL_MODIFIED;ticket=119700421 oldSL=4425.12 newSL=4425.16 reason=break_even_lock_leg_0;MANAGE_PROFIT;SAFE;1;0;1;-1;-1;4423.57;8.48;8.48;8.44;-4.52;KELLY_LITE;true;0.04;213073.97;0.0417;KELLY_LITE(mult=0.85 taper=1.00 n=7)+CONSEC_REDUCE(0.50)+HARD_RISK_CAP(2.0%)+MAXLOSS_CAP;213073.97;213082.45;33;0
2026.08.18 02:29:45;XAUUSD;5;1787015299;PROFIT_RATCHET_LOCKED;floor=3.59 peak=8.44;MANAGE_PROFIT;SAFE;1;0;1;-1;-1;4423.57;8.48;8.48;8.44;-4.52;KELLY_LITE;true;0.04;213073.97;0.0417;KELLY_LITE(mult=0.85 taper=1.00 n=7)+CONSEC_REDUCE(0.50)+HARD_RISK_CAP(2.0%)+MAXLOSS_CAP;213073.97;213082.45;33;0
2026.08.18 02:29:45;XAUUSD;5;1787015299;PROFIT_RATCHET_LOCKED;floor=3.60 peak=8.48;MANAGE_PROFIT;SAFE;1;0;1;-1;-1;4423.57;8.48;8.48;8.48;-4.52;KELLY_LITE;true;0.04;213073.97;0.0417;KELLY_LITE(mult=0.85 taper=1.00 n=7)+CONSEC_REDUCE(0.50)+HARD_RISK_CAP(2.0%)+MAXLOSS_CAP;213073.97;213082.45;33;0
2026.08.18 02:29:46;XAUUSD;5;1787015299;PROFIT_RATCHET_LOCKED;floor=3.60 peak=8.48;MANAGE_PROFIT;SAFE;1;0;1;-1;-1;4423.57;8.28;8.28;8.48;-4.52;KELLY_LITE;true;0.04;213073.97;0.0417;KELLY_LITE(mult=0.85 taper=1.00 n=7)+CONSEC_REDUCE(0.50)+HARD_RISK_CAP(2.0%)+MAXLOSS_CAP;213073.97;213082.25;33;0
2026.08.18 02:29:46;XAUUSD;5;1787015299;PROFIT_RATCHET_LOCKED;floor=3.60 peak=8.48;MANAGE_PROFIT;SAFE;1;0;1;-1;-1;4423.57;8.24;8.24;8.48;-4.52;KELLY_LITE;true;0.04;213073.97;0.0417;KELLY_LITE(mult=0.85 taper=1.00 n=7)+CONSEC_REDUCE(0.50)+HARD_RISK_CAP(2.0%)+MAXLOSS_CAP;213073.97;213082.21;33;0
2026.08.18 02:29:47;XAUUSD;5;1787015299;PROFIT_RATCHET_LOCKED;floor=3.60 peak=8.48;MANAGE_PROFIT;SAFE;1;0;1;-1;-1;4423.57;8.24;8.24;8.48;-4.52;KELLY_LITE;true;0.04;213073.97;0.0417;KELLY_LITE(mult=0.85 taper=1.00 n=7)+CONSEC_REDUCE(0.50)+HARD_RISK_CAP(2.0%)+MAXLOSS_CAP;213073.97;213082.21;32;0
2026.08.18 02:29:47;XAUUSD;5;1787015299;PROFIT_RATCHET_LOCKED;floor=3.60 peak=8.48;MANAGE_PROFIT;SAFE;1;0;1;-1;-1;4423.57;8.24;8.24;8.48;-4.52;KELLY_LITE;true;0.04;213073.97;0.0417;KELLY_LITE(mult=0.85 taper=1.00 n=7)+CONSEC_REDUCE(0.50)+HARD_RISK_CAP(2.0%)+MAXLOSS_CAP;213073.97;213082.21;33;0
2026.08.18 02:29:48;XAUUSD;5;1787015299;PROFIT_RATCHET_LOCKED;floor=3.60 peak=8.48;MANAGE_PROFIT;SAFE;1;0;1;-1;-1;4423.57;8.24;8.24;8.48;-4.52;KELLY_LITE;true;0.04;213073.97;0.0417;KELLY_LITE(mult=0.85 taper=1.00 n=7)+CONSEC_REDUCE(0.50)+HARD_RISK_CAP(2.0%)+MAXLOSS_CAP;213073.97;213082.21;31;0
2026.08.18 02:29:49;XAUUSD;5;1787015299;PROFIT_RATCHET_LOCKED;floor=3.86 peak=9.08;MANAGE_PROFIT;SAFE;1;0;1;-1;-1;4423.57;8.28;8.28;9.08;-4.52;KELLY_LITE;true;0.04;213073.97;0.0417;KELLY_LITE(mult=0.85 taper=1.00 n=7)+CONSEC_REDUCE(0.50)+HARD_RISK_CAP(2.0%)+MAXLOSS_CAP;213073.97;213082.25;33;0
2026.08.18 02:29:49;XAUUSD;5;1787015299;PROFIT_RATCHET_LOCKED;floor=3.86 peak=9.08;MANAGE_PROFIT;SAFE;1;0;1;-1;-1;4423.57;8.28;8.28;9.08;-4.52;KELLY_LITE;true;0.04;213073.97;0.0417;KELLY_LITE(mult=0.85 taper=1.00 n=7)+CONSEC_REDUCE(0.50)+HARD_RISK_CAP(2.0%)+MAXLOSS_CAP;213073.97;213082.25;33;0
2026.08.18 02:29:49;XAUUSD;5;1787015299;SL_MODIFIED;ticket=119700421 oldSL=4425.16 newSL=4425.25 reason=break_even_lock_leg_0;MANAGE_PROFIT;SAFE;1;0;1;-1;-1;4423.57;8.84;8.84;9.08;-4.52;KELLY_LITE;true;0.04;213073.97;0.0417;KELLY_LITE(mult=0.85 taper=1.00 n=7)+CONSEC_REDUCE(0.50)+HARD_RISK_CAP(2.0%)+MAXLOSS_CAP;213073.97;213082.81;33;0
2026.08.18 02:29:49;XAUUSD;5;1787015299;PROFIT_RATCHET_LOCKED;floor=3.86 peak=9.08;MANAGE_PROFIT;SAFE;1;0;1;-1;-1;4423.57;8.84;8.84;9.08;-4.52;KELLY_LITE;true;0.04;213073.97;0.0417;KELLY_LITE(mult=0.85 taper=1.00 n=7)+CONSEC_REDUCE(0.50)+HARD_RISK_CAP(2.0%)+MAXLOSS_CAP;213073.97;213082.81;33;0
2026.08.18 02:29:49;XAUUSD;5;1787015299;PROFIT_RATCHET_LOCKED;floor=3.86 peak=9.08;MANAGE_PROFIT;SAFE;1;0;1;-1;-1;4423.57;8.84;8.84;9.08;-4.52;KELLY_LITE;true;0.04;213073.97;0.0417;KELLY_LITE(mult=0.85 taper=1.00 n=7)+CONSEC_REDUCE(0.50)+HARD_RISK_CAP(2.0%)+MAXLOSS_CAP;213073.97;213082.81;33;0
2026.08.18 02:29:49;XAUUSD;5;1787015299;PROFIT_RATCHET_LOCKED;floor=3.86 peak=9.08;MANAGE_PROFIT;SAFE;1;0;1;-1;-1;4423.57;8.76;8.76;9.08;-4.52;KELLY_LITE;true;0.04;213073.97;0.0417;KELLY_LITE(mult=0.85 taper=1.00 n=7)+CONSEC_REDUCE(0.50)+HARD_RISK_CAP(2.0%)+MAXLOSS_CAP;213073.97;213082.73;33;0
2026.08.18 02:29:50;XAUUSD;5;1787015299;PROFIT_RATCHET_LOCKED;floor=3.86 peak=9.08;MANAGE_PROFIT;SAFE;1;0;1;-1;-1;4423.57;8.40;8.40;9.08;-4.52;KELLY_LITE;true;0.04;213073.97;0.0417;KELLY_LITE(mult=0.85 taper=1.00 n=7)+CONSEC_REDUCE(0.50)+HARD_RISK_CAP(2.0%)+MAXLOSS_CAP;213073.97;213082.37;33;0
2026.08.18 02:29:50;XAUUSD;5;1787015299;PROFIT_RATCHET_LOCKED;floor=3.86 peak=9.08;MANAGE_PROFIT;SAFE;1;0;1;-1;-1;4423.57;8.24;8.24;9.08;-4.52;KELLY_LITE;true;0.04;213073.97;0.0417;KELLY_LITE(mult=0.85 taper=1.00 n=7)+CONSEC_REDUCE(0.50)+HARD_RISK_CAP(2.0%)+MAXLOSS_CAP;213073.97;213082.21;33;0
2026.08.18 02:29:50;XAUUSD;5;1787015299;PROFIT_RATCHET_LOCKED;floor=3.86 peak=9.08;MANAGE_PROFIT;SAFE;1;0;1;-1;-1;4423.57;8.32;8.32;9.08;-4.52;KELLY_LITE;true;0.04;213073.97;0.0417;KELLY_LITE(mult=0.85 taper=1.00 n=7)+CONSEC_REDUCE(0.50)+HARD_RISK_CAP(2.0%)+MAXLOSS_CAP;213073.97;213082.29;33;0
2026.08.18 02:29:50;XAUUSD;5;1787015299;PROFIT_RATCHET_LOCKED;floor=3.86 peak=9.08;MANAGE_PROFIT;SAFE;1;0;1;-1;-1;4423.57;8.36;8.36;9.08;-4.52;KELLY_LITE;true;0.04;213073.97;0.0417;KELLY_LITE(mult=0.85 taper=1.00 n=7)+CONSEC_REDUCE(0.50)+HARD_RISK_CAP(2.0%)+MAXLOSS_CAP;213073.97;213082.33;33;0
2026.08.18 02:29:51;XAUUSD;5;1787015299;PROFIT_RATCHET_LOCKED;floor=3.86 peak=9.08;MANAGE_PROFIT;SAFE;1;0;1;-1;-1;4423.57;8.64;8.64;9.08;-4.52;KELLY_LITE;true;0.04;213073.97;0.0417;KELLY_LITE(mult=0.85 taper=1.00 n=7)+CONSEC_REDUCE(0.50)+HARD_RISK_CAP(2.0%)+MAXLOSS_CAP;213073.97;213082.61;33;0
2026.08.18 02:29:51;XAUUSD;5;1787015299;PROFIT_RATCHET_LOCKED;floor=3.86 peak=9.08;MANAGE_PROFIT;SAFE;1;0;1;-1;-1;4423.57;8.28;8.28;9.08;-4.52;KELLY_LITE;true;0.04;213073.97;0.0417;KELLY_LITE(mult=0.85 taper=1.00 n=7)+CONSEC_REDUCE(0.50)+HARD_RISK_CAP(2.0%)+MAXLOSS_CAP;213073.97;213082.25;33;0
2026.08.18 02:29:51;XAUUSD;5;1787015299;PROFIT_RATCHET_LOCKED;floor=3.86 peak=9.08;MANAGE_PROFIT;SAFE;1;0;1;-1;-1;4423.57;8.12;8.12;9.08;-4.52;KELLY_LITE;true;0.04;213073.97;0.0417;KELLY_LITE(mult=0.85 taper=1.00 n=7)+CONSEC_REDUCE(0.50)+HARD_RISK_CAP(2.0%)+MAXLOSS_CAP;213073.97;213082.09;33;0
2026.08.18 02:29:51;XAUUSD;5;1787015299;PROFIT_RATCHET_LOCKED;floor=3.86 peak=9.08;MANAGE_PROFIT;SAFE;1;0;1;-1;-1;4423.57;8.68;8.68;9.08;-4.52;KELLY_LITE;true;0.04;213073.97;0.0417;KELLY_LITE(mult=0.85 taper=1.00 n=7)+CONSEC_REDUCE(0.50)+HARD_RISK_CAP(2.0%)+MAXLOSS_CAP;213073.97;213082.65;33;0
2026.08.18 02:29:52;XAUUSD;5;1787015299;PROFIT_RATCHET_LOCKED;floor=3.86 peak=9.08;MANAGE_PROFIT;SAFE;1;0;1;-1;-1;4423.57;8.40;8.40;9.08;-4.52;KELLY_LITE;true;0.04;213073.97;0.0417;KELLY_LITE(mult=0.85 taper=1.00 n=7)+CONSEC_REDUCE(0.50)+HARD_RISK_CAP(2.0%)+MAXLOSS_CAP;213073.97;213082.37;33;0
2026.08.18 02:29:52;XAUUSD;5;1787015299;PROFIT_RATCHET_LOCKED;floor=3.86 peak=9.08;MANAGE_PROFIT;SAFE;1;0;1;-1;-1;4423.57;8.36;8.36;9.08;-4.52;KELLY_LITE;true;0.04;213073.97;0.0417;KELLY_LITE(mult=0.85 taper=1.00 n=7)+CONSEC_REDUCE(0.50)+HARD_RISK_CAP(2.0%)+MAXLOSS_CAP;213073.97;213082.33;33;0
2026.08.18 02:29:52;XAUUSD;5;1787015299;EXIT_TIERED_TRAIL;profit=7.12 peak=9.08 allowedRetrace=1.36;MANAGE_PROFIT;SAFE;1;0;1;-1;-1;4423.57;7.12;7.12;9.08;-4.52;KELLY_LITE;true;0.04;213073.97;0.0417;KELLY_LITE(mult=0.85 taper=1.00 n=7)+CONSEC_REDUCE(0.50)+HARD_RISK_CAP(2.0%)+MAXLOSS_CAP;213073.97;213081.09;37;0
2026.08.18 02:29:53;XAUUSD;5;1787015299;TRADELOG_RECOVER_CLOSE;ticket=119700421 type=main pnl=6.72;RESET;SAFE;0;0;0;-1;-1;4423.57;0.00;0.00;9.08;-4.52;KELLY_LITE;true;0.04;213073.97;0.0417;KELLY_LITE(mult=0.85 taper=1.00 n=7)+CONSEC_REDUCE(0.50)+HARD_RISK_CAP(2.0%)+MAXLOSS_CAP;213080.69;213080.69;33;0
2026.08.18 02:29:53;XAUUSD;5;1787015299;CYCLE_RESET;oldState=RESET realizedPnL=6.72 peak=9.08 worst=-4.52 pyramid=0 consLosses=0;RESET;SAFE;0;0;0;-1;-1;4423.57;0.00;0.00;9.08;-4.52;KELLY_LITE;true;0.04;213073.97;0.0417;KELLY_LITE(mult=0.85 taper=1.00 n=7)+CONSEC_REDUCE(0.50)+HARD_RISK_CAP(2.0%)+MAXLOSS_CAP;213080.69;213080.69;33;0
2026.08.18 02:34:53;XAUUSD;5;1787015300;PLACE_PENDING_START;cycle=1787015300 trend=0 consecLosses=0 preset=AGGRESSIVE;PLACE_PENDING;SAFE;0;0;0;-1;-1;0.00;0.00;0.00;0.00;0.00;KELLY_LITE;true;0.04;213073.97;0.0417;KELLY_LITE(mult=0.85 taper=1.00 n=7)+CONSEC_REDUCE(0.50)+HARD_RISK_CAP(2.0%)+MAXLOSS_CAP;213080.69;213080.69;33;0
2026.08.18 02:34:53;XAUUSD;5;1787015300;OCO_PLACED;buy=119700967 4423.72 lot=0.04 sell=119700968 4419.53 lot=0.04 dist=1.93;WAIT_TRIGGER;SAFE;0;2;0;119700967;119700968;0.00;0.00;0.00;0.00;0.00;KELLY_LITE;true;0.04;213080.69;0.0417;KELLY_LITE(mult=0.90 taper=1.00 n=8)+HARD_RISK_CAP(2.0%)+MAXLOSS_CAP;213080.69;213080.69;33;0
2026.08.18 02:34:57;XAUUSD;5;1787015300;SELL_STOP_TRAILED;Old=4419.53 New=4420.13;WAIT_TRIGGER;SAFE;0;2;0;119700967;119700968;0.00;0.00;0.00;0.00;0.00;KELLY_LITE;true;0.04;213080.69;0.0417;KELLY_LITE(mult=0.90 taper=1.00 n=8)+HARD_RISK_CAP(2.0%)+MAXLOSS_CAP;213080.69;213080.69;33;0
2026.08.18 02:35:01;XAUUSD;5;1787015300;SELL_STOP_TRAILED;Old=4420.13 New=4420.54;WAIT_TRIGGER;SAFE;0;2;0;119700967;119700968;0.00;0.00;0.00;0.00;0.00;KELLY_LITE;true;0.04;213080.69;0.0417;KELLY_LITE(mult=0.90 taper=1.00 n=8)+HARD_RISK_CAP(2.0%)+MAXLOSS_CAP;213080.69;213080.69;33;0
2026.08.18 02:36:05;XAUUSD;5;1787015300;SELL_STOP_TRAILED;Old=4420.54 New=4420.92;WAIT_TRIGGER;SAFE;0;2;0;119700967;119700968;0.00;0.00;0.00;0.00;0.00;KELLY_LITE;true;0.04;213080.69;0.0417;KELLY_LITE(mult=0.90 taper=1.00 n=8)+HARD_RISK_CAP(2.0%)+MAXLOSS_CAP;213080.69;213080.69;33;0
2026.08.18 02:36:12;XAUUSD;5;1787015300;SELL_STOP_TRAILED;Old=4420.92 New=4421.25;WAIT_TRIGGER;SAFE;0;2;0;119700967;119700968;0.00;0.00;0.00;0.00;0.00;KELLY_LITE;true;0.04;213080.69;0.0417;KELLY_LITE(mult=0.90 taper=1.00 n=8)+HARD_RISK_CAP(2.0%)+MAXLOSS_CAP;213080.69;213080.69;33;0
2026.08.18 02:37:32;XAUUSD;5;1787015300;SELL_STOP_TRAILED;Old=4421.25 New=4421.57;WAIT_TRIGGER;SAFE;0;2;0;119700967;119700968;0.00;0.00;0.00;0.00;0.00;KELLY_LITE;true;0.04;213080.69;0.0417;KELLY_LITE(mult=0.90 taper=1.00 n=8)+HARD_RISK_CAP(2.0%)+MAXLOSS_CAP;213080.69;213080.69;33;0
2026.08.18 02:37:42;XAUUSD;5;1787015300;OCO_TRIGGERED_BUY;ticket=119700967 entry=4423.72;POSITION_ACTIVE;SAFE;1;1;0;-1;119700968;0.00;0.04;-1.32;0.00;0.00;KELLY_LITE;true;0.04;213080.69;0.0417;KELLY_LITE(mult=0.90 taper=1.00 n=8)+HARD_RISK_CAP(2.0%)+MAXLOSS_CAP;213080.69;213080.73;34;0
2026.08.18 02:37:42;XAUUSD;5;1787015300;PENDING_DELETED;ticket=119700968 reason=oco_buy_triggered;POSITION_ACTIVE;SAFE;1;0;0;-1;119700968;0.00;-1.40;-1.40;0.00;0.00;KELLY_LITE;true;0.04;213080.69;0.0417;KELLY_LITE(mult=0.90 taper=1.00 n=8)+HARD_RISK_CAP(2.0%)+MAXLOSS_CAP;213080.69;213079.29;33;0
2026.08.18 02:37:43;XAUUSD;5;1787015300;HEDGE_PENDING_PLACED;dir=SELL_STOP ticket=119701083 price=4420.37 sl=4423.37 lot=0.05 mainEntry=4423.72 dist=3.00 confirmBars=1;POSITION_ACTIVE;SAFE;1;1;1;-1;-1;4423.72;-1.36;-1.36;0.00;-1.40;KELLY_LITE;true;0.04;213080.69;0.0417;KELLY_LITE(mult=0.90 taper=1.00 n=8)+HARD_RISK_CAP(2.0%)+MAXLOSS_CAP;213080.69;213079.33;34;0
2026.08.18 02:37:43;XAUUSD;5;1787015300;SL_MODIFIED;ticket=119700967 oldSL=4408.72 newSL=4421.72 reason=early_loss_hard_sl_leg_0;MANAGE_PROFIT;SAFE;1;1;1;-1;-1;4423.72;-1.40;-1.40;0.00;-1.40;KELLY_LITE;true;0.04;213080.69;0.0417;KELLY_LITE(mult=0.90 taper=1.00 n=8)+HARD_RISK_CAP(2.0%)+MAXLOSS_CAP;213080.69;213079.29;33;0
2026.08.18 02:38:06;XAUUSD;5;1787015300;RECONCILED_BROKER_CLOSE;ticket=119700967 type=main pnl=-8.00;MANAGE_PROFIT;SAFE;0;1;1;-1;-1;4423.72;0.00;0.00;0.00;-7.64;KELLY_LITE;true;0.04;213080.69;0.0417;KELLY_LITE(mult=0.90 taper=1.00 n=8)+HARD_RISK_CAP(2.0%)+MAXLOSS_CAP;213072.69;213072.69;33;0
2026.08.18 02:38:07;XAUUSD;5;1787015300;PENDING_DELETED;ticket=119701083 reason=main_gone_hedge_pending;WAIT_TRIGGER;SAFE;0;0;1;-1;-1;4423.72;0.00;0.00;0.00;-7.64;KELLY_LITE;true;0.04;213080.69;0.0417;KELLY_LITE(mult=0.90 taper=1.00 n=8)+HARD_RISK_CAP(2.0%)+MAXLOSS_CAP;213072.69;213072.69;33;0
2026.08.18 02:38:07;XAUUSD;5;1787015300;HEDGE_PENDING_CLEANUP;main_position_gone;WAIT_TRIGGER;SAFE;0;0;1;-1;-1;4423.72;0.00;0.00;0.00;-7.64;KELLY_LITE;true;0.04;213080.69;0.0417;KELLY_LITE(mult=0.90 taper=1.00 n=8)+HARD_RISK_CAP(2.0%)+MAXLOSS_CAP;213072.69;213072.69;33;0
2026.08.18 02:38:07;XAUUSD;5;1787015300;LOSS_COOLDOWN_AFTER_LOSS;cyclePnL=-8.00 pauseUntil=2026.08.18 02:43:07;WAIT_TRIGGER;SAFE;0;0;1;-1;-1;4423.72;0.00;0.00;0.00;-7.64;KELLY_LITE;true;0.04;213080.69;0.0417;KELLY_LITE(mult=0.90 taper=1.00 n=8)+HARD_RISK_CAP(2.0%)+MAXLOSS_CAP;213072.69;213072.69;33;0
2026.08.18 02:38:07;XAUUSD;5;1787015300;CYCLE_RESET;oldState=WAIT_TRIGGER realizedPnL=-8.00 peak=0.00 worst=-7.64 pyramid=1 consLosses=1;WAIT_TRIGGER;SAFE;0;0;1;-1;-1;4423.72;0.00;0.00;0.00;-7.64;KELLY_LITE;true;0.04;213080.69;0.0417;KELLY_LITE(mult=0.90 taper=1.00 n=8)+HARD_RISK_CAP(2.0%)+MAXLOSS_CAP;213072.69;213072.69;33;0
2026.08.18 02:43:07;XAUUSD;5;1787015301;PLACE_PENDING_START;cycle=1787015301 trend=0 consecLosses=1 preset=AGGRESSIVE;PLACE_PENDING;SAFE;0;0;0;-1;-1;0.00;0.00;0.00;0.00;0.00;KELLY_LITE;true;0.04;213080.69;0.0417;KELLY_LITE(mult=0.90 taper=1.00 n=8)+HARD_RISK_CAP(2.0%)+MAXLOSS_CAP;213072.69;213072.69;33;0
2026.08.18 02:43:08;XAUUSD;5;1787015301;OCO_PLACED;buy=119701672 4419.49 lot=0.04 sell=119701674 4415.42 lot=0.04 dist=1.87;WAIT_TRIGGER;SAFE;0;2;0;119701672;119701674;0.00;0.00;0.00;0.00;0.00;KELLY_LITE;true;0.04;213072.69;0.0417;KELLY_LITE(mult=0.85 taper=1.00 n=9)+HARD_RISK_CAP(2.0%)+MAXLOSS_CAP;213072.69;213072.69;33;0
2026.08.18 02:43:09;XAUUSD;5;1787015301;BUY_STOP_TRAILED;Old=4419.49 New=4419.17;WAIT_TRIGGER;SAFE;0;2;0;119701672;119701674;0.00;0.00;0.00;0.00;0.00;KELLY_LITE;true;0.04;213072.69;0.0417;KELLY_LITE(mult=0.85 taper=1.00 n=9)+HARD_RISK_CAP(2.0%)+MAXLOSS_CAP;213072.69;213072.69;33;0
2026.08.18 02:43:12;XAUUSD;5;1787015301;BUY_STOP_TRAILED;Old=4419.17 New=4418.82;WAIT_TRIGGER;SAFE;0;2;0;119701672;119701674;0.00;0.00;0.00;0.00;0.00;KELLY_LITE;true;0.04;213072.69;0.0417;KELLY_LITE(mult=0.85 taper=1.00 n=9)+HARD_RISK_CAP(2.0%)+MAXLOSS_CAP;213072.69;213072.69;33;0
2026.08.18 02:43:13;XAUUSD;5;1787015301;BUY_STOP_TRAILED;Old=4418.82 New=4418.35;WAIT_TRIGGER;SAFE;0;2;0;119701672;119701674;0.00;0.00;0.00;0.00;0.00;KELLY_LITE;true;0.04;213072.69;0.0417;KELLY_LITE(mult=0.85 taper=1.00 n=9)+HARD_RISK_CAP(2.0%)+MAXLOSS_CAP;213072.69;213072.69;33;0
2026.08.18 02:43:16;XAUUSD;5;1787015301;BUY_STOP_TRAILED;Old=4418.35 New=4417.98;WAIT_TRIGGER;SAFE;0;2;0;119701672;119701674;0.00;0.00;0.00;0.00;0.00;KELLY_LITE;true;0.04;213072.69;0.0417;KELLY_LITE(mult=0.85 taper=1.00 n=9)+HARD_RISK_CAP(2.0%)+MAXLOSS_CAP;213072.69;213072.69;33;0
2026.08.18 02:44:00;XAUUSD;5;1787015301;OCO_TRIGGERED_SELL;ticket=119701674 entry=4415.42;POSITION_ACTIVE;SAFE;1;1;0;119701672;-1;0.00;-0.80;-0.80;0.00;0.00;KELLY_LITE;true;0.04;213072.69;0.0417;KELLY_LITE(mult=0.85 taper=1.00 n=9)+HARD_RISK_CAP(2.0%)+MAXLOSS_CAP;213072.69;213071.89;30;0
2026.08.18 02:44:01;XAUUSD;5;1787015301;PENDING_DELETED;ticket=119701672 reason=oco_sell_triggered;POSITION_ACTIVE;SAFE;1;0;0;119701672;-1;0.00;0.60;0.60;0.00;0.00;KELLY_LITE;true;0.04;213072.69;0.0417;KELLY_LITE(mult=0.85 taper=1.00 n=9)+HARD_RISK_CAP(2.0%)+MAXLOSS_CAP;213072.69;213073.29;30;0
2026.08.18 02:44:02;XAUUSD;5;1787015301;HEDGE_PENDING_PLACED;dir=BUY_STOP ticket=119701854 price=4418.27 sl=4415.27 lot=0.05 mainEntry=4415.42 dist=3.00 confirmBars=1;POSITION_ACTIVE;SAFE;1;1;1;-1;-1;4415.42;1.12;1.12;0.60;0.00;KELLY_LITE;true;0.04;213072.69;0.0417;KELLY_LITE(mult=0.85 taper=1.00 n=9)+HARD_RISK_CAP(2.0%)+MAXLOSS_CAP;213072.69;213073.81;33;0
2026.08.18 02:44:02;XAUUSD;5;1787015301;SL_MODIFIED;ticket=119701674 oldSL=4430.42 newSL=4417.42 reason=early_loss_hard_sl_leg_0;MANAGE_PROFIT;SAFE;1;1;1;-1;-1;4415.42;1.28;1.28;1.12;0.00;KELLY_LITE;true;0.04;213072.69;0.0417;KELLY_LITE(mult=0.85 taper=1.00 n=9)+HARD_RISK_CAP(2.0%)+MAXLOSS_CAP;213072.69;213073.97;33;0
2026.08.18 02:44:47;XAUUSD;5;1787015301;SL_MODIFIED;ticket=119701674 oldSL=4417.42 newSL=4413.98 reason=break_even_lock_leg_0 (retry buf=3pt);MANAGE_PROFIT;SAFE;1;1;1;-1;-1;4415.42;7.88;7.88;8.12;-1.60;KELLY_LITE;true;0.04;213072.69;0.0417;KELLY_LITE(mult=0.85 taper=1.00 n=9)+HARD_RISK_CAP(2.0%)+MAXLOSS_CAP;213072.69;213080.57;33;0
2026.08.18 02:44:47;XAUUSD;5;1787015301;PROFIT_RATCHET_LOCKED;floor=3.45 peak=8.12;MANAGE_PROFIT;SAFE;1;1;1;-1;-1;4415.42;7.88;7.88;8.12;-1.60;KELLY_LITE;true;0.04;213072.69;0.0417;KELLY_LITE(mult=0.85 taper=1.00 n=9)+HARD_RISK_CAP(2.0%)+MAXLOSS_CAP;213072.69;213080.57;33;0
2026.08.18 02:44:47;XAUUSD;5;1787015301;PROFIT_RATCHET_LOCKED;floor=3.45 peak=8.12;MANAGE_PROFIT;SAFE;1;1;1;-1;-1;4415.42;7.88;7.88;8.12;-1.60;KELLY_LITE;true;0.04;213072.69;0.0417;KELLY_LITE(mult=0.85 taper=1.00 n=9)+HARD_RISK_CAP(2.0%)+MAXLOSS_CAP;213072.69;213080.57;33;0
2026.08.18 02:44:48;XAUUSD;5;1787015301;SL_MODIFIED;ticket=119701674 oldSL=4413.98 newSL=4413.78 reason=break_even_lock_leg_0;MANAGE_PROFIT;SAFE;1;1;1;-1;-1;4415.42;8.72;8.72;8.64;-1.60;KELLY_LITE;true;0.04;213072.69;0.0417;KELLY_LITE(mult=0.85 taper=1.00 n=9)+HARD_RISK_CAP(2.0%)+MAXLOSS_CAP;213072.69;213081.41;33;0
2026.08.18 02:44:48;XAUUSD;5;1787015301;PROFIT_RATCHET_LOCKED;floor=3.67 peak=8.64;MANAGE_PROFIT;SAFE;1;1;1;-1;-1;4415.42;8.72;8.72;8.64;-1.60;KELLY_LITE;true;0.04;213072.69;0.0417;KELLY_LITE(mult=0.85 taper=1.00 n=9)+HARD_RISK_CAP(2.0%)+MAXLOSS_CAP;213072.69;213081.41;33;0
2026.08.18 02:44:48;XAUUSD;5;1787015301;PROFIT_RATCHET_LOCKED;floor=3.71 peak=8.72;MANAGE_PROFIT;SAFE;1;1;1;-1;-1;4415.42;8.72;8.72;8.72;-1.60;KELLY_LITE;true;0.04;213072.69;0.0417;KELLY_LITE(mult=0.85 taper=1.00 n=9)+HARD_RISK_CAP(2.0%)+MAXLOSS_CAP;213072.69;213081.41;33;0
2026.08.18 02:44:49;XAUUSD;5;1787015301;SL_MODIFIED;ticket=119701674 oldSL=4413.78 newSL=4413.69 reason=break_even_lock_leg_0;MANAGE_PROFIT;SAFE;1;1;1;-1;-1;4415.42;9.16;9.16;9.00;-1.60;KELLY_LITE;true;0.04;213072.69;0.0417;KELLY_LITE(mult=0.85 taper=1.00 n=9)+HARD_RISK_CAP(2.0%)+MAXLOSS_CAP;213072.69;213081.85;33;0
2026.08.18 02:44:49;XAUUSD;5;1787015301;PROFIT_RATCHET_LOCKED;floor=3.83 peak=9.00;MANAGE_PROFIT;SAFE;1;1;1;-1;-1;4415.42;9.16;9.16;9.00;-1.60;KELLY_LITE;true;0.04;213072.69;0.0417;KELLY_LITE(mult=0.85 taper=1.00 n=9)+HARD_RISK_CAP(2.0%)+MAXLOSS_CAP;213072.69;213081.85;33;0
2026.08.18 02:44:49;XAUUSD;5;1787015301;SL_MODIFY_FAILED;ticket=119701674 newSL=4413.65 reason=break_even_lock_leg_0 err=0;MANAGE_PROFIT;SAFE;1;1;1;-1;-1;4415.42;8.96;8.96;9.16;-1.60;KELLY_LITE;true;0.04;213072.69;0.0417;KELLY_LITE(mult=0.85 taper=1.00 n=9)+HARD_RISK_CAP(2.0%)+MAXLOSS_CAP;213072.69;213081.65;33;0
2026.08.18 02:44:49;XAUUSD;5;1787015301;PROFIT_RATCHET_LOCKED;floor=3.89 peak=9.16;MANAGE_PROFIT;SAFE;1;1;1;-1;-1;4415.42;8.96;8.96;9.16;-1.60;KELLY_LITE;true;0.04;213072.69;0.0417;KELLY_LITE(mult=0.85 taper=1.00 n=9)+HARD_RISK_CAP(2.0%)+MAXLOSS_CAP;213072.69;213081.65;33;0
2026.08.18 02:44:49;XAUUSD;5;1787015301;PROFIT_RATCHET_LOCKED;floor=3.89 peak=9.16;MANAGE_PROFIT;SAFE;1;1;1;-1;-1;4415.42;8.96;8.96;9.16;-1.60;KELLY_LITE;true;0.04;213072.69;0.0417;KELLY_LITE(mult=0.85 taper=1.00 n=9)+HARD_RISK_CAP(2.0%)+MAXLOSS_CAP;213072.69;213081.65;33;0
2026.08.18 02:44:50;XAUUSD;5;1787015301;SL_MODIFIED;ticket=119701674 oldSL=4413.69 newSL=4413.61 reason=break_even_lock_leg_0;MANAGE_PROFIT;SAFE;1;1;1;-1;-1;4415.42;9.68;9.68;9.32;-1.60;KELLY_LITE;true;0.04;213072.69;0.0417;KELLY_LITE(mult=0.85 taper=1.00 n=9)+HARD_RISK_CAP(2.0%)+MAXLOSS_CAP;213072.69;213082.37;33;0
2026.08.18 02:44:50;XAUUSD;5;1787015301;PROFIT_RATCHET_LOCKED;floor=3.96 peak=9.32;MANAGE_PROFIT;SAFE;1;1;1;-1;-1;4415.42;9.68;9.68;9.32;-1.60;KELLY_LITE;true;0.04;213072.69;0.0417;KELLY_LITE(mult=0.85 taper=1.00 n=9)+HARD_RISK_CAP(2.0%)+MAXLOSS_CAP;213072.69;213082.37;33;0
2026.08.18 02:44:50;XAUUSD;5;1787015301;SL_MODIFIED;ticket=119701674 oldSL=4413.61 newSL=4413.52 reason=break_even_lock_leg_0;MANAGE_PROFIT;SAFE;1;1;1;-1;-1;4415.42;10.32;11.04;9.68;-1.60;KELLY_LITE;true;0.04;213072.69;0.0417;KELLY_LITE(mult=0.85 taper=1.00 n=9)+HARD_RISK_CAP(2.0%)+MAXLOSS_CAP;213072.69;213083.01;33;0
2026.08.18 02:44:50;XAUUSD;5;1787015301;PROFIT_RATCHET_LOCKED;floor=4.11 peak=9.68;MANAGE_PROFIT;SAFE;1;1;1;-1;-1;4415.42;10.32;11.04;9.68;-1.60;KELLY_LITE;true;0.04;213072.69;0.0417;KELLY_LITE(mult=0.85 taper=1.00 n=9)+HARD_RISK_CAP(2.0%)+MAXLOSS_CAP;213072.69;213083.01;33;0
2026.08.18 02:44:51;XAUUSD;5;1787015301;SL_MODIFIED;ticket=119701674 oldSL=4413.52 newSL=4413.36 reason=break_even_lock_leg_0 (retry buf=20pt);MANAGE_PROFIT;SAFE;1;1;1;-1;-1;4415.42;11.04;11.04;10.32;-1.60;KELLY_LITE;true;0.04;213072.69;0.0417;KELLY_LITE(mult=0.85 taper=1.00 n=9)+HARD_RISK_CAP(2.0%)+MAXLOSS_CAP;213072.69;213083.73;33;0
2026.08.18 02:44:51;XAUUSD;5;1787015301;PROFIT_RATCHET_LOCKED;floor=4.39 peak=10.32;MANAGE_PROFIT;SAFE;1;1;1;-1;-1;4415.42;11.04;11.04;10.32;-1.60;KELLY_LITE;true;0.04;213072.69;0.0417;KELLY_LITE(mult=0.85 taper=1.00 n=9)+HARD_RISK_CAP(2.0%)+MAXLOSS_CAP;213072.69;213083.73;33;0
2026.08.18 02:44:51;XAUUSD;5;1787015301;PROFIT_RATCHET_LOCKED;floor=4.39 peak=10.32;MANAGE_PROFIT;SAFE;1;1;1;-1;-1;4415.42;10.32;10.32;10.32;-1.60;KELLY_LITE;true;0.04;213072.69;0.0417;KELLY_LITE(mult=0.85 taper=1.00 n=9)+HARD_RISK_CAP(2.0%)+MAXLOSS_CAP;213072.69;213083.01;33;0
2026.08.18 02:44:52;XAUUSD;5;1787015301;SL_MODIFIED;ticket=119701674 oldSL=4413.36 newSL=4413.33 reason=break_even_lock_leg_0;MANAGE_PROFIT;SAFE;1;1;1;-1;-1;4415.42;10.48;10.48;10.44;-1.60;KELLY_LITE;true;0.04;213072.69;0.0417;KELLY_LITE(mult=0.85 taper=1.00 n=9)+HARD_RISK_CAP(2.0%)+MAXLOSS_CAP;213072.69;213083.17;33;0
2026.08.18 02:44:52;XAUUSD;5;1787015301;PROFIT_RATCHET_LOCKED;floor=4.44 peak=10.44;MANAGE_PROFIT;SAFE;1;1;1;-1;-1;4415.42;10.48;10.48;10.44;-1.60;KELLY_LITE;true;0.04;213072.69;0.0417;KELLY_LITE(mult=0.85 taper=1.00 n=9)+HARD_RISK_CAP(2.0%)+MAXLOSS_CAP;213072.69;213083.17;33;0
2026.08.18 02:44:52;XAUUSD;5;1787015301;PROFIT_RATCHET_LOCKED;floor=4.45 peak=10.48;MANAGE_PROFIT;SAFE;1;1;1;-1;-1;4415.42;10.48;10.48;10.48;-1.60;KELLY_LITE;true;0.04;213072.69;0.0417;KELLY_LITE(mult=0.85 taper=1.00 n=9)+HARD_RISK_CAP(2.0%)+MAXLOSS_CAP;213072.69;213083.17;33;0
2026.08.18 02:44:52;XAUUSD;5;1787015301;PROFIT_RATCHET_LOCKED;floor=4.69 peak=11.04;MANAGE_PROFIT;SAFE;1;1;1;-1;-1;4415.42;10.36;10.36;11.04;-1.60;KELLY_LITE;true;0.04;213072.69;0.0417;KELLY_LITE(mult=0.85 taper=1.00 n=9)+HARD_RISK_CAP(2.0%)+MAXLOSS_CAP;213072.69;213083.05;33;0
2026.08.18 02:44:52;XAUUSD;5;1787015301;PROFIT_RATCHET_LOCKED;floor=4.69 peak=11.04;MANAGE_PROFIT;SAFE;1;1;1;-1;-1;4415.42;10.36;10.36;11.04;-1.60;KELLY_LITE;true;0.04;213072.69;0.0417;KELLY_LITE(mult=0.85 taper=1.00 n=9)+HARD_RISK_CAP(2.0%)+MAXLOSS_CAP;213072.69;213083.05;33;0
2026.08.18 02:44:52;XAUUSD;5;1787015301;PROFIT_RATCHET_LOCKED;floor=4.69 peak=11.04;MANAGE_PROFIT;SAFE;1;1;1;-1;-1;4415.42;10.40;10.40;11.04;-1.60;KELLY_LITE;true;0.04;213072.69;0.0417;KELLY_LITE(mult=0.85 taper=1.00 n=9)+HARD_RISK_CAP(2.0%)+MAXLOSS_CAP;213072.69;213083.09;33;0
2026.08.18 02:44:53;XAUUSD;5;1787015301;PROFIT_RATCHET_LOCKED;floor=4.69 peak=11.04;MANAGE_PROFIT;SAFE;1;1;1;-1;-1;4415.42;10.48;10.48;11.04;-1.60;KELLY_LITE;true;0.04;213072.69;0.0417;KELLY_LITE(mult=0.85 taper=1.00 n=9)+HARD_RISK_CAP(2.0%)+MAXLOSS_CAP;213072.69;213083.17;33;0
2026.08.18 02:44:53;XAUUSD;5;1787015301;SL_MODIFIED;ticket=119701674 oldSL=4413.33 newSL=4413.23 reason=break_even_lock_leg_0;MANAGE_PROFIT;SAFE;1;1;1;-1;-1;4415.42;11.04;11.04;11.04;-1.60;KELLY_LITE;true;0.04;213072.69;0.0417;KELLY_LITE(mult=0.85 taper=1.00 n=9)+HARD_RISK_CAP(2.0%)+MAXLOSS_CAP;213072.69;213083.73;33;0
2026.08.18 02:44:53;XAUUSD;5;1787015301;PROFIT_RATCHET_LOCKED;floor=4.69 peak=11.04;MANAGE_PROFIT;SAFE;1;1;1;-1;-1;4415.42;11.04;11.04;11.04;-1.60;KELLY_LITE;true;0.04;213072.69;0.0417;KELLY_LITE(mult=0.85 taper=1.00 n=9)+HARD_RISK_CAP(2.0%)+MAXLOSS_CAP;213072.69;213083.73;33;0
2026.08.18 02:44:54;XAUUSD;5;1787015301;PROFIT_RATCHET_LOCKED;floor=4.69 peak=11.04;MANAGE_PROFIT;SAFE;1;1;1;-1;-1;4415.42;10.72;10.72;11.04;-1.60;KELLY_LITE;true;0.04;213072.69;0.0417;KELLY_LITE(mult=0.85 taper=1.00 n=9)+HARD_RISK_CAP(2.0%)+MAXLOSS_CAP;213072.69;213083.41;33;0
2026.08.18 02:44:54;XAUUSD;5;1787015301;PROFIT_RATCHET_LOCKED;floor=4.69 peak=11.04;MANAGE_PROFIT;SAFE;1;1;1;-1;-1;4415.42;10.72;10.72;11.04;-1.60;KELLY_LITE;true;0.04;213072.69;0.0417;KELLY_LITE(mult=0.85 taper=1.00 n=9)+HARD_RISK_CAP(2.0%)+MAXLOSS_CAP;213072.69;213083.41;33;0
2026.08.18 02:44:54;XAUUSD;5;1787015301;PROFIT_RATCHET_LOCKED;floor=4.69 peak=11.04;MANAGE_PROFIT;SAFE;1;1;1;-1;-1;4415.42;10.60;10.60;11.04;-1.60;KELLY_LITE;true;0.04;213072.69;0.0417;KELLY_LITE(mult=0.85 taper=1.00 n=9)+HARD_RISK_CAP(2.0%)+MAXLOSS_CAP;213072.69;213083.29;33;0
2026.08.18 02:44:55;XAUUSD;5;1787015301;SL_MODIFIED;ticket=119701674 oldSL=4413.23 newSL=4413.13 reason=break_even_lock_leg_0;MANAGE_PROFIT;SAFE;1;1;1;-1;-1;4415.42;11.24;11.24;11.24;-1.60;KELLY_LITE;true;0.04;213072.69;0.0417;KELLY_LITE(mult=0.85 taper=1.00 n=9)+HARD_RISK_CAP(2.0%)+MAXLOSS_CAP;213072.69;213083.93;33;0
2026.08.18 02:44:55;XAUUSD;5;1787015301;PROFIT_RATCHET_LOCKED;floor=4.78 peak=11.24;MANAGE_PROFIT;SAFE;1;1;1;-1;-1;4415.42;11.24;11.24;11.24;-1.60;KELLY_LITE;true;0.04;213072.69;0.0417;KELLY_LITE(mult=0.85 taper=1.00 n=9)+HARD_RISK_CAP(2.0%)+MAXLOSS_CAP;213072.69;213083.93;33;0
2026.08.18 02:44:55;XAUUSD;5;1787015301;PROFIT_RATCHET_LOCKED;floor=4.78 peak=11.24;MANAGE_PROFIT;SAFE;1;1;1;-1;-1;4415.42;11.24;11.24;11.24;-1.60;KELLY_LITE;true;0.04;213072.69;0.0417;KELLY_LITE(mult=0.85 taper=1.00 n=9)+HARD_RISK_CAP(2.0%)+MAXLOSS_CAP;213072.69;213083.93;33;0
2026.08.18 02:44:55;XAUUSD;5;1787015301;PROFIT_RATCHET_LOCKED;floor=4.78 peak=11.24;MANAGE_PROFIT;SAFE;1;1;1;-1;-1;4415.42;10.76;10.76;11.24;-1.60;KELLY_LITE;true;0.04;213072.69;0.0417;KELLY_LITE(mult=0.85 taper=1.00 n=9)+HARD_RISK_CAP(2.0%)+MAXLOSS_CAP;213072.69;213083.45;33;0
2026.08.18 02:44:56;XAUUSD;5;1787015301;PROFIT_RATCHET_LOCKED;floor=4.78 peak=11.24;MANAGE_PROFIT;SAFE;1;1;1;-1;-1;4415.42;10.48;10.48;11.24;-1.60;KELLY_LITE;true;0.04;213072.69;0.0417;KELLY_LITE(mult=0.85 taper=1.00 n=9)+HARD_RISK_CAP(2.0%)+MAXLOSS_CAP;213072.69;213083.17;33;0
2026.08.18 02:44:56;XAUUSD;5;1787015301;PROFIT_RATCHET_LOCKED;floor=4.78 peak=11.24;MANAGE_PROFIT;SAFE;1;1;1;-1;-1;4415.42;10.40;10.40;11.24;-1.60;KELLY_LITE;true;0.04;213072.69;0.0417;KELLY_LITE(mult=0.85 taper=1.00 n=9)+HARD_RISK_CAP(2.0%)+MAXLOSS_CAP;213072.69;213083.09;33;0
2026.08.18 02:44:56;XAUUSD;5;1787015301;PROFIT_RATCHET_LOCKED;floor=4.78 peak=11.24;MANAGE_PROFIT;SAFE;1;1;1;-1;-1;4415.42;10.32;10.32;11.24;-1.60;KELLY_LITE;true;0.04;213072.69;0.0417;KELLY_LITE(mult=0.85 taper=1.00 n=9)+HARD_RISK_CAP(2.0%)+MAXLOSS_CAP;213072.69;213083.01;33;0
2026.08.18 02:44:56;XAUUSD;5;1787015301;PROFIT_RATCHET_LOCKED;floor=4.78 peak=11.24;MANAGE_PROFIT;SAFE;1;1;1;-1;-1;4415.42;10.20;10.20;11.24;-1.60;KELLY_LITE;true;0.04;213072.69;0.0417;KELLY_LITE(mult=0.85 taper=1.00 n=9)+HARD_RISK_CAP(2.0%)+MAXLOSS_CAP;213072.69;213082.89;33;0
2026.08.18 02:44:57;XAUUSD;5;1787015301;PROFIT_RATCHET_LOCKED;floor=4.78 peak=11.24;MANAGE_PROFIT;SAFE;1;1;1;-1;-1;4415.42;10.24;10.24;11.24;-1.60;KELLY_LITE;true;0.04;213072.69;0.0417;KELLY_LITE(mult=0.85 taper=1.00 n=9)+HARD_RISK_CAP(2.0%)+MAXLOSS_CAP;213072.69;213082.93;33;0
2026.08.18 02:44:57;XAUUSD;5;1787015301;PROFIT_RATCHET_LOCKED;floor=4.78 peak=11.24;MANAGE_PROFIT;SAFE;1;1;1;-1;-1;4415.42;10.28;10.28;11.24;-1.60;KELLY_LITE;true;0.04;213072.69;0.0417;KELLY_LITE(mult=0.85 taper=1.00 n=9)+HARD_RISK_CAP(2.0%)+MAXLOSS_CAP;213072.69;213082.97;33;0
2026.08.18 02:44:57;XAUUSD;5;1787015301;PROFIT_RATCHET_LOCKED;floor=4.78 peak=11.24;MANAGE_PROFIT;SAFE;1;1;1;-1;-1;4415.42;10.20;10.20;11.24;-1.60;KELLY_LITE;true;0.04;213072.69;0.0417;KELLY_LITE(mult=0.85 taper=1.00 n=9)+HARD_RISK_CAP(2.0%)+MAXLOSS_CAP;213072.69;213082.89;33;0
2026.08.18 02:44:57;XAUUSD;5;1787015301;PROFIT_RATCHET_LOCKED;floor=4.78 peak=11.24;MANAGE_PROFIT;SAFE;1;1;1;-1;-1;4415.42;10.16;10.16;11.24;-1.60;KELLY_LITE;true;0.04;213072.69;0.0417;KELLY_LITE(mult=0.85 taper=1.00 n=9)+HARD_RISK_CAP(2.0%)+MAXLOSS_CAP;213072.69;213082.85;33;0
2026.08.18 02:44:58;XAUUSD;5;1787015301;EXIT_TIERED_TRAIL;profit=9.88 peak=11.24 allowedRetrace=1.35;MANAGE_PROFIT;SAFE;1;1;1;-1;-1;4415.42;9.88;9.88;11.24;-1.60;KELLY_LITE;true;0.04;213072.69;0.0417;KELLY_LITE(mult=0.85 taper=1.00 n=9)+HARD_RISK_CAP(2.0%)+MAXLOSS_CAP;213072.69;213082.57;33;0
2026.08.18 02:44:58;XAUUSD;5;1787015301;POSITION_CLOSED;ticket=119701674 reason=tiered_profit_trail lots=0.04 price=4412.95 pnl=9.88;MANAGE_PROFIT;SAFE;0;1;1;-1;-1;4415.42;0.00;0.00;11.24;-1.60;KELLY_LITE;true;0.04;213072.69;0.0417;KELLY_LITE(mult=0.85 taper=1.00 n=9)+HARD_RISK_CAP(2.0%)+MAXLOSS_CAP;213082.85;213082.85;33;0
2026.08.18 02:44:59;XAUUSD;5;1787015301;PENDING_DELETED;ticket=119701854 reason=close_all_hedge;MANAGE_PROFIT;SAFE;0;0;0;-1;-1;4415.42;0.00;0.00;11.24;-1.60;KELLY_LITE;true;0.04;213072.69;0.0417;KELLY_LITE(mult=0.85 taper=1.00 n=9)+HARD_RISK_CAP(2.0%)+MAXLOSS_CAP;213082.85;213082.85;33;0
2026.08.18 02:44:59;XAUUSD;5;1787015301;CYCLE_RESET;oldState=RESET realizedPnL=10.16 peak=11.24 worst=-1.60 pyramid=0 consLosses=0;RESET;SAFE;0;0;0;-1;-1;4415.42;0.00;0.00;11.24;-1.60;KELLY_LITE;true;0.04;213072.69;0.0417;KELLY_LITE(mult=0.85 taper=1.00 n=9)+HARD_RISK_CAP(2.0%)+MAXLOSS_CAP;213082.85;213082.85;33;0
2026.08.18 02:49:59;XAUUSD;5;1787015302;PLACE_PENDING_START;cycle=1787015302 trend=0 consecLosses=0 preset=AGGRESSIVE;PLACE_PENDING;SAFE;0;0;0;-1;-1;0.00;0.00;0.00;0.00;0.00;KELLY_LITE;true;0.04;213072.69;0.0417;KELLY_LITE(mult=0.85 taper=1.00 n=9)+HARD_RISK_CAP(2.0%)+MAXLOSS_CAP;213082.85;213082.85;33;0
2026.08.18 02:50:00;XAUUSD;5;1787015302;OCO_PLACED;buy=119703343 4409.88 lot=0.04 sell=119703344 4405.23 lot=0.04 dist=2.16;WAIT_TRIGGER;SAFE;0;2;0;119703343;119703344;0.00;0.00;0.00;0.00;0.00;KELLY_LITE;true;0.04;213082.85;0.0417;KELLY_LITE(mult=0.90 taper=1.00 n=10)+HARD_RISK_CAP(2.0%)+MAXLOSS_CAP;213082.85;213082.85;33;0
2026.08.18 02:50:02;XAUUSD;5;1787015302;BUY_STOP_TRAILED;Old=4409.88 New=4409.54;WAIT_TRIGGER;SAFE;0;2;0;119703343;119703344;0.00;0.00;0.00;0.00;0.00;KELLY_LITE;true;0.04;213082.85;0.0417;KELLY_LITE(mult=0.90 taper=1.00 n=10)+HARD_RISK_CAP(2.0%)+MAXLOSS_CAP;213082.85;213082.85;30;0
2026.08.18 02:50:10;XAUUSD;5;1787015302;BUY_STOP_TRAILED;Old=4409.54 New=4409.11;WAIT_TRIGGER;SAFE;0;2;0;119703343;119703344;0.00;0.00;0.00;0.00;0.00;KELLY_LITE;true;0.04;213082.85;0.0417;KELLY_LITE(mult=0.90 taper=1.00 n=10)+HARD_RISK_CAP(2.0%)+MAXLOSS_CAP;213082.85;213082.85;33;0
2026.08.18 02:50:13;XAUUSD;5;1787015302;BUY_STOP_TRAILED;Old=4409.11 New=4408.75;WAIT_TRIGGER;SAFE;0;2;0;119703343;119703344;0.00;0.00;0.00;0.00;0.00;KELLY_LITE;true;0.04;213082.85;0.0417;KELLY_LITE(mult=0.90 taper=1.00 n=10)+HARD_RISK_CAP(2.0%)+MAXLOSS_CAP;213082.85;213082.85;33;0
2026.08.18 02:50:13;XAUUSD;5;1787015302;BUY_STOP_TRAILED;Old=4408.75 New=4408.28;WAIT_TRIGGER;SAFE;0;2;0;119703343;119703344;0.00;0.00;0.00;0.00;0.00;KELLY_LITE;true;0.04;213082.85;0.0417;KELLY_LITE(mult=0.90 taper=1.00 n=10)+HARD_RISK_CAP(2.0%)+MAXLOSS_CAP;213082.85;213082.85;33;0
2026.08.18 02:51:08;XAUUSD;5;1787015302;SELL_STOP_TRAILED;Old=4405.23 New=4405.60;WAIT_TRIGGER;SAFE;0;2;0;119703343;119703344;0.00;0.00;0.00;0.00;0.00;KELLY_LITE;true;0.04;213082.85;0.0417;KELLY_LITE(mult=0.90 taper=1.00 n=10)+HARD_RISK_CAP(2.0%)+MAXLOSS_CAP;213082.85;213082.85;33;0
2026.08.18 02:51:15;XAUUSD;5;1787015302;OCO_TRIGGERED_BUY;ticket=119703343 entry=4408.28;POSITION_ACTIVE;SAFE;1;1;0;-1;119703344;0.00;-1.32;-1.32;0.00;0.00;KELLY_LITE;true;0.04;213082.85;0.0417;KELLY_LITE(mult=0.90 taper=1.00 n=10)+HARD_RISK_CAP(2.0%)+MAXLOSS_CAP;213082.85;213081.53;33;0
2026.08.18 02:51:16;XAUUSD;5;1787015302;PENDING_DELETED;ticket=119703344 reason=oco_buy_triggered;POSITION_ACTIVE;SAFE;1;0;0;-1;119703344;0.00;-1.48;-1.48;0.00;0.00;KELLY_LITE;true;0.04;213082.85;0.0417;KELLY_LITE(mult=0.90 taper=1.00 n=10)+HARD_RISK_CAP(2.0%)+MAXLOSS_CAP;213082.85;213081.37;33;0
2026.08.18 02:51:16;XAUUSD;5;1787015302;HEDGE_PENDING_PLACED;dir=SELL_STOP ticket=119703476 price=4404.91 sl=4407.91 lot=0.05 mainEntry=4408.28 dist=3.00 confirmBars=1;POSITION_ACTIVE;SAFE;1;1;1;-1;-1;4408.28;-2.44;-2.44;0.00;-1.48;KELLY_LITE;true;0.04;213082.85;0.0417;KELLY_LITE(mult=0.90 taper=1.00 n=10)+HARD_RISK_CAP(2.0%)+MAXLOSS_CAP;213082.85;213080.41;37;0
2026.08.18 02:51:17;XAUUSD;5;1787015302;SL_MODIFIED;ticket=119703343 oldSL=4396.28 newSL=4406.28 reason=early_loss_hard_sl_leg_0;MANAGE_PROFIT;SAFE;1;1;1;-1;-1;4408.28;-3.28;-3.28;0.00;-2.44;KELLY_LITE;true;0.04;213082.85;0.0417;KELLY_LITE(mult=0.90 taper=1.00 n=10)+HARD_RISK_CAP(2.0%)+MAXLOSS_CAP;213082.85;213079.57;33;0
2026.08.18 02:51:28;XAUUSD;5;1787015302;RECONCILED_BROKER_CLOSE;ticket=119703343 type=main pnl=-8.00;MANAGE_PROFIT;SAFE;0;1;1;-1;-1;4408.28;0.00;0.00;0.00;-7.88;KELLY_LITE;true;0.04;213082.85;0.0417;KELLY_LITE(mult=0.90 taper=1.00 n=10)+HARD_RISK_CAP(2.0%)+MAXLOSS_CAP;213074.85;213074.85;37;0
2026.08.18 02:51:28;XAUUSD;5;1787015302;PENDING_DELETED;ticket=119703476 reason=main_gone_hedge_pending;WAIT_TRIGGER;SAFE;0;0;1;-1;-1;4408.28;0.00;0.00;0.00;-7.88;KELLY_LITE;true;0.04;213082.85;0.0417;KELLY_LITE(mult=0.90 taper=1.00 n=10)+HARD_RISK_CAP(2.0%)+MAXLOSS_CAP;213074.85;213074.85;33;0
2026.08.18 02:51:28;XAUUSD;5;1787015302;HEDGE_PENDING_CLEANUP;main_position_gone;WAIT_TRIGGER;SAFE;0;0;1;-1;-1;4408.28;0.00;0.00;0.00;-7.88;KELLY_LITE;true;0.04;213082.85;0.0417;KELLY_LITE(mult=0.90 taper=1.00 n=10)+HARD_RISK_CAP(2.0%)+MAXLOSS_CAP;213074.85;213074.85;33;0
2026.08.18 02:51:28;XAUUSD;5;1787015302;LOSS_COOLDOWN_AFTER_LOSS;cyclePnL=-8.00 pauseUntil=2026.08.18 02:56:28;WAIT_TRIGGER;SAFE;0;0;1;-1;-1;4408.28;0.00;0.00;0.00;-7.88;KELLY_LITE;true;0.04;213082.85;0.0417;KELLY_LITE(mult=0.90 taper=1.00 n=10)+HARD_RISK_CAP(2.0%)+MAXLOSS_CAP;213074.85;213074.85;33;0
2026.08.18 02:51:28;XAUUSD;5;1787015302;CYCLE_RESET;oldState=WAIT_TRIGGER realizedPnL=-8.00 peak=0.00 worst=-7.88 pyramid=1 consLosses=1;WAIT_TRIGGER;SAFE;0;0;1;-1;-1;4408.28;0.00;0.00;0.00;-7.88;KELLY_LITE;true;0.04;213082.85;0.0417;KELLY_LITE(mult=0.90 taper=1.00 n=10)+HARD_RISK_CAP(2.0%)+MAXLOSS_CAP;213074.85;213074.85;33;0
2026.08.18 02:56:28;XAUUSD;5;1787015303;PLACE_PENDING_START;cycle=1787015303 trend=0 consecLosses=1 preset=AGGRESSIVE;PLACE_PENDING;SAFE;0;0;0;-1;-1;0.00;0.00;0.00;0.00;0.00;KELLY_LITE;true;0.04;213082.85;0.0417;KELLY_LITE(mult=0.90 taper=1.00 n=10)+HARD_RISK_CAP(2.0%)+MAXLOSS_CAP;213074.85;213074.85;33;0
2026.08.18 02:56:29;XAUUSD;5;1787015303;OCO_PLACED;buy=119703846 4411.70 lot=0.04 sell=119703847 4407.09 lot=0.04 dist=2.14;WAIT_TRIGGER;SAFE;0;2;0;119703846;119703847;0.00;0.00;0.00;0.00;0.00;KELLY_LITE;true;0.04;213074.85;0.0417;KELLY_LITE(mult=0.85 taper=1.00 n=11)+HARD_RISK_CAP(2.0%)+MAXLOSS_CAP;213074.85;213074.85;33;0
2026.08.18 02:56:30;XAUUSD;5;1787015303;BUY_STOP_TRAILED;Old=4411.70 New=4411.33;WAIT_TRIGGER;SAFE;0;2;0;119703846;119703847;0.00;0.00;0.00;0.00;0.00;KELLY_LITE;true;0.04;213074.85;0.0417;KELLY_LITE(mult=0.85 taper=1.00 n=11)+HARD_RISK_CAP(2.0%)+MAXLOSS_CAP;213074.85;213074.85;37;0
2026.08.18 02:56:31;XAUUSD;5;1787015303;BUY_STOP_TRAILED;Old=4411.33 New=4410.91;WAIT_TRIGGER;SAFE;0;2;0;119703846;119703847;0.00;0.00;0.00;0.00;0.00;KELLY_LITE;true;0.04;213074.85;0.0417;KELLY_LITE(mult=0.85 taper=1.00 n=11)+HARD_RISK_CAP(2.0%)+MAXLOSS_CAP;213074.85;213074.85;33;0
2026.08.18 02:56:38;XAUUSD;5;1787015303;BUY_STOP_TRAILED;Old=4410.91 New=4410.50;WAIT_TRIGGER;SAFE;0;2;0;119703846;119703847;0.00;0.00;0.00;0.00;0.00;KELLY_LITE;true;0.04;213074.85;0.0417;KELLY_LITE(mult=0.85 taper=1.00 n=11)+HARD_RISK_CAP(2.0%)+MAXLOSS_CAP;213074.85;213074.85;33;0
2026.08.18 02:57:13;XAUUSD;5;1787015303;BUY_STOP_TRAILED;Old=4410.50 New=4410.10;WAIT_TRIGGER;SAFE;0;2;0;119703846;119703847;0.00;0.00;0.00;0.00;0.00;KELLY_LITE;true;0.04;213074.85;0.0417;KELLY_LITE(mult=0.85 taper=1.00 n=11)+HARD_RISK_CAP(2.0%)+MAXLOSS_CAP;213074.85;213074.85;33;0
2026.08.18 03:00:06;XAUUSD;5;1787015303;BUY_STOP_TRAILED;Old=4410.10 New=4409.71;WAIT_TRIGGER;SAFE;0;2;0;119703846;119703847;0.00;0.00;0.00;0.00;0.00;KELLY_LITE;true;0.04;213074.85;0.0417;KELLY_LITE(mult=0.85 taper=1.00 n=11)+HARD_RISK_CAP(2.0%)+MAXLOSS_CAP;213074.85;213074.85;33;0
2026.08.18 03:01:02;XAUUSD;5;1787015303;OCO_TRIGGERED_SELL;ticket=119703847 entry=4407.09;POSITION_ACTIVE;SAFE;1;1;0;119703846;-1;0.00;-1.20;-1.20;0.00;0.00;KELLY_LITE;true;0.04;213074.85;0.0417;KELLY_LITE(mult=0.85 taper=1.00 n=11)+HARD_RISK_CAP(2.0%)+MAXLOSS_CAP;213074.85;213073.65;33;0
2026.08.18 03:01:03;XAUUSD;5;1787015303;PENDING_DELETED;ticket=119703846 reason=oco_sell_triggered;POSITION_ACTIVE;SAFE;1;0;0;119703846;-1;0.00;-1.36;-1.36;0.00;0.00;KELLY_LITE;true;0.04;213074.85;0.0417;KELLY_LITE(mult=0.85 taper=1.00 n=11)+HARD_RISK_CAP(2.0%)+MAXLOSS_CAP;213074.85;213073.49;33;0
2026.08.18 03:01:03;XAUUSD;5;1787015303;HEDGE_PENDING_PLACED;dir=BUY_STOP ticket=119704135 price=4410.43 sl=4407.43 lot=0.05 mainEntry=4407.09 dist=3.00 confirmBars=1;POSITION_ACTIVE;SAFE;1;1;1;-1;-1;4407.09;-1.76;-1.76;0.00;-1.36;KELLY_LITE;true;0.04;213074.85;0.0417;KELLY_LITE(mult=0.85 taper=1.00 n=11)+HARD_RISK_CAP(2.0%)+MAXLOSS_CAP;213074.85;213073.09;33;0
2026.08.18 03:01:04;XAUUSD;5;1787015303;SL_MODIFIED;ticket=119703847 oldSL=4422.09 newSL=4409.09 reason=early_loss_hard_sl_leg_0;MANAGE_PROFIT;SAFE;1;1;1;-1;-1;4407.09;-0.92;-0.92;0.00;-1.76;KELLY_LITE;true;0.04;213074.85;0.0417;KELLY_LITE(mult=0.85 taper=1.00 n=11)+HARD_RISK_CAP(2.0%)+MAXLOSS_CAP;213074.85;213073.93;33;0
2026.08.18 03:01:35;XAUUSD;5;1787015303;SL_MODIFIED;ticket=119703847 oldSL=4409.09 newSL=4405.61 reason=break_even_lock_leg_0;MANAGE_PROFIT;SAFE;1;1;1;-1;-1;4407.09;8.12;8.12;8.00;-1.92;KELLY_LITE;true;0.04;213074.85;0.0417;KELLY_LITE(mult=0.85 taper=1.00 n=11)+HARD_RISK_CAP(2.0%)+MAXLOSS_CAP;213074.85;213082.97;33;0
2026.08.18 03:01:35;XAUUSD;5;1787015303;PROFIT_RATCHET_LOCKED;floor=3.40 peak=8.00;MANAGE_PROFIT;SAFE;1;1;1;-1;-1;4407.09;8.12;8.12;8.00;-1.92;KELLY_LITE;true;0.04;213074.85;0.0417;KELLY_LITE(mult=0.85 taper=1.00 n=11)+HARD_RISK_CAP(2.0%)+MAXLOSS_CAP;213074.85;213082.97;33;0
2026.08.18 03:01:36;XAUUSD;5;1787015303;SL_MODIFY_FAILED;ticket=119703847 newSL=4405.58 reason=break_even_lock_leg_0 err=0;MANAGE_PROFIT;SAFE;1;1;1;-1;-1;4407.09;7.44;7.44;8.12;-1.92;KELLY_LITE;true;0.04;213074.85;0.0417;KELLY_LITE(mult=0.85 taper=1.00 n=11)+HARD_RISK_CAP(2.0%)+MAXLOSS_CAP;213074.85;213082.29;33;0
2026.08.18 03:01:36;XAUUSD;5;1787015303;PROFIT_RATCHET_LOCKED;floor=3.45 peak=8.12;MANAGE_PROFIT;SAFE;1;1;1;-1;-1;4407.09;7.44;7.44;8.12;-1.92;KELLY_LITE;true;0.04;213074.85;0.0417;KELLY_LITE(mult=0.85 taper=1.00 n=11)+HARD_RISK_CAP(2.0%)+MAXLOSS_CAP;213074.85;213082.29;33;0
2026.08.18 03:01:36;XAUUSD;5;1787015303;PROFIT_RATCHET_LOCKED;floor=3.45 peak=8.12;MANAGE_PROFIT;SAFE;1;1;1;-1;-1;4407.09;7.44;7.44;8.12;-1.92;KELLY_LITE;true;0.04;213074.85;0.0417;KELLY_LITE(mult=0.85 taper=1.00 n=11)+HARD_RISK_CAP(2.0%)+MAXLOSS_CAP;213074.85;213082.29;33;0
2026.08.18 03:01:36;XAUUSD;5;1787015303;PROFIT_RATCHET_LOCKED;floor=3.45 peak=8.12;MANAGE_PROFIT;SAFE;1;1;1;-1;-1;4407.09;7.16;7.16;8.12;-1.92;KELLY_LITE;true;0.04;213074.85;0.0417;KELLY_LITE(mult=0.85 taper=1.00 n=11)+HARD_RISK_CAP(2.0%)+MAXLOSS_CAP;213074.85;213082.01;33;0
2026.08.18 03:01:36;XAUUSD;5;1787015303;PROFIT_RATCHET_LOCKED;floor=3.45 peak=8.12;MANAGE_PROFIT;SAFE;1;1;1;-1;-1;4407.09;7.12;7.12;8.12;-1.92;KELLY_LITE;true;0.04;213074.85;0.0417;KELLY_LITE(mult=0.85 taper=1.00 n=11)+HARD_RISK_CAP(2.0%)+MAXLOSS_CAP;213074.85;213081.97;33;0
2026.08.18 03:01:37;XAUUSD;5;1787015303;PROFIT_RATCHET_LOCKED;floor=3.45 peak=8.12;MANAGE_PROFIT;SAFE;1;1;1;-1;-1;4407.09;7.36;7.36;8.12;-1.92;KELLY_LITE;true;0.04;213074.85;0.0417;KELLY_LITE(mult=0.85 taper=1.00 n=11)+HARD_RISK_CAP(2.0%)+MAXLOSS_CAP;213074.85;213082.21;33;0
2026.08.18 03:01:37;XAUUSD;5;1787015303;EXIT_TIERED_TRAIL;profit=6.52 peak=8.12 allowedRetrace=1.22;MANAGE_PROFIT;SAFE;1;1;1;-1;-1;4407.09;6.52;6.52;8.12;-1.92;KELLY_LITE;true;0.04;213074.85;0.0417;KELLY_LITE(mult=0.85 taper=1.00 n=11)+HARD_RISK_CAP(2.0%)+MAXLOSS_CAP;213074.85;213081.37;37;0
2026.08.18 03:01:37;XAUUSD;5;1787015303;POSITION_CLOSED;ticket=119703847 reason=tiered_profit_trail lots=0.04 price=4405.46 pnl=6.52;MANAGE_PROFIT;SAFE;0;1;1;-1;-1;4407.09;0.00;0.00;8.12;-1.92;KELLY_LITE;true;0.04;213074.85;0.0417;KELLY_LITE(mult=0.85 taper=1.00 n=11)+HARD_RISK_CAP(2.0%)+MAXLOSS_CAP;213081.13;213081.13;33;0
2026.08.18 03:01:38;XAUUSD;5;1787015303;PENDING_DELETED;ticket=119704135 reason=close_all_hedge;MANAGE_PROFIT;SAFE;0;0;0;-1;-1;4407.09;0.00;0.00;8.12;-1.92;KELLY_LITE;true;0.04;213074.85;0.0417;KELLY_LITE(mult=0.85 taper=1.00 n=11)+HARD_RISK_CAP(2.0%)+MAXLOSS_CAP;213081.13;213081.13;33;0
2026.08.18 03:01:38;XAUUSD;5;1787015303;CYCLE_RESET;oldState=RESET realizedPnL=6.28 peak=8.12 worst=-1.92 pyramid=0 consLosses=0;RESET;SAFE;0;0;0;-1;-1;4407.09;0.00;0.00;8.12;-1.92;KELLY_LITE;true;0.04;213074.85;0.0417;KELLY_LITE(mult=0.85 taper=1.00 n=11)+HARD_RISK_CAP(2.0%)+MAXLOSS_CAP;213081.13;213081.13;33;0
2026.08.18 03:06:38;XAUUSD;5;1787015304;PLACE_PENDING_START;cycle=1787015304 trend=0 consecLosses=0 preset=AGGRESSIVE;PLACE_PENDING;SAFE;0;0;0;-1;-1;0.00;0.00;0.00;0.00;0.00;KELLY_LITE;true;0.04;213074.85;0.0417;KELLY_LITE(mult=0.85 taper=1.00 n=11)+HARD_RISK_CAP(2.0%)+MAXLOSS_CAP;213081.13;213081.13;33;0
2026.08.18 03:06:39;XAUUSD;5;1787015304;OCO_PLACED;buy=119704875 4403.67 lot=0.04 sell=119704876 4398.90 lot=0.04 dist=2.22;WAIT_TRIGGER;SAFE;0;2;0;119704875;119704876;0.00;0.00;0.00;0.00;0.00;KELLY_LITE;true;0.04;213081.13;0.0417;KELLY_LITE(mult=0.90 taper=1.00 n=12)+HARD_RISK_CAP(2.0%)+MAXLOSS_CAP;213081.13;213081.13;33;0
2026.08.18 03:06:44;XAUUSD;5;1787015304;BUY_STOP_TRAILED;Old=4403.67 New=4403.24;WAIT_TRIGGER;SAFE;0;2;0;119704875;119704876;0.00;0.00;0.00;0.00;0.00;KELLY_LITE;true;0.04;213081.13;0.0417;KELLY_LITE(mult=0.90 taper=1.00 n=12)+HARD_RISK_CAP(2.0%)+MAXLOSS_CAP;213081.13;213081.13;33;0
2026.08.18 03:06:45;XAUUSD;5;1787015304;BUY_STOP_TRAILED;Old=4403.24 New=4402.63;WAIT_TRIGGER;SAFE;0;2;0;119704875;119704876;0.00;0.00;0.00;0.00;0.00;KELLY_LITE;true;0.04;213081.13;0.0417;KELLY_LITE(mult=0.90 taper=1.00 n=12)+HARD_RISK_CAP(2.0%)+MAXLOSS_CAP;213081.13;213081.13;33;0
2026.08.18 03:06:46;XAUUSD;5;1787015304;SELL_STOP_TRAILED;Old=4398.90 New=4399.25;WAIT_TRIGGER;SAFE;0;2;0;119704875;119704876;0.00;0.00;0.00;0.00;0.00;KELLY_LITE;true;0.04;213081.13;0.0417;KELLY_LITE(mult=0.90 taper=1.00 n=12)+HARD_RISK_CAP(2.0%)+MAXLOSS_CAP;213081.13;213081.13;33;0
2026.08.18 03:07:13;XAUUSD;5;1787015304;SELL_STOP_TRAILED;Old=4399.25 New=4399.63;WAIT_TRIGGER;SAFE;0;2;0;119704875;119704876;0.00;0.00;0.00;0.00;0.00;KELLY_LITE;true;0.04;213081.13;0.0417;KELLY_LITE(mult=0.90 taper=1.00 n=12)+HARD_RISK_CAP(2.0%)+MAXLOSS_CAP;213081.13;213081.13;33;0
2026.08.18 03:07:14;XAUUSD;5;1787015304;SELL_STOP_TRAILED;Old=4399.63 New=4399.98;WAIT_TRIGGER;SAFE;1;1;0;119704875;119704876;0.00;-0.96;-0.96;0.00;0.00;KELLY_LITE;true;0.04;213081.13;0.0417;KELLY_LITE(mult=0.90 taper=1.00 n=12)+HARD_RISK_CAP(2.0%)+MAXLOSS_CAP;213081.13;213080.17;33;0
2026.08.18 03:07:14;XAUUSD;5;1787015304;OCO_TRIGGERED_BUY;ticket=119704875 entry=4402.63;POSITION_ACTIVE;SAFE;1;1;0;-1;119704876;0.00;-0.96;-0.96;0.00;0.00;KELLY_LITE;true;0.04;213081.13;0.0417;KELLY_LITE(mult=0.90 taper=1.00 n=12)+HARD_RISK_CAP(2.0%)+MAXLOSS_CAP;213081.13;213080.17;33;0
2026.08.18 03:07:14;XAUUSD;5;1787015304;PENDING_DELETED;ticket=119704876 reason=oco_buy_triggered;POSITION_ACTIVE;SAFE;1;0;0;-1;119704876;0.00;-0.92;-0.92;0.00;0.00;KELLY_LITE;true;0.04;213081.13;0.0417;KELLY_LITE(mult=0.90 taper=1.00 n=12)+HARD_RISK_CAP(2.0%)+MAXLOSS_CAP;213081.13;213080.21;33;0
2026.08.18 03:07:15;XAUUSD;5;1787015304;HEDGE_PENDING_PLACED;dir=SELL_STOP ticket=119705003 price=4399.40 sl=4402.40 lot=0.05 mainEntry=4402.63 dist=3.00 confirmBars=1;POSITION_ACTIVE;SAFE;1;1;1;-1;-1;4402.63;-1.84;-1.84;0.00;-0.92;KELLY_LITE;true;0.04;213081.13;0.0417;KELLY_LITE(mult=0.90 taper=1.00 n=12)+HARD_RISK_CAP(2.0%)+MAXLOSS_CAP;213081.13;213079.29;37;0
2026.08.18 03:07:15;XAUUSD;5;1787015304;SL_MODIFIED;ticket=119704875 oldSL=4390.63 newSL=4400.63 reason=early_loss_hard_sl_leg_0;MANAGE_PROFIT;SAFE;1;1;1;-1;-1;4402.63;-2.68;-2.68;0.00;-1.84;KELLY_LITE;true;0.04;213081.13;0.0417;KELLY_LITE(mult=0.90 taper=1.00 n=12)+HARD_RISK_CAP(2.0%)+MAXLOSS_CAP;213081.13;213078.45;33;0
2026.08.18 03:07:51;XAUUSD;5;1787015304;RECONCILED_BROKER_CLOSE;ticket=119704875 type=main pnl=-8.00;MANAGE_PROFIT;SAFE;0;1;1;-1;-1;4402.63;0.00;0.00;0.32;-7.72;KELLY_LITE;true;0.04;213081.13;0.0417;KELLY_LITE(mult=0.90 taper=1.00 n=12)+HARD_RISK_CAP(2.0%)+MAXLOSS_CAP;213073.13;213073.13;37;0
2026.08.18 03:07:52;XAUUSD;5;1787015304;PENDING_DELETED;ticket=119705003 reason=main_gone_hedge_pending;WAIT_TRIGGER;SAFE;0;0;1;-1;-1;4402.63;0.00;0.00;0.32;-7.72;KELLY_LITE;true;0.04;213081.13;0.0417;KELLY_LITE(mult=0.90 taper=1.00 n=12)+HARD_RISK_CAP(2.0%)+MAXLOSS_CAP;213073.13;213073.13;33;0
2026.08.18 03:07:52;XAUUSD;5;1787015304;HEDGE_PENDING_CLEANUP;main_position_gone;WAIT_TRIGGER;SAFE;0;0;1;-1;-1;4402.63;0.00;0.00;0.32;-7.72;KELLY_LITE;true;0.04;213081.13;0.0417;KELLY_LITE(mult=0.90 taper=1.00 n=12)+HARD_RISK_CAP(2.0%)+MAXLOSS_CAP;213073.13;213073.13;33;0
2026.08.18 03:07:52;XAUUSD;5;1787015304;LOSS_COOLDOWN_AFTER_LOSS;cyclePnL=-8.00 pauseUntil=2026.08.18 03:12:52;WAIT_TRIGGER;SAFE;0;0;1;-1;-1;4402.63;0.00;0.00;0.32;-7.72;KELLY_LITE;true;0.04;213081.13;0.0417;KELLY_LITE(mult=0.90 taper=1.00 n=12)+HARD_RISK_CAP(2.0%)+MAXLOSS_CAP;213073.13;213073.13;33;0
2026.08.18 03:07:52;XAUUSD;5;1787015304;CYCLE_RESET;oldState=WAIT_TRIGGER realizedPnL=-8.00 peak=0.32 worst=-7.72 pyramid=1 consLosses=1;WAIT_TRIGGER;SAFE;0;0;1;-1;-1;4402.63;0.00;0.00;0.32;-7.72;KELLY_LITE;true;0.04;213081.13;0.0417;KELLY_LITE(mult=0.90 taper=1.00 n=12)+HARD_RISK_CAP(2.0%)+MAXLOSS_CAP;213073.13;213073.13;33;0
2026.08.18 03:12:52;XAUUSD;5;1787015305;PLACE_PENDING_START;cycle=1787015305 trend=0 consecLosses=1 preset=AGGRESSIVE;PLACE_PENDING;SAFE;0;0;0;-1;-1;0.00;0.00;0.00;0.00;0.00;KELLY_LITE;true;0.04;213081.13;0.0417;KELLY_LITE(mult=0.90 taper=1.00 n=12)+HARD_RISK_CAP(2.0%)+MAXLOSS_CAP;213073.13;213073.13;33;0
2026.08.18 03:12:53;XAUUSD;5;1787015305;OCO_PLACED;buy=119705562 4402.96 lot=0.04 sell=119705563 4398.33 lot=0.04 dist=2.15;WAIT_TRIGGER;SAFE;0;2;0;119705562;119705563;0.00;0.00;0.00;0.00;0.00;KELLY_LITE;true;0.04;213073.13;0.0417;KELLY_LITE(mult=0.85 taper=1.00 n=13)+HARD_RISK_CAP(2.0%)+MAXLOSS_CAP;213073.13;213073.13;33;0
2026.08.18 03:13:00;XAUUSD;5;1787015305;BUY_STOP_TRAILED;Old=4402.96 New=4402.49;WAIT_TRIGGER;SAFE;0;2;0;119705562;119705563;0.00;0.00;0.00;0.00;0.00;KELLY_LITE;true;0.04;213073.13;0.0417;KELLY_LITE(mult=0.85 taper=1.00 n=13)+HARD_RISK_CAP(2.0%)+MAXLOSS_CAP;213073.13;213073.13;33;0
2026.08.18 03:13:07;XAUUSD;5;1787015305;BUY_STOP_TRAILED;Old=4402.49 New=4402.05;WAIT_TRIGGER;SAFE;0;2;0;119705562;119705563;0.00;0.00;0.00;0.00;0.00;KELLY_LITE;true;0.04;213073.13;0.0417;KELLY_LITE(mult=0.85 taper=1.00 n=13)+HARD_RISK_CAP(2.0%)+MAXLOSS_CAP;213073.13;213073.13;33;0
2026.08.18 03:13:07;XAUUSD;5;1787015305;BUY_STOP_TRAILED;Old=4402.05 New=4401.71;WAIT_TRIGGER;SAFE;0;2;0;119705562;119705563;0.00;0.00;0.00;0.00;0.00;KELLY_LITE;true;0.04;213073.13;0.0417;KELLY_LITE(mult=0.85 taper=1.00 n=13)+HARD_RISK_CAP(2.0%)+MAXLOSS_CAP;213073.13;213073.13;33;0
2026.08.18 03:13:45;XAUUSD;5;1787015305;SELL_STOP_TRAILED;Old=4398.33 New=4398.74;WAIT_TRIGGER;SAFE;0;2;0;119705562;119705563;0.00;0.00;0.00;0.00;0.00;KELLY_LITE;true;0.04;213073.13;0.0417;KELLY_LITE(mult=0.85 taper=1.00 n=13)+HARD_RISK_CAP(2.0%)+MAXLOSS_CAP;213073.13;213073.13;33;0
2026.08.18 03:13:47;XAUUSD;5;1787015305;SELL_STOP_TRAILED;Old=4398.74 New=4399.07;WAIT_TRIGGER;SAFE;1;1;0;119705562;119705563;0.00;0.16;-1.16;0.00;0.00;KELLY_LITE;true;0.04;213073.13;0.0417;KELLY_LITE(mult=0.85 taper=1.00 n=13)+HARD_RISK_CAP(2.0%)+MAXLOSS_CAP;213073.13;213073.29;33;0
2026.08.18 03:13:47;XAUUSD;5;1787015305;OCO_TRIGGERED_BUY;ticket=119705562 entry=4401.71;POSITION_ACTIVE;SAFE;1;1;0;-1;119705563;0.00;0.16;-1.16;0.00;0.00;KELLY_LITE;true;0.04;213073.13;0.0417;KELLY_LITE(mult=0.85 taper=1.00 n=13)+HARD_RISK_CAP(2.0%)+MAXLOSS_CAP;213073.13;213073.29;33;0
2026.08.18 03:13:47;XAUUSD;5;1787015305;PENDING_DELETED;ticket=119705563 reason=oco_buy_triggered;POSITION_ACTIVE;SAFE;1;0;0;-1;119705563;0.00;0.04;0.04;0.00;0.00;KELLY_LITE;true;0.04;213073.13;0.0417;KELLY_LITE(mult=0.85 taper=1.00 n=13)+HARD_RISK_CAP(2.0%)+MAXLOSS_CAP;213073.13;213073.17;33;0
2026.08.18 03:13:48;XAUUSD;5;1787015305;HEDGE_PENDING_PLACED;dir=SELL_STOP ticket=119705613 price=4398.72 sl=4401.72 lot=0.05 mainEntry=4401.71 dist=3.00 confirmBars=1;POSITION_ACTIVE;SAFE;1;1;1;-1;-1;4401.71;-0.64;-0.64;0.04;0.00;KELLY_LITE;true;0.04;213073.13;0.0417;KELLY_LITE(mult=0.85 taper=1.00 n=13)+HARD_RISK_CAP(2.0%)+MAXLOSS_CAP;213073.13;213072.49;33;0
2026.08.18 03:13:48;XAUUSD;5;1787015305;SL_MODIFIED;ticket=119705562 oldSL=4389.71 newSL=4399.71 reason=early_loss_hard_sl_leg_0;MANAGE_PROFIT;SAFE;1;1;1;-1;-1;4401.71;-0.64;-0.64;0.04;-0.64;KELLY_LITE;true;0.04;213073.13;0.0417;KELLY_LITE(mult=0.85 taper=1.00 n=13)+HARD_RISK_CAP(2.0%)+MAXLOSS_CAP;213073.13;213072.49;33;0
2026.08.18 03:17:27;XAUUSD;5;1787015305;SL_MODIFIED;ticket=119705562 oldSL=4399.71 newSL=4403.17 reason=break_even_lock_leg_0 (retry buf=3pt);MANAGE_PROFIT;SAFE;1;1;1;-1;-1;4401.71;8.00;7.96;8.12;-5.40;KELLY_LITE;true;0.04;213073.13;0.0417;KELLY_LITE(mult=0.85 taper=1.00 n=13)+HARD_RISK_CAP(2.0%)+MAXLOSS_CAP;213073.13;213081.13;33;0
2026.08.18 03:17:27;XAUUSD;5;1787015305;PROFIT_RATCHET_LOCKED;floor=3.45 peak=8.12;MANAGE_PROFIT;SAFE;1;1;1;-1;-1;4401.71;8.00;7.96;8.12;-5.40;KELLY_LITE;true;0.04;213073.13;0.0417;KELLY_LITE(mult=0.85 taper=1.00 n=13)+HARD_RISK_CAP(2.0%)+MAXLOSS_CAP;213073.13;213081.13;33;0
2026.08.18 03:17:27;XAUUSD;5;1787015305;PROFIT_RATCHET_LOCKED;floor=3.45 peak=8.12;MANAGE_PROFIT;SAFE;1;1;1;-1;-1;4401.71;8.00;7.96;8.12;-5.40;KELLY_LITE;true;0.04;213073.13;0.0417;KELLY_LITE(mult=0.85 taper=1.00 n=13)+HARD_RISK_CAP(2.0%)+MAXLOSS_CAP;213073.13;213081.13;33;0
2026.08.18 03:17:29;XAUUSD;5;1787015305;SL_MODIFIED;ticket=119705562 oldSL=4403.17 newSL=4403.21 reason=break_even_lock_leg_0 (retry buf=3pt);MANAGE_PROFIT;SAFE;1;1;1;-1;-1;4401.71;10.16;9.52;8.12;-5.40;KELLY_LITE;true;0.04;213073.13;0.0417;KELLY_LITE(mult=0.85 taper=1.00 n=13)+HARD_RISK_CAP(2.0%)+MAXLOSS_CAP;213073.13;213083.29;33;0
2026.08.18 03:17:29;XAUUSD;5;1787015305;PROFIT_RATCHET_LOCKED;floor=3.45 peak=8.12;MANAGE_PROFIT;SAFE;1;1;1;-1;-1;4401.71;10.16;9.52;8.12;-5.40;KELLY_LITE;true;0.04;213073.13;0.0417;KELLY_LITE(mult=0.85 taper=1.00 n=13)+HARD_RISK_CAP(2.0%)+MAXLOSS_CAP;213073.13;213083.29;33;0
2026.08.18 03:17:30;XAUUSD;5;1787015305;SL_MODIFIED;ticket=119705562 oldSL=4403.21 newSL=4403.53 reason=break_even_lock_leg_0 (retry buf=3pt);MANAGE_PROFIT;SAFE;1;1;1;-1;-1;4401.71;9.64;10.04;10.16;-5.40;KELLY_LITE;true;0.04;213073.13;0.0417;KELLY_LITE(mult=0.85 taper=1.00 n=13)+HARD_RISK_CAP(2.0%)+MAXLOSS_CAP;213073.13;213082.77;33;0
2026.08.18 03:17:30;XAUUSD;5;1787015305;PROFIT_RATCHET_LOCKED;floor=4.32 peak=10.16;MANAGE_PROFIT;SAFE;1;1;1;-1;-1;4401.71;9.64;10.04;10.16;-5.40;KELLY_LITE;true;0.04;213073.13;0.0417;KELLY_LITE(mult=0.85 taper=1.00 n=13)+HARD_RISK_CAP(2.0%)+MAXLOSS_CAP;213073.13;213082.77;33;0
2026.08.18 03:17:30;XAUUSD;5;1787015305;SL_MODIFY_FAILED;ticket=119705562 newSL=4403.70 reason=break_even_lock_leg_0 err=0;MANAGE_PROFIT;SAFE;1;1;1;-1;-1;4401.71;9.64;10.04;10.16;-5.40;KELLY_LITE;true;0.04;213073.13;0.0417;KELLY_LITE(mult=0.85 taper=1.00 n=13)+HARD_RISK_CAP(2.0%)+MAXLOSS_CAP;213073.13;213082.77;33;0
2026.08.18 03:17:30;XAUUSD;5;1787015305;PROFIT_RATCHET_LOCKED;floor=4.32 peak=10.16;MANAGE_PROFIT;SAFE;1;1;1;-1;-1;4401.71;9.64;10.04;10.16;-5.40;KELLY_LITE;true;0.04;213073.13;0.0417;KELLY_LITE(mult=0.85 taper=1.00 n=13)+HARD_RISK_CAP(2.0%)+MAXLOSS_CAP;213073.13;213082.77;33;0
2026.08.18 03:17:30;XAUUSD;5;1787015305;PROFIT_RATCHET_LOCKED;floor=4.32 peak=10.16;MANAGE_PROFIT;SAFE;1;1;1;-1;-1;4401.71;9.28;9.28;10.16;-5.40;KELLY_LITE;true;0.04;213073.13;0.0417;KELLY_LITE(mult=0.85 taper=1.00 n=13)+HARD_RISK_CAP(2.0%)+MAXLOSS_CAP;213073.13;213082.41;33;0
2026.08.18 03:17:30;XAUUSD;5;1787015305;PROFIT_RATCHET_LOCKED;floor=4.32 peak=10.16;MANAGE_PROFIT;SAFE;1;1;1;-1;-1;4401.71;9.20;9.20;10.16;-5.40;KELLY_LITE;true;0.04;213073.13;0.0417;KELLY_LITE(mult=0.85 taper=1.00 n=13)+HARD_RISK_CAP(2.0%)+MAXLOSS_CAP;213073.13;213082.33;33;0
2026.08.18 03:17:30;XAUUSD;5;1787015305;PROFIT_RATCHET_LOCKED;floor=4.32 peak=10.16;MANAGE_PROFIT;SAFE;1;1;1;-1;-1;4401.71;9.24;9.24;10.16;-5.40;KELLY_LITE;true;0.04;213073.13;0.0417;KELLY_LITE(mult=0.85 taper=1.00 n=13)+HARD_RISK_CAP(2.0%)+MAXLOSS_CAP;213073.13;213082.37;33;0
2026.08.18 03:17:31;XAUUSD;5;1787015305;PROFIT_RATCHET_LOCKED;floor=4.32 peak=10.16;MANAGE_PROFIT;SAFE;1;1;1;-1;-1;4401.71;9.20;9.20;10.16;-5.40;KELLY_LITE;true;0.04;213073.13;0.0417;KELLY_LITE(mult=0.85 taper=1.00 n=13)+HARD_RISK_CAP(2.0%)+MAXLOSS_CAP;213073.13;213082.33;33;0
2026.08.18 03:17:31;XAUUSD;5;1787015305;PROFIT_RATCHET_LOCKED;floor=4.32 peak=10.16;MANAGE_PROFIT;SAFE;1;1;1;-1;-1;4401.71;9.16;9.16;10.16;-5.40;KELLY_LITE;true;0.04;213073.13;0.0417;KELLY_LITE(mult=0.85 taper=1.00 n=13)+HARD_RISK_CAP(2.0%)+MAXLOSS_CAP;213073.13;213082.29;33;0
2026.08.18 03:17:31;XAUUSD;5;1787015305;EXIT_TIERED_TRAIL;profit=8.76 peak=10.16 allowedRetrace=1.22;MANAGE_PROFIT;SAFE;1;1;1;-1;-1;4401.71;8.76;8.76;10.16;-5.40;KELLY_LITE;true;0.04;213073.13;0.0417;KELLY_LITE(mult=0.85 taper=1.00 n=13)+HARD_RISK_CAP(2.0%)+MAXLOSS_CAP;213073.13;213081.89;33;0
2026.08.18 03:17:32;XAUUSD;5;1787015305;POSITION_CLOSED;ticket=119705562 reason=tiered_profit_trail lots=0.04 price=4403.90 pnl=8.76;MANAGE_PROFIT;SAFE;0;1;1;-1;-1;4401.71;0.00;0.00;10.16;-5.40;KELLY_LITE;true;0.04;213073.13;0.0417;KELLY_LITE(mult=0.85 taper=1.00 n=13)+HARD_RISK_CAP(2.0%)+MAXLOSS_CAP;213083.89;213083.89;33;0
2026.08.18 03:17:32;XAUUSD;5;1787015305;PENDING_DELETED;ticket=119705613 reason=close_all_hedge;MANAGE_PROFIT;SAFE;0;0;0;-1;-1;4401.71;0.00;0.00;10.16;-5.40;KELLY_LITE;true;0.04;213073.13;0.0417;KELLY_LITE(mult=0.85 taper=1.00 n=13)+HARD_RISK_CAP(2.0%)+MAXLOSS_CAP;213083.89;213083.89;33;0
2026.08.18 03:17:32;XAUUSD;5;1787015305;CYCLE_RESET;oldState=RESET realizedPnL=10.76 peak=10.16 worst=-5.40 pyramid=0 consLosses=0;RESET;SAFE;0;0;0;-1;-1;4401.71;0.00;0.00;10.16;-5.40;KELLY_LITE;true;0.04;213073.13;0.0417;KELLY_LITE(mult=0.85 taper=1.00 n=13)+HARD_RISK_CAP(2.0%)+MAXLOSS_CAP;213083.89;213083.89;33;0
2026.08.18 03:22:32;XAUUSD;5;1787015306;PLACE_PENDING_START;cycle=1787015306 trend=0 consecLosses=0 preset=AGGRESSIVE;PLACE_PENDING;SAFE;0;0;0;-1;-1;0.00;0.00;0.00;0.00;0.00;KELLY_LITE;true;0.04;213073.13;0.0417;KELLY_LITE(mult=0.85 taper=1.00 n=13)+HARD_RISK_CAP(2.0%)+MAXLOSS_CAP;213083.89;213083.89;33;0
2026.08.18 03:22:33;XAUUSD;5;1787015306;OCO_PLACED;buy=119706172 4404.71 lot=0.04 sell=119706174 4400.16 lot=0.04 dist=2.11;WAIT_TRIGGER;SAFE;0;2;0;119706172;119706174;0.00;0.00;0.00;0.00;0.00;KELLY_LITE;true;0.04;213083.89;0.0417;KELLY_LITE(mult=0.90 taper=1.00 n=14)+HARD_RISK_CAP(2.0%)+MAXLOSS_CAP;213083.89;213083.89;33;0
2026.08.18 03:22:36;XAUUSD;5;1787015306;BUY_STOP_TRAILED;Old=4404.71 New=4404.40;WAIT_TRIGGER;SAFE;0;2;0;119706172;119706174;0.00;0.00;0.00;0.00;0.00;KELLY_LITE;true;0.04;213083.89;0.0417;KELLY_LITE(mult=0.90 taper=1.00 n=14)+HARD_RISK_CAP(2.0%)+MAXLOSS_CAP;213083.89;213083.89;33;0
2026.08.18 03:23:02;XAUUSD;5;1787015306;SELL_STOP_TRAILED;Old=4400.16 New=4400.57;WAIT_TRIGGER;SAFE;0;2;0;119706172;119706174;0.00;0.00;0.00;0.00;0.00;KELLY_LITE;true;0.04;213083.89;0.0417;KELLY_LITE(mult=0.90 taper=1.00 n=14)+HARD_RISK_CAP(2.0%)+MAXLOSS_CAP;213083.89;213083.89;33;0
2026.08.18 03:23:05;XAUUSD;5;1787015306;SELL_STOP_TRAILED;Old=4400.57 New=4400.90;WAIT_TRIGGER;SAFE;0;2;0;119706172;119706174;0.00;0.00;0.00;0.00;0.00;KELLY_LITE;true;0.04;213083.89;0.0417;KELLY_LITE(mult=0.90 taper=1.00 n=14)+HARD_RISK_CAP(2.0%)+MAXLOSS_CAP;213083.89;213083.89;33;0
2026.08.18 03:23:09;XAUUSD;5;1787015306;SELL_STOP_TRAILED;Old=4400.90 New=4401.24;WAIT_TRIGGER;SAFE;0;2;0;119706172;119706174;0.00;0.00;0.00;0.00;0.00;KELLY_LITE;true;0.04;213083.89;0.0417;KELLY_LITE(mult=0.90 taper=1.00 n=14)+HARD_RISK_CAP(2.0%)+MAXLOSS_CAP;213083.89;213083.89;33;0
2026.08.18 03:23:13;XAUUSD;5;1787015306;SELL_STOP_TRAILED;Old=4401.24 New=4401.60;WAIT_TRIGGER;SAFE;0;2;0;119706172;119706174;0.00;0.00;0.00;0.00;0.00;KELLY_LITE;true;0.04;213083.89;0.0417;KELLY_LITE(mult=0.90 taper=1.00 n=14)+HARD_RISK_CAP(2.0%)+MAXLOSS_CAP;213083.89;213083.89;33;0
2026.08.18 03:23:53;XAUUSD;5;1787015306;OCO_TRIGGERED_BUY;ticket=119706172 entry=4404.40;POSITION_ACTIVE;SAFE;1;1;0;-1;119706174;0.00;-1.32;-1.32;0.00;0.00;KELLY_LITE;true;0.04;213083.89;0.0417;KELLY_LITE(mult=0.90 taper=1.00 n=14)+HARD_RISK_CAP(2.0%)+MAXLOSS_CAP;213083.89;213082.57;33;0
2026.08.18 03:23:54;XAUUSD;5;1787015306;PENDING_DELETED;ticket=119706174 reason=oco_buy_triggered;POSITION_ACTIVE;SAFE;1;0;0;-1;119706174;0.00;-1.80;-1.80;0.00;0.00;KELLY_LITE;true;0.04;213083.89;0.0417;KELLY_LITE(mult=0.90 taper=1.00 n=14)+HARD_RISK_CAP(2.0%)+MAXLOSS_CAP;213083.89;213082.09;33;0
2026.08.18 03:23:54;XAUUSD;5;1787015306;HEDGE_PENDING_PLACED;dir=SELL_STOP ticket=119706235 price=4400.95 sl=4403.95 lot=0.05 mainEntry=4404.40 dist=3.00 confirmBars=1;POSITION_ACTIVE;SAFE;1;1;1;-1;-1;4404.40;-1.84;-1.84;0.00;-1.80;KELLY_LITE;true;0.04;213083.89;0.0417;KELLY_LITE(mult=0.90 taper=1.00 n=14)+HARD_RISK_CAP(2.0%)+MAXLOSS_CAP;213083.89;213082.05;33;0
2026.08.18 03:23:55;XAUUSD;5;1787015306;SL_MODIFIED;ticket=119706172 oldSL=4392.40 newSL=4402.40 reason=early_loss_hard_sl_leg_0;MANAGE_PROFIT;SAFE;1;1;1;-1;-1;4404.40;-1.72;-1.72;0.00;-1.84;KELLY_LITE;true;0.04;213083.89;0.0417;KELLY_LITE(mult=0.90 taper=1.00 n=14)+HARD_RISK_CAP(2.0%)+MAXLOSS_CAP;213083.89;213082.17;33;0
2026.08.18 03:28:56;XAUUSD;5;1787015306;RECONCILED_BROKER_CLOSE;ticket=119706172 type=main pnl=-8.00;MANAGE_PROFIT;SAFE;0;1;1;-1;-1;4404.40;0.00;0.00;2.92;-7.16;KELLY_LITE;true;0.04;213083.89;0.0417;KELLY_LITE(mult=0.90 taper=1.00 n=14)+HARD_RISK_CAP(2.0%)+MAXLOSS_CAP;213075.89;213075.89;33;0
2026.08.18 03:28:57;XAUUSD;5;1787015306;PENDING_DELETED;ticket=119706235 reason=main_gone_hedge_pending;WAIT_TRIGGER;SAFE;0;0;1;-1;-1;4404.40;0.00;0.00;2.92;-7.16;KELLY_LITE;true;0.04;213083.89;0.0417;KELLY_LITE(mult=0.90 taper=1.00 n=14)+HARD_RISK_CAP(2.0%)+MAXLOSS_CAP;213075.89;213075.89;33;0
2026.08.18 03:28:57;XAUUSD;5;1787015306;HEDGE_PENDING_CLEANUP;main_position_gone;WAIT_TRIGGER;SAFE;0;0;1;-1;-1;4404.40;0.00;0.00;2.92;-7.16;KELLY_LITE;true;0.04;213083.89;0.0417;KELLY_LITE(mult=0.90 taper=1.00 n=14)+HARD_RISK_CAP(2.0%)+MAXLOSS_CAP;213075.89;213075.89;33;0
2026.08.18 03:28:57;XAUUSD;5;1787015306;LOSS_COOLDOWN_AFTER_LOSS;cyclePnL=-8.00 pauseUntil=2026.08.18 03:33:57;WAIT_TRIGGER;SAFE;0;0;1;-1;-1;4404.40;0.00;0.00;2.92;-7.16;KELLY_LITE;true;0.04;213083.89;0.0417;KELLY_LITE(mult=0.90 taper=1.00 n=14)+HARD_RISK_CAP(2.0%)+MAXLOSS_CAP;213075.89;213075.89;33;0
2026.08.18 03:28:57;XAUUSD;5;1787015306;CYCLE_RESET;oldState=WAIT_TRIGGER realizedPnL=-8.00 peak=2.92 worst=-7.16 pyramid=1 consLosses=1;WAIT_TRIGGER;SAFE;0;0;1;-1;-1;4404.40;0.00;0.00;2.92;-7.16;KELLY_LITE;true;0.04;213083.89;0.0417;KELLY_LITE(mult=0.90 taper=1.00 n=14)+HARD_RISK_CAP(2.0%)+MAXLOSS_CAP;213075.89;213075.89;33;0
2026.08.18 03:33:57;XAUUSD;5;1787015307;PLACE_PENDING_START;cycle=1787015307 trend=0 consecLosses=1 preset=AGGRESSIVE;PLACE_PENDING;SAFE;0;0;0;-1;-1;0.00;0.00;0.00;0.00;0.00;KELLY_LITE;true;0.04;213083.89;0.0417;KELLY_LITE(mult=0.90 taper=1.00 n=14)+HARD_RISK_CAP(2.0%)+MAXLOSS_CAP;213075.89;213075.89;33;0
2026.08.18 03:33:58;XAUUSD;5;1787015307;OCO_PLACED;buy=119706808 4400.90 lot=0.04 sell=119706809 4396.67 lot=0.04 dist=1.95;WAIT_TRIGGER;SAFE;0;2;0;119706808;119706809;0.00;0.00;0.00;0.00;0.00;KELLY_LITE;true;0.04;213075.89;0.0417;KELLY_LITE(mult=0.85 taper=1.00 n=15)+HARD_RISK_CAP(2.0%)+MAXLOSS_CAP;213075.89;213075.89;33;0
2026.08.18 03:33:59;XAUUSD;5;1787015307;BUY_STOP_TRAILED;Old=4400.90 New=4400.44;WAIT_TRIGGER;SAFE;0;2;0;119706808;119706809;0.00;0.00;0.00;0.00;0.00;KELLY_LITE;true;0.04;213075.89;0.0417;KELLY_LITE(mult=0.85 taper=1.00 n=15)+HARD_RISK_CAP(2.0%)+MAXLOSS_CAP;213075.89;213075.89;30;0
2026.08.18 03:34:00;XAUUSD;5;1787015307;BUY_STOP_TRAILED;Old=4400.44 New=4400.10;WAIT_TRIGGER;SAFE;0;2;0;119706808;119706809;0.00;0.00;0.00;0.00;0.00;KELLY_LITE;true;0.04;213075.89;0.0417;KELLY_LITE(mult=0.85 taper=1.00 n=15)+HARD_RISK_CAP(2.0%)+MAXLOSS_CAP;213075.89;213075.89;33;0
2026.08.18 03:34:00;XAUUSD;5;1787015307;BUY_STOP_TRAILED;Old=4400.10 New=4399.77;WAIT_TRIGGER;SAFE;0;2;0;119706808;119706809;0.00;0.00;0.00;0.00;0.00;KELLY_LITE;true;0.04;213075.89;0.0417;KELLY_LITE(mult=0.85 taper=1.00 n=15)+HARD_RISK_CAP(2.0%)+MAXLOSS_CAP;213075.89;213075.89;33;0
2026.08.18 03:34:02;XAUUSD;5;1787015307;BUY_STOP_TRAILED;Old=4399.77 New=4399.29;WAIT_TRIGGER;SAFE;0;2;0;119706808;119706809;0.00;0.00;0.00;0.00;0.00;KELLY_LITE;true;0.04;213075.89;0.0417;KELLY_LITE(mult=0.85 taper=1.00 n=15)+HARD_RISK_CAP(2.0%)+MAXLOSS_CAP;213075.89;213075.89;33;0
2026.08.18 03:34:02;XAUUSD;5;1787015307;OCO_TRIGGERED_SELL;ticket=119706809 entry=4396.67;POSITION_ACTIVE;SAFE;1;1;0;119706808;-1;0.00;0.48;0.48;0.00;0.00;KELLY_LITE;true;0.04;213075.89;0.0417;KELLY_LITE(mult=0.85 taper=1.00 n=15)+HARD_RISK_CAP(2.0%)+MAXLOSS_CAP;213075.89;213076.37;37;0
2026.08.18 03:34:03;XAUUSD;5;1787015307;PENDING_DELETED;ticket=119706808 reason=oco_sell_triggered;POSITION_ACTIVE;SAFE;1;0;0;119706808;-1;0.00;0.96;0.96;0.00;0.00;KELLY_LITE;true;0.04;213075.89;0.0417;KELLY_LITE(mult=0.85 taper=1.00 n=15)+HARD_RISK_CAP(2.0%)+MAXLOSS_CAP;213075.89;213076.85;37;0
2026.08.18 03:34:03;XAUUSD;5;1787015307;HEDGE_PENDING_PLACED;dir=BUY_STOP ticket=119707000 price=4399.43 sl=4396.43 lot=0.05 mainEntry=4396.67 dist=3.00 confirmBars=1;POSITION_ACTIVE;SAFE;1;1;1;-1;-1;4396.67;1.16;1.16;0.96;0.00;KELLY_LITE;true;0.04;213075.89;0.0417;KELLY_LITE(mult=0.85 taper=1.00 n=15)+HARD_RISK_CAP(2.0%)+MAXLOSS_CAP;213075.89;213077.05;33;0
2026.08.18 03:34:04;XAUUSD;5;1787015307;SL_MODIFIED;ticket=119706809 oldSL=4411.67 newSL=4398.67 reason=early_loss_hard_sl_leg_0;MANAGE_PROFIT;SAFE;1;1;1;-1;-1;4396.67;1.16;1.16;1.16;0.00;KELLY_LITE;true;0.04;213075.89;0.0417;KELLY_LITE(mult=0.85 taper=1.00 n=15)+HARD_RISK_CAP(2.0%)+MAXLOSS_CAP;213075.89;213077.05;33;0
2026.08.18 03:36:23;XAUUSD;5;1787015307;EXIT_EARLY_LOSS_CUT;profit=-8.04 peak=4.20 cap=8.00;MANAGE_PROFIT;SAFE;1;1;1;-1;-1;4396.67;-8.04;-8.04;4.20;-8.04;KELLY_LITE;true;0.04;213075.89;0.0417;KELLY_LITE(mult=0.85 taper=1.00 n=15)+HARD_RISK_CAP(2.0%)+MAXLOSS_CAP;213075.89;213067.85;33;0
2026.08.18 03:36:24;XAUUSD;5;1787015307;PENDING_DELETED;ticket=119707000 reason=close_all_hedge;MANAGE_PROFIT;SAFE;0;0;0;-1;-1;4396.67;0.00;0.00;4.20;-8.04;KELLY_LITE;true;0.04;213075.89;0.0417;KELLY_LITE(mult=0.85 taper=1.00 n=15)+HARD_RISK_CAP(2.0%)+MAXLOSS_CAP;213067.89;213067.89;33;0
2026.08.18 03:36:24;XAUUSD;5;1787015307;TRADELOG_RECOVER_CLOSE;ticket=119706809 type=main pnl=-8.00;RESET;SAFE;0;0;0;-1;-1;4396.67;0.00;0.00;4.20;-8.04;KELLY_LITE;true;0.04;213075.89;0.0417;KELLY_LITE(mult=0.85 taper=1.00 n=15)+HARD_RISK_CAP(2.0%)+MAXLOSS_CAP;213067.89;213067.89;33;0
2026.08.18 03:36:24;XAUUSD;5;1787015307;LOSS_COOLDOWN_AFTER_LOSS;cyclePnL=-8.00 pauseUntil=2026.08.18 03:41:24;RESET;SAFE;0;0;0;-1;-1;4396.67;0.00;0.00;4.20;-8.04;KELLY_LITE;true;0.04;213075.89;0.0417;KELLY_LITE(mult=0.85 taper=1.00 n=15)+HARD_RISK_CAP(2.0%)+MAXLOSS_CAP;213067.89;213067.89;33;0
2026.08.18 03:36:24;XAUUSD;5;1787015307;CYCLE_RESET;oldState=RESET realizedPnL=-8.00 peak=4.20 worst=-8.04 pyramid=0 consLosses=2;RESET;SAFE;0;0;0;-1;-1;4396.67;0.00;0.00;4.20;-8.04;KELLY_LITE;true;0.04;213075.89;0.0417;KELLY_LITE(mult=0.85 taper=1.00 n=15)+HARD_RISK_CAP(2.0%)+MAXLOSS_CAP;213067.89;213067.89;33;0
2026.08.18 03:41:24;XAUUSD;5;1787015308;PLACE_PENDING_START;cycle=1787015308 trend=0 consecLosses=2 preset=AGGRESSIVE;PLACE_PENDING;SAFE;0;0;0;-1;-1;0.00;0.00;0.00;0.00;0.00;KELLY_LITE;true;0.04;213075.89;0.0417;KELLY_LITE(mult=0.85 taper=1.00 n=15)+HARD_RISK_CAP(2.0%)+MAXLOSS_CAP;213067.89;213067.89;33;0
2026.08.18 03:41:25;XAUUSD;5;1787015308;OCO_PLACED;buy=119707737 4397.00 lot=0.04 sell=119707738 4392.81 lot=0.04 dist=1.93;WAIT_TRIGGER;SAFE;0;2;0;119707737;119707738;0.00;0.00;0.00;0.00;0.00;KELLY_LITE;true;0.04;213067.89;0.0417;KELLY_LITE(mult=0.80 taper=1.00 n=16)+CONSEC_REDUCE(0.50)+HARD_RISK_CAP(2.0%)+MAXLOSS_CAP;213067.89;213067.89;33;0
2026.08.18 03:41:37;XAUUSD;5;1787015308;BUY_STOP_TRAILED;Old=4397.00 New=4396.63;WAIT_TRIGGER;SAFE;0;2;0;119707737;119707738;0.00;0.00;0.00;0.00;0.00;KELLY_LITE;true;0.04;213067.89;0.0417;KELLY_LITE(mult=0.80 taper=1.00 n=16)+CONSEC_REDUCE(0.50)+HARD_RISK_CAP(2.0%)+MAXLOSS_CAP;213067.89;213067.89;33;0
2026.08.18 03:45:00;XAUUSD;5;1787015308;SELL_STOP_TRAILED;Old=4392.81 New=4393.16;WAIT_TRIGGER;SAFE;0;2;0;119707737;119707738;0.00;0.00;0.00;0.00;0.00;KELLY_LITE;true;0.04;213067.89;0.0417;KELLY_LITE(mult=0.80 taper=1.00 n=16)+CONSEC_REDUCE(0.50)+HARD_RISK_CAP(2.0%)+MAXLOSS_CAP;213067.89;213067.89;33;0
2026.08.18 03:46:29;XAUUSD;5;1787015308;SELL_STOP_TRAILED;Old=4393.16 New=4393.49;WAIT_TRIGGER;SAFE;0;2;0;119707737;119707738;0.00;0.00;0.00;0.00;0.00;KELLY_LITE;true;0.04;213067.89;0.0417;KELLY_LITE(mult=0.80 taper=1.00 n=16)+CONSEC_REDUCE(0.50)+HARD_RISK_CAP(2.0%)+MAXLOSS_CAP;213067.89;213067.89;33;0
2026.08.18 03:47:28;XAUUSD;5;1787015308;SELL_STOP_TRAILED;Old=4393.49 New=4393.83;WAIT_TRIGGER;SAFE;0;2;0;119707737;119707738;0.00;0.00;0.00;0.00;0.00;KELLY_LITE;true;0.04;213067.89;0.0417;KELLY_LITE(mult=0.80 taper=1.00 n=16)+CONSEC_REDUCE(0.50)+HARD_RISK_CAP(2.0%)+MAXLOSS_CAP;213067.89;213067.89;33;0
2026.08.18 03:48:31;XAUUSD;5;1787015308;SELL_STOP_TRAILED;Old=4393.83 New=4394.24;WAIT_TRIGGER;SAFE;0;2;0;119707737;119707738;0.00;0.00;0.00;0.00;0.00;KELLY_LITE;true;0.04;213067.89;0.0417;KELLY_LITE(mult=0.80 taper=1.00 n=16)+CONSEC_REDUCE(0.50)+HARD_RISK_CAP(2.0%)+MAXLOSS_CAP;213067.89;213067.89;33;0
2026.08.18 03:48:47;XAUUSD;5;1787015308;OCO_TRIGGERED_BUY;ticket=119707737 entry=4396.63;POSITION_ACTIVE;SAFE;1;1;0;-1;119707738;0.00;0.00;-1.32;0.00;0.00;KELLY_LITE;true;0.04;213067.89;0.0417;KELLY_LITE(mult=0.80 taper=1.00 n=16)+CONSEC_REDUCE(0.50)+HARD_RISK_CAP(2.0%)+MAXLOSS_CAP;213067.89;213067.89;33;0
2026.08.18 03:48:47;XAUUSD;5;1787015308;PENDING_DELETED;ticket=119707738 reason=oco_buy_triggered;POSITION_ACTIVE;SAFE;1;0;0;-1;119707738;0.00;-1.24;-1.24;0.00;0.00;KELLY_LITE;true;0.04;213067.89;0.0417;KELLY_LITE(mult=0.80 taper=1.00 n=16)+CONSEC_REDUCE(0.50)+HARD_RISK_CAP(2.0%)+MAXLOSS_CAP;213067.89;213066.65;32;0
2026.08.18 03:48:47;XAUUSD;5;1787015308;HEDGE_PENDING_PLACED;dir=SELL_STOP ticket=119708074 price=4393.32 sl=4396.32 lot=0.05 mainEntry=4396.63 dist=3.00 confirmBars=1;POSITION_ACTIVE;SAFE;1;1;1;-1;-1;4396.63;-1.44;-1.44;0.00;-1.24;KELLY_LITE;true;0.04;213067.89;0.0417;KELLY_LITE(mult=0.80 taper=1.00 n=16)+CONSEC_REDUCE(0.50)+HARD_RISK_CAP(2.0%)+MAXLOSS_CAP;213067.89;213066.45;33;0
2026.08.18 03:48:48;XAUUSD;5;1787015308;SL_MODIFIED;ticket=119707737 oldSL=4384.63 newSL=4394.63 reason=early_loss_hard_sl_leg_0;MANAGE_PROFIT;SAFE;1;1;1;-1;-1;4396.63;-1.08;-1.08;0.00;-1.44;KELLY_LITE;true;0.04;213067.89;0.0417;KELLY_LITE(mult=0.80 taper=1.00 n=16)+CONSEC_REDUCE(0.50)+HARD_RISK_CAP(2.0%)+MAXLOSS_CAP;213067.89;213066.81;33;0
2026.08.18 03:55:51;XAUUSD;5;1787015308;SL_MODIFIED;ticket=119707737 oldSL=4394.63 newSL=4398.13 reason=break_even_lock_leg_0 (retry buf=8pt);MANAGE_PROFIT;SAFE;1;1;1;-1;-1;4396.63;8.52;8.52;9.00;-4.24;KELLY_LITE;true;0.04;213067.89;0.0417;KELLY_LITE(mult=0.80 taper=1.00 n=16)+CONSEC_REDUCE(0.50)+HARD_RISK_CAP(2.0%)+MAXLOSS_CAP;213067.89;213076.41;30;0
2026.08.18 03:55:51;XAUUSD;5;1787015308;PROFIT_RATCHET_LOCKED;floor=3.83 peak=9.00;MANAGE_PROFIT;SAFE;1;1;1;-1;-1;4396.63;8.52;8.52;9.00;-4.24;KELLY_LITE;true;0.04;213067.89;0.0417;KELLY_LITE(mult=0.80 taper=1.00 n=16)+CONSEC_REDUCE(0.50)+HARD_RISK_CAP(2.0%)+MAXLOSS_CAP;213067.89;213076.41;30;0
2026.08.18 03:55:51;XAUUSD;5;1787015308;SL_MODIFIED;ticket=119707737 oldSL=4398.13 newSL=4398.24 reason=break_even_lock_leg_0;MANAGE_PROFIT;SAFE;1;1;1;-1;-1;4396.63;8.80;8.80;9.00;-4.24;KELLY_LITE;true;0.04;213067.89;0.0417;KELLY_LITE(mult=0.80 taper=1.00 n=16)+CONSEC_REDUCE(0.50)+HARD_RISK_CAP(2.0%)+MAXLOSS_CAP;213067.89;213076.69;31;0
2026.08.18 03:55:51;XAUUSD;5;1787015308;PROFIT_RATCHET_LOCKED;floor=3.83 peak=9.00;MANAGE_PROFIT;SAFE;1;1;1;-1;-1;4396.63;8.80;8.80;9.00;-4.24;KELLY_LITE;true;0.04;213067.89;0.0417;KELLY_LITE(mult=0.80 taper=1.00 n=16)+CONSEC_REDUCE(0.50)+HARD_RISK_CAP(2.0%)+MAXLOSS_CAP;213067.89;213076.69;31;0
2026.08.18 03:55:52;XAUUSD;5;1787015308;SL_MODIFIED;ticket=119707737 oldSL=4398.24 newSL=4398.31 reason=break_even_lock_leg_0;MANAGE_PROFIT;SAFE;1;1;1;-1;-1;4396.63;9.08;9.08;9.00;-4.24;KELLY_LITE;true;0.04;213067.89;0.0417;KELLY_LITE(mult=0.80 taper=1.00 n=16)+CONSEC_REDUCE(0.50)+HARD_RISK_CAP(2.0%)+MAXLOSS_CAP;213067.89;213076.97;30;0
2026.08.18 03:55:52;XAUUSD;5;1787015308;PROFIT_RATCHET_LOCKED;floor=3.83 peak=9.00;MANAGE_PROFIT;SAFE;1;1;1;-1;-1;4396.63;9.08;9.08;9.00;-4.24;KELLY_LITE;true;0.04;213067.89;0.0417;KELLY_LITE(mult=0.80 taper=1.00 n=16)+CONSEC_REDUCE(0.50)+HARD_RISK_CAP(2.0%)+MAXLOSS_CAP;213067.89;213076.97;30;0
2026.08.18 03:55:52;XAUUSD;5;1787015308;SL_MODIFIED;ticket=119707737 oldSL=4398.31 newSL=4398.38 reason=break_even_lock_leg_0;MANAGE_PROFIT;SAFE;1;1;1;-1;-1;4396.63;9.08;9.08;9.08;-4.24;KELLY_LITE;true;0.04;213067.89;0.0417;KELLY_LITE(mult=0.80 taper=1.00 n=16)+CONSEC_REDUCE(0.50)+HARD_RISK_CAP(2.0%)+MAXLOSS_CAP;213067.89;213076.97;32;0
2026.08.18 03:55:52;XAUUSD;5;1787015308;PROFIT_RATCHET_LOCKED;floor=3.86 peak=9.08;MANAGE_PROFIT;SAFE;1;1;1;-1;-1;4396.63;9.08;9.08;9.08;-4.24;KELLY_LITE;true;0.04;213067.89;0.0417;KELLY_LITE(mult=0.80 taper=1.00 n=16)+CONSEC_REDUCE(0.50)+HARD_RISK_CAP(2.0%)+MAXLOSS_CAP;213067.89;213076.97;32;0
2026.08.18 03:55:52;XAUUSD;5;1787015308;PROFIT_RATCHET_LOCKED;floor=3.86 peak=9.08;MANAGE_PROFIT;SAFE;1;1;1;-1;-1;4396.63;9.08;9.08;9.08;-4.24;KELLY_LITE;true;0.04;213067.89;0.0417;KELLY_LITE(mult=0.80 taper=1.00 n=16)+CONSEC_REDUCE(0.50)+HARD_RISK_CAP(2.0%)+MAXLOSS_CAP;213067.89;213076.97;32;0
2026.08.18 03:55:53;XAUUSD;5;1787015308;PROFIT_RATCHET_LOCKED;floor=3.86 peak=9.08;MANAGE_PROFIT;SAFE;1;1;1;-1;-1;4396.63;9.00;9.00;9.08;-4.24;KELLY_LITE;true;0.04;213067.89;0.0417;KELLY_LITE(mult=0.80 taper=1.00 n=16)+CONSEC_REDUCE(0.50)+HARD_RISK_CAP(2.0%)+MAXLOSS_CAP;213067.89;213076.89;33;0
2026.08.18 03:55:53;XAUUSD;5;1787015308;PROFIT_RATCHET_LOCKED;floor=3.86 peak=9.08;MANAGE_PROFIT;SAFE;1;1;1;-1;-1;4396.63;8.88;8.88;9.08;-4.24;KELLY_LITE;true;0.04;213067.89;0.0417;KELLY_LITE(mult=0.80 taper=1.00 n=16)+CONSEC_REDUCE(0.50)+HARD_RISK_CAP(2.0%)+MAXLOSS_CAP;213067.89;213076.77;31;0
2026.08.18 03:55:53;XAUUSD;5;1787015308;PROFIT_RATCHET_LOCKED;floor=3.86 peak=9.08;MANAGE_PROFIT;SAFE;1;1;1;-1;-1;4396.63;8.88;8.88;9.08;-4.24;KELLY_LITE;true;0.04;213067.89;0.0417;KELLY_LITE(mult=0.80 taper=1.00 n=16)+CONSEC_REDUCE(0.50)+HARD_RISK_CAP(2.0%)+MAXLOSS_CAP;213067.89;213076.77;33;0
2026.08.18 03:55:53;XAUUSD;5;1787015308;PROFIT_RATCHET_LOCKED;floor=3.86 peak=9.08;MANAGE_PROFIT;SAFE;1;1;1;-1;-1;4396.63;8.96;8.96;9.08;-4.24;KELLY_LITE;true;0.04;213067.89;0.0417;KELLY_LITE(mult=0.80 taper=1.00 n=16)+CONSEC_REDUCE(0.50)+HARD_RISK_CAP(2.0%)+MAXLOSS_CAP;213067.89;213076.85;33;0
2026.08.18 03:55:54;XAUUSD;5;1787015308;PROFIT_RATCHET_LOCKED;floor=3.86 peak=9.08;MANAGE_PROFIT;SAFE;1;1;1;-1;-1;4396.63;9.00;9.00;9.08;-4.24;KELLY_LITE;true;0.04;213067.89;0.0417;KELLY_LITE(mult=0.80 taper=1.00 n=16)+CONSEC_REDUCE(0.50)+HARD_RISK_CAP(2.0%)+MAXLOSS_CAP;213067.89;213076.89;33;0
2026.08.18 03:55:55;XAUUSD;5;1787015308;SL_MODIFIED;ticket=119707737 oldSL=4398.38 newSL=4398.63 reason=break_even_lock_leg_0;MANAGE_PROFIT;SAFE;1;1;1;-1;-1;4396.63;10.36;10.36;10.08;-4.24;KELLY_LITE;true;0.04;213067.89;0.0417;KELLY_LITE(mult=0.80 taper=1.00 n=16)+CONSEC_REDUCE(0.50)+HARD_RISK_CAP(2.0%)+MAXLOSS_CAP;213067.89;213078.25;30;0
2026.08.18 03:55:55;XAUUSD;5;1787015308;PROFIT_RATCHET_LOCKED;floor=4.28 peak=10.08;MANAGE_PROFIT;SAFE;1;1;1;-1;-1;4396.63;10.36;10.36;10.08;-4.24;KELLY_LITE;true;0.04;213067.89;0.0417;KELLY_LITE(mult=0.80 taper=1.00 n=16)+CONSEC_REDUCE(0.50)+HARD_RISK_CAP(2.0%)+MAXLOSS_CAP;213067.89;213078.25;30;0
2026.08.18 03:55:55;XAUUSD;5;1787015308;SL_MODIFY_FAILED;ticket=119707737 newSL=4398.70 reason=break_even_lock_leg_0 err=0;MANAGE_PROFIT;SAFE;1;1;1;-1;-1;4396.63;9.88;9.88;10.36;-4.24;KELLY_LITE;true;0.04;213067.89;0.0417;KELLY_LITE(mult=0.80 taper=1.00 n=16)+CONSEC_REDUCE(0.50)+HARD_RISK_CAP(2.0%)+MAXLOSS_CAP;213067.89;213077.77;30;0
2026.08.18 03:55:55;XAUUSD;5;1787015308;PROFIT_RATCHET_LOCKED;floor=4.40 peak=10.36;MANAGE_PROFIT;SAFE;1;1;1;-1;-1;4396.63;9.88;9.88;10.36;-4.24;KELLY_LITE;true;0.04;213067.89;0.0417;KELLY_LITE(mult=0.80 taper=1.00 n=16)+CONSEC_REDUCE(0.50)+HARD_RISK_CAP(2.0%)+MAXLOSS_CAP;213067.89;213077.77;30;0
2026.08.18 03:55:55;XAUUSD;5;1787015308;PROFIT_RATCHET_LOCKED;floor=4.40 peak=10.36;MANAGE_PROFIT;SAFE;1;1;1;-1;-1;4396.63;9.88;9.88;10.36;-4.24;KELLY_LITE;true;0.04;213067.89;0.0417;KELLY_LITE(mult=0.80 taper=1.00 n=16)+CONSEC_REDUCE(0.50)+HARD_RISK_CAP(2.0%)+MAXLOSS_CAP;213067.89;213077.77;30;0
2026.08.18 03:55:56;XAUUSD;5;1787015308;SL_MODIFIED;ticket=119707737 oldSL=4398.63 newSL=4398.73 reason=break_even_lock_leg_0;MANAGE_PROFIT;SAFE;1;1;1;-1;-1;4396.63;10.44;10.44;10.48;-4.24;KELLY_LITE;true;0.04;213067.89;0.0417;KELLY_LITE(mult=0.80 taper=1.00 n=16)+CONSEC_REDUCE(0.50)+HARD_RISK_CAP(2.0%)+MAXLOSS_CAP;213067.89;213078.33;33;0
2026.08.18 03:55:56;XAUUSD;5;1787015308;PROFIT_RATCHET_LOCKED;floor=4.45 peak=10.48;MANAGE_PROFIT;SAFE;1;1;1;-1;-1;4396.63;10.44;10.44;10.48;-4.24;KELLY_LITE;true;0.04;213067.89;0.0417;KELLY_LITE(mult=0.80 taper=1.00 n=16)+CONSEC_REDUCE(0.50)+HARD_RISK_CAP(2.0%)+MAXLOSS_CAP;213067.89;213078.33;33;0
2026.08.18 03:55:56;XAUUSD;5;1787015308;PROFIT_RATCHET_LOCKED;floor=4.45 peak=10.48;MANAGE_PROFIT;SAFE;1;1;1;-1;-1;4396.63;10.44;10.44;10.48;-4.24;KELLY_LITE;true;0.04;213067.89;0.0417;KELLY_LITE(mult=0.80 taper=1.00 n=16)+CONSEC_REDUCE(0.50)+HARD_RISK_CAP(2.0%)+MAXLOSS_CAP;213067.89;213078.33;33;0
2026.08.18 03:55:56;XAUUSD;5;1787015308;PROFIT_RATCHET_LOCKED;floor=4.49 peak=10.56;MANAGE_PROFIT;SAFE;1;1;1;-1;-1;4396.63;10.44;10.44;10.56;-4.24;KELLY_LITE;true;0.04;213067.89;0.0417;KELLY_LITE(mult=0.80 taper=1.00 n=16)+CONSEC_REDUCE(0.50)+HARD_RISK_CAP(2.0%)+MAXLOSS_CAP;213067.89;213078.33;30;0
2026.08.18 03:55:56;XAUUSD;5;1787015308;PROFIT_RATCHET_LOCKED;floor=4.49 peak=10.56;MANAGE_PROFIT;SAFE;1;1;1;-1;-1;4396.63;10.44;10.44;10.56;-4.24;KELLY_LITE;true;0.04;213067.89;0.0417;KELLY_LITE(mult=0.80 taper=1.00 n=16)+CONSEC_REDUCE(0.50)+HARD_RISK_CAP(2.0%)+MAXLOSS_CAP;213067.89;213078.33;30;0
2026.08.18 03:55:57;XAUUSD;5;1787015308;PROFIT_RATCHET_LOCKED;floor=4.49 peak=10.56;MANAGE_PROFIT;SAFE;1;1;1;-1;-1;4396.63;10.28;10.28;10.56;-4.24;KELLY_LITE;true;0.04;213067.89;0.0417;KELLY_LITE(mult=0.80 taper=1.00 n=16)+CONSEC_REDUCE(0.50)+HARD_RISK_CAP(2.0%)+MAXLOSS_CAP;213067.89;213078.17;33;0
2026.08.18 03:55:57;XAUUSD;5;1787015308;PROFIT_RATCHET_LOCKED;floor=4.49 peak=10.56;MANAGE_PROFIT;SAFE;1;1;1;-1;-1;4396.63;10.20;10.20;10.56;-4.24;KELLY_LITE;true;0.04;213067.89;0.0417;KELLY_LITE(mult=0.80 taper=1.00 n=16)+CONSEC_REDUCE(0.50)+HARD_RISK_CAP(2.0%)+MAXLOSS_CAP;213067.89;213078.09;30;0
2026.08.18 03:55:58;XAUUSD;5;1787015308;PROFIT_RATCHET_LOCKED;floor=4.54 peak=10.68;MANAGE_PROFIT;SAFE;1;1;1;-1;-1;4396.63;10.36;10.36;10.68;-4.24;KELLY_LITE;true;0.04;213067.89;0.0417;KELLY_LITE(mult=0.80 taper=1.00 n=16)+CONSEC_REDUCE(0.50)+HARD_RISK_CAP(2.0%)+MAXLOSS_CAP;213067.89;213078.25;33;0
2026.08.18 03:55:58;XAUUSD;5;1787015308;PROFIT_RATCHET_LOCKED;floor=4.54 peak=10.68;MANAGE_PROFIT;SAFE;1;1;1;-1;-1;4396.63;10.36;10.36;10.68;-4.24;KELLY_LITE;true;0.04;213067.89;0.0417;KELLY_LITE(mult=0.80 taper=1.00 n=16)+CONSEC_REDUCE(0.50)+HARD_RISK_CAP(2.0%)+MAXLOSS_CAP;213067.89;213078.25;33;0
2026.08.18 03:55:59;XAUUSD;5;1787015308;PROFIT_RATCHET_LOCKED;floor=4.54 peak=10.68;MANAGE_PROFIT;SAFE;1;1;1;-1;-1;4396.63;10.20;10.20;10.68;-4.24;KELLY_LITE;true;0.04;213067.89;0.0417;KELLY_LITE(mult=0.80 taper=1.00 n=16)+CONSEC_REDUCE(0.50)+HARD_RISK_CAP(2.0%)+MAXLOSS_CAP;213067.89;213078.09;33;0
2026.08.18 03:55:59;XAUUSD;5;1787015308;PROFIT_RATCHET_LOCKED;floor=4.54 peak=10.68;MANAGE_PROFIT;SAFE;1;1;1;-1;-1;4396.63;10.32;10.32;10.68;-4.24;KELLY_LITE;true;0.04;213067.89;0.0417;KELLY_LITE(mult=0.80 taper=1.00 n=16)+CONSEC_REDUCE(0.50)+HARD_RISK_CAP(2.0%)+MAXLOSS_CAP;213067.89;213078.21;33;0
2026.08.18 03:56:00;XAUUSD;5;1787015308;PROFIT_RATCHET_LOCKED;floor=4.54 peak=10.68;MANAGE_PROFIT;SAFE;1;1;1;-1;-1;4396.63;10.28;10.28;10.68;-4.24;KELLY_LITE;true;0.04;213067.89;0.0417;KELLY_LITE(mult=0.80 taper=1.00 n=16)+CONSEC_REDUCE(0.50)+HARD_RISK_CAP(2.0%)+MAXLOSS_CAP;213067.89;213078.17;33;0
2026.08.18 03:56:00;XAUUSD;5;1787015308;PROFIT_RATCHET_LOCKED;floor=4.54 peak=10.68;MANAGE_PROFIT;SAFE;1;1;1;-1;-1;4396.63;10.04;10.04;10.68;-4.24;KELLY_LITE;true;0.04;213067.89;0.0417;KELLY_LITE(mult=0.80 taper=1.00 n=16)+CONSEC_REDUCE(0.50)+HARD_RISK_CAP(2.0%)+MAXLOSS_CAP;213067.89;213077.93;31;0
2026.08.18 03:56:00;XAUUSD;5;1787015308;PROFIT_RATCHET_LOCKED;floor=4.54 peak=10.68;MANAGE_PROFIT;SAFE;1;1;1;-1;-1;4396.63;10.04;10.04;10.68;-4.24;KELLY_LITE;true;0.04;213067.89;0.0417;KELLY_LITE(mult=0.80 taper=1.00 n=16)+CONSEC_REDUCE(0.50)+HARD_RISK_CAP(2.0%)+MAXLOSS_CAP;213067.89;213077.93;30;0
2026.08.18 03:56:01;XAUUSD;5;1787015308;PROFIT_RATCHET_LOCKED;floor=4.54 peak=10.68;MANAGE_PROFIT;SAFE;1;1;1;-1;-1;4396.63;10.00;10.00;10.68;-4.24;KELLY_LITE;true;0.04;213067.89;0.0417;KELLY_LITE(mult=0.80 taper=1.00 n=16)+CONSEC_REDUCE(0.50)+HARD_RISK_CAP(2.0%)+MAXLOSS_CAP;213067.89;213077.89;30;0
2026.08.18 03:56:01;XAUUSD;5;1787015308;PROFIT_RATCHET_LOCKED;floor=4.54 peak=10.68;MANAGE_PROFIT;SAFE;1;1;1;-1;-1;4396.63;9.92;9.92;10.68;-4.24;KELLY_LITE;true;0.04;213067.89;0.0417;KELLY_LITE(mult=0.80 taper=1.00 n=16)+CONSEC_REDUCE(0.50)+HARD_RISK_CAP(2.0%)+MAXLOSS_CAP;213067.89;213077.81;31;0
2026.08.18 03:56:01;XAUUSD;5;1787015308;PROFIT_RATCHET_LOCKED;floor=4.54 peak=10.68;MANAGE_PROFIT;SAFE;1;1;1;-1;-1;4396.63;9.92;9.92;10.68;-4.24;KELLY_LITE;true;0.04;213067.89;0.0417;KELLY_LITE(mult=0.80 taper=1.00 n=16)+CONSEC_REDUCE(0.50)+HARD_RISK_CAP(2.0%)+MAXLOSS_CAP;213067.89;213077.81;33;0
2026.08.18 03:56:01;XAUUSD;5;1787015308;PROFIT_RATCHET_LOCKED;floor=4.54 peak=10.68;MANAGE_PROFIT;SAFE;1;1;1;-1;-1;4396.63;9.92;9.92;10.68;-4.24;KELLY_LITE;true;0.04;213067.89;0.0417;KELLY_LITE(mult=0.80 taper=1.00 n=16)+CONSEC_REDUCE(0.50)+HARD_RISK_CAP(2.0%)+MAXLOSS_CAP;213067.89;213077.81;32;0
2026.08.18 03:56:01;XAUUSD;5;1787015308;PROFIT_RATCHET_LOCKED;floor=4.54 peak=10.68;MANAGE_PROFIT;SAFE;1;1;1;-1;-1;4396.63;9.96;9.96;10.68;-4.24;KELLY_LITE;true;0.04;213067.89;0.0417;KELLY_LITE(mult=0.80 taper=1.00 n=16)+CONSEC_REDUCE(0.50)+HARD_RISK_CAP(2.0%)+MAXLOSS_CAP;213067.89;213077.85;33;0
2026.08.18 03:56:02;XAUUSD;5;1787015308;PROFIT_RATCHET_LOCKED;floor=4.54 peak=10.68;MANAGE_PROFIT;SAFE;1;1;1;-1;-1;4396.63;9.84;9.84;10.68;-4.24;KELLY_LITE;true;0.04;213067.89;0.0417;KELLY_LITE(mult=0.80 taper=1.00 n=16)+CONSEC_REDUCE(0.50)+HARD_RISK_CAP(2.0%)+MAXLOSS_CAP;213067.89;213077.73;31;0
2026.08.18 03:56:02;XAUUSD;5;1787015308;PROFIT_RATCHET_LOCKED;floor=4.54 peak=10.68;MANAGE_PROFIT;SAFE;1;1;1;-1;-1;4396.63;9.88;9.88;10.68;-4.24;KELLY_LITE;true;0.04;213067.89;0.0417;KELLY_LITE(mult=0.80 taper=1.00 n=16)+CONSEC_REDUCE(0.50)+HARD_RISK_CAP(2.0%)+MAXLOSS_CAP;213067.89;213077.77;33;0
2026.08.18 03:56:03;XAUUSD;5;1787015308;PROFIT_RATCHET_LOCKED;floor=4.54 peak=10.68;MANAGE_PROFIT;SAFE;1;1;1;-1;-1;4396.63;9.92;9.92;10.68;-4.24;KELLY_LITE;true;0.04;213067.89;0.0417;KELLY_LITE(mult=0.80 taper=1.00 n=16)+CONSEC_REDUCE(0.50)+HARD_RISK_CAP(2.0%)+MAXLOSS_CAP;213067.89;213077.81;33;0
2026.08.18 03:56:03;XAUUSD;5;1787015308;PROFIT_RATCHET_LOCKED;floor=4.54 peak=10.68;MANAGE_PROFIT;SAFE;1;1;1;-1;-1;4396.63;9.96;9.96;10.68;-4.24;KELLY_LITE;true;0.04;213067.89;0.0417;KELLY_LITE(mult=0.80 taper=1.00 n=16)+CONSEC_REDUCE(0.50)+HARD_RISK_CAP(2.0%)+MAXLOSS_CAP;213067.89;213077.85;33;0
2026.08.18 03:56:03;XAUUSD;5;1787015308;PROFIT_RATCHET_LOCKED;floor=4.54 peak=10.68;MANAGE_PROFIT;SAFE;1;1;1;-1;-1;4396.63;10.00;10.00;10.68;-4.24;KELLY_LITE;true;0.04;213067.89;0.0417;KELLY_LITE(mult=0.80 taper=1.00 n=16)+CONSEC_REDUCE(0.50)+HARD_RISK_CAP(2.0%)+MAXLOSS_CAP;213067.89;213077.89;32;0
2026.08.18 03:56:04;XAUUSD;5;1787015308;PROFIT_RATCHET_LOCKED;floor=4.54 peak=10.68;MANAGE_PROFIT;SAFE;1;1;1;-1;-1;4396.63;10.24;10.24;10.68;-4.24;KELLY_LITE;true;0.04;213067.89;0.0417;KELLY_LITE(mult=0.80 taper=1.00 n=16)+CONSEC_REDUCE(0.50)+HARD_RISK_CAP(2.0%)+MAXLOSS_CAP;213067.89;213078.13;33;0
2026.08.18 03:56:04;XAUUSD;5;1787015308;SL_MODIFIED;ticket=119707737 oldSL=4398.73 newSL=4398.75 reason=break_even_lock_leg_0;MANAGE_PROFIT;SAFE;1;1;1;-1;-1;4396.63;11.00;11.00;10.68;-4.24;KELLY_LITE;true;0.04;213067.89;0.0417;KELLY_LITE(mult=0.80 taper=1.00 n=16)+CONSEC_REDUCE(0.50)+HARD_RISK_CAP(2.0%)+MAXLOSS_CAP;213067.89;213078.89;33;0
2026.08.18 03:56:04;XAUUSD;5;1787015308;PROFIT_RATCHET_LOCKED;floor=4.54 peak=10.68;MANAGE_PROFIT;SAFE;1;1;1;-1;-1;4396.63;11.00;11.00;10.68;-4.24;KELLY_LITE;true;0.04;213067.89;0.0417;KELLY_LITE(mult=0.80 taper=1.00 n=16)+CONSEC_REDUCE(0.50)+HARD_RISK_CAP(2.0%)+MAXLOSS_CAP;213067.89;213078.89;33;0
2026.08.18 03:56:05;XAUUSD;5;1787015308;SL_MODIFIED;ticket=119707737 oldSL=4398.75 newSL=4398.86 reason=break_even_lock_leg_0;MANAGE_PROFIT;SAFE;1;1;1;-1;-1;4396.63;11.12;11.12;11.00;-4.24;KELLY_LITE;true;0.04;213067.89;0.0417;KELLY_LITE(mult=0.80 taper=1.00 n=16)+CONSEC_REDUCE(0.50)+HARD_RISK_CAP(2.0%)+MAXLOSS_CAP;213067.89;213079.01;33;0
2026.08.18 03:56:05;XAUUSD;5;1787015308;PROFIT_RATCHET_LOCKED;floor=4.67 peak=11.00;MANAGE_PROFIT;SAFE;1;1;1;-1;-1;4396.63;11.12;11.12;11.00;-4.24;KELLY_LITE;true;0.04;213067.89;0.0417;KELLY_LITE(mult=0.80 taper=1.00 n=16)+CONSEC_REDUCE(0.50)+HARD_RISK_CAP(2.0%)+MAXLOSS_CAP;213067.89;213079.01;33;0
2026.08.18 03:56:05;XAUUSD;5;1787015308;SL_MODIFIED;ticket=119707737 oldSL=4398.86 newSL=4398.89 reason=break_even_lock_leg_0;MANAGE_PROFIT;SAFE;1;1;1;-1;-1;4396.63;11.12;11.12;11.12;-4.24;KELLY_LITE;true;0.04;213067.89;0.0417;KELLY_LITE(mult=0.80 taper=1.00 n=16)+CONSEC_REDUCE(0.50)+HARD_RISK_CAP(2.0%)+MAXLOSS_CAP;213067.89;213079.01;33;0
2026.08.18 03:56:05;XAUUSD;5;1787015308;PROFIT_RATCHET_LOCKED;floor=4.73 peak=11.12;MANAGE_PROFIT;SAFE;1;1;1;-1;-1;4396.63;11.12;11.12;11.12;-4.24;KELLY_LITE;true;0.04;213067.89;0.0417;KELLY_LITE(mult=0.80 taper=1.00 n=16)+CONSEC_REDUCE(0.50)+HARD_RISK_CAP(2.0%)+MAXLOSS_CAP;213067.89;213079.01;33;0
2026.08.18 03:56:05;XAUUSD;5;1787015308;PROFIT_RATCHET_LOCKED;floor=4.73 peak=11.12;MANAGE_PROFIT;SAFE;1;1;1;-1;-1;4396.63;11.12;11.12;11.12;-4.24;KELLY_LITE;true;0.04;213067.89;0.0417;KELLY_LITE(mult=0.80 taper=1.00 n=16)+CONSEC_REDUCE(0.50)+HARD_RISK_CAP(2.0%)+MAXLOSS_CAP;213067.89;213079.01;33;0
2026.08.18 03:56:05;XAUUSD;5;1787015308;PROFIT_RATCHET_LOCKED;floor=4.73 peak=11.12;MANAGE_PROFIT;SAFE;1;1;1;-1;-1;4396.63;11.04;11.04;11.12;-4.24;KELLY_LITE;true;0.04;213067.89;0.0417;KELLY_LITE(mult=0.80 taper=1.00 n=16)+CONSEC_REDUCE(0.50)+HARD_RISK_CAP(2.0%)+MAXLOSS_CAP;213067.89;213078.93;33;0
2026.08.18 03:56:06;XAUUSD;5;1787015308;PROFIT_RATCHET_LOCKED;floor=4.73 peak=11.12;MANAGE_PROFIT;SAFE;1;1;1;-1;-1;4396.63;10.60;10.60;11.12;-4.24;KELLY_LITE;true;0.04;213067.89;0.0417;KELLY_LITE(mult=0.80 taper=1.00 n=16)+CONSEC_REDUCE(0.50)+HARD_RISK_CAP(2.0%)+MAXLOSS_CAP;213067.89;213078.49;33;0
2026.08.18 03:56:06;XAUUSD;5;1787015308;PROFIT_RATCHET_LOCKED;floor=4.73 peak=11.12;MANAGE_PROFIT;SAFE;1;1;1;-1;-1;4396.63;11.04;11.04;11.12;-4.24;KELLY_LITE;true;0.04;213067.89;0.0417;KELLY_LITE(mult=0.80 taper=1.00 n=16)+CONSEC_REDUCE(0.50)+HARD_RISK_CAP(2.0%)+MAXLOSS_CAP;213067.89;213078.93;33;0
2026.08.18 03:56:07;XAUUSD;5;1787015308;PROFIT_RATCHET_LOCKED;floor=4.76 peak=11.20;MANAGE_PROFIT;SAFE;1;1;1;-1;-1;4396.63;11.20;11.20;11.20;-4.24;KELLY_LITE;true;0.04;213067.89;0.0417;KELLY_LITE(mult=0.80 taper=1.00 n=16)+CONSEC_REDUCE(0.50)+HARD_RISK_CAP(2.0%)+MAXLOSS_CAP;213067.89;213079.09;33;0
2026.08.18 03:56:07;XAUUSD;5;1787015308;PROFIT_RATCHET_LOCKED;floor=4.76 peak=11.20;MANAGE_PROFIT;SAFE;1;1;1;-1;-1;4396.63;10.56;10.56;11.20;-4.24;KELLY_LITE;true;0.04;213067.89;0.0417;KELLY_LITE(mult=0.80 taper=1.00 n=16)+CONSEC_REDUCE(0.50)+HARD_RISK_CAP(2.0%)+MAXLOSS_CAP;213067.89;213078.45;33;0
2026.08.18 03:56:07;XAUUSD;5;1787015308;PROFIT_RATCHET_LOCKED;floor=4.76 peak=11.20;MANAGE_PROFIT;SAFE;1;1;1;-1;-1;4396.63;10.64;10.64;11.20;-4.24;KELLY_LITE;true;0.04;213067.89;0.0417;KELLY_LITE(mult=0.80 taper=1.00 n=16)+CONSEC_REDUCE(0.50)+HARD_RISK_CAP(2.0%)+MAXLOSS_CAP;213067.89;213078.53;33;0
2026.08.18 03:56:08;XAUUSD;5;1787015308;PROFIT_RATCHET_LOCKED;floor=4.76 peak=11.20;MANAGE_PROFIT;SAFE;1;1;1;-1;-1;4396.63;10.52;10.52;11.20;-4.24;KELLY_LITE;true;0.04;213067.89;0.0417;KELLY_LITE(mult=0.80 taper=1.00 n=16)+CONSEC_REDUCE(0.50)+HARD_RISK_CAP(2.0%)+MAXLOSS_CAP;213067.89;213078.41;33;0
2026.08.18 03:56:08;XAUUSD;5;1787015308;PROFIT_RATCHET_LOCKED;floor=4.76 peak=11.20;MANAGE_PROFIT;SAFE;1;1;1;-1;-1;4396.63;10.56;10.56;11.20;-4.24;KELLY_LITE;true;0.04;213067.89;0.0417;KELLY_LITE(mult=0.80 taper=1.00 n=16)+CONSEC_REDUCE(0.50)+HARD_RISK_CAP(2.0%)+MAXLOSS_CAP;213067.89;213078.45;33;0
2026.08.18 03:56:08;XAUUSD;5;1787015308;PROFIT_RATCHET_LOCKED;floor=4.76 peak=11.20;MANAGE_PROFIT;SAFE;1;1;1;-1;-1;4396.63;10.52;10.52;11.20;-4.24;KELLY_LITE;true;0.04;213067.89;0.0417;KELLY_LITE(mult=0.80 taper=1.00 n=16)+CONSEC_REDUCE(0.50)+HARD_RISK_CAP(2.0%)+MAXLOSS_CAP;213067.89;213078.41;33;0
2026.08.18 03:56:08;XAUUSD;5;1787015308;PROFIT_RATCHET_LOCKED;floor=4.76 peak=11.20;MANAGE_PROFIT;SAFE;1;1;1;-1;-1;4396.63;11.08;11.08;11.20;-4.24;KELLY_LITE;true;0.04;213067.89;0.0417;KELLY_LITE(mult=0.80 taper=1.00 n=16)+CONSEC_REDUCE(0.50)+HARD_RISK_CAP(2.0%)+MAXLOSS_CAP;213067.89;213078.97;33;0
2026.08.18 03:56:10;XAUUSD;5;1787015308;SL_MODIFY_FAILED;ticket=119707737 newSL=4399.01 reason=break_even_lock_leg_0 err=0;MANAGE_PROFIT;SAFE;1;1;1;-1;-1;4396.63;10.92;10.92;11.60;-4.24;KELLY_LITE;true;0.04;213067.89;0.0417;KELLY_LITE(mult=0.80 taper=1.00 n=16)+CONSEC_REDUCE(0.50)+HARD_RISK_CAP(2.0%)+MAXLOSS_CAP;213067.89;213078.81;33;0
2026.08.18 03:56:10;XAUUSD;5;1787015308;PROFIT_RATCHET_LOCKED;floor=4.93 peak=11.60;MANAGE_PROFIT;SAFE;1;1;1;-1;-1;4396.63;10.92;10.92;11.60;-4.24;KELLY_LITE;true;0.04;213067.89;0.0417;KELLY_LITE(mult=0.80 taper=1.00 n=16)+CONSEC_REDUCE(0.50)+HARD_RISK_CAP(2.0%)+MAXLOSS_CAP;213067.89;213078.81;33;0
2026.08.18 03:56:10;XAUUSD;5;1787015308;PROFIT_RATCHET_LOCKED;floor=4.93 peak=11.60;MANAGE_PROFIT;SAFE;1;1;1;-1;-1;4396.63;10.92;10.92;11.60;-4.24;KELLY_LITE;true;0.04;213067.89;0.0417;KELLY_LITE(mult=0.80 taper=1.00 n=16)+CONSEC_REDUCE(0.50)+HARD_RISK_CAP(2.0%)+MAXLOSS_CAP;213067.89;213078.81;33;0
2026.08.18 03:56:10;XAUUSD;5;1787015308;PROFIT_RATCHET_LOCKED;floor=4.93 peak=11.60;MANAGE_PROFIT;SAFE;1;1;1;-1;-1;4396.63;10.84;10.84;11.60;-4.24;KELLY_LITE;true;0.04;213067.89;0.0417;KELLY_LITE(mult=0.80 taper=1.00 n=16)+CONSEC_REDUCE(0.50)+HARD_RISK_CAP(2.0%)+MAXLOSS_CAP;213067.89;213078.73;33;0
2026.08.18 03:56:10;XAUUSD;5;1787015308;PROFIT_RATCHET_LOCKED;floor=4.93 peak=11.60;MANAGE_PROFIT;SAFE;1;1;1;-1;-1;4396.63;11.00;11.00;11.60;-4.24;KELLY_LITE;true;0.04;213067.89;0.0417;KELLY_LITE(mult=0.80 taper=1.00 n=16)+CONSEC_REDUCE(0.50)+HARD_RISK_CAP(2.0%)+MAXLOSS_CAP;213067.89;213078.89;33;0
2026.08.18 03:56:11;XAUUSD;5;1787015308;SL_MODIFIED;ticket=119707737 oldSL=4398.89 newSL=4398.92 reason=break_even_lock_leg_0;MANAGE_PROFIT;SAFE;1;1;1;-1;-1;4396.63;11.44;11.44;11.60;-4.24;KELLY_LITE;true;0.04;213067.89;0.0417;KELLY_LITE(mult=0.80 taper=1.00 n=16)+CONSEC_REDUCE(0.50)+HARD_RISK_CAP(2.0%)+MAXLOSS_CAP;213067.89;213079.33;33;0
2026.08.18 03:56:11;XAUUSD;5;1787015308;PROFIT_RATCHET_LOCKED;floor=4.93 peak=11.60;MANAGE_PROFIT;SAFE;1;1;1;-1;-1;4396.63;11.44;11.44;11.60;-4.24;KELLY_LITE;true;0.04;213067.89;0.0417;KELLY_LITE(mult=0.80 taper=1.00 n=16)+CONSEC_REDUCE(0.50)+HARD_RISK_CAP(2.0%)+MAXLOSS_CAP;213067.89;213079.33;33;0
2026.08.18 03:56:12;XAUUSD;5;1787015308;SL_MODIFIED;ticket=119707737 oldSL=4398.92 newSL=4398.93 reason=break_even_lock_leg_0 (retry buf=3pt);MANAGE_PROFIT;SAFE;1;1;1;-1;-1;4396.63;11.56;11.56;11.60;-4.24;KELLY_LITE;true;0.04;213067.89;0.0417;KELLY_LITE(mult=0.80 taper=1.00 n=16)+CONSEC_REDUCE(0.50)+HARD_RISK_CAP(2.0%)+MAXLOSS_CAP;213067.89;213079.45;33;0
2026.08.18 03:56:12;XAUUSD;5;1787015308;PROFIT_RATCHET_LOCKED;floor=4.93 peak=11.60;MANAGE_PROFIT;SAFE;1;1;1;-1;-1;4396.63;11.56;11.56;11.60;-4.24;KELLY_LITE;true;0.04;213067.89;0.0417;KELLY_LITE(mult=0.80 taper=1.00 n=16)+CONSEC_REDUCE(0.50)+HARD_RISK_CAP(2.0%)+MAXLOSS_CAP;213067.89;213079.45;33;0
2026.08.18 03:56:13;XAUUSD;5;1787015308;SL_MODIFIED;ticket=119707737 oldSL=4398.93 newSL=4399.00 reason=break_even_lock_leg_0;MANAGE_PROFIT;SAFE;1;1;1;-1;-1;4396.63;11.64;11.64;11.60;-4.24;KELLY_LITE;true;0.04;213067.89;0.0417;KELLY_LITE(mult=0.80 taper=1.00 n=16)+CONSEC_REDUCE(0.50)+HARD_RISK_CAP(2.0%)+MAXLOSS_CAP;213067.89;213079.53;33;0
2026.08.18 03:56:13;XAUUSD;5;1787015308;PROFIT_RATCHET_LOCKED;floor=4.93 peak=11.60;MANAGE_PROFIT;SAFE;1;1;1;-1;-1;4396.63;11.64;11.64;11.60;-4.24;KELLY_LITE;true;0.04;213067.89;0.0417;KELLY_LITE(mult=0.80 taper=1.00 n=16)+CONSEC_REDUCE(0.50)+HARD_RISK_CAP(2.0%)+MAXLOSS_CAP;213067.89;213079.53;33;0
2026.08.18 03:56:13;XAUUSD;5;1787015308;SL_MODIFIED;ticket=119707737 oldSL=4399.00 newSL=4399.02 reason=break_even_lock_leg_0;MANAGE_PROFIT;SAFE;1;1;1;-1;-1;4396.63;11.72;11.72;11.64;-4.24;KELLY_LITE;true;0.04;213067.89;0.0417;KELLY_LITE(mult=0.80 taper=1.00 n=16)+CONSEC_REDUCE(0.50)+HARD_RISK_CAP(2.0%)+MAXLOSS_CAP;213067.89;213079.61;33;0
2026.08.18 03:56:13;XAUUSD;5;1787015308;PROFIT_RATCHET_LOCKED;floor=4.95 peak=11.64;MANAGE_PROFIT;SAFE;1;1;1;-1;-1;4396.63;11.72;11.72;11.64;-4.24;KELLY_LITE;true;0.04;213067.89;0.0417;KELLY_LITE(mult=0.80 taper=1.00 n=16)+CONSEC_REDUCE(0.50)+HARD_RISK_CAP(2.0%)+MAXLOSS_CAP;213067.89;213079.61;33;0
2026.08.18 03:56:13;XAUUSD;5;1787015308;PROFIT_RATCHET_LOCKED;floor=4.98 peak=11.72;MANAGE_PROFIT;SAFE;1;1;1;-1;-1;4396.63;11.72;11.72;11.72;-4.24;KELLY_LITE;true;0.04;213067.89;0.0417;KELLY_LITE(mult=0.80 taper=1.00 n=16)+CONSEC_REDUCE(0.50)+HARD_RISK_CAP(2.0%)+MAXLOSS_CAP;213067.89;213079.61;33;0
2026.08.18 03:56:13;XAUUSD;5;1787015308;PROFIT_RATCHET_LOCKED;floor=4.98 peak=11.72;MANAGE_PROFIT;SAFE;1;1;1;-1;-1;4396.63;11.64;11.64;11.72;-4.24;KELLY_LITE;true;0.04;213067.89;0.0417;KELLY_LITE(mult=0.80 taper=1.00 n=16)+CONSEC_REDUCE(0.50)+HARD_RISK_CAP(2.0%)+MAXLOSS_CAP;213067.89;213079.53;33;0
2026.08.18 03:56:14;XAUUSD;5;1787015308;PROFIT_RATCHET_LOCKED;floor=4.98 peak=11.72;MANAGE_PROFIT;SAFE;1;1;1;-1;-1;4396.63;11.60;11.60;11.72;-4.24;KELLY_LITE;true;0.04;213067.89;0.0417;KELLY_LITE(mult=0.80 taper=1.00 n=16)+CONSEC_REDUCE(0.50)+HARD_RISK_CAP(2.0%)+MAXLOSS_CAP;213067.89;213079.49;33;0
2026.08.18 03:56:14;XAUUSD;5;1787015308;PROFIT_RATCHET_LOCKED;floor=4.98 peak=11.72;MANAGE_PROFIT;SAFE;1;1;1;-1;-1;4396.63;11.64;11.64;11.72;-4.24;KELLY_LITE;true;0.04;213067.89;0.0417;KELLY_LITE(mult=0.80 taper=1.00 n=16)+CONSEC_REDUCE(0.50)+HARD_RISK_CAP(2.0%)+MAXLOSS_CAP;213067.89;213079.53;33;0
2026.08.18 03:56:15;XAUUSD;5;1787015308;SL_MODIFIED;ticket=119707737 oldSL=4399.02 newSL=4399.10 reason=break_even_lock_leg_0;MANAGE_PROFIT;SAFE;1;1;1;-1;-1;4396.63;12.08;12.08;11.96;-4.24;KELLY_LITE;true;0.04;213067.89;0.0417;KELLY_LITE(mult=0.80 taper=1.00 n=16)+CONSEC_REDUCE(0.50)+HARD_RISK_CAP(2.0%)+MAXLOSS_CAP;213067.89;213079.97;33;0
2026.08.18 03:56:15;XAUUSD;5;1787015308;PROFIT_RATCHET_LOCKED;floor=5.08 peak=11.96;MANAGE_PROFIT;SAFE;1;1;1;-1;-1;4396.63;12.08;12.08;11.96;-4.24;KELLY_LITE;true;0.04;213067.89;0.0417;KELLY_LITE(mult=0.80 taper=1.00 n=16)+CONSEC_REDUCE(0.50)+HARD_RISK_CAP(2.0%)+MAXLOSS_CAP;213067.89;213079.97;33;0
2026.08.18 03:56:16;XAUUSD;5;1787015308;PROFIT_RATCHET_LOCKED;floor=5.13 peak=12.08;MANAGE_PROFIT;SAFE;1;1;1;-1;-1;4396.63;11.80;11.80;12.08;-4.24;KELLY_LITE;true;0.04;213067.89;0.0417;KELLY_LITE(mult=0.80 taper=1.00 n=16)+CONSEC_REDUCE(0.50)+HARD_RISK_CAP(2.0%)+MAXLOSS_CAP;213067.89;213079.69;33;0
2026.08.18 03:56:16;XAUUSD;5;1787015308;PROFIT_RATCHET_LOCKED;floor=5.13 peak=12.08;MANAGE_PROFIT;SAFE;1;1;1;-1;-1;4396.63;11.80;11.80;12.08;-4.24;KELLY_LITE;true;0.04;213067.89;0.0417;KELLY_LITE(mult=0.80 taper=1.00 n=16)+CONSEC_REDUCE(0.50)+HARD_RISK_CAP(2.0%)+MAXLOSS_CAP;213067.89;213079.69;33;0
2026.08.18 03:56:16;XAUUSD;5;1787015308;PROFIT_RATCHET_LOCKED;floor=5.13 peak=12.08;MANAGE_PROFIT;SAFE;1;1;1;-1;-1;4396.63;11.84;11.84;12.08;-4.24;KELLY_LITE;true;0.04;213067.89;0.0417;KELLY_LITE(mult=0.80 taper=1.00 n=16)+CONSEC_REDUCE(0.50)+HARD_RISK_CAP(2.0%)+MAXLOSS_CAP;213067.89;213079.73;33;0
2026.08.18 03:56:16;XAUUSD;5;1787015308;PROFIT_RATCHET_LOCKED;floor=5.18 peak=12.20;MANAGE_PROFIT;SAFE;1;1;1;-1;-1;4396.63;11.72;11.72;12.20;-4.24;KELLY_LITE;true;0.04;213067.89;0.0417;KELLY_LITE(mult=0.80 taper=1.00 n=16)+CONSEC_REDUCE(0.50)+HARD_RISK_CAP(2.0%)+MAXLOSS_CAP;213067.89;213079.61;33;0
2026.08.18 03:56:16;XAUUSD;5;1787015308;PROFIT_RATCHET_LOCKED;floor=5.18 peak=12.20;MANAGE_PROFIT;SAFE;1;1;1;-1;-1;4396.63;11.72;11.72;12.20;-4.24;KELLY_LITE;true;0.04;213067.89;0.0417;KELLY_LITE(mult=0.80 taper=1.00 n=16)+CONSEC_REDUCE(0.50)+HARD_RISK_CAP(2.0%)+MAXLOSS_CAP;213067.89;213079.61;33;0
2026.08.18 03:56:17;XAUUSD;5;1787015308;PROFIT_RATCHET_LOCKED;floor=5.18 peak=12.20;MANAGE_PROFIT;SAFE;1;1;1;-1;-1;4396.63;11.76;11.76;12.20;-4.24;KELLY_LITE;true;0.04;213067.89;0.0417;KELLY_LITE(mult=0.80 taper=1.00 n=16)+CONSEC_REDUCE(0.50)+HARD_RISK_CAP(2.0%)+MAXLOSS_CAP;213067.89;213079.65;33;0
2026.08.18 03:56:17;XAUUSD;5;1787015308;PROFIT_RATCHET_LOCKED;floor=5.18 peak=12.20;MANAGE_PROFIT;SAFE;1;1;1;-1;-1;4396.63;11.56;11.56;12.20;-4.24;KELLY_LITE;true;0.04;213067.89;0.0417;KELLY_LITE(mult=0.80 taper=1.00 n=16)+CONSEC_REDUCE(0.50)+HARD_RISK_CAP(2.0%)+MAXLOSS_CAP;213067.89;213079.45;33;0
2026.08.18 03:56:17;XAUUSD;5;1787015308;PROFIT_RATCHET_LOCKED;floor=5.18 peak=12.20;MANAGE_PROFIT;SAFE;1;1;1;-1;-1;4396.63;11.48;11.48;12.20;-4.24;KELLY_LITE;true;0.04;213067.89;0.0417;KELLY_LITE(mult=0.80 taper=1.00 n=16)+CONSEC_REDUCE(0.50)+HARD_RISK_CAP(2.0%)+MAXLOSS_CAP;213067.89;213079.37;33;0
2026.08.18 03:56:18;XAUUSD;5;1787015308;PROFIT_RATCHET_LOCKED;floor=5.18 peak=12.20;MANAGE_PROFIT;SAFE;1;1;1;-1;-1;4396.63;11.40;11.40;12.20;-4.24;KELLY_LITE;true;0.04;213067.89;0.0417;KELLY_LITE(mult=0.80 taper=1.00 n=16)+CONSEC_REDUCE(0.50)+HARD_RISK_CAP(2.0%)+MAXLOSS_CAP;213067.89;213079.29;33;0
2026.08.18 03:56:18;XAUUSD;5;1787015308;PROFIT_RATCHET_LOCKED;floor=5.18 peak=12.20;MANAGE_PROFIT;SAFE;1;1;1;-1;-1;4396.63;11.44;11.44;12.20;-4.24;KELLY_LITE;true;0.04;213067.89;0.0417;KELLY_LITE(mult=0.80 taper=1.00 n=16)+CONSEC_REDUCE(0.50)+HARD_RISK_CAP(2.0%)+MAXLOSS_CAP;213067.89;213079.33;33;0
2026.08.18 03:56:18;XAUUSD;5;1787015308;PROFIT_RATCHET_LOCKED;floor=5.18 peak=12.20;MANAGE_PROFIT;SAFE;1;1;1;-1;-1;4396.63;11.48;11.48;12.20;-4.24;KELLY_LITE;true;0.04;213067.89;0.0417;KELLY_LITE(mult=0.80 taper=1.00 n=16)+CONSEC_REDUCE(0.50)+HARD_RISK_CAP(2.0%)+MAXLOSS_CAP;213067.89;213079.37;33;0
2026.08.18 03:56:19;XAUUSD;5;1787015308;PROFIT_RATCHET_LOCKED;floor=5.18 peak=12.20;MANAGE_PROFIT;SAFE;1;1;1;-1;-1;4396.63;11.44;11.44;12.20;-4.24;KELLY_LITE;true;0.04;213067.89;0.0417;KELLY_LITE(mult=0.80 taper=1.00 n=16)+CONSEC_REDUCE(0.50)+HARD_RISK_CAP(2.0%)+MAXLOSS_CAP;213067.89;213079.33;33;0
2026.08.18 03:56:19;XAUUSD;5;1787015308;PROFIT_RATCHET_LOCKED;floor=5.18 peak=12.20;MANAGE_PROFIT;SAFE;1;1;1;-1;-1;4396.63;10.96;10.96;12.20;-4.24;KELLY_LITE;true;0.04;213067.89;0.0417;KELLY_LITE(mult=0.80 taper=1.00 n=16)+CONSEC_REDUCE(0.50)+HARD_RISK_CAP(2.0%)+MAXLOSS_CAP;213067.89;213078.85;33;0
2026.08.18 03:56:20;XAUUSD;5;1787015308;PROFIT_RATCHET_LOCKED;floor=5.18 peak=12.20;MANAGE_PROFIT;SAFE;1;1;1;-1;-1;4396.63;11.12;11.12;12.20;-4.24;KELLY_LITE;true;0.04;213067.89;0.0417;KELLY_LITE(mult=0.80 taper=1.00 n=16)+CONSEC_REDUCE(0.50)+HARD_RISK_CAP(2.0%)+MAXLOSS_CAP;213067.89;213079.01;33;0
2026.08.18 03:56:20;XAUUSD;5;1787015308;PROFIT_RATCHET_LOCKED;floor=5.18 peak=12.20;MANAGE_PROFIT;SAFE;1;1;1;-1;-1;4396.63;11.56;11.56;12.20;-4.24;KELLY_LITE;true;0.04;213067.89;0.0417;KELLY_LITE(mult=0.80 taper=1.00 n=16)+CONSEC_REDUCE(0.50)+HARD_RISK_CAP(2.0%)+MAXLOSS_CAP;213067.89;213079.45;33;0
2026.08.18 03:56:20;XAUUSD;5;1787015308;PROFIT_RATCHET_LOCKED;floor=5.18 peak=12.20;MANAGE_PROFIT;SAFE;1;1;1;-1;-1;4396.63;11.36;11.36;12.20;-4.24;KELLY_LITE;true;0.04;213067.89;0.0417;KELLY_LITE(mult=0.80 taper=1.00 n=16)+CONSEC_REDUCE(0.50)+HARD_RISK_CAP(2.0%)+MAXLOSS_CAP;213067.89;213079.25;33;0
2026.08.18 03:56:21;XAUUSD;5;1787015308;PROFIT_RATCHET_LOCKED;floor=5.18 peak=12.20;MANAGE_PROFIT;SAFE;1;1;1;-1;-1;4396.63;11.24;11.24;12.20;-4.24;KELLY_LITE;true;0.04;213067.89;0.0417;KELLY_LITE(mult=0.80 taper=1.00 n=16)+CONSEC_REDUCE(0.50)+HARD_RISK_CAP(2.0%)+MAXLOSS_CAP;213067.89;213079.13;33;0
2026.08.18 03:56:21;XAUUSD;5;1787015308;PROFIT_RATCHET_LOCKED;floor=5.18 peak=12.20;MANAGE_PROFIT;SAFE;1;1;1;-1;-1;4396.63;11.20;11.20;12.20;-4.24;KELLY_LITE;true;0.04;213067.89;0.0417;KELLY_LITE(mult=0.80 taper=1.00 n=16)+CONSEC_REDUCE(0.50)+HARD_RISK_CAP(2.0%)+MAXLOSS_CAP;213067.89;213079.09;33;0
2026.08.18 03:56:21;XAUUSD;5;1787015308;PROFIT_RATCHET_LOCKED;floor=5.18 peak=12.20;MANAGE_PROFIT;SAFE;1;1;1;-1;-1;4396.63;11.12;11.12;12.20;-4.24;KELLY_LITE;true;0.04;213067.89;0.0417;KELLY_LITE(mult=0.80 taper=1.00 n=16)+CONSEC_REDUCE(0.50)+HARD_RISK_CAP(2.0%)+MAXLOSS_CAP;213067.89;213079.01;33;0
2026.08.18 03:56:21;XAUUSD;5;1787015308;PROFIT_RATCHET_LOCKED;floor=5.18 peak=12.20;MANAGE_PROFIT;SAFE;1;1;1;-1;-1;4396.63;11.52;11.52;12.20;-4.24;KELLY_LITE;true;0.04;213067.89;0.0417;KELLY_LITE(mult=0.80 taper=1.00 n=16)+CONSEC_REDUCE(0.50)+HARD_RISK_CAP(2.0%)+MAXLOSS_CAP;213067.89;213079.41;33;0
2026.08.18 03:56:21;XAUUSD;5;1787015308;PROFIT_RATCHET_LOCKED;floor=5.18 peak=12.20;MANAGE_PROFIT;SAFE;1;1;1;-1;-1;4396.63;11.48;11.48;12.20;-4.24;KELLY_LITE;true;0.04;213067.89;0.0417;KELLY_LITE(mult=0.80 taper=1.00 n=16)+CONSEC_REDUCE(0.50)+HARD_RISK_CAP(2.0%)+MAXLOSS_CAP;213067.89;213079.37;33;0
2026.08.18 03:56:22;XAUUSD;5;1787015308;PROFIT_RATCHET_LOCKED;floor=5.18 peak=12.20;MANAGE_PROFIT;SAFE;1;1;1;-1;-1;4396.63;11.72;11.72;12.20;-4.24;KELLY_LITE;true;0.04;213067.89;0.0417;KELLY_LITE(mult=0.80 taper=1.00 n=16)+CONSEC_REDUCE(0.50)+HARD_RISK_CAP(2.0%)+MAXLOSS_CAP;213067.89;213079.61;33;0
2026.08.18 03:56:22;XAUUSD;5;1787015308;PROFIT_RATCHET_LOCKED;floor=5.18 peak=12.20;MANAGE_PROFIT;SAFE;1;1;1;-1;-1;4396.63;11.56;11.56;12.20;-4.24;KELLY_LITE;true;0.04;213067.89;0.0417;KELLY_LITE(mult=0.80 taper=1.00 n=16)+CONSEC_REDUCE(0.50)+HARD_RISK_CAP(2.0%)+MAXLOSS_CAP;213067.89;213079.45;33;0
2026.08.18 03:56:22;XAUUSD;5;1787015308;PROFIT_RATCHET_LOCKED;floor=5.18 peak=12.20;MANAGE_PROFIT;SAFE;1;1;1;-1;-1;4396.63;11.64;11.64;12.20;-4.24;KELLY_LITE;true;0.04;213067.89;0.0417;KELLY_LITE(mult=0.80 taper=1.00 n=16)+CONSEC_REDUCE(0.50)+HARD_RISK_CAP(2.0%)+MAXLOSS_CAP;213067.89;213079.53;33;0
2026.08.18 03:56:22;XAUUSD;5;1787015308;PROFIT_RATCHET_LOCKED;floor=5.18 peak=12.20;MANAGE_PROFIT;SAFE;1;1;1;-1;-1;4396.63;11.52;11.52;12.20;-4.24;KELLY_LITE;true;0.04;213067.89;0.0417;KELLY_LITE(mult=0.80 taper=1.00 n=16)+CONSEC_REDUCE(0.50)+HARD_RISK_CAP(2.0%)+MAXLOSS_CAP;213067.89;213079.41;33;0
2026.08.18 03:56:23;XAUUSD;5;1787015308;PROFIT_RATCHET_LOCKED;floor=5.18 peak=12.20;MANAGE_PROFIT;SAFE;1;1;1;-1;-1;4396.63;11.36;11.36;12.20;-4.24;KELLY_LITE;true;0.04;213067.89;0.0417;KELLY_LITE(mult=0.80 taper=1.00 n=16)+CONSEC_REDUCE(0.50)+HARD_RISK_CAP(2.0%)+MAXLOSS_CAP;213067.89;213079.25;33;0
2026.08.18 03:56:23;XAUUSD;5;1787015308;SL_MODIFIED;ticket=119707737 oldSL=4399.10 newSL=4399.14 reason=break_even_lock_leg_0;MANAGE_PROFIT;SAFE;1;1;1;-1;-1;4396.63;12.04;12.04;12.20;-4.24;KELLY_LITE;true;0.04;213067.89;0.0417;KELLY_LITE(mult=0.80 taper=1.00 n=16)+CONSEC_REDUCE(0.50)+HARD_RISK_CAP(2.0%)+MAXLOSS_CAP;213067.89;213079.93;33;0
2026.08.18 03:56:23;XAUUSD;5;1787015308;PROFIT_RATCHET_LOCKED;floor=5.18 peak=12.20;MANAGE_PROFIT;SAFE;1;1;1;-1;-1;4396.63;12.04;12.04;12.20;-4.24;KELLY_LITE;true;0.04;213067.89;0.0417;KELLY_LITE(mult=0.80 taper=1.00 n=16)+CONSEC_REDUCE(0.50)+HARD_RISK_CAP(2.0%)+MAXLOSS_CAP;213067.89;213079.93;33;0
2026.08.18 03:56:23;XAUUSD;5;1787015308;PROFIT_RATCHET_LOCKED;floor=5.18 peak=12.20;MANAGE_PROFIT;SAFE;1;1;1;-1;-1;4396.63;12.04;12.04;12.20;-4.24;KELLY_LITE;true;0.04;213067.89;0.0417;KELLY_LITE(mult=0.80 taper=1.00 n=16)+CONSEC_REDUCE(0.50)+HARD_RISK_CAP(2.0%)+MAXLOSS_CAP;213067.89;213079.93;33;0
2026.08.18 03:56:24;XAUUSD;5;1787015308;PROFIT_RATCHET_LOCKED;floor=5.18 peak=12.20;MANAGE_PROFIT;SAFE;1;1;1;-1;-1;4396.63;11.92;11.92;12.20;-4.24;KELLY_LITE;true;0.04;213067.89;0.0417;KELLY_LITE(mult=0.80 taper=1.00 n=16)+CONSEC_REDUCE(0.50)+HARD_RISK_CAP(2.0%)+MAXLOSS_CAP;213067.89;213079.81;33;0
2026.08.18 03:56:24;XAUUSD;5;1787015308;PROFIT_RATCHET_LOCKED;floor=5.18 peak=12.20;MANAGE_PROFIT;SAFE;1;1;1;-1;-1;4396.63;12.08;12.08;12.20;-4.24;KELLY_LITE;true;0.04;213067.89;0.0417;KELLY_LITE(mult=0.80 taper=1.00 n=16)+CONSEC_REDUCE(0.50)+HARD_RISK_CAP(2.0%)+MAXLOSS_CAP;213067.89;213079.97;33;0
2026.08.18 03:56:24;XAUUSD;5;1787015308;SL_MODIFIED;ticket=119707737 oldSL=4399.14 newSL=4399.17 reason=break_even_lock_leg_0;MANAGE_PROFIT;SAFE;1;1;1;-1;-1;4396.63;12.16;12.16;12.24;-4.24;KELLY_LITE;true;0.04;213067.89;0.0417;KELLY_LITE(mult=0.80 taper=1.00 n=16)+CONSEC_REDUCE(0.50)+HARD_RISK_CAP(2.0%)+MAXLOSS_CAP;213067.89;213080.05;33;0
2026.08.18 03:56:24;XAUUSD;5;1787015308;PROFIT_RATCHET_LOCKED;floor=5.20 peak=12.24;MANAGE_PROFIT;SAFE;1;1;1;-1;-1;4396.63;12.16;12.16;12.24;-4.24;KELLY_LITE;true;0.04;213067.89;0.0417;KELLY_LITE(mult=0.80 taper=1.00 n=16)+CONSEC_REDUCE(0.50)+HARD_RISK_CAP(2.0%)+MAXLOSS_CAP;213067.89;213080.05;33;0
2026.08.18 03:56:24;XAUUSD;5;1787015308;PROFIT_RATCHET_LOCKED;floor=5.20 peak=12.24;MANAGE_PROFIT;SAFE;1;1;1;-1;-1;4396.63;12.16;12.16;12.24;-4.24;KELLY_LITE;true;0.04;213067.89;0.0417;KELLY_LITE(mult=0.80 taper=1.00 n=16)+CONSEC_REDUCE(0.50)+HARD_RISK_CAP(2.0%)+MAXLOSS_CAP;213067.89;213080.05;33;0
2026.08.18 03:56:25;XAUUSD;5;1787015308;PROFIT_RATCHET_LOCKED;floor=5.20 peak=12.24;MANAGE_PROFIT;SAFE;1;1;1;-1;-1;4396.63;12.04;12.04;12.24;-4.24;KELLY_LITE;true;0.04;213067.89;0.0417;KELLY_LITE(mult=0.80 taper=1.00 n=16)+CONSEC_REDUCE(0.50)+HARD_RISK_CAP(2.0%)+MAXLOSS_CAP;213067.89;213079.93;33;0
2026.08.18 03:56:25;XAUUSD;5;1787015308;PROFIT_RATCHET_LOCKED;floor=5.24 peak=12.32;MANAGE_PROFIT;SAFE;1;1;1;-1;-1;4396.63;12.32;12.32;12.32;-4.24;KELLY_LITE;true;0.04;213067.89;0.0417;KELLY_LITE(mult=0.80 taper=1.00 n=16)+CONSEC_REDUCE(0.50)+HARD_RISK_CAP(2.0%)+MAXLOSS_CAP;213067.89;213080.21;33;0
2026.08.18 03:56:25;XAUUSD;5;1787015308;PROFIT_RATCHET_LOCKED;floor=5.24 peak=12.32;MANAGE_PROFIT;SAFE;1;1;1;-1;-1;4396.63;12.32;12.32;12.32;-4.24;KELLY_LITE;true;0.04;213067.89;0.0417;KELLY_LITE(mult=0.80 taper=1.00 n=16)+CONSEC_REDUCE(0.50)+HARD_RISK_CAP(2.0%)+MAXLOSS_CAP;213067.89;213080.21;34;0
2026.08.18 03:56:26;XAUUSD;5;1787015308;PROFIT_RATCHET_LOCKED;floor=5.24 peak=12.32;MANAGE_PROFIT;SAFE;1;1;1;-1;-1;4396.63;12.32;12.32;12.32;-4.24;KELLY_LITE;true;0.04;213067.89;0.0417;KELLY_LITE(mult=0.80 taper=1.00 n=16)+CONSEC_REDUCE(0.50)+HARD_RISK_CAP(2.0%)+MAXLOSS_CAP;213067.89;213080.21;33;0
2026.08.18 03:56:26;XAUUSD;5;1787015308;PROFIT_RATCHET_LOCKED;floor=5.24 peak=12.32;MANAGE_PROFIT;SAFE;1;1;1;-1;-1;4396.63;11.96;11.96;12.32;-4.24;KELLY_LITE;true;0.04;213067.89;0.0417;KELLY_LITE(mult=0.80 taper=1.00 n=16)+CONSEC_REDUCE(0.50)+HARD_RISK_CAP(2.0%)+MAXLOSS_CAP;213067.89;213079.85;33;0
2026.08.18 03:56:26;XAUUSD;5;1787015308;PROFIT_RATCHET_LOCKED;floor=5.24 peak=12.32;MANAGE_PROFIT;SAFE;1;1;1;-1;-1;4396.63;12.32;12.32;12.32;-4.24;KELLY_LITE;true;0.04;213067.89;0.0417;KELLY_LITE(mult=0.80 taper=1.00 n=16)+CONSEC_REDUCE(0.50)+HARD_RISK_CAP(2.0%)+MAXLOSS_CAP;213067.89;213080.21;33;0
2026.08.18 03:56:26;XAUUSD;5;1787015308;PROFIT_RATCHET_LOCKED;floor=5.24 peak=12.32;MANAGE_PROFIT;SAFE;1;1;1;-1;-1;4396.63;12.32;12.32;12.32;-4.24;KELLY_LITE;true;0.04;213067.89;0.0417;KELLY_LITE(mult=0.80 taper=1.00 n=16)+CONSEC_REDUCE(0.50)+HARD_RISK_CAP(2.0%)+MAXLOSS_CAP;213067.89;213080.21;34;0
2026.08.18 03:56:26;XAUUSD;5;1787015308;PROFIT_RATCHET_LOCKED;floor=5.24 peak=12.32;MANAGE_PROFIT;SAFE;1;1;1;-1;-1;4396.63;12.28;12.28;12.32;-4.24;KELLY_LITE;true;0.04;213067.89;0.0417;KELLY_LITE(mult=0.80 taper=1.00 n=16)+CONSEC_REDUCE(0.50)+HARD_RISK_CAP(2.0%)+MAXLOSS_CAP;213067.89;213080.17;33;0
2026.08.18 03:56:27;XAUUSD;5;1787015308;PROFIT_RATCHET_LOCKED;floor=5.24 peak=12.32;MANAGE_PROFIT;SAFE;1;1;1;-1;-1;4396.63;12.24;12.24;12.32;-4.24;KELLY_LITE;true;0.04;213067.89;0.0417;KELLY_LITE(mult=0.80 taper=1.00 n=16)+CONSEC_REDUCE(0.50)+HARD_RISK_CAP(2.0%)+MAXLOSS_CAP;213067.89;213080.13;33;0
2026.08.18 03:56:27;XAUUSD;5;1787015308;SL_MODIFIED;ticket=119707737 oldSL=4399.17 newSL=4399.37 reason=break_even_lock_leg_0;MANAGE_PROFIT;SAFE;1;1;1;-1;-1;4396.63;14.80;14.80;13.04;-4.24;KELLY_LITE;true;0.04;213067.89;0.0417;KELLY_LITE(mult=0.80 taper=1.00 n=16)+CONSEC_REDUCE(0.50)+HARD_RISK_CAP(2.0%)+MAXLOSS_CAP;213067.89;213082.69;33;0
2026.08.18 03:56:27;XAUUSD;5;1787015308;PROFIT_RATCHET_LOCKED;floor=5.54 peak=13.04;MANAGE_PROFIT;SAFE;1;1;1;-1;-1;4396.63;14.80;14.80;13.04;-4.24;KELLY_LITE;true;0.04;213067.89;0.0417;KELLY_LITE(mult=0.80 taper=1.00 n=16)+CONSEC_REDUCE(0.50)+HARD_RISK_CAP(2.0%)+MAXLOSS_CAP;213067.89;213082.69;33;0
2026.08.18 03:56:28;XAUUSD;5;1787015308;SL_MODIFIED;ticket=119707737 oldSL=4399.37 newSL=4399.70 reason=break_even_lock_leg_0 (retry buf=3pt);MANAGE_PROFIT;SAFE;1;1;1;-1;-1;4396.63;14.52;14.72;14.80;-4.24;KELLY_LITE;true;0.04;213067.89;0.0417;KELLY_LITE(mult=0.80 taper=1.00 n=16)+CONSEC_REDUCE(0.50)+HARD_RISK_CAP(2.0%)+MAXLOSS_CAP;213067.89;213082.41;33;0
2026.08.18 03:56:28;XAUUSD;5;1787015308;PROFIT_RATCHET_LOCKED;floor=6.29 peak=14.80;MANAGE_PROFIT;SAFE;1;1;1;-1;-1;4396.63;14.52;14.72;14.80;-4.24;KELLY_LITE;true;0.04;213067.89;0.0417;KELLY_LITE(mult=0.80 taper=1.00 n=16)+CONSEC_REDUCE(0.50)+HARD_RISK_CAP(2.0%)+MAXLOSS_CAP;213067.89;213082.41;33;0
2026.08.18 03:56:29;XAUUSD;5;1787015308;SL_MODIFIED;ticket=119707737 oldSL=4399.70 newSL=4399.73 reason=break_even_lock_leg_0 (retry buf=8pt);MANAGE_PROFIT;SAFE;1;1;1;-1;-1;4396.63;14.68;14.68;14.80;-4.24;KELLY_LITE;true;0.04;213067.89;0.0417;KELLY_LITE(mult=0.80 taper=1.00 n=16)+CONSEC_REDUCE(0.50)+HARD_RISK_CAP(2.0%)+MAXLOSS_CAP;213067.89;213082.57;33;0
2026.08.18 03:56:29;XAUUSD;5;1787015308;PROFIT_RATCHET_LOCKED;floor=6.29 peak=14.80;MANAGE_PROFIT;SAFE;1;1;1;-1;-1;4396.63;14.68;14.68;14.80;-4.24;KELLY_LITE;true;0.04;213067.89;0.0417;KELLY_LITE(mult=0.80 taper=1.00 n=16)+CONSEC_REDUCE(0.50)+HARD_RISK_CAP(2.0%)+MAXLOSS_CAP;213067.89;213082.57;33;0
2026.08.18 03:56:30;XAUUSD;5;1787015308;SL_MODIFIED;ticket=119707737 oldSL=4399.73 newSL=4399.78 reason=break_even_lock_leg_0 (retry buf=3pt);MANAGE_PROFIT;SAFE;1;1;1;-1;-1;4396.63;14.80;14.80;14.80;-4.24;KELLY_LITE;true;0.04;213067.89;0.0417;KELLY_LITE(mult=0.80 taper=1.00 n=16)+CONSEC_REDUCE(0.50)+HARD_RISK_CAP(2.0%)+MAXLOSS_CAP;213067.89;213082.69;33;0
2026.08.18 03:56:30;XAUUSD;5;1787015308;PROFIT_RATCHET_LOCKED;floor=6.29 peak=14.80;MANAGE_PROFIT;SAFE;1;1;1;-1;-1;4396.63;14.80;14.80;14.80;-4.24;KELLY_LITE;true;0.04;213067.89;0.0417;KELLY_LITE(mult=0.80 taper=1.00 n=16)+CONSEC_REDUCE(0.50)+HARD_RISK_CAP(2.0%)+MAXLOSS_CAP;213067.89;213082.69;33;0
2026.08.18 03:56:30;XAUUSD;5;1787015308;SL_MODIFIED;ticket=119707737 oldSL=4399.78 newSL=4399.81 reason=break_even_lock_leg_0;MANAGE_PROFIT;SAFE;1;1;1;-1;-1;4396.63;14.88;14.88;14.80;-4.24;KELLY_LITE;true;0.04;213067.89;0.0417;KELLY_LITE(mult=0.80 taper=1.00 n=16)+CONSEC_REDUCE(0.50)+HARD_RISK_CAP(2.0%)+MAXLOSS_CAP;213067.89;213082.77;33;0
2026.08.18 03:56:30;XAUUSD;5;1787015308;PROFIT_RATCHET_LOCKED;floor=6.29 peak=14.80;MANAGE_PROFIT;SAFE;1;1;1;-1;-1;4396.63;14.88;14.88;14.80;-4.24;KELLY_LITE;true;0.04;213067.89;0.0417;KELLY_LITE(mult=0.80 taper=1.00 n=16)+CONSEC_REDUCE(0.50)+HARD_RISK_CAP(2.0%)+MAXLOSS_CAP;213067.89;213082.77;33;0
2026.08.18 03:56:30;XAUUSD;5;1787015308;PROFIT_RATCHET_LOCKED;floor=6.32 peak=14.88;MANAGE_PROFIT;SAFE;1;1;1;-1;-1;4396.63;14.88;14.88;14.88;-4.24;KELLY_LITE;true;0.04;213067.89;0.0417;KELLY_LITE(mult=0.80 taper=1.00 n=16)+CONSEC_REDUCE(0.50)+HARD_RISK_CAP(2.0%)+MAXLOSS_CAP;213067.89;213082.77;33;0
2026.08.18 03:56:30;XAUUSD;5;1787015308;PROFIT_RATCHET_LOCKED;floor=6.32 peak=14.88;MANAGE_PROFIT;SAFE;1;1;1;-1;-1;4396.63;14.84;14.84;14.88;-4.24;KELLY_LITE;true;0.04;213067.89;0.0417;KELLY_LITE(mult=0.80 taper=1.00 n=16)+CONSEC_REDUCE(0.50)+HARD_RISK_CAP(2.0%)+MAXLOSS_CAP;213067.89;213082.73;33;0
2026.08.18 03:56:31;XAUUSD;5;1787015308;PROFIT_RATCHET_LOCKED;floor=6.32 peak=14.88;MANAGE_PROFIT;SAFE;1;1;1;-1;-1;4396.63;14.48;14.48;14.88;-4.24;KELLY_LITE;true;0.04;213067.89;0.0417;KELLY_LITE(mult=0.80 taper=1.00 n=16)+CONSEC_REDUCE(0.50)+HARD_RISK_CAP(2.0%)+MAXLOSS_CAP;213067.89;213082.37;33;0
2026.08.18 03:56:31;XAUUSD;5;1787015308;PROFIT_RATCHET_LOCKED;floor=6.32 peak=14.88;MANAGE_PROFIT;SAFE;1;1;1;-1;-1;4396.63;14.00;14.00;14.88;-4.24;KELLY_LITE;true;0.04;213067.89;0.0417;KELLY_LITE(mult=0.80 taper=1.00 n=16)+CONSEC_REDUCE(0.50)+HARD_RISK_CAP(2.0%)+MAXLOSS_CAP;213067.89;213081.89;33;0
2026.08.18 03:56:32;XAUUSD;5;1787015308;PROFIT_RATCHET_LOCKED;floor=6.32 peak=14.88;MANAGE_PROFIT;SAFE;1;1;1;-1;-1;4396.63;14.08;14.08;14.88;-4.24;KELLY_LITE;true;0.04;213067.89;0.0417;KELLY_LITE(mult=0.80 taper=1.00 n=16)+CONSEC_REDUCE(0.50)+HARD_RISK_CAP(2.0%)+MAXLOSS_CAP;213067.89;213081.97;33;0
2026.08.18 03:56:32;XAUUSD;5;1787015308;PROFIT_RATCHET_LOCKED;floor=6.32 peak=14.88;MANAGE_PROFIT;SAFE;1;1;1;-1;-1;4396.63;14.12;14.12;14.88;-4.24;KELLY_LITE;true;0.04;213067.89;0.0417;KELLY_LITE(mult=0.80 taper=1.00 n=16)+CONSEC_REDUCE(0.50)+HARD_RISK_CAP(2.0%)+MAXLOSS_CAP;213067.89;213082.01;33;0
2026.08.18 03:56:32;XAUUSD;5;1787015308;PROFIT_RATCHET_LOCKED;floor=6.32 peak=14.88;MANAGE_PROFIT;SAFE;1;1;1;-1;-1;4396.63;14.16;14.16;14.88;-4.24;KELLY_LITE;true;0.04;213067.89;0.0417;KELLY_LITE(mult=0.80 taper=1.00 n=16)+CONSEC_REDUCE(0.50)+HARD_RISK_CAP(2.0%)+MAXLOSS_CAP;213067.89;213082.05;33;0
2026.08.18 03:56:32;XAUUSD;5;1787015308;PROFIT_RATCHET_LOCKED;floor=6.32 peak=14.88;MANAGE_PROFIT;SAFE;1;1;1;-1;-1;4396.63;13.44;13.44;14.88;-4.24;KELLY_LITE;true;0.04;213067.89;0.0417;KELLY_LITE(mult=0.80 taper=1.00 n=16)+CONSEC_REDUCE(0.50)+HARD_RISK_CAP(2.0%)+MAXLOSS_CAP;213067.89;213081.33;33;0
2026.08.18 03:56:33;XAUUSD;5;1787015308;PROFIT_RATCHET_LOCKED;floor=6.32 peak=14.88;MANAGE_PROFIT;SAFE;1;1;1;-1;-1;4396.63;13.60;13.60;14.88;-4.24;KELLY_LITE;true;0.04;213067.89;0.0417;KELLY_LITE(mult=0.80 taper=1.00 n=16)+CONSEC_REDUCE(0.50)+HARD_RISK_CAP(2.0%)+MAXLOSS_CAP;213067.89;213081.49;33;0
2026.08.18 03:56:33;XAUUSD;5;1787015308;PROFIT_RATCHET_LOCKED;floor=6.32 peak=14.88;MANAGE_PROFIT;SAFE;1;1;1;-1;-1;4396.63;14.00;14.00;14.88;-4.24;KELLY_LITE;true;0.04;213067.89;0.0417;KELLY_LITE(mult=0.80 taper=1.00 n=16)+CONSEC_REDUCE(0.50)+HARD_RISK_CAP(2.0%)+MAXLOSS_CAP;213067.89;213081.89;33;0
2026.08.18 03:56:33;XAUUSD;5;1787015308;PROFIT_RATCHET_LOCKED;floor=6.32 peak=14.88;MANAGE_PROFIT;SAFE;1;1;1;-1;-1;4396.63;14.20;14.20;14.88;-4.24;KELLY_LITE;true;0.04;213067.89;0.0417;KELLY_LITE(mult=0.80 taper=1.00 n=16)+CONSEC_REDUCE(0.50)+HARD_RISK_CAP(2.0%)+MAXLOSS_CAP;213067.89;213082.09;33;0
2026.08.18 03:56:33;XAUUSD;5;1787015308;PROFIT_RATCHET_LOCKED;floor=6.32 peak=14.88;MANAGE_PROFIT;SAFE;1;1;1;-1;-1;4396.63;13.96;13.96;14.88;-4.24;KELLY_LITE;true;0.04;213067.89;0.0417;KELLY_LITE(mult=0.80 taper=1.00 n=16)+CONSEC_REDUCE(0.50)+HARD_RISK_CAP(2.0%)+MAXLOSS_CAP;213067.89;213081.85;33;0
2026.08.18 03:56:34;XAUUSD;5;1787015308;PROFIT_RATCHET_LOCKED;floor=6.32 peak=14.88;MANAGE_PROFIT;SAFE;1;1;1;-1;-1;4396.63;14.08;14.08;14.88;-4.24;KELLY_LITE;true;0.04;213067.89;0.0417;KELLY_LITE(mult=0.80 taper=1.00 n=16)+CONSEC_REDUCE(0.50)+HARD_RISK_CAP(2.0%)+MAXLOSS_CAP;213067.89;213081.97;33;0
2026.08.18 03:56:34;XAUUSD;5;1787015308;PROFIT_RATCHET_LOCKED;floor=6.32 peak=14.88;MANAGE_PROFIT;SAFE;1;1;1;-1;-1;4396.63;14.20;14.20;14.88;-4.24;KELLY_LITE;true;0.04;213067.89;0.0417;KELLY_LITE(mult=0.80 taper=1.00 n=16)+CONSEC_REDUCE(0.50)+HARD_RISK_CAP(2.0%)+MAXLOSS_CAP;213067.89;213082.09;33;0
2026.08.18 03:56:35;XAUUSD;5;1787015308;PROFIT_RATCHET_LOCKED;floor=6.32 peak=14.88;MANAGE_PROFIT;SAFE;1;1;1;-1;-1;4396.63;13.20;13.20;14.88;-4.24;KELLY_LITE;true;0.04;213067.89;0.0417;KELLY_LITE(mult=0.80 taper=1.00 n=16)+CONSEC_REDUCE(0.50)+HARD_RISK_CAP(2.0%)+MAXLOSS_CAP;213067.89;213081.09;37;0
2026.08.18 03:56:35;XAUUSD;5;1787015308;PROFIT_RATCHET_LOCKED;floor=6.32 peak=14.88;MANAGE_PROFIT;SAFE;1;1;1;-1;-1;4396.63;13.20;13.20;14.88;-4.24;KELLY_LITE;true;0.04;213067.89;0.0417;KELLY_LITE(mult=0.80 taper=1.00 n=16)+CONSEC_REDUCE(0.50)+HARD_RISK_CAP(2.0%)+MAXLOSS_CAP;213067.89;213081.09;33;0
2026.08.18 03:56:35;XAUUSD;5;1787015308;PROFIT_RATCHET_LOCKED;floor=6.32 peak=14.88;MANAGE_PROFIT;SAFE;1;1;1;-1;-1;4396.63;13.24;13.24;14.88;-4.24;KELLY_LITE;true;0.04;213067.89;0.0417;KELLY_LITE(mult=0.80 taper=1.00 n=16)+CONSEC_REDUCE(0.50)+HARD_RISK_CAP(2.0%)+MAXLOSS_CAP;213067.89;213081.13;33;0
2026.08.18 03:56:35;XAUUSD;5;1787015308;PROFIT_RATCHET_LOCKED;floor=6.32 peak=14.88;MANAGE_PROFIT;SAFE;1;1;1;-1;-1;4396.63;13.20;13.20;14.88;-4.24;KELLY_LITE;true;0.04;213067.89;0.0417;KELLY_LITE(mult=0.80 taper=1.00 n=16)+CONSEC_REDUCE(0.50)+HARD_RISK_CAP(2.0%)+MAXLOSS_CAP;213067.89;213081.09;33;0
2026.08.18 03:56:36;XAUUSD;5;1787015308;PROFIT_RATCHET_LOCKED;floor=6.32 peak=14.88;MANAGE_PROFIT;SAFE;1;1;1;-1;-1;4396.63;13.32;13.32;14.88;-4.24;KELLY_LITE;true;0.04;213067.89;0.0417;KELLY_LITE(mult=0.80 taper=1.00 n=16)+CONSEC_REDUCE(0.50)+HARD_RISK_CAP(2.0%)+MAXLOSS_CAP;213067.89;213081.21;33;0
2026.08.18 03:56:37;XAUUSD;5;1787015308;RECONCILED_BROKER_CLOSE;ticket=119707737 type=main pnl=12.72;MANAGE_PROFIT;SAFE;0;1;1;-1;-1;4396.63;0.00;0.00;14.88;-4.24;KELLY_LITE;true;0.04;213067.89;0.0417;KELLY_LITE(mult=0.80 taper=1.00 n=16)+CONSEC_REDUCE(0.50)+HARD_RISK_CAP(2.0%)+MAXLOSS_CAP;213080.61;213080.61;33;0
2026.08.18 03:56:37;XAUUSD;5;1787015308;PENDING_DELETED;ticket=119708074 reason=main_gone_hedge_pending;WAIT_TRIGGER;SAFE;0;0;1;-1;-1;4396.63;0.00;0.00;14.88;-4.24;KELLY_LITE;true;0.04;213067.89;0.0417;KELLY_LITE(mult=0.80 taper=1.00 n=16)+CONSEC_REDUCE(0.50)+HARD_RISK_CAP(2.0%)+MAXLOSS_CAP;213080.61;213080.61;33;0
2026.08.18 03:56:37;XAUUSD;5;1787015308;HEDGE_PENDING_CLEANUP;main_position_gone;WAIT_TRIGGER;SAFE;0;0;1;-1;-1;4396.63;0.00;0.00;14.88;-4.24;KELLY_LITE;true;0.04;213067.89;0.0417;KELLY_LITE(mult=0.80 taper=1.00 n=16)+CONSEC_REDUCE(0.50)+HARD_RISK_CAP(2.0%)+MAXLOSS_CAP;213080.61;213080.61;33;0
2026.08.18 03:56:37;XAUUSD;5;1787015308;CYCLE_RESET;oldState=WAIT_TRIGGER realizedPnL=12.72 peak=14.88 worst=-4.24 pyramid=1 consLosses=0;WAIT_TRIGGER;SAFE;0;0;1;-1;-1;4396.63;0.00;0.00;14.88;-4.24;KELLY_LITE;true;0.04;213067.89;0.0417;KELLY_LITE(mult=0.80 taper=1.00 n=16)+CONSEC_REDUCE(0.50)+HARD_RISK_CAP(2.0%)+MAXLOSS_CAP;213080.61;213080.61;33;0
2026.08.18 04:01:37;XAUUSD;5;1787015309;PLACE_PENDING_START;cycle=1787015309 trend=0 consecLosses=0 preset=AGGRESSIVE;PLACE_PENDING;SAFE;0;0;0;-1;-1;0.00;0.00;0.00;0.00;0.00;KELLY_LITE;true;0.04;213067.89;0.0417;KELLY_LITE(mult=0.80 taper=1.00 n=16)+CONSEC_REDUCE(0.50)+HARD_RISK_CAP(2.0%)+MAXLOSS_CAP;213080.61;213080.61;33;0
2026.08.18 04:01:38;XAUUSD;5;1787015309;OCO_PLACED;buy=119708812 4405.29 lot=0.04 sell=119708815 4401.78 lot=0.04 dist=1.59;WAIT_TRIGGER;SAFE;0;2;0;119708812;119708815;0.00;0.00;0.00;0.00;0.00;KELLY_LITE;true;0.04;213080.61;0.0417;KELLY_LITE(mult=0.85 taper=1.00 n=17)+HARD_RISK_CAP(2.0%)+MAXLOSS_CAP;213080.61;213080.61;33;0
2026.08.18 04:01:39;XAUUSD;5;1787015309;BUY_STOP_TRAILED;Old=4405.29 New=4404.98;WAIT_TRIGGER;SAFE;0;2;0;119708812;119708815;0.00;0.00;0.00;0.00;0.00;KELLY_LITE;true;0.04;213080.61;0.0417;KELLY_LITE(mult=0.85 taper=1.00 n=17)+HARD_RISK_CAP(2.0%)+MAXLOSS_CAP;213080.61;213080.61;33;0
2026.08.18 04:02:13;XAUUSD;5;1787015309;SELL_STOP_TRAILED;Old=4401.78 New=4402.20;WAIT_TRIGGER;SAFE;0;2;0;119708812;119708815;0.00;0.00;0.00;0.00;0.00;KELLY_LITE;true;0.04;213080.61;0.0417;KELLY_LITE(mult=0.85 taper=1.00 n=17)+HARD_RISK_CAP(2.0%)+MAXLOSS_CAP;213080.61;213080.61;33;0
