time;symbol;tf;cycle;event;detail;state;risk;active_orders;pending_orders;pyramid_level;buy_stop_ticket;sell_stop_ticket;entry_price;profit_money;price_move;peak_profit;worst_profit;lot_mode;auto_lot;last_lot;lot_base;lot_raw;lot_reason;balance;equity;spread;last_error
2026.08.12 12:27:36;XAUUSD;5;1786537656;EA_INIT;V8|Preset=AGGRESSIVE|MaxLoss=$50.0 SL=$12.0 RiskPct=1.50|HedgeMaxNeg=$10.0 LotRatio=1.25 ConfirmBars=1 Cooldown=60s|DailyDD=4.0% WeeklyLim=$100|AutoLotMode=KELLY_LITE|Session=ALL NewsFilter=OFF (0 times);IDLE;SAFE;0;0;0;-1;-1;0.00;0.00;0.00;0.00;0.00;KELLY_LITE;true;0.00;0.00;0.0000;INIT;213201.96;213201.96;36;0
2026.08.12 12:27:36;XAUUSD;5;1786537656;TRADELOG_RECOVER_CLOSE;ticket=118967915 type=main pnl=-17.76;IDLE;SAFE;0;0;0;-1;-1;0.00;0.00;0.00;0.00;0.00;KELLY_LITE;true;0.00;0.00;0.0000;INIT;213201.96;213201.96;36;0
2026.08.12 12:27:36;XAUUSD;5;1786537656;TRADELOG_RECOVER_CLOSE;ticket=118968388 type=hedge pnl=-0.05;IDLE;SAFE;0;0;0;-1;-1;0.00;0.00;0.00;0.00;0.00;KELLY_LITE;true;0.00;0.00;0.0000;INIT;213201.96;213201.96;36;0
2026.08.12 12:27:36;XAUUSD;5;1786537656;TRADELOG_RECOVER_CLOSE;ticket=118956499 type=main pnl=-17.10;IDLE;SAFE;0;0;0;-1;-1;0.00;0.00;0.00;0.00;0.00;KELLY_LITE;true;0.00;0.00;0.0000;INIT;213201.96;213201.96;36;0
2026.08.12 12:27:36;XAUUSD;5;1786537656;TRADELOG_RECOVER_CLOSE;ticket=118956852 type=hedge pnl=-0.05;IDLE;SAFE;0;0;0;-1;-1;0.00;0.00;0.00;0.00;0.00;KELLY_LITE;true;0.00;0.00;0.0000;INIT;213201.96;213201.96;36;0
2026.08.12 12:27:36;XAUUSD;5;1786537656;TRADELOG_RECOVER_CLOSE;ticket=118951493 type=main pnl=-20.16;IDLE;SAFE;0;0;0;-1;-1;0.00;0.00;0.00;0.00;0.00;KELLY_LITE;true;0.00;0.00;0.0000;INIT;213201.96;213201.96;36;0
2026.08.12 12:27:36;XAUUSD;5;1786537656;TRADELOG_RECOVER_CLOSE;ticket=118952172 type=hedge pnl=2.70;IDLE;SAFE;0;0;0;-1;-1;0.00;0.00;0.00;0.00;0.00;KELLY_LITE;true;0.00;0.00;0.0000;INIT;213201.96;213201.96;36;0
2026.08.12 12:27:36;XAUUSD;5;1786537656;TRADELOG_RECOVER_CLOSE;ticket=118945566 type=main pnl=-16.68;IDLE;SAFE;0;0;0;-1;-1;0.00;0.00;0.00;0.00;0.00;KELLY_LITE;true;0.00;0.00;0.0000;INIT;213201.96;213201.96;36;0
2026.08.12 12:27:36;XAUUSD;5;1786537656;TRADELOG_RECOVER_CLOSE;ticket=118946309 type=hedge pnl=8.80;IDLE;SAFE;0;0;0;-1;-1;0.00;0.00;0.00;0.00;0.00;KELLY_LITE;true;0.00;0.00;0.0000;INIT;213201.96;213201.96;36;0
2026.08.12 12:27:36;XAUUSD;5;1786537656;TRADELOG_RECOVER_CLOSE;ticket=118933353 type=main pnl=11.43;IDLE;SAFE;0;0;0;-1;-1;0.00;0.00;0.00;0.00;0.00;KELLY_LITE;true;0.00;0.00;0.0000;INIT;213201.96;213201.96;36;0
2026.08.12 12:27:36;XAUUSD;5;1786537656;TRADELOG_RECOVER_CLOSE;ticket=118933476 type=hedge pnl=-10.45;IDLE;SAFE;0;0;0;-1;-1;0.00;0.00;0.00;0.00;0.00;KELLY_LITE;true;0.00;0.00;0.0000;INIT;213201.96;213201.96;36;0
2026.08.12 12:27:36;XAUUSD;5;1786537656;TRADELOG_RECOVER_CLOSE;ticket=118929706 type=main pnl=10.12;IDLE;SAFE;0;0;0;-1;-1;0.00;0.00;0.00;0.00;0.00;KELLY_LITE;true;0.00;0.00;0.0000;INIT;213201.96;213201.96;36;0
2026.08.12 12:27:36;XAUUSD;5;1786537656;TRADELOG_RECOVER_CLOSE;ticket=118925377 type=main pnl=-14.97;IDLE;SAFE;0;0;0;-1;-1;0.00;0.00;0.00;0.00;0.00;KELLY_LITE;true;0.00;0.00;0.0000;INIT;213201.96;213201.96;36;0
2026.08.12 12:27:36;XAUUSD;5;1786537656;TRADELOG_RECOVER_CLOSE;ticket=118926181 type=hedge pnl=2.05;IDLE;SAFE;0;0;0;-1;-1;0.00;0.00;0.00;0.00;0.00;KELLY_LITE;true;0.00;0.00;0.0000;INIT;213201.96;213201.96;36;0
2026.08.12 12:27:36;XAUUSD;5;1786537656;TRADELOG_RECOVER_CLOSE;ticket=118919015 type=main pnl=7.86;IDLE;SAFE;0;0;0;-1;-1;0.00;0.00;0.00;0.00;0.00;KELLY_LITE;true;0.00;0.00;0.0000;INIT;213201.96;213201.96;36;0
2026.08.12 12:27:36;XAUUSD;5;1786537656;TRADELOG_RECOVER_CLOSE;ticket=118915257 type=main pnl=-20.72;IDLE;SAFE;0;0;0;-1;-1;0.00;0.00;0.00;0.00;0.00;KELLY_LITE;true;0.00;0.00;0.0000;INIT;213201.96;213201.96;36;0
2026.08.12 12:27:36;XAUUSD;5;1786537656;TRADELOG_RECOVER_CLOSE;ticket=118908017 type=main pnl=8.19;IDLE;SAFE;0;0;0;-1;-1;0.00;0.00;0.00;0.00;0.00;KELLY_LITE;true;0.00;0.00;0.0000;INIT;213201.96;213201.96;36;0
2026.08.12 12:27:36;XAUUSD;5;1786537656;TRADELOG_RECOVER_CLOSE;ticket=118904823 type=main pnl=-20.73;IDLE;SAFE;0;0;0;-1;-1;0.00;0.00;0.00;0.00;0.00;KELLY_LITE;true;0.00;0.00;0.0000;INIT;213201.96;213201.96;36;0
2026.08.12 12:27:36;XAUUSD;5;1786537656;TRADELOG_RECOVER_CLOSE;ticket=118905018 type=hedge pnl=-1.55;IDLE;SAFE;0;0;0;-1;-1;0.00;0.00;0.00;0.00;0.00;KELLY_LITE;true;0.00;0.00;0.0000;INIT;213201.96;213201.96;36;0
2026.08.12 12:27:36;XAUUSD;5;1786537656;TRADELOG_RECOVER_CLOSE;ticket=118898987 type=main pnl=7.80;IDLE;SAFE;0;0;0;-1;-1;0.00;0.00;0.00;0.00;0.00;KELLY_LITE;true;0.00;0.00;0.0000;INIT;213201.96;213201.96;36;0
2026.08.12 12:27:36;XAUUSD;5;1786537656;TRADELOG_RECOVER_CLOSE;ticket=118897290 type=main pnl=6.56;IDLE;SAFE;0;0;0;-1;-1;0.00;0.00;0.00;0.00;0.00;KELLY_LITE;true;0.00;0.00;0.0000;INIT;213201.96;213201.96;36;0
2026.08.12 12:27:36;XAUUSD;5;1786537656;TRADELOG_RECOVER_CLOSE;ticket=118893900 type=main pnl=6.93;IDLE;SAFE;0;0;0;-1;-1;0.00;0.00;0.00;0.00;0.00;KELLY_LITE;true;0.00;0.00;0.0000;INIT;213201.96;213201.96;36;0
2026.08.12 12:27:36;XAUUSD;5;1786537656;TRADELOG_RECOVER_CLOSE;ticket=118890086 type=main pnl=6.42;IDLE;SAFE;0;0;0;-1;-1;0.00;0.00;0.00;0.00;0.00;KELLY_LITE;true;0.00;0.00;0.0000;INIT;213201.96;213201.96;36;0
2026.08.12 12:27:36;XAUUSD;5;1786537656;TRADELOG_RECOVER_CLOSE;ticket=118884038 type=main pnl=-15.06;IDLE;SAFE;0;0;0;-1;-1;0.00;0.00;0.00;0.00;0.00;KELLY_LITE;true;0.00;0.00;0.0000;INIT;213201.96;213201.96;36;0
2026.08.12 12:27:36;XAUUSD;5;1786537656;TRADELOG_RECOVER_CLOSE;ticket=118884615 type=hedge pnl=-0.60;IDLE;SAFE;0;0;0;-1;-1;0.00;0.00;0.00;0.00;0.00;KELLY_LITE;true;0.00;0.00;0.0000;INIT;213201.96;213201.96;36;0
2026.08.12 12:27:36;XAUUSD;5;1786537656;TRADELOG_RECOVER_CLOSE;ticket=118876244 type=main pnl=6.04;IDLE;SAFE;0;0;0;-1;-1;0.00;0.00;0.00;0.00;0.00;KELLY_LITE;true;0.00;0.00;0.0000;INIT;213201.96;213201.96;36;0
2026.08.12 12:27:36;XAUUSD;5;1786537656;TRADELOG_RECOVER_CLOSE;ticket=118867404 type=main pnl=7.44;IDLE;SAFE;0;0;0;-1;-1;0.00;0.00;0.00;0.00;0.00;KELLY_LITE;true;0.00;0.00;0.0000;INIT;213201.96;213201.96;36;0
2026.08.12 12:27:36;XAUUSD;5;1786537656;TRADELOG_RECOVER_CLOSE;ticket=118864764 type=main pnl=6.72;IDLE;SAFE;0;0;0;-1;-1;0.00;0.00;0.00;0.00;0.00;KELLY_LITE;true;0.00;0.00;0.0000;INIT;213201.96;213201.96;36;0
2026.08.12 12:27:36;XAUUSD;5;1786537656;TRADELOG_RECOVER_CLOSE;ticket=118853796 type=main pnl=9.24;IDLE;SAFE;0;0;0;-1;-1;0.00;0.00;0.00;0.00;0.00;KELLY_LITE;true;0.00;0.00;0.0000;INIT;213201.96;213201.96;36;0
2026.08.12 12:27:36;XAUUSD;5;1786537656;TRADELOG_RECOVER_CLOSE;ticket=118840018 type=main pnl=14.80;IDLE;SAFE;0;0;0;-1;-1;0.00;0.00;0.00;0.00;0.00;KELLY_LITE;true;0.00;0.00;0.0000;INIT;213201.96;213201.96;36;0
2026.08.12 12:27:36;XAUUSD;5;1786537656;TRADELOG_RECOVER_CLOSE;ticket=118838273 type=main pnl=7.53;IDLE;SAFE;0;0;0;-1;-1;0.00;0.00;0.00;0.00;0.00;KELLY_LITE;true;0.00;0.00;0.0000;INIT;213201.96;213201.96;36;0
2026.08.12 12:27:36;XAUUSD;5;1786537656;TRADELOG_RECOVER_CLOSE;ticket=118830159 type=main pnl=9.32;IDLE;SAFE;0;0;0;-1;-1;0.00;0.00;0.00;0.00;0.00;KELLY_LITE;true;0.00;0.00;0.0000;INIT;213201.96;213201.96;36;0
2026.08.12 12:27:36;XAUUSD;5;1786537656;TRADELOG_RECOVER_CLOSE;ticket=118826913 type=main pnl=12.12;IDLE;SAFE;0;0;0;-1;-1;0.00;0.00;0.00;0.00;0.00;KELLY_LITE;true;0.00;0.00;0.0000;INIT;213201.96;213201.96;36;0
2026.08.12 12:27:36;XAUUSD;5;1786537656;TRADELOG_RECOVER_CLOSE;ticket=118821836 type=main pnl=6.81;IDLE;SAFE;0;0;0;-1;-1;0.00;0.00;0.00;0.00;0.00;KELLY_LITE;true;0.00;0.00;0.0000;INIT;213201.96;213201.96;36;0
2026.08.12 12:27:36;XAUUSD;5;1786537656;TRADELOG_RECOVER_CLOSE;ticket=118809617 type=main pnl=12.69;IDLE;SAFE;0;0;0;-1;-1;0.00;0.00;0.00;0.00;0.00;KELLY_LITE;true;0.00;0.00;0.0000;INIT;213201.96;213201.96;36;0
2026.08.12 12:27:36;XAUUSD;5;1786537656;TRADELOG_RECOVER_CLOSE;ticket=118807375 type=main pnl=-20.04;IDLE;SAFE;0;0;0;-1;-1;0.00;0.00;0.00;0.00;0.00;KELLY_LITE;true;0.00;0.00;0.0000;INIT;213201.96;213201.96;36;0
2026.08.12 12:27:36;XAUUSD;5;1786537656;TRADELOG_RECOVER_CLOSE;ticket=118807575 type=hedge pnl=3.90;IDLE;SAFE;0;0;0;-1;-1;0.00;0.00;0.00;0.00;0.00;KELLY_LITE;true;0.00;0.00;0.0000;INIT;213201.96;213201.96;36;0
2026.08.12 12:27:36;XAUUSD;5;1786537656;TRADELOG_RECOVER_CLOSE;ticket=118805356 type=main pnl=7.20;IDLE;SAFE;0;0;0;-1;-1;0.00;0.00;0.00;0.00;0.00;KELLY_LITE;true;0.00;0.00;0.0000;INIT;213201.96;213201.96;36;0
2026.08.12 12:27:36;XAUUSD;5;1786537656;TRADELOG_RECOVER_CLOSE;ticket=118803632 type=main pnl=7.65;IDLE;SAFE;0;0;0;-1;-1;0.00;0.00;0.00;0.00;0.00;KELLY_LITE;true;0.00;0.00;0.0000;INIT;213201.96;213201.96;36;0
2026.08.12 12:27:36;XAUUSD;5;1786537656;TRADELOG_RECOVER_CLOSE;ticket=118780295 type=main pnl=-15.87;IDLE;SAFE;0;0;0;-1;-1;0.00;0.00;0.00;0.00;0.00;KELLY_LITE;true;0.00;0.00;0.0000;INIT;213201.96;213201.96;36;0
2026.08.12 12:27:36;XAUUSD;5;1786537656;TRADELOG_RECOVER_CLOSE;ticket=118780796 type=hedge pnl=-0.45;IDLE;SAFE;0;0;0;-1;-1;0.00;0.00;0.00;0.00;0.00;KELLY_LITE;true;0.00;0.00;0.0000;INIT;213201.96;213201.96;36;0
2026.08.12 12:27:36;XAUUSD;5;1786537656;TRADELOG_RECOVER_CLOSE;ticket=118776893 type=main pnl=-20.00;IDLE;SAFE;0;0;0;-1;-1;0.00;0.00;0.00;0.00;0.00;KELLY_LITE;true;0.00;0.00;0.0000;INIT;213201.96;213201.96;36;0
2026.08.12 12:27:36;XAUUSD;5;1786537656;TRADELOG_RECOVER_CLOSE;ticket=118777377 type=hedge pnl=4.00;IDLE;SAFE;0;0;0;-1;-1;0.00;0.00;0.00;0.00;0.00;KELLY_LITE;true;0.00;0.00;0.0000;INIT;213201.96;213201.96;36;0
2026.08.12 12:27:36;XAUUSD;5;1786537656;TRADELOG_RECOVER_CLOSE;ticket=118769865 type=main pnl=-15.36;IDLE;SAFE;0;0;0;-1;-1;0.00;0.00;0.00;0.00;0.00;KELLY_LITE;true;0.00;0.00;0.0000;INIT;213201.96;213201.96;36;0
2026.08.12 12:27:36;XAUUSD;5;1786537656;TRADELOG_RECOVER_CLOSE;ticket=118765819 type=main pnl=8.04;IDLE;SAFE;0;0;0;-1;-1;0.00;0.00;0.00;0.00;0.00;KELLY_LITE;true;0.00;0.00;0.0000;INIT;213201.96;213201.96;36;0
2026.08.12 12:27:36;XAUUSD;5;1786537656;TRADELOG_RECOVER_CLOSE;ticket=118766399 type=hedge pnl=-0.90;IDLE;SAFE;0;0;0;-1;-1;0.00;0.00;0.00;0.00;0.00;KELLY_LITE;true;0.00;0.00;0.0000;INIT;213201.96;213201.96;36;0
2026.08.12 12:27:36;XAUUSD;5;1786537656;TRADELOG_RECOVER_CLOSE;ticket=118758921 type=main pnl=14.48;IDLE;SAFE;0;0;0;-1;-1;0.00;0.00;0.00;0.00;0.00;KELLY_LITE;true;0.00;0.00;0.0000;INIT;213201.96;213201.96;36;0
2026.08.12 12:27:36;XAUUSD;5;1786537656;TRADELOG_RECOVER_CLOSE;ticket=118736920 type=main pnl=-15.80;IDLE;SAFE;0;0;0;-1;-1;0.00;0.00;0.00;0.00;0.00;KELLY_LITE;true;0.00;0.00;0.0000;INIT;213201.96;213201.96;36;0
2026.08.12 12:27:36;XAUUSD;5;1786537656;TRADELOG_RECOVER_CLOSE;ticket=118737239 type=hedge pnl=-0.25;IDLE;SAFE;0;0;0;-1;-1;0.00;0.00;0.00;0.00;0.00;KELLY_LITE;true;0.00;0.00;0.0000;INIT;213201.96;213201.96;36;0
2026.08.12 12:27:36;XAUUSD;5;1786537656;TRADELOG_RECOVER_CLOSE;ticket=118732693 type=main pnl=9.12;IDLE;SAFE;0;0;0;-1;-1;0.00;0.00;0.00;0.00;0.00;KELLY_LITE;true;0.00;0.00;0.0000;INIT;213201.96;213201.96;36;0
2026.08.12 12:27:36;XAUUSD;5;1786537656;TRADELOG_RECOVER_CLOSE;ticket=118728386 type=main pnl=10.23;IDLE;SAFE;0;0;0;-1;-1;0.00;0.00;0.00;0.00;0.00;KELLY_LITE;true;0.00;0.00;0.0000;INIT;213201.96;213201.96;36;0
2026.08.12 12:27:36;XAUUSD;5;1786537656;TRADELOG_RECOVER_CLOSE;ticket=118721090 type=main pnl=8.43;IDLE;SAFE;0;0;0;-1;-1;0.00;0.00;0.00;0.00;0.00;KELLY_LITE;true;0.00;0.00;0.0000;INIT;213201.96;213201.96;36;0
2026.08.12 12:27:36;XAUUSD;5;1786537656;TRADELOG_RECOVER_CLOSE;ticket=118718368 type=main pnl=6.90;IDLE;SAFE;0;0;0;-1;-1;0.00;0.00;0.00;0.00;0.00;KELLY_LITE;true;0.00;0.00;0.0000;INIT;213201.96;213201.96;36;0
2026.08.12 12:27:36;XAUUSD;5;1786537656;TRADELOG_RECOVER_CLOSE;ticket=118711262 type=main pnl=-15.84;IDLE;SAFE;0;0;0;-1;-1;0.00;0.00;0.00;0.00;0.00;KELLY_LITE;true;0.00;0.00;0.0000;INIT;213201.96;213201.96;36;0
2026.08.12 12:27:36;XAUUSD;5;1786537656;TRADELOG_RECOVER_CLOSE;ticket=118711626 type=hedge pnl=-0.25;IDLE;SAFE;0;0;0;-1;-1;0.00;0.00;0.00;0.00;0.00;KELLY_LITE;true;0.00;0.00;0.0000;INIT;213201.96;213201.96;36;0
2026.08.12 12:27:36;XAUUSD;5;1786537656;TRADELOG_RECOVER_CLOSE;ticket=118703570 type=main pnl=-15.06;IDLE;SAFE;0;0;0;-1;-1;0.00;0.00;0.00;0.00;0.00;KELLY_LITE;true;0.00;0.00;0.0000;INIT;213201.96;213201.96;36;0
2026.08.12 12:27:36;XAUUSD;5;1786537656;TRADELOG_RECOVER_CLOSE;ticket=118703867 type=hedge pnl=4.30;IDLE;SAFE;0;0;0;-1;-1;0.00;0.00;0.00;0.00;0.00;KELLY_LITE;true;0.00;0.00;0.0000;INIT;213201.96;213201.96;36;0
2026.08.12 12:27:36;XAUUSD;5;1786537656;TRADELOG_RECOVER_CLOSE;ticket=118699235 type=main pnl=-21.57;IDLE;SAFE;0;0;0;-1;-1;0.00;0.00;0.00;0.00;0.00;KELLY_LITE;true;0.00;0.00;0.0000;INIT;213201.96;213201.96;36;0
2026.08.12 12:27:36;XAUUSD;5;1786537656;TRADELOG_RECOVER_CLOSE;ticket=118699891 type=hedge pnl=-0.05;IDLE;SAFE;0;0;0;-1;-1;0.00;0.00;0.00;0.00;0.00;KELLY_LITE;true;0.00;0.00;0.0000;INIT;213201.96;213201.96;36;0
2026.08.12 12:27:36;XAUUSD;5;1786537656;TRADELOG_RECOVER_CLOSE;ticket=118689997 type=main pnl=9.24;IDLE;SAFE;0;0;0;-1;-1;0.00;0.00;0.00;0.00;0.00;KELLY_LITE;true;0.00;0.00;0.0000;INIT;213201.96;213201.96;36;0
2026.08.12 12:27:36;XAUUSD;5;1786537656;TRADELOG_RECOVER_CLOSE;ticket=118690183 type=hedge pnl=6.15;IDLE;SAFE;0;0;0;-1;-1;0.00;0.00;0.00;0.00;0.00;KELLY_LITE;true;0.00;0.00;0.0000;INIT;213201.96;213201.96;36;0
2026.08.12 12:27:36;XAUUSD;5;1786537656;TRADELOG_RECOVER_CLOSE;ticket=118686609 type=main pnl=-20.84;IDLE;SAFE;0;0;0;-1;-1;0.00;0.00;0.00;0.00;0.00;KELLY_LITE;true;0.00;0.00;0.0000;INIT;213201.96;213201.96;36;0
2026.08.12 12:27:36;XAUUSD;5;1786537656;TRADELOG_RECOVER_CLOSE;ticket=118686882 type=hedge pnl=-2.40;IDLE;SAFE;0;0;0;-1;-1;0.00;0.00;0.00;0.00;0.00;KELLY_LITE;true;0.00;0.00;0.0000;INIT;213201.96;213201.96;36;0
2026.08.12 12:27:36;XAUUSD;5;1786537656;TRADELOG_RECOVER_CLOSE;ticket=118683730 type=main pnl=-20.37;IDLE;SAFE;0;0;0;-1;-1;0.00;0.00;0.00;0.00;0.00;KELLY_LITE;true;0.00;0.00;0.0000;INIT;213201.96;213201.96;36;0
2026.08.12 12:27:36;XAUUSD;5;1786537656;TRADELOG_RECOVER_CLOSE;ticket=118683995 type=hedge pnl=0.25;IDLE;SAFE;0;0;0;-1;-1;0.00;0.00;0.00;0.00;0.00;KELLY_LITE;true;0.00;0.00;0.0000;INIT;213201.96;213201.96;36;0
2026.08.12 12:27:36;XAUUSD;5;1786537656;TRADELOG_RECOVER_CLOSE;ticket=118681233 type=main pnl=14.16;IDLE;SAFE;0;0;0;-1;-1;0.00;0.00;0.00;0.00;0.00;KELLY_LITE;true;0.00;0.00;0.0000;INIT;213201.96;213201.96;36;0
2026.08.12 12:27:36;XAUUSD;5;1786537656;TRADELOG_RECOVER_CLOSE;ticket=118679212 type=main pnl=8.44;IDLE;SAFE;0;0;0;-1;-1;0.00;0.00;0.00;0.00;0.00;KELLY_LITE;true;0.00;0.00;0.0000;INIT;213201.96;213201.96;36;0
2026.08.12 12:27:36;XAUUSD;5;1786537656;TRADELOG_RECOVER_CLOSE;ticket=118676785 type=main pnl=7.05;IDLE;SAFE;0;0;0;-1;-1;0.00;0.00;0.00;0.00;0.00;KELLY_LITE;true;0.00;0.00;0.0000;INIT;213201.96;213201.96;36;0
2026.08.12 12:27:36;XAUUSD;5;1786537656;TRADELOG_RECOVER_CLOSE;ticket=118674704 type=main pnl=7.64;IDLE;SAFE;0;0;0;-1;-1;0.00;0.00;0.00;0.00;0.00;KELLY_LITE;true;0.00;0.00;0.0000;INIT;213201.96;213201.96;36;0
2026.08.12 12:27:36;XAUUSD;5;1786537656;TRADELOG_RECOVER_CLOSE;ticket=118673055 type=main pnl=8.34;IDLE;SAFE;0;0;0;-1;-1;0.00;0.00;0.00;0.00;0.00;KELLY_LITE;true;0.00;0.00;0.0000;INIT;213201.96;213201.96;36;0
2026.08.12 12:27:36;XAUUSD;5;1786537656;TRADELOG_RECOVER_CLOSE;ticket=118671085 type=main pnl=2.64;IDLE;SAFE;0;0;0;-1;-1;0.00;0.00;0.00;0.00;0.00;KELLY_LITE;true;0.00;0.00;0.0000;INIT;213201.96;213201.96;36;0
2026.08.12 12:27:36;XAUUSD;5;1786537656;TRADELOG_RECOVER_CLOSE;ticket=118667229 type=main pnl=5.40;IDLE;SAFE;0;0;0;-1;-1;0.00;0.00;0.00;0.00;0.00;KELLY_LITE;true;0.00;0.00;0.0000;INIT;213201.96;213201.96;36;0
2026.08.12 12:27:36;XAUUSD;5;1786537656;TRADELOG_RECOVER_CLOSE;ticket=118667470 type=hedge pnl=1.10;IDLE;SAFE;0;0;0;-1;-1;0.00;0.00;0.00;0.00;0.00;KELLY_LITE;true;0.00;0.00;0.0000;INIT;213201.96;213201.96;36;0
2026.08.12 12:27:36;XAUUSD;5;1786537656;TRADELOG_RECOVER_CLOSE;ticket=118663047 type=main pnl=-20.28;IDLE;SAFE;0;0;0;-1;-1;0.00;0.00;0.00;0.00;0.00;KELLY_LITE;true;0.00;0.00;0.0000;INIT;213201.96;213201.96;36;0
2026.08.12 12:27:36;XAUUSD;5;1786537656;TRADELOG_RECOVER_CLOSE;ticket=118663610 type=hedge pnl=6.35;IDLE;SAFE;0;0;0;-1;-1;0.00;0.00;0.00;0.00;0.00;KELLY_LITE;true;0.00;0.00;0.0000;INIT;213201.96;213201.96;36;0
2026.08.12 12:27:36;XAUUSD;5;1786537656;TRADELOG_RECOVER_CLOSE;ticket=118659953 type=main pnl=5.44;IDLE;SAFE;0;0;0;-1;-1;0.00;0.00;0.00;0.00;0.00;KELLY_LITE;true;0.00;0.00;0.0000;INIT;213201.96;213201.96;36;0
2026.08.12 12:27:36;XAUUSD;5;1786537656;TRADELOG_RECOVER_CLOSE;ticket=118656050 type=main pnl=-15.20;IDLE;SAFE;0;0;0;-1;-1;0.00;0.00;0.00;0.00;0.00;KELLY_LITE;true;0.00;0.00;0.0000;INIT;213201.96;213201.96;36;0
2026.08.12 12:27:36;XAUUSD;5;1786537656;TRADELOG_RECOVER_CLOSE;ticket=118656190 type=hedge pnl=2.35;IDLE;SAFE;0;0;0;-1;-1;0.00;0.00;0.00;0.00;0.00;KELLY_LITE;true;0.00;0.00;0.0000;INIT;213201.96;213201.96;36;0
2026.08.12 12:27:36;XAUUSD;5;1786537656;TRADELOG_RECOVER_CLOSE;ticket=118642624 type=main pnl=17.64;IDLE;SAFE;0;0;0;-1;-1;0.00;0.00;0.00;0.00;0.00;KELLY_LITE;true;0.00;0.00;0.0000;INIT;213201.96;213201.96;36;0
2026.08.12 12:27:36;XAUUSD;5;1786537656;TRADELOG_RECOVER_CLOSE;ticket=118634628 type=main pnl=6.92;IDLE;SAFE;0;0;0;-1;-1;0.00;0.00;0.00;0.00;0.00;KELLY_LITE;true;0.00;0.00;0.0000;INIT;213201.96;213201.96;36;0
2026.08.12 12:27:36;XAUUSD;5;1786537657;PLACE_PENDING_START;cycle=1786537657 trend=1 consecLosses=0 preset=AGGRESSIVE;PLACE_PENDING;SAFE;0;0;0;-1;-1;0.00;0.00;0.00;0.00;0.00;KELLY_LITE;true;0.00;0.00;0.0000;INIT;213201.96;213201.96;36;0
2026.08.12 12:27:37;XAUUSD;5;1786537657;DIR_OCO_PLACED;dir=BULL ticket=118980915 price=4413.60 sl=4398.60 tp=4436.10 lot=0.04 dist=1.50;PLACE_PENDING;SAFE;0;1;0;118980915;-1;0.00;0.00;0.00;0.00;0.00;KELLY_LITE;true;0.04;213201.96;0.0417;KELLY_LITE(mult=1.00 taper=1.00 n=0)+HARD_RISK_CAP(2.0%)+MAXLOSS_CAP;213201.96;213201.96;36;0
2026.08.12 12:27:37;XAUUSD;5;1786537657;DIR_OCO_COUNTER_PLACED;dir=BEAR(counter) ticket=118980919 price=4410.15 lot=0.03;PLACE_PENDING;SAFE;0;2;0;118980915;118980919;0.00;0.00;0.00;0.00;0.00;KELLY_LITE;true;0.04;213201.96;0.0417;KELLY_LITE(mult=1.00 taper=1.00 n=0)+HARD_RISK_CAP(2.0%)+MAXLOSS_CAP;213201.96;213201.96;36;0
2026.08.12 12:27:44;XAUUSD;5;1786537657;SELL_STOP_TRAILED;Old=4410.15 New=4410.48;WAIT_TRIGGER;SAFE;0;2;0;118980915;118980919;0.00;0.00;0.00;0.00;0.00;KELLY_LITE;true;0.04;213201.96;0.0417;KELLY_LITE(mult=1.00 taper=1.00 n=0)+HARD_RISK_CAP(2.0%)+MAXLOSS_CAP;213201.96;213201.96;36;0
2026.08.12 12:27:47;XAUUSD;5;1786537657;SELL_STOP_TRAILED;Old=4410.48 New=4410.79;WAIT_TRIGGER;SAFE;0;2;0;118980915;118980919;0.00;0.00;0.00;0.00;0.00;KELLY_LITE;true;0.04;213201.96;0.0417;KELLY_LITE(mult=1.00 taper=1.00 n=0)+HARD_RISK_CAP(2.0%)+MAXLOSS_CAP;213201.96;213201.96;36;0
2026.08.12 12:27:52;XAUUSD;5;1786537657;SELL_STOP_TRAILED;Old=4410.79 New=4411.10;WAIT_TRIGGER;SAFE;0;2;0;118980915;118980919;0.00;0.00;0.00;0.00;0.00;KELLY_LITE;true;0.04;213201.96;0.0417;KELLY_LITE(mult=1.00 taper=1.00 n=0)+HARD_RISK_CAP(2.0%)+MAXLOSS_CAP;213201.96;213201.96;36;0
2026.08.12 12:28:18;XAUUSD;5;1786537657;SELL_STOP_TRAILED;Old=4411.10 New=4411.43;WAIT_TRIGGER;SAFE;0;2;0;118980915;118980919;0.00;0.00;0.00;0.00;0.00;KELLY_LITE;true;0.04;213201.96;0.0417;KELLY_LITE(mult=1.00 taper=1.00 n=0)+HARD_RISK_CAP(2.0%)+MAXLOSS_CAP;213201.96;213201.96;36;0
2026.08.12 12:28:34;XAUUSD;5;1786537657;OCO_TRIGGERED_BUY;ticket=118980915 entry=4413.60;POSITION_ACTIVE;SAFE;1;1;0;-1;118980919;0.00;-1.40;-1.40;0.00;0.00;KELLY_LITE;true;0.04;213201.96;0.0417;KELLY_LITE(mult=1.00 taper=1.00 n=0)+HARD_RISK_CAP(2.0%)+MAXLOSS_CAP;213201.96;213200.56;36;0
2026.08.12 12:28:34;XAUUSD;5;1786537657;PENDING_DELETED;ticket=118980919 reason=oco_buy_triggered;POSITION_ACTIVE;SAFE;1;0;0;-1;118980919;0.00;-1.44;-1.44;0.00;0.00;KELLY_LITE;true;0.04;213201.96;0.0417;KELLY_LITE(mult=1.00 taper=1.00 n=0)+HARD_RISK_CAP(2.0%)+MAXLOSS_CAP;213201.96;213200.52;36;0
2026.08.12 12:28:35;XAUUSD;5;1786537657;HEDGE_PENDING_PLACED;dir=SELL_STOP ticket=118981196 price=4410.24 sl=4413.24 lot=0.05 mainEntry=4413.60 dist=3.00 confirmBars=1;POSITION_ACTIVE;SAFE;1;1;1;-1;-1;4413.60;-1.92;-1.92;0.00;-1.44;KELLY_LITE;true;0.04;213201.96;0.0417;KELLY_LITE(mult=1.00 taper=1.00 n=0)+HARD_RISK_CAP(2.0%)+MAXLOSS_CAP;213201.96;213200.04;36;0
2026.08.12 12:29:12;XAUUSD;5;1786537657;SL_MODIFIED;ticket=118980915 oldSL=4398.60 newSL=4415.33 reason=break_even_lock_leg_0;MANAGE_PROFIT;SAFE;1;1;1;-1;-1;4413.60;10.16;9.80;9.00;-5.12;KELLY_LITE;true;0.04;213201.96;0.0417;KELLY_LITE(mult=1.00 taper=1.00 n=0)+HARD_RISK_CAP(2.0%)+MAXLOSS_CAP;213201.96;213212.12;37;0
2026.08.12 12:29:12;XAUUSD;5;1786537657;PROFIT_RATCHET_LOCKED;floor=3.04 peak=9.00;MANAGE_PROFIT;SAFE;1;1;1;-1;-1;4413.60;10.16;9.80;9.00;-5.12;KELLY_LITE;true;0.04;213201.96;0.0417;KELLY_LITE(mult=1.00 taper=1.00 n=0)+HARD_RISK_CAP(2.0%)+MAXLOSS_CAP;213201.96;213212.12;37;0
2026.08.12 12:29:13;XAUUSD;5;1786537657;SL_MODIFIED;ticket=118980915 oldSL=4415.33 newSL=4415.47 reason=break_even_lock_leg_0 (retry buf=8pt);MANAGE_PROFIT;SAFE;1;1;1;-1;-1;4413.60;10.08;10.08;10.16;-5.12;KELLY_LITE;true;0.04;213201.96;0.0417;KELLY_LITE(mult=1.00 taper=1.00 n=0)+HARD_RISK_CAP(2.0%)+MAXLOSS_CAP;213201.96;213212.04;36;0
2026.08.12 12:29:13;XAUUSD;5;1786537657;PROFIT_RATCHET_LOCKED;floor=3.43 peak=10.16;MANAGE_PROFIT;SAFE;1;1;1;-1;-1;4413.60;10.08;10.08;10.16;-5.12;KELLY_LITE;true;0.04;213201.96;0.0417;KELLY_LITE(mult=1.00 taper=1.00 n=0)+HARD_RISK_CAP(2.0%)+MAXLOSS_CAP;213201.96;213212.04;36;0
2026.08.12 12:29:14;XAUUSD;5;1786537657;SL_MODIFIED;ticket=118980915 oldSL=4415.47 newSL=4415.60 reason=break_even_lock_leg_0;MANAGE_PROFIT;SAFE;1;1;1;-1;-1;4413.60;10.12;10.12;10.16;-5.12;KELLY_LITE;true;0.04;213201.96;0.0417;KELLY_LITE(mult=1.00 taper=1.00 n=0)+HARD_RISK_CAP(2.0%)+MAXLOSS_CAP;213201.96;213212.08;36;0
2026.08.12 12:29:14;XAUUSD;5;1786537657;PROFIT_RATCHET_LOCKED;floor=3.43 peak=10.16;MANAGE_PROFIT;SAFE;1;1;1;-1;-1;4413.60;10.12;10.12;10.16;-5.12;KELLY_LITE;true;0.04;213201.96;0.0417;KELLY_LITE(mult=1.00 taper=1.00 n=0)+HARD_RISK_CAP(2.0%)+MAXLOSS_CAP;213201.96;213212.08;36;0
2026.08.12 12:29:14;XAUUSD;5;1786537657;PROFIT_RATCHET_LOCKED;floor=3.43 peak=10.16;MANAGE_PROFIT;SAFE;1;1;1;-1;-1;4413.60;10.12;10.12;10.16;-5.12;KELLY_LITE;true;0.04;213201.96;0.0417;KELLY_LITE(mult=1.00 taper=1.00 n=0)+HARD_RISK_CAP(2.0%)+MAXLOSS_CAP;213201.96;213212.08;36;0
2026.08.12 12:29:14;XAUUSD;5;1786537657;PROFIT_RATCHET_LOCKED;floor=3.43 peak=10.16;MANAGE_PROFIT;SAFE;1;1;1;-1;-1;4413.60;9.96;9.96;10.16;-5.12;KELLY_LITE;true;0.04;213201.96;0.0417;KELLY_LITE(mult=1.00 taper=1.00 n=0)+HARD_RISK_CAP(2.0%)+MAXLOSS_CAP;213201.96;213211.92;36;0
2026.08.12 12:29:14;XAUUSD;5;1786537657;PROFIT_RATCHET_LOCKED;floor=3.43 peak=10.16;MANAGE_PROFIT;SAFE;1;1;1;-1;-1;4413.60;9.96;9.96;10.16;-5.12;KELLY_LITE;true;0.04;213201.96;0.0417;KELLY_LITE(mult=1.00 taper=1.00 n=0)+HARD_RISK_CAP(2.0%)+MAXLOSS_CAP;213201.96;213211.92;33;0
2026.08.12 12:29:15;XAUUSD;5;1786537657;PROFIT_RATCHET_LOCKED;floor=3.43 peak=10.16;MANAGE_PROFIT;SAFE;1;1;1;-1;-1;4413.60;9.60;9.60;10.16;-5.12;KELLY_LITE;true;0.04;213201.96;0.0417;KELLY_LITE(mult=1.00 taper=1.00 n=0)+HARD_RISK_CAP(2.0%)+MAXLOSS_CAP;213201.96;213211.56;36;0
2026.08.12 12:29:16;XAUUSD;5;1786537657;PROFIT_RATCHET_LOCKED;floor=3.43 peak=10.16;MANAGE_PROFIT;SAFE;1;1;1;-1;-1;4413.60;9.24;9.24;10.16;-5.12;KELLY_LITE;true;0.04;213201.96;0.0417;KELLY_LITE(mult=1.00 taper=1.00 n=0)+HARD_RISK_CAP(2.0%)+MAXLOSS_CAP;213201.96;213211.20;36;0
2026.08.12 12:29:16;XAUUSD;5;1786537657;PROFIT_RATCHET_LOCKED;floor=3.43 peak=10.16;MANAGE_PROFIT;SAFE;1;1;1;-1;-1;4413.60;8.64;8.64;10.16;-5.12;KELLY_LITE;true;0.04;213201.96;0.0417;KELLY_LITE(mult=1.00 taper=1.00 n=0)+HARD_RISK_CAP(2.0%)+MAXLOSS_CAP;213201.96;213210.60;36;0
2026.08.12 12:29:16;XAUUSD;5;1786537657;PROFIT_RATCHET_LOCKED;floor=3.43 peak=10.16;MANAGE_PROFIT;SAFE;1;1;1;-1;-1;4413.60;8.48;8.48;10.16;-5.12;KELLY_LITE;true;0.04;213201.96;0.0417;KELLY_LITE(mult=1.00 taper=1.00 n=0)+HARD_RISK_CAP(2.0%)+MAXLOSS_CAP;213201.96;213210.44;36;0
2026.08.12 12:29:17;XAUUSD;5;1786537657;PROFIT_RATCHET_LOCKED;floor=3.43 peak=10.16;MANAGE_PROFIT;SAFE;1;1;1;-1;-1;4413.60;8.20;8.20;10.16;-5.12;KELLY_LITE;true;0.04;213201.96;0.0417;KELLY_LITE(mult=1.00 taper=1.00 n=0)+HARD_RISK_CAP(2.0%)+MAXLOSS_CAP;213201.96;213210.16;36;0
2026.08.12 12:29:17;XAUUSD;5;1786537657;PROFIT_RATCHET_LOCKED;floor=3.43 peak=10.16;MANAGE_PROFIT;SAFE;1;1;1;-1;-1;4413.60;9.04;9.04;10.16;-5.12;KELLY_LITE;true;0.04;213201.96;0.0417;KELLY_LITE(mult=1.00 taper=1.00 n=0)+HARD_RISK_CAP(2.0%)+MAXLOSS_CAP;213201.96;213211.00;36;0
2026.08.12 12:29:17;XAUUSD;5;1786537657;PROFIT_RATCHET_LOCKED;floor=3.43 peak=10.16;MANAGE_PROFIT;SAFE;1;1;1;-1;-1;4413.60;9.12;9.12;10.16;-5.12;KELLY_LITE;true;0.04;213201.96;0.0417;KELLY_LITE(mult=1.00 taper=1.00 n=0)+HARD_RISK_CAP(2.0%)+MAXLOSS_CAP;213201.96;213211.08;36;0
2026.08.12 12:29:17;XAUUSD;5;1786537657;PROFIT_RATCHET_LOCKED;floor=3.43 peak=10.16;MANAGE_PROFIT;SAFE;1;1;1;-1;-1;4413.60;9.16;9.16;10.16;-5.12;KELLY_LITE;true;0.04;213201.96;0.0417;KELLY_LITE(mult=1.00 taper=1.00 n=0)+HARD_RISK_CAP(2.0%)+MAXLOSS_CAP;213201.96;213211.12;36;0
2026.08.12 12:29:17;XAUUSD;5;1786537657;PROFIT_RATCHET_LOCKED;floor=3.43 peak=10.16;MANAGE_PROFIT;SAFE;1;1;1;-1;-1;4413.60;9.60;9.60;10.16;-5.12;KELLY_LITE;true;0.04;213201.96;0.0417;KELLY_LITE(mult=1.00 taper=1.00 n=0)+HARD_RISK_CAP(2.0%)+MAXLOSS_CAP;213201.96;213211.56;36;0
2026.08.12 12:29:18;XAUUSD;5;1786537657;PROFIT_RATCHET_LOCKED;floor=3.43 peak=10.16;MANAGE_PROFIT;SAFE;1;1;1;-1;-1;4413.60;8.68;8.68;10.16;-5.12;KELLY_LITE;true;0.04;213201.96;0.0417;KELLY_LITE(mult=1.00 taper=1.00 n=0)+HARD_RISK_CAP(2.0%)+MAXLOSS_CAP;213201.96;213210.64;36;0
2026.08.12 12:29:18;XAUUSD;5;1786537657;PROFIT_RATCHET_LOCKED;floor=3.43 peak=10.16;MANAGE_PROFIT;SAFE;1;1;1;-1;-1;4413.60;8.64;8.64;10.16;-5.12;KELLY_LITE;true;0.04;213201.96;0.0417;KELLY_LITE(mult=1.00 taper=1.00 n=0)+HARD_RISK_CAP(2.0%)+MAXLOSS_CAP;213201.96;213210.60;36;0
2026.08.12 12:29:18;XAUUSD;5;1786537657;PROFIT_RATCHET_LOCKED;floor=3.43 peak=10.16;MANAGE_PROFIT;SAFE;1;1;1;-1;-1;4413.60;8.68;8.68;10.16;-5.12;KELLY_LITE;true;0.04;213201.96;0.0417;KELLY_LITE(mult=1.00 taper=1.00 n=0)+HARD_RISK_CAP(2.0%)+MAXLOSS_CAP;213201.96;213210.64;36;0
2026.08.12 12:29:18;XAUUSD;5;1786537657;PROFIT_RATCHET_LOCKED;floor=3.43 peak=10.16;MANAGE_PROFIT;SAFE;1;1;1;-1;-1;4413.60;8.76;8.76;10.16;-5.12;KELLY_LITE;true;0.04;213201.96;0.0417;KELLY_LITE(mult=1.00 taper=1.00 n=0)+HARD_RISK_CAP(2.0%)+MAXLOSS_CAP;213201.96;213210.72;34;0
2026.08.12 12:29:18;XAUUSD;5;1786537657;PROFIT_RATCHET_LOCKED;floor=3.43 peak=10.16;MANAGE_PROFIT;SAFE;1;1;1;-1;-1;4413.60;9.48;9.48;10.16;-5.12;KELLY_LITE;true;0.04;213201.96;0.0417;KELLY_LITE(mult=1.00 taper=1.00 n=0)+HARD_RISK_CAP(2.0%)+MAXLOSS_CAP;213201.96;213211.44;36;0
2026.08.12 12:29:18;XAUUSD;5;1786537657;PROFIT_RATCHET_LOCKED;floor=3.43 peak=10.16;MANAGE_PROFIT;SAFE;1;1;1;-1;-1;4413.60;9.84;9.84;10.16;-5.12;KELLY_LITE;true;0.04;213201.96;0.0417;KELLY_LITE(mult=1.00 taper=1.00 n=0)+HARD_RISK_CAP(2.0%)+MAXLOSS_CAP;213201.96;213211.80;36;0
2026.08.12 12:29:19;XAUUSD;5;1786537657;PROFIT_RATCHET_LOCKED;floor=3.43 peak=10.16;MANAGE_PROFIT;SAFE;1;1;1;-1;-1;4413.60;9.96;9.96;10.16;-5.12;KELLY_LITE;true;0.04;213201.96;0.0417;KELLY_LITE(mult=1.00 taper=1.00 n=0)+HARD_RISK_CAP(2.0%)+MAXLOSS_CAP;213201.96;213211.92;36;0
2026.08.12 12:29:20;XAUUSD;5;1786537657;SL_MODIFIED;ticket=118980915 oldSL=4415.60 newSL=4415.64 reason=break_even_lock_leg_0;MANAGE_PROFIT;SAFE;1;1;1;-1;-1;4413.60;10.24;10.24;10.24;-5.12;KELLY_LITE;true;0.04;213201.96;0.0417;KELLY_LITE(mult=1.00 taper=1.00 n=0)+HARD_RISK_CAP(2.0%)+MAXLOSS_CAP;213201.96;213212.20;36;0
2026.08.12 12:29:20;XAUUSD;5;1786537657;PROFIT_RATCHET_LOCKED;floor=3.46 peak=10.24;MANAGE_PROFIT;SAFE;1;1;1;-1;-1;4413.60;10.24;10.24;10.24;-5.12;KELLY_LITE;true;0.04;213201.96;0.0417;KELLY_LITE(mult=1.00 taper=1.00 n=0)+HARD_RISK_CAP(2.0%)+MAXLOSS_CAP;213201.96;213212.20;36;0
2026.08.12 12:29:20;XAUUSD;5;1786537657;PROFIT_RATCHET_LOCKED;floor=3.48 peak=10.32;MANAGE_PROFIT;SAFE;1;1;1;-1;-1;4413.60;10.32;10.32;10.32;-5.12;KELLY_LITE;true;0.04;213201.96;0.0417;KELLY_LITE(mult=1.00 taper=1.00 n=0)+HARD_RISK_CAP(2.0%)+MAXLOSS_CAP;213201.96;213212.28;36;0
2026.08.12 12:29:21;XAUUSD;5;1786537657;SL_MODIFIED;ticket=118980915 oldSL=4415.64 newSL=4415.78 reason=break_even_lock_leg_0;MANAGE_PROFIT;SAFE;1;1;1;-1;-1;4413.60;11.84;11.84;10.80;-5.12;KELLY_LITE;true;0.04;213201.96;0.0417;KELLY_LITE(mult=1.00 taper=1.00 n=0)+HARD_RISK_CAP(2.0%)+MAXLOSS_CAP;213201.96;213213.80;37;0
2026.08.12 12:29:21;XAUUSD;5;1786537657;PROFIT_RATCHET_LOCKED;floor=3.65 peak=10.80;MANAGE_PROFIT;SAFE;1;1;1;-1;-1;4413.60;11.84;11.84;10.80;-5.12;KELLY_LITE;true;0.04;213201.96;0.0417;KELLY_LITE(mult=1.00 taper=1.00 n=0)+HARD_RISK_CAP(2.0%)+MAXLOSS_CAP;213201.96;213213.80;37;0
2026.08.12 12:29:21;XAUUSD;5;1786537657;SL_MODIFIED;ticket=118980915 oldSL=4415.78 newSL=4416.04 reason=break_even_lock_leg_0;MANAGE_PROFIT;SAFE;1;1;1;-1;-1;4413.60;12.00;12.00;11.84;-5.12;KELLY_LITE;true;0.04;213201.96;0.0417;KELLY_LITE(mult=1.00 taper=1.00 n=0)+HARD_RISK_CAP(2.0%)+MAXLOSS_CAP;213201.96;213213.96;36;0
2026.08.12 12:29:21;XAUUSD;5;1786537657;PROFIT_RATCHET_LOCKED;floor=4.00 peak=11.84;MANAGE_PROFIT;SAFE;1;1;1;-1;-1;4413.60;12.00;12.00;11.84;-5.12;KELLY_LITE;true;0.04;213201.96;0.0417;KELLY_LITE(mult=1.00 taper=1.00 n=0)+HARD_RISK_CAP(2.0%)+MAXLOSS_CAP;213201.96;213213.96;36;0
2026.08.12 12:29:22;XAUUSD;5;1786537657;SL_MODIFIED;ticket=118980915 oldSL=4416.04 newSL=4416.08 reason=break_even_lock_leg_0;MANAGE_PROFIT;SAFE;1;1;1;-1;-1;4413.60;12.16;12.16;12.00;-5.12;KELLY_LITE;true;0.04;213201.96;0.0417;KELLY_LITE(mult=1.00 taper=1.00 n=0)+HARD_RISK_CAP(2.0%)+MAXLOSS_CAP;213201.96;213214.12;36;0
2026.08.12 12:29:22;XAUUSD;5;1786537657;PROFIT_RATCHET_LOCKED;floor=4.05 peak=12.00;MANAGE_PROFIT;SAFE;1;1;1;-1;-1;4413.60;12.16;12.16;12.00;-5.12;KELLY_LITE;true;0.04;213201.96;0.0417;KELLY_LITE(mult=1.00 taper=1.00 n=0)+HARD_RISK_CAP(2.0%)+MAXLOSS_CAP;213201.96;213214.12;36;0
2026.08.12 12:29:22;XAUUSD;5;1786537657;SL_MODIFY_FAILED;ticket=118980915 newSL=4416.12 reason=break_even_lock_leg_0 err=0;MANAGE_PROFIT;SAFE;1;1;1;-1;-1;4413.60;10.36;10.36;12.16;-5.12;KELLY_LITE;true;0.04;213201.96;0.0417;KELLY_LITE(mult=1.00 taper=1.00 n=0)+HARD_RISK_CAP(2.0%)+MAXLOSS_CAP;213201.96;213212.32;36;0
2026.08.12 12:29:22;XAUUSD;5;1786537657;PROFIT_RATCHET_LOCKED;floor=4.10 peak=12.16;MANAGE_PROFIT;SAFE;1;1;1;-1;-1;4413.60;10.36;10.36;12.16;-5.12;KELLY_LITE;true;0.04;213201.96;0.0417;KELLY_LITE(mult=1.00 taper=1.00 n=0)+HARD_RISK_CAP(2.0%)+MAXLOSS_CAP;213201.96;213212.32;36;0
2026.08.12 12:29:22;XAUUSD;5;1786537657;PROFIT_RATCHET_LOCKED;floor=4.10 peak=12.16;MANAGE_PROFIT;SAFE;1;1;1;-1;-1;4413.60;10.36;10.36;12.16;-5.12;KELLY_LITE;true;0.04;213201.96;0.0417;KELLY_LITE(mult=1.00 taper=1.00 n=0)+HARD_RISK_CAP(2.0%)+MAXLOSS_CAP;213201.96;213212.32;36;0
2026.08.12 12:29:22;XAUUSD;5;1786537657;PROFIT_RATCHET_LOCKED;floor=4.10 peak=12.16;MANAGE_PROFIT;SAFE;1;1;1;-1;-1;4413.60;10.40;10.40;12.16;-5.12;KELLY_LITE;true;0.04;213201.96;0.0417;KELLY_LITE(mult=1.00 taper=1.00 n=0)+HARD_RISK_CAP(2.0%)+MAXLOSS_CAP;213201.96;213212.36;36;0
2026.08.12 12:29:23;XAUUSD;5;1786537657;PROFIT_RATCHET_LOCKED;floor=4.10 peak=12.16;MANAGE_PROFIT;SAFE;1;1;1;-1;-1;4413.60;10.44;10.44;12.16;-5.12;KELLY_LITE;true;0.04;213201.96;0.0417;KELLY_LITE(mult=1.00 taper=1.00 n=0)+HARD_RISK_CAP(2.0%)+MAXLOSS_CAP;213201.96;213212.40;36;0
2026.08.12 12:29:23;XAUUSD;5;1786537657;PROFIT_RATCHET_LOCKED;floor=4.10 peak=12.16;MANAGE_PROFIT;SAFE;1;1;1;-1;-1;4413.60;10.52;10.52;12.16;-5.12;KELLY_LITE;true;0.04;213201.96;0.0417;KELLY_LITE(mult=1.00 taper=1.00 n=0)+HARD_RISK_CAP(2.0%)+MAXLOSS_CAP;213201.96;213212.48;36;0
2026.08.12 12:29:23;XAUUSD;5;1786537657;PROFIT_RATCHET_LOCKED;floor=4.10 peak=12.16;MANAGE_PROFIT;SAFE;1;1;1;-1;-1;4413.60;10.60;10.60;12.16;-5.12;KELLY_LITE;true;0.04;213201.96;0.0417;KELLY_LITE(mult=1.00 taper=1.00 n=0)+HARD_RISK_CAP(2.0%)+MAXLOSS_CAP;213201.96;213212.56;36;0
2026.08.12 12:29:24;XAUUSD;5;1786537657;RECONCILED_BROKER_CLOSE;ticket=118980915 type=main pnl=9.92;MANAGE_PROFIT;SAFE;0;1;1;-1;-1;4413.60;0.00;0.00;12.16;-5.12;KELLY_LITE;true;0.04;213201.96;0.0417;KELLY_LITE(mult=1.00 taper=1.00 n=0)+HARD_RISK_CAP(2.0%)+MAXLOSS_CAP;213211.88;213211.88;33;0
2026.08.12 12:29:24;XAUUSD;5;1786537657;PENDING_DELETED;ticket=118981196 reason=main_gone_hedge_pending;WAIT_TRIGGER;SAFE;0;0;1;-1;-1;4413.60;0.00;0.00;12.16;-5.12;KELLY_LITE;true;0.04;213201.96;0.0417;KELLY_LITE(mult=1.00 taper=1.00 n=0)+HARD_RISK_CAP(2.0%)+MAXLOSS_CAP;213211.88;213211.88;36;0
2026.08.12 12:29:24;XAUUSD;5;1786537657;HEDGE_PENDING_CLEANUP;main_position_gone;WAIT_TRIGGER;SAFE;0;0;1;-1;-1;4413.60;0.00;0.00;12.16;-5.12;KELLY_LITE;true;0.04;213201.96;0.0417;KELLY_LITE(mult=1.00 taper=1.00 n=0)+HARD_RISK_CAP(2.0%)+MAXLOSS_CAP;213211.88;213211.88;36;0
2026.08.12 12:29:24;XAUUSD;5;1786537657;CYCLE_RESET;oldState=WAIT_TRIGGER realizedPnL=9.92 peak=12.16 worst=-5.12 pyramid=1 consLosses=0;WAIT_TRIGGER;SAFE;0;0;1;-1;-1;4413.60;0.00;0.00;12.16;-5.12;KELLY_LITE;true;0.04;213201.96;0.0417;KELLY_LITE(mult=1.00 taper=1.00 n=0)+HARD_RISK_CAP(2.0%)+MAXLOSS_CAP;213211.88;213211.88;36;0
2026.08.12 12:34:24;XAUUSD;5;1786537658;PLACE_PENDING_START;cycle=1786537658 trend=1 consecLosses=0 preset=AGGRESSIVE;PLACE_PENDING;SAFE;0;0;0;-1;-1;0.00;0.00;0.00;0.00;0.00;KELLY_LITE;true;0.04;213201.96;0.0417;KELLY_LITE(mult=1.00 taper=1.00 n=0)+HARD_RISK_CAP(2.0%)+MAXLOSS_CAP;213211.88;213211.88;36;0
2026.08.12 12:34:24;XAUUSD;5;1786537658;DIR_OCO_PLACED;dir=BULL ticket=118982615 price=4416.05 sl=4401.05 tp=4438.55 lot=0.04 dist=1.50;PLACE_PENDING;SAFE;0;1;0;118982615;-1;0.00;0.00;0.00;0.00;0.00;KELLY_LITE;true;0.04;213211.88;0.0417;KELLY_LITE(mult=1.00 taper=1.00 n=1)+HARD_RISK_CAP(2.0%)+MAXLOSS_CAP;213211.88;213211.88;36;0
2026.08.12 12:34:25;XAUUSD;5;1786537658;DIR_OCO_COUNTER_PLACED;dir=BEAR(counter) ticket=118982618 price=4412.68 lot=0.03;PLACE_PENDING;SAFE;0;2;0;118982615;118982618;0.00;0.00;0.00;0.00;0.00;KELLY_LITE;true;0.04;213211.88;0.0417;KELLY_LITE(mult=1.00 taper=1.00 n=1)+HARD_RISK_CAP(2.0%)+MAXLOSS_CAP;213211.88;213211.88;36;0
2026.08.12 12:34:39;XAUUSD;5;1786537658;BUY_STOP_TRAILED;Old=4416.05 New=4415.48;WAIT_TRIGGER;SAFE;0;2;0;118982615;118982618;0.00;0.00;0.00;0.00;0.00;KELLY_LITE;true;0.04;213211.88;0.0417;KELLY_LITE(mult=1.00 taper=1.00 n=1)+HARD_RISK_CAP(2.0%)+MAXLOSS_CAP;213211.88;213211.88;36;0
2026.08.12 12:34:44;XAUUSD;5;1786537658;BUY_STOP_TRAILED;Old=4415.48 New=4415.15;WAIT_TRIGGER;SAFE;0;2;0;118982615;118982618;0.00;0.00;0.00;0.00;0.00;KELLY_LITE;true;0.04;213211.88;0.0417;KELLY_LITE(mult=1.00 taper=1.00 n=1)+HARD_RISK_CAP(2.0%)+MAXLOSS_CAP;213211.88;213211.88;36;0
2026.08.12 12:34:55;XAUUSD;5;1786537658;BUY_STOP_TRAILED;Old=4415.15 New=4414.83;WAIT_TRIGGER;SAFE;0;2;0;118982615;118982618;0.00;0.00;0.00;0.00;0.00;KELLY_LITE;true;0.04;213211.88;0.0417;KELLY_LITE(mult=1.00 taper=1.00 n=1)+HARD_RISK_CAP(2.0%)+MAXLOSS_CAP;213211.88;213211.88;36;0
2026.08.12 12:36:24;XAUUSD;5;1786537658;OCO_TRIGGERED_SELL;ticket=118982618 entry=4412.68;POSITION_ACTIVE;SAFE;1;1;0;118982615;-1;0.00;-0.99;-0.99;0.00;0.00;KELLY_LITE;true;0.04;213211.88;0.0417;KELLY_LITE(mult=1.00 taper=1.00 n=1)+HARD_RISK_CAP(2.0%)+MAXLOSS_CAP;213211.88;213210.89;33;0
2026.08.12 12:36:24;XAUUSD;5;1786537658;PENDING_DELETED;ticket=118982615 reason=oco_sell_triggered;POSITION_ACTIVE;SAFE;1;0;0;118982615;-1;0.00;-1.08;-1.08;0.00;0.00;KELLY_LITE;true;0.04;213211.88;0.0417;KELLY_LITE(mult=1.00 taper=1.00 n=1)+HARD_RISK_CAP(2.0%)+MAXLOSS_CAP;213211.88;213210.80;33;0
2026.08.12 12:36:25;XAUUSD;5;1786537658;HEDGE_PENDING_PLACED;dir=BUY_STOP ticket=118983037 price=4416.04 sl=4413.04 lot=0.05 mainEntry=4412.68 dist=3.00 confirmBars=1;POSITION_ACTIVE;SAFE;1;1;1;-1;-1;4412.68;-0.39;-0.39;0.00;-1.08;KELLY_LITE;true;0.04;213211.88;0.0417;KELLY_LITE(mult=1.00 taper=1.00 n=1)+HARD_RISK_CAP(2.0%)+MAXLOSS_CAP;213211.88;213211.49;33;0
2026.08.12 12:51:26;XAUUSD;5;1786537658;PENDING_DELETED;ticket=118983037 reason=hedge_pending_expired;POSITION_ACTIVE;SAFE;1;0;1;-1;-1;4412.68;-3.06;-3.06;6.45;-5.49;KELLY_LITE;true;0.04;213211.88;0.0417;KELLY_LITE(mult=1.00 taper=1.00 n=1)+HARD_RISK_CAP(2.0%)+MAXLOSS_CAP;213211.88;213208.82;36;0
2026.08.12 12:51:26;XAUUSD;5;1786537658;HEDGE_PENDING_EXPIRED;after=900s rearm=1/1;POSITION_ACTIVE;SAFE;1;0;1;-1;-1;4412.68;-3.06;-3.06;6.45;-5.49;KELLY_LITE;true;0.04;213211.88;0.0417;KELLY_LITE(mult=1.00 taper=1.00 n=1)+HARD_RISK_CAP(2.0%)+MAXLOSS_CAP;213211.88;213208.82;36;0
2026.08.12 12:51:27;XAUUSD;5;1786537658;HEDGE_PENDING_PLACED;dir=BUY_STOP ticket=118986136 price=4416.70 sl=4413.70 lot=0.05 mainEntry=4412.68 dist=3.00 confirmBars=1;MANAGE_PROFIT;SAFE;1;1;1;-1;-1;4412.68;-3.09;-3.09;6.45;-5.49;KELLY_LITE;true;0.04;213211.88;0.0417;KELLY_LITE(mult=1.00 taper=1.00 n=1)+HARD_RISK_CAP(2.0%)+MAXLOSS_CAP;213211.88;213208.79;36;0
2026.08.12 13:00:02;XAUUSD;5;1786537658;EXIT_TIME_PROFIT_LOCK;held=23 profit=0.42;MANAGE_PROFIT;SAFE;1;1;1;-1;-1;4412.68;0.42;0.42;6.45;-9.12;KELLY_LITE;true;0.04;213211.88;0.0417;KELLY_LITE(mult=1.00 taper=1.00 n=1)+HARD_RISK_CAP(2.0%)+MAXLOSS_CAP;213211.88;213212.30;36;0
2026.08.12 13:00:03;XAUUSD;5;1786537658;POSITION_CLOSED;ticket=118982618 reason=time_exit_profit_lock lots=0.03 price=4412.54 pnl=0.42;MANAGE_PROFIT;SAFE;0;1;1;-1;-1;4412.68;0.00;0.00;6.45;-9.12;KELLY_LITE;true;0.04;213211.88;0.0417;KELLY_LITE(mult=1.00 taper=1.00 n=1)+HARD_RISK_CAP(2.0%)+MAXLOSS_CAP;213212.60;213212.60;36;0
2026.08.12 13:00:04;XAUUSD;5;1786537658;PENDING_DELETED;ticket=118986136 reason=close_all_hedge;MANAGE_PROFIT;SAFE;0;0;0;-1;-1;4412.68;0.00;0.00;6.45;-9.12;KELLY_LITE;true;0.04;213211.88;0.0417;KELLY_LITE(mult=1.00 taper=1.00 n=1)+HARD_RISK_CAP(2.0%)+MAXLOSS_CAP;213212.60;213212.60;36;0
2026.08.12 13:00:04;XAUUSD;5;1786537658;CYCLE_RESET;oldState=RESET realizedPnL=0.72 peak=6.45 worst=-9.12 pyramid=0 consLosses=0;RESET;SAFE;0;0;0;-1;-1;4412.68;0.00;0.00;6.45;-9.12;KELLY_LITE;true;0.04;213211.88;0.0417;KELLY_LITE(mult=1.00 taper=1.00 n=1)+HARD_RISK_CAP(2.0%)+MAXLOSS_CAP;213212.60;213212.60;36;0
2026.08.12 13:05:04;XAUUSD;5;1786537658;FILTER_BLOCK_ADX_WEAK_MAIN;ADX_WEAK_MAIN (adx=16.7 min=20.0);BLOCKED;SAFE;0;0;0;-1;-1;0.00;0.00;0.00;0.00;0.00;KELLY_LITE;true;0.04;213211.88;0.0417;KELLY_LITE(mult=1.00 taper=1.00 n=1)+HARD_RISK_CAP(2.0%)+MAXLOSS_CAP;213212.60;213212.60;33;0
2026.08.12 13:10:04;XAUUSD;5;1786537658;FILTER_BLOCK_ADX_WEAK_MAIN;ADX_WEAK_MAIN (adx=17.5 min=20.0);BLOCKED;SAFE;0;0;0;-1;-1;0.00;0.00;0.00;0.00;0.00;KELLY_LITE;true;0.04;213211.88;0.0417;KELLY_LITE(mult=1.00 taper=1.00 n=1)+HARD_RISK_CAP(2.0%)+MAXLOSS_CAP;213212.60;213212.60;36;0
2026.08.12 13:15:04;XAUUSD;5;1786537658;FILTER_BLOCK_ADX_WEAK_MAIN;ADX_WEAK_MAIN (adx=18.8 min=20.0);BLOCKED;SAFE;0;0;0;-1;-1;0.00;0.00;0.00;0.00;0.00;KELLY_LITE;true;0.04;213211.88;0.0417;KELLY_LITE(mult=1.00 taper=1.00 n=1)+HARD_RISK_CAP(2.0%)+MAXLOSS_CAP;213212.60;213212.60;36;0
2026.08.12 13:20:04;XAUUSD;5;1786537658;FILTER_BLOCK_ADX_WEAK_MAIN;ADX_WEAK_MAIN (adx=19.9 min=20.0);BLOCKED;SAFE;0;0;0;-1;-1;0.00;0.00;0.00;0.00;0.00;KELLY_LITE;true;0.04;213211.88;0.0417;KELLY_LITE(mult=1.00 taper=1.00 n=1)+HARD_RISK_CAP(2.0%)+MAXLOSS_CAP;213212.60;213212.60;36;0
2026.08.12 13:25:04;XAUUSD;5;1786537659;PLACE_PENDING_START;cycle=1786537659 trend=1 consecLosses=0 preset=AGGRESSIVE;PLACE_PENDING;SAFE;0;0;0;-1;-1;0.00;0.00;0.00;0.00;0.00;KELLY_LITE;true;0.04;213211.88;0.0417;KELLY_LITE(mult=1.00 taper=1.00 n=1)+HARD_RISK_CAP(2.0%)+MAXLOSS_CAP;213212.60;213212.60;36;0
2026.08.12 13:25:04;XAUUSD;5;1786537659;DIR_OCO_PLACED;dir=BULL ticket=118994360 price=4408.10 sl=4393.10 tp=4430.60 lot=0.04 dist=1.50;PLACE_PENDING;SAFE;0;1;0;118994360;-1;0.00;0.00;0.00;0.00;0.00;KELLY_LITE;true;0.04;213212.60;0.0417;KELLY_LITE(mult=1.00 taper=1.00 n=2)+HARD_RISK_CAP(2.0%)+MAXLOSS_CAP;213212.60;213212.60;36;0
2026.08.12 13:25:05;XAUUSD;5;1786537659;DIR_OCO_COUNTER_PLACED;dir=BEAR(counter) ticket=118994365 price=4404.61 lot=0.03;PLACE_PENDING;SAFE;0;2;0;118994360;118994365;0.00;0.00;0.00;0.00;0.00;KELLY_LITE;true;0.04;213212.60;0.0417;KELLY_LITE(mult=1.00 taper=1.00 n=2)+HARD_RISK_CAP(2.0%)+MAXLOSS_CAP;213212.60;213212.60;36;0
2026.08.12 13:25:07;XAUUSD;5;1786537659;BUY_STOP_TRAILED;Old=4408.10 New=4407.76;WAIT_TRIGGER;SAFE;0;2;0;118994360;118994365;0.00;0.00;0.00;0.00;0.00;KELLY_LITE;true;0.04;213212.60;0.0417;KELLY_LITE(mult=1.00 taper=1.00 n=2)+HARD_RISK_CAP(2.0%)+MAXLOSS_CAP;213212.60;213212.60;36;0
2026.08.12 13:25:18;XAUUSD;5;1786537659;BUY_STOP_TRAILED;Old=4407.76 New=4407.42;WAIT_TRIGGER;SAFE;0;2;0;118994360;118994365;0.00;0.00;0.00;0.00;0.00;KELLY_LITE;true;0.04;213212.60;0.0417;KELLY_LITE(mult=1.00 taper=1.00 n=2)+HARD_RISK_CAP(2.0%)+MAXLOSS_CAP;213212.60;213212.60;36;0
2026.08.12 13:25:21;XAUUSD;5;1786537659;BUY_STOP_TRAILED;Old=4407.42 New=4406.93;WAIT_TRIGGER;SAFE;0;2;0;118994360;118994365;0.00;0.00;0.00;0.00;0.00;KELLY_LITE;true;0.04;213212.60;0.0417;KELLY_LITE(mult=1.00 taper=1.00 n=2)+HARD_RISK_CAP(2.0%)+MAXLOSS_CAP;213212.60;213212.60;33;0
2026.08.12 13:25:32;XAUUSD;5;1786537659;BUY_STOP_TRAILED;Old=4406.93 New=4406.61;WAIT_TRIGGER;SAFE;0;2;0;118994360;118994365;0.00;0.00;0.00;0.00;0.00;KELLY_LITE;true;0.04;213212.60;0.0417;KELLY_LITE(mult=1.00 taper=1.00 n=2)+HARD_RISK_CAP(2.0%)+MAXLOSS_CAP;213212.60;213212.60;35;0
2026.08.12 13:25:56;XAUUSD;5;1786537659;OCO_TRIGGERED_BUY;ticket=118994360 entry=4406.61;POSITION_ACTIVE;SAFE;1;1;0;-1;118994365;0.00;0.24;-1.08;0.00;0.00;KELLY_LITE;true;0.04;213212.60;0.0417;KELLY_LITE(mult=1.00 taper=1.00 n=2)+HARD_RISK_CAP(2.0%)+MAXLOSS_CAP;213212.60;213212.84;33;0
2026.08.12 13:25:57;XAUUSD;5;1786537659;PENDING_DELETED;ticket=118994365 reason=oco_buy_triggered;POSITION_ACTIVE;SAFE;1;0;0;-1;118994365;0.00;-2.08;-2.08;0.00;0.00;KELLY_LITE;true;0.04;213212.60;0.0417;KELLY_LITE(mult=1.00 taper=1.00 n=2)+HARD_RISK_CAP(2.0%)+MAXLOSS_CAP;213212.60;213210.52;33;0
2026.08.12 13:25:57;XAUUSD;5;1786537659;HEDGE_BLOCK_CONFIRM;need=1 adverse bars;POSITION_ACTIVE;SAFE;1;0;1;-1;-1;4406.61;-2.08;-2.08;0.00;-2.08;KELLY_LITE;true;0.04;213212.60;0.0417;KELLY_LITE(mult=1.00 taper=1.00 n=2)+HARD_RISK_CAP(2.0%)+MAXLOSS_CAP;213212.60;213210.52;33;0
2026.08.12 13:26:27;XAUUSD;5;1786537659;HEDGE_BLOCK_CONFIRM;need=1 adverse bars;MANAGE_PROFIT;SAFE;1;0;1;-1;-1;4406.61;2.72;2.72;2.56;-3.24;KELLY_LITE;true;0.04;213212.60;0.0417;KELLY_LITE(mult=1.00 taper=1.00 n=2)+HARD_RISK_CAP(2.0%)+MAXLOSS_CAP;213212.60;213215.32;36;0
2026.08.12 13:26:42;XAUUSD;5;1786537659;SL_MODIFIED;ticket=118994360 oldSL=4394.61 newSL=4408.09 reason=break_even_lock_leg_0;MANAGE_PROFIT;SAFE;1;0;1;-1;-1;4406.61;8.00;8.00;8.00;-3.24;KELLY_LITE;true;0.04;213212.60;0.0417;KELLY_LITE(mult=1.00 taper=1.00 n=2)+HARD_RISK_CAP(2.0%)+MAXLOSS_CAP;213212.60;213220.60;36;0
2026.08.12 13:26:42;XAUUSD;5;1786537659;PROFIT_RATCHET_LOCKED;floor=2.70 peak=8.00;MANAGE_PROFIT;SAFE;1;0;1;-1;-1;4406.61;8.00;8.00;8.00;-3.24;KELLY_LITE;true;0.04;213212.60;0.0417;KELLY_LITE(mult=1.00 taper=1.00 n=2)+HARD_RISK_CAP(2.0%)+MAXLOSS_CAP;213212.60;213220.60;36;0
2026.08.12 13:26:43;XAUUSD;5;1786537659;SL_MODIFIED;ticket=118994360 oldSL=4408.09 newSL=4408.15 reason=break_even_lock_leg_0;MANAGE_PROFIT;SAFE;1;0;1;-1;-1;4406.61;8.16;8.16;8.24;-3.24;KELLY_LITE;true;0.04;213212.60;0.0417;KELLY_LITE(mult=1.00 taper=1.00 n=2)+HARD_RISK_CAP(2.0%)+MAXLOSS_CAP;213212.60;213220.76;36;0
2026.08.12 13:26:43;XAUUSD;5;1786537659;PROFIT_RATCHET_LOCKED;floor=2.78 peak=8.24;MANAGE_PROFIT;SAFE;1;0;1;-1;-1;4406.61;8.16;8.16;8.24;-3.24;KELLY_LITE;true;0.04;213212.60;0.0417;KELLY_LITE(mult=1.00 taper=1.00 n=2)+HARD_RISK_CAP(2.0%)+MAXLOSS_CAP;213212.60;213220.76;36;0
2026.08.12 13:26:43;XAUUSD;5;1786537659;PROFIT_RATCHET_LOCKED;floor=2.78 peak=8.24;MANAGE_PROFIT;SAFE;1;0;1;-1;-1;4406.61;8.16;8.16;8.24;-3.24;KELLY_LITE;true;0.04;213212.60;0.0417;KELLY_LITE(mult=1.00 taper=1.00 n=2)+HARD_RISK_CAP(2.0%)+MAXLOSS_CAP;213212.60;213220.76;36;0
2026.08.12 13:26:44;XAUUSD;5;1786537659;PROFIT_RATCHET_LOCKED;floor=2.78 peak=8.24;MANAGE_PROFIT;SAFE;1;0;1;-1;-1;4406.61;8.12;8.12;8.24;-3.24;KELLY_LITE;true;0.04;213212.60;0.0417;KELLY_LITE(mult=1.00 taper=1.00 n=2)+HARD_RISK_CAP(2.0%)+MAXLOSS_CAP;213212.60;213220.72;36;0
2026.08.12 13:26:44;XAUUSD;5;1786537659;PROFIT_RATCHET_LOCKED;floor=2.78 peak=8.24;MANAGE_PROFIT;SAFE;1;0;1;-1;-1;4406.61;8.16;8.16;8.24;-3.24;KELLY_LITE;true;0.04;213212.60;0.0417;KELLY_LITE(mult=1.00 taper=1.00 n=2)+HARD_RISK_CAP(2.0%)+MAXLOSS_CAP;213212.60;213220.76;36;0
2026.08.12 13:26:45;XAUUSD;5;1786537659;PROFIT_RATCHET_LOCKED;floor=2.78 peak=8.24;MANAGE_PROFIT;SAFE;1;0;1;-1;-1;4406.61;8.12;8.12;8.24;-3.24;KELLY_LITE;true;0.04;213212.60;0.0417;KELLY_LITE(mult=1.00 taper=1.00 n=2)+HARD_RISK_CAP(2.0%)+MAXLOSS_CAP;213212.60;213220.72;36;0
2026.08.12 13:26:45;XAUUSD;5;1786537659;PROFIT_RATCHET_LOCKED;floor=2.78 peak=8.24;MANAGE_PROFIT;SAFE;1;0;1;-1;-1;4406.61;8.24;8.24;8.24;-3.24;KELLY_LITE;true;0.04;213212.60;0.0417;KELLY_LITE(mult=1.00 taper=1.00 n=2)+HARD_RISK_CAP(2.0%)+MAXLOSS_CAP;213212.60;213220.84;36;0
2026.08.12 13:26:46;XAUUSD;5;1786537659;SL_MODIFIED;ticket=118994360 oldSL=4408.15 newSL=4408.35 reason=break_even_lock_leg_0;MANAGE_PROFIT;SAFE;1;0;1;-1;-1;4406.61;9.12;9.12;9.04;-3.24;KELLY_LITE;true;0.04;213212.60;0.0417;KELLY_LITE(mult=1.00 taper=1.00 n=2)+HARD_RISK_CAP(2.0%)+MAXLOSS_CAP;213212.60;213221.72;36;0
2026.08.12 13:26:46;XAUUSD;5;1786537659;PROFIT_RATCHET_LOCKED;floor=3.05 peak=9.04;MANAGE_PROFIT;SAFE;1;0;1;-1;-1;4406.61;9.12;9.12;9.04;-3.24;KELLY_LITE;true;0.04;213212.60;0.0417;KELLY_LITE(mult=1.00 taper=1.00 n=2)+HARD_RISK_CAP(2.0%)+MAXLOSS_CAP;213212.60;213221.72;36;0
2026.08.12 13:26:46;XAUUSD;5;1786537659;PROFIT_RATCHET_LOCKED;floor=3.08 peak=9.12;MANAGE_PROFIT;SAFE;1;0;1;-1;-1;4406.61;9.12;9.12;9.12;-3.24;KELLY_LITE;true;0.04;213212.60;0.0417;KELLY_LITE(mult=1.00 taper=1.00 n=2)+HARD_RISK_CAP(2.0%)+MAXLOSS_CAP;213212.60;213221.72;36;0
2026.08.12 13:26:47;XAUUSD;5;1786537659;SL_MODIFIED;ticket=118994360 oldSL=4408.35 newSL=4408.38 reason=break_even_lock_leg_0;MANAGE_PROFIT;SAFE;1;0;1;-1;-1;4406.61;9.16;9.16;9.16;-3.24;KELLY_LITE;true;0.04;213212.60;0.0417;KELLY_LITE(mult=1.00 taper=1.00 n=2)+HARD_RISK_CAP(2.0%)+MAXLOSS_CAP;213212.60;213221.76;36;0
2026.08.12 13:26:47;XAUUSD;5;1786537659;PROFIT_RATCHET_LOCKED;floor=3.09 peak=9.16;MANAGE_PROFIT;SAFE;1;0;1;-1;-1;4406.61;9.16;9.16;9.16;-3.24;KELLY_LITE;true;0.04;213212.60;0.0417;KELLY_LITE(mult=1.00 taper=1.00 n=2)+HARD_RISK_CAP(2.0%)+MAXLOSS_CAP;213212.60;213221.76;36;0
2026.08.12 13:26:48;XAUUSD;5;1786537659;SL_MODIFY_FAILED;ticket=118994360 newSL=4408.61 reason=break_even_lock_leg_0 err=0;MANAGE_PROFIT;SAFE;1;0;1;-1;-1;4406.61;8.20;8.20;10.08;-3.24;KELLY_LITE;true;0.04;213212.60;0.0417;KELLY_LITE(mult=1.00 taper=1.00 n=2)+HARD_RISK_CAP(2.0%)+MAXLOSS_CAP;213212.60;213220.80;36;0
2026.08.12 13:26:48;XAUUSD;5;1786537659;PROFIT_RATCHET_LOCKED;floor=3.40 peak=10.08;MANAGE_PROFIT;SAFE;1;0;1;-1;-1;4406.61;8.20;8.20;10.08;-3.24;KELLY_LITE;true;0.04;213212.60;0.0417;KELLY_LITE(mult=1.00 taper=1.00 n=2)+HARD_RISK_CAP(2.0%)+MAXLOSS_CAP;213212.60;213220.80;36;0
2026.08.12 13:26:48;XAUUSD;5;1786537659;PROFIT_RATCHET_LOCKED;floor=3.40 peak=10.08;MANAGE_PROFIT;SAFE;1;0;1;-1;-1;4406.61;8.20;8.20;10.08;-3.24;KELLY_LITE;true;0.04;213212.60;0.0417;KELLY_LITE(mult=1.00 taper=1.00 n=2)+HARD_RISK_CAP(2.0%)+MAXLOSS_CAP;213212.60;213220.80;36;0
2026.08.12 13:26:48;XAUUSD;5;1786537659;PROFIT_RATCHET_LOCKED;floor=3.40 peak=10.08;MANAGE_PROFIT;SAFE;1;0;1;-1;-1;4406.61;8.12;8.12;10.08;-3.24;KELLY_LITE;true;0.04;213212.60;0.0417;KELLY_LITE(mult=1.00 taper=1.00 n=2)+HARD_RISK_CAP(2.0%)+MAXLOSS_CAP;213212.60;213220.72;36;0
2026.08.12 13:26:48;XAUUSD;5;1786537659;PROFIT_RATCHET_LOCKED;floor=3.40 peak=10.08;MANAGE_PROFIT;SAFE;1;0;1;-1;-1;4406.61;7.96;7.96;10.08;-3.24;KELLY_LITE;true;0.04;213212.60;0.0417;KELLY_LITE(mult=1.00 taper=1.00 n=2)+HARD_RISK_CAP(2.0%)+MAXLOSS_CAP;213212.60;213220.56;36;0
2026.08.12 13:26:49;XAUUSD;5;1786537659;PROFIT_RATCHET_LOCKED;floor=3.40 peak=10.08;MANAGE_PROFIT;SAFE;1;0;1;-1;-1;4406.61;7.88;7.88;10.08;-3.24;KELLY_LITE;true;0.04;213212.60;0.0417;KELLY_LITE(mult=1.00 taper=1.00 n=2)+HARD_RISK_CAP(2.0%)+MAXLOSS_CAP;213212.60;213220.48;36;0
2026.08.12 13:26:49;XAUUSD;5;1786537659;PROFIT_RATCHET_LOCKED;floor=3.40 peak=10.08;MANAGE_PROFIT;SAFE;1;0;1;-1;-1;4406.61;7.32;7.32;10.08;-3.24;KELLY_LITE;true;0.04;213212.60;0.0417;KELLY_LITE(mult=1.00 taper=1.00 n=2)+HARD_RISK_CAP(2.0%)+MAXLOSS_CAP;213212.60;213219.92;36;0
2026.08.12 13:26:49;XAUUSD;5;1786537659;PROFIT_RATCHET_LOCKED;floor=3.40 peak=10.08;MANAGE_PROFIT;SAFE;1;0;1;-1;-1;4406.61;7.60;7.60;10.08;-3.24;KELLY_LITE;true;0.04;213212.60;0.0417;KELLY_LITE(mult=1.00 taper=1.00 n=2)+HARD_RISK_CAP(2.0%)+MAXLOSS_CAP;213212.60;213220.20;36;0
2026.08.12 13:26:49;XAUUSD;5;1786537659;PROFIT_RATCHET_LOCKED;floor=3.40 peak=10.08;MANAGE_PROFIT;SAFE;1;0;1;-1;-1;4406.61;7.48;7.48;10.08;-3.24;KELLY_LITE;true;0.04;213212.60;0.0417;KELLY_LITE(mult=1.00 taper=1.00 n=2)+HARD_RISK_CAP(2.0%)+MAXLOSS_CAP;213212.60;213220.08;36;0
2026.08.12 13:26:50;XAUUSD;5;1786537659;PROFIT_RATCHET_LOCKED;floor=3.40 peak=10.08;MANAGE_PROFIT;SAFE;1;0;1;-1;-1;4406.61;7.48;7.48;10.08;-3.24;KELLY_LITE;true;0.04;213212.60;0.0417;KELLY_LITE(mult=1.00 taper=1.00 n=2)+HARD_RISK_CAP(2.0%)+MAXLOSS_CAP;213212.60;213220.08;35;0
2026.08.12 13:26:50;XAUUSD;5;1786537659;PROFIT_RATCHET_LOCKED;floor=3.40 peak=10.08;MANAGE_PROFIT;SAFE;1;0;1;-1;-1;4406.61;7.44;7.44;10.08;-3.24;KELLY_LITE;true;0.04;213212.60;0.0417;KELLY_LITE(mult=1.00 taper=1.00 n=2)+HARD_RISK_CAP(2.0%)+MAXLOSS_CAP;213212.60;213220.04;36;0
2026.08.12 13:26:51;XAUUSD;5;1786537659;PROFIT_RATCHET_LOCKED;floor=3.40 peak=10.08;MANAGE_PROFIT;SAFE;1;0;1;-1;-1;4406.61;7.52;7.52;10.08;-3.24;KELLY_LITE;true;0.04;213212.60;0.0417;KELLY_LITE(mult=1.00 taper=1.00 n=2)+HARD_RISK_CAP(2.0%)+MAXLOSS_CAP;213212.60;213220.12;36;0
2026.08.12 13:26:51;XAUUSD;5;1786537659;PROFIT_RATCHET_LOCKED;floor=3.40 peak=10.08;MANAGE_PROFIT;SAFE;1;0;1;-1;-1;4406.61;8.48;8.48;10.08;-3.24;KELLY_LITE;true;0.04;213212.60;0.0417;KELLY_LITE(mult=1.00 taper=1.00 n=2)+HARD_RISK_CAP(2.0%)+MAXLOSS_CAP;213212.60;213221.08;37;0
2026.08.12 13:26:51;XAUUSD;5;1786537659;PROFIT_RATCHET_LOCKED;floor=3.40 peak=10.08;MANAGE_PROFIT;SAFE;1;0;1;-1;-1;4406.61;8.68;8.68;10.08;-3.24;KELLY_LITE;true;0.04;213212.60;0.0417;KELLY_LITE(mult=1.00 taper=1.00 n=2)+HARD_RISK_CAP(2.0%)+MAXLOSS_CAP;213212.60;213221.28;36;0
2026.08.12 13:26:51;XAUUSD;5;1786537659;PROFIT_RATCHET_LOCKED;floor=3.40 peak=10.08;MANAGE_PROFIT;SAFE;1;0;1;-1;-1;4406.61;8.60;8.60;10.08;-3.24;KELLY_LITE;true;0.04;213212.60;0.0417;KELLY_LITE(mult=1.00 taper=1.00 n=2)+HARD_RISK_CAP(2.0%)+MAXLOSS_CAP;213212.60;213221.20;36;0
2026.08.12 13:26:51;XAUUSD;5;1786537659;PROFIT_RATCHET_LOCKED;floor=3.40 peak=10.08;MANAGE_PROFIT;SAFE;1;0;1;-1;-1;4406.61;8.84;8.84;10.08;-3.24;KELLY_LITE;true;0.04;213212.60;0.0417;KELLY_LITE(mult=1.00 taper=1.00 n=2)+HARD_RISK_CAP(2.0%)+MAXLOSS_CAP;213212.60;213221.44;36;0
2026.08.12 13:26:52;XAUUSD;5;1786537659;PROFIT_RATCHET_LOCKED;floor=3.40 peak=10.08;MANAGE_PROFIT;SAFE;1;0;1;-1;-1;4406.61;8.80;8.80;10.08;-3.24;KELLY_LITE;true;0.04;213212.60;0.0417;KELLY_LITE(mult=1.00 taper=1.00 n=2)+HARD_RISK_CAP(2.0%)+MAXLOSS_CAP;213212.60;213221.40;36;0
2026.08.12 13:26:52;XAUUSD;5;1786537659;PROFIT_RATCHET_LOCKED;floor=3.40 peak=10.08;MANAGE_PROFIT;SAFE;1;0;1;-1;-1;4406.61;8.80;8.80;10.08;-3.24;KELLY_LITE;true;0.04;213212.60;0.0417;KELLY_LITE(mult=1.00 taper=1.00 n=2)+HARD_RISK_CAP(2.0%)+MAXLOSS_CAP;213212.60;213221.40;35;0
2026.08.12 13:26:52;XAUUSD;5;1786537659;PROFIT_RATCHET_LOCKED;floor=3.40 peak=10.08;MANAGE_PROFIT;SAFE;1;0;1;-1;-1;4406.61;8.88;8.88;10.08;-3.24;KELLY_LITE;true;0.04;213212.60;0.0417;KELLY_LITE(mult=1.00 taper=1.00 n=2)+HARD_RISK_CAP(2.0%)+MAXLOSS_CAP;213212.60;213221.48;36;0
2026.08.12 13:26:53;XAUUSD;5;1786537659;PROFIT_RATCHET_LOCKED;floor=3.40 peak=10.08;MANAGE_PROFIT;SAFE;1;0;1;-1;-1;4406.61;8.68;8.68;10.08;-3.24;KELLY_LITE;true;0.04;213212.60;0.0417;KELLY_LITE(mult=1.00 taper=1.00 n=2)+HARD_RISK_CAP(2.0%)+MAXLOSS_CAP;213212.60;213221.28;36;0
2026.08.12 13:26:53;XAUUSD;5;1786537659;PROFIT_RATCHET_LOCKED;floor=3.40 peak=10.08;MANAGE_PROFIT;SAFE;1;0;1;-1;-1;4406.61;8.32;8.32;10.08;-3.24;KELLY_LITE;true;0.04;213212.60;0.0417;KELLY_LITE(mult=1.00 taper=1.00 n=2)+HARD_RISK_CAP(2.0%)+MAXLOSS_CAP;213212.60;213220.92;36;0
2026.08.12 13:26:53;XAUUSD;5;1786537659;PROFIT_RATCHET_LOCKED;floor=3.40 peak=10.08;MANAGE_PROFIT;SAFE;1;0;1;-1;-1;4406.61;8.40;8.40;10.08;-3.24;KELLY_LITE;true;0.04;213212.60;0.0417;KELLY_LITE(mult=1.00 taper=1.00 n=2)+HARD_RISK_CAP(2.0%)+MAXLOSS_CAP;213212.60;213221.00;36;0
2026.08.12 13:26:53;XAUUSD;5;1786537659;PROFIT_RATCHET_LOCKED;floor=3.40 peak=10.08;MANAGE_PROFIT;SAFE;1;0;1;-1;-1;4406.61;8.48;8.48;10.08;-3.24;KELLY_LITE;true;0.04;213212.60;0.0417;KELLY_LITE(mult=1.00 taper=1.00 n=2)+HARD_RISK_CAP(2.0%)+MAXLOSS_CAP;213212.60;213221.08;36;0
2026.08.12 13:26:54;XAUUSD;5;1786537659;PROFIT_RATCHET_LOCKED;floor=3.40 peak=10.08;MANAGE_PROFIT;SAFE;1;0;1;-1;-1;4406.61;8.44;8.44;10.08;-3.24;KELLY_LITE;true;0.04;213212.60;0.0417;KELLY_LITE(mult=1.00 taper=1.00 n=2)+HARD_RISK_CAP(2.0%)+MAXLOSS_CAP;213212.60;213221.04;36;0
2026.08.12 13:26:54;XAUUSD;5;1786537659;PROFIT_RATCHET_LOCKED;floor=3.40 peak=10.08;MANAGE_PROFIT;SAFE;1;0;1;-1;-1;4406.61;8.52;8.52;10.08;-3.24;KELLY_LITE;true;0.04;213212.60;0.0417;KELLY_LITE(mult=1.00 taper=1.00 n=2)+HARD_RISK_CAP(2.0%)+MAXLOSS_CAP;213212.60;213221.12;36;0
2026.08.12 13:26:54;XAUUSD;5;1786537659;PROFIT_RATCHET_LOCKED;floor=3.40 peak=10.08;MANAGE_PROFIT;SAFE;1;0;1;-1;-1;4406.61;8.32;8.32;10.08;-3.24;KELLY_LITE;true;0.04;213212.60;0.0417;KELLY_LITE(mult=1.00 taper=1.00 n=2)+HARD_RISK_CAP(2.0%)+MAXLOSS_CAP;213212.60;213220.92;36;0
2026.08.12 13:26:54;XAUUSD;5;1786537659;PROFIT_RATCHET_LOCKED;floor=3.40 peak=10.08;MANAGE_PROFIT;SAFE;1;0;1;-1;-1;4406.61;8.72;8.72;10.08;-3.24;KELLY_LITE;true;0.04;213212.60;0.0417;KELLY_LITE(mult=1.00 taper=1.00 n=2)+HARD_RISK_CAP(2.0%)+MAXLOSS_CAP;213212.60;213221.32;36;0
2026.08.12 13:26:54;XAUUSD;5;1786537659;PROFIT_RATCHET_LOCKED;floor=3.40 peak=10.08;MANAGE_PROFIT;SAFE;1;0;1;-1;-1;4406.61;8.56;8.56;10.08;-3.24;KELLY_LITE;true;0.04;213212.60;0.0417;KELLY_LITE(mult=1.00 taper=1.00 n=2)+HARD_RISK_CAP(2.0%)+MAXLOSS_CAP;213212.60;213221.16;36;0
2026.08.12 13:26:55;XAUUSD;5;1786537659;PROFIT_RATCHET_LOCKED;floor=3.40 peak=10.08;MANAGE_PROFIT;SAFE;1;0;1;-1;-1;4406.61;8.84;8.84;10.08;-3.24;KELLY_LITE;true;0.04;213212.60;0.0417;KELLY_LITE(mult=1.00 taper=1.00 n=2)+HARD_RISK_CAP(2.0%)+MAXLOSS_CAP;213212.60;213221.44;36;0
2026.08.12 13:26:56;XAUUSD;5;1786537659;PROFIT_RATCHET_LOCKED;floor=3.40 peak=10.08;MANAGE_PROFIT;SAFE;1;0;1;-1;-1;4406.61;8.72;8.72;10.08;-3.24;KELLY_LITE;true;0.04;213212.60;0.0417;KELLY_LITE(mult=1.00 taper=1.00 n=2)+HARD_RISK_CAP(2.0%)+MAXLOSS_CAP;213212.60;213221.32;36;0
2026.08.12 13:26:56;XAUUSD;5;1786537659;PROFIT_RATCHET_LOCKED;floor=3.40 peak=10.08;MANAGE_PROFIT;SAFE;1;0;1;-1;-1;4406.61;8.24;8.24;10.08;-3.24;KELLY_LITE;true;0.04;213212.60;0.0417;KELLY_LITE(mult=1.00 taper=1.00 n=2)+HARD_RISK_CAP(2.0%)+MAXLOSS_CAP;213212.60;213220.84;36;0
2026.08.12 13:26:56;XAUUSD;5;1786537659;PROFIT_RATCHET_LOCKED;floor=3.40 peak=10.08;MANAGE_PROFIT;SAFE;1;0;1;-1;-1;4406.61;8.32;8.32;10.08;-3.24;KELLY_LITE;true;0.04;213212.60;0.0417;KELLY_LITE(mult=1.00 taper=1.00 n=2)+HARD_RISK_CAP(2.0%)+MAXLOSS_CAP;213212.60;213220.92;36;0
2026.08.12 13:26:56;XAUUSD;5;1786537659;PROFIT_RATCHET_LOCKED;floor=3.40 peak=10.08;MANAGE_PROFIT;SAFE;1;0;1;-1;-1;4406.61;8.36;8.36;10.08;-3.24;KELLY_LITE;true;0.04;213212.60;0.0417;KELLY_LITE(mult=1.00 taper=1.00 n=2)+HARD_RISK_CAP(2.0%)+MAXLOSS_CAP;213212.60;213220.96;36;0
2026.08.12 13:26:57;XAUUSD;5;1786537659;HEDGE_BLOCK_CONFIRM;need=1 adverse bars;MANAGE_PROFIT;SAFE;1;0;1;-1;-1;4406.61;8.16;8.16;10.08;-3.24;KELLY_LITE;true;0.04;213212.60;0.0417;KELLY_LITE(mult=1.00 taper=1.00 n=2)+HARD_RISK_CAP(2.0%)+MAXLOSS_CAP;213212.60;213220.76;36;0
2026.08.12 13:26:57;XAUUSD;5;1786537659;PROFIT_RATCHET_LOCKED;floor=3.40 peak=10.08;MANAGE_PROFIT;SAFE;1;0;1;-1;-1;4406.61;8.16;8.16;10.08;-3.24;KELLY_LITE;true;0.04;213212.60;0.0417;KELLY_LITE(mult=1.00 taper=1.00 n=2)+HARD_RISK_CAP(2.0%)+MAXLOSS_CAP;213212.60;213220.76;36;0
2026.08.12 13:26:57;XAUUSD;5;1786537659;PROFIT_RATCHET_LOCKED;floor=3.40 peak=10.08;MANAGE_PROFIT;SAFE;1;0;1;-1;-1;4406.61;8.04;8.04;10.08;-3.24;KELLY_LITE;true;0.04;213212.60;0.0417;KELLY_LITE(mult=1.00 taper=1.00 n=2)+HARD_RISK_CAP(2.0%)+MAXLOSS_CAP;213212.60;213220.64;36;0
2026.08.12 13:26:57;XAUUSD;5;1786537659;PROFIT_RATCHET_LOCKED;floor=3.40 peak=10.08;MANAGE_PROFIT;SAFE;1;0;1;-1;-1;4406.61;8.08;8.08;10.08;-3.24;KELLY_LITE;true;0.04;213212.60;0.0417;KELLY_LITE(mult=1.00 taper=1.00 n=2)+HARD_RISK_CAP(2.0%)+MAXLOSS_CAP;213212.60;213220.68;36;0
2026.08.12 13:26:57;XAUUSD;5;1786537659;PROFIT_RATCHET_LOCKED;floor=3.40 peak=10.08;MANAGE_PROFIT;SAFE;1;0;1;-1;-1;4406.61;8.08;8.08;10.08;-3.24;KELLY_LITE;true;0.04;213212.60;0.0417;KELLY_LITE(mult=1.00 taper=1.00 n=2)+HARD_RISK_CAP(2.0%)+MAXLOSS_CAP;213212.60;213220.68;35;0
2026.08.12 13:26:57;XAUUSD;5;1786537659;PROFIT_RATCHET_LOCKED;floor=3.40 peak=10.08;MANAGE_PROFIT;SAFE;1;0;1;-1;-1;4406.61;8.04;8.04;10.08;-3.24;KELLY_LITE;true;0.04;213212.60;0.0417;KELLY_LITE(mult=1.00 taper=1.00 n=2)+HARD_RISK_CAP(2.0%)+MAXLOSS_CAP;213212.60;213220.64;36;0
2026.08.12 13:26:58;XAUUSD;5;1786537659;PROFIT_RATCHET_LOCKED;floor=3.40 peak=10.08;MANAGE_PROFIT;SAFE;1;0;1;-1;-1;4406.61;7.96;7.96;10.08;-3.24;KELLY_LITE;true;0.04;213212.60;0.0417;KELLY_LITE(mult=1.00 taper=1.00 n=2)+HARD_RISK_CAP(2.0%)+MAXLOSS_CAP;213212.60;213220.56;36;0
2026.08.12 13:26:58;XAUUSD;5;1786537659;PROFIT_RATCHET_LOCKED;floor=3.40 peak=10.08;MANAGE_PROFIT;SAFE;1;0;1;-1;-1;4406.61;8.04;8.04;10.08;-3.24;KELLY_LITE;true;0.04;213212.60;0.0417;KELLY_LITE(mult=1.00 taper=1.00 n=2)+HARD_RISK_CAP(2.0%)+MAXLOSS_CAP;213212.60;213220.64;36;0
2026.08.12 13:26:58;XAUUSD;5;1786537659;PROFIT_RATCHET_LOCKED;floor=3.40 peak=10.08;MANAGE_PROFIT;SAFE;1;0;1;-1;-1;4406.61;8.28;8.28;10.08;-3.24;KELLY_LITE;true;0.04;213212.60;0.0417;KELLY_LITE(mult=1.00 taper=1.00 n=2)+HARD_RISK_CAP(2.0%)+MAXLOSS_CAP;213212.60;213220.88;36;0
2026.08.12 13:26:59;XAUUSD;5;1786537659;PROFIT_RATCHET_LOCKED;floor=3.40 peak=10.08;MANAGE_PROFIT;SAFE;1;0;1;-1;-1;4406.61;8.36;8.36;10.08;-3.24;KELLY_LITE;true;0.04;213212.60;0.0417;KELLY_LITE(mult=1.00 taper=1.00 n=2)+HARD_RISK_CAP(2.0%)+MAXLOSS_CAP;213212.60;213220.96;36;0
2026.08.12 13:26:59;XAUUSD;5;1786537659;PROFIT_RATCHET_LOCKED;floor=3.40 peak=10.08;MANAGE_PROFIT;SAFE;1;0;1;-1;-1;4406.61;8.52;8.52;10.08;-3.24;KELLY_LITE;true;0.04;213212.60;0.0417;KELLY_LITE(mult=1.00 taper=1.00 n=2)+HARD_RISK_CAP(2.0%)+MAXLOSS_CAP;213212.60;213221.12;36;0
2026.08.12 13:26:59;XAUUSD;5;1786537659;PROFIT_RATCHET_LOCKED;floor=3.40 peak=10.08;MANAGE_PROFIT;SAFE;1;0;1;-1;-1;4406.61;8.44;8.44;10.08;-3.24;KELLY_LITE;true;0.04;213212.60;0.0417;KELLY_LITE(mult=1.00 taper=1.00 n=2)+HARD_RISK_CAP(2.0%)+MAXLOSS_CAP;213212.60;213221.04;36;0
2026.08.12 13:26:59;XAUUSD;5;1786537659;PROFIT_RATCHET_LOCKED;floor=3.40 peak=10.08;MANAGE_PROFIT;SAFE;1;0;1;-1;-1;4406.61;8.36;8.36;10.08;-3.24;KELLY_LITE;true;0.04;213212.60;0.0417;KELLY_LITE(mult=1.00 taper=1.00 n=2)+HARD_RISK_CAP(2.0%)+MAXLOSS_CAP;213212.60;213220.96;36;0
2026.08.12 13:27:00;XAUUSD;5;1786537659;PROFIT_RATCHET_LOCKED;floor=3.40 peak=10.08;MANAGE_PROFIT;SAFE;1;0;1;-1;-1;4406.61;8.44;8.44;10.08;-3.24;KELLY_LITE;true;0.04;213212.60;0.0417;KELLY_LITE(mult=1.00 taper=1.00 n=2)+HARD_RISK_CAP(2.0%)+MAXLOSS_CAP;213212.60;213221.04;36;0
2026.08.12 13:27:00;XAUUSD;5;1786537659;PROFIT_RATCHET_LOCKED;floor=3.40 peak=10.08;MANAGE_PROFIT;SAFE;1;0;1;-1;-1;4406.61;8.48;8.48;10.08;-3.24;KELLY_LITE;true;0.04;213212.60;0.0417;KELLY_LITE(mult=1.00 taper=1.00 n=2)+HARD_RISK_CAP(2.0%)+MAXLOSS_CAP;213212.60;213221.08;36;0
2026.08.12 13:27:00;XAUUSD;5;1786537659;PROFIT_RATCHET_LOCKED;floor=3.40 peak=10.08;MANAGE_PROFIT;SAFE;1;0;1;-1;-1;4406.61;8.32;8.32;10.08;-3.24;KELLY_LITE;true;0.04;213212.60;0.0417;KELLY_LITE(mult=1.00 taper=1.00 n=2)+HARD_RISK_CAP(2.0%)+MAXLOSS_CAP;213212.60;213220.92;36;0
2026.08.12 13:27:00;XAUUSD;5;1786537659;PROFIT_RATCHET_LOCKED;floor=3.40 peak=10.08;MANAGE_PROFIT;SAFE;1;0;1;-1;-1;4406.61;8.08;8.08;10.08;-3.24;KELLY_LITE;true;0.04;213212.60;0.0417;KELLY_LITE(mult=1.00 taper=1.00 n=2)+HARD_RISK_CAP(2.0%)+MAXLOSS_CAP;213212.60;213220.68;36;0
2026.08.12 13:27:00;XAUUSD;5;1786537659;PROFIT_RATCHET_LOCKED;floor=3.40 peak=10.08;MANAGE_PROFIT;SAFE;1;0;1;-1;-1;4406.61;8.04;8.04;10.08;-3.24;KELLY_LITE;true;0.04;213212.60;0.0417;KELLY_LITE(mult=1.00 taper=1.00 n=2)+HARD_RISK_CAP(2.0%)+MAXLOSS_CAP;213212.60;213220.64;36;0
2026.08.12 13:27:01;XAUUSD;5;1786537659;PROFIT_RATCHET_LOCKED;floor=3.40 peak=10.08;MANAGE_PROFIT;SAFE;1;0;1;-1;-1;4406.61;8.44;8.44;10.08;-3.24;KELLY_LITE;true;0.04;213212.60;0.0417;KELLY_LITE(mult=1.00 taper=1.00 n=2)+HARD_RISK_CAP(2.0%)+MAXLOSS_CAP;213212.60;213221.04;36;0
2026.08.12 13:27:01;XAUUSD;5;1786537659;PROFIT_RATCHET_LOCKED;floor=3.40 peak=10.08;MANAGE_PROFIT;SAFE;1;0;1;-1;-1;4406.61;8.20;8.20;10.08;-3.24;KELLY_LITE;true;0.04;213212.60;0.0417;KELLY_LITE(mult=1.00 taper=1.00 n=2)+HARD_RISK_CAP(2.0%)+MAXLOSS_CAP;213212.60;213220.80;36;0
2026.08.12 13:27:01;XAUUSD;5;1786537659;PROFIT_RATCHET_LOCKED;floor=3.40 peak=10.08;MANAGE_PROFIT;SAFE;1;0;1;-1;-1;4406.61;8.80;8.80;10.08;-3.24;KELLY_LITE;true;0.04;213212.60;0.0417;KELLY_LITE(mult=1.00 taper=1.00 n=2)+HARD_RISK_CAP(2.0%)+MAXLOSS_CAP;213212.60;213221.40;35;0
2026.08.12 13:27:02;XAUUSD;5;1786537659;PROFIT_RATCHET_LOCKED;floor=3.40 peak=10.08;MANAGE_PROFIT;SAFE;1;0;1;-1;-1;4406.61;9.04;9.04;10.08;-3.24;KELLY_LITE;true;0.04;213212.60;0.0417;KELLY_LITE(mult=1.00 taper=1.00 n=2)+HARD_RISK_CAP(2.0%)+MAXLOSS_CAP;213212.60;213221.64;36;0
2026.08.12 13:27:02;XAUUSD;5;1786537659;PROFIT_RATCHET_LOCKED;floor=3.40 peak=10.08;MANAGE_PROFIT;SAFE;1;0;1;-1;-1;4406.61;9.24;9.24;10.08;-3.24;KELLY_LITE;true;0.04;213212.60;0.0417;KELLY_LITE(mult=1.00 taper=1.00 n=2)+HARD_RISK_CAP(2.0%)+MAXLOSS_CAP;213212.60;213221.84;36;0
2026.08.12 13:27:03;XAUUSD;5;1786537659;PROFIT_RATCHET_LOCKED;floor=3.40 peak=10.08;MANAGE_PROFIT;SAFE;1;0;1;-1;-1;4406.61;8.96;8.96;10.08;-3.24;KELLY_LITE;true;0.04;213212.60;0.0417;KELLY_LITE(mult=1.00 taper=1.00 n=2)+HARD_RISK_CAP(2.0%)+MAXLOSS_CAP;213212.60;213221.56;36;0
2026.08.12 13:27:03;XAUUSD;5;1786537659;PROFIT_RATCHET_LOCKED;floor=3.40 peak=10.08;MANAGE_PROFIT;SAFE;1;0;1;-1;-1;4406.61;8.84;8.84;10.08;-3.24;KELLY_LITE;true;0.04;213212.60;0.0417;KELLY_LITE(mult=1.00 taper=1.00 n=2)+HARD_RISK_CAP(2.0%)+MAXLOSS_CAP;213212.60;213221.44;36;0
2026.08.12 13:27:03;XAUUSD;5;1786537659;PROFIT_RATCHET_LOCKED;floor=3.40 peak=10.08;MANAGE_PROFIT;SAFE;1;0;1;-1;-1;4406.61;8.88;8.88;10.08;-3.24;KELLY_LITE;true;0.04;213212.60;0.0417;KELLY_LITE(mult=1.00 taper=1.00 n=2)+HARD_RISK_CAP(2.0%)+MAXLOSS_CAP;213212.60;213221.48;36;0
2026.08.12 13:27:04;XAUUSD;5;1786537659;SL_MODIFIED;ticket=118994360 oldSL=4408.38 newSL=4408.45 reason=break_even_lock_leg_0;MANAGE_PROFIT;SAFE;1;0;1;-1;-1;4406.61;9.44;9.44;10.08;-3.24;KELLY_LITE;true;0.04;213212.60;0.0417;KELLY_LITE(mult=1.00 taper=1.00 n=2)+HARD_RISK_CAP(2.0%)+MAXLOSS_CAP;213212.60;213222.04;36;0
2026.08.12 13:27:04;XAUUSD;5;1786537659;PROFIT_RATCHET_LOCKED;floor=3.40 peak=10.08;MANAGE_PROFIT;SAFE;1;0;1;-1;-1;4406.61;9.44;9.44;10.08;-3.24;KELLY_LITE;true;0.04;213212.60;0.0417;KELLY_LITE(mult=1.00 taper=1.00 n=2)+HARD_RISK_CAP(2.0%)+MAXLOSS_CAP;213212.60;213222.04;36;0
2026.08.12 13:27:04;XAUUSD;5;1786537659;PROFIT_RATCHET_LOCKED;floor=3.40 peak=10.08;MANAGE_PROFIT;SAFE;1;0;1;-1;-1;4406.61;9.36;9.36;10.08;-3.24;KELLY_LITE;true;0.04;213212.60;0.0417;KELLY_LITE(mult=1.00 taper=1.00 n=2)+HARD_RISK_CAP(2.0%)+MAXLOSS_CAP;213212.60;213221.96;37;0
2026.08.12 13:27:04;XAUUSD;5;1786537659;PROFIT_RATCHET_LOCKED;floor=3.40 peak=10.08;MANAGE_PROFIT;SAFE;1;0;1;-1;-1;4406.61;9.40;9.40;10.08;-3.24;KELLY_LITE;true;0.04;213212.60;0.0417;KELLY_LITE(mult=1.00 taper=1.00 n=2)+HARD_RISK_CAP(2.0%)+MAXLOSS_CAP;213212.60;213222.00;37;0
2026.08.12 13:27:05;XAUUSD;5;1786537659;SL_MODIFIED;ticket=118994360 oldSL=4408.45 newSL=4408.60 reason=break_even_lock_leg_0;MANAGE_PROFIT;SAFE;1;0;1;-1;-1;4406.61;10.16;10.16;10.08;-3.24;KELLY_LITE;true;0.04;213212.60;0.0417;KELLY_LITE(mult=1.00 taper=1.00 n=2)+HARD_RISK_CAP(2.0%)+MAXLOSS_CAP;213212.60;213222.76;37;0
2026.08.12 13:27:05;XAUUSD;5;1786537659;PROFIT_RATCHET_LOCKED;floor=3.40 peak=10.08;MANAGE_PROFIT;SAFE;1;0;1;-1;-1;4406.61;10.16;10.16;10.08;-3.24;KELLY_LITE;true;0.04;213212.60;0.0417;KELLY_LITE(mult=1.00 taper=1.00 n=2)+HARD_RISK_CAP(2.0%)+MAXLOSS_CAP;213212.60;213222.76;37;0
2026.08.12 13:27:06;XAUUSD;5;1786537659;SL_MODIFY_FAILED;ticket=118994360 newSL=4408.63 reason=break_even_lock_leg_0 err=0;MANAGE_PROFIT;SAFE;1;0;1;-1;-1;4406.61;9.80;9.80;10.16;-3.24;KELLY_LITE;true;0.04;213212.60;0.0417;KELLY_LITE(mult=1.00 taper=1.00 n=2)+HARD_RISK_CAP(2.0%)+MAXLOSS_CAP;213212.60;213222.40;37;0
2026.08.12 13:27:06;XAUUSD;5;1786537659;PROFIT_RATCHET_LOCKED;floor=3.43 peak=10.16;MANAGE_PROFIT;SAFE;1;0;1;-1;-1;4406.61;9.80;9.80;10.16;-3.24;KELLY_LITE;true;0.04;213212.60;0.0417;KELLY_LITE(mult=1.00 taper=1.00 n=2)+HARD_RISK_CAP(2.0%)+MAXLOSS_CAP;213212.60;213222.40;37;0
2026.08.12 13:27:06;XAUUSD;5;1786537659;PROFIT_RATCHET_LOCKED;floor=3.43 peak=10.16;MANAGE_PROFIT;SAFE;1;0;1;-1;-1;4406.61;9.80;9.80;10.16;-3.24;KELLY_LITE;true;0.04;213212.60;0.0417;KELLY_LITE(mult=1.00 taper=1.00 n=2)+HARD_RISK_CAP(2.0%)+MAXLOSS_CAP;213212.60;213222.40;37;0
2026.08.12 13:27:06;XAUUSD;5;1786537659;PROFIT_RATCHET_LOCKED;floor=3.43 peak=10.16;MANAGE_PROFIT;SAFE;1;0;1;-1;-1;4406.61;9.44;9.44;10.16;-3.24;KELLY_LITE;true;0.04;213212.60;0.0417;KELLY_LITE(mult=1.00 taper=1.00 n=2)+HARD_RISK_CAP(2.0%)+MAXLOSS_CAP;213212.60;213222.04;37;0
2026.08.12 13:27:06;XAUUSD;5;1786537659;PROFIT_RATCHET_LOCKED;floor=3.43 peak=10.16;MANAGE_PROFIT;SAFE;1;0;1;-1;-1;4406.61;9.12;9.12;10.16;-3.24;KELLY_LITE;true;0.04;213212.60;0.0417;KELLY_LITE(mult=1.00 taper=1.00 n=2)+HARD_RISK_CAP(2.0%)+MAXLOSS_CAP;213212.60;213221.72;37;0
2026.08.12 13:27:06;XAUUSD;5;1786537659;PROFIT_RATCHET_LOCKED;floor=3.43 peak=10.16;MANAGE_PROFIT;SAFE;1;0;1;-1;-1;4406.61;9.04;9.04;10.16;-3.24;KELLY_LITE;true;0.04;213212.60;0.0417;KELLY_LITE(mult=1.00 taper=1.00 n=2)+HARD_RISK_CAP(2.0%)+MAXLOSS_CAP;213212.60;213221.64;37;0
2026.08.12 13:27:07;XAUUSD;5;1786537659;PROFIT_RATCHET_LOCKED;floor=3.43 peak=10.16;MANAGE_PROFIT;SAFE;1;0;1;-1;-1;4406.61;9.80;9.80;10.16;-3.24;KELLY_LITE;true;0.04;213212.60;0.0417;KELLY_LITE(mult=1.00 taper=1.00 n=2)+HARD_RISK_CAP(2.0%)+MAXLOSS_CAP;213212.60;213222.40;37;0
2026.08.12 13:27:07;XAUUSD;5;1786537659;PROFIT_RATCHET_LOCKED;floor=3.50 peak=10.36;MANAGE_PROFIT;SAFE;1;0;1;-1;-1;4406.61;9.92;9.92;10.36;-3.24;KELLY_LITE;true;0.04;213212.60;0.0417;KELLY_LITE(mult=1.00 taper=1.00 n=2)+HARD_RISK_CAP(2.0%)+MAXLOSS_CAP;213212.60;213222.52;37;0
2026.08.12 13:27:07;XAUUSD;5;1786537659;PROFIT_RATCHET_LOCKED;floor=3.50 peak=10.36;MANAGE_PROFIT;SAFE;1;0;1;-1;-1;4406.61;9.92;9.92;10.36;-3.24;KELLY_LITE;true;0.04;213212.60;0.0417;KELLY_LITE(mult=1.00 taper=1.00 n=2)+HARD_RISK_CAP(2.0%)+MAXLOSS_CAP;213212.60;213222.52;37;0
2026.08.12 13:27:08;XAUUSD;5;1786537659;PROFIT_RATCHET_LOCKED;floor=3.50 peak=10.36;MANAGE_PROFIT;SAFE;1;0;1;-1;-1;4406.61;10.00;10.00;10.36;-3.24;KELLY_LITE;true;0.04;213212.60;0.0417;KELLY_LITE(mult=1.00 taper=1.00 n=2)+HARD_RISK_CAP(2.0%)+MAXLOSS_CAP;213212.60;213222.60;37;0
2026.08.12 13:27:08;XAUUSD;5;1786537659;SL_MODIFIED;ticket=118994360 oldSL=4408.60 newSL=4408.69 reason=break_even_lock_leg_0;MANAGE_PROFIT;SAFE;1;0;1;-1;-1;4406.61;10.64;10.64;10.40;-3.24;KELLY_LITE;true;0.04;213212.60;0.0417;KELLY_LITE(mult=1.00 taper=1.00 n=2)+HARD_RISK_CAP(2.0%)+MAXLOSS_CAP;213212.60;213223.24;37;0
2026.08.12 13:27:08;XAUUSD;5;1786537659;PROFIT_RATCHET_LOCKED;floor=3.51 peak=10.40;MANAGE_PROFIT;SAFE;1;0;1;-1;-1;4406.61;10.64;10.64;10.40;-3.24;KELLY_LITE;true;0.04;213212.60;0.0417;KELLY_LITE(mult=1.00 taper=1.00 n=2)+HARD_RISK_CAP(2.0%)+MAXLOSS_CAP;213212.60;213223.24;37;0
2026.08.12 13:27:09;XAUUSD;5;1786537659;PROFIT_RATCHET_LOCKED;floor=3.59 peak=10.64;MANAGE_PROFIT;SAFE;1;0;1;-1;-1;4406.61;10.04;10.04;10.64;-3.24;KELLY_LITE;true;0.04;213212.60;0.0417;KELLY_LITE(mult=1.00 taper=1.00 n=2)+HARD_RISK_CAP(2.0%)+MAXLOSS_CAP;213212.60;213222.64;37;0
2026.08.12 13:27:09;XAUUSD;5;1786537659;PROFIT_RATCHET_LOCKED;floor=3.59 peak=10.64;MANAGE_PROFIT;SAFE;1;0;1;-1;-1;4406.61;10.04;10.04;10.64;-3.24;KELLY_LITE;true;0.04;213212.60;0.0417;KELLY_LITE(mult=1.00 taper=1.00 n=2)+HARD_RISK_CAP(2.0%)+MAXLOSS_CAP;213212.60;213222.64;37;0
2026.08.12 13:27:09;XAUUSD;5;1786537659;PROFIT_RATCHET_LOCKED;floor=3.59 peak=10.64;MANAGE_PROFIT;SAFE;1;0;1;-1;-1;4406.61;10.00;10.00;10.64;-3.24;KELLY_LITE;true;0.04;213212.60;0.0417;KELLY_LITE(mult=1.00 taper=1.00 n=2)+HARD_RISK_CAP(2.0%)+MAXLOSS_CAP;213212.60;213222.60;37;0
2026.08.12 13:27:09;XAUUSD;5;1786537659;PROFIT_RATCHET_LOCKED;floor=3.59 peak=10.64;MANAGE_PROFIT;SAFE;1;0;1;-1;-1;4406.61;10.36;10.36;10.64;-3.24;KELLY_LITE;true;0.04;213212.60;0.0417;KELLY_LITE(mult=1.00 taper=1.00 n=2)+HARD_RISK_CAP(2.0%)+MAXLOSS_CAP;213212.60;213222.96;37;0
2026.08.12 13:27:10;XAUUSD;5;1786537659;PROFIT_RATCHET_LOCKED;floor=3.59 peak=10.64;MANAGE_PROFIT;SAFE;1;0;1;-1;-1;4406.61;10.28;10.28;10.64;-3.24;KELLY_LITE;true;0.04;213212.60;0.0417;KELLY_LITE(mult=1.00 taper=1.00 n=2)+HARD_RISK_CAP(2.0%)+MAXLOSS_CAP;213212.60;213222.88;42;0
2026.08.12 13:27:10;XAUUSD;5;1786537659;PROFIT_RATCHET_LOCKED;floor=3.59 peak=10.64;MANAGE_PROFIT;SAFE;1;0;1;-1;-1;4406.61;9.36;9.36;10.64;-3.24;KELLY_LITE;true;0.04;213212.60;0.0417;KELLY_LITE(mult=1.00 taper=1.00 n=2)+HARD_RISK_CAP(2.0%)+MAXLOSS_CAP;213212.60;213221.96;45;0
2026.08.12 13:27:10;XAUUSD;5;1786537659;PROFIT_RATCHET_LOCKED;floor=3.59 peak=10.64;MANAGE_PROFIT;SAFE;1;0;1;-1;-1;4406.61;8.64;8.64;10.64;-3.24;KELLY_LITE;true;0.04;213212.60;0.0417;KELLY_LITE(mult=1.00 taper=1.00 n=2)+HARD_RISK_CAP(2.0%)+MAXLOSS_CAP;213212.60;213221.24;42;0
2026.08.12 13:27:10;XAUUSD;5;1786537659;PROFIT_RATCHET_LOCKED;floor=3.59 peak=10.64;MANAGE_PROFIT;SAFE;1;0;1;-1;-1;4406.61;9.08;9.08;10.64;-3.24;KELLY_LITE;true;0.04;213212.60;0.0417;KELLY_LITE(mult=1.00 taper=1.00 n=2)+HARD_RISK_CAP(2.0%)+MAXLOSS_CAP;213212.60;213221.68;42;0
2026.08.12 13:27:10;XAUUSD;5;1786537659;PROFIT_RATCHET_LOCKED;floor=3.59 peak=10.64;MANAGE_PROFIT;SAFE;1;0;1;-1;-1;4406.61;8.76;8.76;10.64;-3.24;KELLY_LITE;true;0.04;213212.60;0.0417;KELLY_LITE(mult=1.00 taper=1.00 n=2)+HARD_RISK_CAP(2.0%)+MAXLOSS_CAP;213212.60;213221.36;42;0
2026.08.12 13:27:11;XAUUSD;5;1786537659;PROFIT_RATCHET_LOCKED;floor=3.59 peak=10.64;MANAGE_PROFIT;SAFE;1;0;1;-1;-1;4406.61;8.80;8.80;10.64;-3.24;KELLY_LITE;true;0.04;213212.60;0.0417;KELLY_LITE(mult=1.00 taper=1.00 n=2)+HARD_RISK_CAP(2.0%)+MAXLOSS_CAP;213212.60;213221.40;38;0
2026.08.12 13:27:11;XAUUSD;5;1786537659;RECONCILED_BROKER_CLOSE;ticket=118994360 type=main pnl=8.32;MANAGE_PROFIT;SAFE;0;0;1;-1;-1;4406.61;0.00;0.00;10.64;-3.24;KELLY_LITE;true;0.04;213212.60;0.0417;KELLY_LITE(mult=1.00 taper=1.00 n=2)+HARD_RISK_CAP(2.0%)+MAXLOSS_CAP;213220.92;213220.92;42;0
2026.08.12 13:27:11;XAUUSD;5;1786537659;CYCLE_RESET;oldState=MANAGE_PROFIT realizedPnL=8.32 peak=10.64 worst=-3.24 pyramid=1 consLosses=0;MANAGE_PROFIT;SAFE;0;0;1;-1;-1;4406.61;0.00;0.00;10.64;-3.24;KELLY_LITE;true;0.04;213212.60;0.0417;KELLY_LITE(mult=1.00 taper=1.00 n=2)+HARD_RISK_CAP(2.0%)+MAXLOSS_CAP;213220.92;213220.92;42;0
2026.08.12 13:32:11;XAUUSD;5;1786537659;FILTER_BLOCK_TREND_DISAGREE;TREND_DISAGREE (main=1 fast=-1 rsi=68.4, no extreme);BLOCKED;SAFE;0;0;0;-1;-1;0.00;0.00;0.00;0.00;0.00;KELLY_LITE;true;0.04;213212.60;0.0417;KELLY_LITE(mult=1.00 taper=1.00 n=2)+HARD_RISK_CAP(2.0%)+MAXLOSS_CAP;213220.92;213220.92;48;0
2026.08.12 13:37:11;XAUUSD;5;1786537659;FILTER_BLOCK_ADX_WEAK_MAIN;ADX_WEAK_MAIN (adx=18.9 min=20.0);BLOCKED;SAFE;0;0;0;-1;-1;0.00;0.00;0.00;0.00;0.00;KELLY_LITE;true;0.04;213212.60;0.0417;KELLY_LITE(mult=1.00 taper=1.00 n=2)+HARD_RISK_CAP(2.0%)+MAXLOSS_CAP;213220.92;213220.92;36;0
2026.08.12 13:42:11;XAUUSD;5;1786537659;FILTER_BLOCK_ADX_WEAK_MAIN;ADX_WEAK_MAIN (adx=18.5 min=20.0);BLOCKED;SAFE;0;0;0;-1;-1;0.00;0.00;0.00;0.00;0.00;KELLY_LITE;true;0.04;213212.60;0.0417;KELLY_LITE(mult=1.00 taper=1.00 n=2)+HARD_RISK_CAP(2.0%)+MAXLOSS_CAP;213220.92;213220.92;33;0
2026.08.12 13:47:11;XAUUSD;5;1786537659;FILTER_BLOCK_ADX_WEAK_MAIN;ADX_WEAK_MAIN (adx=17.1 min=20.0);BLOCKED;SAFE;0;0;0;-1;-1;0.00;0.00;0.00;0.00;0.00;KELLY_LITE;true;0.04;213212.60;0.0417;KELLY_LITE(mult=1.00 taper=1.00 n=2)+HARD_RISK_CAP(2.0%)+MAXLOSS_CAP;213220.92;213220.92;36;0
2026.08.12 13:52:11;XAUUSD;5;1786537659;FILTER_BLOCK_ADX_WEAK_MAIN;ADX_WEAK_MAIN (adx=16.6 min=20.0);BLOCKED;SAFE;0;0;0;-1;-1;0.00;0.00;0.00;0.00;0.00;KELLY_LITE;true;0.04;213212.60;0.0417;KELLY_LITE(mult=1.00 taper=1.00 n=2)+HARD_RISK_CAP(2.0%)+MAXLOSS_CAP;213220.92;213220.92;36;0
2026.08.12 13:57:11;XAUUSD;5;1786537659;FILTER_BLOCK_ADX_WEAK_MAIN;ADX_WEAK_MAIN (adx=15.9 min=20.0);BLOCKED;SAFE;0;0;0;-1;-1;0.00;0.00;0.00;0.00;0.00;KELLY_LITE;true;0.04;213212.60;0.0417;KELLY_LITE(mult=1.00 taper=1.00 n=2)+HARD_RISK_CAP(2.0%)+MAXLOSS_CAP;213220.92;213220.92;33;0
2026.08.12 14:02:11;XAUUSD;5;1786537659;FILTER_BLOCK_ADX_WEAK_MAIN;ADX_WEAK_MAIN (adx=16.0 min=20.0);BLOCKED;SAFE;0;0;0;-1;-1;0.00;0.00;0.00;0.00;0.00;KELLY_LITE;true;0.04;213212.60;0.0417;KELLY_LITE(mult=1.00 taper=1.00 n=2)+HARD_RISK_CAP(2.0%)+MAXLOSS_CAP;213220.92;213220.92;36;0
2026.08.12 14:07:11;XAUUSD;5;1786537659;FILTER_BLOCK_ADX_WEAK_MAIN;ADX_WEAK_MAIN (adx=16.9 min=20.0);BLOCKED;SAFE;0;0;0;-1;-1;0.00;0.00;0.00;0.00;0.00;KELLY_LITE;true;0.04;213212.60;0.0417;KELLY_LITE(mult=1.00 taper=1.00 n=2)+HARD_RISK_CAP(2.0%)+MAXLOSS_CAP;213220.92;213220.92;36;0
2026.08.12 14:12:11;XAUUSD;5;1786537659;FILTER_BLOCK_ADX_WEAK_MAIN;ADX_WEAK_MAIN (adx=17.7 min=20.0);BLOCKED;SAFE;0;0;0;-1;-1;0.00;0.00;0.00;0.00;0.00;KELLY_LITE;true;0.04;213212.60;0.0417;KELLY_LITE(mult=1.00 taper=1.00 n=2)+HARD_RISK_CAP(2.0%)+MAXLOSS_CAP;213220.92;213220.92;34;0
2026.08.12 14:17:11;XAUUSD;5;1786537659;FILTER_BLOCK_ADX_WEAK_MAIN;ADX_WEAK_MAIN (adx=16.2 min=20.0);BLOCKED;SAFE;0;0;0;-1;-1;0.00;0.00;0.00;0.00;0.00;KELLY_LITE;true;0.04;213212.60;0.0417;KELLY_LITE(mult=1.00 taper=1.00 n=2)+HARD_RISK_CAP(2.0%)+MAXLOSS_CAP;213220.92;213220.92;36;0
2026.08.12 14:22:11;XAUUSD;5;1786537659;FILTER_BLOCK_ADX_WEAK_MAIN;ADX_WEAK_MAIN (adx=14.9 min=20.0);BLOCKED;SAFE;0;0;0;-1;-1;0.00;0.00;0.00;0.00;0.00;KELLY_LITE;true;0.04;213212.60;0.0417;KELLY_LITE(mult=1.00 taper=1.00 n=2)+HARD_RISK_CAP(2.0%)+MAXLOSS_CAP;213220.92;213220.92;36;0
2026.08.12 14:27:11;XAUUSD;5;1786537659;FILTER_BLOCK_TREND_DISAGREE;TREND_DISAGREE (main=1 fast=-1 rsi=47.4, no extreme);BLOCKED;SAFE;0;0;0;-1;-1;0.00;0.00;0.00;0.00;0.00;KELLY_LITE;true;0.04;213212.60;0.0417;KELLY_LITE(mult=1.00 taper=1.00 n=2)+HARD_RISK_CAP(2.0%)+MAXLOSS_CAP;213220.92;213220.92;36;0
2026.08.12 14:32:11;XAUUSD;5;1786537659;FILTER_BLOCK_TREND_DISAGREE;TREND_DISAGREE (main=1 fast=-1 rsi=48.5, no extreme);BLOCKED;SAFE;0;0;0;-1;-1;0.00;0.00;0.00;0.00;0.00;KELLY_LITE;true;0.04;213212.60;0.0417;KELLY_LITE(mult=1.00 taper=1.00 n=2)+HARD_RISK_CAP(2.0%)+MAXLOSS_CAP;213220.92;213220.92;52;0
2026.08.12 14:37:11;XAUUSD;5;1786537660;PLACE_PENDING_START;cycle=1786537660 trend=1 consecLosses=0 preset=AGGRESSIVE;PLACE_PENDING;SAFE;0;0;0;-1;-1;0.00;0.00;0.00;0.00;0.00;KELLY_LITE;true;0.04;213212.60;0.0417;KELLY_LITE(mult=1.00 taper=1.00 n=2)+HARD_RISK_CAP(2.0%)+MAXLOSS_CAP;213220.92;213220.92;33;0
2026.08.12 14:37:11;XAUUSD;5;1786537660;DIR_OCO_PLACED;dir=BULL ticket=119018244 price=4422.48 sl=4401.54 tp=4453.89 lot=0.04 dist=5.13;PLACE_PENDING;SAFE;0;1;0;119018244;-1;0.00;0.00;0.00;0.00;0.00;KELLY_LITE;true;0.04;213220.92;0.0417;KELLY_LITE(mult=1.00 taper=1.00 n=3)+ATR_VOL(0.50@12.83)+HARD_RISK_CAP(2.0%)+MAXLOSS_CAP;213220.92;213220.92;35;0
2026.08.12 14:37:12;XAUUSD;5;1786537660;DIR_OCO_COUNTER_PLACED;dir=BEAR(counter) ticket=119018249 price=4411.71 lot=0.03;PLACE_PENDING;SAFE;0;2;0;119018244;119018249;0.00;0.00;0.00;0.00;0.00;KELLY_LITE;true;0.04;213220.92;0.0417;KELLY_LITE(mult=1.00 taper=1.00 n=3)+ATR_VOL(0.50@12.83)+HARD_RISK_CAP(2.0%)+MAXLOSS_CAP;213220.92;213220.92;36;0
2026.08.12 14:37:12;XAUUSD;5;1786537660;BUY_STOP_TRAILED;Old=4422.48 New=4421.59;WAIT_TRIGGER;SAFE;0;2;0;119018244;119018249;0.00;0.00;0.00;0.00;0.00;KELLY_LITE;true;0.04;213220.92;0.0417;KELLY_LITE(mult=1.00 taper=1.00 n=3)+ATR_VOL(0.50@12.83)+HARD_RISK_CAP(2.0%)+MAXLOSS_CAP;213220.92;213220.92;33;0
2026.08.12 14:37:16;XAUUSD;5;1786537660;BUY_STOP_TRAILED;Old=4421.59 New=4421.10;WAIT_TRIGGER;SAFE;0;2;0;119018244;119018249;0.00;0.00;0.00;0.00;0.00;KELLY_LITE;true;0.04;213220.92;0.0417;KELLY_LITE(mult=1.00 taper=1.00 n=3)+ATR_VOL(0.50@12.83)+HARD_RISK_CAP(2.0%)+MAXLOSS_CAP;213220.92;213220.92;36;0
2026.08.12 14:37:24;XAUUSD;5;1786537660;BUY_STOP_TRAILED;Old=4421.10 New=4420.73;WAIT_TRIGGER;SAFE;0;2;0;119018244;119018249;0.00;0.00;0.00;0.00;0.00;KELLY_LITE;true;0.04;213220.92;0.0417;KELLY_LITE(mult=1.00 taper=1.00 n=3)+ATR_VOL(0.50@12.83)+HARD_RISK_CAP(2.0%)+MAXLOSS_CAP;213220.92;213220.92;36;0
2026.08.12 14:37:34;XAUUSD;5;1786537660;BUY_STOP_TRAILED;Old=4420.73 New=4420.34;WAIT_TRIGGER;SAFE;0;2;0;119018244;119018249;0.00;0.00;0.00;0.00;0.00;KELLY_LITE;true;0.04;213220.92;0.0417;KELLY_LITE(mult=1.00 taper=1.00 n=3)+ATR_VOL(0.50@12.83)+HARD_RISK_CAP(2.0%)+MAXLOSS_CAP;213220.92;213220.92;36;0
2026.08.12 14:37:42;XAUUSD;5;1786537660;BUY_STOP_TRAILED;Old=4420.34 New=4419.39;WAIT_TRIGGER;SAFE;0;2;0;119018244;119018249;0.00;0.00;0.00;0.00;0.00;KELLY_LITE;true;0.04;213220.92;0.0417;KELLY_LITE(mult=1.00 taper=1.00 n=3)+ATR_VOL(0.50@12.83)+HARD_RISK_CAP(2.0%)+MAXLOSS_CAP;213220.92;213220.92;33;0
2026.08.12 14:37:42;XAUUSD;5;1786537660;BUY_STOP_TRAILED;Old=4419.39 New=4418.99;WAIT_TRIGGER;SAFE;0;2;0;119018244;119018249;0.00;0.00;0.00;0.00;0.00;KELLY_LITE;true;0.04;213220.92;0.0417;KELLY_LITE(mult=1.00 taper=1.00 n=3)+ATR_VOL(0.50@12.83)+HARD_RISK_CAP(2.0%)+MAXLOSS_CAP;213220.92;213220.92;36;0
2026.08.12 14:38:14;XAUUSD;5;1786537660;SELL_STOP_TRAILED;Old=4411.71 New=4412.09;WAIT_TRIGGER;SAFE;0;2;0;119018244;119018249;0.00;0.00;0.00;0.00;0.00;KELLY_LITE;true;0.04;213220.92;0.0417;KELLY_LITE(mult=1.00 taper=1.00 n=3)+ATR_VOL(0.50@12.83)+HARD_RISK_CAP(2.0%)+MAXLOSS_CAP;213220.92;213220.92;36;0
2026.08.12 14:38:14;XAUUSD;5;1786537660;SELL_STOP_TRAILED;Old=4412.09 New=4412.63;WAIT_TRIGGER;SAFE;0;2;0;119018244;119018249;0.00;0.00;0.00;0.00;0.00;KELLY_LITE;true;0.04;213220.92;0.0417;KELLY_LITE(mult=1.00 taper=1.00 n=3)+ATR_VOL(0.50@12.83)+HARD_RISK_CAP(2.0%)+MAXLOSS_CAP;213220.92;213220.92;36;0
2026.08.12 14:38:16;XAUUSD;5;1786537660;SELL_STOP_TRAILED;Old=4412.63 New=4412.95;WAIT_TRIGGER;SAFE;0;2;0;119018244;119018249;0.00;0.00;0.00;0.00;0.00;KELLY_LITE;true;0.04;213220.92;0.0417;KELLY_LITE(mult=1.00 taper=1.00 n=3)+ATR_VOL(0.50@12.83)+HARD_RISK_CAP(2.0%)+MAXLOSS_CAP;213220.92;213220.92;36;0
2026.08.12 14:38:17;XAUUSD;5;1786537660;SELL_STOP_TRAILED;Old=4412.95 New=4413.37;WAIT_TRIGGER;SAFE;0;2;0;119018244;119018249;0.00;0.00;0.00;0.00;0.00;KELLY_LITE;true;0.04;213220.92;0.0417;KELLY_LITE(mult=1.00 taper=1.00 n=3)+ATR_VOL(0.50@12.83)+HARD_RISK_CAP(2.0%)+MAXLOSS_CAP;213220.92;213220.92;33;0
2026.08.12 14:38:17;XAUUSD;5;1786537660;OCO_TRIGGERED_BUY;ticket=119018244 entry=4418.99;POSITION_ACTIVE;SAFE;1;1;0;-1;119018249;0.00;-1.16;-1.16;0.00;0.00;KELLY_LITE;true;0.04;213220.92;0.0417;KELLY_LITE(mult=1.00 taper=1.00 n=3)+ATR_VOL(0.50@12.83)+HARD_RISK_CAP(2.0%)+MAXLOSS_CAP;213220.92;213219.76;36;0
2026.08.12 14:38:18;XAUUSD;5;1786537660;PENDING_DELETED;ticket=119018249 reason=oco_buy_triggered;POSITION_ACTIVE;SAFE;1;0;0;-1;119018249;0.00;-1.16;-1.16;0.00;0.00;KELLY_LITE;true;0.04;213220.92;0.0417;KELLY_LITE(mult=1.00 taper=1.00 n=3)+ATR_VOL(0.50@12.83)+HARD_RISK_CAP(2.0%)+MAXLOSS_CAP;213220.92;213219.76;36;0
2026.08.12 14:38:18;XAUUSD;5;1786537660;HEDGE_PENDING_PLACED;dir=SELL_STOP ticket=119018529 price=4415.70 sl=4418.70 lot=0.05 mainEntry=4418.99 dist=3.00 confirmBars=1;POSITION_ACTIVE;SAFE;1;1;1;-1;-1;4418.99;-3.20;-3.20;0.00;-1.16;KELLY_LITE;true;0.04;213220.92;0.0417;KELLY_LITE(mult=1.00 taper=1.00 n=3)+ATR_VOL(0.50@12.83)+HARD_RISK_CAP(2.0%)+MAXLOSS_CAP;213220.92;213217.72;36;0
2026.08.12 14:38:26;XAUUSD;5;1786537660;EXIT_SOFT_SL_MOMENTUM;profit=-12.92 rsi=46.6 dir=1;MANAGE_PROFIT;SAFE;1;1;1;-1;-1;4418.99;-12.92;-12.92;0.00;-12.92;KELLY_LITE;true;0.04;213220.92;0.0417;KELLY_LITE(mult=1.00 taper=1.00 n=3)+ATR_VOL(0.50@12.83)+HARD_RISK_CAP(2.0%)+MAXLOSS_CAP;213220.92;213208.00;36;0
2026.08.12 14:38:27;XAUUSD;5;1786537660;POSITION_CLOSED;ticket=119018244 reason=soft_sl_momentum lots=0.04 price=4415.76 pnl=-12.92;MANAGE_PROFIT;SAFE;1;0;1;-1;-1;4418.99;4.50;4.50;0.00;-12.92;KELLY_LITE;true;0.04;213220.92;0.0417;KELLY_LITE(mult=1.00 taper=1.00 n=3)+ATR_VOL(0.50@12.83)+HARD_RISK_CAP(2.0%)+MAXLOSS_CAP;213202.96;213207.46;36;0
2026.08.12 14:39:13;XAUUSD;5;1786537660;SL_MODIFIED;ticket=119018529 oldSL=4418.70 newSL=4415.25 reason=break_even_lock_leg_0 (retry buf=3pt);MANAGE_PROFIT;SAFE;1;0;0;-1;-1;4418.99;5.65;5.65;8.05;-12.92;KELLY_LITE;true;0.04;213220.92;0.0417;KELLY_LITE(mult=1.00 taper=1.00 n=3)+ATR_VOL(0.50@12.83)+HARD_RISK_CAP(2.0%)+MAXLOSS_CAP;213202.96;213208.61;36;0
2026.08.12 14:39:13;XAUUSD;5;1786537660;SL_MODIFY_FAILED;ticket=119018529 newSL=4415.16 reason=profit_ratchet_lock_leg_0 err=0;MANAGE_PROFIT;SAFE;1;0;0;-1;-1;4418.99;4.45;4.45;8.05;-12.92;KELLY_LITE;true;0.04;213220.92;0.0417;KELLY_LITE(mult=1.00 taper=1.00 n=3)+ATR_VOL(0.50@12.83)+HARD_RISK_CAP(2.0%)+MAXLOSS_CAP;213202.96;213207.41;36;0
2026.08.12 14:39:13;XAUUSD;5;1786537660;PROFIT_RATCHET_LOCKED;floor=2.72 peak=8.05;MANAGE_PROFIT;SAFE;1;0;0;-1;-1;4418.99;4.45;4.45;8.05;-12.92;KELLY_LITE;true;0.04;213220.92;0.0417;KELLY_LITE(mult=1.00 taper=1.00 n=3)+ATR_VOL(0.50@12.83)+HARD_RISK_CAP(2.0%)+MAXLOSS_CAP;213202.96;213207.41;36;0
2026.08.12 14:39:13;XAUUSD;5;1786537660;EXIT_TIERED_TRAIL;profit=4.45 peak=8.05 allowedRetrace=2.62;MANAGE_PROFIT;SAFE;1;0;0;-1;-1;4418.99;4.45;4.45;8.05;-12.92;KELLY_LITE;true;0.04;213220.92;0.0417;KELLY_LITE(mult=1.00 taper=1.00 n=3)+ATR_VOL(0.50@12.83)+HARD_RISK_CAP(2.0%)+MAXLOSS_CAP;213202.96;213207.41;36;0
2026.08.12 14:39:14;XAUUSD;5;1786537660;POSITION_CLOSED;ticket=119018529 reason=tiered_profit_trail lots=0.05 price=4414.81 pnl=4.45;MANAGE_PROFIT;SAFE;0;0;0;-1;-1;4418.99;0.00;0.00;8.05;-12.92;KELLY_LITE;true;0.04;213220.92;0.0417;KELLY_LITE(mult=1.00 taper=1.00 n=3)+ATR_VOL(0.50@12.83)+HARD_RISK_CAP(2.0%)+MAXLOSS_CAP;213207.51;213207.51;36;0
2026.08.12 14:39:14;XAUUSD;5;1786537660;CYCLE_RESET;oldState=RESET realizedPnL=-13.41 peak=8.05 worst=-12.92 pyramid=0 consLosses=1;RESET;SAFE;0;0;0;-1;-1;4418.99;0.00;0.00;8.05;-12.92;KELLY_LITE;true;0.04;213220.92;0.0417;KELLY_LITE(mult=1.00 taper=1.00 n=3)+ATR_VOL(0.50@12.83)+HARD_RISK_CAP(2.0%)+MAXLOSS_CAP;213207.51;213207.51;36;0
2026.08.12 14:44:14;XAUUSD;5;1786537661;PLACE_PENDING_START;cycle=1786537661 trend=1 consecLosses=1 preset=AGGRESSIVE;PLACE_PENDING;SAFE;0;0;0;-1;-1;0.00;0.00;0.00;0.00;0.00;KELLY_LITE;true;0.04;213220.92;0.0417;KELLY_LITE(mult=1.00 taper=1.00 n=3)+ATR_VOL(0.50@12.83)+HARD_RISK_CAP(2.0%)+MAXLOSS_CAP;213207.51;213207.51;34;0
2026.08.12 14:44:14;XAUUSD;5;1786537661;DIR_OCO_PLACED;dir=BULL ticket=119019962 price=4422.67 sl=4403.13 tp=4451.98 lot=0.04 dist=4.11;PLACE_PENDING;SAFE;0;1;0;119019962;-1;0.00;0.00;0.00;0.00;0.00;KELLY_LITE;true;0.04;213207.51;0.0417;KELLY_LITE(mult=1.00 taper=1.00 n=4)+ATR_VOL(0.50@10.26)+HARD_RISK_CAP(2.0%)+MAXLOSS_CAP;213207.51;213207.51;33;0
2026.08.12 14:44:15;XAUUSD;5;1786537661;DIR_OCO_COUNTER_PLACED;dir=BEAR(counter) ticket=119019965 price=4414.21 lot=0.03;PLACE_PENDING;SAFE;0;2;0;119019962;119019965;0.00;0.00;0.00;0.00;0.00;KELLY_LITE;true;0.04;213207.51;0.0417;KELLY_LITE(mult=1.00 taper=1.00 n=4)+ATR_VOL(0.50@10.26)+HARD_RISK_CAP(2.0%)+MAXLOSS_CAP;213207.51;213207.51;37;0
2026.08.12 14:44:15;XAUUSD;5;1786537661;BUY_STOP_TRAILED;Old=4422.67 New=4421.87;WAIT_TRIGGER;SAFE;0;2;0;119019962;119019965;0.00;0.00;0.00;0.00;0.00;KELLY_LITE;true;0.04;213207.51;0.0417;KELLY_LITE(mult=1.00 taper=1.00 n=4)+ATR_VOL(0.50@10.26)+HARD_RISK_CAP(2.0%)+MAXLOSS_CAP;213207.51;213207.51;35;0
2026.08.12 14:44:21;XAUUSD;5;1786537661;SELL_STOP_TRAILED;Old=4414.21 New=4414.58;WAIT_TRIGGER;SAFE;0;2;0;119019962;119019965;0.00;0.00;0.00;0.00;0.00;KELLY_LITE;true;0.04;213207.51;0.0417;KELLY_LITE(mult=1.00 taper=1.00 n=4)+ATR_VOL(0.50@10.26)+HARD_RISK_CAP(2.0%)+MAXLOSS_CAP;213207.51;213207.51;37;0
2026.08.12 14:44:22;XAUUSD;5;1786537661;SELL_STOP_TRAILED;Old=4414.58 New=4415.24;WAIT_TRIGGER;SAFE;0;2;0;119019962;119019965;0.00;0.00;0.00;0.00;0.00;KELLY_LITE;true;0.04;213207.51;0.0417;KELLY_LITE(mult=1.00 taper=1.00 n=4)+ATR_VOL(0.50@10.26)+HARD_RISK_CAP(2.0%)+MAXLOSS_CAP;213207.51;213207.51;33;0
2026.08.12 14:44:26;XAUUSD;5;1786537661;BUY_STOP_TRAILED;Old=4421.87 New=4420.55;WAIT_TRIGGER;SAFE;0;2;0;119019962;119019965;0.00;0.00;0.00;0.00;0.00;KELLY_LITE;true;0.04;213207.51;0.0417;KELLY_LITE(mult=1.00 taper=1.00 n=4)+ATR_VOL(0.50@10.26)+HARD_RISK_CAP(2.0%)+MAXLOSS_CAP;213207.51;213207.51;33;0
2026.08.12 14:44:27;XAUUSD;5;1786537661;BUY_STOP_TRAILED;Old=4420.55 New=4419.96;WAIT_TRIGGER;SAFE;0;2;0;119019962;119019965;0.00;0.00;0.00;0.00;0.00;KELLY_LITE;true;0.04;213207.51;0.0417;KELLY_LITE(mult=1.00 taper=1.00 n=4)+ATR_VOL(0.50@10.26)+HARD_RISK_CAP(2.0%)+MAXLOSS_CAP;213207.51;213207.51;37;0
2026.08.12 14:44:28;XAUUSD;5;1786537661;BUY_STOP_TRAILED;Old=4419.96 New=4419.58;WAIT_TRIGGER;SAFE;1;1;0;119019962;119019965;0.00;-0.78;-0.78;0.00;0.00;KELLY_LITE;true;0.04;213207.51;0.0417;KELLY_LITE(mult=1.00 taper=1.00 n=4)+ATR_VOL(0.50@10.26)+HARD_RISK_CAP(2.0%)+MAXLOSS_CAP;213207.51;213206.73;33;0
2026.08.12 14:44:28;XAUUSD;5;1786537661;OCO_TRIGGERED_SELL;ticket=119019965 entry=4415.24;POSITION_ACTIVE;SAFE;1;1;0;119019962;-1;0.00;-0.78;-0.78;0.00;0.00;KELLY_LITE;true;0.04;213207.51;0.0417;KELLY_LITE(mult=1.00 taper=1.00 n=4)+ATR_VOL(0.50@10.26)+HARD_RISK_CAP(2.0%)+MAXLOSS_CAP;213207.51;213206.73;33;0
2026.08.12 14:44:28;XAUUSD;5;1786537661;PENDING_DELETED;ticket=119019962 reason=oco_sell_triggered;POSITION_ACTIVE;SAFE;1;0;0;119019962;-1;0.00;-1.59;-1.59;0.00;0.00;KELLY_LITE;true;0.04;213207.51;0.0417;KELLY_LITE(mult=1.00 taper=1.00 n=4)+ATR_VOL(0.50@10.26)+HARD_RISK_CAP(2.0%)+MAXLOSS_CAP;213207.51;213205.92;36;0
2026.08.12 14:44:28;XAUUSD;5;1786537661;HEDGE_BLOCK_CONFIRM;need=1 adverse bars;POSITION_ACTIVE;SAFE;1;0;1;-1;-1;4415.24;-1.59;-1.59;0.00;-1.59;KELLY_LITE;true;0.04;213207.51;0.0417;KELLY_LITE(mult=1.00 taper=1.00 n=4)+ATR_VOL(0.50@10.26)+HARD_RISK_CAP(2.0%)+MAXLOSS_CAP;213207.51;213205.92;36;0
2026.08.12 14:44:58;XAUUSD;5;1786537661;HEDGE_BLOCK_CONFIRM;need=1 adverse bars;MANAGE_PROFIT;SAFE;1;0;1;-1;-1;4415.24;-1.74;-1.74;4.92;-3.36;KELLY_LITE;true;0.04;213207.51;0.0417;KELLY_LITE(mult=1.00 taper=1.00 n=4)+ATR_VOL(0.50@10.26)+HARD_RISK_CAP(2.0%)+MAXLOSS_CAP;213207.51;213205.77;35;0
2026.08.12 14:45:00;XAUUSD;5;1786537661;HEDGE_PENDING_PLACED;dir=BUY_STOP ticket=119020149 price=4419.84 sl=4416.84 lot=0.05 mainEntry=4415.24 dist=3.00 confirmBars=1;MANAGE_PROFIT;SAFE;1;1;1;-1;-1;4415.24;-5.46;-5.46;4.92;-4.95;KELLY_LITE;true;0.04;213207.51;0.0417;KELLY_LITE(mult=1.00 taper=1.00 n=4)+ATR_VOL(0.50@10.26)+HARD_RISK_CAP(2.0%)+MAXLOSS_CAP;213207.51;213202.05;36;0
2026.08.12 14:45:48;XAUUSD;5;1786537661;EXIT_SOFT_SL_MOMENTUM;profit=-12.27 rsi=50.2 dir=-1;MANAGE_PROFIT;SAFE;1;1;1;-1;-1;4415.24;-12.27;-12.27;4.92;-12.27;KELLY_LITE;true;0.04;213207.51;0.0417;KELLY_LITE(mult=1.00 taper=1.00 n=4)+ATR_VOL(0.50@10.26)+HARD_RISK_CAP(2.0%)+MAXLOSS_CAP;213207.51;213195.24;36;0
2026.08.12 14:45:49;XAUUSD;5;1786537661;POSITION_CLOSED;ticket=119019965 reason=soft_sl_momentum lots=0.03 price=4419.33 pnl=-12.27;MANAGE_PROFIT;SAFE;0;1;1;-1;-1;4415.24;0.00;0.00;4.92;-12.27;KELLY_LITE;true;0.04;213207.51;0.0417;KELLY_LITE(mult=1.00 taper=1.00 n=4)+ATR_VOL(0.50@10.26)+HARD_RISK_CAP(2.0%)+MAXLOSS_CAP;213195.18;213195.18;36;0
2026.08.12 14:45:50;XAUUSD;5;1786537661;PENDING_DELETED;ticket=119020149 reason=close_all_hedge;MANAGE_PROFIT;SAFE;0;0;0;-1;-1;4415.24;0.00;0.00;4.92;-12.27;KELLY_LITE;true;0.04;213207.51;0.0417;KELLY_LITE(mult=1.00 taper=1.00 n=4)+ATR_VOL(0.50@10.26)+HARD_RISK_CAP(2.0%)+MAXLOSS_CAP;213195.18;213195.18;36;0
2026.08.12 14:45:50;XAUUSD;5;1786537661;CYCLE_RESET;oldState=RESET realizedPnL=-12.33 peak=4.92 worst=-12.27 pyramid=0 consLosses=2;RESET;SAFE;0;0;0;-1;-1;4415.24;0.00;0.00;4.92;-12.27;KELLY_LITE;true;0.04;213207.51;0.0417;KELLY_LITE(mult=1.00 taper=1.00 n=4)+ATR_VOL(0.50@10.26)+HARD_RISK_CAP(2.0%)+MAXLOSS_CAP;213195.18;213195.18;36;0
2026.08.12 14:50:50;XAUUSD;5;1786537661;FILTER_BLOCK_TREND_DISAGREE;TREND_DISAGREE (main=1 fast=-1 rsi=57.0, no extreme);BLOCKED;SAFE;0;0;0;-1;-1;0.00;0.00;0.00;0.00;0.00;KELLY_LITE;true;0.04;213207.51;0.0417;KELLY_LITE(mult=1.00 taper=1.00 n=4)+ATR_VOL(0.50@10.26)+HARD_RISK_CAP(2.0%)+MAXLOSS_CAP;213195.18;213195.18;36;0
2026.08.12 14:55:50;XAUUSD;5;1786537662;PLACE_PENDING_START;cycle=1786537662 trend=1 consecLosses=2 preset=AGGRESSIVE;PLACE_PENDING;SAFE;0;0;0;-1;-1;0.00;0.00;0.00;0.00;0.00;KELLY_LITE;true;0.04;213207.51;0.0417;KELLY_LITE(mult=1.00 taper=1.00 n=4)+ATR_VOL(0.50@10.26)+HARD_RISK_CAP(2.0%)+MAXLOSS_CAP;213195.18;213195.18;36;0
2026.08.12 14:55:50;XAUUSD;5;1786537662;DIR_OCO_PLACED;dir=BULL ticket=119022672 price=4434.39 sl=4419.39 tp=4456.89 lot=0.04 dist=3.59;PLACE_PENDING;SAFE;0;1;0;119022672;-1;0.00;0.00;0.00;0.00;0.00;KELLY_LITE;true;0.04;213195.18;0.0417;KELLY_LITE(mult=1.05 taper=1.00 n=5)+CONSEC_REDUCE(0.50)+ATR_VOL(0.75@8.99)+HARD_RISK_CAP(2.0%)+MAXLOSS_CAP;213195.18;213195.18;36;0
2026.08.12 14:55:51;XAUUSD;5;1786537662;DIR_OCO_COUNTER_PLACED;dir=BEAR(counter) ticket=119022673 price=4426.89 lot=0.03;PLACE_PENDING;SAFE;0;2;0;119022672;119022673;0.00;0.00;0.00;0.00;0.00;KELLY_LITE;true;0.04;213195.18;0.0417;KELLY_LITE(mult=1.05 taper=1.00 n=5)+CONSEC_REDUCE(0.50)+ATR_VOL(0.75@8.99)+HARD_RISK_CAP(2.0%)+MAXLOSS_CAP;213195.18;213195.18;36;0
2026.08.12 14:56:03;XAUUSD;5;1786537662;SELL_STOP_TRAILED;Old=4426.89 New=4427.35;WAIT_TRIGGER;SAFE;0;2;0;119022672;119022673;0.00;0.00;0.00;0.00;0.00;KELLY_LITE;true;0.04;213195.18;0.0417;KELLY_LITE(mult=1.05 taper=1.00 n=5)+CONSEC_REDUCE(0.50)+ATR_VOL(0.75@8.99)+HARD_RISK_CAP(2.0%)+MAXLOSS_CAP;213195.18;213195.18;33;0
2026.08.12 14:56:05;XAUUSD;5;1786537662;SELL_STOP_TRAILED;Old=4427.35 New=4427.68;WAIT_TRIGGER;SAFE;0;2;0;119022672;119022673;0.00;0.00;0.00;0.00;0.00;KELLY_LITE;true;0.04;213195.18;0.0417;KELLY_LITE(mult=1.05 taper=1.00 n=5)+CONSEC_REDUCE(0.50)+ATR_VOL(0.75@8.99)+HARD_RISK_CAP(2.0%)+MAXLOSS_CAP;213195.18;213195.18;37;0
2026.08.12 14:56:05;XAUUSD;5;1786537662;SELL_STOP_TRAILED;Old=4427.68 New=4428.15;WAIT_TRIGGER;SAFE;0;2;0;119022672;119022673;0.00;0.00;0.00;0.00;0.00;KELLY_LITE;true;0.04;213195.18;0.0417;KELLY_LITE(mult=1.05 taper=1.00 n=5)+CONSEC_REDUCE(0.50)+ATR_VOL(0.75@8.99)+HARD_RISK_CAP(2.0%)+MAXLOSS_CAP;213195.18;213195.18;33;0
2026.08.12 14:56:07;XAUUSD;5;1786537662;SELL_STOP_TRAILED;Old=4428.15 New=4428.49;WAIT_TRIGGER;SAFE;0;2;0;119022672;119022673;0.00;0.00;0.00;0.00;0.00;KELLY_LITE;true;0.04;213195.18;0.0417;KELLY_LITE(mult=1.05 taper=1.00 n=5)+CONSEC_REDUCE(0.50)+ATR_VOL(0.75@8.99)+HARD_RISK_CAP(2.0%)+MAXLOSS_CAP;213195.18;213195.18;36;0
2026.08.12 14:56:10;XAUUSD;5;1786537662;SELL_STOP_TRAILED;Old=4428.49 New=4428.82;WAIT_TRIGGER;SAFE;0;2;0;119022672;119022673;0.00;0.00;0.00;0.00;0.00;KELLY_LITE;true;0.04;213195.18;0.0417;KELLY_LITE(mult=1.05 taper=1.00 n=5)+CONSEC_REDUCE(0.50)+ATR_VOL(0.75@8.99)+HARD_RISK_CAP(2.0%)+MAXLOSS_CAP;213195.18;213195.18;36;0
2026.08.12 14:56:16;XAUUSD;5;1786537662;BUY_STOP_TRAILED;Old=4434.39 New=4433.95;WAIT_TRIGGER;SAFE;0;2;0;119022672;119022673;0.00;0.00;0.00;0.00;0.00;KELLY_LITE;true;0.04;213195.18;0.0417;KELLY_LITE(mult=1.05 taper=1.00 n=5)+CONSEC_REDUCE(0.50)+ATR_VOL(0.75@8.99)+HARD_RISK_CAP(2.0%)+MAXLOSS_CAP;213195.18;213195.18;36;0
2026.08.12 14:56:21;XAUUSD;5;1786537662;BUY_STOP_TRAILED;Old=4433.95 New=4433.55;WAIT_TRIGGER;SAFE;0;2;0;119022672;119022673;0.00;0.00;0.00;0.00;0.00;KELLY_LITE;true;0.04;213195.18;0.0417;KELLY_LITE(mult=1.05 taper=1.00 n=5)+CONSEC_REDUCE(0.50)+ATR_VOL(0.75@8.99)+HARD_RISK_CAP(2.0%)+MAXLOSS_CAP;213195.18;213195.18;36;0
2026.08.12 14:56:39;XAUUSD;5;1786537662;BUY_STOP_TRAILED;Old=4433.55 New=4433.12;WAIT_TRIGGER;SAFE;0;2;0;119022672;119022673;0.00;0.00;0.00;0.00;0.00;KELLY_LITE;true;0.04;213195.18;0.0417;KELLY_LITE(mult=1.05 taper=1.00 n=5)+CONSEC_REDUCE(0.50)+ATR_VOL(0.75@8.99)+HARD_RISK_CAP(2.0%)+MAXLOSS_CAP;213195.18;213195.18;37;0
2026.08.12 14:56:40;XAUUSD;5;1786537662;BUY_STOP_TRAILED;Old=4433.12 New=4432.70;WAIT_TRIGGER;SAFE;1;1;0;119022672;119022673;0.00;-1.44;-1.44;0.00;0.00;KELLY_LITE;true;0.04;213195.18;0.0417;KELLY_LITE(mult=1.05 taper=1.00 n=5)+CONSEC_REDUCE(0.50)+ATR_VOL(0.75@8.99)+HARD_RISK_CAP(2.0%)+MAXLOSS_CAP;213195.18;213193.74;36;0
2026.08.12 14:56:40;XAUUSD;5;1786537662;OCO_TRIGGERED_SELL;ticket=119022673 entry=4428.82;POSITION_ACTIVE;SAFE;1;1;0;119022672;-1;0.00;-1.44;-1.44;0.00;0.00;KELLY_LITE;true;0.04;213195.18;0.0417;KELLY_LITE(mult=1.05 taper=1.00 n=5)+CONSEC_REDUCE(0.50)+ATR_VOL(0.75@8.99)+HARD_RISK_CAP(2.0%)+MAXLOSS_CAP;213195.18;213193.74;36;0
2026.08.12 14:56:41;XAUUSD;5;1786537662;PENDING_DELETED;ticket=119022672 reason=oco_sell_triggered;POSITION_ACTIVE;SAFE;1;0;0;119022672;-1;0.00;-0.78;-0.78;0.00;0.00;KELLY_LITE;true;0.04;213195.18;0.0417;KELLY_LITE(mult=1.05 taper=1.00 n=5)+CONSEC_REDUCE(0.50)+ATR_VOL(0.75@8.99)+HARD_RISK_CAP(2.0%)+MAXLOSS_CAP;213195.18;213194.40;36;0
2026.08.12 14:56:41;XAUUSD;5;1786537662;HEDGE_PENDING_PLACED;dir=BUY_STOP ticket=119022818 price=4432.08 sl=4429.08 lot=0.05 mainEntry=4428.82 dist=3.00 confirmBars=1;POSITION_ACTIVE;SAFE;1;1;1;-1;-1;4428.82;-0.87;-0.87;0.00;-0.78;KELLY_LITE;true;0.04;213195.18;0.0417;KELLY_LITE(mult=1.05 taper=1.00 n=5)+CONSEC_REDUCE(0.50)+ATR_VOL(0.75@8.99)+HARD_RISK_CAP(2.0%)+MAXLOSS_CAP;213195.18;213194.31;36;0
2026.08.12 14:59:04;XAUUSD;5;1786537662;EXIT_SOFT_SL_MOMENTUM;profit=-12.79 rsi=59.1 dir=-1;MANAGE_PROFIT;SAFE;2;0;1;-1;-1;4428.82;-12.79;-4.75;0.21;-12.79;KELLY_LITE;true;0.04;213195.18;0.0417;KELLY_LITE(mult=1.05 taper=1.00 n=5)+CONSEC_REDUCE(0.50)+ATR_VOL(0.75@8.99)+HARD_RISK_CAP(2.0%)+MAXLOSS_CAP;213195.18;213182.39;37;0
2026.08.12 14:59:04;XAUUSD;5;1786537662;POSITION_CLOSED;ticket=119022818 reason=soft_sl_momentum lots=0.05 price=4431.13 pnl=-4.75;MANAGE_PROFIT;SAFE;1;0;1;-1;-1;4428.82;-8.61;-8.61;0.21;-12.79;KELLY_LITE;true;0.04;213195.18;0.0417;KELLY_LITE(mult=1.05 taper=1.00 n=5)+CONSEC_REDUCE(0.50)+ATR_VOL(0.75@8.99)+HARD_RISK_CAP(2.0%)+MAXLOSS_CAP;213191.38;213182.77;37;0
2026.08.12 14:59:05;XAUUSD;5;1786537662;POSITION_CLOSED;ticket=119022673 reason=soft_sl_momentum lots=0.03 price=4431.69 pnl=-8.61;MANAGE_PROFIT;SAFE;0;0;1;-1;-1;4428.82;0.00;0.00;0.21;-12.79;KELLY_LITE;true;0.04;213195.18;0.0417;KELLY_LITE(mult=1.05 taper=1.00 n=5)+CONSEC_REDUCE(0.50)+ATR_VOL(0.75@8.99)+HARD_RISK_CAP(2.0%)+MAXLOSS_CAP;213182.98;213182.98;36;0
2026.08.12 14:59:05;XAUUSD;5;1786537662;CONSECUTIVE_LOSS_PAUSE;losses=3 pauseUntil=2026.08.12 15:14:05;RESET;SAFE;0;0;0;-1;-1;4428.82;0.00;0.00;0.21;-12.79;KELLY_LITE;true;0.04;213195.18;0.0417;KELLY_LITE(mult=1.05 taper=1.00 n=5)+CONSEC_REDUCE(0.50)+ATR_VOL(0.75@8.99)+HARD_RISK_CAP(2.0%)+MAXLOSS_CAP;213182.98;213182.98;36;0
2026.08.12 14:59:05;XAUUSD;5;1786537662;CYCLE_RESET;oldState=RESET realizedPnL=-12.20 peak=0.21 worst=-12.79 pyramid=0 consLosses=3;RESET;SAFE;0;0;0;-1;-1;4428.82;0.00;0.00;0.21;-12.79;KELLY_LITE;true;0.04;213195.18;0.0417;KELLY_LITE(mult=1.05 taper=1.00 n=5)+CONSEC_REDUCE(0.50)+ATR_VOL(0.75@8.99)+HARD_RISK_CAP(2.0%)+MAXLOSS_CAP;213182.98;213182.98;36;0
2026.08.12 15:14:05;XAUUSD;5;1786537662;FILTER_BLOCK_ADX_WEAK_MAIN;ADX_WEAK_MAIN (adx=20.1 min=23.0 [streak=3]);BLOCKED;SAFE;0;0;0;-1;-1;0.00;0.00;0.00;0.00;0.00;KELLY_LITE;true;0.04;213195.18;0.0417;KELLY_LITE(mult=1.05 taper=1.00 n=5)+CONSEC_REDUCE(0.50)+ATR_VOL(0.75@8.99)+HARD_RISK_CAP(2.0%)+MAXLOSS_CAP;213182.98;213182.98;36;0
2026.08.12 15:19:05;XAUUSD;5;1786537662;FILTER_BLOCK_ADX_WEAK_MAIN;ADX_WEAK_MAIN (adx=20.3 min=23.0 [streak=3]);BLOCKED;SAFE;0;0;0;-1;-1;0.00;0.00;0.00;0.00;0.00;KELLY_LITE;true;0.04;213195.18;0.0417;KELLY_LITE(mult=1.05 taper=1.00 n=5)+CONSEC_REDUCE(0.50)+ATR_VOL(0.75@8.99)+HARD_RISK_CAP(2.0%)+MAXLOSS_CAP;213182.98;213182.98;36;0
2026.08.12 15:24:05;XAUUSD;5;1786537662;FILTER_BLOCK_ADX_WEAK_MAIN;ADX_WEAK_MAIN (adx=21.6 min=23.0 [streak=3]);BLOCKED;SAFE;0;0;0;-1;-1;0.00;0.00;0.00;0.00;0.00;KELLY_LITE;true;0.04;213195.18;0.0417;KELLY_LITE(mult=1.05 taper=1.00 n=5)+CONSEC_REDUCE(0.50)+ATR_VOL(0.75@8.99)+HARD_RISK_CAP(2.0%)+MAXLOSS_CAP;213182.98;213182.98;33;0
2026.08.12 15:29:05;XAUUSD;5;1786537663;PLACE_PENDING_START;cycle=1786537663 trend=1 consecLosses=3 preset=AGGRESSIVE;PLACE_PENDING;SAFE;0;0;0;-1;-1;0.00;0.00;0.00;0.00;0.00;KELLY_LITE;true;0.04;213195.18;0.0417;KELLY_LITE(mult=1.05 taper=1.00 n=5)+CONSEC_REDUCE(0.50)+ATR_VOL(0.75@8.99)+HARD_RISK_CAP(2.0%)+MAXLOSS_CAP;213182.98;213182.98;36;0
2026.08.12 15:29:05;XAUUSD;5;1786537663;DIR_OCO_PLACED;dir=BULL ticket=119028127 price=4437.17 sl=4422.17 tp=4459.67 lot=0.04 dist=3.08;PLACE_PENDING;SAFE;0;1;0;119028127;-1;0.00;0.00;0.00;0.00;0.00;KELLY_LITE;true;0.04;213182.98;0.0417;KELLY_LITE(mult=1.00 taper=1.00 n=6)+CONSEC_REDUCE(0.50)+HARD_RISK_CAP(2.0%)+MAXLOSS_CAP;213182.98;213182.98;36;0
2026.08.12 15:29:06;XAUUSD;5;1786537663;DIR_OCO_COUNTER_PLACED;dir=BEAR(counter) ticket=119028130 price=4430.55 lot=0.03;PLACE_PENDING;SAFE;0;2;0;119028127;119028130;0.00;0.00;0.00;0.00;0.00;KELLY_LITE;true;0.04;213182.98;0.0417;KELLY_LITE(mult=1.00 taper=1.00 n=6)+CONSEC_REDUCE(0.50)+HARD_RISK_CAP(2.0%)+MAXLOSS_CAP;213182.98;213182.98;36;0
2026.08.12 15:29:07;XAUUSD;5;1786537663;SELL_STOP_TRAILED;Old=4430.55 New=4431.08;WAIT_TRIGGER;SAFE;0;2;0;119028127;119028130;0.00;0.00;0.00;0.00;0.00;KELLY_LITE;true;0.04;213182.98;0.0417;KELLY_LITE(mult=1.00 taper=1.00 n=6)+CONSEC_REDUCE(0.50)+HARD_RISK_CAP(2.0%)+MAXLOSS_CAP;213182.98;213182.98;35;0
2026.08.12 15:29:19;XAUUSD;5;1786537663;BUY_STOP_TRAILED;Old=4437.17 New=4436.72;WAIT_TRIGGER;SAFE;0;2;0;119028127;119028130;0.00;0.00;0.00;0.00;0.00;KELLY_LITE;true;0.04;213182.98;0.0417;KELLY_LITE(mult=1.00 taper=1.00 n=6)+CONSEC_REDUCE(0.50)+HARD_RISK_CAP(2.0%)+MAXLOSS_CAP;213182.98;213182.98;36;0
2026.08.12 15:29:24;XAUUSD;5;1786537663;BUY_STOP_TRAILED;Old=4436.72 New=4436.39;WAIT_TRIGGER;SAFE;0;2;0;119028127;119028130;0.00;0.00;0.00;0.00;0.00;KELLY_LITE;true;0.04;213182.98;0.0417;KELLY_LITE(mult=1.00 taper=1.00 n=6)+CONSEC_REDUCE(0.50)+HARD_RISK_CAP(2.0%)+MAXLOSS_CAP;213182.98;213182.98;36;0
2026.08.12 15:29:25;XAUUSD;5;1786537663;BUY_STOP_TRAILED;Old=4436.39 New=4435.95;WAIT_TRIGGER;SAFE;0;2;0;119028127;119028130;0.00;0.00;0.00;0.00;0.00;KELLY_LITE;true;0.04;213182.98;0.0417;KELLY_LITE(mult=1.00 taper=1.00 n=6)+CONSEC_REDUCE(0.50)+HARD_RISK_CAP(2.0%)+MAXLOSS_CAP;213182.98;213182.98;36;0
2026.08.12 15:29:30;XAUUSD;5;1786537663;BUY_STOP_TRAILED;Old=4435.95 New=4435.61;WAIT_TRIGGER;SAFE;0;2;0;119028127;119028130;0.00;0.00;0.00;0.00;0.00;KELLY_LITE;true;0.04;213182.98;0.0417;KELLY_LITE(mult=1.00 taper=1.00 n=6)+CONSEC_REDUCE(0.50)+HARD_RISK_CAP(2.0%)+MAXLOSS_CAP;213182.98;213182.98;36;0
2026.08.12 15:29:32;XAUUSD;5;1786537663;BUY_STOP_TRAILED;Old=4435.61 New=4435.30;WAIT_TRIGGER;SAFE;0;2;0;119028127;119028130;0.00;0.00;0.00;0.00;0.00;KELLY_LITE;true;0.04;213182.98;0.0417;KELLY_LITE(mult=1.00 taper=1.00 n=6)+CONSEC_REDUCE(0.50)+HARD_RISK_CAP(2.0%)+MAXLOSS_CAP;213182.98;213182.98;33;0
2026.08.12 15:29:33;XAUUSD;5;1786537663;BUY_STOP_TRAILED;Old=4435.30 New=4434.95;WAIT_TRIGGER;SAFE;0;2;0;119028127;119028130;0.00;0.00;0.00;0.00;0.00;KELLY_LITE;true;0.04;213182.98;0.0417;KELLY_LITE(mult=1.00 taper=1.00 n=6)+CONSEC_REDUCE(0.50)+HARD_RISK_CAP(2.0%)+MAXLOSS_CAP;213182.98;213182.98;37;0
2026.08.12 15:29:44;XAUUSD;5;1786537663;BUY_STOP_TRAILED;Old=4434.95 New=4434.62;WAIT_TRIGGER;SAFE;1;1;0;119028127;119028130;0.00;0.09;-0.99;0.00;0.00;KELLY_LITE;true;0.04;213182.98;0.0417;KELLY_LITE(mult=1.00 taper=1.00 n=6)+CONSEC_REDUCE(0.50)+HARD_RISK_CAP(2.0%)+MAXLOSS_CAP;213182.98;213183.07;36;0
2026.08.12 15:29:44;XAUUSD;5;1786537663;OCO_TRIGGERED_SELL;ticket=119028130 entry=4431.08;POSITION_ACTIVE;SAFE;1;1;0;119028127;-1;0.00;0.09;-0.99;0.00;0.00;KELLY_LITE;true;0.04;213182.98;0.0417;KELLY_LITE(mult=1.00 taper=1.00 n=6)+CONSEC_REDUCE(0.50)+HARD_RISK_CAP(2.0%)+MAXLOSS_CAP;213182.98;213183.07;36;0
2026.08.12 15:29:45;XAUUSD;5;1786537663;PENDING_DELETED;ticket=119028127 reason=oco_sell_triggered;POSITION_ACTIVE;SAFE;1;0;0;119028127;-1;0.00;-0.90;-0.90;0.00;0.00;KELLY_LITE;true;0.04;213182.98;0.0417;KELLY_LITE(mult=1.00 taper=1.00 n=6)+CONSEC_REDUCE(0.50)+HARD_RISK_CAP(2.0%)+MAXLOSS_CAP;213182.98;213182.08;36;0
2026.08.12 15:29:45;XAUUSD;5;1786537663;HEDGE_PENDING_PLACED;dir=BUY_STOP ticket=119028262 price=4434.38 sl=4431.38 lot=0.05 mainEntry=4431.08 dist=3.00 confirmBars=1;POSITION_ACTIVE;SAFE;1;1;1;-1;-1;4431.08;-0.75;-0.75;0.00;-0.90;KELLY_LITE;true;0.04;213182.98;0.0417;KELLY_LITE(mult=1.00 taper=1.00 n=6)+CONSEC_REDUCE(0.50)+HARD_RISK_CAP(2.0%)+MAXLOSS_CAP;213182.98;213182.23;36;0
2026.08.12 15:30:09;XAUUSD;5;1786537663;EXIT_SOFT_SL_MOMENTUM;profit=-12.16 rsi=58.5 dir=-1;MANAGE_PROFIT;SAFE;2;0;1;-1;-1;4431.08;-12.16;-2.95;1.32;-12.16;KELLY_LITE;true;0.04;213182.98;0.0417;KELLY_LITE(mult=1.00 taper=1.00 n=6)+CONSEC_REDUCE(0.50)+HARD_RISK_CAP(2.0%)+MAXLOSS_CAP;213182.98;213170.82;36;0
2026.08.12 15:30:09;XAUUSD;5;1786537663;POSITION_CLOSED;ticket=119028262 reason=soft_sl_momentum lots=0.05 price=4433.79 pnl=-2.95;MANAGE_PROFIT;SAFE;1;0;1;-1;-1;4431.08;-10.17;-10.17;1.32;-12.16;KELLY_LITE;true;0.04;213182.98;0.0417;KELLY_LITE(mult=1.00 taper=1.00 n=6)+CONSEC_REDUCE(0.50)+HARD_RISK_CAP(2.0%)+MAXLOSS_CAP;213181.63;213171.46;36;0
2026.08.12 15:30:10;XAUUSD;5;1786537663;POSITION_CLOSED;ticket=119028130 reason=soft_sl_momentum lots=0.03 price=4434.47 pnl=-10.17;MANAGE_PROFIT;SAFE;0;0;1;-1;-1;4431.08;0.00;0.00;1.32;-12.16;KELLY_LITE;true;0.04;213182.98;0.0417;KELLY_LITE(mult=1.00 taper=1.00 n=6)+CONSEC_REDUCE(0.50)+HARD_RISK_CAP(2.0%)+MAXLOSS_CAP;213171.07;213171.07;36;0
2026.08.12 15:30:10;XAUUSD;5;1786537663;CONSECUTIVE_LOSS_PAUSE;losses=4 pauseUntil=2026.08.12 15:45:10;RESET;SAFE;0;0;0;-1;-1;4431.08;0.00;0.00;1.32;-12.16;KELLY_LITE;true;0.04;213182.98;0.0417;KELLY_LITE(mult=1.00 taper=1.00 n=6)+CONSEC_REDUCE(0.50)+HARD_RISK_CAP(2.0%)+MAXLOSS_CAP;213171.07;213171.07;36;0
2026.08.12 15:30:10;XAUUSD;5;1786537663;CONSEC_LOSS_HARD_STOP;losses=4 threshold=4 pause=3600s;RESET;SAFE;0;0;0;-1;-1;4431.08;0.00;0.00;1.32;-12.16;KELLY_LITE;true;0.04;213182.98;0.0417;KELLY_LITE(mult=1.00 taper=1.00 n=6)+CONSEC_REDUCE(0.50)+HARD_RISK_CAP(2.0%)+MAXLOSS_CAP;213171.07;213171.07;36;0
2026.08.12 15:30:10;XAUUSD;5;1786537663;CYCLE_RESET;oldState=RESET realizedPnL=-11.91 peak=1.32 worst=-12.16 pyramid=0 consLosses=4;RESET;SAFE;0;0;0;-1;-1;4431.08;0.00;0.00;1.32;-12.16;KELLY_LITE;true;0.04;213182.98;0.0417;KELLY_LITE(mult=1.00 taper=1.00 n=6)+CONSEC_REDUCE(0.50)+HARD_RISK_CAP(2.0%)+MAXLOSS_CAP;213171.07;213171.07;36;0
2026.08.12 15:34:39;XAUUSD;5;1786537663;EA_DEINIT;reason=5;BLOCKED;SAFE;0;0;0;-1;-1;0.00;0.00;0.00;0.00;0.00;KELLY_LITE;true;0.04;213182.98;0.0417;KELLY_LITE(mult=1.00 taper=1.00 n=6)+CONSEC_REDUCE(0.50)+HARD_RISK_CAP(2.0%)+MAXLOSS_CAP;213171.07;213171.07;34;0
2026.08.12 15:34:39;XAUUSD;5;1786548879;EA_INIT;V8|Preset=AGGRESSIVE|MaxLoss=$50.0 SL=$12.0 RiskPct=1.50|HedgeMaxNeg=$10.0 LotRatio=1.25 ConfirmBars=1 Cooldown=60s|DailyDD=4.0% WeeklyLim=$100|AutoLotMode=KELLY_LITE|Session=ALL NewsFilter=OFF (0 times);IDLE;SAFE;0;0;0;-1;-1;0.00;0.00;0.00;0.00;0.00;KELLY_LITE;true;0.04;213182.98;0.0417;KELLY_LITE(mult=1.00 taper=1.00 n=6)+CONSEC_REDUCE(0.50)+HARD_RISK_CAP(2.0%)+MAXLOSS_CAP;213171.07;213171.07;34;0
2026.08.12 15:34:39;XAUUSD;5;1786548879;DAILY_BASELINE_RESTORED;startEquity=213201.96 paused=false hardStop=false;IDLE;SAFE;0;0;0;-1;-1;0.00;0.00;0.00;0.00;0.00;KELLY_LITE;true;0.04;213182.98;0.0417;KELLY_LITE(mult=1.00 taper=1.00 n=6)+CONSEC_REDUCE(0.50)+HARD_RISK_CAP(2.0%)+MAXLOSS_CAP;213171.07;213171.07;34;0
2026.08.12 15:34:39;XAUUSD;5;1786548879;WEEKLY_BASELINE_RESTORED;startEquity=213201.96 paused=false;IDLE;SAFE;0;0;0;-1;-1;0.00;0.00;0.00;0.00;0.00;KELLY_LITE;true;0.04;213182.98;0.0417;KELLY_LITE(mult=1.00 taper=1.00 n=6)+CONSEC_REDUCE(0.50)+HARD_RISK_CAP(2.0%)+MAXLOSS_CAP;213171.07;213171.07;34;0
2026.08.12 15:35:10;XAUUSD;5;1786548880;PLACE_PENDING_START;cycle=1786548880 trend=1 consecLosses=0 preset=AGGRESSIVE;PLACE_PENDING;SAFE;0;0;0;-1;-1;0.00;0.00;0.00;0.00;0.00;KELLY_LITE;true;0.04;213182.98;0.0417;KELLY_LITE(mult=1.00 taper=1.00 n=6)+CONSEC_REDUCE(0.50)+HARD_RISK_CAP(2.0%)+MAXLOSS_CAP;213171.07;213171.07;36;0
2026.08.12 15:35:10;XAUUSD;5;1786548880;DIR_OCO_PLACED;dir=BULL ticket=119030329 price=4420.78 sl=4405.78 tp=4443.28 lot=0.04 dist=3.22;PLACE_PENDING;SAFE;0;1;0;119030329;-1;0.00;0.00;0.00;0.00;0.00;KELLY_LITE;true;0.04;213171.07;0.0417;KELLY_LITE(mult=1.00 taper=1.00 n=0)+ATR_VOL(0.75@8.06)+HARD_RISK_CAP(2.0%)+MAXLOSS_CAP;213171.07;213171.07;37;0
2026.08.12 15:35:11;XAUUSD;5;1786548880;DIR_OCO_COUNTER_PLACED;dir=BEAR(counter) ticket=119030334 price=4414.22 lot=0.03;PLACE_PENDING;SAFE;0;2;0;119030329;119030334;0.00;0.00;0.00;0.00;0.00;KELLY_LITE;true;0.04;213171.07;0.0417;KELLY_LITE(mult=1.00 taper=1.00 n=0)+ATR_VOL(0.75@8.06)+HARD_RISK_CAP(2.0%)+MAXLOSS_CAP;213171.07;213171.07;36;0
2026.08.12 15:35:13;XAUUSD;5;1786548880;BUY_STOP_TRAILED;Old=4420.78 New=4420.26;WAIT_TRIGGER;SAFE;0;2;0;119030329;119030334;0.00;0.00;0.00;0.00;0.00;KELLY_LITE;true;0.04;213171.07;0.0417;KELLY_LITE(mult=1.00 taper=1.00 n=0)+ATR_VOL(0.75@8.06)+HARD_RISK_CAP(2.0%)+MAXLOSS_CAP;213171.07;213171.07;33;0
2026.08.12 15:35:17;XAUUSD;5;1786548880;SELL_STOP_TRAILED;Old=4414.22 New=4414.61;WAIT_TRIGGER;SAFE;0;2;0;119030329;119030334;0.00;0.00;0.00;0.00;0.00;KELLY_LITE;true;0.04;213171.07;0.0417;KELLY_LITE(mult=1.00 taper=1.00 n=0)+ATR_VOL(0.75@8.06)+HARD_RISK_CAP(2.0%)+MAXLOSS_CAP;213171.07;213171.07;36;0
2026.08.12 15:35:31;XAUUSD;5;1786548880;BUY_STOP_TRAILED;Old=4420.26 New=4419.86;WAIT_TRIGGER;SAFE;0;2;0;119030329;119030334;0.00;0.00;0.00;0.00;0.00;KELLY_LITE;true;0.04;213171.07;0.0417;KELLY_LITE(mult=1.00 taper=1.00 n=0)+ATR_VOL(0.75@8.06)+HARD_RISK_CAP(2.0%)+MAXLOSS_CAP;213171.07;213171.07;33;0
2026.08.12 15:35:36;XAUUSD;5;1786548880;SELL_STOP_TRAILED;Old=4414.61 New=4414.97;WAIT_TRIGGER;SAFE;0;2;0;119030329;119030334;0.00;0.00;0.00;0.00;0.00;KELLY_LITE;true;0.04;213171.07;0.0417;KELLY_LITE(mult=1.00 taper=1.00 n=0)+ATR_VOL(0.75@8.06)+HARD_RISK_CAP(2.0%)+MAXLOSS_CAP;213171.07;213171.07;36;0
2026.08.12 15:35:38;XAUUSD;5;1786548880;SELL_STOP_TRAILED;Old=4414.97 New=4415.33;WAIT_TRIGGER;SAFE;0;2;0;119030329;119030334;0.00;0.00;0.00;0.00;0.00;KELLY_LITE;true;0.04;213171.07;0.0417;KELLY_LITE(mult=1.00 taper=1.00 n=0)+ATR_VOL(0.75@8.06)+HARD_RISK_CAP(2.0%)+MAXLOSS_CAP;213171.07;213171.07;36;0
2026.08.12 15:35:41;XAUUSD;5;1786548880;SELL_STOP_TRAILED;Old=4415.33 New=4415.64;WAIT_TRIGGER;SAFE;0;2;0;119030329;119030334;0.00;0.00;0.00;0.00;0.00;KELLY_LITE;true;0.04;213171.07;0.0417;KELLY_LITE(mult=1.00 taper=1.00 n=0)+ATR_VOL(0.75@8.06)+HARD_RISK_CAP(2.0%)+MAXLOSS_CAP;213171.07;213171.07;35;0
2026.08.12 15:35:58;XAUUSD;5;1786548880;OCO_TRIGGERED_BUY;ticket=119030329 entry=4419.86;POSITION_ACTIVE;SAFE;1;1;0;-1;119030334;0.00;0.60;-1.88;0.00;0.00;KELLY_LITE;true;0.04;213171.07;0.0417;KELLY_LITE(mult=1.00 taper=1.00 n=0)+ATR_VOL(0.75@8.06)+HARD_RISK_CAP(2.0%)+MAXLOSS_CAP;213171.07;213171.67;35;0
2026.08.12 15:35:59;XAUUSD;5;1786548880;PENDING_DELETED;ticket=119030334 reason=oco_buy_triggered;POSITION_ACTIVE;SAFE;1;0;0;-1;119030334;0.00;-1.48;-1.48;0.00;0.00;KELLY_LITE;true;0.04;213171.07;0.0417;KELLY_LITE(mult=1.00 taper=1.00 n=0)+ATR_VOL(0.75@8.06)+HARD_RISK_CAP(2.0%)+MAXLOSS_CAP;213171.07;213169.59;36;0
2026.08.12 15:35:59;XAUUSD;5;1786548880;HEDGE_BLOCK_CONFIRM;need=1 adverse bars;POSITION_ACTIVE;SAFE;1;0;1;-1;-1;4419.86;-1.48;-1.48;0.00;-1.48;KELLY_LITE;true;0.04;213171.07;0.0417;KELLY_LITE(mult=1.00 taper=1.00 n=0)+ATR_VOL(0.75@8.06)+HARD_RISK_CAP(2.0%)+MAXLOSS_CAP;213171.07;213169.59;36;0
2026.08.12 15:36:29;XAUUSD;5;1786548880;HEDGE_BLOCK_CONFIRM;need=1 adverse bars;MANAGE_PROFIT;SAFE;1;0;1;-1;-1;4419.86;2.04;2.04;2.68;-4.04;KELLY_LITE;true;0.04;213171.07;0.0417;KELLY_LITE(mult=1.00 taper=1.00 n=0)+ATR_VOL(0.75@8.06)+HARD_RISK_CAP(2.0%)+MAXLOSS_CAP;213171.07;213173.11;36;0
2026.08.12 15:36:45;XAUUSD;5;1786548880;SL_MODIFIED;ticket=119030329 oldSL=4407.86 newSL=4421.32 reason=break_even_lock_leg_0 (retry buf=3pt);MANAGE_PROFIT;SAFE;1;0;1;-1;-1;4419.86;8.16;8.16;8.08;-4.04;KELLY_LITE;true;0.04;213171.07;0.0417;KELLY_LITE(mult=1.00 taper=1.00 n=0)+ATR_VOL(0.75@8.06)+HARD_RISK_CAP(2.0%)+MAXLOSS_CAP;213171.07;213179.23;36;0
2026.08.12 15:36:45;XAUUSD;5;1786548880;PROFIT_RATCHET_LOCKED;floor=2.73 peak=8.08;MANAGE_PROFIT;SAFE;1;0;1;-1;-1;4419.86;8.16;8.16;8.08;-4.04;KELLY_LITE;true;0.04;213171.07;0.0417;KELLY_LITE(mult=1.00 taper=1.00 n=0)+ATR_VOL(0.75@8.06)+HARD_RISK_CAP(2.0%)+MAXLOSS_CAP;213171.07;213179.23;36;0
2026.08.12 15:36:45;XAUUSD;5;1786548880;SL_MODIFIED;ticket=119030329 oldSL=4421.32 newSL=4421.38 reason=break_even_lock_leg_0;MANAGE_PROFIT;SAFE;1;0;1;-1;-1;4419.86;8.16;8.16;8.16;-4.04;KELLY_LITE;true;0.04;213171.07;0.0417;KELLY_LITE(mult=1.00 taper=1.00 n=0)+ATR_VOL(0.75@8.06)+HARD_RISK_CAP(2.0%)+MAXLOSS_CAP;213171.07;213179.23;36;0
2026.08.12 15:36:45;XAUUSD;5;1786548880;PROFIT_RATCHET_LOCKED;floor=2.75 peak=8.16;MANAGE_PROFIT;SAFE;1;0;1;-1;-1;4419.86;8.16;8.16;8.16;-4.04;KELLY_LITE;true;0.04;213171.07;0.0417;KELLY_LITE(mult=1.00 taper=1.00 n=0)+ATR_VOL(0.75@8.06)+HARD_RISK_CAP(2.0%)+MAXLOSS_CAP;213171.07;213179.23;36;0
2026.08.12 15:36:47;XAUUSD;5;1786548880;SL_MODIFIED;ticket=119030329 oldSL=4421.38 newSL=4421.61 reason=break_even_lock_leg_0;MANAGE_PROFIT;SAFE;1;0;1;-1;-1;4419.86;9.44;9.44;9.08;-4.04;KELLY_LITE;true;0.04;213171.07;0.0417;KELLY_LITE(mult=1.00 taper=1.00 n=0)+ATR_VOL(0.75@8.06)+HARD_RISK_CAP(2.0%)+MAXLOSS_CAP;213171.07;213180.51;33;0
2026.08.12 15:36:47;XAUUSD;5;1786548880;PROFIT_RATCHET_LOCKED;floor=3.06 peak=9.08;MANAGE_PROFIT;SAFE;1;0;1;-1;-1;4419.86;9.44;9.44;9.08;-4.04;KELLY_LITE;true;0.04;213171.07;0.0417;KELLY_LITE(mult=1.00 taper=1.00 n=0)+ATR_VOL(0.75@8.06)+HARD_RISK_CAP(2.0%)+MAXLOSS_CAP;213171.07;213180.51;33;0
2026.08.12 15:36:47;XAUUSD;5;1786548880;SL_MODIFIED;ticket=119030329 oldSL=4421.61 newSL=4421.70 reason=break_even_lock_leg_0;MANAGE_PROFIT;SAFE;1;0;1;-1;-1;4419.86;9.68;9.68;9.44;-4.04;KELLY_LITE;true;0.04;213171.07;0.0417;KELLY_LITE(mult=1.00 taper=1.00 n=0)+ATR_VOL(0.75@8.06)+HARD_RISK_CAP(2.0%)+MAXLOSS_CAP;213171.07;213180.75;35;0
2026.08.12 15:36:47;XAUUSD;5;1786548880;PROFIT_RATCHET_LOCKED;floor=3.19 peak=9.44;MANAGE_PROFIT;SAFE;1;0;1;-1;-1;4419.86;9.68;9.68;9.44;-4.04;KELLY_LITE;true;0.04;213171.07;0.0417;KELLY_LITE(mult=1.00 taper=1.00 n=0)+ATR_VOL(0.75@8.06)+HARD_RISK_CAP(2.0%)+MAXLOSS_CAP;213171.07;213180.75;35;0
2026.08.12 15:36:48;XAUUSD;5;1786548880;SL_MODIFIED;ticket=119030329 oldSL=4421.70 newSL=4421.76 reason=break_even_lock_leg_0;MANAGE_PROFIT;SAFE;1;0;1;-1;-1;4419.86;10.48;10.48;9.68;-4.04;KELLY_LITE;true;0.04;213171.07;0.0417;KELLY_LITE(mult=1.00 taper=1.00 n=0)+ATR_VOL(0.75@8.06)+HARD_RISK_CAP(2.0%)+MAXLOSS_CAP;213171.07;213181.55;36;0
2026.08.12 15:36:48;XAUUSD;5;1786548880;PROFIT_RATCHET_LOCKED;floor=3.27 peak=9.68;MANAGE_PROFIT;SAFE;1;0;1;-1;-1;4419.86;10.48;10.48;9.68;-4.04;KELLY_LITE;true;0.04;213171.07;0.0417;KELLY_LITE(mult=1.00 taper=1.00 n=0)+ATR_VOL(0.75@8.06)+HARD_RISK_CAP(2.0%)+MAXLOSS_CAP;213171.07;213181.55;36;0
2026.08.12 15:36:48;XAUUSD;5;1786548880;SL_MODIFY_FAILED;ticket=119030329 newSL=4421.96 reason=break_even_lock_leg_0 err=0;MANAGE_PROFIT;SAFE;1;0;1;-1;-1;4419.86;9.44;9.44;10.48;-4.04;KELLY_LITE;true;0.04;213171.07;0.0417;KELLY_LITE(mult=1.00 taper=1.00 n=0)+ATR_VOL(0.75@8.06)+HARD_RISK_CAP(2.0%)+MAXLOSS_CAP;213171.07;213180.51;36;0
2026.08.12 15:36:48;XAUUSD;5;1786548880;PROFIT_RATCHET_LOCKED;floor=3.54 peak=10.48;MANAGE_PROFIT;SAFE;1;0;1;-1;-1;4419.86;9.44;9.44;10.48;-4.04;KELLY_LITE;true;0.04;213171.07;0.0417;KELLY_LITE(mult=1.00 taper=1.00 n=0)+ATR_VOL(0.75@8.06)+HARD_RISK_CAP(2.0%)+MAXLOSS_CAP;213171.07;213180.51;36;0
2026.08.12 15:36:48;XAUUSD;5;1786548880;PROFIT_RATCHET_LOCKED;floor=3.54 peak=10.48;MANAGE_PROFIT;SAFE;1;0;1;-1;-1;4419.86;9.44;9.44;10.48;-4.04;KELLY_LITE;true;0.04;213171.07;0.0417;KELLY_LITE(mult=1.00 taper=1.00 n=0)+ATR_VOL(0.75@8.06)+HARD_RISK_CAP(2.0%)+MAXLOSS_CAP;213171.07;213180.51;36;0
2026.08.12 15:36:49;XAUUSD;5;1786548880;PROFIT_RATCHET_LOCKED;floor=3.54 peak=10.48;MANAGE_PROFIT;SAFE;1;0;1;-1;-1;4419.86;9.64;9.64;10.48;-4.04;KELLY_LITE;true;0.04;213171.07;0.0417;KELLY_LITE(mult=1.00 taper=1.00 n=0)+ATR_VOL(0.75@8.06)+HARD_RISK_CAP(2.0%)+MAXLOSS_CAP;213171.07;213180.71;36;0
2026.08.12 15:36:49;XAUUSD;5;1786548880;PROFIT_RATCHET_LOCKED;floor=3.54 peak=10.48;MANAGE_PROFIT;SAFE;1;0;1;-1;-1;4419.86;9.20;9.20;10.48;-4.04;KELLY_LITE;true;0.04;213171.07;0.0417;KELLY_LITE(mult=1.00 taper=1.00 n=0)+ATR_VOL(0.75@8.06)+HARD_RISK_CAP(2.0%)+MAXLOSS_CAP;213171.07;213180.27;36;0
2026.08.12 15:36:49;XAUUSD;5;1786548880;PROFIT_RATCHET_LOCKED;floor=3.54 peak=10.48;MANAGE_PROFIT;SAFE;1;0;1;-1;-1;4419.86;9.72;9.72;10.48;-4.04;KELLY_LITE;true;0.04;213171.07;0.0417;KELLY_LITE(mult=1.00 taper=1.00 n=0)+ATR_VOL(0.75@8.06)+HARD_RISK_CAP(2.0%)+MAXLOSS_CAP;213171.07;213180.79;36;0
2026.08.12 15:36:50;XAUUSD;5;1786548880;SL_MODIFIED;ticket=119030329 oldSL=4421.76 newSL=4421.91 reason=break_even_lock_leg_0;MANAGE_PROFIT;SAFE;1;0;1;-1;-1;4419.86;10.44;10.36;10.48;-4.04;KELLY_LITE;true;0.04;213171.07;0.0417;KELLY_LITE(mult=1.00 taper=1.00 n=0)+ATR_VOL(0.75@8.06)+HARD_RISK_CAP(2.0%)+MAXLOSS_CAP;213171.07;213181.51;36;0
2026.08.12 15:36:50;XAUUSD;5;1786548880;PROFIT_RATCHET_LOCKED;floor=3.54 peak=10.48;MANAGE_PROFIT;SAFE;1;0;1;-1;-1;4419.86;10.44;10.36;10.48;-4.04;KELLY_LITE;true;0.04;213171.07;0.0417;KELLY_LITE(mult=1.00 taper=1.00 n=0)+ATR_VOL(0.75@8.06)+HARD_RISK_CAP(2.0%)+MAXLOSS_CAP;213171.07;213181.51;36;0
2026.08.12 15:36:51;XAUUSD;5;1786548880;PROFIT_RATCHET_LOCKED;floor=3.54 peak=10.48;MANAGE_PROFIT;SAFE;1;0;1;-1;-1;4419.86;10.08;10.08;10.48;-4.04;KELLY_LITE;true;0.04;213171.07;0.0417;KELLY_LITE(mult=1.00 taper=1.00 n=0)+ATR_VOL(0.75@8.06)+HARD_RISK_CAP(2.0%)+MAXLOSS_CAP;213171.07;213181.15;36;0
2026.08.12 15:36:51;XAUUSD;5;1786548880;PROFIT_RATCHET_LOCKED;floor=3.54 peak=10.48;MANAGE_PROFIT;SAFE;1;0;1;-1;-1;4419.86;10.08;10.08;10.48;-4.04;KELLY_LITE;true;0.04;213171.07;0.0417;KELLY_LITE(mult=1.00 taper=1.00 n=0)+ATR_VOL(0.75@8.06)+HARD_RISK_CAP(2.0%)+MAXLOSS_CAP;213171.07;213181.15;36;0
2026.08.12 15:36:52;XAUUSD;5;1786548880;SL_MODIFIED;ticket=119030329 oldSL=4421.91 newSL=4421.96 reason=break_even_lock_leg_0;MANAGE_PROFIT;SAFE;1;0;1;-1;-1;4419.86;11.16;11.16;10.48;-4.04;KELLY_LITE;true;0.04;213171.07;0.0417;KELLY_LITE(mult=1.00 taper=1.00 n=0)+ATR_VOL(0.75@8.06)+HARD_RISK_CAP(2.0%)+MAXLOSS_CAP;213171.07;213182.23;36;0
2026.08.12 15:36:52;XAUUSD;5;1786548880;PROFIT_RATCHET_LOCKED;floor=3.54 peak=10.48;MANAGE_PROFIT;SAFE;1;0;1;-1;-1;4419.86;11.16;11.16;10.48;-4.04;KELLY_LITE;true;0.04;213171.07;0.0417;KELLY_LITE(mult=1.00 taper=1.00 n=0)+ATR_VOL(0.75@8.06)+HARD_RISK_CAP(2.0%)+MAXLOSS_CAP;213171.07;213182.23;36;0
2026.08.12 15:36:52;XAUUSD;5;1786548880;SL_MODIFIED;ticket=119030329 oldSL=4421.96 newSL=4422.13 reason=break_even_lock_leg_0;MANAGE_PROFIT;SAFE;1;0;1;-1;-1;4419.86;12.24;12.24;11.16;-4.04;KELLY_LITE;true;0.04;213171.07;0.0417;KELLY_LITE(mult=1.00 taper=1.00 n=0)+ATR_VOL(0.75@8.06)+HARD_RISK_CAP(2.0%)+MAXLOSS_CAP;213171.07;213183.31;36;0
2026.08.12 15:36:52;XAUUSD;5;1786548880;PROFIT_RATCHET_LOCKED;floor=3.77 peak=11.16;MANAGE_PROFIT;SAFE;1;0;1;-1;-1;4419.86;12.24;12.24;11.16;-4.04;KELLY_LITE;true;0.04;213171.07;0.0417;KELLY_LITE(mult=1.00 taper=1.00 n=0)+ATR_VOL(0.75@8.06)+HARD_RISK_CAP(2.0%)+MAXLOSS_CAP;213171.07;213183.31;36;0
2026.08.12 15:36:53;XAUUSD;5;1786548880;SL_MODIFIED;ticket=119030329 oldSL=4422.13 newSL=4422.40 reason=break_even_lock_leg_0;MANAGE_PROFIT;SAFE;1;0;1;-1;-1;4419.86;12.16;12.16;12.24;-4.04;KELLY_LITE;true;0.04;213171.07;0.0417;KELLY_LITE(mult=1.00 taper=1.00 n=0)+ATR_VOL(0.75@8.06)+HARD_RISK_CAP(2.0%)+MAXLOSS_CAP;213171.07;213183.23;36;0
2026.08.12 15:36:53;XAUUSD;5;1786548880;PROFIT_RATCHET_LOCKED;floor=4.13 peak=12.24;MANAGE_PROFIT;SAFE;1;0;1;-1;-1;4419.86;12.16;12.16;12.24;-4.04;KELLY_LITE;true;0.04;213171.07;0.0417;KELLY_LITE(mult=1.00 taper=1.00 n=0)+ATR_VOL(0.75@8.06)+HARD_RISK_CAP(2.0%)+MAXLOSS_CAP;213171.07;213183.23;36;0
2026.08.12 15:36:53;XAUUSD;5;1786548880;PROFIT_RATCHET_LOCKED;floor=4.13 peak=12.24;MANAGE_PROFIT;SAFE;1;0;1;-1;-1;4419.86;12.16;12.16;12.24;-4.04;KELLY_LITE;true;0.04;213171.07;0.0417;KELLY_LITE(mult=1.00 taper=1.00 n=0)+ATR_VOL(0.75@8.06)+HARD_RISK_CAP(2.0%)+MAXLOSS_CAP;213171.07;213183.23;36;0
2026.08.12 15:36:53;XAUUSD;5;1786548880;PROFIT_RATCHET_LOCKED;floor=4.13 peak=12.24;MANAGE_PROFIT;SAFE;1;0;1;-1;-1;4419.86;12.16;12.16;12.24;-4.04;KELLY_LITE;true;0.04;213171.07;0.0417;KELLY_LITE(mult=1.00 taper=1.00 n=0)+ATR_VOL(0.75@8.06)+HARD_RISK_CAP(2.0%)+MAXLOSS_CAP;213171.07;213183.23;33;0
2026.08.12 15:36:54;XAUUSD;5;1786548880;SL_MODIFIED;ticket=119030329 oldSL=4422.40 newSL=4422.42 reason=break_even_lock_leg_0;MANAGE_PROFIT;SAFE;1;0;1;-1;-1;4419.86;12.64;12.64;12.32;-4.04;KELLY_LITE;true;0.04;213171.07;0.0417;KELLY_LITE(mult=1.00 taper=1.00 n=0)+ATR_VOL(0.75@8.06)+HARD_RISK_CAP(2.0%)+MAXLOSS_CAP;213171.07;213183.71;36;0
2026.08.12 15:36:54;XAUUSD;5;1786548880;PROFIT_RATCHET_LOCKED;floor=4.16 peak=12.32;MANAGE_PROFIT;SAFE;1;0;1;-1;-1;4419.86;12.64;12.64;12.32;-4.04;KELLY_LITE;true;0.04;213171.07;0.0417;KELLY_LITE(mult=1.00 taper=1.00 n=0)+ATR_VOL(0.75@8.06)+HARD_RISK_CAP(2.0%)+MAXLOSS_CAP;213171.07;213183.71;36;0
2026.08.12 15:36:55;XAUUSD;5;1786548880;SL_MODIFIED;ticket=119030329 oldSL=4422.42 newSL=4422.44 reason=break_even_lock_leg_0 (retry buf=3pt);MANAGE_PROFIT;SAFE;1;0;1;-1;-1;4419.86;12.76;12.76;12.64;-4.04;KELLY_LITE;true;0.04;213171.07;0.0417;KELLY_LITE(mult=1.00 taper=1.00 n=0)+ATR_VOL(0.75@8.06)+HARD_RISK_CAP(2.0%)+MAXLOSS_CAP;213171.07;213183.83;36;0
2026.08.12 15:36:55;XAUUSD;5;1786548880;PROFIT_RATCHET_LOCKED;floor=4.27 peak=12.64;MANAGE_PROFIT;SAFE;1;0;1;-1;-1;4419.86;12.76;12.76;12.64;-4.04;KELLY_LITE;true;0.04;213171.07;0.0417;KELLY_LITE(mult=1.00 taper=1.00 n=0)+ATR_VOL(0.75@8.06)+HARD_RISK_CAP(2.0%)+MAXLOSS_CAP;213171.07;213183.83;36;0
2026.08.12 15:36:55;XAUUSD;5;1786548880;SL_MODIFIED;ticket=119030329 oldSL=4422.44 newSL=4422.53 reason=break_even_lock_leg_0;MANAGE_PROFIT;SAFE;1;0;1;-1;-1;4419.86;12.80;12.80;12.76;-4.04;KELLY_LITE;true;0.04;213171.07;0.0417;KELLY_LITE(mult=1.00 taper=1.00 n=0)+ATR_VOL(0.75@8.06)+HARD_RISK_CAP(2.0%)+MAXLOSS_CAP;213171.07;213183.87;36;0
2026.08.12 15:36:55;XAUUSD;5;1786548880;PROFIT_RATCHET_LOCKED;floor=4.31 peak=12.76;MANAGE_PROFIT;SAFE;1;0;1;-1;-1;4419.86;12.80;12.80;12.76;-4.04;KELLY_LITE;true;0.04;213171.07;0.0417;KELLY_LITE(mult=1.00 taper=1.00 n=0)+ATR_VOL(0.75@8.06)+HARD_RISK_CAP(2.0%)+MAXLOSS_CAP;213171.07;213183.87;36;0
2026.08.12 15:36:55;XAUUSD;5;1786548880;PROFIT_RATCHET_LOCKED;floor=4.32 peak=12.80;MANAGE_PROFIT;SAFE;1;0;1;-1;-1;4419.86;12.80;12.80;12.80;-4.04;KELLY_LITE;true;0.04;213171.07;0.0417;KELLY_LITE(mult=1.00 taper=1.00 n=0)+ATR_VOL(0.75@8.06)+HARD_RISK_CAP(2.0%)+MAXLOSS_CAP;213171.07;213183.87;36;0
2026.08.12 15:36:56;XAUUSD;5;1786548880;PROFIT_RATCHET_LOCKED;floor=4.32 peak=12.80;MANAGE_PROFIT;SAFE;1;0;1;-1;-1;4419.86;12.68;12.68;12.80;-4.04;KELLY_LITE;true;0.04;213171.07;0.0417;KELLY_LITE(mult=1.00 taper=1.00 n=0)+ATR_VOL(0.75@8.06)+HARD_RISK_CAP(2.0%)+MAXLOSS_CAP;213171.07;213183.75;36;0
2026.08.12 15:36:56;XAUUSD;5;1786548880;PROFIT_RATCHET_LOCKED;floor=4.32 peak=12.80;MANAGE_PROFIT;SAFE;1;0;1;-1;-1;4419.86;11.92;11.92;12.80;-4.04;KELLY_LITE;true;0.04;213171.07;0.0417;KELLY_LITE(mult=1.00 taper=1.00 n=0)+ATR_VOL(0.75@8.06)+HARD_RISK_CAP(2.0%)+MAXLOSS_CAP;213171.07;213182.99;36;0
2026.08.12 15:36:56;XAUUSD;5;1786548880;PROFIT_RATCHET_LOCKED;floor=4.32 peak=12.80;MANAGE_PROFIT;SAFE;1;0;1;-1;-1;4419.86;11.56;11.56;12.80;-4.04;KELLY_LITE;true;0.04;213171.07;0.0417;KELLY_LITE(mult=1.00 taper=1.00 n=0)+ATR_VOL(0.75@8.06)+HARD_RISK_CAP(2.0%)+MAXLOSS_CAP;213171.07;213182.63;36;0
2026.08.12 15:36:56;XAUUSD;5;1786548880;PROFIT_RATCHET_LOCKED;floor=4.32 peak=12.80;MANAGE_PROFIT;SAFE;1;0;1;-1;-1;4419.86;11.20;11.20;12.80;-4.04;KELLY_LITE;true;0.04;213171.07;0.0417;KELLY_LITE(mult=1.00 taper=1.00 n=0)+ATR_VOL(0.75@8.06)+HARD_RISK_CAP(2.0%)+MAXLOSS_CAP;213171.07;213182.27;36;0
2026.08.12 15:36:57;XAUUSD;5;1786548880;PROFIT_RATCHET_LOCKED;floor=4.32 peak=12.80;MANAGE_PROFIT;SAFE;1;0;1;-1;-1;4419.86;11.00;11.00;12.80;-4.04;KELLY_LITE;true;0.04;213171.07;0.0417;KELLY_LITE(mult=1.00 taper=1.00 n=0)+ATR_VOL(0.75@8.06)+HARD_RISK_CAP(2.0%)+MAXLOSS_CAP;213171.07;213182.07;36;0
2026.08.12 15:36:57;XAUUSD;5;1786548880;PROFIT_RATCHET_LOCKED;floor=4.32 peak=12.80;MANAGE_PROFIT;SAFE;1;0;1;-1;-1;4419.86;10.88;10.88;12.80;-4.04;KELLY_LITE;true;0.04;213171.07;0.0417;KELLY_LITE(mult=1.00 taper=1.00 n=0)+ATR_VOL(0.75@8.06)+HARD_RISK_CAP(2.0%)+MAXLOSS_CAP;213171.07;213181.95;36;0
2026.08.12 15:36:57;XAUUSD;5;1786548880;RECONCILED_BROKER_CLOSE;ticket=119030329 type=main pnl=10.68;MANAGE_PROFIT;SAFE;0;0;1;-1;-1;4419.86;0.00;0.00;12.80;-4.04;KELLY_LITE;true;0.04;213171.07;0.0417;KELLY_LITE(mult=1.00 taper=1.00 n=0)+ATR_VOL(0.75@8.06)+HARD_RISK_CAP(2.0%)+MAXLOSS_CAP;213181.75;213181.75;36;0
2026.08.12 15:36:57;XAUUSD;5;1786548880;CYCLE_RESET;oldState=MANAGE_PROFIT realizedPnL=10.68 peak=12.80 worst=-4.04 pyramid=1 consLosses=0;MANAGE_PROFIT;SAFE;0;0;1;-1;-1;4419.86;0.00;0.00;12.80;-4.04;KELLY_LITE;true;0.04;213171.07;0.0417;KELLY_LITE(mult=1.00 taper=1.00 n=0)+ATR_VOL(0.75@8.06)+HARD_RISK_CAP(2.0%)+MAXLOSS_CAP;213181.75;213181.75;36;0
2026.08.12 15:41:57;XAUUSD;5;1786548881;PLACE_PENDING_START;cycle=1786548881 trend=1 consecLosses=0 preset=AGGRESSIVE;PLACE_PENDING;SAFE;0;0;0;-1;-1;0.00;0.00;0.00;0.00;0.00;KELLY_LITE;true;0.04;213171.07;0.0417;KELLY_LITE(mult=1.00 taper=1.00 n=0)+ATR_VOL(0.75@8.06)+HARD_RISK_CAP(2.0%)+MAXLOSS_CAP;213181.75;213181.75;36;0
2026.08.12 15:41:57;XAUUSD;5;1786548881;DIR_OCO_PLACED;dir=BULL ticket=119032648 price=4422.12 sl=4407.12 tp=4444.62 lot=0.04 dist=3.21;PLACE_PENDING;SAFE;0;1;0;119032648;-1;0.00;0.00;0.00;0.00;0.00;KELLY_LITE;true;0.04;213181.75;0.0417;KELLY_LITE(mult=1.00 taper=1.00 n=1)+ATR_VOL(0.75@8.03)+HARD_RISK_CAP(2.0%)+MAXLOSS_CAP;213181.75;213181.75;36;0
2026.08.12 15:41:58;XAUUSD;5;1786548881;DIR_OCO_COUNTER_PLACED;dir=BEAR(counter) ticket=119032650 price=4415.35 lot=0.03;PLACE_PENDING;SAFE;0;2;0;119032648;119032650;0.00;0.00;0.00;0.00;0.00;KELLY_LITE;true;0.04;213181.75;0.0417;KELLY_LITE(mult=1.00 taper=1.00 n=1)+ATR_VOL(0.75@8.03)+HARD_RISK_CAP(2.0%)+MAXLOSS_CAP;213181.75;213181.75;36;0
2026.08.12 15:41:59;XAUUSD;5;1786548881;SELL_STOP_TRAILED;Old=4415.35 New=4415.69;WAIT_TRIGGER;SAFE;0;2;0;119032648;119032650;0.00;0.00;0.00;0.00;0.00;KELLY_LITE;true;0.04;213181.75;0.0417;KELLY_LITE(mult=1.00 taper=1.00 n=1)+ATR_VOL(0.75@8.03)+HARD_RISK_CAP(2.0%)+MAXLOSS_CAP;213181.75;213181.75;36;0
2026.08.12 15:42:02;XAUUSD;5;1786548881;BUY_STOP_TRAILED;Old=4422.12 New=4421.81;WAIT_TRIGGER;SAFE;0;2;0;119032648;119032650;0.00;0.00;0.00;0.00;0.00;KELLY_LITE;true;0.04;213181.75;0.0417;KELLY_LITE(mult=1.00 taper=1.00 n=1)+ATR_VOL(0.75@8.03)+HARD_RISK_CAP(2.0%)+MAXLOSS_CAP;213181.75;213181.75;37;0
2026.08.12 15:42:03;XAUUSD;5;1786548881;BUY_STOP_TRAILED;Old=4421.81 New=4421.22;WAIT_TRIGGER;SAFE;0;2;0;119032648;119032650;0.00;0.00;0.00;0.00;0.00;KELLY_LITE;true;0.04;213181.75;0.0417;KELLY_LITE(mult=1.00 taper=1.00 n=1)+ATR_VOL(0.75@8.03)+HARD_RISK_CAP(2.0%)+MAXLOSS_CAP;213181.75;213181.75;36;0
2026.08.12 15:42:06;XAUUSD;5;1786548881;BUY_STOP_TRAILED;Old=4421.22 New=4420.81;WAIT_TRIGGER;SAFE;0;2;0;119032648;119032650;0.00;0.00;0.00;0.00;0.00;KELLY_LITE;true;0.04;213181.75;0.0417;KELLY_LITE(mult=1.00 taper=1.00 n=1)+ATR_VOL(0.75@8.03)+HARD_RISK_CAP(2.0%)+MAXLOSS_CAP;213181.75;213181.75;36;0
2026.08.12 15:42:31;XAUUSD;5;1786548881;SELL_STOP_TRAILED;Old=4415.69 New=4416.07;WAIT_TRIGGER;SAFE;0;2;0;119032648;119032650;0.00;0.00;0.00;0.00;0.00;KELLY_LITE;true;0.04;213181.75;0.0417;KELLY_LITE(mult=1.00 taper=1.00 n=1)+ATR_VOL(0.75@8.03)+HARD_RISK_CAP(2.0%)+MAXLOSS_CAP;213181.75;213181.75;36;0
2026.08.12 15:42:41;XAUUSD;5;1786548881;SELL_STOP_TRAILED;Old=4416.07 New=4416.53;WAIT_TRIGGER;SAFE;0;2;0;119032648;119032650;0.00;0.00;0.00;0.00;0.00;KELLY_LITE;true;0.04;213181.75;0.0417;KELLY_LITE(mult=1.00 taper=1.00 n=1)+ATR_VOL(0.75@8.03)+HARD_RISK_CAP(2.0%)+MAXLOSS_CAP;213181.75;213181.75;36;0
2026.08.12 15:42:42;XAUUSD;5;1786548881;SELL_STOP_TRAILED;Old=4416.53 New=4416.91;WAIT_TRIGGER;SAFE;0;2;0;119032648;119032650;0.00;0.00;0.00;0.00;0.00;KELLY_LITE;true;0.04;213181.75;0.0417;KELLY_LITE(mult=1.00 taper=1.00 n=1)+ATR_VOL(0.75@8.03)+HARD_RISK_CAP(2.0%)+MAXLOSS_CAP;213181.75;213181.75;36;0
2026.08.12 15:43:08;XAUUSD;5;1786548881;OCO_TRIGGERED_BUY;ticket=119032648 entry=4420.81;POSITION_ACTIVE;SAFE;1;1;0;-1;119032650;0.00;0.00;-1.44;0.00;0.00;KELLY_LITE;true;0.04;213181.75;0.0417;KELLY_LITE(mult=1.00 taper=1.00 n=1)+ATR_VOL(0.75@8.03)+HARD_RISK_CAP(2.0%)+MAXLOSS_CAP;213181.75;213181.75;36;0
2026.08.12 15:43:09;XAUUSD;5;1786548881;PENDING_DELETED;ticket=119032650 reason=oco_buy_triggered;POSITION_ACTIVE;SAFE;1;0;0;-1;119032650;0.00;-1.36;-1.36;0.00;0.00;KELLY_LITE;true;0.04;213181.75;0.0417;KELLY_LITE(mult=1.00 taper=1.00 n=1)+ATR_VOL(0.75@8.03)+HARD_RISK_CAP(2.0%)+MAXLOSS_CAP;213181.75;213180.39;36;0
2026.08.12 15:43:09;XAUUSD;5;1786548881;HEDGE_PENDING_PLACED;dir=SELL_STOP ticket=119033008 price=4417.47 sl=4420.47 lot=0.05 mainEntry=4420.81 dist=3.00 confirmBars=1;POSITION_ACTIVE;SAFE;1;1;1;-1;-1;4420.81;-2.12;-2.12;0.00;-1.36;KELLY_LITE;true;0.04;213181.75;0.0417;KELLY_LITE(mult=1.00 taper=1.00 n=1)+ATR_VOL(0.75@8.03)+HARD_RISK_CAP(2.0%)+MAXLOSS_CAP;213181.75;213179.63;36;0
2026.08.12 15:44:03;XAUUSD;5;1786548881;SL_MODIFIED;ticket=119032648 oldSL=4408.81 newSL=4422.29 reason=break_even_lock_leg_0;MANAGE_PROFIT;SAFE;1;1;1;-1;-1;4420.81;8.12;8.12;8.00;-4.40;KELLY_LITE;true;0.04;213181.75;0.0417;KELLY_LITE(mult=1.00 taper=1.00 n=1)+ATR_VOL(0.75@8.03)+HARD_RISK_CAP(2.0%)+MAXLOSS_CAP;213181.75;213189.87;36;0
2026.08.12 15:44:03;XAUUSD;5;1786548881;PROFIT_RATCHET_LOCKED;floor=2.70 peak=8.00;MANAGE_PROFIT;SAFE;1;1;1;-1;-1;4420.81;8.12;8.12;8.00;-4.40;KELLY_LITE;true;0.04;213181.75;0.0417;KELLY_LITE(mult=1.00 taper=1.00 n=1)+ATR_VOL(0.75@8.03)+HARD_RISK_CAP(2.0%)+MAXLOSS_CAP;213181.75;213189.87;36;0
2026.08.12 15:44:03;XAUUSD;5;1786548881;SL_MODIFIED;ticket=119032648 oldSL=4422.29 newSL=4422.32 reason=break_even_lock_leg_0;MANAGE_PROFIT;SAFE;1;1;1;-1;-1;4420.81;10.76;10.76;8.12;-4.40;KELLY_LITE;true;0.04;213181.75;0.0417;KELLY_LITE(mult=1.00 taper=1.00 n=1)+ATR_VOL(0.75@8.03)+HARD_RISK_CAP(2.0%)+MAXLOSS_CAP;213181.75;213192.51;36;0
2026.08.12 15:44:03;XAUUSD;5;1786548881;PROFIT_RATCHET_LOCKED;floor=2.74 peak=8.12;MANAGE_PROFIT;SAFE;1;1;1;-1;-1;4420.81;10.76;10.76;8.12;-4.40;KELLY_LITE;true;0.04;213181.75;0.0417;KELLY_LITE(mult=1.00 taper=1.00 n=1)+ATR_VOL(0.75@8.03)+HARD_RISK_CAP(2.0%)+MAXLOSS_CAP;213181.75;213192.51;36;0
2026.08.12 15:44:04;XAUUSD;5;1786548881;SL_MODIFIED;ticket=119032648 oldSL=4422.32 newSL=4422.98 reason=break_even_lock_leg_0;MANAGE_PROFIT;SAFE;1;1;1;-1;-1;4420.81;11.00;11.00;10.76;-4.40;KELLY_LITE;true;0.04;213181.75;0.0417;KELLY_LITE(mult=1.00 taper=1.00 n=1)+ATR_VOL(0.75@8.03)+HARD_RISK_CAP(2.0%)+MAXLOSS_CAP;213181.75;213192.75;36;0
2026.08.12 15:44:04;XAUUSD;5;1786548881;PROFIT_RATCHET_LOCKED;floor=3.63 peak=10.76;MANAGE_PROFIT;SAFE;1;1;1;-1;-1;4420.81;11.00;11.00;10.76;-4.40;KELLY_LITE;true;0.04;213181.75;0.0417;KELLY_LITE(mult=1.00 taper=1.00 n=1)+ATR_VOL(0.75@8.03)+HARD_RISK_CAP(2.0%)+MAXLOSS_CAP;213181.75;213192.75;36;0
2026.08.12 15:44:04;XAUUSD;5;1786548881;SL_MODIFIED;ticket=119032648 oldSL=4422.98 newSL=4423.04 reason=break_even_lock_leg_0;MANAGE_PROFIT;SAFE;1;1;1;-1;-1;4420.81;11.96;11.96;11.00;-4.40;KELLY_LITE;true;0.04;213181.75;0.0417;KELLY_LITE(mult=1.00 taper=1.00 n=1)+ATR_VOL(0.75@8.03)+HARD_RISK_CAP(2.0%)+MAXLOSS_CAP;213181.75;213193.71;36;0
2026.08.12 15:44:04;XAUUSD;5;1786548881;PROFIT_RATCHET_LOCKED;floor=3.71 peak=11.00;MANAGE_PROFIT;SAFE;1;1;1;-1;-1;4420.81;11.96;11.96;11.00;-4.40;KELLY_LITE;true;0.04;213181.75;0.0417;KELLY_LITE(mult=1.00 taper=1.00 n=1)+ATR_VOL(0.75@8.03)+HARD_RISK_CAP(2.0%)+MAXLOSS_CAP;213181.75;213193.71;36;0
2026.08.12 15:44:05;XAUUSD;5;1786548881;SL_MODIFIED;ticket=119032648 oldSL=4423.04 newSL=4423.28 reason=break_even_lock_leg_0;MANAGE_PROFIT;SAFE;1;1;1;-1;-1;4420.81;12.72;12.72;11.96;-4.40;KELLY_LITE;true;0.04;213181.75;0.0417;KELLY_LITE(mult=1.00 taper=1.00 n=1)+ATR_VOL(0.75@8.03)+HARD_RISK_CAP(2.0%)+MAXLOSS_CAP;213181.75;213194.47;36;0
2026.08.12 15:44:05;XAUUSD;5;1786548881;PROFIT_RATCHET_LOCKED;floor=4.04 peak=11.96;MANAGE_PROFIT;SAFE;1;1;1;-1;-1;4420.81;12.72;12.72;11.96;-4.40;KELLY_LITE;true;0.04;213181.75;0.0417;KELLY_LITE(mult=1.00 taper=1.00 n=1)+ATR_VOL(0.75@8.03)+HARD_RISK_CAP(2.0%)+MAXLOSS_CAP;213181.75;213194.47;36;0
2026.08.12 15:44:05;XAUUSD;5;1786548881;SL_MODIFIED;ticket=119032648 oldSL=4423.28 newSL=4423.47 reason=break_even_lock_leg_0;MANAGE_PROFIT;SAFE;1;1;1;-1;-1;4420.81;12.64;12.64;12.72;-4.40;KELLY_LITE;true;0.04;213181.75;0.0417;KELLY_LITE(mult=1.00 taper=1.00 n=1)+ATR_VOL(0.75@8.03)+HARD_RISK_CAP(2.0%)+MAXLOSS_CAP;213181.75;213194.39;36;0
2026.08.12 15:44:05;XAUUSD;5;1786548881;PROFIT_RATCHET_LOCKED;floor=4.29 peak=12.72;MANAGE_PROFIT;SAFE;1;1;1;-1;-1;4420.81;12.64;12.64;12.72;-4.40;KELLY_LITE;true;0.04;213181.75;0.0417;KELLY_LITE(mult=1.00 taper=1.00 n=1)+ATR_VOL(0.75@8.03)+HARD_RISK_CAP(2.0%)+MAXLOSS_CAP;213181.75;213194.39;36;0
2026.08.12 15:44:05;XAUUSD;5;1786548881;PROFIT_RATCHET_LOCKED;floor=4.29 peak=12.72;MANAGE_PROFIT;SAFE;1;1;1;-1;-1;4420.81;12.64;12.64;12.72;-4.40;KELLY_LITE;true;0.04;213181.75;0.0417;KELLY_LITE(mult=1.00 taper=1.00 n=1)+ATR_VOL(0.75@8.03)+HARD_RISK_CAP(2.0%)+MAXLOSS_CAP;213181.75;213194.39;36;0
2026.08.12 15:44:06;XAUUSD;5;1786548881;PROFIT_RATCHET_LOCKED;floor=4.29 peak=12.72;MANAGE_PROFIT;SAFE;1;1;1;-1;-1;4420.81;12.56;12.56;12.72;-4.40;KELLY_LITE;true;0.04;213181.75;0.0417;KELLY_LITE(mult=1.00 taper=1.00 n=1)+ATR_VOL(0.75@8.03)+HARD_RISK_CAP(2.0%)+MAXLOSS_CAP;213181.75;213194.31;36;0
2026.08.12 15:44:06;XAUUSD;5;1786548881;PROFIT_RATCHET_LOCKED;floor=4.29 peak=12.72;MANAGE_PROFIT;SAFE;1;1;1;-1;-1;4420.81;12.72;12.72;12.72;-4.40;KELLY_LITE;true;0.04;213181.75;0.0417;KELLY_LITE(mult=1.00 taper=1.00 n=1)+ATR_VOL(0.75@8.03)+HARD_RISK_CAP(2.0%)+MAXLOSS_CAP;213181.75;213194.47;36;0
2026.08.12 15:44:07;XAUUSD;5;1786548881;SL_MODIFIED;ticket=119032648 oldSL=4423.47 newSL=4423.50 reason=break_even_lock_leg_0;MANAGE_PROFIT;SAFE;1;1;1;-1;-1;4420.81;12.92;12.92;12.84;-4.40;KELLY_LITE;true;0.04;213181.75;0.0417;KELLY_LITE(mult=1.00 taper=1.00 n=1)+ATR_VOL(0.75@8.03)+HARD_RISK_CAP(2.0%)+MAXLOSS_CAP;213181.75;213194.67;36;0
2026.08.12 15:44:07;XAUUSD;5;1786548881;PROFIT_RATCHET_LOCKED;floor=4.33 peak=12.84;MANAGE_PROFIT;SAFE;1;1;1;-1;-1;4420.81;12.92;12.92;12.84;-4.40;KELLY_LITE;true;0.04;213181.75;0.0417;KELLY_LITE(mult=1.00 taper=1.00 n=1)+ATR_VOL(0.75@8.03)+HARD_RISK_CAP(2.0%)+MAXLOSS_CAP;213181.75;213194.67;36;0
2026.08.12 15:44:07;XAUUSD;5;1786548881;SL_MODIFY_FAILED;ticket=119032648 newSL=4423.52 reason=break_even_lock_leg_0 err=0;MANAGE_PROFIT;SAFE;1;1;1;-1;-1;4420.81;12.72;12.72;12.92;-4.40;KELLY_LITE;true;0.04;213181.75;0.0417;KELLY_LITE(mult=1.00 taper=1.00 n=1)+ATR_VOL(0.75@8.03)+HARD_RISK_CAP(2.0%)+MAXLOSS_CAP;213181.75;213194.47;36;0
2026.08.12 15:44:07;XAUUSD;5;1786548881;PROFIT_RATCHET_LOCKED;floor=4.36 peak=12.92;MANAGE_PROFIT;SAFE;1;1;1;-1;-1;4420.81;12.72;12.72;12.92;-4.40;KELLY_LITE;true;0.04;213181.75;0.0417;KELLY_LITE(mult=1.00 taper=1.00 n=1)+ATR_VOL(0.75@8.03)+HARD_RISK_CAP(2.0%)+MAXLOSS_CAP;213181.75;213194.47;36;0
2026.08.12 15:44:07;XAUUSD;5;1786548881;PROFIT_RATCHET_LOCKED;floor=4.36 peak=12.92;MANAGE_PROFIT;SAFE;1;1;1;-1;-1;4420.81;12.72;12.72;12.92;-4.40;KELLY_LITE;true;0.04;213181.75;0.0417;KELLY_LITE(mult=1.00 taper=1.00 n=1)+ATR_VOL(0.75@8.03)+HARD_RISK_CAP(2.0%)+MAXLOSS_CAP;213181.75;213194.47;36;0
2026.08.12 15:44:07;XAUUSD;5;1786548881;PROFIT_RATCHET_LOCKED;floor=4.36 peak=12.92;MANAGE_PROFIT;SAFE;1;1;1;-1;-1;4420.81;12.20;12.20;12.92;-4.40;KELLY_LITE;true;0.04;213181.75;0.0417;KELLY_LITE(mult=1.00 taper=1.00 n=1)+ATR_VOL(0.75@8.03)+HARD_RISK_CAP(2.0%)+MAXLOSS_CAP;213181.75;213193.95;36;0
2026.08.12 15:44:07;XAUUSD;5;1786548881;PROFIT_RATCHET_LOCKED;floor=4.36 peak=12.92;MANAGE_PROFIT;SAFE;1;1;1;-1;-1;4420.81;12.84;12.84;12.92;-4.40;KELLY_LITE;true;0.04;213181.75;0.0417;KELLY_LITE(mult=1.00 taper=1.00 n=1)+ATR_VOL(0.75@8.03)+HARD_RISK_CAP(2.0%)+MAXLOSS_CAP;213181.75;213194.59;36;0
2026.08.12 15:44:08;XAUUSD;5;1786548881;PROFIT_RATCHET_LOCKED;floor=4.36 peak=12.92;MANAGE_PROFIT;SAFE;1;1;1;-1;-1;4420.81;12.80;12.80;12.92;-4.40;KELLY_LITE;true;0.04;213181.75;0.0417;KELLY_LITE(mult=1.00 taper=1.00 n=1)+ATR_VOL(0.75@8.03)+HARD_RISK_CAP(2.0%)+MAXLOSS_CAP;213181.75;213194.55;36;0
2026.08.12 15:44:08;XAUUSD;5;1786548881;PROFIT_RATCHET_LOCKED;floor=4.36 peak=12.92;MANAGE_PROFIT;SAFE;1;1;1;-1;-1;4420.81;11.96;11.96;12.92;-4.40;KELLY_LITE;true;0.04;213181.75;0.0417;KELLY_LITE(mult=1.00 taper=1.00 n=1)+ATR_VOL(0.75@8.03)+HARD_RISK_CAP(2.0%)+MAXLOSS_CAP;213181.75;213193.71;36;0
2026.08.12 15:44:08;XAUUSD;5;1786548881;PROFIT_RATCHET_LOCKED;floor=4.36 peak=12.92;MANAGE_PROFIT;SAFE;1;1;1;-1;-1;4420.81;12.08;12.08;12.92;-4.40;KELLY_LITE;true;0.04;213181.75;0.0417;KELLY_LITE(mult=1.00 taper=1.00 n=1)+ATR_VOL(0.75@8.03)+HARD_RISK_CAP(2.0%)+MAXLOSS_CAP;213181.75;213193.83;36;0
2026.08.12 15:44:08;XAUUSD;5;1786548881;PROFIT_RATCHET_LOCKED;floor=4.36 peak=12.92;MANAGE_PROFIT;SAFE;1;1;1;-1;-1;4420.81;11.80;11.80;12.92;-4.40;KELLY_LITE;true;0.04;213181.75;0.0417;KELLY_LITE(mult=1.00 taper=1.00 n=1)+ATR_VOL(0.75@8.03)+HARD_RISK_CAP(2.0%)+MAXLOSS_CAP;213181.75;213193.55;36;0
2026.08.12 15:44:09;XAUUSD;5;1786548881;PROFIT_RATCHET_LOCKED;floor=4.36 peak=12.92;MANAGE_PROFIT;SAFE;1;1;1;-1;-1;4420.81;12.24;12.24;12.92;-4.40;KELLY_LITE;true;0.04;213181.75;0.0417;KELLY_LITE(mult=1.00 taper=1.00 n=1)+ATR_VOL(0.75@8.03)+HARD_RISK_CAP(2.0%)+MAXLOSS_CAP;213181.75;213193.99;36;0
2026.08.12 15:44:09;XAUUSD;5;1786548881;PROFIT_RATCHET_LOCKED;floor=4.36 peak=12.92;MANAGE_PROFIT;SAFE;1;1;1;-1;-1;4420.81;11.48;11.48;12.92;-4.40;KELLY_LITE;true;0.04;213181.75;0.0417;KELLY_LITE(mult=1.00 taper=1.00 n=1)+ATR_VOL(0.75@8.03)+HARD_RISK_CAP(2.0%)+MAXLOSS_CAP;213181.75;213193.23;36;0
2026.08.12 15:44:09;XAUUSD;5;1786548881;PROFIT_RATCHET_LOCKED;floor=4.36 peak=12.92;MANAGE_PROFIT;SAFE;1;1;1;-1;-1;4420.81;12.52;12.52;12.92;-4.40;KELLY_LITE;true;0.04;213181.75;0.0417;KELLY_LITE(mult=1.00 taper=1.00 n=1)+ATR_VOL(0.75@8.03)+HARD_RISK_CAP(2.0%)+MAXLOSS_CAP;213181.75;213194.27;36;0
2026.08.12 15:44:09;XAUUSD;5;1786548881;PROFIT_RATCHET_LOCKED;floor=4.36 peak=12.92;MANAGE_PROFIT;SAFE;1;1;1;-1;-1;4420.81;12.48;12.48;12.92;-4.40;KELLY_LITE;true;0.04;213181.75;0.0417;KELLY_LITE(mult=1.00 taper=1.00 n=1)+ATR_VOL(0.75@8.03)+HARD_RISK_CAP(2.0%)+MAXLOSS_CAP;213181.75;213194.23;36;0
2026.08.12 15:44:09;XAUUSD;5;1786548881;PROFIT_RATCHET_LOCKED;floor=4.36 peak=12.92;MANAGE_PROFIT;SAFE;1;1;1;-1;-1;4420.81;12.72;12.72;12.92;-4.40;KELLY_LITE;true;0.04;213181.75;0.0417;KELLY_LITE(mult=1.00 taper=1.00 n=1)+ATR_VOL(0.75@8.03)+HARD_RISK_CAP(2.0%)+MAXLOSS_CAP;213181.75;213194.47;36;0
2026.08.12 15:44:09;XAUUSD;5;1786548881;PROFIT_RATCHET_LOCKED;floor=4.36 peak=12.92;MANAGE_PROFIT;SAFE;1;1;1;-1;-1;4420.81;12.84;12.84;12.92;-4.40;KELLY_LITE;true;0.04;213181.75;0.0417;KELLY_LITE(mult=1.00 taper=1.00 n=1)+ATR_VOL(0.75@8.03)+HARD_RISK_CAP(2.0%)+MAXLOSS_CAP;213181.75;213194.59;33;0
2026.08.12 15:44:10;XAUUSD;5;1786548881;PROFIT_RATCHET_LOCKED;floor=4.36 peak=12.92;MANAGE_PROFIT;SAFE;1;1;1;-1;-1;4420.81;12.00;12.00;12.92;-4.40;KELLY_LITE;true;0.04;213181.75;0.0417;KELLY_LITE(mult=1.00 taper=1.00 n=1)+ATR_VOL(0.75@8.03)+HARD_RISK_CAP(2.0%)+MAXLOSS_CAP;213181.75;213193.75;37;0
2026.08.12 15:44:10;XAUUSD;5;1786548881;PROFIT_RATCHET_LOCKED;floor=4.36 peak=12.92;MANAGE_PROFIT;SAFE;1;1;1;-1;-1;4420.81;11.88;11.88;12.92;-4.40;KELLY_LITE;true;0.04;213181.75;0.0417;KELLY_LITE(mult=1.00 taper=1.00 n=1)+ATR_VOL(0.75@8.03)+HARD_RISK_CAP(2.0%)+MAXLOSS_CAP;213181.75;213193.63;36;0
2026.08.12 15:44:10;XAUUSD;5;1786548881;PROFIT_RATCHET_LOCKED;floor=4.36 peak=12.92;MANAGE_PROFIT;SAFE;1;1;1;-1;-1;4420.81;11.76;11.76;12.92;-4.40;KELLY_LITE;true;0.04;213181.75;0.0417;KELLY_LITE(mult=1.00 taper=1.00 n=1)+ATR_VOL(0.75@8.03)+HARD_RISK_CAP(2.0%)+MAXLOSS_CAP;213181.75;213193.51;36;0
2026.08.12 15:44:10;XAUUSD;5;1786548881;PROFIT_RATCHET_LOCKED;floor=4.36 peak=12.92;MANAGE_PROFIT;SAFE;1;1;1;-1;-1;4420.81;11.96;11.96;12.92;-4.40;KELLY_LITE;true;0.04;213181.75;0.0417;KELLY_LITE(mult=1.00 taper=1.00 n=1)+ATR_VOL(0.75@8.03)+HARD_RISK_CAP(2.0%)+MAXLOSS_CAP;213181.75;213193.71;36;0
2026.08.12 15:44:10;XAUUSD;5;1786548881;PROFIT_RATCHET_LOCKED;floor=4.36 peak=12.92;MANAGE_PROFIT;SAFE;1;1;1;-1;-1;4420.81;12.40;12.40;12.92;-4.40;KELLY_LITE;true;0.04;213181.75;0.0417;KELLY_LITE(mult=1.00 taper=1.00 n=1)+ATR_VOL(0.75@8.03)+HARD_RISK_CAP(2.0%)+MAXLOSS_CAP;213181.75;213194.15;36;0
2026.08.12 15:44:11;XAUUSD;5;1786548881;PROFIT_RATCHET_LOCKED;floor=4.36 peak=12.92;MANAGE_PROFIT;SAFE;1;1;1;-1;-1;4420.81;12.44;12.44;12.92;-4.40;KELLY_LITE;true;0.04;213181.75;0.0417;KELLY_LITE(mult=1.00 taper=1.00 n=1)+ATR_VOL(0.75@8.03)+HARD_RISK_CAP(2.0%)+MAXLOSS_CAP;213181.75;213194.19;36;0
2026.08.12 15:44:11;XAUUSD;5;1786548881;PROFIT_RATCHET_LOCKED;floor=4.36 peak=12.92;MANAGE_PROFIT;SAFE;1;1;1;-1;-1;4420.81;12.60;12.60;12.92;-4.40;KELLY_LITE;true;0.04;213181.75;0.0417;KELLY_LITE(mult=1.00 taper=1.00 n=1)+ATR_VOL(0.75@8.03)+HARD_RISK_CAP(2.0%)+MAXLOSS_CAP;213181.75;213194.35;36;0
2026.08.12 15:44:11;XAUUSD;5;1786548881;PROFIT_RATCHET_LOCKED;floor=4.36 peak=12.92;MANAGE_PROFIT;SAFE;1;1;1;-1;-1;4420.81;11.92;11.92;12.92;-4.40;KELLY_LITE;true;0.04;213181.75;0.0417;KELLY_LITE(mult=1.00 taper=1.00 n=1)+ATR_VOL(0.75@8.03)+HARD_RISK_CAP(2.0%)+MAXLOSS_CAP;213181.75;213193.67;36;0
2026.08.12 15:44:11;XAUUSD;5;1786548881;PROFIT_RATCHET_LOCKED;floor=4.36 peak=12.92;MANAGE_PROFIT;SAFE;1;1;1;-1;-1;4420.81;10.96;10.96;12.92;-4.40;KELLY_LITE;true;0.04;213181.75;0.0417;KELLY_LITE(mult=1.00 taper=1.00 n=1)+ATR_VOL(0.75@8.03)+HARD_RISK_CAP(2.0%)+MAXLOSS_CAP;213181.75;213192.71;36;0
2026.08.12 15:44:11;XAUUSD;5;1786548881;PROFIT_RATCHET_LOCKED;floor=4.36 peak=12.92;MANAGE_PROFIT;SAFE;1;1;1;-1;-1;4420.81;10.88;10.88;12.92;-4.40;KELLY_LITE;true;0.04;213181.75;0.0417;KELLY_LITE(mult=1.00 taper=1.00 n=1)+ATR_VOL(0.75@8.03)+HARD_RISK_CAP(2.0%)+MAXLOSS_CAP;213181.75;213192.63;36;0
2026.08.12 15:44:12;XAUUSD;5;1786548881;PROFIT_RATCHET_LOCKED;floor=4.36 peak=12.92;MANAGE_PROFIT;SAFE;1;1;1;-1;-1;4420.81;10.92;10.92;12.92;-4.40;KELLY_LITE;true;0.04;213181.75;0.0417;KELLY_LITE(mult=1.00 taper=1.00 n=1)+ATR_VOL(0.75@8.03)+HARD_RISK_CAP(2.0%)+MAXLOSS_CAP;213181.75;213192.67;36;0
2026.08.12 15:44:12;XAUUSD;5;1786548881;PROFIT_RATCHET_LOCKED;floor=4.36 peak=12.92;MANAGE_PROFIT;SAFE;1;1;1;-1;-1;4420.81;11.12;11.12;12.92;-4.40;KELLY_LITE;true;0.04;213181.75;0.0417;KELLY_LITE(mult=1.00 taper=1.00 n=1)+ATR_VOL(0.75@8.03)+HARD_RISK_CAP(2.0%)+MAXLOSS_CAP;213181.75;213192.87;36;0
2026.08.12 15:44:12;XAUUSD;5;1786548881;RECONCILED_BROKER_CLOSE;ticket=119032648 type=main pnl=10.76;MANAGE_PROFIT;SAFE;0;1;1;-1;-1;4420.81;0.00;0.00;12.92;-4.40;KELLY_LITE;true;0.04;213181.75;0.0417;KELLY_LITE(mult=1.00 taper=1.00 n=1)+ATR_VOL(0.75@8.03)+HARD_RISK_CAP(2.0%)+MAXLOSS_CAP;213192.51;213192.51;36;0
2026.08.12 15:44:13;XAUUSD;5;1786548881;PENDING_DELETED;ticket=119033008 reason=main_gone_hedge_pending;WAIT_TRIGGER;SAFE;0;0;1;-1;-1;4420.81;0.00;0.00;12.92;-4.40;KELLY_LITE;true;0.04;213181.75;0.0417;KELLY_LITE(mult=1.00 taper=1.00 n=1)+ATR_VOL(0.75@8.03)+HARD_RISK_CAP(2.0%)+MAXLOSS_CAP;213192.51;213192.51;36;0
2026.08.12 15:44:13;XAUUSD;5;1786548881;HEDGE_PENDING_CLEANUP;main_position_gone;WAIT_TRIGGER;SAFE;0;0;1;-1;-1;4420.81;0.00;0.00;12.92;-4.40;KELLY_LITE;true;0.04;213181.75;0.0417;KELLY_LITE(mult=1.00 taper=1.00 n=1)+ATR_VOL(0.75@8.03)+HARD_RISK_CAP(2.0%)+MAXLOSS_CAP;213192.51;213192.51;36;0
2026.08.12 15:44:13;XAUUSD;5;1786548881;CYCLE_RESET;oldState=WAIT_TRIGGER realizedPnL=10.76 peak=12.92 worst=-4.40 pyramid=1 consLosses=0;WAIT_TRIGGER;SAFE;0;0;1;-1;-1;4420.81;0.00;0.00;12.92;-4.40;KELLY_LITE;true;0.04;213181.75;0.0417;KELLY_LITE(mult=1.00 taper=1.00 n=1)+ATR_VOL(0.75@8.03)+HARD_RISK_CAP(2.0%)+MAXLOSS_CAP;213192.51;213192.51;36;0
2026.08.12 15:49:13;XAUUSD;5;1786548881;FILTER_BLOCK_TREND_DISAGREE;TREND_DISAGREE (main=1 fast=-1 rsi=50.6, no extreme);BLOCKED;SAFE;0;0;0;-1;-1;0.00;0.00;0.00;0.00;0.00;KELLY_LITE;true;0.04;213181.75;0.0417;KELLY_LITE(mult=1.00 taper=1.00 n=1)+ATR_VOL(0.75@8.03)+HARD_RISK_CAP(2.0%)+MAXLOSS_CAP;213192.51;213192.51;33;0
2026.08.12 15:54:13;XAUUSD;5;1786548881;FILTER_BLOCK_TREND_DISAGREE;TREND_DISAGREE (main=1 fast=-1 rsi=48.2, no extreme);BLOCKED;SAFE;0;0;0;-1;-1;0.00;0.00;0.00;0.00;0.00;KELLY_LITE;true;0.04;213181.75;0.0417;KELLY_LITE(mult=1.00 taper=1.00 n=1)+ATR_VOL(0.75@8.03)+HARD_RISK_CAP(2.0%)+MAXLOSS_CAP;213192.51;213192.51;36;0
2026.08.12 15:59:13;XAUUSD;5;1786548881;FILTER_BLOCK_TREND_DISAGREE;TREND_DISAGREE (main=1 fast=-1 rsi=48.6, no extreme);BLOCKED;SAFE;0;0;0;-1;-1;0.00;0.00;0.00;0.00;0.00;KELLY_LITE;true;0.04;213181.75;0.0417;KELLY_LITE(mult=1.00 taper=1.00 n=1)+ATR_VOL(0.75@8.03)+HARD_RISK_CAP(2.0%)+MAXLOSS_CAP;213192.51;213192.51;36;0
2026.08.12 16:04:13;XAUUSD;5;1786548881;FILTER_BLOCK_TREND_DISAGREE;TREND_DISAGREE (main=1 fast=-1 rsi=48.1, no extreme);BLOCKED;SAFE;0;0;0;-1;-1;0.00;0.00;0.00;0.00;0.00;KELLY_LITE;true;0.04;213181.75;0.0417;KELLY_LITE(mult=1.00 taper=1.00 n=1)+ATR_VOL(0.75@8.03)+HARD_RISK_CAP(2.0%)+MAXLOSS_CAP;213192.51;213192.51;36;0
2026.08.12 16:09:13;XAUUSD;5;1786548881;FILTER_BLOCK_ADX_WEAK_MAIN;ADX_WEAK_MAIN (adx=15.1 min=20.0);BLOCKED;SAFE;0;0;0;-1;-1;0.00;0.00;0.00;0.00;0.00;KELLY_LITE;true;0.04;213181.75;0.0417;KELLY_LITE(mult=1.00 taper=1.00 n=1)+ATR_VOL(0.75@8.03)+HARD_RISK_CAP(2.0%)+MAXLOSS_CAP;213192.51;213192.51;36;0
2026.08.12 16:14:13;XAUUSD;5;1786548881;FILTER_BLOCK_TREND_DISAGREE;TREND_DISAGREE (main=1 fast=-1 rsi=48.5, no extreme);BLOCKED;SAFE;0;0;0;-1;-1;0.00;0.00;0.00;0.00;0.00;KELLY_LITE;true;0.04;213181.75;0.0417;KELLY_LITE(mult=1.00 taper=1.00 n=1)+ATR_VOL(0.75@8.03)+HARD_RISK_CAP(2.0%)+MAXLOSS_CAP;213192.51;213192.51;36;0
2026.08.12 16:19:13;XAUUSD;5;1786548881;FILTER_BLOCK_ADX_WEAK_MAIN;ADX_WEAK_MAIN (adx=15.0 min=20.0);BLOCKED;SAFE;0;0;0;-1;-1;0.00;0.00;0.00;0.00;0.00;KELLY_LITE;true;0.04;213181.75;0.0417;KELLY_LITE(mult=1.00 taper=1.00 n=1)+ATR_VOL(0.75@8.03)+HARD_RISK_CAP(2.0%)+MAXLOSS_CAP;213192.51;213192.51;33;0
2026.08.12 16:24:13;XAUUSD;5;1786548881;FILTER_BLOCK_ADX_WEAK_MAIN;ADX_WEAK_MAIN (adx=14.2 min=20.0);BLOCKED;SAFE;0;0;0;-1;-1;0.00;0.00;0.00;0.00;0.00;KELLY_LITE;true;0.04;213181.75;0.0417;KELLY_LITE(mult=1.00 taper=1.00 n=1)+ATR_VOL(0.75@8.03)+HARD_RISK_CAP(2.0%)+MAXLOSS_CAP;213192.51;213192.51;36;0
2026.08.12 16:29:13;XAUUSD;5;1786548881;FILTER_BLOCK_ADX_WEAK_MAIN;ADX_WEAK_MAIN (adx=14.8 min=20.0);BLOCKED;SAFE;0;0;0;-1;-1;0.00;0.00;0.00;0.00;0.00;KELLY_LITE;true;0.04;213181.75;0.0417;KELLY_LITE(mult=1.00 taper=1.00 n=1)+ATR_VOL(0.75@8.03)+HARD_RISK_CAP(2.0%)+MAXLOSS_CAP;213192.51;213192.51;36;0
2026.08.12 16:34:13;XAUUSD;5;1786548881;FILTER_BLOCK_ADX_WEAK_MAIN;ADX_WEAK_MAIN (adx=13.9 min=20.0);BLOCKED;SAFE;0;0;0;-1;-1;0.00;0.00;0.00;0.00;0.00;KELLY_LITE;true;0.04;213181.75;0.0417;KELLY_LITE(mult=1.00 taper=1.00 n=1)+ATR_VOL(0.75@8.03)+HARD_RISK_CAP(2.0%)+MAXLOSS_CAP;213192.51;213192.51;36;0
2026.08.12 16:39:13;XAUUSD;5;1786548881;FILTER_BLOCK_TREND_DISAGREE;TREND_DISAGREE (main=1 fast=-1 rsi=45.7, no extreme);BLOCKED;SAFE;0;0;0;-1;-1;0.00;0.00;0.00;0.00;0.00;KELLY_LITE;true;0.04;213181.75;0.0417;KELLY_LITE(mult=1.00 taper=1.00 n=1)+ATR_VOL(0.75@8.03)+HARD_RISK_CAP(2.0%)+MAXLOSS_CAP;213192.51;213192.51;36;0
2026.08.12 16:44:13;XAUUSD;5;1786548881;FILTER_BLOCK_TREND_DISAGREE;TREND_DISAGREE (main=1 fast=-1 rsi=47.7, no extreme);BLOCKED;SAFE;0;0;0;-1;-1;0.00;0.00;0.00;0.00;0.00;KELLY_LITE;true;0.04;213181.75;0.0417;KELLY_LITE(mult=1.00 taper=1.00 n=1)+ATR_VOL(0.75@8.03)+HARD_RISK_CAP(2.0%)+MAXLOSS_CAP;213192.51;213192.51;36;0
2026.08.12 16:49:13;XAUUSD;5;1786548881;FILTER_BLOCK_TREND_DISAGREE;TREND_DISAGREE (main=1 fast=-1 rsi=45.0, no extreme);BLOCKED;SAFE;0;0;0;-1;-1;0.00;0.00;0.00;0.00;0.00;KELLY_LITE;true;0.04;213181.75;0.0417;KELLY_LITE(mult=1.00 taper=1.00 n=1)+ATR_VOL(0.75@8.03)+HARD_RISK_CAP(2.0%)+MAXLOSS_CAP;213192.51;213192.51;35;0
2026.08.12 16:54:13;XAUUSD;5;1786548881;FILTER_BLOCK_ADX_WEAK_MAIN;ADX_WEAK_MAIN (adx=19.0 min=20.0);BLOCKED;SAFE;0;0;0;-1;-1;0.00;0.00;0.00;0.00;0.00;KELLY_LITE;true;0.04;213181.75;0.0417;KELLY_LITE(mult=1.00 taper=1.00 n=1)+ATR_VOL(0.75@8.03)+HARD_RISK_CAP(2.0%)+MAXLOSS_CAP;213192.51;213192.51;36;0
2026.08.12 16:59:13;XAUUSD;5;1786548881;FILTER_BLOCK_TREND;TREND_NEUTRAL_EMA;BLOCKED;SAFE;0;0;0;-1;-1;0.00;0.00;0.00;0.00;0.00;KELLY_LITE;true;0.04;213181.75;0.0417;KELLY_LITE(mult=1.00 taper=1.00 n=1)+ATR_VOL(0.75@8.03)+HARD_RISK_CAP(2.0%)+MAXLOSS_CAP;213192.51;213192.51;33;0
2026.08.12 17:04:13;XAUUSD;5;1786548881;FILTER_BLOCK_TREND;TREND_NEUTRAL_EMA;BLOCKED;SAFE;0;0;0;-1;-1;0.00;0.00;0.00;0.00;0.00;KELLY_LITE;true;0.04;213181.75;0.0417;KELLY_LITE(mult=1.00 taper=1.00 n=1)+ATR_VOL(0.75@8.03)+HARD_RISK_CAP(2.0%)+MAXLOSS_CAP;213192.51;213192.51;36;0
2026.08.12 17:09:13;XAUUSD;5;1786548881;FILTER_BLOCK_TREND;TREND_NEUTRAL_EMA;BLOCKED;SAFE;0;0;0;-1;-1;0.00;0.00;0.00;0.00;0.00;KELLY_LITE;true;0.04;213181.75;0.0417;KELLY_LITE(mult=1.00 taper=1.00 n=1)+ATR_VOL(0.75@8.03)+HARD_RISK_CAP(2.0%)+MAXLOSS_CAP;213192.51;213192.51;36;0
2026.08.12 17:14:13;XAUUSD;5;1786548881;FILTER_BLOCK_TREND;TREND_NEUTRAL_EMA;BLOCKED;SAFE;0;0;0;-1;-1;0.00;0.00;0.00;0.00;0.00;KELLY_LITE;true;0.04;213181.75;0.0417;KELLY_LITE(mult=1.00 taper=1.00 n=1)+ATR_VOL(0.75@8.03)+HARD_RISK_CAP(2.0%)+MAXLOSS_CAP;213192.51;213192.51;36;0
2026.08.12 17:19:13;XAUUSD;5;1786548881;FILTER_BLOCK_TREND;TREND_NEUTRAL_EMA;BLOCKED;SAFE;0;0;0;-1;-1;0.00;0.00;0.00;0.00;0.00;KELLY_LITE;true;0.04;213181.75;0.0417;KELLY_LITE(mult=1.00 taper=1.00 n=1)+ATR_VOL(0.75@8.03)+HARD_RISK_CAP(2.0%)+MAXLOSS_CAP;213192.51;213192.51;33;0
2026.08.12 17:24:14;XAUUSD;5;1786548881;FILTER_BLOCK_TREND;TREND_NEUTRAL_EMA;BLOCKED;SAFE;0;0;0;-1;-1;0.00;0.00;0.00;0.00;0.00;KELLY_LITE;true;0.04;213181.75;0.0417;KELLY_LITE(mult=1.00 taper=1.00 n=1)+ATR_VOL(0.75@8.03)+HARD_RISK_CAP(2.0%)+MAXLOSS_CAP;213192.51;213192.51;33;0
2026.08.12 17:29:14;XAUUSD;5;1786548881;FILTER_BLOCK_TREND_DISAGREE;TREND_DISAGREE (main=1 fast=-1 rsi=55.4, no extreme);BLOCKED;SAFE;0;0;0;-1;-1;0.00;0.00;0.00;0.00;0.00;KELLY_LITE;true;0.04;213181.75;0.0417;KELLY_LITE(mult=1.00 taper=1.00 n=1)+ATR_VOL(0.75@8.03)+HARD_RISK_CAP(2.0%)+MAXLOSS_CAP;213192.51;213192.51;35;0
2026.08.12 17:34:14;XAUUSD;5;1786548881;FILTER_BLOCK_ADX_WEAK_MAIN;ADX_WEAK_MAIN (adx=18.9 min=20.0);BLOCKED;SAFE;0;0;0;-1;-1;0.00;0.00;0.00;0.00;0.00;KELLY_LITE;true;0.04;213181.75;0.0417;KELLY_LITE(mult=1.00 taper=1.00 n=1)+ATR_VOL(0.75@8.03)+HARD_RISK_CAP(2.0%)+MAXLOSS_CAP;213192.51;213192.51;36;0
2026.08.12 17:39:14;XAUUSD;5;1786548881;FILTER_BLOCK_TREND;TREND_NEUTRAL_EMA;BLOCKED;SAFE;0;0;0;-1;-1;0.00;0.00;0.00;0.00;0.00;KELLY_LITE;true;0.04;213181.75;0.0417;KELLY_LITE(mult=1.00 taper=1.00 n=1)+ATR_VOL(0.75@8.03)+HARD_RISK_CAP(2.0%)+MAXLOSS_CAP;213192.51;213192.51;33;0
2026.08.12 17:44:14;XAUUSD;5;1786548881;FILTER_BLOCK_TREND;TREND_NEUTRAL_EMA;BLOCKED;SAFE;0;0;0;-1;-1;0.00;0.00;0.00;0.00;0.00;KELLY_LITE;true;0.04;213181.75;0.0417;KELLY_LITE(mult=1.00 taper=1.00 n=1)+ATR_VOL(0.75@8.03)+HARD_RISK_CAP(2.0%)+MAXLOSS_CAP;213192.51;213192.51;33;0
2026.08.12 17:49:14;XAUUSD;5;1786548881;FILTER_BLOCK_TREND;TREND_NEUTRAL_EMA;BLOCKED;SAFE;0;0;0;-1;-1;0.00;0.00;0.00;0.00;0.00;KELLY_LITE;true;0.04;213181.75;0.0417;KELLY_LITE(mult=1.00 taper=1.00 n=1)+ATR_VOL(0.75@8.03)+HARD_RISK_CAP(2.0%)+MAXLOSS_CAP;213192.51;213192.51;36;0
2026.08.12 17:54:14;XAUUSD;5;1786548882;PLACE_PENDING_START;cycle=1786548882 trend=-1 consecLosses=0 preset=AGGRESSIVE;PLACE_PENDING;SAFE;0;0;0;-1;-1;0.00;0.00;0.00;0.00;0.00;KELLY_LITE;true;0.04;213181.75;0.0417;KELLY_LITE(mult=1.00 taper=1.00 n=1)+ATR_VOL(0.75@8.03)+HARD_RISK_CAP(2.0%)+MAXLOSS_CAP;213192.51;213192.51;36;0
2026.08.12 17:54:14;XAUUSD;5;1786548882;DIR_OCO_PLACED;dir=BEAR ticket=119073328 price=4402.67 sl=4417.67 tp=4380.17 lot=0.03 dist=2.29;PLACE_PENDING;SAFE;0;1;0;-1;119073328;0.00;0.00;0.00;0.00;0.00;KELLY_LITE;true;0.04;213192.51;0.0417;KELLY_LITE(mult=1.00 taper=1.00 n=2)+TIME_REDUCE(50%)+HARD_RISK_CAP(2.0%)+MAXLOSS_CAP;213192.51;213192.51;36;0
2026.08.12 17:54:15;XAUUSD;5;1786548882;DIR_OCO_COUNTER_PLACED;dir=BULL(counter) ticket=119073331 price=4407.63 lot=0.03;PLACE_PENDING;SAFE;0;2;0;119073331;119073328;0.00;0.00;0.00;0.00;0.00;KELLY_LITE;true;0.04;213192.51;0.0417;KELLY_LITE(mult=1.00 taper=1.00 n=2)+TIME_REDUCE(50%)+HARD_RISK_CAP(2.0%)+MAXLOSS_CAP;213192.51;213192.51;36;0
2026.08.12 17:54:21;XAUUSD;5;1786548882;SELL_STOP_TRAILED;Old=4402.67 New=4403.03;WAIT_TRIGGER;SAFE;0;2;0;119073331;119073328;0.00;0.00;0.00;0.00;0.00;KELLY_LITE;true;0.04;213192.51;0.0417;KELLY_LITE(mult=1.00 taper=1.00 n=2)+TIME_REDUCE(50%)+HARD_RISK_CAP(2.0%)+MAXLOSS_CAP;213192.51;213192.51;36;0
2026.08.12 17:54:30;XAUUSD;5;1786548882;BUY_STOP_TRAILED;Old=4407.63 New=4407.29;WAIT_TRIGGER;SAFE;0;2;0;119073331;119073328;0.00;0.00;0.00;0.00;0.00;KELLY_LITE;true;0.04;213192.51;0.0417;KELLY_LITE(mult=1.00 taper=1.00 n=2)+TIME_REDUCE(50%)+HARD_RISK_CAP(2.0%)+MAXLOSS_CAP;213192.51;213192.51;36;0
2026.08.12 17:54:33;XAUUSD;5;1786548882;BUY_STOP_TRAILED;Old=4407.29 New=4406.93;WAIT_TRIGGER;SAFE;0;2;0;119073331;119073328;0.00;0.00;0.00;0.00;0.00;KELLY_LITE;true;0.04;213192.51;0.0417;KELLY_LITE(mult=1.00 taper=1.00 n=2)+TIME_REDUCE(50%)+HARD_RISK_CAP(2.0%)+MAXLOSS_CAP;213192.51;213192.51;36;0
2026.08.12 17:55:11;XAUUSD;5;1786548882;BUY_STOP_TRAILED;Old=4406.93 New=4406.57;WAIT_TRIGGER;SAFE;0;2;0;119073331;119073328;0.00;0.00;0.00;0.00;0.00;KELLY_LITE;true;0.04;213192.51;0.0417;KELLY_LITE(mult=1.00 taper=1.00 n=2)+TIME_REDUCE(50%)+HARD_RISK_CAP(2.0%)+MAXLOSS_CAP;213192.51;213192.51;37;0
2026.08.12 17:55:26;XAUUSD;5;1786548882;BUY_STOP_TRAILED;Old=4406.57 New=4405.98;WAIT_TRIGGER;SAFE;0;2;0;119073331;119073328;0.00;0.00;0.00;0.00;0.00;KELLY_LITE;true;0.04;213192.51;0.0417;KELLY_LITE(mult=1.00 taper=1.00 n=2)+TIME_REDUCE(50%)+HARD_RISK_CAP(2.0%)+MAXLOSS_CAP;213192.51;213192.51;36;0
2026.08.12 17:55:28;XAUUSD;5;1786548882;OCO_TRIGGERED_SELL;ticket=119073328 entry=4403.03;POSITION_ACTIVE;SAFE;1;1;0;119073331;-1;0.00;-0.78;-0.78;0.00;0.00;KELLY_LITE;true;0.04;213192.51;0.0417;KELLY_LITE(mult=1.00 taper=1.00 n=2)+TIME_REDUCE(50%)+HARD_RISK_CAP(2.0%)+MAXLOSS_CAP;213192.51;213191.73;36;0
2026.08.12 17:55:28;XAUUSD;5;1786548882;PENDING_DELETED;ticket=119073331 reason=oco_sell_triggered;POSITION_ACTIVE;SAFE;1;0;0;119073331;-1;0.00;-0.18;-0.18;0.00;0.00;KELLY_LITE;true;0.04;213192.51;0.0417;KELLY_LITE(mult=1.00 taper=1.00 n=2)+TIME_REDUCE(50%)+HARD_RISK_CAP(2.0%)+MAXLOSS_CAP;213192.51;213192.33;36;0
2026.08.12 17:55:29;XAUUSD;5;1786548882;HEDGE_PENDING_PLACED;dir=BUY_STOP ticket=119073629 price=4406.09 sl=4403.09 lot=0.05 mainEntry=4403.03 dist=3.00 confirmBars=1;POSITION_ACTIVE;SAFE;1;1;1;-1;-1;4403.03;-0.18;-0.18;0.00;-0.18;KELLY_LITE;true;0.04;213192.51;0.0417;KELLY_LITE(mult=1.00 taper=1.00 n=2)+TIME_REDUCE(50%)+HARD_RISK_CAP(2.0%)+MAXLOSS_CAP;213192.51;213192.33;36;0
2026.08.12 17:56:20;XAUUSD;5;1786548882;SL_MODIFIED;ticket=119073328 oldSL=4415.03 newSL=4400.87 reason=break_even_lock_leg_0;MANAGE_PROFIT;SAFE;1;1;1;-1;-1;4403.03;10.20;10.08;8.04;-2.04;KELLY_LITE;true;0.04;213192.51;0.0417;KELLY_LITE(mult=1.00 taper=1.00 n=2)+TIME_REDUCE(50%)+HARD_RISK_CAP(2.0%)+MAXLOSS_CAP;213192.51;213202.71;37;0
2026.08.12 17:56:20;XAUUSD;5;1786548882;PROFIT_RATCHET_LOCKED;floor=2.71 peak=8.04;MANAGE_PROFIT;SAFE;1;1;1;-1;-1;4403.03;10.20;10.08;8.04;-2.04;KELLY_LITE;true;0.04;213192.51;0.0417;KELLY_LITE(mult=1.00 taper=1.00 n=2)+TIME_REDUCE(50%)+HARD_RISK_CAP(2.0%)+MAXLOSS_CAP;213192.51;213202.71;37;0
2026.08.12 17:56:21;XAUUSD;5;1786548882;SL_MODIFIED;ticket=119073328 oldSL=4400.87 newSL=4400.19 reason=break_even_lock_leg_0;MANAGE_PROFIT;SAFE;1;1;1;-1;-1;4403.03;11.76;10.20;10.20;-2.04;KELLY_LITE;true;0.04;213192.51;0.0417;KELLY_LITE(mult=1.00 taper=1.00 n=2)+TIME_REDUCE(50%)+HARD_RISK_CAP(2.0%)+MAXLOSS_CAP;213192.51;213204.27;36;0
2026.08.12 17:56:21;XAUUSD;5;1786548882;PROFIT_RATCHET_LOCKED;floor=3.44 peak=10.20;MANAGE_PROFIT;SAFE;1;1;1;-1;-1;4403.03;11.76;10.20;10.20;-2.04;KELLY_LITE;true;0.04;213192.51;0.0417;KELLY_LITE(mult=1.00 taper=1.00 n=2)+TIME_REDUCE(50%)+HARD_RISK_CAP(2.0%)+MAXLOSS_CAP;213192.51;213204.27;36;0
2026.08.12 17:56:22;XAUUSD;5;1786548882;SL_MODIFIED;ticket=119073328 oldSL=4400.19 newSL=4400.15 reason=break_even_lock_leg_0;MANAGE_PROFIT;SAFE;1;1;1;-1;-1;4403.03;12.69;12.69;11.76;-2.04;KELLY_LITE;true;0.04;213192.51;0.0417;KELLY_LITE(mult=1.00 taper=1.00 n=2)+TIME_REDUCE(50%)+HARD_RISK_CAP(2.0%)+MAXLOSS_CAP;213192.51;213205.20;36;0
2026.08.12 17:56:22;XAUUSD;5;1786548882;PROFIT_RATCHET_LOCKED;floor=3.97 peak=11.76;MANAGE_PROFIT;SAFE;1;1;1;-1;-1;4403.03;12.69;12.69;11.76;-2.04;KELLY_LITE;true;0.04;213192.51;0.0417;KELLY_LITE(mult=1.00 taper=1.00 n=2)+TIME_REDUCE(50%)+HARD_RISK_CAP(2.0%)+MAXLOSS_CAP;213192.51;213205.20;36;0
2026.08.12 17:56:22;XAUUSD;5;1786548882;SL_MODIFIED;ticket=119073328 oldSL=4400.15 newSL=4399.32 reason=break_even_lock_leg_0;MANAGE_PROFIT;SAFE;1;1;1;-1;-1;4403.03;12.78;12.78;12.69;-2.04;KELLY_LITE;true;0.04;213192.51;0.0417;KELLY_LITE(mult=1.00 taper=1.00 n=2)+TIME_REDUCE(50%)+HARD_RISK_CAP(2.0%)+MAXLOSS_CAP;213192.51;213205.29;34;0
2026.08.12 17:56:22;XAUUSD;5;1786548882;PROFIT_RATCHET_LOCKED;floor=4.28 peak=12.69;MANAGE_PROFIT;SAFE;1;1;1;-1;-1;4403.03;12.78;12.78;12.69;-2.04;KELLY_LITE;true;0.04;213192.51;0.0417;KELLY_LITE(mult=1.00 taper=1.00 n=2)+TIME_REDUCE(50%)+HARD_RISK_CAP(2.0%)+MAXLOSS_CAP;213192.51;213205.29;34;0
2026.08.12 17:56:22;XAUUSD;5;1786548882;SL_MODIFIED;ticket=119073328 oldSL=4399.32 newSL=4399.29 reason=break_even_lock_leg_0;MANAGE_PROFIT;SAFE;1;1;1;-1;-1;4403.03;13.26;13.44;12.78;-2.04;KELLY_LITE;true;0.04;213192.51;0.0417;KELLY_LITE(mult=1.00 taper=1.00 n=2)+TIME_REDUCE(50%)+HARD_RISK_CAP(2.0%)+MAXLOSS_CAP;213192.51;213205.77;37;0
2026.08.12 17:56:22;XAUUSD;5;1786548882;PROFIT_RATCHET_LOCKED;floor=4.31 peak=12.78;MANAGE_PROFIT;SAFE;1;1;1;-1;-1;4403.03;13.26;13.44;12.78;-2.04;KELLY_LITE;true;0.04;213192.51;0.0417;KELLY_LITE(mult=1.00 taper=1.00 n=2)+TIME_REDUCE(50%)+HARD_RISK_CAP(2.0%)+MAXLOSS_CAP;213192.51;213205.77;37;0
2026.08.12 17:56:23;XAUUSD;5;1786548882;SL_MODIFIED;ticket=119073328 oldSL=4399.29 newSL=4399.13 reason=break_even_lock_leg_0 (retry buf=8pt);MANAGE_PROFIT;SAFE;1;1;1;-1;-1;4403.03;13.71;13.71;13.26;-2.04;KELLY_LITE;true;0.04;213192.51;0.0417;KELLY_LITE(mult=1.00 taper=1.00 n=2)+TIME_REDUCE(50%)+HARD_RISK_CAP(2.0%)+MAXLOSS_CAP;213192.51;213206.22;36;0
2026.08.12 17:56:23;XAUUSD;5;1786548882;PROFIT_RATCHET_LOCKED;floor=4.48 peak=13.26;MANAGE_PROFIT;SAFE;1;1;1;-1;-1;4403.03;13.71;13.71;13.26;-2.04;KELLY_LITE;true;0.04;213192.51;0.0417;KELLY_LITE(mult=1.00 taper=1.00 n=2)+TIME_REDUCE(50%)+HARD_RISK_CAP(2.0%)+MAXLOSS_CAP;213192.51;213206.22;36;0
2026.08.12 17:56:24;XAUUSD;5;1786548882;SL_MODIFIED;ticket=119073328 oldSL=4399.13 newSL=4398.98 reason=break_even_lock_leg_0 (retry buf=3pt);MANAGE_PROFIT;SAFE;1;1;1;-1;-1;4403.03;15.75;15.75;13.71;-2.04;KELLY_LITE;true;0.04;213192.51;0.0417;KELLY_LITE(mult=1.00 taper=1.00 n=2)+TIME_REDUCE(50%)+HARD_RISK_CAP(2.0%)+MAXLOSS_CAP;213192.51;213208.26;36;0
2026.08.12 17:56:24;XAUUSD;5;1786548882;PROFIT_RATCHET_LOCKED;floor=4.63 peak=13.71;MANAGE_PROFIT;SAFE;1;1;1;-1;-1;4403.03;15.75;15.75;13.71;-2.04;KELLY_LITE;true;0.04;213192.51;0.0417;KELLY_LITE(mult=1.00 taper=1.00 n=2)+TIME_REDUCE(50%)+HARD_RISK_CAP(2.0%)+MAXLOSS_CAP;213192.51;213208.26;36;0
2026.08.12 17:56:25;XAUUSD;5;1786548882;SL_MODIFIED;ticket=119073328 oldSL=4398.98 newSL=4398.30 reason=break_even_lock_leg_0;MANAGE_PROFIT;SAFE;1;1;1;-1;-1;4403.03;16.29;16.29;15.75;-2.04;KELLY_LITE;true;0.04;213192.51;0.0417;KELLY_LITE(mult=1.00 taper=1.00 n=2)+TIME_REDUCE(50%)+HARD_RISK_CAP(2.0%)+MAXLOSS_CAP;213192.51;213208.80;36;0
2026.08.12 17:56:25;XAUUSD;5;1786548882;PROFIT_RATCHET_LOCKED;floor=5.32 peak=15.75;MANAGE_PROFIT;SAFE;1;1;1;-1;-1;4403.03;16.29;16.29;15.75;-2.04;KELLY_LITE;true;0.04;213192.51;0.0417;KELLY_LITE(mult=1.00 taper=1.00 n=2)+TIME_REDUCE(50%)+HARD_RISK_CAP(2.0%)+MAXLOSS_CAP;213192.51;213208.80;36;0
2026.08.12 17:56:26;XAUUSD;5;1786548882;SL_MODIFY_FAILED;ticket=119073328 newSL=4398.12 reason=break_even_lock_leg_0 err=0;MANAGE_PROFIT;SAFE;1;1;1;-1;-1;4403.03;15.90;15.90;16.29;-2.04;KELLY_LITE;true;0.04;213192.51;0.0417;KELLY_LITE(mult=1.00 taper=1.00 n=2)+TIME_REDUCE(50%)+HARD_RISK_CAP(2.0%)+MAXLOSS_CAP;213192.51;213208.41;33;0
2026.08.12 17:56:26;XAUUSD;5;1786548882;PROFIT_RATCHET_LOCKED;floor=5.50 peak=16.29;MANAGE_PROFIT;SAFE;1;1;1;-1;-1;4403.03;15.90;15.90;16.29;-2.04;KELLY_LITE;true;0.04;213192.51;0.0417;KELLY_LITE(mult=1.00 taper=1.00 n=2)+TIME_REDUCE(50%)+HARD_RISK_CAP(2.0%)+MAXLOSS_CAP;213192.51;213208.41;33;0
2026.08.12 17:56:27;XAUUSD;5;1786548882;PROFIT_RATCHET_LOCKED;floor=5.50 peak=16.29;MANAGE_PROFIT;SAFE;1;1;1;-1;-1;4403.03;15.48;15.48;16.29;-2.04;KELLY_LITE;true;0.04;213192.51;0.0417;KELLY_LITE(mult=1.00 taper=1.00 n=2)+TIME_REDUCE(50%)+HARD_RISK_CAP(2.0%)+MAXLOSS_CAP;213192.51;213207.99;33;0
2026.08.12 17:56:27;XAUUSD;5;1786548882;PROFIT_RATCHET_LOCKED;floor=5.50 peak=16.29;MANAGE_PROFIT;SAFE;1;1;1;-1;-1;4403.03;15.48;15.48;16.29;-2.04;KELLY_LITE;true;0.04;213192.51;0.0417;KELLY_LITE(mult=1.00 taper=1.00 n=2)+TIME_REDUCE(50%)+HARD_RISK_CAP(2.0%)+MAXLOSS_CAP;213192.51;213207.99;33;0
2026.08.12 17:56:27;XAUUSD;5;1786548882;PROFIT_RATCHET_LOCKED;floor=5.50 peak=16.29;MANAGE_PROFIT;SAFE;1;1;1;-1;-1;4403.03;15.27;15.27;16.29;-2.04;KELLY_LITE;true;0.04;213192.51;0.0417;KELLY_LITE(mult=1.00 taper=1.00 n=2)+TIME_REDUCE(50%)+HARD_RISK_CAP(2.0%)+MAXLOSS_CAP;213192.51;213207.78;36;0
2026.08.12 17:56:27;XAUUSD;5;1786548882;PROFIT_RATCHET_LOCKED;floor=5.50 peak=16.29;MANAGE_PROFIT;SAFE;1;1;1;-1;-1;4403.03;15.18;15.18;16.29;-2.04;KELLY_LITE;true;0.04;213192.51;0.0417;KELLY_LITE(mult=1.00 taper=1.00 n=2)+TIME_REDUCE(50%)+HARD_RISK_CAP(2.0%)+MAXLOSS_CAP;213192.51;213207.69;34;0
2026.08.12 17:56:27;XAUUSD;5;1786548882;PROFIT_RATCHET_LOCKED;floor=5.50 peak=16.29;MANAGE_PROFIT;SAFE;1;1;1;-1;-1;4403.03;15.39;15.39;16.29;-2.04;KELLY_LITE;true;0.04;213192.51;0.0417;KELLY_LITE(mult=1.00 taper=1.00 n=2)+TIME_REDUCE(50%)+HARD_RISK_CAP(2.0%)+MAXLOSS_CAP;213192.51;213207.90;36;0
2026.08.12 17:56:27;XAUUSD;5;1786548882;PROFIT_RATCHET_LOCKED;floor=5.50 peak=16.29;MANAGE_PROFIT;SAFE;1;1;1;-1;-1;4403.03;15.33;15.33;16.29;-2.04;KELLY_LITE;true;0.04;213192.51;0.0417;KELLY_LITE(mult=1.00 taper=1.00 n=2)+TIME_REDUCE(50%)+HARD_RISK_CAP(2.0%)+MAXLOSS_CAP;213192.51;213207.84;34;0
2026.08.12 17:56:28;XAUUSD;5;1786548882;PROFIT_RATCHET_LOCKED;floor=5.50 peak=16.29;MANAGE_PROFIT;SAFE;1;1;1;-1;-1;4403.03;15.57;15.57;16.29;-2.04;KELLY_LITE;true;0.04;213192.51;0.0417;KELLY_LITE(mult=1.00 taper=1.00 n=2)+TIME_REDUCE(50%)+HARD_RISK_CAP(2.0%)+MAXLOSS_CAP;213192.51;213208.08;33;0
2026.08.12 17:56:28;XAUUSD;5;1786548882;SL_MODIFIED;ticket=119073328 oldSL=4398.30 newSL=4398.21 reason=break_even_lock_leg_0;MANAGE_PROFIT;SAFE;1;1;1;-1;-1;4403.03;17.16;16.98;16.29;-2.04;KELLY_LITE;true;0.04;213192.51;0.0417;KELLY_LITE(mult=1.00 taper=1.00 n=2)+TIME_REDUCE(50%)+HARD_RISK_CAP(2.0%)+MAXLOSS_CAP;213192.51;213209.67;36;0
2026.08.12 17:56:28;XAUUSD;5;1786548882;PROFIT_RATCHET_LOCKED;floor=5.50 peak=16.29;MANAGE_PROFIT;SAFE;1;1;1;-1;-1;4403.03;17.16;16.98;16.29;-2.04;KELLY_LITE;true;0.04;213192.51;0.0417;KELLY_LITE(mult=1.00 taper=1.00 n=2)+TIME_REDUCE(50%)+HARD_RISK_CAP(2.0%)+MAXLOSS_CAP;213192.51;213209.67;36;0
2026.08.12 17:56:29;XAUUSD;5;1786548882;SL_MODIFIED;ticket=119073328 oldSL=4398.21 newSL=4398.03 reason=break_even_lock_leg_0;MANAGE_PROFIT;SAFE;1;1;1;-1;-1;4403.03;17.37;17.37;17.16;-2.04;KELLY_LITE;true;0.04;213192.51;0.0417;KELLY_LITE(mult=1.00 taper=1.00 n=2)+TIME_REDUCE(50%)+HARD_RISK_CAP(2.0%)+MAXLOSS_CAP;213192.51;213209.88;36;0
2026.08.12 17:56:29;XAUUSD;5;1786548882;PROFIT_RATCHET_LOCKED;floor=5.79 peak=17.16;MANAGE_PROFIT;SAFE;1;1;1;-1;-1;4403.03;17.37;17.37;17.16;-2.04;KELLY_LITE;true;0.04;213192.51;0.0417;KELLY_LITE(mult=1.00 taper=1.00 n=2)+TIME_REDUCE(50%)+HARD_RISK_CAP(2.0%)+MAXLOSS_CAP;213192.51;213209.88;36;0
2026.08.12 17:56:29;XAUUSD;5;1786548882;PROFIT_RATCHET_LOCKED;floor=5.86 peak=17.37;MANAGE_PROFIT;SAFE;1;1;1;-1;-1;4403.03;17.37;17.37;17.37;-2.04;KELLY_LITE;true;0.04;213192.51;0.0417;KELLY_LITE(mult=1.00 taper=1.00 n=2)+TIME_REDUCE(50%)+HARD_RISK_CAP(2.0%)+MAXLOSS_CAP;213192.51;213209.88;36;0
2026.08.12 17:56:29;XAUUSD;5;1786548882;PROFIT_RATCHET_LOCKED;floor=5.86 peak=17.37;MANAGE_PROFIT;SAFE;1;1;1;-1;-1;4403.03;17.13;17.13;17.37;-2.04;KELLY_LITE;true;0.04;213192.51;0.0417;KELLY_LITE(mult=1.00 taper=1.00 n=2)+TIME_REDUCE(50%)+HARD_RISK_CAP(2.0%)+MAXLOSS_CAP;213192.51;213209.64;36;0
2026.08.12 17:56:29;XAUUSD;5;1786548882;PROFIT_RATCHET_LOCKED;floor=5.90 peak=17.49;MANAGE_PROFIT;SAFE;1;1;1;-1;-1;4403.03;17.49;17.49;17.49;-2.04;KELLY_LITE;true;0.04;213192.51;0.0417;KELLY_LITE(mult=1.00 taper=1.00 n=2)+TIME_REDUCE(50%)+HARD_RISK_CAP(2.0%)+MAXLOSS_CAP;213192.51;213210.00;36;0
2026.08.12 17:56:29;XAUUSD;5;1786548882;PROFIT_RATCHET_LOCKED;floor=6.15 peak=18.21;MANAGE_PROFIT;SAFE;1;1;1;-1;-1;4403.03;18.21;18.21;18.21;-2.04;KELLY_LITE;true;0.04;213192.51;0.0417;KELLY_LITE(mult=1.00 taper=1.00 n=2)+TIME_REDUCE(50%)+HARD_RISK_CAP(2.0%)+MAXLOSS_CAP;213192.51;213210.72;33;0
2026.08.12 17:56:30;XAUUSD;5;1786548882;PROFIT_RATCHET_LOCKED;floor=6.31 peak=18.69;MANAGE_PROFIT;SAFE;1;1;1;-1;-1;4403.03;18.69;18.69;18.69;-2.04;KELLY_LITE;true;0.04;213192.51;0.0417;KELLY_LITE(mult=1.00 taper=1.00 n=2)+TIME_REDUCE(50%)+HARD_RISK_CAP(2.0%)+MAXLOSS_CAP;213192.51;213211.20;37;0
2026.08.12 17:56:30;XAUUSD;5;1786548882;PROFIT_RATCHET_LOCKED;floor=6.31 peak=18.69;MANAGE_PROFIT;SAFE;1;1;1;-1;-1;4403.03;18.36;18.36;18.69;-2.04;KELLY_LITE;true;0.04;213192.51;0.0417;KELLY_LITE(mult=1.00 taper=1.00 n=2)+TIME_REDUCE(50%)+HARD_RISK_CAP(2.0%)+MAXLOSS_CAP;213192.51;213210.87;36;0
2026.08.12 17:56:30;XAUUSD;5;1786548882;PROFIT_RATCHET_LOCKED;floor=6.31 peak=18.69;MANAGE_PROFIT;SAFE;1;1;1;-1;-1;4403.03;17.58;17.58;18.69;-2.04;KELLY_LITE;true;0.04;213192.51;0.0417;KELLY_LITE(mult=1.00 taper=1.00 n=2)+TIME_REDUCE(50%)+HARD_RISK_CAP(2.0%)+MAXLOSS_CAP;213192.51;213210.09;33;0
2026.08.12 17:56:30;XAUUSD;5;1786548882;PROFIT_RATCHET_LOCKED;floor=6.31 peak=18.69;MANAGE_PROFIT;SAFE;1;1;1;-1;-1;4403.03;16.98;16.98;18.69;-2.04;KELLY_LITE;true;0.04;213192.51;0.0417;KELLY_LITE(mult=1.00 taper=1.00 n=2)+TIME_REDUCE(50%)+HARD_RISK_CAP(2.0%)+MAXLOSS_CAP;213192.51;213209.49;36;0
2026.08.12 17:56:30;XAUUSD;5;1786548882;PROFIT_RATCHET_LOCKED;floor=6.31 peak=18.69;MANAGE_PROFIT;SAFE;1;1;1;-1;-1;4403.03;16.17;16.17;18.69;-2.04;KELLY_LITE;true;0.04;213192.51;0.0417;KELLY_LITE(mult=1.00 taper=1.00 n=2)+TIME_REDUCE(50%)+HARD_RISK_CAP(2.0%)+MAXLOSS_CAP;213192.51;213208.68;37;0
2026.08.12 17:56:30;XAUUSD;5;1786548882;PROFIT_RATCHET_LOCKED;floor=6.31 peak=18.69;MANAGE_PROFIT;SAFE;1;1;1;-1;-1;4403.03;16.17;16.17;18.69;-2.04;KELLY_LITE;true;0.04;213192.51;0.0417;KELLY_LITE(mult=1.00 taper=1.00 n=2)+TIME_REDUCE(50%)+HARD_RISK_CAP(2.0%)+MAXLOSS_CAP;213192.51;213208.68;36;0
2026.08.12 17:56:30;XAUUSD;5;1786548882;PROFIT_RATCHET_LOCKED;floor=6.31 peak=18.69;MANAGE_PROFIT;SAFE;1;1;1;-1;-1;4403.03;16.14;16.14;18.69;-2.04;KELLY_LITE;true;0.04;213192.51;0.0417;KELLY_LITE(mult=1.00 taper=1.00 n=2)+TIME_REDUCE(50%)+HARD_RISK_CAP(2.0%)+MAXLOSS_CAP;213192.51;213208.65;36;0
2026.08.12 17:56:31;XAUUSD;5;1786548882;PROFIT_RATCHET_LOCKED;floor=6.31 peak=18.69;MANAGE_PROFIT;SAFE;1;1;1;-1;-1;4403.03;16.23;16.23;18.69;-2.04;KELLY_LITE;true;0.04;213192.51;0.0417;KELLY_LITE(mult=1.00 taper=1.00 n=2)+TIME_REDUCE(50%)+HARD_RISK_CAP(2.0%)+MAXLOSS_CAP;213192.51;213208.74;36;0
2026.08.12 17:56:31;XAUUSD;5;1786548882;PROFIT_RATCHET_LOCKED;floor=6.31 peak=18.69;MANAGE_PROFIT;SAFE;1;1;1;-1;-1;4403.03;16.53;16.53;18.69;-2.04;KELLY_LITE;true;0.04;213192.51;0.0417;KELLY_LITE(mult=1.00 taper=1.00 n=2)+TIME_REDUCE(50%)+HARD_RISK_CAP(2.0%)+MAXLOSS_CAP;213192.51;213209.04;36;0
2026.08.12 17:56:31;XAUUSD;5;1786548882;PROFIT_RATCHET_LOCKED;floor=6.31 peak=18.69;MANAGE_PROFIT;SAFE;1;1;1;-1;-1;4403.03;17.37;17.37;18.69;-2.04;KELLY_LITE;true;0.04;213192.51;0.0417;KELLY_LITE(mult=1.00 taper=1.00 n=2)+TIME_REDUCE(50%)+HARD_RISK_CAP(2.0%)+MAXLOSS_CAP;213192.51;213209.88;33;0
2026.08.12 17:56:31;XAUUSD;5;1786548882;PROFIT_RATCHET_LOCKED;floor=6.31 peak=18.69;MANAGE_PROFIT;SAFE;1;1;1;-1;-1;4403.03;17.10;17.10;18.69;-2.04;KELLY_LITE;true;0.04;213192.51;0.0417;KELLY_LITE(mult=1.00 taper=1.00 n=2)+TIME_REDUCE(50%)+HARD_RISK_CAP(2.0%)+MAXLOSS_CAP;213192.51;213209.61;36;0
2026.08.12 17:56:32;XAUUSD;5;1786548882;PROFIT_RATCHET_LOCKED;floor=6.31 peak=18.69;MANAGE_PROFIT;SAFE;1;1;1;-1;-1;4403.03;17.64;17.64;18.69;-2.04;KELLY_LITE;true;0.04;213192.51;0.0417;KELLY_LITE(mult=1.00 taper=1.00 n=2)+TIME_REDUCE(50%)+HARD_RISK_CAP(2.0%)+MAXLOSS_CAP;213192.51;213210.15;36;0
2026.08.12 17:56:32;XAUUSD;5;1786548882;PROFIT_RATCHET_LOCKED;floor=6.31 peak=18.69;MANAGE_PROFIT;SAFE;1;1;1;-1;-1;4403.03;17.88;17.88;18.69;-2.04;KELLY_LITE;true;0.04;213192.51;0.0417;KELLY_LITE(mult=1.00 taper=1.00 n=2)+TIME_REDUCE(50%)+HARD_RISK_CAP(2.0%)+MAXLOSS_CAP;213192.51;213210.39;36;0
2026.08.12 17:56:32;XAUUSD;5;1786548882;PROFIT_RATCHET_LOCKED;floor=6.31 peak=18.69;MANAGE_PROFIT;SAFE;1;1;1;-1;-1;4403.03;18.03;18.03;18.69;-2.04;KELLY_LITE;true;0.04;213192.51;0.0417;KELLY_LITE(mult=1.00 taper=1.00 n=2)+TIME_REDUCE(50%)+HARD_RISK_CAP(2.0%)+MAXLOSS_CAP;213192.51;213210.54;36;0
2026.08.12 17:56:33;XAUUSD;5;1786548882;PROFIT_RATCHET_LOCKED;floor=6.31 peak=18.69;MANAGE_PROFIT;SAFE;1;1;1;-1;-1;4403.03;18.06;18.06;18.69;-2.04;KELLY_LITE;true;0.04;213192.51;0.0417;KELLY_LITE(mult=1.00 taper=1.00 n=2)+TIME_REDUCE(50%)+HARD_RISK_CAP(2.0%)+MAXLOSS_CAP;213192.51;213210.57;33;0
2026.08.12 17:56:33;XAUUSD;5;1786548882;PROFIT_RATCHET_LOCKED;floor=6.31 peak=18.69;MANAGE_PROFIT;SAFE;1;1;1;-1;-1;4403.03;18.30;18.30;18.69;-2.04;KELLY_LITE;true;0.04;213192.51;0.0417;KELLY_LITE(mult=1.00 taper=1.00 n=2)+TIME_REDUCE(50%)+HARD_RISK_CAP(2.0%)+MAXLOSS_CAP;213192.51;213210.81;36;0
2026.08.12 17:56:33;XAUUSD;5;1786548882;PROFIT_RATCHET_LOCKED;floor=6.31 peak=18.69;MANAGE_PROFIT;SAFE;1;1;1;-1;-1;4403.03;17.46;17.46;18.69;-2.04;KELLY_LITE;true;0.04;213192.51;0.0417;KELLY_LITE(mult=1.00 taper=1.00 n=2)+TIME_REDUCE(50%)+HARD_RISK_CAP(2.0%)+MAXLOSS_CAP;213192.51;213209.97;36;0
2026.08.12 17:56:33;XAUUSD;5;1786548882;PROFIT_RATCHET_LOCKED;floor=6.31 peak=18.69;MANAGE_PROFIT;SAFE;1;1;1;-1;-1;4403.03;17.55;17.55;18.69;-2.04;KELLY_LITE;true;0.04;213192.51;0.0417;KELLY_LITE(mult=1.00 taper=1.00 n=2)+TIME_REDUCE(50%)+HARD_RISK_CAP(2.0%)+MAXLOSS_CAP;213192.51;213210.06;36;0
2026.08.12 17:56:33;XAUUSD;5;1786548882;PROFIT_RATCHET_LOCKED;floor=6.31 peak=18.69;MANAGE_PROFIT;SAFE;1;1;1;-1;-1;4403.03;17.58;17.58;18.69;-2.04;KELLY_LITE;true;0.04;213192.51;0.0417;KELLY_LITE(mult=1.00 taper=1.00 n=2)+TIME_REDUCE(50%)+HARD_RISK_CAP(2.0%)+MAXLOSS_CAP;213192.51;213210.09;36;0
2026.08.12 17:56:34;XAUUSD;5;1786548882;PROFIT_RATCHET_LOCKED;floor=6.31 peak=18.69;MANAGE_PROFIT;SAFE;1;1;1;-1;-1;4403.03;17.43;17.43;18.69;-2.04;KELLY_LITE;true;0.04;213192.51;0.0417;KELLY_LITE(mult=1.00 taper=1.00 n=2)+TIME_REDUCE(50%)+HARD_RISK_CAP(2.0%)+MAXLOSS_CAP;213192.51;213209.94;36;0
2026.08.12 17:56:34;XAUUSD;5;1786548882;PROFIT_RATCHET_LOCKED;floor=6.31 peak=18.69;MANAGE_PROFIT;SAFE;1;1;1;-1;-1;4403.03;17.28;17.28;18.69;-2.04;KELLY_LITE;true;0.04;213192.51;0.0417;KELLY_LITE(mult=1.00 taper=1.00 n=2)+TIME_REDUCE(50%)+HARD_RISK_CAP(2.0%)+MAXLOSS_CAP;213192.51;213209.79;36;0
2026.08.12 17:56:34;XAUUSD;5;1786548882;PROFIT_RATCHET_LOCKED;floor=6.31 peak=18.69;MANAGE_PROFIT;SAFE;1;1;1;-1;-1;4403.03;17.43;17.43;18.69;-2.04;KELLY_LITE;true;0.04;213192.51;0.0417;KELLY_LITE(mult=1.00 taper=1.00 n=2)+TIME_REDUCE(50%)+HARD_RISK_CAP(2.0%)+MAXLOSS_CAP;213192.51;213209.94;36;0
2026.08.12 17:56:34;XAUUSD;5;1786548882;PROFIT_RATCHET_LOCKED;floor=6.31 peak=18.69;MANAGE_PROFIT;SAFE;1;1;1;-1;-1;4403.03;17.88;17.88;18.69;-2.04;KELLY_LITE;true;0.04;213192.51;0.0417;KELLY_LITE(mult=1.00 taper=1.00 n=2)+TIME_REDUCE(50%)+HARD_RISK_CAP(2.0%)+MAXLOSS_CAP;213192.51;213210.39;36;0
2026.08.12 17:56:35;XAUUSD;5;1786548882;PROFIT_RATCHET_LOCKED;floor=6.31 peak=18.69;MANAGE_PROFIT;SAFE;1;1;1;-1;-1;4403.03;17.55;17.55;18.69;-2.04;KELLY_LITE;true;0.04;213192.51;0.0417;KELLY_LITE(mult=1.00 taper=1.00 n=2)+TIME_REDUCE(50%)+HARD_RISK_CAP(2.0%)+MAXLOSS_CAP;213192.51;213210.06;36;0
2026.08.12 17:56:35;XAUUSD;5;1786548882;PROFIT_RATCHET_LOCKED;floor=6.31 peak=18.69;MANAGE_PROFIT;SAFE;1;1;1;-1;-1;4403.03;17.52;17.52;18.69;-2.04;KELLY_LITE;true;0.04;213192.51;0.0417;KELLY_LITE(mult=1.00 taper=1.00 n=2)+TIME_REDUCE(50%)+HARD_RISK_CAP(2.0%)+MAXLOSS_CAP;213192.51;213210.03;36;0
2026.08.12 17:56:35;XAUUSD;5;1786548882;PROFIT_RATCHET_LOCKED;floor=6.31 peak=18.69;MANAGE_PROFIT;SAFE;1;1;1;-1;-1;4403.03;17.64;17.64;18.69;-2.04;KELLY_LITE;true;0.04;213192.51;0.0417;KELLY_LITE(mult=1.00 taper=1.00 n=2)+TIME_REDUCE(50%)+HARD_RISK_CAP(2.0%)+MAXLOSS_CAP;213192.51;213210.15;36;0
2026.08.12 17:56:35;XAUUSD;5;1786548882;PROFIT_RATCHET_LOCKED;floor=6.31 peak=18.69;MANAGE_PROFIT;SAFE;1;1;1;-1;-1;4403.03;17.34;17.34;18.69;-2.04;KELLY_LITE;true;0.04;213192.51;0.0417;KELLY_LITE(mult=1.00 taper=1.00 n=2)+TIME_REDUCE(50%)+HARD_RISK_CAP(2.0%)+MAXLOSS_CAP;213192.51;213209.85;36;0
2026.08.12 17:56:36;XAUUSD;5;1786548882;PROFIT_RATCHET_LOCKED;floor=6.31 peak=18.69;MANAGE_PROFIT;SAFE;1;1;1;-1;-1;4403.03;17.73;17.73;18.69;-2.04;KELLY_LITE;true;0.04;213192.51;0.0417;KELLY_LITE(mult=1.00 taper=1.00 n=2)+TIME_REDUCE(50%)+HARD_RISK_CAP(2.0%)+MAXLOSS_CAP;213192.51;213210.24;36;0
2026.08.12 17:56:36;XAUUSD;5;1786548882;PROFIT_RATCHET_LOCKED;floor=6.31 peak=18.69;MANAGE_PROFIT;SAFE;1;1;1;-1;-1;4403.03;17.70;17.70;18.69;-2.04;KELLY_LITE;true;0.04;213192.51;0.0417;KELLY_LITE(mult=1.00 taper=1.00 n=2)+TIME_REDUCE(50%)+HARD_RISK_CAP(2.0%)+MAXLOSS_CAP;213192.51;213210.21;37;0
2026.08.12 17:56:36;XAUUSD;5;1786548882;PROFIT_RATCHET_LOCKED;floor=6.31 peak=18.69;MANAGE_PROFIT;SAFE;1;1;1;-1;-1;4403.03;17.07;17.07;18.69;-2.04;KELLY_LITE;true;0.04;213192.51;0.0417;KELLY_LITE(mult=1.00 taper=1.00 n=2)+TIME_REDUCE(50%)+HARD_RISK_CAP(2.0%)+MAXLOSS_CAP;213192.51;213209.58;36;0
2026.08.12 17:56:36;XAUUSD;5;1786548882;PROFIT_RATCHET_LOCKED;floor=6.31 peak=18.69;MANAGE_PROFIT;SAFE;1;1;1;-1;-1;4403.03;17.22;17.22;18.69;-2.04;KELLY_LITE;true;0.04;213192.51;0.0417;KELLY_LITE(mult=1.00 taper=1.00 n=2)+TIME_REDUCE(50%)+HARD_RISK_CAP(2.0%)+MAXLOSS_CAP;213192.51;213209.73;33;0
2026.08.12 17:56:36;XAUUSD;5;1786548882;PROFIT_RATCHET_LOCKED;floor=6.31 peak=18.69;MANAGE_PROFIT;SAFE;1;1;1;-1;-1;4403.03;17.07;17.07;18.69;-2.04;KELLY_LITE;true;0.04;213192.51;0.0417;KELLY_LITE(mult=1.00 taper=1.00 n=2)+TIME_REDUCE(50%)+HARD_RISK_CAP(2.0%)+MAXLOSS_CAP;213192.51;213209.58;36;0
2026.08.12 17:56:36;XAUUSD;5;1786548882;PROFIT_RATCHET_LOCKED;floor=6.31 peak=18.69;MANAGE_PROFIT;SAFE;1;1;1;-1;-1;4403.03;17.10;17.10;18.69;-2.04;KELLY_LITE;true;0.04;213192.51;0.0417;KELLY_LITE(mult=1.00 taper=1.00 n=2)+TIME_REDUCE(50%)+HARD_RISK_CAP(2.0%)+MAXLOSS_CAP;213192.51;213209.61;36;0
2026.08.12 17:56:37;XAUUSD;5;1786548882;PROFIT_RATCHET_LOCKED;floor=6.31 peak=18.69;MANAGE_PROFIT;SAFE;1;1;1;-1;-1;4403.03;17.16;17.16;18.69;-2.04;KELLY_LITE;true;0.04;213192.51;0.0417;KELLY_LITE(mult=1.00 taper=1.00 n=2)+TIME_REDUCE(50%)+HARD_RISK_CAP(2.0%)+MAXLOSS_CAP;213192.51;213209.67;33;0
2026.08.12 17:56:37;XAUUSD;5;1786548882;PROFIT_RATCHET_LOCKED;floor=6.31 peak=18.69;MANAGE_PROFIT;SAFE;1;1;1;-1;-1;4403.03;17.01;17.01;18.69;-2.04;KELLY_LITE;true;0.04;213192.51;0.0417;KELLY_LITE(mult=1.00 taper=1.00 n=2)+TIME_REDUCE(50%)+HARD_RISK_CAP(2.0%)+MAXLOSS_CAP;213192.51;213209.52;36;0
2026.08.12 17:56:37;XAUUSD;5;1786548882;PROFIT_RATCHET_LOCKED;floor=6.31 peak=18.69;MANAGE_PROFIT;SAFE;1;1;1;-1;-1;4403.03;17.10;17.10;18.69;-2.04;KELLY_LITE;true;0.04;213192.51;0.0417;KELLY_LITE(mult=1.00 taper=1.00 n=2)+TIME_REDUCE(50%)+HARD_RISK_CAP(2.0%)+MAXLOSS_CAP;213192.51;213209.61;33;0
2026.08.12 17:56:37;XAUUSD;5;1786548882;PROFIT_RATCHET_LOCKED;floor=6.31 peak=18.69;MANAGE_PROFIT;SAFE;1;1;1;-1;-1;4403.03;16.26;16.26;18.69;-2.04;KELLY_LITE;true;0.04;213192.51;0.0417;KELLY_LITE(mult=1.00 taper=1.00 n=2)+TIME_REDUCE(50%)+HARD_RISK_CAP(2.0%)+MAXLOSS_CAP;213192.51;213208.77;37;0
2026.08.12 17:56:37;XAUUSD;5;1786548882;PROFIT_RATCHET_LOCKED;floor=6.31 peak=18.69;MANAGE_PROFIT;SAFE;1;1;1;-1;-1;4403.03;15.66;15.66;18.69;-2.04;KELLY_LITE;true;0.04;213192.51;0.0417;KELLY_LITE(mult=1.00 taper=1.00 n=2)+TIME_REDUCE(50%)+HARD_RISK_CAP(2.0%)+MAXLOSS_CAP;213192.51;213208.17;36;0
2026.08.12 17:56:38;XAUUSD;5;1786548882;PROFIT_RATCHET_LOCKED;floor=6.31 peak=18.69;MANAGE_PROFIT;SAFE;1;1;1;-1;-1;4403.03;15.75;15.75;18.69;-2.04;KELLY_LITE;true;0.04;213192.51;0.0417;KELLY_LITE(mult=1.00 taper=1.00 n=2)+TIME_REDUCE(50%)+HARD_RISK_CAP(2.0%)+MAXLOSS_CAP;213192.51;213208.26;36;0
2026.08.12 17:56:38;XAUUSD;5;1786548882;PROFIT_RATCHET_LOCKED;floor=6.31 peak=18.69;MANAGE_PROFIT;SAFE;1;1;1;-1;-1;4403.03;15.69;15.69;18.69;-2.04;KELLY_LITE;true;0.04;213192.51;0.0417;KELLY_LITE(mult=1.00 taper=1.00 n=2)+TIME_REDUCE(50%)+HARD_RISK_CAP(2.0%)+MAXLOSS_CAP;213192.51;213208.20;36;0
2026.08.12 17:56:38;XAUUSD;5;1786548882;PROFIT_RATCHET_LOCKED;floor=6.31 peak=18.69;MANAGE_PROFIT;SAFE;1;1;1;-1;-1;4403.03;16.41;16.41;18.69;-2.04;KELLY_LITE;true;0.04;213192.51;0.0417;KELLY_LITE(mult=1.00 taper=1.00 n=2)+TIME_REDUCE(50%)+HARD_RISK_CAP(2.0%)+MAXLOSS_CAP;213192.51;213208.92;37;0
2026.08.12 17:56:38;XAUUSD;5;1786548882;PROFIT_RATCHET_LOCKED;floor=6.31 peak=18.69;MANAGE_PROFIT;SAFE;1;1;1;-1;-1;4403.03;16.53;16.53;18.69;-2.04;KELLY_LITE;true;0.04;213192.51;0.0417;KELLY_LITE(mult=1.00 taper=1.00 n=2)+TIME_REDUCE(50%)+HARD_RISK_CAP(2.0%)+MAXLOSS_CAP;213192.51;213209.04;36;0
2026.08.12 17:56:39;XAUUSD;5;1786548882;PROFIT_RATCHET_LOCKED;floor=6.31 peak=18.69;MANAGE_PROFIT;SAFE;1;1;1;-1;-1;4403.03;16.29;16.29;18.69;-2.04;KELLY_LITE;true;0.04;213192.51;0.0417;KELLY_LITE(mult=1.00 taper=1.00 n=2)+TIME_REDUCE(50%)+HARD_RISK_CAP(2.0%)+MAXLOSS_CAP;213192.51;213208.80;36;0
2026.08.12 17:56:39;XAUUSD;5;1786548882;PROFIT_RATCHET_LOCKED;floor=6.31 peak=18.69;MANAGE_PROFIT;SAFE;1;1;1;-1;-1;4403.03;16.23;16.23;18.69;-2.04;KELLY_LITE;true;0.04;213192.51;0.0417;KELLY_LITE(mult=1.00 taper=1.00 n=2)+TIME_REDUCE(50%)+HARD_RISK_CAP(2.0%)+MAXLOSS_CAP;213192.51;213208.74;36;0
2026.08.12 17:56:39;XAUUSD;5;1786548882;PROFIT_RATCHET_LOCKED;floor=6.31 peak=18.69;MANAGE_PROFIT;SAFE;1;1;1;-1;-1;4403.03;16.35;16.35;18.69;-2.04;KELLY_LITE;true;0.04;213192.51;0.0417;KELLY_LITE(mult=1.00 taper=1.00 n=2)+TIME_REDUCE(50%)+HARD_RISK_CAP(2.0%)+MAXLOSS_CAP;213192.51;213208.86;36;0
2026.08.12 17:56:39;XAUUSD;5;1786548882;PROFIT_RATCHET_LOCKED;floor=6.31 peak=18.69;MANAGE_PROFIT;SAFE;1;1;1;-1;-1;4403.03;16.44;16.44;18.69;-2.04;KELLY_LITE;true;0.04;213192.51;0.0417;KELLY_LITE(mult=1.00 taper=1.00 n=2)+TIME_REDUCE(50%)+HARD_RISK_CAP(2.0%)+MAXLOSS_CAP;213192.51;213208.95;36;0
2026.08.12 17:56:40;XAUUSD;5;1786548882;PROFIT_RATCHET_LOCKED;floor=6.31 peak=18.69;MANAGE_PROFIT;SAFE;1;1;1;-1;-1;4403.03;16.35;16.35;18.69;-2.04;KELLY_LITE;true;0.04;213192.51;0.0417;KELLY_LITE(mult=1.00 taper=1.00 n=2)+TIME_REDUCE(50%)+HARD_RISK_CAP(2.0%)+MAXLOSS_CAP;213192.51;213208.86;36;0
2026.08.12 17:56:40;XAUUSD;5;1786548882;PROFIT_RATCHET_LOCKED;floor=6.31 peak=18.69;MANAGE_PROFIT;SAFE;1;1;1;-1;-1;4403.03;16.14;16.14;18.69;-2.04;KELLY_LITE;true;0.04;213192.51;0.0417;KELLY_LITE(mult=1.00 taper=1.00 n=2)+TIME_REDUCE(50%)+HARD_RISK_CAP(2.0%)+MAXLOSS_CAP;213192.51;213208.65;34;0
2026.08.12 17:56:40;XAUUSD;5;1786548882;PROFIT_RATCHET_LOCKED;floor=6.31 peak=18.69;MANAGE_PROFIT;SAFE;1;1;1;-1;-1;4403.03;16.71;16.71;18.69;-2.04;KELLY_LITE;true;0.04;213192.51;0.0417;KELLY_LITE(mult=1.00 taper=1.00 n=2)+TIME_REDUCE(50%)+HARD_RISK_CAP(2.0%)+MAXLOSS_CAP;213192.51;213209.22;37;0
2026.08.12 17:56:40;XAUUSD;5;1786548882;PROFIT_RATCHET_LOCKED;floor=6.31 peak=18.69;MANAGE_PROFIT;SAFE;1;1;1;-1;-1;4403.03;16.86;16.86;18.69;-2.04;KELLY_LITE;true;0.04;213192.51;0.0417;KELLY_LITE(mult=1.00 taper=1.00 n=2)+TIME_REDUCE(50%)+HARD_RISK_CAP(2.0%)+MAXLOSS_CAP;213192.51;213209.37;36;0
2026.08.12 17:56:40;XAUUSD;5;1786548882;PROFIT_RATCHET_LOCKED;floor=6.31 peak=18.69;MANAGE_PROFIT;SAFE;1;1;1;-1;-1;4403.03;16.41;16.41;18.69;-2.04;KELLY_LITE;true;0.04;213192.51;0.0417;KELLY_LITE(mult=1.00 taper=1.00 n=2)+TIME_REDUCE(50%)+HARD_RISK_CAP(2.0%)+MAXLOSS_CAP;213192.51;213208.92;36;0
2026.08.12 17:56:41;XAUUSD;5;1786548882;PROFIT_RATCHET_LOCKED;floor=6.31 peak=18.69;MANAGE_PROFIT;SAFE;1;1;1;-1;-1;4403.03;16.38;16.38;18.69;-2.04;KELLY_LITE;true;0.04;213192.51;0.0417;KELLY_LITE(mult=1.00 taper=1.00 n=2)+TIME_REDUCE(50%)+HARD_RISK_CAP(2.0%)+MAXLOSS_CAP;213192.51;213208.89;36;0
2026.08.12 17:56:41;XAUUSD;5;1786548882;PROFIT_RATCHET_LOCKED;floor=6.31 peak=18.69;MANAGE_PROFIT;SAFE;1;1;1;-1;-1;4403.03;15.39;15.39;18.69;-2.04;KELLY_LITE;true;0.04;213192.51;0.0417;KELLY_LITE(mult=1.00 taper=1.00 n=2)+TIME_REDUCE(50%)+HARD_RISK_CAP(2.0%)+MAXLOSS_CAP;213192.51;213207.90;36;0
2026.08.12 17:56:41;XAUUSD;5;1786548882;PROFIT_RATCHET_LOCKED;floor=6.31 peak=18.69;MANAGE_PROFIT;SAFE;1;1;1;-1;-1;4403.03;15.36;15.36;18.69;-2.04;KELLY_LITE;true;0.04;213192.51;0.0417;KELLY_LITE(mult=1.00 taper=1.00 n=2)+TIME_REDUCE(50%)+HARD_RISK_CAP(2.0%)+MAXLOSS_CAP;213192.51;213207.87;36;0
2026.08.12 17:56:41;XAUUSD;5;1786548882;PROFIT_RATCHET_LOCKED;floor=6.31 peak=18.69;MANAGE_PROFIT;SAFE;1;1;1;-1;-1;4403.03;15.42;15.42;18.69;-2.04;KELLY_LITE;true;0.04;213192.51;0.0417;KELLY_LITE(mult=1.00 taper=1.00 n=2)+TIME_REDUCE(50%)+HARD_RISK_CAP(2.0%)+MAXLOSS_CAP;213192.51;213207.93;36;0
2026.08.12 17:56:42;XAUUSD;5;1786548882;PROFIT_RATCHET_LOCKED;floor=6.31 peak=18.69;MANAGE_PROFIT;SAFE;1;1;1;-1;-1;4403.03;15.27;15.27;18.69;-2.04;KELLY_LITE;true;0.04;213192.51;0.0417;KELLY_LITE(mult=1.00 taper=1.00 n=2)+TIME_REDUCE(50%)+HARD_RISK_CAP(2.0%)+MAXLOSS_CAP;213192.51;213207.78;36;0
2026.08.12 17:56:42;XAUUSD;5;1786548882;PROFIT_RATCHET_LOCKED;floor=6.31 peak=18.69;MANAGE_PROFIT;SAFE;1;1;1;-1;-1;4403.03;15.03;15.03;18.69;-2.04;KELLY_LITE;true;0.04;213192.51;0.0417;KELLY_LITE(mult=1.00 taper=1.00 n=2)+TIME_REDUCE(50%)+HARD_RISK_CAP(2.0%)+MAXLOSS_CAP;213192.51;213207.54;33;0
2026.08.12 17:56:42;XAUUSD;5;1786548882;RECONCILED_BROKER_CLOSE;ticket=119073328 type=main pnl=15.00;MANAGE_PROFIT;SAFE;0;1;1;-1;-1;4403.03;0.00;0.00;18.69;-2.04;KELLY_LITE;true;0.04;213192.51;0.0417;KELLY_LITE(mult=1.00 taper=1.00 n=2)+TIME_REDUCE(50%)+HARD_RISK_CAP(2.0%)+MAXLOSS_CAP;213207.51;213207.51;37;0
2026.08.12 17:56:42;XAUUSD;5;1786548882;PENDING_DELETED;ticket=119073629 reason=main_gone_hedge_pending;WAIT_TRIGGER;SAFE;0;0;1;-1;-1;4403.03;0.00;0.00;18.69;-2.04;KELLY_LITE;true;0.04;213192.51;0.0417;KELLY_LITE(mult=1.00 taper=1.00 n=2)+TIME_REDUCE(50%)+HARD_RISK_CAP(2.0%)+MAXLOSS_CAP;213207.51;213207.51;36;0
2026.08.12 17:56:42;XAUUSD;5;1786548882;HEDGE_PENDING_CLEANUP;main_position_gone;WAIT_TRIGGER;SAFE;0;0;1;-1;-1;4403.03;0.00;0.00;18.69;-2.04;KELLY_LITE;true;0.04;213192.51;0.0417;KELLY_LITE(mult=1.00 taper=1.00 n=2)+TIME_REDUCE(50%)+HARD_RISK_CAP(2.0%)+MAXLOSS_CAP;213207.51;213207.51;36;0
2026.08.12 17:56:42;XAUUSD;5;1786548882;CYCLE_RESET;oldState=WAIT_TRIGGER realizedPnL=15.00 peak=18.69 worst=-2.04 pyramid=1 consLosses=0;WAIT_TRIGGER;SAFE;0;0;1;-1;-1;4403.03;0.00;0.00;18.69;-2.04;KELLY_LITE;true;0.04;213192.51;0.0417;KELLY_LITE(mult=1.00 taper=1.00 n=2)+TIME_REDUCE(50%)+HARD_RISK_CAP(2.0%)+MAXLOSS_CAP;213207.51;213207.51;36;0
2026.08.12 18:01:42;XAUUSD;5;1786548883;PLACE_PENDING_START;cycle=1786548883 trend=-1 consecLosses=0 preset=AGGRESSIVE;PLACE_PENDING;SAFE;0;0;0;-1;-1;0.00;0.00;0.00;0.00;0.00;KELLY_LITE;true;0.04;213192.51;0.0417;KELLY_LITE(mult=1.00 taper=1.00 n=2)+TIME_REDUCE(50%)+HARD_RISK_CAP(2.0%)+MAXLOSS_CAP;213207.51;213207.51;36;0
2026.08.12 18:01:42;XAUUSD;5;1786548883;DIR_OCO_PLACED;dir=BEAR ticket=119075698 price=4402.19 sl=4417.19 tp=4379.69 lot=0.03 dist=2.41;PLACE_PENDING;SAFE;0;1;0;-1;119075698;0.00;0.00;0.00;0.00;0.00;KELLY_LITE;true;0.04;213207.51;0.0417;KELLY_LITE(mult=1.00 taper=1.00 n=3)+TIME_REDUCE(50%)+HARD_RISK_CAP(2.0%)+MAXLOSS_CAP;213207.51;213207.51;33;0
2026.08.12 18:01:43;XAUUSD;5;1786548883;DIR_OCO_COUNTER_PLACED;dir=BULL(counter) ticket=119075702 price=4407.12 lot=0.03;PLACE_PENDING;SAFE;0;2;0;119075702;119075698;0.00;0.00;0.00;0.00;0.00;KELLY_LITE;true;0.04;213207.51;0.0417;KELLY_LITE(mult=1.00 taper=1.00 n=3)+TIME_REDUCE(50%)+HARD_RISK_CAP(2.0%)+MAXLOSS_CAP;213207.51;213207.51;36;0
2026.08.12 18:01:48;XAUUSD;5;1786548883;BUY_STOP_TRAILED;Old=4407.12 New=4406.81;WAIT_TRIGGER;SAFE;0;2;0;119075702;119075698;0.00;0.00;0.00;0.00;0.00;KELLY_LITE;true;0.04;213207.51;0.0417;KELLY_LITE(mult=1.00 taper=1.00 n=3)+TIME_REDUCE(50%)+HARD_RISK_CAP(2.0%)+MAXLOSS_CAP;213207.51;213207.51;36;0
2026.08.12 18:01:59;XAUUSD;5;1786548883;SELL_STOP_TRAILED;Old=4402.19 New=4402.61;WAIT_TRIGGER;SAFE;0;2;0;119075702;119075698;0.00;0.00;0.00;0.00;0.00;KELLY_LITE;true;0.04;213207.51;0.0417;KELLY_LITE(mult=1.00 taper=1.00 n=3)+TIME_REDUCE(50%)+HARD_RISK_CAP(2.0%)+MAXLOSS_CAP;213207.51;213207.51;36;0
2026.08.12 18:03:27;XAUUSD;5;1786548883;BUY_STOP_TRAILED;Old=4406.81 New=4406.49;WAIT_TRIGGER;SAFE;0;2;0;119075702;119075698;0.00;0.00;0.00;0.00;0.00;KELLY_LITE;true;0.04;213207.51;0.0417;KELLY_LITE(mult=1.00 taper=1.00 n=3)+TIME_REDUCE(50%)+HARD_RISK_CAP(2.0%)+MAXLOSS_CAP;213207.51;213207.51;36;0
2026.08.12 18:03:34;XAUUSD;5;1786548883;BUY_STOP_TRAILED;Old=4406.49 New=4406.18;WAIT_TRIGGER;SAFE;0;2;0;119075702;119075698;0.00;0.00;0.00;0.00;0.00;KELLY_LITE;true;0.04;213207.51;0.0417;KELLY_LITE(mult=1.00 taper=1.00 n=3)+TIME_REDUCE(50%)+HARD_RISK_CAP(2.0%)+MAXLOSS_CAP;213207.51;213207.51;36;0
2026.08.12 18:03:39;XAUUSD;5;1786548883;BUY_STOP_TRAILED;Old=4406.18 New=4405.82;WAIT_TRIGGER;SAFE;0;2;0;119075702;119075698;0.00;0.00;0.00;0.00;0.00;KELLY_LITE;true;0.04;213207.51;0.0417;KELLY_LITE(mult=1.00 taper=1.00 n=3)+TIME_REDUCE(50%)+HARD_RISK_CAP(2.0%)+MAXLOSS_CAP;213207.51;213207.51;36;0
2026.08.12 18:04:52;XAUUSD;5;1786548883;OCO_TRIGGERED_SELL;ticket=119075698 entry=4402.61;POSITION_ACTIVE;SAFE;1;1;0;119075702;-1;0.00;-0.87;-0.87;0.00;0.00;KELLY_LITE;true;0.04;213207.51;0.0417;KELLY_LITE(mult=1.00 taper=1.00 n=3)+TIME_REDUCE(50%)+HARD_RISK_CAP(2.0%)+MAXLOSS_CAP;213207.51;213206.64;36;0
2026.08.12 18:04:52;XAUUSD;5;1786548883;PENDING_DELETED;ticket=119075702 reason=oco_sell_triggered;POSITION_ACTIVE;SAFE;1;0;0;119075702;-1;0.00;-0.27;-0.27;0.00;0.00;KELLY_LITE;true;0.04;213207.51;0.0417;KELLY_LITE(mult=1.00 taper=1.00 n=3)+TIME_REDUCE(50%)+HARD_RISK_CAP(2.0%)+MAXLOSS_CAP;213207.51;213207.24;36;0
2026.08.12 18:04:52;XAUUSD;5;1786548883;HEDGE_BLOCK_CONFIRM;need=1 adverse bars;POSITION_ACTIVE;SAFE;1;0;1;-1;-1;4402.61;-0.27;-0.27;0.00;-0.27;KELLY_LITE;true;0.04;213207.51;0.0417;KELLY_LITE(mult=1.00 taper=1.00 n=3)+TIME_REDUCE(50%)+HARD_RISK_CAP(2.0%)+MAXLOSS_CAP;213207.51;213207.24;36;0
2026.08.12 18:05:00;XAUUSD;5;1786548883;HEDGE_PENDING_PLACED;dir=BUY_STOP ticket=119076422 price=4406.32 sl=4403.32 lot=0.05 mainEntry=4402.61 dist=3.00 confirmBars=1;MANAGE_PROFIT;SAFE;1;1;1;-1;-1;4402.61;-2.19;-2.19;0.00;-2.37;KELLY_LITE;true;0.04;213207.51;0.0417;KELLY_LITE(mult=1.00 taper=1.00 n=3)+TIME_REDUCE(50%)+HARD_RISK_CAP(2.0%)+MAXLOSS_CAP;213207.51;213205.32;36;0
2026.08.12 18:06:46;XAUUSD;5;1786548883;POSITION_CLOSED;ticket=119076422 reason=hedge_trail_close lots=0.05 price=4406.41 pnl=0.45;MANAGE_PROFIT;SAFE;1;0;1;-1;-1;4402.61;-12.12;-12.12;0.00;-13.33;KELLY_LITE;true;0.04;213207.51;0.0417;KELLY_LITE(mult=1.00 taper=1.00 n=3)+TIME_REDUCE(50%)+HARD_RISK_CAP(2.0%)+MAXLOSS_CAP;213207.36;213195.24;36;0
2026.08.12 18:06:46;XAUUSD;5;1786548883;HEDGE_CLOSED_TRAIL;peak=2.10 close=0.45 threshold=0.63 reason=peak_retrace ok=1;MANAGE_PROFIT;SAFE;1;0;1;-1;-1;4402.61;-12.12;-12.12;0.00;-13.33;KELLY_LITE;true;0.04;213207.51;0.0417;KELLY_LITE(mult=1.00 taper=1.00 n=3)+TIME_REDUCE(50%)+HARD_RISK_CAP(2.0%)+MAXLOSS_CAP;213207.36;213195.24;36;0
2026.08.12 18:16:14;XAUUSD;5;1786548883;EXIT_TIME_PROFIT_LOCK;held=11 profit=0.18;MANAGE_PROFIT;SAFE;1;0;1;-1;-1;4402.61;0.18;0.18;0.18;-15.75;KELLY_LITE;true;0.04;213207.51;0.0417;KELLY_LITE(mult=1.00 taper=1.00 n=3)+TIME_REDUCE(50%)+HARD_RISK_CAP(2.0%)+MAXLOSS_CAP;213207.36;213207.54;36;0
2026.08.12 18:16:15;XAUUSD;5;1786548883;POSITION_CLOSED;ticket=119075698 reason=time_exit_profit_lock lots=0.03 price=4402.55 pnl=0.18;MANAGE_PROFIT;SAFE;0;0;1;-1;-1;4402.61;0.00;0.00;0.18;-15.75;KELLY_LITE;true;0.04;213207.51;0.0417;KELLY_LITE(mult=1.00 taper=1.00 n=3)+TIME_REDUCE(50%)+HARD_RISK_CAP(2.0%)+MAXLOSS_CAP;213207.51;213207.51;36;0
2026.08.12 18:16:15;XAUUSD;5;1786548883;CYCLE_RESET;oldState=RESET realizedPnL=0.00 peak=0.18 worst=-15.75 pyramid=0 consLosses=0;RESET;SAFE;0;0;0;-1;-1;4402.61;0.00;0.00;0.18;-15.75;KELLY_LITE;true;0.04;213207.51;0.0417;KELLY_LITE(mult=1.00 taper=1.00 n=3)+TIME_REDUCE(50%)+HARD_RISK_CAP(2.0%)+MAXLOSS_CAP;213207.51;213207.51;36;0
2026.08.12 18:21:15;XAUUSD;5;1786548884;PLACE_PENDING_START;cycle=1786548884 trend=-1 consecLosses=0 preset=AGGRESSIVE;PLACE_PENDING;SAFE;0;0;0;-1;-1;0.00;0.00;0.00;0.00;0.00;KELLY_LITE;true;0.04;213207.51;0.0417;KELLY_LITE(mult=1.00 taper=1.00 n=3)+TIME_REDUCE(50%)+HARD_RISK_CAP(2.0%)+MAXLOSS_CAP;213207.51;213207.51;36;0
2026.08.12 18:21:15;XAUUSD;5;1786548884;DIR_OCO_PLACED;dir=BEAR ticket=119080157 price=4402.80 sl=4417.80 tp=4380.30 lot=0.03 dist=2.09;PLACE_PENDING;SAFE;0;1;0;-1;119080157;0.00;0.00;0.00;0.00;0.00;KELLY_LITE;true;0.04;213207.51;0.0417;KELLY_LITE(mult=1.00 taper=1.00 n=4)+TIME_REDUCE(50%)+HARD_RISK_CAP(2.0%)+MAXLOSS_CAP;213207.51;213207.51;36;0
2026.08.12 18:21:16;XAUUSD;5;1786548884;DIR_OCO_COUNTER_PLACED;dir=BULL(counter) ticket=119080160 price=4407.56 lot=0.03;PLACE_PENDING;SAFE;0;2;0;119080160;119080157;0.00;0.00;0.00;0.00;0.00;KELLY_LITE;true;0.04;213207.51;0.0417;KELLY_LITE(mult=1.00 taper=1.00 n=4)+TIME_REDUCE(50%)+HARD_RISK_CAP(2.0%)+MAXLOSS_CAP;213207.51;213207.51;36;0
2026.08.12 18:21:16;XAUUSD;5;1786548884;SELL_STOP_TRAILED;Old=4402.80 New=4403.15;WAIT_TRIGGER;SAFE;0;2;0;119080160;119080157;0.00;0.00;0.00;0.00;0.00;KELLY_LITE;true;0.04;213207.51;0.0417;KELLY_LITE(mult=1.00 taper=1.00 n=4)+TIME_REDUCE(50%)+HARD_RISK_CAP(2.0%)+MAXLOSS_CAP;213207.51;213207.51;36;0
2026.08.12 18:21:37;XAUUSD;5;1786548884;SELL_STOP_TRAILED;Old=4403.15 New=4403.59;WAIT_TRIGGER;SAFE;0;2;0;119080160;119080157;0.00;0.00;0.00;0.00;0.00;KELLY_LITE;true;0.04;213207.51;0.0417;KELLY_LITE(mult=1.00 taper=1.00 n=4)+TIME_REDUCE(50%)+HARD_RISK_CAP(2.0%)+MAXLOSS_CAP;213207.51;213207.51;36;0
2026.08.12 18:21:42;XAUUSD;5;1786548884;SELL_STOP_TRAILED;Old=4403.59 New=4404.18;WAIT_TRIGGER;SAFE;0;2;0;119080160;119080157;0.00;0.00;0.00;0.00;0.00;KELLY_LITE;true;0.04;213207.51;0.0417;KELLY_LITE(mult=1.00 taper=1.00 n=4)+TIME_REDUCE(50%)+HARD_RISK_CAP(2.0%)+MAXLOSS_CAP;213207.51;213207.51;36;0
2026.08.12 18:21:45;XAUUSD;5;1786548884;SELL_STOP_TRAILED;Old=4404.18 New=4404.64;WAIT_TRIGGER;SAFE;0;2;0;119080160;119080157;0.00;0.00;0.00;0.00;0.00;KELLY_LITE;true;0.04;213207.51;0.0417;KELLY_LITE(mult=1.00 taper=1.00 n=4)+TIME_REDUCE(50%)+HARD_RISK_CAP(2.0%)+MAXLOSS_CAP;213207.51;213207.51;36;0
2026.08.12 18:21:47;XAUUSD;5;1786548884;OCO_TRIGGERED_BUY;ticket=119080160 entry=4407.56;POSITION_ACTIVE;SAFE;1;1;0;-1;119080157;0.00;-0.87;-0.87;0.00;0.00;KELLY_LITE;true;0.04;213207.51;0.0417;KELLY_LITE(mult=1.00 taper=1.00 n=4)+TIME_REDUCE(50%)+HARD_RISK_CAP(2.0%)+MAXLOSS_CAP;213207.51;213206.64;37;0
2026.08.12 18:21:47;XAUUSD;5;1786548884;PENDING_DELETED;ticket=119080157 reason=oco_buy_triggered;POSITION_ACTIVE;SAFE;1;0;0;-1;119080157;0.00;-1.23;-1.23;0.00;0.00;KELLY_LITE;true;0.04;213207.51;0.0417;KELLY_LITE(mult=1.00 taper=1.00 n=4)+TIME_REDUCE(50%)+HARD_RISK_CAP(2.0%)+MAXLOSS_CAP;213207.51;213206.28;36;0
2026.08.12 18:21:48;XAUUSD;5;1786548884;HEDGE_PENDING_PLACED;dir=SELL_STOP ticket=119080318 price=4404.15 sl=4407.15 lot=0.05 mainEntry=4407.56 dist=3.00 confirmBars=1;POSITION_ACTIVE;SAFE;1;1;1;-1;-1;4407.56;-1.50;-1.50;0.00;-1.23;KELLY_LITE;true;0.04;213207.51;0.0417;KELLY_LITE(mult=1.00 taper=1.00 n=4)+TIME_REDUCE(50%)+HARD_RISK_CAP(2.0%)+MAXLOSS_CAP;213207.51;213206.01;36;0
2026.08.12 18:31:47;XAUUSD;5;1786548884;EXIT_TIME_PROFIT_LOCK;held=10 profit=1.98;MANAGE_PROFIT;SAFE;1;1;1;-1;-1;4407.56;1.98;1.98;6.21;-6.81;KELLY_LITE;true;0.04;213207.51;0.0417;KELLY_LITE(mult=1.00 taper=1.00 n=4)+TIME_REDUCE(50%)+HARD_RISK_CAP(2.0%)+MAXLOSS_CAP;213207.51;213209.49;34;0
2026.08.12 18:31:47;XAUUSD;5;1786548884;POSITION_CLOSED;ticket=119080160 reason=time_exit_profit_lock lots=0.03 price=4408.22 pnl=1.98;MANAGE_PROFIT;SAFE;0;1;1;-1;-1;4407.56;0.00;0.00;6.21;-6.81;KELLY_LITE;true;0.04;213207.51;0.0417;KELLY_LITE(mult=1.00 taper=1.00 n=4)+TIME_REDUCE(50%)+HARD_RISK_CAP(2.0%)+MAXLOSS_CAP;213209.76;213209.76;36;0
2026.08.12 18:31:48;XAUUSD;5;1786548884;PENDING_DELETED;ticket=119080318 reason=close_all_hedge;MANAGE_PROFIT;SAFE;0;0;0;-1;-1;4407.56;0.00;0.00;6.21;-6.81;KELLY_LITE;true;0.04;213207.51;0.0417;KELLY_LITE(mult=1.00 taper=1.00 n=4)+TIME_REDUCE(50%)+HARD_RISK_CAP(2.0%)+MAXLOSS_CAP;213209.76;213209.76;36;0
2026.08.12 18:31:48;XAUUSD;5;1786548884;CYCLE_RESET;oldState=RESET realizedPnL=2.25 peak=6.21 worst=-6.81 pyramid=0 consLosses=0;RESET;SAFE;0;0;0;-1;-1;4407.56;0.00;0.00;6.21;-6.81;KELLY_LITE;true;0.04;213207.51;0.0417;KELLY_LITE(mult=1.00 taper=1.00 n=4)+TIME_REDUCE(50%)+HARD_RISK_CAP(2.0%)+MAXLOSS_CAP;213209.76;213209.76;36;0
2026.08.12 18:36:48;XAUUSD;5;1786548885;PLACE_PENDING_START;cycle=1786548885 trend=-1 consecLosses=0 preset=AGGRESSIVE;PLACE_PENDING;SAFE;0;0;0;-1;-1;0.00;0.00;0.00;0.00;0.00;KELLY_LITE;true;0.04;213207.51;0.0417;KELLY_LITE(mult=1.00 taper=1.00 n=4)+TIME_REDUCE(50%)+HARD_RISK_CAP(2.0%)+MAXLOSS_CAP;213209.76;213209.76;36;0
2026.08.12 18:36:48;XAUUSD;5;1786548885;DIR_OCO_PLACED;dir=BEAR ticket=119084087 price=4407.59 sl=4422.59 tp=4385.09 lot=0.03 dist=2.21;PLACE_PENDING;SAFE;0;1;0;-1;119084087;0.00;0.00;0.00;0.00;0.00;KELLY_LITE;true;0.04;213209.76;0.0417;KELLY_LITE(mult=1.12 taper=1.00 n=5)+TIME_REDUCE(50%)+HARD_RISK_CAP(2.0%)+MAXLOSS_CAP;213209.76;213209.76;36;0
2026.08.12 18:36:49;XAUUSD;5;1786548885;DIR_OCO_COUNTER_PLACED;dir=BULL(counter) ticket=119084089 price=4412.36 lot=0.03;PLACE_PENDING;SAFE;0;2;0;119084089;119084087;0.00;0.00;0.00;0.00;0.00;KELLY_LITE;true;0.04;213209.76;0.0417;KELLY_LITE(mult=1.12 taper=1.00 n=5)+TIME_REDUCE(50%)+HARD_RISK_CAP(2.0%)+MAXLOSS_CAP;213209.76;213209.76;36;0
2026.08.12 18:36:55;XAUUSD;5;1786548885;BUY_STOP_TRAILED;Old=4412.36 New=4411.98;WAIT_TRIGGER;SAFE;0;2;0;119084089;119084087;0.00;0.00;0.00;0.00;0.00;KELLY_LITE;true;0.04;213209.76;0.0417;KELLY_LITE(mult=1.12 taper=1.00 n=5)+TIME_REDUCE(50%)+HARD_RISK_CAP(2.0%)+MAXLOSS_CAP;213209.76;213209.76;36;0
2026.08.12 18:37:02;XAUUSD;5;1786548885;BUY_STOP_TRAILED;Old=4411.98 New=4411.50;WAIT_TRIGGER;SAFE;0;2;0;119084089;119084087;0.00;0.00;0.00;0.00;0.00;KELLY_LITE;true;0.04;213209.76;0.0417;KELLY_LITE(mult=1.12 taper=1.00 n=5)+TIME_REDUCE(50%)+HARD_RISK_CAP(2.0%)+MAXLOSS_CAP;213209.76;213209.76;36;0
2026.08.12 18:37:36;XAUUSD;5;1786548885;BUY_STOP_TRAILED;Old=4411.50 New=4410.95;WAIT_TRIGGER;SAFE;0;2;0;119084089;119084087;0.00;0.00;0.00;0.00;0.00;KELLY_LITE;true;0.04;213209.76;0.0417;KELLY_LITE(mult=1.12 taper=1.00 n=5)+TIME_REDUCE(50%)+HARD_RISK_CAP(2.0%)+MAXLOSS_CAP;213209.76;213209.76;33;0
2026.08.12 18:37:39;XAUUSD;5;1786548885;BUY_STOP_TRAILED;Old=4410.95 New=4410.58;WAIT_TRIGGER;SAFE;0;2;0;119084089;119084087;0.00;0.00;0.00;0.00;0.00;KELLY_LITE;true;0.04;213209.76;0.0417;KELLY_LITE(mult=1.12 taper=1.00 n=5)+TIME_REDUCE(50%)+HARD_RISK_CAP(2.0%)+MAXLOSS_CAP;213209.76;213209.76;36;0
2026.08.12 18:37:43;XAUUSD;5;1786548885;OCO_TRIGGERED_SELL;ticket=119084087 entry=4407.59;POSITION_ACTIVE;SAFE;1;1;0;119084089;-1;0.00;0.00;-1.08;0.00;0.00;KELLY_LITE;true;0.04;213209.76;0.0417;KELLY_LITE(mult=1.12 taper=1.00 n=5)+TIME_REDUCE(50%)+HARD_RISK_CAP(2.0%)+MAXLOSS_CAP;213209.76;213209.76;36;0
2026.08.12 18:37:43;XAUUSD;5;1786548885;PENDING_DELETED;ticket=119084089 reason=oco_sell_triggered;POSITION_ACTIVE;SAFE;1;0;0;119084089;-1;0.00;-0.54;-0.54;0.00;0.00;KELLY_LITE;true;0.04;213209.76;0.0417;KELLY_LITE(mult=1.12 taper=1.00 n=5)+TIME_REDUCE(50%)+HARD_RISK_CAP(2.0%)+MAXLOSS_CAP;213209.76;213209.22;33;0
2026.08.12 18:37:44;XAUUSD;5;1786548885;HEDGE_PENDING_PLACED;dir=BUY_STOP ticket=119084332 price=4410.77 sl=4407.77 lot=0.05 mainEntry=4407.59 dist=3.00 confirmBars=1;POSITION_ACTIVE;SAFE;1;1;1;-1;-1;4407.59;-0.39;-0.39;0.00;-0.54;KELLY_LITE;true;0.04;213209.76;0.0417;KELLY_LITE(mult=1.12 taper=1.00 n=5)+TIME_REDUCE(50%)+HARD_RISK_CAP(2.0%)+MAXLOSS_CAP;213209.76;213209.37;36;0
2026.08.12 18:40:03;XAUUSD;5;1786548885;SL_MODIFIED;ticket=119084087 oldSL=4422.59 newSL=4405.47 reason=break_even_lock_leg_0 (retry buf=3pt);MANAGE_PROFIT;SAFE;1;1;1;-1;-1;4407.59;8.13;8.13;8.13;-0.54;KELLY_LITE;true;0.04;213209.76;0.0417;KELLY_LITE(mult=1.12 taper=1.00 n=5)+TIME_REDUCE(50%)+HARD_RISK_CAP(2.0%)+MAXLOSS_CAP;213209.76;213217.89;36;0
2026.08.12 18:40:03;XAUUSD;5;1786548885;PROFIT_RATCHET_LOCKED;floor=2.74 peak=8.13;MANAGE_PROFIT;SAFE;1;1;1;-1;-1;4407.59;8.13;8.13;8.13;-0.54;KELLY_LITE;true;0.04;213209.76;0.0417;KELLY_LITE(mult=1.12 taper=1.00 n=5)+TIME_REDUCE(50%)+HARD_RISK_CAP(2.0%)+MAXLOSS_CAP;213209.76;213217.89;36;0
2026.08.12 18:40:04;XAUUSD;5;1786548885;SL_MODIFY_FAILED;ticket=119084087 newSL=4405.40 reason=break_even_lock_leg_0 err=0;MANAGE_PROFIT;SAFE;1;1;1;-1;-1;4407.59;7.95;7.95;8.13;-0.54;KELLY_LITE;true;0.04;213209.76;0.0417;KELLY_LITE(mult=1.12 taper=1.00 n=5)+TIME_REDUCE(50%)+HARD_RISK_CAP(2.0%)+MAXLOSS_CAP;213209.76;213217.71;36;0
2026.08.12 18:40:04;XAUUSD;5;1786548885;PROFIT_RATCHET_LOCKED;floor=2.74 peak=8.13;MANAGE_PROFIT;SAFE;1;1;1;-1;-1;4407.59;7.95;7.95;8.13;-0.54;KELLY_LITE;true;0.04;213209.76;0.0417;KELLY_LITE(mult=1.12 taper=1.00 n=5)+TIME_REDUCE(50%)+HARD_RISK_CAP(2.0%)+MAXLOSS_CAP;213209.76;213217.71;36;0
2026.08.12 18:40:04;XAUUSD;5;1786548885;PROFIT_RATCHET_LOCKED;floor=2.74 peak=8.13;MANAGE_PROFIT;SAFE;1;1;1;-1;-1;4407.59;7.95;7.95;8.13;-0.54;KELLY_LITE;true;0.04;213209.76;0.0417;KELLY_LITE(mult=1.12 taper=1.00 n=5)+TIME_REDUCE(50%)+HARD_RISK_CAP(2.0%)+MAXLOSS_CAP;213209.76;213217.71;36;0
2026.08.12 18:40:05;XAUUSD;5;1786548885;SL_MODIFIED;ticket=119084087 oldSL=4405.47 newSL=4405.44 reason=break_even_lock_leg_0;MANAGE_PROFIT;SAFE;1;1;1;-1;-1;4407.59;8.01;8.01;8.13;-0.54;KELLY_LITE;true;0.04;213209.76;0.0417;KELLY_LITE(mult=1.12 taper=1.00 n=5)+TIME_REDUCE(50%)+HARD_RISK_CAP(2.0%)+MAXLOSS_CAP;213209.76;213217.77;36;0
2026.08.12 18:40:05;XAUUSD;5;1786548885;PROFIT_RATCHET_LOCKED;floor=2.74 peak=8.13;MANAGE_PROFIT;SAFE;1;1;1;-1;-1;4407.59;8.01;8.01;8.13;-0.54;KELLY_LITE;true;0.04;213209.76;0.0417;KELLY_LITE(mult=1.12 taper=1.00 n=5)+TIME_REDUCE(50%)+HARD_RISK_CAP(2.0%)+MAXLOSS_CAP;213209.76;213217.77;36;0
2026.08.12 18:40:06;XAUUSD;5;1786548885;SL_MODIFIED;ticket=119084087 oldSL=4405.44 newSL=4405.38 reason=break_even_lock_leg_0;MANAGE_PROFIT;SAFE;1;1;1;-1;-1;4407.59;8.37;8.37;8.19;-0.54;KELLY_LITE;true;0.04;213209.76;0.0417;KELLY_LITE(mult=1.12 taper=1.00 n=5)+TIME_REDUCE(50%)+HARD_RISK_CAP(2.0%)+MAXLOSS_CAP;213209.76;213218.13;36;0
2026.08.12 18:40:06;XAUUSD;5;1786548885;PROFIT_RATCHET_LOCKED;floor=2.76 peak=8.19;MANAGE_PROFIT;SAFE;1;1;1;-1;-1;4407.59;8.37;8.37;8.19;-0.54;KELLY_LITE;true;0.04;213209.76;0.0417;KELLY_LITE(mult=1.12 taper=1.00 n=5)+TIME_REDUCE(50%)+HARD_RISK_CAP(2.0%)+MAXLOSS_CAP;213209.76;213218.13;36;0
2026.08.12 18:40:07;XAUUSD;5;1786548885;SL_MODIFIED;ticket=119084087 oldSL=4405.38 newSL=4405.32 reason=break_even_lock_leg_0;MANAGE_PROFIT;SAFE;1;1;1;-1;-1;4407.59;8.43;8.43;8.37;-0.54;KELLY_LITE;true;0.04;213209.76;0.0417;KELLY_LITE(mult=1.12 taper=1.00 n=5)+TIME_REDUCE(50%)+HARD_RISK_CAP(2.0%)+MAXLOSS_CAP;213209.76;213218.19;36;0
2026.08.12 18:40:07;XAUUSD;5;1786548885;PROFIT_RATCHET_LOCKED;floor=2.82 peak=8.37;MANAGE_PROFIT;SAFE;1;1;1;-1;-1;4407.59;8.43;8.43;8.37;-0.54;KELLY_LITE;true;0.04;213209.76;0.0417;KELLY_LITE(mult=1.12 taper=1.00 n=5)+TIME_REDUCE(50%)+HARD_RISK_CAP(2.0%)+MAXLOSS_CAP;213209.76;213218.19;36;0
2026.08.12 18:40:07;XAUUSD;5;1786548885;PROFIT_RATCHET_LOCKED;floor=2.85 peak=8.43;MANAGE_PROFIT;SAFE;1;1;1;-1;-1;4407.59;8.43;8.43;8.43;-0.54;KELLY_LITE;true;0.04;213209.76;0.0417;KELLY_LITE(mult=1.12 taper=1.00 n=5)+TIME_REDUCE(50%)+HARD_RISK_CAP(2.0%)+MAXLOSS_CAP;213209.76;213218.19;36;0
2026.08.12 18:40:08;XAUUSD;5;1786548885;SL_MODIFIED;ticket=119084087 oldSL=4405.32 newSL=4405.28 reason=break_even_lock_leg_0;MANAGE_PROFIT;SAFE;1;1;1;-1;-1;4407.59;8.52;8.52;8.49;-0.54;KELLY_LITE;true;0.04;213209.76;0.0417;KELLY_LITE(mult=1.12 taper=1.00 n=5)+TIME_REDUCE(50%)+HARD_RISK_CAP(2.0%)+MAXLOSS_CAP;213209.76;213218.28;35;0
2026.08.12 18:40:08;XAUUSD;5;1786548885;PROFIT_RATCHET_LOCKED;floor=2.87 peak=8.49;MANAGE_PROFIT;SAFE;1;1;1;-1;-1;4407.59;8.52;8.52;8.49;-0.54;KELLY_LITE;true;0.04;213209.76;0.0417;KELLY_LITE(mult=1.12 taper=1.00 n=5)+TIME_REDUCE(50%)+HARD_RISK_CAP(2.0%)+MAXLOSS_CAP;213209.76;213218.28;35;0
2026.08.12 18:40:08;XAUUSD;5;1786548885;PROFIT_RATCHET_LOCKED;floor=2.88 peak=8.52;MANAGE_PROFIT;SAFE;1;1;1;-1;-1;4407.59;8.52;8.52;8.52;-0.54;KELLY_LITE;true;0.04;213209.76;0.0417;KELLY_LITE(mult=1.12 taper=1.00 n=5)+TIME_REDUCE(50%)+HARD_RISK_CAP(2.0%)+MAXLOSS_CAP;213209.76;213218.28;35;0
2026.08.12 18:40:08;XAUUSD;5;1786548885;PROFIT_RATCHET_LOCKED;floor=2.88 peak=8.52;MANAGE_PROFIT;SAFE;1;1;1;-1;-1;4407.59;8.52;8.52;8.52;-0.54;KELLY_LITE;true;0.04;213209.76;0.0417;KELLY_LITE(mult=1.12 taper=1.00 n=5)+TIME_REDUCE(50%)+HARD_RISK_CAP(2.0%)+MAXLOSS_CAP;213209.76;213218.28;36;0
2026.08.12 18:40:09;XAUUSD;5;1786548885;SL_MODIFIED;ticket=119084087 oldSL=4405.28 newSL=4405.17 reason=break_even_lock_leg_0;MANAGE_PROFIT;SAFE;1;1;1;-1;-1;4407.59;8.91;8.91;8.82;-0.54;KELLY_LITE;true;0.04;213209.76;0.0417;KELLY_LITE(mult=1.12 taper=1.00 n=5)+TIME_REDUCE(50%)+HARD_RISK_CAP(2.0%)+MAXLOSS_CAP;213209.76;213218.67;36;0
2026.08.12 18:40:09;XAUUSD;5;1786548885;PROFIT_RATCHET_LOCKED;floor=2.98 peak=8.82;MANAGE_PROFIT;SAFE;1;1;1;-1;-1;4407.59;8.91;8.91;8.82;-0.54;KELLY_LITE;true;0.04;213209.76;0.0417;KELLY_LITE(mult=1.12 taper=1.00 n=5)+TIME_REDUCE(50%)+HARD_RISK_CAP(2.0%)+MAXLOSS_CAP;213209.76;213218.67;36;0
2026.08.12 18:40:09;XAUUSD;5;1786548885;PROFIT_RATCHET_LOCKED;floor=3.01 peak=8.91;MANAGE_PROFIT;SAFE;1;1;1;-1;-1;4407.59;8.70;8.70;8.91;-0.54;KELLY_LITE;true;0.04;213209.76;0.0417;KELLY_LITE(mult=1.12 taper=1.00 n=5)+TIME_REDUCE(50%)+HARD_RISK_CAP(2.0%)+MAXLOSS_CAP;213209.76;213218.46;36;0
2026.08.12 18:40:09;XAUUSD;5;1786548885;PROFIT_RATCHET_LOCKED;floor=3.01 peak=8.91;MANAGE_PROFIT;SAFE;1;1;1;-1;-1;4407.59;8.70;8.70;8.91;-0.54;KELLY_LITE;true;0.04;213209.76;0.0417;KELLY_LITE(mult=1.12 taper=1.00 n=5)+TIME_REDUCE(50%)+HARD_RISK_CAP(2.0%)+MAXLOSS_CAP;213209.76;213218.46;36;0
2026.08.12 18:40:09;XAUUSD;5;1786548885;PROFIT_RATCHET_LOCKED;floor=3.01 peak=8.91;MANAGE_PROFIT;SAFE;1;1;1;-1;-1;4407.59;8.52;8.52;8.91;-0.54;KELLY_LITE;true;0.04;213209.76;0.0417;KELLY_LITE(mult=1.12 taper=1.00 n=5)+TIME_REDUCE(50%)+HARD_RISK_CAP(2.0%)+MAXLOSS_CAP;213209.76;213218.28;36;0
2026.08.12 18:40:10;XAUUSD;5;1786548885;PROFIT_RATCHET_LOCKED;floor=3.01 peak=8.91;MANAGE_PROFIT;SAFE;1;1;1;-1;-1;4407.59;8.70;8.70;8.91;-0.54;KELLY_LITE;true;0.04;213209.76;0.0417;KELLY_LITE(mult=1.12 taper=1.00 n=5)+TIME_REDUCE(50%)+HARD_RISK_CAP(2.0%)+MAXLOSS_CAP;213209.76;213218.46;36;0
2026.08.12 18:40:10;XAUUSD;5;1786548885;PROFIT_RATCHET_LOCKED;floor=3.01 peak=8.91;MANAGE_PROFIT;SAFE;1;1;1;-1;-1;4407.59;8.61;8.61;8.91;-0.54;KELLY_LITE;true;0.04;213209.76;0.0417;KELLY_LITE(mult=1.12 taper=1.00 n=5)+TIME_REDUCE(50%)+HARD_RISK_CAP(2.0%)+MAXLOSS_CAP;213209.76;213218.37;36;0
2026.08.12 18:40:10;XAUUSD;5;1786548885;PROFIT_RATCHET_LOCKED;floor=3.01 peak=8.91;MANAGE_PROFIT;SAFE;1;1;1;-1;-1;4407.59;8.49;8.49;8.91;-0.54;KELLY_LITE;true;0.04;213209.76;0.0417;KELLY_LITE(mult=1.12 taper=1.00 n=5)+TIME_REDUCE(50%)+HARD_RISK_CAP(2.0%)+MAXLOSS_CAP;213209.76;213218.25;36;0
2026.08.12 18:40:10;XAUUSD;5;1786548885;PROFIT_RATCHET_LOCKED;floor=3.01 peak=8.91;MANAGE_PROFIT;SAFE;1;1;1;-1;-1;4407.59;7.86;7.86;8.91;-0.54;KELLY_LITE;true;0.04;213209.76;0.0417;KELLY_LITE(mult=1.12 taper=1.00 n=5)+TIME_REDUCE(50%)+HARD_RISK_CAP(2.0%)+MAXLOSS_CAP;213209.76;213217.62;36;0
2026.08.12 18:40:11;XAUUSD;5;1786548885;RECONCILED_BROKER_CLOSE;ticket=119084087 type=main pnl=7.26;MANAGE_PROFIT;SAFE;0;1;1;-1;-1;4407.59;0.00;0.00;8.91;-0.54;KELLY_LITE;true;0.04;213209.76;0.0417;KELLY_LITE(mult=1.12 taper=1.00 n=5)+TIME_REDUCE(50%)+HARD_RISK_CAP(2.0%)+MAXLOSS_CAP;213217.02;213217.02;36;0
2026.08.12 18:40:11;XAUUSD;5;1786548885;PENDING_DELETED;ticket=119084332 reason=main_gone_hedge_pending;WAIT_TRIGGER;SAFE;0;0;1;-1;-1;4407.59;0.00;0.00;8.91;-0.54;KELLY_LITE;true;0.04;213209.76;0.0417;KELLY_LITE(mult=1.12 taper=1.00 n=5)+TIME_REDUCE(50%)+HARD_RISK_CAP(2.0%)+MAXLOSS_CAP;213217.02;213217.02;36;0
2026.08.12 18:40:11;XAUUSD;5;1786548885;HEDGE_PENDING_CLEANUP;main_position_gone;WAIT_TRIGGER;SAFE;0;0;1;-1;-1;4407.59;0.00;0.00;8.91;-0.54;KELLY_LITE;true;0.04;213209.76;0.0417;KELLY_LITE(mult=1.12 taper=1.00 n=5)+TIME_REDUCE(50%)+HARD_RISK_CAP(2.0%)+MAXLOSS_CAP;213217.02;213217.02;36;0
2026.08.12 18:40:11;XAUUSD;5;1786548885;CYCLE_RESET;oldState=WAIT_TRIGGER realizedPnL=7.26 peak=8.91 worst=-0.54 pyramid=1 consLosses=0;WAIT_TRIGGER;SAFE;0;0;1;-1;-1;4407.59;0.00;0.00;8.91;-0.54;KELLY_LITE;true;0.04;213209.76;0.0417;KELLY_LITE(mult=1.12 taper=1.00 n=5)+TIME_REDUCE(50%)+HARD_RISK_CAP(2.0%)+MAXLOSS_CAP;213217.02;213217.02;36;0
2026.08.12 18:45:11;XAUUSD;5;1786548885;FILTER_BLOCK_TREND_DISAGREE;TREND_DISAGREE (main=-1 fast=1 rsi=39.0, no extreme);BLOCKED;SAFE;0;0;0;-1;-1;0.00;0.00;0.00;0.00;0.00;KELLY_LITE;true;0.04;213209.76;0.0417;KELLY_LITE(mult=1.12 taper=1.00 n=5)+TIME_REDUCE(50%)+HARD_RISK_CAP(2.0%)+MAXLOSS_CAP;213217.02;213217.02;36;0
2026.08.12 18:50:11;XAUUSD;5;1786548886;PLACE_PENDING_START;cycle=1786548886 trend=-1 consecLosses=0 preset=AGGRESSIVE;PLACE_PENDING;SAFE;0;0;0;-1;-1;0.00;0.00;0.00;0.00;0.00;KELLY_LITE;true;0.04;213209.76;0.0417;KELLY_LITE(mult=1.12 taper=1.00 n=5)+TIME_REDUCE(50%)+HARD_RISK_CAP(2.0%)+MAXLOSS_CAP;213217.02;213217.02;36;0
2026.08.12 18:50:11;XAUUSD;5;1786548886;DIR_OCO_PLACED;dir=BEAR ticket=119087197 price=4401.56 sl=4416.56 tp=4379.06 lot=0.03 dist=1.94;PLACE_PENDING;SAFE;0;1;0;-1;119087197;0.00;0.00;0.00;0.00;0.00;KELLY_LITE;true;0.04;213217.02;0.0417;KELLY_LITE(mult=1.15 taper=1.00 n=6)+TIME_REDUCE(50%)+HARD_RISK_CAP(2.0%)+MAXLOSS_CAP;213217.02;213217.02;36;0
2026.08.12 18:50:12;XAUUSD;5;1786548886;DIR_OCO_COUNTER_PLACED;dir=BULL(counter) ticket=119087200 price=4405.86 lot=0.03;PLACE_PENDING;SAFE;0;2;0;119087200;119087197;0.00;0.00;0.00;0.00;0.00;KELLY_LITE;true;0.04;213217.02;0.0417;KELLY_LITE(mult=1.15 taper=1.00 n=6)+TIME_REDUCE(50%)+HARD_RISK_CAP(2.0%)+MAXLOSS_CAP;213217.02;213217.02;36;0
2026.08.12 18:50:17;XAUUSD;5;1786548886;SELL_STOP_TRAILED;Old=4401.56 New=4401.87;WAIT_TRIGGER;SAFE;0;2;0;119087200;119087197;0.00;0.00;0.00;0.00;0.00;KELLY_LITE;true;0.04;213217.02;0.0417;KELLY_LITE(mult=1.15 taper=1.00 n=6)+TIME_REDUCE(50%)+HARD_RISK_CAP(2.0%)+MAXLOSS_CAP;213217.02;213217.02;36;0
2026.08.12 18:51:26;XAUUSD;5;1786548886;SELL_STOP_TRAILED;Old=4401.87 New=4402.35;WAIT_TRIGGER;SAFE;0;2;0;119087200;119087197;0.00;0.00;0.00;0.00;0.00;KELLY_LITE;true;0.04;213217.02;0.0417;KELLY_LITE(mult=1.15 taper=1.00 n=6)+TIME_REDUCE(50%)+HARD_RISK_CAP(2.0%)+MAXLOSS_CAP;213217.02;213217.02;36;0
2026.08.12 18:51:31;XAUUSD;5;1786548886;SELL_STOP_TRAILED;Old=4402.35 New=4402.66;WAIT_TRIGGER;SAFE;0;2;0;119087200;119087197;0.00;0.00;0.00;0.00;0.00;KELLY_LITE;true;0.04;213217.02;0.0417;KELLY_LITE(mult=1.15 taper=1.00 n=6)+TIME_REDUCE(50%)+HARD_RISK_CAP(2.0%)+MAXLOSS_CAP;213217.02;213217.02;36;0
2026.08.12 18:51:32;XAUUSD;5;1786548886;SELL_STOP_TRAILED;Old=4402.66 New=4402.98;WAIT_TRIGGER;SAFE;0;2;0;119087200;119087197;0.00;0.00;0.00;0.00;0.00;KELLY_LITE;true;0.04;213217.02;0.0417;KELLY_LITE(mult=1.15 taper=1.00 n=6)+TIME_REDUCE(50%)+HARD_RISK_CAP(2.0%)+MAXLOSS_CAP;213217.02;213217.02;36;0
2026.08.12 18:51:40;XAUUSD;5;1786548886;SELL_STOP_TRAILED;Old=4402.98 New=4403.30;WAIT_TRIGGER;SAFE;0;2;0;119087200;119087197;0.00;0.00;0.00;0.00;0.00;KELLY_LITE;true;0.04;213217.02;0.0417;KELLY_LITE(mult=1.15 taper=1.00 n=6)+TIME_REDUCE(50%)+HARD_RISK_CAP(2.0%)+MAXLOSS_CAP;213217.02;213217.02;36;0
2026.08.12 18:52:12;XAUUSD;5;1786548886;OCO_TRIGGERED_BUY;ticket=119087200 entry=4405.86;POSITION_ACTIVE;SAFE;1;1;0;-1;119087197;0.00;0.03;-1.05;0.00;0.00;KELLY_LITE;true;0.04;213217.02;0.0417;KELLY_LITE(mult=1.15 taper=1.00 n=6)+TIME_REDUCE(50%)+HARD_RISK_CAP(2.0%)+MAXLOSS_CAP;213217.02;213217.05;36;0
2026.08.12 18:52:12;XAUUSD;5;1786548886;PENDING_DELETED;ticket=119087197 reason=oco_buy_triggered;POSITION_ACTIVE;SAFE;1;0;0;-1;119087197;0.00;-2.70;-2.70;0.00;0.00;KELLY_LITE;true;0.04;213217.02;0.0417;KELLY_LITE(mult=1.15 taper=1.00 n=6)+TIME_REDUCE(50%)+HARD_RISK_CAP(2.0%)+MAXLOSS_CAP;213217.02;213214.32;36;0
2026.08.12 18:52:13;XAUUSD;5;1786548886;HEDGE_PENDING_PLACED;dir=SELL_STOP ticket=119087625 price=4401.96 sl=4404.96 lot=0.05 mainEntry=4405.86 dist=3.00 confirmBars=1;POSITION_ACTIVE;SAFE;1;1;1;-1;-1;4405.86;-2.76;-2.76;0.00;-2.70;KELLY_LITE;true;0.04;213217.02;0.0417;KELLY_LITE(mult=1.15 taper=1.00 n=6)+TIME_REDUCE(50%)+HARD_RISK_CAP(2.0%)+MAXLOSS_CAP;213217.02;213214.26;36;0
2026.08.12 18:53:52;XAUUSD;5;1786548886;EXIT_SOFT_SL_MOMENTUM;profit=-13.49 rsi=39.5 dir=1;MANAGE_PROFIT;SAFE;2;0;1;-1;-1;4405.86;-13.49;-1.70;0.00;-13.49;KELLY_LITE;true;0.04;213217.02;0.0417;KELLY_LITE(mult=1.15 taper=1.00 n=6)+TIME_REDUCE(50%)+HARD_RISK_CAP(2.0%)+MAXLOSS_CAP;213217.02;213203.53;37;0
2026.08.12 18:53:52;XAUUSD;5;1786548886;POSITION_CLOSED;ticket=119087625 reason=soft_sl_momentum lots=0.05 price=4402.30 pnl=-1.70;MANAGE_PROFIT;SAFE;1;0;1;-1;-1;4405.86;-11.97;-11.97;0.00;-13.49;KELLY_LITE;true;0.04;213217.02;0.0417;KELLY_LITE(mult=1.15 taper=1.00 n=6)+TIME_REDUCE(50%)+HARD_RISK_CAP(2.0%)+MAXLOSS_CAP;213215.67;213203.70;36;0
2026.08.12 18:53:53;XAUUSD;5;1786548886;POSITION_CLOSED;ticket=119087200 reason=soft_sl_momentum lots=0.03 price=4401.87 pnl=-11.97;MANAGE_PROFIT;SAFE;0;0;1;-1;-1;4405.86;0.00;0.00;0.00;-13.49;KELLY_LITE;true;0.04;213217.02;0.0417;KELLY_LITE(mult=1.15 taper=1.00 n=6)+TIME_REDUCE(50%)+HARD_RISK_CAP(2.0%)+MAXLOSS_CAP;213203.76;213203.76;36;0
2026.08.12 18:53:53;XAUUSD;5;1786548886;CYCLE_RESET;oldState=RESET realizedPnL=-13.26 peak=0.00 worst=-13.49 pyramid=0 consLosses=1;RESET;SAFE;0;0;0;-1;-1;4405.86;0.00;0.00;0.00;-13.49;KELLY_LITE;true;0.04;213217.02;0.0417;KELLY_LITE(mult=1.15 taper=1.00 n=6)+TIME_REDUCE(50%)+HARD_RISK_CAP(2.0%)+MAXLOSS_CAP;213203.76;213203.76;36;0
2026.08.12 18:58:53;XAUUSD;5;1786548887;PLACE_PENDING_START;cycle=1786548887 trend=-1 consecLosses=1 preset=AGGRESSIVE;PLACE_PENDING;SAFE;0;0;0;-1;-1;0.00;0.00;0.00;0.00;0.00;KELLY_LITE;true;0.04;213217.02;0.0417;KELLY_LITE(mult=1.15 taper=1.00 n=6)+TIME_REDUCE(50%)+HARD_RISK_CAP(2.0%)+MAXLOSS_CAP;213203.76;213203.76;33;0
2026.08.12 18:58:53;XAUUSD;5;1786548887;DIR_OCO_PLACED;dir=BEAR ticket=119089114 price=4397.55 sl=4412.55 tp=4375.05 lot=0.03 dist=1.90;PLACE_PENDING;SAFE;0;1;0;-1;119089114;0.00;0.00;0.00;0.00;0.00;KELLY_LITE;true;0.04;213203.76;0.0417;KELLY_LITE(mult=1.15 taper=1.00 n=7)+TIME_REDUCE(50%)+HARD_RISK_CAP(2.0%)+MAXLOSS_CAP;213203.76;213203.76;33;0
2026.08.12 18:58:54;XAUUSD;5;1786548887;DIR_OCO_COUNTER_PLACED;dir=BULL(counter) ticket=119089115 price=4401.73 lot=0.03;PLACE_PENDING;SAFE;0;2;0;119089115;119089114;0.00;0.00;0.00;0.00;0.00;KELLY_LITE;true;0.04;213203.76;0.0417;KELLY_LITE(mult=1.15 taper=1.00 n=7)+TIME_REDUCE(50%)+HARD_RISK_CAP(2.0%)+MAXLOSS_CAP;213203.76;213203.76;33;0
2026.08.12 18:59:05;XAUUSD;5;1786548887;BUY_STOP_TRAILED;Old=4401.73 New=4401.42;WAIT_TRIGGER;SAFE;0;2;0;119089115;119089114;0.00;0.00;0.00;0.00;0.00;KELLY_LITE;true;0.04;213203.76;0.0417;KELLY_LITE(mult=1.15 taper=1.00 n=7)+TIME_REDUCE(50%)+HARD_RISK_CAP(2.0%)+MAXLOSS_CAP;213203.76;213203.76;33;0
2026.08.12 19:00:04;XAUUSD;5;1786548887;BUY_STOP_TRAILED;Old=4401.42 New=4401.06;WAIT_TRIGGER;SAFE;0;2;0;119089115;119089114;0.00;0.00;0.00;0.00;0.00;KELLY_LITE;true;0.04;213203.76;0.0417;KELLY_LITE(mult=1.15 taper=1.00 n=7)+TIME_REDUCE(50%)+HARD_RISK_CAP(2.0%)+MAXLOSS_CAP;213203.76;213203.76;33;0
2026.08.12 19:00:10;XAUUSD;5;1786548887;BUY_STOP_TRAILED;Old=4401.06 New=4400.74;WAIT_TRIGGER;SAFE;0;2;0;119089115;119089114;0.00;0.00;0.00;0.00;0.00;KELLY_LITE;true;0.04;213203.76;0.0417;KELLY_LITE(mult=1.15 taper=1.00 n=7)+TIME_REDUCE(50%)+HARD_RISK_CAP(2.0%)+MAXLOSS_CAP;213203.76;213203.76;33;0
2026.08.12 19:00:49;XAUUSD;5;1786548887;BUY_STOP_TRAILED;Old=4400.74 New=4400.28;WAIT_TRIGGER;SAFE;0;2;0;119089115;119089114;0.00;0.00;0.00;0.00;0.00;KELLY_LITE;true;0.04;213203.76;0.0417;KELLY_LITE(mult=1.15 taper=1.00 n=7)+TIME_REDUCE(50%)+HARD_RISK_CAP(2.0%)+MAXLOSS_CAP;213203.76;213203.76;36;0
2026.08.12 19:00:53;XAUUSD;5;1786548887;BUY_STOP_TRAILED;Old=4400.28 New=4399.91;WAIT_TRIGGER;SAFE;1;1;0;119089115;119089114;0.00;-1.11;-1.11;0.00;0.00;KELLY_LITE;true;0.04;213203.76;0.0417;KELLY_LITE(mult=1.15 taper=1.00 n=7)+TIME_REDUCE(50%)+HARD_RISK_CAP(2.0%)+MAXLOSS_CAP;213203.76;213202.65;36;0
2026.08.12 19:00:53;XAUUSD;5;1786548887;OCO_TRIGGERED_SELL;ticket=119089114 entry=4397.55;POSITION_ACTIVE;SAFE;1;1;0;119089115;-1;0.00;-1.11;-1.11;0.00;0.00;KELLY_LITE;true;0.04;213203.76;0.0417;KELLY_LITE(mult=1.15 taper=1.00 n=7)+TIME_REDUCE(50%)+HARD_RISK_CAP(2.0%)+MAXLOSS_CAP;213203.76;213202.65;36;0
2026.08.12 19:00:53;XAUUSD;5;1786548887;PENDING_DELETED;ticket=119089115 reason=oco_sell_triggered;POSITION_ACTIVE;SAFE;1;0;0;119089115;-1;0.00;-1.11;-1.11;0.00;0.00;KELLY_LITE;true;0.04;213203.76;0.0417;KELLY_LITE(mult=1.15 taper=1.00 n=7)+TIME_REDUCE(50%)+HARD_RISK_CAP(2.0%)+MAXLOSS_CAP;213203.76;213202.65;36;0
2026.08.12 19:00:53;XAUUSD;5;1786548887;HEDGE_PENDING_PLACED;dir=BUY_STOP ticket=119089607 price=4400.92 sl=4397.92 lot=0.05 mainEntry=4397.55 dist=3.00 confirmBars=1;POSITION_ACTIVE;SAFE;1;1;1;-1;-1;4397.55;-0.96;-0.96;0.00;-1.11;KELLY_LITE;true;0.04;213203.76;0.0417;KELLY_LITE(mult=1.15 taper=1.00 n=7)+TIME_REDUCE(50%)+HARD_RISK_CAP(2.0%)+MAXLOSS_CAP;213203.76;213202.80;36;0
2026.08.12 19:06:55;XAUUSD;5;1786548887;POSITION_CLOSED;ticket=119089607 reason=hedge_trail_close lots=0.05 price=4400.97 pnl=0.25;MANAGE_PROFIT;SAFE;1;0;1;-1;-1;4397.55;-11.22;-11.22;2.88;-11.28;KELLY_LITE;true;0.04;213203.76;0.0417;KELLY_LITE(mult=1.15 taper=1.00 n=7)+TIME_REDUCE(50%)+HARD_RISK_CAP(2.0%)+MAXLOSS_CAP;213203.96;213192.74;33;0
2026.08.12 19:06:55;XAUUSD;5;1786548887;HEDGE_CLOSED_TRAIL;peak=2.30 close=0.25 threshold=0.69 reason=peak_retrace ok=1;MANAGE_PROFIT;SAFE;1;0;1;-1;-1;4397.55;-11.22;-11.22;2.88;-11.28;KELLY_LITE;true;0.04;213203.76;0.0417;KELLY_LITE(mult=1.15 taper=1.00 n=7)+TIME_REDUCE(50%)+HARD_RISK_CAP(2.0%)+MAXLOSS_CAP;213203.96;213192.74;33;0
2026.08.12 19:10:01;XAUUSD;5;1786548887;EXIT_SOFT_SL_MOMENTUM;profit=-21.42 rsi=45.1 dir=-1;MANAGE_PROFIT;WATCH;1;0;1;-1;-1;4397.55;-21.42;-21.42;2.88;-21.42;KELLY_LITE;true;0.04;213203.76;0.0417;KELLY_LITE(mult=1.15 taper=1.00 n=7)+TIME_REDUCE(50%)+HARD_RISK_CAP(2.0%)+MAXLOSS_CAP;213203.96;213182.54;36;0
2026.08.12 19:10:02;XAUUSD;5;1786548887;POSITION_CLOSED;ticket=119089114 reason=soft_sl_momentum lots=0.03 price=4404.69 pnl=-21.42;MANAGE_PROFIT;WATCH;0;0;1;-1;-1;4397.55;0.00;0.00;2.88;-21.42;KELLY_LITE;true;0.04;213203.76;0.0417;KELLY_LITE(mult=1.15 taper=1.00 n=7)+TIME_REDUCE(50%)+HARD_RISK_CAP(2.0%)+MAXLOSS_CAP;213183.11;213183.11;36;0
2026.08.12 19:10:02;XAUUSD;5;1786548887;CYCLE_RESET;oldState=RESET realizedPnL=-20.65 peak=2.88 worst=-21.42 pyramid=0 consLosses=2;RESET;WATCH;0;0;0;-1;-1;4397.55;0.00;0.00;2.88;-21.42;KELLY_LITE;true;0.04;213203.76;0.0417;KELLY_LITE(mult=1.15 taper=1.00 n=7)+TIME_REDUCE(50%)+HARD_RISK_CAP(2.0%)+MAXLOSS_CAP;213183.11;213183.11;36;0
2026.08.12 19:15:02;XAUUSD;5;1786548888;PLACE_PENDING_START;cycle=1786548888 trend=-1 consecLosses=2 preset=AGGRESSIVE;PLACE_PENDING;SAFE;0;0;0;-1;-1;0.00;0.00;0.00;0.00;0.00;KELLY_LITE;true;0.04;213203.76;0.0417;KELLY_LITE(mult=1.15 taper=1.00 n=7)+TIME_REDUCE(50%)+HARD_RISK_CAP(2.0%)+MAXLOSS_CAP;213183.11;213183.11;36;0
2026.08.12 19:15:02;XAUUSD;5;1786548888;DIR_OCO_PLACED;dir=BEAR ticket=119092790 price=4404.30 sl=4419.30 tp=4381.80 lot=0.03 dist=1.55;PLACE_PENDING;SAFE;0;1;0;-1;119092790;0.00;0.00;0.00;0.00;0.00;KELLY_LITE;true;0.04;213183.11;0.0417;KELLY_LITE(mult=1.10 taper=1.00 n=8)+TIME_REDUCE(50%)+HARD_RISK_CAP(2.0%)+MAXLOSS_CAP;213183.11;213183.11;36;0
2026.08.12 19:15:03;XAUUSD;5;1786548888;DIR_OCO_COUNTER_PLACED;dir=BULL(counter) ticket=119092793 price=4407.71 lot=0.03;PLACE_PENDING;SAFE;0;2;0;119092793;119092790;0.00;0.00;0.00;0.00;0.00;KELLY_LITE;true;0.04;213183.11;0.0417;KELLY_LITE(mult=1.10 taper=1.00 n=8)+TIME_REDUCE(50%)+HARD_RISK_CAP(2.0%)+MAXLOSS_CAP;213183.11;213183.11;36;0
2026.08.12 19:15:08;XAUUSD;5;1786548888;BUY_STOP_TRAILED;Old=4407.71 New=4407.25;WAIT_TRIGGER;SAFE;0;2;0;119092793;119092790;0.00;0.00;0.00;0.00;0.00;KELLY_LITE;true;0.04;213183.11;0.0417;KELLY_LITE(mult=1.10 taper=1.00 n=8)+TIME_REDUCE(50%)+HARD_RISK_CAP(2.0%)+MAXLOSS_CAP;213183.11;213183.11;36;0
2026.08.12 19:15:12;XAUUSD;5;1786548888;BUY_STOP_TRAILED;Old=4407.25 New=4406.82;WAIT_TRIGGER;SAFE;0;2;0;119092793;119092790;0.00;0.00;0.00;0.00;0.00;KELLY_LITE;true;0.04;213183.11;0.0417;KELLY_LITE(mult=1.10 taper=1.00 n=8)+TIME_REDUCE(50%)+HARD_RISK_CAP(2.0%)+MAXLOSS_CAP;213183.11;213183.11;36;0
2026.08.12 19:15:14;XAUUSD;5;1786548888;BUY_STOP_TRAILED;Old=4406.82 New=4406.48;WAIT_TRIGGER;SAFE;0;2;0;119092793;119092790;0.00;0.00;0.00;0.00;0.00;KELLY_LITE;true;0.04;213183.11;0.0417;KELLY_LITE(mult=1.10 taper=1.00 n=8)+TIME_REDUCE(50%)+HARD_RISK_CAP(2.0%)+MAXLOSS_CAP;213183.11;213183.11;36;0
2026.08.12 19:16:49;XAUUSD;5;1786548888;OCO_TRIGGERED_BUY;ticket=119092793 entry=4406.48;POSITION_ACTIVE;SAFE;1;1;0;-1;119092790;0.00;0.03;-1.05;0.00;0.00;KELLY_LITE;true;0.04;213183.11;0.0417;KELLY_LITE(mult=1.10 taper=1.00 n=8)+TIME_REDUCE(50%)+HARD_RISK_CAP(2.0%)+MAXLOSS_CAP;213183.11;213183.14;36;0
2026.08.12 19:16:49;XAUUSD;5;1786548888;PENDING_DELETED;ticket=119092790 reason=oco_buy_triggered;POSITION_ACTIVE;SAFE;1;0;0;-1;119092790;0.00;0.03;-1.05;0.00;0.00;KELLY_LITE;true;0.04;213183.11;0.0417;KELLY_LITE(mult=1.10 taper=1.00 n=8)+TIME_REDUCE(50%)+HARD_RISK_CAP(2.0%)+MAXLOSS_CAP;213183.11;213183.14;36;0
2026.08.12 19:16:50;XAUUSD;5;1786548888;HEDGE_PENDING_PLACED;dir=SELL_STOP ticket=119093121 price=4403.13 sl=4406.13 lot=0.05 mainEntry=4406.48 dist=3.00 confirmBars=1;POSITION_ACTIVE;SAFE;1;1;1;-1;-1;4406.48;-1.14;-1.14;0.03;0.00;KELLY_LITE;true;0.04;213183.11;0.0417;KELLY_LITE(mult=1.10 taper=1.00 n=8)+TIME_REDUCE(50%)+HARD_RISK_CAP(2.0%)+MAXLOSS_CAP;213183.11;213181.97;36;0
2026.08.12 19:22:14;XAUUSD;5;1786548888;SL_MODIFIED;ticket=119092793 oldSL=4394.48 newSL=4408.64 reason=break_even_lock_leg_0;MANAGE_PROFIT;SAFE;1;1;1;-1;-1;4406.48;8.70;8.70;8.04;-1.20;KELLY_LITE;true;0.04;213183.11;0.0417;KELLY_LITE(mult=1.10 taper=1.00 n=8)+TIME_REDUCE(50%)+HARD_RISK_CAP(2.0%)+MAXLOSS_CAP;213183.11;213191.81;36;0
2026.08.12 19:22:14;XAUUSD;5;1786548888;PROFIT_RATCHET_LOCKED;floor=3.42 peak=8.04;MANAGE_PROFIT;SAFE;1;1;1;-1;-1;4406.48;8.70;8.70;8.04;-1.20;KELLY_LITE;true;0.04;213183.11;0.0417;KELLY_LITE(mult=1.10 taper=1.00 n=8)+TIME_REDUCE(50%)+HARD_RISK_CAP(2.0%)+MAXLOSS_CAP;213183.11;213191.81;36;0
2026.08.12 19:22:15;XAUUSD;5;1786548888;SL_MODIFIED;ticket=119092793 oldSL=4408.64 newSL=4408.86 reason=break_even_lock_leg_0;MANAGE_PROFIT;SAFE;1;1;1;-1;-1;4406.48;8.82;8.85;8.70;-1.20;KELLY_LITE;true;0.04;213183.11;0.0417;KELLY_LITE(mult=1.10 taper=1.00 n=8)+TIME_REDUCE(50%)+HARD_RISK_CAP(2.0%)+MAXLOSS_CAP;213183.11;213191.93;36;0
2026.08.12 19:22:15;XAUUSD;5;1786548888;PROFIT_RATCHET_LOCKED;floor=3.70 peak=8.70;MANAGE_PROFIT;SAFE;1;1;1;-1;-1;4406.48;8.82;8.85;8.70;-1.20;KELLY_LITE;true;0.04;213183.11;0.0417;KELLY_LITE(mult=1.10 taper=1.00 n=8)+TIME_REDUCE(50%)+HARD_RISK_CAP(2.0%)+MAXLOSS_CAP;213183.11;213191.93;36;0
2026.08.12 19:22:15;XAUUSD;5;1786548888;SL_MODIFIED;ticket=119092793 oldSL=4408.86 newSL=4408.91 reason=break_even_lock_leg_0;MANAGE_PROFIT;SAFE;1;1;1;-1;-1;4406.48;8.85;8.85;8.82;-1.20;KELLY_LITE;true;0.04;213183.11;0.0417;KELLY_LITE(mult=1.10 taper=1.00 n=8)+TIME_REDUCE(50%)+HARD_RISK_CAP(2.0%)+MAXLOSS_CAP;213183.11;213191.96;36;0
2026.08.12 19:22:15;XAUUSD;5;1786548888;PROFIT_RATCHET_LOCKED;floor=3.75 peak=8.82;MANAGE_PROFIT;SAFE;1;1;1;-1;-1;4406.48;8.85;8.85;8.82;-1.20;KELLY_LITE;true;0.04;213183.11;0.0417;KELLY_LITE(mult=1.10 taper=1.00 n=8)+TIME_REDUCE(50%)+HARD_RISK_CAP(2.0%)+MAXLOSS_CAP;213183.11;213191.96;36;0
2026.08.12 19:22:15;XAUUSD;5;1786548888;PROFIT_RATCHET_LOCKED;floor=3.75 peak=8.82;MANAGE_PROFIT;SAFE;1;1;1;-1;-1;4406.48;8.79;8.79;8.82;-1.20;KELLY_LITE;true;0.04;213183.11;0.0417;KELLY_LITE(mult=1.10 taper=1.00 n=8)+TIME_REDUCE(50%)+HARD_RISK_CAP(2.0%)+MAXLOSS_CAP;213183.11;213191.90;36;0
2026.08.12 19:22:16;XAUUSD;5;1786548888;PROFIT_RATCHET_LOCKED;floor=3.76 peak=8.85;MANAGE_PROFIT;SAFE;1;1;1;-1;-1;4406.48;8.85;8.85;8.85;-1.20;KELLY_LITE;true;0.04;213183.11;0.0417;KELLY_LITE(mult=1.10 taper=1.00 n=8)+TIME_REDUCE(50%)+HARD_RISK_CAP(2.0%)+MAXLOSS_CAP;213183.11;213191.96;36;0
2026.08.12 19:22:16;XAUUSD;5;1786548888;PROFIT_RATCHET_LOCKED;floor=3.77 peak=8.88;MANAGE_PROFIT;SAFE;1;1;1;-1;-1;4406.48;8.88;8.88;8.88;-1.20;KELLY_LITE;true;0.04;213183.11;0.0417;KELLY_LITE(mult=1.10 taper=1.00 n=8)+TIME_REDUCE(50%)+HARD_RISK_CAP(2.0%)+MAXLOSS_CAP;213183.11;213191.99;36;0
2026.08.12 19:22:17;XAUUSD;5;1786548888;SL_MODIFIED;ticket=119092793 oldSL=4408.91 newSL=4408.93 reason=break_even_lock_leg_0;MANAGE_PROFIT;SAFE;1;1;1;-1;-1;4406.48;8.91;8.91;8.91;-1.20;KELLY_LITE;true;0.04;213183.11;0.0417;KELLY_LITE(mult=1.10 taper=1.00 n=8)+TIME_REDUCE(50%)+HARD_RISK_CAP(2.0%)+MAXLOSS_CAP;213183.11;213192.02;36;0
2026.08.12 19:22:17;XAUUSD;5;1786548888;PROFIT_RATCHET_LOCKED;floor=3.79 peak=8.91;MANAGE_PROFIT;SAFE;1;1;1;-1;-1;4406.48;8.91;8.91;8.91;-1.20;KELLY_LITE;true;0.04;213183.11;0.0417;KELLY_LITE(mult=1.10 taper=1.00 n=8)+TIME_REDUCE(50%)+HARD_RISK_CAP(2.0%)+MAXLOSS_CAP;213183.11;213192.02;36;0
2026.08.12 19:22:18;XAUUSD;5;1786548888;PROFIT_RATCHET_LOCKED;floor=3.79 peak=8.91;MANAGE_PROFIT;SAFE;1;1;1;-1;-1;4406.48;8.64;8.64;8.91;-1.20;KELLY_LITE;true;0.04;213183.11;0.0417;KELLY_LITE(mult=1.10 taper=1.00 n=8)+TIME_REDUCE(50%)+HARD_RISK_CAP(2.0%)+MAXLOSS_CAP;213183.11;213191.75;36;0
2026.08.12 19:22:18;XAUUSD;5;1786548888;PROFIT_RATCHET_LOCKED;floor=3.79 peak=8.91;MANAGE_PROFIT;SAFE;1;1;1;-1;-1;4406.48;8.70;8.70;8.91;-1.20;KELLY_LITE;true;0.04;213183.11;0.0417;KELLY_LITE(mult=1.10 taper=1.00 n=8)+TIME_REDUCE(50%)+HARD_RISK_CAP(2.0%)+MAXLOSS_CAP;213183.11;213191.81;36;0
2026.08.12 19:22:18;XAUUSD;5;1786548888;PROFIT_RATCHET_LOCKED;floor=3.79 peak=8.91;MANAGE_PROFIT;SAFE;1;1;1;-1;-1;4406.48;8.76;8.76;8.91;-1.20;KELLY_LITE;true;0.04;213183.11;0.0417;KELLY_LITE(mult=1.10 taper=1.00 n=8)+TIME_REDUCE(50%)+HARD_RISK_CAP(2.0%)+MAXLOSS_CAP;213183.11;213191.87;36;0
2026.08.12 19:22:18;XAUUSD;5;1786548888;PROFIT_RATCHET_LOCKED;floor=3.79 peak=8.91;MANAGE_PROFIT;SAFE;1;1;1;-1;-1;4406.48;8.85;8.85;8.91;-1.20;KELLY_LITE;true;0.04;213183.11;0.0417;KELLY_LITE(mult=1.10 taper=1.00 n=8)+TIME_REDUCE(50%)+HARD_RISK_CAP(2.0%)+MAXLOSS_CAP;213183.11;213191.96;36;0
2026.08.12 19:22:20;XAUUSD;5;1786548888;SL_MODIFY_FAILED;ticket=119092793 newSL=4409.15 reason=break_even_lock_leg_0 err=0;MANAGE_PROFIT;SAFE;1;1;1;-1;-1;4406.48;8.94;8.94;9.57;-1.20;KELLY_LITE;true;0.04;213183.11;0.0417;KELLY_LITE(mult=1.10 taper=1.00 n=8)+TIME_REDUCE(50%)+HARD_RISK_CAP(2.0%)+MAXLOSS_CAP;213183.11;213192.05;36;0
2026.08.12 19:22:20;XAUUSD;5;1786548888;PROFIT_RATCHET_LOCKED;floor=4.07 peak=9.57;MANAGE_PROFIT;SAFE;1;1;1;-1;-1;4406.48;8.94;8.94;9.57;-1.20;KELLY_LITE;true;0.04;213183.11;0.0417;KELLY_LITE(mult=1.10 taper=1.00 n=8)+TIME_REDUCE(50%)+HARD_RISK_CAP(2.0%)+MAXLOSS_CAP;213183.11;213192.05;36;0
2026.08.12 19:22:20;XAUUSD;5;1786548888;PROFIT_RATCHET_LOCKED;floor=4.07 peak=9.57;MANAGE_PROFIT;SAFE;1;1;1;-1;-1;4406.48;8.94;8.94;9.57;-1.20;KELLY_LITE;true;0.04;213183.11;0.0417;KELLY_LITE(mult=1.10 taper=1.00 n=8)+TIME_REDUCE(50%)+HARD_RISK_CAP(2.0%)+MAXLOSS_CAP;213183.11;213192.05;36;0
2026.08.12 19:22:20;XAUUSD;5;1786548888;PROFIT_RATCHET_LOCKED;floor=4.07 peak=9.57;MANAGE_PROFIT;SAFE;1;1;1;-1;-1;4406.48;8.76;8.76;9.57;-1.20;KELLY_LITE;true;0.04;213183.11;0.0417;KELLY_LITE(mult=1.10 taper=1.00 n=8)+TIME_REDUCE(50%)+HARD_RISK_CAP(2.0%)+MAXLOSS_CAP;213183.11;213191.87;36;0
2026.08.12 19:22:21;XAUUSD;5;1786548888;PROFIT_RATCHET_LOCKED;floor=4.07 peak=9.57;MANAGE_PROFIT;SAFE;1;1;1;-1;-1;4406.48;8.01;8.01;9.57;-1.20;KELLY_LITE;true;0.04;213183.11;0.0417;KELLY_LITE(mult=1.10 taper=1.00 n=8)+TIME_REDUCE(50%)+HARD_RISK_CAP(2.0%)+MAXLOSS_CAP;213183.11;213191.12;36;0
2026.08.12 19:22:21;XAUUSD;5;1786548888;EXIT_TIERED_TRAIL;profit=8.01 peak=9.57 allowedRetrace=1.44;MANAGE_PROFIT;SAFE;1;1;1;-1;-1;4406.48;8.01;8.01;9.57;-1.20;KELLY_LITE;true;0.04;213183.11;0.0417;KELLY_LITE(mult=1.10 taper=1.00 n=8)+TIME_REDUCE(50%)+HARD_RISK_CAP(2.0%)+MAXLOSS_CAP;213183.11;213191.12;36;0
2026.08.12 19:22:21;XAUUSD;5;1786548888;POSITION_CLOSED;ticket=119092793 reason=tiered_profit_trail lots=0.03 price=4409.15 pnl=8.01;MANAGE_PROFIT;SAFE;0;1;1;-1;-1;4406.48;0.00;0.00;9.57;-1.20;KELLY_LITE;true;0.04;213183.11;0.0417;KELLY_LITE(mult=1.10 taper=1.00 n=8)+TIME_REDUCE(50%)+HARD_RISK_CAP(2.0%)+MAXLOSS_CAP;213191.33;213191.33;36;0
2026.08.12 19:22:22;XAUUSD;5;1786548888;PENDING_DELETED;ticket=119093121 reason=close_all_hedge;MANAGE_PROFIT;SAFE;0;0;0;-1;-1;4406.48;0.00;0.00;9.57;-1.20;KELLY_LITE;true;0.04;213183.11;0.0417;KELLY_LITE(mult=1.10 taper=1.00 n=8)+TIME_REDUCE(50%)+HARD_RISK_CAP(2.0%)+MAXLOSS_CAP;213191.33;213191.33;36;0
2026.08.12 19:22:22;XAUUSD;5;1786548888;CYCLE_RESET;oldState=RESET realizedPnL=8.22 peak=9.57 worst=-1.20 pyramid=0 consLosses=0;RESET;SAFE;0;0;0;-1;-1;4406.48;0.00;0.00;9.57;-1.20;KELLY_LITE;true;0.04;213183.11;0.0417;KELLY_LITE(mult=1.10 taper=1.00 n=8)+TIME_REDUCE(50%)+HARD_RISK_CAP(2.0%)+MAXLOSS_CAP;213191.33;213191.33;36;0
2026.08.12 19:27:23;XAUUSD;5;1786548888;FILTER_BLOCK_TREND_DISAGREE;TREND_DISAGREE (main=-1 fast=1 rsi=53.4, no extreme);BLOCKED;SAFE;0;0;0;-1;-1;0.00;0.00;0.00;0.00;0.00;KELLY_LITE;true;0.04;213183.11;0.0417;KELLY_LITE(mult=1.10 taper=1.00 n=8)+TIME_REDUCE(50%)+HARD_RISK_CAP(2.0%)+MAXLOSS_CAP;213191.33;213191.33;36;0
2026.08.12 19:32:24;XAUUSD;5;1786548888;FILTER_BLOCK_TREND_DISAGREE;TREND_DISAGREE (main=-1 fast=1 rsi=50.4, no extreme);BLOCKED;SAFE;0;0;0;-1;-1;0.00;0.00;0.00;0.00;0.00;KELLY_LITE;true;0.04;213183.11;0.0417;KELLY_LITE(mult=1.10 taper=1.00 n=8)+TIME_REDUCE(50%)+HARD_RISK_CAP(2.0%)+MAXLOSS_CAP;213191.33;213191.33;36;0
2026.08.12 19:37:24;XAUUSD;5;1786548889;PLACE_PENDING_START;cycle=1786548889 trend=-1 consecLosses=0 preset=AGGRESSIVE;PLACE_PENDING;SAFE;0;0;0;-1;-1;0.00;0.00;0.00;0.00;0.00;KELLY_LITE;true;0.04;213183.11;0.0417;KELLY_LITE(mult=1.10 taper=1.00 n=8)+TIME_REDUCE(50%)+HARD_RISK_CAP(2.0%)+MAXLOSS_CAP;213191.33;213191.33;36;0
2026.08.12 19:37:24;XAUUSD;5;1786548889;DIR_OCO_PLACED;dir=BEAR ticket=119097414 price=4410.59 sl=4425.59 tp=4388.09 lot=0.03 dist=1.58;PLACE_PENDING;SAFE;0;1;0;-1;119097414;0.00;0.00;0.00;0.00;0.00;KELLY_LITE;true;0.04;213191.33;0.0417;KELLY_LITE(mult=1.15 taper=1.00 n=9)+TIME_REDUCE(50%)+HARD_RISK_CAP(2.0%)+MAXLOSS_CAP;213191.33;213191.33;36;0
2026.08.12 19:37:25;XAUUSD;5;1786548889;DIR_OCO_COUNTER_PLACED;dir=BULL(counter) ticket=119097417 price=4414.12 lot=0.03;PLACE_PENDING;SAFE;0;2;0;119097417;119097414;0.00;0.00;0.00;0.00;0.00;KELLY_LITE;true;0.04;213191.33;0.0417;KELLY_LITE(mult=1.15 taper=1.00 n=9)+TIME_REDUCE(50%)+HARD_RISK_CAP(2.0%)+MAXLOSS_CAP;213191.33;213191.33;36;0
2026.08.12 19:37:35;XAUUSD;5;1786548889;SELL_STOP_TRAILED;Old=4410.59 New=4410.90;WAIT_TRIGGER;SAFE;0;2;0;119097417;119097414;0.00;0.00;0.00;0.00;0.00;KELLY_LITE;true;0.04;213191.33;0.0417;KELLY_LITE(mult=1.15 taper=1.00 n=9)+TIME_REDUCE(50%)+HARD_RISK_CAP(2.0%)+MAXLOSS_CAP;213191.33;213191.33;36;0
2026.08.12 19:37:51;XAUUSD;5;1786548889;BUY_STOP_TRAILED;Old=4414.12 New=4413.78;WAIT_TRIGGER;SAFE;0;2;0;119097417;119097414;0.00;0.00;0.00;0.00;0.00;KELLY_LITE;true;0.04;213191.33;0.0417;KELLY_LITE(mult=1.15 taper=1.00 n=9)+TIME_REDUCE(50%)+HARD_RISK_CAP(2.0%)+MAXLOSS_CAP;213191.33;213191.33;36;0
2026.08.12 19:38:33;XAUUSD;5;1786548889;BUY_STOP_TRAILED;Old=4413.78 New=4413.41;WAIT_TRIGGER;SAFE;0;2;0;119097417;119097414;0.00;0.00;0.00;0.00;0.00;KELLY_LITE;true;0.04;213191.33;0.0417;KELLY_LITE(mult=1.15 taper=1.00 n=9)+TIME_REDUCE(50%)+HARD_RISK_CAP(2.0%)+MAXLOSS_CAP;213191.33;213191.33;33;0
2026.08.12 19:38:38;XAUUSD;5;1786548889;BUY_STOP_TRAILED;Old=4413.41 New=4413.08;WAIT_TRIGGER;SAFE;0;2;0;119097417;119097414;0.00;0.00;0.00;0.00;0.00;KELLY_LITE;true;0.04;213191.33;0.0417;KELLY_LITE(mult=1.15 taper=1.00 n=9)+TIME_REDUCE(50%)+HARD_RISK_CAP(2.0%)+MAXLOSS_CAP;213191.33;213191.33;36;0
2026.08.12 19:38:41;XAUUSD;5;1786548889;OCO_TRIGGERED_SELL;ticket=119097414 entry=4410.90;POSITION_ACTIVE;SAFE;1;1;0;119097417;-1;0.00;-1.17;-1.17;0.00;0.00;KELLY_LITE;true;0.04;213191.33;0.0417;KELLY_LITE(mult=1.15 taper=1.00 n=9)+TIME_REDUCE(50%)+HARD_RISK_CAP(2.0%)+MAXLOSS_CAP;213191.33;213190.16;36;0
2026.08.12 19:38:41;XAUUSD;5;1786548889;PENDING_DELETED;ticket=119097417 reason=oco_sell_triggered;POSITION_ACTIVE;SAFE;1;0;0;119097417;-1;0.00;-1.38;-1.38;0.00;0.00;KELLY_LITE;true;0.04;213191.33;0.0417;KELLY_LITE(mult=1.15 taper=1.00 n=9)+TIME_REDUCE(50%)+HARD_RISK_CAP(2.0%)+MAXLOSS_CAP;213191.33;213189.95;36;0
2026.08.12 19:38:42;XAUUSD;5;1786548889;HEDGE_PENDING_PLACED;dir=BUY_STOP ticket=119097650 price=4414.36 sl=4411.36 lot=0.05 mainEntry=4410.90 dist=3.00 confirmBars=1;POSITION_ACTIVE;SAFE;1;1;1;-1;-1;4410.90;-1.41;-1.41;0.00;-1.38;KELLY_LITE;true;0.04;213191.33;0.0417;KELLY_LITE(mult=1.15 taper=1.00 n=9)+TIME_REDUCE(50%)+HARD_RISK_CAP(2.0%)+MAXLOSS_CAP;213191.33;213189.92;36;0
2026.08.12 19:45:27;XAUUSD;5;1786548889;EXIT_SOFT_SL_MOMENTUM;profit=-12.07 rsi=57.0 dir=-1;MANAGE_PROFIT;SAFE;2;0;1;-1;-1;4410.90;-12.07;-1.75;0.63;-12.07;KELLY_LITE;true;0.04;213191.33;0.0417;KELLY_LITE(mult=1.15 taper=1.00 n=9)+TIME_REDUCE(50%)+HARD_RISK_CAP(2.0%)+MAXLOSS_CAP;213191.33;213179.26;33;0
2026.08.12 19:45:27;XAUUSD;5;1786548889;POSITION_CLOSED;ticket=119097650 reason=soft_sl_momentum lots=0.05 price=4414.01 pnl=-1.75;MANAGE_PROFIT;SAFE;1;0;1;-1;-1;4410.90;-10.47;-10.47;0.63;-12.07;KELLY_LITE;true;0.04;213191.33;0.0417;KELLY_LITE(mult=1.15 taper=1.00 n=9)+TIME_REDUCE(50%)+HARD_RISK_CAP(2.0%)+MAXLOSS_CAP;213189.68;213179.21;36;0
2026.08.12 19:45:27;XAUUSD;5;1786548889;POSITION_CLOSED;ticket=119097414 reason=soft_sl_momentum lots=0.03 price=4414.39 pnl=-10.47;MANAGE_PROFIT;SAFE;0;0;1;-1;-1;4410.90;0.00;0.00;0.63;-12.07;KELLY_LITE;true;0.04;213191.33;0.0417;KELLY_LITE(mult=1.15 taper=1.00 n=9)+TIME_REDUCE(50%)+HARD_RISK_CAP(2.0%)+MAXLOSS_CAP;213179.60;213179.60;36;0
2026.08.12 19:45:27;XAUUSD;5;1786548889;CYCLE_RESET;oldState=RESET realizedPnL=-11.73 peak=0.63 worst=-12.07 pyramid=0 consLosses=1;RESET;SAFE;0;0;0;-1;-1;4410.90;0.00;0.00;0.63;-12.07;KELLY_LITE;true;0.04;213191.33;0.0417;KELLY_LITE(mult=1.15 taper=1.00 n=9)+TIME_REDUCE(50%)+HARD_RISK_CAP(2.0%)+MAXLOSS_CAP;213179.60;213179.60;36;0
2026.08.12 19:50:27;XAUUSD;5;1786548890;PLACE_PENDING_START;cycle=1786548890 trend=-1 consecLosses=1 preset=AGGRESSIVE;PLACE_PENDING;SAFE;0;0;0;-1;-1;0.00;0.00;0.00;0.00;0.00;KELLY_LITE;true;0.04;213191.33;0.0417;KELLY_LITE(mult=1.15 taper=1.00 n=9)+TIME_REDUCE(50%)+HARD_RISK_CAP(2.0%)+MAXLOSS_CAP;213179.60;213179.60;36;0
2026.08.12 19:50:27;XAUUSD;5;1786548890;DIR_OCO_PLACED;dir=BEAR ticket=119100281 price=4415.13 sl=4430.13 tp=4392.63 lot=0.03 dist=1.50;PLACE_PENDING;SAFE;0;1;0;-1;119100281;0.00;0.00;0.00;0.00;0.00;KELLY_LITE;true;0.04;213179.60;0.0417;KELLY_LITE(mult=1.10 taper=1.00 n=10)+TIME_REDUCE(50%)+HARD_RISK_CAP(2.0%)+MAXLOSS_CAP;213179.60;213179.60;36;0
2026.08.12 19:50:27;XAUUSD;5;1786548890;DIR_OCO_COUNTER_PLACED;dir=BULL(counter) ticket=119100283 price=4418.50 lot=0.03;PLACE_PENDING;SAFE;0;2;0;119100283;119100281;0.00;0.00;0.00;0.00;0.00;KELLY_LITE;true;0.04;213179.60;0.0417;KELLY_LITE(mult=1.10 taper=1.00 n=10)+TIME_REDUCE(50%)+HARD_RISK_CAP(2.0%)+MAXLOSS_CAP;213179.60;213179.60;36;0
2026.08.12 19:50:36;XAUUSD;5;1786548890;SELL_STOP_TRAILED;Old=4415.13 New=4415.45;WAIT_TRIGGER;SAFE;0;2;0;119100283;119100281;0.00;0.00;0.00;0.00;0.00;KELLY_LITE;true;0.04;213179.60;0.0417;KELLY_LITE(mult=1.10 taper=1.00 n=10)+TIME_REDUCE(50%)+HARD_RISK_CAP(2.0%)+MAXLOSS_CAP;213179.60;213179.60;36;0
2026.08.12 19:50:40;XAUUSD;5;1786548890;BUY_STOP_TRAILED;Old=4418.50 New=4418.15;WAIT_TRIGGER;SAFE;0;2;0;119100283;119100281;0.00;0.00;0.00;0.00;0.00;KELLY_LITE;true;0.04;213179.60;0.0417;KELLY_LITE(mult=1.10 taper=1.00 n=10)+TIME_REDUCE(50%)+HARD_RISK_CAP(2.0%)+MAXLOSS_CAP;213179.60;213179.60;33;0
2026.08.12 19:50:47;XAUUSD;5;1786548890;BUY_STOP_TRAILED;Old=4418.15 New=4417.80;WAIT_TRIGGER;SAFE;0;2;0;119100283;119100281;0.00;0.00;0.00;0.00;0.00;KELLY_LITE;true;0.04;213179.60;0.0417;KELLY_LITE(mult=1.10 taper=1.00 n=10)+TIME_REDUCE(50%)+HARD_RISK_CAP(2.0%)+MAXLOSS_CAP;213179.60;213179.60;36;0
2026.08.12 19:50:58;XAUUSD;5;1786548890;OCO_TRIGGERED_SELL;ticket=119100281 entry=4415.45;POSITION_ACTIVE;SAFE;1;1;0;119100283;-1;0.00;0.03;-1.05;0.00;0.00;KELLY_LITE;true;0.04;213179.60;0.0417;KELLY_LITE(mult=1.10 taper=1.00 n=10)+TIME_REDUCE(50%)+HARD_RISK_CAP(2.0%)+MAXLOSS_CAP;213179.60;213179.63;36;0
2026.08.12 19:50:58;XAUUSD;5;1786548890;PENDING_DELETED;ticket=119100283 reason=oco_sell_triggered;POSITION_ACTIVE;SAFE;1;0;0;119100283;-1;0.00;-1.05;-1.05;0.00;0.00;KELLY_LITE;true;0.04;213179.60;0.0417;KELLY_LITE(mult=1.10 taper=1.00 n=10)+TIME_REDUCE(50%)+HARD_RISK_CAP(2.0%)+MAXLOSS_CAP;213179.60;213178.55;35;0
2026.08.12 19:50:59;XAUUSD;5;1786548890;HEDGE_PENDING_PLACED;dir=BUY_STOP ticket=119100397 price=4418.80 sl=4415.80 lot=0.05 mainEntry=4415.45 dist=3.00 confirmBars=1;POSITION_ACTIVE;SAFE;1;1;1;-1;-1;4415.45;-0.99;-0.99;0.00;-1.05;KELLY_LITE;true;0.04;213179.60;0.0417;KELLY_LITE(mult=1.10 taper=1.00 n=10)+TIME_REDUCE(50%)+HARD_RISK_CAP(2.0%)+MAXLOSS_CAP;213179.60;213178.61;36;0
2026.08.12 20:02:24;XAUUSD;5;1786548890;EXIT_TIME_PROFIT_LOCK;held=11 profit=0.51;MANAGE_PROFIT;SAFE;1;1;1;-1;-1;4415.45;0.51;0.51;7.26;-5.46;KELLY_LITE;true;0.04;213179.60;0.0417;KELLY_LITE(mult=1.10 taper=1.00 n=10)+TIME_REDUCE(50%)+HARD_RISK_CAP(2.0%)+MAXLOSS_CAP;213179.60;213180.11;36;0
2026.08.12 20:02:25;XAUUSD;5;1786548890;POSITION_CLOSED;ticket=119100281 reason=time_exit_profit_lock lots=0.03 price=4415.28 pnl=0.51;MANAGE_PROFIT;SAFE;0;1;1;-1;-1;4415.45;0.00;0.00;7.26;-5.46;KELLY_LITE;true;0.04;213179.60;0.0417;KELLY_LITE(mult=1.10 taper=1.00 n=10)+TIME_REDUCE(50%)+HARD_RISK_CAP(2.0%)+MAXLOSS_CAP;213180.14;213180.14;36;0
2026.08.12 20:02:25;XAUUSD;5;1786548890;PENDING_DELETED;ticket=119100397 reason=close_all_hedge;MANAGE_PROFIT;SAFE;0;0;0;-1;-1;4415.45;0.00;0.00;7.26;-5.46;KELLY_LITE;true;0.04;213179.60;0.0417;KELLY_LITE(mult=1.10 taper=1.00 n=10)+TIME_REDUCE(50%)+HARD_RISK_CAP(2.0%)+MAXLOSS_CAP;213180.14;213180.14;36;0
2026.08.12 20:02:25;XAUUSD;5;1786548890;CYCLE_RESET;oldState=RESET realizedPnL=0.54 peak=7.26 worst=-5.46 pyramid=0 consLosses=0;RESET;SAFE;0;0;0;-1;-1;4415.45;0.00;0.00;7.26;-5.46;KELLY_LITE;true;0.04;213179.60;0.0417;KELLY_LITE(mult=1.10 taper=1.00 n=10)+TIME_REDUCE(50%)+HARD_RISK_CAP(2.0%)+MAXLOSS_CAP;213180.14;213180.14;36;0
2026.08.12 20:07:25;XAUUSD;5;1786548891;PLACE_PENDING_START;cycle=1786548891 trend=-1 consecLosses=0 preset=AGGRESSIVE;PLACE_PENDING;SAFE;0;0;0;-1;-1;0.00;0.00;0.00;0.00;0.00;KELLY_LITE;true;0.04;213179.60;0.0417;KELLY_LITE(mult=1.10 taper=1.00 n=10)+TIME_REDUCE(50%)+HARD_RISK_CAP(2.0%)+MAXLOSS_CAP;213180.14;213180.14;36;0
2026.08.12 20:07:25;XAUUSD;5;1786548891;DIR_OCO_PLACED;dir=BEAR ticket=119103635 price=4415.23 sl=4430.23 tp=4392.73 lot=0.03 dist=1.50;PLACE_PENDING;SAFE;0;1;0;-1;119103635;0.00;0.00;0.00;0.00;0.00;KELLY_LITE;true;0.04;213180.14;0.0417;KELLY_LITE(mult=1.15 taper=1.00 n=11)+TIME_REDUCE(50%)+HARD_RISK_CAP(2.0%)+MAXLOSS_CAP;213180.14;213180.14;36;0
2026.08.12 20:07:25;XAUUSD;5;1786548891;DIR_OCO_COUNTER_PLACED;dir=BULL(counter) ticket=119103638 price=4418.66 lot=0.03;PLACE_PENDING;SAFE;0;2;0;119103638;119103635;0.00;0.00;0.00;0.00;0.00;KELLY_LITE;true;0.04;213180.14;0.0417;KELLY_LITE(mult=1.15 taper=1.00 n=11)+TIME_REDUCE(50%)+HARD_RISK_CAP(2.0%)+MAXLOSS_CAP;213180.14;213180.14;36;0
2026.08.12 20:07:46;XAUUSD;5;1786548891;BUY_STOP_TRAILED;Old=4418.66 New=4418.02;WAIT_TRIGGER;SAFE;0;2;0;119103638;119103635;0.00;0.00;0.00;0.00;0.00;KELLY_LITE;true;0.04;213180.14;0.0417;KELLY_LITE(mult=1.15 taper=1.00 n=11)+TIME_REDUCE(50%)+HARD_RISK_CAP(2.0%)+MAXLOSS_CAP;213180.14;213180.14;36;0
2026.08.12 20:07:57;XAUUSD;5;1786548891;BUY_STOP_TRAILED;Old=4418.02 New=4417.71;WAIT_TRIGGER;SAFE;0;2;0;119103638;119103635;0.00;0.00;0.00;0.00;0.00;KELLY_LITE;true;0.04;213180.14;0.0417;KELLY_LITE(mult=1.15 taper=1.00 n=11)+TIME_REDUCE(50%)+HARD_RISK_CAP(2.0%)+MAXLOSS_CAP;213180.14;213180.14;36;0
2026.08.12 20:08:07;XAUUSD;5;1786548891;BUY_STOP_TRAILED;Old=4417.71 New=4417.39;WAIT_TRIGGER;SAFE;0;2;0;119103638;119103635;0.00;0.00;0.00;0.00;0.00;KELLY_LITE;true;0.04;213180.14;0.0417;KELLY_LITE(mult=1.15 taper=1.00 n=11)+TIME_REDUCE(50%)+HARD_RISK_CAP(2.0%)+MAXLOSS_CAP;213180.14;213180.14;33;0
2026.08.12 20:08:19;XAUUSD;5;1786548891;OCO_TRIGGERED_SELL;ticket=119103635 entry=4415.23;POSITION_ACTIVE;SAFE;1;1;0;119103638;-1;0.00;-1.05;-1.05;0.00;0.00;KELLY_LITE;true;0.04;213180.14;0.0417;KELLY_LITE(mult=1.15 taper=1.00 n=11)+TIME_REDUCE(50%)+HARD_RISK_CAP(2.0%)+MAXLOSS_CAP;213180.14;213179.09;36;0
2026.08.12 20:08:20;XAUUSD;5;1786548891;PENDING_DELETED;ticket=119103638 reason=oco_sell_triggered;POSITION_ACTIVE;SAFE;1;0;0;119103638;-1;0.00;-1.08;-1.08;0.00;0.00;KELLY_LITE;true;0.04;213180.14;0.0417;KELLY_LITE(mult=1.15 taper=1.00 n=11)+TIME_REDUCE(50%)+HARD_RISK_CAP(2.0%)+MAXLOSS_CAP;213180.14;213179.06;35;0
2026.08.12 20:08:20;XAUUSD;5;1786548891;HEDGE_PENDING_PLACED;dir=BUY_STOP ticket=119103828 price=4418.59 sl=4415.59 lot=0.05 mainEntry=4415.23 dist=3.00 confirmBars=1;POSITION_ACTIVE;SAFE;1;1;1;-1;-1;4415.23;-1.20;-1.20;0.00;-1.08;KELLY_LITE;true;0.04;213180.14;0.0417;KELLY_LITE(mult=1.15 taper=1.00 n=11)+TIME_REDUCE(50%)+HARD_RISK_CAP(2.0%)+MAXLOSS_CAP;213180.14;213178.94;35;0
2026.08.12 20:23:21;XAUUSD;5;1786548891;PENDING_DELETED;ticket=119103828 reason=hedge_pending_expired;POSITION_ACTIVE;SAFE;1;0;1;-1;-1;4415.23;-7.35;-7.35;0.00;-8.91;KELLY_LITE;true;0.04;213180.14;0.0417;KELLY_LITE(mult=1.15 taper=1.00 n=11)+TIME_REDUCE(50%)+HARD_RISK_CAP(2.0%)+MAXLOSS_CAP;213180.14;213172.79;36;0
2026.08.12 20:23:21;XAUUSD;5;1786548891;HEDGE_PENDING_EXPIRED;after=900s rearm=1/1;POSITION_ACTIVE;SAFE;1;0;1;-1;-1;4415.23;-7.35;-7.35;0.00;-8.91;KELLY_LITE;true;0.04;213180.14;0.0417;KELLY_LITE(mult=1.15 taper=1.00 n=11)+TIME_REDUCE(50%)+HARD_RISK_CAP(2.0%)+MAXLOSS_CAP;213180.14;213172.79;36;0
2026.08.12 20:23:21;XAUUSD;5;1786548891;HEDGE_PENDING_PLACED;dir=BUY_STOP ticket=119106319 price=4420.68 sl=4417.68 lot=0.05 mainEntry=4415.23 dist=3.00 confirmBars=1;MANAGE_PROFIT;SAFE;1;1;1;-1;-1;4415.23;-7.38;-7.38;0.00;-8.91;KELLY_LITE;true;0.04;213180.14;0.0417;KELLY_LITE(mult=1.15 taper=1.00 n=11)+TIME_REDUCE(50%)+HARD_RISK_CAP(2.0%)+MAXLOSS_CAP;213180.14;213172.76;36;0
2026.08.12 20:32:31;XAUUSD;5;1786548891;EXIT_TIME_PROFIT_LOCK;held=24 profit=0.06;MANAGE_PROFIT;SAFE;1;1;1;-1;-1;4415.23;0.06;0.06;0.06;-8.91;KELLY_LITE;true;0.04;213180.14;0.0417;KELLY_LITE(mult=1.15 taper=1.00 n=11)+TIME_REDUCE(50%)+HARD_RISK_CAP(2.0%)+MAXLOSS_CAP;213180.14;213180.20;36;0
2026.08.12 20:32:32;XAUUSD;5;1786548891;POSITION_CLOSED;ticket=119103635 reason=time_exit_profit_lock lots=0.03 price=4415.21 pnl=0.06;MANAGE_PROFIT;SAFE;0;1;1;-1;-1;4415.23;0.00;0.00;0.06;-8.91;KELLY_LITE;true;0.04;213180.14;0.0417;KELLY_LITE(mult=1.15 taper=1.00 n=11)+TIME_REDUCE(50%)+HARD_RISK_CAP(2.0%)+MAXLOSS_CAP;213180.05;213180.05;36;0
2026.08.12 20:32:32;XAUUSD;5;1786548891;PENDING_DELETED;ticket=119106319 reason=close_all_hedge;MANAGE_PROFIT;SAFE;0;0;0;-1;-1;4415.23;0.00;0.00;0.06;-8.91;KELLY_LITE;true;0.04;213180.14;0.0417;KELLY_LITE(mult=1.15 taper=1.00 n=11)+TIME_REDUCE(50%)+HARD_RISK_CAP(2.0%)+MAXLOSS_CAP;213180.05;213180.05;36;0
2026.08.12 20:32:32;XAUUSD;5;1786548891;CYCLE_RESET;oldState=RESET realizedPnL=-0.09 peak=0.06 worst=-8.91 pyramid=0 consLosses=0;RESET;SAFE;0;0;0;-1;-1;4415.23;0.00;0.00;0.06;-8.91;KELLY_LITE;true;0.04;213180.14;0.0417;KELLY_LITE(mult=1.15 taper=1.00 n=11)+TIME_REDUCE(50%)+HARD_RISK_CAP(2.0%)+MAXLOSS_CAP;213180.05;213180.05;36;0
2026.08.12 20:37:32;XAUUSD;5;1786548891;FILTER_BLOCK_TREND;TREND_NEUTRAL_EMA;BLOCKED;SAFE;0;0;0;-1;-1;0.00;0.00;0.00;0.00;0.00;KELLY_LITE;true;0.04;213180.14;0.0417;KELLY_LITE(mult=1.15 taper=1.00 n=11)+TIME_REDUCE(50%)+HARD_RISK_CAP(2.0%)+MAXLOSS_CAP;213180.05;213180.05;36;0
2026.08.12 20:42:32;XAUUSD;5;1786548891;FILTER_BLOCK_TREND;TREND_NEUTRAL_EMA;BLOCKED;SAFE;0;0;0;-1;-1;0.00;0.00;0.00;0.00;0.00;KELLY_LITE;true;0.04;213180.14;0.0417;KELLY_LITE(mult=1.15 taper=1.00 n=11)+TIME_REDUCE(50%)+HARD_RISK_CAP(2.0%)+MAXLOSS_CAP;213180.05;213180.05;36;0
2026.08.12 20:47:33;XAUUSD;5;1786548891;FILTER_BLOCK_TREND;TREND_NEUTRAL_EMA;BLOCKED;SAFE;0;0;0;-1;-1;0.00;0.00;0.00;0.00;0.00;KELLY_LITE;true;0.04;213180.14;0.0417;KELLY_LITE(mult=1.15 taper=1.00 n=11)+TIME_REDUCE(50%)+HARD_RISK_CAP(2.0%)+MAXLOSS_CAP;213180.05;213180.05;36;0
2026.08.12 20:52:33;XAUUSD;5;1786548891;FILTER_BLOCK_TREND;TREND_NEUTRAL_EMA;BLOCKED;SAFE;0;0;0;-1;-1;0.00;0.00;0.00;0.00;0.00;KELLY_LITE;true;0.04;213180.14;0.0417;KELLY_LITE(mult=1.15 taper=1.00 n=11)+TIME_REDUCE(50%)+HARD_RISK_CAP(2.0%)+MAXLOSS_CAP;213180.05;213180.05;36;0
2026.08.12 20:57:33;XAUUSD;5;1786548891;FILTER_BLOCK_TREND;TREND_NEUTRAL_EMA;BLOCKED;SAFE;0;0;0;-1;-1;0.00;0.00;0.00;0.00;0.00;KELLY_LITE;true;0.04;213180.14;0.0417;KELLY_LITE(mult=1.15 taper=1.00 n=11)+TIME_REDUCE(50%)+HARD_RISK_CAP(2.0%)+MAXLOSS_CAP;213180.05;213180.05;36;0
2026.08.12 21:02:33;XAUUSD;5;1786548891;FILTER_BLOCK_TREND;TREND_NEUTRAL_EMA;BLOCKED;SAFE;0;0;0;-1;-1;0.00;0.00;0.00;0.00;0.00;KELLY_LITE;true;0.04;213180.14;0.0417;KELLY_LITE(mult=1.15 taper=1.00 n=11)+TIME_REDUCE(50%)+HARD_RISK_CAP(2.0%)+MAXLOSS_CAP;213180.05;213180.05;36;0
2026.08.12 21:07:34;XAUUSD;5;1786548891;FILTER_BLOCK_TREND;TREND_NEUTRAL_EMA;BLOCKED;SAFE;0;0;0;-1;-1;0.00;0.00;0.00;0.00;0.00;KELLY_LITE;true;0.04;213180.14;0.0417;KELLY_LITE(mult=1.15 taper=1.00 n=11)+TIME_REDUCE(50%)+HARD_RISK_CAP(2.0%)+MAXLOSS_CAP;213180.05;213180.05;36;0
2026.08.12 21:12:34;XAUUSD;5;1786548891;FILTER_BLOCK_TREND;TREND_NEUTRAL_EMA;BLOCKED;SAFE;0;0;0;-1;-1;0.00;0.00;0.00;0.00;0.00;KELLY_LITE;true;0.04;213180.14;0.0417;KELLY_LITE(mult=1.15 taper=1.00 n=11)+TIME_REDUCE(50%)+HARD_RISK_CAP(2.0%)+MAXLOSS_CAP;213180.05;213180.05;36;0
2026.08.12 21:17:39;XAUUSD;5;1786548891;FILTER_BLOCK_TREND_DISAGREE;TREND_DISAGREE (main=-1 fast=1 rsi=44.4, no extreme);BLOCKED;SAFE;0;0;0;-1;-1;0.00;0.00;0.00;0.00;0.00;KELLY_LITE;true;0.04;213180.14;0.0417;KELLY_LITE(mult=1.15 taper=1.00 n=11)+TIME_REDUCE(50%)+HARD_RISK_CAP(2.0%)+MAXLOSS_CAP;213180.05;213180.05;33;0
2026.08.12 21:22:40;XAUUSD;5;1786548892;PLACE_PENDING_START;cycle=1786548892 trend=-1 consecLosses=0 preset=AGGRESSIVE;PLACE_PENDING;SAFE;0;0;0;-1;-1;0.00;0.00;0.00;0.00;0.00;KELLY_LITE;true;0.04;213180.14;0.0417;KELLY_LITE(mult=1.15 taper=1.00 n=11)+TIME_REDUCE(50%)+HARD_RISK_CAP(2.0%)+MAXLOSS_CAP;213180.05;213180.05;33;0
2026.08.12 21:22:41;XAUUSD;5;1786548892;DIR_OCO_PLACED;dir=BEAR ticket=119116705 price=4405.26 sl=4420.26 tp=4382.76 lot=0.03 dist=1.50;PLACE_PENDING;SAFE;0;1;0;-1;119116705;0.00;0.00;0.00;0.00;0.00;KELLY_LITE;true;0.04;213180.05;0.0417;KELLY_LITE(mult=1.10 taper=1.00 n=12)+TIME_REDUCE(50%)+HARD_RISK_CAP(2.0%)+MAXLOSS_CAP;213180.05;213180.05;33;0
2026.08.12 21:22:41;XAUUSD;5;1786548892;DIR_OCO_COUNTER_PLACED;dir=BULL(counter) ticket=119116706 price=4408.59 lot=0.03;PLACE_PENDING;SAFE;0;2;0;119116706;119116705;0.00;0.00;0.00;0.00;0.00;KELLY_LITE;true;0.04;213180.05;0.0417;KELLY_LITE(mult=1.10 taper=1.00 n=12)+TIME_REDUCE(50%)+HARD_RISK_CAP(2.0%)+MAXLOSS_CAP;213180.05;213180.05;33;0
2026.08.12 21:22:50;XAUUSD;5;1786548892;SELL_STOP_TRAILED;Old=4405.26 New=4405.57;WAIT_TRIGGER;SAFE;0;2;0;119116706;119116705;0.00;0.00;0.00;0.00;0.00;KELLY_LITE;true;0.04;213180.05;0.0417;KELLY_LITE(mult=1.10 taper=1.00 n=12)+TIME_REDUCE(50%)+HARD_RISK_CAP(2.0%)+MAXLOSS_CAP;213180.05;213180.05;33;0
2026.08.12 21:24:33;XAUUSD;5;1786548892;SELL_STOP_TRAILED;Old=4405.57 New=4406.10;WAIT_TRIGGER;SAFE;0;2;0;119116706;119116705;0.00;0.00;0.00;0.00;0.00;KELLY_LITE;true;0.04;213180.05;0.0417;KELLY_LITE(mult=1.10 taper=1.00 n=12)+TIME_REDUCE(50%)+HARD_RISK_CAP(2.0%)+MAXLOSS_CAP;213180.05;213180.05;33;0
2026.08.12 21:24:33;XAUUSD;5;1786548892;SELL_STOP_TRAILED;Old=4406.10 New=4406.44;WAIT_TRIGGER;SAFE;0;2;0;119116706;119116705;0.00;0.00;0.00;0.00;0.00;KELLY_LITE;true;0.04;213180.05;0.0417;KELLY_LITE(mult=1.10 taper=1.00 n=12)+TIME_REDUCE(50%)+HARD_RISK_CAP(2.0%)+MAXLOSS_CAP;213180.05;213180.05;33;0
2026.08.12 21:29:03;XAUUSD;5;1786548892;OCO_TRIGGERED_BUY;ticket=119116706 entry=4408.59;POSITION_ACTIVE;SAFE;1;1;0;-1;119116705;0.00;-0.75;-0.75;0.00;0.00;KELLY_LITE;true;0.04;213180.05;0.0417;KELLY_LITE(mult=1.10 taper=1.00 n=12)+TIME_REDUCE(50%)+HARD_RISK_CAP(2.0%)+MAXLOSS_CAP;213180.05;213179.30;36;0
2026.08.12 21:29:03;XAUUSD;5;1786548892;PENDING_DELETED;ticket=119116705 reason=oco_buy_triggered;POSITION_ACTIVE;SAFE;1;0;0;-1;119116705;0.00;-0.15;-0.15;0.00;0.00;KELLY_LITE;true;0.04;213180.05;0.0417;KELLY_LITE(mult=1.10 taper=1.00 n=12)+TIME_REDUCE(50%)+HARD_RISK_CAP(2.0%)+MAXLOSS_CAP;213180.05;213179.90;36;0
2026.08.12 21:29:04;XAUUSD;5;1786548892;HEDGE_PENDING_PLACED;dir=SELL_STOP ticket=119117277 price=4405.54 sl=4408.54 lot=0.05 mainEntry=4408.59 dist=3.00 confirmBars=1;POSITION_ACTIVE;SAFE;1;1;1;-1;-1;4408.59;-0.96;-0.96;0.00;-0.15;KELLY_LITE;true;0.04;213180.05;0.0417;KELLY_LITE(mult=1.10 taper=1.00 n=12)+TIME_REDUCE(50%)+HARD_RISK_CAP(2.0%)+MAXLOSS_CAP;213180.05;213179.09;36;0
2026.08.12 21:44:06;XAUUSD;5;1786548892;PENDING_DELETED;ticket=119117277 reason=hedge_pending_expired;POSITION_ACTIVE;SAFE;1;0;1;-1;-1;4408.59;-3.30;-3.30;0.21;-5.97;KELLY_LITE;true;0.04;213180.05;0.0417;KELLY_LITE(mult=1.10 taper=1.00 n=12)+TIME_REDUCE(50%)+HARD_RISK_CAP(2.0%)+MAXLOSS_CAP;213180.05;213176.75;36;0
2026.08.12 21:44:06;XAUUSD;5;1786548892;HEDGE_PENDING_EXPIRED;after=900s rearm=1/1;POSITION_ACTIVE;SAFE;1;0;1;-1;-1;4408.59;-3.30;-3.30;0.21;-5.97;KELLY_LITE;true;0.04;213180.05;0.0417;KELLY_LITE(mult=1.10 taper=1.00 n=12)+TIME_REDUCE(50%)+HARD_RISK_CAP(2.0%)+MAXLOSS_CAP;213180.05;213176.75;36;0
2026.08.12 21:44:06;XAUUSD;5;1786548892;HEDGE_PENDING_PLACED;dir=SELL_STOP ticket=119118652 price=4404.49 sl=4407.49 lot=0.05 mainEntry=4408.59 dist=3.00 confirmBars=1;MANAGE_PROFIT;SAFE;1;1;1;-1;-1;4408.59;-3.30;-3.30;0.21;-5.97;KELLY_LITE;true;0.04;213180.05;0.0417;KELLY_LITE(mult=1.10 taper=1.00 n=12)+TIME_REDUCE(50%)+HARD_RISK_CAP(2.0%)+MAXLOSS_CAP;213180.05;213176.75;36;0
2026.08.12 21:50:12;XAUUSD;5;1786548892;EXIT_TIME_PROFIT_LOCK;held=21 profit=0.03;MANAGE_PROFIT;SAFE;1;1;1;-1;-1;4408.59;0.03;0.03;0.21;-5.97;KELLY_LITE;true;0.04;213180.05;0.0417;KELLY_LITE(mult=1.10 taper=1.00 n=12)+TIME_REDUCE(50%)+HARD_RISK_CAP(2.0%)+MAXLOSS_CAP;213180.05;213180.08;48;0
2026.08.12 21:50:13;XAUUSD;5;1786548892;POSITION_CLOSED;ticket=119116706 reason=time_exit_profit_lock lots=0.03 price=4408.60 pnl=0.03;MANAGE_PROFIT;SAFE;0;1;1;-1;-1;4408.59;0.00;0.00;0.21;-5.97;KELLY_LITE;true;0.04;213180.05;0.0417;KELLY_LITE(mult=1.10 taper=1.00 n=12)+TIME_REDUCE(50%)+HARD_RISK_CAP(2.0%)+MAXLOSS_CAP;213180.08;213180.08;48;0
2026.08.12 21:50:13;XAUUSD;5;1786548892;PENDING_DELETED;ticket=119118652 reason=close_all_hedge;MANAGE_PROFIT;SAFE;0;0;0;-1;-1;4408.59;0.00;0.00;0.21;-5.97;KELLY_LITE;true;0.04;213180.05;0.0417;KELLY_LITE(mult=1.10 taper=1.00 n=12)+TIME_REDUCE(50%)+HARD_RISK_CAP(2.0%)+MAXLOSS_CAP;213180.08;213180.08;48;0
2026.08.12 21:50:13;XAUUSD;5;1786548892;CYCLE_RESET;oldState=RESET realizedPnL=0.03 peak=0.21 worst=-5.97 pyramid=0 consLosses=0;RESET;SAFE;0;0;0;-1;-1;4408.59;0.00;0.00;0.21;-5.97;KELLY_LITE;true;0.04;213180.05;0.0417;KELLY_LITE(mult=1.10 taper=1.00 n=12)+TIME_REDUCE(50%)+HARD_RISK_CAP(2.0%)+MAXLOSS_CAP;213180.08;213180.08;48;0
2026.08.12 23:01:00;XAUUSD;5;1786548893;PLACE_PENDING_START;cycle=1786548893 trend=-1 consecLosses=0 preset=AGGRESSIVE;PLACE_PENDING;SAFE;0;0;0;-1;-1;0.00;0.00;0.00;0.00;0.00;KELLY_LITE;true;0.04;213180.05;0.0417;KELLY_LITE(mult=1.10 taper=1.00 n=12)+TIME_REDUCE(50%)+HARD_RISK_CAP(2.0%)+MAXLOSS_CAP;213180.08;213180.08;84;0
2026.08.12 23:01:00;XAUUSD;5;1786548893;FILTER_BLOCK_SPREAD;spread=84 max=50;PLACE_PENDING;SAFE;0;0;0;-1;-1;0.00;0.00;0.00;0.00;0.00;KELLY_LITE;true;0.04;213180.05;0.0417;KELLY_LITE(mult=1.10 taper=1.00 n=12)+TIME_REDUCE(50%)+HARD_RISK_CAP(2.0%)+MAXLOSS_CAP;213180.08;213180.08;84;0
2026.08.12 23:06:00;XAUUSD;5;1786548894;PLACE_PENDING_START;cycle=1786548894 trend=-1 consecLosses=0 preset=AGGRESSIVE;PLACE_PENDING;SAFE;0;0;0;-1;-1;0.00;0.00;0.00;0.00;0.00;KELLY_LITE;true;0.04;213180.05;0.0417;KELLY_LITE(mult=1.10 taper=1.00 n=12)+TIME_REDUCE(50%)+HARD_RISK_CAP(2.0%)+MAXLOSS_CAP;213180.08;213180.08;52;0
2026.08.12 23:06:00;XAUUSD;5;1786548894;FILTER_BLOCK_SPREAD;spread=52 max=50;PLACE_PENDING;SAFE;0;0;0;-1;-1;0.00;0.00;0.00;0.00;0.00;KELLY_LITE;true;0.04;213180.05;0.0417;KELLY_LITE(mult=1.10 taper=1.00 n=12)+TIME_REDUCE(50%)+HARD_RISK_CAP(2.0%)+MAXLOSS_CAP;213180.08;213180.08;52;0
2026.08.12 23:11:00;XAUUSD;5;1786548895;PLACE_PENDING_START;cycle=1786548895 trend=-1 consecLosses=0 preset=AGGRESSIVE;PLACE_PENDING;SAFE;0;0;0;-1;-1;0.00;0.00;0.00;0.00;0.00;KELLY_LITE;true;0.04;213180.05;0.0417;KELLY_LITE(mult=1.10 taper=1.00 n=12)+TIME_REDUCE(50%)+HARD_RISK_CAP(2.0%)+MAXLOSS_CAP;213180.08;213180.08;48;0
2026.08.12 23:11:00;XAUUSD;5;1786548895;DIR_OCO_PLACED;dir=BEAR ticket=119120418 price=4402.27 sl=4417.27 tp=4379.77 lot=0.03 dist=1.50;PLACE_PENDING;SAFE;0;1;0;-1;119120418;0.00;0.00;0.00;0.00;0.00;KELLY_LITE;true;0.04;213180.08;0.0417;KELLY_LITE(mult=1.15 taper=1.00 n=13)+HARD_RISK_CAP(2.0%)+MAXLOSS_CAP;213180.08;213180.08;48;0
2026.08.12 23:11:00;XAUUSD;5;1786548895;DIR_OCO_COUNTER_PLACED;dir=BULL(counter) ticket=119120420 price=4405.75 lot=0.03;PLACE_PENDING;SAFE;0;2;0;119120420;119120418;0.00;0.00;0.00;0.00;0.00;KELLY_LITE;true;0.04;213180.08;0.0417;KELLY_LITE(mult=1.15 taper=1.00 n=13)+HARD_RISK_CAP(2.0%)+MAXLOSS_CAP;213180.08;213180.08;48;0
2026.08.12 23:12:23;XAUUSD;5;1786548895;BUY_STOP_TRAILED;Old=4405.75 New=4404.62;WAIT_TRIGGER;SAFE;0;2;0;119120420;119120418;0.00;0.00;0.00;0.00;0.00;KELLY_LITE;true;0.04;213180.08;0.0417;KELLY_LITE(mult=1.15 taper=1.00 n=13)+HARD_RISK_CAP(2.0%)+MAXLOSS_CAP;213180.08;213180.08;42;0
2026.08.12 23:14:17;XAUUSD;5;1786548895;BUY_STOP_TRAILED;Old=4404.62 New=4404.31;WAIT_TRIGGER;SAFE;0;2;0;119120420;119120418;0.00;0.00;0.00;0.00;0.00;KELLY_LITE;true;0.04;213180.08;0.0417;KELLY_LITE(mult=1.15 taper=1.00 n=13)+HARD_RISK_CAP(2.0%)+MAXLOSS_CAP;213180.08;213180.08;42;0
2026.08.12 23:15:16;XAUUSD;5;1786548895;BUY_STOP_TRAILED;Old=4404.31 New=4403.96;WAIT_TRIGGER;SAFE;1;1;0;119120420;119120418;0.00;-0.42;-0.42;0.00;0.00;KELLY_LITE;true;0.04;213180.08;0.0417;KELLY_LITE(mult=1.15 taper=1.00 n=13)+HARD_RISK_CAP(2.0%)+MAXLOSS_CAP;213180.08;213179.66;42;0
2026.08.12 23:15:16;XAUUSD;5;1786548895;OCO_TRIGGERED_SELL;ticket=119120418 entry=4402.27;POSITION_ACTIVE;SAFE;1;1;0;119120420;-1;0.00;-0.42;-0.42;0.00;0.00;KELLY_LITE;true;0.04;213180.08;0.0417;KELLY_LITE(mult=1.15 taper=1.00 n=13)+HARD_RISK_CAP(2.0%)+MAXLOSS_CAP;213180.08;213179.66;42;0
2026.08.12 23:15:17;XAUUSD;5;1786548895;PENDING_DELETED;ticket=119120420 reason=oco_sell_triggered;POSITION_ACTIVE;SAFE;1;0;0;119120420;-1;0.00;-0.33;-0.33;0.00;0.00;KELLY_LITE;true;0.04;213180.08;0.0417;KELLY_LITE(mult=1.15 taper=1.00 n=13)+HARD_RISK_CAP(2.0%)+MAXLOSS_CAP;213180.08;213179.75;42;0
2026.08.12 23:15:17;XAUUSD;5;1786548895;HEDGE_PENDING_PLACED;dir=BUY_STOP ticket=119120661 price=4405.38 sl=4402.38 lot=0.05 mainEntry=4402.27 dist=3.00 confirmBars=1;POSITION_ACTIVE;SAFE;1;1;1;-1;-1;4402.27;-0.27;-0.27;0.00;-0.33;KELLY_LITE;true;0.04;213180.08;0.0417;KELLY_LITE(mult=1.15 taper=1.00 n=13)+HARD_RISK_CAP(2.0%)+MAXLOSS_CAP;213180.08;213179.81;42;0
2026.08.12 23:25:58;XAUUSD;5;1786548895;EXIT_TIME_PROFIT_LOCK;held=10 profit=0.12;MANAGE_PROFIT;SAFE;1;1;1;-1;-1;4402.27;0.12;0.12;0.87;-2.52;KELLY_LITE;true;0.04;213180.08;0.0417;KELLY_LITE(mult=1.15 taper=1.00 n=13)+HARD_RISK_CAP(2.0%)+MAXLOSS_CAP;213180.08;213180.20;36;0
2026.08.12 23:25:59;XAUUSD;5;1786548895;POSITION_CLOSED;ticket=119120418 reason=time_exit_profit_lock lots=0.03 price=4402.23 pnl=0.12;MANAGE_PROFIT;SAFE;0;1;1;-1;-1;4402.27;0.00;0.00;0.87;-2.52;KELLY_LITE;true;0.04;213180.08;0.0417;KELLY_LITE(mult=1.15 taper=1.00 n=13)+HARD_RISK_CAP(2.0%)+MAXLOSS_CAP;213180.38;213180.38;36;0
2026.08.12 23:25:59;XAUUSD;5;1786548895;PENDING_DELETED;ticket=119120661 reason=close_all_hedge;MANAGE_PROFIT;SAFE;0;0;0;-1;-1;4402.27;0.00;0.00;0.87;-2.52;KELLY_LITE;true;0.04;213180.08;0.0417;KELLY_LITE(mult=1.15 taper=1.00 n=13)+HARD_RISK_CAP(2.0%)+MAXLOSS_CAP;213180.38;213180.38;36;0
2026.08.12 23:25:59;XAUUSD;5;1786548895;CYCLE_RESET;oldState=RESET realizedPnL=0.30 peak=0.87 worst=-2.52 pyramid=0 consLosses=0;RESET;SAFE;0;0;0;-1;-1;4402.27;0.00;0.00;0.87;-2.52;KELLY_LITE;true;0.04;213180.08;0.0417;KELLY_LITE(mult=1.15 taper=1.00 n=13)+HARD_RISK_CAP(2.0%)+MAXLOSS_CAP;213180.38;213180.38;36;0
2026.08.12 23:30:59;XAUUSD;5;1786548896;PLACE_PENDING_START;cycle=1786548896 trend=-1 consecLosses=0 preset=AGGRESSIVE;PLACE_PENDING;SAFE;0;0;0;-1;-1;0.00;0.00;0.00;0.00;0.00;KELLY_LITE;true;0.04;213180.08;0.0417;KELLY_LITE(mult=1.15 taper=1.00 n=13)+HARD_RISK_CAP(2.0%)+MAXLOSS_CAP;213180.38;213180.38;36;0
2026.08.12 23:30:59;XAUUSD;5;1786548896;DIR_OCO_PLACED;dir=BEAR ticket=119121382 price=4399.66 sl=4414.66 tp=4377.16 lot=0.03 dist=1.50;PLACE_PENDING;SAFE;0;1;0;-1;119121382;0.00;0.00;0.00;0.00;0.00;KELLY_LITE;true;0.04;213180.38;0.0417;KELLY_LITE(mult=1.20 taper=1.00 n=14)+HARD_RISK_CAP(2.0%)+MAXLOSS_CAP;213180.38;213180.38;36;0
2026.08.12 23:30:59;XAUUSD;5;1786548896;DIR_OCO_COUNTER_PLACED;dir=BULL(counter) ticket=119121383 price=4403.04 lot=0.03;PLACE_PENDING;SAFE;0;2;0;119121383;119121382;0.00;0.00;0.00;0.00;0.00;KELLY_LITE;true;0.04;213180.38;0.0417;KELLY_LITE(mult=1.20 taper=1.00 n=14)+HARD_RISK_CAP(2.0%)+MAXLOSS_CAP;213180.38;213180.38;36;0
2026.08.12 23:31:01;XAUUSD;5;1786548896;BUY_STOP_TRAILED;Old=4403.04 New=4402.66;WAIT_TRIGGER;SAFE;0;2;0;119121383;119121382;0.00;0.00;0.00;0.00;0.00;KELLY_LITE;true;0.04;213180.38;0.0417;KELLY_LITE(mult=1.20 taper=1.00 n=14)+HARD_RISK_CAP(2.0%)+MAXLOSS_CAP;213180.38;213180.38;36;0
2026.08.12 23:31:58;XAUUSD;5;1786548896;SELL_STOP_TRAILED;Old=4399.66 New=4399.99;WAIT_TRIGGER;SAFE;0;2;0;119121383;119121382;0.00;0.00;0.00;0.00;0.00;KELLY_LITE;true;0.04;213180.38;0.0417;KELLY_LITE(mult=1.20 taper=1.00 n=14)+HARD_RISK_CAP(2.0%)+MAXLOSS_CAP;213180.38;213180.38;36;0
2026.08.12 23:33:44;XAUUSD;5;1786548896;BUY_STOP_TRAILED;Old=4402.66 New=4402.33;WAIT_TRIGGER;SAFE;0;2;0;119121383;119121382;0.00;0.00;0.00;0.00;0.00;KELLY_LITE;true;0.04;213180.38;0.0417;KELLY_LITE(mult=1.20 taper=1.00 n=14)+HARD_RISK_CAP(2.0%)+MAXLOSS_CAP;213180.38;213180.38;36;0
2026.08.12 23:34:43;XAUUSD;5;1786548896;BUY_STOP_TRAILED;Old=4402.33 New=4401.99;WAIT_TRIGGER;SAFE;0;2;0;119121383;119121382;0.00;0.00;0.00;0.00;0.00;KELLY_LITE;true;0.04;213180.38;0.0417;KELLY_LITE(mult=1.20 taper=1.00 n=14)+HARD_RISK_CAP(2.0%)+MAXLOSS_CAP;213180.38;213180.38;36;0
2026.08.12 23:35:27;XAUUSD;5;1786548896;OCO_TRIGGERED_SELL;ticket=119121382 entry=4399.99;POSITION_ACTIVE;SAFE;1;1;0;119121383;-1;0.00;-0.63;-0.63;0.00;0.00;KELLY_LITE;true;0.04;213180.38;0.0417;KELLY_LITE(mult=1.20 taper=1.00 n=14)+HARD_RISK_CAP(2.0%)+MAXLOSS_CAP;213180.38;213179.75;33;0
2026.08.12 23:35:28;XAUUSD;5;1786548896;PENDING_DELETED;ticket=119121383 reason=oco_sell_triggered;POSITION_ACTIVE;SAFE;1;0;0;119121383;-1;0.00;0.12;0.12;0.00;0.00;KELLY_LITE;true;0.04;213180.38;0.0417;KELLY_LITE(mult=1.20 taper=1.00 n=14)+HARD_RISK_CAP(2.0%)+MAXLOSS_CAP;213180.38;213180.50;36;0
2026.08.12 23:35:28;XAUUSD;5;1786548896;HEDGE_PENDING_PLACED;dir=BUY_STOP ticket=119121553 price=4402.95 sl=4399.95 lot=0.05 mainEntry=4399.99 dist=3.00 confirmBars=1;POSITION_ACTIVE;SAFE;1;1;1;-1;-1;4399.99;0.09;0.09;0.12;0.00;KELLY_LITE;true;0.04;213180.38;0.0417;KELLY_LITE(mult=1.20 taper=1.00 n=14)+HARD_RISK_CAP(2.0%)+MAXLOSS_CAP;213180.38;213180.47;36;0
2026.08.12 23:50:29;XAUUSD;5;1786548896;PENDING_DELETED;ticket=119121553 reason=hedge_pending_expired;POSITION_ACTIVE;SAFE;1;0;1;-1;-1;4399.99;-3.21;-3.21;3.21;-4.35;KELLY_LITE;true;0.04;213180.38;0.0417;KELLY_LITE(mult=1.20 taper=1.00 n=14)+HARD_RISK_CAP(2.0%)+MAXLOSS_CAP;213180.38;213177.17;36;0
2026.08.12 23:50:29;XAUUSD;5;1786548896;HEDGE_PENDING_EXPIRED;after=900s rearm=1/1;POSITION_ACTIVE;SAFE;1;0;1;-1;-1;4399.99;-3.21;-3.21;3.21;-4.35;KELLY_LITE;true;0.04;213180.38;0.0417;KELLY_LITE(mult=1.20 taper=1.00 n=14)+HARD_RISK_CAP(2.0%)+MAXLOSS_CAP;213180.38;213177.17;36;0
2026.08.12 23:50:30;XAUUSD;5;1786548896;HEDGE_PENDING_PLACED;dir=BUY_STOP ticket=119122000 price=4404.06 sl=4401.06 lot=0.05 mainEntry=4399.99 dist=3.00 confirmBars=1;MANAGE_PROFIT;SAFE;1;1;1;-1;-1;4399.99;-3.18;-3.18;3.21;-4.35;KELLY_LITE;true;0.04;213180.38;0.0417;KELLY_LITE(mult=1.20 taper=1.00 n=14)+HARD_RISK_CAP(2.0%)+MAXLOSS_CAP;213180.38;213177.20;36;0
2026.08.13 00:03:20;XAUUSD;5;1786548896;EXIT_SOFT_SL_MOMENTUM;profit=-12.00 rsi=46.1 dir=-1;MANAGE_PROFIT;SAFE;1;1;1;-1;-1;4399.99;-12.00;-12.00;3.21;-12.00;KELLY_LITE;true;0.04;213180.38;0.0417;KELLY_LITE(mult=1.20 taper=1.00 n=14)+HARD_RISK_CAP(2.0%)+MAXLOSS_CAP;213180.38;213168.38;36;0
2026.08.13 00:03:20;XAUUSD;5;1786548896;POSITION_CLOSED;ticket=119121382 reason=soft_sl_momentum lots=0.03 price=4403.99 pnl=-12.00;MANAGE_PROFIT;SAFE;0;1;1;-1;-1;4399.99;0.00;0.00;3.21;-12.00;KELLY_LITE;true;0.04;213180.38;0.0417;KELLY_LITE(mult=1.20 taper=1.00 n=14)+HARD_RISK_CAP(2.0%)+MAXLOSS_CAP;213168.47;213168.47;37;0
2026.08.13 00:03:21;XAUUSD;5;1786548896;PENDING_DELETED;ticket=119122000 reason=close_all_hedge;MANAGE_PROFIT;SAFE;0;0;0;-1;-1;4399.99;0.00;0.00;3.21;-12.00;KELLY_LITE;true;0.04;213180.38;0.0417;KELLY_LITE(mult=1.20 taper=1.00 n=14)+HARD_RISK_CAP(2.0%)+MAXLOSS_CAP;213168.47;213168.47;36;0
2026.08.13 00:03:21;XAUUSD;5;1786548896;CYCLE_RESET;oldState=RESET realizedPnL=-11.91 peak=3.21 worst=-12.00 pyramid=0 consLosses=1;RESET;SAFE;0;0;0;-1;-1;4399.99;0.00;0.00;3.21;-12.00;KELLY_LITE;true;0.04;213180.38;0.0417;KELLY_LITE(mult=1.20 taper=1.00 n=14)+HARD_RISK_CAP(2.0%)+MAXLOSS_CAP;213168.47;213168.47;36;0
2026.08.13 00:08:21;XAUUSD;5;1786548897;PLACE_PENDING_START;cycle=1786548897 trend=-1 consecLosses=1 preset=AGGRESSIVE;PLACE_PENDING;SAFE;0;0;0;-1;-1;0.00;0.00;0.00;0.00;0.00;KELLY_LITE;true;0.04;213180.38;0.0417;KELLY_LITE(mult=1.20 taper=1.00 n=14)+HARD_RISK_CAP(2.0%)+MAXLOSS_CAP;213168.47;213168.47;36;0
2026.08.13 00:08:21;XAUUSD;5;1786548897;DIR_OCO_PLACED;dir=BEAR ticket=119122812 price=4402.69 sl=4417.69 tp=4380.19 lot=0.03 dist=1.50;PLACE_PENDING;SAFE;0;1;0;-1;119122812;0.00;0.00;0.00;0.00;0.00;KELLY_LITE;true;0.04;213168.47;0.0417;KELLY_LITE(mult=1.15 taper=1.00 n=15)+HARD_RISK_CAP(2.0%)+MAXLOSS_CAP;213168.47;213168.47;36;0
2026.08.13 00:08:22;XAUUSD;5;1786548897;DIR_OCO_COUNTER_PLACED;dir=BULL(counter) ticket=119122813 price=4406.03 lot=0.03;PLACE_PENDING;SAFE;0;2;0;119122813;119122812;0.00;0.00;0.00;0.00;0.00;KELLY_LITE;true;0.04;213168.47;0.0417;KELLY_LITE(mult=1.15 taper=1.00 n=15)+HARD_RISK_CAP(2.0%)+MAXLOSS_CAP;213168.47;213168.47;36;0
2026.08.13 00:08:37;XAUUSD;5;1786548897;SELL_STOP_TRAILED;Old=4402.69 New=4403.08;WAIT_TRIGGER;SAFE;0;2;0;119122813;119122812;0.00;0.00;0.00;0.00;0.00;KELLY_LITE;true;0.04;213168.47;0.0417;KELLY_LITE(mult=1.15 taper=1.00 n=15)+HARD_RISK_CAP(2.0%)+MAXLOSS_CAP;213168.47;213168.47;36;0
2026.08.13 00:08:38;XAUUSD;5;1786548897;SELL_STOP_TRAILED;Old=4403.08 New=4403.53;WAIT_TRIGGER;SAFE;0;2;0;119122813;119122812;0.00;0.00;0.00;0.00;0.00;KELLY_LITE;true;0.04;213168.47;0.0417;KELLY_LITE(mult=1.15 taper=1.00 n=15)+HARD_RISK_CAP(2.0%)+MAXLOSS_CAP;213168.47;213168.47;36;0
2026.08.13 00:10:02;XAUUSD;5;1786548897;SELL_STOP_TRAILED;Old=4403.53 New=4404.11;WAIT_TRIGGER;SAFE;1;1;0;119122813;119122812;0.00;-1.17;-1.17;0.00;0.00;KELLY_LITE;true;0.04;213168.47;0.0417;KELLY_LITE(mult=1.15 taper=1.00 n=15)+HARD_RISK_CAP(2.0%)+MAXLOSS_CAP;213168.47;213167.30;36;0
2026.08.13 00:10:02;XAUUSD;5;1786548897;OCO_TRIGGERED_BUY;ticket=119122813 entry=4406.03;POSITION_ACTIVE;SAFE;1;1;0;-1;119122812;0.00;-1.17;-1.17;0.00;0.00;KELLY_LITE;true;0.04;213168.47;0.0417;KELLY_LITE(mult=1.15 taper=1.00 n=15)+HARD_RISK_CAP(2.0%)+MAXLOSS_CAP;213168.47;213167.30;36;0
2026.08.13 00:10:02;XAUUSD;5;1786548897;PENDING_DELETED;ticket=119122812 reason=oco_buy_triggered;POSITION_ACTIVE;SAFE;1;0;0;-1;119122812;0.00;-1.14;-1.14;0.00;0.00;KELLY_LITE;true;0.04;213168.47;0.0417;KELLY_LITE(mult=1.15 taper=1.00 n=15)+HARD_RISK_CAP(2.0%)+MAXLOSS_CAP;213168.47;213167.33;36;0
2026.08.13 00:10:03;XAUUSD;5;1786548897;HEDGE_PENDING_PLACED;dir=SELL_STOP ticket=119122901 price=4402.65 sl=4405.65 lot=0.05 mainEntry=4406.03 dist=3.00 confirmBars=1;POSITION_ACTIVE;SAFE;1;1;1;-1;-1;4406.03;-1.26;-1.26;0.00;-1.14;KELLY_LITE;true;0.04;213168.47;0.0417;KELLY_LITE(mult=1.15 taper=1.00 n=15)+HARD_RISK_CAP(2.0%)+MAXLOSS_CAP;213168.47;213167.21;36;0
2026.08.13 00:20:02;XAUUSD;5;1786548897;EXIT_TIME_PROFIT_LOCK;held=10 profit=3.75;MANAGE_PROFIT;SAFE;1;1;1;-1;-1;4406.03;3.75;3.75;5.61;-3.60;KELLY_LITE;true;0.04;213168.47;0.0417;KELLY_LITE(mult=1.15 taper=1.00 n=15)+HARD_RISK_CAP(2.0%)+MAXLOSS_CAP;213168.47;213172.22;36;0
2026.08.13 00:20:03;XAUUSD;5;1786548897;POSITION_CLOSED;ticket=119122813 reason=time_exit_profit_lock lots=0.03 price=4407.28 pnl=3.75;MANAGE_PROFIT;SAFE;0;1;1;-1;-1;4406.03;0.00;0.00;5.61;-3.60;KELLY_LITE;true;0.04;213168.47;0.0417;KELLY_LITE(mult=1.15 taper=1.00 n=15)+HARD_RISK_CAP(2.0%)+MAXLOSS_CAP;213172.22;213172.22;36;0
2026.08.13 00:20:03;XAUUSD;5;1786548897;PENDING_DELETED;ticket=119122901 reason=close_all_hedge;MANAGE_PROFIT;SAFE;0;0;0;-1;-1;4406.03;0.00;0.00;5.61;-3.60;KELLY_LITE;true;0.04;213168.47;0.0417;KELLY_LITE(mult=1.15 taper=1.00 n=15)+HARD_RISK_CAP(2.0%)+MAXLOSS_CAP;213172.22;213172.22;36;0
2026.08.13 00:20:04;XAUUSD;5;1786548897;CYCLE_RESET;oldState=RESET realizedPnL=3.75 peak=5.61 worst=-3.60 pyramid=0 consLosses=0;RESET;SAFE;0;0;0;-1;-1;4406.03;0.00;0.00;5.61;-3.60;KELLY_LITE;true;0.04;213168.47;0.0417;KELLY_LITE(mult=1.15 taper=1.00 n=15)+HARD_RISK_CAP(2.0%)+MAXLOSS_CAP;213172.22;213172.22;36;0
2026.08.13 00:25:04;XAUUSD;5;1786548898;PLACE_PENDING_START;cycle=1786548898 trend=-1 consecLosses=0 preset=AGGRESSIVE;PLACE_PENDING;SAFE;0;0;0;-1;-1;0.00;0.00;0.00;0.00;0.00;KELLY_LITE;true;0.04;213168.47;0.0417;KELLY_LITE(mult=1.15 taper=1.00 n=15)+HARD_RISK_CAP(2.0%)+MAXLOSS_CAP;213172.22;213172.22;36;0
2026.08.13 00:25:04;XAUUSD;5;1786548898;FILTER_BLOCK_ATR;atr=1.65 min=2.00;PLACE_PENDING;SAFE;0;0;0;-1;-1;0.00;0.00;0.00;0.00;0.00;KELLY_LITE;true;0.04;213168.47;0.0417;KELLY_LITE(mult=1.15 taper=1.00 n=15)+HARD_RISK_CAP(2.0%)+MAXLOSS_CAP;213172.22;213172.22;36;0
2026.08.13 00:30:04;XAUUSD;5;1786548899;PLACE_PENDING_START;cycle=1786548899 trend=-1 consecLosses=0 preset=AGGRESSIVE;PLACE_PENDING;SAFE;0;0;0;-1;-1;0.00;0.00;0.00;0.00;0.00;KELLY_LITE;true;0.04;213168.47;0.0417;KELLY_LITE(mult=1.15 taper=1.00 n=15)+HARD_RISK_CAP(2.0%)+MAXLOSS_CAP;213172.22;213172.22;35;0
2026.08.13 00:30:04;XAUUSD;5;1786548899;FILTER_BLOCK_ATR;atr=1.70 min=2.00;PLACE_PENDING;SAFE;0;0;0;-1;-1;0.00;0.00;0.00;0.00;0.00;KELLY_LITE;true;0.04;213168.47;0.0417;KELLY_LITE(mult=1.15 taper=1.00 n=15)+HARD_RISK_CAP(2.0%)+MAXLOSS_CAP;213172.22;213172.22;35;0
2026.08.13 00:35:04;XAUUSD;5;1786548900;PLACE_PENDING_START;cycle=1786548900 trend=-1 consecLosses=0 preset=AGGRESSIVE;PLACE_PENDING;SAFE;0;0;0;-1;-1;0.00;0.00;0.00;0.00;0.00;KELLY_LITE;true;0.04;213168.47;0.0417;KELLY_LITE(mult=1.15 taper=1.00 n=15)+HARD_RISK_CAP(2.0%)+MAXLOSS_CAP;213172.22;213172.22;36;0
2026.08.13 00:35:04;XAUUSD;5;1786548900;FILTER_BLOCK_ATR;atr=1.58 min=2.00;PLACE_PENDING;SAFE;0;0;0;-1;-1;0.00;0.00;0.00;0.00;0.00;KELLY_LITE;true;0.04;213168.47;0.0417;KELLY_LITE(mult=1.15 taper=1.00 n=15)+HARD_RISK_CAP(2.0%)+MAXLOSS_CAP;213172.22;213172.22;36;0
2026.08.13 00:40:04;XAUUSD;5;1786548901;PLACE_PENDING_START;cycle=1786548901 trend=-1 consecLosses=0 preset=AGGRESSIVE;PLACE_PENDING;SAFE;0;0;0;-1;-1;0.00;0.00;0.00;0.00;0.00;KELLY_LITE;true;0.04;213168.47;0.0417;KELLY_LITE(mult=1.15 taper=1.00 n=15)+HARD_RISK_CAP(2.0%)+MAXLOSS_CAP;213172.22;213172.22;36;0
2026.08.13 00:40:04;XAUUSD;5;1786548901;FILTER_BLOCK_ATR;atr=1.52 min=2.00;PLACE_PENDING;SAFE;0;0;0;-1;-1;0.00;0.00;0.00;0.00;0.00;KELLY_LITE;true;0.04;213168.47;0.0417;KELLY_LITE(mult=1.15 taper=1.00 n=15)+HARD_RISK_CAP(2.0%)+MAXLOSS_CAP;213172.22;213172.22;36;0
2026.08.13 00:45:04;XAUUSD;5;1786548902;PLACE_PENDING_START;cycle=1786548902 trend=-1 consecLosses=0 preset=AGGRESSIVE;PLACE_PENDING;SAFE;0;0;0;-1;-1;0.00;0.00;0.00;0.00;0.00;KELLY_LITE;true;0.04;213168.47;0.0417;KELLY_LITE(mult=1.15 taper=1.00 n=15)+HARD_RISK_CAP(2.0%)+MAXLOSS_CAP;213172.22;213172.22;36;0
2026.08.13 00:45:04;XAUUSD;5;1786548902;FILTER_BLOCK_ATR;atr=1.55 min=2.00;PLACE_PENDING;SAFE;0;0;0;-1;-1;0.00;0.00;0.00;0.00;0.00;KELLY_LITE;true;0.04;213168.47;0.0417;KELLY_LITE(mult=1.15 taper=1.00 n=15)+HARD_RISK_CAP(2.0%)+MAXLOSS_CAP;213172.22;213172.22;36;0
2026.08.13 00:50:04;XAUUSD;5;1786548903;PLACE_PENDING_START;cycle=1786548903 trend=-1 consecLosses=0 preset=AGGRESSIVE;PLACE_PENDING;SAFE;0;0;0;-1;-1;0.00;0.00;0.00;0.00;0.00;KELLY_LITE;true;0.04;213168.47;0.0417;KELLY_LITE(mult=1.15 taper=1.00 n=15)+HARD_RISK_CAP(2.0%)+MAXLOSS_CAP;213172.22;213172.22;36;0
2026.08.13 00:50:04;XAUUSD;5;1786548903;FILTER_BLOCK_ATR;atr=1.61 min=2.00;PLACE_PENDING;SAFE;0;0;0;-1;-1;0.00;0.00;0.00;0.00;0.00;KELLY_LITE;true;0.04;213168.47;0.0417;KELLY_LITE(mult=1.15 taper=1.00 n=15)+HARD_RISK_CAP(2.0%)+MAXLOSS_CAP;213172.22;213172.22;36;0
2026.08.13 00:55:04;XAUUSD;5;1786548904;PLACE_PENDING_START;cycle=1786548904 trend=-1 consecLosses=0 preset=AGGRESSIVE;PLACE_PENDING;SAFE;0;0;0;-1;-1;0.00;0.00;0.00;0.00;0.00;KELLY_LITE;true;0.04;213168.47;0.0417;KELLY_LITE(mult=1.15 taper=1.00 n=15)+HARD_RISK_CAP(2.0%)+MAXLOSS_CAP;213172.22;213172.22;36;0
2026.08.13 00:55:04;XAUUSD;5;1786548904;FILTER_BLOCK_ATR;atr=1.77 min=2.00;PLACE_PENDING;SAFE;0;0;0;-1;-1;0.00;0.00;0.00;0.00;0.00;KELLY_LITE;true;0.04;213168.47;0.0417;KELLY_LITE(mult=1.15 taper=1.00 n=15)+HARD_RISK_CAP(2.0%)+MAXLOSS_CAP;213172.22;213172.22;36;0
2026.08.13 01:00:04;XAUUSD;5;1786548905;PLACE_PENDING_START;cycle=1786548905 trend=-1 consecLosses=0 preset=AGGRESSIVE;PLACE_PENDING;SAFE;0;0;0;-1;-1;0.00;0.00;0.00;0.00;0.00;KELLY_LITE;true;0.04;213168.47;0.0417;KELLY_LITE(mult=1.15 taper=1.00 n=15)+HARD_RISK_CAP(2.0%)+MAXLOSS_CAP;213172.22;213172.22;36;0
2026.08.13 01:00:04;XAUUSD;5;1786548905;FILTER_BLOCK_ATR;atr=1.96 min=2.00;PLACE_PENDING;SAFE;0;0;0;-1;-1;0.00;0.00;0.00;0.00;0.00;KELLY_LITE;true;0.04;213168.47;0.0417;KELLY_LITE(mult=1.15 taper=1.00 n=15)+HARD_RISK_CAP(2.0%)+MAXLOSS_CAP;213172.22;213172.22;36;0
2026.08.13 01:05:04;XAUUSD;5;1786548905;FILTER_BLOCK_TREND;TREND_NEUTRAL_EMA;BLOCKED;SAFE;0;0;0;-1;-1;0.00;0.00;0.00;0.00;0.00;KELLY_LITE;true;0.04;213168.47;0.0417;KELLY_LITE(mult=1.15 taper=1.00 n=15)+HARD_RISK_CAP(2.0%)+MAXLOSS_CAP;213172.22;213172.22;36;0
2026.08.13 01:10:04;XAUUSD;5;1786548905;FILTER_RSI_EXTREME_PAUSE;rsi=81.9 pause=300s;IDLE;SAFE;0;0;0;-1;-1;0.00;0.00;0.00;0.00;0.00;KELLY_LITE;true;0.04;213168.47;0.0417;KELLY_LITE(mult=1.15 taper=1.00 n=15)+HARD_RISK_CAP(2.0%)+MAXLOSS_CAP;213172.22;213172.22;33;0
2026.08.13 01:10:04;XAUUSD;5;1786548905;FILTER_BLOCK_RSI_EXTREME_PAUSE;RSI_EXTREME_PAUSE (300s left rsi=81.9);BLOCKED;SAFE;0;0;0;-1;-1;0.00;0.00;0.00;0.00;0.00;KELLY_LITE;true;0.04;213168.47;0.0417;KELLY_LITE(mult=1.15 taper=1.00 n=15)+HARD_RISK_CAP(2.0%)+MAXLOSS_CAP;213172.22;213172.22;33;0
2026.08.13 01:15:04;XAUUSD;5;1786548905;FILTER_BLOCK_RSI_BUY;RSI_BUY_BLOCK (rsi=74.3 max=70.0);BLOCKED;SAFE;0;0;0;-1;-1;0.00;0.00;0.00;0.00;0.00;KELLY_LITE;true;0.04;213168.47;0.0417;KELLY_LITE(mult=1.15 taper=1.00 n=15)+HARD_RISK_CAP(2.0%)+MAXLOSS_CAP;213172.22;213172.22;36;0
2026.08.13 01:20:04;XAUUSD;5;1786548905;FILTER_RSI_EXTREME_PAUSE;rsi=82.6 pause=300s;IDLE;SAFE;0;0;0;-1;-1;0.00;0.00;0.00;0.00;0.00;KELLY_LITE;true;0.04;213168.47;0.0417;KELLY_LITE(mult=1.15 taper=1.00 n=15)+HARD_RISK_CAP(2.0%)+MAXLOSS_CAP;213172.22;213172.22;36;0
2026.08.13 01:20:04;XAUUSD;5;1786548905;FILTER_BLOCK_RSI_EXTREME_PAUSE;RSI_EXTREME_PAUSE (300s left rsi=82.6);BLOCKED;SAFE;0;0;0;-1;-1;0.00;0.00;0.00;0.00;0.00;KELLY_LITE;true;0.04;213168.47;0.0417;KELLY_LITE(mult=1.15 taper=1.00 n=15)+HARD_RISK_CAP(2.0%)+MAXLOSS_CAP;213172.22;213172.22;36;0
2026.08.13 01:25:04;XAUUSD;5;1786548905;FILTER_RSI_EXTREME_PAUSE;rsi=85.6 pause=300s;IDLE;SAFE;0;0;0;-1;-1;0.00;0.00;0.00;0.00;0.00;KELLY_LITE;true;0.04;213168.47;0.0417;KELLY_LITE(mult=1.15 taper=1.00 n=15)+HARD_RISK_CAP(2.0%)+MAXLOSS_CAP;213172.22;213172.22;36;0
2026.08.13 01:25:04;XAUUSD;5;1786548905;FILTER_BLOCK_RSI_EXTREME_PAUSE;RSI_EXTREME_PAUSE (300s left rsi=85.6);BLOCKED;SAFE;0;0;0;-1;-1;0.00;0.00;0.00;0.00;0.00;KELLY_LITE;true;0.04;213168.47;0.0417;KELLY_LITE(mult=1.15 taper=1.00 n=15)+HARD_RISK_CAP(2.0%)+MAXLOSS_CAP;213172.22;213172.22;36;0
2026.08.13 01:30:04;XAUUSD;5;1786548905;FILTER_BLOCK_RSI_BUY;RSI_BUY_BLOCK (rsi=71.7 max=70.0);BLOCKED;SAFE;0;0;0;-1;-1;0.00;0.00;0.00;0.00;0.00;KELLY_LITE;true;0.04;213168.47;0.0417;KELLY_LITE(mult=1.15 taper=1.00 n=15)+HARD_RISK_CAP(2.0%)+MAXLOSS_CAP;213172.22;213172.22;36;0
2026.08.13 01:35:04;XAUUSD;5;1786548905;FILTER_RSI_EXTREME_PAUSE;rsi=80.9 pause=300s;IDLE;SAFE;0;0;0;-1;-1;0.00;0.00;0.00;0.00;0.00;KELLY_LITE;true;0.04;213168.47;0.0417;KELLY_LITE(mult=1.15 taper=1.00 n=15)+HARD_RISK_CAP(2.0%)+MAXLOSS_CAP;213172.22;213172.22;36;0
2026.08.13 01:35:04;XAUUSD;5;1786548905;FILTER_BLOCK_RSI_EXTREME_PAUSE;RSI_EXTREME_PAUSE (300s left rsi=80.9);BLOCKED;SAFE;0;0;0;-1;-1;0.00;0.00;0.00;0.00;0.00;KELLY_LITE;true;0.04;213168.47;0.0417;KELLY_LITE(mult=1.15 taper=1.00 n=15)+HARD_RISK_CAP(2.0%)+MAXLOSS_CAP;213172.22;213172.22;36;0
2026.08.13 01:40:04;XAUUSD;5;1786548905;FILTER_BLOCK_RSI_BUY;RSI_BUY_BLOCK (rsi=70.2 max=70.0);BLOCKED;SAFE;0;0;0;-1;-1;0.00;0.00;0.00;0.00;0.00;KELLY_LITE;true;0.04;213168.47;0.0417;KELLY_LITE(mult=1.15 taper=1.00 n=15)+HARD_RISK_CAP(2.0%)+MAXLOSS_CAP;213172.22;213172.22;36;0
2026.08.13 01:45:04;XAUUSD;5;1786548905;FILTER_BLOCK_RSI_BUY;RSI_BUY_BLOCK (rsi=71.7 max=70.0);BLOCKED;SAFE;0;0;0;-1;-1;0.00;0.00;0.00;0.00;0.00;KELLY_LITE;true;0.04;213168.47;0.0417;KELLY_LITE(mult=1.15 taper=1.00 n=15)+HARD_RISK_CAP(2.0%)+MAXLOSS_CAP;213172.22;213172.22;36;0
2026.08.13 01:50:04;XAUUSD;5;1786548906;PLACE_PENDING_START;cycle=1786548906 trend=1 consecLosses=0 preset=AGGRESSIVE;PLACE_PENDING;SAFE;0;0;0;-1;-1;0.00;0.00;0.00;0.00;0.00;KELLY_LITE;true;0.04;213168.47;0.0417;KELLY_LITE(mult=1.15 taper=1.00 n=15)+HARD_RISK_CAP(2.0%)+MAXLOSS_CAP;213172.22;213172.22;37;0
2026.08.13 01:50:04;XAUUSD;5;1786548906;DIR_OCO_PLACED;dir=BULL ticket=119138332 price=4433.67 sl=4418.67 tp=4456.17 lot=0.04 dist=2.90;PLACE_PENDING;SAFE;0;1;0;119138332;-1;0.00;0.00;0.00;0.00;0.00;KELLY_LITE;true;0.04;213172.22;0.0417;KELLY_LITE(mult=1.20 taper=1.00 n=16)+HARD_RISK_CAP(2.0%)+MAXLOSS_CAP;213172.22;213172.22;36;0
2026.08.13 01:50:05;XAUUSD;5;1786548906;DIR_OCO_COUNTER_PLACED;dir=BEAR(counter) ticket=119138338 price=4427.42 lot=0.03;PLACE_PENDING;SAFE;0;2;0;119138332;119138338;0.00;0.00;0.00;0.00;0.00;KELLY_LITE;true;0.04;213172.22;0.0417;KELLY_LITE(mult=1.20 taper=1.00 n=16)+HARD_RISK_CAP(2.0%)+MAXLOSS_CAP;213172.22;213172.22;36;0
2026.08.13 01:50:06;XAUUSD;5;1786548906;SELL_STOP_TRAILED;Old=4427.42 New=4427.76;WAIT_TRIGGER;SAFE;0;2;0;119138332;119138338;0.00;0.00;0.00;0.00;0.00;KELLY_LITE;true;0.04;213172.22;0.0417;KELLY_LITE(mult=1.20 taper=1.00 n=16)+HARD_RISK_CAP(2.0%)+MAXLOSS_CAP;213172.22;213172.22;36;0
2026.08.13 01:50:09;XAUUSD;5;1786548906;SELL_STOP_TRAILED;Old=4427.76 New=4428.20;WAIT_TRIGGER;SAFE;0;2;0;119138332;119138338;0.00;0.00;0.00;0.00;0.00;KELLY_LITE;true;0.04;213172.22;0.0417;KELLY_LITE(mult=1.20 taper=1.00 n=16)+HARD_RISK_CAP(2.0%)+MAXLOSS_CAP;213172.22;213172.22;36;0
2026.08.13 01:50:10;XAUUSD;5;1786548906;SELL_STOP_TRAILED;Old=4428.20 New=4428.51;WAIT_TRIGGER;SAFE;0;2;0;119138332;119138338;0.00;0.00;0.00;0.00;0.00;KELLY_LITE;true;0.04;213172.22;0.0417;KELLY_LITE(mult=1.20 taper=1.00 n=16)+HARD_RISK_CAP(2.0%)+MAXLOSS_CAP;213172.22;213172.22;36;0
2026.08.13 01:50:12;XAUUSD;5;1786548906;SELL_STOP_TRAILED;Old=4428.51 New=4428.89;WAIT_TRIGGER;SAFE;0;2;0;119138332;119138338;0.00;0.00;0.00;0.00;0.00;KELLY_LITE;true;0.04;213172.22;0.0417;KELLY_LITE(mult=1.20 taper=1.00 n=16)+HARD_RISK_CAP(2.0%)+MAXLOSS_CAP;213172.22;213172.22;36;0
2026.08.13 01:50:43;XAUUSD;5;1786548906;SELL_STOP_TRAILED;Old=4428.89 New=4429.24;WAIT_TRIGGER;SAFE;0;2;0;119138332;119138338;0.00;0.00;0.00;0.00;0.00;KELLY_LITE;true;0.04;213172.22;0.0417;KELLY_LITE(mult=1.20 taper=1.00 n=16)+HARD_RISK_CAP(2.0%)+MAXLOSS_CAP;213172.22;213172.22;36;0
2026.08.13 01:50:58;XAUUSD;5;1786548906;BUY_STOP_TRAILED;Old=4433.67 New=4433.34;WAIT_TRIGGER;SAFE;0;2;0;119138332;119138338;0.00;0.00;0.00;0.00;0.00;KELLY_LITE;true;0.04;213172.22;0.0417;KELLY_LITE(mult=1.20 taper=1.00 n=16)+HARD_RISK_CAP(2.0%)+MAXLOSS_CAP;213172.22;213172.22;36;0
2026.08.13 01:51:02;XAUUSD;5;1786548906;BUY_STOP_TRAILED;Old=4433.34 New=4432.96;WAIT_TRIGGER;SAFE;0;2;0;119138332;119138338;0.00;0.00;0.00;0.00;0.00;KELLY_LITE;true;0.04;213172.22;0.0417;KELLY_LITE(mult=1.20 taper=1.00 n=16)+HARD_RISK_CAP(2.0%)+MAXLOSS_CAP;213172.22;213172.22;36;0
2026.08.13 01:53:45;XAUUSD;5;1786548906;SELL_STOP_TRAILED;Old=4429.24 New=4429.59;WAIT_TRIGGER;SAFE;0;2;0;119138332;119138338;0.00;0.00;0.00;0.00;0.00;KELLY_LITE;true;0.04;213172.22;0.0417;KELLY_LITE(mult=1.20 taper=1.00 n=16)+HARD_RISK_CAP(2.0%)+MAXLOSS_CAP;213172.22;213172.22;34;0
2026.08.13 01:55:19;XAUUSD;5;1786548906;BUY_STOP_TRAILED;Old=4432.96 New=4432.65;WAIT_TRIGGER;SAFE;1;1;0;119138332;119138338;0.00;-0.39;-0.39;0.00;0.00;KELLY_LITE;true;0.04;213172.22;0.0417;KELLY_LITE(mult=1.20 taper=1.00 n=16)+HARD_RISK_CAP(2.0%)+MAXLOSS_CAP;213172.22;213171.83;36;0
2026.08.13 01:55:19;XAUUSD;5;1786548906;OCO_TRIGGERED_SELL;ticket=119138338 entry=4429.59;POSITION_ACTIVE;SAFE;1;1;0;119138332;-1;0.00;-0.39;-0.39;0.00;0.00;KELLY_LITE;true;0.04;213172.22;0.0417;KELLY_LITE(mult=1.20 taper=1.00 n=16)+HARD_RISK_CAP(2.0%)+MAXLOSS_CAP;213172.22;213171.83;36;0
2026.08.13 01:55:20;XAUUSD;5;1786548906;PENDING_DELETED;ticket=119138332 reason=oco_sell_triggered;POSITION_ACTIVE;SAFE;1;0;0;119138332;-1;0.00;-0.45;-0.45;0.00;0.00;KELLY_LITE;true;0.04;213172.22;0.0417;KELLY_LITE(mult=1.20 taper=1.00 n=16)+HARD_RISK_CAP(2.0%)+MAXLOSS_CAP;213172.22;213171.77;36;0
2026.08.13 01:55:20;XAUUSD;5;1786548906;HEDGE_PENDING_PLACED;dir=BUY_STOP ticket=119139617 price=4432.74 sl=4429.74 lot=0.05 mainEntry=4429.59 dist=3.00 confirmBars=1;POSITION_ACTIVE;SAFE;1;1;1;-1;-1;4429.59;-0.45;-0.45;0.00;-0.45;KELLY_LITE;true;0.04;213172.22;0.0417;KELLY_LITE(mult=1.20 taper=1.00 n=16)+HARD_RISK_CAP(2.0%)+MAXLOSS_CAP;213172.22;213171.77;36;0
2026.08.13 01:58:31;XAUUSD;5;1786548906;SL_MODIFIED;ticket=119138338 oldSL=4441.59 newSL=4427.08 reason=break_even_lock_leg_0;MANAGE_PROFIT;SAFE;1;1;1;-1;-1;4429.59;9.21;9.21;9.09;-3.21;KELLY_LITE;true;0.04;213172.22;0.0417;KELLY_LITE(mult=1.20 taper=1.00 n=16)+HARD_RISK_CAP(2.0%)+MAXLOSS_CAP;213172.22;213181.43;33;0
2026.08.13 01:58:31;XAUUSD;5;1786548906;PROFIT_RATCHET_LOCKED;floor=3.86 peak=9.09;MANAGE_PROFIT;SAFE;1;1;1;-1;-1;4429.59;9.21;9.21;9.09;-3.21;KELLY_LITE;true;0.04;213172.22;0.0417;KELLY_LITE(mult=1.20 taper=1.00 n=16)+HARD_RISK_CAP(2.0%)+MAXLOSS_CAP;213172.22;213181.43;33;0
2026.08.13 01:58:32;XAUUSD;5;1786548906;SL_MODIFY_FAILED;ticket=119138338 newSL=4427.04 reason=break_even_lock_leg_0 err=0;MANAGE_PROFIT;SAFE;1;1;1;-1;-1;4429.59;8.97;8.97;9.21;-3.21;KELLY_LITE;true;0.04;213172.22;0.0417;KELLY_LITE(mult=1.20 taper=1.00 n=16)+HARD_RISK_CAP(2.0%)+MAXLOSS_CAP;213172.22;213181.19;36;0
2026.08.13 01:58:32;XAUUSD;5;1786548906;PROFIT_RATCHET_LOCKED;floor=3.91 peak=9.21;MANAGE_PROFIT;SAFE;1;1;1;-1;-1;4429.59;8.97;8.97;9.21;-3.21;KELLY_LITE;true;0.04;213172.22;0.0417;KELLY_LITE(mult=1.20 taper=1.00 n=16)+HARD_RISK_CAP(2.0%)+MAXLOSS_CAP;213172.22;213181.19;36;0
2026.08.13 01:58:32;XAUUSD;5;1786548906;PROFIT_RATCHET_LOCKED;floor=3.91 peak=9.21;MANAGE_PROFIT;SAFE;1;1;1;-1;-1;4429.59;8.97;8.97;9.21;-3.21;KELLY_LITE;true;0.04;213172.22;0.0417;KELLY_LITE(mult=1.20 taper=1.00 n=16)+HARD_RISK_CAP(2.0%)+MAXLOSS_CAP;213172.22;213181.19;36;0
2026.08.13 01:58:32;XAUUSD;5;1786548906;PROFIT_RATCHET_LOCKED;floor=3.91 peak=9.21;MANAGE_PROFIT;SAFE;1;1;1;-1;-1;4429.59;9.15;9.15;9.21;-3.21;KELLY_LITE;true;0.04;213172.22;0.0417;KELLY_LITE(mult=1.20 taper=1.00 n=16)+HARD_RISK_CAP(2.0%)+MAXLOSS_CAP;213172.22;213181.37;36;0
2026.08.13 01:58:32;XAUUSD;5;1786548906;PROFIT_RATCHET_LOCKED;floor=3.91 peak=9.21;MANAGE_PROFIT;SAFE;1;1;1;-1;-1;4429.59;8.91;8.91;9.21;-3.21;KELLY_LITE;true;0.04;213172.22;0.0417;KELLY_LITE(mult=1.20 taper=1.00 n=16)+HARD_RISK_CAP(2.0%)+MAXLOSS_CAP;213172.22;213181.13;36;0
2026.08.13 01:58:33;XAUUSD;5;1786548906;PROFIT_RATCHET_LOCKED;floor=3.91 peak=9.21;MANAGE_PROFIT;SAFE;1;1;1;-1;-1;4429.59;8.82;8.82;9.21;-3.21;KELLY_LITE;true;0.04;213172.22;0.0417;KELLY_LITE(mult=1.20 taper=1.00 n=16)+HARD_RISK_CAP(2.0%)+MAXLOSS_CAP;213172.22;213181.04;34;0
2026.08.13 01:58:33;XAUUSD;5;1786548906;PROFIT_RATCHET_LOCKED;floor=3.91 peak=9.21;MANAGE_PROFIT;SAFE;1;1;1;-1;-1;4429.59;8.88;8.88;9.21;-3.21;KELLY_LITE;true;0.04;213172.22;0.0417;KELLY_LITE(mult=1.20 taper=1.00 n=16)+HARD_RISK_CAP(2.0%)+MAXLOSS_CAP;213172.22;213181.10;36;0
2026.08.13 01:58:33;XAUUSD;5;1786548906;PROFIT_RATCHET_LOCKED;floor=3.91 peak=9.21;MANAGE_PROFIT;SAFE;1;1;1;-1;-1;4429.59;8.85;8.85;9.21;-3.21;KELLY_LITE;true;0.04;213172.22;0.0417;KELLY_LITE(mult=1.20 taper=1.00 n=16)+HARD_RISK_CAP(2.0%)+MAXLOSS_CAP;213172.22;213181.07;36;0
2026.08.13 01:58:33;XAUUSD;5;1786548906;PROFIT_RATCHET_LOCKED;floor=3.91 peak=9.21;MANAGE_PROFIT;SAFE;1;1;1;-1;-1;4429.59;8.76;8.76;9.21;-3.21;KELLY_LITE;true;0.04;213172.22;0.0417;KELLY_LITE(mult=1.20 taper=1.00 n=16)+HARD_RISK_CAP(2.0%)+MAXLOSS_CAP;213172.22;213180.98;36;0
2026.08.13 01:58:34;XAUUSD;5;1786548906;PROFIT_RATCHET_LOCKED;floor=3.91 peak=9.21;MANAGE_PROFIT;SAFE;1;1;1;-1;-1;4429.59;8.82;8.82;9.21;-3.21;KELLY_LITE;true;0.04;213172.22;0.0417;KELLY_LITE(mult=1.20 taper=1.00 n=16)+HARD_RISK_CAP(2.0%)+MAXLOSS_CAP;213172.22;213181.04;36;0
2026.08.13 01:58:34;XAUUSD;5;1786548906;PROFIT_RATCHET_LOCKED;floor=3.91 peak=9.21;MANAGE_PROFIT;SAFE;1;1;1;-1;-1;4429.59;8.79;8.79;9.21;-3.21;KELLY_LITE;true;0.04;213172.22;0.0417;KELLY_LITE(mult=1.20 taper=1.00 n=16)+HARD_RISK_CAP(2.0%)+MAXLOSS_CAP;213172.22;213181.01;36;0
2026.08.13 01:58:34;XAUUSD;5;1786548906;PROFIT_RATCHET_LOCKED;floor=3.91 peak=9.21;MANAGE_PROFIT;SAFE;1;1;1;-1;-1;4429.59;8.88;8.88;9.21;-3.21;KELLY_LITE;true;0.04;213172.22;0.0417;KELLY_LITE(mult=1.20 taper=1.00 n=16)+HARD_RISK_CAP(2.0%)+MAXLOSS_CAP;213172.22;213181.10;36;0
2026.08.13 01:58:34;XAUUSD;5;1786548906;PROFIT_RATCHET_LOCKED;floor=3.91 peak=9.21;MANAGE_PROFIT;SAFE;1;1;1;-1;-1;4429.59;8.97;8.97;9.21;-3.21;KELLY_LITE;true;0.04;213172.22;0.0417;KELLY_LITE(mult=1.20 taper=1.00 n=16)+HARD_RISK_CAP(2.0%)+MAXLOSS_CAP;213172.22;213181.19;36;0
2026.08.13 01:58:35;XAUUSD;5;1786548906;PROFIT_RATCHET_LOCKED;floor=3.91 peak=9.21;MANAGE_PROFIT;SAFE;1;1;1;-1;-1;4429.59;9.00;9.00;9.21;-3.21;KELLY_LITE;true;0.04;213172.22;0.0417;KELLY_LITE(mult=1.20 taper=1.00 n=16)+HARD_RISK_CAP(2.0%)+MAXLOSS_CAP;213172.22;213181.22;36;0
2026.08.13 01:58:35;XAUUSD;5;1786548906;PROFIT_RATCHET_LOCKED;floor=3.91 peak=9.21;MANAGE_PROFIT;SAFE;1;1;1;-1;-1;4429.59;8.97;8.97;9.21;-3.21;KELLY_LITE;true;0.04;213172.22;0.0417;KELLY_LITE(mult=1.20 taper=1.00 n=16)+HARD_RISK_CAP(2.0%)+MAXLOSS_CAP;213172.22;213181.19;36;0
2026.08.13 01:58:35;XAUUSD;5;1786548906;PROFIT_RATCHET_LOCKED;floor=3.91 peak=9.21;MANAGE_PROFIT;SAFE;1;1;1;-1;-1;4429.59;8.88;8.88;9.21;-3.21;KELLY_LITE;true;0.04;213172.22;0.0417;KELLY_LITE(mult=1.20 taper=1.00 n=16)+HARD_RISK_CAP(2.0%)+MAXLOSS_CAP;213172.22;213181.10;36;0
2026.08.13 01:58:35;XAUUSD;5;1786548906;PROFIT_RATCHET_LOCKED;floor=3.91 peak=9.21;MANAGE_PROFIT;SAFE;1;1;1;-1;-1;4429.59;8.73;8.73;9.21;-3.21;KELLY_LITE;true;0.04;213172.22;0.0417;KELLY_LITE(mult=1.20 taper=1.00 n=16)+HARD_RISK_CAP(2.0%)+MAXLOSS_CAP;213172.22;213180.95;36;0
2026.08.13 01:58:36;XAUUSD;5;1786548906;PROFIT_RATCHET_LOCKED;floor=3.91 peak=9.21;MANAGE_PROFIT;SAFE;1;1;1;-1;-1;4429.59;8.70;8.70;9.21;-3.21;KELLY_LITE;true;0.04;213172.22;0.0417;KELLY_LITE(mult=1.20 taper=1.00 n=16)+HARD_RISK_CAP(2.0%)+MAXLOSS_CAP;213172.22;213180.92;36;0
2026.08.13 01:58:36;XAUUSD;5;1786548906;PROFIT_RATCHET_LOCKED;floor=3.91 peak=9.21;MANAGE_PROFIT;SAFE;1;1;1;-1;-1;4429.59;8.76;8.76;9.21;-3.21;KELLY_LITE;true;0.04;213172.22;0.0417;KELLY_LITE(mult=1.20 taper=1.00 n=16)+HARD_RISK_CAP(2.0%)+MAXLOSS_CAP;213172.22;213180.98;36;0
2026.08.13 01:58:36;XAUUSD;5;1786548906;PROFIT_RATCHET_LOCKED;floor=3.91 peak=9.21;MANAGE_PROFIT;SAFE;1;1;1;-1;-1;4429.59;8.73;8.73;9.21;-3.21;KELLY_LITE;true;0.04;213172.22;0.0417;KELLY_LITE(mult=1.20 taper=1.00 n=16)+HARD_RISK_CAP(2.0%)+MAXLOSS_CAP;213172.22;213180.95;36;0
2026.08.13 01:58:36;XAUUSD;5;1786548906;PROFIT_RATCHET_LOCKED;floor=3.91 peak=9.21;MANAGE_PROFIT;SAFE;1;1;1;-1;-1;4429.59;8.52;8.52;9.21;-3.21;KELLY_LITE;true;0.04;213172.22;0.0417;KELLY_LITE(mult=1.20 taper=1.00 n=16)+HARD_RISK_CAP(2.0%)+MAXLOSS_CAP;213172.22;213180.74;36;0
2026.08.13 01:58:36;XAUUSD;5;1786548906;PROFIT_RATCHET_LOCKED;floor=3.91 peak=9.21;MANAGE_PROFIT;SAFE;1;1;1;-1;-1;4429.59;8.37;8.37;9.21;-3.21;KELLY_LITE;true;0.04;213172.22;0.0417;KELLY_LITE(mult=1.20 taper=1.00 n=16)+HARD_RISK_CAP(2.0%)+MAXLOSS_CAP;213172.22;213180.59;36;0
2026.08.13 01:58:37;XAUUSD;5;1786548906;PROFIT_RATCHET_LOCKED;floor=3.91 peak=9.21;MANAGE_PROFIT;SAFE;1;1;1;-1;-1;4429.59;8.43;8.43;9.21;-3.21;KELLY_LITE;true;0.04;213172.22;0.0417;KELLY_LITE(mult=1.20 taper=1.00 n=16)+HARD_RISK_CAP(2.0%)+MAXLOSS_CAP;213172.22;213180.65;36;0
2026.08.13 01:58:37;XAUUSD;5;1786548906;PROFIT_RATCHET_LOCKED;floor=3.91 peak=9.21;MANAGE_PROFIT;SAFE;1;1;1;-1;-1;4429.59;8.46;8.46;9.21;-3.21;KELLY_LITE;true;0.04;213172.22;0.0417;KELLY_LITE(mult=1.20 taper=1.00 n=16)+HARD_RISK_CAP(2.0%)+MAXLOSS_CAP;213172.22;213180.68;36;0
2026.08.13 01:58:37;XAUUSD;5;1786548906;PROFIT_RATCHET_LOCKED;floor=3.91 peak=9.21;MANAGE_PROFIT;SAFE;1;1;1;-1;-1;4429.59;8.43;8.43;9.21;-3.21;KELLY_LITE;true;0.04;213172.22;0.0417;KELLY_LITE(mult=1.20 taper=1.00 n=16)+HARD_RISK_CAP(2.0%)+MAXLOSS_CAP;213172.22;213180.65;36;0
2026.08.13 01:58:38;XAUUSD;5;1786548906;PROFIT_RATCHET_LOCKED;floor=3.91 peak=9.21;MANAGE_PROFIT;SAFE;1;1;1;-1;-1;4429.59;8.25;8.25;9.21;-3.21;KELLY_LITE;true;0.04;213172.22;0.0417;KELLY_LITE(mult=1.20 taper=1.00 n=16)+HARD_RISK_CAP(2.0%)+MAXLOSS_CAP;213172.22;213180.47;36;0
2026.08.13 01:58:38;XAUUSD;5;1786548906;PROFIT_RATCHET_LOCKED;floor=3.91 peak=9.21;MANAGE_PROFIT;SAFE;1;1;1;-1;-1;4429.59;7.89;7.89;9.21;-3.21;KELLY_LITE;true;0.04;213172.22;0.0417;KELLY_LITE(mult=1.20 taper=1.00 n=16)+HARD_RISK_CAP(2.0%)+MAXLOSS_CAP;213172.22;213180.11;36;0
2026.08.13 01:58:38;XAUUSD;5;1786548906;PROFIT_RATCHET_LOCKED;floor=3.91 peak=9.21;MANAGE_PROFIT;SAFE;1;1;1;-1;-1;4429.59;7.86;7.86;9.21;-3.21;KELLY_LITE;true;0.04;213172.22;0.0417;KELLY_LITE(mult=1.20 taper=1.00 n=16)+HARD_RISK_CAP(2.0%)+MAXLOSS_CAP;213172.22;213180.08;36;0
2026.08.13 01:58:38;XAUUSD;5;1786548906;EXIT_TIERED_TRAIL;profit=7.74 peak=9.21 allowedRetrace=1.38;MANAGE_PROFIT;SAFE;1;1;1;-1;-1;4429.59;7.74;7.74;9.21;-3.21;KELLY_LITE;true;0.04;213172.22;0.0417;KELLY_LITE(mult=1.20 taper=1.00 n=16)+HARD_RISK_CAP(2.0%)+MAXLOSS_CAP;213172.22;213179.96;36;0
2026.08.13 01:58:39;XAUUSD;5;1786548906;POSITION_CLOSED;ticket=119138338 reason=tiered_profit_trail lots=0.03 price=4427.01 pnl=7.74;MANAGE_PROFIT;SAFE;0;1;1;-1;-1;4429.59;0.00;0.00;9.21;-3.21;KELLY_LITE;true;0.04;213172.22;0.0417;KELLY_LITE(mult=1.20 taper=1.00 n=16)+HARD_RISK_CAP(2.0%)+MAXLOSS_CAP;213180.05;213180.05;37;0
2026.08.13 01:58:39;XAUUSD;5;1786548906;PENDING_DELETED;ticket=119139617 reason=close_all_hedge;MANAGE_PROFIT;SAFE;0;0;0;-1;-1;4429.59;0.00;0.00;9.21;-3.21;KELLY_LITE;true;0.04;213172.22;0.0417;KELLY_LITE(mult=1.20 taper=1.00 n=16)+HARD_RISK_CAP(2.0%)+MAXLOSS_CAP;213180.05;213180.05;37;0
2026.08.13 01:58:39;XAUUSD;5;1786548906;CYCLE_RESET;oldState=RESET realizedPnL=7.83 peak=9.21 worst=-3.21 pyramid=0 consLosses=0;RESET;SAFE;0;0;0;-1;-1;4429.59;0.00;0.00;9.21;-3.21;KELLY_LITE;true;0.04;213172.22;0.0417;KELLY_LITE(mult=1.20 taper=1.00 n=16)+HARD_RISK_CAP(2.0%)+MAXLOSS_CAP;213180.05;213180.05;37;0
2026.08.13 02:03:39;XAUUSD;5;1786548907;PLACE_PENDING_START;cycle=1786548907 trend=1 consecLosses=0 preset=AGGRESSIVE;PLACE_PENDING;SAFE;0;0;0;-1;-1;0.00;0.00;0.00;0.00;0.00;KELLY_LITE;true;0.04;213172.22;0.0417;KELLY_LITE(mult=1.20 taper=1.00 n=16)+HARD_RISK_CAP(2.0%)+MAXLOSS_CAP;213180.05;213180.05;34;0
2026.08.13 02:03:39;XAUUSD;5;1786548907;DIR_OCO_PLACED;dir=BULL ticket=119142973 price=4434.48 sl=4419.48 tp=4456.98 lot=0.04 dist=3.29;PLACE_PENDING;SAFE;0;1;0;119142973;-1;0.00;0.00;0.00;0.00;0.00;KELLY_LITE;true;0.04;213180.05;0.0417;KELLY_LITE(mult=1.25 taper=1.00 n=17)+ATR_VOL(0.75@8.23)+HARD_RISK_CAP(2.0%)+MAXLOSS_CAP;213180.05;213180.05;36;0
2026.08.13 02:03:40;XAUUSD;5;1786548907;DIR_OCO_COUNTER_PLACED;dir=BEAR(counter) ticket=119142978 price=4427.51 lot=0.03;PLACE_PENDING;SAFE;0;2;0;119142973;119142978;0.00;0.00;0.00;0.00;0.00;KELLY_LITE;true;0.04;213180.05;0.0417;KELLY_LITE(mult=1.25 taper=1.00 n=17)+ATR_VOL(0.75@8.23)+HARD_RISK_CAP(2.0%)+MAXLOSS_CAP;213180.05;213180.05;36;0
2026.08.13 02:03:41;XAUUSD;5;1786548907;SELL_STOP_TRAILED;Old=4427.51 New=4428.00;WAIT_TRIGGER;SAFE;0;2;0;119142973;119142978;0.00;0.00;0.00;0.00;0.00;KELLY_LITE;true;0.04;213180.05;0.0417;KELLY_LITE(mult=1.25 taper=1.00 n=17)+ATR_VOL(0.75@8.23)+HARD_RISK_CAP(2.0%)+MAXLOSS_CAP;213180.05;213180.05;36;0
2026.08.13 02:03:45;XAUUSD;5;1786548907;BUY_STOP_TRAILED;Old=4434.48 New=4434.13;WAIT_TRIGGER;SAFE;0;2;0;119142973;119142978;0.00;0.00;0.00;0.00;0.00;KELLY_LITE;true;0.04;213180.05;0.0417;KELLY_LITE(mult=1.25 taper=1.00 n=17)+ATR_VOL(0.75@8.23)+HARD_RISK_CAP(2.0%)+MAXLOSS_CAP;213180.05;213180.05;37;0
2026.08.13 02:03:48;XAUUSD;5;1786548907;BUY_STOP_TRAILED;Old=4434.13 New=4433.82;WAIT_TRIGGER;SAFE;0;2;0;119142973;119142978;0.00;0.00;0.00;0.00;0.00;KELLY_LITE;true;0.04;213180.05;0.0417;KELLY_LITE(mult=1.25 taper=1.00 n=17)+ATR_VOL(0.75@8.23)+HARD_RISK_CAP(2.0%)+MAXLOSS_CAP;213180.05;213180.05;36;0
2026.08.13 02:03:49;XAUUSD;5;1786548907;BUY_STOP_TRAILED;Old=4433.82 New=4433.48;WAIT_TRIGGER;SAFE;0;2;0;119142973;119142978;0.00;0.00;0.00;0.00;0.00;KELLY_LITE;true;0.04;213180.05;0.0417;KELLY_LITE(mult=1.25 taper=1.00 n=17)+ATR_VOL(0.75@8.23)+HARD_RISK_CAP(2.0%)+MAXLOSS_CAP;213180.05;213180.05;37;0
2026.08.13 02:03:50;XAUUSD;5;1786548907;BUY_STOP_TRAILED;Old=4433.48 New=4433.04;WAIT_TRIGGER;SAFE;0;2;0;119142973;119142978;0.00;0.00;0.00;0.00;0.00;KELLY_LITE;true;0.04;213180.05;0.0417;KELLY_LITE(mult=1.25 taper=1.00 n=17)+ATR_VOL(0.75@8.23)+HARD_RISK_CAP(2.0%)+MAXLOSS_CAP;213180.05;213180.05;36;0
2026.08.13 02:04:05;XAUUSD;5;1786548907;SELL_STOP_TRAILED;Old=4428.00 New=4428.33;WAIT_TRIGGER;SAFE;0;2;0;119142973;119142978;0.00;0.00;0.00;0.00;0.00;KELLY_LITE;true;0.04;213180.05;0.0417;KELLY_LITE(mult=1.25 taper=1.00 n=17)+ATR_VOL(0.75@8.23)+HARD_RISK_CAP(2.0%)+MAXLOSS_CAP;213180.05;213180.05;34;0
2026.08.13 02:04:16;XAUUSD;5;1786548907;SELL_STOP_TRAILED;Old=4428.33 New=4428.73;WAIT_TRIGGER;SAFE;0;2;0;119142973;119142978;0.00;0.00;0.00;0.00;0.00;KELLY_LITE;true;0.04;213180.05;0.0417;KELLY_LITE(mult=1.25 taper=1.00 n=17)+ATR_VOL(0.75@8.23)+HARD_RISK_CAP(2.0%)+MAXLOSS_CAP;213180.05;213180.05;36;0
2026.08.13 02:04:16;XAUUSD;5;1786548907;SELL_STOP_TRAILED;Old=4428.73 New=4429.30;WAIT_TRIGGER;SAFE;0;2;0;119142973;119142978;0.00;0.00;0.00;0.00;0.00;KELLY_LITE;true;0.04;213180.05;0.0417;KELLY_LITE(mult=1.25 taper=1.00 n=17)+ATR_VOL(0.75@8.23)+HARD_RISK_CAP(2.0%)+MAXLOSS_CAP;213180.05;213180.05;36;0
2026.08.13 02:04:19;XAUUSD;5;1786548907;OCO_TRIGGERED_BUY;ticket=119142973 entry=4433.04;POSITION_ACTIVE;SAFE;1;1;0;-1;119142978;0.00;-1.32;-1.32;0.00;0.00;KELLY_LITE;true;0.04;213180.05;0.0417;KELLY_LITE(mult=1.25 taper=1.00 n=17)+ATR_VOL(0.75@8.23)+HARD_RISK_CAP(2.0%)+MAXLOSS_CAP;213180.05;213178.73;33;0
2026.08.13 02:04:20;XAUUSD;5;1786548907;PENDING_DELETED;ticket=119142978 reason=oco_buy_triggered;POSITION_ACTIVE;SAFE;1;0;0;-1;119142978;0.00;-0.16;-0.16;0.00;0.00;KELLY_LITE;true;0.04;213180.05;0.0417;KELLY_LITE(mult=1.25 taper=1.00 n=17)+ATR_VOL(0.75@8.23)+HARD_RISK_CAP(2.0%)+MAXLOSS_CAP;213180.05;213179.89;36;0
2026.08.13 02:04:20;XAUUSD;5;1786548907;HEDGE_PENDING_PLACED;dir=SELL_STOP ticket=119143231 price=4430.00 sl=4433.00 lot=0.05 mainEntry=4433.04 dist=3.00 confirmBars=1;POSITION_ACTIVE;SAFE;1;1;1;-1;-1;4433.04;1.16;1.16;0.00;-0.16;KELLY_LITE;true;0.04;213180.05;0.0417;KELLY_LITE(mult=1.25 taper=1.00 n=17)+ATR_VOL(0.75@8.23)+HARD_RISK_CAP(2.0%)+MAXLOSS_CAP;213180.05;213181.21;36;0
2026.08.13 02:06:26;XAUUSD;5;1786548907;SL_MODIFIED;ticket=119142973 oldSL=4421.04 newSL=4432.84 reason=break_even_lock_leg_0 (retry buf=8pt);MANAGE_PROFIT;SAFE;1;1;1;-1;-1;4433.04;2.20;2.48;8.44;-7.32;KELLY_LITE;true;0.04;213180.05;0.0417;KELLY_LITE(mult=1.25 taper=1.00 n=17)+ATR_VOL(0.75@8.23)+HARD_RISK_CAP(2.0%)+MAXLOSS_CAP;213180.05;213182.25;36;0
2026.08.13 02:06:26;XAUUSD;5;1786548907;SL_MODIFIED;ticket=119142973 oldSL=4432.84 newSL=4433.08 reason=profit_ratchet_lock_leg_0 (retry buf=8pt);MANAGE_PROFIT;SAFE;1;1;1;-1;-1;4433.04;2.80;2.80;8.44;-7.32;KELLY_LITE;true;0.04;213180.05;0.0417;KELLY_LITE(mult=1.25 taper=1.00 n=17)+ATR_VOL(0.75@8.23)+HARD_RISK_CAP(2.0%)+MAXLOSS_CAP;213180.05;213182.85;36;0
2026.08.13 02:06:26;XAUUSD;5;1786548907;PROFIT_RATCHET_LOCKED;floor=2.85 peak=8.44;MANAGE_PROFIT;SAFE;1;1;1;-1;-1;4433.04;2.80;2.80;8.44;-7.32;KELLY_LITE;true;0.04;213180.05;0.0417;KELLY_LITE(mult=1.25 taper=1.00 n=17)+ATR_VOL(0.75@8.23)+HARD_RISK_CAP(2.0%)+MAXLOSS_CAP;213180.05;213182.85;36;0
2026.08.13 02:06:26;XAUUSD;5;1786548907;EXIT_TIERED_TRAIL;profit=2.80 peak=8.44 allowedRetrace=2.74;MANAGE_PROFIT;SAFE;1;1;1;-1;-1;4433.04;2.80;2.80;8.44;-7.32;KELLY_LITE;true;0.04;213180.05;0.0417;KELLY_LITE(mult=1.25 taper=1.00 n=17)+ATR_VOL(0.75@8.23)+HARD_RISK_CAP(2.0%)+MAXLOSS_CAP;213180.05;213182.85;36;0
2026.08.13 02:06:27;XAUUSD;5;1786548907;POSITION_CLOSED;ticket=119142973 reason=tiered_profit_trail lots=0.04 price=4433.74 pnl=2.80;MANAGE_PROFIT;SAFE;0;1;1;-1;-1;4433.04;0.00;0.00;8.44;-7.32;KELLY_LITE;true;0.04;213180.05;0.0417;KELLY_LITE(mult=1.25 taper=1.00 n=17)+ATR_VOL(0.75@8.23)+HARD_RISK_CAP(2.0%)+MAXLOSS_CAP;213182.29;213182.29;36;0
2026.08.13 02:06:27;XAUUSD;5;1786548907;PENDING_DELETED;ticket=119143231 reason=close_all_hedge;MANAGE_PROFIT;SAFE;0;0;0;-1;-1;4433.04;0.00;0.00;8.44;-7.32;KELLY_LITE;true;0.04;213180.05;0.0417;KELLY_LITE(mult=1.25 taper=1.00 n=17)+ATR_VOL(0.75@8.23)+HARD_RISK_CAP(2.0%)+MAXLOSS_CAP;213182.29;213182.29;36;0
2026.08.13 02:06:27;XAUUSD;5;1786548907;CYCLE_RESET;oldState=RESET realizedPnL=2.24 peak=8.44 worst=-7.32 pyramid=0 consLosses=0;RESET;SAFE;0;0;0;-1;-1;4433.04;0.00;0.00;8.44;-7.32;KELLY_LITE;true;0.04;213180.05;0.0417;KELLY_LITE(mult=1.25 taper=1.00 n=17)+ATR_VOL(0.75@8.23)+HARD_RISK_CAP(2.0%)+MAXLOSS_CAP;213182.29;213182.29;36;0
2026.08.13 02:11:27;XAUUSD;5;1786548908;PLACE_PENDING_START;cycle=1786548908 trend=1 consecLosses=0 preset=AGGRESSIVE;PLACE_PENDING;SAFE;0;0;0;-1;-1;0.00;0.00;0.00;0.00;0.00;KELLY_LITE;true;0.04;213180.05;0.0417;KELLY_LITE(mult=1.25 taper=1.00 n=17)+ATR_VOL(0.75@8.23)+HARD_RISK_CAP(2.0%)+MAXLOSS_CAP;213182.29;213182.29;33;0
2026.08.13 02:11:27;XAUUSD;5;1786548908;DIR_OCO_PLACED;dir=BULL ticket=119145582 price=4436.45 sl=4421.45 tp=4458.95 lot=0.04 dist=3.27;PLACE_PENDING;SAFE;0;1;0;119145582;-1;0.00;0.00;0.00;0.00;0.00;KELLY_LITE;true;0.04;213182.29;0.0417;KELLY_LITE(mult=1.30 taper=1.00 n=18)+ATR_VOL(0.75@8.18)+HARD_RISK_CAP(2.0%)+MAXLOSS_CAP;213182.29;213182.29;34;0
2026.08.13 02:11:27;XAUUSD;5;1786548908;DIR_OCO_COUNTER_PLACED;dir=BEAR(counter) ticket=119145585 price=4429.58 lot=0.03;PLACE_PENDING;SAFE;0;2;0;119145582;119145585;0.00;0.00;0.00;0.00;0.00;KELLY_LITE;true;0.04;213182.29;0.0417;KELLY_LITE(mult=1.30 taper=1.00 n=18)+ATR_VOL(0.75@8.18)+HARD_RISK_CAP(2.0%)+MAXLOSS_CAP;213182.29;213182.29;33;0
2026.08.13 02:11:30;XAUUSD;5;1786548908;BUY_STOP_TRAILED;Old=4436.45 New=4435.87;WAIT_TRIGGER;SAFE;0;2;0;119145582;119145585;0.00;0.00;0.00;0.00;0.00;KELLY_LITE;true;0.04;213182.29;0.0417;KELLY_LITE(mult=1.30 taper=1.00 n=18)+ATR_VOL(0.75@8.18)+HARD_RISK_CAP(2.0%)+MAXLOSS_CAP;213182.29;213182.29;33;0
2026.08.13 02:11:38;XAUUSD;5;1786548908;BUY_STOP_TRAILED;Old=4435.87 New=4435.41;WAIT_TRIGGER;SAFE;0;2;0;119145582;119145585;0.00;0.00;0.00;0.00;0.00;KELLY_LITE;true;0.04;213182.29;0.0417;KELLY_LITE(mult=1.30 taper=1.00 n=18)+ATR_VOL(0.75@8.18)+HARD_RISK_CAP(2.0%)+MAXLOSS_CAP;213182.29;213182.29;33;0
2026.08.13 02:11:47;XAUUSD;5;1786548908;SELL_STOP_TRAILED;Old=4429.58 New=4429.90;WAIT_TRIGGER;SAFE;0;2;0;119145582;119145585;0.00;0.00;0.00;0.00;0.00;KELLY_LITE;true;0.04;213182.29;0.0417;KELLY_LITE(mult=1.30 taper=1.00 n=18)+ATR_VOL(0.75@8.18)+HARD_RISK_CAP(2.0%)+MAXLOSS_CAP;213182.29;213182.29;33;0
2026.08.13 02:11:56;XAUUSD;5;1786548908;BUY_STOP_TRAILED;Old=4435.41 New=4435.02;WAIT_TRIGGER;SAFE;0;2;0;119145582;119145585;0.00;0.00;0.00;0.00;0.00;KELLY_LITE;true;0.04;213182.29;0.0417;KELLY_LITE(mult=1.30 taper=1.00 n=18)+ATR_VOL(0.75@8.18)+HARD_RISK_CAP(2.0%)+MAXLOSS_CAP;213182.29;213182.29;36;0
2026.08.13 02:11:58;XAUUSD;5;1786548908;BUY_STOP_TRAILED;Old=4435.02 New=4434.70;WAIT_TRIGGER;SAFE;0;2;0;119145582;119145585;0.00;0.00;0.00;0.00;0.00;KELLY_LITE;true;0.04;213182.29;0.0417;KELLY_LITE(mult=1.30 taper=1.00 n=18)+ATR_VOL(0.75@8.18)+HARD_RISK_CAP(2.0%)+MAXLOSS_CAP;213182.29;213182.29;33;0
2026.08.13 02:12:00;XAUUSD;5;1786548908;BUY_STOP_TRAILED;Old=4434.70 New=4434.35;WAIT_TRIGGER;SAFE;0;2;0;119145582;119145585;0.00;0.00;0.00;0.00;0.00;KELLY_LITE;true;0.04;213182.29;0.0417;KELLY_LITE(mult=1.30 taper=1.00 n=18)+ATR_VOL(0.75@8.18)+HARD_RISK_CAP(2.0%)+MAXLOSS_CAP;213182.29;213182.29;36;0
2026.08.13 02:12:31;XAUUSD;5;1786548908;SELL_STOP_TRAILED;Old=4429.90 New=4430.44;WAIT_TRIGGER;SAFE;0;2;0;119145582;119145585;0.00;0.00;0.00;0.00;0.00;KELLY_LITE;true;0.04;213182.29;0.0417;KELLY_LITE(mult=1.30 taper=1.00 n=18)+ATR_VOL(0.75@8.18)+HARD_RISK_CAP(2.0%)+MAXLOSS_CAP;213182.29;213182.29;33;0
2026.08.13 02:12:32;XAUUSD;5;1786548908;OCO_TRIGGERED_BUY;ticket=119145582 entry=4434.35;POSITION_ACTIVE;SAFE;1;1;0;-1;119145585;0.00;0.12;-1.32;0.00;0.00;KELLY_LITE;true;0.04;213182.29;0.0417;KELLY_LITE(mult=1.30 taper=1.00 n=18)+ATR_VOL(0.75@8.18)+HARD_RISK_CAP(2.0%)+MAXLOSS_CAP;213182.29;213182.41;36;0
2026.08.13 02:12:32;XAUUSD;5;1786548908;PENDING_DELETED;ticket=119145585 reason=oco_buy_triggered;POSITION_ACTIVE;SAFE;1;0;0;-1;119145585;0.00;-1.36;-1.36;0.00;0.00;KELLY_LITE;true;0.04;213182.29;0.0417;KELLY_LITE(mult=1.30 taper=1.00 n=18)+ATR_VOL(0.75@8.18)+HARD_RISK_CAP(2.0%)+MAXLOSS_CAP;213182.29;213180.93;36;0
2026.08.13 02:12:32;XAUUSD;5;1786548908;HEDGE_BLOCK_CONFIRM;need=1 adverse bars;POSITION_ACTIVE;SAFE;1;0;1;-1;-1;4434.35;-1.36;-1.36;0.00;-1.36;KELLY_LITE;true;0.04;213182.29;0.0417;KELLY_LITE(mult=1.30 taper=1.00 n=18)+ATR_VOL(0.75@8.18)+HARD_RISK_CAP(2.0%)+MAXLOSS_CAP;213182.29;213180.93;36;0
2026.08.13 02:13:02;XAUUSD;5;1786548908;HEDGE_BLOCK_CONFIRM;need=1 adverse bars;MANAGE_PROFIT;SAFE;1;0;1;-1;-1;4434.35;-9.12;-9.12;0.00;-8.24;KELLY_LITE;true;0.04;213182.29;0.0417;KELLY_LITE(mult=1.30 taper=1.00 n=18)+ATR_VOL(0.75@8.18)+HARD_RISK_CAP(2.0%)+MAXLOSS_CAP;213182.29;213173.17;35;0
2026.08.13 02:13:32;XAUUSD;5;1786548908;HEDGE_BLOCK_CONFIRM;need=1 adverse bars;MANAGE_PROFIT;SAFE;1;0;1;-1;-1;4434.35;-19.80;-19.80;0.00;-19.88;KELLY_LITE;true;0.04;213182.29;0.0417;KELLY_LITE(mult=1.30 taper=1.00 n=18)+ATR_VOL(0.75@8.18)+HARD_RISK_CAP(2.0%)+MAXLOSS_CAP;213182.29;213162.49;36;0
2026.08.13 02:14:02;XAUUSD;5;1786548908;HEDGE_BLOCK_CONFIRM;need=1 adverse bars;MANAGE_PROFIT;SAFE;1;0;1;-1;-1;4434.35;-18.12;-18.12;0.00;-21.32;KELLY_LITE;true;0.04;213182.29;0.0417;KELLY_LITE(mult=1.30 taper=1.00 n=18)+ATR_VOL(0.75@8.18)+HARD_RISK_CAP(2.0%)+MAXLOSS_CAP;213182.29;213164.17;36;0
2026.08.13 02:14:32;XAUUSD;5;1786548908;HEDGE_BLOCK_CONFIRM;need=1 adverse bars;MANAGE_PROFIT;SAFE;1;0;1;-1;-1;4434.35;-16.04;-16.04;0.00;-22.72;KELLY_LITE;true;0.04;213182.29;0.0417;KELLY_LITE(mult=1.30 taper=1.00 n=18)+ATR_VOL(0.75@8.18)+HARD_RISK_CAP(2.0%)+MAXLOSS_CAP;213182.29;213166.25;36;0
2026.08.13 02:15:00;XAUUSD;5;1786548908;HEDGE_PENDING_PLACED;dir=SELL_STOP ticket=119146680 price=4426.98 sl=4429.98 lot=0.05 mainEntry=4434.35 dist=3.00 confirmBars=1;MANAGE_PROFIT;SAFE;1;1;1;-1;-1;4434.35;-17.32;-17.32;0.00;-22.72;KELLY_LITE;true;0.04;213182.29;0.0417;KELLY_LITE(mult=1.30 taper=1.00 n=18)+ATR_VOL(0.75@8.18)+HARD_RISK_CAP(2.0%)+MAXLOSS_CAP;213182.29;213164.97;36;0
2026.08.13 02:18:40;XAUUSD;5;1786548908;EXIT_SOFT_SL_MOMENTUM;profit=-22.64 rsi=55.0 dir=1;MANAGE_PROFIT;WATCH;1;1;1;-1;-1;4434.35;-22.64;-22.64;3.52;-22.72;KELLY_LITE;true;0.04;213182.29;0.0417;KELLY_LITE(mult=1.30 taper=1.00 n=18)+ATR_VOL(0.75@8.18)+HARD_RISK_CAP(2.0%)+MAXLOSS_CAP;213182.29;213159.65;36;0
2026.08.13 02:18:40;XAUUSD;5;1786548908;POSITION_CLOSED;ticket=119145582 reason=soft_sl_momentum lots=0.04 price=4428.69 pnl=-22.64;MANAGE_PROFIT;WATCH;0;1;1;-1;-1;4434.35;0.00;0.00;3.52;-22.72;KELLY_LITE;true;0.04;213182.29;0.0417;KELLY_LITE(mult=1.30 taper=1.00 n=18)+ATR_VOL(0.75@8.18)+HARD_RISK_CAP(2.0%)+MAXLOSS_CAP;213159.25;213159.25;35;0
2026.08.13 02:18:41;XAUUSD;5;1786548908;PENDING_DELETED;ticket=119146680 reason=close_all_hedge;MANAGE_PROFIT;WATCH;0;0;0;-1;-1;4434.35;0.00;0.00;3.52;-22.72;KELLY_LITE;true;0.04;213182.29;0.0417;KELLY_LITE(mult=1.30 taper=1.00 n=18)+ATR_VOL(0.75@8.18)+HARD_RISK_CAP(2.0%)+MAXLOSS_CAP;213159.25;213159.25;36;0
2026.08.13 02:18:41;XAUUSD;5;1786548908;CYCLE_RESET;oldState=RESET realizedPnL=-23.04 peak=3.52 worst=-22.72 pyramid=0 consLosses=1;RESET;WATCH;0;0;0;-1;-1;4434.35;0.00;0.00;3.52;-22.72;KELLY_LITE;true;0.04;213182.29;0.0417;KELLY_LITE(mult=1.30 taper=1.00 n=18)+ATR_VOL(0.75@8.18)+HARD_RISK_CAP(2.0%)+MAXLOSS_CAP;213159.25;213159.25;36;0
2026.08.13 02:23:41;XAUUSD;5;1786548909;PLACE_PENDING_START;cycle=1786548909 trend=1 consecLosses=1 preset=AGGRESSIVE;PLACE_PENDING;SAFE;0;0;0;-1;-1;0.00;0.00;0.00;0.00;0.00;KELLY_LITE;true;0.04;213182.29;0.0417;KELLY_LITE(mult=1.30 taper=1.00 n=18)+ATR_VOL(0.75@8.18)+HARD_RISK_CAP(2.0%)+MAXLOSS_CAP;213159.25;213159.25;36;0
2026.08.13 02:23:41;XAUUSD;5;1786548909;DIR_OCO_PLACED;dir=BULL ticket=119149815 price=4427.62 sl=4412.62 tp=4450.12 lot=0.04 dist=3.56;PLACE_PENDING;SAFE;0;1;0;119149815;-1;0.00;0.00;0.00;0.00;0.00;KELLY_LITE;true;0.04;213159.25;0.0417;KELLY_LITE(mult=1.25 taper=1.00 n=19)+ATR_VOL(0.75@8.90)+HARD_RISK_CAP(2.0%)+MAXLOSS_CAP;213159.25;213159.25;33;0
2026.08.13 02:23:42;XAUUSD;5;1786548909;DIR_OCO_COUNTER_PLACED;dir=BEAR(counter) ticket=119149819 price=4420.08 lot=0.03;PLACE_PENDING;SAFE;0;2;0;119149815;119149819;0.00;0.00;0.00;0.00;0.00;KELLY_LITE;true;0.04;213159.25;0.0417;KELLY_LITE(mult=1.25 taper=1.00 n=19)+ATR_VOL(0.75@8.90)+HARD_RISK_CAP(2.0%)+MAXLOSS_CAP;213159.25;213159.25;36;0
2026.08.13 02:23:46;XAUUSD;5;1786548909;SELL_STOP_TRAILED;Old=4420.08 New=4420.43;WAIT_TRIGGER;SAFE;0;2;0;119149815;119149819;0.00;0.00;0.00;0.00;0.00;KELLY_LITE;true;0.04;213159.25;0.0417;KELLY_LITE(mult=1.25 taper=1.00 n=19)+ATR_VOL(0.75@8.90)+HARD_RISK_CAP(2.0%)+MAXLOSS_CAP;213159.25;213159.25;36;0
2026.08.13 02:23:48;XAUUSD;5;1786548909;BUY_STOP_TRAILED;Old=4427.62 New=4427.28;WAIT_TRIGGER;SAFE;0;2;0;119149815;119149819;0.00;0.00;0.00;0.00;0.00;KELLY_LITE;true;0.04;213159.25;0.0417;KELLY_LITE(mult=1.25 taper=1.00 n=19)+ATR_VOL(0.75@8.90)+HARD_RISK_CAP(2.0%)+MAXLOSS_CAP;213159.25;213159.25;36;0
2026.08.13 02:23:50;XAUUSD;5;1786548909;BUY_STOP_TRAILED;Old=4427.28 New=4426.76;WAIT_TRIGGER;SAFE;0;2;0;119149815;119149819;0.00;0.00;0.00;0.00;0.00;KELLY_LITE;true;0.04;213159.25;0.0417;KELLY_LITE(mult=1.25 taper=1.00 n=19)+ATR_VOL(0.75@8.90)+HARD_RISK_CAP(2.0%)+MAXLOSS_CAP;213159.25;213159.25;36;0
2026.08.13 02:23:55;XAUUSD;5;1786548909;BUY_STOP_TRAILED;Old=4426.76 New=4426.42;WAIT_TRIGGER;SAFE;0;2;0;119149815;119149819;0.00;0.00;0.00;0.00;0.00;KELLY_LITE;true;0.04;213159.25;0.0417;KELLY_LITE(mult=1.25 taper=1.00 n=19)+ATR_VOL(0.75@8.90)+HARD_RISK_CAP(2.0%)+MAXLOSS_CAP;213159.25;213159.25;36;0
2026.08.13 02:24:05;XAUUSD;5;1786548909;BUY_STOP_TRAILED;Old=4426.42 New=4426.08;WAIT_TRIGGER;SAFE;0;2;0;119149815;119149819;0.00;0.00;0.00;0.00;0.00;KELLY_LITE;true;0.04;213159.25;0.0417;KELLY_LITE(mult=1.25 taper=1.00 n=19)+ATR_VOL(0.75@8.90)+HARD_RISK_CAP(2.0%)+MAXLOSS_CAP;213159.25;213159.25;33;0
2026.08.13 02:24:30;XAUUSD;5;1786548909;BUY_STOP_TRAILED;Old=4426.08 New=4425.61;WAIT_TRIGGER;SAFE;0;2;0;119149815;119149819;0.00;0.00;0.00;0.00;0.00;KELLY_LITE;true;0.04;213159.25;0.0417;KELLY_LITE(mult=1.25 taper=1.00 n=19)+ATR_VOL(0.75@8.90)+HARD_RISK_CAP(2.0%)+MAXLOSS_CAP;213159.25;213159.25;36;0
2026.08.13 02:24:52;XAUUSD;5;1786548909;BUY_STOP_TRAILED;Old=4425.61 New=4425.18;WAIT_TRIGGER;SAFE;0;2;0;119149815;119149819;0.00;0.00;0.00;0.00;0.00;KELLY_LITE;true;0.04;213159.25;0.0417;KELLY_LITE(mult=1.25 taper=1.00 n=19)+ATR_VOL(0.75@8.90)+HARD_RISK_CAP(2.0%)+MAXLOSS_CAP;213159.25;213159.25;36;0
2026.08.13 02:24:53;XAUUSD;5;1786548909;BUY_STOP_TRAILED;Old=4425.18 New=4424.79;WAIT_TRIGGER;SAFE;0;2;0;119149815;119149819;0.00;0.00;0.00;0.00;0.00;KELLY_LITE;true;0.04;213159.25;0.0417;KELLY_LITE(mult=1.25 taper=1.00 n=19)+ATR_VOL(0.75@8.90)+HARD_RISK_CAP(2.0%)+MAXLOSS_CAP;213159.25;213159.25;33;0
2026.08.13 02:25:01;XAUUSD;5;1786548909;BUY_STOP_TRAILED;Old=4424.79 New=4424.35;WAIT_TRIGGER;SAFE;0;2;0;119149815;119149819;0.00;0.00;0.00;0.00;0.00;KELLY_LITE;true;0.04;213159.25;0.0417;KELLY_LITE(mult=1.25 taper=1.00 n=19)+ATR_VOL(0.75@8.90)+HARD_RISK_CAP(2.0%)+MAXLOSS_CAP;213159.25;213159.25;36;0
2026.08.13 02:28:51;XAUUSD;5;1786548909;OCO_TRIGGERED_SELL;ticket=119149819 entry=4420.43;POSITION_ACTIVE;SAFE;1;1;0;119149815;-1;0.00;0.15;0.15;0.00;0.00;KELLY_LITE;true;0.04;213159.25;0.0417;KELLY_LITE(mult=1.25 taper=1.00 n=19)+ATR_VOL(0.75@8.90)+HARD_RISK_CAP(2.0%)+MAXLOSS_CAP;213159.25;213159.40;36;0
2026.08.13 02:28:52;XAUUSD;5;1786548909;PENDING_DELETED;ticket=119149815 reason=oco_sell_triggered;POSITION_ACTIVE;SAFE;1;0;0;119149815;-1;0.00;1.02;1.02;0.00;0.00;KELLY_LITE;true;0.04;213159.25;0.0417;KELLY_LITE(mult=1.25 taper=1.00 n=19)+ATR_VOL(0.75@8.90)+HARD_RISK_CAP(2.0%)+MAXLOSS_CAP;213159.25;213160.27;37;0
2026.08.13 02:28:52;XAUUSD;5;1786548909;HEDGE_PENDING_PLACED;dir=BUY_STOP ticket=119151126 price=4423.09 sl=4420.09 lot=0.05 mainEntry=4420.43 dist=3.00 confirmBars=1;POSITION_ACTIVE;SAFE;1;1;1;-1;-1;4420.43;0.78;0.78;1.02;0.00;KELLY_LITE;true;0.04;213159.25;0.0417;KELLY_LITE(mult=1.25 taper=1.00 n=19)+ATR_VOL(0.75@8.90)+HARD_RISK_CAP(2.0%)+MAXLOSS_CAP;213159.25;213160.03;36;0
2026.08.13 02:31:06;XAUUSD;5;1786548909;SL_MODIFIED;ticket=119151126 oldSL=4420.09 newSL=4423.25 reason=hedge_giveback_lock;MANAGE_PROFIT;SAFE;2;0;1;-1;-1;4420.43;-7.66;3.50;3.66;-9.74;KELLY_LITE;true;0.04;213159.25;0.0417;KELLY_LITE(mult=1.25 taper=1.00 n=19)+ATR_VOL(0.75@8.90)+HARD_RISK_CAP(2.0%)+MAXLOSS_CAP;213159.25;213151.59;36;0
2026.08.13 02:31:06;XAUUSD;5;1786548909;SL_MODIFY_FAILED;ticket=119151126 newSL=4423.27 reason=hedge_giveback_lock err=0;MANAGE_PROFIT;SAFE;2;0;1;-1;-1;4420.43;-8.14;2.30;3.66;-9.74;KELLY_LITE;true;0.04;213159.25;0.0417;KELLY_LITE(mult=1.25 taper=1.00 n=19)+ATR_VOL(0.75@8.90)+HARD_RISK_CAP(2.0%)+MAXLOSS_CAP;213159.25;213151.11;36;0
2026.08.13 02:31:08;XAUUSD;5;1786548909;SL_MODIFIED;ticket=119151126 oldSL=4423.25 newSL=4423.31 reason=hedge_giveback_lock;MANAGE_PROFIT;SAFE;2;0;1;-1;-1;4420.43;-6.79;5.75;3.66;-9.74;KELLY_LITE;true;0.04;213159.25;0.0417;KELLY_LITE(mult=1.25 taper=1.00 n=19)+ATR_VOL(0.75@8.90)+HARD_RISK_CAP(2.0%)+MAXLOSS_CAP;213159.25;213152.46;37;0
2026.08.13 02:31:09;XAUUSD;5;1786548909;SL_MODIFIED;ticket=119151126 oldSL=4423.31 newSL=4423.72 reason=hedge_giveback_lock;MANAGE_PROFIT;SAFE;2;0;1;-1;-1;4420.43;-6.56;6.25;3.66;-9.74;KELLY_LITE;true;0.04;213159.25;0.0417;KELLY_LITE(mult=1.25 taper=1.00 n=19)+ATR_VOL(0.75@8.90)+HARD_RISK_CAP(2.0%)+MAXLOSS_CAP;213159.25;213152.69;36;0
2026.08.13 02:31:10;XAUUSD;5;1786548909;SL_MODIFIED;ticket=119151126 oldSL=4423.72 newSL=4423.76 reason=hedge_giveback_lock;MANAGE_PROFIT;SAFE;2;0;1;-1;-1;4420.43;-5.96;7.75;3.66;-9.74;KELLY_LITE;true;0.04;213159.25;0.0417;KELLY_LITE(mult=1.25 taper=1.00 n=19)+ATR_VOL(0.75@8.90)+HARD_RISK_CAP(2.0%)+MAXLOSS_CAP;213159.25;213153.29;36;0
2026.08.13 02:31:11;XAUUSD;5;1786548909;SL_MODIFIED;ticket=119151126 oldSL=4423.76 newSL=4423.96 reason=hedge_giveback_lock (retry buf=3pt);MANAGE_PROFIT;SAFE;2;0;1;-1;-1;4420.43;-6.16;7.25;3.66;-9.74;KELLY_LITE;true;0.04;213159.25;0.0417;KELLY_LITE(mult=1.25 taper=1.00 n=19)+ATR_VOL(0.75@8.90)+HARD_RISK_CAP(2.0%)+MAXLOSS_CAP;213159.25;213153.09;36;0
2026.08.13 02:31:12;XAUUSD;5;1786548909;SL_MODIFIED;ticket=119151126 oldSL=4423.96 newSL=4424.06 reason=hedge_giveback_lock;MANAGE_PROFIT;SAFE;2;0;1;-1;-1;4420.43;-5.86;8.00;3.66;-9.74;KELLY_LITE;true;0.04;213159.25;0.0417;KELLY_LITE(mult=1.25 taper=1.00 n=19)+ATR_VOL(0.75@8.90)+HARD_RISK_CAP(2.0%)+MAXLOSS_CAP;213159.25;213153.39;36;0
2026.08.13 02:31:12;XAUUSD;5;1786548909;SL_MODIFIED;ticket=119151126 oldSL=4424.06 newSL=4424.17 reason=hedge_giveback_lock;MANAGE_PROFIT;SAFE;2;0;1;-1;-1;4420.43;-5.66;8.50;3.66;-9.74;KELLY_LITE;true;0.04;213159.25;0.0417;KELLY_LITE(mult=1.25 taper=1.00 n=19)+ATR_VOL(0.75@8.90)+HARD_RISK_CAP(2.0%)+MAXLOSS_CAP;213159.25;213153.59;36;0
2026.08.13 02:31:13;XAUUSD;5;1786548909;SL_MODIFIED;ticket=119151126 oldSL=4424.17 newSL=4424.27 reason=hedge_giveback_lock;MANAGE_PROFIT;SAFE;2;0;1;-1;-1;4420.43;-5.42;9.10;3.66;-9.74;KELLY_LITE;true;0.04;213159.25;0.0417;KELLY_LITE(mult=1.25 taper=1.00 n=19)+ATR_VOL(0.75@8.90)+HARD_RISK_CAP(2.0%)+MAXLOSS_CAP;213159.25;213153.83;36;0
2026.08.13 02:31:13;XAUUSD;5;1786548909;SL_MODIFIED;ticket=119151126 oldSL=4424.27 newSL=4424.39 reason=hedge_giveback_lock;MANAGE_PROFIT;SAFE;2;0;1;-1;-1;4420.43;-5.12;9.85;3.66;-9.74;KELLY_LITE;true;0.04;213159.25;0.0417;KELLY_LITE(mult=1.25 taper=1.00 n=19)+ATR_VOL(0.75@8.90)+HARD_RISK_CAP(2.0%)+MAXLOSS_CAP;213159.25;213154.13;36;0
2026.08.13 02:31:14;XAUUSD;5;1786548909;SL_MODIFIED;ticket=119151126 oldSL=4424.39 newSL=4424.54 reason=hedge_giveback_lock;MANAGE_PROFIT;SAFE;2;0;1;-1;-1;4420.43;-4.74;10.80;3.66;-9.74;KELLY_LITE;true;0.04;213159.25;0.0417;KELLY_LITE(mult=1.25 taper=1.00 n=19)+ATR_VOL(0.75@8.90)+HARD_RISK_CAP(2.0%)+MAXLOSS_CAP;213159.25;213154.51;36;0
2026.08.13 02:31:16;XAUUSD;5;1786548909;SL_MODIFIED;ticket=119151126 oldSL=4424.54 newSL=4424.64 reason=hedge_giveback_lock;MANAGE_PROFIT;SAFE;2;0;1;-1;-1;4420.43;-4.90;10.40;3.66;-9.74;KELLY_LITE;true;0.04;213159.25;0.0417;KELLY_LITE(mult=1.25 taper=1.00 n=19)+ATR_VOL(0.75@8.90)+HARD_RISK_CAP(2.0%)+MAXLOSS_CAP;213159.25;213154.35;36;0
2026.08.13 02:31:17;XAUUSD;5;1786548909;SL_MODIFIED;ticket=119151126 oldSL=4424.64 newSL=4424.68 reason=hedge_giveback_lock;MANAGE_PROFIT;SAFE;2;0;1;-1;-1;4420.43;-4.64;11.05;3.66;-9.74;KELLY_LITE;true;0.04;213159.25;0.0417;KELLY_LITE(mult=1.25 taper=1.00 n=19)+ATR_VOL(0.75@8.90)+HARD_RISK_CAP(2.0%)+MAXLOSS_CAP;213159.25;213154.61;36;0
2026.08.13 02:31:17;XAUUSD;5;1786548909;SL_MODIFIED;ticket=119151126 oldSL=4424.68 newSL=4424.78 reason=hedge_giveback_lock;MANAGE_PROFIT;SAFE;2;0;1;-1;-1;4420.43;-4.04;12.55;3.66;-9.74;KELLY_LITE;true;0.04;213159.25;0.0417;KELLY_LITE(mult=1.25 taper=1.00 n=19)+ATR_VOL(0.75@8.90)+HARD_RISK_CAP(2.0%)+MAXLOSS_CAP;213159.25;213155.21;36;0
2026.08.13 02:31:18;XAUUSD;5;1786548909;SL_MODIFIED;ticket=119151126 oldSL=4424.78 newSL=4425.08 reason=hedge_giveback_lock;MANAGE_PROFIT;SAFE;2;0;1;-1;-1;4420.43;-4.02;12.60;3.66;-9.74;KELLY_LITE;true;0.04;213159.25;0.0417;KELLY_LITE(mult=1.25 taper=1.00 n=19)+ATR_VOL(0.75@8.90)+HARD_RISK_CAP(2.0%)+MAXLOSS_CAP;213159.25;213155.23;36;0
2026.08.13 02:31:22;XAUUSD;5;1786548909;SL_MODIFIED;ticket=119151126 oldSL=4425.08 newSL=4425.31 reason=hedge_giveback_lock;MANAGE_PROFIT;SAFE;2;0;1;-1;-1;4420.43;-3.42;14.10;3.66;-9.74;KELLY_LITE;true;0.04;213159.25;0.0417;KELLY_LITE(mult=1.25 taper=1.00 n=19)+ATR_VOL(0.75@8.90)+HARD_RISK_CAP(2.0%)+MAXLOSS_CAP;213159.25;213155.83;36;0
2026.08.13 02:31:23;XAUUSD;5;1786548909;SL_MODIFY_FAILED;ticket=119151126 newSL=4425.39 reason=hedge_giveback_lock err=0;MANAGE_PROFIT;SAFE;2;0;1;-1;-1;4420.43;-3.88;12.95;3.66;-9.74;KELLY_LITE;true;0.04;213159.25;0.0417;KELLY_LITE(mult=1.25 taper=1.00 n=19)+ATR_VOL(0.75@8.90)+HARD_RISK_CAP(2.0%)+MAXLOSS_CAP;213159.25;213155.37;36;0
2026.08.13 02:31:25;XAUUSD;5;1786548909;RECONCILED_BROKER_CLOSE;ticket=119151126 type=hedge pnl=11.10;MANAGE_PROFIT;SAFE;1;0;1;-1;-1;4420.43;-15.66;-15.66;3.66;-9.74;KELLY_LITE;true;0.04;213159.25;0.0417;KELLY_LITE(mult=1.25 taper=1.00 n=19)+ATR_VOL(0.75@8.90)+HARD_RISK_CAP(2.0%)+MAXLOSS_CAP;213170.35;213154.69;34;0
2026.08.13 02:31:25;XAUUSD;5;1786548909;RECONCILED_BROKER_CLOSE;ticket=119151126 type=hedge pnl=11.10;MANAGE_PROFIT;SAFE;1;0;1;-1;-1;4420.43;-15.66;-15.66;3.66;-9.74;KELLY_LITE;true;0.04;213159.25;0.0417;KELLY_LITE(mult=1.25 taper=1.00 n=19)+ATR_VOL(0.75@8.90)+HARD_RISK_CAP(2.0%)+MAXLOSS_CAP;213170.35;213154.69;34;0
2026.08.13 02:31:25;XAUUSD;5;1786548909;EXIT_SOFT_SL_MOMENTUM;profit=-15.66 rsi=51.9 dir=-1;MANAGE_PROFIT;SAFE;1;0;1;-1;-1;4420.43;-15.66;-15.66;3.66;-15.66;KELLY_LITE;true;0.04;213159.25;0.0417;KELLY_LITE(mult=1.25 taper=1.00 n=19)+ATR_VOL(0.75@8.90)+HARD_RISK_CAP(2.0%)+MAXLOSS_CAP;213170.35;213154.69;34;0
2026.08.13 02:31:25;XAUUSD;5;1786548909;POSITION_CLOSED;ticket=119149819 reason=soft_sl_momentum lots=0.03 price=4425.65 pnl=-15.66;MANAGE_PROFIT;SAFE;0;0;1;-1;-1;4420.43;0.00;0.00;3.66;-15.66;KELLY_LITE;true;0.04;213159.25;0.0417;KELLY_LITE(mult=1.25 taper=1.00 n=19)+ATR_VOL(0.75@8.90)+HARD_RISK_CAP(2.0%)+MAXLOSS_CAP;213155.38;213155.38;36;0
2026.08.13 02:31:25;XAUUSD;5;1786548909;CYCLE_RESET;oldState=RESET realizedPnL=-3.87 peak=3.66 worst=-15.66 pyramid=0 consLosses=2;RESET;SAFE;0;0;0;-1;-1;4420.43;0.00;0.00;3.66;-15.66;KELLY_LITE;true;0.04;213159.25;0.0417;KELLY_LITE(mult=1.25 taper=1.00 n=19)+ATR_VOL(0.75@8.90)+HARD_RISK_CAP(2.0%)+MAXLOSS_CAP;213155.38;213155.38;36;0
2026.08.13 02:36:25;XAUUSD;5;1786548909;FILTER_BLOCK_TREND_DISAGREE;TREND_DISAGREE (main=1 fast=-1 rsi=54.3, no extreme);BLOCKED;SAFE;0;0;0;-1;-1;0.00;0.00;0.00;0.00;0.00;KELLY_LITE;true;0.04;213159.25;0.0417;KELLY_LITE(mult=1.25 taper=1.00 n=19)+ATR_VOL(0.75@8.90)+HARD_RISK_CAP(2.0%)+MAXLOSS_CAP;213155.38;213155.38;36;0
2026.08.13 02:41:25;XAUUSD;5;1786548909;FILTER_BLOCK_TREND_DISAGREE;TREND_DISAGREE (main=1 fast=-1 rsi=50.6, no extreme);BLOCKED;SAFE;0;0;0;-1;-1;0.00;0.00;0.00;0.00;0.00;KELLY_LITE;true;0.04;213159.25;0.0417;KELLY_LITE(mult=1.25 taper=1.00 n=19)+ATR_VOL(0.75@8.90)+HARD_RISK_CAP(2.0%)+MAXLOSS_CAP;213155.38;213155.38;36;0
2026.08.13 02:46:25;XAUUSD;5;1786548909;FILTER_BLOCK_TREND_DISAGREE;TREND_DISAGREE (main=1 fast=-1 rsi=46.4, no extreme);BLOCKED;SAFE;0;0;0;-1;-1;0.00;0.00;0.00;0.00;0.00;KELLY_LITE;true;0.04;213159.25;0.0417;KELLY_LITE(mult=1.25 taper=1.00 n=19)+ATR_VOL(0.75@8.90)+HARD_RISK_CAP(2.0%)+MAXLOSS_CAP;213155.38;213155.38;36;0
2026.08.13 02:51:25;XAUUSD;5;1786548910;PLACE_PENDING_START;cycle=1786548910 trend=1 consecLosses=2 preset=AGGRESSIVE;PLACE_PENDING;SAFE;0;0;0;-1;-1;0.00;0.00;0.00;0.00;0.00;KELLY_LITE;true;0.04;213159.25;0.0417;KELLY_LITE(mult=1.25 taper=1.00 n=19)+ATR_VOL(0.75@8.90)+HARD_RISK_CAP(2.0%)+MAXLOSS_CAP;213155.38;213155.38;36;0
2026.08.13 02:51:25;XAUUSD;5;1786548910;DIR_OCO_PLACED;dir=BULL ticket=119158787 price=4415.23 sl=4400.23 tp=4437.73 lot=0.04 dist=2.85;PLACE_PENDING;SAFE;0;1;0;119158787;-1;0.00;0.00;0.00;0.00;0.00;KELLY_LITE;true;0.04;213155.38;0.0417;KELLY_LITE(mult=1.20 taper=1.00 n=20)+HARD_RISK_CAP(2.0%)+MAXLOSS_CAP;213155.38;213155.38;36;0
2026.08.13 02:51:25;XAUUSD;5;1786548910;DIR_OCO_COUNTER_PLACED;dir=BEAR(counter) ticket=119158791 price=4409.41 lot=0.03;PLACE_PENDING;SAFE;0;2;0;119158787;119158791;0.00;0.00;0.00;0.00;0.00;KELLY_LITE;true;0.04;213155.38;0.0417;KELLY_LITE(mult=1.20 taper=1.00 n=20)+HARD_RISK_CAP(2.0%)+MAXLOSS_CAP;213155.38;213155.38;36;0
2026.08.13 02:51:37;XAUUSD;5;1786548910;BUY_STOP_TRAILED;Old=4415.23 New=4414.92;WAIT_TRIGGER;SAFE;0;2;0;119158787;119158791;0.00;0.00;0.00;0.00;0.00;KELLY_LITE;true;0.04;213155.38;0.0417;KELLY_LITE(mult=1.20 taper=1.00 n=20)+HARD_RISK_CAP(2.0%)+MAXLOSS_CAP;213155.38;213155.38;36;0
2026.08.13 02:51:40;XAUUSD;5;1786548910;SELL_STOP_TRAILED;Old=4409.41 New=4409.74;WAIT_TRIGGER;SAFE;0;2;0;119158787;119158791;0.00;0.00;0.00;0.00;0.00;KELLY_LITE;true;0.04;213155.38;0.0417;KELLY_LITE(mult=1.20 taper=1.00 n=20)+HARD_RISK_CAP(2.0%)+MAXLOSS_CAP;213155.38;213155.38;36;0
2026.08.13 02:51:41;XAUUSD;5;1786548910;SELL_STOP_TRAILED;Old=4409.74 New=4410.05;WAIT_TRIGGER;SAFE;0;2;0;119158787;119158791;0.00;0.00;0.00;0.00;0.00;KELLY_LITE;true;0.04;213155.38;0.0417;KELLY_LITE(mult=1.20 taper=1.00 n=20)+HARD_RISK_CAP(2.0%)+MAXLOSS_CAP;213155.38;213155.38;36;0
2026.08.13 02:51:42;XAUUSD;5;1786548910;SELL_STOP_TRAILED;Old=4410.05 New=4410.38;WAIT_TRIGGER;SAFE;0;2;0;119158787;119158791;0.00;0.00;0.00;0.00;0.00;KELLY_LITE;true;0.04;213155.38;0.0417;KELLY_LITE(mult=1.20 taper=1.00 n=20)+HARD_RISK_CAP(2.0%)+MAXLOSS_CAP;213155.38;213155.38;35;0
2026.08.13 02:52:00;XAUUSD;5;1786548910;BUY_STOP_TRAILED;Old=4414.92 New=4414.53;WAIT_TRIGGER;SAFE;0;2;0;119158787;119158791;0.00;0.00;0.00;0.00;0.00;KELLY_LITE;true;0.04;213155.38;0.0417;KELLY_LITE(mult=1.20 taper=1.00 n=20)+HARD_RISK_CAP(2.0%)+MAXLOSS_CAP;213155.38;213155.38;37;0
2026.08.13 02:52:01;XAUUSD;5;1786548910;BUY_STOP_TRAILED;Old=4414.53 New=4414.20;WAIT_TRIGGER;SAFE;0;2;0;119158787;119158791;0.00;0.00;0.00;0.00;0.00;KELLY_LITE;true;0.04;213155.38;0.0417;KELLY_LITE(mult=1.20 taper=1.00 n=20)+HARD_RISK_CAP(2.0%)+MAXLOSS_CAP;213155.38;213155.38;36;0
2026.08.13 02:52:03;XAUUSD;5;1786548910;BUY_STOP_TRAILED;Old=4414.20 New=4413.71;WAIT_TRIGGER;SAFE;0;2;0;119158787;119158791;0.00;0.00;0.00;0.00;0.00;KELLY_LITE;true;0.04;213155.38;0.0417;KELLY_LITE(mult=1.20 taper=1.00 n=20)+HARD_RISK_CAP(2.0%)+MAXLOSS_CAP;213155.38;213155.38;36;0
2026.08.13 02:52:04;XAUUSD;5;1786548910;OCO_TRIGGERED_SELL;ticket=119158791 entry=4410.38;POSITION_ACTIVE;SAFE;1;1;0;119158787;-1;0.00;-0.93;-0.93;0.00;0.00;KELLY_LITE;true;0.04;213155.38;0.0417;KELLY_LITE(mult=1.20 taper=1.00 n=20)+HARD_RISK_CAP(2.0%)+MAXLOSS_CAP;213155.38;213154.45;36;0
2026.08.13 02:52:05;XAUUSD;5;1786548910;PENDING_DELETED;ticket=119158787 reason=oco_sell_triggered;POSITION_ACTIVE;SAFE;1;0;0;119158787;-1;0.00;-0.24;-0.24;0.00;0.00;KELLY_LITE;true;0.04;213155.38;0.0417;KELLY_LITE(mult=1.20 taper=1.00 n=20)+HARD_RISK_CAP(2.0%)+MAXLOSS_CAP;213155.38;213155.14;37;0
2026.08.13 02:52:05;XAUUSD;5;1786548910;HEDGE_PENDING_PLACED;dir=BUY_STOP ticket=119158994 price=4413.46 sl=4410.46 lot=0.05 mainEntry=4410.38 dist=3.00 confirmBars=1;POSITION_ACTIVE;SAFE;1;1;1;-1;-1;4410.38;-0.48;-0.48;0.00;-0.24;KELLY_LITE;true;0.04;213155.38;0.0417;KELLY_LITE(mult=1.20 taper=1.00 n=20)+HARD_RISK_CAP(2.0%)+MAXLOSS_CAP;213155.38;213154.90;36;0
2026.08.13 02:53:39;XAUUSD;5;1786548910;SL_MODIFIED;ticket=119158994 oldSL=4410.46 newSL=4413.25 reason=hedge_giveback_lock (retry buf=8pt);MANAGE_PROFIT;SAFE;2;0;1;-1;-1;4410.38;-9.74;1.45;2.19;-11.68;KELLY_LITE;true;0.04;213155.38;0.0417;KELLY_LITE(mult=1.20 taper=1.00 n=20)+HARD_RISK_CAP(2.0%)+MAXLOSS_CAP;213155.38;213145.64;36;0
2026.08.13 02:53:41;XAUUSD;5;1786548910;SL_MODIFIED;ticket=119158994 oldSL=4413.25 newSL=4413.41 reason=hedge_giveback_lock;MANAGE_PROFIT;SAFE;2;0;1;-1;-1;4410.38;-8.97;1.65;2.19;-11.68;KELLY_LITE;true;0.04;213155.38;0.0417;KELLY_LITE(mult=1.20 taper=1.00 n=20)+HARD_RISK_CAP(2.0%)+MAXLOSS_CAP;213155.38;213146.41;33;0
2026.08.13 02:53:41;XAUUSD;5;1786548910;SL_MODIFIED;ticket=119158994 oldSL=4413.41 newSL=4413.46 reason=hedge_giveback_lock;MANAGE_PROFIT;SAFE;2;0;1;-1;-1;4410.38;-9.07;3.05;2.19;-11.68;KELLY_LITE;true;0.04;213155.38;0.0417;KELLY_LITE(mult=1.20 taper=1.00 n=20)+HARD_RISK_CAP(2.0%)+MAXLOSS_CAP;213155.38;213146.31;35;0
2026.08.13 02:53:42;XAUUSD;5;1786548910;SL_MODIFIED;ticket=119158994 oldSL=4413.46 newSL=4413.55 reason=hedge_giveback_lock;MANAGE_PROFIT;SAFE;2;0;1;-1;-1;4410.38;-8.92;3.50;2.19;-11.68;KELLY_LITE;true;0.04;213155.38;0.0417;KELLY_LITE(mult=1.20 taper=1.00 n=20)+HARD_RISK_CAP(2.0%)+MAXLOSS_CAP;213155.38;213146.46;36;0
2026.08.13 02:53:42;XAUUSD;5;1786548910;SL_MODIFIED;ticket=119158994 oldSL=4413.55 newSL=4413.64 reason=hedge_giveback_lock;MANAGE_PROFIT;SAFE;2;0;1;-1;-1;4410.38;-8.08;5.60;2.19;-11.68;KELLY_LITE;true;0.04;213155.38;0.0417;KELLY_LITE(mult=1.20 taper=1.00 n=20)+HARD_RISK_CAP(2.0%)+MAXLOSS_CAP;213155.38;213147.30;36;0
2026.08.13 02:53:44;XAUUSD;5;1786548910;SL_MODIFIED;ticket=119158994 oldSL=4413.64 newSL=4413.77 reason=hedge_giveback_lock (retry buf=8pt);MANAGE_PROFIT;SAFE;2;0;1;-1;-1;4410.38;-9.04;3.20;2.19;-11.68;KELLY_LITE;true;0.04;213155.38;0.0417;KELLY_LITE(mult=1.20 taper=1.00 n=20)+HARD_RISK_CAP(2.0%)+MAXLOSS_CAP;213155.38;213146.34;36;0
2026.08.13 02:53:47;XAUUSD;5;1786548910;SL_MODIFIED;ticket=119158994 oldSL=4413.77 newSL=4413.82 reason=hedge_giveback_lock (retry buf=3pt);MANAGE_PROFIT;SAFE;2;0;1;-1;-1;4410.38;-8.40;4.80;2.19;-11.68;KELLY_LITE;true;0.04;213155.38;0.0417;KELLY_LITE(mult=1.20 taper=1.00 n=20)+HARD_RISK_CAP(2.0%)+MAXLOSS_CAP;213155.38;213146.98;36;0
2026.08.13 02:53:47;XAUUSD;5;1786548910;SL_MODIFIED;ticket=119158994 oldSL=4413.82 newSL=4413.87 reason=hedge_giveback_lock;MANAGE_PROFIT;SAFE;2;0;1;-1;-1;4410.38;-8.50;4.55;2.19;-11.68;KELLY_LITE;true;0.04;213155.38;0.0417;KELLY_LITE(mult=1.20 taper=1.00 n=20)+HARD_RISK_CAP(2.0%)+MAXLOSS_CAP;213155.38;213146.88;36;0
2026.08.13 02:53:50;XAUUSD;5;1786548910;SL_MODIFIED;ticket=119158994 oldSL=4413.87 newSL=4413.89 reason=hedge_giveback_lock;MANAGE_PROFIT;SAFE;2;0;1;-1;-1;4410.38;-8.44;4.70;2.19;-11.68;KELLY_LITE;true;0.04;213155.38;0.0417;KELLY_LITE(mult=1.20 taper=1.00 n=20)+HARD_RISK_CAP(2.0%)+MAXLOSS_CAP;213155.38;213146.94;36;0
2026.08.13 02:53:51;XAUUSD;5;1786548910;SL_MODIFIED;ticket=119158994 oldSL=4413.89 newSL=4414.19 reason=hedge_giveback_lock;MANAGE_PROFIT;SAFE;2;0;1;-1;-1;4410.38;-7.78;6.35;2.19;-11.68;KELLY_LITE;true;0.04;213155.38;0.0417;KELLY_LITE(mult=1.20 taper=1.00 n=20)+HARD_RISK_CAP(2.0%)+MAXLOSS_CAP;213155.38;213147.60;36;0
2026.08.13 02:53:51;XAUUSD;5;1786548910;SL_MODIFY_FAILED;ticket=119158994 newSL=4414.21 reason=hedge_giveback_lock err=0;MANAGE_PROFIT;SAFE;2;0;1;-1;-1;4410.38;-8.00;5.65;2.19;-11.68;KELLY_LITE;true;0.04;213155.38;0.0417;KELLY_LITE(mult=1.20 taper=1.00 n=20)+HARD_RISK_CAP(2.0%)+MAXLOSS_CAP;213155.38;213147.38;34;0
2026.08.13 02:53:56;XAUUSD;5;1786548910;SL_MODIFIED;ticket=119158994 oldSL=4414.19 newSL=4414.23 reason=hedge_giveback_lock;MANAGE_PROFIT;SAFE;2;0;1;-1;-1;4410.38;-7.76;6.40;2.19;-11.68;KELLY_LITE;true;0.04;213155.38;0.0417;KELLY_LITE(mult=1.20 taper=1.00 n=20)+HARD_RISK_CAP(2.0%)+MAXLOSS_CAP;213155.38;213147.62;36;0
2026.08.13 02:54:00;XAUUSD;5;1786548910;SL_MODIFIED;ticket=119158994 oldSL=4414.23 newSL=4414.25 reason=hedge_giveback_lock;MANAGE_PROFIT;SAFE;2;0;1;-1;-1;4410.38;-7.74;6.45;2.19;-11.68;KELLY_LITE;true;0.04;213155.38;0.0417;KELLY_LITE(mult=1.20 taper=1.00 n=20)+HARD_RISK_CAP(2.0%)+MAXLOSS_CAP;213155.38;213147.64;36;0
2026.08.13 02:54:04;XAUUSD;5;1786548910;POSITION_CLOSED;ticket=119158994 reason=hedge_reversal_giveback_cap lots=0.05 price=4414.35 pnl=4.45;MANAGE_PROFIT;SAFE;1;0;1;-1;-1;4410.38;-12.90;-12.90;2.19;-11.68;KELLY_LITE;true;0.04;213155.38;0.0417;KELLY_LITE(mult=1.20 taper=1.00 n=20)+HARD_RISK_CAP(2.0%)+MAXLOSS_CAP;213159.68;213146.78;36;0
2026.08.13 02:54:04;XAUUSD;5;1786548910;HEDGE_CLOSED_REVERSAL;profit=4.45 peak=7.35 giveback=2.90 cap=2.50 reason=giveback_cap ok=1;MANAGE_PROFIT;SAFE;1;0;1;-1;-1;4410.38;-12.90;-12.90;2.19;-11.68;KELLY_LITE;true;0.04;213155.38;0.0417;KELLY_LITE(mult=1.20 taper=1.00 n=20)+HARD_RISK_CAP(2.0%)+MAXLOSS_CAP;213159.68;213146.78;36;0
2026.08.13 02:58:11;XAUUSD;5;1786548910;SL_MODIFIED;ticket=119158791 oldSL=4422.38 newSL=4408.23 reason=break_even_lock_leg_0;MANAGE_PROFIT;SAFE;1;0;1;-1;-1;4410.38;8.61;8.61;8.01;-17.88;KELLY_LITE;true;0.04;213155.38;0.0417;KELLY_LITE(mult=1.20 taper=1.00 n=20)+HARD_RISK_CAP(2.0%)+MAXLOSS_CAP;213159.68;213168.29;36;0
2026.08.13 02:58:11;XAUUSD;5;1786548910;PROFIT_RATCHET_LOCKED;floor=3.40 peak=8.01;MANAGE_PROFIT;SAFE;1;0;1;-1;-1;4410.38;8.61;8.61;8.01;-17.88;KELLY_LITE;true;0.04;213155.38;0.0417;KELLY_LITE(mult=1.20 taper=1.00 n=20)+HARD_RISK_CAP(2.0%)+MAXLOSS_CAP;213159.68;213168.29;36;0
2026.08.13 02:58:11;XAUUSD;5;1786548910;SL_MODIFY_FAILED;ticket=119158791 newSL=4408.03 reason=break_even_lock_leg_0 err=0;MANAGE_PROFIT;SAFE;1;0;1;-1;-1;4410.38;7.08;7.08;8.61;-17.88;KELLY_LITE;true;0.04;213155.38;0.0417;KELLY_LITE(mult=1.20 taper=1.00 n=20)+HARD_RISK_CAP(2.0%)+MAXLOSS_CAP;213159.68;213166.76;33;0
2026.08.13 02:58:11;XAUUSD;5;1786548910;PROFIT_RATCHET_LOCKED;floor=3.66 peak=8.61;MANAGE_PROFIT;SAFE;1;0;1;-1;-1;4410.38;7.08;7.08;8.61;-17.88;KELLY_LITE;true;0.04;213155.38;0.0417;KELLY_LITE(mult=1.20 taper=1.00 n=20)+HARD_RISK_CAP(2.0%)+MAXLOSS_CAP;213159.68;213166.76;33;0
2026.08.13 02:58:11;XAUUSD;5;1786548910;EXIT_TIERED_TRAIL;profit=7.08 peak=8.61 allowedRetrace=1.29;MANAGE_PROFIT;SAFE;1;0;1;-1;-1;4410.38;7.08;7.08;8.61;-17.88;KELLY_LITE;true;0.04;213155.38;0.0417;KELLY_LITE(mult=1.20 taper=1.00 n=20)+HARD_RISK_CAP(2.0%)+MAXLOSS_CAP;213159.68;213166.76;33;0
2026.08.13 02:58:12;XAUUSD;5;1786548910;POSITION_CLOSED;ticket=119158791 reason=tiered_profit_trail lots=0.03 price=4408.02 pnl=7.08;MANAGE_PROFIT;SAFE;0;0;1;-1;-1;4410.38;0.00;0.00;8.61;-17.88;KELLY_LITE;true;0.04;213155.38;0.0417;KELLY_LITE(mult=1.20 taper=1.00 n=20)+HARD_RISK_CAP(2.0%)+MAXLOSS_CAP;213166.64;213166.64;33;0
2026.08.13 02:58:12;XAUUSD;5;1786548910;CYCLE_RESET;oldState=RESET realizedPnL=11.26 peak=8.61 worst=-17.88 pyramid=0 consLosses=0;RESET;SAFE;0;0;0;-1;-1;4410.38;0.00;0.00;8.61;-17.88;KELLY_LITE;true;0.04;213155.38;0.0417;KELLY_LITE(mult=1.20 taper=1.00 n=20)+HARD_RISK_CAP(2.0%)+MAXLOSS_CAP;213166.64;213166.64;33;0
2026.08.13 03:03:12;XAUUSD;5;1786548911;PLACE_PENDING_START;cycle=1786548911 trend=1 consecLosses=0 preset=AGGRESSIVE;PLACE_PENDING;SAFE;0;0;0;-1;-1;0.00;0.00;0.00;0.00;0.00;KELLY_LITE;true;0.04;213155.38;0.0417;KELLY_LITE(mult=1.20 taper=1.00 n=20)+HARD_RISK_CAP(2.0%)+MAXLOSS_CAP;213166.64;213166.64;36;0
2026.08.13 03:03:12;XAUUSD;5;1786548911;DIR_OCO_PLACED;dir=BULL ticket=119162689 price=4409.66 sl=4394.66 tp=4432.16 lot=0.04 dist=2.93;PLACE_PENDING;SAFE;0;1;0;119162689;-1;0.00;0.00;0.00;0.00;0.00;KELLY_LITE;true;0.04;213166.64;0.0417;KELLY_LITE(mult=1.20 taper=1.00 n=20)+HARD_RISK_CAP(2.0%)+MAXLOSS_CAP;213166.64;213166.64;36;0
2026.08.13 03:03:13;XAUUSD;5;1786548911;DIR_OCO_COUNTER_PLACED;dir=BEAR(counter) ticket=119162690 price=4403.88 lot=0.03;PLACE_PENDING;SAFE;0;2;0;119162689;119162690;0.00;0.00;0.00;0.00;0.00;KELLY_LITE;true;0.04;213166.64;0.0417;KELLY_LITE(mult=1.20 taper=1.00 n=20)+HARD_RISK_CAP(2.0%)+MAXLOSS_CAP;213166.64;213166.64;36;0
2026.08.13 03:03:17;XAUUSD;5;1786548911;SELL_STOP_TRAILED;Old=4403.88 New=4404.22;WAIT_TRIGGER;SAFE;0;2;0;119162689;119162690;0.00;0.00;0.00;0.00;0.00;KELLY_LITE;true;0.04;213166.64;0.0417;KELLY_LITE(mult=1.20 taper=1.00 n=20)+HARD_RISK_CAP(2.0%)+MAXLOSS_CAP;213166.64;213166.64;36;0
2026.08.13 03:03:25;XAUUSD;5;1786548911;SELL_STOP_TRAILED;Old=4404.22 New=4404.61;WAIT_TRIGGER;SAFE;0;2;0;119162689;119162690;0.00;0.00;0.00;0.00;0.00;KELLY_LITE;true;0.04;213166.64;0.0417;KELLY_LITE(mult=1.20 taper=1.00 n=20)+HARD_RISK_CAP(2.0%)+MAXLOSS_CAP;213166.64;213166.64;36;0
2026.08.13 03:03:52;XAUUSD;5;1786548911;SELL_STOP_TRAILED;Old=4404.61 New=4405.08;WAIT_TRIGGER;SAFE;0;2;0;119162689;119162690;0.00;0.00;0.00;0.00;0.00;KELLY_LITE;true;0.04;213166.64;0.0417;KELLY_LITE(mult=1.20 taper=1.00 n=20)+HARD_RISK_CAP(2.0%)+MAXLOSS_CAP;213166.64;213166.64;33;0
2026.08.13 03:04:51;XAUUSD;5;1786548911;SELL_STOP_TRAILED;Old=4405.08 New=4405.47;WAIT_TRIGGER;SAFE;0;2;0;119162689;119162690;0.00;0.00;0.00;0.00;0.00;KELLY_LITE;true;0.04;213166.64;0.0417;KELLY_LITE(mult=1.20 taper=1.00 n=20)+HARD_RISK_CAP(2.0%)+MAXLOSS_CAP;213166.64;213166.64;33;0
2026.08.13 03:05:19;XAUUSD;5;1786548911;SELL_STOP_TRAILED;Old=4405.47 New=4405.89;WAIT_TRIGGER;SAFE;0;2;0;119162689;119162690;0.00;0.00;0.00;0.00;0.00;KELLY_LITE;true;0.04;213166.64;0.0417;KELLY_LITE(mult=1.20 taper=1.00 n=20)+HARD_RISK_CAP(2.0%)+MAXLOSS_CAP;213166.64;213166.64;36;0
2026.08.13 03:05:27;XAUUSD;5;1786548911;SELL_STOP_TRAILED;Old=4405.89 New=4406.25;WAIT_TRIGGER;SAFE;0;2;0;119162689;119162690;0.00;0.00;0.00;0.00;0.00;KELLY_LITE;true;0.04;213166.64;0.0417;KELLY_LITE(mult=1.20 taper=1.00 n=20)+HARD_RISK_CAP(2.0%)+MAXLOSS_CAP;213166.64;213166.64;36;0
2026.08.13 03:05:45;XAUUSD;5;1786548911;OCO_TRIGGERED_BUY;ticket=119162689 entry=4409.66;POSITION_ACTIVE;SAFE;1;1;0;-1;119162690;0.00;-1.04;-1.04;0.00;0.00;KELLY_LITE;true;0.04;213166.64;0.0417;KELLY_LITE(mult=1.20 taper=1.00 n=20)+HARD_RISK_CAP(2.0%)+MAXLOSS_CAP;213166.64;213165.60;36;0
2026.08.13 03:05:46;XAUUSD;5;1786548911;PENDING_DELETED;ticket=119162690 reason=oco_buy_triggered;POSITION_ACTIVE;SAFE;1;0;0;-1;119162690;0.00;-1.32;-1.32;0.00;0.00;KELLY_LITE;true;0.04;213166.64;0.0417;KELLY_LITE(mult=1.20 taper=1.00 n=20)+HARD_RISK_CAP(2.0%)+MAXLOSS_CAP;213166.64;213165.32;36;0
2026.08.13 03:05:46;XAUUSD;5;1786548911;HEDGE_PENDING_PLACED;dir=SELL_STOP ticket=119163337 price=4406.33 sl=4409.33 lot=0.05 mainEntry=4409.66 dist=3.00 confirmBars=1;POSITION_ACTIVE;SAFE;1;1;1;-1;-1;4409.66;-1.04;-1.04;0.00;-1.32;KELLY_LITE;true;0.04;213166.64;0.0417;KELLY_LITE(mult=1.20 taper=1.00 n=20)+HARD_RISK_CAP(2.0%)+MAXLOSS_CAP;213166.64;213165.60;36;0
2026.08.13 03:06:14;XAUUSD;5;1786548911;EXIT_SOFT_SL_MOMENTUM;profit=-12.12 rsi=38.1 dir=1;MANAGE_PROFIT;SAFE;1;1;1;-1;-1;4409.66;-12.12;-12.12;0.08;-12.12;KELLY_LITE;true;0.04;213166.64;0.0417;KELLY_LITE(mult=1.20 taper=1.00 n=20)+HARD_RISK_CAP(2.0%)+MAXLOSS_CAP;213166.64;213154.52;36;0
2026.08.13 03:06:14;XAUUSD;5;1786548911;POSITION_CLOSED;ticket=119162689 reason=soft_sl_momentum lots=0.04 price=4406.63 pnl=-12.12;MANAGE_PROFIT;SAFE;0;1;1;-1;-1;4409.66;0.00;0.00;0.08;-12.12;KELLY_LITE;true;0.04;213166.64;0.0417;KELLY_LITE(mult=1.20 taper=1.00 n=20)+HARD_RISK_CAP(2.0%)+MAXLOSS_CAP;213154.28;213154.28;36;0
2026.08.13 03:06:15;XAUUSD;5;1786548911;PENDING_DELETED;ticket=119163337 reason=close_all_hedge;MANAGE_PROFIT;SAFE;0;0;0;-1;-1;4409.66;0.00;0.00;0.08;-12.12;KELLY_LITE;true;0.04;213166.64;0.0417;KELLY_LITE(mult=1.20 taper=1.00 n=20)+HARD_RISK_CAP(2.0%)+MAXLOSS_CAP;213154.28;213154.28;36;0
2026.08.13 03:06:15;XAUUSD;5;1786548911;CYCLE_RESET;oldState=RESET realizedPnL=-12.36 peak=0.08 worst=-12.12 pyramid=0 consLosses=1;RESET;SAFE;0;0;0;-1;-1;4409.66;0.00;0.00;0.08;-12.12;KELLY_LITE;true;0.04;213166.64;0.0417;KELLY_LITE(mult=1.20 taper=1.00 n=20)+HARD_RISK_CAP(2.0%)+MAXLOSS_CAP;213154.28;213154.28;36;0
2026.08.13 03:11:16;XAUUSD;5;1786548912;PLACE_PENDING_START;cycle=1786548912 trend=1 consecLosses=1 preset=AGGRESSIVE;PLACE_PENDING;SAFE;0;0;0;-1;-1;0.00;0.00;0.00;0.00;0.00;KELLY_LITE;true;0.04;213166.64;0.0417;KELLY_LITE(mult=1.20 taper=1.00 n=20)+HARD_RISK_CAP(2.0%)+MAXLOSS_CAP;213154.28;213154.28;33;0
2026.08.13 03:11:16;XAUUSD;5;1786548912;DIR_OCO_PLACED;dir=BULL ticket=119165110 price=4415.96 sl=4400.96 tp=4438.46 lot=0.04 dist=2.69;PLACE_PENDING;SAFE;0;1;0;119165110;-1;0.00;0.00;0.00;0.00;0.00;KELLY_LITE;true;0.04;213154.28;0.0417;KELLY_LITE(mult=1.10 taper=1.00 n=20)+HARD_RISK_CAP(2.0%)+MAXLOSS_CAP;213154.28;213154.28;36;0
2026.08.13 03:11:17;XAUUSD;5;1786548912;DIR_OCO_COUNTER_PLACED;dir=BEAR(counter) ticket=119165114 price=4410.27 lot=0.03;PLACE_PENDING;SAFE;0;2;0;119165110;119165114;0.00;0.00;0.00;0.00;0.00;KELLY_LITE;true;0.04;213154.28;0.0417;KELLY_LITE(mult=1.10 taper=1.00 n=20)+HARD_RISK_CAP(2.0%)+MAXLOSS_CAP;213154.28;213154.28;36;0
2026.08.13 03:11:21;XAUUSD;5;1786548912;SELL_STOP_TRAILED;Old=4410.27 New=4410.58;WAIT_TRIGGER;SAFE;0;2;0;119165110;119165114;0.00;0.00;0.00;0.00;0.00;KELLY_LITE;true;0.04;213154.28;0.0417;KELLY_LITE(mult=1.10 taper=1.00 n=20)+HARD_RISK_CAP(2.0%)+MAXLOSS_CAP;213154.28;213154.28;36;0
2026.08.13 03:11:32;XAUUSD;5;1786548912;BUY_STOP_TRAILED;Old=4415.96 New=4415.61;WAIT_TRIGGER;SAFE;0;2;0;119165110;119165114;0.00;0.00;0.00;0.00;0.00;KELLY_LITE;true;0.04;213154.28;0.0417;KELLY_LITE(mult=1.10 taper=1.00 n=20)+HARD_RISK_CAP(2.0%)+MAXLOSS_CAP;213154.28;213154.28;36;0
2026.08.13 03:11:54;XAUUSD;5;1786548912;BUY_STOP_TRAILED;Old=4415.61 New=4415.26;WAIT_TRIGGER;SAFE;0;2;0;119165110;119165114;0.00;0.00;0.00;0.00;0.00;KELLY_LITE;true;0.04;213154.28;0.0417;KELLY_LITE(mult=1.10 taper=1.00 n=20)+HARD_RISK_CAP(2.0%)+MAXLOSS_CAP;213154.28;213154.28;36;0
2026.08.13 03:12:04;XAUUSD;5;1786548912;BUY_STOP_TRAILED;Old=4415.26 New=4414.81;WAIT_TRIGGER;SAFE;0;2;0;119165110;119165114;0.00;0.00;0.00;0.00;0.00;KELLY_LITE;true;0.04;213154.28;0.0417;KELLY_LITE(mult=1.10 taper=1.00 n=20)+HARD_RISK_CAP(2.0%)+MAXLOSS_CAP;213154.28;213154.28;36;0
2026.08.13 03:12:35;XAUUSD;5;1786548912;BUY_STOP_TRAILED;Old=4414.81 New=4414.50;WAIT_TRIGGER;SAFE;0;2;0;119165110;119165114;0.00;0.00;0.00;0.00;0.00;KELLY_LITE;true;0.04;213154.28;0.0417;KELLY_LITE(mult=1.10 taper=1.00 n=20)+HARD_RISK_CAP(2.0%)+MAXLOSS_CAP;213154.28;213154.28;36;0
2026.08.13 03:12:44;XAUUSD;5;1786548912;BUY_STOP_TRAILED;Old=4414.50 New=4414.18;WAIT_TRIGGER;SAFE;0;2;0;119165110;119165114;0.00;0.00;0.00;0.00;0.00;KELLY_LITE;true;0.04;213154.28;0.0417;KELLY_LITE(mult=1.10 taper=1.00 n=20)+HARD_RISK_CAP(2.0%)+MAXLOSS_CAP;213154.28;213154.28;36;0
2026.08.13 03:13:30;XAUUSD;5;1786548912;BUY_STOP_TRAILED;Old=4414.18 New=4413.65;WAIT_TRIGGER;SAFE;1;1;0;119165110;119165114;0.00;-1.41;-1.41;0.00;0.00;KELLY_LITE;true;0.04;213154.28;0.0417;KELLY_LITE(mult=1.10 taper=1.00 n=20)+HARD_RISK_CAP(2.0%)+MAXLOSS_CAP;213154.28;213152.87;33;0
2026.08.13 03:13:30;XAUUSD;5;1786548912;OCO_TRIGGERED_SELL;ticket=119165114 entry=4410.58;POSITION_ACTIVE;SAFE;1;1;0;119165110;-1;0.00;-1.41;-1.41;0.00;0.00;KELLY_LITE;true;0.04;213154.28;0.0417;KELLY_LITE(mult=1.10 taper=1.00 n=20)+HARD_RISK_CAP(2.0%)+MAXLOSS_CAP;213154.28;213152.87;33;0
2026.08.13 03:13:30;XAUUSD;5;1786548912;PENDING_DELETED;ticket=119165110 reason=oco_sell_triggered;POSITION_ACTIVE;SAFE;1;0;0;119165110;-1;0.00;-2.01;-2.01;0.00;0.00;KELLY_LITE;true;0.04;213154.28;0.0417;KELLY_LITE(mult=1.10 taper=1.00 n=20)+HARD_RISK_CAP(2.0%)+MAXLOSS_CAP;213154.28;213152.27;36;0
2026.08.13 03:13:31;XAUUSD;5;1786548912;HEDGE_PENDING_PLACED;dir=BUY_STOP ticket=119165669 price=4414.25 sl=4411.25 lot=0.05 mainEntry=4410.58 dist=3.00 confirmBars=1;POSITION_ACTIVE;SAFE;1;1;1;-1;-1;4410.58;-2.10;-2.10;0.00;-2.01;KELLY_LITE;true;0.04;213154.28;0.0417;KELLY_LITE(mult=1.10 taper=1.00 n=20)+HARD_RISK_CAP(2.0%)+MAXLOSS_CAP;213154.28;213152.18;36;0
2026.08.13 03:23:29;XAUUSD;5;1786548912;EXIT_TIME_PROFIT_LOCK;held=10 profit=4.26;MANAGE_PROFIT;SAFE;1;1;1;-1;-1;4410.58;4.26;4.26;4.92;-6.39;KELLY_LITE;true;0.04;213154.28;0.0417;KELLY_LITE(mult=1.10 taper=1.00 n=20)+HARD_RISK_CAP(2.0%)+MAXLOSS_CAP;213154.28;213158.54;36;0
2026.08.13 03:23:29;XAUUSD;5;1786548912;POSITION_CLOSED;ticket=119165114 reason=time_exit_profit_lock lots=0.03 price=4409.16 pnl=4.26;MANAGE_PROFIT;SAFE;0;1;1;-1;-1;4410.58;0.00;0.00;4.92;-6.39;KELLY_LITE;true;0.04;213154.28;0.0417;KELLY_LITE(mult=1.10 taper=1.00 n=20)+HARD_RISK_CAP(2.0%)+MAXLOSS_CAP;213158.51;213158.51;36;0
2026.08.13 03:23:30;XAUUSD;5;1786548912;PENDING_DELETED;ticket=119165669 reason=close_all_hedge;MANAGE_PROFIT;SAFE;0;0;0;-1;-1;4410.58;0.00;0.00;4.92;-6.39;KELLY_LITE;true;0.04;213154.28;0.0417;KELLY_LITE(mult=1.10 taper=1.00 n=20)+HARD_RISK_CAP(2.0%)+MAXLOSS_CAP;213158.51;213158.51;36;0
2026.08.13 03:23:30;XAUUSD;5;1786548912;CYCLE_RESET;oldState=RESET realizedPnL=4.23 peak=4.92 worst=-6.39 pyramid=0 consLosses=0;RESET;SAFE;0;0;0;-1;-1;4410.58;0.00;0.00;4.92;-6.39;KELLY_LITE;true;0.04;213154.28;0.0417;KELLY_LITE(mult=1.10 taper=1.00 n=20)+HARD_RISK_CAP(2.0%)+MAXLOSS_CAP;213158.51;213158.51;36;0
2026.08.13 03:28:30;XAUUSD;5;1786548912;FILTER_BLOCK_TREND;TREND_NEUTRAL_EMA;BLOCKED;SAFE;0;0;0;-1;-1;0.00;0.00;0.00;0.00;0.00;KELLY_LITE;true;0.04;213154.28;0.0417;KELLY_LITE(mult=1.10 taper=1.00 n=20)+HARD_RISK_CAP(2.0%)+MAXLOSS_CAP;213158.51;213158.51;36;0
2026.08.13 03:33:30;XAUUSD;5;1786548912;FILTER_BLOCK_TREND;TREND_NEUTRAL_EMA;BLOCKED;SAFE;0;0;0;-1;-1;0.00;0.00;0.00;0.00;0.00;KELLY_LITE;true;0.04;213154.28;0.0417;KELLY_LITE(mult=1.10 taper=1.00 n=20)+HARD_RISK_CAP(2.0%)+MAXLOSS_CAP;213158.51;213158.51;34;0
2026.08.13 03:38:30;XAUUSD;5;1786548913;PLACE_PENDING_START;cycle=1786548913 trend=-1 consecLosses=0 preset=AGGRESSIVE;PLACE_PENDING;SAFE;0;0;0;-1;-1;0.00;0.00;0.00;0.00;0.00;KELLY_LITE;true;0.04;213154.28;0.0417;KELLY_LITE(mult=1.10 taper=1.00 n=20)+HARD_RISK_CAP(2.0%)+MAXLOSS_CAP;213158.51;213158.51;36;0
2026.08.13 03:38:30;XAUUSD;5;1786548913;DIR_OCO_PLACED;dir=BEAR ticket=119172542 price=4401.64 sl=4416.64 tp=4379.14 lot=0.03 dist=2.47;PLACE_PENDING;SAFE;0;1;0;-1;119172542;0.00;0.00;0.00;0.00;0.00;KELLY_LITE;true;0.04;213158.51;0.0417;KELLY_LITE(mult=1.10 taper=1.00 n=20)+HARD_RISK_CAP(2.0%)+MAXLOSS_CAP;213158.51;213158.51;36;0
2026.08.13 03:38:31;XAUUSD;5;1786548913;DIR_OCO_COUNTER_PLACED;dir=BULL(counter) ticket=119172544 price=4406.98 lot=0.03;PLACE_PENDING;SAFE;0;2;0;119172544;119172542;0.00;0.00;0.00;0.00;0.00;KELLY_LITE;true;0.04;213158.51;0.0417;KELLY_LITE(mult=1.10 taper=1.00 n=20)+HARD_RISK_CAP(2.0%)+MAXLOSS_CAP;213158.51;213158.51;36;0
2026.08.13 03:38:45;XAUUSD;5;1786548913;SELL_STOP_TRAILED;Old=4401.64 New=4402.08;WAIT_TRIGGER;SAFE;0;2;0;119172544;119172542;0.00;0.00;0.00;0.00;0.00;KELLY_LITE;true;0.04;213158.51;0.0417;KELLY_LITE(mult=1.10 taper=1.00 n=20)+HARD_RISK_CAP(2.0%)+MAXLOSS_CAP;213158.51;213158.51;33;0
2026.08.13 03:38:52;XAUUSD;5;1786548913;SELL_STOP_TRAILED;Old=4402.08 New=4402.51;WAIT_TRIGGER;SAFE;0;2;0;119172544;119172542;0.00;0.00;0.00;0.00;0.00;KELLY_LITE;true;0.04;213158.51;0.0417;KELLY_LITE(mult=1.10 taper=1.00 n=20)+HARD_RISK_CAP(2.0%)+MAXLOSS_CAP;213158.51;213158.51;36;0
2026.08.13 03:39:12;XAUUSD;5;1786548913;SELL_STOP_TRAILED;Old=4402.51 New=4402.85;WAIT_TRIGGER;SAFE;0;2;0;119172544;119172542;0.00;0.00;0.00;0.00;0.00;KELLY_LITE;true;0.04;213158.51;0.0417;KELLY_LITE(mult=1.10 taper=1.00 n=20)+HARD_RISK_CAP(2.0%)+MAXLOSS_CAP;213158.51;213158.51;36;0
2026.08.13 03:39:26;XAUUSD;5;1786548913;SELL_STOP_TRAILED;Old=4402.85 New=4403.23;WAIT_TRIGGER;SAFE;0;2;0;119172544;119172542;0.00;0.00;0.00;0.00;0.00;KELLY_LITE;true;0.04;213158.51;0.0417;KELLY_LITE(mult=1.10 taper=1.00 n=20)+HARD_RISK_CAP(2.0%)+MAXLOSS_CAP;213158.51;213158.51;36;0
2026.08.13 03:39:28;XAUUSD;5;1786548913;SELL_STOP_TRAILED;Old=4403.23 New=4403.61;WAIT_TRIGGER;SAFE;0;2;0;119172544;119172542;0.00;0.00;0.00;0.00;0.00;KELLY_LITE;true;0.04;213158.51;0.0417;KELLY_LITE(mult=1.10 taper=1.00 n=20)+HARD_RISK_CAP(2.0%)+MAXLOSS_CAP;213158.51;213158.51;33;0
2026.08.13 03:39:30;XAUUSD;5;1786548913;OCO_TRIGGERED_BUY;ticket=119172544 entry=4406.98;POSITION_ACTIVE;SAFE;1;1;0;-1;119172542;0.00;-0.75;-0.75;0.00;0.00;KELLY_LITE;true;0.04;213158.51;0.0417;KELLY_LITE(mult=1.10 taper=1.00 n=20)+HARD_RISK_CAP(2.0%)+MAXLOSS_CAP;213158.51;213157.76;36;0
2026.08.13 03:39:31;XAUUSD;5;1786548913;PENDING_DELETED;ticket=119172542 reason=oco_buy_triggered;POSITION_ACTIVE;SAFE;1;0;0;-1;119172542;0.00;-1.41;-1.41;0.00;0.00;KELLY_LITE;true;0.04;213158.51;0.0417;KELLY_LITE(mult=1.10 taper=1.00 n=20)+HARD_RISK_CAP(2.0%)+MAXLOSS_CAP;213158.51;213157.10;36;0
2026.08.13 03:39:32;XAUUSD;5;1786548913;HEDGE_PENDING_PLACED;dir=SELL_STOP ticket=119172885 price=4403.51 sl=4406.51 lot=0.05 mainEntry=4406.98 dist=3.00 confirmBars=1;POSITION_ACTIVE;SAFE;1;1;1;-1;-1;4406.98;-0.87;-0.87;0.00;-1.41;KELLY_LITE;true;0.04;213158.51;0.0417;KELLY_LITE(mult=1.10 taper=1.00 n=20)+HARD_RISK_CAP(2.0%)+MAXLOSS_CAP;213158.51;213157.64;33;0
2026.08.13 03:44:53;XAUUSD;5;1786548913;SL_MODIFIED;ticket=119172544 oldSL=4391.98 newSL=4409.17 reason=break_even_lock_leg_0;MANAGE_PROFIT;SAFE;1;1;1;-1;-1;4406.98;8.13;8.13;8.13;-2.85;KELLY_LITE;true;0.04;213158.51;0.0417;KELLY_LITE(mult=1.10 taper=1.00 n=20)+HARD_RISK_CAP(2.0%)+MAXLOSS_CAP;213158.51;213166.64;36;0
2026.08.13 03:44:53;XAUUSD;5;1786548913;PROFIT_RATCHET_LOCKED;floor=3.46 peak=8.13;MANAGE_PROFIT;SAFE;1;1;1;-1;-1;4406.98;8.13;8.13;8.13;-2.85;KELLY_LITE;true;0.04;213158.51;0.0417;KELLY_LITE(mult=1.10 taper=1.00 n=20)+HARD_RISK_CAP(2.0%)+MAXLOSS_CAP;213158.51;213166.64;36;0
2026.08.13 03:44:53;XAUUSD;5;1786548913;PROFIT_RATCHET_LOCKED;floor=3.47 peak=8.16;MANAGE_PROFIT;SAFE;1;1;1;-1;-1;4406.98;8.16;8.16;8.16;-2.85;KELLY_LITE;true;0.04;213158.51;0.0417;KELLY_LITE(mult=1.10 taper=1.00 n=20)+HARD_RISK_CAP(2.0%)+MAXLOSS_CAP;213158.51;213166.67;36;0
2026.08.13 03:44:54;XAUUSD;5;1786548913;PROFIT_RATCHET_LOCKED;floor=3.48 peak=8.19;MANAGE_PROFIT;SAFE;1;1;1;-1;-1;4406.98;8.19;8.19;8.19;-2.85;KELLY_LITE;true;0.04;213158.51;0.0417;KELLY_LITE(mult=1.10 taper=1.00 n=20)+HARD_RISK_CAP(2.0%)+MAXLOSS_CAP;213158.51;213166.70;36;0
2026.08.13 03:44:54;XAUUSD;5;1786548913;SL_MODIFY_FAILED;ticket=119172544 newSL=4409.22 reason=break_even_lock_leg_0 err=0;MANAGE_PROFIT;SAFE;1;1;1;-1;-1;4406.98;7.38;7.38;8.28;-2.85;KELLY_LITE;true;0.04;213158.51;0.0417;KELLY_LITE(mult=1.10 taper=1.00 n=20)+HARD_RISK_CAP(2.0%)+MAXLOSS_CAP;213158.51;213165.89;36;0
2026.08.13 03:44:54;XAUUSD;5;1786548913;PROFIT_RATCHET_LOCKED;floor=3.52 peak=8.28;MANAGE_PROFIT;SAFE;1;1;1;-1;-1;4406.98;7.38;7.38;8.28;-2.85;KELLY_LITE;true;0.04;213158.51;0.0417;KELLY_LITE(mult=1.10 taper=1.00 n=20)+HARD_RISK_CAP(2.0%)+MAXLOSS_CAP;213158.51;213165.89;36;0
2026.08.13 03:44:54;XAUUSD;5;1786548913;PROFIT_RATCHET_LOCKED;floor=3.52 peak=8.28;MANAGE_PROFIT;SAFE;1;1;1;-1;-1;4406.98;7.38;7.38;8.28;-2.85;KELLY_LITE;true;0.04;213158.51;0.0417;KELLY_LITE(mult=1.10 taper=1.00 n=20)+HARD_RISK_CAP(2.0%)+MAXLOSS_CAP;213158.51;213165.89;36;0
2026.08.13 03:44:54;XAUUSD;5;1786548913;PROFIT_RATCHET_LOCKED;floor=3.52 peak=8.28;MANAGE_PROFIT;SAFE;1;1;1;-1;-1;4406.98;7.41;7.41;8.28;-2.85;KELLY_LITE;true;0.04;213158.51;0.0417;KELLY_LITE(mult=1.10 taper=1.00 n=20)+HARD_RISK_CAP(2.0%)+MAXLOSS_CAP;213158.51;213165.92;36;0
2026.08.13 03:44:55;XAUUSD;5;1786548913;PROFIT_RATCHET_LOCKED;floor=3.52 peak=8.28;MANAGE_PROFIT;SAFE;1;1;1;-1;-1;4406.98;7.71;7.71;8.28;-2.85;KELLY_LITE;true;0.04;213158.51;0.0417;KELLY_LITE(mult=1.10 taper=1.00 n=20)+HARD_RISK_CAP(2.0%)+MAXLOSS_CAP;213158.51;213166.22;36;0
2026.08.13 03:44:55;XAUUSD;5;1786548913;PROFIT_RATCHET_LOCKED;floor=3.52 peak=8.28;MANAGE_PROFIT;SAFE;1;1;1;-1;-1;4406.98;7.50;7.50;8.28;-2.85;KELLY_LITE;true;0.04;213158.51;0.0417;KELLY_LITE(mult=1.10 taper=1.00 n=20)+HARD_RISK_CAP(2.0%)+MAXLOSS_CAP;213158.51;213166.01;36;0
2026.08.13 03:44:55;XAUUSD;5;1786548913;PROFIT_RATCHET_LOCKED;floor=3.52 peak=8.28;MANAGE_PROFIT;SAFE;1;1;1;-1;-1;4406.98;7.53;7.53;8.28;-2.85;KELLY_LITE;true;0.04;213158.51;0.0417;KELLY_LITE(mult=1.10 taper=1.00 n=20)+HARD_RISK_CAP(2.0%)+MAXLOSS_CAP;213158.51;213166.04;36;0
2026.08.13 03:44:56;XAUUSD;5;1786548913;SL_MODIFIED;ticket=119172544 oldSL=4409.17 newSL=4409.27 reason=break_even_lock_leg_0;MANAGE_PROFIT;SAFE;1;1;1;-1;-1;4406.98;8.76;8.76;8.43;-2.85;KELLY_LITE;true;0.04;213158.51;0.0417;KELLY_LITE(mult=1.10 taper=1.00 n=20)+HARD_RISK_CAP(2.0%)+MAXLOSS_CAP;213158.51;213167.27;36;0
2026.08.13 03:44:56;XAUUSD;5;1786548913;PROFIT_RATCHET_LOCKED;floor=3.58 peak=8.43;MANAGE_PROFIT;SAFE;1;1;1;-1;-1;4406.98;8.76;8.76;8.43;-2.85;KELLY_LITE;true;0.04;213158.51;0.0417;KELLY_LITE(mult=1.10 taper=1.00 n=20)+HARD_RISK_CAP(2.0%)+MAXLOSS_CAP;213158.51;213167.27;36;0
2026.08.13 03:44:56;XAUUSD;5;1786548913;SL_MODIFIED;ticket=119172544 oldSL=4409.27 newSL=4409.38 reason=break_even_lock_leg_0;MANAGE_PROFIT;SAFE;1;1;1;-1;-1;4406.98;8.79;8.79;8.76;-2.85;KELLY_LITE;true;0.04;213158.51;0.0417;KELLY_LITE(mult=1.10 taper=1.00 n=20)+HARD_RISK_CAP(2.0%)+MAXLOSS_CAP;213158.51;213167.30;36;0
2026.08.13 03:44:56;XAUUSD;5;1786548913;PROFIT_RATCHET_LOCKED;floor=3.72 peak=8.76;MANAGE_PROFIT;SAFE;1;1;1;-1;-1;4406.98;8.79;8.79;8.76;-2.85;KELLY_LITE;true;0.04;213158.51;0.0417;KELLY_LITE(mult=1.10 taper=1.00 n=20)+HARD_RISK_CAP(2.0%)+MAXLOSS_CAP;213158.51;213167.30;36;0
2026.08.13 03:44:56;XAUUSD;5;1786548913;PROFIT_RATCHET_LOCKED;floor=3.74 peak=8.79;MANAGE_PROFIT;SAFE;1;1;1;-1;-1;4406.98;8.79;8.79;8.79;-2.85;KELLY_LITE;true;0.04;213158.51;0.0417;KELLY_LITE(mult=1.10 taper=1.00 n=20)+HARD_RISK_CAP(2.0%)+MAXLOSS_CAP;213158.51;213167.30;36;0
2026.08.13 03:44:57;XAUUSD;5;1786548913;PROFIT_RATCHET_LOCKED;floor=3.74 peak=8.79;MANAGE_PROFIT;SAFE;1;1;1;-1;-1;4406.98;8.76;8.76;8.79;-2.85;KELLY_LITE;true;0.04;213158.51;0.0417;KELLY_LITE(mult=1.10 taper=1.00 n=20)+HARD_RISK_CAP(2.0%)+MAXLOSS_CAP;213158.51;213167.27;36;0
2026.08.13 03:44:57;XAUUSD;5;1786548913;SL_MODIFIED;ticket=119172544 oldSL=4409.38 newSL=4409.44 reason=break_even_lock_leg_0;MANAGE_PROFIT;SAFE;1;1;1;-1;-1;4406.98;8.94;8.94;8.94;-2.85;KELLY_LITE;true;0.04;213158.51;0.0417;KELLY_LITE(mult=1.10 taper=1.00 n=20)+HARD_RISK_CAP(2.0%)+MAXLOSS_CAP;213158.51;213167.45;36;0
2026.08.13 03:44:57;XAUUSD;5;1786548913;PROFIT_RATCHET_LOCKED;floor=3.80 peak=8.94;MANAGE_PROFIT;SAFE;1;1;1;-1;-1;4406.98;8.94;8.94;8.94;-2.85;KELLY_LITE;true;0.04;213158.51;0.0417;KELLY_LITE(mult=1.10 taper=1.00 n=20)+HARD_RISK_CAP(2.0%)+MAXLOSS_CAP;213158.51;213167.45;36;0
2026.08.13 03:44:57;XAUUSD;5;1786548913;PROFIT_RATCHET_LOCKED;floor=3.81 peak=8.97;MANAGE_PROFIT;SAFE;1;1;1;-1;-1;4406.98;8.97;8.97;8.97;-2.85;KELLY_LITE;true;0.04;213158.51;0.0417;KELLY_LITE(mult=1.10 taper=1.00 n=20)+HARD_RISK_CAP(2.0%)+MAXLOSS_CAP;213158.51;213167.48;36;0
2026.08.13 03:44:58;XAUUSD;5;1786548913;PROFIT_RATCHET_LOCKED;floor=3.81 peak=8.97;MANAGE_PROFIT;SAFE;1;1;1;-1;-1;4406.98;8.94;8.94;8.97;-2.85;KELLY_LITE;true;0.04;213158.51;0.0417;KELLY_LITE(mult=1.10 taper=1.00 n=20)+HARD_RISK_CAP(2.0%)+MAXLOSS_CAP;213158.51;213167.45;36;0
2026.08.13 03:44:58;XAUUSD;5;1786548913;SL_MODIFIED;ticket=119172544 oldSL=4409.44 newSL=4409.47 reason=break_even_lock_leg_0;MANAGE_PROFIT;SAFE;1;1;1;-1;-1;4406.98;9.27;9.27;9.03;-2.85;KELLY_LITE;true;0.04;213158.51;0.0417;KELLY_LITE(mult=1.10 taper=1.00 n=20)+HARD_RISK_CAP(2.0%)+MAXLOSS_CAP;213158.51;213167.78;36;0
2026.08.13 03:44:58;XAUUSD;5;1786548913;PROFIT_RATCHET_LOCKED;floor=3.84 peak=9.03;MANAGE_PROFIT;SAFE;1;1;1;-1;-1;4406.98;9.27;9.27;9.03;-2.85;KELLY_LITE;true;0.04;213158.51;0.0417;KELLY_LITE(mult=1.10 taper=1.00 n=20)+HARD_RISK_CAP(2.0%)+MAXLOSS_CAP;213158.51;213167.78;36;0
2026.08.13 03:44:59;XAUUSD;5;1786548913;SL_MODIFIED;ticket=119172544 oldSL=4409.47 newSL=4409.55 reason=break_even_lock_leg_0;MANAGE_PROFIT;SAFE;1;1;1;-1;-1;4406.98;9.24;9.24;9.27;-2.85;KELLY_LITE;true;0.04;213158.51;0.0417;KELLY_LITE(mult=1.10 taper=1.00 n=20)+HARD_RISK_CAP(2.0%)+MAXLOSS_CAP;213158.51;213167.75;36;0
2026.08.13 03:44:59;XAUUSD;5;1786548913;PROFIT_RATCHET_LOCKED;floor=3.94 peak=9.27;MANAGE_PROFIT;SAFE;1;1;1;-1;-1;4406.98;9.24;9.24;9.27;-2.85;KELLY_LITE;true;0.04;213158.51;0.0417;KELLY_LITE(mult=1.10 taper=1.00 n=20)+HARD_RISK_CAP(2.0%)+MAXLOSS_CAP;213158.51;213167.75;36;0
2026.08.13 03:44:59;XAUUSD;5;1786548913;PROFIT_RATCHET_LOCKED;floor=3.94 peak=9.27;MANAGE_PROFIT;SAFE;1;1;1;-1;-1;4406.98;9.24;9.24;9.27;-2.85;KELLY_LITE;true;0.04;213158.51;0.0417;KELLY_LITE(mult=1.10 taper=1.00 n=20)+HARD_RISK_CAP(2.0%)+MAXLOSS_CAP;213158.51;213167.75;36;0
2026.08.13 03:44:59;XAUUSD;5;1786548913;PROFIT_RATCHET_LOCKED;floor=3.94 peak=9.27;MANAGE_PROFIT;SAFE;1;1;1;-1;-1;4406.98;9.27;9.27;9.27;-2.85;KELLY_LITE;true;0.04;213158.51;0.0417;KELLY_LITE(mult=1.10 taper=1.00 n=20)+HARD_RISK_CAP(2.0%)+MAXLOSS_CAP;213158.51;213167.78;36;0
2026.08.13 03:45:00;XAUUSD;5;1786548913;SL_MODIFIED;ticket=119172544 oldSL=4409.55 newSL=4409.74 reason=break_even_lock_leg_0;MANAGE_PROFIT;SAFE;1;1;1;-1;-1;4406.98;10.05;10.05;9.84;-2.85;KELLY_LITE;true;0.04;213158.51;0.0417;KELLY_LITE(mult=1.10 taper=1.00 n=20)+HARD_RISK_CAP(2.0%)+MAXLOSS_CAP;213158.51;213168.56;36;0
2026.08.13 03:45:00;XAUUSD;5;1786548913;PROFIT_RATCHET_LOCKED;floor=4.18 peak=9.84;MANAGE_PROFIT;SAFE;1;1;1;-1;-1;4406.98;10.05;10.05;9.84;-2.85;KELLY_LITE;true;0.04;213158.51;0.0417;KELLY_LITE(mult=1.10 taper=1.00 n=20)+HARD_RISK_CAP(2.0%)+MAXLOSS_CAP;213158.51;213168.56;36;0
2026.08.13 03:45:00;XAUUSD;5;1786548913;PROFIT_RATCHET_LOCKED;floor=4.27 peak=10.05;MANAGE_PROFIT;SAFE;1;1;1;-1;-1;4406.98;9.84;9.84;10.05;-2.85;KELLY_LITE;true;0.04;213158.51;0.0417;KELLY_LITE(mult=1.10 taper=1.00 n=20)+HARD_RISK_CAP(2.0%)+MAXLOSS_CAP;213158.51;213168.35;36;0
2026.08.13 03:45:00;XAUUSD;5;1786548913;PROFIT_RATCHET_LOCKED;floor=4.27 peak=10.05;MANAGE_PROFIT;SAFE;1;1;1;-1;-1;4406.98;9.84;9.84;10.05;-2.85;KELLY_LITE;true;0.04;213158.51;0.0417;KELLY_LITE(mult=1.10 taper=1.00 n=20)+HARD_RISK_CAP(2.0%)+MAXLOSS_CAP;213158.51;213168.35;36;0
2026.08.13 03:45:01;XAUUSD;5;1786548913;PROFIT_RATCHET_LOCKED;floor=4.27 peak=10.05;MANAGE_PROFIT;SAFE;1;1;1;-1;-1;4406.98;9.75;9.75;10.05;-2.85;KELLY_LITE;true;0.04;213158.51;0.0417;KELLY_LITE(mult=1.10 taper=1.00 n=20)+HARD_RISK_CAP(2.0%)+MAXLOSS_CAP;213158.51;213168.26;36;0
2026.08.13 03:45:01;XAUUSD;5;1786548913;PROFIT_RATCHET_LOCKED;floor=4.27 peak=10.05;MANAGE_PROFIT;SAFE;1;1;1;-1;-1;4406.98;9.75;9.75;10.05;-2.85;KELLY_LITE;true;0.04;213158.51;0.0417;KELLY_LITE(mult=1.10 taper=1.00 n=20)+HARD_RISK_CAP(2.0%)+MAXLOSS_CAP;213158.51;213168.26;36;0
2026.08.13 03:45:01;XAUUSD;5;1786548913;PROFIT_RATCHET_LOCKED;floor=4.27 peak=10.05;MANAGE_PROFIT;SAFE;1;1;1;-1;-1;4406.98;9.00;9.00;10.05;-2.85;KELLY_LITE;true;0.04;213158.51;0.0417;KELLY_LITE(mult=1.10 taper=1.00 n=20)+HARD_RISK_CAP(2.0%)+MAXLOSS_CAP;213158.51;213167.51;36;0
2026.08.13 03:45:01;XAUUSD;5;1786548913;PROFIT_RATCHET_LOCKED;floor=4.27 peak=10.05;MANAGE_PROFIT;SAFE;1;1;1;-1;-1;4406.98;8.94;8.94;10.05;-2.85;KELLY_LITE;true;0.04;213158.51;0.0417;KELLY_LITE(mult=1.10 taper=1.00 n=20)+HARD_RISK_CAP(2.0%)+MAXLOSS_CAP;213158.51;213167.45;36;0
2026.08.13 03:45:02;XAUUSD;5;1786548913;EXIT_TIERED_TRAIL;profit=8.49 peak=10.05 allowedRetrace=1.51;MANAGE_PROFIT;SAFE;1;1;1;-1;-1;4406.98;8.49;8.49;10.05;-2.85;KELLY_LITE;true;0.04;213158.51;0.0417;KELLY_LITE(mult=1.10 taper=1.00 n=20)+HARD_RISK_CAP(2.0%)+MAXLOSS_CAP;213158.51;213167.00;36;0
2026.08.13 03:45:03;XAUUSD;5;1786548913;PENDING_DELETED;ticket=119172885 reason=close_all_hedge;MANAGE_PROFIT;SAFE;0;0;0;-1;-1;4406.98;0.00;0.00;10.05;-2.85;KELLY_LITE;true;0.04;213158.51;0.0417;KELLY_LITE(mult=1.10 taper=1.00 n=20)+HARD_RISK_CAP(2.0%)+MAXLOSS_CAP;213166.79;213166.79;34;0
2026.08.13 03:45:03;XAUUSD;5;1786548913;TRADELOG_RECOVER_CLOSE;ticket=119172544 type=main pnl=8.28;RESET;SAFE;0;0;0;-1;-1;4406.98;0.00;0.00;10.05;-2.85;KELLY_LITE;true;0.04;213158.51;0.0417;KELLY_LITE(mult=1.10 taper=1.00 n=20)+HARD_RISK_CAP(2.0%)+MAXLOSS_CAP;213166.79;213166.79;34;0
2026.08.13 03:45:03;XAUUSD;5;1786548913;CYCLE_RESET;oldState=RESET realizedPnL=8.28 peak=10.05 worst=-2.85 pyramid=0 consLosses=0;RESET;SAFE;0;0;0;-1;-1;4406.98;0.00;0.00;10.05;-2.85;KELLY_LITE;true;0.04;213158.51;0.0417;KELLY_LITE(mult=1.10 taper=1.00 n=20)+HARD_RISK_CAP(2.0%)+MAXLOSS_CAP;213166.79;213166.79;34;0
2026.08.13 03:50:03;XAUUSD;5;1786548914;PLACE_PENDING_START;cycle=1786548914 trend=-1 consecLosses=0 preset=AGGRESSIVE;PLACE_PENDING;SAFE;0;0;0;-1;-1;0.00;0.00;0.00;0.00;0.00;KELLY_LITE;true;0.04;213158.51;0.0417;KELLY_LITE(mult=1.10 taper=1.00 n=20)+HARD_RISK_CAP(2.0%)+MAXLOSS_CAP;213166.79;213166.79;36;0
2026.08.13 03:50:03;XAUUSD;5;1786548914;DIR_OCO_PLACED;dir=BEAR ticket=119175651 price=4407.69 sl=4422.69 tp=4385.19 lot=0.03 dist=2.16;PLACE_PENDING;SAFE;0;1;0;-1;119175651;0.00;0.00;0.00;0.00;0.00;KELLY_LITE;true;0.04;213166.79;0.0417;KELLY_LITE(mult=1.20 taper=1.00 n=20)+HARD_RISK_CAP(2.0%)+MAXLOSS_CAP;213166.79;213166.79;36;0
2026.08.13 03:50:03;XAUUSD;5;1786548914;DIR_OCO_COUNTER_PLACED;dir=BULL(counter) ticket=119175655 price=4412.15 lot=0.03;PLACE_PENDING;SAFE;0;2;0;119175655;119175651;0.00;0.00;0.00;0.00;0.00;KELLY_LITE;true;0.04;213166.79;0.0417;KELLY_LITE(mult=1.20 taper=1.00 n=20)+HARD_RISK_CAP(2.0%)+MAXLOSS_CAP;213166.79;213166.79;36;0
2026.08.13 03:50:26;XAUUSD;5;1786548914;SELL_STOP_TRAILED;Old=4407.69 New=4408.06;WAIT_TRIGGER;SAFE;0;2;0;119175655;119175651;0.00;0.00;0.00;0.00;0.00;KELLY_LITE;true;0.04;213166.79;0.0417;KELLY_LITE(mult=1.20 taper=1.00 n=20)+HARD_RISK_CAP(2.0%)+MAXLOSS_CAP;213166.79;213166.79;34;0
2026.08.13 03:50:34;XAUUSD;5;1786548914;BUY_STOP_TRAILED;Old=4412.15 New=4411.79;WAIT_TRIGGER;SAFE;0;2;0;119175655;119175651;0.00;0.00;0.00;0.00;0.00;KELLY_LITE;true;0.04;213166.79;0.0417;KELLY_LITE(mult=1.20 taper=1.00 n=20)+HARD_RISK_CAP(2.0%)+MAXLOSS_CAP;213166.79;213166.79;33;0
2026.08.13 03:51:25;XAUUSD;5;1786548914;BUY_STOP_TRAILED;Old=4411.79 New=4411.46;WAIT_TRIGGER;SAFE;0;2;0;119175655;119175651;0.00;0.00;0.00;0.00;0.00;KELLY_LITE;true;0.04;213166.79;0.0417;KELLY_LITE(mult=1.20 taper=1.00 n=20)+HARD_RISK_CAP(2.0%)+MAXLOSS_CAP;213166.79;213166.79;36;0
2026.08.13 03:51:35;XAUUSD;5;1786548914;BUY_STOP_TRAILED;Old=4411.46 New=4411.04;WAIT_TRIGGER;SAFE;0;2;0;119175655;119175651;0.00;0.00;0.00;0.00;0.00;KELLY_LITE;true;0.04;213166.79;0.0417;KELLY_LITE(mult=1.20 taper=1.00 n=20)+HARD_RISK_CAP(2.0%)+MAXLOSS_CAP;213166.79;213166.79;36;0
2026.08.13 03:54:27;XAUUSD;5;1786548914;BUY_STOP_TRAILED;Old=4411.04 New=4410.70;WAIT_TRIGGER;SAFE;0;2;0;119175655;119175651;0.00;0.00;0.00;0.00;0.00;KELLY_LITE;true;0.04;213166.79;0.0417;KELLY_LITE(mult=1.20 taper=1.00 n=20)+HARD_RISK_CAP(2.0%)+MAXLOSS_CAP;213166.79;213166.79;33;0
2026.08.13 03:54:29;XAUUSD;5;1786548914;OCO_TRIGGERED_SELL;ticket=119175651 entry=4408.06;POSITION_ACTIVE;SAFE;1;1;0;119175655;-1;0.00;-0.99;-0.99;0.00;0.00;KELLY_LITE;true;0.04;213166.79;0.0417;KELLY_LITE(mult=1.20 taper=1.00 n=20)+HARD_RISK_CAP(2.0%)+MAXLOSS_CAP;213166.79;213165.80;33;0
2026.08.13 03:54:29;XAUUSD;5;1786548914;PENDING_DELETED;ticket=119175655 reason=oco_sell_triggered;POSITION_ACTIVE;SAFE;1;0;0;119175655;-1;0.00;-0.93;-0.93;0.00;0.00;KELLY_LITE;true;0.04;213166.79;0.0417;KELLY_LITE(mult=1.20 taper=1.00 n=20)+HARD_RISK_CAP(2.0%)+MAXLOSS_CAP;213166.79;213165.86;34;0
2026.08.13 03:54:30;XAUUSD;5;1786548914;HEDGE_PENDING_PLACED;dir=BUY_STOP ticket=119176554 price=4411.37 sl=4408.37 lot=0.05 mainEntry=4408.06 dist=3.00 confirmBars=1;POSITION_ACTIVE;SAFE;1;1;1;-1;-1;4408.06;-0.96;-0.96;0.00;-0.93;KELLY_LITE;true;0.04;213166.79;0.0417;KELLY_LITE(mult=1.20 taper=1.00 n=20)+HARD_RISK_CAP(2.0%)+MAXLOSS_CAP;213166.79;213165.83;33;0
2026.08.13 04:04:58;XAUUSD;5;1786548914;EXIT_SOFT_SL_MOMENTUM;profit=-12.09 rsi=47.4 dir=-1;MANAGE_PROFIT;SAFE;2;0;1;-1;-1;4408.06;-12.09;-2.70;7.02;-12.09;KELLY_LITE;true;0.04;213166.79;0.0417;KELLY_LITE(mult=1.20 taper=1.00 n=20)+HARD_RISK_CAP(2.0%)+MAXLOSS_CAP;213166.79;213154.70;36;0
2026.08.13 04:04:59;XAUUSD;5;1786548914;POSITION_CLOSED;ticket=119176554 reason=soft_sl_momentum lots=0.05 price=4410.83 pnl=-2.70;MANAGE_PROFIT;SAFE;1;0;1;-1;-1;4408.06;-9.21;-9.21;7.02;-12.09;KELLY_LITE;true;0.04;213166.79;0.0417;KELLY_LITE(mult=1.20 taper=1.00 n=20)+HARD_RISK_CAP(2.0%)+MAXLOSS_CAP;213163.64;213154.43;36;0
2026.08.13 04:05:00;XAUUSD;5;1786548914;POSITION_CLOSED;ticket=119175651 reason=soft_sl_momentum lots=0.03 price=4411.13 pnl=-9.21;MANAGE_PROFIT;SAFE;0;0;1;-1;-1;4408.06;0.00;0.00;7.02;-12.09;KELLY_LITE;true;0.04;213166.79;0.0417;KELLY_LITE(mult=1.20 taper=1.00 n=20)+HARD_RISK_CAP(2.0%)+MAXLOSS_CAP;213154.46;213154.46;36;0
2026.08.13 04:05:00;XAUUSD;5;1786548914;CYCLE_RESET;oldState=RESET realizedPnL=-12.33 peak=7.02 worst=-12.09 pyramid=0 consLosses=1;RESET;SAFE;0;0;0;-1;-1;4408.06;0.00;0.00;7.02;-12.09;KELLY_LITE;true;0.04;213166.79;0.0417;KELLY_LITE(mult=1.20 taper=1.00 n=20)+HARD_RISK_CAP(2.0%)+MAXLOSS_CAP;213154.46;213154.46;36;0
2026.08.13 04:10:00;XAUUSD;5;1786548914;FILTER_BLOCK_TREND_DISAGREE;TREND_DISAGREE (main=-1 fast=1 rsi=47.3, no extreme);BLOCKED;SAFE;0;0;0;-1;-1;0.00;0.00;0.00;0.00;0.00;KELLY_LITE;true;0.04;213166.79;0.0417;KELLY_LITE(mult=1.20 taper=1.00 n=20)+HARD_RISK_CAP(2.0%)+MAXLOSS_CAP;213154.46;213154.46;36;0
2026.08.13 04:15:00;XAUUSD;5;1786548915;PLACE_PENDING_START;cycle=1786548915 trend=-1 consecLosses=1 preset=AGGRESSIVE;PLACE_PENDING;SAFE;0;0;0;-1;-1;0.00;0.00;0.00;0.00;0.00;KELLY_LITE;true;0.04;213166.79;0.0417;KELLY_LITE(mult=1.20 taper=1.00 n=20)+HARD_RISK_CAP(2.0%)+MAXLOSS_CAP;213154.46;213154.46;36;0
2026.08.13 04:15:00;XAUUSD;5;1786548915;DIR_OCO_PLACED;dir=BEAR ticket=119181617 price=4405.25 sl=4420.25 tp=4382.75 lot=0.03 dist=1.72;PLACE_PENDING;SAFE;0;1;0;-1;119181617;0.00;0.00;0.00;0.00;0.00;KELLY_LITE;true;0.04;213154.46;0.0417;KELLY_LITE(mult=1.10 taper=1.00 n=20)+HARD_RISK_CAP(2.0%)+MAXLOSS_CAP;213154.46;213154.46;36;0
2026.08.13 04:15:01;XAUUSD;5;1786548915;DIR_OCO_COUNTER_PLACED;dir=BULL(counter) ticket=119181624 price=4409.03 lot=0.03;PLACE_PENDING;SAFE;0;2;0;119181624;119181617;0.00;0.00;0.00;0.00;0.00;KELLY_LITE;true;0.04;213154.46;0.0417;KELLY_LITE(mult=1.10 taper=1.00 n=20)+HARD_RISK_CAP(2.0%)+MAXLOSS_CAP;213154.46;213154.46;36;0
2026.08.13 04:15:03;XAUUSD;5;1786548915;SELL_STOP_TRAILED;Old=4405.25 New=4405.57;WAIT_TRIGGER;SAFE;0;2;0;119181624;119181617;0.00;0.00;0.00;0.00;0.00;KELLY_LITE;true;0.04;213154.46;0.0417;KELLY_LITE(mult=1.10 taper=1.00 n=20)+HARD_RISK_CAP(2.0%)+MAXLOSS_CAP;213154.46;213154.46;36;0
2026.08.13 04:15:12;XAUUSD;5;1786548915;BUY_STOP_TRAILED;Old=4409.03 New=4408.71;WAIT_TRIGGER;SAFE;0;2;0;119181624;119181617;0.00;0.00;0.00;0.00;0.00;KELLY_LITE;true;0.04;213154.46;0.0417;KELLY_LITE(mult=1.10 taper=1.00 n=20)+HARD_RISK_CAP(2.0%)+MAXLOSS_CAP;213154.46;213154.46;36;0
2026.08.13 04:16:13;XAUUSD;5;1786548915;SELL_STOP_TRAILED;Old=4405.57 New=4405.88;WAIT_TRIGGER;SAFE;0;2;0;119181624;119181617;0.00;0.00;0.00;0.00;0.00;KELLY_LITE;true;0.04;213154.46;0.0417;KELLY_LITE(mult=1.10 taper=1.00 n=20)+HARD_RISK_CAP(2.0%)+MAXLOSS_CAP;213154.46;213154.46;36;0
2026.08.13 04:16:57;XAUUSD;5;1786548915;BUY_STOP_TRAILED;Old=4408.71 New=4408.39;WAIT_TRIGGER;SAFE;0;2;0;119181624;119181617;0.00;0.00;0.00;0.00;0.00;KELLY_LITE;true;0.04;213154.46;0.0417;KELLY_LITE(mult=1.10 taper=1.00 n=20)+HARD_RISK_CAP(2.0%)+MAXLOSS_CAP;213154.46;213154.46;36;0
2026.08.13 04:16:59;XAUUSD;5;1786548915;BUY_STOP_TRAILED;Old=4408.39 New=4408.08;WAIT_TRIGGER;SAFE;0;2;0;119181624;119181617;0.00;0.00;0.00;0.00;0.00;KELLY_LITE;true;0.04;213154.46;0.0417;KELLY_LITE(mult=1.10 taper=1.00 n=20)+HARD_RISK_CAP(2.0%)+MAXLOSS_CAP;213154.46;213154.46;36;0
2026.08.13 04:17:00;XAUUSD;5;1786548915;OCO_TRIGGERED_SELL;ticket=119181617 entry=4405.88;POSITION_ACTIVE;SAFE;1;1;0;119181624;-1;0.00;-0.96;-0.96;0.00;0.00;KELLY_LITE;true;0.04;213154.46;0.0417;KELLY_LITE(mult=1.10 taper=1.00 n=20)+HARD_RISK_CAP(2.0%)+MAXLOSS_CAP;213154.46;213153.50;36;0
2026.08.13 04:17:00;XAUUSD;5;1786548915;PENDING_DELETED;ticket=119181624 reason=oco_sell_triggered;POSITION_ACTIVE;SAFE;1;0;0;119181624;-1;0.00;-0.75;-0.75;0.00;0.00;KELLY_LITE;true;0.04;213154.46;0.0417;KELLY_LITE(mult=1.10 taper=1.00 n=20)+HARD_RISK_CAP(2.0%)+MAXLOSS_CAP;213154.46;213153.71;36;0
2026.08.13 04:17:01;XAUUSD;5;1786548915;HEDGE_PENDING_PLACED;dir=BUY_STOP ticket=119182045 price=4409.13 sl=4406.13 lot=0.05 mainEntry=4405.88 dist=3.00 confirmBars=1;POSITION_ACTIVE;SAFE;1;1;1;-1;-1;4405.88;-0.87;-0.87;0.00;-0.75;KELLY_LITE;true;0.04;213154.46;0.0417;KELLY_LITE(mult=1.10 taper=1.00 n=20)+HARD_RISK_CAP(2.0%)+MAXLOSS_CAP;213154.46;213153.59;36;0
2026.08.13 04:18:23;XAUUSD;5;1786548915;SL_MODIFIED;ticket=119182045 oldSL=4406.13 newSL=4409.25 reason=hedge_giveback_lock;MANAGE_PROFIT;SAFE;2;0;1;-1;-1;4405.88;-9.43;3.50;0.18;-10.92;KELLY_LITE;true;0.04;213154.46;0.0417;KELLY_LITE(mult=1.10 taper=1.00 n=20)+HARD_RISK_CAP(2.0%)+MAXLOSS_CAP;213154.46;213145.03;36;0
2026.08.13 04:18:24;XAUUSD;5;1786548915;SL_MODIFIED;ticket=119182045 oldSL=4409.25 newSL=4409.31 reason=hedge_giveback_lock;MANAGE_PROFIT;SAFE;2;0;1;-1;-1;4405.88;-9.29;3.85;0.18;-10.92;KELLY_LITE;true;0.04;213154.46;0.0417;KELLY_LITE(mult=1.10 taper=1.00 n=20)+HARD_RISK_CAP(2.0%)+MAXLOSS_CAP;213154.46;213145.17;36;0
2026.08.13 04:18:24;XAUUSD;5;1786548915;SL_MODIFIED;ticket=119182045 oldSL=4409.31 newSL=4409.38 reason=hedge_giveback_lock;MANAGE_PROFIT;SAFE;2;0;1;-1;-1;4405.88;-9.33;3.75;0.18;-10.92;KELLY_LITE;true;0.04;213154.46;0.0417;KELLY_LITE(mult=1.10 taper=1.00 n=20)+HARD_RISK_CAP(2.0%)+MAXLOSS_CAP;213154.46;213145.13;36;0
2026.08.13 04:18:27;XAUUSD;5;1786548915;SL_MODIFY_FAILED;ticket=119182045 newSL=4409.45 reason=hedge_giveback_lock err=0;MANAGE_PROFIT;SAFE;2;0;1;-1;-1;4405.88;-9.39;3.60;0.18;-10.92;KELLY_LITE;true;0.04;213154.46;0.0417;KELLY_LITE(mult=1.10 taper=1.00 n=20)+HARD_RISK_CAP(2.0%)+MAXLOSS_CAP;213154.46;213145.07;36;0
2026.08.13 04:18:30;XAUUSD;5;1786548915;SL_MODIFIED;ticket=119182045 oldSL=4409.38 newSL=4409.49 reason=hedge_giveback_lock;MANAGE_PROFIT;SAFE;2;0;1;-1;-1;4405.88;-9.07;4.40;0.18;-10.92;KELLY_LITE;true;0.04;213154.46;0.0417;KELLY_LITE(mult=1.10 taper=1.00 n=20)+HARD_RISK_CAP(2.0%)+MAXLOSS_CAP;213154.46;213145.39;36;0
2026.08.13 04:18:31;XAUUSD;5;1786548915;SL_MODIFIED;ticket=119182045 oldSL=4409.49 newSL=4409.53 reason=hedge_giveback_lock;MANAGE_PROFIT;SAFE;2;0;1;-1;-1;4405.88;-8.97;4.65;0.18;-10.92;KELLY_LITE;true;0.04;213154.46;0.0417;KELLY_LITE(mult=1.10 taper=1.00 n=20)+HARD_RISK_CAP(2.0%)+MAXLOSS_CAP;213154.46;213145.49;36;0
2026.08.13 04:18:32;XAUUSD;5;1786548915;SL_MODIFIED;ticket=119182045 oldSL=4409.53 newSL=4409.55 reason=hedge_giveback_lock;MANAGE_PROFIT;SAFE;2;0;1;-1;-1;4405.88;-8.97;4.65;0.18;-10.92;KELLY_LITE;true;0.04;213154.46;0.0417;KELLY_LITE(mult=1.10 taper=1.00 n=20)+HARD_RISK_CAP(2.0%)+MAXLOSS_CAP;213154.46;213145.49;36;0
2026.08.13 04:18:36;XAUUSD;5;1786548915;RECONCILED_BROKER_CLOSE;ticket=119182045 type=hedge pnl=2.10;MANAGE_PROFIT;SAFE;1;0;1;-1;-1;4405.88;-11.49;-11.49;0.18;-10.92;KELLY_LITE;true;0.04;213154.46;0.0417;KELLY_LITE(mult=1.10 taper=1.00 n=20)+HARD_RISK_CAP(2.0%)+MAXLOSS_CAP;213156.56;213145.07;36;0
2026.08.13 04:18:36;XAUUSD;5;1786548915;RECONCILED_BROKER_CLOSE;ticket=119182045 type=hedge pnl=2.10;MANAGE_PROFIT;SAFE;1;0;1;-1;-1;4405.88;-11.49;-11.49;0.18;-10.92;KELLY_LITE;true;0.04;213154.46;0.0417;KELLY_LITE(mult=1.10 taper=1.00 n=20)+HARD_RISK_CAP(2.0%)+MAXLOSS_CAP;213156.56;213145.07;36;0
2026.08.13 04:25:16;XAUUSD;5;1786548915;EXIT_SOFT_SL_MOMENTUM;profit=-12.06 rsi=46.9 dir=-1;MANAGE_PROFIT;SAFE;1;0;1;-1;-1;4405.88;-12.06;-12.06;0.18;-12.06;KELLY_LITE;true;0.04;213154.46;0.0417;KELLY_LITE(mult=1.10 taper=1.00 n=20)+HARD_RISK_CAP(2.0%)+MAXLOSS_CAP;213156.56;213144.50;36;0
2026.08.13 04:25:16;XAUUSD;5;1786548915;POSITION_CLOSED;ticket=119181617 reason=soft_sl_momentum lots=0.03 price=4409.90 pnl=-12.06;MANAGE_PROFIT;SAFE;0;0;1;-1;-1;4405.88;0.00;0.00;0.18;-12.06;KELLY_LITE;true;0.04;213154.46;0.0417;KELLY_LITE(mult=1.10 taper=1.00 n=20)+HARD_RISK_CAP(2.0%)+MAXLOSS_CAP;213145.01;213145.01;36;0
2026.08.13 04:25:16;XAUUSD;5;1786548915;CYCLE_RESET;oldState=RESET realizedPnL=-9.45 peak=0.18 worst=-12.06 pyramid=0 consLosses=2;RESET;SAFE;0;0;0;-1;-1;4405.88;0.00;0.00;0.18;-12.06;KELLY_LITE;true;0.04;213154.46;0.0417;KELLY_LITE(mult=1.10 taper=1.00 n=20)+HARD_RISK_CAP(2.0%)+MAXLOSS_CAP;213145.01;213145.01;36;0
2026.08.13 04:30:16;XAUUSD;5;1786548915;FILTER_BLOCK_ADX_WEAK_MAIN;ADX_WEAK_MAIN (adx=21.8 min=25.0 [streak=2]);BLOCKED;SAFE;0;0;0;-1;-1;0.00;0.00;0.00;0.00;0.00;KELLY_LITE;true;0.04;213154.46;0.0417;KELLY_LITE(mult=1.10 taper=1.00 n=20)+HARD_RISK_CAP(2.0%)+MAXLOSS_CAP;213145.01;213145.01;36;0
2026.08.13 04:35:16;XAUUSD;5;1786548915;FILTER_BLOCK_TREND_DISAGREE;TREND_DISAGREE (main=-1 fast=1 rsi=47.3, no extreme);BLOCKED;SAFE;0;0;0;-1;-1;0.00;0.00;0.00;0.00;0.00;KELLY_LITE;true;0.04;213154.46;0.0417;KELLY_LITE(mult=1.10 taper=1.00 n=20)+HARD_RISK_CAP(2.0%)+MAXLOSS_CAP;213145.01;213145.01;36;0
2026.08.13 04:40:16;XAUUSD;5;1786548915;FILTER_BLOCK_TREND_DISAGREE;TREND_DISAGREE (main=-1 fast=1 rsi=46.5, no extreme);BLOCKED;SAFE;0;0;0;-1;-1;0.00;0.00;0.00;0.00;0.00;KELLY_LITE;true;0.04;213154.46;0.0417;KELLY_LITE(mult=1.10 taper=1.00 n=20)+HARD_RISK_CAP(2.0%)+MAXLOSS_CAP;213145.01;213145.01;37;0
2026.08.13 04:45:16;XAUUSD;5;1786548915;FILTER_BLOCK_ADX_WEAK_MAIN;ADX_WEAK_MAIN (adx=20.0 min=25.0 [streak=2]);BLOCKED;SAFE;0;0;0;-1;-1;0.00;0.00;0.00;0.00;0.00;KELLY_LITE;true;0.04;213154.46;0.0417;KELLY_LITE(mult=1.10 taper=1.00 n=20)+HARD_RISK_CAP(2.0%)+MAXLOSS_CAP;213145.01;213145.01;35;0
2026.08.13 04:50:16;XAUUSD;5;1786548915;FILTER_BLOCK_ADX_WEAK_MAIN;ADX_WEAK_MAIN (adx=22.2 min=25.0 [streak=2]);BLOCKED;SAFE;0;0;0;-1;-1;0.00;0.00;0.00;0.00;0.00;KELLY_LITE;true;0.04;213154.46;0.0417;KELLY_LITE(mult=1.10 taper=1.00 n=20)+HARD_RISK_CAP(2.0%)+MAXLOSS_CAP;213145.01;213145.01;36;0
2026.08.13 04:55:16;XAUUSD;5;1786548916;PLACE_PENDING_START;cycle=1786548916 trend=-1 consecLosses=2 preset=AGGRESSIVE;PLACE_PENDING;SAFE;0;0;0;-1;-1;0.00;0.00;0.00;0.00;0.00;KELLY_LITE;true;0.04;213154.46;0.0417;KELLY_LITE(mult=1.10 taper=1.00 n=20)+HARD_RISK_CAP(2.0%)+MAXLOSS_CAP;213145.01;213145.01;36;0
2026.08.13 04:55:16;XAUUSD;5;1786548916;DIR_OCO_PLACED;dir=BEAR ticket=119189027 price=4400.89 sl=4415.89 tp=4378.39 lot=0.03 dist=1.50;PLACE_PENDING;SAFE;0;1;0;-1;119189027;0.00;0.00;0.00;0.00;0.00;KELLY_LITE;true;0.04;213145.01;0.0417;KELLY_LITE(mult=1.00 taper=1.00 n=20)+HARD_RISK_CAP(2.0%)+MAXLOSS_CAP;213145.01;213145.01;36;0
2026.08.13 04:55:16;XAUUSD;5;1786548916;DIR_OCO_COUNTER_PLACED;dir=BULL(counter) ticket=119189029 price=4404.24 lot=0.03;PLACE_PENDING;SAFE;0;2;0;119189029;119189027;0.00;0.00;0.00;0.00;0.00;KELLY_LITE;true;0.04;213145.01;0.0417;KELLY_LITE(mult=1.00 taper=1.00 n=20)+HARD_RISK_CAP(2.0%)+MAXLOSS_CAP;213145.01;213145.01;36;0
2026.08.13 04:55:24;XAUUSD;5;1786548916;BUY_STOP_TRAILED;Old=4404.24 New=4403.85;WAIT_TRIGGER;SAFE;0;2;0;119189029;119189027;0.00;0.00;0.00;0.00;0.00;KELLY_LITE;true;0.04;213145.01;0.0417;KELLY_LITE(mult=1.00 taper=1.00 n=20)+HARD_RISK_CAP(2.0%)+MAXLOSS_CAP;213145.01;213145.01;36;0
2026.08.13 04:55:30;XAUUSD;5;1786548916;BUY_STOP_TRAILED;Old=4403.85 New=4403.32;WAIT_TRIGGER;SAFE;0;2;0;119189029;119189027;0.00;0.00;0.00;0.00;0.00;KELLY_LITE;true;0.04;213145.01;0.0417;KELLY_LITE(mult=1.00 taper=1.00 n=20)+HARD_RISK_CAP(2.0%)+MAXLOSS_CAP;213145.01;213145.01;36;0
2026.08.13 04:55:32;XAUUSD;5;1786548916;BUY_STOP_TRAILED;Old=4403.32 New=4402.90;WAIT_TRIGGER;SAFE;0;2;0;119189029;119189027;0.00;0.00;0.00;0.00;0.00;KELLY_LITE;true;0.04;213145.01;0.0417;KELLY_LITE(mult=1.00 taper=1.00 n=20)+HARD_RISK_CAP(2.0%)+MAXLOSS_CAP;213145.01;213145.01;36;0
2026.08.13 04:55:59;XAUUSD;5;1786548916;OCO_TRIGGERED_SELL;ticket=119189027 entry=4400.89;POSITION_ACTIVE;SAFE;1;1;0;119189029;-1;0.00;-0.57;-0.57;0.00;0.00;KELLY_LITE;true;0.04;213145.01;0.0417;KELLY_LITE(mult=1.00 taper=1.00 n=20)+HARD_RISK_CAP(2.0%)+MAXLOSS_CAP;213145.01;213144.44;36;0
2026.08.13 04:55:59;XAUUSD;5;1786548916;PENDING_DELETED;ticket=119189029 reason=oco_sell_triggered;POSITION_ACTIVE;SAFE;1;0;0;119189029;-1;0.00;-0.18;-0.18;0.00;0.00;KELLY_LITE;true;0.04;213145.01;0.0417;KELLY_LITE(mult=1.00 taper=1.00 n=20)+HARD_RISK_CAP(2.0%)+MAXLOSS_CAP;213145.01;213144.83;36;0
2026.08.13 04:56:00;XAUUSD;5;1786548916;HEDGE_PENDING_PLACED;dir=BUY_STOP ticket=119189239 price=4403.95 sl=4400.95 lot=0.05 mainEntry=4400.89 dist=3.00 confirmBars=1;POSITION_ACTIVE;SAFE;1;1;1;-1;-1;4400.89;0.24;0.24;0.00;-0.18;KELLY_LITE;true;0.04;213145.01;0.0417;KELLY_LITE(mult=1.00 taper=1.00 n=20)+HARD_RISK_CAP(2.0%)+MAXLOSS_CAP;213145.01;213145.25;36;0
2026.08.13 05:00:30;XAUUSD;5;1786548916;SL_MODIFIED;ticket=119189027 oldSL=4415.89 newSL=4399.45 reason=break_even_lock_leg_0 (retry buf=8pt);MANAGE_PROFIT;SAFE;1;1;1;-1;-1;4400.89;5.85;5.85;8.16;-5.70;KELLY_LITE;true;0.04;213145.01;0.0417;KELLY_LITE(mult=1.00 taper=1.00 n=20)+HARD_RISK_CAP(2.0%)+MAXLOSS_CAP;213145.01;213150.86;36;0
2026.08.13 05:00:30;XAUUSD;5;1786548916;PROFIT_RATCHET_LOCKED;floor=2.75 peak=8.16;MANAGE_PROFIT;SAFE;1;1;1;-1;-1;4400.89;5.85;5.85;8.16;-5.70;KELLY_LITE;true;0.04;213145.01;0.0417;KELLY_LITE(mult=1.00 taper=1.00 n=20)+HARD_RISK_CAP(2.0%)+MAXLOSS_CAP;213145.01;213150.86;36;0
2026.08.13 05:00:30;XAUUSD;5;1786548916;PROFIT_RATCHET_LOCKED;floor=2.75 peak=8.16;MANAGE_PROFIT;SAFE;1;1;1;-1;-1;4400.89;5.85;5.85;8.16;-5.70;KELLY_LITE;true;0.04;213145.01;0.0417;KELLY_LITE(mult=1.00 taper=1.00 n=20)+HARD_RISK_CAP(2.0%)+MAXLOSS_CAP;213145.01;213150.86;36;0
2026.08.13 05:00:31;XAUUSD;5;1786548916;SL_MODIFY_FAILED;ticket=119189027 newSL=4399.37 reason=break_even_lock_leg_0 err=0;MANAGE_PROFIT;SAFE;1;1;1;-1;-1;4400.89;5.70;5.70;8.16;-5.70;KELLY_LITE;true;0.04;213145.01;0.0417;KELLY_LITE(mult=1.00 taper=1.00 n=20)+HARD_RISK_CAP(2.0%)+MAXLOSS_CAP;213145.01;213150.71;36;0
2026.08.13 05:00:31;XAUUSD;5;1786548916;PROFIT_RATCHET_LOCKED;floor=2.75 peak=8.16;MANAGE_PROFIT;SAFE;1;1;1;-1;-1;4400.89;5.70;5.70;8.16;-5.70;KELLY_LITE;true;0.04;213145.01;0.0417;KELLY_LITE(mult=1.00 taper=1.00 n=20)+HARD_RISK_CAP(2.0%)+MAXLOSS_CAP;213145.01;213150.71;36;0
2026.08.13 05:00:31;XAUUSD;5;1786548916;PROFIT_RATCHET_LOCKED;floor=2.75 peak=8.16;MANAGE_PROFIT;SAFE;1;1;1;-1;-1;4400.89;5.70;5.70;8.16;-5.70;KELLY_LITE;true;0.04;213145.01;0.0417;KELLY_LITE(mult=1.00 taper=1.00 n=20)+HARD_RISK_CAP(2.0%)+MAXLOSS_CAP;213145.01;213150.71;36;0
2026.08.13 05:00:31;XAUUSD;5;1786548916;PROFIT_RATCHET_LOCKED;floor=2.75 peak=8.16;MANAGE_PROFIT;SAFE;1;1;1;-1;-1;4400.89;5.76;5.76;8.16;-5.70;KELLY_LITE;true;0.04;213145.01;0.0417;KELLY_LITE(mult=1.00 taper=1.00 n=20)+HARD_RISK_CAP(2.0%)+MAXLOSS_CAP;213145.01;213150.77;36;0
2026.08.13 05:00:31;XAUUSD;5;1786548916;PROFIT_RATCHET_LOCKED;floor=2.75 peak=8.16;MANAGE_PROFIT;SAFE;1;1;1;-1;-1;4400.89;5.61;5.61;8.16;-5.70;KELLY_LITE;true;0.04;213145.01;0.0417;KELLY_LITE(mult=1.00 taper=1.00 n=20)+HARD_RISK_CAP(2.0%)+MAXLOSS_CAP;213145.01;213150.62;36;0
2026.08.13 05:00:31;XAUUSD;5;1786548916;PROFIT_RATCHET_LOCKED;floor=2.75 peak=8.16;MANAGE_PROFIT;SAFE;1;1;1;-1;-1;4400.89;5.58;5.58;8.16;-5.70;KELLY_LITE;true;0.04;213145.01;0.0417;KELLY_LITE(mult=1.00 taper=1.00 n=20)+HARD_RISK_CAP(2.0%)+MAXLOSS_CAP;213145.01;213150.59;36;0
2026.08.13 05:00:32;XAUUSD;5;1786548916;PROFIT_RATCHET_LOCKED;floor=2.75 peak=8.16;MANAGE_PROFIT;SAFE;1;1;1;-1;-1;4400.89;5.61;5.61;8.16;-5.70;KELLY_LITE;true;0.04;213145.01;0.0417;KELLY_LITE(mult=1.00 taper=1.00 n=20)+HARD_RISK_CAP(2.0%)+MAXLOSS_CAP;213145.01;213150.62;36;0
2026.08.13 05:00:32;XAUUSD;5;1786548916;PROFIT_RATCHET_LOCKED;floor=2.75 peak=8.16;MANAGE_PROFIT;SAFE;1;1;1;-1;-1;4400.89;5.76;5.76;8.16;-5.70;KELLY_LITE;true;0.04;213145.01;0.0417;KELLY_LITE(mult=1.00 taper=1.00 n=20)+HARD_RISK_CAP(2.0%)+MAXLOSS_CAP;213145.01;213150.77;36;0
2026.08.13 05:00:33;XAUUSD;5;1786548916;PROFIT_RATCHET_LOCKED;floor=2.75 peak=8.16;MANAGE_PROFIT;SAFE;1;1;1;-1;-1;4400.89;5.67;5.67;8.16;-5.70;KELLY_LITE;true;0.04;213145.01;0.0417;KELLY_LITE(mult=1.00 taper=1.00 n=20)+HARD_RISK_CAP(2.0%)+MAXLOSS_CAP;213145.01;213150.68;36;0
2026.08.13 05:00:34;XAUUSD;5;1786548916;PROFIT_RATCHET_LOCKED;floor=2.75 peak=8.16;MANAGE_PROFIT;SAFE;1;1;1;-1;-1;4400.89;5.64;5.64;8.16;-5.70;KELLY_LITE;true;0.04;213145.01;0.0417;KELLY_LITE(mult=1.00 taper=1.00 n=20)+HARD_RISK_CAP(2.0%)+MAXLOSS_CAP;213145.01;213150.65;36;0
2026.08.13 05:00:34;XAUUSD;5;1786548916;PROFIT_RATCHET_LOCKED;floor=2.75 peak=8.16;MANAGE_PROFIT;SAFE;1;1;1;-1;-1;4400.89;5.76;5.76;8.16;-5.70;KELLY_LITE;true;0.04;213145.01;0.0417;KELLY_LITE(mult=1.00 taper=1.00 n=20)+HARD_RISK_CAP(2.0%)+MAXLOSS_CAP;213145.01;213150.77;36;0
2026.08.13 05:00:35;XAUUSD;5;1786548916;PROFIT_RATCHET_LOCKED;floor=2.75 peak=8.16;MANAGE_PROFIT;SAFE;1;1;1;-1;-1;4400.89;5.55;5.55;8.16;-5.70;KELLY_LITE;true;0.04;213145.01;0.0417;KELLY_LITE(mult=1.00 taper=1.00 n=20)+HARD_RISK_CAP(2.0%)+MAXLOSS_CAP;213145.01;213150.56;36;0
2026.08.13 05:00:35;XAUUSD;5;1786548916;PROFIT_RATCHET_LOCKED;floor=2.75 peak=8.16;MANAGE_PROFIT;SAFE;1;1;1;-1;-1;4400.89;5.55;5.55;8.16;-5.70;KELLY_LITE;true;0.04;213145.01;0.0417;KELLY_LITE(mult=1.00 taper=1.00 n=20)+HARD_RISK_CAP(2.0%)+MAXLOSS_CAP;213145.01;213150.56;36;0
2026.08.13 05:00:35;XAUUSD;5;1786548916;EXIT_TIERED_TRAIL;profit=5.13 peak=8.16 allowedRetrace=2.65;MANAGE_PROFIT;SAFE;1;1;1;-1;-1;4400.89;5.13;5.13;8.16;-5.70;KELLY_LITE;true;0.04;213145.01;0.0417;KELLY_LITE(mult=1.00 taper=1.00 n=20)+HARD_RISK_CAP(2.0%)+MAXLOSS_CAP;213145.01;213150.14;36;0
2026.08.13 05:00:36;XAUUSD;5;1786548916;POSITION_CLOSED;ticket=119189027 reason=tiered_profit_trail lots=0.03 price=4399.18 pnl=5.13;MANAGE_PROFIT;SAFE;0;1;1;-1;-1;4400.89;0.00;0.00;8.16;-5.70;KELLY_LITE;true;0.04;213145.01;0.0417;KELLY_LITE(mult=1.00 taper=1.00 n=20)+HARD_RISK_CAP(2.0%)+MAXLOSS_CAP;213149.75;213149.75;36;0
2026.08.13 05:00:36;XAUUSD;5;1786548916;PENDING_DELETED;ticket=119189239 reason=close_all_hedge;MANAGE_PROFIT;SAFE;0;0;0;-1;-1;4400.89;0.00;0.00;8.16;-5.70;KELLY_LITE;true;0.04;213145.01;0.0417;KELLY_LITE(mult=1.00 taper=1.00 n=20)+HARD_RISK_CAP(2.0%)+MAXLOSS_CAP;213149.75;213149.75;36;0
2026.08.13 05:00:36;XAUUSD;5;1786548916;CYCLE_RESET;oldState=RESET realizedPnL=4.74 peak=8.16 worst=-5.70 pyramid=0 consLosses=0;RESET;SAFE;0;0;0;-1;-1;4400.89;0.00;0.00;8.16;-5.70;KELLY_LITE;true;0.04;213145.01;0.0417;KELLY_LITE(mult=1.00 taper=1.00 n=20)+HARD_RISK_CAP(2.0%)+MAXLOSS_CAP;213149.75;213149.75;36;0
2026.08.13 05:05:36;XAUUSD;5;1786548917;PLACE_PENDING_START;cycle=1786548917 trend=-1 consecLosses=0 preset=AGGRESSIVE;PLACE_PENDING;SAFE;0;0;0;-1;-1;0.00;0.00;0.00;0.00;0.00;KELLY_LITE;true;0.04;213145.01;0.0417;KELLY_LITE(mult=1.00 taper=1.00 n=20)+HARD_RISK_CAP(2.0%)+MAXLOSS_CAP;213149.75;213149.75;36;0
2026.08.13 05:05:36;XAUUSD;5;1786548917;DIR_OCO_PLACED;dir=BEAR ticket=119192127 price=4394.37 sl=4409.37 tp=4371.87 lot=0.03 dist=1.50;PLACE_PENDING;SAFE;0;1;0;-1;119192127;0.00;0.00;0.00;0.00;0.00;KELLY_LITE;true;0.04;213149.75;0.0417;KELLY_LITE(mult=1.10 taper=1.00 n=20)+HARD_RISK_CAP(2.0%)+MAXLOSS_CAP;213149.75;213149.75;36;0
2026.08.13 05:05:36;XAUUSD;5;1786548917;DIR_OCO_COUNTER_PLACED;dir=BULL(counter) ticket=119192130 price=4397.74 lot=0.03;PLACE_PENDING;SAFE;0;2;0;119192130;119192127;0.00;0.00;0.00;0.00;0.00;KELLY_LITE;true;0.04;213149.75;0.0417;KELLY_LITE(mult=1.10 taper=1.00 n=20)+HARD_RISK_CAP(2.0%)+MAXLOSS_CAP;213149.75;213149.75;36;0
2026.08.13 05:05:48;XAUUSD;5;1786548917;SELL_STOP_TRAILED;Old=4394.37 New=4394.82;WAIT_TRIGGER;SAFE;0;2;0;119192130;119192127;0.00;0.00;0.00;0.00;0.00;KELLY_LITE;true;0.04;213149.75;0.0417;KELLY_LITE(mult=1.10 taper=1.00 n=20)+HARD_RISK_CAP(2.0%)+MAXLOSS_CAP;213149.75;213149.75;36;0
2026.08.13 05:05:58;XAUUSD;5;1786548917;BUY_STOP_TRAILED;Old=4397.74 New=4397.42;WAIT_TRIGGER;SAFE;0;2;0;119192130;119192127;0.00;0.00;0.00;0.00;0.00;KELLY_LITE;true;0.04;213149.75;0.0417;KELLY_LITE(mult=1.10 taper=1.00 n=20)+HARD_RISK_CAP(2.0%)+MAXLOSS_CAP;213149.75;213149.75;36;0
2026.08.13 05:06:03;XAUUSD;5;1786548917;BUY_STOP_TRAILED;Old=4397.42 New=4397.09;WAIT_TRIGGER;SAFE;0;2;0;119192130;119192127;0.00;0.00;0.00;0.00;0.00;KELLY_LITE;true;0.04;213149.75;0.0417;KELLY_LITE(mult=1.10 taper=1.00 n=20)+HARD_RISK_CAP(2.0%)+MAXLOSS_CAP;213149.75;213149.75;34;0
2026.08.13 05:06:52;XAUUSD;5;1786548917;OCO_TRIGGERED_BUY;ticket=119192130 entry=4397.09;POSITION_ACTIVE;SAFE;1;1;0;-1;119192127;0.00;-0.72;-0.72;0.00;0.00;KELLY_LITE;true;0.04;213149.75;0.0417;KELLY_LITE(mult=1.10 taper=1.00 n=20)+HARD_RISK_CAP(2.0%)+MAXLOSS_CAP;213149.75;213149.03;33;0
2026.08.13 05:06:53;XAUUSD;5;1786548917;PENDING_DELETED;ticket=119192127 reason=oco_buy_triggered;POSITION_ACTIVE;SAFE;1;0;0;-1;119192127;0.00;-0.81;-0.81;0.00;0.00;KELLY_LITE;true;0.04;213149.75;0.0417;KELLY_LITE(mult=1.10 taper=1.00 n=20)+HARD_RISK_CAP(2.0%)+MAXLOSS_CAP;213149.75;213148.94;36;0
2026.08.13 05:06:53;XAUUSD;5;1786548917;HEDGE_PENDING_PLACED;dir=SELL_STOP ticket=119192393 price=4393.82 sl=4396.82 lot=0.05 mainEntry=4397.09 dist=3.00 confirmBars=1;POSITION_ACTIVE;SAFE;1;1;1;-1;-1;4397.09;-1.29;-1.29;0.00;-0.81;KELLY_LITE;true;0.04;213149.75;0.0417;KELLY_LITE(mult=1.10 taper=1.00 n=20)+HARD_RISK_CAP(2.0%)+MAXLOSS_CAP;213149.75;213148.46;36;0
2026.08.13 05:11:23;XAUUSD;5;1786548917;SL_MODIFIED;ticket=119192393 oldSL=4396.82 newSL=4393.75 reason=hedge_giveback_lock;MANAGE_PROFIT;SAFE;2;0;1;-1;-1;4397.09;-9.71;2.95;0.00;-10.82;KELLY_LITE;true;0.04;213149.75;0.0417;KELLY_LITE(mult=1.10 taper=1.00 n=20)+HARD_RISK_CAP(2.0%)+MAXLOSS_CAP;213149.75;213140.04;36;0
2026.08.13 05:11:27;XAUUSD;5;1786548917;SL_MODIFIED;ticket=119192393 oldSL=4393.75 newSL=4393.72 reason=hedge_giveback_lock;MANAGE_PROFIT;SAFE;2;0;1;-1;-1;4397.09;-9.69;3.00;0.00;-10.82;KELLY_LITE;true;0.04;213149.75;0.0417;KELLY_LITE(mult=1.10 taper=1.00 n=20)+HARD_RISK_CAP(2.0%)+MAXLOSS_CAP;213149.75;213140.06;36;0
2026.08.13 05:11:36;XAUUSD;5;1786548917;POSITION_CLOSED;ticket=119192393 reason=hedge_trail_close lots=0.05 price=4393.64 pnl=0.90;MANAGE_PROFIT;SAFE;1;0;1;-1;-1;4397.09;-12.09;-12.09;0.00;-10.82;KELLY_LITE;true;0.04;213149.75;0.0417;KELLY_LITE(mult=1.10 taper=1.00 n=20)+HARD_RISK_CAP(2.0%)+MAXLOSS_CAP;213150.95;213138.86;34;0
2026.08.13 05:11:36;XAUUSD;5;1786548917;HEDGE_CLOSED_TRAIL;peak=3.15 close=0.90 threshold=0.95 reason=peak_retrace ok=1;MANAGE_PROFIT;SAFE;1;0;1;-1;-1;4397.09;-12.09;-12.09;0.00;-10.82;KELLY_LITE;true;0.04;213149.75;0.0417;KELLY_LITE(mult=1.10 taper=1.00 n=20)+HARD_RISK_CAP(2.0%)+MAXLOSS_CAP;213150.95;213138.86;34;0
2026.08.13 05:11:36;XAUUSD;5;1786548917;EXIT_SOFT_SL_MOMENTUM;profit=-12.09 rsi=28.4 dir=1;MANAGE_PROFIT;SAFE;1;0;1;-1;-1;4397.09;-12.09;-12.09;0.00;-12.09;KELLY_LITE;true;0.04;213149.75;0.0417;KELLY_LITE(mult=1.10 taper=1.00 n=20)+HARD_RISK_CAP(2.0%)+MAXLOSS_CAP;213150.95;213138.86;34;0
2026.08.13 05:11:37;XAUUSD;5;1786548917;POSITION_CLOSED;ticket=119192130 reason=soft_sl_momentum lots=0.03 price=4393.06 pnl=-12.09;MANAGE_PROFIT;SAFE;0;0;1;-1;-1;4397.09;0.00;0.00;0.00;-12.09;KELLY_LITE;true;0.04;213149.75;0.0417;KELLY_LITE(mult=1.10 taper=1.00 n=20)+HARD_RISK_CAP(2.0%)+MAXLOSS_CAP;213137.78;213137.78;33;0
2026.08.13 05:11:37;XAUUSD;5;1786548917;CYCLE_RESET;oldState=RESET realizedPnL=-11.97 peak=0.00 worst=-12.09 pyramid=0 consLosses=1;RESET;SAFE;0;0;0;-1;-1;4397.09;0.00;0.00;0.00;-12.09;KELLY_LITE;true;0.04;213149.75;0.0417;KELLY_LITE(mult=1.10 taper=1.00 n=20)+HARD_RISK_CAP(2.0%)+MAXLOSS_CAP;213137.78;213137.78;33;0
