time;symbol;tf;cycle;event;detail;state;risk;active_orders;pending_orders;pyramid_level;buy_stop_ticket;sell_stop_ticket;entry_price;profit_money;price_move;peak_profit;worst_profit;lot_mode;auto_lot;last_lot;lot_base;lot_raw;lot_reason;balance;equity;spread;last_error
2026.08.13 08:02:11;XAUUSD;5;1786608131;EA_INIT;V9|Preset=AGGRESSIVE|MaxLoss=$50.0 SL=$12.0 RiskPct=1.50|HedgeMaxNeg=$10.0 LotRatio=1.25 ConfirmBars=1 Cooldown=60s|DailyDD=4.0% WeeklyLim=$100|AutoLotMode=KELLY_LITE|Session=ALL NewsFilter=OFF (0 times);IDLE;SAFE;0;0;0;-1;-1;0.00;0.00;0.00;0.00;0.00;KELLY_LITE;true;0.00;0.00;0.0000;INIT;213142.14;213142.14;34;0
2026.08.13 08:02:11;XAUUSD;5;1786608131;DAILY_BASELINE_RESTORED;startEquity=213142.82 paused=false hardStop=false;IDLE;SAFE;0;0;0;-1;-1;0.00;0.00;0.00;0.00;0.00;KELLY_LITE;true;0.00;0.00;0.0000;INIT;213142.14;213142.14;34;0
2026.08.13 08:02:11;XAUUSD;5;1786608131;WEEKLY_BASELINE_RESTORED;startEquity=213142.82 paused=false;IDLE;SAFE;0;0;0;-1;-1;0.00;0.00;0.00;0.00;0.00;KELLY_LITE;true;0.00;0.00;0.0000;INIT;213142.14;213142.14;34;0
2026.08.13 08:02:13;XAUUSD;5;1786608131;TRADELOG_RECOVER_CLOSE;ticket=119234546 type=main pnl=-3.45;IDLE;SAFE;0;0;0;-1;-1;0.00;0.00;0.00;0.00;0.00;KELLY_LITE;true;0.00;0.00;0.0000;INIT;213142.14;213142.14;36;0
2026.08.13 08:02:13;XAUUSD;5;1786608131;FILTER_BLOCK_TREND_DISAGREE;TREND_DISAGREE (main=-1 fast=1 rsi=43.6, no extreme);BLOCKED;SAFE;0;0;0;-1;-1;0.00;0.00;0.00;0.00;0.00;KELLY_LITE;true;0.00;0.00;0.0000;INIT;213142.14;213142.14;36;0
2026.08.13 08:07:13;XAUUSD;5;1786608131;FILTER_BLOCK_TREND_DISAGREE;TREND_DISAGREE (main=-1 fast=1 rsi=42.1, no extreme);BLOCKED;SAFE;0;0;0;-1;-1;0.00;0.00;0.00;0.00;0.00;KELLY_LITE;true;0.00;0.00;0.0000;INIT;213142.14;213142.14;36;0
2026.08.13 08:12:13;XAUUSD;5;1786608131;FILTER_BLOCK_TREND_DISAGREE;TREND_DISAGREE (main=-1 fast=1 rsi=40.4, no extreme);BLOCKED;SAFE;0;0;0;-1;-1;0.00;0.00;0.00;0.00;0.00;KELLY_LITE;true;0.00;0.00;0.0000;INIT;213142.14;213142.14;34;0
2026.08.13 08:17:13;XAUUSD;5;1786608132;PLACE_PENDING_START;cycle=1786608132 trend=-1 consecLosses=0 preset=AGGRESSIVE;PLACE_PENDING;SAFE;0;0;0;-1;-1;0.00;0.00;0.00;0.00;0.00;KELLY_LITE;true;0.00;0.00;0.0000;INIT;213142.14;213142.14;36;0
2026.08.13 08:17:13;XAUUSD;5;1786608132;DIR_OCO_PLACED;dir=BEAR ticket=119241193 price=4374.29 sl=4389.29 tp=4351.79 lot=0.03 dist=1.59;PLACE_PENDING;SAFE;0;1;0;-1;119241193;0.00;0.00;0.00;0.00;0.00;KELLY_LITE;true;0.04;213142.14;0.0417;KELLY_LITE(mult=1.00 taper=1.00 n=0)+HARD_RISK_CAP(2.0%)+MAXLOSS_CAP;213142.14;213142.14;36;0
2026.08.13 08:17:14;XAUUSD;5;1786608132;DIR_OCO_COUNTER_PLACED;dir=BULL(counter) ticket=119241196 price=4377.80 lot=0.03;PLACE_PENDING;SAFE;0;2;0;119241196;119241193;0.00;0.00;0.00;0.00;0.00;KELLY_LITE;true;0.04;213142.14;0.0417;KELLY_LITE(mult=1.00 taper=1.00 n=0)+HARD_RISK_CAP(2.0%)+MAXLOSS_CAP;213142.14;213142.14;36;0
2026.08.13 08:17:17;XAUUSD;5;1786608132;BUY_STOP_TRAILED;Old=4377.80 New=4377.23;WAIT_TRIGGER;SAFE;0;2;0;119241196;119241193;0.00;0.00;0.00;0.00;0.00;KELLY_LITE;true;0.04;213142.14;0.0417;KELLY_LITE(mult=1.00 taper=1.00 n=0)+HARD_RISK_CAP(2.0%)+MAXLOSS_CAP;213142.14;213142.14;36;0
2026.08.13 08:17:34;XAUUSD;5;1786608132;BUY_STOP_TRAILED;Old=4377.23 New=4376.88;WAIT_TRIGGER;SAFE;0;2;0;119241196;119241193;0.00;0.00;0.00;0.00;0.00;KELLY_LITE;true;0.04;213142.14;0.0417;KELLY_LITE(mult=1.00 taper=1.00 n=0)+HARD_RISK_CAP(2.0%)+MAXLOSS_CAP;213142.14;213142.14;37;0
2026.08.13 08:19:40;XAUUSD;5;1786608132;BUY_STOP_TRAILED;Old=4376.88 New=4376.43;WAIT_TRIGGER;SAFE;0;2;0;119241196;119241193;0.00;0.00;0.00;0.00;0.00;KELLY_LITE;true;0.04;213142.14;0.0417;KELLY_LITE(mult=1.00 taper=1.00 n=0)+HARD_RISK_CAP(2.0%)+MAXLOSS_CAP;213142.14;213142.14;36;0
2026.08.13 08:19:42;XAUUSD;5;1786608132;OCO_TRIGGERED_SELL;ticket=119241193 entry=4374.29;POSITION_ACTIVE;SAFE;1;1;0;119241196;-1;0.00;0.12;-0.96;0.00;0.00;KELLY_LITE;true;0.04;213142.14;0.0417;KELLY_LITE(mult=1.00 taper=1.00 n=0)+HARD_RISK_CAP(2.0%)+MAXLOSS_CAP;213142.14;213142.26;36;0
2026.08.13 08:19:43;XAUUSD;5;1786608132;PENDING_DELETED;ticket=119241196 reason=oco_sell_triggered;POSITION_ACTIVE;SAFE;1;0;0;119241196;-1;0.00;-0.99;-0.99;0.00;0.00;KELLY_LITE;true;0.04;213142.14;0.0417;KELLY_LITE(mult=1.00 taper=1.00 n=0)+HARD_RISK_CAP(2.0%)+MAXLOSS_CAP;213142.14;213141.15;36;0
2026.08.13 08:19:43;XAUUSD;5;1786608132;HEDGE_PENDING_PLACED;dir=BUY_STOP ticket=119241754 price=4377.62 sl=4374.62 lot=0.05 mainEntry=4374.29 dist=3.00 confirmBars=1;POSITION_ACTIVE;SAFE;1;1;1;-1;-1;4374.29;-0.84;-0.84;0.00;-0.99;KELLY_LITE;true;0.04;213142.14;0.0417;KELLY_LITE(mult=1.00 taper=1.00 n=0)+HARD_RISK_CAP(2.0%)+MAXLOSS_CAP;213142.14;213141.30;36;0
2026.08.13 08:34:45;XAUUSD;5;1786608132;PENDING_DELETED;ticket=119241754 reason=hedge_pending_expired;POSITION_ACTIVE;SAFE;1;0;1;-1;-1;4374.29;1.86;1.86;5.82;-9.93;KELLY_LITE;true;0.04;213142.14;0.0417;KELLY_LITE(mult=1.00 taper=1.00 n=0)+HARD_RISK_CAP(2.0%)+MAXLOSS_CAP;213142.14;213144.00;33;0
2026.08.13 08:34:45;XAUUSD;5;1786608132;HEDGE_PENDING_EXPIRED;after=900s rearm=1/1;POSITION_ACTIVE;SAFE;1;0;1;-1;-1;4374.29;1.86;1.86;5.82;-9.93;KELLY_LITE;true;0.04;213142.14;0.0417;KELLY_LITE(mult=1.00 taper=1.00 n=0)+HARD_RISK_CAP(2.0%)+MAXLOSS_CAP;213142.14;213144.00;33;0
2026.08.13 08:34:46;XAUUSD;5;1786608132;HEDGE_PENDING_PLACED;dir=BUY_STOP ticket=119245087 price=4376.67 sl=4373.67 lot=0.05 mainEntry=4374.29 dist=3.00 confirmBars=1;MANAGE_PROFIT;SAFE;1;1;1;-1;-1;4374.29;1.71;1.71;5.82;-9.93;KELLY_LITE;true;0.04;213142.14;0.0417;KELLY_LITE(mult=1.00 taper=1.00 n=0)+HARD_RISK_CAP(2.0%)+MAXLOSS_CAP;213142.14;213143.85;33;0
2026.08.13 08:38:22;XAUUSD;5;1786608132;POSITION_CLOSED;ticket=119245087 reason=hedge_max_loss lots=0.05 price=4374.64 pnl=-10.15;MANAGE_PROFIT;SAFE;1;0;1;-1;-1;4374.29;-1.71;-1.71;5.82;-12.06;KELLY_LITE;true;0.04;213142.14;0.0417;KELLY_LITE(mult=1.00 taper=1.00 n=0)+HARD_RISK_CAP(2.0%)+MAXLOSS_CAP;213131.29;213129.58;36;0
2026.08.13 08:38:22;XAUUSD;5;1786608132;HEDGE_CLOSED_MAX_LOSS;profit=-10.15 limit=10.00 peak=0.00 reason=hard_dollar_stop ok=1;MANAGE_PROFIT;SAFE;1;0;1;-1;-1;4374.29;-1.71;-1.71;5.82;-12.06;KELLY_LITE;true;0.04;213142.14;0.0417;KELLY_LITE(mult=1.00 taper=1.00 n=0)+HARD_RISK_CAP(2.0%)+MAXLOSS_CAP;213131.29;213129.58;36;0
2026.08.13 08:49:21;XAUUSD;5;1786608132;EXIT_TIME_PROFIT_LOCK;held=29 profit=4.35 peak=5.82 giveback=1.47;MANAGE_PROFIT;SAFE;1;0;1;-1;-1;4374.29;4.35;4.35;5.82;-14.28;KELLY_LITE;true;0.04;213142.14;0.0417;KELLY_LITE(mult=1.00 taper=1.00 n=0)+HARD_RISK_CAP(2.0%)+MAXLOSS_CAP;213131.29;213135.64;33;0
2026.08.13 08:49:21;XAUUSD;5;1786608132;POSITION_CLOSED;ticket=119241193 reason=time_exit_profit_lock lots=0.03 price=4372.84 pnl=4.35;MANAGE_PROFIT;SAFE;0;0;1;-1;-1;4374.29;0.00;0.00;5.82;-14.28;KELLY_LITE;true;0.04;213142.14;0.0417;KELLY_LITE(mult=1.00 taper=1.00 n=0)+HARD_RISK_CAP(2.0%)+MAXLOSS_CAP;213135.97;213135.97;34;0
2026.08.13 08:49:21;XAUUSD;5;1786608132;LOSS_COOLDOWN_AFTER_LOSS;cyclePnL=-6.17 pauseUntil=2026.08.13 08:54:21;RESET;SAFE;0;0;0;-1;-1;4374.29;0.00;0.00;5.82;-14.28;KELLY_LITE;true;0.04;213142.14;0.0417;KELLY_LITE(mult=1.00 taper=1.00 n=0)+HARD_RISK_CAP(2.0%)+MAXLOSS_CAP;213135.97;213135.97;34;0
2026.08.13 08:49:21;XAUUSD;5;1786608132;CYCLE_RESET;oldState=RESET realizedPnL=-6.17 peak=5.82 worst=-14.28 pyramid=0 consLosses=1;RESET;SAFE;0;0;0;-1;-1;4374.29;0.00;0.00;5.82;-14.28;KELLY_LITE;true;0.04;213142.14;0.0417;KELLY_LITE(mult=1.00 taper=1.00 n=0)+HARD_RISK_CAP(2.0%)+MAXLOSS_CAP;213135.97;213135.97;34;0
2026.08.13 08:54:21;XAUUSD;5;1786608132;FILTER_BLOCK_ADX_WEAK_MAIN;ADX_WEAK_MAIN (adx=22.0 min=28.0 [streak=1]);BLOCKED;SAFE;0;0;0;-1;-1;0.00;0.00;0.00;0.00;0.00;KELLY_LITE;true;0.04;213142.14;0.0417;KELLY_LITE(mult=1.00 taper=1.00 n=0)+HARD_RISK_CAP(2.0%)+MAXLOSS_CAP;213135.97;213135.97;33;0
2026.08.13 08:59:21;XAUUSD;5;1786608132;FILTER_BLOCK_ADX_WEAK_MAIN;ADX_WEAK_MAIN (adx=23.1 min=28.0 [streak=1]);BLOCKED;SAFE;0;0;0;-1;-1;0.00;0.00;0.00;0.00;0.00;KELLY_LITE;true;0.04;213142.14;0.0417;KELLY_LITE(mult=1.00 taper=1.00 n=0)+HARD_RISK_CAP(2.0%)+MAXLOSS_CAP;213135.97;213135.97;36;0
2026.08.13 09:04:21;XAUUSD;5;1786608132;FILTER_BLOCK_ADX_WEAK_MAIN;ADX_WEAK_MAIN (adx=24.6 min=28.0 [streak=1]);BLOCKED;SAFE;0;0;0;-1;-1;0.00;0.00;0.00;0.00;0.00;KELLY_LITE;true;0.04;213142.14;0.0417;KELLY_LITE(mult=1.00 taper=1.00 n=0)+HARD_RISK_CAP(2.0%)+MAXLOSS_CAP;213135.97;213135.97;36;0
2026.08.13 09:09:21;XAUUSD;5;1786608133;PLACE_PENDING_START;cycle=1786608133 trend=-1 consecLosses=1 preset=AGGRESSIVE;PLACE_PENDING;SAFE;0;0;0;-1;-1;0.00;0.00;0.00;0.00;0.00;KELLY_LITE;true;0.04;213142.14;0.0417;KELLY_LITE(mult=1.00 taper=1.00 n=0)+HARD_RISK_CAP(2.0%)+MAXLOSS_CAP;213135.97;213135.97;33;0
2026.08.13 09:09:21;XAUUSD;5;1786608133;DIR_OCO_PLACED;dir=BEAR ticket=119253908 price=4365.20 sl=4380.20 tp=4342.70 lot=0.03 dist=1.65;PLACE_PENDING;SAFE;0;1;0;-1;119253908;0.00;0.00;0.00;0.00;0.00;KELLY_LITE;true;0.04;213135.97;0.0417;KELLY_LITE(mult=1.00 taper=1.00 n=1)+HARD_RISK_CAP(2.0%)+MAXLOSS_CAP;213135.97;213135.97;33;0
2026.08.13 09:09:22;XAUUSD;5;1786608133;DIR_OCO_COUNTER_PLACED;dir=BULL(counter) ticket=119253911 price=4368.73 lot=0.03;PLACE_PENDING;SAFE;0;2;0;119253911;119253908;0.00;0.00;0.00;0.00;0.00;KELLY_LITE;true;0.04;213135.97;0.0417;KELLY_LITE(mult=1.00 taper=1.00 n=1)+HARD_RISK_CAP(2.0%)+MAXLOSS_CAP;213135.97;213135.97;33;0
2026.08.13 09:09:29;XAUUSD;5;1786608133;SELL_STOP_TRAILED;Old=4365.20 New=4365.62;WAIT_TRIGGER;SAFE;0;2;0;119253911;119253908;0.00;0.00;0.00;0.00;0.00;KELLY_LITE;true;0.04;213135.97;0.0417;KELLY_LITE(mult=1.00 taper=1.00 n=1)+HARD_RISK_CAP(2.0%)+MAXLOSS_CAP;213135.97;213135.97;36;0
2026.08.13 09:09:46;XAUUSD;5;1786608133;BUY_STOP_TRAILED;Old=4368.73 New=4368.30;WAIT_TRIGGER;SAFE;0;2;0;119253911;119253908;0.00;0.00;0.00;0.00;0.00;KELLY_LITE;true;0.04;213135.97;0.0417;KELLY_LITE(mult=1.00 taper=1.00 n=1)+HARD_RISK_CAP(2.0%)+MAXLOSS_CAP;213135.97;213135.97;33;0
2026.08.13 09:09:50;XAUUSD;5;1786608133;BUY_STOP_TRAILED;Old=4368.30 New=4367.94;WAIT_TRIGGER;SAFE;0;2;0;119253911;119253908;0.00;0.00;0.00;0.00;0.00;KELLY_LITE;true;0.04;213135.97;0.0417;KELLY_LITE(mult=1.00 taper=1.00 n=1)+HARD_RISK_CAP(2.0%)+MAXLOSS_CAP;213135.97;213135.97;35;0
2026.08.13 09:10:00;XAUUSD;5;1786608133;BUY_STOP_TRAILED;Old=4367.94 New=4367.53;WAIT_TRIGGER;SAFE;0;2;0;119253911;119253908;0.00;0.00;0.00;0.00;0.00;KELLY_LITE;true;0.04;213135.97;0.0417;KELLY_LITE(mult=1.00 taper=1.00 n=1)+HARD_RISK_CAP(2.0%)+MAXLOSS_CAP;213135.97;213135.97;36;0
2026.08.13 09:10:01;XAUUSD;5;1786608133;OCO_TRIGGERED_SELL;ticket=119253908 entry=4365.62;POSITION_ACTIVE;SAFE;1;1;0;119253911;-1;0.00;-0.78;-0.78;0.00;0.00;KELLY_LITE;true;0.04;213135.97;0.0417;KELLY_LITE(mult=1.00 taper=1.00 n=1)+HARD_RISK_CAP(2.0%)+MAXLOSS_CAP;213135.97;213135.19;34;0
2026.08.13 09:10:01;XAUUSD;5;1786608133;PENDING_DELETED;ticket=119253911 reason=oco_sell_triggered;POSITION_ACTIVE;SAFE;1;0;0;119253911;-1;0.00;0.00;0.00;0.00;0.00;KELLY_LITE;true;0.04;213135.97;0.0417;KELLY_LITE(mult=1.00 taper=1.00 n=1)+HARD_RISK_CAP(2.0%)+MAXLOSS_CAP;213135.97;213135.97;33;0
2026.08.13 09:10:02;XAUUSD;5;1786608133;HEDGE_PENDING_PLACED;dir=BUY_STOP ticket=119254129 price=4368.62 sl=4365.62 lot=0.05 mainEntry=4365.62 dist=3.00 confirmBars=1;POSITION_ACTIVE;SAFE;1;1;1;-1;-1;4365.62;0.72;0.72;0.00;0.00;KELLY_LITE;true;0.04;213135.97;0.0417;KELLY_LITE(mult=1.00 taper=1.00 n=1)+HARD_RISK_CAP(2.0%)+MAXLOSS_CAP;213135.97;213136.69;33;0
2026.08.13 09:22:18;XAUUSD;5;1786608133;POSITION_CLOSED;ticket=119254129 reason=hedge_trail_close lots=0.05 price=4368.73 pnl=0.55;MANAGE_PROFIT;SAFE;1;0;1;-1;-1;4365.62;-10.65;-10.65;3.81;-11.88;KELLY_LITE;true;0.04;213135.97;0.0417;KELLY_LITE(mult=1.00 taper=1.00 n=1)+HARD_RISK_CAP(2.0%)+MAXLOSS_CAP;213137.07;213126.42;33;0
2026.08.13 09:22:18;XAUUSD;5;1786608133;HEDGE_CLOSED_TRAIL;peak=2.05 close=0.55 threshold=0.61 reason=peak_retrace ok=1;MANAGE_PROFIT;SAFE;1;0;1;-1;-1;4365.62;-10.65;-10.65;3.81;-11.88;KELLY_LITE;true;0.04;213135.97;0.0417;KELLY_LITE(mult=1.00 taper=1.00 n=1)+HARD_RISK_CAP(2.0%)+MAXLOSS_CAP;213137.07;213126.42;33;0
2026.08.13 09:24:37;XAUUSD;5;1786608133;EXIT_TIME_LOSS_HARDCAP;held=14 profit=-15.69 rsi=42.5;MANAGE_PROFIT;SAFE;1;0;1;-1;-1;4365.62;-15.69;-15.69;3.81;-15.69;KELLY_LITE;true;0.04;213135.97;0.0417;KELLY_LITE(mult=1.00 taper=1.00 n=1)+HARD_RISK_CAP(2.0%)+MAXLOSS_CAP;213137.07;213121.38;33;0
2026.08.13 09:24:38;XAUUSD;5;1786608133;POSITION_CLOSED;ticket=119253908 reason=time_loss_exit_hardcap lots=0.03 price=4370.85 pnl=-15.69;MANAGE_PROFIT;SAFE;0;0;1;-1;-1;4365.62;0.00;0.00;3.81;-15.69;KELLY_LITE;true;0.04;213135.97;0.0417;KELLY_LITE(mult=1.00 taper=1.00 n=1)+HARD_RISK_CAP(2.0%)+MAXLOSS_CAP;213121.38;213121.38;33;0
2026.08.13 09:24:38;XAUUSD;5;1786608133;LOSS_COOLDOWN_AFTER_LOSS;cyclePnL=-14.59 pauseUntil=2026.08.13 09:29:38;RESET;SAFE;0;0;0;-1;-1;4365.62;0.00;0.00;3.81;-15.69;KELLY_LITE;true;0.04;213135.97;0.0417;KELLY_LITE(mult=1.00 taper=1.00 n=1)+HARD_RISK_CAP(2.0%)+MAXLOSS_CAP;213121.38;213121.38;33;0
2026.08.13 09:24:38;XAUUSD;5;1786608133;CYCLE_RESET;oldState=RESET realizedPnL=-14.59 peak=3.81 worst=-15.69 pyramid=0 consLosses=2;RESET;SAFE;0;0;0;-1;-1;4365.62;0.00;0.00;3.81;-15.69;KELLY_LITE;true;0.04;213135.97;0.0417;KELLY_LITE(mult=1.00 taper=1.00 n=1)+HARD_RISK_CAP(2.0%)+MAXLOSS_CAP;213121.38;213121.38;33;0
2026.08.13 09:29:38;XAUUSD;5;1786608134;PLACE_PENDING_START;cycle=1786608134 trend=-1 consecLosses=2 preset=AGGRESSIVE;PLACE_PENDING;SAFE;0;0;0;-1;-1;0.00;0.00;0.00;0.00;0.00;KELLY_LITE;true;0.04;213135.97;0.0417;KELLY_LITE(mult=1.00 taper=1.00 n=1)+HARD_RISK_CAP(2.0%)+MAXLOSS_CAP;213121.38;213121.38;35;0
2026.08.13 09:29:38;XAUUSD;5;1786608134;DIR_OCO_PLACED;dir=BEAR ticket=119259206 price=4371.17 sl=4386.17 tp=4348.67 lot=0.03 dist=1.70;PLACE_PENDING;SAFE;0;1;0;-1;119259206;0.00;0.00;0.00;0.00;0.00;KELLY_LITE;true;0.04;213121.38;0.0417;KELLY_LITE(mult=1.00 taper=1.00 n=2)+CONSEC_REDUCE(0.50)+HARD_RISK_CAP(2.0%)+MAXLOSS_CAP;213121.38;213121.38;36;0
2026.08.13 09:29:39;XAUUSD;5;1786608134;DIR_OCO_COUNTER_PLACED;dir=BULL(counter) ticket=119259208 price=4374.93 lot=0.03;PLACE_PENDING;SAFE;0;2;0;119259208;119259206;0.00;0.00;0.00;0.00;0.00;KELLY_LITE;true;0.04;213121.38;0.0417;KELLY_LITE(mult=1.00 taper=1.00 n=2)+CONSEC_REDUCE(0.50)+HARD_RISK_CAP(2.0%)+MAXLOSS_CAP;213121.38;213121.38;36;0
2026.08.13 09:29:44;XAUUSD;5;1786608134;BUY_STOP_TRAILED;Old=4374.93 New=4374.58;WAIT_TRIGGER;SAFE;0;2;0;119259208;119259206;0.00;0.00;0.00;0.00;0.00;KELLY_LITE;true;0.04;213121.38;0.0417;KELLY_LITE(mult=1.00 taper=1.00 n=2)+CONSEC_REDUCE(0.50)+HARD_RISK_CAP(2.0%)+MAXLOSS_CAP;213121.38;213121.38;36;0
2026.08.13 09:30:02;XAUUSD;5;1786608134;BUY_STOP_TRAILED;Old=4374.58 New=4374.23;WAIT_TRIGGER;SAFE;0;2;0;119259208;119259206;0.00;0.00;0.00;0.00;0.00;KELLY_LITE;true;0.04;213121.38;0.0417;KELLY_LITE(mult=1.00 taper=1.00 n=2)+CONSEC_REDUCE(0.50)+HARD_RISK_CAP(2.0%)+MAXLOSS_CAP;213121.38;213121.38;36;0
2026.08.13 09:30:05;XAUUSD;5;1786608134;BUY_STOP_TRAILED;Old=4374.23 New=4373.87;WAIT_TRIGGER;SAFE;0;2;0;119259208;119259206;0.00;0.00;0.00;0.00;0.00;KELLY_LITE;true;0.04;213121.38;0.0417;KELLY_LITE(mult=1.00 taper=1.00 n=2)+CONSEC_REDUCE(0.50)+HARD_RISK_CAP(2.0%)+MAXLOSS_CAP;213121.38;213121.38;36;0
2026.08.13 09:30:30;XAUUSD;5;1786608134;SELL_STOP_TRAILED;Old=4371.17 New=4371.50;WAIT_TRIGGER;SAFE;0;2;0;119259208;119259206;0.00;0.00;0.00;0.00;0.00;KELLY_LITE;true;0.04;213121.38;0.0417;KELLY_LITE(mult=1.00 taper=1.00 n=2)+CONSEC_REDUCE(0.50)+HARD_RISK_CAP(2.0%)+MAXLOSS_CAP;213121.38;213121.38;36;0
2026.08.13 09:31:56;XAUUSD;5;1786608134;SELL_STOP_TRAILED;Old=4371.50 New=4372.06;WAIT_TRIGGER;SAFE;1;1;0;119259208;119259206;0.00;-0.60;-0.60;0.00;0.00;KELLY_LITE;true;0.04;213121.38;0.0417;KELLY_LITE(mult=1.00 taper=1.00 n=2)+CONSEC_REDUCE(0.50)+HARD_RISK_CAP(2.0%)+MAXLOSS_CAP;213121.38;213120.78;36;0
2026.08.13 09:31:56;XAUUSD;5;1786608134;OCO_TRIGGERED_BUY;ticket=119259208 entry=4373.87;POSITION_ACTIVE;SAFE;1;1;0;-1;119259206;0.00;-0.60;-0.60;0.00;0.00;KELLY_LITE;true;0.04;213121.38;0.0417;KELLY_LITE(mult=1.00 taper=1.00 n=2)+CONSEC_REDUCE(0.50)+HARD_RISK_CAP(2.0%)+MAXLOSS_CAP;213121.38;213120.78;36;0
2026.08.13 09:31:56;XAUUSD;5;1786608134;PENDING_DELETED;ticket=119259206 reason=oco_buy_triggered;POSITION_ACTIVE;SAFE;1;0;0;-1;119259206;0.00;-0.39;-0.39;0.00;0.00;KELLY_LITE;true;0.04;213121.38;0.0417;KELLY_LITE(mult=1.00 taper=1.00 n=2)+CONSEC_REDUCE(0.50)+HARD_RISK_CAP(2.0%)+MAXLOSS_CAP;213121.38;213120.99;36;0
2026.08.13 09:31:57;XAUUSD;5;1786608134;HEDGE_PENDING_PLACED;dir=SELL_STOP ticket=119259724 price=4370.74 sl=4373.74 lot=0.05 mainEntry=4373.87 dist=3.00 confirmBars=1;POSITION_ACTIVE;SAFE;1;1;1;-1;-1;4373.87;-0.57;-0.57;0.00;-0.39;KELLY_LITE;true;0.04;213121.38;0.0417;KELLY_LITE(mult=1.00 taper=1.00 n=2)+CONSEC_REDUCE(0.50)+HARD_RISK_CAP(2.0%)+MAXLOSS_CAP;213121.38;213120.81;36;0
2026.08.13 09:46:58;XAUUSD;5;1786608134;PENDING_DELETED;ticket=119259724 reason=hedge_pending_expired;POSITION_ACTIVE;SAFE;1;0;1;-1;-1;4373.87;0.27;0.27;5.40;-3.60;KELLY_LITE;true;0.04;213121.38;0.0417;KELLY_LITE(mult=1.00 taper=1.00 n=2)+CONSEC_REDUCE(0.50)+HARD_RISK_CAP(2.0%)+MAXLOSS_CAP;213121.38;213121.65;36;0
2026.08.13 09:46:58;XAUUSD;5;1786608134;HEDGE_PENDING_EXPIRED;after=900s rearm=1/1;POSITION_ACTIVE;SAFE;1;0;1;-1;-1;4373.87;0.27;0.27;5.40;-3.60;KELLY_LITE;true;0.04;213121.38;0.0417;KELLY_LITE(mult=1.00 taper=1.00 n=2)+CONSEC_REDUCE(0.50)+HARD_RISK_CAP(2.0%)+MAXLOSS_CAP;213121.38;213121.65;36;0
2026.08.13 09:46:59;XAUUSD;5;1786608134;HEDGE_PENDING_PLACED;dir=SELL_STOP ticket=119262485 price=4370.96 sl=4373.96 lot=0.05 mainEntry=4373.87 dist=3.00 confirmBars=1;MANAGE_PROFIT;SAFE;1;1;1;-1;-1;4373.87;0.42;0.42;5.40;-3.60;KELLY_LITE;true;0.04;213121.38;0.0417;KELLY_LITE(mult=1.00 taper=1.00 n=2)+CONSEC_REDUCE(0.50)+HARD_RISK_CAP(2.0%)+MAXLOSS_CAP;213121.38;213121.80;33;0
2026.08.13 09:48:21;XAUUSD;5;1786608134;SL_MODIFIED;ticket=119259208 oldSL=4361.87 newSL=4376.05 reason=break_even_lock_leg_0;MANAGE_PROFIT;SAFE;1;1;1;-1;-1;4373.87;8.25;8.25;8.10;-3.60;KELLY_LITE;true;0.04;213121.38;0.0417;KELLY_LITE(mult=1.00 taper=1.00 n=2)+CONSEC_REDUCE(0.50)+HARD_RISK_CAP(2.0%)+MAXLOSS_CAP;213121.38;213129.63;36;0
2026.08.13 09:48:21;XAUUSD;5;1786608134;PROFIT_RATCHET_LOCKED;floor=3.44 peak=8.10;MANAGE_PROFIT;SAFE;1;1;1;-1;-1;4373.87;8.25;8.25;8.10;-3.60;KELLY_LITE;true;0.04;213121.38;0.0417;KELLY_LITE(mult=1.00 taper=1.00 n=2)+CONSEC_REDUCE(0.50)+HARD_RISK_CAP(2.0%)+MAXLOSS_CAP;213121.38;213129.63;36;0
2026.08.13 09:48:21;XAUUSD;5;1786608134;SL_MODIFIED;ticket=119259208 oldSL=4376.05 newSL=4376.10 reason=break_even_lock_leg_0;MANAGE_PROFIT;SAFE;1;1;1;-1;-1;4373.87;8.22;8.22;8.25;-3.60;KELLY_LITE;true;0.04;213121.38;0.0417;KELLY_LITE(mult=1.00 taper=1.00 n=2)+CONSEC_REDUCE(0.50)+HARD_RISK_CAP(2.0%)+MAXLOSS_CAP;213121.38;213129.60;36;0
2026.08.13 09:48:21;XAUUSD;5;1786608134;PROFIT_RATCHET_LOCKED;floor=3.51 peak=8.25;MANAGE_PROFIT;SAFE;1;1;1;-1;-1;4373.87;8.22;8.22;8.25;-3.60;KELLY_LITE;true;0.04;213121.38;0.0417;KELLY_LITE(mult=1.00 taper=1.00 n=2)+CONSEC_REDUCE(0.50)+HARD_RISK_CAP(2.0%)+MAXLOSS_CAP;213121.38;213129.60;36;0
2026.08.13 09:48:21;XAUUSD;5;1786608134;PROFIT_RATCHET_LOCKED;floor=3.51 peak=8.25;MANAGE_PROFIT;SAFE;1;1;1;-1;-1;4373.87;8.22;8.22;8.25;-3.60;KELLY_LITE;true;0.04;213121.38;0.0417;KELLY_LITE(mult=1.00 taper=1.00 n=2)+CONSEC_REDUCE(0.50)+HARD_RISK_CAP(2.0%)+MAXLOSS_CAP;213121.38;213129.60;36;0
2026.08.13 09:48:22;XAUUSD;5;1786608134;PROFIT_RATCHET_LOCKED;floor=3.52 peak=8.28;MANAGE_PROFIT;SAFE;1;1;1;-1;-1;4373.87;8.28;8.28;8.28;-3.60;KELLY_LITE;true;0.04;213121.38;0.0417;KELLY_LITE(mult=1.00 taper=1.00 n=2)+CONSEC_REDUCE(0.50)+HARD_RISK_CAP(2.0%)+MAXLOSS_CAP;213121.38;213129.66;36;0
2026.08.13 09:48:22;XAUUSD;5;1786608134;PROFIT_RATCHET_LOCKED;floor=3.52 peak=8.28;MANAGE_PROFIT;SAFE;1;1;1;-1;-1;4373.87;8.22;8.22;8.28;-3.60;KELLY_LITE;true;0.04;213121.38;0.0417;KELLY_LITE(mult=1.00 taper=1.00 n=2)+CONSEC_REDUCE(0.50)+HARD_RISK_CAP(2.0%)+MAXLOSS_CAP;213121.38;213129.60;36;0
2026.08.13 09:48:22;XAUUSD;5;1786608134;PROFIT_RATCHET_LOCKED;floor=3.53 peak=8.31;MANAGE_PROFIT;SAFE;1;1;1;-1;-1;4373.87;8.31;8.31;8.31;-3.60;KELLY_LITE;true;0.04;213121.38;0.0417;KELLY_LITE(mult=1.00 taper=1.00 n=2)+CONSEC_REDUCE(0.50)+HARD_RISK_CAP(2.0%)+MAXLOSS_CAP;213121.38;213129.69;36;0
2026.08.13 09:48:23;XAUUSD;5;1786608134;SL_MODIFIED;ticket=119259208 oldSL=4376.10 newSL=4376.19 reason=break_even_lock_leg_0;MANAGE_PROFIT;SAFE;1;1;1;-1;-1;4373.87;9.00;9.00;8.52;-3.60;KELLY_LITE;true;0.04;213121.38;0.0417;KELLY_LITE(mult=1.00 taper=1.00 n=2)+CONSEC_REDUCE(0.50)+HARD_RISK_CAP(2.0%)+MAXLOSS_CAP;213121.38;213130.38;36;0
2026.08.13 09:48:23;XAUUSD;5;1786608134;PROFIT_RATCHET_LOCKED;floor=3.62 peak=8.52;MANAGE_PROFIT;SAFE;1;1;1;-1;-1;4373.87;9.00;9.00;8.52;-3.60;KELLY_LITE;true;0.04;213121.38;0.0417;KELLY_LITE(mult=1.00 taper=1.00 n=2)+CONSEC_REDUCE(0.50)+HARD_RISK_CAP(2.0%)+MAXLOSS_CAP;213121.38;213130.38;36;0
2026.08.13 09:48:23;XAUUSD;5;1786608134;SL_MODIFIED;ticket=119259208 oldSL=4376.19 newSL=4376.35 reason=break_even_lock_leg_0;MANAGE_PROFIT;SAFE;1;1;1;-1;-1;4373.87;9.09;9.09;9.00;-3.60;KELLY_LITE;true;0.04;213121.38;0.0417;KELLY_LITE(mult=1.00 taper=1.00 n=2)+CONSEC_REDUCE(0.50)+HARD_RISK_CAP(2.0%)+MAXLOSS_CAP;213121.38;213130.47;36;0
2026.08.13 09:48:23;XAUUSD;5;1786608134;PROFIT_RATCHET_LOCKED;floor=3.83 peak=9.00;MANAGE_PROFIT;SAFE;1;1;1;-1;-1;4373.87;9.09;9.09;9.00;-3.60;KELLY_LITE;true;0.04;213121.38;0.0417;KELLY_LITE(mult=1.00 taper=1.00 n=2)+CONSEC_REDUCE(0.50)+HARD_RISK_CAP(2.0%)+MAXLOSS_CAP;213121.38;213130.47;36;0
2026.08.13 09:48:24;XAUUSD;5;1786608134;SL_MODIFY_FAILED;ticket=119259208 newSL=4376.38 reason=break_even_lock_leg_0 err=0;MANAGE_PROFIT;SAFE;1;1;1;-1;-1;4373.87;9.00;9.00;9.09;-3.60;KELLY_LITE;true;0.04;213121.38;0.0417;KELLY_LITE(mult=1.00 taper=1.00 n=2)+CONSEC_REDUCE(0.50)+HARD_RISK_CAP(2.0%)+MAXLOSS_CAP;213121.38;213130.38;33;0
2026.08.13 09:48:24;XAUUSD;5;1786608134;PROFIT_RATCHET_LOCKED;floor=3.86 peak=9.09;MANAGE_PROFIT;SAFE;1;1;1;-1;-1;4373.87;9.00;9.00;9.09;-3.60;KELLY_LITE;true;0.04;213121.38;0.0417;KELLY_LITE(mult=1.00 taper=1.00 n=2)+CONSEC_REDUCE(0.50)+HARD_RISK_CAP(2.0%)+MAXLOSS_CAP;213121.38;213130.38;33;0
2026.08.13 09:48:24;XAUUSD;5;1786608134;PROFIT_RATCHET_LOCKED;floor=3.86 peak=9.09;MANAGE_PROFIT;SAFE;1;1;1;-1;-1;4373.87;9.00;9.00;9.09;-3.60;KELLY_LITE;true;0.04;213121.38;0.0417;KELLY_LITE(mult=1.00 taper=1.00 n=2)+CONSEC_REDUCE(0.50)+HARD_RISK_CAP(2.0%)+MAXLOSS_CAP;213121.38;213130.38;33;0
2026.08.13 09:48:24;XAUUSD;5;1786608134;PROFIT_RATCHET_LOCKED;floor=3.86 peak=9.09;MANAGE_PROFIT;SAFE;1;1;1;-1;-1;4373.87;8.85;8.85;9.09;-3.60;KELLY_LITE;true;0.04;213121.38;0.0417;KELLY_LITE(mult=1.00 taper=1.00 n=2)+CONSEC_REDUCE(0.50)+HARD_RISK_CAP(2.0%)+MAXLOSS_CAP;213121.38;213130.23;36;0
2026.08.13 09:48:24;XAUUSD;5;1786608134;PROFIT_RATCHET_LOCKED;floor=3.86 peak=9.09;MANAGE_PROFIT;SAFE;1;1;1;-1;-1;4373.87;8.43;8.43;9.09;-3.60;KELLY_LITE;true;0.04;213121.38;0.0417;KELLY_LITE(mult=1.00 taper=1.00 n=2)+CONSEC_REDUCE(0.50)+HARD_RISK_CAP(2.0%)+MAXLOSS_CAP;213121.38;213129.81;36;0
2026.08.13 09:48:25;XAUUSD;5;1786608134;PROFIT_RATCHET_LOCKED;floor=3.86 peak=9.09;MANAGE_PROFIT;SAFE;1;1;1;-1;-1;4373.87;8.28;8.28;9.09;-3.60;KELLY_LITE;true;0.04;213121.38;0.0417;KELLY_LITE(mult=1.00 taper=1.00 n=2)+CONSEC_REDUCE(0.50)+HARD_RISK_CAP(2.0%)+MAXLOSS_CAP;213121.38;213129.66;36;0
2026.08.13 09:48:25;XAUUSD;5;1786608134;PROFIT_RATCHET_LOCKED;floor=3.86 peak=9.09;MANAGE_PROFIT;SAFE;1;1;1;-1;-1;4373.87;8.34;8.34;9.09;-3.60;KELLY_LITE;true;0.04;213121.38;0.0417;KELLY_LITE(mult=1.00 taper=1.00 n=2)+CONSEC_REDUCE(0.50)+HARD_RISK_CAP(2.0%)+MAXLOSS_CAP;213121.38;213129.72;36;0
2026.08.13 09:48:25;XAUUSD;5;1786608134;PROFIT_RATCHET_LOCKED;floor=3.86 peak=9.09;MANAGE_PROFIT;SAFE;1;1;1;-1;-1;4373.87;8.37;8.37;9.09;-3.60;KELLY_LITE;true;0.04;213121.38;0.0417;KELLY_LITE(mult=1.00 taper=1.00 n=2)+CONSEC_REDUCE(0.50)+HARD_RISK_CAP(2.0%)+MAXLOSS_CAP;213121.38;213129.75;36;0
2026.08.13 09:48:25;XAUUSD;5;1786608134;PROFIT_RATCHET_LOCKED;floor=3.86 peak=9.09;MANAGE_PROFIT;SAFE;1;1;1;-1;-1;4373.87;8.28;8.28;9.09;-3.60;KELLY_LITE;true;0.04;213121.38;0.0417;KELLY_LITE(mult=1.00 taper=1.00 n=2)+CONSEC_REDUCE(0.50)+HARD_RISK_CAP(2.0%)+MAXLOSS_CAP;213121.38;213129.66;36;0
2026.08.13 09:48:27;XAUUSD;5;1786608134;PROFIT_RATCHET_LOCKED;floor=3.86 peak=9.09;MANAGE_PROFIT;SAFE;1;1;1;-1;-1;4373.87;8.22;8.22;9.09;-3.60;KELLY_LITE;true;0.04;213121.38;0.0417;KELLY_LITE(mult=1.00 taper=1.00 n=2)+CONSEC_REDUCE(0.50)+HARD_RISK_CAP(2.0%)+MAXLOSS_CAP;213121.38;213129.60;36;0
2026.08.13 09:48:28;XAUUSD;5;1786608134;PROFIT_RATCHET_LOCKED;floor=3.86 peak=9.09;MANAGE_PROFIT;SAFE;1;1;1;-1;-1;4373.87;8.04;8.04;9.09;-3.60;KELLY_LITE;true;0.04;213121.38;0.0417;KELLY_LITE(mult=1.00 taper=1.00 n=2)+CONSEC_REDUCE(0.50)+HARD_RISK_CAP(2.0%)+MAXLOSS_CAP;213121.38;213129.42;36;0
2026.08.13 09:48:28;XAUUSD;5;1786608134;PROFIT_RATCHET_LOCKED;floor=3.86 peak=9.09;MANAGE_PROFIT;SAFE;1;1;1;-1;-1;4373.87;8.13;8.13;9.09;-3.60;KELLY_LITE;true;0.04;213121.38;0.0417;KELLY_LITE(mult=1.00 taper=1.00 n=2)+CONSEC_REDUCE(0.50)+HARD_RISK_CAP(2.0%)+MAXLOSS_CAP;213121.38;213129.51;36;0
2026.08.13 09:48:28;XAUUSD;5;1786608134;PROFIT_RATCHET_LOCKED;floor=3.86 peak=9.09;MANAGE_PROFIT;SAFE;1;1;1;-1;-1;4373.87;8.25;8.25;9.09;-3.60;KELLY_LITE;true;0.04;213121.38;0.0417;KELLY_LITE(mult=1.00 taper=1.00 n=2)+CONSEC_REDUCE(0.50)+HARD_RISK_CAP(2.0%)+MAXLOSS_CAP;213121.38;213129.63;36;0
2026.08.13 09:48:29;XAUUSD;5;1786608134;PROFIT_RATCHET_LOCKED;floor=3.86 peak=9.09;MANAGE_PROFIT;SAFE;1;1;1;-1;-1;4373.87;8.28;8.28;9.09;-3.60;KELLY_LITE;true;0.04;213121.38;0.0417;KELLY_LITE(mult=1.00 taper=1.00 n=2)+CONSEC_REDUCE(0.50)+HARD_RISK_CAP(2.0%)+MAXLOSS_CAP;213121.38;213129.66;36;0
2026.08.13 09:48:29;XAUUSD;5;1786608134;PROFIT_RATCHET_LOCKED;floor=3.86 peak=9.09;MANAGE_PROFIT;SAFE;1;1;1;-1;-1;4373.87;8.25;8.25;9.09;-3.60;KELLY_LITE;true;0.04;213121.38;0.0417;KELLY_LITE(mult=1.00 taper=1.00 n=2)+CONSEC_REDUCE(0.50)+HARD_RISK_CAP(2.0%)+MAXLOSS_CAP;213121.38;213129.63;36;0
2026.08.13 09:48:29;XAUUSD;5;1786608134;PROFIT_RATCHET_LOCKED;floor=3.86 peak=9.09;MANAGE_PROFIT;SAFE;1;1;1;-1;-1;4373.87;8.10;8.10;9.09;-3.60;KELLY_LITE;true;0.04;213121.38;0.0417;KELLY_LITE(mult=1.00 taper=1.00 n=2)+CONSEC_REDUCE(0.50)+HARD_RISK_CAP(2.0%)+MAXLOSS_CAP;213121.38;213129.48;35;0
2026.08.13 09:48:29;XAUUSD;5;1786608134;PROFIT_RATCHET_LOCKED;floor=3.86 peak=9.09;MANAGE_PROFIT;SAFE;1;1;1;-1;-1;4373.87;8.28;8.28;9.09;-3.60;KELLY_LITE;true;0.04;213121.38;0.0417;KELLY_LITE(mult=1.00 taper=1.00 n=2)+CONSEC_REDUCE(0.50)+HARD_RISK_CAP(2.0%)+MAXLOSS_CAP;213121.38;213129.66;36;0
2026.08.13 09:48:29;XAUUSD;5;1786608134;PROFIT_RATCHET_LOCKED;floor=3.86 peak=9.09;MANAGE_PROFIT;SAFE;1;1;1;-1;-1;4373.87;8.34;8.34;9.09;-3.60;KELLY_LITE;true;0.04;213121.38;0.0417;KELLY_LITE(mult=1.00 taper=1.00 n=2)+CONSEC_REDUCE(0.50)+HARD_RISK_CAP(2.0%)+MAXLOSS_CAP;213121.38;213129.72;36;0
2026.08.13 09:48:30;XAUUSD;5;1786608134;PROFIT_RATCHET_LOCKED;floor=3.86 peak=9.09;MANAGE_PROFIT;SAFE;1;1;1;-1;-1;4373.87;8.31;8.31;9.09;-3.60;KELLY_LITE;true;0.04;213121.38;0.0417;KELLY_LITE(mult=1.00 taper=1.00 n=2)+CONSEC_REDUCE(0.50)+HARD_RISK_CAP(2.0%)+MAXLOSS_CAP;213121.38;213129.69;36;0
2026.08.13 09:48:30;XAUUSD;5;1786608134;PROFIT_RATCHET_LOCKED;floor=3.86 peak=9.09;MANAGE_PROFIT;SAFE;1;1;1;-1;-1;4373.87;8.34;8.34;9.09;-3.60;KELLY_LITE;true;0.04;213121.38;0.0417;KELLY_LITE(mult=1.00 taper=1.00 n=2)+CONSEC_REDUCE(0.50)+HARD_RISK_CAP(2.0%)+MAXLOSS_CAP;213121.38;213129.72;36;0
2026.08.13 09:48:30;XAUUSD;5;1786608134;PROFIT_RATCHET_LOCKED;floor=3.86 peak=9.09;MANAGE_PROFIT;SAFE;1;1;1;-1;-1;4373.87;8.28;8.28;9.09;-3.60;KELLY_LITE;true;0.04;213121.38;0.0417;KELLY_LITE(mult=1.00 taper=1.00 n=2)+CONSEC_REDUCE(0.50)+HARD_RISK_CAP(2.0%)+MAXLOSS_CAP;213121.38;213129.66;36;0
2026.08.13 09:48:31;XAUUSD;5;1786608134;PROFIT_RATCHET_LOCKED;floor=3.86 peak=9.09;MANAGE_PROFIT;SAFE;1;1;1;-1;-1;4373.87;8.40;8.40;9.09;-3.60;KELLY_LITE;true;0.04;213121.38;0.0417;KELLY_LITE(mult=1.00 taper=1.00 n=2)+CONSEC_REDUCE(0.50)+HARD_RISK_CAP(2.0%)+MAXLOSS_CAP;213121.38;213129.78;36;0
2026.08.13 09:48:32;XAUUSD;5;1786608134;PROFIT_RATCHET_LOCKED;floor=3.86 peak=9.09;MANAGE_PROFIT;SAFE;1;1;1;-1;-1;4373.87;8.22;8.22;9.09;-3.60;KELLY_LITE;true;0.04;213121.38;0.0417;KELLY_LITE(mult=1.00 taper=1.00 n=2)+CONSEC_REDUCE(0.50)+HARD_RISK_CAP(2.0%)+MAXLOSS_CAP;213121.38;213129.60;36;0
2026.08.13 09:48:32;XAUUSD;5;1786608134;PROFIT_RATCHET_LOCKED;floor=3.86 peak=9.09;MANAGE_PROFIT;SAFE;1;1;1;-1;-1;4373.87;7.98;7.98;9.09;-3.60;KELLY_LITE;true;0.04;213121.38;0.0417;KELLY_LITE(mult=1.00 taper=1.00 n=2)+CONSEC_REDUCE(0.50)+HARD_RISK_CAP(2.0%)+MAXLOSS_CAP;213121.38;213129.36;36;0
2026.08.13 09:48:32;XAUUSD;5;1786608134;PROFIT_RATCHET_LOCKED;floor=3.86 peak=9.09;MANAGE_PROFIT;SAFE;1;1;1;-1;-1;4373.87;8.58;8.58;9.09;-3.60;KELLY_LITE;true;0.04;213121.38;0.0417;KELLY_LITE(mult=1.00 taper=1.00 n=2)+CONSEC_REDUCE(0.50)+HARD_RISK_CAP(2.0%)+MAXLOSS_CAP;213121.38;213129.96;33;0
2026.08.13 09:48:32;XAUUSD;5;1786608134;PROFIT_RATCHET_LOCKED;floor=3.86 peak=9.09;MANAGE_PROFIT;SAFE;1;1;1;-1;-1;4373.87;8.82;8.82;9.09;-3.60;KELLY_LITE;true;0.04;213121.38;0.0417;KELLY_LITE(mult=1.00 taper=1.00 n=2)+CONSEC_REDUCE(0.50)+HARD_RISK_CAP(2.0%)+MAXLOSS_CAP;213121.38;213130.20;34;0
2026.08.13 09:48:32;XAUUSD;5;1786608134;PROFIT_RATCHET_LOCKED;floor=3.86 peak=9.09;MANAGE_PROFIT;SAFE;1;1;1;-1;-1;4373.87;8.85;8.85;9.09;-3.60;KELLY_LITE;true;0.04;213121.38;0.0417;KELLY_LITE(mult=1.00 taper=1.00 n=2)+CONSEC_REDUCE(0.50)+HARD_RISK_CAP(2.0%)+MAXLOSS_CAP;213121.38;213130.23;33;0
2026.08.13 09:48:33;XAUUSD;5;1786608134;PROFIT_RATCHET_LOCKED;floor=3.86 peak=9.09;MANAGE_PROFIT;SAFE;1;1;1;-1;-1;4373.87;8.91;8.91;9.09;-3.60;KELLY_LITE;true;0.04;213121.38;0.0417;KELLY_LITE(mult=1.00 taper=1.00 n=2)+CONSEC_REDUCE(0.50)+HARD_RISK_CAP(2.0%)+MAXLOSS_CAP;213121.38;213130.29;33;0
2026.08.13 09:48:33;XAUUSD;5;1786608134;SL_MODIFIED;ticket=119259208 oldSL=4376.35 newSL=4376.40 reason=break_even_lock_leg_0;MANAGE_PROFIT;SAFE;1;1;1;-1;-1;4373.87;9.39;9.39;9.15;-3.60;KELLY_LITE;true;0.04;213121.38;0.0417;KELLY_LITE(mult=1.00 taper=1.00 n=2)+CONSEC_REDUCE(0.50)+HARD_RISK_CAP(2.0%)+MAXLOSS_CAP;213121.38;213130.77;33;0
2026.08.13 09:48:33;XAUUSD;5;1786608134;PROFIT_RATCHET_LOCKED;floor=3.89 peak=9.15;MANAGE_PROFIT;SAFE;1;1;1;-1;-1;4373.87;9.39;9.39;9.15;-3.60;KELLY_LITE;true;0.04;213121.38;0.0417;KELLY_LITE(mult=1.00 taper=1.00 n=2)+CONSEC_REDUCE(0.50)+HARD_RISK_CAP(2.0%)+MAXLOSS_CAP;213121.38;213130.77;33;0
2026.08.13 09:48:34;XAUUSD;5;1786608134;PROFIT_RATCHET_LOCKED;floor=3.99 peak=9.39;MANAGE_PROFIT;SAFE;1;1;1;-1;-1;4373.87;9.03;9.03;9.39;-3.60;KELLY_LITE;true;0.04;213121.38;0.0417;KELLY_LITE(mult=1.00 taper=1.00 n=2)+CONSEC_REDUCE(0.50)+HARD_RISK_CAP(2.0%)+MAXLOSS_CAP;213121.38;213130.41;33;0
2026.08.13 09:48:34;XAUUSD;5;1786608134;PROFIT_RATCHET_LOCKED;floor=3.99 peak=9.39;MANAGE_PROFIT;SAFE;1;1;1;-1;-1;4373.87;9.03;9.03;9.39;-3.60;KELLY_LITE;true;0.04;213121.38;0.0417;KELLY_LITE(mult=1.00 taper=1.00 n=2)+CONSEC_REDUCE(0.50)+HARD_RISK_CAP(2.0%)+MAXLOSS_CAP;213121.38;213130.41;33;0
2026.08.13 09:48:34;XAUUSD;5;1786608134;PROFIT_RATCHET_LOCKED;floor=3.99 peak=9.39;MANAGE_PROFIT;SAFE;1;1;1;-1;-1;4373.87;9.06;9.06;9.39;-3.60;KELLY_LITE;true;0.04;213121.38;0.0417;KELLY_LITE(mult=1.00 taper=1.00 n=2)+CONSEC_REDUCE(0.50)+HARD_RISK_CAP(2.0%)+MAXLOSS_CAP;213121.38;213130.44;33;0
2026.08.13 09:48:34;XAUUSD;5;1786608134;PROFIT_RATCHET_LOCKED;floor=3.99 peak=9.39;MANAGE_PROFIT;SAFE;1;1;1;-1;-1;4373.87;9.18;9.18;9.39;-3.60;KELLY_LITE;true;0.04;213121.38;0.0417;KELLY_LITE(mult=1.00 taper=1.00 n=2)+CONSEC_REDUCE(0.50)+HARD_RISK_CAP(2.0%)+MAXLOSS_CAP;213121.38;213130.56;33;0
2026.08.13 09:48:35;XAUUSD;5;1786608134;SL_MODIFIED;ticket=119259208 oldSL=4376.40 newSL=4376.42 reason=break_even_lock_leg_0;MANAGE_PROFIT;SAFE;1;1;1;-1;-1;4373.87;9.24;9.24;9.39;-3.60;KELLY_LITE;true;0.04;213121.38;0.0417;KELLY_LITE(mult=1.00 taper=1.00 n=2)+CONSEC_REDUCE(0.50)+HARD_RISK_CAP(2.0%)+MAXLOSS_CAP;213121.38;213130.62;33;0
2026.08.13 09:48:35;XAUUSD;5;1786608134;PROFIT_RATCHET_LOCKED;floor=3.99 peak=9.39;MANAGE_PROFIT;SAFE;1;1;1;-1;-1;4373.87;9.24;9.24;9.39;-3.60;KELLY_LITE;true;0.04;213121.38;0.0417;KELLY_LITE(mult=1.00 taper=1.00 n=2)+CONSEC_REDUCE(0.50)+HARD_RISK_CAP(2.0%)+MAXLOSS_CAP;213121.38;213130.62;33;0
2026.08.13 09:48:35;XAUUSD;5;1786608134;PROFIT_RATCHET_LOCKED;floor=3.99 peak=9.39;MANAGE_PROFIT;SAFE;1;1;1;-1;-1;4373.87;9.24;9.24;9.39;-3.60;KELLY_LITE;true;0.04;213121.38;0.0417;KELLY_LITE(mult=1.00 taper=1.00 n=2)+CONSEC_REDUCE(0.50)+HARD_RISK_CAP(2.0%)+MAXLOSS_CAP;213121.38;213130.62;33;0
2026.08.13 09:48:36;XAUUSD;5;1786608134;PROFIT_RATCHET_LOCKED;floor=3.99 peak=9.39;MANAGE_PROFIT;SAFE;1;1;1;-1;-1;4373.87;9.21;9.21;9.39;-3.60;KELLY_LITE;true;0.04;213121.38;0.0417;KELLY_LITE(mult=1.00 taper=1.00 n=2)+CONSEC_REDUCE(0.50)+HARD_RISK_CAP(2.0%)+MAXLOSS_CAP;213121.38;213130.59;33;0
2026.08.13 09:48:36;XAUUSD;5;1786608134;PROFIT_RATCHET_LOCKED;floor=3.99 peak=9.39;MANAGE_PROFIT;SAFE;1;1;1;-1;-1;4373.87;8.85;8.85;9.39;-3.60;KELLY_LITE;true;0.04;213121.38;0.0417;KELLY_LITE(mult=1.00 taper=1.00 n=2)+CONSEC_REDUCE(0.50)+HARD_RISK_CAP(2.0%)+MAXLOSS_CAP;213121.38;213130.23;33;0
2026.08.13 09:48:36;XAUUSD;5;1786608134;PROFIT_RATCHET_LOCKED;floor=3.99 peak=9.39;MANAGE_PROFIT;SAFE;1;1;1;-1;-1;4373.87;8.88;8.88;9.39;-3.60;KELLY_LITE;true;0.04;213121.38;0.0417;KELLY_LITE(mult=1.00 taper=1.00 n=2)+CONSEC_REDUCE(0.50)+HARD_RISK_CAP(2.0%)+MAXLOSS_CAP;213121.38;213130.26;33;0
2026.08.13 09:48:36;XAUUSD;5;1786608134;PROFIT_RATCHET_LOCKED;floor=3.99 peak=9.39;MANAGE_PROFIT;SAFE;1;1;1;-1;-1;4373.87;8.85;8.85;9.39;-3.60;KELLY_LITE;true;0.04;213121.38;0.0417;KELLY_LITE(mult=1.00 taper=1.00 n=2)+CONSEC_REDUCE(0.50)+HARD_RISK_CAP(2.0%)+MAXLOSS_CAP;213121.38;213130.23;33;0
2026.08.13 09:48:37;XAUUSD;5;1786608134;PROFIT_RATCHET_LOCKED;floor=3.99 peak=9.39;MANAGE_PROFIT;SAFE;1;1;1;-1;-1;4373.87;8.94;8.94;9.39;-3.60;KELLY_LITE;true;0.04;213121.38;0.0417;KELLY_LITE(mult=1.00 taper=1.00 n=2)+CONSEC_REDUCE(0.50)+HARD_RISK_CAP(2.0%)+MAXLOSS_CAP;213121.38;213130.32;33;0
2026.08.13 09:48:37;XAUUSD;5;1786608134;PROFIT_RATCHET_LOCKED;floor=3.99 peak=9.39;MANAGE_PROFIT;SAFE;1;1;1;-1;-1;4373.87;9.03;9.03;9.39;-3.60;KELLY_LITE;true;0.04;213121.38;0.0417;KELLY_LITE(mult=1.00 taper=1.00 n=2)+CONSEC_REDUCE(0.50)+HARD_RISK_CAP(2.0%)+MAXLOSS_CAP;213121.38;213130.41;33;0
2026.08.13 09:48:37;XAUUSD;5;1786608134;PROFIT_RATCHET_LOCKED;floor=3.99 peak=9.39;MANAGE_PROFIT;SAFE;1;1;1;-1;-1;4373.87;9.06;9.06;9.39;-3.60;KELLY_LITE;true;0.04;213121.38;0.0417;KELLY_LITE(mult=1.00 taper=1.00 n=2)+CONSEC_REDUCE(0.50)+HARD_RISK_CAP(2.0%)+MAXLOSS_CAP;213121.38;213130.44;33;0
2026.08.13 09:48:37;XAUUSD;5;1786608134;PROFIT_RATCHET_LOCKED;floor=3.99 peak=9.39;MANAGE_PROFIT;SAFE;1;1;1;-1;-1;4373.87;9.03;9.03;9.39;-3.60;KELLY_LITE;true;0.04;213121.38;0.0417;KELLY_LITE(mult=1.00 taper=1.00 n=2)+CONSEC_REDUCE(0.50)+HARD_RISK_CAP(2.0%)+MAXLOSS_CAP;213121.38;213130.41;33;0
2026.08.13 09:48:38;XAUUSD;5;1786608134;SL_MODIFIED;ticket=119259208 oldSL=4376.42 newSL=4376.46 reason=break_even_lock_leg_0;MANAGE_PROFIT;SAFE;1;1;1;-1;-1;4373.87;9.39;9.39;9.39;-3.60;KELLY_LITE;true;0.04;213121.38;0.0417;KELLY_LITE(mult=1.00 taper=1.00 n=2)+CONSEC_REDUCE(0.50)+HARD_RISK_CAP(2.0%)+MAXLOSS_CAP;213121.38;213130.77;33;0
2026.08.13 09:48:38;XAUUSD;5;1786608134;PROFIT_RATCHET_LOCKED;floor=3.99 peak=9.39;MANAGE_PROFIT;SAFE;1;1;1;-1;-1;4373.87;9.39;9.39;9.39;-3.60;KELLY_LITE;true;0.04;213121.38;0.0417;KELLY_LITE(mult=1.00 taper=1.00 n=2)+CONSEC_REDUCE(0.50)+HARD_RISK_CAP(2.0%)+MAXLOSS_CAP;213121.38;213130.77;33;0
2026.08.13 09:48:38;XAUUSD;5;1786608134;PROFIT_RATCHET_LOCKED;floor=3.99 peak=9.39;MANAGE_PROFIT;SAFE;1;1;1;-1;-1;4373.87;9.39;9.39;9.39;-3.60;KELLY_LITE;true;0.04;213121.38;0.0417;KELLY_LITE(mult=1.00 taper=1.00 n=2)+CONSEC_REDUCE(0.50)+HARD_RISK_CAP(2.0%)+MAXLOSS_CAP;213121.38;213130.77;33;0
2026.08.13 09:48:39;XAUUSD;5;1786608134;SL_MODIFIED;ticket=119259208 oldSL=4376.46 newSL=4376.49 reason=break_even_lock_leg_0;MANAGE_PROFIT;SAFE;1;1;1;-1;-1;4373.87;9.45;9.45;9.42;-3.60;KELLY_LITE;true;0.04;213121.38;0.0417;KELLY_LITE(mult=1.00 taper=1.00 n=2)+CONSEC_REDUCE(0.50)+HARD_RISK_CAP(2.0%)+MAXLOSS_CAP;213121.38;213130.83;33;0
2026.08.13 09:48:39;XAUUSD;5;1786608134;PROFIT_RATCHET_LOCKED;floor=4.00 peak=9.42;MANAGE_PROFIT;SAFE;1;1;1;-1;-1;4373.87;9.45;9.45;9.42;-3.60;KELLY_LITE;true;0.04;213121.38;0.0417;KELLY_LITE(mult=1.00 taper=1.00 n=2)+CONSEC_REDUCE(0.50)+HARD_RISK_CAP(2.0%)+MAXLOSS_CAP;213121.38;213130.83;33;0
2026.08.13 09:48:39;XAUUSD;5;1786608134;PROFIT_RATCHET_LOCKED;floor=4.02 peak=9.45;MANAGE_PROFIT;SAFE;1;1;1;-1;-1;4373.87;9.45;9.45;9.45;-3.60;KELLY_LITE;true;0.04;213121.38;0.0417;KELLY_LITE(mult=1.00 taper=1.00 n=2)+CONSEC_REDUCE(0.50)+HARD_RISK_CAP(2.0%)+MAXLOSS_CAP;213121.38;213130.83;33;0
2026.08.13 09:48:40;XAUUSD;5;1786608134;SL_MODIFIED;ticket=119259208 oldSL=4376.49 newSL=4376.51 reason=break_even_lock_leg_0;MANAGE_PROFIT;SAFE;1;1;1;-1;-1;4373.87;9.45;9.45;9.48;-3.60;KELLY_LITE;true;0.04;213121.38;0.0417;KELLY_LITE(mult=1.00 taper=1.00 n=2)+CONSEC_REDUCE(0.50)+HARD_RISK_CAP(2.0%)+MAXLOSS_CAP;213121.38;213130.83;33;0
2026.08.13 09:48:40;XAUUSD;5;1786608134;PROFIT_RATCHET_LOCKED;floor=4.03 peak=9.48;MANAGE_PROFIT;SAFE;1;1;1;-1;-1;4373.87;9.45;9.45;9.48;-3.60;KELLY_LITE;true;0.04;213121.38;0.0417;KELLY_LITE(mult=1.00 taper=1.00 n=2)+CONSEC_REDUCE(0.50)+HARD_RISK_CAP(2.0%)+MAXLOSS_CAP;213121.38;213130.83;33;0
2026.08.13 09:48:40;XAUUSD;5;1786608134;PROFIT_RATCHET_LOCKED;floor=4.03 peak=9.48;MANAGE_PROFIT;SAFE;1;1;1;-1;-1;4373.87;9.45;9.45;9.48;-3.60;KELLY_LITE;true;0.04;213121.38;0.0417;KELLY_LITE(mult=1.00 taper=1.00 n=2)+CONSEC_REDUCE(0.50)+HARD_RISK_CAP(2.0%)+MAXLOSS_CAP;213121.38;213130.83;33;0
2026.08.13 09:48:41;XAUUSD;5;1786608134;SL_MODIFIED;ticket=119259208 oldSL=4376.51 newSL=4376.70 reason=break_even_lock_leg_0;MANAGE_PROFIT;SAFE;1;1;1;-1;-1;4373.87;10.11;10.11;10.05;-3.60;KELLY_LITE;true;0.04;213121.38;0.0417;KELLY_LITE(mult=1.00 taper=1.00 n=2)+CONSEC_REDUCE(0.50)+HARD_RISK_CAP(2.0%)+MAXLOSS_CAP;213121.38;213131.49;33;0
2026.08.13 09:48:41;XAUUSD;5;1786608134;PROFIT_RATCHET_LOCKED;floor=4.27 peak=10.05;MANAGE_PROFIT;SAFE;1;1;1;-1;-1;4373.87;10.11;10.11;10.05;-3.60;KELLY_LITE;true;0.04;213121.38;0.0417;KELLY_LITE(mult=1.00 taper=1.00 n=2)+CONSEC_REDUCE(0.50)+HARD_RISK_CAP(2.0%)+MAXLOSS_CAP;213121.38;213131.49;33;0
2026.08.13 09:48:41;XAUUSD;5;1786608134;SL_MODIFIED;ticket=119259208 oldSL=4376.70 newSL=4376.72 reason=break_even_lock_leg_0;MANAGE_PROFIT;SAFE;1;1;1;-1;-1;4373.87;10.05;10.05;10.11;-3.60;KELLY_LITE;true;0.04;213121.38;0.0417;KELLY_LITE(mult=1.00 taper=1.00 n=2)+CONSEC_REDUCE(0.50)+HARD_RISK_CAP(2.0%)+MAXLOSS_CAP;213121.38;213131.43;33;0
2026.08.13 09:48:41;XAUUSD;5;1786608134;PROFIT_RATCHET_LOCKED;floor=4.30 peak=10.11;MANAGE_PROFIT;SAFE;1;1;1;-1;-1;4373.87;10.05;10.05;10.11;-3.60;KELLY_LITE;true;0.04;213121.38;0.0417;KELLY_LITE(mult=1.00 taper=1.00 n=2)+CONSEC_REDUCE(0.50)+HARD_RISK_CAP(2.0%)+MAXLOSS_CAP;213121.38;213131.43;33;0
2026.08.13 09:48:41;XAUUSD;5;1786608134;PROFIT_RATCHET_LOCKED;floor=4.30 peak=10.11;MANAGE_PROFIT;SAFE;1;1;1;-1;-1;4373.87;10.05;10.05;10.11;-3.60;KELLY_LITE;true;0.04;213121.38;0.0417;KELLY_LITE(mult=1.00 taper=1.00 n=2)+CONSEC_REDUCE(0.50)+HARD_RISK_CAP(2.0%)+MAXLOSS_CAP;213121.38;213131.43;33;0
2026.08.13 09:48:43;XAUUSD;5;1786608134;SL_MODIFIED;ticket=119259208 oldSL=4376.72 newSL=4376.77 reason=break_even_lock_leg_0 (retry buf=3pt);MANAGE_PROFIT;SAFE;1;1;1;-1;-1;4373.87;10.32;10.32;10.38;-3.60;KELLY_LITE;true;0.04;213121.38;0.0417;KELLY_LITE(mult=1.00 taper=1.00 n=2)+CONSEC_REDUCE(0.50)+HARD_RISK_CAP(2.0%)+MAXLOSS_CAP;213121.38;213131.70;34;0
2026.08.13 09:48:43;XAUUSD;5;1786608134;PROFIT_RATCHET_LOCKED;floor=4.41 peak=10.38;MANAGE_PROFIT;SAFE;1;1;1;-1;-1;4373.87;10.32;10.32;10.38;-3.60;KELLY_LITE;true;0.04;213121.38;0.0417;KELLY_LITE(mult=1.00 taper=1.00 n=2)+CONSEC_REDUCE(0.50)+HARD_RISK_CAP(2.0%)+MAXLOSS_CAP;213121.38;213131.70;34;0
2026.08.13 09:48:43;XAUUSD;5;1786608134;PROFIT_RATCHET_LOCKED;floor=4.41 peak=10.38;MANAGE_PROFIT;SAFE;1;1;1;-1;-1;4373.87;10.32;10.32;10.38;-3.60;KELLY_LITE;true;0.04;213121.38;0.0417;KELLY_LITE(mult=1.00 taper=1.00 n=2)+CONSEC_REDUCE(0.50)+HARD_RISK_CAP(2.0%)+MAXLOSS_CAP;213121.38;213131.70;34;0
2026.08.13 09:48:43;XAUUSD;5;1786608134;PROFIT_RATCHET_LOCKED;floor=4.41 peak=10.38;MANAGE_PROFIT;SAFE;1;1;1;-1;-1;4373.87;10.29;10.29;10.38;-3.60;KELLY_LITE;true;0.04;213121.38;0.0417;KELLY_LITE(mult=1.00 taper=1.00 n=2)+CONSEC_REDUCE(0.50)+HARD_RISK_CAP(2.0%)+MAXLOSS_CAP;213121.38;213131.67;33;0
2026.08.13 09:48:43;XAUUSD;5;1786608134;PROFIT_RATCHET_LOCKED;floor=4.41 peak=10.38;MANAGE_PROFIT;SAFE;1;1;1;-1;-1;4373.87;10.11;10.11;10.38;-3.60;KELLY_LITE;true;0.04;213121.38;0.0417;KELLY_LITE(mult=1.00 taper=1.00 n=2)+CONSEC_REDUCE(0.50)+HARD_RISK_CAP(2.0%)+MAXLOSS_CAP;213121.38;213131.49;34;0
2026.08.13 09:48:44;XAUUSD;5;1786608134;PROFIT_RATCHET_LOCKED;floor=4.41 peak=10.38;MANAGE_PROFIT;SAFE;1;1;1;-1;-1;4373.87;10.11;10.11;10.38;-3.60;KELLY_LITE;true;0.04;213121.38;0.0417;KELLY_LITE(mult=1.00 taper=1.00 n=2)+CONSEC_REDUCE(0.50)+HARD_RISK_CAP(2.0%)+MAXLOSS_CAP;213121.38;213131.49;33;0
2026.08.13 09:48:44;XAUUSD;5;1786608134;PROFIT_RATCHET_LOCKED;floor=4.41 peak=10.38;MANAGE_PROFIT;SAFE;1;1;1;-1;-1;4373.87;9.90;9.90;10.38;-3.60;KELLY_LITE;true;0.04;213121.38;0.0417;KELLY_LITE(mult=1.00 taper=1.00 n=2)+CONSEC_REDUCE(0.50)+HARD_RISK_CAP(2.0%)+MAXLOSS_CAP;213121.38;213131.28;33;0
2026.08.13 09:48:45;XAUUSD;5;1786608134;PROFIT_RATCHET_LOCKED;floor=4.41 peak=10.38;MANAGE_PROFIT;SAFE;1;1;1;-1;-1;4373.87;9.99;9.99;10.38;-3.60;KELLY_LITE;true;0.04;213121.38;0.0417;KELLY_LITE(mult=1.00 taper=1.00 n=2)+CONSEC_REDUCE(0.50)+HARD_RISK_CAP(2.0%)+MAXLOSS_CAP;213121.38;213131.37;36;0
2026.08.13 09:48:45;XAUUSD;5;1786608134;PROFIT_RATCHET_LOCKED;floor=4.41 peak=10.38;MANAGE_PROFIT;SAFE;1;1;1;-1;-1;4373.87;10.11;10.11;10.38;-3.60;KELLY_LITE;true;0.04;213121.38;0.0417;KELLY_LITE(mult=1.00 taper=1.00 n=2)+CONSEC_REDUCE(0.50)+HARD_RISK_CAP(2.0%)+MAXLOSS_CAP;213121.38;213131.49;36;0
2026.08.13 09:48:45;XAUUSD;5;1786608134;PROFIT_RATCHET_LOCKED;floor=4.41 peak=10.38;MANAGE_PROFIT;SAFE;1;1;1;-1;-1;4373.87;10.11;10.11;10.38;-3.60;KELLY_LITE;true;0.04;213121.38;0.0417;KELLY_LITE(mult=1.00 taper=1.00 n=2)+CONSEC_REDUCE(0.50)+HARD_RISK_CAP(2.0%)+MAXLOSS_CAP;213121.38;213131.49;34;0
2026.08.13 09:48:45;XAUUSD;5;1786608134;PROFIT_RATCHET_LOCKED;floor=4.41 peak=10.38;MANAGE_PROFIT;SAFE;1;1;1;-1;-1;4373.87;10.05;10.05;10.38;-3.60;KELLY_LITE;true;0.04;213121.38;0.0417;KELLY_LITE(mult=1.00 taper=1.00 n=2)+CONSEC_REDUCE(0.50)+HARD_RISK_CAP(2.0%)+MAXLOSS_CAP;213121.38;213131.43;36;0
2026.08.13 09:48:46;XAUUSD;5;1786608134;PROFIT_RATCHET_LOCKED;floor=4.41 peak=10.38;MANAGE_PROFIT;SAFE;1;1;1;-1;-1;4373.87;10.08;10.08;10.38;-3.60;KELLY_LITE;true;0.04;213121.38;0.0417;KELLY_LITE(mult=1.00 taper=1.00 n=2)+CONSEC_REDUCE(0.50)+HARD_RISK_CAP(2.0%)+MAXLOSS_CAP;213121.38;213131.46;36;0
2026.08.13 09:48:46;XAUUSD;5;1786608134;PROFIT_RATCHET_LOCKED;floor=4.41 peak=10.38;MANAGE_PROFIT;SAFE;1;1;1;-1;-1;4373.87;10.23;10.23;10.38;-3.60;KELLY_LITE;true;0.04;213121.38;0.0417;KELLY_LITE(mult=1.00 taper=1.00 n=2)+CONSEC_REDUCE(0.50)+HARD_RISK_CAP(2.0%)+MAXLOSS_CAP;213121.38;213131.61;36;0
2026.08.13 09:48:46;XAUUSD;5;1786608134;PROFIT_RATCHET_LOCKED;floor=4.41 peak=10.38;MANAGE_PROFIT;SAFE;1;1;1;-1;-1;4373.87;10.23;10.23;10.38;-3.60;KELLY_LITE;true;0.04;213121.38;0.0417;KELLY_LITE(mult=1.00 taper=1.00 n=2)+CONSEC_REDUCE(0.50)+HARD_RISK_CAP(2.0%)+MAXLOSS_CAP;213121.38;213131.61;34;0
2026.08.13 09:48:46;XAUUSD;5;1786608134;PROFIT_RATCHET_LOCKED;floor=4.41 peak=10.38;MANAGE_PROFIT;SAFE;1;1;1;-1;-1;4373.87;10.17;10.17;10.38;-3.60;KELLY_LITE;true;0.04;213121.38;0.0417;KELLY_LITE(mult=1.00 taper=1.00 n=2)+CONSEC_REDUCE(0.50)+HARD_RISK_CAP(2.0%)+MAXLOSS_CAP;213121.38;213131.55;36;0
2026.08.13 09:48:46;XAUUSD;5;1786608134;PROFIT_RATCHET_LOCKED;floor=4.41 peak=10.38;MANAGE_PROFIT;SAFE;1;1;1;-1;-1;4373.87;10.23;10.23;10.38;-3.60;KELLY_LITE;true;0.04;213121.38;0.0417;KELLY_LITE(mult=1.00 taper=1.00 n=2)+CONSEC_REDUCE(0.50)+HARD_RISK_CAP(2.0%)+MAXLOSS_CAP;213121.38;213131.61;36;0
2026.08.13 09:48:47;XAUUSD;5;1786608134;PROFIT_RATCHET_LOCKED;floor=4.41 peak=10.38;MANAGE_PROFIT;SAFE;1;1;1;-1;-1;4373.87;10.14;10.14;10.38;-3.60;KELLY_LITE;true;0.04;213121.38;0.0417;KELLY_LITE(mult=1.00 taper=1.00 n=2)+CONSEC_REDUCE(0.50)+HARD_RISK_CAP(2.0%)+MAXLOSS_CAP;213121.38;213131.52;36;0
2026.08.13 09:48:47;XAUUSD;5;1786608134;PROFIT_RATCHET_LOCKED;floor=4.41 peak=10.38;MANAGE_PROFIT;SAFE;1;1;1;-1;-1;4373.87;10.11;10.11;10.38;-3.60;KELLY_LITE;true;0.04;213121.38;0.0417;KELLY_LITE(mult=1.00 taper=1.00 n=2)+CONSEC_REDUCE(0.50)+HARD_RISK_CAP(2.0%)+MAXLOSS_CAP;213121.38;213131.49;36;0
2026.08.13 09:48:48;XAUUSD;5;1786608134;PROFIT_RATCHET_LOCKED;floor=4.41 peak=10.38;MANAGE_PROFIT;SAFE;1;1;1;-1;-1;4373.87;10.20;10.20;10.38;-3.60;KELLY_LITE;true;0.04;213121.38;0.0417;KELLY_LITE(mult=1.00 taper=1.00 n=2)+CONSEC_REDUCE(0.50)+HARD_RISK_CAP(2.0%)+MAXLOSS_CAP;213121.38;213131.58;36;0
2026.08.13 09:48:48;XAUUSD;5;1786608134;PROFIT_RATCHET_LOCKED;floor=4.41 peak=10.38;MANAGE_PROFIT;SAFE;1;1;1;-1;-1;4373.87;10.23;10.23;10.38;-3.60;KELLY_LITE;true;0.04;213121.38;0.0417;KELLY_LITE(mult=1.00 taper=1.00 n=2)+CONSEC_REDUCE(0.50)+HARD_RISK_CAP(2.0%)+MAXLOSS_CAP;213121.38;213131.61;35;0
2026.08.13 09:48:49;XAUUSD;5;1786608134;SL_MODIFIED;ticket=119259208 oldSL=4376.77 newSL=4376.81 reason=break_even_lock_leg_0;MANAGE_PROFIT;SAFE;1;1;1;-1;-1;4373.87;10.50;10.50;10.38;-3.60;KELLY_LITE;true;0.04;213121.38;0.0417;KELLY_LITE(mult=1.00 taper=1.00 n=2)+CONSEC_REDUCE(0.50)+HARD_RISK_CAP(2.0%)+MAXLOSS_CAP;213121.38;213131.88;36;0
2026.08.13 09:48:49;XAUUSD;5;1786608134;PROFIT_RATCHET_LOCKED;floor=4.41 peak=10.38;MANAGE_PROFIT;SAFE;1;1;1;-1;-1;4373.87;10.50;10.50;10.38;-3.60;KELLY_LITE;true;0.04;213121.38;0.0417;KELLY_LITE(mult=1.00 taper=1.00 n=2)+CONSEC_REDUCE(0.50)+HARD_RISK_CAP(2.0%)+MAXLOSS_CAP;213121.38;213131.88;36;0
2026.08.13 09:48:49;XAUUSD;5;1786608134;SL_MODIFY_FAILED;ticket=119259208 newSL=4376.85 reason=break_even_lock_leg_0 err=0;MANAGE_PROFIT;SAFE;1;1;1;-1;-1;4373.87;10.29;10.29;10.50;-3.60;KELLY_LITE;true;0.04;213121.38;0.0417;KELLY_LITE(mult=1.00 taper=1.00 n=2)+CONSEC_REDUCE(0.50)+HARD_RISK_CAP(2.0%)+MAXLOSS_CAP;213121.38;213131.67;36;0
2026.08.13 09:48:49;XAUUSD;5;1786608134;PROFIT_RATCHET_LOCKED;floor=4.46 peak=10.50;MANAGE_PROFIT;SAFE;1;1;1;-1;-1;4373.87;10.29;10.29;10.50;-3.60;KELLY_LITE;true;0.04;213121.38;0.0417;KELLY_LITE(mult=1.00 taper=1.00 n=2)+CONSEC_REDUCE(0.50)+HARD_RISK_CAP(2.0%)+MAXLOSS_CAP;213121.38;213131.67;36;0
2026.08.13 09:48:49;XAUUSD;5;1786608134;PROFIT_RATCHET_LOCKED;floor=4.46 peak=10.50;MANAGE_PROFIT;SAFE;1;1;1;-1;-1;4373.87;10.29;10.29;10.50;-3.60;KELLY_LITE;true;0.04;213121.38;0.0417;KELLY_LITE(mult=1.00 taper=1.00 n=2)+CONSEC_REDUCE(0.50)+HARD_RISK_CAP(2.0%)+MAXLOSS_CAP;213121.38;213131.67;36;0
2026.08.13 09:48:50;XAUUSD;5;1786608134;PROFIT_RATCHET_LOCKED;floor=4.46 peak=10.50;MANAGE_PROFIT;SAFE;1;1;1;-1;-1;4373.87;10.26;10.26;10.50;-3.60;KELLY_LITE;true;0.04;213121.38;0.0417;KELLY_LITE(mult=1.00 taper=1.00 n=2)+CONSEC_REDUCE(0.50)+HARD_RISK_CAP(2.0%)+MAXLOSS_CAP;213121.38;213131.64;36;0
2026.08.13 09:48:50;XAUUSD;5;1786608134;PROFIT_RATCHET_LOCKED;floor=4.46 peak=10.50;MANAGE_PROFIT;SAFE;1;1;1;-1;-1;4373.87;10.23;10.23;10.50;-3.60;KELLY_LITE;true;0.04;213121.38;0.0417;KELLY_LITE(mult=1.00 taper=1.00 n=2)+CONSEC_REDUCE(0.50)+HARD_RISK_CAP(2.0%)+MAXLOSS_CAP;213121.38;213131.61;36;0
2026.08.13 09:48:51;XAUUSD;5;1786608134;SL_MODIFIED;ticket=119259208 oldSL=4376.81 newSL=4376.95 reason=break_even_lock_leg_0;MANAGE_PROFIT;SAFE;1;1;1;-1;-1;4373.87;10.80;10.80;10.80;-3.60;KELLY_LITE;true;0.04;213121.38;0.0417;KELLY_LITE(mult=1.00 taper=1.00 n=2)+CONSEC_REDUCE(0.50)+HARD_RISK_CAP(2.0%)+MAXLOSS_CAP;213121.38;213132.18;33;0
2026.08.13 09:48:51;XAUUSD;5;1786608134;PROFIT_RATCHET_LOCKED;floor=4.59 peak=10.80;MANAGE_PROFIT;SAFE;1;1;1;-1;-1;4373.87;10.80;10.80;10.80;-3.60;KELLY_LITE;true;0.04;213121.38;0.0417;KELLY_LITE(mult=1.00 taper=1.00 n=2)+CONSEC_REDUCE(0.50)+HARD_RISK_CAP(2.0%)+MAXLOSS_CAP;213121.38;213132.18;33;0
2026.08.13 09:48:51;XAUUSD;5;1786608134;PROFIT_RATCHET_LOCKED;floor=4.59 peak=10.80;MANAGE_PROFIT;SAFE;1;1;1;-1;-1;4373.87;10.80;10.80;10.80;-3.60;KELLY_LITE;true;0.04;213121.38;0.0417;KELLY_LITE(mult=1.00 taper=1.00 n=2)+CONSEC_REDUCE(0.50)+HARD_RISK_CAP(2.0%)+MAXLOSS_CAP;213121.38;213132.18;33;0
2026.08.13 09:48:51;XAUUSD;5;1786608134;PROFIT_RATCHET_LOCKED;floor=4.59 peak=10.80;MANAGE_PROFIT;SAFE;1;1;1;-1;-1;4373.87;10.77;10.77;10.80;-3.60;KELLY_LITE;true;0.04;213121.38;0.0417;KELLY_LITE(mult=1.00 taper=1.00 n=2)+CONSEC_REDUCE(0.50)+HARD_RISK_CAP(2.0%)+MAXLOSS_CAP;213121.38;213132.15;36;0
2026.08.13 09:48:52;XAUUSD;5;1786608134;SL_MODIFIED;ticket=119259208 oldSL=4376.95 newSL=4376.98 reason=break_even_lock_leg_0;MANAGE_PROFIT;SAFE;1;1;1;-1;-1;4373.87;11.04;11.04;10.89;-3.60;KELLY_LITE;true;0.04;213121.38;0.0417;KELLY_LITE(mult=1.00 taper=1.00 n=2)+CONSEC_REDUCE(0.50)+HARD_RISK_CAP(2.0%)+MAXLOSS_CAP;213121.38;213132.42;36;0
2026.08.13 09:48:52;XAUUSD;5;1786608134;PROFIT_RATCHET_LOCKED;floor=4.63 peak=10.89;MANAGE_PROFIT;SAFE;1;1;1;-1;-1;4373.87;11.04;11.04;10.89;-3.60;KELLY_LITE;true;0.04;213121.38;0.0417;KELLY_LITE(mult=1.00 taper=1.00 n=2)+CONSEC_REDUCE(0.50)+HARD_RISK_CAP(2.0%)+MAXLOSS_CAP;213121.38;213132.42;36;0
2026.08.13 09:48:52;XAUUSD;5;1786608134;SL_MODIFIED;ticket=119259208 oldSL=4376.98 newSL=4377.03 reason=break_even_lock_leg_0;MANAGE_PROFIT;SAFE;1;1;1;-1;-1;4373.87;11.01;11.01;11.04;-3.60;KELLY_LITE;true;0.04;213121.38;0.0417;KELLY_LITE(mult=1.00 taper=1.00 n=2)+CONSEC_REDUCE(0.50)+HARD_RISK_CAP(2.0%)+MAXLOSS_CAP;213121.38;213132.39;36;0
2026.08.13 09:48:52;XAUUSD;5;1786608134;PROFIT_RATCHET_LOCKED;floor=4.69 peak=11.04;MANAGE_PROFIT;SAFE;1;1;1;-1;-1;4373.87;11.01;11.01;11.04;-3.60;KELLY_LITE;true;0.04;213121.38;0.0417;KELLY_LITE(mult=1.00 taper=1.00 n=2)+CONSEC_REDUCE(0.50)+HARD_RISK_CAP(2.0%)+MAXLOSS_CAP;213121.38;213132.39;36;0
2026.08.13 09:48:52;XAUUSD;5;1786608134;PROFIT_RATCHET_LOCKED;floor=4.69 peak=11.04;MANAGE_PROFIT;SAFE;1;1;1;-1;-1;4373.87;11.01;11.01;11.04;-3.60;KELLY_LITE;true;0.04;213121.38;0.0417;KELLY_LITE(mult=1.00 taper=1.00 n=2)+CONSEC_REDUCE(0.50)+HARD_RISK_CAP(2.0%)+MAXLOSS_CAP;213121.38;213132.39;36;0
2026.08.13 09:48:54;XAUUSD;5;1786608134;SL_MODIFIED;ticket=119259208 oldSL=4377.03 newSL=4377.07 reason=break_even_lock_leg_0 (retry buf=3pt);MANAGE_PROFIT;SAFE;1;1;1;-1;-1;4373.87;11.55;11.55;11.16;-3.60;KELLY_LITE;true;0.04;213121.38;0.0417;KELLY_LITE(mult=1.00 taper=1.00 n=2)+CONSEC_REDUCE(0.50)+HARD_RISK_CAP(2.0%)+MAXLOSS_CAP;213121.38;213132.93;36;0
2026.08.13 09:48:54;XAUUSD;5;1786608134;PROFIT_RATCHET_LOCKED;floor=4.74 peak=11.16;MANAGE_PROFIT;SAFE;1;1;1;-1;-1;4373.87;11.55;11.55;11.16;-3.60;KELLY_LITE;true;0.04;213121.38;0.0417;KELLY_LITE(mult=1.00 taper=1.00 n=2)+CONSEC_REDUCE(0.50)+HARD_RISK_CAP(2.0%)+MAXLOSS_CAP;213121.38;213132.93;36;0
2026.08.13 09:48:54;XAUUSD;5;1786608134;SL_MODIFIED;ticket=119259208 oldSL=4377.07 newSL=4377.20 reason=break_even_lock_leg_0;MANAGE_PROFIT;SAFE;1;1;1;-1;-1;4373.87;12.72;12.72;11.55;-3.60;KELLY_LITE;true;0.04;213121.38;0.0417;KELLY_LITE(mult=1.00 taper=1.00 n=2)+CONSEC_REDUCE(0.50)+HARD_RISK_CAP(2.0%)+MAXLOSS_CAP;213121.38;213134.10;36;0
2026.08.13 09:48:54;XAUUSD;5;1786608134;PROFIT_RATCHET_LOCKED;floor=4.91 peak=11.55;MANAGE_PROFIT;SAFE;1;1;1;-1;-1;4373.87;12.72;12.72;11.55;-3.60;KELLY_LITE;true;0.04;213121.38;0.0417;KELLY_LITE(mult=1.00 taper=1.00 n=2)+CONSEC_REDUCE(0.50)+HARD_RISK_CAP(2.0%)+MAXLOSS_CAP;213121.38;213134.10;36;0
2026.08.13 09:48:55;XAUUSD;5;1786608134;SL_MODIFIED;ticket=119259208 oldSL=4377.20 newSL=4377.50 reason=break_even_lock_leg_0 (retry buf=3pt);MANAGE_PROFIT;SAFE;1;1;1;-1;-1;4373.87;12.45;12.45;12.72;-3.60;KELLY_LITE;true;0.04;213121.38;0.0417;KELLY_LITE(mult=1.00 taper=1.00 n=2)+CONSEC_REDUCE(0.50)+HARD_RISK_CAP(2.0%)+MAXLOSS_CAP;213121.38;213133.83;36;0
2026.08.13 09:48:55;XAUUSD;5;1786608134;PROFIT_RATCHET_LOCKED;floor=5.41 peak=12.72;MANAGE_PROFIT;SAFE;1;1;1;-1;-1;4373.87;12.45;12.45;12.72;-3.60;KELLY_LITE;true;0.04;213121.38;0.0417;KELLY_LITE(mult=1.00 taper=1.00 n=2)+CONSEC_REDUCE(0.50)+HARD_RISK_CAP(2.0%)+MAXLOSS_CAP;213121.38;213133.83;36;0
2026.08.13 09:48:55;XAUUSD;5;1786608134;PROFIT_RATCHET_LOCKED;floor=5.41 peak=12.72;MANAGE_PROFIT;SAFE;1;1;1;-1;-1;4373.87;12.45;12.45;12.72;-3.60;KELLY_LITE;true;0.04;213121.38;0.0417;KELLY_LITE(mult=1.00 taper=1.00 n=2)+CONSEC_REDUCE(0.50)+HARD_RISK_CAP(2.0%)+MAXLOSS_CAP;213121.38;213133.83;36;0
2026.08.13 09:48:56;XAUUSD;5;1786608134;PROFIT_RATCHET_LOCKED;floor=5.41 peak=12.72;MANAGE_PROFIT;SAFE;1;1;1;-1;-1;4373.87;12.36;12.36;12.72;-3.60;KELLY_LITE;true;0.04;213121.38;0.0417;KELLY_LITE(mult=1.00 taper=1.00 n=2)+CONSEC_REDUCE(0.50)+HARD_RISK_CAP(2.0%)+MAXLOSS_CAP;213121.38;213133.74;36;0
2026.08.13 09:48:56;XAUUSD;5;1786608134;PROFIT_RATCHET_LOCKED;floor=5.41 peak=12.72;MANAGE_PROFIT;SAFE;1;1;1;-1;-1;4373.87;12.42;12.42;12.72;-3.60;KELLY_LITE;true;0.04;213121.38;0.0417;KELLY_LITE(mult=1.00 taper=1.00 n=2)+CONSEC_REDUCE(0.50)+HARD_RISK_CAP(2.0%)+MAXLOSS_CAP;213121.38;213133.80;36;0
2026.08.13 09:48:57;XAUUSD;5;1786608134;SL_MODIFIED;ticket=119259208 oldSL=4377.50 newSL=4377.61 reason=break_even_lock_leg_0 (retry buf=3pt);MANAGE_PROFIT;SAFE;1;1;1;-1;-1;4373.87;13.02;13.02;12.93;-3.60;KELLY_LITE;true;0.04;213121.38;0.0417;KELLY_LITE(mult=1.00 taper=1.00 n=2)+CONSEC_REDUCE(0.50)+HARD_RISK_CAP(2.0%)+MAXLOSS_CAP;213121.38;213134.40;37;0
2026.08.13 09:48:57;XAUUSD;5;1786608134;PROFIT_RATCHET_LOCKED;floor=5.50 peak=12.93;MANAGE_PROFIT;SAFE;1;1;1;-1;-1;4373.87;13.02;13.02;12.93;-3.60;KELLY_LITE;true;0.04;213121.38;0.0417;KELLY_LITE(mult=1.00 taper=1.00 n=2)+CONSEC_REDUCE(0.50)+HARD_RISK_CAP(2.0%)+MAXLOSS_CAP;213121.38;213134.40;37;0
2026.08.13 09:48:58;XAUUSD;5;1786608134;SL_MODIFIED;ticket=119259208 oldSL=4377.61 newSL=4377.69 reason=break_even_lock_leg_0;MANAGE_PROFIT;SAFE;1;1;1;-1;-1;4373.87;13.38;13.38;13.02;-3.60;KELLY_LITE;true;0.04;213121.38;0.0417;KELLY_LITE(mult=1.00 taper=1.00 n=2)+CONSEC_REDUCE(0.50)+HARD_RISK_CAP(2.0%)+MAXLOSS_CAP;213121.38;213134.76;36;0
2026.08.13 09:48:58;XAUUSD;5;1786608134;PROFIT_RATCHET_LOCKED;floor=5.53 peak=13.02;MANAGE_PROFIT;SAFE;1;1;1;-1;-1;4373.87;13.38;13.38;13.02;-3.60;KELLY_LITE;true;0.04;213121.38;0.0417;KELLY_LITE(mult=1.00 taper=1.00 n=2)+CONSEC_REDUCE(0.50)+HARD_RISK_CAP(2.0%)+MAXLOSS_CAP;213121.38;213134.76;36;0
2026.08.13 09:48:58;XAUUSD;5;1786608134;SL_MODIFIED;ticket=119259208 oldSL=4377.69 newSL=4377.81 reason=break_even_lock_leg_0;MANAGE_PROFIT;SAFE;1;1;1;-1;-1;4373.87;13.20;13.20;13.38;-3.60;KELLY_LITE;true;0.04;213121.38;0.0417;KELLY_LITE(mult=1.00 taper=1.00 n=2)+CONSEC_REDUCE(0.50)+HARD_RISK_CAP(2.0%)+MAXLOSS_CAP;213121.38;213134.58;36;0
2026.08.13 09:48:58;XAUUSD;5;1786608134;PROFIT_RATCHET_LOCKED;floor=5.69 peak=13.38;MANAGE_PROFIT;SAFE;1;1;1;-1;-1;4373.87;13.20;13.20;13.38;-3.60;KELLY_LITE;true;0.04;213121.38;0.0417;KELLY_LITE(mult=1.00 taper=1.00 n=2)+CONSEC_REDUCE(0.50)+HARD_RISK_CAP(2.0%)+MAXLOSS_CAP;213121.38;213134.58;36;0
2026.08.13 09:48:58;XAUUSD;5;1786608134;PROFIT_RATCHET_LOCKED;floor=5.69 peak=13.38;MANAGE_PROFIT;SAFE;1;1;1;-1;-1;4373.87;13.20;13.20;13.38;-3.60;KELLY_LITE;true;0.04;213121.38;0.0417;KELLY_LITE(mult=1.00 taper=1.00 n=2)+CONSEC_REDUCE(0.50)+HARD_RISK_CAP(2.0%)+MAXLOSS_CAP;213121.38;213134.58;36;0
2026.08.13 09:48:59;XAUUSD;5;1786608134;PROFIT_RATCHET_LOCKED;floor=5.69 peak=13.38;MANAGE_PROFIT;SAFE;1;1;1;-1;-1;4373.87;13.32;13.32;13.38;-3.60;KELLY_LITE;true;0.04;213121.38;0.0417;KELLY_LITE(mult=1.00 taper=1.00 n=2)+CONSEC_REDUCE(0.50)+HARD_RISK_CAP(2.0%)+MAXLOSS_CAP;213121.38;213134.70;36;0
2026.08.13 09:48:59;XAUUSD;5;1786608134;PROFIT_RATCHET_LOCKED;floor=5.69 peak=13.38;MANAGE_PROFIT;SAFE;1;1;1;-1;-1;4373.87;13.35;13.35;13.38;-3.60;KELLY_LITE;true;0.04;213121.38;0.0417;KELLY_LITE(mult=1.00 taper=1.00 n=2)+CONSEC_REDUCE(0.50)+HARD_RISK_CAP(2.0%)+MAXLOSS_CAP;213121.38;213134.73;36;0
2026.08.13 09:49:00;XAUUSD;5;1786608134;SL_MODIFIED;ticket=119259208 oldSL=4377.81 newSL=4377.87 reason=break_even_lock_leg_0;MANAGE_PROFIT;SAFE;1;1;1;-1;-1;4373.87;13.53;13.53;13.56;-3.60;KELLY_LITE;true;0.04;213121.38;0.0417;KELLY_LITE(mult=1.00 taper=1.00 n=2)+CONSEC_REDUCE(0.50)+HARD_RISK_CAP(2.0%)+MAXLOSS_CAP;213121.38;213134.91;36;0
2026.08.13 09:49:00;XAUUSD;5;1786608134;PROFIT_RATCHET_LOCKED;floor=5.76 peak=13.56;MANAGE_PROFIT;SAFE;1;1;1;-1;-1;4373.87;13.53;13.53;13.56;-3.60;KELLY_LITE;true;0.04;213121.38;0.0417;KELLY_LITE(mult=1.00 taper=1.00 n=2)+CONSEC_REDUCE(0.50)+HARD_RISK_CAP(2.0%)+MAXLOSS_CAP;213121.38;213134.91;36;0
2026.08.13 09:49:00;XAUUSD;5;1786608134;PROFIT_RATCHET_LOCKED;floor=5.76 peak=13.56;MANAGE_PROFIT;SAFE;1;1;1;-1;-1;4373.87;13.53;13.53;13.56;-3.60;KELLY_LITE;true;0.04;213121.38;0.0417;KELLY_LITE(mult=1.00 taper=1.00 n=2)+CONSEC_REDUCE(0.50)+HARD_RISK_CAP(2.0%)+MAXLOSS_CAP;213121.38;213134.91;36;0
2026.08.13 09:49:00;XAUUSD;5;1786608134;PROFIT_RATCHET_LOCKED;floor=5.76 peak=13.56;MANAGE_PROFIT;SAFE;1;1;1;-1;-1;4373.87;13.35;13.35;13.56;-3.60;KELLY_LITE;true;0.04;213121.38;0.0417;KELLY_LITE(mult=1.00 taper=1.00 n=2)+CONSEC_REDUCE(0.50)+HARD_RISK_CAP(2.0%)+MAXLOSS_CAP;213121.38;213134.73;36;0
2026.08.13 09:49:01;XAUUSD;5;1786608134;SL_MODIFIED;ticket=119259208 oldSL=4377.87 newSL=4377.96 reason=break_even_lock_leg_0;MANAGE_PROFIT;SAFE;1;1;1;-1;-1;4373.87;14.40;14.40;13.83;-3.60;KELLY_LITE;true;0.04;213121.38;0.0417;KELLY_LITE(mult=1.00 taper=1.00 n=2)+CONSEC_REDUCE(0.50)+HARD_RISK_CAP(2.0%)+MAXLOSS_CAP;213121.38;213135.78;36;0
2026.08.13 09:49:01;XAUUSD;5;1786608134;PROFIT_RATCHET_LOCKED;floor=5.88 peak=13.83;MANAGE_PROFIT;SAFE;1;1;1;-1;-1;4373.87;14.40;14.40;13.83;-3.60;KELLY_LITE;true;0.04;213121.38;0.0417;KELLY_LITE(mult=1.00 taper=1.00 n=2)+CONSEC_REDUCE(0.50)+HARD_RISK_CAP(2.0%)+MAXLOSS_CAP;213121.38;213135.78;36;0
2026.08.13 09:49:01;XAUUSD;5;1786608134;SL_MODIFIED;ticket=119259208 oldSL=4377.96 newSL=4378.15 reason=break_even_lock_leg_0;MANAGE_PROFIT;SAFE;1;1;1;-1;-1;4373.87;15.36;15.21;14.40;-3.60;KELLY_LITE;true;0.04;213121.38;0.0417;KELLY_LITE(mult=1.00 taper=1.00 n=2)+CONSEC_REDUCE(0.50)+HARD_RISK_CAP(2.0%)+MAXLOSS_CAP;213121.38;213136.74;36;0
2026.08.13 09:49:01;XAUUSD;5;1786608134;PROFIT_RATCHET_LOCKED;floor=6.12 peak=14.40;MANAGE_PROFIT;SAFE;1;1;1;-1;-1;4373.87;15.36;15.21;14.40;-3.60;KELLY_LITE;true;0.04;213121.38;0.0417;KELLY_LITE(mult=1.00 taper=1.00 n=2)+CONSEC_REDUCE(0.50)+HARD_RISK_CAP(2.0%)+MAXLOSS_CAP;213121.38;213136.74;36;0
2026.08.13 09:49:02;XAUUSD;5;1786608134;SL_MODIFIED;ticket=119259208 oldSL=4378.15 newSL=4378.42 reason=break_even_lock_leg_0;MANAGE_PROFIT;SAFE;1;1;1;-1;-1;4373.87;15.21;15.21;15.36;-3.60;KELLY_LITE;true;0.04;213121.38;0.0417;KELLY_LITE(mult=1.00 taper=1.00 n=2)+CONSEC_REDUCE(0.50)+HARD_RISK_CAP(2.0%)+MAXLOSS_CAP;213121.38;213136.59;36;0
2026.08.13 09:49:02;XAUUSD;5;1786608134;PROFIT_RATCHET_LOCKED;floor=6.53 peak=15.36;MANAGE_PROFIT;SAFE;1;1;1;-1;-1;4373.87;15.21;15.21;15.36;-3.60;KELLY_LITE;true;0.04;213121.38;0.0417;KELLY_LITE(mult=1.00 taper=1.00 n=2)+CONSEC_REDUCE(0.50)+HARD_RISK_CAP(2.0%)+MAXLOSS_CAP;213121.38;213136.59;36;0
2026.08.13 09:49:02;XAUUSD;5;1786608134;PROFIT_RATCHET_LOCKED;floor=6.53 peak=15.36;MANAGE_PROFIT;SAFE;1;1;1;-1;-1;4373.87;15.21;15.21;15.36;-3.60;KELLY_LITE;true;0.04;213121.38;0.0417;KELLY_LITE(mult=1.00 taper=1.00 n=2)+CONSEC_REDUCE(0.50)+HARD_RISK_CAP(2.0%)+MAXLOSS_CAP;213121.38;213136.59;36;0
2026.08.13 09:49:02;XAUUSD;5;1786608134;PROFIT_RATCHET_LOCKED;floor=6.53 peak=15.36;MANAGE_PROFIT;SAFE;1;1;1;-1;-1;4373.87;15.12;15.12;15.36;-3.60;KELLY_LITE;true;0.04;213121.38;0.0417;KELLY_LITE(mult=1.00 taper=1.00 n=2)+CONSEC_REDUCE(0.50)+HARD_RISK_CAP(2.0%)+MAXLOSS_CAP;213121.38;213136.50;36;0
2026.08.13 09:49:02;XAUUSD;5;1786608134;PROFIT_RATCHET_LOCKED;floor=6.53 peak=15.36;MANAGE_PROFIT;SAFE;1;1;1;-1;-1;4373.87;15.15;15.15;15.36;-3.60;KELLY_LITE;true;0.04;213121.38;0.0417;KELLY_LITE(mult=1.00 taper=1.00 n=2)+CONSEC_REDUCE(0.50)+HARD_RISK_CAP(2.0%)+MAXLOSS_CAP;213121.38;213136.53;36;0
2026.08.13 09:49:02;XAUUSD;5;1786608134;PROFIT_RATCHET_LOCKED;floor=6.53 peak=15.36;MANAGE_PROFIT;SAFE;1;1;1;-1;-1;4373.87;15.09;15.09;15.36;-3.60;KELLY_LITE;true;0.04;213121.38;0.0417;KELLY_LITE(mult=1.00 taper=1.00 n=2)+CONSEC_REDUCE(0.50)+HARD_RISK_CAP(2.0%)+MAXLOSS_CAP;213121.38;213136.47;36;0
2026.08.13 09:49:03;XAUUSD;5;1786608134;PROFIT_RATCHET_LOCKED;floor=6.53 peak=15.36;MANAGE_PROFIT;SAFE;1;1;1;-1;-1;4373.87;15.18;15.18;15.36;-3.60;KELLY_LITE;true;0.04;213121.38;0.0417;KELLY_LITE(mult=1.00 taper=1.00 n=2)+CONSEC_REDUCE(0.50)+HARD_RISK_CAP(2.0%)+MAXLOSS_CAP;213121.38;213136.56;36;0
2026.08.13 09:49:03;XAUUSD;5;1786608134;PROFIT_RATCHET_LOCKED;floor=6.53 peak=15.36;MANAGE_PROFIT;SAFE;1;1;1;-1;-1;4373.87;14.58;14.58;15.36;-3.60;KELLY_LITE;true;0.04;213121.38;0.0417;KELLY_LITE(mult=1.00 taper=1.00 n=2)+CONSEC_REDUCE(0.50)+HARD_RISK_CAP(2.0%)+MAXLOSS_CAP;213121.38;213135.96;33;0
2026.08.13 09:49:03;XAUUSD;5;1786608134;PROFIT_RATCHET_LOCKED;floor=6.53 peak=15.36;MANAGE_PROFIT;SAFE;1;1;1;-1;-1;4373.87;14.79;14.79;15.36;-3.60;KELLY_LITE;true;0.04;213121.38;0.0417;KELLY_LITE(mult=1.00 taper=1.00 n=2)+CONSEC_REDUCE(0.50)+HARD_RISK_CAP(2.0%)+MAXLOSS_CAP;213121.38;213136.17;36;0
2026.08.13 09:49:04;XAUUSD;5;1786608134;PROFIT_RATCHET_LOCKED;floor=6.53 peak=15.36;MANAGE_PROFIT;SAFE;1;1;1;-1;-1;4373.87;14.88;14.88;15.36;-3.60;KELLY_LITE;true;0.04;213121.38;0.0417;KELLY_LITE(mult=1.00 taper=1.00 n=2)+CONSEC_REDUCE(0.50)+HARD_RISK_CAP(2.0%)+MAXLOSS_CAP;213121.38;213136.26;36;0
2026.08.13 09:49:04;XAUUSD;5;1786608134;PROFIT_RATCHET_LOCKED;floor=6.53 peak=15.36;MANAGE_PROFIT;SAFE;1;1;1;-1;-1;4373.87;14.37;14.37;15.36;-3.60;KELLY_LITE;true;0.04;213121.38;0.0417;KELLY_LITE(mult=1.00 taper=1.00 n=2)+CONSEC_REDUCE(0.50)+HARD_RISK_CAP(2.0%)+MAXLOSS_CAP;213121.38;213135.75;36;0
2026.08.13 09:49:04;XAUUSD;5;1786608134;PROFIT_RATCHET_LOCKED;floor=6.53 peak=15.36;MANAGE_PROFIT;SAFE;1;1;1;-1;-1;4373.87;14.25;14.25;15.36;-3.60;KELLY_LITE;true;0.04;213121.38;0.0417;KELLY_LITE(mult=1.00 taper=1.00 n=2)+CONSEC_REDUCE(0.50)+HARD_RISK_CAP(2.0%)+MAXLOSS_CAP;213121.38;213135.63;36;0
2026.08.13 09:49:05;XAUUSD;5;1786608134;PROFIT_RATCHET_LOCKED;floor=6.53 peak=15.36;MANAGE_PROFIT;SAFE;1;1;1;-1;-1;4373.87;13.89;13.89;15.36;-3.60;KELLY_LITE;true;0.04;213121.38;0.0417;KELLY_LITE(mult=1.00 taper=1.00 n=2)+CONSEC_REDUCE(0.50)+HARD_RISK_CAP(2.0%)+MAXLOSS_CAP;213121.38;213135.27;36;0
2026.08.13 09:49:05;XAUUSD;5;1786608134;PROFIT_RATCHET_LOCKED;floor=6.53 peak=15.36;MANAGE_PROFIT;SAFE;1;1;1;-1;-1;4373.87;14.01;14.01;15.36;-3.60;KELLY_LITE;true;0.04;213121.38;0.0417;KELLY_LITE(mult=1.00 taper=1.00 n=2)+CONSEC_REDUCE(0.50)+HARD_RISK_CAP(2.0%)+MAXLOSS_CAP;213121.38;213135.39;36;0
2026.08.13 09:49:06;XAUUSD;5;1786608134;PROFIT_RATCHET_LOCKED;floor=6.53 peak=15.36;MANAGE_PROFIT;SAFE;1;1;1;-1;-1;4373.87;14.01;14.01;15.36;-3.60;KELLY_LITE;true;0.04;213121.38;0.0417;KELLY_LITE(mult=1.00 taper=1.00 n=2)+CONSEC_REDUCE(0.50)+HARD_RISK_CAP(2.0%)+MAXLOSS_CAP;213121.38;213135.39;35;0
2026.08.13 09:49:06;XAUUSD;5;1786608134;RECONCILED_BROKER_CLOSE;ticket=119259208 type=main pnl=13.65;MANAGE_PROFIT;SAFE;0;1;1;-1;-1;4373.87;0.00;0.00;15.36;-3.60;KELLY_LITE;true;0.04;213121.38;0.0417;KELLY_LITE(mult=1.00 taper=1.00 n=2)+CONSEC_REDUCE(0.50)+HARD_RISK_CAP(2.0%)+MAXLOSS_CAP;213135.03;213135.03;36;0
2026.08.13 09:49:06;XAUUSD;5;1786608134;PENDING_DELETED;ticket=119262485 reason=main_gone_hedge_pending;WAIT_TRIGGER;SAFE;0;0;1;-1;-1;4373.87;0.00;0.00;15.36;-3.60;KELLY_LITE;true;0.04;213121.38;0.0417;KELLY_LITE(mult=1.00 taper=1.00 n=2)+CONSEC_REDUCE(0.50)+HARD_RISK_CAP(2.0%)+MAXLOSS_CAP;213135.03;213135.03;36;0
2026.08.13 09:49:06;XAUUSD;5;1786608134;HEDGE_PENDING_CLEANUP;main_position_gone;WAIT_TRIGGER;SAFE;0;0;1;-1;-1;4373.87;0.00;0.00;15.36;-3.60;KELLY_LITE;true;0.04;213121.38;0.0417;KELLY_LITE(mult=1.00 taper=1.00 n=2)+CONSEC_REDUCE(0.50)+HARD_RISK_CAP(2.0%)+MAXLOSS_CAP;213135.03;213135.03;36;0
2026.08.13 09:49:06;XAUUSD;5;1786608134;CYCLE_RESET;oldState=WAIT_TRIGGER realizedPnL=13.65 peak=15.36 worst=-3.60 pyramid=1 consLosses=0;WAIT_TRIGGER;SAFE;0;0;1;-1;-1;4373.87;0.00;0.00;15.36;-3.60;KELLY_LITE;true;0.04;213121.38;0.0417;KELLY_LITE(mult=1.00 taper=1.00 n=2)+CONSEC_REDUCE(0.50)+HARD_RISK_CAP(2.0%)+MAXLOSS_CAP;213135.03;213135.03;36;0
2026.08.13 09:54:06;XAUUSD;5;1786608135;PLACE_PENDING_START;cycle=1786608135 trend=-1 consecLosses=0 preset=AGGRESSIVE;PLACE_PENDING;SAFE;0;0;0;-1;-1;0.00;0.00;0.00;0.00;0.00;KELLY_LITE;true;0.04;213121.38;0.0417;KELLY_LITE(mult=1.00 taper=1.00 n=2)+CONSEC_REDUCE(0.50)+HARD_RISK_CAP(2.0%)+MAXLOSS_CAP;213135.03;213135.03;37;0
2026.08.13 09:54:06;XAUUSD;5;1786608135;DIR_OCO_PLACED;dir=BEAR ticket=119264142 price=4374.03 sl=4389.03 tp=4351.53 lot=0.03 dist=1.63;PLACE_PENDING;SAFE;0;1;0;-1;119264142;0.00;0.00;0.00;0.00;0.00;KELLY_LITE;true;0.04;213135.03;0.0417;KELLY_LITE(mult=1.00 taper=1.00 n=3)+HARD_RISK_CAP(2.0%)+MAXLOSS_CAP;213135.03;213135.03;36;0
2026.08.13 09:54:07;XAUUSD;5;1786608135;DIR_OCO_COUNTER_PLACED;dir=BULL(counter) ticket=119264144 price=4377.61 lot=0.03;PLACE_PENDING;SAFE;0;2;0;119264144;119264142;0.00;0.00;0.00;0.00;0.00;KELLY_LITE;true;0.04;213135.03;0.0417;KELLY_LITE(mult=1.00 taper=1.00 n=3)+HARD_RISK_CAP(2.0%)+MAXLOSS_CAP;213135.03;213135.03;36;0
2026.08.13 09:54:09;XAUUSD;5;1786608135;BUY_STOP_TRAILED;Old=4377.61 New=4377.27;WAIT_TRIGGER;SAFE;0;2;0;119264144;119264142;0.00;0.00;0.00;0.00;0.00;KELLY_LITE;true;0.04;213135.03;0.0417;KELLY_LITE(mult=1.00 taper=1.00 n=3)+HARD_RISK_CAP(2.0%)+MAXLOSS_CAP;213135.03;213135.03;36;0
2026.08.13 09:54:17;XAUUSD;5;1786608135;BUY_STOP_TRAILED;Old=4377.27 New=4376.81;WAIT_TRIGGER;SAFE;0;2;0;119264144;119264142;0.00;0.00;0.00;0.00;0.00;KELLY_LITE;true;0.04;213135.03;0.0417;KELLY_LITE(mult=1.00 taper=1.00 n=3)+HARD_RISK_CAP(2.0%)+MAXLOSS_CAP;213135.03;213135.03;36;0
2026.08.13 09:55:00;XAUUSD;5;1786608135;SELL_STOP_TRAILED;Old=4374.03 New=4374.53;WAIT_TRIGGER;SAFE;0;2;0;119264144;119264142;0.00;0.00;0.00;0.00;0.00;KELLY_LITE;true;0.04;213135.03;0.0417;KELLY_LITE(mult=1.00 taper=1.00 n=3)+HARD_RISK_CAP(2.0%)+MAXLOSS_CAP;213135.03;213135.03;36;0
2026.08.13 09:55:09;XAUUSD;5;1786608135;SELL_STOP_TRAILED;Old=4374.53 New=4374.92;WAIT_TRIGGER;SAFE;0;2;0;119264144;119264142;0.00;0.00;0.00;0.00;0.00;KELLY_LITE;true;0.04;213135.03;0.0417;KELLY_LITE(mult=1.00 taper=1.00 n=3)+HARD_RISK_CAP(2.0%)+MAXLOSS_CAP;213135.03;213135.03;36;0
2026.08.13 09:55:10;XAUUSD;5;1786608135;OCO_TRIGGERED_BUY;ticket=119264144 entry=4376.81;POSITION_ACTIVE;SAFE;1;1;0;-1;119264142;0.00;0.00;-1.08;0.00;0.00;KELLY_LITE;true;0.04;213135.03;0.0417;KELLY_LITE(mult=1.00 taper=1.00 n=3)+HARD_RISK_CAP(2.0%)+MAXLOSS_CAP;213135.03;213135.03;36;0
2026.08.13 09:55:11;XAUUSD;5;1786608135;PENDING_DELETED;ticket=119264142 reason=oco_buy_triggered;POSITION_ACTIVE;SAFE;1;0;0;-1;119264142;0.00;0.00;-1.08;0.00;0.00;KELLY_LITE;true;0.04;213135.03;0.0417;KELLY_LITE(mult=1.00 taper=1.00 n=3)+HARD_RISK_CAP(2.0%)+MAXLOSS_CAP;213135.03;213135.03;36;0
2026.08.13 09:55:11;XAUUSD;5;1786608135;HEDGE_PENDING_PLACED;dir=SELL_STOP ticket=119264325 price=4373.45 sl=4376.45 lot=0.05 mainEntry=4376.81 dist=3.00 confirmBars=1;POSITION_ACTIVE;SAFE;1;1;1;-1;-1;4376.81;-1.14;-1.14;0.00;0.00;KELLY_LITE;true;0.04;213135.03;0.0417;KELLY_LITE(mult=1.00 taper=1.00 n=3)+HARD_RISK_CAP(2.0%)+MAXLOSS_CAP;213135.03;213133.89;36;0
2026.08.13 10:05:52;XAUUSD;5;1786608135;POSITION_CLOSED;ticket=119264325 reason=hedge_reversal_giveback_cap lots=0.05 price=4373.75 pnl=-1.50;MANAGE_PROFIT;SAFE;1;0;1;-1;-1;4376.81;-10.50;-10.50;0.51;-14.01;KELLY_LITE;true;0.04;213135.03;0.0417;KELLY_LITE(mult=1.00 taper=1.00 n=3)+HARD_RISK_CAP(2.0%)+MAXLOSS_CAP;213133.93;213123.43;36;0
2026.08.13 10:05:52;XAUUSD;5;1786608135;HEDGE_CLOSED_REVERSAL;profit=-1.50 peak=1.35 giveback=2.85 cap=2.50 reason=giveback_cap ok=1;MANAGE_PROFIT;SAFE;1;0;1;-1;-1;4376.81;-10.50;-10.50;0.51;-14.01;KELLY_LITE;true;0.04;213135.03;0.0417;KELLY_LITE(mult=1.00 taper=1.00 n=3)+HARD_RISK_CAP(2.0%)+MAXLOSS_CAP;213133.93;213123.43;36;0
2026.08.13 10:06:11;XAUUSD;5;1786608135;EXIT_TIME_LOSS_CONFIRMED;held=11 profit=-12.21 rsi=46.0;MANAGE_PROFIT;SAFE;1;0;1;-1;-1;4376.81;-12.21;-12.21;0.51;-14.01;KELLY_LITE;true;0.04;213135.03;0.0417;KELLY_LITE(mult=1.00 taper=1.00 n=3)+HARD_RISK_CAP(2.0%)+MAXLOSS_CAP;213133.93;213121.72;34;0
2026.08.13 10:06:12;XAUUSD;5;1786608135;POSITION_CLOSED;ticket=119264144 reason=time_loss_exit_confirmed lots=0.03 price=4372.74 pnl=-12.21;MANAGE_PROFIT;SAFE;0;0;1;-1;-1;4376.81;0.00;0.00;0.51;-14.01;KELLY_LITE;true;0.04;213135.03;0.0417;KELLY_LITE(mult=1.00 taper=1.00 n=3)+HARD_RISK_CAP(2.0%)+MAXLOSS_CAP;213121.75;213121.75;36;0
2026.08.13 10:06:12;XAUUSD;5;1786608135;LOSS_COOLDOWN_AFTER_LOSS;cyclePnL=-13.28 pauseUntil=2026.08.13 10:11:12;RESET;SAFE;0;0;0;-1;-1;4376.81;0.00;0.00;0.51;-14.01;KELLY_LITE;true;0.04;213135.03;0.0417;KELLY_LITE(mult=1.00 taper=1.00 n=3)+HARD_RISK_CAP(2.0%)+MAXLOSS_CAP;213121.75;213121.75;36;0
2026.08.13 10:06:12;XAUUSD;5;1786608135;CYCLE_RESET;oldState=RESET realizedPnL=-13.28 peak=0.51 worst=-14.01 pyramid=0 consLosses=1;RESET;SAFE;0;0;0;-1;-1;4376.81;0.00;0.00;0.51;-14.01;KELLY_LITE;true;0.04;213135.03;0.0417;KELLY_LITE(mult=1.00 taper=1.00 n=3)+HARD_RISK_CAP(2.0%)+MAXLOSS_CAP;213121.75;213121.75;36;0
2026.08.13 10:11:12;XAUUSD;5;1786608135;FILTER_BLOCK_TREND_DISAGREE;TREND_DISAGREE (main=-1 fast=1 rsi=53.0, no extreme);BLOCKED;SAFE;0;0;0;-1;-1;0.00;0.00;0.00;0.00;0.00;KELLY_LITE;true;0.04;213135.03;0.0417;KELLY_LITE(mult=1.00 taper=1.00 n=3)+HARD_RISK_CAP(2.0%)+MAXLOSS_CAP;213121.75;213121.75;36;0
2026.08.13 10:16:12;XAUUSD;5;1786608135;FILTER_BLOCK_TREND_DISAGREE;TREND_DISAGREE (main=-1 fast=1 rsi=53.1, no extreme);BLOCKED;SAFE;0;0;0;-1;-1;0.00;0.00;0.00;0.00;0.00;KELLY_LITE;true;0.04;213135.03;0.0417;KELLY_LITE(mult=1.00 taper=1.00 n=3)+HARD_RISK_CAP(2.0%)+MAXLOSS_CAP;213121.75;213121.75;36;0
2026.08.13 10:21:12;XAUUSD;5;1786608136;PLACE_PENDING_START;cycle=1786608136 trend=-1 consecLosses=1 preset=AGGRESSIVE;PLACE_PENDING;SAFE;0;0;0;-1;-1;0.00;0.00;0.00;0.00;0.00;KELLY_LITE;true;0.04;213135.03;0.0417;KELLY_LITE(mult=1.00 taper=1.00 n=3)+HARD_RISK_CAP(2.0%)+MAXLOSS_CAP;213121.75;213121.75;36;0
2026.08.13 10:21:12;XAUUSD;5;1786608136;DIR_OCO_PLACED;dir=BEAR ticket=119269557 price=4380.01 sl=4395.01 tp=4357.51 lot=0.03 dist=1.50;PLACE_PENDING;SAFE;0;1;0;-1;119269557;0.00;0.00;0.00;0.00;0.00;KELLY_LITE;true;0.04;213121.75;0.0417;KELLY_LITE(mult=1.00 taper=1.00 n=4)+HARD_RISK_CAP(2.0%)+MAXLOSS_CAP;213121.75;213121.75;37;0
2026.08.13 10:21:13;XAUUSD;5;1786608136;DIR_OCO_COUNTER_PLACED;dir=BULL(counter) ticket=119269560 price=4383.22 lot=0.03;PLACE_PENDING;SAFE;0;2;0;119269560;119269557;0.00;0.00;0.00;0.00;0.00;KELLY_LITE;true;0.04;213121.75;0.0417;KELLY_LITE(mult=1.00 taper=1.00 n=4)+HARD_RISK_CAP(2.0%)+MAXLOSS_CAP;213121.75;213121.75;36;0
2026.08.13 10:21:25;XAUUSD;5;1786608136;BUY_STOP_TRAILED;Old=4383.22 New=4382.90;WAIT_TRIGGER;SAFE;0;2;0;119269560;119269557;0.00;0.00;0.00;0.00;0.00;KELLY_LITE;true;0.04;213121.75;0.0417;KELLY_LITE(mult=1.00 taper=1.00 n=4)+HARD_RISK_CAP(2.0%)+MAXLOSS_CAP;213121.75;213121.75;36;0
2026.08.13 10:21:36;XAUUSD;5;1786608136;BUY_STOP_TRAILED;Old=4382.90 New=4382.57;WAIT_TRIGGER;SAFE;0;2;0;119269560;119269557;0.00;0.00;0.00;0.00;0.00;KELLY_LITE;true;0.04;213121.75;0.0417;KELLY_LITE(mult=1.00 taper=1.00 n=4)+HARD_RISK_CAP(2.0%)+MAXLOSS_CAP;213121.75;213121.75;36;0
2026.08.13 10:21:48;XAUUSD;5;1786608136;BUY_STOP_TRAILED;Old=4382.57 New=4382.25;WAIT_TRIGGER;SAFE;0;2;0;119269560;119269557;0.00;0.00;0.00;0.00;0.00;KELLY_LITE;true;0.04;213121.75;0.0417;KELLY_LITE(mult=1.00 taper=1.00 n=4)+HARD_RISK_CAP(2.0%)+MAXLOSS_CAP;213121.75;213121.75;36;0
2026.08.13 10:22:24;XAUUSD;5;1786608136;OCO_TRIGGERED_SELL;ticket=119269557 entry=4380.01;POSITION_ACTIVE;SAFE;1;1;0;119269560;-1;0.00;-0.96;-0.96;0.00;0.00;KELLY_LITE;true;0.04;213121.75;0.0417;KELLY_LITE(mult=1.00 taper=1.00 n=4)+HARD_RISK_CAP(2.0%)+MAXLOSS_CAP;213121.75;213120.79;36;0
2026.08.13 10:22:25;XAUUSD;5;1786608136;PENDING_DELETED;ticket=119269560 reason=oco_sell_triggered;POSITION_ACTIVE;SAFE;1;0;0;119269560;-1;0.00;-0.90;-0.90;0.00;0.00;KELLY_LITE;true;0.04;213121.75;0.0417;KELLY_LITE(mult=1.00 taper=1.00 n=4)+HARD_RISK_CAP(2.0%)+MAXLOSS_CAP;213121.75;213120.85;36;0
2026.08.13 10:22:25;XAUUSD;5;1786608136;HEDGE_PENDING_PLACED;dir=BUY_STOP ticket=119269791 price=4383.31 sl=4380.31 lot=0.05 mainEntry=4380.01 dist=3.00 confirmBars=1;POSITION_ACTIVE;SAFE;1;1;1;-1;-1;4380.01;-1.17;-1.17;0.00;-0.90;KELLY_LITE;true;0.04;213121.75;0.0417;KELLY_LITE(mult=1.00 taper=1.00 n=4)+HARD_RISK_CAP(2.0%)+MAXLOSS_CAP;213121.75;213120.58;34;0
2026.08.13 10:37:26;XAUUSD;5;1786608136;PENDING_DELETED;ticket=119269791 reason=hedge_pending_expired;POSITION_ACTIVE;SAFE;1;0;1;-1;-1;4380.01;-2.43;-2.43;5.07;-7.71;KELLY_LITE;true;0.04;213121.75;0.0417;KELLY_LITE(mult=1.00 taper=1.00 n=4)+HARD_RISK_CAP(2.0%)+MAXLOSS_CAP;213121.75;213119.32;36;0
2026.08.13 10:37:26;XAUUSD;5;1786608136;HEDGE_PENDING_EXPIRED;after=900s rearm=1/1;POSITION_ACTIVE;SAFE;1;0;1;-1;-1;4380.01;-2.43;-2.43;5.07;-7.71;KELLY_LITE;true;0.04;213121.75;0.0417;KELLY_LITE(mult=1.00 taper=1.00 n=4)+HARD_RISK_CAP(2.0%)+MAXLOSS_CAP;213121.75;213119.32;36;0
2026.08.13 10:37:27;XAUUSD;5;1786608136;HEDGE_PENDING_PLACED;dir=BUY_STOP ticket=119272673 price=4383.82 sl=4380.82 lot=0.05 mainEntry=4380.01 dist=3.00 confirmBars=1;MANAGE_PROFIT;SAFE;1;1;1;-1;-1;4380.01;-2.46;-2.46;5.07;-7.71;KELLY_LITE;true;0.04;213121.75;0.0417;KELLY_LITE(mult=1.00 taper=1.00 n=4)+HARD_RISK_CAP(2.0%)+MAXLOSS_CAP;213121.75;213119.29;36;0
2026.08.13 10:52:28;XAUUSD;5;1786608136;PENDING_DELETED;ticket=119272673 reason=hedge_pending_expired;POSITION_ACTIVE;SAFE;1;0;1;-1;-1;4380.01;1.08;1.08;5.07;-7.71;KELLY_LITE;true;0.04;213121.75;0.0417;KELLY_LITE(mult=1.00 taper=1.00 n=4)+HARD_RISK_CAP(2.0%)+MAXLOSS_CAP;213121.75;213122.83;36;0
2026.08.13 10:52:28;XAUUSD;5;1786608136;HEDGE_PENDING_EXPIRED;after=900s no_more_rearm;POSITION_ACTIVE;SAFE;1;0;1;-1;-1;4380.01;1.08;1.08;5.07;-7.71;KELLY_LITE;true;0.04;213121.75;0.0417;KELLY_LITE(mult=1.00 taper=1.00 n=4)+HARD_RISK_CAP(2.0%)+MAXLOSS_CAP;213121.75;213122.83;36;0
2026.08.13 10:58:04;XAUUSD;5;1786608136;EXIT_TIME_LOSS_CONFIRMED;held=35 profit=-12.00 rsi=62.6;MANAGE_PROFIT;SAFE;1;0;1;-1;-1;4380.01;-12.00;-12.00;5.07;-12.00;KELLY_LITE;true;0.04;213121.75;0.0417;KELLY_LITE(mult=1.00 taper=1.00 n=4)+HARD_RISK_CAP(2.0%)+MAXLOSS_CAP;213121.75;213109.75;36;0
2026.08.13 10:58:04;XAUUSD;5;1786608136;POSITION_CLOSED;ticket=119269557 reason=time_loss_exit_confirmed lots=0.03 price=4384.01 pnl=-12.00;MANAGE_PROFIT;SAFE;0;0;1;-1;-1;4380.01;0.00;0.00;5.07;-12.00;KELLY_LITE;true;0.04;213121.75;0.0417;KELLY_LITE(mult=1.00 taper=1.00 n=4)+HARD_RISK_CAP(2.0%)+MAXLOSS_CAP;213109.36;213109.36;33;0
2026.08.13 10:58:04;XAUUSD;5;1786608136;LOSS_COOLDOWN_AFTER_LOSS;cyclePnL=-12.39 pauseUntil=2026.08.13 11:03:04;RESET;SAFE;0;0;0;-1;-1;4380.01;0.00;0.00;5.07;-12.00;KELLY_LITE;true;0.04;213121.75;0.0417;KELLY_LITE(mult=1.00 taper=1.00 n=4)+HARD_RISK_CAP(2.0%)+MAXLOSS_CAP;213109.36;213109.36;33;0
2026.08.13 10:58:04;XAUUSD;5;1786608136;CYCLE_RESET;oldState=RESET realizedPnL=-12.39 peak=5.07 worst=-12.00 pyramid=0 consLosses=2;RESET;SAFE;0;0;0;-1;-1;4380.01;0.00;0.00;5.07;-12.00;KELLY_LITE;true;0.04;213121.75;0.0417;KELLY_LITE(mult=1.00 taper=1.00 n=4)+HARD_RISK_CAP(2.0%)+MAXLOSS_CAP;213109.36;213109.36;33;0
2026.08.13 11:03:04;XAUUSD;5;1786608137;PLACE_PENDING_START;cycle=1786608137 trend=-1 consecLosses=2 preset=AGGRESSIVE;PLACE_PENDING;SAFE;0;0;0;-1;-1;0.00;0.00;0.00;0.00;0.00;KELLY_LITE;true;0.04;213121.75;0.0417;KELLY_LITE(mult=1.00 taper=1.00 n=4)+HARD_RISK_CAP(2.0%)+MAXLOSS_CAP;213109.36;213109.36;36;0
2026.08.13 11:03:04;XAUUSD;5;1786608137;DIR_OCO_PLACED;dir=BEAR ticket=119277150 price=4383.25 sl=4398.25 tp=4360.75 lot=0.03 dist=1.50;PLACE_PENDING;SAFE;0;1;0;-1;119277150;0.00;0.00;0.00;0.00;0.00;KELLY_LITE;true;0.04;213109.36;0.0417;KELLY_LITE(mult=0.85 taper=1.00 n=5)+CONSEC_REDUCE(0.50)+HARD_RISK_CAP(2.0%)+MAXLOSS_CAP;213109.36;213109.36;36;0
2026.08.13 11:03:05;XAUUSD;5;1786608137;DIR_OCO_COUNTER_PLACED;dir=BULL(counter) ticket=119277152 price=4386.61 lot=0.03;PLACE_PENDING;SAFE;0;2;0;119277152;119277150;0.00;0.00;0.00;0.00;0.00;KELLY_LITE;true;0.04;213109.36;0.0417;KELLY_LITE(mult=0.85 taper=1.00 n=5)+CONSEC_REDUCE(0.50)+HARD_RISK_CAP(2.0%)+MAXLOSS_CAP;213109.36;213109.36;36;0
2026.08.13 11:03:11;XAUUSD;5;1786608137;SELL_STOP_TRAILED;Old=4383.25 New=4383.58;WAIT_TRIGGER;SAFE;0;2;0;119277152;119277150;0.00;0.00;0.00;0.00;0.00;KELLY_LITE;true;0.04;213109.36;0.0417;KELLY_LITE(mult=0.85 taper=1.00 n=5)+CONSEC_REDUCE(0.50)+HARD_RISK_CAP(2.0%)+MAXLOSS_CAP;213109.36;213109.36;36;0
2026.08.13 11:03:27;XAUUSD;5;1786608137;BUY_STOP_TRAILED;Old=4386.61 New=4386.30;WAIT_TRIGGER;SAFE;0;2;0;119277152;119277150;0.00;0.00;0.00;0.00;0.00;KELLY_LITE;true;0.04;213109.36;0.0417;KELLY_LITE(mult=0.85 taper=1.00 n=5)+CONSEC_REDUCE(0.50)+HARD_RISK_CAP(2.0%)+MAXLOSS_CAP;213109.36;213109.36;36;0
2026.08.13 11:03:51;XAUUSD;5;1786608137;BUY_STOP_TRAILED;Old=4386.30 New=4385.99;WAIT_TRIGGER;SAFE;0;2;0;119277152;119277150;0.00;0.00;0.00;0.00;0.00;KELLY_LITE;true;0.04;213109.36;0.0417;KELLY_LITE(mult=0.85 taper=1.00 n=5)+CONSEC_REDUCE(0.50)+HARD_RISK_CAP(2.0%)+MAXLOSS_CAP;213109.36;213109.36;36;0
2026.08.13 11:04:00;XAUUSD;5;1786608137;BUY_STOP_TRAILED;Old=4385.99 New=4385.68;WAIT_TRIGGER;SAFE;0;2;0;119277152;119277150;0.00;0.00;0.00;0.00;0.00;KELLY_LITE;true;0.04;213109.36;0.0417;KELLY_LITE(mult=0.85 taper=1.00 n=5)+CONSEC_REDUCE(0.50)+HARD_RISK_CAP(2.0%)+MAXLOSS_CAP;213109.36;213109.36;36;0
2026.08.13 11:04:16;XAUUSD;5;1786608137;OCO_TRIGGERED_SELL;ticket=119277150 entry=4383.58;POSITION_ACTIVE;SAFE;1;1;0;119277152;-1;0.00;-0.69;-0.69;0.00;0.00;KELLY_LITE;true;0.04;213109.36;0.0417;KELLY_LITE(mult=0.85 taper=1.00 n=5)+CONSEC_REDUCE(0.50)+HARD_RISK_CAP(2.0%)+MAXLOSS_CAP;213109.36;213108.67;33;0
2026.08.13 11:04:17;XAUUSD;5;1786608137;PENDING_DELETED;ticket=119277152 reason=oco_sell_triggered;POSITION_ACTIVE;SAFE;1;0;0;119277152;-1;0.00;-0.78;-0.78;0.00;0.00;KELLY_LITE;true;0.04;213109.36;0.0417;KELLY_LITE(mult=0.85 taper=1.00 n=5)+CONSEC_REDUCE(0.50)+HARD_RISK_CAP(2.0%)+MAXLOSS_CAP;213109.36;213108.58;33;0
2026.08.13 11:04:17;XAUUSD;5;1786608137;HEDGE_PENDING_PLACED;dir=BUY_STOP ticket=119277342 price=4386.84 sl=4383.84 lot=0.05 mainEntry=4383.58 dist=3.00 confirmBars=1;POSITION_ACTIVE;SAFE;1;1;1;-1;-1;4383.58;-0.60;-0.60;0.00;-0.78;KELLY_LITE;true;0.04;213109.36;0.0417;KELLY_LITE(mult=0.85 taper=1.00 n=5)+CONSEC_REDUCE(0.50)+HARD_RISK_CAP(2.0%)+MAXLOSS_CAP;213109.36;213108.76;36;0
2026.08.13 11:19:18;XAUUSD;5;1786608137;PENDING_DELETED;ticket=119277342 reason=hedge_pending_expired;POSITION_ACTIVE;SAFE;1;0;1;-1;-1;4383.58;-2.46;-2.46;5.52;-7.83;KELLY_LITE;true;0.04;213109.36;0.0417;KELLY_LITE(mult=0.85 taper=1.00 n=5)+CONSEC_REDUCE(0.50)+HARD_RISK_CAP(2.0%)+MAXLOSS_CAP;213109.36;213106.90;36;0
2026.08.13 11:19:18;XAUUSD;5;1786608137;HEDGE_PENDING_EXPIRED;after=900s rearm=1/1;POSITION_ACTIVE;SAFE;1;0;1;-1;-1;4383.58;-2.46;-2.46;5.52;-7.83;KELLY_LITE;true;0.04;213109.36;0.0417;KELLY_LITE(mult=0.85 taper=1.00 n=5)+CONSEC_REDUCE(0.50)+HARD_RISK_CAP(2.0%)+MAXLOSS_CAP;213109.36;213106.90;36;0
2026.08.13 11:19:18;XAUUSD;5;1786608137;HEDGE_BLOCK_CONFIRM;need=1 adverse bars;MANAGE_PROFIT;SAFE;1;0;1;-1;-1;4383.58;-2.46;-2.46;5.52;-7.83;KELLY_LITE;true;0.04;213109.36;0.0417;KELLY_LITE(mult=0.85 taper=1.00 n=5)+CONSEC_REDUCE(0.50)+HARD_RISK_CAP(2.0%)+MAXLOSS_CAP;213109.36;213106.90;36;0
2026.08.13 11:19:48;XAUUSD;5;1786608137;HEDGE_BLOCK_CONFIRM;need=1 adverse bars;MANAGE_PROFIT;SAFE;1;0;1;-1;-1;4383.58;-4.83;-4.83;5.52;-7.83;KELLY_LITE;true;0.04;213109.36;0.0417;KELLY_LITE(mult=0.85 taper=1.00 n=5)+CONSEC_REDUCE(0.50)+HARD_RISK_CAP(2.0%)+MAXLOSS_CAP;213109.36;213104.53;36;0
2026.08.13 11:20:00;XAUUSD;5;1786608137;HEDGE_PENDING_PLACED;dir=BUY_STOP ticket=119279891 price=4388.49 sl=4385.49 lot=0.05 mainEntry=4383.58 dist=3.00 confirmBars=1;MANAGE_PROFIT;SAFE;1;1;1;-1;-1;4383.58;-5.55;-5.55;5.52;-7.83;KELLY_LITE;true;0.04;213109.36;0.0417;KELLY_LITE(mult=0.85 taper=1.00 n=5)+CONSEC_REDUCE(0.50)+HARD_RISK_CAP(2.0%)+MAXLOSS_CAP;213109.36;213103.81;36;0
2026.08.13 11:27:21;XAUUSD;5;1786608137;EXIT_TIME_LOSS_CONFIRMED;held=23 profit=-12.09 rsi=65.1;MANAGE_PROFIT;SAFE;1;1;1;-1;-1;4383.58;-12.09;-12.09;5.52;-12.09;KELLY_LITE;true;0.04;213109.36;0.0417;KELLY_LITE(mult=0.85 taper=1.00 n=5)+CONSEC_REDUCE(0.50)+HARD_RISK_CAP(2.0%)+MAXLOSS_CAP;213109.36;213097.27;33;0
2026.08.13 11:27:22;XAUUSD;5;1786608137;POSITION_CLOSED;ticket=119277150 reason=time_loss_exit_confirmed lots=0.03 price=4387.61 pnl=-12.09;MANAGE_PROFIT;SAFE;0;1;1;-1;-1;4383.58;0.00;0.00;5.52;-12.09;KELLY_LITE;true;0.04;213109.36;0.0417;KELLY_LITE(mult=0.85 taper=1.00 n=5)+CONSEC_REDUCE(0.50)+HARD_RISK_CAP(2.0%)+MAXLOSS_CAP;213097.06;213097.06;36;0
2026.08.13 11:27:23;XAUUSD;5;1786608137;PENDING_DELETED;ticket=119279891 reason=close_all_hedge;MANAGE_PROFIT;SAFE;0;0;0;-1;-1;4383.58;0.00;0.00;5.52;-12.09;KELLY_LITE;true;0.04;213109.36;0.0417;KELLY_LITE(mult=0.85 taper=1.00 n=5)+CONSEC_REDUCE(0.50)+HARD_RISK_CAP(2.0%)+MAXLOSS_CAP;213097.06;213097.06;33;0
2026.08.13 11:27:23;XAUUSD;5;1786608137;LOSS_COOLDOWN_AFTER_LOSS;cyclePnL=-12.30 pauseUntil=2026.08.13 11:32:23;RESET;SAFE;0;0;0;-1;-1;4383.58;0.00;0.00;5.52;-12.09;KELLY_LITE;true;0.04;213109.36;0.0417;KELLY_LITE(mult=0.85 taper=1.00 n=5)+CONSEC_REDUCE(0.50)+HARD_RISK_CAP(2.0%)+MAXLOSS_CAP;213097.06;213097.06;33;0
2026.08.13 11:27:23;XAUUSD;5;1786608137;CONSECUTIVE_LOSS_PAUSE;losses=3 pauseUntil=2026.08.13 11:42:23;RESET;SAFE;0;0;0;-1;-1;4383.58;0.00;0.00;5.52;-12.09;KELLY_LITE;true;0.04;213109.36;0.0417;KELLY_LITE(mult=0.85 taper=1.00 n=5)+CONSEC_REDUCE(0.50)+HARD_RISK_CAP(2.0%)+MAXLOSS_CAP;213097.06;213097.06;33;0
2026.08.13 11:27:23;XAUUSD;5;1786608137;CYCLE_RESET;oldState=RESET realizedPnL=-12.30 peak=5.52 worst=-12.09 pyramid=0 consLosses=3;RESET;SAFE;0;0;0;-1;-1;4383.58;0.00;0.00;5.52;-12.09;KELLY_LITE;true;0.04;213109.36;0.0417;KELLY_LITE(mult=0.85 taper=1.00 n=5)+CONSEC_REDUCE(0.50)+HARD_RISK_CAP(2.0%)+MAXLOSS_CAP;213097.06;213097.06;33;0
2026.08.13 11:42:23;XAUUSD;5;1786608138;PLACE_PENDING_START;cycle=1786608138 trend=1 consecLosses=3 preset=AGGRESSIVE;PLACE_PENDING;SAFE;0;0;0;-1;-1;0.00;0.00;0.00;0.00;0.00;KELLY_LITE;true;0.04;213109.36;0.0417;KELLY_LITE(mult=0.85 taper=1.00 n=5)+CONSEC_REDUCE(0.50)+HARD_RISK_CAP(2.0%)+MAXLOSS_CAP;213097.06;213097.06;36;0
2026.08.13 11:42:23;XAUUSD;5;1786608138;DIR_OCO_PLACED;dir=BULL ticket=119283810 price=4390.35 sl=4375.35 tp=4412.85 lot=0.04 dist=1.50;PLACE_PENDING;SAFE;0;1;0;119283810;-1;0.00;0.00;0.00;0.00;0.00;KELLY_LITE;true;0.04;213097.06;0.0417;KELLY_LITE(mult=0.80 taper=1.00 n=6)+CONSEC_REDUCE(0.50)+HARD_RISK_CAP(2.0%)+MAXLOSS_CAP;213097.06;213097.06;36;0
2026.08.13 11:42:24;XAUUSD;5;1786608138;DIR_OCO_COUNTER_PLACED;dir=BEAR(counter) ticket=119283811 price=4386.99 lot=0.03;PLACE_PENDING;SAFE;0;2;0;119283810;119283811;0.00;0.00;0.00;0.00;0.00;KELLY_LITE;true;0.04;213097.06;0.0417;KELLY_LITE(mult=0.80 taper=1.00 n=6)+CONSEC_REDUCE(0.50)+HARD_RISK_CAP(2.0%)+MAXLOSS_CAP;213097.06;213097.06;36;0
2026.08.13 11:42:57;XAUUSD;5;1786608138;BUY_STOP_TRAILED;Old=4390.35 New=4389.81;WAIT_TRIGGER;SAFE;0;2;0;119283810;119283811;0.00;0.00;0.00;0.00;0.00;KELLY_LITE;true;0.04;213097.06;0.0417;KELLY_LITE(mult=0.80 taper=1.00 n=6)+CONSEC_REDUCE(0.50)+HARD_RISK_CAP(2.0%)+MAXLOSS_CAP;213097.06;213097.06;36;0
2026.08.13 11:43:19;XAUUSD;5;1786608138;SELL_STOP_TRAILED;Old=4386.99 New=4387.34;WAIT_TRIGGER;SAFE;0;2;0;119283810;119283811;0.00;0.00;0.00;0.00;0.00;KELLY_LITE;true;0.04;213097.06;0.0417;KELLY_LITE(mult=0.80 taper=1.00 n=6)+CONSEC_REDUCE(0.50)+HARD_RISK_CAP(2.0%)+MAXLOSS_CAP;213097.06;213097.06;36;0
2026.08.13 11:43:21;XAUUSD;5;1786608138;SELL_STOP_TRAILED;Old=4387.34 New=4387.97;WAIT_TRIGGER;SAFE;1;1;0;119283810;119283811;0.00;0.12;0.12;0.00;0.00;KELLY_LITE;true;0.04;213097.06;0.0417;KELLY_LITE(mult=0.80 taper=1.00 n=6)+CONSEC_REDUCE(0.50)+HARD_RISK_CAP(2.0%)+MAXLOSS_CAP;213097.06;213097.18;36;0
2026.08.13 11:43:21;XAUUSD;5;1786608138;OCO_TRIGGERED_BUY;ticket=119283810 entry=4389.81;POSITION_ACTIVE;SAFE;1;1;0;-1;119283811;0.00;0.12;0.12;0.00;0.00;KELLY_LITE;true;0.04;213097.06;0.0417;KELLY_LITE(mult=0.80 taper=1.00 n=6)+CONSEC_REDUCE(0.50)+HARD_RISK_CAP(2.0%)+MAXLOSS_CAP;213097.06;213097.18;36;0
2026.08.13 11:43:22;XAUUSD;5;1786608138;PENDING_DELETED;ticket=119283811 reason=oco_buy_triggered;POSITION_ACTIVE;SAFE;1;0;0;-1;119283811;0.00;1.28;1.28;0.00;0.00;KELLY_LITE;true;0.04;213097.06;0.0417;KELLY_LITE(mult=0.80 taper=1.00 n=6)+CONSEC_REDUCE(0.50)+HARD_RISK_CAP(2.0%)+MAXLOSS_CAP;213097.06;213098.34;36;0
2026.08.13 11:43:22;XAUUSD;5;1786608138;HEDGE_PENDING_PLACED;dir=SELL_STOP ticket=119284002 price=4387.13 sl=4390.13 lot=0.05 mainEntry=4389.81 dist=3.00 confirmBars=1;POSITION_ACTIVE;SAFE;1;1;1;-1;-1;4389.81;0.80;0.80;1.28;0.00;KELLY_LITE;true;0.04;213097.06;0.0417;KELLY_LITE(mult=0.80 taper=1.00 n=6)+CONSEC_REDUCE(0.50)+HARD_RISK_CAP(2.0%)+MAXLOSS_CAP;213097.06;213097.86;36;0
2026.08.13 11:50:55;XAUUSD;5;1786608138;SL_MODIFIED;ticket=119283810 oldSL=4377.81 newSL=4391.66 reason=break_even_lock_leg_0;MANAGE_PROFIT;SAFE;1;1;1;-1;-1;4389.81;10.68;10.48;9.48;-6.60;KELLY_LITE;true;0.04;213097.06;0.0417;KELLY_LITE(mult=0.80 taper=1.00 n=6)+CONSEC_REDUCE(0.50)+HARD_RISK_CAP(2.0%)+MAXLOSS_CAP;213097.06;213107.74;33;0
2026.08.13 11:50:55;XAUUSD;5;1786608138;PROFIT_RATCHET_LOCKED;floor=3.20 peak=9.48;MANAGE_PROFIT;SAFE;1;1;1;-1;-1;4389.81;10.68;10.48;9.48;-6.60;KELLY_LITE;true;0.04;213097.06;0.0417;KELLY_LITE(mult=0.80 taper=1.00 n=6)+CONSEC_REDUCE(0.50)+HARD_RISK_CAP(2.0%)+MAXLOSS_CAP;213097.06;213107.74;33;0
2026.08.13 11:50:57;XAUUSD;5;1786608138;SL_MODIFIED;ticket=119283810 oldSL=4391.66 newSL=4391.74 reason=break_even_lock_leg_0 (retry buf=8pt);MANAGE_PROFIT;SAFE;1;1;1;-1;-1;4389.81;10.04;10.04;10.68;-6.60;KELLY_LITE;true;0.04;213097.06;0.0417;KELLY_LITE(mult=0.80 taper=1.00 n=6)+CONSEC_REDUCE(0.50)+HARD_RISK_CAP(2.0%)+MAXLOSS_CAP;213097.06;213107.10;35;0
2026.08.13 11:50:57;XAUUSD;5;1786608138;PROFIT_RATCHET_LOCKED;floor=3.60 peak=10.68;MANAGE_PROFIT;SAFE;1;1;1;-1;-1;4389.81;10.04;10.04;10.68;-6.60;KELLY_LITE;true;0.04;213097.06;0.0417;KELLY_LITE(mult=0.80 taper=1.00 n=6)+CONSEC_REDUCE(0.50)+HARD_RISK_CAP(2.0%)+MAXLOSS_CAP;213097.06;213107.10;35;0
2026.08.13 11:50:57;XAUUSD;5;1786608138;SL_MODIFIED;ticket=119283810 oldSL=4391.74 newSL=4391.80 reason=break_even_lock_leg_0;MANAGE_PROFIT;SAFE;1;1;1;-1;-1;4389.81;10.00;10.00;10.68;-6.60;KELLY_LITE;true;0.04;213097.06;0.0417;KELLY_LITE(mult=0.80 taper=1.00 n=6)+CONSEC_REDUCE(0.50)+HARD_RISK_CAP(2.0%)+MAXLOSS_CAP;213097.06;213107.06;36;0
2026.08.13 11:50:57;XAUUSD;5;1786608138;PROFIT_RATCHET_LOCKED;floor=3.60 peak=10.68;MANAGE_PROFIT;SAFE;1;1;1;-1;-1;4389.81;10.00;10.00;10.68;-6.60;KELLY_LITE;true;0.04;213097.06;0.0417;KELLY_LITE(mult=0.80 taper=1.00 n=6)+CONSEC_REDUCE(0.50)+HARD_RISK_CAP(2.0%)+MAXLOSS_CAP;213097.06;213107.06;36;0
2026.08.13 11:50:57;XAUUSD;5;1786608138;PROFIT_RATCHET_LOCKED;floor=3.60 peak=10.68;MANAGE_PROFIT;SAFE;1;1;1;-1;-1;4389.81;10.00;10.00;10.68;-6.60;KELLY_LITE;true;0.04;213097.06;0.0417;KELLY_LITE(mult=0.80 taper=1.00 n=6)+CONSEC_REDUCE(0.50)+HARD_RISK_CAP(2.0%)+MAXLOSS_CAP;213097.06;213107.06;36;0
2026.08.13 11:50:57;XAUUSD;5;1786608138;PROFIT_RATCHET_LOCKED;floor=3.60 peak=10.68;MANAGE_PROFIT;SAFE;1;1;1;-1;-1;4389.81;10.04;10.04;10.68;-6.60;KELLY_LITE;true;0.04;213097.06;0.0417;KELLY_LITE(mult=0.80 taper=1.00 n=6)+CONSEC_REDUCE(0.50)+HARD_RISK_CAP(2.0%)+MAXLOSS_CAP;213097.06;213107.10;36;0
2026.08.13 11:50:58;XAUUSD;5;1786608138;SL_MODIFIED;ticket=119283810 oldSL=4391.80 newSL=4391.92 reason=break_even_lock_leg_0;MANAGE_PROFIT;SAFE;1;1;1;-1;-1;4389.81;10.68;10.72;10.68;-6.60;KELLY_LITE;true;0.04;213097.06;0.0417;KELLY_LITE(mult=0.80 taper=1.00 n=6)+CONSEC_REDUCE(0.50)+HARD_RISK_CAP(2.0%)+MAXLOSS_CAP;213097.06;213107.74;36;0
2026.08.13 11:50:58;XAUUSD;5;1786608138;PROFIT_RATCHET_LOCKED;floor=3.60 peak=10.68;MANAGE_PROFIT;SAFE;1;1;1;-1;-1;4389.81;10.68;10.72;10.68;-6.60;KELLY_LITE;true;0.04;213097.06;0.0417;KELLY_LITE(mult=0.80 taper=1.00 n=6)+CONSEC_REDUCE(0.50)+HARD_RISK_CAP(2.0%)+MAXLOSS_CAP;213097.06;213107.74;36;0
2026.08.13 11:50:59;XAUUSD;5;1786608138;SL_MODIFIED;ticket=119283810 oldSL=4391.92 newSL=4391.97 reason=break_even_lock_leg_0;MANAGE_PROFIT;SAFE;1;1;1;-1;-1;4389.81;10.72;10.76;10.68;-6.60;KELLY_LITE;true;0.04;213097.06;0.0417;KELLY_LITE(mult=0.80 taper=1.00 n=6)+CONSEC_REDUCE(0.50)+HARD_RISK_CAP(2.0%)+MAXLOSS_CAP;213097.06;213107.78;35;0
2026.08.13 11:50:59;XAUUSD;5;1786608138;PROFIT_RATCHET_LOCKED;floor=3.60 peak=10.68;MANAGE_PROFIT;SAFE;1;1;1;-1;-1;4389.81;10.72;10.76;10.68;-6.60;KELLY_LITE;true;0.04;213097.06;0.0417;KELLY_LITE(mult=0.80 taper=1.00 n=6)+CONSEC_REDUCE(0.50)+HARD_RISK_CAP(2.0%)+MAXLOSS_CAP;213097.06;213107.78;35;0
2026.08.13 11:50:59;XAUUSD;5;1786608138;PROFIT_RATCHET_LOCKED;floor=3.62 peak=10.72;MANAGE_PROFIT;SAFE;1;1;1;-1;-1;4389.81;10.72;10.76;10.72;-6.60;KELLY_LITE;true;0.04;213097.06;0.0417;KELLY_LITE(mult=0.80 taper=1.00 n=6)+CONSEC_REDUCE(0.50)+HARD_RISK_CAP(2.0%)+MAXLOSS_CAP;213097.06;213107.78;35;0
2026.08.13 11:51:00;XAUUSD;5;1786608138;SL_MODIFY_FAILED;ticket=119283810 newSL=4392.17 reason=break_even_lock_leg_0 err=0;MANAGE_PROFIT;SAFE;1;1;1;-1;-1;4389.81;10.84;10.84;11.52;-6.60;KELLY_LITE;true;0.04;213097.06;0.0417;KELLY_LITE(mult=0.80 taper=1.00 n=6)+CONSEC_REDUCE(0.50)+HARD_RISK_CAP(2.0%)+MAXLOSS_CAP;213097.06;213107.90;36;0
2026.08.13 11:51:00;XAUUSD;5;1786608138;PROFIT_RATCHET_LOCKED;floor=3.89 peak=11.52;MANAGE_PROFIT;SAFE;1;1;1;-1;-1;4389.81;10.84;10.84;11.52;-6.60;KELLY_LITE;true;0.04;213097.06;0.0417;KELLY_LITE(mult=0.80 taper=1.00 n=6)+CONSEC_REDUCE(0.50)+HARD_RISK_CAP(2.0%)+MAXLOSS_CAP;213097.06;213107.90;36;0
2026.08.13 11:51:00;XAUUSD;5;1786608138;PROFIT_RATCHET_LOCKED;floor=3.89 peak=11.52;MANAGE_PROFIT;SAFE;1;1;1;-1;-1;4389.81;10.60;10.60;11.52;-6.60;KELLY_LITE;true;0.04;213097.06;0.0417;KELLY_LITE(mult=0.80 taper=1.00 n=6)+CONSEC_REDUCE(0.50)+HARD_RISK_CAP(2.0%)+MAXLOSS_CAP;213097.06;213107.66;36;0
2026.08.13 11:51:00;XAUUSD;5;1786608138;PROFIT_RATCHET_LOCKED;floor=3.89 peak=11.52;MANAGE_PROFIT;SAFE;1;1;1;-1;-1;4389.81;10.60;10.60;11.52;-6.60;KELLY_LITE;true;0.04;213097.06;0.0417;KELLY_LITE(mult=0.80 taper=1.00 n=6)+CONSEC_REDUCE(0.50)+HARD_RISK_CAP(2.0%)+MAXLOSS_CAP;213097.06;213107.66;36;0
2026.08.13 11:51:01;XAUUSD;5;1786608138;PROFIT_RATCHET_LOCKED;floor=3.89 peak=11.52;MANAGE_PROFIT;SAFE;1;1;1;-1;-1;4389.81;10.64;10.64;11.52;-6.60;KELLY_LITE;true;0.04;213097.06;0.0417;KELLY_LITE(mult=0.80 taper=1.00 n=6)+CONSEC_REDUCE(0.50)+HARD_RISK_CAP(2.0%)+MAXLOSS_CAP;213097.06;213107.70;36;0
2026.08.13 11:51:01;XAUUSD;5;1786608138;PROFIT_RATCHET_LOCKED;floor=3.89 peak=11.52;MANAGE_PROFIT;SAFE;1;1;1;-1;-1;4389.81;10.68;10.68;11.52;-6.60;KELLY_LITE;true;0.04;213097.06;0.0417;KELLY_LITE(mult=0.80 taper=1.00 n=6)+CONSEC_REDUCE(0.50)+HARD_RISK_CAP(2.0%)+MAXLOSS_CAP;213097.06;213107.74;36;0
2026.08.13 11:51:02;XAUUSD;5;1786608138;PROFIT_RATCHET_LOCKED;floor=3.89 peak=11.52;MANAGE_PROFIT;SAFE;1;1;1;-1;-1;4389.81;10.64;10.64;11.52;-6.60;KELLY_LITE;true;0.04;213097.06;0.0417;KELLY_LITE(mult=0.80 taper=1.00 n=6)+CONSEC_REDUCE(0.50)+HARD_RISK_CAP(2.0%)+MAXLOSS_CAP;213097.06;213107.70;36;0
2026.08.13 11:51:02;XAUUSD;5;1786608138;PROFIT_RATCHET_LOCKED;floor=3.89 peak=11.52;MANAGE_PROFIT;SAFE;1;1;1;-1;-1;4389.81;10.76;10.76;11.52;-6.60;KELLY_LITE;true;0.04;213097.06;0.0417;KELLY_LITE(mult=0.80 taper=1.00 n=6)+CONSEC_REDUCE(0.50)+HARD_RISK_CAP(2.0%)+MAXLOSS_CAP;213097.06;213107.82;36;0
2026.08.13 11:51:02;XAUUSD;5;1786608138;PROFIT_RATCHET_LOCKED;floor=3.89 peak=11.52;MANAGE_PROFIT;SAFE;1;1;1;-1;-1;4389.81;10.80;10.80;11.52;-6.60;KELLY_LITE;true;0.04;213097.06;0.0417;KELLY_LITE(mult=0.80 taper=1.00 n=6)+CONSEC_REDUCE(0.50)+HARD_RISK_CAP(2.0%)+MAXLOSS_CAP;213097.06;213107.86;36;0
2026.08.13 11:51:03;XAUUSD;5;1786608138;PROFIT_RATCHET_LOCKED;floor=3.89 peak=11.52;MANAGE_PROFIT;SAFE;1;1;1;-1;-1;4389.81;10.80;10.80;11.52;-6.60;KELLY_LITE;true;0.04;213097.06;0.0417;KELLY_LITE(mult=0.80 taper=1.00 n=6)+CONSEC_REDUCE(0.50)+HARD_RISK_CAP(2.0%)+MAXLOSS_CAP;213097.06;213107.86;35;0
2026.08.13 11:51:03;XAUUSD;5;1786608138;SL_MODIFIED;ticket=119283810 oldSL=4391.97 newSL=4392.00 reason=break_even_lock_leg_0;MANAGE_PROFIT;SAFE;1;1;1;-1;-1;4389.81;10.88;10.88;11.52;-6.60;KELLY_LITE;true;0.04;213097.06;0.0417;KELLY_LITE(mult=0.80 taper=1.00 n=6)+CONSEC_REDUCE(0.50)+HARD_RISK_CAP(2.0%)+MAXLOSS_CAP;213097.06;213107.94;36;0
2026.08.13 11:51:03;XAUUSD;5;1786608138;PROFIT_RATCHET_LOCKED;floor=3.89 peak=11.52;MANAGE_PROFIT;SAFE;1;1;1;-1;-1;4389.81;10.88;10.88;11.52;-6.60;KELLY_LITE;true;0.04;213097.06;0.0417;KELLY_LITE(mult=0.80 taper=1.00 n=6)+CONSEC_REDUCE(0.50)+HARD_RISK_CAP(2.0%)+MAXLOSS_CAP;213097.06;213107.94;36;0
2026.08.13 11:51:03;XAUUSD;5;1786608138;PROFIT_RATCHET_LOCKED;floor=3.89 peak=11.52;MANAGE_PROFIT;SAFE;1;1;1;-1;-1;4389.81;10.88;10.88;11.52;-6.60;KELLY_LITE;true;0.04;213097.06;0.0417;KELLY_LITE(mult=0.80 taper=1.00 n=6)+CONSEC_REDUCE(0.50)+HARD_RISK_CAP(2.0%)+MAXLOSS_CAP;213097.06;213107.94;36;0
2026.08.13 11:51:04;XAUUSD;5;1786608138;SL_MODIFIED;ticket=119283810 oldSL=4392.00 newSL=4392.06 reason=break_even_lock_leg_0;MANAGE_PROFIT;SAFE;1;1;1;-1;-1;4389.81;11.04;11.04;11.52;-6.60;KELLY_LITE;true;0.04;213097.06;0.0417;KELLY_LITE(mult=0.80 taper=1.00 n=6)+CONSEC_REDUCE(0.50)+HARD_RISK_CAP(2.0%)+MAXLOSS_CAP;213097.06;213108.10;36;0
2026.08.13 11:51:04;XAUUSD;5;1786608138;PROFIT_RATCHET_LOCKED;floor=3.89 peak=11.52;MANAGE_PROFIT;SAFE;1;1;1;-1;-1;4389.81;11.04;11.04;11.52;-6.60;KELLY_LITE;true;0.04;213097.06;0.0417;KELLY_LITE(mult=0.80 taper=1.00 n=6)+CONSEC_REDUCE(0.50)+HARD_RISK_CAP(2.0%)+MAXLOSS_CAP;213097.06;213108.10;36;0
2026.08.13 11:51:04;XAUUSD;5;1786608138;PROFIT_RATCHET_LOCKED;floor=3.89 peak=11.52;MANAGE_PROFIT;SAFE;1;1;1;-1;-1;4389.81;11.04;11.04;11.52;-6.60;KELLY_LITE;true;0.04;213097.06;0.0417;KELLY_LITE(mult=0.80 taper=1.00 n=6)+CONSEC_REDUCE(0.50)+HARD_RISK_CAP(2.0%)+MAXLOSS_CAP;213097.06;213108.10;36;0
2026.08.13 11:51:04;XAUUSD;5;1786608138;PROFIT_RATCHET_LOCKED;floor=3.89 peak=11.52;MANAGE_PROFIT;SAFE;1;1;1;-1;-1;4389.81;10.96;10.96;11.52;-6.60;KELLY_LITE;true;0.04;213097.06;0.0417;KELLY_LITE(mult=0.80 taper=1.00 n=6)+CONSEC_REDUCE(0.50)+HARD_RISK_CAP(2.0%)+MAXLOSS_CAP;213097.06;213108.02;36;0
2026.08.13 11:51:04;XAUUSD;5;1786608138;PROFIT_RATCHET_LOCKED;floor=3.89 peak=11.52;MANAGE_PROFIT;SAFE;1;1;1;-1;-1;4389.81;11.00;11.00;11.52;-6.60;KELLY_LITE;true;0.04;213097.06;0.0417;KELLY_LITE(mult=0.80 taper=1.00 n=6)+CONSEC_REDUCE(0.50)+HARD_RISK_CAP(2.0%)+MAXLOSS_CAP;213097.06;213108.06;36;0
2026.08.13 11:51:05;XAUUSD;5;1786608138;PROFIT_RATCHET_LOCKED;floor=3.89 peak=11.52;MANAGE_PROFIT;SAFE;1;1;1;-1;-1;4389.81;11.04;11.04;11.52;-6.60;KELLY_LITE;true;0.04;213097.06;0.0417;KELLY_LITE(mult=0.80 taper=1.00 n=6)+CONSEC_REDUCE(0.50)+HARD_RISK_CAP(2.0%)+MAXLOSS_CAP;213097.06;213108.10;36;0
2026.08.13 11:51:05;XAUUSD;5;1786608138;PROFIT_RATCHET_LOCKED;floor=3.89 peak=11.52;MANAGE_PROFIT;SAFE;1;1;1;-1;-1;4389.81;11.08;11.08;11.52;-6.60;KELLY_LITE;true;0.04;213097.06;0.0417;KELLY_LITE(mult=0.80 taper=1.00 n=6)+CONSEC_REDUCE(0.50)+HARD_RISK_CAP(2.0%)+MAXLOSS_CAP;213097.06;213108.14;36;0
2026.08.13 11:51:06;XAUUSD;5;1786608138;PROFIT_RATCHET_LOCKED;floor=3.89 peak=11.52;MANAGE_PROFIT;SAFE;1;1;1;-1;-1;4389.81;11.12;11.12;11.52;-6.60;KELLY_LITE;true;0.04;213097.06;0.0417;KELLY_LITE(mult=0.80 taper=1.00 n=6)+CONSEC_REDUCE(0.50)+HARD_RISK_CAP(2.0%)+MAXLOSS_CAP;213097.06;213108.18;36;0
2026.08.13 11:51:06;XAUUSD;5;1786608138;PROFIT_RATCHET_LOCKED;floor=3.89 peak=11.52;MANAGE_PROFIT;SAFE;1;1;1;-1;-1;4389.81;11.08;11.08;11.52;-6.60;KELLY_LITE;true;0.04;213097.06;0.0417;KELLY_LITE(mult=0.80 taper=1.00 n=6)+CONSEC_REDUCE(0.50)+HARD_RISK_CAP(2.0%)+MAXLOSS_CAP;213097.06;213108.14;36;0
2026.08.13 11:51:07;XAUUSD;5;1786608138;PROFIT_RATCHET_LOCKED;floor=3.89 peak=11.52;MANAGE_PROFIT;SAFE;1;1;1;-1;-1;4389.81;11.12;11.12;11.52;-6.60;KELLY_LITE;true;0.04;213097.06;0.0417;KELLY_LITE(mult=0.80 taper=1.00 n=6)+CONSEC_REDUCE(0.50)+HARD_RISK_CAP(2.0%)+MAXLOSS_CAP;213097.06;213108.18;36;0
2026.08.13 11:51:07;XAUUSD;5;1786608138;SL_MODIFIED;ticket=119283810 oldSL=4392.06 newSL=4392.09 reason=break_even_lock_leg_0;MANAGE_PROFIT;SAFE;1;1;1;-1;-1;4389.81;11.16;11.16;11.52;-6.60;KELLY_LITE;true;0.04;213097.06;0.0417;KELLY_LITE(mult=0.80 taper=1.00 n=6)+CONSEC_REDUCE(0.50)+HARD_RISK_CAP(2.0%)+MAXLOSS_CAP;213097.06;213108.22;36;0
2026.08.13 11:51:07;XAUUSD;5;1786608138;PROFIT_RATCHET_LOCKED;floor=3.89 peak=11.52;MANAGE_PROFIT;SAFE;1;1;1;-1;-1;4389.81;11.16;11.16;11.52;-6.60;KELLY_LITE;true;0.04;213097.06;0.0417;KELLY_LITE(mult=0.80 taper=1.00 n=6)+CONSEC_REDUCE(0.50)+HARD_RISK_CAP(2.0%)+MAXLOSS_CAP;213097.06;213108.22;36;0
2026.08.13 11:51:07;XAUUSD;5;1786608138;PROFIT_RATCHET_LOCKED;floor=3.89 peak=11.52;MANAGE_PROFIT;SAFE;1;1;1;-1;-1;4389.81;11.16;11.16;11.52;-6.60;KELLY_LITE;true;0.04;213097.06;0.0417;KELLY_LITE(mult=0.80 taper=1.00 n=6)+CONSEC_REDUCE(0.50)+HARD_RISK_CAP(2.0%)+MAXLOSS_CAP;213097.06;213108.22;36;0
2026.08.13 11:51:08;XAUUSD;5;1786608138;PROFIT_RATCHET_LOCKED;floor=3.89 peak=11.52;MANAGE_PROFIT;SAFE;1;1;1;-1;-1;4389.81;11.12;11.12;11.52;-6.60;KELLY_LITE;true;0.04;213097.06;0.0417;KELLY_LITE(mult=0.80 taper=1.00 n=6)+CONSEC_REDUCE(0.50)+HARD_RISK_CAP(2.0%)+MAXLOSS_CAP;213097.06;213108.18;36;0
2026.08.13 11:51:08;XAUUSD;5;1786608138;PROFIT_RATCHET_LOCKED;floor=3.89 peak=11.52;MANAGE_PROFIT;SAFE;1;1;1;-1;-1;4389.81;11.00;11.00;11.52;-6.60;KELLY_LITE;true;0.04;213097.06;0.0417;KELLY_LITE(mult=0.80 taper=1.00 n=6)+CONSEC_REDUCE(0.50)+HARD_RISK_CAP(2.0%)+MAXLOSS_CAP;213097.06;213108.06;36;0
2026.08.13 11:51:08;XAUUSD;5;1786608138;PROFIT_RATCHET_LOCKED;floor=3.89 peak=11.52;MANAGE_PROFIT;SAFE;1;1;1;-1;-1;4389.81;11.04;11.04;11.52;-6.60;KELLY_LITE;true;0.04;213097.06;0.0417;KELLY_LITE(mult=0.80 taper=1.00 n=6)+CONSEC_REDUCE(0.50)+HARD_RISK_CAP(2.0%)+MAXLOSS_CAP;213097.06;213108.10;36;0
2026.08.13 11:51:08;XAUUSD;5;1786608138;PROFIT_RATCHET_LOCKED;floor=3.89 peak=11.52;MANAGE_PROFIT;SAFE;1;1;1;-1;-1;4389.81;11.16;11.16;11.52;-6.60;KELLY_LITE;true;0.04;213097.06;0.0417;KELLY_LITE(mult=0.80 taper=1.00 n=6)+CONSEC_REDUCE(0.50)+HARD_RISK_CAP(2.0%)+MAXLOSS_CAP;213097.06;213108.22;36;0
2026.08.13 11:51:09;XAUUSD;5;1786608138;PROFIT_RATCHET_LOCKED;floor=3.89 peak=11.52;MANAGE_PROFIT;SAFE;1;1;1;-1;-1;4389.81;11.20;11.20;11.52;-6.60;KELLY_LITE;true;0.04;213097.06;0.0417;KELLY_LITE(mult=0.80 taper=1.00 n=6)+CONSEC_REDUCE(0.50)+HARD_RISK_CAP(2.0%)+MAXLOSS_CAP;213097.06;213108.26;36;0
2026.08.13 11:51:09;XAUUSD;5;1786608138;PROFIT_RATCHET_LOCKED;floor=3.89 peak=11.52;MANAGE_PROFIT;SAFE;1;1;1;-1;-1;4389.81;11.28;11.28;11.52;-6.60;KELLY_LITE;true;0.04;213097.06;0.0417;KELLY_LITE(mult=0.80 taper=1.00 n=6)+CONSEC_REDUCE(0.50)+HARD_RISK_CAP(2.0%)+MAXLOSS_CAP;213097.06;213108.34;36;0
2026.08.13 11:51:10;XAUUSD;5;1786608138;PROFIT_RATCHET_LOCKED;floor=3.89 peak=11.52;MANAGE_PROFIT;SAFE;1;1;1;-1;-1;4389.81;11.16;11.16;11.52;-6.60;KELLY_LITE;true;0.04;213097.06;0.0417;KELLY_LITE(mult=0.80 taper=1.00 n=6)+CONSEC_REDUCE(0.50)+HARD_RISK_CAP(2.0%)+MAXLOSS_CAP;213097.06;213108.22;36;0
2026.08.13 11:51:10;XAUUSD;5;1786608138;PROFIT_RATCHET_LOCKED;floor=3.89 peak=11.52;MANAGE_PROFIT;SAFE;1;1;1;-1;-1;4389.81;11.04;11.04;11.52;-6.60;KELLY_LITE;true;0.04;213097.06;0.0417;KELLY_LITE(mult=0.80 taper=1.00 n=6)+CONSEC_REDUCE(0.50)+HARD_RISK_CAP(2.0%)+MAXLOSS_CAP;213097.06;213108.10;36;0
2026.08.13 11:51:10;XAUUSD;5;1786608138;PROFIT_RATCHET_LOCKED;floor=3.89 peak=11.52;MANAGE_PROFIT;SAFE;1;1;1;-1;-1;4389.81;10.96;10.96;11.52;-6.60;KELLY_LITE;true;0.04;213097.06;0.0417;KELLY_LITE(mult=0.80 taper=1.00 n=6)+CONSEC_REDUCE(0.50)+HARD_RISK_CAP(2.0%)+MAXLOSS_CAP;213097.06;213108.02;36;0
2026.08.13 11:51:11;XAUUSD;5;1786608138;PROFIT_RATCHET_LOCKED;floor=3.89 peak=11.52;MANAGE_PROFIT;SAFE;1;1;1;-1;-1;4389.81;11.00;11.00;11.52;-6.60;KELLY_LITE;true;0.04;213097.06;0.0417;KELLY_LITE(mult=0.80 taper=1.00 n=6)+CONSEC_REDUCE(0.50)+HARD_RISK_CAP(2.0%)+MAXLOSS_CAP;213097.06;213108.06;36;0
2026.08.13 11:51:12;XAUUSD;5;1786608138;SL_MODIFIED;ticket=119283810 oldSL=4392.09 newSL=4392.15 reason=break_even_lock_leg_0;MANAGE_PROFIT;SAFE;1;1;1;-1;-1;4389.81;11.36;11.36;11.52;-6.60;KELLY_LITE;true;0.04;213097.06;0.0417;KELLY_LITE(mult=0.80 taper=1.00 n=6)+CONSEC_REDUCE(0.50)+HARD_RISK_CAP(2.0%)+MAXLOSS_CAP;213097.06;213108.42;36;0
2026.08.13 11:51:12;XAUUSD;5;1786608138;PROFIT_RATCHET_LOCKED;floor=3.89 peak=11.52;MANAGE_PROFIT;SAFE;1;1;1;-1;-1;4389.81;11.36;11.36;11.52;-6.60;KELLY_LITE;true;0.04;213097.06;0.0417;KELLY_LITE(mult=0.80 taper=1.00 n=6)+CONSEC_REDUCE(0.50)+HARD_RISK_CAP(2.0%)+MAXLOSS_CAP;213097.06;213108.42;36;0
2026.08.13 11:51:12;XAUUSD;5;1786608138;PROFIT_RATCHET_LOCKED;floor=3.89 peak=11.52;MANAGE_PROFIT;SAFE;1;1;1;-1;-1;4389.81;11.36;11.36;11.52;-6.60;KELLY_LITE;true;0.04;213097.06;0.0417;KELLY_LITE(mult=0.80 taper=1.00 n=6)+CONSEC_REDUCE(0.50)+HARD_RISK_CAP(2.0%)+MAXLOSS_CAP;213097.06;213108.42;36;0
2026.08.13 11:51:12;XAUUSD;5;1786608138;PROFIT_RATCHET_LOCKED;floor=3.89 peak=11.52;MANAGE_PROFIT;SAFE;1;1;1;-1;-1;4389.81;11.28;11.28;11.52;-6.60;KELLY_LITE;true;0.04;213097.06;0.0417;KELLY_LITE(mult=0.80 taper=1.00 n=6)+CONSEC_REDUCE(0.50)+HARD_RISK_CAP(2.0%)+MAXLOSS_CAP;213097.06;213108.34;36;0
2026.08.13 11:51:13;XAUUSD;5;1786608138;PROFIT_RATCHET_LOCKED;floor=3.89 peak=11.52;MANAGE_PROFIT;SAFE;1;1;1;-1;-1;4389.81;11.20;11.20;11.52;-6.60;KELLY_LITE;true;0.04;213097.06;0.0417;KELLY_LITE(mult=0.80 taper=1.00 n=6)+CONSEC_REDUCE(0.50)+HARD_RISK_CAP(2.0%)+MAXLOSS_CAP;213097.06;213108.26;36;0
2026.08.13 11:51:14;XAUUSD;5;1786608138;PROFIT_RATCHET_LOCKED;floor=3.89 peak=11.52;MANAGE_PROFIT;SAFE;1;1;1;-1;-1;4389.81;11.24;11.24;11.52;-6.60;KELLY_LITE;true;0.04;213097.06;0.0417;KELLY_LITE(mult=0.80 taper=1.00 n=6)+CONSEC_REDUCE(0.50)+HARD_RISK_CAP(2.0%)+MAXLOSS_CAP;213097.06;213108.30;36;0
2026.08.13 11:51:14;XAUUSD;5;1786608138;PROFIT_RATCHET_LOCKED;floor=3.89 peak=11.52;MANAGE_PROFIT;SAFE;1;1;1;-1;-1;4389.81;11.36;11.36;11.52;-6.60;KELLY_LITE;true;0.04;213097.06;0.0417;KELLY_LITE(mult=0.80 taper=1.00 n=6)+CONSEC_REDUCE(0.50)+HARD_RISK_CAP(2.0%)+MAXLOSS_CAP;213097.06;213108.42;36;0
2026.08.13 11:51:14;XAUUSD;5;1786608138;PROFIT_RATCHET_LOCKED;floor=3.89 peak=11.52;MANAGE_PROFIT;SAFE;1;1;1;-1;-1;4389.81;11.32;11.32;11.52;-6.60;KELLY_LITE;true;0.04;213097.06;0.0417;KELLY_LITE(mult=0.80 taper=1.00 n=6)+CONSEC_REDUCE(0.50)+HARD_RISK_CAP(2.0%)+MAXLOSS_CAP;213097.06;213108.38;35;0
2026.08.13 11:51:15;XAUUSD;5;1786608138;PROFIT_RATCHET_LOCKED;floor=3.89 peak=11.52;MANAGE_PROFIT;SAFE;1;1;1;-1;-1;4389.81;11.28;11.28;11.52;-6.60;KELLY_LITE;true;0.04;213097.06;0.0417;KELLY_LITE(mult=0.80 taper=1.00 n=6)+CONSEC_REDUCE(0.50)+HARD_RISK_CAP(2.0%)+MAXLOSS_CAP;213097.06;213108.34;36;0
2026.08.13 11:51:15;XAUUSD;5;1786608138;PROFIT_RATCHET_LOCKED;floor=3.89 peak=11.52;MANAGE_PROFIT;SAFE;1;1;1;-1;-1;4389.81;10.68;10.68;11.52;-6.60;KELLY_LITE;true;0.04;213097.06;0.0417;KELLY_LITE(mult=0.80 taper=1.00 n=6)+CONSEC_REDUCE(0.50)+HARD_RISK_CAP(2.0%)+MAXLOSS_CAP;213097.06;213107.74;36;0
2026.08.13 11:51:17;XAUUSD;5;1786608138;PROFIT_RATCHET_LOCKED;floor=3.89 peak=11.52;MANAGE_PROFIT;SAFE;1;1;1;-1;-1;4389.81;11.32;11.32;11.52;-6.60;KELLY_LITE;true;0.04;213097.06;0.0417;KELLY_LITE(mult=0.80 taper=1.00 n=6)+CONSEC_REDUCE(0.50)+HARD_RISK_CAP(2.0%)+MAXLOSS_CAP;213097.06;213108.38;36;0
2026.08.13 11:51:17;XAUUSD;5;1786608138;PROFIT_RATCHET_LOCKED;floor=3.89 peak=11.52;MANAGE_PROFIT;SAFE;1;1;1;-1;-1;4389.81;10.96;10.96;11.52;-6.60;KELLY_LITE;true;0.04;213097.06;0.0417;KELLY_LITE(mult=0.80 taper=1.00 n=6)+CONSEC_REDUCE(0.50)+HARD_RISK_CAP(2.0%)+MAXLOSS_CAP;213097.06;213108.02;36;0
2026.08.13 11:51:18;XAUUSD;5;1786608138;PROFIT_RATCHET_LOCKED;floor=3.89 peak=11.52;MANAGE_PROFIT;SAFE;1;1;1;-1;-1;4389.81;10.92;10.92;11.52;-6.60;KELLY_LITE;true;0.04;213097.06;0.0417;KELLY_LITE(mult=0.80 taper=1.00 n=6)+CONSEC_REDUCE(0.50)+HARD_RISK_CAP(2.0%)+MAXLOSS_CAP;213097.06;213107.98;36;0
2026.08.13 11:51:18;XAUUSD;5;1786608138;PROFIT_RATCHET_LOCKED;floor=3.89 peak=11.52;MANAGE_PROFIT;SAFE;1;1;1;-1;-1;4389.81;10.88;10.88;11.52;-6.60;KELLY_LITE;true;0.04;213097.06;0.0417;KELLY_LITE(mult=0.80 taper=1.00 n=6)+CONSEC_REDUCE(0.50)+HARD_RISK_CAP(2.0%)+MAXLOSS_CAP;213097.06;213107.94;36;0
2026.08.13 11:51:19;XAUUSD;5;1786608138;PROFIT_RATCHET_LOCKED;floor=3.89 peak=11.52;MANAGE_PROFIT;SAFE;1;1;1;-1;-1;4389.81;10.92;10.92;11.52;-6.60;KELLY_LITE;true;0.04;213097.06;0.0417;KELLY_LITE(mult=0.80 taper=1.00 n=6)+CONSEC_REDUCE(0.50)+HARD_RISK_CAP(2.0%)+MAXLOSS_CAP;213097.06;213107.98;36;0
2026.08.13 11:51:19;XAUUSD;5;1786608138;PROFIT_RATCHET_LOCKED;floor=3.89 peak=11.52;MANAGE_PROFIT;SAFE;1;1;1;-1;-1;4389.81;11.00;11.00;11.52;-6.60;KELLY_LITE;true;0.04;213097.06;0.0417;KELLY_LITE(mult=0.80 taper=1.00 n=6)+CONSEC_REDUCE(0.50)+HARD_RISK_CAP(2.0%)+MAXLOSS_CAP;213097.06;213108.06;36;0
2026.08.13 11:51:19;XAUUSD;5;1786608138;PROFIT_RATCHET_LOCKED;floor=3.89 peak=11.52;MANAGE_PROFIT;SAFE;1;1;1;-1;-1;4389.81;10.96;10.96;11.52;-6.60;KELLY_LITE;true;0.04;213097.06;0.0417;KELLY_LITE(mult=0.80 taper=1.00 n=6)+CONSEC_REDUCE(0.50)+HARD_RISK_CAP(2.0%)+MAXLOSS_CAP;213097.06;213108.02;36;0
2026.08.13 11:51:20;XAUUSD;5;1786608138;PROFIT_RATCHET_LOCKED;floor=3.89 peak=11.52;MANAGE_PROFIT;SAFE;1;1;1;-1;-1;4389.81;11.04;11.04;11.52;-6.60;KELLY_LITE;true;0.04;213097.06;0.0417;KELLY_LITE(mult=0.80 taper=1.00 n=6)+CONSEC_REDUCE(0.50)+HARD_RISK_CAP(2.0%)+MAXLOSS_CAP;213097.06;213108.10;36;0
2026.08.13 11:51:20;XAUUSD;5;1786608138;PROFIT_RATCHET_LOCKED;floor=3.89 peak=11.52;MANAGE_PROFIT;SAFE;1;1;1;-1;-1;4389.81;10.60;10.60;11.52;-6.60;KELLY_LITE;true;0.04;213097.06;0.0417;KELLY_LITE(mult=0.80 taper=1.00 n=6)+CONSEC_REDUCE(0.50)+HARD_RISK_CAP(2.0%)+MAXLOSS_CAP;213097.06;213107.66;36;0
2026.08.13 11:51:20;XAUUSD;5;1786608138;PROFIT_RATCHET_LOCKED;floor=3.89 peak=11.52;MANAGE_PROFIT;SAFE;1;1;1;-1;-1;4389.81;10.72;10.72;11.52;-6.60;KELLY_LITE;true;0.04;213097.06;0.0417;KELLY_LITE(mult=0.80 taper=1.00 n=6)+CONSEC_REDUCE(0.50)+HARD_RISK_CAP(2.0%)+MAXLOSS_CAP;213097.06;213107.78;36;0
2026.08.13 11:51:21;XAUUSD;5;1786608138;PROFIT_RATCHET_LOCKED;floor=3.89 peak=11.52;MANAGE_PROFIT;SAFE;1;1;1;-1;-1;4389.81;10.80;10.80;11.52;-6.60;KELLY_LITE;true;0.04;213097.06;0.0417;KELLY_LITE(mult=0.80 taper=1.00 n=6)+CONSEC_REDUCE(0.50)+HARD_RISK_CAP(2.0%)+MAXLOSS_CAP;213097.06;213107.86;36;0
2026.08.13 11:51:21;XAUUSD;5;1786608138;PROFIT_RATCHET_LOCKED;floor=3.89 peak=11.52;MANAGE_PROFIT;SAFE;1;1;1;-1;-1;4389.81;10.84;10.84;11.52;-6.60;KELLY_LITE;true;0.04;213097.06;0.0417;KELLY_LITE(mult=0.80 taper=1.00 n=6)+CONSEC_REDUCE(0.50)+HARD_RISK_CAP(2.0%)+MAXLOSS_CAP;213097.06;213107.90;36;0
2026.08.13 11:51:21;XAUUSD;5;1786608138;PROFIT_RATCHET_LOCKED;floor=3.89 peak=11.52;MANAGE_PROFIT;SAFE;1;1;1;-1;-1;4389.81;10.92;10.92;11.52;-6.60;KELLY_LITE;true;0.04;213097.06;0.0417;KELLY_LITE(mult=0.80 taper=1.00 n=6)+CONSEC_REDUCE(0.50)+HARD_RISK_CAP(2.0%)+MAXLOSS_CAP;213097.06;213107.98;36;0
2026.08.13 11:51:22;XAUUSD;5;1786608138;PROFIT_RATCHET_LOCKED;floor=3.89 peak=11.52;MANAGE_PROFIT;SAFE;1;1;1;-1;-1;4389.81;10.88;10.88;11.52;-6.60;KELLY_LITE;true;0.04;213097.06;0.0417;KELLY_LITE(mult=0.80 taper=1.00 n=6)+CONSEC_REDUCE(0.50)+HARD_RISK_CAP(2.0%)+MAXLOSS_CAP;213097.06;213107.94;36;0
2026.08.13 11:51:24;XAUUSD;5;1786608138;SL_MODIFIED;ticket=119283810 oldSL=4392.15 newSL=4392.17 reason=break_even_lock_leg_0 (retry buf=3pt);MANAGE_PROFIT;SAFE;1;1;1;-1;-1;4389.81;12.00;12.00;12.00;-6.60;KELLY_LITE;true;0.04;213097.06;0.0417;KELLY_LITE(mult=0.80 taper=1.00 n=6)+CONSEC_REDUCE(0.50)+HARD_RISK_CAP(2.0%)+MAXLOSS_CAP;213097.06;213109.06;36;0
2026.08.13 11:51:24;XAUUSD;5;1786608138;PROFIT_RATCHET_LOCKED;floor=4.05 peak=12.00;MANAGE_PROFIT;SAFE;1;1;1;-1;-1;4389.81;12.00;12.00;12.00;-6.60;KELLY_LITE;true;0.04;213097.06;0.0417;KELLY_LITE(mult=0.80 taper=1.00 n=6)+CONSEC_REDUCE(0.50)+HARD_RISK_CAP(2.0%)+MAXLOSS_CAP;213097.06;213109.06;36;0
2026.08.13 11:51:25;XAUUSD;5;1786608138;SL_MODIFY_FAILED;ticket=119283810 newSL=4392.29 reason=break_even_lock_leg_0 err=0;MANAGE_PROFIT;SAFE;1;1;1;-1;-1;4389.81;11.56;11.56;12.00;-6.60;KELLY_LITE;true;0.04;213097.06;0.0417;KELLY_LITE(mult=0.80 taper=1.00 n=6)+CONSEC_REDUCE(0.50)+HARD_RISK_CAP(2.0%)+MAXLOSS_CAP;213097.06;213108.62;36;0
2026.08.13 11:51:25;XAUUSD;5;1786608138;PROFIT_RATCHET_LOCKED;floor=4.05 peak=12.00;MANAGE_PROFIT;SAFE;1;1;1;-1;-1;4389.81;11.56;11.56;12.00;-6.60;KELLY_LITE;true;0.04;213097.06;0.0417;KELLY_LITE(mult=0.80 taper=1.00 n=6)+CONSEC_REDUCE(0.50)+HARD_RISK_CAP(2.0%)+MAXLOSS_CAP;213097.06;213108.62;36;0
2026.08.13 11:51:25;XAUUSD;5;1786608138;PROFIT_RATCHET_LOCKED;floor=4.05 peak=12.00;MANAGE_PROFIT;SAFE;1;1;1;-1;-1;4389.81;11.56;11.56;12.00;-6.60;KELLY_LITE;true;0.04;213097.06;0.0417;KELLY_LITE(mult=0.80 taper=1.00 n=6)+CONSEC_REDUCE(0.50)+HARD_RISK_CAP(2.0%)+MAXLOSS_CAP;213097.06;213108.62;36;0
2026.08.13 11:51:25;XAUUSD;5;1786608138;PROFIT_RATCHET_LOCKED;floor=4.05 peak=12.00;MANAGE_PROFIT;SAFE;1;1;1;-1;-1;4389.81;11.48;11.48;12.00;-6.60;KELLY_LITE;true;0.04;213097.06;0.0417;KELLY_LITE(mult=0.80 taper=1.00 n=6)+CONSEC_REDUCE(0.50)+HARD_RISK_CAP(2.0%)+MAXLOSS_CAP;213097.06;213108.54;36;0
2026.08.13 11:51:25;XAUUSD;5;1786608138;PROFIT_RATCHET_LOCKED;floor=4.05 peak=12.00;MANAGE_PROFIT;SAFE;1;1;1;-1;-1;4389.81;11.20;11.20;12.00;-6.60;KELLY_LITE;true;0.04;213097.06;0.0417;KELLY_LITE(mult=0.80 taper=1.00 n=6)+CONSEC_REDUCE(0.50)+HARD_RISK_CAP(2.0%)+MAXLOSS_CAP;213097.06;213108.26;36;0
2026.08.13 11:51:26;XAUUSD;5;1786608138;PROFIT_RATCHET_LOCKED;floor=4.05 peak=12.00;MANAGE_PROFIT;SAFE;1;1;1;-1;-1;4389.81;11.24;11.24;12.00;-6.60;KELLY_LITE;true;0.04;213097.06;0.0417;KELLY_LITE(mult=0.80 taper=1.00 n=6)+CONSEC_REDUCE(0.50)+HARD_RISK_CAP(2.0%)+MAXLOSS_CAP;213097.06;213108.30;36;0
2026.08.13 11:51:27;XAUUSD;5;1786608138;PROFIT_RATCHET_LOCKED;floor=4.05 peak=12.00;MANAGE_PROFIT;SAFE;1;1;1;-1;-1;4389.81;11.16;11.16;12.00;-6.60;KELLY_LITE;true;0.04;213097.06;0.0417;KELLY_LITE(mult=0.80 taper=1.00 n=6)+CONSEC_REDUCE(0.50)+HARD_RISK_CAP(2.0%)+MAXLOSS_CAP;213097.06;213108.22;36;0
2026.08.13 11:51:27;XAUUSD;5;1786608138;PROFIT_RATCHET_LOCKED;floor=4.05 peak=12.00;MANAGE_PROFIT;SAFE;1;1;1;-1;-1;4389.81;11.20;11.20;12.00;-6.60;KELLY_LITE;true;0.04;213097.06;0.0417;KELLY_LITE(mult=0.80 taper=1.00 n=6)+CONSEC_REDUCE(0.50)+HARD_RISK_CAP(2.0%)+MAXLOSS_CAP;213097.06;213108.26;36;0
2026.08.13 11:51:28;XAUUSD;5;1786608138;PROFIT_RATCHET_LOCKED;floor=4.05 peak=12.00;MANAGE_PROFIT;SAFE;1;1;1;-1;-1;4389.81;10.92;10.92;12.00;-6.60;KELLY_LITE;true;0.04;213097.06;0.0417;KELLY_LITE(mult=0.80 taper=1.00 n=6)+CONSEC_REDUCE(0.50)+HARD_RISK_CAP(2.0%)+MAXLOSS_CAP;213097.06;213107.98;36;0
2026.08.13 11:51:28;XAUUSD;5;1786608138;PROFIT_RATCHET_LOCKED;floor=4.05 peak=12.00;MANAGE_PROFIT;SAFE;1;1;1;-1;-1;4389.81;10.76;10.76;12.00;-6.60;KELLY_LITE;true;0.04;213097.06;0.0417;KELLY_LITE(mult=0.80 taper=1.00 n=6)+CONSEC_REDUCE(0.50)+HARD_RISK_CAP(2.0%)+MAXLOSS_CAP;213097.06;213107.82;36;0
2026.08.13 11:51:28;XAUUSD;5;1786608138;PROFIT_RATCHET_LOCKED;floor=4.05 peak=12.00;MANAGE_PROFIT;SAFE;1;1;1;-1;-1;4389.81;10.68;10.68;12.00;-6.60;KELLY_LITE;true;0.04;213097.06;0.0417;KELLY_LITE(mult=0.80 taper=1.00 n=6)+CONSEC_REDUCE(0.50)+HARD_RISK_CAP(2.0%)+MAXLOSS_CAP;213097.06;213107.74;36;0
2026.08.13 11:51:29;XAUUSD;5;1786608138;PROFIT_RATCHET_LOCKED;floor=4.05 peak=12.00;MANAGE_PROFIT;SAFE;1;1;1;-1;-1;4389.81;10.80;10.80;12.00;-6.60;KELLY_LITE;true;0.04;213097.06;0.0417;KELLY_LITE(mult=0.80 taper=1.00 n=6)+CONSEC_REDUCE(0.50)+HARD_RISK_CAP(2.0%)+MAXLOSS_CAP;213097.06;213107.86;36;0
2026.08.13 11:51:29;XAUUSD;5;1786608138;PROFIT_RATCHET_LOCKED;floor=4.05 peak=12.00;MANAGE_PROFIT;SAFE;1;1;1;-1;-1;4389.81;11.20;11.20;12.00;-6.60;KELLY_LITE;true;0.04;213097.06;0.0417;KELLY_LITE(mult=0.80 taper=1.00 n=6)+CONSEC_REDUCE(0.50)+HARD_RISK_CAP(2.0%)+MAXLOSS_CAP;213097.06;213108.26;36;0
2026.08.13 11:51:30;XAUUSD;5;1786608138;PROFIT_RATCHET_LOCKED;floor=4.05 peak=12.00;MANAGE_PROFIT;SAFE;1;1;1;-1;-1;4389.81;11.24;11.24;12.00;-6.60;KELLY_LITE;true;0.04;213097.06;0.0417;KELLY_LITE(mult=0.80 taper=1.00 n=6)+CONSEC_REDUCE(0.50)+HARD_RISK_CAP(2.0%)+MAXLOSS_CAP;213097.06;213108.30;36;0
2026.08.13 11:51:30;XAUUSD;5;1786608138;PROFIT_RATCHET_LOCKED;floor=4.05 peak=12.00;MANAGE_PROFIT;SAFE;1;1;1;-1;-1;4389.81;11.28;11.28;12.00;-6.60;KELLY_LITE;true;0.04;213097.06;0.0417;KELLY_LITE(mult=0.80 taper=1.00 n=6)+CONSEC_REDUCE(0.50)+HARD_RISK_CAP(2.0%)+MAXLOSS_CAP;213097.06;213108.34;36;0
2026.08.13 11:51:31;XAUUSD;5;1786608138;PROFIT_RATCHET_LOCKED;floor=4.05 peak=12.00;MANAGE_PROFIT;SAFE;1;1;1;-1;-1;4389.81;11.24;11.24;12.00;-6.60;KELLY_LITE;true;0.04;213097.06;0.0417;KELLY_LITE(mult=0.80 taper=1.00 n=6)+CONSEC_REDUCE(0.50)+HARD_RISK_CAP(2.0%)+MAXLOSS_CAP;213097.06;213108.30;36;0
2026.08.13 11:51:31;XAUUSD;5;1786608138;PROFIT_RATCHET_LOCKED;floor=4.05 peak=12.00;MANAGE_PROFIT;SAFE;1;1;1;-1;-1;4389.81;11.20;11.20;12.00;-6.60;KELLY_LITE;true;0.04;213097.06;0.0417;KELLY_LITE(mult=0.80 taper=1.00 n=6)+CONSEC_REDUCE(0.50)+HARD_RISK_CAP(2.0%)+MAXLOSS_CAP;213097.06;213108.26;36;0
2026.08.13 11:51:31;XAUUSD;5;1786608138;PROFIT_RATCHET_LOCKED;floor=4.05 peak=12.00;MANAGE_PROFIT;SAFE;1;1;1;-1;-1;4389.81;11.12;11.12;12.00;-6.60;KELLY_LITE;true;0.04;213097.06;0.0417;KELLY_LITE(mult=0.80 taper=1.00 n=6)+CONSEC_REDUCE(0.50)+HARD_RISK_CAP(2.0%)+MAXLOSS_CAP;213097.06;213108.18;36;0
2026.08.13 11:51:32;XAUUSD;5;1786608138;PROFIT_RATCHET_LOCKED;floor=4.05 peak=12.00;MANAGE_PROFIT;SAFE;1;1;1;-1;-1;4389.81;11.08;11.08;12.00;-6.60;KELLY_LITE;true;0.04;213097.06;0.0417;KELLY_LITE(mult=0.80 taper=1.00 n=6)+CONSEC_REDUCE(0.50)+HARD_RISK_CAP(2.0%)+MAXLOSS_CAP;213097.06;213108.14;36;0
2026.08.13 11:51:32;XAUUSD;5;1786608138;PROFIT_RATCHET_LOCKED;floor=4.05 peak=12.00;MANAGE_PROFIT;SAFE;1;1;1;-1;-1;4389.81;11.24;11.24;12.00;-6.60;KELLY_LITE;true;0.04;213097.06;0.0417;KELLY_LITE(mult=0.80 taper=1.00 n=6)+CONSEC_REDUCE(0.50)+HARD_RISK_CAP(2.0%)+MAXLOSS_CAP;213097.06;213108.30;36;0
2026.08.13 11:51:32;XAUUSD;5;1786608138;PROFIT_RATCHET_LOCKED;floor=4.05 peak=12.00;MANAGE_PROFIT;SAFE;1;1;1;-1;-1;4389.81;11.16;11.16;12.00;-6.60;KELLY_LITE;true;0.04;213097.06;0.0417;KELLY_LITE(mult=0.80 taper=1.00 n=6)+CONSEC_REDUCE(0.50)+HARD_RISK_CAP(2.0%)+MAXLOSS_CAP;213097.06;213108.22;36;0
2026.08.13 11:51:35;XAUUSD;5;1786608138;SL_MODIFIED;ticket=119283810 oldSL=4392.17 newSL=4392.27 reason=break_even_lock_leg_0 (retry buf=3pt);MANAGE_PROFIT;SAFE;1;1;1;-1;-1;4389.81;12.00;12.00;12.16;-6.60;KELLY_LITE;true;0.04;213097.06;0.0417;KELLY_LITE(mult=0.80 taper=1.00 n=6)+CONSEC_REDUCE(0.50)+HARD_RISK_CAP(2.0%)+MAXLOSS_CAP;213097.06;213109.06;36;0
2026.08.13 11:51:35;XAUUSD;5;1786608138;PROFIT_RATCHET_LOCKED;floor=4.10 peak=12.16;MANAGE_PROFIT;SAFE;1;1;1;-1;-1;4389.81;12.00;12.00;12.16;-6.60;KELLY_LITE;true;0.04;213097.06;0.0417;KELLY_LITE(mult=0.80 taper=1.00 n=6)+CONSEC_REDUCE(0.50)+HARD_RISK_CAP(2.0%)+MAXLOSS_CAP;213097.06;213109.06;36;0
2026.08.13 11:51:35;XAUUSD;5;1786608138;PROFIT_RATCHET_LOCKED;floor=4.10 peak=12.16;MANAGE_PROFIT;SAFE;1;1;1;-1;-1;4389.81;12.00;12.00;12.16;-6.60;KELLY_LITE;true;0.04;213097.06;0.0417;KELLY_LITE(mult=0.80 taper=1.00 n=6)+CONSEC_REDUCE(0.50)+HARD_RISK_CAP(2.0%)+MAXLOSS_CAP;213097.06;213109.06;36;0
2026.08.13 11:51:36;XAUUSD;5;1786608138;PROFIT_RATCHET_LOCKED;floor=4.10 peak=12.16;MANAGE_PROFIT;SAFE;1;1;1;-1;-1;4389.81;11.24;11.24;12.16;-6.60;KELLY_LITE;true;0.04;213097.06;0.0417;KELLY_LITE(mult=0.80 taper=1.00 n=6)+CONSEC_REDUCE(0.50)+HARD_RISK_CAP(2.0%)+MAXLOSS_CAP;213097.06;213108.30;36;0
2026.08.13 11:51:37;XAUUSD;5;1786608138;PROFIT_RATCHET_LOCKED;floor=4.10 peak=12.16;MANAGE_PROFIT;SAFE;1;1;1;-1;-1;4389.81;11.20;11.20;12.16;-6.60;KELLY_LITE;true;0.04;213097.06;0.0417;KELLY_LITE(mult=0.80 taper=1.00 n=6)+CONSEC_REDUCE(0.50)+HARD_RISK_CAP(2.0%)+MAXLOSS_CAP;213097.06;213108.26;36;0
2026.08.13 11:51:37;XAUUSD;5;1786608138;PROFIT_RATCHET_LOCKED;floor=4.10 peak=12.16;MANAGE_PROFIT;SAFE;1;1;1;-1;-1;4389.81;11.08;11.08;12.16;-6.60;KELLY_LITE;true;0.04;213097.06;0.0417;KELLY_LITE(mult=0.80 taper=1.00 n=6)+CONSEC_REDUCE(0.50)+HARD_RISK_CAP(2.0%)+MAXLOSS_CAP;213097.06;213108.14;36;0
2026.08.13 11:51:37;XAUUSD;5;1786608138;PROFIT_RATCHET_LOCKED;floor=4.10 peak=12.16;MANAGE_PROFIT;SAFE;1;1;1;-1;-1;4389.81;11.00;11.00;12.16;-6.60;KELLY_LITE;true;0.04;213097.06;0.0417;KELLY_LITE(mult=0.80 taper=1.00 n=6)+CONSEC_REDUCE(0.50)+HARD_RISK_CAP(2.0%)+MAXLOSS_CAP;213097.06;213108.06;36;0
2026.08.13 11:51:37;XAUUSD;5;1786608138;PROFIT_RATCHET_LOCKED;floor=4.10 peak=12.16;MANAGE_PROFIT;SAFE;1;1;1;-1;-1;4389.81;11.08;11.08;12.16;-6.60;KELLY_LITE;true;0.04;213097.06;0.0417;KELLY_LITE(mult=0.80 taper=1.00 n=6)+CONSEC_REDUCE(0.50)+HARD_RISK_CAP(2.0%)+MAXLOSS_CAP;213097.06;213108.14;36;0
2026.08.13 11:51:38;XAUUSD;5;1786608138;EXIT_TIERED_TRAIL;profit=10.00 peak=12.16 allowedRetrace=1.46;MANAGE_PROFIT;SAFE;1;1;1;-1;-1;4389.81;10.00;10.00;12.16;-6.60;KELLY_LITE;true;0.04;213097.06;0.0417;KELLY_LITE(mult=0.80 taper=1.00 n=6)+CONSEC_REDUCE(0.50)+HARD_RISK_CAP(2.0%)+MAXLOSS_CAP;213097.06;213107.06;36;0
2026.08.13 11:51:39;XAUUSD;5;1786608138;POSITION_CLOSED;ticket=119283810 reason=tiered_profit_trail lots=0.04 price=4392.31 pnl=10.00;MANAGE_PROFIT;SAFE;0;1;1;-1;-1;4389.81;0.00;0.00;12.16;-6.60;KELLY_LITE;true;0.04;213097.06;0.0417;KELLY_LITE(mult=0.80 taper=1.00 n=6)+CONSEC_REDUCE(0.50)+HARD_RISK_CAP(2.0%)+MAXLOSS_CAP;213107.10;213107.10;36;0
2026.08.13 11:51:39;XAUUSD;5;1786608138;PENDING_DELETED;ticket=119284002 reason=close_all_hedge;MANAGE_PROFIT;SAFE;0;0;0;-1;-1;4389.81;0.00;0.00;12.16;-6.60;KELLY_LITE;true;0.04;213097.06;0.0417;KELLY_LITE(mult=0.80 taper=1.00 n=6)+CONSEC_REDUCE(0.50)+HARD_RISK_CAP(2.0%)+MAXLOSS_CAP;213107.10;213107.10;36;0
2026.08.13 11:51:39;XAUUSD;5;1786608138;CYCLE_RESET;oldState=RESET realizedPnL=10.04 peak=12.16 worst=-6.60 pyramid=0 consLosses=0;RESET;SAFE;0;0;0;-1;-1;4389.81;0.00;0.00;12.16;-6.60;KELLY_LITE;true;0.04;213097.06;0.0417;KELLY_LITE(mult=0.80 taper=1.00 n=6)+CONSEC_REDUCE(0.50)+HARD_RISK_CAP(2.0%)+MAXLOSS_CAP;213107.10;213107.10;36;0
2026.08.13 11:56:39;XAUUSD;5;1786608139;PLACE_PENDING_START;cycle=1786608139 trend=1 consecLosses=0 preset=AGGRESSIVE;PLACE_PENDING;SAFE;0;0;0;-1;-1;0.00;0.00;0.00;0.00;0.00;KELLY_LITE;true;0.04;213097.06;0.0417;KELLY_LITE(mult=0.80 taper=1.00 n=6)+CONSEC_REDUCE(0.50)+HARD_RISK_CAP(2.0%)+MAXLOSS_CAP;213107.10;213107.10;36;0
2026.08.13 11:56:39;XAUUSD;5;1786608139;DIR_OCO_PLACED;dir=BULL ticket=119286503 price=4393.91 sl=4378.91 tp=4416.41 lot=0.04 dist=1.50;PLACE_PENDING;SAFE;0;1;0;119286503;-1;0.00;0.00;0.00;0.00;0.00;KELLY_LITE;true;0.04;213107.10;0.0417;KELLY_LITE(mult=0.85 taper=1.00 n=7)+HARD_RISK_CAP(2.0%)+MAXLOSS_CAP;213107.10;213107.10;36;0
2026.08.13 11:56:40;XAUUSD;5;1786608139;DIR_OCO_COUNTER_PLACED;dir=BEAR(counter) ticket=119286505 price=4390.48 lot=0.03;PLACE_PENDING;SAFE;0;2;0;119286503;119286505;0.00;0.00;0.00;0.00;0.00;KELLY_LITE;true;0.04;213107.10;0.0417;KELLY_LITE(mult=0.85 taper=1.00 n=7)+HARD_RISK_CAP(2.0%)+MAXLOSS_CAP;213107.10;213107.10;36;0
2026.08.13 11:56:47;XAUUSD;5;1786608139;BUY_STOP_TRAILED;Old=4393.91 New=4393.55;WAIT_TRIGGER;SAFE;0;2;0;119286503;119286505;0.00;0.00;0.00;0.00;0.00;KELLY_LITE;true;0.04;213107.10;0.0417;KELLY_LITE(mult=0.85 taper=1.00 n=7)+HARD_RISK_CAP(2.0%)+MAXLOSS_CAP;213107.10;213107.10;36;0
2026.08.13 11:57:36;XAUUSD;5;1786608139;SELL_STOP_TRAILED;Old=4390.48 New=4390.82;WAIT_TRIGGER;SAFE;0;2;0;119286503;119286505;0.00;0.00;0.00;0.00;0.00;KELLY_LITE;true;0.04;213107.10;0.0417;KELLY_LITE(mult=0.85 taper=1.00 n=7)+HARD_RISK_CAP(2.0%)+MAXLOSS_CAP;213107.10;213107.10;36;0
2026.08.13 11:57:55;XAUUSD;5;1786608139;SELL_STOP_TRAILED;Old=4390.82 New=4391.14;WAIT_TRIGGER;SAFE;0;2;0;119286503;119286505;0.00;0.00;0.00;0.00;0.00;KELLY_LITE;true;0.04;213107.10;0.0417;KELLY_LITE(mult=0.85 taper=1.00 n=7)+HARD_RISK_CAP(2.0%)+MAXLOSS_CAP;213107.10;213107.10;36;0
2026.08.13 12:01:19;XAUUSD;5;1786608139;BUY_STOP_TRAILED;Old=4393.55 New=4393.23;WAIT_TRIGGER;SAFE;0;2;0;119286503;119286505;0.00;0.00;0.00;0.00;0.00;KELLY_LITE;true;0.04;213107.10;0.0417;KELLY_LITE(mult=0.85 taper=1.00 n=7)+HARD_RISK_CAP(2.0%)+MAXLOSS_CAP;213107.10;213107.10;36;0
2026.08.13 12:01:25;XAUUSD;5;1786608139;OCO_TRIGGERED_SELL;ticket=119286505 entry=4391.14;POSITION_ACTIVE;SAFE;1;1;0;119286503;-1;0.00;-1.02;-1.02;0.00;0.00;KELLY_LITE;true;0.04;213107.10;0.0417;KELLY_LITE(mult=0.85 taper=1.00 n=7)+HARD_RISK_CAP(2.0%)+MAXLOSS_CAP;213107.10;213106.08;36;0
2026.08.13 12:01:25;XAUUSD;5;1786608139;PENDING_DELETED;ticket=119286503 reason=oco_sell_triggered;POSITION_ACTIVE;SAFE;1;0;0;119286503;-1;0.00;-0.63;-0.63;0.00;0.00;KELLY_LITE;true;0.04;213107.10;0.0417;KELLY_LITE(mult=0.85 taper=1.00 n=7)+HARD_RISK_CAP(2.0%)+MAXLOSS_CAP;213107.10;213106.47;36;0
2026.08.13 12:01:26;XAUUSD;5;1786608139;HEDGE_PENDING_PLACED;dir=BUY_STOP ticket=119287286 price=4394.35 sl=4391.35 lot=0.05 mainEntry=4391.14 dist=3.00 confirmBars=1;POSITION_ACTIVE;SAFE;1;1;1;-1;-1;4391.14;-0.63;-0.63;0.00;-0.63;KELLY_LITE;true;0.04;213107.10;0.0417;KELLY_LITE(mult=0.85 taper=1.00 n=7)+HARD_RISK_CAP(2.0%)+MAXLOSS_CAP;213107.10;213106.47;36;0
2026.08.13 12:15:09;XAUUSD;5;1786608139;SL_MODIFIED;ticket=119287286 oldSL=4391.35 newSL=4394.35 reason=hedge_giveback_lock;MANAGE_PROFIT;SAFE;2;0;1;-1;-1;4391.14;-9.65;2.65;7.23;-11.83;KELLY_LITE;true;0.04;213107.10;0.0417;KELLY_LITE(mult=0.85 taper=1.00 n=7)+HARD_RISK_CAP(2.0%)+MAXLOSS_CAP;213107.10;213097.45;36;0
2026.08.13 12:15:10;XAUUSD;5;1786608139;SL_MODIFIED;ticket=119287286 oldSL=4394.35 newSL=4394.61 reason=hedge_giveback_lock;MANAGE_PROFIT;SAFE;2;0;1;-1;-1;4391.14;-8.42;5.50;7.23;-11.83;KELLY_LITE;true;0.04;213107.10;0.0417;KELLY_LITE(mult=0.85 taper=1.00 n=7)+HARD_RISK_CAP(2.0%)+MAXLOSS_CAP;213107.10;213098.68;33;0
2026.08.13 12:15:10;XAUUSD;5;1786608139;SL_MODIFIED;ticket=119287286 oldSL=4394.61 newSL=4394.93 reason=hedge_giveback_lock;MANAGE_PROFIT;SAFE;2;0;1;-1;-1;4391.14;-8.44;5.45;7.23;-11.83;KELLY_LITE;true;0.04;213107.10;0.0417;KELLY_LITE(mult=0.85 taper=1.00 n=7)+HARD_RISK_CAP(2.0%)+MAXLOSS_CAP;213107.10;213098.66;33;0
2026.08.13 12:15:16;XAUUSD;5;1786608139;SL_MODIFIED;ticket=119287286 oldSL=4394.93 newSL=4394.99 reason=hedge_giveback_lock;MANAGE_PROFIT;SAFE;2;0;1;-1;-1;4391.14;-7.44;7.95;7.23;-11.83;KELLY_LITE;true;0.04;213107.10;0.0417;KELLY_LITE(mult=0.85 taper=1.00 n=7)+HARD_RISK_CAP(2.0%)+MAXLOSS_CAP;213107.10;213099.66;33;0
2026.08.13 12:15:17;XAUUSD;5;1786608139;SL_MODIFIED;ticket=119287286 oldSL=4394.99 newSL=4395.42 reason=hedge_giveback_lock;MANAGE_PROFIT;SAFE;2;0;1;-1;-1;4391.14;-7.43;8.20;7.23;-11.83;KELLY_LITE;true;0.04;213107.10;0.0417;KELLY_LITE(mult=0.85 taper=1.00 n=7)+HARD_RISK_CAP(2.0%)+MAXLOSS_CAP;213107.10;213099.67;36;0
2026.08.13 12:15:17;XAUUSD;5;1786608139;SL_MODIFIED;ticket=119287286 oldSL=4395.42 newSL=4395.47 reason=hedge_giveback_lock;MANAGE_PROFIT;SAFE;2;0;1;-1;-1;4391.14;-7.23;8.70;7.23;-11.83;KELLY_LITE;true;0.04;213107.10;0.0417;KELLY_LITE(mult=0.85 taper=1.00 n=7)+HARD_RISK_CAP(2.0%)+MAXLOSS_CAP;213107.10;213099.87;36;0
2026.08.13 12:15:18;XAUUSD;5;1786608139;SL_MODIFY_FAILED;ticket=119287286 newSL=4395.57 reason=hedge_giveback_lock err=0;MANAGE_PROFIT;SAFE;2;0;1;-1;-1;4391.14;-7.39;8.30;7.23;-11.83;KELLY_LITE;true;0.04;213107.10;0.0417;KELLY_LITE(mult=0.85 taper=1.00 n=7)+HARD_RISK_CAP(2.0%)+MAXLOSS_CAP;213107.10;213099.71;36;0
2026.08.13 12:15:19;XAUUSD;5;1786608139;SL_MODIFIED;ticket=119287286 oldSL=4395.47 newSL=4395.68 reason=hedge_giveback_lock;MANAGE_PROFIT;SAFE;2;0;1;-1;-1;4391.14;-6.89;9.55;7.23;-11.83;KELLY_LITE;true;0.04;213107.10;0.0417;KELLY_LITE(mult=0.85 taper=1.00 n=7)+HARD_RISK_CAP(2.0%)+MAXLOSS_CAP;213107.10;213100.21;36;0
2026.08.13 12:15:19;XAUUSD;5;1786608139;SL_MODIFIED;ticket=119287286 oldSL=4395.68 newSL=4395.74 reason=hedge_giveback_lock;MANAGE_PROFIT;SAFE;2;0;1;-1;-1;4391.14;-6.93;9.45;7.23;-11.83;KELLY_LITE;true;0.04;213107.10;0.0417;KELLY_LITE(mult=0.85 taper=1.00 n=7)+HARD_RISK_CAP(2.0%)+MAXLOSS_CAP;213107.10;213100.17;36;0
2026.08.13 12:15:21;XAUUSD;5;1786608139;RECONCILED_BROKER_CLOSE;ticket=119287286 type=hedge pnl=6.95;MANAGE_PROFIT;SAFE;1;0;1;-1;-1;4391.14;-14.58;-14.58;7.23;-11.83;KELLY_LITE;true;0.04;213107.10;0.0417;KELLY_LITE(mult=0.85 taper=1.00 n=7)+HARD_RISK_CAP(2.0%)+MAXLOSS_CAP;213114.05;213099.47;37;0
2026.08.13 12:15:21;XAUUSD;5;1786608139;RECONCILED_BROKER_CLOSE;ticket=119287286 type=hedge pnl=6.95;MANAGE_PROFIT;SAFE;1;0;1;-1;-1;4391.14;-14.58;-14.58;7.23;-11.83;KELLY_LITE;true;0.04;213107.10;0.0417;KELLY_LITE(mult=0.85 taper=1.00 n=7)+HARD_RISK_CAP(2.0%)+MAXLOSS_CAP;213114.05;213099.47;37;0
2026.08.13 12:15:21;XAUUSD;5;1786608139;EXIT_TIME_LOSS_CONFIRMED;held=13 profit=-14.58 rsi=69.8;MANAGE_PROFIT;SAFE;1;0;1;-1;-1;4391.14;-14.58;-14.58;7.23;-14.58;KELLY_LITE;true;0.04;213107.10;0.0417;KELLY_LITE(mult=0.85 taper=1.00 n=7)+HARD_RISK_CAP(2.0%)+MAXLOSS_CAP;213114.05;213099.47;37;0
2026.08.13 12:15:21;XAUUSD;5;1786608139;POSITION_CLOSED;ticket=119286505 reason=time_loss_exit_confirmed lots=0.03 price=4396.00 pnl=-14.58;MANAGE_PROFIT;SAFE;0;0;1;-1;-1;4391.14;0.00;0.00;7.23;-14.58;KELLY_LITE;true;0.04;213107.10;0.0417;KELLY_LITE(mult=0.85 taper=1.00 n=7)+HARD_RISK_CAP(2.0%)+MAXLOSS_CAP;213099.83;213099.83;36;0
2026.08.13 12:15:21;XAUUSD;5;1786608139;LOSS_COOLDOWN_AFTER_LOSS;cyclePnL=-7.27 pauseUntil=2026.08.13 12:20:21;RESET;SAFE;0;0;0;-1;-1;4391.14;0.00;0.00;7.23;-14.58;KELLY_LITE;true;0.04;213107.10;0.0417;KELLY_LITE(mult=0.85 taper=1.00 n=7)+HARD_RISK_CAP(2.0%)+MAXLOSS_CAP;213099.83;213099.83;36;0
2026.08.13 12:15:21;XAUUSD;5;1786608139;CYCLE_RESET;oldState=RESET realizedPnL=-7.27 peak=7.23 worst=-14.58 pyramid=0 consLosses=1;RESET;SAFE;0;0;0;-1;-1;4391.14;0.00;0.00;7.23;-14.58;KELLY_LITE;true;0.04;213107.10;0.0417;KELLY_LITE(mult=0.85 taper=1.00 n=7)+HARD_RISK_CAP(2.0%)+MAXLOSS_CAP;213099.83;213099.83;36;0
2026.08.13 12:20:21;XAUUSD;5;1786608140;PLACE_PENDING_START;cycle=1786608140 trend=1 consecLosses=1 preset=AGGRESSIVE;PLACE_PENDING;SAFE;0;0;0;-1;-1;0.00;0.00;0.00;0.00;0.00;KELLY_LITE;true;0.04;213107.10;0.0417;KELLY_LITE(mult=0.85 taper=1.00 n=7)+HARD_RISK_CAP(2.0%)+MAXLOSS_CAP;213099.83;213099.83;36;0
2026.08.13 12:20:21;XAUUSD;5;1786608140;DIR_OCO_PLACED;dir=BULL ticket=119290896 price=4395.30 sl=4380.30 tp=4417.80 lot=0.04 dist=1.50;PLACE_PENDING;SAFE;0;1;0;119290896;-1;0.00;0.00;0.00;0.00;0.00;KELLY_LITE;true;0.04;213099.83;0.0417;KELLY_LITE(mult=0.80 taper=1.00 n=8)+HARD_RISK_CAP(2.0%)+MAXLOSS_CAP;213099.83;213099.83;36;0
2026.08.13 12:20:22;XAUUSD;5;1786608140;DIR_OCO_COUNTER_PLACED;dir=BEAR(counter) ticket=119290898 price=4391.93 lot=0.03;PLACE_PENDING;SAFE;0;2;0;119290896;119290898;0.00;0.00;0.00;0.00;0.00;KELLY_LITE;true;0.04;213099.83;0.0417;KELLY_LITE(mult=0.80 taper=1.00 n=8)+HARD_RISK_CAP(2.0%)+MAXLOSS_CAP;213099.83;213099.83;36;0
2026.08.13 12:20:43;XAUUSD;5;1786608140;BUY_STOP_TRAILED;Old=4395.30 New=4394.98;WAIT_TRIGGER;SAFE;0;2;0;119290896;119290898;0.00;0.00;0.00;0.00;0.00;KELLY_LITE;true;0.04;213099.83;0.0417;KELLY_LITE(mult=0.80 taper=1.00 n=8)+HARD_RISK_CAP(2.0%)+MAXLOSS_CAP;213099.83;213099.83;36;0
2026.08.13 12:21:09;XAUUSD;5;1786608140;SELL_STOP_TRAILED;Old=4391.93 New=4392.41;WAIT_TRIGGER;SAFE;0;2;0;119290896;119290898;0.00;0.00;0.00;0.00;0.00;KELLY_LITE;true;0.04;213099.83;0.0417;KELLY_LITE(mult=0.80 taper=1.00 n=8)+HARD_RISK_CAP(2.0%)+MAXLOSS_CAP;213099.83;213099.83;36;0
2026.08.13 12:22:14;XAUUSD;5;1786608140;BUY_STOP_TRAILED;Old=4394.98 New=4394.29;WAIT_TRIGGER;SAFE;1;1;0;119290896;119290898;0.00;-0.96;-0.96;0.00;0.00;KELLY_LITE;true;0.04;213099.83;0.0417;KELLY_LITE(mult=0.80 taper=1.00 n=8)+HARD_RISK_CAP(2.0%)+MAXLOSS_CAP;213099.83;213098.87;33;0
2026.08.13 12:22:14;XAUUSD;5;1786608140;OCO_TRIGGERED_SELL;ticket=119290898 entry=4392.41;POSITION_ACTIVE;SAFE;1;1;0;119290896;-1;0.00;-0.96;-0.96;0.00;0.00;KELLY_LITE;true;0.04;213099.83;0.0417;KELLY_LITE(mult=0.80 taper=1.00 n=8)+HARD_RISK_CAP(2.0%)+MAXLOSS_CAP;213099.83;213098.87;33;0
2026.08.13 12:22:15;XAUUSD;5;1786608140;PENDING_DELETED;ticket=119290896 reason=oco_sell_triggered;POSITION_ACTIVE;SAFE;1;0;0;119290896;-1;0.00;-0.84;-0.84;0.00;0.00;KELLY_LITE;true;0.04;213099.83;0.0417;KELLY_LITE(mult=0.80 taper=1.00 n=8)+HARD_RISK_CAP(2.0%)+MAXLOSS_CAP;213099.83;213098.99;33;0
2026.08.13 12:22:15;XAUUSD;5;1786608140;HEDGE_PENDING_PLACED;dir=BUY_STOP ticket=119291202 price=4395.69 sl=4392.69 lot=0.05 mainEntry=4392.41 dist=3.00 confirmBars=1;POSITION_ACTIVE;SAFE;1;1;1;-1;-1;4392.41;-0.84;-0.84;0.00;-0.84;KELLY_LITE;true;0.04;213099.83;0.0417;KELLY_LITE(mult=0.80 taper=1.00 n=8)+HARD_RISK_CAP(2.0%)+MAXLOSS_CAP;213099.83;213098.99;33;0
2026.08.13 12:29:28;XAUUSD;5;1786608140;SL_MODIFIED;ticket=119290898 oldSL=4404.41 newSL=4390.30 reason=break_even_lock_leg_0 (retry buf=3pt);MANAGE_PROFIT;SAFE;1;1;1;-1;-1;4392.41;7.86;7.86;8.01;-2.85;KELLY_LITE;true;0.04;213099.83;0.0417;KELLY_LITE(mult=0.80 taper=1.00 n=8)+HARD_RISK_CAP(2.0%)+MAXLOSS_CAP;213099.83;213107.69;36;0
2026.08.13 12:29:28;XAUUSD;5;1786608140;PROFIT_RATCHET_LOCKED;floor=3.40 peak=8.01;MANAGE_PROFIT;SAFE;1;1;1;-1;-1;4392.41;7.86;7.86;8.01;-2.85;KELLY_LITE;true;0.04;213099.83;0.0417;KELLY_LITE(mult=0.80 taper=1.00 n=8)+HARD_RISK_CAP(2.0%)+MAXLOSS_CAP;213099.83;213107.69;36;0
2026.08.13 12:29:28;XAUUSD;5;1786608140;PROFIT_RATCHET_LOCKED;floor=3.40 peak=8.01;MANAGE_PROFIT;SAFE;1;1;1;-1;-1;4392.41;7.86;7.86;8.01;-2.85;KELLY_LITE;true;0.04;213099.83;0.0417;KELLY_LITE(mult=0.80 taper=1.00 n=8)+HARD_RISK_CAP(2.0%)+MAXLOSS_CAP;213099.83;213107.69;36;0
2026.08.13 12:29:28;XAUUSD;5;1786608140;PROFIT_RATCHET_LOCKED;floor=3.40 peak=8.01;MANAGE_PROFIT;SAFE;1;1;1;-1;-1;4392.41;7.92;7.92;8.01;-2.85;KELLY_LITE;true;0.04;213099.83;0.0417;KELLY_LITE(mult=0.80 taper=1.00 n=8)+HARD_RISK_CAP(2.0%)+MAXLOSS_CAP;213099.83;213107.75;36;0
2026.08.13 12:29:29;XAUUSD;5;1786608140;SL_MODIFIED;ticket=119290898 oldSL=4390.30 newSL=4390.28 reason=break_even_lock_leg_0;MANAGE_PROFIT;SAFE;1;1;1;-1;-1;4392.41;7.89;7.89;8.01;-2.85;KELLY_LITE;true;0.04;213099.83;0.0417;KELLY_LITE(mult=0.80 taper=1.00 n=8)+HARD_RISK_CAP(2.0%)+MAXLOSS_CAP;213099.83;213107.72;36;0
2026.08.13 12:29:29;XAUUSD;5;1786608140;PROFIT_RATCHET_LOCKED;floor=3.40 peak=8.01;MANAGE_PROFIT;SAFE;1;1;1;-1;-1;4392.41;7.89;7.89;8.01;-2.85;KELLY_LITE;true;0.04;213099.83;0.0417;KELLY_LITE(mult=0.80 taper=1.00 n=8)+HARD_RISK_CAP(2.0%)+MAXLOSS_CAP;213099.83;213107.72;36;0
2026.08.13 12:29:29;XAUUSD;5;1786608140;PROFIT_RATCHET_LOCKED;floor=3.40 peak=8.01;MANAGE_PROFIT;SAFE;1;1;1;-1;-1;4392.41;7.89;7.89;8.01;-2.85;KELLY_LITE;true;0.04;213099.83;0.0417;KELLY_LITE(mult=0.80 taper=1.00 n=8)+HARD_RISK_CAP(2.0%)+MAXLOSS_CAP;213099.83;213107.72;36;0
2026.08.13 12:29:29;XAUUSD;5;1786608140;PROFIT_RATCHET_LOCKED;floor=3.40 peak=8.01;MANAGE_PROFIT;SAFE;1;1;1;-1;-1;4392.41;7.98;7.98;8.01;-2.85;KELLY_LITE;true;0.04;213099.83;0.0417;KELLY_LITE(mult=0.80 taper=1.00 n=8)+HARD_RISK_CAP(2.0%)+MAXLOSS_CAP;213099.83;213107.81;36;0
2026.08.13 12:29:29;XAUUSD;5;1786608140;PROFIT_RATCHET_LOCKED;floor=3.40 peak=8.01;MANAGE_PROFIT;SAFE;1;1;1;-1;-1;4392.41;7.95;7.95;8.01;-2.85;KELLY_LITE;true;0.04;213099.83;0.0417;KELLY_LITE(mult=0.80 taper=1.00 n=8)+HARD_RISK_CAP(2.0%)+MAXLOSS_CAP;213099.83;213107.78;36;0
2026.08.13 12:29:30;XAUUSD;5;1786608140;PROFIT_RATCHET_LOCKED;floor=3.40 peak=8.01;MANAGE_PROFIT;SAFE;1;1;1;-1;-1;4392.41;7.92;7.92;8.01;-2.85;KELLY_LITE;true;0.04;213099.83;0.0417;KELLY_LITE(mult=0.80 taper=1.00 n=8)+HARD_RISK_CAP(2.0%)+MAXLOSS_CAP;213099.83;213107.75;36;0
2026.08.13 12:29:30;XAUUSD;5;1786608140;PROFIT_RATCHET_LOCKED;floor=3.40 peak=8.01;MANAGE_PROFIT;SAFE;1;1;1;-1;-1;4392.41;7.89;7.89;8.01;-2.85;KELLY_LITE;true;0.04;213099.83;0.0417;KELLY_LITE(mult=0.80 taper=1.00 n=8)+HARD_RISK_CAP(2.0%)+MAXLOSS_CAP;213099.83;213107.72;36;0
2026.08.13 12:29:31;XAUUSD;5;1786608140;PROFIT_RATCHET_LOCKED;floor=3.40 peak=8.01;MANAGE_PROFIT;SAFE;1;1;1;-1;-1;4392.41;7.38;7.38;8.01;-2.85;KELLY_LITE;true;0.04;213099.83;0.0417;KELLY_LITE(mult=0.80 taper=1.00 n=8)+HARD_RISK_CAP(2.0%)+MAXLOSS_CAP;213099.83;213107.21;36;0
2026.08.13 12:29:31;XAUUSD;5;1786608140;PROFIT_RATCHET_LOCKED;floor=3.40 peak=8.01;MANAGE_PROFIT;SAFE;1;1;1;-1;-1;4392.41;7.41;7.41;8.01;-2.85;KELLY_LITE;true;0.04;213099.83;0.0417;KELLY_LITE(mult=0.80 taper=1.00 n=8)+HARD_RISK_CAP(2.0%)+MAXLOSS_CAP;213099.83;213107.24;36;0
2026.08.13 12:29:31;XAUUSD;5;1786608140;PROFIT_RATCHET_LOCKED;floor=3.40 peak=8.01;MANAGE_PROFIT;SAFE;1;1;1;-1;-1;4392.41;7.35;7.35;8.01;-2.85;KELLY_LITE;true;0.04;213099.83;0.0417;KELLY_LITE(mult=0.80 taper=1.00 n=8)+HARD_RISK_CAP(2.0%)+MAXLOSS_CAP;213099.83;213107.18;36;0
2026.08.13 12:29:31;XAUUSD;5;1786608140;PROFIT_RATCHET_LOCKED;floor=3.40 peak=8.01;MANAGE_PROFIT;SAFE;1;1;1;-1;-1;4392.41;7.47;7.47;8.01;-2.85;KELLY_LITE;true;0.04;213099.83;0.0417;KELLY_LITE(mult=0.80 taper=1.00 n=8)+HARD_RISK_CAP(2.0%)+MAXLOSS_CAP;213099.83;213107.30;36;0
2026.08.13 12:29:32;XAUUSD;5;1786608140;PROFIT_RATCHET_LOCKED;floor=3.40 peak=8.01;MANAGE_PROFIT;SAFE;1;1;1;-1;-1;4392.41;7.50;7.50;8.01;-2.85;KELLY_LITE;true;0.04;213099.83;0.0417;KELLY_LITE(mult=0.80 taper=1.00 n=8)+HARD_RISK_CAP(2.0%)+MAXLOSS_CAP;213099.83;213107.33;36;0
2026.08.13 12:29:32;XAUUSD;5;1786608140;PROFIT_RATCHET_LOCKED;floor=3.40 peak=8.01;MANAGE_PROFIT;SAFE;1;1;1;-1;-1;4392.41;7.47;7.47;8.01;-2.85;KELLY_LITE;true;0.04;213099.83;0.0417;KELLY_LITE(mult=0.80 taper=1.00 n=8)+HARD_RISK_CAP(2.0%)+MAXLOSS_CAP;213099.83;213107.30;36;0
2026.08.13 12:29:33;XAUUSD;5;1786608140;PROFIT_RATCHET_LOCKED;floor=3.40 peak=8.01;MANAGE_PROFIT;SAFE;1;1;1;-1;-1;4392.41;7.50;7.50;8.01;-2.85;KELLY_LITE;true;0.04;213099.83;0.0417;KELLY_LITE(mult=0.80 taper=1.00 n=8)+HARD_RISK_CAP(2.0%)+MAXLOSS_CAP;213099.83;213107.33;36;0
2026.08.13 12:29:34;XAUUSD;5;1786608140;PROFIT_RATCHET_LOCKED;floor=3.40 peak=8.01;MANAGE_PROFIT;SAFE;1;1;1;-1;-1;4392.41;7.53;7.53;8.01;-2.85;KELLY_LITE;true;0.04;213099.83;0.0417;KELLY_LITE(mult=0.80 taper=1.00 n=8)+HARD_RISK_CAP(2.0%)+MAXLOSS_CAP;213099.83;213107.36;36;0
2026.08.13 12:29:35;XAUUSD;5;1786608140;PROFIT_RATCHET_LOCKED;floor=3.40 peak=8.01;MANAGE_PROFIT;SAFE;1;1;1;-1;-1;4392.41;7.50;7.50;8.01;-2.85;KELLY_LITE;true;0.04;213099.83;0.0417;KELLY_LITE(mult=0.80 taper=1.00 n=8)+HARD_RISK_CAP(2.0%)+MAXLOSS_CAP;213099.83;213107.33;36;0
2026.08.13 12:29:36;XAUUSD;5;1786608140;PROFIT_RATCHET_LOCKED;floor=3.40 peak=8.01;MANAGE_PROFIT;SAFE;1;1;1;-1;-1;4392.41;7.74;7.74;8.01;-2.85;KELLY_LITE;true;0.04;213099.83;0.0417;KELLY_LITE(mult=0.80 taper=1.00 n=8)+HARD_RISK_CAP(2.0%)+MAXLOSS_CAP;213099.83;213107.57;36;0
2026.08.13 12:29:36;XAUUSD;5;1786608140;PROFIT_RATCHET_LOCKED;floor=3.40 peak=8.01;MANAGE_PROFIT;SAFE;1;1;1;-1;-1;4392.41;7.92;7.92;8.01;-2.85;KELLY_LITE;true;0.04;213099.83;0.0417;KELLY_LITE(mult=0.80 taper=1.00 n=8)+HARD_RISK_CAP(2.0%)+MAXLOSS_CAP;213099.83;213107.75;36;0
2026.08.13 12:29:36;XAUUSD;5;1786608140;PROFIT_RATCHET_LOCKED;floor=3.40 peak=8.01;MANAGE_PROFIT;SAFE;1;1;1;-1;-1;4392.41;8.01;8.01;8.01;-2.85;KELLY_LITE;true;0.04;213099.83;0.0417;KELLY_LITE(mult=0.80 taper=1.00 n=8)+HARD_RISK_CAP(2.0%)+MAXLOSS_CAP;213099.83;213107.84;36;0
2026.08.13 12:29:37;XAUUSD;5;1786608140;SL_MODIFIED;ticket=119290898 oldSL=4390.28 newSL=4390.25 reason=break_even_lock_leg_0;MANAGE_PROFIT;SAFE;1;1;1;-1;-1;4392.41;8.07;8.07;8.04;-2.85;KELLY_LITE;true;0.04;213099.83;0.0417;KELLY_LITE(mult=0.80 taper=1.00 n=8)+HARD_RISK_CAP(2.0%)+MAXLOSS_CAP;213099.83;213107.90;36;0
2026.08.13 12:29:37;XAUUSD;5;1786608140;PROFIT_RATCHET_LOCKED;floor=3.42 peak=8.04;MANAGE_PROFIT;SAFE;1;1;1;-1;-1;4392.41;8.07;8.07;8.04;-2.85;KELLY_LITE;true;0.04;213099.83;0.0417;KELLY_LITE(mult=0.80 taper=1.00 n=8)+HARD_RISK_CAP(2.0%)+MAXLOSS_CAP;213099.83;213107.90;36;0
2026.08.13 12:29:37;XAUUSD;5;1786608140;PROFIT_RATCHET_LOCKED;floor=3.43 peak=8.07;MANAGE_PROFIT;SAFE;1;1;1;-1;-1;4392.41;8.07;8.07;8.07;-2.85;KELLY_LITE;true;0.04;213099.83;0.0417;KELLY_LITE(mult=0.80 taper=1.00 n=8)+HARD_RISK_CAP(2.0%)+MAXLOSS_CAP;213099.83;213107.90;36;0
2026.08.13 12:29:37;XAUUSD;5;1786608140;PROFIT_RATCHET_LOCKED;floor=3.43 peak=8.07;MANAGE_PROFIT;SAFE;1;1;1;-1;-1;4392.41;8.04;8.04;8.07;-2.85;KELLY_LITE;true;0.04;213099.83;0.0417;KELLY_LITE(mult=0.80 taper=1.00 n=8)+HARD_RISK_CAP(2.0%)+MAXLOSS_CAP;213099.83;213107.87;36;0
2026.08.13 12:29:38;XAUUSD;5;1786608140;SL_MODIFIED;ticket=119290898 oldSL=4390.25 newSL=4390.22 reason=break_even_lock_leg_0;MANAGE_PROFIT;SAFE;1;1;1;-1;-1;4392.41;8.52;8.52;8.13;-2.85;KELLY_LITE;true;0.04;213099.83;0.0417;KELLY_LITE(mult=0.80 taper=1.00 n=8)+HARD_RISK_CAP(2.0%)+MAXLOSS_CAP;213099.83;213108.35;36;0
2026.08.13 12:29:38;XAUUSD;5;1786608140;PROFIT_RATCHET_LOCKED;floor=3.46 peak=8.13;MANAGE_PROFIT;SAFE;1;1;1;-1;-1;4392.41;8.52;8.52;8.13;-2.85;KELLY_LITE;true;0.04;213099.83;0.0417;KELLY_LITE(mult=0.80 taper=1.00 n=8)+HARD_RISK_CAP(2.0%)+MAXLOSS_CAP;213099.83;213108.35;36;0
2026.08.13 12:29:38;XAUUSD;5;1786608140;SL_MODIFIED;ticket=119290898 oldSL=4390.22 newSL=4390.09 reason=break_even_lock_leg_0;MANAGE_PROFIT;SAFE;1;1;1;-1;-1;4392.41;8.52;8.52;8.52;-2.85;KELLY_LITE;true;0.04;213099.83;0.0417;KELLY_LITE(mult=0.80 taper=1.00 n=8)+HARD_RISK_CAP(2.0%)+MAXLOSS_CAP;213099.83;213108.35;36;0
2026.08.13 12:29:38;XAUUSD;5;1786608140;PROFIT_RATCHET_LOCKED;floor=3.62 peak=8.52;MANAGE_PROFIT;SAFE;1;1;1;-1;-1;4392.41;8.52;8.52;8.52;-2.85;KELLY_LITE;true;0.04;213099.83;0.0417;KELLY_LITE(mult=0.80 taper=1.00 n=8)+HARD_RISK_CAP(2.0%)+MAXLOSS_CAP;213099.83;213108.35;36;0
2026.08.13 12:29:39;XAUUSD;5;1786608140;SL_MODIFIED;ticket=119290898 oldSL=4390.09 newSL=4390.07 reason=break_even_lock_leg_0;MANAGE_PROFIT;SAFE;1;1;1;-1;-1;4392.41;8.61;8.61;8.58;-2.85;KELLY_LITE;true;0.04;213099.83;0.0417;KELLY_LITE(mult=0.80 taper=1.00 n=8)+HARD_RISK_CAP(2.0%)+MAXLOSS_CAP;213099.83;213108.44;36;0
2026.08.13 12:29:39;XAUUSD;5;1786608140;PROFIT_RATCHET_LOCKED;floor=3.65 peak=8.58;MANAGE_PROFIT;SAFE;1;1;1;-1;-1;4392.41;8.61;8.61;8.58;-2.85;KELLY_LITE;true;0.04;213099.83;0.0417;KELLY_LITE(mult=0.80 taper=1.00 n=8)+HARD_RISK_CAP(2.0%)+MAXLOSS_CAP;213099.83;213108.44;36;0
2026.08.13 12:29:39;XAUUSD;5;1786608140;PROFIT_RATCHET_LOCKED;floor=3.66 peak=8.61;MANAGE_PROFIT;SAFE;1;1;1;-1;-1;4392.41;8.61;8.61;8.61;-2.85;KELLY_LITE;true;0.04;213099.83;0.0417;KELLY_LITE(mult=0.80 taper=1.00 n=8)+HARD_RISK_CAP(2.0%)+MAXLOSS_CAP;213099.83;213108.44;36;0
2026.08.13 12:29:39;XAUUSD;5;1786608140;PROFIT_RATCHET_LOCKED;floor=3.67 peak=8.64;MANAGE_PROFIT;SAFE;1;1;1;-1;-1;4392.41;8.64;8.64;8.64;-2.85;KELLY_LITE;true;0.04;213099.83;0.0417;KELLY_LITE(mult=0.80 taper=1.00 n=8)+HARD_RISK_CAP(2.0%)+MAXLOSS_CAP;213099.83;213108.47;36;0
2026.08.13 12:29:40;XAUUSD;5;1786608140;SL_MODIFIED;ticket=119290898 oldSL=4390.07 newSL=4390.04 reason=break_even_lock_leg_0;MANAGE_PROFIT;SAFE;1;1;1;-1;-1;4392.41;9.66;9.66;8.67;-2.85;KELLY_LITE;true;0.04;213099.83;0.0417;KELLY_LITE(mult=0.80 taper=1.00 n=8)+HARD_RISK_CAP(2.0%)+MAXLOSS_CAP;213099.83;213109.49;36;0
2026.08.13 12:29:40;XAUUSD;5;1786608140;PROFIT_RATCHET_LOCKED;floor=3.68 peak=8.67;MANAGE_PROFIT;SAFE;1;1;1;-1;-1;4392.41;9.66;9.66;8.67;-2.85;KELLY_LITE;true;0.04;213099.83;0.0417;KELLY_LITE(mult=0.80 taper=1.00 n=8)+HARD_RISK_CAP(2.0%)+MAXLOSS_CAP;213099.83;213109.49;36;0
2026.08.13 12:29:41;XAUUSD;5;1786608140;SL_MODIFIED;ticket=119290898 oldSL=4390.04 newSL=4389.71 reason=break_even_lock_leg_0;MANAGE_PROFIT;SAFE;1;1;1;-1;-1;4392.41;9.60;9.60;9.66;-2.85;KELLY_LITE;true;0.04;213099.83;0.0417;KELLY_LITE(mult=0.80 taper=1.00 n=8)+HARD_RISK_CAP(2.0%)+MAXLOSS_CAP;213099.83;213109.43;36;0
2026.08.13 12:29:41;XAUUSD;5;1786608140;PROFIT_RATCHET_LOCKED;floor=4.11 peak=9.66;MANAGE_PROFIT;SAFE;1;1;1;-1;-1;4392.41;9.60;9.60;9.66;-2.85;KELLY_LITE;true;0.04;213099.83;0.0417;KELLY_LITE(mult=0.80 taper=1.00 n=8)+HARD_RISK_CAP(2.0%)+MAXLOSS_CAP;213099.83;213109.43;36;0
2026.08.13 12:29:41;XAUUSD;5;1786608140;PROFIT_RATCHET_LOCKED;floor=4.11 peak=9.66;MANAGE_PROFIT;SAFE;1;1;1;-1;-1;4392.41;9.60;9.60;9.66;-2.85;KELLY_LITE;true;0.04;213099.83;0.0417;KELLY_LITE(mult=0.80 taper=1.00 n=8)+HARD_RISK_CAP(2.0%)+MAXLOSS_CAP;213099.83;213109.43;36;0
2026.08.13 12:29:41;XAUUSD;5;1786608140;PROFIT_RATCHET_LOCKED;floor=4.12 peak=9.69;MANAGE_PROFIT;SAFE;1;1;1;-1;-1;4392.41;9.69;9.69;9.69;-2.85;KELLY_LITE;true;0.04;213099.83;0.0417;KELLY_LITE(mult=0.80 taper=1.00 n=8)+HARD_RISK_CAP(2.0%)+MAXLOSS_CAP;213099.83;213109.52;36;0
2026.08.13 12:29:41;XAUUSD;5;1786608140;PROFIT_RATCHET_LOCKED;floor=4.12 peak=9.69;MANAGE_PROFIT;SAFE;1;1;1;-1;-1;4392.41;9.66;9.66;9.69;-2.85;KELLY_LITE;true;0.04;213099.83;0.0417;KELLY_LITE(mult=0.80 taper=1.00 n=8)+HARD_RISK_CAP(2.0%)+MAXLOSS_CAP;213099.83;213109.49;36;0
2026.08.13 12:29:41;XAUUSD;5;1786608140;PROFIT_RATCHET_LOCKED;floor=4.12 peak=9.69;MANAGE_PROFIT;SAFE;1;1;1;-1;-1;4392.41;9.63;9.63;9.69;-2.85;KELLY_LITE;true;0.04;213099.83;0.0417;KELLY_LITE(mult=0.80 taper=1.00 n=8)+HARD_RISK_CAP(2.0%)+MAXLOSS_CAP;213099.83;213109.46;36;0
2026.08.13 12:29:42;XAUUSD;5;1786608140;PROFIT_RATCHET_LOCKED;floor=4.12 peak=9.69;MANAGE_PROFIT;SAFE;1;1;1;-1;-1;4392.41;9.57;9.57;9.69;-2.85;KELLY_LITE;true;0.04;213099.83;0.0417;KELLY_LITE(mult=0.80 taper=1.00 n=8)+HARD_RISK_CAP(2.0%)+MAXLOSS_CAP;213099.83;213109.40;36;0
2026.08.13 12:29:42;XAUUSD;5;1786608140;PROFIT_RATCHET_LOCKED;floor=4.12 peak=9.69;MANAGE_PROFIT;SAFE;1;1;1;-1;-1;4392.41;9.51;9.51;9.69;-2.85;KELLY_LITE;true;0.04;213099.83;0.0417;KELLY_LITE(mult=0.80 taper=1.00 n=8)+HARD_RISK_CAP(2.0%)+MAXLOSS_CAP;213099.83;213109.34;36;0
2026.08.13 12:29:42;XAUUSD;5;1786608140;PROFIT_RATCHET_LOCKED;floor=4.12 peak=9.69;MANAGE_PROFIT;SAFE;1;1;1;-1;-1;4392.41;9.57;9.57;9.69;-2.85;KELLY_LITE;true;0.04;213099.83;0.0417;KELLY_LITE(mult=0.80 taper=1.00 n=8)+HARD_RISK_CAP(2.0%)+MAXLOSS_CAP;213099.83;213109.40;36;0
2026.08.13 12:29:42;XAUUSD;5;1786608140;PROFIT_RATCHET_LOCKED;floor=4.12 peak=9.69;MANAGE_PROFIT;SAFE;1;1;1;-1;-1;4392.41;9.69;9.69;9.69;-2.85;KELLY_LITE;true;0.04;213099.83;0.0417;KELLY_LITE(mult=0.80 taper=1.00 n=8)+HARD_RISK_CAP(2.0%)+MAXLOSS_CAP;213099.83;213109.52;36;0
2026.08.13 12:29:43;XAUUSD;5;1786608140;SL_MODIFIED;ticket=119290898 oldSL=4389.71 newSL=4389.62 reason=break_even_lock_leg_0;MANAGE_PROFIT;SAFE;1;1;1;-1;-1;4392.41;9.99;9.99;9.93;-2.85;KELLY_LITE;true;0.04;213099.83;0.0417;KELLY_LITE(mult=0.80 taper=1.00 n=8)+HARD_RISK_CAP(2.0%)+MAXLOSS_CAP;213099.83;213109.82;36;0
2026.08.13 12:29:43;XAUUSD;5;1786608140;PROFIT_RATCHET_LOCKED;floor=4.22 peak=9.93;MANAGE_PROFIT;SAFE;1;1;1;-1;-1;4392.41;9.99;9.99;9.93;-2.85;KELLY_LITE;true;0.04;213099.83;0.0417;KELLY_LITE(mult=0.80 taper=1.00 n=8)+HARD_RISK_CAP(2.0%)+MAXLOSS_CAP;213099.83;213109.82;36;0
2026.08.13 12:29:43;XAUUSD;5;1786608140;PROFIT_RATCHET_LOCKED;floor=4.25 peak=9.99;MANAGE_PROFIT;SAFE;1;1;1;-1;-1;4392.41;9.99;9.99;9.99;-2.85;KELLY_LITE;true;0.04;213099.83;0.0417;KELLY_LITE(mult=0.80 taper=1.00 n=8)+HARD_RISK_CAP(2.0%)+MAXLOSS_CAP;213099.83;213109.82;36;0
2026.08.13 12:29:44;XAUUSD;5;1786608140;SL_MODIFY_FAILED;ticket=119290898 newSL=4389.59 reason=break_even_lock_leg_0 err=0;MANAGE_PROFIT;SAFE;1;1;1;-1;-1;4392.41;9.63;9.63;10.02;-2.85;KELLY_LITE;true;0.04;213099.83;0.0417;KELLY_LITE(mult=0.80 taper=1.00 n=8)+HARD_RISK_CAP(2.0%)+MAXLOSS_CAP;213099.83;213109.46;36;0
2026.08.13 12:29:44;XAUUSD;5;1786608140;PROFIT_RATCHET_LOCKED;floor=4.26 peak=10.02;MANAGE_PROFIT;SAFE;1;1;1;-1;-1;4392.41;9.63;9.63;10.02;-2.85;KELLY_LITE;true;0.04;213099.83;0.0417;KELLY_LITE(mult=0.80 taper=1.00 n=8)+HARD_RISK_CAP(2.0%)+MAXLOSS_CAP;213099.83;213109.46;36;0
2026.08.13 12:29:44;XAUUSD;5;1786608140;PROFIT_RATCHET_LOCKED;floor=4.26 peak=10.02;MANAGE_PROFIT;SAFE;1;1;1;-1;-1;4392.41;9.63;9.63;10.02;-2.85;KELLY_LITE;true;0.04;213099.83;0.0417;KELLY_LITE(mult=0.80 taper=1.00 n=8)+HARD_RISK_CAP(2.0%)+MAXLOSS_CAP;213099.83;213109.46;36;0
2026.08.13 12:29:44;XAUUSD;5;1786608140;PROFIT_RATCHET_LOCKED;floor=4.26 peak=10.02;MANAGE_PROFIT;SAFE;1;1;1;-1;-1;4392.41;9.60;9.60;10.02;-2.85;KELLY_LITE;true;0.04;213099.83;0.0417;KELLY_LITE(mult=0.80 taper=1.00 n=8)+HARD_RISK_CAP(2.0%)+MAXLOSS_CAP;213099.83;213109.43;36;0
2026.08.13 12:29:44;XAUUSD;5;1786608140;PROFIT_RATCHET_LOCKED;floor=4.26 peak=10.02;MANAGE_PROFIT;SAFE;1;1;1;-1;-1;4392.41;9.57;9.57;10.02;-2.85;KELLY_LITE;true;0.04;213099.83;0.0417;KELLY_LITE(mult=0.80 taper=1.00 n=8)+HARD_RISK_CAP(2.0%)+MAXLOSS_CAP;213099.83;213109.40;36;0
2026.08.13 12:29:45;XAUUSD;5;1786608140;PROFIT_RATCHET_LOCKED;floor=4.26 peak=10.02;MANAGE_PROFIT;SAFE;1;1;1;-1;-1;4392.41;9.54;9.54;10.02;-2.85;KELLY_LITE;true;0.04;213099.83;0.0417;KELLY_LITE(mult=0.80 taper=1.00 n=8)+HARD_RISK_CAP(2.0%)+MAXLOSS_CAP;213099.83;213109.37;36;0
2026.08.13 12:29:46;XAUUSD;5;1786608140;PROFIT_RATCHET_LOCKED;floor=4.26 peak=10.02;MANAGE_PROFIT;SAFE;1;1;1;-1;-1;4392.41;9.51;9.51;10.02;-2.85;KELLY_LITE;true;0.04;213099.83;0.0417;KELLY_LITE(mult=0.80 taper=1.00 n=8)+HARD_RISK_CAP(2.0%)+MAXLOSS_CAP;213099.83;213109.34;36;0
2026.08.13 12:29:47;XAUUSD;5;1786608140;PROFIT_RATCHET_LOCKED;floor=4.26 peak=10.02;MANAGE_PROFIT;SAFE;1;1;1;-1;-1;4392.41;9.54;9.54;10.02;-2.85;KELLY_LITE;true;0.04;213099.83;0.0417;KELLY_LITE(mult=0.80 taper=1.00 n=8)+HARD_RISK_CAP(2.0%)+MAXLOSS_CAP;213099.83;213109.37;36;0
2026.08.13 12:29:47;XAUUSD;5;1786608140;PROFIT_RATCHET_LOCKED;floor=4.26 peak=10.02;MANAGE_PROFIT;SAFE;1;1;1;-1;-1;4392.41;9.78;9.78;10.02;-2.85;KELLY_LITE;true;0.04;213099.83;0.0417;KELLY_LITE(mult=0.80 taper=1.00 n=8)+HARD_RISK_CAP(2.0%)+MAXLOSS_CAP;213099.83;213109.61;36;0
2026.08.13 12:29:47;XAUUSD;5;1786608140;SL_MODIFIED;ticket=119290898 oldSL=4389.62 newSL=4389.59 reason=break_even_lock_leg_0;MANAGE_PROFIT;SAFE;1;1;1;-1;-1;4392.41;9.99;9.99;10.02;-2.85;KELLY_LITE;true;0.04;213099.83;0.0417;KELLY_LITE(mult=0.80 taper=1.00 n=8)+HARD_RISK_CAP(2.0%)+MAXLOSS_CAP;213099.83;213109.82;36;0
2026.08.13 12:29:47;XAUUSD;5;1786608140;PROFIT_RATCHET_LOCKED;floor=4.26 peak=10.02;MANAGE_PROFIT;SAFE;1;1;1;-1;-1;4392.41;9.99;9.99;10.02;-2.85;KELLY_LITE;true;0.04;213099.83;0.0417;KELLY_LITE(mult=0.80 taper=1.00 n=8)+HARD_RISK_CAP(2.0%)+MAXLOSS_CAP;213099.83;213109.82;36;0
2026.08.13 12:29:47;XAUUSD;5;1786608140;PROFIT_RATCHET_LOCKED;floor=4.26 peak=10.02;MANAGE_PROFIT;SAFE;1;1;1;-1;-1;4392.41;9.99;9.99;10.02;-2.85;KELLY_LITE;true;0.04;213099.83;0.0417;KELLY_LITE(mult=0.80 taper=1.00 n=8)+HARD_RISK_CAP(2.0%)+MAXLOSS_CAP;213099.83;213109.82;36;0
2026.08.13 12:29:48;XAUUSD;5;1786608140;SL_MODIFIED;ticket=119290898 oldSL=4389.59 newSL=4389.53 reason=break_even_lock_leg_0;MANAGE_PROFIT;SAFE;1;1;1;-1;-1;4392.41;10.86;10.86;10.20;-2.85;KELLY_LITE;true;0.04;213099.83;0.0417;KELLY_LITE(mult=0.80 taper=1.00 n=8)+HARD_RISK_CAP(2.0%)+MAXLOSS_CAP;213099.83;213110.69;33;0
2026.08.13 12:29:48;XAUUSD;5;1786608140;PROFIT_RATCHET_LOCKED;floor=4.33 peak=10.20;MANAGE_PROFIT;SAFE;1;1;1;-1;-1;4392.41;10.86;10.86;10.20;-2.85;KELLY_LITE;true;0.04;213099.83;0.0417;KELLY_LITE(mult=0.80 taper=1.00 n=8)+HARD_RISK_CAP(2.0%)+MAXLOSS_CAP;213099.83;213110.69;33;0
2026.08.13 12:29:49;XAUUSD;5;1786608140;SL_MODIFIED;ticket=119290898 oldSL=4389.53 newSL=4389.31 reason=break_even_lock_leg_0;MANAGE_PROFIT;SAFE;1;1;1;-1;-1;4392.41;11.22;11.22;10.86;-2.85;KELLY_LITE;true;0.04;213099.83;0.0417;KELLY_LITE(mult=0.80 taper=1.00 n=8)+HARD_RISK_CAP(2.0%)+MAXLOSS_CAP;213099.83;213111.05;36;0
2026.08.13 12:29:49;XAUUSD;5;1786608140;PROFIT_RATCHET_LOCKED;floor=4.62 peak=10.86;MANAGE_PROFIT;SAFE;1;1;1;-1;-1;4392.41;11.22;11.22;10.86;-2.85;KELLY_LITE;true;0.04;213099.83;0.0417;KELLY_LITE(mult=0.80 taper=1.00 n=8)+HARD_RISK_CAP(2.0%)+MAXLOSS_CAP;213099.83;213111.05;36;0
2026.08.13 12:29:49;XAUUSD;5;1786608140;SL_MODIFIED;ticket=119290898 oldSL=4389.31 newSL=4389.19 reason=break_even_lock_leg_0;MANAGE_PROFIT;SAFE;1;1;1;-1;-1;4392.41;11.40;11.40;11.22;-2.85;KELLY_LITE;true;0.04;213099.83;0.0417;KELLY_LITE(mult=0.80 taper=1.00 n=8)+HARD_RISK_CAP(2.0%)+MAXLOSS_CAP;213099.83;213111.23;36;0
2026.08.13 12:29:49;XAUUSD;5;1786608140;PROFIT_RATCHET_LOCKED;floor=4.77 peak=11.22;MANAGE_PROFIT;SAFE;1;1;1;-1;-1;4392.41;11.40;11.40;11.22;-2.85;KELLY_LITE;true;0.04;213099.83;0.0417;KELLY_LITE(mult=0.80 taper=1.00 n=8)+HARD_RISK_CAP(2.0%)+MAXLOSS_CAP;213099.83;213111.23;36;0
2026.08.13 12:29:50;XAUUSD;5;1786608140;PROFIT_RATCHET_LOCKED;floor=4.85 peak=11.40;MANAGE_PROFIT;SAFE;1;1;1;-1;-1;4392.41;11.22;11.22;11.40;-2.85;KELLY_LITE;true;0.04;213099.83;0.0417;KELLY_LITE(mult=0.80 taper=1.00 n=8)+HARD_RISK_CAP(2.0%)+MAXLOSS_CAP;213099.83;213111.05;36;0
2026.08.13 12:29:50;XAUUSD;5;1786608140;PROFIT_RATCHET_LOCKED;floor=4.85 peak=11.40;MANAGE_PROFIT;SAFE;1;1;1;-1;-1;4392.41;11.22;11.22;11.40;-2.85;KELLY_LITE;true;0.04;213099.83;0.0417;KELLY_LITE(mult=0.80 taper=1.00 n=8)+HARD_RISK_CAP(2.0%)+MAXLOSS_CAP;213099.83;213111.05;36;0
2026.08.13 12:29:51;XAUUSD;5;1786608140;SL_MODIFIED;ticket=119290898 oldSL=4389.19 newSL=4389.17 reason=break_even_lock_leg_0 (retry buf=3pt);MANAGE_PROFIT;SAFE;1;1;1;-1;-1;4392.41;11.40;11.40;11.40;-2.85;KELLY_LITE;true;0.04;213099.83;0.0417;KELLY_LITE(mult=0.80 taper=1.00 n=8)+HARD_RISK_CAP(2.0%)+MAXLOSS_CAP;213099.83;213111.23;36;0
2026.08.13 12:29:51;XAUUSD;5;1786608140;PROFIT_RATCHET_LOCKED;floor=4.85 peak=11.40;MANAGE_PROFIT;SAFE;1;1;1;-1;-1;4392.41;11.40;11.40;11.40;-2.85;KELLY_LITE;true;0.04;213099.83;0.0417;KELLY_LITE(mult=0.80 taper=1.00 n=8)+HARD_RISK_CAP(2.0%)+MAXLOSS_CAP;213099.83;213111.23;36;0
2026.08.13 12:29:52;XAUUSD;5;1786608140;SL_MODIFIED;ticket=119290898 oldSL=4389.17 newSL=4389.13 reason=break_even_lock_leg_0;MANAGE_PROFIT;SAFE;1;1;1;-1;-1;4392.41;11.67;11.67;11.40;-2.85;KELLY_LITE;true;0.04;213099.83;0.0417;KELLY_LITE(mult=0.80 taper=1.00 n=8)+HARD_RISK_CAP(2.0%)+MAXLOSS_CAP;213099.83;213111.50;36;0
2026.08.13 12:29:52;XAUUSD;5;1786608140;PROFIT_RATCHET_LOCKED;floor=4.85 peak=11.40;MANAGE_PROFIT;SAFE;1;1;1;-1;-1;4392.41;11.67;11.67;11.40;-2.85;KELLY_LITE;true;0.04;213099.83;0.0417;KELLY_LITE(mult=0.80 taper=1.00 n=8)+HARD_RISK_CAP(2.0%)+MAXLOSS_CAP;213099.83;213111.50;36;0
2026.08.13 12:29:52;XAUUSD;5;1786608140;SL_MODIFIED;ticket=119290898 oldSL=4389.13 newSL=4389.04 reason=break_even_lock_leg_0;MANAGE_PROFIT;SAFE;1;1;1;-1;-1;4392.41;12.00;11.94;11.67;-2.85;KELLY_LITE;true;0.04;213099.83;0.0417;KELLY_LITE(mult=0.80 taper=1.00 n=8)+HARD_RISK_CAP(2.0%)+MAXLOSS_CAP;213099.83;213111.83;36;0
2026.08.13 12:29:52;XAUUSD;5;1786608140;PROFIT_RATCHET_LOCKED;floor=4.96 peak=11.67;MANAGE_PROFIT;SAFE;1;1;1;-1;-1;4392.41;12.00;11.94;11.67;-2.85;KELLY_LITE;true;0.04;213099.83;0.0417;KELLY_LITE(mult=0.80 taper=1.00 n=8)+HARD_RISK_CAP(2.0%)+MAXLOSS_CAP;213099.83;213111.83;36;0
2026.08.13 12:29:53;XAUUSD;5;1786608140;SL_MODIFIED;ticket=119290898 oldSL=4389.04 newSL=4388.95 reason=break_even_lock_leg_0;MANAGE_PROFIT;SAFE;1;1;1;-1;-1;4392.41;11.88;11.88;12.00;-2.85;KELLY_LITE;true;0.04;213099.83;0.0417;KELLY_LITE(mult=0.80 taper=1.00 n=8)+HARD_RISK_CAP(2.0%)+MAXLOSS_CAP;213099.83;213111.71;35;0
2026.08.13 12:29:53;XAUUSD;5;1786608140;PROFIT_RATCHET_LOCKED;floor=5.10 peak=12.00;MANAGE_PROFIT;SAFE;1;1;1;-1;-1;4392.41;11.88;11.88;12.00;-2.85;KELLY_LITE;true;0.04;213099.83;0.0417;KELLY_LITE(mult=0.80 taper=1.00 n=8)+HARD_RISK_CAP(2.0%)+MAXLOSS_CAP;213099.83;213111.71;35;0
2026.08.13 12:29:53;XAUUSD;5;1786608140;PROFIT_RATCHET_LOCKED;floor=5.10 peak=12.00;MANAGE_PROFIT;SAFE;1;1;1;-1;-1;4392.41;11.88;11.88;12.00;-2.85;KELLY_LITE;true;0.04;213099.83;0.0417;KELLY_LITE(mult=0.80 taper=1.00 n=8)+HARD_RISK_CAP(2.0%)+MAXLOSS_CAP;213099.83;213111.71;35;0
2026.08.13 12:29:53;XAUUSD;5;1786608140;PROFIT_RATCHET_LOCKED;floor=5.15 peak=12.12;MANAGE_PROFIT;SAFE;1;1;1;-1;-1;4392.41;11.82;11.82;12.12;-2.85;KELLY_LITE;true;0.04;213099.83;0.0417;KELLY_LITE(mult=0.80 taper=1.00 n=8)+HARD_RISK_CAP(2.0%)+MAXLOSS_CAP;213099.83;213111.65;36;0
2026.08.13 12:29:53;XAUUSD;5;1786608140;PROFIT_RATCHET_LOCKED;floor=5.15 peak=12.12;MANAGE_PROFIT;SAFE;1;1;1;-1;-1;4392.41;11.82;11.82;12.12;-2.85;KELLY_LITE;true;0.04;213099.83;0.0417;KELLY_LITE(mult=0.80 taper=1.00 n=8)+HARD_RISK_CAP(2.0%)+MAXLOSS_CAP;213099.83;213111.65;36;0
2026.08.13 12:29:54;XAUUSD;5;1786608140;PROFIT_RATCHET_LOCKED;floor=5.15 peak=12.12;MANAGE_PROFIT;SAFE;1;1;1;-1;-1;4392.41;11.67;11.67;12.12;-2.85;KELLY_LITE;true;0.04;213099.83;0.0417;KELLY_LITE(mult=0.80 taper=1.00 n=8)+HARD_RISK_CAP(2.0%)+MAXLOSS_CAP;213099.83;213111.50;36;0
2026.08.13 12:29:54;XAUUSD;5;1786608140;PROFIT_RATCHET_LOCKED;floor=5.15 peak=12.12;MANAGE_PROFIT;SAFE;1;1;1;-1;-1;4392.41;11.79;11.79;12.12;-2.85;KELLY_LITE;true;0.04;213099.83;0.0417;KELLY_LITE(mult=0.80 taper=1.00 n=8)+HARD_RISK_CAP(2.0%)+MAXLOSS_CAP;213099.83;213111.62;36;0
2026.08.13 12:29:54;XAUUSD;5;1786608140;PROFIT_RATCHET_LOCKED;floor=5.15 peak=12.12;MANAGE_PROFIT;SAFE;1;1;1;-1;-1;4392.41;11.88;11.88;12.12;-2.85;KELLY_LITE;true;0.04;213099.83;0.0417;KELLY_LITE(mult=0.80 taper=1.00 n=8)+HARD_RISK_CAP(2.0%)+MAXLOSS_CAP;213099.83;213111.71;36;0
2026.08.13 12:29:54;XAUUSD;5;1786608140;PROFIT_RATCHET_LOCKED;floor=5.15 peak=12.12;MANAGE_PROFIT;SAFE;1;1;1;-1;-1;4392.41;11.85;11.85;12.12;-2.85;KELLY_LITE;true;0.04;213099.83;0.0417;KELLY_LITE(mult=0.80 taper=1.00 n=8)+HARD_RISK_CAP(2.0%)+MAXLOSS_CAP;213099.83;213111.68;36;0
2026.08.13 12:29:55;XAUUSD;5;1786608140;PROFIT_RATCHET_LOCKED;floor=5.15 peak=12.12;MANAGE_PROFIT;SAFE;1;1;1;-1;-1;4392.41;11.88;11.88;12.12;-2.85;KELLY_LITE;true;0.04;213099.83;0.0417;KELLY_LITE(mult=0.80 taper=1.00 n=8)+HARD_RISK_CAP(2.0%)+MAXLOSS_CAP;213099.83;213111.71;36;0
2026.08.13 12:29:55;XAUUSD;5;1786608140;PROFIT_RATCHET_LOCKED;floor=5.15 peak=12.12;MANAGE_PROFIT;SAFE;1;1;1;-1;-1;4392.41;11.91;11.91;12.12;-2.85;KELLY_LITE;true;0.04;213099.83;0.0417;KELLY_LITE(mult=0.80 taper=1.00 n=8)+HARD_RISK_CAP(2.0%)+MAXLOSS_CAP;213099.83;213111.74;36;0
2026.08.13 12:29:55;XAUUSD;5;1786608140;PROFIT_RATCHET_LOCKED;floor=5.15 peak=12.12;MANAGE_PROFIT;SAFE;1;1;1;-1;-1;4392.41;11.88;11.88;12.12;-2.85;KELLY_LITE;true;0.04;213099.83;0.0417;KELLY_LITE(mult=0.80 taper=1.00 n=8)+HARD_RISK_CAP(2.0%)+MAXLOSS_CAP;213099.83;213111.71;36;0
2026.08.13 12:29:56;XAUUSD;5;1786608140;PROFIT_RATCHET_LOCKED;floor=5.15 peak=12.12;MANAGE_PROFIT;SAFE;1;1;1;-1;-1;4392.41;11.70;11.70;12.12;-2.85;KELLY_LITE;true;0.04;213099.83;0.0417;KELLY_LITE(mult=0.80 taper=1.00 n=8)+HARD_RISK_CAP(2.0%)+MAXLOSS_CAP;213099.83;213111.53;36;0
2026.08.13 12:29:56;XAUUSD;5;1786608140;PROFIT_RATCHET_LOCKED;floor=5.15 peak=12.12;MANAGE_PROFIT;SAFE;1;1;1;-1;-1;4392.41;11.46;11.46;12.12;-2.85;KELLY_LITE;true;0.04;213099.83;0.0417;KELLY_LITE(mult=0.80 taper=1.00 n=8)+HARD_RISK_CAP(2.0%)+MAXLOSS_CAP;213099.83;213111.29;36;0
2026.08.13 12:29:56;XAUUSD;5;1786608140;PROFIT_RATCHET_LOCKED;floor=5.15 peak=12.12;MANAGE_PROFIT;SAFE;1;1;1;-1;-1;4392.41;11.40;11.40;12.12;-2.85;KELLY_LITE;true;0.04;213099.83;0.0417;KELLY_LITE(mult=0.80 taper=1.00 n=8)+HARD_RISK_CAP(2.0%)+MAXLOSS_CAP;213099.83;213111.23;36;0
2026.08.13 12:29:57;XAUUSD;5;1786608140;PROFIT_RATCHET_LOCKED;floor=5.15 peak=12.12;MANAGE_PROFIT;SAFE;1;1;1;-1;-1;4392.41;11.43;11.43;12.12;-2.85;KELLY_LITE;true;0.04;213099.83;0.0417;KELLY_LITE(mult=0.80 taper=1.00 n=8)+HARD_RISK_CAP(2.0%)+MAXLOSS_CAP;213099.83;213111.26;36;0
2026.08.13 12:29:57;XAUUSD;5;1786608140;PROFIT_RATCHET_LOCKED;floor=5.15 peak=12.12;MANAGE_PROFIT;SAFE;1;1;1;-1;-1;4392.41;11.40;11.40;12.12;-2.85;KELLY_LITE;true;0.04;213099.83;0.0417;KELLY_LITE(mult=0.80 taper=1.00 n=8)+HARD_RISK_CAP(2.0%)+MAXLOSS_CAP;213099.83;213111.23;36;0
2026.08.13 12:29:57;XAUUSD;5;1786608140;PROFIT_RATCHET_LOCKED;floor=5.15 peak=12.12;MANAGE_PROFIT;SAFE;1;1;1;-1;-1;4392.41;11.22;11.22;12.12;-2.85;KELLY_LITE;true;0.04;213099.83;0.0417;KELLY_LITE(mult=0.80 taper=1.00 n=8)+HARD_RISK_CAP(2.0%)+MAXLOSS_CAP;213099.83;213111.05;36;0
2026.08.13 12:29:58;XAUUSD;5;1786608140;PROFIT_RATCHET_LOCKED;floor=5.15 peak=12.12;MANAGE_PROFIT;SAFE;1;1;1;-1;-1;4392.41;11.25;11.25;12.12;-2.85;KELLY_LITE;true;0.04;213099.83;0.0417;KELLY_LITE(mult=0.80 taper=1.00 n=8)+HARD_RISK_CAP(2.0%)+MAXLOSS_CAP;213099.83;213111.08;36;0
2026.08.13 12:29:59;XAUUSD;5;1786608140;PROFIT_RATCHET_LOCKED;floor=5.15 peak=12.12;MANAGE_PROFIT;SAFE;1;1;1;-1;-1;4392.41;11.28;11.28;12.12;-2.85;KELLY_LITE;true;0.04;213099.83;0.0417;KELLY_LITE(mult=0.80 taper=1.00 n=8)+HARD_RISK_CAP(2.0%)+MAXLOSS_CAP;213099.83;213111.11;36;0
2026.08.13 12:29:59;XAUUSD;5;1786608140;PROFIT_RATCHET_LOCKED;floor=5.15 peak=12.12;MANAGE_PROFIT;SAFE;1;1;1;-1;-1;4392.41;11.70;11.70;12.12;-2.85;KELLY_LITE;true;0.04;213099.83;0.0417;KELLY_LITE(mult=0.80 taper=1.00 n=8)+HARD_RISK_CAP(2.0%)+MAXLOSS_CAP;213099.83;213111.53;33;0
2026.08.13 12:30:00;XAUUSD;5;1786608140;SL_MODIFIED;ticket=119290898 oldSL=4388.95 newSL=4388.88 reason=break_even_lock_leg_0;MANAGE_PROFIT;SAFE;1;1;1;-1;-1;4392.41;12.09;12.09;12.15;-2.85;KELLY_LITE;true;0.04;213099.83;0.0417;KELLY_LITE(mult=0.80 taper=1.00 n=8)+HARD_RISK_CAP(2.0%)+MAXLOSS_CAP;213099.83;213111.92;36;0
2026.08.13 12:30:00;XAUUSD;5;1786608140;PROFIT_RATCHET_LOCKED;floor=5.16 peak=12.15;MANAGE_PROFIT;SAFE;1;1;1;-1;-1;4392.41;12.09;12.09;12.15;-2.85;KELLY_LITE;true;0.04;213099.83;0.0417;KELLY_LITE(mult=0.80 taper=1.00 n=8)+HARD_RISK_CAP(2.0%)+MAXLOSS_CAP;213099.83;213111.92;36;0
2026.08.13 12:30:00;XAUUSD;5;1786608140;PROFIT_RATCHET_LOCKED;floor=5.16 peak=12.15;MANAGE_PROFIT;SAFE;1;1;1;-1;-1;4392.41;12.09;12.09;12.15;-2.85;KELLY_LITE;true;0.04;213099.83;0.0417;KELLY_LITE(mult=0.80 taper=1.00 n=8)+HARD_RISK_CAP(2.0%)+MAXLOSS_CAP;213099.83;213111.92;36;0
2026.08.13 12:30:00;XAUUSD;5;1786608140;PROFIT_RATCHET_LOCKED;floor=5.16 peak=12.15;MANAGE_PROFIT;SAFE;1;1;1;-1;-1;4392.41;11.82;11.82;12.15;-2.85;KELLY_LITE;true;0.04;213099.83;0.0417;KELLY_LITE(mult=0.80 taper=1.00 n=8)+HARD_RISK_CAP(2.0%)+MAXLOSS_CAP;213099.83;213111.65;36;0
2026.08.13 12:30:00;XAUUSD;5;1786608140;PROFIT_RATCHET_LOCKED;floor=5.16 peak=12.15;MANAGE_PROFIT;SAFE;1;1;1;-1;-1;4392.41;11.49;11.49;12.15;-2.85;KELLY_LITE;true;0.04;213099.83;0.0417;KELLY_LITE(mult=0.80 taper=1.00 n=8)+HARD_RISK_CAP(2.0%)+MAXLOSS_CAP;213099.83;213111.32;36;0
2026.08.13 12:30:00;XAUUSD;5;1786608140;PROFIT_RATCHET_LOCKED;floor=5.16 peak=12.15;MANAGE_PROFIT;SAFE;1;1;1;-1;-1;4392.41;11.94;11.94;12.15;-2.85;KELLY_LITE;true;0.04;213099.83;0.0417;KELLY_LITE(mult=0.80 taper=1.00 n=8)+HARD_RISK_CAP(2.0%)+MAXLOSS_CAP;213099.83;213111.77;36;0
2026.08.13 12:30:01;XAUUSD;5;1786608140;PROFIT_RATCHET_LOCKED;floor=5.16 peak=12.15;MANAGE_PROFIT;SAFE;1;1;1;-1;-1;4392.41;11.79;11.79;12.15;-2.85;KELLY_LITE;true;0.04;213099.83;0.0417;KELLY_LITE(mult=0.80 taper=1.00 n=8)+HARD_RISK_CAP(2.0%)+MAXLOSS_CAP;213099.83;213111.62;36;0
2026.08.13 12:30:01;XAUUSD;5;1786608140;PROFIT_RATCHET_LOCKED;floor=5.16 peak=12.15;MANAGE_PROFIT;SAFE;1;1;1;-1;-1;4392.41;11.28;11.28;12.15;-2.85;KELLY_LITE;true;0.04;213099.83;0.0417;KELLY_LITE(mult=0.80 taper=1.00 n=8)+HARD_RISK_CAP(2.0%)+MAXLOSS_CAP;213099.83;213111.11;36;0
2026.08.13 12:30:01;XAUUSD;5;1786608140;PROFIT_RATCHET_LOCKED;floor=5.16 peak=12.15;MANAGE_PROFIT;SAFE;1;1;1;-1;-1;4392.41;11.49;11.49;12.15;-2.85;KELLY_LITE;true;0.04;213099.83;0.0417;KELLY_LITE(mult=0.80 taper=1.00 n=8)+HARD_RISK_CAP(2.0%)+MAXLOSS_CAP;213099.83;213111.32;36;0
2026.08.13 12:30:01;XAUUSD;5;1786608140;PROFIT_RATCHET_LOCKED;floor=5.16 peak=12.15;MANAGE_PROFIT;SAFE;1;1;1;-1;-1;4392.41;11.46;11.46;12.15;-2.85;KELLY_LITE;true;0.04;213099.83;0.0417;KELLY_LITE(mult=0.80 taper=1.00 n=8)+HARD_RISK_CAP(2.0%)+MAXLOSS_CAP;213099.83;213111.29;36;0
2026.08.13 12:30:01;XAUUSD;5;1786608140;PROFIT_RATCHET_LOCKED;floor=5.16 peak=12.15;MANAGE_PROFIT;SAFE;1;1;1;-1;-1;4392.41;10.83;10.83;12.15;-2.85;KELLY_LITE;true;0.04;213099.83;0.0417;KELLY_LITE(mult=0.80 taper=1.00 n=8)+HARD_RISK_CAP(2.0%)+MAXLOSS_CAP;213099.83;213110.66;37;0
2026.08.13 12:30:02;XAUUSD;5;1786608140;PROFIT_RATCHET_LOCKED;floor=5.16 peak=12.15;MANAGE_PROFIT;SAFE;1;1;1;-1;-1;4392.41;11.07;11.07;12.15;-2.85;KELLY_LITE;true;0.04;213099.83;0.0417;KELLY_LITE(mult=0.80 taper=1.00 n=8)+HARD_RISK_CAP(2.0%)+MAXLOSS_CAP;213099.83;213110.90;36;0
2026.08.13 12:30:02;XAUUSD;5;1786608140;PROFIT_RATCHET_LOCKED;floor=5.16 peak=12.15;MANAGE_PROFIT;SAFE;1;1;1;-1;-1;4392.41;11.10;11.10;12.15;-2.85;KELLY_LITE;true;0.04;213099.83;0.0417;KELLY_LITE(mult=0.80 taper=1.00 n=8)+HARD_RISK_CAP(2.0%)+MAXLOSS_CAP;213099.83;213110.93;36;0
2026.08.13 12:30:02;XAUUSD;5;1786608140;PROFIT_RATCHET_LOCKED;floor=5.16 peak=12.15;MANAGE_PROFIT;SAFE;1;1;1;-1;-1;4392.41;11.07;11.07;12.15;-2.85;KELLY_LITE;true;0.04;213099.83;0.0417;KELLY_LITE(mult=0.80 taper=1.00 n=8)+HARD_RISK_CAP(2.0%)+MAXLOSS_CAP;213099.83;213110.90;36;0
2026.08.13 12:30:03;XAUUSD;5;1786608140;PROFIT_RATCHET_LOCKED;floor=5.16 peak=12.15;MANAGE_PROFIT;SAFE;1;1;1;-1;-1;4392.41;10.74;10.74;12.15;-2.85;KELLY_LITE;true;0.04;213099.83;0.0417;KELLY_LITE(mult=0.80 taper=1.00 n=8)+HARD_RISK_CAP(2.0%)+MAXLOSS_CAP;213099.83;213110.57;36;0
2026.08.13 12:30:03;XAUUSD;5;1786608140;PROFIT_RATCHET_LOCKED;floor=5.16 peak=12.15;MANAGE_PROFIT;SAFE;1;1;1;-1;-1;4392.41;10.86;10.86;12.15;-2.85;KELLY_LITE;true;0.04;213099.83;0.0417;KELLY_LITE(mult=0.80 taper=1.00 n=8)+HARD_RISK_CAP(2.0%)+MAXLOSS_CAP;213099.83;213110.69;37;0
2026.08.13 12:30:03;XAUUSD;5;1786608140;PROFIT_RATCHET_LOCKED;floor=5.16 peak=12.15;MANAGE_PROFIT;SAFE;1;1;1;-1;-1;4392.41;10.86;10.86;12.15;-2.85;KELLY_LITE;true;0.04;213099.83;0.0417;KELLY_LITE(mult=0.80 taper=1.00 n=8)+HARD_RISK_CAP(2.0%)+MAXLOSS_CAP;213099.83;213110.69;36;0
2026.08.13 12:30:03;XAUUSD;5;1786608140;PROFIT_RATCHET_LOCKED;floor=5.16 peak=12.15;MANAGE_PROFIT;SAFE;1;1;1;-1;-1;4392.41;10.83;10.83;12.15;-2.85;KELLY_LITE;true;0.04;213099.83;0.0417;KELLY_LITE(mult=0.80 taper=1.00 n=8)+HARD_RISK_CAP(2.0%)+MAXLOSS_CAP;213099.83;213110.66;36;0
2026.08.13 12:30:03;XAUUSD;5;1786608140;PROFIT_RATCHET_LOCKED;floor=5.16 peak=12.15;MANAGE_PROFIT;SAFE;1;1;1;-1;-1;4392.41;11.13;11.13;12.15;-2.85;KELLY_LITE;true;0.04;213099.83;0.0417;KELLY_LITE(mult=0.80 taper=1.00 n=8)+HARD_RISK_CAP(2.0%)+MAXLOSS_CAP;213099.83;213110.96;36;0
2026.08.13 12:30:04;XAUUSD;5;1786608140;PROFIT_RATCHET_LOCKED;floor=5.16 peak=12.15;MANAGE_PROFIT;SAFE;1;1;1;-1;-1;4392.41;11.19;11.19;12.15;-2.85;KELLY_LITE;true;0.04;213099.83;0.0417;KELLY_LITE(mult=0.80 taper=1.00 n=8)+HARD_RISK_CAP(2.0%)+MAXLOSS_CAP;213099.83;213111.02;36;0
2026.08.13 12:30:05;XAUUSD;5;1786608140;PROFIT_RATCHET_LOCKED;floor=5.16 peak=12.15;MANAGE_PROFIT;SAFE;1;1;1;-1;-1;4392.41;10.77;10.77;12.15;-2.85;KELLY_LITE;true;0.04;213099.83;0.0417;KELLY_LITE(mult=0.80 taper=1.00 n=8)+HARD_RISK_CAP(2.0%)+MAXLOSS_CAP;213099.83;213110.60;36;0
2026.08.13 12:30:05;XAUUSD;5;1786608140;PROFIT_RATCHET_LOCKED;floor=5.16 peak=12.15;MANAGE_PROFIT;SAFE;1;1;1;-1;-1;4392.41;10.80;10.80;12.15;-2.85;KELLY_LITE;true;0.04;213099.83;0.0417;KELLY_LITE(mult=0.80 taper=1.00 n=8)+HARD_RISK_CAP(2.0%)+MAXLOSS_CAP;213099.83;213110.63;33;0
2026.08.13 12:30:05;XAUUSD;5;1786608140;EXIT_TIERED_TRAIL;profit=10.62 peak=12.15 allowedRetrace=1.46;MANAGE_PROFIT;SAFE;1;1;1;-1;-1;4392.41;10.62;10.62;12.15;-2.85;KELLY_LITE;true;0.04;213099.83;0.0417;KELLY_LITE(mult=0.80 taper=1.00 n=8)+HARD_RISK_CAP(2.0%)+MAXLOSS_CAP;213099.83;213110.45;36;0
2026.08.13 12:30:06;XAUUSD;5;1786608140;PENDING_DELETED;ticket=119291202 reason=close_all_hedge;MANAGE_PROFIT;SAFE;0;0;0;-1;-1;4392.41;0.00;0.00;12.15;-2.85;KELLY_LITE;true;0.04;213099.83;0.0417;KELLY_LITE(mult=0.80 taper=1.00 n=8)+HARD_RISK_CAP(2.0%)+MAXLOSS_CAP;213110.42;213110.42;36;0
2026.08.13 12:30:06;XAUUSD;5;1786608140;TRADELOG_RECOVER_CLOSE;ticket=119290898 type=main pnl=10.59;RESET;SAFE;0;0;0;-1;-1;4392.41;0.00;0.00;12.15;-2.85;KELLY_LITE;true;0.04;213099.83;0.0417;KELLY_LITE(mult=0.80 taper=1.00 n=8)+HARD_RISK_CAP(2.0%)+MAXLOSS_CAP;213110.42;213110.42;36;0
2026.08.13 12:30:06;XAUUSD;5;1786608140;CYCLE_RESET;oldState=RESET realizedPnL=10.59 peak=12.15 worst=-2.85 pyramid=0 consLosses=0;RESET;SAFE;0;0;0;-1;-1;4392.41;0.00;0.00;12.15;-2.85;KELLY_LITE;true;0.04;213099.83;0.0417;KELLY_LITE(mult=0.80 taper=1.00 n=8)+HARD_RISK_CAP(2.0%)+MAXLOSS_CAP;213110.42;213110.42;36;0
2026.08.13 12:35:06;XAUUSD;5;1786608141;PLACE_PENDING_START;cycle=1786608141 trend=1 consecLosses=0 preset=AGGRESSIVE;PLACE_PENDING;SAFE;0;0;0;-1;-1;0.00;0.00;0.00;0.00;0.00;KELLY_LITE;true;0.04;213099.83;0.0417;KELLY_LITE(mult=0.80 taper=1.00 n=8)+HARD_RISK_CAP(2.0%)+MAXLOSS_CAP;213110.42;213110.42;36;0
2026.08.13 12:35:06;XAUUSD;5;1786608141;DIR_OCO_PLACED;dir=BULL ticket=119293811 price=4389.92 sl=4374.92 tp=4412.42 lot=0.04 dist=1.50;PLACE_PENDING;SAFE;0;1;0;119293811;-1;0.00;0.00;0.00;0.00;0.00;KELLY_LITE;true;0.04;213110.42;0.0417;KELLY_LITE(mult=0.85 taper=1.00 n=9)+HARD_RISK_CAP(2.0%)+MAXLOSS_CAP;213110.42;213110.42;36;0
2026.08.13 12:35:06;XAUUSD;5;1786608141;DIR_OCO_COUNTER_PLACED;dir=BEAR(counter) ticket=119293813 price=4386.54 lot=0.03;PLACE_PENDING;SAFE;0;2;0;119293811;119293813;0.00;0.00;0.00;0.00;0.00;KELLY_LITE;true;0.04;213110.42;0.0417;KELLY_LITE(mult=0.85 taper=1.00 n=9)+HARD_RISK_CAP(2.0%)+MAXLOSS_CAP;213110.42;213110.42;36;0
2026.08.13 12:35:09;XAUUSD;5;1786608141;SELL_STOP_TRAILED;Old=4386.54 New=4386.91;WAIT_TRIGGER;SAFE;0;2;0;119293811;119293813;0.00;0.00;0.00;0.00;0.00;KELLY_LITE;true;0.04;213110.42;0.0417;KELLY_LITE(mult=0.85 taper=1.00 n=9)+HARD_RISK_CAP(2.0%)+MAXLOSS_CAP;213110.42;213110.42;36;0
2026.08.13 12:35:20;XAUUSD;5;1786608141;SELL_STOP_TRAILED;Old=4386.91 New=4387.22;WAIT_TRIGGER;SAFE;0;2;0;119293811;119293813;0.00;0.00;0.00;0.00;0.00;KELLY_LITE;true;0.04;213110.42;0.0417;KELLY_LITE(mult=0.85 taper=1.00 n=9)+HARD_RISK_CAP(2.0%)+MAXLOSS_CAP;213110.42;213110.42;36;0
2026.08.13 12:35:26;XAUUSD;5;1786608141;SELL_STOP_TRAILED;Old=4387.22 New=4387.54;WAIT_TRIGGER;SAFE;1;1;0;119293811;119293813;0.00;0.04;-1.40;0.00;0.00;KELLY_LITE;true;0.04;213110.42;0.0417;KELLY_LITE(mult=0.85 taper=1.00 n=9)+HARD_RISK_CAP(2.0%)+MAXLOSS_CAP;213110.42;213110.46;36;0
2026.08.13 12:35:26;XAUUSD;5;1786608141;OCO_TRIGGERED_BUY;ticket=119293811 entry=4389.92;POSITION_ACTIVE;SAFE;1;1;0;-1;119293813;0.00;0.04;-1.40;0.00;0.00;KELLY_LITE;true;0.04;213110.42;0.0417;KELLY_LITE(mult=0.85 taper=1.00 n=9)+HARD_RISK_CAP(2.0%)+MAXLOSS_CAP;213110.42;213110.46;36;0
2026.08.13 12:35:26;XAUUSD;5;1786608141;PENDING_DELETED;ticket=119293813 reason=oco_buy_triggered;POSITION_ACTIVE;SAFE;1;0;0;-1;119293813;0.00;-1.24;-1.24;0.00;0.00;KELLY_LITE;true;0.04;213110.42;0.0417;KELLY_LITE(mult=0.85 taper=1.00 n=9)+HARD_RISK_CAP(2.0%)+MAXLOSS_CAP;213110.42;213109.18;36;0
2026.08.13 12:35:27;XAUUSD;5;1786608141;HEDGE_PENDING_PLACED;dir=SELL_STOP ticket=119293887 price=4386.61 sl=4389.61 lot=0.05 mainEntry=4389.92 dist=3.00 confirmBars=1;POSITION_ACTIVE;SAFE;1;1;1;-1;-1;4389.92;-1.20;-1.20;0.00;-1.24;KELLY_LITE;true;0.04;213110.42;0.0417;KELLY_LITE(mult=0.85 taper=1.00 n=9)+HARD_RISK_CAP(2.0%)+MAXLOSS_CAP;213110.42;213109.22;36;0
2026.08.13 12:41:19;XAUUSD;5;1786608141;SL_MODIFIED;ticket=119293887 oldSL=4389.61 newSL=4386.59 reason=hedge_giveback_lock;MANAGE_PROFIT;SAFE;2;0;1;-1;-1;4389.92;-14.10;2.90;0.00;-14.98;KELLY_LITE;true;0.04;213110.42;0.0417;KELLY_LITE(mult=0.85 taper=1.00 n=9)+HARD_RISK_CAP(2.0%)+MAXLOSS_CAP;213110.42;213096.32;36;0
2026.08.13 12:41:20;XAUUSD;5;1786608141;SL_MODIFY_FAILED;ticket=119293887 newSL=4386.55 reason=hedge_giveback_lock err=0;MANAGE_PROFIT;SAFE;2;0;1;-1;-1;4389.92;-14.21;2.35;0.00;-14.98;KELLY_LITE;true;0.04;213110.42;0.0417;KELLY_LITE(mult=0.85 taper=1.00 n=9)+HARD_RISK_CAP(2.0%)+MAXLOSS_CAP;213110.42;213096.21;36;0
2026.08.13 12:41:22;XAUUSD;5;1786608141;SL_MODIFIED;ticket=119293887 oldSL=4386.59 newSL=4386.49 reason=hedge_giveback_lock;MANAGE_PROFIT;SAFE;2;0;1;-1;-1;4389.92;-14.03;3.25;0.00;-14.98;KELLY_LITE;true;0.04;213110.42;0.0417;KELLY_LITE(mult=0.85 taper=1.00 n=9)+HARD_RISK_CAP(2.0%)+MAXLOSS_CAP;213110.42;213096.39;36;0
2026.08.13 12:41:23;XAUUSD;5;1786608141;SL_MODIFIED;ticket=119293887 oldSL=4386.49 newSL=4386.44 reason=hedge_giveback_lock (retry buf=3pt);MANAGE_PROFIT;SAFE;2;0;1;-1;-1;4389.92;-13.90;3.90;0.00;-14.98;KELLY_LITE;true;0.04;213110.42;0.0417;KELLY_LITE(mult=0.85 taper=1.00 n=9)+HARD_RISK_CAP(2.0%)+MAXLOSS_CAP;213110.42;213096.52;36;0
2026.08.13 12:41:24;XAUUSD;5;1786608141;SL_MODIFIED;ticket=119293887 oldSL=4386.44 newSL=4386.43 reason=hedge_giveback_lock (retry buf=3pt);MANAGE_PROFIT;SAFE;2;0;1;-1;-1;4389.92;-13.90;3.90;0.00;-14.98;KELLY_LITE;true;0.04;213110.42;0.0417;KELLY_LITE(mult=0.85 taper=1.00 n=9)+HARD_RISK_CAP(2.0%)+MAXLOSS_CAP;213110.42;213096.52;36;0
2026.08.13 12:41:25;XAUUSD;5;1786608141;SL_MODIFIED;ticket=119293887 oldSL=4386.43 newSL=4386.35 reason=hedge_giveback_lock;MANAGE_PROFIT;SAFE;2;0;1;-1;-1;4389.92;-13.89;3.95;0.00;-14.98;KELLY_LITE;true;0.04;213110.42;0.0417;KELLY_LITE(mult=0.85 taper=1.00 n=9)+HARD_RISK_CAP(2.0%)+MAXLOSS_CAP;213110.42;213096.53;36;0
2026.08.13 12:41:27;XAUUSD;5;1786608141;SL_MODIFIED;ticket=119293887 oldSL=4386.35 newSL=4386.33 reason=hedge_giveback_lock;MANAGE_PROFIT;SAFE;2;0;1;-1;-1;4389.92;-13.90;3.90;0.00;-14.98;KELLY_LITE;true;0.04;213110.42;0.0417;KELLY_LITE(mult=0.85 taper=1.00 n=9)+HARD_RISK_CAP(2.0%)+MAXLOSS_CAP;213110.42;213096.52;36;0
2026.08.13 12:41:27;XAUUSD;5;1786608141;SL_MODIFIED;ticket=119293887 oldSL=4386.33 newSL=4386.25 reason=hedge_giveback_lock;MANAGE_PROFIT;SAFE;2;0;1;-1;-1;4389.92;-13.82;4.30;0.00;-14.98;KELLY_LITE;true;0.04;213110.42;0.0417;KELLY_LITE(mult=0.85 taper=1.00 n=9)+HARD_RISK_CAP(2.0%)+MAXLOSS_CAP;213110.42;213096.60;36;0
2026.08.13 12:41:31;XAUUSD;5;1786608141;SL_MODIFIED;ticket=119293887 oldSL=4386.25 newSL=4386.23 reason=hedge_giveback_lock;MANAGE_PROFIT;SAFE;2;0;1;-1;-1;4389.92;-13.70;4.90;0.00;-14.98;KELLY_LITE;true;0.04;213110.42;0.0417;KELLY_LITE(mult=0.85 taper=1.00 n=9)+HARD_RISK_CAP(2.0%)+MAXLOSS_CAP;213110.42;213096.72;36;0
2026.08.13 12:41:32;XAUUSD;5;1786608141;SL_MODIFIED;ticket=119293887 oldSL=4386.23 newSL=4386.15 reason=hedge_giveback_lock;MANAGE_PROFIT;SAFE;2;0;1;-1;-1;4389.92;-13.70;4.90;0.00;-14.98;KELLY_LITE;true;0.04;213110.42;0.0417;KELLY_LITE(mult=0.85 taper=1.00 n=9)+HARD_RISK_CAP(2.0%)+MAXLOSS_CAP;213110.42;213096.72;36;0
2026.08.13 12:41:36;XAUUSD;5;1786608141;SL_MODIFIED;ticket=119293887 oldSL=4386.15 newSL=4386.03 reason=hedge_giveback_lock;MANAGE_PROFIT;SAFE;2;0;1;-1;-1;4389.92;-13.36;6.00;0.00;-14.98;KELLY_LITE;true;0.04;213110.42;0.0417;KELLY_LITE(mult=0.85 taper=1.00 n=9)+HARD_RISK_CAP(2.0%)+MAXLOSS_CAP;213110.42;213097.06;33;0
2026.08.13 12:41:37;XAUUSD;5;1786608141;SL_MODIFY_FAILED;ticket=119293887 newSL=4385.93 reason=hedge_giveback_lock err=0;MANAGE_PROFIT;SAFE;2;0;1;-1;-1;4389.92;-13.55;5.05;0.00;-14.98;KELLY_LITE;true;0.04;213110.42;0.0417;KELLY_LITE(mult=0.85 taper=1.00 n=9)+HARD_RISK_CAP(2.0%)+MAXLOSS_CAP;213110.42;213096.87;33;0
2026.08.13 12:41:41;XAUUSD;5;1786608141;RECONCILED_BROKER_CLOSE;ticket=119293887 type=hedge pnl=2.90;MANAGE_PROFIT;SAFE;1;0;1;-1;-1;4389.92;-16.92;-16.92;0.00;-14.98;KELLY_LITE;true;0.04;213110.42;0.0417;KELLY_LITE(mult=0.85 taper=1.00 n=9)+HARD_RISK_CAP(2.0%)+MAXLOSS_CAP;213113.32;213096.40;37;0
2026.08.13 12:41:41;XAUUSD;5;1786608141;RECONCILED_BROKER_CLOSE;ticket=119293887 type=hedge pnl=2.90;MANAGE_PROFIT;SAFE;1;0;1;-1;-1;4389.92;-16.92;-16.92;0.00;-14.98;KELLY_LITE;true;0.04;213110.42;0.0417;KELLY_LITE(mult=0.85 taper=1.00 n=9)+HARD_RISK_CAP(2.0%)+MAXLOSS_CAP;213113.32;213096.40;37;0
2026.08.13 12:43:26;XAUUSD;5;1786608141;EXIT_TIME_LOSS_CONFIRMED;held=8 profit=-21.72 rsi=45.8;MANAGE_PROFIT;WATCH;1;0;1;-1;-1;4389.92;-21.72;-21.72;0.00;-25.20;KELLY_LITE;true;0.04;213110.42;0.0417;KELLY_LITE(mult=0.85 taper=1.00 n=9)+HARD_RISK_CAP(2.0%)+MAXLOSS_CAP;213113.32;213091.60;36;0
2026.08.13 12:43:26;XAUUSD;5;1786608141;POSITION_CLOSED;ticket=119293811 reason=time_loss_exit_confirmed lots=0.04 price=4384.49 pnl=-21.72;MANAGE_PROFIT;WATCH;0;0;1;-1;-1;4389.92;0.00;0.00;0.00;-25.20;KELLY_LITE;true;0.04;213110.42;0.0417;KELLY_LITE(mult=0.85 taper=1.00 n=9)+HARD_RISK_CAP(2.0%)+MAXLOSS_CAP;213091.64;213091.64;36;0
2026.08.13 12:43:26;XAUUSD;5;1786608141;LOSS_COOLDOWN_AFTER_LOSS;cyclePnL=-18.78 pauseUntil=2026.08.13 12:48:26;RESET;WATCH;0;0;0;-1;-1;4389.92;0.00;0.00;0.00;-25.20;KELLY_LITE;true;0.04;213110.42;0.0417;KELLY_LITE(mult=0.85 taper=1.00 n=9)+HARD_RISK_CAP(2.0%)+MAXLOSS_CAP;213091.64;213091.64;36;0
2026.08.13 12:43:26;XAUUSD;5;1786608141;CYCLE_RESET;oldState=RESET realizedPnL=-18.78 peak=0.00 worst=-25.20 pyramid=0 consLosses=1;RESET;WATCH;0;0;0;-1;-1;4389.92;0.00;0.00;0.00;-25.20;KELLY_LITE;true;0.04;213110.42;0.0417;KELLY_LITE(mult=0.85 taper=1.00 n=9)+HARD_RISK_CAP(2.0%)+MAXLOSS_CAP;213091.64;213091.64;36;0
2026.08.13 12:48:26;XAUUSD;5;1786608142;PLACE_PENDING_START;cycle=1786608142 trend=1 consecLosses=1 preset=AGGRESSIVE;PLACE_PENDING;SAFE;0;0;0;-1;-1;0.00;0.00;0.00;0.00;0.00;KELLY_LITE;true;0.04;213110.42;0.0417;KELLY_LITE(mult=0.85 taper=1.00 n=9)+HARD_RISK_CAP(2.0%)+MAXLOSS_CAP;213091.64;213091.64;36;0
2026.08.13 12:48:26;XAUUSD;5;1786608142;DIR_OCO_PLACED;dir=BULL ticket=119296353 price=4385.12 sl=4370.12 tp=4407.62 lot=0.04 dist=1.50;PLACE_PENDING;SAFE;0;1;0;119296353;-1;0.00;0.00;0.00;0.00;0.00;KELLY_LITE;true;0.04;213091.64;0.0417;KELLY_LITE(mult=0.80 taper=1.00 n=10)+HARD_RISK_CAP(2.0%)+MAXLOSS_CAP;213091.64;213091.64;36;0
2026.08.13 12:48:27;XAUUSD;5;1786608142;DIR_OCO_COUNTER_PLACED;dir=BEAR(counter) ticket=119296356 price=4381.78 lot=0.03;PLACE_PENDING;SAFE;0;2;0;119296353;119296356;0.00;0.00;0.00;0.00;0.00;KELLY_LITE;true;0.04;213091.64;0.0417;KELLY_LITE(mult=0.80 taper=1.00 n=10)+HARD_RISK_CAP(2.0%)+MAXLOSS_CAP;213091.64;213091.64;36;0
2026.08.13 12:49:01;XAUUSD;5;1786608142;SELL_STOP_TRAILED;Old=4381.78 New=4382.10;WAIT_TRIGGER;SAFE;0;2;0;119296353;119296356;0.00;0.00;0.00;0.00;0.00;KELLY_LITE;true;0.04;213091.64;0.0417;KELLY_LITE(mult=0.80 taper=1.00 n=10)+HARD_RISK_CAP(2.0%)+MAXLOSS_CAP;213091.64;213091.64;36;0
2026.08.13 12:49:12;XAUUSD;5;1786608142;SELL_STOP_TRAILED;Old=4382.10 New=4382.46;WAIT_TRIGGER;SAFE;0;2;0;119296353;119296356;0.00;0.00;0.00;0.00;0.00;KELLY_LITE;true;0.04;213091.64;0.0417;KELLY_LITE(mult=0.80 taper=1.00 n=10)+HARD_RISK_CAP(2.0%)+MAXLOSS_CAP;213091.64;213091.64;34;0
2026.08.13 12:49:13;XAUUSD;5;1786608142;SELL_STOP_TRAILED;Old=4382.46 New=4382.81;WAIT_TRIGGER;SAFE;0;2;0;119296353;119296356;0.00;0.00;0.00;0.00;0.00;KELLY_LITE;true;0.04;213091.64;0.0417;KELLY_LITE(mult=0.80 taper=1.00 n=10)+HARD_RISK_CAP(2.0%)+MAXLOSS_CAP;213091.64;213091.64;36;0
2026.08.13 12:49:35;XAUUSD;5;1786608142;SELL_STOP_TRAILED;Old=4382.81 New=4383.13;WAIT_TRIGGER;SAFE;0;2;0;119296353;119296356;0.00;0.00;0.00;0.00;0.00;KELLY_LITE;true;0.04;213091.64;0.0417;KELLY_LITE(mult=0.80 taper=1.00 n=10)+HARD_RISK_CAP(2.0%)+MAXLOSS_CAP;213091.64;213091.64;36;0
2026.08.13 12:49:39;XAUUSD;5;1786608142;OCO_TRIGGERED_BUY;ticket=119296353 entry=4385.12;POSITION_ACTIVE;SAFE;1;1;0;-1;119296356;0.00;-1.40;-1.40;0.00;0.00;KELLY_LITE;true;0.04;213091.64;0.0417;KELLY_LITE(mult=0.80 taper=1.00 n=10)+HARD_RISK_CAP(2.0%)+MAXLOSS_CAP;213091.64;213090.24;35;0
2026.08.13 12:49:39;XAUUSD;5;1786608142;PENDING_DELETED;ticket=119296356 reason=oco_buy_triggered;POSITION_ACTIVE;SAFE;1;0;0;-1;119296356;0.00;-1.20;-1.20;0.00;0.00;KELLY_LITE;true;0.04;213091.64;0.0417;KELLY_LITE(mult=0.80 taper=1.00 n=10)+HARD_RISK_CAP(2.0%)+MAXLOSS_CAP;213091.64;213090.44;36;0
2026.08.13 12:49:39;XAUUSD;5;1786608142;HEDGE_PENDING_PLACED;dir=SELL_STOP ticket=119296561 price=4381.82 sl=4384.82 lot=0.05 mainEntry=4385.12 dist=3.00 confirmBars=1;POSITION_ACTIVE;SAFE;1;1;1;-1;-1;4385.12;-1.16;-1.16;0.00;-1.20;KELLY_LITE;true;0.04;213091.64;0.0417;KELLY_LITE(mult=0.80 taper=1.00 n=10)+HARD_RISK_CAP(2.0%)+MAXLOSS_CAP;213091.64;213090.48;36;0
2026.08.13 12:58:31;XAUUSD;5;1786608142;SL_MODIFIED;ticket=119296353 oldSL=4370.12 newSL=4386.61 reason=break_even_lock_leg_0;MANAGE_PROFIT;SAFE;1;1;1;-1;-1;4385.12;10.92;10.92;8.04;-9.52;KELLY_LITE;true;0.04;213091.64;0.0417;KELLY_LITE(mult=0.80 taper=1.00 n=10)+HARD_RISK_CAP(2.0%)+MAXLOSS_CAP;213091.64;213102.56;36;0
2026.08.13 12:58:31;XAUUSD;5;1786608142;PROFIT_RATCHET_LOCKED;floor=2.71 peak=8.04;MANAGE_PROFIT;SAFE;1;1;1;-1;-1;4385.12;10.92;10.92;8.04;-9.52;KELLY_LITE;true;0.04;213091.64;0.0417;KELLY_LITE(mult=0.80 taper=1.00 n=10)+HARD_RISK_CAP(2.0%)+MAXLOSS_CAP;213091.64;213102.56;36;0
2026.08.13 12:58:32;XAUUSD;5;1786608142;SL_MODIFIED;ticket=119296353 oldSL=4386.61 newSL=4387.33 reason=break_even_lock_leg_0;MANAGE_PROFIT;SAFE;1;1;1;-1;-1;4385.12;9.76;9.76;10.92;-9.52;KELLY_LITE;true;0.04;213091.64;0.0417;KELLY_LITE(mult=0.80 taper=1.00 n=10)+HARD_RISK_CAP(2.0%)+MAXLOSS_CAP;213091.64;213101.40;37;0
2026.08.13 12:58:32;XAUUSD;5;1786608142;PROFIT_RATCHET_LOCKED;floor=3.69 peak=10.92;MANAGE_PROFIT;SAFE;1;1;1;-1;-1;4385.12;9.76;9.76;10.92;-9.52;KELLY_LITE;true;0.04;213091.64;0.0417;KELLY_LITE(mult=0.80 taper=1.00 n=10)+HARD_RISK_CAP(2.0%)+MAXLOSS_CAP;213091.64;213101.40;37;0
2026.08.13 12:58:32;XAUUSD;5;1786608142;PROFIT_RATCHET_LOCKED;floor=3.69 peak=10.92;MANAGE_PROFIT;SAFE;1;1;1;-1;-1;4385.12;9.76;9.76;10.92;-9.52;KELLY_LITE;true;0.04;213091.64;0.0417;KELLY_LITE(mult=0.80 taper=1.00 n=10)+HARD_RISK_CAP(2.0%)+MAXLOSS_CAP;213091.64;213101.40;37;0
2026.08.13 12:58:32;XAUUSD;5;1786608142;EXIT_TIERED_TRAIL;profit=9.32 peak=10.92 allowedRetrace=1.31;MANAGE_PROFIT;SAFE;1;1;1;-1;-1;4385.12;9.32;9.32;10.92;-9.52;KELLY_LITE;true;0.04;213091.64;0.0417;KELLY_LITE(mult=0.80 taper=1.00 n=10)+HARD_RISK_CAP(2.0%)+MAXLOSS_CAP;213091.64;213100.96;36;0
2026.08.13 12:58:33;XAUUSD;5;1786608142;PENDING_DELETED;ticket=119296561 reason=close_all_hedge;MANAGE_PROFIT;SAFE;0;0;0;-1;-1;4385.12;0.00;0.00;10.92;-9.52;KELLY_LITE;true;0.04;213091.64;0.0417;KELLY_LITE(mult=0.80 taper=1.00 n=10)+HARD_RISK_CAP(2.0%)+MAXLOSS_CAP;213100.48;213100.48;36;0
2026.08.13 12:58:33;XAUUSD;5;1786608142;TRADELOG_RECOVER_CLOSE;ticket=119296353 type=main pnl=8.84;RESET;SAFE;0;0;0;-1;-1;4385.12;0.00;0.00;10.92;-9.52;KELLY_LITE;true;0.04;213091.64;0.0417;KELLY_LITE(mult=0.80 taper=1.00 n=10)+HARD_RISK_CAP(2.0%)+MAXLOSS_CAP;213100.48;213100.48;36;0
2026.08.13 12:58:33;XAUUSD;5;1786608142;CYCLE_RESET;oldState=RESET realizedPnL=8.84 peak=10.92 worst=-9.52 pyramid=0 consLosses=0;RESET;SAFE;0;0;0;-1;-1;4385.12;0.00;0.00;10.92;-9.52;KELLY_LITE;true;0.04;213091.64;0.0417;KELLY_LITE(mult=0.80 taper=1.00 n=10)+HARD_RISK_CAP(2.0%)+MAXLOSS_CAP;213100.48;213100.48;36;0
2026.08.13 13:03:33;XAUUSD;5;1786608142;FILTER_BLOCK_TREND_DISAGREE;TREND_DISAGREE (main=1 fast=-1 rsi=52.5, no extreme);BLOCKED;SAFE;0;0;0;-1;-1;0.00;0.00;0.00;0.00;0.00;KELLY_LITE;true;0.04;213091.64;0.0417;KELLY_LITE(mult=0.80 taper=1.00 n=10)+HARD_RISK_CAP(2.0%)+MAXLOSS_CAP;213100.48;213100.48;36;0
2026.08.13 13:08:33;XAUUSD;5;1786608142;FILTER_BLOCK_TREND_DISAGREE;TREND_DISAGREE (main=1 fast=-1 rsi=51.2, no extreme);BLOCKED;SAFE;0;0;0;-1;-1;0.00;0.00;0.00;0.00;0.00;KELLY_LITE;true;0.04;213091.64;0.0417;KELLY_LITE(mult=0.80 taper=1.00 n=10)+HARD_RISK_CAP(2.0%)+MAXLOSS_CAP;213100.48;213100.48;36;0
2026.08.13 13:13:33;XAUUSD;5;1786608143;PLACE_PENDING_START;cycle=1786608143 trend=1 consecLosses=0 preset=AGGRESSIVE;PLACE_PENDING;SAFE;0;0;0;-1;-1;0.00;0.00;0.00;0.00;0.00;KELLY_LITE;true;0.04;213091.64;0.0417;KELLY_LITE(mult=0.80 taper=1.00 n=10)+HARD_RISK_CAP(2.0%)+MAXLOSS_CAP;213100.48;213100.48;36;0
2026.08.13 13:13:33;XAUUSD;5;1786608143;DIR_OCO_PLACED;dir=BULL ticket=119301168 price=4390.33 sl=4375.33 tp=4412.83 lot=0.04 dist=1.50;PLACE_PENDING;SAFE;0;1;0;119301168;-1;0.00;0.00;0.00;0.00;0.00;KELLY_LITE;true;0.04;213100.48;0.0417;KELLY_LITE(mult=0.85 taper=1.00 n=11)+HARD_RISK_CAP(2.0%)+MAXLOSS_CAP;213100.48;213100.48;33;0
2026.08.13 13:13:34;XAUUSD;5;1786608143;DIR_OCO_COUNTER_PLACED;dir=BEAR(counter) ticket=119301172 price=4386.39 lot=0.03;PLACE_PENDING;SAFE;0;2;0;119301168;119301172;0.00;0.00;0.00;0.00;0.00;KELLY_LITE;true;0.04;213100.48;0.0417;KELLY_LITE(mult=0.85 taper=1.00 n=11)+HARD_RISK_CAP(2.0%)+MAXLOSS_CAP;213100.48;213100.48;33;0
2026.08.13 13:13:34;XAUUSD;5;1786608143;BUY_STOP_TRAILED;Old=4390.33 New=4389.95;WAIT_TRIGGER;SAFE;0;2;0;119301168;119301172;0.00;0.00;0.00;0.00;0.00;KELLY_LITE;true;0.04;213100.48;0.0417;KELLY_LITE(mult=0.85 taper=1.00 n=11)+HARD_RISK_CAP(2.0%)+MAXLOSS_CAP;213100.48;213100.48;34;0
2026.08.13 13:13:35;XAUUSD;5;1786608143;SELL_STOP_TRAILED;Old=4386.39 New=4386.87;WAIT_TRIGGER;SAFE;0;2;0;119301168;119301172;0.00;0.00;0.00;0.00;0.00;KELLY_LITE;true;0.04;213100.48;0.0417;KELLY_LITE(mult=0.85 taper=1.00 n=11)+HARD_RISK_CAP(2.0%)+MAXLOSS_CAP;213100.48;213100.48;36;0
2026.08.13 13:13:36;XAUUSD;5;1786608143;SELL_STOP_TRAILED;Old=4386.87 New=4387.34;WAIT_TRIGGER;SAFE;0;2;0;119301168;119301172;0.00;0.00;0.00;0.00;0.00;KELLY_LITE;true;0.04;213100.48;0.0417;KELLY_LITE(mult=0.85 taper=1.00 n=11)+HARD_RISK_CAP(2.0%)+MAXLOSS_CAP;213100.48;213100.48;34;0
2026.08.13 13:13:52;XAUUSD;5;1786608143;SELL_STOP_TRAILED;Old=4387.34 New=4387.66;WAIT_TRIGGER;SAFE;0;2;0;119301168;119301172;0.00;0.00;0.00;0.00;0.00;KELLY_LITE;true;0.04;213100.48;0.0417;KELLY_LITE(mult=0.85 taper=1.00 n=11)+HARD_RISK_CAP(2.0%)+MAXLOSS_CAP;213100.48;213100.48;36;0
2026.08.13 13:15:30;XAUUSD;5;1786608143;OCO_TRIGGERED_SELL;ticket=119301172 entry=4387.66;POSITION_ACTIVE;SAFE;1;1;0;119301168;-1;0.00;0.09;-0.99;0.00;0.00;KELLY_LITE;true;0.04;213100.48;0.0417;KELLY_LITE(mult=0.85 taper=1.00 n=11)+HARD_RISK_CAP(2.0%)+MAXLOSS_CAP;213100.48;213100.57;36;0
2026.08.13 13:15:31;XAUUSD;5;1786608143;PENDING_DELETED;ticket=119301168 reason=oco_sell_triggered;POSITION_ACTIVE;SAFE;1;0;0;119301168;-1;0.00;-0.84;-0.84;0.00;0.00;KELLY_LITE;true;0.04;213100.48;0.0417;KELLY_LITE(mult=0.85 taper=1.00 n=11)+HARD_RISK_CAP(2.0%)+MAXLOSS_CAP;213100.48;213099.64;36;0
2026.08.13 13:15:31;XAUUSD;5;1786608143;HEDGE_PENDING_PLACED;dir=BUY_STOP ticket=119301416 price=4390.94 sl=4387.94 lot=0.05 mainEntry=4387.66 dist=3.00 confirmBars=1;POSITION_ACTIVE;SAFE;1;1;1;-1;-1;4387.66;-0.93;-0.93;0.00;-0.84;KELLY_LITE;true;0.04;213100.48;0.0417;KELLY_LITE(mult=0.85 taper=1.00 n=11)+HARD_RISK_CAP(2.0%)+MAXLOSS_CAP;213100.48;213099.55;36;0
2026.08.13 13:19:02;XAUUSD;5;1786608143;SL_MODIFIED;ticket=119301172 oldSL=4399.66 newSL=4385.90 reason=break_even_lock_leg_0 (retry buf=8pt);MANAGE_PROFIT;SAFE;1;1;1;-1;-1;4387.66;7.05;7.05;8.01;-0.93;KELLY_LITE;true;0.04;213100.48;0.0417;KELLY_LITE(mult=0.85 taper=1.00 n=11)+HARD_RISK_CAP(2.0%)+MAXLOSS_CAP;213100.48;213107.53;33;0
2026.08.13 13:19:02;XAUUSD;5;1786608143;PROFIT_RATCHET_LOCKED;floor=3.40 peak=8.01;MANAGE_PROFIT;SAFE;1;1;1;-1;-1;4387.66;7.05;7.05;8.01;-0.93;KELLY_LITE;true;0.04;213100.48;0.0417;KELLY_LITE(mult=0.85 taper=1.00 n=11)+HARD_RISK_CAP(2.0%)+MAXLOSS_CAP;213100.48;213107.53;33;0
2026.08.13 13:19:02;XAUUSD;5;1786608143;SL_MODIFIED;ticket=119301172 oldSL=4385.90 newSL=4385.83 reason=break_even_lock_leg_0;MANAGE_PROFIT;SAFE;1;1;1;-1;-1;4387.66;7.05;7.05;8.01;-0.93;KELLY_LITE;true;0.04;213100.48;0.0417;KELLY_LITE(mult=0.85 taper=1.00 n=11)+HARD_RISK_CAP(2.0%)+MAXLOSS_CAP;213100.48;213107.53;33;0
2026.08.13 13:19:02;XAUUSD;5;1786608143;PROFIT_RATCHET_LOCKED;floor=3.40 peak=8.01;MANAGE_PROFIT;SAFE;1;1;1;-1;-1;4387.66;7.05;7.05;8.01;-0.93;KELLY_LITE;true;0.04;213100.48;0.0417;KELLY_LITE(mult=0.85 taper=1.00 n=11)+HARD_RISK_CAP(2.0%)+MAXLOSS_CAP;213100.48;213107.53;33;0
2026.08.13 13:19:02;XAUUSD;5;1786608143;PROFIT_RATCHET_LOCKED;floor=3.40 peak=8.01;MANAGE_PROFIT;SAFE;1;1;1;-1;-1;4387.66;7.05;7.05;8.01;-0.93;KELLY_LITE;true;0.04;213100.48;0.0417;KELLY_LITE(mult=0.85 taper=1.00 n=11)+HARD_RISK_CAP(2.0%)+MAXLOSS_CAP;213100.48;213107.53;33;0
2026.08.13 13:19:02;XAUUSD;5;1786608143;EXIT_TIERED_TRAIL;profit=6.42 peak=8.01 allowedRetrace=1.20;MANAGE_PROFIT;SAFE;1;1;1;-1;-1;4387.66;6.42;6.42;8.01;-0.93;KELLY_LITE;true;0.04;213100.48;0.0417;KELLY_LITE(mult=0.85 taper=1.00 n=11)+HARD_RISK_CAP(2.0%)+MAXLOSS_CAP;213100.48;213106.90;33;0
2026.08.13 13:19:03;XAUUSD;5;1786608143;POSITION_CLOSED;ticket=119301172 reason=tiered_profit_trail lots=0.03 price=4385.52 pnl=6.42;MANAGE_PROFIT;SAFE;0;1;1;-1;-1;4387.66;0.00;0.00;8.01;-0.93;KELLY_LITE;true;0.04;213100.48;0.0417;KELLY_LITE(mult=0.85 taper=1.00 n=11)+HARD_RISK_CAP(2.0%)+MAXLOSS_CAP;213106.57;213106.57;33;0
2026.08.13 13:19:03;XAUUSD;5;1786608143;PENDING_DELETED;ticket=119301416 reason=close_all_hedge;MANAGE_PROFIT;SAFE;0;0;0;-1;-1;4387.66;0.00;0.00;8.01;-0.93;KELLY_LITE;true;0.04;213100.48;0.0417;KELLY_LITE(mult=0.85 taper=1.00 n=11)+HARD_RISK_CAP(2.0%)+MAXLOSS_CAP;213106.57;213106.57;33;0
2026.08.13 13:19:03;XAUUSD;5;1786608143;CYCLE_RESET;oldState=RESET realizedPnL=6.09 peak=8.01 worst=-0.93 pyramid=0 consLosses=0;RESET;SAFE;0;0;0;-1;-1;4387.66;0.00;0.00;8.01;-0.93;KELLY_LITE;true;0.04;213100.48;0.0417;KELLY_LITE(mult=0.85 taper=1.00 n=11)+HARD_RISK_CAP(2.0%)+MAXLOSS_CAP;213106.57;213106.57;33;0
2026.08.13 13:24:03;XAUUSD;5;1786608143;FILTER_BLOCK_ADX_WEAK_MAIN;ADX_WEAK_MAIN (adx=20.5 min=22.0);BLOCKED;SAFE;0;0;0;-1;-1;0.00;0.00;0.00;0.00;0.00;KELLY_LITE;true;0.04;213100.48;0.0417;KELLY_LITE(mult=0.85 taper=1.00 n=11)+HARD_RISK_CAP(2.0%)+MAXLOSS_CAP;213106.57;213106.57;36;0
2026.08.13 13:29:03;XAUUSD;5;1786608143;FILTER_BLOCK_TREND_DISAGREE;TREND_DISAGREE (main=1 fast=-1 rsi=47.4, no extreme);BLOCKED;SAFE;0;0;0;-1;-1;0.00;0.00;0.00;0.00;0.00;KELLY_LITE;true;0.04;213100.48;0.0417;KELLY_LITE(mult=0.85 taper=1.00 n=11)+HARD_RISK_CAP(2.0%)+MAXLOSS_CAP;213106.57;213106.57;48;0
2026.08.13 13:34:03;XAUUSD;5;1786608143;FILTER_BLOCK_ADX_WEAK_MAIN;ADX_WEAK_MAIN (adx=17.1 min=22.0);BLOCKED;SAFE;0;0;0;-1;-1;0.00;0.00;0.00;0.00;0.00;KELLY_LITE;true;0.04;213100.48;0.0417;KELLY_LITE(mult=0.85 taper=1.00 n=11)+HARD_RISK_CAP(2.0%)+MAXLOSS_CAP;213106.57;213106.57;33;0
2026.08.13 13:39:03;XAUUSD;5;1786608143;FILTER_BLOCK_ADX_WEAK_MAIN;ADX_WEAK_MAIN (adx=17.6 min=22.0);BLOCKED;SAFE;0;0;0;-1;-1;0.00;0.00;0.00;0.00;0.00;KELLY_LITE;true;0.04;213100.48;0.0417;KELLY_LITE(mult=0.85 taper=1.00 n=11)+HARD_RISK_CAP(2.0%)+MAXLOSS_CAP;213106.57;213106.57;36;0
2026.08.13 13:44:03;XAUUSD;5;1786608143;FILTER_BLOCK_ADX_WEAK_MAIN;ADX_WEAK_MAIN (adx=18.0 min=22.0);BLOCKED;SAFE;0;0;0;-1;-1;0.00;0.00;0.00;0.00;0.00;KELLY_LITE;true;0.04;213100.48;0.0417;KELLY_LITE(mult=0.85 taper=1.00 n=11)+HARD_RISK_CAP(2.0%)+MAXLOSS_CAP;213106.57;213106.57;36;0
2026.08.13 13:49:03;XAUUSD;5;1786608143;FILTER_BLOCK_ADX_WEAK_MAIN;ADX_WEAK_MAIN (adx=19.4 min=22.0);BLOCKED;SAFE;0;0;0;-1;-1;0.00;0.00;0.00;0.00;0.00;KELLY_LITE;true;0.04;213100.48;0.0417;KELLY_LITE(mult=0.85 taper=1.00 n=11)+HARD_RISK_CAP(2.0%)+MAXLOSS_CAP;213106.57;213106.57;36;0
2026.08.13 13:54:03;XAUUSD;5;1786608144;PLACE_PENDING_START;cycle=1786608144 trend=1 consecLosses=0 preset=AGGRESSIVE;PLACE_PENDING;SAFE;0;0;0;-1;-1;0.00;0.00;0.00;0.00;0.00;KELLY_LITE;true;0.04;213100.48;0.0417;KELLY_LITE(mult=0.85 taper=1.00 n=11)+HARD_RISK_CAP(2.0%)+MAXLOSS_CAP;213106.57;213106.57;36;0
2026.08.13 13:54:03;XAUUSD;5;1786608144;DIR_OCO_PLACED;dir=BULL ticket=119307125 price=4398.13 sl=4383.13 tp=4420.63 lot=0.04 dist=2.41;PLACE_PENDING;SAFE;0;1;0;119307125;-1;0.00;0.00;0.00;0.00;0.00;KELLY_LITE;true;0.04;213106.57;0.0417;KELLY_LITE(mult=0.90 taper=1.00 n=12)+HARD_RISK_CAP(2.0%)+MAXLOSS_CAP;213106.57;213106.57;36;0
2026.08.13 13:54:04;XAUUSD;5;1786608144;DIR_OCO_COUNTER_PLACED;dir=BEAR(counter) ticket=119307126 price=4392.95 lot=0.03;PLACE_PENDING;SAFE;0;2;0;119307125;119307126;0.00;0.00;0.00;0.00;0.00;KELLY_LITE;true;0.04;213106.57;0.0417;KELLY_LITE(mult=0.90 taper=1.00 n=12)+HARD_RISK_CAP(2.0%)+MAXLOSS_CAP;213106.57;213106.57;36;0
2026.08.13 13:54:05;XAUUSD;5;1786608144;BUY_STOP_TRAILED;Old=4398.13 New=4397.80;WAIT_TRIGGER;SAFE;0;2;0;119307125;119307126;0.00;0.00;0.00;0.00;0.00;KELLY_LITE;true;0.04;213106.57;0.0417;KELLY_LITE(mult=0.90 taper=1.00 n=12)+HARD_RISK_CAP(2.0%)+MAXLOSS_CAP;213106.57;213106.57;36;0
2026.08.13 13:54:13;XAUUSD;5;1786608144;BUY_STOP_TRAILED;Old=4397.80 New=4397.45;WAIT_TRIGGER;SAFE;0;2;0;119307125;119307126;0.00;0.00;0.00;0.00;0.00;KELLY_LITE;true;0.04;213106.57;0.0417;KELLY_LITE(mult=0.90 taper=1.00 n=12)+HARD_RISK_CAP(2.0%)+MAXLOSS_CAP;213106.57;213106.57;36;0
2026.08.13 13:54:16;XAUUSD;5;1786608144;BUY_STOP_TRAILED;Old=4397.45 New=4397.01;WAIT_TRIGGER;SAFE;0;2;0;119307125;119307126;0.00;0.00;0.00;0.00;0.00;KELLY_LITE;true;0.04;213106.57;0.0417;KELLY_LITE(mult=0.90 taper=1.00 n=12)+HARD_RISK_CAP(2.0%)+MAXLOSS_CAP;213106.57;213106.57;36;0
2026.08.13 13:55:28;XAUUSD;5;1786608144;BUY_STOP_TRAILED;Old=4397.01 New=4396.70;WAIT_TRIGGER;SAFE;0;2;0;119307125;119307126;0.00;0.00;0.00;0.00;0.00;KELLY_LITE;true;0.04;213106.57;0.0417;KELLY_LITE(mult=0.90 taper=1.00 n=12)+HARD_RISK_CAP(2.0%)+MAXLOSS_CAP;213106.57;213106.57;36;0
2026.08.13 13:56:57;XAUUSD;5;1786608144;BUY_STOP_TRAILED;Old=4396.70 New=4396.21;WAIT_TRIGGER;SAFE;0;2;0;119307125;119307126;0.00;0.00;0.00;0.00;0.00;KELLY_LITE;true;0.04;213106.57;0.0417;KELLY_LITE(mult=0.90 taper=1.00 n=12)+HARD_RISK_CAP(2.0%)+MAXLOSS_CAP;213106.57;213106.57;36;0
2026.08.13 13:56:59;XAUUSD;5;1786608144;BUY_STOP_TRAILED;Old=4396.21 New=4395.87;WAIT_TRIGGER;SAFE;1;1;0;119307125;119307126;0.00;-0.75;-0.75;0.00;0.00;KELLY_LITE;true;0.04;213106.57;0.0417;KELLY_LITE(mult=0.90 taper=1.00 n=12)+HARD_RISK_CAP(2.0%)+MAXLOSS_CAP;213106.57;213105.82;36;0
2026.08.13 13:56:59;XAUUSD;5;1786608144;OCO_TRIGGERED_SELL;ticket=119307126 entry=4392.95;POSITION_ACTIVE;SAFE;1;1;0;119307125;-1;0.00;-0.75;-0.75;0.00;0.00;KELLY_LITE;true;0.04;213106.57;0.0417;KELLY_LITE(mult=0.90 taper=1.00 n=12)+HARD_RISK_CAP(2.0%)+MAXLOSS_CAP;213106.57;213105.82;36;0
2026.08.13 13:57:00;XAUUSD;5;1786608144;PENDING_DELETED;ticket=119307125 reason=oco_sell_triggered;POSITION_ACTIVE;SAFE;1;0;0;119307125;-1;0.00;-0.69;-0.69;0.00;0.00;KELLY_LITE;true;0.04;213106.57;0.0417;KELLY_LITE(mult=0.90 taper=1.00 n=12)+HARD_RISK_CAP(2.0%)+MAXLOSS_CAP;213106.57;213105.88;35;0
2026.08.13 13:57:00;XAUUSD;5;1786608144;HEDGE_PENDING_PLACED;dir=BUY_STOP ticket=119307292 price=4396.18 sl=4393.18 lot=0.05 mainEntry=4392.95 dist=3.00 confirmBars=1;POSITION_ACTIVE;SAFE;1;1;1;-1;-1;4392.95;-2.37;-2.37;0.00;-0.69;KELLY_LITE;true;0.04;213106.57;0.0417;KELLY_LITE(mult=0.90 taper=1.00 n=12)+HARD_RISK_CAP(2.0%)+MAXLOSS_CAP;213106.57;213104.20;36;0
2026.08.13 13:57:37;XAUUSD;5;1786608144;SL_MODIFIED;ticket=119307292 oldSL=4393.18 newSL=4396.21 reason=hedge_giveback_lock;MANAGE_PROFIT;SAFE;2;0;1;-1;-1;4392.95;-9.63;2.85;0.00;-11.95;KELLY_LITE;true;0.04;213106.57;0.0417;KELLY_LITE(mult=0.90 taper=1.00 n=12)+HARD_RISK_CAP(2.0%)+MAXLOSS_CAP;213106.57;213096.94;36;0
2026.08.13 13:57:38;XAUUSD;5;1786608144;SL_MODIFIED;ticket=119307292 oldSL=4396.21 newSL=4396.26 reason=hedge_giveback_lock;MANAGE_PROFIT;SAFE;2;0;1;-1;-1;4392.95;-9.61;2.90;0.00;-11.95;KELLY_LITE;true;0.04;213106.57;0.0417;KELLY_LITE(mult=0.90 taper=1.00 n=12)+HARD_RISK_CAP(2.0%)+MAXLOSS_CAP;213106.57;213096.96;36;0
2026.08.13 13:57:38;XAUUSD;5;1786608144;SL_MODIFIED;ticket=119307292 oldSL=4396.26 newSL=4396.41 reason=hedge_giveback_lock;MANAGE_PROFIT;SAFE;2;0;1;-1;-1;4392.95;-8.50;5.45;0.00;-11.95;KELLY_LITE;true;0.04;213106.57;0.0417;KELLY_LITE(mult=0.90 taper=1.00 n=12)+HARD_RISK_CAP(2.0%)+MAXLOSS_CAP;213106.57;213098.07;33;0
2026.08.13 13:57:39;XAUUSD;5;1786608144;SL_MODIFIED;ticket=119307292 oldSL=4396.41 newSL=4396.75 reason=hedge_giveback_lock;MANAGE_PROFIT;SAFE;2;0;1;-1;-1;4392.95;-8.48;5.65;0.00;-11.95;KELLY_LITE;true;0.04;213106.57;0.0417;KELLY_LITE(mult=0.90 taper=1.00 n=12)+HARD_RISK_CAP(2.0%)+MAXLOSS_CAP;213106.57;213098.09;35;0
2026.08.13 13:57:39;XAUUSD;5;1786608144;SL_MODIFY_FAILED;ticket=119307292 newSL=4396.79 reason=hedge_giveback_lock err=0;MANAGE_PROFIT;SAFE;2;0;1;-1;-1;4392.95;-8.52;5.40;0.00;-11.95;KELLY_LITE;true;0.04;213106.57;0.0417;KELLY_LITE(mult=0.90 taper=1.00 n=12)+HARD_RISK_CAP(2.0%)+MAXLOSS_CAP;213106.57;213098.05;33;0
2026.08.13 13:57:45;XAUUSD;5;1786608144;SL_MODIFIED;ticket=119307292 oldSL=4396.75 newSL=4396.78 reason=hedge_giveback_lock;MANAGE_PROFIT;SAFE;2;0;1;-1;-1;4392.95;-8.48;5.50;0.00;-11.95;KELLY_LITE;true;0.04;213106.57;0.0417;KELLY_LITE(mult=0.90 taper=1.00 n=12)+HARD_RISK_CAP(2.0%)+MAXLOSS_CAP;213106.57;213098.09;33;0
2026.08.13 13:57:46;XAUUSD;5;1786608144;SL_MODIFIED;ticket=119307292 oldSL=4396.78 newSL=4396.93 reason=hedge_giveback_lock;MANAGE_PROFIT;SAFE;2;0;1;-1;-1;4392.95;-7.64;7.75;0.00;-11.95;KELLY_LITE;true;0.04;213106.57;0.0417;KELLY_LITE(mult=0.90 taper=1.00 n=12)+HARD_RISK_CAP(2.0%)+MAXLOSS_CAP;213106.57;213098.93;35;0
2026.08.13 13:57:47;XAUUSD;5;1786608144;SL_MODIFIED;ticket=119307292 oldSL=4396.93 newSL=4397.21 reason=hedge_giveback_lock;MANAGE_PROFIT;SAFE;2;0;1;-1;-1;4392.95;-7.58;7.75;0.00;-11.95;KELLY_LITE;true;0.04;213106.57;0.0417;KELLY_LITE(mult=0.90 taper=1.00 n=12)+HARD_RISK_CAP(2.0%)+MAXLOSS_CAP;213106.57;213098.99;33;0
2026.08.13 13:57:50;XAUUSD;5;1786608144;POSITION_CLOSED;ticket=119307292 reason=hedge_reversal_giveback_cap lots=0.05 price=4397.23 pnl=5.25;MANAGE_PROFIT;SAFE;1;0;1;-1;-1;4392.95;-14.01;-14.01;0.00;-11.95;KELLY_LITE;true;0.04;213106.57;0.0417;KELLY_LITE(mult=0.90 taper=1.00 n=12)+HARD_RISK_CAP(2.0%)+MAXLOSS_CAP;213111.97;213097.96;36;0
2026.08.13 13:57:50;XAUUSD;5;1786608144;HEDGE_CLOSED_REVERSAL;profit=5.25 peak=7.85 giveback=2.60 cap=2.50 reason=giveback_cap ok=1;MANAGE_PROFIT;SAFE;1;0;1;-1;-1;4392.95;-14.01;-14.01;0.00;-11.95;KELLY_LITE;true;0.04;213106.57;0.0417;KELLY_LITE(mult=0.90 taper=1.00 n=12)+HARD_RISK_CAP(2.0%)+MAXLOSS_CAP;213111.97;213097.96;36;0
2026.08.13 14:07:52;XAUUSD;5;1786608144;EXIT_TIME_LOSS_CONFIRMED;held=10 profit=-12.54 rsi=58.9;MANAGE_PROFIT;SAFE;1;0;1;-1;-1;4392.95;-12.54;-12.54;3.21;-28.20;KELLY_LITE;true;0.04;213106.57;0.0417;KELLY_LITE(mult=0.90 taper=1.00 n=12)+HARD_RISK_CAP(2.0%)+MAXLOSS_CAP;213111.97;213099.43;36;0
2026.08.13 14:07:53;XAUUSD;5;1786608144;POSITION_CLOSED;ticket=119307126 reason=time_loss_exit_confirmed lots=0.03 price=4397.13 pnl=-12.54;MANAGE_PROFIT;SAFE;0;0;1;-1;-1;4392.95;0.00;0.00;3.21;-28.20;KELLY_LITE;true;0.04;213106.57;0.0417;KELLY_LITE(mult=0.90 taper=1.00 n=12)+HARD_RISK_CAP(2.0%)+MAXLOSS_CAP;213098.68;213098.68;36;0
2026.08.13 14:07:53;XAUUSD;5;1786608144;LOSS_COOLDOWN_AFTER_LOSS;cyclePnL=-7.89 pauseUntil=2026.08.13 14:12:53;RESET;SAFE;0;0;0;-1;-1;4392.95;0.00;0.00;3.21;-28.20;KELLY_LITE;true;0.04;213106.57;0.0417;KELLY_LITE(mult=0.90 taper=1.00 n=12)+HARD_RISK_CAP(2.0%)+MAXLOSS_CAP;213098.68;213098.68;36;0
2026.08.13 14:07:53;XAUUSD;5;1786608144;CYCLE_RESET;oldState=RESET realizedPnL=-7.89 peak=3.21 worst=-28.20 pyramid=0 consLosses=1;RESET;SAFE;0;0;0;-1;-1;4392.95;0.00;0.00;3.21;-28.20;KELLY_LITE;true;0.04;213106.57;0.0417;KELLY_LITE(mult=0.90 taper=1.00 n=12)+HARD_RISK_CAP(2.0%)+MAXLOSS_CAP;213098.68;213098.68;36;0
2026.08.13 14:12:53;XAUUSD;5;1786608145;PLACE_PENDING_START;cycle=1786608145 trend=1 consecLosses=1 preset=AGGRESSIVE;PLACE_PENDING;SAFE;0;0;0;-1;-1;0.00;0.00;0.00;0.00;0.00;KELLY_LITE;true;0.04;213106.57;0.0417;KELLY_LITE(mult=0.90 taper=1.00 n=12)+HARD_RISK_CAP(2.0%)+MAXLOSS_CAP;213098.68;213098.68;33;0
2026.08.13 14:12:53;XAUUSD;5;1786608145;DIR_OCO_PLACED;dir=BULL ticket=119309697 price=4395.50 sl=4380.50 tp=4418.00 lot=0.04 dist=2.88;PLACE_PENDING;SAFE;0;1;0;119309697;-1;0.00;0.00;0.00;0.00;0.00;KELLY_LITE;true;0.04;213098.68;0.0417;KELLY_LITE(mult=0.85 taper=1.00 n=13)+HARD_RISK_CAP(2.0%)+MAXLOSS_CAP;213098.68;213098.68;33;0
2026.08.13 14:12:54;XAUUSD;5;1786608145;DIR_OCO_COUNTER_PLACED;dir=BEAR(counter) ticket=119309700 price=4389.30 lot=0.03;PLACE_PENDING;SAFE;0;2;0;119309697;119309700;0.00;0.00;0.00;0.00;0.00;KELLY_LITE;true;0.04;213098.68;0.0417;KELLY_LITE(mult=0.85 taper=1.00 n=13)+HARD_RISK_CAP(2.0%)+MAXLOSS_CAP;213098.68;213098.68;33;0
2026.08.13 14:12:57;XAUUSD;5;1786608145;SELL_STOP_TRAILED;Old=4389.30 New=4389.64;WAIT_TRIGGER;SAFE;0;2;0;119309697;119309700;0.00;0.00;0.00;0.00;0.00;KELLY_LITE;true;0.04;213098.68;0.0417;KELLY_LITE(mult=0.85 taper=1.00 n=13)+HARD_RISK_CAP(2.0%)+MAXLOSS_CAP;213098.68;213098.68;33;0
2026.08.13 14:13:00;XAUUSD;5;1786608145;SELL_STOP_TRAILED;Old=4389.64 New=4389.97;WAIT_TRIGGER;SAFE;0;2;0;119309697;119309700;0.00;0.00;0.00;0.00;0.00;KELLY_LITE;true;0.04;213098.68;0.0417;KELLY_LITE(mult=0.85 taper=1.00 n=13)+HARD_RISK_CAP(2.0%)+MAXLOSS_CAP;213098.68;213098.68;33;0
2026.08.13 14:13:07;XAUUSD;5;1786608145;SELL_STOP_TRAILED;Old=4389.97 New=4390.42;WAIT_TRIGGER;SAFE;0;2;0;119309697;119309700;0.00;0.00;0.00;0.00;0.00;KELLY_LITE;true;0.04;213098.68;0.0417;KELLY_LITE(mult=0.85 taper=1.00 n=13)+HARD_RISK_CAP(2.0%)+MAXLOSS_CAP;213098.68;213098.68;33;0
2026.08.13 14:13:25;XAUUSD;5;1786608145;BUY_STOP_TRAILED;Old=4395.50 New=4395.17;WAIT_TRIGGER;SAFE;0;2;0;119309697;119309700;0.00;0.00;0.00;0.00;0.00;KELLY_LITE;true;0.04;213098.68;0.0417;KELLY_LITE(mult=0.85 taper=1.00 n=13)+HARD_RISK_CAP(2.0%)+MAXLOSS_CAP;213098.68;213098.68;36;0
2026.08.13 14:13:42;XAUUSD;5;1786608145;SELL_STOP_TRAILED;Old=4390.42 New=4390.79;WAIT_TRIGGER;SAFE;0;2;0;119309697;119309700;0.00;0.00;0.00;0.00;0.00;KELLY_LITE;true;0.04;213098.68;0.0417;KELLY_LITE(mult=0.85 taper=1.00 n=13)+HARD_RISK_CAP(2.0%)+MAXLOSS_CAP;213098.68;213098.68;36;0
2026.08.13 14:14:32;XAUUSD;5;1786608145;SELL_STOP_TRAILED;Old=4390.79 New=4391.15;WAIT_TRIGGER;SAFE;0;2;0;119309697;119309700;0.00;0.00;0.00;0.00;0.00;KELLY_LITE;true;0.04;213098.68;0.0417;KELLY_LITE(mult=0.85 taper=1.00 n=13)+HARD_RISK_CAP(2.0%)+MAXLOSS_CAP;213098.68;213098.68;37;0
2026.08.13 14:14:33;XAUUSD;5;1786608145;SELL_STOP_TRAILED;Old=4391.15 New=4391.49;WAIT_TRIGGER;SAFE;0;2;0;119309697;119309700;0.00;0.00;0.00;0.00;0.00;KELLY_LITE;true;0.04;213098.68;0.0417;KELLY_LITE(mult=0.85 taper=1.00 n=13)+HARD_RISK_CAP(2.0%)+MAXLOSS_CAP;213098.68;213098.68;36;0
2026.08.13 14:15:11;XAUUSD;5;1786608145;SELL_STOP_TRAILED;Old=4391.49 New=4391.81;WAIT_TRIGGER;SAFE;0;2;0;119309697;119309700;0.00;0.00;0.00;0.00;0.00;KELLY_LITE;true;0.04;213098.68;0.0417;KELLY_LITE(mult=0.85 taper=1.00 n=13)+HARD_RISK_CAP(2.0%)+MAXLOSS_CAP;213098.68;213098.68;36;0
2026.08.13 14:17:33;XAUUSD;5;1786608145;OCO_TRIGGERED_BUY;ticket=119309697 entry=4395.17;POSITION_ACTIVE;SAFE;1;1;0;-1;119309700;0.00;0.68;-0.76;0.00;0.00;KELLY_LITE;true;0.04;213098.68;0.0417;KELLY_LITE(mult=0.85 taper=1.00 n=13)+HARD_RISK_CAP(2.0%)+MAXLOSS_CAP;213098.68;213099.36;36;0
2026.08.13 14:17:33;XAUUSD;5;1786608145;PENDING_DELETED;ticket=119309700 reason=oco_buy_triggered;POSITION_ACTIVE;SAFE;1;0;0;-1;119309700;0.00;-2.04;-2.04;0.00;0.00;KELLY_LITE;true;0.04;213098.68;0.0417;KELLY_LITE(mult=0.85 taper=1.00 n=13)+HARD_RISK_CAP(2.0%)+MAXLOSS_CAP;213098.68;213096.64;36;0
2026.08.13 14:17:34;XAUUSD;5;1786608145;HEDGE_PENDING_PLACED;dir=SELL_STOP ticket=119310020 price=4391.66 sl=4394.66 lot=0.05 mainEntry=4395.17 dist=3.00 confirmBars=1;POSITION_ACTIVE;SAFE;1;1;1;-1;-1;4395.17;-1.80;-1.80;0.00;-2.04;KELLY_LITE;true;0.04;213098.68;0.0417;KELLY_LITE(mult=0.85 taper=1.00 n=13)+HARD_RISK_CAP(2.0%)+MAXLOSS_CAP;213098.68;213096.88;35;0
2026.08.13 14:18:32;XAUUSD;5;1786608145;SL_MODIFIED;ticket=119310020 oldSL=4394.66 newSL=4391.64 reason=hedge_giveback_lock;MANAGE_PROFIT;SAFE;2;0;1;-1;-1;4395.17;-14.89;2.95;0.68;-13.88;KELLY_LITE;true;0.04;213098.68;0.0417;KELLY_LITE(mult=0.85 taper=1.00 n=13)+HARD_RISK_CAP(2.0%)+MAXLOSS_CAP;213098.68;213083.79;36;0
2026.08.13 14:18:32;XAUUSD;5;1786608145;SL_MODIFY_FAILED;ticket=119310020 newSL=4391.59 reason=hedge_giveback_lock err=0;MANAGE_PROFIT;SAFE;2;0;1;-1;-1;4395.17;-14.95;2.65;0.68;-14.89;KELLY_LITE;true;0.04;213098.68;0.0417;KELLY_LITE(mult=0.85 taper=1.00 n=13)+HARD_RISK_CAP(2.0%)+MAXLOSS_CAP;213098.68;213083.73;36;0
2026.08.13 14:18:35;XAUUSD;5;1786608145;SL_MODIFIED;ticket=119310020 oldSL=4391.64 newSL=4391.52 reason=hedge_giveback_lock (retry buf=3pt);MANAGE_PROFIT;SAFE;2;0;1;-1;-1;4395.17;-14.81;3.35;0.68;-15.08;KELLY_LITE;true;0.04;213098.68;0.0417;KELLY_LITE(mult=0.85 taper=1.00 n=13)+HARD_RISK_CAP(2.0%)+MAXLOSS_CAP;213098.68;213083.87;36;0
2026.08.13 14:18:36;XAUUSD;5;1786608145;SL_MODIFIED;ticket=119310020 oldSL=4391.52 newSL=4391.50 reason=hedge_giveback_lock (retry buf=3pt);MANAGE_PROFIT;SAFE;2;0;1;-1;-1;4395.17;-14.84;3.20;0.68;-15.08;KELLY_LITE;true;0.04;213098.68;0.0417;KELLY_LITE(mult=0.85 taper=1.00 n=13)+HARD_RISK_CAP(2.0%)+MAXLOSS_CAP;213098.68;213083.84;36;0
2026.08.13 14:18:37;XAUUSD;5;1786608145;RECONCILED_BROKER_CLOSE;ticket=119310020 type=hedge pnl=0.80;MANAGE_PROFIT;SAFE;1;0;1;-1;-1;4395.17;-15.36;-15.36;0.68;-15.08;KELLY_LITE;true;0.04;213098.68;0.0417;KELLY_LITE(mult=0.85 taper=1.00 n=13)+HARD_RISK_CAP(2.0%)+MAXLOSS_CAP;213099.48;213084.12;36;0
2026.08.13 14:18:37;XAUUSD;5;1786608145;RECONCILED_BROKER_CLOSE;ticket=119310020 type=hedge pnl=0.80;MANAGE_PROFIT;SAFE;1;0;1;-1;-1;4395.17;-15.36;-15.36;0.68;-15.08;KELLY_LITE;true;0.04;213098.68;0.0417;KELLY_LITE(mult=0.85 taper=1.00 n=13)+HARD_RISK_CAP(2.0%)+MAXLOSS_CAP;213099.48;213084.12;36;0
2026.08.13 14:25:33;XAUUSD;5;1786608145;EXIT_TIME_LOSS_CONFIRMED;held=8 profit=-30.32 rsi=45.5;MANAGE_PROFIT;WARNING;1;0;1;-1;-1;4395.17;-30.32;-30.32;0.68;-32.84;KELLY_LITE;true;0.04;213098.68;0.0417;KELLY_LITE(mult=0.85 taper=1.00 n=13)+HARD_RISK_CAP(2.0%)+MAXLOSS_CAP;213099.48;213069.16;36;0
2026.08.13 14:25:33;XAUUSD;5;1786608145;POSITION_CLOSED;ticket=119309697 reason=time_loss_exit_confirmed lots=0.04 price=4387.59 pnl=-30.32;MANAGE_PROFIT;WARNING;0;0;1;-1;-1;4395.17;0.00;0.00;0.68;-32.84;KELLY_LITE;true;0.04;213098.68;0.0417;KELLY_LITE(mult=0.85 taper=1.00 n=13)+HARD_RISK_CAP(2.0%)+MAXLOSS_CAP;213068.52;213068.52;34;0
2026.08.13 14:25:33;XAUUSD;5;1786608145;LOSS_COOLDOWN_AFTER_LOSS;cyclePnL=-30.16 pauseUntil=2026.08.13 14:30:33;RESET;WARNING;0;0;0;-1;-1;4395.17;0.00;0.00;0.68;-32.84;KELLY_LITE;true;0.04;213098.68;0.0417;KELLY_LITE(mult=0.85 taper=1.00 n=13)+HARD_RISK_CAP(2.0%)+MAXLOSS_CAP;213068.52;213068.52;34;0
2026.08.13 14:25:33;XAUUSD;5;1786608145;CYCLE_RESET;oldState=RESET realizedPnL=-30.16 peak=0.68 worst=-32.84 pyramid=0 consLosses=2;RESET;WARNING;0;0;0;-1;-1;4395.17;0.00;0.00;0.68;-32.84;KELLY_LITE;true;0.04;213098.68;0.0417;KELLY_LITE(mult=0.85 taper=1.00 n=13)+HARD_RISK_CAP(2.0%)+MAXLOSS_CAP;213068.52;213068.52;34;0
2026.08.13 14:30:33;XAUUSD;5;1786608146;PLACE_PENDING_START;cycle=1786608146 trend=1 consecLosses=2 preset=AGGRESSIVE;PLACE_PENDING;SAFE;0;0;0;-1;-1;0.00;0.00;0.00;0.00;0.00;KELLY_LITE;true;0.04;213098.68;0.0417;KELLY_LITE(mult=0.85 taper=1.00 n=13)+HARD_RISK_CAP(2.0%)+MAXLOSS_CAP;213068.52;213068.52;67;0
2026.08.13 14:30:33;XAUUSD;5;1786608146;FILTER_BLOCK_SPREAD;spread=67 max=50;PLACE_PENDING;SAFE;0;0;0;-1;-1;0.00;0.00;0.00;0.00;0.00;KELLY_LITE;true;0.04;213098.68;0.0417;KELLY_LITE(mult=0.85 taper=1.00 n=13)+HARD_RISK_CAP(2.0%)+MAXLOSS_CAP;213068.52;213068.52;67;0
2026.08.13 14:35:33;XAUUSD;5;1786608147;PLACE_PENDING_START;cycle=1786608147 trend=1 consecLosses=2 preset=AGGRESSIVE;PLACE_PENDING;SAFE;0;0;0;-1;-1;0.00;0.00;0.00;0.00;0.00;KELLY_LITE;true;0.04;213098.68;0.0417;KELLY_LITE(mult=0.85 taper=1.00 n=13)+HARD_RISK_CAP(2.0%)+MAXLOSS_CAP;213068.52;213068.52;36;0
2026.08.13 14:35:33;XAUUSD;5;1786608147;DIR_OCO_PLACED;dir=BULL ticket=119312962 price=4384.22 sl=4369.22 tp=4406.72 lot=0.04 dist=3.03;PLACE_PENDING;SAFE;0;1;0;119312962;-1;0.00;0.00;0.00;0.00;0.00;KELLY_LITE;true;0.04;213068.52;0.0417;KELLY_LITE(mult=0.80 taper=1.00 n=14)+CONSEC_REDUCE(0.50)+HARD_RISK_CAP(2.0%)+MAXLOSS_CAP;213068.52;213068.52;34;0
2026.08.13 14:35:34;XAUUSD;5;1786608147;DIR_OCO_COUNTER_PLACED;dir=BEAR(counter) ticket=119312966 price=4377.53 lot=0.03;PLACE_PENDING;SAFE;0;2;0;119312962;119312966;0.00;0.00;0.00;0.00;0.00;KELLY_LITE;true;0.04;213068.52;0.0417;KELLY_LITE(mult=0.80 taper=1.00 n=14)+CONSEC_REDUCE(0.50)+HARD_RISK_CAP(2.0%)+MAXLOSS_CAP;213068.52;213068.52;33;0
2026.08.13 14:35:35;XAUUSD;5;1786608147;SELL_STOP_TRAILED;Old=4377.53 New=4378.01;WAIT_TRIGGER;SAFE;0;2;0;119312962;119312966;0.00;0.00;0.00;0.00;0.00;KELLY_LITE;true;0.04;213068.52;0.0417;KELLY_LITE(mult=0.80 taper=1.00 n=14)+CONSEC_REDUCE(0.50)+HARD_RISK_CAP(2.0%)+MAXLOSS_CAP;213068.52;213068.52;36;0
2026.08.13 14:35:36;XAUUSD;5;1786608147;BUY_STOP_TRAILED;Old=4384.22 New=4383.88;WAIT_TRIGGER;SAFE;0;2;0;119312962;119312966;0.00;0.00;0.00;0.00;0.00;KELLY_LITE;true;0.04;213068.52;0.0417;KELLY_LITE(mult=0.80 taper=1.00 n=14)+CONSEC_REDUCE(0.50)+HARD_RISK_CAP(2.0%)+MAXLOSS_CAP;213068.52;213068.52;36;0
2026.08.13 14:35:38;XAUUSD;5;1786608147;BUY_STOP_TRAILED;Old=4383.88 New=4383.53;WAIT_TRIGGER;SAFE;0;2;0;119312962;119312966;0.00;0.00;0.00;0.00;0.00;KELLY_LITE;true;0.04;213068.52;0.0417;KELLY_LITE(mult=0.80 taper=1.00 n=14)+CONSEC_REDUCE(0.50)+HARD_RISK_CAP(2.0%)+MAXLOSS_CAP;213068.52;213068.52;36;0
2026.08.13 14:35:38;XAUUSD;5;1786608147;BUY_STOP_TRAILED;Old=4383.53 New=4383.15;WAIT_TRIGGER;SAFE;0;2;0;119312962;119312966;0.00;0.00;0.00;0.00;0.00;KELLY_LITE;true;0.04;213068.52;0.0417;KELLY_LITE(mult=0.80 taper=1.00 n=14)+CONSEC_REDUCE(0.50)+HARD_RISK_CAP(2.0%)+MAXLOSS_CAP;213068.52;213068.52;36;0
2026.08.13 14:35:58;XAUUSD;5;1786608147;BUY_STOP_TRAILED;Old=4383.15 New=4382.69;WAIT_TRIGGER;SAFE;0;2;0;119312962;119312966;0.00;0.00;0.00;0.00;0.00;KELLY_LITE;true;0.04;213068.52;0.0417;KELLY_LITE(mult=0.80 taper=1.00 n=14)+CONSEC_REDUCE(0.50)+HARD_RISK_CAP(2.0%)+MAXLOSS_CAP;213068.52;213068.52;36;0
2026.08.13 14:36:00;XAUUSD;5;1786608147;BUY_STOP_TRAILED;Old=4382.69 New=4382.38;WAIT_TRIGGER;SAFE;0;2;0;119312962;119312966;0.00;0.00;0.00;0.00;0.00;KELLY_LITE;true;0.04;213068.52;0.0417;KELLY_LITE(mult=0.80 taper=1.00 n=14)+CONSEC_REDUCE(0.50)+HARD_RISK_CAP(2.0%)+MAXLOSS_CAP;213068.52;213068.52;36;0
2026.08.13 14:36:38;XAUUSD;5;1786608147;BUY_STOP_TRAILED;Old=4382.38 New=4381.99;WAIT_TRIGGER;SAFE;0;2;0;119312962;119312966;0.00;0.00;0.00;0.00;0.00;KELLY_LITE;true;0.04;213068.52;0.0417;KELLY_LITE(mult=0.80 taper=1.00 n=14)+CONSEC_REDUCE(0.50)+HARD_RISK_CAP(2.0%)+MAXLOSS_CAP;213068.52;213068.52;36;0
2026.08.13 14:36:40;XAUUSD;5;1786608147;BUY_STOP_TRAILED;Old=4381.99 New=4381.66;WAIT_TRIGGER;SAFE;1;1;0;119312962;119312966;0.00;-0.78;-0.78;0.00;0.00;KELLY_LITE;true;0.04;213068.52;0.0417;KELLY_LITE(mult=0.80 taper=1.00 n=14)+CONSEC_REDUCE(0.50)+HARD_RISK_CAP(2.0%)+MAXLOSS_CAP;213068.52;213067.74;36;0
2026.08.13 14:36:40;XAUUSD;5;1786608147;OCO_TRIGGERED_SELL;ticket=119312966 entry=4378.01;POSITION_ACTIVE;SAFE;1;1;0;119312962;-1;0.00;-0.78;-0.78;0.00;0.00;KELLY_LITE;true;0.04;213068.52;0.0417;KELLY_LITE(mult=0.80 taper=1.00 n=14)+CONSEC_REDUCE(0.50)+HARD_RISK_CAP(2.0%)+MAXLOSS_CAP;213068.52;213067.74;36;0
2026.08.13 14:36:40;XAUUSD;5;1786608147;PENDING_DELETED;ticket=119312962 reason=oco_sell_triggered;POSITION_ACTIVE;SAFE;1;0;0;119312962;-1;0.00;-0.06;-0.06;0.00;0.00;KELLY_LITE;true;0.04;213068.52;0.0417;KELLY_LITE(mult=0.80 taper=1.00 n=14)+CONSEC_REDUCE(0.50)+HARD_RISK_CAP(2.0%)+MAXLOSS_CAP;213068.52;213068.46;36;0
2026.08.13 14:36:41;XAUUSD;5;1786608147;HEDGE_PENDING_PLACED;dir=BUY_STOP ticket=119313097 price=4381.03 sl=4378.03 lot=0.05 mainEntry=4378.01 dist=3.00 confirmBars=1;POSITION_ACTIVE;SAFE;1;1;1;-1;-1;4378.01;-1.08;-1.08;0.00;-0.06;KELLY_LITE;true;0.04;213068.52;0.0417;KELLY_LITE(mult=0.80 taper=1.00 n=14)+CONSEC_REDUCE(0.50)+HARD_RISK_CAP(2.0%)+MAXLOSS_CAP;213068.52;213067.44;33;0
2026.08.13 14:39:33;XAUUSD;5;1786608147;SL_MODIFIED;ticket=119313097 oldSL=4378.03 newSL=4381.59 reason=hedge_giveback_lock;MANAGE_PROFIT;SAFE;2;0;1;-1;-1;4378.01;-7.91;5.35;7.20;-11.02;KELLY_LITE;true;0.04;213068.52;0.0417;KELLY_LITE(mult=0.80 taper=1.00 n=14)+CONSEC_REDUCE(0.50)+HARD_RISK_CAP(2.0%)+MAXLOSS_CAP;213068.52;213060.61;33;0
2026.08.13 14:39:35;XAUUSD;5;1786608147;HEDGE_CLOSED_REVERSAL;profit=2.55 peak=5.40 giveback=2.85 cap=2.50 reason=giveback_cap ok=1;MANAGE_PROFIT;SAFE;1;0;1;-1;-1;4378.01;-11.10;-11.10;7.20;-11.02;KELLY_LITE;true;0.04;213068.52;0.0417;KELLY_LITE(mult=0.80 taper=1.00 n=14)+CONSEC_REDUCE(0.50)+HARD_RISK_CAP(2.0%)+MAXLOSS_CAP;213071.32;213060.22;36;0
2026.08.13 14:39:35;XAUUSD;5;1786608147;TRADELOG_RECOVER_CLOSE;ticket=119313097 type=hedge pnl=2.80;MANAGE_PROFIT;SAFE;1;0;1;-1;-1;4378.01;-11.10;-11.10;7.20;-11.10;KELLY_LITE;true;0.04;213068.52;0.0417;KELLY_LITE(mult=0.80 taper=1.00 n=14)+CONSEC_REDUCE(0.50)+HARD_RISK_CAP(2.0%)+MAXLOSS_CAP;213071.32;213060.22;36;0
2026.08.13 14:51:21;XAUUSD;5;1786608147;SL_MODIFIED;ticket=119312966 oldSL=4390.01 newSL=4375.77 reason=break_even_lock_leg_0;MANAGE_PROFIT;SAFE;1;0;1;-1;-1;4378.01;10.26;10.26;8.28;-19.02;KELLY_LITE;true;0.04;213068.52;0.0417;KELLY_LITE(mult=0.80 taper=1.00 n=14)+CONSEC_REDUCE(0.50)+HARD_RISK_CAP(2.0%)+MAXLOSS_CAP;213071.32;213081.58;37;0
2026.08.13 14:51:21;XAUUSD;5;1786608147;PROFIT_RATCHET_LOCKED;floor=3.52 peak=8.28;MANAGE_PROFIT;SAFE;1;0;1;-1;-1;4378.01;10.26;10.26;8.28;-19.02;KELLY_LITE;true;0.04;213068.52;0.0417;KELLY_LITE(mult=0.80 taper=1.00 n=14)+CONSEC_REDUCE(0.50)+HARD_RISK_CAP(2.0%)+MAXLOSS_CAP;213071.32;213081.58;37;0
2026.08.13 14:51:22;XAUUSD;5;1786608147;SL_MODIFIED;ticket=119312966 oldSL=4375.77 newSL=4375.11 reason=break_even_lock_leg_0;MANAGE_PROFIT;SAFE;1;0;1;-1;-1;4378.01;10.56;10.86;10.26;-19.02;KELLY_LITE;true;0.04;213068.52;0.0417;KELLY_LITE(mult=0.80 taper=1.00 n=14)+CONSEC_REDUCE(0.50)+HARD_RISK_CAP(2.0%)+MAXLOSS_CAP;213071.32;213081.88;35;0
2026.08.13 14:51:22;XAUUSD;5;1786608147;PROFIT_RATCHET_LOCKED;floor=4.36 peak=10.26;MANAGE_PROFIT;SAFE;1;0;1;-1;-1;4378.01;10.56;10.86;10.26;-19.02;KELLY_LITE;true;0.04;213068.52;0.0417;KELLY_LITE(mult=0.80 taper=1.00 n=14)+CONSEC_REDUCE(0.50)+HARD_RISK_CAP(2.0%)+MAXLOSS_CAP;213071.32;213081.88;35;0
2026.08.13 14:51:23;XAUUSD;5;1786608147;SL_MODIFIED;ticket=119312966 oldSL=4375.11 newSL=4375.09 reason=break_even_lock_leg_0 (retry buf=20pt);MANAGE_PROFIT;SAFE;1;0;1;-1;-1;4378.01;11.40;11.40;10.56;-19.02;KELLY_LITE;true;0.04;213068.52;0.0417;KELLY_LITE(mult=0.80 taper=1.00 n=14)+CONSEC_REDUCE(0.50)+HARD_RISK_CAP(2.0%)+MAXLOSS_CAP;213071.32;213082.72;33;0
2026.08.13 14:51:23;XAUUSD;5;1786608147;PROFIT_RATCHET_LOCKED;floor=4.49 peak=10.56;MANAGE_PROFIT;SAFE;1;0;1;-1;-1;4378.01;11.40;11.40;10.56;-19.02;KELLY_LITE;true;0.04;213068.52;0.0417;KELLY_LITE(mult=0.80 taper=1.00 n=14)+CONSEC_REDUCE(0.50)+HARD_RISK_CAP(2.0%)+MAXLOSS_CAP;213071.32;213082.72;33;0
2026.08.13 14:51:24;XAUUSD;5;1786608147;SL_MODIFIED;ticket=119312966 oldSL=4375.09 newSL=4374.77 reason=break_even_lock_leg_0 (retry buf=3pt);MANAGE_PROFIT;SAFE;1;0;1;-1;-1;4378.01;11.37;11.37;11.40;-19.02;KELLY_LITE;true;0.04;213068.52;0.0417;KELLY_LITE(mult=0.80 taper=1.00 n=14)+CONSEC_REDUCE(0.50)+HARD_RISK_CAP(2.0%)+MAXLOSS_CAP;213071.32;213082.69;34;0
2026.08.13 14:51:24;XAUUSD;5;1786608147;PROFIT_RATCHET_LOCKED;floor=4.85 peak=11.40;MANAGE_PROFIT;SAFE;1;0;1;-1;-1;4378.01;11.37;11.37;11.40;-19.02;KELLY_LITE;true;0.04;213068.52;0.0417;KELLY_LITE(mult=0.80 taper=1.00 n=14)+CONSEC_REDUCE(0.50)+HARD_RISK_CAP(2.0%)+MAXLOSS_CAP;213071.32;213082.69;34;0
2026.08.13 14:51:24;XAUUSD;5;1786608147;SL_MODIFIED;ticket=119312966 oldSL=4374.77 newSL=4374.74 reason=break_even_lock_leg_0;MANAGE_PROFIT;SAFE;1;0;1;-1;-1;4378.01;11.34;11.34;11.40;-19.02;KELLY_LITE;true;0.04;213068.52;0.0417;KELLY_LITE(mult=0.80 taper=1.00 n=14)+CONSEC_REDUCE(0.50)+HARD_RISK_CAP(2.0%)+MAXLOSS_CAP;213071.32;213082.66;34;0
2026.08.13 14:51:24;XAUUSD;5;1786608147;PROFIT_RATCHET_LOCKED;floor=4.85 peak=11.40;MANAGE_PROFIT;SAFE;1;0;1;-1;-1;4378.01;11.34;11.34;11.40;-19.02;KELLY_LITE;true;0.04;213068.52;0.0417;KELLY_LITE(mult=0.80 taper=1.00 n=14)+CONSEC_REDUCE(0.50)+HARD_RISK_CAP(2.0%)+MAXLOSS_CAP;213071.32;213082.66;34;0
2026.08.13 14:51:24;XAUUSD;5;1786608147;PROFIT_RATCHET_LOCKED;floor=4.85 peak=11.40;MANAGE_PROFIT;SAFE;1;0;1;-1;-1;4378.01;11.34;11.34;11.40;-19.02;KELLY_LITE;true;0.04;213068.52;0.0417;KELLY_LITE(mult=0.80 taper=1.00 n=14)+CONSEC_REDUCE(0.50)+HARD_RISK_CAP(2.0%)+MAXLOSS_CAP;213071.32;213082.66;34;0
2026.08.13 14:51:25;XAUUSD;5;1786608147;PROFIT_RATCHET_LOCKED;floor=4.85 peak=11.40;MANAGE_PROFIT;SAFE;1;0;1;-1;-1;4378.01;10.83;10.83;11.40;-19.02;KELLY_LITE;true;0.04;213068.52;0.0417;KELLY_LITE(mult=0.80 taper=1.00 n=14)+CONSEC_REDUCE(0.50)+HARD_RISK_CAP(2.0%)+MAXLOSS_CAP;213071.32;213082.15;34;0
2026.08.13 14:51:25;XAUUSD;5;1786608147;PROFIT_RATCHET_LOCKED;floor=4.85 peak=11.40;MANAGE_PROFIT;SAFE;1;0;1;-1;-1;4378.01;10.38;10.38;11.40;-19.02;KELLY_LITE;true;0.04;213068.52;0.0417;KELLY_LITE(mult=0.80 taper=1.00 n=14)+CONSEC_REDUCE(0.50)+HARD_RISK_CAP(2.0%)+MAXLOSS_CAP;213071.32;213081.70;36;0
2026.08.13 14:51:25;XAUUSD;5;1786608147;PROFIT_RATCHET_LOCKED;floor=4.85 peak=11.40;MANAGE_PROFIT;SAFE;1;0;1;-1;-1;4378.01;10.26;10.26;11.40;-19.02;KELLY_LITE;true;0.04;213068.52;0.0417;KELLY_LITE(mult=0.80 taper=1.00 n=14)+CONSEC_REDUCE(0.50)+HARD_RISK_CAP(2.0%)+MAXLOSS_CAP;213071.32;213081.58;36;0
2026.08.13 14:51:25;XAUUSD;5;1786608147;PROFIT_RATCHET_LOCKED;floor=4.85 peak=11.40;MANAGE_PROFIT;SAFE;1;0;1;-1;-1;4378.01;10.29;10.29;11.40;-19.02;KELLY_LITE;true;0.04;213068.52;0.0417;KELLY_LITE(mult=0.80 taper=1.00 n=14)+CONSEC_REDUCE(0.50)+HARD_RISK_CAP(2.0%)+MAXLOSS_CAP;213071.32;213081.61;36;0
2026.08.13 14:51:25;XAUUSD;5;1786608147;PROFIT_RATCHET_LOCKED;floor=4.85 peak=11.40;MANAGE_PROFIT;SAFE;1;0;1;-1;-1;4378.01;10.26;10.26;11.40;-19.02;KELLY_LITE;true;0.04;213068.52;0.0417;KELLY_LITE(mult=0.80 taper=1.00 n=14)+CONSEC_REDUCE(0.50)+HARD_RISK_CAP(2.0%)+MAXLOSS_CAP;213071.32;213081.58;33;0
2026.08.13 14:51:26;XAUUSD;5;1786608147;EXIT_TIERED_TRAIL;profit=9.90 peak=11.40 allowedRetrace=1.37;MANAGE_PROFIT;SAFE;1;0;1;-1;-1;4378.01;9.90;9.90;11.40;-19.02;KELLY_LITE;true;0.04;213068.52;0.0417;KELLY_LITE(mult=0.80 taper=1.00 n=14)+CONSEC_REDUCE(0.50)+HARD_RISK_CAP(2.0%)+MAXLOSS_CAP;213071.32;213081.22;36;0
2026.08.13 14:51:26;XAUUSD;5;1786608147;POSITION_CLOSED;ticket=119312966 reason=tiered_profit_trail lots=0.03 price=4374.71 pnl=9.90;MANAGE_PROFIT;SAFE;0;0;1;-1;-1;4378.01;0.00;0.00;11.40;-19.02;KELLY_LITE;true;0.04;213068.52;0.0417;KELLY_LITE(mult=0.80 taper=1.00 n=14)+CONSEC_REDUCE(0.50)+HARD_RISK_CAP(2.0%)+MAXLOSS_CAP;213081.37;213081.37;34;0
2026.08.13 14:51:26;XAUUSD;5;1786608147;CYCLE_RESET;oldState=RESET realizedPnL=12.85 peak=11.40 worst=-19.02 pyramid=0 consLosses=0;RESET;SAFE;0;0;0;-1;-1;4378.01;0.00;0.00;11.40;-19.02;KELLY_LITE;true;0.04;213068.52;0.0417;KELLY_LITE(mult=0.80 taper=1.00 n=14)+CONSEC_REDUCE(0.50)+HARD_RISK_CAP(2.0%)+MAXLOSS_CAP;213081.37;213081.37;34;0
2026.08.13 14:56:26;XAUUSD;5;1786608147;FILTER_BLOCK_TREND;TREND_NEUTRAL_EMA;BLOCKED;SAFE;0;0;0;-1;-1;0.00;0.00;0.00;0.00;0.00;KELLY_LITE;true;0.04;213068.52;0.0417;KELLY_LITE(mult=0.80 taper=1.00 n=14)+CONSEC_REDUCE(0.50)+HARD_RISK_CAP(2.0%)+MAXLOSS_CAP;213081.37;213081.37;33;0
2026.08.13 15:01:26;XAUUSD;5;1786608148;PLACE_PENDING_START;cycle=1786608148 trend=-1 consecLosses=0 preset=AGGRESSIVE;PLACE_PENDING;SAFE;0;0;0;-1;-1;0.00;0.00;0.00;0.00;0.00;KELLY_LITE;true;0.04;213068.52;0.0417;KELLY_LITE(mult=0.80 taper=1.00 n=14)+CONSEC_REDUCE(0.50)+HARD_RISK_CAP(2.0%)+MAXLOSS_CAP;213081.37;213081.37;33;0
2026.08.13 15:01:26;XAUUSD;5;1786608148;DIR_OCO_PLACED;dir=BEAR ticket=119318322 price=4370.92 sl=4385.92 tp=4348.42 lot=0.03 dist=2.81;PLACE_PENDING;SAFE;0;1;0;-1;119318322;0.00;0.00;0.00;0.00;0.00;KELLY_LITE;true;0.04;213081.37;0.0417;KELLY_LITE(mult=0.85 taper=1.00 n=15)+HARD_RISK_CAP(2.0%)+MAXLOSS_CAP;213081.37;213081.37;33;0
2026.08.13 15:01:27;XAUUSD;5;1786608148;DIR_OCO_COUNTER_PLACED;dir=BULL(counter) ticket=119318323 price=4376.73 lot=0.03;PLACE_PENDING;SAFE;0;2;0;119318323;119318322;0.00;0.00;0.00;0.00;0.00;KELLY_LITE;true;0.04;213081.37;0.0417;KELLY_LITE(mult=0.85 taper=1.00 n=15)+HARD_RISK_CAP(2.0%)+MAXLOSS_CAP;213081.37;213081.37;33;0
2026.08.13 15:01:28;XAUUSD;5;1786608148;SELL_STOP_TRAILED;Old=4370.92 New=4371.34;WAIT_TRIGGER;SAFE;0;2;0;119318323;119318322;0.00;0.00;0.00;0.00;0.00;KELLY_LITE;true;0.04;213081.37;0.0417;KELLY_LITE(mult=0.85 taper=1.00 n=15)+HARD_RISK_CAP(2.0%)+MAXLOSS_CAP;213081.37;213081.37;33;0
2026.08.13 15:01:36;XAUUSD;5;1786608148;BUY_STOP_TRAILED;Old=4376.73 New=4376.28;WAIT_TRIGGER;SAFE;0;2;0;119318323;119318322;0.00;0.00;0.00;0.00;0.00;KELLY_LITE;true;0.04;213081.37;0.0417;KELLY_LITE(mult=0.85 taper=1.00 n=15)+HARD_RISK_CAP(2.0%)+MAXLOSS_CAP;213081.37;213081.37;36;0
2026.08.13 15:01:52;XAUUSD;5;1786608148;BUY_STOP_TRAILED;Old=4376.28 New=4375.87;WAIT_TRIGGER;SAFE;0;2;0;119318323;119318322;0.00;0.00;0.00;0.00;0.00;KELLY_LITE;true;0.04;213081.37;0.0417;KELLY_LITE(mult=0.85 taper=1.00 n=15)+HARD_RISK_CAP(2.0%)+MAXLOSS_CAP;213081.37;213081.37;34;0
2026.08.13 15:01:54;XAUUSD;5;1786608148;BUY_STOP_TRAILED;Old=4375.87 New=4375.51;WAIT_TRIGGER;SAFE;0;2;0;119318323;119318322;0.00;0.00;0.00;0.00;0.00;KELLY_LITE;true;0.04;213081.37;0.0417;KELLY_LITE(mult=0.85 taper=1.00 n=15)+HARD_RISK_CAP(2.0%)+MAXLOSS_CAP;213081.37;213081.37;33;0
2026.08.13 15:02:00;XAUUSD;5;1786608148;SELL_STOP_TRAILED;Old=4371.34 New=4371.65;WAIT_TRIGGER;SAFE;0;2;0;119318323;119318322;0.00;0.00;0.00;0.00;0.00;KELLY_LITE;true;0.04;213081.37;0.0417;KELLY_LITE(mult=0.85 taper=1.00 n=15)+HARD_RISK_CAP(2.0%)+MAXLOSS_CAP;213081.37;213081.37;33;0
2026.08.13 15:02:00;XAUUSD;5;1786608148;SELL_STOP_TRAILED;Old=4371.65 New=4371.98;WAIT_TRIGGER;SAFE;0;2;0;119318323;119318322;0.00;0.00;0.00;0.00;0.00;KELLY_LITE;true;0.04;213081.37;0.0417;KELLY_LITE(mult=0.85 taper=1.00 n=15)+HARD_RISK_CAP(2.0%)+MAXLOSS_CAP;213081.37;213081.37;36;0
2026.08.13 15:02:01;XAUUSD;5;1786608148;OCO_TRIGGERED_BUY;ticket=119318323 entry=4375.51;POSITION_ACTIVE;SAFE;1;1;0;-1;119318322;0.00;0.15;-0.96;0.00;0.00;KELLY_LITE;true;0.04;213081.37;0.0417;KELLY_LITE(mult=0.85 taper=1.00 n=15)+HARD_RISK_CAP(2.0%)+MAXLOSS_CAP;213081.37;213081.52;37;0
2026.08.13 15:02:02;XAUUSD;5;1786608148;PENDING_DELETED;ticket=119318322 reason=oco_buy_triggered;POSITION_ACTIVE;SAFE;1;0;0;-1;119318322;0.00;-0.36;-0.36;0.00;0.00;KELLY_LITE;true;0.04;213081.37;0.0417;KELLY_LITE(mult=0.85 taper=1.00 n=15)+HARD_RISK_CAP(2.0%)+MAXLOSS_CAP;213081.37;213081.01;36;0
2026.08.13 15:02:02;XAUUSD;5;1786608148;HEDGE_PENDING_PLACED;dir=SELL_STOP ticket=119318471 price=4372.39 sl=4375.39 lot=0.05 mainEntry=4375.51 dist=3.00 confirmBars=1;POSITION_ACTIVE;SAFE;1;1;1;-1;-1;4375.51;-1.08;-1.08;0.00;-0.36;KELLY_LITE;true;0.04;213081.37;0.0417;KELLY_LITE(mult=0.85 taper=1.00 n=15)+HARD_RISK_CAP(2.0%)+MAXLOSS_CAP;213081.37;213080.29;37;0
2026.08.13 15:02:23;XAUUSD;5;1786608148;SL_MODIFIED;ticket=119318323 oldSL=4363.51 newSL=4377.73 reason=break_even_lock_leg_0;MANAGE_PROFIT;SAFE;1;1;1;-1;-1;4375.51;8.85;8.85;8.22;-5.34;KELLY_LITE;true;0.04;213081.37;0.0417;KELLY_LITE(mult=0.85 taper=1.00 n=15)+HARD_RISK_CAP(2.0%)+MAXLOSS_CAP;213081.37;213090.22;35;0
2026.08.13 15:02:23;XAUUSD;5;1786608148;PROFIT_RATCHET_LOCKED;floor=3.49 peak=8.22;MANAGE_PROFIT;SAFE;1;1;1;-1;-1;4375.51;8.85;8.85;8.22;-5.34;KELLY_LITE;true;0.04;213081.37;0.0417;KELLY_LITE(mult=0.85 taper=1.00 n=15)+HARD_RISK_CAP(2.0%)+MAXLOSS_CAP;213081.37;213090.22;35;0
2026.08.13 15:02:23;XAUUSD;5;1786608148;SL_MODIFIED;ticket=119318323 oldSL=4377.73 newSL=4377.94 reason=break_even_lock_leg_0;MANAGE_PROFIT;SAFE;1;1;1;-1;-1;4375.51;9.48;9.48;8.85;-5.34;KELLY_LITE;true;0.04;213081.37;0.0417;KELLY_LITE(mult=0.85 taper=1.00 n=15)+HARD_RISK_CAP(2.0%)+MAXLOSS_CAP;213081.37;213090.85;36;0
2026.08.13 15:02:23;XAUUSD;5;1786608148;PROFIT_RATCHET_LOCKED;floor=3.76 peak=8.85;MANAGE_PROFIT;SAFE;1;1;1;-1;-1;4375.51;9.48;9.48;8.85;-5.34;KELLY_LITE;true;0.04;213081.37;0.0417;KELLY_LITE(mult=0.85 taper=1.00 n=15)+HARD_RISK_CAP(2.0%)+MAXLOSS_CAP;213081.37;213090.85;36;0
2026.08.13 15:02:24;XAUUSD;5;1786608148;SL_MODIFY_FAILED;ticket=119318323 newSL=4378.15 reason=break_even_lock_leg_0 err=0;MANAGE_PROFIT;SAFE;1;1;1;-1;-1;4375.51;7.71;7.71;9.48;-5.34;KELLY_LITE;true;0.04;213081.37;0.0417;KELLY_LITE(mult=0.85 taper=1.00 n=15)+HARD_RISK_CAP(2.0%)+MAXLOSS_CAP;213081.37;213089.08;33;0
2026.08.13 15:02:24;XAUUSD;5;1786608148;PROFIT_RATCHET_LOCKED;floor=4.03 peak=9.48;MANAGE_PROFIT;SAFE;1;1;1;-1;-1;4375.51;7.71;7.71;9.48;-5.34;KELLY_LITE;true;0.04;213081.37;0.0417;KELLY_LITE(mult=0.85 taper=1.00 n=15)+HARD_RISK_CAP(2.0%)+MAXLOSS_CAP;213081.37;213089.08;33;0
2026.08.13 15:02:24;XAUUSD;5;1786608148;EXIT_TIERED_TRAIL;profit=7.71 peak=9.48 allowedRetrace=1.42;MANAGE_PROFIT;SAFE;1;1;1;-1;-1;4375.51;7.71;7.71;9.48;-5.34;KELLY_LITE;true;0.04;213081.37;0.0417;KELLY_LITE(mult=0.85 taper=1.00 n=15)+HARD_RISK_CAP(2.0%)+MAXLOSS_CAP;213081.37;213089.08;33;0
2026.08.13 15:02:25;XAUUSD;5;1786608148;PENDING_DELETED;ticket=119318471 reason=close_all_hedge;MANAGE_PROFIT;SAFE;0;0;0;-1;-1;4375.51;0.00;0.00;9.48;-5.34;KELLY_LITE;true;0.04;213081.37;0.0417;KELLY_LITE(mult=0.85 taper=1.00 n=15)+HARD_RISK_CAP(2.0%)+MAXLOSS_CAP;213088.66;213088.66;36;0
2026.08.13 15:02:25;XAUUSD;5;1786608148;TRADELOG_RECOVER_CLOSE;ticket=119318323 type=main pnl=7.29;RESET;SAFE;0;0;0;-1;-1;4375.51;0.00;0.00;9.48;-5.34;KELLY_LITE;true;0.04;213081.37;0.0417;KELLY_LITE(mult=0.85 taper=1.00 n=15)+HARD_RISK_CAP(2.0%)+MAXLOSS_CAP;213088.66;213088.66;36;0
2026.08.13 15:02:25;XAUUSD;5;1786608148;CYCLE_RESET;oldState=RESET realizedPnL=7.29 peak=9.48 worst=-5.34 pyramid=0 consLosses=0;RESET;SAFE;0;0;0;-1;-1;4375.51;0.00;0.00;9.48;-5.34;KELLY_LITE;true;0.04;213081.37;0.0417;KELLY_LITE(mult=0.85 taper=1.00 n=15)+HARD_RISK_CAP(2.0%)+MAXLOSS_CAP;213088.66;213088.66;36;0
2026.08.13 15:07:25;XAUUSD;5;1786608149;PLACE_PENDING_START;cycle=1786608149 trend=-1 consecLosses=0 preset=AGGRESSIVE;PLACE_PENDING;SAFE;0;0;0;-1;-1;0.00;0.00;0.00;0.00;0.00;KELLY_LITE;true;0.04;213081.37;0.0417;KELLY_LITE(mult=0.85 taper=1.00 n=15)+HARD_RISK_CAP(2.0%)+MAXLOSS_CAP;213088.66;213088.66;33;0
2026.08.13 15:07:25;XAUUSD;5;1786608149;DIR_OCO_PLACED;dir=BEAR ticket=119320353 price=4374.12 sl=4389.12 tp=4351.62 lot=0.03 dist=2.89;PLACE_PENDING;SAFE;0;1;0;-1;119320353;0.00;0.00;0.00;0.00;0.00;KELLY_LITE;true;0.04;213088.66;0.0417;KELLY_LITE(mult=0.90 taper=1.00 n=16)+HARD_RISK_CAP(2.0%)+MAXLOSS_CAP;213088.66;213088.66;33;0
2026.08.13 15:07:26;XAUUSD;5;1786608149;DIR_OCO_COUNTER_PLACED;dir=BULL(counter) ticket=119320358 price=4380.27 lot=0.03;PLACE_PENDING;SAFE;0;2;0;119320358;119320353;0.00;0.00;0.00;0.00;0.00;KELLY_LITE;true;0.04;213088.66;0.0417;KELLY_LITE(mult=0.90 taper=1.00 n=16)+HARD_RISK_CAP(2.0%)+MAXLOSS_CAP;213088.66;213088.66;33;0
2026.08.13 15:07:26;XAUUSD;5;1786608149;SELL_STOP_TRAILED;Old=4374.12 New=4374.70;WAIT_TRIGGER;SAFE;0;2;0;119320358;119320353;0.00;0.00;0.00;0.00;0.00;KELLY_LITE;true;0.04;213088.66;0.0417;KELLY_LITE(mult=0.90 taper=1.00 n=16)+HARD_RISK_CAP(2.0%)+MAXLOSS_CAP;213088.66;213088.66;36;0
2026.08.13 15:07:28;XAUUSD;5;1786608149;SELL_STOP_TRAILED;Old=4374.70 New=4375.01;WAIT_TRIGGER;SAFE;0;2;0;119320358;119320353;0.00;0.00;0.00;0.00;0.00;KELLY_LITE;true;0.04;213088.66;0.0417;KELLY_LITE(mult=0.90 taper=1.00 n=16)+HARD_RISK_CAP(2.0%)+MAXLOSS_CAP;213088.66;213088.66;33;0
2026.08.13 15:07:29;XAUUSD;5;1786608149;SELL_STOP_TRAILED;Old=4375.01 New=4375.51;WAIT_TRIGGER;SAFE;0;2;0;119320358;119320353;0.00;0.00;0.00;0.00;0.00;KELLY_LITE;true;0.04;213088.66;0.0417;KELLY_LITE(mult=0.90 taper=1.00 n=16)+HARD_RISK_CAP(2.0%)+MAXLOSS_CAP;213088.66;213088.66;35;0
2026.08.13 15:08:11;XAUUSD;5;1786608149;BUY_STOP_TRAILED;Old=4380.27 New=4379.89;WAIT_TRIGGER;SAFE;0;2;0;119320358;119320353;0.00;0.00;0.00;0.00;0.00;KELLY_LITE;true;0.04;213088.66;0.0417;KELLY_LITE(mult=0.90 taper=1.00 n=16)+HARD_RISK_CAP(2.0%)+MAXLOSS_CAP;213088.66;213088.66;36;0
2026.08.13 15:08:16;XAUUSD;5;1786608149;BUY_STOP_TRAILED;Old=4379.89 New=4379.57;WAIT_TRIGGER;SAFE;0;2;0;119320358;119320353;0.00;0.00;0.00;0.00;0.00;KELLY_LITE;true;0.04;213088.66;0.0417;KELLY_LITE(mult=0.90 taper=1.00 n=16)+HARD_RISK_CAP(2.0%)+MAXLOSS_CAP;213088.66;213088.66;36;0
2026.08.13 15:08:28;XAUUSD;5;1786608149;BUY_STOP_TRAILED;Old=4379.57 New=4379.10;WAIT_TRIGGER;SAFE;0;2;0;119320358;119320353;0.00;0.00;0.00;0.00;0.00;KELLY_LITE;true;0.04;213088.66;0.0417;KELLY_LITE(mult=0.90 taper=1.00 n=16)+HARD_RISK_CAP(2.0%)+MAXLOSS_CAP;213088.66;213088.66;33;0
2026.08.13 15:08:34;XAUUSD;5;1786608149;BUY_STOP_TRAILED;Old=4379.10 New=4378.78;WAIT_TRIGGER;SAFE;1;1;0;119320358;119320353;0.00;2.22;2.22;0.00;0.00;KELLY_LITE;true;0.04;213088.66;0.0417;KELLY_LITE(mult=0.90 taper=1.00 n=16)+HARD_RISK_CAP(2.0%)+MAXLOSS_CAP;213088.66;213090.88;36;0
2026.08.13 15:08:34;XAUUSD;5;1786608149;OCO_TRIGGERED_SELL;ticket=119320353 entry=4375.51;POSITION_ACTIVE;SAFE;1;1;0;119320358;-1;0.00;2.22;2.22;0.00;0.00;KELLY_LITE;true;0.04;213088.66;0.0417;KELLY_LITE(mult=0.90 taper=1.00 n=16)+HARD_RISK_CAP(2.0%)+MAXLOSS_CAP;213088.66;213090.88;36;0
2026.08.13 15:08:35;XAUUSD;5;1786608149;PENDING_DELETED;ticket=119320358 reason=oco_sell_triggered;POSITION_ACTIVE;SAFE;1;0;0;119320358;-1;0.00;4.02;4.02;0.00;0.00;KELLY_LITE;true;0.04;213088.66;0.0417;KELLY_LITE(mult=0.90 taper=1.00 n=16)+HARD_RISK_CAP(2.0%)+MAXLOSS_CAP;213088.66;213092.68;36;0
2026.08.13 15:08:35;XAUUSD;5;1786608149;HEDGE_BLOCK_CONFIRM;need=1 adverse bars;POSITION_ACTIVE;SAFE;1;0;1;-1;-1;4375.51;4.02;4.02;4.02;0.00;KELLY_LITE;true;0.04;213088.66;0.0417;KELLY_LITE(mult=0.90 taper=1.00 n=16)+HARD_RISK_CAP(2.0%)+MAXLOSS_CAP;213088.66;213092.68;36;0
2026.08.13 15:08:48;XAUUSD;5;1786608149;SL_MODIFIED;ticket=119320353 oldSL=4387.51 newSL=4374.52 reason=break_even_lock_leg_0 (retry buf=20pt);MANAGE_PROFIT;SAFE;1;0;1;-1;-1;4375.51;5.04;5.31;8.67;0.00;KELLY_LITE;true;0.04;213088.66;0.0417;KELLY_LITE(mult=0.90 taper=1.00 n=16)+HARD_RISK_CAP(2.0%)+MAXLOSS_CAP;213088.66;213093.70;36;0
2026.08.13 15:08:48;XAUUSD;5;1786608149;PROFIT_RATCHET_LOCKED;floor=2.93 peak=8.67;MANAGE_PROFIT;SAFE;1;0;1;-1;-1;4375.51;5.04;5.31;8.67;0.00;KELLY_LITE;true;0.04;213088.66;0.0417;KELLY_LITE(mult=0.90 taper=1.00 n=16)+HARD_RISK_CAP(2.0%)+MAXLOSS_CAP;213088.66;213093.70;36;0
2026.08.13 15:08:48;XAUUSD;5;1786608149;EXIT_TIERED_TRAIL;profit=5.04 peak=8.67 allowedRetrace=2.82;MANAGE_PROFIT;SAFE;1;0;1;-1;-1;4375.51;5.04;5.31;8.67;0.00;KELLY_LITE;true;0.04;213088.66;0.0417;KELLY_LITE(mult=0.90 taper=1.00 n=16)+HARD_RISK_CAP(2.0%)+MAXLOSS_CAP;213088.66;213093.70;36;0
2026.08.13 15:08:49;XAUUSD;5;1786608149;POSITION_CLOSED;ticket=119320353 reason=tiered_profit_trail lots=0.03 price=4373.74 pnl=5.04;MANAGE_PROFIT;SAFE;0;0;1;-1;-1;4375.51;0.00;0.00;8.67;0.00;KELLY_LITE;true;0.04;213088.66;0.0417;KELLY_LITE(mult=0.90 taper=1.00 n=16)+HARD_RISK_CAP(2.0%)+MAXLOSS_CAP;213094.63;213094.63;37;0
2026.08.13 15:08:49;XAUUSD;5;1786608149;CYCLE_RESET;oldState=RESET realizedPnL=5.97 peak=8.67 worst=0.00 pyramid=0 consLosses=0;RESET;SAFE;0;0;0;-1;-1;4375.51;0.00;0.00;8.67;0.00;KELLY_LITE;true;0.04;213088.66;0.0417;KELLY_LITE(mult=0.90 taper=1.00 n=16)+HARD_RISK_CAP(2.0%)+MAXLOSS_CAP;213094.63;213094.63;37;0
2026.08.13 15:13:49;XAUUSD;5;1786608149;FILTER_BLOCK_RSI_SELL;RSI_SELL_BLOCK (rsi=29.3 min=30.0);BLOCKED;SAFE;0;0;0;-1;-1;0.00;0.00;0.00;0.00;0.00;KELLY_LITE;true;0.04;213088.66;0.0417;KELLY_LITE(mult=0.90 taper=1.00 n=16)+HARD_RISK_CAP(2.0%)+MAXLOSS_CAP;213094.63;213094.63;36;0
2026.08.13 15:18:49;XAUUSD;5;1786608150;PLACE_PENDING_START;cycle=1786608150 trend=-1 consecLosses=0 preset=AGGRESSIVE;PLACE_PENDING;SAFE;0;0;0;-1;-1;0.00;0.00;0.00;0.00;0.00;KELLY_LITE;true;0.04;213088.66;0.0417;KELLY_LITE(mult=0.90 taper=1.00 n=16)+HARD_RISK_CAP(2.0%)+MAXLOSS_CAP;213094.63;213094.63;37;0
2026.08.13 15:18:49;XAUUSD;5;1786608150;DIR_OCO_PLACED;dir=BEAR ticket=119324370 price=4374.31 sl=4389.31 tp=4351.81 lot=0.03 dist=2.95;PLACE_PENDING;SAFE;0;1;0;-1;119324370;0.00;0.00;0.00;0.00;0.00;KELLY_LITE;true;0.04;213094.63;0.0417;KELLY_LITE(mult=0.95 taper=1.00 n=17)+HARD_RISK_CAP(2.0%)+MAXLOSS_CAP;213094.63;213094.63;36;0
2026.08.13 15:18:50;XAUUSD;5;1786608150;DIR_OCO_COUNTER_PLACED;dir=BULL(counter) ticket=119324372 price=4380.26 lot=0.03;PLACE_PENDING;SAFE;0;2;0;119324372;119324370;0.00;0.00;0.00;0.00;0.00;KELLY_LITE;true;0.04;213094.63;0.0417;KELLY_LITE(mult=0.95 taper=1.00 n=17)+HARD_RISK_CAP(2.0%)+MAXLOSS_CAP;213094.63;213094.63;36;0
2026.08.13 15:18:53;XAUUSD;5;1786608150;BUY_STOP_TRAILED;Old=4380.26 New=4379.89;WAIT_TRIGGER;SAFE;0;2;0;119324372;119324370;0.00;0.00;0.00;0.00;0.00;KELLY_LITE;true;0.04;213094.63;0.0417;KELLY_LITE(mult=0.95 taper=1.00 n=17)+HARD_RISK_CAP(2.0%)+MAXLOSS_CAP;213094.63;213094.63;36;0
2026.08.13 15:19:12;XAUUSD;5;1786608150;BUY_STOP_TRAILED;Old=4379.89 New=4379.57;WAIT_TRIGGER;SAFE;0;2;0;119324372;119324370;0.00;0.00;0.00;0.00;0.00;KELLY_LITE;true;0.04;213094.63;0.0417;KELLY_LITE(mult=0.95 taper=1.00 n=17)+HARD_RISK_CAP(2.0%)+MAXLOSS_CAP;213094.63;213094.63;36;0
2026.08.13 15:19:27;XAUUSD;5;1786608150;BUY_STOP_TRAILED;Old=4379.57 New=4379.01;WAIT_TRIGGER;SAFE;0;2;0;119324372;119324370;0.00;0.00;0.00;0.00;0.00;KELLY_LITE;true;0.04;213094.63;0.0417;KELLY_LITE(mult=0.95 taper=1.00 n=17)+HARD_RISK_CAP(2.0%)+MAXLOSS_CAP;213094.63;213094.63;36;0
2026.08.13 15:19:47;XAUUSD;5;1786608150;BUY_STOP_TRAILED;Old=4379.01 New=4378.69;WAIT_TRIGGER;SAFE;0;2;0;119324372;119324370;0.00;0.00;0.00;0.00;0.00;KELLY_LITE;true;0.04;213094.63;0.0417;KELLY_LITE(mult=0.95 taper=1.00 n=17)+HARD_RISK_CAP(2.0%)+MAXLOSS_CAP;213094.63;213094.63;36;0
2026.08.13 15:19:50;XAUUSD;5;1786608150;BUY_STOP_TRAILED;Old=4378.69 New=4378.36;WAIT_TRIGGER;SAFE;0;2;0;119324372;119324370;0.00;0.00;0.00;0.00;0.00;KELLY_LITE;true;0.04;213094.63;0.0417;KELLY_LITE(mult=0.95 taper=1.00 n=17)+HARD_RISK_CAP(2.0%)+MAXLOSS_CAP;213094.63;213094.63;36;0
2026.08.13 15:20:16;XAUUSD;5;1786608150;BUY_STOP_TRAILED;Old=4378.36 New=4377.69;WAIT_TRIGGER;SAFE;1;1;0;119324372;119324370;0.00;-1.26;-1.26;0.00;0.00;KELLY_LITE;true;0.04;213094.63;0.0417;KELLY_LITE(mult=0.95 taper=1.00 n=17)+HARD_RISK_CAP(2.0%)+MAXLOSS_CAP;213094.63;213093.37;36;0
2026.08.13 15:20:16;XAUUSD;5;1786608150;OCO_TRIGGERED_SELL;ticket=119324370 entry=4374.31;POSITION_ACTIVE;SAFE;1;1;0;119324372;-1;0.00;-1.26;-1.26;0.00;0.00;KELLY_LITE;true;0.04;213094.63;0.0417;KELLY_LITE(mult=0.95 taper=1.00 n=17)+HARD_RISK_CAP(2.0%)+MAXLOSS_CAP;213094.63;213093.37;36;0
2026.08.13 15:20:17;XAUUSD;5;1786608150;PENDING_DELETED;ticket=119324372 reason=oco_sell_triggered;POSITION_ACTIVE;SAFE;1;0;0;119324372;-1;0.00;-1.17;-1.17;0.00;0.00;KELLY_LITE;true;0.04;213094.63;0.0417;KELLY_LITE(mult=0.95 taper=1.00 n=17)+HARD_RISK_CAP(2.0%)+MAXLOSS_CAP;213094.63;213093.46;36;0
2026.08.13 15:20:17;XAUUSD;5;1786608150;HEDGE_PENDING_PLACED;dir=BUY_STOP ticket=119324777 price=4377.70 sl=4374.70 lot=0.05 mainEntry=4374.31 dist=3.00 confirmBars=1;POSITION_ACTIVE;SAFE;1;1;1;-1;-1;4374.31;-0.69;-0.69;0.00;-1.17;KELLY_LITE;true;0.04;213094.63;0.0417;KELLY_LITE(mult=0.95 taper=1.00 n=17)+HARD_RISK_CAP(2.0%)+MAXLOSS_CAP;213094.63;213093.94;36;0
2026.08.13 15:21:49;XAUUSD;5;1786608150;POSITION_CLOSED;ticket=119324777 reason=hedge_reversal_giveback_cap lots=0.05 price=4377.09 pnl=-3.05;MANAGE_PROFIT;SAFE;1;0;1;-1;-1;4374.31;-10.35;-10.35;3.48;-9.73;KELLY_LITE;true;0.04;213094.63;0.0417;KELLY_LITE(mult=0.95 taper=1.00 n=17)+HARD_RISK_CAP(2.0%)+MAXLOSS_CAP;213093.63;213083.28;36;0
2026.08.13 15:21:49;XAUUSD;5;1786608150;HEDGE_CLOSED_REVERSAL;profit=-3.05 peak=1.10 giveback=4.15 cap=2.50 reason=giveback_cap ok=1;MANAGE_PROFIT;SAFE;1;0;1;-1;-1;4374.31;-10.35;-10.35;3.48;-9.73;KELLY_LITE;true;0.04;213094.63;0.0417;KELLY_LITE(mult=0.95 taper=1.00 n=17)+HARD_RISK_CAP(2.0%)+MAXLOSS_CAP;213093.63;213083.28;36;0
2026.08.13 15:23:51;XAUUSD;5;1786608150;SL_MODIFIED;ticket=119324370 oldSL=4389.31 newSL=4371.99 reason=break_even_lock_leg_0;MANAGE_PROFIT;SAFE;1;0;1;-1;-1;4374.31;9.06;7.62;8.52;-11.82;KELLY_LITE;true;0.04;213094.63;0.0417;KELLY_LITE(mult=0.95 taper=1.00 n=17)+HARD_RISK_CAP(2.0%)+MAXLOSS_CAP;213093.63;213102.69;36;0
2026.08.13 15:23:51;XAUUSD;5;1786608150;PROFIT_RATCHET_LOCKED;floor=2.88 peak=8.52;MANAGE_PROFIT;SAFE;1;0;1;-1;-1;4374.31;9.06;7.62;8.52;-11.82;KELLY_LITE;true;0.04;213094.63;0.0417;KELLY_LITE(mult=0.95 taper=1.00 n=17)+HARD_RISK_CAP(2.0%)+MAXLOSS_CAP;213093.63;213102.69;36;0
2026.08.13 15:23:51;XAUUSD;5;1786608150;PROFIT_RATCHET_LOCKED;floor=3.06 peak=9.06;MANAGE_PROFIT;SAFE;1;0;1;-1;-1;4374.31;9.06;7.62;9.06;-11.82;KELLY_LITE;true;0.04;213094.63;0.0417;KELLY_LITE(mult=0.95 taper=1.00 n=17)+HARD_RISK_CAP(2.0%)+MAXLOSS_CAP;213093.63;213102.69;36;0
2026.08.13 15:23:51;XAUUSD;5;1786608150;EXIT_TIERED_TRAIL;profit=7.14 peak=9.06 allowedRetrace=1.59;MANAGE_PROFIT;SAFE;1;0;1;-1;-1;4374.31;7.14;7.14;9.06;-11.82;KELLY_LITE;true;0.04;213094.63;0.0417;KELLY_LITE(mult=0.95 taper=1.00 n=17)+HARD_RISK_CAP(2.0%)+MAXLOSS_CAP;213093.63;213100.77;36;0
2026.08.13 15:23:52;XAUUSD;5;1786608150;TRADELOG_RECOVER_CLOSE;ticket=119324370 type=main pnl=6.96;RESET;SAFE;0;0;0;-1;-1;4374.31;0.00;0.00;9.06;-11.82;KELLY_LITE;true;0.04;213094.63;0.0417;KELLY_LITE(mult=0.95 taper=1.00 n=17)+HARD_RISK_CAP(2.0%)+MAXLOSS_CAP;213100.59;213100.59;36;0
2026.08.13 15:23:52;XAUUSD;5;1786608150;CYCLE_RESET;oldState=RESET realizedPnL=5.96 peak=9.06 worst=-11.82 pyramid=0 consLosses=0;RESET;SAFE;0;0;0;-1;-1;4374.31;0.00;0.00;9.06;-11.82;KELLY_LITE;true;0.04;213094.63;0.0417;KELLY_LITE(mult=0.95 taper=1.00 n=17)+HARD_RISK_CAP(2.0%)+MAXLOSS_CAP;213100.59;213100.59;36;0
2026.08.13 15:28:52;XAUUSD;5;1786608151;PLACE_PENDING_START;cycle=1786608151 trend=-1 consecLosses=0 preset=AGGRESSIVE;PLACE_PENDING;SAFE;0;0;0;-1;-1;0.00;0.00;0.00;0.00;0.00;KELLY_LITE;true;0.04;213094.63;0.0417;KELLY_LITE(mult=0.95 taper=1.00 n=17)+HARD_RISK_CAP(2.0%)+MAXLOSS_CAP;213100.59;213100.59;36;0
2026.08.13 15:28:52;XAUUSD;5;1786608151;DIR_OCO_PLACED;dir=BEAR ticket=119327470 price=4369.05 sl=4384.05 tp=4346.55 lot=0.03 dist=3.09;PLACE_PENDING;SAFE;0;1;0;-1;119327470;0.00;0.00;0.00;0.00;0.00;KELLY_LITE;true;0.04;213100.59;0.0417;KELLY_LITE(mult=1.00 taper=1.00 n=18)+HARD_RISK_CAP(2.0%)+MAXLOSS_CAP;213100.59;213100.59;36;0
2026.08.13 15:28:53;XAUUSD;5;1786608151;DIR_OCO_COUNTER_PLACED;dir=BULL(counter) ticket=119327474 price=4375.65 lot=0.03;PLACE_PENDING;SAFE;0;2;0;119327474;119327470;0.00;0.00;0.00;0.00;0.00;KELLY_LITE;true;0.04;213100.59;0.0417;KELLY_LITE(mult=1.00 taper=1.00 n=18)+HARD_RISK_CAP(2.0%)+MAXLOSS_CAP;213100.59;213100.59;36;0
2026.08.13 15:28:55;XAUUSD;5;1786608151;BUY_STOP_TRAILED;Old=4375.65 New=4375.25;WAIT_TRIGGER;SAFE;0;2;0;119327474;119327470;0.00;0.00;0.00;0.00;0.00;KELLY_LITE;true;0.04;213100.59;0.0417;KELLY_LITE(mult=1.00 taper=1.00 n=18)+HARD_RISK_CAP(2.0%)+MAXLOSS_CAP;213100.59;213100.59;36;0
2026.08.13 15:29:04;XAUUSD;5;1786608151;BUY_STOP_TRAILED;Old=4375.25 New=4374.87;WAIT_TRIGGER;SAFE;0;2;0;119327474;119327470;0.00;0.00;0.00;0.00;0.00;KELLY_LITE;true;0.04;213100.59;0.0417;KELLY_LITE(mult=1.00 taper=1.00 n=18)+HARD_RISK_CAP(2.0%)+MAXLOSS_CAP;213100.59;213100.59;36;0
2026.08.13 15:29:13;XAUUSD;5;1786608151;BUY_STOP_TRAILED;Old=4374.87 New=4374.42;WAIT_TRIGGER;SAFE;0;2;0;119327474;119327470;0.00;0.00;0.00;0.00;0.00;KELLY_LITE;true;0.04;213100.59;0.0417;KELLY_LITE(mult=1.00 taper=1.00 n=18)+HARD_RISK_CAP(2.0%)+MAXLOSS_CAP;213100.59;213100.59;36;0
2026.08.13 15:29:14;XAUUSD;5;1786608151;BUY_STOP_TRAILED;Old=4374.42 New=4373.87;WAIT_TRIGGER;SAFE;0;2;0;119327474;119327470;0.00;0.00;0.00;0.00;0.00;KELLY_LITE;true;0.04;213100.59;0.0417;KELLY_LITE(mult=1.00 taper=1.00 n=18)+HARD_RISK_CAP(2.0%)+MAXLOSS_CAP;213100.59;213100.59;36;0
2026.08.13 15:29:19;XAUUSD;5;1786608151;BUY_STOP_TRAILED;Old=4373.87 New=4373.52;WAIT_TRIGGER;SAFE;0;2;0;119327474;119327470;0.00;0.00;0.00;0.00;0.00;KELLY_LITE;true;0.04;213100.59;0.0417;KELLY_LITE(mult=1.00 taper=1.00 n=18)+HARD_RISK_CAP(2.0%)+MAXLOSS_CAP;213100.59;213100.59;36;0
2026.08.13 15:29:23;XAUUSD;5;1786608151;BUY_STOP_TRAILED;Old=4373.52 New=4373.15;WAIT_TRIGGER;SAFE;0;2;0;119327474;119327470;0.00;0.00;0.00;0.00;0.00;KELLY_LITE;true;0.04;213100.59;0.0417;KELLY_LITE(mult=1.00 taper=1.00 n=18)+HARD_RISK_CAP(2.0%)+MAXLOSS_CAP;213100.59;213100.59;36;0
2026.08.13 15:29:24;XAUUSD;5;1786608151;BUY_STOP_TRAILED;Old=4373.15 New=4372.75;WAIT_TRIGGER;SAFE;0;2;0;119327474;119327470;0.00;0.00;0.00;0.00;0.00;KELLY_LITE;true;0.04;213100.59;0.0417;KELLY_LITE(mult=1.00 taper=1.00 n=18)+HARD_RISK_CAP(2.0%)+MAXLOSS_CAP;213100.59;213100.59;36;0
2026.08.13 15:29:31;XAUUSD;5;1786608151;OCO_TRIGGERED_SELL;ticket=119327470 entry=4369.05;POSITION_ACTIVE;SAFE;1;1;0;119327474;-1;0.00;0.39;-0.60;0.00;0.00;KELLY_LITE;true;0.04;213100.59;0.0417;KELLY_LITE(mult=1.00 taper=1.00 n=18)+HARD_RISK_CAP(2.0%)+MAXLOSS_CAP;213100.59;213100.98;33;0
2026.08.13 15:29:32;XAUUSD;5;1786608151;PENDING_DELETED;ticket=119327474 reason=oco_sell_triggered;POSITION_ACTIVE;SAFE;1;0;0;119327474;-1;0.00;1.23;1.23;0.00;0.00;KELLY_LITE;true;0.04;213100.59;0.0417;KELLY_LITE(mult=1.00 taper=1.00 n=18)+HARD_RISK_CAP(2.0%)+MAXLOSS_CAP;213100.59;213101.82;36;0
2026.08.13 15:29:32;XAUUSD;5;1786608151;HEDGE_PENDING_PLACED;dir=BUY_STOP ticket=119327719 price=4371.64 sl=4368.64 lot=0.05 mainEntry=4369.05 dist=3.00 confirmBars=1;POSITION_ACTIVE;SAFE;1;1;1;-1;-1;4369.05;1.35;1.35;1.23;0.00;KELLY_LITE;true;0.04;213100.59;0.0417;KELLY_LITE(mult=1.00 taper=1.00 n=18)+HARD_RISK_CAP(2.0%)+MAXLOSS_CAP;213100.59;213101.94;36;0
2026.08.13 15:30:12;XAUUSD;5;1786608151;SL_MODIFIED;ticket=119327470 oldSL=4384.05 newSL=4366.85 reason=break_even_lock_leg_0;MANAGE_PROFIT;SAFE;1;1;1;-1;-1;4369.05;13.11;17.07;8.16;0.00;KELLY_LITE;true;0.04;213100.59;0.0417;KELLY_LITE(mult=1.00 taper=1.00 n=18)+HARD_RISK_CAP(2.0%)+MAXLOSS_CAP;213100.59;213113.70;33;0
2026.08.13 15:30:12;XAUUSD;5;1786608151;PROFIT_RATCHET_LOCKED;floor=2.75 peak=8.16;MANAGE_PROFIT;SAFE;1;1;1;-1;-1;4369.05;13.11;17.07;8.16;0.00;KELLY_LITE;true;0.04;213100.59;0.0417;KELLY_LITE(mult=1.00 taper=1.00 n=18)+HARD_RISK_CAP(2.0%)+MAXLOSS_CAP;213100.59;213113.70;33;0
2026.08.13 15:30:12;XAUUSD;5;1786608151;SL_MODIFY_FAILED;ticket=119327470 newSL=4364.05 reason=break_even_lock_leg_0 err=130;MANAGE_PROFIT;SAFE;1;1;1;-1;-1;4369.05;13.11;17.07;13.11;0.00;KELLY_LITE;true;0.04;213100.59;0.0417;KELLY_LITE(mult=1.00 taper=1.00 n=18)+HARD_RISK_CAP(2.0%)+MAXLOSS_CAP;213100.59;213113.70;33;0
2026.08.13 15:30:12;XAUUSD;5;1786608151;PROFIT_RATCHET_LOCKED;floor=4.42 peak=13.11;MANAGE_PROFIT;SAFE;1;1;1;-1;-1;4369.05;13.11;17.07;13.11;0.00;KELLY_LITE;true;0.04;213100.59;0.0417;KELLY_LITE(mult=1.00 taper=1.00 n=18)+HARD_RISK_CAP(2.0%)+MAXLOSS_CAP;213100.59;213113.70;33;0
2026.08.13 15:30:14;XAUUSD;5;1786608151;SL_MODIFIED;ticket=119327470 oldSL=4366.85 newSL=4364.05 reason=break_even_lock_leg_0;MANAGE_PROFIT;SAFE;1;1;1;-1;-1;4369.05;31.53;31.53;16.98;0.00;KELLY_LITE;true;0.04;213100.59;0.0417;KELLY_LITE(mult=1.00 taper=1.00 n=18)+HARD_RISK_CAP(2.0%)+MAXLOSS_CAP;213100.59;213132.12;33;0
2026.08.13 15:30:14;XAUUSD;5;1786608151;PROFIT_RATCHET_LOCKED;floor=5.73 peak=16.98;MANAGE_PROFIT;SAFE;1;1;1;-1;-1;4369.05;31.53;31.53;16.98;0.00;KELLY_LITE;true;0.04;213100.59;0.0417;KELLY_LITE(mult=1.00 taper=1.00 n=18)+HARD_RISK_CAP(2.0%)+MAXLOSS_CAP;213100.59;213132.12;33;0
2026.08.13 15:30:14;XAUUSD;5;1786608151;PROFIT_RATCHET_LOCKED;floor=11.42 peak=30.87;MANAGE_PROFIT;SAFE;1;1;1;-1;-1;4369.05;30.87;30.87;30.87;0.00;KELLY_LITE;true;0.04;213100.59;0.0417;KELLY_LITE(mult=1.00 taper=1.00 n=18)+HARD_RISK_CAP(2.0%)+MAXLOSS_CAP;213100.59;213131.46;33;0
2026.08.13 15:30:14;XAUUSD;5;1786608151;PROFIT_RATCHET_LOCKED;floor=11.42 peak=30.87;MANAGE_PROFIT;SAFE;1;1;1;-1;-1;4369.05;30.57;30.57;30.87;0.00;KELLY_LITE;true;0.04;213100.59;0.0417;KELLY_LITE(mult=1.00 taper=1.00 n=18)+HARD_RISK_CAP(2.0%)+MAXLOSS_CAP;213100.59;213131.16;33;0
2026.08.13 15:30:14;XAUUSD;5;1786608151;PROFIT_RATCHET_LOCKED;floor=11.42 peak=30.87;MANAGE_PROFIT;SAFE;1;1;1;-1;-1;4369.05;28.98;28.98;30.87;0.00;KELLY_LITE;true;0.04;213100.59;0.0417;KELLY_LITE(mult=1.00 taper=1.00 n=18)+HARD_RISK_CAP(2.0%)+MAXLOSS_CAP;213100.59;213129.57;33;0
2026.08.13 15:30:15;XAUUSD;5;1786608151;PROFIT_RATCHET_LOCKED;floor=11.42 peak=30.87;MANAGE_PROFIT;SAFE;1;1;1;-1;-1;4369.05;29.43;29.43;30.87;0.00;KELLY_LITE;true;0.04;213100.59;0.0417;KELLY_LITE(mult=1.00 taper=1.00 n=18)+HARD_RISK_CAP(2.0%)+MAXLOSS_CAP;213100.59;213130.02;33;0
2026.08.13 15:30:15;XAUUSD;5;1786608151;PROFIT_RATCHET_LOCKED;floor=11.78 peak=31.83;MANAGE_PROFIT;SAFE;1;1;1;-1;-1;4369.05;31.83;31.83;31.83;0.00;KELLY_LITE;true;0.04;213100.59;0.0417;KELLY_LITE(mult=1.00 taper=1.00 n=18)+HARD_RISK_CAP(2.0%)+MAXLOSS_CAP;213100.59;213132.42;33;0
2026.08.13 15:30:15;XAUUSD;5;1786608151;PROFIT_RATCHET_LOCKED;floor=11.78 peak=31.83;MANAGE_PROFIT;SAFE;1;1;1;-1;-1;4369.05;30.99;30.99;31.83;0.00;KELLY_LITE;true;0.04;213100.59;0.0417;KELLY_LITE(mult=1.00 taper=1.00 n=18)+HARD_RISK_CAP(2.0%)+MAXLOSS_CAP;213100.59;213131.58;33;0
2026.08.13 15:30:15;XAUUSD;5;1786608151;PROFIT_RATCHET_LOCKED;floor=11.78 peak=31.83;MANAGE_PROFIT;SAFE;1;1;1;-1;-1;4369.05;29.88;29.88;31.83;0.00;KELLY_LITE;true;0.04;213100.59;0.0417;KELLY_LITE(mult=1.00 taper=1.00 n=18)+HARD_RISK_CAP(2.0%)+MAXLOSS_CAP;213100.59;213130.47;33;0
2026.08.13 15:30:15;XAUUSD;5;1786608151;PROFIT_RATCHET_LOCKED;floor=11.78 peak=31.83;MANAGE_PROFIT;SAFE;1;1;1;-1;-1;4369.05;28.89;28.89;31.83;0.00;KELLY_LITE;true;0.04;213100.59;0.0417;KELLY_LITE(mult=1.00 taper=1.00 n=18)+HARD_RISK_CAP(2.0%)+MAXLOSS_CAP;213100.59;213129.48;33;0
2026.08.13 15:30:15;XAUUSD;5;1786608151;PROFIT_RATCHET_LOCKED;floor=11.78 peak=31.83;MANAGE_PROFIT;SAFE;1;1;1;-1;-1;4369.05;29.97;29.97;31.83;0.00;KELLY_LITE;true;0.04;213100.59;0.0417;KELLY_LITE(mult=1.00 taper=1.00 n=18)+HARD_RISK_CAP(2.0%)+MAXLOSS_CAP;213100.59;213130.56;33;0
2026.08.13 15:30:16;XAUUSD;5;1786608151;PROFIT_RATCHET_LOCKED;floor=11.78 peak=31.83;MANAGE_PROFIT;SAFE;1;1;1;-1;-1;4369.05;30.48;30.48;31.83;0.00;KELLY_LITE;true;0.04;213100.59;0.0417;KELLY_LITE(mult=1.00 taper=1.00 n=18)+HARD_RISK_CAP(2.0%)+MAXLOSS_CAP;213100.59;213131.07;33;0
2026.08.13 15:30:16;XAUUSD;5;1786608151;PROFIT_RATCHET_LOCKED;floor=11.78 peak=31.83;MANAGE_PROFIT;SAFE;1;1;1;-1;-1;4369.05;29.22;29.22;31.83;0.00;KELLY_LITE;true;0.04;213100.59;0.0417;KELLY_LITE(mult=1.00 taper=1.00 n=18)+HARD_RISK_CAP(2.0%)+MAXLOSS_CAP;213100.59;213129.81;33;0
2026.08.13 15:30:16;XAUUSD;5;1786608151;PROFIT_RATCHET_LOCKED;floor=11.78 peak=31.83;MANAGE_PROFIT;SAFE;1;1;1;-1;-1;4369.05;29.04;29.04;31.83;0.00;KELLY_LITE;true;0.04;213100.59;0.0417;KELLY_LITE(mult=1.00 taper=1.00 n=18)+HARD_RISK_CAP(2.0%)+MAXLOSS_CAP;213100.59;213129.63;33;0
2026.08.13 15:30:16;XAUUSD;5;1786608151;PROFIT_RATCHET_LOCKED;floor=11.78 peak=31.83;MANAGE_PROFIT;SAFE;1;1;1;-1;-1;4369.05;29.10;29.10;31.83;0.00;KELLY_LITE;true;0.04;213100.59;0.0417;KELLY_LITE(mult=1.00 taper=1.00 n=18)+HARD_RISK_CAP(2.0%)+MAXLOSS_CAP;213100.59;213129.69;33;0
2026.08.13 15:30:17;XAUUSD;5;1786608151;PROFIT_RATCHET_LOCKED;floor=11.78 peak=31.83;MANAGE_PROFIT;SAFE;1;1;1;-1;-1;4369.05;29.22;29.22;31.83;0.00;KELLY_LITE;true;0.04;213100.59;0.0417;KELLY_LITE(mult=1.00 taper=1.00 n=18)+HARD_RISK_CAP(2.0%)+MAXLOSS_CAP;213100.59;213129.81;33;0
2026.08.13 15:30:17;XAUUSD;5;1786608151;PROFIT_RATCHET_LOCKED;floor=11.78 peak=31.83;MANAGE_PROFIT;SAFE;1;1;1;-1;-1;4369.05;30.81;30.81;31.83;0.00;KELLY_LITE;true;0.04;213100.59;0.0417;KELLY_LITE(mult=1.00 taper=1.00 n=18)+HARD_RISK_CAP(2.0%)+MAXLOSS_CAP;213100.59;213131.40;33;0
2026.08.13 15:30:17;XAUUSD;5;1786608151;PROFIT_RATCHET_LOCKED;floor=11.78 peak=31.83;MANAGE_PROFIT;SAFE;1;1;1;-1;-1;4369.05;29.73;29.73;31.83;0.00;KELLY_LITE;true;0.04;213100.59;0.0417;KELLY_LITE(mult=1.00 taper=1.00 n=18)+HARD_RISK_CAP(2.0%)+MAXLOSS_CAP;213100.59;213130.32;33;0
2026.08.13 15:30:17;XAUUSD;5;1786608151;PROFIT_RATCHET_LOCKED;floor=11.78 peak=31.83;MANAGE_PROFIT;SAFE;1;1;1;-1;-1;4369.05;30.39;30.39;31.83;0.00;KELLY_LITE;true;0.04;213100.59;0.0417;KELLY_LITE(mult=1.00 taper=1.00 n=18)+HARD_RISK_CAP(2.0%)+MAXLOSS_CAP;213100.59;213130.98;33;0
2026.08.13 15:30:18;XAUUSD;5;1786608151;PROFIT_RATCHET_LOCKED;floor=12.24 peak=33.09;MANAGE_PROFIT;SAFE;1;1;1;-1;-1;4369.05;33.09;33.09;33.09;0.00;KELLY_LITE;true;0.04;213100.59;0.0417;KELLY_LITE(mult=1.00 taper=1.00 n=18)+HARD_RISK_CAP(2.0%)+MAXLOSS_CAP;213100.59;213133.68;33;0
2026.08.13 15:30:18;XAUUSD;5;1786608151;PROFIT_RATCHET_LOCKED;floor=12.48 peak=33.72;MANAGE_PROFIT;SAFE;1;1;1;-1;-1;4369.05;33.72;33.72;33.72;0.00;KELLY_LITE;true;0.04;213100.59;0.0417;KELLY_LITE(mult=1.00 taper=1.00 n=18)+HARD_RISK_CAP(2.0%)+MAXLOSS_CAP;213100.59;213134.31;33;0
2026.08.13 15:30:18;XAUUSD;5;1786608151;PROFIT_RATCHET_LOCKED;floor=12.48 peak=33.72;MANAGE_PROFIT;SAFE;1;1;1;-1;-1;4369.05;29.97;29.97;33.72;0.00;KELLY_LITE;true;0.04;213100.59;0.0417;KELLY_LITE(mult=1.00 taper=1.00 n=18)+HARD_RISK_CAP(2.0%)+MAXLOSS_CAP;213100.59;213130.56;33;0
2026.08.13 15:30:18;XAUUSD;5;1786608151;EXIT_TIERED_TRAIL;profit=29.22 peak=33.72 allowedRetrace=4.05;MANAGE_PROFIT;SAFE;1;1;1;-1;-1;4369.05;29.22;29.22;33.72;0.00;KELLY_LITE;true;0.04;213100.59;0.0417;KELLY_LITE(mult=1.00 taper=1.00 n=18)+HARD_RISK_CAP(2.0%)+MAXLOSS_CAP;213100.59;213129.81;33;0
2026.08.13 15:30:19;XAUUSD;5;1786608151;POSITION_CLOSED;ticket=119327470 reason=tiered_profit_trail lots=0.03 price=4359.31 pnl=29.22;MANAGE_PROFIT;SAFE;0;1;1;-1;-1;4369.05;0.00;0.00;33.72;0.00;KELLY_LITE;true;0.04;213100.59;0.0417;KELLY_LITE(mult=1.00 taper=1.00 n=18)+HARD_RISK_CAP(2.0%)+MAXLOSS_CAP;213126.69;213126.69;36;0
2026.08.13 15:30:19;XAUUSD;5;1786608151;PENDING_DELETED;ticket=119327719 reason=close_all_hedge;MANAGE_PROFIT;SAFE;0;0;0;-1;-1;4369.05;0.00;0.00;33.72;0.00;KELLY_LITE;true;0.04;213100.59;0.0417;KELLY_LITE(mult=1.00 taper=1.00 n=18)+HARD_RISK_CAP(2.0%)+MAXLOSS_CAP;213126.69;213126.69;33;0
2026.08.13 15:30:19;XAUUSD;5;1786608151;CYCLE_RESET;oldState=RESET realizedPnL=26.10 peak=33.72 worst=0.00 pyramid=0 consLosses=0;RESET;SAFE;0;0;0;-1;-1;4369.05;0.00;0.00;33.72;0.00;KELLY_LITE;true;0.04;213100.59;0.0417;KELLY_LITE(mult=1.00 taper=1.00 n=18)+HARD_RISK_CAP(2.0%)+MAXLOSS_CAP;213126.69;213126.69;33;0
2026.08.13 15:35:19;XAUUSD;5;1786608152;PLACE_PENDING_START;cycle=1786608152 trend=-1 consecLosses=0 preset=AGGRESSIVE;PLACE_PENDING;SAFE;0;0;0;-1;-1;0.00;0.00;0.00;0.00;0.00;KELLY_LITE;true;0.04;213100.59;0.0417;KELLY_LITE(mult=1.00 taper=1.00 n=18)+HARD_RISK_CAP(2.0%)+MAXLOSS_CAP;213126.69;213126.69;36;0
2026.08.13 15:35:19;XAUUSD;5;1786608152;DIR_OCO_PLACED;dir=BEAR ticket=119330154 price=4373.01 sl=4388.01 tp=4350.51 lot=0.03 dist=3.40;PLACE_PENDING;SAFE;0;1;0;-1;119330154;0.00;0.00;0.00;0.00;0.00;KELLY_LITE;true;0.04;213126.69;0.0417;KELLY_LITE(mult=1.05 taper=1.00 n=19)+ATR_VOL(0.75@8.49)+HARD_RISK_CAP(2.0%)+MAXLOSS_CAP;213126.69;213126.69;36;0
2026.08.13 15:35:20;XAUUSD;5;1786608152;DIR_OCO_COUNTER_PLACED;dir=BULL(counter) ticket=119330157 price=4379.68 lot=0.03;PLACE_PENDING;SAFE;0;2;0;119330157;119330154;0.00;0.00;0.00;0.00;0.00;KELLY_LITE;true;0.04;213126.69;0.0417;KELLY_LITE(mult=1.05 taper=1.00 n=19)+ATR_VOL(0.75@8.49)+HARD_RISK_CAP(2.0%)+MAXLOSS_CAP;213126.69;213126.69;36;0
2026.08.13 15:35:26;XAUUSD;5;1786608152;BUY_STOP_TRAILED;Old=4379.68 New=4379.15;WAIT_TRIGGER;SAFE;0;2;0;119330157;119330154;0.00;0.00;0.00;0.00;0.00;KELLY_LITE;true;0.04;213126.69;0.0417;KELLY_LITE(mult=1.05 taper=1.00 n=19)+ATR_VOL(0.75@8.49)+HARD_RISK_CAP(2.0%)+MAXLOSS_CAP;213126.69;213126.69;36;0
2026.08.13 15:35:40;XAUUSD;5;1786608152;BUY_STOP_TRAILED;Old=4379.15 New=4378.60;WAIT_TRIGGER;SAFE;0;2;0;119330157;119330154;0.00;0.00;0.00;0.00;0.00;KELLY_LITE;true;0.04;213126.69;0.0417;KELLY_LITE(mult=1.05 taper=1.00 n=19)+ATR_VOL(0.75@8.49)+HARD_RISK_CAP(2.0%)+MAXLOSS_CAP;213126.69;213126.69;36;0
2026.08.13 15:36:01;XAUUSD;5;1786608152;SELL_STOP_TRAILED;Old=4373.01 New=4373.38;WAIT_TRIGGER;SAFE;0;2;0;119330157;119330154;0.00;0.00;0.00;0.00;0.00;KELLY_LITE;true;0.04;213126.69;0.0417;KELLY_LITE(mult=1.05 taper=1.00 n=19)+ATR_VOL(0.75@8.49)+HARD_RISK_CAP(2.0%)+MAXLOSS_CAP;213126.69;213126.69;36;0
2026.08.13 15:36:49;XAUUSD;5;1786608152;BUY_STOP_TRAILED;Old=4378.60 New=4378.27;WAIT_TRIGGER;SAFE;0;2;0;119330157;119330154;0.00;0.00;0.00;0.00;0.00;KELLY_LITE;true;0.04;213126.69;0.0417;KELLY_LITE(mult=1.05 taper=1.00 n=19)+ATR_VOL(0.75@8.49)+HARD_RISK_CAP(2.0%)+MAXLOSS_CAP;213126.69;213126.69;36;0
2026.08.13 15:37:02;XAUUSD;5;1786608152;SELL_STOP_TRAILED;Old=4373.38 New=4373.85;WAIT_TRIGGER;SAFE;0;2;0;119330157;119330154;0.00;0.00;0.00;0.00;0.00;KELLY_LITE;true;0.04;213126.69;0.0417;KELLY_LITE(mult=1.05 taper=1.00 n=19)+ATR_VOL(0.75@8.49)+HARD_RISK_CAP(2.0%)+MAXLOSS_CAP;213126.69;213126.69;36;0
2026.08.13 15:37:49;XAUUSD;5;1786608152;BUY_STOP_TRAILED;Old=4378.27 New=4377.80;WAIT_TRIGGER;SAFE;1;1;0;119330157;119330154;0.00;0.00;-1.08;0.00;0.00;KELLY_LITE;true;0.04;213126.69;0.0417;KELLY_LITE(mult=1.05 taper=1.00 n=19)+ATR_VOL(0.75@8.49)+HARD_RISK_CAP(2.0%)+MAXLOSS_CAP;213126.69;213126.69;36;0
2026.08.13 15:37:49;XAUUSD;5;1786608152;OCO_TRIGGERED_SELL;ticket=119330154 entry=4373.85;POSITION_ACTIVE;SAFE;1;1;0;119330157;-1;0.00;0.00;-1.08;0.00;0.00;KELLY_LITE;true;0.04;213126.69;0.0417;KELLY_LITE(mult=1.05 taper=1.00 n=19)+ATR_VOL(0.75@8.49)+HARD_RISK_CAP(2.0%)+MAXLOSS_CAP;213126.69;213126.69;36;0
2026.08.13 15:37:50;XAUUSD;5;1786608152;PENDING_DELETED;ticket=119330157 reason=oco_sell_triggered;POSITION_ACTIVE;SAFE;1;0;0;119330157;-1;0.00;-1.20;-1.20;0.00;0.00;KELLY_LITE;true;0.04;213126.69;0.0417;KELLY_LITE(mult=1.05 taper=1.00 n=19)+ATR_VOL(0.75@8.49)+HARD_RISK_CAP(2.0%)+MAXLOSS_CAP;213126.69;213125.49;36;0
2026.08.13 15:37:50;XAUUSD;5;1786608152;HEDGE_PENDING_PLACED;dir=BUY_STOP ticket=119330894 price=4377.25 sl=4374.25 lot=0.05 mainEntry=4373.85 dist=3.00 confirmBars=1;POSITION_ACTIVE;SAFE;1;1;1;-1;-1;4373.85;-0.66;-0.66;0.00;-1.20;KELLY_LITE;true;0.04;213126.69;0.0417;KELLY_LITE(mult=1.05 taper=1.00 n=19)+ATR_VOL(0.75@8.49)+HARD_RISK_CAP(2.0%)+MAXLOSS_CAP;213126.69;213126.03;36;0
2026.08.13 15:39:33;XAUUSD;5;1786608152;SL_MODIFIED;ticket=119330894 oldSL=4374.25 newSL=4377.26 reason=hedge_giveback_lock;MANAGE_PROFIT;SAFE;2;0;1;-1;-1;4373.85;-10.20;2.70;4.59;-11.96;KELLY_LITE;true;0.04;213126.69;0.0417;KELLY_LITE(mult=1.05 taper=1.00 n=19)+ATR_VOL(0.75@8.49)+HARD_RISK_CAP(2.0%)+MAXLOSS_CAP;213126.69;213116.49;36;0
2026.08.13 15:39:35;XAUUSD;5;1786608152;SL_MODIFY_FAILED;ticket=119330894 newSL=4377.30 reason=hedge_giveback_lock err=0;MANAGE_PROFIT;SAFE;2;0;1;-1;-1;4373.85;-10.48;2.00;4.59;-11.96;KELLY_LITE;true;0.04;213126.69;0.0417;KELLY_LITE(mult=1.05 taper=1.00 n=19)+ATR_VOL(0.75@8.49)+HARD_RISK_CAP(2.0%)+MAXLOSS_CAP;213126.69;213116.21;36;0
2026.08.13 15:39:35;XAUUSD;5;1786608152;RECONCILED_BROKER_CLOSE;ticket=119330894 type=hedge pnl=0.05;MANAGE_PROFIT;SAFE;1;0;1;-1;-1;4373.85;-10.89;-10.89;4.59;-11.96;KELLY_LITE;true;0.04;213126.69;0.0417;KELLY_LITE(mult=1.05 taper=1.00 n=19)+ATR_VOL(0.75@8.49)+HARD_RISK_CAP(2.0%)+MAXLOSS_CAP;213126.74;213115.85;33;0
2026.08.13 15:39:35;XAUUSD;5;1786608152;RECONCILED_BROKER_CLOSE;ticket=119330894 type=hedge pnl=0.05;MANAGE_PROFIT;SAFE;1;0;1;-1;-1;4373.85;-10.89;-10.89;4.59;-11.96;KELLY_LITE;true;0.04;213126.69;0.0417;KELLY_LITE(mult=1.05 taper=1.00 n=19)+ATR_VOL(0.75@8.49)+HARD_RISK_CAP(2.0%)+MAXLOSS_CAP;213126.74;213115.85;33;0
2026.08.13 15:45:49;XAUUSD;5;1786608152;EXIT_TIME_LOSS_HARDCAP;held=8 profit=-24.00 rsi=51.7;MANAGE_PROFIT;WATCH;1;0;1;-1;-1;4373.85;-24.00;-24.00;4.59;-28.26;KELLY_LITE;true;0.04;213126.69;0.0417;KELLY_LITE(mult=1.05 taper=1.00 n=19)+ATR_VOL(0.75@8.49)+HARD_RISK_CAP(2.0%)+MAXLOSS_CAP;213126.74;213102.74;33;0
2026.08.13 15:45:49;XAUUSD;5;1786608152;POSITION_CLOSED;ticket=119330154 reason=time_loss_exit_hardcap lots=0.03 price=4381.85 pnl=-24.00;MANAGE_PROFIT;WATCH;0;0;1;-1;-1;4373.85;0.00;0.00;4.59;-28.26;KELLY_LITE;true;0.04;213126.69;0.0417;KELLY_LITE(mult=1.05 taper=1.00 n=19)+ATR_VOL(0.75@8.49)+HARD_RISK_CAP(2.0%)+MAXLOSS_CAP;213102.98;213102.98;36;0
2026.08.13 15:45:49;XAUUSD;5;1786608152;LOSS_COOLDOWN_AFTER_LOSS;cyclePnL=-23.71 pauseUntil=2026.08.13 15:50:49;RESET;WATCH;0;0;0;-1;-1;4373.85;0.00;0.00;4.59;-28.26;KELLY_LITE;true;0.04;213126.69;0.0417;KELLY_LITE(mult=1.05 taper=1.00 n=19)+ATR_VOL(0.75@8.49)+HARD_RISK_CAP(2.0%)+MAXLOSS_CAP;213102.98;213102.98;36;0
2026.08.13 15:45:49;XAUUSD;5;1786608152;CYCLE_RESET;oldState=RESET realizedPnL=-23.71 peak=4.59 worst=-28.26 pyramid=0 consLosses=1;RESET;WATCH;0;0;0;-1;-1;4373.85;0.00;0.00;4.59;-28.26;KELLY_LITE;true;0.04;213126.69;0.0417;KELLY_LITE(mult=1.05 taper=1.00 n=19)+ATR_VOL(0.75@8.49)+HARD_RISK_CAP(2.0%)+MAXLOSS_CAP;213102.98;213102.98;36;0
2026.08.13 15:50:49;XAUUSD;5;1786608153;PLACE_PENDING_START;cycle=1786608153 trend=-1 consecLosses=1 preset=AGGRESSIVE;PLACE_PENDING;SAFE;0;0;0;-1;-1;0.00;0.00;0.00;0.00;0.00;KELLY_LITE;true;0.04;213126.69;0.0417;KELLY_LITE(mult=1.05 taper=1.00 n=19)+ATR_VOL(0.75@8.49)+HARD_RISK_CAP(2.0%)+MAXLOSS_CAP;213102.98;213102.98;33;0
2026.08.13 15:50:49;XAUUSD;5;1786608153;DIR_OCO_PLACED;dir=BEAR ticket=119334959 price=4379.74 sl=4394.74 tp=4357.24 lot=0.03 dist=3.12;PLACE_PENDING;SAFE;0;1;0;-1;119334959;0.00;0.00;0.00;0.00;0.00;KELLY_LITE;true;0.04;213102.98;0.0417;KELLY_LITE(mult=1.00 taper=1.00 n=20)+HARD_RISK_CAP(2.0%)+MAXLOSS_CAP;213102.98;213102.98;36;0
2026.08.13 15:50:50;XAUUSD;5;1786608153;DIR_OCO_COUNTER_PLACED;dir=BULL(counter) ticket=119334963 price=4386.29 lot=0.03;PLACE_PENDING;SAFE;0;2;0;119334963;119334959;0.00;0.00;0.00;0.00;0.00;KELLY_LITE;true;0.04;213102.98;0.0417;KELLY_LITE(mult=1.00 taper=1.00 n=20)+HARD_RISK_CAP(2.0%)+MAXLOSS_CAP;213102.98;213102.98;36;0
2026.08.13 15:50:55;XAUUSD;5;1786608153;BUY_STOP_TRAILED;Old=4386.29 New=4385.94;WAIT_TRIGGER;SAFE;0;2;0;119334963;119334959;0.00;0.00;0.00;0.00;0.00;KELLY_LITE;true;0.04;213102.98;0.0417;KELLY_LITE(mult=1.00 taper=1.00 n=20)+HARD_RISK_CAP(2.0%)+MAXLOSS_CAP;213102.98;213102.98;35;0
2026.08.13 15:51:03;XAUUSD;5;1786608153;SELL_STOP_TRAILED;Old=4379.74 New=4380.12;WAIT_TRIGGER;SAFE;0;2;0;119334963;119334959;0.00;0.00;0.00;0.00;0.00;KELLY_LITE;true;0.04;213102.98;0.0417;KELLY_LITE(mult=1.00 taper=1.00 n=20)+HARD_RISK_CAP(2.0%)+MAXLOSS_CAP;213102.98;213102.98;36;0
2026.08.13 15:51:07;XAUUSD;5;1786608153;SELL_STOP_TRAILED;Old=4380.12 New=4380.48;WAIT_TRIGGER;SAFE;0;2;0;119334963;119334959;0.00;0.00;0.00;0.00;0.00;KELLY_LITE;true;0.04;213102.98;0.0417;KELLY_LITE(mult=1.00 taper=1.00 n=20)+HARD_RISK_CAP(2.0%)+MAXLOSS_CAP;213102.98;213102.98;36;0
2026.08.13 15:51:09;XAUUSD;5;1786608153;SELL_STOP_TRAILED;Old=4380.48 New=4380.80;WAIT_TRIGGER;SAFE;0;2;0;119334963;119334959;0.00;0.00;0.00;0.00;0.00;KELLY_LITE;true;0.04;213102.98;0.0417;KELLY_LITE(mult=1.00 taper=1.00 n=20)+HARD_RISK_CAP(2.0%)+MAXLOSS_CAP;213102.98;213102.98;36;0
2026.08.13 15:51:17;XAUUSD;5;1786608153;SELL_STOP_TRAILED;Old=4380.80 New=4381.14;WAIT_TRIGGER;SAFE;0;2;0;119334963;119334959;0.00;0.00;0.00;0.00;0.00;KELLY_LITE;true;0.04;213102.98;0.0417;KELLY_LITE(mult=1.00 taper=1.00 n=20)+HARD_RISK_CAP(2.0%)+MAXLOSS_CAP;213102.98;213102.98;36;0
2026.08.13 15:51:19;XAUUSD;5;1786608153;SELL_STOP_TRAILED;Old=4381.14 New=4381.55;WAIT_TRIGGER;SAFE;0;2;0;119334963;119334959;0.00;0.00;0.00;0.00;0.00;KELLY_LITE;true;0.04;213102.98;0.0417;KELLY_LITE(mult=1.00 taper=1.00 n=20)+HARD_RISK_CAP(2.0%)+MAXLOSS_CAP;213102.98;213102.98;36;0
2026.08.13 15:51:23;XAUUSD;5;1786608153;SELL_STOP_TRAILED;Old=4381.55 New=4381.98;WAIT_TRIGGER;SAFE;0;2;0;119334963;119334959;0.00;0.00;0.00;0.00;0.00;KELLY_LITE;true;0.04;213102.98;0.0417;KELLY_LITE(mult=1.00 taper=1.00 n=20)+HARD_RISK_CAP(2.0%)+MAXLOSS_CAP;213102.98;213102.98;36;0
2026.08.13 15:51:30;XAUUSD;5;1786608153;SELL_STOP_TRAILED;Old=4381.98 New=4382.31;WAIT_TRIGGER;SAFE;0;2;0;119334963;119334959;0.00;0.00;0.00;0.00;0.00;KELLY_LITE;true;0.04;213102.98;0.0417;KELLY_LITE(mult=1.00 taper=1.00 n=20)+HARD_RISK_CAP(2.0%)+MAXLOSS_CAP;213102.98;213102.98;36;0
2026.08.13 15:51:49;XAUUSD;5;1786608153;OCO_TRIGGERED_BUY;ticket=119334963 entry=4385.94;POSITION_ACTIVE;SAFE;1;1;0;-1;119334959;0.00;-1.05;-1.05;0.00;0.00;KELLY_LITE;true;0.04;213102.98;0.0417;KELLY_LITE(mult=1.00 taper=1.00 n=20)+HARD_RISK_CAP(2.0%)+MAXLOSS_CAP;213102.98;213101.93;36;0
2026.08.13 15:51:49;XAUUSD;5;1786608153;PENDING_DELETED;ticket=119334959 reason=oco_buy_triggered;POSITION_ACTIVE;SAFE;1;0;0;-1;119334959;0.00;-0.93;-0.93;0.00;0.00;KELLY_LITE;true;0.04;213102.98;0.0417;KELLY_LITE(mult=1.00 taper=1.00 n=20)+HARD_RISK_CAP(2.0%)+MAXLOSS_CAP;213102.98;213102.05;36;0
2026.08.13 15:51:50;XAUUSD;5;1786608153;HEDGE_PENDING_PLACED;dir=SELL_STOP ticket=119335226 price=4382.63 sl=4385.63 lot=0.05 mainEntry=4385.94 dist=3.00 confirmBars=1;POSITION_ACTIVE;SAFE;1;1;1;-1;-1;4385.94;-1.23;-1.23;0.00;-0.93;KELLY_LITE;true;0.04;213102.98;0.0417;KELLY_LITE(mult=1.00 taper=1.00 n=20)+HARD_RISK_CAP(2.0%)+MAXLOSS_CAP;213102.98;213101.75;36;0
2026.08.13 16:02:39;XAUUSD;5;1786608153;POSITION_CLOSED;ticket=119335226 reason=hedge_reversal_giveback_cap lots=0.05 price=4382.98 pnl=-1.75;MANAGE_PROFIT;SAFE;1;0;1;-1;-1;4385.94;-9.27;-9.27;2.79;-11.91;KELLY_LITE;true;0.04;213102.98;0.0417;KELLY_LITE(mult=1.00 taper=1.00 n=20)+HARD_RISK_CAP(2.0%)+MAXLOSS_CAP;213100.08;213090.81;36;0
2026.08.13 16:02:39;XAUUSD;5;1786608153;HEDGE_CLOSED_REVERSAL;profit=-1.75 peak=1.40 giveback=3.15 cap=2.50 reason=giveback_cap ok=1;MANAGE_PROFIT;SAFE;1;0;1;-1;-1;4385.94;-9.27;-9.27;2.79;-11.91;KELLY_LITE;true;0.04;213102.98;0.0417;KELLY_LITE(mult=1.00 taper=1.00 n=20)+HARD_RISK_CAP(2.0%)+MAXLOSS_CAP;213100.08;213090.81;36;0
2026.08.13 16:02:56;XAUUSD;5;1786608153;EXIT_TIME_LOSS_CONFIRMED;held=11 profit=-12.09 rsi=51.3;MANAGE_PROFIT;SAFE;1;0;1;-1;-1;4385.94;-12.09;-12.09;2.79;-12.09;KELLY_LITE;true;0.04;213102.98;0.0417;KELLY_LITE(mult=1.00 taper=1.00 n=20)+HARD_RISK_CAP(2.0%)+MAXLOSS_CAP;213100.08;213087.99;36;0
2026.08.13 16:02:57;XAUUSD;5;1786608153;POSITION_CLOSED;ticket=119334963 reason=time_loss_exit_confirmed lots=0.03 price=4381.91 pnl=-12.09;MANAGE_PROFIT;SAFE;0;0;1;-1;-1;4385.94;0.00;0.00;2.79;-12.09;KELLY_LITE;true;0.04;213102.98;0.0417;KELLY_LITE(mult=1.00 taper=1.00 n=20)+HARD_RISK_CAP(2.0%)+MAXLOSS_CAP;213087.99;213087.99;36;0
2026.08.13 16:02:57;XAUUSD;5;1786608153;LOSS_COOLDOWN_AFTER_LOSS;cyclePnL=-14.99 pauseUntil=2026.08.13 16:07:57;RESET;SAFE;0;0;0;-1;-1;4385.94;0.00;0.00;2.79;-12.09;KELLY_LITE;true;0.04;213102.98;0.0417;KELLY_LITE(mult=1.00 taper=1.00 n=20)+HARD_RISK_CAP(2.0%)+MAXLOSS_CAP;213087.99;213087.99;36;0
2026.08.13 16:02:57;XAUUSD;5;1786608153;CYCLE_RESET;oldState=RESET realizedPnL=-14.99 peak=2.79 worst=-12.09 pyramid=0 consLosses=2;RESET;SAFE;0;0;0;-1;-1;4385.94;0.00;0.00;2.79;-12.09;KELLY_LITE;true;0.04;213102.98;0.0417;KELLY_LITE(mult=1.00 taper=1.00 n=20)+HARD_RISK_CAP(2.0%)+MAXLOSS_CAP;213087.99;213087.99;36;0
2026.08.13 16:07:57;XAUUSD;5;1786608153;FILTER_BLOCK_TREND_DISAGREE;TREND_DISAGREE (main=-1 fast=1 rsi=46.7, no extreme);BLOCKED;SAFE;0;0;0;-1;-1;0.00;0.00;0.00;0.00;0.00;KELLY_LITE;true;0.04;213102.98;0.0417;KELLY_LITE(mult=1.00 taper=1.00 n=20)+HARD_RISK_CAP(2.0%)+MAXLOSS_CAP;213087.99;213087.99;36;0
2026.08.13 16:12:57;XAUUSD;5;1786608153;FILTER_BLOCK_ADX_WEAK_MAIN;ADX_WEAK_MAIN (adx=28.6 min=29.0 [streak=2]);BLOCKED;SAFE;0;0;0;-1;-1;0.00;0.00;0.00;0.00;0.00;KELLY_LITE;true;0.04;213102.98;0.0417;KELLY_LITE(mult=1.00 taper=1.00 n=20)+HARD_RISK_CAP(2.0%)+MAXLOSS_CAP;213087.99;213087.99;37;0
2026.08.13 16:17:57;XAUUSD;5;1786608154;PLACE_PENDING_START;cycle=1786608154 trend=-1 consecLosses=2 preset=AGGRESSIVE;PLACE_PENDING;SAFE;0;0;0;-1;-1;0.00;0.00;0.00;0.00;0.00;KELLY_LITE;true;0.04;213102.98;0.0417;KELLY_LITE(mult=1.00 taper=1.00 n=20)+HARD_RISK_CAP(2.0%)+MAXLOSS_CAP;213087.99;213087.99;36;0
2026.08.13 16:17:57;XAUUSD;5;1786608154;DIR_OCO_PLACED;dir=BEAR ticket=119342252 price=4364.40 sl=4379.40 tp=4341.90 lot=0.03 dist=2.81;PLACE_PENDING;SAFE;0;1;0;-1;119342252;0.00;0.00;0.00;0.00;0.00;KELLY_LITE;true;0.04;213087.99;0.0417;KELLY_LITE(mult=1.00 taper=1.00 n=20)+CONSEC_REDUCE(0.50)+HARD_RISK_CAP(2.0%)+MAXLOSS_CAP;213087.99;213087.99;33;0
2026.08.13 16:17:58;XAUUSD;5;1786608154;DIR_OCO_COUNTER_PLACED;dir=BULL(counter) ticket=119342257 price=4370.03 lot=0.03;PLACE_PENDING;SAFE;0;2;0;119342257;119342252;0.00;0.00;0.00;0.00;0.00;KELLY_LITE;true;0.04;213087.99;0.0417;KELLY_LITE(mult=1.00 taper=1.00 n=20)+CONSEC_REDUCE(0.50)+HARD_RISK_CAP(2.0%)+MAXLOSS_CAP;213087.99;213087.99;36;0
2026.08.13 16:18:02;XAUUSD;5;1786608154;BUY_STOP_TRAILED;Old=4370.03 New=4369.70;WAIT_TRIGGER;SAFE;0;2;0;119342257;119342252;0.00;0.00;0.00;0.00;0.00;KELLY_LITE;true;0.04;213087.99;0.0417;KELLY_LITE(mult=1.00 taper=1.00 n=20)+CONSEC_REDUCE(0.50)+HARD_RISK_CAP(2.0%)+MAXLOSS_CAP;213087.99;213087.99;36;0
2026.08.13 16:18:05;XAUUSD;5;1786608154;BUY_STOP_TRAILED;Old=4369.70 New=4369.25;WAIT_TRIGGER;SAFE;0;2;0;119342257;119342252;0.00;0.00;0.00;0.00;0.00;KELLY_LITE;true;0.04;213087.99;0.0417;KELLY_LITE(mult=1.00 taper=1.00 n=20)+CONSEC_REDUCE(0.50)+HARD_RISK_CAP(2.0%)+MAXLOSS_CAP;213087.99;213087.99;36;0
2026.08.13 16:18:06;XAUUSD;5;1786608154;BUY_STOP_TRAILED;Old=4369.25 New=4368.77;WAIT_TRIGGER;SAFE;0;2;0;119342257;119342252;0.00;0.00;0.00;0.00;0.00;KELLY_LITE;true;0.04;213087.99;0.0417;KELLY_LITE(mult=1.00 taper=1.00 n=20)+CONSEC_REDUCE(0.50)+HARD_RISK_CAP(2.0%)+MAXLOSS_CAP;213087.99;213087.99;36;0
2026.08.13 16:18:26;XAUUSD;5;1786608154;BUY_STOP_TRAILED;Old=4368.77 New=4368.33;WAIT_TRIGGER;SAFE;1;1;0;119342257;119342252;0.00;1.29;1.29;0.00;0.00;KELLY_LITE;true;0.04;213087.99;0.0417;KELLY_LITE(mult=1.00 taper=1.00 n=20)+CONSEC_REDUCE(0.50)+HARD_RISK_CAP(2.0%)+MAXLOSS_CAP;213087.99;213089.28;33;0
2026.08.13 16:18:26;XAUUSD;5;1786608154;OCO_TRIGGERED_SELL;ticket=119342252 entry=4364.40;POSITION_ACTIVE;SAFE;1;1;0;119342257;-1;0.00;1.29;1.29;0.00;0.00;KELLY_LITE;true;0.04;213087.99;0.0417;KELLY_LITE(mult=1.00 taper=1.00 n=20)+CONSEC_REDUCE(0.50)+HARD_RISK_CAP(2.0%)+MAXLOSS_CAP;213087.99;213089.28;33;0
2026.08.13 16:18:28;XAUUSD;5;1786608154;PENDING_DELETED;ticket=119342257 reason=oco_sell_triggered;POSITION_ACTIVE;SAFE;1;0;0;119342257;-1;0.00;-0.39;-0.39;0.00;0.00;KELLY_LITE;true;0.04;213087.99;0.0417;KELLY_LITE(mult=1.00 taper=1.00 n=20)+CONSEC_REDUCE(0.50)+HARD_RISK_CAP(2.0%)+MAXLOSS_CAP;213087.99;213087.60;33;0
2026.08.13 16:18:28;XAUUSD;5;1786608154;HEDGE_PENDING_PLACED;dir=BUY_STOP ticket=119342521 price=4367.53 sl=4364.53 lot=0.05 mainEntry=4364.40 dist=3.00 confirmBars=1;POSITION_ACTIVE;SAFE;1;1;1;-1;-1;4364.40;-1.68;-1.68;0.00;-0.39;KELLY_LITE;true;0.04;213087.99;0.0417;KELLY_LITE(mult=1.00 taper=1.00 n=20)+CONSEC_REDUCE(0.50)+HARD_RISK_CAP(2.0%)+MAXLOSS_CAP;213087.99;213086.31;36;0
2026.08.13 16:20:05;XAUUSD;5;1786608154;SL_MODIFIED;ticket=119342521 oldSL=4364.53 newSL=4367.69 reason=hedge_giveback_lock;MANAGE_PROFIT;SAFE;2;0;1;-1;-1;4364.40;-8.79;4.20;1.23;-10.87;KELLY_LITE;true;0.04;213087.99;0.0417;KELLY_LITE(mult=1.00 taper=1.00 n=20)+CONSEC_REDUCE(0.50)+HARD_RISK_CAP(2.0%)+MAXLOSS_CAP;213087.99;213079.20;36;0
2026.08.13 16:20:05;XAUUSD;5;1786608154;SL_MODIFIED;ticket=119342521 oldSL=4367.69 newSL=4367.85 reason=hedge_giveback_lock;MANAGE_PROFIT;SAFE;2;0;1;-1;-1;4364.40;-8.37;5.25;1.23;-10.87;KELLY_LITE;true;0.04;213087.99;0.0417;KELLY_LITE(mult=1.00 taper=1.00 n=20)+CONSEC_REDUCE(0.50)+HARD_RISK_CAP(2.0%)+MAXLOSS_CAP;213087.99;213079.62;36;0
2026.08.13 16:20:06;XAUUSD;5;1786608154;SL_MODIFY_FAILED;ticket=119342521 newSL=4368.06 reason=hedge_giveback_lock err=0;MANAGE_PROFIT;SAFE;2;0;1;-1;-1;4364.40;-8.93;3.85;1.23;-10.87;KELLY_LITE;true;0.04;213087.99;0.0417;KELLY_LITE(mult=1.00 taper=1.00 n=20)+CONSEC_REDUCE(0.50)+HARD_RISK_CAP(2.0%)+MAXLOSS_CAP;213087.99;213079.06;36;0
2026.08.13 16:20:07;XAUUSD;5;1786608154;SL_MODIFIED;ticket=119342521 oldSL=4367.85 newSL=4367.94 reason=hedge_giveback_lock;MANAGE_PROFIT;SAFE;2;0;1;-1;-1;4364.40;-8.37;5.25;1.23;-10.87;KELLY_LITE;true;0.04;213087.99;0.0417;KELLY_LITE(mult=1.00 taper=1.00 n=20)+CONSEC_REDUCE(0.50)+HARD_RISK_CAP(2.0%)+MAXLOSS_CAP;213087.99;213079.62;36;0
2026.08.13 16:20:08;XAUUSD;5;1786608154;SL_MODIFIED;ticket=119342521 oldSL=4367.94 newSL=4368.00 reason=hedge_giveback_lock (retry buf=3pt);MANAGE_PROFIT;SAFE;2;0;1;-1;-1;4364.40;-8.45;5.05;1.23;-10.87;KELLY_LITE;true;0.04;213087.99;0.0417;KELLY_LITE(mult=1.00 taper=1.00 n=20)+CONSEC_REDUCE(0.50)+HARD_RISK_CAP(2.0%)+MAXLOSS_CAP;213087.99;213079.54;36;0
2026.08.13 16:20:09;XAUUSD;5;1786608154;SL_MODIFIED;ticket=119342521 oldSL=4368.00 newSL=4368.02 reason=hedge_giveback_lock;MANAGE_PROFIT;SAFE;2;0;1;-1;-1;4364.40;-8.38;5.10;1.23;-10.87;KELLY_LITE;true;0.04;213087.99;0.0417;KELLY_LITE(mult=1.00 taper=1.00 n=20)+CONSEC_REDUCE(0.50)+HARD_RISK_CAP(2.0%)+MAXLOSS_CAP;213087.99;213079.61;36;0
2026.08.13 16:20:10;XAUUSD;5;1786608154;RECONCILED_BROKER_CLOSE;ticket=119342521 type=hedge pnl=2.45;MANAGE_PROFIT;SAFE;1;0;1;-1;-1;4364.40;-11.73;-11.73;1.23;-10.87;KELLY_LITE;true;0.04;213087.99;0.0417;KELLY_LITE(mult=1.00 taper=1.00 n=20)+CONSEC_REDUCE(0.50)+HARD_RISK_CAP(2.0%)+MAXLOSS_CAP;213090.44;213078.71;37;0
2026.08.13 16:20:10;XAUUSD;5;1786608154;RECONCILED_BROKER_CLOSE;ticket=119342521 type=hedge pnl=2.45;MANAGE_PROFIT;SAFE;1;0;1;-1;-1;4364.40;-11.73;-11.73;1.23;-10.87;KELLY_LITE;true;0.04;213087.99;0.0417;KELLY_LITE(mult=1.00 taper=1.00 n=20)+CONSEC_REDUCE(0.50)+HARD_RISK_CAP(2.0%)+MAXLOSS_CAP;213090.44;213078.71;37;0
2026.08.13 16:26:26;XAUUSD;5;1786608154;EXIT_TIME_LOSS_HARDCAP;held=8 profit=-17.85 rsi=40.6;MANAGE_PROFIT;SAFE;1;0;1;-1;-1;4364.40;-17.85;-17.85;1.23;-24.30;KELLY_LITE;true;0.04;213087.99;0.0417;KELLY_LITE(mult=1.00 taper=1.00 n=20)+CONSEC_REDUCE(0.50)+HARD_RISK_CAP(2.0%)+MAXLOSS_CAP;213090.44;213072.59;36;0
2026.08.13 16:26:27;XAUUSD;5;1786608154;POSITION_CLOSED;ticket=119342252 reason=time_loss_exit_hardcap lots=0.03 price=4370.35 pnl=-17.85;MANAGE_PROFIT;SAFE;0;0;1;-1;-1;4364.40;0.00;0.00;1.23;-24.30;KELLY_LITE;true;0.04;213087.99;0.0417;KELLY_LITE(mult=1.00 taper=1.00 n=20)+CONSEC_REDUCE(0.50)+HARD_RISK_CAP(2.0%)+MAXLOSS_CAP;213071.87;213071.87;36;0
2026.08.13 16:26:27;XAUUSD;5;1786608154;LOSS_COOLDOWN_AFTER_LOSS;cyclePnL=-16.12 pauseUntil=2026.08.13 16:31:27;RESET;SAFE;0;0;0;-1;-1;4364.40;0.00;0.00;1.23;-24.30;KELLY_LITE;true;0.04;213087.99;0.0417;KELLY_LITE(mult=1.00 taper=1.00 n=20)+CONSEC_REDUCE(0.50)+HARD_RISK_CAP(2.0%)+MAXLOSS_CAP;213071.87;213071.87;36;0
2026.08.13 16:26:27;XAUUSD;5;1786608154;CONSECUTIVE_LOSS_PAUSE;losses=3 pauseUntil=2026.08.13 16:41:27;RESET;SAFE;0;0;0;-1;-1;4364.40;0.00;0.00;1.23;-24.30;KELLY_LITE;true;0.04;213087.99;0.0417;KELLY_LITE(mult=1.00 taper=1.00 n=20)+CONSEC_REDUCE(0.50)+HARD_RISK_CAP(2.0%)+MAXLOSS_CAP;213071.87;213071.87;36;0
2026.08.13 16:26:27;XAUUSD;5;1786608154;CYCLE_RESET;oldState=RESET realizedPnL=-16.12 peak=1.23 worst=-24.30 pyramid=0 consLosses=3;RESET;SAFE;0;0;0;-1;-1;4364.40;0.00;0.00;1.23;-24.30;KELLY_LITE;true;0.04;213087.99;0.0417;KELLY_LITE(mult=1.00 taper=1.00 n=20)+CONSEC_REDUCE(0.50)+HARD_RISK_CAP(2.0%)+MAXLOSS_CAP;213071.87;213071.87;36;0
2026.08.13 16:41:27;XAUUSD;5;1786608155;PLACE_PENDING_START;cycle=1786608155 trend=-1 consecLosses=3 preset=AGGRESSIVE;PLACE_PENDING;SAFE;0;0;0;-1;-1;0.00;0.00;0.00;0.00;0.00;KELLY_LITE;true;0.04;213087.99;0.0417;KELLY_LITE(mult=1.00 taper=1.00 n=20)+CONSEC_REDUCE(0.50)+HARD_RISK_CAP(2.0%)+MAXLOSS_CAP;213071.87;213071.87;35;0
2026.08.13 16:41:27;XAUUSD;5;1786608155;DIR_OCO_PLACED;dir=BEAR ticket=119349543 price=4368.72 sl=4383.72 tp=4346.22 lot=0.03 dist=2.59;PLACE_PENDING;SAFE;0;1;0;-1;119349543;0.00;0.00;0.00;0.00;0.00;KELLY_LITE;true;0.04;213071.87;0.0417;KELLY_LITE(mult=1.00 taper=1.00 n=20)+CONSEC_REDUCE(0.50)+HARD_RISK_CAP(2.0%)+MAXLOSS_CAP;213071.87;213071.87;36;0
2026.08.13 16:41:28;XAUUSD;5;1786608155;DIR_OCO_COUNTER_PLACED;dir=BULL(counter) ticket=119349547 price=4374.32 lot=0.03;PLACE_PENDING;SAFE;0;2;0;119349547;119349543;0.00;0.00;0.00;0.00;0.00;KELLY_LITE;true;0.04;213071.87;0.0417;KELLY_LITE(mult=1.00 taper=1.00 n=20)+CONSEC_REDUCE(0.50)+HARD_RISK_CAP(2.0%)+MAXLOSS_CAP;213071.87;213071.87;33;0
2026.08.13 16:41:28;XAUUSD;5;1786608155;BUY_STOP_TRAILED;Old=4374.32 New=4373.98;WAIT_TRIGGER;SAFE;0;2;0;119349547;119349543;0.00;0.00;0.00;0.00;0.00;KELLY_LITE;true;0.04;213071.87;0.0417;KELLY_LITE(mult=1.00 taper=1.00 n=20)+CONSEC_REDUCE(0.50)+HARD_RISK_CAP(2.0%)+MAXLOSS_CAP;213071.87;213071.87;33;0
2026.08.13 16:41:37;XAUUSD;5;1786608155;BUY_STOP_TRAILED;Old=4373.98 New=4373.67;WAIT_TRIGGER;SAFE;0;2;0;119349547;119349543;0.00;0.00;0.00;0.00;0.00;KELLY_LITE;true;0.04;213071.87;0.0417;KELLY_LITE(mult=1.00 taper=1.00 n=20)+CONSEC_REDUCE(0.50)+HARD_RISK_CAP(2.0%)+MAXLOSS_CAP;213071.87;213071.87;34;0
2026.08.13 16:41:41;XAUUSD;5;1786608155;BUY_STOP_TRAILED;Old=4373.67 New=4373.36;WAIT_TRIGGER;SAFE;0;2;0;119349547;119349543;0.00;0.00;0.00;0.00;0.00;KELLY_LITE;true;0.04;213071.87;0.0417;KELLY_LITE(mult=1.00 taper=1.00 n=20)+CONSEC_REDUCE(0.50)+HARD_RISK_CAP(2.0%)+MAXLOSS_CAP;213071.87;213071.87;33;0
2026.08.13 16:42:25;XAUUSD;5;1786608155;BUY_STOP_TRAILED;Old=4373.36 New=4373.00;WAIT_TRIGGER;SAFE;0;2;0;119349547;119349543;0.00;0.00;0.00;0.00;0.00;KELLY_LITE;true;0.04;213071.87;0.0417;KELLY_LITE(mult=1.00 taper=1.00 n=20)+CONSEC_REDUCE(0.50)+HARD_RISK_CAP(2.0%)+MAXLOSS_CAP;213071.87;213071.87;33;0
2026.08.13 16:42:29;XAUUSD;5;1786608155;BUY_STOP_TRAILED;Old=4373.00 New=4372.61;WAIT_TRIGGER;SAFE;0;2;0;119349547;119349543;0.00;0.00;0.00;0.00;0.00;KELLY_LITE;true;0.04;213071.87;0.0417;KELLY_LITE(mult=1.00 taper=1.00 n=20)+CONSEC_REDUCE(0.50)+HARD_RISK_CAP(2.0%)+MAXLOSS_CAP;213071.87;213071.87;35;0
2026.08.13 16:42:37;XAUUSD;5;1786608155;BUY_STOP_TRAILED;Old=4372.61 New=4372.24;WAIT_TRIGGER;SAFE;0;2;0;119349547;119349543;0.00;0.00;0.00;0.00;0.00;KELLY_LITE;true;0.04;213071.87;0.0417;KELLY_LITE(mult=1.00 taper=1.00 n=20)+CONSEC_REDUCE(0.50)+HARD_RISK_CAP(2.0%)+MAXLOSS_CAP;213071.87;213071.87;33;0
2026.08.13 16:42:52;XAUUSD;5;1786608155;BUY_STOP_TRAILED;Old=4372.24 New=4371.88;WAIT_TRIGGER;SAFE;0;2;0;119349547;119349543;0.00;0.00;0.00;0.00;0.00;KELLY_LITE;true;0.04;213071.87;0.0417;KELLY_LITE(mult=1.00 taper=1.00 n=20)+CONSEC_REDUCE(0.50)+HARD_RISK_CAP(2.0%)+MAXLOSS_CAP;213071.87;213071.87;33;0
2026.08.13 16:43:21;XAUUSD;5;1786608155;OCO_TRIGGERED_SELL;ticket=119349543 entry=4368.72;POSITION_ACTIVE;SAFE;1;1;0;119349547;-1;0.00;0.03;-1.05;0.00;0.00;KELLY_LITE;true;0.04;213071.87;0.0417;KELLY_LITE(mult=1.00 taper=1.00 n=20)+CONSEC_REDUCE(0.50)+HARD_RISK_CAP(2.0%)+MAXLOSS_CAP;213071.87;213071.90;36;0
2026.08.13 16:43:22;XAUUSD;5;1786608155;PENDING_DELETED;ticket=119349547 reason=oco_sell_triggered;POSITION_ACTIVE;SAFE;1;0;0;119349547;-1;0.00;-1.14;-1.14;0.00;0.00;KELLY_LITE;true;0.04;213071.87;0.0417;KELLY_LITE(mult=1.00 taper=1.00 n=20)+CONSEC_REDUCE(0.50)+HARD_RISK_CAP(2.0%)+MAXLOSS_CAP;213071.87;213070.73;33;0
2026.08.13 16:43:22;XAUUSD;5;1786608155;HEDGE_PENDING_PLACED;dir=BUY_STOP ticket=119350034 price=4372.10 sl=4369.10 lot=0.05 mainEntry=4368.72 dist=3.00 confirmBars=1;POSITION_ACTIVE;SAFE;1;1;1;-1;-1;4368.72;-1.56;-1.56;0.00;-1.14;KELLY_LITE;true;0.04;213071.87;0.0417;KELLY_LITE(mult=1.00 taper=1.00 n=20)+CONSEC_REDUCE(0.50)+HARD_RISK_CAP(2.0%)+MAXLOSS_CAP;213071.87;213070.31;34;0
2026.08.13 16:53:53;XAUUSD;5;1786608155;SL_MODIFIED;ticket=119349543 oldSL=4383.72 newSL=4366.39 reason=break_even_lock_leg_0;MANAGE_PROFIT;SAFE;1;1;1;-1;-1;4368.72;8.58;8.58;8.55;-7.08;KELLY_LITE;true;0.04;213071.87;0.0417;KELLY_LITE(mult=1.00 taper=1.00 n=20)+CONSEC_REDUCE(0.50)+HARD_RISK_CAP(2.0%)+MAXLOSS_CAP;213071.87;213080.45;36;0
2026.08.13 16:53:53;XAUUSD;5;1786608155;PROFIT_RATCHET_LOCKED;floor=2.89 peak=8.55;MANAGE_PROFIT;SAFE;1;1;1;-1;-1;4368.72;8.58;8.58;8.55;-7.08;KELLY_LITE;true;0.04;213071.87;0.0417;KELLY_LITE(mult=1.00 taper=1.00 n=20)+CONSEC_REDUCE(0.50)+HARD_RISK_CAP(2.0%)+MAXLOSS_CAP;213071.87;213080.45;36;0
2026.08.13 16:53:53;XAUUSD;5;1786608155;PROFIT_RATCHET_LOCKED;floor=2.90 peak=8.58;MANAGE_PROFIT;SAFE;1;1;1;-1;-1;4368.72;8.58;8.58;8.58;-7.08;KELLY_LITE;true;0.04;213071.87;0.0417;KELLY_LITE(mult=1.00 taper=1.00 n=20)+CONSEC_REDUCE(0.50)+HARD_RISK_CAP(2.0%)+MAXLOSS_CAP;213071.87;213080.45;36;0
2026.08.13 16:53:53;XAUUSD;5;1786608155;PROFIT_RATCHET_LOCKED;floor=2.90 peak=8.58;MANAGE_PROFIT;SAFE;1;1;1;-1;-1;4368.72;8.49;8.49;8.58;-7.08;KELLY_LITE;true;0.04;213071.87;0.0417;KELLY_LITE(mult=1.00 taper=1.00 n=20)+CONSEC_REDUCE(0.50)+HARD_RISK_CAP(2.0%)+MAXLOSS_CAP;213071.87;213080.36;36;0
2026.08.13 16:53:54;XAUUSD;5;1786608155;SL_MODIFIED;ticket=119349543 oldSL=4366.39 newSL=4366.35 reason=break_even_lock_leg_0;MANAGE_PROFIT;SAFE;1;1;1;-1;-1;4368.72;8.64;8.64;8.67;-7.08;KELLY_LITE;true;0.04;213071.87;0.0417;KELLY_LITE(mult=1.00 taper=1.00 n=20)+CONSEC_REDUCE(0.50)+HARD_RISK_CAP(2.0%)+MAXLOSS_CAP;213071.87;213080.51;36;0
2026.08.13 16:53:54;XAUUSD;5;1786608155;PROFIT_RATCHET_LOCKED;floor=2.93 peak=8.67;MANAGE_PROFIT;SAFE;1;1;1;-1;-1;4368.72;8.64;8.64;8.67;-7.08;KELLY_LITE;true;0.04;213071.87;0.0417;KELLY_LITE(mult=1.00 taper=1.00 n=20)+CONSEC_REDUCE(0.50)+HARD_RISK_CAP(2.0%)+MAXLOSS_CAP;213071.87;213080.51;36;0
2026.08.13 16:53:54;XAUUSD;5;1786608155;PROFIT_RATCHET_LOCKED;floor=2.93 peak=8.67;MANAGE_PROFIT;SAFE;1;1;1;-1;-1;4368.72;8.64;8.64;8.67;-7.08;KELLY_LITE;true;0.04;213071.87;0.0417;KELLY_LITE(mult=1.00 taper=1.00 n=20)+CONSEC_REDUCE(0.50)+HARD_RISK_CAP(2.0%)+MAXLOSS_CAP;213071.87;213080.51;36;0
2026.08.13 16:53:54;XAUUSD;5;1786608155;PROFIT_RATCHET_LOCKED;floor=2.93 peak=8.67;MANAGE_PROFIT;SAFE;1;1;1;-1;-1;4368.72;8.04;8.04;8.67;-7.08;KELLY_LITE;true;0.04;213071.87;0.0417;KELLY_LITE(mult=1.00 taper=1.00 n=20)+CONSEC_REDUCE(0.50)+HARD_RISK_CAP(2.0%)+MAXLOSS_CAP;213071.87;213079.91;36;0
2026.08.13 16:53:54;XAUUSD;5;1786608155;PROFIT_RATCHET_LOCKED;floor=2.93 peak=8.67;MANAGE_PROFIT;SAFE;1;1;1;-1;-1;4368.72;8.01;8.01;8.67;-7.08;KELLY_LITE;true;0.04;213071.87;0.0417;KELLY_LITE(mult=1.00 taper=1.00 n=20)+CONSEC_REDUCE(0.50)+HARD_RISK_CAP(2.0%)+MAXLOSS_CAP;213071.87;213079.88;36;0
2026.08.13 16:53:54;XAUUSD;5;1786608155;PROFIT_RATCHET_LOCKED;floor=2.93 peak=8.67;MANAGE_PROFIT;SAFE;1;1;1;-1;-1;4368.72;8.22;8.22;8.67;-7.08;KELLY_LITE;true;0.04;213071.87;0.0417;KELLY_LITE(mult=1.00 taper=1.00 n=20)+CONSEC_REDUCE(0.50)+HARD_RISK_CAP(2.0%)+MAXLOSS_CAP;213071.87;213080.09;36;0
2026.08.13 16:53:55;XAUUSD;5;1786608155;PROFIT_RATCHET_LOCKED;floor=2.93 peak=8.67;MANAGE_PROFIT;SAFE;1;1;1;-1;-1;4368.72;8.34;8.34;8.67;-7.08;KELLY_LITE;true;0.04;213071.87;0.0417;KELLY_LITE(mult=1.00 taper=1.00 n=20)+CONSEC_REDUCE(0.50)+HARD_RISK_CAP(2.0%)+MAXLOSS_CAP;213071.87;213080.21;36;0
2026.08.13 16:53:55;XAUUSD;5;1786608155;PROFIT_RATCHET_LOCKED;floor=2.93 peak=8.67;MANAGE_PROFIT;SAFE;1;1;1;-1;-1;4368.72;7.44;7.44;8.67;-7.08;KELLY_LITE;true;0.04;213071.87;0.0417;KELLY_LITE(mult=1.00 taper=1.00 n=20)+CONSEC_REDUCE(0.50)+HARD_RISK_CAP(2.0%)+MAXLOSS_CAP;213071.87;213079.31;37;0
2026.08.13 16:53:55;XAUUSD;5;1786608155;RECONCILED_BROKER_CLOSE;ticket=119349543 type=main pnl=7.11;MANAGE_PROFIT;SAFE;0;1;1;-1;-1;4368.72;0.00;0.00;8.67;-7.08;KELLY_LITE;true;0.04;213071.87;0.0417;KELLY_LITE(mult=1.00 taper=1.00 n=20)+CONSEC_REDUCE(0.50)+HARD_RISK_CAP(2.0%)+MAXLOSS_CAP;213078.98;213078.98;36;0
2026.08.13 16:53:56;XAUUSD;5;1786608155;PENDING_DELETED;ticket=119350034 reason=main_gone_hedge_pending;WAIT_TRIGGER;SAFE;0;0;1;-1;-1;4368.72;0.00;0.00;8.67;-7.08;KELLY_LITE;true;0.04;213071.87;0.0417;KELLY_LITE(mult=1.00 taper=1.00 n=20)+CONSEC_REDUCE(0.50)+HARD_RISK_CAP(2.0%)+MAXLOSS_CAP;213078.98;213078.98;36;0
2026.08.13 16:53:56;XAUUSD;5;1786608155;HEDGE_PENDING_CLEANUP;main_position_gone;WAIT_TRIGGER;SAFE;0;0;1;-1;-1;4368.72;0.00;0.00;8.67;-7.08;KELLY_LITE;true;0.04;213071.87;0.0417;KELLY_LITE(mult=1.00 taper=1.00 n=20)+CONSEC_REDUCE(0.50)+HARD_RISK_CAP(2.0%)+MAXLOSS_CAP;213078.98;213078.98;36;0
2026.08.13 16:53:56;XAUUSD;5;1786608155;CYCLE_RESET;oldState=WAIT_TRIGGER realizedPnL=7.11 peak=8.67 worst=-7.08 pyramid=1 consLosses=0;WAIT_TRIGGER;SAFE;0;0;1;-1;-1;4368.72;0.00;0.00;8.67;-7.08;KELLY_LITE;true;0.04;213071.87;0.0417;KELLY_LITE(mult=1.00 taper=1.00 n=20)+CONSEC_REDUCE(0.50)+HARD_RISK_CAP(2.0%)+MAXLOSS_CAP;213078.98;213078.98;36;0
2026.08.13 16:58:56;XAUUSD;5;1786608156;PLACE_PENDING_START;cycle=1786608156 trend=-1 consecLosses=0 preset=AGGRESSIVE;PLACE_PENDING;SAFE;0;0;0;-1;-1;0.00;0.00;0.00;0.00;0.00;KELLY_LITE;true;0.04;213071.87;0.0417;KELLY_LITE(mult=1.00 taper=1.00 n=20)+CONSEC_REDUCE(0.50)+HARD_RISK_CAP(2.0%)+MAXLOSS_CAP;213078.98;213078.98;37;0
2026.08.13 16:58:56;XAUUSD;5;1786608156;DIR_OCO_PLACED;dir=BEAR ticket=119353781 price=4362.11 sl=4377.11 tp=4339.61 lot=0.03 dist=2.45;PLACE_PENDING;SAFE;0;1;0;-1;119353781;0.00;0.00;0.00;0.00;0.00;KELLY_LITE;true;0.04;213078.98;0.0417;KELLY_LITE(mult=1.00 taper=1.00 n=20)+HARD_RISK_CAP(2.0%)+MAXLOSS_CAP;213078.98;213078.98;36;0
2026.08.13 16:58:57;XAUUSD;5;1786608156;DIR_OCO_COUNTER_PLACED;dir=BULL(counter) ticket=119353785 price=4366.94 lot=0.03;PLACE_PENDING;SAFE;0;2;0;119353785;119353781;0.00;0.00;0.00;0.00;0.00;KELLY_LITE;true;0.04;213078.98;0.0417;KELLY_LITE(mult=1.00 taper=1.00 n=20)+HARD_RISK_CAP(2.0%)+MAXLOSS_CAP;213078.98;213078.98;36;0
2026.08.13 16:59:07;XAUUSD;5;1786608156;BUY_STOP_TRAILED;Old=4366.94 New=4366.63;WAIT_TRIGGER;SAFE;0;2;0;119353785;119353781;0.00;0.00;0.00;0.00;0.00;KELLY_LITE;true;0.04;213078.98;0.0417;KELLY_LITE(mult=1.00 taper=1.00 n=20)+HARD_RISK_CAP(2.0%)+MAXLOSS_CAP;213078.98;213078.98;36;0
2026.08.13 16:59:21;XAUUSD;5;1786608156;BUY_STOP_TRAILED;Old=4366.63 New=4366.32;WAIT_TRIGGER;SAFE;0;2;0;119353785;119353781;0.00;0.00;0.00;0.00;0.00;KELLY_LITE;true;0.04;213078.98;0.0417;KELLY_LITE(mult=1.00 taper=1.00 n=20)+HARD_RISK_CAP(2.0%)+MAXLOSS_CAP;213078.98;213078.98;36;0
2026.08.13 16:59:53;XAUUSD;5;1786608156;SELL_STOP_TRAILED;Old=4362.11 New=4362.59;WAIT_TRIGGER;SAFE;0;2;0;119353785;119353781;0.00;0.00;0.00;0.00;0.00;KELLY_LITE;true;0.04;213078.98;0.0417;KELLY_LITE(mult=1.00 taper=1.00 n=20)+HARD_RISK_CAP(2.0%)+MAXLOSS_CAP;213078.98;213078.98;36;0
2026.08.13 17:00:05;XAUUSD;5;1786608156;SELL_STOP_TRAILED;Old=4362.59 New=4362.90;WAIT_TRIGGER;SAFE;0;2;0;119353785;119353781;0.00;0.00;0.00;0.00;0.00;KELLY_LITE;true;0.04;213078.98;0.0417;KELLY_LITE(mult=1.00 taper=1.00 n=20)+HARD_RISK_CAP(2.0%)+MAXLOSS_CAP;213078.98;213078.98;36;0
2026.08.13 17:00:10;XAUUSD;5;1786608156;OCO_TRIGGERED_BUY;ticket=119353785 entry=4366.32;POSITION_ACTIVE;SAFE;1;1;0;-1;119353781;0.00;-1.08;-1.08;0.00;0.00;KELLY_LITE;true;0.04;213078.98;0.0417;KELLY_LITE(mult=1.00 taper=1.00 n=20)+HARD_RISK_CAP(2.0%)+MAXLOSS_CAP;213078.98;213077.90;36;0
2026.08.13 17:00:11;XAUUSD;5;1786608156;PENDING_DELETED;ticket=119353781 reason=oco_buy_triggered;POSITION_ACTIVE;SAFE;1;0;0;-1;119353781;0.00;-1.38;-1.38;0.00;0.00;KELLY_LITE;true;0.04;213078.98;0.0417;KELLY_LITE(mult=1.00 taper=1.00 n=20)+HARD_RISK_CAP(2.0%)+MAXLOSS_CAP;213078.98;213077.60;33;0
2026.08.13 17:00:11;XAUUSD;5;1786608156;HEDGE_PENDING_PLACED;dir=SELL_STOP ticket=119354137 price=4362.86 sl=4365.86 lot=0.05 mainEntry=4366.32 dist=3.00 confirmBars=1;POSITION_ACTIVE;SAFE;1;1;1;-1;-1;4366.32;-1.86;-1.86;0.00;-1.38;KELLY_LITE;true;0.04;213078.98;0.0417;KELLY_LITE(mult=1.00 taper=1.00 n=20)+HARD_RISK_CAP(2.0%)+MAXLOSS_CAP;213078.98;213077.12;36;0
2026.08.13 17:05:22;XAUUSD;5;1786608156;SL_MODIFIED;ticket=119354137 oldSL=4365.86 newSL=4362.87 reason=hedge_giveback_lock;MANAGE_PROFIT;SAFE;2;0;1;-1;-1;4366.32;-10.06;3.50;3.06;-14.19;KELLY_LITE;true;0.04;213078.98;0.0417;KELLY_LITE(mult=1.00 taper=1.00 n=20)+HARD_RISK_CAP(2.0%)+MAXLOSS_CAP;213078.98;213068.92;36;0
2026.08.13 17:05:22;XAUUSD;5;1786608156;SL_MODIFIED;ticket=119354137 oldSL=4362.87 newSL=4362.68 reason=hedge_giveback_lock;MANAGE_PROFIT;SAFE;2;0;1;-1;-1;4366.32;-9.39;4.95;3.06;-14.19;KELLY_LITE;true;0.04;213078.98;0.0417;KELLY_LITE(mult=1.00 taper=1.00 n=20)+HARD_RISK_CAP(2.0%)+MAXLOSS_CAP;213078.98;213069.59;33;0
2026.08.13 17:05:23;XAUUSD;5;1786608156;SL_MODIFIED;ticket=119354137 oldSL=4362.68 newSL=4362.55 reason=hedge_giveback_lock (retry buf=3pt);MANAGE_PROFIT;SAFE;2;0;1;-1;-1;4366.32;-9.48;4.95;3.06;-14.19;KELLY_LITE;true;0.04;213078.98;0.0417;KELLY_LITE(mult=1.00 taper=1.00 n=20)+HARD_RISK_CAP(2.0%)+MAXLOSS_CAP;213078.98;213069.50;36;0
2026.08.13 17:05:24;XAUUSD;5;1786608156;SL_MODIFIED;ticket=119354137 oldSL=4362.55 newSL=4362.39 reason=hedge_giveback_lock;MANAGE_PROFIT;SAFE;2;0;1;-1;-1;4366.32;-9.18;5.70;3.06;-14.19;KELLY_LITE;true;0.04;213078.98;0.0417;KELLY_LITE(mult=1.00 taper=1.00 n=20)+HARD_RISK_CAP(2.0%)+MAXLOSS_CAP;213078.98;213069.80;36;0
2026.08.13 17:05:24;XAUUSD;5;1786608156;SL_MODIFIED;ticket=119354137 oldSL=4362.39 newSL=4362.24 reason=hedge_giveback_lock;MANAGE_PROFIT;SAFE;2;0;1;-1;-1;4366.32;-8.88;6.45;3.06;-14.19;KELLY_LITE;true;0.04;213078.98;0.0417;KELLY_LITE(mult=1.00 taper=1.00 n=20)+HARD_RISK_CAP(2.0%)+MAXLOSS_CAP;213078.98;213070.10;36;0
2026.08.13 17:05:25;XAUUSD;5;1786608156;SL_MODIFY_FAILED;ticket=119354137 newSL=4362.09 reason=hedge_giveback_lock err=0;MANAGE_PROFIT;SAFE;2;0;1;-1;-1;4366.32;-9.16;5.75;3.06;-14.19;KELLY_LITE;true;0.04;213078.98;0.0417;KELLY_LITE(mult=1.00 taper=1.00 n=20)+HARD_RISK_CAP(2.0%)+MAXLOSS_CAP;213078.98;213069.82;36;0
2026.08.13 17:05:27;XAUUSD;5;1786608156;SL_MODIFIED;ticket=119354137 oldSL=4362.24 newSL=4362.16 reason=hedge_giveback_lock;MANAGE_PROFIT;SAFE;2;0;1;-1;-1;4366.32;-8.76;6.75;3.06;-14.19;KELLY_LITE;true;0.04;213078.98;0.0417;KELLY_LITE(mult=1.00 taper=1.00 n=20)+HARD_RISK_CAP(2.0%)+MAXLOSS_CAP;213078.98;213070.22;36;0
2026.08.13 17:05:28;XAUUSD;5;1786608156;SL_MODIFIED;ticket=119354137 oldSL=4362.16 newSL=4362.03 reason=hedge_giveback_lock;MANAGE_PROFIT;SAFE;2;0;1;-1;-1;4366.32;-8.78;6.70;3.06;-14.19;KELLY_LITE;true;0.04;213078.98;0.0417;KELLY_LITE(mult=1.00 taper=1.00 n=20)+HARD_RISK_CAP(2.0%)+MAXLOSS_CAP;213078.98;213070.20;36;0
2026.08.13 17:05:29;XAUUSD;5;1786608156;SL_MODIFIED;ticket=119354137 oldSL=4362.03 newSL=4361.87 reason=hedge_giveback_lock;MANAGE_PROFIT;SAFE;2;0;1;-1;-1;4366.32;-7.96;8.75;3.06;-14.19;KELLY_LITE;true;0.04;213078.98;0.0417;KELLY_LITE(mult=1.00 taper=1.00 n=20)+HARD_RISK_CAP(2.0%)+MAXLOSS_CAP;213078.98;213071.02;36;0
2026.08.13 17:05:30;XAUUSD;5;1786608156;SL_MODIFIED;ticket=119354137 oldSL=4361.87 newSL=4361.86 reason=hedge_giveback_lock (retry buf=3pt);MANAGE_PROFIT;SAFE;2;0;1;-1;-1;4366.32;-8.12;8.35;3.06;-14.19;KELLY_LITE;true;0.04;213078.98;0.0417;KELLY_LITE(mult=1.00 taper=1.00 n=20)+HARD_RISK_CAP(2.0%)+MAXLOSS_CAP;213078.98;213070.86;36;0
2026.08.13 17:05:32;XAUUSD;5;1786608156;POSITION_CLOSED;ticket=119354137 reason=hedge_reversal_giveback_cap lots=0.05 price=4361.63 pnl=6.15;MANAGE_PROFIT;SAFE;1;0;1;-1;-1;4366.32;-14.61;-14.61;3.06;-14.19;KELLY_LITE;true;0.04;213078.98;0.0417;KELLY_LITE(mult=1.00 taper=1.00 n=20)+HARD_RISK_CAP(2.0%)+MAXLOSS_CAP;213084.23;213069.62;36;0
2026.08.13 17:05:32;XAUUSD;5;1786608156;HEDGE_CLOSED_REVERSAL;profit=6.15 peak=8.75 giveback=2.60 cap=2.50 reason=giveback_cap ok=1;MANAGE_PROFIT;SAFE;1;0;1;-1;-1;4366.32;-14.61;-14.61;3.06;-14.19;KELLY_LITE;true;0.04;213078.98;0.0417;KELLY_LITE(mult=1.00 taper=1.00 n=20)+HARD_RISK_CAP(2.0%)+MAXLOSS_CAP;213084.23;213069.62;36;0
2026.08.13 17:08:12;XAUUSD;5;1786608156;EXIT_TIME_LOSS_CONFIRMED;held=8 profit=-16.95 rsi=36.2;MANAGE_PROFIT;SAFE;1;0;1;-1;-1;4366.32;-16.95;-16.95;3.06;-16.95;KELLY_LITE;true;0.04;213078.98;0.0417;KELLY_LITE(mult=1.00 taper=1.00 n=20)+HARD_RISK_CAP(2.0%)+MAXLOSS_CAP;213084.23;213067.28;36;0
2026.08.13 17:08:13;XAUUSD;5;1786608156;POSITION_CLOSED;ticket=119353785 reason=time_loss_exit_confirmed lots=0.03 price=4360.67 pnl=-16.95;MANAGE_PROFIT;SAFE;0;0;1;-1;-1;4366.32;0.00;0.00;3.06;-16.95;KELLY_LITE;true;0.04;213078.98;0.0417;KELLY_LITE(mult=1.00 taper=1.00 n=20)+HARD_RISK_CAP(2.0%)+MAXLOSS_CAP;213067.61;213067.61;36;0
2026.08.13 17:08:13;XAUUSD;5;1786608156;LOSS_COOLDOWN_AFTER_LOSS;cyclePnL=-11.37 pauseUntil=2026.08.13 17:13:13;RESET;SAFE;0;0;0;-1;-1;4366.32;0.00;0.00;3.06;-16.95;KELLY_LITE;true;0.04;213078.98;0.0417;KELLY_LITE(mult=1.00 taper=1.00 n=20)+HARD_RISK_CAP(2.0%)+MAXLOSS_CAP;213067.61;213067.61;36;0
2026.08.13 17:08:13;XAUUSD;5;1786608156;CYCLE_RESET;oldState=RESET realizedPnL=-11.37 peak=3.06 worst=-16.95 pyramid=0 consLosses=1;RESET;SAFE;0;0;0;-1;-1;4366.32;0.00;0.00;3.06;-16.95;KELLY_LITE;true;0.04;213078.98;0.0417;KELLY_LITE(mult=1.00 taper=1.00 n=20)+HARD_RISK_CAP(2.0%)+MAXLOSS_CAP;213067.61;213067.61;36;0
2026.08.13 17:13:13;XAUUSD;5;1786608157;PLACE_PENDING_START;cycle=1786608157 trend=-1 consecLosses=1 preset=AGGRESSIVE;PLACE_PENDING;SAFE;0;0;0;-1;-1;0.00;0.00;0.00;0.00;0.00;KELLY_LITE;true;0.04;213078.98;0.0417;KELLY_LITE(mult=1.00 taper=1.00 n=20)+HARD_RISK_CAP(2.0%)+MAXLOSS_CAP;213067.61;213067.61;36;0
2026.08.13 17:13:13;XAUUSD;5;1786608157;DIR_OCO_PLACED;dir=BEAR ticket=119357535 price=4354.27 sl=4369.27 tp=4331.77 lot=0.03 dist=2.41;PLACE_PENDING;SAFE;0;1;0;-1;119357535;0.00;0.00;0.00;0.00;0.00;KELLY_LITE;true;0.04;213067.61;0.0417;KELLY_LITE(mult=1.00 taper=1.00 n=20)+TIME_REDUCE(50%)+HARD_RISK_CAP(2.0%)+MAXLOSS_CAP;213067.61;213067.61;36;0
2026.08.13 17:13:14;XAUUSD;5;1786608157;DIR_OCO_COUNTER_PLACED;dir=BULL(counter) ticket=119357538 price=4359.48 lot=0.03;PLACE_PENDING;SAFE;0;2;0;119357538;119357535;0.00;0.00;0.00;0.00;0.00;KELLY_LITE;true;0.04;213067.61;0.0417;KELLY_LITE(mult=1.00 taper=1.00 n=20)+TIME_REDUCE(50%)+HARD_RISK_CAP(2.0%)+MAXLOSS_CAP;213067.61;213067.61;36;0
2026.08.13 17:13:16;XAUUSD;5;1786608157;BUY_STOP_TRAILED;Old=4359.48 New=4359.03;WAIT_TRIGGER;SAFE;0;2;0;119357538;119357535;0.00;0.00;0.00;0.00;0.00;KELLY_LITE;true;0.04;213067.61;0.0417;KELLY_LITE(mult=1.00 taper=1.00 n=20)+TIME_REDUCE(50%)+HARD_RISK_CAP(2.0%)+MAXLOSS_CAP;213067.61;213067.61;37;0
2026.08.13 17:13:42;XAUUSD;5;1786608157;BUY_STOP_TRAILED;Old=4359.03 New=4358.72;WAIT_TRIGGER;SAFE;0;2;0;119357538;119357535;0.00;0.00;0.00;0.00;0.00;KELLY_LITE;true;0.04;213067.61;0.0417;KELLY_LITE(mult=1.00 taper=1.00 n=20)+TIME_REDUCE(50%)+HARD_RISK_CAP(2.0%)+MAXLOSS_CAP;213067.61;213067.61;37;0
2026.08.13 17:13:47;XAUUSD;5;1786608157;SELL_STOP_TRAILED;Old=4354.27 New=4354.60;WAIT_TRIGGER;SAFE;0;2;0;119357538;119357535;0.00;0.00;0.00;0.00;0.00;KELLY_LITE;true;0.04;213067.61;0.0417;KELLY_LITE(mult=1.00 taper=1.00 n=20)+TIME_REDUCE(50%)+HARD_RISK_CAP(2.0%)+MAXLOSS_CAP;213067.61;213067.61;36;0
2026.08.13 17:14:05;XAUUSD;5;1786608157;BUY_STOP_TRAILED;Old=4358.72 New=4358.39;WAIT_TRIGGER;SAFE;0;2;0;119357538;119357535;0.00;0.00;0.00;0.00;0.00;KELLY_LITE;true;0.04;213067.61;0.0417;KELLY_LITE(mult=1.00 taper=1.00 n=20)+TIME_REDUCE(50%)+HARD_RISK_CAP(2.0%)+MAXLOSS_CAP;213067.61;213067.61;36;0
2026.08.13 17:14:06;XAUUSD;5;1786608157;BUY_STOP_TRAILED;Old=4358.39 New=4357.97;WAIT_TRIGGER;SAFE;0;2;0;119357538;119357535;0.00;0.00;0.00;0.00;0.00;KELLY_LITE;true;0.04;213067.61;0.0417;KELLY_LITE(mult=1.00 taper=1.00 n=20)+TIME_REDUCE(50%)+HARD_RISK_CAP(2.0%)+MAXLOSS_CAP;213067.61;213067.61;36;0
2026.08.13 17:14:26;XAUUSD;5;1786608157;BUY_STOP_TRAILED;Old=4357.97 New=4357.66;WAIT_TRIGGER;SAFE;0;2;0;119357538;119357535;0.00;0.00;0.00;0.00;0.00;KELLY_LITE;true;0.04;213067.61;0.0417;KELLY_LITE(mult=1.00 taper=1.00 n=20)+TIME_REDUCE(50%)+HARD_RISK_CAP(2.0%)+MAXLOSS_CAP;213067.61;213067.61;36;0
2026.08.13 17:14:27;XAUUSD;5;1786608157;OCO_TRIGGERED_SELL;ticket=119357535 entry=4354.60;POSITION_ACTIVE;SAFE;1;1;0;119357538;-1;0.00;0.06;-1.02;0.00;0.00;KELLY_LITE;true;0.04;213067.61;0.0417;KELLY_LITE(mult=1.00 taper=1.00 n=20)+TIME_REDUCE(50%)+HARD_RISK_CAP(2.0%)+MAXLOSS_CAP;213067.61;213067.67;36;0
2026.08.13 17:14:28;XAUUSD;5;1786608157;PENDING_DELETED;ticket=119357538 reason=oco_sell_triggered;POSITION_ACTIVE;SAFE;1;0;0;119357538;-1;0.00;-1.08;-1.08;0.00;0.00;KELLY_LITE;true;0.04;213067.61;0.0417;KELLY_LITE(mult=1.00 taper=1.00 n=20)+TIME_REDUCE(50%)+HARD_RISK_CAP(2.0%)+MAXLOSS_CAP;213067.61;213066.53;36;0
2026.08.13 17:14:28;XAUUSD;5;1786608157;HEDGE_PENDING_PLACED;dir=BUY_STOP ticket=119357921 price=4357.96 sl=4354.96 lot=0.05 mainEntry=4354.60 dist=3.00 confirmBars=1;POSITION_ACTIVE;SAFE;1;1;1;-1;-1;4354.60;-1.77;-1.77;0.00;-1.08;KELLY_LITE;true;0.04;213067.61;0.0417;KELLY_LITE(mult=1.00 taper=1.00 n=20)+TIME_REDUCE(50%)+HARD_RISK_CAP(2.0%)+MAXLOSS_CAP;213067.61;213065.84;36;0
2026.08.13 17:18:47;XAUUSD;5;1786608157;SL_MODIFIED;ticket=119357535 oldSL=4366.60 newSL=4352.54 reason=break_even_lock_leg_0 (retry buf=3pt);MANAGE_PROFIT;SAFE;1;1;1;-1;-1;4354.60;7.71;7.71;8.04;-3.87;KELLY_LITE;true;0.04;213067.61;0.0417;KELLY_LITE(mult=1.00 taper=1.00 n=20)+TIME_REDUCE(50%)+HARD_RISK_CAP(2.0%)+MAXLOSS_CAP;213067.61;213075.32;35;0
2026.08.13 17:18:47;XAUUSD;5;1786608157;PROFIT_RATCHET_LOCKED;floor=2.71 peak=8.04;MANAGE_PROFIT;SAFE;1;1;1;-1;-1;4354.60;7.71;7.71;8.04;-3.87;KELLY_LITE;true;0.04;213067.61;0.0417;KELLY_LITE(mult=1.00 taper=1.00 n=20)+TIME_REDUCE(50%)+HARD_RISK_CAP(2.0%)+MAXLOSS_CAP;213067.61;213075.32;35;0
2026.08.13 17:18:47;XAUUSD;5;1786608157;PROFIT_RATCHET_LOCKED;floor=2.71 peak=8.04;MANAGE_PROFIT;SAFE;1;1;1;-1;-1;4354.60;7.71;7.71;8.04;-3.87;KELLY_LITE;true;0.04;213067.61;0.0417;KELLY_LITE(mult=1.00 taper=1.00 n=20)+TIME_REDUCE(50%)+HARD_RISK_CAP(2.0%)+MAXLOSS_CAP;213067.61;213075.32;35;0
2026.08.13 17:18:48;XAUUSD;5;1786608157;PROFIT_RATCHET_LOCKED;floor=2.71 peak=8.04;MANAGE_PROFIT;SAFE;1;1;1;-1;-1;4354.60;7.77;7.77;8.04;-3.87;KELLY_LITE;true;0.04;213067.61;0.0417;KELLY_LITE(mult=1.00 taper=1.00 n=20)+TIME_REDUCE(50%)+HARD_RISK_CAP(2.0%)+MAXLOSS_CAP;213067.61;213075.38;33;0
2026.08.13 17:18:48;XAUUSD;5;1786608157;PROFIT_RATCHET_LOCKED;floor=2.71 peak=8.04;MANAGE_PROFIT;SAFE;1;1;1;-1;-1;4354.60;7.53;7.53;8.04;-3.87;KELLY_LITE;true;0.04;213067.61;0.0417;KELLY_LITE(mult=1.00 taper=1.00 n=20)+TIME_REDUCE(50%)+HARD_RISK_CAP(2.0%)+MAXLOSS_CAP;213067.61;213075.14;33;0
2026.08.13 17:18:48;XAUUSD;5;1786608157;PROFIT_RATCHET_LOCKED;floor=2.71 peak=8.04;MANAGE_PROFIT;SAFE;1;1;1;-1;-1;4354.60;7.32;7.32;8.04;-3.87;KELLY_LITE;true;0.04;213067.61;0.0417;KELLY_LITE(mult=1.00 taper=1.00 n=20)+TIME_REDUCE(50%)+HARD_RISK_CAP(2.0%)+MAXLOSS_CAP;213067.61;213074.93;36;0
2026.08.13 17:18:48;XAUUSD;5;1786608157;PROFIT_RATCHET_LOCKED;floor=2.71 peak=8.04;MANAGE_PROFIT;SAFE;1;1;1;-1;-1;4354.60;7.38;7.38;8.04;-3.87;KELLY_LITE;true;0.04;213067.61;0.0417;KELLY_LITE(mult=1.00 taper=1.00 n=20)+TIME_REDUCE(50%)+HARD_RISK_CAP(2.0%)+MAXLOSS_CAP;213067.61;213074.99;36;0
2026.08.13 17:18:48;XAUUSD;5;1786608157;PROFIT_RATCHET_LOCKED;floor=2.71 peak=8.04;MANAGE_PROFIT;SAFE;1;1;1;-1;-1;4354.60;7.35;7.35;8.04;-3.87;KELLY_LITE;true;0.04;213067.61;0.0417;KELLY_LITE(mult=1.00 taper=1.00 n=20)+TIME_REDUCE(50%)+HARD_RISK_CAP(2.0%)+MAXLOSS_CAP;213067.61;213074.96;36;0
2026.08.13 17:18:49;XAUUSD;5;1786608157;PROFIT_RATCHET_LOCKED;floor=2.71 peak=8.04;MANAGE_PROFIT;SAFE;1;1;1;-1;-1;4354.60;7.38;7.38;8.04;-3.87;KELLY_LITE;true;0.04;213067.61;0.0417;KELLY_LITE(mult=1.00 taper=1.00 n=20)+TIME_REDUCE(50%)+HARD_RISK_CAP(2.0%)+MAXLOSS_CAP;213067.61;213074.99;36;0
2026.08.13 17:18:49;XAUUSD;5;1786608157;PROFIT_RATCHET_LOCKED;floor=2.71 peak=8.04;MANAGE_PROFIT;SAFE;1;1;1;-1;-1;4354.60;7.53;7.53;8.04;-3.87;KELLY_LITE;true;0.04;213067.61;0.0417;KELLY_LITE(mult=1.00 taper=1.00 n=20)+TIME_REDUCE(50%)+HARD_RISK_CAP(2.0%)+MAXLOSS_CAP;213067.61;213075.14;36;0
2026.08.13 17:18:49;XAUUSD;5;1786608157;PROFIT_RATCHET_LOCKED;floor=2.71 peak=8.04;MANAGE_PROFIT;SAFE;1;1;1;-1;-1;4354.60;7.38;7.38;8.04;-3.87;KELLY_LITE;true;0.04;213067.61;0.0417;KELLY_LITE(mult=1.00 taper=1.00 n=20)+TIME_REDUCE(50%)+HARD_RISK_CAP(2.0%)+MAXLOSS_CAP;213067.61;213074.99;36;0
2026.08.13 17:18:49;XAUUSD;5;1786608157;PROFIT_RATCHET_LOCKED;floor=2.71 peak=8.04;MANAGE_PROFIT;SAFE;1;1;1;-1;-1;4354.60;7.26;7.26;8.04;-3.87;KELLY_LITE;true;0.04;213067.61;0.0417;KELLY_LITE(mult=1.00 taper=1.00 n=20)+TIME_REDUCE(50%)+HARD_RISK_CAP(2.0%)+MAXLOSS_CAP;213067.61;213074.87;36;0
2026.08.13 17:18:49;XAUUSD;5;1786608157;PROFIT_RATCHET_LOCKED;floor=2.71 peak=8.04;MANAGE_PROFIT;SAFE;1;1;1;-1;-1;4354.60;6.75;6.75;8.04;-3.87;KELLY_LITE;true;0.04;213067.61;0.0417;KELLY_LITE(mult=1.00 taper=1.00 n=20)+TIME_REDUCE(50%)+HARD_RISK_CAP(2.0%)+MAXLOSS_CAP;213067.61;213074.36;33;0
2026.08.13 17:18:50;XAUUSD;5;1786608157;PROFIT_RATCHET_LOCKED;floor=2.71 peak=8.04;MANAGE_PROFIT;SAFE;1;1;1;-1;-1;4354.60;6.78;6.78;8.04;-3.87;KELLY_LITE;true;0.04;213067.61;0.0417;KELLY_LITE(mult=1.00 taper=1.00 n=20)+TIME_REDUCE(50%)+HARD_RISK_CAP(2.0%)+MAXLOSS_CAP;213067.61;213074.39;33;0
2026.08.13 17:18:50;XAUUSD;5;1786608157;PROFIT_RATCHET_LOCKED;floor=2.71 peak=8.04;MANAGE_PROFIT;SAFE;1;1;1;-1;-1;4354.60;7.14;7.14;8.04;-3.87;KELLY_LITE;true;0.04;213067.61;0.0417;KELLY_LITE(mult=1.00 taper=1.00 n=20)+TIME_REDUCE(50%)+HARD_RISK_CAP(2.0%)+MAXLOSS_CAP;213067.61;213074.75;34;0
2026.08.13 17:18:50;XAUUSD;5;1786608157;PROFIT_RATCHET_LOCKED;floor=2.71 peak=8.04;MANAGE_PROFIT;SAFE;1;1;1;-1;-1;4354.60;7.20;7.20;8.04;-3.87;KELLY_LITE;true;0.04;213067.61;0.0417;KELLY_LITE(mult=1.00 taper=1.00 n=20)+TIME_REDUCE(50%)+HARD_RISK_CAP(2.0%)+MAXLOSS_CAP;213067.61;213074.81;36;0
2026.08.13 17:18:50;XAUUSD;5;1786608157;PROFIT_RATCHET_LOCKED;floor=2.71 peak=8.04;MANAGE_PROFIT;SAFE;1;1;1;-1;-1;4354.60;7.08;7.08;8.04;-3.87;KELLY_LITE;true;0.04;213067.61;0.0417;KELLY_LITE(mult=1.00 taper=1.00 n=20)+TIME_REDUCE(50%)+HARD_RISK_CAP(2.0%)+MAXLOSS_CAP;213067.61;213074.69;33;0
2026.08.13 17:18:50;XAUUSD;5;1786608157;PROFIT_RATCHET_LOCKED;floor=2.71 peak=8.04;MANAGE_PROFIT;SAFE;1;1;1;-1;-1;4354.60;7.32;7.32;8.04;-3.87;KELLY_LITE;true;0.04;213067.61;0.0417;KELLY_LITE(mult=1.00 taper=1.00 n=20)+TIME_REDUCE(50%)+HARD_RISK_CAP(2.0%)+MAXLOSS_CAP;213067.61;213074.93;36;0
2026.08.13 17:18:51;XAUUSD;5;1786608157;PROFIT_RATCHET_LOCKED;floor=2.71 peak=8.04;MANAGE_PROFIT;SAFE;1;1;1;-1;-1;4354.60;7.38;7.38;8.04;-3.87;KELLY_LITE;true;0.04;213067.61;0.0417;KELLY_LITE(mult=1.00 taper=1.00 n=20)+TIME_REDUCE(50%)+HARD_RISK_CAP(2.0%)+MAXLOSS_CAP;213067.61;213074.99;34;0
2026.08.13 17:18:51;XAUUSD;5;1786608157;SL_MODIFY_FAILED;ticket=119357535 newSL=4352.47 reason=break_even_lock_leg_0 err=0;MANAGE_PROFIT;SAFE;1;1;1;-1;-1;4354.60;7.59;7.59;8.04;-3.87;KELLY_LITE;true;0.04;213067.61;0.0417;KELLY_LITE(mult=1.00 taper=1.00 n=20)+TIME_REDUCE(50%)+HARD_RISK_CAP(2.0%)+MAXLOSS_CAP;213067.61;213075.20;36;0
2026.08.13 17:18:51;XAUUSD;5;1786608157;PROFIT_RATCHET_LOCKED;floor=2.71 peak=8.04;MANAGE_PROFIT;SAFE;1;1;1;-1;-1;4354.60;7.59;7.59;8.04;-3.87;KELLY_LITE;true;0.04;213067.61;0.0417;KELLY_LITE(mult=1.00 taper=1.00 n=20)+TIME_REDUCE(50%)+HARD_RISK_CAP(2.0%)+MAXLOSS_CAP;213067.61;213075.20;36;0
2026.08.13 17:18:51;XAUUSD;5;1786608157;PROFIT_RATCHET_LOCKED;floor=2.71 peak=8.04;MANAGE_PROFIT;SAFE;1;1;1;-1;-1;4354.60;7.59;7.59;8.04;-3.87;KELLY_LITE;true;0.04;213067.61;0.0417;KELLY_LITE(mult=1.00 taper=1.00 n=20)+TIME_REDUCE(50%)+HARD_RISK_CAP(2.0%)+MAXLOSS_CAP;213067.61;213075.20;36;0
2026.08.13 17:18:52;XAUUSD;5;1786608157;SL_MODIFIED;ticket=119357535 oldSL=4352.54 newSL=4352.51 reason=break_even_lock_leg_0;MANAGE_PROFIT;SAFE;1;1;1;-1;-1;4354.60;8.25;8.25;8.04;-3.87;KELLY_LITE;true;0.04;213067.61;0.0417;KELLY_LITE(mult=1.00 taper=1.00 n=20)+TIME_REDUCE(50%)+HARD_RISK_CAP(2.0%)+MAXLOSS_CAP;213067.61;213075.86;36;0
2026.08.13 17:18:52;XAUUSD;5;1786608157;PROFIT_RATCHET_LOCKED;floor=2.71 peak=8.04;MANAGE_PROFIT;SAFE;1;1;1;-1;-1;4354.60;8.25;8.25;8.04;-3.87;KELLY_LITE;true;0.04;213067.61;0.0417;KELLY_LITE(mult=1.00 taper=1.00 n=20)+TIME_REDUCE(50%)+HARD_RISK_CAP(2.0%)+MAXLOSS_CAP;213067.61;213075.86;36;0
2026.08.13 17:18:53;XAUUSD;5;1786608157;SL_MODIFIED;ticket=119357535 oldSL=4352.51 newSL=4352.45 reason=break_even_lock_leg_0 (retry buf=3pt);MANAGE_PROFIT;SAFE;1;1;1;-1;-1;4354.60;8.04;8.04;8.25;-3.87;KELLY_LITE;true;0.04;213067.61;0.0417;KELLY_LITE(mult=1.00 taper=1.00 n=20)+TIME_REDUCE(50%)+HARD_RISK_CAP(2.0%)+MAXLOSS_CAP;213067.61;213075.65;37;0
2026.08.13 17:18:53;XAUUSD;5;1786608157;PROFIT_RATCHET_LOCKED;floor=2.78 peak=8.25;MANAGE_PROFIT;SAFE;1;1;1;-1;-1;4354.60;8.04;8.04;8.25;-3.87;KELLY_LITE;true;0.04;213067.61;0.0417;KELLY_LITE(mult=1.00 taper=1.00 n=20)+TIME_REDUCE(50%)+HARD_RISK_CAP(2.0%)+MAXLOSS_CAP;213067.61;213075.65;37;0
2026.08.13 17:18:53;XAUUSD;5;1786608157;PROFIT_RATCHET_LOCKED;floor=2.78 peak=8.25;MANAGE_PROFIT;SAFE;1;1;1;-1;-1;4354.60;8.04;8.04;8.25;-3.87;KELLY_LITE;true;0.04;213067.61;0.0417;KELLY_LITE(mult=1.00 taper=1.00 n=20)+TIME_REDUCE(50%)+HARD_RISK_CAP(2.0%)+MAXLOSS_CAP;213067.61;213075.65;37;0
2026.08.13 17:18:53;XAUUSD;5;1786608157;PROFIT_RATCHET_LOCKED;floor=2.78 peak=8.25;MANAGE_PROFIT;SAFE;1;1;1;-1;-1;4354.60;7.98;7.98;8.25;-3.87;KELLY_LITE;true;0.04;213067.61;0.0417;KELLY_LITE(mult=1.00 taper=1.00 n=20)+TIME_REDUCE(50%)+HARD_RISK_CAP(2.0%)+MAXLOSS_CAP;213067.61;213075.59;37;0
2026.08.13 17:18:53;XAUUSD;5;1786608157;PROFIT_RATCHET_LOCKED;floor=2.78 peak=8.25;MANAGE_PROFIT;SAFE;1;1;1;-1;-1;4354.60;7.80;7.80;8.25;-3.87;KELLY_LITE;true;0.04;213067.61;0.0417;KELLY_LITE(mult=1.00 taper=1.00 n=20)+TIME_REDUCE(50%)+HARD_RISK_CAP(2.0%)+MAXLOSS_CAP;213067.61;213075.41;36;0
2026.08.13 17:18:53;XAUUSD;5;1786608157;PROFIT_RATCHET_LOCKED;floor=2.78 peak=8.25;MANAGE_PROFIT;SAFE;1;1;1;-1;-1;4354.60;7.62;7.62;8.25;-3.87;KELLY_LITE;true;0.04;213067.61;0.0417;KELLY_LITE(mult=1.00 taper=1.00 n=20)+TIME_REDUCE(50%)+HARD_RISK_CAP(2.0%)+MAXLOSS_CAP;213067.61;213075.23;36;0
2026.08.13 17:18:54;XAUUSD;5;1786608157;PROFIT_RATCHET_LOCKED;floor=2.78 peak=8.25;MANAGE_PROFIT;SAFE;1;1;1;-1;-1;4354.60;7.74;7.74;8.25;-3.87;KELLY_LITE;true;0.04;213067.61;0.0417;KELLY_LITE(mult=1.00 taper=1.00 n=20)+TIME_REDUCE(50%)+HARD_RISK_CAP(2.0%)+MAXLOSS_CAP;213067.61;213075.35;33;0
2026.08.13 17:18:54;XAUUSD;5;1786608157;PROFIT_RATCHET_LOCKED;floor=2.78 peak=8.25;MANAGE_PROFIT;SAFE;1;1;1;-1;-1;4354.60;7.68;7.68;8.25;-3.87;KELLY_LITE;true;0.04;213067.61;0.0417;KELLY_LITE(mult=1.00 taper=1.00 n=20)+TIME_REDUCE(50%)+HARD_RISK_CAP(2.0%)+MAXLOSS_CAP;213067.61;213075.29;35;0
2026.08.13 17:18:54;XAUUSD;5;1786608157;PROFIT_RATCHET_LOCKED;floor=2.78 peak=8.25;MANAGE_PROFIT;SAFE;1;1;1;-1;-1;4354.60;7.62;7.62;8.25;-3.87;KELLY_LITE;true;0.04;213067.61;0.0417;KELLY_LITE(mult=1.00 taper=1.00 n=20)+TIME_REDUCE(50%)+HARD_RISK_CAP(2.0%)+MAXLOSS_CAP;213067.61;213075.23;36;0
2026.08.13 17:18:55;XAUUSD;5;1786608157;PROFIT_RATCHET_LOCKED;floor=2.78 peak=8.25;MANAGE_PROFIT;SAFE;1;1;1;-1;-1;4354.60;7.17;7.17;8.25;-3.87;KELLY_LITE;true;0.04;213067.61;0.0417;KELLY_LITE(mult=1.00 taper=1.00 n=20)+TIME_REDUCE(50%)+HARD_RISK_CAP(2.0%)+MAXLOSS_CAP;213067.61;213074.78;36;0
2026.08.13 17:18:55;XAUUSD;5;1786608157;PROFIT_RATCHET_LOCKED;floor=2.78 peak=8.25;MANAGE_PROFIT;SAFE;1;1;1;-1;-1;4354.60;6.93;6.93;8.25;-3.87;KELLY_LITE;true;0.04;213067.61;0.0417;KELLY_LITE(mult=1.00 taper=1.00 n=20)+TIME_REDUCE(50%)+HARD_RISK_CAP(2.0%)+MAXLOSS_CAP;213067.61;213074.54;36;0
2026.08.13 17:18:55;XAUUSD;5;1786608157;PROFIT_RATCHET_LOCKED;floor=2.78 peak=8.25;MANAGE_PROFIT;SAFE;1;1;1;-1;-1;4354.60;6.93;6.93;8.25;-3.87;KELLY_LITE;true;0.04;213067.61;0.0417;KELLY_LITE(mult=1.00 taper=1.00 n=20)+TIME_REDUCE(50%)+HARD_RISK_CAP(2.0%)+MAXLOSS_CAP;213067.61;213074.54;35;0
2026.08.13 17:18:55;XAUUSD;5;1786608157;PROFIT_RATCHET_LOCKED;floor=2.78 peak=8.25;MANAGE_PROFIT;SAFE;1;1;1;-1;-1;4354.60;6.78;6.78;8.25;-3.87;KELLY_LITE;true;0.04;213067.61;0.0417;KELLY_LITE(mult=1.00 taper=1.00 n=20)+TIME_REDUCE(50%)+HARD_RISK_CAP(2.0%)+MAXLOSS_CAP;213067.61;213074.39;36;0
2026.08.13 17:18:55;XAUUSD;5;1786608157;PROFIT_RATCHET_LOCKED;floor=2.78 peak=8.25;MANAGE_PROFIT;SAFE;1;1;1;-1;-1;4354.60;6.81;6.81;8.25;-3.87;KELLY_LITE;true;0.04;213067.61;0.0417;KELLY_LITE(mult=1.00 taper=1.00 n=20)+TIME_REDUCE(50%)+HARD_RISK_CAP(2.0%)+MAXLOSS_CAP;213067.61;213074.42;36;0
2026.08.13 17:18:56;XAUUSD;5;1786608157;PROFIT_RATCHET_LOCKED;floor=2.78 peak=8.25;MANAGE_PROFIT;SAFE;1;1;1;-1;-1;4354.60;7.14;7.14;8.25;-3.87;KELLY_LITE;true;0.04;213067.61;0.0417;KELLY_LITE(mult=1.00 taper=1.00 n=20)+TIME_REDUCE(50%)+HARD_RISK_CAP(2.0%)+MAXLOSS_CAP;213067.61;213074.75;33;0
2026.08.13 17:18:56;XAUUSD;5;1786608157;PROFIT_RATCHET_LOCKED;floor=2.78 peak=8.25;MANAGE_PROFIT;SAFE;1;1;1;-1;-1;4354.60;6.57;6.57;8.25;-3.87;KELLY_LITE;true;0.04;213067.61;0.0417;KELLY_LITE(mult=1.00 taper=1.00 n=20)+TIME_REDUCE(50%)+HARD_RISK_CAP(2.0%)+MAXLOSS_CAP;213067.61;213074.18;36;0
2026.08.13 17:18:56;XAUUSD;5;1786608157;PROFIT_RATCHET_LOCKED;floor=2.78 peak=8.25;MANAGE_PROFIT;SAFE;1;1;1;-1;-1;4354.60;6.72;6.72;8.25;-3.87;KELLY_LITE;true;0.04;213067.61;0.0417;KELLY_LITE(mult=1.00 taper=1.00 n=20)+TIME_REDUCE(50%)+HARD_RISK_CAP(2.0%)+MAXLOSS_CAP;213067.61;213074.33;36;0
2026.08.13 17:18:56;XAUUSD;5;1786608157;PROFIT_RATCHET_LOCKED;floor=2.78 peak=8.25;MANAGE_PROFIT;SAFE;1;1;1;-1;-1;4354.60;6.87;6.87;8.25;-3.87;KELLY_LITE;true;0.04;213067.61;0.0417;KELLY_LITE(mult=1.00 taper=1.00 n=20)+TIME_REDUCE(50%)+HARD_RISK_CAP(2.0%)+MAXLOSS_CAP;213067.61;213074.48;36;0
2026.08.13 17:18:56;XAUUSD;5;1786608157;PROFIT_RATCHET_LOCKED;floor=2.78 peak=8.25;MANAGE_PROFIT;SAFE;1;1;1;-1;-1;4354.60;6.93;6.93;8.25;-3.87;KELLY_LITE;true;0.04;213067.61;0.0417;KELLY_LITE(mult=1.00 taper=1.00 n=20)+TIME_REDUCE(50%)+HARD_RISK_CAP(2.0%)+MAXLOSS_CAP;213067.61;213074.54;36;0
2026.08.13 17:18:57;XAUUSD;5;1786608157;PROFIT_RATCHET_LOCKED;floor=2.78 peak=8.25;MANAGE_PROFIT;SAFE;1;1;1;-1;-1;4354.60;7.14;7.14;8.25;-3.87;KELLY_LITE;true;0.04;213067.61;0.0417;KELLY_LITE(mult=1.00 taper=1.00 n=20)+TIME_REDUCE(50%)+HARD_RISK_CAP(2.0%)+MAXLOSS_CAP;213067.61;213074.75;36;0
2026.08.13 17:18:57;XAUUSD;5;1786608157;PROFIT_RATCHET_LOCKED;floor=2.78 peak=8.25;MANAGE_PROFIT;SAFE;1;1;1;-1;-1;4354.60;7.05;7.05;8.25;-3.87;KELLY_LITE;true;0.04;213067.61;0.0417;KELLY_LITE(mult=1.00 taper=1.00 n=20)+TIME_REDUCE(50%)+HARD_RISK_CAP(2.0%)+MAXLOSS_CAP;213067.61;213074.66;36;0
2026.08.13 17:18:58;XAUUSD;5;1786608157;PROFIT_RATCHET_LOCKED;floor=2.78 peak=8.25;MANAGE_PROFIT;SAFE;1;1;1;-1;-1;4354.60;7.59;7.59;8.25;-3.87;KELLY_LITE;true;0.04;213067.61;0.0417;KELLY_LITE(mult=1.00 taper=1.00 n=20)+TIME_REDUCE(50%)+HARD_RISK_CAP(2.0%)+MAXLOSS_CAP;213067.61;213075.20;36;0
2026.08.13 17:18:58;XAUUSD;5;1786608157;PROFIT_RATCHET_LOCKED;floor=2.78 peak=8.25;MANAGE_PROFIT;SAFE;1;1;1;-1;-1;4354.60;7.71;7.71;8.25;-3.87;KELLY_LITE;true;0.04;213067.61;0.0417;KELLY_LITE(mult=1.00 taper=1.00 n=20)+TIME_REDUCE(50%)+HARD_RISK_CAP(2.0%)+MAXLOSS_CAP;213067.61;213075.32;36;0
2026.08.13 17:18:58;XAUUSD;5;1786608157;PROFIT_RATCHET_LOCKED;floor=2.78 peak=8.25;MANAGE_PROFIT;SAFE;1;1;1;-1;-1;4354.60;7.50;7.50;8.25;-3.87;KELLY_LITE;true;0.04;213067.61;0.0417;KELLY_LITE(mult=1.00 taper=1.00 n=20)+TIME_REDUCE(50%)+HARD_RISK_CAP(2.0%)+MAXLOSS_CAP;213067.61;213075.11;36;0
2026.08.13 17:18:58;XAUUSD;5;1786608157;PROFIT_RATCHET_LOCKED;floor=2.78 peak=8.25;MANAGE_PROFIT;SAFE;1;1;1;-1;-1;4354.60;7.29;7.29;8.25;-3.87;KELLY_LITE;true;0.04;213067.61;0.0417;KELLY_LITE(mult=1.00 taper=1.00 n=20)+TIME_REDUCE(50%)+HARD_RISK_CAP(2.0%)+MAXLOSS_CAP;213067.61;213074.90;34;0
2026.08.13 17:18:58;XAUUSD;5;1786608157;PROFIT_RATCHET_LOCKED;floor=2.78 peak=8.25;MANAGE_PROFIT;SAFE;1;1;1;-1;-1;4354.60;7.29;7.29;8.25;-3.87;KELLY_LITE;true;0.04;213067.61;0.0417;KELLY_LITE(mult=1.00 taper=1.00 n=20)+TIME_REDUCE(50%)+HARD_RISK_CAP(2.0%)+MAXLOSS_CAP;213067.61;213074.90;33;0
2026.08.13 17:18:59;XAUUSD;5;1786608157;PROFIT_RATCHET_LOCKED;floor=2.78 peak=8.25;MANAGE_PROFIT;SAFE;1;1;1;-1;-1;4354.60;7.23;7.23;8.25;-3.87;KELLY_LITE;true;0.04;213067.61;0.0417;KELLY_LITE(mult=1.00 taper=1.00 n=20)+TIME_REDUCE(50%)+HARD_RISK_CAP(2.0%)+MAXLOSS_CAP;213067.61;213074.84;35;0
2026.08.13 17:18:59;XAUUSD;5;1786608157;PROFIT_RATCHET_LOCKED;floor=2.78 peak=8.25;MANAGE_PROFIT;SAFE;1;1;1;-1;-1;4354.60;6.99;6.99;8.25;-3.87;KELLY_LITE;true;0.04;213067.61;0.0417;KELLY_LITE(mult=1.00 taper=1.00 n=20)+TIME_REDUCE(50%)+HARD_RISK_CAP(2.0%)+MAXLOSS_CAP;213067.61;213074.60;33;0
2026.08.13 17:18:59;XAUUSD;5;1786608157;PROFIT_RATCHET_LOCKED;floor=2.78 peak=8.25;MANAGE_PROFIT;SAFE;1;1;1;-1;-1;4354.60;6.84;6.84;8.25;-3.87;KELLY_LITE;true;0.04;213067.61;0.0417;KELLY_LITE(mult=1.00 taper=1.00 n=20)+TIME_REDUCE(50%)+HARD_RISK_CAP(2.0%)+MAXLOSS_CAP;213067.61;213074.45;36;0
2026.08.13 17:19:00;XAUUSD;5;1786608157;PROFIT_RATCHET_LOCKED;floor=2.78 peak=8.25;MANAGE_PROFIT;SAFE;1;1;1;-1;-1;4354.60;6.90;6.90;8.25;-3.87;KELLY_LITE;true;0.04;213067.61;0.0417;KELLY_LITE(mult=1.00 taper=1.00 n=20)+TIME_REDUCE(50%)+HARD_RISK_CAP(2.0%)+MAXLOSS_CAP;213067.61;213074.51;36;0
2026.08.13 17:19:00;XAUUSD;5;1786608157;PROFIT_RATCHET_LOCKED;floor=2.78 peak=8.25;MANAGE_PROFIT;SAFE;1;1;1;-1;-1;4354.60;7.02;7.02;8.25;-3.87;KELLY_LITE;true;0.04;213067.61;0.0417;KELLY_LITE(mult=1.00 taper=1.00 n=20)+TIME_REDUCE(50%)+HARD_RISK_CAP(2.0%)+MAXLOSS_CAP;213067.61;213074.63;36;0
2026.08.13 17:19:00;XAUUSD;5;1786608157;PROFIT_RATCHET_LOCKED;floor=2.78 peak=8.25;MANAGE_PROFIT;SAFE;1;1;1;-1;-1;4354.60;6.99;6.99;8.25;-3.87;KELLY_LITE;true;0.04;213067.61;0.0417;KELLY_LITE(mult=1.00 taper=1.00 n=20)+TIME_REDUCE(50%)+HARD_RISK_CAP(2.0%)+MAXLOSS_CAP;213067.61;213074.60;33;0
2026.08.13 17:19:01;XAUUSD;5;1786608157;PROFIT_RATCHET_LOCKED;floor=2.78 peak=8.25;MANAGE_PROFIT;SAFE;1;1;1;-1;-1;4354.60;6.93;6.93;8.25;-3.87;KELLY_LITE;true;0.04;213067.61;0.0417;KELLY_LITE(mult=1.00 taper=1.00 n=20)+TIME_REDUCE(50%)+HARD_RISK_CAP(2.0%)+MAXLOSS_CAP;213067.61;213074.54;36;0
2026.08.13 17:19:01;XAUUSD;5;1786608157;PROFIT_RATCHET_LOCKED;floor=2.78 peak=8.25;MANAGE_PROFIT;SAFE;1;1;1;-1;-1;4354.60;7.17;7.17;8.25;-3.87;KELLY_LITE;true;0.04;213067.61;0.0417;KELLY_LITE(mult=1.00 taper=1.00 n=20)+TIME_REDUCE(50%)+HARD_RISK_CAP(2.0%)+MAXLOSS_CAP;213067.61;213074.78;33;0
2026.08.13 17:19:01;XAUUSD;5;1786608157;PROFIT_RATCHET_LOCKED;floor=2.78 peak=8.25;MANAGE_PROFIT;SAFE;1;1;1;-1;-1;4354.60;7.26;7.26;8.25;-3.87;KELLY_LITE;true;0.04;213067.61;0.0417;KELLY_LITE(mult=1.00 taper=1.00 n=20)+TIME_REDUCE(50%)+HARD_RISK_CAP(2.0%)+MAXLOSS_CAP;213067.61;213074.87;33;0
2026.08.13 17:19:01;XAUUSD;5;1786608157;PROFIT_RATCHET_LOCKED;floor=2.78 peak=8.25;MANAGE_PROFIT;SAFE;1;1;1;-1;-1;4354.60;7.38;7.38;8.25;-3.87;KELLY_LITE;true;0.04;213067.61;0.0417;KELLY_LITE(mult=1.00 taper=1.00 n=20)+TIME_REDUCE(50%)+HARD_RISK_CAP(2.0%)+MAXLOSS_CAP;213067.61;213074.99;33;0
2026.08.13 17:19:02;XAUUSD;5;1786608157;PROFIT_RATCHET_LOCKED;floor=2.78 peak=8.25;MANAGE_PROFIT;SAFE;1;1;1;-1;-1;4354.60;7.56;7.56;8.25;-3.87;KELLY_LITE;true;0.04;213067.61;0.0417;KELLY_LITE(mult=1.00 taper=1.00 n=20)+TIME_REDUCE(50%)+HARD_RISK_CAP(2.0%)+MAXLOSS_CAP;213067.61;213075.17;33;0
2026.08.13 17:19:02;XAUUSD;5;1786608157;PROFIT_RATCHET_LOCKED;floor=2.78 peak=8.25;MANAGE_PROFIT;SAFE;1;1;1;-1;-1;4354.60;7.59;7.59;8.25;-3.87;KELLY_LITE;true;0.04;213067.61;0.0417;KELLY_LITE(mult=1.00 taper=1.00 n=20)+TIME_REDUCE(50%)+HARD_RISK_CAP(2.0%)+MAXLOSS_CAP;213067.61;213075.20;33;0
2026.08.13 17:19:02;XAUUSD;5;1786608157;PROFIT_RATCHET_LOCKED;floor=2.78 peak=8.25;MANAGE_PROFIT;SAFE;1;1;1;-1;-1;4354.60;7.62;7.62;8.25;-3.87;KELLY_LITE;true;0.04;213067.61;0.0417;KELLY_LITE(mult=1.00 taper=1.00 n=20)+TIME_REDUCE(50%)+HARD_RISK_CAP(2.0%)+MAXLOSS_CAP;213067.61;213075.23;33;0
2026.08.13 17:19:03;XAUUSD;5;1786608157;PROFIT_RATCHET_LOCKED;floor=2.78 peak=8.25;MANAGE_PROFIT;SAFE;1;1;1;-1;-1;4354.60;7.59;7.59;8.25;-3.87;KELLY_LITE;true;0.04;213067.61;0.0417;KELLY_LITE(mult=1.00 taper=1.00 n=20)+TIME_REDUCE(50%)+HARD_RISK_CAP(2.0%)+MAXLOSS_CAP;213067.61;213075.20;33;0
2026.08.13 17:19:03;XAUUSD;5;1786608157;PROFIT_RATCHET_LOCKED;floor=2.78 peak=8.25;MANAGE_PROFIT;SAFE;1;1;1;-1;-1;4354.60;7.17;7.17;8.25;-3.87;KELLY_LITE;true;0.04;213067.61;0.0417;KELLY_LITE(mult=1.00 taper=1.00 n=20)+TIME_REDUCE(50%)+HARD_RISK_CAP(2.0%)+MAXLOSS_CAP;213067.61;213074.78;33;0
2026.08.13 17:19:03;XAUUSD;5;1786608157;PROFIT_RATCHET_LOCKED;floor=2.78 peak=8.25;MANAGE_PROFIT;SAFE;1;1;1;-1;-1;4354.60;7.02;7.02;8.25;-3.87;KELLY_LITE;true;0.04;213067.61;0.0417;KELLY_LITE(mult=1.00 taper=1.00 n=20)+TIME_REDUCE(50%)+HARD_RISK_CAP(2.0%)+MAXLOSS_CAP;213067.61;213074.63;34;0
2026.08.13 17:19:04;XAUUSD;5;1786608157;PROFIT_RATCHET_LOCKED;floor=2.78 peak=8.25;MANAGE_PROFIT;SAFE;1;1;1;-1;-1;4354.60;7.05;7.05;8.25;-3.87;KELLY_LITE;true;0.04;213067.61;0.0417;KELLY_LITE(mult=1.00 taper=1.00 n=20)+TIME_REDUCE(50%)+HARD_RISK_CAP(2.0%)+MAXLOSS_CAP;213067.61;213074.66;36;0
2026.08.13 17:19:04;XAUUSD;5;1786608157;PROFIT_RATCHET_LOCKED;floor=2.78 peak=8.25;MANAGE_PROFIT;SAFE;1;1;1;-1;-1;4354.60;7.17;7.17;8.25;-3.87;KELLY_LITE;true;0.04;213067.61;0.0417;KELLY_LITE(mult=1.00 taper=1.00 n=20)+TIME_REDUCE(50%)+HARD_RISK_CAP(2.0%)+MAXLOSS_CAP;213067.61;213074.78;36;0
2026.08.13 17:19:04;XAUUSD;5;1786608157;PROFIT_RATCHET_LOCKED;floor=2.78 peak=8.25;MANAGE_PROFIT;SAFE;1;1;1;-1;-1;4354.60;7.11;7.11;8.25;-3.87;KELLY_LITE;true;0.04;213067.61;0.0417;KELLY_LITE(mult=1.00 taper=1.00 n=20)+TIME_REDUCE(50%)+HARD_RISK_CAP(2.0%)+MAXLOSS_CAP;213067.61;213074.72;36;0
2026.08.13 17:19:04;XAUUSD;5;1786608157;RECONCILED_BROKER_CLOSE;ticket=119357535 type=main pnl=6.45;MANAGE_PROFIT;SAFE;0;1;1;-1;-1;4354.60;0.00;0.00;8.25;-3.87;KELLY_LITE;true;0.04;213067.61;0.0417;KELLY_LITE(mult=1.00 taper=1.00 n=20)+TIME_REDUCE(50%)+HARD_RISK_CAP(2.0%)+MAXLOSS_CAP;213074.06;213074.06;36;0
2026.08.13 17:19:05;XAUUSD;5;1786608157;PENDING_DELETED;ticket=119357921 reason=main_gone_hedge_pending;WAIT_TRIGGER;SAFE;0;0;1;-1;-1;4354.60;0.00;0.00;8.25;-3.87;KELLY_LITE;true;0.04;213067.61;0.0417;KELLY_LITE(mult=1.00 taper=1.00 n=20)+TIME_REDUCE(50%)+HARD_RISK_CAP(2.0%)+MAXLOSS_CAP;213074.06;213074.06;36;0
2026.08.13 17:19:05;XAUUSD;5;1786608157;HEDGE_PENDING_CLEANUP;main_position_gone;WAIT_TRIGGER;SAFE;0;0;1;-1;-1;4354.60;0.00;0.00;8.25;-3.87;KELLY_LITE;true;0.04;213067.61;0.0417;KELLY_LITE(mult=1.00 taper=1.00 n=20)+TIME_REDUCE(50%)+HARD_RISK_CAP(2.0%)+MAXLOSS_CAP;213074.06;213074.06;36;0
2026.08.13 17:19:05;XAUUSD;5;1786608157;CYCLE_RESET;oldState=WAIT_TRIGGER realizedPnL=6.45 peak=8.25 worst=-3.87 pyramid=1 consLosses=0;WAIT_TRIGGER;SAFE;0;0;1;-1;-1;4354.60;0.00;0.00;8.25;-3.87;KELLY_LITE;true;0.04;213067.61;0.0417;KELLY_LITE(mult=1.00 taper=1.00 n=20)+TIME_REDUCE(50%)+HARD_RISK_CAP(2.0%)+MAXLOSS_CAP;213074.06;213074.06;36;0
2026.08.13 17:24:05;XAUUSD;5;1786608157;FILTER_BLOCK_RSI_SELL;RSI_SELL_BLOCK (rsi=29.3 min=30.0);BLOCKED;SAFE;0;0;0;-1;-1;0.00;0.00;0.00;0.00;0.00;KELLY_LITE;true;0.04;213067.61;0.0417;KELLY_LITE(mult=1.00 taper=1.00 n=20)+TIME_REDUCE(50%)+HARD_RISK_CAP(2.0%)+MAXLOSS_CAP;213074.06;213074.06;36;0
2026.08.13 17:29:05;XAUUSD;5;1786608158;PLACE_PENDING_START;cycle=1786608158 trend=-1 consecLosses=0 preset=AGGRESSIVE;PLACE_PENDING;SAFE;0;0;0;-1;-1;0.00;0.00;0.00;0.00;0.00;KELLY_LITE;true;0.04;213067.61;0.0417;KELLY_LITE(mult=1.00 taper=1.00 n=20)+TIME_REDUCE(50%)+HARD_RISK_CAP(2.0%)+MAXLOSS_CAP;213074.06;213074.06;36;0
2026.08.13 17:29:05;XAUUSD;5;1786608158;DIR_OCO_PLACED;dir=BEAR ticket=119361921 price=4356.25 sl=4371.25 tp=4333.75 lot=0.03 dist=2.32;PLACE_PENDING;SAFE;0;1;0;-1;119361921;0.00;0.00;0.00;0.00;0.00;KELLY_LITE;true;0.04;213074.06;0.0417;KELLY_LITE(mult=1.10 taper=1.00 n=20)+TIME_REDUCE(50%)+HARD_RISK_CAP(2.0%)+MAXLOSS_CAP;213074.06;213074.06;36;0
2026.08.13 17:29:06;XAUUSD;5;1786608158;DIR_OCO_COUNTER_PLACED;dir=BULL(counter) ticket=119361924 price=4361.14 lot=0.03;PLACE_PENDING;SAFE;0;2;0;119361924;119361921;0.00;0.00;0.00;0.00;0.00;KELLY_LITE;true;0.04;213074.06;0.0417;KELLY_LITE(mult=1.10 taper=1.00 n=20)+TIME_REDUCE(50%)+HARD_RISK_CAP(2.0%)+MAXLOSS_CAP;213074.06;213074.06;36;0
2026.08.13 17:29:09;XAUUSD;5;1786608158;SELL_STOP_TRAILED;Old=4356.25 New=4356.68;WAIT_TRIGGER;SAFE;0;2;0;119361924;119361921;0.00;0.00;0.00;0.00;0.00;KELLY_LITE;true;0.04;213074.06;0.0417;KELLY_LITE(mult=1.10 taper=1.00 n=20)+TIME_REDUCE(50%)+HARD_RISK_CAP(2.0%)+MAXLOSS_CAP;213074.06;213074.06;36;0
2026.08.13 17:29:13;XAUUSD;5;1786608158;SELL_STOP_TRAILED;Old=4356.68 New=4357.06;WAIT_TRIGGER;SAFE;0;2;0;119361924;119361921;0.00;0.00;0.00;0.00;0.00;KELLY_LITE;true;0.04;213074.06;0.0417;KELLY_LITE(mult=1.10 taper=1.00 n=20)+TIME_REDUCE(50%)+HARD_RISK_CAP(2.0%)+MAXLOSS_CAP;213074.06;213074.06;36;0
2026.08.13 17:29:14;XAUUSD;5;1786608158;SELL_STOP_TRAILED;Old=4357.06 New=4357.43;WAIT_TRIGGER;SAFE;0;2;0;119361924;119361921;0.00;0.00;0.00;0.00;0.00;KELLY_LITE;true;0.04;213074.06;0.0417;KELLY_LITE(mult=1.10 taper=1.00 n=20)+TIME_REDUCE(50%)+HARD_RISK_CAP(2.0%)+MAXLOSS_CAP;213074.06;213074.06;36;0
2026.08.13 17:29:23;XAUUSD;5;1786608158;SELL_STOP_TRAILED;Old=4357.43 New=4357.74;WAIT_TRIGGER;SAFE;0;2;0;119361924;119361921;0.00;0.00;0.00;0.00;0.00;KELLY_LITE;true;0.04;213074.06;0.0417;KELLY_LITE(mult=1.10 taper=1.00 n=20)+TIME_REDUCE(50%)+HARD_RISK_CAP(2.0%)+MAXLOSS_CAP;213074.06;213074.06;36;0
2026.08.13 17:29:26;XAUUSD;5;1786608158;SELL_STOP_TRAILED;Old=4357.74 New=4358.05;WAIT_TRIGGER;SAFE;0;2;0;119361924;119361921;0.00;0.00;0.00;0.00;0.00;KELLY_LITE;true;0.04;213074.06;0.0417;KELLY_LITE(mult=1.10 taper=1.00 n=20)+TIME_REDUCE(50%)+HARD_RISK_CAP(2.0%)+MAXLOSS_CAP;213074.06;213074.06;36;0
2026.08.13 17:29:45;XAUUSD;5;1786608158;OCO_TRIGGERED_BUY;ticket=119361924 entry=4361.14;POSITION_ACTIVE;SAFE;1;1;0;-1;119361921;0.00;-1.02;-1.02;0.00;0.00;KELLY_LITE;true;0.04;213074.06;0.0417;KELLY_LITE(mult=1.10 taper=1.00 n=20)+TIME_REDUCE(50%)+HARD_RISK_CAP(2.0%)+MAXLOSS_CAP;213074.06;213073.04;36;0
2026.08.13 17:29:45;XAUUSD;5;1786608158;PENDING_DELETED;ticket=119361921 reason=oco_buy_triggered;POSITION_ACTIVE;SAFE;1;0;0;-1;119361921;0.00;-1.11;-1.11;0.00;0.00;KELLY_LITE;true;0.04;213074.06;0.0417;KELLY_LITE(mult=1.10 taper=1.00 n=20)+TIME_REDUCE(50%)+HARD_RISK_CAP(2.0%)+MAXLOSS_CAP;213074.06;213072.95;36;0
2026.08.13 17:29:46;XAUUSD;5;1786608158;HEDGE_PENDING_PLACED;dir=SELL_STOP ticket=119362120 price=4357.77 sl=4360.77 lot=0.05 mainEntry=4361.14 dist=3.00 confirmBars=1;POSITION_ACTIVE;SAFE;1;1;1;-1;-1;4361.14;-0.42;-0.42;0.00;-1.11;KELLY_LITE;true;0.04;213074.06;0.0417;KELLY_LITE(mult=1.10 taper=1.00 n=20)+TIME_REDUCE(50%)+HARD_RISK_CAP(2.0%)+MAXLOSS_CAP;213074.06;213073.64;36;0
2026.08.13 17:30:03;XAUUSD;5;1786608158;SL_MODIFIED;ticket=119361924 oldSL=4346.14 newSL=4363.30 reason=break_even_lock_leg_0;MANAGE_PROFIT;SAFE;1;1;1;-1;-1;4361.14;7.14;7.14;8.04;-1.11;KELLY_LITE;true;0.04;213074.06;0.0417;KELLY_LITE(mult=1.10 taper=1.00 n=20)+TIME_REDUCE(50%)+HARD_RISK_CAP(2.0%)+MAXLOSS_CAP;213074.06;213081.20;36;0
2026.08.13 17:30:03;XAUUSD;5;1786608158;PROFIT_RATCHET_LOCKED;floor=3.42 peak=8.04;MANAGE_PROFIT;SAFE;1;1;1;-1;-1;4361.14;7.14;7.14;8.04;-1.11;KELLY_LITE;true;0.04;213074.06;0.0417;KELLY_LITE(mult=1.10 taper=1.00 n=20)+TIME_REDUCE(50%)+HARD_RISK_CAP(2.0%)+MAXLOSS_CAP;213074.06;213081.20;36;0
2026.08.13 17:30:03;XAUUSD;5;1786608158;PROFIT_RATCHET_LOCKED;floor=3.42 peak=8.04;MANAGE_PROFIT;SAFE;1;1;1;-1;-1;4361.14;7.14;7.14;8.04;-1.11;KELLY_LITE;true;0.04;213074.06;0.0417;KELLY_LITE(mult=1.10 taper=1.00 n=20)+TIME_REDUCE(50%)+HARD_RISK_CAP(2.0%)+MAXLOSS_CAP;213074.06;213081.20;36;0
2026.08.13 17:30:03;XAUUSD;5;1786608158;PROFIT_RATCHET_LOCKED;floor=3.42 peak=8.04;MANAGE_PROFIT;SAFE;1;1;1;-1;-1;4361.14;7.14;7.14;8.04;-1.11;KELLY_LITE;true;0.04;213074.06;0.0417;KELLY_LITE(mult=1.10 taper=1.00 n=20)+TIME_REDUCE(50%)+HARD_RISK_CAP(2.0%)+MAXLOSS_CAP;213074.06;213081.20;35;0
2026.08.13 17:30:03;XAUUSD;5;1786608158;PROFIT_RATCHET_LOCKED;floor=3.42 peak=8.04;MANAGE_PROFIT;SAFE;1;1;1;-1;-1;4361.14;7.11;7.11;8.04;-1.11;KELLY_LITE;true;0.04;213074.06;0.0417;KELLY_LITE(mult=1.10 taper=1.00 n=20)+TIME_REDUCE(50%)+HARD_RISK_CAP(2.0%)+MAXLOSS_CAP;213074.06;213081.17;36;0
2026.08.13 17:30:03;XAUUSD;5;1786608158;PROFIT_RATCHET_LOCKED;floor=3.42 peak=8.04;MANAGE_PROFIT;SAFE;1;1;1;-1;-1;4361.14;7.02;7.02;8.04;-1.11;KELLY_LITE;true;0.04;213074.06;0.0417;KELLY_LITE(mult=1.10 taper=1.00 n=20)+TIME_REDUCE(50%)+HARD_RISK_CAP(2.0%)+MAXLOSS_CAP;213074.06;213081.08;36;0
2026.08.13 17:30:03;XAUUSD;5;1786608158;PROFIT_RATCHET_LOCKED;floor=3.42 peak=8.04;MANAGE_PROFIT;SAFE;1;1;1;-1;-1;4361.14;6.90;6.90;8.04;-1.11;KELLY_LITE;true;0.04;213074.06;0.0417;KELLY_LITE(mult=1.10 taper=1.00 n=20)+TIME_REDUCE(50%)+HARD_RISK_CAP(2.0%)+MAXLOSS_CAP;213074.06;213080.96;36;0
2026.08.13 17:30:04;XAUUSD;5;1786608158;PROFIT_RATCHET_LOCKED;floor=3.42 peak=8.04;MANAGE_PROFIT;SAFE;1;1;1;-1;-1;4361.14;7.26;7.26;8.04;-1.11;KELLY_LITE;true;0.04;213074.06;0.0417;KELLY_LITE(mult=1.10 taper=1.00 n=20)+TIME_REDUCE(50%)+HARD_RISK_CAP(2.0%)+MAXLOSS_CAP;213074.06;213081.32;36;0
2026.08.13 17:30:04;XAUUSD;5;1786608158;PROFIT_RATCHET_LOCKED;floor=3.42 peak=8.04;MANAGE_PROFIT;SAFE;1;1;1;-1;-1;4361.14;7.89;7.89;8.04;-1.11;KELLY_LITE;true;0.04;213074.06;0.0417;KELLY_LITE(mult=1.10 taper=1.00 n=20)+TIME_REDUCE(50%)+HARD_RISK_CAP(2.0%)+MAXLOSS_CAP;213074.06;213081.95;37;0
2026.08.13 17:30:05;XAUUSD;5;1786608158;SL_MODIFIED;ticket=119361924 oldSL=4363.30 newSL=4363.33 reason=break_even_lock_leg_0;MANAGE_PROFIT;SAFE;1;1;1;-1;-1;4361.14;9.06;9.06;8.13;-1.11;KELLY_LITE;true;0.04;213074.06;0.0417;KELLY_LITE(mult=1.10 taper=1.00 n=20)+TIME_REDUCE(50%)+HARD_RISK_CAP(2.0%)+MAXLOSS_CAP;213074.06;213083.12;37;0
2026.08.13 17:30:05;XAUUSD;5;1786608158;PROFIT_RATCHET_LOCKED;floor=3.46 peak=8.13;MANAGE_PROFIT;SAFE;1;1;1;-1;-1;4361.14;9.06;9.06;8.13;-1.11;KELLY_LITE;true;0.04;213074.06;0.0417;KELLY_LITE(mult=1.10 taper=1.00 n=20)+TIME_REDUCE(50%)+HARD_RISK_CAP(2.0%)+MAXLOSS_CAP;213074.06;213083.12;37;0
2026.08.13 17:30:06;XAUUSD;5;1786608158;SL_MODIFIED;ticket=119361924 oldSL=4363.33 newSL=4363.64 reason=break_even_lock_leg_0;MANAGE_PROFIT;SAFE;1;1;1;-1;-1;4361.14;11.55;11.91;9.06;-1.11;KELLY_LITE;true;0.04;213074.06;0.0417;KELLY_LITE(mult=1.10 taper=1.00 n=20)+TIME_REDUCE(50%)+HARD_RISK_CAP(2.0%)+MAXLOSS_CAP;213074.06;213085.61;36;0
2026.08.13 17:30:06;XAUUSD;5;1786608158;PROFIT_RATCHET_LOCKED;floor=3.85 peak=9.06;MANAGE_PROFIT;SAFE;1;1;1;-1;-1;4361.14;11.55;11.91;9.06;-1.11;KELLY_LITE;true;0.04;213074.06;0.0417;KELLY_LITE(mult=1.10 taper=1.00 n=20)+TIME_REDUCE(50%)+HARD_RISK_CAP(2.0%)+MAXLOSS_CAP;213074.06;213085.61;36;0
2026.08.13 17:30:07;XAUUSD;5;1786608158;SL_MODIFIED;ticket=119361924 oldSL=4363.64 newSL=4364.41 reason=break_even_lock_leg_0 (retry buf=20pt);MANAGE_PROFIT;SAFE;1;1;1;-1;-1;4361.14;12.72;12.72;11.55;-1.11;KELLY_LITE;true;0.04;213074.06;0.0417;KELLY_LITE(mult=1.10 taper=1.00 n=20)+TIME_REDUCE(50%)+HARD_RISK_CAP(2.0%)+MAXLOSS_CAP;213074.06;213086.78;36;0
2026.08.13 17:30:07;XAUUSD;5;1786608158;PROFIT_RATCHET_LOCKED;floor=4.91 peak=11.55;MANAGE_PROFIT;SAFE;1;1;1;-1;-1;4361.14;12.72;12.72;11.55;-1.11;KELLY_LITE;true;0.04;213074.06;0.0417;KELLY_LITE(mult=1.10 taper=1.00 n=20)+TIME_REDUCE(50%)+HARD_RISK_CAP(2.0%)+MAXLOSS_CAP;213074.06;213086.78;36;0
2026.08.13 17:30:07;XAUUSD;5;1786608158;SL_MODIFY_FAILED;ticket=119361924 newSL=4364.86 reason=break_even_lock_leg_0 err=0;MANAGE_PROFIT;SAFE;1;1;1;-1;-1;4361.14;11.22;11.22;12.72;-1.11;KELLY_LITE;true;0.04;213074.06;0.0417;KELLY_LITE(mult=1.10 taper=1.00 n=20)+TIME_REDUCE(50%)+HARD_RISK_CAP(2.0%)+MAXLOSS_CAP;213074.06;213085.28;36;0
2026.08.13 17:30:07;XAUUSD;5;1786608158;PROFIT_RATCHET_LOCKED;floor=5.41 peak=12.72;MANAGE_PROFIT;SAFE;1;1;1;-1;-1;4361.14;11.22;11.22;12.72;-1.11;KELLY_LITE;true;0.04;213074.06;0.0417;KELLY_LITE(mult=1.10 taper=1.00 n=20)+TIME_REDUCE(50%)+HARD_RISK_CAP(2.0%)+MAXLOSS_CAP;213074.06;213085.28;36;0
2026.08.13 17:30:07;XAUUSD;5;1786608158;PROFIT_RATCHET_LOCKED;floor=5.41 peak=12.72;MANAGE_PROFIT;SAFE;1;1;1;-1;-1;4361.14;11.22;11.22;12.72;-1.11;KELLY_LITE;true;0.04;213074.06;0.0417;KELLY_LITE(mult=1.10 taper=1.00 n=20)+TIME_REDUCE(50%)+HARD_RISK_CAP(2.0%)+MAXLOSS_CAP;213074.06;213085.28;36;0
2026.08.13 17:30:08;XAUUSD;5;1786608158;PROFIT_RATCHET_LOCKED;floor=5.41 peak=12.72;MANAGE_PROFIT;SAFE;0;1;1;-1;-1;4361.14;0.00;0.00;12.72;-1.11;KELLY_LITE;true;0.04;213074.06;0.0417;KELLY_LITE(mult=1.10 taper=1.00 n=20)+TIME_REDUCE(50%)+HARD_RISK_CAP(2.0%)+MAXLOSS_CAP;213083.87;213083.87;36;0
2026.08.13 17:30:09;XAUUSD;5;1786608158;PENDING_DELETED;ticket=119362120 reason=main_gone_hedge_pending;WAIT_TRIGGER;SAFE;0;0;1;-1;-1;4361.14;0.00;0.00;12.72;-1.11;KELLY_LITE;true;0.04;213074.06;0.0417;KELLY_LITE(mult=1.10 taper=1.00 n=20)+TIME_REDUCE(50%)+HARD_RISK_CAP(2.0%)+MAXLOSS_CAP;213083.87;213083.87;36;0
2026.08.13 17:30:09;XAUUSD;5;1786608158;HEDGE_PENDING_CLEANUP;main_position_gone;WAIT_TRIGGER;SAFE;0;0;1;-1;-1;4361.14;0.00;0.00;12.72;-1.11;KELLY_LITE;true;0.04;213074.06;0.0417;KELLY_LITE(mult=1.10 taper=1.00 n=20)+TIME_REDUCE(50%)+HARD_RISK_CAP(2.0%)+MAXLOSS_CAP;213083.87;213083.87;36;0
2026.08.13 17:30:09;XAUUSD;5;1786608158;CYCLE_RESET;oldState=WAIT_TRIGGER realizedPnL=9.81 peak=12.72 worst=-1.11 pyramid=1 consLosses=0;WAIT_TRIGGER;SAFE;0;0;1;-1;-1;4361.14;0.00;0.00;12.72;-1.11;KELLY_LITE;true;0.04;213074.06;0.0417;KELLY_LITE(mult=1.10 taper=1.00 n=20)+TIME_REDUCE(50%)+HARD_RISK_CAP(2.0%)+MAXLOSS_CAP;213083.87;213083.87;36;0
2026.08.13 17:30:09;XAUUSD;5;1786608158;TRADELOG_RECOVER_CLOSE;ticket=119361924 type=main pnl=9.81;IDLE;SAFE;0;0;0;-1;-1;0.00;0.00;0.00;0.00;0.00;KELLY_LITE;true;0.04;213074.06;0.0417;KELLY_LITE(mult=1.10 taper=1.00 n=20)+TIME_REDUCE(50%)+HARD_RISK_CAP(2.0%)+MAXLOSS_CAP;213083.87;213083.87;36;0
2026.08.13 17:35:09;XAUUSD;5;1786608159;PLACE_PENDING_START;cycle=1786608159 trend=-1 consecLosses=0 preset=AGGRESSIVE;PLACE_PENDING;SAFE;0;0;0;-1;-1;0.00;0.00;0.00;0.00;0.00;KELLY_LITE;true;0.04;213074.06;0.0417;KELLY_LITE(mult=1.10 taper=1.00 n=20)+TIME_REDUCE(50%)+HARD_RISK_CAP(2.0%)+MAXLOSS_CAP;213083.87;213083.87;36;0
2026.08.13 17:35:09;XAUUSD;5;1786608159;DIR_OCO_PLACED;dir=BEAR ticket=119363585 price=4364.09 sl=4379.09 tp=4341.59 lot=0.03 dist=2.06;PLACE_PENDING;SAFE;0;1;0;-1;119363585;0.00;0.00;0.00;0.00;0.00;KELLY_LITE;true;0.04;213083.87;0.0417;KELLY_LITE(mult=1.20 taper=1.00 n=20)+TIME_REDUCE(50%)+HARD_RISK_CAP(2.0%)+MAXLOSS_CAP;213083.87;213083.87;36;0
2026.08.13 17:35:09;XAUUSD;5;1786608159;DIR_OCO_COUNTER_PLACED;dir=BULL(counter) ticket=119363588 price=4368.57 lot=0.03;PLACE_PENDING;SAFE;0;2;0;119363588;119363585;0.00;0.00;0.00;0.00;0.00;KELLY_LITE;true;0.04;213083.87;0.0417;KELLY_LITE(mult=1.20 taper=1.00 n=20)+TIME_REDUCE(50%)+HARD_RISK_CAP(2.0%)+MAXLOSS_CAP;213083.87;213083.87;36;0
2026.08.13 17:35:12;XAUUSD;5;1786608159;SELL_STOP_TRAILED;Old=4364.09 New=4364.40;WAIT_TRIGGER;SAFE;0;2;0;119363588;119363585;0.00;0.00;0.00;0.00;0.00;KELLY_LITE;true;0.04;213083.87;0.0417;KELLY_LITE(mult=1.20 taper=1.00 n=20)+TIME_REDUCE(50%)+HARD_RISK_CAP(2.0%)+MAXLOSS_CAP;213083.87;213083.87;36;0
2026.08.13 17:35:31;XAUUSD;5;1786608159;BUY_STOP_TRAILED;Old=4368.57 New=4368.23;WAIT_TRIGGER;SAFE;0;2;0;119363588;119363585;0.00;0.00;0.00;0.00;0.00;KELLY_LITE;true;0.04;213083.87;0.0417;KELLY_LITE(mult=1.20 taper=1.00 n=20)+TIME_REDUCE(50%)+HARD_RISK_CAP(2.0%)+MAXLOSS_CAP;213083.87;213083.87;33;0
2026.08.13 17:35:41;XAUUSD;5;1786608159;BUY_STOP_TRAILED;Old=4368.23 New=4367.85;WAIT_TRIGGER;SAFE;0;2;0;119363588;119363585;0.00;0.00;0.00;0.00;0.00;KELLY_LITE;true;0.04;213083.87;0.0417;KELLY_LITE(mult=1.20 taper=1.00 n=20)+TIME_REDUCE(50%)+HARD_RISK_CAP(2.0%)+MAXLOSS_CAP;213083.87;213083.87;34;0
2026.08.13 17:36:39;XAUUSD;5;1786608159;BUY_STOP_TRAILED;Old=4367.85 New=4367.41;WAIT_TRIGGER;SAFE;0;2;0;119363588;119363585;0.00;0.00;0.00;0.00;0.00;KELLY_LITE;true;0.04;213083.87;0.0417;KELLY_LITE(mult=1.20 taper=1.00 n=20)+TIME_REDUCE(50%)+HARD_RISK_CAP(2.0%)+MAXLOSS_CAP;213083.87;213083.87;36;0
2026.08.13 17:37:15;XAUUSD;5;1786608159;BUY_STOP_TRAILED;Old=4367.41 New=4367.03;WAIT_TRIGGER;SAFE;0;2;0;119363588;119363585;0.00;0.00;0.00;0.00;0.00;KELLY_LITE;true;0.04;213083.87;0.0417;KELLY_LITE(mult=1.20 taper=1.00 n=20)+TIME_REDUCE(50%)+HARD_RISK_CAP(2.0%)+MAXLOSS_CAP;213083.87;213083.87;36;0
2026.08.13 17:37:21;XAUUSD;5;1786608159;OCO_TRIGGERED_SELL;ticket=119363585 entry=4364.40;POSITION_ACTIVE;SAFE;1;1;0;119363588;-1;0.00;-0.96;-0.96;0.00;0.00;KELLY_LITE;true;0.04;213083.87;0.0417;KELLY_LITE(mult=1.20 taper=1.00 n=20)+TIME_REDUCE(50%)+HARD_RISK_CAP(2.0%)+MAXLOSS_CAP;213083.87;213082.91;36;0
2026.08.13 17:37:21;XAUUSD;5;1786608159;PENDING_DELETED;ticket=119363588 reason=oco_sell_triggered;POSITION_ACTIVE;SAFE;1;0;0;119363588;-1;0.00;-1.20;-1.20;0.00;0.00;KELLY_LITE;true;0.04;213083.87;0.0417;KELLY_LITE(mult=1.20 taper=1.00 n=20)+TIME_REDUCE(50%)+HARD_RISK_CAP(2.0%)+MAXLOSS_CAP;213083.87;213082.67;36;0
2026.08.13 17:37:22;XAUUSD;5;1786608159;HEDGE_PENDING_PLACED;dir=BUY_STOP ticket=119364044 price=4367.80 sl=4364.80 lot=0.05 mainEntry=4364.40 dist=3.00 confirmBars=1;POSITION_ACTIVE;SAFE;1;1;1;-1;-1;4364.40;-1.47;-1.47;0.00;-1.20;KELLY_LITE;true;0.04;213083.87;0.0417;KELLY_LITE(mult=1.20 taper=1.00 n=20)+TIME_REDUCE(50%)+HARD_RISK_CAP(2.0%)+MAXLOSS_CAP;213083.87;213082.40;36;0
2026.08.13 17:52:23;XAUUSD;5;1786608159;PENDING_DELETED;ticket=119364044 reason=hedge_pending_expired;POSITION_ACTIVE;SAFE;1;0;1;-1;-1;4364.40;-3.72;-3.72;3.42;-10.14;KELLY_LITE;true;0.04;213083.87;0.0417;KELLY_LITE(mult=1.20 taper=1.00 n=20)+TIME_REDUCE(50%)+HARD_RISK_CAP(2.0%)+MAXLOSS_CAP;213083.87;213080.15;36;0
2026.08.13 17:52:23;XAUUSD;5;1786608159;HEDGE_PENDING_EXPIRED;after=900s rearm=1/1;POSITION_ACTIVE;SAFE;1;0;1;-1;-1;4364.40;-3.72;-3.72;3.42;-10.14;KELLY_LITE;true;0.04;213083.87;0.0417;KELLY_LITE(mult=1.20 taper=1.00 n=20)+TIME_REDUCE(50%)+HARD_RISK_CAP(2.0%)+MAXLOSS_CAP;213083.87;213080.15;36;0
2026.08.13 17:52:24;XAUUSD;5;1786608159;HEDGE_PENDING_PLACED;dir=BUY_STOP ticket=119367049 price=4368.64 sl=4365.64 lot=0.05 mainEntry=4364.40 dist=3.00 confirmBars=1;MANAGE_PROFIT;SAFE;1;1;1;-1;-1;4364.40;-3.63;-3.63;3.42;-10.14;KELLY_LITE;true;0.04;213083.87;0.0417;KELLY_LITE(mult=1.20 taper=1.00 n=20)+TIME_REDUCE(50%)+HARD_RISK_CAP(2.0%)+MAXLOSS_CAP;213083.87;213080.24;36;0
2026.08.13 17:58:22;XAUUSD;5;1786608159;POSITION_CLOSED;ticket=119367049 reason=hedge_max_loss lots=0.05 price=4366.63 pnl=-10.05;MANAGE_PROFIT;SAFE;1;0;1;-1;-1;4364.40;-7.65;-7.65;3.42;-17.74;KELLY_LITE;true;0.04;213083.87;0.0417;KELLY_LITE(mult=1.20 taper=1.00 n=20)+TIME_REDUCE(50%)+HARD_RISK_CAP(2.0%)+MAXLOSS_CAP;213073.62;213065.97;36;0
2026.08.13 17:58:22;XAUUSD;5;1786608159;HEDGE_CLOSED_MAX_LOSS;profit=-10.05 limit=10.00 peak=0.00 reason=hard_dollar_stop ok=1;MANAGE_PROFIT;SAFE;1;0;1;-1;-1;4364.40;-7.65;-7.65;3.42;-17.74;KELLY_LITE;true;0.04;213083.87;0.0417;KELLY_LITE(mult=1.20 taper=1.00 n=20)+TIME_REDUCE(50%)+HARD_RISK_CAP(2.0%)+MAXLOSS_CAP;213073.62;213065.97;36;0
2026.08.13 18:06:44;XAUUSD;5;1786608159;EXIT_TIME_LOSS_HARDCAP;held=29 profit=-15.69 rsi=53.0;MANAGE_PROFIT;SAFE;1;0;1;-1;-1;4364.40;-15.69;-15.69;3.42;-17.74;KELLY_LITE;true;0.04;213083.87;0.0417;KELLY_LITE(mult=1.20 taper=1.00 n=20)+TIME_REDUCE(50%)+HARD_RISK_CAP(2.0%)+MAXLOSS_CAP;213073.62;213057.93;33;0
2026.08.13 18:06:44;XAUUSD;5;1786608159;POSITION_CLOSED;ticket=119363585 reason=time_loss_exit_hardcap lots=0.03 price=4369.63 pnl=-15.69;MANAGE_PROFIT;SAFE;0;0;1;-1;-1;4364.40;0.00;0.00;3.42;-17.74;KELLY_LITE;true;0.04;213083.87;0.0417;KELLY_LITE(mult=1.20 taper=1.00 n=20)+TIME_REDUCE(50%)+HARD_RISK_CAP(2.0%)+MAXLOSS_CAP;213056.85;213056.85;36;0
2026.08.14 00:59:51;XAUUSD;5;1786608159;EA_DEINIT;reason=5;BLOCKED;SAFE;0;0;0;-1;-1;4364.40;0.00;0.00;3.42;-17.74;KELLY_LITE;true;0.04;213083.87;0.0417;KELLY_LITE(mult=1.20 taper=1.00 n=20)+TIME_REDUCE(50%)+HARD_RISK_CAP(2.0%)+MAXLOSS_CAP;213056.85;213056.85;36;0
2026.08.14 00:59:51;XAUUSD;5;1786669191;EA_INIT;V9|Preset=AGGRESSIVE|MaxLoss=$50.0 SL=$12.0 RiskPct=1.50|HedgeMaxNeg=$10.0 LotRatio=1.25 ConfirmBars=1 Cooldown=60s|DailyDD=4.0% WeeklyLim=$100|AutoLotMode=KELLY_LITE|Session=ALL NewsFilter=OFF (0 times);IDLE;SAFE;0;0;0;-1;-1;4364.40;0.00;0.00;3.42;-17.74;KELLY_LITE;true;0.04;213083.87;0.0417;KELLY_LITE(mult=1.20 taper=1.00 n=20)+TIME_REDUCE(50%)+HARD_RISK_CAP(2.0%)+MAXLOSS_CAP;213056.85;213056.85;36;0
2026.08.14 00:59:51;XAUUSD;5;1786669191;WEEKLY_BASELINE_RESTORED;startEquity=213142.82 paused=false;IDLE;SAFE;0;0;0;-1;-1;4364.40;0.00;0.00;3.42;-17.74;KELLY_LITE;true;0.04;213083.87;0.0417;KELLY_LITE(mult=1.20 taper=1.00 n=20)+TIME_REDUCE(50%)+HARD_RISK_CAP(2.0%)+MAXLOSS_CAP;213056.85;213056.85;36;0
2026.08.14 00:59:51;XAUUSD;5;1786669191;FILTER_BLOCK_ADX_WEAK_MAIN;ADX_WEAK_MAIN (adx=16.7 min=22.0);BLOCKED;SAFE;0;0;0;-1;-1;0.00;0.00;0.00;0.00;0.00;KELLY_LITE;true;0.04;213083.87;0.0417;KELLY_LITE(mult=1.20 taper=1.00 n=20)+TIME_REDUCE(50%)+HARD_RISK_CAP(2.0%)+MAXLOSS_CAP;213056.85;213056.85;36;0
2026.08.14 01:04:52;XAUUSD;5;1786669191;FILTER_BLOCK_TREND_DISAGREE;TREND_DISAGREE (main=1 fast=-1 rsi=48.1, no extreme);BLOCKED;SAFE;0;0;0;-1;-1;0.00;0.00;0.00;0.00;0.00;KELLY_LITE;true;0.04;213083.87;0.0417;KELLY_LITE(mult=1.20 taper=1.00 n=20)+TIME_REDUCE(50%)+HARD_RISK_CAP(2.0%)+MAXLOSS_CAP;213056.85;213056.85;36;0
2026.08.14 01:09:52;XAUUSD;5;1786669191;FILTER_BLOCK_TREND_DISAGREE;TREND_DISAGREE (main=1 fast=-1 rsi=54.0, no extreme);BLOCKED;SAFE;0;0;0;-1;-1;0.00;0.00;0.00;0.00;0.00;KELLY_LITE;true;0.04;213083.87;0.0417;KELLY_LITE(mult=1.20 taper=1.00 n=20)+TIME_REDUCE(50%)+HARD_RISK_CAP(2.0%)+MAXLOSS_CAP;213056.85;213056.85;36;0
2026.08.14 01:14:52;XAUUSD;5;1786669191;FILTER_BLOCK_TREND_DISAGREE;TREND_DISAGREE (main=1 fast=-1 rsi=50.5, no extreme);BLOCKED;SAFE;0;0;0;-1;-1;0.00;0.00;0.00;0.00;0.00;KELLY_LITE;true;0.04;213083.87;0.0417;KELLY_LITE(mult=1.20 taper=1.00 n=20)+TIME_REDUCE(50%)+HARD_RISK_CAP(2.0%)+MAXLOSS_CAP;213056.85;213056.85;36;0
2026.08.14 01:19:52;XAUUSD;5;1786669191;FILTER_BLOCK_TREND;TREND_NEUTRAL_EMA;BLOCKED;SAFE;0;0;0;-1;-1;0.00;0.00;0.00;0.00;0.00;KELLY_LITE;true;0.04;213083.87;0.0417;KELLY_LITE(mult=1.20 taper=1.00 n=20)+TIME_REDUCE(50%)+HARD_RISK_CAP(2.0%)+MAXLOSS_CAP;213056.85;213056.85;36;0
2026.08.14 01:24:52;XAUUSD;5;1786669191;FILTER_BLOCK_TREND;TREND_NEUTRAL_EMA;BLOCKED;SAFE;0;0;0;-1;-1;0.00;0.00;0.00;0.00;0.00;KELLY_LITE;true;0.04;213083.87;0.0417;KELLY_LITE(mult=1.20 taper=1.00 n=20)+TIME_REDUCE(50%)+HARD_RISK_CAP(2.0%)+MAXLOSS_CAP;213056.85;213056.85;36;0
2026.08.14 01:29:52;XAUUSD;5;1786669191;FILTER_BLOCK_TREND;TREND_NEUTRAL_EMA;BLOCKED;SAFE;0;0;0;-1;-1;0.00;0.00;0.00;0.00;0.00;KELLY_LITE;true;0.04;213083.87;0.0417;KELLY_LITE(mult=1.20 taper=1.00 n=20)+TIME_REDUCE(50%)+HARD_RISK_CAP(2.0%)+MAXLOSS_CAP;213056.85;213056.85;36;0
2026.08.14 01:34:52;XAUUSD;5;1786669191;FILTER_BLOCK_RSI_SELL;RSI_SELL_BLOCK (rsi=29.2 min=30.0);BLOCKED;SAFE;0;0;0;-1;-1;0.00;0.00;0.00;0.00;0.00;KELLY_LITE;true;0.04;213083.87;0.0417;KELLY_LITE(mult=1.20 taper=1.00 n=20)+TIME_REDUCE(50%)+HARD_RISK_CAP(2.0%)+MAXLOSS_CAP;213056.85;213056.85;36;0
2026.08.14 01:39:52;XAUUSD;5;1786669192;PLACE_PENDING_START;cycle=1786669192 trend=-1 consecLosses=0 preset=AGGRESSIVE;PLACE_PENDING;SAFE;0;0;0;-1;-1;0.00;0.00;0.00;0.00;0.00;KELLY_LITE;true;0.04;213083.87;0.0417;KELLY_LITE(mult=1.20 taper=1.00 n=20)+TIME_REDUCE(50%)+HARD_RISK_CAP(2.0%)+MAXLOSS_CAP;213056.85;213056.85;33;0
2026.08.14 01:39:52;XAUUSD;5;1786669192;DIR_OCO_PLACED;dir=BEAR ticket=119446631 price=4332.72 sl=4347.72 tp=4310.22 lot=0.03 dist=2.23;PLACE_PENDING;SAFE;0;1;0;-1;119446631;0.00;0.00;0.00;0.00;0.00;KELLY_LITE;true;0.04;213056.85;0.0417;KELLY_LITE(mult=1.00 taper=1.00 n=0)+HARD_RISK_CAP(2.0%)+MAXLOSS_CAP;213056.85;213056.85;36;0
2026.08.14 01:39:53;XAUUSD;5;1786669192;DIR_OCO_COUNTER_PLACED;dir=BULL(counter) ticket=119446634 price=4337.80 lot=0.03;PLACE_PENDING;SAFE;0;2;0;119446634;119446631;0.00;0.00;0.00;0.00;0.00;KELLY_LITE;true;0.04;213056.85;0.0417;KELLY_LITE(mult=1.00 taper=1.00 n=0)+HARD_RISK_CAP(2.0%)+MAXLOSS_CAP;213056.85;213056.85;36;0
2026.08.14 01:39:54;XAUUSD;5;1786669192;SELL_STOP_TRAILED;Old=4332.72 New=4333.40;WAIT_TRIGGER;SAFE;0;2;0;119446634;119446631;0.00;0.00;0.00;0.00;0.00;KELLY_LITE;true;0.04;213056.85;0.0417;KELLY_LITE(mult=1.00 taper=1.00 n=0)+HARD_RISK_CAP(2.0%)+MAXLOSS_CAP;213056.85;213056.85;36;0
2026.08.14 01:40:05;XAUUSD;5;1786669192;BUY_STOP_TRAILED;Old=4337.80 New=4337.32;WAIT_TRIGGER;SAFE;0;2;0;119446634;119446631;0.00;0.00;0.00;0.00;0.00;KELLY_LITE;true;0.04;213056.85;0.0417;KELLY_LITE(mult=1.00 taper=1.00 n=0)+HARD_RISK_CAP(2.0%)+MAXLOSS_CAP;213056.85;213056.85;36;0
2026.08.14 01:40:12;XAUUSD;5;1786669192;SELL_STOP_TRAILED;Old=4333.40 New=4333.75;WAIT_TRIGGER;SAFE;0;2;0;119446634;119446631;0.00;0.00;0.00;0.00;0.00;KELLY_LITE;true;0.04;213056.85;0.0417;KELLY_LITE(mult=1.00 taper=1.00 n=0)+HARD_RISK_CAP(2.0%)+MAXLOSS_CAP;213056.85;213056.85;36;0
2026.08.14 01:40:35;XAUUSD;5;1786669192;SELL_STOP_TRAILED;Old=4333.75 New=4334.14;WAIT_TRIGGER;SAFE;0;2;0;119446634;119446631;0.00;0.00;0.00;0.00;0.00;KELLY_LITE;true;0.04;213056.85;0.0417;KELLY_LITE(mult=1.00 taper=1.00 n=0)+HARD_RISK_CAP(2.0%)+MAXLOSS_CAP;213056.85;213056.85;36;0
2026.08.14 01:40:39;XAUUSD;5;1786669192;SELL_STOP_TRAILED;Old=4334.14 New=4334.48;WAIT_TRIGGER;SAFE;0;2;0;119446634;119446631;0.00;0.00;0.00;0.00;0.00;KELLY_LITE;true;0.04;213056.85;0.0417;KELLY_LITE(mult=1.00 taper=1.00 n=0)+HARD_RISK_CAP(2.0%)+MAXLOSS_CAP;213056.85;213056.85;36;0
2026.08.14 01:43:17;XAUUSD;5;1786669192;OCO_TRIGGERED_BUY;ticket=119446634 entry=4337.32;POSITION_ACTIVE;SAFE;1;1;0;-1;119446631;0.00;-0.81;-0.81;0.00;0.00;KELLY_LITE;true;0.04;213056.85;0.0417;KELLY_LITE(mult=1.00 taper=1.00 n=0)+HARD_RISK_CAP(2.0%)+MAXLOSS_CAP;213056.85;213056.04;36;0
2026.08.14 01:43:18;XAUUSD;5;1786669192;PENDING_DELETED;ticket=119446631 reason=oco_buy_triggered;POSITION_ACTIVE;SAFE;1;0;0;-1;119446631;0.00;0.03;0.03;0.00;0.00;KELLY_LITE;true;0.04;213056.85;0.0417;KELLY_LITE(mult=1.00 taper=1.00 n=0)+HARD_RISK_CAP(2.0%)+MAXLOSS_CAP;213056.85;213056.88;36;0
2026.08.14 01:43:18;XAUUSD;5;1786669192;HEDGE_PENDING_PLACED;dir=SELL_STOP ticket=119447514 price=4334.33 sl=4337.33 lot=0.05 mainEntry=4337.32 dist=3.00 confirmBars=1;POSITION_ACTIVE;SAFE;1;1;1;-1;-1;4337.32;0.72;0.72;0.03;0.00;KELLY_LITE;true;0.04;213056.85;0.0417;KELLY_LITE(mult=1.00 taper=1.00 n=0)+HARD_RISK_CAP(2.0%)+MAXLOSS_CAP;213056.85;213057.57;36;0
2026.08.14 01:44:41;XAUUSD;5;1786669192;SL_MODIFIED;ticket=119446634 oldSL=4325.32 newSL=4339.68 reason=break_even_lock_leg_0;MANAGE_PROFIT;SAFE;1;1;1;-1;-1;4337.32;8.61;8.61;8.55;-0.69;KELLY_LITE;true;0.04;213056.85;0.0417;KELLY_LITE(mult=1.00 taper=1.00 n=0)+HARD_RISK_CAP(2.0%)+MAXLOSS_CAP;213056.85;213065.46;36;0
2026.08.14 01:44:41;XAUUSD;5;1786669192;PROFIT_RATCHET_LOCKED;floor=3.63 peak=8.55;MANAGE_PROFIT;SAFE;1;1;1;-1;-1;4337.32;8.61;8.61;8.55;-0.69;KELLY_LITE;true;0.04;213056.85;0.0417;KELLY_LITE(mult=1.00 taper=1.00 n=0)+HARD_RISK_CAP(2.0%)+MAXLOSS_CAP;213056.85;213065.46;36;0
2026.08.14 01:44:41;XAUUSD;5;1786669192;PROFIT_RATCHET_LOCKED;floor=3.66 peak=8.61;MANAGE_PROFIT;SAFE;1;1;1;-1;-1;4337.32;8.61;8.61;8.61;-0.69;KELLY_LITE;true;0.04;213056.85;0.0417;KELLY_LITE(mult=1.00 taper=1.00 n=0)+HARD_RISK_CAP(2.0%)+MAXLOSS_CAP;213056.85;213065.46;36;0
2026.08.14 01:44:42;XAUUSD;5;1786669192;PROFIT_RATCHET_LOCKED;floor=3.66 peak=8.61;MANAGE_PROFIT;SAFE;1;1;1;-1;-1;4337.32;8.58;8.58;8.61;-0.69;KELLY_LITE;true;0.04;213056.85;0.0417;KELLY_LITE(mult=1.00 taper=1.00 n=0)+HARD_RISK_CAP(2.0%)+MAXLOSS_CAP;213056.85;213065.43;36;0
2026.08.14 01:44:42;XAUUSD;5;1786669192;PROFIT_RATCHET_LOCKED;floor=3.66 peak=8.61;MANAGE_PROFIT;SAFE;1;1;1;-1;-1;4337.32;8.58;8.58;8.61;-0.69;KELLY_LITE;true;0.04;213056.85;0.0417;KELLY_LITE(mult=1.00 taper=1.00 n=0)+HARD_RISK_CAP(2.0%)+MAXLOSS_CAP;213056.85;213065.43;33;0
2026.08.14 01:44:42;XAUUSD;5;1786669192;PROFIT_RATCHET_LOCKED;floor=3.66 peak=8.61;MANAGE_PROFIT;SAFE;1;1;1;-1;-1;4337.32;8.52;8.52;8.61;-0.69;KELLY_LITE;true;0.04;213056.85;0.0417;KELLY_LITE(mult=1.00 taper=1.00 n=0)+HARD_RISK_CAP(2.0%)+MAXLOSS_CAP;213056.85;213065.37;36;0
2026.08.14 01:44:43;XAUUSD;5;1786669192;PROFIT_RATCHET_LOCKED;floor=3.66 peak=8.61;MANAGE_PROFIT;SAFE;1;1;1;-1;-1;4337.32;8.19;8.19;8.61;-0.69;KELLY_LITE;true;0.04;213056.85;0.0417;KELLY_LITE(mult=1.00 taper=1.00 n=0)+HARD_RISK_CAP(2.0%)+MAXLOSS_CAP;213056.85;213065.04;36;0
2026.08.14 01:44:43;XAUUSD;5;1786669192;PROFIT_RATCHET_LOCKED;floor=3.66 peak=8.61;MANAGE_PROFIT;SAFE;1;1;1;-1;-1;4337.32;7.83;7.83;8.61;-0.69;KELLY_LITE;true;0.04;213056.85;0.0417;KELLY_LITE(mult=1.00 taper=1.00 n=0)+HARD_RISK_CAP(2.0%)+MAXLOSS_CAP;213056.85;213064.68;37;0
2026.08.14 01:44:43;XAUUSD;5;1786669192;PROFIT_RATCHET_LOCKED;floor=3.66 peak=8.61;MANAGE_PROFIT;SAFE;1;1;1;-1;-1;4337.32;7.56;7.56;8.61;-0.69;KELLY_LITE;true;0.04;213056.85;0.0417;KELLY_LITE(mult=1.00 taper=1.00 n=0)+HARD_RISK_CAP(2.0%)+MAXLOSS_CAP;213056.85;213064.41;37;0
2026.08.14 01:44:43;XAUUSD;5;1786669192;PROFIT_RATCHET_LOCKED;floor=3.66 peak=8.61;MANAGE_PROFIT;SAFE;1;1;1;-1;-1;4337.32;7.50;7.50;8.61;-0.69;KELLY_LITE;true;0.04;213056.85;0.0417;KELLY_LITE(mult=1.00 taper=1.00 n=0)+HARD_RISK_CAP(2.0%)+MAXLOSS_CAP;213056.85;213064.35;36;0
2026.08.14 01:44:44;XAUUSD;5;1786669192;PROFIT_RATCHET_LOCKED;floor=3.66 peak=8.61;MANAGE_PROFIT;SAFE;1;1;1;-1;-1;4337.32;7.62;7.62;8.61;-0.69;KELLY_LITE;true;0.04;213056.85;0.0417;KELLY_LITE(mult=1.00 taper=1.00 n=0)+HARD_RISK_CAP(2.0%)+MAXLOSS_CAP;213056.85;213064.47;36;0
2026.08.14 01:44:44;XAUUSD;5;1786669192;PROFIT_RATCHET_LOCKED;floor=3.66 peak=8.61;MANAGE_PROFIT;SAFE;1;1;1;-1;-1;4337.32;8.04;8.04;8.61;-0.69;KELLY_LITE;true;0.04;213056.85;0.0417;KELLY_LITE(mult=1.00 taper=1.00 n=0)+HARD_RISK_CAP(2.0%)+MAXLOSS_CAP;213056.85;213064.89;36;0
2026.08.14 01:44:44;XAUUSD;5;1786669192;PROFIT_RATCHET_LOCKED;floor=3.66 peak=8.61;MANAGE_PROFIT;SAFE;1;1;1;-1;-1;4337.32;7.98;7.98;8.61;-0.69;KELLY_LITE;true;0.04;213056.85;0.0417;KELLY_LITE(mult=1.00 taper=1.00 n=0)+HARD_RISK_CAP(2.0%)+MAXLOSS_CAP;213056.85;213064.83;36;0
2026.08.14 01:44:45;XAUUSD;5;1786669192;PROFIT_RATCHET_LOCKED;floor=3.66 peak=8.61;MANAGE_PROFIT;SAFE;1;1;1;-1;-1;4337.32;7.68;7.68;8.61;-0.69;KELLY_LITE;true;0.04;213056.85;0.0417;KELLY_LITE(mult=1.00 taper=1.00 n=0)+HARD_RISK_CAP(2.0%)+MAXLOSS_CAP;213056.85;213064.53;36;0
2026.08.14 01:44:45;XAUUSD;5;1786669192;PROFIT_RATCHET_LOCKED;floor=3.66 peak=8.61;MANAGE_PROFIT;SAFE;1;1;1;-1;-1;4337.32;7.83;7.83;8.61;-0.69;KELLY_LITE;true;0.04;213056.85;0.0417;KELLY_LITE(mult=1.00 taper=1.00 n=0)+HARD_RISK_CAP(2.0%)+MAXLOSS_CAP;213056.85;213064.68;36;0
2026.08.14 01:44:45;XAUUSD;5;1786669192;PROFIT_RATCHET_LOCKED;floor=3.66 peak=8.61;MANAGE_PROFIT;SAFE;1;1;1;-1;-1;4337.32;7.86;7.86;8.61;-0.69;KELLY_LITE;true;0.04;213056.85;0.0417;KELLY_LITE(mult=1.00 taper=1.00 n=0)+HARD_RISK_CAP(2.0%)+MAXLOSS_CAP;213056.85;213064.71;36;0
2026.08.14 01:44:46;XAUUSD;5;1786669192;PROFIT_RATCHET_LOCKED;floor=3.66 peak=8.61;MANAGE_PROFIT;SAFE;1;1;1;-1;-1;4337.32;7.77;7.77;8.61;-0.69;KELLY_LITE;true;0.04;213056.85;0.0417;KELLY_LITE(mult=1.00 taper=1.00 n=0)+HARD_RISK_CAP(2.0%)+MAXLOSS_CAP;213056.85;213064.62;36;0
2026.08.14 01:44:46;XAUUSD;5;1786669192;PROFIT_RATCHET_LOCKED;floor=3.66 peak=8.61;MANAGE_PROFIT;SAFE;1;1;1;-1;-1;4337.32;7.59;7.59;8.61;-0.69;KELLY_LITE;true;0.04;213056.85;0.0417;KELLY_LITE(mult=1.00 taper=1.00 n=0)+HARD_RISK_CAP(2.0%)+MAXLOSS_CAP;213056.85;213064.44;36;0
2026.08.14 01:44:46;XAUUSD;5;1786669192;PROFIT_RATCHET_LOCKED;floor=3.66 peak=8.61;MANAGE_PROFIT;SAFE;1;1;1;-1;-1;4337.32;7.38;7.38;8.61;-0.69;KELLY_LITE;true;0.04;213056.85;0.0417;KELLY_LITE(mult=1.00 taper=1.00 n=0)+HARD_RISK_CAP(2.0%)+MAXLOSS_CAP;213056.85;213064.23;36;0
2026.08.14 01:44:46;XAUUSD;5;1786669192;PROFIT_RATCHET_LOCKED;floor=3.66 peak=8.61;MANAGE_PROFIT;SAFE;1;1;1;-1;-1;4337.32;7.62;7.62;8.61;-0.69;KELLY_LITE;true;0.04;213056.85;0.0417;KELLY_LITE(mult=1.00 taper=1.00 n=0)+HARD_RISK_CAP(2.0%)+MAXLOSS_CAP;213056.85;213064.47;36;0
2026.08.14 01:44:47;XAUUSD;5;1786669192;PROFIT_RATCHET_LOCKED;floor=3.66 peak=8.61;MANAGE_PROFIT;SAFE;1;1;1;-1;-1;4337.32;7.68;7.68;8.61;-0.69;KELLY_LITE;true;0.04;213056.85;0.0417;KELLY_LITE(mult=1.00 taper=1.00 n=0)+HARD_RISK_CAP(2.0%)+MAXLOSS_CAP;213056.85;213064.53;36;0
2026.08.14 01:44:47;XAUUSD;5;1786669192;PROFIT_RATCHET_LOCKED;floor=3.66 peak=8.61;MANAGE_PROFIT;SAFE;1;1;1;-1;-1;4337.32;7.86;7.86;8.61;-0.69;KELLY_LITE;true;0.04;213056.85;0.0417;KELLY_LITE(mult=1.00 taper=1.00 n=0)+HARD_RISK_CAP(2.0%)+MAXLOSS_CAP;213056.85;213064.71;36;0
2026.08.14 01:44:47;XAUUSD;5;1786669192;PROFIT_RATCHET_LOCKED;floor=3.66 peak=8.61;MANAGE_PROFIT;SAFE;1;1;1;-1;-1;4337.32;7.62;7.62;8.61;-0.69;KELLY_LITE;true;0.04;213056.85;0.0417;KELLY_LITE(mult=1.00 taper=1.00 n=0)+HARD_RISK_CAP(2.0%)+MAXLOSS_CAP;213056.85;213064.47;36;0
2026.08.14 01:44:47;XAUUSD;5;1786669192;PROFIT_RATCHET_LOCKED;floor=3.66 peak=8.61;MANAGE_PROFIT;SAFE;1;1;1;-1;-1;4337.32;7.35;7.35;8.61;-0.69;KELLY_LITE;true;0.04;213056.85;0.0417;KELLY_LITE(mult=1.00 taper=1.00 n=0)+HARD_RISK_CAP(2.0%)+MAXLOSS_CAP;213056.85;213064.20;36;0
2026.08.14 01:44:48;XAUUSD;5;1786669192;EXIT_TIERED_TRAIL;profit=7.29 peak=8.61 allowedRetrace=1.29;MANAGE_PROFIT;SAFE;1;1;1;-1;-1;4337.32;7.29;7.29;8.61;-0.69;KELLY_LITE;true;0.04;213056.85;0.0417;KELLY_LITE(mult=1.00 taper=1.00 n=0)+HARD_RISK_CAP(2.0%)+MAXLOSS_CAP;213056.85;213064.14;36;0
2026.08.14 01:44:49;XAUUSD;5;1786669192;PENDING_DELETED;ticket=119447514 reason=close_all_hedge;MANAGE_PROFIT;SAFE;0;0;0;-1;-1;4337.32;0.00;0.00;8.61;-0.69;KELLY_LITE;true;0.04;213056.85;0.0417;KELLY_LITE(mult=1.00 taper=1.00 n=0)+HARD_RISK_CAP(2.0%)+MAXLOSS_CAP;213063.93;213063.93;37;0
2026.08.14 01:44:49;XAUUSD;5;1786669192;TRADELOG_RECOVER_CLOSE;ticket=119446634 type=main pnl=7.08;RESET;SAFE;0;0;0;-1;-1;4337.32;0.00;0.00;8.61;-0.69;KELLY_LITE;true;0.04;213056.85;0.0417;KELLY_LITE(mult=1.00 taper=1.00 n=0)+HARD_RISK_CAP(2.0%)+MAXLOSS_CAP;213063.93;213063.93;37;0
2026.08.14 01:44:49;XAUUSD;5;1786669192;CYCLE_RESET;oldState=RESET realizedPnL=7.08 peak=8.61 worst=-0.69 pyramid=0 consLosses=0;RESET;SAFE;0;0;0;-1;-1;4337.32;0.00;0.00;8.61;-0.69;KELLY_LITE;true;0.04;213056.85;0.0417;KELLY_LITE(mult=1.00 taper=1.00 n=0)+HARD_RISK_CAP(2.0%)+MAXLOSS_CAP;213063.93;213063.93;37;0
2026.08.14 01:49:49;XAUUSD;5;1786669193;PLACE_PENDING_START;cycle=1786669193 trend=-1 consecLosses=0 preset=AGGRESSIVE;PLACE_PENDING;SAFE;0;0;0;-1;-1;0.00;0.00;0.00;0.00;0.00;KELLY_LITE;true;0.04;213056.85;0.0417;KELLY_LITE(mult=1.00 taper=1.00 n=0)+HARD_RISK_CAP(2.0%)+MAXLOSS_CAP;213063.93;213063.93;35;0
2026.08.14 01:49:49;XAUUSD;5;1786669193;DIR_OCO_PLACED;dir=BEAR ticket=119449702 price=4331.94 sl=4346.94 tp=4309.44 lot=0.03 dist=2.64;PLACE_PENDING;SAFE;0;1;0;-1;119449702;0.00;0.00;0.00;0.00;0.00;KELLY_LITE;true;0.04;213063.93;0.0417;KELLY_LITE(mult=1.00 taper=1.00 n=1)+HARD_RISK_CAP(2.0%)+MAXLOSS_CAP;213063.93;213063.93;33;0
2026.08.14 01:49:50;XAUUSD;5;1786669193;DIR_OCO_COUNTER_PLACED;dir=BULL(counter) ticket=119449706 price=4337.47 lot=0.03;PLACE_PENDING;SAFE;0;2;0;119449706;119449702;0.00;0.00;0.00;0.00;0.00;KELLY_LITE;true;0.04;213063.93;0.0417;KELLY_LITE(mult=1.00 taper=1.00 n=1)+HARD_RISK_CAP(2.0%)+MAXLOSS_CAP;213063.93;213063.93;34;0
2026.08.14 01:49:55;XAUUSD;5;1786669193;BUY_STOP_TRAILED;Old=4337.47 New=4336.98;WAIT_TRIGGER;SAFE;0;2;0;119449706;119449702;0.00;0.00;0.00;0.00;0.00;KELLY_LITE;true;0.04;213063.93;0.0417;KELLY_LITE(mult=1.00 taper=1.00 n=1)+HARD_RISK_CAP(2.0%)+MAXLOSS_CAP;213063.93;213063.93;36;0
2026.08.14 01:49:58;XAUUSD;5;1786669193;BUY_STOP_TRAILED;Old=4336.98 New=4336.57;WAIT_TRIGGER;SAFE;0;2;0;119449706;119449702;0.00;0.00;0.00;0.00;0.00;KELLY_LITE;true;0.04;213063.93;0.0417;KELLY_LITE(mult=1.00 taper=1.00 n=1)+HARD_RISK_CAP(2.0%)+MAXLOSS_CAP;213063.93;213063.93;33;0
2026.08.14 01:50:28;XAUUSD;5;1786669193;SELL_STOP_TRAILED;Old=4331.94 New=4332.27;WAIT_TRIGGER;SAFE;0;2;0;119449706;119449702;0.00;0.00;0.00;0.00;0.00;KELLY_LITE;true;0.04;213063.93;0.0417;KELLY_LITE(mult=1.00 taper=1.00 n=1)+HARD_RISK_CAP(2.0%)+MAXLOSS_CAP;213063.93;213063.93;33;0
2026.08.14 01:50:36;XAUUSD;5;1786669193;SELL_STOP_TRAILED;Old=4332.27 New=4332.59;WAIT_TRIGGER;SAFE;0;2;0;119449706;119449702;0.00;0.00;0.00;0.00;0.00;KELLY_LITE;true;0.04;213063.93;0.0417;KELLY_LITE(mult=1.00 taper=1.00 n=1)+HARD_RISK_CAP(2.0%)+MAXLOSS_CAP;213063.93;213063.93;33;0
2026.08.14 01:50:44;XAUUSD;5;1786669193;SELL_STOP_TRAILED;Old=4332.59 New=4333.02;WAIT_TRIGGER;SAFE;0;2;0;119449706;119449702;0.00;0.00;0.00;0.00;0.00;KELLY_LITE;true;0.04;213063.93;0.0417;KELLY_LITE(mult=1.00 taper=1.00 n=1)+HARD_RISK_CAP(2.0%)+MAXLOSS_CAP;213063.93;213063.93;36;0
2026.08.14 01:50:46;XAUUSD;5;1786669193;SELL_STOP_TRAILED;Old=4333.02 New=4333.48;WAIT_TRIGGER;SAFE;0;2;0;119449706;119449702;0.00;0.00;0.00;0.00;0.00;KELLY_LITE;true;0.04;213063.93;0.0417;KELLY_LITE(mult=1.00 taper=1.00 n=1)+HARD_RISK_CAP(2.0%)+MAXLOSS_CAP;213063.93;213063.93;33;0
2026.08.14 01:50:58;XAUUSD;5;1786669193;OCO_TRIGGERED_BUY;ticket=119449706 entry=4336.57;POSITION_ACTIVE;SAFE;1;1;0;-1;119449702;0.00;0.09;-0.90;0.00;0.00;KELLY_LITE;true;0.04;213063.93;0.0417;KELLY_LITE(mult=1.00 taper=1.00 n=1)+HARD_RISK_CAP(2.0%)+MAXLOSS_CAP;213063.93;213064.02;33;0
2026.08.14 01:50:59;XAUUSD;5;1786669193;PENDING_DELETED;ticket=119449702 reason=oco_buy_triggered;POSITION_ACTIVE;SAFE;1;0;0;-1;119449702;0.00;-0.78;-0.78;0.00;0.00;KELLY_LITE;true;0.04;213063.93;0.0417;KELLY_LITE(mult=1.00 taper=1.00 n=1)+HARD_RISK_CAP(2.0%)+MAXLOSS_CAP;213063.93;213063.15;33;0
2026.08.14 01:50:59;XAUUSD;5;1786669193;HEDGE_PENDING_PLACED;dir=SELL_STOP ticket=119450084 price=4333.31 sl=4336.31 lot=0.05 mainEntry=4336.57 dist=3.00 confirmBars=1;POSITION_ACTIVE;SAFE;1;1;1;-1;-1;4336.57;-1.02;-1.02;0.00;-0.78;KELLY_LITE;true;0.04;213063.93;0.0417;KELLY_LITE(mult=1.00 taper=1.00 n=1)+HARD_RISK_CAP(2.0%)+MAXLOSS_CAP;213063.93;213062.91;36;0
2026.08.14 01:54:46;XAUUSD;5;1786669193;SL_MODIFIED;ticket=119449706 oldSL=4324.57 newSL=4338.64 reason=break_even_lock_leg_0 (retry buf=3pt);MANAGE_PROFIT;SAFE;1;1;1;-1;-1;4336.57;7.92;7.92;8.04;-6.87;KELLY_LITE;true;0.04;213063.93;0.0417;KELLY_LITE(mult=1.00 taper=1.00 n=1)+HARD_RISK_CAP(2.0%)+MAXLOSS_CAP;213063.93;213071.85;36;0
2026.08.14 01:54:46;XAUUSD;5;1786669193;PROFIT_RATCHET_LOCKED;floor=3.42 peak=8.04;MANAGE_PROFIT;SAFE;1;1;1;-1;-1;4336.57;7.92;7.92;8.04;-6.87;KELLY_LITE;true;0.04;213063.93;0.0417;KELLY_LITE(mult=1.00 taper=1.00 n=1)+HARD_RISK_CAP(2.0%)+MAXLOSS_CAP;213063.93;213071.85;36;0
2026.08.14 01:54:47;XAUUSD;5;1786669193;SL_MODIFIED;ticket=119449706 oldSL=4338.64 newSL=4338.69 reason=break_even_lock_leg_0;MANAGE_PROFIT;SAFE;1;1;1;-1;-1;4336.57;7.95;7.95;8.04;-6.87;KELLY_LITE;true;0.04;213063.93;0.0417;KELLY_LITE(mult=1.00 taper=1.00 n=1)+HARD_RISK_CAP(2.0%)+MAXLOSS_CAP;213063.93;213071.88;36;0
2026.08.14 01:54:47;XAUUSD;5;1786669193;PROFIT_RATCHET_LOCKED;floor=3.42 peak=8.04;MANAGE_PROFIT;SAFE;1;1;1;-1;-1;4336.57;7.95;7.95;8.04;-6.87;KELLY_LITE;true;0.04;213063.93;0.0417;KELLY_LITE(mult=1.00 taper=1.00 n=1)+HARD_RISK_CAP(2.0%)+MAXLOSS_CAP;213063.93;213071.88;36;0
2026.08.14 01:54:47;XAUUSD;5;1786669193;PROFIT_RATCHET_LOCKED;floor=3.42 peak=8.04;MANAGE_PROFIT;SAFE;1;1;1;-1;-1;4336.57;7.95;7.95;8.04;-6.87;KELLY_LITE;true;0.04;213063.93;0.0417;KELLY_LITE(mult=1.00 taper=1.00 n=1)+HARD_RISK_CAP(2.0%)+MAXLOSS_CAP;213063.93;213071.88;36;0
2026.08.14 01:54:48;XAUUSD;5;1786669193;SL_MODIFIED;ticket=119449706 oldSL=4338.69 newSL=4338.74 reason=break_even_lock_leg_0 (retry buf=3pt);MANAGE_PROFIT;SAFE;1;1;1;-1;-1;4336.57;7.62;7.62;8.37;-6.87;KELLY_LITE;true;0.04;213063.93;0.0417;KELLY_LITE(mult=1.00 taper=1.00 n=1)+HARD_RISK_CAP(2.0%)+MAXLOSS_CAP;213063.93;213071.55;36;0
2026.08.14 01:54:48;XAUUSD;5;1786669193;PROFIT_RATCHET_LOCKED;floor=3.56 peak=8.37;MANAGE_PROFIT;SAFE;1;1;1;-1;-1;4336.57;7.62;7.62;8.37;-6.87;KELLY_LITE;true;0.04;213063.93;0.0417;KELLY_LITE(mult=1.00 taper=1.00 n=1)+HARD_RISK_CAP(2.0%)+MAXLOSS_CAP;213063.93;213071.55;36;0
2026.08.14 01:54:48;XAUUSD;5;1786669193;PROFIT_RATCHET_LOCKED;floor=3.56 peak=8.37;MANAGE_PROFIT;SAFE;1;1;1;-1;-1;4336.57;7.62;7.62;8.37;-6.87;KELLY_LITE;true;0.04;213063.93;0.0417;KELLY_LITE(mult=1.00 taper=1.00 n=1)+HARD_RISK_CAP(2.0%)+MAXLOSS_CAP;213063.93;213071.55;36;0
2026.08.14 01:54:48;XAUUSD;5;1786669193;PROFIT_RATCHET_LOCKED;floor=3.56 peak=8.37;MANAGE_PROFIT;SAFE;1;1;1;-1;-1;4336.57;7.65;7.65;8.37;-6.87;KELLY_LITE;true;0.04;213063.93;0.0417;KELLY_LITE(mult=1.00 taper=1.00 n=1)+HARD_RISK_CAP(2.0%)+MAXLOSS_CAP;213063.93;213071.58;36;0
2026.08.14 01:54:48;XAUUSD;5;1786669193;PROFIT_RATCHET_LOCKED;floor=3.56 peak=8.37;MANAGE_PROFIT;SAFE;1;1;1;-1;-1;4336.57;7.59;7.59;8.37;-6.87;KELLY_LITE;true;0.04;213063.93;0.0417;KELLY_LITE(mult=1.00 taper=1.00 n=1)+HARD_RISK_CAP(2.0%)+MAXLOSS_CAP;213063.93;213071.52;36;0
2026.08.14 01:54:48;XAUUSD;5;1786669193;PROFIT_RATCHET_LOCKED;floor=3.56 peak=8.37;MANAGE_PROFIT;SAFE;1;1;1;-1;-1;4336.57;7.68;7.68;8.37;-6.87;KELLY_LITE;true;0.04;213063.93;0.0417;KELLY_LITE(mult=1.00 taper=1.00 n=1)+HARD_RISK_CAP(2.0%)+MAXLOSS_CAP;213063.93;213071.61;36;0
2026.08.14 01:54:49;XAUUSD;5;1786669193;PROFIT_RATCHET_LOCKED;floor=3.56 peak=8.37;MANAGE_PROFIT;SAFE;1;1;1;-1;-1;4336.57;7.83;7.83;8.37;-6.87;KELLY_LITE;true;0.04;213063.93;0.0417;KELLY_LITE(mult=1.00 taper=1.00 n=1)+HARD_RISK_CAP(2.0%)+MAXLOSS_CAP;213063.93;213071.76;36;0
2026.08.14 01:54:49;XAUUSD;5;1786669193;SL_MODIFY_FAILED;ticket=119449706 newSL=4338.78 reason=break_even_lock_leg_0 err=0;MANAGE_PROFIT;SAFE;1;1;1;-1;-1;4336.57;7.98;7.98;8.37;-6.87;KELLY_LITE;true;0.04;213063.93;0.0417;KELLY_LITE(mult=1.00 taper=1.00 n=1)+HARD_RISK_CAP(2.0%)+MAXLOSS_CAP;213063.93;213071.91;36;0
2026.08.14 01:54:49;XAUUSD;5;1786669193;PROFIT_RATCHET_LOCKED;floor=3.56 peak=8.37;MANAGE_PROFIT;SAFE;1;1;1;-1;-1;4336.57;7.98;7.98;8.37;-6.87;KELLY_LITE;true;0.04;213063.93;0.0417;KELLY_LITE(mult=1.00 taper=1.00 n=1)+HARD_RISK_CAP(2.0%)+MAXLOSS_CAP;213063.93;213071.91;36;0
2026.08.14 01:54:49;XAUUSD;5;1786669193;PROFIT_RATCHET_LOCKED;floor=3.56 peak=8.37;MANAGE_PROFIT;SAFE;1;1;1;-1;-1;4336.57;7.98;7.98;8.37;-6.87;KELLY_LITE;true;0.04;213063.93;0.0417;KELLY_LITE(mult=1.00 taper=1.00 n=1)+HARD_RISK_CAP(2.0%)+MAXLOSS_CAP;213063.93;213071.91;36;0
2026.08.14 01:54:49;XAUUSD;5;1786669193;PROFIT_RATCHET_LOCKED;floor=3.56 peak=8.37;MANAGE_PROFIT;SAFE;1;1;1;-1;-1;4336.57;8.07;8.07;8.37;-6.87;KELLY_LITE;true;0.04;213063.93;0.0417;KELLY_LITE(mult=1.00 taper=1.00 n=1)+HARD_RISK_CAP(2.0%)+MAXLOSS_CAP;213063.93;213072.00;36;0
2026.08.14 01:54:50;XAUUSD;5;1786669193;PROFIT_RATCHET_LOCKED;floor=3.56 peak=8.37;MANAGE_PROFIT;SAFE;1;1;1;-1;-1;4336.57;8.01;8.01;8.37;-6.87;KELLY_LITE;true;0.04;213063.93;0.0417;KELLY_LITE(mult=1.00 taper=1.00 n=1)+HARD_RISK_CAP(2.0%)+MAXLOSS_CAP;213063.93;213071.94;36;0
2026.08.14 01:54:50;XAUUSD;5;1786669193;PROFIT_RATCHET_LOCKED;floor=3.56 peak=8.37;MANAGE_PROFIT;SAFE;1;1;1;-1;-1;4336.57;8.04;8.04;8.37;-6.87;KELLY_LITE;true;0.04;213063.93;0.0417;KELLY_LITE(mult=1.00 taper=1.00 n=1)+HARD_RISK_CAP(2.0%)+MAXLOSS_CAP;213063.93;213071.97;36;0
2026.08.14 01:54:50;XAUUSD;5;1786669193;PROFIT_RATCHET_LOCKED;floor=3.56 peak=8.37;MANAGE_PROFIT;SAFE;1;1;1;-1;-1;4336.57;8.04;8.04;8.37;-6.87;KELLY_LITE;true;0.04;213063.93;0.0417;KELLY_LITE(mult=1.00 taper=1.00 n=1)+HARD_RISK_CAP(2.0%)+MAXLOSS_CAP;213063.93;213071.97;36;0
2026.08.14 01:54:50;XAUUSD;5;1786669193;PROFIT_RATCHET_LOCKED;floor=3.56 peak=8.37;MANAGE_PROFIT;SAFE;1;1;1;-1;-1;4336.57;8.10;8.10;8.37;-6.87;KELLY_LITE;true;0.04;213063.93;0.0417;KELLY_LITE(mult=1.00 taper=1.00 n=1)+HARD_RISK_CAP(2.0%)+MAXLOSS_CAP;213063.93;213072.03;36;0
2026.08.14 01:54:51;XAUUSD;5;1786669193;SL_MODIFIED;ticket=119449706 oldSL=4338.74 newSL=4338.85 reason=break_even_lock_leg_0;MANAGE_PROFIT;SAFE;1;1;1;-1;-1;4336.57;9.72;9.72;8.40;-6.87;KELLY_LITE;true;0.04;213063.93;0.0417;KELLY_LITE(mult=1.00 taper=1.00 n=1)+HARD_RISK_CAP(2.0%)+MAXLOSS_CAP;213063.93;213073.65;36;0
2026.08.14 01:54:51;XAUUSD;5;1786669193;PROFIT_RATCHET_LOCKED;floor=3.57 peak=8.40;MANAGE_PROFIT;SAFE;1;1;1;-1;-1;4336.57;9.72;9.72;8.40;-6.87;KELLY_LITE;true;0.04;213063.93;0.0417;KELLY_LITE(mult=1.00 taper=1.00 n=1)+HARD_RISK_CAP(2.0%)+MAXLOSS_CAP;213063.93;213073.65;36;0
2026.08.14 01:54:52;XAUUSD;5;1786669193;SL_MODIFIED;ticket=119449706 oldSL=4338.85 newSL=4339.22 reason=break_even_lock_leg_0 (retry buf=3pt);MANAGE_PROFIT;SAFE;1;1;1;-1;-1;4336.57;9.84;9.84;9.72;-6.87;KELLY_LITE;true;0.04;213063.93;0.0417;KELLY_LITE(mult=1.00 taper=1.00 n=1)+HARD_RISK_CAP(2.0%)+MAXLOSS_CAP;213063.93;213073.77;36;0
2026.08.14 01:54:52;XAUUSD;5;1786669193;PROFIT_RATCHET_LOCKED;floor=4.13 peak=9.72;MANAGE_PROFIT;SAFE;1;1;1;-1;-1;4336.57;9.84;9.84;9.72;-6.87;KELLY_LITE;true;0.04;213063.93;0.0417;KELLY_LITE(mult=1.00 taper=1.00 n=1)+HARD_RISK_CAP(2.0%)+MAXLOSS_CAP;213063.93;213073.77;36;0
2026.08.14 01:54:53;XAUUSD;5;1786669193;SL_MODIFIED;ticket=119449706 oldSL=4339.22 newSL=4339.28 reason=break_even_lock_leg_0 (retry buf=3pt);MANAGE_PROFIT;SAFE;1;1;1;-1;-1;4336.57;9.72;9.72;9.84;-6.87;KELLY_LITE;true;0.04;213063.93;0.0417;KELLY_LITE(mult=1.00 taper=1.00 n=1)+HARD_RISK_CAP(2.0%)+MAXLOSS_CAP;213063.93;213073.65;36;0
2026.08.14 01:54:53;XAUUSD;5;1786669193;PROFIT_RATCHET_LOCKED;floor=4.18 peak=9.84;MANAGE_PROFIT;SAFE;1;1;1;-1;-1;4336.57;9.72;9.72;9.84;-6.87;KELLY_LITE;true;0.04;213063.93;0.0417;KELLY_LITE(mult=1.00 taper=1.00 n=1)+HARD_RISK_CAP(2.0%)+MAXLOSS_CAP;213063.93;213073.65;36;0
2026.08.14 01:54:53;XAUUSD;5;1786669193;PROFIT_RATCHET_LOCKED;floor=4.18 peak=9.84;MANAGE_PROFIT;SAFE;1;1;1;-1;-1;4336.57;9.72;9.72;9.84;-6.87;KELLY_LITE;true;0.04;213063.93;0.0417;KELLY_LITE(mult=1.00 taper=1.00 n=1)+HARD_RISK_CAP(2.0%)+MAXLOSS_CAP;213063.93;213073.65;36;0
2026.08.14 01:54:54;XAUUSD;5;1786669193;PROFIT_RATCHET_LOCKED;floor=4.18 peak=9.84;MANAGE_PROFIT;SAFE;1;1;1;-1;-1;4336.57;9.06;9.06;9.84;-6.87;KELLY_LITE;true;0.04;213063.93;0.0417;KELLY_LITE(mult=1.00 taper=1.00 n=1)+HARD_RISK_CAP(2.0%)+MAXLOSS_CAP;213063.93;213072.99;37;0
2026.08.14 01:54:54;XAUUSD;5;1786669193;PROFIT_RATCHET_LOCKED;floor=4.18 peak=9.84;MANAGE_PROFIT;SAFE;1;1;1;-1;-1;4336.57;9.21;9.21;9.84;-6.87;KELLY_LITE;true;0.04;213063.93;0.0417;KELLY_LITE(mult=1.00 taper=1.00 n=1)+HARD_RISK_CAP(2.0%)+MAXLOSS_CAP;213063.93;213073.14;36;0
2026.08.14 01:54:54;XAUUSD;5;1786669193;PROFIT_RATCHET_LOCKED;floor=4.18 peak=9.84;MANAGE_PROFIT;SAFE;1;1;1;-1;-1;4336.57;9.30;9.30;9.84;-6.87;KELLY_LITE;true;0.04;213063.93;0.0417;KELLY_LITE(mult=1.00 taper=1.00 n=1)+HARD_RISK_CAP(2.0%)+MAXLOSS_CAP;213063.93;213073.23;36;0
2026.08.14 01:54:54;XAUUSD;5;1786669193;PROFIT_RATCHET_LOCKED;floor=4.18 peak=9.84;MANAGE_PROFIT;SAFE;1;1;1;-1;-1;4336.57;8.73;8.73;9.84;-6.87;KELLY_LITE;true;0.04;213063.93;0.0417;KELLY_LITE(mult=1.00 taper=1.00 n=1)+HARD_RISK_CAP(2.0%)+MAXLOSS_CAP;213063.93;213072.66;36;0
2026.08.14 01:54:55;XAUUSD;5;1786669193;PROFIT_RATCHET_LOCKED;floor=4.18 peak=9.84;MANAGE_PROFIT;SAFE;1;1;1;-1;-1;4336.57;8.67;8.67;9.84;-6.87;KELLY_LITE;true;0.04;213063.93;0.0417;KELLY_LITE(mult=1.00 taper=1.00 n=1)+HARD_RISK_CAP(2.0%)+MAXLOSS_CAP;213063.93;213072.60;36;0
2026.08.14 01:54:55;XAUUSD;5;1786669193;PROFIT_RATCHET_LOCKED;floor=4.18 peak=9.84;MANAGE_PROFIT;SAFE;1;1;1;-1;-1;4336.57;8.79;8.79;9.84;-6.87;KELLY_LITE;true;0.04;213063.93;0.0417;KELLY_LITE(mult=1.00 taper=1.00 n=1)+HARD_RISK_CAP(2.0%)+MAXLOSS_CAP;213063.93;213072.72;36;0
2026.08.14 01:54:55;XAUUSD;5;1786669193;PROFIT_RATCHET_LOCKED;floor=4.18 peak=9.84;MANAGE_PROFIT;SAFE;1;1;1;-1;-1;4336.57;8.82;8.82;9.84;-6.87;KELLY_LITE;true;0.04;213063.93;0.0417;KELLY_LITE(mult=1.00 taper=1.00 n=1)+HARD_RISK_CAP(2.0%)+MAXLOSS_CAP;213063.93;213072.75;36;0
2026.08.14 01:54:55;XAUUSD;5;1786669193;PROFIT_RATCHET_LOCKED;floor=4.18 peak=9.84;MANAGE_PROFIT;SAFE;1;1;1;-1;-1;4336.57;9.15;9.15;9.84;-6.87;KELLY_LITE;true;0.04;213063.93;0.0417;KELLY_LITE(mult=1.00 taper=1.00 n=1)+HARD_RISK_CAP(2.0%)+MAXLOSS_CAP;213063.93;213073.08;36;0
2026.08.14 01:54:56;XAUUSD;5;1786669193;PROFIT_RATCHET_LOCKED;floor=4.18 peak=9.84;MANAGE_PROFIT;SAFE;1;1;1;-1;-1;4336.57;9.24;9.24;9.84;-6.87;KELLY_LITE;true;0.04;213063.93;0.0417;KELLY_LITE(mult=1.00 taper=1.00 n=1)+HARD_RISK_CAP(2.0%)+MAXLOSS_CAP;213063.93;213073.17;36;0
2026.08.14 01:54:56;XAUUSD;5;1786669193;PROFIT_RATCHET_LOCKED;floor=4.18 peak=9.84;MANAGE_PROFIT;SAFE;1;1;1;-1;-1;4336.57;8.82;8.82;9.84;-6.87;KELLY_LITE;true;0.04;213063.93;0.0417;KELLY_LITE(mult=1.00 taper=1.00 n=1)+HARD_RISK_CAP(2.0%)+MAXLOSS_CAP;213063.93;213072.75;36;0
2026.08.14 01:54:56;XAUUSD;5;1786669193;PROFIT_RATCHET_LOCKED;floor=4.18 peak=9.84;MANAGE_PROFIT;SAFE;1;1;1;-1;-1;4336.57;8.97;8.97;9.84;-6.87;KELLY_LITE;true;0.04;213063.93;0.0417;KELLY_LITE(mult=1.00 taper=1.00 n=1)+HARD_RISK_CAP(2.0%)+MAXLOSS_CAP;213063.93;213072.90;36;0
2026.08.14 01:54:57;XAUUSD;5;1786669193;PROFIT_RATCHET_LOCKED;floor=4.18 peak=9.84;MANAGE_PROFIT;SAFE;1;1;1;-1;-1;4336.57;8.79;8.79;9.84;-6.87;KELLY_LITE;true;0.04;213063.93;0.0417;KELLY_LITE(mult=1.00 taper=1.00 n=1)+HARD_RISK_CAP(2.0%)+MAXLOSS_CAP;213063.93;213072.72;35;0
2026.08.14 01:54:57;XAUUSD;5;1786669193;PROFIT_RATCHET_LOCKED;floor=4.18 peak=9.84;MANAGE_PROFIT;SAFE;1;1;1;-1;-1;4336.57;8.37;8.37;9.84;-6.87;KELLY_LITE;true;0.04;213063.93;0.0417;KELLY_LITE(mult=1.00 taper=1.00 n=1)+HARD_RISK_CAP(2.0%)+MAXLOSS_CAP;213063.93;213072.30;36;0
2026.08.14 01:54:57;XAUUSD;5;1786669193;EXIT_TIERED_TRAIL;profit=8.34 peak=9.84 allowedRetrace=1.48;MANAGE_PROFIT;SAFE;1;1;1;-1;-1;4336.57;8.34;8.34;9.84;-6.87;KELLY_LITE;true;0.04;213063.93;0.0417;KELLY_LITE(mult=1.00 taper=1.00 n=1)+HARD_RISK_CAP(2.0%)+MAXLOSS_CAP;213063.93;213072.27;36;0
2026.08.14 01:54:58;XAUUSD;5;1786669193;POSITION_CLOSED;ticket=119449706 reason=tiered_profit_trail lots=0.03 price=4339.35 pnl=8.34;MANAGE_PROFIT;SAFE;0;1;1;-1;-1;4336.57;0.00;0.00;9.84;-6.87;KELLY_LITE;true;0.04;213063.93;0.0417;KELLY_LITE(mult=1.00 taper=1.00 n=1)+HARD_RISK_CAP(2.0%)+MAXLOSS_CAP;213073.08;213073.08;36;0
2026.08.14 01:54:58;XAUUSD;5;1786669193;PENDING_DELETED;ticket=119450084 reason=close_all_hedge;MANAGE_PROFIT;SAFE;0;0;0;-1;-1;4336.57;0.00;0.00;9.84;-6.87;KELLY_LITE;true;0.04;213063.93;0.0417;KELLY_LITE(mult=1.00 taper=1.00 n=1)+HARD_RISK_CAP(2.0%)+MAXLOSS_CAP;213073.08;213073.08;36;0
2026.08.14 01:54:58;XAUUSD;5;1786669193;CYCLE_RESET;oldState=RESET realizedPnL=9.15 peak=9.84 worst=-6.87 pyramid=0 consLosses=0;RESET;SAFE;0;0;0;-1;-1;4336.57;0.00;0.00;9.84;-6.87;KELLY_LITE;true;0.04;213063.93;0.0417;KELLY_LITE(mult=1.00 taper=1.00 n=1)+HARD_RISK_CAP(2.0%)+MAXLOSS_CAP;213073.08;213073.08;36;0
2026.08.14 01:59:58;XAUUSD;5;1786669194;PLACE_PENDING_START;cycle=1786669194 trend=-1 consecLosses=0 preset=AGGRESSIVE;PLACE_PENDING;SAFE;0;0;0;-1;-1;0.00;0.00;0.00;0.00;0.00;KELLY_LITE;true;0.04;213063.93;0.0417;KELLY_LITE(mult=1.00 taper=1.00 n=1)+HARD_RISK_CAP(2.0%)+MAXLOSS_CAP;213073.08;213073.08;36;0
2026.08.14 01:59:58;XAUUSD;5;1786669194;DIR_OCO_PLACED;dir=BEAR ticket=119452662 price=4338.07 sl=4353.07 tp=4315.57 lot=0.03 dist=2.70;PLACE_PENDING;SAFE;0;1;0;-1;119452662;0.00;0.00;0.00;0.00;0.00;KELLY_LITE;true;0.04;213073.08;0.0417;KELLY_LITE(mult=1.00 taper=1.00 n=2)+HARD_RISK_CAP(2.0%)+MAXLOSS_CAP;213073.08;213073.08;36;0
2026.08.14 01:59:59;XAUUSD;5;1786669194;DIR_OCO_COUNTER_PLACED;dir=BULL(counter) ticket=119452665 price=4343.82 lot=0.03;PLACE_PENDING;SAFE;0;2;0;119452665;119452662;0.00;0.00;0.00;0.00;0.00;KELLY_LITE;true;0.04;213073.08;0.0417;KELLY_LITE(mult=1.00 taper=1.00 n=2)+HARD_RISK_CAP(2.0%)+MAXLOSS_CAP;213073.08;213073.08;36;0
2026.08.14 02:00:01;XAUUSD;5;1786669194;BUY_STOP_TRAILED;Old=4343.82 New=4343.40;WAIT_TRIGGER;SAFE;0;2;0;119452665;119452662;0.00;0.00;0.00;0.00;0.00;KELLY_LITE;true;0.04;213073.08;0.0417;KELLY_LITE(mult=1.00 taper=1.00 n=2)+HARD_RISK_CAP(2.0%)+MAXLOSS_CAP;213073.08;213073.08;33;0
2026.08.14 02:00:01;XAUUSD;5;1786669194;BUY_STOP_TRAILED;Old=4343.40 New=4342.52;WAIT_TRIGGER;SAFE;1;1;0;119452665;119452662;0.00;-2.37;-2.37;0.00;0.00;KELLY_LITE;true;0.04;213073.08;0.0417;KELLY_LITE(mult=1.00 taper=1.00 n=2)+HARD_RISK_CAP(2.0%)+MAXLOSS_CAP;213073.08;213070.71;37;0
2026.08.14 02:00:01;XAUUSD;5;1786669194;OCO_TRIGGERED_SELL;ticket=119452662 entry=4338.07;POSITION_ACTIVE;SAFE;1;1;0;119452665;-1;0.00;-2.37;-2.37;0.00;0.00;KELLY_LITE;true;0.04;213073.08;0.0417;KELLY_LITE(mult=1.00 taper=1.00 n=2)+HARD_RISK_CAP(2.0%)+MAXLOSS_CAP;213073.08;213070.71;37;0
2026.08.14 02:00:02;XAUUSD;5;1786669194;PENDING_DELETED;ticket=119452665 reason=oco_sell_triggered;POSITION_ACTIVE;SAFE;1;0;0;119452665;-1;0.00;-4.26;-4.26;0.00;0.00;KELLY_LITE;true;0.04;213073.08;0.0417;KELLY_LITE(mult=1.00 taper=1.00 n=2)+HARD_RISK_CAP(2.0%)+MAXLOSS_CAP;213073.08;213068.82;37;0
2026.08.14 02:00:02;XAUUSD;5;1786669194;HEDGE_PENDING_PLACED;dir=BUY_STOP ticket=119452740 price=4342.49 sl=4339.49 lot=0.05 mainEntry=4338.07 dist=3.00 confirmBars=1;POSITION_ACTIVE;SAFE;1;1;1;-1;-1;4338.07;-2.55;-2.55;0.00;-4.26;KELLY_LITE;true;0.04;213073.08;0.0417;KELLY_LITE(mult=1.00 taper=1.00 n=2)+HARD_RISK_CAP(2.0%)+MAXLOSS_CAP;213073.08;213070.53;36;0
2026.08.14 02:01:20;XAUUSD;5;1786669194;SL_MODIFIED;ticket=119452662 oldSL=4353.07 newSL=4335.88 reason=break_even_lock_leg_0;MANAGE_PROFIT;SAFE;1;1;1;-1;-1;4338.07;8.07;8.07;8.13;-10.95;KELLY_LITE;true;0.04;213073.08;0.0417;KELLY_LITE(mult=1.00 taper=1.00 n=2)+HARD_RISK_CAP(2.0%)+MAXLOSS_CAP;213073.08;213081.15;36;0
2026.08.14 02:01:20;XAUUSD;5;1786669194;PROFIT_RATCHET_LOCKED;floor=2.74 peak=8.13;MANAGE_PROFIT;SAFE;1;1;1;-1;-1;4338.07;8.07;8.07;8.13;-10.95;KELLY_LITE;true;0.04;213073.08;0.0417;KELLY_LITE(mult=1.00 taper=1.00 n=2)+HARD_RISK_CAP(2.0%)+MAXLOSS_CAP;213073.08;213081.15;36;0
2026.08.14 02:01:20;XAUUSD;5;1786669194;PROFIT_RATCHET_LOCKED;floor=2.74 peak=8.13;MANAGE_PROFIT;SAFE;1;1;1;-1;-1;4338.07;8.07;8.07;8.13;-10.95;KELLY_LITE;true;0.04;213073.08;0.0417;KELLY_LITE(mult=1.00 taper=1.00 n=2)+HARD_RISK_CAP(2.0%)+MAXLOSS_CAP;213073.08;213081.15;36;0
2026.08.14 02:01:20;XAUUSD;5;1786669194;PROFIT_RATCHET_LOCKED;floor=2.74 peak=8.13;MANAGE_PROFIT;SAFE;1;1;1;-1;-1;4338.07;7.80;7.80;8.13;-10.95;KELLY_LITE;true;0.04;213073.08;0.0417;KELLY_LITE(mult=1.00 taper=1.00 n=2)+HARD_RISK_CAP(2.0%)+MAXLOSS_CAP;213073.08;213080.88;36;0
2026.08.14 02:01:21;XAUUSD;5;1786669194;SL_MODIFY_FAILED;ticket=119452662 newSL=4335.85 reason=break_even_lock_leg_0 err=0;MANAGE_PROFIT;SAFE;1;1;1;-1;-1;4338.07;7.20;7.20;8.22;-10.95;KELLY_LITE;true;0.04;213073.08;0.0417;KELLY_LITE(mult=1.00 taper=1.00 n=2)+HARD_RISK_CAP(2.0%)+MAXLOSS_CAP;213073.08;213080.28;37;0
2026.08.14 02:01:21;XAUUSD;5;1786669194;PROFIT_RATCHET_LOCKED;floor=2.77 peak=8.22;MANAGE_PROFIT;SAFE;1;1;1;-1;-1;4338.07;7.20;7.20;8.22;-10.95;KELLY_LITE;true;0.04;213073.08;0.0417;KELLY_LITE(mult=1.00 taper=1.00 n=2)+HARD_RISK_CAP(2.0%)+MAXLOSS_CAP;213073.08;213080.28;37;0
2026.08.14 02:01:21;XAUUSD;5;1786669194;PROFIT_RATCHET_LOCKED;floor=2.77 peak=8.22;MANAGE_PROFIT;SAFE;1;1;1;-1;-1;4338.07;7.20;7.20;8.22;-10.95;KELLY_LITE;true;0.04;213073.08;0.0417;KELLY_LITE(mult=1.00 taper=1.00 n=2)+HARD_RISK_CAP(2.0%)+MAXLOSS_CAP;213073.08;213080.28;37;0
2026.08.14 02:01:21;XAUUSD;5;1786669194;EXIT_TIERED_TRAIL;profit=6.75 peak=8.22 allowedRetrace=1.44;MANAGE_PROFIT;SAFE;1;1;1;-1;-1;4338.07;6.75;6.75;8.22;-10.95;KELLY_LITE;true;0.04;213073.08;0.0417;KELLY_LITE(mult=1.00 taper=1.00 n=2)+HARD_RISK_CAP(2.0%)+MAXLOSS_CAP;213073.08;213079.83;36;0
2026.08.14 02:01:22;XAUUSD;5;1786669194;PENDING_DELETED;ticket=119452740 reason=close_all_hedge;MANAGE_PROFIT;SAFE;0;0;0;-1;-1;4338.07;0.00;0.00;8.22;-10.95;KELLY_LITE;true;0.04;213073.08;0.0417;KELLY_LITE(mult=1.00 taper=1.00 n=2)+HARD_RISK_CAP(2.0%)+MAXLOSS_CAP;213079.65;213079.65;36;0
2026.08.14 02:01:22;XAUUSD;5;1786669194;TRADELOG_RECOVER_CLOSE;ticket=119452662 type=main pnl=6.57;RESET;SAFE;0;0;0;-1;-1;4338.07;0.00;0.00;8.22;-10.95;KELLY_LITE;true;0.04;213073.08;0.0417;KELLY_LITE(mult=1.00 taper=1.00 n=2)+HARD_RISK_CAP(2.0%)+MAXLOSS_CAP;213079.65;213079.65;36;0
2026.08.14 02:01:22;XAUUSD;5;1786669194;CYCLE_RESET;oldState=RESET realizedPnL=6.57 peak=8.22 worst=-10.95 pyramid=0 consLosses=0;RESET;SAFE;0;0;0;-1;-1;4338.07;0.00;0.00;8.22;-10.95;KELLY_LITE;true;0.04;213073.08;0.0417;KELLY_LITE(mult=1.00 taper=1.00 n=2)+HARD_RISK_CAP(2.0%)+MAXLOSS_CAP;213079.65;213079.65;36;0
2026.08.14 02:06:22;XAUUSD;5;1786669195;PLACE_PENDING_START;cycle=1786669195 trend=-1 consecLosses=0 preset=AGGRESSIVE;PLACE_PENDING;SAFE;0;0;0;-1;-1;0.00;0.00;0.00;0.00;0.00;KELLY_LITE;true;0.04;213073.08;0.0417;KELLY_LITE(mult=1.00 taper=1.00 n=2)+HARD_RISK_CAP(2.0%)+MAXLOSS_CAP;213079.65;213079.65;36;0
2026.08.14 02:06:22;XAUUSD;5;1786669195;DIR_OCO_PLACED;dir=BEAR ticket=119455313 price=4326.66 sl=4341.66 tp=4304.16 lot=0.03 dist=2.91;PLACE_PENDING;SAFE;0;1;0;-1;119455313;0.00;0.00;0.00;0.00;0.00;KELLY_LITE;true;0.04;213079.65;0.0417;KELLY_LITE(mult=1.00 taper=1.00 n=3)+HARD_RISK_CAP(2.0%)+MAXLOSS_CAP;213079.65;213079.65;36;0
2026.08.14 02:06:22;XAUUSD;5;1786669195;DIR_OCO_COUNTER_PLACED;dir=BULL(counter) ticket=119455316 price=4332.88 lot=0.03;PLACE_PENDING;SAFE;0;2;0;119455316;119455313;0.00;0.00;0.00;0.00;0.00;KELLY_LITE;true;0.04;213079.65;0.0417;KELLY_LITE(mult=1.00 taper=1.00 n=3)+HARD_RISK_CAP(2.0%)+MAXLOSS_CAP;213079.65;213079.65;36;0
2026.08.14 02:06:24;XAUUSD;5;1786669195;SELL_STOP_TRAILED;Old=4326.66 New=4327.07;WAIT_TRIGGER;SAFE;0;2;0;119455316;119455313;0.00;0.00;0.00;0.00;0.00;KELLY_LITE;true;0.04;213079.65;0.0417;KELLY_LITE(mult=1.00 taper=1.00 n=3)+HARD_RISK_CAP(2.0%)+MAXLOSS_CAP;213079.65;213079.65;36;0
2026.08.14 02:06:26;XAUUSD;5;1786669195;SELL_STOP_TRAILED;Old=4327.07 New=4327.50;WAIT_TRIGGER;SAFE;0;2;0;119455316;119455313;0.00;0.00;0.00;0.00;0.00;KELLY_LITE;true;0.04;213079.65;0.0417;KELLY_LITE(mult=1.00 taper=1.00 n=3)+HARD_RISK_CAP(2.0%)+MAXLOSS_CAP;213079.65;213079.65;36;0
2026.08.14 02:06:30;XAUUSD;5;1786669195;SELL_STOP_TRAILED;Old=4327.50 New=4327.83;WAIT_TRIGGER;SAFE;0;2;0;119455316;119455313;0.00;0.00;0.00;0.00;0.00;KELLY_LITE;true;0.04;213079.65;0.0417;KELLY_LITE(mult=1.00 taper=1.00 n=3)+HARD_RISK_CAP(2.0%)+MAXLOSS_CAP;213079.65;213079.65;36;0
2026.08.14 02:06:42;XAUUSD;5;1786669195;SELL_STOP_TRAILED;Old=4327.83 New=4328.21;WAIT_TRIGGER;SAFE;0;2;0;119455316;119455313;0.00;0.00;0.00;0.00;0.00;KELLY_LITE;true;0.04;213079.65;0.0417;KELLY_LITE(mult=1.00 taper=1.00 n=3)+HARD_RISK_CAP(2.0%)+MAXLOSS_CAP;213079.65;213079.65;36;0
2026.08.14 02:06:44;XAUUSD;5;1786669195;SELL_STOP_TRAILED;Old=4328.21 New=4328.60;WAIT_TRIGGER;SAFE;0;2;0;119455316;119455313;0.00;0.00;0.00;0.00;0.00;KELLY_LITE;true;0.04;213079.65;0.0417;KELLY_LITE(mult=1.00 taper=1.00 n=3)+HARD_RISK_CAP(2.0%)+MAXLOSS_CAP;213079.65;213079.65;36;0
2026.08.14 02:06:46;XAUUSD;5;1786669195;SELL_STOP_TRAILED;Old=4328.60 New=4328.92;WAIT_TRIGGER;SAFE;0;2;0;119455316;119455313;0.00;0.00;0.00;0.00;0.00;KELLY_LITE;true;0.04;213079.65;0.0417;KELLY_LITE(mult=1.00 taper=1.00 n=3)+HARD_RISK_CAP(2.0%)+MAXLOSS_CAP;213079.65;213079.65;35;0
2026.08.14 02:06:48;XAUUSD;5;1786669195;SELL_STOP_TRAILED;Old=4328.92 New=4329.30;WAIT_TRIGGER;SAFE;0;2;0;119455316;119455313;0.00;0.00;0.00;0.00;0.00;KELLY_LITE;true;0.04;213079.65;0.0417;KELLY_LITE(mult=1.00 taper=1.00 n=3)+HARD_RISK_CAP(2.0%)+MAXLOSS_CAP;213079.65;213079.65;36;0
2026.08.14 02:06:49;XAUUSD;5;1786669195;OCO_TRIGGERED_BUY;ticket=119455316 entry=4332.88;POSITION_ACTIVE;SAFE;1;1;0;-1;119455313;0.00;0.27;-0.81;0.00;0.00;KELLY_LITE;true;0.04;213079.65;0.0417;KELLY_LITE(mult=1.00 taper=1.00 n=3)+HARD_RISK_CAP(2.0%)+MAXLOSS_CAP;213079.65;213079.92;36;0
2026.08.14 02:06:49;XAUUSD;5;1786669195;PENDING_DELETED;ticket=119455313 reason=oco_buy_triggered;POSITION_ACTIVE;SAFE;1;0;0;-1;119455313;0.00;-1.14;-1.14;0.00;0.00;KELLY_LITE;true;0.04;213079.65;0.0417;KELLY_LITE(mult=1.00 taper=1.00 n=3)+HARD_RISK_CAP(2.0%)+MAXLOSS_CAP;213079.65;213078.51;36;0
2026.08.14 02:06:50;XAUUSD;5;1786669195;HEDGE_PENDING_PLACED;dir=SELL_STOP ticket=119455454 price=4329.50 sl=4332.50 lot=0.05 mainEntry=4332.88 dist=3.00 confirmBars=1;POSITION_ACTIVE;SAFE;1;1;1;-1;-1;4332.88;-0.42;-0.42;0.00;-1.14;KELLY_LITE;true;0.04;213079.65;0.0417;KELLY_LITE(mult=1.00 taper=1.00 n=3)+HARD_RISK_CAP(2.0%)+MAXLOSS_CAP;213079.65;213079.23;36;0
2026.08.14 02:09:29;XAUUSD;5;1786669195;SL_MODIFIED;ticket=119455454 oldSL=4332.50 newSL=4330.18 reason=hedge_giveback_lock (retry buf=8pt);MANAGE_PROFIT;SAFE;2;0;1;-1;-1;4332.88;-10.69;1.10;2.10;-12.24;KELLY_LITE;true;0.04;213079.65;0.0417;KELLY_LITE(mult=1.00 taper=1.00 n=3)+HARD_RISK_CAP(2.0%)+MAXLOSS_CAP;213079.65;213068.96;33;0
2026.08.14 02:09:31;XAUUSD;5;1786669195;SL_MODIFIED;ticket=119455454 oldSL=4330.18 newSL=4330.14 reason=hedge_giveback_lock (retry buf=8pt);MANAGE_PROFIT;SAFE;2;0;1;-1;-1;4332.88;-11.40;-0.45;2.10;-12.24;KELLY_LITE;true;0.04;213079.65;0.0417;KELLY_LITE(mult=1.00 taper=1.00 n=3)+HARD_RISK_CAP(2.0%)+MAXLOSS_CAP;213079.65;213068.25;36;0
2026.08.14 02:09:31;XAUUSD;5;1786669195;POSITION_CLOSED;ticket=119455454 reason=hedge_trail_close lots=0.05 price=4329.59 pnl=-0.45;MANAGE_PROFIT;SAFE;1;0;1;-1;-1;4332.88;-10.80;-10.80;2.10;-12.24;KELLY_LITE;true;0.04;213079.65;0.0417;KELLY_LITE(mult=1.00 taper=1.00 n=3)+HARD_RISK_CAP(2.0%)+MAXLOSS_CAP;213078.85;213068.05;36;0
2026.08.14 02:09:31;XAUUSD;5;1786669195;HEDGE_CLOSED_TRAIL;peak=2.80 close=-0.45 threshold=0.84 reason=peak_retrace ok=1;MANAGE_PROFIT;SAFE;1;0;1;-1;-1;4332.88;-10.80;-10.80;2.10;-12.24;KELLY_LITE;true;0.04;213079.65;0.0417;KELLY_LITE(mult=1.00 taper=1.00 n=3)+HARD_RISK_CAP(2.0%)+MAXLOSS_CAP;213078.85;213068.05;36;0
2026.08.14 02:11:00;XAUUSD;5;1786669195;EXIT_SOFT_SL_MOMENTUM;profit=-29.49 rsi=30.0 thresh=30.0 dir=1;MANAGE_PROFIT;WATCH;1;0;1;-1;-1;4332.88;-29.49;-29.49;2.10;-29.49;KELLY_LITE;true;0.04;213079.65;0.0417;KELLY_LITE(mult=1.00 taper=1.00 n=3)+HARD_RISK_CAP(2.0%)+MAXLOSS_CAP;213078.85;213049.36;33;0
2026.08.14 02:11:00;XAUUSD;5;1786669195;POSITION_CLOSED;ticket=119455316 reason=soft_sl_momentum lots=0.03 price=4323.05 pnl=-29.49;MANAGE_PROFIT;WATCH;0;0;1;-1;-1;4332.88;0.00;0.00;2.10;-29.49;KELLY_LITE;true;0.04;213079.65;0.0417;KELLY_LITE(mult=1.00 taper=1.00 n=3)+HARD_RISK_CAP(2.0%)+MAXLOSS_CAP;213048.40;213048.40;33;0
2026.08.14 02:11:00;XAUUSD;5;1786669195;LOSS_COOLDOWN_AFTER_LOSS;cyclePnL=-31.25 pauseUntil=2026.08.14 02:16:00;RESET;WATCH;0;0;0;-1;-1;4332.88;0.00;0.00;2.10;-29.49;KELLY_LITE;true;0.04;213079.65;0.0417;KELLY_LITE(mult=1.00 taper=1.00 n=3)+HARD_RISK_CAP(2.0%)+MAXLOSS_CAP;213048.40;213048.40;33;0
2026.08.14 02:11:00;XAUUSD;5;1786669195;CYCLE_RESET;oldState=RESET realizedPnL=-31.25 peak=2.10 worst=-29.49 pyramid=0 consLosses=1;RESET;WATCH;0;0;0;-1;-1;4332.88;0.00;0.00;2.10;-29.49;KELLY_LITE;true;0.04;213079.65;0.0417;KELLY_LITE(mult=1.00 taper=1.00 n=3)+HARD_RISK_CAP(2.0%)+MAXLOSS_CAP;213048.40;213048.40;33;0
2026.08.14 02:16:00;XAUUSD;5;1786669196;PLACE_PENDING_START;cycle=1786669196 trend=-1 consecLosses=1 preset=AGGRESSIVE;PLACE_PENDING;SAFE;0;0;0;-1;-1;0.00;0.00;0.00;0.00;0.00;KELLY_LITE;true;0.04;213079.65;0.0417;KELLY_LITE(mult=1.00 taper=1.00 n=3)+HARD_RISK_CAP(2.0%)+MAXLOSS_CAP;213048.40;213048.40;36;0
2026.08.14 02:16:00;XAUUSD;5;1786669196;DIR_OCO_PLACED;dir=BEAR ticket=119458823 price=4321.98 sl=4336.98 tp=4299.48 lot=0.03 dist=2.90;PLACE_PENDING;SAFE;0;1;0;-1;119458823;0.00;0.00;0.00;0.00;0.00;KELLY_LITE;true;0.04;213048.40;0.0417;KELLY_LITE(mult=1.00 taper=1.00 n=4)+HARD_RISK_CAP(2.0%)+MAXLOSS_CAP;213048.40;213048.40;36;0
2026.08.14 02:16:01;XAUUSD;5;1786669196;DIR_OCO_COUNTER_PLACED;dir=BULL(counter) ticket=119458833 price=4327.69 lot=0.03;PLACE_PENDING;SAFE;0;2;0;119458833;119458823;0.00;0.00;0.00;0.00;0.00;KELLY_LITE;true;0.04;213048.40;0.0417;KELLY_LITE(mult=1.00 taper=1.00 n=4)+HARD_RISK_CAP(2.0%)+MAXLOSS_CAP;213048.40;213048.40;36;0
2026.08.14 02:16:06;XAUUSD;5;1786669196;BUY_STOP_TRAILED;Old=4327.69 New=4327.32;WAIT_TRIGGER;SAFE;0;2;0;119458833;119458823;0.00;0.00;0.00;0.00;0.00;KELLY_LITE;true;0.04;213048.40;0.0417;KELLY_LITE(mult=1.00 taper=1.00 n=4)+HARD_RISK_CAP(2.0%)+MAXLOSS_CAP;213048.40;213048.40;36;0
2026.08.14 02:16:12;XAUUSD;5;1786669196;BUY_STOP_TRAILED;Old=4327.32 New=4327.01;WAIT_TRIGGER;SAFE;0;2;0;119458833;119458823;0.00;0.00;0.00;0.00;0.00;KELLY_LITE;true;0.04;213048.40;0.0417;KELLY_LITE(mult=1.00 taper=1.00 n=4)+HARD_RISK_CAP(2.0%)+MAXLOSS_CAP;213048.40;213048.40;36;0
2026.08.14 02:16:13;XAUUSD;5;1786669196;BUY_STOP_TRAILED;Old=4327.01 New=4326.70;WAIT_TRIGGER;SAFE;0;2;0;119458833;119458823;0.00;0.00;0.00;0.00;0.00;KELLY_LITE;true;0.04;213048.40;0.0417;KELLY_LITE(mult=1.00 taper=1.00 n=4)+HARD_RISK_CAP(2.0%)+MAXLOSS_CAP;213048.40;213048.40;36;0
2026.08.14 02:16:18;XAUUSD;5;1786669196;BUY_STOP_TRAILED;Old=4326.70 New=4326.35;WAIT_TRIGGER;SAFE;0;2;0;119458833;119458823;0.00;0.00;0.00;0.00;0.00;KELLY_LITE;true;0.04;213048.40;0.0417;KELLY_LITE(mult=1.00 taper=1.00 n=4)+HARD_RISK_CAP(2.0%)+MAXLOSS_CAP;213048.40;213048.40;36;0
2026.08.14 02:16:19;XAUUSD;5;1786669196;BUY_STOP_TRAILED;Old=4326.35 New=4326.01;WAIT_TRIGGER;SAFE;0;2;0;119458833;119458823;0.00;0.00;0.00;0.00;0.00;KELLY_LITE;true;0.04;213048.40;0.0417;KELLY_LITE(mult=1.00 taper=1.00 n=4)+HARD_RISK_CAP(2.0%)+MAXLOSS_CAP;213048.40;213048.40;36;0
2026.08.14 02:16:19;XAUUSD;5;1786669196;BUY_STOP_TRAILED;Old=4326.01 New=4325.61;WAIT_TRIGGER;SAFE;0;2;0;119458833;119458823;0.00;0.00;0.00;0.00;0.00;KELLY_LITE;true;0.04;213048.40;0.0417;KELLY_LITE(mult=1.00 taper=1.00 n=4)+HARD_RISK_CAP(2.0%)+MAXLOSS_CAP;213048.40;213048.40;37;0
2026.08.14 02:16:37;XAUUSD;5;1786669196;OCO_TRIGGERED_SELL;ticket=119458823 entry=4321.98;POSITION_ACTIVE;SAFE;1;1;0;119458833;-1;0.00;0.15;-0.93;0.00;0.00;KELLY_LITE;true;0.04;213048.40;0.0417;KELLY_LITE(mult=1.00 taper=1.00 n=4)+HARD_RISK_CAP(2.0%)+MAXLOSS_CAP;213048.40;213048.55;36;0
2026.08.14 02:16:37;XAUUSD;5;1786669196;PENDING_DELETED;ticket=119458833 reason=oco_sell_triggered;POSITION_ACTIVE;SAFE;1;0;0;119458833;-1;0.00;0.00;0.00;0.00;0.00;KELLY_LITE;true;0.04;213048.40;0.0417;KELLY_LITE(mult=1.00 taper=1.00 n=4)+HARD_RISK_CAP(2.0%)+MAXLOSS_CAP;213048.40;213048.40;36;0
2026.08.14 02:16:38;XAUUSD;5;1786669196;HEDGE_PENDING_PLACED;dir=BUY_STOP ticket=119459099 price=4324.98 sl=4321.98 lot=0.05 mainEntry=4321.98 dist=3.00 confirmBars=1;POSITION_ACTIVE;SAFE;1;1;1;-1;-1;4321.98;-0.21;-0.21;0.00;0.00;KELLY_LITE;true;0.04;213048.40;0.0417;KELLY_LITE(mult=1.00 taper=1.00 n=4)+HARD_RISK_CAP(2.0%)+MAXLOSS_CAP;213048.40;213048.19;36;0
2026.08.14 02:19:02;XAUUSD;5;1786669196;SL_MODIFIED;ticket=119458823 oldSL=4336.98 newSL=4319.46 reason=break_even_lock_leg_0;MANAGE_PROFIT;SAFE;1;1;1;-1;-1;4321.98;11.58;11.07;9.12;-6.21;KELLY_LITE;true;0.04;213048.40;0.0417;KELLY_LITE(mult=1.00 taper=1.00 n=4)+HARD_RISK_CAP(2.0%)+MAXLOSS_CAP;213048.40;213059.98;37;0
2026.08.14 02:19:02;XAUUSD;5;1786669196;PROFIT_RATCHET_LOCKED;floor=3.08 peak=9.12;MANAGE_PROFIT;SAFE;1;1;1;-1;-1;4321.98;11.58;11.07;9.12;-6.21;KELLY_LITE;true;0.04;213048.40;0.0417;KELLY_LITE(mult=1.00 taper=1.00 n=4)+HARD_RISK_CAP(2.0%)+MAXLOSS_CAP;213048.40;213059.98;37;0
2026.08.14 02:19:02;XAUUSD;5;1786669196;SL_MODIFIED;ticket=119458823 oldSL=4319.46 newSL=4318.81 reason=break_even_lock_leg_0;MANAGE_PROFIT;SAFE;1;1;1;-1;-1;4321.98;11.31;11.31;11.58;-6.21;KELLY_LITE;true;0.04;213048.40;0.0417;KELLY_LITE(mult=1.00 taper=1.00 n=4)+HARD_RISK_CAP(2.0%)+MAXLOSS_CAP;213048.40;213059.71;33;0
2026.08.14 02:19:02;XAUUSD;5;1786669196;PROFIT_RATCHET_LOCKED;floor=3.91 peak=11.58;MANAGE_PROFIT;SAFE;1;1;1;-1;-1;4321.98;11.31;11.31;11.58;-6.21;KELLY_LITE;true;0.04;213048.40;0.0417;KELLY_LITE(mult=1.00 taper=1.00 n=4)+HARD_RISK_CAP(2.0%)+MAXLOSS_CAP;213048.40;213059.71;33;0
2026.08.14 02:19:03;XAUUSD;5;1786669196;SL_MODIFY_FAILED;ticket=119458823 newSL=4318.73 reason=break_even_lock_leg_0 err=0;MANAGE_PROFIT;SAFE;1;1;1;-1;-1;4321.98;9.99;9.99;11.58;-6.21;KELLY_LITE;true;0.04;213048.40;0.0417;KELLY_LITE(mult=1.00 taper=1.00 n=4)+HARD_RISK_CAP(2.0%)+MAXLOSS_CAP;213048.40;213058.39;34;0
2026.08.14 02:19:03;XAUUSD;5;1786669196;PROFIT_RATCHET_LOCKED;floor=3.91 peak=11.58;MANAGE_PROFIT;SAFE;1;1;1;-1;-1;4321.98;9.99;9.99;11.58;-6.21;KELLY_LITE;true;0.04;213048.40;0.0417;KELLY_LITE(mult=1.00 taper=1.00 n=4)+HARD_RISK_CAP(2.0%)+MAXLOSS_CAP;213048.40;213058.39;34;0
2026.08.14 02:19:03;XAUUSD;5;1786669196;EXIT_TIERED_TRAIL;profit=9.99 peak=11.58 allowedRetrace=1.39;MANAGE_PROFIT;SAFE;1;1;1;-1;-1;4321.98;9.99;9.99;11.58;-6.21;KELLY_LITE;true;0.04;213048.40;0.0417;KELLY_LITE(mult=1.00 taper=1.00 n=4)+HARD_RISK_CAP(2.0%)+MAXLOSS_CAP;213048.40;213058.39;34;0
2026.08.14 02:19:04;XAUUSD;5;1786669196;POSITION_CLOSED;ticket=119458823 reason=tiered_profit_trail lots=0.03 price=4318.65 pnl=9.99;MANAGE_PROFIT;SAFE;0;1;1;-1;-1;4321.98;0.00;0.00;11.58;-6.21;KELLY_LITE;true;0.04;213048.40;0.0417;KELLY_LITE(mult=1.00 taper=1.00 n=4)+HARD_RISK_CAP(2.0%)+MAXLOSS_CAP;213058.54;213058.54;37;0
2026.08.14 02:19:04;XAUUSD;5;1786669196;PENDING_DELETED;ticket=119459099 reason=close_all_hedge;MANAGE_PROFIT;SAFE;0;0;0;-1;-1;4321.98;0.00;0.00;11.58;-6.21;KELLY_LITE;true;0.04;213048.40;0.0417;KELLY_LITE(mult=1.00 taper=1.00 n=4)+HARD_RISK_CAP(2.0%)+MAXLOSS_CAP;213058.54;213058.54;36;0
2026.08.14 02:19:04;XAUUSD;5;1786669196;CYCLE_RESET;oldState=RESET realizedPnL=10.14 peak=11.58 worst=-6.21 pyramid=0 consLosses=0;RESET;SAFE;0;0;0;-1;-1;4321.98;0.00;0.00;11.58;-6.21;KELLY_LITE;true;0.04;213048.40;0.0417;KELLY_LITE(mult=1.00 taper=1.00 n=4)+HARD_RISK_CAP(2.0%)+MAXLOSS_CAP;213058.54;213058.54;36;0
2026.08.14 02:24:04;XAUUSD;5;1786669196;FILTER_BLOCK_RSI_SELL;RSI_SELL_BLOCK (rsi=29.7 min=30.0);BLOCKED;SAFE;0;0;0;-1;-1;0.00;0.00;0.00;0.00;0.00;KELLY_LITE;true;0.04;213048.40;0.0417;KELLY_LITE(mult=1.00 taper=1.00 n=4)+HARD_RISK_CAP(2.0%)+MAXLOSS_CAP;213058.54;213058.54;36;0
2026.08.14 02:29:04;XAUUSD;5;1786669196;FILTER_BLOCK_RSI_SELL;RSI_SELL_BLOCK (rsi=26.5 min=30.0);BLOCKED;SAFE;0;0;0;-1;-1;0.00;0.00;0.00;0.00;0.00;KELLY_LITE;true;0.04;213048.40;0.0417;KELLY_LITE(mult=1.00 taper=1.00 n=4)+HARD_RISK_CAP(2.0%)+MAXLOSS_CAP;213058.54;213058.54;36;0
2026.08.14 02:34:04;XAUUSD;5;1786669197;PLACE_PENDING_START;cycle=1786669197 trend=-1 consecLosses=0 preset=AGGRESSIVE;PLACE_PENDING;SAFE;0;0;0;-1;-1;0.00;0.00;0.00;0.00;0.00;KELLY_LITE;true;0.04;213048.40;0.0417;KELLY_LITE(mult=1.00 taper=1.00 n=4)+HARD_RISK_CAP(2.0%)+MAXLOSS_CAP;213058.54;213058.54;36;0
2026.08.14 02:34:04;XAUUSD;5;1786669197;DIR_OCO_PLACED;dir=BEAR ticket=119465195 price=4310.57 sl=4325.57 tp=4288.07 lot=0.03 dist=3.24;PLACE_PENDING;SAFE;0;1;0;-1;119465195;0.00;0.00;0.00;0.00;0.00;KELLY_LITE;true;0.04;213058.54;0.0417;KELLY_LITE(mult=1.12 taper=1.00 n=5)+ATR_VOL(0.75@8.10)+HARD_RISK_CAP(2.0%)+MAXLOSS_CAP;213058.54;213058.54;36;0
2026.08.14 02:34:04;XAUUSD;5;1786669197;DIR_OCO_COUNTER_PLACED;dir=BULL(counter) ticket=119465197 price=4317.38 lot=0.03;PLACE_PENDING;SAFE;0;2;0;119465197;119465195;0.00;0.00;0.00;0.00;0.00;KELLY_LITE;true;0.04;213058.54;0.0417;KELLY_LITE(mult=1.12 taper=1.00 n=5)+ATR_VOL(0.75@8.10)+HARD_RISK_CAP(2.0%)+MAXLOSS_CAP;213058.54;213058.54;36;0
2026.08.14 02:34:16;XAUUSD;5;1786669197;BUY_STOP_TRAILED;Old=4317.38 New=4317.02;WAIT_TRIGGER;SAFE;0;2;0;119465197;119465195;0.00;0.00;0.00;0.00;0.00;KELLY_LITE;true;0.04;213058.54;0.0417;KELLY_LITE(mult=1.12 taper=1.00 n=5)+ATR_VOL(0.75@8.10)+HARD_RISK_CAP(2.0%)+MAXLOSS_CAP;213058.54;213058.54;36;0
2026.08.14 02:34:37;XAUUSD;5;1786669197;SELL_STOP_TRAILED;Old=4310.57 New=4311.09;WAIT_TRIGGER;SAFE;0;2;0;119465197;119465195;0.00;0.00;0.00;0.00;0.00;KELLY_LITE;true;0.04;213058.54;0.0417;KELLY_LITE(mult=1.12 taper=1.00 n=5)+ATR_VOL(0.75@8.10)+HARD_RISK_CAP(2.0%)+MAXLOSS_CAP;213058.54;213058.54;36;0
2026.08.14 02:35:01;XAUUSD;5;1786669197;BUY_STOP_TRAILED;Old=4317.02 New=4316.70;WAIT_TRIGGER;SAFE;0;2;0;119465197;119465195;0.00;0.00;0.00;0.00;0.00;KELLY_LITE;true;0.04;213058.54;0.0417;KELLY_LITE(mult=1.12 taper=1.00 n=5)+ATR_VOL(0.75@8.10)+HARD_RISK_CAP(2.0%)+MAXLOSS_CAP;213058.54;213058.54;33;0
2026.08.14 02:35:30;XAUUSD;5;1786669197;SELL_STOP_TRAILED;Old=4311.09 New=4311.42;WAIT_TRIGGER;SAFE;0;2;0;119465197;119465195;0.00;0.00;0.00;0.00;0.00;KELLY_LITE;true;0.04;213058.54;0.0417;KELLY_LITE(mult=1.12 taper=1.00 n=5)+ATR_VOL(0.75@8.10)+HARD_RISK_CAP(2.0%)+MAXLOSS_CAP;213058.54;213058.54;36;0
2026.08.14 02:35:33;XAUUSD;5;1786669197;SELL_STOP_TRAILED;Old=4311.42 New=4311.79;WAIT_TRIGGER;SAFE;0;2;0;119465197;119465195;0.00;0.00;0.00;0.00;0.00;KELLY_LITE;true;0.04;213058.54;0.0417;KELLY_LITE(mult=1.12 taper=1.00 n=5)+ATR_VOL(0.75@8.10)+HARD_RISK_CAP(2.0%)+MAXLOSS_CAP;213058.54;213058.54;36;0
2026.08.14 02:36:11;XAUUSD;5;1786669197;SELL_STOP_TRAILED;Old=4311.79 New=4312.10;WAIT_TRIGGER;SAFE;0;2;0;119465197;119465195;0.00;0.00;0.00;0.00;0.00;KELLY_LITE;true;0.04;213058.54;0.0417;KELLY_LITE(mult=1.12 taper=1.00 n=5)+ATR_VOL(0.75@8.10)+HARD_RISK_CAP(2.0%)+MAXLOSS_CAP;213058.54;213058.54;36;0
2026.08.14 02:36:17;XAUUSD;5;1786669197;SELL_STOP_TRAILED;Old=4312.10 New=4312.51;WAIT_TRIGGER;SAFE;0;2;0;119465197;119465195;0.00;0.00;0.00;0.00;0.00;KELLY_LITE;true;0.04;213058.54;0.0417;KELLY_LITE(mult=1.12 taper=1.00 n=5)+ATR_VOL(0.75@8.10)+HARD_RISK_CAP(2.0%)+MAXLOSS_CAP;213058.54;213058.54;36;0
2026.08.14 02:36:23;XAUUSD;5;1786669197;SELL_STOP_TRAILED;Old=4312.51 New=4312.90;WAIT_TRIGGER;SAFE;0;2;0;119465197;119465195;0.00;0.00;0.00;0.00;0.00;KELLY_LITE;true;0.04;213058.54;0.0417;KELLY_LITE(mult=1.12 taper=1.00 n=5)+ATR_VOL(0.75@8.10)+HARD_RISK_CAP(2.0%)+MAXLOSS_CAP;213058.54;213058.54;36;0
2026.08.14 02:36:35;XAUUSD;5;1786669197;SELL_STOP_TRAILED;Old=4312.90 New=4313.21;WAIT_TRIGGER;SAFE;1;1;0;119465197;119465195;0.00;-0.42;-0.42;0.00;0.00;KELLY_LITE;true;0.04;213058.54;0.0417;KELLY_LITE(mult=1.12 taper=1.00 n=5)+ATR_VOL(0.75@8.10)+HARD_RISK_CAP(2.0%)+MAXLOSS_CAP;213058.54;213058.12;36;0
2026.08.14 02:36:35;XAUUSD;5;1786669197;OCO_TRIGGERED_BUY;ticket=119465197 entry=4316.70;POSITION_ACTIVE;SAFE;1;1;0;-1;119465195;0.00;-0.42;-0.42;0.00;0.00;KELLY_LITE;true;0.04;213058.54;0.0417;KELLY_LITE(mult=1.12 taper=1.00 n=5)+ATR_VOL(0.75@8.10)+HARD_RISK_CAP(2.0%)+MAXLOSS_CAP;213058.54;213058.12;36;0
2026.08.14 02:36:36;XAUUSD;5;1786669197;PENDING_DELETED;ticket=119465195 reason=oco_buy_triggered;POSITION_ACTIVE;SAFE;1;0;0;-1;119465195;0.00;-0.39;-0.39;0.00;0.00;KELLY_LITE;true;0.04;213058.54;0.0417;KELLY_LITE(mult=1.12 taper=1.00 n=5)+ATR_VOL(0.75@8.10)+HARD_RISK_CAP(2.0%)+MAXLOSS_CAP;213058.54;213058.15;36;0
2026.08.14 02:36:36;XAUUSD;5;1786669197;HEDGE_PENDING_PLACED;dir=SELL_STOP ticket=119465922 price=4313.57 sl=4316.57 lot=0.05 mainEntry=4316.70 dist=3.00 confirmBars=1;POSITION_ACTIVE;SAFE;1;1;1;-1;-1;4316.70;-0.66;-0.66;0.00;-0.39;KELLY_LITE;true;0.04;213058.54;0.0417;KELLY_LITE(mult=1.12 taper=1.00 n=5)+ATR_VOL(0.75@8.10)+HARD_RISK_CAP(2.0%)+MAXLOSS_CAP;213058.54;213057.88;36;0
2026.08.14 02:39:26;XAUUSD;5;1786669197;SL_MODIFIED;ticket=119465197 oldSL=4304.70 newSL=4318.58 reason=break_even_lock_leg_0 (retry buf=8pt);MANAGE_PROFIT;SAFE;1;1;1;-1;-1;4316.70;8.07;8.07;8.19;-1.05;KELLY_LITE;true;0.04;213058.54;0.0417;KELLY_LITE(mult=1.12 taper=1.00 n=5)+ATR_VOL(0.75@8.10)+HARD_RISK_CAP(2.0%)+MAXLOSS_CAP;213058.54;213066.61;36;0
2026.08.14 02:39:26;XAUUSD;5;1786669197;PROFIT_RATCHET_LOCKED;floor=3.48 peak=8.19;MANAGE_PROFIT;SAFE;1;1;1;-1;-1;4316.70;8.07;8.07;8.19;-1.05;KELLY_LITE;true;0.04;213058.54;0.0417;KELLY_LITE(mult=1.12 taper=1.00 n=5)+ATR_VOL(0.75@8.10)+HARD_RISK_CAP(2.0%)+MAXLOSS_CAP;213058.54;213066.61;36;0
2026.08.14 02:39:27;XAUUSD;5;1786669197;SL_MODIFIED;ticket=119465197 oldSL=4318.58 newSL=4318.87 reason=break_even_lock_leg_0;MANAGE_PROFIT;SAFE;1;1;1;-1;-1;4316.70;8.10;8.10;8.19;-1.05;KELLY_LITE;true;0.04;213058.54;0.0417;KELLY_LITE(mult=1.12 taper=1.00 n=5)+ATR_VOL(0.75@8.10)+HARD_RISK_CAP(2.0%)+MAXLOSS_CAP;213058.54;213066.64;36;0
2026.08.14 02:39:27;XAUUSD;5;1786669197;PROFIT_RATCHET_LOCKED;floor=3.48 peak=8.19;MANAGE_PROFIT;SAFE;1;1;1;-1;-1;4316.70;8.10;8.10;8.19;-1.05;KELLY_LITE;true;0.04;213058.54;0.0417;KELLY_LITE(mult=1.12 taper=1.00 n=5)+ATR_VOL(0.75@8.10)+HARD_RISK_CAP(2.0%)+MAXLOSS_CAP;213058.54;213066.64;36;0
2026.08.14 02:39:27;XAUUSD;5;1786669197;PROFIT_RATCHET_LOCKED;floor=3.48 peak=8.19;MANAGE_PROFIT;SAFE;1;1;1;-1;-1;4316.70;8.10;8.10;8.19;-1.05;KELLY_LITE;true;0.04;213058.54;0.0417;KELLY_LITE(mult=1.12 taper=1.00 n=5)+ATR_VOL(0.75@8.10)+HARD_RISK_CAP(2.0%)+MAXLOSS_CAP;213058.54;213066.64;36;0
2026.08.14 02:39:28;XAUUSD;5;1786669197;SL_MODIFIED;ticket=119465197 oldSL=4318.87 newSL=4318.92 reason=break_even_lock_leg_0;MANAGE_PROFIT;SAFE;1;1;1;-1;-1;4316.70;8.19;8.19;8.22;-1.05;KELLY_LITE;true;0.04;213058.54;0.0417;KELLY_LITE(mult=1.12 taper=1.00 n=5)+ATR_VOL(0.75@8.10)+HARD_RISK_CAP(2.0%)+MAXLOSS_CAP;213058.54;213066.73;36;0
2026.08.14 02:39:28;XAUUSD;5;1786669197;PROFIT_RATCHET_LOCKED;floor=3.49 peak=8.22;MANAGE_PROFIT;SAFE;1;1;1;-1;-1;4316.70;8.19;8.19;8.22;-1.05;KELLY_LITE;true;0.04;213058.54;0.0417;KELLY_LITE(mult=1.12 taper=1.00 n=5)+ATR_VOL(0.75@8.10)+HARD_RISK_CAP(2.0%)+MAXLOSS_CAP;213058.54;213066.73;36;0
2026.08.14 02:39:28;XAUUSD;5;1786669197;PROFIT_RATCHET_LOCKED;floor=3.49 peak=8.22;MANAGE_PROFIT;SAFE;1;1;1;-1;-1;4316.70;8.19;8.19;8.22;-1.05;KELLY_LITE;true;0.04;213058.54;0.0417;KELLY_LITE(mult=1.12 taper=1.00 n=5)+ATR_VOL(0.75@8.10)+HARD_RISK_CAP(2.0%)+MAXLOSS_CAP;213058.54;213066.73;36;0
2026.08.14 02:39:29;XAUUSD;5;1786669197;PROFIT_RATCHET_LOCKED;floor=3.49 peak=8.22;MANAGE_PROFIT;SAFE;1;1;1;-1;-1;4316.70;8.16;8.16;8.22;-1.05;KELLY_LITE;true;0.04;213058.54;0.0417;KELLY_LITE(mult=1.12 taper=1.00 n=5)+ATR_VOL(0.75@8.10)+HARD_RISK_CAP(2.0%)+MAXLOSS_CAP;213058.54;213066.70;36;0
2026.08.14 02:39:29;XAUUSD;5;1786669197;PROFIT_RATCHET_LOCKED;floor=3.49 peak=8.22;MANAGE_PROFIT;SAFE;1;1;1;-1;-1;4316.70;7.86;7.86;8.22;-1.05;KELLY_LITE;true;0.04;213058.54;0.0417;KELLY_LITE(mult=1.12 taper=1.00 n=5)+ATR_VOL(0.75@8.10)+HARD_RISK_CAP(2.0%)+MAXLOSS_CAP;213058.54;213066.40;36;0
2026.08.14 02:39:29;XAUUSD;5;1786669197;PROFIT_RATCHET_LOCKED;floor=3.49 peak=8.22;MANAGE_PROFIT;SAFE;1;1;1;-1;-1;4316.70;7.74;7.74;8.22;-1.05;KELLY_LITE;true;0.04;213058.54;0.0417;KELLY_LITE(mult=1.12 taper=1.00 n=5)+ATR_VOL(0.75@8.10)+HARD_RISK_CAP(2.0%)+MAXLOSS_CAP;213058.54;213066.28;36;0
2026.08.14 02:39:30;XAUUSD;5;1786669197;PROFIT_RATCHET_LOCKED;floor=3.49 peak=8.22;MANAGE_PROFIT;SAFE;1;1;1;-1;-1;4316.70;7.53;7.53;8.22;-1.05;KELLY_LITE;true;0.04;213058.54;0.0417;KELLY_LITE(mult=1.12 taper=1.00 n=5)+ATR_VOL(0.75@8.10)+HARD_RISK_CAP(2.0%)+MAXLOSS_CAP;213058.54;213066.07;36;0
2026.08.14 02:39:30;XAUUSD;5;1786669197;PROFIT_RATCHET_LOCKED;floor=3.49 peak=8.22;MANAGE_PROFIT;SAFE;1;1;1;-1;-1;4316.70;7.50;7.50;8.22;-1.05;KELLY_LITE;true;0.04;213058.54;0.0417;KELLY_LITE(mult=1.12 taper=1.00 n=5)+ATR_VOL(0.75@8.10)+HARD_RISK_CAP(2.0%)+MAXLOSS_CAP;213058.54;213066.04;35;0
2026.08.14 02:39:30;XAUUSD;5;1786669197;PROFIT_RATCHET_LOCKED;floor=3.49 peak=8.22;MANAGE_PROFIT;SAFE;1;1;1;-1;-1;4316.70;7.47;7.47;8.22;-1.05;KELLY_LITE;true;0.04;213058.54;0.0417;KELLY_LITE(mult=1.12 taper=1.00 n=5)+ATR_VOL(0.75@8.10)+HARD_RISK_CAP(2.0%)+MAXLOSS_CAP;213058.54;213066.01;36;0
2026.08.14 02:39:30;XAUUSD;5;1786669197;PROFIT_RATCHET_LOCKED;floor=3.49 peak=8.22;MANAGE_PROFIT;SAFE;1;1;1;-1;-1;4316.70;7.38;7.38;8.22;-1.05;KELLY_LITE;true;0.04;213058.54;0.0417;KELLY_LITE(mult=1.12 taper=1.00 n=5)+ATR_VOL(0.75@8.10)+HARD_RISK_CAP(2.0%)+MAXLOSS_CAP;213058.54;213065.92;36;0
2026.08.14 02:39:30;XAUUSD;5;1786669197;PROFIT_RATCHET_LOCKED;floor=3.49 peak=8.22;MANAGE_PROFIT;SAFE;1;1;1;-1;-1;4316.70;7.32;7.32;8.22;-1.05;KELLY_LITE;true;0.04;213058.54;0.0417;KELLY_LITE(mult=1.12 taper=1.00 n=5)+ATR_VOL(0.75@8.10)+HARD_RISK_CAP(2.0%)+MAXLOSS_CAP;213058.54;213065.86;36;0
2026.08.14 02:39:31;XAUUSD;5;1786669197;PROFIT_RATCHET_LOCKED;floor=3.49 peak=8.22;MANAGE_PROFIT;SAFE;1;1;1;-1;-1;4316.70;7.11;7.11;8.22;-1.05;KELLY_LITE;true;0.04;213058.54;0.0417;KELLY_LITE(mult=1.12 taper=1.00 n=5)+ATR_VOL(0.75@8.10)+HARD_RISK_CAP(2.0%)+MAXLOSS_CAP;213058.54;213065.65;36;0
2026.08.14 02:39:31;XAUUSD;5;1786669197;PROFIT_RATCHET_LOCKED;floor=3.49 peak=8.22;MANAGE_PROFIT;SAFE;1;1;1;-1;-1;4316.70;7.20;7.20;8.22;-1.05;KELLY_LITE;true;0.04;213058.54;0.0417;KELLY_LITE(mult=1.12 taper=1.00 n=5)+ATR_VOL(0.75@8.10)+HARD_RISK_CAP(2.0%)+MAXLOSS_CAP;213058.54;213065.74;36;0
2026.08.14 02:39:31;XAUUSD;5;1786669197;PROFIT_RATCHET_LOCKED;floor=3.49 peak=8.22;MANAGE_PROFIT;SAFE;1;1;1;-1;-1;4316.70;7.29;7.29;8.22;-1.05;KELLY_LITE;true;0.04;213058.54;0.0417;KELLY_LITE(mult=1.12 taper=1.00 n=5)+ATR_VOL(0.75@8.10)+HARD_RISK_CAP(2.0%)+MAXLOSS_CAP;213058.54;213065.83;36;0
2026.08.14 02:39:32;XAUUSD;5;1786669197;EXIT_TIERED_TRAIL;profit=6.93 peak=8.22 allowedRetrace=1.23;MANAGE_PROFIT;SAFE;1;1;1;-1;-1;4316.70;6.93;6.93;8.22;-1.05;KELLY_LITE;true;0.04;213058.54;0.0417;KELLY_LITE(mult=1.12 taper=1.00 n=5)+ATR_VOL(0.75@8.10)+HARD_RISK_CAP(2.0%)+MAXLOSS_CAP;213058.54;213065.47;36;0
2026.08.14 02:39:32;XAUUSD;5;1786669197;POSITION_CLOSED;ticket=119465197 reason=tiered_profit_trail lots=0.03 price=4319.01 pnl=6.93;MANAGE_PROFIT;SAFE;0;1;1;-1;-1;4316.70;0.00;0.00;8.22;-1.05;KELLY_LITE;true;0.04;213058.54;0.0417;KELLY_LITE(mult=1.12 taper=1.00 n=5)+ATR_VOL(0.75@8.10)+HARD_RISK_CAP(2.0%)+MAXLOSS_CAP;213065.32;213065.32;36;0
2026.08.14 02:39:33;XAUUSD;5;1786669197;PENDING_DELETED;ticket=119465922 reason=close_all_hedge;MANAGE_PROFIT;SAFE;0;0;0;-1;-1;4316.70;0.00;0.00;8.22;-1.05;KELLY_LITE;true;0.04;213058.54;0.0417;KELLY_LITE(mult=1.12 taper=1.00 n=5)+ATR_VOL(0.75@8.10)+HARD_RISK_CAP(2.0%)+MAXLOSS_CAP;213065.32;213065.32;36;0
2026.08.14 02:39:33;XAUUSD;5;1786669197;CYCLE_RESET;oldState=RESET realizedPnL=6.78 peak=8.22 worst=-1.05 pyramid=0 consLosses=0;RESET;SAFE;0;0;0;-1;-1;4316.70;0.00;0.00;8.22;-1.05;KELLY_LITE;true;0.04;213058.54;0.0417;KELLY_LITE(mult=1.12 taper=1.00 n=5)+ATR_VOL(0.75@8.10)+HARD_RISK_CAP(2.0%)+MAXLOSS_CAP;213065.32;213065.32;36;0
2026.08.14 02:44:33;XAUUSD;5;1786669198;PLACE_PENDING_START;cycle=1786669198 trend=-1 consecLosses=0 preset=AGGRESSIVE;PLACE_PENDING;SAFE;0;0;0;-1;-1;0.00;0.00;0.00;0.00;0.00;KELLY_LITE;true;0.04;213058.54;0.0417;KELLY_LITE(mult=1.12 taper=1.00 n=5)+ATR_VOL(0.75@8.10)+HARD_RISK_CAP(2.0%)+MAXLOSS_CAP;213065.32;213065.32;36;0
2026.08.14 02:44:33;XAUUSD;5;1786669198;DIR_OCO_PLACED;dir=BEAR ticket=119468051 price=4315.67 sl=4330.67 tp=4293.17 lot=0.03 dist=3.02;PLACE_PENDING;SAFE;0;1;0;-1;119468051;0.00;0.00;0.00;0.00;0.00;KELLY_LITE;true;0.04;213065.32;0.0417;KELLY_LITE(mult=1.15 taper=1.00 n=6)+HARD_RISK_CAP(2.0%)+MAXLOSS_CAP;213065.32;213065.32;36;0
2026.08.14 02:44:34;XAUUSD;5;1786669198;DIR_OCO_COUNTER_PLACED;dir=BULL(counter) ticket=119468053 price=4322.18 lot=0.03;PLACE_PENDING;SAFE;0;2;0;119468053;119468051;0.00;0.00;0.00;0.00;0.00;KELLY_LITE;true;0.04;213065.32;0.0417;KELLY_LITE(mult=1.15 taper=1.00 n=6)+HARD_RISK_CAP(2.0%)+MAXLOSS_CAP;213065.32;213065.32;36;0
2026.08.14 02:44:36;XAUUSD;5;1786669198;SELL_STOP_TRAILED;Old=4315.67 New=4316.13;WAIT_TRIGGER;SAFE;0;2;0;119468053;119468051;0.00;0.00;0.00;0.00;0.00;KELLY_LITE;true;0.04;213065.32;0.0417;KELLY_LITE(mult=1.15 taper=1.00 n=6)+HARD_RISK_CAP(2.0%)+MAXLOSS_CAP;213065.32;213065.32;36;0
2026.08.14 02:44:41;XAUUSD;5;1786669198;SELL_STOP_TRAILED;Old=4316.13 New=4316.47;WAIT_TRIGGER;SAFE;0;2;0;119468053;119468051;0.00;0.00;0.00;0.00;0.00;KELLY_LITE;true;0.04;213065.32;0.0417;KELLY_LITE(mult=1.15 taper=1.00 n=6)+HARD_RISK_CAP(2.0%)+MAXLOSS_CAP;213065.32;213065.32;36;0
2026.08.14 02:44:45;XAUUSD;5;1786669198;SELL_STOP_TRAILED;Old=4316.47 New=4316.78;WAIT_TRIGGER;SAFE;0;2;0;119468053;119468051;0.00;0.00;0.00;0.00;0.00;KELLY_LITE;true;0.04;213065.32;0.0417;KELLY_LITE(mult=1.15 taper=1.00 n=6)+HARD_RISK_CAP(2.0%)+MAXLOSS_CAP;213065.32;213065.32;36;0
2026.08.14 02:45:01;XAUUSD;5;1786669198;SELL_STOP_TRAILED;Old=4316.78 New=4317.22;WAIT_TRIGGER;SAFE;0;2;0;119468053;119468051;0.00;0.00;0.00;0.00;0.00;KELLY_LITE;true;0.04;213065.32;0.0417;KELLY_LITE(mult=1.15 taper=1.00 n=6)+HARD_RISK_CAP(2.0%)+MAXLOSS_CAP;213065.32;213065.32;36;0
2026.08.14 02:45:02;XAUUSD;5;1786669198;SELL_STOP_TRAILED;Old=4317.22 New=4317.61;WAIT_TRIGGER;SAFE;0;2;0;119468053;119468051;0.00;0.00;0.00;0.00;0.00;KELLY_LITE;true;0.04;213065.32;0.0417;KELLY_LITE(mult=1.15 taper=1.00 n=6)+HARD_RISK_CAP(2.0%)+MAXLOSS_CAP;213065.32;213065.32;36;0
2026.08.14 02:45:12;XAUUSD;5;1786669198;SELL_STOP_TRAILED;Old=4317.61 New=4317.96;WAIT_TRIGGER;SAFE;0;2;0;119468053;119468051;0.00;0.00;0.00;0.00;0.00;KELLY_LITE;true;0.04;213065.32;0.0417;KELLY_LITE(mult=1.15 taper=1.00 n=6)+HARD_RISK_CAP(2.0%)+MAXLOSS_CAP;213065.32;213065.32;36;0
2026.08.14 02:45:14;XAUUSD;5;1786669198;SELL_STOP_TRAILED;Old=4317.96 New=4318.27;WAIT_TRIGGER;SAFE;0;2;0;119468053;119468051;0.00;0.00;0.00;0.00;0.00;KELLY_LITE;true;0.04;213065.32;0.0417;KELLY_LITE(mult=1.15 taper=1.00 n=6)+HARD_RISK_CAP(2.0%)+MAXLOSS_CAP;213065.32;213065.32;36;0
2026.08.14 02:45:29;XAUUSD;5;1786669198;SELL_STOP_TRAILED;Old=4318.27 New=4318.73;WAIT_TRIGGER;SAFE;0;2;0;119468053;119468051;0.00;0.00;0.00;0.00;0.00;KELLY_LITE;true;0.04;213065.32;0.0417;KELLY_LITE(mult=1.15 taper=1.00 n=6)+HARD_RISK_CAP(2.0%)+MAXLOSS_CAP;213065.32;213065.32;36;0
2026.08.14 02:45:37;XAUUSD;5;1786669198;SELL_STOP_TRAILED;Old=4318.73 New=4319.07;WAIT_TRIGGER;SAFE;1;1;0;119468053;119468051;0.00;-1.14;-1.14;0.00;0.00;KELLY_LITE;true;0.04;213065.32;0.0417;KELLY_LITE(mult=1.15 taper=1.00 n=6)+HARD_RISK_CAP(2.0%)+MAXLOSS_CAP;213065.32;213064.18;36;0
2026.08.14 02:45:37;XAUUSD;5;1786669198;OCO_TRIGGERED_BUY;ticket=119468053 entry=4322.18;POSITION_ACTIVE;SAFE;1;1;0;-1;119468051;0.00;-1.14;-1.14;0.00;0.00;KELLY_LITE;true;0.04;213065.32;0.0417;KELLY_LITE(mult=1.15 taper=1.00 n=6)+HARD_RISK_CAP(2.0%)+MAXLOSS_CAP;213065.32;213064.18;36;0
2026.08.14 02:45:38;XAUUSD;5;1786669198;PENDING_DELETED;ticket=119468051 reason=oco_buy_triggered;POSITION_ACTIVE;SAFE;1;0;0;-1;119468051;0.00;-1.95;-1.95;0.00;0.00;KELLY_LITE;true;0.04;213065.32;0.0417;KELLY_LITE(mult=1.15 taper=1.00 n=6)+HARD_RISK_CAP(2.0%)+MAXLOSS_CAP;213065.32;213063.37;36;0
2026.08.14 02:45:38;XAUUSD;5;1786669198;HEDGE_PENDING_PLACED;dir=SELL_STOP ticket=119468339 price=4318.53 sl=4321.53 lot=0.05 mainEntry=4322.18 dist=3.00 confirmBars=1;POSITION_ACTIVE;SAFE;1;1;1;-1;-1;4322.18;-1.23;-1.23;0.00;-1.95;KELLY_LITE;true;0.04;213065.32;0.0417;KELLY_LITE(mult=1.15 taper=1.00 n=6)+HARD_RISK_CAP(2.0%)+MAXLOSS_CAP;213065.32;213064.09;36;0
2026.08.14 02:47:30;XAUUSD;5;1786669198;SL_MODIFIED;ticket=119468339 oldSL=4321.53 newSL=4318.58 reason=hedge_giveback_lock (retry buf=3pt);MANAGE_PROFIT;SAFE;2;0;1;-1;-1;4322.18;-11.11;2.30;2.94;-12.81;KELLY_LITE;true;0.04;213065.32;0.0417;KELLY_LITE(mult=1.15 taper=1.00 n=6)+HARD_RISK_CAP(2.0%)+MAXLOSS_CAP;213065.32;213054.21;36;0
2026.08.14 02:47:30;XAUUSD;5;1786669198;SL_MODIFIED;ticket=119468339 oldSL=4318.58 newSL=4318.52 reason=hedge_giveback_lock;MANAGE_PROFIT;SAFE;2;0;1;-1;-1;4322.18;-10.35;4.20;2.94;-12.81;KELLY_LITE;true;0.04;213065.32;0.0417;KELLY_LITE(mult=1.15 taper=1.00 n=6)+HARD_RISK_CAP(2.0%)+MAXLOSS_CAP;213065.32;213054.97;36;0
2026.08.14 02:47:31;XAUUSD;5;1786669198;SL_MODIFIED;ticket=119468339 oldSL=4318.52 newSL=4318.44 reason=hedge_giveback_lock (retry buf=3pt);MANAGE_PROFIT;SAFE;2;0;1;-1;-1;4322.18;-10.47;3.90;2.94;-12.81;KELLY_LITE;true;0.04;213065.32;0.0417;KELLY_LITE(mult=1.15 taper=1.00 n=6)+HARD_RISK_CAP(2.0%)+MAXLOSS_CAP;213065.32;213054.85;36;0
2026.08.14 02:47:32;XAUUSD;5;1786669198;SL_MODIFY_FAILED;ticket=119468339 newSL=4318.27 reason=hedge_giveback_lock err=0;MANAGE_PROFIT;SAFE;2;0;1;-1;-1;4322.18;-10.91;2.80;2.94;-12.81;KELLY_LITE;true;0.04;213065.32;0.0417;KELLY_LITE(mult=1.15 taper=1.00 n=6)+HARD_RISK_CAP(2.0%)+MAXLOSS_CAP;213065.32;213054.41;36;0
2026.08.14 02:47:35;XAUUSD;5;1786669198;SL_MODIFIED;ticket=119468339 oldSL=4318.44 newSL=4318.40 reason=hedge_giveback_lock;MANAGE_PROFIT;SAFE;2;0;1;-1;-1;4322.18;-10.73;3.25;2.94;-12.81;KELLY_LITE;true;0.04;213065.32;0.0417;KELLY_LITE(mult=1.15 taper=1.00 n=6)+HARD_RISK_CAP(2.0%)+MAXLOSS_CAP;213065.32;213054.59;36;0
2026.08.14 02:47:43;XAUUSD;5;1786669198;POSITION_CLOSED;ticket=119468339 reason=hedge_reversal_giveback_cap lots=0.05 price=4318.19 pnl=1.70;MANAGE_PROFIT;SAFE;1;0;1;-1;-1;4322.18;-12.93;-12.93;2.94;-12.81;KELLY_LITE;true;0.04;213065.32;0.0417;KELLY_LITE(mult=1.15 taper=1.00 n=6)+HARD_RISK_CAP(2.0%)+MAXLOSS_CAP;213066.82;213053.89;36;0
2026.08.14 02:47:43;XAUUSD;5;1786669198;HEDGE_CLOSED_REVERSAL;profit=1.70 peak=4.20 giveback=2.50 cap=2.50 reason=giveback_cap ok=1;MANAGE_PROFIT;SAFE;1;0;1;-1;-1;4322.18;-12.93;-12.93;2.94;-12.81;KELLY_LITE;true;0.04;213065.32;0.0417;KELLY_LITE(mult=1.15 taper=1.00 n=6)+HARD_RISK_CAP(2.0%)+MAXLOSS_CAP;213066.82;213053.89;36;0
2026.08.14 02:53:37;XAUUSD;5;1786669198;EXIT_TIME_LOSS_CONFIRMED;held=8 profit=-12.93 rsi=35.0;MANAGE_PROFIT;SAFE;1;0;1;-1;-1;4322.18;-12.93;-12.93;2.94;-29.67;KELLY_LITE;true;0.04;213065.32;0.0417;KELLY_LITE(mult=1.15 taper=1.00 n=6)+HARD_RISK_CAP(2.0%)+MAXLOSS_CAP;213066.82;213053.89;36;0
2026.08.14 02:53:37;XAUUSD;5;1786669198;POSITION_CLOSED;ticket=119468053 reason=time_loss_exit_confirmed lots=0.03 price=4317.87 pnl=-12.93;MANAGE_PROFIT;SAFE;0;0;1;-1;-1;4322.18;0.00;0.00;2.94;-29.67;KELLY_LITE;true;0.04;213065.32;0.0417;KELLY_LITE(mult=1.15 taper=1.00 n=6)+HARD_RISK_CAP(2.0%)+MAXLOSS_CAP;213053.83;213053.83;36;0
2026.08.14 02:53:37;XAUUSD;5;1786669198;LOSS_COOLDOWN_AFTER_LOSS;cyclePnL=-11.49 pauseUntil=2026.08.14 02:58:37;RESET;SAFE;0;0;0;-1;-1;4322.18;0.00;0.00;2.94;-29.67;KELLY_LITE;true;0.04;213065.32;0.0417;KELLY_LITE(mult=1.15 taper=1.00 n=6)+HARD_RISK_CAP(2.0%)+MAXLOSS_CAP;213053.83;213053.83;36;0
2026.08.14 02:53:37;XAUUSD;5;1786669198;CYCLE_RESET;oldState=RESET realizedPnL=-11.49 peak=2.94 worst=-29.67 pyramid=0 consLosses=1;RESET;SAFE;0;0;0;-1;-1;4322.18;0.00;0.00;2.94;-29.67;KELLY_LITE;true;0.04;213065.32;0.0417;KELLY_LITE(mult=1.15 taper=1.00 n=6)+HARD_RISK_CAP(2.0%)+MAXLOSS_CAP;213053.83;213053.83;36;0
2026.08.14 02:58:37;XAUUSD;5;1786669199;PLACE_PENDING_START;cycle=1786669199 trend=-1 consecLosses=1 preset=AGGRESSIVE;PLACE_PENDING;SAFE;0;0;0;-1;-1;0.00;0.00;0.00;0.00;0.00;KELLY_LITE;true;0.04;213065.32;0.0417;KELLY_LITE(mult=1.15 taper=1.00 n=6)+HARD_RISK_CAP(2.0%)+MAXLOSS_CAP;213053.83;213053.83;36;0
2026.08.14 02:58:37;XAUUSD;5;1786669199;DIR_OCO_PLACED;dir=BEAR ticket=119472586 price=4316.20 sl=4331.20 tp=4293.70 lot=0.03 dist=2.75;PLACE_PENDING;SAFE;0;1;0;-1;119472586;0.00;0.00;0.00;0.00;0.00;KELLY_LITE;true;0.04;213053.83;0.0417;KELLY_LITE(mult=1.15 taper=1.00 n=7)+HARD_RISK_CAP(2.0%)+MAXLOSS_CAP;213053.83;213053.83;36;0
2026.08.14 02:58:38;XAUUSD;5;1786669199;DIR_OCO_COUNTER_PLACED;dir=BULL(counter) ticket=119472589 price=4322.08 lot=0.03;PLACE_PENDING;SAFE;0;2;0;119472589;119472586;0.00;0.00;0.00;0.00;0.00;KELLY_LITE;true;0.04;213053.83;0.0417;KELLY_LITE(mult=1.15 taper=1.00 n=7)+HARD_RISK_CAP(2.0%)+MAXLOSS_CAP;213053.83;213053.83;36;0
2026.08.14 02:58:47;XAUUSD;5;1786669199;SELL_STOP_TRAILED;Old=4316.20 New=4316.52;WAIT_TRIGGER;SAFE;0;2;0;119472589;119472586;0.00;0.00;0.00;0.00;0.00;KELLY_LITE;true;0.04;213053.83;0.0417;KELLY_LITE(mult=1.15 taper=1.00 n=7)+HARD_RISK_CAP(2.0%)+MAXLOSS_CAP;213053.83;213053.83;36;0
2026.08.14 02:58:49;XAUUSD;5;1786669199;SELL_STOP_TRAILED;Old=4316.52 New=4316.91;WAIT_TRIGGER;SAFE;0;2;0;119472589;119472586;0.00;0.00;0.00;0.00;0.00;KELLY_LITE;true;0.04;213053.83;0.0417;KELLY_LITE(mult=1.15 taper=1.00 n=7)+HARD_RISK_CAP(2.0%)+MAXLOSS_CAP;213053.83;213053.83;36;0
2026.08.14 02:58:52;XAUUSD;5;1786669199;SELL_STOP_TRAILED;Old=4316.91 New=4317.42;WAIT_TRIGGER;SAFE;0;2;0;119472589;119472586;0.00;0.00;0.00;0.00;0.00;KELLY_LITE;true;0.04;213053.83;0.0417;KELLY_LITE(mult=1.15 taper=1.00 n=7)+HARD_RISK_CAP(2.0%)+MAXLOSS_CAP;213053.83;213053.83;36;0
2026.08.14 02:58:55;XAUUSD;5;1786669199;SELL_STOP_TRAILED;Old=4317.42 New=4317.76;WAIT_TRIGGER;SAFE;0;2;0;119472589;119472586;0.00;0.00;0.00;0.00;0.00;KELLY_LITE;true;0.04;213053.83;0.0417;KELLY_LITE(mult=1.15 taper=1.00 n=7)+HARD_RISK_CAP(2.0%)+MAXLOSS_CAP;213053.83;213053.83;36;0
2026.08.14 02:59:00;XAUUSD;5;1786669199;SELL_STOP_TRAILED;Old=4317.76 New=4318.19;WAIT_TRIGGER;SAFE;0;2;0;119472589;119472586;0.00;0.00;0.00;0.00;0.00;KELLY_LITE;true;0.04;213053.83;0.0417;KELLY_LITE(mult=1.15 taper=1.00 n=7)+HARD_RISK_CAP(2.0%)+MAXLOSS_CAP;213053.83;213053.83;36;0
2026.08.14 02:59:44;XAUUSD;5;1786669199;BUY_STOP_TRAILED;Old=4322.08 New=4321.77;WAIT_TRIGGER;SAFE;0;2;0;119472589;119472586;0.00;0.00;0.00;0.00;0.00;KELLY_LITE;true;0.04;213053.83;0.0417;KELLY_LITE(mult=1.15 taper=1.00 n=7)+HARD_RISK_CAP(2.0%)+MAXLOSS_CAP;213053.83;213053.83;36;0
2026.08.14 02:59:54;XAUUSD;5;1786669199;BUY_STOP_TRAILED;Old=4321.77 New=4321.33;WAIT_TRIGGER;SAFE;0;2;0;119472589;119472586;0.00;0.00;0.00;0.00;0.00;KELLY_LITE;true;0.04;213053.83;0.0417;KELLY_LITE(mult=1.15 taper=1.00 n=7)+HARD_RISK_CAP(2.0%)+MAXLOSS_CAP;213053.83;213053.83;36;0
2026.08.14 02:59:55;XAUUSD;5;1786669199;OCO_TRIGGERED_SELL;ticket=119472586 entry=4318.19;POSITION_ACTIVE;SAFE;1;1;0;119472589;-1;0.00;-0.87;-0.87;0.00;0.00;KELLY_LITE;true;0.04;213053.83;0.0417;KELLY_LITE(mult=1.15 taper=1.00 n=7)+HARD_RISK_CAP(2.0%)+MAXLOSS_CAP;213053.83;213052.96;36;0
2026.08.14 02:59:56;XAUUSD;5;1786669199;PENDING_DELETED;ticket=119472589 reason=oco_sell_triggered;POSITION_ACTIVE;SAFE;1;0;0;119472589;-1;0.00;-0.90;-0.90;0.00;0.00;KELLY_LITE;true;0.04;213053.83;0.0417;KELLY_LITE(mult=1.15 taper=1.00 n=7)+HARD_RISK_CAP(2.0%)+MAXLOSS_CAP;213053.83;213052.93;36;0
2026.08.14 02:59:56;XAUUSD;5;1786669199;HEDGE_BLOCK_CONFIRM;need=1 adverse bars;POSITION_ACTIVE;SAFE;1;0;1;-1;-1;4318.19;-0.90;-0.90;0.00;-0.90;KELLY_LITE;true;0.04;213053.83;0.0417;KELLY_LITE(mult=1.15 taper=1.00 n=7)+HARD_RISK_CAP(2.0%)+MAXLOSS_CAP;213053.83;213052.93;36;0
2026.08.14 03:00:26;XAUUSD;5;1786669199;HEDGE_BLOCK_CONFIRM;need=1 adverse bars;MANAGE_PROFIT;SAFE;1;0;1;-1;-1;4318.19;-1.35;-1.35;0.63;-2.31;KELLY_LITE;true;0.04;213053.83;0.0417;KELLY_LITE(mult=1.15 taper=1.00 n=7)+HARD_RISK_CAP(2.0%)+MAXLOSS_CAP;213053.83;213052.48;36;0
2026.08.14 03:00:56;XAUUSD;5;1786669199;HEDGE_BLOCK_CONFIRM;need=1 adverse bars;MANAGE_PROFIT;SAFE;1;0;1;-1;-1;4318.19;-3.03;-3.03;2.07;-2.97;KELLY_LITE;true;0.04;213053.83;0.0417;KELLY_LITE(mult=1.15 taper=1.00 n=7)+HARD_RISK_CAP(2.0%)+MAXLOSS_CAP;213053.83;213050.80;36;0
2026.08.14 03:01:26;XAUUSD;5;1786669199;HEDGE_BLOCK_CONFIRM;need=1 adverse bars;MANAGE_PROFIT;SAFE;1;0;1;-1;-1;4318.19;-7.50;-7.50;2.07;-7.56;KELLY_LITE;true;0.04;213053.83;0.0417;KELLY_LITE(mult=1.15 taper=1.00 n=7)+HARD_RISK_CAP(2.0%)+MAXLOSS_CAP;213053.83;213046.33;36;0
2026.08.14 03:01:56;XAUUSD;5;1786669199;HEDGE_BLOCK_CONFIRM;need=1 adverse bars;MANAGE_PROFIT;SAFE;1;0;1;-1;-1;4318.19;-7.68;-7.68;2.07;-8.46;KELLY_LITE;true;0.04;213053.83;0.0417;KELLY_LITE(mult=1.15 taper=1.00 n=7)+HARD_RISK_CAP(2.0%)+MAXLOSS_CAP;213053.83;213046.15;36;0
2026.08.14 03:02:26;XAUUSD;5;1786669199;HEDGE_BLOCK_CONFIRM;need=1 adverse bars;MANAGE_PROFIT;SAFE;1;0;1;-1;-1;4318.19;-10.47;-10.47;2.07;-9.84;KELLY_LITE;true;0.04;213053.83;0.0417;KELLY_LITE(mult=1.15 taper=1.00 n=7)+HARD_RISK_CAP(2.0%)+MAXLOSS_CAP;213053.83;213043.36;36;0
2026.08.14 03:02:56;XAUUSD;5;1786669199;HEDGE_BLOCK_CONFIRM;need=1 adverse bars;MANAGE_PROFIT;SAFE;1;0;1;-1;-1;4318.19;-12.21;-12.21;2.07;-14.73;KELLY_LITE;true;0.04;213053.83;0.0417;KELLY_LITE(mult=1.15 taper=1.00 n=7)+HARD_RISK_CAP(2.0%)+MAXLOSS_CAP;213053.83;213041.62;36;0
2026.08.14 03:03:26;XAUUSD;5;1786669199;HEDGE_BLOCK_CONFIRM;need=1 adverse bars;MANAGE_PROFIT;SAFE;1;0;1;-1;-1;4318.19;-13.02;-13.02;2.07;-14.73;KELLY_LITE;true;0.04;213053.83;0.0417;KELLY_LITE(mult=1.15 taper=1.00 n=7)+HARD_RISK_CAP(2.0%)+MAXLOSS_CAP;213053.83;213040.81;36;0
2026.08.14 03:03:56;XAUUSD;5;1786669199;HEDGE_BLOCK_CONFIRM;need=1 adverse bars;MANAGE_PROFIT;SAFE;1;0;1;-1;-1;4318.19;-7.41;-7.41;2.07;-14.73;KELLY_LITE;true;0.04;213053.83;0.0417;KELLY_LITE(mult=1.15 taper=1.00 n=7)+HARD_RISK_CAP(2.0%)+MAXLOSS_CAP;213053.83;213046.42;36;0
2026.08.14 03:04:26;XAUUSD;5;1786669199;HEDGE_BLOCK_CONFIRM;need=1 adverse bars;MANAGE_PROFIT;SAFE;1;0;1;-1;-1;4318.19;-0.66;-0.66;2.07;-14.73;KELLY_LITE;true;0.04;213053.83;0.0417;KELLY_LITE(mult=1.15 taper=1.00 n=7)+HARD_RISK_CAP(2.0%)+MAXLOSS_CAP;213053.83;213053.17;36;0
2026.08.14 03:04:56;XAUUSD;5;1786669199;HEDGE_BLOCK_CONFIRM;need=1 adverse bars;MANAGE_PROFIT;SAFE;1;0;1;-1;-1;4318.19;2.25;2.25;6.42;-14.73;KELLY_LITE;true;0.04;213053.83;0.0417;KELLY_LITE(mult=1.15 taper=1.00 n=7)+HARD_RISK_CAP(2.0%)+MAXLOSS_CAP;213053.83;213056.08;36;0
2026.08.14 03:05:26;XAUUSD;5;1786669199;HEDGE_BLOCK_CONFIRM;need=1 adverse bars;MANAGE_PROFIT;SAFE;1;0;1;-1;-1;4318.19;4.47;4.47;6.42;-14.73;KELLY_LITE;true;0.04;213053.83;0.0417;KELLY_LITE(mult=1.15 taper=1.00 n=7)+HARD_RISK_CAP(2.0%)+MAXLOSS_CAP;213053.83;213058.30;36;0
2026.08.14 03:05:56;XAUUSD;5;1786669199;HEDGE_BLOCK_CONFIRM;need=1 adverse bars;MANAGE_PROFIT;SAFE;1;0;1;-1;-1;4318.19;2.46;2.46;6.42;-14.73;KELLY_LITE;true;0.04;213053.83;0.0417;KELLY_LITE(mult=1.15 taper=1.00 n=7)+HARD_RISK_CAP(2.0%)+MAXLOSS_CAP;213053.83;213056.29;33;0
2026.08.14 03:06:26;XAUUSD;5;1786669199;HEDGE_BLOCK_CONFIRM;need=1 adverse bars;MANAGE_PROFIT;SAFE;1;0;1;-1;-1;4318.19;-0.87;-0.87;6.42;-14.73;KELLY_LITE;true;0.04;213053.83;0.0417;KELLY_LITE(mult=1.15 taper=1.00 n=7)+HARD_RISK_CAP(2.0%)+MAXLOSS_CAP;213053.83;213052.96;36;0
2026.08.14 03:06:56;XAUUSD;5;1786669199;HEDGE_BLOCK_CONFIRM;need=1 adverse bars;MANAGE_PROFIT;SAFE;1;0;1;-1;-1;4318.19;-4.11;-4.11;6.42;-14.73;KELLY_LITE;true;0.04;213053.83;0.0417;KELLY_LITE(mult=1.15 taper=1.00 n=7)+HARD_RISK_CAP(2.0%)+MAXLOSS_CAP;213053.83;213049.72;36;0
2026.08.14 03:07:26;XAUUSD;5;1786669199;HEDGE_BLOCK_CONFIRM;need=1 adverse bars;MANAGE_PROFIT;SAFE;1;0;1;-1;-1;4318.19;-2.40;-2.40;6.42;-14.73;KELLY_LITE;true;0.04;213053.83;0.0417;KELLY_LITE(mult=1.15 taper=1.00 n=7)+HARD_RISK_CAP(2.0%)+MAXLOSS_CAP;213053.83;213051.43;36;0
2026.08.14 03:07:56;XAUUSD;5;1786669199;HEDGE_BLOCK_CONFIRM;need=1 adverse bars;MANAGE_PROFIT;SAFE;1;0;1;-1;-1;4318.19;-3.84;-3.84;6.42;-14.73;KELLY_LITE;true;0.04;213053.83;0.0417;KELLY_LITE(mult=1.15 taper=1.00 n=7)+HARD_RISK_CAP(2.0%)+MAXLOSS_CAP;213053.83;213049.99;36;0
2026.08.14 03:08:26;XAUUSD;5;1786669199;HEDGE_BLOCK_CONFIRM;need=1 adverse bars;MANAGE_PROFIT;SAFE;1;0;1;-1;-1;4318.19;1.53;1.53;6.42;-14.73;KELLY_LITE;true;0.04;213053.83;0.0417;KELLY_LITE(mult=1.15 taper=1.00 n=7)+HARD_RISK_CAP(2.0%)+MAXLOSS_CAP;213053.83;213055.36;36;0
2026.08.14 03:08:56;XAUUSD;5;1786669199;HEDGE_BLOCK_CONFIRM;need=1 adverse bars;MANAGE_PROFIT;SAFE;1;0;1;-1;-1;4318.19;-0.84;-0.84;6.42;-14.73;KELLY_LITE;true;0.04;213053.83;0.0417;KELLY_LITE(mult=1.15 taper=1.00 n=7)+HARD_RISK_CAP(2.0%)+MAXLOSS_CAP;213053.83;213052.99;36;0
2026.08.14 03:09:26;XAUUSD;5;1786669199;HEDGE_BLOCK_CONFIRM;need=1 adverse bars;MANAGE_PROFIT;SAFE;1;0;1;-1;-1;4318.19;0.93;0.93;6.42;-14.73;KELLY_LITE;true;0.04;213053.83;0.0417;KELLY_LITE(mult=1.15 taper=1.00 n=7)+HARD_RISK_CAP(2.0%)+MAXLOSS_CAP;213053.83;213054.76;36;0
2026.08.14 03:09:56;XAUUSD;5;1786669199;HEDGE_BLOCK_CONFIRM;need=1 adverse bars;MANAGE_PROFIT;SAFE;1;0;1;-1;-1;4318.19;0.30;0.30;6.42;-14.73;KELLY_LITE;true;0.04;213053.83;0.0417;KELLY_LITE(mult=1.15 taper=1.00 n=7)+HARD_RISK_CAP(2.0%)+MAXLOSS_CAP;213053.83;213054.13;37;0
2026.08.14 03:10:26;XAUUSD;5;1786669199;HEDGE_BLOCK_CONFIRM;need=1 adverse bars;MANAGE_PROFIT;SAFE;1;0;1;-1;-1;4318.19;3.54;3.54;6.42;-14.73;KELLY_LITE;true;0.04;213053.83;0.0417;KELLY_LITE(mult=1.15 taper=1.00 n=7)+HARD_RISK_CAP(2.0%)+MAXLOSS_CAP;213053.83;213057.37;36;0
2026.08.14 03:10:55;XAUUSD;5;1786669199;SL_MODIFIED;ticket=119472586 oldSL=4330.19 newSL=4315.99 reason=break_even_lock_leg_0;MANAGE_PROFIT;SAFE;1;0;1;-1;-1;4318.19;8.31;8.31;8.16;-14.73;KELLY_LITE;true;0.04;213053.83;0.0417;KELLY_LITE(mult=1.15 taper=1.00 n=7)+HARD_RISK_CAP(2.0%)+MAXLOSS_CAP;213053.83;213062.14;36;0
2026.08.14 03:10:55;XAUUSD;5;1786669199;PROFIT_RATCHET_LOCKED;floor=2.75 peak=8.16;MANAGE_PROFIT;SAFE;1;0;1;-1;-1;4318.19;8.31;8.31;8.16;-14.73;KELLY_LITE;true;0.04;213053.83;0.0417;KELLY_LITE(mult=1.15 taper=1.00 n=7)+HARD_RISK_CAP(2.0%)+MAXLOSS_CAP;213053.83;213062.14;36;0
2026.08.14 03:10:56;XAUUSD;5;1786669199;SL_MODIFY_FAILED;ticket=119472586 newSL=4315.94 reason=break_even_lock_leg_0 err=0;MANAGE_PROFIT;SAFE;1;0;1;-1;-1;4318.19;8.19;8.19;8.31;-14.73;KELLY_LITE;true;0.04;213053.83;0.0417;KELLY_LITE(mult=1.15 taper=1.00 n=7)+HARD_RISK_CAP(2.0%)+MAXLOSS_CAP;213053.83;213062.02;36;0
2026.08.14 03:10:56;XAUUSD;5;1786669199;PROFIT_RATCHET_LOCKED;floor=2.80 peak=8.31;MANAGE_PROFIT;SAFE;1;0;1;-1;-1;4318.19;8.19;8.19;8.31;-14.73;KELLY_LITE;true;0.04;213053.83;0.0417;KELLY_LITE(mult=1.15 taper=1.00 n=7)+HARD_RISK_CAP(2.0%)+MAXLOSS_CAP;213053.83;213062.02;36;0
2026.08.14 03:10:56;XAUUSD;5;1786669199;HEDGE_BLOCK_CONFIRM;need=1 adverse bars;MANAGE_PROFIT;SAFE;1;0;1;-1;-1;4318.19;8.19;8.19;8.31;-14.73;KELLY_LITE;true;0.04;213053.83;0.0417;KELLY_LITE(mult=1.15 taper=1.00 n=7)+HARD_RISK_CAP(2.0%)+MAXLOSS_CAP;213053.83;213062.02;36;0
2026.08.14 03:10:56;XAUUSD;5;1786669199;PROFIT_RATCHET_LOCKED;floor=2.80 peak=8.31;MANAGE_PROFIT;SAFE;1;0;1;-1;-1;4318.19;8.19;8.19;8.31;-14.73;KELLY_LITE;true;0.04;213053.83;0.0417;KELLY_LITE(mult=1.15 taper=1.00 n=7)+HARD_RISK_CAP(2.0%)+MAXLOSS_CAP;213053.83;213062.02;36;0
2026.08.14 03:10:56;XAUUSD;5;1786669199;PROFIT_RATCHET_LOCKED;floor=2.80 peak=8.31;MANAGE_PROFIT;SAFE;1;0;1;-1;-1;4318.19;8.07;8.07;8.31;-14.73;KELLY_LITE;true;0.04;213053.83;0.0417;KELLY_LITE(mult=1.15 taper=1.00 n=7)+HARD_RISK_CAP(2.0%)+MAXLOSS_CAP;213053.83;213061.90;36;0
2026.08.14 03:10:57;XAUUSD;5;1786669199;PROFIT_RATCHET_LOCKED;floor=2.80 peak=8.31;MANAGE_PROFIT;SAFE;1;0;1;-1;-1;4318.19;7.71;7.71;8.31;-14.73;KELLY_LITE;true;0.04;213053.83;0.0417;KELLY_LITE(mult=1.15 taper=1.00 n=7)+HARD_RISK_CAP(2.0%)+MAXLOSS_CAP;213053.83;213061.54;36;0
2026.08.14 03:10:57;XAUUSD;5;1786669199;PROFIT_RATCHET_LOCKED;floor=2.80 peak=8.31;MANAGE_PROFIT;SAFE;1;0;1;-1;-1;4318.19;7.71;7.71;8.31;-14.73;KELLY_LITE;true;0.04;213053.83;0.0417;KELLY_LITE(mult=1.15 taper=1.00 n=7)+HARD_RISK_CAP(2.0%)+MAXLOSS_CAP;213053.83;213061.54;36;0
2026.08.14 03:10:57;XAUUSD;5;1786669199;PROFIT_RATCHET_LOCKED;floor=2.80 peak=8.31;MANAGE_PROFIT;SAFE;1;0;1;-1;-1;4318.19;7.89;7.89;8.31;-14.73;KELLY_LITE;true;0.04;213053.83;0.0417;KELLY_LITE(mult=1.15 taper=1.00 n=7)+HARD_RISK_CAP(2.0%)+MAXLOSS_CAP;213053.83;213061.72;36;0
2026.08.14 03:10:57;XAUUSD;5;1786669199;PROFIT_RATCHET_LOCKED;floor=2.80 peak=8.31;MANAGE_PROFIT;SAFE;1;0;1;-1;-1;4318.19;7.56;7.56;8.31;-14.73;KELLY_LITE;true;0.04;213053.83;0.0417;KELLY_LITE(mult=1.15 taper=1.00 n=7)+HARD_RISK_CAP(2.0%)+MAXLOSS_CAP;213053.83;213061.39;36;0
2026.08.14 03:10:58;XAUUSD;5;1786669199;PROFIT_RATCHET_LOCKED;floor=2.80 peak=8.31;MANAGE_PROFIT;SAFE;1;0;1;-1;-1;4318.19;7.53;7.53;8.31;-14.73;KELLY_LITE;true;0.04;213053.83;0.0417;KELLY_LITE(mult=1.15 taper=1.00 n=7)+HARD_RISK_CAP(2.0%)+MAXLOSS_CAP;213053.83;213061.36;36;0
2026.08.14 03:10:58;XAUUSD;5;1786669199;PROFIT_RATCHET_LOCKED;floor=2.80 peak=8.31;MANAGE_PROFIT;SAFE;1;0;1;-1;-1;4318.19;7.56;7.56;8.31;-14.73;KELLY_LITE;true;0.04;213053.83;0.0417;KELLY_LITE(mult=1.15 taper=1.00 n=7)+HARD_RISK_CAP(2.0%)+MAXLOSS_CAP;213053.83;213061.39;36;0
2026.08.14 03:10:58;XAUUSD;5;1786669199;PROFIT_RATCHET_LOCKED;floor=2.80 peak=8.31;MANAGE_PROFIT;SAFE;1;0;1;-1;-1;4318.19;7.59;7.59;8.31;-14.73;KELLY_LITE;true;0.04;213053.83;0.0417;KELLY_LITE(mult=1.15 taper=1.00 n=7)+HARD_RISK_CAP(2.0%)+MAXLOSS_CAP;213053.83;213061.42;36;0
2026.08.14 03:10:59;XAUUSD;5;1786669199;PROFIT_RATCHET_LOCKED;floor=2.80 peak=8.31;MANAGE_PROFIT;SAFE;1;0;1;-1;-1;4318.19;7.62;7.62;8.31;-14.73;KELLY_LITE;true;0.04;213053.83;0.0417;KELLY_LITE(mult=1.15 taper=1.00 n=7)+HARD_RISK_CAP(2.0%)+MAXLOSS_CAP;213053.83;213061.45;36;0
2026.08.14 03:10:59;XAUUSD;5;1786669199;PROFIT_RATCHET_LOCKED;floor=2.80 peak=8.31;MANAGE_PROFIT;SAFE;1;0;1;-1;-1;4318.19;7.50;7.50;8.31;-14.73;KELLY_LITE;true;0.04;213053.83;0.0417;KELLY_LITE(mult=1.15 taper=1.00 n=7)+HARD_RISK_CAP(2.0%)+MAXLOSS_CAP;213053.83;213061.33;36;0
2026.08.14 03:10:59;XAUUSD;5;1786669199;PROFIT_RATCHET_LOCKED;floor=2.80 peak=8.31;MANAGE_PROFIT;SAFE;1;0;1;-1;-1;4318.19;7.41;7.41;8.31;-14.73;KELLY_LITE;true;0.04;213053.83;0.0417;KELLY_LITE(mult=1.15 taper=1.00 n=7)+HARD_RISK_CAP(2.0%)+MAXLOSS_CAP;213053.83;213061.24;36;0
2026.08.14 03:10:59;XAUUSD;5;1786669199;PROFIT_RATCHET_LOCKED;floor=2.80 peak=8.31;MANAGE_PROFIT;SAFE;1;0;1;-1;-1;4318.19;8.04;8.04;8.31;-14.73;KELLY_LITE;true;0.04;213053.83;0.0417;KELLY_LITE(mult=1.15 taper=1.00 n=7)+HARD_RISK_CAP(2.0%)+MAXLOSS_CAP;213053.83;213061.87;33;0
2026.08.14 03:11:00;XAUUSD;5;1786669199;PROFIT_RATCHET_LOCKED;floor=2.80 peak=8.31;MANAGE_PROFIT;SAFE;1;0;1;-1;-1;4318.19;8.10;8.10;8.31;-14.73;KELLY_LITE;true;0.04;213053.83;0.0417;KELLY_LITE(mult=1.15 taper=1.00 n=7)+HARD_RISK_CAP(2.0%)+MAXLOSS_CAP;213053.83;213061.93;36;0
2026.08.14 03:11:00;XAUUSD;5;1786669199;SL_MODIFIED;ticket=119472586 oldSL=4315.99 newSL=4315.95 reason=break_even_lock_leg_0;MANAGE_PROFIT;SAFE;1;0;1;-1;-1;4318.19;8.34;8.34;8.31;-14.73;KELLY_LITE;true;0.04;213053.83;0.0417;KELLY_LITE(mult=1.15 taper=1.00 n=7)+HARD_RISK_CAP(2.0%)+MAXLOSS_CAP;213053.83;213062.17;36;0
2026.08.14 03:11:00;XAUUSD;5;1786669199;PROFIT_RATCHET_LOCKED;floor=2.80 peak=8.31;MANAGE_PROFIT;SAFE;1;0;1;-1;-1;4318.19;8.34;8.34;8.31;-14.73;KELLY_LITE;true;0.04;213053.83;0.0417;KELLY_LITE(mult=1.15 taper=1.00 n=7)+HARD_RISK_CAP(2.0%)+MAXLOSS_CAP;213053.83;213062.17;36;0
2026.08.14 03:11:00;XAUUSD;5;1786669199;PROFIT_RATCHET_LOCKED;floor=2.81 peak=8.34;MANAGE_PROFIT;SAFE;1;0;1;-1;-1;4318.19;8.34;8.34;8.34;-14.73;KELLY_LITE;true;0.04;213053.83;0.0417;KELLY_LITE(mult=1.15 taper=1.00 n=7)+HARD_RISK_CAP(2.0%)+MAXLOSS_CAP;213053.83;213062.17;36;0
2026.08.14 03:11:01;XAUUSD;5;1786669199;PROFIT_RATCHET_LOCKED;floor=2.83 peak=8.40;MANAGE_PROFIT;SAFE;1;0;1;-1;-1;4318.19;8.19;8.19;8.40;-14.73;KELLY_LITE;true;0.04;213053.83;0.0417;KELLY_LITE(mult=1.15 taper=1.00 n=7)+HARD_RISK_CAP(2.0%)+MAXLOSS_CAP;213053.83;213062.02;36;0
2026.08.14 03:11:01;XAUUSD;5;1786669199;PROFIT_RATCHET_LOCKED;floor=2.83 peak=8.40;MANAGE_PROFIT;SAFE;1;0;1;-1;-1;4318.19;8.19;8.19;8.40;-14.73;KELLY_LITE;true;0.04;213053.83;0.0417;KELLY_LITE(mult=1.15 taper=1.00 n=7)+HARD_RISK_CAP(2.0%)+MAXLOSS_CAP;213053.83;213062.02;36;0
2026.08.14 03:11:02;XAUUSD;5;1786669199;PROFIT_RATCHET_LOCKED;floor=2.95 peak=8.73;MANAGE_PROFIT;SAFE;1;0;1;-1;-1;4318.19;8.31;8.31;8.73;-14.73;KELLY_LITE;true;0.04;213053.83;0.0417;KELLY_LITE(mult=1.15 taper=1.00 n=7)+HARD_RISK_CAP(2.0%)+MAXLOSS_CAP;213053.83;213062.14;36;0
2026.08.14 03:11:02;XAUUSD;5;1786669199;PROFIT_RATCHET_LOCKED;floor=2.95 peak=8.73;MANAGE_PROFIT;SAFE;1;0;1;-1;-1;4318.19;8.31;8.31;8.73;-14.73;KELLY_LITE;true;0.04;213053.83;0.0417;KELLY_LITE(mult=1.15 taper=1.00 n=7)+HARD_RISK_CAP(2.0%)+MAXLOSS_CAP;213053.83;213062.14;36;0
2026.08.14 03:11:03;XAUUSD;5;1786669199;SL_MODIFIED;ticket=119472586 oldSL=4315.95 newSL=4315.89 reason=break_even_lock_leg_0;MANAGE_PROFIT;SAFE;1;0;1;-1;-1;4318.19;8.97;8.97;8.73;-14.73;KELLY_LITE;true;0.04;213053.83;0.0417;KELLY_LITE(mult=1.15 taper=1.00 n=7)+HARD_RISK_CAP(2.0%)+MAXLOSS_CAP;213053.83;213062.80;36;0
2026.08.14 03:11:03;XAUUSD;5;1786669199;PROFIT_RATCHET_LOCKED;floor=2.95 peak=8.73;MANAGE_PROFIT;SAFE;1;0;1;-1;-1;4318.19;8.97;8.97;8.73;-14.73;KELLY_LITE;true;0.04;213053.83;0.0417;KELLY_LITE(mult=1.15 taper=1.00 n=7)+HARD_RISK_CAP(2.0%)+MAXLOSS_CAP;213053.83;213062.80;36;0
2026.08.14 03:11:03;XAUUSD;5;1786669199;SL_MODIFIED;ticket=119472586 oldSL=4315.89 newSL=4315.72 reason=break_even_lock_leg_0;MANAGE_PROFIT;SAFE;1;0;1;-1;-1;4318.19;9.36;8.97;8.97;-14.73;KELLY_LITE;true;0.04;213053.83;0.0417;KELLY_LITE(mult=1.15 taper=1.00 n=7)+HARD_RISK_CAP(2.0%)+MAXLOSS_CAP;213053.83;213063.19;36;0
2026.08.14 03:11:03;XAUUSD;5;1786669199;PROFIT_RATCHET_LOCKED;floor=3.03 peak=8.97;MANAGE_PROFIT;SAFE;1;0;1;-1;-1;4318.19;9.36;8.97;8.97;-14.73;KELLY_LITE;true;0.04;213053.83;0.0417;KELLY_LITE(mult=1.15 taper=1.00 n=7)+HARD_RISK_CAP(2.0%)+MAXLOSS_CAP;213053.83;213063.19;36;0
2026.08.14 03:11:04;XAUUSD;5;1786669199;SL_MODIFIED;ticket=119472586 oldSL=4315.72 newSL=4315.59 reason=break_even_lock_leg_0;MANAGE_PROFIT;SAFE;1;0;1;-1;-1;4318.19;9.33;9.33;9.36;-14.73;KELLY_LITE;true;0.04;213053.83;0.0417;KELLY_LITE(mult=1.15 taper=1.00 n=7)+HARD_RISK_CAP(2.0%)+MAXLOSS_CAP;213053.83;213063.16;36;0
2026.08.14 03:11:04;XAUUSD;5;1786669199;PROFIT_RATCHET_LOCKED;floor=3.16 peak=9.36;MANAGE_PROFIT;SAFE;1;0;1;-1;-1;4318.19;9.33;9.33;9.36;-14.73;KELLY_LITE;true;0.04;213053.83;0.0417;KELLY_LITE(mult=1.15 taper=1.00 n=7)+HARD_RISK_CAP(2.0%)+MAXLOSS_CAP;213053.83;213063.16;36;0
2026.08.14 03:11:04;XAUUSD;5;1786669199;PROFIT_RATCHET_LOCKED;floor=3.16 peak=9.36;MANAGE_PROFIT;SAFE;1;0;1;-1;-1;4318.19;9.33;9.33;9.36;-14.73;KELLY_LITE;true;0.04;213053.83;0.0417;KELLY_LITE(mult=1.15 taper=1.00 n=7)+HARD_RISK_CAP(2.0%)+MAXLOSS_CAP;213053.83;213063.16;36;0
2026.08.14 03:11:04;XAUUSD;5;1786669199;PROFIT_RATCHET_LOCKED;floor=3.16 peak=9.36;MANAGE_PROFIT;SAFE;1;0;1;-1;-1;4318.19;9.27;9.27;9.36;-14.73;KELLY_LITE;true;0.04;213053.83;0.0417;KELLY_LITE(mult=1.15 taper=1.00 n=7)+HARD_RISK_CAP(2.0%)+MAXLOSS_CAP;213053.83;213063.10;36;0
2026.08.14 03:11:05;XAUUSD;5;1786669199;PROFIT_RATCHET_LOCKED;floor=3.16 peak=9.36;MANAGE_PROFIT;SAFE;1;0;1;-1;-1;4318.19;9.33;9.33;9.36;-14.73;KELLY_LITE;true;0.04;213053.83;0.0417;KELLY_LITE(mult=1.15 taper=1.00 n=7)+HARD_RISK_CAP(2.0%)+MAXLOSS_CAP;213053.83;213063.16;36;0
2026.08.14 03:11:06;XAUUSD;5;1786669199;PROFIT_RATCHET_LOCKED;floor=3.16 peak=9.36;MANAGE_PROFIT;SAFE;1;0;1;-1;-1;4318.19;9.30;9.30;9.36;-14.73;KELLY_LITE;true;0.04;213053.83;0.0417;KELLY_LITE(mult=1.15 taper=1.00 n=7)+HARD_RISK_CAP(2.0%)+MAXLOSS_CAP;213053.83;213063.13;36;0
2026.08.14 03:11:06;XAUUSD;5;1786669199;PROFIT_RATCHET_LOCKED;floor=3.16 peak=9.36;MANAGE_PROFIT;SAFE;1;0;1;-1;-1;4318.19;9.33;9.33;9.36;-14.73;KELLY_LITE;true;0.04;213053.83;0.0417;KELLY_LITE(mult=1.15 taper=1.00 n=7)+HARD_RISK_CAP(2.0%)+MAXLOSS_CAP;213053.83;213063.16;35;0
2026.08.14 03:11:06;XAUUSD;5;1786669199;PROFIT_RATCHET_LOCKED;floor=3.16 peak=9.36;MANAGE_PROFIT;SAFE;1;0;1;-1;-1;4318.19;9.33;9.33;9.36;-14.73;KELLY_LITE;true;0.04;213053.83;0.0417;KELLY_LITE(mult=1.15 taper=1.00 n=7)+HARD_RISK_CAP(2.0%)+MAXLOSS_CAP;213053.83;213063.16;36;0
2026.08.14 03:11:07;XAUUSD;5;1786669199;PROFIT_RATCHET_LOCKED;floor=3.17 peak=9.39;MANAGE_PROFIT;SAFE;1;0;1;-1;-1;4318.19;9.39;9.39;9.39;-14.73;KELLY_LITE;true;0.04;213053.83;0.0417;KELLY_LITE(mult=1.15 taper=1.00 n=7)+HARD_RISK_CAP(2.0%)+MAXLOSS_CAP;213053.83;213063.22;36;0
2026.08.14 03:11:07;XAUUSD;5;1786669199;PROFIT_RATCHET_LOCKED;floor=3.17 peak=9.39;MANAGE_PROFIT;SAFE;1;0;1;-1;-1;4318.19;9.36;9.36;9.39;-14.73;KELLY_LITE;true;0.04;213053.83;0.0417;KELLY_LITE(mult=1.15 taper=1.00 n=7)+HARD_RISK_CAP(2.0%)+MAXLOSS_CAP;213053.83;213063.19;36;0
2026.08.14 03:11:08;XAUUSD;5;1786669199;PROFIT_RATCHET_LOCKED;floor=3.17 peak=9.39;MANAGE_PROFIT;SAFE;1;0;1;-1;-1;4318.19;9.33;9.33;9.39;-14.73;KELLY_LITE;true;0.04;213053.83;0.0417;KELLY_LITE(mult=1.15 taper=1.00 n=7)+HARD_RISK_CAP(2.0%)+MAXLOSS_CAP;213053.83;213063.16;36;0
2026.08.14 03:11:08;XAUUSD;5;1786669199;PROFIT_RATCHET_LOCKED;floor=3.17 peak=9.39;MANAGE_PROFIT;SAFE;1;0;1;-1;-1;4318.19;9.27;9.27;9.39;-14.73;KELLY_LITE;true;0.04;213053.83;0.0417;KELLY_LITE(mult=1.15 taper=1.00 n=7)+HARD_RISK_CAP(2.0%)+MAXLOSS_CAP;213053.83;213063.10;36;0
2026.08.14 03:11:09;XAUUSD;5;1786669199;PROFIT_RATCHET_LOCKED;floor=3.17 peak=9.39;MANAGE_PROFIT;SAFE;1;0;1;-1;-1;4318.19;9.24;9.24;9.39;-14.73;KELLY_LITE;true;0.04;213053.83;0.0417;KELLY_LITE(mult=1.15 taper=1.00 n=7)+HARD_RISK_CAP(2.0%)+MAXLOSS_CAP;213053.83;213063.07;36;0
2026.08.14 03:11:09;XAUUSD;5;1786669199;PROFIT_RATCHET_LOCKED;floor=3.17 peak=9.39;MANAGE_PROFIT;SAFE;1;0;1;-1;-1;4318.19;9.27;9.27;9.39;-14.73;KELLY_LITE;true;0.04;213053.83;0.0417;KELLY_LITE(mult=1.15 taper=1.00 n=7)+HARD_RISK_CAP(2.0%)+MAXLOSS_CAP;213053.83;213063.10;35;0
2026.08.14 03:11:10;XAUUSD;5;1786669199;PROFIT_RATCHET_LOCKED;floor=3.17 peak=9.39;MANAGE_PROFIT;SAFE;1;0;1;-1;-1;4318.19;9.27;9.27;9.39;-14.73;KELLY_LITE;true;0.04;213053.83;0.0417;KELLY_LITE(mult=1.15 taper=1.00 n=7)+HARD_RISK_CAP(2.0%)+MAXLOSS_CAP;213053.83;213063.10;36;0
2026.08.14 03:11:10;XAUUSD;5;1786669199;PROFIT_RATCHET_LOCKED;floor=3.17 peak=9.39;MANAGE_PROFIT;SAFE;1;0;1;-1;-1;4318.19;9.30;9.30;9.39;-14.73;KELLY_LITE;true;0.04;213053.83;0.0417;KELLY_LITE(mult=1.15 taper=1.00 n=7)+HARD_RISK_CAP(2.0%)+MAXLOSS_CAP;213053.83;213063.13;36;0
2026.08.14 03:11:11;XAUUSD;5;1786669199;PROFIT_RATCHET_LOCKED;floor=3.17 peak=9.39;MANAGE_PROFIT;SAFE;1;0;1;-1;-1;4318.19;9.33;9.33;9.39;-14.73;KELLY_LITE;true;0.04;213053.83;0.0417;KELLY_LITE(mult=1.15 taper=1.00 n=7)+HARD_RISK_CAP(2.0%)+MAXLOSS_CAP;213053.83;213063.16;36;0
2026.08.14 03:11:13;XAUUSD;5;1786669199;SL_MODIFIED;ticket=119472586 oldSL=4315.59 newSL=4315.57 reason=break_even_lock_leg_0 (retry buf=3pt);MANAGE_PROFIT;SAFE;1;0;1;-1;-1;4318.19;9.54;9.54;9.66;-14.73;KELLY_LITE;true;0.04;213053.83;0.0417;KELLY_LITE(mult=1.15 taper=1.00 n=7)+HARD_RISK_CAP(2.0%)+MAXLOSS_CAP;213053.83;213063.37;36;0
2026.08.14 03:11:13;XAUUSD;5;1786669199;PROFIT_RATCHET_LOCKED;floor=3.26 peak=9.66;MANAGE_PROFIT;SAFE;1;0;1;-1;-1;4318.19;9.54;9.54;9.66;-14.73;KELLY_LITE;true;0.04;213053.83;0.0417;KELLY_LITE(mult=1.15 taper=1.00 n=7)+HARD_RISK_CAP(2.0%)+MAXLOSS_CAP;213053.83;213063.37;36;0
2026.08.14 03:11:13;XAUUSD;5;1786669199;SL_MODIFY_FAILED;ticket=119472586 newSL=4315.53 reason=break_even_lock_leg_0 err=0;MANAGE_PROFIT;SAFE;1;0;1;-1;-1;4318.19;9.39;9.39;9.66;-14.73;KELLY_LITE;true;0.04;213053.83;0.0417;KELLY_LITE(mult=1.15 taper=1.00 n=7)+HARD_RISK_CAP(2.0%)+MAXLOSS_CAP;213053.83;213063.22;36;0
2026.08.14 03:11:13;XAUUSD;5;1786669199;PROFIT_RATCHET_LOCKED;floor=3.26 peak=9.66;MANAGE_PROFIT;SAFE;1;0;1;-1;-1;4318.19;9.39;9.39;9.66;-14.73;KELLY_LITE;true;0.04;213053.83;0.0417;KELLY_LITE(mult=1.15 taper=1.00 n=7)+HARD_RISK_CAP(2.0%)+MAXLOSS_CAP;213053.83;213063.22;36;0
2026.08.14 03:11:13;XAUUSD;5;1786669199;PROFIT_RATCHET_LOCKED;floor=3.26 peak=9.66;MANAGE_PROFIT;SAFE;1;0;1;-1;-1;4318.19;9.39;9.39;9.66;-14.73;KELLY_LITE;true;0.04;213053.83;0.0417;KELLY_LITE(mult=1.15 taper=1.00 n=7)+HARD_RISK_CAP(2.0%)+MAXLOSS_CAP;213053.83;213063.22;36;0
2026.08.14 03:11:15;XAUUSD;5;1786669199;PROFIT_RATCHET_LOCKED;floor=3.61 peak=10.71;MANAGE_PROFIT;SAFE;1;0;1;-1;-1;4318.19;8.67;8.67;10.71;-14.73;KELLY_LITE;true;0.04;213053.83;0.0417;KELLY_LITE(mult=1.15 taper=1.00 n=7)+HARD_RISK_CAP(2.0%)+MAXLOSS_CAP;213053.83;213062.50;36;0
2026.08.14 03:11:15;XAUUSD;5;1786669199;EXIT_TIERED_TRAIL;profit=8.67 peak=10.71 allowedRetrace=1.29;MANAGE_PROFIT;SAFE;1;0;1;-1;-1;4318.19;8.67;8.67;10.71;-14.73;KELLY_LITE;true;0.04;213053.83;0.0417;KELLY_LITE(mult=1.15 taper=1.00 n=7)+HARD_RISK_CAP(2.0%)+MAXLOSS_CAP;213053.83;213062.50;36;0
2026.08.14 03:11:15;XAUUSD;5;1786669199;POSITION_CLOSED;ticket=119472586 reason=tiered_profit_trail lots=0.03 price=4315.30 pnl=8.67;MANAGE_PROFIT;SAFE;0;0;1;-1;-1;4318.19;0.00;0.00;10.71;-14.73;KELLY_LITE;true;0.04;213053.83;0.0417;KELLY_LITE(mult=1.15 taper=1.00 n=7)+HARD_RISK_CAP(2.0%)+MAXLOSS_CAP;213063.49;213063.49;36;0
2026.08.14 03:11:15;XAUUSD;5;1786669199;CYCLE_RESET;oldState=RESET realizedPnL=9.66 peak=10.71 worst=-14.73 pyramid=0 consLosses=0;RESET;SAFE;0;0;0;-1;-1;4318.19;0.00;0.00;10.71;-14.73;KELLY_LITE;true;0.04;213053.83;0.0417;KELLY_LITE(mult=1.15 taper=1.00 n=7)+HARD_RISK_CAP(2.0%)+MAXLOSS_CAP;213063.49;213063.49;36;0
2026.08.14 03:16:15;XAUUSD;5;1786669200;PLACE_PENDING_START;cycle=1786669200 trend=-1 consecLosses=0 preset=AGGRESSIVE;PLACE_PENDING;SAFE;0;0;0;-1;-1;0.00;0.00;0.00;0.00;0.00;KELLY_LITE;true;0.04;213053.83;0.0417;KELLY_LITE(mult=1.15 taper=1.00 n=7)+HARD_RISK_CAP(2.0%)+MAXLOSS_CAP;213063.49;213063.49;36;0
2026.08.14 03:16:15;XAUUSD;5;1786669200;DIR_OCO_PLACED;dir=BEAR ticket=119477822 price=4310.52 sl=4325.52 tp=4288.02 lot=0.03 dist=2.53;PLACE_PENDING;SAFE;0;1;0;-1;119477822;0.00;0.00;0.00;0.00;0.00;KELLY_LITE;true;0.04;213063.49;0.0417;KELLY_LITE(mult=1.20 taper=1.00 n=8)+HARD_RISK_CAP(2.0%)+MAXLOSS_CAP;213063.49;213063.49;36;0
2026.08.14 03:16:16;XAUUSD;5;1786669200;DIR_OCO_COUNTER_PLACED;dir=BULL(counter) ticket=119477827 price=4316.23 lot=0.03;PLACE_PENDING;SAFE;0;2;0;119477827;119477822;0.00;0.00;0.00;0.00;0.00;KELLY_LITE;true;0.04;213063.49;0.0417;KELLY_LITE(mult=1.20 taper=1.00 n=8)+HARD_RISK_CAP(2.0%)+MAXLOSS_CAP;213063.49;213063.49;36;0
2026.08.14 03:16:25;XAUUSD;5;1786669200;SELL_STOP_TRAILED;Old=4310.52 New=4310.83;WAIT_TRIGGER;SAFE;0;2;0;119477827;119477822;0.00;0.00;0.00;0.00;0.00;KELLY_LITE;true;0.04;213063.49;0.0417;KELLY_LITE(mult=1.20 taper=1.00 n=8)+HARD_RISK_CAP(2.0%)+MAXLOSS_CAP;213063.49;213063.49;36;0
2026.08.14 03:16:27;XAUUSD;5;1786669200;SELL_STOP_TRAILED;Old=4310.83 New=4311.20;WAIT_TRIGGER;SAFE;0;2;0;119477827;119477822;0.00;0.00;0.00;0.00;0.00;KELLY_LITE;true;0.04;213063.49;0.0417;KELLY_LITE(mult=1.20 taper=1.00 n=8)+HARD_RISK_CAP(2.0%)+MAXLOSS_CAP;213063.49;213063.49;36;0
2026.08.14 03:16:28;XAUUSD;5;1786669200;SELL_STOP_TRAILED;Old=4311.20 New=4311.51;WAIT_TRIGGER;SAFE;0;2;0;119477827;119477822;0.00;0.00;0.00;0.00;0.00;KELLY_LITE;true;0.04;213063.49;0.0417;KELLY_LITE(mult=1.20 taper=1.00 n=8)+HARD_RISK_CAP(2.0%)+MAXLOSS_CAP;213063.49;213063.49;36;0
2026.08.14 03:16:45;XAUUSD;5;1786669200;SELL_STOP_TRAILED;Old=4311.51 New=4311.82;WAIT_TRIGGER;SAFE;0;2;0;119477827;119477822;0.00;0.00;0.00;0.00;0.00;KELLY_LITE;true;0.04;213063.49;0.0417;KELLY_LITE(mult=1.20 taper=1.00 n=8)+HARD_RISK_CAP(2.0%)+MAXLOSS_CAP;213063.49;213063.49;36;0
2026.08.14 03:16:53;XAUUSD;5;1786669200;SELL_STOP_TRAILED;Old=4311.82 New=4312.30;WAIT_TRIGGER;SAFE;0;2;0;119477827;119477822;0.00;0.00;0.00;0.00;0.00;KELLY_LITE;true;0.04;213063.49;0.0417;KELLY_LITE(mult=1.20 taper=1.00 n=8)+HARD_RISK_CAP(2.0%)+MAXLOSS_CAP;213063.49;213063.49;36;0
2026.08.14 03:17:01;XAUUSD;5;1786669200;SELL_STOP_TRAILED;Old=4312.30 New=4312.62;WAIT_TRIGGER;SAFE;0;2;0;119477827;119477822;0.00;0.00;0.00;0.00;0.00;KELLY_LITE;true;0.04;213063.49;0.0417;KELLY_LITE(mult=1.20 taper=1.00 n=8)+HARD_RISK_CAP(2.0%)+MAXLOSS_CAP;213063.49;213063.49;36;0
2026.08.14 03:17:04;XAUUSD;5;1786669200;SELL_STOP_TRAILED;Old=4312.62 New=4313.05;WAIT_TRIGGER;SAFE;0;2;0;119477827;119477822;0.00;0.00;0.00;0.00;0.00;KELLY_LITE;true;0.04;213063.49;0.0417;KELLY_LITE(mult=1.20 taper=1.00 n=8)+HARD_RISK_CAP(2.0%)+MAXLOSS_CAP;213063.49;213063.49;36;0
2026.08.14 03:17:11;XAUUSD;5;1786669200;OCO_TRIGGERED_BUY;ticket=119477827 entry=4316.23;POSITION_ACTIVE;SAFE;1;1;0;-1;119477822;0.00;0.39;-0.72;0.00;0.00;KELLY_LITE;true;0.04;213063.49;0.0417;KELLY_LITE(mult=1.20 taper=1.00 n=8)+HARD_RISK_CAP(2.0%)+MAXLOSS_CAP;213063.49;213063.88;37;0
2026.08.14 03:17:12;XAUUSD;5;1786669200;PENDING_DELETED;ticket=119477822 reason=oco_buy_triggered;POSITION_ACTIVE;SAFE;1;0;0;-1;119477822;0.00;-0.66;-0.66;0.00;0.00;KELLY_LITE;true;0.04;213063.49;0.0417;KELLY_LITE(mult=1.20 taper=1.00 n=8)+HARD_RISK_CAP(2.0%)+MAXLOSS_CAP;213063.49;213062.83;36;0
2026.08.14 03:17:13;XAUUSD;5;1786669200;HEDGE_PENDING_PLACED;dir=SELL_STOP ticket=119478111 price=4313.01 sl=4316.01 lot=0.05 mainEntry=4316.23 dist=3.00 confirmBars=1;POSITION_ACTIVE;SAFE;1;1;1;-1;-1;4316.23;-0.36;-0.36;0.00;-0.66;KELLY_LITE;true;0.04;213063.49;0.0417;KELLY_LITE(mult=1.20 taper=1.00 n=8)+HARD_RISK_CAP(2.0%)+MAXLOSS_CAP;213063.49;213063.13;36;0
2026.08.14 03:19:53;XAUUSD;5;1786669200;POSITION_CLOSED;ticket=119478111 reason=hedge_max_loss lots=0.05 price=4315.16 pnl=-10.75;MANAGE_PROFIT;SAFE;1;0;1;-1;-1;4316.23;-3.21;-3.21;2.97;-14.73;KELLY_LITE;true;0.04;213063.49;0.0417;KELLY_LITE(mult=1.20 taper=1.00 n=8)+HARD_RISK_CAP(2.0%)+MAXLOSS_CAP;213050.24;213047.03;36;0
2026.08.14 03:19:53;XAUUSD;5;1786669200;HEDGE_CLOSED_MAX_LOSS;profit=-10.75 limit=10.00 peak=0.55 reason=hard_dollar_stop ok=1;MANAGE_PROFIT;SAFE;1;0;1;-1;-1;4316.23;-3.21;-3.21;2.97;-14.73;KELLY_LITE;true;0.04;213063.49;0.0417;KELLY_LITE(mult=1.20 taper=1.00 n=8)+HARD_RISK_CAP(2.0%)+MAXLOSS_CAP;213050.24;213047.03;36;0
2026.08.14 03:30:01;XAUUSD;5;1786669200;EXIT_TIME_LOSS_CONFIRMED;held=12 profit=-12.06 rsi=33.8;MANAGE_PROFIT;SAFE;1;0;1;-1;-1;4316.23;-12.06;-12.06;5.64;-14.73;KELLY_LITE;true;0.04;213063.49;0.0417;KELLY_LITE(mult=1.20 taper=1.00 n=8)+HARD_RISK_CAP(2.0%)+MAXLOSS_CAP;213050.24;213038.18;36;0
2026.08.14 03:30:02;XAUUSD;5;1786669200;POSITION_CLOSED;ticket=119477827 reason=time_loss_exit_confirmed lots=0.03 price=4312.21 pnl=-12.06;MANAGE_PROFIT;SAFE;0;0;1;-1;-1;4316.23;0.00;0.00;5.64;-14.73;KELLY_LITE;true;0.04;213063.49;0.0417;KELLY_LITE(mult=1.20 taper=1.00 n=8)+HARD_RISK_CAP(2.0%)+MAXLOSS_CAP;213038.75;213038.75;36;0
2026.08.14 03:30:02;XAUUSD;5;1786669200;LOSS_COOLDOWN_AFTER_LOSS;cyclePnL=-24.74 pauseUntil=2026.08.14 03:35:02;RESET;SAFE;0;0;0;-1;-1;4316.23;0.00;0.00;5.64;-14.73;KELLY_LITE;true;0.04;213063.49;0.0417;KELLY_LITE(mult=1.20 taper=1.00 n=8)+HARD_RISK_CAP(2.0%)+MAXLOSS_CAP;213038.75;213038.75;36;0
2026.08.14 03:30:02;XAUUSD;5;1786669200;CYCLE_RESET;oldState=RESET realizedPnL=-24.74 peak=5.64 worst=-14.73 pyramid=0 consLosses=1;RESET;SAFE;0;0;0;-1;-1;4316.23;0.00;0.00;5.64;-14.73;KELLY_LITE;true;0.04;213063.49;0.0417;KELLY_LITE(mult=1.20 taper=1.00 n=8)+HARD_RISK_CAP(2.0%)+MAXLOSS_CAP;213038.75;213038.75;36;0
2026.08.14 03:35:02;XAUUSD;5;1786669201;PLACE_PENDING_START;cycle=1786669201 trend=-1 consecLosses=1 preset=AGGRESSIVE;PLACE_PENDING;SAFE;0;0;0;-1;-1;0.00;0.00;0.00;0.00;0.00;KELLY_LITE;true;0.04;213063.49;0.0417;KELLY_LITE(mult=1.20 taper=1.00 n=8)+HARD_RISK_CAP(2.0%)+MAXLOSS_CAP;213038.75;213038.75;36;0
2026.08.14 03:35:02;XAUUSD;5;1786669201;DIR_OCO_PLACED;dir=BEAR ticket=119483168 price=4318.47 sl=4333.47 tp=4295.97 lot=0.03 dist=2.21;PLACE_PENDING;SAFE;0;1;0;-1;119483168;0.00;0.00;0.00;0.00;0.00;KELLY_LITE;true;0.04;213038.75;0.0417;KELLY_LITE(mult=1.15 taper=1.00 n=9)+HARD_RISK_CAP(2.0%)+MAXLOSS_CAP;213038.75;213038.75;36;0
2026.08.14 03:35:03;XAUUSD;5;1786669201;DIR_OCO_COUNTER_PLACED;dir=BULL(counter) ticket=119483171 price=4323.22 lot=0.03;PLACE_PENDING;SAFE;0;2;0;119483171;119483168;0.00;0.00;0.00;0.00;0.00;KELLY_LITE;true;0.04;213038.75;0.0417;KELLY_LITE(mult=1.15 taper=1.00 n=9)+HARD_RISK_CAP(2.0%)+MAXLOSS_CAP;213038.75;213038.75;34;0
2026.08.14 03:35:03;XAUUSD;5;1786669201;BUY_STOP_TRAILED;Old=4323.22 New=4321.98;WAIT_TRIGGER;SAFE;0;2;0;119483171;119483168;0.00;0.00;0.00;0.00;0.00;KELLY_LITE;true;0.04;213038.75;0.0417;KELLY_LITE(mult=1.15 taper=1.00 n=9)+HARD_RISK_CAP(2.0%)+MAXLOSS_CAP;213038.75;213038.75;36;0
2026.08.14 03:35:04;XAUUSD;5;1786669201;BUY_STOP_TRAILED;Old=4321.98 New=4321.51;WAIT_TRIGGER;SAFE;0;2;0;119483171;119483168;0.00;0.00;0.00;0.00;0.00;KELLY_LITE;true;0.04;213038.75;0.0417;KELLY_LITE(mult=1.15 taper=1.00 n=9)+HARD_RISK_CAP(2.0%)+MAXLOSS_CAP;213038.75;213038.75;37;0
2026.08.14 03:35:13;XAUUSD;5;1786669201;BUY_STOP_TRAILED;Old=4321.51 New=4321.16;WAIT_TRIGGER;SAFE;0;2;0;119483171;119483168;0.00;0.00;0.00;0.00;0.00;KELLY_LITE;true;0.04;213038.75;0.0417;KELLY_LITE(mult=1.15 taper=1.00 n=9)+HARD_RISK_CAP(2.0%)+MAXLOSS_CAP;213038.75;213038.75;36;0
2026.08.14 03:35:20;XAUUSD;5;1786669201;OCO_TRIGGERED_SELL;ticket=119483168 entry=4318.47;POSITION_ACTIVE;SAFE;1;1;0;119483171;-1;0.00;-0.84;-0.84;0.00;0.00;KELLY_LITE;true;0.04;213038.75;0.0417;KELLY_LITE(mult=1.15 taper=1.00 n=9)+HARD_RISK_CAP(2.0%)+MAXLOSS_CAP;213038.75;213037.91;36;0
2026.08.14 03:35:21;XAUUSD;5;1786669201;PENDING_DELETED;ticket=119483171 reason=oco_sell_triggered;POSITION_ACTIVE;SAFE;1;0;0;119483171;-1;0.00;-0.75;-0.75;0.00;0.00;KELLY_LITE;true;0.04;213038.75;0.0417;KELLY_LITE(mult=1.15 taper=1.00 n=9)+HARD_RISK_CAP(2.0%)+MAXLOSS_CAP;213038.75;213038.00;36;0
2026.08.14 03:35:21;XAUUSD;5;1786669201;HEDGE_PENDING_PLACED;dir=BUY_STOP ticket=119483296 price=4321.72 sl=4318.72 lot=0.05 mainEntry=4318.47 dist=3.00 confirmBars=1;POSITION_ACTIVE;SAFE;1;1;1;-1;-1;4318.47;-0.84;-0.84;0.00;-0.75;KELLY_LITE;true;0.04;213038.75;0.0417;KELLY_LITE(mult=1.15 taper=1.00 n=9)+HARD_RISK_CAP(2.0%)+MAXLOSS_CAP;213038.75;213037.91;36;0
2026.08.14 03:36:40;XAUUSD;5;1786669201;SL_MODIFIED;ticket=119483296 oldSL=4318.72 newSL=4321.72 reason=hedge_giveback_lock;MANAGE_PROFIT;SAFE;2;0;1;-1;-1;4318.47;-9.35;3.70;0.03;-12.99;KELLY_LITE;true;0.04;213038.75;0.0417;KELLY_LITE(mult=1.15 taper=1.00 n=9)+HARD_RISK_CAP(2.0%)+MAXLOSS_CAP;213038.75;213029.40;36;0
2026.08.14 03:36:41;XAUUSD;5;1786669201;SL_MODIFY_FAILED;ticket=119483296 newSL=4321.94 reason=hedge_giveback_lock err=0;MANAGE_PROFIT;SAFE;2;0;1;-1;-1;4318.47;-9.91;2.30;0.03;-12.99;KELLY_LITE;true;0.04;213038.75;0.0417;KELLY_LITE(mult=1.15 taper=1.00 n=9)+HARD_RISK_CAP(2.0%)+MAXLOSS_CAP;213038.75;213028.84;36;0
2026.08.14 03:36:42;XAUUSD;5;1786669201;POSITION_CLOSED;ticket=119483296 reason=hedge_trail_close lots=0.05 price=4321.93 pnl=1.05;MANAGE_PROFIT;SAFE;1;0;1;-1;-1;4318.47;-11.31;-11.31;0.03;-12.99;KELLY_LITE;true;0.04;213038.75;0.0417;KELLY_LITE(mult=1.15 taper=1.00 n=9)+HARD_RISK_CAP(2.0%)+MAXLOSS_CAP;213039.80;213028.49;36;0
2026.08.14 03:36:42;XAUUSD;5;1786669201;HEDGE_CLOSED_TRAIL;peak=3.70 close=1.05 threshold=1.11 reason=peak_retrace ok=1;MANAGE_PROFIT;SAFE;1;0;1;-1;-1;4318.47;-11.31;-11.31;0.03;-12.99;KELLY_LITE;true;0.04;213038.75;0.0417;KELLY_LITE(mult=1.15 taper=1.00 n=9)+HARD_RISK_CAP(2.0%)+MAXLOSS_CAP;213039.80;213028.49;36;0
2026.08.14 03:47:40;XAUUSD;5;1786669201;SL_MODIFIED;ticket=119483168 oldSL=4333.47 newSL=4316.32 reason=break_even_lock_leg_0;MANAGE_PROFIT;SAFE;1;0;1;-1;-1;4318.47;8.79;8.79;8.01;-12.99;KELLY_LITE;true;0.04;213038.75;0.0417;KELLY_LITE(mult=1.15 taper=1.00 n=9)+HARD_RISK_CAP(2.0%)+MAXLOSS_CAP;213039.80;213048.59;33;0
2026.08.14 03:47:40;XAUUSD;5;1786669201;PROFIT_RATCHET_LOCKED;floor=2.70 peak=8.01;MANAGE_PROFIT;SAFE;1;0;1;-1;-1;4318.47;8.79;8.79;8.01;-12.99;KELLY_LITE;true;0.04;213038.75;0.0417;KELLY_LITE(mult=1.15 taper=1.00 n=9)+HARD_RISK_CAP(2.0%)+MAXLOSS_CAP;213039.80;213048.59;33;0
2026.08.14 03:47:40;XAUUSD;5;1786669201;SL_MODIFIED;ticket=119483168 oldSL=4316.32 newSL=4316.06 reason=break_even_lock_leg_0;MANAGE_PROFIT;SAFE;1;0;1;-1;-1;4318.47;8.91;8.91;8.79;-12.99;KELLY_LITE;true;0.04;213038.75;0.0417;KELLY_LITE(mult=1.15 taper=1.00 n=9)+HARD_RISK_CAP(2.0%)+MAXLOSS_CAP;213039.80;213048.71;33;0
2026.08.14 03:47:40;XAUUSD;5;1786669201;PROFIT_RATCHET_LOCKED;floor=2.97 peak=8.79;MANAGE_PROFIT;SAFE;1;0;1;-1;-1;4318.47;8.91;8.91;8.79;-12.99;KELLY_LITE;true;0.04;213038.75;0.0417;KELLY_LITE(mult=1.15 taper=1.00 n=9)+HARD_RISK_CAP(2.0%)+MAXLOSS_CAP;213039.80;213048.71;33;0
2026.08.14 03:47:41;XAUUSD;5;1786669201;SL_MODIFIED;ticket=119483168 oldSL=4316.06 newSL=4316.02 reason=break_even_lock_leg_0;MANAGE_PROFIT;SAFE;1;0;1;-1;-1;4318.47;8.94;8.94;8.91;-12.99;KELLY_LITE;true;0.04;213038.75;0.0417;KELLY_LITE(mult=1.15 taper=1.00 n=9)+HARD_RISK_CAP(2.0%)+MAXLOSS_CAP;213039.80;213048.74;33;0
2026.08.14 03:47:41;XAUUSD;5;1786669201;PROFIT_RATCHET_LOCKED;floor=3.01 peak=8.91;MANAGE_PROFIT;SAFE;1;0;1;-1;-1;4318.47;8.94;8.94;8.91;-12.99;KELLY_LITE;true;0.04;213038.75;0.0417;KELLY_LITE(mult=1.15 taper=1.00 n=9)+HARD_RISK_CAP(2.0%)+MAXLOSS_CAP;213039.80;213048.74;33;0
2026.08.14 03:47:41;XAUUSD;5;1786669201;PROFIT_RATCHET_LOCKED;floor=3.02 peak=8.94;MANAGE_PROFIT;SAFE;1;0;1;-1;-1;4318.47;8.94;8.94;8.94;-12.99;KELLY_LITE;true;0.04;213038.75;0.0417;KELLY_LITE(mult=1.15 taper=1.00 n=9)+HARD_RISK_CAP(2.0%)+MAXLOSS_CAP;213039.80;213048.74;33;0
2026.08.14 03:47:41;XAUUSD;5;1786669201;SL_MODIFY_FAILED;ticket=119483168 newSL=4316.00 reason=break_even_lock_leg_0 err=0;MANAGE_PROFIT;SAFE;1;0;1;-1;-1;4318.47;7.98;7.98;8.97;-12.99;KELLY_LITE;true;0.04;213038.75;0.0417;KELLY_LITE(mult=1.15 taper=1.00 n=9)+HARD_RISK_CAP(2.0%)+MAXLOSS_CAP;213039.80;213047.78;33;0
2026.08.14 03:47:41;XAUUSD;5;1786669201;PROFIT_RATCHET_LOCKED;floor=3.03 peak=8.97;MANAGE_PROFIT;SAFE;1;0;1;-1;-1;4318.47;7.98;7.98;8.97;-12.99;KELLY_LITE;true;0.04;213038.75;0.0417;KELLY_LITE(mult=1.15 taper=1.00 n=9)+HARD_RISK_CAP(2.0%)+MAXLOSS_CAP;213039.80;213047.78;33;0
2026.08.14 03:47:41;XAUUSD;5;1786669201;PROFIT_RATCHET_LOCKED;floor=3.03 peak=8.97;MANAGE_PROFIT;SAFE;1;0;1;-1;-1;4318.47;7.98;7.98;8.97;-12.99;KELLY_LITE;true;0.04;213038.75;0.0417;KELLY_LITE(mult=1.15 taper=1.00 n=9)+HARD_RISK_CAP(2.0%)+MAXLOSS_CAP;213039.80;213047.78;33;0
2026.08.14 03:47:42;XAUUSD;5;1786669201;PROFIT_RATCHET_LOCKED;floor=3.03 peak=8.97;MANAGE_PROFIT;SAFE;1;0;1;-1;-1;4318.47;7.95;7.95;8.97;-12.99;KELLY_LITE;true;0.04;213038.75;0.0417;KELLY_LITE(mult=1.15 taper=1.00 n=9)+HARD_RISK_CAP(2.0%)+MAXLOSS_CAP;213039.80;213047.75;34;0
2026.08.14 03:47:42;XAUUSD;5;1786669201;PROFIT_RATCHET_LOCKED;floor=3.03 peak=8.97;MANAGE_PROFIT;SAFE;1;0;1;-1;-1;4318.47;7.83;7.83;8.97;-12.99;KELLY_LITE;true;0.04;213038.75;0.0417;KELLY_LITE(mult=1.15 taper=1.00 n=9)+HARD_RISK_CAP(2.0%)+MAXLOSS_CAP;213039.80;213047.63;33;0
2026.08.14 03:47:42;XAUUSD;5;1786669201;PROFIT_RATCHET_LOCKED;floor=3.03 peak=8.97;MANAGE_PROFIT;SAFE;1;0;1;-1;-1;4318.47;7.77;7.77;8.97;-12.99;KELLY_LITE;true;0.04;213038.75;0.0417;KELLY_LITE(mult=1.15 taper=1.00 n=9)+HARD_RISK_CAP(2.0%)+MAXLOSS_CAP;213039.80;213047.57;33;0
2026.08.14 03:47:42;XAUUSD;5;1786669201;PROFIT_RATCHET_LOCKED;floor=3.03 peak=8.97;MANAGE_PROFIT;SAFE;1;0;1;-1;-1;4318.47;7.71;7.71;8.97;-12.99;KELLY_LITE;true;0.04;213038.75;0.0417;KELLY_LITE(mult=1.15 taper=1.00 n=9)+HARD_RISK_CAP(2.0%)+MAXLOSS_CAP;213039.80;213047.51;34;0
2026.08.14 03:47:42;XAUUSD;5;1786669201;RECONCILED_BROKER_CLOSE;ticket=119483168 type=main pnl=7.35;MANAGE_PROFIT;SAFE;0;0;1;-1;-1;4318.47;0.00;0.00;8.97;-12.99;KELLY_LITE;true;0.04;213038.75;0.0417;KELLY_LITE(mult=1.15 taper=1.00 n=9)+HARD_RISK_CAP(2.0%)+MAXLOSS_CAP;213047.15;213047.15;33;0
2026.08.14 03:47:42;XAUUSD;5;1786669201;CYCLE_RESET;oldState=MANAGE_PROFIT realizedPnL=8.40 peak=8.97 worst=-12.99 pyramid=1 consLosses=0;MANAGE_PROFIT;SAFE;0;0;1;-1;-1;4318.47;0.00;0.00;8.97;-12.99;KELLY_LITE;true;0.04;213038.75;0.0417;KELLY_LITE(mult=1.15 taper=1.00 n=9)+HARD_RISK_CAP(2.0%)+MAXLOSS_CAP;213047.15;213047.15;33;0
2026.08.14 03:52:42;XAUUSD;5;1786669201;FILTER_BLOCK_TREND_DISAGREE;TREND_DISAGREE (main=-1 fast=1 rsi=40.6, no extreme);BLOCKED;SAFE;0;0;0;-1;-1;0.00;0.00;0.00;0.00;0.00;KELLY_LITE;true;0.04;213038.75;0.0417;KELLY_LITE(mult=1.15 taper=1.00 n=9)+HARD_RISK_CAP(2.0%)+MAXLOSS_CAP;213047.15;213047.15;36;0
2026.08.14 03:57:52;XAUUSD;5;1786669202;PLACE_PENDING_START;cycle=1786669202 trend=-1 consecLosses=0 preset=AGGRESSIVE;PLACE_PENDING;SAFE;0;0;0;-1;-1;0.00;0.00;0.00;0.00;0.00;KELLY_LITE;true;0.04;213038.75;0.0417;KELLY_LITE(mult=1.15 taper=1.00 n=9)+HARD_RISK_CAP(2.0%)+MAXLOSS_CAP;213047.15;213047.15;33;0
2026.08.14 03:57:53;XAUUSD;5;1786669202;DIR_OCO_PLACED;dir=BEAR ticket=119488954 price=4311.07 sl=4326.07 tp=4288.57 lot=0.03 dist=2.14;PLACE_PENDING;SAFE;0;1;0;-1;119488954;0.00;0.00;0.00;0.00;0.00;KELLY_LITE;true;0.04;213047.15;0.0417;KELLY_LITE(mult=1.20 taper=1.00 n=10)+HARD_RISK_CAP(2.0%)+MAXLOSS_CAP;213047.15;213047.15;35;0
2026.08.14 03:57:53;XAUUSD;5;1786669202;DIR_OCO_COUNTER_PLACED;dir=BULL(counter) ticket=119488965 price=4315.65 lot=0.03;PLACE_PENDING;SAFE;0;2;0;119488965;119488954;0.00;0.00;0.00;0.00;0.00;KELLY_LITE;true;0.04;213047.15;0.0417;KELLY_LITE(mult=1.20 taper=1.00 n=10)+HARD_RISK_CAP(2.0%)+MAXLOSS_CAP;213047.15;213047.15;35;0
2026.08.14 03:57:57;XAUUSD;5;1786669202;BUY_STOP_TRAILED;Old=4315.65 New=4315.24;WAIT_TRIGGER;SAFE;0;2;0;119488965;119488954;0.00;0.00;0.00;0.00;0.00;KELLY_LITE;true;0.04;213047.15;0.0417;KELLY_LITE(mult=1.20 taper=1.00 n=10)+HARD_RISK_CAP(2.0%)+MAXLOSS_CAP;213047.15;213047.15;34;0
2026.08.14 03:58:05;XAUUSD;5;1786669202;SELL_STOP_TRAILED;Old=4311.07 New=4311.38;WAIT_TRIGGER;SAFE;0;2;0;119488965;119488954;0.00;0.00;0.00;0.00;0.00;KELLY_LITE;true;0.04;213047.15;0.0417;KELLY_LITE(mult=1.20 taper=1.00 n=10)+HARD_RISK_CAP(2.0%)+MAXLOSS_CAP;213047.15;213047.15;36;0
2026.08.14 03:58:11;XAUUSD;5;1786669202;SELL_STOP_TRAILED;Old=4311.38 New=4311.86;WAIT_TRIGGER;SAFE;0;2;0;119488965;119488954;0.00;0.00;0.00;0.00;0.00;KELLY_LITE;true;0.04;213047.15;0.0417;KELLY_LITE(mult=1.20 taper=1.00 n=10)+HARD_RISK_CAP(2.0%)+MAXLOSS_CAP;213047.15;213047.15;36;0
2026.08.14 03:58:35;XAUUSD;5;1786669202;SELL_STOP_TRAILED;Old=4311.86 New=4312.20;WAIT_TRIGGER;SAFE;0;2;0;119488965;119488954;0.00;0.00;0.00;0.00;0.00;KELLY_LITE;true;0.04;213047.15;0.0417;KELLY_LITE(mult=1.20 taper=1.00 n=10)+HARD_RISK_CAP(2.0%)+MAXLOSS_CAP;213047.15;213047.15;37;0
2026.08.14 03:58:36;XAUUSD;5;1786669202;SELL_STOP_TRAILED;Old=4312.20 New=4312.62;WAIT_TRIGGER;SAFE;0;2;0;119488965;119488954;0.00;0.00;0.00;0.00;0.00;KELLY_LITE;true;0.04;213047.15;0.0417;KELLY_LITE(mult=1.20 taper=1.00 n=10)+HARD_RISK_CAP(2.0%)+MAXLOSS_CAP;213047.15;213047.15;36;0
2026.08.14 03:58:40;XAUUSD;5;1786669202;OCO_TRIGGERED_BUY;ticket=119488965 entry=4315.24;POSITION_ACTIVE;SAFE;1;1;0;-1;119488954;0.00;0.09;-0.99;0.00;0.00;KELLY_LITE;true;0.04;213047.15;0.0417;KELLY_LITE(mult=1.20 taper=1.00 n=10)+HARD_RISK_CAP(2.0%)+MAXLOSS_CAP;213047.15;213047.24;36;0
2026.08.14 03:58:41;XAUUSD;5;1786669202;PENDING_DELETED;ticket=119488954 reason=oco_buy_triggered;POSITION_ACTIVE;SAFE;1;0;0;-1;119488954;0.00;-0.06;-0.06;0.00;0.00;KELLY_LITE;true;0.04;213047.15;0.0417;KELLY_LITE(mult=1.20 taper=1.00 n=10)+HARD_RISK_CAP(2.0%)+MAXLOSS_CAP;213047.15;213047.09;36;0
2026.08.14 03:58:41;XAUUSD;5;1786669202;HEDGE_BLOCK_CONFIRM;need=1 adverse bars;POSITION_ACTIVE;SAFE;1;0;1;-1;-1;4315.24;-0.06;-0.06;0.00;-0.06;KELLY_LITE;true;0.04;213047.15;0.0417;KELLY_LITE(mult=1.20 taper=1.00 n=10)+HARD_RISK_CAP(2.0%)+MAXLOSS_CAP;213047.15;213047.09;36;0
2026.08.14 03:59:11;XAUUSD;5;1786669202;HEDGE_BLOCK_CONFIRM;need=1 adverse bars;MANAGE_PROFIT;SAFE;1;0;1;-1;-1;4315.24;-2.22;-2.22;0.45;-3.24;KELLY_LITE;true;0.04;213047.15;0.0417;KELLY_LITE(mult=1.20 taper=1.00 n=10)+HARD_RISK_CAP(2.0%)+MAXLOSS_CAP;213047.15;213044.93;37;0
2026.08.14 03:59:41;XAUUSD;5;1786669202;HEDGE_BLOCK_CONFIRM;need=1 adverse bars;MANAGE_PROFIT;SAFE;1;0;1;-1;-1;4315.24;0.96;0.96;0.96;-3.24;KELLY_LITE;true;0.04;213047.15;0.0417;KELLY_LITE(mult=1.20 taper=1.00 n=10)+HARD_RISK_CAP(2.0%)+MAXLOSS_CAP;213047.15;213048.11;35;0
2026.08.14 04:00:11;XAUUSD;5;1786669202;HEDGE_BLOCK_CONFIRM;need=1 adverse bars;MANAGE_PROFIT;SAFE;1;0;1;-1;-1;4315.24;-0.57;-0.57;2.22;-3.24;KELLY_LITE;true;0.04;213047.15;0.0417;KELLY_LITE(mult=1.20 taper=1.00 n=10)+HARD_RISK_CAP(2.0%)+MAXLOSS_CAP;213047.15;213046.58;36;0
2026.08.14 04:00:41;XAUUSD;5;1786669202;HEDGE_BLOCK_CONFIRM;need=1 adverse bars;MANAGE_PROFIT;SAFE;1;0;1;-1;-1;4315.24;-1.65;-1.65;2.22;-3.24;KELLY_LITE;true;0.04;213047.15;0.0417;KELLY_LITE(mult=1.20 taper=1.00 n=10)+HARD_RISK_CAP(2.0%)+MAXLOSS_CAP;213047.15;213045.50;36;0
2026.08.14 04:01:11;XAUUSD;5;1786669202;HEDGE_BLOCK_CONFIRM;need=1 adverse bars;MANAGE_PROFIT;SAFE;1;0;1;-1;-1;4315.24;-3.78;-3.78;2.22;-4.38;KELLY_LITE;true;0.04;213047.15;0.0417;KELLY_LITE(mult=1.20 taper=1.00 n=10)+HARD_RISK_CAP(2.0%)+MAXLOSS_CAP;213047.15;213043.37;36;0
2026.08.14 04:01:41;XAUUSD;5;1786669202;HEDGE_BLOCK_CONFIRM;need=1 adverse bars;MANAGE_PROFIT;SAFE;1;0;1;-1;-1;4315.24;1.95;1.95;2.22;-4.74;KELLY_LITE;true;0.04;213047.15;0.0417;KELLY_LITE(mult=1.20 taper=1.00 n=10)+HARD_RISK_CAP(2.0%)+MAXLOSS_CAP;213047.15;213049.10;36;0
2026.08.14 04:02:11;XAUUSD;5;1786669202;HEDGE_BLOCK_CONFIRM;need=1 adverse bars;MANAGE_PROFIT;SAFE;1;0;1;-1;-1;4315.24;0.57;0.57;2.22;-4.74;KELLY_LITE;true;0.04;213047.15;0.0417;KELLY_LITE(mult=1.20 taper=1.00 n=10)+HARD_RISK_CAP(2.0%)+MAXLOSS_CAP;213047.15;213047.72;36;0
2026.08.14 04:02:41;XAUUSD;5;1786669202;HEDGE_BLOCK_CONFIRM;need=1 adverse bars;MANAGE_PROFIT;SAFE;1;0;1;-1;-1;4315.24;1.92;1.92;2.31;-4.74;KELLY_LITE;true;0.04;213047.15;0.0417;KELLY_LITE(mult=1.20 taper=1.00 n=10)+HARD_RISK_CAP(2.0%)+MAXLOSS_CAP;213047.15;213049.07;36;0
2026.08.14 04:03:11;XAUUSD;5;1786669202;HEDGE_BLOCK_CONFIRM;need=1 adverse bars;MANAGE_PROFIT;SAFE;1;0;1;-1;-1;4315.24;3.60;3.60;6.00;-4.74;KELLY_LITE;true;0.04;213047.15;0.0417;KELLY_LITE(mult=1.20 taper=1.00 n=10)+HARD_RISK_CAP(2.0%)+MAXLOSS_CAP;213047.15;213050.75;36;0
2026.08.14 04:03:41;XAUUSD;5;1786669202;HEDGE_BLOCK_CONFIRM;need=1 adverse bars;MANAGE_PROFIT;SAFE;1;0;1;-1;-1;4315.24;3.42;3.42;6.00;-4.74;KELLY_LITE;true;0.04;213047.15;0.0417;KELLY_LITE(mult=1.20 taper=1.00 n=10)+HARD_RISK_CAP(2.0%)+MAXLOSS_CAP;213047.15;213050.57;36;0
2026.08.14 04:04:11;XAUUSD;5;1786669202;HEDGE_BLOCK_CONFIRM;need=1 adverse bars;MANAGE_PROFIT;SAFE;1;0;1;-1;-1;4315.24;4.08;4.08;6.00;-4.74;KELLY_LITE;true;0.04;213047.15;0.0417;KELLY_LITE(mult=1.20 taper=1.00 n=10)+HARD_RISK_CAP(2.0%)+MAXLOSS_CAP;213047.15;213051.23;36;0
2026.08.14 04:04:38;XAUUSD;5;1786669202;SL_MODIFIED;ticket=119488965 oldSL=4303.24 newSL=4317.39 reason=break_even_lock_leg_0;MANAGE_PROFIT;SAFE;1;0;1;-1;-1;4315.24;8.07;8.07;8.01;-4.74;KELLY_LITE;true;0.04;213047.15;0.0417;KELLY_LITE(mult=1.20 taper=1.00 n=10)+HARD_RISK_CAP(2.0%)+MAXLOSS_CAP;213047.15;213055.22;36;0
2026.08.14 04:04:38;XAUUSD;5;1786669202;PROFIT_RATCHET_LOCKED;floor=3.40 peak=8.01;MANAGE_PROFIT;SAFE;1;0;1;-1;-1;4315.24;8.07;8.07;8.01;-4.74;KELLY_LITE;true;0.04;213047.15;0.0417;KELLY_LITE(mult=1.20 taper=1.00 n=10)+HARD_RISK_CAP(2.0%)+MAXLOSS_CAP;213047.15;213055.22;36;0
2026.08.14 04:04:38;XAUUSD;5;1786669202;PROFIT_RATCHET_LOCKED;floor=3.43 peak=8.07;MANAGE_PROFIT;SAFE;1;0;1;-1;-1;4315.24;8.07;8.07;8.07;-4.74;KELLY_LITE;true;0.04;213047.15;0.0417;KELLY_LITE(mult=1.20 taper=1.00 n=10)+HARD_RISK_CAP(2.0%)+MAXLOSS_CAP;213047.15;213055.22;36;0
2026.08.14 04:04:38;XAUUSD;5;1786669202;PROFIT_RATCHET_LOCKED;floor=3.43 peak=8.07;MANAGE_PROFIT;SAFE;1;0;1;-1;-1;4315.24;8.01;8.01;8.07;-4.74;KELLY_LITE;true;0.04;213047.15;0.0417;KELLY_LITE(mult=1.20 taper=1.00 n=10)+HARD_RISK_CAP(2.0%)+MAXLOSS_CAP;213047.15;213055.16;36;0
2026.08.14 04:04:39;XAUUSD;5;1786669202;SL_MODIFIED;ticket=119488965 oldSL=4317.39 newSL=4317.49 reason=break_even_lock_leg_0;MANAGE_PROFIT;SAFE;1;0;1;-1;-1;4315.24;9.03;9.03;8.31;-4.74;KELLY_LITE;true;0.04;213047.15;0.0417;KELLY_LITE(mult=1.20 taper=1.00 n=10)+HARD_RISK_CAP(2.0%)+MAXLOSS_CAP;213047.15;213056.18;36;0
2026.08.14 04:04:39;XAUUSD;5;1786669202;PROFIT_RATCHET_LOCKED;floor=3.53 peak=8.31;MANAGE_PROFIT;SAFE;1;0;1;-1;-1;4315.24;9.03;9.03;8.31;-4.74;KELLY_LITE;true;0.04;213047.15;0.0417;KELLY_LITE(mult=1.20 taper=1.00 n=10)+HARD_RISK_CAP(2.0%)+MAXLOSS_CAP;213047.15;213056.18;36;0
2026.08.14 04:04:39;XAUUSD;5;1786669202;SL_MODIFIED;ticket=119488965 oldSL=4317.49 newSL=4317.73 reason=break_even_lock_leg_0;MANAGE_PROFIT;SAFE;1;0;1;-1;-1;4315.24;9.45;9.45;9.03;-4.74;KELLY_LITE;true;0.04;213047.15;0.0417;KELLY_LITE(mult=1.20 taper=1.00 n=10)+HARD_RISK_CAP(2.0%)+MAXLOSS_CAP;213047.15;213056.60;36;0
2026.08.14 04:04:39;XAUUSD;5;1786669202;PROFIT_RATCHET_LOCKED;floor=3.84 peak=9.03;MANAGE_PROFIT;SAFE;1;0;1;-1;-1;4315.24;9.45;9.45;9.03;-4.74;KELLY_LITE;true;0.04;213047.15;0.0417;KELLY_LITE(mult=1.20 taper=1.00 n=10)+HARD_RISK_CAP(2.0%)+MAXLOSS_CAP;213047.15;213056.60;36;0
2026.08.14 04:04:40;XAUUSD;5;1786669202;SL_MODIFY_FAILED;ticket=119488965 newSL=4317.87 reason=break_even_lock_leg_0 err=0;MANAGE_PROFIT;SAFE;1;0;1;-1;-1;4315.24;8.85;8.85;9.45;-4.74;KELLY_LITE;true;0.04;213047.15;0.0417;KELLY_LITE(mult=1.20 taper=1.00 n=10)+HARD_RISK_CAP(2.0%)+MAXLOSS_CAP;213047.15;213056.00;36;0
2026.08.14 04:04:40;XAUUSD;5;1786669202;PROFIT_RATCHET_LOCKED;floor=4.02 peak=9.45;MANAGE_PROFIT;SAFE;1;0;1;-1;-1;4315.24;8.85;8.85;9.45;-4.74;KELLY_LITE;true;0.04;213047.15;0.0417;KELLY_LITE(mult=1.20 taper=1.00 n=10)+HARD_RISK_CAP(2.0%)+MAXLOSS_CAP;213047.15;213056.00;36;0
2026.08.14 04:04:40;XAUUSD;5;1786669202;PROFIT_RATCHET_LOCKED;floor=4.02 peak=9.45;MANAGE_PROFIT;SAFE;1;0;1;-1;-1;4315.24;8.85;8.85;9.45;-4.74;KELLY_LITE;true;0.04;213047.15;0.0417;KELLY_LITE(mult=1.20 taper=1.00 n=10)+HARD_RISK_CAP(2.0%)+MAXLOSS_CAP;213047.15;213056.00;36;0
2026.08.14 04:04:40;XAUUSD;5;1786669202;PROFIT_RATCHET_LOCKED;floor=4.02 peak=9.45;MANAGE_PROFIT;SAFE;1;0;1;-1;-1;4315.24;9.00;9.00;9.45;-4.74;KELLY_LITE;true;0.04;213047.15;0.0417;KELLY_LITE(mult=1.20 taper=1.00 n=10)+HARD_RISK_CAP(2.0%)+MAXLOSS_CAP;213047.15;213056.15;36;0
2026.08.14 04:04:41;XAUUSD;5;1786669202;HEDGE_BLOCK_CONFIRM;need=1 adverse bars;MANAGE_PROFIT;SAFE;1;0;1;-1;-1;4315.24;8.91;8.91;9.45;-4.74;KELLY_LITE;true;0.04;213047.15;0.0417;KELLY_LITE(mult=1.20 taper=1.00 n=10)+HARD_RISK_CAP(2.0%)+MAXLOSS_CAP;213047.15;213056.06;36;0
2026.08.14 04:04:41;XAUUSD;5;1786669202;PROFIT_RATCHET_LOCKED;floor=4.02 peak=9.45;MANAGE_PROFIT;SAFE;1;0;1;-1;-1;4315.24;8.91;8.91;9.45;-4.74;KELLY_LITE;true;0.04;213047.15;0.0417;KELLY_LITE(mult=1.20 taper=1.00 n=10)+HARD_RISK_CAP(2.0%)+MAXLOSS_CAP;213047.15;213056.06;36;0
2026.08.14 04:04:41;XAUUSD;5;1786669202;PROFIT_RATCHET_LOCKED;floor=4.02 peak=9.45;MANAGE_PROFIT;SAFE;1;0;1;-1;-1;4315.24;9.03;9.03;9.45;-4.74;KELLY_LITE;true;0.04;213047.15;0.0417;KELLY_LITE(mult=1.20 taper=1.00 n=10)+HARD_RISK_CAP(2.0%)+MAXLOSS_CAP;213047.15;213056.18;36;0
2026.08.14 04:04:41;XAUUSD;5;1786669202;PROFIT_RATCHET_LOCKED;floor=4.02 peak=9.45;MANAGE_PROFIT;SAFE;1;0;1;-1;-1;4315.24;9.06;9.06;9.45;-4.74;KELLY_LITE;true;0.04;213047.15;0.0417;KELLY_LITE(mult=1.20 taper=1.00 n=10)+HARD_RISK_CAP(2.0%)+MAXLOSS_CAP;213047.15;213056.21;36;0
2026.08.14 04:04:42;XAUUSD;5;1786669202;PROFIT_RATCHET_LOCKED;floor=4.02 peak=9.45;MANAGE_PROFIT;SAFE;1;0;1;-1;-1;4315.24;8.85;8.85;9.45;-4.74;KELLY_LITE;true;0.04;213047.15;0.0417;KELLY_LITE(mult=1.20 taper=1.00 n=10)+HARD_RISK_CAP(2.0%)+MAXLOSS_CAP;213047.15;213056.00;33;0
2026.08.14 04:04:42;XAUUSD;5;1786669202;PROFIT_RATCHET_LOCKED;floor=4.02 peak=9.45;MANAGE_PROFIT;SAFE;1;0;1;-1;-1;4315.24;8.10;8.10;9.45;-4.74;KELLY_LITE;true;0.04;213047.15;0.0417;KELLY_LITE(mult=1.20 taper=1.00 n=10)+HARD_RISK_CAP(2.0%)+MAXLOSS_CAP;213047.15;213055.25;37;0
2026.08.14 04:04:42;XAUUSD;5;1786669202;EXIT_TIERED_TRAIL;profit=7.77 peak=9.45 allowedRetrace=1.42;MANAGE_PROFIT;SAFE;1;0;1;-1;-1;4315.24;7.77;7.77;9.45;-4.74;KELLY_LITE;true;0.04;213047.15;0.0417;KELLY_LITE(mult=1.20 taper=1.00 n=10)+HARD_RISK_CAP(2.0%)+MAXLOSS_CAP;213047.15;213054.92;36;0
2026.08.14 04:04:42;XAUUSD;5;1786669202;CYCLE_RESET;oldState=RESET realizedPnL=7.47 peak=9.45 worst=-4.74 pyramid=0 consLosses=0;RESET;SAFE;0;0;0;-1;-1;4315.24;0.00;0.00;9.45;-4.74;KELLY_LITE;true;0.04;213047.15;0.0417;KELLY_LITE(mult=1.20 taper=1.00 n=10)+HARD_RISK_CAP(2.0%)+MAXLOSS_CAP;213054.62;213054.62;36;0
2026.08.14 04:04:43;XAUUSD;5;1786669202;TRADELOG_RECOVER_CLOSE;ticket=119488965 type=main pnl=7.47;IDLE;SAFE;0;0;0;-1;-1;0.00;0.00;0.00;0.00;0.00;KELLY_LITE;true;0.04;213047.15;0.0417;KELLY_LITE(mult=1.20 taper=1.00 n=10)+HARD_RISK_CAP(2.0%)+MAXLOSS_CAP;213054.62;213054.62;36;0
2026.08.14 04:09:42;XAUUSD;5;1786669203;PLACE_PENDING_START;cycle=1786669203 trend=-1 consecLosses=0 preset=AGGRESSIVE;PLACE_PENDING;SAFE;0;0;0;-1;-1;0.00;0.00;0.00;0.00;0.00;KELLY_LITE;true;0.04;213047.15;0.0417;KELLY_LITE(mult=1.20 taper=1.00 n=10)+HARD_RISK_CAP(2.0%)+MAXLOSS_CAP;213054.62;213054.62;36;0
2026.08.14 04:09:42;XAUUSD;5;1786669203;DIR_OCO_PLACED;dir=BEAR ticket=119492243 price=4318.60 sl=4333.60 tp=4296.10 lot=0.03 dist=2.08;PLACE_PENDING;SAFE;0;1;0;-1;119492243;0.00;0.00;0.00;0.00;0.00;KELLY_LITE;true;0.04;213054.62;0.0417;KELLY_LITE(mult=1.25 taper=1.00 n=11)+HARD_RISK_CAP(2.0%)+MAXLOSS_CAP;213054.62;213054.62;36;0
2026.08.14 04:09:42;XAUUSD;5;1786669203;DIR_OCO_COUNTER_PLACED;dir=BULL(counter) ticket=119492244 price=4323.11 lot=0.03;PLACE_PENDING;SAFE;0;2;0;119492244;119492243;0.00;0.00;0.00;0.00;0.00;KELLY_LITE;true;0.04;213054.62;0.0417;KELLY_LITE(mult=1.25 taper=1.00 n=11)+HARD_RISK_CAP(2.0%)+MAXLOSS_CAP;213054.62;213054.62;36;0
2026.08.14 04:09:46;XAUUSD;5;1786669203;BUY_STOP_TRAILED;Old=4323.11 New=4322.67;WAIT_TRIGGER;SAFE;0;2;0;119492244;119492243;0.00;0.00;0.00;0.00;0.00;KELLY_LITE;true;0.04;213054.62;0.0417;KELLY_LITE(mult=1.25 taper=1.00 n=11)+HARD_RISK_CAP(2.0%)+MAXLOSS_CAP;213054.62;213054.62;36;0
2026.08.14 04:09:47;XAUUSD;5;1786669203;BUY_STOP_TRAILED;Old=4322.67 New=4322.29;WAIT_TRIGGER;SAFE;0;2;0;119492244;119492243;0.00;0.00;0.00;0.00;0.00;KELLY_LITE;true;0.04;213054.62;0.0417;KELLY_LITE(mult=1.25 taper=1.00 n=11)+HARD_RISK_CAP(2.0%)+MAXLOSS_CAP;213054.62;213054.62;36;0
2026.08.14 04:09:48;XAUUSD;5;1786669203;BUY_STOP_TRAILED;Old=4322.29 New=4321.96;WAIT_TRIGGER;SAFE;0;2;0;119492244;119492243;0.00;0.00;0.00;0.00;0.00;KELLY_LITE;true;0.04;213054.62;0.0417;KELLY_LITE(mult=1.25 taper=1.00 n=11)+HARD_RISK_CAP(2.0%)+MAXLOSS_CAP;213054.62;213054.62;36;0
2026.08.14 04:10:06;XAUUSD;5;1786669203;BUY_STOP_TRAILED;Old=4321.96 New=4321.55;WAIT_TRIGGER;SAFE;0;2;0;119492244;119492243;0.00;0.00;0.00;0.00;0.00;KELLY_LITE;true;0.04;213054.62;0.0417;KELLY_LITE(mult=1.25 taper=1.00 n=11)+HARD_RISK_CAP(2.0%)+MAXLOSS_CAP;213054.62;213054.62;36;0
2026.08.14 04:11:58;XAUUSD;5;1786669203;BUY_STOP_TRAILED;Old=4321.55 New=4321.22;WAIT_TRIGGER;SAFE;0;2;0;119492244;119492243;0.00;0.00;0.00;0.00;0.00;KELLY_LITE;true;0.04;213054.62;0.0417;KELLY_LITE(mult=1.25 taper=1.00 n=11)+HARD_RISK_CAP(2.0%)+MAXLOSS_CAP;213054.62;213054.62;36;0
2026.08.14 04:12:11;XAUUSD;5;1786669203;OCO_TRIGGERED_SELL;ticket=119492243 entry=4318.60;POSITION_ACTIVE;SAFE;1;1;0;119492244;-1;0.00;-0.93;-0.93;0.00;0.00;KELLY_LITE;true;0.04;213054.62;0.0417;KELLY_LITE(mult=1.25 taper=1.00 n=11)+HARD_RISK_CAP(2.0%)+MAXLOSS_CAP;213054.62;213053.69;36;0
2026.08.14 04:12:12;XAUUSD;5;1786669203;PENDING_DELETED;ticket=119492244 reason=oco_sell_triggered;POSITION_ACTIVE;SAFE;1;0;0;119492244;-1;0.00;-1.71;-1.71;0.00;0.00;KELLY_LITE;true;0.04;213054.62;0.0417;KELLY_LITE(mult=1.25 taper=1.00 n=11)+HARD_RISK_CAP(2.0%)+MAXLOSS_CAP;213054.62;213052.91;36;0
2026.08.14 04:12:12;XAUUSD;5;1786669203;HEDGE_PENDING_PLACED;dir=BUY_STOP ticket=119492762 price=4322.17 sl=4319.17 lot=0.05 mainEntry=4318.60 dist=3.00 confirmBars=1;POSITION_ACTIVE;SAFE;1;1;1;-1;-1;4318.60;-1.74;-1.74;0.00;-1.71;KELLY_LITE;true;0.04;213054.62;0.0417;KELLY_LITE(mult=1.25 taper=1.00 n=11)+HARD_RISK_CAP(2.0%)+MAXLOSS_CAP;213054.62;213052.88;36;0
2026.08.14 04:13:37;XAUUSD;5;1786669203;POSITION_CLOSED;ticket=119492762 reason=hedge_trail_close lots=0.05 price=4322.31 pnl=0.70;MANAGE_PROFIT;SAFE;1;0;1;-1;-1;4318.60;-12.21;-12.21;0.00;-11.76;KELLY_LITE;true;0.04;213054.62;0.0417;KELLY_LITE(mult=1.25 taper=1.00 n=11)+HARD_RISK_CAP(2.0%)+MAXLOSS_CAP;213055.32;213043.11;36;0
2026.08.14 04:13:37;XAUUSD;5;1786669203;HEDGE_CLOSED_TRAIL;peak=2.40 close=0.70 threshold=0.72 reason=peak_retrace ok=1;MANAGE_PROFIT;SAFE;1;0;1;-1;-1;4318.60;-12.21;-12.21;0.00;-11.76;KELLY_LITE;true;0.04;213054.62;0.0417;KELLY_LITE(mult=1.25 taper=1.00 n=11)+HARD_RISK_CAP(2.0%)+MAXLOSS_CAP;213055.32;213043.11;36;0
2026.08.14 04:20:40;XAUUSD;5;1786669203;EXIT_TIME_LOSS_HARDCAP;held=8 profit=-15.96 rsi=51.8;MANAGE_PROFIT;SAFE;1;0;1;-1;-1;4318.60;-15.96;-15.96;0.00;-16.29;KELLY_LITE;true;0.04;213054.62;0.0417;KELLY_LITE(mult=1.25 taper=1.00 n=11)+HARD_RISK_CAP(2.0%)+MAXLOSS_CAP;213055.32;213039.36;36;0
2026.08.14 04:20:41;XAUUSD;5;1786669203;POSITION_CLOSED;ticket=119492243 reason=time_loss_exit_hardcap lots=0.03 price=4323.92 pnl=-15.96;MANAGE_PROFIT;SAFE;0;0;1;-1;-1;4318.60;0.00;0.00;0.00;-16.29;KELLY_LITE;true;0.04;213054.62;0.0417;KELLY_LITE(mult=1.25 taper=1.00 n=11)+HARD_RISK_CAP(2.0%)+MAXLOSS_CAP;213038.94;213038.94;36;0
2026.08.14 04:20:41;XAUUSD;5;1786669203;LOSS_COOLDOWN_AFTER_LOSS;cyclePnL=-15.68 pauseUntil=2026.08.14 04:25:41;RESET;SAFE;0;0;0;-1;-1;4318.60;0.00;0.00;0.00;-16.29;KELLY_LITE;true;0.04;213054.62;0.0417;KELLY_LITE(mult=1.25 taper=1.00 n=11)+HARD_RISK_CAP(2.0%)+MAXLOSS_CAP;213038.94;213038.94;36;0
2026.08.14 04:20:41;XAUUSD;5;1786669203;CYCLE_RESET;oldState=RESET realizedPnL=-15.68 peak=0.00 worst=-16.29 pyramid=0 consLosses=1;RESET;SAFE;0;0;0;-1;-1;4318.60;0.00;0.00;0.00;-16.29;KELLY_LITE;true;0.04;213054.62;0.0417;KELLY_LITE(mult=1.25 taper=1.00 n=11)+HARD_RISK_CAP(2.0%)+MAXLOSS_CAP;213038.94;213038.94;36;0
2026.08.14 04:25:41;XAUUSD;5;1786669203;FILTER_BLOCK_TREND_DISAGREE;TREND_DISAGREE (main=-1 fast=1 rsi=53.9, no extreme);BLOCKED;SAFE;0;0;0;-1;-1;0.00;0.00;0.00;0.00;0.00;KELLY_LITE;true;0.04;213054.62;0.0417;KELLY_LITE(mult=1.25 taper=1.00 n=11)+HARD_RISK_CAP(2.0%)+MAXLOSS_CAP;213038.94;213038.94;36;0
2026.08.14 04:30:44;XAUUSD;5;1786669203;FILTER_BLOCK_TREND_DISAGREE;TREND_DISAGREE (main=-1 fast=1 rsi=54.7, no extreme);BLOCKED;SAFE;0;0;0;-1;-1;0.00;0.00;0.00;0.00;0.00;KELLY_LITE;true;0.04;213054.62;0.0417;KELLY_LITE(mult=1.25 taper=1.00 n=11)+HARD_RISK_CAP(2.0%)+MAXLOSS_CAP;213038.94;213038.94;36;0
2026.08.14 04:35:44;XAUUSD;5;1786669204;PLACE_PENDING_START;cycle=1786669204 trend=-1 consecLosses=1 preset=AGGRESSIVE;PLACE_PENDING;SAFE;0;0;0;-1;-1;0.00;0.00;0.00;0.00;0.00;KELLY_LITE;true;0.04;213054.62;0.0417;KELLY_LITE(mult=1.25 taper=1.00 n=11)+HARD_RISK_CAP(2.0%)+MAXLOSS_CAP;213038.94;213038.94;36;0
2026.08.14 04:35:44;XAUUSD;5;1786669204;DIR_OCO_PLACED;dir=BEAR ticket=119495786 price=4325.71 sl=4340.71 tp=4303.21 lot=0.03 dist=1.71;PLACE_PENDING;SAFE;0;1;0;-1;119495786;0.00;0.00;0.00;0.00;0.00;KELLY_LITE;true;0.04;213038.94;0.0417;KELLY_LITE(mult=1.20 taper=1.00 n=12)+HARD_RISK_CAP(2.0%)+MAXLOSS_CAP;213038.94;213038.94;34;0
2026.08.14 04:35:44;XAUUSD;5;1786669204;DIR_OCO_COUNTER_PLACED;dir=BULL(counter) ticket=119495787 price=4329.53 lot=0.03;PLACE_PENDING;SAFE;0;2;0;119495787;119495786;0.00;0.00;0.00;0.00;0.00;KELLY_LITE;true;0.04;213038.94;0.0417;KELLY_LITE(mult=1.20 taper=1.00 n=12)+HARD_RISK_CAP(2.0%)+MAXLOSS_CAP;213038.94;213038.94;34;0
2026.08.14 04:35:51;XAUUSD;5;1786669204;BUY_STOP_TRAILED;Old=4329.53 New=4329.21;WAIT_TRIGGER;SAFE;0;2;0;119495787;119495786;0.00;0.00;0.00;0.00;0.00;KELLY_LITE;true;0.04;213038.94;0.0417;KELLY_LITE(mult=1.20 taper=1.00 n=12)+HARD_RISK_CAP(2.0%)+MAXLOSS_CAP;213038.94;213038.94;36;0
2026.08.14 04:36:25;XAUUSD;5;1786669204;SELL_STOP_TRAILED;Old=4325.71 New=4326.11;WAIT_TRIGGER;SAFE;0;2;0;119495787;119495786;0.00;0.00;0.00;0.00;0.00;KELLY_LITE;true;0.04;213038.94;0.0417;KELLY_LITE(mult=1.20 taper=1.00 n=12)+HARD_RISK_CAP(2.0%)+MAXLOSS_CAP;213038.94;213038.94;36;0
2026.08.14 04:38:16;XAUUSD;5;1786669204;BUY_STOP_TRAILED;Old=4329.21 New=4328.86;WAIT_TRIGGER;SAFE;0;2;0;119495787;119495786;0.00;0.00;0.00;0.00;0.00;KELLY_LITE;true;0.04;213038.94;0.0417;KELLY_LITE(mult=1.20 taper=1.00 n=12)+HARD_RISK_CAP(2.0%)+MAXLOSS_CAP;213038.94;213038.94;36;0
2026.08.14 04:38:17;XAUUSD;5;1786669204;BUY_STOP_TRAILED;Old=4328.86 New=4328.40;WAIT_TRIGGER;SAFE;0;2;0;119495787;119495786;0.00;0.00;0.00;0.00;0.00;KELLY_LITE;true;0.04;213038.94;0.0417;KELLY_LITE(mult=1.20 taper=1.00 n=12)+HARD_RISK_CAP(2.0%)+MAXLOSS_CAP;213038.94;213038.94;36;0
2026.08.14 04:38:59;XAUUSD;5;1786669204;OCO_TRIGGERED_SELL;ticket=119495786 entry=4326.11;POSITION_ACTIVE;SAFE;1;1;0;119495787;-1;0.00;-0.93;-0.93;0.00;0.00;KELLY_LITE;true;0.04;213038.94;0.0417;KELLY_LITE(mult=1.20 taper=1.00 n=12)+HARD_RISK_CAP(2.0%)+MAXLOSS_CAP;213038.94;213038.01;36;0
2026.08.14 04:38:59;XAUUSD;5;1786669204;PENDING_DELETED;ticket=119495787 reason=oco_sell_triggered;POSITION_ACTIVE;SAFE;1;0;0;119495787;-1;0.00;-0.96;-0.96;0.00;0.00;KELLY_LITE;true;0.04;213038.94;0.0417;KELLY_LITE(mult=1.20 taper=1.00 n=12)+HARD_RISK_CAP(2.0%)+MAXLOSS_CAP;213038.94;213037.98;36;0
2026.08.14 04:39:00;XAUUSD;5;1786669204;HEDGE_PENDING_PLACED;dir=BUY_STOP ticket=119495923 price=4329.43 sl=4326.43 lot=0.05 mainEntry=4326.11 dist=3.00 confirmBars=1;POSITION_ACTIVE;SAFE;1;1;1;-1;-1;4326.11;-0.96;-0.96;0.00;-0.96;KELLY_LITE;true;0.04;213038.94;0.0417;KELLY_LITE(mult=1.20 taper=1.00 n=12)+HARD_RISK_CAP(2.0%)+MAXLOSS_CAP;213038.94;213037.98;36;0
2026.08.14 04:54:01;XAUUSD;5;1786669204;PENDING_DELETED;ticket=119495923 reason=hedge_pending_expired;POSITION_ACTIVE;SAFE;1;0;1;-1;-1;4326.11;3.00;3.00;4.38;-2.88;KELLY_LITE;true;0.04;213038.94;0.0417;KELLY_LITE(mult=1.20 taper=1.00 n=12)+HARD_RISK_CAP(2.0%)+MAXLOSS_CAP;213038.94;213041.94;36;0
2026.08.14 04:54:01;XAUUSD;5;1786669204;HEDGE_PENDING_EXPIRED;after=900s rearm=1/1;POSITION_ACTIVE;SAFE;1;0;1;-1;-1;4326.11;3.00;3.00;4.38;-2.88;KELLY_LITE;true;0.04;213038.94;0.0417;KELLY_LITE(mult=1.20 taper=1.00 n=12)+HARD_RISK_CAP(2.0%)+MAXLOSS_CAP;213038.94;213041.94;36;0
2026.08.14 04:54:02;XAUUSD;5;1786669204;HEDGE_PENDING_PLACED;dir=BUY_STOP ticket=119496228 price=4328.11 sl=4325.11 lot=0.05 mainEntry=4326.11 dist=3.00 confirmBars=1;MANAGE_PROFIT;SAFE;1;1;1;-1;-1;4326.11;2.97;2.97;4.38;-2.88;KELLY_LITE;true;0.04;213038.94;0.0417;KELLY_LITE(mult=1.20 taper=1.00 n=12)+HARD_RISK_CAP(2.0%)+MAXLOSS_CAP;213038.94;213041.91;36;0
2026.08.14 04:58:59;XAUUSD;5;1786669204;EXIT_TIME_PROFIT_LOCK;held=20 profit=5.34 peak=6.69 giveback=1.35;MANAGE_PROFIT;SAFE;1;1;1;-1;-1;4326.11;5.34;5.34;6.69;-2.88;KELLY_LITE;true;0.04;213038.94;0.0417;KELLY_LITE(mult=1.20 taper=1.00 n=12)+HARD_RISK_CAP(2.0%)+MAXLOSS_CAP;213038.94;213044.28;36;0
2026.08.14 04:58:59;XAUUSD;5;1786669204;POSITION_CLOSED;ticket=119495786 reason=time_exit_profit_lock lots=0.03 price=4324.33 pnl=5.34;MANAGE_PROFIT;SAFE;0;1;1;-1;-1;4326.11;0.00;0.00;6.69;-2.88;KELLY_LITE;true;0.04;213038.94;0.0417;KELLY_LITE(mult=1.20 taper=1.00 n=12)+HARD_RISK_CAP(2.0%)+MAXLOSS_CAP;213044.28;213044.28;36;0
2026.08.14 04:59:00;XAUUSD;5;1786669204;PENDING_DELETED;ticket=119496228 reason=close_all_hedge;MANAGE_PROFIT;SAFE;0;0;0;-1;-1;4326.11;0.00;0.00;6.69;-2.88;KELLY_LITE;true;0.04;213038.94;0.0417;KELLY_LITE(mult=1.20 taper=1.00 n=12)+HARD_RISK_CAP(2.0%)+MAXLOSS_CAP;213044.28;213044.28;36;0
2026.08.14 04:59:00;XAUUSD;5;1786669204;CYCLE_RESET;oldState=RESET realizedPnL=5.34 peak=6.69 worst=-2.88 pyramid=0 consLosses=0;RESET;SAFE;0;0;0;-1;-1;4326.11;0.00;0.00;6.69;-2.88;KELLY_LITE;true;0.04;213038.94;0.0417;KELLY_LITE(mult=1.20 taper=1.00 n=12)+HARD_RISK_CAP(2.0%)+MAXLOSS_CAP;213044.28;213044.28;36;0
2026.08.14 05:04:00;XAUUSD;5;1786669204;FILTER_BLOCK_TREND_DISAGREE;TREND_DISAGREE (main=-1 fast=1 rsi=49.5, no extreme);BLOCKED;SAFE;0;0;0;-1;-1;0.00;0.00;0.00;0.00;0.00;KELLY_LITE;true;0.04;213038.94;0.0417;KELLY_LITE(mult=1.20 taper=1.00 n=12)+HARD_RISK_CAP(2.0%)+MAXLOSS_CAP;213044.28;213044.28;36;0
2026.08.14 05:09:00;XAUUSD;5;1786669205;PLACE_PENDING_START;cycle=1786669205 trend=-1 consecLosses=0 preset=AGGRESSIVE;PLACE_PENDING;SAFE;0;0;0;-1;-1;0.00;0.00;0.00;0.00;0.00;KELLY_LITE;true;0.04;213038.94;0.0417;KELLY_LITE(mult=1.20 taper=1.00 n=12)+HARD_RISK_CAP(2.0%)+MAXLOSS_CAP;213044.28;213044.28;36;0
2026.08.14 05:09:00;XAUUSD;5;1786669205;DIR_OCO_PLACED;dir=BEAR ticket=119496695 price=4322.84 sl=4337.84 tp=4300.34 lot=0.03 dist=1.50;PLACE_PENDING;SAFE;0;1;0;-1;119496695;0.00;0.00;0.00;0.00;0.00;KELLY_LITE;true;0.04;213044.28;0.0417;KELLY_LITE(mult=1.25 taper=1.00 n=13)+HARD_RISK_CAP(2.0%)+MAXLOSS_CAP;213044.28;213044.28;36;0
2026.08.14 05:09:01;XAUUSD;5;1786669205;DIR_OCO_COUNTER_PLACED;dir=BULL(counter) ticket=119496698 price=4326.16 lot=0.03;PLACE_PENDING;SAFE;0;2;0;119496698;119496695;0.00;0.00;0.00;0.00;0.00;KELLY_LITE;true;0.04;213044.28;0.0417;KELLY_LITE(mult=1.25 taper=1.00 n=13)+HARD_RISK_CAP(2.0%)+MAXLOSS_CAP;213044.28;213044.28;36;0
2026.08.14 05:09:35;XAUUSD;5;1786669205;BUY_STOP_TRAILED;Old=4326.16 New=4325.64;WAIT_TRIGGER;SAFE;0;2;0;119496698;119496695;0.00;0.00;0.00;0.00;0.00;KELLY_LITE;true;0.04;213044.28;0.0417;KELLY_LITE(mult=1.25 taper=1.00 n=13)+HARD_RISK_CAP(2.0%)+MAXLOSS_CAP;213044.28;213044.28;36;0
2026.08.14 05:09:38;XAUUSD;5;1786669205;BUY_STOP_TRAILED;Old=4325.64 New=4325.29;WAIT_TRIGGER;SAFE;0;2;0;119496698;119496695;0.00;0.00;0.00;0.00;0.00;KELLY_LITE;true;0.04;213044.28;0.0417;KELLY_LITE(mult=1.25 taper=1.00 n=13)+HARD_RISK_CAP(2.0%)+MAXLOSS_CAP;213044.28;213044.28;36;0
2026.08.14 05:11:53;XAUUSD;5;1786669205;SELL_STOP_TRAILED;Old=4322.84 New=4323.16;WAIT_TRIGGER;SAFE;0;2;0;119496698;119496695;0.00;0.00;0.00;0.00;0.00;KELLY_LITE;true;0.04;213044.28;0.0417;KELLY_LITE(mult=1.25 taper=1.00 n=13)+HARD_RISK_CAP(2.0%)+MAXLOSS_CAP;213044.28;213044.28;34;0
2026.08.14 05:12:00;XAUUSD;5;1786669205;OCO_TRIGGERED_BUY;ticket=119496698 entry=4325.29;POSITION_ACTIVE;SAFE;1;1;0;-1;119496695;0.00;-0.90;-0.90;0.00;0.00;KELLY_LITE;true;0.04;213044.28;0.0417;KELLY_LITE(mult=1.25 taper=1.00 n=13)+HARD_RISK_CAP(2.0%)+MAXLOSS_CAP;213044.28;213043.38;36;0
2026.08.14 05:12:00;XAUUSD;5;1786669205;PENDING_DELETED;ticket=119496695 reason=oco_buy_triggered;POSITION_ACTIVE;SAFE;1;0;0;-1;119496695;0.00;-1.02;-1.02;0.00;0.00;KELLY_LITE;true;0.04;213044.28;0.0417;KELLY_LITE(mult=1.25 taper=1.00 n=13)+HARD_RISK_CAP(2.0%)+MAXLOSS_CAP;213044.28;213043.26;36;0
2026.08.14 05:12:01;XAUUSD;5;1786669205;HEDGE_PENDING_PLACED;dir=SELL_STOP ticket=119496814 price=4321.95 sl=4324.95 lot=0.05 mainEntry=4325.29 dist=3.00 confirmBars=1;POSITION_ACTIVE;SAFE;1;1;1;-1;-1;4325.29;-1.11;-1.11;0.00;-1.02;KELLY_LITE;true;0.04;213044.28;0.0417;KELLY_LITE(mult=1.25 taper=1.00 n=13)+HARD_RISK_CAP(2.0%)+MAXLOSS_CAP;213044.28;213043.17;36;0
2026.08.14 05:27:02;XAUUSD;5;1786669205;PENDING_DELETED;ticket=119496814 reason=hedge_pending_expired;POSITION_ACTIVE;SAFE;1;0;1;-1;-1;4325.29;5.61;5.61;7.23;-2.37;KELLY_LITE;true;0.04;213044.28;0.0417;KELLY_LITE(mult=1.25 taper=1.00 n=13)+HARD_RISK_CAP(2.0%)+MAXLOSS_CAP;213044.28;213049.89;36;0
2026.08.14 05:27:02;XAUUSD;5;1786669205;HEDGE_PENDING_EXPIRED;after=900s rearm=1/1;POSITION_ACTIVE;SAFE;1;0;1;-1;-1;4325.29;5.61;5.61;7.23;-2.37;KELLY_LITE;true;0.04;213044.28;0.0417;KELLY_LITE(mult=1.25 taper=1.00 n=13)+HARD_RISK_CAP(2.0%)+MAXLOSS_CAP;213044.28;213049.89;36;0
2026.08.14 05:27:02;XAUUSD;5;1786669205;HEDGE_BLOCK_CONFIRM;need=1 adverse bars;MANAGE_PROFIT;SAFE;1;0;1;-1;-1;4325.29;5.61;5.61;7.23;-2.37;KELLY_LITE;true;0.04;213044.28;0.0417;KELLY_LITE(mult=1.25 taper=1.00 n=13)+HARD_RISK_CAP(2.0%)+MAXLOSS_CAP;213044.28;213049.89;36;0
2026.08.14 05:27:32;XAUUSD;5;1786669205;HEDGE_BLOCK_CONFIRM;need=1 adverse bars;MANAGE_PROFIT;SAFE;1;0;1;-1;-1;4325.29;4.38;4.38;7.23;-2.37;KELLY_LITE;true;0.04;213044.28;0.0417;KELLY_LITE(mult=1.25 taper=1.00 n=13)+HARD_RISK_CAP(2.0%)+MAXLOSS_CAP;213044.28;213048.66;36;0
2026.08.14 05:28:02;XAUUSD;5;1786669205;HEDGE_BLOCK_CONFIRM;need=1 adverse bars;MANAGE_PROFIT;SAFE;1;0;1;-1;-1;4325.29;3.99;3.99;7.23;-2.37;KELLY_LITE;true;0.04;213044.28;0.0417;KELLY_LITE(mult=1.25 taper=1.00 n=13)+HARD_RISK_CAP(2.0%)+MAXLOSS_CAP;213044.28;213048.27;36;0
2026.08.14 05:28:32;XAUUSD;5;1786669205;HEDGE_BLOCK_CONFIRM;need=1 adverse bars;MANAGE_PROFIT;SAFE;1;0;1;-1;-1;4325.29;3.72;3.72;7.23;-2.37;KELLY_LITE;true;0.04;213044.28;0.0417;KELLY_LITE(mult=1.25 taper=1.00 n=13)+HARD_RISK_CAP(2.0%)+MAXLOSS_CAP;213044.28;213048.00;36;0
2026.08.14 05:29:02;XAUUSD;5;1786669205;HEDGE_BLOCK_CONFIRM;need=1 adverse bars;MANAGE_PROFIT;SAFE;1;0;1;-1;-1;4325.29;0.06;0.06;7.23;-2.37;KELLY_LITE;true;0.04;213044.28;0.0417;KELLY_LITE(mult=1.25 taper=1.00 n=13)+HARD_RISK_CAP(2.0%)+MAXLOSS_CAP;213044.28;213044.34;36;0
2026.08.14 05:29:32;XAUUSD;5;1786669205;HEDGE_BLOCK_CONFIRM;need=1 adverse bars;MANAGE_PROFIT;SAFE;1;0;1;-1;-1;4325.29;1.02;1.02;7.23;-2.37;KELLY_LITE;true;0.04;213044.28;0.0417;KELLY_LITE(mult=1.25 taper=1.00 n=13)+HARD_RISK_CAP(2.0%)+MAXLOSS_CAP;213044.28;213045.30;36;0
2026.08.14 05:30:00;XAUUSD;5;1786669205;HEDGE_PENDING_PLACED;dir=SELL_STOP ticket=119497351 price=4322.09 sl=4325.09 lot=0.05 mainEntry=4325.29 dist=3.00 confirmBars=1;MANAGE_PROFIT;SAFE;1;1;1;-1;-1;4325.29;-0.33;-0.33;7.23;-2.37;KELLY_LITE;true;0.04;213044.28;0.0417;KELLY_LITE(mult=1.25 taper=1.00 n=13)+HARD_RISK_CAP(2.0%)+MAXLOSS_CAP;213044.28;213043.95;36;0
2026.08.14 05:45:01;XAUUSD;5;1786669205;PENDING_DELETED;ticket=119497351 reason=hedge_pending_expired;POSITION_ACTIVE;SAFE;1;0;1;-1;-1;4325.29;-0.87;-0.87;7.23;-6.12;KELLY_LITE;true;0.04;213044.28;0.0417;KELLY_LITE(mult=1.25 taper=1.00 n=13)+HARD_RISK_CAP(2.0%)+MAXLOSS_CAP;213044.28;213043.41;36;0
2026.08.14 05:45:01;XAUUSD;5;1786669205;HEDGE_PENDING_EXPIRED;after=900s no_more_rearm;POSITION_ACTIVE;SAFE;1;0;1;-1;-1;4325.29;-0.87;-0.87;7.23;-6.12;KELLY_LITE;true;0.04;213044.28;0.0417;KELLY_LITE(mult=1.25 taper=1.00 n=13)+HARD_RISK_CAP(2.0%)+MAXLOSS_CAP;213044.28;213043.41;36;0
2026.08.14 05:59:59;XAUUSD;5;1786669205;EXIT_TIME_PROFIT_LOCK;held=47 profit=4.32 peak=7.23 giveback=2.91;MANAGE_PROFIT;SAFE;1;0;1;-1;-1;4325.29;4.32;4.32;7.23;-6.12;KELLY_LITE;true;0.04;213044.28;0.0417;KELLY_LITE(mult=1.25 taper=1.00 n=13)+HARD_RISK_CAP(2.0%)+MAXLOSS_CAP;213044.28;213048.60;37;0
2026.08.14 05:59:59;XAUUSD;5;1786669205;POSITION_CLOSED;ticket=119496698 reason=time_exit_profit_lock lots=0.03 price=4326.73 pnl=4.32;MANAGE_PROFIT;SAFE;0;0;1;-1;-1;4325.29;0.00;0.00;7.23;-6.12;KELLY_LITE;true;0.04;213044.28;0.0417;KELLY_LITE(mult=1.25 taper=1.00 n=13)+HARD_RISK_CAP(2.0%)+MAXLOSS_CAP;213048.75;213048.75;36;0
2026.08.14 05:59:59;XAUUSD;5;1786669205;CYCLE_RESET;oldState=RESET realizedPnL=4.47 peak=7.23 worst=-6.12 pyramid=0 consLosses=0;RESET;SAFE;0;0;0;-1;-1;4325.29;0.00;0.00;7.23;-6.12;KELLY_LITE;true;0.04;213044.28;0.0417;KELLY_LITE(mult=1.25 taper=1.00 n=13)+HARD_RISK_CAP(2.0%)+MAXLOSS_CAP;213048.75;213048.75;36;0
2026.08.14 06:04:59;XAUUSD;5;1786669205;FILTER_BLOCK_ADX_WEAK_MAIN;ADX_WEAK_MAIN (adx=21.6 min=27.0);BLOCKED;SAFE;0;0;0;-1;-1;0.00;0.00;0.00;0.00;0.00;KELLY_LITE;true;0.04;213044.28;0.0417;KELLY_LITE(mult=1.25 taper=1.00 n=13)+HARD_RISK_CAP(2.0%)+MAXLOSS_CAP;213048.75;213048.75;36;0
2026.08.14 06:09:59;XAUUSD;5;1786669205;FILTER_BLOCK_ADX_WEAK_MAIN;ADX_WEAK_MAIN (adx=20.3 min=27.0);BLOCKED;SAFE;0;0;0;-1;-1;0.00;0.00;0.00;0.00;0.00;KELLY_LITE;true;0.04;213044.28;0.0417;KELLY_LITE(mult=1.25 taper=1.00 n=13)+HARD_RISK_CAP(2.0%)+MAXLOSS_CAP;213048.75;213048.75;36;0
2026.08.14 06:14:59;XAUUSD;5;1786669205;FILTER_BLOCK_ADX_WEAK_MAIN;ADX_WEAK_MAIN (adx=21.7 min=27.0);BLOCKED;SAFE;0;0;0;-1;-1;0.00;0.00;0.00;0.00;0.00;KELLY_LITE;true;0.04;213044.28;0.0417;KELLY_LITE(mult=1.25 taper=1.00 n=13)+HARD_RISK_CAP(2.0%)+MAXLOSS_CAP;213048.75;213048.75;36;0
2026.08.14 06:19:59;XAUUSD;5;1786669205;FILTER_BLOCK_ADX_WEAK_MAIN;ADX_WEAK_MAIN (adx=23.4 min=27.0);BLOCKED;SAFE;0;0;0;-1;-1;0.00;0.00;0.00;0.00;0.00;KELLY_LITE;true;0.04;213044.28;0.0417;KELLY_LITE(mult=1.25 taper=1.00 n=13)+HARD_RISK_CAP(2.0%)+MAXLOSS_CAP;213048.75;213048.75;36;0
2026.08.14 06:24:59;XAUUSD;5;1786669205;FILTER_BLOCK_ADX_WEAK_MAIN;ADX_WEAK_MAIN (adx=26.7 min=27.0);BLOCKED;SAFE;0;0;0;-1;-1;0.00;0.00;0.00;0.00;0.00;KELLY_LITE;true;0.04;213044.28;0.0417;KELLY_LITE(mult=1.25 taper=1.00 n=13)+HARD_RISK_CAP(2.0%)+MAXLOSS_CAP;213048.75;213048.75;36;0
2026.08.14 06:29:59;XAUUSD;5;1786669206;PLACE_PENDING_START;cycle=1786669206 trend=-1 consecLosses=0 preset=AGGRESSIVE;PLACE_PENDING;SAFE;0;0;0;-1;-1;0.00;0.00;0.00;0.00;0.00;KELLY_LITE;true;0.04;213044.28;0.0417;KELLY_LITE(mult=1.25 taper=1.00 n=13)+HARD_RISK_CAP(2.0%)+MAXLOSS_CAP;213048.75;213048.75;33;0
2026.08.14 06:29:59;XAUUSD;5;1786669206;FILTER_BLOCK_ATR;atr=2.33 min=2.50;PLACE_PENDING;SAFE;0;0;0;-1;-1;0.00;0.00;0.00;0.00;0.00;KELLY_LITE;true;0.04;213044.28;0.0417;KELLY_LITE(mult=1.25 taper=1.00 n=13)+HARD_RISK_CAP(2.0%)+MAXLOSS_CAP;213048.75;213048.75;33;0
2026.08.14 06:34:59;XAUUSD;5;1786669207;PLACE_PENDING_START;cycle=1786669207 trend=-1 consecLosses=0 preset=AGGRESSIVE;PLACE_PENDING;SAFE;0;0;0;-1;-1;0.00;0.00;0.00;0.00;0.00;KELLY_LITE;true;0.04;213044.28;0.0417;KELLY_LITE(mult=1.25 taper=1.00 n=13)+HARD_RISK_CAP(2.0%)+MAXLOSS_CAP;213048.75;213048.75;36;0
2026.08.14 06:34:59;XAUUSD;5;1786669207;DIR_OCO_PLACED;dir=BEAR ticket=119500610 price=4315.32 sl=4330.32 tp=4292.82 lot=0.03 dist=1.50;PLACE_PENDING;SAFE;0;1;0;-1;119500610;0.00;0.00;0.00;0.00;0.00;KELLY_LITE;true;0.04;213048.75;0.0417;KELLY_LITE(mult=1.30 taper=1.00 n=14)+HARD_RISK_CAP(2.0%)+MAXLOSS_CAP;213048.75;213048.75;36;0
2026.08.14 06:35:00;XAUUSD;5;1786669207;DIR_OCO_COUNTER_PLACED;dir=BULL(counter) ticket=119500611 price=4318.64 lot=0.03;PLACE_PENDING;SAFE;0;2;0;119500611;119500610;0.00;0.00;0.00;0.00;0.00;KELLY_LITE;true;0.04;213048.75;0.0417;KELLY_LITE(mult=1.30 taper=1.00 n=14)+HARD_RISK_CAP(2.0%)+MAXLOSS_CAP;213048.75;213048.75;36;0
2026.08.14 06:35:00;XAUUSD;5;1786669207;SELL_STOP_TRAILED;Old=4315.32 New=4315.63;WAIT_TRIGGER;SAFE;0;2;0;119500611;119500610;0.00;0.00;0.00;0.00;0.00;KELLY_LITE;true;0.04;213048.75;0.0417;KELLY_LITE(mult=1.30 taper=1.00 n=14)+HARD_RISK_CAP(2.0%)+MAXLOSS_CAP;213048.75;213048.75;36;0
2026.08.14 06:35:16;XAUUSD;5;1786669207;SELL_STOP_TRAILED;Old=4315.63 New=4315.96;WAIT_TRIGGER;SAFE;0;2;0;119500611;119500610;0.00;0.00;0.00;0.00;0.00;KELLY_LITE;true;0.04;213048.75;0.0417;KELLY_LITE(mult=1.30 taper=1.00 n=14)+HARD_RISK_CAP(2.0%)+MAXLOSS_CAP;213048.75;213048.75;36;0
2026.08.14 06:35:27;XAUUSD;5;1786669207;SELL_STOP_TRAILED;Old=4315.96 New=4316.28;WAIT_TRIGGER;SAFE;0;2;0;119500611;119500610;0.00;0.00;0.00;0.00;0.00;KELLY_LITE;true;0.04;213048.75;0.0417;KELLY_LITE(mult=1.30 taper=1.00 n=14)+HARD_RISK_CAP(2.0%)+MAXLOSS_CAP;213048.75;213048.75;36;0
2026.08.14 06:35:57;XAUUSD;5;1786669207;SELL_STOP_TRAILED;Old=4316.28 New=4316.66;WAIT_TRIGGER;SAFE;0;2;0;119500611;119500610;0.00;0.00;0.00;0.00;0.00;KELLY_LITE;true;0.04;213048.75;0.0417;KELLY_LITE(mult=1.30 taper=1.00 n=14)+HARD_RISK_CAP(2.0%)+MAXLOSS_CAP;213048.75;213048.75;36;0
2026.08.14 06:35:59;XAUUSD;5;1786669207;OCO_TRIGGERED_BUY;ticket=119500611 entry=4318.64;POSITION_ACTIVE;SAFE;1;1;0;-1;119500610;0.00;0.18;-0.90;0.00;0.00;KELLY_LITE;true;0.04;213048.75;0.0417;KELLY_LITE(mult=1.30 taper=1.00 n=14)+HARD_RISK_CAP(2.0%)+MAXLOSS_CAP;213048.75;213048.93;36;0
2026.08.14 06:36:00;XAUUSD;5;1786669207;PENDING_DELETED;ticket=119500610 reason=oco_buy_triggered;POSITION_ACTIVE;SAFE;1;0;0;-1;119500610;0.00;-1.17;-1.17;0.00;0.00;KELLY_LITE;true;0.04;213048.75;0.0417;KELLY_LITE(mult=1.30 taper=1.00 n=14)+HARD_RISK_CAP(2.0%)+MAXLOSS_CAP;213048.75;213047.58;36;0
2026.08.14 06:36:00;XAUUSD;5;1786669207;HEDGE_PENDING_PLACED;dir=SELL_STOP ticket=119500676 price=4315.25 sl=4318.25 lot=0.05 mainEntry=4318.64 dist=3.00 confirmBars=1;POSITION_ACTIVE;SAFE;1;1;1;-1;-1;4318.64;-1.08;-1.08;0.00;-1.17;KELLY_LITE;true;0.04;213048.75;0.0417;KELLY_LITE(mult=1.30 taper=1.00 n=14)+HARD_RISK_CAP(2.0%)+MAXLOSS_CAP;213048.75;213047.67;34;0
2026.08.14 06:37:11;XAUUSD;5;1786669207;SL_MODIFIED;ticket=119500611 oldSL=4303.64 newSL=4320.70 reason=break_even_lock_leg_0 (retry buf=3pt);MANAGE_PROFIT;SAFE;1;1;1;-1;-1;4318.64;7.98;7.98;8.22;-3.72;KELLY_LITE;true;0.04;213048.75;0.0417;KELLY_LITE(mult=1.30 taper=1.00 n=14)+HARD_RISK_CAP(2.0%)+MAXLOSS_CAP;213048.75;213056.73;36;0
2026.08.14 06:37:11;XAUUSD;5;1786669207;PROFIT_RATCHET_LOCKED;floor=3.49 peak=8.22;MANAGE_PROFIT;SAFE;1;1;1;-1;-1;4318.64;7.98;7.98;8.22;-3.72;KELLY_LITE;true;0.04;213048.75;0.0417;KELLY_LITE(mult=1.30 taper=1.00 n=14)+HARD_RISK_CAP(2.0%)+MAXLOSS_CAP;213048.75;213056.73;36;0
2026.08.14 06:37:12;XAUUSD;5;1786669207;SL_MODIFIED;ticket=119500611 oldSL=4320.70 newSL=4320.78 reason=break_even_lock_leg_0;MANAGE_PROFIT;SAFE;1;1;1;-1;-1;4318.64;7.89;7.89;8.22;-3.72;KELLY_LITE;true;0.04;213048.75;0.0417;KELLY_LITE(mult=1.30 taper=1.00 n=14)+HARD_RISK_CAP(2.0%)+MAXLOSS_CAP;213048.75;213056.64;37;0
2026.08.14 06:37:12;XAUUSD;5;1786669207;PROFIT_RATCHET_LOCKED;floor=3.49 peak=8.22;MANAGE_PROFIT;SAFE;1;1;1;-1;-1;4318.64;7.89;7.89;8.22;-3.72;KELLY_LITE;true;0.04;213048.75;0.0417;KELLY_LITE(mult=1.30 taper=1.00 n=14)+HARD_RISK_CAP(2.0%)+MAXLOSS_CAP;213048.75;213056.64;37;0
2026.08.14 06:37:12;XAUUSD;5;1786669207;PROFIT_RATCHET_LOCKED;floor=3.49 peak=8.22;MANAGE_PROFIT;SAFE;1;1;1;-1;-1;4318.64;7.89;7.89;8.22;-3.72;KELLY_LITE;true;0.04;213048.75;0.0417;KELLY_LITE(mult=1.30 taper=1.00 n=14)+HARD_RISK_CAP(2.0%)+MAXLOSS_CAP;213048.75;213056.64;37;0
2026.08.14 06:37:12;XAUUSD;5;1786669207;PROFIT_RATCHET_LOCKED;floor=3.49 peak=8.22;MANAGE_PROFIT;SAFE;1;1;1;-1;-1;4318.64;7.65;7.65;8.22;-3.72;KELLY_LITE;true;0.04;213048.75;0.0417;KELLY_LITE(mult=1.30 taper=1.00 n=14)+HARD_RISK_CAP(2.0%)+MAXLOSS_CAP;213048.75;213056.40;33;0
2026.08.14 06:37:13;XAUUSD;5;1786669207;SL_MODIFIED;ticket=119500611 oldSL=4320.78 newSL=4320.80 reason=break_even_lock_leg_0;MANAGE_PROFIT;SAFE;1;1;1;-1;-1;4318.64;7.98;7.98;8.22;-3.72;KELLY_LITE;true;0.04;213048.75;0.0417;KELLY_LITE(mult=1.30 taper=1.00 n=14)+HARD_RISK_CAP(2.0%)+MAXLOSS_CAP;213048.75;213056.73;36;0
2026.08.14 06:37:13;XAUUSD;5;1786669207;PROFIT_RATCHET_LOCKED;floor=3.49 peak=8.22;MANAGE_PROFIT;SAFE;1;1;1;-1;-1;4318.64;7.98;7.98;8.22;-3.72;KELLY_LITE;true;0.04;213048.75;0.0417;KELLY_LITE(mult=1.30 taper=1.00 n=14)+HARD_RISK_CAP(2.0%)+MAXLOSS_CAP;213048.75;213056.73;36;0
2026.08.14 06:37:13;XAUUSD;5;1786669207;PROFIT_RATCHET_LOCKED;floor=3.49 peak=8.22;MANAGE_PROFIT;SAFE;1;1;1;-1;-1;4318.64;7.98;7.98;8.22;-3.72;KELLY_LITE;true;0.04;213048.75;0.0417;KELLY_LITE(mult=1.30 taper=1.00 n=14)+HARD_RISK_CAP(2.0%)+MAXLOSS_CAP;213048.75;213056.73;36;0
2026.08.14 06:37:13;XAUUSD;5;1786669207;PROFIT_RATCHET_LOCKED;floor=3.49 peak=8.22;MANAGE_PROFIT;SAFE;1;1;1;-1;-1;4318.64;7.56;7.56;8.22;-3.72;KELLY_LITE;true;0.04;213048.75;0.0417;KELLY_LITE(mult=1.30 taper=1.00 n=14)+HARD_RISK_CAP(2.0%)+MAXLOSS_CAP;213048.75;213056.31;36;0
2026.08.14 06:37:14;XAUUSD;5;1786669207;PROFIT_RATCHET_LOCKED;floor=3.49 peak=8.22;MANAGE_PROFIT;SAFE;1;1;1;-1;-1;4318.64;7.59;7.59;8.22;-3.72;KELLY_LITE;true;0.04;213048.75;0.0417;KELLY_LITE(mult=1.30 taper=1.00 n=14)+HARD_RISK_CAP(2.0%)+MAXLOSS_CAP;213048.75;213056.34;36;0
2026.08.14 06:37:14;XAUUSD;5;1786669207;PROFIT_RATCHET_LOCKED;floor=3.49 peak=8.22;MANAGE_PROFIT;SAFE;1;1;1;-1;-1;4318.64;7.56;7.56;8.22;-3.72;KELLY_LITE;true;0.04;213048.75;0.0417;KELLY_LITE(mult=1.30 taper=1.00 n=14)+HARD_RISK_CAP(2.0%)+MAXLOSS_CAP;213048.75;213056.31;36;0
2026.08.14 06:37:14;XAUUSD;5;1786669207;PROFIT_RATCHET_LOCKED;floor=3.49 peak=8.22;MANAGE_PROFIT;SAFE;1;1;1;-1;-1;4318.64;7.83;7.83;8.22;-3.72;KELLY_LITE;true;0.04;213048.75;0.0417;KELLY_LITE(mult=1.30 taper=1.00 n=14)+HARD_RISK_CAP(2.0%)+MAXLOSS_CAP;213048.75;213056.58;36;0
2026.08.14 06:37:15;XAUUSD;5;1786669207;PROFIT_RATCHET_LOCKED;floor=3.49 peak=8.22;MANAGE_PROFIT;SAFE;1;1;1;-1;-1;4318.64;7.95;7.95;8.22;-3.72;KELLY_LITE;true;0.04;213048.75;0.0417;KELLY_LITE(mult=1.30 taper=1.00 n=14)+HARD_RISK_CAP(2.0%)+MAXLOSS_CAP;213048.75;213056.70;36;0
2026.08.14 06:37:15;XAUUSD;5;1786669207;PROFIT_RATCHET_LOCKED;floor=3.49 peak=8.22;MANAGE_PROFIT;SAFE;1;1;1;-1;-1;4318.64;7.65;7.65;8.22;-3.72;KELLY_LITE;true;0.04;213048.75;0.0417;KELLY_LITE(mult=1.30 taper=1.00 n=14)+HARD_RISK_CAP(2.0%)+MAXLOSS_CAP;213048.75;213056.40;36;0
2026.08.14 06:37:15;XAUUSD;5;1786669207;PROFIT_RATCHET_LOCKED;floor=3.49 peak=8.22;MANAGE_PROFIT;SAFE;1;1;1;-1;-1;4318.64;7.56;7.56;8.22;-3.72;KELLY_LITE;true;0.04;213048.75;0.0417;KELLY_LITE(mult=1.30 taper=1.00 n=14)+HARD_RISK_CAP(2.0%)+MAXLOSS_CAP;213048.75;213056.31;36;0
2026.08.14 06:37:15;XAUUSD;5;1786669207;PROFIT_RATCHET_LOCKED;floor=3.49 peak=8.22;MANAGE_PROFIT;SAFE;1;1;1;-1;-1;4318.64;7.77;7.77;8.22;-3.72;KELLY_LITE;true;0.04;213048.75;0.0417;KELLY_LITE(mult=1.30 taper=1.00 n=14)+HARD_RISK_CAP(2.0%)+MAXLOSS_CAP;213048.75;213056.52;36;0
2026.08.14 06:37:15;XAUUSD;5;1786669207;PROFIT_RATCHET_LOCKED;floor=3.49 peak=8.22;MANAGE_PROFIT;SAFE;1;1;1;-1;-1;4318.64;7.83;7.83;8.22;-3.72;KELLY_LITE;true;0.04;213048.75;0.0417;KELLY_LITE(mult=1.30 taper=1.00 n=14)+HARD_RISK_CAP(2.0%)+MAXLOSS_CAP;213048.75;213056.58;36;0
2026.08.14 06:37:16;XAUUSD;5;1786669207;PROFIT_RATCHET_LOCKED;floor=3.49 peak=8.22;MANAGE_PROFIT;SAFE;1;1;1;-1;-1;4318.64;7.68;7.68;8.22;-3.72;KELLY_LITE;true;0.04;213048.75;0.0417;KELLY_LITE(mult=1.30 taper=1.00 n=14)+HARD_RISK_CAP(2.0%)+MAXLOSS_CAP;213048.75;213056.43;36;0
2026.08.14 06:37:16;XAUUSD;5;1786669207;PROFIT_RATCHET_LOCKED;floor=3.49 peak=8.22;MANAGE_PROFIT;SAFE;1;1;1;-1;-1;4318.64;7.83;7.83;8.22;-3.72;KELLY_LITE;true;0.04;213048.75;0.0417;KELLY_LITE(mult=1.30 taper=1.00 n=14)+HARD_RISK_CAP(2.0%)+MAXLOSS_CAP;213048.75;213056.58;36;0
2026.08.14 06:37:16;XAUUSD;5;1786669207;PROFIT_RATCHET_LOCKED;floor=3.49 peak=8.22;MANAGE_PROFIT;SAFE;1;1;1;-1;-1;4318.64;7.95;7.95;8.22;-3.72;KELLY_LITE;true;0.04;213048.75;0.0417;KELLY_LITE(mult=1.30 taper=1.00 n=14)+HARD_RISK_CAP(2.0%)+MAXLOSS_CAP;213048.75;213056.70;36;0
2026.08.14 06:37:16;XAUUSD;5;1786669207;PROFIT_RATCHET_LOCKED;floor=3.49 peak=8.22;MANAGE_PROFIT;SAFE;1;1;1;-1;-1;4318.64;7.74;7.74;8.22;-3.72;KELLY_LITE;true;0.04;213048.75;0.0417;KELLY_LITE(mult=1.30 taper=1.00 n=14)+HARD_RISK_CAP(2.0%)+MAXLOSS_CAP;213048.75;213056.49;36;0
2026.08.14 06:37:16;XAUUSD;5;1786669207;PROFIT_RATCHET_LOCKED;floor=3.49 peak=8.22;MANAGE_PROFIT;SAFE;1;1;1;-1;-1;4318.64;7.71;7.71;8.22;-3.72;KELLY_LITE;true;0.04;213048.75;0.0417;KELLY_LITE(mult=1.30 taper=1.00 n=14)+HARD_RISK_CAP(2.0%)+MAXLOSS_CAP;213048.75;213056.46;36;0
2026.08.14 06:37:17;XAUUSD;5;1786669207;SL_MODIFY_FAILED;ticket=119500611 newSL=4320.88 reason=break_even_lock_leg_0 err=0;MANAGE_PROFIT;SAFE;1;1;1;-1;-1;4318.64;8.07;8.07;8.28;-3.72;KELLY_LITE;true;0.04;213048.75;0.0417;KELLY_LITE(mult=1.30 taper=1.00 n=14)+HARD_RISK_CAP(2.0%)+MAXLOSS_CAP;213048.75;213056.82;36;0
2026.08.14 06:37:17;XAUUSD;5;1786669207;PROFIT_RATCHET_LOCKED;floor=3.52 peak=8.28;MANAGE_PROFIT;SAFE;1;1;1;-1;-1;4318.64;8.07;8.07;8.28;-3.72;KELLY_LITE;true;0.04;213048.75;0.0417;KELLY_LITE(mult=1.30 taper=1.00 n=14)+HARD_RISK_CAP(2.0%)+MAXLOSS_CAP;213048.75;213056.82;36;0
2026.08.14 06:37:17;XAUUSD;5;1786669207;PROFIT_RATCHET_LOCKED;floor=3.52 peak=8.28;MANAGE_PROFIT;SAFE;1;1;1;-1;-1;4318.64;8.07;8.07;8.28;-3.72;KELLY_LITE;true;0.04;213048.75;0.0417;KELLY_LITE(mult=1.30 taper=1.00 n=14)+HARD_RISK_CAP(2.0%)+MAXLOSS_CAP;213048.75;213056.82;36;0
2026.08.14 06:37:18;XAUUSD;5;1786669207;PROFIT_RATCHET_LOCKED;floor=3.52 peak=8.28;MANAGE_PROFIT;SAFE;1;1;1;-1;-1;4318.64;8.01;8.01;8.28;-3.72;KELLY_LITE;true;0.04;213048.75;0.0417;KELLY_LITE(mult=1.30 taper=1.00 n=14)+HARD_RISK_CAP(2.0%)+MAXLOSS_CAP;213048.75;213056.76;36;0
2026.08.14 06:37:18;XAUUSD;5;1786669207;PROFIT_RATCHET_LOCKED;floor=3.52 peak=8.28;MANAGE_PROFIT;SAFE;1;1;1;-1;-1;4318.64;8.10;8.10;8.28;-3.72;KELLY_LITE;true;0.04;213048.75;0.0417;KELLY_LITE(mult=1.30 taper=1.00 n=14)+HARD_RISK_CAP(2.0%)+MAXLOSS_CAP;213048.75;213056.85;36;0
2026.08.14 06:37:18;XAUUSD;5;1786669207;PROFIT_RATCHET_LOCKED;floor=3.52 peak=8.28;MANAGE_PROFIT;SAFE;1;1;1;-1;-1;4318.64;8.04;8.04;8.28;-3.72;KELLY_LITE;true;0.04;213048.75;0.0417;KELLY_LITE(mult=1.30 taper=1.00 n=14)+HARD_RISK_CAP(2.0%)+MAXLOSS_CAP;213048.75;213056.79;36;0
2026.08.14 06:37:18;XAUUSD;5;1786669207;PROFIT_RATCHET_LOCKED;floor=3.52 peak=8.28;MANAGE_PROFIT;SAFE;1;1;1;-1;-1;4318.64;8.04;8.04;8.28;-3.72;KELLY_LITE;true;0.04;213048.75;0.0417;KELLY_LITE(mult=1.30 taper=1.00 n=14)+HARD_RISK_CAP(2.0%)+MAXLOSS_CAP;213048.75;213056.79;34;0
2026.08.14 06:37:19;XAUUSD;5;1786669207;PROFIT_RATCHET_LOCKED;floor=3.52 peak=8.28;MANAGE_PROFIT;SAFE;1;1;1;-1;-1;4318.64;7.98;7.98;8.28;-3.72;KELLY_LITE;true;0.04;213048.75;0.0417;KELLY_LITE(mult=1.30 taper=1.00 n=14)+HARD_RISK_CAP(2.0%)+MAXLOSS_CAP;213048.75;213056.73;36;0
2026.08.14 06:37:19;XAUUSD;5;1786669207;PROFIT_RATCHET_LOCKED;floor=3.52 peak=8.28;MANAGE_PROFIT;SAFE;1;1;1;-1;-1;4318.64;8.01;8.01;8.28;-3.72;KELLY_LITE;true;0.04;213048.75;0.0417;KELLY_LITE(mult=1.30 taper=1.00 n=14)+HARD_RISK_CAP(2.0%)+MAXLOSS_CAP;213048.75;213056.76;36;0
2026.08.14 06:37:19;XAUUSD;5;1786669207;PROFIT_RATCHET_LOCKED;floor=3.52 peak=8.28;MANAGE_PROFIT;SAFE;1;1;1;-1;-1;4318.64;7.95;7.95;8.28;-3.72;KELLY_LITE;true;0.04;213048.75;0.0417;KELLY_LITE(mult=1.30 taper=1.00 n=14)+HARD_RISK_CAP(2.0%)+MAXLOSS_CAP;213048.75;213056.70;36;0
2026.08.14 06:37:19;XAUUSD;5;1786669207;PROFIT_RATCHET_LOCKED;floor=3.52 peak=8.28;MANAGE_PROFIT;SAFE;1;1;1;-1;-1;4318.64;8.01;8.01;8.28;-3.72;KELLY_LITE;true;0.04;213048.75;0.0417;KELLY_LITE(mult=1.30 taper=1.00 n=14)+HARD_RISK_CAP(2.0%)+MAXLOSS_CAP;213048.75;213056.76;36;0
2026.08.14 06:37:20;XAUUSD;5;1786669207;PROFIT_RATCHET_LOCKED;floor=3.52 peak=8.28;MANAGE_PROFIT;SAFE;1;1;1;-1;-1;4318.64;8.04;8.04;8.28;-3.72;KELLY_LITE;true;0.04;213048.75;0.0417;KELLY_LITE(mult=1.30 taper=1.00 n=14)+HARD_RISK_CAP(2.0%)+MAXLOSS_CAP;213048.75;213056.79;36;0
2026.08.14 06:37:20;XAUUSD;5;1786669207;PROFIT_RATCHET_LOCKED;floor=3.52 peak=8.28;MANAGE_PROFIT;SAFE;1;1;1;-1;-1;4318.64;8.01;8.01;8.28;-3.72;KELLY_LITE;true;0.04;213048.75;0.0417;KELLY_LITE(mult=1.30 taper=1.00 n=14)+HARD_RISK_CAP(2.0%)+MAXLOSS_CAP;213048.75;213056.76;36;0
2026.08.14 06:37:20;XAUUSD;5;1786669207;PROFIT_RATCHET_LOCKED;floor=3.52 peak=8.28;MANAGE_PROFIT;SAFE;1;1;1;-1;-1;4318.64;8.01;8.01;8.28;-3.72;KELLY_LITE;true;0.04;213048.75;0.0417;KELLY_LITE(mult=1.30 taper=1.00 n=14)+HARD_RISK_CAP(2.0%)+MAXLOSS_CAP;213048.75;213056.76;36;0
2026.08.14 06:37:21;XAUUSD;5;1786669207;PROFIT_RATCHET_LOCKED;floor=3.52 peak=8.28;MANAGE_PROFIT;SAFE;1;1;1;-1;-1;4318.64;7.14;7.14;8.28;-3.72;KELLY_LITE;true;0.04;213048.75;0.0417;KELLY_LITE(mult=1.30 taper=1.00 n=14)+HARD_RISK_CAP(2.0%)+MAXLOSS_CAP;213048.75;213055.89;37;0
2026.08.14 06:37:21;XAUUSD;5;1786669207;PROFIT_RATCHET_LOCKED;floor=3.52 peak=8.28;MANAGE_PROFIT;SAFE;1;1;1;-1;-1;4318.64;7.41;7.41;8.28;-3.72;KELLY_LITE;true;0.04;213048.75;0.0417;KELLY_LITE(mult=1.30 taper=1.00 n=14)+HARD_RISK_CAP(2.0%)+MAXLOSS_CAP;213048.75;213056.16;36;0
2026.08.14 06:37:21;XAUUSD;5;1786669207;PROFIT_RATCHET_LOCKED;floor=3.52 peak=8.28;MANAGE_PROFIT;SAFE;1;1;1;-1;-1;4318.64;7.23;7.23;8.28;-3.72;KELLY_LITE;true;0.04;213048.75;0.0417;KELLY_LITE(mult=1.30 taper=1.00 n=14)+HARD_RISK_CAP(2.0%)+MAXLOSS_CAP;213048.75;213055.98;36;0
2026.08.14 06:37:21;XAUUSD;5;1786669207;PROFIT_RATCHET_LOCKED;floor=3.52 peak=8.28;MANAGE_PROFIT;SAFE;1;1;1;-1;-1;4318.64;7.56;7.56;8.28;-3.72;KELLY_LITE;true;0.04;213048.75;0.0417;KELLY_LITE(mult=1.30 taper=1.00 n=14)+HARD_RISK_CAP(2.0%)+MAXLOSS_CAP;213048.75;213056.31;36;0
2026.08.14 06:37:21;XAUUSD;5;1786669207;PROFIT_RATCHET_LOCKED;floor=3.52 peak=8.28;MANAGE_PROFIT;SAFE;1;1;1;-1;-1;4318.64;7.53;7.53;8.28;-3.72;KELLY_LITE;true;0.04;213048.75;0.0417;KELLY_LITE(mult=1.30 taper=1.00 n=14)+HARD_RISK_CAP(2.0%)+MAXLOSS_CAP;213048.75;213056.28;36;0
2026.08.14 06:37:22;XAUUSD;5;1786669207;PROFIT_RATCHET_LOCKED;floor=3.52 peak=8.28;MANAGE_PROFIT;SAFE;1;1;1;-1;-1;4318.64;7.29;7.29;8.28;-3.72;KELLY_LITE;true;0.04;213048.75;0.0417;KELLY_LITE(mult=1.30 taper=1.00 n=14)+HARD_RISK_CAP(2.0%)+MAXLOSS_CAP;213048.75;213056.04;36;0
2026.08.14 06:37:22;XAUUSD;5;1786669207;PROFIT_RATCHET_LOCKED;floor=3.52 peak=8.28;MANAGE_PROFIT;SAFE;1;1;1;-1;-1;4318.64;7.53;7.53;8.28;-3.72;KELLY_LITE;true;0.04;213048.75;0.0417;KELLY_LITE(mult=1.30 taper=1.00 n=14)+HARD_RISK_CAP(2.0%)+MAXLOSS_CAP;213048.75;213056.28;36;0
2026.08.14 06:37:22;XAUUSD;5;1786669207;PROFIT_RATCHET_LOCKED;floor=3.52 peak=8.28;MANAGE_PROFIT;SAFE;1;1;1;-1;-1;4318.64;7.71;7.71;8.28;-3.72;KELLY_LITE;true;0.04;213048.75;0.0417;KELLY_LITE(mult=1.30 taper=1.00 n=14)+HARD_RISK_CAP(2.0%)+MAXLOSS_CAP;213048.75;213056.46;36;0
2026.08.14 06:37:23;XAUUSD;5;1786669207;PROFIT_RATCHET_LOCKED;floor=3.52 peak=8.28;MANAGE_PROFIT;SAFE;1;1;1;-1;-1;4318.64;7.41;7.41;8.28;-3.72;KELLY_LITE;true;0.04;213048.75;0.0417;KELLY_LITE(mult=1.30 taper=1.00 n=14)+HARD_RISK_CAP(2.0%)+MAXLOSS_CAP;213048.75;213056.16;36;0
2026.08.14 06:37:24;XAUUSD;5;1786669207;PROFIT_RATCHET_LOCKED;floor=3.52 peak=8.28;MANAGE_PROFIT;SAFE;1;1;1;-1;-1;4318.64;7.26;7.26;8.28;-3.72;KELLY_LITE;true;0.04;213048.75;0.0417;KELLY_LITE(mult=1.30 taper=1.00 n=14)+HARD_RISK_CAP(2.0%)+MAXLOSS_CAP;213048.75;213056.01;36;0
2026.08.14 06:37:24;XAUUSD;5;1786669207;PROFIT_RATCHET_LOCKED;floor=3.52 peak=8.28;MANAGE_PROFIT;SAFE;1;1;1;-1;-1;4318.64;7.29;7.29;8.28;-3.72;KELLY_LITE;true;0.04;213048.75;0.0417;KELLY_LITE(mult=1.30 taper=1.00 n=14)+HARD_RISK_CAP(2.0%)+MAXLOSS_CAP;213048.75;213056.04;36;0
2026.08.14 06:37:24;XAUUSD;5;1786669207;PROFIT_RATCHET_LOCKED;floor=3.52 peak=8.28;MANAGE_PROFIT;SAFE;1;1;1;-1;-1;4318.64;7.23;7.23;8.28;-3.72;KELLY_LITE;true;0.04;213048.75;0.0417;KELLY_LITE(mult=1.30 taper=1.00 n=14)+HARD_RISK_CAP(2.0%)+MAXLOSS_CAP;213048.75;213055.98;36;0
2026.08.14 06:37:25;XAUUSD;5;1786669207;PROFIT_RATCHET_LOCKED;floor=3.52 peak=8.28;MANAGE_PROFIT;SAFE;1;1;1;-1;-1;4318.64;7.17;7.17;8.28;-3.72;KELLY_LITE;true;0.04;213048.75;0.0417;KELLY_LITE(mult=1.30 taper=1.00 n=14)+HARD_RISK_CAP(2.0%)+MAXLOSS_CAP;213048.75;213055.92;36;0
2026.08.14 06:37:25;XAUUSD;5;1786669207;PROFIT_RATCHET_LOCKED;floor=3.52 peak=8.28;MANAGE_PROFIT;SAFE;1;1;1;-1;-1;4318.64;7.20;7.20;8.28;-3.72;KELLY_LITE;true;0.04;213048.75;0.0417;KELLY_LITE(mult=1.30 taper=1.00 n=14)+HARD_RISK_CAP(2.0%)+MAXLOSS_CAP;213048.75;213055.95;36;0
2026.08.14 06:37:26;XAUUSD;5;1786669207;PROFIT_RATCHET_LOCKED;floor=3.52 peak=8.28;MANAGE_PROFIT;SAFE;1;1;1;-1;-1;4318.64;7.80;7.80;8.28;-3.72;KELLY_LITE;true;0.04;213048.75;0.0417;KELLY_LITE(mult=1.30 taper=1.00 n=14)+HARD_RISK_CAP(2.0%)+MAXLOSS_CAP;213048.75;213056.55;36;0
2026.08.14 06:37:26;XAUUSD;5;1786669207;PROFIT_RATCHET_LOCKED;floor=3.52 peak=8.28;MANAGE_PROFIT;SAFE;1;1;1;-1;-1;4318.64;8.10;8.10;8.28;-3.72;KELLY_LITE;true;0.04;213048.75;0.0417;KELLY_LITE(mult=1.30 taper=1.00 n=14)+HARD_RISK_CAP(2.0%)+MAXLOSS_CAP;213048.75;213056.85;36;0
2026.08.14 06:37:27;XAUUSD;5;1786669207;SL_MODIFIED;ticket=119500611 oldSL=4320.80 newSL=4320.85 reason=break_even_lock_leg_0;MANAGE_PROFIT;SAFE;1;1;1;-1;-1;4318.64;8.37;8.37;8.28;-3.72;KELLY_LITE;true;0.04;213048.75;0.0417;KELLY_LITE(mult=1.30 taper=1.00 n=14)+HARD_RISK_CAP(2.0%)+MAXLOSS_CAP;213048.75;213057.12;36;0
2026.08.14 06:37:27;XAUUSD;5;1786669207;PROFIT_RATCHET_LOCKED;floor=3.52 peak=8.28;MANAGE_PROFIT;SAFE;1;1;1;-1;-1;4318.64;8.37;8.37;8.28;-3.72;KELLY_LITE;true;0.04;213048.75;0.0417;KELLY_LITE(mult=1.30 taper=1.00 n=14)+HARD_RISK_CAP(2.0%)+MAXLOSS_CAP;213048.75;213057.12;36;0
2026.08.14 06:37:27;XAUUSD;5;1786669207;SL_MODIFIED;ticket=119500611 oldSL=4320.85 newSL=4320.91 reason=break_even_lock_leg_0;MANAGE_PROFIT;SAFE;1;1;1;-1;-1;4318.64;8.49;8.49;8.37;-3.72;KELLY_LITE;true;0.04;213048.75;0.0417;KELLY_LITE(mult=1.30 taper=1.00 n=14)+HARD_RISK_CAP(2.0%)+MAXLOSS_CAP;213048.75;213057.24;36;0
2026.08.14 06:37:27;XAUUSD;5;1786669207;PROFIT_RATCHET_LOCKED;floor=3.56 peak=8.37;MANAGE_PROFIT;SAFE;1;1;1;-1;-1;4318.64;8.49;8.49;8.37;-3.72;KELLY_LITE;true;0.04;213048.75;0.0417;KELLY_LITE(mult=1.30 taper=1.00 n=14)+HARD_RISK_CAP(2.0%)+MAXLOSS_CAP;213048.75;213057.24;36;0
2026.08.14 06:37:28;XAUUSD;5;1786669207;PROFIT_RATCHET_LOCKED;floor=3.61 peak=8.49;MANAGE_PROFIT;SAFE;1;1;1;-1;-1;4318.64;8.40;8.40;8.49;-3.72;KELLY_LITE;true;0.04;213048.75;0.0417;KELLY_LITE(mult=1.30 taper=1.00 n=14)+HARD_RISK_CAP(2.0%)+MAXLOSS_CAP;213048.75;213057.15;36;0
2026.08.14 06:37:28;XAUUSD;5;1786669207;PROFIT_RATCHET_LOCKED;floor=3.61 peak=8.49;MANAGE_PROFIT;SAFE;1;1;1;-1;-1;4318.64;8.40;8.40;8.49;-3.72;KELLY_LITE;true;0.04;213048.75;0.0417;KELLY_LITE(mult=1.30 taper=1.00 n=14)+HARD_RISK_CAP(2.0%)+MAXLOSS_CAP;213048.75;213057.15;36;0
2026.08.14 06:37:28;XAUUSD;5;1786669207;PROFIT_RATCHET_LOCKED;floor=3.61 peak=8.49;MANAGE_PROFIT;SAFE;1;1;1;-1;-1;4318.64;8.13;8.13;8.49;-3.72;KELLY_LITE;true;0.04;213048.75;0.0417;KELLY_LITE(mult=1.30 taper=1.00 n=14)+HARD_RISK_CAP(2.0%)+MAXLOSS_CAP;213048.75;213056.88;36;0
2026.08.14 06:37:28;XAUUSD;5;1786669207;PROFIT_RATCHET_LOCKED;floor=3.61 peak=8.49;MANAGE_PROFIT;SAFE;1;1;1;-1;-1;4318.64;8.16;8.16;8.49;-3.72;KELLY_LITE;true;0.04;213048.75;0.0417;KELLY_LITE(mult=1.30 taper=1.00 n=14)+HARD_RISK_CAP(2.0%)+MAXLOSS_CAP;213048.75;213056.91;36;0
2026.08.14 06:37:28;XAUUSD;5;1786669207;PROFIT_RATCHET_LOCKED;floor=3.61 peak=8.49;MANAGE_PROFIT;SAFE;1;1;1;-1;-1;4318.64;8.13;8.13;8.49;-3.72;KELLY_LITE;true;0.04;213048.75;0.0417;KELLY_LITE(mult=1.30 taper=1.00 n=14)+HARD_RISK_CAP(2.0%)+MAXLOSS_CAP;213048.75;213056.88;36;0
2026.08.14 06:37:28;XAUUSD;5;1786669207;PROFIT_RATCHET_LOCKED;floor=3.61 peak=8.49;MANAGE_PROFIT;SAFE;1;1;1;-1;-1;4318.64;8.16;8.16;8.49;-3.72;KELLY_LITE;true;0.04;213048.75;0.0417;KELLY_LITE(mult=1.30 taper=1.00 n=14)+HARD_RISK_CAP(2.0%)+MAXLOSS_CAP;213048.75;213056.91;36;0
2026.08.14 06:37:29;XAUUSD;5;1786669207;PROFIT_RATCHET_LOCKED;floor=3.61 peak=8.49;MANAGE_PROFIT;SAFE;1;1;1;-1;-1;4318.64;8.13;8.13;8.49;-3.72;KELLY_LITE;true;0.04;213048.75;0.0417;KELLY_LITE(mult=1.30 taper=1.00 n=14)+HARD_RISK_CAP(2.0%)+MAXLOSS_CAP;213048.75;213056.88;36;0
2026.08.14 06:37:30;XAUUSD;5;1786669207;PROFIT_RATCHET_LOCKED;floor=3.61 peak=8.49;MANAGE_PROFIT;SAFE;1;1;1;-1;-1;4318.64;8.34;8.34;8.49;-3.72;KELLY_LITE;true;0.04;213048.75;0.0417;KELLY_LITE(mult=1.30 taper=1.00 n=14)+HARD_RISK_CAP(2.0%)+MAXLOSS_CAP;213048.75;213057.09;36;0
2026.08.14 06:37:30;XAUUSD;5;1786669207;SL_MODIFIED;ticket=119500611 oldSL=4320.91 newSL=4321.06 reason=break_even_lock_leg_0;MANAGE_PROFIT;SAFE;1;1;1;-1;-1;4318.64;8.97;8.97;8.82;-3.72;KELLY_LITE;true;0.04;213048.75;0.0417;KELLY_LITE(mult=1.30 taper=1.00 n=14)+HARD_RISK_CAP(2.0%)+MAXLOSS_CAP;213048.75;213057.72;35;0
2026.08.14 06:37:30;XAUUSD;5;1786669207;PROFIT_RATCHET_LOCKED;floor=3.75 peak=8.82;MANAGE_PROFIT;SAFE;1;1;1;-1;-1;4318.64;8.97;8.97;8.82;-3.72;KELLY_LITE;true;0.04;213048.75;0.0417;KELLY_LITE(mult=1.30 taper=1.00 n=14)+HARD_RISK_CAP(2.0%)+MAXLOSS_CAP;213048.75;213057.72;35;0
2026.08.14 06:37:31;XAUUSD;5;1786669207;PROFIT_RATCHET_LOCKED;floor=3.81 peak=8.97;MANAGE_PROFIT;SAFE;1;1;1;-1;-1;4318.64;8.61;8.61;8.97;-3.72;KELLY_LITE;true;0.04;213048.75;0.0417;KELLY_LITE(mult=1.30 taper=1.00 n=14)+HARD_RISK_CAP(2.0%)+MAXLOSS_CAP;213048.75;213057.36;36;0
2026.08.14 06:37:31;XAUUSD;5;1786669207;PROFIT_RATCHET_LOCKED;floor=3.81 peak=8.97;MANAGE_PROFIT;SAFE;1;1;1;-1;-1;4318.64;8.61;8.61;8.97;-3.72;KELLY_LITE;true;0.04;213048.75;0.0417;KELLY_LITE(mult=1.30 taper=1.00 n=14)+HARD_RISK_CAP(2.0%)+MAXLOSS_CAP;213048.75;213057.36;36;0
2026.08.14 06:37:31;XAUUSD;5;1786669207;PROFIT_RATCHET_LOCKED;floor=3.81 peak=8.97;MANAGE_PROFIT;SAFE;1;1;1;-1;-1;4318.64;8.61;8.61;8.97;-3.72;KELLY_LITE;true;0.04;213048.75;0.0417;KELLY_LITE(mult=1.30 taper=1.00 n=14)+HARD_RISK_CAP(2.0%)+MAXLOSS_CAP;213048.75;213057.36;33;0
2026.08.14 06:37:31;XAUUSD;5;1786669207;PROFIT_RATCHET_LOCKED;floor=3.81 peak=8.97;MANAGE_PROFIT;SAFE;1;1;1;-1;-1;4318.64;8.70;8.70;8.97;-3.72;KELLY_LITE;true;0.04;213048.75;0.0417;KELLY_LITE(mult=1.30 taper=1.00 n=14)+HARD_RISK_CAP(2.0%)+MAXLOSS_CAP;213048.75;213057.45;36;0
2026.08.14 06:37:32;XAUUSD;5;1786669207;PROFIT_RATCHET_LOCKED;floor=3.81 peak=8.97;MANAGE_PROFIT;SAFE;1;1;1;-1;-1;4318.64;8.73;8.73;8.97;-3.72;KELLY_LITE;true;0.04;213048.75;0.0417;KELLY_LITE(mult=1.30 taper=1.00 n=14)+HARD_RISK_CAP(2.0%)+MAXLOSS_CAP;213048.75;213057.48;36;0
2026.08.14 06:37:32;XAUUSD;5;1786669207;SL_MODIFIED;ticket=119500611 oldSL=4321.06 newSL=4321.13 reason=break_even_lock_leg_0;MANAGE_PROFIT;SAFE;1;1;1;-1;-1;4318.64;9.06;9.06;9.03;-3.72;KELLY_LITE;true;0.04;213048.75;0.0417;KELLY_LITE(mult=1.30 taper=1.00 n=14)+HARD_RISK_CAP(2.0%)+MAXLOSS_CAP;213048.75;213057.81;36;0
2026.08.14 06:37:32;XAUUSD;5;1786669207;PROFIT_RATCHET_LOCKED;floor=3.84 peak=9.03;MANAGE_PROFIT;SAFE;1;1;1;-1;-1;4318.64;9.06;9.06;9.03;-3.72;KELLY_LITE;true;0.04;213048.75;0.0417;KELLY_LITE(mult=1.30 taper=1.00 n=14)+HARD_RISK_CAP(2.0%)+MAXLOSS_CAP;213048.75;213057.81;36;0
2026.08.14 06:37:32;XAUUSD;5;1786669207;PROFIT_RATCHET_LOCKED;floor=3.85 peak=9.06;MANAGE_PROFIT;SAFE;1;1;1;-1;-1;4318.64;9.06;9.06;9.06;-3.72;KELLY_LITE;true;0.04;213048.75;0.0417;KELLY_LITE(mult=1.30 taper=1.00 n=14)+HARD_RISK_CAP(2.0%)+MAXLOSS_CAP;213048.75;213057.81;36;0
2026.08.14 06:37:33;XAUUSD;5;1786669207;PROFIT_RATCHET_LOCKED;floor=3.85 peak=9.06;MANAGE_PROFIT;SAFE;1;1;1;-1;-1;4318.64;8.43;8.43;9.06;-3.72;KELLY_LITE;true;0.04;213048.75;0.0417;KELLY_LITE(mult=1.30 taper=1.00 n=14)+HARD_RISK_CAP(2.0%)+MAXLOSS_CAP;213048.75;213057.18;36;0
2026.08.14 06:37:33;XAUUSD;5;1786669207;PROFIT_RATCHET_LOCKED;floor=3.85 peak=9.06;MANAGE_PROFIT;SAFE;1;1;1;-1;-1;4318.64;8.19;8.19;9.06;-3.72;KELLY_LITE;true;0.04;213048.75;0.0417;KELLY_LITE(mult=1.30 taper=1.00 n=14)+HARD_RISK_CAP(2.0%)+MAXLOSS_CAP;213048.75;213056.94;36;0
2026.08.14 06:37:33;XAUUSD;5;1786669207;PROFIT_RATCHET_LOCKED;floor=3.85 peak=9.06;MANAGE_PROFIT;SAFE;1;1;1;-1;-1;4318.64;8.10;8.10;9.06;-3.72;KELLY_LITE;true;0.04;213048.75;0.0417;KELLY_LITE(mult=1.30 taper=1.00 n=14)+HARD_RISK_CAP(2.0%)+MAXLOSS_CAP;213048.75;213056.85;36;0
2026.08.14 06:37:34;XAUUSD;5;1786669207;PROFIT_RATCHET_LOCKED;floor=3.85 peak=9.06;MANAGE_PROFIT;SAFE;1;1;1;-1;-1;4318.64;8.04;8.04;9.06;-3.72;KELLY_LITE;true;0.04;213048.75;0.0417;KELLY_LITE(mult=1.30 taper=1.00 n=14)+HARD_RISK_CAP(2.0%)+MAXLOSS_CAP;213048.75;213056.79;36;0
2026.08.14 06:37:35;XAUUSD;5;1786669207;PROFIT_RATCHET_LOCKED;floor=3.85 peak=9.06;MANAGE_PROFIT;SAFE;1;1;1;-1;-1;4318.64;8.91;8.91;9.06;-3.72;KELLY_LITE;true;0.04;213048.75;0.0417;KELLY_LITE(mult=1.30 taper=1.00 n=14)+HARD_RISK_CAP(2.0%)+MAXLOSS_CAP;213048.75;213057.66;36;0
2026.08.14 06:37:35;XAUUSD;5;1786669207;PROFIT_RATCHET_LOCKED;floor=3.85 peak=9.06;MANAGE_PROFIT;SAFE;1;1;1;-1;-1;4318.64;8.88;8.88;9.06;-3.72;KELLY_LITE;true;0.04;213048.75;0.0417;KELLY_LITE(mult=1.30 taper=1.00 n=14)+HARD_RISK_CAP(2.0%)+MAXLOSS_CAP;213048.75;213057.63;36;0
2026.08.14 06:37:35;XAUUSD;5;1786669207;PROFIT_RATCHET_LOCKED;floor=3.85 peak=9.06;MANAGE_PROFIT;SAFE;1;1;1;-1;-1;4318.64;8.91;8.91;9.06;-3.72;KELLY_LITE;true;0.04;213048.75;0.0417;KELLY_LITE(mult=1.30 taper=1.00 n=14)+HARD_RISK_CAP(2.0%)+MAXLOSS_CAP;213048.75;213057.66;36;0
2026.08.14 06:37:35;XAUUSD;5;1786669207;PROFIT_RATCHET_LOCKED;floor=3.85 peak=9.06;MANAGE_PROFIT;SAFE;1;1;1;-1;-1;4318.64;9.06;9.06;9.06;-3.72;KELLY_LITE;true;0.04;213048.75;0.0417;KELLY_LITE(mult=1.30 taper=1.00 n=14)+HARD_RISK_CAP(2.0%)+MAXLOSS_CAP;213048.75;213057.81;36;0
2026.08.14 06:37:36;XAUUSD;5;1786669207;PROFIT_RATCHET_LOCKED;floor=3.86 peak=9.09;MANAGE_PROFIT;SAFE;1;1;1;-1;-1;4318.64;9.09;9.09;9.09;-3.72;KELLY_LITE;true;0.04;213048.75;0.0417;KELLY_LITE(mult=1.30 taper=1.00 n=14)+HARD_RISK_CAP(2.0%)+MAXLOSS_CAP;213048.75;213057.84;36;0
2026.08.14 06:37:36;XAUUSD;5;1786669207;PROFIT_RATCHET_LOCKED;floor=3.86 peak=9.09;MANAGE_PROFIT;SAFE;1;1;1;-1;-1;4318.64;7.83;7.83;9.09;-3.72;KELLY_LITE;true;0.04;213048.75;0.0417;KELLY_LITE(mult=1.30 taper=1.00 n=14)+HARD_RISK_CAP(2.0%)+MAXLOSS_CAP;213048.75;213056.58;36;0
2026.08.14 06:37:36;XAUUSD;5;1786669207;EXIT_TIERED_TRAIL;profit=7.62 peak=9.09 allowedRetrace=1.36;MANAGE_PROFIT;SAFE;1;1;1;-1;-1;4318.64;7.62;7.62;9.09;-3.72;KELLY_LITE;true;0.04;213048.75;0.0417;KELLY_LITE(mult=1.30 taper=1.00 n=14)+HARD_RISK_CAP(2.0%)+MAXLOSS_CAP;213048.75;213056.37;36;0
2026.08.14 06:37:37;XAUUSD;5;1786669207;POSITION_CLOSED;ticket=119500611 reason=tiered_profit_trail lots=0.03 price=4321.18 pnl=7.62;MANAGE_PROFIT;SAFE;0;1;1;-1;-1;4318.64;0.00;0.00;9.09;-3.72;KELLY_LITE;true;0.04;213048.75;0.0417;KELLY_LITE(mult=1.30 taper=1.00 n=14)+HARD_RISK_CAP(2.0%)+MAXLOSS_CAP;213056.46;213056.46;36;0
2026.08.14 06:37:37;XAUUSD;5;1786669207;PENDING_DELETED;ticket=119500676 reason=close_all_hedge;MANAGE_PROFIT;SAFE;0;0;0;-1;-1;4318.64;0.00;0.00;9.09;-3.72;KELLY_LITE;true;0.04;213048.75;0.0417;KELLY_LITE(mult=1.30 taper=1.00 n=14)+HARD_RISK_CAP(2.0%)+MAXLOSS_CAP;213056.46;213056.46;36;0
2026.08.14 06:37:37;XAUUSD;5;1786669207;CYCLE_RESET;oldState=RESET realizedPnL=7.71 peak=9.09 worst=-3.72 pyramid=0 consLosses=0;RESET;SAFE;0;0;0;-1;-1;4318.64;0.00;0.00;9.09;-3.72;KELLY_LITE;true;0.04;213048.75;0.0417;KELLY_LITE(mult=1.30 taper=1.00 n=14)+HARD_RISK_CAP(2.0%)+MAXLOSS_CAP;213056.46;213056.46;36;0
2026.08.14 06:42:37;XAUUSD;5;1786669208;PLACE_PENDING_START;cycle=1786669208 trend=-1 consecLosses=0 preset=AGGRESSIVE;PLACE_PENDING;SAFE;0;0;0;-1;-1;0.00;0.00;0.00;0.00;0.00;KELLY_LITE;true;0.04;213048.75;0.0417;KELLY_LITE(mult=1.30 taper=1.00 n=14)+HARD_RISK_CAP(2.0%)+MAXLOSS_CAP;213056.46;213056.46;36;0
2026.08.14 06:42:37;XAUUSD;5;1786669208;DIR_OCO_PLACED;dir=BEAR ticket=119501967 price=4320.33 sl=4335.33 tp=4297.83 lot=0.03 dist=1.50;PLACE_PENDING;SAFE;0;1;0;-1;119501967;0.00;0.00;0.00;0.00;0.00;KELLY_LITE;true;0.04;213056.46;0.0417;KELLY_LITE(mult=1.35 taper=1.00 n=15)+HARD_RISK_CAP(2.0%)+MAXLOSS_CAP;213056.46;213056.46;36;0
2026.08.14 06:42:37;XAUUSD;5;1786669208;DIR_OCO_COUNTER_PLACED;dir=BULL(counter) ticket=119501969 price=4323.69 lot=0.03;PLACE_PENDING;SAFE;0;2;0;119501969;119501967;0.00;0.00;0.00;0.00;0.00;KELLY_LITE;true;0.04;213056.46;0.0417;KELLY_LITE(mult=1.35 taper=1.00 n=15)+HARD_RISK_CAP(2.0%)+MAXLOSS_CAP;213056.46;213056.46;36;0
2026.08.14 06:42:47;XAUUSD;5;1786669208;SELL_STOP_TRAILED;Old=4320.33 New=4320.64;WAIT_TRIGGER;SAFE;0;2;0;119501969;119501967;0.00;0.00;0.00;0.00;0.00;KELLY_LITE;true;0.04;213056.46;0.0417;KELLY_LITE(mult=1.35 taper=1.00 n=15)+HARD_RISK_CAP(2.0%)+MAXLOSS_CAP;213056.46;213056.46;36;0
2026.08.14 06:43:25;XAUUSD;5;1786669208;BUY_STOP_TRAILED;Old=4323.69 New=4323.10;WAIT_TRIGGER;SAFE;0;2;0;119501969;119501967;0.00;0.00;0.00;0.00;0.00;KELLY_LITE;true;0.04;213056.46;0.0417;KELLY_LITE(mult=1.35 taper=1.00 n=15)+HARD_RISK_CAP(2.0%)+MAXLOSS_CAP;213056.46;213056.46;36;0
2026.08.14 06:43:32;XAUUSD;5;1786669208;BUY_STOP_TRAILED;Old=4323.10 New=4321.94;WAIT_TRIGGER;SAFE;1;1;0;119501969;119501967;0.00;0.93;0.93;0.00;0.00;KELLY_LITE;true;0.04;213056.46;0.0417;KELLY_LITE(mult=1.35 taper=1.00 n=15)+HARD_RISK_CAP(2.0%)+MAXLOSS_CAP;213056.46;213057.39;36;0
2026.08.14 06:43:32;XAUUSD;5;1786669208;OCO_TRIGGERED_SELL;ticket=119501967 entry=4320.64;POSITION_ACTIVE;SAFE;1;1;0;119501969;-1;0.00;0.93;0.93;0.00;0.00;KELLY_LITE;true;0.04;213056.46;0.0417;KELLY_LITE(mult=1.35 taper=1.00 n=15)+HARD_RISK_CAP(2.0%)+MAXLOSS_CAP;213056.46;213057.39;36;0
2026.08.14 06:43:33;XAUUSD;5;1786669208;PENDING_DELETED;ticket=119501969 reason=oco_sell_triggered;POSITION_ACTIVE;SAFE;1;0;0;119501969;-1;0.00;1.62;1.62;0.00;0.00;KELLY_LITE;true;0.04;213056.46;0.0417;KELLY_LITE(mult=1.35 taper=1.00 n=15)+HARD_RISK_CAP(2.0%)+MAXLOSS_CAP;213056.46;213058.08;35;0
2026.08.14 06:43:34;XAUUSD;5;1786669208;HEDGE_PENDING_PLACED;dir=BUY_STOP ticket=119502142 price=4323.10 sl=4320.10 lot=0.05 mainEntry=4320.64 dist=3.00 confirmBars=1;POSITION_ACTIVE;SAFE;1;1;1;-1;-1;4320.64;1.53;1.53;1.62;0.00;KELLY_LITE;true;0.04;213056.46;0.0417;KELLY_LITE(mult=1.35 taper=1.00 n=15)+HARD_RISK_CAP(2.0%)+MAXLOSS_CAP;213056.46;213057.99;36;0
2026.08.14 06:44:53;XAUUSD;5;1786669208;SL_MODIFIED;ticket=119501967 oldSL=4332.64 newSL=4318.39 reason=break_even_lock_leg_0;MANAGE_PROFIT;SAFE;1;1;1;-1;-1;4320.64;8.31;8.31;8.31;0.00;KELLY_LITE;true;0.04;213056.46;0.0417;KELLY_LITE(mult=1.35 taper=1.00 n=15)+HARD_RISK_CAP(2.0%)+MAXLOSS_CAP;213056.46;213064.77;36;0
2026.08.14 06:44:53;XAUUSD;5;1786669208;PROFIT_RATCHET_LOCKED;floor=2.80 peak=8.31;MANAGE_PROFIT;SAFE;1;1;1;-1;-1;4320.64;8.31;8.31;8.31;0.00;KELLY_LITE;true;0.04;213056.46;0.0417;KELLY_LITE(mult=1.35 taper=1.00 n=15)+HARD_RISK_CAP(2.0%)+MAXLOSS_CAP;213056.46;213064.77;36;0
2026.08.14 06:44:53;XAUUSD;5;1786669208;PROFIT_RATCHET_LOCKED;floor=2.80 peak=8.31;MANAGE_PROFIT;SAFE;1;1;1;-1;-1;4320.64;8.31;8.31;8.31;0.00;KELLY_LITE;true;0.04;213056.46;0.0417;KELLY_LITE(mult=1.35 taper=1.00 n=15)+HARD_RISK_CAP(2.0%)+MAXLOSS_CAP;213056.46;213064.77;36;0
2026.08.14 06:44:54;XAUUSD;5;1786669208;SL_MODIFIED;ticket=119501967 oldSL=4318.39 newSL=4318.36 reason=break_even_lock_leg_0;MANAGE_PROFIT;SAFE;1;1;1;-1;-1;4320.64;8.40;8.40;8.40;0.00;KELLY_LITE;true;0.04;213056.46;0.0417;KELLY_LITE(mult=1.35 taper=1.00 n=15)+HARD_RISK_CAP(2.0%)+MAXLOSS_CAP;213056.46;213064.86;36;0
2026.08.14 06:44:54;XAUUSD;5;1786669208;PROFIT_RATCHET_LOCKED;floor=2.83 peak=8.40;MANAGE_PROFIT;SAFE;1;1;1;-1;-1;4320.64;8.40;8.40;8.40;0.00;KELLY_LITE;true;0.04;213056.46;0.0417;KELLY_LITE(mult=1.35 taper=1.00 n=15)+HARD_RISK_CAP(2.0%)+MAXLOSS_CAP;213056.46;213064.86;36;0
2026.08.14 06:44:54;XAUUSD;5;1786669208;PROFIT_RATCHET_LOCKED;floor=2.85 peak=8.43;MANAGE_PROFIT;SAFE;1;1;1;-1;-1;4320.64;8.43;8.43;8.43;0.00;KELLY_LITE;true;0.04;213056.46;0.0417;KELLY_LITE(mult=1.35 taper=1.00 n=15)+HARD_RISK_CAP(2.0%)+MAXLOSS_CAP;213056.46;213064.89;36;0
2026.08.14 06:44:54;XAUUSD;5;1786669208;PROFIT_RATCHET_LOCKED;floor=2.85 peak=8.43;MANAGE_PROFIT;SAFE;1;1;1;-1;-1;4320.64;8.25;8.25;8.43;0.00;KELLY_LITE;true;0.04;213056.46;0.0417;KELLY_LITE(mult=1.35 taper=1.00 n=15)+HARD_RISK_CAP(2.0%)+MAXLOSS_CAP;213056.46;213064.71;36;0
2026.08.14 06:44:55;XAUUSD;5;1786669208;PROFIT_RATCHET_LOCKED;floor=2.85 peak=8.43;MANAGE_PROFIT;SAFE;1;1;1;-1;-1;4320.64;8.19;8.19;8.43;0.00;KELLY_LITE;true;0.04;213056.46;0.0417;KELLY_LITE(mult=1.35 taper=1.00 n=15)+HARD_RISK_CAP(2.0%)+MAXLOSS_CAP;213056.46;213064.65;36;0
2026.08.14 06:44:55;XAUUSD;5;1786669208;PROFIT_RATCHET_LOCKED;floor=2.85 peak=8.43;MANAGE_PROFIT;SAFE;1;1;1;-1;-1;4320.64;8.10;8.10;8.43;0.00;KELLY_LITE;true;0.04;213056.46;0.0417;KELLY_LITE(mult=1.35 taper=1.00 n=15)+HARD_RISK_CAP(2.0%)+MAXLOSS_CAP;213056.46;213064.56;36;0
2026.08.14 06:44:55;XAUUSD;5;1786669208;PROFIT_RATCHET_LOCKED;floor=2.85 peak=8.43;MANAGE_PROFIT;SAFE;1;1;1;-1;-1;4320.64;8.16;8.16;8.43;0.00;KELLY_LITE;true;0.04;213056.46;0.0417;KELLY_LITE(mult=1.35 taper=1.00 n=15)+HARD_RISK_CAP(2.0%)+MAXLOSS_CAP;213056.46;213064.62;36;0
2026.08.14 06:44:56;XAUUSD;5;1786669208;PROFIT_RATCHET_LOCKED;floor=2.85 peak=8.43;MANAGE_PROFIT;SAFE;1;1;1;-1;-1;4320.64;8.43;8.43;8.43;0.00;KELLY_LITE;true;0.04;213056.46;0.0417;KELLY_LITE(mult=1.35 taper=1.00 n=15)+HARD_RISK_CAP(2.0%)+MAXLOSS_CAP;213056.46;213064.89;36;0
2026.08.14 06:44:56;XAUUSD;5;1786669208;PROFIT_RATCHET_LOCKED;floor=2.85 peak=8.43;MANAGE_PROFIT;SAFE;1;1;1;-1;-1;4320.64;8.10;8.10;8.43;0.00;KELLY_LITE;true;0.04;213056.46;0.0417;KELLY_LITE(mult=1.35 taper=1.00 n=15)+HARD_RISK_CAP(2.0%)+MAXLOSS_CAP;213056.46;213064.56;36;0
2026.08.14 06:44:57;XAUUSD;5;1786669208;PROFIT_RATCHET_LOCKED;floor=2.85 peak=8.43;MANAGE_PROFIT;SAFE;1;1;1;-1;-1;4320.64;8.04;8.04;8.43;0.00;KELLY_LITE;true;0.04;213056.46;0.0417;KELLY_LITE(mult=1.35 taper=1.00 n=15)+HARD_RISK_CAP(2.0%)+MAXLOSS_CAP;213056.46;213064.50;36;0
2026.08.14 06:44:57;XAUUSD;5;1786669208;PROFIT_RATCHET_LOCKED;floor=2.85 peak=8.43;MANAGE_PROFIT;SAFE;1;1;1;-1;-1;4320.64;8.16;8.16;8.43;0.00;KELLY_LITE;true;0.04;213056.46;0.0417;KELLY_LITE(mult=1.35 taper=1.00 n=15)+HARD_RISK_CAP(2.0%)+MAXLOSS_CAP;213056.46;213064.62;36;0
2026.08.14 06:44:57;XAUUSD;5;1786669208;PROFIT_RATCHET_LOCKED;floor=2.85 peak=8.43;MANAGE_PROFIT;SAFE;1;1;1;-1;-1;4320.64;8.07;8.07;8.43;0.00;KELLY_LITE;true;0.04;213056.46;0.0417;KELLY_LITE(mult=1.35 taper=1.00 n=15)+HARD_RISK_CAP(2.0%)+MAXLOSS_CAP;213056.46;213064.53;36;0
2026.08.14 06:44:58;XAUUSD;5;1786669208;PROFIT_RATCHET_LOCKED;floor=2.85 peak=8.43;MANAGE_PROFIT;SAFE;1;1;1;-1;-1;4320.64;7.92;7.92;8.43;0.00;KELLY_LITE;true;0.04;213056.46;0.0417;KELLY_LITE(mult=1.35 taper=1.00 n=15)+HARD_RISK_CAP(2.0%)+MAXLOSS_CAP;213056.46;213064.38;36;0
2026.08.14 06:44:58;XAUUSD;5;1786669208;PROFIT_RATCHET_LOCKED;floor=2.85 peak=8.43;MANAGE_PROFIT;SAFE;1;1;1;-1;-1;4320.64;7.89;7.89;8.43;0.00;KELLY_LITE;true;0.04;213056.46;0.0417;KELLY_LITE(mult=1.35 taper=1.00 n=15)+HARD_RISK_CAP(2.0%)+MAXLOSS_CAP;213056.46;213064.35;36;0
2026.08.14 06:44:58;XAUUSD;5;1786669208;PROFIT_RATCHET_LOCKED;floor=2.85 peak=8.43;MANAGE_PROFIT;SAFE;1;1;1;-1;-1;4320.64;7.86;7.86;8.43;0.00;KELLY_LITE;true;0.04;213056.46;0.0417;KELLY_LITE(mult=1.35 taper=1.00 n=15)+HARD_RISK_CAP(2.0%)+MAXLOSS_CAP;213056.46;213064.32;36;0
2026.08.14 06:44:58;XAUUSD;5;1786669208;PROFIT_RATCHET_LOCKED;floor=2.85 peak=8.43;MANAGE_PROFIT;SAFE;1;1;1;-1;-1;4320.64;7.89;7.89;8.43;0.00;KELLY_LITE;true;0.04;213056.46;0.0417;KELLY_LITE(mult=1.35 taper=1.00 n=15)+HARD_RISK_CAP(2.0%)+MAXLOSS_CAP;213056.46;213064.35;36;0
2026.08.14 06:44:59;XAUUSD;5;1786669208;PROFIT_RATCHET_LOCKED;floor=2.85 peak=8.43;MANAGE_PROFIT;SAFE;1;1;1;-1;-1;4320.64;7.95;7.95;8.43;0.00;KELLY_LITE;true;0.04;213056.46;0.0417;KELLY_LITE(mult=1.35 taper=1.00 n=15)+HARD_RISK_CAP(2.0%)+MAXLOSS_CAP;213056.46;213064.41;36;0
2026.08.14 06:44:59;XAUUSD;5;1786669208;PROFIT_RATCHET_LOCKED;floor=2.85 peak=8.43;MANAGE_PROFIT;SAFE;1;1;1;-1;-1;4320.64;7.77;7.77;8.43;0.00;KELLY_LITE;true;0.04;213056.46;0.0417;KELLY_LITE(mult=1.35 taper=1.00 n=15)+HARD_RISK_CAP(2.0%)+MAXLOSS_CAP;213056.46;213064.23;36;0
2026.08.14 06:44:59;XAUUSD;5;1786669208;PROFIT_RATCHET_LOCKED;floor=2.85 peak=8.43;MANAGE_PROFIT;SAFE;1;1;1;-1;-1;4320.64;7.74;7.74;8.43;0.00;KELLY_LITE;true;0.04;213056.46;0.0417;KELLY_LITE(mult=1.35 taper=1.00 n=15)+HARD_RISK_CAP(2.0%)+MAXLOSS_CAP;213056.46;213064.20;36;0
2026.08.14 06:44:59;XAUUSD;5;1786669208;PROFIT_RATCHET_LOCKED;floor=2.85 peak=8.43;MANAGE_PROFIT;SAFE;1;1;1;-1;-1;4320.64;7.89;7.89;8.43;0.00;KELLY_LITE;true;0.04;213056.46;0.0417;KELLY_LITE(mult=1.35 taper=1.00 n=15)+HARD_RISK_CAP(2.0%)+MAXLOSS_CAP;213056.46;213064.35;36;0
2026.08.14 06:45:00;XAUUSD;5;1786669208;PROFIT_RATCHET_LOCKED;floor=2.85 peak=8.43;MANAGE_PROFIT;SAFE;1;1;1;-1;-1;4320.64;7.80;7.80;8.43;0.00;KELLY_LITE;true;0.04;213056.46;0.0417;KELLY_LITE(mult=1.35 taper=1.00 n=15)+HARD_RISK_CAP(2.0%)+MAXLOSS_CAP;213056.46;213064.26;36;0
2026.08.14 06:45:00;XAUUSD;5;1786669208;PROFIT_RATCHET_LOCKED;floor=2.85 peak=8.43;MANAGE_PROFIT;SAFE;1;1;1;-1;-1;4320.64;7.65;7.65;8.43;0.00;KELLY_LITE;true;0.04;213056.46;0.0417;KELLY_LITE(mult=1.35 taper=1.00 n=15)+HARD_RISK_CAP(2.0%)+MAXLOSS_CAP;213056.46;213064.11;36;0
2026.08.14 06:45:00;XAUUSD;5;1786669208;PROFIT_RATCHET_LOCKED;floor=2.85 peak=8.43;MANAGE_PROFIT;SAFE;1;1;1;-1;-1;4320.64;7.47;7.47;8.43;0.00;KELLY_LITE;true;0.04;213056.46;0.0417;KELLY_LITE(mult=1.35 taper=1.00 n=15)+HARD_RISK_CAP(2.0%)+MAXLOSS_CAP;213056.46;213063.93;36;0
2026.08.14 06:45:00;XAUUSD;5;1786669208;PROFIT_RATCHET_LOCKED;floor=2.85 peak=8.43;MANAGE_PROFIT;SAFE;1;1;1;-1;-1;4320.64;7.77;7.77;8.43;0.00;KELLY_LITE;true;0.04;213056.46;0.0417;KELLY_LITE(mult=1.35 taper=1.00 n=15)+HARD_RISK_CAP(2.0%)+MAXLOSS_CAP;213056.46;213064.23;36;0
2026.08.14 06:45:01;XAUUSD;5;1786669208;PROFIT_RATCHET_LOCKED;floor=2.85 peak=8.43;MANAGE_PROFIT;SAFE;1;1;1;-1;-1;4320.64;7.80;7.80;8.43;0.00;KELLY_LITE;true;0.04;213056.46;0.0417;KELLY_LITE(mult=1.35 taper=1.00 n=15)+HARD_RISK_CAP(2.0%)+MAXLOSS_CAP;213056.46;213064.26;36;0
2026.08.14 06:45:01;XAUUSD;5;1786669208;PROFIT_RATCHET_LOCKED;floor=2.85 peak=8.43;MANAGE_PROFIT;SAFE;1;1;1;-1;-1;4320.64;7.83;7.83;8.43;0.00;KELLY_LITE;true;0.04;213056.46;0.0417;KELLY_LITE(mult=1.35 taper=1.00 n=15)+HARD_RISK_CAP(2.0%)+MAXLOSS_CAP;213056.46;213064.29;36;0
2026.08.14 06:45:01;XAUUSD;5;1786669208;PROFIT_RATCHET_LOCKED;floor=2.85 peak=8.43;MANAGE_PROFIT;SAFE;1;1;1;-1;-1;4320.64;7.80;7.80;8.43;0.00;KELLY_LITE;true;0.04;213056.46;0.0417;KELLY_LITE(mult=1.35 taper=1.00 n=15)+HARD_RISK_CAP(2.0%)+MAXLOSS_CAP;213056.46;213064.26;36;0
2026.08.14 06:45:02;XAUUSD;5;1786669208;SL_MODIFY_FAILED;ticket=119501967 newSL=4318.33 reason=break_even_lock_leg_0 err=0;MANAGE_PROFIT;SAFE;1;1;1;-1;-1;4320.64;8.16;8.16;8.49;0.00;KELLY_LITE;true;0.04;213056.46;0.0417;KELLY_LITE(mult=1.35 taper=1.00 n=15)+HARD_RISK_CAP(2.0%)+MAXLOSS_CAP;213056.46;213064.62;36;0
2026.08.14 06:45:02;XAUUSD;5;1786669208;PROFIT_RATCHET_LOCKED;floor=2.87 peak=8.49;MANAGE_PROFIT;SAFE;1;1;1;-1;-1;4320.64;8.16;8.16;8.49;0.00;KELLY_LITE;true;0.04;213056.46;0.0417;KELLY_LITE(mult=1.35 taper=1.00 n=15)+HARD_RISK_CAP(2.0%)+MAXLOSS_CAP;213056.46;213064.62;36;0
2026.08.14 06:45:02;XAUUSD;5;1786669208;PROFIT_RATCHET_LOCKED;floor=2.87 peak=8.49;MANAGE_PROFIT;SAFE;1;1;1;-1;-1;4320.64;8.16;8.16;8.49;0.00;KELLY_LITE;true;0.04;213056.46;0.0417;KELLY_LITE(mult=1.35 taper=1.00 n=15)+HARD_RISK_CAP(2.0%)+MAXLOSS_CAP;213056.46;213064.62;36;0
2026.08.14 06:45:02;XAUUSD;5;1786669208;PROFIT_RATCHET_LOCKED;floor=2.87 peak=8.49;MANAGE_PROFIT;SAFE;1;1;1;-1;-1;4320.64;7.89;7.89;8.49;0.00;KELLY_LITE;true;0.04;213056.46;0.0417;KELLY_LITE(mult=1.35 taper=1.00 n=15)+HARD_RISK_CAP(2.0%)+MAXLOSS_CAP;213056.46;213064.35;36;0
2026.08.14 06:45:03;XAUUSD;5;1786669208;PROFIT_RATCHET_LOCKED;floor=2.87 peak=8.49;MANAGE_PROFIT;SAFE;1;1;1;-1;-1;4320.64;7.74;7.74;8.49;0.00;KELLY_LITE;true;0.04;213056.46;0.0417;KELLY_LITE(mult=1.35 taper=1.00 n=15)+HARD_RISK_CAP(2.0%)+MAXLOSS_CAP;213056.46;213064.20;36;0
2026.08.14 06:45:03;XAUUSD;5;1786669208;PROFIT_RATCHET_LOCKED;floor=2.87 peak=8.49;MANAGE_PROFIT;SAFE;1;1;1;-1;-1;4320.64;7.77;7.77;8.49;0.00;KELLY_LITE;true;0.04;213056.46;0.0417;KELLY_LITE(mult=1.35 taper=1.00 n=15)+HARD_RISK_CAP(2.0%)+MAXLOSS_CAP;213056.46;213064.23;36;0
2026.08.14 06:45:03;XAUUSD;5;1786669208;PROFIT_RATCHET_LOCKED;floor=2.87 peak=8.49;MANAGE_PROFIT;SAFE;1;1;1;-1;-1;4320.64;7.08;7.08;8.49;0.00;KELLY_LITE;true;0.04;213056.46;0.0417;KELLY_LITE(mult=1.35 taper=1.00 n=15)+HARD_RISK_CAP(2.0%)+MAXLOSS_CAP;213056.46;213063.54;36;0
2026.08.14 06:45:03;XAUUSD;5;1786669208;PROFIT_RATCHET_LOCKED;floor=2.87 peak=8.49;MANAGE_PROFIT;SAFE;1;1;1;-1;-1;4320.64;6.93;6.93;8.49;0.00;KELLY_LITE;true;0.04;213056.46;0.0417;KELLY_LITE(mult=1.35 taper=1.00 n=15)+HARD_RISK_CAP(2.0%)+MAXLOSS_CAP;213056.46;213063.39;36;0
2026.08.14 06:45:04;XAUUSD;5;1786669208;PROFIT_RATCHET_LOCKED;floor=2.87 peak=8.49;MANAGE_PROFIT;SAFE;1;1;1;-1;-1;4320.64;6.99;6.99;8.49;0.00;KELLY_LITE;true;0.04;213056.46;0.0417;KELLY_LITE(mult=1.35 taper=1.00 n=15)+HARD_RISK_CAP(2.0%)+MAXLOSS_CAP;213056.46;213063.45;34;0
2026.08.14 06:45:04;XAUUSD;5;1786669208;PROFIT_RATCHET_LOCKED;floor=2.87 peak=8.49;MANAGE_PROFIT;SAFE;1;1;1;-1;-1;4320.64;7.38;7.38;8.49;0.00;KELLY_LITE;true;0.04;213056.46;0.0417;KELLY_LITE(mult=1.35 taper=1.00 n=15)+HARD_RISK_CAP(2.0%)+MAXLOSS_CAP;213056.46;213063.84;36;0
2026.08.14 06:45:04;XAUUSD;5;1786669208;PROFIT_RATCHET_LOCKED;floor=2.87 peak=8.49;MANAGE_PROFIT;SAFE;1;1;1;-1;-1;4320.64;7.41;7.41;8.49;0.00;KELLY_LITE;true;0.04;213056.46;0.0417;KELLY_LITE(mult=1.35 taper=1.00 n=15)+HARD_RISK_CAP(2.0%)+MAXLOSS_CAP;213056.46;213063.87;36;0
2026.08.14 06:45:05;XAUUSD;5;1786669208;PROFIT_RATCHET_LOCKED;floor=2.87 peak=8.49;MANAGE_PROFIT;SAFE;1;1;1;-1;-1;4320.64;7.47;7.47;8.49;0.00;KELLY_LITE;true;0.04;213056.46;0.0417;KELLY_LITE(mult=1.35 taper=1.00 n=15)+HARD_RISK_CAP(2.0%)+MAXLOSS_CAP;213056.46;213063.93;36;0
2026.08.14 06:45:05;XAUUSD;5;1786669208;PROFIT_RATCHET_LOCKED;floor=2.87 peak=8.49;MANAGE_PROFIT;SAFE;1;1;1;-1;-1;4320.64;7.29;7.29;8.49;0.00;KELLY_LITE;true;0.04;213056.46;0.0417;KELLY_LITE(mult=1.35 taper=1.00 n=15)+HARD_RISK_CAP(2.0%)+MAXLOSS_CAP;213056.46;213063.75;36;0
2026.08.14 06:45:05;XAUUSD;5;1786669208;PROFIT_RATCHET_LOCKED;floor=2.87 peak=8.49;MANAGE_PROFIT;SAFE;1;1;1;-1;-1;4320.64;7.20;7.20;8.49;0.00;KELLY_LITE;true;0.04;213056.46;0.0417;KELLY_LITE(mult=1.35 taper=1.00 n=15)+HARD_RISK_CAP(2.0%)+MAXLOSS_CAP;213056.46;213063.66;36;0
2026.08.14 06:45:05;XAUUSD;5;1786669208;PROFIT_RATCHET_LOCKED;floor=2.87 peak=8.49;MANAGE_PROFIT;SAFE;1;1;1;-1;-1;4320.64;7.17;7.17;8.49;0.00;KELLY_LITE;true;0.04;213056.46;0.0417;KELLY_LITE(mult=1.35 taper=1.00 n=15)+HARD_RISK_CAP(2.0%)+MAXLOSS_CAP;213056.46;213063.63;36;0
2026.08.14 06:45:06;XAUUSD;5;1786669208;PROFIT_RATCHET_LOCKED;floor=2.87 peak=8.49;MANAGE_PROFIT;SAFE;1;1;1;-1;-1;4320.64;7.44;7.44;8.49;0.00;KELLY_LITE;true;0.04;213056.46;0.0417;KELLY_LITE(mult=1.35 taper=1.00 n=15)+HARD_RISK_CAP(2.0%)+MAXLOSS_CAP;213056.46;213063.90;36;0
2026.08.14 06:45:06;XAUUSD;5;1786669208;PROFIT_RATCHET_LOCKED;floor=2.87 peak=8.49;MANAGE_PROFIT;SAFE;1;1;1;-1;-1;4320.64;7.35;7.35;8.49;0.00;KELLY_LITE;true;0.04;213056.46;0.0417;KELLY_LITE(mult=1.35 taper=1.00 n=15)+HARD_RISK_CAP(2.0%)+MAXLOSS_CAP;213056.46;213063.81;36;0
2026.08.14 06:45:06;XAUUSD;5;1786669208;PROFIT_RATCHET_LOCKED;floor=2.87 peak=8.49;MANAGE_PROFIT;SAFE;1;1;1;-1;-1;4320.64;8.01;8.01;8.49;0.00;KELLY_LITE;true;0.04;213056.46;0.0417;KELLY_LITE(mult=1.35 taper=1.00 n=15)+HARD_RISK_CAP(2.0%)+MAXLOSS_CAP;213056.46;213064.47;36;0
2026.08.14 06:45:06;XAUUSD;5;1786669208;PROFIT_RATCHET_LOCKED;floor=2.87 peak=8.49;MANAGE_PROFIT;SAFE;1;1;1;-1;-1;4320.64;7.68;7.68;8.49;0.00;KELLY_LITE;true;0.04;213056.46;0.0417;KELLY_LITE(mult=1.35 taper=1.00 n=15)+HARD_RISK_CAP(2.0%)+MAXLOSS_CAP;213056.46;213064.14;36;0
2026.08.14 06:45:07;XAUUSD;5;1786669208;PROFIT_RATCHET_LOCKED;floor=2.87 peak=8.49;MANAGE_PROFIT;SAFE;1;1;1;-1;-1;4320.64;7.59;7.59;8.49;0.00;KELLY_LITE;true;0.04;213056.46;0.0417;KELLY_LITE(mult=1.35 taper=1.00 n=15)+HARD_RISK_CAP(2.0%)+MAXLOSS_CAP;213056.46;213064.05;36;0
2026.08.14 06:45:07;XAUUSD;5;1786669208;PROFIT_RATCHET_LOCKED;floor=2.87 peak=8.49;MANAGE_PROFIT;SAFE;1;1;1;-1;-1;4320.64;7.47;7.47;8.49;0.00;KELLY_LITE;true;0.04;213056.46;0.0417;KELLY_LITE(mult=1.35 taper=1.00 n=15)+HARD_RISK_CAP(2.0%)+MAXLOSS_CAP;213056.46;213063.93;36;0
2026.08.14 06:45:07;XAUUSD;5;1786669208;PROFIT_RATCHET_LOCKED;floor=2.87 peak=8.49;MANAGE_PROFIT;SAFE;1;1;1;-1;-1;4320.64;7.53;7.53;8.49;0.00;KELLY_LITE;true;0.04;213056.46;0.0417;KELLY_LITE(mult=1.35 taper=1.00 n=15)+HARD_RISK_CAP(2.0%)+MAXLOSS_CAP;213056.46;213063.99;36;0
2026.08.14 06:45:08;XAUUSD;5;1786669208;PROFIT_RATCHET_LOCKED;floor=2.87 peak=8.49;MANAGE_PROFIT;SAFE;1;1;1;-1;-1;4320.64;7.65;7.65;8.49;0.00;KELLY_LITE;true;0.04;213056.46;0.0417;KELLY_LITE(mult=1.35 taper=1.00 n=15)+HARD_RISK_CAP(2.0%)+MAXLOSS_CAP;213056.46;213064.11;36;0
2026.08.14 06:45:08;XAUUSD;5;1786669208;PROFIT_RATCHET_LOCKED;floor=2.87 peak=8.49;MANAGE_PROFIT;SAFE;1;1;1;-1;-1;4320.64;7.80;7.80;8.49;0.00;KELLY_LITE;true;0.04;213056.46;0.0417;KELLY_LITE(mult=1.35 taper=1.00 n=15)+HARD_RISK_CAP(2.0%)+MAXLOSS_CAP;213056.46;213064.26;36;0
2026.08.14 06:45:09;XAUUSD;5;1786669208;PROFIT_RATCHET_LOCKED;floor=2.87 peak=8.49;MANAGE_PROFIT;SAFE;1;1;1;-1;-1;4320.64;7.65;7.65;8.49;0.00;KELLY_LITE;true;0.04;213056.46;0.0417;KELLY_LITE(mult=1.35 taper=1.00 n=15)+HARD_RISK_CAP(2.0%)+MAXLOSS_CAP;213056.46;213064.11;36;0
2026.08.14 06:45:09;XAUUSD;5;1786669208;PROFIT_RATCHET_LOCKED;floor=2.87 peak=8.49;MANAGE_PROFIT;SAFE;1;1;1;-1;-1;4320.64;7.68;7.68;8.49;0.00;KELLY_LITE;true;0.04;213056.46;0.0417;KELLY_LITE(mult=1.35 taper=1.00 n=15)+HARD_RISK_CAP(2.0%)+MAXLOSS_CAP;213056.46;213064.14;36;0
2026.08.14 06:45:09;XAUUSD;5;1786669208;PROFIT_RATCHET_LOCKED;floor=2.87 peak=8.49;MANAGE_PROFIT;SAFE;1;1;1;-1;-1;4320.64;7.11;7.11;8.49;0.00;KELLY_LITE;true;0.04;213056.46;0.0417;KELLY_LITE(mult=1.35 taper=1.00 n=15)+HARD_RISK_CAP(2.0%)+MAXLOSS_CAP;213056.46;213063.57;36;0
2026.08.14 06:45:10;XAUUSD;5;1786669208;RECONCILED_BROKER_CLOSE;ticket=119501967 type=main pnl=6.84;MANAGE_PROFIT;SAFE;0;1;1;-1;-1;4320.64;0.00;0.00;8.49;0.00;KELLY_LITE;true;0.04;213056.46;0.0417;KELLY_LITE(mult=1.35 taper=1.00 n=15)+HARD_RISK_CAP(2.0%)+MAXLOSS_CAP;213063.30;213063.30;36;0
2026.08.14 06:45:10;XAUUSD;5;1786669208;PENDING_DELETED;ticket=119502142 reason=main_gone_hedge_pending;WAIT_TRIGGER;SAFE;0;0;1;-1;-1;4320.64;0.00;0.00;8.49;0.00;KELLY_LITE;true;0.04;213056.46;0.0417;KELLY_LITE(mult=1.35 taper=1.00 n=15)+HARD_RISK_CAP(2.0%)+MAXLOSS_CAP;213063.30;213063.30;36;0
2026.08.14 06:45:10;XAUUSD;5;1786669208;HEDGE_PENDING_CLEANUP;main_position_gone;WAIT_TRIGGER;SAFE;0;0;1;-1;-1;4320.64;0.00;0.00;8.49;0.00;KELLY_LITE;true;0.04;213056.46;0.0417;KELLY_LITE(mult=1.35 taper=1.00 n=15)+HARD_RISK_CAP(2.0%)+MAXLOSS_CAP;213063.30;213063.30;36;0
2026.08.14 06:45:10;XAUUSD;5;1786669208;CYCLE_RESET;oldState=WAIT_TRIGGER realizedPnL=6.84 peak=8.49 worst=0.00 pyramid=1 consLosses=0;WAIT_TRIGGER;SAFE;0;0;1;-1;-1;4320.64;0.00;0.00;8.49;0.00;KELLY_LITE;true;0.04;213056.46;0.0417;KELLY_LITE(mult=1.35 taper=1.00 n=15)+HARD_RISK_CAP(2.0%)+MAXLOSS_CAP;213063.30;213063.30;36;0
2026.08.14 06:50:10;XAUUSD;5;1786669209;PLACE_PENDING_START;cycle=1786669209 trend=-1 consecLosses=0 preset=AGGRESSIVE;PLACE_PENDING;SAFE;0;0;0;-1;-1;0.00;0.00;0.00;0.00;0.00;KELLY_LITE;true;0.04;213056.46;0.0417;KELLY_LITE(mult=1.35 taper=1.00 n=15)+HARD_RISK_CAP(2.0%)+MAXLOSS_CAP;213063.30;213063.30;36;0
2026.08.14 06:50:10;XAUUSD;5;1786669209;DIR_OCO_PLACED;dir=BEAR ticket=119503008 price=4322.92 sl=4337.92 tp=4300.42 lot=0.03 dist=1.53;PLACE_PENDING;SAFE;0;1;0;-1;119503008;0.00;0.00;0.00;0.00;0.00;KELLY_LITE;true;0.04;213063.30;0.0417;KELLY_LITE(mult=1.40 taper=1.00 n=16)+HARD_RISK_CAP(2.0%)+MAXLOSS_CAP;213063.30;213063.30;36;0
2026.08.14 06:50:11;XAUUSD;5;1786669209;DIR_OCO_COUNTER_PLACED;dir=BULL(counter) ticket=119503013 price=4326.43 lot=0.03;PLACE_PENDING;SAFE;0;2;0;119503013;119503008;0.00;0.00;0.00;0.00;0.00;KELLY_LITE;true;0.04;213063.30;0.0417;KELLY_LITE(mult=1.40 taper=1.00 n=16)+HARD_RISK_CAP(2.0%)+MAXLOSS_CAP;213063.30;213063.30;36;0
2026.08.14 06:50:15;XAUUSD;5;1786669209;SELL_STOP_TRAILED;Old=4322.92 New=4323.23;WAIT_TRIGGER;SAFE;0;2;0;119503013;119503008;0.00;0.00;0.00;0.00;0.00;KELLY_LITE;true;0.04;213063.30;0.0417;KELLY_LITE(mult=1.40 taper=1.00 n=16)+HARD_RISK_CAP(2.0%)+MAXLOSS_CAP;213063.30;213063.30;36;0
2026.08.14 06:50:19;XAUUSD;5;1786669209;SELL_STOP_TRAILED;Old=4323.23 New=4323.70;WAIT_TRIGGER;SAFE;0;2;0;119503013;119503008;0.00;0.00;0.00;0.00;0.00;KELLY_LITE;true;0.04;213063.30;0.0417;KELLY_LITE(mult=1.40 taper=1.00 n=16)+HARD_RISK_CAP(2.0%)+MAXLOSS_CAP;213063.30;213063.30;36;0
2026.08.14 06:50:19;XAUUSD;5;1786669209;SELL_STOP_TRAILED;Old=4323.70 New=4324.03;WAIT_TRIGGER;SAFE;0;2;0;119503013;119503008;0.00;0.00;0.00;0.00;0.00;KELLY_LITE;true;0.04;213063.30;0.0417;KELLY_LITE(mult=1.40 taper=1.00 n=16)+HARD_RISK_CAP(2.0%)+MAXLOSS_CAP;213063.30;213063.30;36;0
2026.08.14 06:50:20;XAUUSD;5;1786669209;SELL_STOP_TRAILED;Old=4324.03 New=4324.42;WAIT_TRIGGER;SAFE;0;2;0;119503013;119503008;0.00;0.00;0.00;0.00;0.00;KELLY_LITE;true;0.04;213063.30;0.0417;KELLY_LITE(mult=1.40 taper=1.00 n=16)+HARD_RISK_CAP(2.0%)+MAXLOSS_CAP;213063.30;213063.30;36;0
2026.08.14 06:50:25;XAUUSD;5;1786669209;OCO_TRIGGERED_BUY;ticket=119503013 entry=4326.43;POSITION_ACTIVE;SAFE;1;1;0;-1;119503008;0.00;0.60;-0.48;0.00;0.00;KELLY_LITE;true;0.04;213063.30;0.0417;KELLY_LITE(mult=1.40 taper=1.00 n=16)+HARD_RISK_CAP(2.0%)+MAXLOSS_CAP;213063.30;213063.90;36;0
2026.08.14 06:50:26;XAUUSD;5;1786669209;PENDING_DELETED;ticket=119503008 reason=oco_buy_triggered;POSITION_ACTIVE;SAFE;1;0;0;-1;119503008;0.00;-0.63;-0.63;0.00;0.00;KELLY_LITE;true;0.04;213063.30;0.0417;KELLY_LITE(mult=1.40 taper=1.00 n=16)+HARD_RISK_CAP(2.0%)+MAXLOSS_CAP;213063.30;213062.67;36;0
2026.08.14 06:50:26;XAUUSD;5;1786669209;HEDGE_PENDING_PLACED;dir=SELL_STOP ticket=119503134 price=4323.22 sl=4326.22 lot=0.05 mainEntry=4326.43 dist=3.00 confirmBars=1;POSITION_ACTIVE;SAFE;1;1;1;-1;-1;4326.43;-0.81;-0.81;0.00;-0.63;KELLY_LITE;true;0.04;213063.30;0.0417;KELLY_LITE(mult=1.40 taper=1.00 n=16)+HARD_RISK_CAP(2.0%)+MAXLOSS_CAP;213063.30;213062.49;36;0
2026.08.14 06:53:44;XAUUSD;5;1786669209;SL_MODIFIED;ticket=119503013 oldSL=4311.43 newSL=4328.57 reason=break_even_lock_leg_0 (retry buf=3pt);MANAGE_PROFIT;SAFE;1;1;1;-1;-1;4326.43;8.43;8.43;8.25;-2.49;KELLY_LITE;true;0.04;213063.30;0.0417;KELLY_LITE(mult=1.40 taper=1.00 n=16)+HARD_RISK_CAP(2.0%)+MAXLOSS_CAP;213063.30;213071.73;36;0
2026.08.14 06:53:44;XAUUSD;5;1786669209;PROFIT_RATCHET_LOCKED;floor=3.51 peak=8.25;MANAGE_PROFIT;SAFE;1;1;1;-1;-1;4326.43;8.43;8.43;8.25;-2.49;KELLY_LITE;true;0.04;213063.30;0.0417;KELLY_LITE(mult=1.40 taper=1.00 n=16)+HARD_RISK_CAP(2.0%)+MAXLOSS_CAP;213063.30;213071.73;36;0
2026.08.14 06:53:45;XAUUSD;5;1786669209;SL_MODIFY_FAILED;ticket=119503013 newSL=4328.72 reason=break_even_lock_leg_0 err=0;MANAGE_PROFIT;SAFE;1;1;1;-1;-1;4326.43;6.57;6.57;8.43;-2.49;KELLY_LITE;true;0.04;213063.30;0.0417;KELLY_LITE(mult=1.40 taper=1.00 n=16)+HARD_RISK_CAP(2.0%)+MAXLOSS_CAP;213063.30;213069.87;36;0
2026.08.14 06:53:45;XAUUSD;5;1786669209;PROFIT_RATCHET_LOCKED;floor=3.58 peak=8.43;MANAGE_PROFIT;SAFE;1;1;1;-1;-1;4326.43;6.57;6.57;8.43;-2.49;KELLY_LITE;true;0.04;213063.30;0.0417;KELLY_LITE(mult=1.40 taper=1.00 n=16)+HARD_RISK_CAP(2.0%)+MAXLOSS_CAP;213063.30;213069.87;36;0
2026.08.14 06:53:45;XAUUSD;5;1786669209;EXIT_TIERED_TRAIL;profit=6.57 peak=8.43 allowedRetrace=1.26;MANAGE_PROFIT;SAFE;1;1;1;-1;-1;4326.43;6.57;6.57;8.43;-2.49;KELLY_LITE;true;0.04;213063.30;0.0417;KELLY_LITE(mult=1.40 taper=1.00 n=16)+HARD_RISK_CAP(2.0%)+MAXLOSS_CAP;213063.30;213069.87;36;0
2026.08.14 06:53:46;XAUUSD;5;1786669209;PENDING_DELETED;ticket=119503134 reason=close_all_hedge;MANAGE_PROFIT;SAFE;0;0;0;-1;-1;4326.43;0.00;0.00;8.43;-2.49;KELLY_LITE;true;0.04;213063.30;0.0417;KELLY_LITE(mult=1.40 taper=1.00 n=16)+HARD_RISK_CAP(2.0%)+MAXLOSS_CAP;213069.72;213069.72;36;0
2026.08.14 06:53:46;XAUUSD;5;1786669209;TRADELOG_RECOVER_CLOSE;ticket=119503013 type=main pnl=6.42;RESET;SAFE;0;0;0;-1;-1;4326.43;0.00;0.00;8.43;-2.49;KELLY_LITE;true;0.04;213063.30;0.0417;KELLY_LITE(mult=1.40 taper=1.00 n=16)+HARD_RISK_CAP(2.0%)+MAXLOSS_CAP;213069.72;213069.72;36;0
2026.08.14 06:53:46;XAUUSD;5;1786669209;CYCLE_RESET;oldState=RESET realizedPnL=6.42 peak=8.43 worst=-2.49 pyramid=0 consLosses=0;RESET;SAFE;0;0;0;-1;-1;4326.43;0.00;0.00;8.43;-2.49;KELLY_LITE;true;0.04;213063.30;0.0417;KELLY_LITE(mult=1.40 taper=1.00 n=16)+HARD_RISK_CAP(2.0%)+MAXLOSS_CAP;213069.72;213069.72;36;0
2026.08.14 06:58:46;XAUUSD;5;1786669210;PLACE_PENDING_START;cycle=1786669210 trend=-1 consecLosses=0 preset=AGGRESSIVE;PLACE_PENDING;SAFE;0;0;0;-1;-1;0.00;0.00;0.00;0.00;0.00;KELLY_LITE;true;0.04;213063.30;0.0417;KELLY_LITE(mult=1.40 taper=1.00 n=16)+HARD_RISK_CAP(2.0%)+MAXLOSS_CAP;213069.72;213069.72;33;0
2026.08.14 06:58:47;XAUUSD;5;1786669210;DIR_OCO_PLACED;dir=BEAR ticket=119504625 price=4329.74 sl=4344.74 tp=4307.24 lot=0.03 dist=1.71;PLACE_PENDING;SAFE;0;1;0;-1;119504625;0.00;0.00;0.00;0.00;0.00;KELLY_LITE;true;0.04;213069.72;0.0417;KELLY_LITE(mult=1.43 taper=1.00 n=17)+HARD_RISK_CAP(2.0%)+MAXLOSS_CAP;213069.72;213069.72;33;0
2026.08.14 06:58:48;XAUUSD;5;1786669210;DIR_OCO_COUNTER_PLACED;dir=BULL(counter) ticket=119504629 price=4333.54 lot=0.03;PLACE_PENDING;SAFE;0;2;0;119504629;119504625;0.00;0.00;0.00;0.00;0.00;KELLY_LITE;true;0.04;213069.72;0.0417;KELLY_LITE(mult=1.43 taper=1.00 n=17)+HARD_RISK_CAP(2.0%)+MAXLOSS_CAP;213069.72;213069.72;33;0
2026.08.14 06:58:49;XAUUSD;5;1786669210;SELL_STOP_TRAILED;Old=4329.74 New=4330.10;WAIT_TRIGGER;SAFE;0;2;0;119504629;119504625;0.00;0.00;0.00;0.00;0.00;KELLY_LITE;true;0.04;213069.72;0.0417;KELLY_LITE(mult=1.43 taper=1.00 n=17)+HARD_RISK_CAP(2.0%)+MAXLOSS_CAP;213069.72;213069.72;33;0
2026.08.14 06:58:51;XAUUSD;5;1786669210;SELL_STOP_TRAILED;Old=4330.10 New=4330.41;WAIT_TRIGGER;SAFE;0;2;0;119504629;119504625;0.00;0.00;0.00;0.00;0.00;KELLY_LITE;true;0.04;213069.72;0.0417;KELLY_LITE(mult=1.43 taper=1.00 n=17)+HARD_RISK_CAP(2.0%)+MAXLOSS_CAP;213069.72;213069.72;33;0
2026.08.14 06:59:26;XAUUSD;5;1786669210;SELL_STOP_TRAILED;Old=4330.41 New=4330.84;WAIT_TRIGGER;SAFE;0;2;0;119504629;119504625;0.00;0.00;0.00;0.00;0.00;KELLY_LITE;true;0.04;213069.72;0.0417;KELLY_LITE(mult=1.43 taper=1.00 n=17)+HARD_RISK_CAP(2.0%)+MAXLOSS_CAP;213069.72;213069.72;36;0
2026.08.14 06:59:33;XAUUSD;5;1786669210;SELL_STOP_TRAILED;Old=4330.84 New=4331.18;WAIT_TRIGGER;SAFE;0;2;0;119504629;119504625;0.00;0.00;0.00;0.00;0.00;KELLY_LITE;true;0.04;213069.72;0.0417;KELLY_LITE(mult=1.43 taper=1.00 n=17)+HARD_RISK_CAP(2.0%)+MAXLOSS_CAP;213069.72;213069.72;33;0
2026.08.14 06:59:42;XAUUSD;5;1786669210;OCO_TRIGGERED_BUY;ticket=119504629 entry=4333.54;POSITION_ACTIVE;SAFE;1;1;0;-1;119504625;0.00;-1.02;-1.02;0.00;0.00;KELLY_LITE;true;0.04;213069.72;0.0417;KELLY_LITE(mult=1.43 taper=1.00 n=17)+HARD_RISK_CAP(2.0%)+MAXLOSS_CAP;213069.72;213068.70;36;0
2026.08.14 06:59:42;XAUUSD;5;1786669210;PENDING_DELETED;ticket=119504625 reason=oco_buy_triggered;POSITION_ACTIVE;SAFE;1;0;0;-1;119504625;0.00;-0.90;-0.90;0.00;0.00;KELLY_LITE;true;0.04;213069.72;0.0417;KELLY_LITE(mult=1.43 taper=1.00 n=17)+HARD_RISK_CAP(2.0%)+MAXLOSS_CAP;213069.72;213068.82;33;0
2026.08.14 06:59:43;XAUUSD;5;1786669210;HEDGE_PENDING_PLACED;dir=SELL_STOP ticket=119504897 price=4330.24 sl=4333.24 lot=0.05 mainEntry=4333.54 dist=3.00 confirmBars=1;POSITION_ACTIVE;SAFE;1;1;1;-1;-1;4333.54;-1.44;-1.44;0.00;-0.90;KELLY_LITE;true;0.04;213069.72;0.0417;KELLY_LITE(mult=1.43 taper=1.00 n=17)+HARD_RISK_CAP(2.0%)+MAXLOSS_CAP;213069.72;213068.28;36;0
2026.08.14 07:05:05;XAUUSD;5;1786669210;SL_MODIFIED;ticket=119504629 oldSL=4318.54 newSL=4335.62 reason=break_even_lock_leg_0 (retry buf=3pt);MANAGE_PROFIT;SAFE;1;1;1;-1;-1;4333.54;8.46;8.46;8.16;-4.98;KELLY_LITE;true;0.04;213069.72;0.0417;KELLY_LITE(mult=1.43 taper=1.00 n=17)+HARD_RISK_CAP(2.0%)+MAXLOSS_CAP;213069.72;213078.18;37;0
2026.08.14 07:05:05;XAUUSD;5;1786669210;PROFIT_RATCHET_LOCKED;floor=3.47 peak=8.16;MANAGE_PROFIT;SAFE;1;1;1;-1;-1;4333.54;8.46;8.46;8.16;-4.98;KELLY_LITE;true;0.04;213069.72;0.0417;KELLY_LITE(mult=1.43 taper=1.00 n=17)+HARD_RISK_CAP(2.0%)+MAXLOSS_CAP;213069.72;213078.18;37;0
2026.08.14 07:05:05;XAUUSD;5;1786669210;SL_MODIFIED;ticket=119504629 oldSL=4335.62 newSL=4335.84 reason=break_even_lock_leg_0;MANAGE_PROFIT;SAFE;1;1;1;-1;-1;4333.54;8.49;8.49;8.46;-4.98;KELLY_LITE;true;0.04;213069.72;0.0417;KELLY_LITE(mult=1.43 taper=1.00 n=17)+HARD_RISK_CAP(2.0%)+MAXLOSS_CAP;213069.72;213078.21;33;0
2026.08.14 07:05:05;XAUUSD;5;1786669210;PROFIT_RATCHET_LOCKED;floor=3.60 peak=8.46;MANAGE_PROFIT;SAFE;1;1;1;-1;-1;4333.54;8.49;8.49;8.46;-4.98;KELLY_LITE;true;0.04;213069.72;0.0417;KELLY_LITE(mult=1.43 taper=1.00 n=17)+HARD_RISK_CAP(2.0%)+MAXLOSS_CAP;213069.72;213078.21;33;0
2026.08.14 07:05:05;XAUUSD;5;1786669210;PROFIT_RATCHET_LOCKED;floor=3.61 peak=8.49;MANAGE_PROFIT;SAFE;1;1;1;-1;-1;4333.54;8.49;8.49;8.49;-4.98;KELLY_LITE;true;0.04;213069.72;0.0417;KELLY_LITE(mult=1.43 taper=1.00 n=17)+HARD_RISK_CAP(2.0%)+MAXLOSS_CAP;213069.72;213078.21;33;0
2026.08.14 07:05:06;XAUUSD;5;1786669210;SL_MODIFIED;ticket=119504629 oldSL=4335.84 newSL=4335.91 reason=break_even_lock_leg_0;MANAGE_PROFIT;SAFE;1;1;1;-1;-1;4333.54;8.76;8.76;8.67;-4.98;KELLY_LITE;true;0.04;213069.72;0.0417;KELLY_LITE(mult=1.43 taper=1.00 n=17)+HARD_RISK_CAP(2.0%)+MAXLOSS_CAP;213069.72;213078.48;36;0
2026.08.14 07:05:06;XAUUSD;5;1786669210;PROFIT_RATCHET_LOCKED;floor=3.68 peak=8.67;MANAGE_PROFIT;SAFE;1;1;1;-1;-1;4333.54;8.76;8.76;8.67;-4.98;KELLY_LITE;true;0.04;213069.72;0.0417;KELLY_LITE(mult=1.43 taper=1.00 n=17)+HARD_RISK_CAP(2.0%)+MAXLOSS_CAP;213069.72;213078.48;36;0
2026.08.14 07:05:06;XAUUSD;5;1786669210;SL_MODIFIED;ticket=119504629 oldSL=4335.91 newSL=4335.94 reason=break_even_lock_leg_0;MANAGE_PROFIT;SAFE;1;1;1;-1;-1;4333.54;8.76;8.76;8.76;-4.98;KELLY_LITE;true;0.04;213069.72;0.0417;KELLY_LITE(mult=1.43 taper=1.00 n=17)+HARD_RISK_CAP(2.0%)+MAXLOSS_CAP;213069.72;213078.48;36;0
2026.08.14 07:05:06;XAUUSD;5;1786669210;PROFIT_RATCHET_LOCKED;floor=3.72 peak=8.76;MANAGE_PROFIT;SAFE;1;1;1;-1;-1;4333.54;8.76;8.76;8.76;-4.98;KELLY_LITE;true;0.04;213069.72;0.0417;KELLY_LITE(mult=1.43 taper=1.00 n=17)+HARD_RISK_CAP(2.0%)+MAXLOSS_CAP;213069.72;213078.48;36;0
2026.08.14 07:05:07;XAUUSD;5;1786669210;PROFIT_RATCHET_LOCKED;floor=3.74 peak=8.79;MANAGE_PROFIT;SAFE;1;1;1;-1;-1;4333.54;8.79;8.79;8.79;-4.98;KELLY_LITE;true;0.04;213069.72;0.0417;KELLY_LITE(mult=1.43 taper=1.00 n=17)+HARD_RISK_CAP(2.0%)+MAXLOSS_CAP;213069.72;213078.51;36;0
2026.08.14 07:05:07;XAUUSD;5;1786669210;PROFIT_RATCHET_LOCKED;floor=3.74 peak=8.79;MANAGE_PROFIT;SAFE;1;1;1;-1;-1;4333.54;8.76;8.76;8.79;-4.98;KELLY_LITE;true;0.04;213069.72;0.0417;KELLY_LITE(mult=1.43 taper=1.00 n=17)+HARD_RISK_CAP(2.0%)+MAXLOSS_CAP;213069.72;213078.48;35;0
2026.08.14 07:05:08;XAUUSD;5;1786669210;SL_MODIFIED;ticket=119504629 oldSL=4335.94 newSL=4335.96 reason=break_even_lock_leg_0;MANAGE_PROFIT;SAFE;1;1;1;-1;-1;4333.54;8.85;8.85;8.82;-4.98;KELLY_LITE;true;0.04;213069.72;0.0417;KELLY_LITE(mult=1.43 taper=1.00 n=17)+HARD_RISK_CAP(2.0%)+MAXLOSS_CAP;213069.72;213078.57;36;0
2026.08.14 07:05:08;XAUUSD;5;1786669210;PROFIT_RATCHET_LOCKED;floor=3.75 peak=8.82;MANAGE_PROFIT;SAFE;1;1;1;-1;-1;4333.54;8.85;8.85;8.82;-4.98;KELLY_LITE;true;0.04;213069.72;0.0417;KELLY_LITE(mult=1.43 taper=1.00 n=17)+HARD_RISK_CAP(2.0%)+MAXLOSS_CAP;213069.72;213078.57;36;0
2026.08.14 07:05:08;XAUUSD;5;1786669210;PROFIT_RATCHET_LOCKED;floor=3.76 peak=8.85;MANAGE_PROFIT;SAFE;1;1;1;-1;-1;4333.54;8.85;8.85;8.85;-4.98;KELLY_LITE;true;0.04;213069.72;0.0417;KELLY_LITE(mult=1.43 taper=1.00 n=17)+HARD_RISK_CAP(2.0%)+MAXLOSS_CAP;213069.72;213078.57;36;0
2026.08.14 07:05:08;XAUUSD;5;1786669210;PROFIT_RATCHET_LOCKED;floor=3.76 peak=8.85;MANAGE_PROFIT;SAFE;1;1;1;-1;-1;4333.54;8.82;8.82;8.85;-4.98;KELLY_LITE;true;0.04;213069.72;0.0417;KELLY_LITE(mult=1.43 taper=1.00 n=17)+HARD_RISK_CAP(2.0%)+MAXLOSS_CAP;213069.72;213078.54;36;0
2026.08.14 07:05:08;XAUUSD;5;1786669210;SL_MODIFIED;ticket=119504629 oldSL=4335.96 newSL=4336.00 reason=break_even_lock_leg_0;MANAGE_PROFIT;SAFE;1;1;1;-1;-1;4333.54;9.09;9.09;8.94;-4.98;KELLY_LITE;true;0.04;213069.72;0.0417;KELLY_LITE(mult=1.43 taper=1.00 n=17)+HARD_RISK_CAP(2.0%)+MAXLOSS_CAP;213069.72;213078.81;36;0
2026.08.14 07:05:08;XAUUSD;5;1786669210;PROFIT_RATCHET_LOCKED;floor=3.80 peak=8.94;MANAGE_PROFIT;SAFE;1;1;1;-1;-1;4333.54;9.09;9.09;8.94;-4.98;KELLY_LITE;true;0.04;213069.72;0.0417;KELLY_LITE(mult=1.43 taper=1.00 n=17)+HARD_RISK_CAP(2.0%)+MAXLOSS_CAP;213069.72;213078.81;36;0
2026.08.14 07:05:09;XAUUSD;5;1786669210;SL_MODIFIED;ticket=119504629 oldSL=4336.00 newSL=4336.05 reason=break_even_lock_leg_0;MANAGE_PROFIT;SAFE;1;1;1;-1;-1;4333.54;9.06;9.06;9.09;-4.98;KELLY_LITE;true;0.04;213069.72;0.0417;KELLY_LITE(mult=1.43 taper=1.00 n=17)+HARD_RISK_CAP(2.0%)+MAXLOSS_CAP;213069.72;213078.78;36;0
2026.08.14 07:05:09;XAUUSD;5;1786669210;PROFIT_RATCHET_LOCKED;floor=3.86 peak=9.09;MANAGE_PROFIT;SAFE;1;1;1;-1;-1;4333.54;9.06;9.06;9.09;-4.98;KELLY_LITE;true;0.04;213069.72;0.0417;KELLY_LITE(mult=1.43 taper=1.00 n=17)+HARD_RISK_CAP(2.0%)+MAXLOSS_CAP;213069.72;213078.78;36;0
2026.08.14 07:05:09;XAUUSD;5;1786669210;PROFIT_RATCHET_LOCKED;floor=3.86 peak=9.09;MANAGE_PROFIT;SAFE;1;1;1;-1;-1;4333.54;9.06;9.06;9.09;-4.98;KELLY_LITE;true;0.04;213069.72;0.0417;KELLY_LITE(mult=1.43 taper=1.00 n=17)+HARD_RISK_CAP(2.0%)+MAXLOSS_CAP;213069.72;213078.78;36;0
2026.08.14 07:05:09;XAUUSD;5;1786669210;PROFIT_RATCHET_LOCKED;floor=3.86 peak=9.09;MANAGE_PROFIT;SAFE;1;1;1;-1;-1;4333.54;8.97;8.97;9.09;-4.98;KELLY_LITE;true;0.04;213069.72;0.0417;KELLY_LITE(mult=1.43 taper=1.00 n=17)+HARD_RISK_CAP(2.0%)+MAXLOSS_CAP;213069.72;213078.69;36;0
2026.08.14 07:05:10;XAUUSD;5;1786669210;PROFIT_RATCHET_LOCKED;floor=3.86 peak=9.09;MANAGE_PROFIT;SAFE;1;1;1;-1;-1;4333.54;9.03;9.03;9.09;-4.98;KELLY_LITE;true;0.04;213069.72;0.0417;KELLY_LITE(mult=1.43 taper=1.00 n=17)+HARD_RISK_CAP(2.0%)+MAXLOSS_CAP;213069.72;213078.75;36;0
2026.08.14 07:05:10;XAUUSD;5;1786669210;PROFIT_RATCHET_LOCKED;floor=3.86 peak=9.09;MANAGE_PROFIT;SAFE;1;1;1;-1;-1;4333.54;9.00;9.00;9.09;-4.98;KELLY_LITE;true;0.04;213069.72;0.0417;KELLY_LITE(mult=1.43 taper=1.00 n=17)+HARD_RISK_CAP(2.0%)+MAXLOSS_CAP;213069.72;213078.72;36;0
2026.08.14 07:05:10;XAUUSD;5;1786669210;PROFIT_RATCHET_LOCKED;floor=3.86 peak=9.09;MANAGE_PROFIT;SAFE;1;1;1;-1;-1;4333.54;8.04;8.04;9.09;-4.98;KELLY_LITE;true;0.04;213069.72;0.0417;KELLY_LITE(mult=1.43 taper=1.00 n=17)+HARD_RISK_CAP(2.0%)+MAXLOSS_CAP;213069.72;213077.76;36;0
2026.08.14 07:05:11;XAUUSD;5;1786669210;PROFIT_RATCHET_LOCKED;floor=3.86 peak=9.09;MANAGE_PROFIT;SAFE;1;1;1;-1;-1;4333.54;7.89;7.89;9.09;-4.98;KELLY_LITE;true;0.04;213069.72;0.0417;KELLY_LITE(mult=1.43 taper=1.00 n=17)+HARD_RISK_CAP(2.0%)+MAXLOSS_CAP;213069.72;213077.61;36;0
2026.08.14 07:05:11;XAUUSD;5;1786669210;PROFIT_RATCHET_LOCKED;floor=3.86 peak=9.09;MANAGE_PROFIT;SAFE;1;1;1;-1;-1;4333.54;7.83;7.83;9.09;-4.98;KELLY_LITE;true;0.04;213069.72;0.0417;KELLY_LITE(mult=1.43 taper=1.00 n=17)+HARD_RISK_CAP(2.0%)+MAXLOSS_CAP;213069.72;213077.55;36;0
2026.08.14 07:05:11;XAUUSD;5;1786669210;PROFIT_RATCHET_LOCKED;floor=3.86 peak=9.09;MANAGE_PROFIT;SAFE;1;1;1;-1;-1;4333.54;8.04;8.04;9.09;-4.98;KELLY_LITE;true;0.04;213069.72;0.0417;KELLY_LITE(mult=1.43 taper=1.00 n=17)+HARD_RISK_CAP(2.0%)+MAXLOSS_CAP;213069.72;213077.76;36;0
2026.08.14 07:05:11;XAUUSD;5;1786669210;PROFIT_RATCHET_LOCKED;floor=3.86 peak=9.09;MANAGE_PROFIT;SAFE;1;1;1;-1;-1;4333.54;8.10;8.10;9.09;-4.98;KELLY_LITE;true;0.04;213069.72;0.0417;KELLY_LITE(mult=1.43 taper=1.00 n=17)+HARD_RISK_CAP(2.0%)+MAXLOSS_CAP;213069.72;213077.82;36;0
2026.08.14 07:05:12;XAUUSD;5;1786669210;PROFIT_RATCHET_LOCKED;floor=3.86 peak=9.09;MANAGE_PROFIT;SAFE;1;1;1;-1;-1;4333.54;7.92;7.92;9.09;-4.98;KELLY_LITE;true;0.04;213069.72;0.0417;KELLY_LITE(mult=1.43 taper=1.00 n=17)+HARD_RISK_CAP(2.0%)+MAXLOSS_CAP;213069.72;213077.64;36;0
2026.08.14 07:05:12;XAUUSD;5;1786669210;PROFIT_RATCHET_LOCKED;floor=3.86 peak=9.09;MANAGE_PROFIT;SAFE;1;1;1;-1;-1;4333.54;8.28;8.28;9.09;-4.98;KELLY_LITE;true;0.04;213069.72;0.0417;KELLY_LITE(mult=1.43 taper=1.00 n=17)+HARD_RISK_CAP(2.0%)+MAXLOSS_CAP;213069.72;213078.00;36;0
2026.08.14 07:05:12;XAUUSD;5;1786669210;PROFIT_RATCHET_LOCKED;floor=3.86 peak=9.09;MANAGE_PROFIT;SAFE;1;1;1;-1;-1;4333.54;7.80;7.80;9.09;-4.98;KELLY_LITE;true;0.04;213069.72;0.0417;KELLY_LITE(mult=1.43 taper=1.00 n=17)+HARD_RISK_CAP(2.0%)+MAXLOSS_CAP;213069.72;213077.52;36;0
2026.08.14 07:05:13;XAUUSD;5;1786669210;PROFIT_RATCHET_LOCKED;floor=3.86 peak=9.09;MANAGE_PROFIT;SAFE;1;1;1;-1;-1;4333.54;7.74;7.74;9.09;-4.98;KELLY_LITE;true;0.04;213069.72;0.0417;KELLY_LITE(mult=1.43 taper=1.00 n=17)+HARD_RISK_CAP(2.0%)+MAXLOSS_CAP;213069.72;213077.46;36;0
2026.08.14 07:05:13;XAUUSD;5;1786669210;PROFIT_RATCHET_LOCKED;floor=3.86 peak=9.09;MANAGE_PROFIT;SAFE;1;1;1;-1;-1;4333.54;7.89;7.89;9.09;-4.98;KELLY_LITE;true;0.04;213069.72;0.0417;KELLY_LITE(mult=1.43 taper=1.00 n=17)+HARD_RISK_CAP(2.0%)+MAXLOSS_CAP;213069.72;213077.61;36;0
2026.08.14 07:05:13;XAUUSD;5;1786669210;PROFIT_RATCHET_LOCKED;floor=3.86 peak=9.09;MANAGE_PROFIT;SAFE;1;1;1;-1;-1;4333.54;8.04;8.04;9.09;-4.98;KELLY_LITE;true;0.04;213069.72;0.0417;KELLY_LITE(mult=1.43 taper=1.00 n=17)+HARD_RISK_CAP(2.0%)+MAXLOSS_CAP;213069.72;213077.76;35;0
2026.08.14 07:05:13;XAUUSD;5;1786669210;PROFIT_RATCHET_LOCKED;floor=3.86 peak=9.09;MANAGE_PROFIT;SAFE;1;1;1;-1;-1;4333.54;7.98;7.98;9.09;-4.98;KELLY_LITE;true;0.04;213069.72;0.0417;KELLY_LITE(mult=1.43 taper=1.00 n=17)+HARD_RISK_CAP(2.0%)+MAXLOSS_CAP;213069.72;213077.70;36;0
2026.08.14 07:05:13;XAUUSD;5;1786669210;PROFIT_RATCHET_LOCKED;floor=3.86 peak=9.09;MANAGE_PROFIT;SAFE;1;1;1;-1;-1;4333.54;8.07;8.07;9.09;-4.98;KELLY_LITE;true;0.04;213069.72;0.0417;KELLY_LITE(mult=1.43 taper=1.00 n=17)+HARD_RISK_CAP(2.0%)+MAXLOSS_CAP;213069.72;213077.79;36;0
2026.08.14 07:05:14;XAUUSD;5;1786669210;PROFIT_RATCHET_LOCKED;floor=3.86 peak=9.09;MANAGE_PROFIT;SAFE;1;1;1;-1;-1;4333.54;8.01;8.01;9.09;-4.98;KELLY_LITE;true;0.04;213069.72;0.0417;KELLY_LITE(mult=1.43 taper=1.00 n=17)+HARD_RISK_CAP(2.0%)+MAXLOSS_CAP;213069.72;213077.73;36;0
2026.08.14 07:05:14;XAUUSD;5;1786669210;PROFIT_RATCHET_LOCKED;floor=3.86 peak=9.09;MANAGE_PROFIT;SAFE;1;1;1;-1;-1;4333.54;8.19;8.19;9.09;-4.98;KELLY_LITE;true;0.04;213069.72;0.0417;KELLY_LITE(mult=1.43 taper=1.00 n=17)+HARD_RISK_CAP(2.0%)+MAXLOSS_CAP;213069.72;213077.91;36;0
2026.08.14 07:05:15;XAUUSD;5;1786669210;PROFIT_RATCHET_LOCKED;floor=3.86 peak=9.09;MANAGE_PROFIT;SAFE;1;1;1;-1;-1;4333.54;8.22;8.22;9.09;-4.98;KELLY_LITE;true;0.04;213069.72;0.0417;KELLY_LITE(mult=1.43 taper=1.00 n=17)+HARD_RISK_CAP(2.0%)+MAXLOSS_CAP;213069.72;213077.94;36;0
2026.08.14 07:05:16;XAUUSD;5;1786669210;PROFIT_RATCHET_LOCKED;floor=3.86 peak=9.09;MANAGE_PROFIT;SAFE;1;1;1;-1;-1;4333.54;8.28;8.28;9.09;-4.98;KELLY_LITE;true;0.04;213069.72;0.0417;KELLY_LITE(mult=1.43 taper=1.00 n=17)+HARD_RISK_CAP(2.0%)+MAXLOSS_CAP;213069.72;213078.00;36;0
2026.08.14 07:05:16;XAUUSD;5;1786669210;PROFIT_RATCHET_LOCKED;floor=3.86 peak=9.09;MANAGE_PROFIT;SAFE;1;1;1;-1;-1;4333.54;8.43;8.43;9.09;-4.98;KELLY_LITE;true;0.04;213069.72;0.0417;KELLY_LITE(mult=1.43 taper=1.00 n=17)+HARD_RISK_CAP(2.0%)+MAXLOSS_CAP;213069.72;213078.15;36;0
2026.08.14 07:05:16;XAUUSD;5;1786669210;PROFIT_RATCHET_LOCKED;floor=3.86 peak=9.09;MANAGE_PROFIT;SAFE;1;1;1;-1;-1;4333.54;8.52;8.52;9.09;-4.98;KELLY_LITE;true;0.04;213069.72;0.0417;KELLY_LITE(mult=1.43 taper=1.00 n=17)+HARD_RISK_CAP(2.0%)+MAXLOSS_CAP;213069.72;213078.24;36;0
2026.08.14 07:05:16;XAUUSD;5;1786669210;PROFIT_RATCHET_LOCKED;floor=3.86 peak=9.09;MANAGE_PROFIT;SAFE;1;1;1;-1;-1;4333.54;8.64;8.64;9.09;-4.98;KELLY_LITE;true;0.04;213069.72;0.0417;KELLY_LITE(mult=1.43 taper=1.00 n=17)+HARD_RISK_CAP(2.0%)+MAXLOSS_CAP;213069.72;213078.36;36;0
2026.08.14 07:05:16;XAUUSD;5;1786669210;PROFIT_RATCHET_LOCKED;floor=3.86 peak=9.09;MANAGE_PROFIT;SAFE;1;1;1;-1;-1;4333.54;8.43;8.43;9.09;-4.98;KELLY_LITE;true;0.04;213069.72;0.0417;KELLY_LITE(mult=1.43 taper=1.00 n=17)+HARD_RISK_CAP(2.0%)+MAXLOSS_CAP;213069.72;213078.15;34;0
2026.08.14 07:05:17;XAUUSD;5;1786669210;PROFIT_RATCHET_LOCKED;floor=3.86 peak=9.09;MANAGE_PROFIT;SAFE;1;1;1;-1;-1;4333.54;8.07;8.07;9.09;-4.98;KELLY_LITE;true;0.04;213069.72;0.0417;KELLY_LITE(mult=1.43 taper=1.00 n=17)+HARD_RISK_CAP(2.0%)+MAXLOSS_CAP;213069.72;213077.79;36;0
2026.08.14 07:05:17;XAUUSD;5;1786669210;PROFIT_RATCHET_LOCKED;floor=3.86 peak=9.09;MANAGE_PROFIT;SAFE;1;1;1;-1;-1;4333.54;8.49;8.49;9.09;-4.98;KELLY_LITE;true;0.04;213069.72;0.0417;KELLY_LITE(mult=1.43 taper=1.00 n=17)+HARD_RISK_CAP(2.0%)+MAXLOSS_CAP;213069.72;213078.21;36;0
2026.08.14 07:05:17;XAUUSD;5;1786669210;PROFIT_RATCHET_LOCKED;floor=3.86 peak=9.09;MANAGE_PROFIT;SAFE;1;1;1;-1;-1;4333.54;8.76;8.76;9.09;-4.98;KELLY_LITE;true;0.04;213069.72;0.0417;KELLY_LITE(mult=1.43 taper=1.00 n=17)+HARD_RISK_CAP(2.0%)+MAXLOSS_CAP;213069.72;213078.48;36;0
2026.08.14 07:05:17;XAUUSD;5;1786669210;PROFIT_RATCHET_LOCKED;floor=3.86 peak=9.09;MANAGE_PROFIT;SAFE;1;1;1;-1;-1;4333.54;8.70;8.70;9.09;-4.98;KELLY_LITE;true;0.04;213069.72;0.0417;KELLY_LITE(mult=1.43 taper=1.00 n=17)+HARD_RISK_CAP(2.0%)+MAXLOSS_CAP;213069.72;213078.42;36;0
2026.08.14 07:05:18;XAUUSD;5;1786669210;PROFIT_RATCHET_LOCKED;floor=3.86 peak=9.09;MANAGE_PROFIT;SAFE;1;1;1;-1;-1;4333.54;8.67;8.67;9.09;-4.98;KELLY_LITE;true;0.04;213069.72;0.0417;KELLY_LITE(mult=1.43 taper=1.00 n=17)+HARD_RISK_CAP(2.0%)+MAXLOSS_CAP;213069.72;213078.39;36;0
2026.08.14 07:05:18;XAUUSD;5;1786669210;PROFIT_RATCHET_LOCKED;floor=3.86 peak=9.09;MANAGE_PROFIT;SAFE;1;1;1;-1;-1;4333.54;8.70;8.70;9.09;-4.98;KELLY_LITE;true;0.04;213069.72;0.0417;KELLY_LITE(mult=1.43 taper=1.00 n=17)+HARD_RISK_CAP(2.0%)+MAXLOSS_CAP;213069.72;213078.42;36;0
2026.08.14 07:05:18;XAUUSD;5;1786669210;PROFIT_RATCHET_LOCKED;floor=3.86 peak=9.09;MANAGE_PROFIT;SAFE;1;1;1;-1;-1;4333.54;8.40;8.40;9.09;-4.98;KELLY_LITE;true;0.04;213069.72;0.0417;KELLY_LITE(mult=1.43 taper=1.00 n=17)+HARD_RISK_CAP(2.0%)+MAXLOSS_CAP;213069.72;213078.12;33;0
2026.08.14 07:05:18;XAUUSD;5;1786669210;PROFIT_RATCHET_LOCKED;floor=3.86 peak=9.09;MANAGE_PROFIT;SAFE;1;1;1;-1;-1;4333.54;8.37;8.37;9.09;-4.98;KELLY_LITE;true;0.04;213069.72;0.0417;KELLY_LITE(mult=1.43 taper=1.00 n=17)+HARD_RISK_CAP(2.0%)+MAXLOSS_CAP;213069.72;213078.09;36;0
2026.08.14 07:05:18;XAUUSD;5;1786669210;PROFIT_RATCHET_LOCKED;floor=3.86 peak=9.09;MANAGE_PROFIT;SAFE;1;1;1;-1;-1;4333.54;8.34;8.34;9.09;-4.98;KELLY_LITE;true;0.04;213069.72;0.0417;KELLY_LITE(mult=1.43 taper=1.00 n=17)+HARD_RISK_CAP(2.0%)+MAXLOSS_CAP;213069.72;213078.06;36;0
2026.08.14 07:05:19;XAUUSD;5;1786669210;PROFIT_RATCHET_LOCKED;floor=3.86 peak=9.09;MANAGE_PROFIT;SAFE;1;1;1;-1;-1;4333.54;8.31;8.31;9.09;-4.98;KELLY_LITE;true;0.04;213069.72;0.0417;KELLY_LITE(mult=1.43 taper=1.00 n=17)+HARD_RISK_CAP(2.0%)+MAXLOSS_CAP;213069.72;213078.03;36;0
2026.08.14 07:05:19;XAUUSD;5;1786669210;PROFIT_RATCHET_LOCKED;floor=3.86 peak=9.09;MANAGE_PROFIT;SAFE;1;1;1;-1;-1;4333.54;8.28;8.28;9.09;-4.98;KELLY_LITE;true;0.04;213069.72;0.0417;KELLY_LITE(mult=1.43 taper=1.00 n=17)+HARD_RISK_CAP(2.0%)+MAXLOSS_CAP;213069.72;213078.00;36;0
2026.08.14 07:05:19;XAUUSD;5;1786669210;PROFIT_RATCHET_LOCKED;floor=3.86 peak=9.09;MANAGE_PROFIT;SAFE;1;1;1;-1;-1;4333.54;8.43;8.43;9.09;-4.98;KELLY_LITE;true;0.04;213069.72;0.0417;KELLY_LITE(mult=1.43 taper=1.00 n=17)+HARD_RISK_CAP(2.0%)+MAXLOSS_CAP;213069.72;213078.15;36;0
2026.08.14 07:05:20;XAUUSD;5;1786669210;PROFIT_RATCHET_LOCKED;floor=3.86 peak=9.09;MANAGE_PROFIT;SAFE;1;1;1;-1;-1;4333.54;8.25;8.25;9.09;-4.98;KELLY_LITE;true;0.04;213069.72;0.0417;KELLY_LITE(mult=1.43 taper=1.00 n=17)+HARD_RISK_CAP(2.0%)+MAXLOSS_CAP;213069.72;213077.97;33;0
2026.08.14 07:05:20;XAUUSD;5;1786669210;RECONCILED_BROKER_CLOSE;ticket=119504629 type=main pnl=7.53;MANAGE_PROFIT;SAFE;0;1;1;-1;-1;4333.54;0.00;0.00;9.09;-4.98;KELLY_LITE;true;0.04;213069.72;0.0417;KELLY_LITE(mult=1.43 taper=1.00 n=17)+HARD_RISK_CAP(2.0%)+MAXLOSS_CAP;213077.25;213077.25;37;0
2026.08.14 07:05:20;XAUUSD;5;1786669210;PENDING_DELETED;ticket=119504897 reason=main_gone_hedge_pending;WAIT_TRIGGER;SAFE;0;0;1;-1;-1;4333.54;0.00;0.00;9.09;-4.98;KELLY_LITE;true;0.04;213069.72;0.0417;KELLY_LITE(mult=1.43 taper=1.00 n=17)+HARD_RISK_CAP(2.0%)+MAXLOSS_CAP;213077.25;213077.25;36;0
2026.08.14 07:05:20;XAUUSD;5;1786669210;HEDGE_PENDING_CLEANUP;main_position_gone;WAIT_TRIGGER;SAFE;0;0;1;-1;-1;4333.54;0.00;0.00;9.09;-4.98;KELLY_LITE;true;0.04;213069.72;0.0417;KELLY_LITE(mult=1.43 taper=1.00 n=17)+HARD_RISK_CAP(2.0%)+MAXLOSS_CAP;213077.25;213077.25;36;0
2026.08.14 07:05:20;XAUUSD;5;1786669210;CYCLE_RESET;oldState=WAIT_TRIGGER realizedPnL=7.53 peak=9.09 worst=-4.98 pyramid=1 consLosses=0;WAIT_TRIGGER;SAFE;0;0;1;-1;-1;4333.54;0.00;0.00;9.09;-4.98;KELLY_LITE;true;0.04;213069.72;0.0417;KELLY_LITE(mult=1.43 taper=1.00 n=17)+HARD_RISK_CAP(2.0%)+MAXLOSS_CAP;213077.25;213077.25;36;0
2026.08.14 07:10:20;XAUUSD;5;1786669210;FILTER_BLOCK_TREND;TREND_NEUTRAL_EMA;BLOCKED;SAFE;0;0;0;-1;-1;0.00;0.00;0.00;0.00;0.00;KELLY_LITE;true;0.04;213069.72;0.0417;KELLY_LITE(mult=1.43 taper=1.00 n=17)+HARD_RISK_CAP(2.0%)+MAXLOSS_CAP;213077.25;213077.25;36;0
2026.08.14 07:15:20;XAUUSD;5;1786669210;FILTER_BLOCK_TREND;TREND_NEUTRAL_EMA;BLOCKED;SAFE;0;0;0;-1;-1;0.00;0.00;0.00;0.00;0.00;KELLY_LITE;true;0.04;213069.72;0.0417;KELLY_LITE(mult=1.43 taper=1.00 n=17)+HARD_RISK_CAP(2.0%)+MAXLOSS_CAP;213077.25;213077.25;36;0
2026.08.14 07:20:20;XAUUSD;5;1786669210;FILTER_BLOCK_TREND;TREND_NEUTRAL_EMA;BLOCKED;SAFE;0;0;0;-1;-1;0.00;0.00;0.00;0.00;0.00;KELLY_LITE;true;0.04;213069.72;0.0417;KELLY_LITE(mult=1.43 taper=1.00 n=17)+HARD_RISK_CAP(2.0%)+MAXLOSS_CAP;213077.25;213077.25;36;0
2026.08.14 07:25:20;XAUUSD;5;1786669210;FILTER_BLOCK_TREND;TREND_NEUTRAL_EMA;BLOCKED;SAFE;0;0;0;-1;-1;0.00;0.00;0.00;0.00;0.00;KELLY_LITE;true;0.04;213069.72;0.0417;KELLY_LITE(mult=1.43 taper=1.00 n=17)+HARD_RISK_CAP(2.0%)+MAXLOSS_CAP;213077.25;213077.25;36;0
2026.08.14 07:30:20;XAUUSD;5;1786669210;FILTER_BLOCK_TREND;TREND_NEUTRAL_EMA;BLOCKED;SAFE;0;0;0;-1;-1;0.00;0.00;0.00;0.00;0.00;KELLY_LITE;true;0.04;213069.72;0.0417;KELLY_LITE(mult=1.43 taper=1.00 n=17)+HARD_RISK_CAP(2.0%)+MAXLOSS_CAP;213077.25;213077.25;36;0
2026.08.14 07:35:21;XAUUSD;5;1786669210;FILTER_BLOCK_TREND;TREND_NEUTRAL_EMA;BLOCKED;SAFE;0;0;0;-1;-1;0.00;0.00;0.00;0.00;0.00;KELLY_LITE;true;0.04;213069.72;0.0417;KELLY_LITE(mult=1.43 taper=1.00 n=17)+HARD_RISK_CAP(2.0%)+MAXLOSS_CAP;213077.25;213077.25;36;0
2026.08.14 07:40:21;XAUUSD;5;1786669210;FILTER_BLOCK_TREND;TREND_NEUTRAL_EMA;BLOCKED;SAFE;0;0;0;-1;-1;0.00;0.00;0.00;0.00;0.00;KELLY_LITE;true;0.04;213069.72;0.0417;KELLY_LITE(mult=1.43 taper=1.00 n=17)+HARD_RISK_CAP(2.0%)+MAXLOSS_CAP;213077.25;213077.25;36;0
2026.08.14 07:45:21;XAUUSD;5;1786669210;FILTER_BLOCK_ADX_WEAK_MAIN;ADX_WEAK_MAIN (adx=19.8 min=22.0);BLOCKED;SAFE;0;0;0;-1;-1;0.00;0.00;0.00;0.00;0.00;KELLY_LITE;true;0.04;213069.72;0.0417;KELLY_LITE(mult=1.43 taper=1.00 n=17)+HARD_RISK_CAP(2.0%)+MAXLOSS_CAP;213077.25;213077.25;36;0
2026.08.14 07:50:21;XAUUSD;5;1786669210;FILTER_BLOCK_ADX_WEAK_MAIN;ADX_WEAK_MAIN (adx=21.1 min=22.0);BLOCKED;SAFE;0;0;0;-1;-1;0.00;0.00;0.00;0.00;0.00;KELLY_LITE;true;0.04;213069.72;0.0417;KELLY_LITE(mult=1.43 taper=1.00 n=17)+HARD_RISK_CAP(2.0%)+MAXLOSS_CAP;213077.25;213077.25;36;0
2026.08.14 07:55:21;XAUUSD;5;1786669211;PLACE_PENDING_START;cycle=1786669211 trend=1 consecLosses=0 preset=AGGRESSIVE;PLACE_PENDING;SAFE;0;0;0;-1;-1;0.00;0.00;0.00;0.00;0.00;KELLY_LITE;true;0.04;213069.72;0.0417;KELLY_LITE(mult=1.43 taper=1.00 n=17)+HARD_RISK_CAP(2.0%)+MAXLOSS_CAP;213077.25;213077.25;36;0
2026.08.14 07:55:22;XAUUSD;5;1786669211;DIR_OCO_PLACED;dir=BULL ticket=119509482 price=4335.73 sl=4320.73 tp=4358.23 lot=0.04 dist=1.50;PLACE_PENDING;SAFE;0;1;0;119509482;-1;0.00;0.00;0.00;0.00;0.00;KELLY_LITE;true;0.04;213077.25;0.0417;KELLY_LITE(mult=1.45 taper=1.00 n=18)+HARD_RISK_CAP(2.0%)+MAXLOSS_CAP;213077.25;213077.25;36;0
2026.08.14 07:55:22;XAUUSD;5;1786669211;DIR_OCO_COUNTER_PLACED;dir=BEAR(counter) ticket=119509483 price=4332.20 lot=0.03;PLACE_PENDING;SAFE;0;2;0;119509482;119509483;0.00;0.00;0.00;0.00;0.00;KELLY_LITE;true;0.04;213077.25;0.0417;KELLY_LITE(mult=1.45 taper=1.00 n=18)+HARD_RISK_CAP(2.0%)+MAXLOSS_CAP;213077.25;213077.25;36;0
2026.08.14 07:55:26;XAUUSD;5;1786669211;BUY_STOP_TRAILED;Old=4335.73 New=4335.42;WAIT_TRIGGER;SAFE;0;2;0;119509482;119509483;0.00;0.00;0.00;0.00;0.00;KELLY_LITE;true;0.04;213077.25;0.0417;KELLY_LITE(mult=1.45 taper=1.00 n=18)+HARD_RISK_CAP(2.0%)+MAXLOSS_CAP;213077.25;213077.25;36;0
2026.08.14 07:55:40;XAUUSD;5;1786669211;SELL_STOP_TRAILED;Old=4332.20 New=4332.53;WAIT_TRIGGER;SAFE;0;2;0;119509482;119509483;0.00;0.00;0.00;0.00;0.00;KELLY_LITE;true;0.04;213077.25;0.0417;KELLY_LITE(mult=1.45 taper=1.00 n=18)+HARD_RISK_CAP(2.0%)+MAXLOSS_CAP;213077.25;213077.25;36;0
2026.08.14 07:56:20;XAUUSD;5;1786669211;SELL_STOP_TRAILED;Old=4332.53 New=4332.87;WAIT_TRIGGER;SAFE;0;2;0;119509482;119509483;0.00;0.00;0.00;0.00;0.00;KELLY_LITE;true;0.04;213077.25;0.0417;KELLY_LITE(mult=1.45 taper=1.00 n=18)+HARD_RISK_CAP(2.0%)+MAXLOSS_CAP;213077.25;213077.25;36;0
2026.08.14 07:56:22;XAUUSD;5;1786669211;SELL_STOP_TRAILED;Old=4332.87 New=4333.27;WAIT_TRIGGER;SAFE;0;2;0;119509482;119509483;0.00;0.00;0.00;0.00;0.00;KELLY_LITE;true;0.04;213077.25;0.0417;KELLY_LITE(mult=1.45 taper=1.00 n=18)+HARD_RISK_CAP(2.0%)+MAXLOSS_CAP;213077.25;213077.25;36;0
2026.08.14 07:59:11;XAUUSD;5;1786669211;SELL_STOP_TRAILED;Old=4333.27 New=4333.69;WAIT_TRIGGER;SAFE;1;1;0;119509482;119509483;0.00;-1.08;-1.08;0.00;0.00;KELLY_LITE;true;0.04;213077.25;0.0417;KELLY_LITE(mult=1.45 taper=1.00 n=18)+HARD_RISK_CAP(2.0%)+MAXLOSS_CAP;213077.25;213076.17;36;0
2026.08.14 07:59:11;XAUUSD;5;1786669211;OCO_TRIGGERED_BUY;ticket=119509482 entry=4335.42;POSITION_ACTIVE;SAFE;1;1;0;-1;119509483;0.00;-1.08;-1.08;0.00;0.00;KELLY_LITE;true;0.04;213077.25;0.0417;KELLY_LITE(mult=1.45 taper=1.00 n=18)+HARD_RISK_CAP(2.0%)+MAXLOSS_CAP;213077.25;213076.17;36;0
2026.08.14 07:59:12;XAUUSD;5;1786669211;PENDING_DELETED;ticket=119509483 reason=oco_buy_triggered;POSITION_ACTIVE;SAFE;1;0;0;-1;119509483;0.00;-1.48;-1.48;0.00;0.00;KELLY_LITE;true;0.04;213077.25;0.0417;KELLY_LITE(mult=1.45 taper=1.00 n=18)+HARD_RISK_CAP(2.0%)+MAXLOSS_CAP;213077.25;213075.77;36;0
2026.08.14 07:59:12;XAUUSD;5;1786669211;HEDGE_PENDING_PLACED;dir=SELL_STOP ticket=119509716 price=4332.05 sl=4335.05 lot=0.05 mainEntry=4335.42 dist=3.00 confirmBars=1;POSITION_ACTIVE;SAFE;1;1;1;-1;-1;4335.42;-1.56;-1.56;0.00;-1.48;KELLY_LITE;true;0.04;213077.25;0.0417;KELLY_LITE(mult=1.45 taper=1.00 n=18)+HARD_RISK_CAP(2.0%)+MAXLOSS_CAP;213077.25;213075.69;36;0
2026.08.14 08:14:40;XAUUSD;5;1786669211;SL_MODIFIED;ticket=119509716 oldSL=4335.05 newSL=4332.01 reason=hedge_giveback_lock;MANAGE_PROFIT;SAFE;2;0;1;-1;-1;4335.42;-14.35;2.85;6.68;-15.72;KELLY_LITE;true;0.04;213077.25;0.0417;KELLY_LITE(mult=1.45 taper=1.00 n=18)+HARD_RISK_CAP(2.0%)+MAXLOSS_CAP;213077.25;213062.90;36;0
2026.08.14 08:14:48;XAUUSD;5;1786669211;SL_MODIFIED;ticket=119509716 oldSL=4332.01 newSL=4331.99 reason=hedge_giveback_lock;MANAGE_PROFIT;SAFE;2;0;1;-1;-1;4335.42;-14.36;2.80;6.68;-15.72;KELLY_LITE;true;0.04;213077.25;0.0417;KELLY_LITE(mult=1.45 taper=1.00 n=18)+HARD_RISK_CAP(2.0%)+MAXLOSS_CAP;213077.25;213062.89;36;0
2026.08.14 08:14:57;XAUUSD;5;1786669211;SL_MODIFIED;ticket=119509716 oldSL=4331.99 newSL=4331.95 reason=hedge_giveback_lock;MANAGE_PROFIT;SAFE;2;0;1;-1;-1;4335.42;-14.25;3.35;6.68;-15.72;KELLY_LITE;true;0.04;213077.25;0.0417;KELLY_LITE(mult=1.45 taper=1.00 n=18)+HARD_RISK_CAP(2.0%)+MAXLOSS_CAP;213077.25;213063.00;36;0
2026.08.14 08:14:57;XAUUSD;5;1786669211;SL_MODIFY_FAILED;ticket=119509716 newSL=4331.90 reason=hedge_giveback_lock err=0;MANAGE_PROFIT;SAFE;2;0;1;-1;-1;4335.42;-14.38;2.70;6.68;-15.72;KELLY_LITE;true;0.04;213077.25;0.0417;KELLY_LITE(mult=1.45 taper=1.00 n=18)+HARD_RISK_CAP(2.0%)+MAXLOSS_CAP;213077.25;213062.87;36;0
2026.08.14 08:15:01;XAUUSD;5;1786669211;RECONCILED_BROKER_CLOSE;ticket=119509716 type=hedge pnl=0.50;MANAGE_PROFIT;SAFE;1;0;1;-1;-1;4335.42;-15.00;-15.00;6.68;-15.72;KELLY_LITE;true;0.04;213077.25;0.0417;KELLY_LITE(mult=1.45 taper=1.00 n=18)+HARD_RISK_CAP(2.0%)+MAXLOSS_CAP;213077.75;213062.75;37;0
2026.08.14 08:15:01;XAUUSD;5;1786669211;RECONCILED_BROKER_CLOSE;ticket=119509716 type=hedge pnl=0.50;MANAGE_PROFIT;SAFE;1;0;1;-1;-1;4335.42;-15.00;-15.00;6.68;-15.72;KELLY_LITE;true;0.04;213077.25;0.0417;KELLY_LITE(mult=1.45 taper=1.00 n=18)+HARD_RISK_CAP(2.0%)+MAXLOSS_CAP;213077.75;213062.75;37;0
2026.08.14 08:15:01;XAUUSD;5;1786669211;EXIT_TIME_LOSS_CONFIRMED;held=15 profit=-15.00 rsi=53.8;MANAGE_PROFIT;SAFE;1;0;1;-1;-1;4335.42;-15.00;-15.00;6.68;-15.72;KELLY_LITE;true;0.04;213077.25;0.0417;KELLY_LITE(mult=1.45 taper=1.00 n=18)+HARD_RISK_CAP(2.0%)+MAXLOSS_CAP;213077.75;213062.75;37;0
2026.08.14 08:15:01;XAUUSD;5;1786669211;POSITION_CLOSED;ticket=119509482 reason=time_loss_exit_confirmed lots=0.04 price=4331.67 pnl=-15.00;MANAGE_PROFIT;SAFE;0;0;1;-1;-1;4335.42;0.00;0.00;6.68;-15.72;KELLY_LITE;true;0.04;213077.25;0.0417;KELLY_LITE(mult=1.45 taper=1.00 n=18)+HARD_RISK_CAP(2.0%)+MAXLOSS_CAP;213062.63;213062.63;36;0
2026.08.14 08:15:01;XAUUSD;5;1786669211;LOSS_COOLDOWN_AFTER_LOSS;cyclePnL=-14.62 pauseUntil=2026.08.14 08:20:01;RESET;SAFE;0;0;0;-1;-1;4335.42;0.00;0.00;6.68;-15.72;KELLY_LITE;true;0.04;213077.25;0.0417;KELLY_LITE(mult=1.45 taper=1.00 n=18)+HARD_RISK_CAP(2.0%)+MAXLOSS_CAP;213062.63;213062.63;36;0
2026.08.14 08:15:01;XAUUSD;5;1786669211;CYCLE_RESET;oldState=RESET realizedPnL=-14.62 peak=6.68 worst=-15.72 pyramid=0 consLosses=1;RESET;SAFE;0;0;0;-1;-1;4335.42;0.00;0.00;6.68;-15.72;KELLY_LITE;true;0.04;213077.25;0.0417;KELLY_LITE(mult=1.45 taper=1.00 n=18)+HARD_RISK_CAP(2.0%)+MAXLOSS_CAP;213062.63;213062.63;36;0
2026.08.14 08:20:01;XAUUSD;5;1786669212;PLACE_PENDING_START;cycle=1786669212 trend=1 consecLosses=1 preset=AGGRESSIVE;PLACE_PENDING;SAFE;0;0;0;-1;-1;0.00;0.00;0.00;0.00;0.00;KELLY_LITE;true;0.04;213077.25;0.0417;KELLY_LITE(mult=1.45 taper=1.00 n=18)+HARD_RISK_CAP(2.0%)+MAXLOSS_CAP;213062.63;213062.63;36;0
2026.08.14 08:20:01;XAUUSD;5;1786669212;DIR_OCO_PLACED;dir=BULL ticket=119511944 price=4334.44 sl=4319.44 tp=4356.94 lot=0.04 dist=1.50;PLACE_PENDING;SAFE;0;1;0;119511944;-1;0.00;0.00;0.00;0.00;0.00;KELLY_LITE;true;0.04;213062.63;0.0417;KELLY_LITE(mult=1.45 taper=1.00 n=19)+HARD_RISK_CAP(2.0%)+MAXLOSS_CAP;213062.63;213062.63;36;0
2026.08.14 08:20:01;XAUUSD;5;1786669212;DIR_OCO_COUNTER_PLACED;dir=BEAR(counter) ticket=119511946 price=4331.04 lot=0.03;PLACE_PENDING;SAFE;0;2;0;119511944;119511946;0.00;0.00;0.00;0.00;0.00;KELLY_LITE;true;0.04;213062.63;0.0417;KELLY_LITE(mult=1.45 taper=1.00 n=19)+HARD_RISK_CAP(2.0%)+MAXLOSS_CAP;213062.63;213062.63;36;0
2026.08.14 08:20:04;XAUUSD;5;1786669212;BUY_STOP_TRAILED;Old=4334.44 New=4334.10;WAIT_TRIGGER;SAFE;0;2;0;119511944;119511946;0.00;0.00;0.00;0.00;0.00;KELLY_LITE;true;0.04;213062.63;0.0417;KELLY_LITE(mult=1.45 taper=1.00 n=19)+HARD_RISK_CAP(2.0%)+MAXLOSS_CAP;213062.63;213062.63;36;0
2026.08.14 08:20:31;XAUUSD;5;1786669212;BUY_STOP_TRAILED;Old=4334.10 New=4333.50;WAIT_TRIGGER;SAFE;0;2;0;119511944;119511946;0.00;0.00;0.00;0.00;0.00;KELLY_LITE;true;0.04;213062.63;0.0417;KELLY_LITE(mult=1.45 taper=1.00 n=19)+HARD_RISK_CAP(2.0%)+MAXLOSS_CAP;213062.63;213062.63;36;0
2026.08.14 08:20:40;XAUUSD;5;1786669212;BUY_STOP_TRAILED;Old=4333.50 New=4333.19;WAIT_TRIGGER;SAFE;0;2;0;119511944;119511946;0.00;0.00;0.00;0.00;0.00;KELLY_LITE;true;0.04;213062.63;0.0417;KELLY_LITE(mult=1.45 taper=1.00 n=19)+HARD_RISK_CAP(2.0%)+MAXLOSS_CAP;213062.63;213062.63;36;0
2026.08.14 08:21:10;XAUUSD;5;1786669212;OCO_TRIGGERED_SELL;ticket=119511946 entry=4331.04;POSITION_ACTIVE;SAFE;1;1;0;119511944;-1;0.00;1.53;0.42;0.00;0.00;KELLY_LITE;true;0.04;213062.63;0.0417;KELLY_LITE(mult=1.45 taper=1.00 n=19)+HARD_RISK_CAP(2.0%)+MAXLOSS_CAP;213062.63;213064.16;37;0
2026.08.14 08:21:11;XAUUSD;5;1786669212;PENDING_DELETED;ticket=119511944 reason=oco_sell_triggered;POSITION_ACTIVE;SAFE;1;0;0;119511944;-1;0.00;1.08;1.08;0.00;0.00;KELLY_LITE;true;0.04;213062.63;0.0417;KELLY_LITE(mult=1.45 taper=1.00 n=19)+HARD_RISK_CAP(2.0%)+MAXLOSS_CAP;213062.63;213063.71;36;0
2026.08.14 08:21:11;XAUUSD;5;1786669212;HEDGE_PENDING_PLACED;dir=BUY_STOP ticket=119512060 price=4333.68 sl=4330.68 lot=0.05 mainEntry=4331.04 dist=3.00 confirmBars=1;POSITION_ACTIVE;SAFE;1;1;1;-1;-1;4331.04;1.11;1.11;1.08;0.00;KELLY_LITE;true;0.04;213062.63;0.0417;KELLY_LITE(mult=1.45 taper=1.00 n=19)+HARD_RISK_CAP(2.0%)+MAXLOSS_CAP;213062.63;213063.74;36;0
2026.08.14 08:22:25;XAUUSD;5;1786669212;SL_MODIFIED;ticket=119512060 oldSL=4330.68 newSL=4333.76 reason=hedge_giveback_lock;MANAGE_PROFIT;SAFE;2;0;1;-1;-1;4331.04;-7.67;3.10;3.15;-9.90;KELLY_LITE;true;0.04;213062.63;0.0417;KELLY_LITE(mult=1.45 taper=1.00 n=19)+HARD_RISK_CAP(2.0%)+MAXLOSS_CAP;213062.63;213054.96;33;0
2026.08.14 08:22:26;XAUUSD;5;1786669212;SL_MODIFIED;ticket=119512060 oldSL=4333.76 newSL=4333.80 reason=hedge_giveback_lock;MANAGE_PROFIT;SAFE;2;0;1;-1;-1;4331.04;-7.70;3.10;3.15;-9.90;KELLY_LITE;true;0.04;213062.63;0.0417;KELLY_LITE(mult=1.45 taper=1.00 n=19)+HARD_RISK_CAP(2.0%)+MAXLOSS_CAP;213062.63;213054.93;34;0
2026.08.14 08:22:27;XAUUSD;5;1786669212;SL_MODIFIED;ticket=119512060 oldSL=4333.80 newSL=4333.88 reason=hedge_giveback_lock;MANAGE_PROFIT;SAFE;2;0;1;-1;-1;4331.04;-7.25;4.15;3.15;-9.90;KELLY_LITE;true;0.04;213062.63;0.0417;KELLY_LITE(mult=1.45 taper=1.00 n=19)+HARD_RISK_CAP(2.0%)+MAXLOSS_CAP;213062.63;213055.38;33;0
2026.08.14 08:22:28;XAUUSD;5;1786669212;SL_MODIFIED;ticket=119512060 oldSL=4333.88 newSL=4333.90 reason=hedge_giveback_lock (retry buf=3pt);MANAGE_PROFIT;SAFE;2;0;1;-1;-1;4331.04;-7.52;3.70;3.15;-9.90;KELLY_LITE;true;0.04;213062.63;0.0417;KELLY_LITE(mult=1.45 taper=1.00 n=19)+HARD_RISK_CAP(2.0%)+MAXLOSS_CAP;213062.63;213055.11;36;0
2026.08.14 08:22:29;XAUUSD;5;1786669212;SL_MODIFIED;ticket=119512060 oldSL=4333.90 newSL=4333.94 reason=hedge_giveback_lock;MANAGE_PROFIT;SAFE;2;0;1;-1;-1;4331.04;-7.42;3.95;3.15;-9.90;KELLY_LITE;true;0.04;213062.63;0.0417;KELLY_LITE(mult=1.45 taper=1.00 n=19)+HARD_RISK_CAP(2.0%)+MAXLOSS_CAP;213062.63;213055.21;36;0
2026.08.14 08:22:30;XAUUSD;5;1786669212;SL_MODIFIED;ticket=119512060 oldSL=4333.94 newSL=4333.96 reason=hedge_giveback_lock;MANAGE_PROFIT;SAFE;2;0;1;-1;-1;4331.04;-7.32;4.20;3.15;-9.90;KELLY_LITE;true;0.04;213062.63;0.0417;KELLY_LITE(mult=1.45 taper=1.00 n=19)+HARD_RISK_CAP(2.0%)+MAXLOSS_CAP;213062.63;213055.31;36;0
2026.08.14 08:22:31;XAUUSD;5;1786669212;SL_MODIFIED;ticket=119512060 oldSL=4333.96 newSL=4334.00 reason=hedge_giveback_lock;MANAGE_PROFIT;SAFE;2;0;1;-1;-1;4331.04;-7.34;4.15;3.15;-9.90;KELLY_LITE;true;0.04;213062.63;0.0417;KELLY_LITE(mult=1.45 taper=1.00 n=19)+HARD_RISK_CAP(2.0%)+MAXLOSS_CAP;213062.63;213055.29;36;0
2026.08.14 08:22:31;XAUUSD;5;1786669212;SL_MODIFY_FAILED;ticket=119512060 newSL=4334.02 reason=hedge_giveback_lock err=0;MANAGE_PROFIT;SAFE;2;0;1;-1;-1;4331.04;-8.04;2.40;3.15;-9.90;KELLY_LITE;true;0.04;213062.63;0.0417;KELLY_LITE(mult=1.45 taper=1.00 n=19)+HARD_RISK_CAP(2.0%)+MAXLOSS_CAP;213062.63;213054.59;36;0
2026.08.14 08:22:32;XAUUSD;5;1786669212;POSITION_CLOSED;ticket=119512060 reason=hedge_reversal_giveback_cap lots=0.05 price=4334.02 pnl=1.70;MANAGE_PROFIT;SAFE;1;0;1;-1;-1;4331.04;-10.14;-10.14;3.15;-9.90;KELLY_LITE;true;0.04;213062.63;0.0417;KELLY_LITE(mult=1.45 taper=1.00 n=19)+HARD_RISK_CAP(2.0%)+MAXLOSS_CAP;213064.68;213054.54;33;0
2026.08.14 08:22:32;XAUUSD;5;1786669212;HEDGE_CLOSED_REVERSAL;profit=1.70 peak=4.30 giveback=2.60 cap=2.50 reason=giveback_cap ok=1;MANAGE_PROFIT;SAFE;1;0;1;-1;-1;4331.04;-10.14;-10.14;3.15;-9.90;KELLY_LITE;true;0.04;213062.63;0.0417;KELLY_LITE(mult=1.45 taper=1.00 n=19)+HARD_RISK_CAP(2.0%)+MAXLOSS_CAP;213064.68;213054.54;33;0
2026.08.14 08:35:29;XAUUSD;5;1786669212;EXIT_TIME_LOSS_CONFIRMED;held=14 profit=-12.00 rsi=56.8;MANAGE_PROFIT;SAFE;1;0;1;-1;-1;4331.04;-12.00;-12.00;3.15;-17.19;KELLY_LITE;true;0.04;213062.63;0.0417;KELLY_LITE(mult=1.45 taper=1.00 n=19)+HARD_RISK_CAP(2.0%)+MAXLOSS_CAP;213064.68;213052.68;36;0
2026.08.14 08:35:29;XAUUSD;5;1786669212;POSITION_CLOSED;ticket=119511946 reason=time_loss_exit_confirmed lots=0.03 price=4335.04 pnl=-12.00;MANAGE_PROFIT;SAFE;0;0;1;-1;-1;4331.04;0.00;0.00;3.15;-17.19;KELLY_LITE;true;0.04;213062.63;0.0417;KELLY_LITE(mult=1.45 taper=1.00 n=19)+HARD_RISK_CAP(2.0%)+MAXLOSS_CAP;213052.59;213052.59;36;0
2026.08.14 08:35:29;XAUUSD;5;1786669212;LOSS_COOLDOWN_AFTER_LOSS;cyclePnL=-10.04 pauseUntil=2026.08.14 08:40:29;RESET;SAFE;0;0;0;-1;-1;4331.04;0.00;0.00;3.15;-17.19;KELLY_LITE;true;0.04;213062.63;0.0417;KELLY_LITE(mult=1.45 taper=1.00 n=19)+HARD_RISK_CAP(2.0%)+MAXLOSS_CAP;213052.59;213052.59;36;0
2026.08.14 08:35:29;XAUUSD;5;1786669212;CYCLE_RESET;oldState=RESET realizedPnL=-10.04 peak=3.15 worst=-17.19 pyramid=0 consLosses=2;RESET;SAFE;0;0;0;-1;-1;4331.04;0.00;0.00;3.15;-17.19;KELLY_LITE;true;0.04;213062.63;0.0417;KELLY_LITE(mult=1.45 taper=1.00 n=19)+HARD_RISK_CAP(2.0%)+MAXLOSS_CAP;213052.59;213052.59;36;0
2026.08.14 08:40:30;XAUUSD;5;1786669213;PLACE_PENDING_START;cycle=1786669213 trend=1 consecLosses=2 preset=AGGRESSIVE;PLACE_PENDING;SAFE;0;0;0;-1;-1;0.00;0.00;0.00;0.00;0.00;KELLY_LITE;true;0.04;213062.63;0.0417;KELLY_LITE(mult=1.45 taper=1.00 n=19)+HARD_RISK_CAP(2.0%)+MAXLOSS_CAP;213052.59;213052.59;36;0
2026.08.14 08:40:30;XAUUSD;5;1786669213;DIR_OCO_PLACED;dir=BULL ticket=119514007 price=4338.43 sl=4323.43 tp=4360.93 lot=0.04 dist=1.50;PLACE_PENDING;SAFE;0;1;0;119514007;-1;0.00;0.00;0.00;0.00;0.00;KELLY_LITE;true;0.04;213052.59;0.0417;KELLY_LITE(mult=1.40 taper=1.00 n=20)+CONSEC_REDUCE(0.50)+HARD_RISK_CAP(2.0%)+MAXLOSS_CAP;213052.59;213052.59;36;0
2026.08.14 08:40:31;XAUUSD;5;1786669213;DIR_OCO_COUNTER_PLACED;dir=BEAR(counter) ticket=119514008 price=4335.01 lot=0.03;PLACE_PENDING;SAFE;0;2;0;119514007;119514008;0.00;0.00;0.00;0.00;0.00;KELLY_LITE;true;0.04;213052.59;0.0417;KELLY_LITE(mult=1.40 taper=1.00 n=20)+CONSEC_REDUCE(0.50)+HARD_RISK_CAP(2.0%)+MAXLOSS_CAP;213052.59;213052.59;36;0
2026.08.14 08:40:42;XAUUSD;5;1786669213;SELL_STOP_TRAILED;Old=4335.01 New=4335.37;WAIT_TRIGGER;SAFE;0;2;0;119514007;119514008;0.00;0.00;0.00;0.00;0.00;KELLY_LITE;true;0.04;213052.59;0.0417;KELLY_LITE(mult=1.40 taper=1.00 n=20)+CONSEC_REDUCE(0.50)+HARD_RISK_CAP(2.0%)+MAXLOSS_CAP;213052.59;213052.59;36;0
2026.08.14 08:40:55;XAUUSD;5;1786669213;SELL_STOP_TRAILED;Old=4335.37 New=4335.68;WAIT_TRIGGER;SAFE;0;2;0;119514007;119514008;0.00;0.00;0.00;0.00;0.00;KELLY_LITE;true;0.04;213052.59;0.0417;KELLY_LITE(mult=1.40 taper=1.00 n=20)+CONSEC_REDUCE(0.50)+HARD_RISK_CAP(2.0%)+MAXLOSS_CAP;213052.59;213052.59;36;0
2026.08.14 08:41:00;XAUUSD;5;1786669213;SELL_STOP_TRAILED;Old=4335.68 New=4335.99;WAIT_TRIGGER;SAFE;0;2;0;119514007;119514008;0.00;0.00;0.00;0.00;0.00;KELLY_LITE;true;0.04;213052.59;0.0417;KELLY_LITE(mult=1.40 taper=1.00 n=20)+CONSEC_REDUCE(0.50)+HARD_RISK_CAP(2.0%)+MAXLOSS_CAP;213052.59;213052.59;36;0
2026.08.14 08:41:07;XAUUSD;5;1786669213;SELL_STOP_TRAILED;Old=4335.99 New=4336.31;WAIT_TRIGGER;SAFE;0;2;0;119514007;119514008;0.00;0.00;0.00;0.00;0.00;KELLY_LITE;true;0.04;213052.59;0.0417;KELLY_LITE(mult=1.40 taper=1.00 n=20)+CONSEC_REDUCE(0.50)+HARD_RISK_CAP(2.0%)+MAXLOSS_CAP;213052.59;213052.59;36;0
2026.08.14 08:41:09;XAUUSD;5;1786669213;OCO_TRIGGERED_BUY;ticket=119514007 entry=4338.43;POSITION_ACTIVE;SAFE;1;1;0;-1;119514008;0.00;-1.32;-1.32;0.00;0.00;KELLY_LITE;true;0.04;213052.59;0.0417;KELLY_LITE(mult=1.40 taper=1.00 n=20)+CONSEC_REDUCE(0.50)+HARD_RISK_CAP(2.0%)+MAXLOSS_CAP;213052.59;213051.27;36;0
2026.08.14 08:41:09;XAUUSD;5;1786669213;PENDING_DELETED;ticket=119514008 reason=oco_buy_triggered;POSITION_ACTIVE;SAFE;1;0;0;-1;119514008;0.00;-1.16;-1.16;0.00;0.00;KELLY_LITE;true;0.04;213052.59;0.0417;KELLY_LITE(mult=1.40 taper=1.00 n=20)+CONSEC_REDUCE(0.50)+HARD_RISK_CAP(2.0%)+MAXLOSS_CAP;213052.59;213051.43;36;0
2026.08.14 08:41:10;XAUUSD;5;1786669213;HEDGE_PENDING_PLACED;dir=SELL_STOP ticket=119514146 price=4335.14 sl=4338.14 lot=0.05 mainEntry=4338.43 dist=3.00 confirmBars=1;POSITION_ACTIVE;SAFE;1;1;1;-1;-1;4338.43;-0.80;-0.80;0.00;-1.16;KELLY_LITE;true;0.04;213052.59;0.0417;KELLY_LITE(mult=1.40 taper=1.00 n=20)+CONSEC_REDUCE(0.50)+HARD_RISK_CAP(2.0%)+MAXLOSS_CAP;213052.59;213051.79;36;0
2026.08.14 08:45:05;XAUUSD;5;1786669213;SL_MODIFIED;ticket=119514007 oldSL=4323.43 newSL=4340.43 reason=break_even_lock_leg_0 (retry buf=8pt);MANAGE_PROFIT;SAFE;1;1;1;-1;-1;4338.43;12.20;12.20;11.16;-2.68;KELLY_LITE;true;0.04;213052.59;0.0417;KELLY_LITE(mult=1.40 taper=1.00 n=20)+CONSEC_REDUCE(0.50)+HARD_RISK_CAP(2.0%)+MAXLOSS_CAP;213052.59;213064.79;33;0
2026.08.14 08:45:05;XAUUSD;5;1786669213;PROFIT_RATCHET_LOCKED;floor=3.77 peak=11.16;MANAGE_PROFIT;SAFE;1;1;1;-1;-1;4338.43;12.20;12.20;11.16;-2.68;KELLY_LITE;true;0.04;213052.59;0.0417;KELLY_LITE(mult=1.40 taper=1.00 n=20)+CONSEC_REDUCE(0.50)+HARD_RISK_CAP(2.0%)+MAXLOSS_CAP;213052.59;213064.79;33;0
2026.08.14 08:45:05;XAUUSD;5;1786669213;SL_MODIFIED;ticket=119514007 oldSL=4340.43 newSL=4340.96 reason=break_even_lock_leg_0;MANAGE_PROFIT;SAFE;1;1;1;-1;-1;4338.43;12.28;12.28;12.20;-2.68;KELLY_LITE;true;0.04;213052.59;0.0417;KELLY_LITE(mult=1.40 taper=1.00 n=20)+CONSEC_REDUCE(0.50)+HARD_RISK_CAP(2.0%)+MAXLOSS_CAP;213052.59;213064.87;36;0
2026.08.14 08:45:05;XAUUSD;5;1786669213;PROFIT_RATCHET_LOCKED;floor=4.12 peak=12.20;MANAGE_PROFIT;SAFE;1;1;1;-1;-1;4338.43;12.28;12.28;12.20;-2.68;KELLY_LITE;true;0.04;213052.59;0.0417;KELLY_LITE(mult=1.40 taper=1.00 n=20)+CONSEC_REDUCE(0.50)+HARD_RISK_CAP(2.0%)+MAXLOSS_CAP;213052.59;213064.87;36;0
2026.08.14 08:45:05;XAUUSD;5;1786669213;PROFIT_RATCHET_LOCKED;floor=4.14 peak=12.28;MANAGE_PROFIT;SAFE;1;1;1;-1;-1;4338.43;12.28;12.28;12.28;-2.68;KELLY_LITE;true;0.04;213052.59;0.0417;KELLY_LITE(mult=1.40 taper=1.00 n=20)+CONSEC_REDUCE(0.50)+HARD_RISK_CAP(2.0%)+MAXLOSS_CAP;213052.59;213064.87;36;0
2026.08.14 08:45:06;XAUUSD;5;1786669213;SL_MODIFIED;ticket=119514007 oldSL=4340.96 newSL=4341.01 reason=break_even_lock_leg_0;MANAGE_PROFIT;SAFE;1;1;1;-1;-1;4338.43;12.84;12.84;12.40;-2.68;KELLY_LITE;true;0.04;213052.59;0.0417;KELLY_LITE(mult=1.40 taper=1.00 n=20)+CONSEC_REDUCE(0.50)+HARD_RISK_CAP(2.0%)+MAXLOSS_CAP;213052.59;213065.43;36;0
2026.08.14 08:45:06;XAUUSD;5;1786669213;PROFIT_RATCHET_LOCKED;floor=4.19 peak=12.40;MANAGE_PROFIT;SAFE;1;1;1;-1;-1;4338.43;12.84;12.84;12.40;-2.68;KELLY_LITE;true;0.04;213052.59;0.0417;KELLY_LITE(mult=1.40 taper=1.00 n=20)+CONSEC_REDUCE(0.50)+HARD_RISK_CAP(2.0%)+MAXLOSS_CAP;213052.59;213065.43;36;0
2026.08.14 08:45:06;XAUUSD;5;1786669213;SL_MODIFIED;ticket=119514007 oldSL=4341.01 newSL=4341.12 reason=break_even_lock_leg_0;MANAGE_PROFIT;SAFE;1;1;1;-1;-1;4338.43;12.80;12.80;12.84;-2.68;KELLY_LITE;true;0.04;213052.59;0.0417;KELLY_LITE(mult=1.40 taper=1.00 n=20)+CONSEC_REDUCE(0.50)+HARD_RISK_CAP(2.0%)+MAXLOSS_CAP;213052.59;213065.39;36;0
2026.08.14 08:45:06;XAUUSD;5;1786669213;PROFIT_RATCHET_LOCKED;floor=4.33 peak=12.84;MANAGE_PROFIT;SAFE;1;1;1;-1;-1;4338.43;12.80;12.80;12.84;-2.68;KELLY_LITE;true;0.04;213052.59;0.0417;KELLY_LITE(mult=1.40 taper=1.00 n=20)+CONSEC_REDUCE(0.50)+HARD_RISK_CAP(2.0%)+MAXLOSS_CAP;213052.59;213065.39;36;0
2026.08.14 08:45:06;XAUUSD;5;1786669213;PROFIT_RATCHET_LOCKED;floor=4.33 peak=12.84;MANAGE_PROFIT;SAFE;1;1;1;-1;-1;4338.43;12.80;12.80;12.84;-2.68;KELLY_LITE;true;0.04;213052.59;0.0417;KELLY_LITE(mult=1.40 taper=1.00 n=20)+CONSEC_REDUCE(0.50)+HARD_RISK_CAP(2.0%)+MAXLOSS_CAP;213052.59;213065.39;36;0
2026.08.14 08:45:07;XAUUSD;5;1786669213;PROFIT_RATCHET_LOCKED;floor=4.33 peak=12.84;MANAGE_PROFIT;SAFE;1;1;1;-1;-1;4338.43;12.72;12.72;12.84;-2.68;KELLY_LITE;true;0.04;213052.59;0.0417;KELLY_LITE(mult=1.40 taper=1.00 n=20)+CONSEC_REDUCE(0.50)+HARD_RISK_CAP(2.0%)+MAXLOSS_CAP;213052.59;213065.31;36;0
2026.08.14 08:45:07;XAUUSD;5;1786669213;PROFIT_RATCHET_LOCKED;floor=4.33 peak=12.84;MANAGE_PROFIT;SAFE;1;1;1;-1;-1;4338.43;11.88;11.88;12.84;-2.68;KELLY_LITE;true;0.04;213052.59;0.0417;KELLY_LITE(mult=1.40 taper=1.00 n=20)+CONSEC_REDUCE(0.50)+HARD_RISK_CAP(2.0%)+MAXLOSS_CAP;213052.59;213064.47;37;0
2026.08.14 08:45:07;XAUUSD;5;1786669213;PROFIT_RATCHET_LOCKED;floor=4.33 peak=12.84;MANAGE_PROFIT;SAFE;1;1;1;-1;-1;4338.43;11.48;11.48;12.84;-2.68;KELLY_LITE;true;0.04;213052.59;0.0417;KELLY_LITE(mult=1.40 taper=1.00 n=20)+CONSEC_REDUCE(0.50)+HARD_RISK_CAP(2.0%)+MAXLOSS_CAP;213052.59;213064.07;36;0
2026.08.14 08:45:07;XAUUSD;5;1786669213;PROFIT_RATCHET_LOCKED;floor=4.33 peak=12.84;MANAGE_PROFIT;SAFE;1;1;1;-1;-1;4338.43;11.44;11.44;12.84;-2.68;KELLY_LITE;true;0.04;213052.59;0.0417;KELLY_LITE(mult=1.40 taper=1.00 n=20)+CONSEC_REDUCE(0.50)+HARD_RISK_CAP(2.0%)+MAXLOSS_CAP;213052.59;213064.03;36;0
2026.08.14 08:45:08;XAUUSD;5;1786669213;PROFIT_RATCHET_LOCKED;floor=4.33 peak=12.84;MANAGE_PROFIT;SAFE;1;1;1;-1;-1;4338.43;11.48;11.48;12.84;-2.68;KELLY_LITE;true;0.04;213052.59;0.0417;KELLY_LITE(mult=1.40 taper=1.00 n=20)+CONSEC_REDUCE(0.50)+HARD_RISK_CAP(2.0%)+MAXLOSS_CAP;213052.59;213064.07;36;0
2026.08.14 08:45:08;XAUUSD;5;1786669213;EXIT_TIERED_TRAIL;profit=11.24 peak=12.84 allowedRetrace=1.54;MANAGE_PROFIT;SAFE;1;1;1;-1;-1;4338.43;11.24;11.24;12.84;-2.68;KELLY_LITE;true;0.04;213052.59;0.0417;KELLY_LITE(mult=1.40 taper=1.00 n=20)+CONSEC_REDUCE(0.50)+HARD_RISK_CAP(2.0%)+MAXLOSS_CAP;213052.59;213063.83;36;0
2026.08.14 08:45:09;XAUUSD;5;1786669213;POSITION_CLOSED;ticket=119514007 reason=tiered_profit_trail lots=0.04 price=4341.24 pnl=11.24;MANAGE_PROFIT;SAFE;0;1;1;-1;-1;4338.43;0.00;0.00;12.84;-2.68;KELLY_LITE;true;0.04;213052.59;0.0417;KELLY_LITE(mult=1.40 taper=1.00 n=20)+CONSEC_REDUCE(0.50)+HARD_RISK_CAP(2.0%)+MAXLOSS_CAP;213063.59;213063.59;36;0
2026.08.14 08:45:09;XAUUSD;5;1786669213;PENDING_DELETED;ticket=119514146 reason=close_all_hedge;MANAGE_PROFIT;SAFE;0;0;0;-1;-1;4338.43;0.00;0.00;12.84;-2.68;KELLY_LITE;true;0.04;213052.59;0.0417;KELLY_LITE(mult=1.40 taper=1.00 n=20)+CONSEC_REDUCE(0.50)+HARD_RISK_CAP(2.0%)+MAXLOSS_CAP;213063.59;213063.59;36;0
2026.08.14 08:45:09;XAUUSD;5;1786669213;CYCLE_RESET;oldState=RESET realizedPnL=11.00 peak=12.84 worst=-2.68 pyramid=0 consLosses=0;RESET;SAFE;0;0;0;-1;-1;4338.43;0.00;0.00;12.84;-2.68;KELLY_LITE;true;0.04;213052.59;0.0417;KELLY_LITE(mult=1.40 taper=1.00 n=20)+CONSEC_REDUCE(0.50)+HARD_RISK_CAP(2.0%)+MAXLOSS_CAP;213063.59;213063.59;36;0
2026.08.14 08:50:09;XAUUSD;5;1786669214;PLACE_PENDING_START;cycle=1786669214 trend=1 consecLosses=0 preset=AGGRESSIVE;PLACE_PENDING;SAFE;0;0;0;-1;-1;0.00;0.00;0.00;0.00;0.00;KELLY_LITE;true;0.04;213052.59;0.0417;KELLY_LITE(mult=1.40 taper=1.00 n=20)+CONSEC_REDUCE(0.50)+HARD_RISK_CAP(2.0%)+MAXLOSS_CAP;213063.59;213063.59;36;0
2026.08.14 08:50:09;XAUUSD;5;1786669214;DIR_OCO_PLACED;dir=BULL ticket=119515081 price=4344.24 sl=4329.24 tp=4366.74 lot=0.04 dist=1.50;PLACE_PENDING;SAFE;0;1;0;119515081;-1;0.00;0.00;0.00;0.00;0.00;KELLY_LITE;true;0.04;213063.59;0.0417;KELLY_LITE(mult=1.40 taper=1.00 n=20)+HARD_RISK_CAP(2.0%)+MAXLOSS_CAP;213063.59;213063.59;36;0
2026.08.14 08:50:09;XAUUSD;5;1786669214;DIR_OCO_COUNTER_PLACED;dir=BEAR(counter) ticket=119515082 price=4340.92 lot=0.03;PLACE_PENDING;SAFE;0;2;0;119515081;119515082;0.00;0.00;0.00;0.00;0.00;KELLY_LITE;true;0.04;213063.59;0.0417;KELLY_LITE(mult=1.40 taper=1.00 n=20)+HARD_RISK_CAP(2.0%)+MAXLOSS_CAP;213063.59;213063.59;36;0
2026.08.14 08:50:12;XAUUSD;5;1786669214;SELL_STOP_TRAILED;Old=4340.92 New=4341.32;WAIT_TRIGGER;SAFE;0;2;0;119515081;119515082;0.00;0.00;0.00;0.00;0.00;KELLY_LITE;true;0.04;213063.59;0.0417;KELLY_LITE(mult=1.40 taper=1.00 n=20)+HARD_RISK_CAP(2.0%)+MAXLOSS_CAP;213063.59;213063.59;36;0
2026.08.14 08:50:42;XAUUSD;5;1786669214;SELL_STOP_TRAILED;Old=4341.32 New=4341.65;WAIT_TRIGGER;SAFE;0;2;0;119515081;119515082;0.00;0.00;0.00;0.00;0.00;KELLY_LITE;true;0.04;213063.59;0.0417;KELLY_LITE(mult=1.40 taper=1.00 n=20)+HARD_RISK_CAP(2.0%)+MAXLOSS_CAP;213063.59;213063.59;36;0
2026.08.14 08:51:45;XAUUSD;5;1786669214;BUY_STOP_TRAILED;Old=4344.24 New=4343.82;WAIT_TRIGGER;SAFE;0;2;0;119515081;119515082;0.00;0.00;0.00;0.00;0.00;KELLY_LITE;true;0.04;213063.59;0.0417;KELLY_LITE(mult=1.40 taper=1.00 n=20)+HARD_RISK_CAP(2.0%)+MAXLOSS_CAP;213063.59;213063.59;36;0
2026.08.14 08:51:57;XAUUSD;5;1786669214;OCO_TRIGGERED_SELL;ticket=119515082 entry=4341.65;POSITION_ACTIVE;SAFE;1;1;0;119515081;-1;0.00;0.03;-1.05;0.00;0.00;KELLY_LITE;true;0.04;213063.59;0.0417;KELLY_LITE(mult=1.40 taper=1.00 n=20)+HARD_RISK_CAP(2.0%)+MAXLOSS_CAP;213063.59;213063.62;36;0
2026.08.14 08:51:57;XAUUSD;5;1786669214;PENDING_DELETED;ticket=119515081 reason=oco_sell_triggered;POSITION_ACTIVE;SAFE;1;0;0;119515081;-1;0.00;0.03;-1.05;0.00;0.00;KELLY_LITE;true;0.04;213063.59;0.0417;KELLY_LITE(mult=1.40 taper=1.00 n=20)+HARD_RISK_CAP(2.0%)+MAXLOSS_CAP;213063.59;213063.62;36;0
2026.08.14 08:51:58;XAUUSD;5;1786669214;HEDGE_PENDING_PLACED;dir=BUY_STOP ticket=119515174 price=4345.00 sl=4342.00 lot=0.05 mainEntry=4341.65 dist=3.00 confirmBars=1;POSITION_ACTIVE;SAFE;1;1;1;-1;-1;4341.65;-0.93;-0.93;0.03;0.00;KELLY_LITE;true;0.04;213063.59;0.0417;KELLY_LITE(mult=1.40 taper=1.00 n=20)+HARD_RISK_CAP(2.0%)+MAXLOSS_CAP;213063.59;213062.66;36;0
2026.08.14 09:00:21;XAUUSD;5;1786669214;SL_MODIFIED;ticket=119515174 oldSL=4342.00 newSL=4345.16 reason=hedge_giveback_lock (retry buf=3pt);MANAGE_PROFIT;SAFE;2;0;1;-1;-1;4341.65;-9.25;4.70;0.03;-14.09;KELLY_LITE;true;0.04;213063.59;0.0417;KELLY_LITE(mult=1.40 taper=1.00 n=20)+HARD_RISK_CAP(2.0%)+MAXLOSS_CAP;213063.59;213054.34;36;0
2026.08.14 09:00:21;XAUUSD;5;1786669214;SL_MODIFIED;ticket=119515174 oldSL=4345.16 newSL=4345.42 reason=hedge_giveback_lock;MANAGE_PROFIT;SAFE;2;0;1;-1;-1;4341.65;-9.11;5.05;0.03;-14.09;KELLY_LITE;true;0.04;213063.59;0.0417;KELLY_LITE(mult=1.40 taper=1.00 n=20)+HARD_RISK_CAP(2.0%)+MAXLOSS_CAP;213063.59;213054.48;36;0
2026.08.14 09:00:21;XAUUSD;5;1786669214;SL_MODIFIED;ticket=119515174 oldSL=4345.42 newSL=4345.49 reason=hedge_giveback_lock;MANAGE_PROFIT;SAFE;2;0;1;-1;-1;4341.65;-9.13;5.00;0.03;-14.09;KELLY_LITE;true;0.04;213063.59;0.0417;KELLY_LITE(mult=1.40 taper=1.00 n=20)+HARD_RISK_CAP(2.0%)+MAXLOSS_CAP;213063.59;213054.46;36;0
2026.08.14 09:00:23;XAUUSD;5;1786669214;SL_MODIFIED;ticket=119515174 oldSL=4345.49 newSL=4345.71 reason=hedge_giveback_lock;MANAGE_PROFIT;SAFE;2;0;1;-1;-1;4341.65;-8.85;7.45;0.03;-14.09;KELLY_LITE;true;0.04;213063.59;0.0417;KELLY_LITE(mult=1.40 taper=1.00 n=20)+HARD_RISK_CAP(2.0%)+MAXLOSS_CAP;213063.59;213054.74;36;0
2026.08.14 09:00:24;XAUUSD;5;1786669214;SL_MODIFIED;ticket=119515174 oldSL=4345.71 newSL=4345.85 reason=hedge_giveback_lock;MANAGE_PROFIT;SAFE;2;0;1;-1;-1;4341.65;-8.05;7.70;0.03;-14.09;KELLY_LITE;true;0.04;213063.59;0.0417;KELLY_LITE(mult=1.40 taper=1.00 n=20)+HARD_RISK_CAP(2.0%)+MAXLOSS_CAP;213063.59;213055.54;36;0
2026.08.14 09:00:24;XAUUSD;5;1786669214;SL_MODIFIED;ticket=119515174 oldSL=4345.85 newSL=4346.02 reason=hedge_giveback_lock;MANAGE_PROFIT;SAFE;2;0;1;-1;-1;4341.65;-7.93;8.00;0.03;-14.09;KELLY_LITE;true;0.04;213063.59;0.0417;KELLY_LITE(mult=1.40 taper=1.00 n=20)+HARD_RISK_CAP(2.0%)+MAXLOSS_CAP;213063.59;213055.66;36;0
2026.08.14 09:00:25;XAUUSD;5;1786669214;SL_MODIFIED;ticket=119515174 oldSL=4346.02 newSL=4346.08 reason=hedge_giveback_lock;MANAGE_PROFIT;SAFE;2;0;1;-1;-1;4341.65;-7.40;9.40;0.03;-14.09;KELLY_LITE;true;0.04;213063.59;0.0417;KELLY_LITE(mult=1.40 taper=1.00 n=20)+HARD_RISK_CAP(2.0%)+MAXLOSS_CAP;213063.59;213056.19;37;0
2026.08.14 09:00:25;XAUUSD;5;1786669214;SL_MODIFIED;ticket=119515174 oldSL=4346.08 newSL=4346.36 reason=hedge_giveback_lock;MANAGE_PROFIT;SAFE;2;0;1;-1;-1;4341.65;-6.85;10.70;0.03;-14.09;KELLY_LITE;true;0.04;213063.59;0.0417;KELLY_LITE(mult=1.40 taper=1.00 n=20)+HARD_RISK_CAP(2.0%)+MAXLOSS_CAP;213063.59;213056.74;36;0
2026.08.14 09:00:26;XAUUSD;5;1786669214;SL_MODIFIED;ticket=119515174 oldSL=4346.36 newSL=4346.52 reason=hedge_giveback_lock (retry buf=3pt);MANAGE_PROFIT;SAFE;2;0;1;-1;-1;4341.65;-6.99;10.35;0.03;-14.09;KELLY_LITE;true;0.04;213063.59;0.0417;KELLY_LITE(mult=1.40 taper=1.00 n=20)+HARD_RISK_CAP(2.0%)+MAXLOSS_CAP;213063.59;213056.60;36;0
2026.08.14 09:00:27;XAUUSD;5;1786669214;SL_MODIFIED;ticket=119515174 oldSL=4346.52 newSL=4346.55 reason=hedge_giveback_lock;MANAGE_PROFIT;SAFE;2;0;1;-1;-1;4341.65;-7.47;11.15;0.03;-14.09;KELLY_LITE;true;0.04;213063.59;0.0417;KELLY_LITE(mult=1.40 taper=1.00 n=20)+HARD_RISK_CAP(2.0%)+MAXLOSS_CAP;213063.59;213056.12;36;0
2026.08.14 09:00:27;XAUUSD;5;1786669214;SL_MODIFY_FAILED;ticket=119515174 newSL=4346.64 reason=hedge_giveback_lock err=0;MANAGE_PROFIT;SAFE;2;0;1;-1;-1;4341.65;-7.47;11.15;0.03;-14.09;KELLY_LITE;true;0.04;213063.59;0.0417;KELLY_LITE(mult=1.40 taper=1.00 n=20)+HARD_RISK_CAP(2.0%)+MAXLOSS_CAP;213063.59;213056.12;36;0
2026.08.14 09:00:29;XAUUSD;5;1786669214;SL_MODIFIED;ticket=119515174 oldSL=4346.55 newSL=4346.61 reason=hedge_giveback_lock;MANAGE_PROFIT;SAFE;2;0;1;-1;-1;4341.65;-6.49;11.60;0.03;-14.09;KELLY_LITE;true;0.04;213063.59;0.0417;KELLY_LITE(mult=1.40 taper=1.00 n=20)+HARD_RISK_CAP(2.0%)+MAXLOSS_CAP;213063.59;213057.10;36;0
2026.08.14 09:00:29;XAUUSD;5;1786669214;SL_MODIFIED;ticket=119515174 oldSL=4346.61 newSL=4346.80 reason=hedge_giveback_lock;MANAGE_PROFIT;SAFE;2;0;1;-1;-1;4341.65;-6.49;11.60;0.03;-14.09;KELLY_LITE;true;0.04;213063.59;0.0417;KELLY_LITE(mult=1.40 taper=1.00 n=20)+HARD_RISK_CAP(2.0%)+MAXLOSS_CAP;213063.59;213057.10;36;0
2026.08.14 09:00:30;XAUUSD;5;1786669214;SL_MODIFIED;ticket=119515174 oldSL=4346.80 newSL=4346.85 reason=hedge_giveback_lock;MANAGE_PROFIT;SAFE;2;0;1;-1;-1;4341.65;-6.19;12.35;0.03;-14.09;KELLY_LITE;true;0.04;213063.59;0.0417;KELLY_LITE(mult=1.40 taper=1.00 n=20)+HARD_RISK_CAP(2.0%)+MAXLOSS_CAP;213063.59;213057.40;36;0
2026.08.14 09:00:30;XAUUSD;5;1786669214;SL_MODIFIED;ticket=119515174 oldSL=4346.85 newSL=4346.95 reason=hedge_giveback_lock;MANAGE_PROFIT;SAFE;2;0;1;-1;-1;4341.65;-5.73;13.50;0.03;-14.09;KELLY_LITE;true;0.04;213063.59;0.0417;KELLY_LITE(mult=1.40 taper=1.00 n=20)+HARD_RISK_CAP(2.0%)+MAXLOSS_CAP;213063.59;213057.86;36;0
2026.08.14 09:00:31;XAUUSD;5;1786669214;HEDGE_CLOSED_REVERSAL;profit=10.60 peak=13.50 giveback=2.90 cap=2.50 reason=giveback_cap ok=1;MANAGE_PROFIT;SAFE;1;0;1;-1;-1;4341.65;-17.76;-17.76;0.03;-14.09;KELLY_LITE;true;0.04;213063.59;0.0417;KELLY_LITE(mult=1.40 taper=1.00 n=20)+HARD_RISK_CAP(2.0%)+MAXLOSS_CAP;213073.34;213055.58;36;0
2026.08.14 09:00:31;XAUUSD;5;1786669214;EXIT_SOFT_SL_MOMENTUM;profit=-17.76 rsi=71.5 thresh=70.0 dir=-1;MANAGE_PROFIT;SAFE;1;0;1;-1;-1;4341.65;-17.76;-17.76;0.03;-17.76;KELLY_LITE;true;0.04;213063.59;0.0417;KELLY_LITE(mult=1.40 taper=1.00 n=20)+HARD_RISK_CAP(2.0%)+MAXLOSS_CAP;213073.34;213055.58;36;0
2026.08.14 09:00:32;XAUUSD;5;1786669214;POSITION_CLOSED;ticket=119515082 reason=soft_sl_momentum lots=0.03 price=4347.57 pnl=-17.76;MANAGE_PROFIT;SAFE;0;0;1;-1;-1;4341.65;0.00;0.00;0.03;-17.76;KELLY_LITE;true;0.04;213063.59;0.0417;KELLY_LITE(mult=1.40 taper=1.00 n=20)+HARD_RISK_CAP(2.0%)+MAXLOSS_CAP;213055.28;213055.28;36;0
2026.08.14 09:00:32;XAUUSD;5;1786669214;TRADELOG_RECOVER_CLOSE;ticket=119515174 type=hedge pnl=9.75;RESET;SAFE;0;0;0;-1;-1;4341.65;0.00;0.00;0.03;-17.76;KELLY_LITE;true;0.04;213063.59;0.0417;KELLY_LITE(mult=1.40 taper=1.00 n=20)+HARD_RISK_CAP(2.0%)+MAXLOSS_CAP;213055.28;213055.28;36;0
2026.08.14 09:00:32;XAUUSD;5;1786669214;LOSS_COOLDOWN_AFTER_LOSS;cyclePnL=-8.31 pauseUntil=2026.08.14 09:05:32;RESET;SAFE;0;0;0;-1;-1;4341.65;0.00;0.00;0.03;-17.76;KELLY_LITE;true;0.04;213063.59;0.0417;KELLY_LITE(mult=1.40 taper=1.00 n=20)+HARD_RISK_CAP(2.0%)+MAXLOSS_CAP;213055.28;213055.28;36;0
2026.08.14 09:00:32;XAUUSD;5;1786669214;CYCLE_RESET;oldState=RESET realizedPnL=-8.31 peak=0.03 worst=-17.76 pyramid=0 consLosses=1;RESET;SAFE;0;0;0;-1;-1;4341.65;0.00;0.00;0.03;-17.76;KELLY_LITE;true;0.04;213063.59;0.0417;KELLY_LITE(mult=1.40 taper=1.00 n=20)+HARD_RISK_CAP(2.0%)+MAXLOSS_CAP;213055.28;213055.28;36;0
2026.08.14 09:05:32;XAUUSD;5;1786669215;PLACE_PENDING_START;cycle=1786669215 trend=1 consecLosses=1 preset=AGGRESSIVE;PLACE_PENDING;SAFE;0;0;0;-1;-1;0.00;0.00;0.00;0.00;0.00;KELLY_LITE;true;0.04;213063.59;0.0417;KELLY_LITE(mult=1.40 taper=1.00 n=20)+HARD_RISK_CAP(2.0%)+MAXLOSS_CAP;213055.28;213055.28;36;0
2026.08.14 09:05:32;XAUUSD;5;1786669215;DIR_OCO_PLACED;dir=BULL ticket=119516252 price=4344.54 sl=4329.54 tp=4367.04 lot=0.04 dist=1.50;PLACE_PENDING;SAFE;0;1;0;119516252;-1;0.00;0.00;0.00;0.00;0.00;KELLY_LITE;true;0.04;213055.28;0.0417;KELLY_LITE(mult=1.30 taper=1.00 n=20)+HARD_RISK_CAP(2.0%)+MAXLOSS_CAP;213055.28;213055.28;36;0
2026.08.14 09:05:33;XAUUSD;5;1786669215;DIR_OCO_COUNTER_PLACED;dir=BEAR(counter) ticket=119516253 price=4341.22 lot=0.03;PLACE_PENDING;SAFE;0;2;0;119516252;119516253;0.00;0.00;0.00;0.00;0.00;KELLY_LITE;true;0.04;213055.28;0.0417;KELLY_LITE(mult=1.30 taper=1.00 n=20)+HARD_RISK_CAP(2.0%)+MAXLOSS_CAP;213055.28;213055.28;36;0
2026.08.14 09:05:43;XAUUSD;5;1786669215;BUY_STOP_TRAILED;Old=4344.54 New=4344.22;WAIT_TRIGGER;SAFE;0;2;0;119516252;119516253;0.00;0.00;0.00;0.00;0.00;KELLY_LITE;true;0.04;213055.28;0.0417;KELLY_LITE(mult=1.30 taper=1.00 n=20)+HARD_RISK_CAP(2.0%)+MAXLOSS_CAP;213055.28;213055.28;36;0
2026.08.14 09:05:45;XAUUSD;5;1786669215;BUY_STOP_TRAILED;Old=4344.22 New=4343.83;WAIT_TRIGGER;SAFE;0;2;0;119516252;119516253;0.00;0.00;0.00;0.00;0.00;KELLY_LITE;true;0.04;213055.28;0.0417;KELLY_LITE(mult=1.30 taper=1.00 n=20)+HARD_RISK_CAP(2.0%)+MAXLOSS_CAP;213055.28;213055.28;36;0
2026.08.14 09:06:05;XAUUSD;5;1786669215;SELL_STOP_TRAILED;Old=4341.22 New=4341.54;WAIT_TRIGGER;SAFE;0;2;0;119516252;119516253;0.00;0.00;0.00;0.00;0.00;KELLY_LITE;true;0.04;213055.28;0.0417;KELLY_LITE(mult=1.30 taper=1.00 n=20)+HARD_RISK_CAP(2.0%)+MAXLOSS_CAP;213055.28;213055.28;36;0
2026.08.14 09:06:08;XAUUSD;5;1786669215;SELL_STOP_TRAILED;Old=4341.54 New=4341.87;WAIT_TRIGGER;SAFE;1;1;0;119516252;119516253;0.00;0.04;-1.88;0.00;0.00;KELLY_LITE;true;0.04;213055.28;0.0417;KELLY_LITE(mult=1.30 taper=1.00 n=20)+HARD_RISK_CAP(2.0%)+MAXLOSS_CAP;213055.28;213055.32;36;0
2026.08.14 09:06:08;XAUUSD;5;1786669215;OCO_TRIGGERED_BUY;ticket=119516252 entry=4343.83;POSITION_ACTIVE;SAFE;1;1;0;-1;119516253;0.00;0.04;-1.88;0.00;0.00;KELLY_LITE;true;0.04;213055.28;0.0417;KELLY_LITE(mult=1.30 taper=1.00 n=20)+HARD_RISK_CAP(2.0%)+MAXLOSS_CAP;213055.28;213055.32;36;0
2026.08.14 09:06:09;XAUUSD;5;1786669215;PENDING_DELETED;ticket=119516253 reason=oco_buy_triggered;POSITION_ACTIVE;SAFE;1;0;0;-1;119516253;0.00;-1.72;-1.72;0.00;0.00;KELLY_LITE;true;0.04;213055.28;0.0417;KELLY_LITE(mult=1.30 taper=1.00 n=20)+HARD_RISK_CAP(2.0%)+MAXLOSS_CAP;213055.28;213053.56;36;0
2026.08.14 09:06:09;XAUUSD;5;1786669215;HEDGE_PENDING_PLACED;dir=SELL_STOP ticket=119516292 price=4340.40 sl=4343.40 lot=0.05 mainEntry=4343.83 dist=3.00 confirmBars=1;POSITION_ACTIVE;SAFE;1;1;1;-1;-1;4343.83;-1.16;-1.16;0.00;-1.72;KELLY_LITE;true;0.04;213055.28;0.0417;KELLY_LITE(mult=1.30 taper=1.00 n=20)+HARD_RISK_CAP(2.0%)+MAXLOSS_CAP;213055.28;213054.12;36;0
2026.08.14 09:09:35;XAUUSD;5;1786669215;SL_MODIFIED;ticket=119516252 oldSL=4331.83 newSL=4345.35 reason=break_even_lock_leg_0 (retry buf=3pt);MANAGE_PROFIT;SAFE;1;1;1;-1;-1;4343.83;8.24;8.24;8.52;-2.96;KELLY_LITE;true;0.04;213055.28;0.0417;KELLY_LITE(mult=1.30 taper=1.00 n=20)+HARD_RISK_CAP(2.0%)+MAXLOSS_CAP;213055.28;213063.52;36;0
2026.08.14 09:09:35;XAUUSD;5;1786669215;PROFIT_RATCHET_LOCKED;floor=2.88 peak=8.52;MANAGE_PROFIT;SAFE;1;1;1;-1;-1;4343.83;8.24;8.24;8.52;-2.96;KELLY_LITE;true;0.04;213055.28;0.0417;KELLY_LITE(mult=1.30 taper=1.00 n=20)+HARD_RISK_CAP(2.0%)+MAXLOSS_CAP;213055.28;213063.52;36;0
2026.08.14 09:09:35;XAUUSD;5;1786669215;PROFIT_RATCHET_LOCKED;floor=2.88 peak=8.52;MANAGE_PROFIT;SAFE;1;1;1;-1;-1;4343.83;8.24;8.24;8.52;-2.96;KELLY_LITE;true;0.04;213055.28;0.0417;KELLY_LITE(mult=1.30 taper=1.00 n=20)+HARD_RISK_CAP(2.0%)+MAXLOSS_CAP;213055.28;213063.52;36;0
2026.08.14 09:09:35;XAUUSD;5;1786669215;PROFIT_RATCHET_LOCKED;floor=2.88 peak=8.52;MANAGE_PROFIT;SAFE;1;1;1;-1;-1;4343.83;8.08;8.08;8.52;-2.96;KELLY_LITE;true;0.04;213055.28;0.0417;KELLY_LITE(mult=1.30 taper=1.00 n=20)+HARD_RISK_CAP(2.0%)+MAXLOSS_CAP;213055.28;213063.36;36;0
2026.08.14 09:09:35;XAUUSD;5;1786669215;PROFIT_RATCHET_LOCKED;floor=2.88 peak=8.52;MANAGE_PROFIT;SAFE;1;1;1;-1;-1;4343.83;8.20;8.20;8.52;-2.96;KELLY_LITE;true;0.04;213055.28;0.0417;KELLY_LITE(mult=1.30 taper=1.00 n=20)+HARD_RISK_CAP(2.0%)+MAXLOSS_CAP;213055.28;213063.48;36;0
2026.08.14 09:09:36;XAUUSD;5;1786669215;PROFIT_RATCHET_LOCKED;floor=2.88 peak=8.52;MANAGE_PROFIT;SAFE;1;1;1;-1;-1;4343.83;8.04;8.04;8.52;-2.96;KELLY_LITE;true;0.04;213055.28;0.0417;KELLY_LITE(mult=1.30 taper=1.00 n=20)+HARD_RISK_CAP(2.0%)+MAXLOSS_CAP;213055.28;213063.32;36;0
2026.08.14 09:09:36;XAUUSD;5;1786669215;PROFIT_RATCHET_LOCKED;floor=2.88 peak=8.52;MANAGE_PROFIT;SAFE;1;1;1;-1;-1;4343.83;7.96;7.96;8.52;-2.96;KELLY_LITE;true;0.04;213055.28;0.0417;KELLY_LITE(mult=1.30 taper=1.00 n=20)+HARD_RISK_CAP(2.0%)+MAXLOSS_CAP;213055.28;213063.24;36;0
2026.08.14 09:09:36;XAUUSD;5;1786669215;PROFIT_RATCHET_LOCKED;floor=2.88 peak=8.52;MANAGE_PROFIT;SAFE;1;1;1;-1;-1;4343.83;7.16;7.16;8.52;-2.96;KELLY_LITE;true;0.04;213055.28;0.0417;KELLY_LITE(mult=1.30 taper=1.00 n=20)+HARD_RISK_CAP(2.0%)+MAXLOSS_CAP;213055.28;213062.44;36;0
2026.08.14 09:09:36;XAUUSD;5;1786669215;PROFIT_RATCHET_LOCKED;floor=2.88 peak=8.52;MANAGE_PROFIT;SAFE;1;1;1;-1;-1;4343.83;7.08;7.08;8.52;-2.96;KELLY_LITE;true;0.04;213055.28;0.0417;KELLY_LITE(mult=1.30 taper=1.00 n=20)+HARD_RISK_CAP(2.0%)+MAXLOSS_CAP;213055.28;213062.36;36;0
2026.08.14 09:09:36;XAUUSD;5;1786669215;PROFIT_RATCHET_LOCKED;floor=2.88 peak=8.52;MANAGE_PROFIT;SAFE;1;1;1;-1;-1;4343.83;7.40;7.40;8.52;-2.96;KELLY_LITE;true;0.04;213055.28;0.0417;KELLY_LITE(mult=1.30 taper=1.00 n=20)+HARD_RISK_CAP(2.0%)+MAXLOSS_CAP;213055.28;213062.68;36;0
2026.08.14 09:09:37;XAUUSD;5;1786669215;PROFIT_RATCHET_LOCKED;floor=2.88 peak=8.52;MANAGE_PROFIT;SAFE;1;1;1;-1;-1;4343.83;7.32;7.32;8.52;-2.96;KELLY_LITE;true;0.04;213055.28;0.0417;KELLY_LITE(mult=1.30 taper=1.00 n=20)+HARD_RISK_CAP(2.0%)+MAXLOSS_CAP;213055.28;213062.60;36;0
2026.08.14 09:09:37;XAUUSD;5;1786669215;PROFIT_RATCHET_LOCKED;floor=2.88 peak=8.52;MANAGE_PROFIT;SAFE;1;1;1;-1;-1;4343.83;7.24;7.24;8.52;-2.96;KELLY_LITE;true;0.04;213055.28;0.0417;KELLY_LITE(mult=1.30 taper=1.00 n=20)+HARD_RISK_CAP(2.0%)+MAXLOSS_CAP;213055.28;213062.52;36;0
2026.08.14 09:09:38;XAUUSD;5;1786669215;PROFIT_RATCHET_LOCKED;floor=2.88 peak=8.52;MANAGE_PROFIT;SAFE;1;1;1;-1;-1;4343.83;7.68;7.68;8.52;-2.96;KELLY_LITE;true;0.04;213055.28;0.0417;KELLY_LITE(mult=1.30 taper=1.00 n=20)+HARD_RISK_CAP(2.0%)+MAXLOSS_CAP;213055.28;213062.96;36;0
2026.08.14 09:09:38;XAUUSD;5;1786669215;PROFIT_RATCHET_LOCKED;floor=2.88 peak=8.52;MANAGE_PROFIT;SAFE;1;1;1;-1;-1;4343.83;7.36;7.36;8.52;-2.96;KELLY_LITE;true;0.04;213055.28;0.0417;KELLY_LITE(mult=1.30 taper=1.00 n=20)+HARD_RISK_CAP(2.0%)+MAXLOSS_CAP;213055.28;213062.64;36;0
2026.08.14 09:09:39;XAUUSD;5;1786669215;PROFIT_RATCHET_LOCKED;floor=2.88 peak=8.52;MANAGE_PROFIT;SAFE;1;1;1;-1;-1;4343.83;7.20;7.20;8.52;-2.96;KELLY_LITE;true;0.04;213055.28;0.0417;KELLY_LITE(mult=1.30 taper=1.00 n=20)+HARD_RISK_CAP(2.0%)+MAXLOSS_CAP;213055.28;213062.48;36;0
2026.08.14 09:09:40;XAUUSD;5;1786669215;PROFIT_RATCHET_LOCKED;floor=2.88 peak=8.52;MANAGE_PROFIT;SAFE;1;1;1;-1;-1;4343.83;6.92;6.92;8.52;-2.96;KELLY_LITE;true;0.04;213055.28;0.0417;KELLY_LITE(mult=1.30 taper=1.00 n=20)+HARD_RISK_CAP(2.0%)+MAXLOSS_CAP;213055.28;213062.20;36;0
2026.08.14 09:09:40;XAUUSD;5;1786669215;PROFIT_RATCHET_LOCKED;floor=2.88 peak=8.52;MANAGE_PROFIT;SAFE;1;1;1;-1;-1;4343.83;6.64;6.64;8.52;-2.96;KELLY_LITE;true;0.04;213055.28;0.0417;KELLY_LITE(mult=1.30 taper=1.00 n=20)+HARD_RISK_CAP(2.0%)+MAXLOSS_CAP;213055.28;213061.92;36;0
2026.08.14 09:09:40;XAUUSD;5;1786669215;PROFIT_RATCHET_LOCKED;floor=2.88 peak=8.52;MANAGE_PROFIT;SAFE;1;1;1;-1;-1;4343.83;6.60;6.60;8.52;-2.96;KELLY_LITE;true;0.04;213055.28;0.0417;KELLY_LITE(mult=1.30 taper=1.00 n=20)+HARD_RISK_CAP(2.0%)+MAXLOSS_CAP;213055.28;213061.88;36;0
2026.08.14 09:09:40;XAUUSD;5;1786669215;PROFIT_RATCHET_LOCKED;floor=2.88 peak=8.52;MANAGE_PROFIT;SAFE;1;1;1;-1;-1;4343.83;6.64;6.64;8.52;-2.96;KELLY_LITE;true;0.04;213055.28;0.0417;KELLY_LITE(mult=1.30 taper=1.00 n=20)+HARD_RISK_CAP(2.0%)+MAXLOSS_CAP;213055.28;213061.92;36;0
2026.08.14 09:09:41;XAUUSD;5;1786669215;PROFIT_RATCHET_LOCKED;floor=2.88 peak=8.52;MANAGE_PROFIT;SAFE;1;1;1;-1;-1;4343.83;6.56;6.56;8.52;-2.96;KELLY_LITE;true;0.04;213055.28;0.0417;KELLY_LITE(mult=1.30 taper=1.00 n=20)+HARD_RISK_CAP(2.0%)+MAXLOSS_CAP;213055.28;213061.84;36;0
2026.08.14 09:09:41;XAUUSD;5;1786669215;PROFIT_RATCHET_LOCKED;floor=2.88 peak=8.52;MANAGE_PROFIT;SAFE;1;1;1;-1;-1;4343.83;6.52;6.52;8.52;-2.96;KELLY_LITE;true;0.04;213055.28;0.0417;KELLY_LITE(mult=1.30 taper=1.00 n=20)+HARD_RISK_CAP(2.0%)+MAXLOSS_CAP;213055.28;213061.80;36;0
2026.08.14 09:09:41;XAUUSD;5;1786669215;PROFIT_RATCHET_LOCKED;floor=2.88 peak=8.52;MANAGE_PROFIT;SAFE;1;1;1;-1;-1;4343.83;6.48;6.48;8.52;-2.96;KELLY_LITE;true;0.04;213055.28;0.0417;KELLY_LITE(mult=1.30 taper=1.00 n=20)+HARD_RISK_CAP(2.0%)+MAXLOSS_CAP;213055.28;213061.76;36;0
2026.08.14 09:09:42;XAUUSD;5;1786669215;PROFIT_RATCHET_LOCKED;floor=2.88 peak=8.52;MANAGE_PROFIT;SAFE;1;1;1;-1;-1;4343.83;6.24;6.24;8.52;-2.96;KELLY_LITE;true;0.04;213055.28;0.0417;KELLY_LITE(mult=1.30 taper=1.00 n=20)+HARD_RISK_CAP(2.0%)+MAXLOSS_CAP;213055.28;213061.52;36;0
2026.08.14 09:09:42;XAUUSD;5;1786669215;PROFIT_RATCHET_LOCKED;floor=2.88 peak=8.52;MANAGE_PROFIT;SAFE;1;1;1;-1;-1;4343.83;6.20;6.20;8.52;-2.96;KELLY_LITE;true;0.04;213055.28;0.0417;KELLY_LITE(mult=1.30 taper=1.00 n=20)+HARD_RISK_CAP(2.0%)+MAXLOSS_CAP;213055.28;213061.48;36;0
2026.08.14 09:09:43;XAUUSD;5;1786669215;PROFIT_RATCHET_LOCKED;floor=2.88 peak=8.52;MANAGE_PROFIT;SAFE;1;1;1;-1;-1;4343.83;6.16;6.16;8.52;-2.96;KELLY_LITE;true;0.04;213055.28;0.0417;KELLY_LITE(mult=1.30 taper=1.00 n=20)+HARD_RISK_CAP(2.0%)+MAXLOSS_CAP;213055.28;213061.44;36;0
2026.08.14 09:09:43;XAUUSD;5;1786669215;RECONCILED_BROKER_CLOSE;ticket=119516252 type=main pnl=6.08;MANAGE_PROFIT;SAFE;0;1;1;-1;-1;4343.83;0.00;0.00;8.52;-2.96;KELLY_LITE;true;0.04;213055.28;0.0417;KELLY_LITE(mult=1.30 taper=1.00 n=20)+HARD_RISK_CAP(2.0%)+MAXLOSS_CAP;213061.36;213061.36;36;0
2026.08.14 09:09:44;XAUUSD;5;1786669215;PENDING_DELETED;ticket=119516292 reason=main_gone_hedge_pending;WAIT_TRIGGER;SAFE;0;0;1;-1;-1;4343.83;0.00;0.00;8.52;-2.96;KELLY_LITE;true;0.04;213055.28;0.0417;KELLY_LITE(mult=1.30 taper=1.00 n=20)+HARD_RISK_CAP(2.0%)+MAXLOSS_CAP;213061.36;213061.36;36;0
2026.08.14 09:09:44;XAUUSD;5;1786669215;HEDGE_PENDING_CLEANUP;main_position_gone;WAIT_TRIGGER;SAFE;0;0;1;-1;-1;4343.83;0.00;0.00;8.52;-2.96;KELLY_LITE;true;0.04;213055.28;0.0417;KELLY_LITE(mult=1.30 taper=1.00 n=20)+HARD_RISK_CAP(2.0%)+MAXLOSS_CAP;213061.36;213061.36;36;0
2026.08.14 09:09:44;XAUUSD;5;1786669215;CYCLE_RESET;oldState=WAIT_TRIGGER realizedPnL=6.08 peak=8.52 worst=-2.96 pyramid=1 consLosses=0;WAIT_TRIGGER;SAFE;0;0;1;-1;-1;4343.83;0.00;0.00;8.52;-2.96;KELLY_LITE;true;0.04;213055.28;0.0417;KELLY_LITE(mult=1.30 taper=1.00 n=20)+HARD_RISK_CAP(2.0%)+MAXLOSS_CAP;213061.36;213061.36;36;0
2026.08.14 09:14:44;XAUUSD;5;1786669216;PLACE_PENDING_START;cycle=1786669216 trend=1 consecLosses=0 preset=AGGRESSIVE;PLACE_PENDING;SAFE;0;0;0;-1;-1;0.00;0.00;0.00;0.00;0.00;KELLY_LITE;true;0.04;213055.28;0.0417;KELLY_LITE(mult=1.30 taper=1.00 n=20)+HARD_RISK_CAP(2.0%)+MAXLOSS_CAP;213061.36;213061.36;36;0
2026.08.14 09:14:44;XAUUSD;5;1786669216;DIR_OCO_PLACED;dir=BULL ticket=119516733 price=4349.31 sl=4334.31 tp=4371.81 lot=0.04 dist=1.50;PLACE_PENDING;SAFE;0;1;0;119516733;-1;0.00;0.00;0.00;0.00;0.00;KELLY_LITE;true;0.04;213061.36;0.0417;KELLY_LITE(mult=1.30 taper=1.00 n=20)+HARD_RISK_CAP(2.0%)+MAXLOSS_CAP;213061.36;213061.36;36;0
2026.08.14 09:14:45;XAUUSD;5;1786669216;DIR_OCO_COUNTER_PLACED;dir=BEAR(counter) ticket=119516735 price=4346.03 lot=0.03;PLACE_PENDING;SAFE;0;2;0;119516733;119516735;0.00;0.00;0.00;0.00;0.00;KELLY_LITE;true;0.04;213061.36;0.0417;KELLY_LITE(mult=1.30 taper=1.00 n=20)+HARD_RISK_CAP(2.0%)+MAXLOSS_CAP;213061.36;213061.36;36;0
2026.08.14 09:15:05;XAUUSD;5;1786669216;SELL_STOP_TRAILED;Old=4346.03 New=4346.43;WAIT_TRIGGER;SAFE;0;2;0;119516733;119516735;0.00;0.00;0.00;0.00;0.00;KELLY_LITE;true;0.04;213061.36;0.0417;KELLY_LITE(mult=1.30 taper=1.00 n=20)+HARD_RISK_CAP(2.0%)+MAXLOSS_CAP;213061.36;213061.36;36;0
2026.08.14 09:15:10;XAUUSD;5;1786669216;SELL_STOP_TRAILED;Old=4346.43 New=4346.75;WAIT_TRIGGER;SAFE;0;2;0;119516733;119516735;0.00;0.00;0.00;0.00;0.00;KELLY_LITE;true;0.04;213061.36;0.0417;KELLY_LITE(mult=1.30 taper=1.00 n=20)+HARD_RISK_CAP(2.0%)+MAXLOSS_CAP;213061.36;213061.36;36;0
2026.08.14 09:15:16;XAUUSD;5;1786669216;SELL_STOP_TRAILED;Old=4346.75 New=4347.08;WAIT_TRIGGER;SAFE;0;2;0;119516733;119516735;0.00;0.00;0.00;0.00;0.00;KELLY_LITE;true;0.04;213061.36;0.0417;KELLY_LITE(mult=1.30 taper=1.00 n=20)+HARD_RISK_CAP(2.0%)+MAXLOSS_CAP;213061.36;213061.36;36;0
2026.08.14 09:16:50;XAUUSD;5;1786669216;BUY_STOP_TRAILED;Old=4349.31 New=4349.00;WAIT_TRIGGER;SAFE;1;1;0;119516733;119516735;0.00;-1.05;-1.05;0.00;0.00;KELLY_LITE;true;0.04;213061.36;0.0417;KELLY_LITE(mult=1.30 taper=1.00 n=20)+HARD_RISK_CAP(2.0%)+MAXLOSS_CAP;213061.36;213060.31;36;0
2026.08.14 09:16:50;XAUUSD;5;1786669216;OCO_TRIGGERED_SELL;ticket=119516735 entry=4347.08;POSITION_ACTIVE;SAFE;1;1;0;119516733;-1;0.00;-1.05;-1.05;0.00;0.00;KELLY_LITE;true;0.04;213061.36;0.0417;KELLY_LITE(mult=1.30 taper=1.00 n=20)+HARD_RISK_CAP(2.0%)+MAXLOSS_CAP;213061.36;213060.31;36;0
2026.08.14 09:16:51;XAUUSD;5;1786669216;PENDING_DELETED;ticket=119516733 reason=oco_sell_triggered;POSITION_ACTIVE;SAFE;1;0;0;119516733;-1;0.00;-0.93;-0.93;0.00;0.00;KELLY_LITE;true;0.04;213061.36;0.0417;KELLY_LITE(mult=1.30 taper=1.00 n=20)+HARD_RISK_CAP(2.0%)+MAXLOSS_CAP;213061.36;213060.43;36;0
2026.08.14 09:16:51;XAUUSD;5;1786669216;HEDGE_PENDING_PLACED;dir=BUY_STOP ticket=119516918 price=4350.39 sl=4347.39 lot=0.05 mainEntry=4347.08 dist=3.00 confirmBars=1;POSITION_ACTIVE;SAFE;1;1;1;-1;-1;4347.08;-1.14;-1.14;0.00;-0.93;KELLY_LITE;true;0.04;213061.36;0.0417;KELLY_LITE(mult=1.30 taper=1.00 n=20)+HARD_RISK_CAP(2.0%)+MAXLOSS_CAP;213061.36;213060.22;36;0
2026.08.14 09:22:35;XAUUSD;5;1786669216;SL_MODIFIED;ticket=119516735 oldSL=4359.08 newSL=4344.97 reason=break_even_lock_leg_0 (retry buf=3pt);MANAGE_PROFIT;SAFE;1;1;1;-1;-1;4347.08;7.98;7.98;8.07;-6.78;KELLY_LITE;true;0.04;213061.36;0.0417;KELLY_LITE(mult=1.30 taper=1.00 n=20)+HARD_RISK_CAP(2.0%)+MAXLOSS_CAP;213061.36;213069.34;36;0
2026.08.14 09:22:35;XAUUSD;5;1786669216;PROFIT_RATCHET_LOCKED;floor=3.43 peak=8.07;MANAGE_PROFIT;SAFE;1;1;1;-1;-1;4347.08;7.98;7.98;8.07;-6.78;KELLY_LITE;true;0.04;213061.36;0.0417;KELLY_LITE(mult=1.30 taper=1.00 n=20)+HARD_RISK_CAP(2.0%)+MAXLOSS_CAP;213061.36;213069.34;36;0
2026.08.14 09:22:35;XAUUSD;5;1786669216;SL_MODIFIED;ticket=119516735 oldSL=4344.97 newSL=4344.94 reason=break_even_lock_leg_0;MANAGE_PROFIT;SAFE;1;1;1;-1;-1;4347.08;7.98;7.98;8.07;-6.78;KELLY_LITE;true;0.04;213061.36;0.0417;KELLY_LITE(mult=1.30 taper=1.00 n=20)+HARD_RISK_CAP(2.0%)+MAXLOSS_CAP;213061.36;213069.34;36;0
2026.08.14 09:22:35;XAUUSD;5;1786669216;PROFIT_RATCHET_LOCKED;floor=3.43 peak=8.07;MANAGE_PROFIT;SAFE;1;1;1;-1;-1;4347.08;7.98;7.98;8.07;-6.78;KELLY_LITE;true;0.04;213061.36;0.0417;KELLY_LITE(mult=1.30 taper=1.00 n=20)+HARD_RISK_CAP(2.0%)+MAXLOSS_CAP;213061.36;213069.34;36;0
2026.08.14 09:22:36;XAUUSD;5;1786669216;PROFIT_RATCHET_LOCKED;floor=3.43 peak=8.07;MANAGE_PROFIT;SAFE;1;1;1;-1;-1;4347.08;7.95;7.95;8.07;-6.78;KELLY_LITE;true;0.04;213061.36;0.0417;KELLY_LITE(mult=1.30 taper=1.00 n=20)+HARD_RISK_CAP(2.0%)+MAXLOSS_CAP;213061.36;213069.31;36;0
2026.08.14 09:22:38;XAUUSD;5;1786669216;PROFIT_RATCHET_LOCKED;floor=3.43 peak=8.07;MANAGE_PROFIT;SAFE;1;1;1;-1;-1;4347.08;7.98;7.98;8.07;-6.78;KELLY_LITE;true;0.04;213061.36;0.0417;KELLY_LITE(mult=1.30 taper=1.00 n=20)+HARD_RISK_CAP(2.0%)+MAXLOSS_CAP;213061.36;213069.34;36;0
2026.08.14 09:22:39;XAUUSD;5;1786669216;SL_MODIFIED;ticket=119516735 oldSL=4344.94 newSL=4344.90 reason=break_even_lock_leg_0;MANAGE_PROFIT;SAFE;1;1;1;-1;-1;4347.08;8.13;8.13;8.10;-6.78;KELLY_LITE;true;0.04;213061.36;0.0417;KELLY_LITE(mult=1.30 taper=1.00 n=20)+HARD_RISK_CAP(2.0%)+MAXLOSS_CAP;213061.36;213069.49;36;0
2026.08.14 09:22:39;XAUUSD;5;1786669216;PROFIT_RATCHET_LOCKED;floor=3.44 peak=8.10;MANAGE_PROFIT;SAFE;1;1;1;-1;-1;4347.08;8.13;8.13;8.10;-6.78;KELLY_LITE;true;0.04;213061.36;0.0417;KELLY_LITE(mult=1.30 taper=1.00 n=20)+HARD_RISK_CAP(2.0%)+MAXLOSS_CAP;213061.36;213069.49;36;0
2026.08.14 09:22:39;XAUUSD;5;1786669216;PROFIT_RATCHET_LOCKED;floor=3.46 peak=8.13;MANAGE_PROFIT;SAFE;1;1;1;-1;-1;4347.08;8.13;8.13;8.13;-6.78;KELLY_LITE;true;0.04;213061.36;0.0417;KELLY_LITE(mult=1.30 taper=1.00 n=20)+HARD_RISK_CAP(2.0%)+MAXLOSS_CAP;213061.36;213069.49;36;0
2026.08.14 09:22:39;XAUUSD;5;1786669216;PROFIT_RATCHET_LOCKED;floor=3.47 peak=8.16;MANAGE_PROFIT;SAFE;1;1;1;-1;-1;4347.08;8.16;8.16;8.16;-6.78;KELLY_LITE;true;0.04;213061.36;0.0417;KELLY_LITE(mult=1.30 taper=1.00 n=20)+HARD_RISK_CAP(2.0%)+MAXLOSS_CAP;213061.36;213069.52;36;0
2026.08.14 09:22:40;XAUUSD;5;1786669216;PROFIT_RATCHET_LOCKED;floor=3.47 peak=8.16;MANAGE_PROFIT;SAFE;1;1;1;-1;-1;4347.08;8.13;8.13;8.16;-6.78;KELLY_LITE;true;0.04;213061.36;0.0417;KELLY_LITE(mult=1.30 taper=1.00 n=20)+HARD_RISK_CAP(2.0%)+MAXLOSS_CAP;213061.36;213069.49;36;0
2026.08.14 09:22:40;XAUUSD;5;1786669216;PROFIT_RATCHET_LOCKED;floor=3.47 peak=8.16;MANAGE_PROFIT;SAFE;1;1;1;-1;-1;4347.08;7.89;7.89;8.16;-6.78;KELLY_LITE;true;0.04;213061.36;0.0417;KELLY_LITE(mult=1.30 taper=1.00 n=20)+HARD_RISK_CAP(2.0%)+MAXLOSS_CAP;213061.36;213069.25;36;0
2026.08.14 09:22:41;XAUUSD;5;1786669216;SL_MODIFIED;ticket=119516735 oldSL=4344.90 newSL=4344.73 reason=break_even_lock_leg_0;MANAGE_PROFIT;SAFE;1;1;1;-1;-1;4347.08;8.76;8.76;8.61;-6.78;KELLY_LITE;true;0.04;213061.36;0.0417;KELLY_LITE(mult=1.30 taper=1.00 n=20)+HARD_RISK_CAP(2.0%)+MAXLOSS_CAP;213061.36;213070.12;36;0
2026.08.14 09:22:41;XAUUSD;5;1786669216;PROFIT_RATCHET_LOCKED;floor=3.66 peak=8.61;MANAGE_PROFIT;SAFE;1;1;1;-1;-1;4347.08;8.76;8.76;8.61;-6.78;KELLY_LITE;true;0.04;213061.36;0.0417;KELLY_LITE(mult=1.30 taper=1.00 n=20)+HARD_RISK_CAP(2.0%)+MAXLOSS_CAP;213061.36;213070.12;36;0
2026.08.14 09:22:41;XAUUSD;5;1786669216;SL_MODIFIED;ticket=119516735 oldSL=4344.73 newSL=4344.68 reason=break_even_lock_leg_0;MANAGE_PROFIT;SAFE;1;1;1;-1;-1;4347.08;8.82;8.49;8.76;-6.78;KELLY_LITE;true;0.04;213061.36;0.0417;KELLY_LITE(mult=1.30 taper=1.00 n=20)+HARD_RISK_CAP(2.0%)+MAXLOSS_CAP;213061.36;213070.18;36;0
2026.08.14 09:22:41;XAUUSD;5;1786669216;PROFIT_RATCHET_LOCKED;floor=3.72 peak=8.76;MANAGE_PROFIT;SAFE;1;1;1;-1;-1;4347.08;8.82;8.49;8.76;-6.78;KELLY_LITE;true;0.04;213061.36;0.0417;KELLY_LITE(mult=1.30 taper=1.00 n=20)+HARD_RISK_CAP(2.0%)+MAXLOSS_CAP;213061.36;213070.18;36;0
2026.08.14 09:22:41;XAUUSD;5;1786669216;PROFIT_RATCHET_LOCKED;floor=3.75 peak=8.82;MANAGE_PROFIT;SAFE;1;1;1;-1;-1;4347.08;8.82;8.49;8.82;-6.78;KELLY_LITE;true;0.04;213061.36;0.0417;KELLY_LITE(mult=1.30 taper=1.00 n=20)+HARD_RISK_CAP(2.0%)+MAXLOSS_CAP;213061.36;213070.18;36;0
2026.08.14 09:22:42;XAUUSD;5;1786669216;PROFIT_RATCHET_LOCKED;floor=3.75 peak=8.82;MANAGE_PROFIT;SAFE;1;1;1;-1;-1;4347.08;8.46;8.46;8.82;-6.78;KELLY_LITE;true;0.04;213061.36;0.0417;KELLY_LITE(mult=1.30 taper=1.00 n=20)+HARD_RISK_CAP(2.0%)+MAXLOSS_CAP;213061.36;213069.82;36;0
2026.08.14 09:22:42;XAUUSD;5;1786669216;PROFIT_RATCHET_LOCKED;floor=3.75 peak=8.82;MANAGE_PROFIT;SAFE;1;1;1;-1;-1;4347.08;8.25;8.25;8.82;-6.78;KELLY_LITE;true;0.04;213061.36;0.0417;KELLY_LITE(mult=1.30 taper=1.00 n=20)+HARD_RISK_CAP(2.0%)+MAXLOSS_CAP;213061.36;213069.61;36;0
2026.08.14 09:22:42;XAUUSD;5;1786669216;PROFIT_RATCHET_LOCKED;floor=3.75 peak=8.82;MANAGE_PROFIT;SAFE;1;1;1;-1;-1;4347.08;8.34;8.34;8.82;-6.78;KELLY_LITE;true;0.04;213061.36;0.0417;KELLY_LITE(mult=1.30 taper=1.00 n=20)+HARD_RISK_CAP(2.0%)+MAXLOSS_CAP;213061.36;213069.70;34;0
2026.08.14 09:22:42;XAUUSD;5;1786669216;PROFIT_RATCHET_LOCKED;floor=3.75 peak=8.82;MANAGE_PROFIT;SAFE;1;1;1;-1;-1;4347.08;8.67;8.67;8.82;-6.78;KELLY_LITE;true;0.04;213061.36;0.0417;KELLY_LITE(mult=1.30 taper=1.00 n=20)+HARD_RISK_CAP(2.0%)+MAXLOSS_CAP;213061.36;213070.03;36;0
2026.08.14 09:22:43;XAUUSD;5;1786669216;SL_MODIFIED;ticket=119516735 oldSL=4344.68 newSL=4344.65 reason=break_even_lock_leg_0;MANAGE_PROFIT;SAFE;1;1;1;-1;-1;4347.08;8.85;8.85;8.85;-6.78;KELLY_LITE;true;0.04;213061.36;0.0417;KELLY_LITE(mult=1.30 taper=1.00 n=20)+HARD_RISK_CAP(2.0%)+MAXLOSS_CAP;213061.36;213070.21;36;0
2026.08.14 09:22:43;XAUUSD;5;1786669216;PROFIT_RATCHET_LOCKED;floor=3.76 peak=8.85;MANAGE_PROFIT;SAFE;1;1;1;-1;-1;4347.08;8.85;8.85;8.85;-6.78;KELLY_LITE;true;0.04;213061.36;0.0417;KELLY_LITE(mult=1.30 taper=1.00 n=20)+HARD_RISK_CAP(2.0%)+MAXLOSS_CAP;213061.36;213070.21;36;0
2026.08.14 09:22:43;XAUUSD;5;1786669216;PROFIT_RATCHET_LOCKED;floor=3.76 peak=8.85;MANAGE_PROFIT;SAFE;1;1;1;-1;-1;4347.08;8.79;8.79;8.85;-6.78;KELLY_LITE;true;0.04;213061.36;0.0417;KELLY_LITE(mult=1.30 taper=1.00 n=20)+HARD_RISK_CAP(2.0%)+MAXLOSS_CAP;213061.36;213070.15;36;0
2026.08.14 09:22:44;XAUUSD;5;1786669216;PROFIT_RATCHET_LOCKED;floor=3.76 peak=8.85;MANAGE_PROFIT;SAFE;1;1;1;-1;-1;4347.08;8.82;8.82;8.85;-6.78;KELLY_LITE;true;0.04;213061.36;0.0417;KELLY_LITE(mult=1.30 taper=1.00 n=20)+HARD_RISK_CAP(2.0%)+MAXLOSS_CAP;213061.36;213070.18;36;0
2026.08.14 09:22:44;XAUUSD;5;1786669216;SL_MODIFY_FAILED;ticket=119516735 newSL=4344.59 reason=break_even_lock_leg_0 err=0;MANAGE_PROFIT;SAFE;1;1;1;-1;-1;4347.08;8.70;8.70;9.03;-6.78;KELLY_LITE;true;0.04;213061.36;0.0417;KELLY_LITE(mult=1.30 taper=1.00 n=20)+HARD_RISK_CAP(2.0%)+MAXLOSS_CAP;213061.36;213070.06;36;0
2026.08.14 09:22:44;XAUUSD;5;1786669216;PROFIT_RATCHET_LOCKED;floor=3.84 peak=9.03;MANAGE_PROFIT;SAFE;1;1;1;-1;-1;4347.08;8.70;8.70;9.03;-6.78;KELLY_LITE;true;0.04;213061.36;0.0417;KELLY_LITE(mult=1.30 taper=1.00 n=20)+HARD_RISK_CAP(2.0%)+MAXLOSS_CAP;213061.36;213070.06;36;0
2026.08.14 09:22:44;XAUUSD;5;1786669216;PROFIT_RATCHET_LOCKED;floor=3.84 peak=9.03;MANAGE_PROFIT;SAFE;1;1;1;-1;-1;4347.08;8.70;8.70;9.03;-6.78;KELLY_LITE;true;0.04;213061.36;0.0417;KELLY_LITE(mult=1.30 taper=1.00 n=20)+HARD_RISK_CAP(2.0%)+MAXLOSS_CAP;213061.36;213070.06;36;0
2026.08.14 09:22:45;XAUUSD;5;1786669216;PROFIT_RATCHET_LOCKED;floor=3.84 peak=9.03;MANAGE_PROFIT;SAFE;1;1;1;-1;-1;4347.08;8.73;8.73;9.03;-6.78;KELLY_LITE;true;0.04;213061.36;0.0417;KELLY_LITE(mult=1.30 taper=1.00 n=20)+HARD_RISK_CAP(2.0%)+MAXLOSS_CAP;213061.36;213070.09;36;0
2026.08.14 09:22:45;XAUUSD;5;1786669216;PROFIT_RATCHET_LOCKED;floor=3.84 peak=9.03;MANAGE_PROFIT;SAFE;1;1;1;-1;-1;4347.08;8.79;8.79;9.03;-6.78;KELLY_LITE;true;0.04;213061.36;0.0417;KELLY_LITE(mult=1.30 taper=1.00 n=20)+HARD_RISK_CAP(2.0%)+MAXLOSS_CAP;213061.36;213070.15;36;0
2026.08.14 09:22:45;XAUUSD;5;1786669216;PROFIT_RATCHET_LOCKED;floor=3.84 peak=9.03;MANAGE_PROFIT;SAFE;1;1;1;-1;-1;4347.08;8.55;8.55;9.03;-6.78;KELLY_LITE;true;0.04;213061.36;0.0417;KELLY_LITE(mult=1.30 taper=1.00 n=20)+HARD_RISK_CAP(2.0%)+MAXLOSS_CAP;213061.36;213069.91;36;0
2026.08.14 09:22:46;XAUUSD;5;1786669216;PROFIT_RATCHET_LOCKED;floor=3.84 peak=9.03;MANAGE_PROFIT;SAFE;1;1;1;-1;-1;4347.08;8.61;8.61;9.03;-6.78;KELLY_LITE;true;0.04;213061.36;0.0417;KELLY_LITE(mult=1.30 taper=1.00 n=20)+HARD_RISK_CAP(2.0%)+MAXLOSS_CAP;213061.36;213069.97;36;0
2026.08.14 09:22:46;XAUUSD;5;1786669216;PROFIT_RATCHET_LOCKED;floor=3.84 peak=9.03;MANAGE_PROFIT;SAFE;1;1;1;-1;-1;4347.08;8.70;8.70;9.03;-6.78;KELLY_LITE;true;0.04;213061.36;0.0417;KELLY_LITE(mult=1.30 taper=1.00 n=20)+HARD_RISK_CAP(2.0%)+MAXLOSS_CAP;213061.36;213070.06;36;0
2026.08.14 09:22:47;XAUUSD;5;1786669216;PROFIT_RATCHET_LOCKED;floor=3.84 peak=9.03;MANAGE_PROFIT;SAFE;1;1;1;-1;-1;4347.08;8.76;8.76;9.03;-6.78;KELLY_LITE;true;0.04;213061.36;0.0417;KELLY_LITE(mult=1.30 taper=1.00 n=20)+HARD_RISK_CAP(2.0%)+MAXLOSS_CAP;213061.36;213070.12;36;0
2026.08.14 09:22:47;XAUUSD;5;1786669216;PROFIT_RATCHET_LOCKED;floor=3.84 peak=9.03;MANAGE_PROFIT;SAFE;1;1;1;-1;-1;4347.08;8.76;8.76;9.03;-6.78;KELLY_LITE;true;0.04;213061.36;0.0417;KELLY_LITE(mult=1.30 taper=1.00 n=20)+HARD_RISK_CAP(2.0%)+MAXLOSS_CAP;213061.36;213070.12;36;0
2026.08.14 09:22:47;XAUUSD;5;1786669216;SL_MODIFIED;ticket=119516735 oldSL=4344.65 newSL=4344.61 reason=break_even_lock_leg_0;MANAGE_PROFIT;SAFE;1;1;1;-1;-1;4347.08;9.21;9.21;9.03;-6.78;KELLY_LITE;true;0.04;213061.36;0.0417;KELLY_LITE(mult=1.30 taper=1.00 n=20)+HARD_RISK_CAP(2.0%)+MAXLOSS_CAP;213061.36;213070.57;36;0
2026.08.14 09:22:47;XAUUSD;5;1786669216;PROFIT_RATCHET_LOCKED;floor=3.84 peak=9.03;MANAGE_PROFIT;SAFE;1;1;1;-1;-1;4347.08;9.21;9.21;9.03;-6.78;KELLY_LITE;true;0.04;213061.36;0.0417;KELLY_LITE(mult=1.30 taper=1.00 n=20)+HARD_RISK_CAP(2.0%)+MAXLOSS_CAP;213061.36;213070.57;36;0
2026.08.14 09:22:48;XAUUSD;5;1786669216;SL_MODIFIED;ticket=119516735 oldSL=4344.61 newSL=4344.53 reason=break_even_lock_leg_0;MANAGE_PROFIT;SAFE;1;1;1;-1;-1;4347.08;9.72;9.72;9.21;-6.78;KELLY_LITE;true;0.04;213061.36;0.0417;KELLY_LITE(mult=1.30 taper=1.00 n=20)+HARD_RISK_CAP(2.0%)+MAXLOSS_CAP;213061.36;213071.08;36;0
2026.08.14 09:22:48;XAUUSD;5;1786669216;PROFIT_RATCHET_LOCKED;floor=3.91 peak=9.21;MANAGE_PROFIT;SAFE;1;1;1;-1;-1;4347.08;9.72;9.72;9.21;-6.78;KELLY_LITE;true;0.04;213061.36;0.0417;KELLY_LITE(mult=1.30 taper=1.00 n=20)+HARD_RISK_CAP(2.0%)+MAXLOSS_CAP;213061.36;213071.08;36;0
2026.08.14 09:22:48;XAUUSD;5;1786669216;SL_MODIFIED;ticket=119516735 oldSL=4344.53 newSL=4344.36 reason=break_even_lock_leg_0;MANAGE_PROFIT;SAFE;1;1;1;-1;-1;4347.08;9.75;9.75;9.72;-6.78;KELLY_LITE;true;0.04;213061.36;0.0417;KELLY_LITE(mult=1.30 taper=1.00 n=20)+HARD_RISK_CAP(2.0%)+MAXLOSS_CAP;213061.36;213071.11;36;0
2026.08.14 09:22:48;XAUUSD;5;1786669216;PROFIT_RATCHET_LOCKED;floor=4.13 peak=9.72;MANAGE_PROFIT;SAFE;1;1;1;-1;-1;4347.08;9.75;9.75;9.72;-6.78;KELLY_LITE;true;0.04;213061.36;0.0417;KELLY_LITE(mult=1.30 taper=1.00 n=20)+HARD_RISK_CAP(2.0%)+MAXLOSS_CAP;213061.36;213071.11;36;0
2026.08.14 09:22:48;XAUUSD;5;1786669216;PROFIT_RATCHET_LOCKED;floor=4.14 peak=9.75;MANAGE_PROFIT;SAFE;1;1;1;-1;-1;4347.08;9.75;9.75;9.75;-6.78;KELLY_LITE;true;0.04;213061.36;0.0417;KELLY_LITE(mult=1.30 taper=1.00 n=20)+HARD_RISK_CAP(2.0%)+MAXLOSS_CAP;213061.36;213071.11;36;0
2026.08.14 09:22:48;XAUUSD;5;1786669216;PROFIT_RATCHET_LOCKED;floor=4.14 peak=9.75;MANAGE_PROFIT;SAFE;1;1;1;-1;-1;4347.08;9.72;9.72;9.75;-6.78;KELLY_LITE;true;0.04;213061.36;0.0417;KELLY_LITE(mult=1.30 taper=1.00 n=20)+HARD_RISK_CAP(2.0%)+MAXLOSS_CAP;213061.36;213071.08;36;0
2026.08.14 09:22:49;XAUUSD;5;1786669216;PROFIT_RATCHET_LOCKED;floor=4.14 peak=9.75;MANAGE_PROFIT;SAFE;1;1;1;-1;-1;4347.08;9.69;9.69;9.75;-6.78;KELLY_LITE;true;0.04;213061.36;0.0417;KELLY_LITE(mult=1.30 taper=1.00 n=20)+HARD_RISK_CAP(2.0%)+MAXLOSS_CAP;213061.36;213071.05;36;0
2026.08.14 09:22:49;XAUUSD;5;1786669216;PROFIT_RATCHET_LOCKED;floor=4.14 peak=9.75;MANAGE_PROFIT;SAFE;1;1;1;-1;-1;4347.08;9.66;9.66;9.75;-6.78;KELLY_LITE;true;0.04;213061.36;0.0417;KELLY_LITE(mult=1.30 taper=1.00 n=20)+HARD_RISK_CAP(2.0%)+MAXLOSS_CAP;213061.36;213071.02;36;0
2026.08.14 09:22:49;XAUUSD;5;1786669216;PROFIT_RATCHET_LOCKED;floor=4.14 peak=9.75;MANAGE_PROFIT;SAFE;1;1;1;-1;-1;4347.08;9.69;9.69;9.75;-6.78;KELLY_LITE;true;0.04;213061.36;0.0417;KELLY_LITE(mult=1.30 taper=1.00 n=20)+HARD_RISK_CAP(2.0%)+MAXLOSS_CAP;213061.36;213071.05;36;0
2026.08.14 09:22:49;XAUUSD;5;1786669216;PROFIT_RATCHET_LOCKED;floor=4.14 peak=9.75;MANAGE_PROFIT;SAFE;1;1;1;-1;-1;4347.08;9.45;9.45;9.75;-6.78;KELLY_LITE;true;0.04;213061.36;0.0417;KELLY_LITE(mult=1.30 taper=1.00 n=20)+HARD_RISK_CAP(2.0%)+MAXLOSS_CAP;213061.36;213070.81;36;0
2026.08.14 09:22:50;XAUUSD;5;1786669216;PROFIT_RATCHET_LOCKED;floor=4.14 peak=9.75;MANAGE_PROFIT;SAFE;1;1;1;-1;-1;4347.08;9.48;9.48;9.75;-6.78;KELLY_LITE;true;0.04;213061.36;0.0417;KELLY_LITE(mult=1.30 taper=1.00 n=20)+HARD_RISK_CAP(2.0%)+MAXLOSS_CAP;213061.36;213070.84;36;0
2026.08.14 09:22:50;XAUUSD;5;1786669216;SL_MODIFIED;ticket=119516735 oldSL=4344.36 newSL=4344.33 reason=break_even_lock_leg_0;MANAGE_PROFIT;SAFE;1;1;1;-1;-1;4347.08;9.84;9.84;9.81;-6.78;KELLY_LITE;true;0.04;213061.36;0.0417;KELLY_LITE(mult=1.30 taper=1.00 n=20)+HARD_RISK_CAP(2.0%)+MAXLOSS_CAP;213061.36;213071.20;36;0
2026.08.14 09:22:50;XAUUSD;5;1786669216;PROFIT_RATCHET_LOCKED;floor=4.17 peak=9.81;MANAGE_PROFIT;SAFE;1;1;1;-1;-1;4347.08;9.84;9.84;9.81;-6.78;KELLY_LITE;true;0.04;213061.36;0.0417;KELLY_LITE(mult=1.30 taper=1.00 n=20)+HARD_RISK_CAP(2.0%)+MAXLOSS_CAP;213061.36;213071.20;36;0
2026.08.14 09:22:50;XAUUSD;5;1786669216;PROFIT_RATCHET_LOCKED;floor=4.18 peak=9.84;MANAGE_PROFIT;SAFE;1;1;1;-1;-1;4347.08;9.84;9.84;9.84;-6.78;KELLY_LITE;true;0.04;213061.36;0.0417;KELLY_LITE(mult=1.30 taper=1.00 n=20)+HARD_RISK_CAP(2.0%)+MAXLOSS_CAP;213061.36;213071.20;36;0
2026.08.14 09:22:51;XAUUSD;5;1786669216;PROFIT_RATCHET_LOCKED;floor=4.18 peak=9.84;MANAGE_PROFIT;SAFE;1;1;1;-1;-1;4347.08;9.33;9.33;9.84;-6.78;KELLY_LITE;true;0.04;213061.36;0.0417;KELLY_LITE(mult=1.30 taper=1.00 n=20)+HARD_RISK_CAP(2.0%)+MAXLOSS_CAP;213061.36;213070.69;36;0
2026.08.14 09:22:51;XAUUSD;5;1786669216;PROFIT_RATCHET_LOCKED;floor=4.18 peak=9.84;MANAGE_PROFIT;SAFE;1;1;1;-1;-1;4347.08;9.18;9.18;9.84;-6.78;KELLY_LITE;true;0.04;213061.36;0.0417;KELLY_LITE(mult=1.30 taper=1.00 n=20)+HARD_RISK_CAP(2.0%)+MAXLOSS_CAP;213061.36;213070.54;36;0
2026.08.14 09:22:52;XAUUSD;5;1786669216;PROFIT_RATCHET_LOCKED;floor=4.18 peak=9.84;MANAGE_PROFIT;SAFE;1;1;1;-1;-1;4347.08;9.15;9.15;9.84;-6.78;KELLY_LITE;true;0.04;213061.36;0.0417;KELLY_LITE(mult=1.30 taper=1.00 n=20)+HARD_RISK_CAP(2.0%)+MAXLOSS_CAP;213061.36;213070.51;36;0
2026.08.14 09:22:52;XAUUSD;5;1786669216;PROFIT_RATCHET_LOCKED;floor=4.18 peak=9.84;MANAGE_PROFIT;SAFE;1;1;1;-1;-1;4347.08;9.18;9.18;9.84;-6.78;KELLY_LITE;true;0.04;213061.36;0.0417;KELLY_LITE(mult=1.30 taper=1.00 n=20)+HARD_RISK_CAP(2.0%)+MAXLOSS_CAP;213061.36;213070.54;36;0
2026.08.14 09:22:52;XAUUSD;5;1786669216;PROFIT_RATCHET_LOCKED;floor=4.18 peak=9.84;MANAGE_PROFIT;SAFE;1;1;1;-1;-1;4347.08;8.79;8.79;9.84;-6.78;KELLY_LITE;true;0.04;213061.36;0.0417;KELLY_LITE(mult=1.30 taper=1.00 n=20)+HARD_RISK_CAP(2.0%)+MAXLOSS_CAP;213061.36;213070.15;36;0
2026.08.14 09:22:53;XAUUSD;5;1786669216;PROFIT_RATCHET_LOCKED;floor=4.18 peak=9.84;MANAGE_PROFIT;SAFE;1;1;1;-1;-1;4347.08;8.70;8.70;9.84;-6.78;KELLY_LITE;true;0.04;213061.36;0.0417;KELLY_LITE(mult=1.30 taper=1.00 n=20)+HARD_RISK_CAP(2.0%)+MAXLOSS_CAP;213061.36;213070.06;36;0
2026.08.14 09:22:53;XAUUSD;5;1786669216;PROFIT_RATCHET_LOCKED;floor=4.18 peak=9.84;MANAGE_PROFIT;SAFE;1;1;1;-1;-1;4347.08;8.67;8.67;9.84;-6.78;KELLY_LITE;true;0.04;213061.36;0.0417;KELLY_LITE(mult=1.30 taper=1.00 n=20)+HARD_RISK_CAP(2.0%)+MAXLOSS_CAP;213061.36;213070.03;36;0
2026.08.14 09:22:54;XAUUSD;5;1786669216;PROFIT_RATCHET_LOCKED;floor=4.18 peak=9.84;MANAGE_PROFIT;SAFE;1;1;1;-1;-1;4347.08;8.61;8.61;9.84;-6.78;KELLY_LITE;true;0.04;213061.36;0.0417;KELLY_LITE(mult=1.30 taper=1.00 n=20)+HARD_RISK_CAP(2.0%)+MAXLOSS_CAP;213061.36;213069.97;36;0
2026.08.14 09:22:54;XAUUSD;5;1786669216;PROFIT_RATCHET_LOCKED;floor=4.18 peak=9.84;MANAGE_PROFIT;SAFE;1;1;1;-1;-1;4347.08;8.67;8.67;9.84;-6.78;KELLY_LITE;true;0.04;213061.36;0.0417;KELLY_LITE(mult=1.30 taper=1.00 n=20)+HARD_RISK_CAP(2.0%)+MAXLOSS_CAP;213061.36;213070.03;36;0
2026.08.14 09:22:55;XAUUSD;5;1786669216;PROFIT_RATCHET_LOCKED;floor=4.18 peak=9.84;MANAGE_PROFIT;SAFE;1;1;1;-1;-1;4347.08;8.49;8.49;9.84;-6.78;KELLY_LITE;true;0.04;213061.36;0.0417;KELLY_LITE(mult=1.30 taper=1.00 n=20)+HARD_RISK_CAP(2.0%)+MAXLOSS_CAP;213061.36;213069.85;36;0
2026.08.14 09:22:55;XAUUSD;5;1786669216;PROFIT_RATCHET_LOCKED;floor=4.18 peak=9.84;MANAGE_PROFIT;SAFE;1;1;1;-1;-1;4347.08;8.61;8.61;9.84;-6.78;KELLY_LITE;true;0.04;213061.36;0.0417;KELLY_LITE(mult=1.30 taper=1.00 n=20)+HARD_RISK_CAP(2.0%)+MAXLOSS_CAP;213061.36;213069.97;36;0
2026.08.14 09:22:56;XAUUSD;5;1786669216;PROFIT_RATCHET_LOCKED;floor=4.18 peak=9.84;MANAGE_PROFIT;SAFE;1;1;1;-1;-1;4347.08;8.64;8.64;9.84;-6.78;KELLY_LITE;true;0.04;213061.36;0.0417;KELLY_LITE(mult=1.30 taper=1.00 n=20)+HARD_RISK_CAP(2.0%)+MAXLOSS_CAP;213061.36;213070.00;36;0
2026.08.14 09:22:56;XAUUSD;5;1786669216;PROFIT_RATCHET_LOCKED;floor=4.18 peak=9.84;MANAGE_PROFIT;SAFE;1;1;1;-1;-1;4347.08;9.00;9.00;9.84;-6.78;KELLY_LITE;true;0.04;213061.36;0.0417;KELLY_LITE(mult=1.30 taper=1.00 n=20)+HARD_RISK_CAP(2.0%)+MAXLOSS_CAP;213061.36;213070.36;36;0
2026.08.14 09:22:56;XAUUSD;5;1786669216;PROFIT_RATCHET_LOCKED;floor=4.18 peak=9.84;MANAGE_PROFIT;SAFE;1;1;1;-1;-1;4347.08;8.94;8.94;9.84;-6.78;KELLY_LITE;true;0.04;213061.36;0.0417;KELLY_LITE(mult=1.30 taper=1.00 n=20)+HARD_RISK_CAP(2.0%)+MAXLOSS_CAP;213061.36;213070.30;36;0
2026.08.14 09:22:56;XAUUSD;5;1786669216;PROFIT_RATCHET_LOCKED;floor=4.18 peak=9.84;MANAGE_PROFIT;SAFE;1;1;1;-1;-1;4347.08;8.91;8.91;9.84;-6.78;KELLY_LITE;true;0.04;213061.36;0.0417;KELLY_LITE(mult=1.30 taper=1.00 n=20)+HARD_RISK_CAP(2.0%)+MAXLOSS_CAP;213061.36;213070.27;36;0
2026.08.14 09:22:56;XAUUSD;5;1786669216;PROFIT_RATCHET_LOCKED;floor=4.18 peak=9.84;MANAGE_PROFIT;SAFE;1;1;1;-1;-1;4347.08;8.79;8.79;9.84;-6.78;KELLY_LITE;true;0.04;213061.36;0.0417;KELLY_LITE(mult=1.30 taper=1.00 n=20)+HARD_RISK_CAP(2.0%)+MAXLOSS_CAP;213061.36;213070.15;36;0
2026.08.14 09:22:56;XAUUSD;5;1786669216;PROFIT_RATCHET_LOCKED;floor=4.18 peak=9.84;MANAGE_PROFIT;SAFE;1;1;1;-1;-1;4347.08;8.73;8.73;9.84;-6.78;KELLY_LITE;true;0.04;213061.36;0.0417;KELLY_LITE(mult=1.30 taper=1.00 n=20)+HARD_RISK_CAP(2.0%)+MAXLOSS_CAP;213061.36;213070.09;36;0
2026.08.14 09:22:57;XAUUSD;5;1786669216;PROFIT_RATCHET_LOCKED;floor=4.18 peak=9.84;MANAGE_PROFIT;SAFE;1;1;1;-1;-1;4347.08;8.70;8.70;9.84;-6.78;KELLY_LITE;true;0.04;213061.36;0.0417;KELLY_LITE(mult=1.30 taper=1.00 n=20)+HARD_RISK_CAP(2.0%)+MAXLOSS_CAP;213061.36;213070.06;36;0
2026.08.14 09:22:58;XAUUSD;5;1786669216;PROFIT_RATCHET_LOCKED;floor=4.18 peak=9.84;MANAGE_PROFIT;SAFE;1;1;1;-1;-1;4347.08;8.67;8.67;9.84;-6.78;KELLY_LITE;true;0.04;213061.36;0.0417;KELLY_LITE(mult=1.30 taper=1.00 n=20)+HARD_RISK_CAP(2.0%)+MAXLOSS_CAP;213061.36;213070.03;36;0
2026.08.14 09:22:58;XAUUSD;5;1786669216;PROFIT_RATCHET_LOCKED;floor=4.18 peak=9.84;MANAGE_PROFIT;SAFE;1;1;1;-1;-1;4347.08;8.46;8.46;9.84;-6.78;KELLY_LITE;true;0.04;213061.36;0.0417;KELLY_LITE(mult=1.30 taper=1.00 n=20)+HARD_RISK_CAP(2.0%)+MAXLOSS_CAP;213061.36;213069.82;36;0
2026.08.14 09:22:59;XAUUSD;5;1786669216;PROFIT_RATCHET_LOCKED;floor=4.18 peak=9.84;MANAGE_PROFIT;SAFE;1;1;1;-1;-1;4347.08;8.70;8.70;9.84;-6.78;KELLY_LITE;true;0.04;213061.36;0.0417;KELLY_LITE(mult=1.30 taper=1.00 n=20)+HARD_RISK_CAP(2.0%)+MAXLOSS_CAP;213061.36;213070.06;36;0
2026.08.14 09:22:59;XAUUSD;5;1786669216;PROFIT_RATCHET_LOCKED;floor=4.18 peak=9.84;MANAGE_PROFIT;SAFE;1;1;1;-1;-1;4347.08;8.85;8.85;9.84;-6.78;KELLY_LITE;true;0.04;213061.36;0.0417;KELLY_LITE(mult=1.30 taper=1.00 n=20)+HARD_RISK_CAP(2.0%)+MAXLOSS_CAP;213061.36;213070.21;36;0
2026.08.14 09:22:59;XAUUSD;5;1786669216;PROFIT_RATCHET_LOCKED;floor=4.18 peak=9.84;MANAGE_PROFIT;SAFE;1;1;1;-1;-1;4347.08;8.76;8.76;9.84;-6.78;KELLY_LITE;true;0.04;213061.36;0.0417;KELLY_LITE(mult=1.30 taper=1.00 n=20)+HARD_RISK_CAP(2.0%)+MAXLOSS_CAP;213061.36;213070.12;36;0
2026.08.14 09:22:59;XAUUSD;5;1786669216;PROFIT_RATCHET_LOCKED;floor=4.18 peak=9.84;MANAGE_PROFIT;SAFE;1;1;1;-1;-1;4347.08;8.79;8.79;9.84;-6.78;KELLY_LITE;true;0.04;213061.36;0.0417;KELLY_LITE(mult=1.30 taper=1.00 n=20)+HARD_RISK_CAP(2.0%)+MAXLOSS_CAP;213061.36;213070.15;36;0
2026.08.14 09:22:59;XAUUSD;5;1786669216;PROFIT_RATCHET_LOCKED;floor=4.18 peak=9.84;MANAGE_PROFIT;SAFE;1;1;1;-1;-1;4347.08;8.85;8.85;9.84;-6.78;KELLY_LITE;true;0.04;213061.36;0.0417;KELLY_LITE(mult=1.30 taper=1.00 n=20)+HARD_RISK_CAP(2.0%)+MAXLOSS_CAP;213061.36;213070.21;36;0
2026.08.14 09:23:00;XAUUSD;5;1786669216;PROFIT_RATCHET_LOCKED;floor=4.18 peak=9.84;MANAGE_PROFIT;SAFE;1;1;1;-1;-1;4347.08;8.82;8.82;9.84;-6.78;KELLY_LITE;true;0.04;213061.36;0.0417;KELLY_LITE(mult=1.30 taper=1.00 n=20)+HARD_RISK_CAP(2.0%)+MAXLOSS_CAP;213061.36;213070.18;36;0
2026.08.14 09:23:00;XAUUSD;5;1786669216;PROFIT_RATCHET_LOCKED;floor=4.18 peak=9.84;MANAGE_PROFIT;SAFE;1;1;1;-1;-1;4347.08;8.88;8.88;9.84;-6.78;KELLY_LITE;true;0.04;213061.36;0.0417;KELLY_LITE(mult=1.30 taper=1.00 n=20)+HARD_RISK_CAP(2.0%)+MAXLOSS_CAP;213061.36;213070.24;36;0
2026.08.14 09:23:01;XAUUSD;5;1786669216;PROFIT_RATCHET_LOCKED;floor=4.18 peak=9.84;MANAGE_PROFIT;SAFE;1;1;1;-1;-1;4347.08;8.58;8.58;9.84;-6.78;KELLY_LITE;true;0.04;213061.36;0.0417;KELLY_LITE(mult=1.30 taper=1.00 n=20)+HARD_RISK_CAP(2.0%)+MAXLOSS_CAP;213061.36;213069.94;36;0
2026.08.14 09:23:01;XAUUSD;5;1786669216;PROFIT_RATCHET_LOCKED;floor=4.18 peak=9.84;MANAGE_PROFIT;SAFE;1;1;1;-1;-1;4347.08;8.76;8.76;9.84;-6.78;KELLY_LITE;true;0.04;213061.36;0.0417;KELLY_LITE(mult=1.30 taper=1.00 n=20)+HARD_RISK_CAP(2.0%)+MAXLOSS_CAP;213061.36;213070.12;36;0
2026.08.14 09:23:01;XAUUSD;5;1786669216;PROFIT_RATCHET_LOCKED;floor=4.18 peak=9.84;MANAGE_PROFIT;SAFE;1;1;1;-1;-1;4347.08;8.79;8.79;9.84;-6.78;KELLY_LITE;true;0.04;213061.36;0.0417;KELLY_LITE(mult=1.30 taper=1.00 n=20)+HARD_RISK_CAP(2.0%)+MAXLOSS_CAP;213061.36;213070.15;36;0
2026.08.14 09:23:02;XAUUSD;5;1786669216;PROFIT_RATCHET_LOCKED;floor=4.18 peak=9.84;MANAGE_PROFIT;SAFE;1;1;1;-1;-1;4347.08;8.73;8.73;9.84;-6.78;KELLY_LITE;true;0.04;213061.36;0.0417;KELLY_LITE(mult=1.30 taper=1.00 n=20)+HARD_RISK_CAP(2.0%)+MAXLOSS_CAP;213061.36;213070.09;36;0
2026.08.14 09:23:02;XAUUSD;5;1786669216;PROFIT_RATCHET_LOCKED;floor=4.18 peak=9.84;MANAGE_PROFIT;SAFE;1;1;1;-1;-1;4347.08;8.58;8.58;9.84;-6.78;KELLY_LITE;true;0.04;213061.36;0.0417;KELLY_LITE(mult=1.30 taper=1.00 n=20)+HARD_RISK_CAP(2.0%)+MAXLOSS_CAP;213061.36;213069.94;36;0
2026.08.14 09:23:04;XAUUSD;5;1786669216;PROFIT_RATCHET_LOCKED;floor=4.18 peak=9.84;MANAGE_PROFIT;SAFE;1;1;1;-1;-1;4347.08;8.79;8.79;9.84;-6.78;KELLY_LITE;true;0.04;213061.36;0.0417;KELLY_LITE(mult=1.30 taper=1.00 n=20)+HARD_RISK_CAP(2.0%)+MAXLOSS_CAP;213061.36;213070.15;36;0
2026.08.14 09:23:04;XAUUSD;5;1786669216;PROFIT_RATCHET_LOCKED;floor=4.18 peak=9.84;MANAGE_PROFIT;SAFE;1;1;1;-1;-1;4347.08;9.48;9.48;9.84;-6.78;KELLY_LITE;true;0.04;213061.36;0.0417;KELLY_LITE(mult=1.30 taper=1.00 n=20)+HARD_RISK_CAP(2.0%)+MAXLOSS_CAP;213061.36;213070.84;36;0
2026.08.14 09:23:04;XAUUSD;5;1786669216;PROFIT_RATCHET_LOCKED;floor=4.18 peak=9.84;MANAGE_PROFIT;SAFE;1;1;1;-1;-1;4347.08;9.39;9.39;9.84;-6.78;KELLY_LITE;true;0.04;213061.36;0.0417;KELLY_LITE(mult=1.30 taper=1.00 n=20)+HARD_RISK_CAP(2.0%)+MAXLOSS_CAP;213061.36;213070.75;36;0
2026.08.14 09:23:05;XAUUSD;5;1786669216;PROFIT_RATCHET_LOCKED;floor=4.18 peak=9.84;MANAGE_PROFIT;SAFE;1;1;1;-1;-1;4347.08;9.42;9.42;9.84;-6.78;KELLY_LITE;true;0.04;213061.36;0.0417;KELLY_LITE(mult=1.30 taper=1.00 n=20)+HARD_RISK_CAP(2.0%)+MAXLOSS_CAP;213061.36;213070.78;36;0
2026.08.14 09:23:06;XAUUSD;5;1786669216;PROFIT_RATCHET_LOCKED;floor=4.18 peak=9.84;MANAGE_PROFIT;SAFE;1;1;1;-1;-1;4347.08;9.51;9.51;9.84;-6.78;KELLY_LITE;true;0.04;213061.36;0.0417;KELLY_LITE(mult=1.30 taper=1.00 n=20)+HARD_RISK_CAP(2.0%)+MAXLOSS_CAP;213061.36;213070.87;36;0
2026.08.14 09:23:06;XAUUSD;5;1786669216;PROFIT_RATCHET_LOCKED;floor=4.18 peak=9.84;MANAGE_PROFIT;SAFE;1;1;1;-1;-1;4347.08;9.48;9.48;9.84;-6.78;KELLY_LITE;true;0.04;213061.36;0.0417;KELLY_LITE(mult=1.30 taper=1.00 n=20)+HARD_RISK_CAP(2.0%)+MAXLOSS_CAP;213061.36;213070.84;36;0
2026.08.14 09:23:08;XAUUSD;5;1786669216;PROFIT_RATCHET_LOCKED;floor=4.18 peak=9.84;MANAGE_PROFIT;SAFE;1;1;1;-1;-1;4347.08;9.54;9.54;9.84;-6.78;KELLY_LITE;true;0.04;213061.36;0.0417;KELLY_LITE(mult=1.30 taper=1.00 n=20)+HARD_RISK_CAP(2.0%)+MAXLOSS_CAP;213061.36;213070.90;36;0
2026.08.14 09:23:10;XAUUSD;5;1786669216;PROFIT_RATCHET_LOCKED;floor=4.18 peak=9.84;MANAGE_PROFIT;SAFE;1;1;1;-1;-1;4347.08;9.30;9.30;9.84;-6.78;KELLY_LITE;true;0.04;213061.36;0.0417;KELLY_LITE(mult=1.30 taper=1.00 n=20)+HARD_RISK_CAP(2.0%)+MAXLOSS_CAP;213061.36;213070.66;36;0
2026.08.14 09:23:10;XAUUSD;5;1786669216;PROFIT_RATCHET_LOCKED;floor=4.18 peak=9.84;MANAGE_PROFIT;SAFE;1;1;1;-1;-1;4347.08;9.27;9.27;9.84;-6.78;KELLY_LITE;true;0.04;213061.36;0.0417;KELLY_LITE(mult=1.30 taper=1.00 n=20)+HARD_RISK_CAP(2.0%)+MAXLOSS_CAP;213061.36;213070.63;36;0
2026.08.14 09:23:11;XAUUSD;5;1786669216;PROFIT_RATCHET_LOCKED;floor=4.18 peak=9.84;MANAGE_PROFIT;SAFE;1;1;1;-1;-1;4347.08;9.24;9.24;9.84;-6.78;KELLY_LITE;true;0.04;213061.36;0.0417;KELLY_LITE(mult=1.30 taper=1.00 n=20)+HARD_RISK_CAP(2.0%)+MAXLOSS_CAP;213061.36;213070.60;36;0
2026.08.14 09:23:11;XAUUSD;5;1786669216;PROFIT_RATCHET_LOCKED;floor=4.18 peak=9.84;MANAGE_PROFIT;SAFE;1;1;1;-1;-1;4347.08;9.33;9.33;9.84;-6.78;KELLY_LITE;true;0.04;213061.36;0.0417;KELLY_LITE(mult=1.30 taper=1.00 n=20)+HARD_RISK_CAP(2.0%)+MAXLOSS_CAP;213061.36;213070.69;36;0
2026.08.14 09:23:12;XAUUSD;5;1786669216;PROFIT_RATCHET_LOCKED;floor=4.18 peak=9.84;MANAGE_PROFIT;SAFE;1;1;1;-1;-1;4347.08;9.30;9.30;9.84;-6.78;KELLY_LITE;true;0.04;213061.36;0.0417;KELLY_LITE(mult=1.30 taper=1.00 n=20)+HARD_RISK_CAP(2.0%)+MAXLOSS_CAP;213061.36;213070.66;36;0
2026.08.14 09:23:12;XAUUSD;5;1786669216;PROFIT_RATCHET_LOCKED;floor=4.18 peak=9.84;MANAGE_PROFIT;SAFE;1;1;1;-1;-1;4347.08;9.15;9.15;9.84;-6.78;KELLY_LITE;true;0.04;213061.36;0.0417;KELLY_LITE(mult=1.30 taper=1.00 n=20)+HARD_RISK_CAP(2.0%)+MAXLOSS_CAP;213061.36;213070.51;36;0
2026.08.14 09:23:13;XAUUSD;5;1786669216;PROFIT_RATCHET_LOCKED;floor=4.18 peak=9.84;MANAGE_PROFIT;SAFE;1;1;1;-1;-1;4347.08;9.03;9.03;9.84;-6.78;KELLY_LITE;true;0.04;213061.36;0.0417;KELLY_LITE(mult=1.30 taper=1.00 n=20)+HARD_RISK_CAP(2.0%)+MAXLOSS_CAP;213061.36;213070.39;36;0
2026.08.14 09:23:13;XAUUSD;5;1786669216;PROFIT_RATCHET_LOCKED;floor=4.18 peak=9.84;MANAGE_PROFIT;SAFE;1;1;1;-1;-1;4347.08;8.43;8.43;9.84;-6.78;KELLY_LITE;true;0.04;213061.36;0.0417;KELLY_LITE(mult=1.30 taper=1.00 n=20)+HARD_RISK_CAP(2.0%)+MAXLOSS_CAP;213061.36;213069.79;37;0
2026.08.14 09:23:13;XAUUSD;5;1786669216;RECONCILED_BROKER_CLOSE;ticket=119516735 type=main pnl=8.25;MANAGE_PROFIT;SAFE;0;1;1;-1;-1;4347.08;0.00;0.00;9.84;-6.78;KELLY_LITE;true;0.04;213061.36;0.0417;KELLY_LITE(mult=1.30 taper=1.00 n=20)+HARD_RISK_CAP(2.0%)+MAXLOSS_CAP;213069.61;213069.61;36;0
2026.08.14 09:23:14;XAUUSD;5;1786669216;PENDING_DELETED;ticket=119516918 reason=main_gone_hedge_pending;WAIT_TRIGGER;SAFE;0;0;1;-1;-1;4347.08;0.00;0.00;9.84;-6.78;KELLY_LITE;true;0.04;213061.36;0.0417;KELLY_LITE(mult=1.30 taper=1.00 n=20)+HARD_RISK_CAP(2.0%)+MAXLOSS_CAP;213069.61;213069.61;36;0
2026.08.14 09:23:14;XAUUSD;5;1786669216;HEDGE_PENDING_CLEANUP;main_position_gone;WAIT_TRIGGER;SAFE;0;0;1;-1;-1;4347.08;0.00;0.00;9.84;-6.78;KELLY_LITE;true;0.04;213061.36;0.0417;KELLY_LITE(mult=1.30 taper=1.00 n=20)+HARD_RISK_CAP(2.0%)+MAXLOSS_CAP;213069.61;213069.61;36;0
2026.08.14 09:23:14;XAUUSD;5;1786669216;CYCLE_RESET;oldState=WAIT_TRIGGER realizedPnL=8.25 peak=9.84 worst=-6.78 pyramid=1 consLosses=0;WAIT_TRIGGER;SAFE;0;0;1;-1;-1;4347.08;0.00;0.00;9.84;-6.78;KELLY_LITE;true;0.04;213061.36;0.0417;KELLY_LITE(mult=1.30 taper=1.00 n=20)+HARD_RISK_CAP(2.0%)+MAXLOSS_CAP;213069.61;213069.61;36;0
2026.08.14 09:28:14;XAUUSD;5;1786669217;PLACE_PENDING_START;cycle=1786669217 trend=1 consecLosses=0 preset=AGGRESSIVE;PLACE_PENDING;SAFE;0;0;0;-1;-1;0.00;0.00;0.00;0.00;0.00;KELLY_LITE;true;0.04;213061.36;0.0417;KELLY_LITE(mult=1.30 taper=1.00 n=20)+HARD_RISK_CAP(2.0%)+MAXLOSS_CAP;213069.61;213069.61;36;0
2026.08.14 09:28:15;XAUUSD;5;1786669217;DIR_OCO_PLACED;dir=BULL ticket=119517477 price=4346.60 sl=4331.60 tp=4369.10 lot=0.04 dist=1.50;PLACE_PENDING;SAFE;0;1;0;119517477;-1;0.00;0.00;0.00;0.00;0.00;KELLY_LITE;true;0.04;213069.61;0.0417;KELLY_LITE(mult=1.40 taper=1.00 n=20)+HARD_RISK_CAP(2.0%)+MAXLOSS_CAP;213069.61;213069.61;36;0
2026.08.14 09:28:15;XAUUSD;5;1786669217;DIR_OCO_COUNTER_PLACED;dir=BEAR(counter) ticket=119517480 price=4343.20 lot=0.03;PLACE_PENDING;SAFE;0;2;0;119517477;119517480;0.00;0.00;0.00;0.00;0.00;KELLY_LITE;true;0.04;213069.61;0.0417;KELLY_LITE(mult=1.40 taper=1.00 n=20)+HARD_RISK_CAP(2.0%)+MAXLOSS_CAP;213069.61;213069.61;36;0
2026.08.14 09:28:31;XAUUSD;5;1786669217;SELL_STOP_TRAILED;Old=4343.20 New=4343.57;WAIT_TRIGGER;SAFE;0;2;0;119517477;119517480;0.00;0.00;0.00;0.00;0.00;KELLY_LITE;true;0.04;213069.61;0.0417;KELLY_LITE(mult=1.40 taper=1.00 n=20)+HARD_RISK_CAP(2.0%)+MAXLOSS_CAP;213069.61;213069.61;36;0
2026.08.14 09:28:34;XAUUSD;5;1786669217;SELL_STOP_TRAILED;Old=4343.57 New=4344.01;WAIT_TRIGGER;SAFE;0;2;0;119517477;119517480;0.00;0.00;0.00;0.00;0.00;KELLY_LITE;true;0.04;213069.61;0.0417;KELLY_LITE(mult=1.40 taper=1.00 n=20)+HARD_RISK_CAP(2.0%)+MAXLOSS_CAP;213069.61;213069.61;36;0
2026.08.14 09:29:24;XAUUSD;5;1786669217;BUY_STOP_TRAILED;Old=4346.60 New=4346.17;WAIT_TRIGGER;SAFE;0;2;0;119517477;119517480;0.00;0.00;0.00;0.00;0.00;KELLY_LITE;true;0.04;213069.61;0.0417;KELLY_LITE(mult=1.40 taper=1.00 n=20)+HARD_RISK_CAP(2.0%)+MAXLOSS_CAP;213069.61;213069.61;36;0
2026.08.14 09:30:01;XAUUSD;5;1786669217;SELL_STOP_TRAILED;Old=4344.01 New=4344.33;WAIT_TRIGGER;SAFE;0;2;0;119517477;119517480;0.00;0.00;0.00;0.00;0.00;KELLY_LITE;true;0.04;213069.61;0.0417;KELLY_LITE(mult=1.40 taper=1.00 n=20)+HARD_RISK_CAP(2.0%)+MAXLOSS_CAP;213069.61;213069.61;36;0
2026.08.14 09:30:05;XAUUSD;5;1786669217;OCO_TRIGGERED_BUY;ticket=119517477 entry=4346.17;POSITION_ACTIVE;SAFE;1;1;0;-1;119517480;0.00;-1.40;-1.40;0.00;0.00;KELLY_LITE;true;0.04;213069.61;0.0417;KELLY_LITE(mult=1.40 taper=1.00 n=20)+HARD_RISK_CAP(2.0%)+MAXLOSS_CAP;213069.61;213068.21;36;0
2026.08.14 09:30:05;XAUUSD;5;1786669217;PENDING_DELETED;ticket=119517480 reason=oco_buy_triggered;POSITION_ACTIVE;SAFE;1;0;0;-1;119517480;0.00;-1.52;-1.52;0.00;0.00;KELLY_LITE;true;0.04;213069.61;0.0417;KELLY_LITE(mult=1.40 taper=1.00 n=20)+HARD_RISK_CAP(2.0%)+MAXLOSS_CAP;213069.61;213068.09;36;0
2026.08.14 09:30:06;XAUUSD;5;1786669217;HEDGE_PENDING_PLACED;dir=SELL_STOP ticket=119517587 price=4342.79 sl=4345.79 lot=0.05 mainEntry=4346.17 dist=3.00 confirmBars=1;POSITION_ACTIVE;SAFE;1;1;1;-1;-1;4346.17;-1.16;-1.16;0.00;-1.52;KELLY_LITE;true;0.04;213069.61;0.0417;KELLY_LITE(mult=1.40 taper=1.00 n=20)+HARD_RISK_CAP(2.0%)+MAXLOSS_CAP;213069.61;213068.45;36;0
2026.08.14 09:37:48;XAUUSD;5;1786669217;SL_MODIFIED;ticket=119517477 oldSL=4334.17 newSL=4347.64 reason=break_even_lock_leg_0 (retry buf=3pt);MANAGE_PROFIT;SAFE;1;1;1;-1;-1;4346.17;8.08;8.08;8.32;-8.08;KELLY_LITE;true;0.04;213069.61;0.0417;KELLY_LITE(mult=1.40 taper=1.00 n=20)+HARD_RISK_CAP(2.0%)+MAXLOSS_CAP;213069.61;213077.69;36;0
2026.08.14 09:37:48;XAUUSD;5;1786669217;PROFIT_RATCHET_LOCKED;floor=2.81 peak=8.32;MANAGE_PROFIT;SAFE;1;1;1;-1;-1;4346.17;8.08;8.08;8.32;-8.08;KELLY_LITE;true;0.04;213069.61;0.0417;KELLY_LITE(mult=1.40 taper=1.00 n=20)+HARD_RISK_CAP(2.0%)+MAXLOSS_CAP;213069.61;213077.69;36;0
2026.08.14 09:37:49;XAUUSD;5;1786669217;SL_MODIFIED;ticket=119517477 oldSL=4347.64 newSL=4347.67 reason=break_even_lock_leg_0;MANAGE_PROFIT;SAFE;1;1;1;-1;-1;4346.17;8.16;8.16;8.32;-8.08;KELLY_LITE;true;0.04;213069.61;0.0417;KELLY_LITE(mult=1.40 taper=1.00 n=20)+HARD_RISK_CAP(2.0%)+MAXLOSS_CAP;213069.61;213077.77;36;0
2026.08.14 09:37:49;XAUUSD;5;1786669217;PROFIT_RATCHET_LOCKED;floor=2.81 peak=8.32;MANAGE_PROFIT;SAFE;1;1;1;-1;-1;4346.17;8.16;8.16;8.32;-8.08;KELLY_LITE;true;0.04;213069.61;0.0417;KELLY_LITE(mult=1.40 taper=1.00 n=20)+HARD_RISK_CAP(2.0%)+MAXLOSS_CAP;213069.61;213077.77;36;0
2026.08.14 09:37:49;XAUUSD;5;1786669217;PROFIT_RATCHET_LOCKED;floor=2.81 peak=8.32;MANAGE_PROFIT;SAFE;1;1;1;-1;-1;4346.17;8.16;8.16;8.32;-8.08;KELLY_LITE;true;0.04;213069.61;0.0417;KELLY_LITE(mult=1.40 taper=1.00 n=20)+HARD_RISK_CAP(2.0%)+MAXLOSS_CAP;213069.61;213077.77;36;0
2026.08.14 09:37:49;XAUUSD;5;1786669217;PROFIT_RATCHET_LOCKED;floor=2.81 peak=8.32;MANAGE_PROFIT;SAFE;1;1;1;-1;-1;4346.17;8.16;8.16;8.32;-8.08;KELLY_LITE;true;0.04;213069.61;0.0417;KELLY_LITE(mult=1.40 taper=1.00 n=20)+HARD_RISK_CAP(2.0%)+MAXLOSS_CAP;213069.61;213077.77;35;0
2026.08.14 09:37:49;XAUUSD;5;1786669217;PROFIT_RATCHET_LOCKED;floor=2.81 peak=8.32;MANAGE_PROFIT;SAFE;1;1;1;-1;-1;4346.17;8.12;8.12;8.32;-8.08;KELLY_LITE;true;0.04;213069.61;0.0417;KELLY_LITE(mult=1.40 taper=1.00 n=20)+HARD_RISK_CAP(2.0%)+MAXLOSS_CAP;213069.61;213077.73;36;0
2026.08.14 09:37:50;XAUUSD;5;1786669217;PROFIT_RATCHET_LOCKED;floor=2.81 peak=8.32;MANAGE_PROFIT;SAFE;1;1;1;-1;-1;4346.17;8.04;8.04;8.32;-8.08;KELLY_LITE;true;0.04;213069.61;0.0417;KELLY_LITE(mult=1.40 taper=1.00 n=20)+HARD_RISK_CAP(2.0%)+MAXLOSS_CAP;213069.61;213077.65;36;0
2026.08.14 09:37:50;XAUUSD;5;1786669217;PROFIT_RATCHET_LOCKED;floor=2.81 peak=8.32;MANAGE_PROFIT;SAFE;1;1;1;-1;-1;4346.17;7.96;7.96;8.32;-8.08;KELLY_LITE;true;0.04;213069.61;0.0417;KELLY_LITE(mult=1.40 taper=1.00 n=20)+HARD_RISK_CAP(2.0%)+MAXLOSS_CAP;213069.61;213077.57;36;0
2026.08.14 09:37:50;XAUUSD;5;1786669217;PROFIT_RATCHET_LOCKED;floor=2.81 peak=8.32;MANAGE_PROFIT;SAFE;1;1;1;-1;-1;4346.17;8.00;8.00;8.32;-8.08;KELLY_LITE;true;0.04;213069.61;0.0417;KELLY_LITE(mult=1.40 taper=1.00 n=20)+HARD_RISK_CAP(2.0%)+MAXLOSS_CAP;213069.61;213077.61;36;0
2026.08.14 09:37:51;XAUUSD;5;1786669217;PROFIT_RATCHET_LOCKED;floor=2.81 peak=8.32;MANAGE_PROFIT;SAFE;1;1;1;-1;-1;4346.17;8.16;8.16;8.32;-8.08;KELLY_LITE;true;0.04;213069.61;0.0417;KELLY_LITE(mult=1.40 taper=1.00 n=20)+HARD_RISK_CAP(2.0%)+MAXLOSS_CAP;213069.61;213077.77;36;0
2026.08.14 09:37:51;XAUUSD;5;1786669217;PROFIT_RATCHET_LOCKED;floor=2.81 peak=8.32;MANAGE_PROFIT;SAFE;1;1;1;-1;-1;4346.17;7.96;7.96;8.32;-8.08;KELLY_LITE;true;0.04;213069.61;0.0417;KELLY_LITE(mult=1.40 taper=1.00 n=20)+HARD_RISK_CAP(2.0%)+MAXLOSS_CAP;213069.61;213077.57;36;0
2026.08.14 09:37:52;XAUUSD;5;1786669217;PROFIT_RATCHET_LOCKED;floor=2.81 peak=8.32;MANAGE_PROFIT;SAFE;1;1;1;-1;-1;4346.17;8.00;8.00;8.32;-8.08;KELLY_LITE;true;0.04;213069.61;0.0417;KELLY_LITE(mult=1.40 taper=1.00 n=20)+HARD_RISK_CAP(2.0%)+MAXLOSS_CAP;213069.61;213077.61;36;0
2026.08.14 09:37:52;XAUUSD;5;1786669217;PROFIT_RATCHET_LOCKED;floor=2.81 peak=8.32;MANAGE_PROFIT;SAFE;1;1;1;-1;-1;4346.17;7.96;7.96;8.32;-8.08;KELLY_LITE;true;0.04;213069.61;0.0417;KELLY_LITE(mult=1.40 taper=1.00 n=20)+HARD_RISK_CAP(2.0%)+MAXLOSS_CAP;213069.61;213077.57;36;0
2026.08.14 09:37:54;XAUUSD;5;1786669217;SL_MODIFIED;ticket=119517477 oldSL=4347.67 newSL=4347.79 reason=break_even_lock_leg_0 (retry buf=3pt);MANAGE_PROFIT;SAFE;1;1;1;-1;-1;4346.17;8.96;8.96;8.72;-8.08;KELLY_LITE;true;0.04;213069.61;0.0417;KELLY_LITE(mult=1.40 taper=1.00 n=20)+HARD_RISK_CAP(2.0%)+MAXLOSS_CAP;213069.61;213078.57;36;0
2026.08.14 09:37:54;XAUUSD;5;1786669217;PROFIT_RATCHET_LOCKED;floor=2.94 peak=8.72;MANAGE_PROFIT;SAFE;1;1;1;-1;-1;4346.17;8.96;8.96;8.72;-8.08;KELLY_LITE;true;0.04;213069.61;0.0417;KELLY_LITE(mult=1.40 taper=1.00 n=20)+HARD_RISK_CAP(2.0%)+MAXLOSS_CAP;213069.61;213078.57;36;0
2026.08.14 09:37:54;XAUUSD;5;1786669217;SL_MODIFIED;ticket=119517477 oldSL=4347.79 newSL=4347.89 reason=break_even_lock_leg_0;MANAGE_PROFIT;SAFE;1;1;1;-1;-1;4346.17;9.96;9.96;8.96;-8.08;KELLY_LITE;true;0.04;213069.61;0.0417;KELLY_LITE(mult=1.40 taper=1.00 n=20)+HARD_RISK_CAP(2.0%)+MAXLOSS_CAP;213069.61;213079.57;36;0
2026.08.14 09:37:54;XAUUSD;5;1786669217;PROFIT_RATCHET_LOCKED;floor=3.02 peak=8.96;MANAGE_PROFIT;SAFE;1;1;1;-1;-1;4346.17;9.96;9.96;8.96;-8.08;KELLY_LITE;true;0.04;213069.61;0.0417;KELLY_LITE(mult=1.40 taper=1.00 n=20)+HARD_RISK_CAP(2.0%)+MAXLOSS_CAP;213069.61;213079.57;36;0
2026.08.14 09:37:55;XAUUSD;5;1786669217;SL_MODIFIED;ticket=119517477 oldSL=4347.89 newSL=4348.14 reason=break_even_lock_leg_0;MANAGE_PROFIT;SAFE;1;1;1;-1;-1;4346.17;11.32;11.32;9.96;-8.08;KELLY_LITE;true;0.04;213069.61;0.0417;KELLY_LITE(mult=1.40 taper=1.00 n=20)+HARD_RISK_CAP(2.0%)+MAXLOSS_CAP;213069.61;213080.93;35;0
2026.08.14 09:37:55;XAUUSD;5;1786669217;PROFIT_RATCHET_LOCKED;floor=3.36 peak=9.96;MANAGE_PROFIT;SAFE;1;1;1;-1;-1;4346.17;11.32;11.32;9.96;-8.08;KELLY_LITE;true;0.04;213069.61;0.0417;KELLY_LITE(mult=1.40 taper=1.00 n=20)+HARD_RISK_CAP(2.0%)+MAXLOSS_CAP;213069.61;213080.93;35;0
2026.08.14 09:37:56;XAUUSD;5;1786669217;SL_MODIFIED;ticket=119517477 oldSL=4348.14 newSL=4348.48 reason=break_even_lock_leg_0;MANAGE_PROFIT;SAFE;1;1;1;-1;-1;4346.17;11.32;11.00;11.32;-8.08;KELLY_LITE;true;0.04;213069.61;0.0417;KELLY_LITE(mult=1.40 taper=1.00 n=20)+HARD_RISK_CAP(2.0%)+MAXLOSS_CAP;213069.61;213080.93;36;0
2026.08.14 09:37:56;XAUUSD;5;1786669217;PROFIT_RATCHET_LOCKED;floor=3.82 peak=11.32;MANAGE_PROFIT;SAFE;1;1;1;-1;-1;4346.17;11.32;11.00;11.32;-8.08;KELLY_LITE;true;0.04;213069.61;0.0417;KELLY_LITE(mult=1.40 taper=1.00 n=20)+HARD_RISK_CAP(2.0%)+MAXLOSS_CAP;213069.61;213080.93;36;0
2026.08.14 09:37:56;XAUUSD;5;1786669217;PROFIT_RATCHET_LOCKED;floor=3.82 peak=11.32;MANAGE_PROFIT;SAFE;1;1;1;-1;-1;4346.17;11.32;11.00;11.32;-8.08;KELLY_LITE;true;0.04;213069.61;0.0417;KELLY_LITE(mult=1.40 taper=1.00 n=20)+HARD_RISK_CAP(2.0%)+MAXLOSS_CAP;213069.61;213080.93;36;0
2026.08.14 09:37:56;XAUUSD;5;1786669217;PROFIT_RATCHET_LOCKED;floor=3.82 peak=11.32;MANAGE_PROFIT;SAFE;1;1;1;-1;-1;4346.17;10.84;10.84;11.32;-8.08;KELLY_LITE;true;0.04;213069.61;0.0417;KELLY_LITE(mult=1.40 taper=1.00 n=20)+HARD_RISK_CAP(2.0%)+MAXLOSS_CAP;213069.61;213080.45;36;0
2026.08.14 09:37:56;XAUUSD;5;1786669217;PROFIT_RATCHET_LOCKED;floor=3.82 peak=11.32;MANAGE_PROFIT;SAFE;1;1;1;-1;-1;4346.17;10.88;10.88;11.32;-8.08;KELLY_LITE;true;0.04;213069.61;0.0417;KELLY_LITE(mult=1.40 taper=1.00 n=20)+HARD_RISK_CAP(2.0%)+MAXLOSS_CAP;213069.61;213080.49;36;0
2026.08.14 09:37:57;XAUUSD;5;1786669217;SL_MODIFIED;ticket=119517477 oldSL=4348.48 newSL=4348.52 reason=break_even_lock_leg_0;MANAGE_PROFIT;SAFE;1;1;1;-1;-1;4346.17;11.40;11.40;11.48;-8.08;KELLY_LITE;true;0.04;213069.61;0.0417;KELLY_LITE(mult=1.40 taper=1.00 n=20)+HARD_RISK_CAP(2.0%)+MAXLOSS_CAP;213069.61;213081.01;36;0
2026.08.14 09:37:57;XAUUSD;5;1786669217;PROFIT_RATCHET_LOCKED;floor=3.87 peak=11.48;MANAGE_PROFIT;SAFE;1;1;1;-1;-1;4346.17;11.40;11.40;11.48;-8.08;KELLY_LITE;true;0.04;213069.61;0.0417;KELLY_LITE(mult=1.40 taper=1.00 n=20)+HARD_RISK_CAP(2.0%)+MAXLOSS_CAP;213069.61;213081.01;36;0
2026.08.14 09:37:57;XAUUSD;5;1786669217;PROFIT_RATCHET_LOCKED;floor=3.87 peak=11.48;MANAGE_PROFIT;SAFE;1;1;1;-1;-1;4346.17;11.40;11.40;11.48;-8.08;KELLY_LITE;true;0.04;213069.61;0.0417;KELLY_LITE(mult=1.40 taper=1.00 n=20)+HARD_RISK_CAP(2.0%)+MAXLOSS_CAP;213069.61;213081.01;36;0
2026.08.14 09:37:57;XAUUSD;5;1786669217;PROFIT_RATCHET_LOCKED;floor=3.87 peak=11.48;MANAGE_PROFIT;SAFE;1;1;1;-1;-1;4346.17;11.44;11.44;11.48;-8.08;KELLY_LITE;true;0.04;213069.61;0.0417;KELLY_LITE(mult=1.40 taper=1.00 n=20)+HARD_RISK_CAP(2.0%)+MAXLOSS_CAP;213069.61;213081.05;36;0
2026.08.14 09:37:58;XAUUSD;5;1786669217;PROFIT_RATCHET_LOCKED;floor=3.87 peak=11.48;MANAGE_PROFIT;SAFE;1;1;1;-1;-1;4346.17;10.92;10.92;11.48;-8.08;KELLY_LITE;true;0.04;213069.61;0.0417;KELLY_LITE(mult=1.40 taper=1.00 n=20)+HARD_RISK_CAP(2.0%)+MAXLOSS_CAP;213069.61;213080.53;36;0
2026.08.14 09:37:58;XAUUSD;5;1786669217;PROFIT_RATCHET_LOCKED;floor=3.87 peak=11.48;MANAGE_PROFIT;SAFE;1;1;1;-1;-1;4346.17;10.84;10.84;11.48;-8.08;KELLY_LITE;true;0.04;213069.61;0.0417;KELLY_LITE(mult=1.40 taper=1.00 n=20)+HARD_RISK_CAP(2.0%)+MAXLOSS_CAP;213069.61;213080.45;36;0
2026.08.14 09:37:58;XAUUSD;5;1786669217;PROFIT_RATCHET_LOCKED;floor=3.87 peak=11.48;MANAGE_PROFIT;SAFE;1;1;1;-1;-1;4346.17;10.60;10.60;11.48;-8.08;KELLY_LITE;true;0.04;213069.61;0.0417;KELLY_LITE(mult=1.40 taper=1.00 n=20)+HARD_RISK_CAP(2.0%)+MAXLOSS_CAP;213069.61;213080.21;36;0
2026.08.14 09:37:59;XAUUSD;5;1786669217;EXIT_TIERED_TRAIL;profit=9.84 peak=11.48 allowedRetrace=1.38;MANAGE_PROFIT;SAFE;1;1;1;-1;-1;4346.17;9.84;9.84;11.48;-8.08;KELLY_LITE;true;0.04;213069.61;0.0417;KELLY_LITE(mult=1.40 taper=1.00 n=20)+HARD_RISK_CAP(2.0%)+MAXLOSS_CAP;213069.61;213079.45;36;0
2026.08.14 09:37:59;XAUUSD;5;1786669217;POSITION_CLOSED;ticket=119517477 reason=tiered_profit_trail lots=0.04 price=4348.63 pnl=9.84;MANAGE_PROFIT;SAFE;0;1;1;-1;-1;4346.17;0.00;0.00;11.48;-8.08;KELLY_LITE;true;0.04;213069.61;0.0417;KELLY_LITE(mult=1.40 taper=1.00 n=20)+HARD_RISK_CAP(2.0%)+MAXLOSS_CAP;213079.37;213079.37;36;0
2026.08.14 09:38:00;XAUUSD;5;1786669217;PENDING_DELETED;ticket=119517587 reason=close_all_hedge;MANAGE_PROFIT;SAFE;0;0;0;-1;-1;4346.17;0.00;0.00;11.48;-8.08;KELLY_LITE;true;0.04;213069.61;0.0417;KELLY_LITE(mult=1.40 taper=1.00 n=20)+HARD_RISK_CAP(2.0%)+MAXLOSS_CAP;213079.37;213079.37;36;0
2026.08.14 09:38:00;XAUUSD;5;1786669217;CYCLE_RESET;oldState=RESET realizedPnL=9.76 peak=11.48 worst=-8.08 pyramid=0 consLosses=0;RESET;SAFE;0;0;0;-1;-1;4346.17;0.00;0.00;11.48;-8.08;KELLY_LITE;true;0.04;213069.61;0.0417;KELLY_LITE(mult=1.40 taper=1.00 n=20)+HARD_RISK_CAP(2.0%)+MAXLOSS_CAP;213079.37;213079.37;36;0
2026.08.14 09:43:00;XAUUSD;5;1786669218;PLACE_PENDING_START;cycle=1786669218 trend=1 consecLosses=0 preset=AGGRESSIVE;PLACE_PENDING;SAFE;0;0;0;-1;-1;0.00;0.00;0.00;0.00;0.00;KELLY_LITE;true;0.04;213069.61;0.0417;KELLY_LITE(mult=1.40 taper=1.00 n=20)+HARD_RISK_CAP(2.0%)+MAXLOSS_CAP;213079.37;213079.37;36;0
2026.08.14 09:43:00;XAUUSD;5;1786669218;DIR_OCO_PLACED;dir=BULL ticket=119518206 price=4347.65 sl=4332.65 tp=4370.15 lot=0.04 dist=1.50;PLACE_PENDING;SAFE;0;1;0;119518206;-1;0.00;0.00;0.00;0.00;0.00;KELLY_LITE;true;0.04;213079.37;0.0417;KELLY_LITE(mult=1.40 taper=1.00 n=20)+HARD_RISK_CAP(2.0%)+MAXLOSS_CAP;213079.37;213079.37;36;0
2026.08.14 09:43:01;XAUUSD;5;1786669218;DIR_OCO_COUNTER_PLACED;dir=BEAR(counter) ticket=119518209 price=4344.27 lot=0.03;PLACE_PENDING;SAFE;0;2;0;119518206;119518209;0.00;0.00;0.00;0.00;0.00;KELLY_LITE;true;0.04;213079.37;0.0417;KELLY_LITE(mult=1.40 taper=1.00 n=20)+HARD_RISK_CAP(2.0%)+MAXLOSS_CAP;213079.37;213079.37;36;0
2026.08.14 09:43:36;XAUUSD;5;1786669218;SELL_STOP_TRAILED;Old=4344.27 New=4344.60;WAIT_TRIGGER;SAFE;0;2;0;119518206;119518209;0.00;0.00;0.00;0.00;0.00;KELLY_LITE;true;0.04;213079.37;0.0417;KELLY_LITE(mult=1.40 taper=1.00 n=20)+HARD_RISK_CAP(2.0%)+MAXLOSS_CAP;213079.37;213079.37;36;0
2026.08.14 09:43:49;XAUUSD;5;1786669218;BUY_STOP_TRAILED;Old=4347.65 New=4347.27;WAIT_TRIGGER;SAFE;0;2;0;119518206;119518209;0.00;0.00;0.00;0.00;0.00;KELLY_LITE;true;0.04;213079.37;0.0417;KELLY_LITE(mult=1.40 taper=1.00 n=20)+HARD_RISK_CAP(2.0%)+MAXLOSS_CAP;213079.37;213079.37;36;0
2026.08.14 09:44:21;XAUUSD;5;1786669218;BUY_STOP_TRAILED;Old=4347.27 New=4346.86;WAIT_TRIGGER;SAFE;0;2;0;119518206;119518209;0.00;0.00;0.00;0.00;0.00;KELLY_LITE;true;0.04;213079.37;0.0417;KELLY_LITE(mult=1.40 taper=1.00 n=20)+HARD_RISK_CAP(2.0%)+MAXLOSS_CAP;213079.37;213079.37;36;0
2026.08.14 09:44:22;XAUUSD;5;1786669218;OCO_TRIGGERED_SELL;ticket=119518209 entry=4344.60;POSITION_ACTIVE;SAFE;1;1;0;119518206;-1;0.00;0.27;-0.72;0.00;0.00;KELLY_LITE;true;0.04;213079.37;0.0417;KELLY_LITE(mult=1.40 taper=1.00 n=20)+HARD_RISK_CAP(2.0%)+MAXLOSS_CAP;213079.37;213079.64;33;0
2026.08.14 09:44:22;XAUUSD;5;1786669218;PENDING_DELETED;ticket=119518206 reason=oco_sell_triggered;POSITION_ACTIVE;SAFE;1;0;0;119518206;-1;0.00;-0.66;-0.66;0.00;0.00;KELLY_LITE;true;0.04;213079.37;0.0417;KELLY_LITE(mult=1.40 taper=1.00 n=20)+HARD_RISK_CAP(2.0%)+MAXLOSS_CAP;213079.37;213078.71;36;0
2026.08.14 09:44:23;XAUUSD;5;1786669218;HEDGE_PENDING_PLACED;dir=BUY_STOP ticket=119518266 price=4347.82 sl=4344.82 lot=0.05 mainEntry=4344.60 dist=3.00 confirmBars=1;POSITION_ACTIVE;SAFE;1;1;1;-1;-1;4344.60;-0.60;-0.60;0.00;-0.66;KELLY_LITE;true;0.04;213079.37;0.0417;KELLY_LITE(mult=1.40 taper=1.00 n=20)+HARD_RISK_CAP(2.0%)+MAXLOSS_CAP;213079.37;213078.77;36;0
2026.08.14 09:55:16;XAUUSD;5;1786669218;SL_MODIFIED;ticket=119518266 oldSL=4344.82 newSL=4347.81 reason=hedge_giveback_lock;MANAGE_PROFIT;SAFE;2;0;1;-1;-1;4344.60;-9.37;3.20;4.77;-13.32;KELLY_LITE;true;0.04;213079.37;0.0417;KELLY_LITE(mult=1.40 taper=1.00 n=20)+HARD_RISK_CAP(2.0%)+MAXLOSS_CAP;213079.37;213070.00;33;0
2026.08.14 09:55:17;XAUUSD;5;1786669218;SL_MODIFIED;ticket=119518266 oldSL=4347.81 newSL=4347.94 reason=hedge_giveback_lock;MANAGE_PROFIT;SAFE;2;0;1;-1;-1;4344.60;-9.32;3.55;4.77;-13.32;KELLY_LITE;true;0.04;213079.37;0.0417;KELLY_LITE(mult=1.40 taper=1.00 n=20)+HARD_RISK_CAP(2.0%)+MAXLOSS_CAP;213079.37;213070.05;36;0
2026.08.14 09:55:17;XAUUSD;5;1786669218;SL_MODIFIED;ticket=119518266 oldSL=4347.94 newSL=4348.01 reason=hedge_giveback_lock;MANAGE_PROFIT;SAFE;2;0;1;-1;-1;4344.60;-9.12;4.05;4.77;-13.32;KELLY_LITE;true;0.04;213079.37;0.0417;KELLY_LITE(mult=1.40 taper=1.00 n=20)+HARD_RISK_CAP(2.0%)+MAXLOSS_CAP;213079.37;213070.25;36;0
2026.08.14 09:55:17;XAUUSD;5;1786669218;SL_MODIFIED;ticket=119518266 oldSL=4348.01 newSL=4348.11 reason=hedge_giveback_lock;MANAGE_PROFIT;SAFE;2;0;1;-1;-1;4344.60;-9.10;4.10;4.77;-13.32;KELLY_LITE;true;0.04;213079.37;0.0417;KELLY_LITE(mult=1.40 taper=1.00 n=20)+HARD_RISK_CAP(2.0%)+MAXLOSS_CAP;213079.37;213070.27;36;0
2026.08.14 09:55:21;XAUUSD;5;1786669218;SL_MODIFIED;ticket=119518266 oldSL=4348.11 newSL=4348.18 reason=hedge_giveback_lock;MANAGE_PROFIT;SAFE;2;0;1;-1;-1;4344.60;-8.90;4.60;4.77;-13.32;KELLY_LITE;true;0.04;213079.37;0.0417;KELLY_LITE(mult=1.40 taper=1.00 n=20)+HARD_RISK_CAP(2.0%)+MAXLOSS_CAP;213079.37;213070.47;36;0
2026.08.14 09:55:21;XAUUSD;5;1786669218;SL_MODIFIED;ticket=119518266 oldSL=4348.18 newSL=4348.22 reason=hedge_giveback_lock;MANAGE_PROFIT;SAFE;2;0;1;-1;-1;4344.60;-8.90;4.60;4.77;-13.32;KELLY_LITE;true;0.04;213079.37;0.0417;KELLY_LITE(mult=1.40 taper=1.00 n=20)+HARD_RISK_CAP(2.0%)+MAXLOSS_CAP;213079.37;213070.47;36;0
2026.08.14 09:55:25;XAUUSD;5;1786669218;SL_MODIFY_FAILED;ticket=119518266 newSL=4348.27 reason=hedge_giveback_lock err=0;MANAGE_PROFIT;SAFE;2;0;1;-1;-1;4344.60;-9.10;4.10;4.77;-13.32;KELLY_LITE;true;0.04;213079.37;0.0417;KELLY_LITE(mult=1.40 taper=1.00 n=20)+HARD_RISK_CAP(2.0%)+MAXLOSS_CAP;213079.37;213070.27;36;0
2026.08.14 09:55:28;XAUUSD;5;1786669218;POSITION_CLOSED;ticket=119518266 reason=hedge_reversal_giveback_cap lots=0.05 price=4348.25 pnl=2.15;MANAGE_PROFIT;SAFE;1;0;1;-1;-1;4344.60;-12.00;-12.00;4.77;-13.32;KELLY_LITE;true;0.04;213079.37;0.0417;KELLY_LITE(mult=1.40 taper=1.00 n=20)+HARD_RISK_CAP(2.0%)+MAXLOSS_CAP;213081.47;213069.47;36;0
2026.08.14 09:55:28;XAUUSD;5;1786669218;HEDGE_CLOSED_REVERSAL;profit=2.15 peak=4.85 giveback=2.70 cap=2.50 reason=giveback_cap ok=1;MANAGE_PROFIT;SAFE;1;0;1;-1;-1;4344.60;-12.00;-12.00;4.77;-13.32;KELLY_LITE;true;0.04;213079.37;0.0417;KELLY_LITE(mult=1.40 taper=1.00 n=20)+HARD_RISK_CAP(2.0%)+MAXLOSS_CAP;213081.47;213069.47;36;0
2026.08.14 09:55:28;XAUUSD;5;1786669218;EXIT_TIME_LOSS_CONFIRMED;held=11 profit=-12.00 rsi=63.4;MANAGE_PROFIT;SAFE;1;0;1;-1;-1;4344.60;-12.00;-12.00;4.77;-13.32;KELLY_LITE;true;0.04;213079.37;0.0417;KELLY_LITE(mult=1.40 taper=1.00 n=20)+HARD_RISK_CAP(2.0%)+MAXLOSS_CAP;213081.47;213069.47;36;0
2026.08.14 09:55:28;XAUUSD;5;1786669218;POSITION_CLOSED;ticket=119518209 reason=time_loss_exit_confirmed lots=0.03 price=4348.60 pnl=-12.00;MANAGE_PROFIT;SAFE;0;0;1;-1;-1;4344.60;0.00;0.00;4.77;-13.32;KELLY_LITE;true;0.04;213079.37;0.0417;KELLY_LITE(mult=1.40 taper=1.00 n=20)+HARD_RISK_CAP(2.0%)+MAXLOSS_CAP;213069.47;213069.47;36;0
2026.08.14 09:55:28;XAUUSD;5;1786669218;LOSS_COOLDOWN_AFTER_LOSS;cyclePnL=-9.90 pauseUntil=2026.08.14 10:00:28;RESET;SAFE;0;0;0;-1;-1;4344.60;0.00;0.00;4.77;-13.32;KELLY_LITE;true;0.04;213079.37;0.0417;KELLY_LITE(mult=1.40 taper=1.00 n=20)+HARD_RISK_CAP(2.0%)+MAXLOSS_CAP;213069.47;213069.47;36;0
2026.08.14 09:55:28;XAUUSD;5;1786669218;CYCLE_RESET;oldState=RESET realizedPnL=-9.90 peak=4.77 worst=-13.32 pyramid=0 consLosses=1;RESET;SAFE;0;0;0;-1;-1;4344.60;0.00;0.00;4.77;-13.32;KELLY_LITE;true;0.04;213079.37;0.0417;KELLY_LITE(mult=1.40 taper=1.00 n=20)+HARD_RISK_CAP(2.0%)+MAXLOSS_CAP;213069.47;213069.47;36;0
2026.08.14 10:00:28;XAUUSD;5;1786669219;PLACE_PENDING_START;cycle=1786669219 trend=1 consecLosses=1 preset=AGGRESSIVE;PLACE_PENDING;SAFE;0;0;0;-1;-1;0.00;0.00;0.00;0.00;0.00;KELLY_LITE;true;0.04;213079.37;0.0417;KELLY_LITE(mult=1.40 taper=1.00 n=20)+HARD_RISK_CAP(2.0%)+MAXLOSS_CAP;213069.47;213069.47;36;0
2026.08.14 10:00:29;XAUUSD;5;1786669219;DIR_OCO_PLACED;dir=BULL ticket=119519615 price=4349.36 sl=4334.36 tp=4371.86 lot=0.04 dist=1.50;PLACE_PENDING;SAFE;0;1;0;119519615;-1;0.00;0.00;0.00;0.00;0.00;KELLY_LITE;true;0.04;213069.47;0.0417;KELLY_LITE(mult=1.30 taper=1.00 n=20)+HARD_RISK_CAP(2.0%)+MAXLOSS_CAP;213069.47;213069.47;36;0
2026.08.14 10:00:29;XAUUSD;5;1786669219;DIR_OCO_COUNTER_PLACED;dir=BEAR(counter) ticket=119519617 price=4346.02 lot=0.03;PLACE_PENDING;SAFE;0;2;0;119519615;119519617;0.00;0.00;0.00;0.00;0.00;KELLY_LITE;true;0.04;213069.47;0.0417;KELLY_LITE(mult=1.30 taper=1.00 n=20)+HARD_RISK_CAP(2.0%)+MAXLOSS_CAP;213069.47;213069.47;36;0
2026.08.14 10:00:45;XAUUSD;5;1786669219;SELL_STOP_TRAILED;Old=4346.02 New=4346.41;WAIT_TRIGGER;SAFE;0;2;0;119519615;119519617;0.00;0.00;0.00;0.00;0.00;KELLY_LITE;true;0.04;213069.47;0.0417;KELLY_LITE(mult=1.30 taper=1.00 n=20)+HARD_RISK_CAP(2.0%)+MAXLOSS_CAP;213069.47;213069.47;36;0
2026.08.14 10:00:54;XAUUSD;5;1786669219;SELL_STOP_TRAILED;Old=4346.41 New=4346.75;WAIT_TRIGGER;SAFE;0;2;0;119519615;119519617;0.00;0.00;0.00;0.00;0.00;KELLY_LITE;true;0.04;213069.47;0.0417;KELLY_LITE(mult=1.30 taper=1.00 n=20)+HARD_RISK_CAP(2.0%)+MAXLOSS_CAP;213069.47;213069.47;36;0
2026.08.14 10:01:00;XAUUSD;5;1786669219;SELL_STOP_TRAILED;Old=4346.75 New=4347.07;WAIT_TRIGGER;SAFE;0;2;0;119519615;119519617;0.00;0.00;0.00;0.00;0.00;KELLY_LITE;true;0.04;213069.47;0.0417;KELLY_LITE(mult=1.30 taper=1.00 n=20)+HARD_RISK_CAP(2.0%)+MAXLOSS_CAP;213069.47;213069.47;36;0
2026.08.14 10:05:09;XAUUSD;5;1786669219;BUY_STOP_TRAILED;Old=4349.36 New=4349.03;WAIT_TRIGGER;SAFE;1;1;0;119519615;119519617;0.00;-0.96;-0.96;0.00;0.00;KELLY_LITE;true;0.04;213069.47;0.0417;KELLY_LITE(mult=1.30 taper=1.00 n=20)+HARD_RISK_CAP(2.0%)+MAXLOSS_CAP;213069.47;213068.51;36;0
2026.08.14 10:05:09;XAUUSD;5;1786669219;OCO_TRIGGERED_SELL;ticket=119519617 entry=4347.07;POSITION_ACTIVE;SAFE;1;1;0;119519615;-1;0.00;-0.96;-0.96;0.00;0.00;KELLY_LITE;true;0.04;213069.47;0.0417;KELLY_LITE(mult=1.30 taper=1.00 n=20)+HARD_RISK_CAP(2.0%)+MAXLOSS_CAP;213069.47;213068.51;36;0
2026.08.14 10:05:09;XAUUSD;5;1786669219;PENDING_DELETED;ticket=119519615 reason=oco_sell_triggered;POSITION_ACTIVE;SAFE;1;0;0;119519615;-1;0.00;-0.33;-0.33;0.00;0.00;KELLY_LITE;true;0.04;213069.47;0.0417;KELLY_LITE(mult=1.30 taper=1.00 n=20)+HARD_RISK_CAP(2.0%)+MAXLOSS_CAP;213069.47;213069.14;36;0
2026.08.14 10:05:10;XAUUSD;5;1786669219;HEDGE_PENDING_PLACED;dir=BUY_STOP ticket=119519777 price=4350.18 sl=4347.18 lot=0.05 mainEntry=4347.07 dist=3.00 confirmBars=1;POSITION_ACTIVE;SAFE;1;1;1;-1;-1;4347.07;-0.12;-0.12;0.00;-0.33;KELLY_LITE;true;0.04;213069.47;0.0417;KELLY_LITE(mult=1.30 taper=1.00 n=20)+HARD_RISK_CAP(2.0%)+MAXLOSS_CAP;213069.47;213069.35;36;0
2026.08.14 10:14:52;XAUUSD;5;1786669219;SL_MODIFIED;ticket=119519777 oldSL=4347.18 newSL=4350.20 reason=hedge_giveback_lock;MANAGE_PROFIT;SAFE;2;0;1;-1;-1;4347.07;-9.20;3.40;1.95;-12.39;KELLY_LITE;true;0.04;213069.47;0.0417;KELLY_LITE(mult=1.30 taper=1.00 n=20)+HARD_RISK_CAP(2.0%)+MAXLOSS_CAP;213069.47;213060.27;36;0
2026.08.14 10:14:52;XAUUSD;5;1786669219;SL_MODIFY_FAILED;ticket=119519777 newSL=4350.33 reason=hedge_giveback_lock err=0;MANAGE_PROFIT;SAFE;2;0;1;-1;-1;4347.07;-9.91;1.25;1.95;-12.39;KELLY_LITE;true;0.04;213069.47;0.0417;KELLY_LITE(mult=1.30 taper=1.00 n=20)+HARD_RISK_CAP(2.0%)+MAXLOSS_CAP;213069.47;213059.56;36;0
2026.08.14 10:14:54;XAUUSD;5;1786669219;SL_MODIFIED;ticket=119519777 oldSL=4350.20 newSL=4350.24 reason=hedge_giveback_lock;MANAGE_PROFIT;SAFE;2;0;1;-1;-1;4347.07;-9.21;3.00;1.95;-12.39;KELLY_LITE;true;0.04;213069.47;0.0417;KELLY_LITE(mult=1.30 taper=1.00 n=20)+HARD_RISK_CAP(2.0%)+MAXLOSS_CAP;213069.47;213060.26;36;0
2026.08.14 10:14:55;XAUUSD;5;1786669219;SL_MODIFIED;ticket=119519777 oldSL=4350.24 newSL=4350.26 reason=hedge_giveback_lock;MANAGE_PROFIT;SAFE;2;0;1;-1;-1;4347.07;-9.21;3.00;1.95;-12.39;KELLY_LITE;true;0.04;213069.47;0.0417;KELLY_LITE(mult=1.30 taper=1.00 n=20)+HARD_RISK_CAP(2.0%)+MAXLOSS_CAP;213069.47;213060.26;36;0
2026.08.14 10:14:56;XAUUSD;5;1786669219;SL_MODIFIED;ticket=119519777 oldSL=4350.26 newSL=4350.32 reason=hedge_giveback_lock (retry buf=3pt);MANAGE_PROFIT;SAFE;2;0;1;-1;-1;4347.07;-9.07;3.35;1.95;-12.39;KELLY_LITE;true;0.04;213069.47;0.0417;KELLY_LITE(mult=1.30 taper=1.00 n=20)+HARD_RISK_CAP(2.0%)+MAXLOSS_CAP;213069.47;213060.40;36;0
2026.08.14 10:15:03;XAUUSD;5;1786669219;SL_MODIFIED;ticket=119519777 oldSL=4350.32 newSL=4350.41 reason=hedge_giveback_lock;MANAGE_PROFIT;SAFE;2;0;1;-1;-1;4347.07;-9.27;2.85;1.95;-12.39;KELLY_LITE;true;0.04;213069.47;0.0417;KELLY_LITE(mult=1.30 taper=1.00 n=20)+HARD_RISK_CAP(2.0%)+MAXLOSS_CAP;213069.47;213060.20;36;0
2026.08.14 10:15:14;XAUUSD;5;1786669219;SL_MODIFIED;ticket=119519777 oldSL=4350.41 newSL=4350.43 reason=hedge_giveback_lock;MANAGE_PROFIT;SAFE;2;0;1;-1;-1;4347.07;-8.87;3.85;1.95;-12.39;KELLY_LITE;true;0.04;213069.47;0.0417;KELLY_LITE(mult=1.30 taper=1.00 n=20)+HARD_RISK_CAP(2.0%)+MAXLOSS_CAP;213069.47;213060.60;36;0
2026.08.14 10:15:22;XAUUSD;5;1786669219;SL_MODIFIED;ticket=119519777 oldSL=4350.43 newSL=4350.46 reason=hedge_giveback_lock;MANAGE_PROFIT;SAFE;2;0;1;-1;-1;4347.07;-8.73;4.20;1.95;-12.39;KELLY_LITE;true;0.04;213069.47;0.0417;KELLY_LITE(mult=1.30 taper=1.00 n=20)+HARD_RISK_CAP(2.0%)+MAXLOSS_CAP;213069.47;213060.74;36;0
2026.08.14 10:15:22;XAUUSD;5;1786669219;SL_MODIFY_FAILED;ticket=119519777 newSL=4350.50 reason=hedge_giveback_lock err=0;MANAGE_PROFIT;SAFE;2;0;1;-1;-1;4347.07;-8.97;3.60;1.95;-12.39;KELLY_LITE;true;0.04;213069.47;0.0417;KELLY_LITE(mult=1.30 taper=1.00 n=20)+HARD_RISK_CAP(2.0%)+MAXLOSS_CAP;213069.47;213060.50;36;0
2026.08.14 10:15:27;XAUUSD;5;1786669219;SL_MODIFIED;ticket=119519777 oldSL=4350.46 newSL=4351.02 reason=hedge_giveback_lock;MANAGE_PROFIT;SAFE;2;0;1;-1;-1;4347.07;-7.45;7.40;1.95;-12.39;KELLY_LITE;true;0.04;213069.47;0.0417;KELLY_LITE(mult=1.30 taper=1.00 n=20)+HARD_RISK_CAP(2.0%)+MAXLOSS_CAP;213069.47;213062.02;36;0
2026.08.14 10:15:29;XAUUSD;5;1786669219;SL_MODIFIED;ticket=119519777 oldSL=4351.02 newSL=4351.05 reason=hedge_giveback_lock;MANAGE_PROFIT;SAFE;2;0;1;-1;-1;4347.07;-7.07;8.35;1.95;-12.39;KELLY_LITE;true;0.04;213069.47;0.0417;KELLY_LITE(mult=1.30 taper=1.00 n=20)+HARD_RISK_CAP(2.0%)+MAXLOSS_CAP;213069.47;213062.40;36;0
2026.08.14 10:15:31;XAUUSD;5;1786669219;SL_MODIFIED;ticket=119519777 oldSL=4351.05 newSL=4351.08 reason=hedge_giveback_lock;MANAGE_PROFIT;SAFE;2;0;1;-1;-1;4347.07;-7.27;6.60;1.95;-12.39;KELLY_LITE;true;0.04;213069.47;0.0417;KELLY_LITE(mult=1.30 taper=1.00 n=20)+HARD_RISK_CAP(2.0%)+MAXLOSS_CAP;213069.47;213062.20;36;0
2026.08.14 10:15:36;XAUUSD;5;1786669219;SL_MODIFIED;ticket=119519777 oldSL=4351.08 newSL=4351.25 reason=hedge_giveback_lock;MANAGE_PROFIT;SAFE;2;0;1;-1;-1;4347.07;-7.15;8.15;1.95;-12.39;KELLY_LITE;true;0.04;213069.47;0.0417;KELLY_LITE(mult=1.30 taper=1.00 n=20)+HARD_RISK_CAP(2.0%)+MAXLOSS_CAP;213069.47;213062.32;36;0
2026.08.14 10:15:36;XAUUSD;5;1786669219;SL_MODIFIED;ticket=119519777 oldSL=4351.25 newSL=4351.29 reason=hedge_giveback_lock;MANAGE_PROFIT;SAFE;2;0;1;-1;-1;4347.07;-7.13;8.20;1.95;-12.39;KELLY_LITE;true;0.04;213069.47;0.0417;KELLY_LITE(mult=1.30 taper=1.00 n=20)+HARD_RISK_CAP(2.0%)+MAXLOSS_CAP;213069.47;213062.34;36;0
2026.08.14 10:15:47;XAUUSD;5;1786669219;POSITION_CLOSED;ticket=119519777 reason=hedge_reversal_giveback_cap lots=0.05 price=4351.34 pnl=5.80;MANAGE_PROFIT;SAFE;1;0;1;-1;-1;4347.07;-14.31;-14.31;1.95;-12.39;KELLY_LITE;true;0.04;213069.47;0.0417;KELLY_LITE(mult=1.30 taper=1.00 n=20)+HARD_RISK_CAP(2.0%)+MAXLOSS_CAP;213075.47;213061.16;36;0
2026.08.14 10:15:47;XAUUSD;5;1786669219;HEDGE_CLOSED_REVERSAL;profit=5.80 peak=8.35 giveback=2.55 cap=2.50 reason=giveback_cap ok=1;MANAGE_PROFIT;SAFE;1;0;1;-1;-1;4347.07;-14.31;-14.31;1.95;-12.39;KELLY_LITE;true;0.04;213069.47;0.0417;KELLY_LITE(mult=1.30 taper=1.00 n=20)+HARD_RISK_CAP(2.0%)+MAXLOSS_CAP;213075.47;213061.16;36;0
2026.08.14 10:15:47;XAUUSD;5;1786669219;EXIT_TIME_LOSS_CONFIRMED;held=10 profit=-14.31 rsi=66.7;MANAGE_PROFIT;SAFE;1;0;1;-1;-1;4347.07;-14.31;-14.31;1.95;-14.31;KELLY_LITE;true;0.04;213069.47;0.0417;KELLY_LITE(mult=1.30 taper=1.00 n=20)+HARD_RISK_CAP(2.0%)+MAXLOSS_CAP;213075.47;213061.16;36;0
2026.08.14 10:15:48;XAUUSD;5;1786669219;POSITION_CLOSED;ticket=119519617 reason=time_loss_exit_confirmed lots=0.03 price=4351.84 pnl=-14.31;MANAGE_PROFIT;SAFE;0;0;1;-1;-1;4347.07;0.00;0.00;1.95;-14.31;KELLY_LITE;true;0.04;213069.47;0.0417;KELLY_LITE(mult=1.30 taper=1.00 n=20)+HARD_RISK_CAP(2.0%)+MAXLOSS_CAP;213061.19;213061.19;36;0
2026.08.14 10:15:48;XAUUSD;5;1786669219;LOSS_COOLDOWN_AFTER_LOSS;cyclePnL=-8.28 pauseUntil=2026.08.14 10:20:48;RESET;SAFE;0;0;0;-1;-1;4347.07;0.00;0.00;1.95;-14.31;KELLY_LITE;true;0.04;213069.47;0.0417;KELLY_LITE(mult=1.30 taper=1.00 n=20)+HARD_RISK_CAP(2.0%)+MAXLOSS_CAP;213061.19;213061.19;36;0
2026.08.14 10:15:48;XAUUSD;5;1786669219;CYCLE_RESET;oldState=RESET realizedPnL=-8.28 peak=1.95 worst=-14.31 pyramid=0 consLosses=2;RESET;SAFE;0;0;0;-1;-1;4347.07;0.00;0.00;1.95;-14.31;KELLY_LITE;true;0.04;213069.47;0.0417;KELLY_LITE(mult=1.30 taper=1.00 n=20)+HARD_RISK_CAP(2.0%)+MAXLOSS_CAP;213061.19;213061.19;36;0
2026.08.14 10:20:48;XAUUSD;5;1786669220;PLACE_PENDING_START;cycle=1786669220 trend=1 consecLosses=2 preset=AGGRESSIVE;PLACE_PENDING;SAFE;0;0;0;-1;-1;0.00;0.00;0.00;0.00;0.00;KELLY_LITE;true;0.04;213069.47;0.0417;KELLY_LITE(mult=1.30 taper=1.00 n=20)+HARD_RISK_CAP(2.0%)+MAXLOSS_CAP;213061.19;213061.19;36;0
2026.08.14 10:20:48;XAUUSD;5;1786669220;DIR_OCO_PLACED;dir=BULL ticket=119520655 price=4353.09 sl=4338.09 tp=4375.59 lot=0.04 dist=1.50;PLACE_PENDING;SAFE;0;1;0;119520655;-1;0.00;0.00;0.00;0.00;0.00;KELLY_LITE;true;0.04;213061.19;0.0417;KELLY_LITE(mult=1.30 taper=1.00 n=20)+CONSEC_REDUCE(0.50)+HARD_RISK_CAP(2.0%)+MAXLOSS_CAP;213061.19;213061.19;36;0
2026.08.14 10:20:48;XAUUSD;5;1786669220;DIR_OCO_COUNTER_PLACED;dir=BEAR(counter) ticket=119520657 price=4349.73 lot=0.03;PLACE_PENDING;SAFE;0;2;0;119520655;119520657;0.00;0.00;0.00;0.00;0.00;KELLY_LITE;true;0.04;213061.19;0.0417;KELLY_LITE(mult=1.30 taper=1.00 n=20)+CONSEC_REDUCE(0.50)+HARD_RISK_CAP(2.0%)+MAXLOSS_CAP;213061.19;213061.19;36;0
2026.08.14 10:21:09;XAUUSD;5;1786669220;SELL_STOP_TRAILED;Old=4349.73 New=4350.04;WAIT_TRIGGER;SAFE;0;2;0;119520655;119520657;0.00;0.00;0.00;0.00;0.00;KELLY_LITE;true;0.04;213061.19;0.0417;KELLY_LITE(mult=1.30 taper=1.00 n=20)+CONSEC_REDUCE(0.50)+HARD_RISK_CAP(2.0%)+MAXLOSS_CAP;213061.19;213061.19;35;0
2026.08.14 10:21:39;XAUUSD;5;1786669220;SELL_STOP_TRAILED;Old=4350.04 New=4350.71;WAIT_TRIGGER;SAFE;0;2;0;119520655;119520657;0.00;0.00;0.00;0.00;0.00;KELLY_LITE;true;0.04;213061.19;0.0417;KELLY_LITE(mult=1.30 taper=1.00 n=20)+CONSEC_REDUCE(0.50)+HARD_RISK_CAP(2.0%)+MAXLOSS_CAP;213061.19;213061.19;33;0
2026.08.14 10:21:45;XAUUSD;5;1786669220;BUY_STOP_TRAILED;Old=4353.09 New=4352.73;WAIT_TRIGGER;SAFE;0;2;0;119520655;119520657;0.00;0.00;0.00;0.00;0.00;KELLY_LITE;true;0.04;213061.19;0.0417;KELLY_LITE(mult=1.30 taper=1.00 n=20)+CONSEC_REDUCE(0.50)+HARD_RISK_CAP(2.0%)+MAXLOSS_CAP;213061.19;213061.19;36;0
2026.08.14 10:22:04;XAUUSD;5;1786669220;OCO_TRIGGERED_SELL;ticket=119520657 entry=4350.71;POSITION_ACTIVE;SAFE;1;1;0;119520655;-1;0.00;0.00;-1.08;0.00;0.00;KELLY_LITE;true;0.04;213061.19;0.0417;KELLY_LITE(mult=1.30 taper=1.00 n=20)+CONSEC_REDUCE(0.50)+HARD_RISK_CAP(2.0%)+MAXLOSS_CAP;213061.19;213061.19;36;0
2026.08.14 10:22:05;XAUUSD;5;1786669220;PENDING_DELETED;ticket=119520655 reason=oco_sell_triggered;POSITION_ACTIVE;SAFE;1;0;0;119520655;-1;0.00;-1.11;-1.11;0.00;0.00;KELLY_LITE;true;0.04;213061.19;0.0417;KELLY_LITE(mult=1.30 taper=1.00 n=20)+CONSEC_REDUCE(0.50)+HARD_RISK_CAP(2.0%)+MAXLOSS_CAP;213061.19;213060.08;36;0
2026.08.14 10:22:05;XAUUSD;5;1786669220;HEDGE_BLOCK_CONFIRM;need=1 adverse bars;POSITION_ACTIVE;SAFE;1;0;1;-1;-1;4350.71;-1.11;-1.11;0.00;-1.11;KELLY_LITE;true;0.04;213061.19;0.0417;KELLY_LITE(mult=1.30 taper=1.00 n=20)+CONSEC_REDUCE(0.50)+HARD_RISK_CAP(2.0%)+MAXLOSS_CAP;213061.19;213060.08;36;0
2026.08.14 10:22:35;XAUUSD;5;1786669220;HEDGE_BLOCK_CONFIRM;need=1 adverse bars;MANAGE_PROFIT;SAFE;1;0;1;-1;-1;4350.71;-0.27;-0.27;0.57;-1.11;KELLY_LITE;true;0.04;213061.19;0.0417;KELLY_LITE(mult=1.30 taper=1.00 n=20)+CONSEC_REDUCE(0.50)+HARD_RISK_CAP(2.0%)+MAXLOSS_CAP;213061.19;213060.92;36;0
2026.08.14 10:23:05;XAUUSD;5;1786669220;HEDGE_BLOCK_CONFIRM;need=1 adverse bars;MANAGE_PROFIT;SAFE;1;0;1;-1;-1;4350.71;-0.06;-0.06;0.57;-1.71;KELLY_LITE;true;0.04;213061.19;0.0417;KELLY_LITE(mult=1.30 taper=1.00 n=20)+CONSEC_REDUCE(0.50)+HARD_RISK_CAP(2.0%)+MAXLOSS_CAP;213061.19;213061.13;36;0
2026.08.14 10:23:35;XAUUSD;5;1786669220;HEDGE_BLOCK_CONFIRM;need=1 adverse bars;MANAGE_PROFIT;SAFE;1;0;1;-1;-1;4350.71;0.30;0.30;0.66;-1.71;KELLY_LITE;true;0.04;213061.19;0.0417;KELLY_LITE(mult=1.30 taper=1.00 n=20)+CONSEC_REDUCE(0.50)+HARD_RISK_CAP(2.0%)+MAXLOSS_CAP;213061.19;213061.49;36;0
2026.08.14 10:24:05;XAUUSD;5;1786669220;HEDGE_BLOCK_CONFIRM;need=1 adverse bars;MANAGE_PROFIT;SAFE;1;0;1;-1;-1;4350.71;0.75;0.75;1.14;-1.71;KELLY_LITE;true;0.04;213061.19;0.0417;KELLY_LITE(mult=1.30 taper=1.00 n=20)+CONSEC_REDUCE(0.50)+HARD_RISK_CAP(2.0%)+MAXLOSS_CAP;213061.19;213061.94;36;0
2026.08.14 10:24:35;XAUUSD;5;1786669220;HEDGE_BLOCK_CONFIRM;need=1 adverse bars;MANAGE_PROFIT;SAFE;1;0;1;-1;-1;4350.71;0.99;0.99;1.74;-1.71;KELLY_LITE;true;0.04;213061.19;0.0417;KELLY_LITE(mult=1.30 taper=1.00 n=20)+CONSEC_REDUCE(0.50)+HARD_RISK_CAP(2.0%)+MAXLOSS_CAP;213061.19;213062.18;36;0
2026.08.14 10:25:00;XAUUSD;5;1786669220;HEDGE_PENDING_PLACED;dir=BUY_STOP ticket=119520862 price=4355.54 sl=4352.54 lot=0.05 mainEntry=4350.71 dist=3.00 confirmBars=1;MANAGE_PROFIT;SAFE;1;1;1;-1;-1;4350.71;-5.49;-5.49;1.74;-5.46;KELLY_LITE;true;0.04;213061.19;0.0417;KELLY_LITE(mult=1.30 taper=1.00 n=20)+CONSEC_REDUCE(0.50)+HARD_RISK_CAP(2.0%)+MAXLOSS_CAP;213061.19;213055.70;36;0
2026.08.14 10:36:12;XAUUSD;5;1786669220;EXIT_TIME_LOSS_CONFIRMED;held=14 profit=-12.00 rsi=68.7;MANAGE_PROFIT;SAFE;1;1;1;-1;-1;4350.71;-12.00;-12.00;1.74;-12.00;KELLY_LITE;true;0.04;213061.19;0.0417;KELLY_LITE(mult=1.30 taper=1.00 n=20)+CONSEC_REDUCE(0.50)+HARD_RISK_CAP(2.0%)+MAXLOSS_CAP;213061.19;213049.19;33;0
2026.08.14 10:36:12;XAUUSD;5;1786669220;POSITION_CLOSED;ticket=119520657 reason=time_loss_exit_confirmed lots=0.03 price=4354.71 pnl=-12.00;MANAGE_PROFIT;SAFE;0;1;1;-1;-1;4350.71;0.00;0.00;1.74;-12.00;KELLY_LITE;true;0.04;213061.19;0.0417;KELLY_LITE(mult=1.30 taper=1.00 n=20)+CONSEC_REDUCE(0.50)+HARD_RISK_CAP(2.0%)+MAXLOSS_CAP;213048.89;213048.89;36;0
2026.08.14 10:36:13;XAUUSD;5;1786669220;PENDING_DELETED;ticket=119520862 reason=close_all_hedge;MANAGE_PROFIT;SAFE;0;0;0;-1;-1;4350.71;0.00;0.00;1.74;-12.00;KELLY_LITE;true;0.04;213061.19;0.0417;KELLY_LITE(mult=1.30 taper=1.00 n=20)+CONSEC_REDUCE(0.50)+HARD_RISK_CAP(2.0%)+MAXLOSS_CAP;213048.89;213048.89;36;0
2026.08.14 10:36:13;XAUUSD;5;1786669220;LOSS_COOLDOWN_AFTER_LOSS;cyclePnL=-12.30 pauseUntil=2026.08.14 10:41:13;RESET;SAFE;0;0;0;-1;-1;4350.71;0.00;0.00;1.74;-12.00;KELLY_LITE;true;0.04;213061.19;0.0417;KELLY_LITE(mult=1.30 taper=1.00 n=20)+CONSEC_REDUCE(0.50)+HARD_RISK_CAP(2.0%)+MAXLOSS_CAP;213048.89;213048.89;36;0
2026.08.14 10:36:13;XAUUSD;5;1786669220;CONSECUTIVE_LOSS_PAUSE;losses=3 pauseUntil=2026.08.14 10:51:13;RESET;SAFE;0;0;0;-1;-1;4350.71;0.00;0.00;1.74;-12.00;KELLY_LITE;true;0.04;213061.19;0.0417;KELLY_LITE(mult=1.30 taper=1.00 n=20)+CONSEC_REDUCE(0.50)+HARD_RISK_CAP(2.0%)+MAXLOSS_CAP;213048.89;213048.89;36;0
2026.08.14 10:36:13;XAUUSD;5;1786669220;CYCLE_RESET;oldState=RESET realizedPnL=-12.30 peak=1.74 worst=-12.00 pyramid=0 consLosses=3;RESET;SAFE;0;0;0;-1;-1;4350.71;0.00;0.00;1.74;-12.00;KELLY_LITE;true;0.04;213061.19;0.0417;KELLY_LITE(mult=1.30 taper=1.00 n=20)+CONSEC_REDUCE(0.50)+HARD_RISK_CAP(2.0%)+MAXLOSS_CAP;213048.89;213048.89;36;0
2026.08.14 10:51:13;XAUUSD;5;1786669221;PLACE_PENDING_START;cycle=1786669221 trend=1 consecLosses=3 preset=AGGRESSIVE;PLACE_PENDING;SAFE;0;0;0;-1;-1;0.00;0.00;0.00;0.00;0.00;KELLY_LITE;true;0.04;213061.19;0.0417;KELLY_LITE(mult=1.30 taper=1.00 n=20)+CONSEC_REDUCE(0.50)+HARD_RISK_CAP(2.0%)+MAXLOSS_CAP;213048.89;213048.89;30;0
2026.08.14 10:51:14;XAUUSD;5;1786669221;DIR_OCO_PLACED;dir=BULL ticket=119522105 price=4355.71 sl=4340.71 tp=4378.21 lot=0.04 dist=1.50;PLACE_PENDING;SAFE;0;1;0;119522105;-1;0.00;0.00;0.00;0.00;0.00;KELLY_LITE;true;0.04;213048.89;0.0417;KELLY_LITE(mult=1.20 taper=1.00 n=20)+CONSEC_REDUCE(0.50)+HARD_RISK_CAP(2.0%)+MAXLOSS_CAP;213048.89;213048.89;30;0
2026.08.14 10:51:14;XAUUSD;5;1786669221;DIR_OCO_COUNTER_PLACED;dir=BEAR(counter) ticket=119522108 price=4352.41 lot=0.03;PLACE_PENDING;SAFE;0;2;0;119522105;119522108;0.00;0.00;0.00;0.00;0.00;KELLY_LITE;true;0.04;213048.89;0.0417;KELLY_LITE(mult=1.20 taper=1.00 n=20)+CONSEC_REDUCE(0.50)+HARD_RISK_CAP(2.0%)+MAXLOSS_CAP;213048.89;213048.89;30;0
2026.08.14 10:51:49;XAUUSD;5;1786669221;BUY_STOP_TRAILED;Old=4355.71 New=4355.40;WAIT_TRIGGER;SAFE;0;2;0;119522105;119522108;0.00;0.00;0.00;0.00;0.00;KELLY_LITE;true;0.04;213048.89;0.0417;KELLY_LITE(mult=1.20 taper=1.00 n=20)+CONSEC_REDUCE(0.50)+HARD_RISK_CAP(2.0%)+MAXLOSS_CAP;213048.89;213048.89;33;0
2026.08.14 10:52:06;XAUUSD;5;1786669221;BUY_STOP_TRAILED;Old=4355.40 New=4355.08;WAIT_TRIGGER;SAFE;0;2;0;119522105;119522108;0.00;0.00;0.00;0.00;0.00;KELLY_LITE;true;0.04;213048.89;0.0417;KELLY_LITE(mult=1.20 taper=1.00 n=20)+CONSEC_REDUCE(0.50)+HARD_RISK_CAP(2.0%)+MAXLOSS_CAP;213048.89;213048.89;33;0
2026.08.14 10:52:40;XAUUSD;5;1786669221;SELL_STOP_TRAILED;Old=4352.41 New=4352.75;WAIT_TRIGGER;SAFE;0;2;0;119522105;119522108;0.00;0.00;0.00;0.00;0.00;KELLY_LITE;true;0.04;213048.89;0.0417;KELLY_LITE(mult=1.20 taper=1.00 n=20)+CONSEC_REDUCE(0.50)+HARD_RISK_CAP(2.0%)+MAXLOSS_CAP;213048.89;213048.89;33;0
2026.08.14 10:53:03;XAUUSD;5;1786669221;SELL_STOP_TRAILED;Old=4352.75 New=4353.06;WAIT_TRIGGER;SAFE;0;2;0;119522105;119522108;0.00;0.00;0.00;0.00;0.00;KELLY_LITE;true;0.04;213048.89;0.0417;KELLY_LITE(mult=1.20 taper=1.00 n=20)+CONSEC_REDUCE(0.50)+HARD_RISK_CAP(2.0%)+MAXLOSS_CAP;213048.89;213048.89;33;0
2026.08.14 10:54:38;XAUUSD;5;1786669221;OCO_TRIGGERED_BUY;ticket=119522105 entry=4355.08;POSITION_ACTIVE;SAFE;1;1;0;-1;119522108;0.00;0.16;-1.16;0.00;0.00;KELLY_LITE;true;0.04;213048.89;0.0417;KELLY_LITE(mult=1.20 taper=1.00 n=20)+CONSEC_REDUCE(0.50)+HARD_RISK_CAP(2.0%)+MAXLOSS_CAP;213048.89;213049.05;33;0
2026.08.14 10:54:39;XAUUSD;5;1786669221;PENDING_DELETED;ticket=119522108 reason=oco_buy_triggered;POSITION_ACTIVE;SAFE;1;0;0;-1;119522108;0.00;-1.12;-1.12;0.00;0.00;KELLY_LITE;true;0.04;213048.89;0.0417;KELLY_LITE(mult=1.20 taper=1.00 n=20)+CONSEC_REDUCE(0.50)+HARD_RISK_CAP(2.0%)+MAXLOSS_CAP;213048.89;213047.77;33;0
2026.08.14 10:54:39;XAUUSD;5;1786669221;HEDGE_PENDING_PLACED;dir=SELL_STOP ticket=119522193 price=4351.80 sl=4354.80 lot=0.05 mainEntry=4355.08 dist=3.00 confirmBars=1;POSITION_ACTIVE;SAFE;1;1;1;-1;-1;4355.08;-0.96;-0.96;0.00;-1.12;KELLY_LITE;true;0.04;213048.89;0.0417;KELLY_LITE(mult=1.20 taper=1.00 n=20)+CONSEC_REDUCE(0.50)+HARD_RISK_CAP(2.0%)+MAXLOSS_CAP;213048.89;213047.93;33;0
2026.08.14 10:59:40;XAUUSD;5;1786669221;SL_MODIFIED;ticket=119522105 oldSL=4343.08 newSL=4356.56 reason=break_even_lock_leg_0;MANAGE_PROFIT;SAFE;1;1;1;-1;-1;4355.08;8.12;8.12;8.00;-5.24;KELLY_LITE;true;0.04;213048.89;0.0417;KELLY_LITE(mult=1.20 taper=1.00 n=20)+CONSEC_REDUCE(0.50)+HARD_RISK_CAP(2.0%)+MAXLOSS_CAP;213048.89;213057.01;33;0
2026.08.14 10:59:40;XAUUSD;5;1786669221;PROFIT_RATCHET_LOCKED;floor=2.70 peak=8.00;MANAGE_PROFIT;SAFE;1;1;1;-1;-1;4355.08;8.12;8.12;8.00;-5.24;KELLY_LITE;true;0.04;213048.89;0.0417;KELLY_LITE(mult=1.20 taper=1.00 n=20)+CONSEC_REDUCE(0.50)+HARD_RISK_CAP(2.0%)+MAXLOSS_CAP;213048.89;213057.01;33;0
2026.08.14 10:59:41;XAUUSD;5;1786669221;SL_MODIFIED;ticket=119522105 oldSL=4356.56 newSL=4356.59 reason=break_even_lock_leg_0;MANAGE_PROFIT;SAFE;1;1;1;-1;-1;4355.08;8.08;8.08;8.12;-5.24;KELLY_LITE;true;0.04;213048.89;0.0417;KELLY_LITE(mult=1.20 taper=1.00 n=20)+CONSEC_REDUCE(0.50)+HARD_RISK_CAP(2.0%)+MAXLOSS_CAP;213048.89;213056.97;33;0
2026.08.14 10:59:41;XAUUSD;5;1786669221;PROFIT_RATCHET_LOCKED;floor=2.74 peak=8.12;MANAGE_PROFIT;SAFE;1;1;1;-1;-1;4355.08;8.08;8.08;8.12;-5.24;KELLY_LITE;true;0.04;213048.89;0.0417;KELLY_LITE(mult=1.20 taper=1.00 n=20)+CONSEC_REDUCE(0.50)+HARD_RISK_CAP(2.0%)+MAXLOSS_CAP;213048.89;213056.97;33;0
2026.08.14 10:59:41;XAUUSD;5;1786669221;PROFIT_RATCHET_LOCKED;floor=2.74 peak=8.12;MANAGE_PROFIT;SAFE;1;1;1;-1;-1;4355.08;8.08;8.08;8.12;-5.24;KELLY_LITE;true;0.04;213048.89;0.0417;KELLY_LITE(mult=1.20 taper=1.00 n=20)+CONSEC_REDUCE(0.50)+HARD_RISK_CAP(2.0%)+MAXLOSS_CAP;213048.89;213056.97;33;0
2026.08.14 10:59:42;XAUUSD;5;1786669221;PROFIT_RATCHET_LOCKED;floor=2.74 peak=8.12;MANAGE_PROFIT;SAFE;1;1;1;-1;-1;4355.08;7.80;7.80;8.12;-5.24;KELLY_LITE;true;0.04;213048.89;0.0417;KELLY_LITE(mult=1.20 taper=1.00 n=20)+CONSEC_REDUCE(0.50)+HARD_RISK_CAP(2.0%)+MAXLOSS_CAP;213048.89;213056.69;33;0
2026.08.14 10:59:42;XAUUSD;5;1786669221;PROFIT_RATCHET_LOCKED;floor=2.74 peak=8.12;MANAGE_PROFIT;SAFE;1;1;1;-1;-1;4355.08;7.32;7.32;8.12;-5.24;KELLY_LITE;true;0.04;213048.89;0.0417;KELLY_LITE(mult=1.20 taper=1.00 n=20)+CONSEC_REDUCE(0.50)+HARD_RISK_CAP(2.0%)+MAXLOSS_CAP;213048.89;213056.21;33;0
2026.08.14 10:59:42;XAUUSD;5;1786669221;PROFIT_RATCHET_LOCKED;floor=2.74 peak=8.12;MANAGE_PROFIT;SAFE;1;1;1;-1;-1;4355.08;7.28;7.28;8.12;-5.24;KELLY_LITE;true;0.04;213048.89;0.0417;KELLY_LITE(mult=1.20 taper=1.00 n=20)+CONSEC_REDUCE(0.50)+HARD_RISK_CAP(2.0%)+MAXLOSS_CAP;213048.89;213056.17;33;0
2026.08.14 10:59:43;XAUUSD;5;1786669221;PROFIT_RATCHET_LOCKED;floor=2.74 peak=8.12;MANAGE_PROFIT;SAFE;1;1;1;-1;-1;4355.08;7.36;7.36;8.12;-5.24;KELLY_LITE;true;0.04;213048.89;0.0417;KELLY_LITE(mult=1.20 taper=1.00 n=20)+CONSEC_REDUCE(0.50)+HARD_RISK_CAP(2.0%)+MAXLOSS_CAP;213048.89;213056.25;31;0
2026.08.14 10:59:43;XAUUSD;5;1786669221;PROFIT_RATCHET_LOCKED;floor=2.74 peak=8.12;MANAGE_PROFIT;SAFE;1;1;1;-1;-1;4355.08;7.80;7.80;8.12;-5.24;KELLY_LITE;true;0.04;213048.89;0.0417;KELLY_LITE(mult=1.20 taper=1.00 n=20)+CONSEC_REDUCE(0.50)+HARD_RISK_CAP(2.0%)+MAXLOSS_CAP;213048.89;213056.69;33;0
2026.08.14 10:59:43;XAUUSD;5;1786669221;PROFIT_RATCHET_LOCKED;floor=2.74 peak=8.12;MANAGE_PROFIT;SAFE;1;1;1;-1;-1;4355.08;7.88;7.88;8.12;-5.24;KELLY_LITE;true;0.04;213048.89;0.0417;KELLY_LITE(mult=1.20 taper=1.00 n=20)+CONSEC_REDUCE(0.50)+HARD_RISK_CAP(2.0%)+MAXLOSS_CAP;213048.89;213056.77;33;0
2026.08.14 10:59:44;XAUUSD;5;1786669221;SL_MODIFIED;ticket=119522105 oldSL=4356.59 newSL=4356.64 reason=break_even_lock_leg_0;MANAGE_PROFIT;SAFE;1;1;1;-1;-1;4355.08;8.36;8.36;8.32;-5.24;KELLY_LITE;true;0.04;213048.89;0.0417;KELLY_LITE(mult=1.20 taper=1.00 n=20)+CONSEC_REDUCE(0.50)+HARD_RISK_CAP(2.0%)+MAXLOSS_CAP;213048.89;213057.25;33;0
2026.08.14 10:59:44;XAUUSD;5;1786669221;PROFIT_RATCHET_LOCKED;floor=2.81 peak=8.32;MANAGE_PROFIT;SAFE;1;1;1;-1;-1;4355.08;8.36;8.36;8.32;-5.24;KELLY_LITE;true;0.04;213048.89;0.0417;KELLY_LITE(mult=1.20 taper=1.00 n=20)+CONSEC_REDUCE(0.50)+HARD_RISK_CAP(2.0%)+MAXLOSS_CAP;213048.89;213057.25;33;0
2026.08.14 10:59:44;XAUUSD;5;1786669221;PROFIT_RATCHET_LOCKED;floor=2.82 peak=8.36;MANAGE_PROFIT;SAFE;1;1;1;-1;-1;4355.08;8.36;8.36;8.36;-5.24;KELLY_LITE;true;0.04;213048.89;0.0417;KELLY_LITE(mult=1.20 taper=1.00 n=20)+CONSEC_REDUCE(0.50)+HARD_RISK_CAP(2.0%)+MAXLOSS_CAP;213048.89;213057.25;33;0
2026.08.14 10:59:44;XAUUSD;5;1786669221;PROFIT_RATCHET_LOCKED;floor=2.82 peak=8.36;MANAGE_PROFIT;SAFE;1;1;1;-1;-1;4355.08;8.08;8.08;8.36;-5.24;KELLY_LITE;true;0.04;213048.89;0.0417;KELLY_LITE(mult=1.20 taper=1.00 n=20)+CONSEC_REDUCE(0.50)+HARD_RISK_CAP(2.0%)+MAXLOSS_CAP;213048.89;213056.97;33;0
2026.08.14 10:59:45;XAUUSD;5;1786669221;PROFIT_RATCHET_LOCKED;floor=2.82 peak=8.36;MANAGE_PROFIT;SAFE;1;1;1;-1;-1;4355.08;8.32;8.32;8.36;-5.24;KELLY_LITE;true;0.04;213048.89;0.0417;KELLY_LITE(mult=1.20 taper=1.00 n=20)+CONSEC_REDUCE(0.50)+HARD_RISK_CAP(2.0%)+MAXLOSS_CAP;213048.89;213057.21;33;0
2026.08.14 10:59:45;XAUUSD;5;1786669221;SL_MODIFIED;ticket=119522105 oldSL=4356.64 newSL=4356.69 reason=break_even_lock_leg_0;MANAGE_PROFIT;SAFE;1;1;1;-1;-1;4355.08;8.52;8.52;8.52;-5.24;KELLY_LITE;true;0.04;213048.89;0.0417;KELLY_LITE(mult=1.20 taper=1.00 n=20)+CONSEC_REDUCE(0.50)+HARD_RISK_CAP(2.0%)+MAXLOSS_CAP;213048.89;213057.41;33;0
2026.08.14 10:59:45;XAUUSD;5;1786669221;PROFIT_RATCHET_LOCKED;floor=2.88 peak=8.52;MANAGE_PROFIT;SAFE;1;1;1;-1;-1;4355.08;8.52;8.52;8.52;-5.24;KELLY_LITE;true;0.04;213048.89;0.0417;KELLY_LITE(mult=1.20 taper=1.00 n=20)+CONSEC_REDUCE(0.50)+HARD_RISK_CAP(2.0%)+MAXLOSS_CAP;213048.89;213057.41;33;0
2026.08.14 10:59:46;XAUUSD;5;1786669221;PROFIT_RATCHET_LOCKED;floor=2.89 peak=8.56;MANAGE_PROFIT;SAFE;1;1;1;-1;-1;4355.08;8.56;8.56;8.56;-5.24;KELLY_LITE;true;0.04;213048.89;0.0417;KELLY_LITE(mult=1.20 taper=1.00 n=20)+CONSEC_REDUCE(0.50)+HARD_RISK_CAP(2.0%)+MAXLOSS_CAP;213048.89;213057.45;33;0
2026.08.14 10:59:46;XAUUSD;5;1786669221;SL_MODIFIED;ticket=119522105 oldSL=4356.69 newSL=4356.71 reason=break_even_lock_leg_0;MANAGE_PROFIT;SAFE;1;1;1;-1;-1;4355.08;8.72;8.72;8.60;-5.24;KELLY_LITE;true;0.04;213048.89;0.0417;KELLY_LITE(mult=1.20 taper=1.00 n=20)+CONSEC_REDUCE(0.50)+HARD_RISK_CAP(2.0%)+MAXLOSS_CAP;213048.89;213057.61;33;0
2026.08.14 10:59:46;XAUUSD;5;1786669221;PROFIT_RATCHET_LOCKED;floor=2.90 peak=8.60;MANAGE_PROFIT;SAFE;1;1;1;-1;-1;4355.08;8.72;8.72;8.60;-5.24;KELLY_LITE;true;0.04;213048.89;0.0417;KELLY_LITE(mult=1.20 taper=1.00 n=20)+CONSEC_REDUCE(0.50)+HARD_RISK_CAP(2.0%)+MAXLOSS_CAP;213048.89;213057.61;33;0
2026.08.14 10:59:47;XAUUSD;5;1786669221;SL_MODIFIED;ticket=119522105 oldSL=4356.71 newSL=4356.74 reason=break_even_lock_leg_0;MANAGE_PROFIT;SAFE;1;1;1;-1;-1;4355.08;8.72;8.72;8.72;-5.24;KELLY_LITE;true;0.04;213048.89;0.0417;KELLY_LITE(mult=1.20 taper=1.00 n=20)+CONSEC_REDUCE(0.50)+HARD_RISK_CAP(2.0%)+MAXLOSS_CAP;213048.89;213057.61;33;0
2026.08.14 10:59:47;XAUUSD;5;1786669221;PROFIT_RATCHET_LOCKED;floor=2.94 peak=8.72;MANAGE_PROFIT;SAFE;1;1;1;-1;-1;4355.08;8.72;8.72;8.72;-5.24;KELLY_LITE;true;0.04;213048.89;0.0417;KELLY_LITE(mult=1.20 taper=1.00 n=20)+CONSEC_REDUCE(0.50)+HARD_RISK_CAP(2.0%)+MAXLOSS_CAP;213048.89;213057.61;33;0
2026.08.14 10:59:47;XAUUSD;5;1786669221;PROFIT_RATCHET_LOCKED;floor=2.94 peak=8.72;MANAGE_PROFIT;SAFE;1;1;1;-1;-1;4355.08;8.72;8.72;8.72;-5.24;KELLY_LITE;true;0.04;213048.89;0.0417;KELLY_LITE(mult=1.20 taper=1.00 n=20)+CONSEC_REDUCE(0.50)+HARD_RISK_CAP(2.0%)+MAXLOSS_CAP;213048.89;213057.61;33;0
2026.08.14 10:59:47;XAUUSD;5;1786669221;PROFIT_RATCHET_LOCKED;floor=2.94 peak=8.72;MANAGE_PROFIT;SAFE;1;1;1;-1;-1;4355.08;8.68;8.68;8.72;-5.24;KELLY_LITE;true;0.04;213048.89;0.0417;KELLY_LITE(mult=1.20 taper=1.00 n=20)+CONSEC_REDUCE(0.50)+HARD_RISK_CAP(2.0%)+MAXLOSS_CAP;213048.89;213057.57;34;0
2026.08.14 10:59:48;XAUUSD;5;1786669221;PROFIT_RATCHET_LOCKED;floor=2.94 peak=8.72;MANAGE_PROFIT;SAFE;1;1;1;-1;-1;4355.08;8.72;8.72;8.72;-5.24;KELLY_LITE;true;0.04;213048.89;0.0417;KELLY_LITE(mult=1.20 taper=1.00 n=20)+CONSEC_REDUCE(0.50)+HARD_RISK_CAP(2.0%)+MAXLOSS_CAP;213048.89;213057.61;33;0
2026.08.14 10:59:49;XAUUSD;5;1786669221;SL_MODIFY_FAILED;ticket=119522105 newSL=4356.76 reason=break_even_lock_leg_0 err=0;MANAGE_PROFIT;SAFE;1;1;1;-1;-1;4355.08;8.68;8.68;8.80;-5.24;KELLY_LITE;true;0.04;213048.89;0.0417;KELLY_LITE(mult=1.20 taper=1.00 n=20)+CONSEC_REDUCE(0.50)+HARD_RISK_CAP(2.0%)+MAXLOSS_CAP;213048.89;213057.57;33;0
2026.08.14 10:59:49;XAUUSD;5;1786669221;PROFIT_RATCHET_LOCKED;floor=2.97 peak=8.80;MANAGE_PROFIT;SAFE;1;1;1;-1;-1;4355.08;8.68;8.68;8.80;-5.24;KELLY_LITE;true;0.04;213048.89;0.0417;KELLY_LITE(mult=1.20 taper=1.00 n=20)+CONSEC_REDUCE(0.50)+HARD_RISK_CAP(2.0%)+MAXLOSS_CAP;213048.89;213057.57;33;0
2026.08.14 10:59:49;XAUUSD;5;1786669221;PROFIT_RATCHET_LOCKED;floor=2.97 peak=8.80;MANAGE_PROFIT;SAFE;1;1;1;-1;-1;4355.08;8.68;8.68;8.80;-5.24;KELLY_LITE;true;0.04;213048.89;0.0417;KELLY_LITE(mult=1.20 taper=1.00 n=20)+CONSEC_REDUCE(0.50)+HARD_RISK_CAP(2.0%)+MAXLOSS_CAP;213048.89;213057.57;33;0
2026.08.14 10:59:49;XAUUSD;5;1786669221;SL_MODIFIED;ticket=119522105 oldSL=4356.74 newSL=4356.81 reason=break_even_lock_leg_0;MANAGE_PROFIT;SAFE;1;1;1;-1;-1;4355.08;9.08;9.08;9.00;-5.24;KELLY_LITE;true;0.04;213048.89;0.0417;KELLY_LITE(mult=1.20 taper=1.00 n=20)+CONSEC_REDUCE(0.50)+HARD_RISK_CAP(2.0%)+MAXLOSS_CAP;213048.89;213057.97;33;0
2026.08.14 10:59:49;XAUUSD;5;1786669221;PROFIT_RATCHET_LOCKED;floor=3.04 peak=9.00;MANAGE_PROFIT;SAFE;1;1;1;-1;-1;4355.08;9.08;9.08;9.00;-5.24;KELLY_LITE;true;0.04;213048.89;0.0417;KELLY_LITE(mult=1.20 taper=1.00 n=20)+CONSEC_REDUCE(0.50)+HARD_RISK_CAP(2.0%)+MAXLOSS_CAP;213048.89;213057.97;33;0
2026.08.14 10:59:49;XAUUSD;5;1786669221;PROFIT_RATCHET_LOCKED;floor=3.06 peak=9.08;MANAGE_PROFIT;SAFE;1;1;1;-1;-1;4355.08;9.08;9.08;9.08;-5.24;KELLY_LITE;true;0.04;213048.89;0.0417;KELLY_LITE(mult=1.20 taper=1.00 n=20)+CONSEC_REDUCE(0.50)+HARD_RISK_CAP(2.0%)+MAXLOSS_CAP;213048.89;213057.97;33;0
2026.08.14 10:59:50;XAUUSD;5;1786669221;PROFIT_RATCHET_LOCKED;floor=3.06 peak=9.08;MANAGE_PROFIT;SAFE;1;1;1;-1;-1;4355.08;9.00;9.00;9.08;-5.24;KELLY_LITE;true;0.04;213048.89;0.0417;KELLY_LITE(mult=1.20 taper=1.00 n=20)+CONSEC_REDUCE(0.50)+HARD_RISK_CAP(2.0%)+MAXLOSS_CAP;213048.89;213057.89;33;0
2026.08.14 10:59:51;XAUUSD;5;1786669221;SL_MODIFIED;ticket=119522105 oldSL=4356.81 newSL=4356.86 reason=break_even_lock_leg_0;MANAGE_PROFIT;SAFE;1;1;1;-1;-1;4355.08;9.16;9.16;9.20;-5.24;KELLY_LITE;true;0.04;213048.89;0.0417;KELLY_LITE(mult=1.20 taper=1.00 n=20)+CONSEC_REDUCE(0.50)+HARD_RISK_CAP(2.0%)+MAXLOSS_CAP;213048.89;213058.05;33;0
2026.08.14 10:59:51;XAUUSD;5;1786669221;PROFIT_RATCHET_LOCKED;floor=3.10 peak=9.20;MANAGE_PROFIT;SAFE;1;1;1;-1;-1;4355.08;9.16;9.16;9.20;-5.24;KELLY_LITE;true;0.04;213048.89;0.0417;KELLY_LITE(mult=1.20 taper=1.00 n=20)+CONSEC_REDUCE(0.50)+HARD_RISK_CAP(2.0%)+MAXLOSS_CAP;213048.89;213058.05;33;0
2026.08.14 10:59:51;XAUUSD;5;1786669221;PROFIT_RATCHET_LOCKED;floor=3.10 peak=9.20;MANAGE_PROFIT;SAFE;1;1;1;-1;-1;4355.08;9.16;9.16;9.20;-5.24;KELLY_LITE;true;0.04;213048.89;0.0417;KELLY_LITE(mult=1.20 taper=1.00 n=20)+CONSEC_REDUCE(0.50)+HARD_RISK_CAP(2.0%)+MAXLOSS_CAP;213048.89;213058.05;33;0
2026.08.14 10:59:51;XAUUSD;5;1786669221;PROFIT_RATCHET_LOCKED;floor=3.10 peak=9.20;MANAGE_PROFIT;SAFE;1;1;1;-1;-1;4355.08;9.00;9.00;9.20;-5.24;KELLY_LITE;true;0.04;213048.89;0.0417;KELLY_LITE(mult=1.20 taper=1.00 n=20)+CONSEC_REDUCE(0.50)+HARD_RISK_CAP(2.0%)+MAXLOSS_CAP;213048.89;213057.89;33;0
2026.08.14 10:59:51;XAUUSD;5;1786669221;PROFIT_RATCHET_LOCKED;floor=3.10 peak=9.20;MANAGE_PROFIT;SAFE;1;1;1;-1;-1;4355.08;8.32;8.32;9.20;-5.24;KELLY_LITE;true;0.04;213048.89;0.0417;KELLY_LITE(mult=1.20 taper=1.00 n=20)+CONSEC_REDUCE(0.50)+HARD_RISK_CAP(2.0%)+MAXLOSS_CAP;213048.89;213057.21;33;0
2026.08.14 10:59:51;XAUUSD;5;1786669221;PROFIT_RATCHET_LOCKED;floor=3.10 peak=9.20;MANAGE_PROFIT;SAFE;1;1;1;-1;-1;4355.08;8.16;8.16;9.20;-5.24;KELLY_LITE;true;0.04;213048.89;0.0417;KELLY_LITE(mult=1.20 taper=1.00 n=20)+CONSEC_REDUCE(0.50)+HARD_RISK_CAP(2.0%)+MAXLOSS_CAP;213048.89;213057.05;33;0
2026.08.14 10:59:51;XAUUSD;5;1786669221;PROFIT_RATCHET_LOCKED;floor=3.10 peak=9.20;MANAGE_PROFIT;SAFE;1;1;1;-1;-1;4355.08;8.44;8.44;9.20;-5.24;KELLY_LITE;true;0.04;213048.89;0.0417;KELLY_LITE(mult=1.20 taper=1.00 n=20)+CONSEC_REDUCE(0.50)+HARD_RISK_CAP(2.0%)+MAXLOSS_CAP;213048.89;213057.33;33;0
2026.08.14 10:59:52;XAUUSD;5;1786669221;PROFIT_RATCHET_LOCKED;floor=3.10 peak=9.20;MANAGE_PROFIT;SAFE;1;1;1;-1;-1;4355.08;8.96;8.96;9.20;-5.24;KELLY_LITE;true;0.04;213048.89;0.0417;KELLY_LITE(mult=1.20 taper=1.00 n=20)+CONSEC_REDUCE(0.50)+HARD_RISK_CAP(2.0%)+MAXLOSS_CAP;213048.89;213057.85;33;0
2026.08.14 10:59:53;XAUUSD;5;1786669221;PROFIT_RATCHET_LOCKED;floor=3.10 peak=9.20;MANAGE_PROFIT;SAFE;1;1;1;-1;-1;4355.08;8.92;8.92;9.20;-5.24;KELLY_LITE;true;0.04;213048.89;0.0417;KELLY_LITE(mult=1.20 taper=1.00 n=20)+CONSEC_REDUCE(0.50)+HARD_RISK_CAP(2.0%)+MAXLOSS_CAP;213048.89;213057.81;33;0
2026.08.14 10:59:55;XAUUSD;5;1786669221;PROFIT_RATCHET_LOCKED;floor=3.10 peak=9.20;MANAGE_PROFIT;SAFE;1;1;1;-1;-1;4355.08;9.00;9.00;9.20;-5.24;KELLY_LITE;true;0.04;213048.89;0.0417;KELLY_LITE(mult=1.20 taper=1.00 n=20)+CONSEC_REDUCE(0.50)+HARD_RISK_CAP(2.0%)+MAXLOSS_CAP;213048.89;213057.89;33;0
2026.08.14 10:59:55;XAUUSD;5;1786669221;PROFIT_RATCHET_LOCKED;floor=3.10 peak=9.20;MANAGE_PROFIT;SAFE;1;1;1;-1;-1;4355.08;8.12;8.12;9.20;-5.24;KELLY_LITE;true;0.04;213048.89;0.0417;KELLY_LITE(mult=1.20 taper=1.00 n=20)+CONSEC_REDUCE(0.50)+HARD_RISK_CAP(2.0%)+MAXLOSS_CAP;213048.89;213057.01;33;0
2026.08.14 10:59:55;XAUUSD;5;1786669221;PROFIT_RATCHET_LOCKED;floor=3.10 peak=9.20;MANAGE_PROFIT;SAFE;1;1;1;-1;-1;4355.08;8.08;8.08;9.20;-5.24;KELLY_LITE;true;0.04;213048.89;0.0417;KELLY_LITE(mult=1.20 taper=1.00 n=20)+CONSEC_REDUCE(0.50)+HARD_RISK_CAP(2.0%)+MAXLOSS_CAP;213048.89;213056.97;33;0
2026.08.14 10:59:56;XAUUSD;5;1786669221;PROFIT_RATCHET_LOCKED;floor=3.10 peak=9.20;MANAGE_PROFIT;SAFE;1;1;1;-1;-1;4355.08;8.04;8.04;9.20;-5.24;KELLY_LITE;true;0.04;213048.89;0.0417;KELLY_LITE(mult=1.20 taper=1.00 n=20)+CONSEC_REDUCE(0.50)+HARD_RISK_CAP(2.0%)+MAXLOSS_CAP;213048.89;213056.93;33;0
2026.08.14 10:59:57;XAUUSD;5;1786669221;PROFIT_RATCHET_LOCKED;floor=3.10 peak=9.20;MANAGE_PROFIT;SAFE;1;1;1;-1;-1;4355.08;7.72;7.72;9.20;-5.24;KELLY_LITE;true;0.04;213048.89;0.0417;KELLY_LITE(mult=1.20 taper=1.00 n=20)+CONSEC_REDUCE(0.50)+HARD_RISK_CAP(2.0%)+MAXLOSS_CAP;213048.89;213056.61;33;0
2026.08.14 10:59:57;XAUUSD;5;1786669221;PROFIT_RATCHET_LOCKED;floor=3.10 peak=9.20;MANAGE_PROFIT;SAFE;1;1;1;-1;-1;4355.08;7.64;7.64;9.20;-5.24;KELLY_LITE;true;0.04;213048.89;0.0417;KELLY_LITE(mult=1.20 taper=1.00 n=20)+CONSEC_REDUCE(0.50)+HARD_RISK_CAP(2.0%)+MAXLOSS_CAP;213048.89;213056.53;33;0
2026.08.14 10:59:58;XAUUSD;5;1786669221;PROFIT_RATCHET_LOCKED;floor=3.10 peak=9.20;MANAGE_PROFIT;SAFE;1;1;1;-1;-1;4355.08;7.60;7.60;9.20;-5.24;KELLY_LITE;true;0.04;213048.89;0.0417;KELLY_LITE(mult=1.20 taper=1.00 n=20)+CONSEC_REDUCE(0.50)+HARD_RISK_CAP(2.0%)+MAXLOSS_CAP;213048.89;213056.49;33;0
2026.08.14 10:59:58;XAUUSD;5;1786669221;PROFIT_RATCHET_LOCKED;floor=3.10 peak=9.20;MANAGE_PROFIT;SAFE;1;1;1;-1;-1;4355.08;7.76;7.76;9.20;-5.24;KELLY_LITE;true;0.04;213048.89;0.0417;KELLY_LITE(mult=1.20 taper=1.00 n=20)+CONSEC_REDUCE(0.50)+HARD_RISK_CAP(2.0%)+MAXLOSS_CAP;213048.89;213056.65;33;0
2026.08.14 10:59:58;XAUUSD;5;1786669221;PROFIT_RATCHET_LOCKED;floor=3.10 peak=9.20;MANAGE_PROFIT;SAFE;1;1;1;-1;-1;4355.08;8.04;8.04;9.20;-5.24;KELLY_LITE;true;0.04;213048.89;0.0417;KELLY_LITE(mult=1.20 taper=1.00 n=20)+CONSEC_REDUCE(0.50)+HARD_RISK_CAP(2.0%)+MAXLOSS_CAP;213048.89;213056.93;33;0
2026.08.14 10:59:59;XAUUSD;5;1786669221;PROFIT_RATCHET_LOCKED;floor=3.10 peak=9.20;MANAGE_PROFIT;SAFE;1;1;1;-1;-1;4355.08;8.00;8.00;9.20;-5.24;KELLY_LITE;true;0.04;213048.89;0.0417;KELLY_LITE(mult=1.20 taper=1.00 n=20)+CONSEC_REDUCE(0.50)+HARD_RISK_CAP(2.0%)+MAXLOSS_CAP;213048.89;213056.89;33;0
2026.08.14 10:59:59;XAUUSD;5;1786669221;PROFIT_RATCHET_LOCKED;floor=3.10 peak=9.20;MANAGE_PROFIT;SAFE;1;1;1;-1;-1;4355.08;7.92;7.92;9.20;-5.24;KELLY_LITE;true;0.04;213048.89;0.0417;KELLY_LITE(mult=1.20 taper=1.00 n=20)+CONSEC_REDUCE(0.50)+HARD_RISK_CAP(2.0%)+MAXLOSS_CAP;213048.89;213056.81;33;0
2026.08.14 10:59:59;XAUUSD;5;1786669221;PROFIT_RATCHET_LOCKED;floor=3.10 peak=9.20;MANAGE_PROFIT;SAFE;1;1;1;-1;-1;4355.08;8.04;8.04;9.20;-5.24;KELLY_LITE;true;0.04;213048.89;0.0417;KELLY_LITE(mult=1.20 taper=1.00 n=20)+CONSEC_REDUCE(0.50)+HARD_RISK_CAP(2.0%)+MAXLOSS_CAP;213048.89;213056.93;33;0
2026.08.14 10:59:59;XAUUSD;5;1786669221;PROFIT_RATCHET_LOCKED;floor=3.10 peak=9.20;MANAGE_PROFIT;SAFE;1;1;1;-1;-1;4355.08;8.00;8.00;9.20;-5.24;KELLY_LITE;true;0.04;213048.89;0.0417;KELLY_LITE(mult=1.20 taper=1.00 n=20)+CONSEC_REDUCE(0.50)+HARD_RISK_CAP(2.0%)+MAXLOSS_CAP;213048.89;213056.89;33;0
2026.08.14 11:00:00;XAUUSD;5;1786669221;PROFIT_RATCHET_LOCKED;floor=3.10 peak=9.20;MANAGE_PROFIT;SAFE;1;1;1;-1;-1;4355.08;8.24;8.24;9.20;-5.24;KELLY_LITE;true;0.04;213048.89;0.0417;KELLY_LITE(mult=1.20 taper=1.00 n=20)+CONSEC_REDUCE(0.50)+HARD_RISK_CAP(2.0%)+MAXLOSS_CAP;213048.89;213057.13;33;0
2026.08.14 11:00:00;XAUUSD;5;1786669221;PROFIT_RATCHET_LOCKED;floor=3.10 peak=9.20;MANAGE_PROFIT;SAFE;1;1;1;-1;-1;4355.08;8.36;8.36;9.20;-5.24;KELLY_LITE;true;0.04;213048.89;0.0417;KELLY_LITE(mult=1.20 taper=1.00 n=20)+CONSEC_REDUCE(0.50)+HARD_RISK_CAP(2.0%)+MAXLOSS_CAP;213048.89;213057.25;33;0
2026.08.14 11:00:00;XAUUSD;5;1786669221;PROFIT_RATCHET_LOCKED;floor=3.10 peak=9.20;MANAGE_PROFIT;SAFE;1;1;1;-1;-1;4355.08;8.40;8.40;9.20;-5.24;KELLY_LITE;true;0.04;213048.89;0.0417;KELLY_LITE(mult=1.20 taper=1.00 n=20)+CONSEC_REDUCE(0.50)+HARD_RISK_CAP(2.0%)+MAXLOSS_CAP;213048.89;213057.29;33;0
2026.08.14 11:00:00;XAUUSD;5;1786669221;PROFIT_RATCHET_LOCKED;floor=3.10 peak=9.20;MANAGE_PROFIT;SAFE;1;1;1;-1;-1;4355.08;8.76;8.76;9.20;-5.24;KELLY_LITE;true;0.04;213048.89;0.0417;KELLY_LITE(mult=1.20 taper=1.00 n=20)+CONSEC_REDUCE(0.50)+HARD_RISK_CAP(2.0%)+MAXLOSS_CAP;213048.89;213057.65;33;0
2026.08.14 11:00:00;XAUUSD;5;1786669221;PROFIT_RATCHET_LOCKED;floor=3.10 peak=9.20;MANAGE_PROFIT;SAFE;1;1;1;-1;-1;4355.08;8.84;8.84;9.20;-5.24;KELLY_LITE;true;0.04;213048.89;0.0417;KELLY_LITE(mult=1.20 taper=1.00 n=20)+CONSEC_REDUCE(0.50)+HARD_RISK_CAP(2.0%)+MAXLOSS_CAP;213048.89;213057.73;33;0
2026.08.14 11:00:01;XAUUSD;5;1786669221;PROFIT_RATCHET_LOCKED;floor=3.10 peak=9.20;MANAGE_PROFIT;SAFE;1;1;1;-1;-1;4355.08;8.92;8.92;9.20;-5.24;KELLY_LITE;true;0.04;213048.89;0.0417;KELLY_LITE(mult=1.20 taper=1.00 n=20)+CONSEC_REDUCE(0.50)+HARD_RISK_CAP(2.0%)+MAXLOSS_CAP;213048.89;213057.81;33;0
2026.08.14 11:00:01;XAUUSD;5;1786669221;PROFIT_RATCHET_LOCKED;floor=3.17 peak=9.40;MANAGE_PROFIT;SAFE;1;1;1;-1;-1;4355.08;8.76;8.76;9.40;-5.24;KELLY_LITE;true;0.04;213048.89;0.0417;KELLY_LITE(mult=1.20 taper=1.00 n=20)+CONSEC_REDUCE(0.50)+HARD_RISK_CAP(2.0%)+MAXLOSS_CAP;213048.89;213057.65;33;0
2026.08.14 11:00:01;XAUUSD;5;1786669221;PROFIT_RATCHET_LOCKED;floor=3.17 peak=9.40;MANAGE_PROFIT;SAFE;1;1;1;-1;-1;4355.08;8.76;8.76;9.40;-5.24;KELLY_LITE;true;0.04;213048.89;0.0417;KELLY_LITE(mult=1.20 taper=1.00 n=20)+CONSEC_REDUCE(0.50)+HARD_RISK_CAP(2.0%)+MAXLOSS_CAP;213048.89;213057.65;33;0
2026.08.14 11:00:02;XAUUSD;5;1786669221;PROFIT_RATCHET_LOCKED;floor=3.17 peak=9.40;MANAGE_PROFIT;SAFE;1;1;1;-1;-1;4355.08;8.76;8.76;9.40;-5.24;KELLY_LITE;true;0.04;213048.89;0.0417;KELLY_LITE(mult=1.20 taper=1.00 n=20)+CONSEC_REDUCE(0.50)+HARD_RISK_CAP(2.0%)+MAXLOSS_CAP;213048.89;213057.65;32;0
2026.08.14 11:00:02;XAUUSD;5;1786669221;PROFIT_RATCHET_LOCKED;floor=3.17 peak=9.40;MANAGE_PROFIT;SAFE;1;1;1;-1;-1;4355.08;8.60;8.60;9.40;-5.24;KELLY_LITE;true;0.04;213048.89;0.0417;KELLY_LITE(mult=1.20 taper=1.00 n=20)+CONSEC_REDUCE(0.50)+HARD_RISK_CAP(2.0%)+MAXLOSS_CAP;213048.89;213057.49;33;0
2026.08.14 11:00:02;XAUUSD;5;1786669221;PROFIT_RATCHET_LOCKED;floor=3.17 peak=9.40;MANAGE_PROFIT;SAFE;1;1;1;-1;-1;4355.08;7.96;7.96;9.40;-5.24;KELLY_LITE;true;0.04;213048.89;0.0417;KELLY_LITE(mult=1.20 taper=1.00 n=20)+CONSEC_REDUCE(0.50)+HARD_RISK_CAP(2.0%)+MAXLOSS_CAP;213048.89;213056.85;33;0
2026.08.14 11:00:03;XAUUSD;5;1786669221;PROFIT_RATCHET_LOCKED;floor=3.17 peak=9.40;MANAGE_PROFIT;SAFE;1;1;1;-1;-1;4355.08;7.88;7.88;9.40;-5.24;KELLY_LITE;true;0.04;213048.89;0.0417;KELLY_LITE(mult=1.20 taper=1.00 n=20)+CONSEC_REDUCE(0.50)+HARD_RISK_CAP(2.0%)+MAXLOSS_CAP;213048.89;213056.77;33;0
2026.08.14 11:00:03;XAUUSD;5;1786669221;PROFIT_RATCHET_LOCKED;floor=3.17 peak=9.40;MANAGE_PROFIT;SAFE;1;1;1;-1;-1;4355.08;7.80;7.80;9.40;-5.24;KELLY_LITE;true;0.04;213048.89;0.0417;KELLY_LITE(mult=1.20 taper=1.00 n=20)+CONSEC_REDUCE(0.50)+HARD_RISK_CAP(2.0%)+MAXLOSS_CAP;213048.89;213056.69;33;0
2026.08.14 11:00:03;XAUUSD;5;1786669221;PROFIT_RATCHET_LOCKED;floor=3.17 peak=9.40;MANAGE_PROFIT;SAFE;1;1;1;-1;-1;4355.08;7.88;7.88;9.40;-5.24;KELLY_LITE;true;0.04;213048.89;0.0417;KELLY_LITE(mult=1.20 taper=1.00 n=20)+CONSEC_REDUCE(0.50)+HARD_RISK_CAP(2.0%)+MAXLOSS_CAP;213048.89;213056.77;33;0
2026.08.14 11:00:03;XAUUSD;5;1786669221;PROFIT_RATCHET_LOCKED;floor=3.17 peak=9.40;MANAGE_PROFIT;SAFE;1;1;1;-1;-1;4355.08;7.76;7.76;9.40;-5.24;KELLY_LITE;true;0.04;213048.89;0.0417;KELLY_LITE(mult=1.20 taper=1.00 n=20)+CONSEC_REDUCE(0.50)+HARD_RISK_CAP(2.0%)+MAXLOSS_CAP;213048.89;213056.65;33;0
2026.08.14 11:00:04;XAUUSD;5;1786669221;EXIT_TIERED_TRAIL;profit=7.68 peak=9.40 allowedRetrace=1.65;MANAGE_PROFIT;SAFE;1;1;1;-1;-1;4355.08;7.68;7.68;9.40;-5.24;KELLY_LITE;true;0.04;213048.89;0.0417;KELLY_LITE(mult=1.20 taper=1.00 n=20)+CONSEC_REDUCE(0.50)+HARD_RISK_CAP(2.0%)+MAXLOSS_CAP;213048.89;213056.57;33;0
2026.08.14 11:00:04;XAUUSD;5;1786669221;POSITION_CLOSED;ticket=119522105 reason=tiered_profit_trail lots=0.04 price=4357.00 pnl=7.68;MANAGE_PROFIT;SAFE;0;1;1;-1;-1;4355.08;0.00;0.00;9.40;-5.24;KELLY_LITE;true;0.04;213048.89;0.0417;KELLY_LITE(mult=1.20 taper=1.00 n=20)+CONSEC_REDUCE(0.50)+HARD_RISK_CAP(2.0%)+MAXLOSS_CAP;213056.45;213056.45;33;0
2026.08.14 11:00:05;XAUUSD;5;1786669221;PENDING_DELETED;ticket=119522193 reason=close_all_hedge;MANAGE_PROFIT;SAFE;0;0;0;-1;-1;4355.08;0.00;0.00;9.40;-5.24;KELLY_LITE;true;0.04;213048.89;0.0417;KELLY_LITE(mult=1.20 taper=1.00 n=20)+CONSEC_REDUCE(0.50)+HARD_RISK_CAP(2.0%)+MAXLOSS_CAP;213056.45;213056.45;33;0
2026.08.14 11:00:05;XAUUSD;5;1786669221;CYCLE_RESET;oldState=RESET realizedPnL=7.56 peak=9.40 worst=-5.24 pyramid=0 consLosses=0;RESET;SAFE;0;0;0;-1;-1;4355.08;0.00;0.00;9.40;-5.24;KELLY_LITE;true;0.04;213048.89;0.0417;KELLY_LITE(mult=1.20 taper=1.00 n=20)+CONSEC_REDUCE(0.50)+HARD_RISK_CAP(2.0%)+MAXLOSS_CAP;213056.45;213056.45;33;0
2026.08.14 11:05:05;XAUUSD;5;1786669221;FILTER_BLOCK_RSI_BUY;RSI_BUY_BLOCK (rsi=72.0 max=70.0);BLOCKED;SAFE;0;0;0;-1;-1;0.00;0.00;0.00;0.00;0.00;KELLY_LITE;true;0.04;213048.89;0.0417;KELLY_LITE(mult=1.20 taper=1.00 n=20)+CONSEC_REDUCE(0.50)+HARD_RISK_CAP(2.0%)+MAXLOSS_CAP;213056.45;213056.45;33;0
2026.08.14 11:10:05;XAUUSD;5;1786669222;PLACE_PENDING_START;cycle=1786669222 trend=1 consecLosses=0 preset=AGGRESSIVE;PLACE_PENDING;SAFE;0;0;0;-1;-1;0.00;0.00;0.00;0.00;0.00;KELLY_LITE;true;0.04;213048.89;0.0417;KELLY_LITE(mult=1.20 taper=1.00 n=20)+CONSEC_REDUCE(0.50)+HARD_RISK_CAP(2.0%)+MAXLOSS_CAP;213056.45;213056.45;33;0
2026.08.14 11:10:06;XAUUSD;5;1786669222;DIR_OCO_PLACED;dir=BULL ticket=119523037 price=4358.23 sl=4343.23 tp=4380.73 lot=0.04 dist=1.50;PLACE_PENDING;SAFE;0;1;0;119523037;-1;0.00;0.00;0.00;0.00;0.00;KELLY_LITE;true;0.04;213056.45;0.0417;KELLY_LITE(mult=1.30 taper=1.00 n=20)+HARD_RISK_CAP(2.0%)+MAXLOSS_CAP;213056.45;213056.45;33;0
2026.08.14 11:10:06;XAUUSD;5;1786669222;DIR_OCO_COUNTER_PLACED;dir=BEAR(counter) ticket=119523038 price=4354.92 lot=0.03;PLACE_PENDING;SAFE;0;2;0;119523037;119523038;0.00;0.00;0.00;0.00;0.00;KELLY_LITE;true;0.04;213056.45;0.0417;KELLY_LITE(mult=1.30 taper=1.00 n=20)+HARD_RISK_CAP(2.0%)+MAXLOSS_CAP;213056.45;213056.45;33;0
2026.08.14 11:10:15;XAUUSD;5;1786669222;BUY_STOP_TRAILED;Old=4358.23 New=4357.92;WAIT_TRIGGER;SAFE;0;2;0;119523037;119523038;0.00;0.00;0.00;0.00;0.00;KELLY_LITE;true;0.04;213056.45;0.0417;KELLY_LITE(mult=1.30 taper=1.00 n=20)+HARD_RISK_CAP(2.0%)+MAXLOSS_CAP;213056.45;213056.45;33;0
2026.08.14 11:10:18;XAUUSD;5;1786669222;BUY_STOP_TRAILED;Old=4357.92 New=4357.59;WAIT_TRIGGER;SAFE;0;2;0;119523037;119523038;0.00;0.00;0.00;0.00;0.00;KELLY_LITE;true;0.04;213056.45;0.0417;KELLY_LITE(mult=1.30 taper=1.00 n=20)+HARD_RISK_CAP(2.0%)+MAXLOSS_CAP;213056.45;213056.45;33;0
2026.08.14 11:10:24;XAUUSD;5;1786669222;BUY_STOP_TRAILED;Old=4357.59 New=4357.28;WAIT_TRIGGER;SAFE;0;2;0;119523037;119523038;0.00;0.00;0.00;0.00;0.00;KELLY_LITE;true;0.04;213056.45;0.0417;KELLY_LITE(mult=1.30 taper=1.00 n=20)+HARD_RISK_CAP(2.0%)+MAXLOSS_CAP;213056.45;213056.45;30;0
2026.08.14 11:13:16;XAUUSD;5;1786669222;SELL_STOP_TRAILED;Old=4354.92 New=4355.23;WAIT_TRIGGER;SAFE;0;2;0;119523037;119523038;0.00;0.00;0.00;0.00;0.00;KELLY_LITE;true;0.04;213056.45;0.0417;KELLY_LITE(mult=1.30 taper=1.00 n=20)+HARD_RISK_CAP(2.0%)+MAXLOSS_CAP;213056.45;213056.45;33;0
2026.08.14 11:14:00;XAUUSD;5;1786669222;OCO_TRIGGERED_SELL;ticket=119523038 entry=4355.23;POSITION_ACTIVE;SAFE;1;1;0;119523037;-1;0.00;1.35;1.35;0.00;0.00;KELLY_LITE;true;0.04;213056.45;0.0417;KELLY_LITE(mult=1.30 taper=1.00 n=20)+HARD_RISK_CAP(2.0%)+MAXLOSS_CAP;213056.45;213057.80;30;0
2026.08.14 11:14:00;XAUUSD;5;1786669222;PENDING_DELETED;ticket=119523037 reason=oco_sell_triggered;POSITION_ACTIVE;SAFE;1;0;0;119523037;-1;0.00;2.10;2.10;0.00;0.00;KELLY_LITE;true;0.04;213056.45;0.0417;KELLY_LITE(mult=1.30 taper=1.00 n=20)+HARD_RISK_CAP(2.0%)+MAXLOSS_CAP;213056.45;213058.55;30;0
2026.08.14 11:14:01;XAUUSD;5;1786669222;HEDGE_PENDING_PLACED;dir=BUY_STOP ticket=119523124 price=4357.53 sl=4354.53 lot=0.05 mainEntry=4355.23 dist=3.00 confirmBars=1;POSITION_ACTIVE;SAFE;1;1;1;-1;-1;4355.23;2.70;2.70;2.10;0.00;KELLY_LITE;true;0.04;213056.45;0.0417;KELLY_LITE(mult=1.30 taper=1.00 n=20)+HARD_RISK_CAP(2.0%)+MAXLOSS_CAP;213056.45;213059.15;30;0
2026.08.14 11:19:02;XAUUSD;5;1786669222;SL_MODIFIED;ticket=119523038 oldSL=4367.23 newSL=4353.19 reason=break_even_lock_leg_0 (retry buf=3pt);MANAGE_PROFIT;SAFE;1;1;1;-1;-1;4355.23;7.65;7.80;8.73;-1.11;KELLY_LITE;true;0.04;213056.45;0.0417;KELLY_LITE(mult=1.30 taper=1.00 n=20)+HARD_RISK_CAP(2.0%)+MAXLOSS_CAP;213056.45;213064.10;32;0
2026.08.14 11:19:02;XAUUSD;5;1786669222;PROFIT_RATCHET_LOCKED;floor=3.71 peak=8.73;MANAGE_PROFIT;SAFE;1;1;1;-1;-1;4355.23;7.65;7.80;8.73;-1.11;KELLY_LITE;true;0.04;213056.45;0.0417;KELLY_LITE(mult=1.30 taper=1.00 n=20)+HARD_RISK_CAP(2.0%)+MAXLOSS_CAP;213056.45;213064.10;32;0
2026.08.14 11:19:02;XAUUSD;5;1786669222;SL_MODIFY_FAILED;ticket=119523038 newSL=4353.15 reason=break_even_lock_leg_0 err=0;MANAGE_PROFIT;SAFE;1;1;1;-1;-1;4355.23;7.65;7.80;8.73;-1.11;KELLY_LITE;true;0.04;213056.45;0.0417;KELLY_LITE(mult=1.30 taper=1.00 n=20)+HARD_RISK_CAP(2.0%)+MAXLOSS_CAP;213056.45;213064.10;32;0
2026.08.14 11:19:02;XAUUSD;5;1786669222;PROFIT_RATCHET_LOCKED;floor=3.71 peak=8.73;MANAGE_PROFIT;SAFE;1;1;1;-1;-1;4355.23;7.65;7.80;8.73;-1.11;KELLY_LITE;true;0.04;213056.45;0.0417;KELLY_LITE(mult=1.30 taper=1.00 n=20)+HARD_RISK_CAP(2.0%)+MAXLOSS_CAP;213056.45;213064.10;32;0
2026.08.14 11:19:02;XAUUSD;5;1786669222;PROFIT_RATCHET_LOCKED;floor=3.71 peak=8.73;MANAGE_PROFIT;SAFE;1;1;1;-1;-1;4355.23;7.56;7.56;8.73;-1.11;KELLY_LITE;true;0.04;213056.45;0.0417;KELLY_LITE(mult=1.30 taper=1.00 n=20)+HARD_RISK_CAP(2.0%)+MAXLOSS_CAP;213056.45;213064.01;33;0
2026.08.14 11:19:02;XAUUSD;5;1786669222;PROFIT_RATCHET_LOCKED;floor=3.71 peak=8.73;MANAGE_PROFIT;SAFE;1;1;1;-1;-1;4355.23;7.53;7.53;8.73;-1.11;KELLY_LITE;true;0.04;213056.45;0.0417;KELLY_LITE(mult=1.30 taper=1.00 n=20)+HARD_RISK_CAP(2.0%)+MAXLOSS_CAP;213056.45;213063.98;33;0
2026.08.14 11:19:03;XAUUSD;5;1786669222;PROFIT_RATCHET_LOCKED;floor=3.71 peak=8.73;MANAGE_PROFIT;SAFE;1;1;1;-1;-1;4355.23;7.62;7.62;8.73;-1.11;KELLY_LITE;true;0.04;213056.45;0.0417;KELLY_LITE(mult=1.30 taper=1.00 n=20)+HARD_RISK_CAP(2.0%)+MAXLOSS_CAP;213056.45;213064.07;33;0
2026.08.14 11:19:03;XAUUSD;5;1786669222;PROFIT_RATCHET_LOCKED;floor=3.71 peak=8.73;MANAGE_PROFIT;SAFE;1;1;1;-1;-1;4355.23;7.71;7.71;8.73;-1.11;KELLY_LITE;true;0.04;213056.45;0.0417;KELLY_LITE(mult=1.30 taper=1.00 n=20)+HARD_RISK_CAP(2.0%)+MAXLOSS_CAP;213056.45;213064.16;33;0
2026.08.14 11:19:04;XAUUSD;5;1786669222;PROFIT_RATCHET_LOCKED;floor=3.71 peak=8.73;MANAGE_PROFIT;SAFE;1;1;1;-1;-1;4355.23;7.68;7.68;8.73;-1.11;KELLY_LITE;true;0.04;213056.45;0.0417;KELLY_LITE(mult=1.30 taper=1.00 n=20)+HARD_RISK_CAP(2.0%)+MAXLOSS_CAP;213056.45;213064.13;33;0
2026.08.14 11:19:05;XAUUSD;5;1786669222;PROFIT_RATCHET_LOCKED;floor=3.71 peak=8.73;MANAGE_PROFIT;SAFE;1;1;1;-1;-1;4355.23;7.50;7.50;8.73;-1.11;KELLY_LITE;true;0.04;213056.45;0.0417;KELLY_LITE(mult=1.30 taper=1.00 n=20)+HARD_RISK_CAP(2.0%)+MAXLOSS_CAP;213056.45;213063.95;33;0
2026.08.14 11:19:05;XAUUSD;5;1786669222;PROFIT_RATCHET_LOCKED;floor=3.71 peak=8.73;MANAGE_PROFIT;SAFE;1;1;1;-1;-1;4355.23;7.62;7.62;8.73;-1.11;KELLY_LITE;true;0.04;213056.45;0.0417;KELLY_LITE(mult=1.30 taper=1.00 n=20)+HARD_RISK_CAP(2.0%)+MAXLOSS_CAP;213056.45;213064.07;33;0
2026.08.14 11:19:05;XAUUSD;5;1786669222;EXIT_TIERED_TRAIL;profit=6.93 peak=8.73 allowedRetrace=1.31;MANAGE_PROFIT;SAFE;1;1;1;-1;-1;4355.23;6.93;6.93;8.73;-1.11;KELLY_LITE;true;0.04;213056.45;0.0417;KELLY_LITE(mult=1.30 taper=1.00 n=20)+HARD_RISK_CAP(2.0%)+MAXLOSS_CAP;213056.45;213063.38;30;0
2026.08.14 11:19:06;XAUUSD;5;1786669222;POSITION_CLOSED;ticket=119523038 reason=tiered_profit_trail lots=0.03 price=4352.92 pnl=6.93;MANAGE_PROFIT;SAFE;0;1;1;-1;-1;4355.23;0.00;0.00;8.73;-1.11;KELLY_LITE;true;0.04;213056.45;0.0417;KELLY_LITE(mult=1.30 taper=1.00 n=20)+HARD_RISK_CAP(2.0%)+MAXLOSS_CAP;213063.41;213063.41;33;0
2026.08.14 11:19:06;XAUUSD;5;1786669222;PENDING_DELETED;ticket=119523124 reason=close_all_hedge;MANAGE_PROFIT;SAFE;0;0;0;-1;-1;4355.23;0.00;0.00;8.73;-1.11;KELLY_LITE;true;0.04;213056.45;0.0417;KELLY_LITE(mult=1.30 taper=1.00 n=20)+HARD_RISK_CAP(2.0%)+MAXLOSS_CAP;213063.41;213063.41;33;0
2026.08.14 11:19:06;XAUUSD;5;1786669222;CYCLE_RESET;oldState=RESET realizedPnL=6.96 peak=8.73 worst=-1.11 pyramid=0 consLosses=0;RESET;SAFE;0;0;0;-1;-1;4355.23;0.00;0.00;8.73;-1.11;KELLY_LITE;true;0.04;213056.45;0.0417;KELLY_LITE(mult=1.30 taper=1.00 n=20)+HARD_RISK_CAP(2.0%)+MAXLOSS_CAP;213063.41;213063.41;33;0
2026.08.14 11:24:07;XAUUSD;5;1786669223;PLACE_PENDING_START;cycle=1786669223 trend=1 consecLosses=0 preset=AGGRESSIVE;PLACE_PENDING;SAFE;0;0;0;-1;-1;0.00;0.00;0.00;0.00;0.00;KELLY_LITE;true;0.04;213056.45;0.0417;KELLY_LITE(mult=1.30 taper=1.00 n=20)+HARD_RISK_CAP(2.0%)+MAXLOSS_CAP;213063.41;213063.41;30;0
2026.08.14 11:24:08;XAUUSD;5;1786669223;DIR_OCO_PLACED;dir=BULL ticket=119523656 price=4355.97 sl=4340.97 tp=4378.47 lot=0.04 dist=1.50;PLACE_PENDING;SAFE;0;1;0;119523656;-1;0.00;0.00;0.00;0.00;0.00;KELLY_LITE;true;0.04;213063.41;0.0417;KELLY_LITE(mult=1.30 taper=1.00 n=20)+HARD_RISK_CAP(2.0%)+MAXLOSS_CAP;213063.41;213063.41;30;0
2026.08.14 11:24:08;XAUUSD;5;1786669223;DIR_OCO_COUNTER_PLACED;dir=BEAR(counter) ticket=119523657 price=4352.67 lot=0.03;PLACE_PENDING;SAFE;0;2;0;119523656;119523657;0.00;0.00;0.00;0.00;0.00;KELLY_LITE;true;0.04;213063.41;0.0417;KELLY_LITE(mult=1.30 taper=1.00 n=20)+HARD_RISK_CAP(2.0%)+MAXLOSS_CAP;213063.41;213063.41;32;0
2026.08.14 11:24:22;XAUUSD;5;1786669223;BUY_STOP_TRAILED;Old=4355.97 New=4355.63;WAIT_TRIGGER;SAFE;0;2;0;119523656;119523657;0.00;0.00;0.00;0.00;0.00;KELLY_LITE;true;0.04;213063.41;0.0417;KELLY_LITE(mult=1.30 taper=1.00 n=20)+HARD_RISK_CAP(2.0%)+MAXLOSS_CAP;213063.41;213063.41;30;0
2026.08.14 11:25:49;XAUUSD;5;1786669223;BUY_STOP_TRAILED;Old=4355.63 New=4355.32;WAIT_TRIGGER;SAFE;0;2;0;119523656;119523657;0.00;0.00;0.00;0.00;0.00;KELLY_LITE;true;0.04;213063.41;0.0417;KELLY_LITE(mult=1.30 taper=1.00 n=20)+HARD_RISK_CAP(2.0%)+MAXLOSS_CAP;213063.41;213063.41;33;0
2026.08.14 11:25:57;XAUUSD;5;1786669223;BUY_STOP_TRAILED;Old=4355.32 New=4355.01;WAIT_TRIGGER;SAFE;0;2;0;119523656;119523657;0.00;0.00;0.00;0.00;0.00;KELLY_LITE;true;0.04;213063.41;0.0417;KELLY_LITE(mult=1.30 taper=1.00 n=20)+HARD_RISK_CAP(2.0%)+MAXLOSS_CAP;213063.41;213063.41;33;0
2026.08.14 11:26:16;XAUUSD;5;1786669223;BUY_STOP_TRAILED;Old=4355.01 New=4354.64;WAIT_TRIGGER;SAFE;0;2;0;119523656;119523657;0.00;0.00;0.00;0.00;0.00;KELLY_LITE;true;0.04;213063.41;0.0417;KELLY_LITE(mult=1.30 taper=1.00 n=20)+HARD_RISK_CAP(2.0%)+MAXLOSS_CAP;213063.41;213063.41;33;0
2026.08.14 11:26:20;XAUUSD;5;1786669223;OCO_TRIGGERED_SELL;ticket=119523657 entry=4352.67;POSITION_ACTIVE;SAFE;1;1;0;119523656;-1;0.00;-0.99;-0.99;0.00;0.00;KELLY_LITE;true;0.04;213063.41;0.0417;KELLY_LITE(mult=1.30 taper=1.00 n=20)+HARD_RISK_CAP(2.0%)+MAXLOSS_CAP;213063.41;213062.42;33;0
2026.08.14 11:26:20;XAUUSD;5;1786669223;PENDING_DELETED;ticket=119523656 reason=oco_sell_triggered;POSITION_ACTIVE;SAFE;1;0;0;119523656;-1;0.00;-0.36;-0.36;0.00;0.00;KELLY_LITE;true;0.04;213063.41;0.0417;KELLY_LITE(mult=1.30 taper=1.00 n=20)+HARD_RISK_CAP(2.0%)+MAXLOSS_CAP;213063.41;213063.05;33;0
2026.08.14 11:26:21;XAUUSD;5;1786669223;HEDGE_PENDING_PLACED;dir=BUY_STOP ticket=119523723 price=4355.79 sl=4352.79 lot=0.05 mainEntry=4352.67 dist=3.00 confirmBars=1;POSITION_ACTIVE;SAFE;1;1;1;-1;-1;4352.67;-0.33;-0.33;0.00;-0.36;KELLY_LITE;true;0.04;213063.41;0.0417;KELLY_LITE(mult=1.30 taper=1.00 n=20)+HARD_RISK_CAP(2.0%)+MAXLOSS_CAP;213063.41;213063.08;33;0
2026.08.14 11:31:26;XAUUSD;5;1786669223;SL_MODIFIED;ticket=119523657 oldSL=4367.67 newSL=4350.52 reason=break_even_lock_leg_0;MANAGE_PROFIT;SAFE;1;1;1;-1;-1;4352.67;8.70;8.70;8.01;-0.36;KELLY_LITE;true;0.04;213063.41;0.0417;KELLY_LITE(mult=1.30 taper=1.00 n=20)+HARD_RISK_CAP(2.0%)+MAXLOSS_CAP;213063.41;213072.11;30;0
2026.08.14 11:31:26;XAUUSD;5;1786669223;PROFIT_RATCHET_LOCKED;floor=3.40 peak=8.01;MANAGE_PROFIT;SAFE;1;1;1;-1;-1;4352.67;8.70;8.70;8.01;-0.36;KELLY_LITE;true;0.04;213063.41;0.0417;KELLY_LITE(mult=1.30 taper=1.00 n=20)+HARD_RISK_CAP(2.0%)+MAXLOSS_CAP;213063.41;213072.11;30;0
2026.08.14 11:31:26;XAUUSD;5;1786669223;SL_MODIFIED;ticket=119523657 oldSL=4350.52 newSL=4350.29 reason=break_even_lock_leg_0;MANAGE_PROFIT;SAFE;1;1;1;-1;-1;4352.67;8.64;8.64;8.70;-0.36;KELLY_LITE;true;0.04;213063.41;0.0417;KELLY_LITE(mult=1.30 taper=1.00 n=20)+HARD_RISK_CAP(2.0%)+MAXLOSS_CAP;213063.41;213072.05;32;0
2026.08.14 11:31:26;XAUUSD;5;1786669223;PROFIT_RATCHET_LOCKED;floor=3.70 peak=8.70;MANAGE_PROFIT;SAFE;1;1;1;-1;-1;4352.67;8.64;8.64;8.70;-0.36;KELLY_LITE;true;0.04;213063.41;0.0417;KELLY_LITE(mult=1.30 taper=1.00 n=20)+HARD_RISK_CAP(2.0%)+MAXLOSS_CAP;213063.41;213072.05;32;0
2026.08.14 11:31:26;XAUUSD;5;1786669223;PROFIT_RATCHET_LOCKED;floor=3.70 peak=8.70;MANAGE_PROFIT;SAFE;1;1;1;-1;-1;4352.67;8.64;8.64;8.70;-0.36;KELLY_LITE;true;0.04;213063.41;0.0417;KELLY_LITE(mult=1.30 taper=1.00 n=20)+HARD_RISK_CAP(2.0%)+MAXLOSS_CAP;213063.41;213072.05;32;0
2026.08.14 11:31:27;XAUUSD;5;1786669223;SL_MODIFY_FAILED;ticket=119523657 newSL=4350.24 reason=break_even_lock_leg_0 err=0;MANAGE_PROFIT;SAFE;1;1;1;-1;-1;4352.67;8.67;8.67;8.85;-0.36;KELLY_LITE;true;0.04;213063.41;0.0417;KELLY_LITE(mult=1.30 taper=1.00 n=20)+HARD_RISK_CAP(2.0%)+MAXLOSS_CAP;213063.41;213072.08;33;0
2026.08.14 11:31:27;XAUUSD;5;1786669223;PROFIT_RATCHET_LOCKED;floor=3.76 peak=8.85;MANAGE_PROFIT;SAFE;1;1;1;-1;-1;4352.67;8.67;8.67;8.85;-0.36;KELLY_LITE;true;0.04;213063.41;0.0417;KELLY_LITE(mult=1.30 taper=1.00 n=20)+HARD_RISK_CAP(2.0%)+MAXLOSS_CAP;213063.41;213072.08;33;0
2026.08.14 11:31:27;XAUUSD;5;1786669223;PROFIT_RATCHET_LOCKED;floor=3.76 peak=8.85;MANAGE_PROFIT;SAFE;1;1;1;-1;-1;4352.67;8.67;8.67;8.85;-0.36;KELLY_LITE;true;0.04;213063.41;0.0417;KELLY_LITE(mult=1.30 taper=1.00 n=20)+HARD_RISK_CAP(2.0%)+MAXLOSS_CAP;213063.41;213072.08;33;0
2026.08.14 11:31:27;XAUUSD;5;1786669223;PROFIT_RATCHET_LOCKED;floor=3.76 peak=8.85;MANAGE_PROFIT;SAFE;1;1;1;-1;-1;4352.67;8.76;8.76;8.85;-0.36;KELLY_LITE;true;0.04;213063.41;0.0417;KELLY_LITE(mult=1.30 taper=1.00 n=20)+HARD_RISK_CAP(2.0%)+MAXLOSS_CAP;213063.41;213072.17;33;0
2026.08.14 11:31:28;XAUUSD;5;1786669223;SL_MODIFIED;ticket=119523657 oldSL=4350.29 newSL=4350.25 reason=break_even_lock_leg_0;MANAGE_PROFIT;SAFE;1;1;1;-1;-1;4352.67;8.88;8.88;8.85;-0.36;KELLY_LITE;true;0.04;213063.41;0.0417;KELLY_LITE(mult=1.30 taper=1.00 n=20)+HARD_RISK_CAP(2.0%)+MAXLOSS_CAP;213063.41;213072.29;33;0
2026.08.14 11:31:28;XAUUSD;5;1786669223;PROFIT_RATCHET_LOCKED;floor=3.76 peak=8.85;MANAGE_PROFIT;SAFE;1;1;1;-1;-1;4352.67;8.88;8.88;8.85;-0.36;KELLY_LITE;true;0.04;213063.41;0.0417;KELLY_LITE(mult=1.30 taper=1.00 n=20)+HARD_RISK_CAP(2.0%)+MAXLOSS_CAP;213063.41;213072.29;33;0
2026.08.14 11:31:29;XAUUSD;5;1786669223;SL_MODIFIED;ticket=119523657 oldSL=4350.25 newSL=4350.23 reason=break_even_lock_leg_0;MANAGE_PROFIT;SAFE;1;1;1;-1;-1;4352.67;8.97;8.97;8.88;-0.36;KELLY_LITE;true;0.04;213063.41;0.0417;KELLY_LITE(mult=1.30 taper=1.00 n=20)+HARD_RISK_CAP(2.0%)+MAXLOSS_CAP;213063.41;213072.38;33;0
2026.08.14 11:31:29;XAUUSD;5;1786669223;PROFIT_RATCHET_LOCKED;floor=3.77 peak=8.88;MANAGE_PROFIT;SAFE;1;1;1;-1;-1;4352.67;8.97;8.97;8.88;-0.36;KELLY_LITE;true;0.04;213063.41;0.0417;KELLY_LITE(mult=1.30 taper=1.00 n=20)+HARD_RISK_CAP(2.0%)+MAXLOSS_CAP;213063.41;213072.38;33;0
2026.08.14 11:31:29;XAUUSD;5;1786669223;SL_MODIFIED;ticket=119523657 oldSL=4350.23 newSL=4350.20 reason=break_even_lock_leg_0;MANAGE_PROFIT;SAFE;1;1;1;-1;-1;4352.67;10.20;10.20;8.97;-0.36;KELLY_LITE;true;0.04;213063.41;0.0417;KELLY_LITE(mult=1.30 taper=1.00 n=20)+HARD_RISK_CAP(2.0%)+MAXLOSS_CAP;213063.41;213073.61;33;0
2026.08.14 11:31:29;XAUUSD;5;1786669223;PROFIT_RATCHET_LOCKED;floor=3.81 peak=8.97;MANAGE_PROFIT;SAFE;1;1;1;-1;-1;4352.67;10.20;10.20;8.97;-0.36;KELLY_LITE;true;0.04;213063.41;0.0417;KELLY_LITE(mult=1.30 taper=1.00 n=20)+HARD_RISK_CAP(2.0%)+MAXLOSS_CAP;213063.41;213073.61;33;0
2026.08.14 11:31:31;XAUUSD;5;1786669223;SL_MODIFIED;ticket=119523657 oldSL=4350.20 newSL=4350.02 reason=break_even_lock_leg_0 (retry buf=3pt);MANAGE_PROFIT;SAFE;1;1;1;-1;-1;4352.67;9.66;9.66;10.20;-0.36;KELLY_LITE;true;0.04;213063.41;0.0417;KELLY_LITE(mult=1.30 taper=1.00 n=20)+HARD_RISK_CAP(2.0%)+MAXLOSS_CAP;213063.41;213073.07;30;0
2026.08.14 11:31:31;XAUUSD;5;1786669223;PROFIT_RATCHET_LOCKED;floor=4.33 peak=10.20;MANAGE_PROFIT;SAFE;1;1;1;-1;-1;4352.67;9.66;9.66;10.20;-0.36;KELLY_LITE;true;0.04;213063.41;0.0417;KELLY_LITE(mult=1.30 taper=1.00 n=20)+HARD_RISK_CAP(2.0%)+MAXLOSS_CAP;213063.41;213073.07;30;0
2026.08.14 11:31:31;XAUUSD;5;1786669223;SL_MODIFIED;ticket=119523657 oldSL=4350.02 newSL=4350.01 reason=break_even_lock_leg_0 (retry buf=3pt);MANAGE_PROFIT;SAFE;1;1;1;-1;-1;4352.67;9.57;9.57;10.20;-0.36;KELLY_LITE;true;0.04;213063.41;0.0417;KELLY_LITE(mult=1.30 taper=1.00 n=20)+HARD_RISK_CAP(2.0%)+MAXLOSS_CAP;213063.41;213072.98;32;0
2026.08.14 11:31:31;XAUUSD;5;1786669223;PROFIT_RATCHET_LOCKED;floor=4.33 peak=10.20;MANAGE_PROFIT;SAFE;1;1;1;-1;-1;4352.67;9.57;9.57;10.20;-0.36;KELLY_LITE;true;0.04;213063.41;0.0417;KELLY_LITE(mult=1.30 taper=1.00 n=20)+HARD_RISK_CAP(2.0%)+MAXLOSS_CAP;213063.41;213072.98;32;0
2026.08.14 11:31:31;XAUUSD;5;1786669223;PROFIT_RATCHET_LOCKED;floor=4.33 peak=10.20;MANAGE_PROFIT;SAFE;1;1;1;-1;-1;4352.67;9.57;9.57;10.20;-0.36;KELLY_LITE;true;0.04;213063.41;0.0417;KELLY_LITE(mult=1.30 taper=1.00 n=20)+HARD_RISK_CAP(2.0%)+MAXLOSS_CAP;213063.41;213072.98;32;0
2026.08.14 11:31:32;XAUUSD;5;1786669223;PROFIT_RATCHET_LOCKED;floor=4.33 peak=10.20;MANAGE_PROFIT;SAFE;1;1;1;-1;-1;4352.67;9.57;9.57;10.20;-0.36;KELLY_LITE;true;0.04;213063.41;0.0417;KELLY_LITE(mult=1.30 taper=1.00 n=20)+HARD_RISK_CAP(2.0%)+MAXLOSS_CAP;213063.41;213072.98;33;0
2026.08.14 11:31:33;XAUUSD;5;1786669223;PROFIT_RATCHET_LOCKED;floor=4.33 peak=10.20;MANAGE_PROFIT;SAFE;1;1;1;-1;-1;4352.67;9.21;9.21;10.20;-0.36;KELLY_LITE;true;0.04;213063.41;0.0417;KELLY_LITE(mult=1.30 taper=1.00 n=20)+HARD_RISK_CAP(2.0%)+MAXLOSS_CAP;213063.41;213072.62;30;0
2026.08.14 11:31:33;XAUUSD;5;1786669223;PROFIT_RATCHET_LOCKED;floor=4.33 peak=10.20;MANAGE_PROFIT;SAFE;1;1;1;-1;-1;4352.67;9.30;9.30;10.20;-0.36;KELLY_LITE;true;0.04;213063.41;0.0417;KELLY_LITE(mult=1.30 taper=1.00 n=20)+HARD_RISK_CAP(2.0%)+MAXLOSS_CAP;213063.41;213072.71;32;0
2026.08.14 11:31:33;XAUUSD;5;1786669223;PROFIT_RATCHET_LOCKED;floor=4.33 peak=10.20;MANAGE_PROFIT;SAFE;1;1;1;-1;-1;4352.67;9.42;9.42;10.20;-0.36;KELLY_LITE;true;0.04;213063.41;0.0417;KELLY_LITE(mult=1.30 taper=1.00 n=20)+HARD_RISK_CAP(2.0%)+MAXLOSS_CAP;213063.41;213072.83;33;0
2026.08.14 11:31:33;XAUUSD;5;1786669223;PROFIT_RATCHET_LOCKED;floor=4.33 peak=10.20;MANAGE_PROFIT;SAFE;1;1;1;-1;-1;4352.67;9.45;9.45;10.20;-0.36;KELLY_LITE;true;0.04;213063.41;0.0417;KELLY_LITE(mult=1.30 taper=1.00 n=20)+HARD_RISK_CAP(2.0%)+MAXLOSS_CAP;213063.41;213072.86;33;0
2026.08.14 11:31:34;XAUUSD;5;1786669223;PROFIT_RATCHET_LOCKED;floor=4.33 peak=10.20;MANAGE_PROFIT;SAFE;1;1;1;-1;-1;4352.67;9.09;9.09;10.20;-0.36;KELLY_LITE;true;0.04;213063.41;0.0417;KELLY_LITE(mult=1.30 taper=1.00 n=20)+HARD_RISK_CAP(2.0%)+MAXLOSS_CAP;213063.41;213072.50;30;0
2026.08.14 11:31:34;XAUUSD;5;1786669223;PROFIT_RATCHET_LOCKED;floor=4.33 peak=10.20;MANAGE_PROFIT;SAFE;1;1;1;-1;-1;4352.67;9.06;9.06;10.20;-0.36;KELLY_LITE;true;0.04;213063.41;0.0417;KELLY_LITE(mult=1.30 taper=1.00 n=20)+HARD_RISK_CAP(2.0%)+MAXLOSS_CAP;213063.41;213072.47;31;0
2026.08.14 11:31:34;XAUUSD;5;1786669223;PROFIT_RATCHET_LOCKED;floor=4.33 peak=10.20;MANAGE_PROFIT;SAFE;1;1;1;-1;-1;4352.67;9.06;9.06;10.20;-0.36;KELLY_LITE;true;0.04;213063.41;0.0417;KELLY_LITE(mult=1.30 taper=1.00 n=20)+HARD_RISK_CAP(2.0%)+MAXLOSS_CAP;213063.41;213072.47;30;0
2026.08.14 11:31:35;XAUUSD;5;1786669223;EXIT_TIERED_TRAIL;profit=8.94 peak=10.20 allowedRetrace=1.22;MANAGE_PROFIT;SAFE;1;1;1;-1;-1;4352.67;8.94;8.94;10.20;-0.36;KELLY_LITE;true;0.04;213063.41;0.0417;KELLY_LITE(mult=1.30 taper=1.00 n=20)+HARD_RISK_CAP(2.0%)+MAXLOSS_CAP;213063.41;213072.35;32;0
2026.08.14 11:31:35;XAUUSD;5;1786669223;POSITION_CLOSED;ticket=119523657 reason=tiered_profit_trail lots=0.03 price=4349.69 pnl=8.94;MANAGE_PROFIT;SAFE;0;1;1;-1;-1;4352.67;0.00;0.00;10.20;-0.36;KELLY_LITE;true;0.04;213063.41;0.0417;KELLY_LITE(mult=1.30 taper=1.00 n=20)+HARD_RISK_CAP(2.0%)+MAXLOSS_CAP;213072.23;213072.23;30;0
2026.08.14 11:31:36;XAUUSD;5;1786669223;PENDING_DELETED;ticket=119523723 reason=close_all_hedge;MANAGE_PROFIT;SAFE;0;0;0;-1;-1;4352.67;0.00;0.00;10.20;-0.36;KELLY_LITE;true;0.04;213063.41;0.0417;KELLY_LITE(mult=1.30 taper=1.00 n=20)+HARD_RISK_CAP(2.0%)+MAXLOSS_CAP;213072.23;213072.23;31;0
2026.08.14 11:31:36;XAUUSD;5;1786669223;CYCLE_RESET;oldState=RESET realizedPnL=8.82 peak=10.20 worst=-0.36 pyramid=0 consLosses=0;RESET;SAFE;0;0;0;-1;-1;4352.67;0.00;0.00;10.20;-0.36;KELLY_LITE;true;0.04;213063.41;0.0417;KELLY_LITE(mult=1.30 taper=1.00 n=20)+HARD_RISK_CAP(2.0%)+MAXLOSS_CAP;213072.23;213072.23;31;0
2026.08.14 11:36:36;XAUUSD;5;1786669223;FILTER_BLOCK_TREND_DISAGREE;TREND_DISAGREE (main=1 fast=-1 rsi=48.6, no extreme);BLOCKED;SAFE;0;0;0;-1;-1;0.00;0.00;0.00;0.00;0.00;KELLY_LITE;true;0.04;213063.41;0.0417;KELLY_LITE(mult=1.30 taper=1.00 n=20)+HARD_RISK_CAP(2.0%)+MAXLOSS_CAP;213072.23;213072.23;31;0
2026.08.14 11:41:36;XAUUSD;5;1786669223;FILTER_BLOCK_TREND_DISAGREE;TREND_DISAGREE (main=1 fast=-1 rsi=47.2, no extreme);BLOCKED;SAFE;0;0;0;-1;-1;0.00;0.00;0.00;0.00;0.00;KELLY_LITE;true;0.04;213063.41;0.0417;KELLY_LITE(mult=1.30 taper=1.00 n=20)+HARD_RISK_CAP(2.0%)+MAXLOSS_CAP;213072.23;213072.23;31;0
2026.08.14 11:46:36;XAUUSD;5;1786669223;FILTER_BLOCK_TREND_DISAGREE;TREND_DISAGREE (main=1 fast=-1 rsi=54.4, no extreme);BLOCKED;SAFE;0;0;0;-1;-1;0.00;0.00;0.00;0.00;0.00;KELLY_LITE;true;0.04;213063.41;0.0417;KELLY_LITE(mult=1.30 taper=1.00 n=20)+HARD_RISK_CAP(2.0%)+MAXLOSS_CAP;213072.23;213072.23;33;0
2026.08.14 11:51:36;XAUUSD;5;1786669223;FILTER_BLOCK_TREND_DISAGREE;TREND_DISAGREE (main=1 fast=-1 rsi=53.1, no extreme);BLOCKED;SAFE;0;0;0;-1;-1;0.00;0.00;0.00;0.00;0.00;KELLY_LITE;true;0.04;213063.41;0.0417;KELLY_LITE(mult=1.30 taper=1.00 n=20)+HARD_RISK_CAP(2.0%)+MAXLOSS_CAP;213072.23;213072.23;33;0
2026.08.14 11:56:36;XAUUSD;5;1786669224;PLACE_PENDING_START;cycle=1786669224 trend=1 consecLosses=0 preset=AGGRESSIVE;PLACE_PENDING;SAFE;0;0;0;-1;-1;0.00;0.00;0.00;0.00;0.00;KELLY_LITE;true;0.04;213063.41;0.0417;KELLY_LITE(mult=1.30 taper=1.00 n=20)+HARD_RISK_CAP(2.0%)+MAXLOSS_CAP;213072.23;213072.23;30;0
2026.08.14 11:56:36;XAUUSD;5;1786669224;DIR_OCO_PLACED;dir=BULL ticket=119525049 price=4351.55 sl=4336.55 tp=4374.05 lot=0.04 dist=1.50;PLACE_PENDING;SAFE;0;1;0;119525049;-1;0.00;0.00;0.00;0.00;0.00;KELLY_LITE;true;0.04;213072.23;0.0417;KELLY_LITE(mult=1.30 taper=1.00 n=20)+HARD_RISK_CAP(2.0%)+MAXLOSS_CAP;213072.23;213072.23;30;0
2026.08.14 11:56:36;XAUUSD;5;1786669224;DIR_OCO_COUNTER_PLACED;dir=BEAR(counter) ticket=119525050 price=4348.25 lot=0.03;PLACE_PENDING;SAFE;0;2;0;119525049;119525050;0.00;0.00;0.00;0.00;0.00;KELLY_LITE;true;0.04;213072.23;0.0417;KELLY_LITE(mult=1.30 taper=1.00 n=20)+HARD_RISK_CAP(2.0%)+MAXLOSS_CAP;213072.23;213072.23;30;0
2026.08.14 11:56:55;XAUUSD;5;1786669224;BUY_STOP_TRAILED;Old=4351.55 New=4351.22;WAIT_TRIGGER;SAFE;0;2;0;119525049;119525050;0.00;0.00;0.00;0.00;0.00;KELLY_LITE;true;0.04;213072.23;0.0417;KELLY_LITE(mult=1.30 taper=1.00 n=20)+HARD_RISK_CAP(2.0%)+MAXLOSS_CAP;213072.23;213072.23;30;0
2026.08.14 11:57:11;XAUUSD;5;1786669224;BUY_STOP_TRAILED;Old=4351.22 New=4350.88;WAIT_TRIGGER;SAFE;0;2;0;119525049;119525050;0.00;0.00;0.00;0.00;0.00;KELLY_LITE;true;0.04;213072.23;0.0417;KELLY_LITE(mult=1.30 taper=1.00 n=20)+HARD_RISK_CAP(2.0%)+MAXLOSS_CAP;213072.23;213072.23;30;0
2026.08.14 11:57:20;XAUUSD;5;1786669224;BUY_STOP_TRAILED;Old=4350.88 New=4350.55;WAIT_TRIGGER;SAFE;0;2;0;119525049;119525050;0.00;0.00;0.00;0.00;0.00;KELLY_LITE;true;0.04;213072.23;0.0417;KELLY_LITE(mult=1.30 taper=1.00 n=20)+HARD_RISK_CAP(2.0%)+MAXLOSS_CAP;213072.23;213072.23;30;0
2026.08.14 11:58:40;XAUUSD;5;1786669224;BUY_STOP_TRAILED;Old=4350.55 New=4350.23;WAIT_TRIGGER;SAFE;0;2;0;119525049;119525050;0.00;0.00;0.00;0.00;0.00;KELLY_LITE;true;0.04;213072.23;0.0417;KELLY_LITE(mult=1.30 taper=1.00 n=20)+HARD_RISK_CAP(2.0%)+MAXLOSS_CAP;213072.23;213072.23;31;0
2026.08.14 11:58:41;XAUUSD;5;1786669224;OCO_TRIGGERED_SELL;ticket=119525050 entry=4348.25;POSITION_ACTIVE;SAFE;1;1;0;119525049;-1;0.00;-3.21;-3.21;0.00;0.00;KELLY_LITE;true;0.04;213072.23;0.0417;KELLY_LITE(mult=1.30 taper=1.00 n=20)+HARD_RISK_CAP(2.0%)+MAXLOSS_CAP;213072.23;213069.02;37;0
2026.08.14 11:58:41;XAUUSD;5;1786669224;PENDING_DELETED;ticket=119525049 reason=oco_sell_triggered;POSITION_ACTIVE;SAFE;1;0;0;119525049;-1;0.00;-3.72;-3.72;0.00;0.00;KELLY_LITE;true;0.04;213072.23;0.0417;KELLY_LITE(mult=1.30 taper=1.00 n=20)+HARD_RISK_CAP(2.0%)+MAXLOSS_CAP;213072.23;213068.51;33;0
2026.08.14 11:58:42;XAUUSD;5;1786669224;HEDGE_PENDING_PLACED;dir=BUY_STOP ticket=119525199 price=4352.49 sl=4349.49 lot=0.05 mainEntry=4348.25 dist=3.00 confirmBars=1;POSITION_ACTIVE;SAFE;1;1;1;-1;-1;4348.25;-4.17;-4.17;0.00;-3.72;KELLY_LITE;true;0.04;213072.23;0.0417;KELLY_LITE(mult=1.30 taper=1.00 n=20)+HARD_RISK_CAP(2.0%)+MAXLOSS_CAP;213072.23;213068.06;33;0
2026.08.14 12:13:44;XAUUSD;5;1786669224;PENDING_DELETED;ticket=119525199 reason=hedge_pending_expired;POSITION_ACTIVE;SAFE;1;0;1;-1;-1;4348.25;-7.80;-7.80;0.00;-10.98;KELLY_LITE;true;0.04;213072.23;0.0417;KELLY_LITE(mult=1.30 taper=1.00 n=20)+HARD_RISK_CAP(2.0%)+MAXLOSS_CAP;213072.23;213064.43;37;0
2026.08.14 12:13:44;XAUUSD;5;1786669224;HEDGE_PENDING_EXPIRED;after=900s rearm=1/1;POSITION_ACTIVE;SAFE;1;0;1;-1;-1;4348.25;-7.80;-7.80;0.00;-10.98;KELLY_LITE;true;0.04;213072.23;0.0417;KELLY_LITE(mult=1.30 taper=1.00 n=20)+HARD_RISK_CAP(2.0%)+MAXLOSS_CAP;213072.23;213064.43;37;0
2026.08.14 12:13:44;XAUUSD;5;1786669224;HEDGE_PENDING_PLACED;dir=BUY_STOP ticket=119525731 price=4353.85 sl=4350.85 lot=0.05 mainEntry=4348.25 dist=3.00 confirmBars=1;MANAGE_PROFIT;SAFE;1;1;1;-1;-1;4348.25;-7.65;-7.65;0.00;-10.98;KELLY_LITE;true;0.04;213072.23;0.0417;KELLY_LITE(mult=1.30 taper=1.00 n=20)+HARD_RISK_CAP(2.0%)+MAXLOSS_CAP;213072.23;213064.58;33;0
2026.08.14 12:16:35;XAUUSD;5;1786669224;EXIT_TIME_LOSS_CONFIRMED;held=17 profit=-12.39 rsi=55.3;MANAGE_PROFIT;SAFE;1;1;1;-1;-1;4348.25;-12.39;-12.39;0.00;-12.39;KELLY_LITE;true;0.04;213072.23;0.0417;KELLY_LITE(mult=1.30 taper=1.00 n=20)+HARD_RISK_CAP(2.0%)+MAXLOSS_CAP;213072.23;213059.84;33;0
2026.08.14 12:16:36;XAUUSD;5;1786669224;POSITION_CLOSED;ticket=119525050 reason=time_loss_exit_confirmed lots=0.03 price=4352.38 pnl=-12.39;MANAGE_PROFIT;SAFE;0;1;1;-1;-1;4348.25;0.00;0.00;0.00;-12.39;KELLY_LITE;true;0.04;213072.23;0.0417;KELLY_LITE(mult=1.30 taper=1.00 n=20)+HARD_RISK_CAP(2.0%)+MAXLOSS_CAP;213059.72;213059.72;33;0
2026.08.14 12:16:36;XAUUSD;5;1786669224;PENDING_DELETED;ticket=119525731 reason=close_all_hedge;MANAGE_PROFIT;SAFE;0;0;0;-1;-1;4348.25;0.00;0.00;0.00;-12.39;KELLY_LITE;true;0.04;213072.23;0.0417;KELLY_LITE(mult=1.30 taper=1.00 n=20)+HARD_RISK_CAP(2.0%)+MAXLOSS_CAP;213059.72;213059.72;33;0
2026.08.14 12:16:36;XAUUSD;5;1786669224;LOSS_COOLDOWN_AFTER_LOSS;cyclePnL=-12.51 pauseUntil=2026.08.14 12:21:36;RESET;SAFE;0;0;0;-1;-1;4348.25;0.00;0.00;0.00;-12.39;KELLY_LITE;true;0.04;213072.23;0.0417;KELLY_LITE(mult=1.30 taper=1.00 n=20)+HARD_RISK_CAP(2.0%)+MAXLOSS_CAP;213059.72;213059.72;33;0
2026.08.14 12:16:36;XAUUSD;5;1786669224;CYCLE_RESET;oldState=RESET realizedPnL=-12.51 peak=0.00 worst=-12.39 pyramid=0 consLosses=1;RESET;SAFE;0;0;0;-1;-1;4348.25;0.00;0.00;0.00;-12.39;KELLY_LITE;true;0.04;213072.23;0.0417;KELLY_LITE(mult=1.30 taper=1.00 n=20)+HARD_RISK_CAP(2.0%)+MAXLOSS_CAP;213059.72;213059.72;33;0
2026.08.14 12:21:36;XAUUSD;5;1786669224;FILTER_BLOCK_TREND_DISAGREE;TREND_DISAGREE (main=1 fast=-1 rsi=62.4, no extreme);BLOCKED;SAFE;0;0;0;-1;-1;0.00;0.00;0.00;0.00;0.00;KELLY_LITE;true;0.04;213072.23;0.0417;KELLY_LITE(mult=1.30 taper=1.00 n=20)+HARD_RISK_CAP(2.0%)+MAXLOSS_CAP;213059.72;213059.72;33;0
2026.08.14 12:26:36;XAUUSD;5;1786669224;FILTER_BLOCK_ADX_WEAK_MAIN;ADX_WEAK_MAIN (adx=22.6 min=23.0 [streak=1]);BLOCKED;SAFE;0;0;0;-1;-1;0.00;0.00;0.00;0.00;0.00;KELLY_LITE;true;0.04;213072.23;0.0417;KELLY_LITE(mult=1.30 taper=1.00 n=20)+HARD_RISK_CAP(2.0%)+MAXLOSS_CAP;213059.72;213059.72;33;0
2026.08.14 12:31:36;XAUUSD;5;1786669225;PLACE_PENDING_START;cycle=1786669225 trend=1 consecLosses=1 preset=AGGRESSIVE;PLACE_PENDING;SAFE;0;0;0;-1;-1;0.00;0.00;0.00;0.00;0.00;KELLY_LITE;true;0.04;213072.23;0.0417;KELLY_LITE(mult=1.30 taper=1.00 n=20)+HARD_RISK_CAP(2.0%)+MAXLOSS_CAP;213059.72;213059.72;33;0
2026.08.14 12:31:36;XAUUSD;5;1786669225;DIR_OCO_PLACED;dir=BULL ticket=119528024 price=4359.61 sl=4344.61 tp=4382.11 lot=0.04 dist=1.50;PLACE_PENDING;SAFE;0;1;0;119528024;-1;0.00;0.00;0.00;0.00;0.00;KELLY_LITE;true;0.04;213059.72;0.0417;KELLY_LITE(mult=1.30 taper=1.00 n=20)+HARD_RISK_CAP(2.0%)+MAXLOSS_CAP;213059.72;213059.72;30;0
2026.08.14 12:31:37;XAUUSD;5;1786669225;DIR_OCO_COUNTER_PLACED;dir=BEAR(counter) ticket=119528035 price=4356.93 lot=0.03;PLACE_PENDING;SAFE;0;2;0;119528024;119528035;0.00;0.00;0.00;0.00;0.00;KELLY_LITE;true;0.04;213059.72;0.0417;KELLY_LITE(mult=1.30 taper=1.00 n=20)+HARD_RISK_CAP(2.0%)+MAXLOSS_CAP;213059.72;213059.72;33;0
2026.08.14 12:31:37;XAUUSD;5;1786669225;SELL_STOP_TRAILED;Old=4356.93 New=4357.38;WAIT_TRIGGER;SAFE;0;2;0;119528024;119528035;0.00;0.00;0.00;0.00;0.00;KELLY_LITE;true;0.04;213059.72;0.0417;KELLY_LITE(mult=1.30 taper=1.00 n=20)+HARD_RISK_CAP(2.0%)+MAXLOSS_CAP;213059.72;213059.72;33;0
2026.08.14 12:34:12;XAUUSD;5;1786669225;SELL_STOP_TRAILED;Old=4357.38 New=4357.72;WAIT_TRIGGER;SAFE;1;1;0;119528024;119528035;0.00;-1.24;-1.24;0.00;0.00;KELLY_LITE;true;0.04;213059.72;0.0417;KELLY_LITE(mult=1.30 taper=1.00 n=20)+HARD_RISK_CAP(2.0%)+MAXLOSS_CAP;213059.72;213058.48;33;0
2026.08.14 12:34:12;XAUUSD;5;1786669225;OCO_TRIGGERED_BUY;ticket=119528024 entry=4359.61;POSITION_ACTIVE;SAFE;1;1;0;-1;119528035;0.00;-1.24;-1.24;0.00;0.00;KELLY_LITE;true;0.04;213059.72;0.0417;KELLY_LITE(mult=1.30 taper=1.00 n=20)+HARD_RISK_CAP(2.0%)+MAXLOSS_CAP;213059.72;213058.48;33;0
2026.08.14 12:34:12;XAUUSD;5;1786669225;PENDING_DELETED;ticket=119528035 reason=oco_buy_triggered;POSITION_ACTIVE;SAFE;1;0;0;-1;119528035;0.00;-1.40;-1.40;0.00;0.00;KELLY_LITE;true;0.04;213059.72;0.0417;KELLY_LITE(mult=1.30 taper=1.00 n=20)+HARD_RISK_CAP(2.0%)+MAXLOSS_CAP;213059.72;213058.32;33;0
2026.08.14 12:34:13;XAUUSD;5;1786669225;HEDGE_PENDING_PLACED;dir=SELL_STOP ticket=119528225 price=4356.26 sl=4359.26 lot=0.05 mainEntry=4359.61 dist=3.00 confirmBars=1;POSITION_ACTIVE;SAFE;1;1;1;-1;-1;4359.61;-0.96;-0.96;0.00;-1.40;KELLY_LITE;true;0.04;213059.72;0.0417;KELLY_LITE(mult=1.30 taper=1.00 n=20)+HARD_RISK_CAP(2.0%)+MAXLOSS_CAP;213059.72;213058.76;33;0
2026.08.14 12:34:50;XAUUSD;5;1786669225;SL_MODIFIED;ticket=119528024 oldSL=4344.61 newSL=4360.67 reason=break_even_lock_leg_0 (retry buf=8pt);MANAGE_PROFIT;SAFE;1;1;1;-1;-1;4359.61;6.72;6.72;8.04;-2.12;KELLY_LITE;true;0.04;213059.72;0.0417;KELLY_LITE(mult=1.30 taper=1.00 n=20)+HARD_RISK_CAP(2.0%)+MAXLOSS_CAP;213059.72;213066.44;33;0
2026.08.14 12:34:50;XAUUSD;5;1786669225;PROFIT_RATCHET_LOCKED;floor=2.71 peak=8.04;MANAGE_PROFIT;SAFE;1;1;1;-1;-1;4359.61;6.72;6.72;8.04;-2.12;KELLY_LITE;true;0.04;213059.72;0.0417;KELLY_LITE(mult=1.30 taper=1.00 n=20)+HARD_RISK_CAP(2.0%)+MAXLOSS_CAP;213059.72;213066.44;33;0
2026.08.14 12:34:51;XAUUSD;5;1786669225;SL_MODIFIED;ticket=119528024 oldSL=4360.67 newSL=4360.77 reason=break_even_lock_leg_0;MANAGE_PROFIT;SAFE;1;1;1;-1;-1;4359.61;6.88;6.88;8.04;-2.12;KELLY_LITE;true;0.04;213059.72;0.0417;KELLY_LITE(mult=1.30 taper=1.00 n=20)+HARD_RISK_CAP(2.0%)+MAXLOSS_CAP;213059.72;213066.60;33;0
2026.08.14 12:34:51;XAUUSD;5;1786669225;PROFIT_RATCHET_LOCKED;floor=2.71 peak=8.04;MANAGE_PROFIT;SAFE;1;1;1;-1;-1;4359.61;6.88;6.88;8.04;-2.12;KELLY_LITE;true;0.04;213059.72;0.0417;KELLY_LITE(mult=1.30 taper=1.00 n=20)+HARD_RISK_CAP(2.0%)+MAXLOSS_CAP;213059.72;213066.60;33;0
2026.08.14 12:34:51;XAUUSD;5;1786669225;SL_MODIFY_FAILED;ticket=119528024 newSL=4360.81 reason=break_even_lock_leg_0 err=0;MANAGE_PROFIT;SAFE;1;1;1;-1;-1;4359.61;6.44;6.44;8.04;-2.12;KELLY_LITE;true;0.04;213059.72;0.0417;KELLY_LITE(mult=1.30 taper=1.00 n=20)+HARD_RISK_CAP(2.0%)+MAXLOSS_CAP;213059.72;213066.16;33;0
2026.08.14 12:34:51;XAUUSD;5;1786669225;PROFIT_RATCHET_LOCKED;floor=2.71 peak=8.04;MANAGE_PROFIT;SAFE;1;1;1;-1;-1;4359.61;6.44;6.44;8.04;-2.12;KELLY_LITE;true;0.04;213059.72;0.0417;KELLY_LITE(mult=1.30 taper=1.00 n=20)+HARD_RISK_CAP(2.0%)+MAXLOSS_CAP;213059.72;213066.16;33;0
2026.08.14 12:34:51;XAUUSD;5;1786669225;PROFIT_RATCHET_LOCKED;floor=2.71 peak=8.04;MANAGE_PROFIT;SAFE;1;1;1;-1;-1;4359.61;6.44;6.44;8.04;-2.12;KELLY_LITE;true;0.04;213059.72;0.0417;KELLY_LITE(mult=1.30 taper=1.00 n=20)+HARD_RISK_CAP(2.0%)+MAXLOSS_CAP;213059.72;213066.16;33;0
2026.08.14 12:34:51;XAUUSD;5;1786669225;PROFIT_RATCHET_LOCKED;floor=2.71 peak=8.04;MANAGE_PROFIT;SAFE;1;1;1;-1;-1;4359.61;6.28;6.28;8.04;-2.12;KELLY_LITE;true;0.04;213059.72;0.0417;KELLY_LITE(mult=1.30 taper=1.00 n=20)+HARD_RISK_CAP(2.0%)+MAXLOSS_CAP;213059.72;213066.00;33;0
2026.08.14 12:34:52;XAUUSD;5;1786669225;PROFIT_RATCHET_LOCKED;floor=2.71 peak=8.04;MANAGE_PROFIT;SAFE;1;1;1;-1;-1;4359.61;6.20;6.20;8.04;-2.12;KELLY_LITE;true;0.04;213059.72;0.0417;KELLY_LITE(mult=1.30 taper=1.00 n=20)+HARD_RISK_CAP(2.0%)+MAXLOSS_CAP;213059.72;213065.92;33;0
2026.08.14 12:34:52;XAUUSD;5;1786669225;PROFIT_RATCHET_LOCKED;floor=2.71 peak=8.04;MANAGE_PROFIT;SAFE;1;1;1;-1;-1;4359.61;6.72;6.72;8.04;-2.12;KELLY_LITE;true;0.04;213059.72;0.0417;KELLY_LITE(mult=1.30 taper=1.00 n=20)+HARD_RISK_CAP(2.0%)+MAXLOSS_CAP;213059.72;213066.44;33;0
2026.08.14 12:34:52;XAUUSD;5;1786669225;PROFIT_RATCHET_LOCKED;floor=2.71 peak=8.04;MANAGE_PROFIT;SAFE;1;1;1;-1;-1;4359.61;6.52;6.52;8.04;-2.12;KELLY_LITE;true;0.04;213059.72;0.0417;KELLY_LITE(mult=1.30 taper=1.00 n=20)+HARD_RISK_CAP(2.0%)+MAXLOSS_CAP;213059.72;213066.24;33;0
2026.08.14 12:34:53;XAUUSD;5;1786669225;PROFIT_RATCHET_LOCKED;floor=2.71 peak=8.04;MANAGE_PROFIT;SAFE;1;1;1;-1;-1;4359.61;6.68;6.68;8.04;-2.12;KELLY_LITE;true;0.04;213059.72;0.0417;KELLY_LITE(mult=1.30 taper=1.00 n=20)+HARD_RISK_CAP(2.0%)+MAXLOSS_CAP;213059.72;213066.40;33;0
2026.08.14 12:34:53;XAUUSD;5;1786669225;PROFIT_RATCHET_LOCKED;floor=2.71 peak=8.04;MANAGE_PROFIT;SAFE;1;1;1;-1;-1;4359.61;6.56;6.56;8.04;-2.12;KELLY_LITE;true;0.04;213059.72;0.0417;KELLY_LITE(mult=1.30 taper=1.00 n=20)+HARD_RISK_CAP(2.0%)+MAXLOSS_CAP;213059.72;213066.28;33;0
2026.08.14 12:34:54;XAUUSD;5;1786669225;PROFIT_RATCHET_LOCKED;floor=2.71 peak=8.04;MANAGE_PROFIT;SAFE;1;1;1;-1;-1;4359.61;5.96;5.96;8.04;-2.12;KELLY_LITE;true;0.04;213059.72;0.0417;KELLY_LITE(mult=1.30 taper=1.00 n=20)+HARD_RISK_CAP(2.0%)+MAXLOSS_CAP;213059.72;213065.68;33;0
2026.08.14 12:34:54;XAUUSD;5;1786669225;PROFIT_RATCHET_LOCKED;floor=2.71 peak=8.04;MANAGE_PROFIT;SAFE;1;1;1;-1;-1;4359.61;6.04;6.04;8.04;-2.12;KELLY_LITE;true;0.04;213059.72;0.0417;KELLY_LITE(mult=1.30 taper=1.00 n=20)+HARD_RISK_CAP(2.0%)+MAXLOSS_CAP;213059.72;213065.76;33;0
2026.08.14 12:34:54;XAUUSD;5;1786669225;PROFIT_RATCHET_LOCKED;floor=2.71 peak=8.04;MANAGE_PROFIT;SAFE;1;1;1;-1;-1;4359.61;6.28;6.28;8.04;-2.12;KELLY_LITE;true;0.04;213059.72;0.0417;KELLY_LITE(mult=1.30 taper=1.00 n=20)+HARD_RISK_CAP(2.0%)+MAXLOSS_CAP;213059.72;213066.00;33;0
2026.08.14 12:34:55;XAUUSD;5;1786669225;PROFIT_RATCHET_LOCKED;floor=2.71 peak=8.04;MANAGE_PROFIT;SAFE;1;1;1;-1;-1;4359.61;6.20;6.20;8.04;-2.12;KELLY_LITE;true;0.04;213059.72;0.0417;KELLY_LITE(mult=1.30 taper=1.00 n=20)+HARD_RISK_CAP(2.0%)+MAXLOSS_CAP;213059.72;213065.92;33;0
2026.08.14 12:34:55;XAUUSD;5;1786669225;PROFIT_RATCHET_LOCKED;floor=2.71 peak=8.04;MANAGE_PROFIT;SAFE;1;1;1;-1;-1;4359.61;6.28;6.28;8.04;-2.12;KELLY_LITE;true;0.04;213059.72;0.0417;KELLY_LITE(mult=1.30 taper=1.00 n=20)+HARD_RISK_CAP(2.0%)+MAXLOSS_CAP;213059.72;213066.00;33;0
2026.08.14 12:34:55;XAUUSD;5;1786669225;PROFIT_RATCHET_LOCKED;floor=2.71 peak=8.04;MANAGE_PROFIT;SAFE;1;1;1;-1;-1;4359.61;6.24;6.24;8.04;-2.12;KELLY_LITE;true;0.04;213059.72;0.0417;KELLY_LITE(mult=1.30 taper=1.00 n=20)+HARD_RISK_CAP(2.0%)+MAXLOSS_CAP;213059.72;213065.96;33;0
2026.08.14 12:34:56;XAUUSD;5;1786669225;PROFIT_RATCHET_LOCKED;floor=2.71 peak=8.04;MANAGE_PROFIT;SAFE;1;1;1;-1;-1;4359.61;6.52;6.52;8.04;-2.12;KELLY_LITE;true;0.04;213059.72;0.0417;KELLY_LITE(mult=1.30 taper=1.00 n=20)+HARD_RISK_CAP(2.0%)+MAXLOSS_CAP;213059.72;213066.24;33;0
2026.08.14 12:34:56;XAUUSD;5;1786669225;PROFIT_RATCHET_LOCKED;floor=2.71 peak=8.04;MANAGE_PROFIT;SAFE;1;1;1;-1;-1;4359.61;6.76;6.76;8.04;-2.12;KELLY_LITE;true;0.04;213059.72;0.0417;KELLY_LITE(mult=1.30 taper=1.00 n=20)+HARD_RISK_CAP(2.0%)+MAXLOSS_CAP;213059.72;213066.48;33;0
2026.08.14 12:34:56;XAUUSD;5;1786669225;PROFIT_RATCHET_LOCKED;floor=2.71 peak=8.04;MANAGE_PROFIT;SAFE;1;1;1;-1;-1;4359.61;6.64;6.64;8.04;-2.12;KELLY_LITE;true;0.04;213059.72;0.0417;KELLY_LITE(mult=1.30 taper=1.00 n=20)+HARD_RISK_CAP(2.0%)+MAXLOSS_CAP;213059.72;213066.36;33;0
2026.08.14 12:34:56;XAUUSD;5;1786669225;PROFIT_RATCHET_LOCKED;floor=2.71 peak=8.04;MANAGE_PROFIT;SAFE;1;1;1;-1;-1;4359.61;6.56;6.56;8.04;-2.12;KELLY_LITE;true;0.04;213059.72;0.0417;KELLY_LITE(mult=1.30 taper=1.00 n=20)+HARD_RISK_CAP(2.0%)+MAXLOSS_CAP;213059.72;213066.28;33;0
2026.08.14 12:34:57;XAUUSD;5;1786669225;SL_MODIFIED;ticket=119528024 oldSL=4360.77 newSL=4360.87 reason=break_even_lock_leg_0;MANAGE_PROFIT;SAFE;1;1;1;-1;-1;4359.61;7.12;7.12;8.04;-2.12;KELLY_LITE;true;0.04;213059.72;0.0417;KELLY_LITE(mult=1.30 taper=1.00 n=20)+HARD_RISK_CAP(2.0%)+MAXLOSS_CAP;213059.72;213066.84;33;0
2026.08.14 12:34:57;XAUUSD;5;1786669225;PROFIT_RATCHET_LOCKED;floor=2.71 peak=8.04;MANAGE_PROFIT;SAFE;1;1;1;-1;-1;4359.61;7.12;7.12;8.04;-2.12;KELLY_LITE;true;0.04;213059.72;0.0417;KELLY_LITE(mult=1.30 taper=1.00 n=20)+HARD_RISK_CAP(2.0%)+MAXLOSS_CAP;213059.72;213066.84;33;0
2026.08.14 12:34:58;XAUUSD;5;1786669225;PROFIT_RATCHET_LOCKED;floor=2.71 peak=8.04;MANAGE_PROFIT;SAFE;1;1;1;-1;-1;4359.61;6.52;6.52;8.04;-2.12;KELLY_LITE;true;0.04;213059.72;0.0417;KELLY_LITE(mult=1.30 taper=1.00 n=20)+HARD_RISK_CAP(2.0%)+MAXLOSS_CAP;213059.72;213066.24;33;0
2026.08.14 12:34:58;XAUUSD;5;1786669225;PROFIT_RATCHET_LOCKED;floor=2.71 peak=8.04;MANAGE_PROFIT;SAFE;1;1;1;-1;-1;4359.61;6.52;6.52;8.04;-2.12;KELLY_LITE;true;0.04;213059.72;0.0417;KELLY_LITE(mult=1.30 taper=1.00 n=20)+HARD_RISK_CAP(2.0%)+MAXLOSS_CAP;213059.72;213066.24;33;0
2026.08.14 12:34:58;XAUUSD;5;1786669225;PROFIT_RATCHET_LOCKED;floor=2.71 peak=8.04;MANAGE_PROFIT;SAFE;1;1;1;-1;-1;4359.61;7.04;7.04;8.04;-2.12;KELLY_LITE;true;0.04;213059.72;0.0417;KELLY_LITE(mult=1.30 taper=1.00 n=20)+HARD_RISK_CAP(2.0%)+MAXLOSS_CAP;213059.72;213066.76;33;0
2026.08.14 12:34:58;XAUUSD;5;1786669225;PROFIT_RATCHET_LOCKED;floor=2.71 peak=8.04;MANAGE_PROFIT;SAFE;1;1;1;-1;-1;4359.61;7.08;7.08;8.04;-2.12;KELLY_LITE;true;0.04;213059.72;0.0417;KELLY_LITE(mult=1.30 taper=1.00 n=20)+HARD_RISK_CAP(2.0%)+MAXLOSS_CAP;213059.72;213066.80;33;0
2026.08.14 12:34:59;XAUUSD;5;1786669225;PROFIT_RATCHET_LOCKED;floor=2.71 peak=8.04;MANAGE_PROFIT;SAFE;1;1;1;-1;-1;4359.61;7.04;7.04;8.04;-2.12;KELLY_LITE;true;0.04;213059.72;0.0417;KELLY_LITE(mult=1.30 taper=1.00 n=20)+HARD_RISK_CAP(2.0%)+MAXLOSS_CAP;213059.72;213066.76;33;0
2026.08.14 12:34:59;XAUUSD;5;1786669225;PROFIT_RATCHET_LOCKED;floor=2.71 peak=8.04;MANAGE_PROFIT;SAFE;1;1;1;-1;-1;4359.61;7.08;7.08;8.04;-2.12;KELLY_LITE;true;0.04;213059.72;0.0417;KELLY_LITE(mult=1.30 taper=1.00 n=20)+HARD_RISK_CAP(2.0%)+MAXLOSS_CAP;213059.72;213066.80;33;0
2026.08.14 12:34:59;XAUUSD;5;1786669225;PROFIT_RATCHET_LOCKED;floor=2.71 peak=8.04;MANAGE_PROFIT;SAFE;1;1;1;-1;-1;4359.61;7.16;7.16;8.04;-2.12;KELLY_LITE;true;0.04;213059.72;0.0417;KELLY_LITE(mult=1.30 taper=1.00 n=20)+HARD_RISK_CAP(2.0%)+MAXLOSS_CAP;213059.72;213066.88;33;0
2026.08.14 12:35:00;XAUUSD;5;1786669225;SL_MODIFIED;ticket=119528024 oldSL=4360.87 newSL=4360.90 reason=break_even_lock_leg_0;MANAGE_PROFIT;SAFE;1;1;1;-1;-1;4359.61;7.24;7.24;8.04;-2.12;KELLY_LITE;true;0.04;213059.72;0.0417;KELLY_LITE(mult=1.30 taper=1.00 n=20)+HARD_RISK_CAP(2.0%)+MAXLOSS_CAP;213059.72;213066.96;33;0
2026.08.14 12:35:00;XAUUSD;5;1786669225;PROFIT_RATCHET_LOCKED;floor=2.71 peak=8.04;MANAGE_PROFIT;SAFE;1;1;1;-1;-1;4359.61;7.24;7.24;8.04;-2.12;KELLY_LITE;true;0.04;213059.72;0.0417;KELLY_LITE(mult=1.30 taper=1.00 n=20)+HARD_RISK_CAP(2.0%)+MAXLOSS_CAP;213059.72;213066.96;33;0
2026.08.14 12:35:00;XAUUSD;5;1786669225;PROFIT_RATCHET_LOCKED;floor=2.71 peak=8.04;MANAGE_PROFIT;SAFE;1;1;1;-1;-1;4359.61;7.24;7.24;8.04;-2.12;KELLY_LITE;true;0.04;213059.72;0.0417;KELLY_LITE(mult=1.30 taper=1.00 n=20)+HARD_RISK_CAP(2.0%)+MAXLOSS_CAP;213059.72;213066.96;33;0
2026.08.14 12:35:00;XAUUSD;5;1786669225;PROFIT_RATCHET_LOCKED;floor=2.71 peak=8.04;MANAGE_PROFIT;SAFE;1;1;1;-1;-1;4359.61;7.20;7.20;8.04;-2.12;KELLY_LITE;true;0.04;213059.72;0.0417;KELLY_LITE(mult=1.30 taper=1.00 n=20)+HARD_RISK_CAP(2.0%)+MAXLOSS_CAP;213059.72;213066.92;33;0
2026.08.14 12:35:01;XAUUSD;5;1786669225;SL_MODIFIED;ticket=119528024 oldSL=4360.90 newSL=4360.94 reason=break_even_lock_leg_0;MANAGE_PROFIT;SAFE;1;1;1;-1;-1;4359.61;8.08;8.08;8.04;-2.12;KELLY_LITE;true;0.04;213059.72;0.0417;KELLY_LITE(mult=1.30 taper=1.00 n=20)+HARD_RISK_CAP(2.0%)+MAXLOSS_CAP;213059.72;213067.80;33;0
2026.08.14 12:35:01;XAUUSD;5;1786669225;PROFIT_RATCHET_LOCKED;floor=2.71 peak=8.04;MANAGE_PROFIT;SAFE;1;1;1;-1;-1;4359.61;8.08;8.08;8.04;-2.12;KELLY_LITE;true;0.04;213059.72;0.0417;KELLY_LITE(mult=1.30 taper=1.00 n=20)+HARD_RISK_CAP(2.0%)+MAXLOSS_CAP;213059.72;213067.80;33;0
2026.08.14 12:35:01;XAUUSD;5;1786669225;SL_MODIFIED;ticket=119528024 oldSL=4360.94 newSL=4361.11 reason=break_even_lock_leg_0;MANAGE_PROFIT;SAFE;1;1;1;-1;-1;4359.61;8.64;8.08;8.08;-2.12;KELLY_LITE;true;0.04;213059.72;0.0417;KELLY_LITE(mult=1.30 taper=1.00 n=20)+HARD_RISK_CAP(2.0%)+MAXLOSS_CAP;213059.72;213068.36;33;0
2026.08.14 12:35:01;XAUUSD;5;1786669225;PROFIT_RATCHET_LOCKED;floor=2.73 peak=8.08;MANAGE_PROFIT;SAFE;1;1;1;-1;-1;4359.61;8.64;8.08;8.08;-2.12;KELLY_LITE;true;0.04;213059.72;0.0417;KELLY_LITE(mult=1.30 taper=1.00 n=20)+HARD_RISK_CAP(2.0%)+MAXLOSS_CAP;213059.72;213068.36;33;0
2026.08.14 12:35:02;XAUUSD;5;1786669225;SL_MODIFIED;ticket=119528024 oldSL=4361.11 newSL=4361.25 reason=break_even_lock_leg_0;MANAGE_PROFIT;SAFE;1;1;1;-1;-1;4359.61;8.60;8.60;8.64;-2.12;KELLY_LITE;true;0.04;213059.72;0.0417;KELLY_LITE(mult=1.30 taper=1.00 n=20)+HARD_RISK_CAP(2.0%)+MAXLOSS_CAP;213059.72;213068.32;33;0
2026.08.14 12:35:02;XAUUSD;5;1786669225;PROFIT_RATCHET_LOCKED;floor=2.92 peak=8.64;MANAGE_PROFIT;SAFE;1;1;1;-1;-1;4359.61;8.60;8.60;8.64;-2.12;KELLY_LITE;true;0.04;213059.72;0.0417;KELLY_LITE(mult=1.30 taper=1.00 n=20)+HARD_RISK_CAP(2.0%)+MAXLOSS_CAP;213059.72;213068.32;33;0
2026.08.14 12:35:02;XAUUSD;5;1786669225;PROFIT_RATCHET_LOCKED;floor=2.92 peak=8.64;MANAGE_PROFIT;SAFE;1;1;1;-1;-1;4359.61;8.60;8.60;8.64;-2.12;KELLY_LITE;true;0.04;213059.72;0.0417;KELLY_LITE(mult=1.30 taper=1.00 n=20)+HARD_RISK_CAP(2.0%)+MAXLOSS_CAP;213059.72;213068.32;33;0
2026.08.14 12:35:02;XAUUSD;5;1786669225;PROFIT_RATCHET_LOCKED;floor=2.92 peak=8.64;MANAGE_PROFIT;SAFE;1;1;1;-1;-1;4359.61;8.32;8.32;8.64;-2.12;KELLY_LITE;true;0.04;213059.72;0.0417;KELLY_LITE(mult=1.30 taper=1.00 n=20)+HARD_RISK_CAP(2.0%)+MAXLOSS_CAP;213059.72;213068.04;33;0
2026.08.14 12:35:03;XAUUSD;5;1786669225;SL_MODIFIED;ticket=119528024 oldSL=4361.25 newSL=4361.30 reason=break_even_lock_leg_0;MANAGE_PROFIT;SAFE;1;1;1;-1;-1;4359.61;8.84;8.84;8.84;-2.12;KELLY_LITE;true;0.04;213059.72;0.0417;KELLY_LITE(mult=1.30 taper=1.00 n=20)+HARD_RISK_CAP(2.0%)+MAXLOSS_CAP;213059.72;213068.56;33;0
2026.08.14 12:35:03;XAUUSD;5;1786669225;PROFIT_RATCHET_LOCKED;floor=2.98 peak=8.84;MANAGE_PROFIT;SAFE;1;1;1;-1;-1;4359.61;8.84;8.84;8.84;-2.12;KELLY_LITE;true;0.04;213059.72;0.0417;KELLY_LITE(mult=1.30 taper=1.00 n=20)+HARD_RISK_CAP(2.0%)+MAXLOSS_CAP;213059.72;213068.56;33;0
2026.08.14 12:35:03;XAUUSD;5;1786669225;PROFIT_RATCHET_LOCKED;floor=2.98 peak=8.84;MANAGE_PROFIT;SAFE;1;1;1;-1;-1;4359.61;8.84;8.84;8.84;-2.12;KELLY_LITE;true;0.04;213059.72;0.0417;KELLY_LITE(mult=1.30 taper=1.00 n=20)+HARD_RISK_CAP(2.0%)+MAXLOSS_CAP;213059.72;213068.56;33;0
2026.08.14 12:35:03;XAUUSD;5;1786669225;PROFIT_RATCHET_LOCKED;floor=2.98 peak=8.84;MANAGE_PROFIT;SAFE;1;1;1;-1;-1;4359.61;8.80;8.80;8.84;-2.12;KELLY_LITE;true;0.04;213059.72;0.0417;KELLY_LITE(mult=1.30 taper=1.00 n=20)+HARD_RISK_CAP(2.0%)+MAXLOSS_CAP;213059.72;213068.52;33;0
2026.08.14 12:35:04;XAUUSD;5;1786669225;SL_MODIFIED;ticket=119528024 oldSL=4361.30 newSL=4361.45 reason=break_even_lock_leg_0;MANAGE_PROFIT;SAFE;1;1;1;-1;-1;4359.61;9.40;9.40;9.44;-2.12;KELLY_LITE;true;0.04;213059.72;0.0417;KELLY_LITE(mult=1.30 taper=1.00 n=20)+HARD_RISK_CAP(2.0%)+MAXLOSS_CAP;213059.72;213069.12;33;0
2026.08.14 12:35:04;XAUUSD;5;1786669225;PROFIT_RATCHET_LOCKED;floor=3.19 peak=9.44;MANAGE_PROFIT;SAFE;1;1;1;-1;-1;4359.61;9.40;9.40;9.44;-2.12;KELLY_LITE;true;0.04;213059.72;0.0417;KELLY_LITE(mult=1.30 taper=1.00 n=20)+HARD_RISK_CAP(2.0%)+MAXLOSS_CAP;213059.72;213069.12;33;0
2026.08.14 12:35:04;XAUUSD;5;1786669225;PROFIT_RATCHET_LOCKED;floor=3.19 peak=9.44;MANAGE_PROFIT;SAFE;1;1;1;-1;-1;4359.61;9.40;9.40;9.44;-2.12;KELLY_LITE;true;0.04;213059.72;0.0417;KELLY_LITE(mult=1.30 taper=1.00 n=20)+HARD_RISK_CAP(2.0%)+MAXLOSS_CAP;213059.72;213069.12;33;0
2026.08.14 12:35:04;XAUUSD;5;1786669225;PROFIT_RATCHET_LOCKED;floor=3.19 peak=9.44;MANAGE_PROFIT;SAFE;1;1;1;-1;-1;4359.61;9.44;9.44;9.44;-2.12;KELLY_LITE;true;0.04;213059.72;0.0417;KELLY_LITE(mult=1.30 taper=1.00 n=20)+HARD_RISK_CAP(2.0%)+MAXLOSS_CAP;213059.72;213069.16;33;0
2026.08.14 12:35:05;XAUUSD;5;1786669225;PROFIT_RATCHET_LOCKED;floor=3.19 peak=9.44;MANAGE_PROFIT;SAFE;1;1;1;-1;-1;4359.61;9.32;9.32;9.44;-2.12;KELLY_LITE;true;0.04;213059.72;0.0417;KELLY_LITE(mult=1.30 taper=1.00 n=20)+HARD_RISK_CAP(2.0%)+MAXLOSS_CAP;213059.72;213069.04;33;0
2026.08.14 12:35:05;XAUUSD;5;1786669225;PROFIT_RATCHET_LOCKED;floor=3.19 peak=9.44;MANAGE_PROFIT;SAFE;1;1;1;-1;-1;4359.61;9.28;9.28;9.44;-2.12;KELLY_LITE;true;0.04;213059.72;0.0417;KELLY_LITE(mult=1.30 taper=1.00 n=20)+HARD_RISK_CAP(2.0%)+MAXLOSS_CAP;213059.72;213069.00;33;0
2026.08.14 12:35:05;XAUUSD;5;1786669225;PROFIT_RATCHET_LOCKED;floor=3.19 peak=9.44;MANAGE_PROFIT;SAFE;1;1;1;-1;-1;4359.61;9.44;9.44;9.44;-2.12;KELLY_LITE;true;0.04;213059.72;0.0417;KELLY_LITE(mult=1.30 taper=1.00 n=20)+HARD_RISK_CAP(2.0%)+MAXLOSS_CAP;213059.72;213069.16;30;0
2026.08.14 12:35:06;XAUUSD;5;1786669225;PROFIT_RATCHET_LOCKED;floor=3.19 peak=9.44;MANAGE_PROFIT;SAFE;1;1;1;-1;-1;4359.61;8.96;8.96;9.44;-2.12;KELLY_LITE;true;0.04;213059.72;0.0417;KELLY_LITE(mult=1.30 taper=1.00 n=20)+HARD_RISK_CAP(2.0%)+MAXLOSS_CAP;213059.72;213068.68;33;0
2026.08.14 12:35:06;XAUUSD;5;1786669225;PROFIT_RATCHET_LOCKED;floor=3.19 peak=9.44;MANAGE_PROFIT;SAFE;1;1;1;-1;-1;4359.61;8.68;8.68;9.44;-2.12;KELLY_LITE;true;0.04;213059.72;0.0417;KELLY_LITE(mult=1.30 taper=1.00 n=20)+HARD_RISK_CAP(2.0%)+MAXLOSS_CAP;213059.72;213068.40;33;0
2026.08.14 12:35:06;XAUUSD;5;1786669225;PROFIT_RATCHET_LOCKED;floor=3.19 peak=9.44;MANAGE_PROFIT;SAFE;1;1;1;-1;-1;4359.61;8.64;8.64;9.44;-2.12;KELLY_LITE;true;0.04;213059.72;0.0417;KELLY_LITE(mult=1.30 taper=1.00 n=20)+HARD_RISK_CAP(2.0%)+MAXLOSS_CAP;213059.72;213068.36;33;0
2026.08.14 12:35:06;XAUUSD;5;1786669225;PROFIT_RATCHET_LOCKED;floor=3.19 peak=9.44;MANAGE_PROFIT;SAFE;1;1;1;-1;-1;4359.61;8.52;8.52;9.44;-2.12;KELLY_LITE;true;0.04;213059.72;0.0417;KELLY_LITE(mult=1.30 taper=1.00 n=20)+HARD_RISK_CAP(2.0%)+MAXLOSS_CAP;213059.72;213068.24;33;0
2026.08.14 12:35:07;XAUUSD;5;1786669225;PROFIT_RATCHET_LOCKED;floor=3.19 peak=9.44;MANAGE_PROFIT;SAFE;1;1;1;-1;-1;4359.61;8.80;8.80;9.44;-2.12;KELLY_LITE;true;0.04;213059.72;0.0417;KELLY_LITE(mult=1.30 taper=1.00 n=20)+HARD_RISK_CAP(2.0%)+MAXLOSS_CAP;213059.72;213068.52;33;0
2026.08.14 12:35:07;XAUUSD;5;1786669225;PROFIT_RATCHET_LOCKED;floor=3.19 peak=9.44;MANAGE_PROFIT;SAFE;1;1;1;-1;-1;4359.61;8.84;8.84;9.44;-2.12;KELLY_LITE;true;0.04;213059.72;0.0417;KELLY_LITE(mult=1.30 taper=1.00 n=20)+HARD_RISK_CAP(2.0%)+MAXLOSS_CAP;213059.72;213068.56;33;0
2026.08.14 12:35:07;XAUUSD;5;1786669225;PROFIT_RATCHET_LOCKED;floor=3.19 peak=9.44;MANAGE_PROFIT;SAFE;1;1;1;-1;-1;4359.61;8.80;8.80;9.44;-2.12;KELLY_LITE;true;0.04;213059.72;0.0417;KELLY_LITE(mult=1.30 taper=1.00 n=20)+HARD_RISK_CAP(2.0%)+MAXLOSS_CAP;213059.72;213068.52;33;0
2026.08.14 12:35:07;XAUUSD;5;1786669225;PROFIT_RATCHET_LOCKED;floor=3.19 peak=9.44;MANAGE_PROFIT;SAFE;1;1;1;-1;-1;4359.61;8.84;8.84;9.44;-2.12;KELLY_LITE;true;0.04;213059.72;0.0417;KELLY_LITE(mult=1.30 taper=1.00 n=20)+HARD_RISK_CAP(2.0%)+MAXLOSS_CAP;213059.72;213068.56;33;0
2026.08.14 12:35:08;XAUUSD;5;1786669225;PROFIT_RATCHET_LOCKED;floor=3.19 peak=9.44;MANAGE_PROFIT;SAFE;1;1;1;-1;-1;4359.61;8.76;8.76;9.44;-2.12;KELLY_LITE;true;0.04;213059.72;0.0417;KELLY_LITE(mult=1.30 taper=1.00 n=20)+HARD_RISK_CAP(2.0%)+MAXLOSS_CAP;213059.72;213068.48;33;0
2026.08.14 12:35:08;XAUUSD;5;1786669225;PROFIT_RATCHET_LOCKED;floor=3.19 peak=9.44;MANAGE_PROFIT;SAFE;1;1;1;-1;-1;4359.61;8.48;8.48;9.44;-2.12;KELLY_LITE;true;0.04;213059.72;0.0417;KELLY_LITE(mult=1.30 taper=1.00 n=20)+HARD_RISK_CAP(2.0%)+MAXLOSS_CAP;213059.72;213068.20;31;0
2026.08.14 12:35:08;XAUUSD;5;1786669225;PROFIT_RATCHET_LOCKED;floor=3.19 peak=9.44;MANAGE_PROFIT;SAFE;1;1;1;-1;-1;4359.61;7.80;7.80;9.44;-2.12;KELLY_LITE;true;0.04;213059.72;0.0417;KELLY_LITE(mult=1.30 taper=1.00 n=20)+HARD_RISK_CAP(2.0%)+MAXLOSS_CAP;213059.72;213067.52;33;0
2026.08.14 12:35:08;XAUUSD;5;1786669225;PROFIT_RATCHET_LOCKED;floor=3.19 peak=9.44;MANAGE_PROFIT;SAFE;1;1;1;-1;-1;4359.61;7.44;7.44;9.44;-2.12;KELLY_LITE;true;0.04;213059.72;0.0417;KELLY_LITE(mult=1.30 taper=1.00 n=20)+HARD_RISK_CAP(2.0%)+MAXLOSS_CAP;213059.72;213067.16;33;0
2026.08.14 12:35:09;XAUUSD;5;1786669225;PROFIT_RATCHET_LOCKED;floor=3.19 peak=9.44;MANAGE_PROFIT;SAFE;1;1;1;-1;-1;4359.61;7.48;7.48;9.44;-2.12;KELLY_LITE;true;0.04;213059.72;0.0417;KELLY_LITE(mult=1.30 taper=1.00 n=20)+HARD_RISK_CAP(2.0%)+MAXLOSS_CAP;213059.72;213067.20;33;0
2026.08.14 12:35:09;XAUUSD;5;1786669225;PROFIT_RATCHET_LOCKED;floor=3.19 peak=9.44;MANAGE_PROFIT;SAFE;1;1;1;-1;-1;4359.61;7.40;7.40;9.44;-2.12;KELLY_LITE;true;0.04;213059.72;0.0417;KELLY_LITE(mult=1.30 taper=1.00 n=20)+HARD_RISK_CAP(2.0%)+MAXLOSS_CAP;213059.72;213067.12;33;0
2026.08.14 12:35:09;XAUUSD;5;1786669225;PROFIT_RATCHET_LOCKED;floor=3.19 peak=9.44;MANAGE_PROFIT;SAFE;1;1;1;-1;-1;4359.61;7.76;7.76;9.44;-2.12;KELLY_LITE;true;0.04;213059.72;0.0417;KELLY_LITE(mult=1.30 taper=1.00 n=20)+HARD_RISK_CAP(2.0%)+MAXLOSS_CAP;213059.72;213067.48;33;0
2026.08.14 12:35:09;XAUUSD;5;1786669225;PROFIT_RATCHET_LOCKED;floor=3.19 peak=9.44;MANAGE_PROFIT;SAFE;1;1;1;-1;-1;4359.61;7.80;7.80;9.44;-2.12;KELLY_LITE;true;0.04;213059.72;0.0417;KELLY_LITE(mult=1.30 taper=1.00 n=20)+HARD_RISK_CAP(2.0%)+MAXLOSS_CAP;213059.72;213067.52;33;0
2026.08.14 12:35:10;XAUUSD;5;1786669225;PROFIT_RATCHET_LOCKED;floor=3.19 peak=9.44;MANAGE_PROFIT;SAFE;1;1;1;-1;-1;4359.61;8.24;8.24;9.44;-2.12;KELLY_LITE;true;0.04;213059.72;0.0417;KELLY_LITE(mult=1.30 taper=1.00 n=20)+HARD_RISK_CAP(2.0%)+MAXLOSS_CAP;213059.72;213067.96;33;0
2026.08.14 12:35:10;XAUUSD;5;1786669225;PROFIT_RATCHET_LOCKED;floor=3.19 peak=9.44;MANAGE_PROFIT;SAFE;1;1;1;-1;-1;4359.61;8.44;8.44;9.44;-2.12;KELLY_LITE;true;0.04;213059.72;0.0417;KELLY_LITE(mult=1.30 taper=1.00 n=20)+HARD_RISK_CAP(2.0%)+MAXLOSS_CAP;213059.72;213068.16;33;0
2026.08.14 12:35:10;XAUUSD;5;1786669225;PROFIT_RATCHET_LOCKED;floor=3.19 peak=9.44;MANAGE_PROFIT;SAFE;1;1;1;-1;-1;4359.61;8.32;8.32;9.44;-2.12;KELLY_LITE;true;0.04;213059.72;0.0417;KELLY_LITE(mult=1.30 taper=1.00 n=20)+HARD_RISK_CAP(2.0%)+MAXLOSS_CAP;213059.72;213068.04;33;0
2026.08.14 12:35:10;XAUUSD;5;1786669225;PROFIT_RATCHET_LOCKED;floor=3.19 peak=9.44;MANAGE_PROFIT;SAFE;1;1;1;-1;-1;4359.61;8.28;8.28;9.44;-2.12;KELLY_LITE;true;0.04;213059.72;0.0417;KELLY_LITE(mult=1.30 taper=1.00 n=20)+HARD_RISK_CAP(2.0%)+MAXLOSS_CAP;213059.72;213068.00;33;0
2026.08.14 12:35:10;XAUUSD;5;1786669225;PROFIT_RATCHET_LOCKED;floor=3.19 peak=9.44;MANAGE_PROFIT;SAFE;1;1;1;-1;-1;4359.61;8.36;8.36;9.44;-2.12;KELLY_LITE;true;0.04;213059.72;0.0417;KELLY_LITE(mult=1.30 taper=1.00 n=20)+HARD_RISK_CAP(2.0%)+MAXLOSS_CAP;213059.72;213068.08;33;0
2026.08.14 12:35:11;XAUUSD;5;1786669225;PROFIT_RATCHET_LOCKED;floor=3.19 peak=9.44;MANAGE_PROFIT;SAFE;1;1;1;-1;-1;4359.61;8.32;8.32;9.44;-2.12;KELLY_LITE;true;0.04;213059.72;0.0417;KELLY_LITE(mult=1.30 taper=1.00 n=20)+HARD_RISK_CAP(2.0%)+MAXLOSS_CAP;213059.72;213068.04;33;0
2026.08.14 12:35:11;XAUUSD;5;1786669225;PROFIT_RATCHET_LOCKED;floor=3.19 peak=9.44;MANAGE_PROFIT;SAFE;1;1;1;-1;-1;4359.61;8.28;8.28;9.44;-2.12;KELLY_LITE;true;0.04;213059.72;0.0417;KELLY_LITE(mult=1.30 taper=1.00 n=20)+HARD_RISK_CAP(2.0%)+MAXLOSS_CAP;213059.72;213068.00;33;0
2026.08.14 12:35:12;XAUUSD;5;1786669225;PROFIT_RATCHET_LOCKED;floor=3.19 peak=9.44;MANAGE_PROFIT;SAFE;1;1;1;-1;-1;4359.61;8.40;8.40;9.44;-2.12;KELLY_LITE;true;0.04;213059.72;0.0417;KELLY_LITE(mult=1.30 taper=1.00 n=20)+HARD_RISK_CAP(2.0%)+MAXLOSS_CAP;213059.72;213068.12;33;0
2026.08.14 12:35:12;XAUUSD;5;1786669225;PROFIT_RATCHET_LOCKED;floor=3.19 peak=9.44;MANAGE_PROFIT;SAFE;1;1;1;-1;-1;4359.61;7.88;7.88;9.44;-2.12;KELLY_LITE;true;0.04;213059.72;0.0417;KELLY_LITE(mult=1.30 taper=1.00 n=20)+HARD_RISK_CAP(2.0%)+MAXLOSS_CAP;213059.72;213067.60;33;0
2026.08.14 12:35:13;XAUUSD;5;1786669225;PROFIT_RATCHET_LOCKED;floor=3.19 peak=9.44;MANAGE_PROFIT;SAFE;1;1;1;-1;-1;4359.61;7.92;7.92;9.44;-2.12;KELLY_LITE;true;0.04;213059.72;0.0417;KELLY_LITE(mult=1.30 taper=1.00 n=20)+HARD_RISK_CAP(2.0%)+MAXLOSS_CAP;213059.72;213067.64;33;0
2026.08.14 12:35:13;XAUUSD;5;1786669225;PROFIT_RATCHET_LOCKED;floor=3.19 peak=9.44;MANAGE_PROFIT;SAFE;1;1;1;-1;-1;4359.61;8.20;8.20;9.44;-2.12;KELLY_LITE;true;0.04;213059.72;0.0417;KELLY_LITE(mult=1.30 taper=1.00 n=20)+HARD_RISK_CAP(2.0%)+MAXLOSS_CAP;213059.72;213067.92;33;0
2026.08.14 12:35:13;XAUUSD;5;1786669225;PROFIT_RATCHET_LOCKED;floor=3.19 peak=9.44;MANAGE_PROFIT;SAFE;1;1;1;-1;-1;4359.61;8.36;8.36;9.44;-2.12;KELLY_LITE;true;0.04;213059.72;0.0417;KELLY_LITE(mult=1.30 taper=1.00 n=20)+HARD_RISK_CAP(2.0%)+MAXLOSS_CAP;213059.72;213068.08;33;0
2026.08.14 12:35:13;XAUUSD;5;1786669225;PROFIT_RATCHET_LOCKED;floor=3.19 peak=9.44;MANAGE_PROFIT;SAFE;1;1;1;-1;-1;4359.61;8.56;8.56;9.44;-2.12;KELLY_LITE;true;0.04;213059.72;0.0417;KELLY_LITE(mult=1.30 taper=1.00 n=20)+HARD_RISK_CAP(2.0%)+MAXLOSS_CAP;213059.72;213068.28;33;0
2026.08.14 12:35:13;XAUUSD;5;1786669225;PROFIT_RATCHET_LOCKED;floor=3.19 peak=9.44;MANAGE_PROFIT;SAFE;1;1;1;-1;-1;4359.61;8.92;8.92;9.44;-2.12;KELLY_LITE;true;0.04;213059.72;0.0417;KELLY_LITE(mult=1.30 taper=1.00 n=20)+HARD_RISK_CAP(2.0%)+MAXLOSS_CAP;213059.72;213068.64;33;0
2026.08.14 12:35:14;XAUUSD;5;1786669225;PROFIT_RATCHET_LOCKED;floor=3.19 peak=9.44;MANAGE_PROFIT;SAFE;1;1;1;-1;-1;4359.61;8.96;8.96;9.44;-2.12;KELLY_LITE;true;0.04;213059.72;0.0417;KELLY_LITE(mult=1.30 taper=1.00 n=20)+HARD_RISK_CAP(2.0%)+MAXLOSS_CAP;213059.72;213068.68;33;0
2026.08.14 12:35:14;XAUUSD;5;1786669225;PROFIT_RATCHET_LOCKED;floor=3.19 peak=9.44;MANAGE_PROFIT;SAFE;1;1;1;-1;-1;4359.61;8.88;8.88;9.44;-2.12;KELLY_LITE;true;0.04;213059.72;0.0417;KELLY_LITE(mult=1.30 taper=1.00 n=20)+HARD_RISK_CAP(2.0%)+MAXLOSS_CAP;213059.72;213068.60;33;0
2026.08.14 12:35:15;XAUUSD;5;1786669225;PROFIT_RATCHET_LOCKED;floor=3.19 peak=9.44;MANAGE_PROFIT;SAFE;1;1;1;-1;-1;4359.61;9.20;9.20;9.44;-2.12;KELLY_LITE;true;0.04;213059.72;0.0417;KELLY_LITE(mult=1.30 taper=1.00 n=20)+HARD_RISK_CAP(2.0%)+MAXLOSS_CAP;213059.72;213068.92;33;0
2026.08.14 12:35:15;XAUUSD;5;1786669225;PROFIT_RATCHET_LOCKED;floor=3.19 peak=9.44;MANAGE_PROFIT;SAFE;1;1;1;-1;-1;4359.61;9.28;9.28;9.44;-2.12;KELLY_LITE;true;0.04;213059.72;0.0417;KELLY_LITE(mult=1.30 taper=1.00 n=20)+HARD_RISK_CAP(2.0%)+MAXLOSS_CAP;213059.72;213069.00;33;0
2026.08.14 12:35:15;XAUUSD;5;1786669225;PROFIT_RATCHET_LOCKED;floor=3.19 peak=9.44;MANAGE_PROFIT;SAFE;1;1;1;-1;-1;4359.61;9.24;9.24;9.44;-2.12;KELLY_LITE;true;0.04;213059.72;0.0417;KELLY_LITE(mult=1.30 taper=1.00 n=20)+HARD_RISK_CAP(2.0%)+MAXLOSS_CAP;213059.72;213068.96;33;0
2026.08.14 12:35:16;XAUUSD;5;1786669225;PROFIT_RATCHET_LOCKED;floor=3.19 peak=9.44;MANAGE_PROFIT;SAFE;1;1;1;-1;-1;4359.61;9.16;9.16;9.44;-2.12;KELLY_LITE;true;0.04;213059.72;0.0417;KELLY_LITE(mult=1.30 taper=1.00 n=20)+HARD_RISK_CAP(2.0%)+MAXLOSS_CAP;213059.72;213068.88;33;0
2026.08.14 12:35:16;XAUUSD;5;1786669225;PROFIT_RATCHET_LOCKED;floor=3.19 peak=9.44;MANAGE_PROFIT;SAFE;1;1;1;-1;-1;4359.61;9.08;9.08;9.44;-2.12;KELLY_LITE;true;0.04;213059.72;0.0417;KELLY_LITE(mult=1.30 taper=1.00 n=20)+HARD_RISK_CAP(2.0%)+MAXLOSS_CAP;213059.72;213068.80;33;0
2026.08.14 12:35:16;XAUUSD;5;1786669225;PROFIT_RATCHET_LOCKED;floor=3.19 peak=9.44;MANAGE_PROFIT;SAFE;1;1;1;-1;-1;4359.61;9.04;9.04;9.44;-2.12;KELLY_LITE;true;0.04;213059.72;0.0417;KELLY_LITE(mult=1.30 taper=1.00 n=20)+HARD_RISK_CAP(2.0%)+MAXLOSS_CAP;213059.72;213068.76;33;0
2026.08.14 12:35:17;XAUUSD;5;1786669225;PROFIT_RATCHET_LOCKED;floor=3.19 peak=9.44;MANAGE_PROFIT;SAFE;1;1;1;-1;-1;4359.61;9.08;9.08;9.44;-2.12;KELLY_LITE;true;0.04;213059.72;0.0417;KELLY_LITE(mult=1.30 taper=1.00 n=20)+HARD_RISK_CAP(2.0%)+MAXLOSS_CAP;213059.72;213068.80;33;0
2026.08.14 12:35:17;XAUUSD;5;1786669225;PROFIT_RATCHET_LOCKED;floor=3.19 peak=9.44;MANAGE_PROFIT;SAFE;1;1;1;-1;-1;4359.61;8.36;8.36;9.44;-2.12;KELLY_LITE;true;0.04;213059.72;0.0417;KELLY_LITE(mult=1.30 taper=1.00 n=20)+HARD_RISK_CAP(2.0%)+MAXLOSS_CAP;213059.72;213068.08;33;0
2026.08.14 12:35:17;XAUUSD;5;1786669225;PROFIT_RATCHET_LOCKED;floor=3.19 peak=9.44;MANAGE_PROFIT;SAFE;1;1;1;-1;-1;4359.61;8.40;8.40;9.44;-2.12;KELLY_LITE;true;0.04;213059.72;0.0417;KELLY_LITE(mult=1.30 taper=1.00 n=20)+HARD_RISK_CAP(2.0%)+MAXLOSS_CAP;213059.72;213068.12;33;0
2026.08.14 12:35:18;XAUUSD;5;1786669225;PROFIT_RATCHET_LOCKED;floor=3.19 peak=9.44;MANAGE_PROFIT;SAFE;1;1;1;-1;-1;4359.61;7.92;7.92;9.44;-2.12;KELLY_LITE;true;0.04;213059.72;0.0417;KELLY_LITE(mult=1.30 taper=1.00 n=20)+HARD_RISK_CAP(2.0%)+MAXLOSS_CAP;213059.72;213067.64;33;0
2026.08.14 12:35:18;XAUUSD;5;1786669225;PROFIT_RATCHET_LOCKED;floor=3.19 peak=9.44;MANAGE_PROFIT;SAFE;1;1;1;-1;-1;4359.61;7.96;7.96;9.44;-2.12;KELLY_LITE;true;0.04;213059.72;0.0417;KELLY_LITE(mult=1.30 taper=1.00 n=20)+HARD_RISK_CAP(2.0%)+MAXLOSS_CAP;213059.72;213067.68;33;0
2026.08.14 12:35:18;XAUUSD;5;1786669225;PROFIT_RATCHET_LOCKED;floor=3.19 peak=9.44;MANAGE_PROFIT;SAFE;1;1;1;-1;-1;4359.61;8.44;8.44;9.44;-2.12;KELLY_LITE;true;0.04;213059.72;0.0417;KELLY_LITE(mult=1.30 taper=1.00 n=20)+HARD_RISK_CAP(2.0%)+MAXLOSS_CAP;213059.72;213068.16;33;0
2026.08.14 12:35:18;XAUUSD;5;1786669225;PROFIT_RATCHET_LOCKED;floor=3.19 peak=9.44;MANAGE_PROFIT;SAFE;1;1;1;-1;-1;4359.61;8.68;8.68;9.44;-2.12;KELLY_LITE;true;0.04;213059.72;0.0417;KELLY_LITE(mult=1.30 taper=1.00 n=20)+HARD_RISK_CAP(2.0%)+MAXLOSS_CAP;213059.72;213068.40;33;0
2026.08.14 12:35:18;XAUUSD;5;1786669225;PROFIT_RATCHET_LOCKED;floor=3.19 peak=9.44;MANAGE_PROFIT;SAFE;1;1;1;-1;-1;4359.61;8.64;8.64;9.44;-2.12;KELLY_LITE;true;0.04;213059.72;0.0417;KELLY_LITE(mult=1.30 taper=1.00 n=20)+HARD_RISK_CAP(2.0%)+MAXLOSS_CAP;213059.72;213068.36;33;0
2026.08.14 12:35:19;XAUUSD;5;1786669225;PROFIT_RATCHET_LOCKED;floor=3.19 peak=9.44;MANAGE_PROFIT;SAFE;1;1;1;-1;-1;4359.61;8.56;8.56;9.44;-2.12;KELLY_LITE;true;0.04;213059.72;0.0417;KELLY_LITE(mult=1.30 taper=1.00 n=20)+HARD_RISK_CAP(2.0%)+MAXLOSS_CAP;213059.72;213068.28;33;0
2026.08.14 12:35:19;XAUUSD;5;1786669225;PROFIT_RATCHET_LOCKED;floor=3.19 peak=9.44;MANAGE_PROFIT;SAFE;1;1;1;-1;-1;4359.61;8.52;8.52;9.44;-2.12;KELLY_LITE;true;0.04;213059.72;0.0417;KELLY_LITE(mult=1.30 taper=1.00 n=20)+HARD_RISK_CAP(2.0%)+MAXLOSS_CAP;213059.72;213068.24;33;0
2026.08.14 12:35:19;XAUUSD;5;1786669225;PROFIT_RATCHET_LOCKED;floor=3.19 peak=9.44;MANAGE_PROFIT;SAFE;1;1;1;-1;-1;4359.61;8.56;8.56;9.44;-2.12;KELLY_LITE;true;0.04;213059.72;0.0417;KELLY_LITE(mult=1.30 taper=1.00 n=20)+HARD_RISK_CAP(2.0%)+MAXLOSS_CAP;213059.72;213068.28;33;0
2026.08.14 12:35:19;XAUUSD;5;1786669225;PROFIT_RATCHET_LOCKED;floor=3.19 peak=9.44;MANAGE_PROFIT;SAFE;1;1;1;-1;-1;4359.61;8.68;8.68;9.44;-2.12;KELLY_LITE;true;0.04;213059.72;0.0417;KELLY_LITE(mult=1.30 taper=1.00 n=20)+HARD_RISK_CAP(2.0%)+MAXLOSS_CAP;213059.72;213068.40;33;0
2026.08.14 12:35:20;XAUUSD;5;1786669225;PROFIT_RATCHET_LOCKED;floor=3.19 peak=9.44;MANAGE_PROFIT;SAFE;1;1;1;-1;-1;4359.61;8.60;8.60;9.44;-2.12;KELLY_LITE;true;0.04;213059.72;0.0417;KELLY_LITE(mult=1.30 taper=1.00 n=20)+HARD_RISK_CAP(2.0%)+MAXLOSS_CAP;213059.72;213068.32;33;0
2026.08.14 12:35:20;XAUUSD;5;1786669225;PROFIT_RATCHET_LOCKED;floor=3.19 peak=9.44;MANAGE_PROFIT;SAFE;1;1;1;-1;-1;4359.61;8.40;8.40;9.44;-2.12;KELLY_LITE;true;0.04;213059.72;0.0417;KELLY_LITE(mult=1.30 taper=1.00 n=20)+HARD_RISK_CAP(2.0%)+MAXLOSS_CAP;213059.72;213068.12;33;0
2026.08.14 12:35:21;XAUUSD;5;1786669225;PROFIT_RATCHET_LOCKED;floor=3.19 peak=9.44;MANAGE_PROFIT;SAFE;1;1;1;-1;-1;4359.61;8.20;8.20;9.44;-2.12;KELLY_LITE;true;0.04;213059.72;0.0417;KELLY_LITE(mult=1.30 taper=1.00 n=20)+HARD_RISK_CAP(2.0%)+MAXLOSS_CAP;213059.72;213067.92;33;0
2026.08.14 12:35:21;XAUUSD;5;1786669225;PROFIT_RATCHET_LOCKED;floor=3.19 peak=9.44;MANAGE_PROFIT;SAFE;1;1;1;-1;-1;4359.61;7.80;7.80;9.44;-2.12;KELLY_LITE;true;0.04;213059.72;0.0417;KELLY_LITE(mult=1.30 taper=1.00 n=20)+HARD_RISK_CAP(2.0%)+MAXLOSS_CAP;213059.72;213067.52;33;0
2026.08.14 12:35:21;XAUUSD;5;1786669225;PROFIT_RATCHET_LOCKED;floor=3.19 peak=9.44;MANAGE_PROFIT;SAFE;1;1;1;-1;-1;4359.61;7.84;7.84;9.44;-2.12;KELLY_LITE;true;0.04;213059.72;0.0417;KELLY_LITE(mult=1.30 taper=1.00 n=20)+HARD_RISK_CAP(2.0%)+MAXLOSS_CAP;213059.72;213067.56;33;0
2026.08.14 12:35:22;XAUUSD;5;1786669225;RECONCILED_BROKER_CLOSE;ticket=119528024 type=main pnl=7.36;MANAGE_PROFIT;SAFE;0;1;1;-1;-1;4359.61;0.00;0.00;9.44;-2.12;KELLY_LITE;true;0.04;213059.72;0.0417;KELLY_LITE(mult=1.30 taper=1.00 n=20)+HARD_RISK_CAP(2.0%)+MAXLOSS_CAP;213067.08;213067.08;33;0
2026.08.14 12:35:22;XAUUSD;5;1786669225;PENDING_DELETED;ticket=119528225 reason=main_gone_hedge_pending;WAIT_TRIGGER;SAFE;0;0;1;-1;-1;4359.61;0.00;0.00;9.44;-2.12;KELLY_LITE;true;0.04;213059.72;0.0417;KELLY_LITE(mult=1.30 taper=1.00 n=20)+HARD_RISK_CAP(2.0%)+MAXLOSS_CAP;213067.08;213067.08;33;0
2026.08.14 12:35:22;XAUUSD;5;1786669225;HEDGE_PENDING_CLEANUP;main_position_gone;WAIT_TRIGGER;SAFE;0;0;1;-1;-1;4359.61;0.00;0.00;9.44;-2.12;KELLY_LITE;true;0.04;213059.72;0.0417;KELLY_LITE(mult=1.30 taper=1.00 n=20)+HARD_RISK_CAP(2.0%)+MAXLOSS_CAP;213067.08;213067.08;33;0
2026.08.14 12:35:22;XAUUSD;5;1786669225;CYCLE_RESET;oldState=WAIT_TRIGGER realizedPnL=7.36 peak=9.44 worst=-2.12 pyramid=1 consLosses=0;WAIT_TRIGGER;SAFE;0;0;1;-1;-1;4359.61;0.00;0.00;9.44;-2.12;KELLY_LITE;true;0.04;213059.72;0.0417;KELLY_LITE(mult=1.30 taper=1.00 n=20)+HARD_RISK_CAP(2.0%)+MAXLOSS_CAP;213067.08;213067.08;33;0
2026.08.14 12:40:22;XAUUSD;5;1786669225;FILTER_BLOCK_RSI_BUY;RSI_BUY_BLOCK (rsi=70.4 max=70.0);BLOCKED;SAFE;0;0;0;-1;-1;0.00;0.00;0.00;0.00;0.00;KELLY_LITE;true;0.04;213059.72;0.0417;KELLY_LITE(mult=1.30 taper=1.00 n=20)+HARD_RISK_CAP(2.0%)+MAXLOSS_CAP;213067.08;213067.08;33;0
2026.08.14 12:45:22;XAUUSD;5;1786669225;FILTER_BLOCK_RSI_BUY;RSI_BUY_BLOCK (rsi=71.3 max=70.0);BLOCKED;SAFE;0;0;0;-1;-1;0.00;0.00;0.00;0.00;0.00;KELLY_LITE;true;0.04;213059.72;0.0417;KELLY_LITE(mult=1.30 taper=1.00 n=20)+HARD_RISK_CAP(2.0%)+MAXLOSS_CAP;213067.08;213067.08;33;0
2026.08.14 12:50:22;XAUUSD;5;1786669226;PLACE_PENDING_START;cycle=1786669226 trend=1 consecLosses=0 preset=AGGRESSIVE;PLACE_PENDING;SAFE;0;0;0;-1;-1;0.00;0.00;0.00;0.00;0.00;KELLY_LITE;true;0.04;213059.72;0.0417;KELLY_LITE(mult=1.30 taper=1.00 n=20)+HARD_RISK_CAP(2.0%)+MAXLOSS_CAP;213067.08;213067.08;30;0
2026.08.14 12:50:22;XAUUSD;5;1786669226;DIR_OCO_PLACED;dir=BULL ticket=119529306 price=4364.95 sl=4349.95 tp=4387.45 lot=0.04 dist=1.50;PLACE_PENDING;SAFE;0;1;0;119529306;-1;0.00;0.00;0.00;0.00;0.00;KELLY_LITE;true;0.04;213067.08;0.0417;KELLY_LITE(mult=1.30 taper=1.00 n=20)+HARD_RISK_CAP(2.0%)+MAXLOSS_CAP;213067.08;213067.08;30;0
2026.08.14 12:50:22;XAUUSD;5;1786669226;DIR_OCO_COUNTER_PLACED;dir=BEAR(counter) ticket=119529308 price=4361.66 lot=0.03;PLACE_PENDING;SAFE;0;2;0;119529306;119529308;0.00;0.00;0.00;0.00;0.00;KELLY_LITE;true;0.04;213067.08;0.0417;KELLY_LITE(mult=1.30 taper=1.00 n=20)+HARD_RISK_CAP(2.0%)+MAXLOSS_CAP;213067.08;213067.08;31;0
2026.08.14 12:50:27;XAUUSD;5;1786669226;SELL_STOP_TRAILED;Old=4361.66 New=4361.98;WAIT_TRIGGER;SAFE;0;2;0;119529306;119529308;0.00;0.00;0.00;0.00;0.00;KELLY_LITE;true;0.04;213067.08;0.0417;KELLY_LITE(mult=1.30 taper=1.00 n=20)+HARD_RISK_CAP(2.0%)+MAXLOSS_CAP;213067.08;213067.08;30;0
2026.08.14 12:50:39;XAUUSD;5;1786669226;OCO_TRIGGERED_BUY;ticket=119529306 entry=4364.95;POSITION_ACTIVE;SAFE;1;1;0;-1;119529308;0.00;0.24;-0.96;0.00;0.00;KELLY_LITE;true;0.04;213067.08;0.0417;KELLY_LITE(mult=1.30 taper=1.00 n=20)+HARD_RISK_CAP(2.0%)+MAXLOSS_CAP;213067.08;213067.32;30;0
2026.08.14 12:50:40;XAUUSD;5;1786669226;PENDING_DELETED;ticket=119529308 reason=oco_buy_triggered;POSITION_ACTIVE;SAFE;1;0;0;-1;119529308;0.00;1.72;1.72;0.00;0.00;KELLY_LITE;true;0.04;213067.08;0.0417;KELLY_LITE(mult=1.30 taper=1.00 n=20)+HARD_RISK_CAP(2.0%)+MAXLOSS_CAP;213067.08;213068.80;33;0
2026.08.14 12:50:41;XAUUSD;5;1786669226;HEDGE_PENDING_PLACED;dir=SELL_STOP ticket=119529413 price=4362.38 sl=4365.38 lot=0.05 mainEntry=4364.95 dist=3.00 confirmBars=1;POSITION_ACTIVE;SAFE;1;1;1;-1;-1;4364.95;1.80;1.80;1.72;0.00;KELLY_LITE;true;0.04;213067.08;0.0417;KELLY_LITE(mult=1.30 taper=1.00 n=20)+HARD_RISK_CAP(2.0%)+MAXLOSS_CAP;213067.08;213068.88;31;0
2026.08.14 12:52:15;XAUUSD;5;1786669226;SL_MODIFIED;ticket=119529306 oldSL=4349.95 newSL=4366.43 reason=break_even_lock_leg_0;MANAGE_PROFIT;SAFE;1;1;1;-1;-1;4364.95;8.92;8.92;8.00;-3.44;KELLY_LITE;true;0.04;213067.08;0.0417;KELLY_LITE(mult=1.30 taper=1.00 n=20)+HARD_RISK_CAP(2.0%)+MAXLOSS_CAP;213067.08;213076.00;33;0
2026.08.14 12:52:15;XAUUSD;5;1786669226;PROFIT_RATCHET_LOCKED;floor=2.70 peak=8.00;MANAGE_PROFIT;SAFE;1;1;1;-1;-1;4364.95;8.92;8.92;8.00;-3.44;KELLY_LITE;true;0.04;213067.08;0.0417;KELLY_LITE(mult=1.30 taper=1.00 n=20)+HARD_RISK_CAP(2.0%)+MAXLOSS_CAP;213067.08;213076.00;33;0
2026.08.14 12:52:16;XAUUSD;5;1786669226;SL_MODIFY_FAILED;ticket=119529306 newSL=4366.66 reason=break_even_lock_leg_0 err=0;MANAGE_PROFIT;SAFE;1;1;1;-1;-1;4364.95;7.80;7.80;8.92;-3.44;KELLY_LITE;true;0.04;213067.08;0.0417;KELLY_LITE(mult=1.30 taper=1.00 n=20)+HARD_RISK_CAP(2.0%)+MAXLOSS_CAP;213067.08;213074.88;33;0
2026.08.14 12:52:16;XAUUSD;5;1786669226;PROFIT_RATCHET_LOCKED;floor=3.01 peak=8.92;MANAGE_PROFIT;SAFE;1;1;1;-1;-1;4364.95;7.80;7.80;8.92;-3.44;KELLY_LITE;true;0.04;213067.08;0.0417;KELLY_LITE(mult=1.30 taper=1.00 n=20)+HARD_RISK_CAP(2.0%)+MAXLOSS_CAP;213067.08;213074.88;33;0
2026.08.14 12:52:16;XAUUSD;5;1786669226;PROFIT_RATCHET_LOCKED;floor=3.01 peak=8.92;MANAGE_PROFIT;SAFE;1;1;1;-1;-1;4364.95;7.80;7.80;8.92;-3.44;KELLY_LITE;true;0.04;213067.08;0.0417;KELLY_LITE(mult=1.30 taper=1.00 n=20)+HARD_RISK_CAP(2.0%)+MAXLOSS_CAP;213067.08;213074.88;33;0
2026.08.14 12:52:16;XAUUSD;5;1786669226;PROFIT_RATCHET_LOCKED;floor=3.01 peak=8.92;MANAGE_PROFIT;SAFE;1;1;1;-1;-1;4364.95;7.76;7.76;8.92;-3.44;KELLY_LITE;true;0.04;213067.08;0.0417;KELLY_LITE(mult=1.30 taper=1.00 n=20)+HARD_RISK_CAP(2.0%)+MAXLOSS_CAP;213067.08;213074.84;33;0
2026.08.14 12:52:16;XAUUSD;5;1786669226;PROFIT_RATCHET_LOCKED;floor=3.01 peak=8.92;MANAGE_PROFIT;SAFE;1;1;1;-1;-1;4364.95;7.16;7.16;8.92;-3.44;KELLY_LITE;true;0.04;213067.08;0.0417;KELLY_LITE(mult=1.30 taper=1.00 n=20)+HARD_RISK_CAP(2.0%)+MAXLOSS_CAP;213067.08;213074.24;33;0
2026.08.14 12:52:17;XAUUSD;5;1786669226;PROFIT_RATCHET_LOCKED;floor=3.01 peak=8.92;MANAGE_PROFIT;SAFE;1;1;1;-1;-1;4364.95;7.20;7.20;8.92;-3.44;KELLY_LITE;true;0.04;213067.08;0.0417;KELLY_LITE(mult=1.30 taper=1.00 n=20)+HARD_RISK_CAP(2.0%)+MAXLOSS_CAP;213067.08;213074.28;33;0
2026.08.14 12:52:17;XAUUSD;5;1786669226;PROFIT_RATCHET_LOCKED;floor=3.01 peak=8.92;MANAGE_PROFIT;SAFE;1;1;1;-1;-1;4364.95;6.96;6.96;8.92;-3.44;KELLY_LITE;true;0.04;213067.08;0.0417;KELLY_LITE(mult=1.30 taper=1.00 n=20)+HARD_RISK_CAP(2.0%)+MAXLOSS_CAP;213067.08;213074.04;33;0
2026.08.14 12:52:17;XAUUSD;5;1786669226;PROFIT_RATCHET_LOCKED;floor=3.01 peak=8.92;MANAGE_PROFIT;SAFE;1;1;1;-1;-1;4364.95;6.80;6.80;8.92;-3.44;KELLY_LITE;true;0.04;213067.08;0.0417;KELLY_LITE(mult=1.30 taper=1.00 n=20)+HARD_RISK_CAP(2.0%)+MAXLOSS_CAP;213067.08;213073.88;33;0
2026.08.14 12:52:17;XAUUSD;5;1786669226;PROFIT_RATCHET_LOCKED;floor=3.01 peak=8.92;MANAGE_PROFIT;SAFE;1;1;1;-1;-1;4364.95;7.20;7.20;8.92;-3.44;KELLY_LITE;true;0.04;213067.08;0.0417;KELLY_LITE(mult=1.30 taper=1.00 n=20)+HARD_RISK_CAP(2.0%)+MAXLOSS_CAP;213067.08;213074.28;33;0
2026.08.14 12:52:17;XAUUSD;5;1786669226;PROFIT_RATCHET_LOCKED;floor=3.01 peak=8.92;MANAGE_PROFIT;SAFE;1;1;1;-1;-1;4364.95;7.04;7.04;8.92;-3.44;KELLY_LITE;true;0.04;213067.08;0.0417;KELLY_LITE(mult=1.30 taper=1.00 n=20)+HARD_RISK_CAP(2.0%)+MAXLOSS_CAP;213067.08;213074.12;33;0
2026.08.14 12:52:18;XAUUSD;5;1786669226;PROFIT_RATCHET_LOCKED;floor=3.01 peak=8.92;MANAGE_PROFIT;SAFE;1;1;1;-1;-1;4364.95;6.96;6.96;8.92;-3.44;KELLY_LITE;true;0.04;213067.08;0.0417;KELLY_LITE(mult=1.30 taper=1.00 n=20)+HARD_RISK_CAP(2.0%)+MAXLOSS_CAP;213067.08;213074.04;33;0
2026.08.14 12:52:18;XAUUSD;5;1786669226;PROFIT_RATCHET_LOCKED;floor=3.01 peak=8.92;MANAGE_PROFIT;SAFE;1;1;1;-1;-1;4364.95;7.00;7.00;8.92;-3.44;KELLY_LITE;true;0.04;213067.08;0.0417;KELLY_LITE(mult=1.30 taper=1.00 n=20)+HARD_RISK_CAP(2.0%)+MAXLOSS_CAP;213067.08;213074.08;33;0
2026.08.14 12:52:18;XAUUSD;5;1786669226;PROFIT_RATCHET_LOCKED;floor=3.01 peak=8.92;MANAGE_PROFIT;SAFE;1;1;1;-1;-1;4364.95;7.16;7.16;8.92;-3.44;KELLY_LITE;true;0.04;213067.08;0.0417;KELLY_LITE(mult=1.30 taper=1.00 n=20)+HARD_RISK_CAP(2.0%)+MAXLOSS_CAP;213067.08;213074.24;33;0
2026.08.14 12:52:18;XAUUSD;5;1786669226;PROFIT_RATCHET_LOCKED;floor=3.01 peak=8.92;MANAGE_PROFIT;SAFE;1;1;1;-1;-1;4364.95;7.28;7.28;8.92;-3.44;KELLY_LITE;true;0.04;213067.08;0.0417;KELLY_LITE(mult=1.30 taper=1.00 n=20)+HARD_RISK_CAP(2.0%)+MAXLOSS_CAP;213067.08;213074.36;33;0
2026.08.14 12:52:19;XAUUSD;5;1786669226;PROFIT_RATCHET_LOCKED;floor=3.01 peak=8.92;MANAGE_PROFIT;SAFE;1;1;1;-1;-1;4364.95;7.08;7.08;8.92;-3.44;KELLY_LITE;true;0.04;213067.08;0.0417;KELLY_LITE(mult=1.30 taper=1.00 n=20)+HARD_RISK_CAP(2.0%)+MAXLOSS_CAP;213067.08;213074.16;33;0
2026.08.14 12:52:19;XAUUSD;5;1786669226;PROFIT_RATCHET_LOCKED;floor=3.01 peak=8.92;MANAGE_PROFIT;SAFE;1;1;1;-1;-1;4364.95;7.24;7.24;8.92;-3.44;KELLY_LITE;true;0.04;213067.08;0.0417;KELLY_LITE(mult=1.30 taper=1.00 n=20)+HARD_RISK_CAP(2.0%)+MAXLOSS_CAP;213067.08;213074.32;33;0
2026.08.14 12:52:19;XAUUSD;5;1786669226;PROFIT_RATCHET_LOCKED;floor=3.01 peak=8.92;MANAGE_PROFIT;SAFE;1;1;1;-1;-1;4364.95;7.20;7.20;8.92;-3.44;KELLY_LITE;true;0.04;213067.08;0.0417;KELLY_LITE(mult=1.30 taper=1.00 n=20)+HARD_RISK_CAP(2.0%)+MAXLOSS_CAP;213067.08;213074.28;33;0
2026.08.14 12:52:20;XAUUSD;5;1786669226;PROFIT_RATCHET_LOCKED;floor=3.01 peak=8.92;MANAGE_PROFIT;SAFE;1;1;1;-1;-1;4364.95;7.24;7.24;8.92;-3.44;KELLY_LITE;true;0.04;213067.08;0.0417;KELLY_LITE(mult=1.30 taper=1.00 n=20)+HARD_RISK_CAP(2.0%)+MAXLOSS_CAP;213067.08;213074.32;33;0
2026.08.14 12:52:20;XAUUSD;5;1786669226;PROFIT_RATCHET_LOCKED;floor=3.01 peak=8.92;MANAGE_PROFIT;SAFE;1;1;1;-1;-1;4364.95;7.20;7.20;8.92;-3.44;KELLY_LITE;true;0.04;213067.08;0.0417;KELLY_LITE(mult=1.30 taper=1.00 n=20)+HARD_RISK_CAP(2.0%)+MAXLOSS_CAP;213067.08;213074.28;33;0
2026.08.14 12:52:21;XAUUSD;5;1786669226;PROFIT_RATCHET_LOCKED;floor=3.01 peak=8.92;MANAGE_PROFIT;SAFE;1;1;1;-1;-1;4364.95;7.24;7.24;8.92;-3.44;KELLY_LITE;true;0.04;213067.08;0.0417;KELLY_LITE(mult=1.30 taper=1.00 n=20)+HARD_RISK_CAP(2.0%)+MAXLOSS_CAP;213067.08;213074.32;33;0
2026.08.14 12:52:21;XAUUSD;5;1786669226;PROFIT_RATCHET_LOCKED;floor=3.01 peak=8.92;MANAGE_PROFIT;SAFE;1;1;1;-1;-1;4364.95;7.76;7.76;8.92;-3.44;KELLY_LITE;true;0.04;213067.08;0.0417;KELLY_LITE(mult=1.30 taper=1.00 n=20)+HARD_RISK_CAP(2.0%)+MAXLOSS_CAP;213067.08;213074.84;33;0
2026.08.14 12:52:21;XAUUSD;5;1786669226;PROFIT_RATCHET_LOCKED;floor=3.01 peak=8.92;MANAGE_PROFIT;SAFE;1;1;1;-1;-1;4364.95;7.64;7.64;8.92;-3.44;KELLY_LITE;true;0.04;213067.08;0.0417;KELLY_LITE(mult=1.30 taper=1.00 n=20)+HARD_RISK_CAP(2.0%)+MAXLOSS_CAP;213067.08;213074.72;33;0
2026.08.14 12:52:22;XAUUSD;5;1786669226;PROFIT_RATCHET_LOCKED;floor=3.01 peak=8.92;MANAGE_PROFIT;SAFE;1;1;1;-1;-1;4364.95;7.48;7.48;8.92;-3.44;KELLY_LITE;true;0.04;213067.08;0.0417;KELLY_LITE(mult=1.30 taper=1.00 n=20)+HARD_RISK_CAP(2.0%)+MAXLOSS_CAP;213067.08;213074.56;33;0
2026.08.14 12:52:22;XAUUSD;5;1786669226;PROFIT_RATCHET_LOCKED;floor=3.01 peak=8.92;MANAGE_PROFIT;SAFE;1;1;1;-1;-1;4364.95;7.84;7.84;8.92;-3.44;KELLY_LITE;true;0.04;213067.08;0.0417;KELLY_LITE(mult=1.30 taper=1.00 n=20)+HARD_RISK_CAP(2.0%)+MAXLOSS_CAP;213067.08;213074.92;33;0
2026.08.14 12:52:23;XAUUSD;5;1786669226;PROFIT_RATCHET_LOCKED;floor=3.01 peak=8.92;MANAGE_PROFIT;SAFE;1;1;1;-1;-1;4364.95;7.40;7.40;8.92;-3.44;KELLY_LITE;true;0.04;213067.08;0.0417;KELLY_LITE(mult=1.30 taper=1.00 n=20)+HARD_RISK_CAP(2.0%)+MAXLOSS_CAP;213067.08;213074.48;33;0
2026.08.14 12:52:23;XAUUSD;5;1786669226;PROFIT_RATCHET_LOCKED;floor=3.01 peak=8.92;MANAGE_PROFIT;SAFE;1;1;1;-1;-1;4364.95;7.40;7.40;8.92;-3.44;KELLY_LITE;true;0.04;213067.08;0.0417;KELLY_LITE(mult=1.30 taper=1.00 n=20)+HARD_RISK_CAP(2.0%)+MAXLOSS_CAP;213067.08;213074.48;33;0
2026.08.14 12:52:23;XAUUSD;5;1786669226;PROFIT_RATCHET_LOCKED;floor=3.01 peak=8.92;MANAGE_PROFIT;SAFE;1;1;1;-1;-1;4364.95;7.36;7.36;8.92;-3.44;KELLY_LITE;true;0.04;213067.08;0.0417;KELLY_LITE(mult=1.30 taper=1.00 n=20)+HARD_RISK_CAP(2.0%)+MAXLOSS_CAP;213067.08;213074.44;33;0
2026.08.14 12:52:24;XAUUSD;5;1786669226;PROFIT_RATCHET_LOCKED;floor=3.01 peak=8.92;MANAGE_PROFIT;SAFE;1;1;1;-1;-1;4364.95;7.08;7.08;8.92;-3.44;KELLY_LITE;true;0.04;213067.08;0.0417;KELLY_LITE(mult=1.30 taper=1.00 n=20)+HARD_RISK_CAP(2.0%)+MAXLOSS_CAP;213067.08;213074.16;33;0
2026.08.14 12:52:24;XAUUSD;5;1786669226;PROFIT_RATCHET_LOCKED;floor=3.01 peak=8.92;MANAGE_PROFIT;SAFE;1;1;1;-1;-1;4364.95;7.12;7.12;8.92;-3.44;KELLY_LITE;true;0.04;213067.08;0.0417;KELLY_LITE(mult=1.30 taper=1.00 n=20)+HARD_RISK_CAP(2.0%)+MAXLOSS_CAP;213067.08;213074.20;33;0
2026.08.14 12:52:24;XAUUSD;5;1786669226;PROFIT_RATCHET_LOCKED;floor=3.01 peak=8.92;MANAGE_PROFIT;SAFE;1;1;1;-1;-1;4364.95;7.32;7.32;8.92;-3.44;KELLY_LITE;true;0.04;213067.08;0.0417;KELLY_LITE(mult=1.30 taper=1.00 n=20)+HARD_RISK_CAP(2.0%)+MAXLOSS_CAP;213067.08;213074.40;33;0
2026.08.14 12:52:24;XAUUSD;5;1786669226;PROFIT_RATCHET_LOCKED;floor=3.01 peak=8.92;MANAGE_PROFIT;SAFE;1;1;1;-1;-1;4364.95;7.48;7.48;8.92;-3.44;KELLY_LITE;true;0.04;213067.08;0.0417;KELLY_LITE(mult=1.30 taper=1.00 n=20)+HARD_RISK_CAP(2.0%)+MAXLOSS_CAP;213067.08;213074.56;33;0
2026.08.14 12:52:25;XAUUSD;5;1786669226;PROFIT_RATCHET_LOCKED;floor=3.01 peak=8.92;MANAGE_PROFIT;SAFE;1;1;1;-1;-1;4364.95;7.52;7.52;8.92;-3.44;KELLY_LITE;true;0.04;213067.08;0.0417;KELLY_LITE(mult=1.30 taper=1.00 n=20)+HARD_RISK_CAP(2.0%)+MAXLOSS_CAP;213067.08;213074.60;33;0
2026.08.14 12:52:25;XAUUSD;5;1786669226;PROFIT_RATCHET_LOCKED;floor=3.01 peak=8.92;MANAGE_PROFIT;SAFE;1;1;1;-1;-1;4364.95;7.28;7.28;8.92;-3.44;KELLY_LITE;true;0.04;213067.08;0.0417;KELLY_LITE(mult=1.30 taper=1.00 n=20)+HARD_RISK_CAP(2.0%)+MAXLOSS_CAP;213067.08;213074.36;33;0
2026.08.14 12:52:25;XAUUSD;5;1786669226;PROFIT_RATCHET_LOCKED;floor=3.01 peak=8.92;MANAGE_PROFIT;SAFE;1;1;1;-1;-1;4364.95;7.20;7.20;8.92;-3.44;KELLY_LITE;true;0.04;213067.08;0.0417;KELLY_LITE(mult=1.30 taper=1.00 n=20)+HARD_RISK_CAP(2.0%)+MAXLOSS_CAP;213067.08;213074.28;33;0
2026.08.14 12:52:26;XAUUSD;5;1786669226;PROFIT_RATCHET_LOCKED;floor=3.01 peak=8.92;MANAGE_PROFIT;SAFE;1;1;1;-1;-1;4364.95;7.24;7.24;8.92;-3.44;KELLY_LITE;true;0.04;213067.08;0.0417;KELLY_LITE(mult=1.30 taper=1.00 n=20)+HARD_RISK_CAP(2.0%)+MAXLOSS_CAP;213067.08;213074.32;33;0
2026.08.14 12:52:26;XAUUSD;5;1786669226;PROFIT_RATCHET_LOCKED;floor=3.01 peak=8.92;MANAGE_PROFIT;SAFE;1;1;1;-1;-1;4364.95;7.16;7.16;8.92;-3.44;KELLY_LITE;true;0.04;213067.08;0.0417;KELLY_LITE(mult=1.30 taper=1.00 n=20)+HARD_RISK_CAP(2.0%)+MAXLOSS_CAP;213067.08;213074.24;33;0
2026.08.14 12:52:26;XAUUSD;5;1786669226;PROFIT_RATCHET_LOCKED;floor=3.01 peak=8.92;MANAGE_PROFIT;SAFE;1;1;1;-1;-1;4364.95;7.28;7.28;8.92;-3.44;KELLY_LITE;true;0.04;213067.08;0.0417;KELLY_LITE(mult=1.30 taper=1.00 n=20)+HARD_RISK_CAP(2.0%)+MAXLOSS_CAP;213067.08;213074.36;33;0
2026.08.14 12:52:26;XAUUSD;5;1786669226;PROFIT_RATCHET_LOCKED;floor=3.01 peak=8.92;MANAGE_PROFIT;SAFE;1;1;1;-1;-1;4364.95;7.36;7.36;8.92;-3.44;KELLY_LITE;true;0.04;213067.08;0.0417;KELLY_LITE(mult=1.30 taper=1.00 n=20)+HARD_RISK_CAP(2.0%)+MAXLOSS_CAP;213067.08;213074.44;33;0
2026.08.14 12:52:27;XAUUSD;5;1786669226;PROFIT_RATCHET_LOCKED;floor=3.01 peak=8.92;MANAGE_PROFIT;SAFE;1;1;1;-1;-1;4364.95;7.48;7.48;8.92;-3.44;KELLY_LITE;true;0.04;213067.08;0.0417;KELLY_LITE(mult=1.30 taper=1.00 n=20)+HARD_RISK_CAP(2.0%)+MAXLOSS_CAP;213067.08;213074.56;33;0
2026.08.14 12:52:27;XAUUSD;5;1786669226;PROFIT_RATCHET_LOCKED;floor=3.01 peak=8.92;MANAGE_PROFIT;SAFE;1;1;1;-1;-1;4364.95;7.40;7.40;8.92;-3.44;KELLY_LITE;true;0.04;213067.08;0.0417;KELLY_LITE(mult=1.30 taper=1.00 n=20)+HARD_RISK_CAP(2.0%)+MAXLOSS_CAP;213067.08;213074.48;33;0
2026.08.14 12:52:27;XAUUSD;5;1786669226;PROFIT_RATCHET_LOCKED;floor=3.01 peak=8.92;MANAGE_PROFIT;SAFE;1;1;1;-1;-1;4364.95;7.48;7.48;8.92;-3.44;KELLY_LITE;true;0.04;213067.08;0.0417;KELLY_LITE(mult=1.30 taper=1.00 n=20)+HARD_RISK_CAP(2.0%)+MAXLOSS_CAP;213067.08;213074.56;33;0
2026.08.14 12:52:27;XAUUSD;5;1786669226;PROFIT_RATCHET_LOCKED;floor=3.01 peak=8.92;MANAGE_PROFIT;SAFE;1;1;1;-1;-1;4364.95;7.48;7.48;8.92;-3.44;KELLY_LITE;true;0.04;213067.08;0.0417;KELLY_LITE(mult=1.30 taper=1.00 n=20)+HARD_RISK_CAP(2.0%)+MAXLOSS_CAP;213067.08;213074.56;31;0
2026.08.14 12:52:28;XAUUSD;5;1786669226;PROFIT_RATCHET_LOCKED;floor=3.01 peak=8.92;MANAGE_PROFIT;SAFE;1;1;1;-1;-1;4364.95;7.40;7.40;8.92;-3.44;KELLY_LITE;true;0.04;213067.08;0.0417;KELLY_LITE(mult=1.30 taper=1.00 n=20)+HARD_RISK_CAP(2.0%)+MAXLOSS_CAP;213067.08;213074.48;33;0
2026.08.14 12:52:28;XAUUSD;5;1786669226;PROFIT_RATCHET_LOCKED;floor=3.01 peak=8.92;MANAGE_PROFIT;SAFE;1;1;1;-1;-1;4364.95;7.52;7.52;8.92;-3.44;KELLY_LITE;true;0.04;213067.08;0.0417;KELLY_LITE(mult=1.30 taper=1.00 n=20)+HARD_RISK_CAP(2.0%)+MAXLOSS_CAP;213067.08;213074.60;33;0
2026.08.14 12:52:28;XAUUSD;5;1786669226;PROFIT_RATCHET_LOCKED;floor=3.01 peak=8.92;MANAGE_PROFIT;SAFE;1;1;1;-1;-1;4364.95;7.56;7.56;8.92;-3.44;KELLY_LITE;true;0.04;213067.08;0.0417;KELLY_LITE(mult=1.30 taper=1.00 n=20)+HARD_RISK_CAP(2.0%)+MAXLOSS_CAP;213067.08;213074.64;33;0
2026.08.14 12:52:28;XAUUSD;5;1786669226;PROFIT_RATCHET_LOCKED;floor=3.01 peak=8.92;MANAGE_PROFIT;SAFE;1;1;1;-1;-1;4364.95;7.64;7.64;8.92;-3.44;KELLY_LITE;true;0.04;213067.08;0.0417;KELLY_LITE(mult=1.30 taper=1.00 n=20)+HARD_RISK_CAP(2.0%)+MAXLOSS_CAP;213067.08;213074.72;33;0
2026.08.14 12:52:29;XAUUSD;5;1786669226;PROFIT_RATCHET_LOCKED;floor=3.01 peak=8.92;MANAGE_PROFIT;SAFE;1;1;1;-1;-1;4364.95;7.56;7.56;8.92;-3.44;KELLY_LITE;true;0.04;213067.08;0.0417;KELLY_LITE(mult=1.30 taper=1.00 n=20)+HARD_RISK_CAP(2.0%)+MAXLOSS_CAP;213067.08;213074.64;33;0
2026.08.14 12:52:29;XAUUSD;5;1786669226;PROFIT_RATCHET_LOCKED;floor=3.01 peak=8.92;MANAGE_PROFIT;SAFE;1;1;1;-1;-1;4364.95;7.32;7.32;8.92;-3.44;KELLY_LITE;true;0.04;213067.08;0.0417;KELLY_LITE(mult=1.30 taper=1.00 n=20)+HARD_RISK_CAP(2.0%)+MAXLOSS_CAP;213067.08;213074.40;33;0
2026.08.14 12:52:29;XAUUSD;5;1786669226;PROFIT_RATCHET_LOCKED;floor=3.01 peak=8.92;MANAGE_PROFIT;SAFE;1;1;1;-1;-1;4364.95;7.08;7.08;8.92;-3.44;KELLY_LITE;true;0.04;213067.08;0.0417;KELLY_LITE(mult=1.30 taper=1.00 n=20)+HARD_RISK_CAP(2.0%)+MAXLOSS_CAP;213067.08;213074.16;33;0
2026.08.14 12:52:30;XAUUSD;5;1786669226;PROFIT_RATCHET_LOCKED;floor=3.01 peak=8.92;MANAGE_PROFIT;SAFE;1;1;1;-1;-1;4364.95;7.12;7.12;8.92;-3.44;KELLY_LITE;true;0.04;213067.08;0.0417;KELLY_LITE(mult=1.30 taper=1.00 n=20)+HARD_RISK_CAP(2.0%)+MAXLOSS_CAP;213067.08;213074.20;33;0
2026.08.14 12:52:30;XAUUSD;5;1786669226;PROFIT_RATCHET_LOCKED;floor=3.01 peak=8.92;MANAGE_PROFIT;SAFE;1;1;1;-1;-1;4364.95;7.40;7.40;8.92;-3.44;KELLY_LITE;true;0.04;213067.08;0.0417;KELLY_LITE(mult=1.30 taper=1.00 n=20)+HARD_RISK_CAP(2.0%)+MAXLOSS_CAP;213067.08;213074.48;33;0
2026.08.14 12:52:31;XAUUSD;5;1786669226;SL_MODIFY_FAILED;ticket=119529306 newSL=4366.47 reason=break_even_lock_leg_0 err=0;MANAGE_PROFIT;SAFE;1;1;1;-1;-1;4364.95;7.92;7.92;8.92;-3.44;KELLY_LITE;true;0.04;213067.08;0.0417;KELLY_LITE(mult=1.30 taper=1.00 n=20)+HARD_RISK_CAP(2.0%)+MAXLOSS_CAP;213067.08;213075.00;33;0
2026.08.14 12:52:31;XAUUSD;5;1786669226;PROFIT_RATCHET_LOCKED;floor=3.01 peak=8.92;MANAGE_PROFIT;SAFE;1;1;1;-1;-1;4364.95;7.92;7.92;8.92;-3.44;KELLY_LITE;true;0.04;213067.08;0.0417;KELLY_LITE(mult=1.30 taper=1.00 n=20)+HARD_RISK_CAP(2.0%)+MAXLOSS_CAP;213067.08;213075.00;33;0
2026.08.14 12:52:31;XAUUSD;5;1786669226;PROFIT_RATCHET_LOCKED;floor=3.01 peak=8.92;MANAGE_PROFIT;SAFE;1;1;1;-1;-1;4364.95;7.92;7.92;8.92;-3.44;KELLY_LITE;true;0.04;213067.08;0.0417;KELLY_LITE(mult=1.30 taper=1.00 n=20)+HARD_RISK_CAP(2.0%)+MAXLOSS_CAP;213067.08;213075.00;33;0
2026.08.14 12:52:31;XAUUSD;5;1786669226;PROFIT_RATCHET_LOCKED;floor=3.01 peak=8.92;MANAGE_PROFIT;SAFE;1;1;1;-1;-1;4364.95;7.68;7.68;8.92;-3.44;KELLY_LITE;true;0.04;213067.08;0.0417;KELLY_LITE(mult=1.30 taper=1.00 n=20)+HARD_RISK_CAP(2.0%)+MAXLOSS_CAP;213067.08;213074.76;33;0
2026.08.14 12:52:31;XAUUSD;5;1786669226;PROFIT_RATCHET_LOCKED;floor=3.01 peak=8.92;MANAGE_PROFIT;SAFE;1;1;1;-1;-1;4364.95;7.88;7.88;8.92;-3.44;KELLY_LITE;true;0.04;213067.08;0.0417;KELLY_LITE(mult=1.30 taper=1.00 n=20)+HARD_RISK_CAP(2.0%)+MAXLOSS_CAP;213067.08;213074.96;33;0
2026.08.14 12:52:32;XAUUSD;5;1786669226;PROFIT_RATCHET_LOCKED;floor=3.01 peak=8.92;MANAGE_PROFIT;SAFE;1;1;1;-1;-1;4364.95;7.92;7.92;8.92;-3.44;KELLY_LITE;true;0.04;213067.08;0.0417;KELLY_LITE(mult=1.30 taper=1.00 n=20)+HARD_RISK_CAP(2.0%)+MAXLOSS_CAP;213067.08;213075.00;33;0
2026.08.14 12:52:32;XAUUSD;5;1786669226;PROFIT_RATCHET_LOCKED;floor=3.01 peak=8.92;MANAGE_PROFIT;SAFE;1;1;1;-1;-1;4364.95;8.00;8.00;8.92;-3.44;KELLY_LITE;true;0.04;213067.08;0.0417;KELLY_LITE(mult=1.30 taper=1.00 n=20)+HARD_RISK_CAP(2.0%)+MAXLOSS_CAP;213067.08;213075.08;33;0
2026.08.14 12:52:34;XAUUSD;5;1786669226;PROFIT_RATCHET_LOCKED;floor=3.01 peak=8.92;MANAGE_PROFIT;SAFE;1;1;1;-1;-1;4364.95;7.48;7.48;8.92;-3.44;KELLY_LITE;true;0.04;213067.08;0.0417;KELLY_LITE(mult=1.30 taper=1.00 n=20)+HARD_RISK_CAP(2.0%)+MAXLOSS_CAP;213067.08;213074.56;33;0
2026.08.14 12:52:35;XAUUSD;5;1786669226;PROFIT_RATCHET_LOCKED;floor=3.01 peak=8.92;MANAGE_PROFIT;SAFE;1;1;1;-1;-1;4364.95;7.40;7.40;8.92;-3.44;KELLY_LITE;true;0.04;213067.08;0.0417;KELLY_LITE(mult=1.30 taper=1.00 n=20)+HARD_RISK_CAP(2.0%)+MAXLOSS_CAP;213067.08;213074.48;33;0
2026.08.14 12:52:35;XAUUSD;5;1786669226;PROFIT_RATCHET_LOCKED;floor=3.01 peak=8.92;MANAGE_PROFIT;SAFE;1;1;1;-1;-1;4364.95;7.44;7.44;8.92;-3.44;KELLY_LITE;true;0.04;213067.08;0.0417;KELLY_LITE(mult=1.30 taper=1.00 n=20)+HARD_RISK_CAP(2.0%)+MAXLOSS_CAP;213067.08;213074.52;33;0
2026.08.14 12:52:37;XAUUSD;5;1786669226;PROFIT_RATCHET_LOCKED;floor=3.01 peak=8.92;MANAGE_PROFIT;SAFE;1;1;1;-1;-1;4364.95;7.40;7.40;8.92;-3.44;KELLY_LITE;true;0.04;213067.08;0.0417;KELLY_LITE(mult=1.30 taper=1.00 n=20)+HARD_RISK_CAP(2.0%)+MAXLOSS_CAP;213067.08;213074.48;33;0
2026.08.14 12:52:37;XAUUSD;5;1786669226;PROFIT_RATCHET_LOCKED;floor=3.01 peak=8.92;MANAGE_PROFIT;SAFE;1;1;1;-1;-1;4364.95;7.44;7.44;8.92;-3.44;KELLY_LITE;true;0.04;213067.08;0.0417;KELLY_LITE(mult=1.30 taper=1.00 n=20)+HARD_RISK_CAP(2.0%)+MAXLOSS_CAP;213067.08;213074.52;33;0
2026.08.14 12:52:37;XAUUSD;5;1786669226;PROFIT_RATCHET_LOCKED;floor=3.01 peak=8.92;MANAGE_PROFIT;SAFE;1;1;1;-1;-1;4364.95;7.36;7.36;8.92;-3.44;KELLY_LITE;true;0.04;213067.08;0.0417;KELLY_LITE(mult=1.30 taper=1.00 n=20)+HARD_RISK_CAP(2.0%)+MAXLOSS_CAP;213067.08;213074.44;33;0
2026.08.14 12:52:38;XAUUSD;5;1786669226;PROFIT_RATCHET_LOCKED;floor=3.01 peak=8.92;MANAGE_PROFIT;SAFE;1;1;1;-1;-1;4364.95;7.56;7.56;8.92;-3.44;KELLY_LITE;true;0.04;213067.08;0.0417;KELLY_LITE(mult=1.30 taper=1.00 n=20)+HARD_RISK_CAP(2.0%)+MAXLOSS_CAP;213067.08;213074.64;33;0
2026.08.14 12:52:38;XAUUSD;5;1786669226;PROFIT_RATCHET_LOCKED;floor=3.01 peak=8.92;MANAGE_PROFIT;SAFE;1;1;1;-1;-1;4364.95;7.48;7.48;8.92;-3.44;KELLY_LITE;true;0.04;213067.08;0.0417;KELLY_LITE(mult=1.30 taper=1.00 n=20)+HARD_RISK_CAP(2.0%)+MAXLOSS_CAP;213067.08;213074.56;33;0
2026.08.14 12:52:38;XAUUSD;5;1786669226;PROFIT_RATCHET_LOCKED;floor=3.01 peak=8.92;MANAGE_PROFIT;SAFE;1;1;1;-1;-1;4364.95;7.52;7.52;8.92;-3.44;KELLY_LITE;true;0.04;213067.08;0.0417;KELLY_LITE(mult=1.30 taper=1.00 n=20)+HARD_RISK_CAP(2.0%)+MAXLOSS_CAP;213067.08;213074.60;33;0
2026.08.14 12:52:39;XAUUSD;5;1786669226;PROFIT_RATCHET_LOCKED;floor=3.01 peak=8.92;MANAGE_PROFIT;SAFE;1;1;1;-1;-1;4364.95;7.48;7.48;8.92;-3.44;KELLY_LITE;true;0.04;213067.08;0.0417;KELLY_LITE(mult=1.30 taper=1.00 n=20)+HARD_RISK_CAP(2.0%)+MAXLOSS_CAP;213067.08;213074.56;33;0
2026.08.14 12:52:40;XAUUSD;5;1786669226;PROFIT_RATCHET_LOCKED;floor=3.01 peak=8.92;MANAGE_PROFIT;SAFE;1;1;1;-1;-1;4364.95;7.52;7.52;8.92;-3.44;KELLY_LITE;true;0.04;213067.08;0.0417;KELLY_LITE(mult=1.30 taper=1.00 n=20)+HARD_RISK_CAP(2.0%)+MAXLOSS_CAP;213067.08;213074.60;33;0
2026.08.14 12:52:40;XAUUSD;5;1786669226;SL_MODIFIED;ticket=119529306 oldSL=4366.43 newSL=4366.50 reason=break_even_lock_leg_0;MANAGE_PROFIT;SAFE;1;1;1;-1;-1;4364.95;8.28;8.28;8.92;-3.44;KELLY_LITE;true;0.04;213067.08;0.0417;KELLY_LITE(mult=1.30 taper=1.00 n=20)+HARD_RISK_CAP(2.0%)+MAXLOSS_CAP;213067.08;213075.36;33;0
2026.08.14 12:52:40;XAUUSD;5;1786669226;PROFIT_RATCHET_LOCKED;floor=3.01 peak=8.92;MANAGE_PROFIT;SAFE;1;1;1;-1;-1;4364.95;8.28;8.28;8.92;-3.44;KELLY_LITE;true;0.04;213067.08;0.0417;KELLY_LITE(mult=1.30 taper=1.00 n=20)+HARD_RISK_CAP(2.0%)+MAXLOSS_CAP;213067.08;213075.36;33;0
2026.08.14 12:52:40;XAUUSD;5;1786669226;PROFIT_RATCHET_LOCKED;floor=3.01 peak=8.92;MANAGE_PROFIT;SAFE;1;1;1;-1;-1;4364.95;8.28;8.28;8.92;-3.44;KELLY_LITE;true;0.04;213067.08;0.0417;KELLY_LITE(mult=1.30 taper=1.00 n=20)+HARD_RISK_CAP(2.0%)+MAXLOSS_CAP;213067.08;213075.36;33;0
2026.08.14 12:52:41;XAUUSD;5;1786669226;PROFIT_RATCHET_LOCKED;floor=3.01 peak=8.92;MANAGE_PROFIT;SAFE;1;1;1;-1;-1;4364.95;8.24;8.24;8.92;-3.44;KELLY_LITE;true;0.04;213067.08;0.0417;KELLY_LITE(mult=1.30 taper=1.00 n=20)+HARD_RISK_CAP(2.0%)+MAXLOSS_CAP;213067.08;213075.32;33;0
2026.08.14 12:52:41;XAUUSD;5;1786669226;PROFIT_RATCHET_LOCKED;floor=3.01 peak=8.92;MANAGE_PROFIT;SAFE;1;1;1;-1;-1;4364.95;8.24;8.24;8.92;-3.44;KELLY_LITE;true;0.04;213067.08;0.0417;KELLY_LITE(mult=1.30 taper=1.00 n=20)+HARD_RISK_CAP(2.0%)+MAXLOSS_CAP;213067.08;213075.32;32;0
2026.08.14 12:52:41;XAUUSD;5;1786669226;PROFIT_RATCHET_LOCKED;floor=3.01 peak=8.92;MANAGE_PROFIT;SAFE;1;1;1;-1;-1;4364.95;8.20;8.20;8.92;-3.44;KELLY_LITE;true;0.04;213067.08;0.0417;KELLY_LITE(mult=1.30 taper=1.00 n=20)+HARD_RISK_CAP(2.0%)+MAXLOSS_CAP;213067.08;213075.28;33;0
2026.08.14 12:52:42;XAUUSD;5;1786669226;PROFIT_RATCHET_LOCKED;floor=3.01 peak=8.92;MANAGE_PROFIT;SAFE;1;1;1;-1;-1;4364.95;7.80;7.80;8.92;-3.44;KELLY_LITE;true;0.04;213067.08;0.0417;KELLY_LITE(mult=1.30 taper=1.00 n=20)+HARD_RISK_CAP(2.0%)+MAXLOSS_CAP;213067.08;213074.88;33;0
2026.08.14 12:52:42;XAUUSD;5;1786669226;PROFIT_RATCHET_LOCKED;floor=3.01 peak=8.92;MANAGE_PROFIT;SAFE;1;1;1;-1;-1;4364.95;7.64;7.64;8.92;-3.44;KELLY_LITE;true;0.04;213067.08;0.0417;KELLY_LITE(mult=1.30 taper=1.00 n=20)+HARD_RISK_CAP(2.0%)+MAXLOSS_CAP;213067.08;213074.72;33;0
2026.08.14 12:52:42;XAUUSD;5;1786669226;PROFIT_RATCHET_LOCKED;floor=3.01 peak=8.92;MANAGE_PROFIT;SAFE;1;1;1;-1;-1;4364.95;7.88;7.88;8.92;-3.44;KELLY_LITE;true;0.04;213067.08;0.0417;KELLY_LITE(mult=1.30 taper=1.00 n=20)+HARD_RISK_CAP(2.0%)+MAXLOSS_CAP;213067.08;213074.96;33;0
2026.08.14 12:52:43;XAUUSD;5;1786669226;PROFIT_RATCHET_LOCKED;floor=3.01 peak=8.92;MANAGE_PROFIT;SAFE;1;1;1;-1;-1;4364.95;8.00;8.00;8.92;-3.44;KELLY_LITE;true;0.04;213067.08;0.0417;KELLY_LITE(mult=1.30 taper=1.00 n=20)+HARD_RISK_CAP(2.0%)+MAXLOSS_CAP;213067.08;213075.08;33;0
2026.08.14 12:52:43;XAUUSD;5;1786669226;PROFIT_RATCHET_LOCKED;floor=3.01 peak=8.92;MANAGE_PROFIT;SAFE;1;1;1;-1;-1;4364.95;8.20;8.20;8.92;-3.44;KELLY_LITE;true;0.04;213067.08;0.0417;KELLY_LITE(mult=1.30 taper=1.00 n=20)+HARD_RISK_CAP(2.0%)+MAXLOSS_CAP;213067.08;213075.28;33;0
2026.08.14 12:52:44;XAUUSD;5;1786669226;PROFIT_RATCHET_LOCKED;floor=3.01 peak=8.92;MANAGE_PROFIT;SAFE;1;1;1;-1;-1;4364.95;8.24;8.24;8.92;-3.44;KELLY_LITE;true;0.04;213067.08;0.0417;KELLY_LITE(mult=1.30 taper=1.00 n=20)+HARD_RISK_CAP(2.0%)+MAXLOSS_CAP;213067.08;213075.32;33;0
2026.08.14 12:52:44;XAUUSD;5;1786669226;PROFIT_RATCHET_LOCKED;floor=3.01 peak=8.92;MANAGE_PROFIT;SAFE;1;1;1;-1;-1;4364.95;7.72;7.72;8.92;-3.44;KELLY_LITE;true;0.04;213067.08;0.0417;KELLY_LITE(mult=1.30 taper=1.00 n=20)+HARD_RISK_CAP(2.0%)+MAXLOSS_CAP;213067.08;213074.80;33;0
2026.08.14 12:52:44;XAUUSD;5;1786669226;PROFIT_RATCHET_LOCKED;floor=3.01 peak=8.92;MANAGE_PROFIT;SAFE;1;1;1;-1;-1;4364.95;7.64;7.64;8.92;-3.44;KELLY_LITE;true;0.04;213067.08;0.0417;KELLY_LITE(mult=1.30 taper=1.00 n=20)+HARD_RISK_CAP(2.0%)+MAXLOSS_CAP;213067.08;213074.72;33;0
2026.08.14 12:52:45;XAUUSD;5;1786669226;PROFIT_RATCHET_LOCKED;floor=3.01 peak=8.92;MANAGE_PROFIT;SAFE;1;1;1;-1;-1;4364.95;7.96;7.96;8.92;-3.44;KELLY_LITE;true;0.04;213067.08;0.0417;KELLY_LITE(mult=1.30 taper=1.00 n=20)+HARD_RISK_CAP(2.0%)+MAXLOSS_CAP;213067.08;213075.04;33;0
2026.08.14 12:52:45;XAUUSD;5;1786669226;PROFIT_RATCHET_LOCKED;floor=3.01 peak=8.92;MANAGE_PROFIT;SAFE;1;1;1;-1;-1;4364.95;8.08;8.08;8.92;-3.44;KELLY_LITE;true;0.04;213067.08;0.0417;KELLY_LITE(mult=1.30 taper=1.00 n=20)+HARD_RISK_CAP(2.0%)+MAXLOSS_CAP;213067.08;213075.16;33;0
2026.08.14 12:52:45;XAUUSD;5;1786669226;PROFIT_RATCHET_LOCKED;floor=3.01 peak=8.92;MANAGE_PROFIT;SAFE;1;1;1;-1;-1;4364.95;8.08;8.08;8.92;-3.44;KELLY_LITE;true;0.04;213067.08;0.0417;KELLY_LITE(mult=1.30 taper=1.00 n=20)+HARD_RISK_CAP(2.0%)+MAXLOSS_CAP;213067.08;213075.16;30;0
2026.08.14 12:52:46;XAUUSD;5;1786669226;PROFIT_RATCHET_LOCKED;floor=3.01 peak=8.92;MANAGE_PROFIT;SAFE;1;1;1;-1;-1;4364.95;7.92;7.92;8.92;-3.44;KELLY_LITE;true;0.04;213067.08;0.0417;KELLY_LITE(mult=1.30 taper=1.00 n=20)+HARD_RISK_CAP(2.0%)+MAXLOSS_CAP;213067.08;213075.00;33;0
2026.08.14 12:52:46;XAUUSD;5;1786669226;PROFIT_RATCHET_LOCKED;floor=3.01 peak=8.92;MANAGE_PROFIT;SAFE;1;1;1;-1;-1;4364.95;7.56;7.56;8.92;-3.44;KELLY_LITE;true;0.04;213067.08;0.0417;KELLY_LITE(mult=1.30 taper=1.00 n=20)+HARD_RISK_CAP(2.0%)+MAXLOSS_CAP;213067.08;213074.64;33;0
2026.08.14 12:52:46;XAUUSD;5;1786669226;PROFIT_RATCHET_LOCKED;floor=3.01 peak=8.92;MANAGE_PROFIT;SAFE;1;1;1;-1;-1;4364.95;7.76;7.76;8.92;-3.44;KELLY_LITE;true;0.04;213067.08;0.0417;KELLY_LITE(mult=1.30 taper=1.00 n=20)+HARD_RISK_CAP(2.0%)+MAXLOSS_CAP;213067.08;213074.84;33;0
2026.08.14 12:52:46;XAUUSD;5;1786669226;PROFIT_RATCHET_LOCKED;floor=3.01 peak=8.92;MANAGE_PROFIT;SAFE;1;1;1;-1;-1;4364.95;8.00;8.00;8.92;-3.44;KELLY_LITE;true;0.04;213067.08;0.0417;KELLY_LITE(mult=1.30 taper=1.00 n=20)+HARD_RISK_CAP(2.0%)+MAXLOSS_CAP;213067.08;213075.08;33;0
2026.08.14 12:52:46;XAUUSD;5;1786669226;PROFIT_RATCHET_LOCKED;floor=3.01 peak=8.92;MANAGE_PROFIT;SAFE;1;1;1;-1;-1;4364.95;8.04;8.04;8.92;-3.44;KELLY_LITE;true;0.04;213067.08;0.0417;KELLY_LITE(mult=1.30 taper=1.00 n=20)+HARD_RISK_CAP(2.0%)+MAXLOSS_CAP;213067.08;213075.12;33;0
2026.08.14 12:52:47;XAUUSD;5;1786669226;PROFIT_RATCHET_LOCKED;floor=3.01 peak=8.92;MANAGE_PROFIT;SAFE;1;1;1;-1;-1;4364.95;8.12;8.12;8.92;-3.44;KELLY_LITE;true;0.04;213067.08;0.0417;KELLY_LITE(mult=1.30 taper=1.00 n=20)+HARD_RISK_CAP(2.0%)+MAXLOSS_CAP;213067.08;213075.20;33;0
2026.08.14 12:52:47;XAUUSD;5;1786669226;PROFIT_RATCHET_LOCKED;floor=3.01 peak=8.92;MANAGE_PROFIT;SAFE;1;1;1;-1;-1;4364.95;7.52;7.52;8.92;-3.44;KELLY_LITE;true;0.04;213067.08;0.0417;KELLY_LITE(mult=1.30 taper=1.00 n=20)+HARD_RISK_CAP(2.0%)+MAXLOSS_CAP;213067.08;213074.60;33;0
2026.08.14 12:52:47;XAUUSD;5;1786669226;PROFIT_RATCHET_LOCKED;floor=3.01 peak=8.92;MANAGE_PROFIT;SAFE;1;1;1;-1;-1;4364.95;7.68;7.68;8.92;-3.44;KELLY_LITE;true;0.04;213067.08;0.0417;KELLY_LITE(mult=1.30 taper=1.00 n=20)+HARD_RISK_CAP(2.0%)+MAXLOSS_CAP;213067.08;213074.76;33;0
2026.08.14 12:52:47;XAUUSD;5;1786669226;PROFIT_RATCHET_LOCKED;floor=3.01 peak=8.92;MANAGE_PROFIT;SAFE;1;1;1;-1;-1;4364.95;7.64;7.64;8.92;-3.44;KELLY_LITE;true;0.04;213067.08;0.0417;KELLY_LITE(mult=1.30 taper=1.00 n=20)+HARD_RISK_CAP(2.0%)+MAXLOSS_CAP;213067.08;213074.72;33;0
2026.08.14 12:52:48;XAUUSD;5;1786669226;PROFIT_RATCHET_LOCKED;floor=3.01 peak=8.92;MANAGE_PROFIT;SAFE;1;1;1;-1;-1;4364.95;8.00;8.00;8.92;-3.44;KELLY_LITE;true;0.04;213067.08;0.0417;KELLY_LITE(mult=1.30 taper=1.00 n=20)+HARD_RISK_CAP(2.0%)+MAXLOSS_CAP;213067.08;213075.08;34;0
2026.08.14 12:52:48;XAUUSD;5;1786669226;PROFIT_RATCHET_LOCKED;floor=3.01 peak=8.92;MANAGE_PROFIT;SAFE;1;1;1;-1;-1;4364.95;8.08;8.08;8.92;-3.44;KELLY_LITE;true;0.04;213067.08;0.0417;KELLY_LITE(mult=1.30 taper=1.00 n=20)+HARD_RISK_CAP(2.0%)+MAXLOSS_CAP;213067.08;213075.16;33;0
2026.08.14 12:52:49;XAUUSD;5;1786669226;SL_MODIFIED;ticket=119529306 oldSL=4366.50 newSL=4366.57 reason=break_even_lock_leg_0;MANAGE_PROFIT;SAFE;1;1;1;-1;-1;4364.95;8.60;8.60;8.92;-3.44;KELLY_LITE;true;0.04;213067.08;0.0417;KELLY_LITE(mult=1.30 taper=1.00 n=20)+HARD_RISK_CAP(2.0%)+MAXLOSS_CAP;213067.08;213075.68;33;0
2026.08.14 12:52:49;XAUUSD;5;1786669226;PROFIT_RATCHET_LOCKED;floor=3.01 peak=8.92;MANAGE_PROFIT;SAFE;1;1;1;-1;-1;4364.95;8.60;8.60;8.92;-3.44;KELLY_LITE;true;0.04;213067.08;0.0417;KELLY_LITE(mult=1.30 taper=1.00 n=20)+HARD_RISK_CAP(2.0%)+MAXLOSS_CAP;213067.08;213075.68;33;0
2026.08.14 12:52:49;XAUUSD;5;1786669226;PROFIT_RATCHET_LOCKED;floor=3.01 peak=8.92;MANAGE_PROFIT;SAFE;1;1;1;-1;-1;4364.95;8.60;8.60;8.92;-3.44;KELLY_LITE;true;0.04;213067.08;0.0417;KELLY_LITE(mult=1.30 taper=1.00 n=20)+HARD_RISK_CAP(2.0%)+MAXLOSS_CAP;213067.08;213075.68;33;0
2026.08.14 12:52:49;XAUUSD;5;1786669226;PROFIT_RATCHET_LOCKED;floor=3.01 peak=8.92;MANAGE_PROFIT;SAFE;1;1;1;-1;-1;4364.95;8.56;8.56;8.92;-3.44;KELLY_LITE;true;0.04;213067.08;0.0417;KELLY_LITE(mult=1.30 taper=1.00 n=20)+HARD_RISK_CAP(2.0%)+MAXLOSS_CAP;213067.08;213075.64;33;0
2026.08.14 12:52:49;XAUUSD;5;1786669226;PROFIT_RATCHET_LOCKED;floor=3.01 peak=8.92;MANAGE_PROFIT;SAFE;1;1;1;-1;-1;4364.95;8.56;8.56;8.92;-3.44;KELLY_LITE;true;0.04;213067.08;0.0417;KELLY_LITE(mult=1.30 taper=1.00 n=20)+HARD_RISK_CAP(2.0%)+MAXLOSS_CAP;213067.08;213075.64;30;0
2026.08.14 12:52:50;XAUUSD;5;1786669226;PROFIT_RATCHET_LOCKED;floor=3.01 peak=8.92;MANAGE_PROFIT;SAFE;1;1;1;-1;-1;4364.95;8.16;8.16;8.92;-3.44;KELLY_LITE;true;0.04;213067.08;0.0417;KELLY_LITE(mult=1.30 taper=1.00 n=20)+HARD_RISK_CAP(2.0%)+MAXLOSS_CAP;213067.08;213075.24;33;0
2026.08.14 12:52:50;XAUUSD;5;1786669226;PROFIT_RATCHET_LOCKED;floor=3.01 peak=8.92;MANAGE_PROFIT;SAFE;1;1;1;-1;-1;4364.95;8.20;8.20;8.92;-3.44;KELLY_LITE;true;0.04;213067.08;0.0417;KELLY_LITE(mult=1.30 taper=1.00 n=20)+HARD_RISK_CAP(2.0%)+MAXLOSS_CAP;213067.08;213075.28;33;0
2026.08.14 12:52:50;XAUUSD;5;1786669226;PROFIT_RATCHET_LOCKED;floor=3.01 peak=8.92;MANAGE_PROFIT;SAFE;1;1;1;-1;-1;4364.95;8.32;8.32;8.92;-3.44;KELLY_LITE;true;0.04;213067.08;0.0417;KELLY_LITE(mult=1.30 taper=1.00 n=20)+HARD_RISK_CAP(2.0%)+MAXLOSS_CAP;213067.08;213075.40;33;0
2026.08.14 12:52:51;XAUUSD;5;1786669226;PROFIT_RATCHET_LOCKED;floor=3.01 peak=8.92;MANAGE_PROFIT;SAFE;1;1;1;-1;-1;4364.95;8.24;8.24;8.92;-3.44;KELLY_LITE;true;0.04;213067.08;0.0417;KELLY_LITE(mult=1.30 taper=1.00 n=20)+HARD_RISK_CAP(2.0%)+MAXLOSS_CAP;213067.08;213075.32;33;0
2026.08.14 12:52:52;XAUUSD;5;1786669226;SL_MODIFIED;ticket=119529306 oldSL=4366.57 newSL=4366.61 reason=break_even_lock_leg_0;MANAGE_PROFIT;SAFE;1;1;1;-1;-1;4364.95;9.44;9.44;8.92;-3.44;KELLY_LITE;true;0.04;213067.08;0.0417;KELLY_LITE(mult=1.30 taper=1.00 n=20)+HARD_RISK_CAP(2.0%)+MAXLOSS_CAP;213067.08;213076.52;32;0
2026.08.14 12:52:52;XAUUSD;5;1786669226;PROFIT_RATCHET_LOCKED;floor=3.01 peak=8.92;MANAGE_PROFIT;SAFE;1;1;1;-1;-1;4364.95;9.44;9.44;8.92;-3.44;KELLY_LITE;true;0.04;213067.08;0.0417;KELLY_LITE(mult=1.30 taper=1.00 n=20)+HARD_RISK_CAP(2.0%)+MAXLOSS_CAP;213067.08;213076.52;32;0
2026.08.14 12:52:52;XAUUSD;5;1786669226;SL_MODIFIED;ticket=119529306 oldSL=4366.61 newSL=4366.79 reason=break_even_lock_leg_0;MANAGE_PROFIT;SAFE;1;1;1;-1;-1;4364.95;9.48;9.48;9.44;-3.44;KELLY_LITE;true;0.04;213067.08;0.0417;KELLY_LITE(mult=1.30 taper=1.00 n=20)+HARD_RISK_CAP(2.0%)+MAXLOSS_CAP;213067.08;213076.56;33;0
2026.08.14 12:52:52;XAUUSD;5;1786669226;PROFIT_RATCHET_LOCKED;floor=3.19 peak=9.44;MANAGE_PROFIT;SAFE;1;1;1;-1;-1;4364.95;9.48;9.48;9.44;-3.44;KELLY_LITE;true;0.04;213067.08;0.0417;KELLY_LITE(mult=1.30 taper=1.00 n=20)+HARD_RISK_CAP(2.0%)+MAXLOSS_CAP;213067.08;213076.56;33;0
2026.08.14 12:52:52;XAUUSD;5;1786669226;PROFIT_RATCHET_LOCKED;floor=3.20 peak=9.48;MANAGE_PROFIT;SAFE;1;1;1;-1;-1;4364.95;9.48;9.48;9.48;-3.44;KELLY_LITE;true;0.04;213067.08;0.0417;KELLY_LITE(mult=1.30 taper=1.00 n=20)+HARD_RISK_CAP(2.0%)+MAXLOSS_CAP;213067.08;213076.56;33;0
2026.08.14 12:52:53;XAUUSD;5;1786669226;SL_MODIFIED;ticket=119529306 oldSL=4366.79 newSL=4366.84 reason=break_even_lock_leg_0;MANAGE_PROFIT;SAFE;1;1;1;-1;-1;4364.95;9.60;9.60;9.64;-3.44;KELLY_LITE;true;0.04;213067.08;0.0417;KELLY_LITE(mult=1.30 taper=1.00 n=20)+HARD_RISK_CAP(2.0%)+MAXLOSS_CAP;213067.08;213076.68;33;0
2026.08.14 12:52:53;XAUUSD;5;1786669226;PROFIT_RATCHET_LOCKED;floor=3.25 peak=9.64;MANAGE_PROFIT;SAFE;1;1;1;-1;-1;4364.95;9.60;9.60;9.64;-3.44;KELLY_LITE;true;0.04;213067.08;0.0417;KELLY_LITE(mult=1.30 taper=1.00 n=20)+HARD_RISK_CAP(2.0%)+MAXLOSS_CAP;213067.08;213076.68;33;0
2026.08.14 12:52:53;XAUUSD;5;1786669226;PROFIT_RATCHET_LOCKED;floor=3.25 peak=9.64;MANAGE_PROFIT;SAFE;1;1;1;-1;-1;4364.95;9.60;9.60;9.64;-3.44;KELLY_LITE;true;0.04;213067.08;0.0417;KELLY_LITE(mult=1.30 taper=1.00 n=20)+HARD_RISK_CAP(2.0%)+MAXLOSS_CAP;213067.08;213076.68;33;0
2026.08.14 12:52:54;XAUUSD;5;1786669226;PROFIT_RATCHET_LOCKED;floor=3.28 peak=9.72;MANAGE_PROFIT;SAFE;1;1;1;-1;-1;4364.95;9.72;9.72;9.72;-3.44;KELLY_LITE;true;0.04;213067.08;0.0417;KELLY_LITE(mult=1.30 taper=1.00 n=20)+HARD_RISK_CAP(2.0%)+MAXLOSS_CAP;213067.08;213076.80;33;0
2026.08.14 12:52:54;XAUUSD;5;1786669226;PROFIT_RATCHET_LOCKED;floor=3.28 peak=9.72;MANAGE_PROFIT;SAFE;1;1;1;-1;-1;4364.95;9.20;9.20;9.72;-3.44;KELLY_LITE;true;0.04;213067.08;0.0417;KELLY_LITE(mult=1.30 taper=1.00 n=20)+HARD_RISK_CAP(2.0%)+MAXLOSS_CAP;213067.08;213076.28;33;0
2026.08.14 12:52:54;XAUUSD;5;1786669226;PROFIT_RATCHET_LOCKED;floor=3.28 peak=9.72;MANAGE_PROFIT;SAFE;1;1;1;-1;-1;4364.95;9.48;9.48;9.72;-3.44;KELLY_LITE;true;0.04;213067.08;0.0417;KELLY_LITE(mult=1.30 taper=1.00 n=20)+HARD_RISK_CAP(2.0%)+MAXLOSS_CAP;213067.08;213076.56;33;0
2026.08.14 12:52:54;XAUUSD;5;1786669226;PROFIT_RATCHET_LOCKED;floor=3.28 peak=9.72;MANAGE_PROFIT;SAFE;1;1;1;-1;-1;4364.95;9.60;9.60;9.72;-3.44;KELLY_LITE;true;0.04;213067.08;0.0417;KELLY_LITE(mult=1.30 taper=1.00 n=20)+HARD_RISK_CAP(2.0%)+MAXLOSS_CAP;213067.08;213076.68;33;0
2026.08.14 12:52:54;XAUUSD;5;1786669226;PROFIT_RATCHET_LOCKED;floor=3.28 peak=9.72;MANAGE_PROFIT;SAFE;1;1;1;-1;-1;4364.95;9.56;9.56;9.72;-3.44;KELLY_LITE;true;0.04;213067.08;0.0417;KELLY_LITE(mult=1.30 taper=1.00 n=20)+HARD_RISK_CAP(2.0%)+MAXLOSS_CAP;213067.08;213076.64;33;0
2026.08.14 12:52:55;XAUUSD;5;1786669226;PROFIT_RATCHET_LOCKED;floor=3.28 peak=9.72;MANAGE_PROFIT;SAFE;1;1;1;-1;-1;4364.95;9.16;9.16;9.72;-3.44;KELLY_LITE;true;0.04;213067.08;0.0417;KELLY_LITE(mult=1.30 taper=1.00 n=20)+HARD_RISK_CAP(2.0%)+MAXLOSS_CAP;213067.08;213076.24;33;0
2026.08.14 12:52:55;XAUUSD;5;1786669226;PROFIT_RATCHET_LOCKED;floor=3.28 peak=9.72;MANAGE_PROFIT;SAFE;1;1;1;-1;-1;4364.95;9.12;9.12;9.72;-3.44;KELLY_LITE;true;0.04;213067.08;0.0417;KELLY_LITE(mult=1.30 taper=1.00 n=20)+HARD_RISK_CAP(2.0%)+MAXLOSS_CAP;213067.08;213076.20;33;0
2026.08.14 12:52:56;XAUUSD;5;1786669226;PROFIT_RATCHET_LOCKED;floor=3.28 peak=9.72;MANAGE_PROFIT;SAFE;1;1;1;-1;-1;4364.95;9.08;9.08;9.72;-3.44;KELLY_LITE;true;0.04;213067.08;0.0417;KELLY_LITE(mult=1.30 taper=1.00 n=20)+HARD_RISK_CAP(2.0%)+MAXLOSS_CAP;213067.08;213076.16;33;0
2026.08.14 12:52:56;XAUUSD;5;1786669226;PROFIT_RATCHET_LOCKED;floor=3.28 peak=9.72;MANAGE_PROFIT;SAFE;1;1;1;-1;-1;4364.95;9.12;9.12;9.72;-3.44;KELLY_LITE;true;0.04;213067.08;0.0417;KELLY_LITE(mult=1.30 taper=1.00 n=20)+HARD_RISK_CAP(2.0%)+MAXLOSS_CAP;213067.08;213076.20;33;0
2026.08.14 12:52:58;XAUUSD;5;1786669226;PROFIT_RATCHET_LOCKED;floor=3.28 peak=9.72;MANAGE_PROFIT;SAFE;1;1;1;-1;-1;4364.95;9.12;9.12;9.72;-3.44;KELLY_LITE;true;0.04;213067.08;0.0417;KELLY_LITE(mult=1.30 taper=1.00 n=20)+HARD_RISK_CAP(2.0%)+MAXLOSS_CAP;213067.08;213076.20;32;0
2026.08.14 12:52:58;XAUUSD;5;1786669226;PROFIT_RATCHET_LOCKED;floor=3.28 peak=9.72;MANAGE_PROFIT;SAFE;1;1;1;-1;-1;4364.95;8.68;8.68;9.72;-3.44;KELLY_LITE;true;0.04;213067.08;0.0417;KELLY_LITE(mult=1.30 taper=1.00 n=20)+HARD_RISK_CAP(2.0%)+MAXLOSS_CAP;213067.08;213075.76;33;0
2026.08.14 12:52:58;XAUUSD;5;1786669226;PROFIT_RATCHET_LOCKED;floor=3.28 peak=9.72;MANAGE_PROFIT;SAFE;1;1;1;-1;-1;4364.95;8.36;8.36;9.72;-3.44;KELLY_LITE;true;0.04;213067.08;0.0417;KELLY_LITE(mult=1.30 taper=1.00 n=20)+HARD_RISK_CAP(2.0%)+MAXLOSS_CAP;213067.08;213075.44;33;0
2026.08.14 12:52:58;XAUUSD;5;1786669226;PROFIT_RATCHET_LOCKED;floor=3.28 peak=9.72;MANAGE_PROFIT;SAFE;1;1;1;-1;-1;4364.95;8.24;8.24;9.72;-3.44;KELLY_LITE;true;0.04;213067.08;0.0417;KELLY_LITE(mult=1.30 taper=1.00 n=20)+HARD_RISK_CAP(2.0%)+MAXLOSS_CAP;213067.08;213075.32;33;0
2026.08.14 12:52:58;XAUUSD;5;1786669226;PROFIT_RATCHET_LOCKED;floor=3.28 peak=9.72;MANAGE_PROFIT;SAFE;1;1;1;-1;-1;4364.95;8.48;8.48;9.72;-3.44;KELLY_LITE;true;0.04;213067.08;0.0417;KELLY_LITE(mult=1.30 taper=1.00 n=20)+HARD_RISK_CAP(2.0%)+MAXLOSS_CAP;213067.08;213075.56;33;0
2026.08.14 12:52:59;XAUUSD;5;1786669226;PROFIT_RATCHET_LOCKED;floor=3.28 peak=9.72;MANAGE_PROFIT;SAFE;1;1;1;-1;-1;4364.95;8.40;8.40;9.72;-3.44;KELLY_LITE;true;0.04;213067.08;0.0417;KELLY_LITE(mult=1.30 taper=1.00 n=20)+HARD_RISK_CAP(2.0%)+MAXLOSS_CAP;213067.08;213075.48;33;0
2026.08.14 12:52:59;XAUUSD;5;1786669226;PROFIT_RATCHET_LOCKED;floor=3.28 peak=9.72;MANAGE_PROFIT;SAFE;1;1;1;-1;-1;4364.95;8.88;8.88;9.72;-3.44;KELLY_LITE;true;0.04;213067.08;0.0417;KELLY_LITE(mult=1.30 taper=1.00 n=20)+HARD_RISK_CAP(2.0%)+MAXLOSS_CAP;213067.08;213075.96;33;0
2026.08.14 12:52:59;XAUUSD;5;1786669226;PROFIT_RATCHET_LOCKED;floor=3.28 peak=9.72;MANAGE_PROFIT;SAFE;1;1;1;-1;-1;4364.95;8.68;8.68;9.72;-3.44;KELLY_LITE;true;0.04;213067.08;0.0417;KELLY_LITE(mult=1.30 taper=1.00 n=20)+HARD_RISK_CAP(2.0%)+MAXLOSS_CAP;213067.08;213075.76;33;0
2026.08.14 12:53:00;XAUUSD;5;1786669226;PROFIT_RATCHET_LOCKED;floor=3.28 peak=9.72;MANAGE_PROFIT;SAFE;1;1;1;-1;-1;4364.95;8.64;8.64;9.72;-3.44;KELLY_LITE;true;0.04;213067.08;0.0417;KELLY_LITE(mult=1.30 taper=1.00 n=20)+HARD_RISK_CAP(2.0%)+MAXLOSS_CAP;213067.08;213075.72;33;0
2026.08.14 12:53:00;XAUUSD;5;1786669226;PROFIT_RATCHET_LOCKED;floor=3.28 peak=9.72;MANAGE_PROFIT;SAFE;1;1;1;-1;-1;4364.95;8.56;8.56;9.72;-3.44;KELLY_LITE;true;0.04;213067.08;0.0417;KELLY_LITE(mult=1.30 taper=1.00 n=20)+HARD_RISK_CAP(2.0%)+MAXLOSS_CAP;213067.08;213075.64;33;0
2026.08.14 12:53:00;XAUUSD;5;1786669226;PROFIT_RATCHET_LOCKED;floor=3.28 peak=9.72;MANAGE_PROFIT;SAFE;1;1;1;-1;-1;4364.95;8.60;8.60;9.72;-3.44;KELLY_LITE;true;0.04;213067.08;0.0417;KELLY_LITE(mult=1.30 taper=1.00 n=20)+HARD_RISK_CAP(2.0%)+MAXLOSS_CAP;213067.08;213075.68;33;0
2026.08.14 12:53:01;XAUUSD;5;1786669226;PROFIT_RATCHET_LOCKED;floor=3.28 peak=9.72;MANAGE_PROFIT;SAFE;1;1;1;-1;-1;4364.95;8.64;8.64;9.72;-3.44;KELLY_LITE;true;0.04;213067.08;0.0417;KELLY_LITE(mult=1.30 taper=1.00 n=20)+HARD_RISK_CAP(2.0%)+MAXLOSS_CAP;213067.08;213075.72;33;0
2026.08.14 12:53:01;XAUUSD;5;1786669226;PROFIT_RATCHET_LOCKED;floor=3.28 peak=9.72;MANAGE_PROFIT;SAFE;1;1;1;-1;-1;4364.95;8.64;8.64;9.72;-3.44;KELLY_LITE;true;0.04;213067.08;0.0417;KELLY_LITE(mult=1.30 taper=1.00 n=20)+HARD_RISK_CAP(2.0%)+MAXLOSS_CAP;213067.08;213075.72;31;0
2026.08.14 12:53:01;XAUUSD;5;1786669226;PROFIT_RATCHET_LOCKED;floor=3.28 peak=9.72;MANAGE_PROFIT;SAFE;1;1;1;-1;-1;4364.95;8.56;8.56;9.72;-3.44;KELLY_LITE;true;0.04;213067.08;0.0417;KELLY_LITE(mult=1.30 taper=1.00 n=20)+HARD_RISK_CAP(2.0%)+MAXLOSS_CAP;213067.08;213075.64;33;0
2026.08.14 12:53:01;XAUUSD;5;1786669226;PROFIT_RATCHET_LOCKED;floor=3.28 peak=9.72;MANAGE_PROFIT;SAFE;1;1;1;-1;-1;4364.95;8.76;8.76;9.72;-3.44;KELLY_LITE;true;0.04;213067.08;0.0417;KELLY_LITE(mult=1.30 taper=1.00 n=20)+HARD_RISK_CAP(2.0%)+MAXLOSS_CAP;213067.08;213075.84;33;0
2026.08.14 12:53:01;XAUUSD;5;1786669226;PROFIT_RATCHET_LOCKED;floor=3.28 peak=9.72;MANAGE_PROFIT;SAFE;1;1;1;-1;-1;4364.95;9.04;9.04;9.72;-3.44;KELLY_LITE;true;0.04;213067.08;0.0417;KELLY_LITE(mult=1.30 taper=1.00 n=20)+HARD_RISK_CAP(2.0%)+MAXLOSS_CAP;213067.08;213076.12;33;0
2026.08.14 12:53:02;XAUUSD;5;1786669226;PROFIT_RATCHET_LOCKED;floor=3.28 peak=9.72;MANAGE_PROFIT;SAFE;1;1;1;-1;-1;4364.95;9.08;9.08;9.72;-3.44;KELLY_LITE;true;0.04;213067.08;0.0417;KELLY_LITE(mult=1.30 taper=1.00 n=20)+HARD_RISK_CAP(2.0%)+MAXLOSS_CAP;213067.08;213076.16;33;0
2026.08.14 12:53:02;XAUUSD;5;1786669226;PROFIT_RATCHET_LOCKED;floor=3.28 peak=9.72;MANAGE_PROFIT;SAFE;1;1;1;-1;-1;4364.95;9.52;9.52;9.72;-3.44;KELLY_LITE;true;0.04;213067.08;0.0417;KELLY_LITE(mult=1.30 taper=1.00 n=20)+HARD_RISK_CAP(2.0%)+MAXLOSS_CAP;213067.08;213076.60;33;0
2026.08.14 12:53:02;XAUUSD;5;1786669226;PROFIT_RATCHET_LOCKED;floor=3.28 peak=9.72;MANAGE_PROFIT;SAFE;1;1;1;-1;-1;4364.95;9.48;9.48;9.72;-3.44;KELLY_LITE;true;0.04;213067.08;0.0417;KELLY_LITE(mult=1.30 taper=1.00 n=20)+HARD_RISK_CAP(2.0%)+MAXLOSS_CAP;213067.08;213076.56;33;0
2026.08.14 12:53:02;XAUUSD;5;1786669226;PROFIT_RATCHET_LOCKED;floor=3.28 peak=9.72;MANAGE_PROFIT;SAFE;1;1;1;-1;-1;4364.95;9.40;9.40;9.72;-3.44;KELLY_LITE;true;0.04;213067.08;0.0417;KELLY_LITE(mult=1.30 taper=1.00 n=20)+HARD_RISK_CAP(2.0%)+MAXLOSS_CAP;213067.08;213076.48;33;0
2026.08.14 12:53:03;XAUUSD;5;1786669226;PROFIT_RATCHET_LOCKED;floor=3.28 peak=9.72;MANAGE_PROFIT;SAFE;1;1;1;-1;-1;4364.95;9.56;9.56;9.72;-3.44;KELLY_LITE;true;0.04;213067.08;0.0417;KELLY_LITE(mult=1.30 taper=1.00 n=20)+HARD_RISK_CAP(2.0%)+MAXLOSS_CAP;213067.08;213076.64;33;0
2026.08.14 12:53:03;XAUUSD;5;1786669226;PROFIT_RATCHET_LOCKED;floor=3.28 peak=9.72;MANAGE_PROFIT;SAFE;1;1;1;-1;-1;4364.95;9.40;9.40;9.72;-3.44;KELLY_LITE;true;0.04;213067.08;0.0417;KELLY_LITE(mult=1.30 taper=1.00 n=20)+HARD_RISK_CAP(2.0%)+MAXLOSS_CAP;213067.08;213076.48;33;0
2026.08.14 12:53:03;XAUUSD;5;1786669226;PROFIT_RATCHET_LOCKED;floor=3.28 peak=9.72;MANAGE_PROFIT;SAFE;1;1;1;-1;-1;4364.95;9.56;9.56;9.72;-3.44;KELLY_LITE;true;0.04;213067.08;0.0417;KELLY_LITE(mult=1.30 taper=1.00 n=20)+HARD_RISK_CAP(2.0%)+MAXLOSS_CAP;213067.08;213076.64;33;0
2026.08.14 12:53:04;XAUUSD;5;1786669226;PROFIT_RATCHET_LOCKED;floor=3.28 peak=9.72;MANAGE_PROFIT;SAFE;1;1;1;-1;-1;4364.95;9.48;9.48;9.72;-3.44;KELLY_LITE;true;0.04;213067.08;0.0417;KELLY_LITE(mult=1.30 taper=1.00 n=20)+HARD_RISK_CAP(2.0%)+MAXLOSS_CAP;213067.08;213076.56;33;0
2026.08.14 12:53:04;XAUUSD;5;1786669226;PROFIT_RATCHET_LOCKED;floor=3.28 peak=9.72;MANAGE_PROFIT;SAFE;1;1;1;-1;-1;4364.95;9.40;9.40;9.72;-3.44;KELLY_LITE;true;0.04;213067.08;0.0417;KELLY_LITE(mult=1.30 taper=1.00 n=20)+HARD_RISK_CAP(2.0%)+MAXLOSS_CAP;213067.08;213076.48;33;0
2026.08.14 12:53:04;XAUUSD;5;1786669226;PROFIT_RATCHET_LOCKED;floor=3.28 peak=9.72;MANAGE_PROFIT;SAFE;1;1;1;-1;-1;4364.95;9.60;9.60;9.72;-3.44;KELLY_LITE;true;0.04;213067.08;0.0417;KELLY_LITE(mult=1.30 taper=1.00 n=20)+HARD_RISK_CAP(2.0%)+MAXLOSS_CAP;213067.08;213076.68;33;0
2026.08.14 12:53:05;XAUUSD;5;1786669226;SL_MODIFIED;ticket=119529306 oldSL=4366.84 newSL=4367.07 reason=break_even_lock_leg_0;MANAGE_PROFIT;SAFE;1;1;1;-1;-1;4364.95;10.88;10.88;10.56;-3.44;KELLY_LITE;true;0.04;213067.08;0.0417;KELLY_LITE(mult=1.30 taper=1.00 n=20)+HARD_RISK_CAP(2.0%)+MAXLOSS_CAP;213067.08;213077.96;33;0
2026.08.14 12:53:05;XAUUSD;5;1786669226;PROFIT_RATCHET_LOCKED;floor=3.56 peak=10.56;MANAGE_PROFIT;SAFE;1;1;1;-1;-1;4364.95;10.88;10.88;10.56;-3.44;KELLY_LITE;true;0.04;213067.08;0.0417;KELLY_LITE(mult=1.30 taper=1.00 n=20)+HARD_RISK_CAP(2.0%)+MAXLOSS_CAP;213067.08;213077.96;33;0
2026.08.14 12:53:05;XAUUSD;5;1786669226;SL_MODIFY_FAILED;ticket=119529306 newSL=4367.15 reason=break_even_lock_leg_0 err=0;MANAGE_PROFIT;SAFE;1;1;1;-1;-1;4364.95;10.16;10.16;10.88;-3.44;KELLY_LITE;true;0.04;213067.08;0.0417;KELLY_LITE(mult=1.30 taper=1.00 n=20)+HARD_RISK_CAP(2.0%)+MAXLOSS_CAP;213067.08;213077.24;36;0
2026.08.14 12:53:05;XAUUSD;5;1786669226;PROFIT_RATCHET_LOCKED;floor=3.67 peak=10.88;MANAGE_PROFIT;SAFE;1;1;1;-1;-1;4364.95;10.16;10.16;10.88;-3.44;KELLY_LITE;true;0.04;213067.08;0.0417;KELLY_LITE(mult=1.30 taper=1.00 n=20)+HARD_RISK_CAP(2.0%)+MAXLOSS_CAP;213067.08;213077.24;36;0
2026.08.14 12:53:05;XAUUSD;5;1786669226;PROFIT_RATCHET_LOCKED;floor=3.67 peak=10.88;MANAGE_PROFIT;SAFE;1;1;1;-1;-1;4364.95;10.16;10.16;10.88;-3.44;KELLY_LITE;true;0.04;213067.08;0.0417;KELLY_LITE(mult=1.30 taper=1.00 n=20)+HARD_RISK_CAP(2.0%)+MAXLOSS_CAP;213067.08;213077.24;36;0
2026.08.14 12:53:05;XAUUSD;5;1786669226;PROFIT_RATCHET_LOCKED;floor=3.67 peak=10.88;MANAGE_PROFIT;SAFE;1;1;1;-1;-1;4364.95;10.12;10.12;10.88;-3.44;KELLY_LITE;true;0.04;213067.08;0.0417;KELLY_LITE(mult=1.30 taper=1.00 n=20)+HARD_RISK_CAP(2.0%)+MAXLOSS_CAP;213067.08;213077.20;33;0
2026.08.14 12:53:05;XAUUSD;5;1786669226;PROFIT_RATCHET_LOCKED;floor=3.67 peak=10.88;MANAGE_PROFIT;SAFE;1;1;1;-1;-1;4364.95;10.08;10.08;10.88;-3.44;KELLY_LITE;true;0.04;213067.08;0.0417;KELLY_LITE(mult=1.30 taper=1.00 n=20)+HARD_RISK_CAP(2.0%)+MAXLOSS_CAP;213067.08;213077.16;33;0
2026.08.14 12:53:06;XAUUSD;5;1786669226;PROFIT_RATCHET_LOCKED;floor=3.67 peak=10.88;MANAGE_PROFIT;SAFE;1;1;1;-1;-1;4364.95;10.44;10.44;10.88;-3.44;KELLY_LITE;true;0.04;213067.08;0.0417;KELLY_LITE(mult=1.30 taper=1.00 n=20)+HARD_RISK_CAP(2.0%)+MAXLOSS_CAP;213067.08;213077.52;33;0
2026.08.14 12:53:06;XAUUSD;5;1786669226;SL_MODIFIED;ticket=119529306 oldSL=4367.07 newSL=4367.10 reason=break_even_lock_leg_0;MANAGE_PROFIT;SAFE;1;1;1;-1;-1;4364.95;10.68;10.68;10.88;-3.44;KELLY_LITE;true;0.04;213067.08;0.0417;KELLY_LITE(mult=1.30 taper=1.00 n=20)+HARD_RISK_CAP(2.0%)+MAXLOSS_CAP;213067.08;213077.76;33;0
2026.08.14 12:53:06;XAUUSD;5;1786669226;PROFIT_RATCHET_LOCKED;floor=3.67 peak=10.88;MANAGE_PROFIT;SAFE;1;1;1;-1;-1;4364.95;10.68;10.68;10.88;-3.44;KELLY_LITE;true;0.04;213067.08;0.0417;KELLY_LITE(mult=1.30 taper=1.00 n=20)+HARD_RISK_CAP(2.0%)+MAXLOSS_CAP;213067.08;213077.76;33;0
2026.08.14 12:53:06;XAUUSD;5;1786669226;PROFIT_RATCHET_LOCKED;floor=3.67 peak=10.88;MANAGE_PROFIT;SAFE;1;1;1;-1;-1;4364.95;10.72;10.72;10.88;-3.44;KELLY_LITE;true;0.04;213067.08;0.0417;KELLY_LITE(mult=1.30 taper=1.00 n=20)+HARD_RISK_CAP(2.0%)+MAXLOSS_CAP;213067.08;213077.80;33;0
2026.08.14 12:53:07;XAUUSD;5;1786669226;PROFIT_RATCHET_LOCKED;floor=3.67 peak=10.88;MANAGE_PROFIT;SAFE;1;1;1;-1;-1;4364.95;9.96;9.96;10.88;-3.44;KELLY_LITE;true;0.04;213067.08;0.0417;KELLY_LITE(mult=1.30 taper=1.00 n=20)+HARD_RISK_CAP(2.0%)+MAXLOSS_CAP;213067.08;213077.04;33;0
2026.08.14 12:53:07;XAUUSD;5;1786669226;PROFIT_RATCHET_LOCKED;floor=3.67 peak=10.88;MANAGE_PROFIT;SAFE;1;1;1;-1;-1;4364.95;9.96;9.96;10.88;-3.44;KELLY_LITE;true;0.04;213067.08;0.0417;KELLY_LITE(mult=1.30 taper=1.00 n=20)+HARD_RISK_CAP(2.0%)+MAXLOSS_CAP;213067.08;213077.04;33;0
2026.08.14 12:53:07;XAUUSD;5;1786669226;PROFIT_RATCHET_LOCKED;floor=3.67 peak=10.88;MANAGE_PROFIT;SAFE;1;1;1;-1;-1;4364.95;10.20;10.20;10.88;-3.44;KELLY_LITE;true;0.04;213067.08;0.0417;KELLY_LITE(mult=1.30 taper=1.00 n=20)+HARD_RISK_CAP(2.0%)+MAXLOSS_CAP;213067.08;213077.28;33;0
2026.08.14 12:53:08;XAUUSD;5;1786669226;PROFIT_RATCHET_LOCKED;floor=3.67 peak=10.88;MANAGE_PROFIT;SAFE;1;1;1;-1;-1;4364.95;10.60;10.60;10.88;-3.44;KELLY_LITE;true;0.04;213067.08;0.0417;KELLY_LITE(mult=1.30 taper=1.00 n=20)+HARD_RISK_CAP(2.0%)+MAXLOSS_CAP;213067.08;213077.68;33;0
2026.08.14 12:53:08;XAUUSD;5;1786669226;SL_MODIFIED;ticket=119529306 oldSL=4367.10 newSL=4367.14 reason=break_even_lock_leg_0;MANAGE_PROFIT;SAFE;1;1;1;-1;-1;4364.95;10.84;10.84;10.88;-3.44;KELLY_LITE;true;0.04;213067.08;0.0417;KELLY_LITE(mult=1.30 taper=1.00 n=20)+HARD_RISK_CAP(2.0%)+MAXLOSS_CAP;213067.08;213077.92;33;0
2026.08.14 12:53:08;XAUUSD;5;1786669226;PROFIT_RATCHET_LOCKED;floor=3.67 peak=10.88;MANAGE_PROFIT;SAFE;1;1;1;-1;-1;4364.95;10.84;10.84;10.88;-3.44;KELLY_LITE;true;0.04;213067.08;0.0417;KELLY_LITE(mult=1.30 taper=1.00 n=20)+HARD_RISK_CAP(2.0%)+MAXLOSS_CAP;213067.08;213077.92;33;0
2026.08.14 12:53:08;XAUUSD;5;1786669226;PROFIT_RATCHET_LOCKED;floor=3.67 peak=10.88;MANAGE_PROFIT;SAFE;1;1;1;-1;-1;4364.95;10.84;10.84;10.88;-3.44;KELLY_LITE;true;0.04;213067.08;0.0417;KELLY_LITE(mult=1.30 taper=1.00 n=20)+HARD_RISK_CAP(2.0%)+MAXLOSS_CAP;213067.08;213077.92;33;0
2026.08.14 12:53:08;XAUUSD;5;1786669226;PROFIT_RATCHET_LOCKED;floor=3.67 peak=10.88;MANAGE_PROFIT;SAFE;1;1;1;-1;-1;4364.95;10.80;10.80;10.88;-3.44;KELLY_LITE;true;0.04;213067.08;0.0417;KELLY_LITE(mult=1.30 taper=1.00 n=20)+HARD_RISK_CAP(2.0%)+MAXLOSS_CAP;213067.08;213077.88;33;0
2026.08.14 12:53:09;XAUUSD;5;1786669226;PROFIT_RATCHET_LOCKED;floor=3.67 peak=10.88;MANAGE_PROFIT;SAFE;1;1;1;-1;-1;4364.95;10.88;10.88;10.88;-3.44;KELLY_LITE;true;0.04;213067.08;0.0417;KELLY_LITE(mult=1.30 taper=1.00 n=20)+HARD_RISK_CAP(2.0%)+MAXLOSS_CAP;213067.08;213077.96;33;0
2026.08.14 12:53:09;XAUUSD;5;1786669226;SL_MODIFIED;ticket=119529306 oldSL=4367.14 newSL=4367.29 reason=break_even_lock_leg_0;MANAGE_PROFIT;SAFE;1;1;1;-1;-1;4364.95;11.56;11.44;11.44;-3.44;KELLY_LITE;true;0.04;213067.08;0.0417;KELLY_LITE(mult=1.30 taper=1.00 n=20)+HARD_RISK_CAP(2.0%)+MAXLOSS_CAP;213067.08;213078.64;33;0
2026.08.14 12:53:09;XAUUSD;5;1786669226;PROFIT_RATCHET_LOCKED;floor=3.86 peak=11.44;MANAGE_PROFIT;SAFE;1;1;1;-1;-1;4364.95;11.56;11.44;11.44;-3.44;KELLY_LITE;true;0.04;213067.08;0.0417;KELLY_LITE(mult=1.30 taper=1.00 n=20)+HARD_RISK_CAP(2.0%)+MAXLOSS_CAP;213067.08;213078.64;33;0
2026.08.14 12:53:10;XAUUSD;5;1786669226;PROFIT_RATCHET_LOCKED;floor=3.86 peak=11.44;MANAGE_PROFIT;SAFE;1;1;1;-1;-1;4364.95;11.44;11.44;11.44;-3.44;KELLY_LITE;true;0.04;213067.08;0.0417;KELLY_LITE(mult=1.30 taper=1.00 n=20)+HARD_RISK_CAP(2.0%)+MAXLOSS_CAP;213067.08;213078.52;33;0
2026.08.14 12:53:11;XAUUSD;5;1786669226;PROFIT_RATCHET_LOCKED;floor=3.92 peak=11.60;MANAGE_PROFIT;SAFE;1;1;1;-1;-1;4364.95;11.12;11.12;11.60;-3.44;KELLY_LITE;true;0.04;213067.08;0.0417;KELLY_LITE(mult=1.30 taper=1.00 n=20)+HARD_RISK_CAP(2.0%)+MAXLOSS_CAP;213067.08;213078.20;33;0
2026.08.14 12:53:11;XAUUSD;5;1786669226;PROFIT_RATCHET_LOCKED;floor=3.92 peak=11.60;MANAGE_PROFIT;SAFE;1;1;1;-1;-1;4364.95;11.12;11.12;11.60;-3.44;KELLY_LITE;true;0.04;213067.08;0.0417;KELLY_LITE(mult=1.30 taper=1.00 n=20)+HARD_RISK_CAP(2.0%)+MAXLOSS_CAP;213067.08;213078.20;33;0
2026.08.14 12:53:11;XAUUSD;5;1786669226;PROFIT_RATCHET_LOCKED;floor=3.92 peak=11.60;MANAGE_PROFIT;SAFE;1;1;1;-1;-1;4364.95;11.00;11.00;11.60;-3.44;KELLY_LITE;true;0.04;213067.08;0.0417;KELLY_LITE(mult=1.30 taper=1.00 n=20)+HARD_RISK_CAP(2.0%)+MAXLOSS_CAP;213067.08;213078.08;33;0
2026.08.14 12:53:12;XAUUSD;5;1786669226;PROFIT_RATCHET_LOCKED;floor=3.92 peak=11.60;MANAGE_PROFIT;SAFE;1;1;1;-1;-1;4364.95;11.20;11.20;11.60;-3.44;KELLY_LITE;true;0.04;213067.08;0.0417;KELLY_LITE(mult=1.30 taper=1.00 n=20)+HARD_RISK_CAP(2.0%)+MAXLOSS_CAP;213067.08;213078.28;33;0
2026.08.14 12:53:13;XAUUSD;5;1786669226;PROFIT_RATCHET_LOCKED;floor=3.92 peak=11.60;MANAGE_PROFIT;SAFE;1;1;1;-1;-1;4364.95;10.88;10.88;11.60;-3.44;KELLY_LITE;true;0.04;213067.08;0.0417;KELLY_LITE(mult=1.30 taper=1.00 n=20)+HARD_RISK_CAP(2.0%)+MAXLOSS_CAP;213067.08;213077.96;33;0
2026.08.14 12:53:13;XAUUSD;5;1786669226;PROFIT_RATCHET_LOCKED;floor=3.92 peak=11.60;MANAGE_PROFIT;SAFE;1;1;1;-1;-1;4364.95;10.44;10.44;11.60;-3.44;KELLY_LITE;true;0.04;213067.08;0.0417;KELLY_LITE(mult=1.30 taper=1.00 n=20)+HARD_RISK_CAP(2.0%)+MAXLOSS_CAP;213067.08;213077.52;33;0
2026.08.14 12:53:13;XAUUSD;5;1786669226;PROFIT_RATCHET_LOCKED;floor=3.92 peak=11.60;MANAGE_PROFIT;SAFE;1;1;1;-1;-1;4364.95;10.52;10.52;11.60;-3.44;KELLY_LITE;true;0.04;213067.08;0.0417;KELLY_LITE(mult=1.30 taper=1.00 n=20)+HARD_RISK_CAP(2.0%)+MAXLOSS_CAP;213067.08;213077.60;33;0
2026.08.14 12:53:13;XAUUSD;5;1786669226;PROFIT_RATCHET_LOCKED;floor=3.92 peak=11.60;MANAGE_PROFIT;SAFE;1;1;1;-1;-1;4364.95;10.40;10.40;11.60;-3.44;KELLY_LITE;true;0.04;213067.08;0.0417;KELLY_LITE(mult=1.30 taper=1.00 n=20)+HARD_RISK_CAP(2.0%)+MAXLOSS_CAP;213067.08;213077.48;33;0
2026.08.14 12:53:13;XAUUSD;5;1786669226;PROFIT_RATCHET_LOCKED;floor=3.92 peak=11.60;MANAGE_PROFIT;SAFE;1;1;1;-1;-1;4364.95;10.36;10.36;11.60;-3.44;KELLY_LITE;true;0.04;213067.08;0.0417;KELLY_LITE(mult=1.30 taper=1.00 n=20)+HARD_RISK_CAP(2.0%)+MAXLOSS_CAP;213067.08;213077.44;33;0
2026.08.14 12:53:14;XAUUSD;5;1786669226;PROFIT_RATCHET_LOCKED;floor=3.92 peak=11.60;MANAGE_PROFIT;SAFE;1;1;1;-1;-1;4364.95;10.44;10.44;11.60;-3.44;KELLY_LITE;true;0.04;213067.08;0.0417;KELLY_LITE(mult=1.30 taper=1.00 n=20)+HARD_RISK_CAP(2.0%)+MAXLOSS_CAP;213067.08;213077.52;33;0
2026.08.14 12:53:14;XAUUSD;5;1786669226;PROFIT_RATCHET_LOCKED;floor=3.92 peak=11.60;MANAGE_PROFIT;SAFE;1;1;1;-1;-1;4364.95;10.48;10.48;11.60;-3.44;KELLY_LITE;true;0.04;213067.08;0.0417;KELLY_LITE(mult=1.30 taper=1.00 n=20)+HARD_RISK_CAP(2.0%)+MAXLOSS_CAP;213067.08;213077.56;33;0
2026.08.14 12:53:14;XAUUSD;5;1786669226;PROFIT_RATCHET_LOCKED;floor=3.92 peak=11.60;MANAGE_PROFIT;SAFE;1;1;1;-1;-1;4364.95;11.00;11.00;11.60;-3.44;KELLY_LITE;true;0.04;213067.08;0.0417;KELLY_LITE(mult=1.30 taper=1.00 n=20)+HARD_RISK_CAP(2.0%)+MAXLOSS_CAP;213067.08;213078.08;32;0
2026.08.14 12:53:15;XAUUSD;5;1786669226;PROFIT_RATCHET_LOCKED;floor=3.92 peak=11.60;MANAGE_PROFIT;SAFE;1;1;1;-1;-1;4364.95;10.80;10.80;11.60;-3.44;KELLY_LITE;true;0.04;213067.08;0.0417;KELLY_LITE(mult=1.30 taper=1.00 n=20)+HARD_RISK_CAP(2.0%)+MAXLOSS_CAP;213067.08;213077.88;31;0
2026.08.14 12:53:15;XAUUSD;5;1786669226;PROFIT_RATCHET_LOCKED;floor=3.92 peak=11.60;MANAGE_PROFIT;SAFE;1;1;1;-1;-1;4364.95;10.68;10.68;11.60;-3.44;KELLY_LITE;true;0.04;213067.08;0.0417;KELLY_LITE(mult=1.30 taper=1.00 n=20)+HARD_RISK_CAP(2.0%)+MAXLOSS_CAP;213067.08;213077.76;33;0
2026.08.14 12:53:15;XAUUSD;5;1786669226;PROFIT_RATCHET_LOCKED;floor=3.92 peak=11.60;MANAGE_PROFIT;SAFE;1;1;1;-1;-1;4364.95;11.48;11.48;11.60;-3.44;KELLY_LITE;true;0.04;213067.08;0.0417;KELLY_LITE(mult=1.30 taper=1.00 n=20)+HARD_RISK_CAP(2.0%)+MAXLOSS_CAP;213067.08;213078.56;31;0
2026.08.14 12:53:16;XAUUSD;5;1786669226;SL_MODIFIED;ticket=119529306 oldSL=4367.29 newSL=4367.31 reason=break_even_lock_leg_0;MANAGE_PROFIT;SAFE;1;1;1;-1;-1;4364.95;11.12;11.12;11.60;-3.44;KELLY_LITE;true;0.04;213067.08;0.0417;KELLY_LITE(mult=1.30 taper=1.00 n=20)+HARD_RISK_CAP(2.0%)+MAXLOSS_CAP;213067.08;213078.20;33;0
2026.08.14 12:53:16;XAUUSD;5;1786669226;PROFIT_RATCHET_LOCKED;floor=3.92 peak=11.60;MANAGE_PROFIT;SAFE;1;1;1;-1;-1;4364.95;11.12;11.12;11.60;-3.44;KELLY_LITE;true;0.04;213067.08;0.0417;KELLY_LITE(mult=1.30 taper=1.00 n=20)+HARD_RISK_CAP(2.0%)+MAXLOSS_CAP;213067.08;213078.20;33;0
2026.08.14 12:53:16;XAUUSD;5;1786669226;PROFIT_RATCHET_LOCKED;floor=3.92 peak=11.60;MANAGE_PROFIT;SAFE;1;1;1;-1;-1;4364.95;11.12;11.12;11.60;-3.44;KELLY_LITE;true;0.04;213067.08;0.0417;KELLY_LITE(mult=1.30 taper=1.00 n=20)+HARD_RISK_CAP(2.0%)+MAXLOSS_CAP;213067.08;213078.20;33;0
2026.08.14 12:53:16;XAUUSD;5;1786669226;PROFIT_RATCHET_LOCKED;floor=3.92 peak=11.60;MANAGE_PROFIT;SAFE;1;1;1;-1;-1;4364.95;11.44;11.44;11.60;-3.44;KELLY_LITE;true;0.04;213067.08;0.0417;KELLY_LITE(mult=1.30 taper=1.00 n=20)+HARD_RISK_CAP(2.0%)+MAXLOSS_CAP;213067.08;213078.52;33;0
2026.08.14 12:53:17;XAUUSD;5;1786669226;SL_MODIFIED;ticket=119529306 oldSL=4367.31 newSL=4367.34 reason=break_even_lock_leg_0;MANAGE_PROFIT;SAFE;1;1;1;-1;-1;4364.95;11.76;11.76;11.64;-3.44;KELLY_LITE;true;0.04;213067.08;0.0417;KELLY_LITE(mult=1.30 taper=1.00 n=20)+HARD_RISK_CAP(2.0%)+MAXLOSS_CAP;213067.08;213078.84;33;0
2026.08.14 12:53:17;XAUUSD;5;1786669226;PROFIT_RATCHET_LOCKED;floor=3.93 peak=11.64;MANAGE_PROFIT;SAFE;1;1;1;-1;-1;4364.95;11.76;11.76;11.64;-3.44;KELLY_LITE;true;0.04;213067.08;0.0417;KELLY_LITE(mult=1.30 taper=1.00 n=20)+HARD_RISK_CAP(2.0%)+MAXLOSS_CAP;213067.08;213078.84;33;0
2026.08.14 12:53:18;XAUUSD;5;1786669226;SL_MODIFIED;ticket=119529306 oldSL=4367.34 newSL=4367.37 reason=break_even_lock_leg_0;MANAGE_PROFIT;SAFE;1;1;1;-1;-1;4364.95;11.60;11.60;11.76;-3.44;KELLY_LITE;true;0.04;213067.08;0.0417;KELLY_LITE(mult=1.30 taper=1.00 n=20)+HARD_RISK_CAP(2.0%)+MAXLOSS_CAP;213067.08;213078.68;37;0
2026.08.14 12:53:18;XAUUSD;5;1786669226;PROFIT_RATCHET_LOCKED;floor=3.97 peak=11.76;MANAGE_PROFIT;SAFE;1;1;1;-1;-1;4364.95;11.60;11.60;11.76;-3.44;KELLY_LITE;true;0.04;213067.08;0.0417;KELLY_LITE(mult=1.30 taper=1.00 n=20)+HARD_RISK_CAP(2.0%)+MAXLOSS_CAP;213067.08;213078.68;37;0
2026.08.14 12:53:18;XAUUSD;5;1786669226;PROFIT_RATCHET_LOCKED;floor=3.97 peak=11.76;MANAGE_PROFIT;SAFE;1;1;1;-1;-1;4364.95;11.60;11.60;11.76;-3.44;KELLY_LITE;true;0.04;213067.08;0.0417;KELLY_LITE(mult=1.30 taper=1.00 n=20)+HARD_RISK_CAP(2.0%)+MAXLOSS_CAP;213067.08;213078.68;37;0
2026.08.14 12:53:18;XAUUSD;5;1786669226;PROFIT_RATCHET_LOCKED;floor=3.97 peak=11.76;MANAGE_PROFIT;SAFE;1;1;1;-1;-1;4364.95;11.52;11.52;11.76;-3.44;KELLY_LITE;true;0.04;213067.08;0.0417;KELLY_LITE(mult=1.30 taper=1.00 n=20)+HARD_RISK_CAP(2.0%)+MAXLOSS_CAP;213067.08;213078.60;33;0
2026.08.14 12:53:18;XAUUSD;5;1786669226;PROFIT_RATCHET_LOCKED;floor=3.97 peak=11.76;MANAGE_PROFIT;SAFE;1;1;1;-1;-1;4364.95;11.56;11.56;11.76;-3.44;KELLY_LITE;true;0.04;213067.08;0.0417;KELLY_LITE(mult=1.30 taper=1.00 n=20)+HARD_RISK_CAP(2.0%)+MAXLOSS_CAP;213067.08;213078.64;33;0
2026.08.14 12:53:18;XAUUSD;5;1786669226;PROFIT_RATCHET_LOCKED;floor=3.98 peak=11.80;MANAGE_PROFIT;SAFE;1;1;1;-1;-1;4364.95;11.80;11.80;11.80;-3.44;KELLY_LITE;true;0.04;213067.08;0.0417;KELLY_LITE(mult=1.30 taper=1.00 n=20)+HARD_RISK_CAP(2.0%)+MAXLOSS_CAP;213067.08;213078.88;33;0
2026.08.14 12:53:19;XAUUSD;5;1786669226;PROFIT_RATCHET_LOCKED;floor=4.00 peak=11.84;MANAGE_PROFIT;SAFE;1;1;1;-1;-1;4364.95;11.72;11.72;11.84;-3.44;KELLY_LITE;true;0.04;213067.08;0.0417;KELLY_LITE(mult=1.30 taper=1.00 n=20)+HARD_RISK_CAP(2.0%)+MAXLOSS_CAP;213067.08;213078.80;33;0
2026.08.14 12:53:19;XAUUSD;5;1786669226;PROFIT_RATCHET_LOCKED;floor=4.00 peak=11.84;MANAGE_PROFIT;SAFE;1;1;1;-1;-1;4364.95;11.72;11.72;11.84;-3.44;KELLY_LITE;true;0.04;213067.08;0.0417;KELLY_LITE(mult=1.30 taper=1.00 n=20)+HARD_RISK_CAP(2.0%)+MAXLOSS_CAP;213067.08;213078.80;33;0
2026.08.14 12:53:20;XAUUSD;5;1786669226;PROFIT_RATCHET_LOCKED;floor=4.00 peak=11.84;MANAGE_PROFIT;SAFE;1;1;1;-1;-1;4364.95;11.64;11.64;11.84;-3.44;KELLY_LITE;true;0.04;213067.08;0.0417;KELLY_LITE(mult=1.30 taper=1.00 n=20)+HARD_RISK_CAP(2.0%)+MAXLOSS_CAP;213067.08;213078.72;33;0
2026.08.14 12:53:20;XAUUSD;5;1786669226;PROFIT_RATCHET_LOCKED;floor=4.00 peak=11.84;MANAGE_PROFIT;SAFE;1;1;1;-1;-1;4364.95;11.68;11.68;11.84;-3.44;KELLY_LITE;true;0.04;213067.08;0.0417;KELLY_LITE(mult=1.30 taper=1.00 n=20)+HARD_RISK_CAP(2.0%)+MAXLOSS_CAP;213067.08;213078.76;33;0
2026.08.14 12:53:21;XAUUSD;5;1786669226;SL_MODIFIED;ticket=119529306 oldSL=4367.37 newSL=4367.49 reason=break_even_lock_leg_0;MANAGE_PROFIT;SAFE;1;1;1;-1;-1;4364.95;12.28;12.28;12.24;-3.44;KELLY_LITE;true;0.04;213067.08;0.0417;KELLY_LITE(mult=1.30 taper=1.00 n=20)+HARD_RISK_CAP(2.0%)+MAXLOSS_CAP;213067.08;213079.36;31;0
2026.08.14 12:53:21;XAUUSD;5;1786669226;PROFIT_RATCHET_LOCKED;floor=4.13 peak=12.24;MANAGE_PROFIT;SAFE;1;1;1;-1;-1;4364.95;12.28;12.28;12.24;-3.44;KELLY_LITE;true;0.04;213067.08;0.0417;KELLY_LITE(mult=1.30 taper=1.00 n=20)+HARD_RISK_CAP(2.0%)+MAXLOSS_CAP;213067.08;213079.36;31;0
2026.08.14 12:53:21;XAUUSD;5;1786669226;PROFIT_RATCHET_LOCKED;floor=4.14 peak=12.28;MANAGE_PROFIT;SAFE;1;1;1;-1;-1;4364.95;12.28;12.28;12.28;-3.44;KELLY_LITE;true;0.04;213067.08;0.0417;KELLY_LITE(mult=1.30 taper=1.00 n=20)+HARD_RISK_CAP(2.0%)+MAXLOSS_CAP;213067.08;213079.36;31;0
2026.08.14 12:53:21;XAUUSD;5;1786669226;PROFIT_RATCHET_LOCKED;floor=4.14 peak=12.28;MANAGE_PROFIT;SAFE;1;1;1;-1;-1;4364.95;12.20;12.20;12.28;-3.44;KELLY_LITE;true;0.04;213067.08;0.0417;KELLY_LITE(mult=1.30 taper=1.00 n=20)+HARD_RISK_CAP(2.0%)+MAXLOSS_CAP;213067.08;213079.28;33;0
2026.08.14 12:53:21;XAUUSD;5;1786669226;PROFIT_RATCHET_LOCKED;floor=4.14 peak=12.28;MANAGE_PROFIT;SAFE;1;1;1;-1;-1;4364.95;12.24;12.24;12.28;-3.44;KELLY_LITE;true;0.04;213067.08;0.0417;KELLY_LITE(mult=1.30 taper=1.00 n=20)+HARD_RISK_CAP(2.0%)+MAXLOSS_CAP;213067.08;213079.32;33;0
2026.08.14 12:53:22;XAUUSD;5;1786669226;PROFIT_RATCHET_LOCKED;floor=4.14 peak=12.28;MANAGE_PROFIT;SAFE;1;1;1;-1;-1;4364.95;12.12;12.12;12.28;-3.44;KELLY_LITE;true;0.04;213067.08;0.0417;KELLY_LITE(mult=1.30 taper=1.00 n=20)+HARD_RISK_CAP(2.0%)+MAXLOSS_CAP;213067.08;213079.20;33;0
2026.08.14 12:53:22;XAUUSD;5;1786669226;PROFIT_RATCHET_LOCKED;floor=4.14 peak=12.28;MANAGE_PROFIT;SAFE;1;1;1;-1;-1;4364.95;12.16;12.16;12.28;-3.44;KELLY_LITE;true;0.04;213067.08;0.0417;KELLY_LITE(mult=1.30 taper=1.00 n=20)+HARD_RISK_CAP(2.0%)+MAXLOSS_CAP;213067.08;213079.24;33;0
2026.08.14 12:53:22;XAUUSD;5;1786669226;PROFIT_RATCHET_LOCKED;floor=4.14 peak=12.28;MANAGE_PROFIT;SAFE;1;1;1;-1;-1;4364.95;11.44;11.44;12.28;-3.44;KELLY_LITE;true;0.04;213067.08;0.0417;KELLY_LITE(mult=1.30 taper=1.00 n=20)+HARD_RISK_CAP(2.0%)+MAXLOSS_CAP;213067.08;213078.52;33;0
2026.08.14 12:53:23;XAUUSD;5;1786669226;PROFIT_RATCHET_LOCKED;floor=4.14 peak=12.28;MANAGE_PROFIT;SAFE;1;1;1;-1;-1;4364.95;11.36;11.36;12.28;-3.44;KELLY_LITE;true;0.04;213067.08;0.0417;KELLY_LITE(mult=1.30 taper=1.00 n=20)+HARD_RISK_CAP(2.0%)+MAXLOSS_CAP;213067.08;213078.44;33;0
2026.08.14 12:53:23;XAUUSD;5;1786669226;PROFIT_RATCHET_LOCKED;floor=4.14 peak=12.28;MANAGE_PROFIT;SAFE;1;1;1;-1;-1;4364.95;11.40;11.40;12.28;-3.44;KELLY_LITE;true;0.04;213067.08;0.0417;KELLY_LITE(mult=1.30 taper=1.00 n=20)+HARD_RISK_CAP(2.0%)+MAXLOSS_CAP;213067.08;213078.48;33;0
2026.08.14 12:53:24;XAUUSD;5;1786669226;PROFIT_RATCHET_LOCKED;floor=4.14 peak=12.28;MANAGE_PROFIT;SAFE;1;1;1;-1;-1;4364.95;11.44;11.44;12.28;-3.44;KELLY_LITE;true;0.04;213067.08;0.0417;KELLY_LITE(mult=1.30 taper=1.00 n=20)+HARD_RISK_CAP(2.0%)+MAXLOSS_CAP;213067.08;213078.52;33;0
2026.08.14 12:53:25;XAUUSD;5;1786669226;PROFIT_RATCHET_LOCKED;floor=4.14 peak=12.28;MANAGE_PROFIT;SAFE;1;1;1;-1;-1;4364.95;11.72;11.72;12.28;-3.44;KELLY_LITE;true;0.04;213067.08;0.0417;KELLY_LITE(mult=1.30 taper=1.00 n=20)+HARD_RISK_CAP(2.0%)+MAXLOSS_CAP;213067.08;213078.80;33;0
2026.08.14 12:53:25;XAUUSD;5;1786669226;PROFIT_RATCHET_LOCKED;floor=4.14 peak=12.28;MANAGE_PROFIT;SAFE;1;1;1;-1;-1;4364.95;11.76;11.76;12.28;-3.44;KELLY_LITE;true;0.04;213067.08;0.0417;KELLY_LITE(mult=1.30 taper=1.00 n=20)+HARD_RISK_CAP(2.0%)+MAXLOSS_CAP;213067.08;213078.84;33;0
2026.08.14 12:53:25;XAUUSD;5;1786669226;PROFIT_RATCHET_LOCKED;floor=4.14 peak=12.28;MANAGE_PROFIT;SAFE;1;1;1;-1;-1;4364.95;11.60;11.60;12.28;-3.44;KELLY_LITE;true;0.04;213067.08;0.0417;KELLY_LITE(mult=1.30 taper=1.00 n=20)+HARD_RISK_CAP(2.0%)+MAXLOSS_CAP;213067.08;213078.68;33;0
2026.08.14 12:53:25;XAUUSD;5;1786669226;PROFIT_RATCHET_LOCKED;floor=4.14 peak=12.28;MANAGE_PROFIT;SAFE;1;1;1;-1;-1;4364.95;11.72;11.72;12.28;-3.44;KELLY_LITE;true;0.04;213067.08;0.0417;KELLY_LITE(mult=1.30 taper=1.00 n=20)+HARD_RISK_CAP(2.0%)+MAXLOSS_CAP;213067.08;213078.80;33;0
2026.08.14 12:53:26;XAUUSD;5;1786669226;PROFIT_RATCHET_LOCKED;floor=4.14 peak=12.28;MANAGE_PROFIT;SAFE;1;1;1;-1;-1;4364.95;11.96;11.96;12.28;-3.44;KELLY_LITE;true;0.04;213067.08;0.0417;KELLY_LITE(mult=1.30 taper=1.00 n=20)+HARD_RISK_CAP(2.0%)+MAXLOSS_CAP;213067.08;213079.04;33;0
2026.08.14 12:53:26;XAUUSD;5;1786669226;PROFIT_RATCHET_LOCKED;floor=4.14 peak=12.28;MANAGE_PROFIT;SAFE;1;1;1;-1;-1;4364.95;12.00;12.00;12.28;-3.44;KELLY_LITE;true;0.04;213067.08;0.0417;KELLY_LITE(mult=1.30 taper=1.00 n=20)+HARD_RISK_CAP(2.0%)+MAXLOSS_CAP;213067.08;213079.08;33;0
2026.08.14 12:53:26;XAUUSD;5;1786669226;PROFIT_RATCHET_LOCKED;floor=4.14 peak=12.28;MANAGE_PROFIT;SAFE;1;1;1;-1;-1;4364.95;11.96;11.96;12.28;-3.44;KELLY_LITE;true;0.04;213067.08;0.0417;KELLY_LITE(mult=1.30 taper=1.00 n=20)+HARD_RISK_CAP(2.0%)+MAXLOSS_CAP;213067.08;213079.04;33;0
2026.08.14 12:53:26;XAUUSD;5;1786669226;PROFIT_RATCHET_LOCKED;floor=4.14 peak=12.28;MANAGE_PROFIT;SAFE;1;1;1;-1;-1;4364.95;11.96;11.96;12.28;-3.44;KELLY_LITE;true;0.04;213067.08;0.0417;KELLY_LITE(mult=1.30 taper=1.00 n=20)+HARD_RISK_CAP(2.0%)+MAXLOSS_CAP;213067.08;213079.04;32;0
2026.08.14 12:53:27;XAUUSD;5;1786669226;PROFIT_RATCHET_LOCKED;floor=4.14 peak=12.28;MANAGE_PROFIT;SAFE;1;1;1;-1;-1;4364.95;11.92;11.92;12.28;-3.44;KELLY_LITE;true;0.04;213067.08;0.0417;KELLY_LITE(mult=1.30 taper=1.00 n=20)+HARD_RISK_CAP(2.0%)+MAXLOSS_CAP;213067.08;213079.00;33;0
2026.08.14 12:53:27;XAUUSD;5;1786669226;PROFIT_RATCHET_LOCKED;floor=4.14 peak=12.28;MANAGE_PROFIT;SAFE;1;1;1;-1;-1;4364.95;12.16;12.16;12.28;-3.44;KELLY_LITE;true;0.04;213067.08;0.0417;KELLY_LITE(mult=1.30 taper=1.00 n=20)+HARD_RISK_CAP(2.0%)+MAXLOSS_CAP;213067.08;213079.24;33;0
2026.08.14 12:53:27;XAUUSD;5;1786669226;PROFIT_RATCHET_LOCKED;floor=4.14 peak=12.28;MANAGE_PROFIT;SAFE;1;1;1;-1;-1;4364.95;12.12;12.12;12.28;-3.44;KELLY_LITE;true;0.04;213067.08;0.0417;KELLY_LITE(mult=1.30 taper=1.00 n=20)+HARD_RISK_CAP(2.0%)+MAXLOSS_CAP;213067.08;213079.20;33;0
2026.08.14 12:53:27;XAUUSD;5;1786669226;PROFIT_RATCHET_LOCKED;floor=4.14 peak=12.28;MANAGE_PROFIT;SAFE;1;1;1;-1;-1;4364.95;12.08;12.08;12.28;-3.44;KELLY_LITE;true;0.04;213067.08;0.0417;KELLY_LITE(mult=1.30 taper=1.00 n=20)+HARD_RISK_CAP(2.0%)+MAXLOSS_CAP;213067.08;213079.16;33;0
2026.08.14 12:53:28;XAUUSD;5;1786669226;PROFIT_RATCHET_LOCKED;floor=4.14 peak=12.28;MANAGE_PROFIT;SAFE;1;1;1;-1;-1;4364.95;11.96;11.96;12.28;-3.44;KELLY_LITE;true;0.04;213067.08;0.0417;KELLY_LITE(mult=1.30 taper=1.00 n=20)+HARD_RISK_CAP(2.0%)+MAXLOSS_CAP;213067.08;213079.04;33;0
2026.08.14 12:53:28;XAUUSD;5;1786669226;PROFIT_RATCHET_LOCKED;floor=4.14 peak=12.28;MANAGE_PROFIT;SAFE;1;1;1;-1;-1;4364.95;11.76;11.76;12.28;-3.44;KELLY_LITE;true;0.04;213067.08;0.0417;KELLY_LITE(mult=1.30 taper=1.00 n=20)+HARD_RISK_CAP(2.0%)+MAXLOSS_CAP;213067.08;213078.84;33;0
2026.08.14 12:53:29;XAUUSD;5;1786669226;PROFIT_RATCHET_LOCKED;floor=4.14 peak=12.28;MANAGE_PROFIT;SAFE;1;1;1;-1;-1;4364.95;11.68;11.68;12.28;-3.44;KELLY_LITE;true;0.04;213067.08;0.0417;KELLY_LITE(mult=1.30 taper=1.00 n=20)+HARD_RISK_CAP(2.0%)+MAXLOSS_CAP;213067.08;213078.76;33;0
2026.08.14 12:53:29;XAUUSD;5;1786669226;PROFIT_RATCHET_LOCKED;floor=4.14 peak=12.28;MANAGE_PROFIT;SAFE;1;1;1;-1;-1;4364.95;11.64;11.64;12.28;-3.44;KELLY_LITE;true;0.04;213067.08;0.0417;KELLY_LITE(mult=1.30 taper=1.00 n=20)+HARD_RISK_CAP(2.0%)+MAXLOSS_CAP;213067.08;213078.72;33;0
2026.08.14 12:53:30;XAUUSD;5;1786669226;PROFIT_RATCHET_LOCKED;floor=4.14 peak=12.28;MANAGE_PROFIT;SAFE;1;1;1;-1;-1;4364.95;11.40;11.40;12.28;-3.44;KELLY_LITE;true;0.04;213067.08;0.0417;KELLY_LITE(mult=1.30 taper=1.00 n=20)+HARD_RISK_CAP(2.0%)+MAXLOSS_CAP;213067.08;213078.48;33;0
2026.08.14 12:53:30;XAUUSD;5;1786669226;PROFIT_RATCHET_LOCKED;floor=4.14 peak=12.28;MANAGE_PROFIT;SAFE;1;1;1;-1;-1;4364.95;11.44;11.44;12.28;-3.44;KELLY_LITE;true;0.04;213067.08;0.0417;KELLY_LITE(mult=1.30 taper=1.00 n=20)+HARD_RISK_CAP(2.0%)+MAXLOSS_CAP;213067.08;213078.52;33;0
2026.08.14 12:53:31;XAUUSD;5;1786669226;PROFIT_RATCHET_LOCKED;floor=4.14 peak=12.28;MANAGE_PROFIT;SAFE;1;1;1;-1;-1;4364.95;11.20;11.20;12.28;-3.44;KELLY_LITE;true;0.04;213067.08;0.0417;KELLY_LITE(mult=1.30 taper=1.00 n=20)+HARD_RISK_CAP(2.0%)+MAXLOSS_CAP;213067.08;213078.28;33;0
2026.08.14 12:53:31;XAUUSD;5;1786669226;PROFIT_RATCHET_LOCKED;floor=4.14 peak=12.28;MANAGE_PROFIT;SAFE;1;1;1;-1;-1;4364.95;11.12;11.12;12.28;-3.44;KELLY_LITE;true;0.04;213067.08;0.0417;KELLY_LITE(mult=1.30 taper=1.00 n=20)+HARD_RISK_CAP(2.0%)+MAXLOSS_CAP;213067.08;213078.20;33;0
2026.08.14 12:53:31;XAUUSD;5;1786669226;PROFIT_RATCHET_LOCKED;floor=4.14 peak=12.28;MANAGE_PROFIT;SAFE;1;1;1;-1;-1;4364.95;11.20;11.20;12.28;-3.44;KELLY_LITE;true;0.04;213067.08;0.0417;KELLY_LITE(mult=1.30 taper=1.00 n=20)+HARD_RISK_CAP(2.0%)+MAXLOSS_CAP;213067.08;213078.28;33;0
2026.08.14 12:53:31;XAUUSD;5;1786669226;PROFIT_RATCHET_LOCKED;floor=4.14 peak=12.28;MANAGE_PROFIT;SAFE;1;1;1;-1;-1;4364.95;11.24;11.24;12.28;-3.44;KELLY_LITE;true;0.04;213067.08;0.0417;KELLY_LITE(mult=1.30 taper=1.00 n=20)+HARD_RISK_CAP(2.0%)+MAXLOSS_CAP;213067.08;213078.32;33;0
2026.08.14 12:53:32;XAUUSD;5;1786669226;PROFIT_RATCHET_LOCKED;floor=4.14 peak=12.28;MANAGE_PROFIT;SAFE;1;1;1;-1;-1;4364.95;11.44;11.44;12.28;-3.44;KELLY_LITE;true;0.04;213067.08;0.0417;KELLY_LITE(mult=1.30 taper=1.00 n=20)+HARD_RISK_CAP(2.0%)+MAXLOSS_CAP;213067.08;213078.52;33;0
2026.08.14 12:53:32;XAUUSD;5;1786669226;PROFIT_RATCHET_LOCKED;floor=4.14 peak=12.28;MANAGE_PROFIT;SAFE;1;1;1;-1;-1;4364.95;11.56;11.56;12.28;-3.44;KELLY_LITE;true;0.04;213067.08;0.0417;KELLY_LITE(mult=1.30 taper=1.00 n=20)+HARD_RISK_CAP(2.0%)+MAXLOSS_CAP;213067.08;213078.64;33;0
2026.08.14 12:53:32;XAUUSD;5;1786669226;PROFIT_RATCHET_LOCKED;floor=4.14 peak=12.28;MANAGE_PROFIT;SAFE;1;1;1;-1;-1;4364.95;11.64;11.64;12.28;-3.44;KELLY_LITE;true;0.04;213067.08;0.0417;KELLY_LITE(mult=1.30 taper=1.00 n=20)+HARD_RISK_CAP(2.0%)+MAXLOSS_CAP;213067.08;213078.72;33;0
2026.08.14 12:53:33;XAUUSD;5;1786669226;PROFIT_RATCHET_LOCKED;floor=4.14 peak=12.28;MANAGE_PROFIT;SAFE;1;1;1;-1;-1;4364.95;11.84;11.84;12.28;-3.44;KELLY_LITE;true;0.04;213067.08;0.0417;KELLY_LITE(mult=1.30 taper=1.00 n=20)+HARD_RISK_CAP(2.0%)+MAXLOSS_CAP;213067.08;213078.92;33;0
2026.08.14 12:53:33;XAUUSD;5;1786669226;PROFIT_RATCHET_LOCKED;floor=4.14 peak=12.28;MANAGE_PROFIT;SAFE;1;1;1;-1;-1;4364.95;11.76;11.76;12.28;-3.44;KELLY_LITE;true;0.04;213067.08;0.0417;KELLY_LITE(mult=1.30 taper=1.00 n=20)+HARD_RISK_CAP(2.0%)+MAXLOSS_CAP;213067.08;213078.84;33;0
2026.08.14 12:53:33;XAUUSD;5;1786669226;PROFIT_RATCHET_LOCKED;floor=4.14 peak=12.28;MANAGE_PROFIT;SAFE;1;1;1;-1;-1;4364.95;11.56;11.56;12.28;-3.44;KELLY_LITE;true;0.04;213067.08;0.0417;KELLY_LITE(mult=1.30 taper=1.00 n=20)+HARD_RISK_CAP(2.0%)+MAXLOSS_CAP;213067.08;213078.64;33;0
2026.08.14 12:53:34;XAUUSD;5;1786669226;PROFIT_RATCHET_LOCKED;floor=4.14 peak=12.28;MANAGE_PROFIT;SAFE;1;1;1;-1;-1;4364.95;11.60;11.60;12.28;-3.44;KELLY_LITE;true;0.04;213067.08;0.0417;KELLY_LITE(mult=1.30 taper=1.00 n=20)+HARD_RISK_CAP(2.0%)+MAXLOSS_CAP;213067.08;213078.68;33;0
2026.08.14 12:53:34;XAUUSD;5;1786669226;PROFIT_RATCHET_LOCKED;floor=4.14 peak=12.28;MANAGE_PROFIT;SAFE;1;1;1;-1;-1;4364.95;11.60;11.60;12.28;-3.44;KELLY_LITE;true;0.04;213067.08;0.0417;KELLY_LITE(mult=1.30 taper=1.00 n=20)+HARD_RISK_CAP(2.0%)+MAXLOSS_CAP;213067.08;213078.68;32;0
2026.08.14 12:53:34;XAUUSD;5;1786669226;PROFIT_RATCHET_LOCKED;floor=4.14 peak=12.28;MANAGE_PROFIT;SAFE;1;1;1;-1;-1;4364.95;11.56;11.56;12.28;-3.44;KELLY_LITE;true;0.04;213067.08;0.0417;KELLY_LITE(mult=1.30 taper=1.00 n=20)+HARD_RISK_CAP(2.0%)+MAXLOSS_CAP;213067.08;213078.64;33;0
2026.08.14 12:53:34;XAUUSD;5;1786669226;PROFIT_RATCHET_LOCKED;floor=4.14 peak=12.28;MANAGE_PROFIT;SAFE;1;1;1;-1;-1;4364.95;11.64;11.64;12.28;-3.44;KELLY_LITE;true;0.04;213067.08;0.0417;KELLY_LITE(mult=1.30 taper=1.00 n=20)+HARD_RISK_CAP(2.0%)+MAXLOSS_CAP;213067.08;213078.72;33;0
2026.08.14 12:53:35;XAUUSD;5;1786669226;PROFIT_RATCHET_LOCKED;floor=4.14 peak=12.28;MANAGE_PROFIT;SAFE;1;1;1;-1;-1;4364.95;11.68;11.68;12.28;-3.44;KELLY_LITE;true;0.04;213067.08;0.0417;KELLY_LITE(mult=1.30 taper=1.00 n=20)+HARD_RISK_CAP(2.0%)+MAXLOSS_CAP;213067.08;213078.76;33;0
2026.08.14 12:53:35;XAUUSD;5;1786669226;PROFIT_RATCHET_LOCKED;floor=4.14 peak=12.28;MANAGE_PROFIT;SAFE;1;1;1;-1;-1;4364.95;11.40;11.40;12.28;-3.44;KELLY_LITE;true;0.04;213067.08;0.0417;KELLY_LITE(mult=1.30 taper=1.00 n=20)+HARD_RISK_CAP(2.0%)+MAXLOSS_CAP;213067.08;213078.48;33;0
2026.08.14 12:53:35;XAUUSD;5;1786669226;PROFIT_RATCHET_LOCKED;floor=4.14 peak=12.28;MANAGE_PROFIT;SAFE;1;1;1;-1;-1;4364.95;11.36;11.36;12.28;-3.44;KELLY_LITE;true;0.04;213067.08;0.0417;KELLY_LITE(mult=1.30 taper=1.00 n=20)+HARD_RISK_CAP(2.0%)+MAXLOSS_CAP;213067.08;213078.44;33;0
2026.08.14 12:53:36;XAUUSD;5;1786669226;PROFIT_RATCHET_LOCKED;floor=4.14 peak=12.28;MANAGE_PROFIT;SAFE;1;1;1;-1;-1;4364.95;11.28;11.28;12.28;-3.44;KELLY_LITE;true;0.04;213067.08;0.0417;KELLY_LITE(mult=1.30 taper=1.00 n=20)+HARD_RISK_CAP(2.0%)+MAXLOSS_CAP;213067.08;213078.36;33;0
2026.08.14 12:53:36;XAUUSD;5;1786669226;PROFIT_RATCHET_LOCKED;floor=4.14 peak=12.28;MANAGE_PROFIT;SAFE;1;1;1;-1;-1;4364.95;11.92;11.92;12.28;-3.44;KELLY_LITE;true;0.04;213067.08;0.0417;KELLY_LITE(mult=1.30 taper=1.00 n=20)+HARD_RISK_CAP(2.0%)+MAXLOSS_CAP;213067.08;213079.00;33;0
2026.08.14 12:53:36;XAUUSD;5;1786669226;PROFIT_RATCHET_LOCKED;floor=4.14 peak=12.28;MANAGE_PROFIT;SAFE;1;1;1;-1;-1;4364.95;12.08;12.08;12.28;-3.44;KELLY_LITE;true;0.04;213067.08;0.0417;KELLY_LITE(mult=1.30 taper=1.00 n=20)+HARD_RISK_CAP(2.0%)+MAXLOSS_CAP;213067.08;213079.16;33;0
2026.08.14 12:53:36;XAUUSD;5;1786669226;PROFIT_RATCHET_LOCKED;floor=4.14 peak=12.28;MANAGE_PROFIT;SAFE;1;1;1;-1;-1;4364.95;12.24;12.24;12.28;-3.44;KELLY_LITE;true;0.04;213067.08;0.0417;KELLY_LITE(mult=1.30 taper=1.00 n=20)+HARD_RISK_CAP(2.0%)+MAXLOSS_CAP;213067.08;213079.32;33;0
2026.08.14 12:53:37;XAUUSD;5;1786669226;PROFIT_RATCHET_LOCKED;floor=4.14 peak=12.28;MANAGE_PROFIT;SAFE;1;1;1;-1;-1;4364.95;12.12;12.12;12.28;-3.44;KELLY_LITE;true;0.04;213067.08;0.0417;KELLY_LITE(mult=1.30 taper=1.00 n=20)+HARD_RISK_CAP(2.0%)+MAXLOSS_CAP;213067.08;213079.20;33;0
2026.08.14 12:53:37;XAUUSD;5;1786669226;PROFIT_RATCHET_LOCKED;floor=4.14 peak=12.28;MANAGE_PROFIT;SAFE;1;1;1;-1;-1;4364.95;11.40;11.40;12.28;-3.44;KELLY_LITE;true;0.04;213067.08;0.0417;KELLY_LITE(mult=1.30 taper=1.00 n=20)+HARD_RISK_CAP(2.0%)+MAXLOSS_CAP;213067.08;213078.48;30;0
2026.08.14 12:53:37;XAUUSD;5;1786669226;PROFIT_RATCHET_LOCKED;floor=4.14 peak=12.28;MANAGE_PROFIT;SAFE;1;1;1;-1;-1;4364.95;11.24;11.24;12.28;-3.44;KELLY_LITE;true;0.04;213067.08;0.0417;KELLY_LITE(mult=1.30 taper=1.00 n=20)+HARD_RISK_CAP(2.0%)+MAXLOSS_CAP;213067.08;213078.32;33;0
2026.08.14 12:53:37;XAUUSD;5;1786669226;PROFIT_RATCHET_LOCKED;floor=4.14 peak=12.28;MANAGE_PROFIT;SAFE;1;1;1;-1;-1;4364.95;11.12;11.12;12.28;-3.44;KELLY_LITE;true;0.04;213067.08;0.0417;KELLY_LITE(mult=1.30 taper=1.00 n=20)+HARD_RISK_CAP(2.0%)+MAXLOSS_CAP;213067.08;213078.20;33;0
2026.08.14 12:53:37;XAUUSD;5;1786669226;PROFIT_RATCHET_LOCKED;floor=4.14 peak=12.28;MANAGE_PROFIT;SAFE;1;1;1;-1;-1;4364.95;11.16;11.16;12.28;-3.44;KELLY_LITE;true;0.04;213067.08;0.0417;KELLY_LITE(mult=1.30 taper=1.00 n=20)+HARD_RISK_CAP(2.0%)+MAXLOSS_CAP;213067.08;213078.24;33;0
2026.08.14 12:53:38;XAUUSD;5;1786669226;PROFIT_RATCHET_LOCKED;floor=4.14 peak=12.28;MANAGE_PROFIT;SAFE;1;1;1;-1;-1;4364.95;11.28;11.28;12.28;-3.44;KELLY_LITE;true;0.04;213067.08;0.0417;KELLY_LITE(mult=1.30 taper=1.00 n=20)+HARD_RISK_CAP(2.0%)+MAXLOSS_CAP;213067.08;213078.36;33;0
2026.08.14 12:53:38;XAUUSD;5;1786669226;PROFIT_RATCHET_LOCKED;floor=4.14 peak=12.28;MANAGE_PROFIT;SAFE;1;1;1;-1;-1;4364.95;11.04;11.04;12.28;-3.44;KELLY_LITE;true;0.04;213067.08;0.0417;KELLY_LITE(mult=1.30 taper=1.00 n=20)+HARD_RISK_CAP(2.0%)+MAXLOSS_CAP;213067.08;213078.12;33;0
2026.08.14 12:53:39;XAUUSD;5;1786669226;PROFIT_RATCHET_LOCKED;floor=4.14 peak=12.28;MANAGE_PROFIT;SAFE;1;1;1;-1;-1;4364.95;11.36;11.36;12.28;-3.44;KELLY_LITE;true;0.04;213067.08;0.0417;KELLY_LITE(mult=1.30 taper=1.00 n=20)+HARD_RISK_CAP(2.0%)+MAXLOSS_CAP;213067.08;213078.44;33;0
2026.08.14 12:53:39;XAUUSD;5;1786669226;PROFIT_RATCHET_LOCKED;floor=4.14 peak=12.28;MANAGE_PROFIT;SAFE;1;1;1;-1;-1;4364.95;11.40;11.40;12.28;-3.44;KELLY_LITE;true;0.04;213067.08;0.0417;KELLY_LITE(mult=1.30 taper=1.00 n=20)+HARD_RISK_CAP(2.0%)+MAXLOSS_CAP;213067.08;213078.48;33;0
2026.08.14 12:53:39;XAUUSD;5;1786669226;PROFIT_RATCHET_LOCKED;floor=4.14 peak=12.28;MANAGE_PROFIT;SAFE;1;1;1;-1;-1;4364.95;11.76;11.76;12.28;-3.44;KELLY_LITE;true;0.04;213067.08;0.0417;KELLY_LITE(mult=1.30 taper=1.00 n=20)+HARD_RISK_CAP(2.0%)+MAXLOSS_CAP;213067.08;213078.84;33;0
2026.08.14 12:53:40;XAUUSD;5;1786669226;PROFIT_RATCHET_LOCKED;floor=4.14 peak=12.28;MANAGE_PROFIT;SAFE;1;1;1;-1;-1;4364.95;12.08;12.08;12.28;-3.44;KELLY_LITE;true;0.04;213067.08;0.0417;KELLY_LITE(mult=1.30 taper=1.00 n=20)+HARD_RISK_CAP(2.0%)+MAXLOSS_CAP;213067.08;213079.16;33;0
2026.08.14 12:53:40;XAUUSD;5;1786669226;PROFIT_RATCHET_LOCKED;floor=4.14 peak=12.28;MANAGE_PROFIT;SAFE;1;1;1;-1;-1;4364.95;12.12;12.12;12.28;-3.44;KELLY_LITE;true;0.04;213067.08;0.0417;KELLY_LITE(mult=1.30 taper=1.00 n=20)+HARD_RISK_CAP(2.0%)+MAXLOSS_CAP;213067.08;213079.20;33;0
2026.08.14 12:53:41;XAUUSD;5;1786669226;SL_MODIFY_FAILED;ticket=119529306 newSL=4367.51 reason=break_even_lock_leg_0 err=0;MANAGE_PROFIT;SAFE;1;1;1;-1;-1;4364.95;11.92;11.92;12.32;-3.44;KELLY_LITE;true;0.04;213067.08;0.0417;KELLY_LITE(mult=1.30 taper=1.00 n=20)+HARD_RISK_CAP(2.0%)+MAXLOSS_CAP;213067.08;213079.00;33;0
2026.08.14 12:53:41;XAUUSD;5;1786669226;PROFIT_RATCHET_LOCKED;floor=4.16 peak=12.32;MANAGE_PROFIT;SAFE;1;1;1;-1;-1;4364.95;11.92;11.92;12.32;-3.44;KELLY_LITE;true;0.04;213067.08;0.0417;KELLY_LITE(mult=1.30 taper=1.00 n=20)+HARD_RISK_CAP(2.0%)+MAXLOSS_CAP;213067.08;213079.00;33;0
2026.08.14 12:53:41;XAUUSD;5;1786669226;PROFIT_RATCHET_LOCKED;floor=4.16 peak=12.32;MANAGE_PROFIT;SAFE;1;1;1;-1;-1;4364.95;11.92;11.92;12.32;-3.44;KELLY_LITE;true;0.04;213067.08;0.0417;KELLY_LITE(mult=1.30 taper=1.00 n=20)+HARD_RISK_CAP(2.0%)+MAXLOSS_CAP;213067.08;213079.00;33;0
2026.08.14 12:53:41;XAUUSD;5;1786669226;PROFIT_RATCHET_LOCKED;floor=4.16 peak=12.32;MANAGE_PROFIT;SAFE;1;1;1;-1;-1;4364.95;11.96;11.96;12.32;-3.44;KELLY_LITE;true;0.04;213067.08;0.0417;KELLY_LITE(mult=1.30 taper=1.00 n=20)+HARD_RISK_CAP(2.0%)+MAXLOSS_CAP;213067.08;213079.04;33;0
2026.08.14 12:53:42;XAUUSD;5;1786669226;SL_MODIFIED;ticket=119529306 oldSL=4367.49 newSL=4367.61 reason=break_even_lock_leg_0;MANAGE_PROFIT;SAFE;1;1;1;-1;-1;4364.95;12.92;12.92;12.72;-3.44;KELLY_LITE;true;0.04;213067.08;0.0417;KELLY_LITE(mult=1.30 taper=1.00 n=20)+HARD_RISK_CAP(2.0%)+MAXLOSS_CAP;213067.08;213080.00;33;0
2026.08.14 12:53:42;XAUUSD;5;1786669226;PROFIT_RATCHET_LOCKED;floor=4.29 peak=12.72;MANAGE_PROFIT;SAFE;1;1;1;-1;-1;4364.95;12.92;12.92;12.72;-3.44;KELLY_LITE;true;0.04;213067.08;0.0417;KELLY_LITE(mult=1.30 taper=1.00 n=20)+HARD_RISK_CAP(2.0%)+MAXLOSS_CAP;213067.08;213080.00;33;0
2026.08.14 12:53:42;XAUUSD;5;1786669226;PROFIT_RATCHET_LOCKED;floor=4.36 peak=12.92;MANAGE_PROFIT;SAFE;1;1;1;-1;-1;4364.95;12.72;12.72;12.92;-3.44;KELLY_LITE;true;0.04;213067.08;0.0417;KELLY_LITE(mult=1.30 taper=1.00 n=20)+HARD_RISK_CAP(2.0%)+MAXLOSS_CAP;213067.08;213079.80;33;0
2026.08.14 12:53:42;XAUUSD;5;1786669226;PROFIT_RATCHET_LOCKED;floor=4.36 peak=12.92;MANAGE_PROFIT;SAFE;1;1;1;-1;-1;4364.95;12.72;12.72;12.92;-3.44;KELLY_LITE;true;0.04;213067.08;0.0417;KELLY_LITE(mult=1.30 taper=1.00 n=20)+HARD_RISK_CAP(2.0%)+MAXLOSS_CAP;213067.08;213079.80;33;0
2026.08.14 12:53:42;XAUUSD;5;1786669226;PROFIT_RATCHET_LOCKED;floor=4.36 peak=12.92;MANAGE_PROFIT;SAFE;1;1;1;-1;-1;4364.95;11.64;11.64;12.92;-3.44;KELLY_LITE;true;0.04;213067.08;0.0417;KELLY_LITE(mult=1.30 taper=1.00 n=20)+HARD_RISK_CAP(2.0%)+MAXLOSS_CAP;213067.08;213078.72;30;0
2026.08.14 12:53:43;XAUUSD;5;1786669226;PROFIT_RATCHET_LOCKED;floor=4.36 peak=12.92;MANAGE_PROFIT;SAFE;1;1;1;-1;-1;4364.95;11.96;11.96;12.92;-3.44;KELLY_LITE;true;0.04;213067.08;0.0417;KELLY_LITE(mult=1.30 taper=1.00 n=20)+HARD_RISK_CAP(2.0%)+MAXLOSS_CAP;213067.08;213079.04;33;0
2026.08.14 12:53:43;XAUUSD;5;1786669226;PROFIT_RATCHET_LOCKED;floor=4.36 peak=12.92;MANAGE_PROFIT;SAFE;1;1;1;-1;-1;4364.95;12.04;12.04;12.92;-3.44;KELLY_LITE;true;0.04;213067.08;0.0417;KELLY_LITE(mult=1.30 taper=1.00 n=20)+HARD_RISK_CAP(2.0%)+MAXLOSS_CAP;213067.08;213079.12;33;0
2026.08.14 12:53:43;XAUUSD;5;1786669226;PROFIT_RATCHET_LOCKED;floor=4.36 peak=12.92;MANAGE_PROFIT;SAFE;1;1;1;-1;-1;4364.95;12.04;12.04;12.92;-3.44;KELLY_LITE;true;0.04;213067.08;0.0417;KELLY_LITE(mult=1.30 taper=1.00 n=20)+HARD_RISK_CAP(2.0%)+MAXLOSS_CAP;213067.08;213079.12;32;0
2026.08.14 12:53:43;XAUUSD;5;1786669226;PROFIT_RATCHET_LOCKED;floor=4.36 peak=12.92;MANAGE_PROFIT;SAFE;1;1;1;-1;-1;4364.95;11.44;11.44;12.92;-3.44;KELLY_LITE;true;0.04;213067.08;0.0417;KELLY_LITE(mult=1.30 taper=1.00 n=20)+HARD_RISK_CAP(2.0%)+MAXLOSS_CAP;213067.08;213078.52;33;0
2026.08.14 12:53:44;XAUUSD;5;1786669226;EXIT_TIERED_TRAIL;profit=11.28 peak=12.92 allowedRetrace=1.55;MANAGE_PROFIT;SAFE;1;1;1;-1;-1;4364.95;11.28;11.28;12.92;-3.44;KELLY_LITE;true;0.04;213067.08;0.0417;KELLY_LITE(mult=1.30 taper=1.00 n=20)+HARD_RISK_CAP(2.0%)+MAXLOSS_CAP;213067.08;213078.36;33;0
2026.08.14 12:53:44;XAUUSD;5;1786669226;POSITION_CLOSED;ticket=119529306 reason=tiered_profit_trail lots=0.04 price=4367.77 pnl=11.28;MANAGE_PROFIT;SAFE;0;1;1;-1;-1;4364.95;0.00;0.00;12.92;-3.44;KELLY_LITE;true;0.04;213067.08;0.0417;KELLY_LITE(mult=1.30 taper=1.00 n=20)+HARD_RISK_CAP(2.0%)+MAXLOSS_CAP;213078.36;213078.36;33;0
2026.08.14 12:53:45;XAUUSD;5;1786669226;PENDING_DELETED;ticket=119529413 reason=close_all_hedge;MANAGE_PROFIT;SAFE;0;0;0;-1;-1;4364.95;0.00;0.00;12.92;-3.44;KELLY_LITE;true;0.04;213067.08;0.0417;KELLY_LITE(mult=1.30 taper=1.00 n=20)+HARD_RISK_CAP(2.0%)+MAXLOSS_CAP;213078.36;213078.36;32;0
2026.08.14 12:53:45;XAUUSD;5;1786669226;CYCLE_RESET;oldState=RESET realizedPnL=11.28 peak=12.92 worst=-3.44 pyramid=0 consLosses=0;RESET;SAFE;0;0;0;-1;-1;4364.95;0.00;0.00;12.92;-3.44;KELLY_LITE;true;0.04;213067.08;0.0417;KELLY_LITE(mult=1.30 taper=1.00 n=20)+HARD_RISK_CAP(2.0%)+MAXLOSS_CAP;213078.36;213078.36;32;0
2026.08.14 12:58:45;XAUUSD;5;1786669226;FILTER_RSI_EXTREME_PAUSE;rsi=75.6 pause=300s;IDLE;SAFE;0;0;0;-1;-1;0.00;0.00;0.00;0.00;0.00;KELLY_LITE;true;0.04;213067.08;0.0417;KELLY_LITE(mult=1.30 taper=1.00 n=20)+HARD_RISK_CAP(2.0%)+MAXLOSS_CAP;213078.36;213078.36;33;0
2026.08.14 12:58:45;XAUUSD;5;1786669226;FILTER_BLOCK_RSI_EXTREME_PAUSE;RSI_EXTREME_PAUSE (300s left rsi=75.6);BLOCKED;SAFE;0;0;0;-1;-1;0.00;0.00;0.00;0.00;0.00;KELLY_LITE;true;0.04;213067.08;0.0417;KELLY_LITE(mult=1.30 taper=1.00 n=20)+HARD_RISK_CAP(2.0%)+MAXLOSS_CAP;213078.36;213078.36;33;0
2026.08.14 13:03:45;XAUUSD;5;1786669226;FILTER_RSI_EXTREME_PAUSE;rsi=77.6 pause=300s;IDLE;SAFE;0;0;0;-1;-1;0.00;0.00;0.00;0.00;0.00;KELLY_LITE;true;0.04;213067.08;0.0417;KELLY_LITE(mult=1.30 taper=1.00 n=20)+HARD_RISK_CAP(2.0%)+MAXLOSS_CAP;213078.36;213078.36;33;0
2026.08.14 13:03:45;XAUUSD;5;1786669226;FILTER_BLOCK_RSI_EXTREME_PAUSE;RSI_EXTREME_PAUSE (300s left rsi=77.6);BLOCKED;SAFE;0;0;0;-1;-1;0.00;0.00;0.00;0.00;0.00;KELLY_LITE;true;0.04;213067.08;0.0417;KELLY_LITE(mult=1.30 taper=1.00 n=20)+HARD_RISK_CAP(2.0%)+MAXLOSS_CAP;213078.36;213078.36;33;0
2026.08.14 13:08:45;XAUUSD;5;1786669226;FILTER_RSI_EXTREME_PAUSE;rsi=81.2 pause=300s;IDLE;SAFE;0;0;0;-1;-1;0.00;0.00;0.00;0.00;0.00;KELLY_LITE;true;0.04;213067.08;0.0417;KELLY_LITE(mult=1.30 taper=1.00 n=20)+HARD_RISK_CAP(2.0%)+MAXLOSS_CAP;213078.36;213078.36;31;0
2026.08.14 13:08:45;XAUUSD;5;1786669226;FILTER_BLOCK_RSI_EXTREME_PAUSE;RSI_EXTREME_PAUSE (300s left rsi=81.2);BLOCKED;SAFE;0;0;0;-1;-1;0.00;0.00;0.00;0.00;0.00;KELLY_LITE;true;0.04;213067.08;0.0417;KELLY_LITE(mult=1.30 taper=1.00 n=20)+HARD_RISK_CAP(2.0%)+MAXLOSS_CAP;213078.36;213078.36;31;0
2026.08.14 13:13:45;XAUUSD;5;1786669226;FILTER_RSI_EXTREME_PAUSE;rsi=76.2 pause=300s;IDLE;SAFE;0;0;0;-1;-1;0.00;0.00;0.00;0.00;0.00;KELLY_LITE;true;0.04;213067.08;0.0417;KELLY_LITE(mult=1.30 taper=1.00 n=20)+HARD_RISK_CAP(2.0%)+MAXLOSS_CAP;213078.36;213078.36;37;0
2026.08.14 13:13:45;XAUUSD;5;1786669226;FILTER_BLOCK_RSI_EXTREME_PAUSE;RSI_EXTREME_PAUSE (300s left rsi=76.2);BLOCKED;SAFE;0;0;0;-1;-1;0.00;0.00;0.00;0.00;0.00;KELLY_LITE;true;0.04;213067.08;0.0417;KELLY_LITE(mult=1.30 taper=1.00 n=20)+HARD_RISK_CAP(2.0%)+MAXLOSS_CAP;213078.36;213078.36;37;0
2026.08.14 13:18:45;XAUUSD;5;1786669226;FILTER_BLOCK_RSI_BUY;RSI_BUY_BLOCK (rsi=75.0 max=70.0);BLOCKED;SAFE;0;0;0;-1;-1;0.00;0.00;0.00;0.00;0.00;KELLY_LITE;true;0.04;213067.08;0.0417;KELLY_LITE(mult=1.30 taper=1.00 n=20)+HARD_RISK_CAP(2.0%)+MAXLOSS_CAP;213078.36;213078.36;33;0
2026.08.14 13:23:45;XAUUSD;5;1786669226;FILTER_RSI_EXTREME_PAUSE;rsi=75.6 pause=300s;IDLE;SAFE;0;0;0;-1;-1;0.00;0.00;0.00;0.00;0.00;KELLY_LITE;true;0.04;213067.08;0.0417;KELLY_LITE(mult=1.30 taper=1.00 n=20)+HARD_RISK_CAP(2.0%)+MAXLOSS_CAP;213078.36;213078.36;33;0
2026.08.14 13:23:45;XAUUSD;5;1786669226;FILTER_BLOCK_RSI_EXTREME_PAUSE;RSI_EXTREME_PAUSE (300s left rsi=75.6);BLOCKED;SAFE;0;0;0;-1;-1;0.00;0.00;0.00;0.00;0.00;KELLY_LITE;true;0.04;213067.08;0.0417;KELLY_LITE(mult=1.30 taper=1.00 n=20)+HARD_RISK_CAP(2.0%)+MAXLOSS_CAP;213078.36;213078.36;33;0
2026.08.14 13:28:45;XAUUSD;5;1786669226;FILTER_RSI_EXTREME_PAUSE;rsi=81.2 pause=300s;IDLE;SAFE;0;0;0;-1;-1;0.00;0.00;0.00;0.00;0.00;KELLY_LITE;true;0.04;213067.08;0.0417;KELLY_LITE(mult=1.30 taper=1.00 n=20)+HARD_RISK_CAP(2.0%)+MAXLOSS_CAP;213078.36;213078.36;48;0
2026.08.14 13:28:45;XAUUSD;5;1786669226;FILTER_BLOCK_RSI_EXTREME_PAUSE;RSI_EXTREME_PAUSE (300s left rsi=81.2);BLOCKED;SAFE;0;0;0;-1;-1;0.00;0.00;0.00;0.00;0.00;KELLY_LITE;true;0.04;213067.08;0.0417;KELLY_LITE(mult=1.30 taper=1.00 n=20)+HARD_RISK_CAP(2.0%)+MAXLOSS_CAP;213078.36;213078.36;48;0
2026.08.14 13:33:45;XAUUSD;5;1786669226;FILTER_RSI_EXTREME_PAUSE;rsi=81.8 pause=300s;IDLE;SAFE;0;0;0;-1;-1;0.00;0.00;0.00;0.00;0.00;KELLY_LITE;true;0.04;213067.08;0.0417;KELLY_LITE(mult=1.30 taper=1.00 n=20)+HARD_RISK_CAP(2.0%)+MAXLOSS_CAP;213078.36;213078.36;33;0
2026.08.14 13:33:45;XAUUSD;5;1786669226;FILTER_BLOCK_RSI_EXTREME_PAUSE;RSI_EXTREME_PAUSE (300s left rsi=81.8);BLOCKED;SAFE;0;0;0;-1;-1;0.00;0.00;0.00;0.00;0.00;KELLY_LITE;true;0.04;213067.08;0.0417;KELLY_LITE(mult=1.30 taper=1.00 n=20)+HARD_RISK_CAP(2.0%)+MAXLOSS_CAP;213078.36;213078.36;33;0
2026.08.14 13:38:45;XAUUSD;5;1786669226;FILTER_RSI_EXTREME_PAUSE;rsi=82.6 pause=300s;IDLE;SAFE;0;0;0;-1;-1;0.00;0.00;0.00;0.00;0.00;KELLY_LITE;true;0.04;213067.08;0.0417;KELLY_LITE(mult=1.30 taper=1.00 n=20)+HARD_RISK_CAP(2.0%)+MAXLOSS_CAP;213078.36;213078.36;33;0
2026.08.14 13:38:45;XAUUSD;5;1786669226;FILTER_BLOCK_RSI_EXTREME_PAUSE;RSI_EXTREME_PAUSE (300s left rsi=82.6);BLOCKED;SAFE;0;0;0;-1;-1;0.00;0.00;0.00;0.00;0.00;KELLY_LITE;true;0.04;213067.08;0.0417;KELLY_LITE(mult=1.30 taper=1.00 n=20)+HARD_RISK_CAP(2.0%)+MAXLOSS_CAP;213078.36;213078.36;33;0
2026.08.14 13:43:45;XAUUSD;5;1786669226;FILTER_BLOCK_RSI_BUY;RSI_BUY_BLOCK (rsi=72.3 max=70.0);BLOCKED;SAFE;0;0;0;-1;-1;0.00;0.00;0.00;0.00;0.00;KELLY_LITE;true;0.04;213067.08;0.0417;KELLY_LITE(mult=1.30 taper=1.00 n=20)+HARD_RISK_CAP(2.0%)+MAXLOSS_CAP;213078.36;213078.36;33;0
2026.08.14 13:48:45;XAUUSD;5;1786669227;PLACE_PENDING_START;cycle=1786669227 trend=1 consecLosses=0 preset=AGGRESSIVE;PLACE_PENDING;SAFE;0;0;0;-1;-1;0.00;0.00;0.00;0.00;0.00;KELLY_LITE;true;0.04;213067.08;0.0417;KELLY_LITE(mult=1.30 taper=1.00 n=20)+HARD_RISK_CAP(2.0%)+MAXLOSS_CAP;213078.36;213078.36;31;0
2026.08.14 13:48:45;XAUUSD;5;1786669227;DIR_OCO_PLACED;dir=BULL ticket=119536993 price=4377.47 sl=4362.47 tp=4399.97 lot=0.04 dist=2.02;PLACE_PENDING;SAFE;0;1;0;119536993;-1;0.00;0.00;0.00;0.00;0.00;KELLY_LITE;true;0.04;213078.36;0.0417;KELLY_LITE(mult=1.30 taper=1.00 n=20)+HARD_RISK_CAP(2.0%)+MAXLOSS_CAP;213078.36;213078.36;31;0
2026.08.14 13:48:46;XAUUSD;5;1786669227;DIR_OCO_COUNTER_PLACED;dir=BEAR(counter) ticket=119536994 price=4373.13 lot=0.03;PLACE_PENDING;SAFE;0;2;0;119536993;119536994;0.00;0.00;0.00;0.00;0.00;KELLY_LITE;true;0.04;213078.36;0.0417;KELLY_LITE(mult=1.30 taper=1.00 n=20)+HARD_RISK_CAP(2.0%)+MAXLOSS_CAP;213078.36;213078.36;30;0
2026.08.14 13:48:47;XAUUSD;5;1786669227;SELL_STOP_TRAILED;Old=4373.13 New=4373.64;WAIT_TRIGGER;SAFE;0;2;0;119536993;119536994;0.00;0.00;0.00;0.00;0.00;KELLY_LITE;true;0.04;213078.36;0.0417;KELLY_LITE(mult=1.30 taper=1.00 n=20)+HARD_RISK_CAP(2.0%)+MAXLOSS_CAP;213078.36;213078.36;33;0
2026.08.14 13:48:53;XAUUSD;5;1786669227;SELL_STOP_TRAILED;Old=4373.64 New=4374.34;WAIT_TRIGGER;SAFE;0;2;0;119536993;119536994;0.00;0.00;0.00;0.00;0.00;KELLY_LITE;true;0.04;213078.36;0.0417;KELLY_LITE(mult=1.30 taper=1.00 n=20)+HARD_RISK_CAP(2.0%)+MAXLOSS_CAP;213078.36;213078.36;30;0
2026.08.14 13:49:05;XAUUSD;5;1786669227;SELL_STOP_TRAILED;Old=4374.34 New=4374.65;WAIT_TRIGGER;SAFE;0;2;0;119536993;119536994;0.00;0.00;0.00;0.00;0.00;KELLY_LITE;true;0.04;213078.36;0.0417;KELLY_LITE(mult=1.30 taper=1.00 n=20)+HARD_RISK_CAP(2.0%)+MAXLOSS_CAP;213078.36;213078.36;37;0
2026.08.14 13:49:57;XAUUSD;5;1786669227;BUY_STOP_TRAILED;Old=4377.47 New=4377.11;WAIT_TRIGGER;SAFE;0;2;0;119536993;119536994;0.00;0.00;0.00;0.00;0.00;KELLY_LITE;true;0.04;213078.36;0.0417;KELLY_LITE(mult=1.30 taper=1.00 n=20)+HARD_RISK_CAP(2.0%)+MAXLOSS_CAP;213078.36;213078.36;33;0
2026.08.14 13:50:00;XAUUSD;5;1786669227;OCO_TRIGGERED_SELL;ticket=119536994 entry=4374.65;POSITION_ACTIVE;SAFE;1;1;0;119536993;-1;0.00;-0.75;-0.75;0.00;0.00;KELLY_LITE;true;0.04;213078.36;0.0417;KELLY_LITE(mult=1.30 taper=1.00 n=20)+HARD_RISK_CAP(2.0%)+MAXLOSS_CAP;213078.36;213077.61;33;0
2026.08.14 13:50:00;XAUUSD;5;1786669227;PENDING_DELETED;ticket=119536993 reason=oco_sell_triggered;POSITION_ACTIVE;SAFE;1;0;0;119536993;-1;0.00;-1.17;-1.17;0.00;0.00;KELLY_LITE;true;0.04;213078.36;0.0417;KELLY_LITE(mult=1.30 taper=1.00 n=20)+HARD_RISK_CAP(2.0%)+MAXLOSS_CAP;213078.36;213077.19;33;0
2026.08.14 13:50:01;XAUUSD;5;1786669227;HEDGE_PENDING_PLACED;dir=BUY_STOP ticket=119537153 price=4378.04 sl=4375.04 lot=0.05 mainEntry=4374.65 dist=3.00 confirmBars=1;POSITION_ACTIVE;SAFE;1;1;1;-1;-1;4374.65;-1.23;-1.23;0.00;-1.17;KELLY_LITE;true;0.04;213078.36;0.0417;KELLY_LITE(mult=1.30 taper=1.00 n=20)+HARD_RISK_CAP(2.0%)+MAXLOSS_CAP;213078.36;213077.13;33;0
2026.08.14 14:00:11;XAUUSD;5;1786669227;SL_MODIFIED;ticket=119536994 oldSL=4386.65 newSL=4371.92 reason=break_even_lock_leg_0;MANAGE_PROFIT;SAFE;1;1;1;-1;-1;4374.65;11.19;11.19;9.75;-10.14;KELLY_LITE;true;0.04;213078.36;0.0417;KELLY_LITE(mult=1.30 taper=1.00 n=20)+HARD_RISK_CAP(2.0%)+MAXLOSS_CAP;213078.36;213089.55;30;0
2026.08.14 14:00:11;XAUUSD;5;1786669227;PROFIT_RATCHET_LOCKED;floor=4.14 peak=9.75;MANAGE_PROFIT;SAFE;1;1;1;-1;-1;4374.65;11.19;11.19;9.75;-10.14;KELLY_LITE;true;0.04;213078.36;0.0417;KELLY_LITE(mult=1.30 taper=1.00 n=20)+HARD_RISK_CAP(2.0%)+MAXLOSS_CAP;213078.36;213089.55;30;0
2026.08.14 14:00:11;XAUUSD;5;1786669227;SL_MODIFIED;ticket=119536994 oldSL=4371.92 newSL=4371.44 reason=break_even_lock_leg_0;MANAGE_PROFIT;SAFE;1;1;1;-1;-1;4374.65;11.88;11.88;11.19;-10.14;KELLY_LITE;true;0.04;213078.36;0.0417;KELLY_LITE(mult=1.30 taper=1.00 n=20)+HARD_RISK_CAP(2.0%)+MAXLOSS_CAP;213078.36;213090.24;33;0
2026.08.14 14:00:11;XAUUSD;5;1786669227;PROFIT_RATCHET_LOCKED;floor=4.76 peak=11.19;MANAGE_PROFIT;SAFE;1;1;1;-1;-1;4374.65;11.88;11.88;11.19;-10.14;KELLY_LITE;true;0.04;213078.36;0.0417;KELLY_LITE(mult=1.30 taper=1.00 n=20)+HARD_RISK_CAP(2.0%)+MAXLOSS_CAP;213078.36;213090.24;33;0
2026.08.14 14:00:12;XAUUSD;5;1786669227;SL_MODIFY_FAILED;ticket=119536994 newSL=4371.21 reason=break_even_lock_leg_0 err=0;MANAGE_PROFIT;SAFE;1;1;1;-1;-1;4374.65;10.89;10.89;11.88;-10.14;KELLY_LITE;true;0.04;213078.36;0.0417;KELLY_LITE(mult=1.30 taper=1.00 n=20)+HARD_RISK_CAP(2.0%)+MAXLOSS_CAP;213078.36;213089.25;33;0
2026.08.14 14:00:12;XAUUSD;5;1786669227;PROFIT_RATCHET_LOCKED;floor=5.05 peak=11.88;MANAGE_PROFIT;SAFE;1;1;1;-1;-1;4374.65;10.89;10.89;11.88;-10.14;KELLY_LITE;true;0.04;213078.36;0.0417;KELLY_LITE(mult=1.30 taper=1.00 n=20)+HARD_RISK_CAP(2.0%)+MAXLOSS_CAP;213078.36;213089.25;33;0
2026.08.14 14:00:12;XAUUSD;5;1786669227;PROFIT_RATCHET_LOCKED;floor=5.05 peak=11.88;MANAGE_PROFIT;SAFE;1;1;1;-1;-1;4374.65;10.89;10.89;11.88;-10.14;KELLY_LITE;true;0.04;213078.36;0.0417;KELLY_LITE(mult=1.30 taper=1.00 n=20)+HARD_RISK_CAP(2.0%)+MAXLOSS_CAP;213078.36;213089.25;33;0
2026.08.14 14:00:12;XAUUSD;5;1786669227;PROFIT_RATCHET_LOCKED;floor=5.05 peak=11.88;MANAGE_PROFIT;SAFE;1;1;1;-1;-1;4374.65;11.10;11.10;11.88;-10.14;KELLY_LITE;true;0.04;213078.36;0.0417;KELLY_LITE(mult=1.30 taper=1.00 n=20)+HARD_RISK_CAP(2.0%)+MAXLOSS_CAP;213078.36;213089.46;33;0
2026.08.14 14:00:12;XAUUSD;5;1786669227;PROFIT_RATCHET_LOCKED;floor=5.05 peak=11.88;MANAGE_PROFIT;SAFE;1;1;1;-1;-1;4374.65;10.53;10.53;11.88;-10.14;KELLY_LITE;true;0.04;213078.36;0.0417;KELLY_LITE(mult=1.30 taper=1.00 n=20)+HARD_RISK_CAP(2.0%)+MAXLOSS_CAP;213078.36;213088.89;33;0
2026.08.14 14:00:12;XAUUSD;5;1786669227;PROFIT_RATCHET_LOCKED;floor=5.05 peak=11.88;MANAGE_PROFIT;SAFE;1;1;1;-1;-1;4374.65;11.25;11.25;11.88;-10.14;KELLY_LITE;true;0.04;213078.36;0.0417;KELLY_LITE(mult=1.30 taper=1.00 n=20)+HARD_RISK_CAP(2.0%)+MAXLOSS_CAP;213078.36;213089.61;33;0
2026.08.14 14:00:12;XAUUSD;5;1786669227;PROFIT_RATCHET_LOCKED;floor=5.05 peak=11.88;MANAGE_PROFIT;SAFE;1;1;1;-1;-1;4374.65;10.95;10.95;11.88;-10.14;KELLY_LITE;true;0.04;213078.36;0.0417;KELLY_LITE(mult=1.30 taper=1.00 n=20)+HARD_RISK_CAP(2.0%)+MAXLOSS_CAP;213078.36;213089.31;33;0
2026.08.14 14:00:13;XAUUSD;5;1786669227;PROFIT_RATCHET_LOCKED;floor=5.05 peak=11.88;MANAGE_PROFIT;SAFE;1;1;1;-1;-1;4374.65;11.01;11.01;11.88;-10.14;KELLY_LITE;true;0.04;213078.36;0.0417;KELLY_LITE(mult=1.30 taper=1.00 n=20)+HARD_RISK_CAP(2.0%)+MAXLOSS_CAP;213078.36;213089.37;33;0
2026.08.14 14:00:13;XAUUSD;5;1786669227;PROFIT_RATCHET_LOCKED;floor=5.05 peak=11.88;MANAGE_PROFIT;SAFE;1;1;1;-1;-1;4374.65;10.83;10.83;11.88;-10.14;KELLY_LITE;true;0.04;213078.36;0.0417;KELLY_LITE(mult=1.30 taper=1.00 n=20)+HARD_RISK_CAP(2.0%)+MAXLOSS_CAP;213078.36;213089.19;33;0
2026.08.14 14:00:13;XAUUSD;5;1786669227;PROFIT_RATCHET_LOCKED;floor=5.05 peak=11.88;MANAGE_PROFIT;SAFE;1;1;1;-1;-1;4374.65;10.59;10.59;11.88;-10.14;KELLY_LITE;true;0.04;213078.36;0.0417;KELLY_LITE(mult=1.30 taper=1.00 n=20)+HARD_RISK_CAP(2.0%)+MAXLOSS_CAP;213078.36;213088.95;33;0
2026.08.14 14:00:13;XAUUSD;5;1786669227;EXIT_TIERED_TRAIL;profit=10.11 peak=11.88 allowedRetrace=1.43;MANAGE_PROFIT;SAFE;1;1;1;-1;-1;4374.65;10.11;10.11;11.88;-10.14;KELLY_LITE;true;0.04;213078.36;0.0417;KELLY_LITE(mult=1.30 taper=1.00 n=20)+HARD_RISK_CAP(2.0%)+MAXLOSS_CAP;213078.36;213088.47;33;0
2026.08.14 14:00:14;XAUUSD;5;1786669227;POSITION_CLOSED;ticket=119536994 reason=tiered_profit_trail lots=0.03 price=4371.28 pnl=10.11;MANAGE_PROFIT;SAFE;0;1;1;-1;-1;4374.65;0.00;0.00;11.88;-10.14;KELLY_LITE;true;0.04;213078.36;0.0417;KELLY_LITE(mult=1.30 taper=1.00 n=20)+HARD_RISK_CAP(2.0%)+MAXLOSS_CAP;213088.65;213088.65;33;0
2026.08.14 14:00:14;XAUUSD;5;1786669227;PENDING_DELETED;ticket=119537153 reason=close_all_hedge;MANAGE_PROFIT;SAFE;0;0;0;-1;-1;4374.65;0.00;0.00;11.88;-10.14;KELLY_LITE;true;0.04;213078.36;0.0417;KELLY_LITE(mult=1.30 taper=1.00 n=20)+HARD_RISK_CAP(2.0%)+MAXLOSS_CAP;213088.65;213088.65;33;0
2026.08.14 14:00:14;XAUUSD;5;1786669227;CYCLE_RESET;oldState=RESET realizedPnL=10.29 peak=11.88 worst=-10.14 pyramid=0 consLosses=0;RESET;SAFE;0;0;0;-1;-1;4374.65;0.00;0.00;11.88;-10.14;KELLY_LITE;true;0.04;213078.36;0.0417;KELLY_LITE(mult=1.30 taper=1.00 n=20)+HARD_RISK_CAP(2.0%)+MAXLOSS_CAP;213088.65;213088.65;33;0
2026.08.14 14:05:14;XAUUSD;5;1786669227;FILTER_BLOCK_TREND_DISAGREE;TREND_DISAGREE (main=1 fast=-1 rsi=66.2, no extreme);BLOCKED;SAFE;0;0;0;-1;-1;0.00;0.00;0.00;0.00;0.00;KELLY_LITE;true;0.04;213078.36;0.0417;KELLY_LITE(mult=1.30 taper=1.00 n=20)+HARD_RISK_CAP(2.0%)+MAXLOSS_CAP;213088.65;213088.65;33;0
2026.08.14 14:10:14;XAUUSD;5;1786669228;PLACE_PENDING_START;cycle=1786669228 trend=1 consecLosses=0 preset=AGGRESSIVE;PLACE_PENDING;SAFE;0;0;0;-1;-1;0.00;0.00;0.00;0.00;0.00;KELLY_LITE;true;0.04;213078.36;0.0417;KELLY_LITE(mult=1.30 taper=1.00 n=20)+HARD_RISK_CAP(2.0%)+MAXLOSS_CAP;213088.65;213088.65;33;0
2026.08.14 14:10:14;XAUUSD;5;1786669228;DIR_OCO_PLACED;dir=BULL ticket=119539509 price=4381.96 sl=4366.96 tp=4404.46 lot=0.04 dist=2.10;PLACE_PENDING;SAFE;0;1;0;119539509;-1;0.00;0.00;0.00;0.00;0.00;KELLY_LITE;true;0.04;213088.65;0.0417;KELLY_LITE(mult=1.30 taper=1.00 n=20)+HARD_RISK_CAP(2.0%)+MAXLOSS_CAP;213088.65;213088.65;33;0
2026.08.14 14:10:14;XAUUSD;5;1786669228;DIR_OCO_COUNTER_PLACED;dir=BEAR(counter) ticket=119539510 price=4377.43 lot=0.03;PLACE_PENDING;SAFE;0;2;0;119539509;119539510;0.00;0.00;0.00;0.00;0.00;KELLY_LITE;true;0.04;213088.65;0.0417;KELLY_LITE(mult=1.30 taper=1.00 n=20)+HARD_RISK_CAP(2.0%)+MAXLOSS_CAP;213088.65;213088.65;33;0
2026.08.14 14:10:22;XAUUSD;5;1786669228;SELL_STOP_TRAILED;Old=4377.43 New=4377.97;WAIT_TRIGGER;SAFE;0;2;0;119539509;119539510;0.00;0.00;0.00;0.00;0.00;KELLY_LITE;true;0.04;213088.65;0.0417;KELLY_LITE(mult=1.30 taper=1.00 n=20)+HARD_RISK_CAP(2.0%)+MAXLOSS_CAP;213088.65;213088.65;33;0
2026.08.14 14:10:37;XAUUSD;5;1786669228;SELL_STOP_TRAILED;Old=4377.97 New=4378.54;WAIT_TRIGGER;SAFE;0;2;0;119539509;119539510;0.00;0.00;0.00;0.00;0.00;KELLY_LITE;true;0.04;213088.65;0.0417;KELLY_LITE(mult=1.30 taper=1.00 n=20)+HARD_RISK_CAP(2.0%)+MAXLOSS_CAP;213088.65;213088.65;37;0
2026.08.14 14:10:46;XAUUSD;5;1786669228;BUY_STOP_TRAILED;Old=4381.96 New=4381.48;WAIT_TRIGGER;SAFE;0;2;0;119539509;119539510;0.00;0.00;0.00;0.00;0.00;KELLY_LITE;true;0.04;213088.65;0.0417;KELLY_LITE(mult=1.30 taper=1.00 n=20)+HARD_RISK_CAP(2.0%)+MAXLOSS_CAP;213088.65;213088.65;33;0
2026.08.14 14:11:00;XAUUSD;5;1786669228;BUY_STOP_TRAILED;Old=4381.48 New=4381.05;WAIT_TRIGGER;SAFE;1;1;0;119539509;119539510;0.00;0.24;-0.75;0.00;0.00;KELLY_LITE;true;0.04;213088.65;0.0417;KELLY_LITE(mult=1.30 taper=1.00 n=20)+HARD_RISK_CAP(2.0%)+MAXLOSS_CAP;213088.65;213088.89;33;0
2026.08.14 14:11:00;XAUUSD;5;1786669228;OCO_TRIGGERED_SELL;ticket=119539510 entry=4378.54;POSITION_ACTIVE;SAFE;1;1;0;119539509;-1;0.00;0.24;-0.75;0.00;0.00;KELLY_LITE;true;0.04;213088.65;0.0417;KELLY_LITE(mult=1.30 taper=1.00 n=20)+HARD_RISK_CAP(2.0%)+MAXLOSS_CAP;213088.65;213088.89;33;0
2026.08.14 14:11:00;XAUUSD;5;1786669228;PENDING_DELETED;ticket=119539509 reason=oco_sell_triggered;POSITION_ACTIVE;SAFE;1;0;0;119539509;-1;0.00;-2.43;-2.43;0.00;0.00;KELLY_LITE;true;0.04;213088.65;0.0417;KELLY_LITE(mult=1.30 taper=1.00 n=20)+HARD_RISK_CAP(2.0%)+MAXLOSS_CAP;213088.65;213086.22;37;0
2026.08.14 14:11:01;XAUUSD;5;1786669228;HEDGE_PENDING_PLACED;dir=BUY_STOP ticket=119539642 price=4382.35 sl=4379.35 lot=0.05 mainEntry=4378.54 dist=3.00 confirmBars=1;POSITION_ACTIVE;SAFE;1;1;1;-1;-1;4378.54;-3.03;-3.03;0.00;-2.43;KELLY_LITE;true;0.04;213088.65;0.0417;KELLY_LITE(mult=1.30 taper=1.00 n=20)+HARD_RISK_CAP(2.0%)+MAXLOSS_CAP;213088.65;213085.62;33;0
2026.08.14 14:14:51;XAUUSD;5;1786669228;SL_MODIFIED;ticket=119539510 oldSL=4390.54 newSL=4376.32 reason=break_even_lock_leg_0;MANAGE_PROFIT;SAFE;1;1;1;-1;-1;4378.54;8.49;8.49;8.22;-6.78;KELLY_LITE;true;0.04;213088.65;0.0417;KELLY_LITE(mult=1.30 taper=1.00 n=20)+HARD_RISK_CAP(2.0%)+MAXLOSS_CAP;213088.65;213097.14;33;0
2026.08.14 14:14:51;XAUUSD;5;1786669228;PROFIT_RATCHET_LOCKED;floor=3.49 peak=8.22;MANAGE_PROFIT;SAFE;1;1;1;-1;-1;4378.54;8.49;8.49;8.22;-6.78;KELLY_LITE;true;0.04;213088.65;0.0417;KELLY_LITE(mult=1.30 taper=1.00 n=20)+HARD_RISK_CAP(2.0%)+MAXLOSS_CAP;213088.65;213097.14;33;0
2026.08.14 14:14:52;XAUUSD;5;1786669228;SL_MODIFIED;ticket=119539510 oldSL=4376.32 newSL=4376.23 reason=break_even_lock_leg_0;MANAGE_PROFIT;SAFE;1;1;1;-1;-1;4378.54;9.00;9.00;8.49;-6.78;KELLY_LITE;true;0.04;213088.65;0.0417;KELLY_LITE(mult=1.30 taper=1.00 n=20)+HARD_RISK_CAP(2.0%)+MAXLOSS_CAP;213088.65;213097.65;33;0
2026.08.14 14:14:52;XAUUSD;5;1786669228;PROFIT_RATCHET_LOCKED;floor=3.61 peak=8.49;MANAGE_PROFIT;SAFE;1;1;1;-1;-1;4378.54;9.00;9.00;8.49;-6.78;KELLY_LITE;true;0.04;213088.65;0.0417;KELLY_LITE(mult=1.30 taper=1.00 n=20)+HARD_RISK_CAP(2.0%)+MAXLOSS_CAP;213088.65;213097.65;33;0
2026.08.14 14:14:53;XAUUSD;5;1786669228;SL_MODIFIED;ticket=119539510 oldSL=4376.23 newSL=4376.14 reason=break_even_lock_leg_0 (retry buf=3pt);MANAGE_PROFIT;SAFE;1;1;1;-1;-1;4378.54;9.33;9.33;9.00;-6.78;KELLY_LITE;true;0.04;213088.65;0.0417;KELLY_LITE(mult=1.30 taper=1.00 n=20)+HARD_RISK_CAP(2.0%)+MAXLOSS_CAP;213088.65;213097.98;33;0
2026.08.14 14:14:53;XAUUSD;5;1786669228;PROFIT_RATCHET_LOCKED;floor=3.83 peak=9.00;MANAGE_PROFIT;SAFE;1;1;1;-1;-1;4378.54;9.33;9.33;9.00;-6.78;KELLY_LITE;true;0.04;213088.65;0.0417;KELLY_LITE(mult=1.30 taper=1.00 n=20)+HARD_RISK_CAP(2.0%)+MAXLOSS_CAP;213088.65;213097.98;33;0
2026.08.14 14:14:54;XAUUSD;5;1786669228;SL_MODIFIED;ticket=119539510 oldSL=4376.14 newSL=4376.10 reason=break_even_lock_leg_0 (retry buf=3pt);MANAGE_PROFIT;SAFE;1;1;1;-1;-1;4378.54;9.00;9.00;9.33;-6.78;KELLY_LITE;true;0.04;213088.65;0.0417;KELLY_LITE(mult=1.30 taper=1.00 n=20)+HARD_RISK_CAP(2.0%)+MAXLOSS_CAP;213088.65;213097.65;33;0
2026.08.14 14:14:54;XAUUSD;5;1786669228;PROFIT_RATCHET_LOCKED;floor=3.97 peak=9.33;MANAGE_PROFIT;SAFE;1;1;1;-1;-1;4378.54;9.00;9.00;9.33;-6.78;KELLY_LITE;true;0.04;213088.65;0.0417;KELLY_LITE(mult=1.30 taper=1.00 n=20)+HARD_RISK_CAP(2.0%)+MAXLOSS_CAP;213088.65;213097.65;33;0
2026.08.14 14:14:55;XAUUSD;5;1786669228;SL_MODIFIED;ticket=119539510 oldSL=4376.10 newSL=4376.06 reason=break_even_lock_leg_0;MANAGE_PROFIT;SAFE;1;1;1;-1;-1;4378.54;10.02;10.02;9.33;-6.78;KELLY_LITE;true;0.04;213088.65;0.0417;KELLY_LITE(mult=1.30 taper=1.00 n=20)+HARD_RISK_CAP(2.0%)+MAXLOSS_CAP;213088.65;213098.67;33;0
2026.08.14 14:14:55;XAUUSD;5;1786669228;PROFIT_RATCHET_LOCKED;floor=3.97 peak=9.33;MANAGE_PROFIT;SAFE;1;1;1;-1;-1;4378.54;10.02;10.02;9.33;-6.78;KELLY_LITE;true;0.04;213088.65;0.0417;KELLY_LITE(mult=1.30 taper=1.00 n=20)+HARD_RISK_CAP(2.0%)+MAXLOSS_CAP;213088.65;213098.67;33;0
2026.08.14 14:14:55;XAUUSD;5;1786669228;SL_MODIFIED;ticket=119539510 oldSL=4376.06 newSL=4375.72 reason=break_even_lock_leg_0;MANAGE_PROFIT;SAFE;1;1;1;-1;-1;4378.54;10.23;10.23;10.02;-6.78;KELLY_LITE;true;0.04;213088.65;0.0417;KELLY_LITE(mult=1.30 taper=1.00 n=20)+HARD_RISK_CAP(2.0%)+MAXLOSS_CAP;213088.65;213098.88;33;0
2026.08.14 14:14:55;XAUUSD;5;1786669228;PROFIT_RATCHET_LOCKED;floor=4.26 peak=10.02;MANAGE_PROFIT;SAFE;1;1;1;-1;-1;4378.54;10.23;10.23;10.02;-6.78;KELLY_LITE;true;0.04;213088.65;0.0417;KELLY_LITE(mult=1.30 taper=1.00 n=20)+HARD_RISK_CAP(2.0%)+MAXLOSS_CAP;213088.65;213098.88;33;0
2026.08.14 14:14:56;XAUUSD;5;1786669228;SL_MODIFY_FAILED;ticket=119539510 newSL=4375.65 reason=break_even_lock_leg_0 err=0;MANAGE_PROFIT;SAFE;1;1;1;-1;-1;4378.54;9.36;9.36;10.23;-6.78;KELLY_LITE;true;0.04;213088.65;0.0417;KELLY_LITE(mult=1.30 taper=1.00 n=20)+HARD_RISK_CAP(2.0%)+MAXLOSS_CAP;213088.65;213098.01;33;0
2026.08.14 14:14:56;XAUUSD;5;1786669228;PROFIT_RATCHET_LOCKED;floor=4.35 peak=10.23;MANAGE_PROFIT;SAFE;1;1;1;-1;-1;4378.54;9.36;9.36;10.23;-6.78;KELLY_LITE;true;0.04;213088.65;0.0417;KELLY_LITE(mult=1.30 taper=1.00 n=20)+HARD_RISK_CAP(2.0%)+MAXLOSS_CAP;213088.65;213098.01;33;0
2026.08.14 14:14:56;XAUUSD;5;1786669228;PROFIT_RATCHET_LOCKED;floor=4.35 peak=10.23;MANAGE_PROFIT;SAFE;1;1;1;-1;-1;4378.54;9.36;9.36;10.23;-6.78;KELLY_LITE;true;0.04;213088.65;0.0417;KELLY_LITE(mult=1.30 taper=1.00 n=20)+HARD_RISK_CAP(2.0%)+MAXLOSS_CAP;213088.65;213098.01;33;0
2026.08.14 14:14:56;XAUUSD;5;1786669228;PROFIT_RATCHET_LOCKED;floor=4.35 peak=10.23;MANAGE_PROFIT;SAFE;1;1;1;-1;-1;4378.54;9.33;9.33;10.23;-6.78;KELLY_LITE;true;0.04;213088.65;0.0417;KELLY_LITE(mult=1.30 taper=1.00 n=20)+HARD_RISK_CAP(2.0%)+MAXLOSS_CAP;213088.65;213097.98;33;0
2026.08.14 14:14:56;XAUUSD;5;1786669228;EXIT_TIERED_TRAIL;profit=8.91 peak=10.23 allowedRetrace=1.23;MANAGE_PROFIT;SAFE;1;1;1;-1;-1;4378.54;8.91;8.91;10.23;-6.78;KELLY_LITE;true;0.04;213088.65;0.0417;KELLY_LITE(mult=1.30 taper=1.00 n=20)+HARD_RISK_CAP(2.0%)+MAXLOSS_CAP;213088.65;213097.56;33;0
2026.08.14 14:14:57;XAUUSD;5;1786669228;POSITION_CLOSED;ticket=119539510 reason=tiered_profit_trail lots=0.03 price=4375.57 pnl=8.91;MANAGE_PROFIT;SAFE;0;1;1;-1;-1;4378.54;0.00;0.00;10.23;-6.78;KELLY_LITE;true;0.04;213088.65;0.0417;KELLY_LITE(mult=1.30 taper=1.00 n=20)+HARD_RISK_CAP(2.0%)+MAXLOSS_CAP;213098.19;213098.19;33;0
2026.08.14 14:14:57;XAUUSD;5;1786669228;PENDING_DELETED;ticket=119539642 reason=close_all_hedge;MANAGE_PROFIT;SAFE;0;0;0;-1;-1;4378.54;0.00;0.00;10.23;-6.78;KELLY_LITE;true;0.04;213088.65;0.0417;KELLY_LITE(mult=1.30 taper=1.00 n=20)+HARD_RISK_CAP(2.0%)+MAXLOSS_CAP;213098.19;213098.19;33;0
2026.08.14 14:14:57;XAUUSD;5;1786669228;CYCLE_RESET;oldState=RESET realizedPnL=9.54 peak=10.23 worst=-6.78 pyramid=0 consLosses=0;RESET;SAFE;0;0;0;-1;-1;4378.54;0.00;0.00;10.23;-6.78;KELLY_LITE;true;0.04;213088.65;0.0417;KELLY_LITE(mult=1.30 taper=1.00 n=20)+HARD_RISK_CAP(2.0%)+MAXLOSS_CAP;213098.19;213098.19;33;0
2026.08.14 14:19:57;XAUUSD;5;1786669229;PLACE_PENDING_START;cycle=1786669229 trend=1 consecLosses=0 preset=AGGRESSIVE;PLACE_PENDING;SAFE;0;0;0;-1;-1;0.00;0.00;0.00;0.00;0.00;KELLY_LITE;true;0.04;213088.65;0.0417;KELLY_LITE(mult=1.30 taper=1.00 n=20)+HARD_RISK_CAP(2.0%)+MAXLOSS_CAP;213098.19;213098.19;33;0
2026.08.14 14:19:57;XAUUSD;5;1786669229;DIR_OCO_PLACED;dir=BULL ticket=119540618 price=4383.40 sl=4368.40 tp=4405.90 lot=0.04 dist=2.28;PLACE_PENDING;SAFE;0;1;0;119540618;-1;0.00;0.00;0.00;0.00;0.00;KELLY_LITE;true;0.04;213098.19;0.0417;KELLY_LITE(mult=1.30 taper=1.00 n=20)+HARD_RISK_CAP(2.0%)+MAXLOSS_CAP;213098.19;213098.19;33;0
2026.08.14 14:19:57;XAUUSD;5;1786669229;DIR_OCO_COUNTER_PLACED;dir=BEAR(counter) ticket=119540620 price=4378.58 lot=0.03;PLACE_PENDING;SAFE;0;2;0;119540618;119540620;0.00;0.00;0.00;0.00;0.00;KELLY_LITE;true;0.04;213098.19;0.0417;KELLY_LITE(mult=1.30 taper=1.00 n=20)+HARD_RISK_CAP(2.0%)+MAXLOSS_CAP;213098.19;213098.19;33;0
2026.08.14 14:20:00;XAUUSD;5;1786669229;SELL_STOP_TRAILED;Old=4378.58 New=4378.97;WAIT_TRIGGER;SAFE;0;2;0;119540618;119540620;0.00;0.00;0.00;0.00;0.00;KELLY_LITE;true;0.04;213098.19;0.0417;KELLY_LITE(mult=1.30 taper=1.00 n=20)+HARD_RISK_CAP(2.0%)+MAXLOSS_CAP;213098.19;213098.19;33;0
2026.08.14 14:20:03;XAUUSD;5;1786669229;BUY_STOP_TRAILED;Old=4383.40 New=4383.02;WAIT_TRIGGER;SAFE;0;2;0;119540618;119540620;0.00;0.00;0.00;0.00;0.00;KELLY_LITE;true;0.04;213098.19;0.0417;KELLY_LITE(mult=1.30 taper=1.00 n=20)+HARD_RISK_CAP(2.0%)+MAXLOSS_CAP;213098.19;213098.19;33;0
2026.08.14 14:20:06;XAUUSD;5;1786669229;BUY_STOP_TRAILED;Old=4383.02 New=4382.65;WAIT_TRIGGER;SAFE;0;2;0;119540618;119540620;0.00;0.00;0.00;0.00;0.00;KELLY_LITE;true;0.04;213098.19;0.0417;KELLY_LITE(mult=1.30 taper=1.00 n=20)+HARD_RISK_CAP(2.0%)+MAXLOSS_CAP;213098.19;213098.19;33;0
2026.08.14 14:20:12;XAUUSD;5;1786669229;BUY_STOP_TRAILED;Old=4382.65 New=4382.32;WAIT_TRIGGER;SAFE;0;2;0;119540618;119540620;0.00;0.00;0.00;0.00;0.00;KELLY_LITE;true;0.04;213098.19;0.0417;KELLY_LITE(mult=1.30 taper=1.00 n=20)+HARD_RISK_CAP(2.0%)+MAXLOSS_CAP;213098.19;213098.19;33;0
2026.08.14 14:22:07;XAUUSD;5;1786669229;SELL_STOP_TRAILED;Old=4378.97 New=4379.29;WAIT_TRIGGER;SAFE;0;2;0;119540618;119540620;0.00;0.00;0.00;0.00;0.00;KELLY_LITE;true;0.04;213098.19;0.0417;KELLY_LITE(mult=1.30 taper=1.00 n=20)+HARD_RISK_CAP(2.0%)+MAXLOSS_CAP;213098.19;213098.19;33;0
2026.08.14 14:22:08;XAUUSD;5;1786669229;SELL_STOP_TRAILED;Old=4379.29 New=4379.68;WAIT_TRIGGER;SAFE;0;2;0;119540618;119540620;0.00;0.00;0.00;0.00;0.00;KELLY_LITE;true;0.04;213098.19;0.0417;KELLY_LITE(mult=1.30 taper=1.00 n=20)+HARD_RISK_CAP(2.0%)+MAXLOSS_CAP;213098.19;213098.19;33;0
2026.08.14 14:22:10;XAUUSD;5;1786669229;OCO_TRIGGERED_BUY;ticket=119540618 entry=4382.32;POSITION_ACTIVE;SAFE;1;1;0;-1;119540620;0.00;-1.12;-1.12;0.00;0.00;KELLY_LITE;true;0.04;213098.19;0.0417;KELLY_LITE(mult=1.30 taper=1.00 n=20)+HARD_RISK_CAP(2.0%)+MAXLOSS_CAP;213098.19;213097.07;33;0
2026.08.14 14:22:11;XAUUSD;5;1786669229;PENDING_DELETED;ticket=119540620 reason=oco_buy_triggered;POSITION_ACTIVE;SAFE;1;0;0;-1;119540620;0.00;-1.64;-1.64;0.00;0.00;KELLY_LITE;true;0.04;213098.19;0.0417;KELLY_LITE(mult=1.30 taper=1.00 n=20)+HARD_RISK_CAP(2.0%)+MAXLOSS_CAP;213098.19;213096.55;33;0
2026.08.14 14:22:11;XAUUSD;5;1786669229;HEDGE_PENDING_PLACED;dir=SELL_STOP ticket=119540822 price=4378.91 sl=4381.91 lot=0.05 mainEntry=4382.32 dist=3.00 confirmBars=1;POSITION_ACTIVE;SAFE;1;1;1;-1;-1;4382.32;-1.76;-1.76;0.00;-1.64;KELLY_LITE;true;0.04;213098.19;0.0417;KELLY_LITE(mult=1.30 taper=1.00 n=20)+HARD_RISK_CAP(2.0%)+MAXLOSS_CAP;213098.19;213096.43;33;0
2026.08.14 14:23:52;XAUUSD;5;1786669229;SL_MODIFIED;ticket=119540618 oldSL=4370.32 newSL=4383.61 reason=break_even_lock_leg_0 (retry buf=8pt);MANAGE_PROFIT;SAFE;1;1;1;-1;-1;4382.32;7.64;7.56;8.00;-5.40;KELLY_LITE;true;0.04;213098.19;0.0417;KELLY_LITE(mult=1.30 taper=1.00 n=20)+HARD_RISK_CAP(2.0%)+MAXLOSS_CAP;213098.19;213105.83;33;0
2026.08.14 14:23:52;XAUUSD;5;1786669229;PROFIT_RATCHET_LOCKED;floor=2.70 peak=8.00;MANAGE_PROFIT;SAFE;1;1;1;-1;-1;4382.32;7.64;7.56;8.00;-5.40;KELLY_LITE;true;0.04;213098.19;0.0417;KELLY_LITE(mult=1.30 taper=1.00 n=20)+HARD_RISK_CAP(2.0%)+MAXLOSS_CAP;213098.19;213105.83;33;0
2026.08.14 14:23:52;XAUUSD;5;1786669229;SL_MODIFY_FAILED;ticket=119540618 newSL=4383.69 reason=break_even_lock_leg_0 err=0;MANAGE_PROFIT;SAFE;1;1;1;-1;-1;4382.32;7.20;7.20;8.00;-5.40;KELLY_LITE;true;0.04;213098.19;0.0417;KELLY_LITE(mult=1.30 taper=1.00 n=20)+HARD_RISK_CAP(2.0%)+MAXLOSS_CAP;213098.19;213105.39;33;0
2026.08.14 14:23:52;XAUUSD;5;1786669229;PROFIT_RATCHET_LOCKED;floor=2.70 peak=8.00;MANAGE_PROFIT;SAFE;1;1;1;-1;-1;4382.32;7.20;7.20;8.00;-5.40;KELLY_LITE;true;0.04;213098.19;0.0417;KELLY_LITE(mult=1.30 taper=1.00 n=20)+HARD_RISK_CAP(2.0%)+MAXLOSS_CAP;213098.19;213105.39;33;0
2026.08.14 14:23:52;XAUUSD;5;1786669229;PROFIT_RATCHET_LOCKED;floor=2.70 peak=8.00;MANAGE_PROFIT;SAFE;1;1;1;-1;-1;4382.32;7.20;7.20;8.00;-5.40;KELLY_LITE;true;0.04;213098.19;0.0417;KELLY_LITE(mult=1.30 taper=1.00 n=20)+HARD_RISK_CAP(2.0%)+MAXLOSS_CAP;213098.19;213105.39;33;0
2026.08.14 14:23:53;XAUUSD;5;1786669229;SL_MODIFIED;ticket=119540618 oldSL=4383.61 newSL=4383.65 reason=break_even_lock_leg_0 (retry buf=3pt);MANAGE_PROFIT;SAFE;1;1;1;-1;-1;4382.32;7.32;7.32;8.00;-5.40;KELLY_LITE;true;0.04;213098.19;0.0417;KELLY_LITE(mult=1.30 taper=1.00 n=20)+HARD_RISK_CAP(2.0%)+MAXLOSS_CAP;213098.19;213105.51;33;0
2026.08.14 14:23:53;XAUUSD;5;1786669229;PROFIT_RATCHET_LOCKED;floor=2.70 peak=8.00;MANAGE_PROFIT;SAFE;1;1;1;-1;-1;4382.32;7.32;7.32;8.00;-5.40;KELLY_LITE;true;0.04;213098.19;0.0417;KELLY_LITE(mult=1.30 taper=1.00 n=20)+HARD_RISK_CAP(2.0%)+MAXLOSS_CAP;213098.19;213105.51;33;0
2026.08.14 14:23:53;XAUUSD;5;1786669229;PROFIT_RATCHET_LOCKED;floor=2.70 peak=8.00;MANAGE_PROFIT;SAFE;1;1;1;-1;-1;4382.32;7.32;7.32;8.00;-5.40;KELLY_LITE;true;0.04;213098.19;0.0417;KELLY_LITE(mult=1.30 taper=1.00 n=20)+HARD_RISK_CAP(2.0%)+MAXLOSS_CAP;213098.19;213105.51;33;0
2026.08.14 14:23:53;XAUUSD;5;1786669229;EXIT_TIERED_TRAIL;profit=6.32 peak=8.00 allowedRetrace=1.40;MANAGE_PROFIT;SAFE;1;1;1;-1;-1;4382.32;6.32;6.32;8.00;-5.40;KELLY_LITE;true;0.04;213098.19;0.0417;KELLY_LITE(mult=1.30 taper=1.00 n=20)+HARD_RISK_CAP(2.0%)+MAXLOSS_CAP;213098.19;213104.51;33;0
2026.08.14 14:23:54;XAUUSD;5;1786669229;POSITION_CLOSED;ticket=119540618 reason=tiered_profit_trail lots=0.04 price=4383.90 pnl=6.32;MANAGE_PROFIT;SAFE;0;1;1;-1;-1;4382.32;0.00;0.00;8.00;-5.40;KELLY_LITE;true;0.04;213098.19;0.0417;KELLY_LITE(mult=1.30 taper=1.00 n=20)+HARD_RISK_CAP(2.0%)+MAXLOSS_CAP;213105.47;213105.47;33;0
2026.08.14 14:23:54;XAUUSD;5;1786669229;PENDING_DELETED;ticket=119540822 reason=close_all_hedge;MANAGE_PROFIT;SAFE;0;0;0;-1;-1;4382.32;0.00;0.00;8.00;-5.40;KELLY_LITE;true;0.04;213098.19;0.0417;KELLY_LITE(mult=1.30 taper=1.00 n=20)+HARD_RISK_CAP(2.0%)+MAXLOSS_CAP;213105.47;213105.47;33;0
2026.08.14 14:23:54;XAUUSD;5;1786669229;CYCLE_RESET;oldState=RESET realizedPnL=7.28 peak=8.00 worst=-5.40 pyramid=0 consLosses=0;RESET;SAFE;0;0;0;-1;-1;4382.32;0.00;0.00;8.00;-5.40;KELLY_LITE;true;0.04;213098.19;0.0417;KELLY_LITE(mult=1.30 taper=1.00 n=20)+HARD_RISK_CAP(2.0%)+MAXLOSS_CAP;213105.47;213105.47;33;0
2026.08.14 14:28:54;XAUUSD;5;1786669230;PLACE_PENDING_START;cycle=1786669230 trend=1 consecLosses=0 preset=AGGRESSIVE;PLACE_PENDING;SAFE;0;0;0;-1;-1;0.00;0.00;0.00;0.00;0.00;KELLY_LITE;true;0.04;213098.19;0.0417;KELLY_LITE(mult=1.30 taper=1.00 n=20)+HARD_RISK_CAP(2.0%)+MAXLOSS_CAP;213105.47;213105.47;48;0
2026.08.14 14:28:54;XAUUSD;5;1786669230;DIR_OCO_PLACED;dir=BULL ticket=119541619 price=4387.43 sl=4372.43 tp=4409.93 lot=0.04 dist=2.25;PLACE_PENDING;SAFE;0;1;0;119541619;-1;0.00;0.00;0.00;0.00;0.00;KELLY_LITE;true;0.04;213105.47;0.0417;KELLY_LITE(mult=1.30 taper=1.00 n=20)+SPREAD_PEN(16.7%@48)+HARD_RISK_CAP(2.0%)+MAXLOSS_CAP;213105.47;213105.47;48;0
2026.08.14 14:28:55;XAUUSD;5;1786669230;DIR_OCO_COUNTER_PLACED;dir=BEAR(counter) ticket=119541620 price=4382.56 lot=0.03;PLACE_PENDING;SAFE;0;2;0;119541619;119541620;0.00;0.00;0.00;0.00;0.00;KELLY_LITE;true;0.04;213105.47;0.0417;KELLY_LITE(mult=1.30 taper=1.00 n=20)+SPREAD_PEN(16.7%@48)+HARD_RISK_CAP(2.0%)+MAXLOSS_CAP;213105.47;213105.47;48;0
2026.08.14 14:29:07;XAUUSD;5;1786669230;SELL_STOP_TRAILED;Old=4382.56 New=4383.00;WAIT_TRIGGER;SAFE;0;2;0;119541619;119541620;0.00;0.00;0.00;0.00;0.00;KELLY_LITE;true;0.04;213105.47;0.0417;KELLY_LITE(mult=1.30 taper=1.00 n=20)+SPREAD_PEN(16.7%@48)+HARD_RISK_CAP(2.0%)+MAXLOSS_CAP;213105.47;213105.47;52;0
2026.08.14 14:29:13;XAUUSD;5;1786669230;SELL_STOP_TRAILED;Old=4383.00 New=4383.32;WAIT_TRIGGER;SAFE;0;2;0;119541619;119541620;0.00;0.00;0.00;0.00;0.00;KELLY_LITE;true;0.04;213105.47;0.0417;KELLY_LITE(mult=1.30 taper=1.00 n=20)+SPREAD_PEN(16.7%@48)+HARD_RISK_CAP(2.0%)+MAXLOSS_CAP;213105.47;213105.47;52;0
2026.08.14 14:29:37;XAUUSD;5;1786669230;BUY_STOP_TRAILED;Old=4387.43 New=4387.11;WAIT_TRIGGER;SAFE;0;2;0;119541619;119541620;0.00;0.00;0.00;0.00;0.00;KELLY_LITE;true;0.04;213105.47;0.0417;KELLY_LITE(mult=1.30 taper=1.00 n=20)+SPREAD_PEN(16.7%@48)+HARD_RISK_CAP(2.0%)+MAXLOSS_CAP;213105.47;213105.47;52;0
2026.08.14 14:29:38;XAUUSD;5;1786669230;BUY_STOP_TRAILED;Old=4387.11 New=4386.74;WAIT_TRIGGER;SAFE;0;2;0;119541619;119541620;0.00;0.00;0.00;0.00;0.00;KELLY_LITE;true;0.04;213105.47;0.0417;KELLY_LITE(mult=1.30 taper=1.00 n=20)+SPREAD_PEN(16.7%@48)+HARD_RISK_CAP(2.0%)+MAXLOSS_CAP;213105.47;213105.47;52;0
2026.08.14 14:30:08;XAUUSD;5;1786669230;BUY_STOP_TRAILED;Old=4386.74 New=4386.42;WAIT_TRIGGER;SAFE;0;2;0;119541619;119541620;0.00;0.00;0.00;0.00;0.00;KELLY_LITE;true;0.04;213105.47;0.0417;KELLY_LITE(mult=1.30 taper=1.00 n=20)+SPREAD_PEN(16.7%@48)+HARD_RISK_CAP(2.0%)+MAXLOSS_CAP;213105.47;213105.47;52;0
2026.08.14 14:30:24;XAUUSD;5;1786669230;OCO_TRIGGERED_BUY;ticket=119541619 entry=4386.42;POSITION_ACTIVE;SAFE;1;1;0;-1;119541620;0.00;0.12;-2.48;0.00;0.00;KELLY_LITE;true;0.04;213105.47;0.0417;KELLY_LITE(mult=1.30 taper=1.00 n=20)+SPREAD_PEN(16.7%@48)+HARD_RISK_CAP(2.0%)+MAXLOSS_CAP;213105.47;213105.59;65;0
2026.08.14 14:30:24;XAUUSD;5;1786669230;PENDING_DELETED;ticket=119541620 reason=oco_buy_triggered;POSITION_ACTIVE;SAFE;1;0;0;-1;119541620;0.00;-0.20;-0.20;0.00;0.00;KELLY_LITE;true;0.04;213105.47;0.0417;KELLY_LITE(mult=1.30 taper=1.00 n=20)+SPREAD_PEN(16.7%@48)+HARD_RISK_CAP(2.0%)+MAXLOSS_CAP;213105.47;213105.27;52;0
2026.08.14 14:30:25;XAUUSD;5;1786669230;HEDGE_PENDING_PLACED;dir=SELL_STOP ticket=119541793 price=4383.37 sl=4386.37 lot=0.05 mainEntry=4386.42 dist=3.00 confirmBars=1;POSITION_ACTIVE;SAFE;1;1;1;-1;-1;4386.42;0.12;0.12;0.00;-0.20;KELLY_LITE;true;0.04;213105.47;0.0417;KELLY_LITE(mult=1.30 taper=1.00 n=20)+SPREAD_PEN(16.7%@48)+HARD_RISK_CAP(2.0%)+MAXLOSS_CAP;213105.47;213105.59;52;0
2026.08.14 14:31:28;XAUUSD;5;1786669230;SL_MODIFIED;ticket=119541619 oldSL=4374.42 newSL=4387.79 reason=break_even_lock_leg_0 (retry buf=3pt);MANAGE_PROFIT;SAFE;1;1;1;-1;-1;4386.42;8.24;8.24;8.32;-2.00;KELLY_LITE;true;0.04;213105.47;0.0417;KELLY_LITE(mult=1.30 taper=1.00 n=20)+SPREAD_PEN(16.7%@48)+HARD_RISK_CAP(2.0%)+MAXLOSS_CAP;213105.47;213113.71;50;0
2026.08.14 14:31:28;XAUUSD;5;1786669230;PROFIT_RATCHET_LOCKED;floor=2.81 peak=8.32;MANAGE_PROFIT;SAFE;1;1;1;-1;-1;4386.42;8.24;8.24;8.32;-2.00;KELLY_LITE;true;0.04;213105.47;0.0417;KELLY_LITE(mult=1.30 taper=1.00 n=20)+SPREAD_PEN(16.7%@48)+HARD_RISK_CAP(2.0%)+MAXLOSS_CAP;213105.47;213113.71;50;0
2026.08.14 14:31:29;XAUUSD;5;1786669230;SL_MODIFIED;ticket=119541619 oldSL=4387.79 newSL=4387.93 reason=break_even_lock_leg_0;MANAGE_PROFIT;SAFE;1;1;1;-1;-1;4386.42;9.04;10.04;8.32;-2.00;KELLY_LITE;true;0.04;213105.47;0.0417;KELLY_LITE(mult=1.30 taper=1.00 n=20)+SPREAD_PEN(16.7%@48)+HARD_RISK_CAP(2.0%)+MAXLOSS_CAP;213105.47;213114.51;50;0
2026.08.14 14:31:29;XAUUSD;5;1786669230;PROFIT_RATCHET_LOCKED;floor=2.81 peak=8.32;MANAGE_PROFIT;SAFE;1;1;1;-1;-1;4386.42;9.04;10.04;8.32;-2.00;KELLY_LITE;true;0.04;213105.47;0.0417;KELLY_LITE(mult=1.30 taper=1.00 n=20)+SPREAD_PEN(16.7%@48)+HARD_RISK_CAP(2.0%)+MAXLOSS_CAP;213105.47;213114.51;50;0
2026.08.14 14:31:29;XAUUSD;5;1786669230;SL_MODIFY_FAILED;ticket=119541619 newSL=4388.41 reason=break_even_lock_leg_0 err=3;MANAGE_PROFIT;SAFE;0;1;1;-1;-1;4386.42;0.00;0.00;9.04;-2.00;KELLY_LITE;true;0.04;213105.47;0.0417;KELLY_LITE(mult=1.30 taper=1.00 n=20)+SPREAD_PEN(16.7%@48)+HARD_RISK_CAP(2.0%)+MAXLOSS_CAP;213111.51;213111.51;54;0
2026.08.14 14:31:30;XAUUSD;5;1786669230;PENDING_DELETED;ticket=119541793 reason=main_gone_hedge_pending;WAIT_TRIGGER;SAFE;0;0;1;-1;-1;4386.42;0.00;0.00;9.04;-2.00;KELLY_LITE;true;0.04;213105.47;0.0417;KELLY_LITE(mult=1.30 taper=1.00 n=20)+SPREAD_PEN(16.7%@48)+HARD_RISK_CAP(2.0%)+MAXLOSS_CAP;213111.51;213111.51;52;0
2026.08.14 14:31:30;XAUUSD;5;1786669230;HEDGE_PENDING_CLEANUP;main_position_gone;WAIT_TRIGGER;SAFE;0;0;1;-1;-1;4386.42;0.00;0.00;9.04;-2.00;KELLY_LITE;true;0.04;213105.47;0.0417;KELLY_LITE(mult=1.30 taper=1.00 n=20)+SPREAD_PEN(16.7%@48)+HARD_RISK_CAP(2.0%)+MAXLOSS_CAP;213111.51;213111.51;52;0
2026.08.14 14:31:30;XAUUSD;5;1786669230;CYCLE_RESET;oldState=WAIT_TRIGGER realizedPnL=6.04 peak=9.04 worst=-2.00 pyramid=1 consLosses=0;WAIT_TRIGGER;SAFE;0;0;1;-1;-1;4386.42;0.00;0.00;9.04;-2.00;KELLY_LITE;true;0.04;213105.47;0.0417;KELLY_LITE(mult=1.30 taper=1.00 n=20)+SPREAD_PEN(16.7%@48)+HARD_RISK_CAP(2.0%)+MAXLOSS_CAP;213111.51;213111.51;52;0
2026.08.14 14:31:30;XAUUSD;5;1786669230;TRADELOG_RECOVER_CLOSE;ticket=119541619 type=main pnl=6.04;IDLE;SAFE;0;0;0;-1;-1;0.00;0.00;0.00;0.00;0.00;KELLY_LITE;true;0.04;213105.47;0.0417;KELLY_LITE(mult=1.30 taper=1.00 n=20)+SPREAD_PEN(16.7%@48)+HARD_RISK_CAP(2.0%)+MAXLOSS_CAP;213111.51;213111.51;52;0
2026.08.14 14:36:30;XAUUSD;5;1786669230;FILTER_BLOCK_RSI_BUY;RSI_BUY_BLOCK (rsi=72.3 max=70.0);BLOCKED;SAFE;0;0;0;-1;-1;0.00;0.00;0.00;0.00;0.00;KELLY_LITE;true;0.04;213105.47;0.0417;KELLY_LITE(mult=1.30 taper=1.00 n=20)+SPREAD_PEN(16.7%@48)+HARD_RISK_CAP(2.0%)+MAXLOSS_CAP;213111.51;213111.51;33;0
2026.08.14 14:41:30;XAUUSD;5;1786669230;FILTER_BLOCK_RSI_BUY;RSI_BUY_BLOCK (rsi=74.9 max=70.0);BLOCKED;SAFE;0;0;0;-1;-1;0.00;0.00;0.00;0.00;0.00;KELLY_LITE;true;0.04;213105.47;0.0417;KELLY_LITE(mult=1.30 taper=1.00 n=20)+SPREAD_PEN(16.7%@48)+HARD_RISK_CAP(2.0%)+MAXLOSS_CAP;213111.51;213111.51;30;0
2026.08.14 14:46:30;XAUUSD;5;1786669230;FILTER_BLOCK_RSI_BUY;RSI_BUY_BLOCK (rsi=72.4 max=70.0);BLOCKED;SAFE;0;0;0;-1;-1;0.00;0.00;0.00;0.00;0.00;KELLY_LITE;true;0.04;213105.47;0.0417;KELLY_LITE(mult=1.30 taper=1.00 n=20)+SPREAD_PEN(16.7%@48)+HARD_RISK_CAP(2.0%)+MAXLOSS_CAP;213111.51;213111.51;33;0
2026.08.14 14:51:30;XAUUSD;5;1786669231;PLACE_PENDING_START;cycle=1786669231 trend=1 consecLosses=0 preset=AGGRESSIVE;PLACE_PENDING;SAFE;0;0;0;-1;-1;0.00;0.00;0.00;0.00;0.00;KELLY_LITE;true;0.04;213105.47;0.0417;KELLY_LITE(mult=1.30 taper=1.00 n=20)+SPREAD_PEN(16.7%@48)+HARD_RISK_CAP(2.0%)+MAXLOSS_CAP;213111.51;213111.51;30;0
2026.08.14 14:51:30;XAUUSD;5;1786669231;DIR_OCO_PLACED;dir=BULL ticket=119545015 price=4388.80 sl=4373.80 tp=4411.30 lot=0.04 dist=2.24;PLACE_PENDING;SAFE;0;1;0;119545015;-1;0.00;0.00;0.00;0.00;0.00;KELLY_LITE;true;0.04;213111.51;0.0417;KELLY_LITE(mult=1.30 taper=1.00 n=20)+HARD_RISK_CAP(2.0%)+MAXLOSS_CAP;213111.51;213111.51;33;0
2026.08.14 14:51:31;XAUUSD;5;1786669231;DIR_OCO_COUNTER_PLACED;dir=BEAR(counter) ticket=119545018 price=4384.18 lot=0.03;PLACE_PENDING;SAFE;0;2;0;119545015;119545018;0.00;0.00;0.00;0.00;0.00;KELLY_LITE;true;0.04;213111.51;0.0417;KELLY_LITE(mult=1.30 taper=1.00 n=20)+HARD_RISK_CAP(2.0%)+MAXLOSS_CAP;213111.51;213111.51;30;0
2026.08.14 14:51:33;XAUUSD;5;1786669231;SELL_STOP_TRAILED;Old=4384.18 New=4384.52;WAIT_TRIGGER;SAFE;0;2;0;119545015;119545018;0.00;0.00;0.00;0.00;0.00;KELLY_LITE;true;0.04;213111.51;0.0417;KELLY_LITE(mult=1.30 taper=1.00 n=20)+HARD_RISK_CAP(2.0%)+MAXLOSS_CAP;213111.51;213111.51;33;0
2026.08.14 14:51:36;XAUUSD;5;1786669231;SELL_STOP_TRAILED;Old=4384.52 New=4384.91;WAIT_TRIGGER;SAFE;0;2;0;119545015;119545018;0.00;0.00;0.00;0.00;0.00;KELLY_LITE;true;0.04;213111.51;0.0417;KELLY_LITE(mult=1.30 taper=1.00 n=20)+HARD_RISK_CAP(2.0%)+MAXLOSS_CAP;213111.51;213111.51;30;0
2026.08.14 14:51:51;XAUUSD;5;1786669231;SELL_STOP_TRAILED;Old=4384.91 New=4385.25;WAIT_TRIGGER;SAFE;0;2;0;119545015;119545018;0.00;0.00;0.00;0.00;0.00;KELLY_LITE;true;0.04;213111.51;0.0417;KELLY_LITE(mult=1.30 taper=1.00 n=20)+HARD_RISK_CAP(2.0%)+MAXLOSS_CAP;213111.51;213111.51;33;0
2026.08.14 14:52:03;XAUUSD;5;1786669231;SELL_STOP_TRAILED;Old=4385.25 New=4385.65;WAIT_TRIGGER;SAFE;0;2;0;119545015;119545018;0.00;0.00;0.00;0.00;0.00;KELLY_LITE;true;0.04;213111.51;0.0417;KELLY_LITE(mult=1.30 taper=1.00 n=20)+HARD_RISK_CAP(2.0%)+MAXLOSS_CAP;213111.51;213111.51;33;0
2026.08.14 14:52:11;XAUUSD;5;1786669231;BUY_STOP_TRAILED;Old=4388.80 New=4388.49;WAIT_TRIGGER;SAFE;0;2;0;119545015;119545018;0.00;0.00;0.00;0.00;0.00;KELLY_LITE;true;0.04;213111.51;0.0417;KELLY_LITE(mult=1.30 taper=1.00 n=20)+HARD_RISK_CAP(2.0%)+MAXLOSS_CAP;213111.51;213111.51;33;0
2026.08.14 14:52:40;XAUUSD;5;1786669231;OCO_TRIGGERED_SELL;ticket=119545018 entry=4385.65;POSITION_ACTIVE;SAFE;1;1;0;119545015;-1;0.00;0.54;-0.36;0.00;0.00;KELLY_LITE;true;0.04;213111.51;0.0417;KELLY_LITE(mult=1.30 taper=1.00 n=20)+HARD_RISK_CAP(2.0%)+MAXLOSS_CAP;213111.51;213112.05;30;0
2026.08.14 14:52:41;XAUUSD;5;1786669231;PENDING_DELETED;ticket=119545015 reason=oco_sell_triggered;POSITION_ACTIVE;SAFE;1;0;0;119545015;-1;0.00;0.15;0.15;0.00;0.00;KELLY_LITE;true;0.04;213111.51;0.0417;KELLY_LITE(mult=1.30 taper=1.00 n=20)+HARD_RISK_CAP(2.0%)+MAXLOSS_CAP;213111.51;213111.66;33;0
2026.08.14 14:52:41;XAUUSD;5;1786669231;HEDGE_PENDING_PLACED;dir=BUY_STOP ticket=119545109 price=4388.60 sl=4385.60 lot=0.05 mainEntry=4385.65 dist=3.00 confirmBars=1;POSITION_ACTIVE;SAFE;1;1;1;-1;-1;4385.65;0.84;0.84;0.15;0.00;KELLY_LITE;true;0.04;213111.51;0.0417;KELLY_LITE(mult=1.30 taper=1.00 n=20)+HARD_RISK_CAP(2.0%)+MAXLOSS_CAP;213111.51;213112.35;33;0
2026.08.14 15:00:15;XAUUSD;5;1786669231;SL_MODIFIED;ticket=119545109 oldSL=4385.60 newSL=4388.67 reason=hedge_giveback_lock;MANAGE_PROFIT;SAFE;2;0;1;-1;-1;4385.65;-8.36;3.70;7.50;-10.58;KELLY_LITE;true;0.04;213111.51;0.0417;KELLY_LITE(mult=1.30 taper=1.00 n=20)+HARD_RISK_CAP(2.0%)+MAXLOSS_CAP;213111.51;213103.15;33;0
2026.08.14 15:00:16;XAUUSD;5;1786669231;SL_MODIFIED;ticket=119545109 oldSL=4388.67 newSL=4388.82 reason=hedge_giveback_lock;MANAGE_PROFIT;SAFE;2;0;1;-1;-1;4385.65;-8.00;4.60;7.50;-10.58;KELLY_LITE;true;0.04;213111.51;0.0417;KELLY_LITE(mult=1.30 taper=1.00 n=20)+HARD_RISK_CAP(2.0%)+MAXLOSS_CAP;213111.51;213103.51;33;0
2026.08.14 15:00:16;XAUUSD;5;1786669231;SL_MODIFY_FAILED;ticket=119545109 newSL=4389.00 reason=hedge_giveback_lock err=0;MANAGE_PROFIT;SAFE;2;0;1;-1;-1;4385.65;-8.36;3.70;7.50;-10.58;KELLY_LITE;true;0.04;213111.51;0.0417;KELLY_LITE(mult=1.30 taper=1.00 n=20)+HARD_RISK_CAP(2.0%)+MAXLOSS_CAP;213111.51;213103.15;33;0
2026.08.14 15:00:17;XAUUSD;5;1786669231;SL_MODIFIED;ticket=119545109 oldSL=4388.82 newSL=4388.85 reason=hedge_giveback_lock;MANAGE_PROFIT;SAFE;2;0;1;-1;-1;4385.65;-7.20;2.90;7.50;-10.58;KELLY_LITE;true;0.04;213111.51;0.0417;KELLY_LITE(mult=1.30 taper=1.00 n=20)+HARD_RISK_CAP(2.0%)+MAXLOSS_CAP;213111.51;213104.31;37;0
2026.08.14 15:00:18;XAUUSD;5;1786669231;POSITION_CLOSED;ticket=119545109 reason=hedge_reversal_giveback_cap lots=0.05 price=4388.97 pnl=1.85;MANAGE_PROFIT;SAFE;1;0;1;-1;-1;4385.65;-10.95;-10.95;7.50;-10.58;KELLY_LITE;true;0.04;213111.51;0.0417;KELLY_LITE(mult=1.30 taper=1.00 n=20)+HARD_RISK_CAP(2.0%)+MAXLOSS_CAP;213113.36;213102.41;33;0
2026.08.14 15:00:18;XAUUSD;5;1786669231;HEDGE_CLOSED_REVERSAL;profit=1.85 peak=4.60 giveback=2.75 cap=2.50 reason=giveback_cap ok=1;MANAGE_PROFIT;SAFE;1;0;1;-1;-1;4385.65;-10.95;-10.95;7.50;-10.58;KELLY_LITE;true;0.04;213111.51;0.0417;KELLY_LITE(mult=1.30 taper=1.00 n=20)+HARD_RISK_CAP(2.0%)+MAXLOSS_CAP;213113.36;213102.41;33;0
2026.08.14 15:00:40;XAUUSD;5;1786669231;EXIT_TIME_LOSS_CONFIRMED;held=8 profit=-20.01 rsi=64.9;MANAGE_PROFIT;WATCH;1;0;1;-1;-1;4385.65;-20.01;-20.01;7.50;-21.06;KELLY_LITE;true;0.04;213111.51;0.0417;KELLY_LITE(mult=1.30 taper=1.00 n=20)+HARD_RISK_CAP(2.0%)+MAXLOSS_CAP;213113.36;213093.35;33;0
2026.08.14 15:00:40;XAUUSD;5;1786669231;POSITION_CLOSED;ticket=119545018 reason=time_loss_exit_confirmed lots=0.03 price=4392.32 pnl=-20.01;MANAGE_PROFIT;WATCH;0;0;1;-1;-1;4385.65;0.00;0.00;7.50;-21.06;KELLY_LITE;true;0.04;213111.51;0.0417;KELLY_LITE(mult=1.30 taper=1.00 n=20)+HARD_RISK_CAP(2.0%)+MAXLOSS_CAP;213094.46;213094.46;33;0
2026.08.14 15:00:40;XAUUSD;5;1786669231;LOSS_COOLDOWN_AFTER_LOSS;cyclePnL=-17.05 pauseUntil=2026.08.14 15:05:40;RESET;WATCH;0;0;0;-1;-1;4385.65;0.00;0.00;7.50;-21.06;KELLY_LITE;true;0.04;213111.51;0.0417;KELLY_LITE(mult=1.30 taper=1.00 n=20)+HARD_RISK_CAP(2.0%)+MAXLOSS_CAP;213094.46;213094.46;33;0
2026.08.14 15:00:40;XAUUSD;5;1786669231;CYCLE_RESET;oldState=RESET realizedPnL=-17.05 peak=7.50 worst=-21.06 pyramid=0 consLosses=1;RESET;WATCH;0;0;0;-1;-1;4385.65;0.00;0.00;7.50;-21.06;KELLY_LITE;true;0.04;213111.51;0.0417;KELLY_LITE(mult=1.30 taper=1.00 n=20)+HARD_RISK_CAP(2.0%)+MAXLOSS_CAP;213094.46;213094.46;33;0
2026.08.14 15:05:40;XAUUSD;5;1786669232;PLACE_PENDING_START;cycle=1786669232 trend=1 consecLosses=1 preset=AGGRESSIVE;PLACE_PENDING;SAFE;0;0;0;-1;-1;0.00;0.00;0.00;0.00;0.00;KELLY_LITE;true;0.04;213111.51;0.0417;KELLY_LITE(mult=1.30 taper=1.00 n=20)+HARD_RISK_CAP(2.0%)+MAXLOSS_CAP;213094.46;213094.46;33;0
2026.08.14 15:05:40;XAUUSD;5;1786669232;DIR_OCO_PLACED;dir=BULL ticket=119546391 price=4393.24 sl=4378.24 tp=4415.74 lot=0.04 dist=2.25;PLACE_PENDING;SAFE;0;1;0;119546391;-1;0.00;0.00;0.00;0.00;0.00;KELLY_LITE;true;0.04;213094.46;0.0417;KELLY_LITE(mult=1.30 taper=1.00 n=20)+HARD_RISK_CAP(2.0%)+MAXLOSS_CAP;213094.46;213094.46;33;0
2026.08.14 15:05:41;XAUUSD;5;1786669232;DIR_OCO_COUNTER_PLACED;dir=BEAR(counter) ticket=119546392 price=4388.57 lot=0.03;PLACE_PENDING;SAFE;0;2;0;119546391;119546392;0.00;0.00;0.00;0.00;0.00;KELLY_LITE;true;0.04;213094.46;0.0417;KELLY_LITE(mult=1.30 taper=1.00 n=20)+HARD_RISK_CAP(2.0%)+MAXLOSS_CAP;213094.46;213094.46;33;0
2026.08.14 15:05:44;XAUUSD;5;1786669232;SELL_STOP_TRAILED;Old=4388.57 New=4388.90;WAIT_TRIGGER;SAFE;0;2;0;119546391;119546392;0.00;0.00;0.00;0.00;0.00;KELLY_LITE;true;0.04;213094.46;0.0417;KELLY_LITE(mult=1.30 taper=1.00 n=20)+HARD_RISK_CAP(2.0%)+MAXLOSS_CAP;213094.46;213094.46;33;0
2026.08.14 15:06:10;XAUUSD;5;1786669232;BUY_STOP_TRAILED;Old=4393.24 New=4392.90;WAIT_TRIGGER;SAFE;0;2;0;119546391;119546392;0.00;0.00;0.00;0.00;0.00;KELLY_LITE;true;0.04;213094.46;0.0417;KELLY_LITE(mult=1.30 taper=1.00 n=20)+HARD_RISK_CAP(2.0%)+MAXLOSS_CAP;213094.46;213094.46;32;0
2026.08.14 15:06:20;XAUUSD;5;1786669232;BUY_STOP_TRAILED;Old=4392.90 New=4392.58;WAIT_TRIGGER;SAFE;0;2;0;119546391;119546392;0.00;0.00;0.00;0.00;0.00;KELLY_LITE;true;0.04;213094.46;0.0417;KELLY_LITE(mult=1.30 taper=1.00 n=20)+HARD_RISK_CAP(2.0%)+MAXLOSS_CAP;213094.46;213094.46;33;0
2026.08.14 15:06:32;XAUUSD;5;1786669232;BUY_STOP_TRAILED;Old=4392.58 New=4392.04;WAIT_TRIGGER;SAFE;0;2;0;119546391;119546392;0.00;0.00;0.00;0.00;0.00;KELLY_LITE;true;0.04;213094.46;0.0417;KELLY_LITE(mult=1.30 taper=1.00 n=20)+HARD_RISK_CAP(2.0%)+MAXLOSS_CAP;213094.46;213094.46;33;0
2026.08.14 15:06:45;XAUUSD;5;1786669232;SELL_STOP_TRAILED;Old=4388.90 New=4389.23;WAIT_TRIGGER;SAFE;0;2;0;119546391;119546392;0.00;0.00;0.00;0.00;0.00;KELLY_LITE;true;0.04;213094.46;0.0417;KELLY_LITE(mult=1.30 taper=1.00 n=20)+HARD_RISK_CAP(2.0%)+MAXLOSS_CAP;213094.46;213094.46;33;0
2026.08.14 15:06:57;XAUUSD;5;1786669232;OCO_TRIGGERED_BUY;ticket=119546391 entry=4392.04;POSITION_ACTIVE;SAFE;1;1;0;-1;119546392;0.00;0.16;-1.16;0.00;0.00;KELLY_LITE;true;0.04;213094.46;0.0417;KELLY_LITE(mult=1.30 taper=1.00 n=20)+HARD_RISK_CAP(2.0%)+MAXLOSS_CAP;213094.46;213094.62;33;0
2026.08.14 15:06:58;XAUUSD;5;1786669232;PENDING_DELETED;ticket=119546392 reason=oco_buy_triggered;POSITION_ACTIVE;SAFE;1;0;0;-1;119546392;0.00;-1.36;-1.36;0.00;0.00;KELLY_LITE;true;0.04;213094.46;0.0417;KELLY_LITE(mult=1.30 taper=1.00 n=20)+HARD_RISK_CAP(2.0%)+MAXLOSS_CAP;213094.46;213093.10;33;0
2026.08.14 15:06:58;XAUUSD;5;1786669232;HEDGE_PENDING_PLACED;dir=SELL_STOP ticket=119546459 price=4388.70 sl=4391.70 lot=0.05 mainEntry=4392.04 dist=3.00 confirmBars=1;POSITION_ACTIVE;SAFE;1;1;1;-1;-1;4392.04;-1.20;-1.20;0.00;-1.36;KELLY_LITE;true;0.04;213094.46;0.0417;KELLY_LITE(mult=1.30 taper=1.00 n=20)+HARD_RISK_CAP(2.0%)+MAXLOSS_CAP;213094.46;213093.26;33;0
2026.08.14 15:10:36;XAUUSD;5;1786669232;SL_MODIFIED;ticket=119546459 oldSL=4391.70 newSL=4388.58 reason=hedge_giveback_lock;MANAGE_PROFIT;SAFE;2;0;1;-1;-1;4392.04;-13.97;3.55;0.00;-15.45;KELLY_LITE;true;0.04;213094.46;0.0417;KELLY_LITE(mult=1.30 taper=1.00 n=20)+HARD_RISK_CAP(2.0%)+MAXLOSS_CAP;213094.46;213080.49;33;0
2026.08.14 15:10:36;XAUUSD;5;1786669232;SL_MODIFY_FAILED;ticket=119546459 newSL=4388.51 reason=hedge_giveback_lock err=0;MANAGE_PROFIT;SAFE;2;0;1;-1;-1;4392.04;-14.20;3.20;0.00;-15.45;KELLY_LITE;true;0.04;213094.46;0.0417;KELLY_LITE(mult=1.30 taper=1.00 n=20)+HARD_RISK_CAP(2.0%)+MAXLOSS_CAP;213094.46;213080.26;37;0
2026.08.14 15:10:39;XAUUSD;5;1786669232;POSITION_CLOSED;ticket=119546459 reason=hedge_trail_close lots=0.05 price=4388.49 pnl=1.05;MANAGE_PROFIT;SAFE;1;0;1;-1;-1;4392.04;-15.32;-15.32;0.00;-15.45;KELLY_LITE;true;0.04;213094.46;0.0417;KELLY_LITE(mult=1.30 taper=1.00 n=20)+HARD_RISK_CAP(2.0%)+MAXLOSS_CAP;213095.31;213079.99;33;0
2026.08.14 15:10:39;XAUUSD;5;1786669232;HEDGE_CLOSED_TRAIL;peak=3.55 close=1.05 threshold=1.07 reason=peak_retrace ok=1;MANAGE_PROFIT;SAFE;1;0;1;-1;-1;4392.04;-15.32;-15.32;0.00;-15.45;KELLY_LITE;true;0.04;213094.46;0.0417;KELLY_LITE(mult=1.30 taper=1.00 n=20)+HARD_RISK_CAP(2.0%)+MAXLOSS_CAP;213095.31;213079.99;33;0
2026.08.14 15:18:55;XAUUSD;5;1786669232;EXIT_TIME_LOSS_HARDCAP;held=11 profit=-15.92 rsi=58.8;MANAGE_PROFIT;SAFE;1;0;1;-1;-1;4392.04;-15.92;-15.92;4.12;-20.20;KELLY_LITE;true;0.04;213094.46;0.0417;KELLY_LITE(mult=1.30 taper=1.00 n=20)+HARD_RISK_CAP(2.0%)+MAXLOSS_CAP;213095.31;213079.39;37;0
2026.08.14 15:18:56;XAUUSD;5;1786669232;POSITION_CLOSED;ticket=119546391 reason=time_loss_exit_hardcap lots=0.04 price=4388.06 pnl=-15.92;MANAGE_PROFIT;SAFE;0;0;1;-1;-1;4392.04;0.00;0.00;4.12;-20.20;KELLY_LITE;true;0.04;213094.46;0.0417;KELLY_LITE(mult=1.30 taper=1.00 n=20)+HARD_RISK_CAP(2.0%)+MAXLOSS_CAP;213078.63;213078.63;33;0
2026.08.14 15:18:56;XAUUSD;5;1786669232;LOSS_COOLDOWN_AFTER_LOSS;cyclePnL=-15.83 pauseUntil=2026.08.14 15:23:56;RESET;SAFE;0;0;0;-1;-1;4392.04;0.00;0.00;4.12;-20.20;KELLY_LITE;true;0.04;213094.46;0.0417;KELLY_LITE(mult=1.30 taper=1.00 n=20)+HARD_RISK_CAP(2.0%)+MAXLOSS_CAP;213078.63;213078.63;33;0
2026.08.14 15:18:56;XAUUSD;5;1786669232;CYCLE_RESET;oldState=RESET realizedPnL=-15.83 peak=4.12 worst=-20.20 pyramid=0 consLosses=2;RESET;SAFE;0;0;0;-1;-1;4392.04;0.00;0.00;4.12;-20.20;KELLY_LITE;true;0.04;213094.46;0.0417;KELLY_LITE(mult=1.30 taper=1.00 n=20)+HARD_RISK_CAP(2.0%)+MAXLOSS_CAP;213078.63;213078.63;33;0
2026.08.14 15:23:56;XAUUSD;5;1786669233;PLACE_PENDING_START;cycle=1786669233 trend=1 consecLosses=2 preset=AGGRESSIVE;PLACE_PENDING;SAFE;0;0;0;-1;-1;0.00;0.00;0.00;0.00;0.00;KELLY_LITE;true;0.04;213094.46;0.0417;KELLY_LITE(mult=1.30 taper=1.00 n=20)+HARD_RISK_CAP(2.0%)+MAXLOSS_CAP;213078.63;213078.63;33;0
2026.08.14 15:23:56;XAUUSD;5;1786669233;DIR_OCO_PLACED;dir=BULL ticket=119547825 price=4392.13 sl=4377.13 tp=4414.63 lot=0.04 dist=2.27;PLACE_PENDING;SAFE;0;1;0;119547825;-1;0.00;0.00;0.00;0.00;0.00;KELLY_LITE;true;0.04;213078.63;0.0417;KELLY_LITE(mult=1.30 taper=1.00 n=20)+CONSEC_REDUCE(0.50)+HARD_RISK_CAP(2.0%)+MAXLOSS_CAP;213078.63;213078.63;33;0
2026.08.14 15:23:57;XAUUSD;5;1786669233;DIR_OCO_COUNTER_PLACED;dir=BEAR(counter) ticket=119547826 price=4387.31 lot=0.03;PLACE_PENDING;SAFE;0;2;0;119547825;119547826;0.00;0.00;0.00;0.00;0.00;KELLY_LITE;true;0.04;213078.63;0.0417;KELLY_LITE(mult=1.30 taper=1.00 n=20)+CONSEC_REDUCE(0.50)+HARD_RISK_CAP(2.0%)+MAXLOSS_CAP;213078.63;213078.63;33;0
2026.08.14 15:24:00;XAUUSD;5;1786669233;SELL_STOP_TRAILED;Old=4387.31 New=4387.69;WAIT_TRIGGER;SAFE;0;2;0;119547825;119547826;0.00;0.00;0.00;0.00;0.00;KELLY_LITE;true;0.04;213078.63;0.0417;KELLY_LITE(mult=1.30 taper=1.00 n=20)+CONSEC_REDUCE(0.50)+HARD_RISK_CAP(2.0%)+MAXLOSS_CAP;213078.63;213078.63;33;0
2026.08.14 15:24:03;XAUUSD;5;1786669233;SELL_STOP_TRAILED;Old=4387.69 New=4388.07;WAIT_TRIGGER;SAFE;0;2;0;119547825;119547826;0.00;0.00;0.00;0.00;0.00;KELLY_LITE;true;0.04;213078.63;0.0417;KELLY_LITE(mult=1.30 taper=1.00 n=20)+CONSEC_REDUCE(0.50)+HARD_RISK_CAP(2.0%)+MAXLOSS_CAP;213078.63;213078.63;33;0
2026.08.14 15:24:06;XAUUSD;5;1786669233;SELL_STOP_TRAILED;Old=4388.07 New=4388.39;WAIT_TRIGGER;SAFE;0;2;0;119547825;119547826;0.00;0.00;0.00;0.00;0.00;KELLY_LITE;true;0.04;213078.63;0.0417;KELLY_LITE(mult=1.30 taper=1.00 n=20)+CONSEC_REDUCE(0.50)+HARD_RISK_CAP(2.0%)+MAXLOSS_CAP;213078.63;213078.63;33;0
2026.08.14 15:24:14;XAUUSD;5;1786669233;SELL_STOP_TRAILED;Old=4388.39 New=4388.80;WAIT_TRIGGER;SAFE;0;2;0;119547825;119547826;0.00;0.00;0.00;0.00;0.00;KELLY_LITE;true;0.04;213078.63;0.0417;KELLY_LITE(mult=1.30 taper=1.00 n=20)+CONSEC_REDUCE(0.50)+HARD_RISK_CAP(2.0%)+MAXLOSS_CAP;213078.63;213078.63;37;0
2026.08.14 15:24:54;XAUUSD;5;1786669233;SELL_STOP_TRAILED;Old=4388.80 New=4389.16;WAIT_TRIGGER;SAFE;0;2;0;119547825;119547826;0.00;0.00;0.00;0.00;0.00;KELLY_LITE;true;0.04;213078.63;0.0417;KELLY_LITE(mult=1.30 taper=1.00 n=20)+CONSEC_REDUCE(0.50)+HARD_RISK_CAP(2.0%)+MAXLOSS_CAP;213078.63;213078.63;33;0
2026.08.14 15:24:55;XAUUSD;5;1786669233;OCO_TRIGGERED_BUY;ticket=119547825 entry=4392.13;POSITION_ACTIVE;SAFE;1;1;0;-1;119547826;0.00;-1.04;-1.04;0.00;0.00;KELLY_LITE;true;0.04;213078.63;0.0417;KELLY_LITE(mult=1.30 taper=1.00 n=20)+CONSEC_REDUCE(0.50)+HARD_RISK_CAP(2.0%)+MAXLOSS_CAP;213078.63;213077.59;33;0
2026.08.14 15:24:55;XAUUSD;5;1786669233;PENDING_DELETED;ticket=119547826 reason=oco_buy_triggered;POSITION_ACTIVE;SAFE;1;0;0;-1;119547826;0.00;-1.40;-1.40;0.00;0.00;KELLY_LITE;true;0.04;213078.63;0.0417;KELLY_LITE(mult=1.30 taper=1.00 n=20)+CONSEC_REDUCE(0.50)+HARD_RISK_CAP(2.0%)+MAXLOSS_CAP;213078.63;213077.23;33;0
2026.08.14 15:24:56;XAUUSD;5;1786669233;HEDGE_PENDING_PLACED;dir=SELL_STOP ticket=119547946 price=4388.78 sl=4391.78 lot=0.05 mainEntry=4392.13 dist=3.00 confirmBars=1;POSITION_ACTIVE;SAFE;1;1;1;-1;-1;4392.13;-1.00;-1.00;0.00;-1.40;KELLY_LITE;true;0.04;213078.63;0.0417;KELLY_LITE(mult=1.30 taper=1.00 n=20)+CONSEC_REDUCE(0.50)+HARD_RISK_CAP(2.0%)+MAXLOSS_CAP;213078.63;213077.63;33;0
2026.08.14 15:25:48;XAUUSD;5;1786669233;SL_MODIFIED;ticket=119547825 oldSL=4377.13 newSL=4393.77 reason=break_even_lock_leg_0;MANAGE_PROFIT;SAFE;1;1;1;-1;-1;4392.13;9.20;9.12;8.64;-3.68;KELLY_LITE;true;0.04;213078.63;0.0417;KELLY_LITE(mult=1.30 taper=1.00 n=20)+CONSEC_REDUCE(0.50)+HARD_RISK_CAP(2.0%)+MAXLOSS_CAP;213078.63;213087.83;33;0
2026.08.14 15:25:48;XAUUSD;5;1786669233;PROFIT_RATCHET_LOCKED;floor=2.92 peak=8.64;MANAGE_PROFIT;SAFE;1;1;1;-1;-1;4392.13;9.20;9.12;8.64;-3.68;KELLY_LITE;true;0.04;213078.63;0.0417;KELLY_LITE(mult=1.30 taper=1.00 n=20)+CONSEC_REDUCE(0.50)+HARD_RISK_CAP(2.0%)+MAXLOSS_CAP;213078.63;213087.83;33;0
2026.08.14 15:25:50;XAUUSD;5;1786669233;SL_MODIFY_FAILED;ticket=119547825 newSL=4393.89 reason=break_even_lock_leg_0 err=0;MANAGE_PROFIT;SAFE;1;1;1;-1;-1;4392.13;6.92;6.92;9.20;-3.68;KELLY_LITE;true;0.04;213078.63;0.0417;KELLY_LITE(mult=1.30 taper=1.00 n=20)+CONSEC_REDUCE(0.50)+HARD_RISK_CAP(2.0%)+MAXLOSS_CAP;213078.63;213085.55;33;0
2026.08.14 15:25:50;XAUUSD;5;1786669233;PROFIT_RATCHET_LOCKED;floor=3.10 peak=9.20;MANAGE_PROFIT;SAFE;1;1;1;-1;-1;4392.13;6.92;6.92;9.20;-3.68;KELLY_LITE;true;0.04;213078.63;0.0417;KELLY_LITE(mult=1.30 taper=1.00 n=20)+CONSEC_REDUCE(0.50)+HARD_RISK_CAP(2.0%)+MAXLOSS_CAP;213078.63;213085.55;33;0
2026.08.14 15:25:50;XAUUSD;5;1786669233;PROFIT_RATCHET_LOCKED;floor=3.10 peak=9.20;MANAGE_PROFIT;SAFE;1;1;1;-1;-1;4392.13;6.92;6.92;9.20;-3.68;KELLY_LITE;true;0.04;213078.63;0.0417;KELLY_LITE(mult=1.30 taper=1.00 n=20)+CONSEC_REDUCE(0.50)+HARD_RISK_CAP(2.0%)+MAXLOSS_CAP;213078.63;213085.55;33;0
2026.08.14 15:25:50;XAUUSD;5;1786669233;PROFIT_RATCHET_LOCKED;floor=3.10 peak=9.20;MANAGE_PROFIT;SAFE;1;1;1;-1;-1;4392.13;7.56;7.56;9.20;-3.68;KELLY_LITE;true;0.04;213078.63;0.0417;KELLY_LITE(mult=1.30 taper=1.00 n=20)+CONSEC_REDUCE(0.50)+HARD_RISK_CAP(2.0%)+MAXLOSS_CAP;213078.63;213086.19;33;0
2026.08.14 15:25:50;XAUUSD;5;1786669233;PROFIT_RATCHET_LOCKED;floor=3.10 peak=9.20;MANAGE_PROFIT;SAFE;1;1;1;-1;-1;4392.13;8.04;8.04;9.20;-3.68;KELLY_LITE;true;0.04;213078.63;0.0417;KELLY_LITE(mult=1.30 taper=1.00 n=20)+CONSEC_REDUCE(0.50)+HARD_RISK_CAP(2.0%)+MAXLOSS_CAP;213078.63;213086.67;33;0
2026.08.14 15:25:50;XAUUSD;5;1786669233;PROFIT_RATCHET_LOCKED;floor=3.10 peak=9.20;MANAGE_PROFIT;SAFE;1;1;1;-1;-1;4392.13;7.96;7.96;9.20;-3.68;KELLY_LITE;true;0.04;213078.63;0.0417;KELLY_LITE(mult=1.30 taper=1.00 n=20)+CONSEC_REDUCE(0.50)+HARD_RISK_CAP(2.0%)+MAXLOSS_CAP;213078.63;213086.59;33;0
2026.08.14 15:25:50;XAUUSD;5;1786669233;PROFIT_RATCHET_LOCKED;floor=3.10 peak=9.20;MANAGE_PROFIT;SAFE;1;1;1;-1;-1;4392.13;8.16;8.16;9.20;-3.68;KELLY_LITE;true;0.04;213078.63;0.0417;KELLY_LITE(mult=1.30 taper=1.00 n=20)+CONSEC_REDUCE(0.50)+HARD_RISK_CAP(2.0%)+MAXLOSS_CAP;213078.63;213086.79;30;0
2026.08.14 15:25:51;XAUUSD;5;1786669233;PROFIT_RATCHET_LOCKED;floor=3.10 peak=9.20;MANAGE_PROFIT;SAFE;1;1;1;-1;-1;4392.13;7.40;7.40;9.20;-3.68;KELLY_LITE;true;0.04;213078.63;0.0417;KELLY_LITE(mult=1.30 taper=1.00 n=20)+CONSEC_REDUCE(0.50)+HARD_RISK_CAP(2.0%)+MAXLOSS_CAP;213078.63;213086.03;31;0
2026.08.14 15:25:51;XAUUSD;5;1786669233;RECONCILED_BROKER_CLOSE;ticket=119547825 type=main pnl=6.56;MANAGE_PROFIT;SAFE;0;1;1;-1;-1;4392.13;0.00;0.00;9.20;-3.68;KELLY_LITE;true;0.04;213078.63;0.0417;KELLY_LITE(mult=1.30 taper=1.00 n=20)+CONSEC_REDUCE(0.50)+HARD_RISK_CAP(2.0%)+MAXLOSS_CAP;213085.19;213085.19;30;0
2026.08.14 15:25:51;XAUUSD;5;1786669233;PENDING_DELETED;ticket=119547946 reason=main_gone_hedge_pending;WAIT_TRIGGER;SAFE;0;0;1;-1;-1;4392.13;0.00;0.00;9.20;-3.68;KELLY_LITE;true;0.04;213078.63;0.0417;KELLY_LITE(mult=1.30 taper=1.00 n=20)+CONSEC_REDUCE(0.50)+HARD_RISK_CAP(2.0%)+MAXLOSS_CAP;213085.19;213085.19;30;0
2026.08.14 15:25:51;XAUUSD;5;1786669233;HEDGE_PENDING_CLEANUP;main_position_gone;WAIT_TRIGGER;SAFE;0;0;1;-1;-1;4392.13;0.00;0.00;9.20;-3.68;KELLY_LITE;true;0.04;213078.63;0.0417;KELLY_LITE(mult=1.30 taper=1.00 n=20)+CONSEC_REDUCE(0.50)+HARD_RISK_CAP(2.0%)+MAXLOSS_CAP;213085.19;213085.19;30;0
2026.08.14 15:25:51;XAUUSD;5;1786669233;CYCLE_RESET;oldState=WAIT_TRIGGER realizedPnL=6.56 peak=9.20 worst=-3.68 pyramid=1 consLosses=0;WAIT_TRIGGER;SAFE;0;0;1;-1;-1;4392.13;0.00;0.00;9.20;-3.68;KELLY_LITE;true;0.04;213078.63;0.0417;KELLY_LITE(mult=1.30 taper=1.00 n=20)+CONSEC_REDUCE(0.50)+HARD_RISK_CAP(2.0%)+MAXLOSS_CAP;213085.19;213085.19;30;0
2026.08.14 15:30:51;XAUUSD;5;1786669234;PLACE_PENDING_START;cycle=1786669234 trend=1 consecLosses=0 preset=AGGRESSIVE;PLACE_PENDING;SAFE;0;0;0;-1;-1;0.00;0.00;0.00;0.00;0.00;KELLY_LITE;true;0.04;213078.63;0.0417;KELLY_LITE(mult=1.30 taper=1.00 n=20)+CONSEC_REDUCE(0.50)+HARD_RISK_CAP(2.0%)+MAXLOSS_CAP;213085.19;213085.19;33;0
2026.08.14 15:30:51;XAUUSD;5;1786669234;DIR_OCO_PLACED;dir=BULL ticket=119548548 price=4391.34 sl=4376.34 tp=4413.84 lot=0.04 dist=2.20;PLACE_PENDING;SAFE;0;1;0;119548548;-1;0.00;0.00;0.00;0.00;0.00;KELLY_LITE;true;0.04;213085.19;0.0417;KELLY_LITE(mult=1.30 taper=1.00 n=20)+HARD_RISK_CAP(2.0%)+MAXLOSS_CAP;213085.19;213085.19;33;0
2026.08.14 15:30:51;XAUUSD;5;1786669234;DIR_OCO_COUNTER_PLACED;dir=BEAR(counter) ticket=119548549 price=4386.56 lot=0.03;PLACE_PENDING;SAFE;0;2;0;119548548;119548549;0.00;0.00;0.00;0.00;0.00;KELLY_LITE;true;0.04;213085.19;0.0417;KELLY_LITE(mult=1.30 taper=1.00 n=20)+HARD_RISK_CAP(2.0%)+MAXLOSS_CAP;213085.19;213085.19;33;0
2026.08.14 15:31:00;XAUUSD;5;1786669234;BUY_STOP_TRAILED;Old=4391.34 New=4391.00;WAIT_TRIGGER;SAFE;0;2;0;119548548;119548549;0.00;0.00;0.00;0.00;0.00;KELLY_LITE;true;0.04;213085.19;0.0417;KELLY_LITE(mult=1.30 taper=1.00 n=20)+HARD_RISK_CAP(2.0%)+MAXLOSS_CAP;213085.19;213085.19;33;0
2026.08.14 15:31:11;XAUUSD;5;1786669234;SELL_STOP_TRAILED;Old=4386.56 New=4386.91;WAIT_TRIGGER;SAFE;0;2;0;119548548;119548549;0.00;0.00;0.00;0.00;0.00;KELLY_LITE;true;0.04;213085.19;0.0417;KELLY_LITE(mult=1.30 taper=1.00 n=20)+HARD_RISK_CAP(2.0%)+MAXLOSS_CAP;213085.19;213085.19;33;0
2026.08.14 15:31:14;XAUUSD;5;1786669234;SELL_STOP_TRAILED;Old=4386.91 New=4387.25;WAIT_TRIGGER;SAFE;0;2;0;119548548;119548549;0.00;0.00;0.00;0.00;0.00;KELLY_LITE;true;0.04;213085.19;0.0417;KELLY_LITE(mult=1.30 taper=1.00 n=20)+HARD_RISK_CAP(2.0%)+MAXLOSS_CAP;213085.19;213085.19;33;0
2026.08.14 15:31:27;XAUUSD;5;1786669234;SELL_STOP_TRAILED;Old=4387.25 New=4387.58;WAIT_TRIGGER;SAFE;0;2;0;119548548;119548549;0.00;0.00;0.00;0.00;0.00;KELLY_LITE;true;0.04;213085.19;0.0417;KELLY_LITE(mult=1.30 taper=1.00 n=20)+HARD_RISK_CAP(2.0%)+MAXLOSS_CAP;213085.19;213085.19;32;0
2026.08.14 15:31:32;XAUUSD;5;1786669234;SELL_STOP_TRAILED;Old=4387.58 New=4387.94;WAIT_TRIGGER;SAFE;0;2;0;119548548;119548549;0.00;0.00;0.00;0.00;0.00;KELLY_LITE;true;0.04;213085.19;0.0417;KELLY_LITE(mult=1.30 taper=1.00 n=20)+HARD_RISK_CAP(2.0%)+MAXLOSS_CAP;213085.19;213085.19;33;0
2026.08.14 15:31:40;XAUUSD;5;1786669234;SELL_STOP_TRAILED;Old=4387.94 New=4388.32;WAIT_TRIGGER;SAFE;0;2;0;119548548;119548549;0.00;0.00;0.00;0.00;0.00;KELLY_LITE;true;0.04;213085.19;0.0417;KELLY_LITE(mult=1.30 taper=1.00 n=20)+HARD_RISK_CAP(2.0%)+MAXLOSS_CAP;213085.19;213085.19;33;0
2026.08.14 15:31:42;XAUUSD;5;1786669234;OCO_TRIGGERED_BUY;ticket=119548548 entry=4391.00;POSITION_ACTIVE;SAFE;1;1;0;-1;119548549;0.00;-0.92;-0.92;0.00;0.00;KELLY_LITE;true;0.04;213085.19;0.0417;KELLY_LITE(mult=1.30 taper=1.00 n=20)+HARD_RISK_CAP(2.0%)+MAXLOSS_CAP;213085.19;213084.27;30;0
2026.08.14 15:31:43;XAUUSD;5;1786669234;PENDING_DELETED;ticket=119548549 reason=oco_buy_triggered;POSITION_ACTIVE;SAFE;1;0;0;-1;119548549;0.00;-0.76;-0.76;0.00;0.00;KELLY_LITE;true;0.04;213085.19;0.0417;KELLY_LITE(mult=1.30 taper=1.00 n=20)+HARD_RISK_CAP(2.0%)+MAXLOSS_CAP;213085.19;213084.43;33;0
2026.08.14 15:31:43;XAUUSD;5;1786669234;HEDGE_PENDING_PLACED;dir=SELL_STOP ticket=119548650 price=4387.81 sl=4390.81 lot=0.05 mainEntry=4391.00 dist=3.00 confirmBars=1;POSITION_ACTIVE;SAFE;1;1;1;-1;-1;4391.00;-0.64;-0.64;0.00;-0.76;KELLY_LITE;true;0.04;213085.19;0.0417;KELLY_LITE(mult=1.30 taper=1.00 n=20)+HARD_RISK_CAP(2.0%)+MAXLOSS_CAP;213085.19;213084.55;33;0
2026.08.14 15:34:18;XAUUSD;5;1786669234;POSITION_CLOSED;ticket=119548650 reason=hedge_reversal_giveback_cap lots=0.05 price=4388.01 pnl=-1.00;MANAGE_PROFIT;SAFE;1;0;1;-1;-1;4391.00;-13.28;-13.28;0.00;-14.97;KELLY_LITE;true;0.04;213085.19;0.0417;KELLY_LITE(mult=1.30 taper=1.00 n=20)+HARD_RISK_CAP(2.0%)+MAXLOSS_CAP;213084.19;213070.91;33;0
2026.08.14 15:34:18;XAUUSD;5;1786669234;HEDGE_CLOSED_REVERSAL;profit=-1.00 peak=1.50 giveback=2.50 cap=2.50 reason=giveback_cap ok=1;MANAGE_PROFIT;SAFE;1;0;1;-1;-1;4391.00;-13.28;-13.28;0.00;-14.97;KELLY_LITE;true;0.04;213085.19;0.0417;KELLY_LITE(mult=1.30 taper=1.00 n=20)+HARD_RISK_CAP(2.0%)+MAXLOSS_CAP;213084.19;213070.91;33;0
2026.08.14 15:39:42;XAUUSD;5;1786669234;EXIT_TIME_LOSS_CONFIRMED;held=8 profit=-15.96 rsi=54.8;MANAGE_PROFIT;SAFE;1;0;1;-1;-1;4391.00;-15.96;-15.96;0.00;-27.72;KELLY_LITE;true;0.04;213085.19;0.0417;KELLY_LITE(mult=1.30 taper=1.00 n=20)+HARD_RISK_CAP(2.0%)+MAXLOSS_CAP;213084.19;213068.23;33;0
2026.08.14 15:39:42;XAUUSD;5;1786669234;POSITION_CLOSED;ticket=119548548 reason=time_loss_exit_confirmed lots=0.04 price=4387.01 pnl=-15.96;MANAGE_PROFIT;SAFE;0;0;1;-1;-1;4391.00;0.00;0.00;0.00;-27.72;KELLY_LITE;true;0.04;213085.19;0.0417;KELLY_LITE(mult=1.30 taper=1.00 n=20)+HARD_RISK_CAP(2.0%)+MAXLOSS_CAP;213067.15;213067.15;33;0
2026.08.14 15:39:42;XAUUSD;5;1786669234;LOSS_COOLDOWN_AFTER_LOSS;cyclePnL=-18.04 pauseUntil=2026.08.14 15:44:42;RESET;SAFE;0;0;0;-1;-1;4391.00;0.00;0.00;0.00;-27.72;KELLY_LITE;true;0.04;213085.19;0.0417;KELLY_LITE(mult=1.30 taper=1.00 n=20)+HARD_RISK_CAP(2.0%)+MAXLOSS_CAP;213067.15;213067.15;33;0
2026.08.14 15:39:42;XAUUSD;5;1786669234;CYCLE_RESET;oldState=RESET realizedPnL=-18.04 peak=0.00 worst=-27.72 pyramid=0 consLosses=1;RESET;SAFE;0;0;0;-1;-1;4391.00;0.00;0.00;0.00;-27.72;KELLY_LITE;true;0.04;213085.19;0.0417;KELLY_LITE(mult=1.30 taper=1.00 n=20)+HARD_RISK_CAP(2.0%)+MAXLOSS_CAP;213067.15;213067.15;33;0
2026.08.14 15:44:42;XAUUSD;5;1786669235;PLACE_PENDING_START;cycle=1786669235 trend=1 consecLosses=1 preset=AGGRESSIVE;PLACE_PENDING;SAFE;0;0;0;-1;-1;0.00;0.00;0.00;0.00;0.00;KELLY_LITE;true;0.04;213085.19;0.0417;KELLY_LITE(mult=1.30 taper=1.00 n=20)+HARD_RISK_CAP(2.0%)+MAXLOSS_CAP;213067.15;213067.15;30;0
2026.08.14 15:44:42;XAUUSD;5;1786669235;DIR_OCO_PLACED;dir=BULL ticket=119549826 price=4387.25 sl=4372.25 tp=4409.75 lot=0.04 dist=2.26;PLACE_PENDING;SAFE;0;1;0;119549826;-1;0.00;0.00;0.00;0.00;0.00;KELLY_LITE;true;0.04;213067.15;0.0417;KELLY_LITE(mult=1.30 taper=1.00 n=20)+HARD_RISK_CAP(2.0%)+MAXLOSS_CAP;213067.15;213067.15;31;0
2026.08.14 15:44:43;XAUUSD;5;1786669235;DIR_OCO_COUNTER_PLACED;dir=BEAR(counter) ticket=119549831 price=4382.36 lot=0.03;PLACE_PENDING;SAFE;0;2;0;119549826;119549831;0.00;0.00;0.00;0.00;0.00;KELLY_LITE;true;0.04;213067.15;0.0417;KELLY_LITE(mult=1.30 taper=1.00 n=20)+HARD_RISK_CAP(2.0%)+MAXLOSS_CAP;213067.15;213067.15;33;0
2026.08.14 15:44:46;XAUUSD;5;1786669235;BUY_STOP_TRAILED;Old=4387.25 New=4386.93;WAIT_TRIGGER;SAFE;0;2;0;119549826;119549831;0.00;0.00;0.00;0.00;0.00;KELLY_LITE;true;0.04;213067.15;0.0417;KELLY_LITE(mult=1.30 taper=1.00 n=20)+HARD_RISK_CAP(2.0%)+MAXLOSS_CAP;213067.15;213067.15;32;0
2026.08.14 15:45:00;XAUUSD;5;1786669235;BUY_STOP_TRAILED;Old=4386.93 New=4386.60;WAIT_TRIGGER;SAFE;0;2;0;119549826;119549831;0.00;0.00;0.00;0.00;0.00;KELLY_LITE;true;0.04;213067.15;0.0417;KELLY_LITE(mult=1.30 taper=1.00 n=20)+HARD_RISK_CAP(2.0%)+MAXLOSS_CAP;213067.15;213067.15;33;0
2026.08.14 15:45:05;XAUUSD;5;1786669235;BUY_STOP_TRAILED;Old=4386.60 New=4386.22;WAIT_TRIGGER;SAFE;0;2;0;119549826;119549831;0.00;0.00;0.00;0.00;0.00;KELLY_LITE;true;0.04;213067.15;0.0417;KELLY_LITE(mult=1.30 taper=1.00 n=20)+HARD_RISK_CAP(2.0%)+MAXLOSS_CAP;213067.15;213067.15;37;0
2026.08.14 15:45:05;XAUUSD;5;1786669235;BUY_STOP_TRAILED;Old=4386.22 New=4385.43;WAIT_TRIGGER;SAFE;0;2;0;119549826;119549831;0.00;0.00;0.00;0.00;0.00;KELLY_LITE;true;0.04;213067.15;0.0417;KELLY_LITE(mult=1.30 taper=1.00 n=20)+HARD_RISK_CAP(2.0%)+MAXLOSS_CAP;213067.15;213067.15;33;0
2026.08.14 15:45:12;XAUUSD;5;1786669235;BUY_STOP_TRAILED;Old=4385.43 New=4385.11;WAIT_TRIGGER;SAFE;0;2;0;119549826;119549831;0.00;0.00;0.00;0.00;0.00;KELLY_LITE;true;0.04;213067.15;0.0417;KELLY_LITE(mult=1.30 taper=1.00 n=20)+HARD_RISK_CAP(2.0%)+MAXLOSS_CAP;213067.15;213067.15;33;0
2026.08.14 15:45:12;XAUUSD;5;1786669235;OCO_TRIGGERED_SELL;ticket=119549831 entry=4382.36;POSITION_ACTIVE;SAFE;1;1;0;119549826;-1;0.00;-0.99;-0.99;0.00;0.00;KELLY_LITE;true;0.04;213067.15;0.0417;KELLY_LITE(mult=1.30 taper=1.00 n=20)+HARD_RISK_CAP(2.0%)+MAXLOSS_CAP;213067.15;213066.16;33;0
2026.08.14 15:45:13;XAUUSD;5;1786669235;PENDING_DELETED;ticket=119549826 reason=oco_sell_triggered;POSITION_ACTIVE;SAFE;1;0;0;119549826;-1;0.00;-1.26;-1.26;0.00;0.00;KELLY_LITE;true;0.04;213067.15;0.0417;KELLY_LITE(mult=1.30 taper=1.00 n=20)+HARD_RISK_CAP(2.0%)+MAXLOSS_CAP;213067.15;213065.89;33;0
2026.08.14 15:45:13;XAUUSD;5;1786669235;HEDGE_PENDING_PLACED;dir=BUY_STOP ticket=119549893 price=4385.78 sl=4382.78 lot=0.05 mainEntry=4382.36 dist=3.00 confirmBars=1;POSITION_ACTIVE;SAFE;1;1;1;-1;-1;4382.36;-1.17;-1.17;0.00;-1.26;KELLY_LITE;true;0.04;213067.15;0.0417;KELLY_LITE(mult=1.30 taper=1.00 n=20)+HARD_RISK_CAP(2.0%)+MAXLOSS_CAP;213067.15;213065.98;33;0
2026.08.14 15:47:10;XAUUSD;5;1786669235;SL_MODIFIED;ticket=119549831 oldSL=4397.36 newSL=4380.29 reason=break_even_lock_leg_0 (retry buf=3pt);MANAGE_PROFIT;SAFE;1;1;1;-1;-1;4382.36;7.83;7.83;8.10;-3.57;KELLY_LITE;true;0.04;213067.15;0.0417;KELLY_LITE(mult=1.30 taper=1.00 n=20)+HARD_RISK_CAP(2.0%)+MAXLOSS_CAP;213067.15;213074.98;30;0
2026.08.14 15:47:10;XAUUSD;5;1786669235;PROFIT_RATCHET_LOCKED;floor=3.44 peak=8.10;MANAGE_PROFIT;SAFE;1;1;1;-1;-1;4382.36;7.83;7.83;8.10;-3.57;KELLY_LITE;true;0.04;213067.15;0.0417;KELLY_LITE(mult=1.30 taper=1.00 n=20)+HARD_RISK_CAP(2.0%)+MAXLOSS_CAP;213067.15;213074.98;30;0
2026.08.14 15:47:10;XAUUSD;5;1786669235;PROFIT_RATCHET_LOCKED;floor=3.44 peak=8.10;MANAGE_PROFIT;SAFE;1;1;1;-1;-1;4382.36;7.83;7.83;8.10;-3.57;KELLY_LITE;true;0.04;213067.15;0.0417;KELLY_LITE(mult=1.30 taper=1.00 n=20)+HARD_RISK_CAP(2.0%)+MAXLOSS_CAP;213067.15;213074.98;30;0
2026.08.14 15:47:11;XAUUSD;5;1786669235;SL_MODIFIED;ticket=119549831 oldSL=4380.29 newSL=4380.21 reason=break_even_lock_leg_0;MANAGE_PROFIT;SAFE;1;1;1;-1;-1;4382.36;8.13;8.13;8.10;-3.57;KELLY_LITE;true;0.04;213067.15;0.0417;KELLY_LITE(mult=1.30 taper=1.00 n=20)+HARD_RISK_CAP(2.0%)+MAXLOSS_CAP;213067.15;213075.28;30;0
2026.08.14 15:47:11;XAUUSD;5;1786669235;PROFIT_RATCHET_LOCKED;floor=3.44 peak=8.10;MANAGE_PROFIT;SAFE;1;1;1;-1;-1;4382.36;8.13;8.13;8.10;-3.57;KELLY_LITE;true;0.04;213067.15;0.0417;KELLY_LITE(mult=1.30 taper=1.00 n=20)+HARD_RISK_CAP(2.0%)+MAXLOSS_CAP;213067.15;213075.28;30;0
2026.08.14 15:47:11;XAUUSD;5;1786669235;SL_MODIFIED;ticket=119549831 oldSL=4380.21 newSL=4380.17 reason=break_even_lock_leg_0;MANAGE_PROFIT;SAFE;1;1;1;-1;-1;4382.36;8.13;8.13;8.13;-3.57;KELLY_LITE;true;0.04;213067.15;0.0417;KELLY_LITE(mult=1.30 taper=1.00 n=20)+HARD_RISK_CAP(2.0%)+MAXLOSS_CAP;213067.15;213075.28;31;0
2026.08.14 15:47:11;XAUUSD;5;1786669235;PROFIT_RATCHET_LOCKED;floor=3.46 peak=8.13;MANAGE_PROFIT;SAFE;1;1;1;-1;-1;4382.36;8.13;8.13;8.13;-3.57;KELLY_LITE;true;0.04;213067.15;0.0417;KELLY_LITE(mult=1.30 taper=1.00 n=20)+HARD_RISK_CAP(2.0%)+MAXLOSS_CAP;213067.15;213075.28;31;0
2026.08.14 15:47:11;XAUUSD;5;1786669235;PROFIT_RATCHET_LOCKED;floor=3.46 peak=8.13;MANAGE_PROFIT;SAFE;1;1;1;-1;-1;4382.36;8.13;8.13;8.13;-3.57;KELLY_LITE;true;0.04;213067.15;0.0417;KELLY_LITE(mult=1.30 taper=1.00 n=20)+HARD_RISK_CAP(2.0%)+MAXLOSS_CAP;213067.15;213075.28;31;0
2026.08.14 15:47:12;XAUUSD;5;1786669235;PROFIT_RATCHET_LOCKED;floor=3.46 peak=8.13;MANAGE_PROFIT;SAFE;1;1;1;-1;-1;4382.36;8.07;8.07;8.13;-3.57;KELLY_LITE;true;0.04;213067.15;0.0417;KELLY_LITE(mult=1.30 taper=1.00 n=20)+HARD_RISK_CAP(2.0%)+MAXLOSS_CAP;213067.15;213075.22;33;0
2026.08.14 15:47:12;XAUUSD;5;1786669235;PROFIT_RATCHET_LOCKED;floor=3.46 peak=8.13;MANAGE_PROFIT;SAFE;1;1;1;-1;-1;4382.36;7.95;7.95;8.13;-3.57;KELLY_LITE;true;0.04;213067.15;0.0417;KELLY_LITE(mult=1.30 taper=1.00 n=20)+HARD_RISK_CAP(2.0%)+MAXLOSS_CAP;213067.15;213075.10;32;0
2026.08.14 15:47:12;XAUUSD;5;1786669235;PROFIT_RATCHET_LOCKED;floor=3.46 peak=8.13;MANAGE_PROFIT;SAFE;1;1;1;-1;-1;4382.36;7.89;7.89;8.13;-3.57;KELLY_LITE;true;0.04;213067.15;0.0417;KELLY_LITE(mult=1.30 taper=1.00 n=20)+HARD_RISK_CAP(2.0%)+MAXLOSS_CAP;213067.15;213075.04;33;0
2026.08.14 15:47:12;XAUUSD;5;1786669235;PROFIT_RATCHET_LOCKED;floor=3.46 peak=8.13;MANAGE_PROFIT;SAFE;1;1;1;-1;-1;4382.36;7.44;7.44;8.13;-3.57;KELLY_LITE;true;0.04;213067.15;0.0417;KELLY_LITE(mult=1.30 taper=1.00 n=20)+HARD_RISK_CAP(2.0%)+MAXLOSS_CAP;213067.15;213074.59;32;0
2026.08.14 15:47:12;XAUUSD;5;1786669235;PROFIT_RATCHET_LOCKED;floor=3.46 peak=8.13;MANAGE_PROFIT;SAFE;1;1;1;-1;-1;4382.36;7.29;7.29;8.13;-3.57;KELLY_LITE;true;0.04;213067.15;0.0417;KELLY_LITE(mult=1.30 taper=1.00 n=20)+HARD_RISK_CAP(2.0%)+MAXLOSS_CAP;213067.15;213074.44;33;0
2026.08.14 15:47:13;XAUUSD;5;1786669235;PROFIT_RATCHET_LOCKED;floor=3.46 peak=8.13;MANAGE_PROFIT;SAFE;1;1;1;-1;-1;4382.36;7.32;7.32;8.13;-3.57;KELLY_LITE;true;0.04;213067.15;0.0417;KELLY_LITE(mult=1.30 taper=1.00 n=20)+HARD_RISK_CAP(2.0%)+MAXLOSS_CAP;213067.15;213074.47;33;0
2026.08.14 15:47:13;XAUUSD;5;1786669235;PROFIT_RATCHET_LOCKED;floor=3.46 peak=8.13;MANAGE_PROFIT;SAFE;1;1;1;-1;-1;4382.36;7.29;7.29;8.13;-3.57;KELLY_LITE;true;0.04;213067.15;0.0417;KELLY_LITE(mult=1.30 taper=1.00 n=20)+HARD_RISK_CAP(2.0%)+MAXLOSS_CAP;213067.15;213074.44;33;0
2026.08.14 15:47:13;XAUUSD;5;1786669235;PROFIT_RATCHET_LOCKED;floor=3.46 peak=8.13;MANAGE_PROFIT;SAFE;1;1;1;-1;-1;4382.36;7.08;7.08;8.13;-3.57;KELLY_LITE;true;0.04;213067.15;0.0417;KELLY_LITE(mult=1.30 taper=1.00 n=20)+HARD_RISK_CAP(2.0%)+MAXLOSS_CAP;213067.15;213074.23;33;0
2026.08.14 15:47:13;XAUUSD;5;1786669235;PROFIT_RATCHET_LOCKED;floor=3.46 peak=8.13;MANAGE_PROFIT;SAFE;1;1;1;-1;-1;4382.36;7.71;7.71;8.13;-3.57;KELLY_LITE;true;0.04;213067.15;0.0417;KELLY_LITE(mult=1.30 taper=1.00 n=20)+HARD_RISK_CAP(2.0%)+MAXLOSS_CAP;213067.15;213074.86;37;0
2026.08.14 15:47:14;XAUUSD;5;1786669235;PROFIT_RATCHET_LOCKED;floor=3.46 peak=8.13;MANAGE_PROFIT;SAFE;1;1;1;-1;-1;4382.36;7.80;7.80;8.13;-3.57;KELLY_LITE;true;0.04;213067.15;0.0417;KELLY_LITE(mult=1.30 taper=1.00 n=20)+HARD_RISK_CAP(2.0%)+MAXLOSS_CAP;213067.15;213074.95;33;0
2026.08.14 15:47:14;XAUUSD;5;1786669235;PROFIT_RATCHET_LOCKED;floor=3.46 peak=8.13;MANAGE_PROFIT;SAFE;1;1;1;-1;-1;4382.36;7.74;7.74;8.13;-3.57;KELLY_LITE;true;0.04;213067.15;0.0417;KELLY_LITE(mult=1.30 taper=1.00 n=20)+HARD_RISK_CAP(2.0%)+MAXLOSS_CAP;213067.15;213074.89;33;0
2026.08.14 15:47:14;XAUUSD;5;1786669235;PROFIT_RATCHET_LOCKED;floor=3.46 peak=8.13;MANAGE_PROFIT;SAFE;1;1;1;-1;-1;4382.36;7.71;7.71;8.13;-3.57;KELLY_LITE;true;0.04;213067.15;0.0417;KELLY_LITE(mult=1.30 taper=1.00 n=20)+HARD_RISK_CAP(2.0%)+MAXLOSS_CAP;213067.15;213074.86;33;0
2026.08.14 15:47:14;XAUUSD;5;1786669235;PROFIT_RATCHET_LOCKED;floor=3.46 peak=8.13;MANAGE_PROFIT;SAFE;1;1;1;-1;-1;4382.36;7.65;7.65;8.13;-3.57;KELLY_LITE;true;0.04;213067.15;0.0417;KELLY_LITE(mult=1.30 taper=1.00 n=20)+HARD_RISK_CAP(2.0%)+MAXLOSS_CAP;213067.15;213074.80;31;0
2026.08.14 15:47:14;XAUUSD;5;1786669235;PROFIT_RATCHET_LOCKED;floor=3.46 peak=8.13;MANAGE_PROFIT;SAFE;1;1;1;-1;-1;4382.36;6.96;6.96;8.13;-3.57;KELLY_LITE;true;0.04;213067.15;0.0417;KELLY_LITE(mult=1.30 taper=1.00 n=20)+HARD_RISK_CAP(2.0%)+MAXLOSS_CAP;213067.15;213074.11;33;0
2026.08.14 15:47:15;XAUUSD;5;1786669235;PROFIT_RATCHET_LOCKED;floor=3.46 peak=8.13;MANAGE_PROFIT;SAFE;1;1;1;-1;-1;4382.36;6.93;6.93;8.13;-3.57;KELLY_LITE;true;0.04;213067.15;0.0417;KELLY_LITE(mult=1.30 taper=1.00 n=20)+HARD_RISK_CAP(2.0%)+MAXLOSS_CAP;213067.15;213074.08;33;0
2026.08.14 15:47:15;XAUUSD;5;1786669235;PROFIT_RATCHET_LOCKED;floor=3.46 peak=8.13;MANAGE_PROFIT;SAFE;1;1;1;-1;-1;4382.36;6.96;6.96;8.13;-3.57;KELLY_LITE;true;0.04;213067.15;0.0417;KELLY_LITE(mult=1.30 taper=1.00 n=20)+HARD_RISK_CAP(2.0%)+MAXLOSS_CAP;213067.15;213074.11;33;0
2026.08.14 15:47:15;XAUUSD;5;1786669235;PROFIT_RATCHET_LOCKED;floor=3.46 peak=8.13;MANAGE_PROFIT;SAFE;1;1;1;-1;-1;4382.36;7.23;7.23;8.13;-3.57;KELLY_LITE;true;0.04;213067.15;0.0417;KELLY_LITE(mult=1.30 taper=1.00 n=20)+HARD_RISK_CAP(2.0%)+MAXLOSS_CAP;213067.15;213074.38;33;0
2026.08.14 15:47:15;XAUUSD;5;1786669235;PROFIT_RATCHET_LOCKED;floor=3.46 peak=8.13;MANAGE_PROFIT;SAFE;1;1;1;-1;-1;4382.36;7.17;7.17;8.13;-3.57;KELLY_LITE;true;0.04;213067.15;0.0417;KELLY_LITE(mult=1.30 taper=1.00 n=20)+HARD_RISK_CAP(2.0%)+MAXLOSS_CAP;213067.15;213074.32;33;0
2026.08.14 15:47:16;XAUUSD;5;1786669235;PROFIT_RATCHET_LOCKED;floor=3.46 peak=8.13;MANAGE_PROFIT;SAFE;1;1;1;-1;-1;4382.36;6.99;6.99;8.13;-3.57;KELLY_LITE;true;0.04;213067.15;0.0417;KELLY_LITE(mult=1.30 taper=1.00 n=20)+HARD_RISK_CAP(2.0%)+MAXLOSS_CAP;213067.15;213074.14;33;0
2026.08.14 15:47:16;XAUUSD;5;1786669235;EXIT_TIERED_TRAIL;profit=6.90 peak=8.13 allowedRetrace=1.22;MANAGE_PROFIT;SAFE;1;1;1;-1;-1;4382.36;6.90;6.90;8.13;-3.57;KELLY_LITE;true;0.04;213067.15;0.0417;KELLY_LITE(mult=1.30 taper=1.00 n=20)+HARD_RISK_CAP(2.0%)+MAXLOSS_CAP;213067.15;213074.05;33;0
2026.08.14 15:47:17;XAUUSD;5;1786669235;POSITION_CLOSED;ticket=119549831 reason=tiered_profit_trail lots=0.03 price=4380.06 pnl=6.90;MANAGE_PROFIT;SAFE;0;1;1;-1;-1;4382.36;0.00;0.00;8.13;-3.57;KELLY_LITE;true;0.04;213067.15;0.0417;KELLY_LITE(mult=1.30 taper=1.00 n=20)+HARD_RISK_CAP(2.0%)+MAXLOSS_CAP;213073.84;213073.84;33;0
2026.08.14 15:47:17;XAUUSD;5;1786669235;PENDING_DELETED;ticket=119549893 reason=close_all_hedge;MANAGE_PROFIT;SAFE;0;0;0;-1;-1;4382.36;0.00;0.00;8.13;-3.57;KELLY_LITE;true;0.04;213067.15;0.0417;KELLY_LITE(mult=1.30 taper=1.00 n=20)+HARD_RISK_CAP(2.0%)+MAXLOSS_CAP;213073.84;213073.84;37;0
2026.08.14 15:47:17;XAUUSD;5;1786669235;CYCLE_RESET;oldState=RESET realizedPnL=6.69 peak=8.13 worst=-3.57 pyramid=0 consLosses=0;RESET;SAFE;0;0;0;-1;-1;4382.36;0.00;0.00;8.13;-3.57;KELLY_LITE;true;0.04;213067.15;0.0417;KELLY_LITE(mult=1.30 taper=1.00 n=20)+HARD_RISK_CAP(2.0%)+MAXLOSS_CAP;213073.84;213073.84;37;0
2026.08.14 15:52:17;XAUUSD;5;1786669235;FILTER_BLOCK_TREND_DISAGREE;TREND_DISAGREE (main=1 fast=-1 rsi=47.3, no extreme);BLOCKED;SAFE;0;0;0;-1;-1;0.00;0.00;0.00;0.00;0.00;KELLY_LITE;true;0.04;213067.15;0.0417;KELLY_LITE(mult=1.30 taper=1.00 n=20)+HARD_RISK_CAP(2.0%)+MAXLOSS_CAP;213073.84;213073.84;30;0
2026.08.14 15:57:17;XAUUSD;5;1786669235;FILTER_BLOCK_TREND_DISAGREE;TREND_DISAGREE (main=1 fast=-1 rsi=48.5, no extreme);BLOCKED;SAFE;0;0;0;-1;-1;0.00;0.00;0.00;0.00;0.00;KELLY_LITE;true;0.04;213067.15;0.0417;KELLY_LITE(mult=1.30 taper=1.00 n=20)+HARD_RISK_CAP(2.0%)+MAXLOSS_CAP;213073.84;213073.84;33;0
2026.08.14 16:02:17;XAUUSD;5;1786669235;FILTER_BLOCK_TREND_DISAGREE;TREND_DISAGREE (main=1 fast=-1 rsi=48.4, no extreme);BLOCKED;SAFE;0;0;0;-1;-1;0.00;0.00;0.00;0.00;0.00;KELLY_LITE;true;0.04;213067.15;0.0417;KELLY_LITE(mult=1.30 taper=1.00 n=20)+HARD_RISK_CAP(2.0%)+MAXLOSS_CAP;213073.84;213073.84;33;0
2026.08.14 16:07:17;XAUUSD;5;1786669236;PLACE_PENDING_START;cycle=1786669236 trend=1 consecLosses=0 preset=AGGRESSIVE;PLACE_PENDING;SAFE;0;0;0;-1;-1;0.00;0.00;0.00;0.00;0.00;KELLY_LITE;true;0.04;213067.15;0.0417;KELLY_LITE(mult=1.30 taper=1.00 n=20)+HARD_RISK_CAP(2.0%)+MAXLOSS_CAP;213073.84;213073.84;33;0
2026.08.14 16:07:17;XAUUSD;5;1786669236;DIR_OCO_PLACED;dir=BULL ticket=119552072 price=4390.08 sl=4375.08 tp=4412.58 lot=0.04 dist=2.14;PLACE_PENDING;SAFE;0;1;0;119552072;-1;0.00;0.00;0.00;0.00;0.00;KELLY_LITE;true;0.04;213073.84;0.0417;KELLY_LITE(mult=1.30 taper=1.00 n=20)+HARD_RISK_CAP(2.0%)+MAXLOSS_CAP;213073.84;213073.84;33;0
2026.08.14 16:07:18;XAUUSD;5;1786669236;DIR_OCO_COUNTER_PLACED;dir=BEAR(counter) ticket=119552073 price=4385.40 lot=0.03;PLACE_PENDING;SAFE;0;2;0;119552072;119552073;0.00;0.00;0.00;0.00;0.00;KELLY_LITE;true;0.04;213073.84;0.0417;KELLY_LITE(mult=1.30 taper=1.00 n=20)+HARD_RISK_CAP(2.0%)+MAXLOSS_CAP;213073.84;213073.84;33;0
2026.08.14 16:07:19;XAUUSD;5;1786669236;BUY_STOP_TRAILED;Old=4390.08 New=4389.68;WAIT_TRIGGER;SAFE;0;2;0;119552072;119552073;0.00;0.00;0.00;0.00;0.00;KELLY_LITE;true;0.04;213073.84;0.0417;KELLY_LITE(mult=1.30 taper=1.00 n=20)+HARD_RISK_CAP(2.0%)+MAXLOSS_CAP;213073.84;213073.84;33;0
2026.08.14 16:07:23;XAUUSD;5;1786669236;SELL_STOP_TRAILED;Old=4385.40 New=4385.76;WAIT_TRIGGER;SAFE;0;2;0;119552072;119552073;0.00;0.00;0.00;0.00;0.00;KELLY_LITE;true;0.04;213073.84;0.0417;KELLY_LITE(mult=1.30 taper=1.00 n=20)+HARD_RISK_CAP(2.0%)+MAXLOSS_CAP;213073.84;213073.84;33;0
2026.08.14 16:07:25;XAUUSD;5;1786669236;SELL_STOP_TRAILED;Old=4385.76 New=4386.09;WAIT_TRIGGER;SAFE;0;2;0;119552072;119552073;0.00;0.00;0.00;0.00;0.00;KELLY_LITE;true;0.04;213073.84;0.0417;KELLY_LITE(mult=1.30 taper=1.00 n=20)+HARD_RISK_CAP(2.0%)+MAXLOSS_CAP;213073.84;213073.84;33;0
2026.08.14 16:07:38;XAUUSD;5;1786669236;SELL_STOP_TRAILED;Old=4386.09 New=4386.41;WAIT_TRIGGER;SAFE;0;2;0;119552072;119552073;0.00;0.00;0.00;0.00;0.00;KELLY_LITE;true;0.04;213073.84;0.0417;KELLY_LITE(mult=1.30 taper=1.00 n=20)+HARD_RISK_CAP(2.0%)+MAXLOSS_CAP;213073.84;213073.84;33;0
2026.08.14 16:08:26;XAUUSD;5;1786669236;SELL_STOP_TRAILED;Old=4386.41 New=4386.72;WAIT_TRIGGER;SAFE;0;2;0;119552072;119552073;0.00;0.00;0.00;0.00;0.00;KELLY_LITE;true;0.04;213073.84;0.0417;KELLY_LITE(mult=1.30 taper=1.00 n=20)+HARD_RISK_CAP(2.0%)+MAXLOSS_CAP;213073.84;213073.84;33;0
2026.08.14 16:09:04;XAUUSD;5;1786669236;BUY_STOP_TRAILED;Old=4389.68 New=4389.17;WAIT_TRIGGER;SAFE;1;1;0;119552072;119552073;0.00;-0.90;-0.90;0.00;0.00;KELLY_LITE;true;0.04;213073.84;0.0417;KELLY_LITE(mult=1.30 taper=1.00 n=20)+HARD_RISK_CAP(2.0%)+MAXLOSS_CAP;213073.84;213072.94;33;0
2026.08.14 16:09:04;XAUUSD;5;1786669236;OCO_TRIGGERED_SELL;ticket=119552073 entry=4386.72;POSITION_ACTIVE;SAFE;1;1;0;119552072;-1;0.00;-0.90;-0.90;0.00;0.00;KELLY_LITE;true;0.04;213073.84;0.0417;KELLY_LITE(mult=1.30 taper=1.00 n=20)+HARD_RISK_CAP(2.0%)+MAXLOSS_CAP;213073.84;213072.94;33;0
2026.08.14 16:09:05;XAUUSD;5;1786669236;PENDING_DELETED;ticket=119552072 reason=oco_sell_triggered;POSITION_ACTIVE;SAFE;1;0;0;119552072;-1;0.00;-1.08;-1.08;0.00;0.00;KELLY_LITE;true;0.04;213073.84;0.0417;KELLY_LITE(mult=1.30 taper=1.00 n=20)+HARD_RISK_CAP(2.0%)+MAXLOSS_CAP;213073.84;213072.76;33;0
2026.08.14 16:09:05;XAUUSD;5;1786669236;HEDGE_PENDING_PLACED;dir=BUY_STOP ticket=119552192 price=4390.08 sl=4387.08 lot=0.05 mainEntry=4386.72 dist=3.00 confirmBars=1;POSITION_ACTIVE;SAFE;1;1;1;-1;-1;4386.72;-0.84;-0.84;0.00;-1.08;KELLY_LITE;true;0.04;213073.84;0.0417;KELLY_LITE(mult=1.30 taper=1.00 n=20)+HARD_RISK_CAP(2.0%)+MAXLOSS_CAP;213073.84;213073.00;33;0
2026.08.14 16:12:58;XAUUSD;5;1786669236;POSITION_CLOSED;ticket=119552192 reason=hedge_trail_close lots=0.05 price=4390.15 pnl=0.35;MANAGE_PROFIT;SAFE;1;0;1;-1;-1;4386.72;-11.04;-11.04;2.73;-11.06;KELLY_LITE;true;0.04;213073.84;0.0417;KELLY_LITE(mult=1.30 taper=1.00 n=20)+HARD_RISK_CAP(2.0%)+MAXLOSS_CAP;213073.79;213062.75;33;0
2026.08.14 16:12:58;XAUUSD;5;1786669236;HEDGE_CLOSED_TRAIL;peak=2.10 close=0.35 threshold=0.63 reason=peak_retrace ok=1;MANAGE_PROFIT;SAFE;1;0;1;-1;-1;4386.72;-11.04;-11.04;2.73;-11.06;KELLY_LITE;true;0.04;213073.84;0.0417;KELLY_LITE(mult=1.30 taper=1.00 n=20)+HARD_RISK_CAP(2.0%)+MAXLOSS_CAP;213073.79;213062.75;33;0
2026.08.14 16:17:04;XAUUSD;5;1786669236;EXIT_TIME_LOSS_CONFIRMED;held=8 profit=-12.21 rsi=58.1;MANAGE_PROFIT;SAFE;1;0;1;-1;-1;4386.72;-12.21;-12.21;2.73;-22.92;KELLY_LITE;true;0.04;213073.84;0.0417;KELLY_LITE(mult=1.30 taper=1.00 n=20)+HARD_RISK_CAP(2.0%)+MAXLOSS_CAP;213073.79;213061.58;37;0
2026.08.14 16:17:05;XAUUSD;5;1786669236;POSITION_CLOSED;ticket=119552073 reason=time_loss_exit_confirmed lots=0.03 price=4390.79 pnl=-12.21;MANAGE_PROFIT;SAFE;0;0;1;-1;-1;4386.72;0.00;0.00;2.73;-22.92;KELLY_LITE;true;0.04;213073.84;0.0417;KELLY_LITE(mult=1.30 taper=1.00 n=20)+HARD_RISK_CAP(2.0%)+MAXLOSS_CAP;213061.58;213061.58;33;0
2026.08.14 16:17:05;XAUUSD;5;1786669236;LOSS_COOLDOWN_AFTER_LOSS;cyclePnL=-12.26 pauseUntil=2026.08.14 16:22:05;RESET;SAFE;0;0;0;-1;-1;4386.72;0.00;0.00;2.73;-22.92;KELLY_LITE;true;0.04;213073.84;0.0417;KELLY_LITE(mult=1.30 taper=1.00 n=20)+HARD_RISK_CAP(2.0%)+MAXLOSS_CAP;213061.58;213061.58;33;0
2026.08.14 16:17:05;XAUUSD;5;1786669236;CYCLE_RESET;oldState=RESET realizedPnL=-12.26 peak=2.73 worst=-22.92 pyramid=0 consLosses=1;RESET;SAFE;0;0;0;-1;-1;4386.72;0.00;0.00;2.73;-22.92;KELLY_LITE;true;0.04;213073.84;0.0417;KELLY_LITE(mult=1.30 taper=1.00 n=20)+HARD_RISK_CAP(2.0%)+MAXLOSS_CAP;213061.58;213061.58;33;0
2026.08.14 16:22:05;XAUUSD;5;1786669237;PLACE_PENDING_START;cycle=1786669237 trend=1 consecLosses=1 preset=AGGRESSIVE;PLACE_PENDING;SAFE;0;0;0;-1;-1;0.00;0.00;0.00;0.00;0.00;KELLY_LITE;true;0.04;213073.84;0.0417;KELLY_LITE(mult=1.30 taper=1.00 n=20)+HARD_RISK_CAP(2.0%)+MAXLOSS_CAP;213061.58;213061.58;33;0
2026.08.14 16:22:05;XAUUSD;5;1786669237;DIR_OCO_PLACED;dir=BULL ticket=119553799 price=4388.00 sl=4373.00 tp=4410.50 lot=0.04 dist=2.19;PLACE_PENDING;SAFE;0;1;0;119553799;-1;0.00;0.00;0.00;0.00;0.00;KELLY_LITE;true;0.04;213061.58;0.0417;KELLY_LITE(mult=1.20 taper=1.00 n=20)+HARD_RISK_CAP(2.0%)+MAXLOSS_CAP;213061.58;213061.58;31;0
2026.08.14 16:22:06;XAUUSD;5;1786669237;DIR_OCO_COUNTER_PLACED;dir=BEAR(counter) ticket=119553800 price=4383.36 lot=0.03;PLACE_PENDING;SAFE;0;2;0;119553799;119553800;0.00;0.00;0.00;0.00;0.00;KELLY_LITE;true;0.04;213061.58;0.0417;KELLY_LITE(mult=1.20 taper=1.00 n=20)+HARD_RISK_CAP(2.0%)+MAXLOSS_CAP;213061.58;213061.58;30;0
2026.08.14 16:22:23;XAUUSD;5;1786669237;BUY_STOP_TRAILED;Old=4388.00 New=4387.63;WAIT_TRIGGER;SAFE;0;2;0;119553799;119553800;0.00;0.00;0.00;0.00;0.00;KELLY_LITE;true;0.04;213061.58;0.0417;KELLY_LITE(mult=1.20 taper=1.00 n=20)+HARD_RISK_CAP(2.0%)+MAXLOSS_CAP;213061.58;213061.58;33;0
2026.08.14 16:22:26;XAUUSD;5;1786669237;BUY_STOP_TRAILED;Old=4387.63 New=4387.32;WAIT_TRIGGER;SAFE;0;2;0;119553799;119553800;0.00;0.00;0.00;0.00;0.00;KELLY_LITE;true;0.04;213061.58;0.0417;KELLY_LITE(mult=1.20 taper=1.00 n=20)+HARD_RISK_CAP(2.0%)+MAXLOSS_CAP;213061.58;213061.58;33;0
2026.08.14 16:22:31;XAUUSD;5;1786669237;BUY_STOP_TRAILED;Old=4387.32 New=4386.93;WAIT_TRIGGER;SAFE;0;2;0;119553799;119553800;0.00;0.00;0.00;0.00;0.00;KELLY_LITE;true;0.04;213061.58;0.0417;KELLY_LITE(mult=1.20 taper=1.00 n=20)+HARD_RISK_CAP(2.0%)+MAXLOSS_CAP;213061.58;213061.58;33;0
2026.08.14 16:22:47;XAUUSD;5;1786669237;BUY_STOP_TRAILED;Old=4386.93 New=4386.55;WAIT_TRIGGER;SAFE;0;2;0;119553799;119553800;0.00;0.00;0.00;0.00;0.00;KELLY_LITE;true;0.04;213061.58;0.0417;KELLY_LITE(mult=1.20 taper=1.00 n=20)+HARD_RISK_CAP(2.0%)+MAXLOSS_CAP;213061.58;213061.58;33;0
2026.08.14 16:23:05;XAUUSD;5;1786669237;BUY_STOP_TRAILED;Old=4386.55 New=4386.24;WAIT_TRIGGER;SAFE;0;2;0;119553799;119553800;0.00;0.00;0.00;0.00;0.00;KELLY_LITE;true;0.04;213061.58;0.0417;KELLY_LITE(mult=1.20 taper=1.00 n=20)+HARD_RISK_CAP(2.0%)+MAXLOSS_CAP;213061.58;213061.58;33;0
2026.08.14 16:23:53;XAUUSD;5;1786669237;SELL_STOP_TRAILED;Old=4383.36 New=4383.71;WAIT_TRIGGER;SAFE;1;1;0;119553799;119553800;0.00;-1.60;-1.60;0.00;0.00;KELLY_LITE;true;0.04;213061.58;0.0417;KELLY_LITE(mult=1.20 taper=1.00 n=20)+HARD_RISK_CAP(2.0%)+MAXLOSS_CAP;213061.58;213059.98;33;0
2026.08.14 16:23:53;XAUUSD;5;1786669237;OCO_TRIGGERED_BUY;ticket=119553799 entry=4386.24;POSITION_ACTIVE;SAFE;1;1;0;-1;119553800;0.00;-1.60;-1.60;0.00;0.00;KELLY_LITE;true;0.04;213061.58;0.0417;KELLY_LITE(mult=1.20 taper=1.00 n=20)+HARD_RISK_CAP(2.0%)+MAXLOSS_CAP;213061.58;213059.98;33;0
2026.08.14 16:23:53;XAUUSD;5;1786669237;PENDING_DELETED;ticket=119553800 reason=oco_buy_triggered;POSITION_ACTIVE;SAFE;1;0;0;-1;119553800;0.00;-2.72;-2.72;0.00;0.00;KELLY_LITE;true;0.04;213061.58;0.0417;KELLY_LITE(mult=1.20 taper=1.00 n=20)+HARD_RISK_CAP(2.0%)+MAXLOSS_CAP;213061.58;213058.86;33;0
2026.08.14 16:23:54;XAUUSD;5;1786669237;HEDGE_PENDING_PLACED;dir=SELL_STOP ticket=119553961 price=4382.56 sl=4385.56 lot=0.05 mainEntry=4386.24 dist=3.00 confirmBars=1;POSITION_ACTIVE;SAFE;1;1;1;-1;-1;4386.24;-2.56;-2.56;0.00;-2.72;KELLY_LITE;true;0.04;213061.58;0.0417;KELLY_LITE(mult=1.20 taper=1.00 n=20)+HARD_RISK_CAP(2.0%)+MAXLOSS_CAP;213061.58;213059.02;33;0
2026.08.14 16:25:40;XAUUSD;5;1786669237;SL_MODIFIED;ticket=119553961 oldSL=4385.56 newSL=4382.70 reason=hedge_giveback_lock (retry buf=3pt);MANAGE_PROFIT;SAFE;2;0;1;-1;-1;4386.24;-15.48;2.60;0.00;-16.26;KELLY_LITE;true;0.04;213061.58;0.0417;KELLY_LITE(mult=1.20 taper=1.00 n=20)+HARD_RISK_CAP(2.0%)+MAXLOSS_CAP;213061.58;213046.10;32;0
2026.08.14 16:25:40;XAUUSD;5;1786669237;SL_MODIFIED;ticket=119553961 oldSL=4382.70 newSL=4382.56 reason=hedge_giveback_lock;MANAGE_PROFIT;SAFE;2;0;1;-1;-1;4386.24;-15.49;2.75;0.00;-16.26;KELLY_LITE;true;0.04;213061.58;0.0417;KELLY_LITE(mult=1.20 taper=1.00 n=20)+HARD_RISK_CAP(2.0%)+MAXLOSS_CAP;213061.58;213046.09;33;0
2026.08.14 16:25:41;XAUUSD;5;1786669237;SL_MODIFY_FAILED;ticket=119553961 newSL=4382.53 reason=hedge_giveback_lock err=0;MANAGE_PROFIT;SAFE;2;0;1;-1;-1;4386.24;-15.44;2.40;0.00;-16.26;KELLY_LITE;true;0.04;213061.58;0.0417;KELLY_LITE(mult=1.20 taper=1.00 n=20)+HARD_RISK_CAP(2.0%)+MAXLOSS_CAP;213061.58;213046.14;30;0
2026.08.14 16:25:45;XAUUSD;5;1786669237;POSITION_CLOSED;ticket=119553961 reason=hedge_trail_close lots=0.05 price=4382.46 pnl=0.50;MANAGE_PROFIT;SAFE;1;0;1;-1;-1;4386.24;-16.68;-16.68;0.00;-16.26;KELLY_LITE;true;0.04;213061.58;0.0417;KELLY_LITE(mult=1.20 taper=1.00 n=20)+HARD_RISK_CAP(2.0%)+MAXLOSS_CAP;213062.48;213045.80;31;0
2026.08.14 16:25:45;XAUUSD;5;1786669237;HEDGE_CLOSED_TRAIL;peak=2.90 close=0.50 threshold=0.87 reason=peak_retrace ok=1;MANAGE_PROFIT;SAFE;1;0;1;-1;-1;4386.24;-16.68;-16.68;0.00;-16.26;KELLY_LITE;true;0.04;213061.58;0.0417;KELLY_LITE(mult=1.20 taper=1.00 n=20)+HARD_RISK_CAP(2.0%)+MAXLOSS_CAP;213062.48;213045.80;31;0
2026.08.14 16:30:47;XAUUSD;5;1786669237;SL_MODIFIED;ticket=119553799 oldSL=4374.24 newSL=4387.83 reason=break_even_lock_leg_0;MANAGE_PROFIT;SAFE;1;0;1;-1;-1;4386.24;11.00;11.00;8.44;-28.72;KELLY_LITE;true;0.04;213061.58;0.0417;KELLY_LITE(mult=1.20 taper=1.00 n=20)+HARD_RISK_CAP(2.0%)+MAXLOSS_CAP;213062.48;213073.48;30;0
2026.08.14 16:30:47;XAUUSD;5;1786669237;PROFIT_RATCHET_LOCKED;floor=2.85 peak=8.44;MANAGE_PROFIT;SAFE;1;0;1;-1;-1;4386.24;11.00;11.00;8.44;-28.72;KELLY_LITE;true;0.04;213061.58;0.0417;KELLY_LITE(mult=1.20 taper=1.00 n=20)+HARD_RISK_CAP(2.0%)+MAXLOSS_CAP;213062.48;213073.48;30;0
2026.08.14 16:30:49;XAUUSD;5;1786669237;SL_MODIFIED;ticket=119553799 oldSL=4387.83 newSL=4388.28 reason=break_even_lock_leg_0 (retry buf=8pt);MANAGE_PROFIT;SAFE;1;0;1;-1;-1;4386.24;10.40;10.40;11.00;-28.72;KELLY_LITE;true;0.04;213061.58;0.0417;KELLY_LITE(mult=1.20 taper=1.00 n=20)+HARD_RISK_CAP(2.0%)+MAXLOSS_CAP;213062.48;213072.88;33;0
2026.08.14 16:30:49;XAUUSD;5;1786669237;PROFIT_RATCHET_LOCKED;floor=3.71 peak=11.00;MANAGE_PROFIT;SAFE;1;0;1;-1;-1;4386.24;10.40;10.40;11.00;-28.72;KELLY_LITE;true;0.04;213061.58;0.0417;KELLY_LITE(mult=1.20 taper=1.00 n=20)+HARD_RISK_CAP(2.0%)+MAXLOSS_CAP;213062.48;213072.88;33;0
2026.08.14 16:30:50;XAUUSD;5;1786669237;SL_MODIFIED;ticket=119553799 oldSL=4388.28 newSL=4388.32 reason=break_even_lock_leg_0 (retry buf=3pt);MANAGE_PROFIT;SAFE;1;0;1;-1;-1;4386.24;10.56;10.56;11.00;-28.72;KELLY_LITE;true;0.04;213061.58;0.0417;KELLY_LITE(mult=1.20 taper=1.00 n=20)+HARD_RISK_CAP(2.0%)+MAXLOSS_CAP;213062.48;213073.04;30;0
2026.08.14 16:30:50;XAUUSD;5;1786669237;PROFIT_RATCHET_LOCKED;floor=3.71 peak=11.00;MANAGE_PROFIT;SAFE;1;0;1;-1;-1;4386.24;10.56;10.56;11.00;-28.72;KELLY_LITE;true;0.04;213061.58;0.0417;KELLY_LITE(mult=1.20 taper=1.00 n=20)+HARD_RISK_CAP(2.0%)+MAXLOSS_CAP;213062.48;213073.04;30;0
2026.08.14 16:30:50;XAUUSD;5;1786669237;SL_MODIFY_FAILED;ticket=119553799 newSL=4388.36 reason=break_even_lock_leg_0 err=0;MANAGE_PROFIT;SAFE;1;0;1;-1;-1;4386.24;9.88;9.88;11.00;-28.72;KELLY_LITE;true;0.04;213061.58;0.0417;KELLY_LITE(mult=1.20 taper=1.00 n=20)+HARD_RISK_CAP(2.0%)+MAXLOSS_CAP;213062.48;213072.36;33;0
2026.08.14 16:30:50;XAUUSD;5;1786669237;PROFIT_RATCHET_LOCKED;floor=3.71 peak=11.00;MANAGE_PROFIT;SAFE;1;0;1;-1;-1;4386.24;9.88;9.88;11.00;-28.72;KELLY_LITE;true;0.04;213061.58;0.0417;KELLY_LITE(mult=1.20 taper=1.00 n=20)+HARD_RISK_CAP(2.0%)+MAXLOSS_CAP;213062.48;213072.36;33;0
2026.08.14 16:30:50;XAUUSD;5;1786669237;PROFIT_RATCHET_LOCKED;floor=3.71 peak=11.00;MANAGE_PROFIT;SAFE;1;0;1;-1;-1;4386.24;9.88;9.88;11.00;-28.72;KELLY_LITE;true;0.04;213061.58;0.0417;KELLY_LITE(mult=1.20 taper=1.00 n=20)+HARD_RISK_CAP(2.0%)+MAXLOSS_CAP;213062.48;213072.36;33;0
2026.08.14 16:30:51;XAUUSD;5;1786669237;PROFIT_RATCHET_LOCKED;floor=3.71 peak=11.00;MANAGE_PROFIT;SAFE;1;0;1;-1;-1;4386.24;10.20;10.20;11.00;-28.72;KELLY_LITE;true;0.04;213061.58;0.0417;KELLY_LITE(mult=1.20 taper=1.00 n=20)+HARD_RISK_CAP(2.0%)+MAXLOSS_CAP;213062.48;213072.68;33;0
2026.08.14 16:30:51;XAUUSD;5;1786669237;PROFIT_RATCHET_LOCKED;floor=3.71 peak=11.00;MANAGE_PROFIT;SAFE;1;0;1;-1;-1;4386.24;9.80;9.80;11.00;-28.72;KELLY_LITE;true;0.04;213061.58;0.0417;KELLY_LITE(mult=1.20 taper=1.00 n=20)+HARD_RISK_CAP(2.0%)+MAXLOSS_CAP;213062.48;213072.28;31;0
2026.08.14 16:30:51;XAUUSD;5;1786669237;PROFIT_RATCHET_LOCKED;floor=3.71 peak=11.00;MANAGE_PROFIT;SAFE;1;0;1;-1;-1;4386.24;10.04;10.04;11.00;-28.72;KELLY_LITE;true;0.04;213061.58;0.0417;KELLY_LITE(mult=1.20 taper=1.00 n=20)+HARD_RISK_CAP(2.0%)+MAXLOSS_CAP;213062.48;213072.52;31;0
2026.08.14 16:30:51;XAUUSD;5;1786669237;EXIT_TIERED_TRAIL;profit=9.64 peak=11.00 allowedRetrace=1.32;MANAGE_PROFIT;SAFE;1;0;1;-1;-1;4386.24;9.64;9.64;11.00;-28.72;KELLY_LITE;true;0.04;213061.58;0.0417;KELLY_LITE(mult=1.20 taper=1.00 n=20)+HARD_RISK_CAP(2.0%)+MAXLOSS_CAP;213062.48;213072.12;32;0
2026.08.14 16:30:52;XAUUSD;5;1786669237;POSITION_CLOSED;ticket=119553799 reason=tiered_profit_trail lots=0.04 price=4388.65 pnl=9.64;MANAGE_PROFIT;SAFE;0;0;1;-1;-1;4386.24;0.00;0.00;11.00;-28.72;KELLY_LITE;true;0.04;213061.58;0.0417;KELLY_LITE(mult=1.20 taper=1.00 n=20)+HARD_RISK_CAP(2.0%)+MAXLOSS_CAP;213071.84;213071.84;31;0
2026.08.14 16:30:52;XAUUSD;5;1786669237;CYCLE_RESET;oldState=RESET realizedPnL=10.26 peak=11.00 worst=-28.72 pyramid=0 consLosses=0;RESET;SAFE;0;0;0;-1;-1;4386.24;0.00;0.00;11.00;-28.72;KELLY_LITE;true;0.04;213061.58;0.0417;KELLY_LITE(mult=1.20 taper=1.00 n=20)+HARD_RISK_CAP(2.0%)+MAXLOSS_CAP;213071.84;213071.84;31;0
2026.08.14 16:35:52;XAUUSD;5;1786669237;FILTER_BLOCK_ADX_WEAK_MAIN;ADX_WEAK_MAIN (adx=19.3 min=22.0);BLOCKED;SAFE;0;0;0;-1;-1;0.00;0.00;0.00;0.00;0.00;KELLY_LITE;true;0.04;213061.58;0.0417;KELLY_LITE(mult=1.20 taper=1.00 n=20)+HARD_RISK_CAP(2.0%)+MAXLOSS_CAP;213071.84;213071.84;33;0
2026.08.14 16:40:52;XAUUSD;5;1786669237;FILTER_BLOCK_ADX_WEAK_MAIN;ADX_WEAK_MAIN (adx=18.0 min=22.0);BLOCKED;SAFE;0;0;0;-1;-1;0.00;0.00;0.00;0.00;0.00;KELLY_LITE;true;0.04;213061.58;0.0417;KELLY_LITE(mult=1.20 taper=1.00 n=20)+HARD_RISK_CAP(2.0%)+MAXLOSS_CAP;213071.84;213071.84;33;0
2026.08.14 16:45:52;XAUUSD;5;1786669237;FILTER_BLOCK_ADX_WEAK_MAIN;ADX_WEAK_MAIN (adx=16.8 min=22.0);BLOCKED;SAFE;0;0;0;-1;-1;0.00;0.00;0.00;0.00;0.00;KELLY_LITE;true;0.04;213061.58;0.0417;KELLY_LITE(mult=1.20 taper=1.00 n=20)+HARD_RISK_CAP(2.0%)+MAXLOSS_CAP;213071.84;213071.84;33;0
2026.08.14 16:50:52;XAUUSD;5;1786669237;FILTER_BLOCK_ADX_WEAK_MAIN;ADX_WEAK_MAIN (adx=19.0 min=22.0);BLOCKED;SAFE;0;0;0;-1;-1;0.00;0.00;0.00;0.00;0.00;KELLY_LITE;true;0.04;213061.58;0.0417;KELLY_LITE(mult=1.20 taper=1.00 n=20)+HARD_RISK_CAP(2.0%)+MAXLOSS_CAP;213071.84;213071.84;33;0
2026.08.14 16:55:52;XAUUSD;5;1786669237;FILTER_BLOCK_ADX_WEAK_MAIN;ADX_WEAK_MAIN (adx=20.9 min=22.0);BLOCKED;SAFE;0;0;0;-1;-1;0.00;0.00;0.00;0.00;0.00;KELLY_LITE;true;0.04;213061.58;0.0417;KELLY_LITE(mult=1.20 taper=1.00 n=20)+HARD_RISK_CAP(2.0%)+MAXLOSS_CAP;213071.84;213071.84;33;0
2026.08.14 17:00:52;XAUUSD;5;1786669238;PLACE_PENDING_START;cycle=1786669238 trend=1 consecLosses=0 preset=AGGRESSIVE;PLACE_PENDING;SAFE;0;0;0;-1;-1;0.00;0.00;0.00;0.00;0.00;KELLY_LITE;true;0.04;213061.58;0.0417;KELLY_LITE(mult=1.20 taper=1.00 n=20)+HARD_RISK_CAP(2.0%)+MAXLOSS_CAP;213071.84;213071.84;30;0
2026.08.14 17:00:52;XAUUSD;5;1786669238;DIR_OCO_PLACED;dir=BULL ticket=119556910 price=4395.52 sl=4380.52 tp=4418.02 lot=0.04 dist=1.91;PLACE_PENDING;SAFE;0;1;0;119556910;-1;0.00;0.00;0.00;0.00;0.00;KELLY_LITE;true;0.04;213071.84;0.0417;KELLY_LITE(mult=1.20 taper=1.00 n=20)+TIME_REDUCE(50%)+HARD_RISK_CAP(2.0%)+MAXLOSS_CAP;213071.84;213071.84;33;0
2026.08.14 17:00:53;XAUUSD;5;1786669238;DIR_OCO_COUNTER_PLACED;dir=BEAR(counter) ticket=119556912 price=4391.39 lot=0.03;PLACE_PENDING;SAFE;0;2;0;119556910;119556912;0.00;0.00;0.00;0.00;0.00;KELLY_LITE;true;0.04;213071.84;0.0417;KELLY_LITE(mult=1.20 taper=1.00 n=20)+TIME_REDUCE(50%)+HARD_RISK_CAP(2.0%)+MAXLOSS_CAP;213071.84;213071.84;33;0
2026.08.14 17:01:06;XAUUSD;5;1786669238;BUY_STOP_TRAILED;Old=4395.52 New=4395.21;WAIT_TRIGGER;SAFE;0;2;0;119556910;119556912;0.00;0.00;0.00;0.00;0.00;KELLY_LITE;true;0.04;213071.84;0.0417;KELLY_LITE(mult=1.20 taper=1.00 n=20)+TIME_REDUCE(50%)+HARD_RISK_CAP(2.0%)+MAXLOSS_CAP;213071.84;213071.84;33;0
2026.08.14 17:01:09;XAUUSD;5;1786669238;SELL_STOP_TRAILED;Old=4391.39 New=4392.16;WAIT_TRIGGER;SAFE;0;2;0;119556910;119556912;0.00;0.00;0.00;0.00;0.00;KELLY_LITE;true;0.04;213071.84;0.0417;KELLY_LITE(mult=1.20 taper=1.00 n=20)+TIME_REDUCE(50%)+HARD_RISK_CAP(2.0%)+MAXLOSS_CAP;213071.84;213071.84;30;0
2026.08.14 17:01:12;XAUUSD;5;1786669238;SELL_STOP_TRAILED;Old=4392.16 New=4392.50;WAIT_TRIGGER;SAFE;0;2;0;119556910;119556912;0.00;0.00;0.00;0.00;0.00;KELLY_LITE;true;0.04;213071.84;0.0417;KELLY_LITE(mult=1.20 taper=1.00 n=20)+TIME_REDUCE(50%)+HARD_RISK_CAP(2.0%)+MAXLOSS_CAP;213071.84;213071.84;33;0
2026.08.14 17:01:31;XAUUSD;5;1786669238;SELL_STOP_TRAILED;Old=4392.50 New=4392.84;WAIT_TRIGGER;SAFE;0;2;0;119556910;119556912;0.00;0.00;0.00;0.00;0.00;KELLY_LITE;true;0.04;213071.84;0.0417;KELLY_LITE(mult=1.20 taper=1.00 n=20)+TIME_REDUCE(50%)+HARD_RISK_CAP(2.0%)+MAXLOSS_CAP;213071.84;213071.84;31;0
2026.08.14 17:01:31;XAUUSD;5;1786669238;OCO_TRIGGERED_BUY;ticket=119556910 entry=4395.21;POSITION_ACTIVE;SAFE;1;1;0;-1;119556912;0.00;4.04;4.04;0.00;0.00;KELLY_LITE;true;0.04;213071.84;0.0417;KELLY_LITE(mult=1.20 taper=1.00 n=20)+TIME_REDUCE(50%)+HARD_RISK_CAP(2.0%)+MAXLOSS_CAP;213071.84;213075.88;33;0
2026.08.14 17:01:32;XAUUSD;5;1786669238;PENDING_DELETED;ticket=119556912 reason=oco_buy_triggered;POSITION_ACTIVE;SAFE;1;0;0;-1;119556912;0.00;4.56;4.56;0.00;0.00;KELLY_LITE;true;0.04;213071.84;0.0417;KELLY_LITE(mult=1.20 taper=1.00 n=20)+TIME_REDUCE(50%)+HARD_RISK_CAP(2.0%)+MAXLOSS_CAP;213071.84;213076.40;30;0
2026.08.14 17:01:33;XAUUSD;5;1786669238;HEDGE_PENDING_PLACED;dir=SELL_STOP ticket=119557045 price=4393.35 sl=4396.35 lot=0.05 mainEntry=4395.21 dist=3.00 confirmBars=1;POSITION_ACTIVE;SAFE;1;1;1;-1;-1;4395.21;2.60;2.60;4.56;0.00;KELLY_LITE;true;0.04;213071.84;0.0417;KELLY_LITE(mult=1.20 taper=1.00 n=20)+TIME_REDUCE(50%)+HARD_RISK_CAP(2.0%)+MAXLOSS_CAP;213071.84;213074.44;33;0
2026.08.14 17:02:47;XAUUSD;5;1786669238;SL_MODIFIED;ticket=119557045 oldSL=4396.35 newSL=4393.36 reason=hedge_giveback_lock;MANAGE_PROFIT;SAFE;2;0;1;-1;-1;4395.21;-8.35;3.80;5.00;-9.14;KELLY_LITE;true;0.04;213071.84;0.0417;KELLY_LITE(mult=1.20 taper=1.00 n=20)+TIME_REDUCE(50%)+HARD_RISK_CAP(2.0%)+MAXLOSS_CAP;213071.84;213063.49;33;0
2026.08.14 17:02:48;XAUUSD;5;1786669238;SL_MODIFIED;ticket=119557045 oldSL=4393.36 newSL=4393.16 reason=hedge_giveback_lock;MANAGE_PROFIT;SAFE;2;0;1;-1;-1;4395.21;-7.98;3.90;5.00;-9.14;KELLY_LITE;true;0.04;213071.84;0.0417;KELLY_LITE(mult=1.20 taper=1.00 n=20)+TIME_REDUCE(50%)+HARD_RISK_CAP(2.0%)+MAXLOSS_CAP;213071.84;213063.86;33;0
2026.08.14 17:02:48;XAUUSD;5;1786669238;SL_MODIFIED;ticket=119557045 oldSL=4393.16 newSL=4393.09 reason=hedge_giveback_lock;MANAGE_PROFIT;SAFE;2;0;1;-1;-1;4395.21;-7.97;3.95;5.00;-9.14;KELLY_LITE;true;0.04;213071.84;0.0417;KELLY_LITE(mult=1.20 taper=1.00 n=20)+TIME_REDUCE(50%)+HARD_RISK_CAP(2.0%)+MAXLOSS_CAP;213071.84;213063.87;33;0
2026.08.14 17:02:49;XAUUSD;5;1786669238;SL_MODIFIED;ticket=119557045 oldSL=4393.09 newSL=4393.07 reason=hedge_giveback_lock;MANAGE_PROFIT;SAFE;2;0;1;-1;-1;4395.21;-7.79;4.85;5.00;-9.14;KELLY_LITE;true;0.04;213071.84;0.0417;KELLY_LITE(mult=1.20 taper=1.00 n=20)+TIME_REDUCE(50%)+HARD_RISK_CAP(2.0%)+MAXLOSS_CAP;213071.84;213064.05;33;0
2026.08.14 17:02:50;XAUUSD;5;1786669238;SL_MODIFIED;ticket=119557045 oldSL=4393.07 newSL=4392.90 reason=hedge_giveback_lock;MANAGE_PROFIT;SAFE;2;0;1;-1;-1;4395.21;-7.73;4.95;5.00;-9.14;KELLY_LITE;true;0.04;213071.84;0.0417;KELLY_LITE(mult=1.20 taper=1.00 n=20)+TIME_REDUCE(50%)+HARD_RISK_CAP(2.0%)+MAXLOSS_CAP;213071.84;213064.11;32;0
2026.08.14 17:02:51;XAUUSD;5;1786669238;SL_MODIFIED;ticket=119557045 oldSL=4392.90 newSL=4392.86 reason=hedge_giveback_lock;MANAGE_PROFIT;SAFE;2;0;1;-1;-1;4395.21;-6.95;4.00;5.00;-9.14;KELLY_LITE;true;0.04;213071.84;0.0417;KELLY_LITE(mult=1.20 taper=1.00 n=20)+TIME_REDUCE(50%)+HARD_RISK_CAP(2.0%)+MAXLOSS_CAP;213071.84;213064.89;34;0
2026.08.14 17:02:52;XAUUSD;5;1786669238;RECONCILED_BROKER_CLOSE;ticket=119557045 type=hedge pnl=2.45;MANAGE_PROFIT;SAFE;1;0;1;-1;-1;4395.21;-10.72;-10.72;5.00;-9.14;KELLY_LITE;true;0.04;213071.84;0.0417;KELLY_LITE(mult=1.20 taper=1.00 n=20)+TIME_REDUCE(50%)+HARD_RISK_CAP(2.0%)+MAXLOSS_CAP;213074.29;213063.57;33;0
2026.08.14 17:02:52;XAUUSD;5;1786669238;RECONCILED_BROKER_CLOSE;ticket=119557045 type=hedge pnl=2.45;MANAGE_PROFIT;SAFE;1;0;1;-1;-1;4395.21;-10.72;-10.72;5.00;-9.14;KELLY_LITE;true;0.04;213071.84;0.0417;KELLY_LITE(mult=1.20 taper=1.00 n=20)+TIME_REDUCE(50%)+HARD_RISK_CAP(2.0%)+MAXLOSS_CAP;213074.29;213063.57;33;0
2026.08.14 17:09:31;XAUUSD;5;1786669238;EXIT_TIME_LOSS_CONFIRMED;held=8 profit=-23.32 rsi=54.5;MANAGE_PROFIT;WATCH;1;0;1;-1;-1;4395.21;-23.32;-23.32;5.00;-24.12;KELLY_LITE;true;0.04;213071.84;0.0417;KELLY_LITE(mult=1.20 taper=1.00 n=20)+TIME_REDUCE(50%)+HARD_RISK_CAP(2.0%)+MAXLOSS_CAP;213074.29;213050.97;33;0
2026.08.14 17:09:31;XAUUSD;5;1786669238;POSITION_CLOSED;ticket=119556910 reason=time_loss_exit_confirmed lots=0.04 price=4389.38 pnl=-23.32;MANAGE_PROFIT;WATCH;0;0;1;-1;-1;4395.21;0.00;0.00;5.00;-24.12;KELLY_LITE;true;0.04;213071.84;0.0417;KELLY_LITE(mult=1.20 taper=1.00 n=20)+TIME_REDUCE(50%)+HARD_RISK_CAP(2.0%)+MAXLOSS_CAP;213049.85;213049.85;33;0
2026.08.14 17:09:31;XAUUSD;5;1786669238;LOSS_COOLDOWN_AFTER_LOSS;cyclePnL=-21.99 pauseUntil=2026.08.14 17:14:31;RESET;WATCH;0;0;0;-1;-1;4395.21;0.00;0.00;5.00;-24.12;KELLY_LITE;true;0.04;213071.84;0.0417;KELLY_LITE(mult=1.20 taper=1.00 n=20)+TIME_REDUCE(50%)+HARD_RISK_CAP(2.0%)+MAXLOSS_CAP;213049.85;213049.85;33;0
2026.08.14 17:09:31;XAUUSD;5;1786669238;CYCLE_RESET;oldState=RESET realizedPnL=-21.99 peak=5.00 worst=-24.12 pyramid=0 consLosses=1;RESET;WATCH;0;0;0;-1;-1;4395.21;0.00;0.00;5.00;-24.12;KELLY_LITE;true;0.04;213071.84;0.0417;KELLY_LITE(mult=1.20 taper=1.00 n=20)+TIME_REDUCE(50%)+HARD_RISK_CAP(2.0%)+MAXLOSS_CAP;213049.85;213049.85;33;0
2026.08.14 17:14:31;XAUUSD;5;1786669239;PLACE_PENDING_START;cycle=1786669239 trend=1 consecLosses=1 preset=AGGRESSIVE;PLACE_PENDING;SAFE;0;0;0;-1;-1;0.00;0.00;0.00;0.00;0.00;KELLY_LITE;true;0.04;213071.84;0.0417;KELLY_LITE(mult=1.20 taper=1.00 n=20)+TIME_REDUCE(50%)+HARD_RISK_CAP(2.0%)+MAXLOSS_CAP;213049.85;213049.85;33;0
2026.08.14 17:14:32;XAUUSD;5;1786669239;DIR_OCO_PLACED;dir=BULL ticket=119557818 price=4392.08 sl=4377.08 tp=4414.58 lot=0.04 dist=1.80;PLACE_PENDING;SAFE;0;1;0;119557818;-1;0.00;0.00;0.00;0.00;0.00;KELLY_LITE;true;0.04;213049.85;0.0417;KELLY_LITE(mult=1.20 taper=1.00 n=20)+TIME_REDUCE(50%)+HARD_RISK_CAP(2.0%)+MAXLOSS_CAP;213049.85;213049.85;33;0
2026.08.14 17:14:32;XAUUSD;5;1786669239;DIR_OCO_COUNTER_PLACED;dir=BEAR(counter) ticket=119557820 price=4388.12 lot=0.03;PLACE_PENDING;SAFE;0;2;0;119557818;119557820;0.00;0.00;0.00;0.00;0.00;KELLY_LITE;true;0.04;213049.85;0.0417;KELLY_LITE(mult=1.20 taper=1.00 n=20)+TIME_REDUCE(50%)+HARD_RISK_CAP(2.0%)+MAXLOSS_CAP;213049.85;213049.85;33;0
2026.08.14 17:14:42;XAUUSD;5;1786669239;SELL_STOP_TRAILED;Old=4388.12 New=4388.47;WAIT_TRIGGER;SAFE;0;2;0;119557818;119557820;0.00;0.00;0.00;0.00;0.00;KELLY_LITE;true;0.04;213049.85;0.0417;KELLY_LITE(mult=1.20 taper=1.00 n=20)+TIME_REDUCE(50%)+HARD_RISK_CAP(2.0%)+MAXLOSS_CAP;213049.85;213049.85;33;0
2026.08.14 17:14:56;XAUUSD;5;1786669239;BUY_STOP_TRAILED;Old=4392.08 New=4391.57;WAIT_TRIGGER;SAFE;0;2;0;119557818;119557820;0.00;0.00;0.00;0.00;0.00;KELLY_LITE;true;0.04;213049.85;0.0417;KELLY_LITE(mult=1.20 taper=1.00 n=20)+TIME_REDUCE(50%)+HARD_RISK_CAP(2.0%)+MAXLOSS_CAP;213049.85;213049.85;33;0
2026.08.14 17:15:07;XAUUSD;5;1786669239;SELL_STOP_TRAILED;Old=4388.47 New=4388.80;WAIT_TRIGGER;SAFE;0;2;0;119557818;119557820;0.00;0.00;0.00;0.00;0.00;KELLY_LITE;true;0.04;213049.85;0.0417;KELLY_LITE(mult=1.20 taper=1.00 n=20)+TIME_REDUCE(50%)+HARD_RISK_CAP(2.0%)+MAXLOSS_CAP;213049.85;213049.85;33;0
2026.08.14 17:16:18;XAUUSD;5;1786669239;SELL_STOP_TRAILED;Old=4388.80 New=4389.21;WAIT_TRIGGER;SAFE;0;2;0;119557818;119557820;0.00;0.00;0.00;0.00;0.00;KELLY_LITE;true;0.04;213049.85;0.0417;KELLY_LITE(mult=1.20 taper=1.00 n=20)+TIME_REDUCE(50%)+HARD_RISK_CAP(2.0%)+MAXLOSS_CAP;213049.85;213049.85;37;0
2026.08.14 17:16:20;XAUUSD;5;1786669239;OCO_TRIGGERED_BUY;ticket=119557818 entry=4391.57;POSITION_ACTIVE;SAFE;1;1;0;-1;119557820;0.00;-1.12;-1.12;0.00;0.00;KELLY_LITE;true;0.04;213049.85;0.0417;KELLY_LITE(mult=1.20 taper=1.00 n=20)+TIME_REDUCE(50%)+HARD_RISK_CAP(2.0%)+MAXLOSS_CAP;213049.85;213048.73;33;0
2026.08.14 17:16:21;XAUUSD;5;1786669239;PENDING_DELETED;ticket=119557820 reason=oco_buy_triggered;POSITION_ACTIVE;SAFE;1;0;0;-1;119557820;0.00;-1.12;-1.12;0.00;0.00;KELLY_LITE;true;0.04;213049.85;0.0417;KELLY_LITE(mult=1.20 taper=1.00 n=20)+TIME_REDUCE(50%)+HARD_RISK_CAP(2.0%)+MAXLOSS_CAP;213049.85;213048.73;31;0
2026.08.14 17:16:21;XAUUSD;5;1786669239;HEDGE_PENDING_PLACED;dir=SELL_STOP ticket=119557903 price=4388.29 sl=4391.29 lot=0.05 mainEntry=4391.57 dist=3.00 confirmBars=1;POSITION_ACTIVE;SAFE;1;1;1;-1;-1;4391.57;-1.28;-1.28;0.00;-1.12;KELLY_LITE;true;0.04;213049.85;0.0417;KELLY_LITE(mult=1.20 taper=1.00 n=20)+TIME_REDUCE(50%)+HARD_RISK_CAP(2.0%)+MAXLOSS_CAP;213049.85;213048.57;31;0
2026.08.14 17:25:30;XAUUSD;5;1786669239;EXIT_TIME_LOSS_CONFIRMED;held=9 profit=-12.00 rsi=52.1;MANAGE_PROFIT;SAFE;1;1;1;-1;-1;4391.57;-12.00;-12.00;5.40;-12.00;KELLY_LITE;true;0.04;213049.85;0.0417;KELLY_LITE(mult=1.20 taper=1.00 n=20)+TIME_REDUCE(50%)+HARD_RISK_CAP(2.0%)+MAXLOSS_CAP;213049.85;213037.85;33;0
2026.08.14 17:25:31;XAUUSD;5;1786669239;POSITION_CLOSED;ticket=119557818 reason=time_loss_exit_confirmed lots=0.04 price=4388.57 pnl=-12.00;MANAGE_PROFIT;SAFE;0;1;1;-1;-1;4391.57;0.00;0.00;5.40;-12.00;KELLY_LITE;true;0.04;213049.85;0.0417;KELLY_LITE(mult=1.20 taper=1.00 n=20)+TIME_REDUCE(50%)+HARD_RISK_CAP(2.0%)+MAXLOSS_CAP;213037.85;213037.85;33;0
2026.08.14 17:25:31;XAUUSD;5;1786669239;PENDING_DELETED;ticket=119557903 reason=close_all_hedge;MANAGE_PROFIT;SAFE;0;0;0;-1;-1;4391.57;0.00;0.00;5.40;-12.00;KELLY_LITE;true;0.04;213049.85;0.0417;KELLY_LITE(mult=1.20 taper=1.00 n=20)+TIME_REDUCE(50%)+HARD_RISK_CAP(2.0%)+MAXLOSS_CAP;213037.85;213037.85;33;0
2026.08.14 17:25:31;XAUUSD;5;1786669239;LOSS_COOLDOWN_AFTER_LOSS;cyclePnL=-12.00 pauseUntil=2026.08.14 17:30:31;RESET;SAFE;0;0;0;-1;-1;4391.57;0.00;0.00;5.40;-12.00;KELLY_LITE;true;0.04;213049.85;0.0417;KELLY_LITE(mult=1.20 taper=1.00 n=20)+TIME_REDUCE(50%)+HARD_RISK_CAP(2.0%)+MAXLOSS_CAP;213037.85;213037.85;33;0
2026.08.14 17:25:31;XAUUSD;5;1786669239;CYCLE_RESET;oldState=RESET realizedPnL=-12.00 peak=5.40 worst=-12.00 pyramid=0 consLosses=2;RESET;SAFE;0;0;0;-1;-1;4391.57;0.00;0.00;5.40;-12.00;KELLY_LITE;true;0.04;213049.85;0.0417;KELLY_LITE(mult=1.20 taper=1.00 n=20)+TIME_REDUCE(50%)+HARD_RISK_CAP(2.0%)+MAXLOSS_CAP;213037.85;213037.85;33;0
2026.08.14 17:30:31;XAUUSD;5;1786669239;FILTER_BLOCK_ADX_WEAK_MAIN;ADX_WEAK_MAIN (adx=23.9 min=24.0 [streak=2]);BLOCKED;SAFE;0;0;0;-1;-1;0.00;0.00;0.00;0.00;0.00;KELLY_LITE;true;0.04;213049.85;0.0417;KELLY_LITE(mult=1.20 taper=1.00 n=20)+TIME_REDUCE(50%)+HARD_RISK_CAP(2.0%)+MAXLOSS_CAP;213037.85;213037.85;33;0
2026.08.14 17:35:31;XAUUSD;5;1786669239;FILTER_BLOCK_ADX_WEAK_MAIN;ADX_WEAK_MAIN (adx=23.6 min=24.0 [streak=2]);BLOCKED;SAFE;0;0;0;-1;-1;0.00;0.00;0.00;0.00;0.00;KELLY_LITE;true;0.04;213049.85;0.0417;KELLY_LITE(mult=1.20 taper=1.00 n=20)+TIME_REDUCE(50%)+HARD_RISK_CAP(2.0%)+MAXLOSS_CAP;213037.85;213037.85;30;0
2026.08.14 17:40:31;XAUUSD;5;1786669239;FILTER_BLOCK_TREND_DISAGREE;TREND_DISAGREE (main=1 fast=-1 rsi=51.7, no extreme);BLOCKED;SAFE;0;0;0;-1;-1;0.00;0.00;0.00;0.00;0.00;KELLY_LITE;true;0.04;213049.85;0.0417;KELLY_LITE(mult=1.20 taper=1.00 n=20)+TIME_REDUCE(50%)+HARD_RISK_CAP(2.0%)+MAXLOSS_CAP;213037.85;213037.85;33;0
2026.08.14 17:45:31;XAUUSD;5;1786669239;FILTER_BLOCK_TREND_DISAGREE;TREND_DISAGREE (main=1 fast=-1 rsi=47.8, no extreme);BLOCKED;SAFE;0;0;0;-1;-1;0.00;0.00;0.00;0.00;0.00;KELLY_LITE;true;0.04;213049.85;0.0417;KELLY_LITE(mult=1.20 taper=1.00 n=20)+TIME_REDUCE(50%)+HARD_RISK_CAP(2.0%)+MAXLOSS_CAP;213037.85;213037.85;33;0
2026.08.14 17:50:31;XAUUSD;5;1786669239;FILTER_BLOCK_TREND_DISAGREE;TREND_DISAGREE (main=1 fast=-1 rsi=49.7, no extreme);BLOCKED;SAFE;0;0;0;-1;-1;0.00;0.00;0.00;0.00;0.00;KELLY_LITE;true;0.04;213049.85;0.0417;KELLY_LITE(mult=1.20 taper=1.00 n=20)+TIME_REDUCE(50%)+HARD_RISK_CAP(2.0%)+MAXLOSS_CAP;213037.85;213037.85;33;0
2026.08.14 17:55:31;XAUUSD;5;1786669239;FILTER_BLOCK_TREND_DISAGREE;TREND_DISAGREE (main=1 fast=-1 rsi=48.8, no extreme);BLOCKED;SAFE;0;0;0;-1;-1;0.00;0.00;0.00;0.00;0.00;KELLY_LITE;true;0.04;213049.85;0.0417;KELLY_LITE(mult=1.20 taper=1.00 n=20)+TIME_REDUCE(50%)+HARD_RISK_CAP(2.0%)+MAXLOSS_CAP;213037.85;213037.85;33;0
2026.08.14 18:00:31;XAUUSD;5;1786669239;FILTER_BLOCK_TREND_DISAGREE;TREND_DISAGREE (main=1 fast=-1 rsi=47.9, no extreme);BLOCKED;SAFE;0;0;0;-1;-1;0.00;0.00;0.00;0.00;0.00;KELLY_LITE;true;0.04;213049.85;0.0417;KELLY_LITE(mult=1.20 taper=1.00 n=20)+TIME_REDUCE(50%)+HARD_RISK_CAP(2.0%)+MAXLOSS_CAP;213037.85;213037.85;33;0
2026.08.14 18:05:31;XAUUSD;5;1786669239;FILTER_BLOCK_ADX_WEAK_MAIN;ADX_WEAK_MAIN (adx=21.9 min=24.0 [streak=2]);BLOCKED;SAFE;0;0;0;-1;-1;0.00;0.00;0.00;0.00;0.00;KELLY_LITE;true;0.04;213049.85;0.0417;KELLY_LITE(mult=1.20 taper=1.00 n=20)+TIME_REDUCE(50%)+HARD_RISK_CAP(2.0%)+MAXLOSS_CAP;213037.85;213037.85;33;0
2026.08.14 18:10:31;XAUUSD;5;1786669240;PLACE_PENDING_START;cycle=1786669240 trend=1 consecLosses=2 preset=AGGRESSIVE;PLACE_PENDING;SAFE;0;0;0;-1;-1;0.00;0.00;0.00;0.00;0.00;KELLY_LITE;true;0.04;213049.85;0.0417;KELLY_LITE(mult=1.20 taper=1.00 n=20)+TIME_REDUCE(50%)+HARD_RISK_CAP(2.0%)+MAXLOSS_CAP;213037.85;213037.85;33;0
2026.08.14 18:10:31;XAUUSD;5;1786669240;DIR_OCO_PLACED;dir=BULL ticket=119560270 price=4384.03 sl=4369.03 tp=4406.53 lot=0.04 dist=1.50;PLACE_PENDING;SAFE;0;1;0;119560270;-1;0.00;0.00;0.00;0.00;0.00;KELLY_LITE;true;0.04;213037.85;0.0417;KELLY_LITE(mult=1.20 taper=1.00 n=20)+CONSEC_REDUCE(0.50)+TIME_REDUCE(50%)+HARD_RISK_CAP(2.0%)+MAXLOSS_CAP;213037.85;213037.85;33;0
2026.08.14 18:10:32;XAUUSD;5;1786669240;DIR_OCO_COUNTER_PLACED;dir=BEAR(counter) ticket=119560271 price=4380.52 lot=0.03;PLACE_PENDING;SAFE;0;2;0;119560270;119560271;0.00;0.00;0.00;0.00;0.00;KELLY_LITE;true;0.04;213037.85;0.0417;KELLY_LITE(mult=1.20 taper=1.00 n=20)+CONSEC_REDUCE(0.50)+TIME_REDUCE(50%)+HARD_RISK_CAP(2.0%)+MAXLOSS_CAP;213037.85;213037.85;33;0
2026.08.14 18:10:33;XAUUSD;5;1786669240;BUY_STOP_TRAILED;Old=4384.03 New=4383.66;WAIT_TRIGGER;SAFE;0;2;0;119560270;119560271;0.00;0.00;0.00;0.00;0.00;KELLY_LITE;true;0.04;213037.85;0.0417;KELLY_LITE(mult=1.20 taper=1.00 n=20)+CONSEC_REDUCE(0.50)+TIME_REDUCE(50%)+HARD_RISK_CAP(2.0%)+MAXLOSS_CAP;213037.85;213037.85;30;0
2026.08.14 18:11:13;XAUUSD;5;1786669240;SELL_STOP_TRAILED;Old=4380.52 New=4380.88;WAIT_TRIGGER;SAFE;0;2;0;119560270;119560271;0.00;0.00;0.00;0.00;0.00;KELLY_LITE;true;0.04;213037.85;0.0417;KELLY_LITE(mult=1.20 taper=1.00 n=20)+CONSEC_REDUCE(0.50)+TIME_REDUCE(50%)+HARD_RISK_CAP(2.0%)+MAXLOSS_CAP;213037.85;213037.85;33;0
2026.08.14 18:12:00;XAUUSD;5;1786669240;BUY_STOP_TRAILED;Old=4383.66 New=4383.34;WAIT_TRIGGER;SAFE;0;2;0;119560270;119560271;0.00;0.00;0.00;0.00;0.00;KELLY_LITE;true;0.04;213037.85;0.0417;KELLY_LITE(mult=1.20 taper=1.00 n=20)+CONSEC_REDUCE(0.50)+TIME_REDUCE(50%)+HARD_RISK_CAP(2.0%)+MAXLOSS_CAP;213037.85;213037.85;33;0
2026.08.14 18:12:05;XAUUSD;5;1786669240;BUY_STOP_TRAILED;Old=4383.34 New=4382.84;WAIT_TRIGGER;SAFE;0;2;0;119560270;119560271;0.00;0.00;0.00;0.00;0.00;KELLY_LITE;true;0.04;213037.85;0.0417;KELLY_LITE(mult=1.20 taper=1.00 n=20)+CONSEC_REDUCE(0.50)+TIME_REDUCE(50%)+HARD_RISK_CAP(2.0%)+MAXLOSS_CAP;213037.85;213037.85;33;0
2026.08.14 18:12:12;XAUUSD;5;1786669240;OCO_TRIGGERED_SELL;ticket=119560271 entry=4380.88;POSITION_ACTIVE;SAFE;1;1;0;119560270;-1;0.00;-0.51;-0.51;0.00;0.00;KELLY_LITE;true;0.04;213037.85;0.0417;KELLY_LITE(mult=1.20 taper=1.00 n=20)+CONSEC_REDUCE(0.50)+TIME_REDUCE(50%)+HARD_RISK_CAP(2.0%)+MAXLOSS_CAP;213037.85;213037.34;37;0
2026.08.14 18:12:12;XAUUSD;5;1786669240;PENDING_DELETED;ticket=119560270 reason=oco_sell_triggered;POSITION_ACTIVE;SAFE;1;0;0;119560270;-1;0.00;-0.15;-0.15;0.00;0.00;KELLY_LITE;true;0.04;213037.85;0.0417;KELLY_LITE(mult=1.20 taper=1.00 n=20)+CONSEC_REDUCE(0.50)+TIME_REDUCE(50%)+HARD_RISK_CAP(2.0%)+MAXLOSS_CAP;213037.85;213037.70;33;0
2026.08.14 18:12:13;XAUUSD;5;1786669240;HEDGE_PENDING_PLACED;dir=BUY_STOP ticket=119560336 price=4383.93 sl=4380.93 lot=0.05 mainEntry=4380.88 dist=3.00 confirmBars=1;POSITION_ACTIVE;SAFE;1;1;1;-1;-1;4380.88;-0.33;-0.33;0.00;-0.15;KELLY_LITE;true;0.04;213037.85;0.0417;KELLY_LITE(mult=1.20 taper=1.00 n=20)+CONSEC_REDUCE(0.50)+TIME_REDUCE(50%)+HARD_RISK_CAP(2.0%)+MAXLOSS_CAP;213037.85;213037.52;33;0
2026.08.14 18:16:03;XAUUSD;5;1786669240;SL_MODIFIED;ticket=119560336 oldSL=4380.93 newSL=4383.95 reason=hedge_giveback_lock;MANAGE_PROFIT;SAFE;2;0;1;-1;-1;4380.88;-9.30;2.10;0.69;-11.42;KELLY_LITE;true;0.04;213037.85;0.0417;KELLY_LITE(mult=1.20 taper=1.00 n=20)+CONSEC_REDUCE(0.50)+TIME_REDUCE(50%)+HARD_RISK_CAP(2.0%)+MAXLOSS_CAP;213037.85;213028.55;33;0
2026.08.14 18:16:05;XAUUSD;5;1786669240;SL_MODIFY_FAILED;ticket=119560336 newSL=4384.08 reason=hedge_giveback_lock err=0;MANAGE_PROFIT;SAFE;2;0;1;-1;-1;4380.88;-8.97;2.70;0.69;-11.42;KELLY_LITE;true;0.04;213037.85;0.0417;KELLY_LITE(mult=1.20 taper=1.00 n=20)+CONSEC_REDUCE(0.50)+TIME_REDUCE(50%)+HARD_RISK_CAP(2.0%)+MAXLOSS_CAP;213037.85;213028.88;30;0
2026.08.14 18:16:06;XAUUSD;5;1786669240;SL_MODIFIED;ticket=119560336 oldSL=4383.95 newSL=4383.97 reason=hedge_giveback_lock;MANAGE_PROFIT;SAFE;2;0;1;-1;-1;4380.88;-8.89;2.90;0.69;-11.42;KELLY_LITE;true;0.04;213037.85;0.0417;KELLY_LITE(mult=1.20 taper=1.00 n=20)+CONSEC_REDUCE(0.50)+TIME_REDUCE(50%)+HARD_RISK_CAP(2.0%)+MAXLOSS_CAP;213037.85;213028.96;30;0
2026.08.14 18:16:09;XAUUSD;5;1786669240;SL_MODIFIED;ticket=119560336 oldSL=4383.97 newSL=4384.07 reason=hedge_giveback_lock;MANAGE_PROFIT;SAFE;2;0;1;-1;-1;4380.88;-8.56;3.80;0.69;-11.42;KELLY_LITE;true;0.04;213037.85;0.0417;KELLY_LITE(mult=1.20 taper=1.00 n=20)+CONSEC_REDUCE(0.50)+TIME_REDUCE(50%)+HARD_RISK_CAP(2.0%)+MAXLOSS_CAP;213037.85;213029.29;31;0
2026.08.14 18:16:09;XAUUSD;5;1786669240;SL_MODIFIED;ticket=119560336 oldSL=4384.07 newSL=4384.17 reason=hedge_giveback_lock;MANAGE_PROFIT;SAFE;2;0;1;-1;-1;4380.88;-8.56;3.80;0.69;-11.42;KELLY_LITE;true;0.04;213037.85;0.0417;KELLY_LITE(mult=1.20 taper=1.00 n=20)+CONSEC_REDUCE(0.50)+TIME_REDUCE(50%)+HARD_RISK_CAP(2.0%)+MAXLOSS_CAP;213037.85;213029.29;31;0
2026.08.14 18:16:25;XAUUSD;5;1786669240;POSITION_CLOSED;ticket=119560336 reason=hedge_reversal_giveback_cap lots=0.05 price=4384.22 pnl=1.45;MANAGE_PROFIT;SAFE;1;0;1;-1;-1;4380.88;-10.92;-10.92;0.69;-11.42;KELLY_LITE;true;0.04;213037.85;0.0417;KELLY_LITE(mult=1.20 taper=1.00 n=20)+CONSEC_REDUCE(0.50)+TIME_REDUCE(50%)+HARD_RISK_CAP(2.0%)+MAXLOSS_CAP;213039.30;213028.38;30;0
2026.08.14 18:16:25;XAUUSD;5;1786669240;HEDGE_CLOSED_REVERSAL;profit=1.45 peak=3.95 giveback=2.50 cap=2.50 reason=giveback_cap ok=1;MANAGE_PROFIT;SAFE;1;0;1;-1;-1;4380.88;-10.92;-10.92;0.69;-11.42;KELLY_LITE;true;0.04;213037.85;0.0417;KELLY_LITE(mult=1.20 taper=1.00 n=20)+CONSEC_REDUCE(0.50)+TIME_REDUCE(50%)+HARD_RISK_CAP(2.0%)+MAXLOSS_CAP;213039.30;213028.38;30;0
2026.08.14 18:42:43;XAUUSD;5;1786669240;EXIT_TIME_PROFIT_LOCK;held=30 profit=5.76 peak=6.81 giveback=1.05;MANAGE_PROFIT;SAFE;1;0;1;-1;-1;4380.88;5.76;5.76;6.81;-11.42;KELLY_LITE;true;0.04;213037.85;0.0417;KELLY_LITE(mult=1.20 taper=1.00 n=20)+CONSEC_REDUCE(0.50)+TIME_REDUCE(50%)+HARD_RISK_CAP(2.0%)+MAXLOSS_CAP;213039.30;213045.06;33;0
2026.08.14 18:42:43;XAUUSD;5;1786669240;POSITION_CLOSED;ticket=119560271 reason=time_exit_profit_lock lots=0.03 price=4378.96 pnl=5.76;MANAGE_PROFIT;SAFE;0;0;1;-1;-1;4380.88;0.00;0.00;6.81;-11.42;KELLY_LITE;true;0.04;213037.85;0.0417;KELLY_LITE(mult=1.20 taper=1.00 n=20)+CONSEC_REDUCE(0.50)+TIME_REDUCE(50%)+HARD_RISK_CAP(2.0%)+MAXLOSS_CAP;213044.91;213044.91;33;0
2026.08.14 18:42:43;XAUUSD;5;1786669240;CYCLE_RESET;oldState=RESET realizedPnL=7.06 peak=6.81 worst=-11.42 pyramid=0 consLosses=0;RESET;SAFE;0;0;0;-1;-1;4380.88;0.00;0.00;6.81;-11.42;KELLY_LITE;true;0.04;213037.85;0.0417;KELLY_LITE(mult=1.20 taper=1.00 n=20)+CONSEC_REDUCE(0.50)+TIME_REDUCE(50%)+HARD_RISK_CAP(2.0%)+MAXLOSS_CAP;213044.91;213044.91;33;0
2026.08.14 18:47:44;XAUUSD;5;1786669241;PLACE_PENDING_START;cycle=1786669241 trend=1 consecLosses=0 preset=AGGRESSIVE;PLACE_PENDING;SAFE;0;0;0;-1;-1;0.00;0.00;0.00;0.00;0.00;KELLY_LITE;true;0.04;213037.85;0.0417;KELLY_LITE(mult=1.20 taper=1.00 n=20)+CONSEC_REDUCE(0.50)+TIME_REDUCE(50%)+HARD_RISK_CAP(2.0%)+MAXLOSS_CAP;213044.91;213044.91;33;0
2026.08.14 18:47:44;XAUUSD;5;1786669241;DIR_OCO_PLACED;dir=BULL ticket=119561757 price=4378.47 sl=4363.47 tp=4400.97 lot=0.04 dist=1.50;PLACE_PENDING;SAFE;0;1;0;119561757;-1;0.00;0.00;0.00;0.00;0.00;KELLY_LITE;true;0.04;213044.91;0.0417;KELLY_LITE(mult=1.30 taper=1.00 n=20)+TIME_REDUCE(50%)+HARD_RISK_CAP(2.0%)+MAXLOSS_CAP;213044.91;213044.91;33;0
2026.08.14 18:47:45;XAUUSD;5;1786669241;DIR_OCO_COUNTER_PLACED;dir=BEAR(counter) ticket=119561758 price=4375.17 lot=0.03;PLACE_PENDING;SAFE;0;2;0;119561757;119561758;0.00;0.00;0.00;0.00;0.00;KELLY_LITE;true;0.04;213044.91;0.0417;KELLY_LITE(mult=1.30 taper=1.00 n=20)+TIME_REDUCE(50%)+HARD_RISK_CAP(2.0%)+MAXLOSS_CAP;213044.91;213044.91;33;0
2026.08.14 18:47:53;XAUUSD;5;1786669241;BUY_STOP_TRAILED;Old=4378.47 New=4378.09;WAIT_TRIGGER;SAFE;0;2;0;119561757;119561758;0.00;0.00;0.00;0.00;0.00;KELLY_LITE;true;0.04;213044.91;0.0417;KELLY_LITE(mult=1.30 taper=1.00 n=20)+TIME_REDUCE(50%)+HARD_RISK_CAP(2.0%)+MAXLOSS_CAP;213044.91;213044.91;33;0
2026.08.14 18:49:03;XAUUSD;5;1786669241;SELL_STOP_TRAILED;Old=4375.17 New=4375.52;WAIT_TRIGGER;SAFE;0;2;0;119561757;119561758;0.00;0.00;0.00;0.00;0.00;KELLY_LITE;true;0.04;213044.91;0.0417;KELLY_LITE(mult=1.30 taper=1.00 n=20)+TIME_REDUCE(50%)+HARD_RISK_CAP(2.0%)+MAXLOSS_CAP;213044.91;213044.91;33;0
2026.08.14 18:49:03;XAUUSD;5;1786669241;SELL_STOP_TRAILED;Old=4375.52 New=4375.87;WAIT_TRIGGER;SAFE;0;2;0;119561757;119561758;0.00;0.00;0.00;0.00;0.00;KELLY_LITE;true;0.04;213044.91;0.0417;KELLY_LITE(mult=1.30 taper=1.00 n=20)+TIME_REDUCE(50%)+HARD_RISK_CAP(2.0%)+MAXLOSS_CAP;213044.91;213044.91;33;0
2026.08.14 18:52:30;XAUUSD;5;1786669241;SELL_STOP_TRAILED;Old=4375.87 New=4376.32;WAIT_TRIGGER;SAFE;1;1;0;119561757;119561758;0.00;-1.44;-1.44;0.00;0.00;KELLY_LITE;true;0.04;213044.91;0.0417;KELLY_LITE(mult=1.30 taper=1.00 n=20)+TIME_REDUCE(50%)+HARD_RISK_CAP(2.0%)+MAXLOSS_CAP;213044.91;213043.47;33;0
2026.08.14 18:52:30;XAUUSD;5;1786669241;OCO_TRIGGERED_BUY;ticket=119561757 entry=4378.09;POSITION_ACTIVE;SAFE;1;1;0;-1;119561758;0.00;-1.44;-1.44;0.00;0.00;KELLY_LITE;true;0.04;213044.91;0.0417;KELLY_LITE(mult=1.30 taper=1.00 n=20)+TIME_REDUCE(50%)+HARD_RISK_CAP(2.0%)+MAXLOSS_CAP;213044.91;213043.47;33;0
2026.08.14 18:52:31;XAUUSD;5;1786669241;PENDING_DELETED;ticket=119561758 reason=oco_buy_triggered;POSITION_ACTIVE;SAFE;1;0;0;-1;119561758;0.00;-1.64;-1.64;0.00;0.00;KELLY_LITE;true;0.04;213044.91;0.0417;KELLY_LITE(mult=1.30 taper=1.00 n=20)+TIME_REDUCE(50%)+HARD_RISK_CAP(2.0%)+MAXLOSS_CAP;213044.91;213043.27;33;0
2026.08.14 18:52:31;XAUUSD;5;1786669241;HEDGE_PENDING_PLACED;dir=SELL_STOP ticket=119561840 price=4374.68 sl=4377.68 lot=0.05 mainEntry=4378.09 dist=3.00 confirmBars=1;POSITION_ACTIVE;SAFE;1;1;1;-1;-1;4378.09;-0.64;-0.64;0.00;-1.64;KELLY_LITE;true;0.04;213044.91;0.0417;KELLY_LITE(mult=1.30 taper=1.00 n=20)+TIME_REDUCE(50%)+HARD_RISK_CAP(2.0%)+MAXLOSS_CAP;213044.91;213044.27;33;0
2026.08.14 19:04:02;XAUUSD;5;1786669241;SL_MODIFIED;ticket=119561757 oldSL=4366.09 newSL=4379.58 reason=break_even_lock_leg_0;MANAGE_PROFIT;SAFE;1;1;1;-1;-1;4378.09;8.36;8.36;8.04;-6.80;KELLY_LITE;true;0.04;213044.91;0.0417;KELLY_LITE(mult=1.30 taper=1.00 n=20)+TIME_REDUCE(50%)+HARD_RISK_CAP(2.0%)+MAXLOSS_CAP;213044.91;213053.27;33;0
2026.08.14 19:04:02;XAUUSD;5;1786669241;PROFIT_RATCHET_LOCKED;floor=3.42 peak=8.04;MANAGE_PROFIT;SAFE;1;1;1;-1;-1;4378.09;8.36;8.36;8.04;-6.80;KELLY_LITE;true;0.04;213044.91;0.0417;KELLY_LITE(mult=1.30 taper=1.00 n=20)+TIME_REDUCE(50%)+HARD_RISK_CAP(2.0%)+MAXLOSS_CAP;213044.91;213053.27;33;0
2026.08.14 19:04:02;XAUUSD;5;1786669241;SL_MODIFIED;ticket=119561757 oldSL=4379.58 newSL=4379.66 reason=break_even_lock_leg_0;MANAGE_PROFIT;SAFE;1;1;1;-1;-1;4378.09;8.32;8.32;8.36;-6.80;KELLY_LITE;true;0.04;213044.91;0.0417;KELLY_LITE(mult=1.30 taper=1.00 n=20)+TIME_REDUCE(50%)+HARD_RISK_CAP(2.0%)+MAXLOSS_CAP;213044.91;213053.23;33;0
2026.08.14 19:04:02;XAUUSD;5;1786669241;PROFIT_RATCHET_LOCKED;floor=3.55 peak=8.36;MANAGE_PROFIT;SAFE;1;1;1;-1;-1;4378.09;8.32;8.32;8.36;-6.80;KELLY_LITE;true;0.04;213044.91;0.0417;KELLY_LITE(mult=1.30 taper=1.00 n=20)+TIME_REDUCE(50%)+HARD_RISK_CAP(2.0%)+MAXLOSS_CAP;213044.91;213053.23;33;0
2026.08.14 19:04:02;XAUUSD;5;1786669241;PROFIT_RATCHET_LOCKED;floor=3.55 peak=8.36;MANAGE_PROFIT;SAFE;1;1;1;-1;-1;4378.09;8.32;8.32;8.36;-6.80;KELLY_LITE;true;0.04;213044.91;0.0417;KELLY_LITE(mult=1.30 taper=1.00 n=20)+TIME_REDUCE(50%)+HARD_RISK_CAP(2.0%)+MAXLOSS_CAP;213044.91;213053.23;33;0
2026.08.14 19:04:03;XAUUSD;5;1786669241;SL_MODIFIED;ticket=119561757 oldSL=4379.66 newSL=4379.72 reason=break_even_lock_leg_0;MANAGE_PROFIT;SAFE;1;1;1;-1;-1;4378.09;8.60;8.60;8.60;-6.80;KELLY_LITE;true;0.04;213044.91;0.0417;KELLY_LITE(mult=1.30 taper=1.00 n=20)+TIME_REDUCE(50%)+HARD_RISK_CAP(2.0%)+MAXLOSS_CAP;213044.91;213053.51;31;0
2026.08.14 19:04:03;XAUUSD;5;1786669241;PROFIT_RATCHET_LOCKED;floor=3.65 peak=8.60;MANAGE_PROFIT;SAFE;1;1;1;-1;-1;4378.09;8.60;8.60;8.60;-6.80;KELLY_LITE;true;0.04;213044.91;0.0417;KELLY_LITE(mult=1.30 taper=1.00 n=20)+TIME_REDUCE(50%)+HARD_RISK_CAP(2.0%)+MAXLOSS_CAP;213044.91;213053.51;31;0
2026.08.14 19:04:03;XAUUSD;5;1786669241;PROFIT_RATCHET_LOCKED;floor=3.65 peak=8.60;MANAGE_PROFIT;SAFE;1;1;1;-1;-1;4378.09;8.60;8.60;8.60;-6.80;KELLY_LITE;true;0.04;213044.91;0.0417;KELLY_LITE(mult=1.30 taper=1.00 n=20)+TIME_REDUCE(50%)+HARD_RISK_CAP(2.0%)+MAXLOSS_CAP;213044.91;213053.51;31;0
2026.08.14 19:04:03;XAUUSD;5;1786669241;SL_MODIFIED;ticket=119561757 oldSL=4379.72 newSL=4379.77 reason=break_even_lock_leg_0;MANAGE_PROFIT;SAFE;1;1;1;-1;-1;4378.09;8.76;8.76;8.80;-6.80;KELLY_LITE;true;0.04;213044.91;0.0417;KELLY_LITE(mult=1.30 taper=1.00 n=20)+TIME_REDUCE(50%)+HARD_RISK_CAP(2.0%)+MAXLOSS_CAP;213044.91;213053.67;33;0
2026.08.14 19:04:03;XAUUSD;5;1786669241;PROFIT_RATCHET_LOCKED;floor=3.74 peak=8.80;MANAGE_PROFIT;SAFE;1;1;1;-1;-1;4378.09;8.76;8.76;8.80;-6.80;KELLY_LITE;true;0.04;213044.91;0.0417;KELLY_LITE(mult=1.30 taper=1.00 n=20)+TIME_REDUCE(50%)+HARD_RISK_CAP(2.0%)+MAXLOSS_CAP;213044.91;213053.67;33;0
2026.08.14 19:04:03;XAUUSD;5;1786669241;PROFIT_RATCHET_LOCKED;floor=3.74 peak=8.80;MANAGE_PROFIT;SAFE;1;1;1;-1;-1;4378.09;8.76;8.76;8.80;-6.80;KELLY_LITE;true;0.04;213044.91;0.0417;KELLY_LITE(mult=1.30 taper=1.00 n=20)+TIME_REDUCE(50%)+HARD_RISK_CAP(2.0%)+MAXLOSS_CAP;213044.91;213053.67;33;0
2026.08.14 19:04:05;XAUUSD;5;1786669241;PROFIT_RATCHET_LOCKED;floor=3.74 peak=8.80;MANAGE_PROFIT;SAFE;1;1;1;-1;-1;4378.09;8.80;8.80;8.80;-6.80;KELLY_LITE;true;0.04;213044.91;0.0417;KELLY_LITE(mult=1.30 taper=1.00 n=20)+TIME_REDUCE(50%)+HARD_RISK_CAP(2.0%)+MAXLOSS_CAP;213044.91;213053.71;33;0
2026.08.14 19:04:05;XAUUSD;5;1786669241;PROFIT_RATCHET_LOCKED;floor=3.77 peak=8.88;MANAGE_PROFIT;SAFE;1;1;1;-1;-1;4378.09;8.88;8.88;8.88;-6.80;KELLY_LITE;true;0.04;213044.91;0.0417;KELLY_LITE(mult=1.30 taper=1.00 n=20)+TIME_REDUCE(50%)+HARD_RISK_CAP(2.0%)+MAXLOSS_CAP;213044.91;213053.79;33;0
2026.08.14 19:04:05;XAUUSD;5;1786669241;PROFIT_RATCHET_LOCKED;floor=3.77 peak=8.88;MANAGE_PROFIT;SAFE;1;1;1;-1;-1;4378.09;8.68;8.68;8.88;-6.80;KELLY_LITE;true;0.04;213044.91;0.0417;KELLY_LITE(mult=1.30 taper=1.00 n=20)+TIME_REDUCE(50%)+HARD_RISK_CAP(2.0%)+MAXLOSS_CAP;213044.91;213053.59;33;0
2026.08.14 19:04:06;XAUUSD;5;1786669241;PROFIT_RATCHET_LOCKED;floor=3.77 peak=8.88;MANAGE_PROFIT;SAFE;1;1;1;-1;-1;4378.09;8.72;8.72;8.88;-6.80;KELLY_LITE;true;0.04;213044.91;0.0417;KELLY_LITE(mult=1.30 taper=1.00 n=20)+TIME_REDUCE(50%)+HARD_RISK_CAP(2.0%)+MAXLOSS_CAP;213044.91;213053.63;33;0
2026.08.14 19:04:06;XAUUSD;5;1786669241;PROFIT_RATCHET_LOCKED;floor=3.77 peak=8.88;MANAGE_PROFIT;SAFE;1;1;1;-1;-1;4378.09;8.72;8.72;8.88;-6.80;KELLY_LITE;true;0.04;213044.91;0.0417;KELLY_LITE(mult=1.30 taper=1.00 n=20)+TIME_REDUCE(50%)+HARD_RISK_CAP(2.0%)+MAXLOSS_CAP;213044.91;213053.63;32;0
2026.08.14 19:04:06;XAUUSD;5;1786669241;PROFIT_RATCHET_LOCKED;floor=3.77 peak=8.88;MANAGE_PROFIT;SAFE;1;1;1;-1;-1;4378.09;8.68;8.68;8.88;-6.80;KELLY_LITE;true;0.04;213044.91;0.0417;KELLY_LITE(mult=1.30 taper=1.00 n=20)+TIME_REDUCE(50%)+HARD_RISK_CAP(2.0%)+MAXLOSS_CAP;213044.91;213053.59;33;0
2026.08.14 19:04:06;XAUUSD;5;1786669241;PROFIT_RATCHET_LOCKED;floor=3.77 peak=8.88;MANAGE_PROFIT;SAFE;1;1;1;-1;-1;4378.09;8.72;8.72;8.88;-6.80;KELLY_LITE;true;0.04;213044.91;0.0417;KELLY_LITE(mult=1.30 taper=1.00 n=20)+TIME_REDUCE(50%)+HARD_RISK_CAP(2.0%)+MAXLOSS_CAP;213044.91;213053.63;33;0
2026.08.14 19:04:06;XAUUSD;5;1786669241;PROFIT_RATCHET_LOCKED;floor=3.77 peak=8.88;MANAGE_PROFIT;SAFE;1;1;1;-1;-1;4378.09;8.76;8.76;8.88;-6.80;KELLY_LITE;true;0.04;213044.91;0.0417;KELLY_LITE(mult=1.30 taper=1.00 n=20)+TIME_REDUCE(50%)+HARD_RISK_CAP(2.0%)+MAXLOSS_CAP;213044.91;213053.67;33;0
2026.08.14 19:04:07;XAUUSD;5;1786669241;PROFIT_RATCHET_LOCKED;floor=3.77 peak=8.88;MANAGE_PROFIT;SAFE;1;1;1;-1;-1;4378.09;8.68;8.68;8.88;-6.80;KELLY_LITE;true;0.04;213044.91;0.0417;KELLY_LITE(mult=1.30 taper=1.00 n=20)+TIME_REDUCE(50%)+HARD_RISK_CAP(2.0%)+MAXLOSS_CAP;213044.91;213053.59;33;0
2026.08.14 19:04:07;XAUUSD;5;1786669241;PROFIT_RATCHET_LOCKED;floor=3.77 peak=8.88;MANAGE_PROFIT;SAFE;1;1;1;-1;-1;4378.09;8.80;8.80;8.88;-6.80;KELLY_LITE;true;0.04;213044.91;0.0417;KELLY_LITE(mult=1.30 taper=1.00 n=20)+TIME_REDUCE(50%)+HARD_RISK_CAP(2.0%)+MAXLOSS_CAP;213044.91;213053.71;33;0
2026.08.14 19:04:07;XAUUSD;5;1786669241;PROFIT_RATCHET_LOCKED;floor=3.77 peak=8.88;MANAGE_PROFIT;SAFE;1;1;1;-1;-1;4378.09;8.76;8.76;8.88;-6.80;KELLY_LITE;true;0.04;213044.91;0.0417;KELLY_LITE(mult=1.30 taper=1.00 n=20)+TIME_REDUCE(50%)+HARD_RISK_CAP(2.0%)+MAXLOSS_CAP;213044.91;213053.67;33;0
2026.08.14 19:04:07;XAUUSD;5;1786669241;PROFIT_RATCHET_LOCKED;floor=3.77 peak=8.88;MANAGE_PROFIT;SAFE;1;1;1;-1;-1;4378.09;8.64;8.64;8.88;-6.80;KELLY_LITE;true;0.04;213044.91;0.0417;KELLY_LITE(mult=1.30 taper=1.00 n=20)+TIME_REDUCE(50%)+HARD_RISK_CAP(2.0%)+MAXLOSS_CAP;213044.91;213053.55;33;0
2026.08.14 19:04:08;XAUUSD;5;1786669241;PROFIT_RATCHET_LOCKED;floor=3.77 peak=8.88;MANAGE_PROFIT;SAFE;1;1;1;-1;-1;4378.09;8.68;8.68;8.88;-6.80;KELLY_LITE;true;0.04;213044.91;0.0417;KELLY_LITE(mult=1.30 taper=1.00 n=20)+TIME_REDUCE(50%)+HARD_RISK_CAP(2.0%)+MAXLOSS_CAP;213044.91;213053.59;33;0
2026.08.14 19:04:08;XAUUSD;5;1786669241;SL_MODIFIED;ticket=119561757 oldSL=4379.77 newSL=4379.88 reason=break_even_lock_leg_0;MANAGE_PROFIT;SAFE;1;1;1;-1;-1;4378.09;9.60;9.60;9.24;-6.80;KELLY_LITE;true;0.04;213044.91;0.0417;KELLY_LITE(mult=1.30 taper=1.00 n=20)+TIME_REDUCE(50%)+HARD_RISK_CAP(2.0%)+MAXLOSS_CAP;213044.91;213054.51;33;0
2026.08.14 19:04:08;XAUUSD;5;1786669241;PROFIT_RATCHET_LOCKED;floor=3.93 peak=9.24;MANAGE_PROFIT;SAFE;1;1;1;-1;-1;4378.09;9.60;9.60;9.24;-6.80;KELLY_LITE;true;0.04;213044.91;0.0417;KELLY_LITE(mult=1.30 taper=1.00 n=20)+TIME_REDUCE(50%)+HARD_RISK_CAP(2.0%)+MAXLOSS_CAP;213044.91;213054.51;33;0
2026.08.14 19:04:09;XAUUSD;5;1786669241;SL_MODIFIED;ticket=119561757 oldSL=4379.88 newSL=4379.97 reason=break_even_lock_leg_0;MANAGE_PROFIT;SAFE;1;1;1;-1;-1;4378.09;9.64;9.64;9.60;-6.80;KELLY_LITE;true;0.04;213044.91;0.0417;KELLY_LITE(mult=1.30 taper=1.00 n=20)+TIME_REDUCE(50%)+HARD_RISK_CAP(2.0%)+MAXLOSS_CAP;213044.91;213054.55;33;0
2026.08.14 19:04:09;XAUUSD;5;1786669241;PROFIT_RATCHET_LOCKED;floor=4.08 peak=9.60;MANAGE_PROFIT;SAFE;1;1;1;-1;-1;4378.09;9.64;9.64;9.60;-6.80;KELLY_LITE;true;0.04;213044.91;0.0417;KELLY_LITE(mult=1.30 taper=1.00 n=20)+TIME_REDUCE(50%)+HARD_RISK_CAP(2.0%)+MAXLOSS_CAP;213044.91;213054.55;33;0
2026.08.14 19:04:09;XAUUSD;5;1786669241;PROFIT_RATCHET_LOCKED;floor=4.10 peak=9.64;MANAGE_PROFIT;SAFE;1;1;1;-1;-1;4378.09;9.64;9.64;9.64;-6.80;KELLY_LITE;true;0.04;213044.91;0.0417;KELLY_LITE(mult=1.30 taper=1.00 n=20)+TIME_REDUCE(50%)+HARD_RISK_CAP(2.0%)+MAXLOSS_CAP;213044.91;213054.55;33;0
2026.08.14 19:04:09;XAUUSD;5;1786669241;PROFIT_RATCHET_LOCKED;floor=4.10 peak=9.64;MANAGE_PROFIT;SAFE;1;1;1;-1;-1;4378.09;9.60;9.60;9.64;-6.80;KELLY_LITE;true;0.04;213044.91;0.0417;KELLY_LITE(mult=1.30 taper=1.00 n=20)+TIME_REDUCE(50%)+HARD_RISK_CAP(2.0%)+MAXLOSS_CAP;213044.91;213054.51;33;0
2026.08.14 19:04:09;XAUUSD;5;1786669241;PROFIT_RATCHET_LOCKED;floor=4.10 peak=9.64;MANAGE_PROFIT;SAFE;1;1;1;-1;-1;4378.09;9.52;9.52;9.64;-6.80;KELLY_LITE;true;0.04;213044.91;0.0417;KELLY_LITE(mult=1.30 taper=1.00 n=20)+TIME_REDUCE(50%)+HARD_RISK_CAP(2.0%)+MAXLOSS_CAP;213044.91;213054.43;33;0
2026.08.14 19:04:10;XAUUSD;5;1786669241;PROFIT_RATCHET_LOCKED;floor=4.10 peak=9.64;MANAGE_PROFIT;SAFE;1;1;1;-1;-1;4378.09;9.48;9.48;9.64;-6.80;KELLY_LITE;true;0.04;213044.91;0.0417;KELLY_LITE(mult=1.30 taper=1.00 n=20)+TIME_REDUCE(50%)+HARD_RISK_CAP(2.0%)+MAXLOSS_CAP;213044.91;213054.39;33;0
2026.08.14 19:04:10;XAUUSD;5;1786669241;PROFIT_RATCHET_LOCKED;floor=4.10 peak=9.64;MANAGE_PROFIT;SAFE;1;1;1;-1;-1;4378.09;9.52;9.52;9.64;-6.80;KELLY_LITE;true;0.04;213044.91;0.0417;KELLY_LITE(mult=1.30 taper=1.00 n=20)+TIME_REDUCE(50%)+HARD_RISK_CAP(2.0%)+MAXLOSS_CAP;213044.91;213054.43;33;0
2026.08.14 19:04:10;XAUUSD;5;1786669241;PROFIT_RATCHET_LOCKED;floor=4.10 peak=9.64;MANAGE_PROFIT;SAFE;1;1;1;-1;-1;4378.09;9.48;9.48;9.64;-6.80;KELLY_LITE;true;0.04;213044.91;0.0417;KELLY_LITE(mult=1.30 taper=1.00 n=20)+TIME_REDUCE(50%)+HARD_RISK_CAP(2.0%)+MAXLOSS_CAP;213044.91;213054.39;33;0
2026.08.14 19:04:11;XAUUSD;5;1786669241;PROFIT_RATCHET_LOCKED;floor=4.10 peak=9.64;MANAGE_PROFIT;SAFE;1;1;1;-1;-1;4378.09;9.52;9.52;9.64;-6.80;KELLY_LITE;true;0.04;213044.91;0.0417;KELLY_LITE(mult=1.30 taper=1.00 n=20)+TIME_REDUCE(50%)+HARD_RISK_CAP(2.0%)+MAXLOSS_CAP;213044.91;213054.43;33;0
2026.08.14 19:04:11;XAUUSD;5;1786669241;PROFIT_RATCHET_LOCKED;floor=4.10 peak=9.64;MANAGE_PROFIT;SAFE;1;1;1;-1;-1;4378.09;9.24;9.24;9.64;-6.80;KELLY_LITE;true;0.04;213044.91;0.0417;KELLY_LITE(mult=1.30 taper=1.00 n=20)+TIME_REDUCE(50%)+HARD_RISK_CAP(2.0%)+MAXLOSS_CAP;213044.91;213054.15;33;0
2026.08.14 19:04:11;XAUUSD;5;1786669241;PROFIT_RATCHET_LOCKED;floor=4.10 peak=9.64;MANAGE_PROFIT;SAFE;1;1;1;-1;-1;4378.09;9.28;9.28;9.64;-6.80;KELLY_LITE;true;0.04;213044.91;0.0417;KELLY_LITE(mult=1.30 taper=1.00 n=20)+TIME_REDUCE(50%)+HARD_RISK_CAP(2.0%)+MAXLOSS_CAP;213044.91;213054.19;33;0
2026.08.14 19:04:11;XAUUSD;5;1786669241;PROFIT_RATCHET_LOCKED;floor=4.10 peak=9.64;MANAGE_PROFIT;SAFE;1;1;1;-1;-1;4378.09;9.20;9.20;9.64;-6.80;KELLY_LITE;true;0.04;213044.91;0.0417;KELLY_LITE(mult=1.30 taper=1.00 n=20)+TIME_REDUCE(50%)+HARD_RISK_CAP(2.0%)+MAXLOSS_CAP;213044.91;213054.11;33;0
2026.08.14 19:04:12;XAUUSD;5;1786669241;PROFIT_RATCHET_LOCKED;floor=4.10 peak=9.64;MANAGE_PROFIT;SAFE;1;1;1;-1;-1;4378.09;9.16;9.16;9.64;-6.80;KELLY_LITE;true;0.04;213044.91;0.0417;KELLY_LITE(mult=1.30 taper=1.00 n=20)+TIME_REDUCE(50%)+HARD_RISK_CAP(2.0%)+MAXLOSS_CAP;213044.91;213054.07;33;0
2026.08.14 19:04:12;XAUUSD;5;1786669241;PROFIT_RATCHET_LOCKED;floor=4.10 peak=9.64;MANAGE_PROFIT;SAFE;1;1;1;-1;-1;4378.09;8.92;8.92;9.64;-6.80;KELLY_LITE;true;0.04;213044.91;0.0417;KELLY_LITE(mult=1.30 taper=1.00 n=20)+TIME_REDUCE(50%)+HARD_RISK_CAP(2.0%)+MAXLOSS_CAP;213044.91;213053.83;33;0
2026.08.14 19:04:12;XAUUSD;5;1786669241;PROFIT_RATCHET_LOCKED;floor=4.10 peak=9.64;MANAGE_PROFIT;SAFE;1;1;1;-1;-1;4378.09;8.80;8.80;9.64;-6.80;KELLY_LITE;true;0.04;213044.91;0.0417;KELLY_LITE(mult=1.30 taper=1.00 n=20)+TIME_REDUCE(50%)+HARD_RISK_CAP(2.0%)+MAXLOSS_CAP;213044.91;213053.71;33;0
2026.08.14 19:04:12;XAUUSD;5;1786669241;PROFIT_RATCHET_LOCKED;floor=4.10 peak=9.64;MANAGE_PROFIT;SAFE;1;1;1;-1;-1;4378.09;8.84;8.84;9.64;-6.80;KELLY_LITE;true;0.04;213044.91;0.0417;KELLY_LITE(mult=1.30 taper=1.00 n=20)+TIME_REDUCE(50%)+HARD_RISK_CAP(2.0%)+MAXLOSS_CAP;213044.91;213053.75;33;0
2026.08.14 19:04:13;XAUUSD;5;1786669241;PROFIT_RATCHET_LOCKED;floor=4.10 peak=9.64;MANAGE_PROFIT;SAFE;1;1;1;-1;-1;4378.09;8.88;8.88;9.64;-6.80;KELLY_LITE;true;0.04;213044.91;0.0417;KELLY_LITE(mult=1.30 taper=1.00 n=20)+TIME_REDUCE(50%)+HARD_RISK_CAP(2.0%)+MAXLOSS_CAP;213044.91;213053.79;33;0
2026.08.14 19:04:13;XAUUSD;5;1786669241;PROFIT_RATCHET_LOCKED;floor=4.10 peak=9.64;MANAGE_PROFIT;SAFE;1;1;1;-1;-1;4378.09;8.80;8.80;9.64;-6.80;KELLY_LITE;true;0.04;213044.91;0.0417;KELLY_LITE(mult=1.30 taper=1.00 n=20)+TIME_REDUCE(50%)+HARD_RISK_CAP(2.0%)+MAXLOSS_CAP;213044.91;213053.71;33;0
2026.08.14 19:04:13;XAUUSD;5;1786669241;PROFIT_RATCHET_LOCKED;floor=4.10 peak=9.64;MANAGE_PROFIT;SAFE;1;1;1;-1;-1;4378.09;8.72;8.72;9.64;-6.80;KELLY_LITE;true;0.04;213044.91;0.0417;KELLY_LITE(mult=1.30 taper=1.00 n=20)+TIME_REDUCE(50%)+HARD_RISK_CAP(2.0%)+MAXLOSS_CAP;213044.91;213053.63;33;0
2026.08.14 19:04:13;XAUUSD;5;1786669241;PROFIT_RATCHET_LOCKED;floor=4.10 peak=9.64;MANAGE_PROFIT;SAFE;1;1;1;-1;-1;4378.09;8.40;8.40;9.64;-6.80;KELLY_LITE;true;0.04;213044.91;0.0417;KELLY_LITE(mult=1.30 taper=1.00 n=20)+TIME_REDUCE(50%)+HARD_RISK_CAP(2.0%)+MAXLOSS_CAP;213044.91;213053.31;33;0
2026.08.14 19:04:14;XAUUSD;5;1786669241;PROFIT_RATCHET_LOCKED;floor=4.10 peak=9.64;MANAGE_PROFIT;SAFE;1;1;1;-1;-1;4378.09;8.56;8.56;9.64;-6.80;KELLY_LITE;true;0.04;213044.91;0.0417;KELLY_LITE(mult=1.30 taper=1.00 n=20)+TIME_REDUCE(50%)+HARD_RISK_CAP(2.0%)+MAXLOSS_CAP;213044.91;213053.47;33;0
2026.08.14 19:04:14;XAUUSD;5;1786669241;PROFIT_RATCHET_LOCKED;floor=4.10 peak=9.64;MANAGE_PROFIT;SAFE;1;1;1;-1;-1;4378.09;8.60;8.60;9.64;-6.80;KELLY_LITE;true;0.04;213044.91;0.0417;KELLY_LITE(mult=1.30 taper=1.00 n=20)+TIME_REDUCE(50%)+HARD_RISK_CAP(2.0%)+MAXLOSS_CAP;213044.91;213053.51;33;0
2026.08.14 19:04:14;XAUUSD;5;1786669241;PROFIT_RATCHET_LOCKED;floor=4.10 peak=9.64;MANAGE_PROFIT;SAFE;1;1;1;-1;-1;4378.09;8.28;8.28;9.64;-6.80;KELLY_LITE;true;0.04;213044.91;0.0417;KELLY_LITE(mult=1.30 taper=1.00 n=20)+TIME_REDUCE(50%)+HARD_RISK_CAP(2.0%)+MAXLOSS_CAP;213044.91;213053.19;33;0
2026.08.14 19:04:15;XAUUSD;5;1786669241;PROFIT_RATCHET_LOCKED;floor=4.10 peak=9.64;MANAGE_PROFIT;SAFE;1;1;1;-1;-1;4378.09;8.36;8.36;9.64;-6.80;KELLY_LITE;true;0.04;213044.91;0.0417;KELLY_LITE(mult=1.30 taper=1.00 n=20)+TIME_REDUCE(50%)+HARD_RISK_CAP(2.0%)+MAXLOSS_CAP;213044.91;213053.27;33;0
2026.08.14 19:04:15;XAUUSD;5;1786669241;PROFIT_RATCHET_LOCKED;floor=4.10 peak=9.64;MANAGE_PROFIT;SAFE;1;1;1;-1;-1;4378.09;8.24;8.24;9.64;-6.80;KELLY_LITE;true;0.04;213044.91;0.0417;KELLY_LITE(mult=1.30 taper=1.00 n=20)+TIME_REDUCE(50%)+HARD_RISK_CAP(2.0%)+MAXLOSS_CAP;213044.91;213053.15;33;0
2026.08.14 19:04:15;XAUUSD;5;1786669241;PROFIT_RATCHET_LOCKED;floor=4.10 peak=9.64;MANAGE_PROFIT;SAFE;1;1;1;-1;-1;4378.09;8.28;8.28;9.64;-6.80;KELLY_LITE;true;0.04;213044.91;0.0417;KELLY_LITE(mult=1.30 taper=1.00 n=20)+TIME_REDUCE(50%)+HARD_RISK_CAP(2.0%)+MAXLOSS_CAP;213044.91;213053.19;33;0
2026.08.14 19:04:15;XAUUSD;5;1786669241;PROFIT_RATCHET_LOCKED;floor=4.10 peak=9.64;MANAGE_PROFIT;SAFE;1;1;1;-1;-1;4378.09;8.24;8.24;9.64;-6.80;KELLY_LITE;true;0.04;213044.91;0.0417;KELLY_LITE(mult=1.30 taper=1.00 n=20)+TIME_REDUCE(50%)+HARD_RISK_CAP(2.0%)+MAXLOSS_CAP;213044.91;213053.15;33;0
2026.08.14 19:04:16;XAUUSD;5;1786669241;PROFIT_RATCHET_LOCKED;floor=4.10 peak=9.64;MANAGE_PROFIT;SAFE;1;1;1;-1;-1;4378.09;8.40;8.40;9.64;-6.80;KELLY_LITE;true;0.04;213044.91;0.0417;KELLY_LITE(mult=1.30 taper=1.00 n=20)+TIME_REDUCE(50%)+HARD_RISK_CAP(2.0%)+MAXLOSS_CAP;213044.91;213053.31;33;0
2026.08.14 19:04:16;XAUUSD;5;1786669241;RECONCILED_BROKER_CLOSE;ticket=119561757 type=main pnl=7.52;MANAGE_PROFIT;SAFE;0;1;1;-1;-1;4378.09;0.00;0.00;9.64;-6.80;KELLY_LITE;true;0.04;213044.91;0.0417;KELLY_LITE(mult=1.30 taper=1.00 n=20)+TIME_REDUCE(50%)+HARD_RISK_CAP(2.0%)+MAXLOSS_CAP;213052.43;213052.43;33;0
2026.08.14 19:04:16;XAUUSD;5;1786669241;PENDING_DELETED;ticket=119561840 reason=main_gone_hedge_pending;WAIT_TRIGGER;SAFE;0;0;1;-1;-1;4378.09;0.00;0.00;9.64;-6.80;KELLY_LITE;true;0.04;213044.91;0.0417;KELLY_LITE(mult=1.30 taper=1.00 n=20)+TIME_REDUCE(50%)+HARD_RISK_CAP(2.0%)+MAXLOSS_CAP;213052.43;213052.43;33;0
2026.08.14 19:04:16;XAUUSD;5;1786669241;HEDGE_PENDING_CLEANUP;main_position_gone;WAIT_TRIGGER;SAFE;0;0;1;-1;-1;4378.09;0.00;0.00;9.64;-6.80;KELLY_LITE;true;0.04;213044.91;0.0417;KELLY_LITE(mult=1.30 taper=1.00 n=20)+TIME_REDUCE(50%)+HARD_RISK_CAP(2.0%)+MAXLOSS_CAP;213052.43;213052.43;33;0
2026.08.14 19:04:16;XAUUSD;5;1786669241;CYCLE_RESET;oldState=WAIT_TRIGGER realizedPnL=7.52 peak=9.64 worst=-6.80 pyramid=1 consLosses=0;WAIT_TRIGGER;SAFE;0;0;1;-1;-1;4378.09;0.00;0.00;9.64;-6.80;KELLY_LITE;true;0.04;213044.91;0.0417;KELLY_LITE(mult=1.30 taper=1.00 n=20)+TIME_REDUCE(50%)+HARD_RISK_CAP(2.0%)+MAXLOSS_CAP;213052.43;213052.43;33;0
2026.08.14 19:09:16;XAUUSD;5;1786669241;FILTER_BLOCK_TREND;TREND_NEUTRAL_EMA;BLOCKED;SAFE;0;0;0;-1;-1;0.00;0.00;0.00;0.00;0.00;KELLY_LITE;true;0.04;213044.91;0.0417;KELLY_LITE(mult=1.30 taper=1.00 n=20)+TIME_REDUCE(50%)+HARD_RISK_CAP(2.0%)+MAXLOSS_CAP;213052.43;213052.43;33;0
2026.08.14 19:14:16;XAUUSD;5;1786669241;FILTER_BLOCK_TREND;TREND_NEUTRAL_EMA;BLOCKED;SAFE;0;0;0;-1;-1;0.00;0.00;0.00;0.00;0.00;KELLY_LITE;true;0.04;213044.91;0.0417;KELLY_LITE(mult=1.30 taper=1.00 n=20)+TIME_REDUCE(50%)+HARD_RISK_CAP(2.0%)+MAXLOSS_CAP;213052.43;213052.43;33;0
2026.08.14 19:19:16;XAUUSD;5;1786669242;PLACE_PENDING_START;cycle=1786669242 trend=-1 consecLosses=0 preset=AGGRESSIVE;PLACE_PENDING;SAFE;0;0;0;-1;-1;0.00;0.00;0.00;0.00;0.00;KELLY_LITE;true;0.04;213044.91;0.0417;KELLY_LITE(mult=1.30 taper=1.00 n=20)+TIME_REDUCE(50%)+HARD_RISK_CAP(2.0%)+MAXLOSS_CAP;213052.43;213052.43;33;0
2026.08.14 19:19:16;XAUUSD;5;1786669242;DIR_OCO_PLACED;dir=BEAR ticket=119562570 price=4377.36 sl=4392.36 tp=4354.86 lot=0.03 dist=1.50;PLACE_PENDING;SAFE;0;1;0;-1;119562570;0.00;0.00;0.00;0.00;0.00;KELLY_LITE;true;0.04;213052.43;0.0417;KELLY_LITE(mult=1.30 taper=1.00 n=20)+TIME_REDUCE(50%)+HARD_RISK_CAP(2.0%)+MAXLOSS_CAP;213052.43;213052.43;33;0
2026.08.14 19:19:17;XAUUSD;5;1786669242;DIR_OCO_COUNTER_PLACED;dir=BULL(counter) ticket=119562572 price=4380.51 lot=0.03;PLACE_PENDING;SAFE;0;2;0;119562572;119562570;0.00;0.00;0.00;0.00;0.00;KELLY_LITE;true;0.04;213052.43;0.0417;KELLY_LITE(mult=1.30 taper=1.00 n=20)+TIME_REDUCE(50%)+HARD_RISK_CAP(2.0%)+MAXLOSS_CAP;213052.43;213052.43;33;0
2026.08.14 19:20:01;XAUUSD;5;1786669242;BUY_STOP_TRAILED;Old=4380.51 New=4380.10;WAIT_TRIGGER;SAFE;0;2;0;119562572;119562570;0.00;0.00;0.00;0.00;0.00;KELLY_LITE;true;0.04;213052.43;0.0417;KELLY_LITE(mult=1.30 taper=1.00 n=20)+TIME_REDUCE(50%)+HARD_RISK_CAP(2.0%)+MAXLOSS_CAP;213052.43;213052.43;33;0
2026.08.14 19:20:32;XAUUSD;5;1786669242;SELL_STOP_TRAILED;Old=4377.36 New=4377.67;WAIT_TRIGGER;SAFE;0;2;0;119562572;119562570;0.00;0.00;0.00;0.00;0.00;KELLY_LITE;true;0.04;213052.43;0.0417;KELLY_LITE(mult=1.30 taper=1.00 n=20)+TIME_REDUCE(50%)+HARD_RISK_CAP(2.0%)+MAXLOSS_CAP;213052.43;213052.43;33;0
2026.08.14 19:21:22;XAUUSD;5;1786669242;SELL_STOP_TRAILED;Old=4377.67 New=4377.98;WAIT_TRIGGER;SAFE;0;2;0;119562572;119562570;0.00;0.00;0.00;0.00;0.00;KELLY_LITE;true;0.04;213052.43;0.0417;KELLY_LITE(mult=1.30 taper=1.00 n=20)+TIME_REDUCE(50%)+HARD_RISK_CAP(2.0%)+MAXLOSS_CAP;213052.43;213052.43;33;0
2026.08.14 19:21:22;XAUUSD;5;1786669242;OCO_TRIGGERED_BUY;ticket=119562572 entry=4380.10;POSITION_ACTIVE;SAFE;1;1;0;-1;119562570;0.00;-0.72;-0.72;0.00;0.00;KELLY_LITE;true;0.04;213052.43;0.0417;KELLY_LITE(mult=1.30 taper=1.00 n=20)+TIME_REDUCE(50%)+HARD_RISK_CAP(2.0%)+MAXLOSS_CAP;213052.43;213051.71;33;0
2026.08.14 19:21:23;XAUUSD;5;1786669242;PENDING_DELETED;ticket=119562570 reason=oco_buy_triggered;POSITION_ACTIVE;SAFE;1;0;0;-1;119562570;0.00;-0.66;-0.66;0.00;0.00;KELLY_LITE;true;0.04;213052.43;0.0417;KELLY_LITE(mult=1.30 taper=1.00 n=20)+TIME_REDUCE(50%)+HARD_RISK_CAP(2.0%)+MAXLOSS_CAP;213052.43;213051.77;33;0
2026.08.14 19:21:23;XAUUSD;5;1786669242;HEDGE_PENDING_PLACED;dir=SELL_STOP ticket=119562633 price=4376.88 sl=4379.88 lot=0.05 mainEntry=4380.10 dist=3.00 confirmBars=1;POSITION_ACTIVE;SAFE;1;1;1;-1;-1;4380.10;-0.69;-0.69;0.00;-0.66;KELLY_LITE;true;0.04;213052.43;0.0417;KELLY_LITE(mult=1.30 taper=1.00 n=20)+TIME_REDUCE(50%)+HARD_RISK_CAP(2.0%)+MAXLOSS_CAP;213052.43;213051.74;33;0
2026.08.14 19:36:24;XAUUSD;5;1786669242;PENDING_DELETED;ticket=119562633 reason=hedge_pending_expired;POSITION_ACTIVE;SAFE;1;0;1;-1;-1;4380.10;-4.26;-4.26;0.72;-8.43;KELLY_LITE;true;0.04;213052.43;0.0417;KELLY_LITE(mult=1.30 taper=1.00 n=20)+TIME_REDUCE(50%)+HARD_RISK_CAP(2.0%)+MAXLOSS_CAP;213052.43;213048.17;30;0
2026.08.14 19:36:24;XAUUSD;5;1786669242;HEDGE_PENDING_EXPIRED;after=900s rearm=1/1;POSITION_ACTIVE;SAFE;1;0;1;-1;-1;4380.10;-4.26;-4.26;0.72;-8.43;KELLY_LITE;true;0.04;213052.43;0.0417;KELLY_LITE(mult=1.30 taper=1.00 n=20)+TIME_REDUCE(50%)+HARD_RISK_CAP(2.0%)+MAXLOSS_CAP;213052.43;213048.17;30;0
2026.08.14 19:36:24;XAUUSD;5;1786669242;HEDGE_PENDING_PLACED;dir=SELL_STOP ticket=119563061 price=4375.68 sl=4378.68 lot=0.05 mainEntry=4380.10 dist=3.00 confirmBars=1;MANAGE_PROFIT;SAFE;1;1;1;-1;-1;4380.10;-4.26;-4.26;0.72;-8.43;KELLY_LITE;true;0.04;213052.43;0.0417;KELLY_LITE(mult=1.30 taper=1.00 n=20)+TIME_REDUCE(50%)+HARD_RISK_CAP(2.0%)+MAXLOSS_CAP;213052.43;213048.17;30;0
2026.08.14 19:41:22;XAUUSD;5;1786669242;EXIT_TIME_PROFIT_LOCK;held=20 profit=4.68 peak=7.59 giveback=2.91;MANAGE_PROFIT;SAFE;1;1;1;-1;-1;4380.10;4.68;4.68;7.59;-8.43;KELLY_LITE;true;0.04;213052.43;0.0417;KELLY_LITE(mult=1.30 taper=1.00 n=20)+TIME_REDUCE(50%)+HARD_RISK_CAP(2.0%)+MAXLOSS_CAP;213052.43;213057.11;33;0
2026.08.14 19:41:22;XAUUSD;5;1786669242;POSITION_CLOSED;ticket=119562572 reason=time_exit_profit_lock lots=0.03 price=4381.66 pnl=4.68;MANAGE_PROFIT;SAFE;0;1;1;-1;-1;4380.10;0.00;0.00;7.59;-8.43;KELLY_LITE;true;0.04;213052.43;0.0417;KELLY_LITE(mult=1.30 taper=1.00 n=20)+TIME_REDUCE(50%)+HARD_RISK_CAP(2.0%)+MAXLOSS_CAP;213057.11;213057.11;33;0
2026.08.14 19:41:22;XAUUSD;5;1786669242;PENDING_DELETED;ticket=119563061 reason=close_all_hedge;MANAGE_PROFIT;SAFE;0;0;0;-1;-1;4380.10;0.00;0.00;7.59;-8.43;KELLY_LITE;true;0.04;213052.43;0.0417;KELLY_LITE(mult=1.30 taper=1.00 n=20)+TIME_REDUCE(50%)+HARD_RISK_CAP(2.0%)+MAXLOSS_CAP;213057.11;213057.11;33;0
2026.08.14 19:41:23;XAUUSD;5;1786669242;CYCLE_RESET;oldState=RESET realizedPnL=4.68 peak=7.59 worst=-8.43 pyramid=0 consLosses=0;RESET;SAFE;0;0;0;-1;-1;4380.10;0.00;0.00;7.59;-8.43;KELLY_LITE;true;0.04;213052.43;0.0417;KELLY_LITE(mult=1.30 taper=1.00 n=20)+TIME_REDUCE(50%)+HARD_RISK_CAP(2.0%)+MAXLOSS_CAP;213057.11;213057.11;33;0
2026.08.14 19:46:23;XAUUSD;5;1786669242;FILTER_BLOCK_ADX_WEAK_MAIN;ADX_WEAK_MAIN (adx=17.4 min=27.0);BLOCKED;SAFE;0;0;0;-1;-1;0.00;0.00;0.00;0.00;0.00;KELLY_LITE;true;0.04;213052.43;0.0417;KELLY_LITE(mult=1.30 taper=1.00 n=20)+TIME_REDUCE(50%)+HARD_RISK_CAP(2.0%)+MAXLOSS_CAP;213057.11;213057.11;33;0
2026.08.14 19:51:23;XAUUSD;5;1786669242;FILTER_BLOCK_ADX_WEAK_MAIN;ADX_WEAK_MAIN (adx=18.6 min=27.0);BLOCKED;SAFE;0;0;0;-1;-1;0.00;0.00;0.00;0.00;0.00;KELLY_LITE;true;0.04;213052.43;0.0417;KELLY_LITE(mult=1.30 taper=1.00 n=20)+TIME_REDUCE(50%)+HARD_RISK_CAP(2.0%)+MAXLOSS_CAP;213057.11;213057.11;33;0
2026.08.14 19:56:23;XAUUSD;5;1786669242;FILTER_BLOCK_ADX_WEAK_MAIN;ADX_WEAK_MAIN (adx=19.6 min=27.0);BLOCKED;SAFE;0;0;0;-1;-1;0.00;0.00;0.00;0.00;0.00;KELLY_LITE;true;0.04;213052.43;0.0417;KELLY_LITE(mult=1.30 taper=1.00 n=20)+TIME_REDUCE(50%)+HARD_RISK_CAP(2.0%)+MAXLOSS_CAP;213057.11;213057.11;33;0
2026.08.14 20:01:24;XAUUSD;5;1786669242;FILTER_BLOCK_ADX_WEAK_MAIN;ADX_WEAK_MAIN (adx=20.5 min=27.0);BLOCKED;SAFE;0;0;0;-1;-1;0.00;0.00;0.00;0.00;0.00;KELLY_LITE;true;0.04;213052.43;0.0417;KELLY_LITE(mult=1.30 taper=1.00 n=20)+TIME_REDUCE(50%)+HARD_RISK_CAP(2.0%)+MAXLOSS_CAP;213057.11;213057.11;33;0
2026.08.14 20:06:24;XAUUSD;5;1786669242;FILTER_BLOCK_ADX_WEAK_MAIN;ADX_WEAK_MAIN (adx=22.7 min=27.0);BLOCKED;SAFE;0;0;0;-1;-1;0.00;0.00;0.00;0.00;0.00;KELLY_LITE;true;0.04;213052.43;0.0417;KELLY_LITE(mult=1.30 taper=1.00 n=20)+TIME_REDUCE(50%)+HARD_RISK_CAP(2.0%)+MAXLOSS_CAP;213057.11;213057.11;33;0
2026.08.14 20:11:24;XAUUSD;5;1786669242;FILTER_BLOCK_ADX_WEAK_MAIN;ADX_WEAK_MAIN (adx=20.2 min=27.0);BLOCKED;SAFE;0;0;0;-1;-1;0.00;0.00;0.00;0.00;0.00;KELLY_LITE;true;0.04;213052.43;0.0417;KELLY_LITE(mult=1.30 taper=1.00 n=20)+TIME_REDUCE(50%)+HARD_RISK_CAP(2.0%)+MAXLOSS_CAP;213057.11;213057.11;30;0
2026.08.14 20:16:24;XAUUSD;5;1786669242;FILTER_BLOCK_ADX_WEAK_MAIN;ADX_WEAK_MAIN (adx=18.4 min=27.0);BLOCKED;SAFE;0;0;0;-1;-1;0.00;0.00;0.00;0.00;0.00;KELLY_LITE;true;0.04;213052.43;0.0417;KELLY_LITE(mult=1.30 taper=1.00 n=20)+TIME_REDUCE(50%)+HARD_RISK_CAP(2.0%)+MAXLOSS_CAP;213057.11;213057.11;31;0
2026.08.14 20:21:24;XAUUSD;5;1786669242;FILTER_BLOCK_ADX_WEAK_MAIN;ADX_WEAK_MAIN (adx=18.1 min=27.0);BLOCKED;SAFE;0;0;0;-1;-1;0.00;0.00;0.00;0.00;0.00;KELLY_LITE;true;0.04;213052.43;0.0417;KELLY_LITE(mult=1.30 taper=1.00 n=20)+TIME_REDUCE(50%)+HARD_RISK_CAP(2.0%)+MAXLOSS_CAP;213057.11;213057.11;33;0
2026.08.14 20:26:24;XAUUSD;5;1786669242;FILTER_BLOCK_TREND_DISAGREE;TREND_DISAGREE (main=-1 fast=1 rsi=45.6, no extreme);BLOCKED;SAFE;0;0;0;-1;-1;0.00;0.00;0.00;0.00;0.00;KELLY_LITE;true;0.04;213052.43;0.0417;KELLY_LITE(mult=1.30 taper=1.00 n=20)+TIME_REDUCE(50%)+HARD_RISK_CAP(2.0%)+MAXLOSS_CAP;213057.11;213057.11;33;0
2026.08.14 20:31:24;XAUUSD;5;1786669242;FILTER_BLOCK_TREND_DISAGREE;TREND_DISAGREE (main=-1 fast=1 rsi=47.8, no extreme);BLOCKED;SAFE;0;0;0;-1;-1;0.00;0.00;0.00;0.00;0.00;KELLY_LITE;true;0.04;213052.43;0.0417;KELLY_LITE(mult=1.30 taper=1.00 n=20)+TIME_REDUCE(50%)+HARD_RISK_CAP(2.0%)+MAXLOSS_CAP;213057.11;213057.11;33;0
2026.08.14 20:36:24;XAUUSD;5;1786669242;FILTER_BLOCK_TREND_DISAGREE;TREND_DISAGREE (main=-1 fast=1 rsi=47.9, no extreme);BLOCKED;SAFE;0;0;0;-1;-1;0.00;0.00;0.00;0.00;0.00;KELLY_LITE;true;0.04;213052.43;0.0417;KELLY_LITE(mult=1.30 taper=1.00 n=20)+TIME_REDUCE(50%)+HARD_RISK_CAP(2.0%)+MAXLOSS_CAP;213057.11;213057.11;33;0
2026.08.14 20:41:24;XAUUSD;5;1786669242;FILTER_BLOCK_TREND_DISAGREE;TREND_DISAGREE (main=-1 fast=1 rsi=46.2, no extreme);BLOCKED;SAFE;0;0;0;-1;-1;0.00;0.00;0.00;0.00;0.00;KELLY_LITE;true;0.04;213052.43;0.0417;KELLY_LITE(mult=1.30 taper=1.00 n=20)+TIME_REDUCE(50%)+HARD_RISK_CAP(2.0%)+MAXLOSS_CAP;213057.11;213057.11;32;0
2026.08.14 20:46:25;XAUUSD;5;1786669242;FILTER_BLOCK_TREND_DISAGREE;TREND_DISAGREE (main=-1 fast=1 rsi=44.1, no extreme);BLOCKED;SAFE;0;0;0;-1;-1;0.00;0.00;0.00;0.00;0.00;KELLY_LITE;true;0.04;213052.43;0.0417;KELLY_LITE(mult=1.30 taper=1.00 n=20)+TIME_REDUCE(50%)+HARD_RISK_CAP(2.0%)+MAXLOSS_CAP;213057.11;213057.11;34;0
2026.08.14 20:51:25;XAUUSD;5;1786669242;FILTER_BLOCK_ADX_WEAK_MAIN;ADX_WEAK_MAIN (adx=15.3 min=27.0);BLOCKED;SAFE;0;0;0;-1;-1;0.00;0.00;0.00;0.00;0.00;KELLY_LITE;true;0.04;213052.43;0.0417;KELLY_LITE(mult=1.30 taper=1.00 n=20)+TIME_REDUCE(50%)+HARD_RISK_CAP(2.0%)+MAXLOSS_CAP;213057.11;213057.11;33;0
2026.08.14 20:56:25;XAUUSD;5;1786669242;FILTER_BLOCK_TREND_DISAGREE;TREND_DISAGREE (main=-1 fast=1 rsi=51.2, no extreme);BLOCKED;SAFE;0;0;0;-1;-1;0.00;0.00;0.00;0.00;0.00;KELLY_LITE;true;0.04;213052.43;0.0417;KELLY_LITE(mult=1.30 taper=1.00 n=20)+TIME_REDUCE(50%)+HARD_RISK_CAP(2.0%)+MAXLOSS_CAP;213057.11;213057.11;33;0
2026.08.14 21:01:25;XAUUSD;5;1786669242;FILTER_BLOCK_ADX_WEAK_MAIN;ADX_WEAK_MAIN (adx=13.5 min=27.0);BLOCKED;SAFE;0;0;0;-1;-1;0.00;0.00;0.00;0.00;0.00;KELLY_LITE;true;0.04;213052.43;0.0417;KELLY_LITE(mult=1.30 taper=1.00 n=20)+TIME_REDUCE(50%)+HARD_RISK_CAP(2.0%)+MAXLOSS_CAP;213057.11;213057.11;30;0
2026.08.14 21:06:25;XAUUSD;5;1786669242;FILTER_BLOCK_ADX_WEAK_MAIN;ADX_WEAK_MAIN (adx=12.4 min=27.0);BLOCKED;SAFE;0;0;0;-1;-1;0.00;0.00;0.00;0.00;0.00;KELLY_LITE;true;0.04;213052.43;0.0417;KELLY_LITE(mult=1.30 taper=1.00 n=20)+TIME_REDUCE(50%)+HARD_RISK_CAP(2.0%)+MAXLOSS_CAP;213057.11;213057.11;33;0
2026.08.14 21:11:26;XAUUSD;5;1786669242;FILTER_BLOCK_ADX_WEAK_MAIN;ADX_WEAK_MAIN (adx=14.2 min=27.0);BLOCKED;SAFE;0;0;0;-1;-1;0.00;0.00;0.00;0.00;0.00;KELLY_LITE;true;0.04;213052.43;0.0417;KELLY_LITE(mult=1.30 taper=1.00 n=20)+TIME_REDUCE(50%)+HARD_RISK_CAP(2.0%)+MAXLOSS_CAP;213057.11;213057.11;30;0
2026.08.14 21:16:28;XAUUSD;5;1786669242;FILTER_BLOCK_ADX_WEAK_MAIN;ADX_WEAK_MAIN (adx=16.7 min=27.0);BLOCKED;SAFE;0;0;0;-1;-1;0.00;0.00;0.00;0.00;0.00;KELLY_LITE;true;0.04;213052.43;0.0417;KELLY_LITE(mult=1.30 taper=1.00 n=20)+TIME_REDUCE(50%)+HARD_RISK_CAP(2.0%)+MAXLOSS_CAP;213057.11;213057.11;34;0
2026.08.14 21:21:29;XAUUSD;5;1786669242;FILTER_BLOCK_ADX_WEAK_MAIN;ADX_WEAK_MAIN (adx=14.6 min=27.0);BLOCKED;SAFE;0;0;0;-1;-1;0.00;0.00;0.00;0.00;0.00;KELLY_LITE;true;0.04;213052.43;0.0417;KELLY_LITE(mult=1.30 taper=1.00 n=20)+TIME_REDUCE(50%)+HARD_RISK_CAP(2.0%)+MAXLOSS_CAP;213057.11;213057.11;32;0
2026.08.14 21:26:29;XAUUSD;5;1786669242;FILTER_BLOCK_ADX_WEAK_MAIN;ADX_WEAK_MAIN (adx=13.5 min=27.0);BLOCKED;SAFE;0;0;0;-1;-1;0.00;0.00;0.00;0.00;0.00;KELLY_LITE;true;0.04;213052.43;0.0417;KELLY_LITE(mult=1.30 taper=1.00 n=20)+TIME_REDUCE(50%)+HARD_RISK_CAP(2.0%)+MAXLOSS_CAP;213057.11;213057.11;32;0
2026.08.14 21:31:29;XAUUSD;5;1786669242;FILTER_BLOCK_ADX_WEAK_MAIN;ADX_WEAK_MAIN (adx=14.7 min=27.0);BLOCKED;SAFE;0;0;0;-1;-1;0.00;0.00;0.00;0.00;0.00;KELLY_LITE;true;0.04;213052.43;0.0417;KELLY_LITE(mult=1.30 taper=1.00 n=20)+TIME_REDUCE(50%)+HARD_RISK_CAP(2.0%)+MAXLOSS_CAP;213057.11;213057.11;33;0
2026.08.14 21:36:29;XAUUSD;5;1786669242;FILTER_BLOCK_ADX_WEAK_MAIN;ADX_WEAK_MAIN (adx=15.8 min=27.0);BLOCKED;SAFE;0;0;0;-1;-1;0.00;0.00;0.00;0.00;0.00;KELLY_LITE;true;0.04;213052.43;0.0417;KELLY_LITE(mult=1.30 taper=1.00 n=20)+TIME_REDUCE(50%)+HARD_RISK_CAP(2.0%)+MAXLOSS_CAP;213057.11;213057.11;33;0
2026.08.14 21:41:29;XAUUSD;5;1786669242;FILTER_BLOCK_TREND_DISAGREE;TREND_DISAGREE (main=-1 fast=1 rsi=49.1, no extreme);BLOCKED;SAFE;0;0;0;-1;-1;0.00;0.00;0.00;0.00;0.00;KELLY_LITE;true;0.04;213052.43;0.0417;KELLY_LITE(mult=1.30 taper=1.00 n=20)+TIME_REDUCE(50%)+HARD_RISK_CAP(2.0%)+MAXLOSS_CAP;213057.11;213057.11;33;0
2026.08.14 21:46:29;XAUUSD;5;1786669242;FILTER_BLOCK_TREND_DISAGREE;TREND_DISAGREE (main=-1 fast=1 rsi=49.0, no extreme);BLOCKED;SAFE;0;0;0;-1;-1;0.00;0.00;0.00;0.00;0.00;KELLY_LITE;true;0.04;213052.43;0.0417;KELLY_LITE(mult=1.30 taper=1.00 n=20)+TIME_REDUCE(50%)+HARD_RISK_CAP(2.0%)+MAXLOSS_CAP;213057.11;213057.11;42;0
2026.08.14 21:51:29;XAUUSD;5;1786669242;FILTER_BLOCK_TREND_DISAGREE;TREND_DISAGREE (main=-1 fast=1 rsi=48.4, no extreme);BLOCKED;SAFE;0;0;0;-1;-1;0.00;0.00;0.00;0.00;0.00;KELLY_LITE;true;0.04;213052.43;0.0417;KELLY_LITE(mult=1.30 taper=1.00 n=20)+TIME_REDUCE(50%)+HARD_RISK_CAP(2.0%)+MAXLOSS_CAP;213057.11;213057.11;48;0
